level,pair,start,goal,true_dist,coarse_len,coarse_expanded,coarse_ms,lift_ms,lifted_cells,fail_level,fail_reason,endpoints_wrong,used_fallback,fallback_ok,fallback_ms,final_len,valid,c0_ok,c0_ms,c0_len,c0_expanded,c0_cells,c1_ok,c1_ms,c1_len,c1_expanded,c1_cells,fine_ms,fine_expanded,fine_len
1,0,2654607,497695,1710,856,36199,21.8652,2.66439,1713,-1,ok,0,0,0,0,1712,1,1,3.6154,1710,1710,3306,1,1.57285,1710,1710,9503,4.59632,12833,1710
1,1,2221473,1571062,1589,795,34294,23.2915,1.50367,1594,-1,ok,0,0,0,0,1593,1,1,1.84518,1589,2803,3002,1,2.34792,1589,7319,8478,41.0838,160357,1589
1,2,641811,2589149,1344,673,54167,44.65,2.43264,1347,-1,ok,0,0,0,0,1346,1,1,2.89942,1344,1344,2452,1,1.38556,1344,1580,6604,1.78951,3632,1344
1,3,2250714,2339143,278,139,2638,1.53442,0.189594,279,-1,ok,0,0,0,0,278,1,1,0.118492,278,278,519,1,0.096439,278,278,1547,0.082955,278,278
1,4,2536396,353659,1876,938,174087,143.484,2.48622,1877,-1,ok,0,0,0,0,1876,1,1,3.60218,1876,1911,3493,1,1.6882,1876,2090,9650,9.70522,28227,1876
1,5,916591,1430479,1191,596,28539,21.3078,1.33813,1198,-1,ok,0,0,0,0,1197,1,1,1.156,1191,1732,2280,1,1.20764,1191,3767,6325,35.9448,132776,1191
1,6,500826,2935247,2173,1087,175015,135.051,1.97585,2174,-1,ok,0,0,0,0,2173,1,1,2.30792,2173,2173,4150,1,1.44537,2173,2680,11550,10.0716,31438,2173
1,7,2429283,2288496,465,233,7858,3.60408,0.259565,468,-1,ok,0,0,0,0,467,1,1,0.230942,465,465,927,1,0.212618,465,465,2681,0.208501,804,465
1,8,502542,1287255,645,323,13394,6.29351,0.67957,648,-1,ok,0,0,0,0,647,1,1,0.756675,645,705,1199,1,0.652279,645,1517,3345,17.1088,63467,645
1,9,2726054,800471,1487,744,60066,37.6161,1.46684,1488,-1,ok,0,0,0,0,1487,1,1,1.94088,1487,1487,2756,1,1.04641,1487,1504,7698,1.33108,2150,1487
1,10,3031784,709412,1662,832,5003,3.49458,1.63932,1665,-1,ok,0,0,0,0,1664,1,1,2.33026,1662,1662,3094,1,1.16018,1662,1662,8745,37.301,146083,1662
1,11,813038,2649998,1861,932,128650,69.9395,1.61791,1868,-1,ok,0,0,0,0,1867,1,1,1.75399,1861,1861,3257,1,1.19906,1861,2158,8826,1.12438,2064,1861
1,12,2906523,1340129,1264,633,17644,9.53615,1.23702,1267,-1,ok,0,0,0,0,1266,1,1,1.60639,1264,1264,2429,1,1.02769,1264,1686,6644,23.5437,73256,1264
1,13,2198005,2773306,1504,754,31491,15.1237,0.858606,1513,-1,ok,0,0,0,0,1512,1,1,1.05888,1506,2658,2887,1,1.83062,1506,7099,8176,51.5466,197182,1504
1,14,1009630,2195480,1009,505,21770,11.2676,1.00776,1012,-1,ok,0,0,0,0,1011,1,1,1.13238,1009,1009,1889,1,0.794656,1009,1389,5211,2.65508,8169,1009
1,15,2077961,2827531,1186,594,52240,22.3675,0.811667,1189,-1,ok,0,0,0,0,1188,1,1,0.798031,1186,1191,2280,1,0.5942,1186,1188,6492,30.0176,125454,1186
1,16,1553701,2469994,602,303,1073,0.996704,0.694799,607,-1,ok,0,0,0,0,606,1,1,0.811697,602,602,1167,1,0.420237,602,618,3342,0.798343,1976,602
1,17,2490161,384400,1409,706,68222,36.5234,1.4839,1414,-1,ok,0,0,0,0,1413,1,1,2.10949,1409,1409,2588,1,1.21568,1409,1926,6902,1.48951,1693,1409
1,18,2599025,2034587,1669,836,54638,28.557,1.07079,1678,-1,ok,0,0,0,0,1677,1,1,1.27692,1669,2291,3216,1,1.5019,1669,4647,9323,34.3768,141895,1669
1,19,1181060,2927824,1734,868,88427,41.1847,1.43279,1737,-1,ok,0,0,0,0,1736,1,1,1.68236,1734,1734,3261,1,1.32673,1734,2729,8937,12.5833,51628,1734
1,20,645781,614849,395,198,2743,1.17212,0.214943,398,-1,ok,0,0,0,0,397,1,1,0.192079,395,432,757,1,0.23477,395,983,2139,2.37204,12656,395
1,21,2468056,2256643,1145,573,9722,3.90719,0.528729,1156,-1,ok,0,0,0,0,1155,1,1,0.525052,1145,1483,2172,1,0.740166,1145,2902,6014,8.6203,41640,1145
1,22,251497,3219170,2176,1089,88205,50.8202,2.0495,2179,-1,ok,0,0,0,0,2178,1,1,2.68113,2176,2176,4162,1,1.78201,2176,2370,11793,28.0275,83714,2176
1,23,569297,2803754,1948,976,105853,57.9824,1.90354,1955,-1,ok,0,0,0,0,1954,1,1,2.69674,1948,3627,3691,1,3.39976,1948,9841,10119,221.468,673122,1948
1,24,2520461,1501553,674,338,9834,5.54407,0.88265,677,-1,ok,0,0,0,0,676,1,1,0.966927,674,674,1309,1,0.516502,674,679,3792,2.13499,7515,674
1,25,2003860,731758,1205,603,29951,14.1805,1.0114,1206,-1,ok,0,0,0,0,1205,1,1,1.32512,1205,1205,2180,1,0.782382,1205,1206,5972,6.59825,31467,1205
1,26,613334,2557422,1168,585,21495,10.3963,1.3366,1169,-1,ok,0,0,0,0,1168,1,1,1.75261,1168,1189,2280,1,0.918656,1168,1258,6513,7.54536,30286,1168
1,27,387537,2005469,1167,585,14824,7.47965,1.21355,1176,-1,ok,0,0,0,0,1175,1,1,1.4672,1167,1167,2236,1,0.908198,1167,1177,6324,1.37041,3473,1167
1,28,344125,2584166,2379,1192,181431,112.499,1.96249,2388,-1,ok,0,0,0,0,2387,1,1,3.0467,2379,4285,4479,1,3.87119,2379,11186,11946,487.906,1.28006e+06,2379
1,29,2992346,1955386,784,393,13259,6.17429,0.752526,787,-1,ok,0,0,0,0,786,1,1,1.02091,784,991,1374,1,0.788433,784,1747,3822,12.2474,52143,784
1,30,2891864,2043208,1327,665,29817,14.1267,0.871137,1334,-1,ok,0,0,0,0,1333,1,1,0.998055,1327,1328,2242,1,0.809383,1327,1701,6390,17.2786,79579,1327
1,31,593449,1109625,711,357,12361,6.87052,0.583802,716,-1,ok,0,0,0,0,715,1,1,0.580485,711,711,1377,1,0.457014,711,982,3961,0.94177,3075,711
1,32,2770066,477636,2303,1153,32254,15.8172,1.82583,2314,-1,ok,0,0,0,0,2313,1,1,2.48572,2303,2308,4361,1,1.73682,2303,2694,12325,5.01274,15953,2303
1,33,1568488,2024378,743,373,10059,4.20845,0.56174,748,-1,ok,0,0,0,0,747,1,1,0.501086,743,743,1419,1,0.437979,743,1105,3967,0.742617,2836,743
1,34,2636861,1355914,1868,936,43966,23.3794,1.21225,1873,-1,ok,0,0,0,0,1872,1,1,1.59443,1868,2318,3625,1,1.75139,1868,5141,10309,27.7682,120630,1868
1,35,2807379,1728601,1223,613,18683,8.81623,0.999919,1230,-1,ok,0,0,0,0,1229,1,1,1.25494,1223,1372,2229,1,0.900914,1223,1931,5747,4.02173,16354,1223
1,36,548195,1129534,384,192,931,0.735085,0.429363,385,-1,ok,0,0,0,0,384,1,1,0.519872,384,384,699,1,0.255758,384,386,1914,0.374841,384,384
1,37,1403079,1097550,787,394,12957,4.43653,0.578903,790,-1,ok,0,0,0,0,789,1,1,0.593881,787,1246,1403,1,0.832983,787,3135,3926,26.0197,114224,787
1,38,1098506,2400310,1127,564,11249,5.04991,1.06496,1130,-1,ok,0,0,0,0,1129,1,1,1.17551,1127,1157,2135,1,0.85638,1127,1820,5863,0.820835,1127,1127
1,39,549302,2763681,1609,805,57315,27.4982,1.54233,1614,-1,ok,0,0,0,0,1613,1,1,1.94006,1609,1655,2950,1,1.14056,1609,1930,8399,34.9789,121137,1609
1,40,2830387,1329031,990,496,14838,7.9767,1.06594,993,-1,ok,0,0,0,0,992,1,1,1.40628,990,990,1904,1,0.812609,990,990,5472,3.15939,12620,990
1,41,2571837,1609971,1200,601,17891,7.85908,0.918578,1205,-1,ok,0,0,0,0,1204,1,1,1.11611,1200,1274,2255,1,0.755993,1200,1459,6235,0.829811,2243,1200
1,42,2269545,949398,1480,741,43761,24.6064,1.18018,1483,-1,ok,0,0,0,0,1482,1,1,1.443,1480,1480,2680,1,0.920551,1480,1496,7405,2.34272,7900,1480
1,43,2386550,2005422,1757,878,42329,19.4859,0.930549,1762,-1,ok,0,0,0,0,1761,1,1,1.0016,1757,2881,3372,1,1.67185,1757,7247,9432,79.7536,350924,1757
1,44,3228329,1091487,1429,715,53920,28.5847,1.44625,1434,-1,ok,0,0,0,0,1433,1,1,2.0799,1429,1460,2735,1,1.27368,1429,1510,7746,1.59022,1429,1429
1,45,1252674,2899369,1220,612,12606,6.28099,1.22057,1229,-1,ok,0,0,0,0,1228,1,1,1.44316,1220,1220,2216,1,0.963159,1220,1582,6079,8.88375,38831,1220
1,46,1245004,2631833,1742,873,40564,18.8738,1.29606,1753,-1,ok,0,0,0,0,1752,1,1,1.42565,1742,1742,3250,1,1.1147,1742,1962,8988,10.1803,45741,1742
1,47,2746631,1120353,1791,897,8681,3.96624,1.38273,1796,-1,ok,0,0,0,0,1795,1,1,1.90949,1791,2270,3328,1,1.76538,1791,4427,9188,22.5022,94508,1791
1,48,1545941,1034885,778,389,4793,2.11662,0.750954,781,-1,ok,0,0,0,0,780,1,1,0.87257,778,942,1432,1,0.585925,778,1653,3850,34.917,113131,778
1,49,707664,3179843,2152,1077,97539,49.1068,1.7861,2155,-1,ok,0,0,0,0,2154,1,1,2.27509,2152,2152,4014,1,1.39848,2152,2152,11214,2.41392,4780,2152
1,50,2697605,251222,1758,880,70017,39.5167,1.69629,1763,-1,ok,0,0,0,0,1762,1,1,2.9861,1758,3102,3392,1,3.76892,1758,8502,9526,51.2758,150765,1758
1,51,598957,1160461,516,259,12484,5.96697,0.456192,521,-1,ok,0,0,0,0,520,1,1,0.56739,516,851,987,1,0.608958,516,2149,2659,16.1347,59572,516
1,52,2808838,629110,1283,643,36591,20.8698,1.34897,1288,-1,ok,0,0,0,0,1287,1,1,2.03608,1283,1415,2528,1,1.22706,1283,1674,7506,1.75274,3610,1283
1,53,2674667,2450469,1734,868,32351,15.3772,1.13812,1739,-1,ok,0,0,0,0,1738,1,1,1.2406,1734,2200,3363,1,1.26865,1734,3974,9327,21.0078,104186,1734
1,54,902226,2397303,1907,954,114385,56.7203,1.36679,1912,-1,ok,0,0,0,0,1911,1,1,1.52008,1907,2000,3528,1,1.07162,1907,2112,9428,10.8142,48095,1907
1,55,3160580,2590500,1640,821,55284,23.1478,0.858664,1645,-1,ok,0,0,0,0,1644,1,1,1.17608,1640,2993,3066,1,2.00284,1640,8185,8529,77.8922,319538,1640
1,56,3063115,1271576,1534,767,15697,8.07714,1.34998,1535,-1,ok,0,0,0,0,1534,1,1,1.84909,1534,1534,2894,1,1.1392,1534,1534,7838,18.8871,70700,1534
1,57,471188,1449834,1138,570,19239,9.84898,0.896886,1143,-1,ok,0,0,0,0,1142,1,1,1.18944,1138,2069,2085,1,1.5893,1138,5338,5746,43.9632,188958,1138
1,58,1353978,2059850,918,461,29312,12.374,0.841062,921,-1,ok,0,0,0,0,920,1,1,1.05499,918,1612,1743,1,1.13203,918,3831,4482,83.5146,240846,918
1,59,2540733,1967844,911,456,10656,4.04916,0.681656,918,-1,ok,0,0,0,0,917,1,1,0.739112,911,1111,1522,1,0.641469,911,1920,4250,37.3665,149390,911
1,60,2700562,1997667,1296,649,15800,6.51549,0.770279,1301,-1,ok,0,0,0,0,1300,1,1,0.857713,1296,1310,2413,1,0.746376,1296,1836,6812,7.65799,37558,1296
1,61,1637568,2044505,363,182,1485,0.774748,0.336429,368,-1,ok,0,0,0,0,367,1,1,0.332162,363,363,665,1,0.200634,363,372,1821,0.982736,4049,363
1,62,1801679,2696751,1870,936,34026,14.4823,1.05237,1879,-1,ok,0,0,0,0,1878,1,1,1.4391,1870,3468,3511,1,2.59072,1870,9429,9634,97.186,366815,1870
1,63,598957,2906552,1287,644,6190,4.21654,1.47187,1288,-1,ok,0,0,0,0,1287,1,1,1.9343,1287,1287,2576,1,1.06576,1287,1287,7732,1.42697,1287,1287
1,64,1955372,794087,930,467,10308,4.85724,0.872671,935,-1,ok,0,0,0,0,934,1,1,1.14028,930,930,1680,1,0.580816,930,931,4889,0.677536,1021,930
1,65,2039260,2947726,1193,598,19443,9.35615,0.945166,1196,-1,ok,0,0,0,0,1195,1,1,1.07482,1193,1302,2225,1,0.802279,1193,1698,6029,16.8509,65520,1193
1,66,556924,1599250,705,354,2894,1.71201,0.778625,708,-1,ok,0,0,0,0,707,1,1,0.928575,705,705,1343,1,0.491178,705,757,3812,1.16187,3444,705
1,67,278380,2626389,2296,1149,157583,77.2343,1.79628,2299,-1,ok,0,0,0,0,2298,1,1,2.27185,2296,2296,4221,1,1.63191,2296,2607,11495,5.41492,19686,2296
1,68,2339398,455629,2015,1009,44131,20.212,1.49721,2020,-1,ok,0,0,0,0,2019,1,1,2.06033,2015,2015,3780,1,1.3226,2015,2015,10694,1.78634,5306,2015
1,69,2397188,1012607,1150,576,31937,13.6223,1.02856,1153,-1,ok,0,0,0,0,1152,1,1,1.3324,1150,1150,2114,1,0.816636,1150,1224,6004,1.12474,2867,1150
1,70,2467967,715435,1642,822,119992,57.1791,1.28175,1647,-1,ok,0,0,0,0,1646,1,1,1.81292,1642,1677,3062,1,1.23539,1642,1769,8556,9.24782,39324,1642
1,71,279709,835397,829,416,42717,18.7588,0.610031,836,-1,ok,0,0,0,0,835,1,1,0.609188,829,928,1639,1,0.530973,829,1312,4671,1.1709,4287,829
1,72,825921,1088080,805,402,5493,2.28895,0.432839,806,-1,ok,0,0,0,0,805,1,1,0.49274,805,1225,1492,1,0.737529,805,3024,4245,8.92284,43024,805
1,73,2686056,3089348,412,207,6637,2.91309,0.365765,413,-1,ok,0,0,0,0,412,1,1,0.395649,412,522,692,1,0.308547,412,897,1530,8.90272,36298,412
1,74,935096,1634738,947,475,16535,6.72853,0.722081,952,-1,ok,0,0,0,0,951,1,1,0.692264,949,949,1781,1,0.627203,949,1362,5068,11.33,51377,947
1,75,384006,760874,877,440,7062,3.17875,0.506316,880,-1,ok,0,0,0,0,879,1,1,0.493813,877,877,1646,1,0.411409,877,907,4529,9.41351,45115,877
1,76,1947155,898061,889,445,12508,5.43492,0.826525,896,-1,ok,0,0,0,0,895,1,1,1.02295,889,983,1654,1,0.641899,889,1193,4457,2.50705,9792,889
1,77,658137,789793,329,166,2852,1.13252,0.167754,334,-1,ok,0,0,0,0,333,1,1,0.173644,329,329,655,1,0.135394,329,356,1863,0.228849,1038,329
1,78,363830,2056905,2015,1008,20222,8.65723,1.42114,2016,-1,ok,0,0,0,0,2015,1,1,1.70984,2015,2015,3784,1,1.12611,2015,2067,10540,9.47799,34458,2015
1,79,1761748,2892020,756,379,16392,8.06899,0.800035,757,-1,ok,0,0,0,0,756,1,1,0.938144,756,756,1505,1,0.787301,756,1163,4277,10.3354,38399,756
1,80,2351211,2029768,1106,554,21168,8.1207,0.685501,1117,-1,ok,0,0,0,0,1116,1,1,0.669953,1106,1354,2064,1,0.636881,1106,2135,5576,13.2734,53987,1106
1,81,647090,520796,364,183,5016,1.98441,0.221414,367,-1,ok,0,0,0,0,366,1,1,0.198933,364,364,722,1,0.161351,364,364,2150,0.159948,364,364
1,82,2202913,1998284,1606,803,6008,2.88993,0.909811,1609,-1,ok,0,0,0,0,1608,1,1,0.949945,1606,2440,2863,1,1.4043,1606,5976,7844,78.074,347668,1606
1,83,2307907,2951731,1581,791,76103,40.169,0.790017,1586,-1,ok,0,0,0,0,1585,1,1,0.789586,1581,1581,3082,1,0.731938,1581,1725,8647,11.1674,49167,1581
1,84,1871832,591133,1610,806,42277,19.9854,1.08965,1621,-1,ok,0,0,0,0,1620,1,1,1.44899,1610,1615,2975,1,0.898729,1610,1707,8307,10.9481,45309,1610
1,85,1820468,769068,784,393,13987,6.36049,0.772363,789,-1,ok,0,0,0,0,788,1,1,1.00768,784,833,1418,1,0.520514,784,807,3980,0.569414,784,784
1,86,618657,2879486,1405,704,24115,12.9484,1.43033,1410,-1,ok,0,0,0,0,1409,1,1,1.89466,1405,1749,2517,1,1.71409,1405,3984,7295,12.2149,40711,1405
1,87,759127,2437547,1913,968,142987,70.1145,1.43718,1940,-1,ok,0,0,0,0,1939,1,1,1.91164,1933,3095,3489,1,2.3612,1933,7574,9388,27.6403,111220,1913
1,88,2003626,436977,2082,1041,166843,96.4464,1.32839,2085,-1,ok,0,0,0,0,2084,1,1,2.16603,2082,3721,3838,1,2.94001,2082,9822,10379,230.016,756660,2082
1,89,2088216,2111650,95,48,235,0.173655,0.076412,96,-1,ok,0,0,0,0,95,1,1,0.078296,95,119,169,1,0.059141,95,208,433,0.424243,1473,95
1,90,2481203,2200930,683,343,6824,2.7774,0.383919,686,-1,ok,0,0,0,0,685,1,1,0.406039,683,683,1323,1,0.301554,683,759,3773,0.466553,1582,683
1,91,1827763,2791217,1053,528,36405,16.59,0.901563,1062,-1,ok,0,0,0,0,1061,1,1,1.19188,1053,1850,1980,1,1.4462,1053,4456,5056,67.1588,247542,1053
1,92,1980418,1582954,557,280,5257,2.17272,0.39604,560,-1,ok,0,0,0,0,559,1,1,0.403824,557,557,1077,1,0.307666,557,557,3185,0.311122,557,557
1,93,705039,752842,1000,501,16536,6.33618,0.527256,1005,-1,ok,0,0,0,0,1004,1,1,0.524311,1000,1528,1855,1,0.932213,1000,3673,5357,18.0438,86677,1000
1,94,1158854,739502,341,171,1613,0.879204,0.308196,342,-1,ok,0,0,0,0,341,1,1,0.412081,341,587,668,1,0.448528,341,1509,1948,4.84865,20212,341
1,95,1350833,836719,972,487,24683,10.6979,0.615581,975,-1,ok,0,0,0,0,974,1,1,0.613434,972,972,1833,1,0.527478,972,1248,5111,10.0344,46976,972
1,96,1556785,647066,1224,613,33167,15.6037,0.849097,1227,-1,ok,0,0,0,0,1226,1,1,1.02735,1224,1224,2363,1,0.670473,1224,1345,6550,7.66356,34441,1224
1,97,1944954,1109435,783,393,24191,12.0197,0.725496,786,-1,ok,0,0,0,0,785,1,1,0.831144,783,783,1465,1,0.621813,783,1016,4065,0.578382,783,783
1,98,2668191,348531,1839,920,98946,53.2336,1.60304,1842,-1,ok,0,0,0,0,1841,1,1,2.84231,1839,3124,3200,1,3.19953,1839,8104,8454,120.022,416088,1839
1,99,476033,1903328,1168,585,34655,18.0915,1.20709,1173,-1,ok,0,0,0,0,1172,1,1,1.75266,1168,1921,2062,1,1.81345,1168,5213,5918,124.452,311275,1168
1,100,795218,590026,122,62,514,0.28831,0.115116,125,-1,ok,0,0,0,0,124,1,1,0.119083,122,122,244,1,0.065463,122,122,723,0.087314,122,122
1,101,763468,1260833,843,421,17222,7.12673,0.515884,846,-1,ok,0,0,0,0,845,1,1,0.701652,843,1540,1651,1,1.01464,843,3512,4483,18.796,79344,843
1,102,3155979,534005,2083,1042,121347,65.7376,1.69841,2086,-1,ok,0,0,0,0,2085,1,1,2.60377,2083,2083,3851,1,1.53849,2083,2336,10829,37.0196,119986,2083
1,103,2671843,2035386,1097,550,31042,12.5747,0.675292,1100,-1,ok,0,0,0,0,1099,1,1,0.74971,1097,1097,2040,1,0.606754,1097,1423,5771,5.80171,28074,1097
1,104,1072087,2077094,1175,590,20909,8.33784,0.899933,1184,-1,ok,0,0,0,0,1183,1,1,1.18764,1175,2022,2192,1,1.67646,1175,5332,6168,33.4696,119881,1175
1,105,1830266,867972,1628,815,28574,13.0125,1.00013,1631,-1,ok,0,0,0,0,1630,1,1,1.17177,1628,1677,2983,1,0.878862,1628,1767,8187,35.4214,143047,1628
1,106,2009385,672463,1221,612,52878,22.6713,1.02059,1226,-1,ok,0,0,0,0,1225,1,1,1.40541,1221,1221,2234,1,0.839219,1221,1222,6066,2.02587,7357,1221
1,107,1277732,1289510,1175,588,32853,13.1417,0.668781,1176,-1,ok,0,0,0,0,1175,1,1,0.688858,1175,1532,2136,1,0.797091,1175,3035,5987,20.5177,98639,1175
1,108,383929,2086407,1268,635,21787,10.6569,1.21751,1277,-1,ok,0,0,0,0,1276,1,1,1.56155,1268,1268,2433,1,0.981486,1268,1278,6850,19.8647,67976,1268
1,109,2032078,1699736,1336,670,10808,4.01782,0.62111,1341,-1,ok,0,0,0,0,1340,1,1,0.664992,1336,1740,2607,1,0.833908,1336,2819,7466,5.2881,25701,1336
1,110,958411,907673,588,294,9301,3.56879,0.426758,595,-1,ok,0,0,0,0,594,1,1,0.376212,588,904,1059,1,0.468606,588,2005,2832,9.67983,46637,588
1,111,345881,908168,999,501,21470,9.30663,0.629586,1002,-1,ok,0,0,0,0,1001,1,1,0.655264,999,999,1869,1,0.49246,999,999,5258,12.2991,62389,999
1,112,921927,2826328,1275,639,26883,12.8913,1.28655,1280,-1,ok,0,0,0,0,1279,1,1,1.70197,1275,1839,2480,1,1.53632,1275,4189,7112,31.5804,96671,1275
1,113,558628,2150100,1156,579,4471,2.45405,1.15384,1159,-1,ok,0,0,0,0,1158,1,1,1.44579,1156,1156,2192,1,0.987555,1156,2101,6089,33.0028,83510,1156
1,114,732091,2459630,1421,711,65875,28.8833,1.30149,1424,-1,ok,0,0,0,0,1423,1,1,1.55183,1421,1421,2602,1,0.988749,1421,1422,7171,1.27578,2801,1421
1,115,398823,391093,624,314,1054,0.54457,0.322282,633,-1,ok,0,0,0,0,632,1,1,0.27266,624,958,1186,1,0.453098,624,2245,3295,6.39221,30337,624
1,116,1510629,2959878,1054,529,19771,8.38026,1.09417,1057,-1,ok,0,0,0,0,1056,1,1,1.28695,1054,1054,2060,1,0.681824,1054,1054,5999,19.0073,65295,1054
1,117,2096552,3082996,592,297,7077,3.45934,0.659722,593,-1,ok,0,0,0,0,592,1,1,0.821705,592,592,1188,1,0.40657,592,592,3528,0.512188,592,592
1,118,773297,2535823,1305,654,21780,9.93823,1.29005,1310,-1,ok,0,0,0,0,1309,1,1,1.52373,1305,1326,2308,1,0.916282,1305,1395,6529,12.519,27954,1305
1,119,1540653,367496,2008,1004,6830,3.46132,1.1966,2011,-1,ok,0,0,0,0,2010,1,1,1.47518,2008,2058,3765,1,1.27286,2008,2912,10322,1.00855,2196,2008
1,120,457915,1822951,1394,698,9412,4.25889,1.15802,1397,-1,ok,0,0,0,0,1396,1,1,1.33792,1394,1394,2622,1,0.81308,1394,1446,7330,0.70072,1394,1394
1,121,2144069,523360,2086,1043,182091,99.696,1.3665,2089,-1,ok,0,0,0,0,2088,1,1,2.234,2086,3758,3821,1,2.98186,2086,10036,10306,242.105,785226,2086
1,122,1935902,3090329,1268,635,61271,31.3827,0.982154,1271,-1,ok,0,0,0,0,1270,1,1,1.10468,1268,1268,2411,1,0.876408,1268,1795,6537,0.958482,1489,1268
1,123,2854140,1596178,937,469,18160,7.68242,0.896825,938,-1,ok,0,0,0,0,937,1,1,1.20283,937,937,1845,1,0.751734,937,1121,5115,0.816657,1482,937
1,124,1967913,1747145,807,404,3363,1.40488,0.460851,812,-1,ok,0,0,0,0,811,1,1,0.383426,807,1003,1499,1,0.497,807,1837,4321,1.76413,7908,807
1,125,2263205,1655305,838,420,30921,11.8488,0.597217,845,-1,ok,0,0,0,0,844,1,1,0.642952,838,843,1663,1,0.46568,838,841,4887,0.426718,1240,838
1,126,2506297,1143924,984,494,15832,6.86714,0.991914,989,-1,ok,0,0,0,0,988,1,1,1.29997,984,984,1800,1,0.7377,984,1083,4653,3.05974,8287,984
1,127,1448472,1364093,562,285,8540,3.55924,0.462034,577,-1,ok,0,0,0,0,576,1,1,0.492632,570,853,952,1,0.509923,570,2070,2571,7.95684,34287,562
1,128,1724010,2154870,1418,709,19174,8.28447,0.737539,1421,-1,ok,0,0,0,0,1420,1,1,0.751675,1418,2180,2702,1,1.12508,1418,4945,7804,46.3588,199433,1418
1,129,840467,2529952,1656,829,20289,10.9698,1.332,1665,-1,ok,0,0,0,0,1664,1,1,1.66274,1656,2055,3061,1,1.10552,1656,2107,7586,11.8574,49614,1656
1,130,1792217,1212610,345,173,1158,0.755472,0.382465,348,-1,ok,0,0,0,0,347,1,1,0.446946,345,470,678,1,0.374219,345,977,2006,0.923566,2952,345
1,131,1328134,3208212,1967,985,52853,27.4751,1.52781,1976,-1,ok,0,0,0,0,1975,1,1,1.82175,1967,1967,3670,1,1.34594,1967,2177,10075,10.0528,39324,1967
1,132,2891864,1675347,959,480,34535,14.8354,0.899631,960,-1,ok,0,0,0,0,959,1,1,1.16973,959,959,1753,1,0.715377,959,1019,4986,1.00816,2811,959
1,133,2410465,2443796,1103,552,14811,5.67319,0.501356,1112,-1,ok,0,0,0,0,1111,1,1,0.482552,1103,1544,2086,1,0.735616,1103,3190,5812,12.036,59149,1103
1,134,558433,2250280,1093,547,17297,8.92283,1.18973,1094,-1,ok,0,0,0,0,1093,1,1,1.48883,1093,1093,2108,1,0.939575,1093,1359,5999,1.31354,2191,1093
1,135,1187532,720690,1013,509,11327,4.8418,0.676284,1018,-1,ok,0,0,0,0,1017,1,1,0.88288,1013,1810,1844,1,1.19415,1013,4808,5016,28.897,126857,1013
1,136,2710078,1125700,1258,630,28869,14.3009,1.20981,1263,-1,ok,0,0,0,0,1262,1,1,1.61255,1258,1332,2322,1,0.906775,1258,1471,6246,3.09107,8328,1258
1,137,342829,2650131,1580,791,92007,47.1092,1.59042,1583,-1,ok,0,0,0,0,1582,1,1,2.04492,1580,1580,2972,1,1.29285,1580,1581,8335,49.5787,188923,1580
1,138,381156,591400,523,262,894,0.473616,0.327913,524,-1,ok,0,0,0,0,523,1,1,0.320519,523,846,986,1,0.393425,523,1794,2574,2.49089,11973,523
1,139,620591,3052362,1412,706,16956,8.86619,1.55885,1415,-1,ok,0,0,0,0,1414,1,1,2.06594,1412,1428,2780,1,1.24112,1412,1478,8213,1.44922,1800,1412
1,140,1838465,1180686,1541,771,6916,2.7736,0.907376,1552,-1,ok,0,0,0,0,1551,1,1,1.10002,1541,2558,2972,1,1.58197,1541,6576,8384,132.379,448735,1541
1,141,2808277,2315654,851,427,7370,3.12523,0.516536,858,-1,ok,0,0,0,0,857,1,1,0.574724,851,869,1633,1,0.490206,851,1201,4604,2.24455,10053,851
1,142,2598310,2422034,222,112,2390,0.931112,0.17672,225,-1,ok,0,0,0,0,224,1,1,0.130253,222,222,446,1,0.103172,222,222,1332,0.098845,222,222
1,143,2845436,1668194,730,367,9163,5.51686,0.777174,733,-1,ok,0,0,0,0,732,1,1,1.24027,730,1285,1416,1,1.23026,730,3312,3906,9.13737,31596,730
1,144,2382918,526772,1377,689,35929,20.0534,1.30625,1382,-1,ok,0,0,0,0,1381,1,1,1.95479,1377,1379,2599,1,1.09095,1377,1403,7283,21.7446,75408,1377
1,145,1931999,438444,1275,639,58157,25.8656,1.13664,1280,-1,ok,0,0,0,0,1279,1,1,1.52409,1275,1275,2302,1,0.862112,1275,1279,6071,0.937122,1275,1275
1,146,2679978,515339,2241,1122,64506,30.3683,1.7013,2244,-1,ok,0,0,0,0,2243,1,1,2.38535,2241,2241,4228,1,1.49561,2241,2331,11850,4.24967,15905,2241
1,147,2803019,1915102,1793,898,42242,18.1601,0.988368,1802,-1,ok,0,0,0,0,1801,1,1,1.52917,1793,3283,3371,1,2.46399,1793,8911,9337,116.96,368034,1793
1,148,913089,1331566,1323,662,35793,15.6225,0.792621,1330,-1,ok,0,0,0,0,1329,1,1,0.848617,1323,2225,2521,1,1.25638,1323,5526,7024,75.4358,271251,1323
1,149,634343,2276336,1305,654,11647,5.72601,1.30295,1308,-1,ok,0,0,0,0,1307,1,1,1.47576,1305,1305,2435,1,0.948382,1305,1718,6729,1.03717,1305,1305
1,150,1481794,3181212,1228,616,5650,3.19502,1.2756,1233,-1,ok,0,0,0,0,1232,1,1,1.47548,1228,1313,2245,1,0.970283,1228,1609,5848,30.7562,92183,1228
1,151,1474634,422363,1314,657,71125,30.7878,0.916954,1315,-1,ok,0,0,0,0,1314,1,1,1.19403,1314,1314,2444,1,0.771472,1314,1335,6993,2.47409,9827,1314
1,152,1834575,3226322,1174,588,5416,2.92237,1.15061,1177,-1,ok,0,0,0,0,1176,1,1,1.29877,1174,1194,2126,1,0.860498,1174,1604,5483,36.2181,122962,1174
1,153,3024705,540222,1863,932,5984,3.58955,1.65777,1866,-1,ok,0,0,0,0,1865,1,1,2.44278,1863,1863,3499,1,1.27064,1863,1863,9979,36.3611,123487,1863
1,154,3044639,2920559,189,95,954,0.423321,0.121037,192,-1,ok,0,0,0,0,191,1,1,0.118641,189,189,361,1,0.087573,189,208,1045,0.097271,189,189
1,155,1228220,1631674,478,240,5230,2.12189,0.423391,479,-1,ok,0,0,0,0,478,1,1,0.37976,478,478,887,1,0.240759,478,530,2444,0.217596,480,478
1,156,1536072,283775,1199,600,20953,8.35649,0.964472,1202,-1,ok,0,0,0,0,1201,1,1,1.3058,1199,1199,2209,1,0.811156,1199,1201,6027,1.49878,4874,1199
1,157,3193672,1640899,1490,746,39774,18.9972,1.16802,1495,-1,ok,0,0,0,0,1494,1,1,1.56403,1490,1490,2753,1,0.956968,1490,1490,7685,2.55786,9740,1490
1,158,1364886,1417986,1253,627,34643,13.6294,0.735406,1256,-1,ok,0,0,0,0,1255,1,1,0.697794,1253,2050,2376,1,1.14223,1253,5359,6727,70.6198,284265,1253
1,159,1323479,1948892,1160,584,8404,3.51687,0.79717,1169,-1,ok,0,0,0,0,1168,1,1,0.685811,1166,1168,2107,1,1.23515,1166,1251,5765,2.34946,9077,1160
1,160,329635,3138202,2157,1079,123955,56.089,2.0759,2162,-1,ok,0,0,0,0,2161,1,1,3.24945,2157,4010,4028,1,4.96762,2157,11170,11270,189.859,565662,2157
1,161,2199138,2165892,958,481,9505,4.32361,0.494634,965,-1,ok,0,0,0,0,964,1,1,0.421077,960,1639,1845,1,0.8989,960,4408,5218,15.0196,73053,958
1,162,2332432,2665491,284,143,2722,1.43377,0.276938,287,-1,ok,0,0,0,0,286,1,1,0.311353,284,350,554,1,0.255306,284,594,1596,1.63551,6170,284
1,163,2554867,820141,1438,720,63700,33.6207,1.30248,1447,-1,ok,0,0,0,0,1446,1,1,1.77623,1438,1498,2625,1,1.07754,1438,1782,6895,2.0152,5278,1438
1,164,816636,1589983,1083,543,14373,6.75307,0.865558,1088,-1,ok,0,0,0,0,1087,1,1,0.804213,1083,1083,1853,1,0.62632,1083,1316,4999,0.547083,1377,1083
1,165,2144577,2486159,628,315,1846,1.23324,0.509783,641,-1,ok,0,0,0,0,640,1,1,0.474438,628,927,1140,1,0.583562,628,2026,3099,7.52654,37091,628
1,166,2257019,735014,1996,1005,62410,38.0552,1.458,2013,-1,ok,0,0,0,0,2012,1,1,2.24942,2006,3499,3644,1,2.78814,2006,9341,10023,184.586,639164,1996
1,167,2095650,935010,1005,514,34669,17.8428,0.965464,1032,-1,ok,0,0,0,0,1031,1,1,1.27866,1027,1649,1727,1,1.36935,1027,4236,4701,3.25815,14265,1005
1,168,312457,989659,778,390,2850,1.64675,0.723333,783,-1,ok,0,0,0,0,782,1,1,0.714546,778,778,1327,1,0.430335,778,822,3251,1.2827,3848,778
1,169,2882141,1067685,1170,587,25193,14.5116,1.28083,1175,-1,ok,0,0,0,0,1174,1,1,1.76295,1170,1582,2260,1,1.26598,1170,2681,6490,13.6326,53399,1170
1,170,1662824,2681105,1085,544,15547,8.60298,0.916743,1092,-1,ok,0,0,0,0,1091,1,1,0.969202,1085,1085,2000,1,0.635197,1085,1114,5481,4.8157,21575,1085
1,171,1703180,546367,1232,616,67737,35.314,0.991002,1237,-1,ok,0,0,0,0,1236,1,1,1.23583,1232,1238,2243,1,0.748749,1232,1247,5865,2.7803,9405,1232
1,172,2090483,588991,1314,658,14744,8.77049,1.23981,1323,-1,ok,0,0,0,0,1322,1,1,1.62954,1314,1389,2321,1,0.917395,1314,1787,6616,3.27581,13362,1314
1,173,2669970,1153251,1524,762,54885,27.8804,1.24336,1525,-1,ok,0,0,0,0,1524,1,1,1.60402,1524,1524,2690,1,1.16707,1524,1599,7480,1.06035,2581,1524
1,174,2801102,1556461,1651,826,86655,45.6626,1.17565,1660,-1,ok,0,0,0,0,1659,1,1,1.4307,1651,1815,3076,1,1.09454,1651,2532,8470,10.1506,33732,1651
1,175,2862760,2446461,730,367,6984,3.98101,0.476742,737,-1,ok,0,0,0,0,736,1,1,0.512688,730,730,1382,1,0.360033,730,799,3962,0.636721,2114,730
1,176,1728209,2803901,1739,871,54602,26.703,1.14678,1748,-1,ok,0,0,0,0,1747,1,1,1.54933,1739,3090,3299,1,2.48544,1739,8142,9149,54.6927,205878,1739
1,177,330269,1345015,1018,510,40186,20.1681,0.927161,1025,-1,ok,0,0,0,0,1024,1,1,1.03131,1018,1041,1949,1,0.702042,1018,1080,5506,1.77483,5477,1018
1,178,3017924,2896984,407,205,1864,0.939697,0.218429,410,-1,ok,0,0,0,0,409,1,1,0.199944,407,407,777,1,0.170779,407,423,2173,1.93319,9887,407
1,179,910292,1126401,229,115,406,0.3106,0.212067,232,-1,ok,0,0,0,0,231,1,1,0.191466,229,229,418,1,0.127921,229,229,1234,0.145572,329,229
1,180,2006593,1670863,1240,621,10279,4.80915,0.622444,1249,-1,ok,0,0,0,0,1248,1,1,0.575506,1240,1605,2389,1,0.748279,1240,2462,6847,3.84031,18067,1240
1,181,2078347,3155254,1385,694,13317,6.34593,1.13662,1390,-1,ok,0,0,0,0,1389,1,1,1.35445,1385,1913,2644,1,1.17849,1385,3910,7547,122.456,376164,1385
1,182,2709648,2878665,277,140,3182,1.8477,0.172371,282,-1,ok,0,0,0,0,281,1,1,0.147916,277,277,554,1,0.113261,277,277,1658,0.121117,314,277
1,183,460429,2828556,1989,995,133355,67.3202,1.83045,1992,-1,ok,0,0,0,0,1991,1,1,2.22332,1989,1989,3617,1,1.54148,1989,2289,9985,3.21158,8183,1989
1,184,909956,1352984,474,238,4765,2.05943,0.395728,477,-1,ok,0,0,0,0,476,1,1,0.414545,474,474,844,1,0.25149,474,491,2423,3.88981,19392,474
1,185,2598310,614849,1241,621,36194,21.417,1.34162,1246,-1,ok,0,0,0,0,1245,1,1,1.9846,1241,1241,2348,1,1.14967,1241,1258,6627,0.939546,1243,1241
1,186,1732162,381072,1507,754,28316,12.7076,1.18515,1508,-1,ok,0,0,0,0,1507,1,1,1.95571,1507,2492,2682,1,2.02515,1507,6156,6990,138.506,461122,1507
1,187,2864255,987151,1339,680,68413,38.4816,1.36563,1366,-1,ok,0,0,0,0,1365,1,1,1.89763,1359,1747,2256,1,1.61729,1359,3688,6293,3.39874,11474,1339
1,188,613280,1998545,1505,754,79495,33.0113,1.2297,1510,-1,ok,0,0,0,0,1509,1,1,1.35581,1505,1505,2805,1,0.991593,1505,1787,7678,6.88961,27552,1505
1,189,769257,2619619,1324,662,46184,21.2917,1.33996,1329,-1,ok,0,0,0,0,1328,1,1,1.63571,1324,1599,2569,1,1.10772,1324,2848,7234,8.80892,33516,1324
1,190,1700379,924636,488,246,4981,2.37365,0.569425,493,-1,ok,0,0,0,0,492,1,1,0.706341,488,488,964,1,0.333411,488,488,2803,0.938546,2717,488
1,191,489236,2011181,1701,852,133910,65.4813,1.34051,1708,-1,ok,0,0,0,0,1707,1,1,1.51023,1701,1701,3174,1,1.15603,1701,1994,8710,6.9923,29617,1701
1,192,1225462,1170705,1015,509,18576,7.09875,0.59386,1018,-1,ok,0,0,0,0,1017,1,1,0.550739,1015,1273,1783,1,0.665995,1015,2405,5125,10.3496,50850,1015
1,193,1873151,1744747,675,339,3823,1.75571,0.389017,680,-1,ok,0,0,0,0,679,1,1,0.265677,675,675,1307,1,0.298147,675,777,3750,3.10853,15703,675
1,194,2468599,2302602,643,321,1737,1.02176,0.422389,650,-1,ok,0,0,0,0,649,1,1,0.429363,643,941,1138,1,0.443619,643,1868,2947,12.5479,59069,643
1,195,2943977,2062115,628,315,6232,3.31712,0.632181,633,-1,ok,0,0,0,0,632,1,1,0.83455,628,628,1224,1,0.447246,628,691,3553,1.11172,2590,628
1,196,587996,382135,775,389,1535,0.85613,0.42196,778,-1,ok,0,0,0,0,777,1,1,0.376784,775,775,1463,1,0.48154,775,1520,4080,4.99245,25018,775
1,197,1795388,2559139,975,488,20697,8.64767,0.817498,980,-1,ok,0,0,0,0,979,1,1,0.765771,975,975,1796,1,0.54631,975,1167,4897,0.479245,975,975
1,198,430706,1816036,1949,975,4867,2.75978,1.33495,1952,-1,ok,0,0,0,0,1951,1,1,1.93998,1949,3579,3611,1,4.84991,1949,9838,9983,228.099,727212,1949
1,199,2709791,743716,1567,784,25675,13.8091,1.42237,1570,-1,ok,0,0,0,0,1569,1,1,2.21143,1567,1567,2923,1,1.21448,1567,1726,8419,22.3233,74094,1567
1,200,2317486,1682523,790,395,3234,1.61958,0.637372,793,-1,ok,0,0,0,0,792,1,1,0.717641,790,936,1392,1,0.523239,790,1334,3684,1.58102,7120,790
1,201,848074,2660956,1289,646,24917,11.4349,1.41369,1294,-1,ok,0,0,0,0,1293,1,1,1.5393,1289,1289,2324,1,0.893121,1289,1470,6582,11.9291,41549,1289
1,202,2051630,2425358,880,441,14264,6.57833,0.584272,883,-1,ok,0,0,0,0,882,1,1,0.472263,880,880,1716,1,0.42831,880,913,4818,2.55414,12520,880
1,203,2138232,3170486,1784,893,84289,49.6356,1.23611,1789,-1,ok,0,0,0,0,1788,1,1,1.46476,1784,1918,3344,1,1.16673,1784,2496,9185,29.831,104969,1784
1,204,1443071,807450,574,287,4488,2.20106,0.557902,577,-1,ok,0,0,0,0,576,1,1,0.623765,574,574,1054,1,0.387002,574,641,2910,0.605963,1132,574
1,205,1144422,3049691,2080,1041,41272,20.8756,1.61465,2087,-1,ok,0,0,0,0,2086,1,1,2.3273,2080,3548,3775,1,3.0547,2080,9123,10102,214.182,753132,2080
1,206,377442,2376747,1648,825,83502,42.6581,1.59532,1651,-1,ok,0,0,0,0,1650,1,1,1.91826,1648,1790,2871,1,1.24876,1648,2417,7488,5.12152,15424,1648
1,207,1401797,2931005,1642,822,36702,19.1874,1.34728,1647,-1,ok,0,0,0,0,1646,1,1,1.55847,1642,1642,3002,1,1.1156,1642,1846,8217,0.86134,1642,1642
1,208,2488208,1785008,991,497,12187,4.83303,0.757866,996,-1,ok,0,0,0,0,995,1,1,0.821977,991,991,1796,1,0.538788,991,1027,4817,0.519752,1460,991
1,209,2517430,2632913,587,294,10600,3.9956,0.416409,590,-1,ok,0,0,0,0,589,1,1,0.480949,587,813,1123,1,0.462564,587,1695,3017,12.7328,55759,587
1,210,1804529,2670473,625,313,11920,5.23902,0.669582,628,-1,ok,0,0,0,0,627,1,1,0.756133,625,625,1186,1,0.473896,625,886,3318,0.376052,814,625
1,211,792304,2700845,1601,801,64290,28.6411,1.38916,1602,-1,ok,0,0,0,0,1601,1,1,1.74747,1601,1601,3075,1,1.139,1601,2104,8911,4.19745,14838,1601
1,212,292558,448522,757,380,7627,3.12509,0.398826,762,-1,ok,0,0,0,0,761,1,1,0.352348,757,1045,1442,1,0.548345,757,2131,4095,3.94522,20443,757
1,213,2987559,1182868,2093,1047,161985,85.6278,1.58192,2098,-1,ok,0,0,0,0,2097,1,1,2.0439,2093,2167,3799,1,1.53058,2093,2666,10376,5.5369,20670,2093
1,214,3031564,1350417,1027,514,10261,5.45521,1.14315,1034,-1,ok,0,0,0,0,1033,1,1,1.88555,1027,1840,1933,1,2.1617,1027,5020,5532,20.1731,53496,1027
1,215,3155823,373649,2172,1087,128222,71.5597,1.81636,2179,-1,ok,0,0,0,0,2178,1,1,2.76504,2172,2172,4118,1,1.70928,2172,2578,11730,10.6422,37219,2172
1,216,371781,1935939,921,462,10727,6.99688,1.06194,926,-1,ok,0,0,0,0,925,1,1,1.51543,921,1568,1812,1,1.87811,921,4154,5305,8.65616,28771,921
1,217,2855984,2571946,520,261,14418,5.51247,0.329184,521,-1,ok,0,0,0,0,520,1,1,0.328034,520,520,1044,1,0.253043,520,628,2994,0.221254,520,520
1,218,465556,3102078,1943,972,112019,53.4476,1.81353,1946,-1,ok,0,0,0,0,1945,1,1,2.36534,1943,1943,3489,1,1.44567,1943,1948,9730,1.27954,2235,1943
1,219,3106562,1461822,2273,1137,139313,67.4024,1.47293,2276,-1,ok,0,0,0,0,2275,1,1,2.41667,2273,4199,4242,1,3.53482,2273,11283,11508,277.915,900726,2273
1,220,2389443,1100586,779,391,10194,5.28016,0.903879,784,-1,ok,0,0,0,0,783,1,1,1.34118,779,1279,1537,1,1.4874,779,3376,4419,7.73968,30377,779
1,221,1209891,3199598,1812,907,35950,17.0617,1.54341,1815,-1,ok,0,0,0,0,1814,1,1,1.82896,1812,1821,3266,1,1.15114,1812,2116,8767,5.10255,13983,1812
1,222,1628263,3038908,1441,720,30216,14.4273,1.22082,1442,-1,ok,0,0,0,0,1441,1,1,1.6951,1441,2329,2537,1,1.91316,1441,5669,6541,139.406,488535,1441
1,223,996318,538495,877,440,13389,5.11383,0.534569,882,-1,ok,0,0,0,0,881,1,1,0.585134,877,877,1671,1,0.453808,877,877,4955,0.448508,877,877
1,224,2666230,1916875,1680,841,35942,14.4311,0.898862,1687,-1,ok,0,0,0,0,1686,1,1,1.3093,1680,3081,3143,1,2.29492,1680,8357,8653,95.669,339882,1680
1,225,1214391,1343195,898,451,12293,5.20811,0.431357,903,-1,ok,0,0,0,0,902,1,1,0.352117,900,925,1717,1,0.386452,900,1015,4893,4.82563,21905,898
1,226,650861,1693026,614,308,3075,1.86323,0.740875,619,-1,ok,0,0,0,0,618,1,1,0.863413,614,614,1122,1,0.467234,614,615,3346,0.669461,614,614
1,227,1007288,1215730,474,238,4549,1.79636,0.27876,477,-1,ok,0,0,0,0,476,1,1,0.265626,474,474,878,1,0.226413,474,552,2567,1.74325,9166,474
1,228,2161129,565602,1613,807,52528,26.0912,1.76498,1614,-1,ok,0,0,0,0,1613,1,1,1.95695,1613,1613,2983,1,1.04314,1613,1613,8332,1.30934,2367,1613
1,229,2785103,1597956,1513,758,36864,16.4991,1.19791,1520,-1,ok,0,0,0,0,1519,1,1,1.43015,1513,1645,2695,1,0.975002,1513,2145,7251,1.78064,6665,1513
1,230,1392321,355276,821,411,18996,9.12909,0.857193,824,-1,ok,0,0,0,0,823,1,1,1.05573,821,821,1510,1,0.531434,821,821,4313,0.587447,857,821
1,231,2051789,1806580,591,295,3485,1.64969,0.39574,592,-1,ok,0,0,0,0,591,1,1,0.503491,591,855,1125,1,0.502108,591,1879,3211,4.41782,21480,591
1,232,1102446,3057237,1135,569,6684,4.35663,1.48039,1140,-1,ok,0,0,0,0,1139,1,1,1.83034,1135,1543,2200,1,1.18103,1135,2722,6328,4.03609,13027,1135
1,233,2397085,1013039,923,462,11546,5.04401,1.14533,926,-1,ok,0,0,0,0,925,1,1,1.38906,923,923,1809,1,0.640347,923,940,5320,4.39476,14385,923
1,234,1287529,1866275,1267,635,8903,3.27146,0.907265,1272,-1,ok,0,0,0,0,1271,1,1,0.743139,1267,1267,2350,1,0.576628,1267,1319,6472,4.04945,19969,1267
1,235,1687683,418136,1252,626,11939,5.65913,1.12112,1253,-1,ok,0,0,0,0,1252,1,1,1.36313,1252,1252,2276,1,0.75373,1252,1252,6313,18.6808,65454,1252
1,236,2722809,932643,2100,1051,52066,24.3411,1.83072,2107,-1,ok,0,0,0,0,2106,1,1,2.25831,2100,2276,3947,1,1.48922,2100,2673,10535,7.60412,31293,2100
1,237,2665523,3047256,1417,710,17603,7.60689,1.47636,1420,-1,ok,0,0,0,0,1419,1,1,1.66407,1417,2102,2775,1,1.25772,1417,4479,7826,105.718,291273,1417
1,238,1923409,2905912,843,422,15506,7.51322,0.897036,844,-1,ok,0,0,0,0,843,1,1,0.905813,843,843,1488,1,0.531374,843,880,3990,3.0269,12908,843
1,239,875283,1311303,664,332,10069,4.48576,0.584311,669,-1,ok,0,0,0,0,668,1,1,0.542614,664,847,1250,1,0.575064,664,1857,3326,7.90411,37825,664
1,240,2918198,639738,1606,814,90669,49.787,1.81547,1633,-1,ok,0,0,0,0,1632,1,1,2.6726,1626,2093,2786,1,1.86979,1626,4354,7825,2.09785,3865,1606
1,241,1337751,1159597,145,73,894,0.435935,0.141284,148,-1,ok,0,0,0,0,147,1,1,0.123201,145,145,284,1,0.068458,145,145,831,0.08453,145,145
1,242,1804529,3222731,986,494,18304,8.49369,1.11867,993,-1,ok,0,0,0,0,992,1,1,1.37072,986,986,1894,1,0.871017,986,1220,5477,16.1874,52110,986
1,243,2545706,1651771,1162,582,30963,12.8952,0.955777,1171,-1,ok,0,0,0,0,1170,1,1,1.06874,1162,1326,2112,1,0.755873,1162,1709,5654,1.52291,5020,1162
1,244,807710,2239366,1940,971,73638,29.5409,1.51403,1943,-1,ok,0,0,0,0,1942,1,1,1.58028,1940,1940,3575,1,1.21449,1940,2219,9756,28.178,116749,1940
1,245,3201629,632825,1631,817,20690,10.8527,1.79155,1636,-1,ok,0,0,0,0,1635,1,1,2.67885,1631,1631,3170,1,1.27792,1631,1631,8966,10.9789,38880,1631
1,246,2019093,3174345,1036,520,22812,9.93817,1.01144,1045,-1,ok,0,0,0,0,1044,1,1,1.12895,1036,1138,1913,1,0.770671,1036,1495,5359,2.18834,9263,1036
1,247,2955346,1703765,1276,639,30392,14.0668,1.16942,1279,-1,ok,0,0,0,0,1278,1,1,1.38217,1276,1276,2468,1,0.8279,1276,1306,6977,4.27753,12131,1276
1,248,541380,1361733,957,479,8522,4.20914,0.954515,960,-1,ok,0,0,0,0,959,1,1,0.901686,957,1012,1744,1,0.65308,957,1390,4817,4.76904,21833,957
1,249,3113781,786831,2642,1322,84578,40.738,1.93963,2649,-1,ok,0,0,0,0,2648,1,1,2.62034,2642,2691,4962,1,1.66916,2642,2642,13408,25.6613,107553,2642
1,250,726020,696308,1081,541,20899,7.21205,0.569024,1084,-1,ok,0,0,0,0,1083,1,1,0.532735,1081,1452,2034,1,0.753238,1081,3106,5855,11.3969,50498,1081
1,251,553589,2992564,1414,709,4119,3.3065,1.77396,1421,-1,ok,0,0,0,0,1420,1,1,2.41158,1416,2226,2737,1,2.6564,1416,5391,7884,15.5342,42836,1414
1,252,1843611,2188440,1312,657,7730,3.02602,0.840371,1317,-1,ok,0,0,0,0,1316,1,1,0.676815,1312,1388,2432,1,0.736005,1312,2016,6741,8.84773,39358,1312
1,253,334027,2354825,1725,874,100357,49.0438,1.68425,1752,-1,ok,0,0,0,0,1751,1,1,2.22361,1745,2858,3144,1,2.36279,1745,6911,8456,3.54638,8592,1725
1,254,2138232,528223,1703,859,19776,9.17797,1.44455,1720,-1,ok,0,0,0,0,1719,1,1,1.90316,1713,1857,3156,1,1.20121,1713,2672,8893,13.8903,55690,1703
1,255,2920261,1514740,1066,534,30278,13.9247,1.1848,1069,-1,ok,0,0,0,0,1068,1,1,1.8158,1066,1822,1928,1,1.98788,1066,4850,5232,37.4503,142742,1066
1,256,1963166,1687516,403,203,6241,2.83037,0.311843,408,-1,ok,0,0,0,0,407,1,1,0.344824,403,410,782,1,0.25186,403,415,2208,0.301492,870,403
1,257,610635,2538272,1234,620,23083,11.357,1.59751,1247,-1,ok,0,0,0,0,1246,1,1,1.99401,1238,1789,2351,1,1.76214,1238,3405,6562,3.59357,10127,1234
1,258,2978886,649484,1616,809,31986,17.1587,1.835,1625,-1,ok,0,0,0,0,1624,1,1,2.86504,1616,2974,3089,1,2.92375,1616,8163,8772,71.1132,185927,1616
1,259,769160,1514768,962,482,13959,6.07238,0.795617,967,-1,ok,0,0,0,0,966,1,1,0.802448,962,1218,1820,1,0.707292,962,2022,4911,7.39245,34250,962
1,260,3115044,1697807,1444,724,78655,37.5938,1.30111,1449,-1,ok,0,0,0,0,1448,1,1,1.58473,1444,1477,2774,1,0.833017,1444,1606,7931,1.27504,2358,1444
1,261,1835879,2014773,1360,680,27722,13.1842,0.772724,1373,-1,ok,0,0,0,0,1372,1,1,0.628303,1360,1655,2581,1,0.721209,1360,2750,7435,17.4802,82259,1360
1,262,1550309,1217369,267,133,1490,0.807349,0.28818,268,-1,ok,0,0,0,0,267,1,1,0.357057,267,385,529,1,0.297617,267,845,1533,1.32841,4790,267
1,263,1455274,2689959,801,402,11337,5.91479,1.00086,804,-1,ok,0,0,0,0,803,1,1,1.07461,801,801,1473,1,0.651677,801,906,3898,0.688627,831,801
1,264,1863586,2791354,1283,643,49984,21.5826,1.01146,1288,-1,ok,0,0,0,0,1287,1,1,1.00082,1283,1283,2301,1,0.680211,1283,1376,6393,25.4178,109590,1283
1,265,1878699,2430675,931,467,18721,8.82877,0.728843,938,-1,ok,0,0,0,0,937,1,1,0.634936,931,931,1723,1,0.431507,931,931,4857,2.56327,11881,931
1,266,1109092,2589721,1865,934,75638,32.5091,1.40776,1872,-1,ok,0,0,0,0,1871,1,1,1.94167,1865,3350,3428,1,2.69625,1865,8937,9323,177.017,563016,1865
1,267,2786859,1809984,1068,536,20246,8.32084,0.919999,1079,-1,ok,0,0,0,0,1078,1,1,1.03876,1068,1086,1977,1,0.668499,1068,1146,5403,4.99444,13936,1068
1,268,2948186,2866807,424,213,4393,1.66085,0.217085,427,-1,ok,0,0,0,0,426,1,1,0.15523,424,424,852,1,0.154469,424,424,2560,0.137858,424,424
1,269,837275,3217710,2157,1080,122208,58.9497,2.06021,2162,-1,ok,0,0,0,0,2161,1,1,2.36321,2157,2157,4026,1,1.31065,2157,2157,11250,2.13153,4785,2157
1,270,1633134,3007164,1393,698,68747,33.1747,1.27883,1398,-1,ok,0,0,0,0,1397,1,1,1.5044,1393,1393,2625,1,1.0743,1393,2070,6945,0.694127,2433,1393
1,271,3177553,363823,1951,975,7538,4.47809,1.97401,1956,-1,ok,0,0,0,0,1955,1,1,2.96642,1951,2817,3589,1,2.783,1951,5999,9866,63.8003,213424,1951
1,272,1545611,2173818,374,187,1778,1.22343,0.584842,375,-1,ok,0,0,0,0,374,1,1,0.533547,374,385,730,1,0.288079,374,421,2152,0.379849,672,374
1,273,2234670,1030403,742,373,9432,4.72882,0.986435,747,-1,ok,0,0,0,0,746,1,1,1.26511,742,1166,1446,1,1.1497,742,2755,4084,5.30422,21480,742
1,274,1061263,517752,391,197,1933,1.02254,0.512467,396,-1,ok,0,0,0,0,395,1,1,0.584313,391,391,605,1,0.261538,391,392,1743,0.297436,391,391
1,275,2611184,1093057,1834,919,48497,23.0767,1.53693,1841,-1,ok,0,0,0,0,1840,1,1,1.95415,1834,1950,3400,1,1.30549,1834,2442,9089,5.46157,23458,1834
1,276,1860944,3238002,887,445,1898,1.31285,1.13832,890,-1,ok,0,0,0,0,889,1,1,1.24765,887,975,1371,1,0.665453,887,1274,3923,2.12846,7360,887
1,277,2169703,1399028,791,396,11546,5.47178,0.779277,796,-1,ok,0,0,0,0,795,1,1,0.737999,791,832,1301,1,0.499003,791,1126,3667,7.01656,33161,791
1,278,1948620,2128617,131,67,493,0.275044,0.121566,134,-1,ok,0,0,0,0,133,1,1,0.103424,131,149,257,1,0.128992,131,286,726,0.705359,2436,131
1,279,2566018,882646,1597,800,48425,25.6592,1.71651,1602,-1,ok,0,0,0,0,1601,1,1,2.77058,1597,2778,2973,1,2.72076,1597,7234,8166,220.436,617665,1597
1,280,929280,999352,167,84,2844,1.25374,0.094787,168,-1,ok,0,0,0,0,167,1,1,0.108302,167,167,336,1,0.067267,167,167,956,0.059651,167,167
1,281,924154,2537686,1628,817,83160,43.9203,1.44862,1635,-1,ok,0,0,0,0,1634,1,1,1.63718,1630,1653,3056,1,1.07466,1630,2221,8466,3.23368,10751,1628
1,282,2000652,1137046,874,438,26701,11.6623,0.852835,877,-1,ok,0,0,0,0,876,1,1,0.864447,874,874,1511,1,0.533578,874,874,4204,0.379601,889,874
1,283,2582565,607763,1299,651,36230,15.9518,1.63502,1304,-1,ok,0,0,0,0,1303,1,1,2.1776,1299,1299,2369,1,1.07285,1299,1299,7013,0.965305,1299,1299
1,284,3245185,785165,2684,1344,38003,17.6706,2.11111,2693,-1,ok,0,0,0,0,2692,1,1,2.96064,2684,3471,5006,1,2.97927,2684,6260,13518,65.3518,258035,2684
1,285,1231498,2364091,1022,511,19663,8.84987,1.06474,1023,-1,ok,0,0,0,0,1022,1,1,1.10025,1022,1022,1901,1,0.618346,1022,1030,4921,1.87654,5477,1022
1,286,1066192,1226502,199,100,2520,1.12798,0.161121,200,-1,ok,0,0,0,0,199,1,1,0.161602,199,199,400,1,0.089819,199,199,1204,0.069018,199,199
1,287,1869193,2052669,328,164,2309,1.04288,0.297236,331,-1,ok,0,0,0,0,330,1,1,0.240159,328,361,466,1,0.248955,328,808,1346,4.66451,21267,328
1,288,2994814,3098447,829,416,8950,3.5518,0.414725,834,-1,ok,0,0,0,0,833,1,1,0.295002,829,1135,1638,1,0.446194,829,1749,4818,3.84082,17762,829
1,289,1797269,848583,613,308,6750,3.43229,0.757245,618,-1,ok,0,0,0,0,617,1,1,0.976525,613,613,1214,1,0.474998,613,613,3587,0.658911,1897,613
1,290,1214793,1750358,1135,567,6985,3.31813,0.755832,1138,-1,ok,0,0,0,0,1137,1,1,0.821206,1135,1642,2181,1,1.07899,1135,3668,6197,15.95,68787,1135
1,291,2831898,2102650,653,327,11835,5.49946,0.675542,656,-1,ok,0,0,0,0,655,1,1,0.915852,653,653,1234,1,0.443008,653,701,3517,0.576759,653,653
1,292,2244867,2707981,771,387,13606,5.36992,0.524389,778,-1,ok,0,0,0,0,777,1,1,0.535312,771,771,1467,1,0.376573,771,920,4025,2.84338,10128,771
1,293,1073058,1365640,1214,607,30823,10.8673,0.692174,1215,-1,ok,0,0,0,0,1214,1,1,0.614328,1214,1833,2307,1,1.0242,1214,4399,6717,29.7012,125923,1214
1,294,2216425,1540683,1508,756,5150,2.33724,1.04535,1519,-1,ok,0,0,0,0,1518,1,1,1.0311,1510,1558,2829,1,0.838757,1510,2104,7565,77.389,291143,1508
1,295,2060741,2215164,463,232,4719,2.05516,0.295032,464,-1,ok,0,0,0,0,463,1,1,0.249425,463,463,865,1,0.184837,463,463,2462,0.134942,463,463
1,296,1441555,704228,1628,815,52382,24.0877,1.1116,1631,-1,ok,0,0,0,0,1630,1,1,1.49814,1628,2778,3092,1,1.97501,1628,7109,8738,50.2922,206765,1628
1,297,2513611,686770,1174,589,42503,22.1811,1.36597,1179,-1,ok,0,0,0,0,1178,1,1,1.82101,1174,1174,2177,1,0.840562,1174,1175,5981,5.873,16039,1174
1,298,1306030,2886412,938,471,8879,5.88401,1.24448,943,-1,ok,0,0,0,0,942,1,1,1.4234,938,1310,1812,1,1.18177,938,2878,4869,10.829,32381,938
1,299,404356,1929489,1380,690,29672,13.1133,1.52183,1381,-1,ok,0,0,0,0,1380,1,1,1.59951,1380,1380,2458,1,0.827627,1380,1421,6438,5.39811,18896,1380
2,0,2654607,497695,1710,428,29697,11.9011,2.25832,1721,-1,ok,0,0,0,0,1720,1,1,2.24583,1710,1924,5829,1,1.43059,1710,2874,16302,4.59632,12833,1710
2,1,2221473,1571062,1589,402,3471,1.34699,1.26029,1632,-1,ok,0,0,0,0,1631,1,1,1.3824,1609,4655,5380,1,2.41846,1609,10997,15231,41.0838,160357,1589
2,2,641811,2589149,1344,336,6254,2.65526,1.97088,1347,-1,ok,0,0,0,0,1346,1,1,1.71795,1344,1344,4494,1,1.13331,1344,1925,12322,1.78951,3632,1344
2,3,2250714,2339143,278,70,758,0.285002,0.177912,287,-1,ok,0,0,0,0,286,1,1,0.09558,278,278,1079,1,0.081603,278,278,3151,0.082955,278,278
2,4,2536396,353659,1876,473,4622,1.95866,2.12352,1899,-1,ok,0,0,0,0,1898,1,1,2.432,1896,3265,6266,1,2.26649,1896,7038,17376,9.70522,28227,1876
2,5,916591,1430479,1191,298,4049,1.44762,0.979652,1208,-1,ok,0,0,0,0,1207,1,1,0.760681,1191,1981,4403,1,1.18122,1191,4979,12429,35.9448,132776,1191
2,6,500826,2935247,2173,544,30804,11.2223,2.56774,2186,-1,ok,0,0,0,0,2185,1,1,2.25869,2173,2269,7662,1,1.51213,2173,2944,21101,10.0716,31438,2173
2,7,2429283,2288496,465,117,1809,0.638894,0.333333,472,-1,ok,0,0,0,0,471,1,1,0.179034,465,465,1757,1,0.151844,465,465,5292,0.208501,804,465
2,8,502542,1287255,645,162,3167,1.35153,0.799254,662,-1,ok,0,0,0,0,661,1,1,0.864786,645,1700,2288,1,1.28424,645,4493,6472,17.1088,63467,645
2,9,2726054,800471,1487,372,18154,6.43297,1.88335,1500,-1,ok,0,0,0,0,1499,1,1,1.88683,1487,1703,4457,1,1.02897,1487,2169,13003,1.33108,2150,1487
2,10,3031784,709412,1662,417,12684,5.82581,2.14677,1671,-1,ok,0,0,0,0,1670,1,1,2.36561,1662,1662,6016,1,1.278,1662,1662,16745,37.301,146083,1662
2,11,813038,2649998,1861,467,1836,1.00196,1.97677,1888,-1,ok,0,0,0,0,1887,1,1,1.67259,1861,1861,5552,1,1.18435,1861,2557,15666,1.12438,2064,1861
2,12,2906523,1340129,1264,316,7080,2.92482,1.5719,1267,-1,ok,0,0,0,0,1266,1,1,1.49641,1264,1264,4536,1,0.842625,1264,1686,12502,23.5437,73256,1264
2,13,2198005,2773306,1504,376,7698,2.57401,1.12281,1513,-1,ok,0,0,0,0,1512,1,1,1.51795,1506,5003,5674,1,2.98629,1506,12764,15135,51.5466,197182,1504
2,14,1009630,2195480,1009,252,5184,2.09516,1.30587,1010,-1,ok,0,0,0,0,1009,1,1,1.09562,1009,1009,3605,1,0.790007,1009,1721,9889,2.65508,8169,1009
2,15,2077961,2827531,1186,297,11824,4.18067,1.0831,1205,-1,ok,0,0,0,0,1204,1,1,0.762926,1186,1186,4543,1,0.535982,1186,1546,12761,30.0176,125454,1186
2,16,1553701,2469994,602,152,163,0.257843,0.859076,623,-1,ok,0,0,0,0,622,1,1,0.718674,602,608,2235,1,0.349504,602,626,6275,0.798343,1976,602
2,17,2490161,384400,1409,353,4009,1.76075,1.79374,1414,-1,ok,0,0,0,0,1413,1,1,2.1803,1409,1927,4876,1,1.07637,1409,1428,13274,1.48951,1693,1409
2,18,2599025,2034587,1669,419,12931,5.0774,4.39271,1698,-1,ok,0,0,0,0,1697,1,1,1.50892,1669,3476,6350,1,1.89238,1669,7751,18087,34.3768,141895,1669
2,19,1181060,2927824,1734,434,31380,13.554,1.92949,1749,-1,ok,0,0,0,0,1748,1,1,1.63875,1734,1734,6224,1,0.900363,1734,1776,16909,12.5833,51628,1734
2,20,645781,614849,395,100,681,0.25187,0.257761,402,-1,ok,0,0,0,0,401,1,1,0.205233,395,501,1481,1,0.317124,395,1571,4214,2.37204,12656,395
2,21,2468056,2256643,1145,286,2120,0.788023,0.710969,1158,-1,ok,0,0,0,0,1157,1,1,0.557542,1145,2093,4339,1,0.9473,1145,4607,12189,8.6203,41640,1145
2,22,251497,3219170,2176,546,45274,19.1524,2.8373,2207,-1,ok,0,0,0,0,2206,1,1,2.82331,2180,2530,8041,1,1.79141,2180,4306,22891,28.0275,83714,2176
2,23,569297,2803754,1948,487,22021,8.08924,2.23012,1959,-1,ok,0,0,0,0,1958,1,1,3.52127,1948,6527,6697,1,5.35271,1948,17576,18186,221.468,673122,1948
2,24,2520461,1501553,674,170,1348,0.752487,0.953282,689,-1,ok,0,0,0,0,688,1,1,0.934127,674,1238,2583,1,0.755592,674,1986,7332,2.13499,7515,674
2,25,2003860,731758,1205,306,1439,0.699086,1.28489,1228,-1,ok,0,0,0,0,1227,1,1,1.25079,1225,1434,3955,1,0.878103,1225,2131,10682,6.59825,31467,1205
2,26,613334,2557422,1168,293,723,0.590072,1.85343,1185,-1,ok,0,0,0,0,1184,1,1,2.85849,1174,4134,4437,1,4.33271,1174,11346,12567,7.54536,30286,1168
2,27,387537,2005469,1167,293,9547,3.65553,1.64653,1176,-1,ok,0,0,0,0,1175,1,1,1.46385,1167,1167,4418,1,0.800202,1167,1171,12504,1.37041,3473,1167
2,28,344125,2584166,2379,596,30923,11.3834,2.50583,2400,-1,ok,0,0,0,0,2399,1,1,3.93553,2379,7659,8171,1,5.81519,2379,20109,21685,487.906,1.28006e+06,2379
2,29,2992346,1955386,784,197,3375,1.36963,0.991442,799,-1,ok,0,0,0,0,798,1,1,0.976225,784,1409,2537,1,0.821285,784,2897,7423,12.2474,52143,784
2,30,2891864,2043208,1327,333,17941,6.12735,1.1953,1352,-1,ok,0,0,0,0,1351,1,1,1.03493,1327,1637,4204,1,0.78181,1327,2384,11931,17.2786,79579,1327
2,31,593449,1109625,711,179,2274,0.866449,0.765651,716,-1,ok,0,0,0,0,715,1,1,0.541252,711,714,2385,1,0.348071,711,777,6604,0.94177,3075,711
2,32,2770066,477636,2303,580,22531,8.22744,2.32727,2332,-1,ok,0,0,0,0,2331,1,1,2.89512,2313,4267,8148,1,2.91333,2313,9097,22688,5.01274,15953,2303
2,33,1568488,2024378,743,187,4090,1.48119,0.721618,752,-1,ok,0,0,0,0,751,1,1,0.498271,743,743,2749,1,0.327822,743,772,7701,0.742617,2836,743
2,34,2636861,1355914,1868,470,10039,3.76399,1.57273,1889,-1,ok,0,0,0,0,1888,1,1,1.93998,1868,3500,7157,1,2.37852,1868,8825,20440,27.7682,120630,1868
2,35,2807379,1728601,1223,306,2900,1.34771,1.44024,1242,-1,ok,0,0,0,0,1241,1,1,1.21247,1223,1511,4138,1,0.931422,1223,2350,10886,4.02173,16354,1223
2,36,548195,1129534,384,96,221,0.209412,0.483243,393,-1,ok,0,0,0,0,392,1,1,0.492862,384,409,1281,1,0.228197,384,453,3520,0.374841,384,384
2,37,1403079,1097550,787,197,2532,0.841983,0.755251,794,-1,ok,0,0,0,0,793,1,1,0.794255,787,2244,2687,1,1.26419,787,5881,7518,26.0197,114224,787
2,38,1098506,2400310,1127,283,8625,2.99815,1.3804,1138,-1,ok,0,0,0,0,1137,1,1,1.16475,1127,1127,4021,1,0.601876,1127,1127,11416,0.820835,1127,1127
2,39,549302,2763681,1609,403,23884,8.54543,2.03556,1622,-1,ok,0,0,0,0,1621,1,1,1.86925,1609,1610,5508,1,1.09041,1609,1885,15759,34.9789,121137,1609
2,40,2830387,1329031,990,249,3234,1.59775,1.40045,1019,-1,ok,0,0,0,0,1018,1,1,1.35135,994,1176,3525,1,0.809082,994,1565,10021,3.15939,12620,990
2,41,2571837,1609971,1200,302,8246,3.07693,1.22076,1217,-1,ok,0,0,0,0,1216,1,1,1.06424,1200,1308,4216,1,0.756424,1200,1945,11704,0.829811,2243,1200
2,42,2269545,949398,1480,372,11703,4.35071,1.44572,1495,-1,ok,0,0,0,0,1494,1,1,1.43587,1480,1694,5155,1,1.08035,1480,2804,13998,2.34272,7900,1480
2,43,2386550,2005422,1757,440,23421,8.38542,1.20548,1778,-1,ok,0,0,0,0,1777,1,1,1.39269,1757,5323,6629,1,2.70985,1757,13997,18429,79.7536,350924,1757
2,44,3228329,1091487,1429,359,15309,6.36772,1.94124,1442,-1,ok,0,0,0,0,1441,1,1,2.10743,1429,1460,5358,1,1.03513,1429,1763,15330,1.59022,1429,1429
2,45,1252674,2899369,1220,306,4144,1.67424,1.78995,1233,-1,ok,0,0,0,0,1232,1,1,1.46284,1220,1220,4190,1,0.811316,1220,1586,11224,8.88375,38831,1220
2,46,1245004,2631833,1742,437,13727,5.06162,1.77835,1771,-1,ok,0,0,0,0,1770,1,1,1.40978,1742,1742,6235,1,1.05263,1742,2104,17121,10.1803,45741,1742
2,47,2746631,1120353,1791,450,9031,3.36565,1.72453,1814,-1,ok,0,0,0,0,1813,1,1,2.09666,1791,3503,6340,1,2.39403,1791,8438,17610,22.5022,94508,1791
2,48,1545941,1034885,778,196,940,0.522436,0.960946,797,-1,ok,0,0,0,0,796,1,1,0.806508,778,1335,2741,1,0.660676,778,2715,6757,34.917,113131,778
2,49,707664,3179843,2152,538,46720,16.4609,2.31259,2159,-1,ok,0,0,0,0,2158,1,1,2.22876,2152,2152,7604,1,1.25474,2152,2152,21225,2.41392,4780,2152
2,50,2697605,251222,1758,441,1367,1.00794,2.17729,1781,-1,ok,0,0,0,0,1780,1,1,3.78159,1758,5618,6505,1,5.49369,1758,16084,18364,51.2758,150765,1758
2,51,598957,1160461,516,131,3250,1.25356,0.587469,525,-1,ok,0,0,0,0,524,1,1,0.586918,516,1545,1977,1,1.03847,516,4170,5406,16.1347,59572,516
2,52,2808838,629110,1283,326,3365,1.70185,1.78711,1318,-1,ok,0,0,0,0,1317,1,1,2.52252,1297,2834,4947,1,2.09152,1297,4889,14237,1.75274,3610,1283
2,53,2674667,2450469,1734,435,7379,2.58087,1.43551,1749,-1,ok,0,0,0,0,1748,1,1,1.29729,1734,3134,6434,1,1.61782,1734,6944,18124,21.0078,104186,1734
2,54,902226,2397303,1907,477,22207,7.68034,1.7766,1926,-1,ok,0,0,0,0,1925,1,1,1.5511,1907,2097,6603,1,1.05307,1907,2618,17841,10.8142,48095,1907
2,55,3160580,2590500,1640,410,13077,4.19416,1.19528,1649,-1,ok,0,0,0,0,1648,1,1,1.72829,1640,5736,5928,1,3.46834,1640,15799,16527,77.8922,319538,1640
2,56,3063115,1271576,1534,384,8031,3.30771,1.69368,1539,-1,ok,0,0,0,0,1538,1,1,1.8201,1534,1534,5430,1,0.962669,1534,1751,14713,18.8871,70700,1534
2,57,471188,1449834,1138,284,3510,1.45298,1.1421,1151,-1,ok,0,0,0,0,1150,1,1,1.52208,1138,3988,4030,1,2.59709,1138,10488,11195,43.9632,188958,1138
2,58,1353978,2059850,918,233,6711,2.54288,1.142,933,-1,ok,0,0,0,0,932,1,1,1.38125,918,2973,3416,1,1.84889,918,7818,9265,83.5146,240846,918
2,59,2540733,1967844,911,228,2825,0.997886,0.865307,920,-1,ok,0,0,0,0,919,1,1,0.740705,911,1486,2712,1,0.742127,911,3118,7680,37.3665,149390,911
2,60,2700562,1997667,1296,325,5944,2.077,1.01619,1309,-1,ok,0,0,0,0,1308,1,1,0.805835,1296,1327,4290,1,0.632843,1296,1734,12528,7.65799,37558,1296
2,61,1637568,2044505,363,91,669,0.305852,0.431387,372,-1,ok,0,0,0,0,371,1,1,0.330547,363,373,1235,1,0.180047,363,458,3454,0.982736,4049,363
2,62,1801679,2696751,1870,469,3043,1.27872,1.41785,1903,-1,ok,0,0,0,0,1902,1,1,2.08586,1870,6550,6699,1,4.1985,1870,17955,18450,97.186,366815,1870
2,63,598957,2906552,1287,322,3136,1.57346,1.92565,1288,-1,ok,0,0,0,0,1287,1,1,1.83569,1287,1287,5152,1,1.13285,1287,1287,15472,1.42697,1287,1287
2,64,1955372,794087,930,234,3755,1.47288,1.12869,939,-1,ok,0,0,0,0,938,1,1,1.09011,930,930,3472,1,0.536602,930,931,9679,0.677536,1021,930
2,65,2039260,2947726,1193,301,5286,2.07859,1.22921,1204,-1,ok,0,0,0,0,1203,1,1,1.15418,1193,1529,3930,1,0.751435,1193,2183,10878,16.8509,65520,1193
2,66,556924,1599250,705,177,1442,0.744351,0.937513,708,-1,ok,0,0,0,0,707,1,1,0.875978,705,705,2595,1,0.495686,705,747,7348,1.16187,3444,705
2,67,278380,2626389,2296,579,34250,12.7554,2.30928,2329,-1,ok,0,0,0,0,2328,1,1,3.04035,2316,6102,7735,1,4.27975,2316,15594,21343,5.41492,19686,2296
2,68,2339398,455629,2015,504,29461,10.523,1.99931,2022,-1,ok,0,0,0,0,2021,1,1,2.04055,2015,2085,7183,1,1.32977,2015,2560,20147,1.78634,5306,2015
2,69,2397188,1012607,1150,289,4455,1.83078,1.4177,1163,-1,ok,0,0,0,0,1162,1,1,1.34336,1150,1175,4133,1,0.772064,1150,1551,11631,1.12474,2867,1150
2,70,2467967,715435,1642,415,12325,4.9547,1.74054,1677,-1,ok,0,0,0,0,1676,1,1,1.97416,1662,3004,4957,1,2.06894,1662,6703,13938,9.24782,39324,1642
2,71,279709,835397,829,209,9563,3.61529,0.747929,840,-1,ok,0,0,0,0,839,1,1,0.666887,829,1131,3182,1,0.518309,829,1595,9029,1.1709,4287,829
2,72,825921,1088080,805,202,1935,0.686853,0.533076,810,-1,ok,0,0,0,0,809,1,1,0.627063,805,2135,2968,1,1.15453,805,5498,8220,8.92284,43024,805
2,73,2686056,3089348,412,104,1610,0.685271,0.500837,413,-1,ok,0,0,0,0,412,1,1,0.400941,412,746,1198,1,0.443259,412,1612,2898,8.90272,36298,412
2,74,935096,1634738,947,239,10091,3.57002,0.929217,962,-1,ok,0,0,0,0,961,1,1,0.710869,949,949,3440,1,0.73309,949,2349,9754,11.33,51377,947
2,75,384006,760874,877,220,1435,0.571468,0.665535,884,-1,ok,0,0,0,0,883,1,1,0.50758,877,1183,3214,1,0.491228,877,1701,9013,9.41351,45115,877
2,76,1947155,898061,889,224,2220,0.960916,1.11908,902,-1,ok,0,0,0,0,901,1,1,1.03463,889,891,2983,1,0.509712,889,1096,8071,2.50705,9792,889
2,77,658137,789793,329,83,712,0.232154,0.247714,334,-1,ok,0,0,0,0,333,1,1,0.170489,329,332,1291,1,0.112421,329,364,3489,0.228849,1038,329
2,78,363830,2056905,2015,505,13736,5.36603,1.87375,2028,-1,ok,0,0,0,0,2027,1,1,1.67357,2015,2135,7172,1,1.04052,2015,2340,19585,9.47799,34458,2015
2,79,1761748,2892020,756,190,4355,1.74195,1.02187,761,-1,ok,0,0,0,0,760,1,1,0.930148,756,756,2887,1,0.65869,756,1159,8377,10.3354,38399,756
2,80,2351211,2029768,1106,278,5832,1.95099,0.958331,1133,-1,ok,0,0,0,0,1132,1,1,0.736427,1106,1823,3991,1,0.795648,1106,3515,10821,13.2734,53987,1106
2,81,647090,520796,364,91,1507,0.585153,0.226454,367,-1,ok,0,0,0,0,366,1,1,0.163667,364,364,1434,1,0.14939,364,364,4263,0.159948,364,364
2,82,2202913,1998284,1606,402,11195,3.90176,1.17157,1625,-1,ok,0,0,0,0,1624,1,1,1.27026,1606,4238,5497,1,2.35155,1606,11041,15020,78.074,347668,1606
2,83,2307907,2951731,1581,396,12325,4.37955,1.06832,1588,-1,ok,0,0,0,0,1587,1,1,0.783384,1581,1581,6116,1,0.624809,1581,1594,16548,11.1674,49167,1581
2,84,1871832,591133,1610,415,22085,8.55538,1.57178,1689,-1,ok,0,0,0,0,1688,1,1,1.53162,1658,2255,5748,1,1.2401,1658,4054,15861,10.9481,45309,1610
2,85,1820468,769068,784,197,4348,1.6902,1.00223,793,-1,ok,0,0,0,0,792,1,1,0.955863,784,833,2965,1,0.50344,784,803,8161,0.569414,784,784
2,86,618657,2879486,1405,352,6596,2.86911,1.91651,1418,-1,ok,0,0,0,0,1417,1,1,2.03194,1405,2453,4693,1,2.13198,1405,6384,14147,12.2149,40711,1405
2,87,759127,2437547,1913,483,18436,7.32709,1.83865,1944,-1,ok,0,0,0,0,1943,1,1,2.38247,1933,5402,6560,1,3.4868,1933,13926,17973,27.6403,111220,1913
2,88,2003626,436977,2082,521,20449,7.44383,1.81714,2097,-1,ok,0,0,0,0,2096,1,1,2.85293,2082,7001,7356,1,4.85539,2082,18898,20132,230.016,756660,2082
2,89,2088216,2111650,95,24,100,0.079328,0.098724,96,-1,ok,0,0,0,0,95,1,1,0.098764,95,165,299,1,0.072596,95,326,805,0.424243,1473,95
2,90,2481203,2200930,683,172,1446,0.578803,0.49749,694,-1,ok,0,0,0,0,693,1,1,0.398546,683,683,2599,1,0.25679,683,755,7427,0.466553,1582,683
2,91,1827763,2791217,1053,265,3465,1.29167,1.16889,1080,-1,ok,0,0,0,0,1079,1,1,1.50247,1053,3021,3409,1,2.11965,1053,7776,9132,67.1588,247542,1053
2,92,1980418,1582954,557,145,1403,0.565537,0.490616,590,-1,ok,0,0,0,0,589,1,1,0.415016,577,939,1935,1,0.517387,577,2021,5604,0.311122,557,557
2,93,705039,752842,1000,251,3971,1.42309,0.665654,1019,-1,ok,0,0,0,0,1018,1,1,0.670634,1000,2651,3669,1,1.23589,1000,6526,10080,18.0438,86677,1000
2,94,1158854,739502,341,85,411,0.249457,0.437097,352,-1,ok,0,0,0,0,351,1,1,0.543977,341,1019,1272,1,0.659241,341,2701,3680,4.84865,20212,341
2,95,1350833,836719,972,243,3811,1.20916,0.763346,977,-1,ok,0,0,0,0,976,1,1,0.587858,972,972,3502,1,0.441356,972,1083,9696,10.0344,46976,972
2,96,1556785,647066,1224,308,10391,3.69283,1.12365,1237,-1,ok,0,0,0,0,1236,1,1,0.963541,1224,1259,4668,1,0.651378,1224,1341,12557,7.66356,34441,1224
2,97,1944954,1109435,783,197,4477,1.64799,0.963891,790,-1,ok,0,0,0,0,789,1,1,0.831013,783,783,2788,1,0.475759,783,783,7650,0.578382,783,783
2,98,2668191,348531,1839,460,12041,4.85244,2.00314,1846,-1,ok,0,0,0,0,1845,1,1,3.53423,1839,5640,5866,1,4.96107,1839,15273,16132,120.022,416088,1839
2,99,476033,1903328,1168,293,6841,2.8927,1.56656,1177,-1,ok,0,0,0,0,1176,1,1,2.10747,1168,3425,3850,1,3.24651,1168,9897,11370,124.452,311275,1168
2,100,795218,590026,122,32,80,0.084168,0.222667,133,-1,ok,0,0,0,0,132,1,1,0.16047,122,128,494,1,0.0745,122,122,1469,0.087314,122,122
2,101,763468,1260833,843,211,4372,1.60515,0.650717,844,-1,ok,0,0,0,0,843,1,1,0.914429,843,2982,3211,1,1.8026,843,8133,9425,18.796,79344,843
2,102,3155979,534005,2083,522,24604,9.15667,2.58326,2104,-1,ok,0,0,0,0,2103,1,1,2.88103,2083,2299,6588,1,1.46832,2083,3021,19022,37.0196,119986,2083
2,103,2671843,2035386,1097,276,7465,2.7168,0.958842,1108,-1,ok,0,0,0,0,1107,1,1,0.717541,1097,1097,3737,1,0.564245,1097,1482,10869,5.80171,28074,1097
2,104,1072087,2077094,1175,297,6756,2.75978,1.3483,1202,-1,ok,0,0,0,0,1201,1,1,1.72732,1175,3801,4320,1,2.72735,1175,10124,12020,33.4696,119881,1175
2,105,1830266,867972,1628,408,8205,3.13436,1.42036,1635,-1,ok,0,0,0,0,1634,1,1,1.24539,1628,1897,5793,1,1.01107,1628,2997,16221,35.4214,143047,1628
2,106,2009385,672463,1221,306,7785,2.92462,1.42751,1234,-1,ok,0,0,0,0,1233,1,1,1.40092,1221,1246,4289,1,0.757165,1221,1313,11566,2.02587,7357,1221
2,107,1277732,1289510,1175,295,5578,1.95634,0.917835,1180,-1,ok,0,0,0,0,1179,1,1,0.822377,1175,2234,4150,1,1.0423,1175,5082,11709,20.5177,98639,1175
2,108,383929,2086407,1268,318,12740,4.76895,1.72637,1277,-1,ok,0,0,0,0,1276,1,1,1.55793,1268,1268,4803,1,0.890845,1268,1272,13625,19.8647,67976,1268
2,109,2032078,1699736,1336,336,2729,1.04642,0.860297,1351,-1,ok,0,0,0,0,1350,1,1,0.693686,1336,2008,5116,1,1.00034,1336,4107,14700,5.2881,25701,1336
2,110,958411,907673,588,146,2432,0.811487,0.518118,597,-1,ok,0,0,0,0,596,1,1,0.47117,588,1340,1798,1,0.627354,588,3426,5103,9.67983,46637,588
2,111,345881,908168,999,251,8477,2.68997,0.810004,1002,-1,ok,0,0,0,0,1001,1,1,0.630028,999,999,3740,1,0.424032,999,999,10353,12.2991,62389,999
2,112,921927,2826328,1275,318,4676,2.06718,1.74786,1292,-1,ok,0,0,0,0,1291,1,1,2.1314,1275,3597,4788,1,2.35905,1275,8887,13692,31.5804,96671,1275
2,113,558628,2150100,1156,290,7368,2.94677,1.55223,1165,-1,ok,0,0,0,0,1164,1,1,1.34566,1156,1156,4104,1,0.867031,1156,1590,11210,33.0028,83510,1156
2,114,732091,2459630,1421,356,5748,2.30673,1.71752,1444,-1,ok,0,0,0,0,1443,1,1,1.61211,1425,2004,4364,1,1.36149,1425,3097,12477,1.27578,2801,1421
2,115,398823,391093,624,156,1537,0.604581,0.464198,637,-1,ok,0,0,0,0,636,1,1,0.386894,624,1627,2327,1,0.777753,624,4182,6497,6.39221,30337,624
2,116,1510629,2959878,1054,265,9373,3.78403,1.40464,1065,-1,ok,0,0,0,0,1064,1,1,1.2492,1054,1054,4060,1,0.56194,1054,1054,11650,19.0073,65295,1054
2,117,2096552,3082996,592,149,1798,0.911613,0.812639,593,-1,ok,0,0,0,0,592,1,1,0.812739,592,592,2384,1,0.357959,592,592,7029,0.512188,592,592
2,118,773297,2535823,1305,327,1208,0.637422,1.6587,1322,-1,ok,0,0,0,0,1321,1,1,2.48201,1311,3989,4255,1,3.29666,1311,10990,12282,12.519,27954,1305
2,119,1540653,367496,2008,502,17708,6.58056,1.72296,2015,-1,ok,0,0,0,0,2014,1,1,1.50595,2008,2031,7247,1,1.00945,2008,2109,19783,1.00855,2196,2008
2,120,457915,1822951,1394,350,1257,0.727308,1.47326,1411,-1,ok,0,0,0,0,1410,1,1,1.27174,1394,1514,4879,1,0.910512,1394,2137,13267,0.70072,1394,1394
2,121,2144069,523360,2086,525,20857,7.5265,1.82718,2115,-1,ok,0,0,0,0,2114,1,1,2.80728,2106,6840,7024,1,4.74142,2106,18837,19427,242.105,785226,2086
2,122,1935902,3090329,1268,319,10159,3.87014,1.32872,1279,-1,ok,0,0,0,0,1278,1,1,1.15951,1268,1364,4469,1,0.765342,1268,1613,12289,0.958482,1489,1268
2,123,2854140,1596178,937,235,2978,1.32095,1.20074,942,-1,ok,0,0,0,0,941,1,1,1.2595,937,937,3643,1,0.89928,937,1117,10181,0.816657,1482,937
2,124,1967913,1747145,807,202,409,0.311913,0.577951,820,-1,ok,0,0,0,0,819,1,1,0.431618,807,1345,2824,1,0.581056,807,2846,8192,1.76413,7908,807
2,125,2263205,1655305,838,217,8353,2.75274,0.884725,879,-1,ok,0,0,0,0,878,1,1,0.698566,862,991,2990,1,0.445904,862,1437,8158,0.426718,1240,838
2,126,2506297,1143924,984,248,643,0.441916,1.40969,993,-1,ok,0,0,0,0,992,1,1,1.33248,984,984,3297,1,0.646128,984,1015,8688,3.05974,8287,984
2,127,1448472,1364093,562,142,2206,0.808422,0.567621,569,-1,ok,0,0,0,0,568,1,1,0.405618,562,895,1878,1,0.431246,562,1650,4973,7.95684,34287,562
2,128,1724010,2154870,1418,360,3796,1.4307,1.03639,1455,-1,ok,0,0,0,0,1454,1,1,1.06246,1438,4181,5140,1,2.21032,1438,11254,14898,46.3588,199433,1418
2,129,840467,2529952,1656,416,5326,2.22042,1.89426,1669,-1,ok,0,0,0,0,1668,1,1,1.72015,1656,2055,4929,1,1.0166,1656,2211,13798,11.8574,49614,1656
2,130,1792217,1212610,345,87,354,0.236982,0.551781,352,-1,ok,0,0,0,0,351,1,1,0.454029,345,721,1355,1,0.476631,345,1716,4009,0.923566,2952,345
2,131,1328134,3208212,1967,492,18759,6.67643,2.0139,1990,-1,ok,0,0,0,0,1989,1,1,1.87658,1967,2129,7059,1,1.41492,1967,2960,19323,10.0528,39324,1967
2,132,2891864,1675347,959,240,933,0.578792,1.20359,966,-1,ok,0,0,0,0,965,1,1,1.13561,959,968,3385,1,0.591916,959,960,9367,1.00816,2811,959
2,133,2410465,2443796,1103,277,4534,1.384,0.692564,1120,-1,ok,0,0,0,0,1119,1,1,0.592258,1103,2424,4146,1,1.07011,1103,5521,11417,12.036,59149,1103
2,134,558433,2250280,1093,274,6192,2.55138,1.61225,1098,-1,ok,0,0,0,0,1097,1,1,1.50512,1093,1093,4110,1,0.980373,1093,1868,11856,1.31354,2191,1093
2,135,1187532,720690,1013,254,4184,1.51797,0.85046,1018,-1,ok,0,0,0,0,1017,1,1,1.3097,1013,3496,3643,1,1.97527,1013,8905,9516,28.897,126857,1013
2,136,2710078,1125700,1258,315,12355,4.55355,1.62808,1263,-1,ok,0,0,0,0,1262,1,1,1.6056,1258,1328,4422,1,1.03224,1258,1803,12100,3.09107,8328,1258
2,137,342829,2650131,1580,397,13260,5.54733,2.08773,1591,-1,ok,0,0,0,0,1590,1,1,2.0498,1580,1580,5652,1,1.03739,1580,1580,15991,49.5787,188923,1580
2,138,381156,591400,523,132,284,0.180476,0.410357,528,-1,ok,0,0,0,0,527,1,1,0.367908,523,1348,1784,1,0.597307,523,2964,4896,2.49089,11973,523
2,139,620591,3052362,1412,353,8897,3.18125,2.11541,1419,-1,ok,0,0,0,0,1418,1,1,2.07693,1412,1454,5500,1,1.12248,1412,1555,16338,1.44922,1800,1412
2,140,1838465,1180686,1541,386,1294,0.607325,1.27024,1582,-1,ok,0,0,0,0,1581,1,1,1.45531,1541,4521,5687,1,2.53622,1541,12282,15603,132.379,448735,1541
2,141,2808277,2315654,851,214,2073,0.871208,0.653771,872,-1,ok,0,0,0,0,871,1,1,0.678539,851,1137,3222,1,0.461662,851,1547,9132,2.24455,10053,851
2,142,2598310,2422034,222,56,639,0.238035,0.19796,229,-1,ok,0,0,0,0,228,1,1,0.129051,222,222,892,1,0.082244,222,222,2620,0.098845,222,222
2,143,2845436,1668194,730,184,496,0.365493,0.935078,749,-1,ok,0,0,0,0,748,1,1,1.34594,736,2319,2684,1,1.73642,736,6051,7377,9.13737,31596,730
2,144,2382918,526772,1377,344,4903,2.02393,1.78712,1390,-1,ok,0,0,0,0,1389,1,1,1.77622,1377,1377,5006,1,0.926011,1377,1470,14037,21.7446,75408,1377
2,145,1931999,438444,1275,321,6829,2.57626,1.45054,1296,-1,ok,0,0,0,0,1295,1,1,1.4808,1275,1286,4381,1,0.803742,1275,1310,11664,0.937122,1275,1275
2,146,2679978,515339,2241,562,54077,21.575,2.15972,2268,-1,ok,0,0,0,0,2267,1,1,2.53904,2247,3613,7806,1,2.13176,2247,6528,21072,4.24967,15905,2241
2,147,2803019,1915102,1793,450,13738,4.59828,1.46239,1826,-1,ok,0,0,0,0,1825,1,1,2.13309,1793,6082,6344,1,4.22853,1793,16878,17808,116.96,368034,1793
2,148,913089,1331566,1323,330,4030,1.46133,1.10301,1336,-1,ok,0,0,0,0,1335,1,1,1.21266,1323,3945,4803,1,2.02961,1323,10468,13640,75.4358,271251,1323
2,149,634343,2276336,1305,328,1332,0.915902,1.73718,1312,-1,ok,0,0,0,0,1311,1,1,1.48842,1305,1305,4527,1,0.913989,1305,1664,12532,1.03717,1305,1305
2,150,1481794,3181212,1228,308,4246,1.9603,1.76403,1245,-1,ok,0,0,0,0,1244,1,1,1.56145,1228,1412,4156,1,1.16385,1228,2803,11000,30.7562,92183,1228
2,151,1474634,422363,1314,329,7544,2.76145,1.22421,1323,-1,ok,0,0,0,0,1322,1,1,1.16521,1314,1314,4822,1,0.647471,1314,1317,13337,2.47409,9827,1314
2,152,1834575,3226322,1174,294,5221,2.09626,1.40916,1189,-1,ok,0,0,0,0,1188,1,1,1.31341,1174,1234,3849,1,0.996955,1174,2365,10258,36.2181,122962,1174
2,153,3024705,540222,1863,467,17200,7.28812,2.24765,1872,-1,ok,0,0,0,0,1871,1,1,2.48448,1863,1863,6828,1,1.20156,1863,1863,19210,36.3611,123487,1863
2,154,3044639,2920559,189,48,380,0.175588,0.158788,200,-1,ok,0,0,0,0,199,1,1,0.192699,189,189,747,1,0.095339,189,206,2115,0.097271,189,189
2,155,1228220,1631674,478,120,1298,0.507579,0.479213,483,-1,ok,0,0,0,0,482,1,1,0.291045,478,478,1683,1,0.219811,478,612,4612,0.217596,480,478
2,156,1536072,283775,1199,300,5482,1.77389,1.26923,1202,-1,ok,0,0,0,0,1201,1,1,1.26767,1199,1326,4271,1,0.740613,1199,1202,11749,1.49878,4874,1199
2,157,3193672,1640899,1490,373,13122,5.04688,1.58575,1513,-1,ok,0,0,0,0,1512,1,1,1.61482,1490,1503,5243,1,1.05599,1490,2682,14409,2.55786,9740,1490
2,158,1364886,1417986,1253,319,4166,1.50243,1.0254,1288,-1,ok,0,0,0,0,1287,1,1,1.06083,1273,4138,4539,1,2.07599,1273,11397,12760,70.6198,284265,1253
2,159,1323479,1948892,1160,292,2174,0.9676,1.08502,1175,-1,ok,0,0,0,0,1174,1,1,0.762415,1166,1329,3934,1,0.56156,1166,1610,10849,2.34946,9077,1160
2,160,329635,3138202,2157,541,38984,15.4179,2.49202,2180,-1,ok,0,0,0,0,2179,1,1,4.5754,2157,7591,7661,1,7.72828,2157,21223,21457,189.859,565662,2157
2,161,2199138,2165892,958,241,2078,0.841163,0.651879,969,-1,ok,0,0,0,0,968,1,1,0.614258,960,2989,3635,1,1.49511,960,8378,10222,15.0196,73053,958
2,162,2332432,2665491,284,72,731,0.340345,0.367556,295,-1,ok,0,0,0,0,294,1,1,0.33175,284,486,1088,1,0.269635,284,952,3165,1.63551,6170,284
2,163,2554867,820141,1438,361,11205,4.04726,1.70188,1451,-1,ok,0,0,0,0,1450,1,1,1.71773,1438,1438,4822,1,0.900553,1438,1533,12823,2.0152,5278,1438
2,164,816636,1589983,1083,272,3422,1.29783,1.01266,1092,-1,ok,0,0,0,0,1091,1,1,0.689939,1083,1083,3306,1,0.577229,1083,1330,9335,0.547083,1377,1083
2,165,2144577,2486159,628,158,1691,0.715627,0.552042,653,-1,ok,0,0,0,0,652,1,1,0.606684,628,1610,2249,1,0.844649,628,3693,6072,7.52654,37091,628
2,166,2257019,735014,1996,505,18358,6.90412,1.9392,2037,-1,ok,0,0,0,0,2036,1,1,2.72461,2006,6382,6758,1,4.31785,2006,17129,18409,184.586,639164,1996
2,167,2095650,935010,1005,257,5706,2.22668,1.21419,1040,-1,ok,0,0,0,0,1039,1,1,1.5003,1027,2814,3022,1,1.98218,1027,7750,8656,3.25815,14265,1005
2,168,312457,989659,778,195,587,0.324658,0.857664,789,-1,ok,0,0,0,0,788,1,1,0.724905,778,975,2289,1,0.393285,778,1101,5510,1.2827,3848,778
2,169,2882141,1067685,1170,293,1515,1.2104,1.67934,1183,-1,ok,0,0,0,0,1182,1,1,2.08198,1170,2410,4411,1,1.33867,1170,3962,12562,13.6326,53399,1170
2,170,1662824,2681105,1085,273,5289,2.15517,1.23015,1108,-1,ok,0,0,0,0,1107,1,1,0.97437,1085,1120,3858,1,0.563382,1085,1326,10700,4.8157,21575,1085
2,171,1703180,546367,1232,308,1305,0.624749,1.27129,1249,-1,ok,0,0,0,0,1248,1,1,1.49379,1232,1246,4298,1,0.70643,1232,1273,11547,2.7803,9405,1232
2,172,2090483,588991,1314,329,10210,3.85008,1.56251,1341,-1,ok,0,0,0,0,1340,1,1,1.64277,1314,1522,4449,1,0.905002,1314,2116,13012,3.27581,13362,1314
2,173,2669970,1153251,1524,381,14538,5.25525,1.59675,1537,-1,ok,0,0,0,0,1536,1,1,1.6341,1524,1740,4367,1,0.981273,1524,2421,12408,1.06035,2581,1524
2,174,2801102,1556461,1651,414,33378,12.2961,1.47845,1676,-1,ok,0,0,0,0,1675,1,1,1.44196,1651,1968,5945,1,1.04238,1651,2862,16401,10.1506,33732,1651
2,175,2862760,2446461,730,184,6769,2.25429,0.618014,745,-1,ok,0,0,0,0,744,1,1,0.421247,730,798,2743,1,0.324156,730,831,7415,0.636721,2114,730
2,176,1728209,2803901,1739,435,9979,3.30613,1.51616,1750,-1,ok,0,0,0,0,1749,1,1,2.21551,1739,5868,6483,1,3.93754,1739,15207,17446,54.6927,205878,1739
2,177,330269,1345015,1018,256,9809,3.86055,1.20405,1037,-1,ok,0,0,0,0,1036,1,1,1.00693,1018,1018,3625,1,0.615671,1018,1165,10323,1.77483,5477,1018
2,178,3017924,2896984,407,103,607,0.246731,0.265146,410,-1,ok,0,0,0,0,409,1,1,0.204392,407,407,1577,1,0.132889,407,421,4420,1.93319,9887,407
2,179,910292,1126401,229,58,110,0.096059,0.237052,232,-1,ok,0,0,0,0,231,1,1,0.271948,229,229,826,1,0.134722,229,229,2424,0.145572,329,229
2,180,2006593,1670863,1240,310,3628,1.40352,0.840101,1257,-1,ok,0,0,0,0,1256,1,1,0.612305,1240,1747,4598,1,0.805175,1240,3372,13369,3.84031,18067,1240
2,181,2078347,3155254,1385,348,3128,1.2909,1.71883,1402,-1,ok,0,0,0,0,1401,1,1,1.67691,1385,2784,4981,1,1.47737,1385,6417,14434,122.456,376164,1385
2,182,2709648,2878665,277,70,762,0.317914,0.207668,282,-1,ok,0,0,0,0,281,1,1,0.156792,277,277,1030,1,0.126316,277,314,3018,0.121117,314,277
2,183,460429,2828556,1989,498,21559,9.28059,2.2882,2010,-1,ok,0,0,0,0,2009,1,1,2.23129,1989,2346,6973,1,1.77022,1989,3862,19236,3.21158,8183,1989
2,184,909956,1352984,474,119,1043,0.450672,0.43846,477,-1,ok,0,0,0,0,476,1,1,0.29909,474,474,1538,1,0.259034,474,632,4348,3.88981,19392,474
2,185,2598310,614849,1241,311,3568,1.44154,1.63546,1262,-1,ok,0,0,0,0,1261,1,1,1.88202,1241,1457,4203,1,0.911604,1241,1922,11728,0.939546,1243,1241
2,186,1732162,381072,1507,377,9393,3.42537,1.46456,1512,-1,ok,0,0,0,0,1511,1,1,2.29393,1507,4529,5105,1,3.19121,1507,11736,13615,138.506,461122,1507
2,187,2864255,987151,1339,339,5843,2.51256,1.70911,1370,-1,ok,0,0,0,0,1369,1,1,2.03829,1359,2439,3933,1,2.11715,1359,6247,11712,3.39874,11474,1339
2,188,613280,1998545,1505,377,18979,7.64931,1.59756,1516,-1,ok,0,0,0,0,1515,1,1,1.42917,1505,1806,5051,1,1.02933,1505,2471,13595,6.88961,27552,1505
2,189,769257,2619619,1324,332,13167,4.87468,1.81752,1337,-1,ok,0,0,0,0,1336,1,1,1.78356,1324,2193,5109,1,2.93104,1324,4227,14578,8.80892,33516,1324
2,190,1700379,924636,488,124,1380,0.735124,0.71654,497,-1,ok,0,0,0,0,496,1,1,0.563293,488,488,1930,1,0.26278,488,488,5581,0.938546,2717,488
2,191,489236,2011181,1701,427,19573,7.74727,1.68898,1718,-1,ok,0,0,0,0,1717,1,1,1.58513,1701,1999,6113,1,1.26074,1701,3108,16855,6.9923,29617,1701
2,192,1225462,1170705,1015,254,1864,0.726868,0.739513,1018,-1,ok,0,0,0,0,1017,1,1,0.556029,1015,1771,3546,1,0.790848,1015,3852,10079,10.3496,50850,1015
2,193,1873151,1744747,675,170,1042,0.377134,0.543025,684,-1,ok,0,0,0,0,683,1,1,0.259996,675,675,2582,1,0.246341,675,778,7367,3.10853,15703,675
2,194,2468599,2302602,643,161,1778,0.622894,0.576707,662,-1,ok,0,0,0,0,661,1,1,0.512208,643,1425,2164,1,0.717101,643,3184,5482,12.5479,59069,643
2,195,2943977,2062115,628,157,2789,1.18041,0.88248,639,-1,ok,0,0,0,0,638,1,1,0.859216,628,687,2355,1,0.37496,628,773,6759,1.11172,2590,628
2,196,587996,382135,775,195,1325,0.512387,0.53506,782,-1,ok,0,0,0,0,781,1,1,0.376303,775,775,2857,1,0.247473,775,775,7857,4.99245,25018,775
2,197,1795388,2559139,975,244,2313,0.924978,1.1239,980,-1,ok,0,0,0,0,979,1,1,0.757375,975,975,3387,1,0.504533,975,1167,9091,0.479245,975,975
2,198,430706,1816036,1949,489,1662,0.826134,1.95893,1978,-1,ok,0,0,0,0,1977,1,1,2.78468,1949,6946,7060,1,4.79726,1949,19311,19669,228.099,727212,1949
2,199,2709791,743716,1567,392,24672,9.72698,1.83661,1576,-1,ok,0,0,0,0,1575,1,1,1.92443,1567,1568,5741,1,0.948483,1567,1601,16532,22.3233,74094,1567
2,200,2317486,1682523,790,198,889,0.433931,0.855619,811,-1,ok,0,0,0,0,810,1,1,0.69085,790,924,2632,1,0.443268,790,1441,6939,1.58102,7120,790
2,201,848074,2660956,1289,324,9668,3.48724,1.75235,1306,-1,ok,0,0,0,0,1305,1,1,1.48306,1289,1289,4282,1,0.821195,1289,1423,12209,11.9291,41549,1289
2,202,2051630,2425358,880,221,3528,1.21367,0.703686,897,-1,ok,0,0,0,0,896,1,1,0.441965,880,880,3405,1,0.348952,880,971,9475,2.55414,12520,880
2,203,2138232,3170486,1784,448,16365,6.02728,1.69974,1801,-1,ok,0,0,0,0,1800,1,1,1.49531,1784,2183,6133,1,1.06007,1784,3237,17156,29.831,104969,1784
2,204,1443071,807450,574,144,997,0.498062,0.640026,579,-1,ok,0,0,0,0,578,1,1,0.635348,574,574,2083,1,0.329907,574,670,5532,0.605963,1132,574
2,205,1144422,3049691,2080,525,16364,5.80704,2.21985,2135,-1,ok,0,0,0,0,2134,1,1,2.82263,2100,5965,6668,1,4.17242,2100,15753,17967,214.182,753132,2080
2,206,377442,2376747,1648,413,6756,2.86791,1.93803,1655,-1,ok,0,0,0,0,1654,1,1,1.85937,1648,2017,5031,1,1.31926,1648,3359,13861,5.12152,15424,1648
2,207,1401797,2931005,1642,416,8509,3.39363,1.75731,1689,-1,ok,0,0,0,0,1688,1,1,1.53936,1662,2088,5369,1,1.27161,1662,3571,14503,0.86134,1642,1642
2,208,2488208,1785008,991,249,948,0.469097,0.895134,1004,-1,ok,0,0,0,0,1003,1,1,0.675603,991,1022,3412,1,0.503923,991,1226,9247,0.519752,1460,991
2,209,2517430,2632913,587,148,2218,0.815754,0.555137,602,-1,ok,0,0,0,0,601,1,1,0.516094,587,1263,2111,1,0.586657,587,2971,5771,12.7328,55759,587
2,210,1804529,2670473,625,157,913,0.360775,0.956909,632,-1,ok,0,0,0,0,631,1,1,0.726688,625,625,2286,1,0.344304,625,727,6306,0.376052,814,625
2,211,792304,2700845,1601,401,15626,5.15242,1.84332,1602,-1,ok,0,0,0,0,1601,1,1,1.72645,1601,1601,5971,1,0.938533,1601,1601,17448,4.19745,14838,1601
2,212,292558,448522,757,190,2592,1.01217,0.481871,774,-1,ok,0,0,0,0,773,1,1,0.522566,757,1660,2849,1,0.806347,757,3836,8179,3.94522,20443,757
2,213,2987559,1182868,2093,523,2758,1.32597,2.09396,2110,-1,ok,0,0,0,0,2109,1,1,2.05504,2093,2164,7318,1,1.39678,2093,3045,19863,5.5369,20670,2093
2,214,3031564,1350417,1027,258,4303,1.94262,1.51064,1038,-1,ok,0,0,0,0,1037,1,1,2.46898,1027,3446,3860,1,3.74148,1027,9778,10981,20.1731,53496,1027
2,215,3155823,373649,2172,551,28231,11.2243,2.549,2225,-1,ok,0,0,0,0,2224,1,1,3.00415,2202,3023,7608,1,2.05701,2202,5011,20395,10.6422,37219,2172
2,216,371781,1935939,921,233,2987,1.45004,1.51297,940,-1,ok,0,0,0,0,939,1,1,1.81355,921,2862,3593,1,2.30842,921,5785,10657,8.65616,28771,921
2,217,2855984,2571946,520,130,4103,1.33113,0.39083,521,-1,ok,0,0,0,0,520,1,1,0.34736,520,520,2028,1,0.238606,520,620,5894,0.221254,520,520
2,218,465556,3102078,1943,487,25352,10.6266,2.46835,1952,-1,ok,0,0,0,0,1951,1,1,2.37236,1943,1943,6477,1,1.52456,1943,2736,18240,1.27954,2235,1943
2,219,3106562,1461822,2273,570,34875,13.5533,2.0042,2296,-1,ok,0,0,0,0,2295,1,1,3.32051,2273,7960,8125,1,5.59351,2273,21485,22062,277.915,900726,2273
2,220,2389443,1100586,779,196,2940,1.30337,1.17042,796,-1,ok,0,0,0,0,795,1,1,1.52333,779,2427,2982,1,1.84298,779,5922,8633,7.73968,30377,779
2,221,1209891,3199598,1812,454,30119,11.9689,2.0818,1827,-1,ok,0,0,0,0,1826,1,1,1.83914,1812,1812,6131,1,1.41439,1812,3037,16389,5.10255,13983,1812
2,222,1628263,3038908,1441,359,5578,2.35611,1.62455,1454,-1,ok,0,0,0,0,1453,1,1,2.06192,1441,4079,4717,1,2.86489,1441,10324,12292,139.406,488535,1441
2,223,996318,538495,877,221,4150,1.55867,0.77525,892,-1,ok,0,0,0,0,891,1,1,0.574054,877,973,3294,1,0.412701,877,1129,9555,0.448508,877,877
2,224,2666230,1916875,1680,422,7973,2.64737,1.23417,1711,-1,ok,0,0,0,0,1710,1,1,1.87713,1680,5704,5896,1,3.82005,1680,15810,16478,95.669,339882,1680
2,225,1214391,1343195,898,226,3394,1.23939,0.627402,911,-1,ok,0,0,0,0,910,1,1,0.360382,900,941,3418,1,0.420276,900,1653,9648,4.82563,21905,898
2,226,650861,1693026,614,155,225,0.275034,0.919007,627,-1,ok,0,0,0,0,626,1,1,0.801327,614,614,2139,1,0.382084,614,617,6454,0.669461,614,614
2,227,1007288,1215730,474,120,1109,0.343512,0.293829,485,-1,ok,0,0,0,0,484,1,1,0.206655,474,474,1831,1,0.162643,474,474,5159,1.74325,9166,474
2,228,2161129,565602,1613,405,12501,4.51588,1.67011,1624,-1,ok,0,0,0,0,1623,1,1,1.66736,1613,1683,5788,1,1.06974,1613,2158,16183,1.30934,2367,1613
2,229,2785103,1597956,1513,380,4485,1.81294,1.40271,1546,-1,ok,0,0,0,0,1545,1,1,1.29401,1513,1650,5129,1,0.883471,1513,2271,13639,1.78064,6665,1513
2,230,1392321,355276,821,206,6021,2.32988,1.12179,828,-1,ok,0,0,0,0,827,1,1,1.02259,821,917,2879,1,0.510284,821,821,7813,0.587447,857,821
2,231,2051789,1806580,591,147,1103,0.443449,0.452996,592,-1,ok,0,0,0,0,591,1,1,0.535671,591,1421,2206,1,0.751094,591,3294,6139,4.41782,21480,591
2,232,1102446,3057237,1135,286,2713,1.4574,1.66154,1148,-1,ok,0,0,0,0,1147,1,1,1.75208,1135,1798,4349,1,1.57358,1135,3937,12524,4.03609,13027,1135
2,233,2397085,1013039,923,231,3872,1.74911,1.50875,930,-1,ok,0,0,0,0,929,1,1,1.39031,923,923,3543,1,0.852855,923,1521,10269,4.39476,14385,923
2,234,1287529,1866275,1267,318,1681,0.685902,1.04647,1278,-1,ok,0,0,0,0,1277,1,1,0.713123,1267,1387,4374,1,0.544218,1267,1576,12061,4.04945,19969,1267
2,235,1687683,418136,1252,313,15357,5.90279,1.44686,1255,-1,ok,0,0,0,0,1254,1,1,1.34237,1252,1348,4159,1,0.723803,1252,1306,11303,18.6808,65454,1252
2,236,2722809,932643,2100,526,38256,14.4908,2.05438,2115,-1,ok,0,0,0,0,2114,1,1,2.23261,2100,2567,7483,1,1.5788,2100,3924,20551,7.60412,31293,2100
2,237,2665523,3047256,1417,356,5060,1.96854,1.75744,1428,-1,ok,0,0,0,0,1427,1,1,1.6679,1417,3199,5230,1,1.64318,1417,7601,15004,105.718,291273,1417
2,238,1923409,2905912,843,211,2686,1.29006,1.05611,852,-1,ok,0,0,0,0,851,1,1,0.872421,843,878,2812,1,0.497219,843,922,7641,3.0269,12908,843
2,239,875283,1311303,664,167,1820,0.653972,0.751765,683,-1,ok,0,0,0,0,682,1,1,0.818682,664,1163,2390,1,0.714073,664,2917,6537,7.90411,37825,664
2,240,2918198,639738,1606,407,8815,3.55195,1.91759,1641,-1,ok,0,0,0,0,1640,1,1,2.46748,1626,2961,5011,1,2.52395,1626,7422,14777,2.09785,3865,1606
2,241,1337751,1159597,145,37,305,0.178974,0.16546,152,-1,ok,0,0,0,0,151,1,1,0.15484,145,145,564,1,0.060744,145,145,1634,0.08453,145,145
2,242,1804529,3222731,986,248,3181,1.39119,1.34683,1011,-1,ok,0,0,0,0,1010,1,1,1.40517,986,1495,3848,1,1.1676,986,2621,11066,16.1874,52110,986
2,243,2545706,1651771,1162,291,11001,4.21254,1.12566,1183,-1,ok,0,0,0,0,1182,1,1,0.974141,1162,1209,4012,1,0.608959,1162,1578,10827,1.52291,5020,1162
2,244,807710,2239366,1940,490,25202,10.1173,1.78181,1965,-1,ok,0,0,0,0,1964,1,1,2.02523,1960,4606,5944,1,3.12436,1960,11943,16871,28.178,116749,1940
2,245,3201629,632825,1631,409,2054,1.38941,2.17306,1650,-1,ok,0,0,0,0,1649,1,1,3.7519,1637,5424,5634,1,5.22532,1637,13762,15773,10.9789,38880,1631
2,246,2019093,3174345,1036,260,4344,1.7572,1.25237,1049,-1,ok,0,0,0,0,1048,1,1,1.0398,1036,1286,3659,1,0.733461,1036,1911,10280,2.18834,9263,1036
2,247,2955346,1703765,1276,320,11481,4.40754,1.38138,1287,-1,ok,0,0,0,0,1286,1,1,1.31943,1276,1450,4687,1,0.861119,1276,2036,13219,4.27753,12131,1276
2,248,541380,1361733,957,239,3015,1.29478,0.980473,960,-1,ok,0,0,0,0,959,1,1,0.836994,957,1122,3386,1,0.697995,957,2071,9406,4.76904,21833,957
2,249,3113781,786831,2642,662,47398,16.4887,2.40109,2653,-1,ok,0,0,0,0,2652,1,1,2.53139,2642,2712,9393,1,1.66901,2642,3187,25740,25.6613,107553,2642
2,250,726020,696308,1081,271,11229,3.49111,0.735163,1094,-1,ok,0,0,0,0,1093,1,1,0.631251,1081,2286,4061,1,1.05291,1081,5332,11199,11.3969,50498,1081
2,251,553589,2992564,1414,354,4857,2.11918,2.07628,1439,-1,ok,0,0,0,0,1438,1,1,2.55024,1420,3632,5311,1,3.06695,1420,9534,15543,15.5342,42836,1414
2,252,1843611,2188440,1312,330,4439,1.559,0.991934,1331,-1,ok,0,0,0,0,1330,1,1,0.693949,1312,1690,4537,1,0.66332,1312,2590,12261,8.84773,39358,1312
2,253,334027,2354825,1725,436,3604,1.70614,2.06779,1752,-1,ok,0,0,0,0,1751,1,1,2.61639,1745,4963,5815,1,3.54948,1745,12767,16019,3.54638,8592,1725
2,254,2138232,528223,1703,431,14817,5.66015,1.83119,1736,-1,ok,0,0,0,0,1735,1,1,1.7989,1713,2420,6206,1,1.63824,1713,4749,17346,13.8903,55690,1703
2,255,2920261,1514740,1066,268,6775,2.66865,1.32862,1085,-1,ok,0,0,0,0,1084,1,1,2.21455,1066,3227,3552,1,2.81389,1066,8777,9913,37.4503,142742,1066
2,256,1963166,1687516,403,101,1219,0.462294,0.400188,408,-1,ok,0,0,0,0,407,1,1,0.27799,403,408,1506,1,0.18164,403,404,4336,0.301492,870,403
2,257,610635,2538272,1234,309,6560,2.80149,1.90326,1247,-1,ok,0,0,0,0,1246,1,1,1.82793,1234,1522,4579,1,1.22377,1234,2718,13049,3.59357,10127,1234
2,258,2978886,649484,1616,404,7981,3.54697,2.17097,1627,-1,ok,0,0,0,0,1626,1,1,3.5334,1616,5669,6020,1,4.62403,1616,15748,17090,71.1132,185927,1616
2,259,769160,1514768,962,243,2947,1.17643,0.990703,981,-1,ok,0,0,0,0,980,1,1,0.867271,962,1618,3414,1,0.838317,962,3082,9216,7.39245,34250,962
2,260,3115044,1697807,1444,362,9191,4.53449,1.49668,1457,-1,ok,0,0,0,0,1456,1,1,1.64412,1444,1541,5370,1,0.914239,1444,1789,15278,1.27504,2358,1444
2,261,1835879,2014773,1360,340,5936,2.25743,0.931551,1403,-1,ok,0,0,0,0,1402,1,1,0.67412,1360,2203,5074,1,0.870137,1360,4146,14479,17.4802,82259,1360
2,262,1550309,1217369,267,68,380,0.219361,0.328475,272,-1,ok,0,0,0,0,271,1,1,0.426085,267,631,1075,1,0.437247,267,1565,3113,1.32841,4790,267
2,263,1455274,2689959,801,201,2022,0.878393,1.21898,812,-1,ok,0,0,0,0,811,1,1,1.00463,801,806,2731,1,0.560047,801,807,7507,0.688627,831,801
2,264,1863586,2791354,1283,322,8567,3.23515,1.23591,1302,-1,ok,0,0,0,0,1301,1,1,0.985272,1283,1283,4441,1,0.550199,1283,1312,12039,25.4178,109590,1283
2,265,1878699,2430675,931,234,2802,1.1263,0.900133,948,-1,ok,0,0,0,0,947,1,1,0.575705,931,931,3387,1,0.413152,931,942,9619,2.56327,11881,931
2,266,1109092,2589721,1865,467,14905,5.99823,1.71108,1884,-1,ok,0,0,0,0,1883,1,1,2.62133,1865,6181,6425,1,4.11723,1865,15830,17246,177.017,563016,1865
2,267,2786859,1809984,1068,269,5340,2.13573,1.09019,1093,-1,ok,0,0,0,0,1092,1,1,1.10535,1068,1169,3810,1,0.769348,1068,1502,10477,4.99444,13936,1068
2,268,2948186,2866807,424,107,1152,0.418601,0.271538,431,-1,ok,0,0,0,0,430,1,1,0.17157,424,424,1712,1,0.163867,424,424,5152,0.137858,424,424
2,269,837275,3217710,2157,540,44860,16.0746,2.32365,2168,-1,ok,0,0,0,0,2167,1,1,2.27758,2157,2253,7556,1,1.57519,2157,2494,21115,2.13153,4785,2157
2,270,1633134,3007164,1393,350,12096,4.66017,1.46301,1418,-1,ok,0,0,0,0,1417,1,1,1.24415,1393,1489,4681,1,0.844829,1393,1738,12638,0.694127,2433,1393
2,271,3177553,363823,1951,489,15473,5.95962,2.47431,1964,-1,ok,0,0,0,0,1963,1,1,3.41478,1951,4487,6921,1,4.02503,1951,10855,19265,63.8003,213424,1951
2,272,1545611,2173818,374,94,517,0.368759,0.590643,383,-1,ok,0,0,0,0,382,1,1,0.395598,374,411,1466,1,0.224009,374,477,4315,0.379849,672,374
2,273,2234670,1030403,742,187,1700,0.777562,1.05652,755,-1,ok,0,0,0,0,754,1,1,1.37553,742,2162,2776,1,1.67864,742,5023,7947,5.30422,21480,742
2,274,1061263,517752,391,100,996,0.454259,0.513922,404,-1,ok,0,0,0,0,403,1,1,0.504713,391,391,1410,1,0.206456,391,391,4088,0.297436,391,391
2,275,2611184,1093057,1834,460,23347,8.60824,1.95227,1851,-1,ok,0,0,0,0,1850,1,1,2.03867,1834,2280,6326,1,1.44444,1834,3739,17219,5.46157,23458,1834
2,276,1860944,3238002,887,224,683,0.481941,1.29983,900,-1,ok,0,0,0,0,899,1,1,1.24674,887,1146,3029,1,0.764108,887,1718,7947,2.12846,7360,887
2,277,2169703,1399028,791,198,2016,0.859376,0.845151,806,-1,ok,0,0,0,0,805,1,1,0.748279,791,929,2456,1,0.498763,791,1439,7105,7.01656,33161,791
2,278,1948620,2128617,131,35,148,0.087934,0.180406,142,-1,ok,0,0,0,0,141,1,1,0.158076,131,190,504,1,0.135533,131,536,1428,0.705359,2436,131
2,279,2566018,882646,1597,400,20968,7.2886,1.93623,1608,-1,ok,0,0,0,0,1607,1,1,2.87174,1597,4998,5516,1,3.88611,1597,13322,15112,220.436,617665,1597
2,280,929280,999352,167,42,330,0.144751,0.140753,168,-1,ok,0,0,0,0,167,1,1,0.073377,167,167,672,1,0.051516,167,167,2000,0.059651,167,167
2,281,924154,2537686,1628,408,1791,0.892759,1.80175,1651,-1,ok,0,0,0,0,1650,1,1,2.49669,1636,5196,5654,1,3.47712,1636,12483,15405,3.23368,10751,1628
2,282,2000652,1137046,874,219,3358,1.28421,0.984982,879,-1,ok,0,0,0,0,878,1,1,0.810805,874,882,2666,1,0.47065,874,994,7569,0.379601,889,874
2,283,2582565,607763,1299,326,9812,3.77959,1.74993,1312,-1,ok,0,0,0,0,1311,1,1,1.8653,1299,1299,4337,1,0.968941,1299,1301,12995,0.965305,1299,1299
2,284,3245185,785165,2684,673,20162,7.31571,2.48216,2705,-1,ok,0,0,0,0,2704,1,1,3.1539,2684,4846,9386,1,3.46769,2684,10462,25680,65.3518,258035,2684
2,285,1231498,2364091,1022,256,8223,3.18683,1.19568,1027,-1,ok,0,0,0,0,1026,1,1,0.965957,1022,1022,3693,1,0.545521,1022,1022,10030,1.87654,5477,1022
2,286,1066192,1226502,199,50,644,0.267229,0.216826,200,-1,ok,0,0,0,0,199,1,1,0.141115,199,199,800,1,0.065774,199,199,2416,0.069018,199,199
2,287,1869193,2052669,328,82,513,0.202599,0.311122,335,-1,ok,0,0,0,0,334,1,1,0.236122,328,441,742,1,0.301513,328,1296,2430,4.66451,21267,328
2,288,2994814,3098447,829,208,2178,0.823269,0.447085,838,-1,ok,0,0,0,0,837,1,1,0.310369,829,1135,3254,1,0.536804,829,2362,9585,3.84082,17762,829
2,289,1797269,848583,613,155,1781,0.790598,0.851902,626,-1,ok,0,0,0,0,625,1,1,0.846602,613,613,2375,1,0.423853,613,613,6926,0.658911,1897,613
2,290,1214793,1750358,1135,285,4369,1.59049,0.97366,1148,-1,ok,0,0,0,0,1147,1,1,1.00719,1135,2748,4231,1,1.57856,1135,6755,12033,15.95,68787,1135
2,291,2831898,2102650,653,164,4109,1.58102,0.754381,668,-1,ok,0,0,0,0,667,1,1,0.767265,653,759,2429,1,0.370652,653,768,6784,0.576759,653,653
2,292,2244867,2707981,771,195,4688,1.37467,0.543967,788,-1,ok,0,0,0,0,787,1,1,0.356087,771,771,2891,1,0.321512,771,781,7510,2.84338,10128,771
2,293,1073058,1365640,1214,305,10493,3.70452,0.857843,1239,-1,ok,0,0,0,0,1238,1,1,0.735324,1214,2360,4668,1,1.28481,1214,6298,13400,29.7012,125923,1214
2,294,2216425,1540683,1508,379,1071,0.5611,1.24218,1535,-1,ok,0,0,0,0,1534,1,1,0.969372,1510,1653,5145,1,0.776091,1510,2307,13950,77.389,291143,1508
2,295,2060741,2215164,463,116,1049,0.397463,0.261789,464,-1,ok,0,0,0,0,463,1,1,0.151072,463,463,1672,1,0.153977,463,505,4782,0.134942,463,463
2,296,1441555,704228,1628,407,14506,4.86388,1.21811,1631,-1,ok,0,0,0,0,1630,1,1,1.6512,1628,5006,6023,1,3.01796,1628,12972,16553,50.2922,206765,1628
2,297,2513611,686770,1174,295,844,0.669092,1.5503,1199,-1,ok,0,0,0,0,1198,1,1,1.66906,1174,1174,4261,1,0.811337,1174,1175,11795,5.873,16039,1174
2,298,1306030,2886412,938,236,2854,1.34536,1.42454,947,-1,ok,0,0,0,0,946,1,1,1.47862,938,1848,3368,1,1.74577,938,5356,9467,10.829,32381,938
2,299,404356,1929489,1380,345,10845,4.92994,1.70174,1395,-1,ok,0,0,0,0,1394,1,1,1.47378,1380,1565,4663,1,0.906204,1380,1836,12363,5.39811,18896,1380
3,0,2654607,497695,1710,215,3225,1.38515,2.43883,1823,-1,ok,0,0,0,0,1822,1,1,3.78337,1716,8776,10674,1,6.59731,1716,23887,31284,4.59632,12833,1710
3,1,2221473,1571062,1589,200,1481,0.567311,1.24698,1656,-1,ok,0,0,0,0,1655,1,1,1.79959,1609,7468,10485,1,4.24728,1609,19096,29258,41.0838,160357,1589
3,2,641811,2589149,1344,169,2942,1.06395,1.76379,1369,-1,ok,0,0,0,0,1368,1,1,1.59461,1344,1702,8649,1,1.36661,1344,3331,23890,1.78951,3632,1344
3,3,2250714,2339143,278,35,184,0.088515,0.191938,287,-1,ok,0,0,0,0,286,1,1,0.10184,278,278,2055,1,0.080491,278,278,6263,0.082955,278,278
3,4,2536396,353659,1876,236,9989,3.21419,2.23395,1949,-1,ok,0,0,0,0,1948,1,1,1.9739,1876,1936,12042,1,1.14208,1876,2054,33103,9.70522,28227,1876
3,5,916591,1430479,1191,150,2343,0.785909,1.07572,1224,-1,ok,0,0,0,0,1223,1,1,1.04519,1191,3891,8361,1,2.0242,1191,9095,23725,35.9448,132776,1191
3,6,500826,2935247,2173,272,7089,2.36322,2.56454,2226,-1,ok,0,0,0,0,2225,1,1,2.30401,2173,2740,14305,1,1.98422,2173,5388,39390,10.0716,31438,2173
3,7,2429283,2288496,465,59,544,0.198151,0.285723,490,-1,ok,0,0,0,0,489,1,1,0.164338,465,465,3585,1,0.265897,465,1050,10401,0.208501,804,465
3,8,502542,1287255,645,83,889,0.362939,0.770972,690,-1,ok,0,0,0,0,689,1,1,0.702342,645,1688,4543,1,1.4158,645,4922,13101,17.1088,63467,645
3,9,2726054,800471,1487,187,4348,1.53147,1.70038,1522,-1,ok,0,0,0,0,1521,1,1,2.41342,1493,4664,10092,1,3.00309,1493,11055,27741,1.33108,2150,1487
3,10,3031784,709412,1662,209,331,0.290823,1.99053,1707,-1,ok,0,0,0,0,1706,1,1,2.97253,1662,5048,11651,1,3.01209,1662,10317,32134,37.301,146083,1662
3,11,813038,2649998,1861,236,8416,3.05683,2.08395,1918,-1,ok,0,0,0,0,1917,1,1,3.19734,1881,8969,12288,1,5.3021,1881,23129,34186,1.12438,2064,1861
3,12,2906523,1340129,1264,158,2397,0.980954,1.63137,1291,-1,ok,0,0,0,0,1290,1,1,1.62467,1268,2350,8576,1,1.61814,1268,4438,24181,23.5437,73256,1264
3,13,2198005,2773306,1504,189,3082,1.00474,1.11976,1537,-1,ok,0,0,0,0,1536,1,1,2.36474,1506,9322,10909,1,5.34436,1506,23103,28579,51.5466,197182,1504
3,14,1009630,2195480,1009,126,1109,0.497079,1.20519,1022,-1,ok,0,0,0,0,1021,1,1,1.02033,1009,1009,6676,1,0.747507,1009,1675,17993,2.65508,8169,1009
3,15,2077961,2827531,1186,149,3550,1.2035,0.989158,1213,-1,ok,0,0,0,0,1212,1,1,0.719034,1186,1216,8419,1,0.44966,1186,1220,23927,30.0176,125454,1186
3,16,1553701,2469994,602,77,98,0.096351,0.814614,647,-1,ok,0,0,0,0,646,1,1,0.622664,602,617,4464,1,0.357199,602,602,12574,0.798343,1976,602
3,17,2490161,384400,1409,177,4241,1.43996,1.71005,1434,-1,ok,0,0,0,0,1433,1,1,2.26589,1409,2989,9210,1,1.01822,1409,1951,25584,1.48951,1693,1409
3,18,2599025,2034587,1669,210,3697,1.1536,1.31596,1714,-1,ok,0,0,0,0,1713,1,1,1.79301,1669,5792,12299,1,3.15056,1669,13966,35011,34.3768,141895,1669
3,19,1181060,2927824,1734,218,5549,1.85175,1.92704,1785,-1,ok,0,0,0,0,1784,1,1,1.58909,1734,1741,11636,1,2.25467,1734,5135,32003,12.5833,51628,1734
3,20,645781,614849,395,50,186,0.095409,0.302296,410,-1,ok,0,0,0,0,409,1,1,0.190626,395,629,2904,1,0.467254,395,2743,8193,2.37204,12656,395
3,21,2468056,2256643,1145,143,659,0.251099,0.668209,1184,-1,ok,0,0,0,0,1183,1,1,0.742328,1145,3345,8287,1,1.62577,1145,8656,22979,8.6203,41640,1145
3,22,251497,3219170,2176,273,6847,2.5392,2.59695,2217,-1,ok,0,0,0,0,2216,1,1,2.64511,2176,2307,15997,1,1.68619,2176,3904,45508,28.0275,83714,2176
3,23,569297,2803754,1948,244,9006,3.15138,2.34726,2003,-1,ok,0,0,0,0,2002,1,1,4.96378,1956,12591,12977,1,9.54065,1956,33450,34844,221.468,673122,1948
3,24,2520461,1501553,674,85,813,0.358429,0.934988,687,-1,ok,0,0,0,0,686,1,1,0.777913,674,692,5001,1,0.804875,674,1958,14492,2.13499,7515,674
3,25,2003860,731758,1205,154,1873,0.694427,1.33777,1250,-1,ok,0,0,0,0,1249,1,1,1.26164,1225,1715,7462,1,0.95243,1225,2969,20293,6.59825,31467,1205
3,26,613334,2557422,1168,147,1376,0.606193,1.61366,1215,-1,ok,0,0,0,0,1214,1,1,3.08697,1174,6319,8357,1,4.69681,1174,17130,23377,7.54536,30286,1168
3,27,387537,2005469,1167,148,1271,0.523338,1.57286,1232,-1,ok,0,0,0,0,1231,1,1,1.23984,1167,1608,8266,1,0.767514,1167,2079,23745,1.37041,3473,1167
3,28,344125,2584166,2379,298,12236,3.97292,2.58284,2458,-1,ok,0,0,0,0,2457,1,1,5.36946,2387,14121,15079,1,10.4243,2387,37404,40255,487.906,1.28006e+06,2379
3,29,2992346,1955386,784,99,906,0.435164,1.03453,809,-1,ok,0,0,0,0,808,1,1,1.02086,784,2173,5328,1,1.13212,784,4526,14692,12.2474,52143,784
3,30,2891864,2043208,1327,167,1090,0.381934,1.11932,1350,-1,ok,0,0,0,0,1349,1,1,0.738922,1327,1416,7538,1,0.591215,1327,1422,22275,17.2786,79579,1327
3,31,593449,1109625,711,90,879,0.323244,0.635869,728,-1,ok,0,0,0,0,727,1,1,0.51811,711,769,4362,1,0.345325,711,995,12277,0.94177,3075,711
3,32,2770066,477636,2303,291,1836,0.782612,2.21597,2368,-1,ok,0,0,0,0,2367,1,1,3.46748,2313,6869,16105,1,4.62272,2313,13574,44533,5.01274,15953,2303
3,33,1568488,2024378,743,94,1158,0.402794,0.635578,780,-1,ok,0,0,0,0,779,1,1,0.409536,743,764,5066,1,0.263563,743,751,14385,0.742617,2836,743
3,34,2636861,1355914,1868,235,2830,0.925249,1.64777,1905,-1,ok,0,0,0,0,1904,1,1,2.41391,1868,6331,14065,1,3.77255,1868,15412,39896,27.7682,120630,1868
3,35,2807379,1728601,1223,153,1476,0.575005,1.23796,1262,-1,ok,0,0,0,0,1261,1,1,1.37257,1223,2170,8094,1,1.08681,1223,3667,21021,4.02173,16354,1223
3,36,548195,1129534,384,49,53,0.083176,0.51916,401,-1,ok,0,0,0,0,400,1,1,0.483373,384,424,2499,1,0.242274,384,544,6779,0.374841,384,384
3,37,1403079,1097550,787,99,1604,0.505055,0.632602,814,-1,ok,0,0,0,0,813,1,1,1.19753,787,4376,5455,1,2.53023,787,11560,15111,26.0197,114224,787
3,38,1098506,2400310,1127,141,1422,0.579192,1.22904,1164,-1,ok,0,0,0,0,1163,1,1,1.00396,1127,1168,7504,1,0.567962,1127,1186,21136,0.820835,1127,1127
3,39,549302,2763681,1609,202,4465,1.3465,1.93814,1648,-1,ok,0,0,0,0,1647,1,1,1.74786,1609,1616,11195,1,1.04269,1609,1875,30536,34.9789,121137,1609
3,40,2830387,1329031,990,125,866,0.391772,1.05342,1021,-1,ok,0,0,0,0,1020,1,1,0.9947,994,1224,6908,1,0.929988,994,1904,19580,3.15939,12620,990
3,41,2571837,1609971,1200,151,1218,0.456372,1.11358,1229,-1,ok,0,0,0,0,1228,1,1,0.820413,1200,1647,8326,1,1.01785,1200,3807,23148,0.829811,2243,1200
3,42,2269545,949398,1480,187,1632,0.637062,1.51713,1521,-1,ok,0,0,0,0,1520,1,1,1.52221,1480,2559,9729,1,1.26134,1480,4287,26800,2.34272,7900,1480
3,43,2386550,2005422,1757,227,2488,0.968191,1.35739,1856,-1,ok,0,0,0,0,1855,1,1,2.27502,1811,9418,12111,1,4.83068,1811,24600,32820,79.7536,350924,1757
3,44,3228329,1091487,1429,181,3928,1.45448,1.86328,1466,-1,ok,0,0,0,0,1465,1,1,1.8656,1429,1429,10737,1,1.6351,1429,4241,30418,1.59022,1429,1429
3,45,1252674,2899369,1220,154,886,0.407862,1.49276,1245,-1,ok,0,0,0,0,1244,1,1,1.12813,1220,1264,8085,1,0.747908,1220,1586,22305,8.88375,38831,1220
3,46,1245004,2631833,1742,218,2867,0.997184,1.62896,1817,-1,ok,0,0,0,0,1816,1,1,2.18585,1748,5651,12069,1,2.90476,1748,12033,33140,10.1803,45741,1742
3,47,2746631,1120353,1791,225,419,0.290193,1.57985,1858,-1,ok,0,0,0,0,1857,1,1,2.63234,1791,6315,11902,1,3.38276,1791,12636,32274,22.5022,94508,1791
3,48,1545941,1034885,778,99,218,0.152765,0.947291,867,-1,ok,0,0,0,0,866,1,1,0.922614,778,1992,4977,1,1.05116,778,4267,13001,34.917,113131,778
3,49,707664,3179843,2152,269,8247,3.05823,2.25398,2187,-1,ok,0,0,0,0,2186,1,1,2.14861,2152,2152,14599,1,1.59312,2152,2152,40767,2.41392,4780,2152
3,50,2697605,251222,1758,220,6511,2.76923,4.48433,1817,-1,ok,0,0,0,0,1816,1,1,3.34983,1776,6219,12482,1,4.39674,1776,16013,35063,51.2758,150765,1758
3,51,598957,1160461,516,66,854,0.353831,0.635117,555,-1,ok,0,0,0,0,554,1,1,0.85028,516,2810,3880,1,1.69243,516,7665,10181,16.1347,59572,516
3,52,2808838,629110,1283,164,2791,1.21719,2.03954,1356,-1,ok,0,0,0,0,1355,1,1,3.44138,1297,4841,9714,1,3.77734,1297,8939,28021,1.75274,3610,1283
3,53,2674667,2450469,1734,219,1979,0.79177,1.60491,1767,-1,ok,0,0,0,0,1766,1,1,1.82315,1734,5273,12515,1,2.67015,1734,12766,35532,21.0078,104186,1734
3,54,902226,2397303,1907,239,6823,2.44343,2.15052,1944,-1,ok,0,0,0,0,1943,1,1,1.63347,1907,2652,12356,1,1.23785,1907,3437,33952,10.8142,48095,1907
3,55,3160580,2590500,1640,205,2820,1.02807,1.40247,1657,-1,ok,0,0,0,0,1656,1,1,3.0084,1640,10833,11233,1,6.48513,1640,29135,30479,77.8922,319538,1640
3,56,3063115,1271576,1534,192,691,0.474306,1.89741,1569,-1,ok,0,0,0,0,1568,1,1,3.10663,1542,7048,10497,1,4.61753,1542,15550,28057,18.8871,70700,1534
3,57,471188,1449834,1138,142,1439,0.659053,1.25841,1195,-1,ok,0,0,0,0,1194,1,1,2.2231,1138,7033,7834,1,4.60174,1138,19527,21499,43.9632,188958,1138
3,58,1353978,2059850,918,116,1697,0.66324,1.21008,945,-1,ok,0,0,0,0,944,1,1,1.66125,918,4162,5020,1,2.67028,918,11991,14828,83.5146,240846,918
3,59,2540733,1967844,911,114,941,0.342941,0.804412,942,-1,ok,0,0,0,0,941,1,1,0.823919,911,2487,5315,1,1.13934,911,5313,15703,37.3665,149390,911
3,60,2700562,1997667,1296,163,497,0.185496,0.898089,1333,-1,ok,0,0,0,0,1332,1,1,0.646769,1296,1346,7849,1,0.570606,1296,1692,22898,7.65799,37558,1296
3,61,1637568,2044505,363,46,125,0.093787,0.459028,388,-1,ok,0,0,0,0,387,1,1,0.290072,363,363,2473,1,0.162103,363,363,6680,0.982736,4049,363
3,62,1801679,2696751,1870,235,2427,0.705568,1.19547,1923,-1,ok,0,0,0,0,1922,1,1,3.20932,1870,12533,12938,1,7.83811,1870,34371,35572,97.186,366815,1870
3,63,598957,2906552,1287,161,901,0.487871,2.03956,1296,-1,ok,0,0,0,0,1295,1,1,1.79257,1287,1287,10304,1,1.00134,1287,1287,30908,1.42697,1287,1287
3,64,1955372,794087,930,117,420,0.237243,0.982196,969,-1,ok,0,0,0,0,968,1,1,0.810224,930,973,6459,1,0.501978,930,949,17673,0.677536,1021,930
3,65,2039260,2947726,1193,151,938,0.409014,1.08366,1236,-1,ok,0,0,0,0,1235,1,1,0.97342,1193,1961,7957,1,0.871028,1193,3434,21644,16.8509,65520,1193
3,66,556924,1599250,705,90,394,0.202899,0.872601,736,-1,ok,0,0,0,0,735,1,1,0.735556,705,705,4975,1,0.564124,705,1316,14050,1.16187,3444,705
3,67,278380,2626389,2296,290,10187,3.10476,2.28529,2371,-1,ok,0,0,0,0,2370,1,1,4.10883,2316,11101,14796,1,7.02719,2316,28854,40476,5.41492,19686,2296
3,68,2339398,455629,2015,253,2416,1.02754,2.06977,2066,-1,ok,0,0,0,0,2065,1,1,2.01826,2015,2665,13269,1,1.45787,2015,3888,36811,1.78634,5306,2015
3,69,2397188,1012607,1150,145,2058,0.787003,1.42845,1183,-1,ok,0,0,0,0,1182,1,1,1.19742,1150,1245,8178,1,0.634407,1150,1363,23056,1.12474,2867,1150
3,70,2467967,715435,1642,207,6921,2.29218,1.65125,1701,-1,ok,0,0,0,0,1700,1,1,1.47103,1648,1712,10474,1,0.895534,1648,1831,28134,9.24782,39324,1642
3,71,279709,835397,829,106,2780,0.883382,0.673398,852,-1,ok,0,0,0,0,851,1,1,0.676854,829,1506,6174,1,0.634858,829,2302,17605,1.1709,4287,829
3,72,825921,1088080,805,101,504,0.193952,0.528458,832,-1,ok,0,0,0,0,831,1,1,1.0122,805,4101,5710,1,2.15035,805,10353,15856,8.92284,43024,805
3,73,2686056,3089348,412,52,340,0.153256,0.457385,421,-1,ok,0,0,0,0,420,1,1,0.50271,412,1232,2212,1,0.805074,412,3062,5704,8.90272,36298,412
3,74,935096,1634738,947,120,807,0.298207,0.839498,1006,-1,ok,0,0,0,0,1005,1,1,0.7384,949,1479,6803,1,1.12142,949,4316,18311,11.33,51377,947
3,75,384006,760874,877,111,682,0.261329,0.678368,938,-1,ok,0,0,0,0,937,1,1,0.418473,877,877,6149,1,0.425716,877,1616,16586,9.41351,45115,877
3,76,1947155,898061,889,112,563,0.258985,0.935919,912,-1,ok,0,0,0,0,911,1,1,0.911223,889,998,5535,1,0.552723,889,1046,14264,2.50705,9792,889
3,77,658137,789793,329,42,194,0.073698,0.296144,356,-1,ok,0,0,0,0,355,1,1,0.13356,329,347,2546,1,0.103002,329,350,7042,0.228849,1038,329
3,78,363830,2056905,2015,253,1267,0.476961,1.76554,2064,-1,ok,0,0,0,0,2063,1,1,1.47355,2015,2123,13801,1,1.01535,2015,2403,37336,9.47799,34458,2015
3,79,1761748,2892020,756,95,1110,0.499002,0.949304,785,-1,ok,0,0,0,0,784,1,1,0.894302,756,777,5713,1,1.07584,756,2719,16503,10.3354,38399,756
3,80,2351211,2029768,1106,139,1496,0.528919,0.819452,1169,-1,ok,0,0,0,0,1168,1,1,0.766352,1106,2692,7808,1,1.12447,1106,5823,21101,13.2734,53987,1106
3,81,647090,520796,364,46,317,0.164147,0.247152,375,-1,ok,0,0,0,0,374,1,1,0.153116,364,364,2883,1,0.130354,364,364,8537,0.159948,364,364
3,82,2202913,1998284,1606,201,583,0.243916,1.06394,1645,-1,ok,0,0,0,0,1644,1,1,1.91187,1606,8442,10625,1,4.27051,1606,21945,28872,78.074,347668,1606
3,83,2307907,2951731,1581,198,5431,1.83186,1.11061,1596,-1,ok,0,0,0,0,1595,1,1,0.790427,1581,1581,11825,1,0.571248,1581,1603,32008,11.1674,49167,1581
3,84,1871832,591133,1610,208,1740,0.752767,1.51232,1721,-1,ok,0,0,0,0,1720,1,1,1.71638,1658,3570,11091,1,1.83475,1658,6985,30295,10.9481,45309,1610
3,85,1820468,769068,784,99,940,0.387604,0.776271,809,-1,ok,0,0,0,0,808,1,1,0.683228,784,793,5122,1,0.554867,784,787,14989,0.569414,784,784
3,86,618657,2879486,1405,177,2137,0.883933,1.77693,1452,-1,ok,0,0,0,0,1451,1,1,2.34833,1405,4587,9991,1,3.83845,1405,13350,28647,12.2149,40711,1405
3,87,759127,2437547,1913,242,9982,3.30181,1.89412,1980,-1,ok,0,0,0,0,1979,1,1,3.32047,1933,9872,12457,1,6.43,1933,25847,34323,27.6403,111220,1913
3,88,2003626,436977,2082,260,9508,3.46218,1.88431,2149,-1,ok,0,0,0,0,2148,1,1,4.03249,2082,12997,13832,1,8.87223,2082,35992,38592,230.016,756660,2082
3,89,2088216,2111650,95,12,25,0.024086,0.142496,96,-1,ok,0,0,0,0,95,1,1,0.098754,95,244,506,1,0.110917,95,524,1585,0.424243,1473,95
3,90,2481203,2200930,683,87,286,0.147816,0.483664,702,-1,ok,0,0,0,0,701,1,1,0.351817,683,683,4843,1,0.251632,683,683,14156,0.466553,1582,683
3,91,1827763,2791217,1053,133,2274,0.627132,1.13056,1108,-1,ok,0,0,0,0,1107,1,1,2.04358,1053,5897,6757,1,3.94701,1053,14797,17683,67.1588,247542,1053
3,92,1980418,1582954,557,73,335,0.143789,0.505997,606,-1,ok,0,0,0,0,605,1,1,0.487943,577,1373,3752,1,0.659272,577,3063,10611,0.311122,557,557
3,93,705039,752842,1000,126,1195,0.417109,0.648432,1035,-1,ok,0,0,0,0,1034,1,1,0.992926,1000,4596,6782,1,2.17601,1000,12038,19164,18.0438,86677,1000
3,94,1158854,739502,341,42,113,0.0749,0.433451,346,-1,ok,0,0,0,0,345,1,1,0.763467,341,1858,2527,1,0.971926,341,4359,7398,4.84865,20212,341
3,95,1350833,836719,972,121,1183,0.366054,0.671236,997,-1,ok,0,0,0,0,996,1,1,0.565727,972,1324,6705,1,0.488825,972,1499,18351,10.0344,46976,972
3,96,1556785,647066,1224,155,1840,0.566749,0.947681,1257,-1,ok,0,0,0,0,1256,1,1,0.777544,1224,1292,8882,1,0.612164,1224,1283,23847,7.66356,34441,1224
3,97,1944954,1109435,783,99,1250,0.412481,0.779277,800,-1,ok,0,0,0,0,799,1,1,0.707693,783,783,5489,1,1.19638,783,3595,15110,0.578382,783,783
3,98,2668191,348531,1839,232,6369,2.07082,1.94545,1878,-1,ok,0,0,0,0,1877,1,1,4.75447,1839,10202,11017,1,8.65345,1839,26830,30970,120.022,416088,1839
3,99,476033,1903328,1168,147,2485,1.01558,1.58473,1191,-1,ok,0,0,0,0,1190,1,1,2.62831,1168,7107,8092,1,6.56005,1168,19707,22693,124.452,311275,1168
3,100,795218,590026,122,17,71,0.069299,0.19792,141,-1,ok,0,0,0,0,140,1,1,0.121118,122,122,1021,1,0.084688,122,122,3105,0.087314,122,122
3,101,763468,1260833,843,106,1033,0.366445,0.633486,868,-1,ok,0,0,0,0,867,1,1,1.22446,843,4539,5534,1,2.80164,843,12652,16575,18.796,79344,843
3,102,3155979,534005,2083,261,8708,3.44413,2.42691,2120,-1,ok,0,0,0,0,2119,1,1,4.10865,2089,8587,14414,1,5.34119,2089,19954,39673,37.0196,119986,2083
3,103,2671843,2035386,1097,138,2057,0.712211,0.877669,1112,-1,ok,0,0,0,0,1111,1,1,0.558123,1097,1140,6914,1,0.552773,1097,1486,19881,5.80171,28074,1097
3,104,1072087,2077094,1175,149,1456,0.613286,1.41834,1226,-1,ok,0,0,0,0,1225,1,1,2.73704,1175,7244,8486,1,4.96948,1175,18376,23250,33.4696,119881,1175
3,105,1830266,867972,1628,205,1773,0.816807,1.42967,1663,-1,ok,0,0,0,0,1662,1,1,1.31136,1628,3385,10520,1,1.09063,1628,3373,29721,35.4214,143047,1628
3,106,2009385,672463,1221,153,3104,1.03497,1.26101,1250,-1,ok,0,0,0,0,1249,1,1,1.0654,1221,1247,7906,1,0.710299,1221,1590,21796,2.02587,7357,1221
3,107,1277732,1289510,1175,147,2202,0.720837,0.806548,1200,-1,ok,0,0,0,0,1199,1,1,0.731557,1175,3004,8215,1,1.26672,1175,6889,23196,20.5177,98639,1175
3,108,383929,2086407,1268,160,1929,0.786199,1.5843,1323,-1,ok,0,0,0,0,1322,1,1,1.39372,1268,1768,9156,1,1.38833,1268,2796,26380,19.8647,67976,1268
3,109,2032078,1699736,1336,168,722,0.274272,0.71643,1367,-1,ok,0,0,0,0,1366,1,1,0.900342,1336,3560,9955,1,1.90813,1336,7342,28928,5.2881,25701,1336
3,110,958411,907673,588,74,677,0.24614,0.446094,621,-1,ok,0,0,0,0,620,1,1,0.528969,588,2405,3178,1,1.02285,588,5874,9183,9.67983,46637,588
3,111,345881,908168,999,126,1325,0.393236,0.808411,1010,-1,ok,0,0,0,0,1009,1,1,0.518349,999,999,6968,1,0.369472,999,1083,19480,12.2991,62389,999
3,112,921927,2826328,1275,160,1724,0.603499,1.50026,1312,-1,ok,0,0,0,0,1311,1,1,2.32138,1275,5333,9428,1,3.83031,1275,14913,27099,31.5804,96671,1275
3,113,558628,2150100,1156,146,209,0.169627,1.34526,1211,-1,ok,0,0,0,0,1210,1,1,2.53043,1160,5853,8012,1,4.21802,1160,14872,21659,33.0028,83510,1156
3,114,732091,2459630,1421,179,3640,1.21923,1.62742,1460,-1,ok,0,0,0,0,1459,1,1,2.91821,1431,6862,9305,1,4.08577,1431,16544,25700,1.27578,2801,1421
3,115,398823,391093,624,79,117,0.082317,0.504472,653,-1,ok,0,0,0,0,652,1,1,0.646607,624,2936,4508,1,1.49665,624,7945,12815,6.39221,30337,624
3,116,1510629,2959878,1054,133,2319,0.954924,1.34584,1083,-1,ok,0,0,0,0,1082,1,1,1.13579,1054,1054,7888,1,0.482842,1054,1054,22825,19.0073,65295,1054
3,117,2096552,3082996,592,75,498,0.275354,0.799876,601,-1,ok,0,0,0,0,600,1,1,0.711088,592,592,4759,1,0.301543,592,592,13949,0.512188,592,592
3,118,773297,2535823,1305,164,1403,0.501308,1.47782,1344,-1,ok,0,0,0,0,1343,1,1,3.03625,1311,6828,7861,1,5.40374,1311,19664,22945,12.519,27954,1305
3,119,1540653,367496,2008,251,295,0.22513,1.61898,2061,-1,ok,0,0,0,0,2060,1,1,1.54175,2008,3080,13816,1,2.09097,2008,7464,38049,1.00855,2196,2008
3,120,457915,1822951,1394,175,363,0.240349,1.50079,1439,-1,ok,0,0,0,0,1438,1,1,1.21699,1394,1502,9439,1,0.751515,1394,1782,25010,0.70072,1394,1394
3,121,2144069,523360,2086,260,10728,3.65531,2.0167,2183,-1,ok,0,0,0,0,2182,1,1,4.32066,2086,13150,13590,1,9.17244,2086,36452,37720,242.105,785226,2086
3,122,1935902,3090329,1268,160,2750,1.02069,1.38991,1291,-1,ok,0,0,0,0,1290,1,1,1.12087,1268,1279,8596,1,0.87166,1268,2220,23496,0.958482,1489,1268
3,123,2854140,1596178,937,119,936,0.456093,1.04248,974,-1,ok,0,0,0,0,973,1,1,0.874184,937,937,7097,1,0.548486,937,1470,19975,0.816657,1482,937
3,124,1967913,1747145,807,101,232,0.129373,0.461102,828,-1,ok,0,0,0,0,827,1,1,0.515153,807,2029,5476,1,0.839179,807,4322,15902,1.76413,7908,807
3,125,2263205,1655305,838,109,1888,0.60405,0.799505,909,-1,ok,0,0,0,0,908,1,1,1.19852,866,3838,5716,1,2.28764,866,9758,15622,0.426718,1240,838
3,126,2506297,1143924,984,124,884,0.331269,1.07663,1005,-1,ok,0,0,0,0,1004,1,1,1.0287,984,1010,6147,1,0.998606,984,2482,16654,3.05974,8287,984
3,127,1448472,1364093,562,72,592,0.249335,0.544758,593,-1,ok,0,0,0,0,592,1,1,0.532486,562,1503,3540,1,0.693527,562,3012,9674,7.95684,34287,562
3,128,1724010,2154870,1418,180,1105,0.360815,0.896134,1513,-1,ok,0,0,0,0,1512,1,1,1.66085,1438,7891,10007,1,4.20323,1438,21393,28928,46.3588,199433,1418
3,129,840467,2529952,1656,207,1146,0.50294,1.70053,1677,-1,ok,0,0,0,0,1676,1,1,1.74819,1656,2321,10369,1,1.02206,1656,2839,27502,11.8574,49614,1656
3,130,1792217,1212610,345,44,114,0.088164,0.501206,352,-1,ok,0,0,0,0,351,1,1,0.54075,345,1262,2713,1,0.646328,345,2381,8041,0.923566,2952,345
3,131,1328134,3208212,1967,246,3400,1.0352,2.1852,2018,-1,ok,0,0,0,0,2017,1,1,2.92661,1973,7309,13393,1,4.62197,1973,19204,37046,10.0528,39324,1967
3,132,2891864,1675347,959,120,569,0.328835,1.12067,966,-1,ok,0,0,0,0,965,1,1,0.785327,959,964,6316,1,0.626231,959,964,17682,1.00816,2811,959
3,133,2410465,2443796,1103,137,796,0.258115,0.604841,1128,-1,ok,0,0,0,0,1127,1,1,0.896165,1103,4465,8039,1,1.85457,1103,10242,21377,12.036,59149,1103
3,134,558433,2250280,1093,138,1118,0.456123,1.56926,1148,-1,ok,0,0,0,0,1147,1,1,2.26022,1101,3815,7482,1,2.93532,1101,7471,21867,1.31354,2191,1093
3,135,1187532,720690,1013,127,1130,0.410157,0.777243,1026,-1,ok,0,0,0,0,1025,1,1,1.67486,1013,6773,6964,1,3.53313,1013,17021,18217,28.897,126857,1013
3,136,2710078,1125700,1258,158,1277,0.546201,1.47408,1287,-1,ok,0,0,0,0,1286,1,1,2.15363,1266,4254,8606,1,2.76028,1266,8393,23655,3.09107,8328,1258
3,137,342829,2650131,1580,199,6562,2.44802,2.13576,1607,-1,ok,0,0,0,0,1606,1,1,2.0644,1580,2114,11387,1,1.43401,1580,2943,31231,49.5787,188923,1580
3,138,381156,591400,523,68,148,0.090389,0.47633,544,-1,ok,0,0,0,0,543,1,1,0.45485,523,2084,3536,1,0.922132,523,4721,9797,2.49089,11973,523
3,139,620591,3052362,1412,176,1455,0.660975,1.90777,1427,-1,ok,0,0,0,0,1426,1,1,1.81211,1412,1538,10887,1,0.99511,1412,1693,32459,1.44922,1800,1412
3,140,1838465,1180686,1541,194,285,0.183612,1.12544,1606,-1,ok,0,0,0,0,1605,1,1,2.40377,1541,8446,10871,1,5.18549,1541,23573,30626,132.379,448735,1541
3,141,2808277,2315654,851,108,559,0.248465,0.65813,898,-1,ok,0,0,0,0,897,1,1,0.593348,851,912,6427,1,0.594943,851,2133,17801,2.24455,10053,851
3,142,2598310,2422034,222,29,175,0.071824,0.191218,237,-1,ok,0,0,0,0,236,1,1,0.151292,222,222,1824,1,0.150541,222,622,5180,0.098845,222,222
3,143,2845436,1668194,730,92,416,0.24655,0.921672,763,-1,ok,0,0,0,0,762,1,1,1.73754,736,4124,4926,1,2.96754,736,11284,14278,9.13737,31596,730
3,144,2382918,526772,1377,173,2665,1.02428,1.60158,1404,-1,ok,0,0,0,0,1403,1,1,1.47659,1377,1422,9724,1,0.932913,1377,1557,27429,21.7446,75408,1377
3,145,1931999,438444,1275,161,3274,1.10764,1.30452,1312,-1,ok,0,0,0,0,1311,1,1,1.22906,1275,1301,8001,1,0.78103,1275,1670,21714,0.937122,1275,1275
3,146,2679978,515339,2241,282,4141,1.45962,2.15643,2302,-1,ok,0,0,0,0,2301,1,1,2.75775,2247,5697,15105,1,2.92604,2247,11400,40938,4.24967,15905,2241
3,147,2803019,1915102,1793,225,3483,1.27621,1.46645,1846,-1,ok,0,0,0,0,1845,1,1,3.3658,1793,11833,12416,1,7.35411,1793,31887,34661,116.96,368034,1793
3,148,913089,1331566,1323,165,3445,1.22086,1.08108,1356,-1,ok,0,0,0,0,1355,1,1,1.68057,1323,7036,9086,1,3.59649,1323,19248,25791,75.4358,271251,1323
3,149,634343,2276336,1305,165,1629,0.625618,1.52699,1350,-1,ok,0,0,0,0,1349,1,1,3.00951,1313,6438,8792,1,4.41952,1313,15807,24323,1.03717,1305,1305
3,150,1481794,3181212,1228,154,375,0.277229,1.60698,1257,-1,ok,0,0,0,0,1256,1,1,1.50636,1228,1769,7934,1,0.996242,1228,2383,21421,30.7562,92183,1228
3,151,1474634,422363,1314,165,4119,1.30385,1.26473,1323,-1,ok,0,0,0,0,1322,1,1,1.07507,1314,1325,9137,1,0.69527,1314,1359,25325,2.47409,9827,1314
3,152,1834575,3226322,1174,148,302,0.222916,1.33123,1193,-1,ok,0,0,0,0,1192,1,1,1.35938,1174,1346,7289,1,0.903508,1174,1788,20156,36.2181,122962,1174
3,153,3024705,540222,1863,235,415,0.345515,2.15134,1916,-1,ok,0,0,0,0,1915,1,1,3.11207,1863,5249,13315,1,2.94961,1863,10518,37126,36.3611,123487,1863
3,154,3044639,2920559,189,25,80,0.062056,0.196798,216,-1,ok,0,0,0,0,215,1,1,0.119524,189,189,1467,1,0.073257,189,202,4111,0.097271,189,189
3,155,1228220,1631674,478,61,454,0.175768,0.476532,495,-1,ok,0,0,0,0,494,1,1,0.273211,478,478,3381,1,0.205855,478,489,9203,0.217596,480,478
3,156,1536072,283775,1199,150,1282,0.458528,1.17453,1220,-1,ok,0,0,0,0,1219,1,1,1.05401,1199,1374,8198,1,0.941159,1199,2827,22755,1.49878,4874,1199
3,157,3193672,1640899,1490,187,2404,0.93085,1.45409,1529,-1,ok,0,0,0,0,1528,1,1,3.21559,1496,8565,10393,1,5.36675,1496,21655,28454,2.55786,9740,1490
3,158,1364886,1417986,1253,166,4048,1.24925,1.0555,1356,-1,ok,0,0,0,0,1355,1,1,1.62264,1325,7296,8097,1,3.47588,1325,18646,21264,70.6198,284265,1253
3,159,1323479,1948892,1160,147,588,0.224289,0.802529,1205,-1,ok,0,0,0,0,1204,1,1,0.510886,1166,1317,7927,1,0.533889,1166,1818,21309,2.34946,9077,1160
3,160,329635,3138202,2157,273,1430,0.779698,2.43683,2230,-1,ok,0,0,0,0,2229,1,1,6.3785,2185,12454,14511,1,13.1034,2185,34726,40982,189.859,565662,2157
3,161,2199138,2165892,958,121,541,0.283158,0.696363,991,-1,ok,0,0,0,0,990,1,1,1.07141,960,5673,6977,1,3.03074,960,16186,19559,15.0196,73053,958
3,162,2332432,2665491,284,38,218,0.100578,0.429443,311,-1,ok,0,0,0,0,310,1,1,0.418612,284,796,2294,1,0.367266,284,1749,6607,1.63551,6170,284
3,163,2554867,820141,1438,181,3842,1.22611,1.59556,1473,-1,ok,0,0,0,0,1472,1,1,1.60985,1438,1468,9152,1,1.25708,1438,3204,24629,2.0152,5278,1438
3,164,816636,1589983,1083,137,411,0.179004,0.838387,1116,-1,ok,0,0,0,0,1115,1,1,0.483004,1083,1094,6120,1,0.616493,1083,1683,17611,0.547083,1377,1083
3,165,2144577,2486159,628,80,248,0.132237,0.56183,711,-1,ok,0,0,0,0,710,1,1,0.851382,628,2970,4463,1,1.43505,628,6840,12160,7.52654,37091,628
3,166,2257019,735014,1996,252,3240,1.16793,1.83678,2079,-1,ok,0,0,0,0,2078,1,1,3.94055,2006,12334,13198,1,7.65513,2006,32838,35506,184.586,639164,1996
3,167,2095650,935010,1005,129,2200,0.79719,1.35585,1078,-1,ok,0,0,0,0,1077,1,1,2.0097,1033,4777,5815,1,2.83519,1033,12042,16147,3.25815,14265,1005
3,168,312457,989659,778,98,250,0.156512,0.857242,821,-1,ok,0,0,0,0,820,1,1,0.627382,778,792,4220,1,0.428541,778,1049,10632,1.2827,3848,778
3,169,2882141,1067685,1170,148,1688,0.740285,1.46229,1207,-1,ok,0,0,0,0,1206,1,1,1.69762,1170,2548,8611,1,1.82895,1170,6838,24769,13.6326,53399,1170
3,170,1662824,2681105,1085,137,1991,0.74336,1.03126,1102,-1,ok,0,0,0,0,1101,1,1,1.47713,1091,4820,7516,1,2.6664,1091,12331,21140,4.8157,21575,1085
3,171,1703180,546367,1232,155,4469,1.52559,1.13906,1279,-1,ok,0,0,0,0,1278,1,1,1.06652,1232,1272,7962,1,0.667427,1232,1648,21716,2.7803,9405,1232
3,172,2090483,588991,1314,165,1730,0.603367,1.37186,1361,-1,ok,0,0,0,0,1360,1,1,1.2523,1314,1742,8450,1,1.06528,1314,2628,24302,3.27581,13362,1314
3,173,2669970,1153251,1524,191,3631,1.23096,1.3745,1537,-1,ok,0,0,0,0,1536,1,1,2.07756,1530,4868,9092,1,3.16656,1530,12325,25897,1.06035,2581,1524
3,174,2801102,1556461,1651,207,6091,2.07571,1.31053,1716,-1,ok,0,0,0,0,1715,1,1,2.65609,1657,8116,11656,1,4.94065,1657,21007,31526,10.1506,33732,1651
3,175,2862760,2446461,730,93,613,0.219421,0.607144,775,-1,ok,0,0,0,0,774,1,1,0.378929,730,753,5383,1,0.290613,730,825,14532,0.636721,2114,730
3,176,1728209,2803901,1739,217,3961,1.14043,1.36341,1782,-1,ok,0,0,0,0,1781,1,1,3.15756,1739,11140,12627,1,7.58925,1739,28528,33711,54.6927,205878,1739
3,177,330269,1345015,1018,129,1954,0.840942,1.16375,1055,-1,ok,0,0,0,0,1054,1,1,0.930239,1018,1022,7069,1,0.522116,1018,1085,19747,1.77483,5477,1018
3,178,3017924,2896984,407,51,189,0.091872,0.349974,412,-1,ok,0,0,0,0,411,1,1,0.225692,407,642,3060,1,0.565316,407,2548,8601,1.93319,9887,407
3,179,910292,1126401,229,30,60,0.055875,0.213228,248,-1,ok,0,0,0,0,247,1,1,0.182772,229,273,1800,1,0.10134,229,229,5101,0.145572,329,229
3,180,2006593,1670863,1240,155,764,0.312654,0.710338,1273,-1,ok,0,0,0,0,1272,1,1,0.783194,1240,3066,8943,1,1.48041,1240,6368,26256,3.84031,18067,1240
3,181,2078347,3155254,1385,175,923,0.323636,1.47386,1422,-1,ok,0,0,0,0,1421,1,1,1.90948,1385,4968,10094,1,2.42301,1385,12180,28989,122.456,376164,1385
3,182,2709648,2878665,277,35,175,0.098353,0.259386,282,-1,ok,0,0,0,0,281,1,1,0.162694,277,277,2090,1,0.110696,277,314,5819,0.121117,314,277
3,183,460429,2828556,1989,250,8506,2.91382,2.246,2044,-1,ok,0,0,0,0,2043,1,1,3.88475,1995,9110,13349,1,6.08398,1995,22308,36435,3.21158,8183,1989
3,184,909956,1352984,474,60,269,0.152695,0.539438,495,-1,ok,0,0,0,0,494,1,1,0.278841,474,476,3327,1,0.219491,474,476,8671,3.88981,19392,474
3,185,2598310,614849,1241,157,2294,0.910842,1.70451,1292,-1,ok,0,0,0,0,1291,1,1,2.16726,1247,2995,8433,1,2.17948,1247,7205,23710,0.939546,1243,1241
3,186,1732162,381072,1507,190,1850,0.685902,1.32886,1530,-1,ok,0,0,0,0,1529,1,1,2.95957,1507,8372,9755,1,5.48764,1507,22296,26351,138.506,461122,1507
3,187,2864255,987151,1339,170,4088,1.58641,1.60325,1414,-1,ok,0,0,0,0,1413,1,1,2.5291,1359,4553,8048,1,3.17162,1359,10048,22393,3.39874,11474,1339
3,188,613280,1998545,1505,189,5629,1.83797,1.43701,1544,-1,ok,0,0,0,0,1543,1,1,1.18308,1505,1872,9612,1,1.07109,1505,2838,25773,6.88961,27552,1505
3,189,769257,2619619,1324,166,3595,1.17076,1.51559,1337,-1,ok,0,0,0,0,1336,1,1,1.61164,1324,3092,9630,1,1.89364,1324,6511,27547,8.80892,33516,1324
3,190,1700379,924636,488,62,340,0.169277,0.601725,521,-1,ok,0,0,0,0,520,1,1,1.21769,492,3366,3750,1,0.848988,488,2376,10449,0.938546,2717,488
3,191,489236,2011181,1701,214,9158,2.94392,1.60159,1754,-1,ok,0,0,0,0,1753,1,1,1.45995,1701,2358,11619,1,1.1773,1701,3292,32088,6.9923,29617,1701
3,192,1225462,1170705,1015,127,1322,0.425625,0.616921,1030,-1,ok,0,0,0,0,1029,1,1,0.533197,1015,2208,7164,1,0.954394,1015,4825,20260,10.3496,50850,1015
3,193,1873151,1744747,675,85,292,0.11216,0.367908,686,-1,ok,0,0,0,0,685,1,1,0.213498,675,777,5140,1,0.38012,675,1567,14764,3.10853,15703,675
3,194,2468599,2302602,643,80,166,0.09112,0.543506,678,-1,ok,0,0,0,0,677,1,1,0.682686,643,2598,4339,1,1.08778,643,5912,10877,12.5479,59069,643
3,195,2943977,2062115,628,79,154,0.130313,2.90523,641,-1,ok,0,0,0,0,640,1,1,0.799094,628,671,4511,1,0.729563,628,1869,12936,1.11172,2590,628
3,196,587996,382135,775,98,115,0.118671,0.634738,810,-1,ok,0,0,0,0,809,1,1,0.462414,775,1433,5407,1,0.994779,775,4224,15507,4.99245,25018,775
3,197,1795388,2559139,975,123,1569,0.516997,1.00337,1000,-1,ok,0,0,0,0,999,1,1,0.668329,975,1016,6486,1,0.425535,975,1033,17226,0.479245,975,975
3,198,430706,1816036,1949,245,379,0.307816,1.81007,2044,-1,ok,0,0,0,0,2043,1,1,4.35174,1949,13381,13619,1,9.06369,1949,36873,37563,228.099,727212,1949
3,199,2709791,743716,1567,197,2118,0.928766,1.87718,1604,-1,ok,0,0,0,0,1603,1,1,1.85583,1567,1610,10505,1,1.09702,1567,1600,30327,22.3233,74094,1567
3,200,2317486,1682523,790,100,334,0.188732,0.869124,835,-1,ok,0,0,0,0,834,1,1,0.871329,796,2569,5009,1,1.61966,796,6382,13381,1.58102,7120,790
3,201,848074,2660956,1289,162,2104,0.874514,1.63536,1332,-1,ok,0,0,0,0,1331,1,1,1.42239,1289,1291,8689,1,0.822193,1289,1520,23397,11.9291,41549,1289
3,202,2051630,2425358,880,111,923,0.373468,0.709615,907,-1,ok,0,0,0,0,906,1,1,0.380932,880,880,6443,1,0.298097,880,880,18375,2.55414,12520,880
3,203,2138232,3170486,1784,226,5387,1.73368,1.62059,1831,-1,ok,0,0,0,0,1830,1,1,1.53174,1784,2759,12266,1,1.34988,1784,4904,33683,29.831,104969,1784
3,204,1443071,807450,574,72,314,0.157976,0.663861,589,-1,ok,0,0,0,0,588,1,1,0.634336,574,607,3741,1,0.417661,574,1078,9993,0.605963,1132,574
3,205,1144422,3049691,2080,263,2157,0.785668,2.13071,2171,-1,ok,0,0,0,0,2170,1,1,3.82659,2106,11262,12900,1,6.82925,2106,29648,34364,214.182,753132,2080
3,206,377442,2376747,1648,208,4895,1.92595,2.01867,1679,-1,ok,0,0,0,0,1678,1,1,2.02095,1648,2834,10251,1,1.87975,1648,6178,27452,5.12152,15424,1648
3,207,1401797,2931005,1642,208,1908,0.776592,1.6758,1707,-1,ok,0,0,0,0,1706,1,1,1.97511,1668,5004,10543,1,2.83095,1668,11668,28723,0.86134,1642,1642
3,208,2488208,1785008,991,125,342,0.185988,0.820994,1042,-1,ok,0,0,0,0,1041,1,1,1.30363,997,4519,6701,1,2.58422,997,11322,18256,0.519752,1460,991
3,209,2517430,2632913,587,75,682,0.220822,0.545991,622,-1,ok,0,0,0,0,621,1,1,0.750933,599,3020,3760,1,1.41033,599,7963,10399,12.7328,55759,587
3,210,1804529,2670473,625,79,978,0.305531,0.656938,646,-1,ok,0,0,0,0,645,1,1,0.722901,633,1718,4417,1,0.980322,633,3820,12546,0.376052,814,625
3,211,792304,2700845,1601,200,3725,1.38267,1.87609,1622,-1,ok,0,0,0,0,1621,1,1,1.68411,1601,1797,10629,1,1.04548,1601,2108,30346,4.19745,14838,1601
3,212,292558,448522,757,95,648,0.236041,0.521486,774,-1,ok,0,0,0,0,773,1,1,0.662721,757,2732,5513,1,1.38091,757,6920,16089,3.94522,20443,757
3,213,2987559,1182868,2093,262,9644,3.22883,2.01319,2148,-1,ok,0,0,0,0,2147,1,1,2.05733,2093,3291,13929,1,1.78202,2093,5417,38687,5.5369,20670,2093
3,214,3031564,1350417,1027,129,291,0.255198,1.20876,1068,-1,ok,0,0,0,0,1067,1,1,3.2344,1027,6582,7371,1,6.43874,1027,18807,21212,20.1731,53496,1027
3,215,3155823,373649,2172,278,9782,3.261,2.39154,2253,-1,ok,0,0,0,0,2252,1,1,3.92106,2222,6799,14105,1,5.20383,2222,16748,38400,10.6422,37219,2172
3,216,371781,1935939,921,117,891,0.669522,1.46574,946,-1,ok,0,0,0,0,945,1,1,2.60927,921,5481,7253,1,4.03629,921,11083,21492,8.65616,28771,921
3,217,2855984,2571946,520,66,942,0.344625,0.377456,529,-1,ok,0,0,0,0,528,1,1,0.309168,520,520,4028,1,0.263963,520,772,11762,0.221254,520,520
3,218,465556,3102078,1943,244,6663,2.15712,2.28004,1988,-1,ok,0,0,0,0,1987,1,1,3.68913,1949,7774,12951,1,5.09889,1949,18846,35392,1.27954,2235,1943
3,219,3106562,1461822,2273,285,9783,3.24822,2.10226,2322,-1,ok,0,0,0,0,2321,1,1,4.83145,2273,15141,15450,1,10.2129,2273,39639,41970,277.915,900726,2273
3,220,2389443,1100586,779,97,527,0.292156,1.08827,806,-1,ok,0,0,0,0,805,1,1,1.86203,779,4400,5683,1,2.73703,779,9728,16669,7.73968,30377,779
3,221,1209891,3199598,1812,227,1641,0.669272,1.98667,1829,-1,ok,0,0,0,0,1828,1,1,1.67387,1812,1880,11781,1,1.10448,1812,1989,31963,5.10255,13983,1812
3,222,1628263,3038908,1441,180,1252,0.533217,1.50658,1474,-1,ok,0,0,0,0,1473,1,1,2.61368,1447,7480,9001,1,4.71729,1447,19143,23486,139.406,488535,1441
3,223,996318,538495,877,111,783,0.340105,0.854277,898,-1,ok,0,0,0,0,897,1,1,0.564445,877,877,6837,1,0.397793,877,1388,19434,0.448508,877,877
3,224,2666230,1916875,1680,213,3271,1.11851,1.1779,1739,-1,ok,0,0,0,0,1738,1,1,2.99592,1680,11157,11648,1,6.99254,1680,30166,32363,95.669,339882,1680
3,225,1214391,1343195,898,113,734,0.297686,0.539028,917,-1,ok,0,0,0,0,916,1,1,0.382445,900,1016,6456,1,0.373664,900,1333,18295,4.82563,21905,898
3,226,650861,1693026,614,77,98,0.096115,0.831343,635,-1,ok,0,0,0,0,634,1,1,0.755142,614,614,4009,1,0.5482,614,1238,11952,0.669461,614,614
3,227,1007288,1215730,474,61,298,0.100737,0.286135,493,-1,ok,0,0,0,0,492,1,1,0.190235,474,474,3491,1,0.267465,474,1006,10059,1.74325,9166,474
3,228,2161129,565602,1613,203,3100,1.12163,1.57437,1652,-1,ok,0,0,0,0,1651,1,1,1.58269,1617,2090,10431,1,1.13913,1617,2757,29311,1.30934,2367,1613
3,229,2785103,1597956,1513,191,1580,0.609319,1.4635,1582,-1,ok,0,0,0,0,1581,1,1,2.2724,1519,6344,9491,1,3.97542,1519,15831,25874,1.78064,6665,1513
3,230,1392321,355276,821,104,1297,0.553534,1.06683,846,-1,ok,0,0,0,0,845,1,1,0.988358,821,829,5575,1,0.446704,821,821,14827,0.587447,857,821
3,231,2051789,1806580,591,75,187,0.098985,0.511766,610,-1,ok,0,0,0,0,609,1,1,0.652109,591,2222,4051,1,1.12922,591,5449,11217,4.41782,21480,591
3,232,1102446,3057237,1135,144,500,0.303707,1.50548,1190,-1,ok,0,0,0,0,1189,1,1,1.82485,1135,2664,8499,1,2.29843,1135,7103,24861,4.03609,13027,1135
3,233,2397085,1013039,923,116,1095,0.427297,1.09168,938,-1,ok,0,0,0,0,937,1,1,0.884133,923,940,6915,1,0.570766,923,923,19629,4.39476,14385,923
3,234,1287529,1866275,1267,159,222,0.121408,0.870126,1290,-1,ok,0,0,0,0,1289,1,1,0.550378,1267,1376,8531,1,0.704966,1267,2536,23009,4.04945,19969,1267
3,235,1687683,418136,1252,157,742,0.296885,1.08241,1267,-1,ok,0,0,0,0,1266,1,1,1.03788,1252,1262,8345,1,0.598318,1252,1271,22180,18.6808,65454,1252
3,236,2722809,932643,2100,263,2053,0.865327,1.94831,2151,-1,ok,0,0,0,0,2150,1,1,2.10851,2100,3439,13633,1,1.66908,2100,5411,36904,7.60412,31293,2100
3,237,2665523,3047256,1417,180,1300,0.503731,1.57008,1444,-1,ok,0,0,0,0,1443,1,1,1.79502,1417,5679,10415,1,2.78384,1417,14272,29795,105.718,291273,1417
3,238,1923409,2905912,843,106,850,0.369129,0.902687,864,-1,ok,0,0,0,0,863,1,1,0.742647,849,1112,5422,1,0.706761,849,1954,14636,3.0269,12908,843
3,239,875283,1311303,664,84,443,0.174406,0.549617,697,-1,ok,0,0,0,0,696,1,1,0.764248,664,2295,4097,1,1.33299,664,5954,12146,7.90411,37825,664
3,240,2918198,639738,1606,204,5780,1.97966,2.0204,1677,-1,ok,0,0,0,0,1676,1,1,3.16808,1626,5392,10179,1,3.84526,1626,12925,28201,2.09785,3865,1606
3,241,1337751,1159597,145,19,77,0.075271,0.211867,168,-1,ok,0,0,0,0,167,1,1,0.125184,145,145,1188,1,0.047429,145,145,3252,0.08453,145,145
3,242,1804529,3222731,986,124,959,0.443317,1.26299,1025,-1,ok,0,0,0,0,1024,1,1,1.03002,986,1131,7336,1,1.40887,986,3896,20653,16.1874,52110,986
3,243,2545706,1651771,1162,146,2234,0.739623,0.962208,1229,-1,ok,0,0,0,0,1228,1,1,1.74564,1168,5405,7839,1,3.1591,1168,13705,21137,1.52291,5020,1162
3,244,807710,2239366,1940,245,5716,1.89711,1.69175,1981,-1,ok,0,0,0,0,1980,1,1,3.04802,1960,9549,12612,1,5.64555,1960,25204,34893,28.178,116749,1940
3,245,3201629,632825,1631,205,1494,0.715496,2.23792,1724,-1,ok,0,0,0,0,1723,1,1,5.01195,1637,9854,10426,1,8.52265,1637,26856,30107,10.9789,38880,1631
3,246,2019093,3174345,1036,130,1408,0.606223,1.21257,1077,-1,ok,0,0,0,0,1076,1,1,0.86079,1036,1596,7198,1,0.782805,1036,2367,19817,2.18834,9263,1036
3,247,2955346,1703765,1276,161,2710,0.900083,1.11936,1319,-1,ok,0,0,0,0,1318,1,1,1.81002,1282,5014,9107,1,2.88836,1282,11380,26064,4.27753,12131,1276
3,248,541380,1361733,957,120,275,0.1813,0.900142,1004,-1,ok,0,0,0,0,1003,1,1,0.93559,957,1765,6618,1,0.999969,957,3789,18133,4.76904,21833,957
3,249,3113781,786831,2642,332,2908,1.20495,2.52429,2697,-1,ok,0,0,0,0,2696,1,1,2.38928,2642,3084,17448,1,1.5432,2642,3415,47151,25.6613,107553,2642
3,250,726020,696308,1081,136,1439,0.43848,0.677296,1110,-1,ok,0,0,0,0,1109,1,1,0.897006,1081,3741,7430,1,1.95079,1081,9504,21124,11.3969,50498,1081
3,251,553589,2992564,1414,177,190,0.222385,1.89247,1461,-1,ok,0,0,0,0,1460,1,1,3.33944,1420,6633,10515,1,5.70562,1420,18223,30849,15.5342,42836,1414
3,252,1843611,2188440,1312,165,583,0.238024,0.916813,1343,-1,ok,0,0,0,0,1342,1,1,0.689188,1312,2453,8770,1,0.948363,1312,4415,24106,8.84773,39358,1312
3,253,334027,2354825,1725,218,7482,2.39241,1.82967,1770,-1,ok,0,0,0,0,1769,1,1,3.42354,1745,9114,11032,1,6.1546,1745,24048,30374,3.54638,8592,1725
3,254,2138232,528223,1703,217,1347,0.769207,1.7677,1774,-1,ok,0,0,0,0,1773,1,1,1.85722,1713,4020,12064,1,2.27163,1713,7744,33699,13.8903,55690,1703
3,255,2920261,1514740,1066,135,1916,0.71653,1.17069,1091,-1,ok,0,0,0,0,1090,1,1,2.78821,1066,6435,7192,1,5.27093,1066,17838,20296,37.4503,142742,1066
3,256,1963166,1687516,403,51,338,0.147566,0.33104,428,-1,ok,0,0,0,0,427,1,1,0.204733,403,404,2984,1,0.194513,403,403,8771,0.301492,870,403
3,257,610635,2538272,1234,155,1353,0.579714,1.56357,1293,-1,ok,0,0,0,0,1292,1,1,2.25167,1238,3921,8391,1,2.10112,1238,7241,23838,3.59357,10127,1234
3,258,2978886,649484,1616,201,2047,0.880345,1.75805,1677,-1,ok,0,0,0,0,1676,1,1,4.12846,1616,10900,11691,1,10.0275,1616,30038,32911,71.1132,185927,1616
3,259,769160,1514768,962,122,744,0.318275,0.924247,985,-1,ok,0,0,0,0,984,1,1,0.821205,962,2120,6148,1,1.15653,962,4262,17030,7.39245,34250,962
3,260,3115044,1697807,1444,186,5578,2.09722,1.59718,1509,-1,ok,0,0,0,0,1508,1,1,1.51164,1474,1773,9805,1,0.811287,1474,2426,27076,1.27504,2358,1444
3,261,1835879,2014773,1360,171,1782,0.582819,0.842635,1421,-1,ok,0,0,0,0,1420,1,1,0.800256,1360,3215,9719,1,1.34698,1360,6825,27867,17.4802,82259,1360
3,262,1550309,1217369,267,34,111,0.084149,0.37932,280,-1,ok,0,0,0,0,279,1,1,0.521784,267,1083,2075,1,0.708836,267,2573,6111,1.32841,4790,267
3,263,1455274,2689959,801,101,791,0.286897,0.964413,820,-1,ok,0,0,0,0,819,1,1,1.72242,811,4180,5421,1,2.975,811,10150,15154,0.688627,831,801
3,264,1863586,2791354,1283,161,3453,0.994949,1.20444,1314,-1,ok,0,0,0,0,1313,1,1,0.816837,1283,1324,8157,1,0.516777,1283,1318,22576,25.4178,109590,1283
3,265,1878699,2430675,931,117,1499,0.489015,0.688167,952,-1,ok,0,0,0,0,951,1,1,0.848656,937,3016,6611,1,1.31034,937,5697,18767,2.56327,11881,931
3,266,1109092,2589721,1865,232,4698,1.42125,1.56121,1910,-1,ok,0,0,0,0,1909,1,1,3.62826,1865,10995,11721,1,6.64999,1865,27305,31985,177.017,563016,1865
3,267,2786859,1809984,1068,135,2230,0.774357,1.02123,1129,-1,ok,0,0,0,0,1128,1,1,0.836343,1068,1521,7424,1,0.749582,1068,2254,20394,4.99444,13936,1068
3,268,2948186,2866807,424,54,294,0.115165,0.274353,439,-1,ok,0,0,0,0,438,1,1,0.135904,424,424,3456,1,0.106658,424,424,10432,0.137858,424,424
3,269,837275,3217710,2157,270,10514,3.11162,2.29258,2202,-1,ok,0,0,0,0,2201,1,1,2.11916,2157,2364,14129,1,1.46827,2157,3396,38740,2.13153,4785,2157
3,270,1633134,3007164,1393,175,4150,1.21135,1.49222,1438,-1,ok,0,0,0,0,1437,1,1,1.05464,1393,1405,8987,1,0.962309,1393,2339,24149,0.694127,2433,1393
3,271,3177553,363823,1951,244,472,0.332672,2.26435,1992,-1,ok,0,0,0,0,1991,1,1,4.09245,1951,7877,13268,1,7.12314,1951,20519,36986,63.8003,213424,1951
3,272,1545611,2173818,374,47,146,0.120906,0.542073,383,-1,ok,0,0,0,0,382,1,1,0.389428,374,460,2905,1,0.205695,374,576,8624,0.379849,672,374
3,273,2234670,1030403,742,93,429,0.243967,0.935448,773,-1,ok,0,0,0,0,772,1,1,1.68374,742,4389,5331,1,2.63393,742,9119,15519,5.30422,21480,742
3,274,1061263,517752,391,51,281,0.158086,0.526655,420,-1,ok,0,0,0,0,419,1,1,0.394558,391,391,2820,1,0.21928,391,391,7678,0.297436,391,391
3,275,2611184,1093057,1834,230,2888,1.1089,1.77027,1885,-1,ok,0,0,0,0,1884,1,1,1.84992,1834,3312,12376,1,1.59022,1834,5430,32416,5.46157,23458,1834
3,276,1860944,3238002,887,111,140,0.147345,1.22912,908,-1,ok,0,0,0,0,907,1,1,1.11891,887,1451,6341,1,0.763526,887,2526,15947,2.12846,7360,887
3,277,2169703,1399028,791,100,342,0.196607,0.7647,820,-1,ok,0,0,0,0,819,1,1,0.642622,791,1155,5080,1,0.56667,791,1947,14063,7.01656,33161,791
3,278,1948620,2128617,131,17,31,0.029526,0.195165,142,-1,ok,0,0,0,0,141,1,1,0.185055,131,458,980,1,0.283831,131,1206,2673,0.705359,2436,131
3,279,2566018,882646,1597,201,1568,0.613316,1.9325,1640,-1,ok,0,0,0,0,1639,1,1,3.7862,1609,9595,10793,1,6.79456,1609,25457,29099,220.436,617665,1597
3,280,929280,999352,167,22,210,0.099717,0.148818,176,-1,ok,0,0,0,0,175,1,1,0.091551,167,167,1408,1,0.052438,167,167,3776,0.059651,167,167
3,281,924154,2537686,1628,204,4740,1.63124,1.62652,1677,-1,ok,0,0,0,0,1676,1,1,2.92321,1636,8621,10626,1,5.39402,1636,21501,29299,3.23368,10751,1628
3,282,2000652,1137046,874,110,1058,0.390782,0.840742,887,-1,ok,0,0,0,0,886,1,1,0.583892,874,941,5533,1,0.488944,874,1209,14730,0.379601,889,874
3,283,2582565,607763,1299,163,2499,0.858496,1.48804,1320,-1,ok,0,0,0,0,1319,1,1,1.58385,1299,1745,9411,1,1.09319,1299,1723,26383,0.965305,1299,1299
3,284,3245185,785165,2684,337,3130,1.16607,2.37427,2749,-1,ok,0,0,0,0,2748,1,1,4.08204,2684,9372,17897,1,5.16189,2684,17263,48536,65.3518,258035,2684
3,285,1231498,2364091,1022,129,1209,0.536763,1.08472,1041,-1,ok,0,0,0,0,1040,1,1,0.805555,1022,1055,5702,1,0.554757,1022,1214,16292,1.87654,5477,1022
3,286,1066192,1226502,199,25,168,0.071774,0.183784,200,-1,ok,0,0,0,0,199,1,1,0.120456,199,199,1600,1,0.060994,199,199,4864,0.069018,199,199
3,287,1869193,2052669,328,42,179,0.065482,0.299661,359,-1,ok,0,0,0,0,358,1,1,0.367458,328,1189,1898,1,0.558204,328,2845,4854,4.66451,21267,328
3,288,2994814,3098447,829,105,622,0.255929,0.464469,854,-1,ok,0,0,0,0,853,1,1,0.304098,829,1135,6458,1,0.825744,829,3586,18360,3.84082,17762,829
3,289,1797269,848583,613,78,303,0.156703,0.932082,646,-1,ok,0,0,0,0,645,1,1,0.724054,613,617,4649,1,0.476912,613,613,13544,0.658911,1897,613
3,290,1214793,1750358,1135,143,204,0.132998,0.790729,1176,-1,ok,0,0,0,0,1175,1,1,1.33994,1135,4995,8162,1,2.75455,1135,12110,23317,15.95,68787,1135
3,291,2831898,2102650,653,82,470,0.218559,0.686362,672,-1,ok,0,0,0,0,671,1,1,0.721479,653,742,4548,1,0.386252,653,710,12368,0.576759,653,653
3,292,2244867,2707981,771,98,948,0.222686,0.485708,800,-1,ok,0,0,0,0,799,1,1,0.276798,771,771,5672,1,0.304029,771,806,14952,2.84338,10128,771
3,293,1073058,1365640,1214,152,1989,0.656368,0.665173,1243,-1,ok,0,0,0,0,1242,1,1,1.09993,1214,4962,9064,1,2.31914,1214,11482,25318,29.7012,125923,1214
3,294,2216425,1540683,1508,190,296,0.169687,1.08527,1569,-1,ok,0,0,0,0,1568,1,1,0.974151,1510,1900,9744,1,0.872029,1510,2913,26897,77.389,291143,1508
3,295,2060741,2215164,463,58,284,0.106278,0.237955,476,-1,ok,0,0,0,0,475,1,1,0.151954,463,505,3372,1,0.161551,463,609,9511,0.134942,463,463
3,296,1441555,704228,1628,204,3461,1.11894,1.11565,1651,-1,ok,0,0,0,0,1650,1,1,2.6038,1628,9747,11880,1,5.58461,1628,25372,32677,50.2922,206765,1628
3,297,2513611,686770,1174,148,2560,0.932232,1.62271,1225,-1,ok,0,0,0,0,1224,1,1,1.74773,1174,1174,8243,1,0.761404,1174,1503,23150,5.873,16039,1174
3,298,1306030,2886412,938,119,655,0.365574,1.34695,979,-1,ok,0,0,0,0,978,1,1,1.62173,938,3362,6862,1,3.30369,938,10819,18944,10.829,32381,938
3,299,404356,1929489,1380,173,2036,0.717891,1.50778,1461,-1,ok,0,0,0,0,1460,1,1,1.32204,1380,1864,9071,1,0.868292,1380,1954,23665,5.39811,18896,1380
4,0,2654607,497695,1710,108,1260,0.661657,2.3024,1847,-1,ok,0,0,0,0,1846,1,1,6.28957,1716,18429,22170,1,11.8568,1716,49792,63097,4.59632,12833,1710
4,1,2221473,1571062,1589,100,333,0.170979,1.24167,1646,-1,ok,0,0,0,0,1645,1,1,2.42283,1597,9642,22529,1,5.199,1597,23559,63484,41.0838,160357,1589
4,2,641811,2589149,1344,85,386,0.262621,1.9116,1541,-1,ok,0,0,0,0,1540,1,1,1.51212,1344,1375,16762,1,1.06783,1344,2553,44792,1.78951,3632,1344
4,3,2250714,2339143,278,18,46,0.03204,0.204451,303,-1,ok,0,0,0,0,302,1,1,0.084328,278,278,4423,1,0.076392,278,278,13273,0.082955,278,278
4,4,2536396,353659,1876,118,739,0.290683,1.73011,1911,-1,ok,0,0,0,0,1910,1,1,1.77766,1876,2480,24017,1,1.48842,1876,3501,65014,9.70522,28227,1876
4,5,916591,1430479,1191,76,317,0.149749,0.842885,1334,-1,ok,0,0,0,0,1333,1,1,2.8007,1223,12496,15794,1,6.73875,1223,32564,45259,35.9448,132776,1191
4,6,500826,2935247,2173,136,2407,0.707613,2.2696,2336,-1,ok,0,0,0,0,2335,1,1,2.53257,2173,4512,28435,1,3.62792,2173,11213,77182,10.0716,31438,2173
4,7,2429283,2288496,465,30,113,0.063208,0.350155,496,-1,ok,0,0,0,0,495,1,1,0.163386,465,465,7192,1,0.137216,465,465,21108,0.208501,804,465
4,8,502542,1287255,645,42,216,0.07954,0.75991,708,-1,ok,0,0,0,0,707,1,1,1.77589,645,5892,8120,1,4.2664,645,16552,23432,17.1088,63467,645
4,9,2726054,800471,1487,94,1487,0.530262,1.5949,1644,-1,ok,0,0,0,0,1643,1,1,1.72819,1487,2837,19484,1,1.69767,1487,5141,54432,1.33108,2150,1487
4,10,3031784,709412,1662,105,914,0.356306,1.69163,1725,-1,ok,0,0,0,0,1724,1,1,1.64947,1662,1666,23003,1,0.888059,1662,1666,62243,37.301,146083,1662
4,11,813038,2649998,1861,118,172,0.105306,1.74383,2152,-1,ok,0,0,0,0,2151,1,1,1.24508,1861,2012,20407,1,1.31776,1861,3407,56320,1.12438,2064,1861
4,12,2906523,1340129,1264,79,920,0.353751,1.23788,1387,-1,ok,0,0,0,0,1386,1,1,1.97263,1268,5166,17132,1,3.04442,1268,12800,48375,23.5437,73256,1264
4,13,2198005,2773306,1504,94,367,0.162554,1.12491,1603,-1,ok,0,0,0,0,1602,1,1,3.79409,1506,15526,18793,1,10.1606,1506,40838,51796,51.5466,197182,1504
4,14,1009630,2195480,1009,63,321,0.187119,1.33503,1152,-1,ok,0,0,0,0,1151,1,1,1.10691,1009,1372,12934,1,0.846924,1009,1893,34701,2.65508,8169,1009
4,15,2077961,2827531,1186,75,536,0.246401,0.971136,1247,-1,ok,0,0,0,0,1246,1,1,0.660865,1186,1301,15105,1,0.49184,1186,1193,45926,30.0176,125454,1186
4,16,1553701,2469994,602,39,39,0.047078,0.884252,699,-1,ok,0,0,0,0,698,1,1,0.586838,602,836,8716,1,0.449869,602,1219,25352,0.798343,1976,602
4,17,2490161,384400,1409,89,340,0.158736,1.64422,1610,-1,ok,0,0,0,0,1609,1,1,1.61085,1409,1709,18234,1,0.925991,1409,1576,49067,1.48951,1693,1409
4,18,2599025,2034587,1669,106,783,0.302946,1.19783,1814,-1,ok,0,0,0,0,1813,1,1,4.51226,1695,19459,21592,1,11.0912,1695,53454,61433,34.3768,141895,1669
4,19,1181060,2927824,1734,109,2312,0.834631,1.81809,1833,-1,ok,0,0,0,0,1832,1,1,1.47314,1734,2019,22500,1,1.29205,1734,3362,61054,12.5833,51628,1734
4,20,645781,614849,395,27,67,0.049464,0.314919,442,-1,ok,0,0,0,0,441,1,1,0.259735,395,975,5841,1,0.876889,395,4964,16160,2.37204,12656,395
4,21,2468056,2256643,1145,71,233,0.078517,0.595423,1210,-1,ok,0,0,0,0,1209,1,1,1.3046,1145,4943,17055,1,2.76539,1145,14061,46974,8.6203,41640,1145
4,22,251497,3219170,2176,137,2977,1.02195,2.52455,2361,-1,ok,0,0,0,0,2360,1,1,2.28497,2176,2391,30545,1,5.44833,2176,14907,84819,28.0275,83714,2176
4,23,569297,2803754,1948,122,1543,0.532586,2.07044,2091,-1,ok,0,0,0,0,2090,1,1,7.36125,1956,24248,25098,1,17.8282,1956,65087,68333,221.468,673122,1948
4,24,2520461,1501553,674,42,142,0.100678,0.954174,721,-1,ok,0,0,0,0,720,1,1,0.657761,674,804,9950,1,0.418441,674,692,28474,2.13499,7515,674
4,25,2003860,731758,1205,76,112,0.1011,1.2375,1342,-1,ok,0,0,0,0,1341,1,1,0.881878,1205,1469,15518,1,0.765491,1205,1850,42482,6.59825,31467,1205
4,26,613334,2557422,1168,73,110,0.099196,1.43665,1203,-1,ok,0,0,0,0,1202,1,1,1.59963,1168,2044,16193,1,0.966136,1168,1194,43616,7.54536,30286,1168
4,27,387537,2005469,1167,74,657,0.30983,1.55557,1306,-1,ok,0,0,0,0,1305,1,1,1.2723,1167,2056,16593,1,1.11736,1167,2685,46264,1.37041,3473,1167
4,28,344125,2584166,2379,149,2517,0.796268,2.39662,2638,-1,ok,0,0,0,0,2637,1,1,7.94863,2387,26369,28833,1,19.4034,2387,70551,76864,487.906,1.28006e+06,2379
4,29,2992346,1955386,784,49,197,0.146825,1.03126,861,-1,ok,0,0,0,0,860,1,1,1.13132,784,2942,9525,1,1.64504,784,6854,29195,12.2474,52143,784
4,30,2891864,2043208,1327,84,965,0.29926,1.03367,1418,-1,ok,0,0,0,0,1417,1,1,0.801097,1327,1938,16396,1,0.714796,1327,2017,45061,17.2786,79579,1327
4,31,593449,1109625,711,46,173,0.090489,0.707163,824,-1,ok,0,0,0,0,823,1,1,0.456864,711,713,9600,1,0.282087,711,729,26677,0.94177,3075,711
4,32,2770066,477636,2303,148,1472,0.530703,2.09422,2540,-1,ok,0,0,0,0,2539,1,1,3.90115,2313,10245,30633,1,7.61958,2313,28796,84971,5.01274,15953,2303
4,33,1568488,2024378,743,47,242,0.116338,0.659803,796,-1,ok,0,0,0,0,795,1,1,0.408013,743,810,9860,1,0.440723,743,1319,28168,0.742617,2836,743
4,34,2636861,1355914,1868,118,740,0.275263,1.55422,2003,-1,ok,0,0,0,0,2002,1,1,3.40004,1868,11759,26910,1,6.94414,1868,28229,74679,27.7682,120630,1868
4,35,2807379,1728601,1223,76,88,0.097093,1.37409,1312,-1,ok,0,0,0,0,1311,1,1,1.35229,1223,3264,15374,1,1.95239,1223,7376,40192,4.02173,16354,1223
4,36,548195,1129534,384,25,29,0.048031,0.569794,453,-1,ok,0,0,0,0,452,1,1,0.46481,384,409,4880,1,0.192258,384,384,13752,0.374841,384,384
4,37,1403079,1097550,787,51,185,0.090009,0.687014,896,-1,ok,0,0,0,0,895,1,1,1.91172,797,7995,10561,1,4.46777,787,20971,27956,26.0197,114224,787
4,38,1098506,2400310,1127,71,738,0.239728,1.227,1232,-1,ok,0,0,0,0,1231,1,1,1.13095,1127,1876,14519,1,1.08186,1127,3308,41457,0.820835,1127,1127
4,39,549302,2763681,1609,101,1596,0.488973,1.72511,1670,-1,ok,0,0,0,0,1669,1,1,1.54955,1609,1707,21174,1,1.04591,1609,2067,57369,34.9789,121137,1609
4,40,2830387,1329031,990,63,228,0.110496,0.9629,1067,-1,ok,0,0,0,0,1066,1,1,0.950747,994,1525,11489,1,1.69648,994,5383,33976,3.15939,12620,990
4,41,2571837,1609971,1200,76,573,0.243155,0.922424,1247,-1,ok,0,0,0,0,1246,1,1,0.763908,1200,1615,15158,1,1.2793,1200,4075,42455,0.829811,2243,1200
4,42,2269545,949398,1480,94,912,0.297966,1.33364,1653,-1,ok,0,0,0,0,1652,1,1,1.50294,1480,4016,19319,1,1.6247,1480,5521,52602,2.34272,7900,1480
4,43,2386550,2005422,1757,113,884,0.263592,1.09395,1940,-1,ok,0,0,0,0,1939,1,1,4.08466,1811,19055,23409,1,8.99204,1811,46249,63960,79.7536,350924,1757
4,44,3228329,1091487,1429,92,960,0.400037,1.79998,1542,-1,ok,0,0,0,0,1541,1,1,2.69472,1433,5630,18028,1,3.35319,1433,13879,52402,1.59022,1429,1429
4,45,1252674,2899369,1220,77,332,0.162434,1.35614,1297,-1,ok,0,0,0,0,1296,1,1,1.09884,1220,1291,15253,1,0.751995,1220,1657,40878,8.88375,38831,1220
4,46,1245004,2631833,1742,110,1049,0.415957,1.48665,1917,-1,ok,0,0,0,0,1916,1,1,1.077,1742,1872,23629,1,1.18545,1742,2856,63852,10.1803,45741,1742
4,47,2746631,1120353,1791,114,675,0.25032,1.45006,1960,-1,ok,0,0,0,0,1959,1,1,3.16861,1791,9380,22574,1,5.01037,1791,19331,62116,22.5022,94508,1791
4,48,1545941,1034885,778,50,53,0.072866,0.94187,923,-1,ok,0,0,0,0,922,1,1,1.03842,778,3362,9776,1,1.52319,778,7553,24911,34.917,113131,778
4,49,707664,3179843,2152,136,3090,1.10299,2.16673,2293,-1,ok,0,0,0,0,2292,1,1,6.59778,2156,18453,27074,1,14.9512,2156,48838,77181,2.41392,4780,2152
4,50,2697605,251222,1758,110,216,0.236112,2.33047,1861,-1,ok,0,0,0,0,1860,1,1,4.62149,1776,13019,25074,1,8.2269,1776,31498,69564,51.2758,150765,1758
4,51,598957,1160461,516,33,210,0.112851,0.607886,583,-1,ok,0,0,0,0,582,1,1,1.37049,516,5239,6976,1,3.15903,516,14657,19625,16.1347,59572,516
4,52,2808838,629110,1283,83,315,0.18752,1.69442,1436,-1,ok,0,0,0,0,1435,1,1,4.71428,1297,8939,18786,1,5.29863,1297,16300,54475,1.75274,3610,1283
4,53,2674667,2450469,1734,111,476,0.233566,3.68796,1877,-1,ok,0,0,0,0,1876,1,1,1.97004,1734,8290,24263,1,3.87322,1734,20912,66533,21.0078,104186,1734
4,54,902226,2397303,1907,120,1616,0.584262,1.95211,2088,-1,ok,0,0,0,0,2087,1,1,1.41847,1907,2503,25097,1,1.57215,1907,5335,67524,10.8142,48095,1907
4,55,3160580,2590500,1640,103,928,0.346969,1.21208,1737,-1,ok,0,0,0,0,1736,1,1,4.84563,1640,20486,21430,1,11.6129,1640,53244,57545,77.8922,319538,1640
4,56,3063115,1271576,1534,97,1112,0.497089,1.97042,1659,-1,ok,0,0,0,0,1658,1,1,4.37965,1542,12292,20687,1,8.3168,1542,29261,54379,18.8871,70700,1534
4,57,471188,1449834,1138,71,91,0.098865,1.19409,1243,-1,ok,0,0,0,0,1242,1,1,3.45253,1148,13857,14625,1,7.67442,1138,34829,40578,43.9632,188958,1138
4,58,1353978,2059850,918,60,368,0.186049,1.18922,1009,-1,ok,0,0,0,0,1008,1,1,2.78785,918,9193,11315,1,5.24986,918,24235,29019,83.5146,240846,918
4,59,2540733,1967844,911,58,324,0.143578,0.821966,972,-1,ok,0,0,0,0,971,1,1,1.11637,911,3862,11867,1,2.01177,911,9785,31427,37.3665,149390,911
4,60,2700562,1997667,1296,81,278,0.090258,0.931532,1359,-1,ok,0,0,0,0,1358,1,1,0.745695,1296,1968,18206,1,0.948854,1296,3985,48211,7.65799,37558,1296
4,61,1637568,2044505,363,24,52,0.041137,0.464579,420,-1,ok,0,0,0,0,419,1,1,0.299781,363,363,4908,1,0.145181,363,363,13292,0.982736,4049,363
4,62,1801679,2696751,1870,119,213,0.10119,1.15309,2023,-1,ok,0,0,0,0,2022,1,1,4.69049,1876,20463,24478,1,11.3362,1876,52337,65919,97.186,366815,1870
4,63,598957,2906552,1287,81,273,0.191688,1.96266,1332,-1,ok,0,0,0,0,1331,1,1,1.73202,1287,1287,20604,1,0.937041,1287,1287,60796,1.42697,1287,1287
4,64,1955372,794087,930,59,254,0.349745,1.06291,1003,-1,ok,0,0,0,0,1002,1,1,0.78566,930,942,12945,1,0.497069,930,942,34543,0.677536,1021,930
4,65,2039260,2947726,1193,76,399,0.17094,1.09793,1316,-1,ok,0,0,0,0,1315,1,1,1.04154,1193,2968,14561,1,1.34231,1193,5983,39919,16.8509,65520,1193
4,66,556924,1599250,705,45,197,0.098193,0.842716,786,-1,ok,0,0,0,0,785,1,1,1.00707,705,1682,10271,1,3.07115,705,8264,27734,1.16187,3444,705
4,67,278380,2626389,2296,145,2696,0.911814,2.21328,2545,-1,ok,0,0,0,0,2544,1,1,1.89005,2296,2406,28733,1,1.7595,2296,4799,79405,5.41492,19686,2296
4,68,2339398,455629,2015,127,1839,0.669992,1.7855,2134,-1,ok,0,0,0,0,2133,1,1,1.7398,2015,3253,26577,1,2.03603,2015,6994,72787,1.78634,5306,2015
4,69,2397188,1012607,1150,73,296,0.142766,1.11926,1227,-1,ok,0,0,0,0,1226,1,1,1.07225,1150,1258,15892,1,1.11332,1150,3216,43014,1.12474,2867,1150
4,70,2467967,715435,1642,104,613,0.302365,1.63975,1693,-1,ok,0,0,0,0,1692,1,1,1.40393,1648,2022,20152,1,0.954073,1642,1679,53744,9.24782,39324,1642
4,71,279709,835397,829,53,673,0.259987,0.785498,884,-1,ok,0,0,0,0,883,1,1,0.716519,829,1595,12595,1,0.788215,829,2935,35511,1.1709,4287,829
4,72,825921,1088080,805,52,152,0.075412,0.504063,864,-1,ok,0,0,0,0,863,1,1,1.53419,805,6952,11095,1,3.54107,805,17796,30482,8.92284,43024,805
4,73,2686056,3089348,412,27,50,0.040595,0.460591,437,-1,ok,0,0,0,0,436,1,1,0.840801,412,2110,5000,1,1.40978,412,5391,12039,8.90272,36298,412
4,74,935096,1634738,947,60,673,0.265306,0.844648,1020,-1,ok,0,0,0,0,1019,1,1,1.24342,949,4153,12567,1,1.10057,947,4873,35006,11.33,51377,947
4,75,384006,760874,877,56,57,0.045073,0.673309,942,-1,ok,0,0,0,0,941,1,1,0.598648,877,1841,11856,1,0.495386,877,1887,33158,9.41351,45115,877
4,76,1947155,898061,889,56,195,0.096059,0.968229,1050,-1,ok,0,0,0,0,1049,1,1,0.996303,889,1843,10622,1,0.850741,889,2801,28004,2.50705,9792,889
4,77,658137,789793,329,22,64,0.034785,0.240128,360,-1,ok,0,0,0,0,359,1,1,0.208811,329,825,5109,1,0.223919,329,1038,13670,0.228849,1038,329
4,78,363830,2056905,2015,127,546,0.210643,1.72387,2290,-1,ok,0,0,0,0,2289,1,1,1.42957,2015,2657,26127,1,2.28404,2015,8019,71742,9.47799,34458,2015
4,79,1761748,2892020,756,48,290,0.153937,0.899772,811,-1,ok,0,0,0,0,810,1,1,1.41373,756,3106,10581,1,2.39373,756,8623,31127,10.3354,38399,756
4,80,2351211,2029768,1106,70,318,0.138078,0.875979,1249,-1,ok,0,0,0,0,1248,1,1,1.06223,1106,4188,15762,1,2.28667,1106,11471,42700,13.2734,53987,1106
4,81,647090,520796,364,23,102,0.056795,0.254646,377,-1,ok,0,0,0,0,376,1,1,0.13925,364,365,5709,1,0.131395,364,364,16752,0.159948,364,364
4,82,2202913,1998284,1606,101,787,0.267089,1.05023,1699,-1,ok,0,0,0,0,1698,1,1,3.58544,1606,17188,20786,1,8.00734,1606,41612,57430,78.074,347668,1606
4,83,2307907,2951731,1581,99,793,0.280675,1.17083,1674,-1,ok,0,0,0,0,1673,1,1,0.782262,1581,1713,21397,1,0.601152,1581,1689,59358,11.1674,49167,1581
4,84,1871832,591133,1610,106,1436,0.578801,1.61756,1907,-1,ok,0,0,0,0,1906,1,1,1.96202,1658,4676,22200,1,1.84811,1658,7663,59647,10.9481,45309,1610
4,85,1820468,769068,784,50,301,0.139741,0.816927,839,-1,ok,0,0,0,0,838,1,1,0.694587,784,927,10583,1,0.612145,784,1154,29631,0.569414,784,784
4,86,618657,2879486,1405,89,513,0.218199,1.97069,1538,-1,ok,0,0,0,0,1537,1,1,4.03382,1405,10824,20083,1,5.64322,1405,22614,55263,12.2149,40711,1405
4,87,759127,2437547,1913,120,1373,0.578432,1.81289,2120,-1,ok,0,0,0,0,2119,1,1,2.49758,1923,7962,25109,1,2.33737,1913,8720,68986,27.6403,111220,1913
4,88,2003626,436977,2082,129,1496,0.488093,1.53653,2249,-1,ok,0,0,0,0,2248,1,1,6.63844,2092,25198,26937,1,16.9791,2082,68238,73914,230.016,756660,2082
4,89,2088216,2111650,95,6,10,0.01529,0.146914,112,-1,ok,0,0,0,0,111,1,1,0.173073,95,456,1197,1,0.213479,95,945,3571,0.424243,1473,95
4,90,2481203,2200930,683,44,94,0.05378,0.475088,702,-1,ok,0,0,0,0,701,1,1,0.335376,683,683,10111,1,0.235281,683,683,28434,0.466553,1582,683
4,91,1827763,2791217,1053,67,315,0.139401,1.14021,1152,-1,ok,0,0,0,0,1151,1,1,3.16074,1053,11323,13313,1,6.58819,1053,28705,35006,67.1588,247542,1053
4,92,1980418,1582954,557,36,120,0.068277,0.561169,592,-1,ok,0,0,0,0,591,1,1,0.326711,557,557,8431,1,0.24589,557,557,22804,0.311122,557,557
4,93,705039,752842,1000,65,304,0.118771,0.69013,1105,-1,ok,0,0,0,0,1104,1,1,1.93152,1000,9733,14699,1,4.61404,1000,24834,40103,18.0438,86677,1000
4,94,1158854,739502,341,21,28,0.051627,0.426646,364,-1,ok,0,0,0,0,363,1,1,1.36487,341,3604,4811,1,2.12024,341,9426,14604,4.84865,20212,341
4,95,1350833,836719,972,60,298,0.106889,0.659342,1025,-1,ok,0,0,0,0,1024,1,1,1.60225,982,6902,12648,1,0.350515,972,972,34738,10.0344,46976,972
4,96,1556785,647066,1224,78,485,0.183623,0.971065,1315,-1,ok,0,0,0,0,1314,1,1,1.08326,1224,3123,17542,1,1.1212,1224,3788,46634,7.66356,34441,1224
4,97,1944954,1109435,783,50,317,0.138168,0.832375,884,-1,ok,0,0,0,0,883,1,1,1.10827,805,3398,10560,1,1.82797,805,8017,30421,0.578382,783,783
4,98,2668191,348531,1839,117,1171,0.372648,1.87882,2066,-1,ok,0,0,0,0,2065,1,1,7.03707,1839,20452,22693,1,14.3534,1839,51919,60556,120.022,416088,1839
4,99,476033,1903328,1168,74,129,0.124753,1.91713,1245,-1,ok,0,0,0,0,1244,1,1,4.72016,1168,13387,15452,1,11.0567,1168,37802,42656,124.452,311275,1168
4,100,795218,590026,122,9,10,0.017383,0.221044,157,-1,ok,0,0,0,0,156,1,1,0.109314,122,122,2081,1,0.069028,122,122,6348,0.087314,122,122
4,101,763468,1260833,843,54,270,0.109627,0.725516,924,-1,ok,0,0,0,0,923,1,1,2.62647,843,10771,12468,1,6.12915,843,28122,36025,18.796,79344,843
4,102,3155979,534005,2083,131,1791,0.739241,2.3638,2268,-1,ok,0,0,0,0,2267,1,1,3.16198,2083,4953,27261,1,2.31018,2083,6493,75040,37.0196,119986,2083
4,103,2671843,2035386,1097,69,419,0.152866,0.654162,1136,-1,ok,0,0,0,0,1135,1,1,0.466873,1097,1140,15389,1,0.795136,1097,3131,40755,5.80171,28074,1097
4,104,1072087,2077094,1175,76,474,0.192048,1.11653,1304,-1,ok,0,0,0,0,1303,1,1,3.58142,1175,13002,15852,1,7.20525,1175,30071,42402,33.4696,119881,1175
4,105,1830266,867972,1628,102,601,0.249426,1.26416,1779,-1,ok,0,0,0,0,1778,1,1,1.05082,1628,2451,22368,1,1.17911,1628,4391,61673,35.4214,143047,1628
4,106,2009385,672463,1221,77,742,0.256059,1.33347,1388,-1,ok,0,0,0,0,1387,1,1,1.17322,1221,1972,15058,1,0.913779,1221,2804,41021,2.02587,7357,1221
4,107,1277732,1289510,1175,74,383,0.148387,0.841353,1280,-1,ok,0,0,0,0,1279,1,1,1.41168,1175,6433,15284,1,2.74485,1175,15136,43303,20.5177,98639,1175
4,108,383929,2086407,1268,81,764,0.336039,1.66558,1391,-1,ok,0,0,0,0,1390,1,1,1.58574,1268,2403,18177,1,1.30924,1268,3721,50563,19.8647,67976,1268
4,109,2032078,1699736,1336,85,198,0.131465,0.772144,1431,-1,ok,0,0,0,0,1430,1,1,0.85629,1336,3386,19961,1,2.03385,1336,9741,56856,5.2881,25701,1336
4,110,958411,907673,588,38,183,0.074318,0.481399,673,-1,ok,0,0,0,0,672,1,1,0.810105,588,4082,7031,1,1.79459,588,10624,19157,9.67983,46637,588
4,111,345881,908168,999,63,361,0.129832,0.858504,1122,-1,ok,0,0,0,0,1121,1,1,0.466601,999,999,13436,1,0.381081,999,999,36323,12.2991,62389,999
4,112,921927,2826328,1275,81,420,0.191488,1.52585,1390,-1,ok,0,0,0,0,1389,1,1,3.54622,1275,11251,18777,1,7.11852,1275,29626,53735,31.5804,96671,1275
4,113,558628,2150100,1156,73,574,0.223225,1.34121,1293,-1,ok,0,0,0,0,1292,1,1,1.13918,1156,1797,15062,1,2.62261,1156,8988,42396,33.0028,83510,1156
4,114,732091,2459630,1421,90,356,0.157745,1.49616,1588,-1,ok,0,0,0,0,1587,1,1,1.69683,1425,3626,17854,1,2.23085,1425,6876,49903,1.27578,2801,1421
4,115,398823,391093,624,40,108,0.057197,0.500686,735,-1,ok,0,0,0,0,734,1,1,1.04981,624,5652,8746,1,2.75719,624,14910,24326,6.39221,30337,624
4,116,1510629,2959878,1054,67,673,0.296634,1.19968,1085,-1,ok,0,0,0,0,1084,1,1,1.02434,1054,1059,12838,1,0.700449,1054,1185,33453,19.0073,65295,1054
4,117,2096552,3082996,592,39,156,0.107129,0.747066,633,-1,ok,0,0,0,0,632,1,1,0.66861,592,683,9459,1,0.277469,592,664,28537,0.512188,592,592
4,118,773297,2535823,1305,83,171,0.105686,1.22913,1402,-1,ok,0,0,0,0,1401,1,1,1.24826,1305,2254,16612,1,1.08948,1305,3333,44778,12.519,27954,1305
4,119,1540653,367496,2008,127,1040,0.37979,1.61475,2393,-1,ok,0,0,0,0,2392,1,1,2.09308,2028,7030,24718,1,3.41952,2024,14090,66243,1.00855,2196,2008
4,120,457915,1822951,1394,89,348,0.13951,1.35293,1615,-1,ok,0,0,0,0,1614,1,1,1.1822,1394,2036,18083,1,1.84204,1394,7016,50549,0.70072,1394,1394
4,121,2144069,523360,2086,130,1510,0.484276,1.67784,2271,-1,ok,0,0,0,0,2270,1,1,7.39871,2096,26159,26991,1,18.5337,2086,71498,74193,242.105,785226,2086
4,122,1935902,3090329,1268,80,647,0.309779,1.36866,1349,-1,ok,0,0,0,0,1348,1,1,1.11133,1268,1727,16904,1,0.910272,1268,2112,45034,0.958482,1489,1268
4,123,2854140,1596178,937,60,227,0.146164,1.12731,1000,-1,ok,0,0,0,0,999,1,1,0.85632,937,978,13101,1,0.617414,937,1422,37612,0.816657,1482,937
4,124,1967913,1747145,807,52,65,0.04836,0.559074,906,-1,ok,0,0,0,0,905,1,1,0.804824,821,3617,11073,1,1.55654,821,7912,32024,1.76413,7908,807
4,125,2263205,1655305,838,56,580,0.19296,0.77021,1027,-1,ok,0,0,0,0,1026,1,1,0.674061,862,1989,11755,1,0.99545,862,3565,32722,0.426718,1240,838
4,126,2506297,1143924,984,63,76,0.053901,1.05816,1143,-1,ok,0,0,0,0,1142,1,1,0.964272,984,999,11873,1,0.559186,984,1103,32333,3.05974,8287,984
4,127,1448472,1364093,562,36,150,0.075811,0.583419,613,-1,ok,0,0,0,0,612,1,1,0.647291,582,2286,6361,1,1.3364,582,5864,17329,7.95684,34287,562
4,128,1724010,2154870,1418,90,508,0.184644,0.852623,1603,-1,ok,0,0,0,0,1602,1,1,3.05572,1426,15824,20802,1,7.11415,1426,35558,60702,46.3588,199433,1418
4,129,840467,2529952,1656,104,176,0.139221,1.60547,1753,-1,ok,0,0,0,0,1752,1,1,1.5296,1656,2175,20998,1,0.963721,1656,2347,53550,11.8574,49614,1656
4,130,1792217,1212610,345,22,25,0.03776,0.398024,352,-1,ok,0,0,0,0,351,1,1,0.54539,345,1381,5225,1,0.686994,345,2952,16083,0.923566,2952,345
4,131,1328134,3208212,1967,123,1431,0.526313,1.71656,2070,-1,ok,0,0,0,0,2069,1,1,1.50006,1967,2193,25370,1,1.77871,1967,4598,69399,10.0528,39324,1967
4,132,2891864,1675347,959,61,469,0.17674,0.89409,1042,-1,ok,0,0,0,0,1041,1,1,0.735867,959,1034,12921,1,0.971326,959,2119,34251,1.00816,2811,959
4,133,2410465,2443796,1103,68,250,0.094076,0.613307,1206,-1,ok,0,0,0,0,1205,1,1,1.9747,1103,9365,15779,1,3.95211,1103,21406,42230,12.036,59149,1103
4,134,558433,2250280,1093,70,403,0.156393,1.40945,1164,-1,ok,0,0,0,0,1163,1,1,1.97818,1101,3377,15803,1,3.26139,1101,12601,44641,1.31354,2191,1093
4,135,1187532,720690,1013,65,285,0.141364,0.756895,1094,-1,ok,0,0,0,0,1093,1,1,2.97038,1013,13493,14017,1,6.68748,1013,32538,35594,28.897,126857,1013
4,136,2710078,1125700,1258,80,996,0.423642,1.61514,1377,-1,ok,0,0,0,0,1376,1,1,2.8942,1266,5669,16750,1,2.9965,1266,12064,45871,3.09107,8328,1258
4,137,342829,2650131,1580,100,795,0.376333,2.13067,1669,-1,ok,0,0,0,0,1668,1,1,2.03926,1580,3697,22294,1,1.64558,1580,4118,60915,49.5787,188923,1580
4,138,381156,591400,523,34,34,0.041228,0.448007,560,-1,ok,0,0,0,0,559,1,1,0.677486,523,3296,6869,1,1.30343,523,7426,19177,2.49089,11973,523
4,139,620591,3052362,1412,88,624,0.27281,1.80425,1453,-1,ok,0,0,0,0,1452,1,1,1.64406,1412,1714,21547,1,1.01275,1412,1800,64189,1.44922,1800,1412
4,140,1838465,1180686,1541,98,101,0.073248,1.08387,1706,-1,ok,0,0,0,0,1705,1,1,3.29297,1541,15962,21175,1,8.65477,1541,44521,59079,132.379,448735,1541
4,141,2808277,2315654,851,54,151,0.084879,0.677808,890,-1,ok,0,0,0,0,889,1,1,0.491659,851,912,10847,1,0.319197,851,863,31397,2.24455,10053,851
4,142,2598310,2422034,222,15,45,0.019216,0.208039,253,-1,ok,0,0,0,0,252,1,1,0.119805,222,222,3776,1,0.168456,222,750,10684,0.098845,222,222
4,143,2845436,1668194,730,46,46,0.050664,0.942781,765,-1,ok,0,0,0,0,764,1,1,2.83414,730,8041,9835,1,5.49029,730,19082,28593,9.13737,31596,730
4,144,2382918,526772,1377,86,590,0.255758,1.47508,1450,-1,ok,0,0,0,0,1449,1,1,1.47687,1377,1544,17887,1,0.883832,1377,1464,47483,21.7446,75408,1377
4,145,1931999,438444,1275,81,748,0.292197,1.28451,1442,-1,ok,0,0,0,0,1441,1,1,1.13085,1275,1578,15913,1,0.709607,1275,1504,42299,0.937122,1275,1275
4,146,2679978,515339,2241,142,3566,1.22004,1.91586,2428,-1,ok,0,0,0,0,2427,1,1,1.8421,2241,3196,29190,1,2.94409,2241,9863,80195,4.24967,15905,2241
4,147,2803019,1915102,1793,114,698,0.236342,1.1687,1908,-1,ok,0,0,0,0,1907,1,1,5.19694,1793,21231,23154,1,12.5369,1793,53957,62951,116.96,368034,1793
4,148,913089,1331566,1323,85,280,0.141665,1.06042,1424,-1,ok,0,0,0,0,1423,1,1,3.08133,1323,14081,18757,1,7.46729,1323,38005,51196,75.4358,271251,1323
4,149,634343,2276336,1305,83,212,0.123982,1.57144,1396,-1,ok,0,0,0,0,1395,1,1,4.60023,1313,12888,16755,1,9.77292,1313,34754,46878,1.03717,1305,1305
4,150,1481794,3181212,1228,78,295,0.18711,1.6456,1323,-1,ok,0,0,0,0,1322,1,1,1.58819,1228,2293,16189,1,3.17597,1228,8114,43136,30.7562,92183,1228
4,151,1474634,422363,1314,83,636,0.259686,1.24083,1397,-1,ok,0,0,0,0,1396,1,1,0.966166,1314,1716,17143,1,0.650916,1314,1692,45181,2.47409,9827,1314
4,152,1834575,3226322,1174,74,369,0.155972,0.936933,1249,-1,ok,0,0,0,0,1248,1,1,0.718143,1174,1410,14999,1,2.24359,1174,6301,39993,36.2181,122962,1174
4,153,3024705,540222,1863,119,1453,0.453328,1.76846,1950,-1,ok,0,0,0,0,1949,1,1,1.65334,1863,1867,26587,1,1.23561,1863,1863,72611,36.3611,123487,1863
4,154,3044639,2920559,189,12,19,0.011491,0.17574,216,-1,ok,0,0,0,0,215,1,1,0.103654,189,189,2851,1,0.061445,189,189,7759,0.097271,189,189
4,155,1228220,1631674,478,31,93,0.054331,0.530472,585,-1,ok,0,0,0,0,584,1,1,0.295633,478,617,6687,1,0.2622,478,724,18717,0.217596,480,478
4,156,1536072,283775,1199,76,659,0.21862,1.07753,1332,-1,ok,0,0,0,0,1331,1,1,1.11608,1203,2336,15743,1,1.45774,1203,4382,45276,1.49878,4874,1199
4,157,3193672,1640899,1490,94,905,0.314849,1.39507,1653,-1,ok,0,0,0,0,1652,1,1,1.66315,1490,2995,20084,1,1.39407,1490,4407,54642,2.55786,9740,1490
4,158,1364886,1417986,1253,79,116,0.0907,0.874625,1338,-1,ok,0,0,0,0,1337,1,1,3.08177,1273,15171,17163,1,8.19533,1273,41052,48282,70.6198,284265,1253
4,159,1323479,1948892,1160,74,332,0.144932,1.02852,1359,-1,ok,0,0,0,0,1358,1,1,0.552112,1166,1449,15663,1,0.830171,1166,3272,43035,2.34946,9077,1160
4,160,329635,3138202,2157,136,1728,0.538668,2.50181,2332,-1,ok,0,0,0,0,2331,1,1,8.47145,2161,22804,25326,1,21.5417,2161,65747,74770,189.859,565662,2157
4,161,2199138,2165892,958,61,156,0.130592,0.655244,1023,-1,ok,0,0,0,0,1022,1,1,1.97711,960,11166,13810,1,5.44878,960,28379,39141,15.0196,73053,958
4,162,2332432,2665491,284,19,44,0.051957,0.390428,327,-1,ok,0,0,0,0,326,1,1,0.482191,284,1322,4534,1,0.680953,284,2901,12951,1.63551,6170,284
4,163,2554867,820141,1438,91,1158,0.419304,1.65594,1637,-1,ok,0,0,0,0,1636,1,1,1.50011,1438,2033,17494,1,1.29924,1438,3305,46380,2.0152,5278,1438
4,164,816636,1589983,1083,69,397,0.131846,0.780728,1230,-1,ok,0,0,0,0,1229,1,1,1.64247,1087,6710,11402,1,4.24451,1087,18788,34011,0.547083,1377,1083
4,165,2144577,2486159,628,39,94,0.055876,0.558785,727,-1,ok,0,0,0,0,726,1,1,1.26471,628,5396,8732,1,2.29659,628,11123,23262,7.52654,37091,628
4,166,2257019,735014,1996,127,1166,0.400831,1.78798,2201,-1,ok,0,0,0,0,2200,1,1,6.27852,2006,23293,25417,1,15.6671,2006,63298,69296,184.586,639164,1996
4,167,2095650,935010,1005,63,284,0.167362,1.17793,1036,-1,ok,0,0,0,0,1035,1,1,3.36039,1007,10945,13180,1,0.570717,1005,1245,36391,3.25815,14265,1005
4,168,312457,989659,778,50,56,0.05299,0.895084,855,-1,ok,0,0,0,0,854,1,1,0.606263,778,862,8236,1,0.32545,778,778,20197,1.2827,3848,778
4,169,2882141,1067685,1170,74,92,0.09015,3.93685,1293,-1,ok,0,0,0,0,1292,1,1,2.74305,1170,6907,17002,1,3.22426,1170,13917,47516,13.6326,53399,1170
4,170,1662824,2681105,1085,70,300,0.1708,1.10825,1184,-1,ok,0,0,0,0,1183,1,1,0.807879,1085,1160,14321,1,0.780236,1085,2470,39978,4.8157,21575,1085
4,171,1703180,546367,1232,79,272,0.146163,1.26426,1429,-1,ok,0,0,0,0,1428,1,1,1.46314,1232,4309,16154,1,0.603248,1232,1320,44520,2.7803,9405,1232
4,172,2090483,588991,1314,83,659,0.259506,1.31268,1459,-1,ok,0,0,0,0,1458,1,1,1.37553,1314,2790,16866,1,1.75616,1314,6176,49214,3.27581,13362,1314
4,173,2669970,1153251,1524,96,924,0.324797,1.6016,1605,-1,ok,0,0,0,0,1604,1,1,1.36069,1524,1711,20529,1,1.03815,1524,2837,54057,1.06035,2581,1524
4,174,2801102,1556461,1651,104,1200,0.431266,0.709146,1774,-1,ok,0,0,0,0,1773,1,1,0.793082,1651,2413,21277,1,1.18463,1651,4327,58070,10.1506,33732,1651
4,175,2862760,2446461,730,47,436,0.143028,0.570016,827,-1,ok,0,0,0,0,826,1,1,0.404356,730,863,10364,1,0.474867,730,2028,27792,0.636721,2114,730
4,176,1728209,2803901,1739,108,635,0.205143,1.29224,1822,-1,ok,0,0,0,0,1821,1,1,5.24758,1739,19368,22471,1,12.9039,1739,51107,62067,54.6927,205878,1739
4,177,330269,1345015,1018,65,249,0.15525,1.18772,1093,-1,ok,0,0,0,0,1092,1,1,0.942151,1018,1046,13604,1,0.665052,1018,1674,37048,1.77483,5477,1018
4,178,3017924,2896984,407,26,29,0.046257,0.33133,456,-1,ok,0,0,0,0,455,1,1,0.25141,407,700,5884,1,0.831234,407,4436,17223,1.93319,9887,407
4,179,910292,1126401,229,16,31,0.019577,0.295612,302,-1,ok,0,0,0,0,301,1,1,0.142977,229,229,3757,1,0.079047,229,229,9721,0.145572,329,229
4,180,2006593,1670863,1240,77,188,0.106159,0.701181,1281,-1,ok,0,0,0,0,1280,1,1,0.650766,1240,2246,17959,1,0.929808,1240,3932,52461,3.84031,18067,1240
4,181,2078347,3155254,1385,88,322,0.123961,1.47948,1548,-1,ok,0,0,0,0,1547,1,1,2.48011,1385,8615,19081,1,4.44655,1385,21848,53536,122.456,376164,1385
4,182,2709648,2878665,277,17,49,0.041147,0.244908,282,-1,ok,0,0,0,0,281,1,1,0.145021,277,314,3459,1,0.099846,277,314,10700,0.121117,314,277
4,183,460429,2828556,1989,126,1300,0.498662,2.18399,2138,-1,ok,0,0,0,0,2137,1,1,3.69538,1999,9785,25437,1,2.8926,1989,8887,69379,3.21158,8183,1989
4,184,909956,1352984,474,31,41,0.046407,0.52342,547,-1,ok,0,0,0,0,546,1,1,0.294281,474,664,6429,1,0.176861,474,477,16818,3.88981,19392,474
4,185,2598310,614849,1241,79,371,0.159489,1.55083,1360,-1,ok,0,0,0,0,1359,1,1,2.5422,1241,5899,15966,1,1.35039,1241,4054,46629,0.939546,1243,1241
4,186,1732162,381072,1507,96,1134,0.409746,1.31232,1678,-1,ok,0,0,0,0,1677,1,1,5.11866,1507,16062,19065,1,10.1414,1507,42354,51560,138.506,461122,1507
4,187,2864255,987151,1339,84,813,0.379057,1.69496,1374,-1,ok,0,0,0,0,1373,1,1,1.5824,1339,1646,18616,1,0.98969,1339,1341,53510,3.39874,11474,1339
4,188,613280,1998545,1505,95,1371,0.52475,1.44584,1724,-1,ok,0,0,0,0,1723,1,1,0.90422,1505,1528,17512,1,0.981315,1505,2453,48068,6.88961,27552,1505
4,189,769257,2619619,1324,84,914,0.313206,1.43175,1389,-1,ok,0,0,0,0,1388,1,1,2.25533,1324,5561,19767,1,3.247,1324,12633,52447,8.80892,33516,1324
4,190,1700379,924636,488,32,110,0.070552,0.679581,579,-1,ok,0,0,0,0,578,1,1,0.793813,492,1878,4137,1,0.330017,488,488,14249,0.938546,2717,488
4,191,489236,2011181,1701,107,1233,0.414204,1.41688,1896,-1,ok,0,0,0,0,1895,1,1,2.74585,1711,9485,21366,1,1.37405,1701,4547,59166,6.9923,29617,1701
4,192,1225462,1170705,1015,64,72,0.064462,0.541502,1088,-1,ok,0,0,0,0,1087,1,1,1.25725,1015,6444,13881,1,3.17087,1015,16587,39331,10.3496,50850,1015
4,193,1873151,1744747,675,43,59,0.044714,0.382866,722,-1,ok,0,0,0,0,721,1,1,0.373347,675,1567,10265,1,1.21211,675,5573,29393,3.10853,15703,675
4,194,2468599,2302602,643,39,122,0.061415,0.5563,740,-1,ok,0,0,0,0,739,1,1,0.98444,643,4564,8197,1,1.90394,643,10426,20651,12.5479,59069,643
4,195,2943977,2062115,628,40,58,0.049493,0.824842,659,-1,ok,0,0,0,0,658,1,1,0.747237,628,844,8993,1,0.555249,628,1395,25858,1.11172,2590,628
4,196,587996,382135,775,49,95,0.056626,0.503081,840,-1,ok,0,0,0,0,839,1,1,0.90425,775,4064,10678,1,2.29899,775,10156,29999,4.99245,25018,775
4,197,1795388,2559139,975,61,178,0.079088,0.821616,1002,-1,ok,0,0,0,0,1001,1,1,0.628424,975,1227,11186,1,0.525231,975,1626,31934,0.479245,975,975
4,198,430706,1816036,1949,123,207,0.118591,1.6847,2156,-1,ok,0,0,0,0,2155,1,1,7.2207,1949,25737,26108,1,16.2293,1949,68055,71259,228.099,727212,1949
4,199,2709791,743716,1567,100,1466,0.603819,1.85918,1690,-1,ok,0,0,0,0,1689,1,1,1.70246,1567,1868,19550,1,1.21948,1567,3168,55582,22.3233,74094,1567
4,200,2317486,1682523,790,50,224,0.106439,0.712773,893,-1,ok,0,0,0,0,892,1,1,0.508791,790,1052,9962,1,0.501658,790,1341,26846,1.58102,7120,790
4,201,848074,2660956,1289,81,637,0.215261,1.2545,1332,-1,ok,0,0,0,0,1331,1,1,0.955083,1289,1382,16202,1,0.833167,1289,1289,44379,11.9291,41549,1289
4,202,2051630,2425358,880,56,142,0.078888,0.618115,933,-1,ok,0,0,0,0,932,1,1,0.357387,880,935,13028,1,0.39066,880,1230,35339,2.55414,12520,880
4,203,2138232,3170486,1784,115,896,0.330077,1.72687,1927,-1,ok,0,0,0,0,1926,1,1,1.84831,1784,4353,23214,1,2.40099,1784,9923,64330,29.831,104969,1784
4,204,1443071,807450,574,37,59,0.061666,0.697093,675,-1,ok,0,0,0,0,674,1,1,0.679932,574,886,7070,1,0.274744,574,574,18667,0.605963,1132,574
4,205,1144422,3049691,2080,131,1510,0.551802,1.99673,2265,-1,ok,0,0,0,0,2264,1,1,6.25283,2100,21530,24902,1,13.4064,2100,57474,67102,214.182,753132,2080
4,206,377442,2376747,1648,105,326,0.216245,2.09093,1903,-1,ok,0,0,0,0,1902,1,1,1.82287,1648,2845,19079,1,1.52025,1648,4484,53154,5.12152,15424,1648
4,207,1401797,2931005,1642,104,900,0.356207,1.54241,1793,-1,ok,0,0,0,0,1792,1,1,1.51463,1662,3992,20702,1,2.28065,1662,8746,54423,0.86134,1642,1642
4,208,2488208,1785008,991,63,400,0.12854,0.755192,1108,-1,ok,0,0,0,0,1107,1,1,0.602657,991,1612,13272,1,0.907696,991,3197,36440,0.519752,1460,991
4,209,2517430,2632913,587,37,85,0.04765,0.551992,626,-1,ok,0,0,0,0,625,1,1,1.01462,599,4790,6362,1,2.31172,599,12884,18360,12.7328,55759,587
4,210,1804529,2670473,625,40,97,0.044973,0.68963,678,-1,ok,0,0,0,0,677,1,1,0.833478,633,2481,8511,1,1.4671,633,6029,23391,0.376052,814,625
4,211,792304,2700845,1601,100,1500,0.505875,1.5967,1692,-1,ok,0,0,0,0,1691,1,1,1.51812,1601,1979,19364,1,1.12716,1601,2398,55128,4.19745,14838,1601
4,212,292558,448522,757,47,195,0.091381,0.557813,806,-1,ok,0,0,0,0,805,1,1,1.03248,757,4859,10652,1,2.42643,757,12303,31312,3.94522,20443,757
4,213,2987559,1182868,2093,131,275,0.174475,1.99338,2238,-1,ok,0,0,0,0,2237,1,1,2.15926,2093,4130,26013,1,2.55633,2093,8129,73497,5.5369,20670,2093
4,214,3031564,1350417,1027,66,293,0.148928,1.11035,1156,-1,ok,0,0,0,0,1155,1,1,6.27364,1027,12796,14713,1,12.8883,1027,32273,42333,20.1731,53496,1027
4,215,3155823,373649,2172,139,2236,0.899873,2.63092,2469,-1,ok,0,0,0,0,2468,1,1,2.90133,2202,5017,28694,1,2.8551,2202,8893,75239,10.6422,37219,2172
4,216,371781,1935939,921,59,216,0.145332,1.07434,980,-1,ok,0,0,0,0,979,1,1,2.34066,921,5713,14417,1,5.76071,921,16174,43274,8.65616,28771,921
4,217,2855984,2571946,520,33,261,0.099997,0.404687,529,-1,ok,0,0,0,0,528,1,1,0.255848,520,520,7836,1,0.210644,520,862,23166,0.221254,520,520
4,218,465556,3102078,1943,122,1600,0.551832,2.06969,2166,-1,ok,0,0,0,0,2165,1,1,1.77262,1943,2009,23628,1,1.54278,1943,3609,64242,1.27954,2235,1943
4,219,3106562,1461822,2273,142,2129,0.751464,1.72851,2408,-1,ok,0,0,0,0,2407,1,1,7.77011,2273,28743,29764,1,19.5267,2273,73068,80040,277.915,900726,2273
4,220,2389443,1100586,779,48,138,0.119513,1.17962,854,-1,ok,0,0,0,0,853,1,1,3.0121,779,9282,10797,1,5.78962,779,18926,32194,7.73968,30377,779
4,221,1209891,3199598,1812,114,1860,0.643203,1.80909,1905,-1,ok,0,0,0,0,1904,1,1,4.49028,1816,13812,21044,1,9.97244,1816,37062,59730,5.10255,13983,1812
4,222,1628263,3038908,1441,91,352,0.189684,1.82625,1614,-1,ok,0,0,0,0,1613,1,1,4.24772,1441,13895,17022,1,8.6586,1441,37274,46155,139.406,488535,1441
4,223,996318,538495,877,56,297,0.155551,0.762816,940,-1,ok,0,0,0,0,939,1,1,0.523318,877,877,12837,1,0.375332,877,982,36298,0.448508,877,877
4,224,2666230,1916875,1680,107,516,0.237865,1.19623,1833,-1,ok,0,0,0,0,1832,1,1,4.84513,1680,20250,23090,1,11.7742,1680,50975,62194,95.669,339882,1680
4,225,1214391,1343195,898,57,211,0.100488,0.557161,949,-1,ok,0,0,0,0,948,1,1,0.475569,900,1395,12577,1,0.486658,898,2105,36526,4.82563,21905,898
4,226,650861,1693026,614,39,78,0.053461,0.918987,691,-1,ok,0,0,0,0,690,1,1,0.78075,614,614,8363,1,0.602947,614,1266,24532,0.669461,614,614
4,227,1007288,1215730,474,32,83,0.044143,0.368039,531,-1,ok,0,0,0,0,530,1,1,0.373759,474,1454,7195,1,1.0901,474,4910,20396,1.74325,9166,474
4,228,2161129,565602,1613,102,692,0.293268,1.52683,1720,-1,ok,0,0,0,0,1719,1,1,1.581,1617,2694,21095,1,1.62502,1617,5319,59073,1.30934,2367,1613
4,229,2785103,1597956,1513,95,692,0.281395,1.24192,1646,-1,ok,0,0,0,0,1645,1,1,1.08583,1513,1836,18893,1,1.04275,1513,3334,50990,1.78064,6665,1513
4,230,1392321,355276,821,52,319,0.157684,0.844258,922,-1,ok,0,0,0,0,921,1,1,0.749941,821,821,10287,1,1.14824,821,3663,28561,0.587447,857,821
4,231,2051789,1806580,591,38,85,0.048381,0.468546,626,-1,ok,0,0,0,0,625,1,1,0.876728,591,3705,7837,1,1.80424,591,8878,22438,4.41782,21480,591
4,232,1102446,3057237,1135,73,273,0.125253,1.4302,1272,-1,ok,0,0,0,0,1271,1,1,2.24885,1135,4439,17161,1,3.89133,1135,12182,48469,4.03609,13027,1135
4,233,2397085,1013039,923,58,261,0.131376,1.15255,946,-1,ok,0,0,0,0,945,1,1,1.25253,923,1520,13545,1,0.646618,923,923,38515,4.39476,14385,923
4,234,1287529,1866275,1267,80,171,0.097173,1.03152,1414,-1,ok,0,0,0,0,1413,1,1,1.11773,1267,4364,17029,1,2.00166,1267,9445,46955,4.04945,19969,1267
4,235,1687683,418136,1252,79,597,0.250378,1.18483,1375,-1,ok,0,0,0,0,1374,1,1,1.03388,1252,1415,15138,1,1.42937,1252,4674,42357,18.6808,65454,1252
4,236,2722809,932643,2100,131,2655,0.924239,1.88314,2215,-1,ok,0,0,0,0,2214,1,1,2.24901,2100,5088,27381,1,2.73546,2100,10510,71156,7.60412,31293,2100
4,237,2665523,3047256,1417,90,316,0.148117,1.43705,1522,-1,ok,0,0,0,0,1521,1,1,2.62694,1417,9968,19468,1,5.0612,1417,24966,53640,105.718,291273,1417
4,238,1923409,2905912,843,54,335,0.171091,1.00284,952,-1,ok,0,0,0,0,951,1,1,0.600362,843,845,11017,1,0.704267,843,1833,28355,3.0269,12908,843
4,239,875283,1311303,664,42,64,0.065772,0.615942,731,-1,ok,0,0,0,0,730,1,1,1.44129,664,5495,8570,1,2.36169,664,11884,24378,7.90411,37825,664
4,240,2918198,639738,1606,102,1053,0.387955,1.67862,1701,-1,ok,0,0,0,0,1700,1,1,1.75455,1606,1913,22804,1,1.25138,1606,2017,64186,2.09785,3865,1606
4,241,1337751,1159597,145,10,21,0.01595,0.187591,200,-1,ok,0,0,0,0,199,1,1,0.11253,145,145,2257,1,0.077706,145,145,6351,0.08453,145,145
4,242,1804529,3222731,986,63,331,0.137067,1.11311,1063,-1,ok,0,0,0,0,1062,1,1,0.899511,986,1137,14283,1,0.928856,986,2232,39436,16.1874,52110,986
4,243,2545706,1651771,1162,74,690,0.204522,0.966156,1311,-1,ok,0,0,0,0,1310,1,1,0.904621,1162,2623,15827,1,1.15412,1162,4028,42022,1.52291,5020,1162
4,244,807710,2239366,1940,121,1848,0.644885,1.6982,2207,-1,ok,0,0,0,0,2206,1,1,1.5351,1940,3284,21284,1,1.35488,1940,4156,60994,28.178,116749,1940
4,245,3201629,632825,1631,103,313,0.156393,1.74148,1756,-1,ok,0,0,0,0,1755,1,1,7.08338,1637,18085,21976,1,12.4966,1637,36607,60325,10.9789,38880,1631
4,246,2019093,3174345,1036,66,422,0.201587,1.07177,1105,-1,ok,0,0,0,0,1104,1,1,1.42525,1054,4558,13539,1,1.95853,1054,8589,37293,2.18834,9263,1036
4,247,2955346,1703765,1276,80,802,0.297246,1.1248,1331,-1,ok,0,0,0,0,1330,1,1,3.66076,1284,13582,16447,1,7.59631,1284,34394,47321,4.27753,12131,1276
4,248,541380,1361733,957,60,80,0.081323,0.972348,1052,-1,ok,0,0,0,0,1051,1,1,2.24328,967,7974,12497,1,1.52699,957,6275,34462,4.76904,21833,957
4,249,3113781,786831,2642,166,3095,1.14346,2.54121,2791,-1,ok,0,0,0,0,2790,1,1,2.58235,2642,3706,33865,1,2.12335,2642,5816,90322,25.6613,107553,2642
4,250,726020,696308,1081,70,827,0.285133,0.629259,1180,-1,ok,0,0,0,0,1179,1,1,1.77459,1081,8591,16235,1,3.63697,1081,18783,44395,11.3969,50498,1081
4,251,553589,2992564,1414,88,643,0.234739,1.86574,1513,-1,ok,0,0,0,0,1512,1,1,5.00941,1438,12183,20399,1,8.60865,1420,25685,60437,15.5342,42836,1414
4,252,1843611,2188440,1312,83,411,0.17141,0.911725,1403,-1,ok,0,0,0,0,1402,1,1,0.83562,1312,3291,16658,1,1.51025,1312,7401,46386,8.84773,39358,1312
4,253,334027,2354825,1725,109,546,0.251168,1.89411,1940,-1,ok,0,0,0,0,1939,1,1,1.48089,1725,2038,22979,1,1.42995,1725,4145,63940,3.54638,8592,1725
4,254,2138232,528223,1703,110,1019,0.389908,1.42191,1870,-1,ok,0,0,0,0,1869,1,1,1.6865,1713,4730,23474,1,2.63815,1713,10566,64288,13.8903,55690,1703
4,255,2920261,1514740,1066,67,302,0.144781,1.13395,1177,-1,ok,0,0,0,0,1176,1,1,3.89824,1066,12202,13451,1,8.11845,1066,29089,36325,37.4503,142742,1066
4,256,1963166,1687516,403,26,101,0.073137,0.374991,430,-1,ok,0,0,0,0,429,1,1,0.204483,403,403,6146,1,0.456513,403,2112,17659,0.301492,870,403
4,257,610635,2538272,1234,78,424,0.211205,1.68339,1313,-1,ok,0,0,0,0,1312,1,1,2.16514,1238,3647,17454,1,4.37233,1238,12845,48690,3.59357,10127,1234
4,258,2978886,649484,1616,101,585,0.29407,1.76944,1787,-1,ok,0,0,0,0,1786,1,1,7.18882,1616,20298,21985,1,15.4786,1616,53422,59247,71.1132,185927,1616
4,259,769160,1514768,962,62,436,0.212938,1.14148,1079,-1,ok,0,0,0,0,1078,1,1,1.34004,986,4256,12464,1,2.68247,986,12529,34047,7.39245,34250,962
4,260,3115044,1697807,1444,91,1446,0.613696,1.48133,1561,-1,ok,0,0,0,0,1560,1,1,1.66318,1444,2997,20049,1,1.41735,1444,4547,54794,1.27504,2358,1444
4,261,1835879,2014773,1360,86,390,0.174535,0.853234,1555,-1,ok,0,0,0,0,1554,1,1,3.18135,1386,14739,16869,1,8.0298,1386,40769,48743,17.4802,82259,1360
4,262,1550309,1217369,267,16,23,0.024294,0.340707,280,-1,ok,0,0,0,0,279,1,1,0.670273,267,1600,3819,1,0.693145,267,3474,11481,1.32841,4790,267
4,263,1455274,2689959,801,51,208,0.098274,1.0973,940,-1,ok,0,0,0,0,939,1,1,0.800285,801,813,11145,1,0.551992,801,813,30617,0.688627,831,801
4,264,1863586,2791354,1283,81,555,0.199872,1.03821,1364,-1,ok,0,0,0,0,1363,1,1,0.725767,1283,1535,14331,1,0.826124,1283,2742,42810,25.4178,109590,1283
4,265,1878699,2430675,931,59,276,0.08571,0.654322,1002,-1,ok,0,0,0,0,1001,1,1,0.432828,931,931,12463,1,0.470951,931,1431,34717,2.56327,11881,931
4,266,1109092,2589721,1865,116,367,0.145062,1.16494,2000,-1,ok,0,0,0,0,1999,1,1,5.19882,1865,19162,21257,1,11.9295,1865,49685,60896,177.017,563016,1865
4,267,2786859,1809984,1068,68,189,0.113692,0.978749,1133,-1,ok,0,0,0,0,1132,1,1,0.718884,1068,1129,13590,1,0.843437,1068,2854,36874,4.99444,13936,1068
4,268,2948186,2866807,424,28,100,0.053951,0.315099,455,-1,ok,0,0,0,0,454,1,1,0.162284,424,424,7168,1,0.11807,424,424,21760,0.137858,424,424
4,269,837275,3217710,2157,135,2609,0.866309,2.02072,2250,-1,ok,0,0,0,0,2249,1,1,1.80188,2157,2672,28250,1,1.66949,2157,4318,75701,2.13153,4785,2157
4,270,1633134,3007164,1393,88,753,0.227786,0.755391,1528,-1,ok,0,0,0,0,1527,1,1,0.651809,1393,1815,18156,1,1.08782,1393,4008,47969,0.694127,2433,1393
4,271,3177553,363823,1951,124,1159,0.370412,2.042,2042,-1,ok,0,0,0,0,2041,1,1,6.32775,1951,15253,26982,1,13.127,1951,40124,72612,63.8003,213424,1951
4,272,1545611,2173818,374,24,41,0.06867,0.663491,399,-1,ok,0,0,0,0,398,1,1,0.410777,374,505,5737,1,0.274473,374,633,16994,0.379849,672,374
4,273,2234670,1030403,742,47,119,0.087885,1.03361,837,-1,ok,0,0,0,0,836,1,1,2.38103,742,7368,10548,1,3.64594,742,13403,30836,5.30422,21480,742
4,274,1061263,517752,391,26,62,0.061365,0.523319,452,-1,ok,0,0,0,0,451,1,1,0.474577,391,593,5296,1,0.410387,391,1150,13302,0.297436,391,391
4,275,2611184,1093057,1834,118,2062,0.707973,1.6327,2035,-1,ok,0,0,0,0,2034,1,1,1.81787,1876,4944,21615,1,3.3338,1876,12762,60801,5.46157,23458,1834
4,276,1860944,3238002,887,57,82,0.072706,1.07375,984,-1,ok,0,0,0,0,983,1,1,1.15411,887,2154,9723,1,0.968981,887,3961,27629,2.12846,7360,887
4,277,2169703,1399028,791,51,93,0.060914,0.693807,904,-1,ok,0,0,0,0,903,1,1,0.677486,791,2097,9390,1,1.14162,791,4871,27457,7.01656,33161,791
4,278,1948620,2128617,131,9,12,0.010941,0.186018,174,-1,ok,0,0,0,0,173,1,1,0.203981,131,566,1864,1,0.40697,131,1713,4974,0.705359,2436,131
4,279,2566018,882646,1597,101,1340,0.451304,1.56588,1718,-1,ok,0,0,0,0,1717,1,1,5.68328,1597,17646,20440,1,13.6653,1597,48898,56023,220.436,617665,1597
4,280,929280,999352,167,11,25,0.020689,0.128921,176,-1,ok,0,0,0,0,175,1,1,0.073528,167,167,2811,1,0.03738,167,167,8590,0.059651,167,167
4,281,924154,2537686,1628,102,412,0.199884,1.88688,1727,-1,ok,0,0,0,0,1726,1,1,1.47821,1630,3578,21352,1,2.01938,1630,7486,58712,3.23368,10751,1628
4,282,2000652,1137046,874,55,421,0.201125,0.963181,911,-1,ok,0,0,0,0,910,1,1,1.09929,884,2291,11996,1,1.08116,884,4527,33113,0.379601,889,874
4,283,2582565,607763,1299,82,696,0.304078,1.71637,1370,-1,ok,0,0,0,0,1369,1,1,1.50034,1299,1397,18824,1,1.36127,1299,2303,50383,0.965305,1299,1299
4,284,3245185,785165,2684,169,1454,0.496406,2.32543,2901,-1,ok,0,0,0,0,2900,1,1,4.55889,2684,12081,34061,1,6.03515,2684,22514,93861,65.3518,258035,2684
4,285,1231498,2364091,1022,66,564,0.24574,1.15507,1079,-1,ok,0,0,0,0,1078,1,1,0.760071,1022,1022,12606,1,0.727761,1022,1925,32827,1.87654,5477,1022
4,286,1066192,1226502,199,12,42,0.036238,0.173204,200,-1,ok,0,0,0,0,199,1,1,0.112039,199,199,3072,1,0.055193,199,199,9472,0.069018,199,199
4,287,1869193,2052669,328,22,50,0.02151,0.385049,451,-1,ok,0,0,0,0,450,1,1,0.481099,328,1726,3311,1,0.991784,328,5049,9635,4.66451,21267,328
4,288,2994814,3098447,829,53,171,0.083235,0.448658,870,-1,ok,0,0,0,0,869,1,1,0.295413,829,1135,13050,1,1.16771,829,6012,36652,3.84082,17762,829
4,289,1797269,848583,613,40,166,0.081912,0.738962,662,-1,ok,0,0,0,0,661,1,1,0.567821,613,613,9045,1,0.365112,613,613,26043,0.658911,1897,613
4,290,1214793,1750358,1135,71,266,0.110716,0.776151,1254,-1,ok,0,0,0,0,1253,1,1,1.98053,1157,8076,14789,1,3.97362,1157,18739,42511,15.95,68787,1135
4,291,2831898,2102650,653,42,259,0.126646,0.728261,704,-1,ok,0,0,0,0,703,1,1,0.731969,653,956,9324,1,0.429812,653,1075,24920,0.576759,653,653
4,292,2244867,2707981,771,50,317,0.102412,0.489905,832,-1,ok,0,0,0,0,831,1,1,0.276047,771,790,9883,1,0.355825,771,879,27403,2.84338,10128,771
4,293,1073058,1365640,1214,76,712,0.235891,0.734803,1355,-1,ok,0,0,0,0,1354,1,1,2.84049,1246,13415,16355,1,7.02457,1246,35977,47417,29.7012,125923,1214
4,294,2216425,1540683,1508,96,102,0.092824,1.15328,1647,-1,ok,0,0,0,0,1646,1,1,1.13255,1510,2792,19208,1,1.63969,1510,6296,52317,77.389,291143,1508
4,295,2060741,2215164,463,30,52,0.036439,0.302526,534,-1,ok,0,0,0,0,533,1,1,0.149219,463,512,6970,1,0.219199,463,818,19239,0.134942,463,463
4,296,1441555,704228,1628,104,815,0.302856,1.23869,1743,-1,ok,0,0,0,0,1742,1,1,4.52441,1628,18731,23692,1,10.593,1628,48821,64805,50.2922,206765,1628
4,297,2513611,686770,1174,75,92,0.109685,1.64842,1335,-1,ok,0,0,0,0,1334,1,1,1.43771,1174,1438,15971,1,0.868143,1174,1174,45811,5.873,16039,1174
4,298,1306030,2886412,938,61,261,0.124332,1.22014,1017,-1,ok,0,0,0,0,1016,1,1,2.18892,938,5722,13272,1,6.23188,938,19597,37699,10.829,32381,938
4,299,404356,1929489,1380,86,727,0.286396,1.54231,1545,-1,ok,0,0,0,0,1544,1,1,1.16524,1380,1541,17126,1,0.998697,1380,2478,43280,5.39811,18896,1380
6,0,2654607,497695,1710,28,100,0.081142,2.66534,2209,-1,ok,0,0,0,0,2208,1,1,3.14465,1710,6508,99684,1,1.09835,1710,2339,262434,4.59632,12833,1710
6,1,2221473,1571062,1589,25,57,0.044092,1.48893,2192,-1,ok,0,0,0,0,2191,1,1,15.5018,1663,68053,79888,1,24.6796,1589,104589,214507,41.0838,160357,1589
6,2,641811,2589149,1344,22,52,0.059631,2.14993,1569,-1,ok,0,0,0,0,1568,1,1,13.0263,1372,43882,74369,1,1.2049,1344,3278,218684,1.78951,3632,1344
6,3,2250714,2339143,278,5,7,0.012683,0.399707,367,-1,ok,0,0,0,0,366,1,1,0.093304,278,278,20026,1,0.091942,278,278,60438,0.082955,278,278
6,4,2536396,353659,1876,30,144,0.055204,2.30438,2225,-1,ok,0,0,0,0,2224,1,1,9.11777,1896,33956,82431,1,3.35438,1876,11336,224826,9.70522,28227,1876
6,5,916591,1430479,1191,19,53,0.044383,1.08029,1404,-1,ok,0,0,0,0,1403,1,1,10.2354,1223,46325,65457,1,23.0514,1191,95385,186684,35.9448,132776,1191
6,6,500826,2935247,2173,35,189,0.093735,3.06827,2758,-1,ok,0,0,0,0,2757,1,1,2.90125,2173,6260,111296,1,3.50542,2173,9707,321981,10.0716,31438,2173
6,7,2429283,2288496,465,9,10,0.01032,0.527968,788,-1,ok,0,0,0,0,787,1,1,0.169436,465,465,31219,1,0.174407,465,606,94251,0.208501,804,465
6,8,502542,1287255,645,12,16,0.012904,0.817489,804,-1,ok,0,0,0,0,803,1,1,5.62283,645,21880,36691,1,11.8422,645,46505,98241,17.1088,63467,645
6,9,2726054,800471,1487,24,30,0.032682,1.89664,1902,-1,ok,0,0,0,0,1901,1,1,7.99149,1515,27105,71695,1,0.929537,1487,1774,210615,1.33108,2150,1487
6,10,3031784,709412,1662,27,27,0.043642,2.13806,1933,-1,ok,0,0,0,0,1932,1,1,1.67302,1662,1662,81641,1,0.81301,1662,1662,229099,37.301,146083,1662
6,11,813038,2649998,1861,30,78,0.04274,1.77694,2310,-1,ok,0,0,0,0,2309,1,1,13.7493,1881,54422,88413,1,3.13452,1861,9870,253518,1.12438,2064,1861
6,12,2906523,1340129,1264,21,48,0.053309,1.83901,1737,-1,ok,0,0,0,0,1736,1,1,14.8105,1300,50993,74008,1,12.7256,1268,47068,204602,23.5437,73256,1264
6,13,2198005,2773306,1504,23,66,0.046438,1.18268,1551,-1,ok,0,0,0,0,1550,1,1,13.6827,1506,55107,69798,1,32.6665,1504,138066,201645,51.5466,197182,1504
6,14,1009630,2195480,1009,17,17,0.023573,1.63412,1416,-1,ok,0,0,0,0,1415,1,1,5.34821,1069,18262,47456,1,9.2866,1069,38351,114060,2.65508,8169,1009
6,15,2077961,2827531,1186,19,68,0.04775,1.35885,1533,-1,ok,0,0,0,0,1532,1,1,4.87314,1200,20985,67400,1,12.1177,1186,54901,182682,30.0176,125454,1186
6,16,1553701,2469994,602,11,11,0.033713,1.05991,829,-1,ok,0,0,0,0,828,1,1,0.746637,602,1309,38541,1,0.529831,602,1961,98418,0.798343,1976,602
6,17,2490161,384400,1409,23,71,0.040216,1.77651,1630,-1,ok,0,0,0,0,1629,1,1,6.14899,1437,19648,80611,1,1.34024,1409,2204,234594,1.48951,1693,1409
6,18,2599025,2034587,1669,28,71,0.037611,1.86068,2522,-1,ok,0,0,0,0,2521,1,1,15.5906,1815,70632,80616,1,42.5822,1815,184368,222971,34.3768,141895,1669
6,19,1181060,2927824,1734,28,114,0.088054,2.41896,2409,-1,ok,0,0,0,0,2408,1,1,14.3114,1850,54062,80465,1,7.48875,1734,24179,227383,12.5833,51628,1734
6,20,645781,614849,395,8,13,0.01616,0.640608,664,-1,ok,0,0,0,0,663,1,1,2.30862,427,11464,24367,1,3.34247,427,18066,72322,2.37204,12656,395
6,21,2468056,2256643,1145,18,24,0.024295,0.923126,1382,-1,ok,0,0,0,0,1381,1,1,9.67633,1199,45995,63252,1,6.85662,1145,32723,181752,8.6203,41640,1145
6,22,251497,3219170,2176,34,114,0.066605,3.0025,2697,-1,ok,0,0,0,0,2696,1,1,23.2531,2204,71084,124428,1,4.40107,2176,15233,314084,28.0275,83714,2176
6,23,569297,2803754,1948,32,127,0.07982,2.72206,2573,-1,ok,0,0,0,0,2572,1,1,24.8126,1962,75798,99089,1,67.1925,1962,221384,292255,221.468,673122,1948
6,24,2520461,1501553,674,11,13,0.020509,1.07841,789,-1,ok,0,0,0,0,788,1,1,0.680563,674,684,34208,1,0.435895,674,674,79293,2.13499,7515,674
6,25,2003860,731758,1205,19,54,0.03227,1.3636,1598,-1,ok,0,0,0,0,1597,1,1,2.47943,1225,8873,43354,1,2.64527,1205,10150,151046,6.59825,31467,1205
6,26,613334,2557422,1168,20,59,0.043972,1.73246,1517,-1,ok,0,0,0,0,1516,1,1,18.7159,1254,51303,68716,1,29.8353,1254,95867,198588,7.54536,30286,1168
6,27,387537,2005469,1167,19,46,0.052568,1.85447,1470,-1,ok,0,0,0,0,1469,1,1,2.14694,1167,5362,63377,1,1.01729,1167,2612,167371,1.37041,3473,1167
6,28,344125,2584166,2379,38,194,0.071644,2.66452,3136,-1,ok,0,0,0,0,3135,1,1,28.2431,2457,98314,101687,1,83.9451,2457,271956,288832,487.906,1.28006e+06,2379
6,29,2992346,1955386,784,12,22,0.025037,1.32829,1173,-1,ok,0,0,0,0,1172,1,1,2.44309,784,8262,37586,1,5.6005,784,25871,108768,12.2474,52143,784
6,30,2891864,2043208,1327,22,38,0.028313,1.31852,1674,-1,ok,0,0,0,0,1673,1,1,9.41996,1421,43162,66114,1,0.627795,1327,1552,181322,17.2786,79579,1327
6,31,593449,1109625,711,12,19,0.015548,0.77048,984,-1,ok,0,0,0,0,983,1,1,0.466964,711,711,35500,1,0.794956,711,3075,101975,0.94177,3075,711
6,32,2770066,477636,2303,38,146,0.060052,2.51785,2986,-1,ok,0,0,0,0,2985,1,1,18.9899,2407,70328,118454,1,34.7726,2385,119439,306343,5.01274,15953,2303
6,33,1568488,2024378,743,13,16,0.022872,1.1084,1038,-1,ok,0,0,0,0,1037,1,1,0.634686,743,1575,38138,1,0.622734,743,2263,126154,0.742617,2836,743
6,34,2636861,1355914,1868,29,50,0.042629,2.01718,2533,-1,ok,0,0,0,0,2532,1,1,17.4592,2018,79470,86881,1,28.5198,1940,116923,247655,27.7682,120630,1868
6,35,2807379,1728601,1223,19,21,0.024716,1.6794,1678,-1,ok,0,0,0,0,1677,1,1,5.77898,1223,20075,51505,1,3.24669,1223,14478,156763,4.02173,16354,1223
6,36,548195,1129534,384,7,7,0.01092,0.809874,659,-1,ok,0,0,0,0,658,1,1,0.477463,384,384,25658,1,0.204833,384,384,77480,0.374841,384,384
6,37,1403079,1097550,787,14,31,0.022241,0.858445,1018,-1,ok,0,0,0,0,1017,1,1,6.89049,787,32456,44573,1,17.3374,787,79895,126839,26.0197,114224,787
6,38,1098506,2400310,1127,19,33,0.041957,1.81077,1540,-1,ok,0,0,0,0,1539,1,1,1.74498,1143,3643,55723,1,1.04446,1127,2411,176652,0.820835,1127,1127
6,39,549302,2763681,1609,26,85,0.045616,2.04719,1878,-1,ok,0,0,0,0,1877,1,1,4.05931,1609,10666,80183,1,9.77603,1609,29906,223248,34.9789,121137,1609
6,40,2830387,1329031,990,17,35,0.038343,1.30989,1295,-1,ok,0,0,0,0,1294,1,1,1.22301,994,2592,59226,1,1.40539,990,3669,177687,3.15939,12620,990
6,41,2571837,1609971,1200,20,21,0.012635,1.12736,1705,-1,ok,0,0,0,0,1704,1,1,1.9962,1200,6746,61268,1,0.60992,1200,1405,174555,0.829811,2243,1200
6,42,2269545,949398,1480,24,25,0.029255,1.25749,2185,-1,ok,0,0,0,0,2184,1,1,12.0553,1486,47581,73468,1,3.82413,1480,14958,227217,2.34272,7900,1480
6,43,2386550,2005422,1757,29,29,0.038802,1.3958,2402,-1,ok,0,0,0,0,2401,1,1,11.8534,1831,61101,82383,1,33.4379,1811,158846,232428,79.7536,350924,1757
6,44,3228329,1091487,1429,24,78,0.073947,2.10576,1646,-1,ok,0,0,0,0,1645,1,1,1.73653,1429,1429,78570,1,1.01051,1429,1429,224718,1.59022,1429,1429
6,45,1252674,2899369,1220,21,32,0.016902,1.61508,1525,-1,ok,0,0,0,0,1524,1,1,1.37833,1220,2544,64967,1,1.91109,1220,6691,153911,8.88375,38831,1220
6,46,1245004,2631833,1742,28,72,0.040344,1.83409,2389,-1,ok,0,0,0,0,2388,1,1,11.5417,1826,47407,84721,1,4.29292,1806,17408,220516,10.1803,45741,1742
6,47,2746631,1120353,1791,29,29,0.048701,2.31256,2474,-1,ok,0,0,0,0,2473,1,1,18.9487,1925,75512,86968,1,22.6444,1863,84650,238773,22.5022,94508,1791
6,48,1545941,1034885,778,14,14,0.018495,1.35536,1073,-1,ok,0,0,0,0,1072,1,1,2.06799,778,10095,35565,1,4.52106,778,23059,63381,34.917,113131,778
6,49,707664,3179843,2152,34,129,0.066033,2.59545,2729,-1,ok,0,0,0,0,2728,1,1,18.877,2230,73553,107770,1,6.52421,2152,20296,303071,2.41392,4780,2152
6,50,2697605,251222,1758,27,73,0.074339,2.74598,2515,-1,ok,0,0,0,0,2514,1,1,10.9141,1768,37475,90879,1,43.4773,1758,129440,256706,51.2758,150765,1758
6,51,598957,1160461,516,10,16,0.021499,0.884934,799,-1,ok,0,0,0,0,798,1,1,4.97794,516,20239,32460,1,10.0917,516,43104,83632,16.1347,59572,516
6,52,2808838,629110,1283,21,51,0.056586,1.82289,1368,-1,ok,0,0,0,0,1367,1,1,3.01133,1283,4298,76291,1,0.976415,1283,2304,227518,1.75274,3610,1283
6,53,2674667,2450469,1734,29,59,0.037931,1.85581,2575,-1,ok,0,0,0,0,2574,1,1,5.71212,1734,29472,93017,1,16.0584,1734,78638,229630,21.0078,104186,1734
6,54,902226,2397303,1907,31,31,0.05354,2.32156,2524,-1,ok,0,0,0,0,2523,1,1,2.23782,1907,5897,97383,1,4.24289,1907,17981,279098,10.8142,48095,1907
6,55,3160580,2590500,1640,26,26,0.040174,1.42749,1965,-1,ok,0,0,0,0,1964,1,1,14.9355,1640,64819,73553,1,36.1486,1640,154045,204372,77.8922,319538,1640
6,56,3063115,1271576,1534,24,38,0.056376,2.09442,2015,-1,ok,0,0,0,0,2014,1,1,16.0398,1536,56055,72051,1,7.82395,1534,29472,213068,18.8871,70700,1534
6,57,471188,1449834,1138,17,28,0.023755,1.52421,1629,-1,ok,0,0,0,0,1628,1,1,10.2536,1138,42077,53327,1,22.8822,1138,96396,146516,43.9632,188958,1138
6,58,1353978,2059850,918,16,45,0.030838,1.64563,1619,-1,ok,0,0,0,0,1618,1,1,9.33799,954,37383,43416,1,29.3825,954,107764,132931,83.5146,240846,918
6,59,2540733,1967844,911,14,15,0.018495,1.01533,1068,-1,ok,0,0,0,0,1067,1,1,2.41158,911,11216,39392,1,4.70284,911,23565,125164,37.3665,149390,911
6,60,2700562,1997667,1296,21,37,0.028433,1.37584,1983,-1,ok,0,0,0,0,1982,1,1,0.559526,1296,1296,67452,1,3.44699,1296,15189,188101,7.65799,37558,1296
6,61,1637568,2044505,363,6,6,0.008065,0.496629,434,-1,ok,0,0,0,0,433,1,1,0.338071,363,430,20137,1,0.462345,363,2076,49049,0.982736,4049,363
6,62,1801679,2696751,1870,30,64,0.02727,1.68631,2743,-1,ok,0,0,0,0,2742,1,1,15.9795,1870,72898,91211,1,38.0315,1870,161299,249388,97.186,366815,1870
6,63,598957,2906552,1287,21,38,0.061474,2.0594,1332,-1,ok,0,0,0,0,1331,1,1,1.69539,1287,1287,81962,1,0.620229,1287,1287,230142,1.42697,1287,1287
6,64,1955372,794087,930,15,27,0.016971,1.14221,1163,-1,ok,0,0,0,0,1162,1,1,1.84465,930,5151,48064,1,2.77813,930,10601,137212,0.677536,1021,930
6,65,2039260,2947726,1193,19,23,0.014907,1.58902,2090,-1,ok,0,0,0,0,2089,1,1,3.18434,1193,12614,55086,1,5.71087,1193,26303,146291,16.8509,65520,1193
6,66,556924,1599250,705,12,12,0.014517,1.08164,950,-1,ok,0,0,0,0,949,1,1,0.907903,705,1764,39564,1,0.532967,705,705,113818,1.16187,3444,705
6,67,278380,2626389,2296,37,155,0.054233,2.27085,2987,-1,ok,0,0,0,0,2986,1,1,18.3122,2354,67434,101324,1,3.43381,2296,12368,252171,5.41492,19686,2296
6,68,2339398,455629,2015,33,38,0.060474,2.49065,2746,-1,ok,0,0,0,0,2745,1,1,2.72307,2015,7846,103004,1,4.37603,2015,18633,283437,1.78634,5306,2015
6,69,2397188,1012607,1150,19,48,0.049984,1.30535,1615,-1,ok,0,0,0,0,1614,1,1,6.66488,1178,28631,68654,1,1.52296,1150,4426,194655,1.12474,2867,1150
6,70,2467967,715435,1642,27,71,0.061796,1.92988,2147,-1,ok,0,0,0,0,2146,1,1,8.73133,1662,30189,67169,1,3.36295,1642,11457,197366,9.24782,39324,1642
6,71,279709,835397,829,14,62,0.027801,0.893289,916,-1,ok,0,0,0,0,915,1,1,0.745033,829,1773,47845,1,1.06331,829,4287,122324,1.1709,4287,829
6,72,825921,1088080,805,13,18,0.011239,0.815675,1214,-1,ok,0,0,0,0,1213,1,1,3.27192,805,15631,46178,1,6.88639,805,34859,123850,8.92284,43024,805
6,73,2686056,3089348,412,7,11,0.01058,0.520763,501,-1,ok,0,0,0,0,500,1,1,2.8609,412,10189,22725,1,6.05215,412,24980,62117,8.90272,36298,412
6,74,935096,1634738,947,16,19,0.015699,1.29628,1454,-1,ok,0,0,0,0,1453,1,1,9.39244,1025,39373,50492,1,23.7125,1025,96569,148598,11.33,51377,947
6,75,384006,760874,877,14,14,0.017502,0.929506,1094,-1,ok,0,0,0,0,1093,1,1,2.65604,877,13418,40240,1,6.66981,877,29726,121604,9.41351,45115,877
6,76,1947155,898061,889,14,29,0.019957,1.26228,1176,-1,ok,0,0,0,0,1175,1,1,2.30525,889,6300,35422,1,1.0457,889,3836,83342,2.50705,9792,889
6,77,658137,789793,329,6,6,0.006621,0.387615,552,-1,ok,0,0,0,0,551,1,1,0.121798,329,347,17562,1,0.088805,329,365,56595,0.228849,1038,329
6,78,363830,2056905,2015,32,119,0.047789,1.98609,2472,-1,ok,0,0,0,0,2471,1,1,21.5505,2037,71404,107235,1,3.71579,2015,12252,277562,9.47799,34458,2015
6,79,1761748,2892020,756,13,18,0.017583,1.17555,1009,-1,ok,0,0,0,0,1008,1,1,3.53648,756,12803,43943,1,6.71226,756,30146,124647,10.3354,38399,756
6,80,2351211,2029768,1106,18,24,0.019456,1.38292,1601,-1,ok,0,0,0,0,1600,1,1,2.67851,1106,12707,59138,1,4.72215,1106,23645,154460,13.2734,53987,1106
6,81,647090,520796,364,6,7,0.009195,0.369381,471,-1,ok,0,0,0,0,470,1,1,0.143216,364,364,23680,1,0.119024,364,364,69026,0.159948,364,364
6,82,2202913,1998284,1606,26,26,0.021309,1.45119,2193,-1,ok,0,0,0,0,2192,1,1,11.3979,1626,56284,73632,1,37.8145,1606,153533,220601,78.074,347668,1606
6,83,2307907,2951731,1581,25,97,0.079778,1.66719,1806,-1,ok,0,0,0,0,1805,1,1,9.56218,1601,36378,82598,1,8.62074,1581,36779,238687,11.1674,49167,1581
6,84,1871832,591133,1610,26,26,0.044503,2.42528,2175,-1,ok,0,0,0,0,2174,1,1,9.36355,1714,39212,77563,1,10.8568,1692,49768,223938,10.9481,45309,1610
6,85,1820468,769068,784,13,21,0.022111,1.46693,1023,-1,ok,0,0,0,0,1022,1,1,0.815764,784,1124,44282,1,0.436114,784,789,125870,0.569414,784,784
6,86,618657,2879486,1405,21,37,0.034192,2.49952,1926,-1,ok,0,0,0,0,1925,1,1,12.0149,1465,40348,63181,1,11.991,1405,39608,195748,12.2149,40711,1405
6,87,759127,2437547,1913,31,121,0.066765,2.57547,2558,-1,ok,0,0,0,0,2557,1,1,15.1557,1933,60145,91632,1,3.09707,1913,11418,250876,27.6403,111220,1913
6,88,2003626,436977,2082,33,191,0.093275,2.57518,2945,-1,ok,0,0,0,0,2944,1,1,23.7273,2102,92514,101826,1,62.5822,2082,224370,278458,230.016,756660,2082
6,89,2088216,2111650,95,1,0,0.005711,0.340937,254,-1,ok,0,0,0,0,253,1,1,0.607425,127,1945,3731,1,0.309599,95,1473,16774,0.424243,1473,95
6,90,2481203,2200930,683,11,14,0.011652,0.62048,766,-1,ok,0,0,0,0,765,1,1,0.343541,683,737,33819,1,0.405778,683,1363,103873,0.466553,1582,683
6,91,1827763,2791217,1053,18,62,0.029896,1.69832,1666,-1,ok,0,0,0,0,1665,1,1,9.72501,1053,29153,50761,1,25.6264,1053,102183,154479,67.1588,247542,1053
6,92,1980418,1582954,557,10,11,0.016891,0.879234,796,-1,ok,0,0,0,0,795,1,1,0.893109,577,3357,30787,1,0.220383,557,557,84765,0.311122,557,557
6,93,705039,752842,1000,16,36,0.018523,1.0557,1245,-1,ok,0,0,0,0,1244,1,1,5.98874,1000,29541,55210,1,15.7848,1000,75976,156199,18.0438,86677,1000
6,94,1158854,739502,341,6,7,0.014728,0.640976,426,-1,ok,0,0,0,0,425,1,1,2.92708,341,9703,23045,1,4.49314,341,20176,71117,4.84865,20212,341
6,95,1350833,836719,972,15,44,0.025026,1.06067,1325,-1,ok,0,0,0,0,1324,1,1,2.56288,972,10544,50082,1,0.610241,972,2120,137780,10.0344,46976,972
6,96,1556785,647066,1224,20,30,0.02662,1.27243,1551,-1,ok,0,0,0,0,1550,1,1,2.6002,1224,9638,61148,1,4.84604,1224,21560,169970,7.66356,34441,1224
6,97,1944954,1109435,783,13,22,0.012604,1.02701,1028,-1,ok,0,0,0,0,1027,1,1,0.730224,783,819,46145,1,0.807168,783,2444,114149,0.578382,783,783
6,98,2668191,348531,1839,31,179,0.066164,2.19807,2178,-1,ok,0,0,0,0,2177,1,1,19.4089,1867,65035,102309,1,67.6567,1839,221633,274758,120.022,416088,1839
6,99,476033,1903328,1168,19,38,0.057347,1.88381,1295,-1,ok,0,0,0,0,1294,1,1,17.3675,1168,54789,60247,1,51.6468,1168,156823,174200,124.452,311275,1168
6,100,795218,590026,122,2,2,0.011533,0.279362,157,-1,ok,0,0,0,0,156,1,1,0.155289,122,170,7668,1,0.077646,122,122,30714,0.087314,122,122
6,101,763468,1260833,843,14,27,0.016762,0.92013,954,-1,ok,0,0,0,0,953,1,1,8.83692,843,36656,46478,1,13.3401,843,63428,134190,18.796,79344,843
6,102,3155979,534005,2083,33,106,0.067948,3.21925,2658,-1,ok,0,0,0,0,2657,1,1,16.5017,2111,48832,108943,1,3.9402,2083,9968,287717,37.0196,119986,2083
6,103,2671843,2035386,1097,18,34,0.045285,1.39548,1678,-1,ok,0,0,0,0,1677,1,1,0.419174,1097,1097,54747,1,2.19954,1097,9861,154719,5.80171,28074,1097
6,104,1072087,2077094,1175,20,36,0.038902,1.67359,1804,-1,ok,0,0,0,0,1803,1,1,8.9816,1247,35574,55202,1,19.6092,1247,81227,143127,33.4696,119881,1175
6,105,1830266,867972,1628,26,63,0.050032,1.72433,2009,-1,ok,0,0,0,0,2008,1,1,6.46012,1650,28773,85352,1,5.29785,1628,25063,226380,35.4214,143047,1628
6,106,2009385,672463,1221,20,44,0.041859,1.56226,1552,-1,ok,0,0,0,0,1551,1,1,1.06043,1221,1761,65680,1,0.687525,1221,1334,169830,2.02587,7357,1221
6,107,1277732,1289510,1175,19,33,0.047698,0.931571,1414,-1,ok,0,0,0,0,1413,1,1,7.06409,1337,35903,54403,1,11.3896,1295,61061,166435,20.5177,98639,1175
6,108,383929,2086407,1268,21,68,0.049573,1.98401,1555,-1,ok,0,0,0,0,1554,1,1,2.40149,1268,5461,67616,1,1.56529,1268,4206,174806,19.8647,67976,1268
6,109,2032078,1699736,1336,22,28,0.031089,1.48851,1991,-1,ok,0,0,0,0,1990,1,1,6.29682,1444,29790,74102,1,9.12988,1444,46779,210478,5.2881,25701,1336
6,110,958411,907673,588,11,18,0.014757,0.751134,817,-1,ok,0,0,0,0,816,1,1,1.80615,588,8805,25045,1,6.988,588,36622,84478,9.67983,46637,588
6,111,345881,908168,999,16,25,0.024175,1.67683,1364,-1,ok,0,0,0,0,1363,1,1,0.5727,999,999,53267,1,0.361605,999,999,143358,12.2991,62389,999
6,112,921927,2826328,1275,19,34,0.047799,1.76248,1420,-1,ok,0,0,0,0,1419,1,1,5.80767,1277,19136,69351,1,10.078,1277,38968,198057,31.5804,96671,1275
6,113,558628,2150100,1156,20,20,0.031449,1.60783,1473,-1,ok,0,0,0,0,1472,1,1,5.56892,1156,15370,63519,1,15.8338,1156,50933,187022,33.0028,83510,1156
6,114,732091,2459630,1421,24,103,0.05822,2.07856,1940,-1,ok,0,0,0,0,1939,1,1,2.53634,1479,7233,74477,1,6.00888,1479,24401,210492,1.27578,2801,1421
6,115,398823,391093,624,11,11,0.013565,0.894341,1149,-1,ok,0,0,0,0,1148,1,1,3.95861,624,20123,37138,1,5.926,624,30061,106946,6.39221,30337,624
6,116,1510629,2959878,1054,17,23,0.023955,1.49635,1091,-1,ok,0,0,0,0,1090,1,1,3.68005,1054,9622,44002,1,3.8486,1054,16161,132639,19.0073,65295,1054
6,117,2096552,3082996,592,9,9,0.012863,0.865959,633,-1,ok,0,0,0,0,632,1,1,0.686813,592,683,36339,1,0.258183,592,683,112639,0.512188,592,592
6,118,773297,2535823,1305,22,85,0.039955,1.65886,1614,-1,ok,0,0,0,0,1613,1,1,17.2338,1391,54553,68551,1,30.3507,1391,102982,196941,12.519,27954,1305
6,119,1540653,367496,2008,32,70,0.05883,2.13025,2639,-1,ok,0,0,0,0,2638,1,1,2.62093,2008,9093,94454,1,6.01651,2008,26984,250094,1.00855,2196,2008
6,120,457915,1822951,1394,23,25,0.043631,1.71025,1819,-1,ok,0,0,0,0,1818,1,1,12.0351,1416,42660,74942,1,0.798583,1394,1394,206734,0.70072,1394,1394
6,121,2144069,523360,2086,32,100,0.058891,2.31317,2857,-1,ok,0,0,0,0,2856,1,1,24.0574,2106,91872,96072,1,66.6346,2086,237139,266375,242.105,785226,2086
6,122,1935902,3090329,1268,20,70,0.065142,1.70321,1691,-1,ok,0,0,0,0,1690,1,1,1.55859,1268,4055,65228,1,1.46821,1268,4367,177027,0.958482,1489,1268
6,123,2854140,1596178,937,16,20,0.014047,1.45626,1766,-1,ok,0,0,0,0,1765,1,1,16.8564,1093,42396,48042,1,0.842584,937,1307,130643,0.816657,1482,937
6,124,1967913,1747145,807,12,12,0.01588,0.822998,994,-1,ok,0,0,0,0,993,1,1,1.57656,821,7241,39667,1,1.62103,807,7908,121281,1.76413,7908,807
6,125,2263205,1655305,838,14,25,0.033563,1.08128,1271,-1,ok,0,0,0,0,1270,1,1,2.16901,860,8644,48485,1,1.98413,860,7716,144791,0.426718,1240,838
6,126,2506297,1143924,984,17,21,0.025257,1.34365,1395,-1,ok,0,0,0,0,1394,1,1,1.24711,984,2268,56177,1,1.41154,984,3834,161309,3.05974,8287,984
6,127,1448472,1364093,562,10,27,0.012112,0.825383,935,-1,ok,0,0,0,0,934,1,1,2.88249,582,11388,28854,1,4.013,562,18046,87380,7.95684,34287,562
6,128,1724010,2154870,1418,23,34,0.024897,1.26495,2011,-1,ok,0,0,0,0,2010,1,1,11.5378,1508,56964,77912,1,17.1361,1418,81262,211244,46.3588,199433,1418
6,129,840467,2529952,1656,27,45,0.046737,2.4512,2461,-1,ok,0,0,0,0,2460,1,1,1.68982,1656,2374,78092,1,6.07694,1656,24992,182846,11.8574,49614,1656
6,130,1792217,1212610,345,7,7,0.009577,0.651478,604,-1,ok,0,0,0,0,603,1,1,0.594261,345,1589,21231,1,0.811826,345,2952,58981,0.923566,2952,345
6,131,1328134,3208212,1967,31,66,0.035648,2.22902,2768,-1,ok,0,0,0,0,2767,1,1,2.84285,1967,8253,94727,1,8.77374,1967,33669,245353,10.0528,39324,1967
6,132,2891864,1675347,959,17,30,0.018193,1.11081,1316,-1,ok,0,0,0,0,1315,1,1,0.674029,959,1013,52094,1,1.58701,959,4768,138207,1.00816,2811,959
6,133,2410465,2443796,1103,18,24,0.022543,0.680922,1270,-1,ok,0,0,0,0,1269,1,1,5.75056,1103,28644,53298,1,11.7149,1103,57981,157456,12.036,59149,1103
6,134,558433,2250280,1093,18,48,0.040534,1.75887,1428,-1,ok,0,0,0,0,1427,1,1,8.5822,1101,25211,59429,1,15.5484,1101,55625,184316,1.31354,2191,1093
6,135,1187532,720690,1013,17,29,0.040175,1.14619,1340,-1,ok,0,0,0,0,1339,1,1,8.19912,1013,36767,45949,1,21.3336,1013,96138,141459,28.897,126857,1013
6,136,2710078,1125700,1258,21,37,0.081051,2.01049,1833,-1,ok,0,0,0,0,1832,1,1,4.84674,1266,17502,61718,1,0.664684,1258,1466,183429,3.09107,8328,1258
6,137,342829,2650131,1580,26,125,0.064502,2.23807,2277,-1,ok,0,0,0,0,2276,1,1,3.48438,1580,11251,82799,1,3.89197,1580,11814,255054,49.5787,188923,1580
6,138,381156,591400,523,11,18,0.011632,0.803452,1092,-1,ok,0,0,0,0,1091,1,1,4.25714,713,20280,35341,1,15.5772,713,41608,95903,2.49089,11973,523
6,139,620591,3052362,1412,22,44,0.04899,2.61555,1635,-1,ok,0,0,0,0,1634,1,1,2.24619,1412,1800,86058,1,0.740795,1412,1800,239094,1.44922,1800,1412
6,140,1838465,1180686,1541,24,24,0.037418,1.50201,1928,-1,ok,0,0,0,0,1927,1,1,12.736,1547,57145,80561,1,34.6417,1541,151447,194175,132.379,448735,1541
6,141,2808277,2315654,851,14,15,0.036349,0.937732,906,-1,ok,0,0,0,0,905,1,1,0.650246,851,862,44204,1,1.14472,851,5035,123119,2.24455,10053,851
6,142,2598310,2422034,222,4,5,0.00542,0.236692,253,-1,ok,0,0,0,0,252,1,1,0.142035,222,222,16248,1,0.097912,222,222,49289,0.098845,222,222
6,143,2845436,1668194,730,12,12,0.019337,1.26125,973,-1,ok,0,0,0,0,972,1,1,9.23449,782,28935,45223,1,18.5701,782,57098,125363,9.13737,31596,730
6,144,2382918,526772,1377,22,80,0.0639,2.03658,1884,-1,ok,0,0,0,0,1883,1,1,2.73128,1399,7230,67220,1,2.99247,1377,10998,183018,21.7446,75408,1377
6,145,1931999,438444,1275,21,53,0.047309,1.82308,1624,-1,ok,0,0,0,0,1623,1,1,1.68922,1275,2948,67618,1,1.06601,1275,2539,181754,0.937122,1275,1275
6,146,2679978,515339,2241,36,86,0.045185,2.44371,2724,-1,ok,0,0,0,0,2723,1,1,3.43136,2241,8773,114991,1,4.61563,2241,18987,301414,4.24967,15905,2241
6,147,2803019,1915102,1793,29,32,0.042178,1.7795,2586,-1,ok,0,0,0,0,2585,1,1,16.1579,1793,63001,87748,1,43.0787,1793,163977,247847,116.96,368034,1793
6,148,913089,1331566,1323,23,121,0.078136,1.65522,1744,-1,ok,0,0,0,0,1743,1,1,4.27247,1433,18652,65320,1,9.55213,1433,46629,184437,75.4358,271251,1323
6,149,634343,2276336,1305,21,21,0.047249,1.92807,1772,-1,ok,0,0,0,0,1771,1,1,4.81825,1325,15551,60870,1,0.83456,1305,1500,185357,1.03717,1305,1305
6,150,1481794,3181212,1228,21,39,0.041035,1.92023,1561,-1,ok,0,0,0,0,1560,1,1,12.7963,1228,27721,68347,1,21.1751,1228,57330,168910,30.7562,92183,1228
6,151,1474634,422363,1314,22,80,0.055065,1.61542,1533,-1,ok,0,0,0,0,1532,1,1,1.58939,1314,3090,61600,1,1.92494,1314,7184,177974,2.47409,9827,1314
6,152,1834575,3226322,1174,20,36,0.034497,1.55939,1447,-1,ok,0,0,0,0,1446,1,1,10.0054,1174,24801,66411,1,18.6301,1174,54799,160254,36.2181,122962,1174
6,153,3024705,540222,1863,31,31,0.04329,2.56686,2222,-1,ok,0,0,0,0,2221,1,1,1.7318,1863,1863,97507,1,1.19914,1863,2223,259434,36.3611,123487,1863
6,154,3044639,2920559,189,3,3,0.00562,0.413723,380,-1,ok,0,0,0,0,379,1,1,0.195066,189,600,11165,1,0.108052,189,600,36740,0.097271,189,189
6,155,1228220,1631674,478,9,11,0.009928,0.646749,707,-1,ok,0,0,0,0,706,1,1,0.90437,478,3018,30221,1,0.195095,478,478,87448,0.217596,480,478
6,156,1536072,283775,1199,20,44,0.027801,1.54858,1484,-1,ok,0,0,0,0,1483,1,1,2.58284,1199,5943,70284,1,1.688,1199,5839,183191,1.49878,4874,1199
6,157,3193672,1640899,1490,24,30,0.032211,1.84421,2071,-1,ok,0,0,0,0,2070,1,1,2.05859,1490,3955,83947,1,0.88862,1490,1490,205827,2.55786,9740,1490
6,158,1364886,1417986,1253,20,62,0.041026,1.09254,1548,-1,ok,0,0,0,0,1547,1,1,10.5538,1347,52925,60134,1,28.6106,1305,135405,182985,70.6198,284265,1253
6,159,1323479,1948892,1160,19,44,0.041649,1.33305,1397,-1,ok,0,0,0,0,1396,1,1,6.47393,1188,28164,63062,1,2.31561,1166,9303,182106,2.34946,9077,1160
6,160,329635,3138202,2157,35,54,0.065032,3.06562,2510,-1,ok,0,0,0,0,2509,1,1,26.3523,2157,64851,102345,1,72.2112,2157,176597,275763,189.859,565662,2157
6,161,2199138,2165892,958,15,16,0.019717,1.01709,1241,-1,ok,0,0,0,0,1240,1,1,9.4824,1042,49018,50565,1,14.8295,958,71700,153135,15.0196,73053,958
6,162,2332432,2665491,284,5,5,0.02079,0.508191,359,-1,ok,0,0,0,0,358,1,1,1.14273,284,3785,18241,1,1.3564,284,6084,53332,1.63551,6170,284
6,163,2554867,820141,1438,23,31,0.030648,1.90475,1805,-1,ok,0,0,0,0,1804,1,1,2.53473,1492,5759,68531,1,1.70063,1438,4355,195437,2.0152,5278,1438
6,164,816636,1589983,1083,17,33,0.031569,0.935439,1294,-1,ok,0,0,0,0,1293,1,1,0.563772,1083,1539,49333,1,1.08354,1083,3740,144953,0.547083,1377,1083
6,165,2144577,2486159,628,11,15,0.01072,0.856432,1059,-1,ok,0,0,0,0,1058,1,1,3.54228,628,15975,38006,1,6.17061,628,30787,103646,7.52654,37091,628
6,166,2257019,735014,1996,32,135,0.06987,2.19694,2647,-1,ok,0,0,0,0,2646,1,1,22.1765,2100,86962,99382,1,58.9641,2078,231290,270313,184.586,639164,1996
6,167,2095650,935010,1005,16,26,0.027111,1.43138,1294,-1,ok,0,0,0,0,1293,1,1,2.55699,1025,7731,33857,1,1.92217,1005,6786,123990,3.25815,14265,1005
6,168,312457,989659,778,13,13,0.011772,1.28096,1351,-1,ok,0,0,0,0,1350,1,1,1.14932,778,2408,36786,1,1.77553,778,5983,96966,1.2827,3848,778
6,169,2882141,1067685,1170,20,57,0.055635,1.53892,1475,-1,ok,0,0,0,0,1474,1,1,2.79298,1170,6887,70436,1,6.69241,1170,30063,170384,13.6326,53399,1170
6,170,1662824,2681105,1085,18,39,0.053249,1.16393,1248,-1,ok,0,0,0,0,1247,1,1,2.49055,1085,9068,53925,1,2.88376,1085,11793,137379,4.8157,21575,1085
6,171,1703180,546367,1232,21,65,0.039314,1.38722,1601,-1,ok,0,0,0,0,1600,1,1,2.60858,1268,9005,57276,1,6.46158,1268,23295,167924,2.7803,9405,1232
6,172,2090483,588991,1314,20,50,0.038512,1.49971,1559,-1,ok,0,0,0,0,1558,1,1,2.21034,1314,7154,64340,1,3.09026,1314,12245,183675,3.27581,13362,1314
6,173,2669970,1153251,1524,25,64,0.044592,1.64328,1819,-1,ok,0,0,0,0,1818,1,1,2.62136,1524,6285,75920,1,0.976816,1524,2054,202316,1.06035,2581,1524
6,174,2801102,1556461,1651,27,102,0.047069,0.74943,1986,-1,ok,0,0,0,0,1985,1,1,1.85753,1651,7174,83517,1,1.43101,1651,5991,232836,10.1506,33732,1651
6,175,2862760,2446461,730,11,11,0.007734,0.64712,851,-1,ok,0,0,0,0,850,1,1,0.401771,730,850,32552,1,0.316423,730,730,88941,0.636721,2114,730
6,176,1728209,2803901,1739,29,118,0.039354,2.01048,2594,-1,ok,0,0,0,0,2593,1,1,14.8844,1961,61609,80097,1,37.5718,1941,163688,225654,54.6927,205878,1739
6,177,330269,1345015,1018,17,18,0.022481,1.48565,1301,-1,ok,0,0,0,0,1300,1,1,1.98557,1040,5316,47368,1,2.59241,1018,11185,133403,1.77483,5477,1018
6,178,3017924,2896984,407,7,7,0.009097,0.536172,594,-1,ok,0,0,0,0,593,1,1,1.99744,407,9887,23952,1,1.85044,407,9887,77631,1.93319,9887,407
6,179,910292,1126401,229,4,4,0.006843,0.465361,536,-1,ok,0,0,0,0,535,1,1,0.154899,229,229,11993,1,0.133068,229,329,39735,0.145572,329,229
6,180,2006593,1670863,1240,22,31,0.025306,1.30185,1789,-1,ok,0,0,0,0,1788,1,1,2.11841,1314,8504,60478,1,4.07677,1314,19041,178422,3.84031,18067,1240
6,181,2078347,3155254,1385,22,22,0.030819,1.7766,1996,-1,ok,0,0,0,0,1995,1,1,6.51503,1385,30284,68458,1,18.632,1385,85501,171268,122.456,376164,1385
6,182,2709648,2878665,277,5,7,0.012775,0.438751,378,-1,ok,0,0,0,0,377,1,1,0.14467,277,277,17922,1,0.12253,277,314,51490,0.121117,314,277
6,183,460429,2828556,1989,33,166,0.063279,2.93348,2800,-1,ok,0,0,0,0,2799,1,1,5.05127,1989,16087,102527,1,6.46689,1989,24088,275249,3.21158,8183,1989
6,184,909956,1352984,474,9,12,0.013325,0.758176,783,-1,ok,0,0,0,0,782,1,1,0.319178,474,474,29892,1,1.3573,474,5782,82831,3.88981,19392,474
6,185,2598310,614849,1241,20,34,0.034264,1.82667,1472,-1,ok,0,0,0,0,1471,1,1,7.2402,1269,21691,64457,1,1.94671,1241,4743,196999,0.939546,1243,1241
6,186,1732162,381072,1507,26,95,0.052848,1.79071,2064,-1,ok,0,0,0,0,2063,1,1,18.3384,1599,50822,67772,1,30.7278,1507,102681,188291,138.506,461122,1507
6,187,2864255,987151,1339,21,34,0.050834,2.04296,1696,-1,ok,0,0,0,0,1695,1,1,7.96584,1359,29744,50326,1,10.905,1339,35874,171302,3.39874,11474,1339
6,188,613280,1998545,1505,25,103,0.078576,1.92389,1828,-1,ok,0,0,0,0,1827,1,1,1.40375,1505,3042,76427,1,1.20199,1505,3775,191042,6.88961,27552,1505
6,189,769257,2619619,1324,22,56,0.03774,1.71088,1743,-1,ok,0,0,0,0,1742,1,1,4.50865,1324,14487,60846,1,7.17474,1324,26922,167350,8.80892,33516,1324
6,190,1700379,924636,488,8,8,0.009708,0.645829,605,-1,ok,0,0,0,0,604,1,1,0.654574,488,1416,23880,1,0.261077,488,715,72087,0.938546,2717,488
6,191,489236,2011181,1701,27,121,0.040283,1.63154,2304,-1,ok,0,0,0,0,2303,1,1,1.93555,1701,6151,85495,1,0.969603,1701,2477,212520,6.9923,29617,1701
6,192,1225462,1170705,1015,16,33,0.034135,0.807139,1226,-1,ok,0,0,0,0,1225,1,1,8.36254,1095,43905,50328,1,7.61875,1015,39163,146584,10.3496,50850,1015
6,193,1873151,1744747,675,11,11,0.01086,0.658162,912,-1,ok,0,0,0,0,911,1,1,3.28023,751,16547,34563,1,3.28822,675,15703,109709,3.10853,15703,675
6,194,2468599,2302602,643,11,18,0.013846,0.859636,952,-1,ok,0,0,0,0,951,1,1,3.0973,643,15232,32043,1,6.79148,643,33985,87335,12.5479,59069,643
6,195,2943977,2062115,628,11,16,0.011913,1.1487,937,-1,ok,0,0,0,0,936,1,1,0.848344,628,1298,36490,1,0.3953,628,628,101689,1.11172,2590,628
6,196,587996,382135,775,13,13,0.013505,0.72182,1078,-1,ok,0,0,0,0,1077,1,1,1.12361,775,5214,41448,1,5.36084,775,26749,126467,4.99245,25018,775
6,197,1795388,2559139,975,16,22,0.013315,1.12416,1464,-1,ok,0,0,0,0,1463,1,1,1.35301,975,5138,46051,1,3.01413,975,13080,131240,0.479245,975,975
6,198,430706,1816036,1949,33,33,0.034364,2.31297,2944,-1,ok,0,0,0,0,2943,1,1,25.5166,2053,91816,97647,1,66.4829,2031,230456,276453,228.099,727212,1949
6,199,2709791,743716,1567,26,67,0.075501,2.25153,2094,-1,ok,0,0,0,0,2093,1,1,3.65597,1567,9479,80051,1,4.47719,1567,16830,220761,22.3233,74094,1567
6,200,2317486,1682523,790,14,14,0.012935,1.15775,1311,-1,ok,0,0,0,0,1310,1,1,1.26251,790,4760,46683,1,0.593149,790,1986,125209,1.58102,7120,790
6,201,848074,2660956,1289,21,47,0.035576,1.47701,1410,-1,ok,0,0,0,0,1409,1,1,2.46482,1289,6365,63837,1,0.833919,1289,1289,176097,11.9291,41549,1289
6,202,2051630,2425358,880,16,26,0.026208,1.08247,1581,-1,ok,0,0,0,0,1580,1,1,0.30999,880,880,53458,1,4.22641,880,19807,155738,2.55414,12520,880
6,203,2138232,3170486,1784,29,61,0.03763,2.05695,2693,-1,ok,0,0,0,0,2692,1,1,4.24695,1784,16127,86561,1,7.59987,1784,33193,215558,29.831,104969,1784
6,204,1443071,807450,574,9,9,0.013166,0.904401,753,-1,ok,0,0,0,0,752,1,1,0.579753,574,574,26525,1,0.431838,574,1132,77869,0.605963,1132,574
6,205,1144422,3049691,2080,35,113,0.066905,2.42763,2665,-1,ok,0,0,0,0,2664,1,1,25.0198,2176,96443,107354,1,77.7928,2156,247213,286556,214.182,753132,2080
6,206,377442,2376747,1648,28,96,0.081793,2.87973,2095,-1,ok,0,0,0,0,2094,1,1,2.14226,1648,3644,87702,1,1.38932,1648,3464,246257,5.12152,15424,1648
6,207,1401797,2931005,1642,26,51,0.049402,2.14525,2249,-1,ok,0,0,0,0,2248,1,1,5.0256,1662,18673,78847,1,4.0775,1642,15470,214930,0.86134,1642,1642
6,208,2488208,1785008,991,16,36,0.043671,1.28055,1270,-1,ok,0,0,0,0,1269,1,1,1.10781,991,3803,53878,1,0.53518,991,991,147912,0.519752,1460,991
6,209,2517430,2632913,587,8,11,0.006863,0.638193,690,-1,ok,0,0,0,0,689,1,1,2.58802,599,12516,19512,1,7.0031,599,36958,62672,12.7328,55759,587
6,210,1804529,2670473,625,11,20,0.02175,1.13774,1104,-1,ok,0,0,0,0,1103,1,1,2.87429,643,9885,35287,1,2.11438,625,8767,104939,0.376052,814,625
6,211,792304,2700845,1601,27,74,0.04282,2.1965,2122,-1,ok,0,0,0,0,2121,1,1,2.2283,1601,3877,83348,1,1.36723,1601,2532,227496,4.19745,14838,1601
6,212,292558,448522,757,13,15,0.011112,0.956548,1232,-1,ok,0,0,0,0,1231,1,1,3.64403,793,16785,41869,1,3.41464,757,18190,106992,3.94522,20443,757
6,213,2987559,1182868,2093,33,122,0.067526,2.21966,2686,-1,ok,0,0,0,0,2685,1,1,3.61036,2093,9650,99490,1,3.80082,2093,15375,261134,5.5369,20670,2093
6,214,3031564,1350417,1027,17,17,0.046396,1.55031,1348,-1,ok,0,0,0,0,1347,1,1,16.2262,1027,42388,60650,1,20.3408,1027,53476,163493,20.1731,53496,1027
6,215,3155823,373649,2172,35,233,0.109996,3.17086,2689,-1,ok,0,0,0,0,2688,1,1,12.6123,2222,44366,100409,1,6.61373,2202,22883,291462,10.6422,37219,2172
6,216,371781,1935939,921,15,21,0.044914,1.56803,1128,-1,ok,0,0,0,0,1127,1,1,10.2582,963,30173,57908,1,8.65909,921,28771,168393,8.65616,28771,921
6,217,2855984,2571946,520,9,20,0.014467,0.631601,705,-1,ok,0,0,0,0,704,1,1,0.557573,520,1560,31452,1,0.22987,520,520,84356,0.221254,520,520
6,218,465556,3102078,1943,31,104,0.049352,2.58269,2376,-1,ok,0,0,0,0,2375,1,1,15.2332,1971,53463,94988,1,1.38621,1943,2999,270631,1.27954,2235,1943
6,219,3106562,1461822,2273,36,114,0.089286,2.38479,2860,-1,ok,0,0,0,0,2859,1,1,23.3074,2273,92784,106852,1,58.1814,2273,222677,282580,277.915,900726,2273
6,220,2389443,1100586,779,13,17,0.035266,1.56892,1138,-1,ok,0,0,0,0,1137,1,1,5.67643,779,18421,45227,1,7.21917,779,30377,140971,7.73968,30377,779
6,221,1209891,3199598,1812,29,29,0.036879,2.23179,2159,-1,ok,0,0,0,0,2158,1,1,1.9794,1822,4162,88141,1,2.61178,1812,7450,226289,5.10255,13983,1812
6,222,1628263,3038908,1441,24,45,0.042169,1.597,1842,-1,ok,0,0,0,0,1841,1,1,15.6955,1539,62871,73635,1,49.3398,1539,174491,204674,139.406,488535,1441
6,223,996318,538495,877,15,30,0.035176,1.03511,1156,-1,ok,0,0,0,0,1155,1,1,2.08448,877,6976,55967,1,0.39034,877,877,166050,0.448508,877,877
6,224,2666230,1916875,1680,28,31,0.031918,1.89849,2489,-1,ok,0,0,0,0,2488,1,1,14.2998,1680,55809,85705,1,37.8587,1680,149869,239745,95.669,339882,1680
6,225,1214391,1343195,898,14,25,0.04318,0.757645,1041,-1,ok,0,0,0,0,1040,1,1,4.91219,922,21958,50129,1,4.34844,898,21906,149150,4.82563,21905,898
6,226,650861,1693026,614,10,10,0.010749,1.01486,715,-1,ok,0,0,0,0,714,1,1,0.806728,614,828,31009,1,0.492391,614,614,101577,0.669461,614,614
6,227,1007288,1215730,474,9,12,0.007543,0.615181,801,-1,ok,0,0,0,0,800,1,1,3.92608,526,19859,31557,1,1.7599,474,9166,95020,1.74325,9166,474
6,228,2161129,565602,1613,26,70,0.047169,1.79289,1902,-1,ok,0,0,0,0,1901,1,1,1.49942,1613,2469,82170,1,3.21048,1613,11299,242049,1.30934,2367,1613
6,229,2785103,1597956,1513,26,48,0.043131,1.60943,2070,-1,ok,0,0,0,0,2069,1,1,18.2508,1601,69759,80551,1,0.84493,1513,1981,214303,1.78064,6665,1513
6,230,1392321,355276,821,14,28,0.023655,1.31236,998,-1,ok,0,0,0,0,997,1,1,2.32679,887,7004,44732,1,0.542815,821,857,128361,0.587447,857,821
6,231,2051789,1806580,591,9,9,0.009919,0.643022,714,-1,ok,0,0,0,0,713,1,1,2.95876,591,13104,31273,1,3.92318,591,19668,81301,4.41782,21480,591
6,232,1102446,3057237,1135,20,41,0.040085,2.03028,1658,-1,ok,0,0,0,0,1657,1,1,18.8717,1227,47043,65203,1,3.89367,1135,13027,204313,4.03609,13027,1135
6,233,2397085,1013039,923,15,15,0.016071,1.39387,1144,-1,ok,0,0,0,0,1143,1,1,9.80275,995,26026,49695,1,2.55071,923,6886,144610,4.39476,14385,923
6,234,1287529,1866275,1267,21,21,0.034685,1.07182,1522,-1,ok,0,0,0,0,1521,1,1,7.04211,1289,31447,65227,1,3.12282,1267,14035,185343,4.04945,19969,1267
6,235,1687683,418136,1252,20,20,0.034515,1.64763,1693,-1,ok,0,0,0,0,1692,1,1,2.73211,1252,9144,62914,1,4.6782,1252,17427,178645,18.6808,65454,1252
6,236,2722809,932643,2100,33,37,0.037692,2.42622,2791,-1,ok,0,0,0,0,2790,1,1,6.98651,2100,24106,93559,1,6.30089,2100,28600,269279,7.60412,31293,2100
6,237,2665523,3047256,1417,22,22,0.047649,1.93723,1724,-1,ok,0,0,0,0,1723,1,1,7.41422,1417,33398,67887,1,17.9962,1417,86448,166884,105.718,291273,1417
6,238,1923409,2905912,843,14,24,0.023384,1.544,1384,-1,ok,0,0,0,0,1383,1,1,8.78038,923,38801,42752,1,2.85462,843,12668,139408,3.0269,12908,843
6,239,875283,1311303,664,12,19,0.017824,0.866269,975,-1,ok,0,0,0,0,974,1,1,6.6555,680,27959,40975,1,7.54261,664,37100,118979,7.90411,37825,664
6,240,2918198,639738,1606,26,94,0.055212,2.1553,2061,-1,ok,0,0,0,0,2060,1,1,10.117,1626,36584,72301,1,2.65119,1606,8388,217040,2.09785,3865,1606
6,241,1337751,1159597,145,3,3,0.008095,0.246711,216,-1,ok,0,0,0,0,215,1,1,0.143579,145,145,10675,1,0.034705,145,145,36419,0.08453,145,145
6,242,1804529,3222731,986,16,31,0.023815,1.59848,1467,-1,ok,0,0,0,0,1466,1,1,1.94973,986,4980,58077,1,2.74586,986,11047,158086,16.1874,52110,986
6,243,2545706,1651771,1162,20,43,0.031579,1.15384,1555,-1,ok,0,0,0,0,1554,1,1,2.57332,1162,8217,66910,1,0.661708,1162,1465,170445,1.52291,5020,1162
6,244,807710,2239366,1940,31,78,0.052499,1.94541,2523,-1,ok,0,0,0,0,2522,1,1,15.1459,1980,62446,91829,1,4.00722,1960,14174,246839,28.178,116749,1940
6,245,3201629,632825,1631,26,62,0.067947,2.46985,1950,-1,ok,0,0,0,0,1949,1,1,8.5633,1631,25118,79262,1,8.15804,1631,29911,231186,10.9789,38880,1631
6,246,2019093,3174345,1036,17,24,0.033102,1.42327,1459,-1,ok,0,0,0,0,1458,1,1,2.19839,1036,8587,53864,1,2.01621,1036,9263,138988,2.18834,9263,1036
6,247,2955346,1703765,1276,21,23,0.029425,1.429,1649,-1,ok,0,0,0,0,1648,1,1,1.53218,1276,4406,70179,1,1.20867,1276,3570,179763,4.27753,12131,1276
6,248,541380,1361733,957,15,15,0.014538,1.19927,1436,-1,ok,0,0,0,0,1435,1,1,1.25101,957,3578,46962,1,0.859267,957,3614,131545,4.76904,21833,957
6,249,3113781,786831,2642,43,67,0.043051,2.2889,3183,-1,ok,0,0,0,0,3182,1,1,5.82998,2642,18423,119456,1,3.53786,2642,13310,331277,25.6613,107553,2642
6,250,726020,696308,1081,17,22,0.040447,0.745033,1288,-1,ok,0,0,0,0,1287,1,1,5.01868,1081,24649,58782,1,9.72492,1081,46680,161980,11.3969,50498,1081
6,251,553589,2992564,1414,22,22,0.033442,2.17473,1617,-1,ok,0,0,0,0,1616,1,1,13.9074,1418,37604,82648,1,15.9543,1414,42836,244793,15.5342,42836,1414
6,252,1843611,2188440,1312,21,21,0.072917,1.61174,2015,-1,ok,0,0,0,0,2014,1,1,2.65195,1434,11126,59644,1,4.13557,1312,20414,178707,8.84773,39358,1312
6,253,334027,2354825,1725,29,126,0.074559,2.26567,2354,-1,ok,0,0,0,0,2353,1,1,16.2423,1827,56877,79780,1,3.03285,1725,11644,219244,3.54638,8592,1725
6,254,2138232,528223,1703,28,33,0.050174,2.13658,2272,-1,ok,0,0,0,0,2271,1,1,15.3181,1737,59202,80344,1,35.7728,1737,143679,219333,13.8903,55690,1703
6,255,2920261,1514740,1066,17,17,0.036388,1.6492,1515,-1,ok,0,0,0,0,1514,1,1,10.624,1066,36384,52742,1,23.6451,1066,87708,160212,37.4503,142742,1066
6,256,1963166,1687516,403,8,14,0.017393,0.718192,612,-1,ok,0,0,0,0,611,1,1,0.745966,403,3446,30528,1,0.125985,403,469,87115,0.301492,870,403
6,257,610635,2538272,1234,20,49,0.047688,1.96871,1609,-1,ok,0,0,0,0,1608,1,1,6.88652,1238,24612,64284,1,11.1872,1238,50344,199796,3.59357,10127,1234
6,258,2978886,649484,1616,26,52,0.051167,2.32422,1953,-1,ok,0,0,0,0,1952,1,1,17.3459,1622,54618,83556,1,40.7757,1616,130128,194466,71.1132,185927,1616
6,259,769160,1514768,962,17,17,0.022573,1.23882,1187,-1,ok,0,0,0,0,1186,1,1,9.80279,996,40986,54433,1,4.39137,962,18828,152095,7.39245,34250,962
6,260,3115044,1697807,1444,24,34,0.038341,1.91866,2107,-1,ok,0,0,0,0,2106,1,1,9.0357,1500,30298,71318,1,1.1309,1444,3014,205275,1.27504,2358,1444
6,261,1835879,2014773,1360,25,60,0.044813,1.56101,2215,-1,ok,0,0,0,0,2214,1,1,11.0321,1512,55290,67496,1,36.8994,1512,147687,191054,17.4802,82259,1360
6,262,1550309,1217369,267,5,5,0.015079,0.870667,604,-1,ok,0,0,0,0,603,1,1,1.01522,285,2970,16241,1,1.12284,267,4171,57613,1.32841,4790,267
6,263,1455274,2689959,801,14,20,0.016471,1.73343,1232,-1,ok,0,0,0,0,1231,1,1,1.26951,809,2006,44359,1,0.671785,801,831,139801,0.688627,831,801
6,264,1863586,2791354,1283,21,68,0.033343,1.41028,1700,-1,ok,0,0,0,0,1699,1,1,1.55774,1283,5473,61310,1,3.06196,1283,13388,171235,25.4178,109590,1283
6,265,1878699,2430675,931,16,26,0.011622,0.975724,1362,-1,ok,0,0,0,0,1361,1,1,1.53238,931,5692,54870,1,1.76838,931,7651,140355,2.56327,11881,931
6,266,1109092,2589721,1865,30,120,0.055174,1.67576,2516,-1,ok,0,0,0,0,2515,1,1,16.4088,1871,61554,85205,1,41.9826,1865,160248,220216,177.017,563016,1865
6,267,2786859,1809984,1068,18,27,0.050604,1.48707,1273,-1,ok,0,0,0,0,1272,1,1,8.03211,1096,30269,53099,1,0.526184,1068,1068,160201,4.99444,13936,1068
6,268,2948186,2866807,424,8,9,0.010149,0.550961,647,-1,ok,0,0,0,0,646,1,1,0.186498,424,424,32768,1,0.144861,424,424,94422,0.137858,424,424
6,269,837275,3217710,2157,34,150,0.057729,2.73121,2594,-1,ok,0,0,0,0,2593,1,1,3.21112,2157,7613,102425,1,2.2315,2157,5764,285712,2.13153,4785,2157
6,270,1633134,3007164,1393,23,79,0.049222,1.05449,1816,-1,ok,0,0,0,0,1815,1,1,1.09313,1393,4113,63959,1,0.883862,1393,1604,184113,0.694127,2433,1393
6,271,3177553,363823,1951,30,30,0.036017,2.63998,2186,-1,ok,0,0,0,0,2185,1,1,18.1922,1951,50429,99450,1,28.7079,1951,100681,257293,63.8003,213424,1951
6,272,1545611,2173818,374,7,9,0.016562,0.992585,533,-1,ok,0,0,0,0,532,1,1,0.488202,374,672,23897,1,0.267719,374,672,67201,0.379849,672,374
6,273,2234670,1030403,742,13,16,0.014898,1.45801,1185,-1,ok,0,0,0,0,1184,1,1,4.57591,742,16238,45227,1,6.47054,742,21480,141014,5.30422,21480,742
6,274,1061263,517752,391,8,13,0.012593,0.677186,550,-1,ok,0,0,0,0,549,1,1,0.761022,391,1287,24511,1,0.250547,391,391,73875,0.297436,391,391
6,275,2611184,1093057,1834,29,56,0.032041,2.07559,2525,-1,ok,0,0,0,0,2524,1,1,4.0504,1876,14485,78710,1,4.78856,1876,20300,229719,5.46157,23458,1834
6,276,1860944,3238002,887,14,14,0.015339,1.4659,1088,-1,ok,0,0,0,0,1087,1,1,1.92268,887,5207,41896,1,1.57905,887,7222,92102,2.12846,7360,887
6,277,2169703,1399028,791,13,17,0.012675,1.00653,1240,-1,ok,0,0,0,0,1239,1,1,2.48744,791,10582,37850,1,6.36152,791,29302,110298,7.01656,33161,791
6,278,1948620,2128617,131,3,3,0.00537,0.424293,358,-1,ok,0,0,0,0,357,1,1,0.500865,131,1608,9763,1,0.519832,131,2436,40346,0.705359,2436,131
6,279,2566018,882646,1597,25,66,0.051426,2.03859,1806,-1,ok,0,0,0,0,1805,1,1,19.2708,1597,67781,78166,1,54.0909,1597,193266,223601,220.436,617665,1597
6,280,929280,999352,167,3,3,0.022291,0.242603,240,-1,ok,0,0,0,0,239,1,1,0.091961,167,167,12117,1,0.035037,167,167,36708,0.059651,167,167
6,281,924154,2537686,1628,27,61,0.034224,2.06618,2049,-1,ok,0,0,0,0,2048,1,1,4.01838,1670,12557,81466,1,4.25943,1628,15908,230246,3.23368,10751,1628
6,282,2000652,1137046,874,15,32,0.017443,1.02741,1007,-1,ok,0,0,0,0,1006,1,1,3.72265,878,11923,47963,1,0.705429,874,2281,124364,0.379601,889,874
6,283,2582565,607763,1299,21,36,0.029565,1.81854,1862,-1,ok,0,0,0,0,1861,1,1,10.5532,1401,40374,61458,1,1.62036,1299,3544,183457,0.965305,1299,1299
6,284,3245185,785165,2684,44,127,0.073426,3.06174,3473,-1,ok,0,0,0,0,3472,1,1,22.1496,2778,76742,133330,1,31.1643,2756,108325,340894,65.3518,258035,2684
6,285,1231498,2364091,1022,17,28,0.059832,1.66318,1529,-1,ok,0,0,0,0,1528,1,1,2.59883,1046,8811,48783,1,4.961,1022,18051,128567,1.87654,5477,1022
6,286,1066192,1226502,199,3,4,0.006752,0.333023,264,-1,ok,0,0,0,0,263,1,1,0.085079,199,199,12288,1,0.078628,199,199,29099,0.069018,199,199
6,287,1869193,2052669,328,6,6,0.006782,0.656006,737,-1,ok,0,0,0,0,736,1,1,2.06705,328,9121,14966,1,3.28737,328,15848,41875,4.66451,21267,328
6,288,2994814,3098447,829,14,14,0.012444,0.965434,1240,-1,ok,0,0,0,0,1239,1,1,0.306524,829,1135,53170,1,3.78168,829,17762,154479,3.84082,17762,829
6,289,1797269,848583,613,10,10,0.011982,1.05155,942,-1,ok,0,0,0,0,941,1,1,3.667,619,12564,36842,1,3.30985,613,13386,106994,0.658911,1897,613
6,290,1214793,1750358,1135,19,19,0.012084,1.10682,1504,-1,ok,0,0,0,0,1503,1,1,5.84164,1199,27636,63287,1,10.3637,1135,45854,169915,15.95,68787,1135
6,291,2831898,2102650,653,11,11,0.014106,1.17432,968,-1,ok,0,0,0,0,967,1,1,6.67006,745,28706,36638,1,0.436347,653,878,97083,0.576759,653,653
6,292,2244867,2707981,771,13,25,0.013736,0.734813,892,-1,ok,0,0,0,0,891,1,1,0.306373,771,791,40196,1,1.32896,771,4803,109663,2.84338,10128,771
6,293,1073058,1365640,1214,18,40,0.028654,0.861771,1311,-1,ok,0,0,0,0,1310,1,1,10.3266,1228,49404,62395,1,22.8844,1214,103107,181347,29.7012,125923,1214
6,294,2216425,1540683,1508,24,24,0.057256,2.05658,2375,-1,ok,0,0,0,0,2374,1,1,2.47843,1508,8759,73812,1,11.7258,1508,49657,203173,77.389,291143,1508
6,295,2060741,2215164,463,9,10,0.009488,0.702844,892,-1,ok,0,0,0,0,891,1,1,0.151993,463,512,30171,1,0.137457,463,463,82892,0.134942,463,463
6,296,1441555,704228,1628,27,96,0.058229,1.48377,1945,-1,ok,0,0,0,0,1944,1,1,13.9297,1628,59773,86142,1,33.0351,1628,144540,235208,50.2922,206765,1628
6,297,2513611,686770,1174,20,52,0.069268,2.04011,1529,-1,ok,0,0,0,0,1528,1,1,8.43574,1230,26337,71366,1,8.13714,1174,23446,208555,5.873,16039,1174
6,298,1306030,2886412,938,16,16,0.02083,1.60441,1165,-1,ok,0,0,0,0,1164,1,1,10.232,966,27810,55220,1,10.3102,938,32381,170716,10.829,32381,938
6,299,404356,1929489,1380,22,23,0.037108,2.20234,1775,-1,ok,0,0,0,0,1774,1,1,4.98092,1380,17157,64814,1,2.59929,1380,9025,176499,5.39811,18896,1380
