level,pair,start,goal,true_dist,coarse_len,coarse_expanded,coarse_ms,lift_ms,lifted_cells,fail_level,fail_reason,endpoints_wrong,used_fallback,fallback_ok,fallback_ms,final_len,valid,c0_ok,c0_ms,c0_len,c0_expanded,c0_cells,c1_ok,c1_ms,c1_len,c1_expanded,c1_cells,fine_ms,fine_expanded,fine_len
1,0,515417,637366,1801,903,1642,1.09804,1.01736,1826,-1,ok,0,0,0,0,1825,1,1,1.48189,1803,2995,3134,1,1.75085,1801,7358,8028,12.0373,55476,1801
1,1,221578,683609,709,356,3739,0.996262,0.279452,714,-1,ok,0,0,0,0,713,1,1,0.292136,709,922,1245,1,0.466331,709,1738,3311,3.33697,17883,709
1,2,566063,455879,224,113,888,0.326991,0.086171,225,-1,ok,0,0,0,0,224,1,1,0.099487,224,224,427,1,0.095058,224,224,1217,0.566379,2755,224
1,3,364509,251282,377,190,1168,0.269514,0.164798,382,-1,ok,0,0,0,0,381,1,1,0.151523,377,595,634,1,0.283681,377,1412,1600,1.42935,7916,377
1,4,713214,541596,268,136,628,0.250297,0.125905,277,-1,ok,0,0,0,0,276,1,1,0.163296,268,268,471,1,0.118371,268,275,1210,0.131706,281,268
1,5,708892,372109,865,434,847,0.313295,0.278701,878,-1,ok,0,0,0,0,877,1,1,0.480207,865,1461,1486,1,0.878673,865,3600,3703,7.82272,33055,865
1,6,549730,910635,485,243,665,0.277588,0.264535,488,-1,ok,0,0,0,0,487,1,1,0.284752,485,660,763,1,0.361657,485,1357,1814,2.5424,11505,485
1,7,428575,333335,686,345,1214,0.341878,0.175447,695,-1,ok,0,0,0,0,694,1,1,0.300753,686,1121,1146,1,0.564274,686,2636,2765,3.51545,19844,686
1,8,103741,529812,1209,608,2408,0.719725,0.475919,1232,-1,ok,0,0,0,0,1231,1,1,0.689058,1209,1929,2079,1,1.06245,1209,4528,5197,7.71723,40816,1209
1,9,504438,99296,1284,644,5955,1.39742,0.372697,1299,-1,ok,0,0,0,0,1298,1,1,0.613687,1284,2097,2215,1,1.17344,1284,4996,5486,7.83871,40831,1284
1,10,503002,473385,659,331,2360,0.569084,0.167563,668,-1,ok,0,0,0,0,667,1,1,0.241371,659,907,1162,1,0.426988,659,1817,2914,3.4541,18056,659
1,11,594375,693937,1954,981,4551,1.36221,0.729284,1985,-1,ok,0,0,0,0,1984,1,1,1.26437,1956,3397,3421,1,1.94366,1954,8616,8727,13.5172,67204,1954
1,12,184179,575147,1336,669,1135,0.498852,0.61026,1351,-1,ok,0,0,0,0,1350,1,1,0.660956,1336,2350,2370,1,1.33243,1336,5878,6008,10.0006,51137,1336
1,13,84373,731343,822,412,5192,1.30559,0.351647,831,-1,ok,0,0,0,0,830,1,1,0.530031,822,1061,1420,1,0.601103,822,1933,3668,4.39494,22213,822
1,14,533139,449475,806,405,2903,0.603969,0.217737,815,-1,ok,0,0,0,0,814,1,1,0.371053,806,1347,1372,1,0.67965,806,3213,3295,4.57802,24850,806
1,15,800775,353868,725,363,2825,0.870879,0.27298,732,-1,ok,0,0,0,0,731,1,1,0.477624,725,914,1086,1,0.452266,725,1484,2638,0.905884,3662,725
1,16,580536,834346,1638,820,1522,0.631781,0.618127,1657,-1,ok,0,0,0,0,1656,1,1,1.01817,1638,2811,2859,1,1.68023,1638,7063,7237,11.6831,56131,1638
1,17,705977,179642,451,227,909,0.340755,0.183562,454,-1,ok,0,0,0,0,453,1,1,0.246752,451,749,845,1,0.515384,451,1882,2312,2.46923,12349,451
1,18,591189,502974,573,288,1409,0.453818,0.216416,582,-1,ok,0,0,0,0,581,1,1,0.254075,573,852,1020,1,0.397353,573,1808,2567,2.95525,17174,573
1,19,696806,606078,410,207,1099,0.214711,0.097763,417,-1,ok,0,0,0,0,416,1,1,0.142326,410,560,727,1,0.243875,410,1098,1789,1.91321,10136,410
1,20,649644,351270,898,452,2761,0.865047,0.376964,915,-1,ok,0,0,0,0,914,1,1,0.539849,900,1350,1613,1,0.721439,898,2923,4184,5.6796,27816,898
1,21,364679,647787,786,395,778,0.354704,0.324387,801,-1,ok,0,0,0,0,800,1,1,0.4546,786,1172,1331,1,0.646919,786,2580,3317,4.67516,24119,786
1,22,236480,558798,1348,676,2617,0.744722,0.560038,1365,-1,ok,0,0,0,0,1364,1,1,0.734583,1350,2375,2398,1,1.35304,1350,5988,6086,10.2384,51938,1348
1,23,429002,590281,593,299,1047,0.371594,0.239948,600,-1,ok,0,0,0,0,599,1,1,0.295782,593,974,1089,1,0.472053,593,2136,2634,2.87716,14142,593
1,24,732327,437963,2826,1417,11561,3.05769,1.07321,2863,-1,ok,0,0,0,0,2862,1,1,1.87867,2826,4637,4859,1,2.69295,2826,11368,12242,15.1631,75758,2826
1,25,695045,573533,2638,1323,11000,2.86872,1.02749,2673,-1,ok,0,0,0,0,2672,1,1,1.39161,2638,4284,4483,1,2.33417,2638,10374,11234,14.0072,70636,2638
1,26,653917,554134,819,412,3285,0.886829,0.248254,836,-1,ok,0,0,0,0,835,1,1,0.270926,819,1259,1489,1,0.595433,819,2742,3753,4.08149,22528,819
1,27,591152,758487,1441,722,1349,0.553234,0.480569,1458,-1,ok,0,0,0,0,1457,1,1,0.705569,1441,2335,2544,1,1.39954,1441,5711,6536,10.4331,54336,1441
1,28,530231,797885,2838,1422,5378,1.66836,1.1649,2871,-1,ok,0,0,0,0,2870,1,1,1.66565,2840,4814,4893,1,2.70002,2838,11952,12281,16.9784,87207,2838
1,29,461730,614781,2269,1138,2185,1.05434,0.91507,2298,-1,ok,0,0,0,0,2297,1,1,1.16493,2271,3853,3960,1,2.15355,2269,9589,10095,14.2359,73263,2269
1,30,444980,608103,2053,1029,7109,1.87165,0.836423,2076,-1,ok,0,0,0,0,2075,1,1,1.05836,2055,3540,3589,1,1.98634,2055,8739,8911,15.5557,77390,2053
1,31,625582,540051,1625,815,3555,1.20081,0.680972,1646,-1,ok,0,0,0,0,1645,1,1,0.909712,1625,2549,2830,1,1.36333,1625,5789,7108,11.4254,58442,1625
1,32,525321,196202,1187,596,5961,1.55626,0.451714,1204,-1,ok,0,0,0,0,1203,1,1,0.548144,1187,1995,2076,1,1.13651,1187,4917,5249,7.59196,39681,1187
1,33,478182,565842,1838,921,8072,2.23941,0.705478,1855,-1,ok,0,0,0,0,1854,1,1,1.15426,1840,2954,3205,1,1.62998,1838,7041,8192,10.4959,54134,1838
1,34,537719,542421,274,139,646,0.215482,0.084778,279,-1,ok,0,0,0,0,278,1,1,0.101109,274,475,527,1,0.22979,274,1155,1358,0.923667,5199,274
1,35,606091,561377,46,24,111,0.053871,0.025348,49,-1,ok,0,0,0,0,48,1,1,0.044705,46,46,86,1,0.020409,46,47,244,0.018615,46,46
1,36,540484,237922,578,290,1053,0.302626,0.206486,583,-1,ok,0,0,0,0,582,1,1,0.227915,578,868,971,1,0.458017,578,1915,2420,2.9131,14971,578
1,37,916340,481104,632,317,1376,0.42734,0.244348,641,-1,ok,0,0,0,0,640,1,1,0.281075,632,902,1148,1,0.510064,632,1845,2929,3.04546,14872,632
1,38,547698,473617,2323,1165,11461,2.56478,0.820764,2354,-1,ok,0,0,0,0,2353,1,1,1.47337,2323,3843,4125,1,2.15573,2323,9269,10480,13.83,70722,2323
1,39,503531,560189,206,104,576,0.196688,0.089318,209,-1,ok,0,0,0,0,208,1,1,0.092974,206,258,358,1,0.120526,206,486,852,0.885325,3507,206
1,40,528285,633179,2234,1120,8655,2.30212,0.854857,2267,-1,ok,0,0,0,0,2266,1,1,1.19499,2234,3781,3936,1,2.08474,2234,9256,9924,13.7731,70518,2234
1,41,528291,124629,1240,623,4545,1.16907,0.417982,1259,-1,ok,0,0,0,0,1258,1,1,0.523169,1240,2038,2136,1,1.10707,1240,4856,5267,8.10882,40626,1240
1,42,218360,732318,1260,632,2078,0.621011,0.457105,1279,-1,ok,0,0,0,0,1278,1,1,0.620801,1260,2101,2145,1,1.19497,1260,5206,5396,6.82432,36829,1260
1,43,673429,646337,1726,865,5347,1.43353,0.696312,1743,-1,ok,0,0,0,0,1742,1,1,1.04122,1728,2725,3024,1,1.45042,1726,6363,7794,10.4595,53246,1726
1,44,677903,545932,2495,1252,10329,2.85576,0.947221,2528,-1,ok,0,0,0,0,2527,1,1,1.33945,2497,4279,4343,1,2.38357,2495,10727,11045,14.9426,79377,2495
1,45,599861,473157,116,60,946,0.311832,0.064681,121,-1,ok,0,0,0,0,120,1,1,0.086863,116,116,238,1,0.054651,116,116,705,0.053391,116,116
1,46,771679,448047,942,472,3014,0.8135,0.392463,947,-1,ok,0,0,0,0,946,1,1,0.420827,942,1472,1642,1,0.852514,942,3447,4227,4.97133,26277,942
1,47,613652,373259,1541,772,4690,1.28151,0.532265,1556,-1,ok,0,0,0,0,1555,1,1,0.884212,1541,2572,2623,1,1.46459,1541,6382,6652,12.0945,61879,1541
1,48,559115,582478,645,323,2464,0.699387,0.215894,648,-1,ok,0,0,0,0,647,1,1,0.315109,647,1035,1122,1,0.500757,647,2426,2852,1.58772,8597,645
1,49,138045,605112,1531,767,4412,1.35276,0.708505,1550,-1,ok,0,0,0,0,1549,1,1,1.04411,1533,2699,2739,1,1.60021,1533,6805,6932,12.0707,57282,1531
1,50,715274,544491,2277,1142,2184,0.950918,0.901704,2310,-1,ok,0,0,0,0,2309,1,1,1.33384,2279,3963,3980,1,2.25138,2277,9999,10105,15.2593,79200,2277
1,51,118518,621231,1297,651,5435,1.39586,0.544788,1316,-1,ok,0,0,0,0,1315,1,1,0.613997,1297,2149,2330,1,1.22687,1297,5146,5932,9.40256,47326,1297
1,52,560125,876072,607,306,1470,0.362208,0.190054,622,-1,ok,0,0,0,0,621,1,1,0.24062,609,1000,1040,1,0.565588,607,2455,2629,3.18154,17204,607
1,53,457330,549752,200,102,276,0.111448,0.080551,203,-1,ok,0,0,0,0,202,1,1,0.149489,200,282,381,1,0.139531,200,589,941,0.675182,3599,200
1,54,185650,870115,627,314,1608,0.534469,0.220701,632,-1,ok,0,0,0,0,631,1,1,0.340796,627,1070,1136,1,0.747488,627,2710,2996,2.50835,11572,627
1,55,519871,693835,2142,1074,3915,1.16462,0.751025,2169,-1,ok,0,0,0,0,2168,1,1,1.15841,2144,3684,3723,1,2.07892,2142,9296,9459,13.8182,73105,2142
1,56,140914,484062,1346,675,5929,1.53615,0.550739,1361,-1,ok,0,0,0,0,1360,1,1,0.685882,1346,2173,2441,1,1.15648,1346,5074,6272,8.8264,47059,1346
1,57,630216,170691,1277,640,2462,0.738762,0.393485,1290,-1,ok,0,0,0,0,1289,1,1,0.553074,1279,2210,2241,1,1.28387,1277,5495,5652,8.71947,42674,1277
1,58,686374,577768,450,226,1728,0.478285,0.176129,457,-1,ok,0,0,0,0,456,1,1,0.2136,450,593,792,1,0.291695,450,1118,1957,2.7068,11733,450
1,59,625714,607337,2167,1087,4530,1.31086,0.736005,2196,-1,ok,0,0,0,0,2195,1,1,1.21325,2169,3676,3779,1,2.03447,2167,9118,9558,14.079,73254,2167
1,60,160386,877813,1001,502,1845,0.61542,0.417741,1012,-1,ok,0,0,0,0,1011,1,1,0.519561,1001,1698,1834,1,1.08051,1001,4234,4827,4.92909,24866,1001
1,61,557207,713255,2128,1066,4682,1.34503,0.672217,2153,-1,ok,0,0,0,0,2152,1,1,1.03719,2130,3606,3660,1,1.99105,2128,8991,9216,13.6877,71776,2128
1,62,689095,577712,931,468,3570,1.02473,0.322604,950,-1,ok,0,0,0,0,949,1,1,0.797741,931,1430,1458,1,0.741777,931,3405,3557,5.70672,27410,931
1,63,118518,543922,1546,777,5136,1.40064,0.658882,1569,-1,ok,0,0,0,0,1568,1,1,0.938746,1552,2649,2742,1,1.54618,1552,6522,6916,10.9774,54964,1546
1,64,743230,714700,454,228,925,0.270386,0.159087,459,-1,ok,0,0,0,0,458,1,1,0.192129,454,678,777,1,0.350835,454,1470,1923,1.22755,7262,454
1,65,451281,500222,1729,866,5515,1.47158,0.676405,1746,-1,ok,0,0,0,0,1745,1,1,0.893089,1731,2819,3014,1,1.5453,1729,6795,7711,10.5674,53341,1729
1,66,87326,638815,783,393,1586,0.513741,0.270447,798,-1,ok,0,0,0,0,797,1,1,0.436416,783,1159,1340,1,0.670664,783,2541,3386,4.26848,21613,783
1,67,873089,178288,543,272,282,0.191709,0.18214,550,-1,ok,0,0,0,0,549,1,1,0.329335,543,906,1034,1,0.67877,543,2276,2884,1.95028,8868,543
1,68,540231,698411,324,163,913,0.322443,0.13921,327,-1,ok,0,0,0,0,326,1,1,0.228927,324,513,573,1,0.292857,324,1253,1453,2.27058,11259,324
1,69,608054,502046,428,215,1794,0.553845,0.169286,431,-1,ok,0,0,0,0,430,1,1,0.214852,428,681,744,1,0.328946,428,1533,1833,1.94342,9740,428
1,70,551981,134941,1142,573,2116,0.652539,0.399347,1161,-1,ok,0,0,0,0,1160,1,1,0.559095,1142,1737,1852,1,0.998347,1142,4092,4644,7.86731,37155,1142
1,71,463217,908917,606,304,604,0.29466,0.235671,615,-1,ok,0,0,0,0,614,1,1,0.355935,608,839,1040,1,0.430896,606,1531,2673,2.96044,15134,606
1,72,633916,540912,2768,1389,9531,2.29605,1.00644,2807,-1,ok,0,0,0,0,2806,1,1,1.58569,2774,4661,4722,1,2.65686,2774,11583,11815,15.3753,78468,2768
1,73,797852,552425,1119,561,4621,1.23433,0.357768,1134,-1,ok,0,0,0,0,1133,1,1,0.427399,1119,1554,1772,1,0.774858,1119,3304,4238,4.97139,25862,1119
1,74,746160,847884,1478,741,1305,0.616802,0.606935,1495,-1,ok,0,0,0,0,1494,1,1,0.862492,1478,2506,2619,1,1.4762,1478,6220,6673,10.7195,53994,1478
1,75,759766,548195,703,354,2358,0.663771,0.218609,718,-1,ok,0,0,0,0,717,1,1,0.313506,703,1069,1276,1,0.534649,703,2287,3187,3.06669,16496,703
1,76,413741,394099,778,391,3218,1.00756,0.320771,793,-1,ok,0,0,0,0,792,1,1,0.500455,778,1289,1392,1,0.669692,778,2853,3618,3.7401,20512,778
1,77,913394,471896,1104,554,3989,1.0092,0.466723,1113,-1,ok,0,0,0,0,1112,1,1,0.680753,1104,1757,1938,1,1.03668,1104,4098,4929,8.78975,44041,1104
1,78,652297,501706,101,51,51,0.058099,0.046567,102,-1,ok,0,0,0,0,101,1,1,0.11279,101,101,204,1,0.070262,101,101,620,0.047319,101,101
1,79,528306,440834,2348,1177,11692,2.68942,0.869896,2377,-1,ok,0,0,0,0,2376,1,1,1.41348,2348,3909,4190,1,2.19584,2348,9486,10715,13.9558,70725,2348
1,80,579216,344905,687,344,2348,0.807048,0.280343,696,-1,ok,0,0,0,0,695,1,1,0.355674,687,1090,1234,1,0.597076,687,2252,3234,3.55986,18817,687
1,81,291425,565940,613,308,1628,0.435414,0.237644,620,-1,ok,0,0,0,0,619,1,1,0.306844,613,947,1017,1,0.495837,613,2137,2522,4.19128,22156,613
1,82,560203,166249,1334,668,3857,1.0816,0.473365,1347,-1,ok,0,0,0,0,1346,1,1,0.695661,1336,2141,2318,1,1.25789,1334,5076,5878,7.68242,39639,1334
1,83,725367,601383,506,254,876,0.30465,0.172824,511,-1,ok,0,0,0,0,510,1,1,0.247492,506,765,855,1,0.365143,506,1680,2081,2.52709,13653,506
1,84,690950,626446,632,317,2725,0.769649,0.18196,639,-1,ok,0,0,0,0,638,1,1,0.302715,632,996,1111,1,0.465972,632,2322,2872,2.01372,11509,632
1,85,885107,623720,1723,863,2432,0.819422,0.60473,1744,-1,ok,0,0,0,0,1743,1,1,1.058,1723,2924,3016,1,1.66061,1723,7231,7646,13.6459,69467,1723
1,86,452862,582210,1864,935,1720,0.789656,0.641741,1887,-1,ok,0,0,0,0,1886,1,1,0.900524,1866,3160,3271,1,1.74744,1864,7842,8410,10.4985,55382,1864
1,87,643668,475109,189,95,1364,0.392474,0.0806,192,-1,ok,0,0,0,0,191,1,1,0.079918,189,189,372,1,0.102222,189,216,1022,0.073187,189,189
1,88,72436,674500,1030,517,1566,0.597287,0.344453,1047,-1,ok,0,0,0,0,1046,1,1,0.574555,1030,1714,1753,1,1.02811,1030,4208,4378,7.36477,37614,1030
1,89,868641,853704,37,19,80,0.037852,0.020658,38,-1,ok,0,0,0,0,37,1,1,0.02755,37,37,70,1,0.015419,37,37,192,0.011051,37,37
1,90,644709,548157,2038,1022,10297,2.2943,0.82924,2067,-1,ok,0,0,0,0,2066,1,1,1.19629,2038,3398,3636,1,1.87286,2038,8217,9259,14.0215,70826,2038
1,91,582005,373594,1217,610,1862,0.623546,0.371185,1230,-1,ok,0,0,0,0,1229,1,1,0.569844,1217,2044,2069,1,1.15332,1217,5008,5104,9.314,45309,1217
1,92,677416,621320,2042,1023,8021,1.92461,0.565467,2067,-1,ok,0,0,0,0,2066,1,1,1.03244,2042,3493,3600,1,1.95009,2042,8646,9131,13.4943,70315,2042
1,93,705859,580720,219,111,250,0.105498,0.054092,228,-1,ok,0,0,0,0,227,1,1,0.112309,219,238,399,1,0.105987,219,331,1008,0.260847,1257,219
1,94,431412,580719,607,305,747,0.280374,0.175599,616,-1,ok,0,0,0,0,615,1,1,0.288048,607,893,1063,1,0.483373,607,1982,2678,3.37385,17721,607
1,95,437348,552419,661,332,2640,0.667477,0.177842,670,-1,ok,0,0,0,0,669,1,1,0.324797,661,985,1199,1,0.50328,661,2211,3131,3.11662,18299,661
1,96,758271,503460,743,374,2897,0.774207,0.285284,758,-1,ok,0,0,0,0,757,1,1,0.34266,743,1112,1356,1,0.550929,743,2339,3420,3.50466,18490,743
1,97,868701,479347,1176,589,3704,0.941721,0.473066,1187,-1,ok,0,0,0,0,1186,1,1,0.722441,1176,1885,2067,1,1.10012,1176,4434,5281,9.10288,45874,1176
1,98,562097,501182,3169,1586,16226,4.17357,1.14256,3198,-1,ok,0,0,0,0,3197,1,1,1.77308,3173,5119,5459,1,2.80048,3171,12187,13866,14.199,74431,3169
1,99,278199,257290,49,25,146,0.084918,0.021841,50,-1,ok,0,0,0,0,49,1,1,0.025127,49,49,97,1,0.018654,49,49,286,0.013415,49,49
1,100,570049,534288,47,25,296,0.102111,0.02153,50,-1,ok,0,0,0,0,49,1,1,0.045665,47,47,100,1,0.02074,47,47,296,0.020077,47,47
1,101,541954,728137,425,214,1279,0.376994,0.150932,434,-1,ok,0,0,0,0,433,1,1,0.163896,425,661,738,1,0.335947,425,1466,1777,1.99686,10772,425
1,102,215378,85837,389,195,968,0.27294,0.149699,396,-1,ok,0,0,0,0,395,1,1,0.206475,389,610,657,1,0.284783,389,1356,1609,0.935519,5539,389
1,103,589928,544726,2226,1116,4809,1.50039,0.809322,2255,-1,ok,0,0,0,0,2254,1,1,1.25249,2228,3781,3868,1,2.11204,2226,9421,9825,14.3693,73866,2226
1,104,541522,549453,805,404,3496,0.929517,0.293719,816,-1,ok,0,0,0,0,815,1,1,0.291224,805,1052,1267,1,0.485748,805,2194,3143,4.61409,23643,805
1,105,502684,483770,978,490,4898,1.07573,0.225382,991,-1,ok,0,0,0,0,990,1,1,0.31026,978,1498,1524,1,0.756858,978,3639,3750,5.28737,30698,978
1,106,185739,464682,1225,615,5168,1.52137,0.58309,1244,-1,ok,0,0,0,0,1243,1,1,0.803411,1225,1991,2273,1,1.1085,1225,4715,5955,8.85819,44382,1225
1,107,564997,595611,2276,1139,10040,2.64887,0.845681,2299,-1,ok,0,0,0,0,2298,1,1,1.23318,2280,3857,3889,1,2.11622,2278,9644,9758,10.9782,58396,2276
1,108,589155,636201,2476,1241,2561,1.03196,0.903177,2509,-1,ok,0,0,0,0,2508,1,1,1.23221,2476,4117,4233,1,2.31675,2476,10166,10653,14.149,70451,2476
1,109,531285,901687,2128,1066,2988,1.14286,0.783164,2149,-1,ok,0,0,0,0,2148,1,1,1.07722,2128,3600,3754,1,2.09963,2128,8915,9585,13.5875,68196,2128
1,110,732706,576220,224,112,773,0.229489,0.06436,231,-1,ok,0,0,0,0,230,1,1,0.093123,224,372,398,1,0.193492,224,860,1010,0.606004,3123,224
1,111,109733,638731,1000,503,3415,0.805847,0.41247,1017,-1,ok,0,0,0,0,1016,1,1,0.463577,1000,1614,1709,1,0.918206,1000,3808,4263,6.58787,35200,1000
1,112,662568,191645,835,419,1619,0.399317,0.209291,848,-1,ok,0,0,0,0,847,1,1,0.356605,835,1388,1442,1,0.800696,835,3355,3635,7.30886,33636,835
1,113,374965,759941,1238,621,2221,0.638183,0.368789,1251,-1,ok,0,0,0,0,1250,1,1,0.683618,1238,2013,2200,1,1.2229,1238,4894,5595,8.34289,43838,1238
1,114,719164,27693,1169,587,1709,0.554416,0.33179,1190,-1,ok,0,0,0,0,1189,1,1,0.606995,1171,1985,2024,1,1.14659,1171,4868,5055,8.11679,40737,1169
1,115,752294,934231,163,83,826,0.239648,0.088765,166,-1,ok,0,0,0,0,165,1,1,0.207026,163,289,303,1,0.187861,163,748,813,0.330167,1566,163
1,116,655535,844782,573,288,765,0.24156,0.203941,582,-1,ok,0,0,0,0,581,1,1,0.265717,575,930,991,1,0.499023,573,2256,2500,3.29099,16115,573
1,117,474798,607811,1695,850,7199,1.63159,0.640929,1716,-1,ok,0,0,0,0,1715,1,1,0.972228,1695,2800,2991,1,1.50585,1695,6697,7523,12.389,63777,1695
1,118,913321,352359,1830,918,4599,1.57637,0.804093,1851,-1,ok,0,0,0,0,1850,1,1,1.31019,1830,3112,3252,1,1.8683,1830,7482,8444,13.4964,67065,1830
1,119,458475,638815,192,98,717,0.24595,0.072836,199,-1,ok,0,0,0,0,198,1,1,0.076053,192,203,375,1,0.102191,192,245,1004,0.180007,941,192
1,120,185587,899904,797,400,2525,0.706761,0.316782,804,-1,ok,0,0,0,0,803,1,1,0.362838,797,1321,1411,1,0.847374,797,3271,3611,6.1242,28653,797
1,121,660993,722496,1439,722,1355,0.508891,0.385592,1456,-1,ok,0,0,0,0,1455,1,1,0.614229,1439,2290,2522,1,1.19578,1439,5289,6422,9.38641,49024,1439
1,122,587664,590978,396,200,2252,0.588932,0.114495,399,-1,ok,0,0,0,0,398,1,1,0.121447,396,487,628,1,0.184044,396,805,1740,0.499424,2903,396
1,123,227425,627948,1391,699,4642,1.08966,0.504013,1414,-1,ok,0,0,0,0,1413,1,1,0.674501,1391,2287,2392,1,1.24183,1391,5596,6096,9.4228,48375,1391
1,124,404568,507174,380,190,1240,0.379409,0.127708,383,-1,ok,0,0,0,0,382,1,1,0.151663,380,475,503,1,0.203751,380,784,1315,0.81829,4446,380
1,125,234885,555140,1077,540,1149,0.422229,0.302096,1090,-1,ok,0,0,0,0,1089,1,1,0.423151,1077,1695,1841,1,0.898859,1077,3993,4698,7.49681,38485,1077
1,126,379198,738927,1657,830,6668,1.55089,0.570446,1672,-1,ok,0,0,0,0,1671,1,1,0.918718,1657,2699,2949,1,1.56997,1657,6463,7688,9.60887,50465,1657
1,127,516377,549670,2291,1148,10449,2.48983,0.80754,2318,-1,ok,0,0,0,0,2317,1,1,1.31868,2291,3859,4079,1,2.13853,2291,9453,10422,13.253,70659,2291
1,128,346621,479141,772,388,5226,1.4449,0.300192,783,-1,ok,0,0,0,0,782,1,1,0.359802,772,1308,1333,1,0.683317,772,3162,3387,4.43253,23874,772
1,129,380939,508659,970,487,5938,1.36168,0.237154,987,-1,ok,0,0,0,0,986,1,1,0.381714,970,1354,1675,1,0.63196,970,2715,4275,3.57755,20262,970
1,130,549667,582479,32,17,72,0.04239,0.034475,35,-1,ok,0,0,0,0,34,1,1,0.034045,32,32,68,1,0.014227,32,32,208,0.017683,32,32
1,131,231944,556389,1377,690,1427,0.441826,0.38565,1396,-1,ok,0,0,0,0,1395,1,1,0.623004,1377,2303,2349,1,1.21266,1377,5695,5900,9.02058,47464,1377
1,132,444980,143997,639,321,1434,0.386061,0.197741,650,-1,ok,0,0,0,0,649,1,1,0.258364,639,991,1072,1,0.468204,639,2206,2550,2.56247,14571,639
1,133,553121,561095,2824,1414,7817,2.21146,0.976776,2853,-1,ok,0,0,0,0,2852,1,1,1.71929,2828,4747,4882,1,2.6208,2826,11715,12325,14.0831,73309,2824
1,134,557186,599599,2595,1301,11861,3.33534,1.0226,2628,-1,ok,0,0,0,0,2627,1,1,1.3474,2597,4398,4506,1,2.39892,2595,10946,11457,15.2126,80846,2595
1,135,752223,476482,939,471,2260,0.751285,0.389298,946,-1,ok,0,0,0,0,945,1,1,0.520443,939,1587,1651,1,0.955807,939,3944,4182,4.7703,25957,939
1,136,668229,470670,2659,1334,2554,1.0371,0.955395,2696,-1,ok,0,0,0,0,2695,1,1,1.45558,2659,4299,4553,1,2.39132,2659,10380,11484,13.767,70689,2659
1,137,328875,564452,195,98,243,0.135854,0.096099,196,-1,ok,0,0,0,0,195,1,1,0.101459,195,243,367,1,0.126817,195,389,1004,0.178914,898,195
1,138,642157,729840,1731,867,8906,2.32135,0.689388,1748,-1,ok,0,0,0,0,1747,1,1,0.830814,1733,2697,3040,1,1.3796,1731,6195,7879,10.1142,53712,1731
1,139,90305,752572,987,495,3110,0.815965,0.354623,1004,-1,ok,0,0,0,0,1003,1,1,0.536102,987,1566,1819,1,1.03402,987,3790,4811,4.08432,21023,987
1,140,540469,868590,1095,550,4253,0.9842,0.423191,1108,-1,ok,0,0,0,0,1107,1,1,0.576989,1095,1852,1931,1,1.12998,1095,4676,4938,7.72475,38391,1095
1,141,554237,542468,341,172,673,0.235119,0.161341,348,-1,ok,0,0,0,0,347,1,1,0.176089,343,545,593,1,0.23526,343,1182,1360,1.19736,5867,341
1,142,552875,544670,2521,1263,4766,1.4798,0.948723,2554,-1,ok,0,0,0,0,2553,1,1,1.45608,2525,4189,4326,1,2.29261,2523,10258,10854,13.7766,73344,2521
1,143,489779,135045,582,292,534,0.229218,0.207548,591,-1,ok,0,0,0,0,590,1,1,0.223378,582,909,990,1,0.46525,582,2094,2441,2.82298,15398,582
1,144,684986,321427,899,452,1465,0.415967,0.253433,920,-1,ok,0,0,0,0,919,1,1,0.368059,899,1397,1552,1,0.783005,899,3157,3898,7.29953,34162,899
1,145,551199,39629,1264,635,1408,0.645486,0.482011,1283,-1,ok,0,0,0,0,1282,1,1,0.846973,1268,2238,2264,1,1.42699,1266,5829,5958,8.54359,39964,1264
1,146,161784,518507,1403,703,4576,1.10815,0.521275,1418,-1,ok,0,0,0,0,1417,1,1,0.680673,1403,2354,2495,1,1.30209,1403,5684,6329,9.80414,50296,1403
1,147,916310,555655,611,307,1337,0.367647,0.129633,622,-1,ok,0,0,0,0,621,1,1,0.23011,611,903,1100,1,0.498892,611,1946,2796,2.61168,14115,611
1,148,358724,558670,1036,520,1478,0.414395,0.239949,1049,-1,ok,0,0,0,0,1048,1,1,0.405138,1036,1832,1872,1,0.988046,1036,4596,4807,7.57605,39297,1036
1,149,491303,659590,417,210,1415,0.476932,0.173324,424,-1,ok,0,0,0,0,423,1,1,0.303638,417,720,757,1,0.423252,417,1778,1946,2.34532,13217,417
1,150,551910,879052,1906,956,5405,1.45561,0.696533,1927,-1,ok,0,0,0,0,1926,1,1,1.13885,1906,3149,3219,1,1.88357,1906,7849,8180,11.1264,55146,1906
1,151,548928,513895,2545,1276,10458,2.47392,0.843216,2578,-1,ok,0,0,0,0,2577,1,1,1.29588,2545,4131,4368,1,2.24837,2545,9989,11039,13.4023,70674,2545
1,152,544907,516738,841,422,2085,0.606814,0.311432,852,-1,ok,0,0,0,0,851,1,1,0.337,841,1340,1432,1,0.697985,841,3132,3482,4.86328,25710,841
1,153,596621,550078,3073,1540,8821,2.39881,1.02432,3108,-1,ok,0,0,0,0,3107,1,1,1.69527,3075,5091,5257,1,2.81308,3075,12456,13220,17.0796,87684,3073
1,154,457377,679268,965,485,2512,0.794174,0.373178,980,-1,ok,0,0,0,0,979,1,1,0.382745,967,1672,1702,1,0.91978,965,4192,4306,4.92999,27753,965
1,155,888007,738901,148,74,321,0.107621,0.048881,151,-1,ok,0,0,0,0,150,1,1,0.116317,148,255,261,1,0.147094,148,650,696,0.606013,3181,148
1,156,557446,245356,1550,776,1304,0.57246,0.431326,1565,-1,ok,0,0,0,0,1564,1,1,0.677526,1554,2610,2705,1,1.45074,1552,6406,6829,7.32725,40658,1550
1,157,269058,233403,285,143,331,0.152395,0.113872,288,-1,ok,0,0,0,0,287,1,1,0.129451,285,392,468,1,0.169998,285,799,1171,0.661426,3379,285
1,158,561143,482354,629,315,3113,0.915772,0.255066,636,-1,ok,0,0,0,0,635,1,1,0.353381,629,840,1098,1,0.40142,629,1566,2726,3.90166,17927,629
1,159,476616,512534,204,104,799,0.238516,0.082333,211,-1,ok,0,0,0,0,210,1,1,0.103365,204,302,387,1,0.137948,204,562,948,1.09109,6051,204
1,160,651112,289929,1373,689,4102,1.10763,0.436205,1390,-1,ok,0,0,0,0,1389,1,1,0.798612,1375,2275,2404,1,1.3156,1373,5486,6099,8.70627,45876,1373
1,161,728484,372110,264,134,280,0.153217,0.088716,271,-1,ok,0,0,0,0,270,1,1,0.111057,264,264,520,1,0.139541,264,264,1509,0.095909,309,264
1,162,569402,643340,2200,1102,3445,1.04689,0.634146,2225,-1,ok,0,0,0,0,2224,1,1,1.05466,2204,3644,3793,1,1.91752,2202,8857,9610,9.98773,55450,2200
1,163,148333,409238,245,125,848,0.198,0.087975,252,-1,ok,0,0,0,0,251,1,1,0.11192,245,284,444,1,0.152966,245,469,1170,0.267981,1531,245
1,164,464750,373454,1640,823,2553,0.783164,0.416168,1659,-1,ok,0,0,0,0,1658,1,1,0.711049,1642,2759,2895,1,1.53912,1640,6827,7413,9.44127,51643,1640
1,165,355695,858397,800,401,1434,0.447016,0.302766,807,-1,ok,0,0,0,0,806,1,1,0.416639,800,1365,1475,1,0.913888,800,3420,3890,3.38286,18252,800
1,166,671610,490121,1975,990,8673,1.98337,0.719054,2000,-1,ok,0,0,0,0,1999,1,1,1.16998,1975,3459,3519,1,2.00828,1975,8705,8994,16.3353,76395,1975
1,167,620032,817899,1017,510,4099,1.08386,0.314187,1032,-1,ok,0,0,0,0,1031,1,1,0.431718,1021,1628,1715,1,0.826614,1019,3839,4219,5.26981,27881,1017
1,168,475138,561483,915,459,3018,0.676475,0.239027,926,-1,ok,0,0,0,0,925,1,1,0.327943,917,1502,1599,1,0.753697,915,3606,4036,5.39985,30334,915
1,169,677523,564943,2418,1211,2180,0.889283,0.878792,2447,-1,ok,0,0,0,0,2446,1,1,1.38661,2420,4127,4244,1,2.3738,2420,10142,10682,17.68,84521,2418
1,170,547139,894242,1009,505,2053,0.625699,0.303587,1016,-1,ok,0,0,0,0,1015,1,1,0.384168,1011,1660,1672,1,0.861341,1011,3954,4052,3.48852,19650,1009
1,171,513656,703356,1488,747,4616,1.33197,0.582629,1509,-1,ok,0,0,0,0,1508,1,1,0.831253,1488,2596,2631,1,1.54826,1488,6515,6653,11.8358,57709,1488
1,172,561653,646343,1780,891,6611,1.63792,0.681333,1795,-1,ok,0,0,0,0,1794,1,1,0.826726,1782,2803,3099,1,1.43857,1780,6525,7935,9.91163,53602,1780
1,173,452860,580211,2703,1355,13639,3.71246,0.980672,2736,-1,ok,0,0,0,0,2735,1,1,1.59969,2705,4646,4742,1,2.6262,2703,11665,12124,15.0683,80816,2703
1,174,457346,589806,992,499,1983,0.675333,0.318184,1007,-1,ok,0,0,0,0,1006,1,1,0.4073,994,1670,1758,1,0.859507,992,4072,4488,5.55131,29685,992
1,175,125970,564306,414,209,1623,0.520081,0.196477,423,-1,ok,0,0,0,0,422,1,1,0.232967,414,600,702,1,0.362007,414,1337,1839,1.16021,5306,414
1,176,432903,536123,1450,726,3279,0.96321,0.561801,1463,-1,ok,0,0,0,0,1462,1,1,0.821966,1450,2409,2512,1,1.35618,1450,5839,6353,9.90199,48138,1450
1,177,586708,335970,692,348,2289,0.675523,0.244095,703,-1,ok,0,0,0,0,702,1,1,0.289222,692,972,1249,1,0.506948,692,1921,3204,3.47819,19204,692
1,178,127595,700137,422,212,216,0.158306,0.240549,427,-1,ok,0,0,0,0,426,1,1,0.276086,422,575,820,1,0.395078,422,1148,2346,0.928436,4133,422
1,179,538665,123021,1064,534,4301,0.964634,0.296142,1083,-1,ok,0,0,0,0,1082,1,1,0.502621,1064,1669,1803,1,0.941289,1064,3854,4492,6.43446,34570,1064
1,180,352712,882018,430,216,994,0.332191,0.221684,435,-1,ok,0,0,0,0,434,1,1,0.342961,430,738,819,1,0.559576,430,1917,2211,1.25678,5526,430
1,181,570105,642882,409,206,1183,0.333664,0.120716,414,-1,ok,0,0,0,0,413,1,1,0.19831,409,710,751,1,0.348853,409,1861,2062,1.71869,10197,409
1,182,236454,64964,158,80,394,0.136205,0.082395,167,-1,ok,0,0,0,0,166,1,1,0.130663,158,238,294,1,0.130845,158,492,730,0.652299,3096,158
1,183,547182,801522,1262,633,2941,1.01905,0.44367,1275,-1,ok,0,0,0,0,1274,1,1,0.695359,1266,2072,2175,1,1.11376,1264,5040,5444,5.52862,28573,1262
1,184,684920,553657,177,90,714,0.239658,0.087574,182,-1,ok,0,0,0,0,181,1,1,0.139641,177,192,324,1,0.084969,177,231,828,0.174125,670,177
1,185,552875,351270,1255,629,3852,0.971267,0.345747,1270,-1,ok,0,0,0,0,1269,1,1,0.504813,1259,1940,2203,1,0.966517,1257,4396,5657,6.24592,34338,1255
1,186,492765,584268,2039,1021,8256,1.9195,0.802111,2060,-1,ok,0,0,0,0,2059,1,1,1.16908,2041,3505,3588,1,1.98405,2041,8668,8988,16.822,80673,2039
1,187,155792,743182,560,282,1024,0.40713,0.268311,571,-1,ok,0,0,0,0,570,1,1,0.338923,560,739,976,1,0.446173,560,1480,2534,1.28514,5800,560
1,188,433249,556063,1470,736,1164,0.538908,0.487601,1485,-1,ok,0,0,0,0,1484,1,1,0.63633,1472,2437,2616,1,1.29734,1472,5815,6656,10.8596,53381,1470
1,189,675909,548947,322,163,313,0.13343,0.13352,331,-1,ok,0,0,0,0,330,1,1,0.182581,322,541,573,1,0.297366,322,1340,1475,0.586155,3084,322
1,190,801727,652069,1904,954,4087,1.29676,0.741546,1925,-1,ok,0,0,0,0,1924,1,1,1.19524,1904,3266,3339,1,1.86682,1904,8149,8454,14.0304,72405,1904
1,191,424436,194685,1235,619,3430,1.08577,0.421298,1248,-1,ok,0,0,0,0,1247,1,1,0.654624,1237,2093,2210,1,1.24616,1235,5224,5773,7.49896,36924,1235
1,192,568596,520838,78,40,516,0.200074,0.041218,83,-1,ok,0,0,0,0,82,1,1,0.082734,78,78,160,1,0.039485,78,78,436,0.034394,78,78
1,193,537052,487130,2582,1294,10485,2.63235,0.992125,2613,-1,ok,0,0,0,0,2612,1,1,1.55504,2582,4373,4424,1,2.48772,2582,10942,11182,15.7672,77015,2582
1,194,287117,597610,1357,680,1731,0.682896,0.504804,1374,-1,ok,0,0,0,0,1373,1,1,0.599009,1359,2333,2422,1,1.27669,1359,5772,6177,10.3971,53827,1357
1,195,734217,369103,902,453,3837,1.03225,0.346957,915,-1,ok,0,0,0,0,914,1,1,0.560398,902,1502,1551,1,0.905161,902,3655,3896,7.97618,37832,902
1,196,609326,594424,18,10,26,0.012183,0.009198,19,-1,ok,0,0,0,0,18,1,1,0.010459,18,18,30,1,0.008275,18,18,88,0.007244,18,18
1,197,555356,373478,150,76,233,0.077805,0.049583,155,-1,ok,0,0,0,0,154,1,1,0.082375,150,240,267,1,0.126566,150,481,714,0.190786,955,150
1,198,538782,596393,2887,1445,4645,1.46283,0.945768,2916,-1,ok,0,0,0,0,2915,1,1,1.65216,2889,4912,5047,1,2.72662,2889,12092,12730,17.643,90119,2887
1,199,853804,764242,234,118,269,0.15522,0.084167,237,-1,ok,0,0,0,0,236,1,1,0.091381,234,317,440,1,0.15526,234,605,1087,0.208389,1221,234
1,200,546144,731449,1563,783,2651,0.969853,0.582449,1582,-1,ok,0,0,0,0,1581,1,1,0.719957,1563,2439,2708,1,1.2917,1563,5559,6861,9.69143,49057,1563
1,201,546580,470520,70,37,202,0.095006,0.033392,75,-1,ok,0,0,0,0,74,1,1,0.045475,70,70,143,1,0.03261,70,70,368,0.033462,70,70
1,202,587180,610058,2820,1412,7314,2.13626,1.06566,2853,-1,ok,0,0,0,0,2852,1,1,1.56097,2824,4785,4876,1,2.64084,2822,11927,12357,15.4085,80831,2820
1,203,554148,555672,34,19,45,0.046706,0.03841,39,-1,ok,0,0,0,0,38,1,1,0.023495,34,34,76,1,0.028945,34,34,232,0.008835,34,34
1,204,618603,576023,2630,1317,5218,1.77544,0.995491,2657,-1,ok,0,0,0,0,2656,1,1,1.35202,2634,4416,4543,1,2.39765,2632,10881,11439,14.2186,73278,2630
1,205,111185,663982,1131,568,1932,0.675062,0.387194,1152,-1,ok,0,0,0,0,1151,1,1,0.477232,1131,1845,1923,1,1.03196,1131,4419,4786,7.76627,40593,1131
1,206,558415,519079,908,455,4862,1.36657,0.238105,917,-1,ok,0,0,0,0,916,1,1,0.365744,908,1222,1553,1,0.532104,908,2320,3951,3.12655,18460,908
1,207,273703,668225,1512,759,2846,0.744833,0.428261,1535,-1,ok,0,0,0,0,1534,1,1,0.707141,1512,2518,2571,1,1.36065,1512,6165,6434,10.4791,54992,1512
1,208,342313,675920,1135,570,2878,0.772974,0.284123,1152,-1,ok,0,0,0,0,1151,1,1,0.468487,1135,1869,1943,1,1.01634,1135,4511,4833,8.55455,43864,1135
1,209,455838,475237,29,16,106,0.053031,0.024986,34,-1,ok,0,0,0,0,33,1,1,0.027912,29,29,56,1,0.013514,29,29,150,0.020267,29,29
1,210,407548,553070,2852,1428,6595,1.83785,1.11164,2881,-1,ok,0,0,0,0,2880,1,1,1.77539,2854,4833,5007,1,2.75572,2854,11873,12677,17.3443,87342,2852
1,211,504813,914851,324,163,868,0.368759,0.27268,329,-1,ok,0,0,0,0,328,1,1,0.243195,324,580,613,1,0.355805,324,1231,1692,0.702803,3703,324
1,212,547561,230431,1222,613,1785,0.680011,0.456033,1241,-1,ok,0,0,0,0,1240,1,1,0.561661,1222,1919,2003,1,1.05554,1222,4548,4940,8.66124,41512,1222
1,213,466238,312299,1571,788,5715,1.59601,0.603227,1588,-1,ok,0,0,0,0,1587,1,1,0.909861,1573,2679,2779,1,1.59615,1571,6662,7134,9.60894,48789,1571
1,214,234897,536226,1213,609,5383,1.229,0.441555,1232,-1,ok,0,0,0,0,1231,1,1,0.548426,1213,1972,2223,1,1.0219,1213,4651,5754,8.98186,45493,1213
1,215,580756,561650,1750,876,2694,0.837737,0.528347,1767,-1,ok,0,0,0,0,1766,1,1,0.912455,1750,3049,3085,1,1.66711,1750,7590,7786,14.2422,69389,1750
1,216,744886,554466,1138,571,4675,1.18174,0.303999,1155,-1,ok,0,0,0,0,1154,1,1,0.485909,1140,1895,2001,1,0.965785,1140,4450,4885,7.18216,36805,1138
1,217,864144,644857,1147,575,4323,1.15455,0.49703,1154,-1,ok,0,0,0,0,1153,1,1,0.683978,1147,1745,2045,1,0.989089,1147,3973,5403,8.2628,41653,1147
1,218,155929,549165,1194,599,3842,1.05162,0.46491,1211,-1,ok,0,0,0,0,1210,1,1,0.68427,1194,1890,2033,1,1.04958,1194,4405,5049,8.09795,40836,1194
1,219,734340,664355,1063,533,2308,0.662999,0.404467,1072,-1,ok,0,0,0,0,1071,1,1,0.537725,1063,1716,1906,1,0.937442,1063,4043,4993,6.57513,34008,1063
1,220,483567,570424,1455,730,4053,0.959394,0.402012,1474,-1,ok,0,0,0,0,1473,1,1,0.670253,1455,2419,2542,1,1.30296,1455,5859,6420,9.60816,48921,1455
1,221,639206,652049,2073,1039,1977,0.794575,0.757186,2098,-1,ok,0,0,0,0,2097,1,1,1.18187,2075,3512,3594,1,1.9431,2073,8715,9087,14.559,73262,2073
1,222,93334,537056,1452,728,4199,1.19864,0.510173,1469,-1,ok,0,0,0,0,1468,1,1,0.688588,1452,2185,2474,1,1.12815,1452,4825,6171,7.54662,41025,1452
1,223,603581,431982,437,220,1878,0.574645,0.180898,442,-1,ok,0,0,0,0,441,1,1,0.240409,437,672,785,1,0.362568,437,1456,1906,1.54385,7661,437
1,224,439095,658592,1491,748,2168,0.78105,0.595072,1512,-1,ok,0,0,0,0,1511,1,1,0.950417,1491,2543,2630,1,1.50502,1491,6253,6623,11.8474,60308,1491
1,225,814923,899971,128,66,219,0.087823,0.054211,135,-1,ok,0,0,0,0,134,1,1,0.142186,128,212,232,1,0.1179,128,515,569,0.488965,2672,128
1,226,498998,590659,2587,1297,11477,3.02702,0.976505,2618,-1,ok,0,0,0,0,2617,1,1,1.54336,2589,4424,4520,1,2.47791,2587,11124,11575,15.3254,80834,2587
1,227,559098,530053,2275,1139,8670,2.48132,0.843997,2292,-1,ok,0,0,0,0,2291,1,1,1.09789,2279,3711,3937,1,1.98539,2277,8895,9949,10.1627,53898,2275
1,228,549050,87356,1368,686,4853,1.46669,0.544467,1389,-1,ok,0,0,0,0,1388,1,1,0.745463,1368,2139,2262,1,1.20375,1368,5022,5555,9.51144,43802,1368
1,229,507967,791931,2780,1392,5002,1.63864,1.0999,2811,-1,ok,0,0,0,0,2810,1,1,1.63309,2782,4701,4774,1,2.6417,2780,11708,12011,17.1453,87192,2780
1,230,403304,932996,1476,739,5519,1.45842,0.63062,1487,-1,ok,0,0,0,0,1486,1,1,0.718281,1476,2418,2587,1,1.4491,1476,5833,6560,9.5374,48724,1476
1,231,779288,400102,1980,992,7561,1.99273,0.81863,2003,-1,ok,0,0,0,0,2002,1,1,1.21382,1980,3451,3482,1,2.05546,1980,8691,8859,14.9856,75230,1980
1,232,115537,717680,835,420,2577,0.729123,0.255197,852,-1,ok,0,0,0,0,851,1,1,0.357248,835,1344,1447,1,0.808111,835,3211,3680,3.99924,21113,835
1,233,625715,531035,2478,1242,9666,2.43864,0.782402,2509,-1,ok,0,0,0,0,2508,1,1,1.33265,2480,3984,4279,1,2.1557,2478,9425,10895,14.1118,73695,2478
1,234,12779,392632,1393,700,3635,1.14325,0.504844,1418,-1,ok,0,0,0,0,1417,1,1,0.762685,1395,2175,2423,1,1.1573,1395,5017,6156,7.46582,40916,1393
1,235,491073,550893,600,301,1721,0.472624,0.215422,609,-1,ok,0,0,0,0,608,1,1,0.279723,600,1011,1045,1,0.520012,600,2417,2612,4.2092,19518,600
1,236,544640,612058,608,306,2176,0.487801,0.143178,619,-1,ok,0,0,0,0,618,1,1,0.200684,608,845,1024,1,0.411338,608,1733,2484,2.99796,17730,608
1,237,349394,221491,1219,611,1357,0.4656,0.346668,1232,-1,ok,0,0,0,0,1231,1,1,0.539308,1219,2030,2112,1,1.09676,1219,4987,5361,6.88145,37230,1219
1,238,643343,800035,1098,550,1550,0.549416,0.381062,1111,-1,ok,0,0,0,0,1110,1,1,0.659592,1098,1889,1940,1,1.15741,1098,4851,5071,8.12171,41464,1098
1,239,466292,494384,1056,531,2503,0.845551,0.437078,1071,-1,ok,0,0,0,0,1070,1,1,0.587118,1058,1727,1871,1,0.942863,1056,4119,4768,5.86862,30097,1056
1,240,263294,711941,727,365,4585,1.17508,0.320138,732,-1,ok,0,0,0,0,731,1,1,0.401951,727,923,1266,1,0.493712,727,1653,3314,3.91589,19914,727
1,241,540708,407534,2386,1196,6206,1.83918,0.830862,2413,-1,ok,0,0,0,0,2412,1,1,1.42459,2388,3959,4205,1,2.29194,2386,9661,10862,14.0547,73400,2386
1,242,407548,728111,217,110,922,0.362368,0.121086,222,-1,ok,0,0,0,0,221,1,1,0.253925,217,217,434,1,0.127639,217,217,1298,0.118412,217,217
1,243,495501,485664,2437,1221,9773,2.56325,1.0117,2466,-1,ok,0,0,0,0,2465,1,1,1.47276,2437,4273,4344,1,2.47271,2437,10789,11137,15.1329,77339,2437
1,244,720906,179696,594,298,740,0.337952,0.214421,601,-1,ok,0,0,0,0,600,1,1,0.316009,594,1013,1070,1,0.63629,594,2572,2793,3.29347,16388,594
1,245,650350,482575,2675,1342,12016,3.00658,0.994259,2710,-1,ok,0,0,0,0,2709,1,1,1.52709,2675,4308,4575,1,2.37133,2675,10333,11518,13.3947,70704,2675
1,246,638652,817933,1535,769,2305,0.8505,0.540209,1552,-1,ok,0,0,0,0,1551,1,1,0.655093,1535,2646,2678,1,1.52724,1535,6654,6772,10.8536,55609,1535
1,247,548934,567346,842,423,3407,0.803121,0.21938,851,-1,ok,0,0,0,0,850,1,1,0.260708,842,1126,1332,1,0.515874,842,2393,3300,4.49054,24352,842
1,248,573392,445311,937,470,3634,1.0824,0.347859,952,-1,ok,0,0,0,0,951,1,1,0.516135,937,1377,1651,1,0.721578,937,2928,4144,5.48398,27552,937
1,249,791829,669974,699,351,1447,0.395379,0.21401,708,-1,ok,0,0,0,0,707,1,1,0.292877,699,893,1011,1,0.411148,699,1594,2370,1.09738,5774,699
1,250,181289,193174,55,29,129,0.051616,0.027862,62,-1,ok,0,0,0,0,61,1,1,0.04338,55,87,100,1,0.039124,55,161,244,0.044744,247,55
1,251,734304,877601,1239,621,4544,1.21103,0.494774,1248,-1,ok,0,0,0,0,1247,1,1,0.943593,1239,2143,2234,1,1.39204,1239,5520,5838,8.44022,42458,1239
1,252,541771,272040,815,409,1555,0.513069,0.307726,826,-1,ok,0,0,0,0,825,1,1,0.441114,815,1314,1413,1,0.749531,815,3102,3544,4.56284,24166,815
1,253,555426,520840,632,318,2757,0.697093,0.227785,641,-1,ok,0,0,0,0,640,1,1,0.300482,632,958,1122,1,0.453718,632,2097,2856,3.0131,17798,632
1,254,554148,468913,1653,829,5690,1.57226,0.697954,1672,-1,ok,0,0,0,0,1671,1,1,0.974933,1655,2693,2869,1,1.5078,1653,6499,7317,10.7116,53433,1653
1,255,407897,554527,1448,726,2976,0.892128,0.573181,1465,-1,ok,0,0,0,0,1464,1,1,0.696372,1450,2435,2578,1,1.31306,1450,5863,6519,11.0477,55076,1448
1,256,476137,886494,1697,851,6603,1.76862,0.73284,1714,-1,ok,0,0,0,0,1713,1,1,1.18398,1697,2969,2992,1,1.85821,1697,7543,7634,11.3291,56352,1697
1,257,647690,523082,2414,1209,11897,2.98155,0.929208,2441,-1,ok,0,0,0,0,2440,1,1,1.39784,2416,4183,4240,1,2.37106,2416,10352,10566,17.9913,90555,2414
1,258,841766,458240,1678,842,3139,1.18537,0.748589,1695,-1,ok,0,0,0,0,1694,1,1,0.947611,1678,2764,2964,1,1.53384,1678,6690,7599,13.1779,66477,1678
1,259,462910,637233,417,209,1199,0.373268,0.114905,424,-1,ok,0,0,0,0,423,1,1,0.163375,417,649,747,1,0.314769,417,1426,1872,2.1159,11833,417
1,260,536976,551877,19,11,36,0.019607,0.01562,22,-1,ok,0,0,0,0,21,1,1,0.019015,19,19,44,1,0.009538,19,19,128,0.01102,19,19
1,261,42610,554524,1736,870,3216,1.08205,0.750052,1759,-1,ok,0,0,0,0,1758,1,1,1.10741,1738,2973,3111,1,1.73671,1738,7366,8001,12.3697,61353,1736
1,262,613794,229015,1113,560,4706,1.27392,0.398815,1132,-1,ok,0,0,0,0,1131,1,1,0.483583,1115,1905,1995,1,1.07003,1113,4760,5144,7.2266,37126,1113
1,263,786608,624950,1914,960,8332,2.37662,0.767565,1937,-1,ok,0,0,0,0,1936,1,1,1.22765,1914,3241,3360,1,1.87409,1914,8086,8656,14.2904,73614,1914
1,264,412226,542166,1648,827,7201,1.82201,0.682445,1671,-1,ok,0,0,0,0,1670,1,1,0.904872,1648,2682,2950,1,1.41132,1648,6309,7452,12.8362,64093,1648
1,265,578007,584682,2557,1282,12933,3.32628,0.992794,2588,-1,ok,0,0,0,0,2587,1,1,1.40591,2559,4357,4460,1,2.39081,2557,10905,11370,15.7501,80842,2557
1,266,129099,357177,198,99,532,0.196817,0.111959,199,-1,ok,0,0,0,0,198,1,1,0.164187,198,198,357,1,0.143429,198,200,941,0.350305,1823,198
1,267,670451,218543,1088,546,2153,0.703362,0.392824,1103,-1,ok,0,0,0,0,1102,1,1,0.50274,1090,1843,1944,1,1.10637,1088,4578,5051,6.88321,33694,1088
1,268,636901,562811,880,442,3145,0.877451,0.311663,895,-1,ok,0,0,0,0,894,1,1,0.347909,880,1351,1383,1,0.687485,880,3228,3409,5.28801,26825,880
1,269,161898,720900,750,376,4693,1.20528,0.324938,755,-1,ok,0,0,0,0,754,1,1,0.454409,750,946,1292,1,0.544858,750,1662,3342,4.51066,21524,750
1,270,536127,726744,1037,521,1006,0.3315,0.314618,1056,-1,ok,0,0,0,0,1055,1,1,0.495537,1039,1767,1799,1,1.04653,1039,4458,4603,6.2418,33227,1037
1,271,182733,659592,907,455,1681,0.438399,0.196107,920,-1,ok,0,0,0,0,919,1,1,0.361456,907,1512,1547,1,0.864766,907,3712,3870,6.87842,35409,907
1,272,557521,334467,2898,1451,6690,2.03431,0.945909,2927,-1,ok,0,0,0,0,2926,1,1,1.85736,2902,4887,5039,1,2.81799,2900,11830,12852,14.0987,73457,2898
1,273,550876,844900,1310,657,1136,0.565518,0.551992,1329,-1,ok,0,0,0,0,1328,1,1,0.619087,1310,2181,2294,1,1.27417,1310,5353,5810,9.07241,46488,1310
1,274,442000,527458,1850,926,4329,1.23171,0.590544,1869,-1,ok,0,0,0,0,1868,1,1,0.947491,1850,3216,3227,1,1.78471,1850,8008,8075,13.1599,69421,1850
1,275,163378,695363,985,495,2169,0.703054,0.416368,1002,-1,ok,0,0,0,0,1001,1,1,0.513481,985,1622,1679,1,0.970044,985,3919,4158,7.73196,38613,985
1,276,469207,449288,2393,1200,4510,1.50731,0.860308,2422,-1,ok,0,0,0,0,2421,1,1,1.38535,2395,3988,4200,1,2.25035,2393,9762,10721,13.938,73363,2393
1,277,621533,503471,384,193,665,0.279523,0.20853,387,-1,ok,0,0,0,0,386,1,1,0.190576,384,614,680,1,0.318055,384,1305,1661,0.922073,4835,384
1,278,584186,780781,627,313,1407,0.389958,0.179365,634,-1,ok,0,0,0,0,633,1,1,0.232556,631,948,1017,1,0.407602,629,1988,2483,3.83704,18390,627
1,279,537110,215501,1213,608,2188,0.763467,0.458938,1230,-1,ok,0,0,0,0,1229,1,1,0.586096,1213,1915,1980,1,1.05772,1213,4594,4917,8.32717,41547,1213
1,280,552659,521369,42,23,183,0.073416,0.025198,47,-1,ok,0,0,0,0,46,1,1,0.044334,42,42,92,1,0.020648,42,42,256,0.014958,42,42
1,281,470354,521484,1808,906,5046,1.40271,0.675913,1831,-1,ok,0,0,0,0,1830,1,1,1.03164,1808,3033,3165,1,1.7051,1808,7305,7913,13.3566,67589,1808
1,282,779294,490035,423,213,1640,0.431265,0.11272,432,-1,ok,0,0,0,0,431,1,1,0.156202,423,521,778,1,0.222475,423,865,2012,0.651598,3597,423
1,283,856695,383684,1735,870,4589,1.49111,0.734052,1756,-1,ok,0,0,0,0,1755,1,1,1.06429,1735,2825,3081,1,1.69726,1735,6818,7997,13.4762,66731,1735
1,284,856911,565634,2043,1023,9812,2.51204,0.718183,2064,-1,ok,0,0,0,0,2063,1,1,1.08213,2043,3506,3580,1,1.96207,2043,8739,9105,14.5528,74365,2043
1,285,226029,617772,1109,556,2364,0.76929,0.322764,1122,-1,ok,0,0,0,0,1121,1,1,0.402091,1109,1798,1894,1,0.961297,1109,4330,4739,7.71959,40961,1109
1,286,273528,498716,214,109,605,0.150521,0.061176,221,-1,ok,0,0,0,0,220,1,1,0.129613,214,297,350,1,0.168074,214,644,930,0.401551,2252,214
1,287,585019,659525,120,62,436,0.153778,0.055013,125,-1,ok,0,0,0,0,124,1,1,0.094667,120,134,233,1,0.065953,120,195,624,0.170198,752,120
1,288,714688,746144,256,129,133,0.055675,0.186769,259,-1,ok,0,0,0,0,258,1,1,0.088054,256,347,440,1,0.145231,256,698,1073,0.585263,3471,256
1,289,487154,401935,1115,560,1439,0.59377,0.438899,1128,-1,ok,0,0,0,0,1127,1,1,0.614418,1117,1745,1988,1,0.978019,1115,4026,5209,5.60444,29893,1115
1,290,558487,858169,252,127,485,0.195255,0.188432,257,-1,ok,0,0,0,0,256,1,1,0.180188,252,406,466,1,0.233776,252,893,1142,0.554827,2917,252
1,291,574271,660088,2395,1201,6117,1.69632,0.849248,2428,-1,ok,0,0,0,0,2427,1,1,1.4097,2395,4057,4083,1,2.322,2395,10180,10292,14.391,70720,2395
1,292,41143,546444,721,363,2764,0.729985,0.323556,732,-1,ok,0,0,0,0,731,1,1,0.378357,721,987,1216,1,0.538777,721,1967,3046,3.36101,18062,721
1,293,760001,646214,1715,861,4270,1.16815,0.603018,1742,-1,ok,0,0,0,0,1741,1,1,0.832887,1717,2973,3037,1,1.63272,1715,7467,7765,13.2147,68484,1715
1,294,185761,377965,506,254,1952,0.417531,0.108463,511,-1,ok,0,0,0,0,510,1,1,0.181398,506,698,837,1,0.305181,506,1403,2056,2.75907,15369,506
1,295,604576,736790,940,472,1411,0.484456,0.333553,953,-1,ok,0,0,0,0,952,1,1,0.437057,940,1559,1607,1,0.799495,940,3764,3974,5.58226,29173,940
1,296,604356,279676,1122,563,2161,0.575185,0.383647,1139,-1,ok,0,0,0,0,1138,1,1,0.511326,1122,1783,1914,1,0.978368,1122,4109,4750,7.06212,37132,1122
1,297,467430,178127,281,142,560,0.154519,0.170649,286,-1,ok,0,0,0,0,285,1,1,0.131587,281,425,503,1,0.239168,281,922,1279,0.752427,4332,281
1,298,473402,701873,1457,730,4409,1.10545,0.503262,1476,-1,ok,0,0,0,0,1475,1,1,0.811457,1457,2522,2561,1,1.49975,1457,6273,6449,10.6686,54516,1457
1,299,546168,470167,91,47,560,0.181369,0.04788,94,-1,ok,0,0,0,0,93,1,1,0.101671,91,91,165,1,0.039393,91,91,404,0.024435,91,91
2,0,515417,637366,1801,455,581,0.332492,1.25698,1882,-1,ok,0,0,0,0,1881,1,1,1.81883,1803,5496,5786,1,2.59576,1801,12929,14157,12.0373,55476,1801
2,1,221578,683609,709,179,1116,0.275497,0.344564,736,-1,ok,0,0,0,0,735,1,1,0.331791,709,1277,2296,1,0.574836,709,2822,6039,3.33697,17883,709
2,2,566063,455879,224,57,59,0.045405,0.111709,235,-1,ok,0,0,0,0,234,1,1,0.177692,228,530,793,1,0.25737,228,1337,2211,0.566379,2755,224
2,3,364509,251282,377,98,374,0.069541,0.205645,408,-1,ok,0,0,0,0,407,1,1,0.199181,377,961,1093,1,0.402141,377,2264,2679,1.42935,7916,377
2,4,713214,541596,268,69,204,0.102152,0.177873,289,-1,ok,0,0,0,0,288,1,1,0.161711,268,296,880,1,0.103525,268,296,1984,0.131706,281,268
2,5,708892,372109,865,219,362,0.138359,0.39637,922,-1,ok,0,0,0,0,921,1,1,0.63686,865,2577,2668,1,1.32332,865,6280,6536,7.82272,33055,865
2,6,549730,910635,485,122,256,0.105377,0.28896,506,-1,ok,0,0,0,0,505,1,1,0.288229,485,1066,1326,1,0.486339,485,2206,3043,2.5424,11505,485
2,7,428575,333335,686,175,320,0.088395,0.229118,735,-1,ok,0,0,0,0,734,1,1,0.361626,686,1898,1981,1,0.827197,686,4366,4651,3.51545,19844,686
2,8,103741,529812,1209,307,704,0.204662,0.476731,1280,-1,ok,0,0,0,0,1279,1,1,0.819362,1209,3341,3789,1,1.52124,1209,8102,9543,7.71723,40816,1209
2,9,504438,99296,1284,325,1547,0.350155,0.402843,1371,-1,ok,0,0,0,0,1370,1,1,0.783384,1284,3666,3955,1,1.73913,1284,8966,9993,7.83871,40831,1284
2,10,503002,473385,659,167,650,0.153879,0.249437,694,-1,ok,0,0,0,0,693,1,1,0.310871,659,1450,2161,1,0.5947,659,2991,5371,3.4541,18056,659
2,11,594375,693937,1954,494,1013,0.32052,0.73251,2039,-1,ok,0,0,0,0,2038,1,1,1.39786,1956,6193,6331,1,2.78543,1954,15046,15433,13.5172,67204,1954
2,12,184179,575147,1336,339,399,0.178343,0.58337,1385,-1,ok,0,0,0,0,1384,1,1,0.851982,1338,4234,4336,1,1.89455,1336,9936,10303,10.0006,51137,1336
2,13,84373,731343,822,208,1572,0.398114,0.414114,869,-1,ok,0,0,0,0,868,1,1,0.474647,824,1453,2583,1,0.710596,824,3092,6644,4.39494,22213,822
2,14,533139,449475,806,205,1042,0.206626,0.23492,843,-1,ok,0,0,0,0,842,1,1,0.425466,812,2387,2438,1,0.971365,812,5437,5663,4.57802,24850,806
2,15,800775,353868,725,182,840,0.249657,0.356647,736,-1,ok,0,0,0,0,735,1,1,0.496989,725,1192,1747,1,0.517628,725,2153,4600,0.905884,3662,725
2,16,580536,834346,1638,416,514,0.226163,0.660966,1719,-1,ok,0,0,0,0,1718,1,1,1.26014,1638,5119,5269,1,2.52773,1638,12584,12959,11.6831,56131,1638
2,17,705977,179642,451,114,334,0.123701,0.206696,468,-1,ok,0,0,0,0,467,1,1,0.365643,451,1338,1573,1,0.75389,451,3318,4145,2.46923,12349,451
2,18,591189,502974,573,146,366,0.119463,0.264695,596,-1,ok,0,0,0,0,595,1,1,0.322773,577,1427,1921,1,0.551991,573,3213,4828,2.95525,17174,573
2,19,696806,606078,410,106,365,0.075671,0.148077,439,-1,ok,0,0,0,0,438,1,1,0.164889,410,868,1340,1,0.316832,410,1724,3248,1.91321,10136,410
2,20,649644,351270,898,230,999,0.22995,0.438338,945,-1,ok,0,0,0,0,944,1,1,0.577099,900,2261,3053,1,0.931281,898,4745,7407,5.6796,27816,898
2,21,364679,647787,786,199,271,0.097682,0.35261,833,-1,ok,0,0,0,0,832,1,1,0.457855,786,2038,2386,1,0.829872,786,4516,5871,4.67516,24119,786
2,22,236480,558798,1348,343,555,0.2088,0.538887,1403,-1,ok,0,0,0,0,1402,1,1,0.91464,1352,4360,4449,1,1.93618,1350,10253,10511,10.2384,51938,1348
2,23,429002,590281,593,151,202,0.101509,0.326009,620,-1,ok,0,0,0,0,619,1,1,0.410126,593,1645,1978,1,0.741646,593,3649,4722,2.87716,14142,593
2,24,732327,437963,2826,714,3210,0.729805,0.955648,2939,-1,ok,0,0,0,0,2938,1,1,2.03778,2828,8147,8640,1,3.85298,2826,19818,21382,15.1631,75758,2826
2,25,695045,573533,2638,667,3223,0.75974,0.848657,2741,-1,ok,0,0,0,0,2740,1,1,1.48212,2640,7393,7951,1,3.37235,2638,17869,19555,14.0072,70636,2638
2,26,653917,554134,819,209,1163,0.269896,0.274243,864,-1,ok,0,0,0,0,863,1,1,0.3856,821,2037,2694,1,0.729955,819,4342,6383,4.08149,22528,819
2,27,591152,758487,1441,364,769,0.251611,0.413494,1498,-1,ok,0,0,0,0,1497,1,1,0.853766,1441,4084,4589,1,1.96364,1441,9740,11267,10.4331,54336,1441
2,28,530231,797885,2838,717,1384,0.439662,1.15485,2949,-1,ok,0,0,0,0,2948,1,1,1.78189,2840,8328,8551,1,3.94151,2838,20168,20891,16.9784,87207,2838
2,29,461730,614781,2269,573,1162,0.447787,0.817698,2360,-1,ok,0,0,0,0,2359,1,1,1.38349,2271,7004,7314,1,3.12103,2269,16934,17990,14.2359,73263,2269
2,30,444980,608103,2053,521,2236,0.515953,0.817427,2142,-1,ok,0,0,0,0,2141,1,1,1.29778,2057,6304,6440,1,2.81717,2055,14883,15282,15.5557,77390,2053
2,31,625582,540051,1625,411,1212,0.393807,0.606343,1698,-1,ok,0,0,0,0,1697,1,1,0.926381,1631,4392,5192,1,1.85687,1631,10081,12410,11.4254,58442,1625
2,32,525321,196202,1187,301,1778,0.400749,0.457986,1256,-1,ok,0,0,0,0,1255,1,1,0.727361,1187,3478,3715,1,1.66198,1187,8705,9479,7.59196,39681,1187
2,33,478182,565842,1838,464,2562,0.66356,0.700869,1901,-1,ok,0,0,0,0,1900,1,1,1.17628,1840,5139,5947,1,2.32436,1838,12217,14498,10.4959,54134,1838
2,34,537719,542421,274,71,219,0.072927,0.142556,295,-1,ok,0,0,0,0,294,1,1,0.17164,274,866,1002,1,0.390129,274,2075,2489,0.923667,5199,274
2,35,606091,561377,46,12,33,0.013876,0.030227,49,-1,ok,0,0,0,0,48,1,1,0.032179,46,46,163,1,0.014898,46,46,416,0.018615,46,46
2,36,540484,237922,578,146,463,0.110165,0.247243,605,-1,ok,0,0,0,0,604,1,1,0.298258,578,1418,1714,1,0.644425,578,3300,4283,2.9131,14971,578
2,37,916340,481104,632,160,414,0.129302,0.307615,665,-1,ok,0,0,0,0,664,1,1,0.303868,634,1347,2033,1,0.576538,632,2758,4869,3.04546,14872,632
2,38,547698,473617,2323,588,3427,0.70652,0.710507,2424,-1,ok,0,0,0,0,2423,1,1,1.51693,2325,6721,7496,1,3.08548,2323,16077,18417,13.83,70722,2323
2,39,503531,560189,206,52,129,0.064362,0.096421,209,-1,ok,0,0,0,0,208,1,1,0.121968,206,396,644,1,0.17134,206,803,1554,0.885325,3507,206
2,40,528285,633179,2234,566,2630,0.575426,0.729214,2343,-1,ok,0,0,0,0,2342,1,1,1.37241,2236,6677,7109,1,3.05129,2234,16069,17357,13.7731,70518,2234
2,41,528291,124629,1240,315,1295,0.324026,0.364112,1319,-1,ok,0,0,0,0,1318,1,1,0.739392,1240,3547,3785,1,1.63508,1240,8623,9439,8.10882,40626,1240
2,42,218360,732318,1260,318,679,0.242313,0.547082,1317,-1,ok,0,0,0,0,1316,1,1,0.742949,1260,3378,3514,1,1.57778,1260,8351,8786,6.82432,36829,1260
2,43,673429,646337,1726,437,1840,0.440925,0.731267,1789,-1,ok,0,0,0,0,1788,1,1,1.07677,1728,4703,5665,1,1.99261,1726,10812,13836,10.4595,53246,1726
2,44,677903,545932,2495,632,3286,0.748769,0.736436,2598,-1,ok,0,0,0,0,2597,1,1,1.42524,2497,7413,7642,1,3.27731,2495,17996,18802,14.9426,79377,2495
2,45,599861,473157,116,30,240,0.118451,0.076273,125,-1,ok,0,0,0,0,124,1,1,0.089928,116,116,468,1,0.049864,116,116,1367,0.053391,116,116
2,46,771679,448047,942,239,1156,0.269833,0.393485,977,-1,ok,0,0,0,0,976,1,1,0.500976,948,2484,3063,1,1.16898,948,5958,7564,4.97133,26277,942
2,47,613652,373259,1541,390,1459,0.353651,0.477732,1610,-1,ok,0,0,0,0,1609,1,1,0.978891,1547,4457,4743,1,1.97496,1547,10718,11990,12.0945,61879,1541
2,48,559115,582478,645,162,653,0.232304,0.284491,652,-1,ok,0,0,0,0,651,1,1,0.436426,647,1812,2101,1,0.763236,647,4168,5143,1.58772,8597,645
2,49,138045,605112,1531,389,1645,0.383507,0.65282,1582,-1,ok,0,0,0,0,1581,1,1,1.21448,1535,4956,5067,1,2.33632,1533,11886,12196,12.0707,57282,1531
2,50,715274,544491,2277,577,733,0.285704,0.87177,2370,-1,ok,0,0,0,0,2369,1,1,1.51523,2279,6826,6920,1,3.13824,2277,16701,17050,15.2593,79200,2277
2,51,118518,621231,1297,329,1776,0.389017,0.515453,1346,-1,ok,0,0,0,0,1345,1,1,0.778165,1299,3695,4207,1,1.67438,1297,8559,10086,9.40256,47326,1297
2,52,560125,876072,607,155,532,0.129192,0.274884,650,-1,ok,0,0,0,0,649,1,1,0.35352,609,1772,1948,1,0.806017,607,3977,4538,3.18154,17204,607
2,53,457330,549752,200,52,75,0.046357,0.102532,211,-1,ok,0,0,0,0,210,1,1,0.15016,200,454,705,1,0.200965,200,973,1716,0.675182,3599,200
2,54,185650,870115,627,159,324,0.109785,0.242492,644,-1,ok,0,0,0,0,643,1,1,0.479104,627,1960,2157,1,1.1138,627,4736,5415,2.50835,11572,627
2,55,519871,693835,2142,542,718,0.253443,0.7106,2231,-1,ok,0,0,0,0,2230,1,1,1.40826,2144,6817,6920,1,3.02293,2142,16589,16902,13.8182,73105,2142
2,56,140914,484062,1346,341,1871,0.409254,0.443058,1391,-1,ok,0,0,0,0,1390,1,1,0.740072,1348,3685,4429,1,1.78387,1346,8428,10773,8.8264,47059,1346
2,57,630216,170691,1277,324,753,0.223577,0.40666,1322,-1,ok,0,0,0,0,1321,1,1,0.833989,1279,3982,4084,1,1.83821,1277,9375,9749,8.71947,42674,1277
2,58,686374,577768,450,115,506,0.150611,0.238305,475,-1,ok,0,0,0,0,474,1,1,0.234859,450,902,1461,1,0.334235,450,1743,3652,2.7068,11733,450
2,59,625714,607337,2167,549,1479,0.374059,0.607286,2262,-1,ok,0,0,0,0,2261,1,1,1.31383,2169,6687,6988,1,2.88353,2167,16043,16939,14.079,73254,2167
2,60,160386,877813,1001,254,449,0.170619,0.477924,1030,-1,ok,0,0,0,0,1029,1,1,0.730064,1001,3096,3385,1,1.56092,1001,7356,8284,4.92909,24866,1001
2,61,557207,713255,2128,538,689,0.244888,0.606244,2215,-1,ok,0,0,0,0,2214,1,1,1.29788,2130,6601,6775,1,2.86006,2128,15838,16361,13.6877,71776,2128
2,62,689095,577712,931,236,1072,0.301283,0.420025,970,-1,ok,0,0,0,0,969,1,1,0.577419,931,2420,2513,1,1.06334,931,5906,6263,5.70672,27410,931
2,63,118518,543922,1546,392,1412,0.355424,0.617986,1599,-1,ok,0,0,0,0,1598,1,1,1.06341,1554,4690,4965,1,2.13852,1552,10995,11769,10.9774,54964,1546
2,64,743230,714700,454,115,261,0.080631,0.238165,475,-1,ok,0,0,0,0,474,1,1,0.227034,454,1112,1431,1,0.42817,454,2492,3472,1.22755,7262,454
2,65,451281,500222,1729,438,1941,0.44895,0.739473,1800,-1,ok,0,0,0,0,1799,1,1,1.05406,1731,4953,5603,1,2.19478,1729,11728,13630,10.5674,53341,1729
2,66,87326,638815,783,198,435,0.140803,0.343742,840,-1,ok,0,0,0,0,839,1,1,0.530602,783,1983,2411,1,0.941299,783,4536,6177,4.26848,21613,783
2,67,873089,178288,543,139,139,0.077285,0.26236,570,-1,ok,0,0,0,0,569,1,1,0.441966,543,1665,2082,1,1.01644,543,4107,5491,1.95028,8868,543
2,68,540231,698411,324,83,145,0.068729,0.190346,343,-1,ok,0,0,0,0,342,1,1,0.244467,324,892,1080,1,0.49259,324,2245,2786,2.27058,11259,324
2,69,608054,502046,428,107,511,0.151935,0.248855,439,-1,ok,0,0,0,0,438,1,1,0.293097,428,1175,1352,1,0.491619,428,2585,3227,1.94342,9740,428
2,70,551981,134941,1142,289,704,0.211957,0.478324,1211,-1,ok,0,0,0,0,1210,1,1,0.783937,1142,3307,3653,1,1.50934,1142,7680,8893,7.86731,37155,1142
2,71,463217,908917,606,153,201,0.099336,0.297767,639,-1,ok,0,0,0,0,638,1,1,0.405799,608,1317,1914,1,0.54057,606,2545,4598,2.96044,15134,606
2,72,633916,540912,2768,701,2701,0.592278,0.884634,2881,-1,ok,0,0,0,0,2880,1,1,1.80521,2776,8191,8353,1,3.81619,2774,19920,20346,15.3753,78468,2768
2,73,797852,552425,1119,283,1345,0.578279,0.407622,1162,-1,ok,0,0,0,0,1161,1,1,0.55626,1119,2405,3004,1,1.04819,1119,5507,7524,4.97139,25862,1119
2,74,746160,847884,1478,374,480,0.206015,0.555989,1539,-1,ok,0,0,0,0,1538,1,1,1.0466,1478,4518,4730,1,2.2122,1478,10953,11668,10.7195,53994,1478
2,75,759766,548195,703,179,732,0.184886,0.2995,742,-1,ok,0,0,0,0,741,1,1,0.357609,705,1662,2260,1,0.663981,703,3479,5301,3.06669,16496,703
2,76,413741,394099,778,197,716,0.231251,0.408934,813,-1,ok,0,0,0,0,812,1,1,0.582407,784,2420,2626,1,0.785549,778,4355,6748,3.7401,20512,778
2,77,913394,471896,1104,281,1428,0.309978,0.502962,1143,-1,ok,0,0,0,0,1142,1,1,0.692886,1104,3019,3637,1,1.42984,1104,7099,8841,8.78975,44041,1104
2,78,652297,501706,101,26,26,0.030286,0.059912,106,-1,ok,0,0,0,0,105,1,1,0.066764,101,101,416,1,0.039225,101,101,1262,0.047319,101,101
2,79,528306,440834,2348,594,3421,0.722971,0.792531,2451,-1,ok,0,0,0,0,2450,1,1,1.47775,2350,6830,7579,1,3.15612,2348,16434,18806,13.9558,70725,2348
2,80,579216,344905,687,173,498,0.207048,0.345647,712,-1,ok,0,0,0,0,711,1,1,0.455,693,1982,2316,1,0.62591,687,3103,6008,3.55986,18817,687
2,81,291425,565940,613,157,571,0.13299,0.275765,648,-1,ok,0,0,0,0,647,1,1,0.308467,619,1465,1747,1,0.646898,619,3210,4221,4.19128,22156,613
2,82,560203,166249,1334,337,1245,0.303736,0.492822,1379,-1,ok,0,0,0,0,1378,1,1,0.868263,1336,3816,4309,1,1.85719,1334,8754,10212,7.68242,39639,1334
2,83,725367,601383,506,130,305,0.11738,0.260847,533,-1,ok,0,0,0,0,532,1,1,0.300682,506,1316,1604,1,0.563935,506,3002,3857,2.52709,13653,506
2,84,690950,626446,632,161,773,0.222675,0.269985,659,-1,ok,0,0,0,0,658,1,1,0.295611,632,1286,1594,1,0.569776,632,3159,4151,2.01372,11509,632
2,85,885107,623720,1723,437,572,0.219059,0.569375,1800,-1,ok,0,0,0,0,1799,1,1,1.18034,1723,5354,5599,1,2.38929,1723,12918,13730,13.6459,69467,1723
2,86,452862,582210,1864,471,602,0.250468,0.574014,1941,-1,ok,0,0,0,0,1940,1,1,1.18796,1866,5743,6059,1,2.54838,1864,13701,14903,10.4985,55382,1864
2,87,643668,475109,189,48,343,0.110968,0.106141,202,-1,ok,0,0,0,0,201,1,1,0.08075,189,189,693,1,0.063631,189,189,1796,0.073187,189,189
2,88,72436,674500,1030,261,365,0.138949,0.408163,1087,-1,ok,0,0,0,0,1086,1,1,0.7212,1030,3048,3175,1,1.52722,1030,7589,7979,7.36477,37614,1030
2,89,868641,853704,37,9,23,0.010109,0.023563,38,-1,ok,0,0,0,0,37,1,1,0.022784,37,38,136,1,0.010581,37,37,411,0.011051,37,37
2,90,644709,548157,2038,515,3145,0.619869,0.844942,2137,-1,ok,0,0,0,0,2136,1,1,1.25085,2040,5922,6563,1,2.69923,2038,14079,16083,14.0215,70826,2038
2,91,582005,373594,1217,309,476,0.176147,0.376643,1290,-1,ok,0,0,0,0,1289,1,1,0.787475,1217,3644,3727,1,1.71774,1217,8813,9062,9.314,45309,1217
2,92,677416,621320,2042,517,2308,0.491358,0.507868,2135,-1,ok,0,0,0,0,2134,1,1,1.24718,2044,6208,6493,1,2.81991,2042,15002,15924,13.4943,70315,2042
2,93,705859,580720,219,56,83,0.049503,0.059871,238,-1,ok,0,0,0,0,237,1,1,0.085349,219,301,751,1,0.108473,219,363,1899,0.260847,1257,219
2,94,431412,580719,607,154,184,0.076361,0.22916,634,-1,ok,0,0,0,0,633,1,1,0.369902,607,1540,2007,1,0.654022,607,3524,5066,3.37385,17721,607
2,95,437348,552419,661,168,1133,0.268531,0.286986,686,-1,ok,0,0,0,0,685,1,1,0.405878,663,1641,2249,1,0.72667,661,3746,5832,3.11662,18299,661
2,96,758271,503460,743,188,843,0.200635,0.292226,774,-1,ok,0,0,0,0,773,1,1,0.404475,745,1713,2404,1,0.648192,743,3548,5719,3.50466,18490,743
2,97,868701,479347,1176,300,1372,0.316072,0.564755,1227,-1,ok,0,0,0,0,1226,1,1,0.814361,1176,3275,3892,1,1.55261,1176,7668,9441,9.10288,45874,1176
2,98,562097,501182,3169,800,4861,1.11988,1.06926,3270,-1,ok,0,0,0,0,3269,1,1,2.01519,3173,9100,9615,1,3.98777,3171,21260,23604,14.199,74431,3169
2,99,278199,257290,49,13,41,0.016671,0.031238,54,-1,ok,0,0,0,0,53,1,1,0.019717,49,49,202,1,0.01624,49,49,564,0.013415,49,49
2,100,570049,534288,47,13,85,0.033632,0.039705,58,-1,ok,0,0,0,0,57,1,1,0.045775,47,47,208,1,0.016912,47,47,528,0.020077,47,47
2,101,541954,728137,425,109,381,0.094567,0.215043,450,-1,ok,0,0,0,0,449,1,1,0.256469,425,1150,1386,1,0.505895,425,2666,3363,1.99686,10772,425
2,102,215378,85837,389,99,276,0.075652,0.220704,420,-1,ok,0,0,0,0,419,1,1,0.232325,389,976,1098,1,0.409605,389,2180,2753,0.935519,5539,389
2,103,589928,544726,2226,564,1356,0.433069,0.867552,2325,-1,ok,0,0,0,0,2324,1,1,1.45598,2228,6938,7223,1,3.07582,2226,16696,17626,14.3693,73866,2226
2,104,541522,549453,805,204,1037,0.277117,0.378788,830,-1,ok,0,0,0,0,829,1,1,0.335057,805,1566,2172,1,0.656979,805,3557,5522,4.61409,23643,805
2,105,502684,483770,978,247,1449,0.311243,0.29926,1015,-1,ok,0,0,0,0,1014,1,1,0.428371,978,2451,2546,1,1.09318,978,6381,6629,5.28737,30698,978
2,106,185739,464682,1225,311,1669,0.406611,0.590934,1272,-1,ok,0,0,0,0,1271,1,1,0.837945,1227,3446,4228,1,1.57137,1225,8079,10514,8.85819,44382,1225
2,107,564997,595611,2276,574,3163,0.706671,0.905064,2365,-1,ok,0,0,0,0,2364,1,1,1.53982,2280,7056,7159,1,3.12379,2278,16924,17193,10.9782,58396,2276
2,108,589155,636201,2476,627,817,0.341049,0.993047,2579,-1,ok,0,0,0,0,2578,1,1,1.58922,2478,7151,7476,1,3.36973,2476,17469,18407,14.149,70451,2476
2,109,531285,901687,2128,537,1328,0.415636,0.710217,2211,-1,ok,0,0,0,0,2210,1,1,1.38099,2128,6396,6750,1,3.0799,2128,15505,16617,13.5875,68196,2128
2,110,732706,576220,224,56,259,0.086341,0.073498,241,-1,ok,0,0,0,0,240,1,1,0.162844,224,645,736,1,0.262078,224,1461,1816,0.606004,3123,224
2,111,109733,638731,1000,253,882,0.196506,0.495946,1067,-1,ok,0,0,0,0,1066,1,1,0.605121,1000,2778,3097,1,1.35787,1000,6904,7805,6.58787,35200,1000
2,112,662568,191645,835,212,506,0.129141,0.263853,892,-1,ok,0,0,0,0,891,1,1,0.497268,835,2424,2570,1,1.18819,835,5921,6459,7.30886,33636,835
2,113,374965,759941,1238,314,772,0.212678,0.395014,1289,-1,ok,0,0,0,0,1288,1,1,0.815224,1238,3530,3961,1,1.73828,1238,8207,9589,8.34289,43838,1238
2,114,719164,27693,1169,297,401,0.143056,0.313758,1254,-1,ok,0,0,0,0,1253,1,1,0.798843,1171,3484,3613,1,1.70436,1169,8593,9085,8.11679,40737,1169
2,115,752294,934231,163,42,237,0.078988,0.097511,168,-1,ok,0,0,0,0,167,1,1,0.170639,163,519,553,1,0.255117,163,1239,1404,0.330167,1566,163
2,116,655535,844782,573,146,310,0.088365,0.273973,606,-1,ok,0,0,0,0,605,1,1,0.373939,575,1650,1824,1,0.654854,573,3593,4260,3.29099,16115,573
2,117,474798,607811,1695,429,2296,0.465209,0.503921,1768,-1,ok,0,0,0,0,1767,1,1,1.00848,1697,4829,5379,1,2.12953,1695,11276,12926,12.389,63777,1695
2,118,913321,352359,1830,464,1018,0.347439,0.75397,1925,-1,ok,0,0,0,0,1924,1,1,1.4125,1842,5747,6057,1,2.49047,1836,12585,15337,13.4964,67065,1830
2,119,458475,638815,192,50,198,0.078787,0.08577,215,-1,ok,0,0,0,0,214,1,1,0.109265,192,343,752,1,0.126788,192,543,2028,0.180007,941,192
2,120,185587,899904,797,204,1109,0.22428,0.352018,844,-1,ok,0,0,0,0,843,1,1,0.53523,803,2300,2636,1,1.17706,803,5419,6495,6.1242,28653,797
2,121,660993,722496,1439,365,467,0.151193,0.389809,1514,-1,ok,0,0,0,0,1513,1,1,0.742927,1445,3792,4600,1,1.63113,1445,8801,11481,9.38641,49024,1439
2,122,587664,590978,396,101,656,0.18179,0.177131,403,-1,ok,0,0,0,0,402,1,1,0.138339,396,621,1034,1,0.282228,396,1331,2988,0.499424,2903,396
2,123,227425,627948,1391,353,1236,0.253683,0.440533,1454,-1,ok,0,0,0,0,1453,1,1,0.747116,1391,3653,3923,1,1.68735,1391,9160,10003,9.4228,48375,1391
2,124,404568,507174,380,95,368,0.108061,0.191278,391,-1,ok,0,0,0,0,390,1,1,0.205372,380,655,729,1,0.264664,380,1279,2357,0.81829,4446,380
2,125,234885,555140,1077,272,585,0.156202,0.294771,1126,-1,ok,0,0,0,0,1125,1,1,0.550018,1077,2949,3378,1,1.28618,1077,7163,8658,7.49681,38485,1077
2,126,379198,738927,1657,418,1687,0.377345,0.533888,1734,-1,ok,0,0,0,0,1733,1,1,1.05515,1663,4645,5412,1,2.23501,1657,11217,13802,9.60887,50465,1657
2,127,516377,549670,2291,580,3258,0.703586,0.69043,2400,-1,ok,0,0,0,0,2399,1,1,1.53489,2293,6789,7420,1,3.11752,2291,16437,18388,13.253,70659,2291
2,128,346621,479141,772,196,1484,0.35275,0.298338,813,-1,ok,0,0,0,0,812,1,1,0.488623,772,2341,2489,1,0.974542,772,5555,6165,4.43253,23874,772
2,129,380939,508659,970,245,1644,0.345266,0.355866,1011,-1,ok,0,0,0,0,1010,1,1,0.419094,970,2152,2615,1,0.873041,970,4734,6927,3.57755,20262,970
2,130,549667,582479,32,9,24,0.012344,0.029113,39,-1,ok,0,0,0,0,38,1,1,0.024225,32,32,144,1,0.013445,32,32,448,0.017683,32,32
2,131,231944,556389,1377,348,460,0.146144,0.368178,1440,-1,ok,0,0,0,0,1439,1,1,0.694989,1377,3681,3797,1,1.68762,1377,9312,9632,9.02058,47464,1377
2,132,444980,143997,639,163,457,0.108713,0.263663,690,-1,ok,0,0,0,0,689,1,1,0.328553,639,1625,1836,1,0.688097,639,3714,4450,2.56247,14571,639
2,133,553121,561095,2824,714,2406,0.643884,0.99468,2931,-1,ok,0,0,0,0,2930,1,1,2.0062,2828,8678,9023,1,3.85333,2826,20794,21989,14.0831,73309,2824
2,134,557186,599599,2595,656,3594,0.907617,0.911955,2698,-1,ok,0,0,0,0,2697,1,1,1.50193,2597,7579,7848,1,3.34363,2595,18414,19271,15.2126,80846,2595
2,135,752223,476482,939,238,737,0.234197,0.501918,986,-1,ok,0,0,0,0,985,1,1,0.627773,945,2693,2968,1,1.27424,945,6481,7232,4.7703,25957,939
2,136,668229,470670,2659,673,843,0.324418,0.971176,2768,-1,ok,0,0,0,0,2767,1,1,1.66756,2661,7395,8073,1,3.39499,2659,17820,19955,13.767,70689,2659
2,137,328875,564452,195,50,104,0.064871,0.115616,208,-1,ok,0,0,0,0,207,1,1,0.12815,195,342,717,1,0.131616,195,547,1666,0.178914,898,195
2,138,642157,729840,1731,439,2880,0.662158,0.759839,1802,-1,ok,0,0,0,0,1801,1,1,0.89914,1733,4576,5676,1,1.85244,1731,10468,13917,10.1142,53712,1731
2,139,90305,752572,987,250,936,0.223486,0.421027,1016,-1,ok,0,0,0,0,1015,1,1,0.785738,989,3153,3391,1,1.48241,987,6511,8466,4.08432,21023,987
2,140,540469,868590,1095,278,1545,0.295643,0.464438,1170,-1,ok,0,0,0,0,1169,1,1,0.725005,1101,3234,3521,1,1.59655,1101,7885,8791,7.72475,38391,1095
2,141,554237,542468,341,88,242,0.086162,0.205003,360,-1,ok,0,0,0,0,359,1,1,0.224619,343,912,1047,1,0.370713,343,1967,2356,1.19736,5867,341
2,142,552875,544670,2521,638,1425,0.413964,0.879314,2628,-1,ok,0,0,0,0,2627,1,1,1.61699,2525,7624,7993,1,3.38912,2523,18105,19283,13.7766,73344,2521
2,143,489779,135045,582,148,229,0.101421,0.292446,635,-1,ok,0,0,0,0,634,1,1,0.306713,582,1513,1723,1,0.67439,582,3549,4287,2.82298,15398,582
2,144,684986,321427,899,227,319,0.116147,0.359222,962,-1,ok,0,0,0,0,961,1,1,0.525623,899,2320,2733,1,1.13133,899,5471,6791,7.29953,34162,899
2,145,551199,39629,1264,323,379,0.184976,0.511277,1323,-1,ok,0,0,0,0,1322,1,1,1.02519,1268,4246,4343,1,2.04474,1264,9987,10762,8.54359,39964,1264
2,146,161784,518507,1403,355,1434,0.318125,0.517937,1452,-1,ok,0,0,0,0,1451,1,1,0.833889,1405,4082,4521,1,1.77482,1403,9472,10778,9.80414,50296,1403
2,147,916310,555655,611,154,436,0.123771,0.184736,638,-1,ok,0,0,0,0,637,1,1,0.33158,613,1405,1965,1,0.58309,611,3011,4715,2.61168,14115,611
2,148,358724,558670,1036,264,320,0.108654,0.220351,1077,-1,ok,0,0,0,0,1076,1,1,0.596706,1038,3271,3427,1,1.4295,1036,7824,8292,7.57605,39297,1036
2,149,491303,659590,417,106,406,0.134821,0.257262,428,-1,ok,0,0,0,0,427,1,1,0.345616,417,1317,1434,1,0.650606,417,3210,3580,2.34532,13217,417
2,150,551910,879052,1906,483,1821,0.403274,0.754499,1991,-1,ok,0,0,0,0,1990,1,1,1.32919,1912,5445,5767,1,2.76551,1912,13575,14504,11.1264,55146,1906
2,151,548928,513895,2545,644,3149,0.682336,0.662318,2650,-1,ok,0,0,0,0,2649,1,1,1.47124,2547,7094,7774,1,3.18627,2545,17129,19257,13.4023,70674,2545
2,152,544907,516738,841,212,609,0.169236,0.371084,894,-1,ok,0,0,0,0,893,1,1,0.420166,847,2176,2533,1,0.93081,847,5014,5987,4.86328,25710,841
2,153,596621,550078,3073,777,2411,0.65288,0.854587,3184,-1,ok,0,0,0,0,3183,1,1,1.89762,3077,8864,9349,1,4.13267,3075,21333,22888,17.0796,87684,3073
2,154,457377,679268,965,245,725,0.263523,0.491408,1014,-1,ok,0,0,0,0,1013,1,1,0.612035,971,3049,3140,1,1.30338,969,7117,7431,4.92999,27753,965
2,155,888007,738901,148,37,77,0.036779,0.074931,155,-1,ok,0,0,0,0,154,1,1,0.117319,148,477,506,1,0.196527,148,1046,1246,0.606013,3181,148
2,156,557446,245356,1550,392,483,0.198641,0.564535,1601,-1,ok,0,0,0,0,1600,1,1,0.960636,1554,4819,5106,1,2.15979,1552,11280,12071,7.32725,40658,1550
2,157,269058,233403,285,73,157,0.080652,0.16609,300,-1,ok,0,0,0,0,299,1,1,0.175809,285,603,810,1,0.237413,285,1341,2065,0.661426,3379,285
2,158,561143,482354,629,160,869,0.2411,0.335637,652,-1,ok,0,0,0,0,651,1,1,0.403935,629,1287,2029,1,0.503172,629,2525,4961,3.90166,17927,629
2,159,476616,512534,204,53,212,0.068217,0.105688,231,-1,ok,0,0,0,0,230,1,1,0.138138,204,450,707,1,0.175327,204,903,1674,1.09109,6051,204
2,160,651112,289929,1373,349,1415,0.314368,0.528107,1434,-1,ok,0,0,0,0,1433,1,1,0.896485,1375,4022,4378,1,1.85795,1373,9326,10470,8.70627,45876,1373
2,161,728484,372110,264,68,75,0.048169,0.103975,273,-1,ok,0,0,0,0,272,1,1,0.103473,264,264,1058,1,0.126366,264,264,2916,0.095909,309,264
2,162,569402,643340,2200,556,974,0.305731,0.660014,2291,-1,ok,0,0,0,0,2290,1,1,1.35228,2204,6586,7017,1,2.79963,2202,15428,16995,9.98773,55450,2200
2,163,148333,409238,245,64,245,0.067726,0.1445,278,-1,ok,0,0,0,0,277,1,1,0.113382,245,364,757,1,0.156222,245,746,1858,0.267981,1531,245
2,164,464750,373454,1640,416,559,0.195945,0.523979,1711,-1,ok,0,0,0,0,1710,1,1,0.969172,1642,4951,5312,1,2.24458,1640,11912,12904,9.44127,51643,1640
2,165,355695,858397,800,202,350,0.123271,0.40692,819,-1,ok,0,0,0,0,818,1,1,0.581788,800,2452,2703,1,1.24907,800,5814,6584,3.38286,18252,800
2,166,671610,490121,1975,498,2542,0.551911,0.689959,2054,-1,ok,0,0,0,0,2053,1,1,1.32744,1977,6175,6353,1,2.88939,1975,15012,15658,16.3353,76395,1975
2,167,620032,817899,1017,258,1221,0.296845,0.37474,1066,-1,ok,0,0,0,0,1065,1,1,0.59329,1021,2872,3166,1,1.14044,1019,6338,7212,5.26981,27881,1017
2,168,475138,561483,915,232,881,0.204201,0.311712,954,-1,ok,0,0,0,0,953,1,1,0.496439,917,2722,3023,1,1.0694,915,6129,7014,5.39985,30334,915
2,169,677523,564943,2418,612,765,0.28932,0.799254,2521,-1,ok,0,0,0,0,2520,1,1,1.64878,2422,7302,7663,1,3.32516,2420,17399,18580,17.68,84521,2418
2,170,547139,894242,1009,256,639,0.226603,0.384247,1052,-1,ok,0,0,0,0,1051,1,1,0.600092,1011,2984,3025,1,1.25527,1011,6777,7081,3.48852,19650,1009
2,171,513656,703356,1488,379,1306,0.364503,0.538076,1549,-1,ok,0,0,0,0,1548,1,1,1.04551,1490,4640,4732,1,2.24918,1488,11133,11389,11.8358,57709,1488
2,172,561653,646343,1780,451,2257,0.516155,0.644665,1845,-1,ok,0,0,0,0,1844,1,1,0.954935,1782,4802,5767,1,1.95058,1780,11010,14027,9.91163,53602,1780
2,173,452860,580211,2703,683,4083,1.04002,0.859977,2810,-1,ok,0,0,0,0,2809,1,1,1.75518,2705,8073,8318,1,3.63451,2703,19822,20570,15.0683,80816,2703
2,174,457346,589806,992,253,709,0.236423,0.373919,1043,-1,ok,0,0,0,0,1042,1,1,0.559446,994,3048,3326,1,1.30113,992,7071,7898,5.55131,29685,992
2,175,125970,564306,414,104,396,0.11807,0.223246,443,-1,ok,0,0,0,0,442,1,1,0.261328,414,1013,1302,1,0.469127,414,2275,3349,1.16021,5306,414
2,176,432903,536123,1450,367,1102,0.305621,0.704377,1527,-1,ok,0,0,0,0,1526,1,1,0.969843,1456,4184,4587,1,1.95283,1456,10164,11255,9.90199,48138,1450
2,177,586708,335970,692,176,735,0.238355,0.335397,719,-1,ok,0,0,0,0,718,1,1,0.344333,692,1557,2401,1,0.648263,692,3362,6147,3.47819,19204,692
2,178,127595,700137,422,108,108,0.064921,0.279062,435,-1,ok,0,0,0,0,434,1,1,0.308517,422,897,1657,1,0.504062,422,1928,4494,0.928436,4133,422
2,179,538665,123021,1064,269,1228,0.281315,0.376324,1129,-1,ok,0,0,0,0,1128,1,1,0.653361,1064,2939,3334,1,1.32615,1064,6833,8184,6.43446,34570,1064
2,180,352712,882018,430,109,555,0.13865,0.227274,457,-1,ok,0,0,0,0,456,1,1,0.389839,436,1293,1598,1,0.757527,436,3163,4105,1.25678,5526,430
2,181,570105,642882,409,103,341,0.107721,0.193912,418,-1,ok,0,0,0,0,417,1,1,0.169747,409,832,973,1,0.402122,409,2349,2797,1.71869,10197,409
2,182,236454,64964,158,41,114,0.065542,0.09687,181,-1,ok,0,0,0,0,180,1,1,0.156012,158,384,542,1,0.174717,158,871,1370,0.652299,3096,158
2,183,547182,801522,1262,320,1040,0.320107,0.559226,1311,-1,ok,0,0,0,0,1310,1,1,0.916814,1266,3718,4022,1,1.57516,1264,8408,9390,5.52862,28573,1262
2,184,684920,553657,177,46,219,0.077255,0.087354,192,-1,ok,0,0,0,0,191,1,1,0.093424,177,219,609,1,0.073858,177,290,1581,0.174125,670,177
2,185,552875,351270,1255,319,1322,0.273653,0.387154,1306,-1,ok,0,0,0,0,1305,1,1,0.652601,1259,3396,4188,1,1.32946,1257,7398,10060,6.24592,34338,1255
2,186,492765,584268,2039,516,2592,0.524811,0.760952,2116,-1,ok,0,0,0,0,2115,1,1,1.34931,2043,6246,6483,1,2.89441,2041,14794,15479,16.822,80673,2039
2,187,155792,743182,560,141,357,0.137929,0.329405,593,-1,ok,0,0,0,0,592,1,1,0.393365,560,1255,1849,1,0.575596,560,2597,4720,1.28514,5800,560
2,188,433249,556063,1470,372,430,0.181398,0.447907,1517,-1,ok,0,0,0,0,1516,1,1,0.794525,1474,4238,4764,1,1.78721,1472,9840,11525,10.8596,53381,1470
2,189,675909,548947,322,83,88,0.065442,0.163956,343,-1,ok,0,0,0,0,342,1,1,0.151764,322,520,631,1,0.305291,322,1452,1749,0.586155,3084,322
2,190,801727,652069,1904,482,1280,0.344364,0.666285,1977,-1,ok,0,0,0,0,1976,1,1,1.33558,1904,5978,6189,1,2.64712,1904,14403,15018,14.0304,72405,1904
2,191,424436,194685,1235,313,1090,0.329105,0.468136,1282,-1,ok,0,0,0,0,1281,1,1,0.872943,1237,3836,4222,1,1.89749,1235,9185,10338,7.49896,36924,1235
2,192,568596,520838,78,21,139,0.073468,0.04872,87,-1,ok,0,0,0,0,86,1,1,0.056145,78,78,332,1,0.024546,78,78,962,0.034394,78,78
2,193,537052,487130,2582,651,2982,0.698607,0.938585,2677,-1,ok,0,0,0,0,2676,1,1,1.64181,2584,7674,7815,1,3.55838,2582,18904,19421,15.7672,77015,2582
2,194,287117,597610,1357,344,651,0.24566,0.450732,1402,-1,ok,0,0,0,0,1401,1,1,0.820183,1361,4210,4472,1,1.80081,1359,9845,10652,10.3971,53827,1357
2,195,734217,369103,902,228,1069,0.287708,0.408413,963,-1,ok,0,0,0,0,962,1,1,0.647019,902,2621,2765,1,1.31745,902,6373,6853,7.97618,37832,902
2,196,609326,594424,18,6,10,0.006442,0.017433,27,-1,ok,0,0,0,0,26,1,1,0.016751,18,18,84,1,0.006883,18,18,226,0.007244,18,18
2,197,555356,373478,150,38,78,0.026009,0.069651,167,-1,ok,0,0,0,0,166,1,1,0.108051,150,321,493,1,0.141244,150,632,1379,0.190786,955,150
2,198,538782,596393,2887,729,1398,0.426828,0.812568,2994,-1,ok,0,0,0,0,2993,1,1,1.88388,2891,8754,9169,1,3.9885,2889,20869,22137,17.643,90119,2887
2,199,853804,764242,234,60,88,0.061506,0.109394,243,-1,ok,0,0,0,0,242,1,1,0.124242,234,457,817,1,0.132769,234,702,1825,0.208389,1221,234
2,200,546144,731449,1563,395,751,0.268572,0.667157,1638,-1,ok,0,0,0,0,1637,1,1,0.900383,1563,4127,4947,1,1.85158,1563,9611,12365,9.69143,49057,1563
2,201,546580,470520,70,19,59,0.034984,0.047059,83,-1,ok,0,0,0,0,82,1,1,0.038421,70,70,271,1,0.025018,70,70,661,0.033462,70,70
2,202,587180,610058,2820,714,2399,0.623536,1.09391,2931,-1,ok,0,0,0,0,2930,1,1,1.75109,2824,8340,8576,1,3.6745,2822,20179,20892,15.4085,80831,2820
2,203,554148,555672,34,11,20,0.011482,0.027572,47,-1,ok,0,0,0,0,46,1,1,0.014156,34,34,176,1,0.012463,34,34,544,0.008835,34,34
2,204,618603,576023,2630,666,1716,0.55633,0.917856,2731,-1,ok,0,0,0,0,2730,1,1,1.5823,2634,8071,8444,1,3.49248,2632,19287,20445,14.2186,73278,2630
2,205,111185,663982,1131,287,398,0.170639,0.385832,1204,-1,ok,0,0,0,0,1203,1,1,0.673879,1131,3245,3473,1,1.53893,1131,7946,8660,7.76627,40593,1131
2,206,558415,519079,908,230,1348,0.342681,0.3527,933,-1,ok,0,0,0,0,932,1,1,0.437847,908,1890,2384,1,0.7383,908,3870,6219,3.12655,18460,908
2,207,273703,668225,1512,382,736,0.205103,0.375163,1575,-1,ok,0,0,0,0,1574,1,1,0.815374,1512,4022,4209,1,1.85361,1512,9973,10578,10.4791,54992,1512
2,208,342313,675920,1135,287,753,0.186971,0.383406,1186,-1,ok,0,0,0,0,1185,1,1,0.616943,1135,3285,3493,1,1.47531,1135,7924,8578,8.55455,43864,1135
2,209,455838,475237,29,8,24,0.012132,0.038993,42,-1,ok,0,0,0,0,41,1,1,0.029676,29,29,104,1,0.012844,29,37,319,0.020267,29,29
2,210,407548,553070,2852,721,2174,0.571377,1.15898,2959,-1,ok,0,0,0,0,2958,1,1,2.12993,2856,8595,9120,1,4.03236,2854,20683,22371,17.3443,87342,2852
2,211,504813,914851,324,84,308,0.137827,0.229199,347,-1,ok,0,0,0,0,346,1,1,0.273912,324,1109,1215,1,0.472082,324,1982,2896,0.702803,3703,324
2,212,547561,230431,1222,309,618,0.219772,0.516676,1287,-1,ok,0,0,0,0,1286,1,1,0.754972,1222,3508,3731,1,1.63819,1222,8599,9341,8.66124,41512,1222
2,213,466238,312299,1571,398,1922,0.442827,0.720046,1626,-1,ok,0,0,0,0,1625,1,1,1.08422,1573,4789,5101,1,2.23828,1571,11467,12428,9.60894,48789,1571
2,214,234897,536226,1213,308,1775,0.355996,0.476371,1266,-1,ok,0,0,0,0,1265,1,1,0.697674,1215,3444,4122,1,1.41714,1213,7893,10024,8.98186,45493,1213
2,215,580756,561650,1750,443,809,0.277019,0.480228,1815,-1,ok,0,0,0,0,1814,1,1,1.12253,1752,5440,5584,1,2.43202,1750,13033,13462,14.2422,69389,1750
2,216,744886,554466,1138,290,1611,0.373249,0.329466,1189,-1,ok,0,0,0,0,1188,1,1,0.629267,1142,3250,3573,1,1.34376,1140,7268,8221,7.18216,36805,1138
2,217,864144,644857,1147,292,1651,0.368559,0.500665,1194,-1,ok,0,0,0,0,1193,1,1,0.665374,1153,2900,3877,1,1.24191,1153,6794,9800,8.2628,41653,1147
2,218,155929,549165,1194,302,1090,0.285173,0.558314,1257,-1,ok,0,0,0,0,1256,1,1,0.841573,1194,3284,3651,1,1.55234,1194,7835,9116,8.09795,40836,1194
2,219,734340,664355,1063,270,864,0.244337,0.505854,1112,-1,ok,0,0,0,0,1111,1,1,0.639024,1063,2886,3468,1,1.29661,1063,6826,8567,6.57513,34008,1063
2,220,483567,570424,1455,368,1128,0.287105,0.519772,1526,-1,ok,0,0,0,0,1525,1,1,0.892458,1455,4240,4596,1,1.94345,1455,10214,11385,9.60816,48921,1455
2,221,639206,652049,2073,525,685,0.24639,0.719025,2158,-1,ok,0,0,0,0,2157,1,1,1.33452,2075,6378,6616,1,2.82557,2073,15373,16096,14.559,73262,2073
2,222,93334,537056,1452,367,724,0.243876,0.459669,1527,-1,ok,0,0,0,0,1526,1,1,0.756584,1452,3678,4059,1,1.61168,1452,8571,10340,7.54662,41025,1452
2,223,603581,431982,437,110,527,0.178765,0.245449,454,-1,ok,0,0,0,0,453,1,1,0.313637,437,1169,1430,1,0.509933,437,2514,3370,1.54385,7661,437
2,224,439095,658592,1491,378,482,0.190535,0.572442,1554,-1,ok,0,0,0,0,1553,1,1,1.06445,1493,4486,4713,1,2.10281,1491,10633,11328,11.8474,60308,1491
2,225,814923,899971,128,34,38,0.030297,0.068968,139,-1,ok,0,0,0,0,138,1,1,0.123542,128,398,454,1,0.166771,128,870,1031,0.488965,2672,128
2,226,498998,590659,2587,655,3464,0.804143,0.905993,2692,-1,ok,0,0,0,0,2691,1,1,1.59781,2589,7675,7924,1,3.4824,2587,18827,19600,15.3254,80834,2587
2,227,559098,530053,2275,575,2814,0.708144,0.889683,2348,-1,ok,0,0,0,0,2347,1,1,1.33834,2279,6579,7315,1,2.82803,2277,15411,17530,10.1627,53898,2275
2,228,549050,87356,1368,346,1287,0.354302,0.591767,1451,-1,ok,0,0,0,0,1450,1,1,0.943093,1368,3854,4175,1,1.81538,1368,9125,10226,9.51144,43802,1368
2,229,507967,791931,2780,702,1306,0.441475,1.09034,2885,-1,ok,0,0,0,0,2884,1,1,1.94272,2782,8098,8303,1,3.83168,2780,19669,20337,17.1453,87192,2780
2,230,403304,932996,1476,373,1755,0.476872,0.771483,1523,-1,ok,0,0,0,0,1522,1,1,1.03564,1476,4214,4624,1,2.28608,1476,9783,11026,9.5374,48724,1476
2,231,779288,400102,1980,500,2289,0.585424,0.862582,2051,-1,ok,0,0,0,0,2050,1,1,1.44162,1980,6268,6493,1,2.86791,1980,15071,16070,14.9856,75230,1980
2,232,115537,717680,835,211,738,0.209352,0.310591,886,-1,ok,0,0,0,0,885,1,1,0.504353,835,2368,2691,1,1.16033,835,5695,6721,3.99924,21113,835
2,233,625715,531035,2478,627,3002,0.661516,0.730746,2583,-1,ok,0,0,0,0,2582,1,1,1.43989,2480,7029,7430,1,3.00654,2478,16386,18436,14.1118,73695,2478
2,234,12779,392632,1393,354,951,0.298217,0.531533,1470,-1,ok,0,0,0,0,1469,1,1,0.891096,1395,3725,4461,1,1.65165,1393,8909,11364,7.46582,40916,1393
2,235,491073,550893,600,152,479,0.127188,0.33707,631,-1,ok,0,0,0,0,630,1,1,0.373958,600,1813,1939,1,0.784486,600,4209,4756,4.2092,19518,600
2,236,544640,612058,608,155,647,0.141995,0.217857,633,-1,ok,0,0,0,0,632,1,1,0.282859,608,1412,1911,1,0.552733,608,2998,4669,2.99796,17730,608
2,237,349394,221491,1219,308,400,0.143168,0.450652,1280,-1,ok,0,0,0,0,1279,1,1,0.748799,1219,3640,3833,1,1.66941,1219,9128,9824,6.88145,37230,1219
2,238,643343,800035,1098,278,495,0.175727,0.523218,1151,-1,ok,0,0,0,0,1150,1,1,0.827057,1098,3413,3587,1,1.79071,1098,8617,9115,8.12171,41464,1098
2,239,466292,494384,1056,267,736,0.254105,0.518508,1099,-1,ok,0,0,0,0,1098,1,1,0.758898,1058,3068,3520,1,1.31675,1056,7029,8429,5.86862,30097,1056
2,240,263294,711941,727,184,1385,0.306774,0.413825,758,-1,ok,0,0,0,0,757,1,1,0.323495,727,1253,2338,1,0.525553,727,2567,5967,3.91589,19914,727
2,241,540708,407534,2386,604,1914,0.523979,0.774078,2491,-1,ok,0,0,0,0,2490,1,1,1.54095,2388,7113,7846,1,3.19849,2386,16984,19563,14.0547,73400,2386
2,242,407548,728111,217,56,311,0.157525,0.140403,226,-1,ok,0,0,0,0,225,1,1,0.148508,217,217,875,1,0.109214,217,217,2619,0.118412,217,217
2,243,495501,485664,2437,615,3002,0.660234,0.965744,2536,-1,ok,0,0,0,0,2535,1,1,1.60903,2439,7654,7867,1,3.57682,2437,18816,19596,15.1329,77339,2437
2,244,720906,179696,594,151,261,0.126847,0.279643,633,-1,ok,0,0,0,0,632,1,1,0.432217,594,1799,1962,1,0.938536,594,4601,5095,3.29347,16388,594
2,245,650350,482575,2675,677,3608,0.799776,0.903609,2786,-1,ok,0,0,0,0,2785,1,1,1.62986,2677,7395,8142,1,3.35792,2675,17734,20050,13.3947,70704,2675
2,246,638652,817933,1535,389,484,0.209972,0.542064,1606,-1,ok,0,0,0,0,1605,1,1,0.963191,1535,4819,4932,1,2.27859,1535,11846,12146,10.8536,55609,1535
2,247,548934,567346,842,214,1015,0.242132,0.2834,869,-1,ok,0,0,0,0,868,1,1,0.320858,842,1721,2290,1,0.708705,842,3903,5753,4.49054,24352,842
2,248,573392,445311,937,237,1130,0.27877,0.452134,976,-1,ok,0,0,0,0,975,1,1,0.489425,939,2151,2885,1,0.869224,937,4564,6899,5.48398,27552,937
2,249,791829,669974,699,176,446,0.123491,0.27844,712,-1,ok,0,0,0,0,711,1,1,0.336339,699,1257,1601,1,0.526815,699,2538,4169,1.09738,5774,699
2,250,181289,193174,55,14,14,0.009378,0.036148,68,-1,ok,0,0,0,0,67,1,1,0.039654,55,134,167,1,0.046907,55,235,467,0.044744,247,55
2,251,734304,877601,1239,315,1386,0.32656,0.465209,1280,-1,ok,0,0,0,0,1279,1,1,1.03263,1239,3923,4175,1,2.0081,1239,9817,10471,8.44022,42458,1239
2,252,541771,272040,815,207,484,0.157695,0.384668,874,-1,ok,0,0,0,0,873,1,1,0.546481,815,2361,2571,1,1.06051,815,5483,6359,4.56284,24166,815
2,253,555426,520840,632,160,680,0.181329,0.326891,651,-1,ok,0,0,0,0,650,1,1,0.330568,632,1615,2054,1,0.622393,632,3596,5140,3.0131,17798,632
2,254,554148,468913,1653,419,1877,0.418523,0.817709,1726,-1,ok,0,0,0,0,1725,1,1,1.10719,1655,4773,5362,1,2.18057,1653,11282,12963,10.7116,53433,1653
2,255,407897,554527,1448,367,1035,0.330287,0.547263,1493,-1,ok,0,0,0,0,1492,1,1,0.881859,1452,4266,4694,1,1.83501,1450,9976,11316,11.0477,55076,1448
2,256,476137,886494,1697,431,2280,0.51348,0.678999,1796,-1,ok,0,0,0,0,1795,1,1,1.36088,1703,5476,5552,1,2.78511,1703,13523,13854,11.3291,56352,1697
2,257,647690,523082,2414,611,3694,0.805765,0.707072,2519,-1,ok,0,0,0,0,2518,1,1,1.57292,2418,7462,7629,1,3.45362,2416,17809,18273,17.9913,90555,2414
2,258,841766,458240,1678,427,949,0.357889,0.722701,1767,-1,ok,0,0,0,0,1766,1,1,1.0569,1684,4954,5546,1,2.297,1684,11988,13947,13.1779,66477,1678
2,259,462910,637233,417,105,381,0.108772,0.176149,442,-1,ok,0,0,0,0,441,1,1,0.22468,417,1035,1355,1,0.458046,417,2563,3395,2.1159,11833,417
2,260,536976,551877,19,6,12,0.008867,0.02148,26,-1,ok,0,0,0,0,25,1,1,0.019296,19,19,96,1,0.010049,19,19,266,0.01102,19,19
2,261,42610,554524,1736,441,1278,0.376765,0.664072,1803,-1,ok,0,0,0,0,1802,1,1,1.32101,1740,5352,5773,1,2.52381,1738,12841,14184,12.3697,61353,1736
2,262,613794,229015,1113,284,1632,0.37409,0.431086,1166,-1,ok,0,0,0,0,1165,1,1,0.730736,1115,3553,3793,1,1.5931,1113,8371,9052,7.2266,37126,1113
2,263,786608,624950,1914,485,2683,0.642681,0.697114,1991,-1,ok,0,0,0,0,1990,1,1,1.27158,1920,5452,5756,1,2.52593,1920,13596,14584,14.2904,73614,1914
2,264,412226,542166,1648,418,2282,0.473957,0.67391,1725,-1,ok,0,0,0,0,1724,1,1,0.965414,1650,4570,5305,1,1.96024,1648,10548,12765,12.8362,64093,1648
2,265,578007,584682,2557,648,3925,0.838318,0.835953,2662,-1,ok,0,0,0,0,2661,1,1,1.50841,2559,7560,7808,1,3.33696,2557,18506,19252,15.7501,80842,2557
2,266,129099,357177,198,50,168,0.07536,0.137627,213,-1,ok,0,0,0,0,212,1,1,0.126146,198,208,717,1,0.081341,198,208,1825,0.350305,1823,198
2,267,670451,218543,1088,277,333,0.145472,0.362237,1131,-1,ok,0,0,0,0,1130,1,1,0.759741,1090,3408,3738,1,1.65805,1088,8021,9096,6.88321,33694,1088
2,268,636901,562811,880,222,886,0.221245,0.379259,909,-1,ok,0,0,0,0,908,1,1,0.461191,880,2280,2369,1,0.983048,880,5557,5945,5.28801,26825,880
2,269,161898,720900,750,189,1396,0.321452,0.388176,791,-1,ok,0,0,0,0,790,1,1,0.430034,750,1258,2341,1,0.579764,750,2578,6008,4.51066,21524,750
2,270,536127,726744,1037,263,355,0.118661,0.301443,1092,-1,ok,0,0,0,0,1091,1,1,0.659993,1039,3205,3317,1,1.48021,1039,7847,8325,6.2418,33227,1037
2,271,182733,659592,907,230,539,0.146794,0.322543,964,-1,ok,0,0,0,0,963,1,1,0.514312,907,2663,2782,1,1.2608,907,6626,6998,6.87842,35409,907
2,272,557521,334467,2898,732,1497,0.501067,0.906865,3003,-1,ok,0,0,0,0,3002,1,1,2.17232,2908,8993,9339,1,3.91773,2900,20022,22886,14.0987,73457,2898
2,273,550876,844900,1310,332,541,0.236782,0.681043,1379,-1,ok,0,0,0,0,1378,1,1,0.837175,1310,3899,4119,1,1.91698,1310,9315,10040,9.07241,46488,1310
2,274,442000,527458,1850,468,1327,0.367457,0.514832,1927,-1,ok,0,0,0,0,1926,1,1,1.14893,1852,5726,5807,1,2.53645,1850,13466,13834,13.1599,69421,1850
2,275,163378,695363,985,249,563,0.186317,0.484255,1044,-1,ok,0,0,0,0,1043,1,1,0.631431,985,2845,3018,1,1.38537,985,7000,7526,7.73196,38613,985
2,276,469207,449288,2393,604,1267,0.405969,0.810865,2480,-1,ok,0,0,0,0,2479,1,1,1.5247,2395,7158,7770,1,3.16239,2393,17174,19185,13.938,73363,2393
2,277,621533,503471,384,97,241,0.124644,0.188302,395,-1,ok,0,0,0,0,394,1,1,0.253415,384,1010,1259,1,0.456904,384,2246,3027,0.922073,4835,384
2,278,584186,780781,627,158,223,0.080402,0.26745,654,-1,ok,0,0,0,0,653,1,1,0.315439,631,1694,1884,1,0.628755,629,3440,4383,3.83704,18390,627
2,279,537110,215501,1213,307,778,0.253564,0.497169,1276,-1,ok,0,0,0,0,1275,1,1,0.787983,1213,3558,3738,1,1.63582,1213,8496,9136,8.32717,41547,1213
2,280,552659,521369,42,11,36,0.015791,0.030686,47,-1,ok,0,0,0,0,46,1,1,0.028093,42,42,176,1,0.017965,42,42,512,0.014958,42,42
2,281,470354,521484,1808,457,1303,0.337491,0.671085,1883,-1,ok,0,0,0,0,1882,1,1,1.18575,1810,5251,5668,1,2.3617,1808,12233,13490,13.3566,67589,1808
2,282,779294,490035,423,107,487,0.132337,0.16617,446,-1,ok,0,0,0,0,445,1,1,0.172923,425,700,1440,1,0.251219,423,1240,3585,0.651598,3597,423
2,283,856695,383684,1735,439,1120,0.3534,0.713825,1798,-1,ok,0,0,0,0,1797,1,1,1.18574,1735,5019,5763,1,2.37982,1735,12118,14613,13.4762,66731,1735
2,284,856911,565634,2043,517,2926,0.649254,0.677947,2120,-1,ok,0,0,0,0,2119,1,1,1.32859,2043,6399,6634,1,2.81244,2043,15308,16046,14.5528,74365,2043
2,285,226029,617772,1109,281,777,0.218077,0.378508,1162,-1,ok,0,0,0,0,1161,1,1,0.599782,1109,3162,3452,1,1.42026,1109,7819,8672,7.71959,40961,1109
2,286,273528,498716,214,55,161,0.055924,0.077313,237,-1,ok,0,0,0,0,236,1,1,0.130294,214,504,663,1,0.203139,214,1040,1634,0.401551,2252,214
2,287,585019,659525,120,32,122,0.042678,0.070592,133,-1,ok,0,0,0,0,132,1,1,0.067134,120,164,429,1,0.074238,120,269,1038,0.170198,752,120
2,288,714688,746144,256,66,68,0.026159,0.128491,271,-1,ok,0,0,0,0,270,1,1,0.100628,256,544,805,1,0.198101,256,1144,1888,0.585263,3471,256
2,289,487154,401935,1115,281,343,0.181389,0.42807,1148,-1,ok,0,0,0,0,1147,1,1,0.723,1117,3013,3761,1,1.27507,1115,6795,9332,5.60444,29893,1115
2,290,558487,858169,252,65,236,0.06953,0.164978,281,-1,ok,0,0,0,0,280,1,1,0.207768,258,646,929,1,0.271037,258,1298,2122,0.554827,2917,252
2,291,574271,660088,2395,606,773,0.25668,0.871008,2494,-1,ok,0,0,0,0,2493,1,1,1.60313,2397,7118,7193,1,3.39085,2395,17478,17747,14.391,70720,2395
2,292,41143,546444,721,183,847,0.209601,0.377996,764,-1,ok,0,0,0,0,763,1,1,0.434742,721,1451,2197,1,0.718293,721,3269,5523,3.36101,18062,721
2,293,760001,646214,1715,434,855,0.274173,0.59361,1788,-1,ok,0,0,0,0,1787,1,1,1.03261,1717,5398,5635,1,2.36068,1715,13113,13774,13.2147,68484,1715
2,294,185761,377965,506,129,568,0.12317,0.158346,527,-1,ok,0,0,0,0,526,1,1,0.198561,506,1030,1502,1,0.445995,506,2423,3760,2.75907,15369,506
2,295,604576,736790,940,238,532,0.175348,0.439751,969,-1,ok,0,0,0,0,968,1,1,0.558234,940,2364,2512,1,1.03063,940,5760,6239,5.58226,29173,940
2,296,604356,279676,1122,283,668,0.182189,0.432549,1183,-1,ok,0,0,0,0,1182,1,1,0.649986,1122,3043,3412,1,1.44696,1122,7225,8446,7.06212,37132,1122
2,297,467430,178127,281,72,145,0.051046,0.128309,304,-1,ok,0,0,0,0,303,1,1,0.183413,281,708,916,1,0.327462,281,1504,2234,0.752427,4332,281
2,298,473402,701873,1457,370,1254,0.291714,0.50794,1516,-1,ok,0,0,0,0,1515,1,1,1.08771,1459,4474,4617,1,2.14786,1457,10522,11052,10.6686,54516,1457
2,299,546168,470167,91,24,133,0.061256,0.067044,102,-1,ok,0,0,0,0,101,1,1,0.072606,91,91,292,1,0.030586,91,91,754,0.024435,91,91
3,0,515417,637366,1801,228,228,0.140784,1.37065,2042,-1,ok,0,0,0,0,2041,1,1,2.41778,1803,9298,10366,1,3.60748,1801,19213,22455,12.0373,55476,1801
3,1,221578,683609,709,90,355,0.103303,0.382244,794,-1,ok,0,0,0,0,793,1,1,0.444813,709,2223,4122,1,0.885847,709,4815,10470,3.33697,17883,709
3,2,566063,455879,224,29,29,0.022079,0.151833,257,-1,ok,0,0,0,0,256,1,1,0.189815,228,642,1456,1,0.090278,224,392,4100,0.566379,2755,224
3,3,364509,251282,377,49,119,0.027502,0.20849,422,-1,ok,0,0,0,0,421,1,1,0.276195,377,1438,1731,1,0.542834,377,3320,4147,1.42935,7916,377
3,4,713214,541596,268,34,52,0.030376,0.194672,289,-1,ok,0,0,0,0,288,1,1,0.175287,268,301,1704,1,0.097723,268,303,3529,0.131706,281,268
3,5,708892,372109,865,112,226,0.057718,0.428582,990,-1,ok,0,0,0,0,989,1,1,0.996634,865,4346,4652,1,2.10451,865,10220,10848,7.82272,33055,865
3,6,549730,910635,485,63,63,0.039915,0.303828,540,-1,ok,0,0,0,0,539,1,1,0.499404,485,2062,2814,1,0.766182,485,3849,5346,2.5424,11505,485
3,7,428575,333335,686,88,164,0.043241,0.217876,789,-1,ok,0,0,0,0,788,1,1,0.602416,686,3160,3272,1,1.18594,686,6877,7326,3.51545,19844,686
3,8,103741,529812,1209,153,292,0.079938,0.588591,1346,-1,ok,0,0,0,0,1345,1,1,1.18574,1209,5849,6901,1,2.35877,1209,13262,16180,7.71723,40816,1209
3,9,504438,99296,1284,162,459,0.120235,0.457906,1413,-1,ok,0,0,0,0,1412,1,1,1.2661,1284,6444,7153,1,2.69364,1284,14819,16661,7.83871,40831,1284
3,10,503002,473385,659,84,197,0.073046,0.23028,706,-1,ok,0,0,0,0,705,1,1,0.524181,659,2680,4316,1,1.00713,659,5643,9913,3.4541,18056,659
3,11,594375,693937,1954,248,281,0.097773,0.877882,2207,-1,ok,0,0,0,0,2206,1,1,2.16767,1956,10809,11175,1,4.18231,1954,23212,24014,13.5172,67204,1954
3,12,184179,575147,1336,169,169,0.118051,0.715388,1505,-1,ok,0,0,0,0,1504,1,1,1.41952,1338,7722,7963,1,2.7699,1336,15169,15985,10.0006,51137,1336
3,13,84373,731343,822,104,465,0.115196,0.468374,933,-1,ok,0,0,0,0,932,1,1,0.613919,824,2463,4589,1,1.00267,824,4910,11134,4.39494,22213,822
3,14,533139,449475,806,103,349,0.085439,0.307636,941,-1,ok,0,0,0,0,940,1,1,0.650385,812,3689,3905,1,1.39318,812,8336,8826,4.57802,24850,806
3,15,800775,353868,725,92,247,0.071403,0.403545,754,-1,ok,0,0,0,0,753,1,1,0.578101,725,1650,2921,1,0.725736,725,3223,8143,0.905884,3662,725
3,16,580536,834346,1638,206,207,0.076082,0.756685,1821,-1,ok,0,0,0,0,1820,1,1,2.07934,1638,9268,9660,1,3.88574,1638,20158,20997,11.6831,56131,1638
3,17,705977,179642,451,58,63,0.057157,0.222126,494,-1,ok,0,0,0,0,493,1,1,0.567641,451,2481,2723,1,1.23886,451,5757,6906,2.46923,12349,451
3,18,591189,502974,573,73,140,0.044863,0.296664,606,-1,ok,0,0,0,0,605,1,1,0.485648,577,2490,3652,1,0.836774,573,5001,8264,2.95525,17174,573
3,19,696806,606078,410,53,93,0.027291,0.148749,449,-1,ok,0,0,0,0,448,1,1,0.261028,410,1532,2545,1,0.536784,410,3119,5449,1.91321,10136,410
3,20,649644,351270,898,114,305,0.072735,0.517097,1023,-1,ok,0,0,0,0,1022,1,1,0.831174,900,3657,5399,1,1.37024,898,7353,11022,5.6796,27816,898
3,21,364679,647787,786,100,100,0.044263,0.420357,903,-1,ok,0,0,0,0,902,1,1,0.586448,786,2948,4100,1,1.09939,786,6280,9652,4.67516,24119,786
3,22,236480,558798,1348,169,169,0.078416,0.670002,1515,-1,ok,0,0,0,0,1514,1,1,1.51678,1352,7916,8082,1,2.91094,1350,15735,16275,10.2384,51938,1348
3,23,429002,590281,593,77,77,0.043792,0.330195,656,-1,ok,0,0,0,0,655,1,1,0.584893,599,2569,3311,1,1.08046,599,5541,7047,2.87716,14142,593
3,24,732327,437963,2826,357,1074,0.241522,1.16379,3101,-1,ok,0,0,0,0,3100,1,1,3.26505,2828,14723,15985,1,6.1136,2826,32109,35427,15.1631,75758,2826
3,25,695045,573533,2638,333,1038,0.25768,1.13471,2885,-1,ok,0,0,0,0,2884,1,1,2.52365,2640,13557,14735,1,5.38462,2638,29325,32133,14.0072,70636,2638
3,26,653917,554134,819,105,373,0.10621,0.39724,946,-1,ok,0,0,0,0,945,1,1,0.58834,821,3476,4879,1,1.1185,819,6771,10186,4.08149,22528,819
3,27,591152,758487,1441,182,306,0.105467,0.565967,1632,-1,ok,0,0,0,0,1631,1,1,1.41847,1441,6973,8099,1,2.86645,1441,14889,17540,10.4331,54336,1441
3,28,530231,797885,2838,357,361,0.131796,1.3194,3115,-1,ok,0,0,0,0,3114,1,1,2.91309,2848,15023,15578,1,5.85488,2838,32601,34092,16.9784,87207,2838
3,29,461730,614781,2269,287,291,0.158357,1.20266,2532,-1,ok,0,0,0,0,2531,1,1,2.34755,2271,12506,13216,1,4.81379,2269,26794,28951,14.2359,73263,2269
3,30,444980,608103,2053,260,733,0.18779,1.04658,2302,-1,ok,0,0,0,0,2301,1,1,2.09841,2057,11154,11521,1,4.25743,2055,22951,23811,15.5557,77390,2053
3,31,625582,540051,1625,206,349,0.133589,0.829741,1798,-1,ok,0,0,0,0,1797,1,1,1.39964,1631,7176,8709,1,2.76932,1631,15835,20069,11.4254,58442,1625
3,32,525321,196202,1187,150,543,0.136245,0.557161,1308,-1,ok,0,0,0,0,1307,1,1,1.18039,1187,6262,6754,1,2.66046,1187,14651,16257,7.59196,39681,1187
3,33,478182,565842,1838,232,788,0.172011,0.858564,2059,-1,ok,0,0,0,0,2058,1,1,1.95791,1840,9276,10481,1,3.52946,1838,19357,22990,10.4959,54134,1838
3,34,537719,542421,274,36,78,0.04271,0.152134,309,-1,ok,0,0,0,0,308,1,1,0.264374,284,1346,1814,1,0.600894,284,3255,4340,0.923667,5199,274
3,35,606091,561377,46,6,9,0.00571,0.040466,59,-1,ok,0,0,0,0,58,1,1,0.028243,46,46,301,1,0.017282,46,46,797,0.018615,46,46
3,36,540484,237922,578,73,124,0.039333,0.289782,643,-1,ok,0,0,0,0,642,1,1,0.435314,578,2208,3011,1,0.970584,578,5212,7360,2.9131,14971,578
3,37,916340,481104,632,80,80,0.044533,0.355694,707,-1,ok,0,0,0,0,706,1,1,0.444301,634,2183,3661,1,0.817608,632,4239,7994,3.04546,14872,632
3,38,547698,473617,2323,294,1064,0.211845,0.90418,2576,-1,ok,0,0,0,0,2575,1,1,2.45057,2325,12018,13728,1,4.79741,2323,25755,30032,13.83,70722,2323
3,39,503531,560189,206,27,27,0.016671,0.127219,229,-1,ok,0,0,0,0,228,1,1,0.119524,206,469,1018,1,0.284441,206,1203,2663,0.885325,3507,206
3,40,528285,633179,2234,282,748,0.179316,0.948504,2487,-1,ok,0,0,0,0,2486,1,1,2.30865,2236,11911,12759,1,4.67051,2234,25564,27538,13.7731,70518,2234
3,41,528291,124629,1240,157,300,0.141745,0.50268,1377,-1,ok,0,0,0,0,1376,1,1,1.19776,1240,6238,6835,1,2.60991,1240,14238,15871,8.10882,40626,1240
3,42,218360,732318,1260,159,163,0.068017,0.633073,1347,-1,ok,0,0,0,0,1346,1,1,1.2638,1260,6492,6847,1,2.71266,1260,14744,15690,6.82432,36829,1260
3,43,673429,646337,1726,219,479,0.145572,0.890444,1957,-1,ok,0,0,0,0,1956,1,1,1.7439,1728,8295,10027,1,2.94107,1726,16346,21691,10.4595,53246,1726
3,44,677903,545932,2495,315,1025,0.223578,0.956087,2766,-1,ok,0,0,0,0,2765,1,1,2.46668,2497,13547,14088,1,4.98792,2495,28166,30327,14.9426,79377,2495
3,45,599861,473157,116,16,60,0.027171,0.103514,141,-1,ok,0,0,0,0,140,1,1,0.074829,116,116,916,1,0.031488,116,116,2520,0.053391,116,116
3,46,771679,448047,942,119,372,0.08588,0.414905,1087,-1,ok,0,0,0,0,1086,1,1,0.839549,948,4490,5266,1,1.58751,948,8765,10955,4.97133,26277,942
3,47,613652,373259,1541,194,366,0.104355,0.615771,1692,-1,ok,0,0,0,0,1691,1,1,1.64756,1547,8243,8737,1,3.1341,1547,17499,20586,12.0945,61879,1541
3,48,559115,582478,645,81,224,0.079097,0.331199,670,-1,ok,0,0,0,0,669,1,1,0.692024,647,3271,4030,1,1.09283,647,6199,8096,1.58772,8597,645
3,49,138045,605112,1531,194,547,0.135173,0.895415,1702,-1,ok,0,0,0,0,1701,1,1,2.01398,1535,9032,9342,1,3.54055,1533,18432,19053,12.0707,57282,1531
3,50,715274,544491,2277,288,294,0.117319,1.06188,2522,-1,ok,0,0,0,0,2521,1,1,2.4581,2279,12434,12715,1,4.69501,2277,26273,27704,15.2593,79200,2277
3,51,118518,621231,1297,164,584,0.148326,0.691193,1472,-1,ok,0,0,0,0,1471,1,1,1.26467,1299,6565,7632,1,2.42568,1297,13018,15570,9.40256,47326,1297
3,52,560125,876072,607,79,194,0.056977,0.27857,700,-1,ok,0,0,0,0,699,1,1,0.536963,609,2913,3480,1,1.11235,607,6011,7298,3.18154,17204,607
3,53,457330,549752,200,27,27,0.020398,0.119634,217,-1,ok,0,0,0,0,216,1,1,0.159448,200,629,1185,1,0.315359,200,1545,3035,0.675182,3599,200
3,54,185650,870115,627,78,138,0.044583,0.248374,732,-1,ok,0,0,0,0,731,1,1,0.781652,627,3512,3998,1,1.4798,627,6881,8351,2.50835,11572,627
3,55,519871,693835,2142,270,271,0.099977,0.861179,2387,-1,ok,0,0,0,0,2386,1,1,2.19057,2144,12108,12308,1,4.5922,2142,25994,26648,13.8182,73105,2142
3,56,140914,484062,1346,171,593,0.153858,0.593249,1535,-1,ok,0,0,0,0,1534,1,1,1.17581,1348,6543,8191,1,2.33044,1346,12952,17191,8.8264,47059,1346
3,57,630216,170691,1277,162,206,0.075601,0.452064,1448,-1,ok,0,0,0,0,1447,1,1,1.38946,1279,7081,7349,1,2.66657,1277,14192,14970,8.71947,42674,1277
3,58,686374,577768,450,57,154,0.049233,0.24072,479,-1,ok,0,0,0,0,478,1,1,0.32596,450,1592,2781,1,0.573832,450,3089,6082,2.7068,11733,450
3,59,625714,607337,2167,274,521,0.130634,0.759569,2426,-1,ok,0,0,0,0,2425,1,1,2.14964,2169,11754,12533,1,4.37441,2167,24845,26854,14.079,73254,2167
3,60,160386,877813,1001,125,126,0.078458,0.542564,1138,-1,ok,0,0,0,0,1137,1,1,1.19537,1001,5393,5967,1,2.27635,1001,11123,12541,4.92909,24866,1001
3,61,557207,713255,2128,270,389,0.13894,0.859848,2387,-1,ok,0,0,0,0,2386,1,1,2.11931,2130,11841,12286,1,4.40094,2128,24856,25920,13.6877,71776,2128
3,62,689095,577712,931,117,306,0.098976,0.441215,988,-1,ok,0,0,0,0,987,1,1,1.01602,931,4787,4993,1,1.87916,931,10419,11256,5.70672,27410,931
3,63,118518,543922,1546,195,479,0.12758,0.796709,1737,-1,ok,0,0,0,0,1736,1,1,1.7277,1554,8547,9051,1,3.20851,1552,16979,18153,10.9774,54964,1546
3,64,743230,714700,454,58,60,0.049532,0.22943,493,-1,ok,0,0,0,0,492,1,1,0.338522,454,1862,2507,1,0.657159,454,3775,5622,1.22755,7262,454
3,65,451281,500222,1729,219,584,0.136215,0.822176,1962,-1,ok,0,0,0,0,1961,1,1,1.74457,1731,8997,9975,1,3.31098,1729,18478,21468,10.5674,53341,1729
3,66,87326,638815,783,98,163,0.073638,0.376073,914,-1,ok,0,0,0,0,913,1,1,0.679441,783,2859,4157,1,1.22595,783,6427,10189,4.26848,21613,783
3,67,873089,178288,543,69,69,0.04237,0.300943,644,-1,ok,0,0,0,0,643,1,1,0.702734,543,2880,3795,1,1.32852,543,5814,8259,1.95028,8868,543
3,68,540231,698411,324,40,45,0.028864,0.188763,343,-1,ok,0,0,0,0,342,1,1,0.373898,324,1617,2027,1,0.859868,324,4103,5008,2.27058,11259,324
3,69,608054,502046,428,54,164,0.049372,0.255428,469,-1,ok,0,0,0,0,468,1,1,0.410597,434,1927,2185,1,0.778105,434,3985,5089,1.94342,9740,428
3,70,551981,134941,1142,145,149,0.056195,0.499794,1237,-1,ok,0,0,0,0,1236,1,1,1.21711,1142,5735,6206,1,2.44692,1142,12836,14544,7.86731,37155,1142
3,71,463217,908917,606,78,78,0.04727,0.341168,693,-1,ok,0,0,0,0,692,1,1,0.621471,608,2471,3551,1,0.943322,606,4645,7745,2.96044,15134,606
3,72,633916,540912,2768,349,812,0.181449,1.06596,3027,-1,ok,0,0,0,0,3026,1,1,3.023,2776,15179,15543,1,6.16946,2774,32489,33362,15.3753,78468,2768
3,73,797852,552425,1119,141,385,0.124162,0.504122,1172,-1,ok,0,0,0,0,1171,1,1,0.951038,1119,4608,5881,1,1.80991,1119,10248,13372,4.97139,25862,1119
3,74,746160,847884,1478,186,210,0.108253,0.768338,1639,-1,ok,0,0,0,0,1638,1,1,1.65148,1478,7824,8505,1,3.34007,1478,16971,18438,10.7195,53994,1478
3,75,759766,548195,703,92,234,0.070583,0.349934,818,-1,ok,0,0,0,0,817,1,1,0.56747,705,2837,4135,1,1.00497,703,5559,8807,3.06669,16496,703
3,76,413741,394099,778,98,102,0.056566,0.4651,841,-1,ok,0,0,0,0,840,1,1,0.716002,778,3274,4913,1,1.16523,778,7043,12064,3.7401,20512,778
3,77,913394,471896,1104,138,388,0.100518,0.633885,1251,-1,ok,0,0,0,0,1250,1,1,1.12484,1104,5393,6259,1,2.01454,1104,10779,13393,8.78975,44041,1104
3,78,652297,501706,101,13,13,0.009848,0.064691,106,-1,ok,0,0,0,0,105,1,1,0.050704,101,101,832,1,0.032492,101,101,2574,0.047319,101,101
3,79,528306,440834,2348,297,1121,0.24577,0.968631,2615,-1,ok,0,0,0,0,2614,1,1,2.34409,2350,12090,13790,1,4.89173,2348,26257,30648,13.9558,70725,2348
3,80,579216,344905,687,87,136,0.08605,0.380541,770,-1,ok,0,0,0,0,769,1,1,0.52998,687,2452,4401,1,0.856331,687,4763,10577,3.55986,18817,687
3,81,291425,565940,613,79,135,0.04856,0.31045,708,-1,ok,0,0,0,0,707,1,1,0.493331,619,2340,3098,1,0.922455,619,4958,7107,4.19128,22156,613
3,82,560203,166249,1334,169,428,0.104335,0.64705,1527,-1,ok,0,0,0,0,1526,1,1,1.39428,1336,6836,7899,1,2.58543,1334,13381,15939,7.68242,39639,1334
3,83,725367,601383,506,64,107,0.044393,0.239587,543,-1,ok,0,0,0,0,542,1,1,0.483924,506,2231,2952,1,0.798682,506,4523,6388,2.52709,13653,506
3,84,690950,626446,632,79,195,0.061184,0.280454,659,-1,ok,0,0,0,0,658,1,1,0.551581,632,2754,3438,1,0.944585,632,5588,7994,2.01372,11509,632
3,85,885107,623720,1723,217,221,0.089116,0.698236,1910,-1,ok,0,0,0,0,1909,1,1,1.82553,1723,9413,10010,1,3.59969,1723,20060,21753,13.6459,69467,1723
3,86,452862,582210,1864,236,236,0.109875,0.779948,2107,-1,ok,0,0,0,0,2106,1,1,1.91596,1866,10039,10741,1,3.88419,1864,21437,23836,10.4985,55382,1864
3,87,643668,475109,189,24,82,0.02715,0.116327,208,-1,ok,0,0,0,0,207,1,1,0.062738,189,189,1419,1,0.060772,189,206,3363,0.073187,189,189
3,88,72436,674500,1030,130,219,0.0689,0.466913,1145,-1,ok,0,0,0,0,1144,1,1,1.14876,1030,5401,5687,1,2.38753,1030,12483,13214,7.36477,37614,1030
3,89,868641,853704,37,5,9,0.007274,0.03742,54,-1,ok,0,0,0,0,53,1,1,0.024436,37,37,259,1,0.009366,37,38,759,0.011051,37,37
3,90,644709,548157,2038,258,993,0.186118,1.00772,2293,-1,ok,0,0,0,0,2292,1,1,2.24828,2048,11546,11761,1,4.10567,2038,21973,25343,14.0215,70826,2038
3,91,582005,373594,1217,157,315,0.113713,0.55093,1368,-1,ok,0,0,0,0,1367,1,1,1.35074,1217,6577,6869,1,2.78599,1217,14758,15338,9.314,45309,1217
3,92,677416,621320,2042,258,753,0.163746,0.666114,2255,-1,ok,0,0,0,0,2254,1,1,2.07028,2044,11083,11653,1,4.33584,2042,23862,25269,13.4943,70315,2042
3,93,705859,580720,219,29,30,0.033804,0.075781,234,-1,ok,0,0,0,0,233,1,1,0.092522,219,389,1460,1,0.12818,219,644,3219,0.260847,1257,219
3,94,431412,580719,607,77,78,0.035377,0.230952,630,-1,ok,0,0,0,0,629,1,1,0.545891,607,2867,3939,1,1.21958,607,6467,9032,3.37385,17721,607
3,95,437348,552419,661,84,314,0.077534,0.275866,688,-1,ok,0,0,0,0,687,1,1,0.63188,661,3002,4334,1,1.23769,661,7140,10501,3.11662,18299,661
3,96,758271,503460,743,95,240,0.066434,0.381143,826,-1,ok,0,0,0,0,825,1,1,0.588631,745,2872,4327,1,0.984871,743,5594,9383,3.50466,18490,743
3,97,868701,479347,1176,150,418,0.139029,0.663921,1343,-1,ok,0,0,0,0,1342,1,1,1.2999,1176,5889,6818,1,2.20522,1176,11732,14553,9.10288,45874,1176
3,98,562097,501182,3169,400,1545,0.317985,1.1984,3438,-1,ok,0,0,0,0,3437,1,1,3.15232,3173,16081,17892,1,5.94728,3171,32862,38196,14.199,74431,3169
3,99,278199,257290,49,8,8,0.007404,0.054662,78,-1,ok,0,0,0,0,77,1,1,0.043641,49,49,407,1,0.013215,49,49,1025,0.013415,49,49
3,100,570049,534288,47,7,22,0.012605,0.059953,74,-1,ok,0,0,0,0,73,1,1,0.027882,47,47,448,1,0.0159,47,47,1216,0.020077,47,47
3,101,541954,728137,425,55,121,0.036098,0.229549,444,-1,ok,0,0,0,0,443,1,1,0.413363,425,2083,2638,1,0.788886,425,4354,5681,1.99686,10772,425
3,102,215378,85837,389,48,72,0.028622,0.236823,458,-1,ok,0,0,0,0,457,1,1,0.34289,389,1681,1977,1,0.613998,389,3470,4753,0.935519,5539,389
3,103,589928,544726,2226,282,515,0.153076,1.01518,2497,-1,ok,0,0,0,0,2496,1,1,2.32372,2228,12338,13043,1,4.6223,2226,26053,28248,14.3693,73866,2226
3,104,541522,549453,805,101,292,0.089466,0.368598,838,-1,ok,0,0,0,0,837,1,1,0.601555,805,3188,4468,1,1.17616,805,6867,10012,4.61409,23643,805
3,105,502684,483770,978,123,430,0.098433,0.312273,1035,-1,ok,0,0,0,0,1034,1,1,0.843887,978,5048,5331,1,1.89866,978,11632,12104,5.28737,30698,978
3,106,185739,464682,1225,156,548,0.1286,0.796459,1410,-1,ok,0,0,0,0,1409,1,1,1.23538,1227,5957,7719,1,2.35202,1225,12171,16504,8.85819,44382,1225
3,107,564997,595611,2276,286,948,0.206998,1.08384,2531,-1,ok,0,0,0,0,2530,1,1,2.48805,2280,12654,12750,1,4.66975,2278,26007,26488,10.9782,58396,2276
3,108,589155,636201,2476,312,316,0.138439,1.15407,2715,-1,ok,0,0,0,0,2714,1,1,2.70964,2478,13231,13813,1,5.34901,2476,28575,29985,14.149,70451,2476
3,109,531285,901687,2128,267,272,0.139831,1.02464,2343,-1,ok,0,0,0,0,2342,1,1,2.26697,2128,11465,12182,1,4.75262,2128,25021,26749,13.5875,68196,2128
3,110,732706,576220,224,28,81,0.02697,0.11825,245,-1,ok,0,0,0,0,244,1,1,0.218409,224,1092,1296,1,0.357457,224,2059,2894,0.606004,3123,224
3,111,109733,638731,1000,128,284,0.076323,0.568903,1141,-1,ok,0,0,0,0,1140,1,1,0.916233,1000,4679,5492,1,1.99735,1000,10752,12318,6.58787,35200,1000
3,112,662568,191645,835,107,108,0.045966,0.324025,918,-1,ok,0,0,0,0,917,1,1,0.793483,835,4212,4591,1,1.76608,835,9467,10545,7.30886,33636,835
3,113,374965,759941,1238,156,285,0.0856,0.505985,1415,-1,ok,0,0,0,0,1414,1,1,1.27963,1238,5929,6927,1,2.42428,1238,12273,14595,8.34289,43838,1238
3,114,719164,27693,1169,149,150,0.061385,0.407822,1310,-1,ok,0,0,0,0,1309,1,1,1.25674,1169,6262,6619,1,2.71097,1169,14229,15345,8.11679,40737,1169
3,115,752294,934231,163,21,81,0.021511,0.108813,180,-1,ok,0,0,0,0,179,1,1,0.231582,163,956,1075,1,0.328644,163,1527,2612,0.330167,1566,163
3,116,655535,844782,573,75,128,0.034954,0.308206,682,-1,ok,0,0,0,0,681,1,1,0.542844,575,2613,3217,1,0.958802,573,5206,6711,3.29099,16115,573
3,117,474798,607811,1695,215,753,0.143359,0.665995,1934,-1,ok,0,0,0,0,1933,1,1,1.63036,1697,8373,9557,1,3.12307,1695,17235,19978,12.389,63777,1695
3,118,913321,352359,1830,231,349,0.128509,0.935649,2077,-1,ok,0,0,0,0,2076,1,1,1.96184,1836,9066,10953,1,3.58354,1836,19310,25022,13.4964,67065,1830
3,119,458475,638815,192,25,45,0.039003,0.110456,215,-1,ok,0,0,0,0,214,1,1,0.078846,192,192,1469,1,0.068859,192,194,3826,0.180007,941,192
3,120,185587,899904,797,101,373,0.078647,0.386272,944,-1,ok,0,0,0,0,943,1,1,0.870597,803,4023,4746,1,1.67879,803,8147,10028,6.1242,28653,797
3,121,660993,722496,1439,182,350,0.090188,0.50761,1578,-1,ok,0,0,0,0,1577,1,1,1.16201,1445,6531,8268,1,2.47519,1445,14355,18076,9.38641,49024,1439
3,122,587664,590978,396,50,191,0.059732,0.174828,411,-1,ok,0,0,0,0,410,1,1,0.246661,396,1112,2366,1,0.444491,396,2270,5821,0.499424,2903,396
3,123,227425,627948,1391,176,409,0.089526,0.592187,1498,-1,ok,0,0,0,0,1497,1,1,1.2449,1391,6911,7541,1,2.6928,1391,15277,17439,9.4228,48375,1391
3,124,404568,507174,380,48,121,0.045415,0.200174,401,-1,ok,0,0,0,0,400,1,1,0.279894,380,1079,1203,1,0.427909,380,2252,4292,0.81829,4446,380
3,125,234885,555140,1077,136,140,0.050073,0.3642,1178,-1,ok,0,0,0,0,1177,1,1,0.892288,1077,5077,6066,1,1.94812,1077,11389,14465,7.49681,38485,1077
3,126,379198,738927,1657,209,291,0.089929,0.702965,1836,-1,ok,0,0,0,0,1835,1,1,1.743,1657,8198,9911,1,3.53035,1657,19054,22612,9.60887,50465,1657
3,127,516377,549670,2291,289,1007,0.214831,0.855861,2538,-1,ok,0,0,0,0,2537,1,1,2.42055,2293,12088,13435,1,4.85188,2291,26383,29744,13.253,70659,2291
3,128,346621,479141,772,98,451,0.125414,0.378356,845,-1,ok,0,0,0,0,844,1,1,0.76998,772,4226,4800,1,1.56706,772,9302,10995,4.43253,23874,772
3,129,380939,508659,970,123,476,0.097212,0.340557,1039,-1,ok,0,0,0,0,1038,1,1,0.678097,970,3641,5341,1,1.27526,970,7611,12564,3.57755,20262,970
3,130,549667,582479,32,4,6,0.005791,0.035155,39,-1,ok,0,0,0,0,38,1,1,0.028683,32,32,256,1,0.009077,32,32,832,0.017683,32,32
3,131,231944,556389,1377,174,178,0.055915,0.44882,1496,-1,ok,0,0,0,0,1495,1,1,1.25242,1377,7065,7385,1,2.69043,1377,15657,17038,9.02058,47464,1377
3,132,444980,143997,639,81,81,0.038753,0.323014,742,-1,ok,0,0,0,0,741,1,1,0.481169,639,2674,3142,1,1.01568,639,5792,7211,2.56247,14571,639
3,133,553121,561095,2824,356,624,0.19315,1.1736,3099,-1,ok,0,0,0,0,3098,1,1,3.14586,2828,15497,16319,1,5.73193,2826,32022,34412,14.0831,73309,2824
3,134,557186,599599,2595,328,1104,0.341858,1.20983,2862,-1,ok,0,0,0,0,2861,1,1,2.53904,2597,14056,14685,1,5.23973,2595,29556,31755,15.2126,80846,2595
3,135,752223,476482,939,119,186,0.098684,0.587768,1062,-1,ok,0,0,0,0,1061,1,1,0.927062,945,4581,5003,1,2.00707,945,10664,11924,4.7703,25957,939
3,136,668229,470670,2659,335,339,0.152545,1.15144,2914,-1,ok,0,0,0,0,2913,1,1,2.78644,2661,13490,15016,1,5.44348,2659,29068,32969,13.767,70689,2659
3,137,328875,564452,195,27,46,0.035717,0.173965,252,-1,ok,0,0,0,0,251,1,1,0.12311,195,414,1128,1,0.147446,195,656,2634,0.178914,898,195
3,138,642157,729840,1731,219,946,0.233727,1.03077,1960,-1,ok,0,0,0,0,1959,1,1,1.38717,1733,7961,9989,1,2.71112,1731,15768,21745,10.1142,53712,1731
3,139,90305,752572,987,124,320,0.089428,0.537315,1140,-1,ok,0,0,0,0,1139,1,1,1.17247,989,5198,6003,1,2.05734,987,9698,12879,4.08432,21023,987
3,140,540469,868590,1095,139,513,0.106369,0.462895,1286,-1,ok,0,0,0,0,1285,1,1,1.17503,1101,5571,6178,1,2.34355,1101,12070,13676,7.72475,38391,1095
3,141,554237,542468,341,44,93,0.02643,0.206598,370,-1,ok,0,0,0,0,369,1,1,0.350505,343,1508,1831,1,0.509532,343,2905,3721,1.19736,5867,341
3,142,552875,544670,2521,318,557,0.148327,1.11157,2802,-1,ok,0,0,0,0,2801,1,1,2.56353,2525,13491,14456,1,4.95614,2523,28024,30580,13.7766,73344,2521
3,143,489779,135045,582,74,79,0.068087,0.324216,697,-1,ok,0,0,0,0,696,1,1,0.496227,582,2514,2925,1,1.02709,582,5634,7059,2.82298,15398,582
3,144,684986,321427,899,114,115,0.048912,0.369601,998,-1,ok,0,0,0,0,997,1,1,0.751916,899,3839,4822,1,1.71385,899,8675,11101,7.29953,34162,899
3,145,551199,39629,1264,160,160,0.083206,0.640047,1433,-1,ok,0,0,0,0,1432,1,1,1.64423,1266,7684,8005,1,2.97122,1264,14915,16919,8.54359,39964,1264
3,146,161784,518507,1403,178,483,0.1174,0.644815,1598,-1,ok,0,0,0,0,1597,1,1,1.31541,1405,7198,8310,1,2.59033,1403,14280,16666,9.80414,50296,1403
3,147,916310,555655,611,78,78,0.040757,0.183273,696,-1,ok,0,0,0,0,695,1,1,0.475009,613,2328,3492,1,0.92572,611,4747,7576,2.61168,14115,611
3,148,358724,558670,1036,132,132,0.050625,0.28848,1177,-1,ok,0,0,0,0,1176,1,1,0.999148,1038,5824,6344,1,2.02921,1036,11523,12766,7.57605,39297,1036
3,149,491303,659590,417,53,80,0.039053,0.223949,430,-1,ok,0,0,0,0,429,1,1,0.549016,417,2392,2647,1,1.01274,417,5165,5941,2.34532,13217,417
3,150,551910,879052,1906,240,683,0.143057,0.754381,2095,-1,ok,0,0,0,0,2094,1,1,2.25726,1912,10147,10738,1,4.34803,1912,22115,23817,11.1264,55146,1906
3,151,548928,513895,2545,321,1007,0.218859,0.820475,2794,-1,ok,0,0,0,0,2793,1,1,2.45968,2547,13019,14479,1,5.15817,2545,27856,31586,13.4023,70674,2545
3,152,544907,516738,841,107,181,0.079178,0.423241,980,-1,ok,0,0,0,0,979,1,1,0.640578,847,3561,4113,1,1.42085,847,7963,9621,4.86328,25710,841
3,153,596621,550078,3073,387,396,0.151663,1.0592,3338,-1,ok,0,0,0,0,3337,1,1,3.15355,3077,16218,17378,1,6.43921,3075,34577,36949,17.0796,87684,3073
3,154,457377,679268,965,123,123,0.113753,0.562441,1098,-1,ok,0,0,0,0,1097,1,1,0.99528,971,5442,5663,1,2.13834,965,11905,12536,4.92999,27753,965
3,155,888007,738901,148,18,21,0.009508,0.079339,181,-1,ok,0,0,0,0,180,1,1,0.171752,148,869,994,1,0.338213,148,1865,2344,0.606013,3181,148
3,156,557446,245356,1550,195,231,0.0916,0.605262,1723,-1,ok,0,0,0,0,1722,1,1,1.64911,1554,8599,9158,1,3.14221,1552,17103,18498,7.32725,40658,1550
3,157,269058,233403,285,36,51,0.039573,0.186166,320,-1,ok,0,0,0,0,319,1,1,0.221043,285,816,1356,1,0.291766,285,1717,3175,0.661426,3379,285
3,158,561143,482354,629,80,269,0.07447,0.366185,656,-1,ok,0,0,0,0,655,1,1,0.565277,629,2335,3905,1,0.879092,629,4674,8730,3.90166,17927,629
3,159,476616,512534,204,27,60,0.028724,0.150231,259,-1,ok,0,0,0,0,258,1,1,0.164408,204,723,1149,1,0.281416,204,1530,2715,1.09109,6051,204
3,160,651112,289929,1373,174,447,0.099796,0.572059,1564,-1,ok,0,0,0,0,1563,1,1,1.44385,1375,7072,7749,1,2.64387,1373,14072,16023,8.70627,45876,1373
3,161,728484,372110,264,34,67,0.033664,0.101318,283,-1,ok,0,0,0,0,282,1,1,0.099506,264,279,1965,1,0.10706,264,294,3855,0.095909,309,264
3,162,569402,643340,2200,278,278,0.107872,0.764859,2465,-1,ok,0,0,0,0,2464,1,1,2.12284,2204,11528,12539,1,4.09057,2202,23311,26493,9.98773,55450,2200
3,163,148333,409238,245,33,84,0.021189,0.141314,292,-1,ok,0,0,0,0,291,1,1,0.156432,245,598,1017,1,0.221334,245,1104,2680,0.267981,1531,245
3,164,464750,373454,1640,209,356,0.103994,0.538507,1861,-1,ok,0,0,0,0,1860,1,1,1.60982,1642,8916,9307,1,3.37807,1640,18693,20185,9.44127,51643,1640
3,165,355695,858397,800,101,115,0.063119,0.461863,897,-1,ok,0,0,0,0,896,1,1,0.941191,800,4460,4901,1,1.73423,800,8707,9875,3.38286,18252,800
3,166,671610,490121,1975,250,796,0.198069,0.784686,2204,-1,ok,0,0,0,0,2203,1,1,2.16164,1977,11020,11390,1,4.41839,1975,23754,25145,16.3353,76395,1975
3,167,620032,817899,1017,131,425,0.126056,0.424113,1146,-1,ok,0,0,0,0,1145,1,1,0.868775,1021,4920,5809,1,1.6585,1019,9618,11839,5.26981,27881,1017
3,168,475138,561483,915,116,262,0.069399,0.315268,1028,-1,ok,0,0,0,0,1027,1,1,0.799724,917,4770,5502,1,1.76727,915,10054,11557,5.39985,30334,915
3,169,677523,564943,2418,306,307,0.117058,0.990731,2671,-1,ok,0,0,0,0,2670,1,1,2.66075,2422,13003,13861,1,5.07293,2420,27254,29062,17.68,84521,2418
3,170,547139,894242,1009,130,253,0.095668,0.468355,1124,-1,ok,0,0,0,0,1123,1,1,1.02198,1011,5402,5747,1,1.85029,1011,10421,11276,3.48852,19650,1009
3,171,513656,703356,1488,190,412,0.132358,0.725255,1675,-1,ok,0,0,0,0,1674,1,1,1.69552,1490,8083,8271,1,3.21806,1488,16777,17353,11.8358,57709,1488
3,172,561653,646343,1780,225,681,0.154439,0.818391,1999,-1,ok,0,0,0,0,1998,1,1,1.49372,1782,8573,10282,1,2.93329,1780,17031,22330,9.91163,53602,1780
3,173,452860,580211,2703,341,1269,0.285724,1.0255,2974,-1,ok,0,0,0,0,2973,1,1,2.9081,2705,14839,15396,1,5.79637,2703,31990,34001,15.0683,80816,2703
3,174,457346,589806,992,126,126,0.089576,0.467303,1113,-1,ok,0,0,0,0,1112,1,1,0.969913,994,5334,5964,1,2.06195,992,11603,13020,5.55131,29685,992
3,175,125970,564306,414,54,111,0.05298,0.340256,503,-1,ok,0,0,0,0,502,1,1,0.308367,414,1352,2044,1,0.606073,414,2947,5123,1.16021,5306,414
3,176,432903,536123,1450,183,300,0.09124,0.778145,1593,-1,ok,0,0,0,0,1592,1,1,1.59428,1456,7491,8099,1,3.18278,1456,17087,18897,9.90199,48138,1450
3,177,586708,335970,692,88,223,0.073377,0.396362,725,-1,ok,0,0,0,0,724,1,1,0.541212,692,2664,4665,1,0.951218,692,5262,11466,3.47819,19204,692
3,178,127595,700137,422,53,53,0.034795,0.303718,471,-1,ok,0,0,0,0,470,1,1,0.442758,422,1463,3126,1,0.773485,422,3143,6702,0.928436,4133,422
3,179,538665,123021,1064,135,364,0.080149,0.44333,1155,-1,ok,0,0,0,0,1154,1,1,1.06817,1064,5394,5977,1,2.12525,1064,11602,13450,6.43446,34570,1064
3,180,352712,882018,430,55,188,0.044314,0.263552,517,-1,ok,0,0,0,0,516,1,1,0.651618,436,2301,2930,1,0.994018,436,4335,6038,1.25678,5526,430
3,181,570105,642882,409,50,66,0.028352,0.187572,418,-1,ok,0,0,0,0,417,1,1,0.382525,409,1968,2229,1,0.804394,409,4742,5628,1.71869,10197,409
3,182,236454,64964,158,20,31,0.032981,0.11214,191,-1,ok,0,0,0,0,190,1,1,0.217346,158,854,1101,1,0.400087,158,2056,2862,0.652299,3096,158
3,183,547182,801522,1262,161,311,0.088735,0.616953,1391,-1,ok,0,0,0,0,1390,1,1,1.41448,1266,6238,7093,1,2.31047,1264,12502,14470,5.52862,28573,1262
3,184,684920,553657,177,22,64,0.020067,0.112942,192,-1,ok,0,0,0,0,191,1,1,0.091501,177,219,1214,1,0.090689,177,344,3115,0.174125,670,177
3,185,552875,351270,1255,158,390,0.100597,0.437058,1402,-1,ok,0,0,0,0,1401,1,1,1.0934,1259,5897,7639,1,2.00305,1257,11557,15226,6.24592,34338,1255
3,186,492765,584268,2039,257,828,0.178211,0.93637,2278,-1,ok,0,0,0,0,2277,1,1,2.24434,2043,11031,11572,1,4.33313,2041,22884,24010,16.822,80673,2039
3,187,155792,743182,560,72,106,0.062126,0.371875,615,-1,ok,0,0,0,0,614,1,1,0.40113,560,1446,2988,1,0.597127,560,2899,7391,1.28514,5800,560
3,188,433249,556063,1470,186,186,0.091801,0.581057,1601,-1,ok,0,0,0,0,1600,1,1,1.31,1474,7517,8852,1,2.64312,1472,14954,17695,10.8596,53381,1470
3,189,675909,548947,322,41,41,0.03284,0.16008,343,-1,ok,0,0,0,0,342,1,1,0.327633,322,1400,1638,1,0.500937,322,2530,3763,0.586155,3084,322
3,190,801727,652069,1904,240,452,0.12308,0.865077,2131,-1,ok,0,0,0,0,2130,1,1,2.0753,1904,10371,10933,1,3.98468,1904,22208,23599,14.0304,72405,1904
3,191,424436,194685,1235,156,343,0.131976,0.57212,1408,-1,ok,0,0,0,0,1407,1,1,1.44704,1237,6874,7585,1,2.85148,1235,14216,16392,7.49896,36924,1235
3,192,568596,520838,78,11,36,0.019516,0.06983,103,-1,ok,0,0,0,0,102,1,1,0.047589,78,78,682,1,0.028784,78,78,1951,0.034394,78,78
3,193,537052,487130,2582,325,746,0.168564,1.13221,2829,-1,ok,0,0,0,0,2828,1,1,2.77345,2584,14317,14578,1,5.7759,2582,31092,32247,15.7672,77015,2582
3,194,287117,597610,1357,171,206,0.108763,0.665554,1512,-1,ok,0,0,0,0,1511,1,1,1.35058,1361,7537,8036,1,2.68637,1359,15037,16306,10.3971,53827,1357
3,195,734217,369103,902,115,312,0.094366,0.501878,1035,-1,ok,0,0,0,0,1034,1,1,0.990041,902,4498,4688,1,2.05213,902,10300,11002,7.97618,37832,902
3,196,609326,594424,18,4,5,0.004359,0.031088,43,-1,ok,0,0,0,0,42,1,1,0.01642,18,18,240,1,0.006092,18,18,636,0.007244,18,18
3,197,555356,373478,150,19,29,0.01084,0.068507,175,-1,ok,0,0,0,0,174,1,1,0.114093,150,449,907,1,0.178815,150,800,2355,0.190786,955,150
3,198,538782,596393,2887,364,365,0.126757,0.970414,3150,-1,ok,0,0,0,0,3149,1,1,3.11631,2891,15879,16938,1,6.27465,2889,33234,35422,17.643,90119,2887
3,199,853804,764242,234,31,58,0.053732,0.133058,245,-1,ok,0,0,0,0,244,1,1,0.105777,234,498,1470,1,0.153397,234,866,3079,0.208389,1221,234
3,200,546144,731449,1563,198,278,0.114494,0.825383,1724,-1,ok,0,0,0,0,1723,1,1,1.5264,1563,7225,9033,1,2.92149,1563,15801,19661,9.69143,49057,1563
3,201,546580,470520,70,10,22,0.011041,0.064251,85,-1,ok,0,0,0,0,84,1,1,0.046867,70,70,514,1,0.029495,70,70,978,0.033462,70,70
3,202,587180,610058,2820,356,871,0.218958,1.33071,3097,-1,ok,0,0,0,0,3096,1,1,2.90545,2824,15398,15978,1,5.67335,2822,32165,34160,15.4085,80831,2820
3,203,554148,555672,34,5,5,0.006792,0.035346,47,-1,ok,0,0,0,0,46,1,1,0.03712,34,34,320,1,0.009328,34,34,1088,0.008835,34,34
3,204,618603,576023,2630,332,606,0.205615,1.22309,2897,-1,ok,0,0,0,0,2896,1,1,2.6023,2634,14322,15205,1,5.24829,2632,29803,32170,14.2186,73278,2630
3,205,111185,663982,1131,143,147,0.091641,0.562633,1290,-1,ok,0,0,0,0,1289,1,1,1.07896,1131,5616,6130,1,2.39911,1131,12841,14236,7.76627,40593,1131
3,206,558415,519079,908,115,379,0.104595,0.380802,959,-1,ok,0,0,0,0,958,1,1,0.573311,908,3049,4839,1,1.01203,908,5983,11307,3.12655,18460,908
3,207,273703,668225,1512,191,297,0.082845,0.440723,1627,-1,ok,0,0,0,0,1626,1,1,1.41313,1512,7674,8055,1,3.00412,1512,17324,18555,10.4791,54992,1512
3,208,342313,675920,1135,144,286,0.084549,0.361617,1258,-1,ok,0,0,0,0,1257,1,1,1.02891,1135,5752,6229,1,2.25343,1135,12793,14103,8.55455,43864,1135
3,209,455838,475237,29,4,5,0.004737,0.038372,46,-1,ok,0,0,0,0,45,1,1,0.031398,29,29,227,1,0.007084,29,29,689,0.020267,29,29
3,210,407548,553070,2852,359,360,0.12298,1.34257,3099,-1,ok,0,0,0,0,3098,1,1,3.35043,2856,15427,16707,1,6.51223,2854,33097,35723,17.3443,87342,2852
3,211,504813,914851,324,41,88,0.070411,0.317132,391,-1,ok,0,0,0,0,390,1,1,0.287648,324,1250,1956,1,0.567211,324,2823,4676,0.702803,3703,324
3,212,547561,230431,1222,156,170,0.078096,0.630369,1331,-1,ok,0,0,0,0,1330,1,1,1.19212,1222,6037,6656,1,2.54049,1222,13714,15278,8.66124,41512,1222
3,213,466238,312299,1571,199,667,0.170509,0.812259,1760,-1,ok,0,0,0,0,1759,1,1,1.72213,1573,8600,9048,1,3.34777,1571,18024,19398,9.60894,48789,1571
3,214,234897,536226,1213,154,566,0.124283,0.603288,1408,-1,ok,0,0,0,0,1407,1,1,1.2618,1223,7062,7364,1,2.08984,1213,11862,15316,8.98186,45493,1213
3,215,580756,561650,1750,221,221,0.096068,0.628845,1965,-1,ok,0,0,0,0,1964,1,1,1.77076,1752,9451,9912,1,3.62281,1750,19851,20981,14.2422,69389,1750
3,216,744886,554466,1138,145,521,0.119162,0.391882,1257,-1,ok,0,0,0,0,1256,1,1,1.04785,1142,5738,6472,1,2.07959,1140,11733,13112,7.18216,36805,1138
3,217,864144,644857,1147,146,535,0.122057,0.581057,1316,-1,ok,0,0,0,0,1315,1,1,0.963491,1153,5085,6753,1,1.78301,1153,10247,15066,8.2628,41653,1147
3,218,155929,549165,1194,151,289,0.08537,0.5396,1327,-1,ok,0,0,0,0,1326,1,1,1.22439,1194,5652,6528,1,2.29353,1194,12617,15189,8.09795,40836,1194
3,219,734340,664355,1063,134,134,0.060793,0.512818,1176,-1,ok,0,0,0,0,1175,1,1,0.937632,1063,4879,6291,1,2.0157,1063,11106,14261,6.57513,34008,1063
3,220,483567,570424,1455,183,187,0.071284,0.534439,1604,-1,ok,0,0,0,0,1603,1,1,1.39835,1455,7485,8395,1,3.05548,1455,17040,19273,9.60816,48921,1455
3,221,639206,652049,2073,262,266,0.103803,0.885776,2314,-1,ok,0,0,0,0,2313,1,1,2.17354,2075,11188,11722,1,4.25722,2073,23863,25340,14.559,73262,2073
3,222,93334,537056,1452,183,187,0.0901,0.567671,1593,-1,ok,0,0,0,0,1592,1,1,1.20233,1452,6225,7742,1,2.37558,1452,13490,17744,7.54662,41025,1452
3,223,603581,431982,437,56,174,0.068277,0.276868,474,-1,ok,0,0,0,0,473,1,1,0.447176,443,1810,2421,1,0.756012,443,3754,5562,1.54385,7661,437
3,224,439095,658592,1491,188,188,0.079309,0.749881,1688,-1,ok,0,0,0,0,1687,1,1,1.7303,1493,7721,8152,1,3.10648,1491,16089,17105,11.8474,60308,1491
3,225,814923,899971,128,18,21,0.012503,0.067807,165,-1,ok,0,0,0,0,164,1,1,0.130023,128,681,877,1,0.26738,128,1444,2008,0.488965,2672,128
3,226,498998,590659,2587,327,1106,0.225571,1.11991,2864,-1,ok,0,0,0,0,2863,1,1,2.68624,2589,14184,14761,1,5.34919,2587,30284,32304,15.3254,80834,2587
3,227,559098,530053,2275,287,892,0.225772,1.00623,2514,-1,ok,0,0,0,0,2513,1,1,2.24509,2279,11987,13144,1,4.22429,2277,23727,27100,10.1627,53898,2275
3,228,549050,87356,1368,172,327,0.123801,0.726829,1505,-1,ok,0,0,0,0,1504,1,1,1.40651,1368,6627,7332,1,2.90681,1368,14961,16938,9.51144,43802,1368
3,229,507967,791931,2780,351,610,0.207086,1.24276,3043,-1,ok,0,0,0,0,3042,1,1,2.8697,2782,14869,15437,1,5.83387,2780,32202,33645,17.1453,87192,2780
3,230,403304,932996,1476,185,204,0.11215,0.852273,1651,-1,ok,0,0,0,0,1650,1,1,1.51532,1476,7231,8088,1,2.93381,1476,14801,16748,9.5374,48724,1476
3,231,779288,400102,1980,248,759,0.182251,0.889152,2177,-1,ok,0,0,0,0,2176,1,1,2.25593,1980,11277,11688,1,4.28687,1980,23694,25727,14.9856,75230,1980
3,232,115537,717680,835,108,273,0.096861,0.338293,928,-1,ok,0,0,0,0,927,1,1,0.773425,835,3948,4720,1,1.69063,835,8877,10807,3.99924,21113,835
3,233,625715,531035,2478,313,1016,0.203189,0.845631,2747,-1,ok,0,0,0,0,2746,1,1,2.60295,2480,12097,13722,1,4.42861,2478,25188,30069,14.1118,73695,2478
3,234,12779,392632,1393,176,384,0.14967,0.643122,1536,-1,ok,0,0,0,0,1535,1,1,1.29498,1393,6441,8164,1,2.58877,1393,14522,19413,7.46582,40916,1393
3,235,491073,550893,600,75,83,0.04359,0.294752,655,-1,ok,0,0,0,0,654,1,1,0.659041,600,3392,3711,1,1.26566,600,7101,8376,4.2092,19518,600
3,236,544640,612058,608,77,184,0.046136,0.230893,643,-1,ok,0,0,0,0,642,1,1,0.460721,608,2546,3609,1,0.864787,608,5188,7672,2.99796,17730,608
3,237,349394,221491,1219,154,155,0.060493,0.505055,1310,-1,ok,0,0,0,0,1309,1,1,1.17861,1219,6549,7107,1,2.69846,1219,15355,16856,6.88145,37230,1219
3,238,643343,800035,1098,138,138,0.065824,0.534089,1251,-1,ok,0,0,0,0,1250,1,1,1.31466,1098,5965,6341,1,2.6072,1098,13262,14178,8.12171,41464,1098
3,239,466292,494384,1056,133,133,0.072886,0.560558,1173,-1,ok,0,0,0,0,1172,1,1,1.15419,1058,5358,6405,1,2.12028,1056,11676,14180,5.86862,30097,1056
3,240,263294,711941,727,92,412,0.098505,0.435835,812,-1,ok,0,0,0,0,811,1,1,0.468075,727,2212,4204,1,0.789767,727,4326,10150,3.91589,19914,727
3,241,540708,407534,2386,301,541,0.149269,0.968179,2657,-1,ok,0,0,0,0,2656,1,1,2.42454,2396,12418,14079,1,4.7505,2386,26375,31548,14.0547,73400,2386
3,242,407548,728111,217,29,109,0.063469,0.163617,236,-1,ok,0,0,0,0,235,1,1,0.122799,217,217,1790,1,0.094987,217,217,5082,0.118412,217,217
3,243,495501,485664,2437,307,724,0.178234,1.13464,2682,-1,ok,0,0,0,0,2681,1,1,2.66947,2439,13866,14294,1,5.64431,2437,30515,32283,15.1329,77339,2437
3,244,720906,179696,594,77,77,0.065994,0.307904,661,-1,ok,0,0,0,0,660,1,1,0.68512,594,3134,3450,1,1.53387,594,7663,8543,3.29347,16388,594
3,245,650350,482575,2675,337,1142,0.244387,1.04485,2930,-1,ok,0,0,0,0,2929,1,1,2.63483,2677,13487,15138,1,5.31833,2675,29017,33259,13.3947,70704,2675
3,246,638652,817933,1535,193,194,0.125545,0.644925,1702,-1,ok,0,0,0,0,1701,1,1,1.58515,1535,8644,8946,1,3.42297,1535,18615,19411,10.8536,55609,1535
3,247,548934,567346,842,107,301,0.080952,0.285702,893,-1,ok,0,0,0,0,892,1,1,0.642722,842,3490,4717,1,1.26196,842,7436,10450,4.49054,24352,842
3,248,573392,445311,937,118,367,0.089457,0.429132,1048,-1,ok,0,0,0,0,1047,1,1,0.765691,939,3656,5318,1,1.33418,937,7449,11659,5.48398,27552,937
3,249,791829,669974,699,88,142,0.048371,0.306233,728,-1,ok,0,0,0,0,727,1,1,0.476592,699,1969,3378,1,0.784556,699,4030,8018,1.09738,5774,699
3,250,181289,193174,55,7,7,0.005891,0.050895,80,-1,ok,0,0,0,0,79,1,1,0.050615,55,169,301,1,0.047609,55,247,899,0.044744,247,55
3,251,734304,877601,1239,155,412,0.103784,0.578001,1382,-1,ok,0,0,0,0,1381,1,1,1.61536,1239,6867,7467,1,2.9896,1239,15111,16408,8.44022,42458,1239
3,252,541771,272040,815,105,155,0.060724,0.378497,900,-1,ok,0,0,0,0,899,1,1,0.87186,815,4395,4987,1,1.66883,815,9035,11345,4.56284,24166,815
3,253,555426,520840,632,80,98,0.038543,0.342921,675,-1,ok,0,0,0,0,674,1,1,0.50806,632,2801,3896,1,0.921163,632,5636,8938,3.0131,17798,632
3,254,554148,468913,1653,209,555,0.12887,0.831094,1872,-1,ok,0,0,0,0,1871,1,1,1.72006,1655,8540,9409,1,3.22942,1653,17367,19984,10.7116,53433,1653
3,255,407897,554527,1448,183,183,0.086221,0.690591,1595,-1,ok,0,0,0,0,1594,1,1,1.30356,1452,7064,8077,1,2.61405,1450,14689,16760,11.0477,55076,1448
3,256,476137,886494,1697,214,734,0.170718,0.750725,1892,-1,ok,0,0,0,0,1891,1,1,2.29236,1709,10163,10235,1,4.30556,1709,22128,22926,11.3291,56352,1697
3,257,647690,523082,2414,306,1208,0.257481,0.924297,2677,-1,ok,0,0,0,0,2676,1,1,2.5268,2418,13359,13778,1,5.16216,2416,27819,28740,17.9913,90555,2414
3,258,841766,458240,1678,212,401,0.149449,0.973039,1893,-1,ok,0,0,0,0,1892,1,1,1.64337,1684,8583,10005,1,3.30156,1684,18455,22370,13.1779,66477,1678
3,259,462910,637233,417,53,113,0.050645,0.175497,448,-1,ok,0,0,0,0,447,1,1,0.313836,417,1855,2660,1,0.73245,417,4154,5712,2.1159,11833,417
3,260,536976,551877,19,4,4,0.004658,0.030368,34,-1,ok,0,0,0,0,33,1,1,0.018505,19,19,238,1,0.007664,19,19,574,0.01102,19,19
3,261,42610,554524,1736,219,219,0.089747,0.83919,1917,-1,ok,0,0,0,0,1916,1,1,2.09359,1740,9663,10679,1,3.87324,1738,19935,22009,12.3697,61353,1736
3,262,613794,229015,1113,140,506,0.133229,0.51851,1260,-1,ok,0,0,0,0,1259,1,1,1.164,1115,6218,6694,1,2.27956,1113,12392,13602,7.2266,37126,1113
3,263,786608,624950,1914,241,836,0.180738,0.791649,2109,-1,ok,0,0,0,0,2108,1,1,2.11121,1920,10091,10835,1,3.77572,1920,21586,24156,14.2904,73614,1914
3,264,412226,542166,1648,208,742,0.174826,0.863663,1869,-1,ok,0,0,0,0,1868,1,1,1.72763,1658,8781,9081,1,2.89666,1648,15915,19383,12.8362,64093,1648
3,265,578007,584682,2557,323,1196,0.269614,1.06347,2818,-1,ok,0,0,0,0,2817,1,1,2.48373,2559,13892,14495,1,5.14509,2557,29485,31554,15.7501,80842,2557
3,266,129099,357177,198,26,56,0.044272,0.171871,243,-1,ok,0,0,0,0,242,1,1,0.102111,198,208,1306,1,0.066354,198,208,3062,0.350305,1823,198
3,267,670451,218543,1088,138,138,0.065803,0.500024,1237,-1,ok,0,0,0,0,1236,1,1,1.22229,1090,5992,6678,1,2.32164,1088,11851,13708,6.88321,33694,1088
3,268,636901,562811,880,109,199,0.06933,0.409696,919,-1,ok,0,0,0,0,918,1,1,0.835521,880,4524,4713,1,1.71205,880,9810,10646,5.28801,26825,880
3,269,161898,720900,750,95,426,0.098043,0.432489,857,-1,ok,0,0,0,0,856,1,1,0.572831,750,2138,4192,1,0.840411,750,4207,10188,4.51066,21524,750
3,270,536127,726744,1037,132,132,0.049402,0.420936,1174,-1,ok,0,0,0,0,1173,1,1,1.01157,1039,5377,5795,1,2.00865,1039,11246,12988,6.2418,33227,1037
3,271,182733,659592,907,115,132,0.047859,0.254847,1012,-1,ok,0,0,0,0,1011,1,1,0.837846,907,4642,4899,1,1.9069,907,10578,11356,6.87842,35409,907
3,272,557521,334467,2898,365,520,0.161992,1.051,3185,-1,ok,0,0,0,0,3184,1,1,3.17388,2902,15060,16999,1,5.67025,2900,30998,36802,14.0987,73457,2898
3,273,550876,844900,1310,166,183,0.115376,0.791269,1495,-1,ok,0,0,0,0,1494,1,1,1.35199,1310,6723,7465,1,2.73356,1310,14308,15850,9.07241,46488,1310
3,274,442000,527458,1850,234,614,0.18142,0.65195,2085,-1,ok,0,0,0,0,2084,1,1,1.85064,1852,10030,10398,1,3.68319,1850,20410,21394,13.1599,69421,1850
3,275,163378,695363,985,126,224,0.098985,0.495517,1120,-1,ok,0,0,0,0,1119,1,1,1.00137,985,4986,5434,1,2.1253,985,11364,12411,7.73196,38613,985
3,276,469207,449288,2393,302,531,0.173524,0.961547,2644,-1,ok,0,0,0,0,2643,1,1,2.43248,2395,12632,14071,1,4.81599,2393,27159,31190,13.938,73363,2393
3,277,621533,503471,384,49,98,0.067465,0.203791,415,-1,ok,0,0,0,0,414,1,1,0.30476,390,1375,2199,1,0.542824,390,2753,4626,0.922073,4835,384
3,278,584186,780781,627,79,79,0.035988,0.242002,690,-1,ok,0,0,0,0,689,1,1,0.556862,631,3184,3505,1,0.977698,629,5662,7065,3.83704,18390,627
3,279,537110,215501,1213,154,232,0.089568,0.635056,1316,-1,ok,0,0,0,0,1315,1,1,1.25388,1213,6375,6856,1,2.56264,1213,13948,15260,8.32717,41547,1213
3,280,552659,521369,42,7,16,0.008446,0.045055,63,-1,ok,0,0,0,0,62,1,1,0.033472,42,42,448,1,0.016932,42,42,1262,0.014958,42,42
3,281,470354,521484,1808,229,597,0.132106,0.818289,2049,-1,ok,0,0,0,0,2048,1,1,1.86331,1810,9045,10128,1,3.44862,1808,18497,20830,13.3566,67589,1808
3,282,779294,490035,423,54,139,0.054502,0.163475,468,-1,ok,0,0,0,0,467,1,1,0.221154,425,1005,2573,1,0.328493,423,1775,5866,0.651598,3597,423
3,283,856695,383684,1735,217,451,0.1282,0.869184,1908,-1,ok,0,0,0,0,1907,1,1,1.78373,1735,8724,10439,1,3.42447,1735,18696,23579,13.4762,66731,1735
3,284,856911,565634,2043,257,963,0.232725,0.747437,2270,-1,ok,0,0,0,0,2269,1,1,2.02109,2043,11082,11748,1,4.13479,2043,23578,25382,14.5528,74365,2043
3,285,226029,617772,1109,141,274,0.094647,0.392454,1236,-1,ok,0,0,0,0,1235,1,1,0.974651,1109,5579,6299,1,2.24484,1109,12941,14763,7.71959,40961,1109
3,286,273528,498716,214,28,28,0.0108,0.089257,265,-1,ok,0,0,0,0,264,1,1,0.190457,214,739,1104,1,0.259346,214,1395,2655,0.401551,2252,214
3,287,585019,659525,120,17,33,0.013195,0.080791,147,-1,ok,0,0,0,0,146,1,1,0.077446,120,297,910,1,0.091149,120,487,2151,0.170198,752,120
3,288,714688,746144,256,32,33,0.012233,0.131626,279,-1,ok,0,0,0,0,278,1,1,0.157224,256,820,1394,1,0.295111,256,1815,3122,0.585263,3471,256
3,289,487154,401935,1115,141,141,0.062056,0.525332,1230,-1,ok,0,0,0,0,1229,1,1,1.10756,1117,5220,6867,1,2.04861,1115,11330,14873,5.60444,29893,1115
3,290,558487,858169,252,33,83,0.022642,0.198762,349,-1,ok,0,0,0,0,348,1,1,0.224268,258,862,1403,1,0.387896,258,1925,3416,0.554827,2917,252
3,291,574271,660088,2395,302,333,0.111908,1.00632,2612,-1,ok,0,0,0,0,2611,1,1,2.7401,2397,13118,13295,1,5.3049,2395,28434,29005,14.391,70720,2395
3,292,41143,546444,721,91,234,0.083796,0.439411,836,-1,ok,0,0,0,0,835,1,1,0.62554,721,2584,3786,1,1.05262,721,5372,9078,3.36101,18062,721
3,293,760001,646214,1715,217,218,0.091882,0.721608,1922,-1,ok,0,0,0,0,1921,1,1,1.64635,1717,9243,9837,1,3.51872,1715,19944,21129,13.2147,68484,1715
3,294,185761,377965,506,64,155,0.049963,0.178343,603,-1,ok,0,0,0,0,602,1,1,0.308557,506,1821,2379,1,0.654533,506,3868,5668,2.75907,15369,506
3,295,604576,736790,940,119,123,0.052908,0.45498,983,-1,ok,0,0,0,0,982,1,1,0.959345,940,4743,5094,1,1.81038,940,10454,11396,5.58226,29173,940
3,296,604356,279676,1122,143,279,0.07987,0.535241,1233,-1,ok,0,0,0,0,1232,1,1,1.03744,1122,5367,6356,1,2.2259,1122,11992,14403,7.06212,37132,1122
3,297,467430,178127,281,38,38,0.025355,0.120265,336,-1,ok,0,0,0,0,335,1,1,0.263632,281,1207,1456,1,0.471821,281,2338,3348,0.752427,4332,281
3,298,473402,701873,1457,185,397,0.099446,0.619037,1642,-1,ok,0,0,0,0,1641,1,1,1.62684,1459,7431,8024,1,3.04532,1457,15261,16763,10.6686,54516,1457
3,299,546168,470167,91,12,27,0.014868,0.081693,110,-1,ok,0,0,0,0,109,1,1,0.063257,91,91,552,1,0.032951,91,91,1440,0.024435,91,91
4,0,515417,637366,1801,115,115,0.064971,1.4633,2378,-1,ok,0,0,0,0,2377,1,1,3.53833,1803,15129,16728,1,4.79515,1801,26128,31517,12.0373,55476,1801
4,1,221578,683609,709,45,130,0.033453,0.429533,860,-1,ok,0,0,0,0,859,1,1,0.65815,709,3487,7449,1,1.24528,709,6853,15766,3.33697,17883,709
4,2,566063,455879,224,15,15,0.020979,0.164137,285,-1,ok,0,0,0,0,284,1,1,0.117529,224,392,2939,1,0.083606,224,392,6797,0.566379,2755,224
4,3,364509,251282,377,25,52,0.011241,0.219079,464,-1,ok,0,0,0,0,463,1,1,0.407741,377,2275,3002,1,0.693906,377,4293,5661,1.42935,7916,377
4,4,713214,541596,268,18,23,0.010139,0.206677,307,-1,ok,0,0,0,0,306,1,1,0.153857,268,268,2469,1,0.102711,268,296,5557,0.131706,281,268
4,5,708892,372109,865,55,55,0.020959,0.446464,1150,-1,ok,0,0,0,0,1149,1,1,1.62128,883,7343,7731,1,2.95744,883,14571,15590,7.82272,33055,865
4,6,549730,910635,485,33,36,0.015889,0.367788,612,-1,ok,0,0,0,0,611,1,1,0.70034,485,3175,4295,1,1.20863,485,5869,7852,2.5424,11505,485
4,7,428575,333335,686,44,45,0.020609,0.262501,883,-1,ok,0,0,0,0,882,1,1,0.955266,686,5283,5623,1,1.62083,686,9326,10236,3.51545,19844,686
4,8,103741,529812,1209,75,107,0.0375,0.621082,1504,-1,ok,0,0,0,0,1503,1,1,1.87445,1209,9811,11915,1,3.19172,1209,18178,23760,7.71723,40816,1209
4,9,504438,99296,1284,79,156,0.06285,0.523229,1591,-1,ok,0,0,0,0,1590,1,1,2.01115,1284,10739,12352,1,3.9087,1284,21593,24988,7.83871,40831,1284
4,10,503002,473385,659,42,74,0.033823,0.31547,836,-1,ok,0,0,0,0,835,1,1,0.837276,659,4620,7662,1,1.5657,659,8576,15109,3.4541,18056,659
4,11,594375,693937,1954,125,125,0.054954,1.10027,2561,-1,ok,0,0,0,0,2560,1,1,3.51129,1956,17318,17952,1,5.68822,1954,31271,32317,13.5172,67204,1954
4,12,184179,575147,1336,86,86,0.060324,0.858135,1709,-1,ok,0,0,0,0,1708,1,1,2.15939,1338,11856,12235,1,3.65029,1336,19645,21839,10.0006,51137,1336
4,13,84373,731343,822,53,186,0.040376,0.522557,1085,-1,ok,0,0,0,0,1084,1,1,0.89823,824,3896,8377,1,1.51491,822,7485,17120,4.39494,22213,822
4,14,533139,449475,806,52,141,0.025095,0.324958,1035,-1,ok,0,0,0,0,1034,1,1,1.15786,812,6617,6995,1,1.86531,812,11123,12352,4.57802,24850,806
4,15,800775,353868,725,47,83,0.022201,0.410387,796,-1,ok,0,0,0,0,795,1,1,0.794857,725,2701,6275,1,0.780218,725,3598,11636,0.905884,3662,725
4,16,580536,834346,1638,102,102,0.040685,0.913459,2091,-1,ok,0,0,0,0,2090,1,1,3.48465,1638,15682,16436,1,5.51523,1638,27932,29979,11.6831,56131,1638
4,17,705977,179642,451,29,59,0.040587,0.251421,560,-1,ok,0,0,0,0,559,1,1,0.8824,451,4005,5187,1,1.96255,451,8904,10589,2.46923,12349,451
4,18,591189,502974,573,36,59,0.022874,0.353993,654,-1,ok,0,0,0,0,653,1,1,0.645737,577,3900,6242,1,1.07157,573,6631,12858,2.95525,17174,573
4,19,696806,606078,410,25,25,0.008486,0.181648,493,-1,ok,0,0,0,0,492,1,1,0.379921,410,2314,3987,1,0.741356,410,4259,7353,1.91321,10136,410
4,20,649644,351270,898,59,139,0.031519,0.598199,1189,-1,ok,0,0,0,0,1188,1,1,1.20669,900,5253,8553,1,1.79134,898,9283,14277,5.6796,27816,898
4,21,364679,647787,786,50,50,0.030095,0.461412,1079,-1,ok,0,0,0,0,1078,1,1,1.02518,786,5214,6781,1,1.49273,786,8412,14097,4.67516,24119,786
4,22,236480,558798,1348,87,87,0.04333,0.786631,1749,-1,ok,0,0,0,0,1748,1,1,2.34848,1352,12178,12537,1,3.93621,1350,21028,22095,10.2384,51938,1348
4,23,429002,590281,593,40,40,0.030727,0.356297,734,-1,ok,0,0,0,0,733,1,1,1.0199,599,4380,5483,1,1.55625,599,8090,10227,2.87716,14142,593
4,24,732327,437963,2826,178,354,0.085449,1.34056,3415,-1,ok,0,0,0,0,3414,1,1,4.92883,2828,22195,25337,1,8.17538,2826,42431,49357,15.1631,75758,2826
4,25,695045,573533,2638,167,367,0.122381,1.42277,3199,-1,ok,0,0,0,0,3198,1,1,4.01168,2640,20770,22959,1,7.38784,2638,39412,43508,14.0072,70636,2638
4,26,653917,554134,819,54,129,0.07003,0.479708,1106,-1,ok,0,0,0,0,1105,1,1,0.837946,821,4892,7447,1,1.56932,819,9250,14222,4.08149,22528,819
4,27,591152,758487,1441,92,140,0.052859,0.695459,1854,-1,ok,0,0,0,0,1853,1,1,2.2879,1441,11497,13137,1,3.9186,1441,20690,24127,10.4331,54336,1441
4,28,530231,797885,2838,179,179,0.07492,1.45995,3463,-1,ok,0,0,0,0,3462,1,1,4.30461,2840,23228,24217,1,7.88126,2838,43939,45961,16.9784,87207,2838
4,29,461730,614781,2269,144,144,0.09653,1.40042,2902,-1,ok,0,0,0,0,2901,1,1,3.78363,2271,20291,21627,1,6.77645,2269,37137,40796,14.2359,73263,2269
4,30,444980,608103,2053,132,216,0.09176,1.21011,2554,-1,ok,0,0,0,0,2553,1,1,3.30056,2057,17425,18183,1,5.72596,2055,30597,32372,15.5557,77390,2053
4,31,625582,540051,1625,101,144,0.070641,0.913227,1966,-1,ok,0,0,0,0,1965,1,1,2.24986,1631,12296,14466,1,3.72571,1631,21279,27394,11.4254,58442,1625
4,32,525321,196202,1187,74,195,0.064551,0.615659,1450,-1,ok,0,0,0,0,1449,1,1,1.92938,1187,10405,11604,1,3.80933,1187,20735,23614,7.59196,39681,1187
4,33,478182,565842,1838,119,274,0.073427,0.994248,2339,-1,ok,0,0,0,0,2338,1,1,2.96585,1840,14837,17724,1,4.98297,1838,27263,33462,10.4959,54134,1838
4,34,537719,542421,274,20,37,0.014437,0.186438,355,-1,ok,0,0,0,0,354,1,1,0.451715,284,2339,3113,1,0.98958,284,5333,6812,0.923667,5199,274
4,35,606091,561377,46,4,6,0.004639,0.062909,91,-1,ok,0,0,0,0,90,1,1,0.030567,46,56,715,1,0.013614,46,46,2031,0.018615,46,46
4,36,540484,237922,578,37,65,0.02119,0.315739,685,-1,ok,0,0,0,0,684,1,1,0.774677,578,3729,5411,1,1.40387,578,7299,11172,2.9131,14971,578
4,37,916340,481104,632,41,41,0.026008,0.377145,781,-1,ok,0,0,0,0,780,1,1,0.576447,634,2775,5664,1,1.04868,632,5350,11795,3.04546,14872,632
4,38,547698,473617,2323,147,372,0.077144,1.06678,2922,-1,ok,0,0,0,0,2921,1,1,3.95647,2325,19155,22277,1,6.72439,2323,35577,42136,13.83,70722,2323
4,39,503531,560189,206,15,15,0.011039,0.191549,263,-1,ok,0,0,0,0,262,1,1,0.289131,206,1161,2461,1,0.464628,206,2099,4979,0.885325,3507,206
4,40,528285,633179,2234,140,140,0.060113,1.13156,2799,-1,ok,0,0,0,0,2798,1,1,3.63068,2236,18782,20265,1,6.44676,2234,34963,37669,13.7731,70518,2234
4,41,528291,124629,1240,77,77,0.07017,0.612745,1555,-1,ok,0,0,0,0,1554,1,1,1.93952,1240,10247,11567,1,3.71754,1240,20090,22953,8.10882,40626,1240
4,42,218360,732318,1260,78,93,0.050335,0.738882,1439,-1,ok,0,0,0,0,1438,1,1,1.78669,1260,9709,10325,1,3.65546,1260,20312,21755,6.82432,36829,1260
4,43,673429,646337,1726,112,205,0.064742,1.00549,2239,-1,ok,0,0,0,0,2238,1,1,2.51434,1728,12362,16185,1,3.84669,1726,21348,30086,10.4595,53246,1726
4,44,677903,545932,2495,158,356,0.098854,1.06356,3118,-1,ok,0,0,0,0,3117,1,1,3.69265,2497,20930,21665,1,6.67172,2495,37563,40804,14.9426,79377,2495
4,45,599861,473157,116,9,18,0.010941,0.128641,173,-1,ok,0,0,0,0,172,1,1,0.090398,116,116,1586,1,0.069773,116,116,4196,0.053391,116,116
4,46,771679,448047,942,59,118,0.052254,0.514673,1215,-1,ok,0,0,0,0,1214,1,1,1.27996,948,6899,8600,1,2.00997,948,11112,14250,4.97133,26277,942
4,47,613652,373259,1541,95,150,0.050303,0.610893,1890,-1,ok,0,0,0,0,1889,1,1,2.50245,1547,13507,15729,1,4.12581,1547,23041,30489,12.0945,61879,1541
4,48,559115,582478,645,41,84,0.022182,0.386142,696,-1,ok,0,0,0,0,695,1,1,0.858766,647,4398,5605,1,1.30246,647,7129,10573,1.58772,8597,645
4,49,138045,605112,1531,99,169,0.058449,0.953533,1984,-1,ok,0,0,0,0,1983,1,1,3.11676,1535,14049,14558,1,5.06946,1533,25383,26586,12.0707,57282,1531
4,50,715274,544491,2277,144,144,0.070702,1.18093,2826,-1,ok,0,0,0,0,2825,1,1,3.66558,2279,19302,19593,1,6.3038,2277,34949,36950,15.2593,79200,2277
4,51,118518,621231,1297,84,210,0.077696,0.835672,1692,-1,ok,0,0,0,0,1691,1,1,1.879,1299,9630,11539,1,3.16355,1297,17008,20651,9.40256,47326,1297
4,52,560125,876072,607,41,62,0.034736,0.3474,820,-1,ok,0,0,0,0,819,1,1,0.77024,609,4192,5372,1,1.5633,607,8318,11172,3.18154,17204,607
4,53,457330,549752,200,14,14,0.007674,0.12825,235,-1,ok,0,0,0,0,234,1,1,0.311102,200,1202,2486,1,0.50817,200,2523,5427,0.675182,3599,200
4,54,185650,870115,627,40,72,0.024887,0.328825,876,-1,ok,0,0,0,0,875,1,1,1.27782,627,5852,6885,1,1.79898,627,8409,11478,2.50835,11572,627
4,55,519871,693835,2142,135,135,0.060743,1.01271,2755,-1,ok,0,0,0,0,2754,1,1,3.57438,2144,19543,19899,1,6.48331,2142,35755,37090,13.8182,73105,2142
4,56,140914,484062,1346,86,199,0.076714,0.755912,1725,-1,ok,0,0,0,0,1724,1,1,1.77038,1348,9631,12754,1,3.07693,1346,16901,23741,8.8264,47059,1346
4,57,630216,170691,1277,83,134,0.051465,0.57759,1684,-1,ok,0,0,0,0,1683,1,1,2.01715,1279,10616,11267,1,3.61116,1277,18320,19780,8.71947,42674,1277
4,58,686374,577768,450,27,51,0.014077,0.295582,523,-1,ok,0,0,0,0,522,1,1,0.455441,450,2341,4478,1,0.758899,450,4142,8146,2.7068,11733,450
4,59,625714,607337,2167,136,199,0.054822,0.864666,2762,-1,ok,0,0,0,0,2761,1,1,3.33709,2169,18613,19996,1,5.83983,2167,33165,36644,14.079,73254,2167
4,60,160386,877813,1001,63,63,0.055035,0.619087,1276,-1,ok,0,0,0,0,1275,1,1,1.87927,1001,8813,9516,1,3.17695,1001,15463,17121,4.92909,24866,1001
4,61,557207,713255,2128,135,135,0.060654,1.03273,2729,-1,ok,0,0,0,0,2728,1,1,3.42985,2130,18748,19417,1,6.07425,2128,33643,34980,13.6877,71776,2128
4,62,689095,577712,931,57,99,0.052899,0.501949,1024,-1,ok,0,0,0,0,1023,1,1,1.35682,931,6760,7117,1,2.48946,931,13502,15091,5.70672,27410,931
4,63,118518,543922,1546,100,171,0.062807,0.963883,1963,-1,ok,0,0,0,0,1962,1,1,2.64356,1554,12713,13478,1,4.27174,1552,22324,24180,10.9774,54964,1546
4,64,743230,714700,454,28,28,0.028915,0.268582,557,-1,ok,0,0,0,0,556,1,1,0.631691,454,3369,4575,1,0.870017,454,5079,8039,1.22755,7262,454
4,65,451281,500222,1729,111,226,0.060362,1.00038,2226,-1,ok,0,0,0,0,2225,1,1,2.61666,1731,13912,16100,1,4.59053,1729,25655,30120,10.5674,53341,1729
4,66,87326,638815,783,50,66,0.043642,0.46572,1058,-1,ok,0,0,0,0,1057,1,1,1.24349,783,5621,7431,1,1.77523,783,9166,15214,4.26848,21613,783
4,67,873089,178288,543,34,34,0.027842,0.346959,774,-1,ok,0,0,0,0,773,1,1,1.12946,543,4902,6565,1,1.86373,543,7639,11884,1.95028,8868,543
4,68,540231,698411,324,20,20,0.01082,0.221505,377,-1,ok,0,0,0,0,376,1,1,0.702934,324,2845,3526,1,1.35531,324,6904,7998,2.27058,11259,324
4,69,608054,502046,428,29,64,0.018474,0.263102,507,-1,ok,0,0,0,0,506,1,1,0.670482,434,2915,4081,1,0.981535,434,5174,7843,1.94342,9740,428
4,70,551981,134941,1142,70,70,0.030336,0.587228,1359,-1,ok,0,0,0,0,1358,1,1,1.8507,1142,8478,9860,1,3.32507,1142,17539,19893,7.86731,37155,1142
4,71,463217,908917,606,40,40,0.030507,0.407692,767,-1,ok,0,0,0,0,766,1,1,0.962809,608,4089,5532,1,1.55688,606,7648,11486,2.96044,15134,606
4,72,633916,540912,2768,175,284,0.072145,1.24163,3367,-1,ok,0,0,0,0,3366,1,1,4.6486,2776,23083,23772,1,8.31035,2774,43490,45187,15.3753,78468,2768
4,73,797852,552425,1119,70,129,0.066654,0.597876,1192,-1,ok,0,0,0,0,1191,1,1,1.23649,1119,6450,8699,1,2.38377,1119,13371,17903,4.97139,25862,1119
4,74,746160,847884,1478,94,110,0.057968,0.900033,1895,-1,ok,0,0,0,0,1894,1,1,2.82469,1478,12803,13982,1,4.47366,1478,23086,25310,10.7195,53994,1478
4,75,759766,548195,703,48,48,0.036899,0.399087,952,-1,ok,0,0,0,0,951,1,1,0.842054,705,4016,6453,1,1.47734,703,7944,13221,3.06669,16496,703
4,76,413741,394099,778,48,48,0.03169,0.517249,957,-1,ok,0,0,0,0,956,1,1,0.972198,778,5172,8367,1,1.58257,778,9526,18102,3.7401,20512,778
4,77,913394,471896,1104,70,152,0.049253,0.727619,1441,-1,ok,0,0,0,0,1440,1,1,1.70806,1104,8362,10310,1,2.69105,1104,14468,18229,8.78975,44041,1104
4,78,652297,501706,101,7,7,0.006792,0.103494,124,-1,ok,0,0,0,0,123,1,1,0.061054,101,101,1725,1,0.029694,101,101,4857,0.047319,101,101
4,79,528306,440834,2348,148,389,0.079469,1.21715,2953,-1,ok,0,0,0,0,2952,1,1,3.80578,2350,19122,22569,1,6.76831,2348,35885,43261,13.9558,70725,2348
4,80,579216,344905,687,41,52,0.051867,0.435964,798,-1,ok,0,0,0,0,797,1,1,0.689269,687,3594,7449,1,1.03925,687,5967,15766,3.55986,18817,687
4,81,291425,565940,613,39,39,0.025176,0.614688,772,-1,ok,0,0,0,0,771,1,1,0.753799,619,3826,5687,1,1.20414,619,6521,9585,4.19128,22156,613
4,82,560203,166249,1334,87,181,0.051186,0.780008,1765,-1,ok,0,0,0,0,1764,1,1,2.09324,1336,10455,12026,1,3.41067,1334,18059,21709,7.68242,39639,1334
4,83,725367,601383,506,31,42,0.029255,0.260988,587,-1,ok,0,0,0,0,586,1,1,0.700048,506,3717,5106,1,1.04258,506,6001,9486,2.52709,13653,506
4,84,690950,626446,632,39,65,0.018294,0.260226,661,-1,ok,0,0,0,0,660,1,1,0.684559,632,3604,4794,1,1.25068,632,7509,10961,2.01372,11509,632
4,85,885107,623720,1723,107,107,0.047568,0.801487,2172,-1,ok,0,0,0,0,2171,1,1,2.8813,1723,15227,16306,1,4.82739,1723,26722,29781,13.6459,69467,1723
4,86,452862,582210,1864,120,142,0.068848,0.913007,2379,-1,ok,0,0,0,0,2378,1,1,3.06866,1866,16545,18417,1,5.50612,1864,30272,35358,10.4985,55382,1864
4,87,643668,475109,189,13,28,0.012553,0.183152,286,-1,ok,0,0,0,0,285,1,1,0.090027,189,189,2405,1,0.048401,189,189,5666,0.073187,189,189
4,88,72436,674500,1030,65,78,0.031951,0.586145,1333,-1,ok,0,0,0,0,1332,1,1,1.86459,1036,9300,9827,1,3.33913,1030,17499,18534,7.36477,37614,1030
4,89,868641,853704,37,3,3,0.00532,0.056215,70,-1,ok,0,0,0,0,69,1,1,0.023354,37,38,604,1,0.010088,37,37,1980,0.011051,37,37
4,90,644709,548157,2038,129,334,0.074981,1.17071,2603,-1,ok,0,0,0,0,2602,1,1,3.18273,2040,16379,19026,1,5.29696,2038,29036,34547,14.0215,70826,2038
4,91,582005,373594,1217,76,77,0.050344,0.584212,1508,-1,ok,0,0,0,0,1507,1,1,2.20205,1217,11030,11424,1,4.06843,1217,21185,22049,9.314,45309,1217
4,92,677416,621320,2042,128,221,0.071805,0.799625,2543,-1,ok,0,0,0,0,2542,1,1,3.39102,2044,17587,18713,1,5.76815,2042,31643,33322,13.4943,70315,2042
4,93,705859,580720,219,15,16,0.009788,0.137096,292,-1,ok,0,0,0,0,291,1,1,0.128581,219,599,2533,1,0.184645,219,1017,4622,0.260847,1257,219
4,94,431412,580719,607,38,39,0.024496,0.27306,674,-1,ok,0,0,0,0,673,1,1,0.982607,607,4934,6858,1,2.09779,607,10529,14124,3.37385,17721,607
4,95,437348,552419,661,40,74,0.026429,0.267219,728,-1,ok,0,0,0,0,727,1,1,0.821615,661,4881,7259,1,1.89024,661,10669,15414,3.11662,18299,661
4,96,758271,503460,743,49,49,0.029965,0.435013,944,-1,ok,0,0,0,0,943,1,1,0.80716,745,4051,6709,1,1.45791,743,7979,13928,3.50466,18490,743
4,97,868701,479347,1176,77,167,0.049833,0.746415,1535,-1,ok,0,0,0,0,1534,1,1,1.88369,1176,8981,11184,1,2.79892,1176,15285,19785,9.10288,45874,1176
4,98,562097,501182,3169,199,539,0.129522,1.31972,3788,-1,ok,0,0,0,0,3787,1,1,4.64521,3173,24331,27262,1,7.72133,3171,42693,50314,14.199,74431,3169
4,99,278199,257290,49,4,5,0.006952,0.10613,174,-1,ok,0,0,0,0,173,1,1,0.044733,49,49,697,1,0.011742,49,49,2130,0.013415,49,49
4,100,570049,534288,47,3,4,0.004649,0.068528,74,-1,ok,0,0,0,0,73,1,1,0.027029,47,47,768,1,0.016791,47,47,2560,0.020077,47,47
4,101,541954,728137,425,27,46,0.015569,0.285944,490,-1,ok,0,0,0,0,489,1,1,0.676083,425,3540,4403,1,1.14591,425,6294,8254,1.99686,10772,425
4,102,215378,85837,389,26,29,0.01658,0.287327,500,-1,ok,0,0,0,0,499,1,1,0.457794,389,2526,3690,1,0.755552,389,4322,7078,0.935519,5539,389
4,103,589928,544726,2226,141,210,0.064249,1.18843,2865,-1,ok,0,0,0,0,2864,1,1,3.70804,2228,19677,21258,1,6.16495,2226,34558,39587,14.3693,73866,2226
4,104,541522,549453,805,49,93,0.024746,0.43366,858,-1,ok,0,0,0,0,857,1,1,0.756745,805,4235,6472,1,1.50566,805,9039,13559,4.61409,23643,805
4,105,502684,483770,978,61,146,0.038832,0.373748,1159,-1,ok,0,0,0,0,1158,1,1,1.26173,978,7868,8363,1,2.55467,978,15789,17183,5.28737,30698,978
4,106,185739,464682,1225,79,188,0.067666,0.882078,1612,-1,ok,0,0,0,0,1611,1,1,2.03509,1227,9337,12702,1,3.17455,1225,16746,23833,8.85819,44382,1225
4,107,564997,595611,2276,144,321,0.084679,1.21984,2851,-1,ok,0,0,0,0,2850,1,1,3.77954,2280,19360,19935,1,6.0336,2278,33807,35640,10.9782,58396,2276
4,108,589155,636201,2476,156,156,0.090339,1.36156,2997,-1,ok,0,0,0,0,2996,1,1,4.04079,2478,20174,21311,1,7.12314,2476,38256,40119,14.149,70451,2476
4,109,531285,901687,2128,132,132,0.08589,1.17149,2591,-1,ok,0,0,0,0,2590,1,1,3.69264,2128,18411,19410,1,6.60261,2128,34251,36402,13.5875,68196,2128
4,110,732706,576220,224,13,25,0.013545,0.163546,269,-1,ok,0,0,0,0,268,1,1,0.334725,224,1691,2046,1,0.418943,224,2409,3996,0.606004,3123,224
4,111,109733,638731,1000,64,81,0.03235,0.717602,1337,-1,ok,0,0,0,0,1336,1,1,1.57116,1000,8190,9449,1,2.95061,1000,15825,17456,6.58787,35200,1000
4,112,662568,191645,835,52,52,0.030728,0.354593,1042,-1,ok,0,0,0,0,1041,1,1,1.30237,835,6858,7684,1,2.40179,835,12585,14388,7.30886,33636,835
4,113,374965,759941,1238,79,125,0.045916,0.659693,1583,-1,ok,0,0,0,0,1582,1,1,2.14791,1238,9487,10880,1,3.19169,1238,16204,19199,8.34289,43838,1238
4,114,719164,27693,1169,74,74,0.040507,0.486019,1490,-1,ok,0,0,0,0,1489,1,1,2.05405,1175,10387,11230,1,3.60543,1169,19025,21260,8.11679,40737,1169
4,115,752294,934231,163,12,29,0.011401,0.149379,250,-1,ok,0,0,0,0,249,1,1,0.286776,163,1202,2016,1,0.289952,163,1566,4732,0.330167,1566,163
4,116,655535,844782,573,40,65,0.019416,0.407803,808,-1,ok,0,0,0,0,807,1,1,0.805536,575,3788,5012,1,1.29026,573,6853,9615,3.29099,16115,573
4,117,474798,607811,1695,108,270,0.061945,0.801849,2166,-1,ok,0,0,0,0,2165,1,1,2.58026,1697,13019,15158,1,4.15199,1695,22809,26710,12.389,63777,1695
4,118,913321,352359,1830,114,150,0.068808,1.10069,2431,-1,ok,0,0,0,0,2430,1,1,2.9129,1836,14657,18516,1,4.64864,1836,25417,35220,13.4964,67065,1830
4,119,458475,638815,192,13,26,0.013426,0.168684,319,-1,ok,0,0,0,0,318,1,1,0.198562,192,988,2363,1,0.222646,192,1095,5837,0.180007,941,192
4,120,185587,899904,797,51,136,0.032371,0.47012,1170,-1,ok,0,0,0,0,1169,1,1,1.34276,803,6369,7562,1,2.08614,803,10388,13023,6.1242,28653,797
4,121,660993,722496,1439,89,89,0.038821,0.535341,1782,-1,ok,0,0,0,0,1781,1,1,1.88164,1445,10528,13645,1,3.49837,1445,19939,24534,9.38641,49024,1439
4,122,587664,590978,396,25,59,0.016511,0.18717,413,-1,ok,0,0,0,0,412,1,1,0.239438,396,1095,3462,1,0.419294,396,2248,8634,0.499424,2903,396
4,123,227425,627948,1391,87,169,0.041307,0.649944,1644,-1,ok,0,0,0,0,1643,1,1,1.85572,1391,10702,11902,1,3.61645,1391,20711,24173,9.4228,48375,1391
4,124,404568,507174,380,25,44,0.013855,0.237556,447,-1,ok,0,0,0,0,446,1,1,0.398444,380,1743,3710,1,0.654755,380,3397,7321,0.81829,4446,380
4,125,234885,555140,1077,66,66,0.028564,0.388106,1324,-1,ok,0,0,0,0,1323,1,1,1.43713,1077,8339,10146,1,2.60032,1077,15218,20332,7.49681,38485,1077
4,126,379198,738927,1657,103,103,0.044492,0.791018,2060,-1,ok,0,0,0,0,2059,1,1,2.76534,1657,13722,16846,1,5.29768,1657,27630,32074,9.60887,50465,1657
4,127,516377,549670,2291,144,330,0.099165,0.998457,2868,-1,ok,0,0,0,0,2867,1,1,3.88639,2293,19312,21734,1,6.84985,2291,36540,41347,13.253,70659,2291
4,128,346621,479141,772,48,150,0.041528,0.487091,961,-1,ok,0,0,0,0,960,1,1,1.26076,772,7088,8627,1,2.19173,772,12860,16718,4.43253,23874,772
4,129,380939,508659,970,60,143,0.029405,0.346137,1155,-1,ok,0,0,0,0,1154,1,1,1.41744,970,5720,8415,1,1.7251,970,10315,17665,3.57755,20262,970
4,130,549667,582479,32,2,2,0.003246,0.044524,39,-1,ok,0,0,0,0,38,1,1,0.030888,32,32,512,1,0.016099,32,32,1989,0.017683,32,32
4,131,231944,556389,1377,86,86,0.028983,0.512558,1618,-1,ok,0,0,0,0,1617,1,1,1.9729,1377,11162,11617,1,3.73308,1377,21463,23604,9.02058,47464,1377
4,132,444980,143997,639,41,41,0.02799,0.359182,806,-1,ok,0,0,0,0,805,1,1,0.82374,639,4585,5577,1,1.37565,639,7865,10201,2.56247,14571,639
4,133,553121,561095,2824,178,204,0.069571,1.35044,3477,-1,ok,0,0,0,0,3476,1,1,4.71955,2828,23653,25250,1,7.55811,2826,41802,46297,14.0831,73309,2824
4,134,557186,599599,2595,165,401,0.126507,1.51489,3214,-1,ok,0,0,0,0,3213,1,1,3.91931,2597,21765,22948,1,7.12772,2595,40226,43515,15.2126,80846,2595
4,135,752223,476482,939,59,59,0.057959,0.702613,1180,-1,ok,0,0,0,0,1179,1,1,1.53182,945,7694,8714,1,2.86026,945,15408,17177,4.7703,25957,939
4,136,668229,470670,2659,168,168,0.081522,1.28501,3244,-1,ok,0,0,0,0,3243,1,1,4.05469,2661,20445,23574,1,7.28362,2659,38836,45855,13.767,70689,2659
4,137,328875,564452,195,13,13,0.011642,0.18681,320,-1,ok,0,0,0,0,319,1,1,0.122319,203,509,2390,1,0.153687,203,754,3979,0.178914,898,195
4,138,642157,729840,1731,111,338,0.077043,1.06203,2224,-1,ok,0,0,0,0,2223,1,1,2.05769,1733,11791,16049,1,3.81979,1731,20218,29662,10.1142,53712,1731
4,139,90305,752572,987,64,120,0.05367,0.550429,1320,-1,ok,0,0,0,0,1319,1,1,1.96542,989,8625,9880,1,2.92952,987,13929,17920,4.08432,21023,987
4,140,540469,868590,1095,69,183,0.052519,0.57157,1496,-1,ok,0,0,0,0,1495,1,1,1.89257,1101,9483,10625,1,3.15542,1101,16520,18851,7.72475,38391,1095
4,141,554237,542468,341,22,36,0.011542,0.21891,396,-1,ok,0,0,0,0,395,1,1,0.434181,343,1979,2666,1,0.584523,343,3392,4905,1.19736,5867,341
4,142,552875,544670,2521,159,206,0.062888,1.2678,3150,-1,ok,0,0,0,0,3149,1,1,3.94921,2525,21028,22675,1,6.70102,2523,37474,42099,13.7766,73344,2521
4,143,489779,135045,582,38,38,0.045325,0.375884,767,-1,ok,0,0,0,0,766,1,1,0.746254,582,4136,5354,1,1.36493,582,7660,10397,2.82298,15398,582
4,144,684986,321427,899,57,57,0.028954,0.421978,1156,-1,ok,0,0,0,0,1155,1,1,1.27631,899,6557,8272,1,2.34805,899,12065,15655,7.29953,34162,899
4,145,551199,39629,1264,83,83,0.047188,0.837496,1743,-1,ok,0,0,0,0,1742,1,1,2.49289,1272,11851,13038,1,3.80943,1264,19341,24189,8.54359,39964,1264
4,146,161784,518507,1403,91,192,0.061596,0.762164,1830,-1,ok,0,0,0,0,1829,1,1,1.95108,1405,10722,12614,1,3.36176,1403,18399,22457,9.80414,50296,1403
4,147,916310,555655,611,40,40,0.04775,0.225952,826,-1,ok,0,0,0,0,825,1,1,0.551371,631,3009,5200,1,1.18938,611,6080,10599,2.61168,14115,611
4,148,358724,558670,1036,68,68,0.030446,0.302545,1355,-1,ok,0,0,0,0,1354,1,1,1.56975,1038,8881,9913,1,2.59277,1036,14657,17471,7.57605,39297,1036
4,149,491303,659590,417,26,29,0.012032,0.307915,488,-1,ok,0,0,0,0,487,1,1,0.901045,417,4096,4455,1,1.28192,417,7063,8077,2.34532,13217,417
4,150,551910,879052,1906,118,189,0.053489,0.921883,2313,-1,ok,0,0,0,0,2312,1,1,3.59757,1912,15892,17040,1,5.84244,1912,29366,32331,11.1264,55146,1906
4,151,548928,513895,2545,161,359,0.099337,1.08497,3124,-1,ok,0,0,0,0,3123,1,1,3.74926,2547,19769,22688,1,6.83594,2545,37150,43410,13.4023,70674,2545
4,152,544907,516738,841,52,52,0.052248,0.479716,1092,-1,ok,0,0,0,0,1091,1,1,1.05238,847,6029,7429,1,2.00373,847,11503,13725,4.86328,25710,841
4,153,596621,550078,3073,194,194,0.094847,1.25196,3676,-1,ok,0,0,0,0,3675,1,1,4.865,3077,24898,26513,1,8.90414,3075,46702,49601,17.0796,87684,3073
4,154,457377,679268,965,63,63,0.066724,0.696733,1254,-1,ok,0,0,0,0,1253,1,1,1.67021,967,9002,9453,1,3.26533,965,17751,19139,4.92999,27753,965
4,155,888007,738901,148,10,10,0.007093,0.138229,315,-1,ok,0,0,0,0,314,1,1,0.296234,148,1512,1857,1,0.607405,148,3022,4428,0.606013,3181,148
4,156,557446,245356,1550,99,131,0.047148,0.698035,1943,-1,ok,0,0,0,0,1942,1,1,2.48076,1554,13116,13956,1,4.12594,1552,22741,24785,7.32725,40658,1550
4,157,269058,233403,285,19,19,0.01092,0.224179,350,-1,ok,0,0,0,0,349,1,1,0.304369,285,1343,2388,1,0.392363,285,2120,4328,0.661426,3379,285
4,158,561143,482354,629,39,88,0.039625,0.383637,718,-1,ok,0,0,0,0,717,1,1,0.95755,629,3890,6853,1,1.50952,629,7472,13434,3.90166,17927,629
4,159,476616,512534,204,14,15,0.028042,0.177833,293,-1,ok,0,0,0,0,292,1,1,0.28419,204,1464,2127,1,0.49226,204,2688,4547,1.09109,6051,204
4,160,651112,289929,1373,90,173,0.045744,0.683106,1766,-1,ok,0,0,0,0,1765,1,1,2.17014,1375,10559,12162,1,3.34381,1373,18054,20693,8.70627,45876,1373
4,161,728484,372110,264,17,17,0.010009,0.131505,333,-1,ok,0,0,0,0,332,1,1,0.11291,264,294,3358,1,0.10196,264,309,4767,0.095909,309,264
4,162,569402,643340,2200,141,141,0.065363,0.887578,2811,-1,ok,0,0,0,0,2810,1,1,3.21651,2204,17509,19551,1,5.43296,2202,30680,36084,9.98773,55450,2200
4,163,148333,409238,245,17,32,0.01103,0.194664,306,-1,ok,0,0,0,0,305,1,1,0.160079,245,808,1671,1,0.258313,245,1455,3559,0.267981,1531,245
4,164,464750,373454,1640,106,106,0.043541,0.67428,2109,-1,ok,0,0,0,0,2108,1,1,2.54789,1642,14174,15290,1,4.62628,1640,26012,28207,9.44127,51643,1640
4,165,355695,858397,800,51,82,0.045534,0.516105,997,-1,ok,0,0,0,0,996,1,1,1.44865,800,7009,7656,1,2.24408,800,11315,12689,3.38286,18252,800
4,166,671610,490121,1975,127,257,0.069841,0.927784,2526,-1,ok,0,0,0,0,2525,1,1,3.49085,1977,17679,19068,1,5.95771,1975,31791,36077,16.3353,76395,1975
4,167,620032,817899,1017,68,159,0.06384,0.520193,1246,-1,ok,0,0,0,0,1245,1,1,1.2351,1021,7004,8690,1,2.38024,1019,13525,16746,5.26981,27881,1017
4,168,475138,561483,915,61,96,0.036448,0.370994,1224,-1,ok,0,0,0,0,1223,1,1,1.27387,917,7488,8883,1,2.55648,915,14883,17436,5.39985,30334,915
4,169,677523,564943,2418,154,154,0.063998,1.19219,3009,-1,ok,0,0,0,0,3008,1,1,4.18628,2422,20304,21730,1,6.90989,2420,36474,38939,17.68,84521,2418
4,170,547139,894242,1009,65,65,0.053901,0.558905,1206,-1,ok,0,0,0,0,1205,1,1,1.34838,1011,7353,7762,1,2.36719,1011,13326,14405,3.48852,19650,1009
4,171,513656,703356,1488,96,96,0.049443,0.847755,1835,-1,ok,0,0,0,0,1834,1,1,2.65744,1490,12386,12824,1,4.25973,1488,21494,22816,11.8358,57709,1488
4,172,561653,646343,1780,115,278,0.088575,0.991574,2279,-1,ok,0,0,0,0,2278,1,1,2.23087,1782,12994,16765,1,4.03067,1780,23089,31285,9.91163,53602,1780
4,173,452860,580211,2703,171,440,0.114795,1.19911,3336,-1,ok,0,0,0,0,3335,1,1,4.52788,2705,23770,24706,1,8.16117,2703,44627,47655,15.0683,80816,2703
4,174,457346,589806,992,65,65,0.07435,0.63698,1297,-1,ok,0,0,0,0,1296,1,1,1.60897,994,8720,9964,1,3.14022,992,17417,19799,5.55131,29685,992
4,175,125970,564306,414,26,26,0.018175,0.340197,537,-1,ok,0,0,0,0,536,1,1,0.523328,414,2320,3977,1,0.80265,414,3927,8045,1.16021,5306,414
4,176,432903,536123,1450,90,90,0.036849,0.856702,1763,-1,ok,0,0,0,0,1762,1,1,2.56523,1456,12668,14322,1,4.72478,1456,25238,27970,9.90199,48138,1450
4,177,586708,335970,692,43,57,0.03768,0.434662,815,-1,ok,0,0,0,0,814,1,1,0.753599,692,4150,8010,1,1.14071,692,6740,16544,3.47819,19204,692
4,178,127595,700137,422,27,27,0.022753,0.326019,587,-1,ok,0,0,0,0,586,1,1,0.662239,422,2391,5349,1,0.924478,422,4072,9168,0.928436,4133,422
4,179,538665,123021,1064,66,101,0.031679,0.475618,1279,-1,ok,0,0,0,0,1278,1,1,1.59161,1064,8286,9891,1,2.99673,1064,16350,18953,6.43446,34570,1064
4,180,352712,882018,430,27,66,0.019357,0.297697,611,-1,ok,0,0,0,0,610,1,1,1.05313,436,3961,5112,1,1.22762,430,5337,8136,1.25678,5526,430
4,181,570105,642882,409,25,26,0.012133,0.197538,420,-1,ok,0,0,0,0,419,1,1,0.515564,409,2720,3053,1,1.12435,409,6760,8415,1.71869,10197,409
4,182,236454,64964,158,11,13,0.008525,0.185637,307,-1,ok,0,0,0,0,306,1,1,0.316742,158,1373,2196,1,0.552533,158,2701,4742,0.652299,3096,158
4,183,547182,801522,1262,83,83,0.032721,0.715216,1503,-1,ok,0,0,0,0,1502,1,1,1.78684,1266,8372,9943,1,3.0048,1264,16265,19342,5.52862,28573,1262
4,184,684920,553657,177,11,19,0.007655,0.115997,194,-1,ok,0,0,0,0,193,1,1,0.134793,177,399,2288,1,0.116849,177,553,5514,0.174125,670,177
4,185,552875,351270,1255,82,187,0.040806,0.521975,1638,-1,ok,0,0,0,0,1637,1,1,1.58392,1259,8489,11789,1,2.76144,1257,15566,20560,6.24592,34338,1255
4,186,492765,584268,2039,130,302,0.075621,1.05039,2526,-1,ok,0,0,0,0,2525,1,1,3.61538,2043,17013,18010,1,5.76401,2041,30585,32498,16.822,80673,2039
4,187,155792,743182,560,36,36,0.042719,0.459038,751,-1,ok,0,0,0,0,750,1,1,0.686403,560,3003,5506,1,0.801939,560,3926,10955,1.28514,5800,560
4,188,433249,556063,1470,95,95,0.042829,0.662157,1765,-1,ok,0,0,0,0,1764,1,1,1.99586,1474,11203,13140,1,3.59219,1472,19730,23127,10.8596,53381,1470
4,189,675909,548947,322,22,22,0.010118,0.168746,345,-1,ok,0,0,0,0,344,1,1,0.360253,322,1570,2155,1,0.538877,322,2818,5452,0.586155,3084,322
4,190,801727,652069,1904,118,178,0.049924,0.978249,2391,-1,ok,0,0,0,0,2390,1,1,3.13709,1904,16439,17349,1,5.27988,1904,29167,31507,14.0304,72405,1904
4,191,424436,194685,1235,79,79,0.057787,0.649063,1588,-1,ok,0,0,0,0,1587,1,1,2.34103,1237,10966,12425,1,3.86068,1235,19877,23808,7.49896,36924,1235
4,192,568596,520838,78,6,11,0.008846,0.090068,121,-1,ok,0,0,0,0,120,1,1,0.055833,78,78,1383,1,0.017803,78,78,3616,0.034394,78,78
4,193,537052,487130,2582,163,315,0.071705,1.37484,3163,-1,ok,0,0,0,0,3162,1,1,4.42415,2584,22339,23492,1,7.6375,2582,40811,45150,15.7672,77015,2582
4,194,287117,597610,1357,87,105,0.073457,0.790177,1710,-1,ok,0,0,0,0,1709,1,1,2.07251,1361,11575,12438,1,3.71665,1359,20199,21783,10.3971,53827,1357
4,195,734217,369103,902,57,103,0.046536,0.554527,1159,-1,ok,0,0,0,0,1158,1,1,1.67921,902,7344,7747,1,3.00845,902,14272,15406,7.97618,37832,902
4,196,609326,594424,18,2,2,0.003657,0.048491,59,-1,ok,0,0,0,0,58,1,1,0.017133,18,18,496,1,0.005681,18,18,1636,0.007244,18,18
4,197,555356,373478,150,10,10,0.006643,0.074579,227,-1,ok,0,0,0,0,226,1,1,0.187221,150,727,1980,1,0.185316,150,955,4655,0.190786,955,150
4,198,538782,596393,2887,182,182,0.061084,1.18867,3510,-1,ok,0,0,0,0,3509,1,1,5.12405,2891,25204,26655,1,8.86007,2889,45834,48060,17.643,90119,2887
4,199,853804,764242,234,16,16,0.019426,0.215995,267,-1,ok,0,0,0,0,266,1,1,0.145523,234,774,2328,1,0.259445,234,1528,4596,0.208389,1221,234
4,200,546144,731449,1563,97,97,0.04853,0.981304,1930,-1,ok,0,0,0,0,1929,1,1,2.36249,1563,11408,14555,1,4.01558,1563,21971,26647,9.69143,49057,1563
4,201,546580,470520,70,5,5,0.006021,0.077965,101,-1,ok,0,0,0,0,100,1,1,0.049914,70,70,842,1,0.019356,70,70,1505,0.033462,70,70
4,202,587180,610058,2820,178,358,0.081722,1.48789,3461,-1,ok,0,0,0,0,3460,1,1,4.33692,2824,23406,24378,1,7.7188,2822,43048,46074,15.4085,80831,2820
4,203,554148,555672,34,3,3,0.006221,0.046276,63,-1,ok,0,0,0,0,62,1,1,0.038512,34,34,768,1,0.008286,34,34,2632,0.008835,34,34
4,204,618603,576023,2630,166,235,0.077835,1.50269,3259,-1,ok,0,0,0,0,3258,1,1,4.05125,2634,22108,23721,1,7.08115,2632,39744,43812,14.2186,73278,2630
4,205,111185,663982,1131,71,71,0.059672,0.722882,1444,-1,ok,0,0,0,0,1443,1,1,1.79423,1131,9744,10628,1,3.31282,1131,18111,20695,7.76627,40593,1131
4,206,558415,519079,908,56,118,0.030076,0.400179,997,-1,ok,0,0,0,0,996,1,1,0.794855,908,4482,7409,1,1.20545,908,7427,15070,3.12655,18460,908
4,207,273703,668225,1512,95,95,0.038844,0.500295,1769,-1,ok,0,0,0,0,1768,1,1,2.14978,1512,11936,12545,1,4.1479,1512,23914,25879,10.4791,54992,1512
4,208,342313,675920,1135,70,103,0.044834,0.403484,1408,-1,ok,0,0,0,0,1407,1,1,1.62133,1135,9381,10198,1,3.07702,1135,17436,19449,8.55455,43864,1135
4,209,455838,475237,29,2,2,0.003036,0.049764,62,-1,ok,0,0,0,0,61,1,1,0.030918,29,29,477,1,0.01099,29,29,1762,0.020267,29,29
4,210,407548,553070,2852,179,179,0.07478,1.49964,3437,-1,ok,0,0,0,0,3436,1,1,5.31995,2856,24677,26473,1,9.08662,2854,46389,49503,17.3443,87342,2852
4,211,504813,914851,324,21,43,0.025689,0.340326,461,-1,ok,0,0,0,0,460,1,1,0.537033,324,2515,4016,1,0.742919,324,3633,7663,0.702803,3703,324
4,212,547561,230431,1222,77,82,0.040306,0.745654,1473,-1,ok,0,0,0,0,1472,1,1,1.90517,1222,9491,10729,1,3.5423,1222,18917,21495,8.66124,41512,1222
4,213,466238,312299,1571,102,265,0.070912,0.981495,2030,-1,ok,0,0,0,0,2029,1,1,2.74953,1573,13651,15036,1,4.61852,1571,25070,27015,9.60894,48789,1571
4,214,234897,536226,1213,79,212,0.065382,0.758508,1628,-1,ok,0,0,0,0,1627,1,1,1.61353,1215,8999,11711,1,2.76404,1213,15510,20792,8.98186,45493,1213
4,215,580756,561650,1750,113,113,0.051886,0.66351,2207,-1,ok,0,0,0,0,2206,1,1,2.85726,1752,14934,15970,1,5.08886,1750,26811,29629,14.2422,69389,1750
4,216,744886,554466,1138,74,182,0.059181,0.456894,1397,-1,ok,0,0,0,0,1396,1,1,1.46678,1142,8250,9465,1,2.84982,1140,15918,18098,7.18216,36805,1138
4,217,864144,644857,1147,73,196,0.056176,0.70653,1480,-1,ok,0,0,0,0,1479,1,1,1.51439,1153,7998,11765,1,2.4617,1153,13696,21876,8.2628,41653,1147
4,218,155929,549165,1194,75,83,0.040947,0.632233,1489,-1,ok,0,0,0,0,1488,1,1,1.94729,1194,9504,11091,1,3.10947,1194,17371,21856,8.09795,40836,1194
4,219,734340,664355,1063,67,67,0.040705,0.607947,1322,-1,ok,0,0,0,0,1321,1,1,1.53517,1063,8101,10574,1,2.90232,1063,15768,19551,6.57513,34008,1063
4,220,483567,570424,1455,89,89,0.041898,0.570728,1778,-1,ok,0,0,0,0,1777,1,1,2.30505,1455,12411,14049,1,4.43542,1455,24681,27573,9.60816,48921,1455
4,221,639206,652049,2073,130,130,0.06427,1.08164,2606,-1,ok,0,0,0,0,2605,1,1,3.46144,2075,17941,18801,1,5.58347,2073,31360,33914,14.559,73262,2073
4,222,93334,537056,1452,91,91,0.075761,0.716939,1803,-1,ok,0,0,0,0,1802,1,1,1.91244,1452,10466,12591,1,3.34238,1452,18730,24936,7.54662,41025,1452
4,223,603581,431982,437,29,60,0.018595,0.254326,496,-1,ok,0,0,0,0,495,1,1,0.664391,443,2732,4303,1,0.929036,443,4734,8244,1.54385,7661,437
4,224,439095,658592,1491,96,96,0.044625,0.889683,1878,-1,ok,0,0,0,0,1877,1,1,2.57262,1493,12131,13042,1,4.02657,1491,21276,22726,11.8474,60308,1491
4,225,814923,899971,128,10,10,0.006824,0.067838,165,-1,ok,0,0,0,0,164,1,1,0.201256,128,1069,1500,1,0.345967,128,1996,3421,0.488965,2672,128
4,226,498998,590659,2587,164,407,0.084698,1.30147,3230,-1,ok,0,0,0,0,3229,1,1,4.13104,2589,22260,23200,1,7.54204,2587,41890,44922,15.3254,80834,2587
4,227,559098,530053,2275,145,301,0.111398,1.36081,2784,-1,ok,0,0,0,0,2783,1,1,3.39866,2279,17427,20084,1,5.51033,2277,30606,36176,10.1627,53898,2275
4,228,549050,87356,1368,85,85,0.062057,0.858826,1705,-1,ok,0,0,0,0,1704,1,1,2.30047,1368,10394,12089,1,4.03661,1368,20581,24442,9.51144,43802,1368
4,229,507967,791931,2780,176,178,0.080479,1.52168,3381,-1,ok,0,0,0,0,3380,1,1,4.33646,2782,22934,23779,1,7.93036,2780,43641,45524,17.1453,87192,2780
4,230,403304,932996,1476,93,113,0.076374,1.01566,1795,-1,ok,0,0,0,0,1794,1,1,2.39301,1476,11316,12588,1,3.8033,1476,19294,21652,9.5374,48724,1476
4,231,779288,400102,1980,124,253,0.08097,1.06109,2499,-1,ok,0,0,0,0,2498,1,1,3.32258,1980,17521,19302,1,5.57322,1980,30791,36537,14.9856,75230,1980
4,232,115537,717680,835,53,109,0.051387,0.403654,1042,-1,ok,0,0,0,0,1041,1,1,1.27991,835,6760,8117,1,2.28658,835,12207,14883,3.99924,21113,835
4,233,625715,531035,2478,156,355,0.082395,0.999087,3099,-1,ok,0,0,0,0,3098,1,1,3.49756,2480,18928,21656,1,6.07829,2478,33480,41124,14.1118,73695,2478
4,234,12779,392632,1393,87,129,0.082844,0.951929,1710,-1,ok,0,0,0,0,1709,1,1,2.09221,1399,10816,14295,1,3.55838,1393,20118,29135,7.46582,40916,1393
4,235,491073,550893,600,37,37,0.030157,0.354653,721,-1,ok,0,0,0,0,720,1,1,1.14361,600,5936,6510,1,1.91119,600,10126,12452,4.2092,19518,600
4,236,544640,612058,608,38,63,0.014718,0.239356,705,-1,ok,0,0,0,0,704,1,1,0.661576,608,3713,5626,1,1.20046,608,7338,10983,2.99796,17730,608
4,237,349394,221491,1219,76,76,0.033944,0.55695,1450,-1,ok,0,0,0,0,1449,1,1,2.05296,1219,11341,12579,1,4.20426,1219,23048,25626,6.88145,37230,1219
4,238,643343,800035,1098,68,68,0.040476,0.624898,1393,-1,ok,0,0,0,0,1392,1,1,2.21907,1098,10311,10859,1,3.57193,1098,18535,20231,8.12171,41464,1098
4,239,466292,494384,1056,69,69,0.044904,0.672988,1375,-1,ok,0,0,0,0,1374,1,1,1.84048,1058,8815,10876,1,3.20928,1056,17551,21129,5.86862,30097,1056
4,240,263294,711941,727,46,149,0.035146,0.495618,902,-1,ok,0,0,0,0,901,1,1,0.672588,727,3078,7156,1,1.03463,727,5691,14816,3.91589,19914,727
4,241,540708,407534,2386,150,150,0.058499,1.09197,3039,-1,ok,0,0,0,0,3038,1,1,3.85323,2388,19903,23039,1,6.51919,2386,35711,44198,14.0547,73400,2386
4,242,407548,728111,217,14,31,0.016671,0.184285,236,-1,ok,0,0,0,0,235,1,1,0.157755,217,217,3506,1,0.075961,217,217,8832,0.118412,217,217
4,243,495501,485664,2437,155,300,0.079268,1.38007,3048,-1,ok,0,0,0,0,3047,1,1,4.42981,2439,22503,24150,1,7.83524,2437,41492,46343,15.1329,77339,2437
4,244,720906,179696,594,39,39,0.055777,0.434742,745,-1,ok,0,0,0,0,744,1,1,1.23199,594,5560,6254,1,2.2513,594,11327,12790,3.29347,16388,594
4,245,650350,482575,2675,168,369,0.087463,1.32088,3228,-1,ok,0,0,0,0,3227,1,1,4.1174,2677,20431,23557,1,7.31826,2675,38668,45511,13.3947,70704,2675
4,246,638652,817933,1535,96,96,0.073486,0.912225,1972,-1,ok,0,0,0,0,1971,1,1,2.75988,1535,14294,15071,1,4.65686,1535,24899,27100,10.8536,55609,1535
4,247,548934,567346,842,53,98,0.0267,0.349102,929,-1,ok,0,0,0,0,928,1,1,0.822708,842,4656,6904,1,1.66822,842,9816,14347,4.49054,24352,842
4,248,573392,445311,937,60,126,0.041427,0.541062,1172,-1,ok,0,0,0,0,1171,1,1,1.12683,939,5578,8824,1,1.82668,937,10067,17310,5.48398,27552,937
4,249,791829,669974,699,46,68,0.01646,0.307734,734,-1,ok,0,0,0,0,733,1,1,0.675854,699,2982,5150,1,0.962971,699,4860,10347,1.09738,5774,699
4,250,181289,193174,55,4,4,0.00485,0.070172,114,-1,ok,0,0,0,0,113,1,1,0.052287,55,169,533,1,0.045535,55,247,1654,0.044744,247,55
4,251,734304,877601,1239,77,77,0.03205,0.737518,1582,-1,ok,0,0,0,0,1581,1,1,2.72661,1239,11309,12392,1,4.03159,1239,20378,23037,8.44022,42458,1239
4,252,541771,272040,815,51,51,0.035326,0.414465,1024,-1,ok,0,0,0,0,1023,1,1,1.48552,815,7247,8658,1,2.50113,815,13244,17302,4.56284,24166,815
4,253,555426,520840,632,39,39,0.024016,0.360284,707,-1,ok,0,0,0,0,706,1,1,0.698506,632,4211,6500,1,1.16146,632,7156,13729,3.0131,17798,632
4,254,554148,468913,1653,106,211,0.057246,1.0069,2136,-1,ok,0,0,0,0,2135,1,1,2.63199,1655,13010,14961,1,4.26407,1653,23166,26935,10.7116,53433,1653
4,255,407897,554527,1448,93,93,0.056596,0.788583,1729,-1,ok,0,0,0,0,1728,1,1,2.0048,1452,11331,12836,1,3.8869,1450,19855,22490,11.0477,55076,1448
4,256,476137,886494,1697,106,269,0.077115,0.956079,2182,-1,ok,0,0,0,0,2181,1,1,3.85666,1703,16807,17461,1,6.201,1703,31070,32944,11.3291,56352,1697
4,257,647690,523082,2414,153,428,0.108652,1.2002,3015,-1,ok,0,0,0,0,3014,1,1,3.97724,2418,20736,21522,1,7.01502,2416,37023,38551,17.9913,90555,2414
4,258,841766,458240,1678,104,168,0.079438,1.08115,2151,-1,ok,0,0,0,0,2150,1,1,2.65626,1684,14265,17059,1,4.35628,1684,24584,31893,13.1779,66477,1678
4,259,462910,637233,417,27,34,0.016791,0.247512,574,-1,ok,0,0,0,0,573,1,1,0.510122,417,3032,4283,1,1.10375,417,6295,7918,2.1159,11833,417
4,260,536976,551877,19,3,3,0.003667,0.051947,64,-1,ok,0,0,0,0,63,1,1,0.019416,19,19,382,1,0.008645,19,19,1131,0.01102,19,19
4,261,42610,554524,1736,113,113,0.06414,1.02191,2229,-1,ok,0,0,0,0,2228,1,1,3.31541,1746,15076,16584,1,5.56001,1738,27651,30289,12.3697,61353,1736
4,262,613794,229015,1113,72,172,0.063578,0.683138,1506,-1,ok,0,0,0,0,1505,1,1,1.7503,1115,9526,10384,1,2.9977,1113,16072,18234,7.2266,37126,1113
4,263,786608,624950,1914,119,311,0.104836,0.932413,2367,-1,ok,0,0,0,0,2366,1,1,3.09794,1920,15761,17187,1,5.12302,1920,28694,32225,14.2904,73614,1914
4,264,412226,542166,1648,106,272,0.081663,0.994418,2091,-1,ok,0,0,0,0,2090,1,1,2.2738,1650,11533,14262,1,3.70809,1648,20527,25829,12.8362,64093,1648
4,265,578007,584682,2557,161,400,0.109485,1.23167,3156,-1,ok,0,0,0,0,3155,1,1,3.86695,2559,21520,22451,1,6.99171,2557,39501,42524,15.7501,80842,2557
4,266,129099,357177,198,13,24,0.012914,0.247312,311,-1,ok,0,0,0,0,310,1,1,0.247463,198,938,2282,1,0.33109,198,1667,5073,0.350305,1823,198
4,267,670451,218543,1088,71,71,0.038121,0.640146,1461,-1,ok,0,0,0,0,1460,1,1,1.87867,1090,9178,10406,1,3.0338,1088,15364,18663,6.88321,33694,1088
4,268,636901,562811,880,53,53,0.03254,0.430174,955,-1,ok,0,0,0,0,954,1,1,1.13416,880,6334,6779,1,2.26776,880,12715,14723,5.28801,26825,880
4,269,161898,720900,750,49,161,0.034946,0.50782,967,-1,ok,0,0,0,0,966,1,1,0.824381,750,3261,7519,1,1.17104,750,5976,15413,4.51066,21524,750
4,270,536127,726744,1037,65,65,0.030417,0.443549,1354,-1,ok,0,0,0,0,1353,1,1,1.63757,1039,8553,9658,1,2.60511,1039,14653,17994,6.2418,33227,1037
4,271,182733,659592,907,57,57,0.030326,0.303118,1148,-1,ok,0,0,0,0,1147,1,1,1.38105,907,7867,8228,1,2.63007,907,14546,15562,6.87842,35409,907
4,272,557521,334467,2898,182,228,0.079077,1.25469,3543,-1,ok,0,0,0,0,3542,1,1,4.71455,2902,23119,26966,1,7.62678,2900,40971,50762,14.0987,73457,2898
4,273,550876,844900,1310,84,95,0.076075,0.961925,1705,-1,ok,0,0,0,0,1704,1,1,2.18812,1310,11239,12418,1,3.72498,1310,19761,21985,9.07241,46488,1310
4,274,442000,527458,1850,120,251,0.075129,0.789475,2381,-1,ok,0,0,0,0,2380,1,1,3.15295,1852,15617,16617,1,4.92377,1850,26708,29043,13.1599,69421,1850
4,275,163378,695363,985,63,63,0.046949,0.654032,1286,-1,ok,0,0,0,0,1285,1,1,1.72094,985,8554,9235,1,2.97259,985,15887,17236,7.73196,38613,985
4,276,469207,449288,2393,151,227,0.075921,1.16349,3012,-1,ok,0,0,0,0,3011,1,1,3.91433,2395,20571,23574,1,6.72244,2393,37532,45296,13.938,73363,2393
4,277,621533,503471,384,25,46,0.018144,0.299222,433,-1,ok,0,0,0,0,432,1,1,0.375712,390,1649,3347,1,0.662028,390,3286,6499,0.922073,4835,384
4,278,584186,780781,627,41,41,0.022654,0.314227,772,-1,ok,0,0,0,0,771,1,1,0.85052,631,4869,5312,1,1.40388,629,7974,10021,3.83704,18390,627
4,279,537110,215501,1213,76,107,0.046458,0.761573,1460,-1,ok,0,0,0,0,1459,1,1,2.01376,1213,9925,10925,1,3.55767,1213,18994,21107,8.32717,41547,1213
4,280,552659,521369,42,5,7,0.005493,0.063762,95,-1,ok,0,0,0,0,94,1,1,0.030586,42,42,1238,1,0.014337,42,42,3407,0.014958,42,42
4,281,470354,521484,1808,116,240,0.055301,0.99032,2297,-1,ok,0,0,0,0,2296,1,1,2.96734,1810,13978,15877,1,4.52293,1808,24083,28148,13.3566,67589,1808
4,282,779294,490035,423,28,41,0.016199,0.199353,556,-1,ok,0,0,0,0,555,1,1,0.231432,425,1102,4238,1,0.458384,423,2296,9149,0.651598,3597,423
4,283,856695,383684,1735,106,169,0.055868,1.01813,2168,-1,ok,0,0,0,0,2167,1,1,2.76008,1735,14195,17666,1,4.50568,1735,24781,33790,13.4762,66731,1735
4,284,856911,565634,2043,128,342,0.104673,0.898372,2566,-1,ok,0,0,0,0,2565,1,1,3.16219,2043,17590,19183,1,5.39821,2043,30670,35159,14.5528,74365,2043
4,285,226029,617772,1109,69,95,0.055702,0.494034,1372,-1,ok,0,0,0,0,1371,1,1,1.63538,1109,9509,10897,1,3.19855,1109,18096,21580,7.71959,40961,1109
4,286,273528,498716,214,13,13,0.007026,0.105649,269,-1,ok,0,0,0,0,268,1,1,0.228615,214,1042,2000,1,0.35838,214,1928,4415,0.401551,2252,214
4,287,585019,659525,120,9,9,0.006883,0.093476,157,-1,ok,0,0,0,0,156,1,1,0.072245,120,224,1754,1,0.089166,120,474,4312,0.170198,752,120
4,288,714688,746144,256,16,16,0.006995,0.169764,297,-1,ok,0,0,0,0,296,1,1,0.205926,256,1314,2298,1,0.466806,256,2777,4289,0.585263,3471,256
4,289,487154,401935,1115,74,74,0.034615,0.675644,1440,-1,ok,0,0,0,0,1439,1,1,1.81467,1117,8765,11733,1,3.09632,1115,16822,21312,5.60444,29893,1115
4,290,558487,858169,252,16,34,0.012214,0.226421,395,-1,ok,0,0,0,0,394,1,1,0.445594,258,1935,2990,1,0.542163,252,2765,5030,0.554827,2917,252
4,291,574271,660088,2395,152,152,0.054953,1.21502,2932,-1,ok,0,0,0,0,2931,1,1,4.37859,2397,20299,20817,1,7.36911,2395,38159,39159,14.391,70720,2395
4,292,41143,546444,721,47,100,0.053921,0.553013,944,-1,ok,0,0,0,0,943,1,1,0.934598,721,4166,6822,1,1.49298,721,7642,13238,3.36101,18062,721
4,293,760001,646214,1715,108,108,0.053199,0.943423,2208,-1,ok,0,0,0,0,2207,1,1,2.62528,1717,14669,15686,1,4.74518,1715,26831,28124,13.2147,68484,1715
4,294,185761,377965,506,33,66,0.016761,0.221724,673,-1,ok,0,0,0,0,672,1,1,0.44857,506,2705,4132,1,0.903147,506,5350,7873,2.75907,15369,506
4,295,604576,736790,940,59,68,0.030957,0.478493,1011,-1,ok,0,0,0,0,1010,1,1,1.27576,940,6688,7300,1,2.46666,940,13981,15420,5.58226,29173,940
4,296,604356,279676,1122,69,93,0.0377,0.58291,1357,-1,ok,0,0,0,0,1356,1,1,1.69561,1122,8794,10456,1,3.14657,1122,16766,20439,7.06212,37132,1122
4,297,467430,178127,281,18,18,0.007694,0.160039,348,-1,ok,0,0,0,0,347,1,1,0.33772,281,1716,2621,1,0.612815,281,3368,4799,0.752427,4332,281
4,298,473402,701873,1457,94,94,0.049553,0.718474,1818,-1,ok,0,0,0,0,1817,1,1,2.54483,1459,11427,12454,1,3.76389,1457,19597,22087,10.6686,54516,1457
4,299,546168,470167,91,7,10,0.007445,0.105978,142,-1,ok,0,0,0,0,141,1,1,0.073917,91,91,966,1,0.034155,91,91,2747,0.024435,91,91
6,0,515417,637366,1801,28,28,0.019667,1.64888,2692,-1,ok,0,0,0,0,2691,1,1,7.07203,1801,33210,40713,1,7.47231,1801,40998,53101,12.0373,55476,1801
6,1,221578,683609,709,13,18,0.009669,0.645136,1098,-1,ok,0,0,0,0,1097,1,1,1.43021,709,7893,19053,1,2.16205,709,11807,26436,3.33697,17883,709
6,2,566063,455879,224,4,4,0.004297,0.310451,525,-1,ok,0,0,0,0,524,1,1,0.096541,224,392,7478,1,0.458778,224,2277,13157,0.566379,2755,224
6,3,364509,251282,377,7,7,0.003677,0.253234,494,-1,ok,0,0,0,0,493,1,1,0.789405,377,4509,6304,1,1.16646,377,6521,11589,1.42935,7916,377
6,4,713214,541596,268,6,6,0.004648,0.278892,503,-1,ok,0,0,0,0,502,1,1,0.178003,268,281,9034,1,0.063819,268,281,15241,0.131706,281,268
6,5,708892,372109,865,14,14,0.005099,0.469297,1232,-1,ok,0,0,0,0,1231,1,1,3.98153,865,18089,20638,1,4.7813,865,23155,28996,7.82272,33055,865
6,6,549730,910635,485,10,10,0.006723,0.55624,960,-1,ok,0,0,0,0,959,1,1,1.61153,485,6781,9045,1,2.23426,485,10610,15446,2.5424,11505,485
6,7,428575,333335,686,11,11,0.00539,0.342169,979,-1,ok,0,0,0,0,978,1,1,1.79189,686,10080,13929,1,2.4551,686,14032,21174,3.51545,19844,686
6,8,103741,529812,1209,21,21,0.007985,0.82912,1848,-1,ok,0,0,0,0,1847,1,1,4.31753,1209,22920,29482,1,6.19101,1209,32105,44906,7.71723,40816,1209
6,9,504438,99296,1284,21,21,0.009067,0.723672,1839,-1,ok,0,0,0,0,1838,1,1,4.69246,1284,24467,29482,1,6.75603,1284,34961,44906,7.83871,40831,1284
6,10,503002,473385,659,13,13,0.006753,0.511015,1214,-1,ok,0,0,0,0,1213,1,1,1.45136,659,8001,16999,1,2.49385,659,13034,26931,3.4541,18056,659
6,11,594375,693937,1954,31,31,0.036809,1.27819,2823,-1,ok,0,0,0,0,2822,1,1,7.90736,1954,37951,39816,1,9.37639,1954,48272,52234,13.5172,67204,1954
6,12,184179,575147,1336,23,44,0.018144,1.29673,2179,-1,ok,0,0,0,0,2178,1,1,4.70731,1336,23815,27730,1,5.54455,1336,29780,38061,10.0006,51137,1336
6,13,84373,731343,822,14,26,0.010239,0.861731,1475,-1,ok,0,0,0,0,1474,1,1,2.48817,822,11921,22893,1,2.84543,822,14788,29198,4.39494,22213,822
6,14,533139,449475,806,13,24,0.007715,0.472675,1159,-1,ok,0,0,0,0,1158,1,1,2.55924,806,14001,16074,1,3.33609,806,17970,23476,4.57802,24850,806
6,15,800775,353868,725,14,18,0.006452,0.547975,1012,-1,ok,0,0,0,0,1011,1,1,1.05446,725,3544,15348,1,0.718112,725,3662,20218,0.905884,3662,725
6,16,580536,834346,1638,28,28,0.009428,1.14209,2571,-1,ok,0,0,0,0,2570,1,1,7.39774,1638,33379,35634,1,8.57369,1638,42941,49825,11.6831,56131,1638
6,17,705977,179642,451,9,9,0.009568,0.42288,810,-1,ok,0,0,0,0,809,1,1,2.25375,451,10525,13842,1,2.65489,451,12292,18011,2.46923,12349,451
6,18,591189,502974,573,10,10,0.00552,0.460221,874,-1,ok,0,0,0,0,873,1,1,1.14877,573,6790,13334,1,2.05468,573,11955,24710,2.95525,17174,573
6,19,696806,606078,410,8,8,0.003697,0.268391,689,-1,ok,0,0,0,0,688,1,1,0.822577,410,4607,8827,1,1.31451,410,6966,16384,1.91321,10136,410
6,20,649644,351270,898,15,15,0.007153,0.783393,1501,-1,ok,0,0,0,0,1500,1,1,2.61177,898,10732,17232,1,2.64871,898,14341,24720,5.6796,27816,898
6,21,364679,647787,786,13,13,0.007333,0.584693,1215,-1,ok,0,0,0,0,1214,1,1,2.27022,786,11320,19594,1,2.80597,786,15101,28225,4.67516,24119,786
6,22,236480,558798,1348,22,22,0.009518,1.05167,2231,-1,ok,0,0,0,0,2230,1,1,4.82077,1348,24224,27135,1,5.7278,1348,29950,36050,10.2384,51938,1348
6,23,429002,590281,593,9,9,0.006753,0.527886,1114,-1,ok,0,0,0,0,1113,1,1,2.20647,593,9593,12828,1,2.48105,593,13290,19895,2.87716,14142,593
6,24,732327,437963,2826,48,48,0.025077,1.88751,4285,-1,ok,0,0,0,0,4284,1,1,12.4021,2826,53941,62968,1,14.2523,2826,69231,80014,15.1631,75758,2826
6,25,695045,573533,2638,44,44,0.05856,2.03131,3831,-1,ok,0,0,0,0,3830,1,1,10.8354,2638,50577,55490,1,13.0599,2638,64449,73386,14.0072,70636,2638
6,26,653917,554134,819,14,14,0.013565,0.948082,1516,-1,ok,0,0,0,0,1515,1,1,1.98294,819,11296,19768,1,2.46272,819,13752,25920,4.08149,22528,819
6,27,591152,758487,1441,23,23,0.025298,0.911303,2032,-1,ok,0,0,0,0,2031,1,1,5.45232,1441,27032,31906,1,6.86301,1441,35075,41386,10.4331,54336,1441
6,28,530231,797885,2838,47,47,0.03648,1.97844,4081,-1,ok,0,0,0,0,4080,1,1,11.2246,2838,56995,60337,1,13.6409,2838,69807,77255,16.9784,87207,2838
6,29,461730,614781,2269,37,37,0.055744,1.91723,3384,-1,ok,0,0,0,0,3383,1,1,9.14676,2269,46080,49483,1,11.2163,2269,58017,66002,14.2359,73263,2269
6,30,444980,608103,2053,32,32,0.04849,1.75096,3090,-1,ok,0,0,0,0,3089,1,1,7.34042,2053,35717,37186,1,8.81364,2053,46020,51407,15.5557,77390,2053
6,31,625582,540051,1625,27,27,0.014598,1.31152,2316,-1,ok,0,0,0,0,2315,1,1,5.00373,1625,26201,34997,1,6.46269,1625,34459,50581,11.4254,58442,1625
6,32,525321,196202,1187,20,20,0.011242,0.842725,1676,-1,ok,0,0,0,0,1675,1,1,4.65096,1187,23748,27641,1,6.53292,1187,34242,42375,7.59196,39681,1187
6,33,478182,565842,1838,30,30,0.028783,1.44,2863,-1,ok,0,0,0,0,2862,1,1,7.15772,1838,34676,41499,1,7.76106,1838,42084,53776,10.4959,54134,1838
6,34,537719,542421,274,5,5,0.007063,0.340878,547,-1,ok,0,0,0,0,546,1,1,0.98018,274,5199,7636,1,0.925511,274,5199,12612,0.923667,5199,274
6,35,606091,561377,46,2,2,0.003156,0.187019,293,-1,ok,0,0,0,0,292,1,1,0.026089,46,46,5932,1,0.010018,46,46,10995,0.018615,46,46
6,36,540484,237922,578,10,10,0.006052,0.438169,801,-1,ok,0,0,0,0,800,1,1,1.96391,578,8722,14307,1,2.921,578,13642,23597,2.9131,14971,578
6,37,916340,481104,632,11,11,0.007414,0.566759,1111,-1,ok,0,0,0,0,1110,1,1,1.46471,632,6699,15151,1,1.92611,632,9625,21773,3.04546,14872,632
6,38,547698,473617,2323,38,38,0.022602,1.31809,3560,-1,ok,0,0,0,0,3559,1,1,9.12668,2323,42987,52678,1,11.5516,2323,57084,70854,13.83,70722,2323
6,39,503531,560189,206,5,5,0.009306,0.399257,559,-1,ok,0,0,0,0,558,1,1,0.675273,206,2601,8297,1,0.741446,206,3506,14289,0.885325,3507,206
6,40,528285,633179,2234,36,36,0.02158,1.68246,3405,-1,ok,0,0,0,0,3404,1,1,8.75714,2234,42783,47814,1,10.8838,2234,56880,65935,13.7731,70518,2234
6,41,528291,124629,1240,21,21,0.015249,1.10084,1919,-1,ok,0,0,0,0,1918,1,1,4.90943,1240,24133,29482,1,6.69802,1240,34627,44906,8.10882,40626,1240
6,42,218360,732318,1260,23,23,0.011373,0.938975,1841,-1,ok,0,0,0,0,1840,1,1,4.45053,1260,24147,28423,1,5.75972,1260,30582,38908,6.82432,36829,1260
6,43,673429,646337,1726,28,28,0.028614,1.21754,2661,-1,ok,0,0,0,0,2660,1,1,5.72454,1726,27721,37259,1,6.48007,1726,35364,49841,10.4595,53246,1726
6,44,677903,545932,2495,41,41,0.053259,1.57651,3714,-1,ok,0,0,0,0,3713,1,1,8.88693,2495,46761,52359,1,11.2513,2495,59207,71303,14.9426,79377,2495
6,45,599861,473157,116,3,6,0.009177,0.3149,353,-1,ok,0,0,0,0,352,1,1,0.065883,116,116,7437,1,0.053149,116,116,13196,0.053391,116,116
6,46,771679,448047,942,15,15,0.009136,0.697994,1223,-1,ok,0,0,0,0,1222,1,1,3.13947,942,16008,19630,1,4.1152,942,21643,29983,4.97133,26277,942
6,47,613652,373259,1541,26,60,0.011972,0.804525,2166,-1,ok,0,0,0,0,2165,1,1,5.23468,1541,27657,35570,1,6.96331,1541,36469,48597,12.0945,61879,1541
6,48,559115,582478,645,12,12,0.007895,0.599531,1014,-1,ok,0,0,0,0,1013,1,1,1.36736,645,6900,11638,1,1.53903,645,8597,18336,1.58772,8597,645
6,49,138045,605112,1531,24,24,0.022241,1.26832,2560,-1,ok,0,0,0,0,2559,1,1,6.65239,1531,28665,30076,1,7.39466,1531,36866,42067,12.0707,57282,1531
6,50,715274,544491,2277,37,37,0.038761,1.61975,3298,-1,ok,0,0,0,0,3297,1,1,8.22128,2277,42600,46321,1,9.85838,2277,52225,62643,15.2593,79200,2277
6,51,118518,621231,1297,20,20,0.015118,1.14776,1952,-1,ok,0,0,0,0,1951,1,1,4.32389,1297,21741,26685,1,4.80629,1297,25892,34860,9.40256,47326,1297
6,52,560125,876072,607,11,11,0.008777,0.488723,1126,-1,ok,0,0,0,0,1125,1,1,2.32435,607,12016,15151,1,2.94821,607,16023,21773,3.18154,17204,607
6,53,457330,549752,200,4,4,0.004639,0.287408,531,-1,ok,0,0,0,0,530,1,1,0.391903,200,1982,7801,1,0.645556,200,3416,14106,0.675182,3599,200
6,54,185650,870115,627,11,11,0.007575,0.562962,1108,-1,ok,0,0,0,0,1107,1,1,2.58254,627,11104,17698,1,2.57607,627,11572,22661,2.50835,11572,627
6,55,519871,693835,2142,34,34,0.02112,1.25313,3155,-1,ok,0,0,0,0,3154,1,1,8.64946,2142,44694,45827,1,10.6477,2142,56200,58595,13.8182,73105,2142
6,56,140914,484062,1346,21,21,0.042148,1.09456,2049,-1,ok,0,0,0,0,2048,1,1,4.24603,1346,21843,30273,1,4.74451,1346,25994,38120,8.8264,47059,1346
6,57,630216,170691,1277,20,20,0.028934,0.815634,2042,-1,ok,0,0,0,0,2041,1,1,4.74651,1277,25054,26685,1,5.85645,1277,31072,34860,8.71947,42674,1277
6,58,686374,577768,450,7,7,0.004709,0.356888,607,-1,ok,0,0,0,0,606,1,1,0.736977,450,3578,7759,1,0.828999,450,4752,14110,2.7068,11733,450
6,59,625714,607337,2167,35,35,0.020128,1.30609,3226,-1,ok,0,0,0,0,3225,1,1,7.82177,2167,41207,44619,1,10.0237,2167,53089,61083,14.079,73254,2167
6,60,160386,877813,1001,15,15,0.013494,0.950467,1618,-1,ok,0,0,0,0,1617,1,1,3.97337,1001,18734,20689,1,5.09652,1001,23787,26401,4.92909,24866,1001
6,61,557207,713255,2128,35,35,0.028602,1.54608,3295,-1,ok,0,0,0,0,3294,1,1,8.01205,2128,41244,43531,1,10.2778,2128,54019,57740,13.6877,71776,2128
6,62,689095,577712,931,19,21,0.012073,0.766163,1362,-1,ok,0,0,0,0,1361,1,1,4.16621,931,18649,21177,1,4.65175,931,24623,32500,5.70672,27410,931
6,63,118518,543922,1546,24,24,0.025028,1.28977,2345,-1,ok,0,0,0,0,2344,1,1,6.05192,1546,27054,30041,1,6.13288,1546,32565,38947,10.9774,54964,1546
6,64,743230,714700,454,9,9,0.007283,0.501808,827,-1,ok,0,0,0,0,826,1,1,1.38474,454,6820,10452,1,1.25892,454,7226,16539,1.22755,7262,454
6,65,451281,500222,1729,28,28,0.020107,1.29938,2562,-1,ok,0,0,0,0,2561,1,1,6.22203,1729,32414,39344,1,7.49095,1729,40263,52076,10.5674,53341,1729
6,66,87326,638815,783,14,14,0.011301,0.829572,1472,-1,ok,0,0,0,0,1471,1,1,2.84335,783,13808,22062,1,3.29122,783,17045,30087,4.26848,21613,783
6,67,873089,178288,543,9,9,0.007895,0.515104,1092,-1,ok,0,0,0,0,1091,1,1,2.16847,543,8539,16157,1,2.10463,543,8868,22295,1.95028,8868,543
6,68,540231,698411,324,7,7,0.004599,0.339404,535,-1,ok,0,0,0,0,534,1,1,1.82988,324,7419,8851,1,1.99495,324,10668,16094,2.27058,11259,324
6,69,608054,502046,428,9,10,0.005289,0.475139,873,-1,ok,0,0,0,0,872,1,1,1.63771,428,7141,11937,1,1.83564,428,9341,19457,1.94342,9740,428
6,70,551981,134941,1142,20,20,0.007835,0.753549,1721,-1,ok,0,0,0,0,1720,1,1,5.14,1142,22393,25342,1,6.55916,1142,31994,37465,7.86731,37155,1142
6,71,463217,908917,606,11,11,0.007304,0.573843,1025,-1,ok,0,0,0,0,1024,1,1,2.27727,606,10118,13851,1,2.63373,606,13936,20928,2.96044,15134,606
6,72,633916,540912,2768,45,45,0.023585,1.75128,4145,-1,ok,0,0,0,0,4144,1,1,11.3355,2768,54494,57434,1,14.1522,2768,69481,75746,15.3753,78468,2768
6,73,797852,552425,1119,21,21,0.014627,1.05778,1784,-1,ok,0,0,0,0,1783,1,1,3.78694,1119,18012,25459,1,4.40781,1119,23739,35455,4.97139,25862,1119
6,74,746160,847884,1478,23,23,0.027822,1.2036,2253,-1,ok,0,0,0,0,2252,1,1,6.36244,1478,28725,32371,1,7.02178,1478,36135,41921,10.7195,53994,1478
6,75,759766,548195,703,13,13,0.009869,0.756433,1504,-1,ok,0,0,0,0,1503,1,1,2.1282,703,10348,18841,1,2.25,703,12356,24545,3.06669,16496,703
6,76,413741,394099,778,13,23,0.009077,0.682056,1161,-1,ok,0,0,0,0,1160,1,1,2.48151,778,12875,20175,1,3.03949,778,16658,30727,3.7401,20512,778
6,77,913394,471896,1104,17,17,0.010189,0.801298,1523,-1,ok,0,0,0,0,1522,1,1,3.98518,1104,19811,23440,1,4.35679,1104,23419,31769,8.78975,44041,1104
6,78,652297,501706,101,2,2,0.004209,0.169707,278,-1,ok,0,0,0,0,277,1,1,0.050804,101,101,5932,1,0.028995,101,101,10995,0.047319,101,101
6,79,528306,440834,2348,38,38,0.016101,1.46716,3515,-1,ok,0,0,0,0,3514,1,1,8.88181,2348,42990,52678,1,11.3608,2348,57087,70854,13.9558,70725,2348
6,80,579216,344905,687,12,22,0.013194,0.67418,932,-1,ok,0,0,0,0,931,1,1,1.41446,687,7070,16343,1,2.26132,687,11882,26241,3.55986,18817,687
6,81,291425,565940,613,10,10,0.00576,0.493572,824,-1,ok,0,0,0,0,823,1,1,1.711,613,8502,12272,1,1.84133,613,9937,17116,4.19128,22156,613
6,82,560203,166249,1334,22,22,0.019036,0.991854,2159,-1,ok,0,0,0,0,2158,1,1,4.4268,1334,21313,27977,1,5.27071,1334,27838,37265,7.68242,39639,1334
6,83,725367,601383,506,10,10,0.006853,0.486299,901,-1,ok,0,0,0,0,900,1,1,1.65046,506,8346,11764,1,2.2129,506,11884,20013,2.52709,13653,506
6,84,690950,626446,632,12,12,0.005891,0.374641,943,-1,ok,0,0,0,0,942,1,1,1.48411,632,8276,15115,1,1.86856,632,10835,21818,2.01372,11509,632
6,85,885107,623720,1723,27,27,0.020358,1.06829,2480,-1,ok,0,0,0,0,2479,1,1,6.62875,1723,33470,36866,1,7.68629,1723,41149,49133,13.6459,69467,1723
6,86,452862,582210,1864,31,31,0.044513,1.37909,2929,-1,ok,0,0,0,0,2928,1,1,7.27202,1864,37017,44603,1,8.10885,1864,44272,56469,10.4985,55382,1864
6,87,643668,475109,189,4,4,0.007353,0.362597,600,-1,ok,0,0,0,0,599,1,1,0.068549,189,189,8793,1,0.045644,189,189,13303,0.073187,189,189
6,88,72436,674500,1030,19,19,0.008926,1.00814,1885,-1,ok,0,0,0,0,1884,1,1,4.8834,1030,24058,26382,1,5.88922,1030,30301,34537,7.36477,37614,1030
6,89,868641,853704,37,2,2,0.00522,0.211285,362,-1,ok,0,0,0,0,361,1,1,0.016861,37,38,4777,1,0.010089,37,37,8062,0.011051,37,37
6,90,644709,548157,2038,32,32,0.01617,1.39849,2999,-1,ok,0,0,0,0,2998,1,1,6.95112,2038,35589,43900,1,8.22806,2038,43747,55754,14.0215,70826,2038
6,91,582005,373594,1217,21,21,0.013394,0.886247,1724,-1,ok,0,0,0,0,1723,1,1,5.00047,1217,23414,26395,1,6.91102,1217,34036,40309,9.314,45309,1217
6,92,677416,621320,2042,33,33,0.030206,1.18409,2875,-1,ok,0,0,0,0,2874,1,1,7.29745,2042,38073,40366,1,9.33363,2042,48351,53791,13.4943,70315,2042
6,93,705859,580720,219,4,4,0.006993,0.245549,388,-1,ok,0,0,0,0,387,1,1,0.211454,219,1029,5254,1,0.248616,219,1257,11009,0.260847,1257,219
6,94,431412,580719,607,12,12,0.007053,0.431656,946,-1,ok,0,0,0,0,945,1,1,2.51981,607,11401,15616,1,3.25818,607,16849,26241,3.37385,17721,607
6,95,437348,552419,661,12,12,0.005821,0.341328,1120,-1,ok,0,0,0,0,1119,1,1,1.90642,661,11136,18589,1,2.91464,661,16789,28511,3.11662,18299,661
6,96,758271,503460,743,13,13,0.007463,0.735004,1464,-1,ok,0,0,0,0,1463,1,1,2.11471,743,10383,18841,1,2.31575,743,12391,24545,3.50466,18490,743
6,97,868701,479347,1176,18,18,0.009637,0.81851,1645,-1,ok,0,0,0,0,1644,1,1,4.09499,1176,19762,26727,1,4.33464,1176,23354,35207,9.10288,45874,1176
6,98,562097,501182,3169,51,51,0.03185,1.78633,4542,-1,ok,0,0,0,0,4541,1,1,10.004,3169,50767,60922,1,12.3835,3169,64855,81892,14.199,74431,3169
6,99,278199,257290,49,1,0,0.004148,0.159137,174,-1,ok,0,0,0,0,173,1,1,0.050975,49,49,3130,1,0.01051,49,49,8403,0.013415,49,49
6,100,570049,534288,47,1,0,0.001934,0.077544,74,-1,ok,0,0,0,0,73,1,1,0.023715,47,47,3195,1,0.009628,47,47,10321,0.020077,47,47
6,101,541954,728137,425,8,8,0.006512,0.516706,846,-1,ok,0,0,0,0,845,1,1,1.58699,425,8266,11046,1,2.02648,425,10570,16489,1.99686,10772,425
6,102,215378,85837,389,8,8,0.00534,0.49834,882,-1,ok,0,0,0,0,881,1,1,0.863355,389,4696,11972,1,0.916403,389,5275,15447,0.935519,5539,389
6,103,589928,544726,2226,36,36,0.02143,1.45657,3321,-1,ok,0,0,0,0,3320,1,1,8.15471,2226,41776,47814,1,10.185,2226,53699,65935,14.3693,73866,2226
6,104,541522,549453,805,14,14,0.010009,0.716169,1288,-1,ok,0,0,0,0,1287,1,1,2.12512,805,11622,19057,1,3.50868,805,18900,30604,4.61409,23643,805
6,105,502684,483770,978,18,34,0.010128,0.580666,1681,-1,ok,0,0,0,0,1680,1,1,3.23015,978,18955,23730,1,4.58682,978,26596,34788,5.28737,30698,978
6,106,185739,464682,1225,20,20,0.028173,1.21072,2244,-1,ok,0,0,0,0,2243,1,1,4.57858,1225,20312,30008,1,4.87915,1225,25638,39413,8.85819,44382,1225
6,107,564997,595611,2276,37,49,0.036398,1.66424,3387,-1,ok,0,0,0,0,3386,1,1,7.5561,2276,39303,42405,1,9.32328,2276,50618,57485,10.9782,58396,2276
6,108,589155,636201,2476,40,40,0.04797,1.82177,3531,-1,ok,0,0,0,0,3530,1,1,10.4578,2476,48980,51137,1,12.8143,2476,62537,67841,14.149,70451,2476
6,109,531285,901687,2128,33,33,0.072536,1.77395,3033,-1,ok,0,0,0,0,3032,1,1,8.696,2128,41438,43359,1,11.0279,2128,55262,57842,13.5875,68196,2128
6,110,732706,576220,224,5,5,0.009588,0.318025,407,-1,ok,0,0,0,0,406,1,1,0.562452,224,2895,5421,1,0.560568,224,3123,11348,0.606004,3123,224
6,111,109733,638731,1000,16,16,0.009748,0.841293,1463,-1,ok,0,0,0,0,1462,1,1,3.88697,1000,20365,21980,1,5.4794,1000,28516,31465,6.58787,35200,1000
6,112,662568,191645,835,15,15,0.006273,0.50844,1160,-1,ok,0,0,0,0,1159,1,1,2.78648,835,14668,17269,1,4.03112,835,20435,26379,7.30886,33636,835
6,113,374965,759941,1238,19,19,0.009128,0.800927,1737,-1,ok,0,0,0,0,1736,1,1,4.15696,1238,19474,23193,1,4.69968,1238,24523,30033,8.34289,43838,1238
6,114,719164,27693,1169,20,20,0.008976,0.713354,1814,-1,ok,0,0,0,0,1813,1,1,4.56005,1169,22413,27450,1,5.83968,1169,29163,36811,8.11679,40737,1169
6,115,752294,934231,163,4,4,0.005119,0.226594,350,-1,ok,0,0,0,0,349,1,1,0.312253,163,1373,4895,1,0.28342,163,1566,8159,0.330167,1566,163
6,116,655535,844782,573,11,11,0.00539,0.616362,1354,-1,ok,0,0,0,0,1353,1,1,1.84631,573,8503,13764,1,2.45253,573,12937,20261,3.29099,16115,573
6,117,474798,607811,1695,26,26,0.023395,1.09872,2496,-1,ok,0,0,0,0,2495,1,1,5.47788,1695,27333,32254,1,6.552,1695,34889,43834,12.389,63777,1695
6,118,913321,352359,1830,30,64,0.017413,1.32936,2577,-1,ok,0,0,0,0,2576,1,1,5.98847,1830,30422,39562,1,7.8427,1830,39827,54013,13.4964,67065,1830
6,119,458475,638815,192,4,4,0.006882,0.305361,473,-1,ok,0,0,0,0,472,1,1,0.062666,192,192,8312,1,0.172181,192,891,14255,0.180007,941,192
6,120,185587,899904,797,13,17,0.007735,0.662007,1262,-1,ok,0,0,0,0,1261,1,1,2.78833,797,12871,15806,1,3.08091,797,14393,22169,6.1242,28653,797
6,121,660993,722496,1439,24,24,0.020628,0.852984,2148,-1,ok,0,0,0,0,2147,1,1,4.67985,1439,24733,30855,1,6.26296,1439,33592,44512,9.38641,49024,1439
6,122,587664,590978,396,8,11,0.007394,0.409096,767,-1,ok,0,0,0,0,766,1,1,0.621231,396,2897,11936,1,0.484345,396,2903,16738,0.499424,2903,396
6,123,227425,627948,1391,24,24,0.008736,0.947221,2000,-1,ok,0,0,0,0,1999,1,1,4.25719,1391,23926,30775,1,6.07183,1391,32884,43877,9.4228,48375,1391
6,124,404568,507174,380,6,6,0.00524,0.227144,523,-1,ok,0,0,0,0,522,1,1,0.811467,380,3884,9574,1,0.75909,380,4446,17111,0.81829,4446,380
6,125,234885,555140,1077,19,19,0.007634,0.605964,1590,-1,ok,0,0,0,0,1589,1,1,3.22434,1077,17956,24511,1,4.78607,1077,25357,38153,7.49681,38485,1077
6,126,379198,738927,1657,27,27,0.010019,1.07568,2398,-1,ok,0,0,0,0,2397,1,1,6.40656,1657,32105,37059,1,7.90011,1657,41180,50895,9.60887,50465,1657
6,127,516377,549670,2291,37,37,0.03721,1.62052,3424,-1,ok,0,0,0,0,3423,1,1,8.72664,2291,42924,51402,1,11.444,2291,57021,69195,13.253,70659,2291
6,128,346621,479141,772,14,16,0.013683,0.832615,1233,-1,ok,0,0,0,0,1232,1,1,2.81983,772,14810,18154,1,3.65415,772,19960,27865,4.43253,23874,772
6,129,380939,508659,970,17,17,0.007354,0.506196,1583,-1,ok,0,0,0,0,1582,1,1,2.41348,970,13501,23773,1,3.36127,970,18411,35607,3.57755,20262,970
6,130,549667,582479,32,2,2,0.003917,0.126495,187,-1,ok,0,0,0,0,186,1,1,0.020858,32,32,6529,1,0.01567,32,32,11007,0.017683,32,32
6,131,231944,556389,1377,24,24,0.007883,0.611703,2024,-1,ok,0,0,0,0,2023,1,1,5.08387,1377,26730,32052,1,7.00154,1377,36314,47743,9.02058,47464,1377
6,132,444980,143997,639,11,11,0.008115,0.538076,1070,-1,ok,0,0,0,0,1069,1,1,1.46724,639,8205,13922,1,2.15421,639,12158,22805,2.56247,14571,639
6,133,553121,561095,2824,46,46,0.025346,1.90156,4267,-1,ok,0,0,0,0,4266,1,1,10.0849,2824,49717,56261,1,12.2517,2824,63498,76289,14.0831,73309,2824
6,134,557186,599599,2595,43,43,0.068208,2.12978,3816,-1,ok,0,0,0,0,3815,1,1,9.33543,2595,48522,55370,1,11.9737,2595,63072,74064,15.2126,80846,2595
6,135,752223,476482,939,14,14,0.013406,0.973209,1340,-1,ok,0,0,0,0,1339,1,1,3.56472,939,18657,21195,1,4.22809,939,22280,28711,4.7703,25957,939
6,136,668229,470670,2659,45,45,0.027054,1.71707,4010,-1,ok,0,0,0,0,4009,1,1,10.4063,2659,49692,59416,1,13.2365,2659,63949,77752,13.767,70689,2659
6,137,328875,564452,195,3,3,0.009106,0.35292,364,-1,ok,0,0,0,0,363,1,1,0.195284,195,894,3993,1,0.192109,195,898,8180,0.178914,898,195
6,138,642157,729840,1731,27,61,0.01575,1.36947,2526,-1,ok,0,0,0,0,2525,1,1,4.62608,1731,24806,35809,1,5.67738,1731,31736,46178,10.1142,53712,1731
6,139,90305,752572,987,16,16,0.01098,0.953614,1890,-1,ok,0,0,0,0,1889,1,1,3.77798,987,17579,23101,1,4.10733,987,20112,26930,4.08432,21023,987
6,140,540469,868590,1095,18,25,0.010289,0.666405,1624,-1,ok,0,0,0,0,1623,1,1,4.16336,1095,20266,23219,1,5.15373,1095,25868,33704,7.72475,38391,1095
6,141,554237,542468,341,6,8,0.004918,0.388686,678,-1,ok,0,0,0,0,677,1,1,0.889432,341,3855,5399,1,1.14131,341,5747,11175,1.19736,5867,341
6,142,552875,544670,2521,40,40,0.019866,1.75175,3760,-1,ok,0,0,0,0,3759,1,1,8.71713,2521,44661,51170,1,10.8473,2521,57266,70022,13.7766,73344,2521
6,143,489779,135045,582,11,11,0.011932,0.614007,935,-1,ok,0,0,0,0,934,1,1,1.92783,582,10431,16148,1,2.83321,582,14961,26128,2.82298,15398,582
6,144,684986,321427,899,15,15,0.007114,0.525853,1278,-1,ok,0,0,0,0,1277,1,1,2.81776,899,14262,21409,1,3.77823,899,19005,29574,7.29953,34162,899
6,145,551199,39629,1264,20,20,0.022332,1.1,2231,-1,ok,0,0,0,0,2230,1,1,5.88868,1264,25076,31207,1,5.89906,1264,29755,37985,8.54359,39964,1264
6,146,161784,518507,1403,23,23,0.031489,1.09343,2270,-1,ok,0,0,0,0,2269,1,1,4.69922,1403,24362,29104,1,5.37887,1403,29175,38605,9.80414,50296,1403
6,147,916310,555655,611,11,11,0.008827,0.448559,1132,-1,ok,0,0,0,0,1131,1,1,1.24715,611,6648,15151,1,1.78974,611,9574,21773,2.61168,14115,611
6,148,358724,558670,1036,18,18,0.008384,0.564555,1857,-1,ok,0,0,0,0,1856,1,1,3.19215,1036,17352,21465,1,4.03838,1036,21730,30943,7.57605,39297,1036
6,149,491303,659590,417,7,7,0.005661,0.402683,624,-1,ok,0,0,0,0,623,1,1,1.80886,417,8546,9379,1,2.19257,417,11887,15315,2.34532,13217,417
6,150,551910,879052,1906,31,31,0.017583,1.22599,2769,-1,ok,0,0,0,0,2768,1,1,8.47521,1906,37839,43238,1,10.152,1906,49698,59104,11.1264,55146,1906
6,151,548928,513895,2545,41,41,0.040616,1.73825,3780,-1,ok,0,0,0,0,3779,1,1,9.55194,2545,47350,55813,1,12.5395,2545,62404,74563,13.4023,70674,2545
6,152,544907,516738,841,14,14,0.013816,0.802851,1154,-1,ok,0,0,0,0,1153,1,1,2.71997,841,14774,18618,1,3.54519,841,19731,27002,4.86328,25710,841
6,153,596621,550078,3073,50,50,0.027161,1.90705,4526,-1,ok,0,0,0,0,4525,1,1,12.1209,3073,57797,61518,1,15.4003,3073,75780,81763,17.0796,87684,3073
6,154,457377,679268,965,16,16,0.017382,1.12551,1778,-1,ok,0,0,0,0,1777,1,1,3.92408,965,20625,22731,1,4.36696,965,24261,27913,4.92999,27753,965
6,155,888007,738901,148,3,3,0.005269,0.213629,515,-1,ok,0,0,0,0,514,1,1,0.617734,148,3181,6266,1,0.612254,148,3181,9086,0.606013,3181,148
6,156,557446,245356,1550,25,25,0.01635,0.964272,2461,-1,ok,0,0,0,0,2460,1,1,4.97475,1550,26019,30023,1,6.00437,1550,32726,40157,7.32725,40658,1550
6,157,269058,233403,285,5,5,0.005842,0.275825,378,-1,ok,0,0,0,0,377,1,1,0.489995,285,2000,4526,1,0.488644,285,2627,8463,0.661426,3379,285
6,158,561143,482354,629,12,12,0.006733,0.635528,1134,-1,ok,0,0,0,0,1133,1,1,2.06428,629,8019,15413,1,2.77794,629,13052,24715,3.90166,17927,629
6,159,476616,512534,204,4,4,0.003758,0.248235,437,-1,ok,0,0,0,0,436,1,1,0.703595,204,3478,7269,1,0.868683,204,4646,13929,1.09109,6051,204
6,160,651112,289929,1373,22,22,0.009198,0.921683,1970,-1,ok,0,0,0,0,1969,1,1,4.72689,1373,22582,25511,1,5.37047,1373,28163,33656,8.70627,45876,1373
6,161,728484,372110,264,5,5,0.00575,0.321791,685,-1,ok,0,0,0,0,684,1,1,0.111509,264,294,6409,1,0.130776,264,294,11967,0.095909,309,264
6,162,569402,643340,2200,35,35,0.019457,1.27782,3345,-1,ok,0,0,0,0,3344,1,1,7.11559,2200,36140,43662,1,8.77251,2200,46809,58938,9.98773,55450,2200
6,163,148333,409238,245,6,6,0.008486,0.307985,366,-1,ok,0,0,0,0,365,1,1,0.300772,245,1531,3834,1,0.275746,245,1531,5727,0.267981,1531,245
6,164,464750,373454,1640,27,27,0.018344,1.16183,2677,-1,ok,0,0,0,0,2676,1,1,6.37906,1640,33875,36130,1,7.53301,1640,41159,45807,9.44127,51643,1640
6,165,355695,858397,800,11,11,0.009026,0.718823,1299,-1,ok,0,0,0,0,1298,1,1,2.67983,800,13717,14557,1,3.40744,800,17569,19354,3.38286,18252,800
6,166,671610,490121,1975,33,48,0.024877,1.19849,3096,-1,ok,0,0,0,0,3095,1,1,8.30019,1975,39195,45982,1,9.80736,1975,49361,58275,16.3353,76395,1975
6,167,620032,817899,1017,18,33,0.012853,0.998867,1932,-1,ok,0,0,0,0,1931,1,1,2.6067,1017,14010,18895,1,3.82429,1017,21121,27834,5.26981,27881,1017
6,168,475138,561483,915,16,16,0.009246,0.633454,1670,-1,ok,0,0,0,0,1669,1,1,3.34433,915,18272,22419,1,4.05355,915,22813,28349,5.39985,30334,915
6,169,677523,564943,2418,39,39,0.030698,1.7091,3605,-1,ok,0,0,0,0,3604,1,1,9.32546,2418,43398,47174,1,11.523,2418,55983,62338,17.68,84521,2418
6,170,547139,894242,1009,18,18,0.013073,0.972769,1738,-1,ok,0,0,0,0,1737,1,1,2.70551,1009,14568,16200,1,3.63956,1009,19415,23395,3.48852,19650,1009
6,171,513656,703356,1488,23,23,0.02703,1.14041,2061,-1,ok,0,0,0,0,2060,1,1,6.54767,1488,27618,29962,1,7.19106,1488,36066,39362,11.8358,57709,1488
6,172,561653,646343,1780,29,29,0.033193,1.3611,2687,-1,ok,0,0,0,0,2686,1,1,5.3342,1780,28973,38417,1,6.73566,1780,37891,52246,9.91163,53602,1780
6,173,452860,580211,2703,44,44,0.040204,1.75555,4082,-1,ok,0,0,0,0,4081,1,1,10.3671,2703,53745,60601,1,12.8712,2703,67073,78095,15.0683,80816,2703
6,174,457346,589806,992,17,17,0.018023,1.09804,1785,-1,ok,0,0,0,0,1784,1,1,4.04763,992,20590,23658,1,4.28581,992,24226,29288,5.55131,29685,992
6,175,125970,564306,414,7,7,0.006742,0.459048,585,-1,ok,0,0,0,0,584,1,1,1.166,414,4666,9572,1,1.07126,414,5306,15172,1.16021,5306,414
6,176,432903,536123,1450,25,25,0.009658,1.1268,2087,-1,ok,0,0,0,0,2086,1,1,6.68611,1450,29985,33916,1,7.64788,1450,39732,47108,9.90199,48138,1450
6,177,586708,335970,692,12,22,0.009598,0.588842,979,-1,ok,0,0,0,0,978,1,1,1.18667,692,6914,16343,1,2.07976,692,12082,26241,3.47819,19204,692
6,178,127595,700137,422,7,7,0.006112,0.441374,745,-1,ok,0,0,0,0,744,1,1,1.01699,422,4133,11380,1,0.88758,422,4133,17923,0.928436,4133,422
6,179,538665,123021,1064,18,18,0.006823,0.658911,1561,-1,ok,0,0,0,0,1560,1,1,4.16916,1064,20869,23802,1,5.84552,1064,29515,34846,6.43446,34570,1064
6,180,352712,882018,430,7,7,0.008265,0.436144,781,-1,ok,0,0,0,0,780,1,1,1.44851,430,5280,11186,1,1.22269,430,5526,16339,1.25678,5526,430
6,181,570105,642882,409,8,8,0.004679,0.419955,824,-1,ok,0,0,0,0,823,1,1,1.11018,409,6370,11701,1,1.58736,409,9336,16869,1.71869,10197,409
6,182,236454,64964,158,3,3,0.004248,0.305491,493,-1,ok,0,0,0,0,492,1,1,0.705549,158,3096,7446,1,0.585062,158,3096,11165,0.652299,3096,158
6,183,547182,801522,1262,22,22,0.008617,0.986985,2101,-1,ok,0,0,0,0,2100,1,1,3.77357,1262,17263,22461,1,4.25765,1262,23589,30850,5.52862,28573,1262
6,184,684920,553657,177,4,4,0.00533,0.26231,390,-1,ok,0,0,0,0,389,1,1,0.18155,177,530,7242,1,0.141103,177,670,13701,0.174125,670,177
6,185,552875,351270,1255,20,20,0.008526,0.774056,2152,-1,ok,0,0,0,0,2151,1,1,3.33942,1255,17029,23529,1,3.86455,1255,22246,32625,6.24592,34338,1255
6,186,492765,584268,2039,33,33,0.030167,1.25349,3016,-1,ok,0,0,0,0,3015,1,1,8.09237,2039,38073,40799,1,10.1001,2039,50258,55351,16.822,80673,2039
6,187,155792,743182,560,10,10,0.011201,0.692965,899,-1,ok,0,0,0,0,898,1,1,1.08288,560,4818,14055,1,1.18315,560,5709,19671,1.28514,5800,560
6,188,433249,556063,1470,25,25,0.010649,1.16894,2395,-1,ok,0,0,0,0,2394,1,1,4.33215,1470,22061,26772,1,5.59238,1470,29315,35632,10.8596,53381,1470
6,189,675909,548947,322,6,6,0.00589,0.267038,481,-1,ok,0,0,0,0,480,1,1,0.670804,322,3084,8973,1,0.543365,322,3084,16956,0.586155,3084,322
6,190,801727,652069,1904,30,30,0.016842,1.37132,2741,-1,ok,0,0,0,0,2740,1,1,7.08384,1904,35559,39003,1,8.23112,1904,43873,51899,14.0304,72405,1904
6,191,424436,194685,1235,19,19,0.015129,1.03084,1864,-1,ok,0,0,0,0,1863,1,1,5.4602,1235,23886,28167,1,5.6894,1235,28927,36882,7.49896,36924,1235
6,192,568596,520838,78,2,2,0.004899,0.214983,331,-1,ok,0,0,0,0,330,1,1,0.044242,78,78,5081,1,0.034445,78,78,11014,0.034394,78,78
6,193,537052,487130,2582,43,59,0.019316,1.80237,3961,-1,ok,0,0,0,0,3960,1,1,10.966,2582,50245,57269,1,13.5809,2582,66777,76069,15.7672,77015,2582
6,194,287117,597610,1357,21,21,0.018284,1.29388,2084,-1,ok,0,0,0,0,2083,1,1,4.24407,1357,21968,23852,1,5.24412,1357,28243,34182,10.3971,53827,1357
6,195,734217,369103,902,15,24,0.010478,0.70066,1271,-1,ok,0,0,0,0,1270,1,1,4.04435,902,16940,20756,1,4.42669,902,22027,28996,7.97618,37832,902
6,196,609326,594424,18,1,0,0.002404,0.057687,59,-1,ok,0,0,0,0,58,1,1,0.018615,18,18,2941,1,0.006022,18,18,7747,0.007244,18,18
6,197,555356,373478,150,3,3,0.003997,0.174907,415,-1,ok,0,0,0,0,414,1,1,0.212434,150,946,6028,1,0.215103,150,955,11461,0.190786,955,150
6,198,538782,596393,2887,49,49,0.02124,1.84381,4410,-1,ok,0,0,0,0,4409,1,1,11.6042,2887,53309,55538,1,14.8919,2887,70772,74150,17.643,90119,2887
6,199,853804,764242,234,4,4,0.010189,0.367897,415,-1,ok,0,0,0,0,414,1,1,0.179345,234,997,6111,1,0.202458,234,1221,9372,0.208389,1221,234
6,200,546144,731449,1563,26,26,0.014026,1.35555,2384,-1,ok,0,0,0,0,2383,1,1,6.0445,1563,28643,34946,1,7.46879,1563,39137,50260,9.69143,49057,1563
6,201,546580,470520,70,2,2,0.005229,0.182122,243,-1,ok,0,0,0,0,242,1,1,0.061004,70,70,2145,1,0.015299,70,70,4920,0.033462,70,70
6,202,587180,610058,2820,47,47,0.027281,2.02667,4187,-1,ok,0,0,0,0,4186,1,1,10.3587,2820,52147,59010,1,13.291,2820,68225,79232,15.4085,80831,2820
6,203,554148,555672,34,1,0,0.004899,0.127489,127,-1,ok,0,0,0,0,126,1,1,0.04302,34,34,3588,1,0.008596,34,34,9789,0.008835,34,34
6,204,618603,576023,2630,42,42,0.021209,2.11932,3931,-1,ok,0,0,0,0,3930,1,1,9.39117,2630,47550,50938,1,11.6935,2630,61307,69277,14.2186,73278,2630
6,205,111185,663982,1131,20,20,0.014959,1.11455,1764,-1,ok,0,0,0,0,1763,1,1,4.25582,1131,22850,26287,1,6.24566,1131,32038,40054,7.76627,40593,1131
6,206,558415,519079,908,16,16,0.008156,0.483443,1241,-1,ok,0,0,0,0,1240,1,1,1.3484,908,7932,18318,1,2.24699,908,13145,30553,3.12655,18460,908
6,207,273703,668225,1512,27,28,0.009708,0.724814,2201,-1,ok,0,0,0,0,2200,1,1,5.30311,1512,29243,34379,1,7.41307,1512,39702,49273,10.4791,54992,1512
6,208,342313,675920,1135,19,22,0.010158,0.603507,1552,-1,ok,0,0,0,0,1551,1,1,4.24393,1135,22839,24982,1,5.72666,1135,30386,34949,8.55455,43864,1135
6,209,455838,475237,29,2,2,0.00575,0.150361,182,-1,ok,0,0,0,0,181,1,1,0.03234,29,29,2614,1,0.006311,29,29,4644,0.020267,29,29
6,210,407548,553070,2852,46,46,0.017311,2.01518,4225,-1,ok,0,0,0,0,4224,1,1,11.7262,2852,53509,57222,1,15.1264,2852,71439,77461,17.3443,87342,2852
6,211,504813,914851,324,5,5,0.014016,0.516265,543,-1,ok,0,0,0,0,542,1,1,0.810776,324,3703,8568,1,0.744292,324,3703,11231,0.702803,3703,324
6,212,547561,230431,1222,21,21,0.009738,1.03161,1785,-1,ok,0,0,0,0,1784,1,1,5.27627,1222,23785,26303,1,6.76591,1222,33897,39693,8.66124,41512,1222
6,213,466238,312299,1571,26,26,0.029696,1.32039,2606,-1,ok,0,0,0,0,2605,1,1,6.70962,1571,32845,34975,1,7.33566,1571,39266,43910,9.60894,48789,1571
6,214,234897,536226,1213,20,46,0.014318,1.08401,2020,-1,ok,0,0,0,0,2019,1,1,3.49014,1213,19642,28648,1,4.55206,1213,23873,35795,8.98186,45493,1213
6,215,580756,561650,1750,29,29,0.032321,0.971416,2679,-1,ok,0,0,0,0,2678,1,1,7.04375,1750,34281,38417,1,8.58172,1750,43001,52246,14.2422,69389,1750
6,216,744886,554466,1138,20,40,0.014538,0.963662,2163,-1,ok,0,0,0,0,2162,1,1,3.70624,1138,18903,21973,1,4.82667,1138,25264,29479,7.18216,36805,1138
6,217,864144,644857,1147,18,18,0.01033,0.911053,1640,-1,ok,0,0,0,0,1639,1,1,3.75968,1147,18710,28138,1,4.35049,1147,23306,37642,8.2628,41653,1147
6,218,155929,549165,1194,21,21,0.010068,0.926803,1971,-1,ok,0,0,0,0,1970,1,1,4.43381,1194,22948,29482,1,6.14342,1194,32125,44906,8.09795,40836,1194
6,219,734340,664355,1063,17,17,0.009879,0.817127,1512,-1,ok,0,0,0,0,1511,1,1,3.48249,1063,18897,23511,1,4.0791,1063,22506,31127,6.57513,34008,1063
6,220,483567,570424,1455,23,23,0.010109,0.795277,1974,-1,ok,0,0,0,0,1973,1,1,5.37613,1455,28064,31634,1,7.15478,1455,38562,45577,9.60816,48921,1455
6,221,639206,652049,2073,34,34,0.035035,1.553,2990,-1,ok,0,0,0,0,2989,1,1,7.61253,2073,38254,41678,1,9.17857,2073,49279,57265,14.559,73262,2073
6,222,93334,537056,1452,25,25,0.014788,1.20375,2331,-1,ok,0,0,0,0,2330,1,1,4.78943,1452,25612,34393,1,6.08486,1452,32545,48652,7.54662,41025,1452
6,223,603581,431982,437,8,8,0.007443,0.526083,816,-1,ok,0,0,0,0,815,1,1,1.47227,437,5773,11441,1,1.46796,437,7659,19274,1.54385,7661,437
6,224,439095,658592,1491,24,24,0.019006,1.16634,2126,-1,ok,0,0,0,0,2125,1,1,5.67471,1491,25999,28252,1,6.70725,1491,34501,39901,11.8474,60308,1491
6,225,814923,899971,128,3,3,0.007174,0.220081,399,-1,ok,0,0,0,0,398,1,1,0.46543,128,2636,6011,1,0.484686,128,2672,8311,0.488965,2672,128
6,226,498998,590659,2587,42,42,0.019948,1.75406,3786,-1,ok,0,0,0,0,3785,1,1,9.7656,2587,50806,57666,1,12.1539,2587,63915,74919,15.3254,80834,2587
6,227,559098,530053,2275,36,36,0.05309,1.82043,3344,-1,ok,0,0,0,0,3343,1,1,7.20522,2275,36075,42927,1,8.43294,2275,45790,57511,10.1627,53898,2275
6,228,549050,87356,1368,24,24,0.015249,1.31212,2267,-1,ok,0,0,0,0,2266,1,1,5.86577,1368,26017,33749,1,7.30737,1368,36259,46677,9.51144,43802,1368
6,229,507967,791931,2780,47,47,0.038971,2.03889,4037,-1,ok,0,0,0,0,4036,1,1,10.9209,2780,53978,57335,1,13.6801,2780,68937,76400,17.1453,87192,2780
6,230,403304,932996,1476,22,22,0.051988,1.33897,2025,-1,ok,0,0,0,0,2024,1,1,5.66247,1476,24837,26738,1,6.60818,1476,33066,35626,9.5374,48724,1476
6,231,779288,400102,1980,32,76,0.019737,1.59665,2821,-1,ok,0,0,0,0,2820,1,1,7.05843,1980,36502,43504,1,8.78597,1980,46163,57731,14.9856,75230,1980
6,232,115537,717680,835,15,15,0.011131,0.666797,1226,-1,ok,0,0,0,0,1225,1,1,2.93445,835,15095,18399,1,3.95799,835,19695,25624,3.99924,21113,835
6,233,625715,531035,2478,40,40,0.025967,1.39898,3679,-1,ok,0,0,0,0,3678,1,1,8.21258,2478,41614,52225,1,10.224,2478,53530,71303,14.1118,73695,2478
6,234,12779,392632,1393,23,41,0.01555,1.19413,2062,-1,ok,0,0,0,0,2061,1,1,4.88046,1393,25495,33925,1,6.02986,1393,32436,46559,7.46582,40916,1393
6,235,491073,550893,600,12,12,0.007263,0.521426,1107,-1,ok,0,0,0,0,1106,1,1,2.02623,600,9448,15413,1,2.93347,600,14481,24715,4.2092,19518,600
6,236,544640,612058,608,11,11,0.005269,0.325591,1015,-1,ok,0,0,0,0,1014,1,1,1.66323,608,10022,14230,1,2.8728,608,16221,25606,2.99796,17730,608
6,237,349394,221491,1219,21,21,0.008136,0.657909,1702,-1,ok,0,0,0,0,1701,1,1,4.87889,1219,25002,27520,1,6.44802,1219,33888,39684,6.88145,37230,1219
6,238,643343,800035,1098,17,17,0.009538,0.728713,1533,-1,ok,0,0,0,0,1532,1,1,4.76952,1098,22585,25562,1,5.62071,1098,28097,36105,8.12171,41464,1098
6,239,466292,494384,1056,18,18,0.010951,1.02091,1883,-1,ok,0,0,0,0,1882,1,1,4.26082,1056,20749,25033,1,4.34651,1056,24385,30058,5.86862,30097,1056
6,240,263294,711941,727,12,18,0.008646,0.750633,1096,-1,ok,0,0,0,0,1095,1,1,1.49394,727,7458,18577,1,2.21543,727,11865,26436,3.91589,19914,727
6,241,540708,407534,2386,38,76,0.017332,1.60231,3473,-1,ok,0,0,0,0,3472,1,1,8.97351,2386,44938,53370,1,10.9174,2386,56495,70617,14.0547,73400,2386
6,242,407548,728111,217,4,7,0.01025,0.378508,400,-1,ok,0,0,0,0,399,1,1,0.145552,217,217,8505,1,0.071303,217,217,14863,0.118412,217,217
6,243,495501,485664,2437,41,57,0.02127,1.82126,3712,-1,ok,0,0,0,0,3711,1,1,9.94395,2437,47719,55016,1,12.8715,2437,63314,72554,15.1329,77339,2437
6,244,720906,179696,594,10,10,0.013894,0.694358,883,-1,ok,0,0,0,0,882,1,1,2.84453,594,12805,14396,1,3.38676,594,16240,19066,3.29347,16388,594
6,245,650350,482575,2675,43,43,0.024877,1.77115,3872,-1,ok,0,0,0,0,3871,1,1,10.3566,2675,49589,58022,1,12.5952,2675,62921,75050,13.3947,70704,2675
6,246,638652,817933,1535,25,25,0.018536,1.41964,2298,-1,ok,0,0,0,0,2297,1,1,6.29479,1535,30588,33056,1,7.94975,1535,39941,47347,10.8536,55609,1535
6,247,548934,567346,842,15,15,0.008646,0.702513,1429,-1,ok,0,0,0,0,1428,1,1,2.59297,842,13586,21032,1,3.96475,842,20742,32457,4.49054,24352,842
6,248,573392,445311,937,15,15,0.010288,0.787611,1486,-1,ok,0,0,0,0,1485,1,1,2.48584,937,11349,21044,1,2.48677,937,13805,27579,5.48398,27552,937
6,249,791829,669974,699,15,15,0.006862,0.500535,1052,-1,ok,0,0,0,0,1051,1,1,1.22086,699,5526,16386,1,1.07956,699,5774,22067,1.09738,5774,699
6,250,181289,193174,55,2,2,0.004459,0.218619,378,-1,ok,0,0,0,0,377,1,1,0.062738,55,247,4971,1,0.041747,55,247,10934,0.044744,247,55
6,251,734304,877601,1239,19,19,0.008033,0.917195,1832,-1,ok,0,0,0,0,1831,1,1,5.70509,1239,25021,29763,1,6.05929,1239,29642,37797,8.44022,42458,1239
6,252,541771,272040,815,16,16,0.009207,0.676364,1476,-1,ok,0,0,0,0,1475,1,1,2.76869,815,12520,19539,1,3.62873,815,18425,29083,4.56284,24166,815
6,253,555426,520840,632,12,12,0.0057,0.458467,895,-1,ok,0,0,0,0,894,1,1,1.1701,632,7388,13907,1,2.14137,632,12447,25185,3.0131,17798,632
6,254,554148,468913,1653,26,26,0.020189,1.26335,2456,-1,ok,0,0,0,0,2455,1,1,6.59026,1653,31144,34781,1,7.19118,1653,38618,46979,10.7116,53433,1653
6,255,407897,554527,1448,24,24,0.012493,1.19249,2287,-1,ok,0,0,0,0,2286,1,1,4.12325,1448,22017,25765,1,5.40536,1448,29299,35382,11.0477,55076,1448
6,256,476137,886494,1697,28,28,0.033834,1.26753,2536,-1,ok,0,0,0,0,2535,1,1,8.39004,1697,36441,40795,1,9.52247,1697,46958,55158,11.3291,56352,1697
6,257,647690,523082,2414,38,74,0.022862,1.82866,3545,-1,ok,0,0,0,0,3544,1,1,9.13015,2414,44197,45725,1,11.6166,2414,57091,60067,17.9913,90555,2414
6,258,841766,458240,1678,27,57,0.02167,1.52211,2461,-1,ok,0,0,0,0,2460,1,1,6.00341,1678,29741,38219,1,7.7053,1678,39450,53621,13.1779,66477,1678
6,259,462910,637233,417,8,8,0.010058,0.510925,942,-1,ok,0,0,0,0,941,1,1,1.88207,417,10142,11766,1,2.16504,417,11745,15979,2.1159,11833,417
6,260,536976,551877,19,1,0,0.002104,0.05923,64,-1,ok,0,0,0,0,63,1,1,0.023484,19,19,1975,1,0.004458,19,19,4472,0.01102,19,19
6,261,42610,554524,1736,28,28,0.014037,1.49938,2911,-1,ok,0,0,0,0,2910,1,1,7.22368,1736,31308,35059,1,7.82321,1736,38743,44829,12.3697,61353,1736
6,262,613794,229015,1113,17,17,0.013746,0.98445,1826,-1,ok,0,0,0,0,1825,1,1,3.95043,1113,19312,23303,1,4.61117,1113,24193,31963,7.2266,37126,1113
6,263,786608,624950,1914,31,31,0.029184,1.21442,2651,-1,ok,0,0,0,0,2650,1,1,7.06595,1914,35680,42515,1,8.94453,1914,46944,57923,14.2904,73614,1914
6,264,412226,542166,1648,27,55,0.017923,1.38298,2419,-1,ok,0,0,0,0,2418,1,1,4.75456,1648,24050,33036,1,5.27599,1648,29078,40972,12.8362,64093,1648
6,265,578007,584682,2557,41,41,0.038152,1.77583,3668,-1,ok,0,0,0,0,3667,1,1,8.97184,2557,47227,54078,1,11.6225,2557,60663,71659,15.7501,80842,2557
6,266,129099,357177,198,4,4,0.010099,0.394578,451,-1,ok,0,0,0,0,450,1,1,0.356637,198,1758,6937,1,0.378537,198,1914,11834,0.350305,1823,198
6,267,670451,218543,1088,18,18,0.010039,0.97394,1799,-1,ok,0,0,0,0,1798,1,1,4.22482,1088,18905,23437,1,4.679,1088,23709,31963,6.88321,33694,1088
6,268,636901,562811,880,16,16,0.006843,0.793062,1509,-1,ok,0,0,0,0,1508,1,1,3.57618,880,17238,22885,1,4.18373,880,22897,32813,5.28801,26825,880
6,269,161898,720900,750,13,19,0.009078,0.737078,1313,-1,ok,0,0,0,0,1312,1,1,2.20234,750,9422,20418,1,2.86836,750,14533,28967,4.51066,21524,750
6,270,536127,726744,1037,17,17,0.007915,0.609008,1526,-1,ok,0,0,0,0,1525,1,1,3.28715,1037,17383,23554,1,4.17198,1037,22406,31876,6.2418,33227,1037
6,271,182733,659592,907,16,16,0.006942,0.403586,1256,-1,ok,0,0,0,0,1255,1,1,3.09706,907,16452,17287,1,4.23621,907,22974,26436,6.87842,35409,907
6,272,557521,334467,2898,47,101,0.019847,1.74681,4213,-1,ok,0,0,0,0,4212,1,1,10.4438,2898,49135,58263,1,12.4769,2898,63396,77570,14.0987,73457,2898
6,273,550876,844900,1310,21,21,0.055264,1.32359,2005,-1,ok,0,0,0,0,2004,1,1,4.96576,1310,24560,28206,1,6.18682,1310,31939,37625,9.07241,46488,1310
6,274,442000,527458,1850,29,29,0.032371,1.20703,2781,-1,ok,0,0,0,0,2780,1,1,6.09614,1850,31259,34673,1,7.39255,1850,39678,47579,13.1599,69421,1850
6,275,163378,695363,985,18,18,0.012183,1.0216,1762,-1,ok,0,0,0,0,1761,1,1,4.34187,985,21608,23907,1,6.08704,985,30392,34306,7.73196,38613,985
6,276,469207,449288,2393,40,83,0.029544,1.82381,3910,-1,ok,0,0,0,0,3909,1,1,9.60077,2393,47839,56305,1,11.3393,2393,59634,73793,13.938,73363,2393
6,277,621533,503471,384,6,6,0.008396,0.415266,619,-1,ok,0,0,0,0,618,1,1,0.795978,384,3538,8506,1,0.929518,384,4833,16098,0.922073,4835,384
6,278,584186,780781,627,12,12,0.006612,0.473364,1066,-1,ok,0,0,0,0,1065,1,1,1.70945,627,8611,11332,1,2.83523,627,14408,17838,3.83704,18390,627
6,279,537110,215501,1213,21,21,0.009368,0.975813,1740,-1,ok,0,0,0,0,1739,1,1,5.52731,1213,23718,26303,1,6.72016,1213,33826,39693,8.32717,41547,1213
6,280,552659,521369,42,1,0,0.002585,0.116908,161,-1,ok,0,0,0,0,160,1,1,0.032782,42,42,3588,1,0.008616,42,42,9789,0.014958,42,42
6,281,470354,521484,1808,29,29,0.013916,1.41907,2825,-1,ok,0,0,0,0,2824,1,1,6.45575,1808,29905,34673,1,7.11642,1808,38075,47579,13.3566,67589,1808
6,282,779294,490035,423,8,8,0.007634,0.347761,678,-1,ok,0,0,0,0,677,1,1,0.564456,423,2798,11241,1,0.583721,423,3315,15454,0.651598,3597,423
6,283,856695,383684,1735,27,57,0.014147,1.37334,2420,-1,ok,0,0,0,0,2419,1,1,5.87654,1735,29797,38219,1,7.62439,1735,39506,53621,13.4762,66731,1735
6,284,856911,565634,2043,32,55,0.016631,1.45388,2998,-1,ok,0,0,0,0,2997,1,1,7.05774,2043,36619,40990,1,8.35894,2043,45002,54377,14.5528,74365,2043
6,285,226029,617772,1109,19,19,0.012302,0.868724,1630,-1,ok,0,0,0,0,1629,1,1,4.51691,1109,21029,24446,1,5.4766,1109,29524,37523,7.71959,40961,1109
6,286,273528,498716,214,5,5,0.00558,0.211937,415,-1,ok,0,0,0,0,414,1,1,0.348761,214,1892,7413,1,0.397934,214,2252,12679,0.401551,2252,214
6,287,585019,659525,120,4,4,0.004087,0.247504,455,-1,ok,0,0,0,0,454,1,1,0.17182,120,752,4852,1,0.124502,120,752,9400,0.170198,752,120
6,288,714688,746144,256,6,6,0.004248,0.265667,535,-1,ok,0,0,0,0,534,1,1,0.571729,256,3118,5388,1,0.544037,256,3471,8562,0.585263,3471,256
6,289,487154,401935,1115,20,20,0.01643,0.945567,1944,-1,ok,0,0,0,0,1943,1,1,4.26322,1115,20387,25527,1,4.25656,1115,24290,31897,5.60444,29893,1115
6,290,558487,858169,252,4,4,0.004619,0.279223,521,-1,ok,0,0,0,0,520,1,1,0.663812,252,2808,5992,1,0.567541,252,2917,9694,0.554827,2917,252
6,291,574271,660088,2395,40,40,0.017832,1.43044,3514,-1,ok,0,0,0,0,3513,1,1,10.9307,2395,49246,51137,1,12.9876,2395,62806,67841,14.391,70720,2395
6,292,41143,546444,721,12,12,0.013906,0.883541,1180,-1,ok,0,0,0,0,1179,1,1,2.40192,721,11745,18623,1,2.78463,721,14612,26359,3.36101,18062,721
6,293,760001,646214,1715,27,27,0.023493,1.17158,2458,-1,ok,0,0,0,0,2457,1,1,6.33029,1715,33445,35093,1,7.62616,1715,40949,44039,13.2147,68484,1715
6,294,185761,377965,506,9,9,0.007715,0.416017,941,-1,ok,0,0,0,0,940,1,1,1.615,506,9062,11275,1,2.51041,506,13785,18342,2.75907,15369,506
6,295,604576,736790,940,18,18,0.008706,0.779777,1427,-1,ok,0,0,0,0,1426,1,1,3.27378,940,16823,21010,1,4.3903,940,23924,32161,5.58226,29173,940
6,296,604356,279676,1122,19,19,0.008214,0.860649,1641,-1,ok,0,0,0,0,1640,1,1,3.89983,1122,18957,24446,1,5.465,1122,27664,37523,7.06212,37132,1122
6,297,467430,178127,281,5,5,0.006512,0.204663,356,-1,ok,0,0,0,0,355,1,1,0.58868,281,3198,4508,1,0.811336,281,4332,11018,0.752427,4332,281
6,298,473402,701873,1457,22,22,0.014888,0.905733,2000,-1,ok,0,0,0,0,1999,1,1,5.09316,1457,23023,26675,1,6.05559,1457,31149,35924,10.6686,54516,1457
6,299,546168,470167,91,2,3,0.005119,0.220002,290,-1,ok,0,0,0,0,289,1,1,0.057236,91,91,5163,1,0.040396,91,91,11743,0.024435,91,91
