level,pair,start,goal,true_dist,coarse_len,coarse_expanded,coarse_ms,lift_ms,lifted_cells,fail_level,fail_reason,endpoints_wrong,used_fallback,fallback_ok,fallback_ms,final_len,valid,c0_ok,c0_ms,c0_len,c0_expanded,c0_cells,c1_ok,c1_ms,c1_len,c1_expanded,c1_cells,fine_ms,fine_expanded,fine_len
2,0,2010448,7813185,3537,886,29953,17.0831,38.2674,3552,-1,ok,0,0,0,0,3551,1,1,4.79936,3537,11099,11259,1,8.22114,3537,29222,29985,192.267,580857,3537
2,1,12579166,9078023,1568,394,8405,4.34463,23.4433,1591,-1,ok,0,0,0,0,1590,1,1,2.24795,1568,4425,4564,1,2.74358,1568,10446,10896,48.1782,207650,1568
2,2,1333590,4439595,1414,354,10269,4.6104,18.0965,1435,-1,ok,0,0,0,0,1434,1,1,1.38469,1414,1486,5140,1,0.858665,1414,1614,14407,122.251,288056,1414
2,3,3773467,3914009,3647,914,58328,24.4126,20.2111,3662,-1,ok,0,0,0,0,3661,1,1,2.11603,3647,5833,11981,1,2.44173,3647,10556,31312,141.402,574921,3647
2,4,3313148,2503221,1216,310,6764,2.84041,5.60984,1243,-1,ok,0,0,0,0,1242,1,1,0.787413,1232,2218,4068,1,0.821274,1232,3447,10292,24.0116,110721,1216
2,5,7140541,10774717,1925,483,6116,2.73184,21.0981,1964,-1,ok,0,0,0,0,1963,1,1,2.19679,1925,4717,6162,1,2.90292,1925,11141,15861,101.317,372598,1925
2,6,8187875,9706060,1310,329,4922,1.94759,11.8053,1323,-1,ok,0,0,0,0,1322,1,1,0.910191,1310,2012,4438,1,0.971806,1310,3655,11659,17.3371,68186,1310
2,7,9627843,9885990,3738,935,39840,16.428,29.7039,3795,-1,ok,0,0,0,0,3794,1,1,2.60516,3738,7880,12366,1,3.86883,3738,17062,31824,259.253,736103,3738
2,8,7658869,7341623,669,168,5399,2.13841,5.07068,680,-1,ok,0,0,0,0,679,1,1,0.670704,669,2004,2391,1,1.02512,669,5210,6568,19.3222,89953,669
2,9,9079560,12955119,2601,652,1187,0.907457,20.1718,2646,-1,ok,0,0,0,0,2645,1,1,2.08293,2601,2952,7920,1,1.5297,2601,3631,19521,10.0602,39421,2601
2,10,3021799,6079542,2013,506,4477,1.96042,11.0544,2048,-1,ok,0,0,0,0,2047,1,1,2.01733,2013,5211,6085,1,2.7856,2013,12492,15931,98.7718,366918,2013
2,11,3809714,13009546,3762,942,32054,13.3746,32.4503,3785,-1,ok,0,0,0,0,3784,1,1,4.17321,3762,6247,12508,1,4.26551,3762,13454,34775,80.2158,349019,3762
2,12,8103489,7107447,2089,523,822,0.680021,13.8496,2106,-1,ok,0,0,0,0,2105,1,1,1.79596,2089,4773,6141,1,2.04492,2089,10425,14834,58.2037,233890,2089
2,13,2332859,8426127,4263,1135,43281,19.2436,18.1019,4584,-1,ok,0,0,0,0,4583,1,1,4.89229,4539,12237,14140,1,7.44965,4539,30120,36760,515.481,1.68904e+06,4263
2,14,12044454,2416847,4675,1170,6078,3.4752,19.3617,4692,-1,ok,0,0,0,0,4691,1,1,4.93344,4675,7228,15829,1,4.76736,4675,13961,41171,231.315,835345,4675
2,15,7549516,3032970,3582,897,33755,15.3964,23.0595,3605,-1,ok,0,0,0,0,3604,1,1,4.56397,3582,9363,12072,1,7.03063,3582,23855,32640,531.024,1.81662e+06,3582
2,16,12927868,12892271,2462,617,13653,5.41784,9.41213,2473,-1,ok,0,0,0,0,2472,1,1,1.77156,2462,8198,9099,1,4.44035,2462,22824,26015,65.1325,288014,2462
2,17,9833831,12288662,2580,646,23541,9.71862,6.30964,2617,-1,ok,0,0,0,0,2616,1,1,1.41829,2580,2616,8832,1,1.13548,2580,2860,24021,1.15735,2590,2580
2,18,6814149,9852082,1202,302,4289,2.08094,7.27545,1227,-1,ok,0,0,0,0,1226,1,1,1.31628,1206,1558,4395,1,0.855379,1206,2390,11568,4.03554,14274,1202
2,19,9528140,2664047,3318,831,16883,6.96825,10.8367,3365,-1,ok,0,0,0,0,3364,1,1,4.00422,3318,7486,10830,1,5.23315,3318,16821,28970,185.085,619476,3318
2,20,6495471,7529905,2441,611,21284,7.86777,7.3928,2470,-1,ok,0,0,0,0,2469,1,1,1.64266,2441,4945,7571,1,2.279,2441,11502,19783,145.088,487683,2441
2,21,12325382,10067215,1607,402,4463,1.76511,5.56294,1640,-1,ok,0,0,0,0,1639,1,1,1.13577,1607,1608,5256,1,0.668149,1607,1660,13827,2.88852,9051,1607
2,22,3585937,1775879,2463,617,7840,2.82323,5.21109,2470,-1,ok,0,0,0,0,2469,1,1,1.22753,2463,2463,8208,1,0.961918,2463,2501,22229,0.9998,2463,2463
2,23,11721680,9491931,1321,331,4131,1.89877,2.42719,1346,-1,ok,0,0,0,0,1345,1,1,1.282,1321,1790,3729,1,0.862542,1321,2694,8566,7.15895,33344,1321
2,24,3621375,11317103,3740,937,15676,6.53699,8.06371,3765,-1,ok,0,0,0,0,3764,1,1,4.45868,3740,9061,11618,1,6.00504,3740,21775,29943,477.81,1.19993e+06,3740
2,25,5575100,6646560,1919,482,4086,1.56479,3.57366,1942,-1,ok,0,0,0,0,1941,1,1,1.4408,1919,4611,5660,1,2.64058,1919,11565,14363,68.757,241544,1919
2,26,6158980,12807081,2860,715,24918,11.7484,18.2715,2881,-1,ok,0,0,0,0,2880,1,1,2.9132,2860,3179,8777,1,1.88974,2860,3726,21761,38.2916,142266,2860
2,27,11764863,10921693,884,221,3875,1.7394,3.571,889,-1,ok,0,0,0,0,888,1,1,0.863494,884,2987,3115,1,1.66814,884,7962,8426,12.9602,61102,884
2,28,10694273,1537590,4589,1148,56121,23.8374,10.5488,4636,-1,ok,0,0,0,0,4635,1,1,5.01133,4589,9723,14970,1,6.58556,4589,21654,39779,388.102,1.1922e+06,4589
2,29,12581368,7643768,4098,1026,48289,19.6481,15.2584,4115,-1,ok,0,0,0,0,4114,1,1,3.8681,4098,11658,13698,1,6.6311,4098,30115,36522,649.789,1.91099e+06,4098
2,30,13030402,12409999,2438,611,10655,3.86368,7.79875,2449,-1,ok,0,0,0,0,2448,1,1,1.56534,2440,6816,8277,1,4.00995,2440,18180,23645,28.1775,121103,2438
2,31,12223295,6275531,3837,961,64821,29.2297,8.58117,3878,-1,ok,0,0,0,0,3877,1,1,4.87034,3837,12201,12381,1,7.41617,3837,31006,31506,536.375,1.64996e+06,3837
2,32,5623637,12139279,3038,762,7471,4.66588,13.1939,3071,-1,ok,0,0,0,0,3070,1,1,3.35187,3038,5785,9287,1,3.53184,3038,12005,23112,258.118,882190,3038
2,33,8035053,1444783,3156,789,7490,3.5475,13.1992,3173,-1,ok,0,0,0,0,3172,1,1,3.97764,3156,7260,10955,1,4.76225,3156,16803,29676,365.775,1.0506e+06,3156
2,34,2880048,10213702,3461,867,18251,8.23336,5.42603,3504,-1,ok,0,0,0,0,3503,1,1,4.6655,3461,10717,10785,1,6.94041,3461,27882,28102,237.139,806170,3461
2,35,1385201,11261247,4005,1003,27001,12.417,10.3616,4056,-1,ok,0,0,0,0,4055,1,1,4.98675,4005,8217,12912,1,5.51049,4005,19274,35070,306.578,891402,4005
2,36,6948283,3518629,1448,364,3684,1.951,4.37994,1467,-1,ok,0,0,0,0,1466,1,1,1.82757,1448,3467,4703,1,2.50445,1448,9271,13495,85.5137,242475,1448
2,37,13034387,859878,5685,1423,105231,47.4799,14.0103,5750,-1,ok,0,0,0,0,5749,1,1,7.16478,5685,14985,18962,1,11.0883,5685,36775,51392,966.54,2.44682e+06,5685
2,38,1686729,1918309,506,127,1866,0.639875,1.67049,509,-1,ok,0,0,0,0,508,1,1,0.165941,506,506,2032,1,0.133769,506,506,6080,0.160159,506,506
2,39,2222597,11499473,5854,1464,95947,46.3916,36.6344,5909,-1,ok,0,0,0,0,5908,1,1,7.84042,5854,17196,19003,1,13.0153,5854,44126,50229,1482.59,3.54492e+06,5854
2,40,5141411,11134502,4288,1076,61515,27.977,15.9362,4353,-1,ok,0,0,0,0,4352,1,1,5.57704,4298,11546,14522,1,8.70744,4298,28079,38175,845.728,2.29801e+06,4288
2,41,12465838,7448178,2144,536,7688,3.42827,8.32107,2149,-1,ok,0,0,0,0,2148,1,1,2.69014,2144,4585,7507,1,3.07754,2144,11173,20323,197.889,527518,2144
2,42,10661203,8840327,3818,954,53001,23.0984,8.13287,3843,-1,ok,0,0,0,0,3842,1,1,3.67883,3818,8180,12013,1,4.25279,3818,18236,30428,682.116,1.87552e+06,3818
2,43,9236823,3376857,2492,625,3643,1.88119,3.71775,2521,-1,ok,0,0,0,0,2520,1,1,3.84537,2492,7393,8411,1,5.64578,2492,19865,23295,152.288,426303,2492
2,44,6505621,5115520,816,205,8966,3.39147,3.05535,833,-1,ok,0,0,0,0,832,1,1,0.685792,816,1186,2630,1,0.51341,816,1719,7035,4.32464,18883,816
2,45,7224318,3455553,1884,473,6385,2.7319,5.67964,1895,-1,ok,0,0,0,0,1894,1,1,2.12082,1884,4239,6422,1,2.83342,1884,10735,18434,121.718,351645,1884
2,46,3577892,1190856,1756,440,29776,14.4818,3.4355,1767,-1,ok,0,0,0,0,1766,1,1,1.26635,1756,1764,5585,1,0.795466,1756,1791,14770,1.98148,5947,1756
2,47,3204941,3810580,2880,722,28376,11.8294,3.25731,2895,-1,ok,0,0,0,0,2894,1,1,2.45726,2880,8860,9399,1,4.46024,2880,22549,24440,135.042,532935,2880
2,48,4180108,8576223,2054,514,2653,1.39656,7.3729,2061,-1,ok,0,0,0,0,2060,1,1,2.06119,2054,3091,6955,1,1.74963,2054,5839,18319,21.2563,75250,2054
2,49,12353729,2809446,3785,948,25593,11.7249,5.75687,3822,-1,ok,0,0,0,0,3821,1,1,5.27342,3785,9374,12572,1,6.94215,3785,22407,34026,357.081,1.08715e+06,3785
2,50,8395975,2625599,2116,530,1080,0.94747,7.5068,2133,-1,ok,0,0,0,0,2132,1,1,2.43024,2116,2116,7288,1,1.2676,2116,2129,19326,11.3647,38786,2116
2,51,5493528,7925047,1515,379,9883,4.09786,4.15486,1518,-1,ok,0,0,0,0,1517,1,1,1.15891,1515,1553,4469,1,0.761534,1515,1808,11118,4.77926,14291,1515
2,52,9212910,11487380,2518,630,19127,7.12852,5.8854,2535,-1,ok,0,0,0,0,2534,1,1,2.69696,2518,7399,7781,1,3.8899,2518,17588,18969,293.974,942143,2518
2,53,12285366,6402468,2738,685,2679,1.58152,6.09209,2755,-1,ok,0,0,0,0,2754,1,1,3.03195,2738,5680,8173,1,3.09533,2738,12470,20592,180.507,526630,2738
2,54,6487042,3141638,3876,971,50528,21.19,4.239,3897,-1,ok,0,0,0,0,3896,1,1,3.95651,3876,9156,13379,1,5.82773,3876,21575,35398,403.183,1.45507e+06,3876
2,55,8016532,6159621,865,221,9761,4.22197,6.07199,890,-1,ok,0,0,0,0,889,1,1,0.897067,881,1292,3239,1,0.723312,881,2368,9103,6.1891,27820,865
2,56,5515103,10522115,2043,512,23296,9.46342,5.04037,2064,-1,ok,0,0,0,0,2063,1,1,2.95662,2043,6303,6432,1,4.12808,2043,16050,16519,207.236,571096,2043
2,57,2476815,12608832,4271,1071,26680,11.8728,9.19626,4314,-1,ok,0,0,0,0,4313,1,1,6.80438,4271,14019,14404,1,10.8408,4271,36912,38057,597.709,1.57225e+06,4271
2,58,12456431,7340845,2238,560,11090,5.13608,4.62612,2251,-1,ok,0,0,0,0,2250,1,1,3.64572,2240,6605,7049,1,5.23903,2240,16234,17808,108.495,379863,2238
2,59,922742,2055692,666,167,4245,1.77934,3.62287,677,-1,ok,0,0,0,0,676,1,1,0.591074,666,978,2422,1,0.499644,666,1626,6867,0.507079,666,666
2,60,11194911,9705957,3585,899,21556,8.59342,5.3727,3648,-1,ok,0,0,0,0,3647,1,1,2.56006,3589,9639,11608,1,4.41899,3589,22287,30965,347.706,1.39977e+06,3585
2,61,6036526,5702403,1491,374,5670,1.75559,1.79672,1516,-1,ok,0,0,0,0,1515,1,1,0.772183,1491,3556,5518,1,1.43263,1491,6902,16041,13.3481,62773,1491
2,62,11101203,2544770,3426,857,23073,9.89411,4.58819,3461,-1,ok,0,0,0,0,3460,1,1,4.5496,3426,7942,11114,1,6.05062,3426,19274,29934,243.954,784499,3426
2,63,5493528,5459277,708,178,1617,0.677417,1.12172,711,-1,ok,0,0,0,0,710,1,1,0.143749,708,708,2848,1,0.210965,708,708,8512,0.168376,708,708
2,64,2388947,10947782,3371,844,21803,9.55775,8.94946,3398,-1,ok,0,0,0,0,3397,1,1,3.91117,3371,5754,10856,1,3.77132,3371,12100,29581,187.855,614141,3371
2,65,7831705,6396759,719,183,6135,2.44333,1.55592,736,-1,ok,0,0,0,0,735,1,1,0.555558,723,1417,2724,1,0.739472,723,2339,7863,0.478935,830,719
2,66,842069,12916554,4284,1074,40694,17.7174,13.9815,4309,-1,ok,0,0,0,0,4308,1,1,7.43234,4284,14087,14284,1,11.5895,4284,37949,38758,372.495,1.10706e+06,4284
2,67,4850422,11280298,4704,1177,44811,21.8404,7.00721,4723,-1,ok,0,0,0,0,4722,1,1,5.33506,4704,13689,15227,1,8.73123,4704,35056,40225,693.907,2.05978e+06,4704
2,68,11488163,10653983,1116,280,6907,2.56301,2.08643,1127,-1,ok,0,0,0,0,1126,1,1,0.532125,1116,1116,4014,1,0.422368,1116,1178,10740,2.84686,13862,1116
2,69,7579596,8228212,230,58,641,0.348331,0.723713,233,-1,ok,0,0,0,0,232,1,1,0.251499,230,230,911,1,0.096982,230,230,2493,0.191807,230,230
2,70,12001610,2787829,4759,1192,6249,3.16714,5.83563,4830,-1,ok,0,0,0,0,4829,1,1,6.76218,4759,14609,16097,1,11.0906,4759,38429,43577,721.317,1.99921e+06,4759
2,71,5742610,2055291,1316,331,2126,1.20222,2.55113,1331,-1,ok,0,0,0,0,1330,1,1,1.51649,1316,1369,5065,1,0.818549,1316,1683,13828,11.747,47787,1316
2,72,11880582,8295471,3634,909,17680,7.4034,6.32936,3667,-1,ok,0,0,0,0,3666,1,1,3.6873,3634,11761,12423,1,6.9841,3634,31196,33436,275.74,955187,3634
2,73,10473387,2457266,4575,1145,24524,11.5897,10.5138,4596,-1,ok,0,0,0,0,4595,1,1,6.4513,4575,13639,14939,1,9.24208,4575,34513,39561,987.099,2.73263e+06,4575
2,74,5956582,6913395,1978,494,8043,3.61719,3.19302,1997,-1,ok,0,0,0,0,1996,1,1,1.42655,1978,4120,6043,1,1.80232,1978,8676,15061,57.4717,235499,1978
2,75,6219946,5564489,847,213,5032,1.81572,1.55356,864,-1,ok,0,0,0,0,863,1,1,0.452777,847,1098,2652,1,0.599271,847,2212,7393,1.52801,5398,847
2,76,2081440,12382609,4688,1172,55503,23.7263,7.85673,4707,-1,ok,0,0,0,0,4706,1,1,6.53378,4688,13283,15304,1,9.99269,4688,32372,39422,1018.98,2.38355e+06,4688
2,77,1691073,3744093,1693,424,5178,2.04631,2.70796,1696,-1,ok,0,0,0,0,1695,1,1,1.77054,1693,5724,6208,1,3.2102,1693,15553,17956,68.2764,261092,1693
2,78,8817198,3986522,2108,528,11104,4.93109,3.04826,2123,-1,ok,0,0,0,0,2122,1,1,2.10156,2108,2108,7259,1,1.19687,2108,2121,20832,1.74578,2126,2108
2,79,7948753,9167683,453,114,3047,1.35048,0.723002,460,-1,ok,0,0,0,0,459,1,1,0.350063,453,453,1757,1,0.246562,453,467,4889,0.412751,1008,453
2,80,5933167,1809128,2017,504,9327,3.81954,3.25885,2036,-1,ok,0,0,0,0,2035,1,1,1.8856,2017,2267,7374,1,1.1831,2017,2950,20161,7.35287,28899,2017
2,81,6966816,6407311,457,116,662,0.339615,0.585024,468,-1,ok,0,0,0,0,467,1,1,0.30453,457,457,1364,1,0.186569,457,460,3375,0.248864,460,457
2,82,2476107,12023992,4640,1161,26911,11.4496,6.71081,4661,-1,ok,0,0,0,0,4660,1,1,6.72982,4640,12400,15011,1,9.65905,4640,31480,39608,528.309,1.39914e+06,4640
2,83,4767722,2408797,4057,1014,22746,9.02728,4.64346,4074,-1,ok,0,0,0,0,4073,1,1,3.83711,4057,12007,13266,1,6.58008,4057,30415,35216,306.578,1.10799e+06,4057
2,84,3731350,7191902,4549,1137,62709,25.9652,4.77672,4590,-1,ok,0,0,0,0,4589,1,1,3.28689,4549,9611,14856,1,4.96874,4549,22265,39660,285.732,1.07623e+06,4549
2,85,7691974,1423542,4300,1075,17045,7.13732,5.21513,4307,-1,ok,0,0,0,0,4306,1,1,4.06027,4300,8575,15387,1,5.25878,4300,18702,43299,382.165,1.23304e+06,4300
2,86,12485877,3126737,5189,1298,53835,21.184,5.70828,5250,-1,ok,0,0,0,0,5249,1,1,6.40575,5189,15562,17722,1,11.8134,5189,40292,48032,1253.19,3.38136e+06,5189
2,87,6909604,7200447,137,34,300,0.203762,0.358551,140,-1,ok,0,0,0,0,139,1,1,0.142466,137,137,544,1,0.044463,137,137,1588,0.079789,137,137
2,88,3904717,10577072,2759,692,11526,5.06252,4.3404,2792,-1,ok,0,0,0,0,2791,1,1,4.19762,2759,7967,9469,1,6.36041,2759,20559,25502,272.304,886951,2759
2,89,8340124,3901242,2357,596,34750,13.8553,4.64464,2410,-1,ok,0,0,0,0,2409,1,1,2.14121,2379,3262,7466,1,1.75151,2379,5668,20856,1.17426,2357,2357
2,90,4075443,11878759,2915,729,1432,1.23755,3.55427,2928,-1,ok,0,0,0,0,2927,1,1,4.37029,2915,6653,9561,1,5.28261,2915,15489,24950,210.107,675222,2915
2,91,9913504,3945960,2821,707,20225,8.13232,3.48505,2860,-1,ok,0,0,0,0,2859,1,1,2.7715,2821,3819,8916,1,2.01648,2821,6236,24370,14.5205,53787,2821
2,92,7849946,5842851,2633,660,18715,8.3844,6.1812,2676,-1,ok,0,0,0,0,2675,1,1,2.08634,2633,6716,8358,1,3.16784,2633,15491,21293,38.1803,167520,2633
2,93,2178665,5515989,2531,635,21145,7.86041,3.41376,2560,-1,ok,0,0,0,0,2559,1,1,3.02367,2531,8454,8580,1,5.2272,2531,20852,21289,276.295,881538,2531
2,94,10144368,3695934,2736,685,56183,25.2117,4.50573,2767,-1,ok,0,0,0,0,2766,1,1,2.82836,2736,2883,9451,1,1.6135,2736,3231,25156,7.7108,23955,2736
2,95,6149849,6790259,1164,292,11110,5.06937,1.48281,1179,-1,ok,0,0,0,0,1178,1,1,0.709406,1164,1686,3838,1,0.65763,1164,2689,10250,9.04453,40412,1164
2,96,12359415,9961757,1197,299,2589,1.23476,1.63797,1200,-1,ok,0,0,0,0,1199,1,1,1.14506,1197,1197,3356,1,0.576997,1197,1197,7618,1.35779,2912,1197
2,97,12611329,8437561,4181,1047,57058,23.7449,4.3029,4204,-1,ok,0,0,0,0,4203,1,1,3.8474,4181,12997,14652,1,7.21028,4181,34002,39259,627.223,1.88045e+06,4181
2,98,1865682,9892253,3390,848,21643,8.78792,4.18284,3401,-1,ok,0,0,0,0,3400,1,1,5.33116,3390,10703,11572,1,8.15172,3390,28289,30985,330.883,849145,3390
2,99,6903382,7042632,3042,760,30183,14.1265,2.30496,3063,-1,ok,0,0,0,0,3062,1,1,1.57494,3042,4733,10267,1,1.71335,3042,8241,26706,64.8836,243725,3042
2,100,6037001,13035985,3913,981,42998,17.5957,4.66041,3944,-1,ok,0,0,0,0,3943,1,1,5.20331,3913,12232,12562,1,8.02529,3913,31065,32287,571.119,1.44693e+06,3913
2,101,11432291,5361289,3782,946,43741,18.5754,6.18523,3833,-1,ok,0,0,0,0,3832,1,1,3.62905,3782,5405,12193,1,2.67996,3782,9292,32319,33.9885,141371,3782
2,102,2095814,12208510,5712,1429,29628,11.7632,6.62145,5731,-1,ok,0,0,0,0,5730,1,1,8.27757,5712,17375,18137,1,14.0144,5712,45728,48481,832.141,2.30774e+06,5712
2,103,3721245,10043794,1835,460,7150,3.23478,10.9356,1858,-1,ok,0,0,0,0,1857,1,1,4.20137,1835,6480,7161,1,1.18502,1835,1876,21128,10.5132,26732,1835
2,104,1875949,12219863,5866,1467,18334,7.54455,8.70964,5881,-1,ok,0,0,0,0,5880,1,1,7.90607,5866,16143,18744,1,12.9525,5866,41368,50271,826.428,2.27646e+06,5866
2,105,5433877,7370783,2174,545,19123,8.32875,2.42021,2201,-1,ok,0,0,0,0,2200,1,1,1.16818,2174,2204,7968,1,0.991895,2174,2749,21412,0.877089,2174,2174
2,106,6966746,1889450,2024,508,4542,2.2206,4.16277,2051,-1,ok,0,0,0,0,2050,1,1,2.61228,2024,4238,6462,1,2.78453,2024,9858,17921,88.9722,273751,2024
2,107,12074479,9935930,3204,801,12928,5.58064,3.00714,3215,-1,ok,0,0,0,0,3214,1,1,3.0739,3204,10901,11150,1,6.73299,3204,29697,30558,326.672,1.10555e+06,3204
2,108,8171471,10094437,1272,320,3774,1.78595,2.34442,1283,-1,ok,0,0,0,0,1282,1,1,1.12292,1272,2500,4585,1,1.26143,1272,5428,11709,3.7937,18368,1272
2,109,1583977,12290737,4150,1039,24548,10.8471,6.97623,4167,-1,ok,0,0,0,0,4166,1,1,5.99816,4150,11281,14077,1,9.49484,4150,29722,39332,422.769,1.05151e+06,4150
2,110,8541711,3431022,2128,533,26473,12.7536,3.43036,2159,-1,ok,0,0,0,0,2158,1,1,2.73596,2128,5266,7072,1,3.48007,2128,12811,18281,153.319,449522,2128
2,111,945097,9503748,3693,924,39498,16.9057,11.1339,3710,-1,ok,0,0,0,0,3709,1,1,5.58225,3693,12565,12680,1,8.82183,3693,32293,34330,312.759,984494,3693
2,112,3658695,5318513,1491,373,5677,2.12935,2.62338,1514,-1,ok,0,0,0,0,1513,1,1,1.37601,1491,4096,4655,1,2.40201,1491,10172,12014,39.9768,151380,1491
2,113,2754585,3947626,401,101,2145,0.939897,4.86364,408,-1,ok,0,0,0,0,407,1,1,0.435293,401,401,1616,1,0.238507,401,401,4512,0.318647,401,401
2,114,10502174,11667585,3041,762,7804,3.19552,4.69782,3090,-1,ok,0,0,0,0,3089,1,1,2.22558,3041,7100,9502,1,3.26137,3041,15718,24422,50.139,229544,3041
2,115,10268480,11331403,3940,986,1981,1.25305,11.6436,3993,-1,ok,0,0,0,0,3992,1,1,3.0985,3940,10449,12900,1,5.20216,3940,25332,31897,921.087,2.25105e+06,3940
2,116,7825845,1762847,4321,1081,15066,6.08989,9.77526,4342,-1,ok,0,0,0,0,4341,1,1,3.77133,4321,6731,15890,1,3.44455,4321,11477,45543,164.089,584214,4321
2,117,3362086,11653233,3339,836,9298,4.32176,4.49123,3358,-1,ok,0,0,0,0,3357,1,1,4.834,3339,8433,10664,1,6.59339,3339,22045,29586,334.072,835072,3339
2,118,10389453,7350623,1413,355,6935,4.02257,2.82419,1430,-1,ok,0,0,0,0,1429,1,1,1.67597,1413,3361,4956,1,1.97596,1413,8366,13277,39.6534,154150,1413
2,119,4506435,6736068,887,223,4328,1.83913,5.14154,904,-1,ok,0,0,0,0,903,1,1,0.883071,887,887,3300,1,0.516034,887,1206,8377,1.86376,6190,887
2,120,5929329,12497247,3028,759,12178,5.55947,4.53953,3051,-1,ok,0,0,0,0,3050,1,1,4.17766,3028,9005,9309,1,5.64271,3028,21929,23115,326.998,1.15168e+06,3028
2,121,12410185,7574644,2088,523,9812,4.56423,7.58088,2097,-1,ok,0,0,0,0,2096,1,1,3.40653,2088,7414,7519,1,5.23599,2088,19707,20093,189.494,589758,2088
2,122,12229428,5440651,2956,742,8164,4.49654,5.15054,2983,-1,ok,0,0,0,0,2982,1,1,3.56225,2956,5827,9038,1,3.21156,2956,12605,23176,179.945,518526,2956
2,123,1780250,9157158,3337,835,30565,14.098,5.14484,3356,-1,ok,0,0,0,0,3355,1,1,4.00308,3337,7925,11768,1,4.79735,3337,19710,32517,228.733,700833,3337
2,124,11302776,5692962,4744,1187,82313,35.5479,4.7312,4765,-1,ok,0,0,0,0,4764,1,1,5.6268,4744,14235,15518,1,8.99218,4744,37218,40847,347.535,1.2234e+06,4744
2,125,1768886,1792417,1169,294,876,0.325749,1.01258,1178,-1,ok,0,0,0,0,1177,1,1,0.239638,1169,1169,4704,1,0.285774,1169,1169,14096,0.282708,1169,1169
2,126,9050045,1934388,5350,1338,8183,3.95288,9.72751,5403,-1,ok,0,0,0,0,5402,1,1,5.73622,5350,13515,16317,1,7.83383,5350,31646,41823,471.785,1.32145e+06,5350
2,127,1820605,6200831,1903,476,8227,3.83281,4.40819,1910,-1,ok,0,0,0,0,1909,1,1,2.27162,1903,4489,6713,1,3.08191,1903,10969,18388,116.474,320298,1903
2,128,10430467,2988856,2977,744,20463,8.81433,4.07467,3006,-1,ok,0,0,0,0,3005,1,1,4.24785,2977,7913,10049,1,6.02476,2977,19864,27598,193.19,601563,2977
2,129,2439228,6156068,1623,406,8459,3.94591,2.58175,1634,-1,ok,0,0,0,0,1633,1,1,1.75214,1623,3804,6038,1,2.30033,1623,9324,16797,74.0799,215848,1623
2,130,1319267,7253584,2673,669,36457,16.4192,3.83728,2700,-1,ok,0,0,0,0,2699,1,1,3.36888,2673,6915,8856,1,4.72035,2673,17226,24395,302.698,835410,2673
2,131,7196925,2454290,2503,626,15333,6.69657,5.10818,2516,-1,ok,0,0,0,0,2515,1,1,3.46708,2503,8039,8518,1,5.13829,2503,20290,21886,280.678,844661,2503
2,132,13030402,3456903,3403,852,4531,2.72065,7.32812,3422,-1,ok,0,0,0,0,3421,1,1,4.4697,3403,6469,11375,1,3.63608,3403,12579,29876,150.295,421598,3403
2,133,4224358,1052088,1611,403,4894,2.27375,3.20629,1628,-1,ok,0,0,0,0,1627,1,1,1.77982,1611,3788,5384,1,1.87719,1611,7755,14156,48.3486,192084,1611
2,134,12080206,7454087,2122,532,7741,3.57088,2.69536,2139,-1,ok,0,0,0,0,2138,1,1,2.75845,2122,5704,6181,1,3.40471,2122,13796,15474,141.254,455871,2122
2,135,2068522,1574689,1869,468,12074,4.7458,2.79756,1882,-1,ok,0,0,0,0,1881,1,1,0.773004,1869,2672,7290,1,1.06668,1869,4244,21534,3.97798,18429,1869
2,136,10842340,7134907,3574,985,27471,11.9395,4.34333,3957,-1,ok,0,0,0,0,3956,1,1,4.35157,3936,11376,11518,1,6.13743,3936,27183,27657,238.974,779570,3574
2,137,2045569,12750493,5410,1356,44168,18.8221,6.77477,5447,-1,ok,0,0,0,0,5446,1,1,7.55012,5410,18158,19169,1,13.5714,5410,47673,51153,841.998,2.3517e+06,5410
2,138,1691283,1726949,1624,406,1212,0.602716,1.38384,1629,-1,ok,0,0,0,0,1628,1,1,0.362056,1624,1624,6496,1,0.494464,1624,1624,19504,0.401281,1624,1624
2,139,2267658,6664151,2812,706,42481,17.6044,4.80464,2829,-1,ok,0,0,0,0,2828,1,1,4.08575,2812,9184,9368,1,6.71141,2812,25083,25626,247.319,760437,2812
2,140,5981077,11521702,3639,910,28361,12.8266,5.90174,3672,-1,ok,0,0,0,0,3671,1,1,4.82328,3639,10778,11370,1,6.24698,3639,26251,28457,595.858,1.60599e+06,3639
2,141,6905897,5956763,2217,553,10555,4.21215,2.9491,2238,-1,ok,0,0,0,0,2237,1,1,1.96209,2217,6320,6813,1,3.21062,2217,15520,17327,125.218,453616,2217
2,142,3746090,7542891,3910,977,40773,17.9093,3.69841,3949,-1,ok,0,0,0,0,3948,1,1,3.22476,3910,8490,11981,1,4.37844,3910,19602,31744,308.627,1.10748e+06,3910
2,143,927918,6543619,4456,1114,101104,48.4563,7.5103,4477,-1,ok,0,0,0,0,4476,1,1,4.49965,4456,13243,16164,1,8.50446,4456,35320,45146,510.707,1.80035e+06,4456
2,144,6931863,7093569,2051,513,9706,3.96957,2.12734,2066,-1,ok,0,0,0,0,2065,1,1,1.54107,2051,4384,6299,1,2.03236,2051,10483,16212,114.454,395111,2051
2,145,2568120,12342319,3661,917,26510,11.7291,4.90488,3684,-1,ok,0,0,0,0,3683,1,1,4.84,3661,6594,12103,1,4.86941,3661,14715,33371,176.034,604117,3661
2,146,7908353,11618893,3471,871,16308,7.03456,4.44277,3520,-1,ok,0,0,0,0,3519,1,1,3.05488,3481,8829,10955,1,4.47976,3481,20105,27317,428.613,1.32036e+06,3471
2,147,11438432,11802298,2485,621,10501,3.5828,2.43725,2516,-1,ok,0,0,0,0,2515,1,1,1.25243,2485,4654,8559,1,2.0946,2485,9436,23445,17.4133,78872,2485
2,148,2413893,1006952,1862,466,11428,4.97269,2.9977,1869,-1,ok,0,0,0,0,1868,1,1,1.04681,1862,1884,6339,1,0.711931,1862,1918,17217,21.8176,98220,1862
2,149,11409007,1162795,5579,1396,6861,3.55369,6.20623,5646,-1,ok,0,0,0,0,5645,1,1,7.84391,5579,15555,18849,1,12.2726,5579,39070,51274,851.445,2.52929e+06,5579
2,150,9700992,2679266,4304,1078,25810,10.6246,5.34503,4327,-1,ok,0,0,0,0,4326,1,1,5.49474,4304,11221,14820,1,8.30067,4304,28058,39690,662.421,1.90517e+06,4304
2,151,9872155,9787811,2375,595,18249,7.60431,2.58262,2400,-1,ok,0,0,0,0,2399,1,1,2.0361,2375,5049,7125,1,1.93013,2375,9049,17599,138.947,543802,2375
2,152,11614672,3408954,4147,1037,36739,15.7998,6.21051,4190,-1,ok,0,0,0,0,4189,1,1,5.42419,4147,11673,12496,1,7.08777,4147,28774,33237,325.845,942950,4147
2,153,9981629,11181633,734,184,755,0.466522,1.22367,739,-1,ok,0,0,0,0,738,1,1,0.367557,734,734,2466,1,0.308076,734,734,6608,0.755754,2644,734
2,154,3718171,9615151,2308,577,1033,0.977096,4.17014,2315,-1,ok,0,0,0,0,2314,1,1,3.89791,2308,7884,8532,1,6.77897,2308,20387,23328,35.1525,117050,2308
2,155,3415323,8103407,3865,968,65804,26.5773,6.94599,3898,-1,ok,0,0,0,0,3897,1,1,4.01874,3867,11211,11836,1,6.84966,3867,28693,30585,638.062,1.93331e+06,3865
2,156,11110265,1067659,3702,927,38376,15.9007,5.24406,3713,-1,ok,0,0,0,0,3712,1,1,4.82532,3702,4649,12793,1,2.9081,3702,7353,34642,87.4254,306943,3702
2,157,6280476,9981769,2220,556,11594,5.08479,4.02765,2233,-1,ok,0,0,0,0,2232,1,1,2.57141,2220,5171,6702,1,2.89672,2220,11707,16772,111.982,374362,2220
2,158,6643578,8204315,3641,912,44163,15.703,3.34367,3674,-1,ok,0,0,0,0,3673,1,1,2.96972,3641,11854,12145,1,5.79607,3641,30244,31226,478.301,1.69089e+06,3641
2,159,9685005,4585715,4747,1188,45586,18.9079,5.03417,4776,-1,ok,0,0,0,0,4775,1,1,4.80832,4747,13327,15559,1,7.862,4747,33763,41301,146.318,544077,4747
2,160,12831341,2638895,3950,989,14797,6.87998,7.34073,3977,-1,ok,0,0,0,0,3976,1,1,6.89963,3950,11757,13743,1,9.45617,3950,31431,38762,458.49,1.15889e+06,3950
2,161,8783825,10724143,3006,752,5616,2.78807,4.43139,3049,-1,ok,0,0,0,0,3048,1,1,3.40735,3006,9018,9355,1,4.98409,3006,22343,23555,333.852,1.04124e+06,3006
2,162,6714674,4622259,3743,934,65833,28.4646,3.14333,3772,-1,ok,0,0,0,0,3771,1,1,3.63551,3743,12467,12638,1,7.0701,3743,32055,32654,360.174,1.18349e+06,3743
2,163,11574983,7241695,3374,844,11112,5.34896,4.7431,3389,-1,ok,0,0,0,0,3388,1,1,4.71936,3374,9246,10632,1,5.45925,3374,22503,27105,412.112,1.40372e+06,3374
2,164,6726695,10401558,1931,483,15422,6.82056,3.19231,1958,-1,ok,0,0,0,0,1957,1,1,1.8993,1931,2164,6450,1,1.22924,1931,2553,17098,7.11477,26397,1931
2,165,6217776,4562577,639,162,1023,0.562321,1.42449,662,-1,ok,0,0,0,0,661,1,1,0.757114,639,1129,2347,1,0.621131,639,2291,5640,7.37962,27158,639
2,166,3978333,2704630,2039,512,11023,4.57748,2.50881,2056,-1,ok,0,0,0,0,2055,1,1,1.83895,2039,4623,6625,1,2.37412,2039,10546,17118,102.624,392855,2039
2,167,7528628,10723775,1234,310,8925,3.64131,5.51581,1253,-1,ok,0,0,0,0,1252,1,1,1.70029,1234,1830,3787,1,1.13631,1234,3192,9403,8.08337,34410,1234
2,168,9735496,1569903,4003,1003,16299,7.48359,4.87172,4026,-1,ok,0,0,0,0,4025,1,1,6.45934,4003,12911,13200,1,9.45868,4003,34317,35348,465.885,1.47875e+06,4003
2,169,998082,9272687,4329,1083,65899,33.0819,6.87403,4358,-1,ok,0,0,0,0,4357,1,1,5.08319,4329,11460,15505,1,7.53113,4329,29408,42961,391.234,1.22984e+06,4329
2,170,1321918,2206629,1412,354,19465,6.16561,2.59034,1421,-1,ok,0,0,0,0,1420,1,1,0.720486,1412,1412,5546,1,0.48665,1412,1412,15951,5.62912,22846,1412
2,171,6659965,11150045,3320,830,9371,4.16846,6.48324,3335,-1,ok,0,0,0,0,3334,1,1,4.16,3320,8356,10701,1,4.81485,3320,19517,27814,289.58,805546,3320
2,172,3731435,7767988,2384,596,16297,6.67859,3.41317,2427,-1,ok,0,0,0,0,2426,1,1,3.02536,2384,7308,7383,1,4.46827,2384,19192,20092,97.8431,434809,2384
2,173,3974805,958596,1638,409,5765,2.72645,3.16684,1647,-1,ok,0,0,0,0,1646,1,1,1.67051,1638,3136,5369,1,1.50193,1638,5868,14534,44.6494,182160,1638
2,174,2428329,5775613,2154,539,12202,5.14521,3.97676,2171,-1,ok,0,0,0,0,2170,1,1,2.19997,2154,4962,7406,1,2.71057,2154,11694,19311,125.597,407779,2154
2,175,1714534,1242194,2738,685,7243,2.53088,3.3403,2745,-1,ok,0,0,0,0,2744,1,1,0.791289,2738,2738,10783,1,0.714335,2738,2738,32014,33.6205,161075,2738
2,176,2649840,6642272,1749,439,5498,2.46584,2.08081,1770,-1,ok,0,0,0,0,1769,1,1,1.99704,1753,3944,5371,1,2.3246,1753,9060,14721,106.362,355043,1749
2,177,6637665,3752951,3356,838,23336,9.28419,4.59125,3397,-1,ok,0,0,0,0,3396,1,1,3.45535,3356,9234,9724,1,4.85826,3356,23025,24694,579.35,1.48585e+06,3356
2,178,11854338,7380264,1910,479,11888,5.03765,2.83629,1939,-1,ok,0,0,0,0,1938,1,1,2.90176,1910,6222,6489,1,3.97195,1910,15944,16809,147.864,507075,1910
2,179,6799419,5675038,2708,679,25307,10.7757,3.20583,2733,-1,ok,0,0,0,0,2732,1,1,2.16768,2708,6707,9060,1,3.49468,2708,15698,23617,38.2688,165783,2708
2,180,4194887,1007631,1165,291,6427,2.76838,5.25018,1178,-1,ok,0,0,0,0,1177,1,1,2.3233,1165,3432,3867,1,2.56392,1165,8795,10526,46.9095,120379,1165
2,181,7226275,11473681,3653,914,43406,18.8469,4.57757,3674,-1,ok,0,0,0,0,3673,1,1,4.03238,3653,8923,11584,1,4.59535,3653,20946,29246,498.908,1.38978e+06,3653
2,182,8300223,3253260,3863,971,51409,20.5848,4.92678,3928,-1,ok,0,0,0,0,3927,1,1,4.70391,3889,10927,11390,1,6.46245,3889,27226,28488,692.578,1.76125e+06,3863
2,183,1895748,929406,1049,264,4874,1.87819,3.47868,1060,-1,ok,0,0,0,0,1059,1,1,0.633454,1049,1073,3944,1,0.4169,1049,1093,11194,1.58696,6897,1049
2,184,10432828,11593598,2985,747,14006,5.42688,4.721,3026,-1,ok,0,0,0,0,3025,1,1,2.02772,2985,6179,10452,1,2.89175,2985,13147,28300,104.953,340036,2985
2,185,3746090,7529905,1542,386,5976,2.69589,3.89303,1551,-1,ok,0,0,0,0,1550,1,1,2.13169,1542,3282,4993,1,1.95082,1542,7788,14778,36.8457,132200,1542
2,186,3253344,6964518,3608,905,23810,10.5658,4.15618,3627,-1,ok,0,0,0,0,3626,1,1,3.35513,3608,6961,12517,1,3.89633,3608,16477,33856,94.0323,405263,3608
2,187,1483093,11345582,5249,1398,32833,15.0018,6.7553,5630,-1,ok,0,0,0,0,5629,1,1,6.76025,5591,14322,16817,1,9.91921,5591,35453,42782,966.823,2.85197e+06,5249
2,188,1769639,6419115,1907,478,2524,1.34433,4.27935,1940,-1,ok,0,0,0,0,1939,1,1,2.0375,1907,2036,6439,1,1.08823,1907,2501,16767,87.0486,217722,1907
2,189,1953803,11588864,5915,1479,74842,35.158,6.7435,5972,-1,ok,0,0,0,0,5971,1,1,8.06641,5915,17780,19319,1,12.8259,5915,45924,51175,1295.9,3.36397e+06,5915
2,190,10813718,4339117,2672,670,24787,10.4118,4.0904,2705,-1,ok,0,0,0,0,2704,1,1,3.22415,2672,2909,9635,1,1.71193,2672,3827,25946,21.08,74422,2672
2,191,4139954,12718531,4668,1168,62489,27.2266,7.80533,4689,-1,ok,0,0,0,0,4688,1,1,5.31708,4668,9800,13513,1,5.8773,4668,23163,36134,705.634,1.78919e+06,4668
2,192,11410131,12143449,1295,324,3301,1.51459,1.58327,1326,-1,ok,0,0,0,0,1325,1,1,0.660134,1295,1322,4513,1,0.494334,1295,1344,12362,3.78464,17021,1295
2,193,12955129,5083650,4479,1121,100921,44.9347,6.47596,4536,-1,ok,0,0,0,0,4535,1,1,7.12672,4479,13594,13740,1,9.01122,4479,33738,34136,357.103,1.12451e+06,4479
2,194,4034968,11166459,3294,825,31664,14.7445,4.69055,3313,-1,ok,0,0,0,0,3312,1,1,3.66617,3294,7583,10037,1,4.41577,3294,17583,24361,629.817,1.6324e+06,3294
2,195,12321886,6473680,2881,722,29538,11.5343,4.40332,2910,-1,ok,0,0,0,0,2909,1,1,3.94117,2881,7617,8822,1,4.70393,2881,17998,22274,198.973,619922,2881
2,196,1431067,12748470,4263,1067,47058,21.5487,5.59411,4290,-1,ok,0,0,0,0,4289,1,1,5.63653,4263,8066,13950,1,6.11208,4263,18442,38795,293.772,953149,4263
2,197,6895032,9886330,3072,767,13466,5.50729,3.67077,3091,-1,ok,0,0,0,0,3090,1,1,3.70279,3072,9436,9595,1,5.23262,3072,23607,24175,302.193,923632,3072
2,198,8039344,11409990,3078,770,7838,3.58316,3.45209,3123,-1,ok,0,0,0,0,3122,1,1,3.04739,3078,7699,9541,1,3.87414,3078,17399,23649,395.663,1.02139e+06,3078
2,199,3159648,2262293,1368,344,8632,3.21221,1.45077,1381,-1,ok,0,0,0,0,1380,1,1,0.653501,1368,1499,4880,1,0.649965,1368,2661,14027,26.7597,106266,1368
3,0,2010448,7813185,3537,443,7133,3.11596,7.60887,3578,-1,ok,0,0,0,0,3577,1,1,8.50234,3537,21706,22051,1,16.0116,3537,56163,58327,192.267,580857,3537
3,1,12579166,9078023,1568,197,1039,0.735785,3.99477,1625,-1,ok,0,0,0,0,1624,1,1,4.31237,1568,8192,8385,1,4.67659,1568,19622,20576,48.1782,207650,1568
3,2,1333590,4439595,1414,178,4788,2.00677,3.6661,1467,-1,ok,0,0,0,0,1466,1,1,1.72736,1414,1414,9906,1,0.654161,1414,1414,26829,122.251,288056,1414
3,3,3773467,3914009,3647,458,896,0.436759,6.10591,3696,-1,ok,0,0,0,0,3695,1,1,3.39352,3647,9093,21948,1,3.7888,3647,18635,60356,141.402,574921,3647
3,4,3313148,2503221,1216,156,2149,1.00099,1.75016,1265,-1,ok,0,0,0,0,1264,1,1,0.745594,1232,2882,7126,1,1.09962,1232,5062,19277,24.0116,110721,1216
3,5,7140541,10774717,1925,241,1637,0.846141,3.83803,1998,-1,ok,0,0,0,0,1997,1,1,3.48666,1925,8144,11264,1,4.90244,1925,20653,30606,101.317,372598,1925
3,6,8187875,9706060,1310,165,1251,0.516535,2.19116,1351,-1,ok,0,0,0,0,1350,1,1,1.11406,1310,2891,8333,1,1.17767,1310,5115,21969,17.3371,68186,1310
3,7,9627843,9885990,3738,468,10432,3.93359,7.3271,3843,-1,ok,0,0,0,0,3842,1,1,4.20347,3738,11758,22514,1,5.62311,3738,24254,56501,259.253,736103,3738
3,8,7658869,7341623,669,87,1419,0.616774,1.30665,720,-1,ok,0,0,0,0,719,1,1,1.1656,695,4068,4480,1,2.01956,695,10826,12065,19.3222,89953,669
3,9,9079560,12955119,2601,327,761,0.53476,5.06732,2710,-1,ok,0,0,0,0,2709,1,1,2.4046,2601,3336,14908,1,1.5917,2601,4501,37712,10.0602,39421,2601
3,10,3021799,6079542,2013,253,1103,0.544127,2.88068,2082,-1,ok,0,0,0,0,2081,1,1,2.83688,2019,8745,10327,1,4.75461,2019,22056,28751,98.7718,366918,2013
3,11,3809714,13009546,3762,471,13583,5.28853,7.01077,3835,-1,ok,0,0,0,0,3834,1,1,6.23786,3766,12792,23261,1,6.4304,3762,25107,67109,80.2158,349019,3762
3,12,8103489,7107447,2089,262,314,0.284572,3.26785,2132,-1,ok,0,0,0,0,2131,1,1,2.53237,2089,8299,11512,1,3.49175,2089,18888,27914,58.2037,233890,2089
3,13,2332859,8426127,4263,569,6868,2.88251,5.7168,4674,-1,ok,0,0,0,0,4673,1,1,7.16809,4567,21189,25531,1,13.3008,4567,53463,67995,515.481,1.68904e+06,4263
3,14,12044454,2416847,4675,584,1593,1.07494,7.19297,4738,-1,ok,0,0,0,0,4737,1,1,6.16374,4675,10709,29083,1,6.53264,4675,23178,77678,231.315,835345,4675
3,15,7549516,3032970,3582,453,3788,1.66641,5.64806,3669,-1,ok,0,0,0,0,3668,1,1,6.9543,3602,16986,22171,1,11.5266,3602,43606,60727,531.024,1.81662e+06,3582
3,16,12927868,12892271,2462,310,3489,1.57483,3.80207,2493,-1,ok,0,0,0,0,2492,1,1,3.38292,2462,15386,17634,1,8.81123,2462,44280,51374,65.1325,288014,2462
3,17,9833831,12288662,2580,324,5572,2.30083,3.508,2647,-1,ok,0,0,0,0,2646,1,1,1.53096,2580,2587,17120,1,1.06235,2580,2622,46377,1.15735,2590,2580
3,18,6814149,9852082,1202,151,332,0.25738,2.72134,1235,-1,ok,0,0,0,0,1234,1,1,1.22621,1202,1238,8503,1,0.934557,1202,2030,22495,4.03554,14274,1202
3,19,9528140,2664047,3318,415,4592,1.64808,4.91354,3407,-1,ok,0,0,0,0,3406,1,1,5.33576,3322,13167,19924,1,8.13238,3318,30841,52893,185.085,619476,3318
3,20,6495471,7529905,2441,307,4645,1.78176,2.55903,2508,-1,ok,0,0,0,0,2507,1,1,2.46209,2441,8701,14709,1,3.97199,2441,21108,38425,145.088,487683,2441
3,21,12325382,10067215,1607,202,968,0.470459,2.38702,1696,-1,ok,0,0,0,0,1695,1,1,1.33845,1607,2783,10095,1,0.816937,1607,2418,27025,2.88852,9051,1607
3,22,3585937,1775879,2463,310,1976,1.01311,2.92208,2512,-1,ok,0,0,0,0,2511,1,1,1.36912,2463,2858,14906,1,1.06499,2463,3197,41748,0.9998,2463,2463
3,23,11721680,9491931,1321,165,763,0.380974,1.49879,1346,-1,ok,0,0,0,0,1345,1,1,1.34093,1321,2248,6929,1,1.10449,1321,3947,16530,7.15895,33344,1321
3,24,3621375,11317103,3740,469,6231,2.61867,4.97765,3813,-1,ok,0,0,0,0,3812,1,1,6.46627,3740,16166,21452,1,10.5938,3740,40697,56958,477.81,1.19993e+06,3740
3,25,5575100,6646560,1919,242,2155,0.86149,1.90718,1992,-1,ok,0,0,0,0,1991,1,1,2.56104,1919,10272,10996,1,5.22508,1919,24341,27158,68.757,241544,1919
3,26,6158980,12807081,2860,359,5803,2.34942,6.01233,2895,-1,ok,0,0,0,0,2894,1,1,3.4553,2860,3078,16361,1,1.68304,2860,3318,41080,38.2916,142266,2860
3,27,11764863,10921693,884,111,1207,0.561859,1.07317,901,-1,ok,0,0,0,0,900,1,1,1.34703,884,5488,5816,1,3.05009,884,14463,16205,12.9602,61102,884
3,28,10694273,1537590,4589,574,13168,5.13954,5.47223,4738,-1,ok,0,0,0,0,4737,1,1,7.02202,4593,16690,27121,1,10.4933,4589,39435,73716,388.102,1.1922e+06,4589
3,29,12581368,7643768,4098,512,13212,5.68533,6.41092,4139,-1,ok,0,0,0,0,4138,1,1,6.58365,4098,21494,26216,1,12.7226,4098,57174,70796,649.789,1.91099e+06,4098
3,30,13030402,12409999,2438,306,2627,1.03393,2.99177,2469,-1,ok,0,0,0,0,2468,1,1,2.93888,2440,12684,16020,1,7.6204,2438,33944,45355,28.1775,121103,2438
3,31,12223295,6275531,3837,480,16409,7.04801,4.61301,3932,-1,ok,0,0,0,0,3931,1,1,7.21167,3837,22107,22515,1,12.8416,3837,58627,59827,536.375,1.64996e+06,3837
3,32,5623637,12139279,3038,381,1550,0.946951,4.96424,3133,-1,ok,0,0,0,0,3132,1,1,4.44649,3038,9928,17102,1,5.67445,3038,23361,44525,258.118,882190,3038
3,33,8035053,1444783,3156,396,11126,4.75999,5.32748,3205,-1,ok,0,0,0,0,3204,1,1,5.93943,3162,12820,21933,1,8.34879,3156,31018,57598,365.775,1.0506e+06,3156
3,34,2880048,10213702,3461,433,4681,2.08137,4.30778,3562,-1,ok,0,0,0,0,3561,1,1,6.50783,3471,18502,18610,1,13.2181,3467,51250,51751,237.139,806170,3461
3,35,1385201,11261247,4005,501,8489,3.68208,7.00348,4090,-1,ok,0,0,0,0,4089,1,1,6.79646,4009,16283,23401,1,8.87243,4005,34788,65953,306.578,891402,4005
3,36,6948283,3518629,1448,181,2628,1.14249,1.98772,1485,-1,ok,0,0,0,0,1484,1,1,1.89714,1448,5975,8269,1,4.56488,1448,17621,25334,85.5137,242475,1448
3,37,13034387,859878,5685,712,27592,10.8009,8.15713,5834,-1,ok,0,0,0,0,5833,1,1,10.4805,5689,26723,35628,1,19.4671,5685,67686,96541,966.54,2.44682e+06,5685
3,38,1686729,1918309,506,64,534,0.231362,0.818379,517,-1,ok,0,0,0,0,516,1,1,0.216045,506,506,4096,1,0.11741,506,506,12352,0.160159,506,506
3,39,2222597,11499473,5854,736,32830,12.6193,7.39304,5971,-1,ok,0,0,0,0,5970,1,1,10.1819,5880,28272,35114,1,19.362,5880,72122,93838,1482.59,3.54492e+06,5854
3,40,5141411,11134502,4288,538,16360,6.54147,5.7175,4379,-1,ok,0,0,0,0,4378,1,1,9.29547,4298,20192,27577,1,15.1547,4298,49036,72348,845.728,2.29801e+06,4288
3,41,12465838,7448178,2144,268,4553,2.03139,3.9083,2179,-1,ok,0,0,0,0,2178,1,1,3.69902,2144,8042,14433,1,4.91228,2144,20241,38488,197.889,527518,2144
3,42,10661203,8840327,3818,478,10430,4.18129,4.61767,3923,-1,ok,0,0,0,0,3922,1,1,4.51091,3818,12928,21682,1,6.61832,3818,32416,57693,682.116,1.87552e+06,3818
3,43,9236823,3376857,2492,312,5337,2.21398,3.04994,2549,-1,ok,0,0,0,0,2548,1,1,5.37365,2496,13743,15531,1,9.59999,2492,37732,43787,152.288,426303,2492
3,44,6505621,5115520,816,104,1729,0.671615,1.24178,871,-1,ok,0,0,0,0,870,1,1,0.741015,816,1722,4574,1,0.715929,816,2769,13088,4.32464,18883,816
3,45,7224318,3455553,1884,237,4204,1.71609,2.4764,1917,-1,ok,0,0,0,0,1916,1,1,3.5781,1884,8550,13087,1,5.90389,1884,21751,36827,121.718,351645,1884
3,46,3577892,1190856,1756,220,8227,3.50507,1.73602,1801,-1,ok,0,0,0,0,1800,1,1,1.54913,1756,2159,9356,1,0.902305,1756,2522,26356,1.98148,5947,1756
3,47,3204941,3810580,2880,362,3787,1.4937,2.51403,2937,-1,ok,0,0,0,0,2936,1,1,3.77619,2880,15882,17193,1,8.0617,2880,41361,46228,135.042,532935,2880
3,48,4180108,8576223,2054,258,754,0.458025,3.23405,2091,-1,ok,0,0,0,0,2090,1,1,2.54523,2054,4577,13807,1,2.33202,2054,9774,35984,21.2563,75250,2054
3,49,12353729,2809446,3785,475,6924,3.19768,4.67133,3872,-1,ok,0,0,0,0,3871,1,1,14.5472,3797,16698,23117,1,11.4246,3793,41540,62958,357.081,1.08715e+06,3785
3,50,8395975,2625599,2116,269,1569,0.890495,3.59576,2205,-1,ok,0,0,0,0,2204,1,1,5.85209,2136,10651,13314,1,9.02815,2136,26038,35948,11.3647,38786,2116
3,51,5493528,7925047,1515,189,2885,1.16266,2.4754,1538,-1,ok,0,0,0,0,1537,1,1,1.1114,1515,1691,8071,1,0.804122,1515,2258,20638,4.77926,14291,1515
3,52,9212910,11487380,2518,315,4256,1.67708,3.41117,2585,-1,ok,0,0,0,0,2584,1,1,4.47952,2518,13603,14395,1,7.25853,2518,32798,35424,293.974,942143,2518
3,53,12285366,6402468,2738,342,788,0.536322,3.89442,2785,-1,ok,0,0,0,0,2784,1,1,4.30101,2738,9585,15340,1,5.2522,2738,22135,38924,180.507,526630,2738
3,54,6487042,3141638,3876,489,4974,2.13694,3.7035,3957,-1,ok,0,0,0,0,3956,1,1,5.59952,3896,15617,24131,1,9.15464,3896,38375,65643,403.183,1.45507e+06,3876
3,55,8016532,6159621,865,111,2416,1.0743,1.71078,914,-1,ok,0,0,0,0,913,1,1,1.32697,881,1842,6278,1,0.94128,881,3670,17540,6.1891,27820,865
3,56,5515103,10522115,2043,256,5337,1.88925,3.97665,2090,-1,ok,0,0,0,0,2089,1,1,4.32226,2043,11724,12021,1,7.29631,2043,30965,31825,207.236,571096,2043
3,57,2476815,12608832,4271,537,6819,3.06856,8.77072,4374,-1,ok,0,0,0,0,4373,1,1,11.9061,4271,28027,28621,1,22.8322,4271,72575,74902,597.709,1.57225e+06,4271
3,58,12456431,7340845,2238,280,3114,1.50648,3.29953,2251,-1,ok,0,0,0,0,2250,1,1,4.94675,2238,12271,13304,1,7.64916,2238,31276,34572,108.495,379863,2238
3,59,922742,2055692,666,84,1328,0.595412,3.86002,693,-1,ok,0,0,0,0,692,1,1,0.661927,666,670,5118,1,0.243375,666,686,14134,0.507079,666,666
3,60,11194911,9705957,3585,448,4583,1.9,3.40579,3728,-1,ok,0,0,0,0,3727,1,1,4.24827,3589,17882,22043,1,8.92744,3589,43200,58598,347.706,1.39977e+06,3585
3,61,6036526,5702403,1491,187,1472,0.506016,0.941671,1530,-1,ok,0,0,0,0,1529,1,1,0.926241,1491,4250,11014,1,2.7165,1491,10446,31988,13.3481,62773,1491
3,62,11101203,2544770,3426,428,5173,2.26777,4.10628,3509,-1,ok,0,0,0,0,3508,1,1,6.4165,3430,14140,19963,1,9.57294,3426,34578,54888,243.954,784499,3426
3,63,5493528,5459277,708,90,314,0.172522,0.57239,719,-1,ok,0,0,0,0,718,1,1,0.140403,708,708,5760,1,0.183994,708,708,17018,0.168376,708,708
3,64,2388947,10947782,3371,422,7184,3.0586,4.64392,3456,-1,ok,0,0,0,0,3455,1,1,6.02951,3375,11651,19699,1,6.17742,3371,22773,57117,187.855,614141,3371
3,65,7831705,6396759,719,90,457,0.268562,0.735904,738,-1,ok,0,0,0,0,737,1,1,0.682837,723,2413,5292,1,0.939426,723,4366,15566,0.478935,830,719
3,66,842069,12916554,4284,535,16822,6.41806,6.6085,4343,-1,ok,0,0,0,0,4342,1,1,10.3443,4288,25629,26358,1,21.5808,4284,71758,74173,372.495,1.10706e+06,4284
3,67,4850422,11280298,4704,588,7888,3.46848,5.72774,4803,-1,ok,0,0,0,0,4802,1,1,7.64663,4704,23877,27205,1,16.7389,4704,64362,75166,693.907,2.05978e+06,4704
3,68,11488163,10653983,1116,140,1657,0.70052,1.33558,1133,-1,ok,0,0,0,0,1132,1,1,0.455362,1116,1182,6730,1,0.501968,1116,1696,18357,2.84686,13862,1116
3,69,7579596,8228212,230,29,35,0.062366,0.451363,243,-1,ok,0,0,0,0,242,1,1,0.216316,230,230,1583,1,0.119062,230,230,4542,0.191807,230,230
3,70,12001610,2787829,4759,595,15327,5.51908,4.94531,4914,-1,ok,0,0,0,0,4913,1,1,10.4335,4763,27050,29900,1,20.5408,4759,72101,81714,721.317,1.99921e+06,4759
3,71,5742610,2055291,1316,166,502,0.41702,1.73722,1355,-1,ok,0,0,0,0,1354,1,1,2.06515,1316,1332,9842,1,0.648973,1316,1500,24623,11.747,47787,1316
3,72,11880582,8295471,3634,454,4418,1.99673,3.97138,3707,-1,ok,0,0,0,0,3706,1,1,5.75794,3634,22503,23840,1,12.6255,3634,60017,64350,275.74,955187,3634
3,73,10473387,2457266,4575,573,6490,3.13529,7.59694,4618,-1,ok,0,0,0,0,4617,1,1,9.44868,4575,25743,29029,1,17.1629,4575,66303,77416,987.099,2.73263e+06,4575
3,74,5956582,6913395,1978,249,1860,0.93127,1.94082,2055,-1,ok,0,0,0,0,2054,1,1,1.76275,2006,6664,10962,1,2.78771,2006,15030,27574,57.4717,235499,1978
3,75,6219946,5564489,847,107,1252,0.473304,0.751785,892,-1,ok,0,0,0,0,891,1,1,0.466604,847,1426,5726,1,1.04077,847,5012,15250,1.52801,5398,847
3,76,2081440,12382609,4688,587,13634,5.36763,6.24503,4757,-1,ok,0,0,0,0,4756,1,1,10.0654,4688,24946,29282,1,18.7348,4688,61701,75601,1018.98,2.38355e+06,4688
3,77,1691073,3744093,1693,213,1290,0.755101,2.32569,1712,-1,ok,0,0,0,0,1711,1,1,2.34852,1693,10024,12204,1,5.57124,1693,28261,34506,68.2764,261092,1693
3,78,8817198,3986522,2108,265,2486,1.14008,2.83324,2163,-1,ok,0,0,0,0,2162,1,1,2.12883,2108,2108,14340,1,1.0767,2108,2340,41543,1.74578,2126,2108
3,79,7948753,9167683,453,58,654,0.397201,0.687465,468,-1,ok,0,0,0,0,467,1,1,0.323065,453,453,3252,1,0.218007,453,519,9555,0.412751,1008,453
3,80,5933167,1809128,2017,253,2273,1.04836,2.97536,2052,-1,ok,0,0,0,0,2051,1,1,2.00134,2017,2539,14496,1,1.33959,2017,3815,36198,7.35287,28899,2017
3,81,6966816,6407311,457,59,209,0.123882,0.50319,490,-1,ok,0,0,0,0,489,1,1,0.302846,457,460,2592,1,0.179786,457,460,6528,0.248864,460,457
3,82,2476107,12023992,4640,583,7255,2.97725,5.98023,4711,-1,ok,0,0,0,0,4710,1,1,10.5555,4640,23820,30141,1,18.8603,4640,58779,77668,528.309,1.39914e+06,4640
3,83,4767722,2408797,4057,508,6320,2.72029,4.35249,4126,-1,ok,0,0,0,0,4125,1,1,5.78258,4057,21427,24764,1,11.589,4057,56529,66895,306.578,1.10799e+06,4057
3,84,3731350,7191902,4549,570,9296,4.16229,3.82979,4640,-1,ok,0,0,0,0,4639,1,1,4.66298,4577,16282,27065,1,8.61282,4577,41122,73573,285.732,1.07623e+06,4549
3,85,7691974,1423542,4300,539,24411,9.36621,4.78603,4353,-1,ok,0,0,0,0,4352,1,1,6.0396,4306,14411,31152,1,8.77052,4300,33331,84811,382.165,1.23304e+06,4300
3,86,12485877,3126737,5189,649,14956,5.92341,5.89445,5340,-1,ok,0,0,0,0,5339,1,1,10.1434,5193,29130,33698,1,20.5928,5189,76418,91623,1253.19,3.38136e+06,5189
3,87,6909604,7200447,137,18,88,0.104015,0.424254,156,-1,ok,0,0,0,0,155,1,1,0.123713,137,137,1152,1,0.04323,137,137,3154,0.079789,137,137
3,88,3904717,10577072,2759,346,2629,1.32474,4.12607,2856,-1,ok,0,0,0,0,2855,1,1,5.76276,2759,14455,17717,1,11.0593,2759,38380,48673,272.304,886951,2759
3,89,8340124,3901242,2357,300,8038,3.24143,3.48883,2466,-1,ok,0,0,0,0,2465,1,1,2.53614,2379,4682,13510,1,2.57839,2379,9467,38755,1.17426,2357,2357
3,90,4075443,11878759,2915,365,523,0.510193,3.85762,2966,-1,ok,0,0,0,0,2965,1,1,6.38808,2915,11889,18899,1,9.99191,2915,27700,49022,210.107,675222,2915
3,91,9913504,3945960,2821,354,5046,2.02192,3.22345,2910,-1,ok,0,0,0,0,2909,1,1,3.10189,2821,5336,15912,1,3.06091,2821,10187,44704,14.5205,53787,2821
3,92,7849946,5842851,2633,330,4935,2.09382,2.89026,2686,-1,ok,0,0,0,0,2685,1,1,3.04388,2639,11026,15657,1,4.92128,2639,24644,39427,38.1803,167520,2633
3,93,2178665,5515989,2531,319,5840,2.21228,2.70045,2584,-1,ok,0,0,0,0,2583,1,1,5.14952,2531,16588,16897,1,10.5911,2531,40153,41251,276.295,881538,2531
3,94,10144368,3695934,2736,343,8008,3.28327,3.26065,2807,-1,ok,0,0,0,0,2806,1,1,2.92833,2736,3217,17811,1,1.75715,2736,3786,48097,7.7108,23955,2736
3,95,6149849,6790259,1164,147,1247,0.625178,0.971156,1209,-1,ok,0,0,0,0,1208,1,1,0.750583,1164,2499,7341,1,1.09807,1164,5334,19727,9.04453,40412,1164
3,96,12359415,9961757,1197,150,521,0.293419,1.36111,1208,-1,ok,0,0,0,0,1207,1,1,1.12237,1197,1197,6142,1,0.544087,1197,1197,14362,1.35779,2912,1197
3,97,12611329,8437561,4181,524,14084,5.56668,3.95801,4254,-1,ok,0,0,0,0,4253,1,1,6.40097,4181,24288,27990,1,14.4796,4181,64422,74996,627.223,1.88045e+06,4181
3,98,1865682,9892253,3390,425,5470,2.43809,4.39929,3439,-1,ok,0,0,0,0,3438,1,1,8.46942,3390,21292,22422,1,15.7395,3390,53135,59571,330.883,849145,3390
3,99,6903382,7042632,3042,381,5502,2.6039,2.26416,3091,-1,ok,0,0,0,0,3090,1,1,2.04717,3042,7397,18830,1,2.81431,3042,14996,49514,64.8836,243725,3042
3,100,6037001,13035985,3913,489,11390,4.46261,4.25558,3980,-1,ok,0,0,0,0,3979,1,1,7.54425,3913,22075,23005,1,14.6679,3913,58989,61745,571.119,1.44693e+06,3913
3,101,11432291,5361289,3782,474,11523,5.54882,4.35787,3865,-1,ok,0,0,0,0,3864,1,1,3.90403,3782,7598,23410,1,3.57756,3782,13877,61877,33.9885,141371,3782
3,102,2095814,12208510,5712,715,7604,3.31126,6.20435,5783,-1,ok,0,0,0,0,5782,1,1,12.5262,5712,32579,34393,1,26.2623,5712,87121,93050,832.141,2.30774e+06,5712
3,103,3721245,10043794,1835,230,2137,1.10896,3.34944,1866,-1,ok,0,0,0,0,1865,1,1,4.26934,1835,6480,14309,1,4.94623,1835,18746,42191,10.5132,26732,1835
3,104,1875949,12219863,5866,733,2315,1.34487,6.52266,5935,-1,ok,0,0,0,0,5934,1,1,11.8321,5866,29726,35268,1,23.7528,5866,77847,95469,826.428,2.27646e+06,5866
3,105,5433877,7370783,2174,273,2407,1.11933,1.84871,2227,-1,ok,0,0,0,0,2226,1,1,1.32581,2174,2681,14549,1,1.163,2174,3904,39516,0.877089,2174,2174
3,106,6966746,1889450,2024,253,6420,2.58635,2.63745,2061,-1,ok,0,0,0,0,2060,1,1,3.37647,2024,7107,11732,1,4.84933,2024,18710,34233,88.9722,273751,2024
3,107,12074479,9935930,3204,400,2455,1.15506,2.91293,3253,-1,ok,0,0,0,0,3252,1,1,5.42534,3204,20825,21360,1,12.6932,3204,56534,58318,326.672,1.10555e+06,3204
3,108,8171471,10094437,1272,161,605,0.32073,1.60222,1307,-1,ok,0,0,0,0,1306,1,1,1.46445,1272,4275,8909,1,1.83297,1272,8673,22040,3.7937,18368,1272
3,109,1583977,12290737,4150,519,2336,1.31883,5.07478,4211,-1,ok,0,0,0,0,4210,1,1,7.9378,4154,19371,25428,1,16.7982,4150,55744,75033,422.769,1.05151e+06,4150
3,110,8541711,3431022,2128,268,7327,3.23202,2.77319,2199,-1,ok,0,0,0,0,2198,1,1,3.5212,2134,8063,13453,1,4.96023,2128,20791,35226,153.319,449522,2128
3,111,945097,9503748,3693,465,14626,5.92959,5.54837,3766,-1,ok,0,0,0,0,3765,1,1,8.82896,3699,23984,24813,1,15.4308,3693,57446,66084,312.759,984494,3693
3,112,3658695,5318513,1491,187,1576,0.721138,1.6696,1530,-1,ok,0,0,0,0,1529,1,1,2.03953,1491,7812,9122,1,4.43222,1491,19849,23567,39.9768,151380,1491
3,113,2754585,3947626,401,51,484,0.202399,1.42232,408,-1,ok,0,0,0,0,407,1,1,1.00055,401,401,3264,1,0.186429,401,401,9728,0.318647,401,401
3,114,10502174,11667585,3041,383,2669,1.06416,2.71128,3130,-1,ok,0,0,0,0,3129,1,1,5.77428,3041,11618,17907,1,14.7872,3041,26108,46478,50.139,229544,3041
3,115,10268480,11331403,3940,493,654,0.916013,4.99499,4057,-1,ok,0,0,0,0,4056,1,1,5.27082,3940,17977,22666,1,9.7048,3940,45107,57539,921.087,2.25105e+06,3940
3,116,7825845,1762847,4321,541,14234,6.27111,6.06398,4366,-1,ok,0,0,0,0,4365,1,1,4.68812,4327,9166,30320,1,7.36771,4327,26313,84731,164.089,584214,4321
3,117,3362086,11653233,3339,417,1327,1.05999,4.87495,3420,-1,ok,0,0,0,0,3419,1,1,6.26411,3343,14620,19382,1,11.8908,3339,41582,56817,334.072,835072,3339
3,118,10389453,7350623,1413,177,1863,0.97912,2.45624,1448,-1,ok,0,0,0,0,1447,1,1,1.73496,1413,5911,8260,1,3.46544,1413,15794,24325,39.6534,154150,1413
3,119,4506435,6736068,887,111,1325,0.644835,1.86221,912,-1,ok,0,0,0,0,911,1,1,0.921683,887,887,6422,1,0.537114,887,1437,15956,1.86376,6190,887
3,120,5929329,12497247,3028,379,2924,1.66942,4.53706,3093,-1,ok,0,0,0,0,3092,1,1,5.91386,3028,16100,17078,1,9.66119,3028,40845,44424,326.998,1.15168e+06,3028
3,121,12410185,7574644,2088,261,4216,2.23846,3.11813,2119,-1,ok,0,0,0,0,2118,1,1,5.25875,2088,13685,13848,1,9.51845,2088,36230,37195,189.494,589758,2088
3,122,12229428,5440651,2956,370,2090,1.40231,4.1085,3003,-1,ok,0,0,0,0,3002,1,1,4.62326,2956,9761,17058,1,5.44939,2956,21938,44101,179.945,518526,2956
3,123,1780250,9157158,3337,420,13159,5.84254,4.85619,3404,-1,ok,0,0,0,0,3403,1,1,5.69592,3343,14860,23195,1,9.45981,3337,36215,62827,228.733,700833,3337
3,124,11302776,5692962,4744,604,22094,10.33,7.06389,4943,-1,ok,0,0,0,0,4942,1,1,5.20485,4816,13700,29044,1,7.02447,4816,31901,76586,347.535,1.2234e+06,4744
3,125,1768886,1792417,1169,148,294,0.171921,0.749662,1186,-1,ok,0,0,0,0,1185,1,1,0.283008,1169,1169,9472,1,0.293078,1169,1169,28480,0.282708,1169,1169
3,126,9050045,1934388,5350,673,18871,8.50187,7.07934,5557,-1,ok,0,0,0,0,5556,1,1,8.33664,5394,23345,29316,1,14.9052,5394,56219,76160,471.785,1.32145e+06,5350
3,127,1820605,6200831,1903,239,3522,1.82222,2.89538,1938,-1,ok,0,0,0,0,1937,1,1,4.60256,1903,8174,13282,1,6.28406,1903,19829,34776,116.474,320298,1903
3,128,10430467,2988856,2977,371,6051,2.86132,3.91778,3054,-1,ok,0,0,0,0,3053,1,1,5.7847,2981,14405,18973,1,9.85333,2977,37072,52332,193.19,601563,2977
3,129,2439228,6156068,1623,205,2278,1.30355,2.81271,1658,-1,ok,0,0,0,0,1657,1,1,2.41828,1623,7004,12409,1,4.36762,1623,18168,33013,74.0799,215848,1623
3,130,1319267,7253584,2673,336,14386,5.60766,3.45735,2746,-1,ok,0,0,0,0,2745,1,1,5.12319,2701,14110,16004,1,9.7749,2701,40209,45818,302.698,835410,2673
3,131,7196925,2454290,2503,317,4765,2.38407,3.25455,2558,-1,ok,0,0,0,0,2557,1,1,5.55256,2503,15477,16765,1,9.36034,2503,38071,41754,280.678,844661,2503
3,132,13030402,3456903,3403,426,983,0.886777,5.77966,3452,-1,ok,0,0,0,0,3451,1,1,6.41846,3403,10073,22408,1,6.87308,3403,22168,59043,150.295,421598,3403
3,133,4224358,1052088,1611,206,1423,0.863665,1.94653,1666,-1,ok,0,0,0,0,1665,1,1,2.09206,1631,5487,10231,1,2.83749,1631,12121,26259,48.3486,192084,1611
3,134,12080206,7454087,2122,266,1941,1.08544,3.18339,2181,-1,ok,0,0,0,0,2180,1,1,4.36565,2122,10666,11808,1,6.4579,2122,26106,29407,141.254,455871,2122
3,135,2068522,1574689,1869,235,2631,0.998757,1.62905,1886,-1,ok,0,0,0,0,1885,1,1,0.577269,1869,1872,14491,1,1.00268,1869,4217,42890,3.97798,18429,1869
3,136,10842340,7134907,3574,494,9671,4.27646,4.33607,4039,-1,ok,0,0,0,0,4038,1,1,6.8939,3936,21123,21517,1,11.3963,3936,50941,52836,238.974,779570,3574
3,137,2045569,12750493,5410,677,11008,4.9234,7.39762,5475,-1,ok,0,0,0,0,5474,1,1,12.7424,5410,34662,37192,1,29.0792,5410,92322,99426,841.998,2.3517e+06,5410
3,138,1691283,1726949,1624,204,1063,0.579664,1.4632,1645,-1,ok,0,0,0,0,1644,1,1,0.408113,1624,1624,13056,1,0.368708,1624,1624,39232,0.401281,1624,1624
3,139,2267658,6664151,2812,355,10470,4.66918,3.44625,2869,-1,ok,0,0,0,0,2868,1,1,6.38715,2812,17666,18081,1,12.6451,2812,47308,48514,247.319,760437,2812
3,140,5981077,11521702,3639,455,7344,3.42808,4.74237,3714,-1,ok,0,0,0,0,3713,1,1,6.11664,3647,19261,20924,1,11.2782,3639,46854,53121,595.858,1.60599e+06,3639
3,141,6905897,5956763,2217,279,2764,1.30536,2.19481,2298,-1,ok,0,0,0,0,2297,1,1,2.79454,2245,11173,12589,1,5.59835,2245,28114,32532,125.218,453616,2217
3,142,3746090,7542891,3910,490,6877,3.10717,3.98911,3997,-1,ok,0,0,0,0,3996,1,1,4.16023,3938,13970,22356,1,7.31131,3938,35125,59946,308.627,1.10748e+06,3910
3,143,927918,6543619,4456,558,25391,9.4266,6.01228,4497,-1,ok,0,0,0,0,4496,1,1,7.28158,4456,25405,32013,1,15.2303,4456,66887,86486,510.707,1.80035e+06,4456
3,144,6931863,7093569,2051,258,2787,1.33771,2.1096,2102,-1,ok,0,0,0,0,2101,1,1,1.9928,2051,7549,11923,1,3.66133,2051,19070,31206,114.454,395111,2051
3,145,2568120,12342319,3661,458,8879,3.79709,5.59764,3734,-1,ok,0,0,0,0,3733,1,1,6.95975,3665,13335,22074,1,7.51177,3661,27596,64058,176.034,604117,3661
3,146,7908353,11618893,3471,434,5408,2.67203,4.39222,3556,-1,ok,0,0,0,0,3555,1,1,4.95521,3471,14930,20437,1,7.9532,3471,35062,52154,428.613,1.32036e+06,3471
3,147,11438432,11802298,2485,312,2566,1.0764,2.30879,2572,-1,ok,0,0,0,0,2571,1,1,1.64331,2485,6850,16392,1,2.91891,2485,14046,45179,17.4133,78872,2485
3,148,2413893,1006952,1862,233,3992,1.64793,2.06671,1877,-1,ok,0,0,0,0,1876,1,1,1.46493,1862,1880,12281,1,0.699368,1862,1895,33433,21.8176,98220,1862
3,149,11409007,1162795,5579,747,22875,9.54115,7.56097,6102,-1,ok,0,0,0,0,6101,1,1,10.6914,5983,25611,33193,1,17.6921,5983,62761,87201,851.445,2.52929e+06,5579
3,150,9700992,2679266,4304,539,13538,5.91648,4.67305,4371,-1,ok,0,0,0,0,4370,1,1,9.11852,4304,21238,28740,1,15.8607,4304,54222,78343,662.421,1.90517e+06,4304
3,151,9872155,9787811,2375,297,2358,1.18493,2.46722,2416,-1,ok,0,0,0,0,2415,1,1,2.60163,2375,7983,13374,1,3.7454,2375,17797,34085,138.947,543802,2375
3,152,11614672,3408954,4147,517,9078,3.77019,5.02762,4216,-1,ok,0,0,0,0,4215,1,1,8.58091,4147,21505,23524,1,12.7922,4147,51661,62993,325.845,942950,4147
3,153,9981629,11181633,734,92,108,0.137035,1.16153,747,-1,ok,0,0,0,0,746,1,1,0.329025,734,734,4743,1,0.276798,734,734,12865,0.755754,2644,734
3,154,3718171,9615151,2308,289,1099,0.800086,3.22271,2341,-1,ok,0,0,0,0,2340,1,1,5.97007,2308,15100,17413,1,10.8579,2308,36009,48731,35.1525,117050,2308
3,155,3415323,8103407,3865,484,12220,4.82753,4.32652,3930,-1,ok,0,0,0,0,3929,1,1,6.90115,3867,21642,22755,1,13.7004,3867,55791,59377,638.062,1.93331e+06,3865
3,156,11110265,1067659,3702,464,14564,6.12915,4.90403,3749,-1,ok,0,0,0,0,3748,1,1,6.21158,3702,7578,25220,1,5.19233,3702,15039,68014,87.4254,306943,3702
3,157,6280476,9981769,2220,279,2847,1.48766,2.88728,2287,-1,ok,0,0,0,0,2286,1,1,3.42925,2220,9112,12763,1,4.7674,2220,21251,31951,111.982,374362,2220
3,158,6643578,8204315,3641,456,9362,3.70259,3.23845,3706,-1,ok,0,0,0,0,3705,1,1,5.08784,3641,21566,22423,1,10.9754,3641,56315,58071,478.301,1.69089e+06,3641
3,159,9685005,4585715,4747,593,16656,7.2622,4.81166,4842,-1,ok,0,0,0,0,4841,1,1,7.3384,4747,23881,28458,1,15.1685,4747,65148,78175,146.318,544077,4747
3,160,12831341,2638895,3950,493,14582,6.18083,5.16416,4015,-1,ok,0,0,0,0,4014,1,1,9.716,3954,21567,25644,1,16.6669,3950,58689,72945,458.49,1.15889e+06,3950
3,161,8783825,10724143,3006,377,1168,0.740023,3.06936,3115,-1,ok,0,0,0,0,3114,1,1,4.97994,3006,16637,17438,1,8.53752,3006,40598,44360,333.852,1.04124e+06,3006
3,162,6714674,4622259,3743,470,9969,3.89746,3.02624,3822,-1,ok,0,0,0,0,3821,1,1,6.02024,3771,22684,23171,1,13.4465,3771,58066,59775,360.174,1.18349e+06,3743
3,163,11574983,7241695,3374,422,2546,1.40402,3.73701,3465,-1,ok,0,0,0,0,3464,1,1,5.39898,3374,15837,18997,1,9.18728,3374,41315,50789,412.112,1.40372e+06,3374
3,164,6726695,10401558,1931,242,3956,1.88307,2.84902,1990,-1,ok,0,0,0,0,1989,1,1,1.81265,1931,2179,11848,1,1.30275,1931,3254,32643,7.11477,26397,1931
3,165,6217776,4562577,639,83,652,0.334095,1.04263,686,-1,ok,0,0,0,0,685,1,1,1.01783,639,1804,4756,1,1.01429,639,3950,11267,7.37962,27158,639
3,166,3978333,2704630,2039,257,2095,0.891305,1.86673,2072,-1,ok,0,0,0,0,2071,1,1,2.66613,2039,8479,12111,1,4.31831,2039,20142,32348,102.624,392855,2039
3,167,7528628,10723775,1234,159,1173,0.571268,2.84014,1321,-1,ok,0,0,0,0,1320,1,1,3.24871,1262,6915,7139,1,4.33221,1262,17218,18022,8.08337,34410,1234
3,168,9735496,1569903,4003,501,3285,1.60218,4.69079,4048,-1,ok,0,0,0,0,4047,1,1,9.33196,4003,25219,25924,1,17.7565,4003,65820,69211,465.885,1.47875e+06,4003
3,169,998082,9272687,4329,543,21877,8.47011,5.20002,4404,-1,ok,0,0,0,0,4403,1,1,7.53073,4335,21456,30233,1,13.1774,4329,54374,82229,391.234,1.22984e+06,4329
3,170,1321918,2206629,1412,177,2014,0.746645,1.52916,1431,-1,ok,0,0,0,0,1430,1,1,0.647591,1412,1426,11010,1,0.481209,1412,1444,31535,5.62912,22846,1412
3,171,6659965,11150045,3320,415,1858,1.01397,3.80533,3385,-1,ok,0,0,0,0,3384,1,1,5.35477,3320,14052,18922,1,8.86797,3320,36568,52667,289.58,805546,3320
3,172,3731435,7767988,2384,299,9791,3.77797,2.74392,2499,-1,ok,0,0,0,0,2498,1,1,4.23693,2412,13446,13621,1,8.04571,2412,36672,37522,97.8431,434809,2384
3,173,3974805,958596,1638,206,1839,0.921784,1.92958,1663,-1,ok,0,0,0,0,1662,1,1,1.91728,1638,4488,10930,1,2.18373,1638,9659,28695,44.6494,182160,1638
3,174,2428329,5775613,2154,273,4617,1.84617,2.81604,2213,-1,ok,0,0,0,0,2212,1,1,2.962,2154,9277,14868,1,4.87775,2154,21836,37336,125.597,407779,2154
3,175,1714534,1242194,2738,343,2482,0.933666,1.70425,2753,-1,ok,0,0,0,0,2752,1,1,0.718704,2738,2738,21550,1,0.651989,2738,2738,63973,33.6205,161075,2738
3,176,2649840,6642272,1749,221,1243,0.561841,1.96552,1814,-1,ok,0,0,0,0,1813,1,1,3.08147,1781,8670,9288,1,6.04258,1781,25144,27153,106.362,355043,1749
3,177,6637665,3752951,3356,420,6239,2.47734,3.47198,3445,-1,ok,0,0,0,0,3444,1,1,4.71028,3384,15961,17043,1,9.01438,3384,41304,44697,579.35,1.48585e+06,3356
3,178,11854338,7380264,1910,238,3846,1.77779,2.26875,1967,-1,ok,0,0,0,0,1966,1,1,3.59514,1910,10010,10555,1,6.38262,1910,28632,30260,147.864,507075,1910
3,179,6799419,5675038,2708,340,6321,2.58886,2.13549,2771,-1,ok,0,0,0,0,2770,1,1,2.9076,2708,11719,16598,1,5.44415,2708,26943,42939,38.2688,165783,2708
3,180,4194887,1007631,1165,147,1786,0.880115,2.11806,1202,-1,ok,0,0,0,0,1201,1,1,3.2231,1165,6764,7899,1,4.86725,1165,17015,20708,46.9095,120379,1165
3,181,7226275,11473681,3653,465,12089,4.61473,4.83109,3826,-1,ok,0,0,0,0,3825,1,1,5.91675,3723,20418,21410,1,11.3516,3723,50409,54764,498.908,1.38978e+06,3653
3,182,8300223,3253260,3863,488,12456,4.68968,4.08484,4032,-1,ok,0,0,0,0,4031,1,1,6.36697,3917,19388,20113,1,11.6455,3917,49725,51878,692.578,1.76125e+06,3863
3,183,1895748,929406,1049,132,1825,0.820545,2.13183,1072,-1,ok,0,0,0,0,1071,1,1,0.852393,1049,1429,7051,1,0.392604,1049,1117,18875,1.58696,6897,1049
3,184,10432828,11593598,2985,374,3550,1.39568,2.88167,3094,-1,ok,0,0,0,0,3093,1,1,2.64279,2985,8885,19263,1,4.06321,2985,17596,51041,104.953,340036,2985
3,185,3746090,7529905,1542,193,1548,0.788281,1.92942,1559,-1,ok,0,0,0,0,1558,1,1,2.49098,1542,5970,9625,1,3.2853,1542,14763,29259,36.8457,132200,1542
3,186,3253344,6964518,3608,453,4459,2.05033,3.97335,3649,-1,ok,0,0,0,0,3648,1,1,4.5651,3608,12307,24154,1,8.21362,3608,32385,65234,94.0323,405263,3608
3,187,1483093,11345582,5249,701,15895,8.5947,6.55068,5728,-1,ok,0,0,0,0,5727,1,1,9.24607,5619,25700,30636,1,17.2779,5619,66873,80384,966.823,2.85197e+06,5249
3,188,1769639,6419115,1907,240,4939,2.39872,2.82727,1962,-1,ok,0,0,0,0,1961,1,1,2.13182,1907,1994,12371,1,1.16952,1907,2734,31183,87.0486,217722,1907
3,189,1953803,11588864,5915,741,22519,10.9344,6.57718,6048,-1,ok,0,0,0,0,6047,1,1,13.1225,5915,34027,38269,1,27.2019,5915,85236,98538,1295.9,3.36397e+06,5915
3,190,10813718,4339117,2672,335,8831,4.41539,3.60936,2763,-1,ok,0,0,0,0,2762,1,1,6.06236,2676,11170,18859,1,1.53262,2672,2931,49386,21.08,74422,2672
3,191,4139954,12718531,4668,583,14006,6.73018,5.17779,4735,-1,ok,0,0,0,0,4734,1,1,6.18705,4668,16814,24589,1,11.449,4668,42886,68253,705.634,1.78919e+06,4668
3,192,11410131,12143449,1295,163,767,0.453629,1.37142,1342,-1,ok,0,0,0,0,1341,1,1,0.490416,1295,1302,8628,1,0.455091,1295,1337,23384,3.78464,17021,1295
3,193,12955129,5083650,4479,560,16895,6.85097,5.18852,4638,-1,ok,0,0,0,0,4637,1,1,9.68801,4479,25685,25983,1,18.0279,4479,64464,65388,357.103,1.12451e+06,4479
3,194,4034968,11166459,3294,412,7607,4.17059,4.23682,3327,-1,ok,0,0,0,0,3326,1,1,5.11278,3294,14108,18983,1,8.83303,3294,34432,46798,629.817,1.6324e+06,3294
3,195,12321886,6473680,2881,362,7079,2.94264,3.7267,2990,-1,ok,0,0,0,0,2989,1,1,5.48437,2881,13898,16740,1,8.88927,2881,34737,43099,198.973,619922,2881
3,196,1431067,12748470,4263,534,17309,8.70797,5.63629,4350,-1,ok,0,0,0,0,4349,1,1,7.31704,4267,15694,25254,1,10.0732,4263,34250,74148,293.772,953149,4263
3,197,6895032,9886330,3072,383,3676,1.89173,3.45797,3123,-1,ok,0,0,0,0,3122,1,1,5.54731,3072,16965,17380,1,10.4888,3072,45618,46939,302.193,923632,3072
3,198,8039344,11409990,3078,384,2128,1.16206,3.58741,3165,-1,ok,0,0,0,0,3164,1,1,3.8376,3078,12740,17546,1,6.53585,3078,29006,44051,395.663,1.02139e+06,3078
3,199,3159648,2262293,1368,173,4961,2.13304,1.41439,1413,-1,ok,0,0,0,0,1412,1,1,0.778265,1368,2010,9317,1,1.3888,1368,5531,27109,26.7597,106266,1368
4,0,2010448,7813185,3537,223,2201,1.01588,7.00075,3700,-1,ok,0,0,0,0,3699,1,1,13.4951,3551,41644,42683,1,29.1571,3551,99640,112122,192.267,580857,3537
4,1,12579166,9078023,1568,103,649,0.394689,3.09736,1671,-1,ok,0,0,0,0,1670,1,1,5.04246,1620,15419,15720,1,8.84872,1620,37122,39160,48.1782,207650,1568
4,2,1333590,4439595,1414,89,740,0.393856,2.46761,1461,-1,ok,0,0,0,0,1460,1,1,1.63587,1414,1777,19716,1,0.921042,1414,1684,51003,122.251,288056,1414
4,3,3773467,3914009,3647,230,4471,1.51016,6.28331,3778,-1,ok,0,0,0,0,3777,1,1,4.96674,3665,20585,42277,1,9.15877,3665,46775,117194,141.402,574921,3647
4,4,3313148,2503221,1216,78,396,0.235981,1.52133,1297,-1,ok,0,0,0,0,1296,1,1,0.929617,1232,4042,12998,1,1.76636,1232,8636,36728,24.0116,110721,1216
4,5,7140541,10774717,1925,121,477,0.303047,3.21258,2082,-1,ok,0,0,0,0,2081,1,1,4.41526,1925,14997,22721,1,9.21695,1925,39341,61116,101.317,372598,1925
4,6,8187875,9706060,1310,83,380,0.186971,1.96028,1367,-1,ok,0,0,0,0,1366,1,1,1.64057,1310,5977,16387,1,3.07013,1310,12671,42391,17.3371,68186,1310
4,7,9627843,9885990,3738,236,3025,1.21514,4.82836,3943,-1,ok,0,0,0,0,3942,1,1,5.99587,3738,20597,43795,1,10.6667,3738,49938,115717,259.253,736103,3738
4,8,7658869,7341623,669,45,347,0.184145,1.34868,762,-1,ok,0,0,0,0,761,1,1,1.3017,713,5108,8108,1,2.62697,713,12723,22548,19.3222,89953,669
4,9,9079560,12955119,2601,164,178,0.162242,4.04664,2786,-1,ok,0,0,0,0,2785,1,1,2.24301,2601,4408,27463,1,2.04103,2601,6712,66979,10.0602,39421,2601
4,10,3021799,6079542,2013,127,336,0.215733,2.47403,2150,-1,ok,0,0,0,0,2149,1,1,4.62605,2019,16044,21519,1,8.38376,2019,40305,55969,98.7718,366918,2013
4,11,3809714,13009546,3762,237,2315,1.06012,6.86037,3889,-1,ok,0,0,0,0,3888,1,1,7.67301,3766,22204,46445,1,10.5907,3762,43547,130548,80.2158,349019,3762
4,12,8103489,7107447,2089,133,134,0.164107,3.43621,2184,-1,ok,0,0,0,0,2183,1,1,3.61433,2109,14981,21534,1,6.16425,2109,33577,51516,58.2037,233890,2089
4,13,2332859,8426127,4263,285,3158,1.39576,5.77197,4762,-1,ok,0,0,0,0,4761,1,1,8.75683,4551,29387,51018,1,18.8423,4551,73569,135520,515.481,1.68904e+06,4263
4,14,12044454,2416847,4675,292,447,0.416859,5.99897,4854,-1,ok,0,0,0,0,4853,1,1,11.1882,4689,32726,53691,1,21.56,4689,82598,144178,231.315,835345,4675
4,15,7549516,3032970,3582,227,2333,1.05019,5.29851,3757,-1,ok,0,0,0,0,3756,1,1,10.0205,3616,30257,42587,1,22.9083,3616,81019,115941,531.024,1.81662e+06,3582
4,16,12927868,12892271,2462,155,979,0.551701,3.24159,2511,-1,ok,0,0,0,0,2510,1,1,5.70979,2462,29543,34249,1,17.1469,2462,84572,97531,65.1325,288014,2462
4,17,9833831,12288662,2580,163,1365,0.632181,3.21083,2697,-1,ok,0,0,0,0,2696,1,1,1.32399,2580,2774,33515,1,1.25495,2580,3933,89381,1.15735,2590,2580
4,18,6814149,9852082,1202,76,200,0.12874,1.76233,1251,-1,ok,0,0,0,0,1250,1,1,1.21005,1202,1203,14650,1,1.02202,1202,2431,41026,4.03554,14274,1202
4,19,9528140,2664047,3318,209,1335,0.5129,4.02035,3479,-1,ok,0,0,0,0,3478,1,1,7.5437,3322,22574,39259,1,15.8704,3318,56202,101904,185.085,619476,3318
4,20,6495471,7529905,2441,155,1645,0.645727,2.73363,2622,-1,ok,0,0,0,0,2621,1,1,3.84648,2443,15305,28519,1,8.42865,2443,41095,75029,145.088,487683,2441
4,21,12325382,10067215,1607,101,324,0.197671,2.2416,1732,-1,ok,0,0,0,0,1731,1,1,1.07944,1607,1679,18559,1,1.4878,1607,5092,47758,2.88852,9051,1607
4,22,3585937,1775879,2463,156,655,0.366745,2.41225,2542,-1,ok,0,0,0,0,2541,1,1,5.76259,2481,23410,29704,1,13.733,2481,60656,82370,0.9998,2463,2463
4,23,11721680,9491931,1321,84,344,0.158155,1.87471,1416,-1,ok,0,0,0,0,1415,1,1,1.57396,1321,3350,13685,1,1.5548,1321,5326,32169,7.15895,33344,1321
4,24,3621375,11317103,3740,235,1887,0.857544,4.92487,3951,-1,ok,0,0,0,0,3950,1,1,9.9721,3754,29081,39456,1,20.3815,3754,74073,108154,477.81,1.19993e+06,3740
4,25,5575100,6646560,1919,121,319,0.188232,1.95527,2036,-1,ok,0,0,0,0,2035,1,1,4.97584,1919,20289,22530,1,10.058,1919,46849,55860,68.757,241544,1919
4,26,6158980,12807081,2860,179,1634,0.728642,4.72112,2927,-1,ok,0,0,0,0,2926,1,1,3.06,2860,3712,31736,1,3.01966,2860,8896,79637,38.2916,142266,2860
4,27,11764863,10921693,884,57,355,0.212878,1.07325,921,-1,ok,0,0,0,0,920,1,1,1.97014,890,8309,11629,1,4.33825,890,20418,32396,12.9602,61102,884
4,28,10694273,1537590,4589,288,3801,1.61177,5.70033,4794,-1,ok,0,0,0,0,4793,1,1,9.93888,4593,29360,55197,1,19.1025,4589,70006,143481,388.102,1.1922e+06,4589
4,29,12581368,7643768,4098,257,3920,1.82614,4.96803,4201,-1,ok,0,0,0,0,4200,1,1,10.1732,4098,40385,50900,1,25.8,4098,109926,139758,649.789,1.91099e+06,4098
4,30,13030402,12409999,2438,154,783,0.303357,2.92345,2497,-1,ok,0,0,0,0,2496,1,1,5.3529,2438,22483,29821,1,13.8515,2438,62433,85772,28.1775,121103,2438
4,31,12223295,6275531,3837,240,5026,2.17787,4.51953,4034,-1,ok,0,0,0,0,4033,1,1,10.9992,3847,41070,42678,1,25.6889,3847,112356,116923,536.375,1.64996e+06,3837
4,32,5623637,12139279,3038,191,413,0.347982,4.60697,3229,-1,ok,0,0,0,0,3228,1,1,5.44196,3038,15509,31358,1,9.24003,3038,39079,80762,258.118,882190,3038
4,33,8035053,1444783,3156,199,789,0.469228,3.9699,3279,-1,ok,0,0,0,0,3278,1,1,8.83354,3168,23915,44034,1,15.9981,3162,59261,115786,365.775,1.0506e+06,3156
4,34,2880048,10213702,3461,218,1187,0.696302,4.51285,3618,-1,ok,0,0,0,0,3617,1,1,10.5797,3471,36502,36998,1,24.1847,3467,93206,101545,237.139,806170,3461
4,35,1385201,11261247,4005,251,2039,1.04636,6.2951,4132,-1,ok,0,0,0,0,4131,1,1,9.8005,4009,28925,46074,1,16.0806,4005,58814,124836,306.578,891402,4005
4,36,6948283,3518629,1448,92,304,0.236732,2.36496,1537,-1,ok,0,0,0,0,1536,1,1,4.7872,1448,13756,18626,1,9.96602,1448,36445,51565,85.5137,242475,1448
4,37,13034387,859878,5685,356,7555,3.04384,7.82889,5862,-1,ok,0,0,0,0,5861,1,1,15.7548,5689,48889,70749,1,34.6895,5685,123970,184107,966.54,2.44682e+06,5685
4,38,1686729,1918309,506,33,127,0.111238,0.476271,533,-1,ok,0,0,0,0,532,1,1,0.156853,506,506,8448,1,0.112389,506,506,25341,0.160159,506,506
4,39,2222597,11499473,5854,369,6001,2.52132,6.82481,6083,-1,ok,0,0,0,0,6082,1,1,16.691,5894,52287,66380,1,36.9528,5894,132862,178493,1482.59,3.54492e+06,5854
4,40,5141411,11134502,4288,270,4474,1.94067,5.14154,4441,-1,ok,0,0,0,0,4440,1,1,14.2514,4298,37352,53045,1,30.2014,4298,88566,136209,845.728,2.29801e+06,4288
4,41,12465838,7448178,2144,134,500,0.357498,3.26327,2199,-1,ok,0,0,0,0,2198,1,1,4.84401,2144,14339,25902,1,7.71499,2144,37160,71322,197.889,527518,2144
4,42,10661203,8840327,3818,238,4118,1.69921,4.87068,3957,-1,ok,0,0,0,0,3956,1,1,5.95341,3818,21704,41129,1,21.276,3818,59045,111478,682.116,1.87552e+06,3818
4,43,9236823,3376857,2492,157,453,0.330818,3.33396,2585,-1,ok,0,0,0,0,2584,1,1,9.93021,2496,28223,31883,1,19.5731,2492,74247,85853,152.288,426303,2492
4,44,6505621,5115520,816,53,618,0.272028,1.43223,873,-1,ok,0,0,0,0,872,1,1,0.869344,816,1716,9027,1,0.909901,816,3803,25101,4.32464,18883,816
4,45,7224318,3455553,1884,119,570,0.278781,2.66383,1923,-1,ok,0,0,0,0,1922,1,1,5.44649,1884,15573,25246,1,10.1645,1884,40554,70717,121.718,351645,1884
4,46,3577892,1190856,1756,111,1558,0.768447,2.10206,1811,-1,ok,0,0,0,0,1810,1,1,1.37142,1756,1756,18939,1,0.749481,1756,1756,51700,1.98148,5947,1756
4,47,3204941,3810580,2880,181,2010,0.716329,2.18585,3003,-1,ok,0,0,0,0,3002,1,1,6.62786,2898,28814,32243,1,15.4874,2898,72188,88733,135.042,532935,2880
4,48,4180108,8576223,2054,130,288,0.188934,2.96411,2125,-1,ok,0,0,0,0,2124,1,1,3.39146,2054,7905,27294,1,3.99336,2054,16805,69256,21.2563,75250,2054
4,49,12353729,2809446,3785,239,2010,1.04812,4.46058,3914,-1,ok,0,0,0,0,3913,1,1,10.6091,3797,31270,47417,1,21.3212,3793,78772,123670,357.081,1.08715e+06,3785
4,50,8395975,2625599,2116,134,143,0.201497,3.4153,2273,-1,ok,0,0,0,0,2272,1,1,8.31257,2136,19508,26576,1,14.9919,2136,45907,71794,11.3647,38786,2116
4,51,5493528,7925047,1515,95,797,0.357148,2.16385,1592,-1,ok,0,0,0,0,1591,1,1,1.13756,1515,1836,16185,1,0.974813,1515,2995,42004,4.77926,14291,1515
4,52,9212910,11487380,2518,160,1538,0.655755,3.32018,2665,-1,ok,0,0,0,0,2664,1,1,7.59891,2518,25717,28027,1,14.085,2518,63576,68958,293.974,942143,2518
4,53,12285366,6402468,2738,172,253,0.222255,3.59993,2839,-1,ok,0,0,0,0,2838,1,1,5.80788,2738,16537,28443,1,10.3023,2738,40608,73549,180.507,526630,2738
4,54,6487042,3141638,3876,245,3220,1.40147,3.74878,4055,-1,ok,0,0,0,0,4054,1,1,9.70013,3914,32776,44382,1,19.3815,3914,82152,122097,403.183,1.45507e+06,3876
4,55,8016532,6159621,865,55,499,0.280695,2.25154,928,-1,ok,0,0,0,0,927,1,1,1.41365,881,3324,11914,1,1.36886,881,4747,33290,6.1891,27820,865
4,56,5515103,10522115,2043,129,1639,0.58777,2.82755,2144,-1,ok,0,0,0,0,2143,1,1,7.06834,2061,22675,23332,1,13.172,2061,56591,61051,207.236,571096,2043
4,57,2476815,12608832,4271,267,2215,1.12835,7.04207,4434,-1,ok,0,0,0,0,4433,1,1,19.7808,4279,54621,55188,1,46.3429,4279,141110,144899,597.709,1.57225e+06,4271
4,58,12456431,7340845,2238,140,943,0.533618,3.02323,2269,-1,ok,0,0,0,0,2268,1,1,7.37163,2238,23747,25932,1,13.9021,2238,59496,65736,108.495,379863,2238
4,59,922742,2055692,666,43,309,0.187971,1.22007,725,-1,ok,0,0,0,0,724,1,1,0.994189,666,2146,8887,1,1.06564,666,4098,23607,0.507079,666,666
4,60,11194911,9705957,3585,226,1145,0.547092,4.53375,3910,-1,ok,0,0,0,0,3909,1,1,6.88097,3599,28292,40860,1,15.0894,3589,75782,112849,347.706,1.39977e+06,3585
4,61,6036526,5702403,1491,95,451,0.234558,1.09819,1584,-1,ok,0,0,0,0,1583,1,1,0.956327,1491,4250,21613,1,2.84689,1491,14746,63245,13.3481,62773,1491
4,62,11101203,2544770,3426,215,1781,0.844267,3.87794,3549,-1,ok,0,0,0,0,3548,1,1,8.94367,3430,25471,41405,1,17.5198,3426,63122,107887,243.954,784499,3426
4,63,5493528,5459277,708,46,172,0.129703,0.752478,751,-1,ok,0,0,0,0,750,1,1,0.166461,708,708,11571,1,0.183714,708,708,34309,0.168376,708,708
4,64,2388947,10947782,3371,211,1567,0.778305,4.72279,3522,-1,ok,0,0,0,0,3521,1,1,7.21674,3375,19735,39255,1,9.85209,3371,39127,109255,187.855,614141,3371
4,65,7831705,6396759,719,46,111,0.10247,0.870587,754,-1,ok,0,0,0,0,753,1,1,0.746686,723,2517,10543,1,1.68266,723,6335,31382,0.478935,830,719
4,66,842069,12916554,4284,269,2930,1.36856,6.42976,4397,-1,ok,0,0,0,0,4396,1,1,16.0706,4288,48678,50739,1,40.6225,4284,136005,141837,372.495,1.10706e+06,4284
4,67,4850422,11280298,4704,296,3108,1.46983,5.62362,5027,-1,ok,0,0,0,0,5026,1,1,14.3412,4746,49961,50977,1,32.0026,4718,122609,143983,693.907,2.05978e+06,4704
4,68,11488163,10653983,1116,70,430,0.245148,1.27497,1193,-1,ok,0,0,0,0,1192,1,1,0.583431,1116,1535,12023,1,0.370934,1116,1174,33654,2.84686,13862,1116
4,69,7579596,8228212,230,14,38,0.029856,0.35799,243,-1,ok,0,0,0,0,242,1,1,0.194654,230,230,3183,1,0.061676,230,230,9100,0.191807,230,230
4,70,12001610,2787829,4759,299,1140,0.546742,4.99677,5026,-1,ok,0,0,0,0,5025,1,1,18.369,4763,53602,60292,1,38.5393,4759,141158,160220,721.317,1.99921e+06,4759
4,71,5742610,2055291,1316,84,157,0.180548,1.85005,1371,-1,ok,0,0,0,0,1370,1,1,1.42739,1316,1364,20470,1,1.15025,1316,3458,48970,11.747,47787,1316
4,72,11880582,8295471,3634,228,1341,0.704147,3.68481,3779,-1,ok,0,0,0,0,3778,1,1,10.1885,3634,43615,46736,1,25.3931,3634,117260,126202,275.74,955187,3634
4,73,10473387,2457266,4575,288,1321,0.789194,6.25826,4668,-1,ok,0,0,0,0,4667,1,1,15.4873,4575,49552,56990,1,33.83,4575,126026,149247,987.099,2.73263e+06,4575
4,74,5956582,6913395,1978,125,511,0.308516,1.94049,2111,-1,ok,0,0,0,0,2110,1,1,2.69269,2006,11590,20362,1,4.71516,2006,26062,51652,57.4717,235499,1978
4,75,6219946,5564489,847,54,402,0.146895,0.804243,900,-1,ok,0,0,0,0,899,1,1,0.322803,847,847,11632,1,0.302786,847,858,32198,1.52801,5398,847
4,76,2081440,12382609,4688,294,3581,1.51971,5.55532,4827,-1,ok,0,0,0,0,4826,1,1,17.4949,4688,47231,56437,1,39.834,4688,115139,145570,1018.98,2.38355e+06,4688
4,77,1691073,3744093,1693,107,314,0.272699,1.68542,1728,-1,ok,0,0,0,0,1727,1,1,4.81527,1693,19451,25133,1,10.1637,1693,49746,68845,68.2764,261092,1693
4,78,8817198,3986522,2108,133,752,0.40141,2.69107,2227,-1,ok,0,0,0,0,2226,1,1,2.18286,2108,2340,30060,1,1.17491,2108,2829,85349,1.74578,2126,2108
4,79,7948753,9167683,453,29,199,0.120295,0.592277,468,-1,ok,0,0,0,0,467,1,1,0.332983,453,453,6880,1,0.212898,453,454,19853,0.412751,1008,453
4,80,5933167,1809128,2017,126,573,0.283961,2.24477,2120,-1,ok,0,0,0,0,2119,1,1,2.01056,2017,3133,27997,1,1.69942,2017,5179,66746,7.35287,28899,2017
4,81,6966816,6407311,457,30,52,0.062807,0.485386,520,-1,ok,0,0,0,0,519,1,1,0.311803,457,496,4987,1,0.19825,457,661,12824,0.248864,460,457
4,82,2476107,12023992,4640,293,1919,0.842865,5.76919,4803,-1,ok,0,0,0,0,4802,1,1,18.2728,4640,43389,58430,1,32.0089,4640,101095,150172,528.309,1.39914e+06,4640
4,83,4767722,2408797,4057,255,969,0.607285,4.09837,4238,-1,ok,0,0,0,0,4237,1,1,9.48957,4075,40504,47512,1,22.7312,4075,107225,126365,306.578,1.10799e+06,4057
4,84,3731350,7191902,4549,286,4238,1.85594,4.17529,4734,-1,ok,0,0,0,0,4733,1,1,8.15989,4577,31624,52997,1,16.4965,4577,77028,141254,285.732,1.07623e+06,4549
4,85,7691974,1423542,4300,289,927,0.559245,8.63744,4771,-1,ok,0,0,0,0,4770,1,1,12.4937,4634,40362,53625,1,25.4884,4634,105011,145998,382.165,1.23304e+06,4300
4,86,12485877,3126737,5189,325,3812,1.71462,5.42988,5404,-1,ok,0,0,0,0,5403,1,1,16.5511,5207,55325,67181,1,39.3862,5203,146444,178441,1253.19,3.38136e+06,5189
4,87,6909604,7200447,137,9,24,0.029193,0.629206,172,-1,ok,0,0,0,0,171,1,1,0.121698,137,137,2304,1,0.056917,137,137,6254,0.079789,137,137
4,88,3904717,10577072,2759,174,688,0.419373,3.77937,2972,-1,ok,0,0,0,0,2971,1,1,9.15839,2765,28262,35790,1,21.2776,2765,75424,97666,272.304,886951,2759
4,89,8340124,3901242,2357,150,1995,0.894811,3.29291,2602,-1,ok,0,0,0,0,2601,1,1,5.00735,2385,16154,30605,1,8.33191,2385,34481,83253,1.17426,2357,2357
4,90,4075443,11878759,2915,184,286,0.264405,3.91002,3018,-1,ok,0,0,0,0,3017,1,1,9.90266,2915,19992,35912,1,14.8595,2915,41867,94255,210.107,675222,2915
4,91,9913504,3945960,2821,178,1084,0.564184,3.30316,3050,-1,ok,0,0,0,0,3049,1,1,7.26609,2827,22681,35482,1,12.9932,2827,52995,95500,14.5205,53787,2821
4,92,7849946,5842851,2633,166,1456,0.707182,2.33525,2786,-1,ok,0,0,0,0,2785,1,1,5.09629,2633,21915,30253,1,9.5808,2633,48443,76581,38.1803,167520,2633
4,93,2178665,5515989,2531,161,1592,0.658933,2.69933,2650,-1,ok,0,0,0,0,2649,1,1,9.76581,2531,29935,30876,1,20.224,2531,71849,76316,276.295,881538,2531
4,94,10144368,3695934,2736,172,3742,1.6344,3.52113,2903,-1,ok,0,0,0,0,2902,1,1,8.66865,2742,23630,35966,1,16.5749,2742,59378,96503,7.7108,23955,2736
4,95,6149849,6790259,1164,73,795,0.425436,1.24693,1231,-1,ok,0,0,0,0,1230,1,1,1.01651,1164,4094,14038,1,1.64247,1164,8417,37441,9.04453,40412,1164
4,96,12359415,9961757,1197,76,183,0.13428,1.45365,1224,-1,ok,0,0,0,0,1223,1,1,1.03166,1197,1197,12074,1,0.628935,1197,1390,28325,1.35779,2912,1197
4,97,12611329,8437561,4181,263,4138,1.69617,3.39079,4314,-1,ok,0,0,0,0,4313,1,1,11.6497,4181,46198,54379,1,27.275,4181,123067,145118,627.223,1.88045e+06,4181
4,98,1865682,9892253,3390,214,1643,0.795857,4.20413,3489,-1,ok,0,0,0,0,3488,1,1,14.6087,3390,38765,45137,1,28.9665,3390,92643,116195,330.883,849145,3390
4,99,6903382,7042632,3042,191,2026,1.02003,2.27173,3127,-1,ok,0,0,0,0,3126,1,1,3.59736,3042,12281,35079,1,4.5548,3042,25490,93549,64.8836,243725,3042
4,100,6037001,13035985,3913,246,3234,1.33177,4.2842,4062,-1,ok,0,0,0,0,4061,1,1,12.694,3913,41750,43320,1,31.3197,3913,113081,118317,571.119,1.44693e+06,3913
4,101,11432291,5361289,3782,239,3098,1.44109,4.37215,3959,-1,ok,0,0,0,0,3958,1,1,4.55979,3782,11753,45407,1,6.13205,3782,25269,119230,33.9885,141371,3782
4,102,2095814,12208510,5712,359,2069,1.07178,6.17851,5921,-1,ok,0,0,0,0,5920,1,1,19.9057,5726,61117,65038,1,48.5538,5726,163420,175325,832.141,2.30774e+06,5712
4,103,3721245,10043794,1835,119,248,0.259996,5.00744,1974,-1,ok,0,0,0,0,1973,1,1,13.3358,1877,26072,27702,1,18.3275,1877,56774,79835,10.5132,26732,1835
4,104,1875949,12219863,5866,367,685,0.521675,6.29204,6055,-1,ok,0,0,0,0,6054,1,1,18.3252,5880,54269,66635,1,43.1877,5880,144683,180274,826.428,2.27646e+06,5866
4,105,5433877,7370783,2174,137,1741,0.908258,2.16221,2267,-1,ok,0,0,0,0,2266,1,1,1.33677,2174,3116,26671,1,1.11998,2174,3756,73444,0.877089,2174,2174
4,106,6966746,1889450,2024,127,385,0.224078,2.50183,2123,-1,ok,0,0,0,0,2122,1,1,5.99131,2024,15055,24968,1,9.88349,2024,37106,68068,88.9722,273751,2024
4,107,12074479,9935930,3204,201,1090,0.469577,2.51548,3309,-1,ok,0,0,0,0,3308,1,1,9.72694,3204,40387,41878,1,25.4053,3204,111438,115898,326.672,1.10555e+06,3204
4,108,8171471,10094437,1272,84,203,0.128971,1.72719,1351,-1,ok,0,0,0,0,1350,1,1,1.58161,1274,6035,13841,1,2.6731,1272,13011,37017,3.7937,18368,1272
4,109,1583977,12290737,4150,260,887,0.551802,5.50892,4245,-1,ok,0,0,0,0,4244,1,1,14.1738,4154,37910,51495,1,35.3317,4150,108194,147564,422.769,1.05151e+06,4150
4,110,8541711,3431022,2128,136,1894,0.899191,2.93382,2347,-1,ok,0,0,0,0,2346,1,1,5.25252,2140,15862,27176,1,9.98132,2134,42551,70641,153.319,449522,2128
4,111,945097,9503748,3693,235,3494,1.48177,7.49245,3908,-1,ok,0,0,0,0,3907,1,1,15.1094,3733,48516,49205,1,30.3682,3717,118089,128866,312.759,984494,3693
4,112,3658695,5318513,1491,95,555,0.293177,1.51382,1580,-1,ok,0,0,0,0,1579,1,1,3.52207,1491,12814,15972,1,8.73295,1491,35624,44259,39.9768,151380,1491
4,113,2754585,3947626,401,26,157,0.102952,1.46742,424,-1,ok,0,0,0,0,423,1,1,0.583831,401,401,6656,1,0.239388,401,401,18128,0.318647,401,401
4,114,10502174,11667585,3041,193,1003,0.432559,2.81616,3196,-1,ok,0,0,0,0,3195,1,1,4.92285,3041,20689,34335,1,9.10925,3041,46572,90545,50.139,229544,3041
4,115,10268480,11331403,3940,247,293,0.239348,4.19863,4127,-1,ok,0,0,0,0,4126,1,1,8.86627,3940,32987,42060,1,18.4356,3940,86674,107244,921.087,2.25105e+06,3940
4,116,7825845,1762847,4321,272,1189,0.662127,4.16197,4374,-1,ok,0,0,0,0,4373,1,1,5.68199,4323,14355,60521,1,7.04903,4321,26304,166414,164.089,584214,4321
4,117,3362086,11653233,3339,209,549,0.431718,4.14076,3448,-1,ok,0,0,0,0,3447,1,1,10.4365,3343,28368,39032,1,23.9935,3339,80110,110367,334.072,835072,3339
4,118,10389453,7350623,1413,88,524,0.336018,2.21885,1464,-1,ok,0,0,0,0,1463,1,1,2.5254,1413,10694,15145,1,6.65308,1413,29633,46322,39.6534,154150,1413
4,119,4506435,6736068,887,56,249,0.146705,1.70296,956,-1,ok,0,0,0,0,955,1,1,1.06834,887,1476,12723,1,0.654623,887,2159,30793,1.86376,6190,887
4,120,5929329,12497247,3028,189,796,0.422249,4.29894,3097,-1,ok,0,0,0,0,3096,1,1,8.88112,3028,30152,31504,1,18.2836,3028,76560,81071,326.998,1.15168e+06,3028
4,121,12410185,7574644,2088,131,185,0.237283,3.77622,2167,-1,ok,0,0,0,0,2166,1,1,7.72514,2088,24649,25510,1,16.6115,2088,65866,69614,189.494,589758,2088
4,122,12229428,5440651,2956,187,438,0.339826,3.72024,3067,-1,ok,0,0,0,0,3066,1,1,5.69305,2956,16532,32191,1,9.87742,2956,40603,84611,179.945,518526,2956
4,123,1780250,9157158,3337,211,3246,1.56694,4.15244,3504,-1,ok,0,0,0,0,3503,1,1,14.0558,3359,44504,47240,1,20.8942,3343,76749,126054,228.733,700833,3337
4,124,11302776,5692962,4744,302,5814,2.44618,4.80807,5017,-1,ok,0,0,0,0,5016,1,1,6.64774,4826,24007,55029,1,13.5592,4816,60703,147571,347.535,1.2234e+06,4744
4,125,1768886,1792417,1169,75,148,0.114054,0.947522,1202,-1,ok,0,0,0,0,1201,1,1,0.273672,1169,1169,19200,1,0.930429,1169,1169,57856,0.282708,1169,1169
4,126,9050045,1934388,5350,339,954,0.595643,5.98279,5689,-1,ok,0,0,0,0,5688,1,1,14.664,5394,44986,57764,1,27.5085,5394,105349,144571,471.785,1.32145e+06,5350
4,127,1820605,6200831,1903,121,788,0.474047,2.71,1988,-1,ok,0,0,0,0,1987,1,1,5.69305,1909,16589,27618,1,10.2863,1903,37585,68361,116.474,320298,1903
4,128,10430467,2988856,2977,186,1408,0.740073,3.59211,3080,-1,ok,0,0,0,0,3079,1,1,8.55673,2981,26819,38658,1,18.585,2977,70461,102772,193.19,601563,2977
4,129,2439228,6156068,1623,104,665,0.383356,2.00505,1698,-1,ok,0,0,0,0,1697,1,1,4.52266,1629,14095,25365,1,8.63979,1623,34980,66454,74.0799,215848,1623
4,130,1319267,7253584,2673,169,1889,0.890042,3.53979,2816,-1,ok,0,0,0,0,2815,1,1,8.56305,2701,28716,32299,1,19.0963,2701,72574,87843,302.698,835410,2673
4,131,7196925,2454290,2503,158,1259,0.612104,3.00734,2656,-1,ok,0,0,0,0,2655,1,1,9.33379,2503,29137,31609,1,17.3695,2503,69448,76822,280.678,844661,2503
4,132,13030402,3456903,3403,214,324,0.330778,4.84971,3520,-1,ok,0,0,0,0,3519,1,1,7.95678,3403,17824,43701,1,11.358,3403,41668,114972,150.295,421598,3403
4,133,4224358,1052088,1611,104,358,0.242163,2.05785,1734,-1,ok,0,0,0,0,1733,1,1,2.6461,1631,8240,19638,1,4.90236,1631,21492,51975,48.3486,192084,1611
4,134,12080206,7454087,2122,134,360,0.241231,2.54647,2251,-1,ok,0,0,0,0,2250,1,1,6.21724,2122,19382,22058,1,11.7356,2122,48451,55420,141.254,455871,2122
4,135,2068522,1574689,1869,117,397,0.209351,1.70406,1886,-1,ok,0,0,0,0,1885,1,1,0.644664,1869,1925,29076,1,0.93092,1869,3920,85604,3.97798,18429,1869
4,136,10842340,7134907,3574,247,2189,0.966216,3.7362,4073,-1,ok,0,0,0,0,4072,1,1,11.4223,3936,40301,41143,1,22.4705,3936,94400,100544,238.974,779570,3574
4,137,2045569,12750493,5410,341,3185,1.48765,6.09173,5593,-1,ok,0,0,0,0,5592,1,1,22.2579,5410,67117,72305,1,53.5317,5410,174477,189396,841.998,2.3517e+06,5410
4,138,1691283,1726949,1624,102,102,0.1385,1.03302,1645,-1,ok,0,0,0,0,1644,1,1,0.386553,1624,1624,26112,1,0.382033,1624,1624,78781,0.401281,1624,1624
4,139,2267658,6664151,2812,178,2868,1.21553,3.00089,2953,-1,ok,0,0,0,0,2952,1,1,10.2975,2826,32360,33235,1,22.8271,2826,85080,87914,247.319,760437,2812
4,140,5981077,11521702,3639,229,2042,0.911574,4.2311,3778,-1,ok,0,0,0,0,3777,1,1,10.8243,3639,35925,39858,1,23.0089,3639,87073,102232,595.858,1.60599e+06,3639
4,141,6905897,5956763,2217,139,716,0.326491,2.01959,2368,-1,ok,0,0,0,0,2367,1,1,4.94798,2245,20816,23577,1,10.449,2245,52240,61134,125.218,453616,2217
4,142,3746090,7542891,3910,246,2778,1.18545,3.62117,4083,-1,ok,0,0,0,0,4082,1,1,6.95476,3938,27602,44830,1,14.5064,3938,68066,118146,308.627,1.10748e+06,3910
4,143,927918,6543619,4456,298,8015,3.8037,4.94564,5017,-1,ok,0,0,0,0,5016,1,1,12.6823,4800,50102,54661,1,30.011,4800,126909,151064,510.707,1.80035e+06,4456
4,144,6931863,7093569,2051,129,762,0.33166,1.83256,2114,-1,ok,0,0,0,0,2113,1,1,2.78111,2051,13339,22824,1,6.44642,2051,35403,60365,114.454,395111,2051
4,145,2568120,12342319,3661,229,1835,0.946729,4.60814,3772,-1,ok,0,0,0,0,3771,1,1,7.9795,3665,22667,43460,1,12.1711,3661,47256,124339,176.034,604117,3661
4,146,7908353,11618893,3471,220,1529,0.708134,4.11242,3698,-1,ok,0,0,0,0,3697,1,1,7.5424,3481,27198,38578,1,14.1481,3481,64637,99101,428.613,1.32036e+06,3471
4,147,11438432,11802298,2485,157,884,0.383556,2.15133,2650,-1,ok,0,0,0,0,2649,1,1,2.15362,2485,10796,30877,1,4.25619,2485,22054,86643,17.4133,78872,2485
4,148,2413893,1006952,1862,118,766,0.405858,1.87314,1911,-1,ok,0,0,0,0,1910,1,1,0.946038,1862,1879,24523,1,0.665865,1862,2013,62377,21.8176,98220,1862
4,149,11409007,1162795,5579,374,1106,0.577549,6.19378,6202,-1,ok,0,0,0,0,6201,1,1,16.6368,5983,49352,64358,1,34.6525,5983,119658,167009,851.445,2.52929e+06,5579
4,150,9700992,2679266,4304,271,2332,1.1449,4.66303,4533,-1,ok,0,0,0,0,4532,1,1,16.3437,4322,46217,55964,1,36.1318,4322,119458,150459,662.421,1.90517e+06,4304
4,151,9872155,9787811,2375,150,769,0.438258,2.72738,2492,-1,ok,0,0,0,0,2491,1,1,3.81498,2375,14276,25053,1,6.26361,2375,32170,66263,138.947,543802,2375
4,152,11614672,3408954,4147,261,2609,1.11103,5.13342,4330,-1,ok,0,0,0,0,4329,1,1,11.4247,4147,37240,46879,1,24.6831,4147,93959,122985,325.845,942950,4147
4,153,9981629,11181633,734,46,46,0.093264,0.940608,747,-1,ok,0,0,0,0,746,1,1,0.356406,734,734,9095,1,0.262229,734,734,25271,0.755754,2644,734
4,154,3718171,9615151,2308,145,443,0.31576,2.84032,2373,-1,ok,0,0,0,0,2372,1,1,9.31849,2308,27803,34154,1,17.877,2308,55088,94824,35.1525,117050,2308
4,155,3415323,8103407,3865,243,4776,1.82856,4.01545,4082,-1,ok,0,0,0,0,4081,1,1,10.7226,3881,39704,42264,1,24.3158,3881,101612,108372,638.062,1.93331e+06,3865
4,156,11110265,1067659,3702,233,2862,1.34499,4.70811,3817,-1,ok,0,0,0,0,3816,1,1,6.75427,3702,12079,49433,1,8.11193,3702,26754,131534,87.4254,306943,3702
4,157,6280476,9981769,2220,139,957,0.52983,2.76396,2293,-1,ok,0,0,0,0,2292,1,1,4.96836,2220,16863,24336,1,8.10445,2220,38213,60391,111.982,374362,2220
4,158,6643578,8204315,3641,229,3843,1.39193,2.98431,3822,-1,ok,0,0,0,0,3821,1,1,8.77505,3641,39045,40613,1,21.2631,3641,103060,108580,478.301,1.69089e+06,3641
4,159,9685005,4585715,4747,299,3652,1.67207,4.97036,5058,-1,ok,0,0,0,0,5057,1,1,10.9021,4761,41938,51626,1,28.6079,4761,120746,147764,146.318,544077,4747
4,160,12831341,2638895,3950,246,947,0.664942,5.07452,4035,-1,ok,0,0,0,0,4034,1,1,16.3417,3954,43179,51792,1,34.1266,3950,113566,141502,458.49,1.15889e+06,3950
4,161,8783825,10724143,3006,190,769,0.457114,3.1161,3195,-1,ok,0,0,0,0,3194,1,1,7.75097,3006,29915,33559,1,15.672,3006,70938,86036,333.852,1.04124e+06,3006
4,162,6714674,4622259,3743,236,4564,1.73612,3.03706,3906,-1,ok,0,0,0,0,3905,1,1,10.9829,3771,41638,42683,1,25.3154,3771,107689,112473,360.174,1.18349e+06,3743
4,163,11574983,7241695,3374,211,1191,0.735766,3.64571,3511,-1,ok,0,0,0,0,3510,1,1,7.79861,3374,28626,36102,1,17.0081,3374,77506,97562,412.112,1.40372e+06,3374
4,164,6726695,10401558,1931,122,1120,0.590103,2.69188,2058,-1,ok,0,0,0,0,2057,1,1,1.50088,1931,2247,24024,1,1.2683,1931,3727,64709,7.11477,26397,1931
4,165,6217776,4562577,639,43,102,0.092823,0.908147,720,-1,ok,0,0,0,0,719,1,1,1.20118,639,3100,9713,1,1.84284,639,7538,23137,7.37962,27158,639
4,166,3978333,2704630,2039,130,833,0.341028,12.4675,2142,-1,ok,0,0,0,0,2141,1,1,4.55271,2039,15299,24240,1,8.03128,2039,38438,62557,102.624,392855,2039
4,167,7528628,10723775,1234,79,634,0.301033,2.4666,1383,-1,ok,0,0,0,0,1382,1,1,4.56966,1262,13031,13468,1,7.92955,1262,31165,34540,8.08337,34410,1234
4,168,9735496,1569903,4003,252,768,0.488473,5.07661,4098,-1,ok,0,0,0,0,4097,1,1,15.216,4003,48222,50831,1,34.3342,4003,122454,132976,465.885,1.47875e+06,4003
4,169,998082,9272687,4329,274,5463,2.58503,5.5098,4518,-1,ok,0,0,0,0,4517,1,1,17.0218,4351,58394,62247,1,30.901,4335,115760,168066,391.234,1.22984e+06,4329
4,170,1321918,2206629,1412,89,1259,0.486951,1.93739,1445,-1,ok,0,0,0,0,1444,1,1,0.772725,1412,2322,21679,1,1.81514,1412,6138,59795,5.62912,22846,1412
4,171,6659965,11150045,3320,206,640,0.388386,3.68473,3443,-1,ok,0,0,0,0,3442,1,1,8.11714,3320,24978,35964,1,16.7968,3320,68472,101157,289.58,805546,3320
4,172,3731435,7767988,2384,151,1030,0.514382,3.09509,2567,-1,ok,0,0,0,0,2566,1,1,7.16179,2412,27369,28036,1,14.5286,2412,67092,73550,97.8431,434809,2384
4,173,3974805,958596,1638,103,440,0.263864,1.86733,1663,-1,ok,0,0,0,0,1662,1,1,2.43494,1638,7096,21283,1,3.29622,1638,16563,54572,44.6494,182160,1638
4,174,2428329,5775613,2154,136,1174,0.486919,2.42934,2249,-1,ok,0,0,0,0,2248,1,1,5.99929,2172,21952,26754,1,11.9002,2172,51408,74525,125.597,407779,2154
4,175,1714534,1242194,2738,172,548,0.292336,2.22741,2769,-1,ok,0,0,0,0,2768,1,1,0.817477,2738,2738,43222,1,2.40292,2738,11554,128092,33.6205,161075,2738
4,176,2649840,6642272,1749,112,310,0.195585,2.18329,1882,-1,ok,0,0,0,0,1881,1,1,5.39681,1781,17845,19164,1,9.95389,1781,43550,52154,106.362,355043,1749
4,177,6637665,3752951,3356,211,1637,0.654404,3.34792,3503,-1,ok,0,0,0,0,3502,1,1,8.12037,3384,32354,34507,1,17.6496,3384,79890,86539,579.35,1.48585e+06,3356
4,178,11854338,7380264,1910,118,1001,0.601444,2.40685,1983,-1,ok,0,0,0,0,1982,1,1,5.39651,1910,17606,18776,1,11.7759,1910,51771,55805,147.864,507075,1910
4,179,6799419,5675038,2708,170,1982,0.881578,2.22403,2891,-1,ok,0,0,0,0,2890,1,1,4.91505,2722,21230,29802,1,10.6993,2722,52175,80323,38.2688,165783,2708
4,180,4194887,1007631,1165,74,420,0.228897,2.38414,1218,-1,ok,0,0,0,0,1217,1,1,5.24381,1165,13284,15612,1,8.61549,1165,32975,39885,46.9095,120379,1165
4,181,7226275,11473681,3653,228,3120,1.18004,4.181,3764,-1,ok,0,0,0,0,3763,1,1,7.65945,3653,28314,39017,1,15.2856,3653,72143,106360,498.908,1.38978e+06,3653
4,182,8300223,3253260,3863,245,3126,1.28987,4.18968,4136,-1,ok,0,0,0,0,4135,1,1,11.0175,3917,39599,40532,1,23.2912,3917,96753,100690,692.578,1.76125e+06,3863
4,183,1895748,929406,1049,67,318,0.199793,1.92961,1100,-1,ok,0,0,0,0,1099,1,1,0.594281,1049,1111,14780,1,0.354021,1049,1111,41461,1.58696,6897,1049
4,184,10432828,11593598,2985,188,1177,0.541743,2.80918,3198,-1,ok,0,0,0,0,3197,1,1,4.10108,2985,14136,35757,1,6.04415,2985,28640,95531,104.953,340036,2985
4,185,3746090,7529905,1542,97,482,0.253985,1.84506,1575,-1,ok,0,0,0,0,1574,1,1,3.83939,1542,11347,21445,1,5.71853,1542,27355,59548,36.8457,132200,1542
4,186,3253344,6964518,3608,227,1780,0.82373,3.73599,3661,-1,ok,0,0,0,0,3660,1,1,5.47121,3608,19352,47902,1,9.18891,3608,45435,124101,94.0323,405263,3608
4,187,1483093,11345582,5249,352,1918,1.03312,6.615,5830,-1,ok,0,0,0,0,5829,1,1,14.0136,5619,48322,60335,1,30.8346,5619,124078,154497,966.823,2.85197e+06,5249
4,188,1769639,6419115,1907,120,283,0.238956,2.8505,2000,-1,ok,0,0,0,0,1999,1,1,2.56642,1907,3922,25008,1,2.02751,1907,6830,60172,87.0486,217722,1907
4,189,1953803,11588864,5915,373,3777,1.82011,6.65915,6192,-1,ok,0,0,0,0,6191,1,1,22.5559,5915,64420,73515,1,49.0714,5915,160890,190080,1295.9,3.36397e+06,5915
4,190,10813718,4339117,2672,168,1833,0.875857,3.54292,2845,-1,ok,0,0,0,0,2844,1,1,8.97438,2676,20960,36993,1,1.7247,2672,3770,96773,21.08,74422,2672
4,191,4139954,12718531,4668,293,4005,1.83512,6.10408,4875,-1,ok,0,0,0,0,4874,1,1,10.6534,4682,30720,46456,1,20.8532,4682,77786,130081,705.634,1.78919e+06,4668
4,192,11410131,12143449,1295,82,169,0.150151,1.21374,1382,-1,ok,0,0,0,0,1381,1,1,0.600283,1295,1318,17359,1,0.433962,1295,1499,45713,3.78464,17021,1295
4,193,12955129,5083650,4479,280,6450,2.56696,5.98388,4722,-1,ok,0,0,0,0,4721,1,1,15.6041,4479,48022,48528,1,34.2397,4479,118013,120004,357.103,1.12451e+06,4479
4,194,4034968,11166459,3294,208,2155,1.04681,4.35427,3393,-1,ok,0,0,0,0,3392,1,1,7.97462,3294,25179,36846,1,15.4094,3294,63139,90575,629.817,1.6324e+06,3294
4,195,12321886,6473680,2881,182,2072,0.906614,3.54647,3040,-1,ok,0,0,0,0,3039,1,1,7.99389,2881,25146,31788,1,15.3634,2881,61939,78207,198.973,619922,2881
4,196,1431067,12748470,4263,267,2763,1.45388,5.63119,4388,-1,ok,0,0,0,0,4387,1,1,10.1789,4267,27553,49590,1,17.1552,4263,60734,143890,293.772,953149,4263
4,197,6895032,9886330,3072,191,1091,0.522256,3.26301,3189,-1,ok,0,0,0,0,3188,1,1,8.34249,3072,30817,31694,1,18.9962,3072,85162,87697,302.193,923632,3072
4,198,8039344,11409990,3078,193,659,0.328385,3.54474,3259,-1,ok,0,0,0,0,3258,1,1,6.64182,3078,22383,32882,1,12.3534,3078,52945,83780,395.663,1.02139e+06,3078
4,199,3159648,2262293,1368,86,606,0.287457,2.01407,1463,-1,ok,0,0,0,0,1462,1,1,3.01893,1382,10152,17329,1,5.75983,1382,28166,53276,26.7597,106266,1368
5,0,2010448,7813185,3537,111,552,0.360024,6.40845,3858,-1,ok,0,0,0,0,3857,1,1,22.477,3551,73471,81876,1,53.699,3537,171436,207686,192.267,580857,3537
5,1,12579166,9078023,1568,53,91,0.179406,3.15181,1747,-1,ok,0,0,0,0,1746,1,1,8.49822,1620,31604,33218,1,17.7868,1620,75124,84678,48.1782,207650,1568
5,2,1333590,4439595,1414,45,322,0.178604,2.07569,1469,-1,ok,0,0,0,0,1468,1,1,1.49228,1414,1684,36160,1,0.70061,1414,1684,94299,122.251,288056,1414
5,3,3773467,3914009,3647,116,132,0.08559,4.54597,3986,-1,ok,0,0,0,0,3985,1,1,12.3432,3701,53458,78456,1,32.7233,3701,142639,220732,141.402,574921,3647
5,4,3313148,2503221,1216,37,111,0.108483,1.73391,1295,-1,ok,0,0,0,0,1294,1,1,4.34401,1270,21925,25881,1,10.5372,1270,52817,72051,24.0116,110721,1216
5,5,7140541,10774717,1925,62,126,0.101721,4.18326,2208,-1,ok,0,0,0,0,2207,1,1,8.06379,1925,30708,47815,1,16.7811,1925,75851,125255,101.317,372598,1925
5,6,8187875,9706060,1310,43,70,0.06916,2.37785,1507,-1,ok,0,0,0,0,1506,1,1,2.38949,1310,10054,32664,1,4.71871,1310,20214,83994,17.3371,68186,1310
5,7,9627843,9885990,3738,119,957,0.369291,5.84284,4281,-1,ok,0,0,0,0,4280,1,1,10.1853,3788,39894,81870,1,19.8113,3788,93267,228975,259.253,736103,3738
5,8,7658869,7341623,669,21,77,0.078718,1.75249,850,-1,ok,0,0,0,0,849,1,1,2.89353,669,13162,17966,1,5.95932,669,30901,43638,19.3222,89953,669
5,9,9079560,12955119,2601,82,161,0.100087,4.36337,2990,-1,ok,0,0,0,0,2989,1,1,1.87065,2601,2989,51455,1,1.34148,2601,3773,121594,10.0602,39421,2601
5,10,3021799,6079542,2013,64,82,0.092783,2.63971,2350,-1,ok,0,0,0,0,2349,1,1,7.41019,2067,29981,43341,1,16.1431,2067,77123,102710,98.7718,366918,2013
5,11,3809714,13009546,3762,121,1066,0.463396,8.40236,4145,-1,ok,0,0,0,0,4144,1,1,8.87132,3762,29499,97742,1,17.6982,3762,77382,241099,80.2158,349019,3762
5,12,8103489,7107447,2089,66,98,0.104805,3.47256,2284,-1,ok,0,0,0,0,2283,1,1,5.67029,2109,25550,39596,1,10.5367,2109,57296,98340,58.2037,233890,2089
5,13,2332859,8426127,4263,145,744,0.391792,6.78183,5034,-1,ok,0,0,0,0,5033,1,1,15.8526,4551,56817,105498,1,31.8457,4551,123747,254137,515.481,1.68904e+06,4263
5,14,12044454,2416847,4675,145,157,0.198431,5.9989,4990,-1,ok,0,0,0,0,4989,1,1,17.6864,4689,62512,106106,1,40.2637,4675,82848,269244,231.315,835345,4675
5,15,7549516,3032970,3582,115,523,0.459509,5.50193,3995,-1,ok,0,0,0,0,3994,1,1,18.4107,3602,53862,77242,1,41.7735,3602,147691,212683,531.024,1.81662e+06,3582
5,16,12927868,12892271,2462,79,315,0.200486,2.54412,2547,-1,ok,0,0,0,0,2546,1,1,11.2212,2462,53824,63670,1,29.6954,2462,142773,171670,65.1325,288014,2462
5,17,9833831,12288662,2580,82,464,0.273721,3.62443,2901,-1,ok,0,0,0,0,2900,1,1,1.52059,2580,3650,64463,1,1.75622,2580,6704,177497,1.15735,2590,2580
5,18,6814149,9852082,1202,38,63,0.095449,2.04099,1275,-1,ok,0,0,0,0,1274,1,1,1.19162,1202,1202,31124,1,0.913197,1202,1665,79074,4.03554,14274,1202
5,19,9528140,2664047,3318,104,457,0.204422,4.79112,3679,-1,ok,0,0,0,0,3678,1,1,18.8371,3372,66758,75434,1,40.157,3372,150747,183011,185.085,619476,3318
5,20,6495471,7529905,2441,78,303,0.166271,2.52002,2794,-1,ok,0,0,0,0,2793,1,1,6.02656,2473,27403,56838,1,15.1855,2441,77092,145544,145.088,487683,2441
5,21,12325382,10067215,1607,51,155,0.122518,2.26615,1850,-1,ok,0,0,0,0,1849,1,1,1.37133,1607,2989,36364,1,2.44408,1607,9013,90162,2.88852,9051,1607
5,22,3585937,1775879,2463,79,156,0.117009,2.74448,2612,-1,ok,0,0,0,0,2611,1,1,5.77503,2517,26684,60359,1,12.5491,2517,59114,161812,0.9998,2463,2463
5,23,11721680,9491931,1321,43,88,0.082565,2.15614,1540,-1,ok,0,0,0,0,1539,1,1,1.84691,1321,4274,28062,1,2.40351,1321,9386,63377,7.15895,33344,1321
5,24,3621375,11317103,3740,118,530,0.295752,4.68567,4025,-1,ok,0,0,0,0,4024,1,1,16.9883,3754,54089,80055,1,42.6178,3740,137660,210075,477.81,1.19993e+06,3740
5,25,5575100,6646560,1919,62,358,0.195153,2.30834,2100,-1,ok,0,0,0,0,2099,1,1,8.3918,1919,35305,43860,1,18.6862,1919,81057,106061,68.757,241544,1919
5,26,6158980,12807081,2860,90,604,0.276859,5.54627,3043,-1,ok,0,0,0,0,3042,1,1,4.48392,2860,8439,62384,1,4.66473,2860,15366,162003,38.2916,142266,2860
5,27,11764863,10921693,884,28,103,0.086423,1.20583,987,-1,ok,0,0,0,0,986,1,1,3.39858,908,15323,20726,1,7.74473,908,37709,64506,12.9602,61102,884
5,28,10694273,1537590,4589,145,1263,0.569235,5.69825,5044,-1,ok,0,0,0,0,5043,1,1,21.42,4643,78377,106557,1,45.4945,4643,184057,269763,388.102,1.1922e+06,4589
5,29,12581368,7643768,4098,128,963,0.45516,4.62572,4293,-1,ok,0,0,0,0,4292,1,1,18.0983,4098,77011,96999,1,51.8371,4098,212664,259826,649.789,1.91099e+06,4098
5,30,13030402,12409999,2438,78,233,0.140302,2.59445,2595,-1,ok,0,0,0,0,2594,1,1,8.62455,2438,38393,55100,1,20.4174,2438,92736,157302,28.1775,121103,2438
5,31,12223295,6275531,3837,121,1319,0.538337,4.76648,4216,-1,ok,0,0,0,0,4215,1,1,21.0532,3923,86498,86823,1,51.8805,3845,215711,227623,536.375,1.64996e+06,3837
5,32,5623637,12139279,3038,95,153,0.153347,4.58845,3397,-1,ok,0,0,0,0,3396,1,1,8.21912,3038,29539,63427,1,16.9232,3038,74337,159856,258.118,882190,3038
5,33,8035053,1444783,3156,100,825,0.398655,3.81705,3487,-1,ok,0,0,0,0,3486,1,1,14.8801,3162,46645,81867,1,34.6713,3156,114854,220865,365.775,1.0506e+06,3156
5,34,2880048,10213702,3461,109,226,0.179425,4.2146,3846,-1,ok,0,0,0,0,3845,1,1,19.6493,3515,71322,78215,1,40.7492,3515,164717,195048,237.139,806170,3461
5,35,1385201,11261247,4005,127,593,0.329075,7.46212,4416,-1,ok,0,0,0,0,4415,1,1,13.0152,4059,43673,94386,1,26.5614,4059,107322,231882,306.578,891402,4005
5,36,6948283,3518629,1448,47,188,0.140352,2.27723,1671,-1,ok,0,0,0,0,1670,1,1,10.1685,1448,29403,37917,1,19.7437,1448,67672,93853,85.5137,242475,1448
5,37,13034387,859878,5685,179,1889,0.728541,7.71172,6198,-1,ok,0,0,0,0,6197,1,1,26.0207,5685,91174,135477,1,58.1619,5685,229983,339212,966.54,2.44682e+06,5685
5,38,1686729,1918309,506,17,26,0.025668,0.761113,533,-1,ok,0,0,0,0,532,1,1,0.177011,506,506,15399,1,0.12873,506,506,42420,0.160159,506,506
5,39,2222597,11499473,5854,187,2387,0.92561,6.46037,6303,-1,ok,0,0,0,0,6302,1,1,28.1078,5894,99637,134211,1,67.7276,5880,242713,341214,1482.59,3.54492e+06,5854
5,40,5141411,11134502,4288,136,1186,0.557372,6.38734,4841,-1,ok,0,0,0,0,4840,1,1,20.8821,4298,68320,94548,1,47.2449,4298,163397,249787,845.728,2.29801e+06,4288
5,41,12465838,7448178,2144,67,321,0.205695,3.6502,2283,-1,ok,0,0,0,0,2282,1,1,8.11488,2144,27188,53690,1,20.0164,2144,71756,139387,197.889,527518,2144
5,42,10661203,8840327,3818,121,1006,0.462795,4.47483,4177,-1,ok,0,0,0,0,4176,1,1,10.7847,3818,46866,87975,1,25.1574,3818,114906,226090,682.116,1.87552e+06,3818
5,43,9236823,3376857,2492,80,389,0.23053,3.0628,2761,-1,ok,0,0,0,0,2760,1,1,17.725,2492,54097,60633,1,39.6522,2492,127057,147164,152.288,426303,2492
5,44,6505621,5115520,816,27,154,0.10192,1.27735,943,-1,ok,0,0,0,0,942,1,1,0.942602,816,2896,18749,1,2.36233,816,8571,49453,4.32464,18883,816
5,45,7224318,3455553,1884,61,321,0.135913,2.20217,2037,-1,ok,0,0,0,0,2036,1,1,10.1851,1884,31684,51145,1,18.4755,1884,71866,129506,121.718,351645,1884
5,46,3577892,1190856,1756,56,526,0.182,2.24923,1965,-1,ok,0,0,0,0,1964,1,1,2.43249,1810,7935,38860,1,3.38079,1810,15868,102085,1.98148,5947,1756
5,47,3204941,3810580,2880,91,330,0.13952,2.27631,3173,-1,ok,0,0,0,0,3172,1,1,9.63949,2934,48565,58758,1,23.516,2934,118153,164566,135.042,532935,2880
5,48,4180108,8576223,2054,66,66,0.100448,3.26568,2227,-1,ok,0,0,0,0,2226,1,1,4.39875,2054,12063,55117,1,4.43776,2054,21364,134982,21.2563,75250,2054
5,49,12353729,2809446,3785,120,653,0.347379,4.59938,4156,-1,ok,0,0,0,0,4155,1,1,22.406,3847,80947,89021,1,50.1487,3847,188815,220922,357.081,1.08715e+06,3785
5,50,8395975,2625599,2116,68,139,0.149139,3.04162,2475,-1,ok,0,0,0,0,2474,1,1,15.8129,2136,38048,49384,1,30.4684,2136,88133,145207,11.3647,38786,2116
5,51,5493528,7925047,1515,48,192,0.118572,1.93583,1672,-1,ok,0,0,0,0,1671,1,1,1.07103,1515,1848,31957,1,1.44679,1515,4179,81621,4.77926,14291,1515
5,52,9212910,11487380,2518,81,396,0.17596,2.72862,2779,-1,ok,0,0,0,0,2778,1,1,12.1047,2518,45899,49438,1,27.0111,2518,120305,131046,293.974,942143,2518
5,53,12285366,6402468,2738,86,103,0.130404,3.86358,2999,-1,ok,0,0,0,0,2998,1,1,8.3615,2738,29028,55922,1,19.5096,2738,76763,148581,180.507,526630,2738
5,54,6487042,3141638,3876,124,375,0.221484,3.68014,4245,-1,ok,0,0,0,0,4244,1,1,19.6615,3950,77072,80742,1,48.0445,3950,207162,230606,403.183,1.45507e+06,3876
5,55,8016532,6159621,865,28,125,0.10658,2.09737,958,-1,ok,0,0,0,0,957,1,1,1.40329,881,3488,23146,1,2.79754,881,12451,64067,6.1891,27820,865
5,56,5515103,10522115,2043,65,464,0.164396,4.08829,2288,-1,ok,0,0,0,0,2287,1,1,12.9862,2061,45283,47419,1,28.1721,2043,112555,122838,207.236,571096,2043
5,57,2476815,12608832,4271,135,521,0.302466,7.22522,4748,-1,ok,0,0,0,0,4747,1,1,28.4493,4295,93438,100475,1,80.4215,4295,258736,278459,597.709,1.57225e+06,4271
5,58,12456431,7340845,2238,70,297,0.219701,4.15717,2375,-1,ok,0,0,0,0,2374,1,1,13.7578,2238,47309,52278,1,33.0044,2238,120581,135349,108.495,379863,2238
5,59,922742,2055692,666,23,95,0.077354,1.40657,783,-1,ok,0,0,0,0,782,1,1,0.889983,666,2146,16334,1,0.301975,666,666,41788,0.507079,666,666
5,60,11194911,9705957,3585,113,340,0.169146,3.71422,4096,-1,ok,0,0,0,0,4095,1,1,11.541,3589,52300,77516,1,28.8408,3589,142193,214081,347.706,1.39977e+06,3585
5,61,6036526,5702403,1491,48,161,0.118061,1.56572,1682,-1,ok,0,0,0,0,1681,1,1,2.92561,1491,14750,44397,1,6.57204,1491,35219,124973,13.3481,62773,1491
5,62,11101203,2544770,3426,108,474,0.265186,3.97803,3767,-1,ok,0,0,0,0,3766,1,1,20.3103,3480,71335,78578,1,44.4298,3480,163120,193247,243.954,784499,3426
5,63,5493528,5459277,708,24,51,0.067655,0.796399,799,-1,ok,0,0,0,0,798,1,1,3.35546,750,17500,22267,1,0.167954,708,708,54721,0.168376,708,708
5,64,2388947,10947782,3371,106,489,0.220553,4.4256,3644,-1,ok,0,0,0,0,3643,1,1,7.9501,3371,25448,83940,1,15.8688,3371,64708,214016,187.855,614141,3371
5,65,7831705,6396759,719,24,80,0.08531,1.11409,836,-1,ok,0,0,0,0,835,1,1,0.917756,723,2340,21898,1,2.99758,723,10015,61688,0.478935,830,719
5,66,842069,12916554,4284,136,1183,0.502841,6.28564,4577,-1,ok,0,0,0,0,4576,1,1,32.9372,4284,104458,107380,1,75.9905,4284,252482,265500,372.495,1.10706e+06,4284
5,67,4850422,11280298,4704,148,675,0.373188,5.48766,5111,-1,ok,0,0,0,0,5110,1,1,24.6261,4718,93223,107468,1,70.636,4704,227374,282587,693.907,2.05978e+06,4704
5,68,11488163,10653983,1116,36,101,0.111188,1.48848,1271,-1,ok,0,0,0,0,1270,1,1,0.618065,1116,1218,26601,1,0.693937,1116,2205,71788,2.84686,13862,1116
5,69,7579596,8228212,230,7,8,0.014116,0.483685,275,-1,ok,0,0,0,0,274,1,1,0.233536,230,230,6607,1,0.171861,230,230,18424,0.191807,230,230
5,70,12001610,2787829,4759,152,1131,0.434833,5.41502,5494,-1,ok,0,0,0,0,5493,1,1,33.1058,4759,100779,112281,1,80.9142,4759,257569,292882,721.317,1.99921e+06,4759
5,71,5742610,2055291,1316,42,48,0.103483,2.0031,1465,-1,ok,0,0,0,0,1464,1,1,2.57519,1316,5628,34811,1,3.78203,1316,14620,90381,11.747,47787,1316
5,72,11880582,8295471,3634,116,319,0.175787,3.79689,4117,-1,ok,0,0,0,0,4116,1,1,18.4638,3634,78786,87316,1,48.1325,3634,205548,232658,275.74,955187,3634
5,73,10473387,2457266,4575,144,421,0.322453,5.90403,4890,-1,ok,0,0,0,0,4889,1,1,26.994,4575,97457,113710,1,60.3265,4575,239680,284152,987.099,2.73263e+06,4575
5,74,5956582,6913395,1978,65,66,0.09679,2.26065,2301,-1,ok,0,0,0,0,2300,1,1,4.18339,2006,20055,38891,1,7.65346,2006,42361,95453,57.4717,235499,1978
5,75,6219946,5564489,847,28,96,0.057918,0.747036,932,-1,ok,0,0,0,0,931,1,1,0.318966,847,912,23964,1,0.269344,847,858,63051,1.52801,5398,847
5,76,2081440,12382609,4688,147,884,0.396612,5.63876,5043,-1,ok,0,0,0,0,5042,1,1,31.6161,4688,87240,106795,1,73.842,4688,220137,285849,1018.98,2.38355e+06,4688
5,77,1691073,3744093,1693,53,66,0.104436,1.89079,1800,-1,ok,0,0,0,0,1799,1,1,6.6887,1723,31299,38851,1,15.6082,1723,76077,117952,68.2764,261092,1693
5,78,8817198,3986522,2108,67,275,0.183412,3.17437,2315,-1,ok,0,0,0,0,2314,1,1,2.50047,2108,2108,57567,1,1.04923,2108,2108,150584,1.74578,2126,2108
5,79,7948753,9167683,453,15,40,0.023533,0.848295,532,-1,ok,0,0,0,0,531,1,1,0.459078,453,599,14208,1,0.196546,453,453,40725,0.412751,1008,453
5,80,5933167,1809128,2017,64,126,0.076163,2.46115,2350,-1,ok,0,0,0,0,2349,1,1,2.9949,2017,8594,53028,1,4.43781,2017,17566,128422,7.35287,28899,2017
5,81,6966816,6407311,457,16,16,0.017332,0.659171,604,-1,ok,0,0,0,0,603,1,1,0.304699,463,487,10252,1,0.172242,457,460,24464,0.248864,460,457
5,82,2476107,12023992,4640,148,563,0.257962,5.80434,5139,-1,ok,0,0,0,0,5138,1,1,25.6568,4656,74389,107321,1,58.7276,4656,192322,292560,528.309,1.39914e+06,4640
5,83,4767722,2408797,4057,129,165,0.169646,5.01989,4408,-1,ok,0,0,0,0,4407,1,1,16.6365,4111,78639,91343,1,42.9305,4111,204303,242245,306.578,1.10799e+06,4057
5,84,3731350,7191902,4549,146,716,0.447205,4.05687,4942,-1,ok,0,0,0,0,4941,1,1,14.1947,4577,59822,97066,1,32.2069,4577,137237,253582,285.732,1.07623e+06,4549
5,85,7691974,1423542,4300,149,1558,0.817668,6.02516,5155,-1,ok,0,0,0,0,5154,1,1,23.7023,4634,83487,109808,1,50.3565,4634,195982,274440,382.165,1.23304e+06,4300
5,86,12485877,3126737,5189,163,957,0.505083,5.80482,5748,-1,ok,0,0,0,0,5747,1,1,27.6481,5203,102711,128141,1,69.152,5189,269619,329872,1253.19,3.38136e+06,5189
5,87,6909604,7200447,137,6,8,0.016311,0.553194,236,-1,ok,0,0,0,0,235,1,1,0.159788,137,137,5342,1,0.066235,137,137,13804,0.079789,137,137
5,88,3904717,10577072,2759,88,198,0.137005,4.32818,3074,-1,ok,0,0,0,0,3073,1,1,16.3075,2759,56183,71513,1,40.9908,2759,140053,185385,272.304,886951,2759
5,89,8340124,3901242,2357,76,525,0.267009,3.67732,2728,-1,ok,0,0,0,0,2727,1,1,3.24166,2379,9954,56335,1,4.25023,2379,17003,145805,1.17426,2357,2357
5,90,4075443,11878759,2915,93,97,0.103323,3.57199,3178,-1,ok,0,0,0,0,3177,1,1,12.8359,2931,32719,66443,1,26.4965,2931,81791,185744,210.107,675222,2915
5,91,9913504,3945960,2821,90,138,0.133269,3.41419,3120,-1,ok,0,0,0,0,3119,1,1,4.60801,2821,11359,66372,1,6.33079,2821,25960,174493,14.5205,53787,2821
5,92,7849946,5842851,2633,83,502,0.234138,2.67559,3010,-1,ok,0,0,0,0,3009,1,1,7.38113,2653,33140,51141,1,14.3838,2639,73294,139989,38.1803,167520,2633
5,93,2178665,5515989,2531,81,487,0.210162,2.67684,2742,-1,ok,0,0,0,0,2741,1,1,13.6539,2553,45194,56515,1,29.931,2531,113515,154828,276.295,881538,2531
5,94,10144368,3695934,2736,87,576,0.298499,3.55618,2945,-1,ok,0,0,0,0,2944,1,1,3.32094,2736,4916,72085,1,4.68865,2736,14449,187156,7.7108,23955,2736
5,95,6149849,6790259,1164,37,59,0.068939,1.11385,1285,-1,ok,0,0,0,0,1284,1,1,1.49289,1164,6702,27507,1,2.42096,1164,12752,74242,9.04453,40412,1164
5,96,12359415,9961757,1197,39,104,0.072495,1.83075,1340,-1,ok,0,0,0,0,1339,1,1,1.03143,1197,1230,26440,1,0.572969,1197,1230,66661,1.35779,2912,1197
5,97,12611329,8437561,4181,133,1141,0.445954,3.07252,4492,-1,ok,0,0,0,0,4491,1,1,20.9497,4181,86576,104976,1,52.826,4181,231409,279760,627.223,1.88045e+06,4181
5,98,1865682,9892253,3390,106,363,0.245017,4.46483,3673,-1,ok,0,0,0,0,3672,1,1,27.4262,3390,72011,85254,1,50.7316,3390,162896,226642,330.883,849145,3390
5,99,6903382,7042632,3042,97,479,0.293538,2.74939,3271,-1,ok,0,0,0,0,3270,1,1,4.24416,3042,20991,65269,1,7.9567,3042,43397,179288,64.8836,243725,3042
5,100,6037001,13035985,3913,124,954,0.397714,4.39478,4222,-1,ok,0,0,0,0,4221,1,1,24.6616,3913,86271,88353,1,64.6055,3913,221256,229427,571.119,1.44693e+06,3913
5,101,11432291,5361289,3782,121,713,0.388515,4.91323,4269,-1,ok,0,0,0,0,4268,1,1,6.59101,3782,21981,83705,1,12.097,3782,50615,219213,33.9885,141371,3782
5,102,2095814,12208510,5712,181,643,0.370854,6.66582,6271,-1,ok,0,0,0,0,6270,1,1,37.0947,5726,123100,131629,1,96.7632,5712,307042,335584,832.141,2.30774e+06,5712
5,103,3721245,10043794,1835,58,383,0.254446,3.24947,1958,-1,ok,0,0,0,0,1957,1,1,8.25378,1851,21665,49204,1,13.0359,1851,48853,144221,10.5132,26732,1835
5,104,1875949,12219863,5866,185,214,0.1926,6.40437,6297,-1,ok,0,0,0,0,6296,1,1,34.6447,5880,109446,134517,1,85.4675,5866,262173,346471,826.428,2.27646e+06,5866
5,105,5433877,7370783,2174,69,173,0.169127,2.17159,2411,-1,ok,0,0,0,0,2410,1,1,1.54765,2174,3863,47237,1,1.42853,2174,4860,133483,0.877089,2174,2174
5,106,6966746,1889450,2024,70,389,0.188412,3.09689,2439,-1,ok,0,0,0,0,2438,1,1,10.0448,2154,28525,50601,1,16.8429,2154,63473,123050,88.9722,273751,2024
5,107,12074479,9935930,3204,102,291,0.171892,2.47687,3419,-1,ok,0,0,0,0,3418,1,1,17.331,3204,76758,80066,1,48.277,3204,216216,224828,326.672,1.10555e+06,3204
5,108,8171471,10094437,1272,40,41,0.068678,1.72165,1413,-1,ok,0,0,0,0,1412,1,1,2.06955,1272,8492,28047,1,3.00036,1272,14990,66610,3.7937,18368,1272
5,109,1583977,12290737,4150,131,176,0.158486,5.2624,4551,-1,ok,0,0,0,0,4550,1,1,26.1423,4150,80846,107859,1,63.3097,4150,198356,281901,422.769,1.05151e+06,4150
5,110,8541711,3431022,2128,69,577,0.298348,3.69753,2535,-1,ok,0,0,0,0,2534,1,1,12.9331,2166,45098,55979,1,27.2806,2166,99642,137408,153.319,449522,2128
5,111,945097,9503748,3693,123,1258,0.557181,7.89837,4146,-1,ok,0,0,0,0,4145,1,1,25.0718,3831,83094,86496,1,61.2249,3825,215378,223868,312.759,984494,3693
5,112,3658695,5318513,1491,48,155,0.121216,1.71186,1642,-1,ok,0,0,0,0,1641,1,1,4.50578,1513,16444,31769,1,14.7663,1491,59899,96125,39.9768,151380,1491
5,113,2754585,3947626,401,14,48,0.03189,1.37766,456,-1,ok,0,0,0,0,455,1,1,0.480126,401,401,14144,1,0.323595,401,401,40580,0.318647,401,401
5,114,10502174,11667585,3041,97,298,0.129071,2.86269,3464,-1,ok,0,0,0,0,3463,1,1,8.69384,3041,39330,63694,1,18.7126,3041,87389,171913,50.139,229544,3041
5,115,10268480,11331403,3940,124,124,0.126476,4.88328,4429,-1,ok,0,0,0,0,4428,1,1,14.8958,3940,61506,78712,1,36.632,3940,169047,196760,921.087,2.25105e+06,3940
5,116,7825845,1762847,4321,136,1227,0.467731,4.70337,4576,-1,ok,0,0,0,0,4575,1,1,20.3266,4359,62626,113280,1,43.8018,4351,148070,319596,164.089,584214,4321
5,117,3362086,11653233,3339,105,118,0.159298,4.3744,3612,-1,ok,0,0,0,0,3611,1,1,20.2139,3339,61243,81171,1,43.9157,3339,140142,204525,334.072,835072,3339
5,118,10389453,7350623,1413,45,149,0.127989,1.99903,1572,-1,ok,0,0,0,0,1571,1,1,4.32648,1413,19665,33991,1,9.91322,1413,47068,90694,39.6534,154150,1413
5,119,4506435,6736068,887,29,71,0.06468,1.89765,1088,-1,ok,0,0,0,0,1087,1,1,1.09519,887,1476,21754,1,1.02569,887,2959,55485,1.86376,6190,887
5,120,5929329,12497247,3028,94,238,0.139561,4.05856,3219,-1,ok,0,0,0,0,3218,1,1,15.4693,3028,60316,62980,1,34.6923,3028,144132,156794,326.998,1.15168e+06,3028
5,121,12410185,7574644,2088,66,335,0.224761,2.73738,2153,-1,ok,0,0,0,0,2152,1,1,14.8197,2088,51074,52778,1,33.7325,2088,122027,134122,189.494,589758,2088
5,122,12229428,5440651,2956,93,240,0.183813,4.90039,3221,-1,ok,0,0,0,0,3220,1,1,8.75453,2956,28255,62375,1,19.485,2956,74970,167409,179.945,518526,2956
5,123,1780250,9157158,3337,106,996,0.449029,4.24288,3674,-1,ok,0,0,0,0,3673,1,1,13.2769,3373,43894,82600,1,31.6476,3367,119423,225372,228.733,700833,3337
5,124,11302776,5692962,4744,149,1879,0.769187,4.47156,5053,-1,ok,0,0,0,0,5052,1,1,23.8757,4758,100532,107461,1,64.8724,4744,267012,288467,347.535,1.2234e+06,4744
5,125,1768886,1792417,1169,39,58,0.082294,1.30357,1266,-1,ok,0,0,0,0,1265,1,1,0.232294,1169,1169,39605,1,0.300582,1169,1169,118501,0.282708,1169,1169
5,126,9050045,1934388,5350,172,1494,0.56713,6.97921,6007,-1,ok,0,0,0,0,6006,1,1,25.8478,5402,87956,112256,1,49.3295,5378,201504,273621,471.785,1.32145e+06,5350
5,127,1820605,6200831,1903,60,298,0.220001,2.93752,2126,-1,ok,0,0,0,0,2125,1,1,7.64743,1903,24568,47711,1,18.0836,1903,63907,124625,116.474,320298,1903
5,128,10430467,2988856,2977,93,462,0.251059,3.59515,3270,-1,ok,0,0,0,0,3269,1,1,13.6721,2977,46765,71634,1,31.4087,2977,120417,180170,193.19,601563,2977
5,129,2439228,6156068,1623,53,185,0.125013,2.26371,1942,-1,ok,0,0,0,0,1941,1,1,7.3695,1623,25642,48864,1,15.0286,1623,59373,124916,74.0799,215848,1623
5,130,1319267,7253584,2673,86,923,0.334887,3.49967,3122,-1,ok,0,0,0,0,3121,1,1,13.5558,2701,51601,64333,1,32.1245,2701,124841,158905,302.698,835410,2673
5,131,7196925,2454290,2503,80,372,0.221064,3.2603,2848,-1,ok,0,0,0,0,2847,1,1,14.2798,2503,53320,58200,1,33.9221,2503,131478,148196,280.678,844661,2503
5,132,13030402,3456903,3403,108,120,0.158567,4.45453,3670,-1,ok,0,0,0,0,3669,1,1,14.9409,3419,44270,78887,1,32.7253,3419,118805,220138,150.295,421598,3403
5,133,4224358,1052088,1611,54,108,0.1123,2.54866,1930,-1,ok,0,0,0,0,1929,1,1,4.36919,1631,15750,36311,1,9.9351,1631,45531,105241,48.3486,192084,1611
5,134,12080206,7454087,2122,66,119,0.108443,2.7543,2369,-1,ok,0,0,0,0,2368,1,1,10.589,2122,35820,41043,1,24.1678,2122,90222,106710,141.254,455871,2122
5,135,2068522,1574689,1869,59,181,0.095769,1.44749,1972,-1,ok,0,0,0,0,1971,1,1,1.02318,1869,3827,56665,1,0.560217,1869,1869,162664,3.97798,18429,1869
5,136,10842340,7134907,3574,124,863,0.333714,3.9314,4243,-1,ok,0,0,0,0,4242,1,1,18.6045,3936,73191,79385,1,43.1759,3936,182450,198527,238.974,779570,3574
5,137,2045569,12750493,5410,172,909,0.429123,6.07461,5905,-1,ok,0,0,0,0,5904,1,1,32.3132,5448,113753,129237,1,94.7099,5448,323379,362881,841.998,2.3517e+06,5410
5,138,1691283,1726949,1624,52,52,0.090067,1.12051,1677,-1,ok,0,0,0,0,1676,1,1,0.410087,1624,1624,53248,1,0.431907,1624,1624,160724,0.401281,1624,1624
5,139,2267658,6664151,2812,90,800,0.327343,3.91176,3167,-1,ok,0,0,0,0,3166,1,1,19.482,2826,65320,67689,1,44.6308,2812,154056,166514,247.319,760437,2812
5,140,5981077,11521702,3639,115,575,0.286326,4.88332,4102,-1,ok,0,0,0,0,4101,1,1,19.5784,3639,66170,76265,1,42.4825,3639,161645,197677,595.858,1.60599e+06,3639
5,141,6905897,5956763,2217,72,214,0.130915,2.11726,2510,-1,ok,0,0,0,0,2509,1,1,8.57727,2245,39179,45906,1,19.0531,2245,94312,114063,125.218,453616,2217
5,142,3746090,7542891,3910,127,497,0.254085,3.79502,4343,-1,ok,0,0,0,0,4342,1,1,12.3089,3938,51914,89327,1,28.657,3938,130342,215800,308.627,1.10748e+06,3910
5,143,927918,6543619,4456,153,2307,0.876218,5.50207,5437,-1,ok,0,0,0,0,5436,1,1,23.6279,4828,98760,108767,1,56.1006,4796,233275,281995,510.707,1.80035e+06,4456
5,144,6931863,7093569,2051,66,194,0.126256,1.9839,2306,-1,ok,0,0,0,0,2305,1,1,9.29676,2079,42908,46628,1,20.6067,2079,102405,118594,114.454,395111,2051
5,145,2568120,12342319,3661,116,738,0.326149,5.16323,4018,-1,ok,0,0,0,0,4017,1,1,9.91593,3661,31961,92887,1,20.6141,3661,86453,237027,176.034,604117,3661
5,146,7908353,11618893,3471,111,324,0.20859,3.97534,3958,-1,ok,0,0,0,0,3957,1,1,14.6398,3481,52969,71496,1,29.5769,3481,121750,191059,428.613,1.32036e+06,3471
5,147,11438432,11802298,2485,80,245,0.186127,2.40458,2944,-1,ok,0,0,0,0,2943,1,1,3.65861,2485,19138,56950,1,7.4566,2485,38510,166319,17.4133,78872,2485
5,148,2413893,1006952,1862,59,292,0.162855,1.90879,1911,-1,ok,0,0,0,0,1910,1,1,0.908087,1862,1879,45859,1,0.689188,1862,2139,117782,21.8176,98220,1862
5,149,11409007,1162795,5579,189,1656,0.607787,6.26261,6446,-1,ok,0,0,0,0,6445,1,1,28.4903,5983,94275,125332,1,59.0265,5983,227148,317274,851.445,2.52929e+06,5579
5,150,9700992,2679266,4304,137,1334,0.612145,4.80649,4703,-1,ok,0,0,0,0,4702,1,1,24.0463,4320,71445,102492,1,64.5613,4320,202450,286816,662.421,1.90517e+06,4304
5,151,9872155,9787811,2375,75,210,0.152786,2.63121,2536,-1,ok,0,0,0,0,2535,1,1,5.05674,2375,23608,49707,1,11.7008,2375,60506,128570,138.947,543802,2375
5,152,11614672,3408954,4147,129,649,0.310952,5.12394,4490,-1,ok,0,0,0,0,4489,1,1,21.0918,4147,74293,86064,1,51.1285,4147,191261,231950,325.845,942950,4147
5,153,9981629,11181633,734,24,24,0.070912,1.1998,811,-1,ok,0,0,0,0,810,1,1,0.460851,734,792,18206,1,0.933225,734,4452,49330,0.755754,2644,734
5,154,3718171,9615151,2308,73,160,0.114414,10.6392,2445,-1,ok,0,0,0,0,2444,1,1,14.3784,2324,43872,60245,1,24.2081,2324,80252,165162,35.1525,117050,2308
5,155,3415323,8103407,3865,122,986,0.385171,5.52027,4308,-1,ok,0,0,0,0,4307,1,1,18.64,3905,71512,76070,1,45.8056,3891,178656,191420,638.062,1.93331e+06,3865
5,156,11110265,1067659,3702,118,1135,0.567431,5.95225,3895,-1,ok,0,0,0,0,3894,1,1,14.1562,3718,35102,93457,1,28.6259,3718,95321,254537,87.4254,306943,3702
5,157,6280476,9981769,2220,69,252,0.191417,3.30307,2295,-1,ok,0,0,0,0,2294,1,1,8.23451,2220,31459,46737,1,18.1559,2220,80254,123106,111.982,374362,2220
5,158,6643578,8204315,3641,116,760,0.306301,3.64831,4042,-1,ok,0,0,0,0,4041,1,1,16.0896,3657,73224,74647,1,41.132,3641,195951,207532,478.301,1.69089e+06,3641
5,159,9685005,4585715,4747,149,1518,0.60983,4.53093,5050,-1,ok,0,0,0,0,5049,1,1,19.8447,4761,82508,110358,1,55.1087,4747,223247,291270,146.318,544077,4747
5,160,12831341,2638895,3950,123,1056,0.553023,5.51535,4263,-1,ok,0,0,0,0,4262,1,1,28.9514,3950,80326,98702,1,70.5566,3950,205872,257287,458.49,1.15889e+06,3950
5,161,8783825,10724143,3006,96,179,0.152305,3.76793,3619,-1,ok,0,0,0,0,3618,1,1,13.4456,3006,53554,61783,1,28.0232,3006,123908,161887,333.852,1.04124e+06,3006
5,162,6714674,4622259,3743,120,647,0.302225,3.36755,4032,-1,ok,0,0,0,0,4031,1,1,16.9676,3771,71215,74801,1,42.2896,3771,184816,199195,360.174,1.18349e+06,3743
5,163,11574983,7241695,3374,107,291,0.173365,3.76377,3621,-1,ok,0,0,0,0,3620,1,1,17.1322,3422,71621,74472,1,43.1695,3422,181413,195804,412.112,1.40372e+06,3374
5,164,6726695,10401558,1931,62,292,0.175658,2.60935,2124,-1,ok,0,0,0,0,2123,1,1,1.76263,1931,2847,49398,1,1.81936,1931,5935,130518,7.11477,26397,1931
5,165,6217776,4562577,639,22,78,0.063058,1.00355,786,-1,ok,0,0,0,0,785,1,1,2.03367,639,5956,15155,1,3.15477,639,13787,41874,7.37962,27158,639
5,166,3978333,2704630,2039,66,184,0.092343,1.94753,2242,-1,ok,0,0,0,0,2241,1,1,6.19041,2039,25307,41035,1,16.1284,2039,73738,118627,102.624,392855,2039
5,167,7528628,10723775,1234,38,70,0.080782,2.63571,1327,-1,ok,0,0,0,0,1326,1,1,2.90205,1234,6371,26481,1,4.60272,1234,17585,70584,8.08337,34410,1234
5,168,9735496,1569903,4003,127,323,0.168345,4.63503,4314,-1,ok,0,0,0,0,4313,1,1,26.3189,4003,92991,101478,1,61.093,4003,231067,256818,465.885,1.47875e+06,4003
5,169,998082,9272687,4329,137,1720,0.671906,5.58513,4698,-1,ok,0,0,0,0,4697,1,1,18.8814,4335,75230,115717,1,51.4103,4329,202178,311301,391.234,1.22984e+06,4329
5,170,1321918,2206629,1412,45,172,0.132707,1.85216,1505,-1,ok,0,0,0,0,1504,1,1,1.04975,1412,3478,44373,1,2.11353,1412,7590,118104,5.62912,22846,1412
5,171,6659965,11150045,3320,104,249,0.158858,4.25116,3733,-1,ok,0,0,0,0,3732,1,1,15.2422,3320,54266,76485,1,34.4156,3320,129340,199369,289.58,805546,3320
5,172,3731435,7767988,2384,80,668,0.323945,3.08876,2827,-1,ok,0,0,0,0,2826,1,1,13.0208,2462,52165,55193,1,27.3357,2462,119817,131430,97.8431,434809,2384
5,173,3974805,958596,1638,52,133,0.123209,1.91998,1731,-1,ok,0,0,0,0,1730,1,1,3.81253,1638,13024,38932,1,6.39991,1638,31560,103712,44.6494,182160,1638
5,174,2428329,5775613,2154,69,339,0.163897,2.43669,2449,-1,ok,0,0,0,0,2448,1,1,6.85353,2154,28014,52801,1,16.8063,2154,72949,141365,125.597,407779,2154
5,175,1714534,1242194,2738,86,86,0.080912,1.85869,2769,-1,ok,0,0,0,0,2768,1,1,0.806697,2738,2738,85407,1,0.656298,2738,2738,254126,33.6205,161075,2738
5,176,2649840,6642272,1749,58,84,0.086603,2.22131,2064,-1,ok,0,0,0,0,2063,1,1,8.33259,1781,30433,39707,1,15.5318,1781,70065,92754,106.362,355043,1749
5,177,6637665,3752951,3356,108,565,0.281217,3.75476,3637,-1,ok,0,0,0,0,3636,1,1,14.3428,3384,62780,67697,1,32.0844,3384,143282,158717,579.35,1.48585e+06,3356
5,178,11854338,7380264,1910,60,332,0.212267,2.57957,2121,-1,ok,0,0,0,0,2120,1,1,10.6404,1910,40549,44365,1,25.3398,1910,100538,113718,147.864,507075,1910
5,179,6799419,5675038,2708,87,488,0.242082,2.40122,3045,-1,ok,0,0,0,0,3044,1,1,8.54507,2722,39742,60560,1,16.9694,2708,83537,162077,38.2688,165783,2708
5,180,4194887,1007631,1165,38,131,0.11215,2.16336,1286,-1,ok,0,0,0,0,1285,1,1,8.15104,1165,22240,28264,1,18.717,1165,59960,73872,46.9095,120379,1165
5,181,7226275,11473681,3653,117,961,0.39066,4.34271,4314,-1,ok,0,0,0,0,4313,1,1,18.199,3721,68556,74994,1,43.3206,3721,168564,199261,498.908,1.38978e+06,3653
5,182,8300223,3253260,3863,125,1171,0.482323,4.27868,4242,-1,ok,0,0,0,0,4241,1,1,19.7808,3917,77383,80758,1,45.0427,3917,182901,194665,692.578,1.76125e+06,3863
5,183,1895748,929406,1049,36,123,0.118041,2.17484,1180,-1,ok,0,0,0,0,1179,1,1,4.54635,1123,21357,22205,1,11.2792,1123,54711,64679,1.58696,6897,1049
5,184,10432828,11593598,2985,94,316,0.149599,2.79579,3458,-1,ok,0,0,0,0,3457,1,1,6.76788,2985,25025,65813,1,10.7733,2985,47108,182292,104.953,340036,2985
5,185,3746090,7529905,1542,50,141,0.095439,1.96761,1645,-1,ok,0,0,0,0,1644,1,1,4.94997,1542,16890,43023,1,9.46309,1542,42130,110080,36.8457,132200,1542
5,186,3253344,6964518,3608,114,231,0.159117,3.45373,3707,-1,ok,0,0,0,0,3706,1,1,9.55499,3608,38310,82586,1,14.7042,3608,76319,225970,94.0323,405263,3608
5,187,1483093,11345582,5249,179,514,0.317724,6.37647,6034,-1,ok,0,0,0,0,6033,1,1,25.2618,5619,96904,119469,1,59.4329,5619,237629,293049,966.823,2.85197e+06,5249
5,188,1769639,6419115,1907,60,357,0.214902,2.88141,2106,-1,ok,0,0,0,0,2105,1,1,2.35176,1907,3829,44542,1,1.67868,1907,4249,110948,87.0486,217722,1907
5,189,1953803,11588864,5915,188,1804,0.745353,6.6048,6552,-1,ok,0,0,0,0,6551,1,1,36.6997,5931,118183,133308,1,93.7702,5931,308214,364605,1295.9,3.36397e+06,5915
5,190,10813718,4339117,2672,84,629,0.351176,3.73892,2983,-1,ok,0,0,0,0,2982,1,1,5.10687,2672,8803,63532,1,11.6915,2672,31274,160775,21.08,74422,2672
5,191,4139954,12718531,4668,147,1454,0.584464,7.385,5297,-1,ok,0,0,0,0,5296,1,1,16.4329,4682,57236,97899,1,38.4679,4668,150854,258529,705.634,1.78919e+06,4668
5,192,11410131,12143449,1295,41,41,0.101891,1.57028,1582,-1,ok,0,0,0,0,1581,1,1,0.563443,1295,2322,32386,1,0.351447,1295,1295,85416,3.78464,17021,1295
5,193,12955129,5083650,4479,139,927,0.388786,5.063,4884,-1,ok,0,0,0,0,4883,1,1,26.2563,4479,90275,91943,1,57.4135,4479,213641,227609,357.103,1.12451e+06,4479
5,194,4034968,11166459,3294,104,593,0.334635,4.33356,3515,-1,ok,0,0,0,0,3514,1,1,14.7489,3294,52732,74190,1,33.9801,3294,130569,180794,629.817,1.6324e+06,3294
5,195,12321886,6473680,2881,90,537,0.282328,3.82053,3090,-1,ok,0,0,0,0,3089,1,1,13.8368,2881,48755,60342,1,31.1689,2881,116351,146851,198.973,619922,2881
5,196,1431067,12748470,4263,135,1423,0.667427,5.93433,4704,-1,ok,0,0,0,0,4703,1,1,13.4819,4263,42472,109668,1,29.1003,4263,108104,279560,293.772,953149,4263
5,197,6895032,9886330,3072,95,302,0.195085,3.4049,3281,-1,ok,0,0,0,0,3280,1,1,16.8478,3072,65780,67937,1,44.3394,3072,171498,177334,302.193,923632,3072
5,198,8039344,11409990,3078,96,207,0.157014,3.6926,3453,-1,ok,0,0,0,0,3452,1,1,11.7706,3078,42638,60612,1,22.5943,3078,95105,157026,395.663,1.02139e+06,3078
5,199,3159648,2262293,1368,45,376,0.173654,1.86788,1645,-1,ok,0,0,0,0,1644,1,1,1.56639,1368,6024,34961,1,4.75652,1368,23263,102056,26.7597,106266,1368
6,0,2010448,7813185,3537,56,174,0.160821,6.74049,4276,-1,ok,0,0,0,0,4275,1,1,42.0012,3537,131870,157633,1,97.2759,3537,268466,353442,192.267,580857,3537
6,1,12579166,9078023,1568,25,33,0.101419,2.90727,1981,-1,ok,0,0,0,0,1980,1,1,15.3088,1626,60144,62507,1,31.0863,1568,129060,168856,48.1782,207650,1568
6,2,1333590,4439595,1414,23,89,0.094206,2.65396,1635,-1,ok,0,0,0,0,1634,1,1,4.78224,1414,12299,65631,1,7.38156,1414,28578,171704,122.251,288056,1414
6,3,3773467,3914009,3647,59,59,0.055274,4.66737,4462,-1,ok,0,0,0,0,4461,1,1,9.08849,3647,43842,147163,1,27.1068,3647,130313,414763,141.402,574921,3647
6,4,3313148,2503221,1216,18,44,0.066966,2.0133,1395,-1,ok,0,0,0,0,1394,1,1,2.45191,1232,10480,50113,1,7.06734,1232,34886,133342,24.0116,110721,1216
6,5,7140541,10774717,1925,33,33,0.045955,3.47907,2476,-1,ok,0,0,0,0,2475,1,1,14.6228,1925,60302,98473,1,35.3038,1925,147249,252864,101.317,372598,1925
6,6,8187875,9706060,1310,21,21,0.054463,1.97748,1587,-1,ok,0,0,0,0,1586,1,1,5.05551,1310,21215,58863,1,6.65122,1310,31375,145966,17.3371,68186,1310
6,7,9627843,9885990,3738,58,324,0.13915,5.00132,4737,-1,ok,0,0,0,0,4736,1,1,17.5973,3768,70665,134313,1,31.9377,3738,132910,380863,259.253,736103,3738
6,8,7658869,7341623,669,11,32,0.025967,1.28056,870,-1,ok,0,0,0,0,869,1,1,5.03333,713,23140,33653,1,10.6876,713,50073,100954,19.3222,89953,669
6,9,9079560,12955119,2601,42,59,0.058029,4.73993,3478,-1,ok,0,0,0,0,3477,1,1,2.73317,2601,6692,97063,1,3.45915,2601,13217,220220,10.0602,39421,2601
6,10,3021799,6079542,2013,32,32,0.060594,2.73687,2476,-1,ok,0,0,0,0,2475,1,1,12.2094,2013,47690,73368,1,31.5816,2013,136650,182186,98.7718,366918,2013
6,11,3809714,13009546,3762,62,349,0.200896,6.55819,4583,-1,ok,0,0,0,0,4582,1,1,15.1416,3762,60916,188441,1,36.3209,3762,157033,439593,80.2158,349019,3762
6,12,8103489,7107447,2089,33,33,0.074558,3.06442,2430,-1,ok,0,0,0,0,2429,1,1,10.0357,2109,48308,74406,1,16.5392,2109,86176,163338,58.2037,233890,2089
6,13,2332859,8426127,4263,72,223,0.146855,6.94425,5478,-1,ok,0,0,0,0,5477,1,1,35.9628,4567,141358,194054,1,80.6632,4539,311394,456101,515.481,1.68904e+06,4263
6,14,12044454,2416847,4675,73,73,0.126587,6.76642,6056,-1,ok,0,0,0,0,6055,1,1,18.7981,4675,64635,213540,1,38.926,4675,143744,480480,231.315,835345,4675
6,15,7549516,3032970,3582,56,148,0.145231,5.2638,4019,-1,ok,0,0,0,0,4018,1,1,29.3603,3582,107160,149496,1,77.6436,3582,263193,390358,531.024,1.81662e+06,3582
6,16,12927868,12892271,2462,41,138,0.09651,3.73172,3017,-1,ok,0,0,0,0,3016,1,1,8.88828,2462,47527,129458,1,30.4364,2462,151197,313655,65.1325,288014,2462
6,17,9833831,12288662,2580,41,105,0.081332,3.13296,3173,-1,ok,0,0,0,0,3172,1,1,10.5155,2582,43795,115198,1,2.14528,2580,7663,299628,1.15735,2590,2580
6,18,6814149,9852082,1202,20,20,0.024947,2.07661,1519,-1,ok,0,0,0,0,1518,1,1,1.40652,1202,2276,67742,1,1.75505,1202,6533,146523,4.03554,14274,1202
6,19,9528140,2664047,3318,54,105,0.065882,4.49747,3931,-1,ok,0,0,0,0,3930,1,1,23.2952,3318,83425,144598,1,47.9973,3318,176034,330394,185.085,619476,3318
6,20,6495471,7529905,2441,39,150,0.112,2.75289,3174,-1,ok,0,0,0,0,3173,1,1,11.8425,2471,57969,110910,1,30.2096,2441,148189,278556,145.088,487683,2441
6,21,12325382,10067215,1607,26,31,0.078137,2.45119,2304,-1,ok,0,0,0,0,2303,1,1,2.73022,1607,9084,69351,1,1.12627,1607,3921,173515,2.88852,9051,1607
6,22,3585937,1775879,2463,40,59,0.061385,2.58928,2880,-1,ok,0,0,0,0,2879,1,1,1.34759,2463,3022,118363,1,1.1458,2463,4097,331703,0.9998,2463,2463
6,23,11721680,9491931,1321,22,28,0.02156,1.77422,1790,-1,ok,0,0,0,0,1789,1,1,10.9438,1371,44962,52662,1,4.16409,1321,18695,137741,7.15895,33344,1321
6,24,3621375,11317103,3740,60,208,0.131296,4.70238,4575,-1,ok,0,0,0,0,4574,1,1,28.9802,3740,106925,166618,1,70.9735,3740,233186,363053,477.81,1.19993e+06,3740
6,25,5575100,6646560,1919,31,81,0.101821,1.94239,2036,-1,ok,0,0,0,0,2035,1,1,14.4249,1919,64314,80564,1,27.8374,1919,120879,193761,68.757,241544,1919
6,26,6158980,12807081,2860,45,176,0.113402,4.34657,3169,-1,ok,0,0,0,0,3168,1,1,5.75022,2860,13487,114854,1,5.96307,2860,21953,319198,38.2916,142266,2860
6,27,11764863,10921693,884,15,47,0.054733,1.2193,1271,-1,ok,0,0,0,0,1270,1,1,6.19486,884,28103,46098,1,11.8044,884,55269,128898,12.9602,61102,884
6,28,10694273,1537590,4589,73,212,0.122007,5.72452,5468,-1,ok,0,0,0,0,5467,1,1,26.116,4589,91469,188584,1,52.4473,4589,204887,460218,388.102,1.1922e+06,4589
6,29,12581368,7643768,4098,64,337,0.194582,5.05802,4529,-1,ok,0,0,0,0,4528,1,1,33.2872,4098,150503,191627,1,98.3757,4098,382265,468962,649.789,1.91099e+06,4098
6,30,13030402,12409999,2438,39,57,0.095919,2.43703,2553,-1,ok,0,0,0,0,2552,1,1,14.1195,2438,60698,106834,1,24.1873,2438,109230,284473,28.1775,121103,2438
6,31,12223295,6275531,3837,61,489,0.225541,5.12568,4776,-1,ok,0,0,0,0,4775,1,1,39.6456,3875,167700,174603,1,100.078,3837,378074,421152,536.375,1.64996e+06,3837
6,32,5623637,12139279,3038,48,48,0.109945,5.53344,3699,-1,ok,0,0,0,0,3698,1,1,14.1145,3038,55431,122495,1,38.2614,3038,148245,305868,258.118,882190,3038
6,33,8035053,1444783,3156,49,225,0.160971,5.09105,4037,-1,ok,0,0,0,0,4036,1,1,26.3768,3156,85942,138401,1,82.6371,3156,229459,406593,365.775,1.0506e+06,3156
6,34,2880048,10213702,3461,54,82,0.106399,4.96155,4166,-1,ok,0,0,0,0,4165,1,1,31.4797,3461,117763,145926,1,74.6075,3461,292214,348864,237.139,806170,3461
6,35,1385201,11261247,4005,65,167,0.140602,7.05519,4666,-1,ok,0,0,0,0,4665,1,1,22.7808,4005,77047,175407,1,58.3502,4005,201786,420282,306.578,891402,4005
6,36,6948283,3518629,1448,25,71,0.088065,2.61252,2039,-1,ok,0,0,0,0,2038,1,1,20.2614,1448,56808,77293,1,39.3408,1448,127820,187977,85.5137,242475,1448
6,37,13034387,859878,5685,90,611,0.271227,8.82792,6436,-1,ok,0,0,0,0,6435,1,1,41.6821,5687,149029,228780,1,94.712,5687,359578,554020,966.54,2.44682e+06,5685
6,38,1686729,1918309,506,9,9,0.017764,0.844519,533,-1,ok,0,0,0,0,532,1,1,0.161905,506,506,31236,1,0.201637,506,506,90376,0.160159,506,506
6,39,2222597,11499473,5854,95,799,0.325809,7.23862,7283,-1,ok,0,0,0,0,7282,1,1,56.3277,5880,200145,259450,1,125.645,5880,436497,593685,1482.59,3.54492e+06,5854
6,40,5141411,11134502,4288,69,362,0.250859,6.26181,5431,-1,ok,0,0,0,0,5430,1,1,46.039,4300,149895,188673,1,101.905,4298,309558,499285,845.728,2.29801e+06,4288
6,41,12465838,7448178,2144,34,112,0.11242,4.84422,2919,-1,ok,0,0,0,0,2918,1,1,15.9302,2144,54075,116419,1,49.4105,2144,141219,256904,197.889,527518,2144
6,42,10661203,8840327,3818,61,256,0.14945,4.7114,4693,-1,ok,0,0,0,0,4692,1,1,20.1575,3818,91368,162699,1,39.8547,3818,178563,365535,682.116,1.87552e+06,3818
6,43,9236823,3376857,2492,42,107,0.123119,3.30962,3055,-1,ok,0,0,0,0,3054,1,1,32.7303,2492,103634,120093,1,70.0844,2492,222032,269972,152.288,426303,2492
6,44,6505621,5115520,816,14,23,0.025608,1.01055,937,-1,ok,0,0,0,0,936,1,1,1.07366,816,3757,32839,1,1.98581,816,9030,85608,4.32464,18883,816
6,45,7224318,3455553,1884,31,88,0.048502,2.2554,2337,-1,ok,0,0,0,0,2336,1,1,16.8215,1884,59115,99763,1,39.8399,1884,132027,249275,121.718,351645,1884
6,46,3577892,1190856,1756,28,160,0.098965,2.44524,2105,-1,ok,0,0,0,0,2104,1,1,14.1163,1854,58286,62244,1,0.85601,1756,2255,182259,1.98148,5947,1756
6,47,3204941,3810580,2880,47,145,0.072305,3.15634,3741,-1,ok,0,0,0,0,3740,1,1,17.5556,2880,86042,112858,1,48.5323,2880,221825,339824,135.042,532935,2880
6,48,4180108,8576223,2054,34,34,0.077014,3.89636,2411,-1,ok,0,0,0,0,2410,1,1,6.52416,2054,22838,99939,1,6.52144,2054,30239,246701,21.2563,75250,2054
6,49,12353729,2809446,3785,60,152,0.112089,4.5484,4330,-1,ok,0,0,0,0,4329,1,1,29.2356,3793,99810,161029,1,65.4831,3785,234342,388748,357.081,1.08715e+06,3785
6,50,8395975,2625599,2116,33,33,0.086613,2.78768,2205,-1,ok,0,0,0,0,2204,1,1,2.12015,2116,2371,113393,1,3.64679,2116,10281,298780,11.3647,38786,2116
6,51,5493528,7925047,1515,24,62,0.070181,1.97892,1944,-1,ok,0,0,0,0,1943,1,1,1.46005,1515,3388,61247,1,0.82385,1515,2169,143240,4.77926,14291,1515
6,52,9212910,11487380,2518,40,137,0.095879,2.81866,3033,-1,ok,0,0,0,0,3032,1,1,22.7633,2518,89390,96666,1,59.7792,2518,229089,256873,293.974,942143,2518
6,53,12285366,6402468,2738,44,92,0.119031,3.78877,3149,-1,ok,0,0,0,0,3148,1,1,15.2222,2738,62444,113187,1,42.6755,2738,151431,294543,180.507,526630,2738
6,54,6487042,3141638,3876,61,132,0.110948,3.79479,4393,-1,ok,0,0,0,0,4392,1,1,24.0268,3876,94401,157929,1,62.3179,3876,228460,427689,403.183,1.45507e+06,3876
6,55,8016532,6159621,865,14,56,0.080199,3.35333,1068,-1,ok,0,0,0,0,1067,1,1,0.794226,865,865,47371,1,5.08269,865,19643,124657,6.1891,27820,865
6,56,5515103,10522115,2043,33,120,0.057838,2.81706,2484,-1,ok,0,0,0,0,2483,1,1,21.1901,2043,84650,93231,1,61.6846,2043,208834,237458,207.236,571096,2043
6,57,2476815,12608832,4271,68,148,0.123731,6.90797,5066,-1,ok,0,0,0,0,5065,1,1,53.8315,4271,180392,191503,1,160.265,4271,477102,519132,597.709,1.57225e+06,4271
6,58,12456431,7340845,2238,35,86,0.105097,3.51978,2651,-1,ok,0,0,0,0,2650,1,1,27.3807,2256,96780,105388,1,62.4182,2256,217953,261049,108.495,379863,2238
6,59,922742,2055692,666,12,19,0.024075,1.47765,761,-1,ok,0,0,0,0,760,1,1,5.99254,674,26295,31523,1,2.18618,666,9870,76325,0.507079,666,666
6,60,11194911,9705957,3585,56,151,0.072995,4.5558,4514,-1,ok,0,0,0,0,4513,1,1,24.9581,3651,119081,138810,1,62.165,3621,299396,402360,347.706,1.39977e+06,3585
6,61,6036526,5702403,1491,25,79,0.08481,1.58306,2080,-1,ok,0,0,0,0,2079,1,1,9.10613,1531,39501,86619,1,17.6537,1531,86010,214456,13.3481,62773,1491
6,62,11101203,2544770,3426,56,136,0.104386,4.7376,4349,-1,ok,0,0,0,0,4348,1,1,26.7172,3426,88861,153821,1,56.2197,3426,196266,361303,243.954,784499,3426
6,63,5493528,5459277,708,13,13,0.019527,1.24934,925,-1,ok,0,0,0,0,924,1,1,0.182832,708,708,33365,1,0.158086,708,708,83470,0.168376,708,708
6,64,2388947,10947782,3371,54,54,0.059021,5.21943,4082,-1,ok,0,0,0,0,4081,1,1,15.3845,3371,51293,157501,1,39.5343,3371,142825,372421,187.855,614141,3371
6,65,7831705,6396759,719,12,38,0.030858,1.26723,926,-1,ok,0,0,0,0,925,1,1,2.27405,723,10015,40154,1,0.332431,719,719,112426,0.478935,830,719
6,66,842069,12916554,4284,70,325,0.152256,6.41205,4869,-1,ok,0,0,0,0,4868,1,1,62.0686,4284,199467,206891,1,129.171,4284,431472,487188,372.495,1.10706e+06,4284
6,67,4850422,11280298,4704,76,249,0.172592,5.62816,6101,-1,ok,0,0,0,0,6100,1,1,51.275,4704,190065,227375,1,105.275,4704,393277,538592,693.907,2.05978e+06,4704
6,68,11488163,10653983,1116,19,35,0.030786,1.73072,1479,-1,ok,0,0,0,0,1478,1,1,2.07261,1148,8453,46123,1,0.368117,1116,1116,142910,2.84686,13862,1116
6,69,7579596,8228212,230,4,4,0.009358,0.541712,339,-1,ok,0,0,0,0,338,1,1,0.191548,230,230,15409,1,0.159398,230,230,45221,0.191807,230,230
6,70,12001610,2787829,4759,77,405,0.167363,5.12876,6178,-1,ok,0,0,0,0,6177,1,1,58.5822,4761,184341,212934,1,141.581,4761,443327,527467,721.317,1.99921e+06,4759
6,71,5742610,2055291,1316,22,29,0.08539,2.13921,1701,-1,ok,0,0,0,0,1700,1,1,3.7433,1316,11201,56221,1,5.87011,1316,24741,165215,11.747,47787,1316
6,72,11880582,8295471,3634,59,149,0.113802,3.96316,4789,-1,ok,0,0,0,0,4788,1,1,32.6091,3634,146595,168433,1,88.9336,3634,365584,477508,275.74,955187,3634
6,73,10473387,2457266,4575,72,192,0.191988,5.59854,5134,-1,ok,0,0,0,0,5133,1,1,46.9975,4575,176236,207545,1,113.373,4575,416534,497370,987.099,2.73263e+06,4575
6,74,5956582,6913395,1978,31,78,0.088786,2.15801,2323,-1,ok,0,0,0,0,2322,1,1,7.38511,2006,36627,76756,1,13.3841,1978,67565,167582,57.4717,235499,1978
6,75,6219946,5564489,847,15,36,0.020358,1.09613,1274,-1,ok,0,0,0,0,1273,1,1,1.68063,847,7182,46432,1,1.48855,847,7182,114140,1.52801,5398,847
6,76,2081440,12382609,4688,73,386,0.16054,5.76864,5565,-1,ok,0,0,0,0,5564,1,1,45.3422,4688,151940,191061,1,131.971,4688,391675,516536,1018.98,2.38355e+06,4688
6,77,1691073,3744093,1693,26,26,0.087112,1.70229,1800,-1,ok,0,0,0,0,1799,1,1,11.3825,1723,50972,61826,1,30.8867,1693,123456,219851,68.2764,261092,1693
6,78,8817198,3986522,2108,34,64,0.074429,3.23096,2443,-1,ok,0,0,0,0,2442,1,1,2.42689,2108,3779,117745,1,1.1971,2108,2126,307310,1.74578,2126,2108
6,79,7948753,9167683,453,8,9,0.0105,0.659052,532,-1,ok,0,0,0,0,531,1,1,0.240389,453,453,29705,1,0.155521,453,453,83145,0.412751,1008,453
6,80,5933167,1809128,2017,33,54,0.049062,2.73304,2678,-1,ok,0,0,0,0,2677,1,1,5.57592,2037,20226,108234,1,9.56493,2037,41174,251901,7.35287,28899,2017
6,81,6966816,6407311,457,9,9,0.015359,0.855908,832,-1,ok,0,0,0,0,831,1,1,1.53906,551,6452,21246,1,0.149419,457,459,53749,0.248864,460,457
6,82,2476107,12023992,4640,76,240,0.141094,5.95874,5311,-1,ok,0,0,0,0,5310,1,1,43.4009,4640,140992,223731,1,93.5768,4640,337117,587929,528.309,1.39914e+06,4640
6,83,4767722,2408797,4057,65,331,0.175559,3.87535,4808,-1,ok,0,0,0,0,4807,1,1,26.6622,4057,126806,150599,1,77.0882,4057,356832,428337,306.578,1.10799e+06,4057
6,84,3731350,7191902,4549,73,317,0.19195,4.34991,5362,-1,ok,0,0,0,0,5361,1,1,38.2005,4683,172215,187197,1,55.6086,4549,240457,495518,285.732,1.07623e+06,4549
6,85,7691974,1423542,4300,74,546,0.233556,5.77115,5405,-1,ok,0,0,0,0,5404,1,1,45.2482,4634,149189,209656,1,82.2398,4606,328230,497349,382.165,1.23304e+06,4300
6,86,12485877,3126737,5189,83,357,0.19843,6.16727,6396,-1,ok,0,0,0,0,6395,1,1,48.703,5205,180812,225643,1,124.278,5191,452762,551628,1253.19,3.38136e+06,5189
6,87,6909604,7200447,137,4,4,0.014828,1.11628,300,-1,ok,0,0,0,0,299,1,1,0.100879,137,137,13576,1,0.070752,137,137,39127,0.079789,137,137
6,88,3904717,10577072,2759,45,58,0.054482,4.12249,3472,-1,ok,0,0,0,0,3471,1,1,28.7946,2759,103746,136754,1,66.338,2759,252771,349320,272.304,886951,2759
6,89,8340124,3901242,2357,37,79,0.087565,4.60471,2606,-1,ok,0,0,0,0,2605,1,1,2.2634,2357,3758,98675,1,1.62344,2357,4403,256881,1.17426,2357,2357
6,90,4075443,11878759,2915,47,47,0.063859,3.63725,3390,-1,ok,0,0,0,0,3389,1,1,16.7597,2915,47483,130614,1,32.8919,2915,112616,368897,210.107,675222,2915
6,91,9913504,3945960,2821,46,96,0.104496,4.28425,3704,-1,ok,0,0,0,0,3703,1,1,6.10681,2821,20545,143803,1,16.7348,2821,61601,352938,14.5205,53787,2821
6,92,7849946,5842851,2633,42,173,0.12304,2.64053,3082,-1,ok,0,0,0,0,3081,1,1,12.5442,2639,61171,111783,1,21.3528,2639,103764,253952,38.1803,167520,2633
6,93,2178665,5515989,2531,39,91,0.089126,3.09127,3028,-1,ok,0,0,0,0,3027,1,1,24.6394,2531,83791,94848,1,54.7425,2531,191244,274022,276.295,881538,2531
6,94,10144368,3695934,2736,44,237,0.156222,4.2382,3419,-1,ok,0,0,0,0,3418,1,1,3.56304,2736,6567,140746,1,6.97428,2736,24462,361450,7.7108,23955,2736
6,95,6149849,6790259,1164,19,63,0.065091,1.12816,1391,-1,ok,0,0,0,0,1390,1,1,2.81724,1164,13404,61711,1,5.70965,1164,27556,149122,9.04453,40412,1164
6,96,12359415,9961757,1197,20,22,0.024887,1.97063,1352,-1,ok,0,0,0,0,1351,1,1,1.01808,1197,1197,52812,1,0.505075,1197,1197,135098,1.35779,2912,1197
6,97,12611329,8437561,4181,67,429,0.178174,3.55373,4924,-1,ok,0,0,0,0,4923,1,1,40.1631,4181,174750,211753,1,108.683,4181,424481,517155,627.223,1.88045e+06,4181
6,98,1865682,9892253,3390,54,131,0.134822,4.61978,3983,-1,ok,0,0,0,0,3982,1,1,34.6979,3390,110731,143642,1,93.883,3390,287236,409939,330.883,849145,3390
6,99,6903382,7042632,3042,48,200,0.124433,2.67149,3383,-1,ok,0,0,0,0,3382,1,1,18.6671,3148,93757,122878,1,13.0399,3042,66281,345996,64.8836,243725,3042
6,100,6037001,13035985,3913,62,215,0.150962,4.60893,4692,-1,ok,0,0,0,0,4691,1,1,48.2692,3913,169321,173044,1,118.564,3913,381141,399474,571.119,1.44693e+06,3913
6,101,11432291,5361289,3782,61,256,0.19778,4.62757,4569,-1,ok,0,0,0,0,4568,1,1,8.33868,3784,31588,164557,1,18.6861,3784,76574,422828,33.9885,141371,3782
6,102,2095814,12208510,5712,91,128,0.126666,6.84993,7401,-1,ok,0,0,0,0,7400,1,1,78.6885,5712,241623,263971,1,165.913,5712,503048,612510,832.141,2.30774e+06,5712
6,103,3721245,10043794,1835,30,111,0.131195,3.3553,2060,-1,ok,0,0,0,0,2059,1,1,2.83479,1835,3745,96492,1,5.04286,1835,14916,293713,10.5132,26732,1835
6,104,1875949,12219863,5866,94,97,0.103362,6.99731,7383,-1,ok,0,0,0,0,7382,1,1,70.303,5866,212227,274829,1,142.055,5866,425270,628906,826.428,2.27646e+06,5866
6,105,5433877,7370783,2174,35,55,0.101821,2.32783,2567,-1,ok,0,0,0,0,2566,1,1,1.03798,2174,2239,99446,1,1.19812,2174,4119,263098,0.877089,2174,2174
6,106,6966746,1889450,2024,35,160,0.087233,4.0611,3039,-1,ok,0,0,0,0,3038,1,1,18.1301,2024,56418,104917,1,36.6359,2024,122761,258735,88.9722,273751,2024
6,107,12074479,9935930,3204,50,91,0.075692,3.18482,3703,-1,ok,0,0,0,0,3702,1,1,36.4121,3204,155995,160955,1,95.4155,3204,397089,417858,326.672,1.10555e+06,3204
6,108,8171471,10094437,1272,22,31,0.034072,1.87114,1707,-1,ok,0,0,0,0,1706,1,1,2.3769,1272,9992,53964,1,3.15889,1272,16891,126517,3.7937,18368,1272
6,109,1583977,12290737,4150,67,74,0.074559,6.73121,5181,-1,ok,0,0,0,0,5180,1,1,51.6528,4150,158496,215173,1,138.337,4150,355548,521747,422.769,1.05151e+06,4150
6,110,8541711,3431022,2128,34,145,0.12817,3.25356,3073,-1,ok,0,0,0,0,3072,1,1,23.9911,2166,91207,105829,1,43.6286,2128,154308,258255,153.319,449522,2128
6,111,945097,9503748,3693,62,360,0.187581,6.22791,5004,-1,ok,0,0,0,0,5003,1,1,39.785,3825,138516,146906,1,105.359,3825,352854,406903,312.759,984494,3693
6,112,3658695,5318513,1491,24,48,0.040466,2.06761,1886,-1,ok,0,0,0,0,1885,1,1,15.3478,1491,55324,69922,1,30.658,1491,106926,160962,39.9768,151380,1491
6,113,2754585,3947626,401,8,17,0.02182,2.37021,584,-1,ok,0,0,0,0,583,1,1,0.468344,401,401,32388,1,0.400639,401,401,85743,0.318647,401,401
6,114,10502174,11667585,3041,48,108,0.067867,3.6275,3990,-1,ok,0,0,0,0,3989,1,1,15.2536,3041,67267,125682,1,35.1718,3041,157712,346973,50.139,229544,3041
6,115,10268480,11331403,3940,60,231,0.134983,4.7599,4689,-1,ok,0,0,0,0,4688,1,1,24.1784,3942,103541,126538,1,66.8114,3942,284713,325788,921.087,2.25105e+06,3940
6,116,7825845,1762847,4321,68,380,0.177291,4.57518,4604,-1,ok,0,0,0,0,4603,1,1,37.4679,4351,123668,207287,1,27.6602,4321,89392,591412,164.089,584214,4321
6,117,3362086,11653233,3339,54,54,0.10179,4.68403,4300,-1,ok,0,0,0,0,4299,1,1,36.1508,3339,118438,163014,1,90.4875,3339,248657,382275,334.072,835072,3339
6,118,10389453,7350623,1413,24,48,0.076614,2.70971,2108,-1,ok,0,0,0,0,2107,1,1,9.14464,1413,37968,77189,1,17.3125,1413,80456,165520,39.6534,154150,1413
6,119,4506435,6736068,887,15,32,0.031289,1.88206,1152,-1,ok,0,0,0,0,1151,1,1,1.87901,887,4791,47030,1,1.31966,887,4936,103426,1.86376,6190,887
6,120,5929329,12497247,3028,48,81,0.070692,4.21845,3677,-1,ok,0,0,0,0,3676,1,1,27.8868,3028,112388,122181,1,70.5618,3028,263419,305392,326.998,1.15168e+06,3028
6,121,12410185,7574644,2088,35,97,0.099256,4.1248,2767,-1,ok,0,0,0,0,2766,1,1,28.7236,2088,98565,114959,1,63.0158,2088,206392,258866,189.494,589758,2088
6,122,12229428,5440651,2956,47,47,0.088616,4.16886,3373,-1,ok,0,0,0,0,3372,1,1,15.7438,2956,60669,123494,1,41.2391,2956,143337,321057,179.945,518526,2956
6,123,1780250,9157158,3337,53,313,0.173213,5.2034,3910,-1,ok,0,0,0,0,3909,1,1,19.2275,3337,71654,151017,1,68.2245,3337,235231,442927,228.733,700833,3337
6,124,11302776,5692962,4744,77,582,0.268551,6.81617,6051,-1,ok,0,0,0,0,6050,1,1,17.2345,4816,74964,201334,1,42.1671,4812,192381,559814,347.535,1.2234e+06,4744
6,125,1768886,1792417,1169,19,19,0.071253,0.783135,1266,-1,ok,0,0,0,0,1265,1,1,0.271719,1169,1169,77493,1,0.258043,1169,1169,226223,0.282708,1169,1169
6,126,9050045,1934388,5350,85,504,0.191339,6.04646,6289,-1,ok,0,0,0,0,6288,1,1,38.9258,5428,156173,211849,1,85.4887,5350,336217,492481,471.785,1.32145e+06,5350
6,127,1820605,6200831,1903,29,79,0.138929,3.51019,2422,-1,ok,0,0,0,0,2421,1,1,9.988,1903,35186,77567,1,36.0149,1903,111991,225861,116.474,320298,1903
6,128,10430467,2988856,2977,48,112,0.097202,3.84802,3450,-1,ok,0,0,0,0,3449,1,1,26.4886,2977,94355,140408,1,56.7702,2977,215757,322414,193.19,601563,2977
6,129,2439228,6156068,1623,26,53,0.076062,2.79027,2354,-1,ok,0,0,0,0,2353,1,1,20.12,1683,72136,83593,1,28.7645,1623,94576,213228,74.0799,215848,1623
6,130,1319267,7253584,2673,44,111,0.092034,3.95678,3384,-1,ok,0,0,0,0,3383,1,1,25.2718,2701,97404,129640,1,56.5275,2673,221279,309507,302.698,835410,2673
6,131,7196925,2454290,2503,39,131,0.127239,3.60662,3016,-1,ok,0,0,0,0,3015,1,1,25.7625,2503,95387,104107,1,77.3867,2503,258125,290451,280.678,844661,2503
6,132,13030402,3456903,3403,55,55,0.090719,4.69592,3756,-1,ok,0,0,0,0,3755,1,1,18.6826,3403,62736,165498,1,47.7614,3403,156285,435964,150.295,421598,3403
6,133,4224358,1052088,1611,26,38,0.06889,2.66863,1870,-1,ok,0,0,0,0,1869,1,1,9.37324,1611,38728,86506,1,21.3488,1611,92423,216946,48.3486,192084,1611
6,134,12080206,7454087,2122,33,52,0.066083,2.96095,2285,-1,ok,0,0,0,0,2284,1,1,19.0428,2122,68893,79787,1,49.2845,2122,165339,203222,141.254,455871,2122
6,135,2068522,1574689,1869,30,43,0.065344,1.4642,1992,-1,ok,0,0,0,0,1991,1,1,1.62482,1869,7385,104796,1,0.470138,1869,1869,313504,3.97798,18429,1869
6,136,10842340,7134907,3574,63,261,0.127568,4.21638,4561,-1,ok,0,0,0,0,4560,1,1,30.0456,3936,123321,150114,1,73.2412,3936,299858,367572,238.974,779570,3574
6,137,2045569,12750493,5410,90,448,0.27221,16.2659,7041,-1,ok,0,0,0,0,7040,1,1,36.8316,5678,130731,246891,1,105.716,5678,394384,613407,841.998,2.3517e+06,5410
6,138,1691283,1726949,1624,27,27,0.083877,1.20844,1741,-1,ok,0,0,0,0,1740,1,1,0.436527,1624,1624,109705,1,0.378788,1624,1624,288099,0.401281,1624,1624
6,139,2267658,6664151,2812,47,244,0.117651,4.64015,3515,-1,ok,0,0,0,0,3514,1,1,36.2059,2812,119968,135820,1,76.6196,2812,247822,297335,247.319,760437,2812
6,140,5981077,11521702,3639,57,195,0.134532,4.8148,4398,-1,ok,0,0,0,0,4397,1,1,35.8908,3741,143932,146349,1,97.0957,3741,352073,395183,595.858,1.60599e+06,3639
6,141,6905897,5956763,2217,35,80,0.089549,2.57535,2740,-1,ok,0,0,0,0,2739,1,1,15.9759,2245,77329,91821,1,36.6851,2217,161918,201552,125.218,453616,2217
6,142,3746090,7542891,3910,63,211,0.127609,5.02872,4767,-1,ok,0,0,0,0,4766,1,1,23.0277,3938,98796,171215,1,47.4739,3910,203912,392322,308.627,1.10748e+06,3910
6,143,927918,6543619,4456,76,719,0.29378,5.30253,5779,-1,ok,0,0,0,0,5778,1,1,46.2277,4828,189897,216623,1,98.0335,4770,400528,520617,510.707,1.80035e+06,4456
6,144,6931863,7093569,2051,33,43,0.098855,2.16197,2500,-1,ok,0,0,0,0,2499,1,1,16.7414,2079,76885,84814,1,21.6679,2051,109820,201611,114.454,395111,2051
6,145,2568120,12342319,3661,59,243,0.146374,5.91109,4402,-1,ok,0,0,0,0,4401,1,1,16.9693,3661,63671,179407,1,42.5602,3661,175547,435160,176.034,604117,3661
6,146,7908353,11618893,3471,55,154,0.12276,4.2707,4296,-1,ok,0,0,0,0,4295,1,1,28.2916,3511,122941,141710,1,57.5846,3471,220218,368681,428.613,1.32036e+06,3471
6,147,11438432,11802298,2485,40,118,0.097481,2.63886,3420,-1,ok,0,0,0,0,3419,1,1,5.75594,2485,28556,114846,1,12.28,2485,59918,337912,17.4133,78872,2485
6,148,2413893,1006952,1862,30,117,0.070481,1.90495,2151,-1,ok,0,0,0,0,2150,1,1,1.47374,1862,3731,83053,1,1.13741,1862,3356,228296,21.8176,98220,1862
6,149,11409007,1162795,5579,94,543,0.207497,6.76591,6778,-1,ok,0,0,0,0,6777,1,1,49.6593,5983,173525,245368,1,106.657,5955,385733,581382,851.445,2.52929e+06,5579
6,150,9700992,2679266,4304,69,478,0.281345,5.82797,5403,-1,ok,0,0,0,0,5402,1,1,44.5035,4304,135236,196158,1,127.827,4304,373041,571714,662.421,1.90517e+06,4304
6,151,9872155,9787811,2375,37,124,0.108493,3.10459,2752,-1,ok,0,0,0,0,2751,1,1,16.7962,2403,77697,89753,1,21.5952,2375,112760,218908,138.947,543802,2375
6,152,11614672,3408954,4147,65,192,0.13361,5.58631,4828,-1,ok,0,0,0,0,4827,1,1,37.1346,4147,141546,174791,1,97.534,4147,339027,440097,325.845,942950,4147
6,153,9981629,11181633,734,12,12,0.020579,1.3355,921,-1,ok,0,0,0,0,920,1,1,0.463967,734,741,34698,1,0.341518,734,734,89075,0.755754,2644,734
6,154,3718171,9615151,2308,38,62,0.05863,3.09464,2519,-1,ok,0,0,0,0,2518,1,1,18.3292,2308,58022,122723,1,33.0792,2308,111362,342003,35.1525,117050,2308
6,155,3415323,8103407,3865,61,88,0.094147,4.04473,4412,-1,ok,0,0,0,0,4411,1,1,35.7557,3891,145967,156330,1,86.1666,3889,298739,348446,638.062,1.93331e+06,3865
6,156,11110265,1067659,3702,59,365,0.239677,4.73126,3905,-1,ok,0,0,0,0,3904,1,1,13.4954,3702,39991,173468,1,31.9517,3702,94396,464807,87.4254,306943,3702
6,157,6280476,9981769,2220,34,49,0.098784,2.66207,2377,-1,ok,0,0,0,0,2376,1,1,14.371,2220,54991,84420,1,32.7064,2220,132333,210142,111.982,374362,2220
6,158,6643578,8204315,3641,58,222,0.11793,3.56788,4612,-1,ok,0,0,0,0,4611,1,1,29.1502,3747,135829,139856,1,82.4384,3641,367430,390897,478.301,1.69089e+06,3641
6,159,9685005,4585715,4747,76,543,0.246801,5.9762,5936,-1,ok,0,0,0,0,5935,1,1,43.6902,4747,179769,231598,1,88.735,4747,352796,533092,146.318,544077,4747
6,160,12831341,2638895,3950,63,295,0.197949,5.90179,4909,-1,ok,0,0,0,0,4908,1,1,55.1195,3950,158713,195272,1,128.266,3950,361578,464868,458.49,1.15889e+06,3950
6,161,8783825,10724143,3006,48,65,0.103605,3.96783,4183,-1,ok,0,0,0,0,4182,1,1,21.8482,3008,92457,119662,1,45.419,3008,204258,312317,333.852,1.04124e+06,3006
6,162,6714674,4622259,3743,59,289,0.186129,3.19027,4124,-1,ok,0,0,0,0,4123,1,1,31.2815,3877,135493,143762,1,78.4759,3743,336523,381187,360.174,1.18349e+06,3743
6,163,11574983,7241695,3374,55,96,0.112541,4.16133,4531,-1,ok,0,0,0,0,4530,1,1,33.2562,3422,141709,152583,1,65.2858,3374,263176,349675,412.112,1.40372e+06,3374
6,164,6726695,10401558,1931,31,95,0.094767,4.56028,2842,-1,ok,0,0,0,0,2841,1,1,3.22431,1931,8307,95815,1,0.79729,1931,1944,239889,7.11477,26397,1931
6,165,6217776,4562577,639,12,29,0.020589,0.874946,850,-1,ok,0,0,0,0,849,1,1,3.53476,639,12249,34929,1,6.53693,639,25685,78704,7.37962,27158,639
6,166,3978333,2704630,2039,32,50,0.045656,2.55863,2418,-1,ok,0,0,0,0,2417,1,1,16.2514,2041,59862,88332,1,38.8675,2041,153661,247098,102.624,392855,2039
6,167,7528628,10723775,1234,19,46,0.067836,2.04911,1349,-1,ok,0,0,0,0,1348,1,1,4.38615,1234,14127,51411,1,6.00386,1234,26690,131587,8.08337,34410,1234
6,168,9735496,1569903,4003,63,245,0.133088,4.8397,4558,-1,ok,0,0,0,0,4557,1,1,47.6687,4003,169947,183426,1,117.31,4003,396625,455130,465.885,1.47875e+06,4003
6,169,998082,9272687,4329,80,519,0.247212,6.53227,5844,-1,ok,0,0,0,0,5843,1,1,44.5686,5049,175383,185846,1,100.882,5021,383046,431412,391.234,1.22984e+06,4329
6,170,1321918,2206629,1412,23,56,0.100618,2.19625,1647,-1,ok,0,0,0,0,1646,1,1,12.8782,1504,53650,81801,1,6.66218,1412,28097,234103,5.62912,22846,1412
6,171,6659965,11150045,3320,52,75,0.079237,4.15555,4501,-1,ok,0,0,0,0,4500,1,1,29.4927,3320,103925,154315,1,52.9397,3320,200728,348919,289.58,805546,3320
6,172,3731435,7767988,2384,39,73,0.105297,3.75495,3157,-1,ok,0,0,0,0,3156,1,1,22.1521,2412,91308,112129,1,41.7494,2384,189369,256807,97.8431,434809,2384
6,173,3974805,958596,1638,27,48,0.069819,1.99372,1857,-1,ok,0,0,0,0,1856,1,1,5.4789,1638,23642,86580,1,11.5505,1638,55683,210288,44.6494,182160,1638
6,174,2428329,5775613,2154,34,90,0.081101,2.86826,2925,-1,ok,0,0,0,0,2924,1,1,9.55704,2154,40842,87064,1,30.3709,2154,123593,248414,125.597,407779,2154
6,175,1714534,1242194,2738,43,43,0.062918,1.87309,2769,-1,ok,0,0,0,0,2768,1,1,0.730976,2738,2738,167571,1,0.712994,2738,2738,461641,33.6205,161075,2738
6,176,2649840,6642272,1749,29,29,0.022422,2.36224,2336,-1,ok,0,0,0,0,2335,1,1,14.568,1781,58468,78731,1,26.2167,1749,112927,177824,106.362,355043,1749
6,177,6637665,3752951,3356,53,217,0.130564,3.56123,3911,-1,ok,0,0,0,0,3910,1,1,26.0487,3384,114389,125036,1,57.9736,3356,243931,276358,579.35,1.48585e+06,3356
6,178,11854338,7380264,1910,30,99,0.111769,3.11784,3205,-1,ok,0,0,0,0,3204,1,1,20.076,1910,77247,88048,1,44.2513,1910,168610,205250,147.864,507075,1910
6,179,6799419,5675038,2708,44,219,0.122007,2.28831,3073,-1,ok,0,0,0,0,3072,1,1,14.1257,2708,66098,126492,1,26.0397,2708,118346,307982,38.2688,165783,2708
6,180,4194887,1007631,1165,19,27,0.03193,2.75726,1376,-1,ok,0,0,0,0,1375,1,1,19.1648,1165,51502,62251,1,34.2495,1165,103287,150429,46.9095,120379,1165
6,181,7226275,11473681,3653,58,260,0.139552,4.18361,4372,-1,ok,0,0,0,0,4371,1,1,28.4922,3723,116472,139261,1,73.6225,3721,279196,380641,498.908,1.38978e+06,3653
6,182,8300223,3253260,3863,60,320,0.172783,3.96301,4250,-1,ok,0,0,0,0,4249,1,1,31.5629,3917,131244,138259,1,70.8655,3889,279207,316578,692.578,1.76125e+06,3863
6,183,1895748,929406,1049,18,34,0.029856,1.88289,1376,-1,ok,0,0,0,0,1375,1,1,1.62852,1049,5945,51918,1,1.50309,1049,6897,127223,1.58696,6897,1049
6,184,10432828,11593598,2985,47,171,0.105148,3.66967,3986,-1,ok,0,0,0,0,3985,1,1,20.8844,3055,94270,121311,1,18.1282,2985,81511,349220,104.953,340036,2985
6,185,3746090,7529905,1542,26,44,0.092404,2.42342,2013,-1,ok,0,0,0,0,2012,1,1,8.30833,1542,29898,84345,1,16.7969,1542,75751,202304,36.8457,132200,1542
6,186,3253344,6964518,3608,57,78,0.078717,3.88193,4111,-1,ok,0,0,0,0,4110,1,1,14.169,3664,61178,150411,1,30.4168,3608,147004,440610,94.0323,405263,3608
6,187,1483093,11345582,5249,89,159,0.146664,7.16518,6356,-1,ok,0,0,0,0,6355,1,1,46.3151,5619,178768,223179,1,115.794,5591,422535,524370,966.823,2.85197e+06,5249
6,188,1769639,6419115,1907,30,94,0.110937,2.68012,2106,-1,ok,0,0,0,0,2105,1,1,3.48676,1907,8196,81287,1,2.48407,1907,8341,197669,87.0486,217722,1907
6,189,1953803,11588864,5915,97,852,0.345866,7.49714,7344,-1,ok,0,0,0,0,7343,1,1,63.2567,6143,226602,267811,1,171.7,6143,546211,673714,1295.9,3.36397e+06,5915
6,190,10813718,4339117,2672,42,191,0.159418,5.27756,3203,-1,ok,0,0,0,0,3202,1,1,14.576,2672,33198,124092,1,4.63094,2672,15854,279573,21.08,74422,2672
6,191,4139954,12718531,4668,76,546,0.24604,5.83059,5661,-1,ok,0,0,0,0,5660,1,1,34.6191,4668,126378,201163,1,80.6613,4668,276225,445890,705.634,1.78919e+06,4668
6,192,11410131,12143449,1295,21,21,0.025948,1.80784,1850,-1,ok,0,0,0,0,1849,1,1,2.6627,1297,12064,51172,1,5.9618,1297,29393,142969,3.78464,17021,1295
6,193,12955129,5083650,4479,70,446,0.201476,5.93026,5586,-1,ok,0,0,0,0,5585,1,1,46.2691,4479,163518,168993,1,101.444,4479,355186,385813,357.103,1.12451e+06,4479
6,194,4034968,11166459,3294,53,269,0.172442,4.86769,3699,-1,ok,0,0,0,0,3698,1,1,23.8491,3294,94391,139913,1,68.5507,3294,234662,328592,629.817,1.6324e+06,3294
6,195,12321886,6473680,2881,45,145,0.150601,3.55273,3144,-1,ok,0,0,0,0,3143,1,1,24.894,2881,93066,116552,1,61.405,2881,209819,279784,198.973,619922,2881
6,196,1431067,12748470,4263,69,376,0.195887,6.10599,4980,-1,ok,0,0,0,0,4979,1,1,25.1555,4263,85452,202794,1,67.16,4263,228552,503788,293.772,953149,4263
6,197,6895032,9886330,3072,49,113,0.138339,4.01719,3919,-1,ok,0,0,0,0,3918,1,1,35.4615,3072,131407,138073,1,78.2091,3072,282288,314698,302.193,923632,3072
6,198,8039344,11409990,3078,48,113,0.1129,3.93332,3663,-1,ok,0,0,0,0,3662,1,1,20.1066,3080,79955,111374,1,50.9928,3080,191329,288922,395.663,1.02139e+06,3078
6,199,3159648,2262293,1368,22,98,0.087674,1.74813,1763,-1,ok,0,0,0,0,1762,1,1,6.22575,1382,27198,66722,1,13.3281,1368,64962,187863,26.7597,106266,1368
