level,node_id,coarse_row,coarse_col,fine_row,fine_col,num_children
1,0,2,433,5,866,2
1,1,2,434,4,869,3
1,2,2,435,4,870,4
1,3,2,436,4,872,4
1,4,2,437,5,874,1
1,5,3,423,7,846,2
1,6,3,424,7,848,2
1,7,3,431,7,862,2
1,8,3,432,6,864,4
1,9,3,433,6,866,4
1,10,3,434,6,868,4
1,11,3,435,6,870,4
1,12,3,436,6,872,4
1,13,3,437,6,874,4
1,14,3,438,7,876,1
1,15,4,422,9,845,1
1,16,4,423,8,846,4
1,17,4,424,8,848,4
1,18,4,425,8,850,3
1,19,4,426,8,852,3
1,20,4,427,9,854,2
1,21,4,428,9,856,2
1,22,4,429,8,859,3
1,23,4,430,8,860,4
1,24,4,431,8,862,4
1,25,4,432,8,864,4
1,26,4,433,8,866,4
1,27,4,434,8,868,4
1,28,4,435,8,870,4
1,29,4,436,8,872,4
1,30,4,437,8,874,4
1,31,4,438,8,876,4
1,32,4,439,9,878,1
1,33,5,421,11,843,1
1,34,5,422,10,845,3
1,35,5,423,10,846,4
1,36,5,424,10,848,4
1,37,5,425,10,850,4
1,38,5,426,10,852,4
1,39,5,427,10,854,4
1,40,5,428,10,856,4
1,41,5,429,10,858,4
1,42,5,430,10,860,4
1,43,5,431,10,862,4
1,44,5,432,10,864,4
1,45,5,433,10,866,4
1,46,5,434,10,868,4
1,47,5,435,10,870,4
1,48,5,436,10,872,4
1,49,5,437,10,874,3
1,50,5,443,11,887,1
1,51,6,419,13,839,1
1,52,6,420,13,840,2
1,53,6,421,12,842,4
1,54,6,422,12,844,4
1,55,6,423,12,846,4
1,56,6,424,12,848,4
1,57,6,425,12,850,4
1,58,6,426,12,852,4
1,59,6,427,12,854,4
1,60,6,428,12,856,4
1,61,6,429,12,858,4
1,62,6,430,12,860,4
1,63,6,431,12,862,4
1,64,6,432,12,864,4
1,65,6,433,12,866,4
1,66,6,434,12,868,4
1,67,6,435,12,870,4
1,68,6,436,12,872,4
1,69,6,441,12,882,4
1,70,6,442,12,884,4
1,71,6,443,12,886,4
1,72,6,444,13,888,1
1,73,7,417,15,835,1
1,74,7,418,14,837,3
1,75,7,419,14,838,4
1,76,7,420,14,840,4
1,77,7,421,14,842,4
1,78,7,422,14,844,4
1,79,7,423,14,846,4
1,80,7,424,14,848,4
1,81,7,425,14,850,4
1,82,7,426,14,852,4
1,83,7,427,14,854,4
1,84,7,428,14,856,4
1,85,7,429,14,858,4
1,86,7,430,14,860,4
1,87,7,431,14,862,4
1,88,7,432,14,864,4
1,89,7,433,14,866,4
1,90,7,434,14,868,4
1,91,7,435,14,870,4
1,92,7,436,14,872,4
1,93,7,441,14,882,4
1,94,7,442,14,884,4
1,95,7,443,14,886,4
1,96,7,444,14,888,2
1,97,8,416,16,833,2
1,98,8,417,16,834,4
1,99,8,418,16,836,4
1,100,8,419,16,838,4
1,101,8,420,16,840,4
1,102,8,421,16,842,4
1,103,8,422,16,844,4
1,104,8,423,16,846,4
1,105,8,424,16,848,4
1,106,8,425,16,850,4
1,107,8,426,16,852,4
1,108,8,427,16,854,4
1,109,8,428,16,856,4
1,110,8,429,16,858,4
1,111,8,430,16,860,4
1,112,8,431,16,862,4
1,113,8,432,16,864,4
1,114,8,433,16,866,4
1,115,8,434,16,868,4
1,116,8,435,16,870,4
1,117,8,436,16,872,4
1,118,8,437,17,874,1
1,119,8,440,17,881,1
1,120,8,441,16,882,4
1,121,8,442,16,884,4
1,122,8,443,16,886,4
1,123,8,444,16,888,4
1,124,9,416,18,833,3
1,125,9,417,18,834,4
1,126,9,418,18,836,4
1,127,9,419,18,838,4
1,128,9,420,18,840,4
1,129,9,421,18,842,4
1,130,9,422,18,844,4
1,131,9,423,18,846,3
1,132,9,424,18,848,2
1,133,9,425,18,850,4
1,134,9,426,18,852,4
1,135,9,427,18,854,4
1,136,9,428,18,856,4
1,137,9,429,18,858,4
1,138,9,430,18,860,4
1,139,9,431,18,862,4
1,140,9,432,18,864,4
1,141,9,433,18,866,4
1,142,9,434,18,868,4
1,143,9,435,18,870,4
1,144,9,436,18,872,4
1,145,9,437,18,874,4
1,146,9,438,19,876,2
1,147,9,439,19,878,2
1,148,9,440,18,880,4
1,149,9,441,18,882,4
1,150,9,442,18,884,4
1,151,9,443,18,886,4
1,152,9,444,18,888,4
1,153,9,445,18,890,2
1,154,10,416,20,832,4
1,155,10,417,20,834,4
1,156,10,418,20,836,4
1,157,10,419,20,838,4
1,158,10,420,20,840,4
1,159,10,421,20,842,4
1,160,10,422,20,844,1
1,161,10,426,20,853,2
1,162,10,427,20,854,4
1,163,10,428,20,856,4
1,164,10,429,20,858,4
1,165,10,430,20,860,4
1,166,10,431,20,862,4
1,167,10,432,20,864,4
1,168,10,433,20,866,4
1,169,10,434,20,868,4
1,170,10,435,20,870,4
1,171,10,436,20,872,4
1,172,10,437,20,874,4
1,173,10,438,20,876,4
1,174,10,439,20,878,4
1,175,10,440,20,880,4
1,176,10,441,20,882,4
1,177,10,442,20,884,4
1,178,10,443,20,886,4
1,179,10,444,20,888,4
1,180,10,445,20,890,4
1,181,11,415,22,831,2
1,182,11,416,22,832,4
1,183,11,417,22,834,4
1,184,11,418,22,836,4
1,185,11,419,22,838,4
1,186,11,420,22,840,4
1,187,11,421,22,842,4
1,188,11,427,22,854,4
1,189,11,428,22,856,4
1,190,11,429,22,858,4
1,191,11,430,22,860,4
1,192,11,431,22,862,4
1,193,11,432,22,864,2
1,194,11,433,22,866,2
1,195,11,434,22,868,4
1,196,11,435,22,870,4
1,197,11,436,22,872,4
1,198,11,437,22,874,4
1,199,11,438,22,876,4
1,200,11,439,22,878,4
1,201,11,440,22,880,4
1,202,11,441,22,882,4
1,203,11,442,22,884,4
1,204,11,443,22,886,4
1,205,11,444,22,888,4
1,206,11,445,22,890,3
1,207,11,446,22,892,1
1,208,12,415,24,831,2
1,209,12,416,24,832,4
1,210,12,417,24,834,4
1,211,12,418,24,836,4
1,212,12,419,24,838,4
1,213,12,420,24,840,4
1,214,12,421,24,842,3
1,215,12,427,24,854,4
1,216,12,428,24,856,4
1,217,12,429,24,858,4
1,218,12,430,24,860,4
1,219,12,431,24,862,4
1,220,12,432,24,864,4
1,221,12,433,24,866,4
1,222,12,434,25,868,1
1,223,12,435,24,870,3
1,224,12,436,24,872,4
1,225,12,437,24,874,4
1,226,12,438,24,876,4
1,227,12,439,24,878,4
1,228,12,440,24,880,4
1,229,12,441,24,882,4
1,230,12,442,24,884,4
1,231,12,443,24,886,4
1,232,12,444,24,888,3
1,233,13,415,26,831,2
1,234,13,416,26,832,4
1,235,13,417,26,834,3
1,236,13,418,26,836,3
1,237,13,419,26,838,4
1,238,13,420,26,840,3
1,239,13,421,26,842,1
1,240,13,427,26,855,2
1,241,13,428,26,856,4
1,242,13,429,26,858,4
1,243,13,430,26,860,4
1,244,13,431,26,862,4
1,245,13,432,26,864,4
1,246,13,433,26,866,4
1,247,13,434,26,868,4
1,248,13,435,27,870,1
1,249,13,436,26,872,3
1,250,13,437,26,874,4
1,251,13,438,26,876,4
1,252,13,439,26,878,4
1,253,13,440,26,880,4
1,254,13,441,26,882,4
1,255,13,442,26,884,4
1,256,13,443,26,886,2
1,257,13,444,27,889,1
1,258,13,445,27,890,2
1,259,13,446,26,892,4
1,260,13,447,26,894,4
1,261,13,448,27,896,1
1,262,14,415,28,831,1
1,263,14,416,28,832,1
1,264,14,427,28,855,2
1,265,14,428,28,856,4
1,266,14,429,28,858,4
1,267,14,430,28,860,4
1,268,14,431,28,862,4
1,269,14,432,28,864,4
1,270,14,433,28,866,4
1,271,14,434,28,868,4
1,272,14,435,28,870,4
1,273,14,436,28,873,2
1,274,14,437,28,874,4
1,275,14,438,28,876,4
1,276,14,439,28,878,4
1,277,14,440,28,880,4
1,278,14,441,28,882,4
1,279,14,442,28,884,4
1,280,14,444,28,888,4
1,281,14,445,28,890,4
1,282,14,446,28,892,4
1,283,14,447,28,894,4
1,284,14,448,28,896,4
1,285,14,449,28,898,3
1,286,15,427,30,854,4
1,287,15,428,30,856,4
1,288,15,429,30,858,4
1,289,15,430,30,860,4
1,290,15,431,30,862,4
1,291,15,432,30,864,4
1,292,15,433,30,866,4
1,293,15,434,30,868,4
1,294,15,435,30,870,4
1,295,15,436,30,872,2
1,296,15,437,30,874,4
1,297,15,438,30,876,4
1,298,15,439,30,878,4
1,299,15,440,30,880,4
1,300,15,441,30,882,4
1,301,15,442,30,884,2
1,302,15,443,30,887,1
1,303,15,444,30,888,2
1,304,15,445,30,890,4
1,305,15,446,30,892,4
1,306,15,447,30,894,4
1,307,15,448,30,896,4
1,308,15,449,30,898,4
1,309,16,426,32,853,2
1,310,16,427,32,854,4
1,311,16,428,32,856,4
1,312,16,429,32,858,4
1,313,16,430,32,860,4
1,314,16,431,32,862,4
1,315,16,432,32,864,4
1,316,16,433,32,866,4
1,317,16,434,32,868,4
1,318,16,435,32,870,4
1,319,16,436,32,872,3
1,320,16,437,32,874,4
1,321,16,438,32,876,4
1,322,16,439,32,878,4
1,323,16,440,32,880,4
1,324,16,441,32,882,4
1,325,16,445,32,891,2
1,326,16,446,32,892,4
1,327,16,447,32,894,4
1,328,16,448,32,896,4
1,329,16,449,32,898,4
1,330,16,450,33,900,1
1,331,17,414,34,829,2
1,332,17,426,34,853,2
1,333,17,427,34,854,4
1,334,17,428,34,856,4
1,335,17,429,34,858,4
1,336,17,430,34,860,4
1,337,17,431,34,862,4
1,338,17,432,34,864,4
1,339,17,433,34,866,4
1,340,17,434,34,868,4
1,341,17,435,34,870,4
1,342,17,436,34,873,3
1,343,17,437,34,874,4
1,344,17,438,34,876,4
1,345,17,439,34,878,4
1,346,17,440,34,880,4
1,347,17,441,34,882,1
1,348,17,445,34,891,1
1,349,17,446,34,892,2
1,350,17,447,34,894,4
1,351,17,448,34,896,4
1,352,17,449,34,898,4
1,353,17,450,34,900,2
1,354,18,414,36,828,4
1,355,18,426,36,852,4
1,356,18,427,36,854,4
1,357,18,428,36,856,4
1,358,18,429,36,858,4
1,359,18,430,36,860,4
1,360,18,431,36,862,4
1,361,18,432,36,864,4
1,362,18,433,36,866,4
1,363,18,434,36,868,4
1,364,18,435,36,870,4
1,365,18,436,36,872,4
1,366,18,437,36,874,4
1,367,18,438,36,876,4
1,368,18,439,36,878,4
1,369,18,440,36,880,2
1,370,18,447,36,895,1
1,371,18,448,36,896,4
1,372,18,449,36,898,4
1,373,18,450,36,900,2
1,374,19,413,39,827,1
1,375,19,414,38,828,4
1,376,19,426,38,852,4
1,377,19,427,38,854,4
1,378,19,428,38,856,4
1,379,19,429,38,858,4
1,380,19,430,38,860,4
1,381,19,431,38,862,4
1,382,19,432,38,864,4
1,383,19,433,38,866,4
1,384,19,434,38,868,4
1,385,19,435,38,870,4
1,386,19,436,38,872,4
1,387,19,437,38,874,4
1,388,19,438,38,876,4
1,389,19,439,38,878,4
1,390,19,440,38,880,3
1,391,19,443,39,887,1
1,392,19,448,38,896,4
1,393,19,449,38,898,4
1,394,20,413,40,827,2
1,395,20,414,40,828,4
1,396,20,415,41,830,1
1,397,20,425,40,851,2
1,398,20,426,40,852,4
1,399,20,427,40,854,4
1,400,20,428,40,856,4
1,401,20,429,40,858,4
1,402,20,430,40,860,4
1,403,20,431,40,862,4
1,404,20,432,40,864,4
1,405,20,433,40,866,4
1,406,20,434,40,868,4
1,407,20,435,40,870,4
1,408,20,436,40,872,4
1,409,20,437,40,874,4
1,410,20,438,40,876,4
1,411,20,439,40,878,4
1,412,20,440,40,880,4
1,413,20,441,40,883,2
1,414,20,442,40,884,4
1,415,20,443,40,886,4
1,416,20,448,40,896,4
1,417,20,449,40,898,4
1,418,21,413,42,827,3
1,419,21,414,42,828,4
1,420,21,415,42,830,4
1,421,21,416,42,832,3
1,422,21,417,43,834,2
1,423,21,424,43,848,1
1,424,21,425,42,850,4
1,425,21,426,42,852,4
1,426,21,427,42,854,4
1,427,21,428,42,856,4
1,428,21,429,42,858,4
1,429,21,430,42,860,4
1,430,21,431,42,862,4
1,431,21,432,42,864,4
1,432,21,433,42,866,4
1,433,21,434,42,868,3
1,434,21,435,42,870,3
1,435,21,436,42,872,4
1,436,21,437,42,874,4
1,437,21,438,42,876,4
1,438,21,439,42,878,4
1,439,21,440,42,880,3
1,440,21,441,42,883,2
1,441,21,442,42,884,4
1,442,21,443,42,886,4
1,443,21,444,42,888,3
1,444,21,447,42,895,3
1,445,21,448,42,896,4
1,446,21,449,42,898,2
1,447,22,413,44,827,2
1,448,22,414,44,828,4
1,449,22,415,44,830,4
1,450,22,416,44,832,4
1,451,22,417,44,834,2
1,452,22,423,44,847,2
1,453,22,424,44,848,4
1,454,22,425,44,851,2
1,455,22,426,44,852,4
1,456,22,427,44,854,4
1,457,22,428,44,856,4
1,458,22,429,44,858,4
1,459,22,430,44,860,4
1,460,22,431,44,862,4
1,461,22,432,44,864,4
1,462,22,433,44,866,4
1,463,22,434,44,869,2
1,464,22,435,44,870,4
1,465,22,436,44,872,4
1,466,22,437,44,874,4
1,467,22,438,44,876,4
1,468,22,439,44,878,4
1,469,22,440,44,880,4
1,470,22,441,44,882,4
1,471,22,442,44,884,4
1,472,22,443,44,886,4
1,473,22,444,44,888,4
1,474,22,445,44,890,4
1,475,22,446,44,892,4
1,476,22,447,44,894,4
1,477,22,448,44,896,4
1,478,22,449,44,898,1
1,479,23,413,46,827,2
1,480,23,414,46,828,4
1,481,23,415,46,830,4
1,482,23,416,46,832,4
1,483,23,417,46,834,4
1,484,23,422,47,845,1
1,485,23,423,46,846,4
1,486,23,424,46,848,4
1,487,23,425,46,850,3
1,488,23,426,46,852,3
1,489,23,427,46,854,4
1,490,23,428,46,856,4
1,491,23,429,46,858,4
1,492,23,430,46,860,4
1,493,23,431,46,862,4
1,494,23,432,46,864,4
1,495,23,433,46,866,4
1,496,23,434,46,869,3
1,497,23,435,46,870,4
1,498,23,436,46,872,4
1,499,23,437,46,874,4
1,500,23,438,46,876,4
1,501,23,439,46,878,4
1,502,23,440,46,880,4
1,503,23,441,46,882,4
1,504,23,442,46,884,4
1,505,23,443,46,886,4
1,506,23,444,46,888,4
1,507,23,445,46,890,4
1,508,23,446,46,892,4
1,509,23,447,46,894,4
1,510,23,448,46,896,4
1,511,24,413,48,827,2
1,512,24,414,48,828,4
1,513,24,415,48,830,4
1,514,24,416,48,832,2
1,515,24,417,48,834,4
1,516,24,418,49,836,2
1,517,24,419,49,838,2
1,518,24,420,49,840,2
1,519,24,421,49,842,2
1,520,24,422,48,844,4
1,521,24,423,48,846,4
1,522,24,424,48,848,4
1,523,24,425,48,850,4
1,524,24,426,48,852,3
1,525,24,427,48,855,1
1,526,24,428,48,856,4
1,527,24,429,48,858,4
1,528,24,430,48,860,2
1,529,24,431,48,862,3
1,530,24,432,48,864,4
1,531,24,433,48,866,1
1,532,24,433,49,867,1
1,533,24,434,48,868,4
1,534,24,435,48,870,4
1,535,24,436,48,872,4
1,536,24,437,48,874,4
1,537,24,438,48,876,4
1,538,24,439,48,878,4
1,539,24,440,48,880,4
1,540,24,441,48,882,4
1,541,24,442,48,884,4
1,542,24,443,48,886,4
1,543,24,444,48,888,4
1,544,24,445,48,890,4
1,545,24,446,48,892,4
1,546,24,447,48,894,4
1,547,24,448,48,896,2
1,548,25,413,50,827,2
1,549,25,414,50,828,2
1,550,25,417,50,835,1
1,551,25,418,50,836,4
1,552,25,419,50,838,4
1,553,25,420,50,840,4
1,554,25,421,50,842,4
1,555,25,422,50,844,4
1,556,25,423,50,846,4
1,557,25,424,50,848,4
1,558,25,425,50,850,4
1,559,25,426,50,852,4
1,560,25,427,50,854,3
1,561,25,428,51,856,1
1,562,25,429,51,859,1
1,563,25,430,50,860,4
1,564,25,431,51,862,2
1,565,25,432,51,864,2
1,566,25,433,50,866,4
1,567,25,434,50,868,4
1,568,25,435,50,870,4
1,569,25,436,50,872,4
1,570,25,437,50,874,4
1,571,25,438,50,876,4
1,572,25,439,50,878,4
1,573,25,440,50,880,4
1,574,25,441,50,882,4
1,575,25,442,50,884,4
1,576,25,443,50,886,4
1,577,25,444,50,888,4
1,578,25,445,50,890,4
1,579,25,446,50,892,4
1,580,25,447,50,894,4
1,581,25,448,50,896,2
1,582,26,418,52,836,4
1,583,26,419,52,838,4
1,584,26,420,52,840,4
1,585,26,421,52,842,4
1,586,26,422,52,844,4
1,587,26,423,52,846,4
1,588,26,424,52,848,4
1,589,26,425,52,850,4
1,590,26,426,52,852,4
1,591,26,427,52,854,4
1,592,26,428,52,856,4
1,593,26,429,52,858,4
1,594,26,430,52,860,4
1,595,26,431,52,862,4
1,596,26,432,52,864,4
1,597,26,433,52,866,4
1,598,26,434,52,868,4
1,599,26,435,52,870,4
1,600,26,436,52,872,4
1,601,26,437,52,874,4
1,602,26,438,52,876,4
1,603,26,439,52,878,4
1,604,26,440,52,880,4
1,605,26,441,52,882,3
1,606,26,442,52,884,2
1,607,26,443,52,886,2
1,608,26,444,52,888,3
1,609,26,445,52,890,4
1,610,26,446,52,892,4
1,611,26,447,52,894,4
1,612,26,448,52,896,2
1,613,27,413,54,827,3
1,614,27,416,55,833,1
1,615,27,417,54,835,3
1,616,27,418,54,836,3
1,617,27,421,54,843,1
1,618,27,422,54,844,4
1,619,27,423,54,846,4
1,620,27,424,54,848,4
1,621,27,425,54,850,4
1,622,27,426,54,852,4
1,623,27,427,54,854,4
1,624,27,428,54,856,4
1,625,27,429,54,858,4
1,626,27,430,54,860,4
1,627,27,431,54,862,4
1,628,27,432,54,864,4
1,629,27,433,54,866,4
1,630,27,434,54,868,4
1,631,27,435,54,870,4
1,632,27,436,54,872,4
1,633,27,437,54,874,4
1,634,27,438,54,876,4
1,635,27,439,54,878,4
1,636,27,440,54,880,3
1,637,27,441,55,882,2
1,638,27,442,54,885,3
1,639,27,443,54,886,4
1,640,27,444,55,888,1
1,641,27,446,54,892,2
1,642,27,447,54,894,4
1,643,27,448,54,896,2
1,644,28,412,57,825,1
1,645,28,413,56,826,4
1,646,28,414,56,828,3
1,647,28,415,56,831,3
1,648,28,416,56,832,4
1,649,28,417,56,834,4
1,650,28,422,56,844,3
1,651,28,423,56,846,4
1,652,28,424,56,848,4
1,653,28,425,56,850,4
1,654,28,426,56,852,4
1,655,28,427,56,854,4
1,656,28,428,56,856,4
1,657,28,429,56,858,4
1,658,28,430,56,860,4
1,659,28,431,56,862,4
1,660,28,432,56,864,4
1,661,28,433,56,866,4
1,662,28,434,56,868,4
1,663,28,435,56,870,4
1,664,28,436,56,872,4
1,665,28,437,56,874,4
1,666,28,438,56,876,4
1,667,28,439,56,878,4
1,668,28,440,56,880,4
1,669,28,441,56,882,4
1,670,28,442,56,884,4
1,671,28,443,56,886,4
1,672,28,444,56,888,4
1,673,28,445,57,890,1
1,674,28,446,56,892,3
1,675,28,447,56,894,4
1,676,28,448,56,896,2
1,677,29,412,58,825,2
1,678,29,413,58,826,4
1,679,29,414,58,828,4
1,680,29,415,58,830,4
1,681,29,416,58,832,4
1,682,29,417,58,834,4
1,683,29,422,58,845,3
1,684,29,423,58,846,4
1,685,29,424,58,848,4
1,686,29,425,58,850,4
1,687,29,426,58,852,4
1,688,29,427,58,854,4
1,689,29,428,58,856,4
1,690,29,429,58,858,4
1,691,29,430,58,860,4
1,692,29,431,58,862,4
1,693,29,432,58,864,2
1,694,29,434,58,868,4
1,695,29,435,58,870,4
1,696,29,436,58,872,4
1,697,29,437,58,874,4
1,698,29,438,58,876,4
1,699,29,439,58,878,4
1,700,29,440,58,880,4
1,701,29,441,58,882,4
1,702,29,442,58,884,4
1,703,29,443,58,886,4
1,704,29,444,58,888,4
1,705,29,445,58,890,4
1,706,29,446,59,892,1
1,707,29,447,58,894,3
1,708,29,448,58,896,3
1,709,30,412,60,824,4
1,710,30,413,60,826,4
1,711,30,414,60,828,4
1,712,30,415,60,830,4
1,713,30,416,60,832,4
1,714,30,417,60,834,4
1,715,30,418,60,836,2
1,716,30,421,61,843,1
1,717,30,422,60,844,4
1,718,30,423,60,846,4
1,719,30,424,60,848,4
1,720,30,425,60,850,4
1,721,30,426,60,852,4
1,722,30,427,60,854,4
1,723,30,428,60,856,4
1,724,30,429,60,858,4
1,725,30,430,60,860,4
1,726,30,431,60,862,4
1,727,30,432,60,864,3
1,728,30,433,61,866,2
1,729,30,434,60,868,4
1,730,30,435,60,870,1
1,731,30,438,60,877,1
1,732,30,439,60,878,4
1,733,30,440,60,880,4
1,734,30,441,60,882,4
1,735,30,442,60,884,4
1,736,30,443,60,886,4
1,737,30,444,60,888,4
1,738,30,445,60,890,4
1,739,30,446,60,892,4
1,740,30,447,60,894,4
1,741,30,448,60,896,4
1,742,30,449,61,898,1
1,743,31,412,62,824,4
1,744,31,413,62,826,4
1,745,31,414,62,828,4
1,746,31,415,62,830,4
1,747,31,416,62,832,4
1,748,31,417,62,834,4
1,749,31,419,62,839,1
1,750,31,420,62,840,2
1,751,31,421,62,842,4
1,752,31,422,62,844,4
1,753,31,423,62,846,4
1,754,31,424,62,848,4
1,755,31,425,62,850,4
1,756,31,426,62,852,4
1,757,31,427,62,854,4
1,758,31,428,62,856,4
1,759,31,429,62,858,4
1,760,31,430,62,860,4
1,761,31,431,62,862,4
1,762,31,432,62,864,4
1,763,31,433,62,866,4
1,764,31,434,62,868,4
1,765,31,439,62,878,4
1,766,31,440,62,880,4
1,767,31,441,62,882,4
1,768,31,442,62,884,4
1,769,31,443,62,886,4
1,770,31,444,62,888,4
1,771,31,445,62,890,4
1,772,31,446,62,892,4
1,773,31,447,62,894,4
1,774,31,448,62,896,4
1,775,31,449,62,898,3
1,776,32,412,64,824,4
1,777,32,413,64,826,4
1,778,32,414,64,828,4
1,779,32,415,64,830,4
1,780,32,416,64,832,4
1,781,32,417,64,834,4
1,782,32,418,65,836,2
1,783,32,419,65,838,1
1,784,32,421,64,842,4
1,785,32,422,64,844,4
1,786,32,423,64,846,4
1,787,32,424,64,848,4
1,788,32,425,64,850,4
1,789,32,426,64,852,4
1,790,32,427,64,854,4
1,791,32,428,64,856,4
1,792,32,429,64,858,4
1,793,32,430,64,860,4
1,794,32,431,64,862,4
1,795,32,432,64,864,4
1,796,32,433,64,866,4
1,797,32,434,64,868,4
1,798,32,439,64,878,4
1,799,32,440,64,880,4
1,800,32,441,64,882,4
1,801,32,442,64,884,4
1,802,32,443,64,886,4
1,803,32,444,64,888,4
1,804,32,445,64,890,4
1,805,32,446,64,892,4
1,806,32,447,64,894,4
1,807,32,448,64,896,4
1,808,32,449,64,898,4
1,809,32,450,65,900,1
1,810,33,412,66,825,1
1,811,33,413,66,826,4
1,812,33,414,66,828,4
1,813,33,415,66,830,4
1,814,33,416,66,832,4
1,815,33,417,66,834,4
1,816,33,418,66,836,4
1,817,33,419,66,838,4
1,818,33,420,66,840,4
1,819,33,421,66,842,4
1,820,33,422,66,844,4
1,821,33,423,66,846,4
1,822,33,424,66,848,4
1,823,33,425,66,850,4
1,824,33,426,66,852,4
1,825,33,427,66,854,4
1,826,33,428,66,856,4
1,827,33,429,66,858,4
1,828,33,430,66,860,4
1,829,33,431,66,862,4
1,830,33,432,66,864,4
1,831,33,433,66,866,4
1,832,33,434,66,868,4
1,833,33,435,67,870,2
1,834,33,438,66,877,3
1,835,33,439,66,878,4
1,836,33,440,66,880,4
1,837,33,441,66,882,2
1,838,33,442,66,884,3
1,839,33,443,66,886,4
1,840,33,444,66,888,4
1,841,33,445,66,890,4
1,842,33,446,66,892,4
1,843,33,447,66,894,4
1,844,33,448,66,896,4
1,845,33,449,66,898,4
1,846,33,450,66,900,2
1,847,34,414,68,828,3
1,848,34,415,68,830,4
1,849,34,416,68,832,4
1,850,34,417,68,834,4
1,851,34,418,68,836,4
1,852,34,419,68,838,4
1,853,34,420,68,840,4
1,854,34,421,68,842,4
1,855,34,422,68,844,4
1,856,34,423,68,846,4
1,857,34,424,68,848,4
1,858,34,425,68,850,4
1,859,34,426,68,852,4
1,860,34,427,68,854,4
1,861,34,428,68,856,4
1,862,34,429,68,858,4
1,863,34,430,68,860,4
1,864,34,431,68,862,4
1,865,34,432,68,864,4
1,866,34,433,68,866,4
1,867,34,434,68,868,4
1,868,34,435,68,870,4
1,869,34,436,68,872,4
1,870,34,437,68,874,4
1,871,34,438,68,876,4
1,872,34,439,68,878,2
1,873,34,442,68,885,1
1,874,34,443,68,886,4
1,875,34,444,68,888,4
1,876,34,445,68,890,4
1,877,34,446,68,892,4
1,878,34,447,68,894,2
1,879,35,415,70,831,1
1,880,35,416,70,832,4
1,881,35,417,70,834,4
1,882,35,418,70,836,4
1,883,35,419,70,838,4
1,884,35,420,70,840,4
1,885,35,421,70,842,4
1,886,35,422,70,844,4
1,887,35,423,70,846,4
1,888,35,424,70,848,4
1,889,35,425,70,850,3
1,890,35,426,70,852,3
1,891,35,427,70,854,4
1,892,35,428,70,856,4
1,893,35,429,70,858,4
1,894,35,430,70,860,4
1,895,35,431,70,862,4
1,896,35,432,70,864,4
1,897,35,433,70,866,4
1,898,35,434,70,868,4
1,899,35,435,70,870,4
1,900,35,436,70,872,4
1,901,35,437,70,874,4
1,902,35,438,70,876,2
1,903,35,443,70,886,4
1,904,35,444,70,888,4
1,905,35,445,70,890,4
1,906,35,446,70,892,3
1,907,36,420,72,840,3
1,908,36,421,72,842,4
1,909,36,422,72,844,4
1,910,36,423,72,846,4
1,911,36,424,72,848,4
1,912,36,425,72,850,4
1,913,36,426,72,852,4
1,914,36,427,72,854,4
1,915,36,428,72,856,4
1,916,36,429,72,858,4
1,917,36,430,72,860,4
1,918,36,431,72,862,4
1,919,36,432,72,864,4
1,920,36,433,72,866,4
1,921,36,434,72,868,4
1,922,36,435,72,870,4
1,923,36,436,72,872,4
1,924,36,437,72,874,4
1,925,36,438,72,876,4
1,926,36,439,73,878,1
1,927,36,441,73,883,1
1,928,36,442,72,885,3
1,929,36,443,72,886,4
1,930,36,444,72,888,4
1,931,36,445,72,890,4
1,932,36,446,72,892,1
1,933,37,364,75,728,2
1,934,37,365,75,730,2
1,935,37,366,75,732,2
1,936,37,421,74,842,3
1,937,37,422,74,844,4
1,938,37,423,74,846,4
1,939,37,424,74,848,4
1,940,37,425,74,850,4
1,941,37,426,74,852,4
1,942,37,427,74,854,4
1,943,37,428,74,856,4
1,944,37,429,74,858,4
1,945,37,430,74,860,4
1,946,37,431,74,862,4
1,947,37,432,74,864,4
1,948,37,433,74,866,4
1,949,37,434,74,868,4
1,950,37,435,74,870,4
1,951,37,436,74,872,4
1,952,37,437,74,874,4
1,953,37,438,74,876,4
1,954,37,439,74,878,3
1,955,37,440,74,881,3
1,956,37,441,74,882,4
1,957,37,442,74,884,2
1,958,37,443,74,886,2
1,959,37,444,74,888,2
1,960,37,445,74,890,1
1,961,38,362,77,724,2
1,962,38,363,76,726,4
1,963,38,364,76,728,4
1,964,38,365,76,730,4
1,965,38,366,76,732,4
1,966,38,367,76,734,4
1,967,38,368,76,736,3
1,968,38,369,77,738,2
1,969,38,370,76,740,3
1,970,38,371,77,742,2
1,971,38,372,77,744,2
1,972,38,373,77,746,2
1,973,38,374,77,748,1
1,974,38,383,77,766,2
1,975,38,384,77,768,2
1,976,38,385,76,771,3
1,977,38,386,77,772,2
1,978,38,387,77,774,1
1,979,38,422,76,844,4
1,980,38,423,76,846,4
1,981,38,424,76,848,4
1,982,38,425,76,850,4
1,983,38,426,76,852,4
1,984,38,427,76,854,4
1,985,38,428,76,856,4
1,986,38,429,76,858,4
1,987,38,430,76,860,4
1,988,38,431,76,862,3
1,989,38,432,76,864,1
1,990,38,434,76,868,2
1,991,38,435,76,870,4
1,992,38,436,76,872,4
1,993,38,437,76,874,4
1,994,38,438,76,876,4
1,995,38,439,76,878,4
1,996,38,440,76,880,3
1,997,38,441,76,882,1
1,998,39,360,79,721,1
1,999,39,361,78,722,4
1,1000,39,362,78,724,4
1,1001,39,363,78,726,4
1,1002,39,364,78,728,4
1,1003,39,365,78,730,4
1,1004,39,366,78,732,4
1,1005,39,367,78,734,4
1,1006,39,368,78,736,4
1,1007,39,369,78,738,4
1,1008,39,370,78,740,4
1,1009,39,371,78,742,4
1,1010,39,372,78,744,4
1,1011,39,373,78,746,4
1,1012,39,374,78,748,4
1,1013,39,375,78,750,4
1,1014,39,376,79,752,2
1,1015,39,377,79,754,2
1,1016,39,378,79,756,2
1,1017,39,379,79,758,2
1,1018,39,380,79,760,2
1,1019,39,381,78,762,4
1,1020,39,382,78,764,4
1,1021,39,383,78,766,4
1,1022,39,384,78,768,4
1,1023,39,385,78,770,4
1,1024,39,386,78,772,4
1,1025,39,387,78,774,4
1,1026,39,388,78,776,4
1,1027,39,422,78,845,1
1,1028,39,423,78,846,4
1,1029,39,424,78,848,4
1,1030,39,425,78,850,4
1,1031,39,426,78,852,4
1,1032,39,427,78,854,4
1,1033,39,428,78,856,4
1,1034,39,429,78,858,4
1,1035,39,430,78,860,4
1,1036,39,431,78,862,1
1,1037,39,435,78,870,3
1,1038,39,436,78,872,4
1,1039,39,437,78,874,4
1,1040,39,438,78,876,4
1,1041,39,439,78,878,3
1,1042,40,360,80,720,4
1,1043,40,361,80,722,4
1,1044,40,362,80,724,4
1,1045,40,363,80,726,4
1,1046,40,364,80,728,4
1,1047,40,365,80,730,4
1,1048,40,366,80,732,4
1,1049,40,367,80,734,4
1,1050,40,368,80,736,4
1,1051,40,369,80,738,4
1,1052,40,370,80,740,4
1,1053,40,371,80,742,4
1,1054,40,372,80,744,4
1,1055,40,373,80,746,4
1,1056,40,374,80,748,4
1,1057,40,375,80,750,4
1,1058,40,376,80,752,4
1,1059,40,377,80,754,4
1,1060,40,378,80,756,4
1,1061,40,379,80,758,4
1,1062,40,380,80,760,4
1,1063,40,381,80,762,4
1,1064,40,382,80,764,4
1,1065,40,383,80,766,4
1,1066,40,384,80,768,4
1,1067,40,385,80,770,4
1,1068,40,386,80,772,4
1,1069,40,387,80,774,4
1,1070,40,388,80,776,4
1,1071,40,423,80,847,2
1,1072,40,424,80,848,4
1,1073,40,425,80,850,4
1,1074,40,426,80,852,4
1,1075,40,427,80,854,4
1,1076,40,428,80,856,4
1,1077,40,429,80,858,4
1,1078,40,430,80,860,1
1,1079,40,435,80,871,2
1,1080,40,436,80,872,4
1,1081,40,437,80,874,4
1,1082,40,438,80,876,3
1,1083,41,359,82,719,3
1,1084,41,360,82,720,4
1,1085,41,361,82,722,4
1,1086,41,362,82,724,4
1,1087,41,363,82,726,4
1,1088,41,364,82,728,4
1,1089,41,365,82,730,4
1,1090,41,366,82,732,4
1,1091,41,367,82,734,4
1,1092,41,368,82,736,4
1,1093,41,369,82,738,4
1,1094,41,370,82,740,4
1,1095,41,371,82,742,4
1,1096,41,372,82,744,4
1,1097,41,373,82,746,4
1,1098,41,374,82,748,4
1,1099,41,375,82,750,4
1,1100,41,376,82,752,4
1,1101,41,377,82,754,4
1,1102,41,378,82,756,4
1,1103,41,379,82,758,4
1,1104,41,380,82,760,4
1,1105,41,381,82,763,3
1,1106,41,382,82,764,4
1,1107,41,383,82,766,4
1,1108,41,384,82,768,4
1,1109,41,385,82,770,4
1,1110,41,386,82,772,4
1,1111,41,387,82,774,4
1,1112,41,388,82,776,4
1,1113,41,389,83,778,1
1,1114,41,423,82,847,2
1,1115,41,424,82,848,4
1,1116,41,425,82,850,4
1,1117,41,426,82,852,4
1,1118,41,427,82,854,4
1,1119,41,428,82,856,4
1,1120,41,429,82,858,4
1,1121,41,435,82,871,3
1,1122,41,436,82,872,4
1,1123,41,437,82,874,4
1,1124,41,438,82,876,2
1,1125,42,358,85,717,1
1,1126,42,359,84,718,4
1,1127,42,360,84,720,4
1,1128,42,361,84,722,4
1,1129,42,362,84,724,4
1,1130,42,363,84,726,4
1,1131,42,364,84,728,4
1,1132,42,365,84,730,4
1,1133,42,366,84,732,4
1,1134,42,367,84,734,4
1,1135,42,368,84,736,4
1,1136,42,369,84,738,4
1,1137,42,370,84,740,4
1,1138,42,371,84,742,4
1,1139,42,372,84,744,4
1,1140,42,373,84,746,4
1,1141,42,374,84,748,4
1,1142,42,375,84,750,4
1,1143,42,376,84,752,4
1,1144,42,377,84,754,4
1,1145,42,378,84,756,4
1,1146,42,379,84,758,4
1,1147,42,380,84,760,4
1,1148,42,381,84,762,4
1,1149,42,382,84,764,4
1,1150,42,383,84,766,4
1,1151,42,384,84,768,4
1,1152,42,385,84,770,4
1,1153,42,386,84,772,4
1,1154,42,387,84,774,4
1,1155,42,388,84,776,4
1,1156,42,389,84,778,3
1,1157,42,423,84,847,2
1,1158,42,424,84,848,4
1,1159,42,425,84,850,4
1,1160,42,426,84,852,4
1,1161,42,427,84,854,4
1,1162,42,428,84,856,4
1,1163,42,429,84,858,4
1,1164,42,430,84,860,4
1,1165,42,431,84,862,4
1,1166,42,432,84,864,1
1,1167,42,434,84,869,3
1,1168,42,435,84,870,4
1,1169,42,436,84,872,4
1,1170,42,437,84,874,4
1,1171,42,438,84,876,2
1,1172,43,358,86,716,4
1,1173,43,359,86,718,4
1,1174,43,360,86,720,4
1,1175,43,361,86,722,4
1,1176,43,362,86,724,4
1,1177,43,363,86,726,4
1,1178,43,364,86,728,4
1,1179,43,365,86,730,4
1,1180,43,366,86,732,4
1,1181,43,367,86,734,4
1,1182,43,368,86,736,4
1,1183,43,369,86,738,4
1,1184,43,370,86,740,4
1,1185,43,371,86,742,4
1,1186,43,372,86,744,4
1,1187,43,373,86,746,4
1,1188,43,374,86,748,4
1,1189,43,375,86,750,4
1,1190,43,376,86,752,4
1,1191,43,377,86,754,4
1,1192,43,378,86,756,4
1,1193,43,379,86,758,4
1,1194,43,380,86,760,4
1,1195,43,381,86,762,4
1,1196,43,382,86,764,4
1,1197,43,383,86,766,4
1,1198,43,384,86,768,4
1,1199,43,385,86,770,4
1,1200,43,386,86,772,4
1,1201,43,387,86,774,4
1,1202,43,388,86,776,4
1,1203,43,423,86,847,1
1,1204,43,424,86,848,4
1,1205,43,425,86,850,4
1,1206,43,426,86,852,4
1,1207,43,427,86,854,4
1,1208,43,428,86,856,4
1,1209,43,429,86,858,4
1,1210,43,430,86,860,4
1,1211,43,431,86,862,4
1,1212,43,432,87,864,1
1,1213,43,434,86,868,4
1,1214,43,435,86,870,4
1,1215,43,436,86,872,4
1,1216,43,437,86,874,4
1,1217,43,438,86,876,2
1,1218,44,357,88,715,2
1,1219,44,358,88,716,4
1,1220,44,359,88,718,4
1,1221,44,360,88,720,4
1,1222,44,361,88,722,4
1,1223,44,362,88,724,4
1,1224,44,363,88,726,4
1,1225,44,364,88,728,4
1,1226,44,365,88,730,4
1,1227,44,366,88,732,4
1,1228,44,367,88,734,4
1,1229,44,368,88,736,4
1,1230,44,369,88,738,4
1,1231,44,370,88,740,4
1,1232,44,371,88,742,4
1,1233,44,372,88,744,4
1,1234,44,373,88,746,4
1,1235,44,374,88,748,4
1,1236,44,375,88,750,4
1,1237,44,376,88,752,4
1,1238,44,377,88,754,4
1,1239,44,378,88,756,4
1,1240,44,379,88,758,4
1,1241,44,380,88,760,3
1,1242,44,381,88,762,4
1,1243,44,382,88,764,4
1,1244,44,383,88,766,4
1,1245,44,384,88,768,4
1,1246,44,385,88,770,4
1,1247,44,386,88,772,4
1,1248,44,387,88,774,4
1,1249,44,388,88,776,2
1,1250,44,424,88,848,4
1,1251,44,425,88,850,4
1,1252,44,426,88,852,4
1,1253,44,427,88,854,4
1,1254,44,428,88,856,4
1,1255,44,429,88,858,4
1,1256,44,430,88,860,4
1,1257,44,431,88,862,4
1,1258,44,432,88,864,4
1,1259,44,433,88,866,4
1,1260,44,434,88,868,4
1,1261,44,435,88,870,4
1,1262,44,436,88,872,4
1,1263,44,437,88,874,4
1,1264,45,357,90,715,2
1,1265,45,358,90,716,4
1,1266,45,359,90,718,4
1,1267,45,360,90,720,4
1,1268,45,361,90,723,3
1,1269,45,362,90,724,4
1,1270,45,363,90,726,4
1,1271,45,364,90,728,4
1,1272,45,365,90,730,4
1,1273,45,366,90,732,2
1,1274,45,367,90,734,2
1,1275,45,368,90,736,3
1,1276,45,369,90,738,4
1,1277,45,370,90,740,4
1,1278,45,371,90,742,4
1,1279,45,372,90,744,4
1,1280,45,373,90,746,4
1,1281,45,374,90,748,4
1,1282,45,375,90,750,4
1,1283,45,376,90,752,4
1,1284,45,377,90,754,4
1,1285,45,378,90,756,4
1,1286,45,379,90,758,4
1,1287,45,380,90,760,4
1,1288,45,381,90,762,4
1,1289,45,382,90,764,4
1,1290,45,383,90,766,4
1,1291,45,384,90,768,4
1,1292,45,385,90,770,4
1,1293,45,386,90,772,4
1,1294,45,387,90,774,4
1,1295,45,388,90,776,2
1,1296,45,424,90,848,3
1,1297,45,425,90,850,4
1,1298,45,426,90,852,4
1,1299,45,427,90,854,4
1,1300,45,428,90,856,4
1,1301,45,429,90,858,4
1,1302,45,430,90,860,4
1,1303,45,431,90,862,4
1,1304,45,432,90,864,4
1,1305,45,433,90,866,4
1,1306,45,434,90,868,4
1,1307,45,435,90,870,4
1,1308,45,436,90,872,4
1,1309,45,437,90,874,2
1,1310,46,357,92,715,2
1,1311,46,358,92,716,4
1,1312,46,359,92,718,4
1,1313,46,360,92,720,4
1,1314,46,361,92,722,4
1,1315,46,362,92,724,4
1,1316,46,363,92,726,4
1,1317,46,364,92,728,4
1,1318,46,365,92,730,1
1,1319,46,369,92,739,1
1,1320,46,370,92,740,4
1,1321,46,371,92,742,3
1,1322,46,372,92,744,3
1,1323,46,373,92,746,4
1,1324,46,374,92,748,4
1,1325,46,375,92,750,4
1,1326,46,376,92,752,4
1,1327,46,377,92,754,4
1,1328,46,378,92,756,4
1,1329,46,379,92,758,4
1,1330,46,380,92,760,4
1,1331,46,381,92,762,3
1,1332,46,382,92,764,2
1,1333,46,383,92,766,2
1,1334,46,384,92,768,3
1,1335,46,385,92,770,4
1,1336,46,386,92,772,2
1,1337,46,387,92,774,2
1,1338,46,388,92,776,3
1,1339,46,425,92,850,3
1,1340,46,426,92,852,4
1,1341,46,427,92,854,4
1,1342,46,428,92,856,4
1,1343,46,429,92,858,4
1,1344,46,430,92,860,4
1,1345,46,431,92,862,4
1,1346,46,432,92,864,4
1,1347,46,433,92,866,4
1,1348,46,434,92,868,4
1,1349,46,435,92,870,4
1,1350,46,436,92,872,3
1,1351,47,357,94,715,2
1,1352,47,358,94,716,4
1,1353,47,359,94,718,4
1,1354,47,360,94,720,4
1,1355,47,361,94,722,4
1,1356,47,362,94,724,4
1,1357,47,363,94,726,4
1,1358,47,364,94,728,2
1,1359,47,374,94,749,1
1,1360,47,375,94,750,4
1,1361,47,376,94,752,4
1,1362,47,377,94,754,4
1,1363,47,378,94,756,4
1,1364,47,379,94,758,4
1,1365,47,380,94,760,3
1,1366,47,426,94,852,3
1,1367,47,427,94,854,4
1,1368,47,428,94,856,4
1,1369,47,429,94,858,4
1,1370,47,430,94,860,4
1,1371,47,431,94,862,4
1,1372,47,432,94,864,4
1,1373,47,433,94,866,4
1,1374,47,434,94,868,4
1,1375,47,435,94,870,3
1,1376,47,436,94,872,1
1,1377,48,357,96,715,2
1,1378,48,358,96,716,4
1,1379,48,359,96,718,4
1,1380,48,360,96,720,4
1,1381,48,361,96,722,4
1,1382,48,362,96,724,4
1,1383,48,363,96,726,4
1,1384,48,364,96,728,2
1,1385,48,375,96,751,1
1,1386,48,376,96,752,4
1,1387,48,377,96,754,4
1,1388,48,378,96,756,4
1,1389,48,379,96,758,4
1,1390,48,427,96,854,3
1,1391,48,428,96,856,4
1,1392,48,429,96,858,4
1,1393,48,430,96,860,4
1,1394,48,431,96,862,4
1,1395,48,432,96,864,4
1,1396,48,433,96,866,4
1,1397,48,434,96,868,4
1,1398,48,435,96,870,1
1,1399,49,358,98,716,4
1,1400,49,359,98,718,4
1,1401,49,360,98,720,4
1,1402,49,361,98,722,4
1,1403,49,362,98,724,4
1,1404,49,363,98,726,4
1,1405,49,364,98,728,2
1,1406,49,376,98,753,2
1,1407,49,377,98,754,4
1,1408,49,378,98,756,4
1,1409,49,379,98,758,3
1,1410,49,426,99,853,1
1,1411,49,427,98,854,4
1,1412,49,428,98,856,4
1,1413,49,429,98,858,4
1,1414,49,430,98,860,4
1,1415,49,431,98,862,4
1,1416,49,432,98,864,4
1,1417,49,433,98,866,4
1,1418,49,434,98,868,3
1,1419,50,358,100,716,3
1,1420,50,359,100,718,4
1,1421,50,360,100,720,4
1,1422,50,361,100,722,4
1,1423,50,362,100,724,4
1,1424,50,363,100,726,4
1,1425,50,364,100,728,4
1,1426,50,365,101,730,2
1,1427,50,376,100,753,1
1,1428,50,377,100,754,4
1,1429,50,378,100,756,4
1,1430,50,379,100,758,2
1,1431,50,426,100,852,4
1,1432,50,427,100,854,4
1,1433,50,428,100,856,4
1,1434,50,429,100,858,4
1,1435,50,430,100,860,4
1,1436,50,431,100,862,4
1,1437,50,432,100,864,4
1,1438,50,433,100,866,4
1,1439,50,434,100,868,4
1,1440,50,435,101,870,1
1,1441,51,359,102,718,3
1,1442,51,360,102,720,4
1,1443,51,361,102,722,3
1,1444,51,362,102,724,4
1,1445,51,363,102,726,4
1,1446,51,364,102,728,4
1,1447,51,365,102,730,4
1,1448,51,377,102,754,4
1,1449,51,378,102,756,4
1,1450,51,425,102,851,3
1,1451,51,426,102,852,4
1,1452,51,427,102,854,4
1,1453,51,428,102,856,4
1,1454,51,429,102,858,4
1,1455,51,430,102,860,4
1,1456,51,431,102,862,4
1,1457,51,432,102,864,4
1,1458,51,433,102,866,4
1,1459,51,434,102,868,4
1,1460,51,435,102,870,4
1,1461,51,436,103,872,1
1,1462,52,359,104,719,2
1,1463,52,360,104,720,4
1,1464,52,361,104,722,4
1,1465,52,362,104,724,4
1,1466,52,363,104,726,4
1,1467,52,364,104,728,4
1,1468,52,365,104,730,4
1,1469,52,366,104,732,2
1,1470,52,377,104,754,3
1,1471,52,378,104,756,4
1,1472,52,424,105,849,1
1,1473,52,425,104,850,4
1,1474,52,426,104,852,4
1,1475,52,427,104,854,4
1,1476,52,428,104,856,4
1,1477,52,429,104,858,4
1,1478,52,430,104,860,4
1,1479,52,431,104,862,4
1,1480,52,432,104,864,4
1,1481,52,433,104,866,4
1,1482,52,434,104,868,4
1,1483,52,435,104,870,4
1,1484,52,436,104,872,4
1,1485,52,437,105,874,1
1,1486,53,359,106,719,2
1,1487,53,360,106,720,4
1,1488,53,361,106,722,4
1,1489,53,362,106,724,4
1,1490,53,363,106,726,4
1,1491,53,364,106,728,4
1,1492,53,365,106,730,4
1,1493,53,366,106,732,2
1,1494,53,377,106,754,4
1,1495,53,378,106,756,4
1,1496,53,424,106,848,4
1,1497,53,425,106,850,4
1,1498,53,426,106,852,4
1,1499,53,427,106,854,4
1,1500,53,428,106,856,4
1,1501,53,429,106,858,4
1,1502,53,430,106,860,4
1,1503,53,431,106,862,4
1,1504,53,432,106,864,4
1,1505,53,433,106,866,4
1,1506,53,434,106,868,4
1,1507,53,435,106,870,4
1,1508,53,436,106,872,4
1,1509,53,437,106,874,4
1,1510,53,438,107,876,1
1,1511,54,353,109,707,1
1,1512,54,358,109,717,1
1,1513,54,359,108,718,4
1,1514,54,360,108,720,4
1,1515,54,361,108,722,4
1,1516,54,362,108,724,4
1,1517,54,363,108,726,4
1,1518,54,364,108,728,4
1,1519,54,365,108,730,4
1,1520,54,366,108,732,2
1,1521,54,376,109,753,1
1,1522,54,377,108,754,4
1,1523,54,378,108,756,4
1,1524,54,423,109,847,1
1,1525,54,424,108,848,4
1,1526,54,425,108,850,4
1,1527,54,426,108,852,4
1,1528,54,427,108,854,4
1,1529,54,428,108,856,4
1,1530,54,429,108,858,4
1,1531,54,430,108,860,4
1,1532,54,431,108,862,4
1,1533,54,432,108,864,4
1,1534,54,433,108,866,4
1,1535,54,434,108,868,4
1,1536,54,435,108,870,4
1,1537,54,436,108,872,4
1,1538,54,437,108,874,4
1,1539,54,438,108,876,4
1,1540,54,439,108,878,2
1,1541,55,341,111,682,2
1,1542,55,342,111,684,2
1,1543,55,343,111,686,2
1,1544,55,344,111,688,2
1,1545,55,345,111,690,2
1,1546,55,346,111,692,2
1,1547,55,349,111,699,1
1,1548,55,350,111,700,2
1,1549,55,351,110,703,3
1,1550,55,352,110,704,4
1,1551,55,353,110,706,4
1,1552,55,354,110,708,4
1,1553,55,355,111,710,2
1,1554,55,356,111,712,2
1,1555,55,357,111,714,2
1,1556,55,358,110,717,3
1,1557,55,359,110,718,4
1,1558,55,360,110,720,4
1,1559,55,361,110,722,4
1,1560,55,362,110,724,4
1,1561,55,363,110,726,4
1,1562,55,364,110,728,4
1,1563,55,365,110,730,4
1,1564,55,366,110,732,2
1,1565,55,374,110,748,4
1,1566,55,375,111,750,2
1,1567,55,376,110,752,4
1,1568,55,377,110,754,4
1,1569,55,378,110,756,4
1,1570,55,379,110,758,4
1,1571,55,380,110,760,4
1,1572,55,381,110,762,4
1,1573,55,382,110,764,4
1,1574,55,383,110,766,4
1,1575,55,384,110,768,4
1,1576,55,385,110,770,4
1,1577,55,386,110,772,4
1,1578,55,387,110,774,4
1,1579,55,388,110,776,3
1,1580,55,389,110,779,3
1,1581,55,390,110,780,4
1,1582,55,391,110,782,4
1,1583,55,392,110,784,4
1,1584,55,393,110,786,4
1,1585,55,394,110,788,4
1,1586,55,395,110,790,4
1,1587,55,396,110,792,4
1,1588,55,397,110,794,4
1,1589,55,398,110,796,2
1,1590,55,399,110,799,2
1,1591,55,400,110,800,3
1,1592,55,423,110,847,1
1,1593,55,424,110,848,2
1,1594,55,425,110,850,3
1,1595,55,426,110,852,4
1,1596,55,427,110,854,4
1,1597,55,428,110,856,4
1,1598,55,429,110,858,4
1,1599,55,430,110,860,4
1,1600,55,431,110,862,4
1,1601,55,432,110,864,3
1,1602,55,433,110,866,2
1,1603,55,434,110,868,1
1,1604,55,435,110,870,2
1,1605,55,436,110,872,1
1,1606,55,437,110,874,3
1,1607,55,438,110,876,3
1,1608,55,439,110,878,4
1,1609,56,340,113,681,1
1,1610,56,341,112,682,4
1,1611,56,342,112,684,4
1,1612,56,343,112,686,4
1,1613,56,344,112,688,4
1,1614,56,345,112,690,4
1,1615,56,346,112,692,4
1,1616,56,347,112,694,4
1,1617,56,348,112,696,4
1,1618,56,349,112,698,4
1,1619,56,350,112,700,4
1,1620,56,351,112,702,4
1,1621,56,352,112,704,4
1,1622,56,353,112,706,4
1,1623,56,354,112,708,4
1,1624,56,355,112,710,4
1,1625,56,356,112,712,4
1,1626,56,357,112,714,4
1,1627,56,358,112,716,4
1,1628,56,359,112,718,4
1,1629,56,360,112,720,4
1,1630,56,361,112,722,4
1,1631,56,362,112,724,4
1,1632,56,363,112,726,4
1,1633,56,364,112,728,4
1,1634,56,365,112,730,3
1,1635,56,366,112,732,2
1,1636,56,374,112,749,3
1,1637,56,375,112,751,2
1,1638,56,376,112,752,4
1,1639,56,377,112,754,4
1,1640,56,378,112,756,4
1,1641,56,379,112,758,4
1,1642,56,380,112,760,4
1,1643,56,381,112,762,4
1,1644,56,382,112,764,4
1,1645,56,383,112,766,4
1,1646,56,384,112,768,4
1,1647,56,385,112,770,4
1,1648,56,386,112,772,4
1,1649,56,387,112,774,4
1,1650,56,388,112,776,4
1,1651,56,389,112,778,4
1,1652,56,390,112,780,4
1,1653,56,391,112,782,4
1,1654,56,392,112,784,4
1,1655,56,393,112,786,4
1,1656,56,394,112,788,4
1,1657,56,395,112,790,4
1,1658,56,396,112,792,4
1,1659,56,397,112,794,4
1,1660,56,398,112,796,4
1,1661,56,399,112,798,4
1,1662,56,400,112,800,4
1,1663,56,426,112,852,3
1,1664,56,427,112,854,4
1,1665,56,428,112,856,4
1,1666,56,429,112,858,4
1,1667,56,430,112,860,4
1,1668,56,431,112,862,4
1,1669,56,438,112,876,1
1,1670,56,439,112,878,4
1,1671,56,440,113,880,1
1,1672,57,339,115,679,1
1,1673,57,340,114,681,3
1,1674,57,341,114,682,4
1,1675,57,342,114,684,4
1,1676,57,343,114,686,4
1,1677,57,344,114,688,4
1,1678,57,345,114,690,4
1,1679,57,346,114,692,4
1,1680,57,347,114,694,4
1,1681,57,348,114,696,4
1,1682,57,349,114,698,4
1,1683,57,350,114,700,4
1,1684,57,351,114,702,4
1,1685,57,352,114,704,4
1,1686,57,353,114,706,4
1,1687,57,354,114,708,4
1,1688,57,355,114,710,4
1,1689,57,356,114,712,4
1,1690,57,357,114,714,4
1,1691,57,358,114,716,4
1,1692,57,359,114,718,4
1,1693,57,360,114,720,4
1,1694,57,361,114,722,4
1,1695,57,362,114,724,4
1,1696,57,363,114,726,4
1,1697,57,364,114,728,4
1,1698,57,365,114,730,4
1,1699,57,366,114,732,1
1,1700,57,373,114,747,1
1,1701,57,374,114,748,4
1,1702,57,375,114,750,4
1,1703,57,376,114,752,4
1,1704,57,377,114,754,4
1,1705,57,378,114,756,4
1,1706,57,379,114,758,4
1,1707,57,380,114,760,4
1,1708,57,381,114,762,4
1,1709,57,382,114,764,4
1,1710,57,383,114,766,4
1,1711,57,384,114,768,4
1,1712,57,385,114,770,4
1,1713,57,386,114,772,4
1,1714,57,387,114,774,4
1,1715,57,388,114,776,4
1,1716,57,389,114,778,4
1,1717,57,390,114,780,4
1,1718,57,391,114,782,4
1,1719,57,392,114,784,4
1,1720,57,393,114,786,4
1,1721,57,394,114,788,4
1,1722,57,395,114,790,4
1,1723,57,396,114,792,4
1,1724,57,397,114,794,4
1,1725,57,398,114,796,4
1,1726,57,399,114,798,4
1,1727,57,400,114,800,4
1,1728,57,426,114,853,2
1,1729,57,427,114,854,4
1,1730,57,428,114,856,4
1,1731,57,429,114,858,4
1,1732,57,430,114,860,4
1,1733,57,431,114,862,4
1,1734,57,439,114,878,3
1,1735,57,440,114,880,4
1,1736,58,339,116,679,2
1,1737,58,340,116,680,4
1,1738,58,341,116,682,4
1,1739,58,342,116,684,4
1,1740,58,343,116,686,4
1,1741,58,344,116,688,4
1,1742,58,345,116,690,4
1,1743,58,346,116,692,4
1,1744,58,347,116,694,4
1,1745,58,348,116,696,4
1,1746,58,349,116,698,4
1,1747,58,350,116,700,4
1,1748,58,351,116,702,4
1,1749,58,352,116,704,4
1,1750,58,353,116,706,4
1,1751,58,354,116,708,4
1,1752,58,355,116,710,4
1,1753,58,356,116,712,4
1,1754,58,357,116,714,4
1,1755,58,358,116,716,4
1,1756,58,359,116,718,4
1,1757,58,360,116,720,4
1,1758,58,361,116,722,4
1,1759,58,362,116,724,4
1,1760,58,363,116,726,4
1,1761,58,364,116,728,4
1,1762,58,365,116,730,2
1,1763,58,374,116,748,4
1,1764,58,375,116,750,4
1,1765,58,376,116,752,4
1,1766,58,377,116,754,4
1,1767,58,378,116,756,4
1,1768,58,379,116,758,4
1,1769,58,380,116,760,4
1,1770,58,381,116,762,4
1,1771,58,382,116,764,4
1,1772,58,383,116,766,4
1,1773,58,384,116,768,4
1,1774,58,385,116,770,4
1,1775,58,386,116,772,4
1,1776,58,387,116,774,4
1,1777,58,388,116,776,4
1,1778,58,389,116,778,4
1,1779,58,390,116,780,4
1,1780,58,391,116,782,4
1,1781,58,392,116,784,4
1,1782,58,393,116,786,4
1,1783,58,394,116,788,4
1,1784,58,395,116,790,4
1,1785,58,396,116,792,4
1,1786,58,397,116,794,4
1,1787,58,398,116,796,4
1,1788,58,399,116,798,4
1,1789,58,400,116,800,2
1,1790,58,426,116,852,4
1,1791,58,427,116,854,4
1,1792,58,428,116,856,4
1,1793,58,429,116,858,4
1,1794,58,430,116,860,4
1,1795,58,431,116,862,4
1,1796,58,438,116,876,4
1,1797,58,439,116,879,1
1,1798,58,439,117,878,1
1,1799,58,440,116,880,4
1,1800,58,441,116,882,2
1,1801,59,336,119,673,1
1,1802,59,337,119,674,2
1,1803,59,338,118,677,3
1,1804,59,339,118,678,4
1,1805,59,340,118,680,4
1,1806,59,341,118,682,4
1,1807,59,342,118,684,4
1,1808,59,343,118,686,4
1,1809,59,344,118,688,4
1,1810,59,345,118,690,4
1,1811,59,346,118,692,4
1,1812,59,347,118,694,4
1,1813,59,348,118,696,4
1,1814,59,349,118,698,4
1,1815,59,350,118,700,4
1,1816,59,351,118,702,4
1,1817,59,352,118,704,4
1,1818,59,353,118,706,4
1,1819,59,354,118,708,4
1,1820,59,355,118,710,4
1,1821,59,356,118,712,4
1,1822,59,357,118,714,4
1,1823,59,358,118,716,4
1,1824,59,359,118,718,4
1,1825,59,360,118,720,4
1,1826,59,361,118,722,4
1,1827,59,362,118,724,4
1,1828,59,363,118,726,4
1,1829,59,364,118,728,3
1,1830,59,370,119,741,1
1,1831,59,371,119,742,1
1,1832,59,374,118,749,1
1,1833,59,375,118,750,4
1,1834,59,376,118,752,4
1,1835,59,377,118,754,4
1,1836,59,378,118,756,4
1,1837,59,379,118,758,4
1,1838,59,380,118,760,4
1,1839,59,381,118,762,4
1,1840,59,382,118,764,4
1,1841,59,383,118,766,4
1,1842,59,384,118,768,4
1,1843,59,385,118,770,4
1,1844,59,386,118,772,4
1,1845,59,387,118,774,4
1,1846,59,388,118,776,4
1,1847,59,389,118,778,4
1,1848,59,390,118,780,4
1,1849,59,391,118,782,4
1,1850,59,392,118,784,4
1,1851,59,393,118,786,4
1,1852,59,394,118,788,4
1,1853,59,395,118,790,4
1,1854,59,396,118,792,4
1,1855,59,397,118,794,4
1,1856,59,398,118,796,4
1,1857,59,399,118,798,4
1,1858,59,400,118,800,3
1,1859,59,401,119,802,1
1,1860,59,426,118,852,4
1,1861,59,427,118,854,4
1,1862,59,428,118,856,4
1,1863,59,429,118,858,4
1,1864,59,430,118,860,4
1,1865,59,431,118,862,3
1,1866,59,438,118,876,4
1,1867,59,439,118,878,3
1,1868,59,440,118,881,1
1,1869,59,441,118,882,4
1,1870,59,442,118,884,3
1,1871,60,336,120,673,3
1,1872,60,337,120,674,4
1,1873,60,338,120,676,4
1,1874,60,339,120,678,4
1,1875,60,340,120,680,4
1,1876,60,341,120,682,4
1,1877,60,342,120,684,4
1,1878,60,343,120,686,4
1,1879,60,344,120,688,4
1,1880,60,345,120,690,4
1,1881,60,346,120,692,4
1,1882,60,347,120,694,4
1,1883,60,348,120,696,4
1,1884,60,349,120,698,4
1,1885,60,350,120,700,4
1,1886,60,351,120,702,4
1,1887,60,352,120,704,4
1,1888,60,353,120,706,4
1,1889,60,354,120,708,4
1,1890,60,355,120,710,4
1,1891,60,356,120,712,4
1,1892,60,357,120,714,4
1,1893,60,358,120,716,4
1,1894,60,359,120,718,4
1,1895,60,360,120,720,2
1,1896,60,361,120,722,3
1,1897,60,362,120,724,4
1,1898,60,363,120,726,4
1,1899,60,364,120,728,1
1,1900,60,371,120,742,3
1,1901,60,372,121,744,1
1,1902,60,375,120,750,4
1,1903,60,376,120,752,4
1,1904,60,377,120,754,4
1,1905,60,378,120,756,4
1,1906,60,379,120,758,4
1,1907,60,380,120,760,4
1,1908,60,381,120,762,4
1,1909,60,382,120,764,4
1,1910,60,383,120,766,4
1,1911,60,384,120,768,4
1,1912,60,385,120,770,4
1,1913,60,386,120,772,4
1,1914,60,387,120,774,4
1,1915,60,388,120,776,4
1,1916,60,389,120,778,4
1,1917,60,390,120,780,4
1,1918,60,391,120,782,4
1,1919,60,392,120,784,4
1,1920,60,393,120,786,4
1,1921,60,394,120,788,4
1,1922,60,395,120,790,4
1,1923,60,396,120,792,4
1,1924,60,397,120,794,4
1,1925,60,398,120,796,4
1,1926,60,399,120,798,4
1,1927,60,400,120,800,4
1,1928,60,401,120,802,3
1,1929,60,419,121,839,1
1,1930,60,426,120,852,4
1,1931,60,427,120,854,4
1,1932,60,428,120,856,4
1,1933,60,429,120,858,4
1,1934,60,430,120,860,4
1,1935,60,431,120,862,3
1,1936,60,438,120,876,4
1,1937,60,439,120,878,4
1,1938,60,440,120,880,3
1,1939,60,441,120,883,1
1,1940,60,442,120,884,4
1,1941,60,443,120,886,1
1,1942,61,336,122,672,4
1,1943,61,337,122,674,4
1,1944,61,338,122,676,4
1,1945,61,339,122,678,4
1,1946,61,340,122,680,4
1,1947,61,341,122,682,3
1,1948,61,345,122,690,2
1,1949,61,346,122,692,3
1,1950,61,347,122,694,4
1,1951,61,348,122,696,4
1,1952,61,349,122,698,4
1,1953,61,350,122,700,4
1,1954,61,351,122,702,4
1,1955,61,352,122,704,4
1,1956,61,353,122,706,4
1,1957,61,354,122,708,4
1,1958,61,355,122,710,4
1,1959,61,356,122,712,2
1,1960,61,357,122,714,2
1,1961,61,362,122,724,4
1,1962,61,363,122,726,1
1,1963,61,372,122,744,3
1,1964,61,373,123,746,2
1,1965,61,374,123,748,2
1,1966,61,375,122,750,3
1,1967,61,376,122,752,4
1,1968,61,377,122,754,4
1,1969,61,378,122,756,4
1,1970,61,379,122,758,4
1,1971,61,380,122,760,4
1,1972,61,381,122,762,3
1,1973,61,382,122,764,3
1,1974,61,383,122,766,4
1,1975,61,384,122,768,4
1,1976,61,385,122,770,4
1,1977,61,386,122,772,4
1,1978,61,387,122,774,4
1,1979,61,388,122,776,4
1,1980,61,389,122,778,4
1,1981,61,390,122,780,4
1,1982,61,391,122,782,4
1,1983,61,392,122,784,4
1,1984,61,393,122,786,4
1,1985,61,394,122,788,4
1,1986,61,395,122,790,4
1,1987,61,396,122,792,4
1,1988,61,397,122,794,4
1,1989,61,398,122,796,4
1,1990,61,399,122,798,4
1,1991,61,400,122,800,4
1,1992,61,401,122,802,4
1,1993,61,402,123,804,1
1,1994,61,415,122,830,4
1,1995,61,416,122,832,4
1,1996,61,417,122,834,4
1,1997,61,418,122,836,4
1,1998,61,419,122,838,4
1,1999,61,420,123,840,2
1,2000,61,422,123,845,1
1,2001,61,423,123,846,1
1,2002,61,425,123,851,1
1,2003,61,426,122,852,4
1,2004,61,427,122,854,4
1,2005,61,428,122,856,4
1,2006,61,429,122,858,4
1,2007,61,430,122,860,4
1,2008,61,431,122,862,4
1,2009,61,432,123,864,2
1,2010,61,434,123,869,1
1,2011,61,435,123,870,1
1,2012,61,437,123,875,1
1,2013,61,438,122,876,4
1,2014,61,439,122,878,4
1,2015,61,440,122,880,4
1,2016,61,441,122,882,3
1,2017,61,442,122,885,1
1,2018,62,335,125,671,1
1,2019,62,336,124,672,4
1,2020,62,337,124,674,4
1,2021,62,338,124,676,4
1,2022,62,339,124,678,4
1,2023,62,340,124,680,4
1,2024,62,347,124,695,1
1,2025,62,348,124,696,2
1,2026,62,349,124,698,2
1,2027,62,350,124,700,2
1,2028,62,351,124,702,2
1,2029,62,352,124,704,2
1,2030,62,353,124,706,2
1,2031,62,354,124,708,3
1,2032,62,355,124,710,2
1,2033,62,362,124,724,1
1,2034,62,374,124,748,2
1,2035,62,376,124,752,2
1,2036,62,377,124,754,2
1,2037,62,378,124,756,2
1,2038,62,379,124,758,2
1,2039,62,380,124,760,2
1,2040,62,381,124,762,1
1,2041,62,382,124,765,1
1,2042,62,383,124,766,2
1,2043,62,384,124,768,2
1,2044,62,385,124,770,2
1,2045,62,386,124,772,2
1,2046,62,387,124,774,2
1,2047,62,388,124,776,2
1,2048,62,389,124,778,2
1,2049,62,390,124,780,2
1,2050,62,391,124,782,2
1,2051,62,392,124,784,2
1,2052,62,393,124,786,2
1,2053,62,394,124,788,2
1,2054,62,395,124,790,3
1,2055,62,396,124,792,4
1,2056,62,397,124,794,4
1,2057,62,398,124,796,4
1,2058,62,399,124,798,4
1,2059,62,400,124,800,4
1,2060,62,401,124,802,4
1,2061,62,402,124,804,2
1,2062,62,414,125,829,1
1,2063,62,415,124,830,4
1,2064,62,416,124,832,4
1,2065,62,417,124,834,4
1,2066,62,418,124,836,4
1,2067,62,419,124,838,4
1,2068,62,420,124,840,3
1,2069,62,421,124,842,1
1,2070,62,423,124,846,3
1,2071,62,424,124,848,4
1,2072,62,425,124,850,4
1,2073,62,426,124,852,4
1,2074,62,427,124,854,4
1,2075,62,428,124,856,4
1,2076,62,429,124,858,4
1,2077,62,430,124,860,4
1,2078,62,431,124,862,4
1,2079,62,432,124,864,4
1,2080,62,433,124,866,4
1,2081,62,434,124,868,4
1,2082,62,435,124,870,3
1,2083,62,436,124,872,2
1,2084,62,437,124,874,3
1,2085,62,438,124,876,4
1,2086,62,439,124,878,4
1,2087,62,440,124,880,4
1,2088,62,441,124,882,4
1,2089,62,442,124,884,4
1,2090,62,443,125,886,1
1,2091,63,335,126,671,2
1,2092,63,336,126,672,4
1,2093,63,337,126,674,4
1,2094,63,338,126,676,4
1,2095,63,339,126,678,4
1,2096,63,340,126,680,4
1,2097,63,395,126,791,2
1,2098,63,396,126,792,4
1,2099,63,397,126,794,4
1,2100,63,398,126,796,4
1,2101,63,399,126,798,4
1,2102,63,400,126,800,4
1,2103,63,401,126,802,4
1,2104,63,402,126,804,2
1,2105,63,413,127,826,2
1,2106,63,414,126,829,3
1,2107,63,415,126,830,4
1,2108,63,416,126,832,4
1,2109,63,417,126,834,4
1,2110,63,418,126,836,4
1,2111,63,419,126,838,4
1,2112,63,420,126,840,2
1,2113,63,423,126,847,2
1,2114,63,424,126,848,4
1,2115,63,425,126,850,4
1,2116,63,426,126,852,4
1,2117,63,427,126,854,4
1,2118,63,428,126,856,4
1,2119,63,429,126,858,4
1,2120,63,430,126,860,4
1,2121,63,431,126,862,4
1,2122,63,432,126,864,4
1,2123,63,433,126,866,4
1,2124,63,434,126,868,4
1,2125,63,438,126,876,4
1,2126,63,439,126,878,4
1,2127,63,440,126,880,4
1,2128,63,441,126,882,4
1,2129,63,442,126,884,4
1,2130,63,443,126,886,4
1,2131,63,444,127,888,2
1,2132,64,335,128,670,4
1,2133,64,336,128,672,4
1,2134,64,337,128,674,4
1,2135,64,338,128,676,4
1,2136,64,339,128,678,4
1,2137,64,340,128,680,3
1,2138,64,395,128,791,2
1,2139,64,396,128,792,4
1,2140,64,397,128,794,4
1,2141,64,398,128,796,4
1,2142,64,399,128,798,4
1,2143,64,400,128,800,4
1,2144,64,402,128,804,2
1,2145,64,413,128,826,4
1,2146,64,414,128,828,4
1,2147,64,415,128,830,4
1,2148,64,416,128,832,4
1,2149,64,417,128,834,4
1,2150,64,418,128,836,4
1,2151,64,419,128,838,4
1,2152,64,420,128,840,2
1,2153,64,423,128,847,2
1,2154,64,424,128,848,4
1,2155,64,425,128,850,4
1,2156,64,426,128,852,4
1,2157,64,427,128,854,4
1,2158,64,428,128,856,4
1,2159,64,429,128,858,4
1,2160,64,430,128,860,4
1,2161,64,431,128,862,4
1,2162,64,432,128,864,4
1,2163,64,433,128,866,4
1,2164,64,434,128,868,4
1,2165,64,438,128,876,4
1,2166,64,439,128,878,4
1,2167,64,440,128,880,4
1,2168,64,441,128,882,4
1,2169,64,442,128,884,4
1,2170,64,443,128,886,4
1,2171,64,444,128,888,4
1,2172,65,334,130,669,2
1,2173,65,335,130,670,4
1,2174,65,336,130,672,4
1,2175,65,337,130,674,4
1,2176,65,338,130,676,4
1,2177,65,339,130,678,4
1,2178,65,340,130,680,4
1,2179,65,396,130,793,1
1,2180,65,397,130,794,4
1,2181,65,398,130,796,4
1,2182,65,399,130,798,4
1,2183,65,400,130,800,2
1,2184,65,402,130,804,2
1,2185,65,413,130,826,4
1,2186,65,414,130,828,4
1,2187,65,415,130,830,4
1,2188,65,416,130,832,4
1,2189,65,417,130,834,4
1,2190,65,418,130,836,4
1,2191,65,419,130,838,4
1,2192,65,420,130,840,4
1,2193,65,421,130,842,3
1,2194,65,422,131,844,2
1,2195,65,423,130,846,4
1,2196,65,424,130,848,4
1,2197,65,425,130,850,4
1,2198,65,426,130,852,4
1,2199,65,427,130,854,4
1,2200,65,428,130,856,4
1,2201,65,429,130,858,4
1,2202,65,430,130,860,4
1,2203,65,431,130,862,4
1,2204,65,432,130,864,4
1,2205,65,433,130,866,4
1,2206,65,434,130,868,4
1,2207,65,435,131,870,2
1,2208,65,437,130,875,3
1,2209,65,438,130,876,4
1,2210,65,439,130,878,4
1,2211,65,440,130,880,4
1,2212,65,441,130,882,4
1,2213,65,442,130,884,4
1,2214,65,443,130,886,4
1,2215,65,444,130,888,3
1,2216,66,334,132,669,3
1,2217,66,335,132,670,4
1,2218,66,336,132,672,4
1,2219,66,337,132,674,4
1,2220,66,338,132,676,4
1,2221,66,339,132,678,4
1,2222,66,340,132,680,4
1,2223,66,397,132,795,2
1,2224,66,398,132,796,4
1,2225,66,399,132,798,4
1,2226,66,400,132,800,2
1,2227,66,414,132,829,1
1,2228,66,415,132,830,4
1,2229,66,416,132,832,4
1,2230,66,417,132,834,4
1,2231,66,418,132,836,4
1,2232,66,419,132,838,4
1,2233,66,420,132,840,4
1,2234,66,421,132,842,4
1,2235,66,422,132,844,4
1,2236,66,423,132,846,4
1,2237,66,424,132,848,4
1,2238,66,425,132,850,4
1,2239,66,426,132,852,4
1,2240,66,427,132,854,4
1,2241,66,428,132,856,4
1,2242,66,429,132,858,4
1,2243,66,430,132,860,4
1,2244,66,431,132,862,4
1,2245,66,432,132,864,4
1,2246,66,433,132,866,4
1,2247,66,434,132,868,4
1,2248,66,435,132,870,4
1,2249,66,436,132,872,4
1,2250,66,437,132,874,4
1,2251,66,438,132,876,4
1,2252,66,439,132,878,4
1,2253,66,440,132,880,4
1,2254,66,441,132,882,4
1,2255,66,442,132,884,4
1,2256,66,443,132,886,1
1,2257,67,334,134,668,4
1,2258,67,335,134,670,4
1,2259,67,336,134,672,4
1,2260,67,337,134,674,4
1,2261,67,338,134,676,4
1,2262,67,339,134,678,4
1,2263,67,340,134,680,4
1,2264,67,341,134,682,2
1,2265,67,398,134,796,4
1,2266,67,399,134,798,4
1,2267,67,415,134,830,4
1,2268,67,416,134,832,4
1,2269,67,417,134,834,4
1,2270,67,418,134,836,4
1,2271,67,419,134,838,4
1,2272,67,420,134,840,4
1,2273,67,421,134,842,4
1,2274,67,422,134,844,4
1,2275,67,423,134,846,4
1,2276,67,424,134,848,4
1,2277,67,425,134,850,4
1,2278,67,426,134,852,4
1,2279,67,427,134,854,4
1,2280,67,428,134,856,4
1,2281,67,429,134,858,4
1,2282,67,430,134,860,4
1,2283,67,431,134,862,4
1,2284,67,432,134,864,4
1,2285,67,433,134,866,4
1,2286,67,434,134,868,4
1,2287,67,435,134,870,4
1,2288,67,436,134,872,4
1,2289,67,437,134,874,4
1,2290,67,438,134,876,4
1,2291,67,439,134,878,4
1,2292,67,440,134,880,4
1,2293,67,441,134,882,4
1,2294,67,442,134,884,4
1,2295,67,451,135,902,2
1,2296,67,452,135,904,2
1,2297,67,453,135,906,2
1,2298,67,454,135,908,2
1,2299,67,455,134,910,2
1,2300,68,334,136,668,4
1,2301,68,335,136,670,4
1,2302,68,336,136,672,4
1,2303,68,337,136,674,4
1,2304,68,338,136,676,4
1,2305,68,339,136,678,4
1,2306,68,340,136,680,4
1,2307,68,341,136,682,3
1,2308,68,397,137,795,1
1,2309,68,398,136,796,4
1,2310,68,399,136,798,4
1,2311,68,400,136,800,2
1,2312,68,414,137,829,1
1,2313,68,415,136,830,4
1,2314,68,416,136,832,4
1,2315,68,417,136,834,4
1,2316,68,418,136,836,4
1,2317,68,419,136,838,4
1,2318,68,420,136,840,4
1,2319,68,421,136,842,4
1,2320,68,422,136,844,4
1,2321,68,423,136,846,4
1,2322,68,424,136,848,4
1,2323,68,425,136,850,4
1,2324,68,426,136,852,4
1,2325,68,427,136,854,4
1,2326,68,428,136,856,4
1,2327,68,429,136,858,4
1,2328,68,430,136,860,4
1,2329,68,431,136,862,4
1,2330,68,432,136,864,4
1,2331,68,433,136,866,4
1,2332,68,434,136,868,4
1,2333,68,435,136,870,4
1,2334,68,436,136,872,4
1,2335,68,437,136,874,4
1,2336,68,438,136,876,4
1,2337,68,439,136,878,4
1,2338,68,440,136,880,4
1,2339,68,441,136,882,4
1,2340,68,442,136,884,4
1,2341,68,443,137,886,1
1,2342,68,451,136,902,4
1,2343,68,452,136,904,4
1,2344,68,453,136,906,4
1,2345,68,454,136,908,4
1,2346,68,455,136,910,2
1,2347,69,334,138,668,4
1,2348,69,335,138,670,4
1,2349,69,336,138,672,4
1,2350,69,337,138,674,4
1,2351,69,338,138,676,4
1,2352,69,339,138,678,4
1,2353,69,340,138,680,4
1,2354,69,341,138,682,4
1,2355,69,342,139,684,1
1,2356,69,395,139,791,1
1,2357,69,396,139,792,2
1,2358,69,397,138,795,3
1,2359,69,398,138,796,4
1,2360,69,399,138,798,4
1,2361,69,400,138,800,4
1,2362,69,413,139,826,2
1,2363,69,414,138,829,3
1,2364,69,415,138,830,4
1,2365,69,416,138,832,4
1,2366,69,417,138,834,4
1,2367,69,418,138,836,4
1,2368,69,419,138,838,4
1,2369,69,420,138,840,4
1,2370,69,421,138,842,4
1,2371,69,422,138,844,4
1,2372,69,423,138,846,4
1,2373,69,424,138,848,4
1,2374,69,425,138,850,4
1,2375,69,426,138,852,4
1,2376,69,427,138,854,4
1,2377,69,428,138,856,4
1,2378,69,429,138,858,4
1,2379,69,430,138,860,4
1,2380,69,431,138,862,4
1,2381,69,432,138,864,4
1,2382,69,433,138,866,4
1,2383,69,434,138,868,4
1,2384,69,435,138,870,4
1,2385,69,436,138,872,4
1,2386,69,437,138,874,4
1,2387,69,438,138,876,4
1,2388,69,439,138,878,4
1,2389,69,440,138,880,4
1,2390,69,441,138,882,4
1,2391,69,442,138,884,4
1,2392,69,443,138,886,4
1,2393,69,444,139,888,2
1,2394,69,451,138,902,4
1,2395,69,452,138,904,4
1,2396,69,453,138,906,4
1,2397,69,454,138,908,4
1,2398,69,455,138,910,2
1,2399,70,334,140,668,3
1,2400,70,335,140,670,4
1,2401,70,336,140,672,4
1,2402,70,337,140,674,4
1,2403,70,338,140,676,4
1,2404,70,339,140,678,4
1,2405,70,340,140,680,4
1,2406,70,341,140,682,4
1,2407,70,342,140,684,2
1,2408,70,395,140,791,2
1,2409,70,396,140,792,4
1,2410,70,397,140,794,4
1,2411,70,398,140,796,4
1,2412,70,399,140,798,4
1,2413,70,400,140,800,4
1,2414,70,401,141,802,2
1,2415,70,402,141,804,1
1,2416,70,413,140,826,4
1,2417,70,414,140,828,4
1,2418,70,415,140,830,4
1,2419,70,416,140,832,4
1,2420,70,417,140,834,4
1,2421,70,418,140,836,4
1,2422,70,419,140,838,4
1,2423,70,420,140,840,4
1,2424,70,421,140,842,4
1,2425,70,422,140,844,4
1,2426,70,423,140,846,4
1,2427,70,424,140,848,4
1,2428,70,425,140,850,4
1,2429,70,426,140,852,4
1,2430,70,427,140,854,4
1,2431,70,428,140,856,4
1,2432,70,429,140,858,4
1,2433,70,430,140,860,4
1,2434,70,431,140,862,4
1,2435,70,432,140,864,4
1,2436,70,433,140,866,4
1,2437,70,434,140,868,4
1,2438,70,435,140,870,4
1,2439,70,436,140,872,4
1,2440,70,437,140,874,4
1,2441,70,438,140,876,4
1,2442,70,439,140,878,4
1,2443,70,440,140,880,4
1,2444,70,441,140,882,4
1,2445,70,442,140,884,4
1,2446,70,443,140,886,4
1,2447,70,444,140,888,4
1,2448,70,451,140,902,4
1,2449,70,452,140,904,4
1,2450,70,453,140,906,4
1,2451,70,454,140,908,4
1,2452,70,455,140,910,2
1,2453,71,335,142,670,3
1,2454,71,336,142,672,4
1,2455,71,337,142,674,4
1,2456,71,338,142,676,4
1,2457,71,339,142,678,4
1,2458,71,340,142,680,4
1,2459,71,341,142,682,4
1,2460,71,342,142,684,2
1,2461,71,395,142,791,2
1,2462,71,396,142,792,4
1,2463,71,397,142,794,4
1,2464,71,398,142,796,4
1,2465,71,399,142,798,4
1,2466,71,400,142,800,4
1,2467,71,401,142,802,4
1,2468,71,402,142,804,2
1,2469,71,412,142,825,1
1,2470,71,413,142,826,2
1,2471,71,414,142,828,2
1,2472,71,415,142,830,4
1,2473,71,416,142,832,4
1,2474,71,417,142,834,4
1,2475,71,418,142,836,4
1,2476,71,419,142,838,4
1,2477,71,420,142,840,4
1,2478,71,421,142,842,4
1,2479,71,422,142,844,4
1,2480,71,423,142,846,4
1,2481,71,424,142,848,4
1,2482,71,425,142,850,4
1,2483,71,426,142,852,4
1,2484,71,427,142,854,4
1,2485,71,428,142,856,4
1,2486,71,429,142,858,4
1,2487,71,430,142,860,4
1,2488,71,431,142,862,4
1,2489,71,432,142,864,4
1,2490,71,433,142,866,4
1,2491,71,434,142,868,4
1,2492,71,435,142,870,4
1,2493,71,436,142,872,4
1,2494,71,437,142,874,4
1,2495,71,438,142,876,4
1,2496,71,439,142,878,4
1,2497,71,440,142,880,4
1,2498,71,441,142,882,4
1,2499,71,442,142,884,4
1,2500,71,443,142,886,2
1,2501,71,444,142,888,2
1,2502,71,445,142,890,1
1,2503,71,451,142,902,4
1,2504,71,452,142,904,4
1,2505,71,453,142,906,4
1,2506,71,454,142,908,4
1,2507,71,455,142,910,1
1,2508,72,336,144,672,4
1,2509,72,337,144,674,4
1,2510,72,338,144,676,4
1,2511,72,339,144,678,4
1,2512,72,340,144,680,4
1,2513,72,341,144,682,4
1,2514,72,342,144,684,2
1,2515,72,395,144,791,2
1,2516,72,396,144,792,4
1,2517,72,397,144,794,4
1,2518,72,398,144,796,4
1,2519,72,399,144,798,4
1,2520,72,400,144,800,4
1,2521,72,401,144,802,4
1,2522,72,402,144,804,2
1,2523,72,415,144,830,4
1,2524,72,416,144,832,4
1,2525,72,417,144,834,4
1,2526,72,418,144,836,4
1,2527,72,419,144,838,4
1,2528,72,420,144,840,4
1,2529,72,421,144,842,4
1,2530,72,422,144,844,4
1,2531,72,423,144,846,4
1,2532,72,424,144,848,4
1,2533,72,425,144,850,4
1,2534,72,426,144,852,4
1,2535,72,427,144,854,4
1,2536,72,428,144,856,4
1,2537,72,429,144,858,4
1,2538,72,430,144,860,4
1,2539,72,431,144,862,4
1,2540,72,432,144,864,4
1,2541,72,433,144,866,4
1,2542,72,434,144,868,4
1,2543,72,435,144,870,4
1,2544,72,436,144,872,4
1,2545,72,437,144,874,4
1,2546,72,438,144,876,4
1,2547,72,439,144,878,4
1,2548,72,440,144,880,4
1,2549,72,441,144,882,4
1,2550,72,442,144,884,4
1,2551,72,451,144,903,3
1,2552,72,452,144,904,4
1,2553,72,453,144,906,4
1,2554,72,454,144,908,4
1,2555,73,336,146,672,4
1,2556,73,337,146,674,4
1,2557,73,338,146,676,4
1,2558,73,339,146,678,4
1,2559,73,340,146,680,4
1,2560,73,341,146,682,4
1,2561,73,342,146,684,1
1,2562,73,394,146,788,4
1,2563,73,395,146,790,4
1,2564,73,396,146,792,4
1,2565,73,397,146,794,4
1,2566,73,398,146,796,4
1,2567,73,399,146,798,4
1,2568,73,400,146,800,4
1,2569,73,401,146,802,4
1,2570,73,402,146,804,4
1,2571,73,403,146,806,4
1,2572,73,404,146,808,4
1,2573,73,405,146,810,4
1,2574,73,406,146,812,4
1,2575,73,407,146,814,4
1,2576,73,408,146,816,4
1,2577,73,409,146,818,4
1,2578,73,410,146,820,2
1,2579,73,415,146,830,4
1,2580,73,416,146,832,4
1,2581,73,417,146,834,4
1,2582,73,418,146,836,4
1,2583,73,419,146,838,4
1,2584,73,420,146,840,4
1,2585,73,421,146,842,4
1,2586,73,422,146,844,4
1,2587,73,423,146,846,4
1,2588,73,424,146,848,4
1,2589,73,425,146,850,4
1,2590,73,426,146,852,4
1,2591,73,427,146,854,4
1,2592,73,428,146,856,4
1,2593,73,429,146,858,4
1,2594,73,430,146,860,4
1,2595,73,431,146,862,4
1,2596,73,432,146,864,4
1,2597,73,433,146,866,4
1,2598,73,434,146,868,4
1,2599,73,435,146,870,4
1,2600,73,436,146,872,4
1,2601,73,437,146,874,4
1,2602,73,438,146,876,4
1,2603,73,439,146,878,4
1,2604,73,440,146,880,4
1,2605,73,441,146,882,4
1,2606,73,442,146,884,4
1,2607,73,447,146,895,2
1,2608,73,448,146,896,3
1,2609,73,449,147,898,1
1,2610,73,450,147,901,1
1,2611,73,451,146,902,4
1,2612,73,452,146,904,4
1,2613,73,453,146,906,4
1,2614,73,454,146,908,4
1,2615,73,455,146,910,3
1,2616,73,456,147,913,1
1,2617,73,457,147,914,2
1,2618,74,336,148,672,4
1,2619,74,337,148,674,4
1,2620,74,338,148,676,4
1,2621,74,339,148,678,4
1,2622,74,340,148,680,4
1,2623,74,341,148,682,4
1,2624,74,392,148,784,2
1,2625,74,393,148,786,4
1,2626,74,394,148,788,4
1,2627,74,395,148,790,4
1,2628,74,396,148,792,4
1,2629,74,397,148,794,4
1,2630,74,398,148,796,4
1,2631,74,399,148,798,4
1,2632,74,400,148,800,4
1,2633,74,401,148,802,4
1,2634,74,402,148,804,4
1,2635,74,403,148,806,4
1,2636,74,404,148,808,4
1,2637,74,405,148,810,4
1,2638,74,406,148,812,4
1,2639,74,407,148,814,4
1,2640,74,408,148,816,4
1,2641,74,409,148,818,4
1,2642,74,410,148,820,4
1,2643,74,411,148,822,4
1,2644,74,412,148,824,4
1,2645,74,413,148,826,4
1,2646,74,414,148,828,4
1,2647,74,415,148,830,4
1,2648,74,416,148,832,4
1,2649,74,417,148,834,4
1,2650,74,418,148,836,4
1,2651,74,419,148,838,4
1,2652,74,420,148,840,4
1,2653,74,421,148,842,4
1,2654,74,422,148,844,4
1,2655,74,423,148,846,4
1,2656,74,424,148,848,4
1,2657,74,425,148,850,4
1,2658,74,426,148,852,4
1,2659,74,427,148,854,4
1,2660,74,428,148,856,4
1,2661,74,429,148,858,4
1,2662,74,430,148,860,4
1,2663,74,431,148,862,4
1,2664,74,432,148,864,4
1,2665,74,433,148,866,4
1,2666,74,434,148,868,4
1,2667,74,435,148,870,4
1,2668,74,436,148,872,4
1,2669,74,437,148,874,4
1,2670,74,438,148,876,4
1,2671,74,439,148,878,4
1,2672,74,440,148,880,4
1,2673,74,441,148,882,4
1,2674,74,442,148,884,4
1,2675,74,443,148,886,4
1,2676,74,444,148,888,4
1,2677,74,445,148,890,4
1,2678,74,446,148,892,4
1,2679,74,447,148,894,4
1,2680,74,448,148,896,4
1,2681,74,449,148,898,4
1,2682,74,450,148,900,4
1,2683,74,451,148,902,4
1,2684,74,452,148,904,4
1,2685,74,453,148,906,4
1,2686,74,454,148,908,4
1,2687,74,455,148,910,4
1,2688,74,456,148,912,4
1,2689,74,457,148,914,4
1,2690,74,458,149,916,2
1,2691,74,459,149,918,2
1,2692,74,460,149,920,2
1,2693,74,461,149,922,2
1,2694,75,336,150,672,3
1,2695,75,337,150,674,4
1,2696,75,338,150,676,4
1,2697,75,339,150,678,4
1,2698,75,340,150,680,4
1,2699,75,341,150,682,4
1,2700,75,393,150,786,4
1,2701,75,394,150,788,4
1,2702,75,395,150,790,4
1,2703,75,396,150,792,4
1,2704,75,397,150,794,4
1,2705,75,398,150,796,4
1,2706,75,399,150,798,4
1,2707,75,400,150,800,4
1,2708,75,401,150,802,4
1,2709,75,402,150,804,4
1,2710,75,403,150,806,4
1,2711,75,404,150,808,4
1,2712,75,405,150,810,4
1,2713,75,406,150,812,4
1,2714,75,407,150,814,4
1,2715,75,408,150,816,4
1,2716,75,409,150,818,4
1,2717,75,410,150,820,4
1,2718,75,411,150,822,4
1,2719,75,412,150,824,4
1,2720,75,413,150,826,4
1,2721,75,414,150,828,4
1,2722,75,415,150,830,4
1,2723,75,416,150,832,4
1,2724,75,417,150,834,4
1,2725,75,418,150,836,4
1,2726,75,419,150,838,4
1,2727,75,420,150,840,4
1,2728,75,421,150,842,4
1,2729,75,422,150,844,4
1,2730,75,423,150,846,4
1,2731,75,424,150,848,4
1,2732,75,425,150,850,4
1,2733,75,426,150,852,4
1,2734,75,427,150,854,4
1,2735,75,428,150,856,4
1,2736,75,429,150,858,4
1,2737,75,430,150,860,4
1,2738,75,431,150,862,4
1,2739,75,432,150,864,4
1,2740,75,433,150,866,4
1,2741,75,434,150,868,4
1,2742,75,435,150,870,4
1,2743,75,436,150,872,4
1,2744,75,437,150,874,4
1,2745,75,438,150,876,4
1,2746,75,439,150,878,4
1,2747,75,440,150,880,4
1,2748,75,441,150,882,4
1,2749,75,442,150,884,4
1,2750,75,443,150,886,4
1,2751,75,444,150,888,4
1,2752,75,445,150,890,4
1,2753,75,446,150,892,4
1,2754,75,447,150,894,4
1,2755,75,448,150,896,4
1,2756,75,449,150,898,4
1,2757,75,450,150,900,4
1,2758,75,451,150,902,4
1,2759,75,452,150,904,4
1,2760,75,453,150,906,4
1,2761,75,454,150,908,4
1,2762,75,455,150,910,4
1,2763,75,456,150,912,4
1,2764,75,457,150,914,4
1,2765,75,458,150,916,4
1,2766,75,459,150,918,4
1,2767,75,460,150,920,4
1,2768,75,461,150,922,4
1,2769,75,462,150,924,2
1,2770,76,336,152,673,2
1,2771,76,337,152,674,4
1,2772,76,338,152,676,4
1,2773,76,339,152,678,4
1,2774,76,340,152,680,4
1,2775,76,341,152,682,4
1,2776,76,394,152,788,3
1,2777,76,395,152,790,4
1,2778,76,396,152,792,4
1,2779,76,397,152,794,4
1,2780,76,398,152,796,4
1,2781,76,399,152,798,4
1,2782,76,400,152,800,4
1,2783,76,401,152,802,4
1,2784,76,402,152,804,4
1,2785,76,403,152,806,4
1,2786,76,404,152,808,4
1,2787,76,405,152,810,4
1,2788,76,406,152,812,4
1,2789,76,407,152,814,4
1,2790,76,408,152,816,4
1,2791,76,409,152,818,4
1,2792,76,410,152,820,4
1,2793,76,411,152,822,4
1,2794,76,412,152,824,4
1,2795,76,413,152,826,4
1,2796,76,414,152,828,4
1,2797,76,415,152,830,4
1,2798,76,416,152,832,4
1,2799,76,417,152,834,4
1,2800,76,418,152,836,4
1,2801,76,419,152,838,4
1,2802,76,420,152,840,4
1,2803,76,421,152,842,4
1,2804,76,422,152,844,4
1,2805,76,423,152,846,4
1,2806,76,424,152,848,4
1,2807,76,425,152,850,4
1,2808,76,426,152,852,4
1,2809,76,427,152,854,4
1,2810,76,428,152,856,4
1,2811,76,429,152,858,4
1,2812,76,430,152,860,4
1,2813,76,431,152,862,4
1,2814,76,432,152,864,4
1,2815,76,433,152,866,4
1,2816,76,434,152,868,4
1,2817,76,435,152,870,4
1,2818,76,436,152,872,4
1,2819,76,437,152,874,4
1,2820,76,438,152,876,4
1,2821,76,439,152,878,4
1,2822,76,440,152,880,4
1,2823,76,441,152,882,4
1,2824,76,442,152,884,4
1,2825,76,443,152,886,4
1,2826,76,444,152,888,4
1,2827,76,445,152,890,4
1,2828,76,446,152,892,4
1,2829,76,447,152,894,4
1,2830,76,448,152,896,4
1,2831,76,449,152,898,4
1,2832,76,450,152,900,4
1,2833,76,451,152,902,4
1,2834,76,452,152,904,4
1,2835,76,453,152,906,4
1,2836,76,454,152,908,4
1,2837,76,455,152,910,4
1,2838,76,456,152,912,4
1,2839,76,457,152,914,4
1,2840,76,458,152,916,4
1,2841,76,459,152,918,4
1,2842,76,460,152,920,4
1,2843,76,461,152,922,4
1,2844,76,462,152,924,2
1,2845,77,336,154,673,1
1,2846,77,337,154,674,4
1,2847,77,338,154,676,4
1,2848,77,339,154,678,4
1,2849,77,340,154,680,4
1,2850,77,341,154,682,4
1,2851,77,394,154,789,2
1,2852,77,395,154,790,4
1,2853,77,396,154,792,4
1,2854,77,397,154,794,4
1,2855,77,398,154,796,4
1,2856,77,399,154,798,4
1,2857,77,400,154,800,4
1,2858,77,401,154,802,4
1,2859,77,402,154,804,4
1,2860,77,403,154,806,4
1,2861,77,404,154,808,4
1,2862,77,405,154,810,4
1,2863,77,406,154,812,4
1,2864,77,407,154,814,4
1,2865,77,408,154,816,4
1,2866,77,409,154,818,4
1,2867,77,410,154,820,4
1,2868,77,411,154,822,4
1,2869,77,412,154,824,4
1,2870,77,413,154,826,4
1,2871,77,414,154,828,4
1,2872,77,415,154,830,4
1,2873,77,416,154,832,4
1,2874,77,417,154,834,4
1,2875,77,418,154,836,4
1,2876,77,419,154,838,4
1,2877,77,420,154,840,4
1,2878,77,421,154,842,4
1,2879,77,422,154,844,4
1,2880,77,423,154,846,4
1,2881,77,424,154,848,4
1,2882,77,425,154,850,4
1,2883,77,426,154,852,4
1,2884,77,427,154,854,4
1,2885,77,428,154,856,4
1,2886,77,429,154,858,4
1,2887,77,430,154,860,4
1,2888,77,431,154,862,4
1,2889,77,432,154,864,4
1,2890,77,433,154,866,4
1,2891,77,434,154,868,4
1,2892,77,435,154,870,4
1,2893,77,436,154,872,4
1,2894,77,437,154,874,4
1,2895,77,438,154,876,4
1,2896,77,439,154,878,4
1,2897,77,440,154,880,4
1,2898,77,441,154,882,4
1,2899,77,442,154,884,4
1,2900,77,443,154,886,4
1,2901,77,444,154,888,4
1,2902,77,445,154,890,4
1,2903,77,446,154,892,4
1,2904,77,447,154,894,4
1,2905,77,448,154,896,4
1,2906,77,449,154,898,4
1,2907,77,450,154,900,4
1,2908,77,451,154,902,4
1,2909,77,452,154,904,4
1,2910,77,453,154,906,4
1,2911,77,454,154,908,4
1,2912,77,455,154,910,4
1,2913,77,456,154,912,4
1,2914,77,457,154,914,4
1,2915,77,458,154,916,4
1,2916,77,459,154,918,4
1,2917,77,460,154,920,4
1,2918,77,461,154,922,4
1,2919,77,462,154,924,2
1,2920,78,337,156,674,4
1,2921,78,338,156,676,4
1,2922,78,339,156,678,4
1,2923,78,340,156,680,4
1,2924,78,341,156,682,4
1,2925,78,394,156,789,2
1,2926,78,395,156,790,4
1,2927,78,396,156,792,4
1,2928,78,397,156,794,4
1,2929,78,398,156,796,4
1,2930,78,399,156,798,4
1,2931,78,400,156,800,4
1,2932,78,401,156,802,4
1,2933,78,402,156,804,4
1,2934,78,403,156,806,4
1,2935,78,404,156,808,4
1,2936,78,405,156,810,4
1,2937,78,406,156,812,4
1,2938,78,407,156,814,4
1,2939,78,408,156,816,4
1,2940,78,409,156,818,4
1,2941,78,410,156,820,4
1,2942,78,411,156,822,4
1,2943,78,412,156,824,4
1,2944,78,413,156,826,4
1,2945,78,414,156,828,4
1,2946,78,415,156,830,4
1,2947,78,416,156,832,4
1,2948,78,417,156,834,4
1,2949,78,418,156,836,4
1,2950,78,419,156,838,4
1,2951,78,420,156,840,4
1,2952,78,421,156,842,4
1,2953,78,422,156,844,4
1,2954,78,423,156,846,4
1,2955,78,424,156,848,4
1,2956,78,425,156,850,4
1,2957,78,426,156,852,4
1,2958,78,427,156,854,4
1,2959,78,428,156,856,4
1,2960,78,429,156,858,4
1,2961,78,430,156,860,4
1,2962,78,431,156,862,4
1,2963,78,432,156,864,4
1,2964,78,433,156,866,4
1,2965,78,434,156,868,4
1,2966,78,435,156,870,4
1,2967,78,436,156,872,4
1,2968,78,437,156,874,4
1,2969,78,438,156,876,4
1,2970,78,439,156,878,4
1,2971,78,440,156,880,4
1,2972,78,441,156,882,4
1,2973,78,442,156,884,4
1,2974,78,443,156,886,4
1,2975,78,444,156,888,4
1,2976,78,445,156,890,4
1,2977,78,446,156,892,4
1,2978,78,447,156,894,4
1,2979,78,448,156,896,4
1,2980,78,449,156,898,4
1,2981,78,450,156,900,4
1,2982,78,451,156,902,4
1,2983,78,452,156,904,4
1,2984,78,453,156,906,4
1,2985,78,454,156,908,4
1,2986,78,455,156,910,4
1,2987,78,456,156,912,4
1,2988,78,457,156,914,4
1,2989,78,458,156,916,4
1,2990,78,459,156,918,4
1,2991,78,460,156,920,4
1,2992,78,461,156,922,4
1,2993,78,462,156,924,1
1,2994,79,336,159,673,1
1,2995,79,337,158,674,4
1,2996,79,338,158,676,4
1,2997,79,339,158,678,4
1,2998,79,340,158,680,4
1,2999,79,341,158,682,3
1,3000,79,394,158,788,3
1,3001,79,395,158,790,4
1,3002,79,396,158,792,4
1,3003,79,397,158,794,4
1,3004,79,398,158,796,4
1,3005,79,399,158,798,4
1,3006,79,400,158,800,4
1,3007,79,401,158,802,4
1,3008,79,402,158,804,4
1,3009,79,403,158,806,4
1,3010,79,404,158,808,4
1,3011,79,405,158,810,4
1,3012,79,406,158,812,4
1,3013,79,407,158,814,4
1,3014,79,408,158,816,4
1,3015,79,409,158,818,4
1,3016,79,410,158,820,3
1,3017,79,411,158,822,2
1,3018,79,412,158,824,2
1,3019,79,413,158,826,2
1,3020,79,414,158,828,2
1,3021,79,415,158,830,4
1,3022,79,416,158,832,4
1,3023,79,417,158,834,4
1,3024,79,418,158,836,4
1,3025,79,419,158,838,4
1,3026,79,420,158,840,3
1,3027,79,421,158,842,2
1,3028,79,422,158,844,2
1,3029,79,423,158,846,2
1,3030,79,424,158,848,2
1,3031,79,425,158,850,3
1,3032,79,426,158,852,4
1,3033,79,427,158,854,4
1,3034,79,428,158,856,4
1,3035,79,429,158,858,4
1,3036,79,430,158,860,4
1,3037,79,431,158,862,4
1,3038,79,432,158,864,3
1,3039,79,433,158,866,2
1,3040,79,434,158,868,2
1,3041,79,435,158,870,2
1,3042,79,436,158,872,2
1,3043,79,437,158,874,3
1,3044,79,438,158,876,4
1,3045,79,439,158,878,4
1,3046,79,440,158,880,4
1,3047,79,441,158,882,4
1,3048,79,442,158,884,4
1,3049,79,443,158,886,2
1,3050,79,444,158,888,2
1,3051,79,445,158,890,2
1,3052,79,446,158,892,2
1,3053,79,447,158,894,3
1,3054,79,448,158,896,4
1,3055,79,449,158,898,3
1,3056,79,450,158,900,4
1,3057,79,451,158,902,4
1,3058,79,452,158,904,4
1,3059,79,453,158,906,4
1,3060,79,454,158,908,4
1,3061,79,455,158,910,4
1,3062,79,456,158,912,2
1,3063,79,457,158,914,2
1,3064,80,336,160,673,2
1,3065,80,337,160,674,4
1,3066,80,338,160,676,4
1,3067,80,339,160,678,4
1,3068,80,340,160,680,4
1,3069,80,341,160,682,1
1,3070,80,394,160,789,1
1,3071,80,395,160,790,3
1,3072,80,396,160,792,4
1,3073,80,397,160,794,4
1,3074,80,398,160,796,4
1,3075,80,399,160,798,4
1,3076,80,400,160,800,4
1,3077,80,401,160,802,4
1,3078,80,402,160,804,3
1,3079,80,403,160,806,2
1,3080,80,404,160,808,2
1,3081,80,405,160,810,2
1,3082,80,406,160,812,2
1,3083,80,407,160,814,2
1,3084,80,408,160,816,2
1,3085,80,409,160,818,2
1,3086,80,410,160,820,1
1,3087,80,415,160,830,4
1,3088,80,416,160,832,4
1,3089,80,417,160,834,4
1,3090,80,418,160,836,4
1,3091,80,419,160,838,4
1,3092,80,426,160,852,3
1,3093,80,427,160,854,4
1,3094,80,428,160,856,4
1,3095,80,429,160,858,4
1,3096,80,430,160,860,4
1,3097,80,431,160,862,4
1,3098,80,438,160,876,3
1,3099,80,439,160,878,4
1,3100,80,440,160,880,4
1,3101,80,441,160,882,4
1,3102,80,442,160,884,4
1,3103,80,447,160,895,1
1,3104,80,448,160,896,2
1,3105,80,450,160,901,1
1,3106,80,451,160,902,4
1,3107,80,452,160,904,4
1,3108,80,453,160,906,4
1,3109,80,454,160,908,4
1,3110,80,455,160,910,1
1,3111,81,336,162,672,4
1,3112,81,337,162,674,4
1,3113,81,338,162,676,4
1,3114,81,339,162,678,4
1,3115,81,340,162,680,3
1,3116,81,395,162,791,1
1,3117,81,396,162,792,3
1,3118,81,397,162,794,4
1,3119,81,398,162,796,4
1,3120,81,399,162,798,4
1,3121,81,400,162,800,4
1,3122,81,401,162,802,2
1,3123,81,402,162,804,1
1,3124,81,415,162,830,4
1,3125,81,416,162,832,4
1,3126,81,417,162,834,4
1,3127,81,418,162,836,4
1,3128,81,419,162,838,4
1,3129,81,426,162,853,2
1,3130,81,427,162,854,4
1,3131,81,428,162,856,4
1,3132,81,429,162,858,4
1,3133,81,430,162,860,4
1,3134,81,431,162,862,3
1,3135,81,438,162,877,2
1,3136,81,439,162,878,4
1,3137,81,440,162,880,4
1,3138,81,441,162,882,4
1,3139,81,442,162,884,4
1,3140,81,451,162,903,3
1,3141,81,452,162,904,4
1,3142,81,453,162,906,4
1,3143,81,454,162,908,4
1,3144,82,336,164,672,4
1,3145,82,337,164,674,4
1,3146,82,338,164,676,4
1,3147,82,339,164,678,4
1,3148,82,396,164,793,2
1,3149,82,397,164,794,4
1,3150,82,398,164,796,4
1,3151,82,399,164,798,4
1,3152,82,400,164,800,4
1,3153,82,412,164,825,1
1,3154,82,413,164,826,4
1,3155,82,414,164,828,4
1,3156,82,415,164,830,4
1,3157,82,416,164,832,4
1,3158,82,417,164,834,4
1,3159,82,418,164,836,4
1,3160,82,419,164,838,4
1,3161,82,426,164,852,4
1,3162,82,427,164,854,4
1,3163,82,428,164,856,4
1,3164,82,429,164,858,4
1,3165,82,430,164,860,4
1,3166,82,431,164,862,2
1,3167,82,438,164,876,4
1,3168,82,439,164,878,4
1,3169,82,440,164,880,4
1,3170,82,441,164,882,4
1,3171,82,442,164,884,4
1,3172,82,443,164,886,4
1,3173,82,444,164,888,4
1,3174,82,445,164,890,1
1,3175,82,453,164,906,2
1,3176,82,454,164,908,2
1,3177,83,335,166,671,1
1,3178,83,336,166,672,4
1,3179,83,337,166,674,4
1,3180,83,338,166,676,4
1,3181,83,339,166,678,4
1,3182,83,396,166,793,2
1,3183,83,397,166,794,4
1,3184,83,398,166,796,4
1,3185,83,399,166,798,4
1,3186,83,400,166,800,4
1,3187,83,413,166,826,4
1,3188,83,414,166,828,4
1,3189,83,415,166,830,4
1,3190,83,416,166,832,4
1,3191,83,417,166,834,4
1,3192,83,418,166,836,4
1,3193,83,419,166,838,3
1,3194,83,426,166,852,4
1,3195,83,427,166,854,4
1,3196,83,428,166,856,4
1,3197,83,429,166,858,4
1,3198,83,430,166,860,4
1,3199,83,431,166,862,2
1,3200,83,438,166,876,4
1,3201,83,439,166,878,4
1,3202,83,440,166,880,4
1,3203,83,441,166,882,4
1,3204,83,442,166,884,4
1,3205,83,443,166,886,4
1,3206,83,444,166,888,3
1,3207,84,336,168,672,4
1,3208,84,337,168,674,4
1,3209,84,338,168,676,4
1,3210,84,339,168,678,4
1,3211,84,396,168,793,2
1,3212,84,397,168,794,4
1,3213,84,398,168,796,4
1,3214,84,399,168,798,4
1,3215,84,400,168,800,4
1,3216,84,414,168,829,1
1,3217,84,415,168,830,4
1,3218,84,416,168,832,4
1,3219,84,417,168,834,4
1,3220,84,418,168,836,4
1,3221,84,419,168,838,3
1,3222,84,426,168,852,4
1,3223,84,427,168,854,4
1,3224,84,428,168,856,4
1,3225,84,429,168,858,4
1,3226,84,430,168,860,4
1,3227,84,431,168,862,3
1,3228,84,438,168,876,4
1,3229,84,439,168,878,4
1,3230,84,440,168,880,4
1,3231,84,441,168,882,4
1,3232,84,442,168,884,4
1,3233,84,443,168,886,1
1,3234,85,336,170,672,4
1,3235,85,337,170,674,4
1,3236,85,338,170,676,4
1,3237,85,339,170,678,4
1,3238,85,340,170,680,2
1,3239,85,396,170,793,2
1,3240,85,397,170,794,4
1,3241,85,398,170,796,4
1,3242,85,399,170,798,4
1,3243,85,400,170,800,4
1,3244,85,401,171,802,1
1,3245,85,415,170,830,4
1,3246,85,416,170,832,4
1,3247,85,417,170,834,4
1,3248,85,418,170,836,4
1,3249,85,419,170,838,4
1,3250,85,420,171,840,2
1,3251,85,422,171,845,1
1,3252,85,423,171,846,1
1,3253,85,425,171,851,1
1,3254,85,426,170,852,4
1,3255,85,427,170,854,4
1,3256,85,428,170,856,4
1,3257,85,429,170,858,4
1,3258,85,430,170,860,4
1,3259,85,431,170,862,4
1,3260,85,432,171,864,2
1,3261,85,434,171,869,1
1,3262,85,435,171,870,1
1,3263,85,437,171,875,1
1,3264,85,438,170,876,4
1,3265,85,439,170,878,4
1,3266,85,440,170,880,4
1,3267,85,441,170,882,4
1,3268,85,442,170,884,4
1,3269,86,336,172,673,2
1,3270,86,337,172,674,4
1,3271,86,338,172,676,4
1,3272,86,339,172,678,4
1,3273,86,340,172,680,4
1,3274,86,341,173,682,1
1,3275,86,414,173,829,1
1,3276,86,415,172,830,4
1,3277,86,416,172,832,4
1,3278,86,417,172,834,4
1,3279,86,418,172,836,4
1,3280,86,419,172,838,4
1,3281,86,420,172,840,4
1,3282,86,421,172,842,4
1,3283,86,422,172,844,4
1,3284,86,423,172,846,4
1,3285,86,424,172,848,4
1,3286,86,425,172,850,4
1,3287,86,426,172,852,4
1,3288,86,427,172,854,4
1,3289,86,428,172,856,4
1,3290,86,429,172,858,4
1,3291,86,430,172,860,4
1,3292,86,431,172,862,4
1,3293,86,432,172,864,4
1,3294,86,433,172,866,4
1,3295,86,434,172,868,4
1,3296,86,435,172,870,4
1,3297,86,436,172,872,4
1,3298,86,437,172,874,4
1,3299,86,438,172,876,4
1,3300,86,439,172,878,4
1,3301,86,440,172,880,4
1,3302,86,441,172,882,4
1,3303,86,442,172,884,4
1,3304,86,443,173,886,1
1,3305,87,337,174,674,4
1,3306,87,338,174,676,4
1,3307,87,339,174,678,4
1,3308,87,340,174,680,3
1,3309,87,341,174,682,2
1,3310,87,413,175,826,2
1,3311,87,414,174,829,3
1,3312,87,415,174,830,4
1,3313,87,416,174,832,4
1,3314,87,417,174,834,4
1,3315,87,418,174,836,4
1,3316,87,419,174,838,4
1,3317,87,420,174,840,4
1,3318,87,421,174,842,4
1,3319,87,422,174,844,4
1,3320,87,423,174,846,4
1,3321,87,424,174,848,4
1,3322,87,425,174,850,4
1,3323,87,426,174,852,4
1,3324,87,427,174,854,4
1,3325,87,428,174,856,4
1,3326,87,429,174,858,4
1,3327,87,430,174,860,4
1,3328,87,431,174,862,4
1,3329,87,432,174,864,4
1,3330,87,433,174,866,4
1,3331,87,434,174,868,4
1,3332,87,435,174,870,4
1,3333,87,436,174,872,4
1,3334,87,437,174,874,4
1,3335,87,438,174,876,4
1,3336,87,439,174,878,4
1,3337,87,440,174,880,4
1,3338,87,441,174,882,4
1,3339,87,442,174,884,4
1,3340,87,443,174,886,4
1,3341,87,444,175,888,2
1,3342,88,336,176,673,2
1,3343,88,337,176,674,4
1,3344,88,338,176,676,4
1,3345,88,339,176,678,4
1,3346,88,340,176,680,4
1,3347,88,341,176,682,4
1,3348,88,413,176,826,3
1,3349,88,414,176,828,4
1,3350,88,415,176,830,4
1,3351,88,416,176,832,4
1,3352,88,417,176,834,4
1,3353,88,418,176,836,4
1,3354,88,419,176,838,4
1,3355,88,420,176,840,4
1,3356,88,421,176,842,4
1,3357,88,422,176,844,4
1,3358,88,423,176,846,4
1,3359,88,424,176,848,4
1,3360,88,425,176,850,4
1,3361,88,426,176,852,4
1,3362,88,427,176,854,4
1,3363,88,428,176,856,4
1,3364,88,429,176,858,4
1,3365,88,430,176,860,4
1,3366,88,431,176,862,4
1,3367,88,432,176,864,4
1,3368,88,433,176,866,4
1,3369,88,434,176,868,4
1,3370,88,435,176,870,4
1,3371,88,436,176,872,4
1,3372,88,437,176,874,4
1,3373,88,438,176,876,4
1,3374,88,439,176,878,4
1,3375,88,440,176,880,4
1,3376,88,441,176,882,4
1,3377,88,442,176,884,4
1,3378,88,443,176,886,4
1,3379,88,444,176,888,3
1,3380,89,336,178,673,2
1,3381,89,337,178,674,4
1,3382,89,338,178,676,4
1,3383,89,339,178,678,4
1,3384,89,340,178,680,4
1,3385,89,341,178,682,3
1,3386,89,414,178,828,3
1,3387,89,415,178,830,4
1,3388,89,416,178,832,4
1,3389,89,417,178,834,4
1,3390,89,418,178,836,4
1,3391,89,419,178,838,4
1,3392,89,420,178,840,4
1,3393,89,421,178,842,4
1,3394,89,422,178,844,4
1,3395,89,423,178,846,4
1,3396,89,424,178,848,4
1,3397,89,425,178,850,4
1,3398,89,426,178,852,4
1,3399,89,427,178,854,4
1,3400,89,428,178,856,4
1,3401,89,429,178,858,4
1,3402,89,430,178,860,4
1,3403,89,431,178,862,4
1,3404,89,432,178,864,4
1,3405,89,433,178,866,4
1,3406,89,434,178,868,4
1,3407,89,435,178,870,4
1,3408,89,436,178,872,4
1,3409,89,437,178,874,4
1,3410,89,438,178,876,4
1,3411,89,439,178,878,4
1,3412,89,440,178,880,4
1,3413,89,441,178,882,4
1,3414,89,442,178,884,4
1,3415,89,443,178,886,3
1,3416,90,336,180,672,4
1,3417,90,337,180,674,4
1,3418,90,338,180,676,4
1,3419,90,339,180,678,4
1,3420,90,340,180,680,4
1,3421,90,341,180,682,2
1,3422,90,355,181,711,1
1,3423,90,415,180,830,3
1,3424,90,416,180,832,4
1,3425,90,417,180,834,4
1,3426,90,418,180,836,4
1,3427,90,419,180,838,4
1,3428,90,420,180,840,4
1,3429,90,421,180,842,4
1,3430,90,422,180,844,4
1,3431,90,423,180,846,4
1,3432,90,424,180,848,4
1,3433,90,425,180,850,4
1,3434,90,426,180,852,4
1,3435,90,427,180,854,4
1,3436,90,428,180,856,4
1,3437,90,429,180,858,4
1,3438,90,430,180,860,4
1,3439,90,431,180,862,4
1,3440,90,432,180,864,4
1,3441,90,433,180,866,4
1,3442,90,434,180,868,4
1,3443,90,435,180,870,4
1,3444,90,436,180,872,4
1,3445,90,437,180,874,4
1,3446,90,438,180,876,4
1,3447,90,439,180,878,4
1,3448,90,440,180,880,4
1,3449,90,441,180,882,4
1,3450,90,442,180,884,3
1,3451,91,336,182,672,4
1,3452,91,337,182,674,4
1,3453,91,338,182,676,4
1,3454,91,339,182,678,4
1,3455,91,340,182,680,4
1,3456,91,341,182,682,4
1,3457,91,351,183,702,1
1,3458,91,355,182,711,2
1,3459,91,356,182,712,3
1,3460,91,416,182,832,3
1,3461,91,417,182,834,2
1,3462,91,418,182,836,2
1,3463,91,419,182,838,3
1,3464,91,420,182,840,4
1,3465,91,421,182,842,4
1,3466,91,422,182,844,4
1,3467,91,423,182,846,4
1,3468,91,424,182,848,4
1,3469,91,425,182,850,4
1,3470,91,426,182,852,4
1,3471,91,427,182,854,4
1,3472,91,428,182,856,4
1,3473,91,429,182,858,4
1,3474,91,430,182,860,4
1,3475,91,431,182,862,4
1,3476,91,432,182,864,4
1,3477,91,433,182,866,4
1,3478,91,434,182,868,4
1,3479,91,435,182,870,4
1,3480,91,436,182,872,4
1,3481,91,437,182,874,4
1,3482,91,438,182,876,3
1,3483,91,439,182,878,2
1,3484,91,440,182,880,2
1,3485,91,441,182,882,3
1,3486,92,335,185,671,1
1,3487,92,336,184,672,4
1,3488,92,337,184,674,4
1,3489,92,338,184,676,4
1,3490,92,339,184,678,4
1,3491,92,340,184,680,4
1,3492,92,341,184,682,4
1,3493,92,350,185,701,1
1,3494,92,351,184,702,2
1,3495,92,355,184,711,2
1,3496,92,356,184,712,4
1,3497,92,357,185,714,1
1,3498,92,420,184,840,3
1,3499,92,421,184,842,4
1,3500,92,422,184,844,4
1,3501,92,423,184,846,4
1,3502,92,424,184,848,4
1,3503,92,425,184,850,4
1,3504,92,426,184,852,4
1,3505,92,427,184,854,4
1,3506,92,428,184,856,4
1,3507,92,429,184,858,4
1,3508,92,430,184,860,4
1,3509,92,431,184,862,4
1,3510,92,432,184,864,4
1,3511,92,433,184,866,4
1,3512,92,434,184,868,4
1,3513,92,435,184,870,4
1,3514,92,436,184,872,4
1,3515,92,437,184,874,4
1,3516,93,335,186,671,2
1,3517,93,336,186,672,4
1,3518,93,337,186,674,4
1,3519,93,338,186,676,4
1,3520,93,339,186,678,4
1,3521,93,340,186,680,4
1,3522,93,341,186,682,4
1,3523,93,350,186,701,2
1,3524,93,351,186,702,4
1,3525,93,352,187,704,2
1,3526,93,353,187,706,2
1,3527,93,354,187,708,2
1,3528,93,355,186,710,4
1,3529,93,356,186,712,4
1,3530,93,357,186,714,2
1,3531,93,420,186,841,2
1,3532,93,421,186,842,4
1,3533,93,422,186,844,4
1,3534,93,423,186,846,4
1,3535,93,424,186,848,4
1,3536,93,425,186,850,4
1,3537,93,426,186,852,4
1,3538,93,427,186,854,4
1,3539,93,428,186,856,4
1,3540,93,429,186,858,4
1,3541,93,430,186,860,4
1,3542,93,431,186,862,4
1,3543,93,432,186,864,4
1,3544,93,433,186,866,4
1,3545,93,434,186,868,4
1,3546,93,435,186,870,4
1,3547,93,436,186,872,4
1,3548,93,437,186,874,4
1,3549,94,334,188,669,2
1,3550,94,335,188,670,4
1,3551,94,336,188,672,4
1,3552,94,337,188,674,4
1,3553,94,338,188,676,4
1,3554,94,339,188,678,4
1,3555,94,340,188,680,4
1,3556,94,341,188,682,4
1,3557,94,342,188,684,1
1,3558,94,342,189,685,1
1,3559,94,350,188,701,2
1,3560,94,351,188,702,4
1,3561,94,352,188,704,4
1,3562,94,353,188,706,4
1,3563,94,354,188,708,4
1,3564,94,355,188,710,4
1,3565,94,356,188,712,4
1,3566,94,357,188,714,2
1,3567,94,419,189,839,1
1,3568,94,420,188,840,4
1,3569,94,421,188,842,4
1,3570,94,422,188,844,4
1,3571,94,423,188,846,4
1,3572,94,424,188,848,4
1,3573,94,425,188,850,4
1,3574,94,426,188,852,4
1,3575,94,427,188,854,4
1,3576,94,428,188,856,4
1,3577,94,429,188,858,4
1,3578,94,430,188,860,4
1,3579,94,431,188,862,4
1,3580,94,432,188,864,4
1,3581,94,433,188,866,4
1,3582,94,434,188,868,4
1,3583,94,435,188,870,4
1,3584,94,436,188,872,4
1,3585,94,437,188,874,4
1,3586,94,438,189,876,1
1,3587,95,335,190,670,4
1,3588,95,336,190,672,4
1,3589,95,337,190,674,4
1,3590,95,338,190,676,4
1,3591,95,339,190,678,4
1,3592,95,340,190,680,4
1,3593,95,341,190,682,4
1,3594,95,342,190,684,4
1,3595,95,343,190,686,3
1,3596,95,344,191,688,1
1,3597,95,350,190,701,2
1,3598,95,351,190,702,4
1,3599,95,352,190,704,4
1,3600,95,353,190,706,4
1,3601,95,354,190,708,4
1,3602,95,355,190,710,4
1,3603,95,356,190,712,4
1,3604,95,357,190,714,2
1,3605,95,420,190,840,3
1,3606,95,421,190,842,4
1,3607,95,422,190,844,4
1,3608,95,423,190,846,4
1,3609,95,424,190,848,4
1,3610,95,425,190,850,4
1,3611,95,426,190,852,4
1,3612,95,427,190,854,4
1,3613,95,428,190,856,4
1,3614,95,429,190,858,4
1,3615,95,430,190,860,4
1,3616,95,431,190,862,4
1,3617,95,432,190,864,4
1,3618,95,433,190,866,4
1,3619,95,434,190,868,4
1,3620,95,435,190,870,4
1,3621,95,436,190,872,4
1,3622,95,437,190,874,3
1,3623,96,335,192,670,4
1,3624,96,336,192,672,4
1,3625,96,337,192,674,4
1,3626,96,338,192,676,4
1,3627,96,339,192,678,4
1,3628,96,340,192,680,4
1,3629,96,341,192,682,4
1,3630,96,342,192,684,4
1,3631,96,343,192,686,4
1,3632,96,344,192,688,4
1,3633,96,345,192,690,4
1,3634,96,346,193,692,2
1,3635,96,347,193,694,2
1,3636,96,350,192,701,3
1,3637,96,351,192,702,4
1,3638,96,352,192,704,4
1,3639,96,353,192,706,4
1,3640,96,354,192,708,4
1,3641,96,355,192,710,4
1,3642,96,356,192,712,4
1,3643,96,357,192,714,2
1,3644,96,421,192,842,3
1,3645,96,422,192,844,4
1,3646,96,423,192,846,3
1,3647,96,424,192,848,2
1,3648,96,425,192,850,2
1,3649,96,426,192,852,4
1,3650,96,427,192,854,4
1,3651,96,428,192,856,4
1,3652,96,429,192,858,4
1,3653,96,430,192,860,4
1,3654,96,431,192,862,4
1,3655,96,432,192,864,2
1,3656,96,433,192,866,2
1,3657,96,434,192,868,3
1,3658,96,435,192,870,4
1,3659,96,436,192,872,3
1,3660,97,335,194,670,4
1,3661,97,336,194,672,4
1,3662,97,337,194,674,4
1,3663,97,338,194,676,4
1,3664,97,339,194,678,4
1,3665,97,340,194,680,4
1,3666,97,341,194,682,4
1,3667,97,342,194,684,4
1,3668,97,343,194,686,4
1,3669,97,344,194,688,4
1,3670,97,345,194,690,4
1,3671,97,346,194,692,4
1,3672,97,347,194,694,4
1,3673,97,348,194,696,4
1,3674,97,349,194,698,4
1,3675,97,350,194,700,4
1,3676,97,351,194,702,4
1,3677,97,352,194,704,4
1,3678,97,353,194,706,4
1,3679,97,354,194,708,4
1,3680,97,355,194,710,4
1,3681,97,356,194,712,4
1,3682,97,357,194,714,2
1,3683,97,422,194,844,3
1,3684,97,423,194,846,2
1,3685,97,426,194,852,4
1,3686,97,427,194,854,4
1,3687,97,428,194,856,4
1,3688,97,429,194,858,4
1,3689,97,430,194,860,4
1,3690,97,431,194,862,4
1,3691,97,434,194,869,2
1,3692,97,435,194,870,3
1,3693,98,335,196,670,4
1,3694,98,336,196,672,4
1,3695,98,337,196,674,4
1,3696,98,338,196,676,4
1,3697,98,339,196,678,4
1,3698,98,340,196,680,4
1,3699,98,341,196,682,4
1,3700,98,342,196,684,4
1,3701,98,343,196,686,4
1,3702,98,344,196,688,4
1,3703,98,345,196,690,4
1,3704,98,346,196,692,2
1,3705,98,347,196,694,2
1,3706,98,348,196,696,2
1,3707,98,349,196,698,3
1,3708,98,350,196,700,4
1,3709,98,351,196,702,4
1,3710,98,352,196,704,4
1,3711,98,353,196,706,4
1,3712,98,354,196,708,4
1,3713,98,355,196,710,4
1,3714,98,356,196,712,4
1,3715,98,357,196,714,2
1,3716,98,423,196,846,1
1,3717,98,426,196,852,4
1,3718,98,427,196,854,4
1,3719,98,428,196,856,4
1,3720,98,429,196,858,4
1,3721,98,430,196,860,4
1,3722,98,431,196,862,4
1,3723,98,434,196,869,1
1,3724,99,334,198,669,2
1,3725,99,335,198,670,4
1,3726,99,336,198,672,4
1,3727,99,337,198,674,4
1,3728,99,338,198,676,4
1,3729,99,339,198,678,4
1,3730,99,340,198,680,4
1,3731,99,341,198,682,4
1,3732,99,342,198,684,4
1,3733,99,343,198,686,4
1,3734,99,344,198,688,2
1,3735,99,350,198,701,2
1,3736,99,351,198,702,4
1,3737,99,352,198,704,4
1,3738,99,353,198,706,4
1,3739,99,354,198,708,4
1,3740,99,355,198,710,4
1,3741,99,356,198,712,4
1,3742,99,357,198,714,2
1,3743,99,426,198,852,4
1,3744,99,427,198,854,4
1,3745,99,428,198,856,4
1,3746,99,429,198,858,4
1,3747,99,430,198,860,4
1,3748,99,431,198,862,4
1,3749,100,334,200,669,3
1,3750,100,335,200,670,4
1,3751,100,336,200,672,4
1,3752,100,337,200,674,4
1,3753,100,338,200,676,4
1,3754,100,339,200,678,4
1,3755,100,340,200,680,4
1,3756,100,341,200,682,4
1,3757,100,342,200,684,4
1,3758,100,343,200,686,1
1,3759,100,350,200,701,2
1,3760,100,351,200,702,4
1,3761,100,352,200,704,4
1,3762,100,353,200,706,4
1,3763,100,354,200,708,4
1,3764,100,355,200,710,4
1,3765,100,356,200,712,4
1,3766,100,357,200,714,2
1,3767,100,426,200,852,4
1,3768,100,427,200,854,4
1,3769,100,428,200,856,4
1,3770,100,429,200,858,4
1,3771,100,430,200,860,4
1,3772,100,431,200,862,4
1,3773,101,334,202,668,2
1,3774,101,335,202,670,4
1,3775,101,336,202,672,4
1,3776,101,337,202,674,4
1,3777,101,338,202,676,4
1,3778,101,339,202,678,4
1,3779,101,340,202,680,4
1,3780,101,341,202,683,3
1,3781,101,342,202,684,2
1,3782,101,351,202,703,2
1,3783,101,352,202,704,4
1,3784,101,353,202,706,4
1,3785,101,354,202,708,4
1,3786,101,355,202,710,4
1,3787,101,356,202,712,4
1,3788,101,357,202,714,2
1,3789,101,425,203,851,1
1,3790,101,426,202,852,4
1,3791,101,427,202,854,4
1,3792,101,428,202,856,4
1,3793,101,429,202,858,4
1,3794,101,430,202,860,4
1,3795,101,431,202,862,4
1,3796,101,432,203,864,1
1,3797,102,335,204,671,2
1,3798,102,336,204,672,4
1,3799,102,337,204,674,4
1,3800,102,338,204,676,4
1,3801,102,339,204,678,4
1,3802,102,340,204,680,4
1,3803,102,341,204,682,4
1,3804,102,342,204,684,1
1,3805,102,351,204,703,2
1,3806,102,352,204,704,4
1,3807,102,353,204,706,4
1,3808,102,354,204,708,4
1,3809,102,355,204,710,4
1,3810,102,356,204,712,4
1,3811,102,357,204,714,2
1,3812,102,425,204,851,2
1,3813,102,426,204,852,4
1,3814,102,427,204,854,4
1,3815,102,428,204,856,4
1,3816,102,429,204,858,4
1,3817,102,430,204,860,4
1,3818,102,431,204,862,4
1,3819,102,432,204,864,2
1,3820,103,336,206,672,4
1,3821,103,337,206,674,4
1,3822,103,338,206,676,4
1,3823,103,339,206,678,4
1,3824,103,340,206,680,4
1,3825,103,341,206,682,4
1,3826,103,350,206,701,2
1,3827,103,351,206,702,4
1,3828,103,352,206,704,4
1,3829,103,353,206,706,4
1,3830,103,354,206,708,4
1,3831,103,355,206,710,4
1,3832,103,356,206,712,4
1,3833,103,357,206,714,4
1,3834,103,358,206,716,4
1,3835,103,359,206,718,1
1,3836,103,425,206,851,2
1,3837,103,426,206,852,4
1,3838,103,427,206,854,4
1,3839,103,428,206,856,4
1,3840,103,429,206,858,4
1,3841,103,430,206,860,4
1,3842,103,431,206,862,4
1,3843,103,432,206,864,2
1,3844,104,335,209,671,1
1,3845,104,336,208,672,4
1,3846,104,337,208,674,4
1,3847,104,338,208,676,4
1,3848,104,339,208,678,4
1,3849,104,340,208,680,4
1,3850,104,341,208,682,4
1,3851,104,342,209,684,1
1,3852,104,350,208,701,2
1,3853,104,351,208,702,4
1,3854,104,352,208,704,4
1,3855,104,353,208,706,4
1,3856,104,354,208,708,4
1,3857,104,355,208,710,4
1,3858,104,356,208,712,4
1,3859,104,357,208,714,4
1,3860,104,358,208,716,2
1,3861,104,425,208,851,2
1,3862,104,426,208,852,4
1,3863,104,427,208,854,4
1,3864,104,428,208,856,4
1,3865,104,429,208,858,4
1,3866,104,430,208,860,4
1,3867,104,431,208,862,4
1,3868,104,432,208,864,2
1,3869,105,334,211,669,1
1,3870,105,335,210,671,3
1,3871,105,336,210,672,4
1,3872,105,337,210,674,4
1,3873,105,338,210,676,4
1,3874,105,339,210,678,4
1,3875,105,340,210,680,4
1,3876,105,341,210,682,4
1,3877,105,342,210,684,1
1,3878,105,350,210,701,2
1,3879,105,351,210,702,4
1,3880,105,352,210,704,4
1,3881,105,353,210,706,4
1,3882,105,354,210,708,4
1,3883,105,355,210,710,4
1,3884,105,356,210,712,4
1,3885,105,357,210,714,4
1,3886,105,358,211,716,2
1,3887,105,425,210,851,2
1,3888,105,426,210,852,3
1,3889,105,427,210,854,2
1,3890,105,428,210,856,4
1,3891,105,429,210,858,4
1,3892,105,430,210,860,2
1,3893,105,431,210,862,3
1,3894,105,432,210,864,2
1,3895,106,334,212,668,4
1,3896,106,335,212,670,3
1,3897,106,336,212,672,4
1,3898,106,337,212,674,4
1,3899,106,338,212,676,4
1,3900,106,339,212,678,4
1,3901,106,340,212,680,4
1,3902,106,341,212,682,4
1,3903,106,350,212,701,2
1,3904,106,351,212,702,4
1,3905,106,352,212,704,4
1,3906,106,353,212,706,4
1,3907,106,354,212,708,4
1,3908,106,355,212,710,4
1,3909,106,356,212,712,4
1,3910,106,357,212,714,4
1,3911,106,358,212,716,4
1,3912,106,359,212,718,3
1,3913,106,428,212,856,4
1,3914,106,429,212,858,4
1,3915,107,334,214,668,1
1,3916,107,337,214,674,4
1,3917,107,338,214,676,4
1,3918,107,339,214,678,4
1,3919,107,340,214,680,4
1,3920,107,341,214,682,3
1,3921,107,350,214,701,2
1,3922,107,351,214,702,4
1,3923,107,352,214,704,4
1,3924,107,353,214,706,4
1,3925,107,354,214,708,4
1,3926,107,355,214,710,4
1,3927,107,356,214,712,4
1,3928,107,357,214,714,4
1,3929,107,358,214,716,4
1,3930,107,359,214,718,4
1,3931,107,360,214,720,2
1,3932,107,426,214,852,3
1,3933,107,427,215,854,2
1,3934,107,428,214,856,4
1,3935,107,429,214,858,4
1,3936,107,430,215,860,2
1,3937,107,431,214,863,3
1,3938,108,337,216,675,2
1,3939,108,338,216,676,3
1,3940,108,339,216,678,2
1,3941,108,340,216,680,2
1,3942,108,341,216,682,1
1,3943,108,350,216,701,2
1,3944,108,351,216,702,4
1,3945,108,352,216,704,4
1,3946,108,353,216,706,4
1,3947,108,354,216,708,4
1,3948,108,355,216,710,4
1,3949,108,356,216,712,4
1,3950,108,357,216,714,4
1,3951,108,358,216,716,4
1,3952,108,359,216,718,4
1,3953,108,417,217,835,1
1,3954,108,422,217,844,2
1,3955,108,423,216,846,2
1,3956,108,426,216,852,4
1,3957,108,427,216,854,4
1,3958,108,428,216,856,4
1,3959,108,429,216,858,4
1,3960,108,430,216,860,4
1,3961,108,431,216,862,4
1,3962,108,434,216,869,2
1,3963,108,435,217,870,2
1,3964,108,440,217,880,1
1,3965,109,337,218,675,1
1,3966,109,350,218,701,2
1,3967,109,351,218,702,4
1,3968,109,352,218,704,4
1,3969,109,353,218,706,4
1,3970,109,354,218,708,4
1,3971,109,355,218,710,4
1,3972,109,356,218,712,4
1,3973,109,357,218,714,4
1,3974,109,358,218,716,4
1,3975,109,359,218,719,1
1,3976,109,359,219,718,1
1,3977,109,416,219,833,1
1,3978,109,417,218,834,4
1,3979,109,418,219,836,1
1,3980,109,421,219,843,1
1,3981,109,422,218,844,4
1,3982,109,423,218,846,2
1,3983,109,426,218,852,4
1,3984,109,427,218,854,4
1,3985,109,428,218,856,4
1,3986,109,429,218,858,4
1,3987,109,430,218,860,4
1,3988,109,431,218,862,4
1,3989,109,434,218,869,2
1,3990,109,435,218,870,4
1,3991,109,436,219,872,1
1,3992,109,439,219,879,1
1,3993,109,440,218,880,4
1,3994,109,441,219,882,1
1,3995,110,350,220,701,2
1,3996,110,351,220,702,4
1,3997,110,352,220,704,4
1,3998,110,353,220,706,4
1,3999,110,354,220,708,4
1,4000,110,355,220,710,4
1,4001,110,356,220,712,4
1,4002,110,357,220,714,3
1,4003,110,358,220,717,1
1,4004,110,359,220,718,1
1,4005,110,415,221,831,1
1,4006,110,416,220,832,4
1,4007,110,417,220,834,4
1,4008,110,418,220,836,3
1,4009,110,419,221,838,2
1,4010,110,420,221,840,2
1,4011,110,421,220,842,4
1,4012,110,422,220,844,4
1,4013,110,423,220,846,3
1,4014,110,424,221,848,2
1,4015,110,425,221,850,2
1,4016,110,426,220,852,4
1,4017,110,427,220,854,4
1,4018,110,428,220,856,4
1,4019,110,429,220,858,4
1,4020,110,430,220,860,4
1,4021,110,431,220,862,4
1,4022,110,432,221,864,2
1,4023,110,433,221,866,2
1,4024,110,434,220,869,3
1,4025,110,435,220,870,4
1,4026,110,436,220,872,3
1,4027,110,437,221,874,2
1,4028,110,438,221,876,2
1,4029,110,439,220,878,4
1,4030,110,440,220,880,4
1,4031,110,441,220,882,4
1,4032,110,442,221,884,1
1,4033,111,238,222,477,2
1,4034,111,239,222,478,4
1,4035,111,240,222,480,4
1,4036,111,241,222,482,4
1,4037,111,242,222,484,4
1,4038,111,243,222,486,4
1,4039,111,244,222,488,4
1,4040,111,245,222,490,4
1,4041,111,246,222,492,3
1,4042,111,247,223,494,2
1,4043,111,248,223,496,1
1,4044,111,350,222,701,2
1,4045,111,351,222,702,4
1,4046,111,352,222,704,4
1,4047,111,353,222,706,4
1,4048,111,354,222,708,4
1,4049,111,355,222,710,4
1,4050,111,356,222,712,4
1,4051,111,357,222,714,2
1,4052,111,414,223,829,1
1,4053,111,415,222,830,4
1,4054,111,416,222,832,4
1,4055,111,417,222,834,4
1,4056,111,418,222,836,4
1,4057,111,419,222,838,4
1,4058,111,420,222,840,4
1,4059,111,421,222,842,4
1,4060,111,422,222,844,4
1,4061,111,423,222,846,4
1,4062,111,424,222,848,4
1,4063,111,425,222,850,4
1,4064,111,426,222,852,4
1,4065,111,427,222,854,4
1,4066,111,428,222,856,4
1,4067,111,429,222,858,4
1,4068,111,430,222,860,4
1,4069,111,431,222,862,4
1,4070,111,432,222,864,4
1,4071,111,433,222,866,4
1,4072,111,434,222,868,4
1,4073,111,435,222,870,4
1,4074,111,436,222,872,4
1,4075,111,437,222,874,4
1,4076,111,438,222,876,4
1,4077,111,439,222,878,4
1,4078,111,440,222,880,4
1,4079,111,441,222,882,4
1,4080,111,442,222,884,4
1,4081,111,443,223,886,1
1,4082,112,238,224,477,2
1,4083,112,239,224,478,4
1,4084,112,240,224,480,4
1,4085,112,241,224,482,4
1,4086,112,242,224,484,4
1,4087,112,243,224,486,4
1,4088,112,244,224,488,4
1,4089,112,245,224,490,4
1,4090,112,246,224,492,4
1,4091,112,247,224,494,4
1,4092,112,248,224,496,4
1,4093,112,249,225,498,1
1,4094,112,350,224,701,2
1,4095,112,351,224,702,4
1,4096,112,352,224,704,4
1,4097,112,353,224,706,4
1,4098,112,354,224,708,4
1,4099,112,355,224,710,4
1,4100,112,356,224,712,4
1,4101,112,357,224,714,2
1,4102,112,413,225,827,1
1,4103,112,414,224,828,4
1,4104,112,415,224,830,4
1,4105,112,416,224,832,4
1,4106,112,417,224,834,4
1,4107,112,418,224,836,4
1,4108,112,419,224,838,4
1,4109,112,420,224,840,4
1,4110,112,421,224,842,4
1,4111,112,422,224,844,4
1,4112,112,423,224,846,4
1,4113,112,424,224,848,4
1,4114,112,425,224,850,4
1,4115,112,426,224,852,4
1,4116,112,427,224,854,4
1,4117,112,428,224,856,4
1,4118,112,429,224,858,4
1,4119,112,430,224,860,4
1,4120,112,431,224,862,4
1,4121,112,432,224,864,4
1,4122,112,433,224,866,4
1,4123,112,434,224,868,4
1,4124,112,435,224,870,4
1,4125,112,436,224,872,4
1,4126,112,437,224,874,4
1,4127,112,438,224,876,4
1,4128,112,439,224,878,4
1,4129,112,440,224,880,4
1,4130,112,441,224,882,4
1,4131,112,442,224,884,4
1,4132,112,443,224,886,4
1,4133,112,444,225,888,1
1,4134,113,238,226,477,2
1,4135,113,239,226,478,4
1,4136,113,240,226,480,4
1,4137,113,241,226,482,4
1,4138,113,242,226,484,4
1,4139,113,243,226,486,4
1,4140,113,244,226,488,4
1,4141,113,245,226,490,4
1,4142,113,246,226,492,4
1,4143,113,247,226,494,4
1,4144,113,248,226,496,4
1,4145,113,249,226,498,3
1,4146,113,350,226,701,2
1,4147,113,351,226,702,4
1,4148,113,352,226,704,4
1,4149,113,353,226,706,4
1,4150,113,354,226,708,4
1,4151,113,355,226,710,4
1,4152,113,356,226,712,4
1,4153,113,357,226,714,2
1,4154,113,413,226,826,4
1,4155,113,414,226,828,4
1,4156,113,415,226,830,4
1,4157,113,416,226,832,4
1,4158,113,417,226,834,4
1,4159,113,418,226,836,4
1,4160,113,419,226,838,4
1,4161,113,420,226,840,4
1,4162,113,421,226,842,4
1,4163,113,422,226,844,4
1,4164,113,423,226,846,4
1,4165,113,424,226,848,4
1,4166,113,425,226,850,4
1,4167,113,426,226,852,4
1,4168,113,427,226,854,4
1,4169,113,428,226,856,4
1,4170,113,429,226,858,4
1,4171,113,430,226,860,4
1,4172,113,431,226,862,4
1,4173,113,432,226,864,4
1,4174,113,433,226,866,4
1,4175,113,434,226,868,4
1,4176,113,435,226,870,4
1,4177,113,436,226,872,4
1,4178,113,437,226,874,4
1,4179,113,438,226,876,4
1,4180,113,439,226,878,4
1,4181,113,440,226,880,4
1,4182,113,441,226,882,4
1,4183,113,442,226,884,4
1,4184,113,443,226,886,4
1,4185,113,444,226,888,3
1,4186,114,238,228,477,2
1,4187,114,239,228,478,4
1,4188,114,240,228,480,4
1,4189,114,241,228,482,4
1,4190,114,242,228,484,4
1,4191,114,243,228,486,4
1,4192,114,244,228,488,4
1,4193,114,245,228,490,4
1,4194,114,246,228,492,4
1,4195,114,247,228,494,4
1,4196,114,248,228,496,4
1,4197,114,249,228,498,4
1,4198,114,250,228,500,3
1,4199,114,350,229,701,1
1,4200,114,351,228,702,4
1,4201,114,352,228,704,4
1,4202,114,353,228,706,4
1,4203,114,354,228,708,4
1,4204,114,355,228,710,4
1,4205,114,356,228,712,4
1,4206,114,357,228,714,2
1,4207,114,414,228,829,1
1,4208,114,415,228,830,4
1,4209,114,416,228,832,4
1,4210,114,417,228,834,4
1,4211,114,418,228,836,4
1,4212,114,419,228,838,4
1,4213,114,420,228,840,4
1,4214,114,421,228,842,4
1,4215,114,422,228,844,4
1,4216,114,423,228,846,4
1,4217,114,424,228,848,4
1,4218,114,425,228,850,2
1,4219,114,426,228,852,2
1,4220,114,427,228,854,4
1,4221,114,428,228,856,4
1,4222,114,429,228,858,4
1,4223,114,430,228,860,4
1,4224,114,431,228,862,2
1,4225,114,432,228,864,2
1,4226,114,433,228,866,4
1,4227,114,434,228,868,4
1,4228,114,435,228,870,4
1,4229,114,436,228,872,4
1,4230,114,437,228,874,4
1,4231,114,438,228,876,4
1,4232,114,439,228,878,4
1,4233,114,440,228,880,4
1,4234,114,441,228,882,4
1,4235,114,442,228,884,4
1,4236,114,443,228,886,1
1,4237,115,238,230,477,2
1,4238,115,239,230,478,4
1,4239,115,240,230,480,4
1,4240,115,241,230,482,4
1,4241,115,242,230,484,4
1,4242,115,243,230,486,4
1,4243,115,244,230,488,4
1,4244,115,245,230,490,4
1,4245,115,246,230,492,4
1,4246,115,247,230,494,4
1,4247,115,248,230,496,4
1,4248,115,249,230,498,4
1,4249,115,250,230,500,4
1,4250,115,251,230,502,3
1,4251,115,350,230,701,2
1,4252,115,351,230,702,4
1,4253,115,352,230,704,4
1,4254,115,353,230,706,4
1,4255,115,354,230,708,4
1,4256,115,355,230,710,4
1,4257,115,356,230,712,4
1,4258,115,357,230,714,2
1,4259,115,415,230,830,4
1,4260,115,416,230,832,4
1,4261,115,417,230,834,4
1,4262,115,418,230,836,4
1,4263,115,419,230,838,4
1,4264,115,420,230,840,3
1,4265,115,421,230,842,2
1,4266,115,422,230,844,2
1,4267,115,423,230,846,4
1,4268,115,424,230,848,1
1,4269,115,427,230,855,1
1,4270,115,428,230,856,4
1,4271,115,429,230,858,4
1,4272,115,430,230,860,1
1,4273,115,433,230,867,1
1,4274,115,434,230,868,4
1,4275,115,435,230,870,2
1,4276,115,436,230,872,2
1,4277,115,437,230,874,3
1,4278,115,438,230,876,4
1,4279,115,439,230,878,4
1,4280,115,440,230,880,4
1,4281,115,441,230,882,4
1,4282,115,442,230,884,4
1,4283,116,238,232,477,2
1,4284,116,239,232,478,4
1,4285,116,240,232,480,4
1,4286,116,241,232,482,4
1,4287,116,242,232,484,4
1,4288,116,243,232,486,4
1,4289,116,244,232,488,4
1,4290,116,245,232,490,4
1,4291,116,246,232,492,4
1,4292,116,247,232,494,4
1,4293,116,248,232,496,4
1,4294,116,249,232,498,4
1,4295,116,250,232,500,4
1,4296,116,251,232,502,4
1,4297,116,252,233,504,1
1,4298,116,350,232,701,2
1,4299,116,351,232,702,4
1,4300,116,352,232,704,4
1,4301,116,353,232,706,4
1,4302,116,354,232,708,4
1,4303,116,355,232,710,4
1,4304,116,356,232,712,4
1,4305,116,357,232,714,2
1,4306,116,414,233,829,1
1,4307,116,415,232,830,4
1,4308,116,416,232,832,4
1,4309,116,417,232,834,4
1,4310,116,418,232,836,4
1,4311,116,419,232,838,4
1,4312,116,423,232,847,1
1,4313,116,428,232,856,2
1,4314,116,429,232,858,2
1,4315,116,434,232,868,1
1,4316,116,438,232,876,3
1,4317,116,439,232,878,4
1,4318,116,440,232,880,4
1,4319,116,441,232,882,4
1,4320,116,442,232,884,4
1,4321,116,443,233,886,1
1,4322,117,238,234,477,2
1,4323,117,239,234,478,4
1,4324,117,240,234,480,4
1,4325,117,241,234,482,4
1,4326,117,242,234,484,4
1,4327,117,243,234,486,4
1,4328,117,244,234,488,4
1,4329,117,245,234,490,4
1,4330,117,246,234,492,4
1,4331,117,247,234,494,4
1,4332,117,248,234,496,4
1,4333,117,249,234,498,4
1,4334,117,250,234,500,4
1,4335,117,251,234,502,4
1,4336,117,252,234,504,4
1,4337,117,253,234,506,3
1,4338,117,254,235,508,1
1,4339,117,350,234,701,2
1,4340,117,351,234,702,4
1,4341,117,352,234,704,4
1,4342,117,353,234,706,4
1,4343,117,354,234,708,4
1,4344,117,355,234,710,4
1,4345,117,356,234,712,4
1,4346,117,357,234,714,2
1,4347,117,413,235,826,2
1,4348,117,414,234,829,3
1,4349,117,415,234,830,4
1,4350,117,416,234,832,4
1,4351,117,417,234,834,4
1,4352,117,418,234,836,4
1,4353,117,419,234,838,4
1,4354,117,438,234,877,2
1,4355,117,439,234,878,4
1,4356,117,440,234,880,4
1,4357,117,441,234,882,4
1,4358,117,442,234,884,4
1,4359,117,443,234,886,4
1,4360,117,444,235,888,2
1,4361,118,238,236,476,4
1,4362,118,239,236,478,4
1,4363,118,240,236,480,4
1,4364,118,241,236,482,4
1,4365,118,242,236,484,4
1,4366,118,243,236,486,4
1,4367,118,244,236,488,4
1,4368,118,245,236,490,4
1,4369,118,246,236,492,4
1,4370,118,247,236,494,4
1,4371,118,248,236,496,4
1,4372,118,249,236,498,4
1,4373,118,250,236,500,4
1,4374,118,251,236,502,4
1,4375,118,252,236,504,4
1,4376,118,253,236,506,4
1,4377,118,254,236,508,4
1,4378,118,255,236,510,3
1,4379,118,256,237,512,2
1,4380,118,350,236,701,2
1,4381,118,351,236,702,4
1,4382,118,352,236,704,4
1,4383,118,353,236,706,4
1,4384,118,354,236,708,4
1,4385,118,355,236,710,4
1,4386,118,356,236,712,4
1,4387,118,357,236,714,2
1,4388,118,413,236,826,4
1,4389,118,414,236,828,4
1,4390,118,415,236,830,4
1,4391,118,416,236,832,4
1,4392,118,417,236,834,4
1,4393,118,418,236,836,4
1,4394,118,419,236,838,4
1,4395,118,438,236,876,4
1,4396,118,439,236,878,4
1,4397,118,440,236,880,4
1,4398,118,441,236,882,4
1,4399,118,442,236,884,4
1,4400,118,443,236,886,4
1,4401,118,444,236,888,4
1,4402,119,238,238,476,4
1,4403,119,239,238,478,4
1,4404,119,240,238,480,4
1,4405,119,241,238,482,4
1,4406,119,242,238,484,4
1,4407,119,243,238,486,4
1,4408,119,244,238,488,4
1,4409,119,245,238,490,4
1,4410,119,246,238,492,4
1,4411,119,247,238,494,4
1,4412,119,248,238,496,4
1,4413,119,249,238,498,4
1,4414,119,250,238,500,4
1,4415,119,251,238,502,4
1,4416,119,252,238,504,4
1,4417,119,253,238,506,4
1,4418,119,254,238,508,4
1,4419,119,255,238,510,4
1,4420,119,256,238,512,4
1,4421,119,257,238,514,4
1,4422,119,258,239,516,1
1,4423,119,350,238,701,2
1,4424,119,351,238,702,4
1,4425,119,352,238,704,4
1,4426,119,353,238,706,4
1,4427,119,354,238,708,4
1,4428,119,355,238,710,4
1,4429,119,356,238,712,4
1,4430,119,357,238,714,2
1,4431,119,413,238,826,4
1,4432,119,414,238,828,4
1,4433,119,415,238,830,4
1,4434,119,416,238,832,4
1,4435,119,417,238,834,4
1,4436,119,418,238,836,4
1,4437,119,419,238,838,3
1,4438,119,438,238,876,4
1,4439,119,439,238,878,4
1,4440,119,440,238,880,4
1,4441,119,441,238,882,4
1,4442,119,442,238,884,4
1,4443,119,443,238,886,4
1,4444,119,444,238,888,3
1,4445,120,238,240,476,4
1,4446,120,239,240,478,4
1,4447,120,240,240,480,4
1,4448,120,241,240,482,4
1,4449,120,242,240,484,4
1,4450,120,243,240,486,4
1,4451,120,244,240,488,4
1,4452,120,245,240,490,4
1,4453,120,246,240,492,4
1,4454,120,247,240,494,4
1,4455,120,248,240,496,4
1,4456,120,249,240,498,4
1,4457,120,250,240,500,4
1,4458,120,251,240,502,4
1,4459,120,252,240,504,4
1,4460,120,253,240,506,4
1,4461,120,254,240,508,4
1,4462,120,255,240,510,4
1,4463,120,256,240,512,4
1,4464,120,257,240,514,4
1,4465,120,258,240,516,2
1,4466,120,350,240,701,2
1,4467,120,351,240,702,4
1,4468,120,352,240,704,4
1,4469,120,353,240,706,4
1,4470,120,354,240,708,4
1,4471,120,355,240,710,4
1,4472,120,356,240,712,4
1,4473,120,357,240,714,2
1,4474,120,414,240,829,1
1,4475,120,415,240,830,4
1,4476,120,416,240,832,4
1,4477,120,417,240,834,4
1,4478,120,418,240,836,4
1,4479,120,419,240,838,3
1,4480,120,423,241,847,1
1,4481,120,428,241,856,2
1,4482,120,429,241,858,2
1,4483,120,434,241,868,1
1,4484,120,438,240,876,4
1,4485,120,439,240,878,4
1,4486,120,440,240,880,4
1,4487,120,441,240,882,4
1,4488,120,442,240,884,4
1,4489,120,443,240,886,1
1,4490,121,238,242,476,4
1,4491,121,239,242,478,4
1,4492,121,240,242,480,4
1,4493,121,241,242,482,4
1,4494,121,242,242,484,4
1,4495,121,243,242,486,4
1,4496,121,244,242,488,4
1,4497,121,245,242,490,4
1,4498,121,246,242,492,4
1,4499,121,247,242,494,4
1,4500,121,248,242,496,4
1,4501,121,249,242,498,4
1,4502,121,250,242,500,4
1,4503,121,251,242,502,4
1,4504,121,252,242,504,4
1,4505,121,253,242,506,4
1,4506,121,254,242,508,4
1,4507,121,255,242,510,4
1,4508,121,256,242,512,4
1,4509,121,257,242,514,4
1,4510,121,258,242,516,2
1,4511,121,350,242,701,2
1,4512,121,351,242,702,4
1,4513,121,352,242,704,4
1,4514,121,353,242,706,4
1,4515,121,354,242,708,4
1,4516,121,355,242,710,4
1,4517,121,356,242,712,4
1,4518,121,357,242,714,2
1,4519,121,361,242,723,2
1,4520,121,362,242,724,4
1,4521,121,363,242,726,4
1,4522,121,364,242,728,4
1,4523,121,365,242,730,4
1,4524,121,366,242,732,4
1,4525,121,367,242,734,4
1,4526,121,368,242,736,4
1,4527,121,369,242,738,4
1,4528,121,370,243,740,2
1,4529,121,415,242,830,4
1,4530,121,416,242,832,4
1,4531,121,417,242,834,4
1,4532,121,418,242,836,4
1,4533,121,419,242,838,4
1,4534,121,420,243,840,2
1,4535,121,422,243,845,1
1,4536,121,423,242,846,4
1,4537,121,424,243,848,1
1,4538,121,427,243,855,1
1,4539,121,428,242,856,4
1,4540,121,429,242,858,4
1,4541,121,430,243,860,1
1,4542,121,433,243,867,1
1,4543,121,434,242,868,4
1,4544,121,435,243,870,1
1,4545,121,437,243,875,1
1,4546,121,438,242,876,4
1,4547,121,439,242,878,4
1,4548,121,440,242,880,4
1,4549,121,441,242,882,4
1,4550,121,442,242,884,4
1,4551,122,238,244,477,2
1,4552,122,239,244,478,4
1,4553,122,240,244,480,4
1,4554,122,241,244,482,4
1,4555,122,242,244,484,4
1,4556,122,243,244,486,4
1,4557,122,244,244,488,4
1,4558,122,245,244,490,4
1,4559,122,246,244,492,4
1,4560,122,247,244,494,4
1,4561,122,248,244,496,4
1,4562,122,249,244,498,4
1,4563,122,250,244,500,4
1,4564,122,251,244,502,4
1,4565,122,252,244,504,4
1,4566,122,253,244,506,4
1,4567,122,254,244,508,4
1,4568,122,255,244,510,4
1,4569,122,256,244,512,4
1,4570,122,257,244,514,4
1,4571,122,258,244,516,4
1,4572,122,350,244,701,1
1,4573,122,351,244,702,4
1,4574,122,352,244,704,4
1,4575,122,353,244,706,4
1,4576,122,354,244,708,4
1,4577,122,355,244,710,4
1,4578,122,356,244,712,4
1,4579,122,357,244,714,4
1,4580,122,358,245,716,2
1,4581,122,359,245,718,2
1,4582,122,360,245,721,1
1,4583,122,361,244,723,3
1,4584,122,362,244,724,4
1,4585,122,363,244,726,4
1,4586,122,364,244,728,4
1,4587,122,365,244,730,4
1,4588,122,366,244,732,4
1,4589,122,367,244,734,4
1,4590,122,368,244,736,4
1,4591,122,369,244,738,4
1,4592,122,370,244,740,4
1,4593,122,371,245,742,2
1,4594,122,372,245,744,2
1,4595,122,373,245,746,1
1,4596,122,414,245,829,1
1,4597,122,415,244,830,4
1,4598,122,416,244,832,4
1,4599,122,417,244,834,4
1,4600,122,418,244,836,4
1,4601,122,419,244,838,4
1,4602,122,420,244,840,4
1,4603,122,421,244,842,4
1,4604,122,422,244,844,4
1,4605,122,423,244,846,4
1,4606,122,424,244,848,3
1,4607,122,425,245,850,2
1,4608,122,426,245,852,2
1,4609,122,427,244,854,4
1,4610,122,428,244,856,4
1,4611,122,429,244,858,4
1,4612,122,430,244,860,3
1,4613,122,431,245,862,2
1,4614,122,432,245,864,2
1,4615,122,433,244,866,4
1,4616,122,434,244,868,4
1,4617,122,435,244,870,4
1,4618,122,436,244,872,4
1,4619,122,437,244,874,4
1,4620,122,438,244,876,4
1,4621,122,439,244,878,4
1,4622,122,440,244,880,4
1,4623,122,441,244,882,4
1,4624,122,442,244,884,4
1,4625,122,443,245,886,1
1,4626,123,238,246,477,2
1,4627,123,239,246,478,4
1,4628,123,240,246,480,4
1,4629,123,241,246,482,4
1,4630,123,242,246,484,4
1,4631,123,243,246,486,4
1,4632,123,244,246,488,4
1,4633,123,245,246,490,4
1,4634,123,246,246,492,4
1,4635,123,247,246,494,4
1,4636,123,248,246,496,4
1,4637,123,249,246,498,4
1,4638,123,250,246,500,4
1,4639,123,251,246,502,4
1,4640,123,252,246,504,4
1,4641,123,253,246,506,4
1,4642,123,254,246,508,4
1,4643,123,255,246,510,4
1,4644,123,256,246,512,4
1,4645,123,257,246,514,4
1,4646,123,258,246,516,4
1,4647,123,350,246,701,2
1,4648,123,351,246,702,4
1,4649,123,352,246,704,4
1,4650,123,353,246,706,4
1,4651,123,354,246,708,4
1,4652,123,355,246,710,4
1,4653,123,356,246,712,4
1,4654,123,357,246,714,4
1,4655,123,358,246,716,4
1,4656,123,359,246,718,4
1,4657,123,360,246,720,4
1,4658,123,361,246,722,4
1,4659,123,362,246,724,4
1,4660,123,363,246,726,4
1,4661,123,364,246,728,4
1,4662,123,365,246,730,4
1,4663,123,366,246,732,4
1,4664,123,367,246,734,4
1,4665,123,368,246,736,4
1,4666,123,369,246,738,4
1,4667,123,370,246,740,4
1,4668,123,371,246,742,4
1,4669,123,372,246,744,4
1,4670,123,373,246,746,4
1,4671,123,374,247,748,1
1,4672,123,413,247,826,2
1,4673,123,414,246,829,3
1,4674,123,415,246,830,4
1,4675,123,416,246,832,4
1,4676,123,417,246,834,4
1,4677,123,418,246,836,4
1,4678,123,419,246,838,4
1,4679,123,420,246,840,4
1,4680,123,421,246,842,4
1,4681,123,422,246,844,4
1,4682,123,423,246,846,4
1,4683,123,424,246,848,4
1,4684,123,425,246,850,4
1,4685,123,426,246,852,4
1,4686,123,427,246,854,4
1,4687,123,428,246,856,4
1,4688,123,429,246,858,4
1,4689,123,430,246,860,4
1,4690,123,431,246,862,4
1,4691,123,432,246,864,4
1,4692,123,433,246,866,4
1,4693,123,434,246,868,4
1,4694,123,435,246,870,4
1,4695,123,436,246,872,4
1,4696,123,437,246,874,4
1,4697,123,438,246,876,4
1,4698,123,439,246,878,4
1,4699,123,440,246,880,4
1,4700,123,441,246,882,4
1,4701,123,442,246,884,4
1,4702,123,443,246,886,4
1,4703,123,444,247,888,2
1,4704,124,238,248,477,1
1,4705,124,239,248,478,4
1,4706,124,240,248,480,4
1,4707,124,241,248,482,4
1,4708,124,242,248,484,4
1,4709,124,243,248,486,4
1,4710,124,244,248,488,4
1,4711,124,245,248,490,4
1,4712,124,246,248,492,4
1,4713,124,247,248,494,4
1,4714,124,248,248,496,4
1,4715,124,249,248,498,4
1,4716,124,250,248,500,4
1,4717,124,251,248,502,4
1,4718,124,252,248,504,4
1,4719,124,253,248,506,4
1,4720,124,254,248,508,4
1,4721,124,255,248,510,4
1,4722,124,256,248,512,4
1,4723,124,257,248,514,4
1,4724,124,258,248,516,4
1,4725,124,350,248,701,2
1,4726,124,351,248,702,4
1,4727,124,352,248,704,4
1,4728,124,353,248,706,4
1,4729,124,354,248,708,4
1,4730,124,355,248,710,4
1,4731,124,356,248,712,4
1,4732,124,357,248,714,4
1,4733,124,358,248,716,4
1,4734,124,359,248,718,4
1,4735,124,360,248,720,4
1,4736,124,361,248,722,4
1,4737,124,362,248,724,4
1,4738,124,363,248,726,4
1,4739,124,364,248,728,4
1,4740,124,365,248,730,4
1,4741,124,366,248,732,4
1,4742,124,367,248,734,4
1,4743,124,368,248,736,4
1,4744,124,369,248,738,4
1,4745,124,370,248,740,4
1,4746,124,371,248,742,4
1,4747,124,372,248,744,4
1,4748,124,373,248,746,4
1,4749,124,374,248,748,4
1,4750,124,375,248,750,2
1,4751,124,413,248,826,3
1,4752,124,414,248,828,4
1,4753,124,415,248,830,4
1,4754,124,416,248,832,4
1,4755,124,417,248,834,4
1,4756,124,418,248,836,4
1,4757,124,419,248,838,4
1,4758,124,420,248,840,4
1,4759,124,421,248,842,4
1,4760,124,422,248,844,4
1,4761,124,423,248,846,4
1,4762,124,424,248,848,4
1,4763,124,425,248,850,4
1,4764,124,426,248,852,4
1,4765,124,427,248,854,4
1,4766,124,428,248,856,4
1,4767,124,429,248,858,4
1,4768,124,430,248,860,4
1,4769,124,431,248,862,4
1,4770,124,432,248,864,4
1,4771,124,433,248,866,4
1,4772,124,434,248,868,4
1,4773,124,435,248,870,4
1,4774,124,436,248,872,4
1,4775,124,437,248,874,4
1,4776,124,438,248,876,4
1,4777,124,439,248,878,4
1,4778,124,440,248,880,4
1,4779,124,441,248,882,4
1,4780,124,442,248,884,4
1,4781,124,443,248,886,4
1,4782,124,444,248,888,3
1,4783,125,239,250,478,4
1,4784,125,240,250,480,4
1,4785,125,241,250,482,4
1,4786,125,242,250,484,4
1,4787,125,243,250,486,4
1,4788,125,244,250,488,4
1,4789,125,245,250,490,4
1,4790,125,246,250,492,4
1,4791,125,247,250,494,4
1,4792,125,248,250,496,4
1,4793,125,249,250,498,4
1,4794,125,250,250,500,4
1,4795,125,251,250,502,4
1,4796,125,252,250,504,4
1,4797,125,253,250,506,4
1,4798,125,254,250,508,4
1,4799,125,255,250,510,4
1,4800,125,256,250,512,4
1,4801,125,257,250,514,4
1,4802,125,258,250,516,4
1,4803,125,259,250,518,2
1,4804,125,350,250,701,2
1,4805,125,351,250,702,4
1,4806,125,352,250,704,4
1,4807,125,353,250,706,4
1,4808,125,354,250,708,4
1,4809,125,355,250,710,4
1,4810,125,356,250,712,4
1,4811,125,357,250,714,4
1,4812,125,358,250,716,4
1,4813,125,359,250,718,4
1,4814,125,360,250,720,4
1,4815,125,361,250,722,4
1,4816,125,362,250,724,4
1,4817,125,363,250,726,4
1,4818,125,364,250,728,4
1,4819,125,365,250,730,4
1,4820,125,366,250,732,4
1,4821,125,367,250,734,4
1,4822,125,368,250,736,4
1,4823,125,369,250,738,4
1,4824,125,370,250,740,4
1,4825,125,371,250,742,4
1,4826,125,372,250,744,4
1,4827,125,373,250,746,4
1,4828,125,374,250,748,4
1,4829,125,375,250,750,1
1,4830,125,414,250,828,3
1,4831,125,415,250,830,4
1,4832,125,416,250,832,4
1,4833,125,417,250,834,4
1,4834,125,418,250,836,4
1,4835,125,419,250,838,4
1,4836,125,420,250,840,4
1,4837,125,421,250,842,4
1,4838,125,422,250,844,4
1,4839,125,423,250,846,4
1,4840,125,424,250,848,4
1,4841,125,425,250,850,4
1,4842,125,426,250,852,4
1,4843,125,427,250,854,4
1,4844,125,428,250,856,4
1,4845,125,429,250,858,4
1,4846,125,430,250,860,4
1,4847,125,431,250,862,4
1,4848,125,432,250,864,4
1,4849,125,433,250,866,4
1,4850,125,434,250,868,4
1,4851,125,435,250,870,4
1,4852,125,436,250,872,4
1,4853,125,437,250,874,4
1,4854,125,438,250,876,4
1,4855,125,439,250,878,4
1,4856,125,440,250,880,4
1,4857,125,441,250,882,4
1,4858,125,442,250,884,4
1,4859,125,443,250,886,3
1,4860,126,239,252,478,3
1,4861,126,240,252,480,4
1,4862,126,241,252,482,4
1,4863,126,242,252,484,4
1,4864,126,243,252,486,4
1,4865,126,244,252,488,4
1,4866,126,245,252,490,4
1,4867,126,246,252,492,4
1,4868,126,247,252,494,4
1,4869,126,248,252,496,4
1,4870,126,249,252,498,4
1,4871,126,250,252,500,4
1,4872,126,251,252,502,4
1,4873,126,252,252,504,4
1,4874,126,253,252,506,4
1,4875,126,254,252,508,4
1,4876,126,255,252,510,4
1,4877,126,256,252,512,4
1,4878,126,257,252,514,4
1,4879,126,258,252,516,4
1,4880,126,259,252,518,2
1,4881,126,350,252,701,2
1,4882,126,351,252,702,4
1,4883,126,352,252,704,4
1,4884,126,353,252,706,4
1,4885,126,354,252,708,4
1,4886,126,355,252,710,4
1,4887,126,356,252,712,4
1,4888,126,357,252,714,3
1,4889,126,358,252,716,2
1,4890,126,359,252,718,2
1,4891,126,360,252,720,2
1,4892,126,361,252,722,3
1,4893,126,362,252,724,4
1,4894,126,363,252,726,4
1,4895,126,364,252,728,4
1,4896,126,365,252,730,4
1,4897,126,366,252,732,4
1,4898,126,367,252,734,4
1,4899,126,368,252,736,4
1,4900,126,369,252,738,4
1,4901,126,370,252,740,4
1,4902,126,371,252,742,4
1,4903,126,372,252,744,4
1,4904,126,373,252,746,4
1,4905,126,374,252,748,1
1,4906,126,415,252,830,3
1,4907,126,416,252,832,4
1,4908,126,417,252,834,4
1,4909,126,418,252,836,4
1,4910,126,419,252,838,2
1,4911,126,420,252,840,2
1,4912,126,421,252,842,4
1,4913,126,422,252,844,4
1,4914,126,423,252,846,3
1,4915,126,424,252,848,2
1,4916,126,425,252,850,2
1,4917,126,426,252,852,4
1,4918,126,427,252,854,4
1,4919,126,428,252,856,4
1,4920,126,429,252,858,4
1,4921,126,430,252,860,4
1,4922,126,431,252,862,4
1,4923,126,432,252,864,2
1,4924,126,433,252,866,2
1,4925,126,434,252,868,3
1,4926,126,435,252,870,4
1,4927,126,436,252,872,4
1,4928,126,437,252,874,2
1,4929,126,438,252,876,2
1,4930,126,439,252,878,4
1,4931,126,440,252,880,4
1,4932,126,441,252,882,4
1,4933,126,442,252,884,3
1,4934,127,239,254,479,3
1,4935,127,240,254,480,4
1,4936,127,241,254,482,4
1,4937,127,242,254,484,4
1,4938,127,243,254,486,4
1,4939,127,244,254,488,4
1,4940,127,245,254,490,4
1,4941,127,246,254,492,4
1,4942,127,247,254,494,4
1,4943,127,248,254,496,4
1,4944,127,249,254,498,4
1,4945,127,250,254,500,4
1,4946,127,251,254,502,4
1,4947,127,252,254,504,4
1,4948,127,253,254,506,4
1,4949,127,254,254,508,4
1,4950,127,255,254,510,4
1,4951,127,256,254,512,4
1,4952,127,257,254,514,4
1,4953,127,258,254,516,4
1,4954,127,259,254,518,2
1,4955,127,350,254,701,2
1,4956,127,351,254,702,4
1,4957,127,352,254,704,4
1,4958,127,353,254,706,4
1,4959,127,354,254,708,4
1,4960,127,355,254,710,4
1,4961,127,356,254,712,4
1,4962,127,357,254,714,2
1,4963,127,361,254,723,2
1,4964,127,362,254,724,4
1,4965,127,363,254,726,4
1,4966,127,364,254,728,4
1,4967,127,365,254,730,4
1,4968,127,366,254,732,4
1,4969,127,367,254,734,4
1,4970,127,368,254,736,4
1,4971,127,369,254,738,4
1,4972,127,370,254,740,4
1,4973,127,416,254,832,3
1,4974,127,417,254,834,4
1,4975,127,418,254,836,1
1,4976,127,421,254,843,1
1,4977,127,422,254,844,4
1,4978,127,423,254,846,2
1,4979,127,426,254,852,4
1,4980,127,427,254,854,4
1,4981,127,428,254,856,4
1,4982,127,429,254,858,4
1,4983,127,430,254,860,4
1,4984,127,431,254,862,4
1,4985,127,434,254,869,2
1,4986,127,435,254,870,4
1,4987,127,436,254,872,1
1,4988,127,439,254,879,1
1,4989,127,440,254,880,4
1,4990,127,441,254,882,3
1,4991,128,238,257,477,1
1,4992,128,239,256,478,4
1,4993,128,240,256,480,4
1,4994,128,241,256,482,4
1,4995,128,242,256,484,4
1,4996,128,243,256,486,4
1,4997,128,244,256,488,4
1,4998,128,245,256,490,4
1,4999,128,246,256,492,4
1,5000,128,247,256,494,4
1,5001,128,248,256,496,4
1,5002,128,249,256,498,4
1,5003,128,250,256,500,4
1,5004,128,251,256,502,4
1,5005,128,252,256,504,4
1,5006,128,253,256,506,4
1,5007,128,254,256,508,4
1,5008,128,255,256,510,4
1,5009,128,256,256,512,4
1,5010,128,257,256,514,4
1,5011,128,258,256,516,4
1,5012,128,259,256,518,4
1,5013,128,350,256,701,2
1,5014,128,351,256,702,4
1,5015,128,352,256,704,4
1,5016,128,353,256,706,4
1,5017,128,354,256,708,4
1,5018,128,355,256,710,4
1,5019,128,356,256,712,4
1,5020,128,357,256,714,2
1,5021,128,361,256,723,1
1,5022,128,362,256,724,3
1,5023,128,363,256,726,4
1,5024,128,364,256,728,4
1,5025,128,365,256,730,4
1,5026,128,366,256,732,4
1,5027,128,367,256,734,4
1,5028,128,368,256,736,4
1,5029,128,369,256,738,3
1,5030,128,370,256,740,1
1,5031,128,417,256,834,2
1,5032,128,422,256,844,2
1,5033,128,423,256,846,2
1,5034,128,426,256,852,4
1,5035,128,427,256,854,4
1,5036,128,428,256,856,4
1,5037,128,429,256,858,4
1,5038,128,430,256,860,4
1,5039,128,431,256,862,4
1,5040,128,434,256,869,2
1,5041,128,435,256,870,2
1,5042,128,440,256,880,2
1,5043,129,238,258,477,3
1,5044,129,239,258,478,4
1,5045,129,240,258,480,4
1,5046,129,241,258,482,4
1,5047,129,242,258,484,4
1,5048,129,243,258,486,4
1,5049,129,244,258,488,4
1,5050,129,245,258,490,4
1,5051,129,246,258,492,4
1,5052,129,247,258,494,4
1,5053,129,248,258,496,4
1,5054,129,249,258,498,4
1,5055,129,250,258,500,4
1,5056,129,251,258,502,4
1,5057,129,252,258,504,4
1,5058,129,253,258,506,4
1,5059,129,254,258,508,4
1,5060,129,255,258,510,4
1,5061,129,256,258,512,4
1,5062,129,257,258,514,4
1,5063,129,258,258,516,4
1,5064,129,259,258,518,4
1,5065,129,350,258,701,2
1,5066,129,351,258,702,4
1,5067,129,352,258,704,4
1,5068,129,353,258,706,4
1,5069,129,354,258,708,4
1,5070,129,355,258,710,4
1,5071,129,356,258,712,4
1,5072,129,357,258,714,2
1,5073,129,362,258,725,2
1,5074,129,363,258,726,4
1,5075,129,364,258,728,4
1,5076,129,365,258,730,4
1,5077,129,366,258,732,4
1,5078,129,367,258,734,4
1,5079,129,368,258,736,4
1,5080,129,369,258,738,2
1,5081,129,426,258,852,3
1,5082,129,427,258,854,2
1,5083,129,428,258,856,4
1,5084,129,429,258,858,4
1,5085,129,430,258,860,2
1,5086,129,431,258,862,3
1,5087,130,237,261,475,1
1,5088,130,238,260,476,4
1,5089,130,239,260,478,4
1,5090,130,240,260,480,4
1,5091,130,241,260,482,4
1,5092,130,242,260,484,4
1,5093,130,243,260,486,4
1,5094,130,244,260,488,4
1,5095,130,245,260,490,4
1,5096,130,246,260,492,4
1,5097,130,247,260,494,4
1,5098,130,248,260,496,4
1,5099,130,249,260,498,4
1,5100,130,250,260,500,4
1,5101,130,251,260,502,4
1,5102,130,252,260,504,4
1,5103,130,253,260,506,4
1,5104,130,254,260,508,4
1,5105,130,255,260,510,4
1,5106,130,256,260,512,4
1,5107,130,257,260,514,4
1,5108,130,258,260,516,4
1,5109,130,259,260,518,4
1,5110,130,350,260,701,2
1,5111,130,351,260,702,4
1,5112,130,352,260,704,4
1,5113,130,353,260,706,4
1,5114,130,354,260,708,4
1,5115,130,355,260,710,4
1,5116,130,356,260,712,4
1,5117,130,357,260,714,2
1,5118,130,362,260,725,2
1,5119,130,363,260,726,4
1,5120,130,364,260,728,4
1,5121,130,365,260,730,4
1,5122,130,366,260,732,4
1,5123,130,367,260,734,4
1,5124,130,368,260,736,4
1,5125,130,369,260,738,2
1,5126,130,428,260,856,4
1,5127,130,429,260,858,4
1,5128,131,237,262,475,3
1,5129,131,238,262,476,4
1,5130,131,239,262,478,4
1,5131,131,240,262,480,4
1,5132,131,241,262,482,4
1,5133,131,242,262,484,4
1,5134,131,243,262,486,4
1,5135,131,244,262,488,4
1,5136,131,245,262,490,4
1,5137,131,246,262,492,4
1,5138,131,247,262,494,4
1,5139,131,248,262,496,4
1,5140,131,249,262,498,4
1,5141,131,250,262,500,4
1,5142,131,251,262,502,4
1,5143,131,252,262,504,4
1,5144,131,253,262,506,4
1,5145,131,254,262,508,4
1,5146,131,255,262,510,4
1,5147,131,256,262,512,4
1,5148,131,257,262,514,4
1,5149,131,258,262,516,4
1,5150,131,259,262,518,4
1,5151,131,260,262,520,2
1,5152,131,350,262,701,2
1,5153,131,351,262,702,4
1,5154,131,352,262,704,4
1,5155,131,353,262,706,4
1,5156,131,354,262,708,4
1,5157,131,355,262,710,4
1,5158,131,356,262,712,4
1,5159,131,357,262,714,2
1,5160,131,362,262,725,2
1,5161,131,363,262,726,4
1,5162,131,364,262,728,4
1,5163,131,365,262,730,4
1,5164,131,366,262,732,4
1,5165,131,367,262,734,4
1,5166,131,368,262,736,4
1,5167,131,369,262,738,2
1,5168,131,426,263,853,1
1,5169,131,427,263,854,2
1,5170,131,428,262,856,4
1,5171,131,429,262,858,4
1,5172,131,430,263,860,2
1,5173,131,431,262,863,3
1,5174,132,237,264,474,4
1,5175,132,238,264,476,4
1,5176,132,239,264,478,4
1,5177,132,240,264,480,4
1,5178,132,241,264,482,4
1,5179,132,242,264,484,4
1,5180,132,243,264,486,4
1,5181,132,244,264,488,4
1,5182,132,245,264,490,4
1,5183,132,246,264,492,4
1,5184,132,247,264,494,4
1,5185,132,248,264,496,4
1,5186,132,249,264,498,4
1,5187,132,250,264,500,4
1,5188,132,251,264,502,4
1,5189,132,252,264,504,4
1,5190,132,253,264,506,4
1,5191,132,254,264,508,4
1,5192,132,255,264,510,4
1,5193,132,256,264,512,4
1,5194,132,257,264,514,4
1,5195,132,258,264,516,4
1,5196,132,259,264,518,4
1,5197,132,260,264,520,2
1,5198,132,351,264,702,4
1,5199,132,352,264,704,4
1,5200,132,353,264,706,4
1,5201,132,354,264,708,4
1,5202,132,355,264,710,4
1,5203,132,356,264,712,4
1,5204,132,357,264,714,2
1,5205,132,362,264,725,2
1,5206,132,363,264,726,4
1,5207,132,364,264,728,4
1,5208,132,365,264,730,4
1,5209,132,366,264,732,4
1,5210,132,367,264,734,4
1,5211,132,368,264,736,4
1,5212,132,369,264,738,2
1,5213,132,426,264,853,2
1,5214,132,427,264,854,4
1,5215,132,428,264,856,4
1,5216,132,429,264,858,4
1,5217,132,430,264,860,4
1,5218,132,431,264,862,4
1,5219,133,237,266,474,3
1,5220,133,238,266,476,4
1,5221,133,239,266,478,4
1,5222,133,240,266,480,4
1,5223,133,241,266,482,4
1,5224,133,242,266,484,4
1,5225,133,243,266,486,4
1,5226,133,244,266,488,4
1,5227,133,245,266,490,4
1,5228,133,246,266,492,4
1,5229,133,247,266,494,4
1,5230,133,248,266,496,4
1,5231,133,249,266,498,4
1,5232,133,250,266,500,4
1,5233,133,251,266,502,4
1,5234,133,252,266,504,4
1,5235,133,253,266,506,4
1,5236,133,254,266,508,4
1,5237,133,255,266,510,4
1,5238,133,256,266,512,4
1,5239,133,257,266,514,4
1,5240,133,258,266,516,4
1,5241,133,259,266,518,4
1,5242,133,260,266,520,2
1,5243,133,350,266,701,2
1,5244,133,351,266,702,4
1,5245,133,352,266,704,4
1,5246,133,353,266,706,4
1,5247,133,354,266,708,4
1,5248,133,355,266,710,4
1,5249,133,356,266,712,4
1,5250,133,357,266,714,2
1,5251,133,362,266,725,2
1,5252,133,363,266,726,4
1,5253,133,364,266,728,4
1,5254,133,365,266,730,4
1,5255,133,366,266,732,4
1,5256,133,367,266,734,4
1,5257,133,368,266,736,4
1,5258,133,369,266,738,2
1,5259,133,426,266,853,3
1,5260,133,427,266,854,4
1,5261,133,428,266,856,4
1,5262,133,429,266,858,4
1,5263,133,430,266,860,4
1,5264,133,431,266,862,4
1,5265,134,237,268,475,1
1,5266,134,238,268,476,4
1,5267,134,239,268,478,4
1,5268,134,240,268,480,4
1,5269,134,241,268,482,4
1,5270,134,242,268,484,4
1,5271,134,243,268,486,4
1,5272,134,244,268,488,4
1,5273,134,245,268,490,4
1,5274,134,246,268,492,4
1,5275,134,247,268,494,4
1,5276,134,248,268,496,4
1,5277,134,249,268,498,4
1,5278,134,250,268,500,4
1,5279,134,251,268,502,4
1,5280,134,252,268,504,4
1,5281,134,253,268,506,4
1,5282,134,254,268,508,4
1,5283,134,255,268,510,4
1,5284,134,256,268,512,4
1,5285,134,257,268,514,4
1,5286,134,258,268,516,4
1,5287,134,259,268,518,4
1,5288,134,260,268,520,2
1,5289,134,350,268,701,2
1,5290,134,351,268,702,4
1,5291,134,352,268,704,4
1,5292,134,353,268,706,4
1,5293,134,354,268,708,4
1,5294,134,355,268,710,4
1,5295,134,356,268,712,4
1,5296,134,357,268,714,2
1,5297,134,362,268,725,2
1,5298,134,363,268,726,4
1,5299,134,364,268,728,4
1,5300,134,365,268,730,4
1,5301,134,366,268,732,4
1,5302,134,367,268,734,4
1,5303,134,368,268,736,4
1,5304,134,369,268,738,2
1,5305,134,426,268,852,3
1,5306,134,427,268,854,4
1,5307,134,428,268,856,4
1,5308,134,429,268,858,4
1,5309,134,430,268,860,4
1,5310,134,431,268,862,3
1,5311,135,238,270,476,3
1,5312,135,239,270,478,4
1,5313,135,240,270,480,4
1,5314,135,241,270,482,4
1,5315,135,242,270,484,4
1,5316,135,243,270,486,4
1,5317,135,244,270,488,4
1,5318,135,245,270,490,4
1,5319,135,246,270,492,4
1,5320,135,247,270,494,4
1,5321,135,248,270,496,4
1,5322,135,249,270,498,4
1,5323,135,250,270,500,4
1,5324,135,251,270,502,4
1,5325,135,252,270,504,4
1,5326,135,253,270,506,4
1,5327,135,254,270,508,4
1,5328,135,255,270,510,4
1,5329,135,256,270,512,4
1,5330,135,257,270,514,4
1,5331,135,258,270,516,4
1,5332,135,259,270,518,4
1,5333,135,260,270,520,2
1,5334,135,350,270,701,1
1,5335,135,351,270,702,3
1,5336,135,352,270,704,4
1,5337,135,353,270,706,4
1,5338,135,354,270,708,4
1,5339,135,355,270,710,4
1,5340,135,356,270,712,2
1,5341,135,357,270,714,1
1,5342,135,362,270,725,2
1,5343,135,363,270,726,3
1,5344,135,364,270,728,2
1,5345,135,365,270,730,4
1,5346,135,366,270,732,4
1,5347,135,367,270,734,2
1,5348,135,368,270,736,3
1,5349,135,369,270,738,2
1,5350,135,427,270,854,4
1,5351,135,428,270,856,4
1,5352,135,429,270,858,4
1,5353,135,430,270,860,4
1,5354,135,431,270,862,2
1,5355,136,238,272,477,2
1,5356,136,239,272,478,4
1,5357,136,240,272,480,4
1,5358,136,241,272,482,4
1,5359,136,242,272,484,4
1,5360,136,243,272,486,4
1,5361,136,244,272,488,4
1,5362,136,245,272,490,4
1,5363,136,246,272,492,4
1,5364,136,247,272,494,4
1,5365,136,248,272,496,4
1,5366,136,249,272,498,4
1,5367,136,250,272,500,4
1,5368,136,251,272,502,4
1,5369,136,252,272,504,4
1,5370,136,253,272,506,4
1,5371,136,254,272,508,4
1,5372,136,255,272,510,4
1,5373,136,256,272,512,4
1,5374,136,257,272,514,4
1,5375,136,258,272,516,4
1,5376,136,259,272,518,4
1,5377,136,260,272,520,2
1,5378,136,351,272,703,2
1,5379,136,352,272,704,4
1,5380,136,353,272,706,4
1,5381,136,354,272,708,4
1,5382,136,355,272,710,4
1,5383,136,365,272,730,4
1,5384,136,366,272,732,4
1,5385,136,427,272,854,4
1,5386,136,428,272,856,4
1,5387,136,429,272,858,4
1,5388,136,430,272,860,4
1,5389,137,239,274,478,4
1,5390,137,240,274,480,4
1,5391,137,241,274,482,4
1,5392,137,242,274,484,4
1,5393,137,243,274,486,4
1,5394,137,244,274,488,4
1,5395,137,245,274,490,4
1,5396,137,246,274,492,4
1,5397,137,247,274,494,4
1,5398,137,248,274,496,4
1,5399,137,249,274,498,4
1,5400,137,250,274,500,4
1,5401,137,251,274,502,4
1,5402,137,252,274,504,4
1,5403,137,253,274,506,4
1,5404,137,254,274,508,4
1,5405,137,255,274,510,4
1,5406,137,256,274,512,4
1,5407,137,257,274,514,4
1,5408,137,258,274,516,4
1,5409,137,259,274,518,4
1,5410,137,260,274,520,2
1,5411,137,351,274,703,2
1,5412,137,352,274,704,4
1,5413,137,353,274,706,4
1,5414,137,354,274,708,4
1,5415,137,355,274,710,4
1,5416,137,363,275,727,1
1,5417,137,364,275,728,2
1,5418,137,365,274,730,4
1,5419,137,366,274,732,4
1,5420,137,367,275,734,2
1,5421,137,427,274,854,4
1,5422,137,428,274,856,4
1,5423,137,429,274,858,4
1,5424,137,430,274,860,4
1,5425,138,239,276,479,2
1,5426,138,240,276,480,4
1,5427,138,241,276,482,4
1,5428,138,242,276,484,4
1,5429,138,243,276,486,4
1,5430,138,244,276,488,4
1,5431,138,245,276,490,4
1,5432,138,246,276,492,4
1,5433,138,247,276,494,4
1,5434,138,248,276,496,4
1,5435,138,249,276,498,4
1,5436,138,250,276,500,4
1,5437,138,251,276,502,4
1,5438,138,252,276,504,4
1,5439,138,253,276,506,4
1,5440,138,254,276,508,4
1,5441,138,255,276,510,4
1,5442,138,256,276,512,4
1,5443,138,257,276,514,4
1,5444,138,258,276,516,4
1,5445,138,259,276,518,4
1,5446,138,260,276,520,2
1,5447,138,351,276,703,2
1,5448,138,352,276,704,4
1,5449,138,353,276,706,4
1,5450,138,354,276,708,4
1,5451,138,355,276,710,4
1,5452,138,363,276,727,2
1,5453,138,364,276,728,4
1,5454,138,365,276,730,4
1,5455,138,366,276,732,4
1,5456,138,367,276,734,4
1,5457,138,426,276,853,2
1,5458,138,427,276,854,4
1,5459,138,428,276,856,4
1,5460,138,429,276,858,4
1,5461,138,430,276,860,4
1,5462,138,490,277,981,1
1,5463,138,491,277,982,2
1,5464,138,492,276,984,4
1,5465,138,493,276,986,4
1,5466,138,494,276,988,4
1,5467,138,495,276,990,3
1,5468,138,496,277,992,2
1,5469,138,497,277,994,1
1,5470,138,532,277,1065,1
1,5471,138,543,277,1086,1
1,5472,139,239,278,479,1
1,5473,139,240,278,480,4
1,5474,139,241,278,482,4
1,5475,139,242,278,484,4
1,5476,139,243,278,486,4
1,5477,139,244,278,488,4
1,5478,139,245,278,490,4
1,5479,139,246,278,492,4
1,5480,139,247,278,494,4
1,5481,139,248,278,496,4
1,5482,139,249,278,498,4
1,5483,139,250,278,500,4
1,5484,139,251,278,502,4
1,5485,139,252,278,504,4
1,5486,139,253,278,506,4
1,5487,139,254,278,508,4
1,5488,139,255,278,510,4
1,5489,139,256,278,512,4
1,5490,139,257,278,514,4
1,5491,139,258,278,516,4
1,5492,139,259,278,518,4
1,5493,139,260,278,520,2
1,5494,139,332,278,664,2
1,5495,139,351,278,703,2
1,5496,139,352,278,704,4
1,5497,139,353,278,706,4
1,5498,139,354,278,708,4
1,5499,139,355,278,710,4
1,5500,139,356,279,712,1
1,5501,139,363,278,726,4
1,5502,139,364,278,728,4
1,5503,139,365,278,730,4
1,5504,139,366,278,732,4
1,5505,139,367,278,734,4
1,5506,139,426,278,852,4
1,5507,139,427,278,854,4
1,5508,139,428,278,856,4
1,5509,139,429,278,858,4
1,5510,139,430,278,860,4
1,5511,139,431,278,862,3
1,5512,139,490,278,981,2
1,5513,139,491,278,982,4
1,5514,139,492,278,984,4
1,5515,139,493,278,986,4
1,5516,139,494,278,988,4
1,5517,139,495,278,990,4
1,5518,139,496,278,992,4
1,5519,139,497,278,994,4
1,5520,139,498,279,996,1
1,5521,139,531,279,1063,1
1,5522,139,532,278,1064,4
1,5523,139,533,279,1066,1
1,5524,139,542,279,1085,1
1,5525,139,543,278,1086,4
1,5526,139,544,279,1088,1
1,5527,140,240,280,480,4
1,5528,140,241,280,482,4
1,5529,140,242,280,484,4
1,5530,140,243,280,486,4
1,5531,140,244,280,488,4
1,5532,140,245,280,490,4
1,5533,140,246,280,492,4
1,5534,140,247,280,494,4
1,5535,140,248,280,496,4
1,5536,140,249,280,498,4
1,5537,140,250,280,500,4
1,5538,140,251,280,502,4
1,5539,140,252,280,504,4
1,5540,140,253,280,506,4
1,5541,140,254,280,508,4
1,5542,140,255,280,510,4
1,5543,140,256,280,512,4
1,5544,140,257,280,514,4
1,5545,140,258,280,516,4
1,5546,140,259,280,518,4
1,5547,140,260,280,520,2
1,5548,140,332,280,664,2
1,5549,140,363,280,726,4
1,5550,140,364,280,728,4
1,5551,140,365,280,730,4
1,5552,140,366,280,732,4
1,5553,140,367,280,734,4
1,5554,140,368,280,736,2
1,5555,140,426,280,852,4
1,5556,140,427,280,854,4
1,5557,140,428,280,856,4
1,5558,140,429,280,858,4
1,5559,140,430,280,860,4
1,5560,140,431,280,862,4
1,5561,140,432,280,864,3
1,5562,140,433,281,866,2
1,5563,140,490,280,981,2
1,5564,140,491,280,982,4
1,5565,140,492,280,984,4
1,5566,140,493,280,986,4
1,5567,140,494,280,988,4
1,5568,140,495,280,990,4
1,5569,140,496,280,992,4
1,5570,140,497,280,994,4
1,5571,140,498,280,996,2
1,5572,140,530,281,1061,1
1,5573,140,531,280,1062,4
1,5574,140,532,280,1064,4
1,5575,140,533,280,1066,3
1,5576,140,534,281,1068,2
1,5577,140,535,281,1070,1
1,5578,140,540,281,1081,1
1,5579,140,541,281,1082,2
1,5580,140,542,280,1084,4
1,5581,140,543,280,1086,4
1,5582,140,544,280,1088,4
1,5583,140,545,281,1090,1
1,5584,141,240,282,481,2
1,5585,141,241,282,482,4
1,5586,141,242,282,484,4
1,5587,141,243,282,486,4
1,5588,141,244,282,488,4
1,5589,141,245,282,490,4
1,5590,141,246,282,492,4
1,5591,141,247,282,494,4
1,5592,141,248,282,496,4
1,5593,141,249,282,498,4
1,5594,141,250,282,500,4
1,5595,141,251,282,502,4
1,5596,141,252,282,504,4
1,5597,141,253,282,506,4
1,5598,141,254,282,508,4
1,5599,141,255,282,510,4
1,5600,141,256,282,512,4
1,5601,141,257,282,514,4
1,5602,141,258,282,516,4
1,5603,141,259,282,518,4
1,5604,141,260,282,520,2
1,5605,141,329,283,658,2
1,5606,141,330,283,660,2
1,5607,141,331,282,663,3
1,5608,141,332,282,664,2
1,5609,141,362,282,725,1
1,5610,141,363,282,726,4
1,5611,141,364,282,728,4
1,5612,141,365,282,730,4
1,5613,141,366,282,732,4
1,5614,141,367,282,734,4
1,5615,141,368,282,736,4
1,5616,141,426,282,852,4
1,5617,141,427,282,854,4
1,5618,141,428,282,856,4
1,5619,141,429,282,858,4
1,5620,141,430,282,860,4
1,5621,141,431,282,862,4
1,5622,141,432,282,864,4
1,5623,141,433,282,866,1
1,5624,141,490,282,981,2
1,5625,141,491,282,982,4
1,5626,141,492,282,984,4
1,5627,141,493,282,986,4
1,5628,141,494,282,988,4
1,5629,141,495,282,990,4
1,5630,141,496,282,992,4
1,5631,141,497,282,994,4
1,5632,141,498,282,996,1
1,5633,141,529,283,1059,1
1,5634,141,530,282,1060,4
1,5635,141,531,282,1062,4
1,5636,141,532,282,1064,4
1,5637,141,533,282,1066,4
1,5638,141,534,282,1068,4
1,5639,141,535,282,1070,3
1,5640,141,536,283,1072,1
1,5641,141,539,283,1079,1
1,5642,141,540,282,1081,3
1,5643,141,541,282,1082,4
1,5644,141,542,282,1084,4
1,5645,141,543,282,1086,4
1,5646,141,544,282,1088,4
1,5647,141,545,282,1090,4
1,5648,141,546,283,1092,1
1,5649,142,240,284,481,1
1,5650,142,241,284,482,4
1,5651,142,242,284,484,4
1,5652,142,243,284,486,4
1,5653,142,244,284,488,4
1,5654,142,245,284,490,4
1,5655,142,246,284,492,4
1,5656,142,247,284,494,4
1,5657,142,248,284,496,4
1,5658,142,249,284,498,4
1,5659,142,250,284,500,4
1,5660,142,251,284,502,4
1,5661,142,252,284,504,4
1,5662,142,253,284,506,4
1,5663,142,254,284,508,4
1,5664,142,255,284,510,4
1,5665,142,256,284,512,4
1,5666,142,257,284,514,4
1,5667,142,258,284,516,4
1,5668,142,259,284,518,4
1,5669,142,260,284,520,2
1,5670,142,328,284,657,1
1,5671,142,329,284,658,4
1,5672,142,330,284,660,4
1,5673,142,331,284,662,4
1,5674,142,332,284,664,2
1,5675,142,363,284,726,3
1,5676,142,364,284,728,4
1,5677,142,365,284,730,4
1,5678,142,366,284,732,4
1,5679,142,367,284,734,4
1,5680,142,368,284,736,2
1,5681,142,425,285,851,1
1,5682,142,426,284,852,4
1,5683,142,427,284,854,4
1,5684,142,428,284,856,4
1,5685,142,429,284,858,4
1,5686,142,430,284,860,4
1,5687,142,431,284,862,4
1,5688,142,432,284,864,4
1,5689,142,491,284,982,3
1,5690,142,492,284,984,4
1,5691,142,493,284,986,4
1,5692,142,494,284,988,4
1,5693,142,495,284,990,4
1,5694,142,496,284,992,4
1,5695,142,497,284,994,4
1,5696,142,528,285,1057,1
1,5697,142,529,284,1058,4
1,5698,142,530,284,1060,4
1,5699,142,531,284,1062,4
1,5700,142,532,284,1064,4
1,5701,142,533,284,1066,4
1,5702,142,534,284,1068,4
1,5703,142,535,284,1070,4
1,5704,142,536,284,1072,4
1,5705,142,537,284,1074,4
1,5706,142,538,284,1076,4
1,5707,142,539,284,1078,4
1,5708,142,540,284,1080,4
1,5709,142,541,284,1082,4
1,5710,142,542,284,1084,4
1,5711,142,543,284,1086,4
1,5712,142,544,284,1088,4
1,5713,142,545,284,1090,4
1,5714,142,546,284,1092,4
1,5715,143,241,286,482,1
1,5716,143,243,286,486,3
1,5717,143,244,286,488,4
1,5718,143,245,286,490,4
1,5719,143,246,286,492,4
1,5720,143,247,286,494,4
1,5721,143,248,286,496,4
1,5722,143,249,286,498,4
1,5723,143,250,286,500,4
1,5724,143,251,286,502,4
1,5725,143,252,286,504,4
1,5726,143,253,286,506,4
1,5727,143,254,286,508,4
1,5728,143,255,286,510,4
1,5729,143,256,286,512,4
1,5730,143,257,286,514,4
1,5731,143,258,286,516,4
1,5732,143,259,286,518,4
1,5733,143,260,286,520,2
1,5734,143,327,287,655,1
1,5735,143,328,286,657,3
1,5736,143,329,286,658,4
1,5737,143,330,286,660,4
1,5738,143,331,286,662,4
1,5739,143,332,286,664,3
1,5740,143,363,286,727,2
1,5741,143,364,286,728,4
1,5742,143,365,286,730,4
1,5743,143,366,286,732,4
1,5744,143,367,286,734,4
1,5745,143,368,286,736,2
1,5746,143,425,286,851,2
1,5747,143,426,286,852,4
1,5748,143,427,286,854,4
1,5749,143,428,286,856,4
1,5750,143,429,286,858,4
1,5751,143,430,286,860,4
1,5752,143,431,286,862,4
1,5753,143,432,286,864,4
1,5754,143,492,286,984,4
1,5755,143,493,286,986,4
1,5756,143,494,286,988,4
1,5757,143,495,286,990,4
1,5758,143,496,286,992,4
1,5759,143,497,286,994,2
1,5760,143,528,286,1056,4
1,5761,143,529,286,1058,4
1,5762,143,530,286,1060,4
1,5763,143,531,286,1062,4
1,5764,143,532,286,1064,4
1,5765,143,533,286,1066,4
1,5766,143,534,286,1068,4
1,5767,143,535,286,1070,4
1,5768,143,536,286,1072,4
1,5769,143,537,286,1074,4
1,5770,143,538,286,1076,4
1,5771,143,539,286,1078,4
1,5772,143,540,286,1080,4
1,5773,143,541,286,1082,4
1,5774,143,542,286,1084,4
1,5775,143,543,286,1086,4
1,5776,143,544,286,1088,4
1,5777,143,545,286,1090,4
1,5778,143,546,286,1092,3
1,5779,144,243,288,487,2
1,5780,144,244,288,488,4
1,5781,144,245,288,490,4
1,5782,144,246,288,492,4
1,5783,144,247,288,494,4
1,5784,144,248,288,496,4
1,5785,144,249,288,498,4
1,5786,144,250,288,500,4
1,5787,144,251,288,502,4
1,5788,144,252,288,504,4
1,5789,144,253,288,506,4
1,5790,144,254,288,508,4
1,5791,144,255,288,510,4
1,5792,144,256,288,512,4
1,5793,144,257,288,514,4
1,5794,144,258,288,516,4
1,5795,144,259,288,518,3
1,5796,144,326,288,653,2
1,5797,144,327,288,654,4
1,5798,144,328,288,656,4
1,5799,144,329,288,658,4
1,5800,144,330,288,660,4
1,5801,144,331,288,662,4
1,5802,144,332,288,664,4
1,5803,144,333,288,666,2
1,5804,144,363,288,727,2
1,5805,144,364,288,728,4
1,5806,144,365,288,730,4
1,5807,144,366,288,732,4
1,5808,144,367,288,734,4
1,5809,144,368,288,736,3
1,5810,144,426,288,852,4
1,5811,144,427,288,854,4
1,5812,144,428,288,856,4
1,5813,144,429,288,858,4
1,5814,144,430,288,860,4
1,5815,144,431,288,862,3
1,5816,144,432,288,864,2
1,5817,144,492,288,984,4
1,5818,144,493,288,986,4
1,5819,144,494,288,988,4
1,5820,144,495,288,990,4
1,5821,144,496,288,992,4
1,5822,144,497,288,994,2
1,5823,144,529,288,1059,1
1,5824,144,530,288,1060,4
1,5825,144,531,288,1062,4
1,5826,144,532,288,1064,4
1,5827,144,533,288,1066,4
1,5828,144,534,288,1068,4
1,5829,144,535,288,1070,4
1,5830,144,536,288,1072,4
1,5831,144,537,288,1074,4
1,5832,144,538,288,1076,4
1,5833,144,539,288,1078,4
1,5834,144,540,288,1080,4
1,5835,144,541,288,1082,4
1,5836,144,542,288,1084,4
1,5837,144,543,288,1086,4
1,5838,144,544,288,1088,4
1,5839,144,545,288,1090,4
1,5840,144,546,288,1092,3
1,5841,145,241,291,483,1
1,5842,145,242,291,484,2
1,5843,145,243,290,487,3
1,5844,145,244,290,488,4
1,5845,145,245,290,490,4
1,5846,145,246,290,492,4
1,5847,145,247,290,494,4
1,5848,145,248,290,496,4
1,5849,145,249,290,498,4
1,5850,145,250,290,500,4
1,5851,145,251,290,502,4
1,5852,145,252,290,504,4
1,5853,145,253,290,506,4
1,5854,145,254,290,508,4
1,5855,145,255,290,510,4
1,5856,145,256,290,512,4
1,5857,145,257,290,514,4
1,5858,145,258,290,516,3
1,5859,145,326,290,653,2
1,5860,145,327,290,654,4
1,5861,145,328,290,656,4
1,5862,145,329,290,658,4
1,5863,145,330,290,660,4
1,5864,145,331,290,662,4
1,5865,145,332,290,664,4
1,5866,145,333,290,666,2
1,5867,145,340,291,680,2
1,5868,145,341,291,682,2
1,5869,145,342,291,684,2
1,5870,145,343,291,686,2
1,5871,145,344,290,688,2
1,5872,145,363,290,727,2
1,5873,145,364,290,728,4
1,5874,145,365,290,730,4
1,5875,145,366,290,732,4
1,5876,145,367,290,734,4
1,5877,145,368,290,736,4
1,5878,145,371,291,743,1
1,5879,145,372,291,744,2
1,5880,145,373,291,746,2
1,5881,145,426,290,852,4
1,5882,145,427,290,854,4
1,5883,145,428,290,856,4
1,5884,145,429,290,858,4
1,5885,145,430,290,860,4
1,5886,145,431,290,862,2
1,5887,145,487,291,974,2
1,5888,145,488,291,976,2
1,5889,145,492,290,984,4
1,5890,145,493,290,986,4
1,5891,145,494,290,988,4
1,5892,145,495,290,990,4
1,5893,145,496,290,992,4
1,5894,145,497,290,994,2
1,5895,145,500,291,1000,1
1,5896,145,530,290,1060,4
1,5897,145,531,290,1062,4
1,5898,145,532,290,1064,4
1,5899,145,533,290,1066,4
1,5900,145,534,290,1068,4
1,5901,145,535,290,1070,4
1,5902,145,536,290,1072,4
1,5903,145,537,290,1074,4
1,5904,145,538,290,1076,4
1,5905,145,539,290,1078,4
1,5906,145,540,290,1080,4
1,5907,145,541,290,1082,4
1,5908,145,542,290,1084,4
1,5909,145,543,290,1086,4
1,5910,145,544,290,1088,4
1,5911,145,545,290,1090,4
1,5912,145,546,290,1092,4
1,5913,145,547,291,1094,2
1,5914,145,549,291,1099,1
1,5915,145,550,291,1100,1
1,5916,146,241,292,483,1
1,5917,146,242,292,484,4
1,5918,146,243,292,486,4
1,5919,146,244,292,488,4
1,5920,146,245,292,490,4
1,5921,146,246,292,492,4
1,5922,146,247,292,494,4
1,5923,146,248,292,496,4
1,5924,146,249,292,498,4
1,5925,146,250,292,500,4
1,5926,146,251,292,502,4
1,5927,146,252,292,504,4
1,5928,146,253,292,506,4
1,5929,146,254,292,508,4
1,5930,146,255,292,510,4
1,5931,146,256,292,512,4
1,5932,146,257,292,514,1
1,5933,146,326,292,653,2
1,5934,146,327,292,654,4
1,5935,146,328,292,656,4
1,5936,146,329,292,658,4
1,5937,146,330,292,660,4
1,5938,146,331,292,662,4
1,5939,146,332,292,664,4
1,5940,146,333,292,666,2
1,5941,146,340,292,680,4
1,5942,146,341,292,682,4
1,5943,146,342,292,684,4
1,5944,146,343,292,686,4
1,5945,146,344,292,688,2
1,5946,146,363,292,727,2
1,5947,146,364,292,728,4
1,5948,146,365,292,730,4
1,5949,146,366,292,732,4
1,5950,146,367,292,734,4
1,5951,146,368,292,736,4
1,5952,146,369,293,738,2
1,5953,146,370,292,741,3
1,5954,146,371,292,742,4
1,5955,146,372,292,744,4
1,5956,146,373,292,746,4
1,5957,146,374,292,748,4
1,5958,146,426,292,852,4
1,5959,146,427,292,854,4
1,5960,146,428,292,856,4
1,5961,146,429,292,858,4
1,5962,146,430,292,860,4
1,5963,146,431,292,862,2
1,5964,146,487,292,974,4
1,5965,146,488,292,976,4
1,5966,146,489,293,978,2
1,5967,146,490,293,980,2
1,5968,146,491,293,982,2
1,5969,146,492,292,984,4
1,5970,146,493,292,986,4
1,5971,146,494,292,988,4
1,5972,146,495,292,990,4
1,5973,146,496,292,992,4
1,5974,146,497,292,994,2
1,5975,146,500,292,1000,4
1,5976,146,518,293,1037,1
1,5977,146,519,292,1038,2
1,5978,146,520,292,1041,2
1,5979,146,521,293,1042,1
1,5980,146,530,292,1061,2
1,5981,146,531,292,1062,4
1,5982,146,532,292,1064,4
1,5983,146,533,292,1066,4
1,5984,146,534,292,1068,4
1,5985,146,535,292,1070,4
1,5986,146,536,292,1072,4
1,5987,146,537,292,1074,4
1,5988,146,538,292,1076,4
1,5989,146,539,292,1078,4
1,5990,146,540,292,1080,4
1,5991,146,541,292,1082,4
1,5992,146,542,292,1084,4
1,5993,146,543,292,1086,4
1,5994,146,544,292,1088,4
1,5995,146,545,292,1090,4
1,5996,146,546,292,1092,4
1,5997,146,547,292,1094,4
1,5998,146,548,292,1096,4
1,5999,146,549,292,1098,4
1,6000,146,550,292,1100,4
1,6001,146,551,293,1102,1
1,6002,147,242,294,484,4
1,6003,147,243,294,486,4
1,6004,147,244,294,488,4
1,6005,147,245,294,490,4
1,6006,147,246,294,492,4
1,6007,147,247,294,494,4
1,6008,147,248,294,496,4
1,6009,147,249,294,498,4
1,6010,147,250,294,500,4
1,6011,147,251,294,502,4
1,6012,147,252,294,504,4
1,6013,147,253,294,506,4
1,6014,147,254,294,508,4
1,6015,147,255,294,510,4
1,6016,147,256,294,512,1
1,6017,147,326,294,653,2
1,6018,147,327,294,654,4
1,6019,147,328,294,656,4
1,6020,147,329,294,658,4
1,6021,147,330,294,660,4
1,6022,147,331,294,662,4
1,6023,147,332,294,664,4
1,6024,147,333,294,666,2
1,6025,147,340,294,680,4
1,6026,147,341,294,682,4
1,6027,147,342,294,684,4
1,6028,147,343,294,686,4
1,6029,147,344,294,688,2
1,6030,147,362,295,725,1
1,6031,147,363,294,727,3
1,6032,147,364,294,728,4
1,6033,147,365,294,730,4
1,6034,147,366,294,732,4
1,6035,147,367,294,734,4
1,6036,147,368,294,736,4
1,6037,147,369,294,738,4
1,6038,147,370,294,740,4
1,6039,147,371,294,742,4
1,6040,147,372,294,744,4
1,6041,147,373,294,746,4
1,6042,147,374,294,748,4
1,6043,147,375,294,750,2
1,6044,147,426,294,852,4
1,6045,147,427,294,854,4
1,6046,147,428,294,856,4
1,6047,147,429,294,858,4
1,6048,147,430,294,860,4
1,6049,147,431,294,862,2
1,6050,147,487,294,974,3
1,6051,147,488,294,976,3
1,6052,147,489,294,978,4
1,6053,147,490,294,980,4
1,6054,147,491,294,982,4
1,6055,147,492,294,984,4
1,6056,147,493,294,986,4
1,6057,147,494,294,988,4
1,6058,147,495,294,990,4
1,6059,147,496,294,992,4
1,6060,147,497,294,994,4
1,6061,147,498,294,996,4
1,6062,147,499,294,998,4
1,6063,147,500,294,1000,4
1,6064,147,501,294,1002,2
1,6065,147,517,295,1035,1
1,6066,147,518,294,1036,4
1,6067,147,519,294,1038,4
1,6068,147,520,294,1040,4
1,6069,147,521,294,1042,4
1,6070,147,522,295,1044,1
1,6071,147,530,294,1061,2
1,6072,147,531,294,1062,4
1,6073,147,532,294,1064,4
1,6074,147,533,294,1066,4
1,6075,147,534,294,1068,4
1,6076,147,535,294,1070,4
1,6077,147,536,294,1072,4
1,6078,147,537,294,1074,4
1,6079,147,538,294,1076,4
1,6080,147,539,294,1078,4
1,6081,147,540,294,1080,4
1,6082,147,541,294,1082,4
1,6083,147,542,294,1084,4
1,6084,147,543,294,1086,4
1,6085,147,544,294,1088,4
1,6086,147,545,294,1090,4
1,6087,147,546,294,1092,4
1,6088,147,547,294,1094,4
1,6089,147,548,294,1096,4
1,6090,147,549,294,1098,4
1,6091,147,550,294,1100,4
1,6092,147,551,294,1102,4
1,6093,147,552,295,1104,1
1,6094,148,242,296,485,2
1,6095,148,243,296,486,4
1,6096,148,244,296,488,4
1,6097,148,245,296,490,4
1,6098,148,246,296,492,4
1,6099,148,247,296,494,4
1,6100,148,248,296,496,4
1,6101,148,249,296,498,4
1,6102,148,250,296,500,4
1,6103,148,251,296,502,4
1,6104,148,252,296,504,4
1,6105,148,253,296,506,4
1,6106,148,254,296,508,4
1,6107,148,255,296,510,1
1,6108,148,326,296,653,2
1,6109,148,327,296,654,4
1,6110,148,328,296,656,4
1,6111,148,329,296,658,4
1,6112,148,330,296,660,4
1,6113,148,331,296,662,4
1,6114,148,332,296,664,4
1,6115,148,333,296,666,2
1,6116,148,340,296,680,4
1,6117,148,341,296,682,4
1,6118,148,342,296,684,4
1,6119,148,343,296,686,4
1,6120,148,344,296,688,2
1,6121,148,361,296,723,3
1,6122,148,362,296,724,4
1,6123,148,363,296,726,4
1,6124,148,364,296,728,4
1,6125,148,365,296,730,4
1,6126,148,366,296,732,4
1,6127,148,367,296,734,4
1,6128,148,368,296,736,4
1,6129,148,369,296,738,4
1,6130,148,370,296,740,4
1,6131,148,371,296,742,4
1,6132,148,372,296,744,4
1,6133,148,373,296,746,4
1,6134,148,374,296,748,4
1,6135,148,375,296,750,3
1,6136,148,426,296,852,4
1,6137,148,427,296,854,4
1,6138,148,428,296,856,4
1,6139,148,429,296,858,4
1,6140,148,430,296,860,4
1,6141,148,431,296,862,2
1,6142,148,489,296,978,3
1,6143,148,490,296,980,4
1,6144,148,491,296,982,4
1,6145,148,492,296,984,4
1,6146,148,493,296,986,4
1,6147,148,494,296,988,4
1,6148,148,495,296,990,4
1,6149,148,496,296,992,4
1,6150,148,497,296,994,4
1,6151,148,498,296,996,4
1,6152,148,499,296,998,4
1,6153,148,500,296,1000,4
1,6154,148,501,296,1002,4
1,6155,148,516,297,1033,1
1,6156,148,517,296,1034,4
1,6157,148,518,296,1036,4
1,6158,148,519,296,1038,4
1,6159,148,520,296,1040,4
1,6160,148,521,296,1042,4
1,6161,148,522,296,1044,4
1,6162,148,530,296,1061,2
1,6163,148,531,296,1062,4
1,6164,148,532,296,1064,4
1,6165,148,533,296,1066,4
1,6166,148,534,296,1068,4
1,6167,148,535,296,1070,4
1,6168,148,536,296,1072,4
1,6169,148,537,296,1074,4
1,6170,148,538,296,1076,4
1,6171,148,539,296,1078,4
1,6172,148,540,296,1080,4
1,6173,148,541,296,1082,4
1,6174,148,542,296,1084,4
1,6175,148,543,296,1086,4
1,6176,148,544,296,1088,4
1,6177,148,545,296,1090,4
1,6178,148,546,296,1092,4
1,6179,148,547,296,1094,4
1,6180,148,548,296,1096,4
1,6181,148,549,296,1098,4
1,6182,148,550,296,1100,4
1,6183,148,551,296,1102,4
1,6184,148,552,296,1104,4
1,6185,149,242,298,485,2
1,6186,149,243,298,486,4
1,6187,149,244,298,488,4
1,6188,149,245,298,490,4
1,6189,149,246,298,492,4
1,6190,149,247,298,494,4
1,6191,149,248,298,496,4
1,6192,149,249,298,498,4
1,6193,149,250,298,500,4
1,6194,149,251,298,502,4
1,6195,149,252,298,504,4
1,6196,149,253,298,506,4
1,6197,149,254,298,508,1
1,6198,149,326,298,653,2
1,6199,149,327,298,654,4
1,6200,149,328,298,656,4
1,6201,149,329,298,658,4
1,6202,149,330,298,660,4
1,6203,149,331,298,662,4
1,6204,149,332,298,664,4
1,6205,149,333,298,666,2
1,6206,149,339,299,679,1
1,6207,149,340,298,680,4
1,6208,149,341,298,682,4
1,6209,149,342,298,684,4
1,6210,149,343,298,686,4
1,6211,149,344,298,688,3
1,6212,149,360,298,721,3
1,6213,149,361,298,722,4
1,6214,149,362,298,724,4
1,6215,149,363,298,726,4
1,6216,149,364,298,728,4
1,6217,149,365,298,730,4
1,6218,149,366,298,732,4
1,6219,149,367,298,734,4
1,6220,149,368,298,736,4
1,6221,149,369,298,738,4
1,6222,149,370,298,740,4
1,6223,149,371,298,742,4
1,6224,149,372,298,744,4
1,6225,149,373,298,746,4
1,6226,149,374,298,748,4
1,6227,149,375,298,750,4
1,6228,149,376,299,752,2
1,6229,149,425,298,851,2
1,6230,149,426,298,852,4
1,6231,149,427,298,854,4
1,6232,149,428,298,856,4
1,6233,149,429,298,858,4
1,6234,149,430,298,860,4
1,6235,149,431,298,862,4
1,6236,149,432,298,864,4
1,6237,149,486,299,973,1
1,6238,149,489,298,979,3
1,6239,149,490,298,980,4
1,6240,149,491,298,982,4
1,6241,149,492,298,984,4
1,6242,149,493,298,986,4
1,6243,149,494,298,988,4
1,6244,149,495,298,990,4
1,6245,149,496,298,992,4
1,6246,149,497,298,994,4
1,6247,149,498,298,996,4
1,6248,149,499,298,998,4
1,6249,149,500,298,1000,4
1,6250,149,501,298,1002,4
1,6251,149,502,299,1004,1
1,6252,149,515,298,1031,1
1,6253,149,516,298,1032,2
1,6254,149,517,298,1034,2
1,6255,149,518,298,1036,4
1,6256,149,519,298,1038,4
1,6257,149,520,298,1040,4
1,6258,149,521,298,1042,4
1,6259,149,522,298,1044,3
1,6260,149,529,299,1058,2
1,6261,149,530,298,1061,3
1,6262,149,531,298,1062,4
1,6263,149,532,298,1064,4
1,6264,149,533,298,1066,4
1,6265,149,534,298,1068,4
1,6266,149,535,298,1070,4
1,6267,149,536,298,1072,4
1,6268,149,537,298,1074,4
1,6269,149,538,298,1076,4
1,6270,149,539,298,1078,4
1,6271,149,540,298,1080,4
1,6272,149,541,298,1082,4
1,6273,149,542,298,1084,4
1,6274,149,543,298,1086,4
1,6275,149,544,298,1088,4
1,6276,149,545,298,1090,4
1,6277,149,546,298,1092,4
1,6278,149,547,298,1094,4
1,6279,149,548,298,1096,4
1,6280,149,549,298,1098,4
1,6281,149,550,298,1100,4
1,6282,149,551,298,1102,4
1,6283,149,552,298,1104,3
1,6284,150,242,300,485,2
1,6285,150,243,300,486,4
1,6286,150,244,300,488,4
1,6287,150,245,300,490,4
1,6288,150,246,300,492,4
1,6289,150,247,300,494,4
1,6290,150,248,300,496,4
1,6291,150,249,300,498,4
1,6292,150,250,300,500,4
1,6293,150,251,300,502,4
1,6294,150,252,300,504,4
1,6295,150,253,300,506,1
1,6296,150,326,300,653,2
1,6297,150,327,300,654,4
1,6298,150,328,300,656,4
1,6299,150,329,300,658,4
1,6300,150,330,300,660,4
1,6301,150,331,300,662,4
1,6302,150,332,300,664,4
1,6303,150,333,300,666,2
1,6304,150,338,300,677,2
1,6305,150,339,300,678,4
1,6306,150,340,300,680,4
1,6307,150,341,300,682,4
1,6308,150,342,300,684,4
1,6309,150,343,300,686,4
1,6310,150,344,300,688,4
1,6311,150,345,300,690,2
1,6312,150,359,300,719,2
1,6313,150,360,300,720,4
1,6314,150,361,300,722,4
1,6315,150,362,300,724,4
1,6316,150,363,300,726,4
1,6317,150,364,300,728,4
1,6318,150,365,300,730,4
1,6319,150,366,300,732,4
1,6320,150,367,300,734,4
1,6321,150,368,300,736,4
1,6322,150,369,300,738,4
1,6323,150,370,300,740,4
1,6324,150,371,300,742,4
1,6325,150,372,300,744,4
1,6326,150,373,300,746,4
1,6327,150,374,300,748,4
1,6328,150,375,300,750,4
1,6329,150,376,300,752,4
1,6330,150,377,301,754,1
1,6331,150,425,300,851,2
1,6332,150,426,300,852,4
1,6333,150,427,300,854,4
1,6334,150,428,300,856,4
1,6335,150,429,300,858,4
1,6336,150,430,300,860,4
1,6337,150,431,300,862,4
1,6338,150,432,300,864,4
1,6339,150,486,300,973,2
1,6340,150,487,300,974,3
1,6341,150,488,300,977,3
1,6342,150,489,300,978,4
1,6343,150,490,300,980,4
1,6344,150,491,300,982,4
1,6345,150,492,300,984,4
1,6346,150,493,300,986,4
1,6347,150,494,300,988,4
1,6348,150,495,300,990,4
1,6349,150,496,300,992,4
1,6350,150,497,300,994,4
1,6351,150,498,300,996,4
1,6352,150,499,300,998,4
1,6353,150,500,300,1000,4
1,6354,150,501,300,1002,4
1,6355,150,502,300,1004,2
1,6356,150,518,300,1036,4
1,6357,150,519,300,1038,4
1,6358,150,520,300,1040,4
1,6359,150,521,300,1042,4
1,6360,150,522,300,1044,3
1,6361,150,529,300,1058,4
1,6362,150,530,300,1060,4
1,6363,150,531,300,1062,4
1,6364,150,532,300,1064,4
1,6365,150,533,300,1066,4
1,6366,150,534,300,1068,4
1,6367,150,535,300,1070,4
1,6368,150,536,300,1072,4
1,6369,150,537,300,1074,4
1,6370,150,538,300,1076,4
1,6371,150,539,300,1078,4
1,6372,150,540,300,1080,4
1,6373,150,541,300,1082,4
1,6374,150,542,300,1084,4
1,6375,150,543,300,1086,4
1,6376,150,544,300,1088,4
1,6377,150,545,300,1090,4
1,6378,150,546,300,1092,4
1,6379,150,547,300,1094,4
1,6380,150,548,300,1096,4
1,6381,150,549,300,1098,4
1,6382,150,550,300,1100,4
1,6383,150,551,300,1102,4
1,6384,150,552,300,1104,3
1,6385,150,567,301,1134,2
1,6386,150,568,301,1136,2
1,6387,151,242,302,484,4
1,6388,151,243,302,486,4
1,6389,151,244,302,488,4
1,6390,151,245,302,490,4
1,6391,151,246,302,492,4
1,6392,151,247,302,494,4
1,6393,151,248,302,496,4
1,6394,151,249,302,498,4
1,6395,151,250,302,500,4
1,6396,151,251,302,502,4
1,6397,151,252,302,504,2
1,6398,151,326,302,653,2
1,6399,151,327,302,654,4
1,6400,151,328,302,656,4
1,6401,151,329,302,658,4
1,6402,151,330,302,660,4
1,6403,151,331,302,662,4
1,6404,151,332,302,664,4
1,6405,151,333,302,666,4
1,6406,151,334,302,668,2
1,6407,151,338,302,676,4
1,6408,151,339,302,678,4
1,6409,151,340,302,680,4
1,6410,151,341,302,682,4
1,6411,151,342,302,684,4
1,6412,151,343,302,686,4
1,6413,151,344,302,688,4
1,6414,151,345,302,690,4
1,6415,151,346,302,692,4
1,6416,151,347,302,694,2
1,6417,151,350,303,701,1
1,6418,151,351,303,702,2
1,6419,151,352,303,704,2
1,6420,151,353,303,706,2
1,6421,151,354,303,708,2
1,6422,151,355,303,710,2
1,6423,151,356,303,712,1
1,6424,151,359,302,719,3
1,6425,151,360,302,720,4
1,6426,151,361,302,722,4
1,6427,151,362,302,724,4
1,6428,151,363,302,726,4
1,6429,151,364,302,728,4
1,6430,151,365,302,730,4
1,6431,151,366,302,732,4
1,6432,151,367,302,734,4
1,6433,151,368,302,736,4
1,6434,151,369,302,738,4
1,6435,151,370,302,740,4
1,6436,151,371,302,742,4
1,6437,151,372,302,744,4
1,6438,151,373,302,746,4
1,6439,151,374,302,748,4
1,6440,151,375,302,750,4
1,6441,151,376,302,752,4
1,6442,151,377,302,754,3
1,6443,151,425,302,851,2
1,6444,151,426,302,852,4
1,6445,151,427,302,854,4
1,6446,151,428,302,856,4
1,6447,151,429,302,858,4
1,6448,151,430,302,860,4
1,6449,151,431,302,862,4
1,6450,151,432,302,864,4
1,6451,151,486,302,973,2
1,6452,151,487,302,974,4
1,6453,151,488,302,976,4
1,6454,151,489,302,978,4
1,6455,151,490,302,980,4
1,6456,151,491,302,982,4
1,6457,151,492,302,984,4
1,6458,151,493,302,986,4
1,6459,151,494,302,988,4
1,6460,151,495,302,990,4
1,6461,151,496,302,992,4
1,6462,151,497,302,994,4
1,6463,151,498,302,996,4
1,6464,151,499,302,998,4
1,6465,151,500,302,1000,4
1,6466,151,501,302,1002,4
1,6467,151,502,302,1004,2
1,6468,151,507,302,1014,4
1,6469,151,508,302,1016,4
1,6470,151,509,303,1018,2
1,6471,151,510,303,1020,2
1,6472,151,518,302,1036,4
1,6473,151,519,302,1038,4
1,6474,151,520,302,1040,4
1,6475,151,521,302,1042,4
1,6476,151,522,302,1044,4
1,6477,151,523,303,1046,2
1,6478,151,525,303,1051,1
1,6479,151,526,303,1052,1
1,6480,151,528,303,1057,1
1,6481,151,529,302,1058,4
1,6482,151,530,302,1060,4
1,6483,151,531,302,1062,4
1,6484,151,532,302,1064,4
1,6485,151,533,302,1066,4
1,6486,151,534,302,1068,4
1,6487,151,535,302,1070,4
1,6488,151,536,302,1072,4
1,6489,151,537,302,1074,4
1,6490,151,538,302,1076,4
1,6491,151,539,302,1078,4
1,6492,151,540,302,1080,4
1,6493,151,541,302,1082,4
1,6494,151,542,302,1084,4
1,6495,151,543,302,1086,4
1,6496,151,544,302,1088,4
1,6497,151,545,302,1090,4
1,6498,151,546,302,1092,4
1,6499,151,547,302,1094,4
1,6500,151,548,302,1096,4
1,6501,151,549,302,1098,4
1,6502,151,550,302,1100,4
1,6503,151,551,302,1102,4
1,6504,151,552,302,1104,4
1,6505,151,553,303,1106,2
1,6506,151,555,303,1111,1
1,6507,151,556,302,1112,2
1,6508,151,566,303,1133,1
1,6509,151,567,302,1134,2
1,6510,151,568,302,1137,2
1,6511,151,569,303,1138,1
1,6512,152,241,304,483,2
1,6513,152,242,304,484,4
1,6514,152,243,304,486,4
1,6515,152,244,304,488,4
1,6516,152,245,304,490,4
1,6517,152,246,304,492,4
1,6518,152,247,304,494,4
1,6519,152,248,304,496,4
1,6520,152,249,304,498,4
1,6521,152,250,304,500,4
1,6522,152,251,304,502,4
1,6523,152,252,304,504,2
1,6524,152,326,304,653,2
1,6525,152,327,304,654,4
1,6526,152,328,304,656,4
1,6527,152,329,304,658,4
1,6528,152,330,304,660,4
1,6529,152,331,304,662,4
1,6530,152,332,304,664,4
1,6531,152,333,304,666,4
1,6532,152,334,304,668,3
1,6533,152,335,305,670,2
1,6534,152,336,305,672,2
1,6535,152,337,305,674,2
1,6536,152,338,304,676,4
1,6537,152,339,304,678,4
1,6538,152,340,304,680,4
1,6539,152,341,304,682,4
1,6540,152,342,304,684,4
1,6541,152,343,304,686,4
1,6542,152,344,304,688,4
1,6543,152,345,304,690,4
1,6544,152,346,304,692,4
1,6545,152,349,304,698,4
1,6546,152,350,304,700,4
1,6547,152,351,304,702,4
1,6548,152,352,304,704,4
1,6549,152,353,304,706,4
1,6550,152,354,304,708,4
1,6551,152,355,304,710,4
1,6552,152,356,304,712,4
1,6553,152,357,304,714,4
1,6554,152,358,304,716,4
1,6555,152,359,304,718,4
1,6556,152,360,304,720,4
1,6557,152,361,304,722,4
1,6558,152,362,304,724,4
1,6559,152,363,304,726,4
1,6560,152,364,304,728,4
1,6561,152,365,304,730,4
1,6562,152,366,304,732,4
1,6563,152,367,304,734,4
1,6564,152,368,304,736,4
1,6565,152,369,304,738,4
1,6566,152,370,304,740,4
1,6567,152,371,304,742,4
1,6568,152,372,304,744,4
1,6569,152,373,304,746,4
1,6570,152,374,304,748,4
1,6571,152,375,304,750,4
1,6572,152,376,304,752,4
1,6573,152,377,304,754,4
1,6574,152,378,304,756,2
1,6575,152,425,304,851,2
1,6576,152,426,304,852,4
1,6577,152,427,304,854,4
1,6578,152,428,304,856,4
1,6579,152,429,304,858,4
1,6580,152,430,304,860,4
1,6581,152,431,304,862,4
1,6582,152,432,304,864,4
1,6583,152,486,304,973,2
1,6584,152,487,304,974,4
1,6585,152,488,304,976,4
1,6586,152,489,304,978,4
1,6587,152,490,304,980,4
1,6588,152,491,304,982,4
1,6589,152,492,304,984,4
1,6590,152,493,304,986,4
1,6591,152,494,304,988,4
1,6592,152,495,304,990,4
1,6593,152,496,304,992,4
1,6594,152,497,304,994,4
1,6595,152,498,304,996,4
1,6596,152,499,304,998,4
1,6597,152,500,304,1000,4
1,6598,152,501,304,1002,4
1,6599,152,502,304,1004,4
1,6600,152,503,304,1006,4
1,6601,152,504,304,1008,4
1,6602,152,505,304,1010,4
1,6603,152,506,304,1012,4
1,6604,152,507,304,1014,4
1,6605,152,508,304,1016,4
1,6606,152,509,304,1018,4
1,6607,152,510,304,1020,4
1,6608,152,511,304,1022,4
1,6609,152,512,304,1024,4
1,6610,152,515,304,1030,4
1,6611,152,516,304,1032,4
1,6612,152,517,304,1034,4
1,6613,152,518,304,1036,4
1,6614,152,519,304,1038,4
1,6615,152,520,304,1040,4
1,6616,152,521,304,1042,4
1,6617,152,522,304,1044,4
1,6618,152,523,304,1046,4
1,6619,152,524,304,1048,4
1,6620,152,525,304,1050,4
1,6621,152,526,304,1052,4
1,6622,152,527,304,1054,4
1,6623,152,528,304,1056,4
1,6624,152,529,304,1058,4
1,6625,152,530,304,1060,4
1,6626,152,531,304,1062,4
1,6627,152,532,304,1064,4
1,6628,152,533,304,1066,4
1,6629,152,534,304,1068,4
1,6630,152,535,304,1070,4
1,6631,152,536,304,1072,4
1,6632,152,537,304,1074,4
1,6633,152,538,304,1076,4
1,6634,152,539,304,1078,4
1,6635,152,540,304,1080,4
1,6636,152,541,304,1082,4
1,6637,152,542,304,1084,4
1,6638,152,543,304,1086,4
1,6639,152,544,304,1088,4
1,6640,152,545,304,1090,3
1,6641,152,546,304,1092,2
1,6642,152,547,304,1094,2
1,6643,152,548,304,1096,2
1,6644,152,549,304,1098,4
1,6645,152,550,304,1100,4
1,6646,152,551,304,1102,4
1,6647,152,552,304,1104,4
1,6648,152,553,304,1106,4
1,6649,152,554,304,1108,4
1,6650,152,555,304,1110,4
1,6651,152,556,304,1112,4
1,6652,152,557,304,1114,3
1,6653,152,558,305,1116,2
1,6654,152,559,305,1118,2
1,6655,152,560,305,1120,2
1,6656,152,561,305,1122,2
1,6657,152,562,305,1124,2
1,6658,152,563,305,1126,2
1,6659,152,564,305,1128,2
1,6660,152,565,305,1130,2
1,6661,152,566,304,1132,4
1,6662,152,567,304,1134,4
1,6663,152,568,304,1136,4
1,6664,152,569,304,1138,3
1,6665,152,570,305,1140,2
1,6666,152,571,305,1142,1
1,6667,152,575,305,1150,1
1,6668,153,241,306,483,3
1,6669,153,242,306,484,4
1,6670,153,243,306,486,4
1,6671,153,244,306,488,4
1,6672,153,245,306,490,4
1,6673,153,246,306,492,4
1,6674,153,247,306,494,4
1,6675,153,248,306,496,4
1,6676,153,249,306,498,4
1,6677,153,250,306,500,4
1,6678,153,251,306,502,4
1,6679,153,252,306,504,2
1,6680,153,254,307,508,2
1,6681,153,255,307,510,1
1,6682,153,326,306,653,2
1,6683,153,327,306,654,4
1,6684,153,328,306,656,4
1,6685,153,329,306,658,4
1,6686,153,330,306,660,4
1,6687,153,331,306,662,4
1,6688,153,332,306,664,4
1,6689,153,333,306,666,4
1,6690,153,334,306,668,4
1,6691,153,335,306,670,4
1,6692,153,336,306,672,4
1,6693,153,337,306,674,4
1,6694,153,338,306,676,4
1,6695,153,339,306,678,4
1,6696,153,340,306,680,4
1,6697,153,341,306,682,4
1,6698,153,342,306,684,4
1,6699,153,343,306,686,4
1,6700,153,344,306,688,4
1,6701,153,345,306,690,4
1,6702,153,346,306,692,4
1,6703,153,349,306,698,4
1,6704,153,350,306,700,4
1,6705,153,351,306,702,4
1,6706,153,352,306,704,4
1,6707,153,353,306,706,4
1,6708,153,354,306,708,4
1,6709,153,355,306,710,4
1,6710,153,356,306,712,4
1,6711,153,357,306,714,4
1,6712,153,358,306,716,4
1,6713,153,359,306,718,4
1,6714,153,360,306,720,4
1,6715,153,361,306,722,4
1,6716,153,362,306,724,4
1,6717,153,363,306,726,4
1,6718,153,364,306,728,4
1,6719,153,365,306,730,4
1,6720,153,366,306,732,4
1,6721,153,367,306,734,4
1,6722,153,368,306,736,4
1,6723,153,369,306,738,4
1,6724,153,370,306,740,4
1,6725,153,371,306,742,4
1,6726,153,372,306,744,4
1,6727,153,373,306,746,4
1,6728,153,374,306,748,4
1,6729,153,375,306,750,4
1,6730,153,376,306,752,4
1,6731,153,377,306,754,4
1,6732,153,425,306,851,2
1,6733,153,426,306,852,4
1,6734,153,427,306,854,4
1,6735,153,428,306,856,4
1,6736,153,429,306,858,4
1,6737,153,430,306,860,4
1,6738,153,431,306,862,4
1,6739,153,432,306,864,4
1,6740,153,486,306,972,4
1,6741,153,487,306,974,4
1,6742,153,488,306,976,4
1,6743,153,489,306,978,4
1,6744,153,490,306,980,4
1,6745,153,491,306,982,4
1,6746,153,492,306,984,4
1,6747,153,493,306,986,4
1,6748,153,494,306,988,4
1,6749,153,495,306,990,4
1,6750,153,496,306,992,4
1,6751,153,497,306,994,4
1,6752,153,498,306,996,4
1,6753,153,499,306,998,4
1,6754,153,500,306,1000,4
1,6755,153,501,306,1002,4
1,6756,153,502,306,1004,4
1,6757,153,503,306,1006,4
1,6758,153,504,306,1008,4
1,6759,153,505,306,1010,4
1,6760,153,506,306,1012,4
1,6761,153,507,306,1014,4
1,6762,153,508,306,1016,4
1,6763,153,509,306,1018,4
1,6764,153,510,306,1020,4
1,6765,153,511,306,1022,4
1,6766,153,512,306,1024,4
1,6767,153,513,306,1026,4
1,6768,153,514,306,1028,4
1,6769,153,515,306,1030,4
1,6770,153,516,306,1032,4
1,6771,153,517,306,1034,4
1,6772,153,518,306,1036,4
1,6773,153,519,306,1038,4
1,6774,153,520,306,1040,4
1,6775,153,521,306,1042,4
1,6776,153,522,306,1044,4
1,6777,153,523,306,1046,4
1,6778,153,524,306,1048,4
1,6779,153,525,306,1050,4
1,6780,153,526,306,1052,4
1,6781,153,527,306,1054,4
1,6782,153,528,306,1056,4
1,6783,153,529,306,1058,4
1,6784,153,530,306,1060,4
1,6785,153,531,306,1062,4
1,6786,153,532,306,1064,4
1,6787,153,533,306,1066,4
1,6788,153,534,306,1068,4
1,6789,153,535,306,1070,4
1,6790,153,536,306,1072,4
1,6791,153,537,306,1074,4
1,6792,153,538,306,1076,4
1,6793,153,539,306,1078,4
1,6794,153,540,306,1080,4
1,6795,153,541,306,1082,4
1,6796,153,542,306,1084,4
1,6797,153,543,306,1086,4
1,6798,153,544,306,1088,4
1,6799,153,545,306,1090,3
1,6800,153,546,307,1092,2
1,6801,153,547,307,1094,2
1,6802,153,548,307,1096,2
1,6803,153,549,306,1098,4
1,6804,153,550,306,1100,4
1,6805,153,551,306,1102,4
1,6806,153,552,306,1104,4
1,6807,153,553,306,1106,4
1,6808,153,554,306,1108,4
1,6809,153,555,306,1110,4
1,6810,153,556,306,1112,4
1,6811,153,557,306,1114,4
1,6812,153,558,306,1116,4
1,6813,153,559,306,1118,4
1,6814,153,560,306,1120,4
1,6815,153,561,306,1122,4
1,6816,153,562,306,1124,4
1,6817,153,563,306,1126,4
1,6818,153,564,306,1128,4
1,6819,153,565,306,1130,4
1,6820,153,566,306,1132,4
1,6821,153,567,306,1134,4
1,6822,153,568,306,1136,4
1,6823,153,569,306,1138,4
1,6824,153,570,306,1140,4
1,6825,153,571,306,1142,4
1,6826,153,572,306,1144,4
1,6827,153,573,306,1146,4
1,6828,153,574,306,1148,4
1,6829,153,575,306,1150,4
1,6830,153,576,307,1152,1
1,6831,154,241,308,482,4
1,6832,154,242,308,484,4
1,6833,154,243,308,486,4
1,6834,154,244,308,488,4
1,6835,154,245,308,490,4
1,6836,154,246,308,492,4
1,6837,154,247,308,494,4
1,6838,154,248,308,496,4
1,6839,154,249,308,498,4
1,6840,154,250,308,500,4
1,6841,154,251,308,502,4
1,6842,154,252,308,504,4
1,6843,154,253,308,506,4
1,6844,154,254,308,508,4
1,6845,154,255,308,510,3
1,6846,154,326,308,653,2
1,6847,154,327,308,654,4
1,6848,154,328,308,656,4
1,6849,154,329,308,658,4
1,6850,154,330,308,660,4
1,6851,154,331,308,662,4
1,6852,154,332,308,664,4
1,6853,154,333,308,666,4
1,6854,154,334,308,668,4
1,6855,154,335,308,670,4
1,6856,154,336,308,672,4
1,6857,154,337,308,674,4
1,6858,154,338,308,676,4
1,6859,154,339,308,678,4
1,6860,154,340,308,680,4
1,6861,154,341,308,682,4
1,6862,154,342,308,684,4
1,6863,154,343,308,686,4
1,6864,154,344,308,688,4
1,6865,154,345,308,690,4
1,6866,154,346,308,692,4
1,6867,154,347,308,694,4
1,6868,154,348,308,696,4
1,6869,154,349,308,698,4
1,6870,154,350,308,700,4
1,6871,154,351,308,702,4
1,6872,154,352,308,704,4
1,6873,154,353,308,706,4
1,6874,154,354,308,708,4
1,6875,154,355,308,710,4
1,6876,154,356,308,712,4
1,6877,154,357,308,714,4
1,6878,154,358,308,716,4
1,6879,154,359,308,718,4
1,6880,154,360,308,720,4
1,6881,154,361,308,722,4
1,6882,154,362,308,724,4
1,6883,154,363,308,726,4
1,6884,154,364,308,728,3
1,6885,154,365,308,730,4
1,6886,154,366,308,732,4
1,6887,154,367,308,734,4
1,6888,154,368,308,736,4
1,6889,154,369,308,738,4
1,6890,154,370,308,740,4
1,6891,154,371,308,742,4
1,6892,154,372,308,744,4
1,6893,154,373,308,746,4
1,6894,154,374,308,748,4
1,6895,154,375,308,750,4
1,6896,154,376,308,752,4
1,6897,154,377,308,754,4
1,6898,154,378,309,756,1
1,6899,154,425,308,851,2
1,6900,154,426,308,852,4
1,6901,154,427,308,854,4
1,6902,154,428,308,856,4
1,6903,154,429,308,858,4
1,6904,154,430,308,860,4
1,6905,154,431,308,862,4
1,6906,154,486,308,972,4
1,6907,154,487,308,974,4
1,6908,154,488,308,976,4
1,6909,154,489,308,978,4
1,6910,154,490,308,980,4
1,6911,154,491,308,982,4
1,6912,154,492,308,984,4
1,6913,154,493,308,986,4
1,6914,154,494,308,988,4
1,6915,154,495,308,990,4
1,6916,154,496,308,992,4
1,6917,154,497,308,994,4
1,6918,154,498,308,996,4
1,6919,154,499,308,998,4
1,6920,154,500,308,1000,4
1,6921,154,501,308,1002,4
1,6922,154,502,308,1004,4
1,6923,154,503,308,1006,4
1,6924,154,504,308,1008,4
1,6925,154,505,308,1010,4
1,6926,154,506,308,1012,4
1,6927,154,507,308,1014,4
1,6928,154,508,308,1016,4
1,6929,154,509,308,1018,4
1,6930,154,510,308,1020,4
1,6931,154,511,308,1022,4
1,6932,154,512,308,1024,4
1,6933,154,513,308,1026,4
1,6934,154,514,308,1028,4
1,6935,154,515,308,1030,4
1,6936,154,516,308,1032,4
1,6937,154,517,308,1034,4
1,6938,154,518,308,1036,4
1,6939,154,519,308,1038,4
1,6940,154,520,308,1040,4
1,6941,154,521,308,1042,4
1,6942,154,522,308,1044,4
1,6943,154,523,308,1046,4
1,6944,154,524,308,1048,4
1,6945,154,525,308,1050,4
1,6946,154,526,308,1052,4
1,6947,154,527,308,1054,4
1,6948,154,528,308,1056,4
1,6949,154,529,308,1058,4
1,6950,154,530,308,1060,4
1,6951,154,531,308,1062,4
1,6952,154,532,308,1064,4
1,6953,154,533,308,1066,4
1,6954,154,534,308,1068,4
1,6955,154,535,308,1070,4
1,6956,154,536,308,1072,4
1,6957,154,537,308,1074,4
1,6958,154,538,308,1076,4
1,6959,154,539,308,1078,4
1,6960,154,540,308,1080,4
1,6961,154,541,308,1082,4
1,6962,154,542,308,1084,4
1,6963,154,543,308,1086,4
1,6964,154,544,308,1088,4
1,6965,154,545,308,1090,4
1,6966,154,546,308,1092,4
1,6967,154,547,308,1094,4
1,6968,154,548,308,1096,4
1,6969,154,549,308,1098,4
1,6970,154,550,308,1100,4
1,6971,154,551,308,1102,4
1,6972,154,552,308,1104,4
1,6973,154,553,308,1106,4
1,6974,154,554,308,1108,4
1,6975,154,555,308,1110,4
1,6976,154,556,308,1112,4
1,6977,154,557,308,1114,4
1,6978,154,558,308,1116,4
1,6979,154,559,308,1118,4
1,6980,154,560,308,1120,4
1,6981,154,561,308,1122,4
1,6982,154,562,308,1124,4
1,6983,154,563,308,1126,4
1,6984,154,564,308,1128,4
1,6985,154,565,308,1130,4
1,6986,154,566,308,1132,4
1,6987,154,567,308,1134,4
1,6988,154,568,308,1136,4
1,6989,154,569,308,1138,4
1,6990,154,570,308,1140,4
1,6991,154,571,308,1142,4
1,6992,154,572,308,1144,4
1,6993,154,573,308,1146,4
1,6994,154,574,308,1148,4
1,6995,154,575,308,1150,4
1,6996,154,576,308,1152,4
1,6997,154,577,309,1154,1
1,6998,155,240,310,481,2
1,6999,155,241,310,482,4
1,7000,155,242,310,484,4
1,7001,155,243,310,486,4
1,7002,155,244,310,488,4
1,7003,155,245,310,490,4
1,7004,155,246,310,492,4
1,7005,155,247,310,494,4
1,7006,155,248,310,496,4
1,7007,155,249,310,498,4
1,7008,155,250,310,500,4
1,7009,155,251,310,502,4
1,7010,155,252,310,504,4
1,7011,155,253,310,506,4
1,7012,155,254,310,508,4
1,7013,155,255,310,510,4
1,7014,155,256,311,512,1
1,7015,155,326,310,653,2
1,7016,155,327,310,654,4
1,7017,155,328,310,656,4
1,7018,155,329,310,658,4
1,7019,155,330,310,660,4
1,7020,155,331,310,662,4
1,7021,155,332,310,664,4
1,7022,155,333,310,666,4
1,7023,155,334,310,668,4
1,7024,155,335,310,670,4
1,7025,155,336,310,672,4
1,7026,155,337,310,674,4
1,7027,155,338,310,676,4
1,7028,155,339,310,678,4
1,7029,155,340,310,680,4
1,7030,155,341,310,682,4
1,7031,155,342,310,684,4
1,7032,155,343,310,686,4
1,7033,155,344,310,688,4
1,7034,155,345,310,690,4
1,7035,155,346,310,692,4
1,7036,155,347,310,694,2
1,7037,155,348,310,696,2
1,7038,155,349,310,698,4
1,7039,155,350,310,700,4
1,7040,155,351,310,702,4
1,7041,155,352,310,704,4
1,7042,155,353,310,706,4
1,7043,155,354,310,708,4
1,7044,155,355,310,710,4
1,7045,155,356,310,712,4
1,7046,155,357,310,714,4
1,7047,155,358,310,716,4
1,7048,155,359,310,718,4
1,7049,155,360,310,720,4
1,7050,155,361,310,722,4
1,7051,155,362,310,724,4
1,7052,155,363,310,726,4
1,7053,155,364,310,728,4
1,7054,155,365,310,730,4
1,7055,155,366,310,732,4
1,7056,155,367,310,734,4
1,7057,155,368,310,736,4
1,7058,155,369,310,738,4
1,7059,155,370,310,740,4
1,7060,155,371,310,742,4
1,7061,155,372,310,744,4
1,7062,155,373,310,746,4
1,7063,155,374,310,748,4
1,7064,155,375,310,750,4
1,7065,155,376,310,752,4
1,7066,155,377,310,754,4
1,7067,155,378,310,756,4
1,7068,155,379,310,758,2
1,7069,155,425,310,851,2
1,7070,155,426,310,852,4
1,7071,155,427,310,854,4
1,7072,155,428,310,856,4
1,7073,155,429,310,858,4
1,7074,155,430,310,860,4
1,7075,155,431,310,862,4
1,7076,155,486,310,973,2
1,7077,155,487,310,974,4
1,7078,155,488,310,976,4
1,7079,155,489,310,978,4
1,7080,155,490,310,980,4
1,7081,155,491,310,982,4
1,7082,155,492,310,984,4
1,7083,155,493,310,986,4
1,7084,155,494,310,988,4
1,7085,155,495,310,990,4
1,7086,155,496,310,992,4
1,7087,155,497,310,994,4
1,7088,155,498,310,996,4
1,7089,155,499,310,998,4
1,7090,155,500,310,1000,4
1,7091,155,501,310,1002,4
1,7092,155,502,310,1004,4
1,7093,155,503,310,1006,4
1,7094,155,504,310,1008,4
1,7095,155,505,310,1010,4
1,7096,155,506,310,1012,4
1,7097,155,507,310,1014,4
1,7098,155,508,310,1016,4
1,7099,155,509,310,1018,4
1,7100,155,510,310,1020,4
1,7101,155,511,310,1022,4
1,7102,155,512,310,1024,4
1,7103,155,513,310,1026,4
1,7104,155,514,310,1028,4
1,7105,155,515,310,1030,4
1,7106,155,516,310,1032,4
1,7107,155,517,310,1034,4
1,7108,155,518,310,1036,4
1,7109,155,519,310,1038,4
1,7110,155,520,310,1040,4
1,7111,155,521,310,1042,4
1,7112,155,522,310,1044,4
1,7113,155,523,310,1046,4
1,7114,155,524,310,1048,4
1,7115,155,525,310,1050,4
1,7116,155,526,310,1052,4
1,7117,155,527,310,1054,4
1,7118,155,528,310,1056,4
1,7119,155,529,310,1058,4
1,7120,155,530,310,1060,4
1,7121,155,531,310,1062,4
1,7122,155,532,310,1064,4
1,7123,155,533,310,1066,4
1,7124,155,534,310,1068,4
1,7125,155,535,310,1070,4
1,7126,155,536,310,1072,4
1,7127,155,537,310,1074,4
1,7128,155,538,310,1076,4
1,7129,155,539,310,1078,4
1,7130,155,540,310,1080,4
1,7131,155,541,310,1082,4
1,7132,155,542,310,1084,4
1,7133,155,543,310,1086,4
1,7134,155,544,310,1088,4
1,7135,155,545,310,1090,3
1,7136,155,546,310,1092,2
1,7137,155,547,310,1094,2
1,7138,155,548,310,1096,2
1,7139,155,549,310,1098,4
1,7140,155,550,310,1100,4
1,7141,155,551,310,1102,4
1,7142,155,552,310,1104,4
1,7143,155,553,310,1106,4
1,7144,155,554,310,1108,4
1,7145,155,555,310,1110,4
1,7146,155,556,310,1112,4
1,7147,155,557,310,1114,4
1,7148,155,558,310,1116,4
1,7149,155,559,310,1118,4
1,7150,155,560,310,1120,4
1,7151,155,561,310,1122,4
1,7152,155,562,310,1124,4
1,7153,155,563,310,1126,4
1,7154,155,564,310,1128,4
1,7155,155,565,310,1130,4
1,7156,155,566,310,1132,4
1,7157,155,567,310,1134,4
1,7158,155,568,310,1136,4
1,7159,155,569,310,1138,4
1,7160,155,570,310,1140,4
1,7161,155,571,310,1142,4
1,7162,155,572,310,1144,4
1,7163,155,573,310,1146,4
1,7164,155,574,310,1148,4
1,7165,155,575,310,1150,4
1,7166,155,576,310,1152,3
1,7167,156,240,312,480,4
1,7168,156,241,312,482,4
1,7169,156,242,312,484,4
1,7170,156,243,312,486,4
1,7171,156,244,312,488,4
1,7172,156,245,312,490,4
1,7173,156,246,312,492,4
1,7174,156,247,312,494,4
1,7175,156,248,312,496,4
1,7176,156,249,312,498,4
1,7177,156,250,312,500,4
1,7178,156,251,312,502,4
1,7179,156,252,312,504,4
1,7180,156,253,312,506,4
1,7181,156,254,312,508,4
1,7182,156,255,312,510,4
1,7183,156,256,312,512,2
1,7184,156,326,312,653,2
1,7185,156,327,312,654,4
1,7186,156,328,312,656,4
1,7187,156,329,312,658,4
1,7188,156,330,312,660,4
1,7189,156,331,312,662,4
1,7190,156,332,312,664,4
1,7191,156,333,312,666,4
1,7192,156,334,312,668,3
1,7193,156,335,312,670,2
1,7194,156,336,312,672,2
1,7195,156,337,312,674,2
1,7196,156,338,312,676,4
1,7197,156,339,312,678,4
1,7198,156,340,312,680,4
1,7199,156,341,312,682,4
1,7200,156,342,312,684,4
1,7201,156,343,312,686,4
1,7202,156,344,312,688,4
1,7203,156,345,312,690,4
1,7204,156,346,312,692,4
1,7205,156,352,312,704,2
1,7206,156,353,312,706,2
1,7207,156,354,312,708,2
1,7208,156,355,312,710,3
1,7209,156,356,312,712,4
1,7210,156,357,312,714,4
1,7211,156,358,312,716,4
1,7212,156,359,312,718,4
1,7213,156,360,312,720,4
1,7214,156,361,312,722,4
1,7215,156,362,312,724,4
1,7216,156,363,312,726,4
1,7217,156,364,312,728,4
1,7218,156,365,312,730,4
1,7219,156,366,312,732,4
1,7220,156,367,312,734,4
1,7221,156,368,312,736,4
1,7222,156,369,312,738,4
1,7223,156,370,312,740,4
1,7224,156,371,312,742,4
1,7225,156,372,312,744,4
1,7226,156,373,312,746,4
1,7227,156,374,312,748,4
1,7228,156,375,312,750,4
1,7229,156,376,312,752,4
1,7230,156,377,312,754,4
1,7231,156,378,312,756,4
1,7232,156,379,312,758,3
1,7233,156,425,312,851,2
1,7234,156,426,312,852,4
1,7235,156,427,312,854,4
1,7236,156,428,312,856,4
1,7237,156,429,312,858,4
1,7238,156,430,312,860,4
1,7239,156,431,312,862,4
1,7240,156,486,312,972,3
1,7241,156,487,312,974,3
1,7242,156,488,312,976,4
1,7243,156,489,312,978,4
1,7244,156,490,312,980,4
1,7245,156,491,312,982,4
1,7246,156,492,312,984,4
1,7247,156,493,312,986,4
1,7248,156,494,312,988,4
1,7249,156,495,312,990,4
1,7250,156,496,312,992,4
1,7251,156,497,312,994,4
1,7252,156,498,312,996,4
1,7253,156,499,312,998,4
1,7254,156,500,312,1000,4
1,7255,156,501,312,1002,4
1,7256,156,502,312,1004,4
1,7257,156,503,312,1006,4
1,7258,156,504,312,1008,4
1,7259,156,505,312,1010,4
1,7260,156,506,312,1012,4
1,7261,156,507,312,1014,4
1,7262,156,508,312,1016,4
1,7263,156,509,312,1018,4
1,7264,156,510,312,1020,4
1,7265,156,511,312,1022,4
1,7266,156,512,312,1024,4
1,7267,156,513,312,1026,2
1,7268,156,514,312,1028,2
1,7269,156,515,312,1030,4
1,7270,156,516,312,1032,4
1,7271,156,517,312,1034,4
1,7272,156,518,312,1036,4
1,7273,156,519,312,1038,4
1,7274,156,520,312,1040,4
1,7275,156,521,312,1042,4
1,7276,156,522,312,1044,4
1,7277,156,523,312,1046,4
1,7278,156,524,312,1048,4
1,7279,156,525,312,1050,4
1,7280,156,526,312,1052,4
1,7281,156,527,312,1054,4
1,7282,156,528,312,1056,4
1,7283,156,529,312,1058,4
1,7284,156,530,312,1060,4
1,7285,156,531,312,1062,4
1,7286,156,532,312,1064,4
1,7287,156,533,312,1066,4
1,7288,156,534,312,1068,4
1,7289,156,535,312,1070,4
1,7290,156,536,312,1072,4
1,7291,156,537,312,1074,4
1,7292,156,538,312,1076,4
1,7293,156,539,312,1078,4
1,7294,156,540,312,1080,4
1,7295,156,541,312,1082,4
1,7296,156,542,312,1084,4
1,7297,156,543,312,1086,4
1,7298,156,544,312,1088,4
1,7299,156,545,312,1090,2
1,7300,156,549,312,1098,4
1,7301,156,550,312,1100,4
1,7302,156,551,312,1102,4
1,7303,156,552,312,1104,4
1,7304,156,553,312,1106,4
1,7305,156,554,312,1108,4
1,7306,156,555,312,1110,2
1,7307,156,556,312,1112,2
1,7308,156,558,312,1117,1
1,7309,156,559,312,1118,2
1,7310,156,560,312,1120,4
1,7311,156,561,312,1122,4
1,7312,156,562,312,1124,4
1,7313,156,563,312,1126,4
1,7314,156,564,312,1128,2
1,7315,156,565,312,1130,2
1,7316,156,566,312,1132,2
1,7317,156,567,312,1134,2
1,7318,156,568,312,1136,2
1,7319,156,569,312,1138,3
1,7320,156,570,312,1140,2
1,7321,156,571,312,1142,2
1,7322,156,572,312,1144,4
1,7323,156,573,312,1146,4
1,7324,156,574,312,1148,4
1,7325,156,575,312,1150,3
1,7326,157,239,315,479,1
1,7327,157,240,314,480,4
1,7328,157,241,314,482,4
1,7329,157,242,314,484,4
1,7330,157,243,314,486,4
1,7331,157,244,314,488,4
1,7332,157,245,314,490,4
1,7333,157,246,314,492,4
1,7334,157,247,314,494,4
1,7335,157,248,314,496,4
1,7336,157,249,314,498,4
1,7337,157,250,314,500,4
1,7338,157,251,314,502,4
1,7339,157,252,314,504,4
1,7340,157,253,314,506,4
1,7341,157,254,314,508,4
1,7342,157,255,314,510,4
1,7343,157,256,314,512,4
1,7344,157,326,314,653,2
1,7345,157,327,314,654,4
1,7346,157,328,314,656,4
1,7347,157,329,314,658,4
1,7348,157,330,314,660,4
1,7349,157,331,314,662,4
1,7350,157,332,314,664,4
1,7351,157,333,314,666,4
1,7352,157,334,314,668,1
1,7353,157,338,314,676,3
1,7354,157,339,314,678,4
1,7355,157,340,314,680,4
1,7356,157,341,314,682,4
1,7357,157,342,314,684,4
1,7358,157,343,314,686,4
1,7359,157,344,314,688,4
1,7360,157,345,314,690,4
1,7361,157,346,314,692,4
1,7362,157,347,314,694,2
1,7363,157,357,314,715,2
1,7364,157,358,314,716,4
1,7365,157,359,314,718,4
1,7366,157,360,314,720,4
1,7367,157,361,314,722,4
1,7368,157,362,314,724,4
1,7369,157,363,314,726,4
1,7370,157,364,314,728,4
1,7371,157,365,314,730,4
1,7372,157,366,314,732,4
1,7373,157,367,314,734,4
1,7374,157,368,314,736,4
1,7375,157,369,314,738,4
1,7376,157,370,314,740,4
1,7377,157,371,314,742,4
1,7378,157,372,314,744,4
1,7379,157,373,314,746,4
1,7380,157,374,314,748,4
1,7381,157,375,314,750,4
1,7382,157,376,314,752,4
1,7383,157,377,314,754,4
1,7384,157,378,314,756,4
1,7385,157,379,314,758,4
1,7386,157,425,314,851,2
1,7387,157,426,314,852,4
1,7388,157,427,314,854,4
1,7389,157,428,314,856,4
1,7390,157,429,314,858,4
1,7391,157,430,314,860,4
1,7392,157,431,314,862,4
1,7393,157,432,315,864,2
1,7394,157,485,315,971,1
1,7395,157,488,314,977,2
1,7396,157,489,314,978,4
1,7397,157,490,314,980,4
1,7398,157,491,314,982,4
1,7399,157,492,314,984,4
1,7400,157,493,314,986,4
1,7401,157,494,314,988,4
1,7402,157,495,314,990,4
1,7403,157,496,314,992,4
1,7404,157,497,314,994,4
1,7405,157,498,314,996,4
1,7406,157,499,314,998,4
1,7407,157,500,314,1000,4
1,7408,157,501,314,1002,4
1,7409,157,502,314,1004,4
1,7410,157,507,314,1014,4
1,7411,157,508,314,1016,4
1,7412,157,509,314,1018,4
1,7413,157,510,314,1020,3
1,7414,157,511,314,1022,2
1,7415,157,512,314,1024,2
1,7416,157,515,314,1030,2
1,7417,157,516,314,1032,2
1,7418,157,517,314,1034,2
1,7419,157,518,314,1036,4
1,7420,157,519,314,1038,4
1,7421,157,520,314,1040,4
1,7422,157,521,314,1042,4
1,7423,157,522,314,1044,4
1,7424,157,523,314,1046,3
1,7425,157,524,314,1048,2
1,7426,157,525,314,1050,2
1,7427,157,526,314,1052,2
1,7428,157,527,314,1054,2
1,7429,157,528,314,1056,3
1,7430,157,529,314,1058,4
1,7431,157,530,314,1060,4
1,7432,157,531,314,1062,4
1,7433,157,532,314,1064,4
1,7434,157,533,314,1066,4
1,7435,157,534,314,1068,4
1,7436,157,535,314,1070,4
1,7437,157,536,314,1072,4
1,7438,157,537,314,1074,4
1,7439,157,538,314,1076,4
1,7440,157,539,314,1078,4
1,7441,157,540,314,1080,4
1,7442,157,541,314,1082,4
1,7443,157,542,314,1084,4
1,7444,157,543,314,1086,4
1,7445,157,544,314,1088,4
1,7446,157,545,314,1090,4
1,7447,157,546,314,1092,4
1,7448,157,547,314,1094,4
1,7449,157,548,314,1096,4
1,7450,157,549,314,1098,4
1,7451,157,550,314,1100,4
1,7452,157,551,314,1102,4
1,7453,157,552,314,1104,4
1,7454,157,553,314,1106,3
1,7455,157,554,314,1108,2
1,7456,157,560,314,1121,1
1,7457,157,561,314,1122,2
1,7458,157,562,314,1124,4
1,7459,157,563,314,1126,1
1,7460,157,572,314,1145,1
1,7461,157,573,314,1147,2
1,7462,157,574,314,1148,3
1,7463,158,239,316,479,3
1,7464,158,240,316,480,4
1,7465,158,241,316,482,4
1,7466,158,242,316,484,4
1,7467,158,243,316,486,4
1,7468,158,244,316,488,4
1,7469,158,245,316,490,4
1,7470,158,246,316,492,4
1,7471,158,247,316,494,4
1,7472,158,248,316,496,4
1,7473,158,249,316,498,4
1,7474,158,250,316,500,4
1,7475,158,251,316,502,4
1,7476,158,252,316,504,4
1,7477,158,253,316,506,4
1,7478,158,254,316,508,4
1,7479,158,255,316,510,4
1,7480,158,256,316,512,4
1,7481,158,257,316,514,4
1,7482,158,258,316,516,4
1,7483,158,259,316,518,4
1,7484,158,260,316,520,4
1,7485,158,261,316,522,4
1,7486,158,262,316,524,4
1,7487,158,263,316,526,2
1,7488,158,326,316,653,2
1,7489,158,327,316,654,4
1,7490,158,328,316,656,4
1,7491,158,329,316,658,4
1,7492,158,330,316,660,4
1,7493,158,331,316,662,4
1,7494,158,332,316,664,4
1,7495,158,333,316,666,3
1,7496,158,334,316,668,1
1,7497,158,338,316,676,3
1,7498,158,339,316,678,4
1,7499,158,340,316,680,4
1,7500,158,341,316,682,4
1,7501,158,342,316,684,4
1,7502,158,343,316,686,4
1,7503,158,344,316,688,4
1,7504,158,345,316,690,3
1,7505,158,346,316,692,2
1,7506,158,347,316,694,1
1,7507,158,357,316,715,2
1,7508,158,358,316,716,4
1,7509,158,359,316,718,4
1,7510,158,360,316,720,4
1,7511,158,361,316,722,4
1,7512,158,362,316,724,4
1,7513,158,363,316,726,4
1,7514,158,364,316,728,4
1,7515,158,365,316,730,4
1,7516,158,366,316,732,4
1,7517,158,367,316,734,4
1,7518,158,368,316,736,4
1,7519,158,369,316,738,4
1,7520,158,370,316,740,4
1,7521,158,371,316,742,4
1,7522,158,372,316,744,4
1,7523,158,373,316,746,4
1,7524,158,374,316,748,4
1,7525,158,375,316,750,4
1,7526,158,376,316,752,4
1,7527,158,377,316,754,4
1,7528,158,378,316,756,4
1,7529,158,379,316,758,4
1,7530,158,380,317,760,1
1,7531,158,425,316,851,2
1,7532,158,426,316,852,4
1,7533,158,427,316,854,4
1,7534,158,428,316,856,4
1,7535,158,429,316,858,4
1,7536,158,430,316,860,4
1,7537,158,431,316,862,4
1,7538,158,432,316,864,4
1,7539,158,485,316,970,4
1,7540,158,488,316,977,2
1,7541,158,489,316,978,4
1,7542,158,490,316,980,4
1,7543,158,491,316,982,4
1,7544,158,492,316,984,4
1,7545,158,493,316,986,4
1,7546,158,494,316,988,4
1,7547,158,495,316,990,4
1,7548,158,496,316,992,4
1,7549,158,497,316,994,4
1,7550,158,498,316,996,4
1,7551,158,499,316,998,4
1,7552,158,500,316,1000,4
1,7553,158,501,316,1002,4
1,7554,158,502,316,1004,4
1,7555,158,507,316,1014,2
1,7556,158,508,316,1016,1
1,7557,158,518,316,1036,4
1,7558,158,519,316,1038,4
1,7559,158,520,316,1040,4
1,7560,158,521,316,1042,4
1,7561,158,522,316,1044,4
1,7562,158,529,316,1058,3
1,7563,158,530,316,1060,4
1,7564,158,531,316,1062,4
1,7565,158,532,316,1064,4
1,7566,158,533,316,1066,4
1,7567,158,534,316,1068,4
1,7568,158,535,316,1070,4
1,7569,158,536,316,1072,4
1,7570,158,537,316,1074,4
1,7571,158,538,316,1076,4
1,7572,158,539,316,1078,4
1,7573,158,540,316,1080,4
1,7574,158,541,316,1082,4
1,7575,158,542,316,1084,4
1,7576,158,543,316,1086,4
1,7577,158,544,316,1088,4
1,7578,158,545,316,1090,4
1,7579,158,546,316,1092,4
1,7580,158,547,316,1094,4
1,7581,158,548,316,1096,4
1,7582,158,549,316,1098,4
1,7583,158,550,316,1100,4
1,7584,158,551,316,1102,4
1,7585,158,552,316,1104,4
1,7586,158,561,316,1122,2
1,7587,158,562,316,1124,2
1,7588,158,573,316,1146,2
1,7589,159,239,318,478,4
1,7590,159,240,318,480,4
1,7591,159,241,318,482,4
1,7592,159,242,318,484,4
1,7593,159,243,318,486,4
1,7594,159,244,318,488,4
1,7595,159,245,318,490,4
1,7596,159,246,318,492,4
1,7597,159,247,318,494,4
1,7598,159,248,318,496,4
1,7599,159,249,318,498,4
1,7600,159,250,318,500,4
1,7601,159,251,318,502,4
1,7602,159,252,318,504,4
1,7603,159,253,318,506,4
1,7604,159,254,318,508,4
1,7605,159,255,318,510,4
1,7606,159,256,318,512,4
1,7607,159,257,318,514,4
1,7608,159,258,318,516,4
1,7609,159,259,318,518,4
1,7610,159,260,318,520,4
1,7611,159,261,318,522,4
1,7612,159,262,318,524,4
1,7613,159,263,318,526,2
1,7614,159,264,319,528,1
1,7615,159,326,318,653,1
1,7616,159,327,318,654,3
1,7617,159,328,318,656,4
1,7618,159,329,318,658,4
1,7619,159,330,318,660,4
1,7620,159,331,318,662,4
1,7621,159,332,318,664,2
1,7622,159,333,318,666,1
1,7623,159,338,318,677,1
1,7624,159,339,318,678,3
1,7625,159,340,318,680,4
1,7626,159,341,318,682,4
1,7627,159,342,318,684,4
1,7628,159,343,318,686,4
1,7629,159,344,318,688,2
1,7630,159,345,318,690,1
1,7631,159,357,318,715,2
1,7632,159,358,318,716,4
1,7633,159,359,318,718,4
1,7634,159,360,318,720,4
1,7635,159,361,318,722,4
1,7636,159,362,318,724,4
1,7637,159,363,318,726,4
1,7638,159,364,318,728,4
1,7639,159,365,318,730,4
1,7640,159,366,318,732,4
1,7641,159,367,318,734,4
1,7642,159,368,318,736,4
1,7643,159,369,318,738,4
1,7644,159,370,318,740,4
1,7645,159,371,318,742,4
1,7646,159,372,318,744,4
1,7647,159,373,318,746,4
1,7648,159,374,318,748,4
1,7649,159,375,318,750,4
1,7650,159,376,318,752,4
1,7651,159,377,318,754,4
1,7652,159,378,318,756,4
1,7653,159,379,318,758,4
1,7654,159,425,318,851,2
1,7655,159,426,318,852,4
1,7656,159,427,318,854,4
1,7657,159,428,318,856,4
1,7658,159,429,318,858,4
1,7659,159,430,318,860,4
1,7660,159,431,318,862,4
1,7661,159,432,318,864,4
1,7662,159,484,319,969,1
1,7663,159,485,318,970,4
1,7664,159,486,318,972,3
1,7665,159,487,319,974,2
1,7666,159,488,318,976,4
1,7667,159,489,318,978,4
1,7668,159,490,318,980,4
1,7669,159,491,318,982,4
1,7670,159,492,318,984,4
1,7671,159,493,318,986,4
1,7672,159,494,318,988,4
1,7673,159,495,318,990,4
1,7674,159,496,318,992,4
1,7675,159,497,318,994,4
1,7676,159,498,318,996,4
1,7677,159,499,318,998,4
1,7678,159,500,318,1000,4
1,7679,159,501,318,1002,4
1,7680,159,502,318,1004,4
1,7681,159,518,318,1036,4
1,7682,159,519,318,1038,4
1,7683,159,520,318,1040,4
1,7684,159,521,318,1042,4
1,7685,159,522,318,1044,4
1,7686,159,529,318,1059,1
1,7687,159,530,318,1060,3
1,7688,159,531,318,1062,4
1,7689,159,532,318,1064,4
1,7690,159,533,318,1066,4
1,7691,159,534,318,1068,4
1,7692,159,535,318,1070,4
1,7693,159,536,318,1072,4
1,7694,159,537,318,1074,4
1,7695,159,538,318,1076,4
1,7696,159,539,318,1078,4
1,7697,159,540,318,1080,4
1,7698,159,541,318,1082,4
1,7699,159,542,318,1084,4
1,7700,159,543,318,1086,4
1,7701,159,544,318,1088,4
1,7702,159,545,318,1090,4
1,7703,159,546,318,1092,4
1,7704,159,547,318,1094,4
1,7705,159,548,318,1096,4
1,7706,159,549,318,1098,4
1,7707,159,550,318,1100,4
1,7708,159,551,318,1102,4
1,7709,159,552,318,1104,4
1,7710,160,238,320,477,2
1,7711,160,239,320,478,4
1,7712,160,240,320,480,4
1,7713,160,241,320,482,4
1,7714,160,242,320,484,4
1,7715,160,243,320,486,4
1,7716,160,244,320,488,4
1,7717,160,245,320,490,4
1,7718,160,246,320,492,4
1,7719,160,247,320,494,4
1,7720,160,248,320,496,4
1,7721,160,249,320,498,4
1,7722,160,250,320,500,4
1,7723,160,251,320,502,4
1,7724,160,252,320,504,4
1,7725,160,253,320,506,4
1,7726,160,254,320,508,4
1,7727,160,255,320,510,4
1,7728,160,256,320,512,4
1,7729,160,257,320,514,4
1,7730,160,258,320,516,4
1,7731,160,259,320,518,4
1,7732,160,260,320,520,4
1,7733,160,261,320,522,4
1,7734,160,262,320,524,4
1,7735,160,263,320,526,2
1,7736,160,264,320,528,4
1,7737,160,265,321,530,1
1,7738,160,327,320,655,2
1,7739,160,328,320,656,4
1,7740,160,329,320,658,4
1,7741,160,330,320,660,4
1,7742,160,331,320,662,4
1,7743,160,339,320,679,2
1,7744,160,340,320,680,4
1,7745,160,341,320,682,4
1,7746,160,342,320,684,4
1,7747,160,343,320,686,4
1,7748,160,357,320,715,2
1,7749,160,358,320,716,4
1,7750,160,359,320,718,4
1,7751,160,360,320,720,4
1,7752,160,361,320,722,4
1,7753,160,362,320,724,4
1,7754,160,363,320,726,4
1,7755,160,364,320,728,4
1,7756,160,365,320,730,4
1,7757,160,366,320,732,4
1,7758,160,367,320,734,4
1,7759,160,368,320,736,4
1,7760,160,369,320,738,4
1,7761,160,370,320,740,4
1,7762,160,371,320,742,4
1,7763,160,372,320,744,4
1,7764,160,373,320,746,4
1,7765,160,374,320,748,4
1,7766,160,375,320,750,4
1,7767,160,376,320,752,4
1,7768,160,377,320,754,4
1,7769,160,378,320,756,4
1,7770,160,379,320,758,4
1,7771,160,380,321,760,1
1,7772,160,425,320,851,2
1,7773,160,426,320,852,4
1,7774,160,427,320,854,4
1,7775,160,428,320,856,4
1,7776,160,429,320,858,4
1,7777,160,430,320,860,4
1,7778,160,431,320,862,4
1,7779,160,432,320,864,4
1,7780,160,484,320,969,2
1,7781,160,485,320,970,4
1,7782,160,486,320,972,4
1,7783,160,487,320,974,4
1,7784,160,488,320,976,4
1,7785,160,489,320,978,4
1,7786,160,490,320,980,4
1,7787,160,491,320,982,4
1,7788,160,492,320,984,4
1,7789,160,493,320,986,4
1,7790,160,494,320,988,4
1,7791,160,495,320,990,4
1,7792,160,496,320,992,4
1,7793,160,497,320,994,4
1,7794,160,498,320,996,4
1,7795,160,499,320,998,4
1,7796,160,500,320,1000,4
1,7797,160,501,320,1002,4
1,7798,160,502,320,1004,4
1,7799,160,516,320,1032,3
1,7800,160,517,320,1034,4
1,7801,160,518,320,1036,4
1,7802,160,519,320,1038,4
1,7803,160,520,320,1040,4
1,7804,160,521,320,1042,4
1,7805,160,522,320,1044,4
1,7806,160,523,321,1046,1
1,7807,160,530,320,1061,2
1,7808,160,531,320,1062,4
1,7809,160,532,320,1064,4
1,7810,160,533,320,1066,4
1,7811,160,534,320,1068,4
1,7812,160,535,320,1070,4
1,7813,160,536,320,1072,4
1,7814,160,537,320,1074,4
1,7815,160,538,320,1076,4
1,7816,160,539,320,1078,4
1,7817,160,540,320,1080,4
1,7818,160,541,320,1082,4
1,7819,160,542,320,1084,4
1,7820,160,543,320,1086,4
1,7821,160,544,320,1088,4
1,7822,160,545,320,1090,4
1,7823,160,546,320,1092,4
1,7824,160,547,320,1094,4
1,7825,160,548,320,1096,4
1,7826,160,549,320,1098,4
1,7827,160,550,320,1100,4
1,7828,160,551,320,1102,4
1,7829,160,552,320,1104,4
1,7830,160,553,321,1106,1
1,7831,161,238,322,477,3
1,7832,161,239,322,478,4
1,7833,161,240,322,480,4
1,7834,161,241,322,482,4
1,7835,161,242,322,484,4
1,7836,161,243,322,486,4
1,7837,161,244,322,488,4
1,7838,161,245,322,490,4
1,7839,161,246,322,492,4
1,7840,161,247,322,494,4
1,7841,161,248,322,496,4
1,7842,161,249,322,498,4
1,7843,161,250,322,500,4
1,7844,161,251,322,502,4
1,7845,161,252,322,504,4
1,7846,161,253,322,506,4
1,7847,161,254,322,508,4
1,7848,161,255,322,510,4
1,7849,161,256,322,512,4
1,7850,161,257,322,514,4
1,7851,161,258,322,516,4
1,7852,161,259,322,518,4
1,7853,161,260,322,520,4
1,7854,161,261,322,522,4
1,7855,161,262,322,524,4
1,7856,161,263,322,526,2
1,7857,161,264,322,528,4
1,7858,161,265,322,530,2
1,7859,161,327,322,655,2
1,7860,161,328,322,656,4
1,7861,161,329,322,658,4
1,7862,161,330,322,660,4
1,7863,161,331,322,662,4
1,7864,161,341,322,682,3
1,7865,161,342,322,684,4
1,7866,161,343,322,686,4
1,7867,161,357,322,715,2
1,7868,161,358,322,716,4
1,7869,161,359,322,718,4
1,7870,161,360,322,720,4
1,7871,161,361,322,722,4
1,7872,161,362,322,724,4
1,7873,161,363,322,726,4
1,7874,161,364,322,728,4
1,7875,161,365,322,730,4
1,7876,161,366,322,732,4
1,7877,161,367,322,734,4
1,7878,161,368,322,736,4
1,7879,161,369,322,738,4
1,7880,161,370,322,740,4
1,7881,161,371,322,742,4
1,7882,161,372,322,744,4
1,7883,161,373,322,746,4
1,7884,161,374,322,748,4
1,7885,161,375,322,750,4
1,7886,161,376,322,752,4
1,7887,161,377,322,754,4
1,7888,161,378,322,756,4
1,7889,161,379,322,758,4
1,7890,161,380,322,760,3
1,7891,161,381,323,762,1
1,7892,161,425,322,851,2
1,7893,161,426,322,852,4
1,7894,161,427,322,854,4
1,7895,161,428,322,856,4
1,7896,161,429,322,858,4
1,7897,161,430,322,860,4
1,7898,161,431,322,862,4
1,7899,161,432,322,864,4
1,7900,161,484,322,968,4
1,7901,161,485,322,970,4
1,7902,161,486,322,972,4
1,7903,161,487,322,974,4
1,7904,161,488,322,976,4
1,7905,161,489,322,978,4
1,7906,161,490,322,980,4
1,7907,161,491,322,982,4
1,7908,161,492,322,984,4
1,7909,161,493,322,986,4
1,7910,161,494,322,988,4
1,7911,161,495,322,990,4
1,7912,161,496,322,992,4
1,7913,161,497,322,994,4
1,7914,161,498,322,996,4
1,7915,161,499,322,998,4
1,7916,161,500,322,1000,4
1,7917,161,501,322,1002,4
1,7918,161,502,322,1004,4
1,7919,161,517,322,1034,3
1,7920,161,518,322,1036,4
1,7921,161,519,322,1038,4
1,7922,161,520,322,1040,4
1,7923,161,521,322,1042,4
1,7924,161,522,322,1044,3
1,7925,161,530,322,1061,2
1,7926,161,531,322,1062,4
1,7927,161,532,322,1064,4
1,7928,161,533,322,1066,4
1,7929,161,534,322,1068,4
1,7930,161,535,322,1070,4
1,7931,161,536,322,1072,4
1,7932,161,537,322,1074,4
1,7933,161,538,322,1076,4
1,7934,161,539,322,1078,4
1,7935,161,540,322,1080,4
1,7936,161,541,322,1082,4
1,7937,161,542,322,1084,4
1,7938,161,543,322,1086,4
1,7939,161,544,322,1088,4
1,7940,161,545,322,1090,4
1,7941,161,546,322,1092,4
1,7942,161,547,322,1094,4
1,7943,161,548,322,1096,4
1,7944,161,549,322,1098,4
1,7945,161,550,322,1100,4
1,7946,161,551,322,1102,4
1,7947,161,552,322,1104,3
1,7948,162,238,324,476,4
1,7949,162,239,324,478,4
1,7950,162,240,324,480,4
1,7951,162,241,324,482,4
1,7952,162,242,324,484,4
1,7953,162,243,324,486,4
1,7954,162,244,324,488,4
1,7955,162,245,324,490,4
1,7956,162,246,324,492,4
1,7957,162,247,324,494,4
1,7958,162,248,324,496,4
1,7959,162,249,324,498,4
1,7960,162,250,324,500,4
1,7961,162,251,324,502,4
1,7962,162,252,324,504,4
1,7963,162,253,324,506,4
1,7964,162,254,324,508,4
1,7965,162,255,324,510,4
1,7966,162,256,324,512,4
1,7967,162,257,324,514,4
1,7968,162,258,324,516,4
1,7969,162,259,324,518,2
1,7970,162,260,324,520,2
1,7971,162,261,324,522,2
1,7972,162,262,324,524,2
1,7973,162,263,324,526,1
1,7974,162,264,324,528,4
1,7975,162,265,324,530,2
1,7976,162,266,324,532,3
1,7977,162,327,324,655,2
1,7978,162,328,324,656,4
1,7979,162,329,324,658,4
1,7980,162,330,324,660,4
1,7981,162,331,324,662,4
1,7982,162,341,324,683,2
1,7983,162,342,324,684,4
1,7984,162,343,324,686,4
1,7985,162,357,324,715,2
1,7986,162,358,324,716,4
1,7987,162,359,324,718,4
1,7988,162,360,324,720,4
1,7989,162,361,324,722,4
1,7990,162,362,324,724,4
1,7991,162,363,324,726,4
1,7992,162,364,324,728,4
1,7993,162,365,324,730,4
1,7994,162,366,324,732,4
1,7995,162,367,324,734,4
1,7996,162,368,324,736,4
1,7997,162,369,324,738,4
1,7998,162,370,324,740,4
1,7999,162,371,324,742,4
1,8000,162,372,324,744,4
1,8001,162,373,324,746,4
1,8002,162,374,324,748,4
1,8003,162,375,324,750,4
1,8004,162,376,324,752,4
1,8005,162,377,324,754,4
1,8006,162,378,324,756,4
1,8007,162,379,324,758,4
1,8008,162,380,324,760,4
1,8009,162,381,324,762,2
1,8010,162,425,324,851,2
1,8011,162,426,324,852,4
1,8012,162,427,324,854,4
1,8013,162,428,324,856,4
1,8014,162,429,324,858,4
1,8015,162,430,324,860,4
1,8016,162,431,324,862,4
1,8017,162,432,324,864,2
1,8018,162,483,324,967,3
1,8019,162,484,324,968,4
1,8020,162,485,324,970,4
1,8021,162,486,324,972,4
1,8022,162,487,324,974,4
1,8023,162,488,324,976,4
1,8024,162,489,324,978,4
1,8025,162,490,324,980,4
1,8026,162,491,324,982,4
1,8027,162,492,324,984,4
1,8028,162,493,324,986,4
1,8029,162,494,324,988,4
1,8030,162,495,324,990,4
1,8031,162,496,324,992,4
1,8032,162,497,324,994,4
1,8033,162,498,324,996,4
1,8034,162,499,324,998,4
1,8035,162,500,324,1000,4
1,8036,162,501,324,1002,4
1,8037,162,502,324,1004,4
1,8038,162,518,324,1036,3
1,8039,162,519,324,1038,2
1,8040,162,520,324,1041,2
1,8041,162,521,324,1042,3
1,8042,162,530,324,1061,2
1,8043,162,531,324,1062,4
1,8044,162,532,324,1064,4
1,8045,162,533,324,1066,4
1,8046,162,534,324,1068,4
1,8047,162,535,324,1070,4
1,8048,162,536,324,1072,4
1,8049,162,537,324,1074,4
1,8050,162,538,324,1076,4
1,8051,162,539,324,1078,4
1,8052,162,540,324,1080,4
1,8053,162,541,324,1082,4
1,8054,162,542,324,1084,4
1,8055,162,543,324,1086,4
1,8056,162,544,324,1088,4
1,8057,162,545,324,1090,4
1,8058,162,546,324,1092,4
1,8059,162,547,324,1094,4
1,8060,162,548,324,1096,4
1,8061,162,549,324,1098,4
1,8062,162,550,324,1100,4
1,8063,162,551,324,1102,3
1,8064,163,237,326,475,2
1,8065,163,238,326,476,4
1,8066,163,239,326,478,4
1,8067,163,240,326,480,4
1,8068,163,241,326,482,4
1,8069,163,242,326,484,4
1,8070,163,243,326,486,4
1,8071,163,244,326,488,4
1,8072,163,245,326,490,4
1,8073,163,246,326,492,4
1,8074,163,247,326,494,4
1,8075,163,248,326,496,4
1,8076,163,249,326,498,4
1,8077,163,250,326,500,4
1,8078,163,251,326,502,4
1,8079,163,252,326,504,4
1,8080,163,253,326,506,4
1,8081,163,254,326,508,4
1,8082,163,255,326,510,4
1,8083,163,256,326,512,4
1,8084,163,257,326,514,4
1,8085,163,258,326,516,1
1,8086,163,259,326,519,3
1,8087,163,260,326,520,4
1,8088,163,261,326,522,4
1,8089,163,262,326,524,4
1,8090,163,263,326,526,4
1,8091,163,264,326,528,4
1,8092,163,265,326,530,2
1,8093,163,266,326,532,4
1,8094,163,267,326,534,2
1,8095,163,327,326,655,2
1,8096,163,328,326,656,2
1,8097,163,329,326,658,1
1,8098,163,331,326,662,4
1,8099,163,332,327,664,1
1,8100,163,341,326,683,3
1,8101,163,342,326,684,4
1,8102,163,343,326,686,4
1,8103,163,344,327,688,1
1,8104,163,357,326,715,2
1,8105,163,358,326,716,4
1,8106,163,359,326,718,4
1,8107,163,360,326,720,4
1,8108,163,361,326,722,4
1,8109,163,362,326,724,4
1,8110,163,363,326,726,4
1,8111,163,364,326,728,4
1,8112,163,365,326,730,4
1,8113,163,366,326,732,4
1,8114,163,367,326,734,4
1,8115,163,368,326,736,4
1,8116,163,369,326,738,4
1,8117,163,370,326,740,4
1,8118,163,371,326,742,4
1,8119,163,372,326,744,4
1,8120,163,373,326,746,4
1,8121,163,374,326,748,4
1,8122,163,375,326,750,4
1,8123,163,376,326,752,4
1,8124,163,377,326,754,4
1,8125,163,378,326,756,4
1,8126,163,379,326,758,4
1,8127,163,380,326,760,4
1,8128,163,381,326,762,4
1,8129,163,425,326,851,2
1,8130,163,426,326,852,4
1,8131,163,427,326,854,4
1,8132,163,428,326,856,4
1,8133,163,429,326,858,4
1,8134,163,430,326,860,4
1,8135,163,431,326,862,4
1,8136,163,483,326,966,4
1,8137,163,484,326,968,4
1,8138,163,485,326,970,4
1,8139,163,486,326,972,4
1,8140,163,487,326,974,4
1,8141,163,488,326,976,4
1,8142,163,489,326,978,4
1,8143,163,490,326,980,4
1,8144,163,491,326,982,4
1,8145,163,492,326,984,4
1,8146,163,493,326,986,4
1,8147,163,494,326,988,4
1,8148,163,495,326,990,4
1,8149,163,496,326,992,4
1,8150,163,497,326,994,4
1,8151,163,498,326,996,4
1,8152,163,499,326,998,4
1,8153,163,500,326,1000,4
1,8154,163,501,326,1002,4
1,8155,163,502,326,1004,4
1,8156,163,519,326,1038,3
1,8157,163,520,326,1040,3
1,8158,163,530,326,1060,4
1,8159,163,531,326,1062,4
1,8160,163,532,326,1064,4
1,8161,163,533,326,1066,4
1,8162,163,534,326,1068,4
1,8163,163,535,326,1070,4
1,8164,163,536,326,1072,4
1,8165,163,537,326,1074,4
1,8166,163,538,326,1076,4
1,8167,163,539,326,1078,4
1,8168,163,540,326,1080,4
1,8169,163,541,326,1082,4
1,8170,163,542,326,1084,4
1,8171,163,543,326,1086,4
1,8172,163,544,326,1088,4
1,8173,163,545,326,1090,4
1,8174,163,546,326,1092,4
1,8175,163,547,326,1094,3
1,8176,163,548,326,1096,2
1,8177,163,549,326,1098,2
1,8178,163,550,326,1100,3
1,8179,164,237,328,475,2
1,8180,164,238,328,476,4
1,8181,164,239,328,478,4
1,8182,164,240,328,480,4
1,8183,164,241,328,482,4
1,8184,164,242,328,484,4
1,8185,164,243,328,486,4
1,8186,164,244,328,488,4
1,8187,164,245,328,490,4
1,8188,164,246,328,492,4
1,8189,164,247,328,494,4
1,8190,164,248,328,496,4
1,8191,164,249,328,498,4
1,8192,164,250,328,500,4
1,8193,164,251,328,502,4
1,8194,164,252,328,504,4
1,8195,164,253,328,506,4
1,8196,164,254,328,508,4
1,8197,164,255,328,510,4
1,8198,164,256,328,512,4
1,8199,164,257,328,514,3
1,8200,164,258,328,517,2
1,8201,164,259,328,518,3
1,8202,164,260,328,520,4
1,8203,164,261,328,522,4
1,8204,164,262,328,524,4
1,8205,164,263,328,526,4
1,8206,164,264,328,528,4
1,8207,164,265,328,530,3
1,8208,164,266,328,532,4
1,8209,164,267,328,534,4
1,8210,164,268,329,536,1
1,8211,164,357,328,715,2
1,8212,164,358,328,716,4
1,8213,164,359,328,718,4
1,8214,164,360,328,720,4
1,8215,164,361,328,722,4
1,8216,164,362,328,724,4
1,8217,164,363,328,726,4
1,8218,164,364,328,728,4
1,8219,164,365,328,730,4
1,8220,164,366,328,732,4
1,8221,164,367,328,734,4
1,8222,164,368,328,736,4
1,8223,164,369,328,738,4
1,8224,164,370,328,740,4
1,8225,164,371,328,742,4
1,8226,164,372,328,744,4
1,8227,164,373,328,746,4
1,8228,164,374,328,748,4
1,8229,164,375,328,750,4
1,8230,164,376,328,752,4
1,8231,164,377,328,754,4
1,8232,164,378,328,756,4
1,8233,164,379,328,758,4
1,8234,164,380,328,760,4
1,8235,164,381,328,762,4
1,8236,164,382,329,764,1
1,8237,164,425,328,851,2
1,8238,164,426,328,852,4
1,8239,164,427,328,854,4
1,8240,164,428,328,856,4
1,8241,164,429,328,858,4
1,8242,164,430,328,860,4
1,8243,164,431,328,862,4
1,8244,164,482,328,965,2
1,8245,164,483,328,966,4
1,8246,164,484,328,968,4
1,8247,164,485,328,970,4
1,8248,164,486,328,972,4
1,8249,164,487,328,974,4
1,8250,164,488,328,976,4
1,8251,164,489,328,978,4
1,8252,164,490,328,980,4
1,8253,164,491,328,982,4
1,8254,164,492,328,984,4
1,8255,164,493,328,986,4
1,8256,164,494,328,988,4
1,8257,164,495,328,990,4
1,8258,164,496,328,992,4
1,8259,164,497,328,994,4
1,8260,164,498,328,996,4
1,8261,164,499,328,998,4
1,8262,164,500,328,1000,4
1,8263,164,501,328,1002,4
1,8264,164,502,328,1004,4
1,8265,164,503,328,1006,2
1,8266,164,529,329,1059,1
1,8267,164,530,328,1060,4
1,8268,164,531,328,1062,4
1,8269,164,532,328,1064,4
1,8270,164,533,328,1066,4
1,8271,164,534,328,1068,4
1,8272,164,535,328,1070,4
1,8273,164,536,328,1072,4
1,8274,164,537,328,1074,4
1,8275,164,538,328,1076,4
1,8276,164,539,328,1078,4
1,8277,164,540,328,1080,4
1,8278,164,541,328,1082,4
1,8279,164,542,328,1084,4
1,8280,164,543,328,1086,4
1,8281,164,544,328,1088,4
1,8282,164,545,328,1090,4
1,8283,164,546,328,1092,4
1,8284,165,237,330,474,4
1,8285,165,238,330,476,4
1,8286,165,239,330,478,4
1,8287,165,240,330,480,4
1,8288,165,241,330,482,4
1,8289,165,242,330,484,4
1,8290,165,243,330,486,4
1,8291,165,244,330,488,4
1,8292,165,245,330,490,4
1,8293,165,246,330,492,4
1,8294,165,247,330,494,4
1,8295,165,248,330,496,4
1,8296,165,249,330,498,4
1,8297,165,250,330,500,4
1,8298,165,251,330,502,4
1,8299,165,252,330,504,4
1,8300,165,253,330,506,4
1,8301,165,254,330,508,4
1,8302,165,255,330,510,4
1,8303,165,256,330,512,4
1,8304,165,257,331,515,1
1,8305,165,258,330,516,4
1,8306,165,259,330,518,1
1,8307,165,259,331,519,1
1,8308,165,260,330,520,4
1,8309,165,261,330,522,4
1,8310,165,262,330,524,4
1,8311,165,263,330,526,4
1,8312,165,264,330,528,4
1,8313,165,265,330,530,4
1,8314,165,266,330,532,4
1,8315,165,267,330,534,4
1,8316,165,268,330,536,4
1,8317,165,269,331,538,1
1,8318,165,357,330,715,2
1,8319,165,358,330,716,4
1,8320,165,359,330,718,4
1,8321,165,360,330,720,4
1,8322,165,361,330,722,4
1,8323,165,362,330,724,4
1,8324,165,363,330,726,4
1,8325,165,364,330,728,4
1,8326,165,365,330,730,4
1,8327,165,366,330,732,4
1,8328,165,367,330,734,4
1,8329,165,368,330,736,4
1,8330,165,369,330,738,4
1,8331,165,370,330,740,4
1,8332,165,371,330,742,4
1,8333,165,372,330,744,4
1,8334,165,373,330,746,4
1,8335,165,374,330,748,4
1,8336,165,375,330,750,4
1,8337,165,376,330,752,4
1,8338,165,377,330,754,4
1,8339,165,378,330,756,4
1,8340,165,379,330,758,4
1,8341,165,380,330,760,4
1,8342,165,381,330,762,4
1,8343,165,425,330,851,2
1,8344,165,426,330,852,4
1,8345,165,427,330,854,4
1,8346,165,428,330,856,4
1,8347,165,429,330,858,4
1,8348,165,430,330,860,4
1,8349,165,431,330,862,4
1,8350,165,432,331,864,2
1,8351,165,482,330,964,4
1,8352,165,483,330,966,4
1,8353,165,484,330,968,4
1,8354,165,485,330,970,4
1,8355,165,486,330,972,4
1,8356,165,487,330,974,4
1,8357,165,488,330,976,4
1,8358,165,489,330,978,4
1,8359,165,490,330,980,4
1,8360,165,491,330,982,4
1,8361,165,492,330,984,4
1,8362,165,493,330,986,4
1,8363,165,494,330,988,4
1,8364,165,495,330,990,4
1,8365,165,496,330,992,4
1,8366,165,497,330,994,4
1,8367,165,498,330,996,4
1,8368,165,499,330,998,4
1,8369,165,500,330,1000,4
1,8370,165,501,330,1002,4
1,8371,165,502,330,1004,4
1,8372,165,503,330,1006,3
1,8373,165,528,331,1056,2
1,8374,165,529,330,1059,3
1,8375,165,530,330,1060,4
1,8376,165,531,330,1062,4
1,8377,165,532,330,1064,4
1,8378,165,533,330,1066,4
1,8379,165,534,330,1068,4
1,8380,165,535,330,1070,4
1,8381,165,536,330,1072,4
1,8382,165,537,330,1074,4
1,8383,165,538,330,1076,4
1,8384,165,539,330,1078,4
1,8385,165,540,330,1080,4
1,8386,165,541,330,1082,4
1,8387,165,542,330,1084,4
1,8388,165,543,330,1086,4
1,8389,165,544,330,1088,4
1,8390,165,545,330,1090,4
1,8391,165,546,330,1092,4
1,8392,166,102,333,205,1
1,8393,166,103,333,206,2
1,8394,166,236,332,473,2
1,8395,166,237,332,474,4
1,8396,166,238,332,476,4
1,8397,166,239,332,478,4
1,8398,166,240,332,480,4
1,8399,166,241,332,482,4
1,8400,166,242,332,484,4
1,8401,166,243,332,486,4
1,8402,166,244,332,488,4
1,8403,166,245,332,490,4
1,8404,166,246,332,492,4
1,8405,166,247,332,494,4
1,8406,166,248,332,496,4
1,8407,166,249,332,498,4
1,8408,166,250,332,500,4
1,8409,166,251,332,502,4
1,8410,166,252,332,504,4
1,8411,166,253,332,506,4
1,8412,166,254,332,508,4
1,8413,166,255,332,510,4
1,8414,166,256,332,512,1
1,8415,166,257,332,515,3
1,8416,166,258,332,516,2
1,8417,166,259,332,518,4
1,8418,166,260,332,520,4
1,8419,166,261,332,522,4
1,8420,166,262,332,524,2
1,8421,166,263,332,526,2
1,8422,166,264,332,528,3
1,8423,166,265,332,530,4
1,8424,166,266,332,532,4
1,8425,166,267,332,534,4
1,8426,166,268,332,536,4
1,8427,166,269,332,538,4
1,8428,166,357,332,715,2
1,8429,166,358,332,716,4
1,8430,166,359,332,718,4
1,8431,166,360,332,720,4
1,8432,166,361,332,722,4
1,8433,166,362,332,724,4
1,8434,166,363,332,726,4
1,8435,166,364,332,728,4
1,8436,166,365,332,730,4
1,8437,166,366,332,732,4
1,8438,166,367,332,734,4
1,8439,166,368,332,736,4
1,8440,166,369,332,738,4
1,8441,166,370,332,740,4
1,8442,166,371,332,742,4
1,8443,166,372,332,744,4
1,8444,166,373,332,746,4
1,8445,166,374,332,748,4
1,8446,166,375,332,750,4
1,8447,166,376,332,752,4
1,8448,166,377,332,754,4
1,8449,166,378,332,756,4
1,8450,166,379,332,758,4
1,8451,166,380,332,760,4
1,8452,166,381,332,762,4
1,8453,166,425,332,851,2
1,8454,166,426,332,852,4
1,8455,166,427,332,854,4
1,8456,166,428,332,856,4
1,8457,166,429,332,858,4
1,8458,166,430,332,860,4
1,8459,166,431,332,862,4
1,8460,166,432,332,864,4
1,8461,166,482,332,964,4
1,8462,166,483,332,966,4
1,8463,166,484,332,968,4
1,8464,166,485,332,970,4
1,8465,166,486,332,972,4
1,8466,166,487,332,974,4
1,8467,166,488,332,976,4
1,8468,166,489,332,978,4
1,8469,166,490,332,980,4
1,8470,166,491,332,982,4
1,8471,166,492,332,984,4
1,8472,166,493,332,986,4
1,8473,166,494,332,988,4
1,8474,166,495,332,990,4
1,8475,166,496,332,992,4
1,8476,166,497,332,994,4
1,8477,166,498,332,996,4
1,8478,166,499,332,998,4
1,8479,166,500,332,1000,4
1,8480,166,501,332,1002,4
1,8481,166,502,332,1004,4
1,8482,166,503,332,1006,4
1,8483,166,528,332,1056,3
1,8484,166,529,332,1058,4
1,8485,166,530,332,1060,4
1,8486,166,531,332,1062,4
1,8487,166,532,332,1064,4
1,8488,166,533,332,1066,4
1,8489,166,534,332,1068,4
1,8490,166,535,332,1070,4
1,8491,166,536,332,1072,4
1,8492,166,537,332,1074,4
1,8493,166,538,332,1076,4
1,8494,166,539,332,1078,4
1,8495,166,540,332,1080,4
1,8496,166,541,332,1082,4
1,8497,166,542,332,1084,4
1,8498,166,543,332,1086,4
1,8499,166,544,332,1088,4
1,8500,166,545,332,1090,4
1,8501,166,546,332,1092,4
1,8502,166,547,333,1094,1
1,8503,167,102,334,205,2
1,8504,167,103,334,206,4
1,8505,167,104,334,208,4
1,8506,167,105,334,210,4
1,8507,167,106,335,212,2
1,8508,167,107,335,214,1
1,8509,167,236,334,472,4
1,8510,167,237,334,474,4
1,8511,167,238,334,476,4
1,8512,167,239,334,478,4
1,8513,167,240,334,480,4
1,8514,167,241,334,482,4
1,8515,167,242,334,484,4
1,8516,167,243,334,486,4
1,8517,167,244,334,488,4
1,8518,167,245,334,490,4
1,8519,167,246,334,492,4
1,8520,167,247,334,494,4
1,8521,167,248,334,496,4
1,8522,167,249,334,498,4
1,8523,167,250,334,500,4
1,8524,167,251,334,502,4
1,8525,167,252,334,504,4
1,8526,167,253,334,506,4
1,8527,167,254,334,508,4
1,8528,167,255,334,510,4
1,8529,167,256,335,512,1
1,8530,167,257,334,514,3
1,8531,167,258,334,516,4
1,8532,167,259,334,519,3
1,8533,167,260,334,520,4
1,8534,167,261,334,522,4
1,8535,167,264,334,529,2
1,8536,167,265,334,530,4
1,8537,167,266,334,532,4
1,8538,167,267,334,534,4
1,8539,167,268,334,536,4
1,8540,167,269,334,538,4
1,8541,167,270,334,540,3
1,8542,167,358,334,716,2
1,8543,167,359,334,718,2
1,8544,167,360,334,720,2
1,8545,167,361,334,722,2
1,8546,167,362,334,724,3
1,8547,167,363,334,726,4
1,8548,167,364,334,728,4
1,8549,167,365,334,730,4
1,8550,167,366,334,732,4
1,8551,167,367,334,734,4
1,8552,167,368,334,736,4
1,8553,167,369,334,738,4
1,8554,167,370,334,740,4
1,8555,167,371,334,742,4
1,8556,167,372,334,744,4
1,8557,167,373,334,746,4
1,8558,167,374,334,748,4
1,8559,167,375,334,750,4
1,8560,167,376,334,752,4
1,8561,167,377,334,754,4
1,8562,167,378,334,756,4
1,8563,167,379,334,758,4
1,8564,167,380,334,760,4
1,8565,167,381,334,762,4
1,8566,167,382,334,764,3
1,8567,167,425,334,851,2
1,8568,167,426,334,852,4
1,8569,167,427,334,854,4
1,8570,167,428,334,856,4
1,8571,167,429,334,858,4
1,8572,167,430,334,860,4
1,8573,167,431,334,862,4
1,8574,167,432,334,864,4
1,8575,167,481,334,963,2
1,8576,167,482,334,964,4
1,8577,167,483,334,966,4
1,8578,167,484,334,968,4
1,8579,167,485,334,970,4
1,8580,167,486,334,972,4
1,8581,167,487,334,974,4
1,8582,167,488,334,976,4
1,8583,167,489,334,978,4
1,8584,167,490,334,980,4
1,8585,167,491,334,982,4
1,8586,167,492,334,984,4
1,8587,167,493,334,986,4
1,8588,167,494,334,988,4
1,8589,167,495,334,990,4
1,8590,167,496,334,992,4
1,8591,167,497,334,994,4
1,8592,167,498,334,996,4
1,8593,167,499,334,998,4
1,8594,167,500,334,1000,4
1,8595,167,501,334,1002,4
1,8596,167,502,334,1004,4
1,8597,167,503,334,1006,4
1,8598,167,504,334,1008,2
1,8599,167,529,334,1058,3
1,8600,167,530,334,1060,4
1,8601,167,531,334,1062,4
1,8602,167,532,334,1064,4
1,8603,167,533,334,1066,4
1,8604,167,534,334,1068,4
1,8605,167,535,334,1070,4
1,8606,167,536,334,1072,2
1,8607,167,537,334,1074,2
1,8608,167,538,334,1076,2
1,8609,167,539,334,1078,2
1,8610,167,540,334,1080,3
1,8611,167,541,334,1082,4
1,8612,167,542,334,1084,4
1,8613,167,543,334,1086,4
1,8614,167,544,334,1088,4
1,8615,167,545,334,1090,4
1,8616,167,546,334,1092,3
1,8617,168,102,336,205,3
1,8618,168,103,336,206,4
1,8619,168,104,336,208,4
1,8620,168,105,336,210,4
1,8621,168,106,336,212,4
1,8622,168,107,336,214,4
1,8623,168,108,336,216,4
1,8624,168,109,336,218,3
1,8625,168,110,337,220,2
1,8626,168,119,337,239,1
1,8627,168,120,337,240,2
1,8628,168,121,336,242,2
1,8629,168,235,336,471,2
1,8630,168,236,336,472,4
1,8631,168,237,336,474,4
1,8632,168,238,336,476,4
1,8633,168,239,336,478,4
1,8634,168,240,336,480,4
1,8635,168,241,336,482,4
1,8636,168,242,336,484,4
1,8637,168,243,336,486,4
1,8638,168,244,336,488,4
1,8639,168,245,336,490,4
1,8640,168,246,336,492,4
1,8641,168,247,336,494,4
1,8642,168,248,336,496,4
1,8643,168,249,336,498,4
1,8644,168,250,336,500,4
1,8645,168,251,336,502,4
1,8646,168,252,336,504,4
1,8647,168,253,336,506,4
1,8648,168,254,336,508,4
1,8649,168,255,336,510,4
1,8650,168,256,336,512,4
1,8651,168,257,337,514,1
1,8652,168,258,336,516,3
1,8653,168,259,336,518,3
1,8654,168,260,336,520,3
1,8655,168,261,336,522,4
1,8656,168,262,337,524,1
1,8657,168,264,336,529,2
1,8658,168,265,336,530,4
1,8659,168,266,336,532,4
1,8660,168,267,336,534,4
1,8661,168,268,336,536,4
1,8662,168,269,336,538,4
1,8663,168,270,336,540,4
1,8664,168,271,336,542,3
1,8665,168,272,337,544,2
1,8666,168,363,336,726,3
1,8667,168,364,336,728,4
1,8668,168,365,336,730,4
1,8669,168,366,336,732,4
1,8670,168,367,336,734,4
1,8671,168,368,336,736,4
1,8672,168,369,336,738,4
1,8673,168,370,336,740,4
1,8674,168,371,336,742,4
1,8675,168,372,336,744,4
1,8676,168,373,336,746,4
1,8677,168,374,336,748,4
1,8678,168,375,336,750,4
1,8679,168,376,336,752,4
1,8680,168,377,336,754,4
1,8681,168,378,336,756,4
1,8682,168,379,336,758,4
1,8683,168,380,336,760,4
1,8684,168,381,336,762,4
1,8685,168,382,336,764,4
1,8686,168,425,336,851,2
1,8687,168,426,336,852,4
1,8688,168,427,336,854,4
1,8689,168,428,336,856,4
1,8690,168,429,336,858,4
1,8691,168,430,336,860,4
1,8692,168,431,336,862,4
1,8693,168,432,336,864,4
1,8694,168,481,336,963,2
1,8695,168,482,336,964,4
1,8696,168,483,336,966,4
1,8697,168,484,336,968,4
1,8698,168,485,336,970,4
1,8699,168,486,336,972,4
1,8700,168,487,336,974,4
1,8701,168,488,336,976,4
1,8702,168,489,336,978,4
1,8703,168,490,336,980,4
1,8704,168,491,336,982,4
1,8705,168,492,336,984,4
1,8706,168,493,336,986,4
1,8707,168,494,336,988,4
1,8708,168,495,336,990,4
1,8709,168,496,336,992,4
1,8710,168,497,336,994,4
1,8711,168,498,336,996,4
1,8712,168,499,336,998,4
1,8713,168,500,336,1000,4
1,8714,168,501,336,1002,4
1,8715,168,502,336,1004,4
1,8716,168,503,336,1006,4
1,8717,168,504,336,1008,4
1,8718,168,530,336,1060,3
1,8719,168,531,336,1062,4
1,8720,168,532,336,1064,4
1,8721,168,533,336,1066,4
1,8722,168,534,336,1068,2
1,8723,168,535,336,1070,2
1,8724,168,540,336,1081,1
1,8725,168,541,336,1082,2
1,8726,168,542,336,1084,4
1,8727,168,543,336,1086,4
1,8728,168,544,336,1088,4
1,8729,168,545,336,1090,3
1,8730,168,555,337,1111,1
1,8731,168,560,337,1120,2
1,8732,168,561,337,1122,2
1,8733,169,102,338,204,4
1,8734,169,103,338,206,4
1,8735,169,104,338,208,4
1,8736,169,105,338,210,4
1,8737,169,106,338,212,4
1,8738,169,107,338,214,4
1,8739,169,108,338,216,4
1,8740,169,109,338,218,4
1,8741,169,110,338,220,4
1,8742,169,111,338,222,4
1,8743,169,112,338,224,4
1,8744,169,113,339,226,2
1,8745,169,114,339,228,1
1,8746,169,116,339,232,2
1,8747,169,117,338,235,3
1,8748,169,118,338,236,4
1,8749,169,119,338,238,4
1,8750,169,120,338,240,4
1,8751,169,121,338,242,2
1,8752,169,235,338,470,4
1,8753,169,236,338,472,4
1,8754,169,237,338,474,4
1,8755,169,238,338,476,4
1,8756,169,239,338,478,4
1,8757,169,240,338,480,4
1,8758,169,241,338,482,4
1,8759,169,242,338,484,4
1,8760,169,243,338,486,4
1,8761,169,244,338,488,4
1,8762,169,245,338,490,4
1,8763,169,246,338,492,4
1,8764,169,247,338,494,4
1,8765,169,248,338,496,4
1,8766,169,249,338,498,4
1,8767,169,250,338,500,4
1,8768,169,251,338,502,4
1,8769,169,252,338,504,4
1,8770,169,253,338,506,4
1,8771,169,254,338,508,4
1,8772,169,255,338,510,4
1,8773,169,256,338,512,4
1,8774,169,257,338,514,4
1,8775,169,258,339,516,1
1,8776,169,259,338,518,3
1,8777,169,260,338,520,3
1,8778,169,261,338,522,4
1,8779,169,262,338,524,4
1,8780,169,263,338,526,4
1,8781,169,264,338,528,4
1,8782,169,265,338,530,4
1,8783,169,266,338,532,4
1,8784,169,267,338,534,4
1,8785,169,268,338,536,4
1,8786,169,269,338,538,4
1,8787,169,270,338,540,4
1,8788,169,271,338,542,4
1,8789,169,272,338,544,4
1,8790,169,273,338,546,4
1,8791,169,274,338,548,2
1,8792,169,363,338,727,2
1,8793,169,364,338,728,4
1,8794,169,365,338,730,4
1,8795,169,366,338,732,4
1,8796,169,367,338,734,4
1,8797,169,368,338,736,4
1,8798,169,369,338,738,4
1,8799,169,370,338,740,4
1,8800,169,371,338,742,4
1,8801,169,372,338,744,4
1,8802,169,373,338,746,4
1,8803,169,374,338,748,4
1,8804,169,375,338,750,4
1,8805,169,376,338,752,4
1,8806,169,377,338,754,4
1,8807,169,378,338,756,4
1,8808,169,379,338,758,4
1,8809,169,380,338,760,4
1,8810,169,381,338,762,4
1,8811,169,382,338,764,4
1,8812,169,425,338,851,2
1,8813,169,426,338,852,4
1,8814,169,427,338,854,4
1,8815,169,428,338,856,4
1,8816,169,429,338,858,4
1,8817,169,430,338,860,4
1,8818,169,431,338,862,4
1,8819,169,432,338,864,4
1,8820,169,481,338,963,3
1,8821,169,482,338,964,4
1,8822,169,483,338,966,4
1,8823,169,484,338,968,4
1,8824,169,485,338,970,4
1,8825,169,486,338,972,4
1,8826,169,487,338,974,4
1,8827,169,488,338,976,4
1,8828,169,489,338,978,4
1,8829,169,490,338,980,4
1,8830,169,491,338,982,4
1,8831,169,492,338,984,4
1,8832,169,493,338,986,4
1,8833,169,494,338,988,4
1,8834,169,495,338,990,4
1,8835,169,496,338,992,4
1,8836,169,497,338,994,4
1,8837,169,498,338,996,4
1,8838,169,499,338,998,4
1,8839,169,500,338,1000,4
1,8840,169,501,338,1002,4
1,8841,169,502,338,1004,4
1,8842,169,503,338,1006,4
1,8843,169,504,338,1008,4
1,8844,169,505,339,1010,2
1,8845,169,506,339,1012,2
1,8846,169,507,339,1014,2
1,8847,169,508,339,1016,2
1,8848,169,509,339,1018,2
1,8849,169,510,339,1020,2
1,8850,169,511,339,1022,2
1,8851,169,512,339,1024,2
1,8852,169,513,339,1026,2
1,8853,169,531,338,1062,3
1,8854,169,532,338,1064,4
1,8855,169,533,338,1066,1
1,8856,169,542,338,1085,1
1,8857,169,543,338,1086,4
1,8858,169,544,338,1088,3
1,8859,169,555,338,1110,4
1,8860,169,556,339,1112,1
1,8861,169,559,339,1119,1
1,8862,169,560,338,1120,4
1,8863,169,561,338,1122,4
1,8864,169,562,339,1124,1
1,8865,169,626,339,1252,2
1,8866,169,627,339,1254,2
1,8867,169,628,339,1256,2
1,8868,169,629,339,1258,2
1,8869,169,630,339,1260,1
1,8870,170,102,340,204,4
1,8871,170,103,340,206,4
1,8872,170,104,340,208,4
1,8873,170,105,340,210,4
1,8874,170,106,340,212,4
1,8875,170,107,340,214,4
1,8876,170,108,340,216,4
1,8877,170,109,340,218,4
1,8878,170,110,340,220,4
1,8879,170,111,340,222,4
1,8880,170,112,340,224,4
1,8881,170,113,340,226,4
1,8882,170,114,340,228,4
1,8883,170,115,340,230,4
1,8884,170,116,340,232,4
1,8885,170,117,340,234,4
1,8886,170,118,340,236,4
1,8887,170,119,340,238,4
1,8888,170,120,340,240,4
1,8889,170,121,340,242,2
1,8890,170,234,340,469,2
1,8891,170,235,340,470,4
1,8892,170,236,340,472,4
1,8893,170,237,340,474,4
1,8894,170,238,340,476,4
1,8895,170,239,340,478,4
1,8896,170,240,340,480,4
1,8897,170,241,340,482,4
1,8898,170,242,340,484,4
1,8899,170,243,340,486,4
1,8900,170,244,340,488,4
1,8901,170,245,340,490,4
1,8902,170,246,340,492,4
1,8903,170,247,340,494,4
1,8904,170,248,340,496,4
1,8905,170,249,340,498,4
1,8906,170,250,340,500,4
1,8907,170,251,340,502,4
1,8908,170,252,340,504,4
1,8909,170,253,340,506,4
1,8910,170,254,340,508,4
1,8911,170,255,340,510,4
1,8912,170,256,340,512,4
1,8913,170,257,340,514,4
1,8914,170,258,340,516,4
1,8915,170,259,341,518,1
1,8916,170,260,340,520,3
1,8917,170,261,340,522,3
1,8918,170,262,340,524,4
1,8919,170,263,340,526,4
1,8920,170,264,340,528,4
1,8921,170,265,340,530,4
1,8922,170,266,340,532,4
1,8923,170,267,340,534,4
1,8924,170,268,340,536,4
1,8925,170,269,340,538,4
1,8926,170,270,340,540,4
1,8927,170,271,340,542,4
1,8928,170,272,340,544,4
1,8929,170,273,340,546,4
1,8930,170,274,340,548,2
1,8931,170,356,340,713,2
1,8932,170,357,340,714,4
1,8933,170,358,340,716,3
1,8934,170,363,340,727,3
1,8935,170,364,340,728,4
1,8936,170,365,340,730,4
1,8937,170,366,340,732,4
1,8938,170,367,340,734,4
1,8939,170,368,340,736,4
1,8940,170,369,340,738,4
1,8941,170,370,340,740,4
1,8942,170,371,340,742,4
1,8943,170,372,340,744,4
1,8944,170,373,340,746,4
1,8945,170,374,340,748,4
1,8946,170,375,340,750,4
1,8947,170,376,340,752,4
1,8948,170,377,340,754,4
1,8949,170,378,340,756,4
1,8950,170,379,340,758,4
1,8951,170,380,340,760,4
1,8952,170,381,340,762,4
1,8953,170,382,340,764,4
1,8954,170,425,340,851,2
1,8955,170,426,340,852,4
1,8956,170,427,340,854,4
1,8957,170,428,340,856,4
1,8958,170,429,340,858,4
1,8959,170,430,340,860,4
1,8960,170,431,340,862,4
1,8961,170,432,340,864,2
1,8962,170,481,340,962,4
1,8963,170,482,340,964,3
1,8964,170,483,340,966,2
1,8965,170,484,340,968,3
1,8966,170,485,340,970,4
1,8967,170,486,340,972,4
1,8968,170,487,340,974,4
1,8969,170,488,340,976,4
1,8970,170,489,340,978,4
1,8971,170,490,340,980,4
1,8972,170,491,340,982,4
1,8973,170,492,340,984,4
1,8974,170,493,340,986,4
1,8975,170,494,340,988,4
1,8976,170,495,340,990,4
1,8977,170,496,340,992,4
1,8978,170,497,340,994,4
1,8979,170,498,340,996,4
1,8980,170,499,340,998,4
1,8981,170,500,340,1000,4
1,8982,170,501,340,1002,4
1,8983,170,502,340,1004,4
1,8984,170,503,340,1006,4
1,8985,170,504,340,1008,4
1,8986,170,505,340,1010,4
1,8987,170,506,340,1012,4
1,8988,170,507,340,1014,4
1,8989,170,508,340,1016,4
1,8990,170,509,340,1018,4
1,8991,170,510,340,1020,4
1,8992,170,511,340,1022,4
1,8993,170,512,340,1024,4
1,8994,170,513,340,1026,4
1,8995,170,514,340,1028,4
1,8996,170,515,341,1030,1
1,8997,170,532,340,1064,2
1,8998,170,543,340,1086,2
1,8999,170,555,340,1110,4
1,9000,170,556,340,1112,3
1,9001,170,557,341,1114,2
1,9002,170,558,341,1116,2
1,9003,170,559,340,1118,4
1,9004,170,560,340,1120,4
1,9005,170,561,340,1122,4
1,9006,170,562,340,1124,3
1,9007,170,563,341,1126,1
1,9008,170,622,341,1245,1
1,9009,170,623,340,1247,3
1,9010,170,624,340,1248,4
1,9011,170,625,340,1250,4
1,9012,170,626,340,1252,2
1,9013,170,627,340,1254,2
1,9014,170,628,340,1256,1
1,9015,170,649,341,1299,1
1,9016,170,650,341,1300,1
1,9017,171,101,342,203,1
1,9018,171,102,342,204,4
1,9019,171,103,342,206,4
1,9020,171,104,342,208,4
1,9021,171,105,342,210,4
1,9022,171,106,342,212,4
1,9023,171,107,342,214,4
1,9024,171,108,342,216,4
1,9025,171,109,342,218,4
1,9026,171,110,342,220,4
1,9027,171,111,342,222,4
1,9028,171,112,342,224,4
1,9029,171,113,342,226,4
1,9030,171,114,342,228,4
1,9031,171,115,342,230,4
1,9032,171,116,342,232,4
1,9033,171,117,342,234,4
1,9034,171,118,342,236,4
1,9035,171,119,342,238,4
1,9036,171,120,342,240,4
1,9037,171,233,343,467,1
1,9038,171,234,342,468,4
1,9039,171,235,342,470,4
1,9040,171,236,342,472,4
1,9041,171,237,342,474,4
1,9042,171,238,342,476,4
1,9043,171,239,342,478,4
1,9044,171,240,342,480,4
1,9045,171,241,342,482,4
1,9046,171,242,342,484,4
1,9047,171,243,342,486,4
1,9048,171,244,342,488,4
1,9049,171,245,342,490,4
1,9050,171,246,342,492,4
1,9051,171,247,342,494,4
1,9052,171,248,342,496,4
1,9053,171,249,342,498,4
1,9054,171,250,342,500,4
1,9055,171,251,342,502,4
1,9056,171,252,342,504,4
1,9057,171,253,342,506,4
1,9058,171,254,342,508,4
1,9059,171,255,342,510,4
1,9060,171,256,342,512,4
1,9061,171,257,342,514,4
1,9062,171,258,342,516,4
1,9063,171,259,342,518,4
1,9064,171,260,343,520,1
1,9065,171,261,342,522,1
1,9066,171,262,342,525,2
1,9067,171,263,342,526,4
1,9068,171,264,342,528,4
1,9069,171,265,342,530,4
1,9070,171,266,342,532,4
1,9071,171,267,342,534,4
1,9072,171,268,342,536,4
1,9073,171,269,342,538,4
1,9074,171,270,342,540,4
1,9075,171,271,342,542,4
1,9076,171,272,342,544,4
1,9077,171,273,342,546,4
1,9078,171,274,342,548,2
1,9079,171,355,343,711,1
1,9080,171,356,342,712,4
1,9081,171,357,342,714,4
1,9082,171,358,342,716,4
1,9083,171,359,342,718,3
1,9084,171,360,343,720,1
1,9085,171,362,343,724,2
1,9086,171,363,342,726,4
1,9087,171,364,342,728,4
1,9088,171,365,342,730,4
1,9089,171,366,342,732,4
1,9090,171,367,342,734,4
1,9091,171,368,342,736,4
1,9092,171,369,342,738,4
1,9093,171,370,342,740,4
1,9094,171,371,342,742,4
1,9095,171,372,342,744,4
1,9096,171,373,342,746,4
1,9097,171,374,342,748,4
1,9098,171,375,342,750,4
1,9099,171,376,342,752,4
1,9100,171,377,342,754,2
1,9101,171,378,342,756,2
1,9102,171,379,342,758,4
1,9103,171,380,342,760,4
1,9104,171,381,342,762,4
1,9105,171,382,342,764,2
1,9106,171,425,342,851,2
1,9107,171,426,342,852,4
1,9108,171,427,342,854,4
1,9109,171,428,342,856,4
1,9110,171,429,342,858,4
1,9111,171,430,342,860,4
1,9112,171,431,342,862,4
1,9113,171,481,342,962,4
1,9114,171,484,342,969,2
1,9115,171,485,342,970,4
1,9116,171,486,342,972,4
1,9117,171,487,342,974,4
1,9118,171,488,342,976,4
1,9119,171,489,342,978,4
1,9120,171,490,342,980,4
1,9121,171,491,342,982,4
1,9122,171,492,342,984,4
1,9123,171,493,342,986,4
1,9124,171,494,342,988,4
1,9125,171,495,342,990,4
1,9126,171,496,342,992,4
1,9127,171,497,342,994,4
1,9128,171,498,342,996,4
1,9129,171,499,342,998,4
1,9130,171,500,342,1000,4
1,9131,171,501,342,1002,4
1,9132,171,502,342,1004,4
1,9133,171,503,342,1006,4
1,9134,171,504,342,1008,4
1,9135,171,505,342,1010,4
1,9136,171,506,342,1012,4
1,9137,171,507,342,1014,4
1,9138,171,508,342,1016,4
1,9139,171,509,342,1018,4
1,9140,171,510,342,1020,4
1,9141,171,511,342,1022,4
1,9142,171,512,342,1024,4
1,9143,171,513,342,1026,4
1,9144,171,514,342,1028,4
1,9145,171,515,342,1030,4
1,9146,171,516,343,1032,2
1,9147,171,517,343,1034,2
1,9148,171,518,343,1036,2
1,9149,171,555,342,1111,2
1,9150,171,556,342,1112,4
1,9151,171,557,342,1114,4
1,9152,171,558,342,1116,4
1,9153,171,559,342,1118,4
1,9154,171,560,342,1120,4
1,9155,171,561,342,1122,4
1,9156,171,562,342,1124,4
1,9157,171,563,342,1126,3
1,9158,171,620,343,1240,2
1,9159,171,621,342,1242,4
1,9160,171,622,342,1244,4
1,9161,171,623,342,1246,4
1,9162,171,624,342,1248,4
1,9163,171,625,342,1250,2
1,9164,171,650,342,1300,2
1,9165,171,651,342,1302,3
1,9166,171,652,343,1304,1
1,9167,172,102,344,205,1
1,9168,172,103,344,206,4
1,9169,172,104,344,208,4
1,9170,172,105,344,210,4
1,9171,172,106,344,212,4
1,9172,172,107,344,214,4
1,9173,172,108,344,216,4
1,9174,172,109,344,218,4
1,9175,172,110,344,220,4
1,9176,172,111,344,222,4
1,9177,172,112,344,224,4
1,9178,172,113,344,226,4
1,9179,172,114,344,228,4
1,9180,172,115,344,230,4
1,9181,172,116,344,232,4
1,9182,172,117,344,234,4
1,9183,172,118,344,236,4
1,9184,172,119,344,238,4
1,9185,172,120,344,240,4
1,9186,172,232,345,465,1
1,9187,172,233,344,466,4
1,9188,172,234,344,468,4
1,9189,172,235,344,470,4
1,9190,172,236,344,472,4
1,9191,172,237,344,474,4
1,9192,172,238,344,476,4
1,9193,172,239,344,478,4
1,9194,172,240,344,480,4
1,9195,172,241,344,482,4
1,9196,172,242,344,484,4
1,9197,172,243,344,486,4
1,9198,172,244,344,488,4
1,9199,172,245,344,490,4
1,9200,172,246,344,492,4
1,9201,172,247,344,494,4
1,9202,172,248,344,496,4
1,9203,172,249,344,498,4
1,9204,172,250,344,500,4
1,9205,172,251,344,502,4
1,9206,172,252,344,504,4
1,9207,172,253,344,506,4
1,9208,172,254,344,508,4
1,9209,172,255,344,510,4
1,9210,172,256,344,512,4
1,9211,172,257,344,514,4
1,9212,172,258,344,516,4
1,9213,172,259,344,518,4
1,9214,172,260,344,520,4
1,9215,172,261,345,522,1
1,9216,172,263,344,526,3
1,9217,172,264,344,528,4
1,9218,172,265,344,530,4
1,9219,172,266,344,532,4
1,9220,172,267,344,534,4
1,9221,172,268,344,536,4
1,9222,172,269,344,538,4
1,9223,172,270,344,540,4
1,9224,172,271,344,542,4
1,9225,172,272,344,544,4
1,9226,172,273,344,546,4
1,9227,172,274,344,548,2
1,9228,172,354,345,708,2
1,9229,172,355,344,710,4
1,9230,172,356,344,712,4
1,9231,172,357,344,714,4
1,9232,172,358,344,716,4
1,9233,172,359,344,718,4
1,9234,172,360,344,720,4
1,9235,172,361,344,722,4
1,9236,172,362,344,724,4
1,9237,172,363,344,726,4
1,9238,172,364,344,728,4
1,9239,172,365,344,730,4
1,9240,172,366,344,732,4
1,9241,172,367,344,734,4
1,9242,172,368,344,736,4
1,9243,172,369,344,738,4
1,9244,172,370,344,740,4
1,9245,172,371,344,742,4
1,9246,172,372,344,744,4
1,9247,172,373,344,746,4
1,9248,172,374,344,748,4
1,9249,172,375,344,750,4
1,9250,172,376,344,752,2
1,9251,172,379,344,759,2
1,9252,172,380,344,760,4
1,9253,172,381,344,762,4
1,9254,172,382,344,764,2
1,9255,172,425,344,851,2
1,9256,172,426,344,852,4
1,9257,172,427,344,854,4
1,9258,172,428,344,856,4
1,9259,172,429,344,858,4
1,9260,172,430,344,860,4
1,9261,172,431,344,862,4
1,9262,172,481,344,963,2
1,9263,172,482,345,964,1
1,9264,172,484,344,969,3
1,9265,172,485,344,970,4
1,9266,172,486,344,972,4
1,9267,172,487,344,974,4
1,9268,172,488,344,976,4
1,9269,172,489,344,978,4
1,9270,172,490,344,980,4
1,9271,172,491,344,982,4
1,9272,172,492,344,984,4
1,9273,172,493,344,986,4
1,9274,172,494,344,988,4
1,9275,172,495,344,990,4
1,9276,172,496,344,992,4
1,9277,172,497,344,994,4
1,9278,172,498,344,996,4
1,9279,172,499,344,998,4
1,9280,172,500,344,1000,4
1,9281,172,501,344,1002,4
1,9282,172,502,344,1004,4
1,9283,172,503,344,1006,4
1,9284,172,504,344,1008,4
1,9285,172,505,344,1010,4
1,9286,172,506,344,1012,4
1,9287,172,507,344,1014,4
1,9288,172,508,344,1016,4
1,9289,172,509,344,1018,4
1,9290,172,510,344,1020,4
1,9291,172,511,344,1022,4
1,9292,172,512,344,1024,4
1,9293,172,513,344,1026,4
1,9294,172,514,344,1028,4
1,9295,172,515,344,1030,4
1,9296,172,516,344,1032,4
1,9297,172,517,344,1034,4
1,9298,172,518,344,1036,4
1,9299,172,519,344,1038,2
1,9300,172,555,344,1111,3
1,9301,172,556,344,1112,4
1,9302,172,557,344,1114,4
1,9303,172,558,344,1116,4
1,9304,172,559,344,1118,4
1,9305,172,560,344,1120,4
1,9306,172,561,344,1122,4
1,9307,172,562,344,1124,4
1,9308,172,563,344,1126,4
1,9309,172,564,344,1128,3
1,9310,172,565,345,1130,1
1,9311,172,618,345,1237,1
1,9312,172,619,344,1238,4
1,9313,172,620,344,1240,4
1,9314,172,621,344,1242,4
1,9315,172,622,344,1244,4
1,9316,172,623,344,1246,4
1,9317,172,624,344,1248,3
1,9318,172,651,344,1302,4
1,9319,172,652,344,1304,4
1,9320,172,653,345,1306,1
1,9321,173,103,346,207,1
1,9322,173,104,346,208,4
1,9323,173,105,346,210,4
1,9324,173,106,346,212,4
1,9325,173,107,346,214,4
1,9326,173,108,346,216,4
1,9327,173,109,346,218,4
1,9328,173,110,346,220,4
1,9329,173,111,346,222,4
1,9330,173,112,346,224,4
1,9331,173,113,346,226,4
1,9332,173,114,346,228,4
1,9333,173,115,346,230,4
1,9334,173,116,346,232,4
1,9335,173,117,346,234,4
1,9336,173,118,346,236,4
1,9337,173,119,346,238,4
1,9338,173,120,346,240,4
1,9339,173,232,346,465,3
1,9340,173,233,346,466,4
1,9341,173,234,346,468,4
1,9342,173,235,346,470,4
1,9343,173,236,346,472,4
1,9344,173,237,346,474,4
1,9345,173,238,346,476,4
1,9346,173,239,346,478,4
1,9347,173,240,346,480,4
1,9348,173,241,346,482,4
1,9349,173,242,346,484,4
1,9350,173,243,346,486,4
1,9351,173,244,346,488,4
1,9352,173,245,346,490,4
1,9353,173,246,346,492,4
1,9354,173,247,346,494,4
1,9355,173,248,346,496,4
1,9356,173,249,346,498,4
1,9357,173,250,346,500,4
1,9358,173,251,346,502,4
1,9359,173,252,346,504,4
1,9360,173,253,346,506,4
1,9361,173,254,346,508,4
1,9362,173,255,346,510,4
1,9363,173,256,346,512,4
1,9364,173,257,346,514,4
1,9365,173,258,346,516,4
1,9366,173,259,346,518,4
1,9367,173,260,346,520,4
1,9368,173,261,346,522,4
1,9369,173,262,347,524,1
1,9370,173,264,346,528,3
1,9371,173,265,346,530,4
1,9372,173,266,346,532,4
1,9373,173,267,346,534,4
1,9374,173,268,346,536,4
1,9375,173,269,346,538,4
1,9376,173,270,346,540,4
1,9377,173,271,346,542,4
1,9378,173,272,346,544,4
1,9379,173,273,346,546,4
1,9380,173,274,346,548,2
1,9381,173,353,346,707,3
1,9382,173,354,346,708,4
1,9383,173,355,346,710,4
1,9384,173,356,346,712,4
1,9385,173,357,346,714,4
1,9386,173,358,346,716,4
1,9387,173,359,346,718,4
1,9388,173,360,346,720,4
1,9389,173,361,346,722,4
1,9390,173,362,346,724,4
1,9391,173,363,346,726,4
1,9392,173,364,346,728,4
1,9393,173,365,346,730,4
1,9394,173,366,346,732,4
1,9395,173,367,346,734,4
1,9396,173,368,346,736,4
1,9397,173,369,346,738,4
1,9398,173,370,346,740,4
1,9399,173,371,346,742,4
1,9400,173,372,346,744,4
1,9401,173,373,346,746,4
1,9402,173,374,346,748,4
1,9403,173,375,346,750,4
1,9404,173,376,346,752,3
1,9405,173,379,346,758,4
1,9406,173,380,346,760,4
1,9407,173,381,346,762,4
1,9408,173,382,346,764,2
1,9409,173,425,346,851,2
1,9410,173,426,346,852,4
1,9411,173,427,346,854,4
1,9412,173,428,346,856,4
1,9413,173,429,346,858,4
1,9414,173,430,346,860,4
1,9415,173,431,346,862,4
1,9416,173,481,346,963,2
1,9417,173,482,346,964,4
1,9418,173,483,346,966,4
1,9419,173,484,346,968,4
1,9420,173,485,346,970,4
1,9421,173,486,346,972,4
1,9422,173,487,346,974,4
1,9423,173,488,346,976,4
1,9424,173,489,346,978,4
1,9425,173,490,346,980,4
1,9426,173,491,346,982,4
1,9427,173,492,346,984,4
1,9428,173,493,346,986,4
1,9429,173,494,346,988,4
1,9430,173,495,346,990,4
1,9431,173,496,346,992,4
1,9432,173,497,346,994,4
1,9433,173,498,346,996,4
1,9434,173,499,346,998,4
1,9435,173,500,346,1000,4
1,9436,173,501,346,1002,4
1,9437,173,502,346,1004,4
1,9438,173,503,346,1006,4
1,9439,173,504,346,1008,4
1,9440,173,505,346,1010,4
1,9441,173,506,346,1012,4
1,9442,173,507,346,1014,4
1,9443,173,508,346,1016,4
1,9444,173,509,346,1018,4
1,9445,173,510,346,1020,4
1,9446,173,511,346,1022,4
1,9447,173,512,346,1024,4
1,9448,173,513,346,1026,4
1,9449,173,514,346,1028,4
1,9450,173,515,346,1030,4
1,9451,173,516,346,1032,4
1,9452,173,517,346,1034,4
1,9453,173,518,346,1036,4
1,9454,173,519,346,1038,2
1,9455,173,555,346,1110,4
1,9456,173,556,346,1112,4
1,9457,173,557,346,1114,4
1,9458,173,558,346,1116,4
1,9459,173,559,346,1118,4
1,9460,173,560,346,1120,4
1,9461,173,561,346,1122,4
1,9462,173,562,346,1124,4
1,9463,173,563,346,1126,4
1,9464,173,564,346,1128,4
1,9465,173,565,346,1130,4
1,9466,173,617,346,1235,3
1,9467,173,618,346,1236,4
1,9468,173,619,346,1238,4
1,9469,173,620,346,1240,4
1,9470,173,621,346,1242,4
1,9471,173,622,346,1244,4
1,9472,173,623,346,1246,3
1,9473,173,650,347,1301,1
1,9474,173,651,346,1302,4
1,9475,173,652,346,1304,4
1,9476,173,653,346,1306,4
1,9477,174,104,348,209,1
1,9478,174,105,348,210,4
1,9479,174,106,348,212,4
1,9480,174,107,348,214,4
1,9481,174,108,348,216,4
1,9482,174,109,348,218,4
1,9483,174,110,348,220,4
1,9484,174,111,348,222,4
1,9485,174,112,348,224,4
1,9486,174,113,348,226,4
1,9487,174,114,348,228,4
1,9488,174,115,348,230,4
1,9489,174,116,348,232,4
1,9490,174,117,348,234,4
1,9491,174,118,348,236,4
1,9492,174,119,348,238,4
1,9493,174,120,348,240,4
1,9494,174,231,348,463,3
1,9495,174,232,348,464,4
1,9496,174,233,348,466,4
1,9497,174,234,348,468,4
1,9498,174,235,348,470,4
1,9499,174,236,348,472,4
1,9500,174,237,348,474,4
1,9501,174,238,348,476,4
1,9502,174,239,348,478,4
1,9503,174,240,348,480,4
1,9504,174,241,348,482,4
1,9505,174,242,348,484,4
1,9506,174,243,348,486,4
1,9507,174,244,348,488,4
1,9508,174,245,348,490,4
1,9509,174,246,348,492,4
1,9510,174,247,348,494,4
1,9511,174,248,348,496,4
1,9512,174,249,348,498,4
1,9513,174,250,348,500,4
1,9514,174,251,348,502,4
1,9515,174,252,348,504,4
1,9516,174,253,348,506,4
1,9517,174,254,348,508,4
1,9518,174,255,348,510,4
1,9519,174,256,348,512,4
1,9520,174,257,348,514,4
1,9521,174,258,348,516,4
1,9522,174,259,348,518,4
1,9523,174,260,348,520,4
1,9524,174,261,348,522,4
1,9525,174,262,348,524,4
1,9526,174,263,349,526,1
1,9527,174,264,348,529,1
1,9528,174,265,348,530,4
1,9529,174,266,348,532,4
1,9530,174,267,348,534,4
1,9531,174,268,348,536,4
1,9532,174,269,348,538,4
1,9533,174,270,348,540,4
1,9534,174,271,348,542,4
1,9535,174,272,348,544,4
1,9536,174,273,348,546,4
1,9537,174,274,348,548,2
1,9538,174,352,348,705,1
1,9539,174,353,348,706,2
1,9540,174,354,348,708,2
1,9541,174,355,348,710,3
1,9542,174,356,348,712,4
1,9543,174,357,348,714,4
1,9544,174,358,348,716,4
1,9545,174,359,348,718,4
1,9546,174,360,348,720,4
1,9547,174,361,348,722,4
1,9548,174,362,348,724,4
1,9549,174,363,348,726,4
1,9550,174,364,348,728,4
1,9551,174,365,348,730,4
1,9552,174,366,348,732,4
1,9553,174,367,348,734,4
1,9554,174,368,348,736,4
1,9555,174,369,348,738,4
1,9556,174,370,348,740,4
1,9557,174,371,348,742,4
1,9558,174,372,348,744,4
1,9559,174,373,348,746,4
1,9560,174,374,348,748,4
1,9561,174,375,348,750,4
1,9562,174,376,348,752,4
1,9563,174,377,348,754,4
1,9564,174,378,348,756,4
1,9565,174,379,348,758,4
1,9566,174,380,348,760,4
1,9567,174,381,348,762,4
1,9568,174,382,348,764,2
1,9569,174,425,348,851,2
1,9570,174,426,348,852,4
1,9571,174,427,348,854,4
1,9572,174,428,348,856,4
1,9573,174,429,348,858,4
1,9574,174,430,348,860,4
1,9575,174,431,348,862,4
1,9576,174,432,348,864,4
1,9577,174,481,348,963,2
1,9578,174,482,348,964,4
1,9579,174,483,348,966,4
1,9580,174,484,348,968,4
1,9581,174,485,348,970,4
1,9582,174,486,348,972,4
1,9583,174,487,348,974,4
1,9584,174,488,348,976,4
1,9585,174,489,348,978,4
1,9586,174,490,348,980,4
1,9587,174,491,348,982,4
1,9588,174,492,348,984,4
1,9589,174,493,348,986,4
1,9590,174,494,348,988,4
1,9591,174,495,348,990,4
1,9592,174,496,348,992,4
1,9593,174,497,348,994,4
1,9594,174,498,348,996,4
1,9595,174,499,348,998,4
1,9596,174,500,348,1000,4
1,9597,174,501,348,1002,4
1,9598,174,502,348,1004,4
1,9599,174,503,348,1006,4
1,9600,174,504,348,1008,4
1,9601,174,505,348,1010,4
1,9602,174,506,348,1012,4
1,9603,174,507,348,1014,4
1,9604,174,508,348,1016,4
1,9605,174,509,348,1018,4
1,9606,174,510,348,1020,4
1,9607,174,511,348,1022,4
1,9608,174,512,348,1024,4
1,9609,174,513,348,1026,4
1,9610,174,514,348,1028,4
1,9611,174,515,348,1030,4
1,9612,174,516,348,1032,4
1,9613,174,517,348,1034,4
1,9614,174,518,348,1036,4
1,9615,174,519,348,1038,4
1,9616,174,554,348,1108,4
1,9617,174,555,348,1110,4
1,9618,174,556,348,1112,4
1,9619,174,557,348,1114,4
1,9620,174,558,348,1116,4
1,9621,174,559,348,1118,4
1,9622,174,560,348,1120,4
1,9623,174,561,348,1122,4
1,9624,174,562,348,1124,4
1,9625,174,563,348,1126,4
1,9626,174,564,348,1128,4
1,9627,174,565,348,1130,4
1,9628,174,566,348,1132,2
1,9629,174,616,348,1232,4
1,9630,174,617,348,1234,4
1,9631,174,618,348,1236,4
1,9632,174,619,348,1238,4
1,9633,174,620,348,1240,4
1,9634,174,621,348,1242,4
1,9635,174,622,348,1244,3
1,9636,174,649,349,1299,1
1,9637,174,650,348,1300,4
1,9638,174,651,348,1302,4
1,9639,174,652,348,1304,4
1,9640,174,653,348,1306,4
1,9641,174,654,348,1308,3
1,9642,175,105,350,210,4
1,9643,175,106,350,212,4
1,9644,175,107,350,214,4
1,9645,175,108,350,216,4
1,9646,175,109,350,218,4
1,9647,175,110,350,220,4
1,9648,175,111,350,222,4
1,9649,175,112,350,224,4
1,9650,175,113,350,226,4
1,9651,175,114,350,228,4
1,9652,175,115,350,230,4
1,9653,175,116,350,232,4
1,9654,175,117,350,234,4
1,9655,175,118,350,236,4
1,9656,175,119,350,238,4
1,9657,175,120,350,240,4
1,9658,175,230,351,461,1
1,9659,175,231,350,462,4
1,9660,175,232,350,464,4
1,9661,175,233,350,466,4
1,9662,175,234,350,468,4
1,9663,175,235,350,470,4
1,9664,175,236,350,472,4
1,9665,175,237,350,474,4
1,9666,175,238,350,476,4
1,9667,175,239,350,478,4
1,9668,175,240,350,480,4
1,9669,175,241,350,482,4
1,9670,175,242,350,484,4
1,9671,175,243,350,486,4
1,9672,175,244,350,488,4
1,9673,175,245,350,490,4
1,9674,175,246,350,492,4
1,9675,175,247,350,494,4
1,9676,175,248,350,496,4
1,9677,175,249,350,498,4
1,9678,175,250,350,500,4
1,9679,175,251,350,502,4
1,9680,175,252,350,504,4
1,9681,175,253,350,506,4
1,9682,175,254,350,508,4
1,9683,175,255,350,510,4
1,9684,175,256,350,512,4
1,9685,175,257,350,514,4
1,9686,175,258,350,516,4
1,9687,175,259,350,518,4
1,9688,175,260,350,520,4
1,9689,175,261,350,522,4
1,9690,175,262,350,524,4
1,9691,175,263,350,526,4
1,9692,175,264,351,528,1
1,9693,175,265,350,531,1
1,9694,175,266,350,532,4
1,9695,175,267,350,534,4
1,9696,175,268,350,536,4
1,9697,175,269,350,538,4
1,9698,175,270,350,540,4
1,9699,175,271,350,542,4
1,9700,175,272,350,544,4
1,9701,175,273,350,546,4
1,9702,175,274,350,548,2
1,9703,175,355,350,711,1
1,9704,175,356,350,712,4
1,9705,175,357,350,714,4
1,9706,175,358,350,716,4
1,9707,175,359,350,718,4
1,9708,175,360,350,720,4
1,9709,175,361,350,722,4
1,9710,175,362,350,724,4
1,9711,175,363,350,726,4
1,9712,175,364,350,728,4
1,9713,175,365,350,730,4
1,9714,175,366,350,732,4
1,9715,175,367,350,734,4
1,9716,175,368,350,736,4
1,9717,175,369,350,738,4
1,9718,175,370,350,740,4
1,9719,175,371,350,742,4
1,9720,175,372,350,744,4
1,9721,175,373,350,746,4
1,9722,175,374,350,748,4
1,9723,175,375,350,750,4
1,9724,175,376,350,752,4
1,9725,175,377,350,754,4
1,9726,175,378,350,756,4
1,9727,175,379,350,758,4
1,9728,175,380,350,760,4
1,9729,175,381,350,762,4
1,9730,175,425,350,851,2
1,9731,175,426,350,852,4
1,9732,175,427,350,854,4
1,9733,175,428,350,856,4
1,9734,175,429,350,858,4
1,9735,175,430,350,860,4
1,9736,175,431,350,862,4
1,9737,175,432,350,864,4
1,9738,175,457,351,915,1
1,9739,175,458,351,916,2
1,9740,175,459,351,918,2
1,9741,175,460,351,920,2
1,9742,175,461,351,922,2
1,9743,175,462,351,924,2
1,9744,175,463,351,926,2
1,9745,175,464,351,928,2
1,9746,175,465,351,930,2
1,9747,175,466,351,932,2
1,9748,175,467,351,934,2
1,9749,175,468,351,936,1
1,9750,175,471,351,943,1
1,9751,175,472,351,944,2
1,9752,175,473,351,946,2
1,9753,175,474,351,948,2
1,9754,175,475,351,950,2
1,9755,175,476,351,952,2
1,9756,175,477,351,954,2
1,9757,175,478,351,956,1
1,9758,175,481,350,963,2
1,9759,175,482,350,964,4
1,9760,175,483,350,966,4
1,9761,175,484,350,968,4
1,9762,175,485,350,970,4
1,9763,175,486,350,972,4
1,9764,175,487,350,974,4
1,9765,175,488,350,976,4
1,9766,175,489,350,978,4
1,9767,175,490,350,980,4
1,9768,175,491,350,982,4
1,9769,175,492,350,984,4
1,9770,175,493,350,986,4
1,9771,175,494,350,988,4
1,9772,175,495,350,990,4
1,9773,175,496,350,992,4
1,9774,175,497,350,994,4
1,9775,175,498,350,996,4
1,9776,175,499,350,998,4
1,9777,175,500,350,1000,4
1,9778,175,501,350,1002,4
1,9779,175,502,350,1004,4
1,9780,175,503,350,1006,4
1,9781,175,504,350,1008,4
1,9782,175,505,350,1010,4
1,9783,175,506,350,1012,4
1,9784,175,507,350,1014,4
1,9785,175,508,350,1016,4
1,9786,175,509,350,1018,4
1,9787,175,510,350,1020,4
1,9788,175,511,350,1022,4
1,9789,175,512,350,1024,4
1,9790,175,513,350,1026,4
1,9791,175,514,350,1028,4
1,9792,175,515,350,1030,4
1,9793,175,516,350,1032,4
1,9794,175,517,350,1034,4
1,9795,175,518,350,1036,4
1,9796,175,519,350,1038,4
1,9797,175,553,350,1106,4
1,9798,175,554,350,1108,4
1,9799,175,555,350,1110,4
1,9800,175,556,350,1112,4
1,9801,175,557,350,1114,4
1,9802,175,558,350,1116,3
1,9803,175,559,350,1118,2
1,9804,175,560,350,1120,2
1,9805,175,561,350,1122,2
1,9806,175,562,350,1124,2
1,9807,175,563,350,1126,3
1,9808,175,564,350,1128,4
1,9809,175,565,350,1130,4
1,9810,175,566,350,1132,4
1,9811,175,567,350,1134,2
1,9812,175,616,350,1232,4
1,9813,175,617,350,1234,4
1,9814,175,618,350,1236,4
1,9815,175,619,350,1238,4
1,9816,175,620,350,1240,4
1,9817,175,621,350,1242,3
1,9818,175,650,350,1300,4
1,9819,175,651,350,1302,4
1,9820,175,652,350,1304,4
1,9821,175,653,350,1306,4
1,9822,175,654,350,1308,4
1,9823,176,104,352,209,2
1,9824,176,105,352,210,4
1,9825,176,106,352,212,4
1,9826,176,107,352,214,4
1,9827,176,108,352,216,4
1,9828,176,109,352,218,4
1,9829,176,110,352,220,4
1,9830,176,111,352,222,4
1,9831,176,112,352,224,4
1,9832,176,113,352,226,4
1,9833,176,114,352,228,4
1,9834,176,115,352,230,4
1,9835,176,116,352,232,4
1,9836,176,117,352,234,4
1,9837,176,118,352,236,4
1,9838,176,119,352,238,4
1,9839,176,120,352,240,4
1,9840,176,229,353,459,1
1,9841,176,230,352,460,4
1,9842,176,231,352,462,4
1,9843,176,232,352,464,4
1,9844,176,233,352,466,4
1,9845,176,234,352,468,4
1,9846,176,235,352,470,4
1,9847,176,236,352,472,4
1,9848,176,237,352,474,4
1,9849,176,238,352,476,4
1,9850,176,239,352,478,4
1,9851,176,240,352,480,4
1,9852,176,241,352,482,4
1,9853,176,242,352,484,4
1,9854,176,243,352,486,4
1,9855,176,244,352,488,4
1,9856,176,245,352,490,4
1,9857,176,246,352,492,4
1,9858,176,247,352,494,4
1,9859,176,248,352,496,4
1,9860,176,249,352,498,4
1,9861,176,250,352,500,4
1,9862,176,251,352,502,4
1,9863,176,252,352,504,4
1,9864,176,253,352,506,4
1,9865,176,254,352,508,4
1,9866,176,255,352,510,4
1,9867,176,256,352,512,4
1,9868,176,257,352,514,4
1,9869,176,258,352,516,4
1,9870,176,259,352,518,4
1,9871,176,260,352,520,4
1,9872,176,261,352,522,4
1,9873,176,262,352,524,4
1,9874,176,263,352,526,4
1,9875,176,264,352,528,4
1,9876,176,265,353,530,2
1,9877,176,266,352,532,4
1,9878,176,267,352,534,4
1,9879,176,268,352,536,4
1,9880,176,269,352,538,4
1,9881,176,270,352,540,4
1,9882,176,271,352,542,4
1,9883,176,272,352,544,4
1,9884,176,273,352,546,4
1,9885,176,274,352,548,2
1,9886,176,348,352,697,2
1,9887,176,349,352,698,4
1,9888,176,350,352,700,4
1,9889,176,351,352,702,4
1,9890,176,352,352,704,4
1,9891,176,353,352,706,4
1,9892,176,354,352,708,3
1,9893,176,356,352,713,1
1,9894,176,357,352,714,4
1,9895,176,358,352,716,4
1,9896,176,359,352,718,4
1,9897,176,360,352,720,4
1,9898,176,361,352,722,4
1,9899,176,362,352,724,4
1,9900,176,363,352,726,4
1,9901,176,364,352,728,4
1,9902,176,365,352,730,4
1,9903,176,366,352,732,4
1,9904,176,367,352,734,4
1,9905,176,368,352,736,4
1,9906,176,369,352,738,4
1,9907,176,370,352,740,4
1,9908,176,371,352,742,4
1,9909,176,372,352,744,4
1,9910,176,373,352,746,4
1,9911,176,374,352,748,4
1,9912,176,375,352,750,4
1,9913,176,376,352,752,2
1,9914,176,377,352,754,2
1,9915,176,378,352,756,4
1,9916,176,379,352,758,4
1,9917,176,380,352,760,4
1,9918,176,381,352,762,2
1,9919,176,425,352,851,2
1,9920,176,426,352,852,4
1,9921,176,427,352,854,4
1,9922,176,428,352,856,4
1,9923,176,429,352,858,4
1,9924,176,430,352,860,4
1,9925,176,431,352,862,4
1,9926,176,432,352,864,4
1,9927,176,458,352,916,2
1,9928,176,459,352,918,4
1,9929,176,460,352,920,4
1,9930,176,461,352,922,4
1,9931,176,462,352,924,4
1,9932,176,463,352,926,4
1,9933,176,464,352,928,4
1,9934,176,465,352,930,4
1,9935,176,466,352,932,4
1,9936,176,467,352,934,4
1,9937,176,468,352,936,3
1,9938,176,469,353,938,2
1,9939,176,470,353,940,2
1,9940,176,471,352,943,3
1,9941,176,472,352,944,4
1,9942,176,473,352,946,4
1,9943,176,474,352,948,4
1,9944,176,475,352,950,4
1,9945,176,476,352,952,4
1,9946,176,477,352,954,4
1,9947,176,478,352,956,3
1,9948,176,479,353,958,2
1,9949,176,480,353,960,2
1,9950,176,481,352,963,3
1,9951,176,482,352,964,4
1,9952,176,483,352,966,4
1,9953,176,484,352,968,4
1,9954,176,485,352,970,4
1,9955,176,486,352,972,4
1,9956,176,487,352,974,4
1,9957,176,488,352,976,4
1,9958,176,489,352,978,4
1,9959,176,490,352,980,4
1,9960,176,491,352,982,4
1,9961,176,492,352,984,4
1,9962,176,493,352,986,4
1,9963,176,494,352,988,4
1,9964,176,495,352,990,4
1,9965,176,496,352,992,4
1,9966,176,497,352,994,4
1,9967,176,498,352,996,4
1,9968,176,499,352,998,4
1,9969,176,500,352,1000,4
1,9970,176,501,352,1002,4
1,9971,176,502,352,1004,4
1,9972,176,503,352,1006,4
1,9973,176,504,352,1008,4
1,9974,176,505,352,1010,4
1,9975,176,506,352,1012,4
1,9976,176,507,352,1014,4
1,9977,176,508,352,1016,4
1,9978,176,509,352,1018,4
1,9979,176,510,352,1020,4
1,9980,176,511,352,1022,4
1,9981,176,512,352,1024,4
1,9982,176,513,352,1026,4
1,9983,176,514,352,1028,4
1,9984,176,515,352,1030,4
1,9985,176,516,352,1032,4
1,9986,176,517,352,1034,4
1,9987,176,518,352,1036,4
1,9988,176,519,352,1038,4
1,9989,176,520,353,1040,1
1,9990,176,552,353,1105,1
1,9991,176,553,352,1106,4
1,9992,176,554,352,1108,4
1,9993,176,555,352,1110,4
1,9994,176,556,352,1112,4
1,9995,176,557,352,1114,4
1,9996,176,564,352,1128,3
1,9997,176,565,352,1130,4
1,9998,176,566,352,1132,4
1,9999,176,567,352,1134,4
1,10000,176,568,353,1136,1
1,10001,176,615,352,1231,2
1,10002,176,616,352,1232,4
1,10003,176,617,352,1234,4
1,10004,176,618,352,1236,4
1,10005,176,619,352,1238,4
1,10006,176,620,352,1240,4
1,10007,176,650,352,1301,2
1,10008,176,651,352,1302,4
1,10009,176,652,352,1304,4
1,10010,176,653,352,1306,4
1,10011,176,654,352,1308,4
1,10012,177,103,355,207,1
1,10013,177,104,354,208,4
1,10014,177,105,354,210,4
1,10015,177,106,354,212,4
1,10016,177,107,354,214,4
1,10017,177,108,354,216,4
1,10018,177,109,354,218,4
1,10019,177,110,354,220,4
1,10020,177,111,354,222,4
1,10021,177,112,354,224,4
1,10022,177,113,354,226,4
1,10023,177,114,354,228,4
1,10024,177,115,354,230,4
1,10025,177,116,354,232,4
1,10026,177,117,354,234,4
1,10027,177,118,354,236,4
1,10028,177,119,354,238,4
1,10029,177,120,354,240,4
1,10030,177,229,354,458,4
1,10031,177,230,354,460,4
1,10032,177,231,354,462,4
1,10033,177,232,354,464,4
1,10034,177,233,354,466,4
1,10035,177,234,354,468,4
1,10036,177,235,354,470,4
1,10037,177,236,354,472,4
1,10038,177,237,354,474,4
1,10039,177,238,354,476,4
1,10040,177,239,354,478,4
1,10041,177,240,354,480,4
1,10042,177,241,354,482,4
1,10043,177,242,354,484,4
1,10044,177,243,354,486,4
1,10045,177,244,354,488,4
1,10046,177,245,354,490,4
1,10047,177,246,354,492,4
1,10048,177,247,354,494,4
1,10049,177,248,354,496,4
1,10050,177,249,354,498,4
1,10051,177,250,354,500,4
1,10052,177,251,354,502,4
1,10053,177,252,354,504,4
1,10054,177,253,354,506,4
1,10055,177,254,354,508,4
1,10056,177,255,354,510,4
1,10057,177,256,354,512,4
1,10058,177,257,354,514,4
1,10059,177,258,354,516,4
1,10060,177,259,354,518,4
1,10061,177,260,354,520,4
1,10062,177,261,354,522,4
1,10063,177,262,354,524,4
1,10064,177,263,354,526,4
1,10065,177,264,354,528,4
1,10066,177,265,354,530,4
1,10067,177,266,354,532,4
1,10068,177,267,354,534,4
1,10069,177,268,354,536,4
1,10070,177,269,354,538,4
1,10071,177,270,354,540,4
1,10072,177,271,354,542,4
1,10073,177,272,354,544,4
1,10074,177,273,354,546,4
1,10075,177,274,354,548,2
1,10076,177,348,354,697,2
1,10077,177,349,354,698,4
1,10078,177,350,354,700,4
1,10079,177,351,354,702,4
1,10080,177,352,354,704,4
1,10081,177,353,354,706,4
1,10082,177,354,354,708,4
1,10083,177,355,354,710,1
1,10084,177,356,355,713,1
1,10085,177,357,354,714,4
1,10086,177,358,354,716,4
1,10087,177,359,354,718,4
1,10088,177,360,354,720,4
1,10089,177,361,354,722,4
1,10090,177,362,354,724,4
1,10091,177,363,354,726,4
1,10092,177,364,354,728,4
1,10093,177,365,354,730,4
1,10094,177,366,354,732,4
1,10095,177,367,354,734,4
1,10096,177,368,354,736,4
1,10097,177,369,354,738,4
1,10098,177,370,354,740,4
1,10099,177,371,354,742,4
1,10100,177,372,354,744,4
1,10101,177,373,354,746,4
1,10102,177,374,354,748,4
1,10103,177,375,354,750,1
1,10104,177,379,354,758,4
1,10105,177,380,354,760,2
1,10106,177,422,355,844,2
1,10107,177,423,354,847,3
1,10108,177,424,354,848,4
1,10109,177,425,354,850,4
1,10110,177,426,354,852,4
1,10111,177,427,354,854,4
1,10112,177,428,354,856,4
1,10113,177,429,354,858,4
1,10114,177,430,354,860,4
1,10115,177,431,354,862,4
1,10116,177,432,354,864,4
1,10117,177,433,354,866,4
1,10118,177,434,354,868,4
1,10119,177,435,354,870,3
1,10120,177,436,355,872,2
1,10121,177,437,355,874,2
1,10122,177,438,355,876,2
1,10123,177,439,354,879,3
1,10124,177,440,354,880,4
1,10125,177,460,354,920,2
1,10126,177,461,354,922,4
1,10127,177,462,354,924,4
1,10128,177,463,354,926,4
1,10129,177,464,354,928,4
1,10130,177,465,354,930,4
1,10131,177,466,354,932,4
1,10132,177,467,354,934,4
1,10133,177,468,354,936,4
1,10134,177,469,354,938,4
1,10135,177,470,354,940,4
1,10136,177,471,354,942,4
1,10137,177,472,354,944,4
1,10138,177,473,354,946,4
1,10139,177,474,354,948,4
1,10140,177,475,354,950,4
1,10141,177,476,354,952,4
1,10142,177,477,354,954,4
1,10143,177,478,354,956,4
1,10144,177,479,354,958,4
1,10145,177,480,354,960,4
1,10146,177,481,354,962,4
1,10147,177,482,354,964,4
1,10148,177,483,354,966,4
1,10149,177,484,354,968,4
1,10150,177,485,354,970,4
1,10151,177,486,354,972,4
1,10152,177,487,354,974,4
1,10153,177,488,354,976,4
1,10154,177,489,354,978,4
1,10155,177,490,354,980,4
1,10156,177,491,354,982,4
1,10157,177,492,354,984,4
1,10158,177,493,354,986,4
1,10159,177,494,354,988,4
1,10160,177,495,354,990,4
1,10161,177,496,354,992,4
1,10162,177,497,354,994,4
1,10163,177,498,354,996,4
1,10164,177,499,354,998,4
1,10165,177,500,354,1000,4
1,10166,177,501,354,1002,4
1,10167,177,502,354,1004,4
1,10168,177,503,354,1006,4
1,10169,177,504,354,1008,4
1,10170,177,505,354,1010,4
1,10171,177,506,354,1012,4
1,10172,177,507,354,1014,4
1,10173,177,508,354,1016,4
1,10174,177,509,354,1018,4
1,10175,177,510,354,1020,4
1,10176,177,511,354,1022,4
1,10177,177,512,354,1024,4
1,10178,177,513,354,1026,4
1,10179,177,514,354,1028,4
1,10180,177,515,354,1030,4
1,10181,177,516,354,1032,4
1,10182,177,517,354,1034,4
1,10183,177,518,354,1036,4
1,10184,177,519,354,1038,4
1,10185,177,520,354,1040,2
1,10186,177,551,355,1102,2
1,10187,177,552,354,1105,3
1,10188,177,553,354,1106,4
1,10189,177,554,354,1108,4
1,10190,177,555,354,1110,4
1,10191,177,556,354,1112,4
1,10192,177,557,354,1114,4
1,10193,177,564,354,1129,2
1,10194,177,565,354,1130,4
1,10195,177,566,354,1132,4
1,10196,177,567,354,1134,4
1,10197,177,568,354,1136,1
1,10198,177,615,354,1231,2
1,10199,177,616,354,1232,4
1,10200,177,617,354,1234,4
1,10201,177,618,354,1236,4
1,10202,177,619,354,1238,4
1,10203,177,620,354,1240,4
1,10204,177,650,354,1301,2
1,10205,177,651,354,1302,4
1,10206,177,652,354,1304,4
1,10207,177,653,354,1306,4
1,10208,177,654,354,1308,4
1,10209,177,655,354,1310,2
1,10210,178,102,357,205,1
1,10211,178,103,356,206,4
1,10212,178,104,356,208,4
1,10213,178,105,356,210,4
1,10214,178,106,356,212,4
1,10215,178,107,356,214,4
1,10216,178,108,356,216,4
1,10217,178,109,356,218,4
1,10218,178,110,356,220,4
1,10219,178,111,356,222,4
1,10220,178,112,356,224,4
1,10221,178,113,356,226,4
1,10222,178,114,356,228,4
1,10223,178,115,356,230,4
1,10224,178,116,356,232,4
1,10225,178,117,356,234,4
1,10226,178,118,356,236,4
1,10227,178,119,356,238,4
1,10228,178,120,356,240,4
1,10229,178,228,356,457,3
1,10230,178,229,356,458,4
1,10231,178,230,356,460,4
1,10232,178,231,356,462,4
1,10233,178,232,356,464,4
1,10234,178,233,356,466,4
1,10235,178,234,356,468,4
1,10236,178,235,356,470,4
1,10237,178,236,356,472,4
1,10238,178,237,356,474,4
1,10239,178,238,356,476,4
1,10240,178,239,356,478,4
1,10241,178,240,356,480,4
1,10242,178,241,356,482,4
1,10243,178,242,356,484,4
1,10244,178,243,356,486,4
1,10245,178,244,356,488,4
1,10246,178,245,356,490,4
1,10247,178,246,356,492,4
1,10248,178,247,356,494,4
1,10249,178,248,356,496,4
1,10250,178,249,356,498,4
1,10251,178,250,356,500,4
1,10252,178,251,356,502,4
1,10253,178,252,356,504,4
1,10254,178,253,356,506,4
1,10255,178,254,356,508,4
1,10256,178,255,356,510,4
1,10257,178,256,356,512,4
1,10258,178,257,356,514,4
1,10259,178,258,356,516,4
1,10260,178,259,356,518,4
1,10261,178,260,356,520,4
1,10262,178,261,356,522,4
1,10263,178,262,356,524,4
1,10264,178,263,356,526,4
1,10265,178,264,356,528,4
1,10266,178,265,356,530,4
1,10267,178,266,356,532,4
1,10268,178,267,356,534,4
1,10269,178,268,356,536,4
1,10270,178,269,356,538,4
1,10271,178,270,356,540,4
1,10272,178,271,356,542,4
1,10273,178,272,356,544,4
1,10274,178,273,356,546,4
1,10275,178,274,356,548,1
1,10276,178,345,357,691,1
1,10277,178,346,357,692,2
1,10278,178,347,357,694,2
1,10279,178,348,356,697,3
1,10280,178,349,356,698,4
1,10281,178,350,356,700,4
1,10282,178,351,356,702,4
1,10283,178,352,356,704,4
1,10284,178,353,356,706,4
1,10285,178,354,356,708,1
1,10286,178,355,357,711,1
1,10287,178,356,356,712,4
1,10288,178,357,356,714,4
1,10289,178,358,356,716,4
1,10290,178,359,356,718,4
1,10291,178,360,356,720,4
1,10292,178,361,356,722,4
1,10293,178,362,356,724,4
1,10294,178,363,356,726,4
1,10295,178,364,356,728,4
1,10296,178,365,356,730,4
1,10297,178,366,356,732,4
1,10298,178,367,356,734,4
1,10299,178,368,356,736,4
1,10300,178,369,356,738,4
1,10301,178,370,356,740,4
1,10302,178,371,356,742,4
1,10303,178,372,356,744,4
1,10304,178,373,356,746,4
1,10305,178,374,356,748,4
1,10306,178,379,356,759,2
1,10307,178,380,356,760,1
1,10308,178,422,356,844,4
1,10309,178,423,356,846,4
1,10310,178,424,356,848,4
1,10311,178,425,356,850,4
1,10312,178,426,356,852,4
1,10313,178,427,356,854,4
1,10314,178,428,356,856,4
1,10315,178,429,356,858,4
1,10316,178,430,356,860,4
1,10317,178,431,356,862,4
1,10318,178,432,356,864,4
1,10319,178,433,356,866,4
1,10320,178,434,356,868,4
1,10321,178,435,356,870,4
1,10322,178,436,356,872,4
1,10323,178,437,356,874,4
1,10324,178,438,356,876,4
1,10325,178,439,356,878,4
1,10326,178,440,356,880,2
1,10327,178,461,356,923,1
1,10328,178,462,356,924,4
1,10329,178,463,356,926,4
1,10330,178,464,356,928,4
1,10331,178,465,356,930,4
1,10332,178,466,356,932,4
1,10333,178,467,356,934,4
1,10334,178,468,356,936,4
1,10335,178,469,356,938,4
1,10336,178,470,356,940,4
1,10337,178,471,356,942,4
1,10338,178,472,356,944,4
1,10339,178,473,356,946,4
1,10340,178,474,356,948,4
1,10341,178,475,356,950,4
1,10342,178,476,356,952,4
1,10343,178,477,356,954,4
1,10344,178,478,356,956,4
1,10345,178,479,356,958,4
1,10346,178,480,356,960,4
1,10347,178,481,356,962,4
1,10348,178,482,356,964,4
1,10349,178,483,356,966,4
1,10350,178,484,356,968,4
1,10351,178,485,356,970,4
1,10352,178,486,356,972,4
1,10353,178,487,356,974,4
1,10354,178,488,356,976,4
1,10355,178,489,356,978,4
1,10356,178,490,356,980,4
1,10357,178,491,356,982,4
1,10358,178,492,356,984,4
1,10359,178,493,356,986,4
1,10360,178,494,356,988,4
1,10361,178,495,356,990,4
1,10362,178,496,356,992,4
1,10363,178,497,356,994,4
1,10364,178,498,356,996,4
1,10365,178,499,356,998,4
1,10366,178,500,356,1000,4
1,10367,178,501,356,1002,4
1,10368,178,502,356,1004,4
1,10369,178,503,356,1006,4
1,10370,178,504,356,1008,4
1,10371,178,505,356,1010,4
1,10372,178,506,356,1012,4
1,10373,178,507,356,1014,4
1,10374,178,508,356,1016,4
1,10375,178,509,356,1018,4
1,10376,178,510,356,1020,4
1,10377,178,511,356,1022,4
1,10378,178,512,356,1024,4
1,10379,178,513,356,1026,4
1,10380,178,514,356,1028,4
1,10381,178,515,356,1030,4
1,10382,178,516,356,1032,4
1,10383,178,517,356,1034,4
1,10384,178,518,356,1036,4
1,10385,178,519,356,1038,3
1,10386,178,520,356,1040,1
1,10387,178,551,356,1102,4
1,10388,178,552,356,1104,4
1,10389,178,553,356,1106,4
1,10390,178,554,356,1108,4
1,10391,178,555,356,1110,4
1,10392,178,556,356,1112,4
1,10393,178,557,356,1114,4
1,10394,178,558,357,1116,1
1,10395,178,563,357,1127,1
1,10396,178,564,356,1128,4
1,10397,178,565,356,1130,4
1,10398,178,566,356,1132,4
1,10399,178,567,356,1134,3
1,10400,178,615,356,1231,2
1,10401,178,616,356,1232,4
1,10402,178,617,356,1234,4
1,10403,178,618,356,1236,4
1,10404,178,619,356,1238,4
1,10405,178,620,356,1240,4
1,10406,178,650,356,1301,2
1,10407,178,651,356,1302,4
1,10408,178,652,356,1304,4
1,10409,178,653,356,1306,4
1,10410,178,654,356,1308,4
1,10411,178,655,356,1310,2
1,10412,179,103,358,207,2
1,10413,179,104,358,208,4
1,10414,179,105,358,210,4
1,10415,179,106,358,212,4
1,10416,179,107,358,214,4
1,10417,179,108,358,216,4
1,10418,179,109,358,218,4
1,10419,179,110,358,220,4
1,10420,179,111,358,222,4
1,10421,179,112,358,224,4
1,10422,179,113,358,226,4
1,10423,179,114,358,228,4
1,10424,179,115,358,230,4
1,10425,179,116,358,232,4
1,10426,179,117,358,234,4
1,10427,179,118,358,236,4
1,10428,179,119,358,238,4
1,10429,179,120,358,240,4
1,10430,179,121,359,242,2
1,10431,179,122,359,244,2
1,10432,179,123,359,246,2
1,10433,179,124,359,248,2
1,10434,179,125,359,250,2
1,10435,179,126,359,252,2
1,10436,179,127,359,254,2
1,10437,179,128,359,256,2
1,10438,179,129,359,258,2
1,10439,179,130,359,260,2
1,10440,179,131,359,262,2
1,10441,179,132,359,264,2
1,10442,179,133,359,266,2
1,10443,179,134,359,268,2
1,10444,179,135,359,270,2
1,10445,179,136,359,272,2
1,10446,179,137,359,274,2
1,10447,179,138,359,276,2
1,10448,179,139,359,278,2
1,10449,179,140,359,280,2
1,10450,179,141,359,282,2
1,10451,179,142,359,284,2
1,10452,179,143,359,286,2
1,10453,179,144,359,288,2
1,10454,179,145,359,290,2
1,10455,179,146,359,292,2
1,10456,179,147,359,294,2
1,10457,179,148,359,296,2
1,10458,179,149,359,298,2
1,10459,179,150,359,300,2
1,10460,179,151,359,302,2
1,10461,179,152,359,304,2
1,10462,179,153,359,306,2
1,10463,179,154,359,308,2
1,10464,179,155,359,310,2
1,10465,179,156,359,312,2
1,10466,179,157,359,314,2
1,10467,179,158,359,316,2
1,10468,179,159,359,318,2
1,10469,179,160,359,320,2
1,10470,179,161,359,322,2
1,10471,179,162,359,324,2
1,10472,179,163,359,326,2
1,10473,179,164,359,328,2
1,10474,179,165,359,330,2
1,10475,179,166,359,332,2
1,10476,179,167,359,334,2
1,10477,179,168,359,336,2
1,10478,179,169,359,338,2
1,10479,179,170,359,340,2
1,10480,179,171,359,342,2
1,10481,179,172,359,344,2
1,10482,179,173,359,346,2
1,10483,179,174,359,348,2
1,10484,179,175,359,350,2
1,10485,179,176,359,352,2
1,10486,179,177,359,354,2
1,10487,179,178,359,356,2
1,10488,179,179,359,358,2
1,10489,179,180,359,360,2
1,10490,179,181,359,362,2
1,10491,179,182,359,364,2
1,10492,179,183,359,366,2
1,10493,179,184,359,368,2
1,10494,179,185,359,370,2
1,10495,179,186,359,372,2
1,10496,179,187,359,374,2
1,10497,179,188,359,376,2
1,10498,179,189,359,378,2
1,10499,179,190,359,380,2
1,10500,179,191,359,382,2
1,10501,179,192,359,384,2
1,10502,179,193,359,386,2
1,10503,179,194,359,388,2
1,10504,179,195,359,390,2
1,10505,179,196,359,392,2
1,10506,179,197,359,394,2
1,10507,179,198,359,396,2
1,10508,179,199,359,398,2
1,10509,179,200,359,400,2
1,10510,179,201,359,402,2
1,10511,179,202,359,404,2
1,10512,179,203,359,406,2
1,10513,179,204,359,408,2
1,10514,179,205,359,410,2
1,10515,179,206,359,412,2
1,10516,179,207,359,414,2
1,10517,179,208,359,416,2
1,10518,179,209,359,418,2
1,10519,179,210,359,420,2
1,10520,179,211,359,422,2
1,10521,179,212,359,424,2
1,10522,179,213,359,426,2
1,10523,179,214,359,428,2
1,10524,179,215,359,430,2
1,10525,179,216,359,432,2
1,10526,179,217,359,434,2
1,10527,179,218,359,436,2
1,10528,179,219,359,438,2
1,10529,179,220,359,440,2
1,10530,179,221,359,442,2
1,10531,179,222,359,444,2
1,10532,179,223,359,446,2
1,10533,179,224,359,448,2
1,10534,179,225,359,450,2
1,10535,179,226,359,452,2
1,10536,179,227,358,455,3
1,10537,179,228,358,456,4
1,10538,179,229,358,458,4
1,10539,179,230,358,460,4
1,10540,179,231,358,462,4
1,10541,179,232,358,464,4
1,10542,179,233,358,466,4
1,10543,179,234,358,468,4
1,10544,179,235,358,470,4
1,10545,179,236,358,472,4
1,10546,179,237,358,474,4
1,10547,179,238,358,476,4
1,10548,179,239,358,478,4
1,10549,179,240,358,480,4
1,10550,179,241,358,482,4
1,10551,179,242,358,484,4
1,10552,179,243,358,486,4
1,10553,179,244,358,488,4
1,10554,179,245,358,490,4
1,10555,179,246,358,492,4
1,10556,179,247,358,494,4
1,10557,179,248,358,496,4
1,10558,179,249,358,498,4
1,10559,179,250,358,500,4
1,10560,179,251,358,502,4
1,10561,179,252,358,504,4
1,10562,179,253,358,506,4
1,10563,179,254,358,508,4
1,10564,179,255,358,510,4
1,10565,179,256,358,512,4
1,10566,179,257,358,514,4
1,10567,179,258,358,516,4
1,10568,179,259,358,518,4
1,10569,179,260,358,520,4
1,10570,179,261,358,522,4
1,10571,179,262,358,524,4
1,10572,179,263,358,526,4
1,10573,179,264,358,528,4
1,10574,179,265,358,530,4
1,10575,179,266,358,532,4
1,10576,179,267,358,534,4
1,10577,179,268,358,536,4
1,10578,179,269,358,538,4
1,10579,179,270,358,540,4
1,10580,179,271,358,542,4
1,10581,179,272,358,544,4
1,10582,179,273,358,546,4
1,10583,179,345,358,691,2
1,10584,179,346,358,692,4
1,10585,179,347,358,694,4
1,10586,179,348,358,696,4
1,10587,179,349,358,698,4
1,10588,179,350,358,700,4
1,10589,179,351,358,702,4
1,10590,179,352,358,704,3
1,10591,179,354,359,709,1
1,10592,179,355,358,710,4
1,10593,179,356,358,712,4
1,10594,179,357,358,714,4
1,10595,179,358,358,716,4
1,10596,179,359,358,718,4
1,10597,179,360,358,720,4
1,10598,179,361,358,722,4
1,10599,179,362,358,724,4
1,10600,179,363,358,726,4
1,10601,179,364,358,728,4
1,10602,179,365,358,730,4
1,10603,179,366,358,732,4
1,10604,179,367,358,734,4
1,10605,179,368,358,736,4
1,10606,179,369,358,738,4
1,10607,179,370,358,740,4
1,10608,179,371,358,742,4
1,10609,179,372,358,744,4
1,10610,179,373,358,746,4
1,10611,179,374,358,748,4
1,10612,179,379,358,759,2
1,10613,179,380,359,760,1
1,10614,179,422,358,844,3
1,10615,179,423,358,846,4
1,10616,179,424,358,848,4
1,10617,179,425,358,850,4
1,10618,179,426,358,852,4
1,10619,179,427,358,854,4
1,10620,179,428,358,856,4
1,10621,179,429,358,858,4
1,10622,179,430,358,860,4
1,10623,179,431,358,862,4
1,10624,179,432,358,864,4
1,10625,179,433,358,866,4
1,10626,179,434,358,868,4
1,10627,179,435,358,870,4
1,10628,179,436,358,872,4
1,10629,179,437,358,874,4
1,10630,179,438,358,876,4
1,10631,179,439,358,878,4
1,10632,179,440,358,880,1
1,10633,179,462,358,925,1
1,10634,179,463,358,926,4
1,10635,179,464,358,928,4
1,10636,179,465,358,930,4
1,10637,179,466,358,932,4
1,10638,179,467,358,934,4
1,10639,179,468,358,936,4
1,10640,179,469,358,938,4
1,10641,179,470,358,940,4
1,10642,179,471,358,942,4
1,10643,179,472,358,944,4
1,10644,179,473,358,946,4
1,10645,179,474,358,948,4
1,10646,179,475,358,950,4
1,10647,179,476,358,952,4
1,10648,179,477,358,954,4
1,10649,179,478,358,956,4
1,10650,179,479,358,958,4
1,10651,179,480,358,960,4
1,10652,179,481,358,962,4
1,10653,179,482,358,964,4
1,10654,179,483,358,966,4
1,10655,179,484,358,968,4
1,10656,179,485,358,970,4
1,10657,179,486,358,972,4
1,10658,179,487,358,974,4
1,10659,179,488,358,976,4
1,10660,179,489,358,978,4
1,10661,179,490,358,980,4
1,10662,179,491,358,982,4
1,10663,179,492,358,984,4
1,10664,179,493,358,986,4
1,10665,179,494,358,988,4
1,10666,179,495,358,990,4
1,10667,179,496,358,992,4
1,10668,179,497,358,994,4
1,10669,179,498,358,996,4
1,10670,179,499,358,998,4
1,10671,179,500,358,1000,4
1,10672,179,501,358,1002,4
1,10673,179,502,358,1004,4
1,10674,179,503,358,1006,4
1,10675,179,504,358,1008,4
1,10676,179,505,358,1010,4
1,10677,179,506,358,1012,4
1,10678,179,507,358,1014,4
1,10679,179,508,358,1016,4
1,10680,179,509,358,1018,4
1,10681,179,510,358,1020,4
1,10682,179,511,358,1022,4
1,10683,179,512,358,1024,4
1,10684,179,513,358,1026,4
1,10685,179,514,358,1028,4
1,10686,179,515,358,1030,4
1,10687,179,516,358,1032,4
1,10688,179,517,358,1034,4
1,10689,179,518,358,1036,4
1,10690,179,519,358,1038,2
1,10691,179,550,358,1101,1
1,10692,179,551,358,1102,2
1,10693,179,552,358,1104,2
1,10694,179,553,358,1106,4
1,10695,179,554,358,1108,4
1,10696,179,555,358,1110,4
1,10697,179,556,358,1112,4
1,10698,179,557,358,1114,4
1,10699,179,558,358,1116,3
1,10700,179,563,358,1126,4
1,10701,179,564,358,1128,4
1,10702,179,565,358,1130,4
1,10703,179,566,358,1132,4
1,10704,179,567,358,1134,4
1,10705,179,568,359,1136,1
1,10706,179,586,358,1173,3
1,10707,179,587,358,1174,4
1,10708,179,588,358,1176,4
1,10709,179,589,358,1178,4
1,10710,179,590,359,1180,2
1,10711,179,591,359,1182,2
1,10712,179,615,358,1231,2
1,10713,179,616,358,1232,4
1,10714,179,617,358,1234,4
1,10715,179,618,358,1236,4
1,10716,179,619,358,1238,4
1,10717,179,620,358,1240,4
1,10718,179,650,358,1301,1
1,10719,179,651,358,1302,4
1,10720,179,652,358,1304,4
1,10721,179,653,358,1306,4
1,10722,179,654,358,1308,4
1,10723,179,655,358,1310,3
1,10724,180,99,360,199,2
1,10725,180,100,360,200,4
1,10726,180,101,360,202,4
1,10727,180,102,360,204,4
1,10728,180,103,360,206,4
1,10729,180,104,360,208,4
1,10730,180,105,360,210,4
1,10731,180,106,360,212,4
1,10732,180,107,360,214,4
1,10733,180,108,360,216,4
1,10734,180,109,360,218,4
1,10735,180,110,360,220,4
1,10736,180,111,360,222,4
1,10737,180,112,360,224,4
1,10738,180,113,360,226,4
1,10739,180,114,360,228,4
1,10740,180,115,360,230,4
1,10741,180,116,360,232,4
1,10742,180,117,360,234,4
1,10743,180,118,360,236,4
1,10744,180,119,360,238,4
1,10745,180,120,360,240,4
1,10746,180,121,360,242,4
1,10747,180,122,360,244,4
1,10748,180,123,360,246,4
1,10749,180,124,360,248,4
1,10750,180,125,360,250,4
1,10751,180,126,360,252,4
1,10752,180,127,360,254,4
1,10753,180,128,360,256,4
1,10754,180,129,360,258,4
1,10755,180,130,360,260,4
1,10756,180,131,360,262,4
1,10757,180,132,360,264,4
1,10758,180,133,360,266,4
1,10759,180,134,360,268,4
1,10760,180,135,360,270,4
1,10761,180,136,360,272,4
1,10762,180,137,360,274,4
1,10763,180,138,360,276,4
1,10764,180,139,360,278,4
1,10765,180,140,360,280,4
1,10766,180,141,360,282,4
1,10767,180,142,360,284,4
1,10768,180,143,360,286,4
1,10769,180,144,360,288,4
1,10770,180,145,360,290,4
1,10771,180,146,360,292,4
1,10772,180,147,360,294,4
1,10773,180,148,360,296,4
1,10774,180,149,360,298,4
1,10775,180,150,360,300,4
1,10776,180,151,360,302,4
1,10777,180,152,360,304,4
1,10778,180,153,360,306,4
1,10779,180,154,360,308,4
1,10780,180,155,360,310,4
1,10781,180,156,360,312,4
1,10782,180,157,360,314,4
1,10783,180,158,360,316,4
1,10784,180,159,360,318,4
1,10785,180,160,360,320,4
1,10786,180,161,360,322,4
1,10787,180,162,360,324,4
1,10788,180,163,360,326,4
1,10789,180,164,360,328,4
1,10790,180,165,360,330,4
1,10791,180,166,360,332,4
1,10792,180,167,360,334,4
1,10793,180,168,360,336,4
1,10794,180,169,360,338,4
1,10795,180,170,360,340,4
1,10796,180,171,360,342,4
1,10797,180,172,360,344,4
1,10798,180,173,360,346,4
1,10799,180,174,360,348,4
1,10800,180,175,360,350,4
1,10801,180,176,360,352,4
1,10802,180,177,360,354,4
1,10803,180,178,360,356,4
1,10804,180,179,360,358,4
1,10805,180,180,360,360,4
1,10806,180,181,360,362,4
1,10807,180,182,360,364,4
1,10808,180,183,360,366,4
1,10809,180,184,360,368,4
1,10810,180,185,360,370,4
1,10811,180,186,360,372,4
1,10812,180,187,360,374,4
1,10813,180,188,360,376,4
1,10814,180,189,360,378,4
1,10815,180,190,360,380,4
1,10816,180,191,360,382,4
1,10817,180,192,360,384,4
1,10818,180,193,360,386,4
1,10819,180,194,360,388,4
1,10820,180,195,360,390,4
1,10821,180,196,360,392,4
1,10822,180,197,360,394,4
1,10823,180,198,360,396,4
1,10824,180,199,360,398,4
1,10825,180,200,360,400,4
1,10826,180,201,360,402,4
1,10827,180,202,360,404,4
1,10828,180,203,360,406,4
1,10829,180,204,360,408,4
1,10830,180,205,360,410,4
1,10831,180,206,360,412,4
1,10832,180,207,360,414,4
1,10833,180,208,360,416,4
1,10834,180,209,360,418,4
1,10835,180,210,360,420,4
1,10836,180,211,360,422,4
1,10837,180,212,360,424,4
1,10838,180,213,360,426,4
1,10839,180,214,360,428,4
1,10840,180,215,360,430,4
1,10841,180,216,360,432,4
1,10842,180,217,360,434,4
1,10843,180,218,360,436,4
1,10844,180,219,360,438,4
1,10845,180,220,360,440,4
1,10846,180,221,360,442,4
1,10847,180,222,360,444,4
1,10848,180,223,360,446,4
1,10849,180,224,360,448,4
1,10850,180,225,360,450,4
1,10851,180,226,360,452,4
1,10852,180,227,360,454,4
1,10853,180,228,360,456,4
1,10854,180,229,360,458,4
1,10855,180,230,360,460,4
1,10856,180,231,360,462,4
1,10857,180,232,360,464,4
1,10858,180,233,360,466,4
1,10859,180,234,360,468,4
1,10860,180,235,360,470,4
1,10861,180,236,360,472,4
1,10862,180,237,360,474,4
1,10863,180,238,360,476,4
1,10864,180,239,360,478,4
1,10865,180,240,360,480,4
1,10866,180,241,360,482,4
1,10867,180,242,360,484,4
1,10868,180,243,360,486,4
1,10869,180,244,360,488,4
1,10870,180,245,360,490,4
1,10871,180,246,360,492,4
1,10872,180,247,360,494,4
1,10873,180,248,360,496,4
1,10874,180,249,360,498,4
1,10875,180,250,360,500,4
1,10876,180,251,360,502,4
1,10877,180,252,360,504,4
1,10878,180,253,360,506,4
1,10879,180,254,360,508,4
1,10880,180,255,360,510,4
1,10881,180,256,360,512,4
1,10882,180,257,360,514,4
1,10883,180,258,360,516,4
1,10884,180,259,360,518,4
1,10885,180,260,360,520,4
1,10886,180,261,360,522,4
1,10887,180,262,360,524,4
1,10888,180,263,360,526,4
1,10889,180,264,360,528,4
1,10890,180,265,360,530,4
1,10891,180,266,360,532,4
1,10892,180,267,360,534,4
1,10893,180,268,360,536,4
1,10894,180,269,360,538,4
1,10895,180,270,360,540,4
1,10896,180,271,360,542,4
1,10897,180,272,360,544,4
1,10898,180,273,360,546,2
1,10899,180,346,360,692,4
1,10900,180,347,360,694,4
1,10901,180,348,360,696,4
1,10902,180,349,360,698,4
1,10903,180,350,360,700,4
1,10904,180,351,360,702,3
1,10905,180,353,361,706,2
1,10906,180,354,360,708,4
1,10907,180,355,360,710,4
1,10908,180,356,360,712,4
1,10909,180,357,360,714,4
1,10910,180,358,360,716,4
1,10911,180,359,360,718,4
1,10912,180,360,360,720,4
1,10913,180,361,360,722,4
1,10914,180,362,360,724,4
1,10915,180,363,360,726,4
1,10916,180,364,360,728,4
1,10917,180,365,360,730,4
1,10918,180,366,360,732,4
1,10919,180,367,360,734,4
1,10920,180,368,360,736,4
1,10921,180,369,360,738,4
1,10922,180,370,360,740,4
1,10923,180,371,360,742,4
1,10924,180,372,360,744,4
1,10925,180,373,360,746,4
1,10926,180,374,360,748,4
1,10927,180,375,360,750,3
1,10928,180,422,360,845,2
1,10929,180,423,360,846,4
1,10930,180,424,360,848,4
1,10931,180,425,360,850,4
1,10932,180,426,360,852,4
1,10933,180,427,360,854,4
1,10934,180,428,360,856,4
1,10935,180,429,360,858,4
1,10936,180,430,360,860,4
1,10937,180,431,360,862,4
1,10938,180,432,360,864,4
1,10939,180,433,360,866,4
1,10940,180,434,360,868,4
1,10941,180,435,360,870,4
1,10942,180,436,360,872,4
1,10943,180,437,360,874,4
1,10944,180,438,360,876,4
1,10945,180,439,360,878,4
1,10946,180,463,360,927,1
1,10947,180,464,360,928,4
1,10948,180,465,360,930,4
1,10949,180,466,360,932,4
1,10950,180,467,360,934,4
1,10951,180,468,360,936,4
1,10952,180,469,360,938,4
1,10953,180,470,360,940,4
1,10954,180,471,360,942,4
1,10955,180,472,360,944,4
1,10956,180,473,360,946,4
1,10957,180,474,360,948,4
1,10958,180,475,360,950,4
1,10959,180,476,360,952,4
1,10960,180,477,360,954,4
1,10961,180,478,360,956,4
1,10962,180,479,360,958,4
1,10963,180,480,360,960,4
1,10964,180,481,360,962,4
1,10965,180,482,360,964,4
1,10966,180,483,360,966,4
1,10967,180,484,360,968,4
1,10968,180,485,360,970,4
1,10969,180,486,360,972,4
1,10970,180,487,360,974,4
1,10971,180,488,360,976,4
1,10972,180,489,360,978,4
1,10973,180,490,360,980,4
1,10974,180,491,360,982,4
1,10975,180,492,360,984,4
1,10976,180,493,360,986,4
1,10977,180,494,360,988,4
1,10978,180,495,360,990,4
1,10979,180,496,360,992,4
1,10980,180,497,360,994,4
1,10981,180,498,360,996,4
1,10982,180,499,360,998,4
1,10983,180,500,360,1000,4
1,10984,180,501,360,1002,4
1,10985,180,502,360,1004,4
1,10986,180,503,360,1006,4
1,10987,180,504,360,1008,4
1,10988,180,505,360,1010,4
1,10989,180,506,360,1012,4
1,10990,180,507,360,1014,4
1,10991,180,508,360,1016,4
1,10992,180,509,360,1018,4
1,10993,180,510,360,1020,4
1,10994,180,511,360,1022,4
1,10995,180,512,360,1024,4
1,10996,180,513,360,1026,4
1,10997,180,514,360,1028,4
1,10998,180,515,360,1030,4
1,10999,180,516,360,1032,4
1,11000,180,517,360,1034,4
1,11001,180,518,360,1036,4
1,11002,180,519,360,1038,2
1,11003,180,553,360,1106,4
1,11004,180,554,360,1108,4
1,11005,180,555,360,1110,4
1,11006,180,556,360,1112,4
1,11007,180,557,360,1114,1
1,11008,180,564,360,1129,1
1,11009,180,565,360,1130,4
1,11010,180,566,360,1132,4
1,11011,180,567,360,1134,4
1,11012,180,568,360,1136,4
1,11013,180,579,361,1159,1
1,11014,180,580,361,1160,2
1,11015,180,581,361,1162,2
1,11016,180,582,361,1164,2
1,11017,180,583,361,1166,2
1,11018,180,584,361,1168,2
1,11019,180,585,360,1170,4
1,11020,180,586,360,1172,4
1,11021,180,587,360,1174,4
1,11022,180,588,360,1176,4
1,11023,180,589,360,1178,4
1,11024,180,590,360,1180,4
1,11025,180,591,360,1182,4
1,11026,180,592,360,1184,4
1,11027,180,593,360,1186,3
1,11028,180,594,361,1188,2
1,11029,180,595,361,1190,1
1,11030,180,598,361,1197,1
1,11031,180,615,360,1231,2
1,11032,180,616,360,1232,4
1,11033,180,617,360,1234,4
1,11034,180,618,360,1236,4
1,11035,180,619,360,1238,4
1,11036,180,620,360,1240,4
1,11037,180,651,360,1302,4
1,11038,180,652,360,1304,4
1,11039,180,653,360,1306,4
1,11040,180,654,360,1308,4
1,11041,180,655,360,1310,4
1,11042,180,675,361,1351,1
1,11043,180,691,361,1383,1
1,11044,180,692,361,1384,2
1,11045,180,693,361,1386,2
1,11046,180,694,361,1388,2
1,11047,180,695,361,1390,2
1,11048,180,696,361,1392,2
1,11049,180,697,361,1394,1
1,11050,180,707,361,1414,2
1,11051,180,708,361,1416,2
1,11052,180,709,361,1418,2
1,11053,180,710,361,1420,2
1,11054,180,711,361,1422,2
1,11055,180,712,361,1424,2
1,11056,180,713,361,1426,1
1,11057,180,723,361,1446,2
1,11058,180,724,361,1448,2
1,11059,180,725,361,1450,2
1,11060,180,726,361,1452,2
1,11061,180,727,361,1454,2
1,11062,180,728,361,1456,2
1,11063,180,729,361,1458,2
1,11064,180,730,361,1460,2
1,11065,180,731,361,1462,2
1,11066,180,732,361,1464,2
1,11067,181,100,362,200,4
1,11068,181,101,362,202,4
1,11069,181,102,362,204,4
1,11070,181,103,362,206,4
1,11071,181,104,362,208,4
1,11072,181,105,362,210,4
1,11073,181,106,362,212,4
1,11074,181,107,362,214,4
1,11075,181,108,362,216,4
1,11076,181,109,362,218,4
1,11077,181,110,362,220,4
1,11078,181,111,362,222,4
1,11079,181,112,362,224,4
1,11080,181,113,362,226,4
1,11081,181,114,362,228,4
1,11082,181,115,362,230,4
1,11083,181,116,362,232,4
1,11084,181,117,362,234,4
1,11085,181,118,362,236,4
1,11086,181,119,362,238,4
1,11087,181,120,362,240,4
1,11088,181,121,362,242,4
1,11089,181,122,362,244,4
1,11090,181,123,362,246,4
1,11091,181,124,362,248,4
1,11092,181,125,362,250,4
1,11093,181,126,362,252,4
1,11094,181,127,362,254,4
1,11095,181,128,362,256,4
1,11096,181,129,362,258,4
1,11097,181,130,362,260,4
1,11098,181,131,362,262,4
1,11099,181,132,362,264,4
1,11100,181,133,362,266,4
1,11101,181,134,362,268,4
1,11102,181,135,362,270,4
1,11103,181,136,362,272,4
1,11104,181,137,362,274,4
1,11105,181,138,362,276,4
1,11106,181,139,362,278,4
1,11107,181,140,362,280,4
1,11108,181,141,362,282,4
1,11109,181,142,362,284,4
1,11110,181,143,362,286,4
1,11111,181,144,362,288,4
1,11112,181,145,362,290,4
1,11113,181,146,362,292,4
1,11114,181,147,362,294,4
1,11115,181,148,362,296,4
1,11116,181,149,362,298,4
1,11117,181,150,362,300,4
1,11118,181,151,362,302,4
1,11119,181,152,362,304,4
1,11120,181,153,362,306,4
1,11121,181,154,362,308,4
1,11122,181,155,362,310,4
1,11123,181,156,362,312,4
1,11124,181,157,362,314,4
1,11125,181,158,362,316,4
1,11126,181,159,362,318,4
1,11127,181,160,362,320,4
1,11128,181,161,362,322,4
1,11129,181,162,362,324,4
1,11130,181,163,362,326,4
1,11131,181,164,362,328,4
1,11132,181,165,362,330,4
1,11133,181,166,362,332,4
1,11134,181,167,362,334,4
1,11135,181,168,362,336,4
1,11136,181,169,362,338,4
1,11137,181,170,362,340,4
1,11138,181,171,362,342,4
1,11139,181,172,362,344,4
1,11140,181,173,362,346,4
1,11141,181,174,362,348,4
1,11142,181,175,362,350,4
1,11143,181,176,362,352,4
1,11144,181,177,362,354,4
1,11145,181,178,362,356,4
1,11146,181,179,362,358,4
1,11147,181,180,362,360,4
1,11148,181,181,362,362,4
1,11149,181,182,362,364,4
1,11150,181,183,362,366,4
1,11151,181,184,362,368,4
1,11152,181,185,362,370,4
1,11153,181,186,362,372,4
1,11154,181,187,362,374,4
1,11155,181,188,362,376,4
1,11156,181,189,362,378,4
1,11157,181,190,362,380,4
1,11158,181,191,362,382,4
1,11159,181,192,362,384,4
1,11160,181,193,362,386,4
1,11161,181,194,362,388,4
1,11162,181,195,362,390,4
1,11163,181,196,362,392,4
1,11164,181,197,362,394,4
1,11165,181,198,362,396,4
1,11166,181,199,362,398,4
1,11167,181,200,362,400,4
1,11168,181,201,362,402,4
1,11169,181,202,362,404,4
1,11170,181,203,362,406,4
1,11171,181,204,362,408,4
1,11172,181,205,362,410,4
1,11173,181,206,362,412,4
1,11174,181,207,362,414,4
1,11175,181,208,362,416,4
1,11176,181,209,362,418,4
1,11177,181,210,362,420,4
1,11178,181,211,362,422,4
1,11179,181,212,362,424,4
1,11180,181,213,362,426,4
1,11181,181,214,362,428,4
1,11182,181,215,362,430,4
1,11183,181,216,362,432,4
1,11184,181,217,362,434,4
1,11185,181,218,362,436,4
1,11186,181,219,362,438,4
1,11187,181,220,362,440,4
1,11188,181,221,362,442,4
1,11189,181,222,362,444,4
1,11190,181,223,362,446,4
1,11191,181,224,362,448,4
1,11192,181,225,362,450,4
1,11193,181,226,362,452,4
1,11194,181,227,362,454,4
1,11195,181,228,362,456,4
1,11196,181,229,362,458,4
1,11197,181,230,362,460,4
1,11198,181,231,362,462,4
1,11199,181,232,362,464,4
1,11200,181,233,362,466,4
1,11201,181,234,362,468,4
1,11202,181,235,362,470,4
1,11203,181,236,362,472,4
1,11204,181,237,362,474,4
1,11205,181,238,362,476,4
1,11206,181,239,362,478,4
1,11207,181,240,362,480,4
1,11208,181,241,362,482,4
1,11209,181,242,362,484,4
1,11210,181,243,362,486,4
1,11211,181,244,362,488,4
1,11212,181,245,362,490,4
1,11213,181,246,362,492,4
1,11214,181,247,362,494,4
1,11215,181,248,362,496,4
1,11216,181,249,362,498,4
1,11217,181,250,362,500,4
1,11218,181,251,362,502,4
1,11219,181,252,362,504,4
1,11220,181,253,362,506,4
1,11221,181,254,362,508,4
1,11222,181,255,362,510,4
1,11223,181,256,362,512,4
1,11224,181,257,362,514,4
1,11225,181,258,362,516,4
1,11226,181,259,362,518,4
1,11227,181,260,362,520,4
1,11228,181,261,362,522,4
1,11229,181,262,362,524,4
1,11230,181,263,362,526,4
1,11231,181,264,362,528,4
1,11232,181,265,362,530,4
1,11233,181,266,362,532,4
1,11234,181,267,362,534,4
1,11235,181,268,362,536,4
1,11236,181,269,362,538,4
1,11237,181,270,362,540,4
1,11238,181,271,362,542,4
1,11239,181,272,362,544,4
1,11240,181,273,362,546,1
1,11241,181,346,362,692,4
1,11242,181,347,362,694,4
1,11243,181,348,362,696,4
1,11244,181,349,362,698,4
1,11245,181,350,362,700,3
1,11246,181,352,362,705,3
1,11247,181,353,362,706,4
1,11248,181,354,362,708,4
1,11249,181,355,362,710,4
1,11250,181,356,362,712,4
1,11251,181,357,362,714,4
1,11252,181,358,362,716,4
1,11253,181,359,362,718,4
1,11254,181,360,362,720,4
1,11255,181,361,362,722,4
1,11256,181,362,362,724,4
1,11257,181,363,362,726,4
1,11258,181,364,362,728,4
1,11259,181,365,362,730,4
1,11260,181,366,362,732,4
1,11261,181,367,362,734,4
1,11262,181,368,362,736,4
1,11263,181,369,362,738,4
1,11264,181,370,362,740,4
1,11265,181,371,362,742,4
1,11266,181,372,362,744,4
1,11267,181,373,362,746,4
1,11268,181,374,362,748,4
1,11269,181,375,362,750,4
1,11270,181,423,362,846,4
1,11271,181,424,362,848,4
1,11272,181,425,362,850,4
1,11273,181,426,362,852,4
1,11274,181,427,362,854,4
1,11275,181,428,362,856,4
1,11276,181,429,362,858,4
1,11277,181,430,362,860,4
1,11278,181,431,362,862,4
1,11279,181,432,362,864,4
1,11280,181,433,362,866,4
1,11281,181,434,362,868,4
1,11282,181,435,362,870,4
1,11283,181,436,362,872,4
1,11284,181,437,362,874,4
1,11285,181,438,362,876,4
1,11286,181,439,362,878,2
1,11287,181,464,362,928,3
1,11288,181,465,362,930,4
1,11289,181,466,362,932,4
1,11290,181,467,362,934,4
1,11291,181,468,362,936,4
1,11292,181,469,362,938,4
1,11293,181,470,362,940,4
1,11294,181,471,362,942,4
1,11295,181,472,362,944,4
1,11296,181,473,362,946,4
1,11297,181,474,362,948,4
1,11298,181,475,362,950,4
1,11299,181,476,362,952,4
1,11300,181,477,362,954,4
1,11301,181,478,362,956,4
1,11302,181,479,362,958,4
1,11303,181,480,362,960,4
1,11304,181,481,362,962,4
1,11305,181,482,362,964,4
1,11306,181,483,362,966,4
1,11307,181,484,362,968,4
1,11308,181,485,362,970,4
1,11309,181,486,362,972,4
1,11310,181,487,362,974,4
1,11311,181,488,362,976,4
1,11312,181,489,362,978,4
1,11313,181,490,362,980,4
1,11314,181,491,362,982,4
1,11315,181,492,362,984,4
1,11316,181,493,362,986,4
1,11317,181,494,362,988,4
1,11318,181,495,362,990,4
1,11319,181,496,362,992,4
1,11320,181,497,362,994,4
1,11321,181,498,362,996,4
1,11322,181,499,362,998,4
1,11323,181,500,362,1000,4
1,11324,181,501,362,1002,4
1,11325,181,502,362,1004,4
1,11326,181,503,362,1006,4
1,11327,181,504,362,1008,4
1,11328,181,505,362,1010,4
1,11329,181,506,362,1012,4
1,11330,181,507,362,1014,4
1,11331,181,508,362,1016,4
1,11332,181,509,362,1018,4
1,11333,181,510,362,1020,4
1,11334,181,511,362,1022,4
1,11335,181,512,362,1024,4
1,11336,181,513,362,1026,4
1,11337,181,514,362,1028,4
1,11338,181,515,362,1030,4
1,11339,181,516,362,1032,4
1,11340,181,517,362,1034,4
1,11341,181,518,362,1036,4
1,11342,181,519,362,1038,2
1,11343,181,525,363,1051,1
1,11344,181,526,363,1052,2
1,11345,181,527,363,1054,2
1,11346,181,532,362,1064,4
1,11347,181,533,362,1066,4
1,11348,181,534,362,1068,4
1,11349,181,535,362,1070,4
1,11350,181,536,362,1072,4
1,11351,181,537,362,1074,4
1,11352,181,538,362,1076,4
1,11353,181,539,362,1078,4
1,11354,181,540,362,1080,4
1,11355,181,541,362,1082,4
1,11356,181,542,362,1084,4
1,11357,181,543,362,1086,4
1,11358,181,544,362,1088,4
1,11359,181,545,362,1090,4
1,11360,181,546,362,1092,4
1,11361,181,547,362,1094,4
1,11362,181,548,362,1096,2
1,11363,181,553,362,1106,4
1,11364,181,554,362,1108,4
1,11365,181,555,362,1110,4
1,11366,181,556,362,1112,4
1,11367,181,565,362,1130,4
1,11368,181,566,362,1132,4
1,11369,181,567,362,1134,4
1,11370,181,568,362,1136,4
1,11371,181,575,363,1151,1
1,11372,181,576,363,1152,2
1,11373,181,577,362,1155,3
1,11374,181,578,362,1156,4
1,11375,181,579,362,1158,4
1,11376,181,580,362,1160,4
1,11377,181,581,362,1162,4
1,11378,181,582,362,1164,4
1,11379,181,583,362,1166,4
1,11380,181,584,362,1168,4
1,11381,181,585,362,1170,4
1,11382,181,586,362,1172,4
1,11383,181,587,362,1174,4
1,11384,181,588,362,1176,4
1,11385,181,589,362,1178,4
1,11386,181,590,362,1180,4
1,11387,181,591,362,1182,4
1,11388,181,592,362,1184,4
1,11389,181,593,362,1186,4
1,11390,181,594,362,1188,4
1,11391,181,595,362,1190,3
1,11392,181,596,363,1192,2
1,11393,181,597,363,1194,2
1,11394,181,598,362,1196,4
1,11395,181,599,362,1198,4
1,11396,181,600,362,1200,3
1,11397,181,601,363,1202,1
1,11398,181,615,362,1231,1
1,11399,181,616,362,1232,4
1,11400,181,617,362,1234,4
1,11401,181,618,362,1236,4
1,11402,181,619,362,1238,4
1,11403,181,620,362,1240,4
1,11404,181,621,362,1242,2
1,11405,181,651,362,1302,4
1,11406,181,652,362,1304,4
1,11407,181,653,362,1306,4
1,11408,181,654,362,1308,4
1,11409,181,655,362,1310,4
1,11410,181,656,362,1312,2
1,11411,181,672,363,1345,1
1,11412,181,673,363,1346,2
1,11413,181,674,362,1348,4
1,11414,181,675,362,1350,4
1,11415,181,676,363,1352,2
1,11416,181,677,363,1354,2
1,11417,181,678,362,1356,4
1,11418,181,679,362,1358,4
1,11419,181,680,363,1360,2
1,11420,181,681,363,1362,2
1,11421,181,687,363,1375,1
1,11422,181,688,363,1376,2
1,11423,181,689,362,1379,3
1,11424,181,690,362,1380,4
1,11425,181,691,362,1382,4
1,11426,181,692,362,1384,4
1,11427,181,693,362,1386,4
1,11428,181,694,362,1388,4
1,11429,181,695,362,1390,4
1,11430,181,696,362,1392,4
1,11431,181,697,362,1394,4
1,11432,181,698,362,1396,3
1,11433,181,699,363,1398,1
1,11434,181,704,363,1409,1
1,11435,181,705,362,1410,4
1,11436,181,706,362,1412,4
1,11437,181,707,362,1414,4
1,11438,181,708,362,1416,4
1,11439,181,709,362,1418,4
1,11440,181,710,362,1420,4
1,11441,181,711,362,1422,4
1,11442,181,712,362,1424,4
1,11443,181,713,362,1426,4
1,11444,181,714,362,1428,3
1,11445,181,715,363,1430,1
1,11446,181,720,363,1441,1
1,11447,181,721,362,1442,4
1,11448,181,722,362,1444,4
1,11449,181,723,362,1446,4
1,11450,181,724,362,1448,4
1,11451,181,725,362,1450,4
1,11452,181,726,362,1452,4
1,11453,181,727,362,1454,4
1,11454,181,728,362,1456,4
1,11455,181,729,362,1458,4
1,11456,181,730,362,1460,4
1,11457,181,731,362,1462,4
1,11458,181,732,362,1464,4
1,11459,181,733,362,1466,4
1,11460,181,734,363,1468,2
1,11461,181,735,363,1470,1
1,11462,182,100,364,200,4
1,11463,182,101,364,202,4
1,11464,182,102,364,204,4
1,11465,182,103,364,206,4
1,11466,182,104,364,208,4
1,11467,182,105,364,210,4
1,11468,182,106,364,212,4
1,11469,182,107,364,214,4
1,11470,182,108,364,216,4
1,11471,182,109,364,218,4
1,11472,182,110,364,220,4
1,11473,182,111,364,222,4
1,11474,182,112,364,224,4
1,11475,182,113,364,226,4
1,11476,182,114,364,228,4
1,11477,182,115,364,230,4
1,11478,182,116,364,232,4
1,11479,182,117,364,234,4
1,11480,182,118,364,236,4
1,11481,182,119,364,238,4
1,11482,182,120,364,240,4
1,11483,182,121,364,242,4
1,11484,182,122,364,244,4
1,11485,182,123,364,246,4
1,11486,182,124,364,248,4
1,11487,182,125,364,250,4
1,11488,182,126,364,252,4
1,11489,182,127,364,254,4
1,11490,182,128,364,256,4
1,11491,182,129,364,258,4
1,11492,182,130,364,260,4
1,11493,182,131,364,262,4
1,11494,182,132,364,264,4
1,11495,182,133,364,266,4
1,11496,182,134,364,268,4
1,11497,182,135,364,270,4
1,11498,182,136,364,272,4
1,11499,182,137,364,274,4
1,11500,182,138,364,276,4
1,11501,182,139,364,278,4
1,11502,182,140,364,280,2
1,11503,182,141,364,282,2
1,11504,182,146,364,293,1
1,11505,182,147,364,294,2
1,11506,182,148,364,296,4
1,11507,182,149,364,298,4
1,11508,182,150,364,300,4
1,11509,182,151,364,302,4
1,11510,182,152,364,304,4
1,11511,182,153,364,306,4
1,11512,182,154,364,308,4
1,11513,182,155,364,310,4
1,11514,182,156,364,312,4
1,11515,182,157,364,314,4
1,11516,182,158,364,316,4
1,11517,182,159,364,318,4
1,11518,182,160,364,320,4
1,11519,182,161,364,322,4
1,11520,182,162,364,324,4
1,11521,182,163,364,326,4
1,11522,182,164,364,328,4
1,11523,182,165,364,330,4
1,11524,182,166,364,332,4
1,11525,182,167,364,334,4
1,11526,182,168,364,336,4
1,11527,182,169,364,338,4
1,11528,182,170,364,340,4
1,11529,182,171,364,342,4
1,11530,182,172,364,344,4
1,11531,182,173,364,346,4
1,11532,182,174,364,348,4
1,11533,182,175,364,350,4
1,11534,182,176,364,352,4
1,11535,182,177,364,354,4
1,11536,182,178,364,356,4
1,11537,182,179,364,358,4
1,11538,182,180,364,360,4
1,11539,182,181,364,362,4
1,11540,182,182,364,364,4
1,11541,182,183,364,366,4
1,11542,182,184,364,368,4
1,11543,182,185,364,370,4
1,11544,182,186,364,372,4
1,11545,182,187,364,374,4
1,11546,182,188,364,376,4
1,11547,182,189,364,378,4
1,11548,182,190,364,380,4
1,11549,182,191,364,382,4
1,11550,182,192,364,384,4
1,11551,182,193,364,386,4
1,11552,182,194,364,388,4
1,11553,182,195,364,390,4
1,11554,182,196,364,392,4
1,11555,182,197,364,394,4
1,11556,182,198,364,396,4
1,11557,182,199,364,398,4
1,11558,182,200,364,400,4
1,11559,182,201,364,402,4
1,11560,182,202,364,404,4
1,11561,182,203,364,406,4
1,11562,182,204,364,408,4
1,11563,182,205,364,410,4
1,11564,182,206,364,412,4
1,11565,182,207,364,414,4
1,11566,182,208,364,416,4
1,11567,182,209,364,418,4
1,11568,182,210,364,420,4
1,11569,182,211,364,422,4
1,11570,182,212,364,424,4
1,11571,182,213,364,426,4
1,11572,182,214,364,428,4
1,11573,182,215,364,430,4
1,11574,182,216,364,432,4
1,11575,182,217,364,434,4
1,11576,182,218,364,436,4
1,11577,182,219,364,438,4
1,11578,182,220,364,440,4
1,11579,182,221,364,442,4
1,11580,182,222,364,444,4
1,11581,182,223,364,446,4
1,11582,182,224,364,448,4
1,11583,182,225,364,450,4
1,11584,182,226,364,452,4
1,11585,182,227,364,454,4
1,11586,182,228,364,456,4
1,11587,182,229,364,458,4
1,11588,182,230,364,460,4
1,11589,182,231,364,462,4
1,11590,182,232,364,464,4
1,11591,182,233,364,466,4
1,11592,182,234,364,468,4
1,11593,182,235,364,470,4
1,11594,182,236,364,472,4
1,11595,182,237,364,474,4
1,11596,182,238,364,476,4
1,11597,182,239,364,478,4
1,11598,182,240,364,480,4
1,11599,182,241,364,482,4
1,11600,182,242,364,484,4
1,11601,182,243,364,486,4
1,11602,182,244,364,488,4
1,11603,182,245,364,490,4
1,11604,182,246,364,492,4
1,11605,182,247,364,494,4
1,11606,182,248,364,496,4
1,11607,182,249,364,498,4
1,11608,182,250,364,500,4
1,11609,182,251,364,502,4
1,11610,182,252,364,504,4
1,11611,182,253,364,506,4
1,11612,182,254,364,508,4
1,11613,182,255,364,510,4
1,11614,182,256,364,512,4
1,11615,182,257,364,514,4
1,11616,182,258,364,516,4
1,11617,182,259,364,518,4
1,11618,182,260,364,520,4
1,11619,182,261,364,522,4
1,11620,182,262,364,524,4
1,11621,182,263,364,526,4
1,11622,182,264,364,528,4
1,11623,182,265,364,530,4
1,11624,182,266,364,532,4
1,11625,182,267,364,534,4
1,11626,182,268,364,536,4
1,11627,182,269,364,538,4
1,11628,182,270,364,540,4
1,11629,182,271,364,542,4
1,11630,182,272,364,544,4
1,11631,182,346,364,692,4
1,11632,182,347,364,694,4
1,11633,182,348,364,696,4
1,11634,182,349,364,698,3
1,11635,182,350,365,701,1
1,11636,182,351,364,703,3
1,11637,182,352,364,704,4
1,11638,182,353,364,706,4
1,11639,182,354,364,708,4
1,11640,182,355,364,710,4
1,11641,182,356,364,712,4
1,11642,182,357,364,714,4
1,11643,182,358,364,716,4
1,11644,182,359,364,718,4
1,11645,182,360,364,720,4
1,11646,182,361,364,722,4
1,11647,182,362,364,724,4
1,11648,182,363,364,726,4
1,11649,182,364,364,728,4
1,11650,182,365,364,730,4
1,11651,182,366,364,732,4
1,11652,182,367,364,734,4
1,11653,182,368,364,736,4
1,11654,182,369,364,738,4
1,11655,182,370,364,740,4
1,11656,182,371,364,742,4
1,11657,182,372,364,744,4
1,11658,182,373,364,746,4
1,11659,182,374,364,748,4
1,11660,182,375,364,750,4
1,11661,182,382,365,765,1
1,11662,182,383,365,766,2
1,11663,182,384,365,768,2
1,11664,182,385,365,770,2
1,11665,182,386,365,772,2
1,11666,182,387,365,774,2
1,11667,182,388,365,776,1
1,11668,182,391,365,783,1
1,11669,182,392,365,784,2
1,11670,182,393,365,786,1
1,11671,182,423,364,846,4
1,11672,182,424,364,848,4
1,11673,182,425,364,850,4
1,11674,182,426,364,852,4
1,11675,182,427,364,854,4
1,11676,182,428,364,856,4
1,11677,182,429,364,858,4
1,11678,182,430,364,860,4
1,11679,182,431,364,862,4
1,11680,182,432,364,864,4
1,11681,182,433,364,866,4
1,11682,182,434,364,868,4
1,11683,182,435,364,870,4
1,11684,182,436,364,872,4
1,11685,182,437,364,874,4
1,11686,182,438,364,876,4
1,11687,182,439,364,878,1
1,11688,182,464,364,929,1
1,11689,182,465,364,930,4
1,11690,182,466,364,932,4
1,11691,182,467,364,934,4
1,11692,182,468,364,936,4
1,11693,182,469,364,938,4
1,11694,182,470,364,940,4
1,11695,182,471,364,942,4
1,11696,182,472,364,944,4
1,11697,182,473,364,946,4
1,11698,182,474,364,948,4
1,11699,182,475,364,950,4
1,11700,182,476,364,952,4
1,11701,182,477,364,954,4
1,11702,182,478,364,956,4
1,11703,182,479,364,958,4
1,11704,182,480,364,960,4
1,11705,182,481,364,962,4
1,11706,182,482,364,964,4
1,11707,182,483,364,966,4
1,11708,182,484,364,968,4
1,11709,182,485,364,970,4
1,11710,182,486,364,972,4
1,11711,182,487,364,974,4
1,11712,182,488,364,976,4
1,11713,182,489,364,978,4
1,11714,182,490,364,980,4
1,11715,182,491,364,982,4
1,11716,182,492,364,984,4
1,11717,182,493,364,986,4
1,11718,182,494,364,988,4
1,11719,182,495,364,990,4
1,11720,182,496,364,992,4
1,11721,182,497,364,994,4
1,11722,182,498,364,996,4
1,11723,182,499,364,998,4
1,11724,182,500,364,1000,4
1,11725,182,501,364,1002,4
1,11726,182,502,364,1004,4
1,11727,182,503,364,1006,4
1,11728,182,504,364,1008,4
1,11729,182,505,364,1010,4
1,11730,182,506,364,1012,4
1,11731,182,507,364,1014,4
1,11732,182,508,364,1016,4
1,11733,182,509,364,1018,4
1,11734,182,510,364,1020,4
1,11735,182,511,364,1022,4
1,11736,182,512,364,1024,4
1,11737,182,513,364,1026,4
1,11738,182,514,364,1028,4
1,11739,182,515,364,1030,4
1,11740,182,516,364,1032,4
1,11741,182,517,364,1034,4
1,11742,182,518,364,1036,4
1,11743,182,519,364,1038,4
1,11744,182,520,364,1040,4
1,11745,182,521,364,1042,4
1,11746,182,522,364,1044,4
1,11747,182,523,364,1046,4
1,11748,182,524,364,1048,4
1,11749,182,525,364,1050,4
1,11750,182,526,364,1052,4
1,11751,182,527,364,1054,4
1,11752,182,528,364,1056,4
1,11753,182,529,364,1058,4
1,11754,182,532,364,1064,4
1,11755,182,533,364,1066,4
1,11756,182,534,364,1068,4
1,11757,182,535,364,1070,4
1,11758,182,536,364,1072,4
1,11759,182,537,364,1074,4
1,11760,182,538,364,1076,4
1,11761,182,539,364,1078,4
1,11762,182,540,364,1080,4
1,11763,182,541,364,1082,4
1,11764,182,542,364,1084,4
1,11765,182,543,364,1086,4
1,11766,182,544,364,1088,4
1,11767,182,545,364,1090,4
1,11768,182,546,364,1092,4
1,11769,182,547,364,1094,4
1,11770,182,548,364,1096,4
1,11771,182,549,364,1098,4
1,11772,182,550,364,1100,4
1,11773,182,551,364,1102,4
1,11774,182,552,364,1104,4
1,11775,182,553,364,1106,4
1,11776,182,554,364,1108,4
1,11777,182,555,364,1110,4
1,11778,182,556,364,1112,4
1,11779,182,557,365,1114,1
1,11780,182,564,365,1129,1
1,11781,182,565,364,1130,4
1,11782,182,566,364,1132,4
1,11783,182,567,364,1134,4
1,11784,182,568,364,1136,4
1,11785,182,569,364,1138,4
1,11786,182,570,364,1140,4
1,11787,182,571,364,1142,4
1,11788,182,574,364,1148,4
1,11789,182,575,364,1150,4
1,11790,182,576,364,1152,4
1,11791,182,577,364,1154,4
1,11792,182,578,364,1156,4
1,11793,182,579,364,1158,4
1,11794,182,580,364,1160,4
1,11795,182,581,364,1162,4
1,11796,182,582,364,1164,4
1,11797,182,583,364,1166,4
1,11798,182,584,364,1168,4
1,11799,182,585,364,1170,4
1,11800,182,586,364,1172,4
1,11801,182,587,364,1174,4
1,11802,182,588,364,1176,4
1,11803,182,589,364,1178,4
1,11804,182,590,364,1180,4
1,11805,182,591,364,1182,4
1,11806,182,592,364,1184,4
1,11807,182,593,364,1186,4
1,11808,182,594,364,1188,4
1,11809,182,595,364,1190,4
1,11810,182,596,364,1192,4
1,11811,182,597,364,1194,4
1,11812,182,598,364,1196,4
1,11813,182,599,364,1198,4
1,11814,182,600,364,1200,4
1,11815,182,601,364,1202,4
1,11816,182,602,364,1204,4
1,11817,182,603,365,1206,2
1,11818,182,616,364,1233,1
1,11819,182,617,364,1234,4
1,11820,182,618,364,1236,4
1,11821,182,619,364,1238,4
1,11822,182,620,364,1240,4
1,11823,182,621,364,1242,3
1,11824,182,651,364,1302,4
1,11825,182,652,364,1304,4
1,11826,182,653,364,1306,4
1,11827,182,654,364,1308,4
1,11828,182,655,364,1310,4
1,11829,182,656,364,1312,2
1,11830,182,670,365,1341,1
1,11831,182,671,364,1343,3
1,11832,182,672,364,1344,4
1,11833,182,673,364,1346,4
1,11834,182,674,364,1348,4
1,11835,182,675,364,1350,4
1,11836,182,676,364,1352,4
1,11837,182,677,364,1354,4
1,11838,182,678,364,1356,4
1,11839,182,679,364,1358,4
1,11840,182,680,364,1360,4
1,11841,182,681,364,1362,4
1,11842,182,682,364,1364,4
1,11843,182,683,364,1366,4
1,11844,182,686,364,1372,4
1,11845,182,687,364,1374,4
1,11846,182,688,364,1376,4
1,11847,182,689,364,1378,4
1,11848,182,690,364,1380,4
1,11849,182,691,364,1382,4
1,11850,182,692,364,1384,4
1,11851,182,693,364,1386,4
1,11852,182,694,364,1388,4
1,11853,182,695,364,1390,4
1,11854,182,696,364,1392,4
1,11855,182,697,364,1394,4
1,11856,182,698,364,1396,4
1,11857,182,699,364,1398,4
1,11858,182,700,364,1400,3
1,11859,182,701,365,1402,2
1,11860,182,702,365,1404,2
1,11861,182,703,364,1407,3
1,11862,182,704,364,1408,4
1,11863,182,705,364,1410,4
1,11864,182,706,364,1412,4
1,11865,182,707,364,1414,4
1,11866,182,708,364,1416,4
1,11867,182,709,364,1418,4
1,11868,182,710,364,1420,4
1,11869,182,711,364,1422,4
1,11870,182,712,364,1424,4
1,11871,182,713,364,1426,4
1,11872,182,714,364,1428,4
1,11873,182,715,364,1430,4
1,11874,182,716,364,1432,3
1,11875,182,717,365,1434,2
1,11876,182,718,365,1436,2
1,11877,182,719,364,1439,3
1,11878,182,720,364,1440,4
1,11879,182,721,364,1442,4
1,11880,182,722,364,1444,4
1,11881,182,723,364,1446,4
1,11882,182,724,364,1448,4
1,11883,182,725,364,1450,4
1,11884,182,726,364,1452,4
1,11885,182,727,364,1454,4
1,11886,182,728,364,1456,4
1,11887,182,729,364,1458,4
1,11888,182,730,364,1460,4
1,11889,182,731,364,1462,4
1,11890,182,732,364,1464,4
1,11891,182,733,364,1466,4
1,11892,182,734,364,1468,4
1,11893,182,735,364,1470,4
1,11894,182,736,364,1472,4
1,11895,182,737,365,1474,2
1,11896,182,738,365,1476,2
1,11897,183,100,366,200,4
1,11898,183,101,366,202,4
1,11899,183,102,366,204,4
1,11900,183,103,366,206,4
1,11901,183,104,366,208,4
1,11902,183,105,366,210,4
1,11903,183,106,366,212,4
1,11904,183,107,366,214,4
1,11905,183,108,366,216,4
1,11906,183,109,366,218,4
1,11907,183,110,366,220,4
1,11908,183,111,366,222,4
1,11909,183,112,366,224,4
1,11910,183,113,366,226,4
1,11911,183,114,366,228,4
1,11912,183,115,366,230,4
1,11913,183,116,366,232,4
1,11914,183,117,366,234,4
1,11915,183,118,366,236,4
1,11916,183,119,366,238,4
1,11917,183,120,366,240,4
1,11918,183,121,366,242,4
1,11919,183,122,366,244,4
1,11920,183,123,366,246,4
1,11921,183,124,366,248,4
1,11922,183,125,366,250,4
1,11923,183,126,366,252,4
1,11924,183,127,366,254,4
1,11925,183,128,366,256,4
1,11926,183,129,366,258,4
1,11927,183,130,366,260,4
1,11928,183,131,366,262,4
1,11929,183,132,366,264,4
1,11930,183,133,366,266,4
1,11931,183,134,366,268,4
1,11932,183,135,366,270,4
1,11933,183,136,366,272,3
1,11934,183,137,366,274,2
1,11935,183,138,366,276,1
1,11936,183,149,366,298,2
1,11937,183,150,366,300,4
1,11938,183,151,366,302,4
1,11939,183,152,366,304,4
1,11940,183,153,366,306,4
1,11941,183,154,366,308,4
1,11942,183,155,366,310,4
1,11943,183,156,366,312,4
1,11944,183,157,366,314,4
1,11945,183,158,366,316,4
1,11946,183,159,366,318,4
1,11947,183,160,366,320,4
1,11948,183,161,366,322,4
1,11949,183,162,366,324,4
1,11950,183,163,366,326,4
1,11951,183,164,366,328,4
1,11952,183,165,366,330,4
1,11953,183,166,366,332,4
1,11954,183,167,366,334,4
1,11955,183,168,366,336,4
1,11956,183,169,366,338,4
1,11957,183,170,366,340,4
1,11958,183,171,366,342,4
1,11959,183,172,366,344,4
1,11960,183,173,366,346,4
1,11961,183,174,366,348,4
1,11962,183,175,366,350,4
1,11963,183,176,366,352,4
1,11964,183,177,366,354,4
1,11965,183,178,366,356,4
1,11966,183,179,366,358,4
1,11967,183,180,366,360,4
1,11968,183,181,366,362,4
1,11969,183,182,366,364,4
1,11970,183,183,366,366,4
1,11971,183,184,366,368,4
1,11972,183,185,366,370,4
1,11973,183,186,366,372,4
1,11974,183,187,366,374,4
1,11975,183,188,366,376,4
1,11976,183,189,366,378,4
1,11977,183,190,366,380,4
1,11978,183,191,366,382,4
1,11979,183,192,366,384,4
1,11980,183,193,366,386,4
1,11981,183,194,366,388,4
1,11982,183,195,366,390,4
1,11983,183,196,366,392,4
1,11984,183,197,366,394,4
1,11985,183,198,366,396,4
1,11986,183,199,366,398,4
1,11987,183,200,366,400,4
1,11988,183,201,366,402,4
1,11989,183,202,366,404,4
1,11990,183,203,366,406,4
1,11991,183,204,366,408,4
1,11992,183,205,366,410,4
1,11993,183,206,366,412,4
1,11994,183,207,366,414,4
1,11995,183,208,366,416,4
1,11996,183,209,366,418,4
1,11997,183,210,366,420,4
1,11998,183,211,366,422,4
1,11999,183,212,366,424,4
1,12000,183,213,366,426,4
1,12001,183,214,366,428,4
1,12002,183,215,366,430,4
1,12003,183,216,366,432,4
1,12004,183,217,366,434,4
1,12005,183,218,366,436,4
1,12006,183,219,366,438,4
1,12007,183,220,366,440,4
1,12008,183,221,366,442,4
1,12009,183,222,366,444,4
1,12010,183,223,366,446,4
1,12011,183,224,366,448,4
1,12012,183,225,366,450,4
1,12013,183,226,366,452,4
1,12014,183,227,366,454,4
1,12015,183,228,366,456,4
1,12016,183,229,366,458,4
1,12017,183,230,366,460,4
1,12018,183,231,366,462,4
1,12019,183,232,366,464,4
1,12020,183,233,366,466,4
1,12021,183,234,366,468,4
1,12022,183,235,366,470,4
1,12023,183,236,366,472,4
1,12024,183,237,366,474,4
1,12025,183,238,366,476,4
1,12026,183,239,366,478,4
1,12027,183,240,366,480,4
1,12028,183,241,366,482,4
1,12029,183,242,366,484,4
1,12030,183,243,366,486,4
1,12031,183,244,366,488,4
1,12032,183,245,366,490,4
1,12033,183,246,366,492,4
1,12034,183,247,366,494,4
1,12035,183,248,366,496,4
1,12036,183,249,366,498,4
1,12037,183,250,366,500,4
1,12038,183,251,366,502,4
1,12039,183,252,366,504,4
1,12040,183,253,366,506,4
1,12041,183,254,366,508,4
1,12042,183,255,366,510,4
1,12043,183,256,366,512,4
1,12044,183,257,366,514,4
1,12045,183,258,366,516,4
1,12046,183,259,366,518,4
1,12047,183,260,366,520,4
1,12048,183,261,366,522,4
1,12049,183,262,366,524,4
1,12050,183,263,366,526,4
1,12051,183,264,366,528,4
1,12052,183,265,366,530,4
1,12053,183,266,366,532,4
1,12054,183,267,366,534,4
1,12055,183,268,366,536,4
1,12056,183,269,366,538,4
1,12057,183,270,366,540,4
1,12058,183,271,366,542,4
1,12059,183,272,366,544,2
1,12060,183,346,366,693,2
1,12061,183,347,366,694,4
1,12062,183,348,366,696,4
1,12063,183,349,366,698,3
1,12064,183,350,366,700,4
1,12065,183,351,366,702,4
1,12066,183,352,366,704,4
1,12067,183,353,366,706,4
1,12068,183,354,366,708,4
1,12069,183,355,366,710,4
1,12070,183,356,366,712,4
1,12071,183,357,366,714,4
1,12072,183,358,366,716,4
1,12073,183,359,366,718,4
1,12074,183,360,366,720,4
1,12075,183,361,366,722,4
1,12076,183,362,366,724,4
1,12077,183,363,366,726,4
1,12078,183,364,366,728,4
1,12079,183,365,366,730,4
1,12080,183,366,366,732,4
1,12081,183,367,366,734,4
1,12082,183,368,366,736,4
1,12083,183,369,366,738,4
1,12084,183,370,366,740,4
1,12085,183,371,366,742,4
1,12086,183,372,366,744,4
1,12087,183,373,366,746,4
1,12088,183,374,366,748,4
1,12089,183,375,366,750,4
1,12090,183,376,366,752,3
1,12091,183,379,367,758,2
1,12092,183,380,367,760,2
1,12093,183,381,367,762,2
1,12094,183,382,366,765,3
1,12095,183,383,366,766,4
1,12096,183,384,366,768,4
1,12097,183,385,366,770,4
1,12098,183,386,366,772,4
1,12099,183,387,366,774,4
1,12100,183,388,366,776,4
1,12101,183,389,366,778,4
1,12102,183,390,366,780,4
1,12103,183,391,366,782,4
1,12104,183,392,366,784,4
1,12105,183,393,366,786,4
1,12106,183,394,367,788,1
1,12107,183,423,366,847,2
1,12108,183,424,366,848,4
1,12109,183,425,366,850,4
1,12110,183,426,366,852,4
1,12111,183,427,366,854,4
1,12112,183,428,366,856,4
1,12113,183,429,366,858,4
1,12114,183,430,366,860,4
1,12115,183,431,366,862,4
1,12116,183,432,366,864,4
1,12117,183,433,366,866,4
1,12118,183,434,366,868,4
1,12119,183,435,366,870,4
1,12120,183,436,366,872,4
1,12121,183,437,366,874,4
1,12122,183,438,366,876,3
1,12123,183,465,366,931,2
1,12124,183,466,366,932,4
1,12125,183,467,366,934,4
1,12126,183,468,366,936,4
1,12127,183,469,366,938,4
1,12128,183,470,366,940,4
1,12129,183,471,366,942,4
1,12130,183,472,366,944,4
1,12131,183,473,366,946,4
1,12132,183,474,366,948,4
1,12133,183,475,366,950,4
1,12134,183,476,366,952,4
1,12135,183,477,366,954,4
1,12136,183,478,366,956,4
1,12137,183,479,366,958,4
1,12138,183,480,366,960,4
1,12139,183,481,366,962,4
1,12140,183,482,366,964,4
1,12141,183,483,366,966,4
1,12142,183,484,366,968,4
1,12143,183,485,366,970,4
1,12144,183,486,366,972,4
1,12145,183,487,366,974,4
1,12146,183,488,366,976,4
1,12147,183,489,366,978,4
1,12148,183,490,366,980,4
1,12149,183,491,366,982,4
1,12150,183,492,366,984,4
1,12151,183,493,366,986,4
1,12152,183,494,366,988,4
1,12153,183,495,366,990,4
1,12154,183,496,366,992,4
1,12155,183,497,366,994,4
1,12156,183,498,366,996,4
1,12157,183,499,366,998,4
1,12158,183,500,366,1000,4
1,12159,183,501,366,1002,4
1,12160,183,502,366,1004,4
1,12161,183,503,366,1006,4
1,12162,183,504,366,1008,4
1,12163,183,505,366,1010,4
1,12164,183,506,366,1012,4
1,12165,183,507,366,1014,4
1,12166,183,508,366,1016,4
1,12167,183,509,366,1018,4
1,12168,183,510,366,1020,4
1,12169,183,511,366,1022,4
1,12170,183,512,366,1024,4
1,12171,183,513,366,1026,4
1,12172,183,514,366,1028,4
1,12173,183,515,366,1030,4
1,12174,183,516,366,1032,4
1,12175,183,517,366,1034,4
1,12176,183,518,366,1036,4
1,12177,183,519,366,1038,4
1,12178,183,520,366,1040,4
1,12179,183,521,366,1042,4
1,12180,183,522,366,1044,4
1,12181,183,523,366,1046,4
1,12182,183,524,366,1048,4
1,12183,183,525,366,1050,4
1,12184,183,526,366,1052,4
1,12185,183,527,366,1054,4
1,12186,183,528,366,1056,4
1,12187,183,529,366,1058,4
1,12188,183,530,366,1060,4
1,12189,183,531,366,1062,4
1,12190,183,532,366,1064,4
1,12191,183,533,366,1066,4
1,12192,183,534,366,1068,4
1,12193,183,535,366,1070,4
1,12194,183,536,366,1072,4
1,12195,183,537,366,1074,4
1,12196,183,538,366,1076,4
1,12197,183,539,366,1078,4
1,12198,183,540,366,1080,4
1,12199,183,541,366,1082,4
1,12200,183,542,366,1084,4
1,12201,183,543,366,1086,4
1,12202,183,544,366,1088,4
1,12203,183,545,366,1090,4
1,12204,183,546,366,1092,4
1,12205,183,547,366,1094,4
1,12206,183,548,366,1096,4
1,12207,183,549,366,1098,4
1,12208,183,550,366,1100,4
1,12209,183,551,366,1102,4
1,12210,183,552,366,1104,4
1,12211,183,553,366,1106,4
1,12212,183,554,366,1108,4
1,12213,183,555,366,1110,4
1,12214,183,556,366,1112,4
1,12215,183,557,366,1114,4
1,12216,183,558,367,1116,2
1,12217,183,563,367,1126,2
1,12218,183,564,366,1129,3
1,12219,183,565,366,1130,4
1,12220,183,566,366,1132,4
1,12221,183,567,366,1134,4
1,12222,183,568,366,1136,4
1,12223,183,569,366,1138,4
1,12224,183,570,366,1140,4
1,12225,183,571,366,1142,4
1,12226,183,574,366,1148,4
1,12227,183,575,366,1150,4
1,12228,183,576,366,1152,4
1,12229,183,577,366,1154,4
1,12230,183,578,366,1156,4
1,12231,183,579,366,1158,4
1,12232,183,580,366,1160,4
1,12233,183,581,366,1162,4
1,12234,183,582,366,1164,4
1,12235,183,583,366,1166,4
1,12236,183,584,366,1168,4
1,12237,183,585,366,1170,4
1,12238,183,586,366,1172,4
1,12239,183,587,366,1174,4
1,12240,183,588,366,1176,4
1,12241,183,589,366,1178,4
1,12242,183,590,366,1180,4
1,12243,183,591,366,1182,4
1,12244,183,592,366,1184,4
1,12245,183,593,366,1186,4
1,12246,183,594,366,1188,4
1,12247,183,595,366,1190,4
1,12248,183,596,366,1192,4
1,12249,183,597,366,1194,4
1,12250,183,598,366,1196,4
1,12251,183,599,366,1198,4
1,12252,183,600,366,1200,4
1,12253,183,601,366,1202,4
1,12254,183,602,366,1204,4
1,12255,183,603,366,1206,4
1,12256,183,617,366,1234,3
1,12257,183,618,366,1236,4
1,12258,183,619,366,1238,4
1,12259,183,620,366,1240,4
1,12260,183,621,366,1242,4
1,12261,183,622,367,1244,1
1,12262,183,651,366,1302,4
1,12263,183,652,366,1304,4
1,12264,183,653,366,1306,4
1,12265,183,654,366,1308,4
1,12266,183,655,366,1310,4
1,12267,183,656,366,1312,3
1,12268,183,669,366,1339,3
1,12269,183,670,366,1340,4
1,12270,183,671,366,1342,4
1,12271,183,672,366,1344,4
1,12272,183,673,366,1346,4
1,12273,183,674,366,1348,4
1,12274,183,675,366,1350,4
1,12275,183,676,366,1352,4
1,12276,183,677,366,1354,4
1,12277,183,678,366,1356,4
1,12278,183,679,366,1358,4
1,12279,183,680,366,1360,4
1,12280,183,681,366,1362,4
1,12281,183,682,366,1364,4
1,12282,183,683,366,1366,4
1,12283,183,684,366,1368,4
1,12284,183,685,366,1370,4
1,12285,183,686,366,1372,4
1,12286,183,687,366,1374,4
1,12287,183,688,366,1376,4
1,12288,183,689,366,1378,4
1,12289,183,690,366,1380,4
1,12290,183,691,366,1382,4
1,12291,183,692,366,1384,4
1,12292,183,693,366,1386,4
1,12293,183,694,366,1388,4
1,12294,183,695,366,1390,4
1,12295,183,696,366,1392,4
1,12296,183,697,366,1394,4
1,12297,183,698,366,1396,4
1,12298,183,699,366,1398,4
1,12299,183,700,366,1400,4
1,12300,183,701,366,1402,4
1,12301,183,702,366,1404,4
1,12302,183,703,366,1406,4
1,12303,183,704,366,1408,4
1,12304,183,705,366,1410,4
1,12305,183,706,366,1412,4
1,12306,183,707,366,1414,4
1,12307,183,708,366,1416,4
1,12308,183,709,366,1418,4
1,12309,183,710,366,1420,4
1,12310,183,711,366,1422,4
1,12311,183,712,366,1424,4
1,12312,183,713,366,1426,4
1,12313,183,714,366,1428,4
1,12314,183,715,366,1430,4
1,12315,183,716,366,1432,4
1,12316,183,717,366,1434,4
1,12317,183,718,366,1436,4
1,12318,183,719,366,1438,4
1,12319,183,720,366,1440,4
1,12320,183,721,366,1442,4
1,12321,183,722,366,1444,4
1,12322,183,723,366,1446,4
1,12323,183,724,366,1448,4
1,12324,183,725,366,1450,4
1,12325,183,726,366,1452,4
1,12326,183,727,366,1454,4
1,12327,183,728,366,1456,4
1,12328,183,729,366,1458,4
1,12329,183,730,366,1460,4
1,12330,183,731,366,1462,4
1,12331,183,732,366,1464,4
1,12332,183,733,366,1466,4
1,12333,183,734,366,1468,4
1,12334,183,735,366,1470,4
1,12335,183,736,366,1472,4
1,12336,183,737,366,1474,4
1,12337,183,738,366,1476,4
1,12338,183,739,366,1478,4
1,12339,183,740,366,1480,4
1,12340,183,741,367,1482,2
1,12341,183,742,367,1484,2
1,12342,184,100,368,200,4
1,12343,184,101,368,202,4
1,12344,184,102,368,204,4
1,12345,184,103,368,206,4
1,12346,184,104,368,208,4
1,12347,184,105,368,210,4
1,12348,184,106,368,212,4
1,12349,184,107,368,214,4
1,12350,184,108,368,216,4
1,12351,184,109,368,218,4
1,12352,184,110,368,220,4
1,12353,184,111,368,222,4
1,12354,184,112,368,224,4
1,12355,184,113,368,226,4
1,12356,184,114,368,228,4
1,12357,184,115,368,230,4
1,12358,184,116,368,232,4
1,12359,184,117,368,234,4
1,12360,184,118,368,236,4
1,12361,184,119,368,238,4
1,12362,184,120,368,240,4
1,12363,184,121,368,242,4
1,12364,184,122,368,244,4
1,12365,184,123,368,246,4
1,12366,184,124,368,248,4
1,12367,184,125,368,250,4
1,12368,184,126,368,252,4
1,12369,184,127,368,254,4
1,12370,184,128,368,256,4
1,12371,184,129,368,258,4
1,12372,184,130,368,260,4
1,12373,184,131,368,262,4
1,12374,184,132,368,264,4
1,12375,184,133,368,266,4
1,12376,184,134,368,268,1
1,12377,184,150,368,301,1
1,12378,184,151,368,302,4
1,12379,184,152,368,304,4
1,12380,184,153,368,306,4
1,12381,184,154,368,308,4
1,12382,184,155,368,310,4
1,12383,184,156,368,312,4
1,12384,184,157,368,314,4
1,12385,184,158,368,316,4
1,12386,184,159,368,318,4
1,12387,184,160,368,320,4
1,12388,184,161,368,322,4
1,12389,184,162,368,324,4
1,12390,184,163,368,326,4
1,12391,184,164,368,328,4
1,12392,184,165,368,330,4
1,12393,184,166,368,332,4
1,12394,184,167,368,334,4
1,12395,184,168,368,336,4
1,12396,184,169,368,338,4
1,12397,184,170,368,340,4
1,12398,184,171,368,342,4
1,12399,184,172,368,344,4
1,12400,184,173,368,346,4
1,12401,184,174,368,348,4
1,12402,184,175,368,350,4
1,12403,184,176,368,352,4
1,12404,184,177,368,354,4
1,12405,184,178,368,356,4
1,12406,184,179,368,358,4
1,12407,184,180,368,360,4
1,12408,184,181,368,362,4
1,12409,184,182,368,364,4
1,12410,184,183,368,366,4
1,12411,184,184,368,368,4
1,12412,184,185,368,370,4
1,12413,184,186,368,372,4
1,12414,184,187,368,374,4
1,12415,184,188,368,376,4
1,12416,184,189,368,378,4
1,12417,184,190,368,380,4
1,12418,184,191,368,382,4
1,12419,184,192,368,384,4
1,12420,184,193,368,386,4
1,12421,184,194,368,388,4
1,12422,184,195,368,390,4
1,12423,184,196,368,392,4
1,12424,184,197,368,394,4
1,12425,184,198,368,396,4
1,12426,184,199,368,398,4
1,12427,184,200,368,400,4
1,12428,184,201,368,402,4
1,12429,184,202,368,404,4
1,12430,184,203,368,406,4
1,12431,184,204,368,408,4
1,12432,184,205,368,410,4
1,12433,184,206,368,412,4
1,12434,184,207,368,414,4
1,12435,184,208,368,416,4
1,12436,184,209,368,418,4
1,12437,184,210,368,420,4
1,12438,184,211,368,422,4
1,12439,184,212,368,424,4
1,12440,184,213,368,426,4
1,12441,184,214,368,428,4
1,12442,184,215,368,430,4
1,12443,184,216,368,432,4
1,12444,184,217,368,434,4
1,12445,184,218,368,436,4
1,12446,184,219,368,438,4
1,12447,184,220,368,440,4
1,12448,184,221,368,442,4
1,12449,184,222,368,444,4
1,12450,184,223,368,446,4
1,12451,184,224,368,448,4
1,12452,184,225,368,450,4
1,12453,184,226,368,452,4
1,12454,184,227,368,454,4
1,12455,184,228,368,456,4
1,12456,184,229,368,458,4
1,12457,184,230,368,460,4
1,12458,184,231,368,462,4
1,12459,184,232,368,464,4
1,12460,184,233,368,466,4
1,12461,184,234,368,468,4
1,12462,184,235,368,470,4
1,12463,184,236,368,472,4
1,12464,184,237,368,474,4
1,12465,184,238,368,476,4
1,12466,184,239,368,478,4
1,12467,184,240,368,480,4
1,12468,184,241,368,482,4
1,12469,184,242,368,484,4
1,12470,184,243,368,486,4
1,12471,184,244,368,488,4
1,12472,184,245,368,490,4
1,12473,184,246,368,492,4
1,12474,184,247,368,494,4
1,12475,184,248,368,496,4
1,12476,184,249,368,498,4
1,12477,184,250,368,500,4
1,12478,184,251,368,502,4
1,12479,184,252,368,504,4
1,12480,184,253,368,506,4
1,12481,184,254,368,508,4
1,12482,184,255,368,510,4
1,12483,184,256,368,512,4
1,12484,184,257,368,514,4
1,12485,184,258,368,516,4
1,12486,184,259,368,518,4
1,12487,184,260,368,520,4
1,12488,184,261,368,522,4
1,12489,184,262,368,524,4
1,12490,184,263,368,526,4
1,12491,184,264,368,528,4
1,12492,184,265,368,530,4
1,12493,184,266,368,532,4
1,12494,184,267,368,534,4
1,12495,184,268,368,536,4
1,12496,184,269,368,538,4
1,12497,184,270,368,540,4
1,12498,184,271,368,542,4
1,12499,184,272,368,544,4
1,12500,184,346,368,693,2
1,12501,184,347,368,694,4
1,12502,184,348,368,696,4
1,12503,184,349,368,698,4
1,12504,184,350,368,700,4
1,12505,184,351,368,702,4
1,12506,184,352,368,704,4
1,12507,184,353,368,706,4
1,12508,184,354,368,708,4
1,12509,184,355,368,710,4
1,12510,184,356,368,712,4
1,12511,184,357,368,714,4
1,12512,184,358,368,716,4
1,12513,184,359,368,718,4
1,12514,184,360,368,720,4
1,12515,184,361,368,722,4
1,12516,184,362,368,724,4
1,12517,184,363,368,726,4
1,12518,184,364,368,728,4
1,12519,184,365,368,730,4
1,12520,184,366,368,732,4
1,12521,184,367,368,734,4
1,12522,184,368,368,736,4
1,12523,184,369,368,738,4
1,12524,184,370,368,740,4
1,12525,184,371,368,742,4
1,12526,184,372,368,744,4
1,12527,184,373,368,746,4
1,12528,184,374,368,748,4
1,12529,184,375,368,750,4
1,12530,184,376,368,752,4
1,12531,184,377,368,754,4
1,12532,184,378,368,756,4
1,12533,184,379,368,758,4
1,12534,184,380,368,760,4
1,12535,184,381,368,762,4
1,12536,184,382,368,764,4
1,12537,184,383,368,766,4
1,12538,184,384,368,768,4
1,12539,184,385,368,770,4
1,12540,184,386,368,772,4
1,12541,184,387,368,774,4
1,12542,184,388,368,776,4
1,12543,184,389,368,778,4
1,12544,184,390,368,780,4
1,12545,184,391,368,782,4
1,12546,184,392,368,784,4
1,12547,184,393,368,786,4
1,12548,184,394,368,788,3
1,12549,184,424,368,848,4
1,12550,184,425,368,850,4
1,12551,184,426,368,852,4
1,12552,184,427,368,854,4
1,12553,184,428,368,856,4
1,12554,184,429,368,858,4
1,12555,184,430,368,860,4
1,12556,184,431,368,862,4
1,12557,184,432,368,864,4
1,12558,184,433,368,866,4
1,12559,184,434,368,868,4
1,12560,184,435,368,870,4
1,12561,184,436,368,872,4
1,12562,184,437,368,874,4
1,12563,184,438,368,876,1
1,12564,184,466,368,932,4
1,12565,184,467,368,934,4
1,12566,184,468,368,936,4
1,12567,184,469,368,938,4
1,12568,184,470,368,940,4
1,12569,184,471,368,942,4
1,12570,184,472,368,944,4
1,12571,184,473,368,946,4
1,12572,184,474,368,948,4
1,12573,184,475,368,950,4
1,12574,184,476,368,952,4
1,12575,184,477,368,954,4
1,12576,184,478,368,956,4
1,12577,184,479,368,958,4
1,12578,184,480,368,960,4
1,12579,184,481,368,962,4
1,12580,184,482,368,964,4
1,12581,184,483,368,966,4
1,12582,184,484,368,968,4
1,12583,184,485,368,970,4
1,12584,184,486,368,972,4
1,12585,184,487,368,974,4
1,12586,184,488,368,976,4
1,12587,184,489,368,978,4
1,12588,184,490,368,980,4
1,12589,184,491,368,982,4
1,12590,184,492,368,984,4
1,12591,184,493,368,986,4
1,12592,184,494,368,988,4
1,12593,184,495,368,990,4
1,12594,184,496,368,992,4
1,12595,184,497,368,994,4
1,12596,184,498,368,996,4
1,12597,184,499,368,998,4
1,12598,184,500,368,1000,4
1,12599,184,501,368,1002,4
1,12600,184,502,368,1004,4
1,12601,184,503,368,1006,4
1,12602,184,504,368,1008,4
1,12603,184,505,368,1010,4
1,12604,184,506,368,1012,4
1,12605,184,507,368,1014,4
1,12606,184,508,368,1016,4
1,12607,184,509,368,1018,4
1,12608,184,510,368,1020,4
1,12609,184,511,368,1022,4
1,12610,184,512,368,1024,4
1,12611,184,513,368,1026,4
1,12612,184,514,368,1028,4
1,12613,184,515,368,1030,4
1,12614,184,516,368,1032,4
1,12615,184,517,368,1034,4
1,12616,184,518,368,1036,4
1,12617,184,519,368,1038,4
1,12618,184,520,368,1040,4
1,12619,184,521,368,1042,4
1,12620,184,522,368,1044,4
1,12621,184,523,368,1046,4
1,12622,184,524,368,1048,4
1,12623,184,525,368,1050,4
1,12624,184,526,368,1052,4
1,12625,184,527,368,1054,4
1,12626,184,528,368,1056,4
1,12627,184,529,368,1058,4
1,12628,184,530,368,1060,4
1,12629,184,531,368,1062,4
1,12630,184,532,368,1064,4
1,12631,184,533,368,1066,4
1,12632,184,534,368,1068,4
1,12633,184,535,368,1070,4
1,12634,184,536,368,1072,4
1,12635,184,537,368,1074,4
1,12636,184,538,368,1076,4
1,12637,184,539,368,1078,4
1,12638,184,540,368,1080,4
1,12639,184,541,368,1082,4
1,12640,184,542,368,1084,4
1,12641,184,543,368,1086,4
1,12642,184,544,368,1088,4
1,12643,184,545,368,1090,3
1,12644,184,546,368,1092,3
1,12645,184,547,368,1094,4
1,12646,184,548,368,1096,4
1,12647,184,549,368,1098,4
1,12648,184,550,368,1100,4
1,12649,184,551,368,1102,4
1,12650,184,552,368,1104,4
1,12651,184,553,368,1106,4
1,12652,184,554,368,1108,4
1,12653,184,555,368,1110,4
1,12654,184,556,368,1112,4
1,12655,184,557,368,1114,4
1,12656,184,558,368,1116,4
1,12657,184,563,368,1127,1
1,12658,184,564,368,1128,4
1,12659,184,565,368,1130,4
1,12660,184,566,368,1132,4
1,12661,184,567,368,1134,4
1,12662,184,568,368,1136,4
1,12663,184,569,368,1138,4
1,12664,184,570,368,1140,4
1,12665,184,571,368,1142,4
1,12666,184,572,368,1144,4
1,12667,184,573,368,1146,4
1,12668,184,574,368,1148,4
1,12669,184,575,368,1150,4
1,12670,184,576,368,1152,4
1,12671,184,577,368,1154,4
1,12672,184,578,368,1156,4
1,12673,184,579,368,1158,4
1,12674,184,580,368,1160,4
1,12675,184,581,368,1162,4
1,12676,184,582,368,1164,4
1,12677,184,583,368,1166,4
1,12678,184,584,368,1168,4
1,12679,184,585,368,1170,4
1,12680,184,586,368,1172,4
1,12681,184,587,368,1174,4
1,12682,184,588,368,1176,4
1,12683,184,589,368,1178,4
1,12684,184,590,368,1180,4
1,12685,184,591,368,1182,4
1,12686,184,592,368,1184,4
1,12687,184,593,368,1186,4
1,12688,184,594,368,1188,4
1,12689,184,595,368,1190,4
1,12690,184,596,368,1192,4
1,12691,184,597,368,1194,4
1,12692,184,598,368,1196,4
1,12693,184,599,368,1198,4
1,12694,184,600,368,1200,4
1,12695,184,601,368,1202,4
1,12696,184,602,368,1204,4
1,12697,184,603,368,1206,4
1,12698,184,604,369,1208,1
1,12699,184,618,368,1236,4
1,12700,184,619,368,1238,4
1,12701,184,620,368,1240,4
1,12702,184,621,368,1242,4
1,12703,184,622,368,1244,2
1,12704,184,651,368,1302,4
1,12705,184,652,368,1304,4
1,12706,184,653,368,1306,4
1,12707,184,654,368,1308,4
1,12708,184,655,368,1310,4
1,12709,184,656,368,1312,4
1,12710,184,668,368,1337,3
1,12711,184,669,368,1338,4
1,12712,184,670,368,1340,4
1,12713,184,671,368,1342,4
1,12714,184,672,368,1344,4
1,12715,184,673,368,1346,4
1,12716,184,674,368,1348,4
1,12717,184,675,368,1350,4
1,12718,184,676,368,1352,4
1,12719,184,677,368,1354,4
1,12720,184,678,368,1356,4
1,12721,184,679,368,1358,4
1,12722,184,680,368,1360,4
1,12723,184,681,368,1362,4
1,12724,184,682,368,1364,4
1,12725,184,683,368,1366,4
1,12726,184,684,368,1368,4
1,12727,184,685,368,1370,4
1,12728,184,686,368,1372,4
1,12729,184,687,368,1374,4
1,12730,184,688,368,1376,4
1,12731,184,689,368,1378,4
1,12732,184,690,368,1380,4
1,12733,184,691,368,1382,4
1,12734,184,692,368,1384,4
1,12735,184,693,368,1386,4
1,12736,184,694,368,1388,4
1,12737,184,695,368,1390,4
1,12738,184,696,368,1392,4
1,12739,184,697,368,1394,4
1,12740,184,698,368,1396,4
1,12741,184,699,368,1398,4
1,12742,184,700,368,1400,4
1,12743,184,701,368,1402,4
1,12744,184,702,368,1404,4
1,12745,184,703,368,1406,4
1,12746,184,704,368,1408,4
1,12747,184,705,368,1410,4
1,12748,184,706,368,1412,4
1,12749,184,707,368,1414,4
1,12750,184,708,368,1416,4
1,12751,184,709,368,1418,4
1,12752,184,710,368,1420,4
1,12753,184,711,368,1422,4
1,12754,184,712,368,1424,4
1,12755,184,713,368,1426,4
1,12756,184,714,368,1428,4
1,12757,184,715,368,1430,4
1,12758,184,716,368,1432,4
1,12759,184,717,368,1434,4
1,12760,184,718,368,1436,4
1,12761,184,719,368,1438,4
1,12762,184,720,368,1440,4
1,12763,184,721,368,1442,4
1,12764,184,722,368,1444,4
1,12765,184,723,368,1446,4
1,12766,184,724,368,1448,4
1,12767,184,725,368,1450,4
1,12768,184,726,368,1452,4
1,12769,184,727,368,1454,4
1,12770,184,728,368,1456,4
1,12771,184,729,368,1458,4
1,12772,184,730,368,1460,4
1,12773,184,731,368,1462,4
1,12774,184,732,368,1464,4
1,12775,184,733,368,1466,4
1,12776,184,734,368,1468,4
1,12777,184,735,368,1470,4
1,12778,184,736,368,1472,4
1,12779,184,737,368,1474,4
1,12780,184,738,368,1476,4
1,12781,184,739,368,1478,4
1,12782,184,740,368,1480,4
1,12783,184,741,368,1482,4
1,12784,184,742,368,1484,4
1,12785,184,743,368,1486,4
1,12786,184,744,369,1488,1
1,12787,185,99,371,199,1
1,12788,185,100,370,200,4
1,12789,185,101,370,202,4
1,12790,185,102,370,204,4
1,12791,185,103,370,206,4
1,12792,185,104,370,208,4
1,12793,185,105,370,210,4
1,12794,185,106,370,212,4
1,12795,185,107,370,214,4
1,12796,185,108,370,216,4
1,12797,185,109,370,218,4
1,12798,185,110,370,220,4
1,12799,185,111,370,222,4
1,12800,185,112,370,224,4
1,12801,185,113,370,226,4
1,12802,185,114,370,228,4
1,12803,185,115,370,230,4
1,12804,185,116,370,232,4
1,12805,185,117,370,234,4
1,12806,185,118,370,236,4
1,12807,185,119,370,238,4
1,12808,185,120,370,240,4
1,12809,185,121,370,242,4
1,12810,185,122,370,244,4
1,12811,185,123,370,246,4
1,12812,185,124,370,248,4
1,12813,185,125,370,250,4
1,12814,185,126,370,252,4
1,12815,185,127,370,254,4
1,12816,185,128,370,256,4
1,12817,185,129,370,258,4
1,12818,185,130,370,260,4
1,12819,185,131,370,262,4
1,12820,185,132,370,264,3
1,12821,185,152,370,304,3
1,12822,185,153,370,306,4
1,12823,185,154,370,308,4
1,12824,185,155,370,310,4
1,12825,185,156,370,312,4
1,12826,185,157,370,314,4
1,12827,185,158,370,316,4
1,12828,185,159,370,318,4
1,12829,185,160,370,320,4
1,12830,185,161,370,322,4
1,12831,185,162,370,324,4
1,12832,185,163,370,326,4
1,12833,185,164,370,328,4
1,12834,185,165,370,330,4
1,12835,185,166,370,332,4
1,12836,185,167,370,334,4
1,12837,185,168,370,336,4
1,12838,185,169,370,338,4
1,12839,185,170,370,340,4
1,12840,185,171,370,342,4
1,12841,185,172,370,344,4
1,12842,185,173,370,346,4
1,12843,185,174,370,348,4
1,12844,185,175,370,350,4
1,12845,185,176,370,352,4
1,12846,185,177,370,354,4
1,12847,185,178,370,356,4
1,12848,185,179,370,358,4
1,12849,185,180,370,360,4
1,12850,185,181,370,362,4
1,12851,185,182,370,364,4
1,12852,185,183,370,366,4
1,12853,185,184,370,368,4
1,12854,185,185,370,370,4
1,12855,185,186,370,372,4
1,12856,185,187,370,374,4
1,12857,185,188,370,376,4
1,12858,185,189,370,378,4
1,12859,185,190,370,380,4
1,12860,185,191,370,382,4
1,12861,185,192,370,384,4
1,12862,185,193,370,386,4
1,12863,185,194,370,388,4
1,12864,185,195,370,390,4
1,12865,185,196,370,392,4
1,12866,185,197,370,394,4
1,12867,185,198,370,396,4
1,12868,185,199,370,398,4
1,12869,185,200,370,400,4
1,12870,185,201,370,402,4
1,12871,185,202,370,404,4
1,12872,185,203,370,406,4
1,12873,185,204,370,408,4
1,12874,185,205,370,410,4
1,12875,185,206,370,412,4
1,12876,185,207,370,414,4
1,12877,185,208,370,416,4
1,12878,185,209,370,418,4
1,12879,185,210,370,420,4
1,12880,185,211,370,422,4
1,12881,185,212,370,424,4
1,12882,185,213,370,426,4
1,12883,185,214,370,428,4
1,12884,185,215,370,430,4
1,12885,185,216,370,432,4
1,12886,185,217,370,434,4
1,12887,185,218,370,436,4
1,12888,185,219,370,438,4
1,12889,185,220,370,440,4
1,12890,185,221,370,442,4
1,12891,185,222,370,444,4
1,12892,185,223,370,446,4
1,12893,185,224,370,448,4
1,12894,185,225,370,450,4
1,12895,185,226,370,452,4
1,12896,185,227,370,454,4
1,12897,185,228,370,456,4
1,12898,185,229,370,458,4
1,12899,185,230,370,460,4
1,12900,185,231,370,462,4
1,12901,185,232,370,464,4
1,12902,185,233,370,466,4
1,12903,185,234,370,468,4
1,12904,185,235,370,470,4
1,12905,185,236,370,472,4
1,12906,185,237,370,474,4
1,12907,185,238,370,476,4
1,12908,185,239,370,478,4
1,12909,185,240,370,480,4
1,12910,185,241,370,482,4
1,12911,185,242,370,484,4
1,12912,185,243,370,486,4
1,12913,185,244,370,488,4
1,12914,185,245,370,490,4
1,12915,185,246,370,492,4
1,12916,185,247,370,494,4
1,12917,185,248,370,496,4
1,12918,185,249,370,498,4
1,12919,185,250,370,500,4
1,12920,185,251,370,502,4
1,12921,185,252,370,504,4
1,12922,185,253,370,506,4
1,12923,185,254,370,508,4
1,12924,185,255,370,510,4
1,12925,185,256,370,512,4
1,12926,185,257,370,514,4
1,12927,185,258,370,516,4
1,12928,185,259,370,518,4
1,12929,185,260,370,520,4
1,12930,185,261,370,522,4
1,12931,185,262,370,524,4
1,12932,185,263,370,526,4
1,12933,185,264,370,528,4
1,12934,185,265,370,530,4
1,12935,185,266,370,532,4
1,12936,185,267,370,534,4
1,12937,185,268,370,536,4
1,12938,185,269,370,538,4
1,12939,185,270,370,540,4
1,12940,185,271,370,542,4
1,12941,185,272,370,544,4
1,12942,185,273,370,546,2
1,12943,185,346,370,693,1
1,12944,185,347,370,694,4
1,12945,185,348,370,696,4
1,12946,185,349,370,698,4
1,12947,185,350,370,700,4
1,12948,185,351,370,702,4
1,12949,185,352,370,704,4
1,12950,185,353,370,706,4
1,12951,185,354,370,708,4
1,12952,185,355,370,710,4
1,12953,185,356,370,712,4
1,12954,185,357,370,714,4
1,12955,185,358,370,716,4
1,12956,185,359,370,718,4
1,12957,185,360,370,720,4
1,12958,185,361,370,722,4
1,12959,185,362,370,724,4
1,12960,185,363,370,726,4
1,12961,185,364,370,728,4
1,12962,185,365,370,730,4
1,12963,185,366,370,732,4
1,12964,185,367,370,734,4
1,12965,185,368,370,736,4
1,12966,185,369,370,738,4
1,12967,185,370,370,740,4
1,12968,185,371,370,742,4
1,12969,185,372,370,744,4
1,12970,185,373,370,746,4
1,12971,185,374,370,748,4
1,12972,185,375,370,750,4
1,12973,185,376,370,752,4
1,12974,185,377,370,754,4
1,12975,185,378,370,756,4
1,12976,185,379,370,758,4
1,12977,185,380,370,760,4
1,12978,185,381,370,762,4
1,12979,185,382,370,764,4
1,12980,185,383,370,766,4
1,12981,185,384,370,768,4
1,12982,185,385,370,770,4
1,12983,185,386,370,772,4
1,12984,185,387,370,774,4
1,12985,185,388,370,776,4
1,12986,185,389,370,778,4
1,12987,185,390,370,780,4
1,12988,185,391,370,782,4
1,12989,185,392,370,784,4
1,12990,185,393,370,786,4
1,12991,185,394,370,788,4
1,12992,185,395,370,790,2
1,12993,185,424,370,848,3
1,12994,185,425,370,850,4
1,12995,185,426,370,852,4
1,12996,185,427,370,854,4
1,12997,185,428,370,856,4
1,12998,185,429,370,858,4
1,12999,185,430,370,860,4
1,13000,185,431,370,862,4
1,13001,185,432,370,864,4
1,13002,185,433,370,866,4
1,13003,185,434,370,868,4
1,13004,185,435,370,870,4
1,13005,185,436,370,872,4
1,13006,185,437,370,874,3
1,13007,185,466,370,933,1
1,13008,185,467,370,934,4
1,13009,185,468,370,936,4
1,13010,185,469,370,938,4
1,13011,185,470,370,940,4
1,13012,185,471,370,942,4
1,13013,185,472,370,944,4
1,13014,185,473,370,946,4
1,13015,185,474,370,948,4
1,13016,185,475,370,950,4
1,13017,185,476,370,952,4
1,13018,185,477,370,954,4
1,13019,185,478,370,956,4
1,13020,185,479,370,958,4
1,13021,185,480,370,960,4
1,13022,185,481,370,962,4
1,13023,185,482,370,964,4
1,13024,185,483,370,966,4
1,13025,185,484,370,968,4
1,13026,185,485,370,970,4
1,13027,185,486,370,972,4
1,13028,185,487,370,974,4
1,13029,185,488,370,976,4
1,13030,185,489,370,978,4
1,13031,185,490,370,980,4
1,13032,185,491,370,982,4
1,13033,185,492,370,984,4
1,13034,185,493,370,986,4
1,13035,185,494,370,988,4
1,13036,185,495,370,990,4
1,13037,185,496,370,992,4
1,13038,185,497,370,994,4
1,13039,185,498,370,996,4
1,13040,185,499,370,998,4
1,13041,185,500,370,1000,4
1,13042,185,501,370,1002,4
1,13043,185,502,370,1004,4
1,13044,185,503,370,1006,4
1,13045,185,504,370,1008,4
1,13046,185,505,370,1010,4
1,13047,185,506,370,1012,4
1,13048,185,507,370,1014,4
1,13049,185,508,370,1016,4
1,13050,185,509,370,1018,4
1,13051,185,510,370,1020,4
1,13052,185,511,370,1022,4
1,13053,185,512,370,1024,4
1,13054,185,513,370,1026,4
1,13055,185,514,370,1028,4
1,13056,185,515,370,1030,4
1,13057,185,516,370,1032,4
1,13058,185,517,370,1034,4
1,13059,185,518,370,1036,4
1,13060,185,519,370,1038,4
1,13061,185,520,370,1040,4
1,13062,185,521,370,1042,4
1,13063,185,522,370,1044,4
1,13064,185,523,370,1046,4
1,13065,185,524,370,1048,4
1,13066,185,525,370,1050,4
1,13067,185,526,370,1052,4
1,13068,185,527,370,1054,4
1,13069,185,528,370,1056,4
1,13070,185,529,370,1058,4
1,13071,185,530,370,1060,4
1,13072,185,531,370,1062,4
1,13073,185,532,370,1064,4
1,13074,185,533,370,1066,4
1,13075,185,534,370,1068,4
1,13076,185,535,370,1070,4
1,13077,185,536,370,1072,4
1,13078,185,537,370,1074,4
1,13079,185,538,370,1076,4
1,13080,185,539,370,1078,4
1,13081,185,540,370,1080,4
1,13082,185,541,370,1082,4
1,13083,185,542,370,1084,4
1,13084,185,543,370,1086,4
1,13085,185,544,370,1088,4
1,13086,185,545,370,1090,1
1,13087,185,548,370,1096,2
1,13088,185,549,370,1098,4
1,13089,185,550,370,1100,4
1,13090,185,551,370,1102,4
1,13091,185,552,370,1104,4
1,13092,185,553,370,1106,4
1,13093,185,554,370,1108,4
1,13094,185,555,370,1110,4
1,13095,185,556,370,1112,4
1,13096,185,557,370,1114,4
1,13097,185,558,370,1116,3
1,13098,185,565,370,1130,3
1,13099,185,566,370,1132,4
1,13100,185,567,370,1134,4
1,13101,185,568,370,1136,4
1,13102,185,569,370,1138,4
1,13103,185,570,370,1140,4
1,13104,185,571,370,1142,4
1,13105,185,572,370,1144,2
1,13106,185,573,370,1146,2
1,13107,185,574,370,1148,4
1,13108,185,575,370,1150,4
1,13109,185,576,370,1152,4
1,13110,185,577,370,1154,4
1,13111,185,578,370,1156,4
1,13112,185,579,370,1158,4
1,13113,185,580,370,1160,4
1,13114,185,581,370,1162,4
1,13115,185,582,370,1164,4
1,13116,185,583,370,1166,4
1,13117,185,584,370,1168,4
1,13118,185,585,370,1170,4
1,13119,185,586,370,1172,4
1,13120,185,587,370,1174,4
1,13121,185,588,370,1176,4
1,13122,185,589,370,1178,4
1,13123,185,590,370,1180,4
1,13124,185,591,370,1182,4
1,13125,185,592,370,1184,4
1,13126,185,593,370,1186,4
1,13127,185,594,370,1188,4
1,13128,185,595,370,1190,4
1,13129,185,596,370,1192,4
1,13130,185,597,370,1194,4
1,13131,185,598,370,1196,4
1,13132,185,599,370,1198,4
1,13133,185,600,370,1200,4
1,13134,185,601,370,1202,4
1,13135,185,602,370,1204,4
1,13136,185,603,370,1206,4
1,13137,185,604,370,1208,2
1,13138,185,618,370,1237,2
1,13139,185,619,370,1238,4
1,13140,185,620,370,1240,4
1,13141,185,621,370,1242,4
1,13142,185,622,370,1244,4
1,13143,185,651,370,1302,4
1,13144,185,652,370,1304,4
1,13145,185,653,370,1306,4
1,13146,185,654,370,1308,4
1,13147,185,655,370,1310,4
1,13148,185,656,370,1312,3
1,13149,185,666,371,1333,1
1,13150,185,667,370,1335,3
1,13151,185,668,370,1336,4
1,13152,185,669,370,1338,4
1,13153,185,670,370,1340,4
1,13154,185,671,370,1342,4
1,13155,185,672,370,1344,4
1,13156,185,673,370,1346,4
1,13157,185,674,370,1348,4
1,13158,185,675,370,1350,4
1,13159,185,676,370,1352,4
1,13160,185,677,370,1354,4
1,13161,185,678,370,1356,4
1,13162,185,679,370,1358,4
1,13163,185,680,370,1360,4
1,13164,185,681,370,1362,4
1,13165,185,682,370,1364,4
1,13166,185,683,370,1366,4
1,13167,185,684,370,1368,4
1,13168,185,685,370,1370,4
1,13169,185,686,370,1372,4
1,13170,185,687,370,1374,4
1,13171,185,688,370,1376,4
1,13172,185,689,370,1378,4
1,13173,185,690,370,1380,4
1,13174,185,691,370,1382,4
1,13175,185,692,370,1384,4
1,13176,185,693,370,1386,4
1,13177,185,694,370,1388,4
1,13178,185,695,370,1390,4
1,13179,185,696,370,1392,4
1,13180,185,697,370,1394,4
1,13181,185,698,370,1396,4
1,13182,185,699,370,1398,4
1,13183,185,700,370,1400,4
1,13184,185,701,370,1402,4
1,13185,185,702,370,1404,4
1,13186,185,703,370,1406,4
1,13187,185,704,370,1408,4
1,13188,185,705,370,1410,4
1,13189,185,706,370,1412,4
1,13190,185,707,370,1414,4
1,13191,185,708,370,1416,4
1,13192,185,709,370,1418,4
1,13193,185,710,370,1420,4
1,13194,185,711,370,1422,4
1,13195,185,712,370,1424,4
1,13196,185,713,370,1426,4
1,13197,185,714,370,1428,4
1,13198,185,715,370,1430,4
1,13199,185,716,370,1432,4
1,13200,185,717,370,1434,4
1,13201,185,718,370,1436,4
1,13202,185,719,370,1438,4
1,13203,185,720,370,1440,4
1,13204,185,721,370,1442,4
1,13205,185,722,370,1444,4
1,13206,185,723,370,1446,4
1,13207,185,724,370,1448,4
1,13208,185,725,370,1450,4
1,13209,185,726,370,1452,4
1,13210,185,727,370,1454,4
1,13211,185,728,370,1456,4
1,13212,185,729,370,1458,4
1,13213,185,730,370,1460,4
1,13214,185,731,370,1462,4
1,13215,185,732,370,1464,4
1,13216,185,733,370,1466,4
1,13217,185,734,370,1468,4
1,13218,185,735,370,1470,4
1,13219,185,736,370,1472,4
1,13220,185,737,370,1474,4
1,13221,185,738,370,1476,4
1,13222,185,739,370,1478,4
1,13223,185,740,370,1480,4
1,13224,185,741,370,1482,4
1,13225,185,742,370,1484,4
1,13226,185,743,370,1486,4
1,13227,186,99,372,199,1
1,13228,186,100,372,200,2
1,13229,186,101,372,202,2
1,13230,186,102,372,204,2
1,13231,186,103,372,206,4
1,13232,186,104,372,208,4
1,13233,186,105,372,210,4
1,13234,186,106,372,212,4
1,13235,186,107,372,214,4
1,13236,186,108,372,216,4
1,13237,186,109,372,218,4
1,13238,186,110,372,220,4
1,13239,186,111,372,222,4
1,13240,186,112,372,224,4
1,13241,186,113,372,226,4
1,13242,186,114,372,228,4
1,13243,186,115,372,230,4
1,13244,186,116,372,232,4
1,13245,186,117,372,234,4
1,13246,186,118,372,236,4
1,13247,186,119,372,238,4
1,13248,186,120,372,240,4
1,13249,186,121,372,242,4
1,13250,186,122,372,244,4
1,13251,186,123,372,246,4
1,13252,186,124,372,248,4
1,13253,186,125,372,250,4
1,13254,186,126,372,252,4
1,13255,186,127,372,254,4
1,13256,186,128,372,256,4
1,13257,186,129,372,258,4
1,13258,186,130,372,260,4
1,13259,186,131,372,262,3
1,13260,186,153,372,306,2
1,13261,186,154,372,308,2
1,13262,186,155,372,310,2
1,13263,186,156,372,312,2
1,13264,186,157,372,314,2
1,13265,186,158,372,316,2
1,13266,186,159,372,318,2
1,13267,186,160,372,320,2
1,13268,186,161,372,322,2
1,13269,186,162,372,324,2
1,13270,186,163,372,326,2
1,13271,186,164,372,328,2
1,13272,186,165,372,330,2
1,13273,186,166,372,332,2
1,13274,186,167,372,334,2
1,13275,186,168,372,336,2
1,13276,186,169,372,338,2
1,13277,186,170,372,340,2
1,13278,186,171,372,342,2
1,13279,186,172,372,344,2
1,13280,186,173,372,346,2
1,13281,186,174,372,348,2
1,13282,186,175,372,350,2
1,13283,186,176,372,352,2
1,13284,186,177,372,354,2
1,13285,186,178,372,356,2
1,13286,186,179,372,358,2
1,13287,186,180,372,360,2
1,13288,186,181,372,362,2
1,13289,186,182,372,364,2
1,13290,186,183,372,366,2
1,13291,186,184,372,368,2
1,13292,186,185,372,370,2
1,13293,186,186,372,372,2
1,13294,186,187,372,374,2
1,13295,186,188,372,376,2
1,13296,186,189,372,378,2
1,13297,186,190,372,380,2
1,13298,186,191,372,382,2
1,13299,186,192,372,384,2
1,13300,186,193,372,386,2
1,13301,186,194,372,388,2
1,13302,186,195,372,390,2
1,13303,186,196,372,392,2
1,13304,186,197,372,394,2
1,13305,186,198,372,396,2
1,13306,186,199,372,398,2
1,13307,186,200,372,400,2
1,13308,186,201,372,402,2
1,13309,186,202,372,404,2
1,13310,186,203,372,406,2
1,13311,186,204,372,408,2
1,13312,186,205,372,410,2
1,13313,186,206,372,412,2
1,13314,186,207,372,414,2
1,13315,186,208,372,416,2
1,13316,186,209,372,418,2
1,13317,186,210,372,420,2
1,13318,186,211,372,422,2
1,13319,186,212,372,424,2
1,13320,186,213,372,426,2
1,13321,186,214,372,428,2
1,13322,186,215,372,430,2
1,13323,186,216,372,432,2
1,13324,186,217,372,434,2
1,13325,186,218,372,436,2
1,13326,186,219,372,438,2
1,13327,186,220,372,440,2
1,13328,186,221,372,442,2
1,13329,186,222,372,444,2
1,13330,186,223,372,446,2
1,13331,186,224,372,448,2
1,13332,186,225,372,450,2
1,13333,186,226,372,452,2
1,13334,186,227,372,454,3
1,13335,186,228,372,456,4
1,13336,186,229,372,458,4
1,13337,186,230,372,460,4
1,13338,186,231,372,462,4
1,13339,186,232,372,464,4
1,13340,186,233,372,466,4
1,13341,186,234,372,468,4
1,13342,186,235,372,470,4
1,13343,186,236,372,472,4
1,13344,186,237,372,474,4
1,13345,186,238,372,476,4
1,13346,186,239,372,478,4
1,13347,186,240,372,480,4
1,13348,186,241,372,482,4
1,13349,186,242,372,484,4
1,13350,186,243,372,486,4
1,13351,186,244,372,488,4
1,13352,186,245,372,490,4
1,13353,186,246,372,492,4
1,13354,186,247,372,494,4
1,13355,186,248,372,496,4
1,13356,186,249,372,498,4
1,13357,186,250,372,500,4
1,13358,186,251,372,502,4
1,13359,186,252,372,504,4
1,13360,186,253,372,506,4
1,13361,186,254,372,508,4
1,13362,186,255,372,510,4
1,13363,186,256,372,512,4
1,13364,186,257,372,514,4
1,13365,186,258,372,516,4
1,13366,186,259,372,518,4
1,13367,186,260,372,520,4
1,13368,186,261,372,522,4
1,13369,186,262,372,524,4
1,13370,186,263,372,526,4
1,13371,186,264,372,528,4
1,13372,186,265,372,530,4
1,13373,186,266,372,532,4
1,13374,186,267,372,534,4
1,13375,186,268,372,536,4
1,13376,186,269,372,538,4
1,13377,186,270,372,540,4
1,13378,186,271,372,542,4
1,13379,186,272,372,544,4
1,13380,186,273,372,546,4
1,13381,186,347,372,694,4
1,13382,186,348,372,696,4
1,13383,186,349,372,698,4
1,13384,186,350,372,700,4
1,13385,186,351,372,702,4
1,13386,186,352,372,704,4
1,13387,186,353,372,706,4
1,13388,186,354,372,708,4
1,13389,186,355,372,710,4
1,13390,186,356,372,712,4
1,13391,186,357,372,714,4
1,13392,186,358,372,716,4
1,13393,186,359,372,718,4
1,13394,186,360,372,720,4
1,13395,186,361,372,722,4
1,13396,186,362,372,724,4
1,13397,186,363,372,726,4
1,13398,186,364,372,728,4
1,13399,186,365,372,730,4
1,13400,186,366,372,732,4
1,13401,186,367,372,734,4
1,13402,186,368,372,736,4
1,13403,186,369,372,738,4
1,13404,186,370,372,740,4
1,13405,186,371,372,742,4
1,13406,186,372,372,744,4
1,13407,186,373,372,746,4
1,13408,186,374,372,748,4
1,13409,186,375,372,750,4
1,13410,186,376,372,752,4
1,13411,186,377,372,754,4
1,13412,186,378,372,756,4
1,13413,186,379,372,758,4
1,13414,186,380,372,760,4
1,13415,186,381,372,762,4
1,13416,186,382,372,764,4
1,13417,186,383,372,766,4
1,13418,186,384,372,768,4
1,13419,186,385,372,770,4
1,13420,186,386,372,772,4
1,13421,186,387,372,774,4
1,13422,186,388,372,776,4
1,13423,186,389,372,778,4
1,13424,186,390,372,780,4
1,13425,186,391,372,782,4
1,13426,186,392,372,784,4
1,13427,186,393,372,786,4
1,13428,186,394,372,788,4
1,13429,186,395,372,790,4
1,13430,186,424,372,849,2
1,13431,186,425,372,850,4
1,13432,186,426,372,852,4
1,13433,186,427,372,854,4
1,13434,186,428,372,856,4
1,13435,186,429,372,858,4
1,13436,186,430,372,860,4
1,13437,186,431,372,862,4
1,13438,186,432,372,864,4
1,13439,186,433,372,866,4
1,13440,186,434,372,868,4
1,13441,186,435,372,870,4
1,13442,186,436,372,872,4
1,13443,186,437,372,874,1
1,13444,186,467,372,934,2
1,13445,186,468,372,936,2
1,13446,186,469,372,938,1
1,13447,186,472,372,945,1
1,13448,186,473,372,946,2
1,13449,186,474,372,948,2
1,13450,186,475,372,950,2
1,13451,186,476,372,952,2
1,13452,186,477,372,954,2
1,13453,186,478,372,956,1
1,13454,186,482,372,964,4
1,13455,186,483,372,966,4
1,13456,186,484,372,968,4
1,13457,186,485,372,970,4
1,13458,186,486,372,972,4
1,13459,186,487,372,974,4
1,13460,186,488,372,976,4
1,13461,186,489,372,978,4
1,13462,186,490,372,980,4
1,13463,186,491,372,982,4
1,13464,186,492,372,984,4
1,13465,186,493,372,986,4
1,13466,186,494,372,988,4
1,13467,186,495,372,990,4
1,13468,186,496,372,992,4
1,13469,186,497,372,994,4
1,13470,186,498,372,996,4
1,13471,186,499,372,998,4
1,13472,186,500,372,1000,4
1,13473,186,501,372,1002,4
1,13474,186,502,372,1004,4
1,13475,186,503,372,1006,4
1,13476,186,504,372,1008,4
1,13477,186,505,372,1010,4
1,13478,186,506,372,1012,4
1,13479,186,507,372,1014,4
1,13480,186,508,372,1016,4
1,13481,186,509,372,1018,4
1,13482,186,510,372,1020,4
1,13483,186,511,372,1022,4
1,13484,186,512,372,1024,4
1,13485,186,513,372,1026,4
1,13486,186,514,372,1028,4
1,13487,186,515,372,1030,4
1,13488,186,516,372,1032,4
1,13489,186,517,372,1034,4
1,13490,186,518,372,1036,4
1,13491,186,519,372,1038,4
1,13492,186,520,372,1040,4
1,13493,186,521,372,1042,4
1,13494,186,522,372,1044,4
1,13495,186,523,372,1046,4
1,13496,186,524,372,1048,4
1,13497,186,525,372,1050,4
1,13498,186,526,372,1052,4
1,13499,186,527,372,1054,4
1,13500,186,528,372,1056,4
1,13501,186,529,372,1058,4
1,13502,186,530,372,1060,2
1,13503,186,531,372,1062,2
1,13504,186,532,372,1064,4
1,13505,186,533,372,1066,4
1,13506,186,534,372,1068,4
1,13507,186,535,372,1070,4
1,13508,186,536,372,1072,4
1,13509,186,537,372,1074,4
1,13510,186,538,372,1076,4
1,13511,186,539,372,1078,4
1,13512,186,540,372,1080,4
1,13513,186,541,372,1082,4
1,13514,186,542,372,1084,4
1,13515,186,543,372,1086,4
1,13516,186,544,372,1088,4
1,13517,186,549,372,1099,2
1,13518,186,550,372,1100,4
1,13519,186,551,372,1102,4
1,13520,186,552,372,1104,4
1,13521,186,553,372,1106,4
1,13522,186,554,372,1108,4
1,13523,186,555,372,1110,4
1,13524,186,556,372,1112,4
1,13525,186,557,372,1114,1
1,13526,186,565,372,1131,1
1,13527,186,566,372,1132,4
1,13528,186,567,372,1134,4
1,13529,186,568,372,1136,4
1,13530,186,569,372,1138,4
1,13531,186,570,372,1140,4
1,13532,186,571,372,1142,4
1,13533,186,574,372,1148,4
1,13534,186,575,372,1150,4
1,13535,186,576,372,1152,4
1,13536,186,577,372,1154,4
1,13537,186,578,372,1156,4
1,13538,186,579,372,1158,4
1,13539,186,580,372,1160,4
1,13540,186,581,372,1162,4
1,13541,186,582,372,1164,4
1,13542,186,583,372,1166,4
1,13543,186,584,372,1168,4
1,13544,186,585,372,1170,4
1,13545,186,586,372,1172,3
1,13546,186,587,372,1174,2
1,13547,186,588,372,1176,2
1,13548,186,589,372,1178,3
1,13549,186,590,372,1180,4
1,13550,186,591,372,1182,4
1,13551,186,592,372,1184,4
1,13552,186,593,372,1186,4
1,13553,186,594,372,1188,4
1,13554,186,595,372,1190,4
1,13555,186,596,372,1192,4
1,13556,186,597,372,1194,4
1,13557,186,598,372,1196,4
1,13558,186,599,372,1198,4
1,13559,186,600,372,1200,4
1,13560,186,601,372,1202,4
1,13561,186,602,372,1204,4
1,13562,186,603,372,1206,4
1,13563,186,604,372,1208,2
1,13564,186,619,372,1238,4
1,13565,186,620,372,1240,4
1,13566,186,621,372,1242,4
1,13567,186,622,372,1244,4
1,13568,186,623,372,1246,2
1,13569,186,651,372,1302,4
1,13570,186,652,372,1304,4
1,13571,186,653,372,1306,4
1,13572,186,654,372,1308,4
1,13573,186,655,372,1310,4
1,13574,186,656,372,1312,2
1,13575,186,665,373,1331,1
1,13576,186,666,372,1332,4
1,13577,186,667,372,1334,4
1,13578,186,668,372,1336,4
1,13579,186,669,372,1338,4
1,13580,186,670,372,1340,4
1,13581,186,671,372,1342,4
1,13582,186,672,372,1344,4
1,13583,186,673,372,1346,4
1,13584,186,674,372,1348,4
1,13585,186,675,372,1350,4
1,13586,186,676,372,1352,4
1,13587,186,677,372,1354,4
1,13588,186,678,372,1356,4
1,13589,186,679,372,1358,4
1,13590,186,680,372,1360,4
1,13591,186,681,372,1362,4
1,13592,186,682,372,1364,4
1,13593,186,683,372,1366,4
1,13594,186,684,372,1368,2
1,13595,186,685,372,1370,2
1,13596,186,686,372,1372,4
1,13597,186,687,372,1374,4
1,13598,186,688,372,1376,4
1,13599,186,689,372,1378,4
1,13600,186,690,372,1380,4
1,13601,186,691,372,1382,4
1,13602,186,692,372,1384,4
1,13603,186,693,372,1386,4
1,13604,186,694,372,1388,4
1,13605,186,695,372,1390,4
1,13606,186,696,372,1392,4
1,13607,186,697,372,1394,4
1,13608,186,698,372,1396,4
1,13609,186,699,372,1398,4
1,13610,186,700,372,1400,4
1,13611,186,701,372,1402,4
1,13612,186,702,372,1404,4
1,13613,186,703,372,1406,4
1,13614,186,704,372,1408,4
1,13615,186,705,372,1410,4
1,13616,186,706,372,1412,4
1,13617,186,707,372,1414,4
1,13618,186,708,372,1416,4
1,13619,186,709,372,1418,4
1,13620,186,710,372,1420,4
1,13621,186,711,372,1422,4
1,13622,186,712,372,1424,4
1,13623,186,713,372,1426,4
1,13624,186,714,372,1428,4
1,13625,186,715,372,1430,4
1,13626,186,716,372,1432,4
1,13627,186,717,372,1434,4
1,13628,186,718,372,1436,4
1,13629,186,719,372,1438,4
1,13630,186,720,372,1440,4
1,13631,186,721,372,1442,4
1,13632,186,722,372,1444,4
1,13633,186,723,372,1446,4
1,13634,186,724,372,1448,4
1,13635,186,725,372,1450,4
1,13636,186,726,372,1452,4
1,13637,186,727,372,1454,4
1,13638,186,728,372,1456,4
1,13639,186,729,372,1458,4
1,13640,186,730,372,1460,4
1,13641,186,731,372,1462,4
1,13642,186,732,372,1464,4
1,13643,186,733,372,1466,4
1,13644,186,734,372,1468,4
1,13645,186,735,372,1470,4
1,13646,186,736,372,1472,4
1,13647,186,737,372,1474,4
1,13648,186,738,372,1476,4
1,13649,186,739,372,1478,4
1,13650,186,740,372,1480,4
1,13651,186,741,372,1482,4
1,13652,186,742,372,1484,4
1,13653,186,743,372,1486,4
1,13654,187,103,374,206,4
1,13655,187,104,374,208,4
1,13656,187,105,374,210,4
1,13657,187,106,374,212,4
1,13658,187,107,374,214,4
1,13659,187,108,374,216,4
1,13660,187,109,374,218,4
1,13661,187,110,374,220,4
1,13662,187,111,374,222,4
1,13663,187,112,374,224,4
1,13664,187,113,374,226,4
1,13665,187,114,374,228,4
1,13666,187,115,374,230,4
1,13667,187,116,374,232,4
1,13668,187,117,374,234,4
1,13669,187,118,374,236,4
1,13670,187,119,374,238,4
1,13671,187,120,374,240,4
1,13672,187,228,374,456,4
1,13673,187,229,374,458,4
1,13674,187,230,374,460,4
1,13675,187,231,374,462,4
1,13676,187,232,374,464,4
1,13677,187,233,374,466,4
1,13678,187,234,374,468,4
1,13679,187,235,374,470,4
1,13680,187,236,374,472,4
1,13681,187,237,374,474,4
1,13682,187,238,374,476,4
1,13683,187,239,374,478,4
1,13684,187,240,374,480,4
1,13685,187,241,374,482,4
1,13686,187,242,374,484,4
1,13687,187,243,374,486,4
1,13688,187,244,374,488,4
1,13689,187,245,374,490,4
1,13690,187,246,374,492,4
1,13691,187,247,374,494,4
1,13692,187,248,374,496,4
1,13693,187,249,374,498,4
1,13694,187,250,374,500,4
1,13695,187,251,374,502,4
1,13696,187,252,374,504,4
1,13697,187,253,374,506,4
1,13698,187,254,374,508,4
1,13699,187,255,374,510,4
1,13700,187,256,374,512,4
1,13701,187,257,374,514,4
1,13702,187,258,374,516,4
1,13703,187,259,374,518,4
1,13704,187,260,374,520,4
1,13705,187,261,374,522,4
1,13706,187,262,374,524,4
1,13707,187,263,374,526,4
1,13708,187,264,374,528,4
1,13709,187,265,374,530,4
1,13710,187,266,374,532,4
1,13711,187,267,374,534,4
1,13712,187,268,374,536,4
1,13713,187,269,374,538,4
1,13714,187,270,374,540,4
1,13715,187,271,374,542,4
1,13716,187,272,374,544,4
1,13717,187,273,374,546,4
1,13718,187,274,374,548,2
1,13719,187,347,374,694,4
1,13720,187,348,374,696,4
1,13721,187,349,374,698,4
1,13722,187,350,374,700,4
1,13723,187,351,374,702,4
1,13724,187,352,374,704,4
1,13725,187,353,374,706,4
1,13726,187,354,374,708,4
1,13727,187,355,374,710,4
1,13728,187,356,374,712,4
1,13729,187,357,374,714,4
1,13730,187,358,374,716,4
1,13731,187,359,374,718,4
1,13732,187,360,374,720,4
1,13733,187,361,374,722,4
1,13734,187,362,374,724,4
1,13735,187,363,374,726,4
1,13736,187,364,374,728,4
1,13737,187,365,374,730,4
1,13738,187,366,374,732,4
1,13739,187,367,374,734,4
1,13740,187,368,374,736,4
1,13741,187,369,374,738,4
1,13742,187,370,374,740,4
1,13743,187,371,374,742,4
1,13744,187,372,374,744,4
1,13745,187,373,374,746,4
1,13746,187,374,374,748,4
1,13747,187,375,374,750,4
1,13748,187,376,374,752,4
1,13749,187,377,374,754,4
1,13750,187,378,374,756,4
1,13751,187,379,374,758,4
1,13752,187,380,374,760,4
1,13753,187,381,374,762,4
1,13754,187,382,374,764,4
1,13755,187,383,374,766,4
1,13756,187,384,374,768,4
1,13757,187,385,374,770,4
1,13758,187,386,374,772,4
1,13759,187,387,374,774,4
1,13760,187,388,374,776,4
1,13761,187,389,374,778,4
1,13762,187,390,374,780,4
1,13763,187,391,374,782,4
1,13764,187,392,374,784,4
1,13765,187,393,374,786,4
1,13766,187,394,374,788,4
1,13767,187,395,374,790,4
1,13768,187,396,374,792,2
1,13769,187,424,374,849,2
1,13770,187,425,374,850,4
1,13771,187,426,374,852,4
1,13772,187,427,374,854,4
1,13773,187,428,374,856,4
1,13774,187,429,374,858,4
1,13775,187,430,374,860,4
1,13776,187,431,374,862,4
1,13777,187,432,374,864,4
1,13778,187,433,374,866,4
1,13779,187,434,374,868,4
1,13780,187,435,374,870,4
1,13781,187,436,374,872,4
1,13782,187,482,374,964,4
1,13783,187,483,374,966,4
1,13784,187,484,374,968,4
1,13785,187,485,374,970,4
1,13786,187,486,374,972,4
1,13787,187,487,374,974,4
1,13788,187,488,374,976,4
1,13789,187,489,374,978,4
1,13790,187,490,374,980,4
1,13791,187,491,374,982,4
1,13792,187,492,374,984,4
1,13793,187,493,374,986,4
1,13794,187,494,374,988,4
1,13795,187,495,374,990,4
1,13796,187,496,374,992,4
1,13797,187,497,374,994,4
1,13798,187,498,374,996,4
1,13799,187,499,374,998,4
1,13800,187,500,374,1000,4
1,13801,187,501,374,1002,4
1,13802,187,502,374,1004,4
1,13803,187,503,374,1006,4
1,13804,187,504,374,1008,4
1,13805,187,505,374,1010,4
1,13806,187,506,374,1012,4
1,13807,187,507,374,1014,4
1,13808,187,508,374,1016,4
1,13809,187,509,374,1018,4
1,13810,187,510,374,1020,4
1,13811,187,511,374,1022,4
1,13812,187,512,374,1024,4
1,13813,187,513,374,1026,4
1,13814,187,514,374,1028,4
1,13815,187,515,374,1030,4
1,13816,187,516,374,1032,4
1,13817,187,517,374,1034,4
1,13818,187,518,374,1036,4
1,13819,187,519,374,1038,3
1,13820,187,520,374,1040,2
1,13821,187,521,374,1042,2
1,13822,187,522,374,1044,2
1,13823,187,523,374,1046,3
1,13824,187,524,374,1048,4
1,13825,187,525,374,1050,4
1,13826,187,526,374,1052,4
1,13827,187,527,374,1054,3
1,13828,187,528,374,1056,2
1,13829,187,529,374,1058,2
1,13830,187,532,374,1064,4
1,13831,187,533,374,1066,4
1,13832,187,534,374,1068,4
1,13833,187,535,374,1070,4
1,13834,187,536,374,1072,4
1,13835,187,537,374,1074,4
1,13836,187,538,374,1076,4
1,13837,187,539,374,1078,4
1,13838,187,540,374,1080,4
1,13839,187,541,374,1082,4
1,13840,187,542,374,1084,4
1,13841,187,543,374,1086,4
1,13842,187,544,374,1088,4
1,13843,187,545,374,1090,2
1,13844,187,549,374,1099,1
1,13845,187,550,374,1100,2
1,13846,187,551,374,1102,2
1,13847,187,552,374,1104,2
1,13848,187,553,374,1106,4
1,13849,187,554,374,1108,4
1,13850,187,555,374,1110,4
1,13851,187,556,374,1112,4
1,13852,187,565,375,1131,1
1,13853,187,566,374,1132,4
1,13854,187,567,374,1134,4
1,13855,187,568,374,1136,4
1,13856,187,569,374,1138,2
1,13857,187,570,374,1140,2
1,13858,187,571,374,1142,2
1,13859,187,572,374,1144,1
1,13860,187,573,374,1147,1
1,13861,187,574,374,1148,2
1,13862,187,575,374,1150,2
1,13863,187,576,374,1152,2
1,13864,187,577,374,1154,4
1,13865,187,578,374,1156,4
1,13866,187,579,374,1158,4
1,13867,187,580,374,1160,4
1,13868,187,581,374,1162,4
1,13869,187,582,374,1164,4
1,13870,187,583,374,1166,4
1,13871,187,584,374,1168,4
1,13872,187,585,374,1170,2
1,13873,187,590,374,1180,2
1,13874,187,591,374,1182,4
1,13875,187,592,374,1184,4
1,13876,187,593,374,1186,4
1,13877,187,594,374,1188,4
1,13878,187,595,374,1190,4
1,13879,187,596,374,1192,4
1,13880,187,597,374,1194,4
1,13881,187,598,374,1196,4
1,13882,187,599,374,1198,4
1,13883,187,600,374,1200,4
1,13884,187,601,374,1202,4
1,13885,187,602,374,1204,4
1,13886,187,603,374,1206,4
1,13887,187,604,374,1208,4
1,13888,187,619,374,1239,2
1,13889,187,620,374,1240,4
1,13890,187,621,374,1242,4
1,13891,187,622,374,1244,4
1,13892,187,623,374,1246,4
1,13893,187,650,374,1301,2
1,13894,187,651,374,1302,4
1,13895,187,652,374,1304,4
1,13896,187,653,374,1306,4
1,13897,187,654,374,1308,4
1,13898,187,655,374,1310,4
1,13899,187,665,374,1331,3
1,13900,187,666,374,1332,4
1,13901,187,667,374,1334,4
1,13902,187,668,374,1336,4
1,13903,187,669,374,1338,4
1,13904,187,670,374,1340,4
1,13905,187,671,374,1342,4
1,13906,187,672,374,1344,4
1,13907,187,673,374,1346,4
1,13908,187,674,374,1348,4
1,13909,187,675,374,1350,4
1,13910,187,676,374,1352,3
1,13911,187,677,374,1354,2
1,13912,187,678,374,1356,3
1,13913,187,679,374,1358,4
1,13914,187,680,374,1360,4
1,13915,187,681,374,1362,3
1,13916,187,682,374,1364,2
1,13917,187,683,374,1366,2
1,13918,187,686,374,1372,2
1,13919,187,687,374,1374,2
1,13920,187,688,374,1376,2
1,13921,187,689,374,1378,4
1,13922,187,690,374,1380,4
1,13923,187,691,374,1382,4
1,13924,187,692,374,1384,4
1,13925,187,693,374,1386,4
1,13926,187,694,374,1388,4
1,13927,187,695,374,1390,4
1,13928,187,696,374,1392,4
1,13929,187,697,374,1394,4
1,13930,187,698,374,1396,4
1,13931,187,699,374,1398,4
1,13932,187,700,374,1400,4
1,13933,187,701,374,1402,4
1,13934,187,702,374,1404,4
1,13935,187,703,374,1406,4
1,13936,187,704,374,1408,4
1,13937,187,705,374,1410,4
1,13938,187,706,374,1412,4
1,13939,187,707,374,1414,4
1,13940,187,708,374,1416,4
1,13941,187,709,374,1418,4
1,13942,187,710,374,1420,4
1,13943,187,711,374,1422,4
1,13944,187,712,374,1424,4
1,13945,187,713,374,1426,4
1,13946,187,714,374,1428,4
1,13947,187,715,374,1430,4
1,13948,187,716,374,1432,4
1,13949,187,717,374,1434,4
1,13950,187,718,374,1436,4
1,13951,187,719,374,1438,4
1,13952,187,720,374,1440,4
1,13953,187,721,374,1442,4
1,13954,187,722,374,1444,4
1,13955,187,723,374,1446,4
1,13956,187,724,374,1448,4
1,13957,187,725,374,1450,4
1,13958,187,726,374,1452,4
1,13959,187,727,374,1454,4
1,13960,187,728,374,1456,4
1,13961,187,729,374,1458,4
1,13962,187,730,374,1460,4
1,13963,187,731,374,1462,4
1,13964,187,732,374,1464,3
1,13965,187,733,374,1466,2
1,13966,187,734,374,1468,2
1,13967,187,735,374,1470,2
1,13968,187,736,374,1472,2
1,13969,187,737,374,1474,3
1,13970,187,738,374,1476,4
1,13971,187,739,374,1478,4
1,13972,187,740,374,1480,4
1,13973,187,741,374,1482,4
1,13974,187,742,374,1484,4
1,13975,187,743,374,1486,4
1,13976,188,102,376,205,1
1,13977,188,103,376,206,4
1,13978,188,104,376,208,4
1,13979,188,105,376,210,4
1,13980,188,106,376,212,4
1,13981,188,107,376,214,4
1,13982,188,108,376,216,4
1,13983,188,109,376,218,4
1,13984,188,110,376,220,4
1,13985,188,111,376,222,4
1,13986,188,112,376,224,4
1,13987,188,113,376,226,4
1,13988,188,114,376,228,4
1,13989,188,115,376,230,4
1,13990,188,116,376,232,4
1,13991,188,117,376,234,4
1,13992,188,118,376,236,4
1,13993,188,119,376,238,4
1,13994,188,120,376,240,4
1,13995,188,121,377,242,1
1,13996,188,228,376,457,2
1,13997,188,229,376,458,4
1,13998,188,230,376,460,4
1,13999,188,231,376,462,4
1,14000,188,232,376,464,4
1,14001,188,233,376,466,4
1,14002,188,234,376,468,4
1,14003,188,235,376,470,4
1,14004,188,236,376,472,4
1,14005,188,237,376,474,4
1,14006,188,238,376,476,4
1,14007,188,239,376,478,4
1,14008,188,240,376,480,4
1,14009,188,241,376,482,4
1,14010,188,242,376,484,4
1,14011,188,243,376,486,4
1,14012,188,244,376,488,4
1,14013,188,245,376,490,4
1,14014,188,246,376,492,4
1,14015,188,247,376,494,4
1,14016,188,248,376,496,4
1,14017,188,249,376,498,4
1,14018,188,250,376,500,4
1,14019,188,251,376,502,4
1,14020,188,252,376,504,4
1,14021,188,253,376,506,4
1,14022,188,254,376,508,4
1,14023,188,255,376,510,4
1,14024,188,256,376,512,4
1,14025,188,257,376,514,4
1,14026,188,258,376,516,4
1,14027,188,259,376,518,4
1,14028,188,260,376,520,4
1,14029,188,261,376,522,4
1,14030,188,262,376,524,4
1,14031,188,263,376,526,4
1,14032,188,264,376,528,4
1,14033,188,265,376,530,4
1,14034,188,266,376,532,4
1,14035,188,267,376,534,4
1,14036,188,268,376,536,4
1,14037,188,269,376,538,4
1,14038,188,270,376,540,4
1,14039,188,271,376,542,4
1,14040,188,272,376,544,4
1,14041,188,273,376,546,4
1,14042,188,274,376,548,4
1,14043,188,347,376,694,3
1,14044,188,348,376,696,4
1,14045,188,349,376,698,4
1,14046,188,350,376,700,4
1,14047,188,351,376,702,4
1,14048,188,352,376,704,4
1,14049,188,353,376,706,4
1,14050,188,354,376,708,4
1,14051,188,355,376,710,4
1,14052,188,356,376,712,4
1,14053,188,357,376,714,4
1,14054,188,358,376,716,4
1,14055,188,359,376,718,4
1,14056,188,360,376,720,4
1,14057,188,361,376,722,4
1,14058,188,362,376,724,4
1,14059,188,363,376,726,4
1,14060,188,364,376,728,4
1,14061,188,365,376,730,4
1,14062,188,366,376,732,4
1,14063,188,367,376,734,4
1,14064,188,368,376,736,4
1,14065,188,369,376,738,4
1,14066,188,370,376,740,4
1,14067,188,371,376,742,4
1,14068,188,372,376,744,4
1,14069,188,373,376,746,4
1,14070,188,374,376,748,4
1,14071,188,375,376,750,4
1,14072,188,376,376,752,4
1,14073,188,377,376,754,4
1,14074,188,378,376,756,4
1,14075,188,379,376,758,4
1,14076,188,380,376,760,4
1,14077,188,381,376,762,4
1,14078,188,382,376,764,4
1,14079,188,383,376,766,4
1,14080,188,384,376,768,4
1,14081,188,385,376,770,4
1,14082,188,386,376,772,4
1,14083,188,387,376,774,4
1,14084,188,388,376,776,4
1,14085,188,389,376,778,4
1,14086,188,390,376,780,4
1,14087,188,391,376,782,4
1,14088,188,392,376,784,4
1,14089,188,393,376,786,4
1,14090,188,394,376,788,4
1,14091,188,395,376,790,4
1,14092,188,396,376,792,4
1,14093,188,397,377,794,1
1,14094,188,424,376,849,2
1,14095,188,425,376,850,4
1,14096,188,426,376,852,4
1,14097,188,427,376,854,4
1,14098,188,428,376,856,4
1,14099,188,429,376,858,4
1,14100,188,430,376,860,4
1,14101,188,431,376,862,4
1,14102,188,432,376,864,4
1,14103,188,433,376,866,4
1,14104,188,434,376,868,4
1,14105,188,435,376,870,4
1,14106,188,436,376,872,4
1,14107,188,482,376,964,4
1,14108,188,483,376,966,4
1,14109,188,484,376,968,4
1,14110,188,485,376,970,4
1,14111,188,486,376,972,4
1,14112,188,487,376,974,4
1,14113,188,488,376,976,4
1,14114,188,489,376,978,4
1,14115,188,490,376,980,4
1,14116,188,491,376,982,4
1,14117,188,492,376,984,4
1,14118,188,493,376,986,4
1,14119,188,494,376,988,4
1,14120,188,495,376,990,4
1,14121,188,496,376,992,4
1,14122,188,497,376,994,4
1,14123,188,498,376,996,4
1,14124,188,499,376,998,4
1,14125,188,500,376,1000,4
1,14126,188,501,376,1002,4
1,14127,188,502,376,1004,4
1,14128,188,503,376,1006,4
1,14129,188,504,376,1008,4
1,14130,188,505,376,1010,4
1,14131,188,506,376,1012,4
1,14132,188,507,376,1014,4
1,14133,188,508,376,1016,4
1,14134,188,509,376,1018,4
1,14135,188,510,376,1020,4
1,14136,188,511,376,1022,4
1,14137,188,512,376,1024,4
1,14138,188,513,376,1026,4
1,14139,188,514,376,1028,4
1,14140,188,515,376,1030,4
1,14141,188,516,376,1032,4
1,14142,188,517,376,1034,4
1,14143,188,518,376,1036,4
1,14144,188,519,376,1038,2
1,14145,188,524,376,1049,1
1,14146,188,525,376,1050,1
1,14147,188,531,376,1063,1
1,14148,188,532,376,1064,2
1,14149,188,533,376,1066,2
1,14150,188,534,376,1068,2
1,14151,188,535,376,1070,2
1,14152,188,536,376,1072,2
1,14153,188,537,376,1074,2
1,14154,188,538,376,1076,2
1,14155,188,539,376,1078,2
1,14156,188,540,376,1080,2
1,14157,188,541,376,1082,2
1,14158,188,542,376,1084,2
1,14159,188,543,376,1086,2
1,14160,188,544,376,1088,2
1,14161,188,545,376,1090,1
1,14162,188,553,376,1106,4
1,14163,188,554,376,1108,4
1,14164,188,555,376,1110,4
1,14165,188,556,376,1112,4
1,14166,188,557,377,1114,1
1,14167,188,565,376,1131,1
1,14168,188,566,376,1132,4
1,14169,188,567,376,1134,4
1,14170,188,568,376,1136,4
1,14171,188,579,376,1158,2
1,14172,188,580,376,1160,2
1,14173,188,581,376,1162,2
1,14174,188,582,376,1164,2
1,14175,188,583,376,1166,2
1,14176,188,592,376,1184,2
1,14177,188,593,376,1186,4
1,14178,188,594,376,1188,4
1,14179,188,595,376,1190,3
1,14180,188,599,376,1198,4
1,14181,188,600,376,1200,4
1,14182,188,601,376,1202,4
1,14183,188,602,376,1204,4
1,14184,188,603,376,1206,4
1,14185,188,604,376,1208,4
1,14186,188,605,376,1210,4
1,14187,188,606,376,1212,3
1,14188,188,619,376,1239,1
1,14189,188,620,376,1240,4
1,14190,188,621,376,1242,4
1,14191,188,622,376,1244,4
1,14192,188,623,376,1246,4
1,14193,188,624,376,1248,3
1,14194,188,650,376,1300,4
1,14195,188,651,376,1302,4
1,14196,188,652,376,1304,4
1,14197,188,653,376,1306,4
1,14198,188,654,376,1308,4
1,14199,188,655,376,1310,2
1,14200,188,665,376,1330,4
1,14201,188,666,376,1332,4
1,14202,188,667,376,1334,4
1,14203,188,668,376,1336,4
1,14204,188,669,376,1338,4
1,14205,188,670,376,1340,4
1,14206,188,671,376,1342,4
1,14207,188,672,376,1344,4
1,14208,188,673,376,1346,4
1,14209,188,674,376,1348,4
1,14210,188,675,376,1350,4
1,14211,188,691,376,1382,2
1,14212,188,692,376,1384,2
1,14213,188,693,376,1386,2
1,14214,188,694,376,1388,2
1,14215,188,695,376,1390,3
1,14216,188,696,376,1392,4
1,14217,188,697,376,1394,4
1,14218,188,698,376,1396,4
1,14219,188,699,376,1398,4
1,14220,188,700,376,1400,4
1,14221,188,701,376,1402,4
1,14222,188,702,376,1404,4
1,14223,188,703,376,1406,4
1,14224,188,704,376,1408,4
1,14225,188,705,376,1410,4
1,14226,188,706,376,1412,2
1,14227,188,707,376,1414,2
1,14228,188,708,376,1416,2
1,14229,188,709,376,1418,2
1,14230,188,710,376,1420,2
1,14231,188,711,376,1422,3
1,14232,188,712,376,1424,4
1,14233,188,713,376,1426,4
1,14234,188,714,376,1428,4
1,14235,188,715,376,1430,4
1,14236,188,716,376,1432,4
1,14237,188,717,376,1434,4
1,14238,188,718,376,1436,4
1,14239,188,719,376,1438,4
1,14240,188,720,376,1440,4
1,14241,188,721,376,1442,4
1,14242,188,722,376,1444,2
1,14243,188,723,376,1446,2
1,14244,188,724,376,1448,2
1,14245,188,725,376,1450,3
1,14246,188,726,376,1452,4
1,14247,188,727,376,1454,4
1,14248,188,728,376,1456,4
1,14249,188,729,376,1458,4
1,14250,188,730,376,1460,3
1,14251,188,731,376,1462,1
1,14252,188,738,376,1476,3
1,14253,188,739,376,1478,4
1,14254,188,740,376,1480,4
1,14255,188,741,376,1482,4
1,14256,188,742,376,1484,4
1,14257,188,743,376,1486,4
1,14258,189,103,378,207,1
1,14259,189,104,378,208,4
1,14260,189,105,378,210,4
1,14261,189,106,378,212,4
1,14262,189,107,378,214,4
1,14263,189,108,378,216,4
1,14264,189,109,378,218,4
1,14265,189,110,378,220,4
1,14266,189,111,378,222,4
1,14267,189,112,378,224,4
1,14268,189,113,378,226,4
1,14269,189,114,378,228,4
1,14270,189,115,378,230,4
1,14271,189,116,378,232,4
1,14272,189,117,378,234,4
1,14273,189,118,378,236,4
1,14274,189,119,378,238,4
1,14275,189,120,378,240,4
1,14276,189,121,378,242,2
1,14277,189,229,378,458,3
1,14278,189,230,378,460,4
1,14279,189,231,378,462,4
1,14280,189,232,378,464,4
1,14281,189,233,378,466,4
1,14282,189,234,378,468,4
1,14283,189,235,378,470,4
1,14284,189,236,378,472,4
1,14285,189,237,378,474,4
1,14286,189,238,378,476,4
1,14287,189,239,378,478,4
1,14288,189,240,378,480,4
1,14289,189,241,378,482,4
1,14290,189,242,378,484,4
1,14291,189,243,378,486,4
1,14292,189,244,378,488,4
1,14293,189,245,378,490,4
1,14294,189,246,378,492,4
1,14295,189,247,378,494,4
1,14296,189,248,378,496,4
1,14297,189,249,378,498,4
1,14298,189,250,378,500,4
1,14299,189,251,378,502,4
1,14300,189,252,378,504,4
1,14301,189,253,378,506,4
1,14302,189,254,378,508,4
1,14303,189,255,378,510,4
1,14304,189,256,378,512,4
1,14305,189,257,378,514,4
1,14306,189,258,378,516,4
1,14307,189,259,378,518,4
1,14308,189,260,378,520,4
1,14309,189,261,378,522,4
1,14310,189,262,378,524,4
1,14311,189,263,378,526,4
1,14312,189,264,378,528,4
1,14313,189,265,378,530,4
1,14314,189,266,378,532,4
1,14315,189,267,378,534,4
1,14316,189,268,378,536,4
1,14317,189,269,378,538,4
1,14318,189,270,378,540,4
1,14319,189,271,378,542,4
1,14320,189,272,378,544,4
1,14321,189,273,378,546,4
1,14322,189,274,378,548,4
1,14323,189,347,378,694,4
1,14324,189,348,378,696,4
1,14325,189,349,378,698,4
1,14326,189,350,378,700,4
1,14327,189,351,378,702,4
1,14328,189,352,378,704,4
1,14329,189,353,378,706,4
1,14330,189,354,378,708,4
1,14331,189,355,378,710,4
1,14332,189,356,378,712,4
1,14333,189,357,378,714,4
1,14334,189,358,378,716,4
1,14335,189,359,378,718,4
1,14336,189,360,378,720,4
1,14337,189,361,378,722,4
1,14338,189,362,378,724,4
1,14339,189,363,378,726,4
1,14340,189,364,378,728,4
1,14341,189,365,378,730,4
1,14342,189,366,378,732,4
1,14343,189,367,378,734,4
1,14344,189,368,378,736,4
1,14345,189,369,378,738,4
1,14346,189,370,378,740,4
1,14347,189,371,378,742,4
1,14348,189,372,378,744,4
1,14349,189,373,378,746,4
1,14350,189,374,378,748,4
1,14351,189,375,378,750,4
1,14352,189,376,378,752,4
1,14353,189,377,378,754,4
1,14354,189,378,378,756,4
1,14355,189,379,378,758,4
1,14356,189,380,378,760,4
1,14357,189,381,378,762,4
1,14358,189,382,378,764,4
1,14359,189,383,378,766,4
1,14360,189,384,378,768,4
1,14361,189,385,378,770,4
1,14362,189,386,378,772,4
1,14363,189,387,378,774,4
1,14364,189,388,378,776,4
1,14365,189,389,378,778,4
1,14366,189,390,378,780,4
1,14367,189,391,378,782,4
1,14368,189,392,378,784,4
1,14369,189,393,378,786,4
1,14370,189,394,378,788,4
1,14371,189,395,378,790,4
1,14372,189,396,378,792,4
1,14373,189,397,378,794,4
1,14374,189,424,378,849,2
1,14375,189,425,378,850,4
1,14376,189,426,378,852,4
1,14377,189,427,378,854,4
1,14378,189,428,378,856,4
1,14379,189,429,378,858,4
1,14380,189,430,378,860,4
1,14381,189,431,378,862,4
1,14382,189,432,378,864,4
1,14383,189,433,378,866,4
1,14384,189,434,378,868,4
1,14385,189,435,378,870,4
1,14386,189,436,378,872,4
1,14387,189,480,379,961,1
1,14388,189,481,379,962,2
1,14389,189,482,378,964,4
1,14390,189,483,378,966,4
1,14391,189,484,378,968,4
1,14392,189,485,378,970,4
1,14393,189,486,378,972,4
1,14394,189,487,378,974,4
1,14395,189,488,378,976,4
1,14396,189,489,378,978,4
1,14397,189,490,378,980,4
1,14398,189,491,378,982,4
1,14399,189,492,378,984,4
1,14400,189,493,378,986,4
1,14401,189,494,378,988,4
1,14402,189,495,378,990,4
1,14403,189,496,378,992,4
1,14404,189,497,378,994,4
1,14405,189,498,378,996,4
1,14406,189,499,378,998,4
1,14407,189,500,378,1000,4
1,14408,189,501,378,1002,4
1,14409,189,502,378,1004,4
1,14410,189,503,378,1006,4
1,14411,189,504,378,1008,4
1,14412,189,505,378,1010,4
1,14413,189,506,378,1012,4
1,14414,189,507,378,1014,4
1,14415,189,508,378,1016,4
1,14416,189,509,378,1018,4
1,14417,189,510,378,1020,4
1,14418,189,511,378,1022,4
1,14419,189,512,378,1024,4
1,14420,189,513,378,1026,4
1,14421,189,514,378,1028,4
1,14422,189,515,378,1030,4
1,14423,189,516,378,1032,4
1,14424,189,517,378,1034,4
1,14425,189,518,378,1036,4
1,14426,189,519,378,1038,2
1,14427,189,553,378,1106,1
1,14428,189,554,378,1108,3
1,14429,189,555,378,1110,4
1,14430,189,556,378,1112,4
1,14431,189,557,378,1114,4
1,14432,189,566,378,1132,4
1,14433,189,567,378,1134,4
1,14434,189,601,378,1203,1
1,14435,189,602,378,1204,4
1,14436,189,603,378,1206,4
1,14437,189,604,378,1208,4
1,14438,189,605,378,1210,4
1,14439,189,606,378,1212,4
1,14440,189,607,378,1214,4
1,14441,189,608,378,1216,4
1,14442,189,609,378,1218,2
1,14443,189,620,378,1240,3
1,14444,189,621,378,1242,4
1,14445,189,622,378,1244,4
1,14446,189,623,378,1246,4
1,14447,189,624,378,1248,4
1,14448,189,625,378,1250,3
1,14449,189,635,379,1270,1
1,14450,189,637,379,1274,2
1,14451,189,638,379,1276,1
1,14452,189,650,378,1300,4
1,14453,189,651,378,1302,4
1,14454,189,652,378,1304,4
1,14455,189,653,378,1306,4
1,14456,189,654,378,1308,3
1,14457,189,665,378,1330,4
1,14458,189,666,378,1332,4
1,14459,189,667,378,1334,4
1,14460,189,668,378,1336,4
1,14461,189,669,378,1338,4
1,14462,189,670,378,1340,4
1,14463,189,671,378,1342,4
1,14464,189,672,378,1344,4
1,14465,189,673,378,1346,1
1,14466,189,697,378,1395,1
1,14467,189,698,378,1396,2
1,14468,189,699,378,1398,4
1,14469,189,700,378,1400,4
1,14470,189,701,378,1402,4
1,14471,189,702,378,1404,4
1,14472,189,703,378,1406,4
1,14473,189,704,378,1408,1
1,14474,189,713,378,1427,1
1,14475,189,714,378,1428,2
1,14476,189,715,378,1430,4
1,14477,189,716,378,1432,4
1,14478,189,717,378,1434,4
1,14479,189,718,378,1436,4
1,14480,189,719,378,1438,4
1,14481,189,720,378,1440,1
1,14482,189,728,378,1457,1
1,14483,189,738,378,1477,2
1,14484,189,739,378,1478,4
1,14485,189,740,378,1480,4
1,14486,189,741,378,1482,4
1,14487,189,742,378,1484,4
1,14488,189,743,378,1486,4
1,14489,189,744,379,1488,1
1,14490,190,104,380,209,2
1,14491,190,105,380,210,4
1,14492,190,106,380,212,4
1,14493,190,107,380,214,4
1,14494,190,108,380,216,4
1,14495,190,109,380,218,4
1,14496,190,110,380,220,4
1,14497,190,111,380,222,4
1,14498,190,112,380,224,4
1,14499,190,113,380,226,4
1,14500,190,114,380,228,4
1,14501,190,115,380,230,4
1,14502,190,116,380,232,4
1,14503,190,117,380,234,4
1,14504,190,118,380,236,4
1,14505,190,119,380,238,4
1,14506,190,120,380,240,4
1,14507,190,121,380,242,2
1,14508,190,229,380,459,1
1,14509,190,230,380,460,4
1,14510,190,231,380,462,4
1,14511,190,232,380,464,4
1,14512,190,233,380,466,4
1,14513,190,234,380,468,4
1,14514,190,235,380,470,4
1,14515,190,236,380,472,4
1,14516,190,237,380,474,4
1,14517,190,238,380,476,4
1,14518,190,239,380,478,4
1,14519,190,240,380,480,4
1,14520,190,241,380,482,4
1,14521,190,242,380,484,4
1,14522,190,243,380,486,4
1,14523,190,244,380,488,4
1,14524,190,245,380,490,4
1,14525,190,246,380,492,4
1,14526,190,247,380,494,4
1,14527,190,248,380,496,4
1,14528,190,249,380,498,4
1,14529,190,250,380,500,4
1,14530,190,251,380,502,4
1,14531,190,252,380,504,4
1,14532,190,253,380,506,4
1,14533,190,254,380,508,4
1,14534,190,255,380,510,4
1,14535,190,256,380,512,4
1,14536,190,257,380,514,4
1,14537,190,258,380,516,4
1,14538,190,259,380,518,4
1,14539,190,260,380,520,4
1,14540,190,261,380,522,4
1,14541,190,262,380,524,4
1,14542,190,263,380,526,4
1,14543,190,264,380,528,4
1,14544,190,265,380,530,1
1,14545,190,266,380,532,4
1,14546,190,267,380,534,4
1,14547,190,268,380,536,4
1,14548,190,269,380,538,4
1,14549,190,270,380,540,4
1,14550,190,271,380,542,4
1,14551,190,272,380,544,4
1,14552,190,273,380,546,4
1,14553,190,274,380,548,4
1,14554,190,347,380,694,4
1,14555,190,348,380,696,4
1,14556,190,349,380,698,4
1,14557,190,350,380,700,4
1,14558,190,351,380,702,4
1,14559,190,352,380,704,4
1,14560,190,353,380,706,4
1,14561,190,354,380,708,4
1,14562,190,355,380,710,4
1,14563,190,356,380,712,4
1,14564,190,357,380,714,4
1,14565,190,358,380,716,4
1,14566,190,359,380,718,4
1,14567,190,360,380,720,4
1,14568,190,361,380,722,4
1,14569,190,362,380,724,4
1,14570,190,363,380,726,4
1,14571,190,364,380,728,4
1,14572,190,365,380,730,4
1,14573,190,366,380,732,4
1,14574,190,367,380,734,4
1,14575,190,368,380,736,4
1,14576,190,369,380,738,4
1,14577,190,370,380,740,4
1,14578,190,371,380,742,4
1,14579,190,372,380,744,4
1,14580,190,373,380,746,4
1,14581,190,374,380,748,4
1,14582,190,375,380,750,4
1,14583,190,376,380,752,4
1,14584,190,377,380,754,4
1,14585,190,378,380,756,4
1,14586,190,379,380,758,4
1,14587,190,380,380,760,4
1,14588,190,381,380,762,4
1,14589,190,382,380,764,4
1,14590,190,383,380,766,4
1,14591,190,384,380,768,4
1,14592,190,385,380,770,4
1,14593,190,386,380,772,4
1,14594,190,387,380,774,4
1,14595,190,388,380,776,4
1,14596,190,389,380,778,4
1,14597,190,390,380,780,4
1,14598,190,391,380,782,4
1,14599,190,392,380,784,4
1,14600,190,393,380,786,4
1,14601,190,394,380,788,4
1,14602,190,395,380,790,4
1,14603,190,396,380,792,4
1,14604,190,397,380,794,4
1,14605,190,398,380,796,3
1,14606,190,399,381,798,1
1,14607,190,424,380,849,3
1,14608,190,425,380,850,4
1,14609,190,426,380,852,4
1,14610,190,427,380,854,4
1,14611,190,428,380,856,4
1,14612,190,429,380,858,4
1,14613,190,430,380,860,4
1,14614,190,431,380,862,4
1,14615,190,432,380,864,4
1,14616,190,433,380,866,4
1,14617,190,434,380,868,4
1,14618,190,435,380,870,4
1,14619,190,436,380,872,4
1,14620,190,480,381,961,1
1,14621,190,481,380,962,4
1,14622,190,482,380,964,4
1,14623,190,483,380,966,4
1,14624,190,484,380,968,4
1,14625,190,485,380,970,4
1,14626,190,486,380,972,4
1,14627,190,487,380,974,4
1,14628,190,488,380,976,4
1,14629,190,489,380,978,4
1,14630,190,490,380,980,4
1,14631,190,491,380,982,4
1,14632,190,492,380,984,4
1,14633,190,493,380,986,4
1,14634,190,494,380,988,4
1,14635,190,495,380,990,4
1,14636,190,496,380,992,4
1,14637,190,497,380,994,4
1,14638,190,498,380,996,4
1,14639,190,499,380,998,4
1,14640,190,500,380,1000,4
1,14641,190,501,380,1002,4
1,14642,190,502,380,1004,4
1,14643,190,503,380,1006,4
1,14644,190,504,380,1008,4
1,14645,190,505,380,1010,4
1,14646,190,506,380,1012,4
1,14647,190,507,380,1014,4
1,14648,190,508,380,1016,4
1,14649,190,509,380,1018,4
1,14650,190,510,380,1020,4
1,14651,190,511,380,1022,4
1,14652,190,512,380,1024,4
1,14653,190,513,380,1026,4
1,14654,190,514,380,1028,4
1,14655,190,515,380,1030,4
1,14656,190,516,380,1032,4
1,14657,190,517,380,1034,4
1,14658,190,518,380,1036,4
1,14659,190,519,380,1038,1
1,14660,190,554,380,1109,2
1,14661,190,555,380,1110,4
1,14662,190,556,380,1112,4
1,14663,190,557,380,1114,2
1,14664,190,565,381,1131,1
1,14665,190,566,380,1132,4
1,14666,190,567,380,1134,4
1,14667,190,568,380,1136,2
1,14668,190,602,380,1204,4
1,14669,190,603,380,1206,4
1,14670,190,604,380,1208,4
1,14671,190,605,380,1210,4
1,14672,190,606,380,1212,4
1,14673,190,607,380,1214,4
1,14674,190,608,380,1216,4
1,14675,190,609,380,1218,2
1,14676,190,621,380,1242,4
1,14677,190,622,380,1244,4
1,14678,190,623,380,1246,4
1,14679,190,624,380,1248,4
1,14680,190,625,380,1250,4
1,14681,190,626,380,1252,3
1,14682,190,633,380,1267,3
1,14683,190,634,380,1268,4
1,14684,190,635,380,1270,4
1,14685,190,636,380,1272,4
1,14686,190,637,380,1274,4
1,14687,190,638,380,1276,4
1,14688,190,639,380,1278,3
1,14689,190,650,380,1300,4
1,14690,190,651,380,1302,4
1,14691,190,652,380,1304,4
1,14692,190,653,380,1306,4
1,14693,190,654,380,1308,2
1,14694,190,664,380,1329,2
1,14695,190,665,380,1330,4
1,14696,190,666,380,1332,4
1,14697,190,667,380,1334,4
1,14698,190,668,380,1336,4
1,14699,190,669,380,1338,4
1,14700,190,670,380,1340,4
1,14701,190,671,380,1342,4
1,14702,190,672,380,1344,1
1,14703,190,700,380,1401,1
1,14704,190,701,380,1402,2
1,14705,190,702,380,1404,2
1,14706,190,703,380,1406,1
1,14707,190,716,380,1433,1
1,14708,190,717,380,1434,2
1,14709,190,718,380,1436,2
1,14710,190,719,380,1438,1
1,14711,190,738,380,1477,2
1,14712,190,739,380,1478,4
1,14713,190,740,380,1480,4
1,14714,190,741,380,1482,4
1,14715,190,742,380,1484,4
1,14716,190,743,380,1486,4
1,14717,190,744,380,1488,2
1,14718,191,104,382,209,1
1,14719,191,105,382,210,4
1,14720,191,106,382,212,4
1,14721,191,107,382,214,4
1,14722,191,108,382,216,4
1,14723,191,109,382,218,4
1,14724,191,110,382,220,4
1,14725,191,111,382,222,4
1,14726,191,112,382,224,4
1,14727,191,113,382,226,4
1,14728,191,114,382,228,4
1,14729,191,115,382,230,4
1,14730,191,116,382,232,4
1,14731,191,117,382,234,4
1,14732,191,118,382,236,4
1,14733,191,119,382,238,4
1,14734,191,120,382,240,4
1,14735,191,121,382,242,2
1,14736,191,230,382,460,3
1,14737,191,231,382,462,4
1,14738,191,232,382,464,4
1,14739,191,233,382,466,4
1,14740,191,234,382,468,4
1,14741,191,235,382,470,4
1,14742,191,236,382,472,4
1,14743,191,237,382,474,4
1,14744,191,238,382,476,4
1,14745,191,239,382,478,4
1,14746,191,240,382,480,4
1,14747,191,241,382,482,4
1,14748,191,242,382,484,4
1,14749,191,243,382,486,4
1,14750,191,244,382,488,4
1,14751,191,245,382,490,4
1,14752,191,246,382,492,4
1,14753,191,247,382,494,4
1,14754,191,248,382,496,4
1,14755,191,249,382,498,4
1,14756,191,250,382,500,4
1,14757,191,251,382,502,4
1,14758,191,252,382,504,4
1,14759,191,253,382,506,4
1,14760,191,254,382,508,4
1,14761,191,255,382,510,4
1,14762,191,256,382,512,4
1,14763,191,257,382,514,4
1,14764,191,258,382,516,4
1,14765,191,259,382,518,4
1,14766,191,260,382,520,4
1,14767,191,261,382,522,4
1,14768,191,262,382,524,4
1,14769,191,263,382,526,3
1,14770,191,264,382,528,1
1,14771,191,265,382,531,3
1,14772,191,266,382,532,4
1,14773,191,267,382,534,4
1,14774,191,268,382,536,4
1,14775,191,269,382,538,4
1,14776,191,270,382,540,4
1,14777,191,271,382,542,4
1,14778,191,272,382,544,4
1,14779,191,273,382,546,4
1,14780,191,274,382,548,4
1,14781,191,347,382,694,4
1,14782,191,348,382,696,4
1,14783,191,349,382,698,4
1,14784,191,350,382,700,4
1,14785,191,351,382,702,4
1,14786,191,352,382,704,4
1,14787,191,353,382,706,4
1,14788,191,354,382,708,4
1,14789,191,355,382,710,4
1,14790,191,356,382,712,4
1,14791,191,357,382,714,4
1,14792,191,358,382,716,4
1,14793,191,359,382,718,4
1,14794,191,360,382,720,4
1,14795,191,361,382,722,4
1,14796,191,362,382,724,4
1,14797,191,363,382,726,4
1,14798,191,364,382,728,4
1,14799,191,365,382,730,4
1,14800,191,366,382,732,4
1,14801,191,367,382,734,4
1,14802,191,368,382,736,4
1,14803,191,369,382,738,4
1,14804,191,370,382,740,4
1,14805,191,371,382,742,4
1,14806,191,372,382,744,4
1,14807,191,373,382,746,4
1,14808,191,374,382,748,4
1,14809,191,375,382,750,4
1,14810,191,376,382,752,4
1,14811,191,377,382,754,4
1,14812,191,378,382,756,4
1,14813,191,379,382,758,4
1,14814,191,380,382,760,4
1,14815,191,381,382,762,4
1,14816,191,382,382,764,4
1,14817,191,383,382,766,4
1,14818,191,384,382,768,4
1,14819,191,385,382,770,4
1,14820,191,386,382,772,4
1,14821,191,387,382,774,4
1,14822,191,388,382,776,4
1,14823,191,389,382,778,4
1,14824,191,390,382,780,4
1,14825,191,391,382,782,4
1,14826,191,392,382,784,4
1,14827,191,393,382,786,4
1,14828,191,394,382,788,4
1,14829,191,395,382,790,4
1,14830,191,396,382,792,4
1,14831,191,397,382,794,4
1,14832,191,398,382,796,4
1,14833,191,399,382,798,4
1,14834,191,400,383,800,1
1,14835,191,423,382,847,3
1,14836,191,424,382,848,4
1,14837,191,425,382,850,4
1,14838,191,426,382,852,4
1,14839,191,427,382,854,4
1,14840,191,428,382,856,4
1,14841,191,429,382,858,4
1,14842,191,430,382,860,4
1,14843,191,431,382,862,4
1,14844,191,432,382,864,4
1,14845,191,433,382,866,4
1,14846,191,434,382,868,4
1,14847,191,435,382,870,4
1,14848,191,436,382,872,4
1,14849,191,480,382,961,2
1,14850,191,481,382,962,4
1,14851,191,482,382,964,4
1,14852,191,483,382,966,4
1,14853,191,484,382,968,4
1,14854,191,485,382,970,4
1,14855,191,486,382,972,4
1,14856,191,487,382,974,4
1,14857,191,488,382,976,4
1,14858,191,489,382,978,4
1,14859,191,490,382,980,4
1,14860,191,491,382,982,4
1,14861,191,492,382,984,4
1,14862,191,493,382,986,4
1,14863,191,494,382,988,4
1,14864,191,495,382,990,4
1,14865,191,496,382,992,4
1,14866,191,497,382,994,4
1,14867,191,498,382,996,4
1,14868,191,499,382,998,4
1,14869,191,500,382,1000,4
1,14870,191,501,382,1002,4
1,14871,191,502,382,1004,4
1,14872,191,503,382,1006,4
1,14873,191,504,382,1008,4
1,14874,191,505,382,1010,4
1,14875,191,506,382,1012,4
1,14876,191,507,382,1014,4
1,14877,191,508,382,1016,4
1,14878,191,509,382,1018,4
1,14879,191,510,382,1020,4
1,14880,191,511,382,1022,4
1,14881,191,512,382,1024,4
1,14882,191,513,382,1026,4
1,14883,191,514,382,1028,4
1,14884,191,515,382,1030,4
1,14885,191,516,382,1032,4
1,14886,191,517,382,1034,2
1,14887,191,554,382,1109,2
1,14888,191,555,382,1110,4
1,14889,191,556,382,1112,4
1,14890,191,557,382,1114,2
1,14891,191,564,383,1129,1
1,14892,191,565,382,1130,4
1,14893,191,566,382,1132,4
1,14894,191,567,382,1134,4
1,14895,191,568,382,1136,2
1,14896,191,602,382,1205,2
1,14897,191,603,382,1206,4
1,14898,191,604,382,1208,4
1,14899,191,605,382,1210,4
1,14900,191,606,382,1212,4
1,14901,191,607,382,1214,4
1,14902,191,608,382,1216,4
1,14903,191,609,382,1218,3
1,14904,191,621,382,1243,2
1,14905,191,622,382,1244,4
1,14906,191,623,382,1246,4
1,14907,191,624,382,1248,4
1,14908,191,625,382,1250,4
1,14909,191,626,382,1252,4
1,14910,191,627,382,1254,3
1,14911,191,632,382,1265,3
1,14912,191,633,382,1266,4
1,14913,191,634,382,1268,4
1,14914,191,635,382,1270,4
1,14915,191,636,382,1272,4
1,14916,191,637,382,1274,4
1,14917,191,638,382,1276,4
1,14918,191,639,382,1278,4
1,14919,191,640,382,1280,2
1,14920,191,650,382,1300,4
1,14921,191,651,382,1302,4
1,14922,191,652,382,1304,4
1,14923,191,653,382,1306,4
1,14924,191,664,382,1329,2
1,14925,191,665,382,1330,4
1,14926,191,666,382,1332,4
1,14927,191,667,382,1334,4
1,14928,191,668,382,1336,4
1,14929,191,669,382,1338,4
1,14930,191,670,382,1340,4
1,14931,191,671,382,1342,4
1,14932,191,738,382,1477,2
1,14933,191,739,382,1478,4
1,14934,191,740,382,1480,4
1,14935,191,741,382,1482,4
1,14936,191,742,382,1484,4
1,14937,191,743,382,1486,4
1,14938,192,105,384,210,4
1,14939,192,106,384,212,4
1,14940,192,107,384,214,4
1,14941,192,108,384,216,4
1,14942,192,109,384,218,4
1,14943,192,110,384,220,4
1,14944,192,111,384,222,4
1,14945,192,112,384,224,4
1,14946,192,113,384,226,4
1,14947,192,114,384,228,4
1,14948,192,115,384,230,4
1,14949,192,116,384,232,4
1,14950,192,117,384,234,4
1,14951,192,118,384,236,4
1,14952,192,119,384,238,4
1,14953,192,120,384,240,4
1,14954,192,121,384,242,2
1,14955,192,231,384,462,4
1,14956,192,232,384,464,4
1,14957,192,233,384,466,4
1,14958,192,234,384,468,4
1,14959,192,235,384,470,4
1,14960,192,236,384,472,4
1,14961,192,237,384,474,4
1,14962,192,238,384,476,4
1,14963,192,239,384,478,4
1,14964,192,240,384,480,4
1,14965,192,241,384,482,4
1,14966,192,242,384,484,4
1,14967,192,243,384,486,4
1,14968,192,244,384,488,4
1,14969,192,245,384,490,4
1,14970,192,246,384,492,4
1,14971,192,247,384,494,4
1,14972,192,248,384,496,4
1,14973,192,249,384,498,4
1,14974,192,250,384,500,4
1,14975,192,251,384,502,4
1,14976,192,252,384,504,4
1,14977,192,253,384,506,4
1,14978,192,254,384,508,4
1,14979,192,255,384,510,4
1,14980,192,256,384,512,4
1,14981,192,257,384,514,4
1,14982,192,258,384,516,4
1,14983,192,259,384,518,4
1,14984,192,260,384,520,4
1,14985,192,261,384,522,4
1,14986,192,262,384,524,3
1,14987,192,264,384,529,2
1,14988,192,265,384,530,4
1,14989,192,266,384,532,4
1,14990,192,267,384,534,4
1,14991,192,268,384,536,4
1,14992,192,269,384,538,4
1,14993,192,270,384,540,4
1,14994,192,271,384,542,4
1,14995,192,272,384,544,4
1,14996,192,273,384,546,4
1,14997,192,274,384,548,4
1,14998,192,346,384,693,2
1,14999,192,347,384,694,4
1,15000,192,348,384,696,4
1,15001,192,349,384,698,4
1,15002,192,350,384,700,4
1,15003,192,351,384,702,4
1,15004,192,352,384,704,4
1,15005,192,353,384,706,4
1,15006,192,354,384,708,4
1,15007,192,355,384,710,4
1,15008,192,356,384,712,4
1,15009,192,357,384,714,4
1,15010,192,358,384,716,4
1,15011,192,359,384,718,4
1,15012,192,360,384,720,4
1,15013,192,361,384,722,4
1,15014,192,362,384,724,4
1,15015,192,363,384,726,4
1,15016,192,364,384,728,4
1,15017,192,365,384,730,4
1,15018,192,366,384,732,4
1,15019,192,367,384,734,4
1,15020,192,368,384,736,4
1,15021,192,369,384,738,4
1,15022,192,370,384,740,4
1,15023,192,371,384,742,4
1,15024,192,372,384,744,4
1,15025,192,373,384,746,4
1,15026,192,374,384,748,4
1,15027,192,375,384,750,4
1,15028,192,376,384,752,4
1,15029,192,377,384,754,4
1,15030,192,378,384,756,4
1,15031,192,379,384,758,4
1,15032,192,380,384,760,4
1,15033,192,381,384,762,4
1,15034,192,382,384,764,4
1,15035,192,383,384,766,4
1,15036,192,384,384,768,4
1,15037,192,385,384,770,4
1,15038,192,386,384,772,4
1,15039,192,387,384,774,4
1,15040,192,388,384,776,4
1,15041,192,389,384,778,3
1,15042,192,390,384,780,2
1,15043,192,391,384,782,2
1,15044,192,392,384,784,3
1,15045,192,393,384,786,4
1,15046,192,394,384,788,4
1,15047,192,395,384,790,4
1,15048,192,396,384,792,4
1,15049,192,397,384,794,4
1,15050,192,398,384,796,4
1,15051,192,399,384,798,4
1,15052,192,400,384,800,4
1,15053,192,401,384,802,3
1,15054,192,402,385,804,1
1,15055,192,422,385,845,1
1,15056,192,423,384,846,4
1,15057,192,424,384,848,4
1,15058,192,425,384,850,4
1,15059,192,426,384,852,4
1,15060,192,427,384,854,4
1,15061,192,428,384,856,4
1,15062,192,429,384,858,4
1,15063,192,430,384,860,4
1,15064,192,431,384,862,4
1,15065,192,432,384,864,4
1,15066,192,433,384,866,4
1,15067,192,434,384,868,4
1,15068,192,435,384,870,4
1,15069,192,436,384,872,4
1,15070,192,437,385,874,1
1,15071,192,479,384,959,2
1,15072,192,480,384,960,4
1,15073,192,481,384,962,4
1,15074,192,482,384,964,4
1,15075,192,483,384,966,4
1,15076,192,484,384,968,4
1,15077,192,485,384,970,4
1,15078,192,486,384,972,4
1,15079,192,487,384,974,4
1,15080,192,488,384,976,4
1,15081,192,489,384,978,4
1,15082,192,490,384,980,4
1,15083,192,491,384,982,4
1,15084,192,492,384,984,4
1,15085,192,493,384,986,4
1,15086,192,494,384,988,4
1,15087,192,495,384,990,4
1,15088,192,496,384,992,4
1,15089,192,497,384,994,4
1,15090,192,498,384,996,4
1,15091,192,499,384,998,4
1,15092,192,500,384,1000,4
1,15093,192,501,384,1002,4
1,15094,192,502,384,1004,4
1,15095,192,503,384,1006,4
1,15096,192,504,384,1008,4
1,15097,192,505,384,1010,4
1,15098,192,506,384,1012,4
1,15099,192,507,384,1014,4
1,15100,192,508,384,1016,4
1,15101,192,509,384,1018,4
1,15102,192,510,384,1020,4
1,15103,192,511,384,1022,4
1,15104,192,512,384,1024,4
1,15105,192,513,384,1026,4
1,15106,192,514,384,1028,3
1,15107,192,515,384,1030,1
1,15108,192,554,384,1109,1
1,15109,192,555,384,1110,4
1,15110,192,556,384,1112,4
1,15111,192,557,384,1114,3
1,15112,192,564,384,1129,3
1,15113,192,565,384,1130,4
1,15114,192,566,384,1132,4
1,15115,192,567,384,1134,4
1,15116,192,568,384,1136,4
1,15117,192,602,384,1205,2
1,15118,192,603,384,1206,4
1,15119,192,604,384,1208,4
1,15120,192,605,384,1210,4
1,15121,192,606,384,1212,4
1,15122,192,607,384,1214,4
1,15123,192,608,384,1216,4
1,15124,192,609,384,1218,4
1,15125,192,622,384,1244,4
1,15126,192,623,384,1246,4
1,15127,192,624,384,1248,4
1,15128,192,625,384,1250,4
1,15129,192,626,384,1252,4
1,15130,192,627,384,1254,4
1,15131,192,631,384,1263,3
1,15132,192,632,384,1264,4
1,15133,192,633,384,1266,4
1,15134,192,634,384,1268,4
1,15135,192,635,384,1270,4
1,15136,192,636,384,1272,4
1,15137,192,637,384,1274,4
1,15138,192,638,384,1276,4
1,15139,192,639,384,1278,4
1,15140,192,640,384,1280,4
1,15141,192,641,385,1282,1
1,15142,192,648,385,1296,2
1,15143,192,649,384,1299,3
1,15144,192,650,384,1300,4
1,15145,192,651,384,1302,4
1,15146,192,652,384,1304,4
1,15147,192,653,384,1306,2
1,15148,192,664,384,1329,3
1,15149,192,665,384,1330,4
1,15150,192,666,384,1332,4
1,15151,192,667,384,1334,4
1,15152,192,668,384,1336,4
1,15153,192,669,384,1338,4
1,15154,192,670,384,1340,4
1,15155,192,671,384,1342,2
1,15156,192,738,384,1477,3
1,15157,192,739,384,1478,4
1,15158,192,740,384,1480,4
1,15159,192,741,384,1482,4
1,15160,192,742,384,1484,4
1,15161,192,743,384,1486,4
1,15162,193,105,386,210,4
1,15163,193,106,386,212,4
1,15164,193,107,386,214,4
1,15165,193,108,386,216,4
1,15166,193,109,386,218,4
1,15167,193,110,386,220,4
1,15168,193,111,386,222,4
1,15169,193,112,386,224,4
1,15170,193,113,386,226,4
1,15171,193,114,386,228,4
1,15172,193,115,386,230,4
1,15173,193,116,386,232,4
1,15174,193,117,386,234,4
1,15175,193,118,386,236,4
1,15176,193,119,386,238,4
1,15177,193,120,386,240,4
1,15178,193,121,386,242,2
1,15179,193,231,386,463,2
1,15180,193,232,386,464,4
1,15181,193,233,386,466,4
1,15182,193,234,386,468,4
1,15183,193,235,386,470,4
1,15184,193,236,386,472,4
1,15185,193,237,386,474,4
1,15186,193,238,386,476,4
1,15187,193,239,386,478,4
1,15188,193,240,386,480,4
1,15189,193,241,386,482,4
1,15190,193,242,386,484,4
1,15191,193,243,386,486,4
1,15192,193,244,386,488,4
1,15193,193,245,386,490,4
1,15194,193,246,386,492,4
1,15195,193,247,386,494,4
1,15196,193,248,386,496,4
1,15197,193,249,386,498,4
1,15198,193,250,386,500,4
1,15199,193,251,386,502,4
1,15200,193,252,386,504,4
1,15201,193,253,386,506,4
1,15202,193,254,386,508,4
1,15203,193,255,386,510,4
1,15204,193,256,386,512,4
1,15205,193,257,386,514,4
1,15206,193,258,386,516,4
1,15207,193,259,386,518,4
1,15208,193,260,386,520,4
1,15209,193,261,386,522,3
1,15210,193,263,387,527,1
1,15211,193,264,386,528,4
1,15212,193,265,386,530,4
1,15213,193,266,386,532,4
1,15214,193,267,386,534,4
1,15215,193,268,386,536,4
1,15216,193,269,386,538,4
1,15217,193,270,386,540,4
1,15218,193,271,386,542,4
1,15219,193,272,386,544,4
1,15220,193,273,386,546,4
1,15221,193,274,386,548,4
1,15222,193,346,386,693,2
1,15223,193,347,386,694,4
1,15224,193,348,386,696,4
1,15225,193,349,386,698,4
1,15226,193,350,386,700,4
1,15227,193,351,386,702,4
1,15228,193,352,386,704,4
1,15229,193,353,386,706,4
1,15230,193,354,386,708,4
1,15231,193,355,386,710,4
1,15232,193,356,386,712,4
1,15233,193,357,386,714,4
1,15234,193,358,386,716,4
1,15235,193,359,386,718,4
1,15236,193,360,386,720,4
1,15237,193,361,386,722,4
1,15238,193,362,386,724,4
1,15239,193,363,386,726,4
1,15240,193,364,386,728,4
1,15241,193,365,386,730,4
1,15242,193,366,386,732,4
1,15243,193,367,386,734,4
1,15244,193,368,386,736,4
1,15245,193,369,386,738,4
1,15246,193,370,386,740,4
1,15247,193,371,386,742,4
1,15248,193,372,386,744,4
1,15249,193,373,386,746,4
1,15250,193,374,386,748,4
1,15251,193,375,386,750,4
1,15252,193,376,386,752,4
1,15253,193,377,386,754,4
1,15254,193,378,386,756,4
1,15255,193,379,386,758,2
1,15256,193,382,386,765,1
1,15257,193,383,386,766,2
1,15258,193,384,386,768,2
1,15259,193,385,386,770,2
1,15260,193,386,386,772,2
1,15261,193,387,386,774,2
1,15262,193,388,386,776,2
1,15263,193,389,386,778,1
1,15264,193,392,386,785,1
1,15265,193,393,386,786,2
1,15266,193,394,386,788,2
1,15267,193,395,386,790,2
1,15268,193,396,386,792,2
1,15269,193,397,386,794,2
1,15270,193,398,386,796,2
1,15271,193,399,386,798,2
1,15272,193,400,386,800,2
1,15273,193,401,386,802,2
1,15274,193,402,386,804,2
1,15275,193,422,386,844,2
1,15276,193,423,386,846,2
1,15277,193,424,386,848,2
1,15278,193,425,386,850,3
1,15279,193,426,386,852,4
1,15280,193,427,386,854,4
1,15281,193,428,386,856,4
1,15282,193,429,386,858,4
1,15283,193,430,386,860,4
1,15284,193,431,386,862,4
1,15285,193,432,386,864,4
1,15286,193,433,386,866,2
1,15287,193,434,386,868,2
1,15288,193,435,386,870,2
1,15289,193,436,386,872,2
1,15290,193,437,386,874,1
1,15291,193,479,386,958,4
1,15292,193,480,386,960,4
1,15293,193,481,386,962,4
1,15294,193,482,386,964,4
1,15295,193,483,386,966,4
1,15296,193,484,386,968,4
1,15297,193,485,386,970,4
1,15298,193,486,386,972,4
1,15299,193,487,386,974,4
1,15300,193,488,386,976,4
1,15301,193,489,386,978,4
1,15302,193,490,386,980,4
1,15303,193,491,386,982,4
1,15304,193,492,386,984,4
1,15305,193,493,386,986,4
1,15306,193,494,386,988,4
1,15307,193,495,386,990,4
1,15308,193,496,386,992,4
1,15309,193,497,386,994,4
1,15310,193,498,386,996,4
1,15311,193,499,386,998,4
1,15312,193,500,386,1000,4
1,15313,193,501,386,1002,4
1,15314,193,502,386,1004,4
1,15315,193,503,386,1006,4
1,15316,193,504,386,1008,4
1,15317,193,505,386,1010,4
1,15318,193,506,386,1012,4
1,15319,193,507,386,1014,4
1,15320,193,508,386,1016,4
1,15321,193,509,386,1018,4
1,15322,193,510,386,1020,4
1,15323,193,511,386,1022,4
1,15324,193,512,386,1024,2
1,15325,193,554,387,1109,1
1,15326,193,555,386,1110,4
1,15327,193,556,386,1112,4
1,15328,193,557,386,1114,4
1,15329,193,558,387,1116,2
1,15330,193,563,387,1127,1
1,15331,193,564,386,1128,4
1,15332,193,565,386,1130,4
1,15333,193,566,386,1132,4
1,15334,193,567,386,1134,4
1,15335,193,568,386,1136,4
1,15336,193,602,386,1205,2
1,15337,193,603,386,1206,4
1,15338,193,604,386,1208,4
1,15339,193,605,386,1210,4
1,15340,193,606,386,1212,4
1,15341,193,607,386,1214,4
1,15342,193,608,386,1216,4
1,15343,193,609,386,1218,2
1,15344,193,622,386,1245,2
1,15345,193,623,386,1246,4
1,15346,193,624,386,1248,4
1,15347,193,625,386,1250,4
1,15348,193,626,386,1252,4
1,15349,193,627,386,1254,4
1,15350,193,628,386,1256,3
1,15351,193,630,386,1261,3
1,15352,193,631,386,1262,4
1,15353,193,632,386,1264,4
1,15354,193,633,386,1266,4
1,15355,193,634,386,1268,4
1,15356,193,635,386,1270,4
1,15357,193,636,386,1272,4
1,15358,193,637,386,1274,4
1,15359,193,638,386,1276,4
1,15360,193,639,386,1278,4
1,15361,193,640,386,1280,4
1,15362,193,641,386,1282,3
1,15363,193,647,386,1294,4
1,15364,193,648,386,1296,4
1,15365,193,649,386,1298,4
1,15366,193,650,386,1300,4
1,15367,193,651,386,1302,4
1,15368,193,652,386,1304,4
1,15369,193,664,386,1328,4
1,15370,193,665,386,1330,4
1,15371,193,666,386,1332,4
1,15372,193,667,386,1334,4
1,15373,193,668,386,1336,4
1,15374,193,669,386,1338,4
1,15375,193,670,386,1340,4
1,15376,193,671,386,1342,2
1,15377,193,737,387,1475,1
1,15378,193,738,386,1476,4
1,15379,193,739,386,1478,4
1,15380,193,740,386,1480,4
1,15381,193,741,386,1482,4
1,15382,193,742,386,1484,4
1,15383,193,743,386,1486,4
1,15384,194,105,388,210,4
1,15385,194,106,388,212,4
1,15386,194,107,388,214,4
1,15387,194,108,388,216,4
1,15388,194,109,388,218,4
1,15389,194,110,388,220,4
1,15390,194,111,388,222,4
1,15391,194,112,388,224,4
1,15392,194,113,388,226,4
1,15393,194,114,388,228,4
1,15394,194,115,388,230,4
1,15395,194,116,388,232,4
1,15396,194,117,388,234,4
1,15397,194,118,388,236,4
1,15398,194,119,388,238,4
1,15399,194,120,388,240,4
1,15400,194,121,388,242,2
1,15401,194,232,388,464,3
1,15402,194,233,388,466,4
1,15403,194,234,388,468,4
1,15404,194,235,388,470,4
1,15405,194,236,388,472,4
1,15406,194,237,388,474,4
1,15407,194,238,388,476,4
1,15408,194,239,388,478,4
1,15409,194,240,388,480,4
1,15410,194,241,388,482,4
1,15411,194,242,388,484,4
1,15412,194,243,388,486,4
1,15413,194,244,388,488,4
1,15414,194,245,388,490,4
1,15415,194,246,388,492,4
1,15416,194,247,388,494,4
1,15417,194,248,388,496,4
1,15418,194,249,388,498,4
1,15419,194,250,388,500,4
1,15420,194,251,388,502,4
1,15421,194,252,388,504,4
1,15422,194,253,388,506,4
1,15423,194,254,388,508,4
1,15424,194,255,388,510,4
1,15425,194,256,388,512,4
1,15426,194,257,388,514,4
1,15427,194,258,388,516,4
1,15428,194,259,388,518,4
1,15429,194,260,388,520,3
1,15430,194,262,389,525,1
1,15431,194,263,388,526,4
1,15432,194,264,388,528,4
1,15433,194,265,388,530,4
1,15434,194,266,388,532,4
1,15435,194,267,388,534,4
1,15436,194,268,388,536,4
1,15437,194,269,388,538,4
1,15438,194,270,388,540,4
1,15439,194,271,388,542,4
1,15440,194,272,388,544,4
1,15441,194,273,388,546,4
1,15442,194,274,388,548,4
1,15443,194,346,388,693,2
1,15444,194,347,388,694,4
1,15445,194,348,388,696,4
1,15446,194,349,388,698,2
1,15447,194,350,388,700,2
1,15448,194,351,388,702,4
1,15449,194,352,388,704,4
1,15450,194,353,388,706,4
1,15451,194,354,388,708,4
1,15452,194,355,388,710,4
1,15453,194,356,388,712,4
1,15454,194,357,388,714,4
1,15455,194,358,388,716,4
1,15456,194,359,388,718,4
1,15457,194,360,388,720,4
1,15458,194,361,388,722,4
1,15459,194,362,388,724,4
1,15460,194,363,388,726,4
1,15461,194,364,388,728,4
1,15462,194,365,388,730,4
1,15463,194,366,388,732,4
1,15464,194,367,388,734,4
1,15465,194,368,388,736,4
1,15466,194,369,388,738,4
1,15467,194,370,388,740,4
1,15468,194,371,388,742,4
1,15469,194,372,388,744,4
1,15470,194,373,388,746,4
1,15471,194,374,388,748,4
1,15472,194,375,388,750,4
1,15473,194,376,388,752,4
1,15474,194,377,388,754,4
1,15475,194,378,388,756,4
1,15476,194,379,388,758,2
1,15477,194,425,388,851,2
1,15478,194,426,388,852,4
1,15479,194,427,388,854,4
1,15480,194,428,388,856,4
1,15481,194,429,388,858,4
1,15482,194,430,388,860,4
1,15483,194,431,388,862,4
1,15484,194,432,388,864,2
1,15485,194,478,389,957,1
1,15486,194,479,388,958,4
1,15487,194,480,388,960,3
1,15488,194,482,388,965,1
1,15489,194,483,388,966,4
1,15490,194,484,388,968,4
1,15491,194,485,388,970,4
1,15492,194,486,388,972,4
1,15493,194,487,388,974,4
1,15494,194,488,388,976,4
1,15495,194,489,388,978,4
1,15496,194,490,388,980,4
1,15497,194,491,388,982,4
1,15498,194,492,388,984,4
1,15499,194,493,388,986,4
1,15500,194,494,388,988,4
1,15501,194,495,388,990,4
1,15502,194,496,388,992,4
1,15503,194,497,388,994,4
1,15504,194,498,388,996,4
1,15505,194,499,388,998,4
1,15506,194,500,388,1000,4
1,15507,194,501,388,1002,4
1,15508,194,502,388,1004,4
1,15509,194,503,388,1006,4
1,15510,194,504,388,1008,4
1,15511,194,505,388,1010,4
1,15512,194,506,388,1012,4
1,15513,194,507,388,1014,4
1,15514,194,508,388,1016,4
1,15515,194,509,388,1018,3
1,15516,194,510,388,1020,1
1,15517,194,554,388,1109,2
1,15518,194,555,388,1110,4
1,15519,194,556,388,1112,4
1,15520,194,557,388,1114,4
1,15521,194,558,388,1116,4
1,15522,194,559,388,1118,4
1,15523,194,560,388,1120,4
1,15524,194,561,388,1123,3
1,15525,194,562,388,1124,4
1,15526,194,563,388,1126,4
1,15527,194,564,388,1128,4
1,15528,194,565,388,1130,4
1,15529,194,566,388,1132,4
1,15530,194,567,388,1134,4
1,15531,194,568,388,1136,4
1,15532,194,569,389,1138,1
1,15533,194,602,388,1205,2
1,15534,194,603,388,1206,4
1,15535,194,604,388,1208,4
1,15536,194,605,388,1210,4
1,15537,194,606,388,1212,4
1,15538,194,607,388,1214,4
1,15539,194,608,388,1216,4
1,15540,194,609,388,1218,2
1,15541,194,623,388,1246,4
1,15542,194,624,388,1248,4
1,15543,194,625,388,1250,4
1,15544,194,626,388,1252,4
1,15545,194,627,388,1254,4
1,15546,194,628,388,1256,4
1,15547,194,629,388,1258,4
1,15548,194,630,388,1260,4
1,15549,194,631,388,1262,4
1,15550,194,632,388,1264,4
1,15551,194,633,388,1266,4
1,15552,194,634,388,1268,4
1,15553,194,635,388,1270,4
1,15554,194,636,388,1272,4
1,15555,194,637,388,1274,4
1,15556,194,638,388,1276,4
1,15557,194,639,388,1278,4
1,15558,194,640,388,1280,4
1,15559,194,641,388,1282,4
1,15560,194,642,388,1284,3
1,15561,194,647,388,1295,2
1,15562,194,648,388,1296,4
1,15563,194,649,388,1298,4
1,15564,194,650,388,1300,4
1,15565,194,651,388,1302,4
1,15566,194,652,388,1304,1
1,15567,194,664,388,1328,4
1,15568,194,665,388,1330,4
1,15569,194,666,388,1332,4
1,15570,194,667,388,1334,4
1,15571,194,668,388,1336,4
1,15572,194,669,388,1338,4
1,15573,194,670,388,1340,4
1,15574,194,671,388,1342,2
1,15575,194,737,388,1475,3
1,15576,194,738,388,1476,4
1,15577,194,739,388,1478,4
1,15578,194,740,388,1480,4
1,15579,194,741,388,1482,4
1,15580,194,742,388,1484,4
1,15581,194,743,388,1486,3
1,15582,195,105,390,210,4
1,15583,195,106,390,212,4
1,15584,195,107,390,214,4
1,15585,195,108,390,216,4
1,15586,195,109,390,218,4
1,15587,195,110,390,220,4
1,15588,195,111,390,222,4
1,15589,195,112,390,224,4
1,15590,195,113,390,226,4
1,15591,195,114,390,228,4
1,15592,195,115,390,230,4
1,15593,195,116,390,232,4
1,15594,195,117,390,234,4
1,15595,195,118,390,236,4
1,15596,195,119,390,238,4
1,15597,195,120,390,240,4
1,15598,195,121,390,242,2
1,15599,195,232,390,465,1
1,15600,195,233,390,466,4
1,15601,195,234,390,468,4
1,15602,195,235,390,470,4
1,15603,195,236,390,472,4
1,15604,195,237,390,474,4
1,15605,195,238,390,476,4
1,15606,195,239,390,478,4
1,15607,195,240,390,480,4
1,15608,195,241,390,482,4
1,15609,195,242,390,484,4
1,15610,195,243,390,486,4
1,15611,195,244,390,488,4
1,15612,195,245,390,490,4
1,15613,195,246,390,492,4
1,15614,195,247,390,494,4
1,15615,195,248,390,496,4
1,15616,195,249,390,498,4
1,15617,195,250,390,500,4
1,15618,195,251,390,502,4
1,15619,195,252,390,504,4
1,15620,195,253,390,506,4
1,15621,195,254,390,508,4
1,15622,195,255,390,510,4
1,15623,195,256,390,512,4
1,15624,195,257,390,514,4
1,15625,195,258,390,516,4
1,15626,195,259,390,518,3
1,15627,195,260,391,521,1
1,15628,195,261,390,522,2
1,15629,195,262,390,525,3
1,15630,195,263,390,526,4
1,15631,195,264,390,528,4
1,15632,195,265,390,530,4
1,15633,195,266,390,532,4
1,15634,195,267,390,534,4
1,15635,195,268,390,536,4
1,15636,195,269,390,538,4
1,15637,195,270,390,540,4
1,15638,195,271,390,542,4
1,15639,195,272,390,544,4
1,15640,195,273,390,546,4
1,15641,195,274,390,548,2
1,15642,195,346,390,692,4
1,15643,195,347,390,694,4
1,15644,195,348,390,696,4
1,15645,195,349,390,698,4
1,15646,195,350,391,700,1
1,15647,195,351,390,703,1
1,15648,195,352,390,704,4
1,15649,195,353,390,706,4
1,15650,195,354,390,708,4
1,15651,195,355,390,710,4
1,15652,195,356,390,712,4
1,15653,195,357,390,714,4
1,15654,195,358,390,716,4
1,15655,195,359,390,718,4
1,15656,195,360,390,720,4
1,15657,195,361,390,722,4
1,15658,195,362,390,724,4
1,15659,195,363,390,726,4
1,15660,195,364,390,728,4
1,15661,195,365,390,730,4
1,15662,195,366,390,732,4
1,15663,195,367,390,734,4
1,15664,195,368,390,736,4
1,15665,195,369,390,738,4
1,15666,195,370,390,740,4
1,15667,195,371,390,742,4
1,15668,195,372,390,744,4
1,15669,195,373,390,746,4
1,15670,195,374,390,748,4
1,15671,195,375,390,750,4
1,15672,195,376,390,752,4
1,15673,195,377,390,754,4
1,15674,195,378,390,756,4
1,15675,195,379,390,758,2
1,15676,195,425,390,851,2
1,15677,195,426,390,852,4
1,15678,195,427,390,854,4
1,15679,195,428,390,856,4
1,15680,195,429,390,858,4
1,15681,195,430,390,860,4
1,15682,195,431,390,862,4
1,15683,195,478,390,957,3
1,15684,195,479,390,958,4
1,15685,195,480,390,960,2
1,15686,195,483,390,966,4
1,15687,195,484,390,968,4
1,15688,195,485,390,970,4
1,15689,195,486,390,972,4
1,15690,195,487,390,974,4
1,15691,195,488,390,976,4
1,15692,195,489,390,978,4
1,15693,195,490,390,980,4
1,15694,195,491,390,982,4
1,15695,195,492,390,984,4
1,15696,195,493,390,986,4
1,15697,195,494,390,988,4
1,15698,195,495,390,990,4
1,15699,195,496,390,992,4
1,15700,195,497,390,994,4
1,15701,195,498,390,996,4
1,15702,195,499,390,998,4
1,15703,195,500,390,1000,4
1,15704,195,501,390,1002,4
1,15705,195,502,390,1004,4
1,15706,195,503,390,1006,4
1,15707,195,504,390,1008,4
1,15708,195,505,390,1010,4
1,15709,195,506,390,1012,4
1,15710,195,507,390,1014,3
1,15711,195,508,390,1016,1
1,15712,195,554,390,1109,2
1,15713,195,555,390,1110,4
1,15714,195,556,390,1112,4
1,15715,195,557,390,1114,4
1,15716,195,558,390,1116,4
1,15717,195,559,390,1118,4
1,15718,195,560,390,1120,4
1,15719,195,561,390,1122,4
1,15720,195,562,390,1124,4
1,15721,195,563,390,1126,4
1,15722,195,564,390,1128,4
1,15723,195,565,390,1130,4
1,15724,195,566,390,1132,4
1,15725,195,567,390,1134,4
1,15726,195,568,390,1136,4
1,15727,195,569,390,1138,4
1,15728,195,570,391,1140,2
1,15729,195,602,390,1205,2
1,15730,195,603,390,1206,4
1,15731,195,604,390,1208,4
1,15732,195,605,390,1210,4
1,15733,195,606,390,1212,4
1,15734,195,607,390,1214,4
1,15735,195,608,390,1216,4
1,15736,195,609,390,1218,2
1,15737,195,623,390,1247,1
1,15738,195,624,390,1248,4
1,15739,195,625,390,1250,4
1,15740,195,626,390,1252,4
1,15741,195,627,390,1254,4
1,15742,195,628,390,1256,4
1,15743,195,629,390,1258,4
1,15744,195,630,390,1260,4
1,15745,195,631,390,1262,4
1,15746,195,632,390,1264,4
1,15747,195,633,390,1266,4
1,15748,195,634,390,1268,4
1,15749,195,635,390,1270,4
1,15750,195,636,390,1272,4
1,15751,195,637,390,1274,4
1,15752,195,638,390,1276,4
1,15753,195,639,390,1278,4
1,15754,195,640,390,1280,4
1,15755,195,641,390,1282,4
1,15756,195,642,390,1284,4
1,15757,195,643,390,1286,3
1,15758,195,644,391,1288,1
1,15759,195,647,390,1295,2
1,15760,195,648,390,1296,4
1,15761,195,649,390,1298,4
1,15762,195,650,390,1300,4
1,15763,195,651,390,1302,3
1,15764,195,664,390,1328,4
1,15765,195,665,390,1330,4
1,15766,195,666,390,1332,4
1,15767,195,667,390,1334,4
1,15768,195,668,390,1336,4
1,15769,195,669,390,1338,4
1,15770,195,670,390,1340,4
1,15771,195,671,390,1342,2
1,15772,195,737,390,1474,4
1,15773,195,738,390,1476,4
1,15774,195,739,390,1478,4
1,15775,195,740,390,1480,4
1,15776,195,741,390,1482,4
1,15777,195,742,390,1484,4
1,15778,195,743,390,1486,3
1,15779,196,105,392,210,4
1,15780,196,106,392,212,4
1,15781,196,107,392,214,4
1,15782,196,108,392,216,4
1,15783,196,109,392,218,4
1,15784,196,110,392,220,4
1,15785,196,111,392,222,4
1,15786,196,112,392,224,4
1,15787,196,113,392,226,4
1,15788,196,114,392,228,4
1,15789,196,115,392,230,4
1,15790,196,116,392,232,4
1,15791,196,117,392,234,4
1,15792,196,118,392,236,4
1,15793,196,119,392,238,4
1,15794,196,120,392,240,4
1,15795,196,121,392,242,2
1,15796,196,233,392,466,3
1,15797,196,234,392,468,4
1,15798,196,235,392,470,4
1,15799,196,236,392,472,4
1,15800,196,237,392,474,4
1,15801,196,238,392,476,4
1,15802,196,239,392,478,4
1,15803,196,240,392,480,4
1,15804,196,241,392,482,4
1,15805,196,242,392,484,4
1,15806,196,243,392,486,4
1,15807,196,244,392,488,4
1,15808,196,245,392,490,4
1,15809,196,246,392,492,4
1,15810,196,247,392,494,4
1,15811,196,248,392,496,4
1,15812,196,249,392,498,4
1,15813,196,250,392,500,4
1,15814,196,251,392,502,4
1,15815,196,252,392,504,4
1,15816,196,253,392,506,4
1,15817,196,254,392,508,4
1,15818,196,255,392,510,4
1,15819,196,256,392,512,4
1,15820,196,257,392,514,4
1,15821,196,258,392,516,3
1,15822,196,259,393,519,1
1,15823,196,260,392,520,3
1,15824,196,261,392,523,3
1,15825,196,262,392,524,4
1,15826,196,263,392,526,4
1,15827,196,264,392,528,4
1,15828,196,265,392,530,4
1,15829,196,266,392,532,4
1,15830,196,267,392,534,4
1,15831,196,268,392,536,4
1,15832,196,269,392,538,4
1,15833,196,270,392,540,4
1,15834,196,271,392,542,4
1,15835,196,272,392,544,4
1,15836,196,273,392,546,4
1,15837,196,274,392,548,2
1,15838,196,346,392,692,4
1,15839,196,347,392,694,4
1,15840,196,348,392,696,4
1,15841,196,349,392,698,4
1,15842,196,350,392,700,4
1,15843,196,351,392,702,3
1,15844,196,352,392,705,1
1,15845,196,353,392,706,3
1,15846,196,354,392,708,4
1,15847,196,355,392,710,4
1,15848,196,356,392,712,4
1,15849,196,357,392,714,4
1,15850,196,358,392,716,4
1,15851,196,359,392,718,4
1,15852,196,360,392,720,4
1,15853,196,361,392,722,4
1,15854,196,362,392,724,4
1,15855,196,363,392,726,4
1,15856,196,364,392,728,4
1,15857,196,365,392,730,4
1,15858,196,366,392,732,4
1,15859,196,367,392,734,4
1,15860,196,368,392,736,4
1,15861,196,369,392,738,4
1,15862,196,370,392,740,4
1,15863,196,371,392,742,4
1,15864,196,372,392,744,4
1,15865,196,373,392,746,4
1,15866,196,374,392,748,4
1,15867,196,375,392,750,4
1,15868,196,376,392,752,4
1,15869,196,377,392,754,4
1,15870,196,378,392,756,4
1,15871,196,379,392,758,2
1,15872,196,425,392,851,2
1,15873,196,426,392,852,4
1,15874,196,427,392,854,4
1,15875,196,428,392,856,4
1,15876,196,429,392,858,4
1,15877,196,430,392,860,4
1,15878,196,431,392,862,4
1,15879,196,478,392,957,2
1,15880,196,479,392,958,4
1,15881,196,480,392,960,3
1,15882,196,482,393,964,2
1,15883,196,483,392,966,4
1,15884,196,484,392,968,4
1,15885,196,485,392,970,4
1,15886,196,486,392,972,4
1,15887,196,487,392,974,4
1,15888,196,488,392,976,4
1,15889,196,489,392,978,4
1,15890,196,490,392,980,4
1,15891,196,491,392,982,4
1,15892,196,492,392,984,4
1,15893,196,493,392,986,4
1,15894,196,494,392,988,4
1,15895,196,495,392,990,4
1,15896,196,496,392,992,4
1,15897,196,497,392,994,4
1,15898,196,498,392,996,4
1,15899,196,499,392,998,4
1,15900,196,500,392,1000,4
1,15901,196,501,392,1002,4
1,15902,196,502,392,1004,4
1,15903,196,503,392,1006,4
1,15904,196,504,392,1008,4
1,15905,196,505,392,1010,4
1,15906,196,506,392,1012,3
1,15907,196,553,392,1107,1
1,15908,196,554,392,1108,4
1,15909,196,555,392,1110,4
1,15910,196,556,392,1112,4
1,15911,196,557,392,1114,4
1,15912,196,558,392,1116,4
1,15913,196,559,392,1118,4
1,15914,196,560,392,1120,4
1,15915,196,561,392,1122,4
1,15916,196,562,392,1124,4
1,15917,196,563,392,1126,4
1,15918,196,564,392,1128,4
1,15919,196,565,392,1130,4
1,15920,196,566,392,1132,4
1,15921,196,567,392,1134,4
1,15922,196,568,392,1136,4
1,15923,196,569,392,1138,4
1,15924,196,570,392,1140,3
1,15925,196,602,392,1205,2
1,15926,196,603,392,1206,4
1,15927,196,604,392,1208,4
1,15928,196,605,392,1210,4
1,15929,196,606,392,1212,4
1,15930,196,607,392,1214,4
1,15931,196,608,392,1216,4
1,15932,196,609,392,1218,2
1,15933,196,624,392,1249,1
1,15934,196,625,392,1250,2
1,15935,196,626,392,1252,4
1,15936,196,627,392,1254,4
1,15937,196,628,392,1256,4
1,15938,196,629,392,1258,4
1,15939,196,630,392,1260,4
1,15940,196,631,392,1262,4
1,15941,196,632,392,1264,4
1,15942,196,633,392,1266,4
1,15943,196,634,392,1268,4
1,15944,196,635,392,1270,4
1,15945,196,636,392,1272,4
1,15946,196,637,392,1274,4
1,15947,196,638,392,1276,4
1,15948,196,639,392,1278,4
1,15949,196,640,392,1280,4
1,15950,196,641,392,1282,4
1,15951,196,642,392,1284,4
1,15952,196,643,392,1286,4
1,15953,196,644,392,1288,4
1,15954,196,645,392,1290,4
1,15955,196,646,392,1292,4
1,15956,196,647,392,1294,4
1,15957,196,648,392,1296,4
1,15958,196,649,392,1298,4
1,15959,196,650,392,1300,4
1,15960,196,651,392,1302,1
1,15961,196,664,392,1328,4
1,15962,196,665,392,1330,4
1,15963,196,666,392,1332,4
1,15964,196,667,392,1334,4
1,15965,196,668,392,1336,4
1,15966,196,669,392,1338,4
1,15967,196,670,392,1340,4
1,15968,196,671,392,1342,2
1,15969,196,737,392,1474,4
1,15970,196,738,392,1476,4
1,15971,196,739,392,1478,4
1,15972,196,740,392,1480,4
1,15973,196,741,392,1482,4
1,15974,196,742,392,1484,4
1,15975,196,743,392,1486,4
1,15976,197,105,394,210,4
1,15977,197,106,394,212,4
1,15978,197,107,394,214,4
1,15979,197,108,394,216,4
1,15980,197,109,394,218,4
1,15981,197,110,394,220,4
1,15982,197,111,394,222,4
1,15983,197,112,394,224,4
1,15984,197,113,394,226,4
1,15985,197,114,394,228,4
1,15986,197,115,394,230,4
1,15987,197,116,394,232,4
1,15988,197,117,394,234,4
1,15989,197,118,394,236,4
1,15990,197,119,394,238,4
1,15991,197,120,394,240,4
1,15992,197,121,394,242,2
1,15993,197,233,394,467,1
1,15994,197,234,394,468,4
1,15995,197,235,394,470,4
1,15996,197,236,394,472,4
1,15997,197,237,394,474,4
1,15998,197,238,394,476,4
1,15999,197,239,394,478,4
1,16000,197,240,394,480,4
1,16001,197,241,394,482,4
1,16002,197,242,394,484,4
1,16003,197,243,394,486,4
1,16004,197,244,394,488,4
1,16005,197,245,394,490,4
1,16006,197,246,394,492,4
1,16007,197,247,394,494,4
1,16008,197,248,394,496,4
1,16009,197,249,394,498,4
1,16010,197,250,394,500,4
1,16011,197,251,394,502,4
1,16012,197,252,394,504,4
1,16013,197,253,394,506,4
1,16014,197,254,394,508,4
1,16015,197,255,394,510,4
1,16016,197,256,394,512,4
1,16017,197,257,394,514,1
1,16018,197,258,395,516,2
1,16019,197,259,394,518,4
1,16020,197,260,394,520,1
1,16021,197,260,395,521,1
1,16022,197,261,394,522,4
1,16023,197,262,394,524,2
1,16024,197,263,394,526,2
1,16025,197,264,394,528,4
1,16026,197,265,394,530,4
1,16027,197,266,394,532,4
1,16028,197,267,394,534,4
1,16029,197,268,394,536,4
1,16030,197,269,394,538,4
1,16031,197,270,394,540,4
1,16032,197,271,394,542,4
1,16033,197,272,394,544,2
1,16034,197,273,394,546,2
1,16035,197,346,394,692,4
1,16036,197,347,394,694,4
1,16037,197,348,394,696,4
1,16038,197,349,394,698,4
1,16039,197,350,394,700,4
1,16040,197,351,394,702,4
1,16041,197,352,394,704,3
1,16042,197,354,394,708,3
1,16043,197,355,394,710,4
1,16044,197,356,394,712,4
1,16045,197,357,394,714,4
1,16046,197,358,394,716,4
1,16047,197,359,394,718,4
1,16048,197,360,394,720,4
1,16049,197,361,394,722,4
1,16050,197,362,394,724,4
1,16051,197,363,394,726,4
1,16052,197,364,394,728,4
1,16053,197,365,394,730,4
1,16054,197,366,394,732,4
1,16055,197,367,394,734,4
1,16056,197,368,394,736,4
1,16057,197,369,394,738,4
1,16058,197,370,394,740,4
1,16059,197,371,394,742,4
1,16060,197,372,394,744,4
1,16061,197,373,394,746,4
1,16062,197,374,394,748,4
1,16063,197,375,394,750,4
1,16064,197,376,394,752,4
1,16065,197,377,394,754,4
1,16066,197,378,394,756,4
1,16067,197,379,394,758,4
1,16068,197,425,394,851,2
1,16069,197,426,394,852,4
1,16070,197,427,394,854,4
1,16071,197,428,394,856,4
1,16072,197,429,394,858,4
1,16073,197,430,394,860,4
1,16074,197,431,394,862,4
1,16075,197,478,394,957,2
1,16076,197,479,394,958,4
1,16077,197,480,394,960,4
1,16078,197,481,394,962,4
1,16079,197,482,394,964,4
1,16080,197,483,394,966,4
1,16081,197,484,394,968,4
1,16082,197,485,394,970,4
1,16083,197,486,394,972,4
1,16084,197,487,394,974,4
1,16085,197,488,394,976,4
1,16086,197,489,394,978,4
1,16087,197,490,394,980,4
1,16088,197,491,394,982,4
1,16089,197,492,394,984,4
1,16090,197,493,394,986,4
1,16091,197,494,394,988,4
1,16092,197,495,394,990,4
1,16093,197,496,394,992,4
1,16094,197,497,394,994,4
1,16095,197,498,394,996,4
1,16096,197,499,394,998,4
1,16097,197,500,394,1000,4
1,16098,197,501,394,1002,4
1,16099,197,502,394,1004,4
1,16100,197,503,394,1006,4
1,16101,197,504,394,1008,4
1,16102,197,505,394,1010,3
1,16103,197,554,394,1109,2
1,16104,197,555,394,1110,4
1,16105,197,556,394,1112,4
1,16106,197,557,394,1114,4
1,16107,197,558,394,1116,4
1,16108,197,559,394,1118,4
1,16109,197,560,394,1120,4
1,16110,197,561,394,1122,4
1,16111,197,562,394,1124,4
1,16112,197,563,394,1126,4
1,16113,197,564,394,1128,4
1,16114,197,565,394,1130,4
1,16115,197,566,394,1132,4
1,16116,197,567,394,1134,4
1,16117,197,568,394,1136,4
1,16118,197,569,394,1138,3
1,16119,197,602,394,1205,2
1,16120,197,603,394,1206,4
1,16121,197,604,394,1208,4
1,16122,197,605,394,1210,4
1,16123,197,606,394,1212,4
1,16124,197,607,394,1214,4
1,16125,197,608,394,1216,4
1,16126,197,609,394,1218,2
1,16127,197,626,394,1253,1
1,16128,197,627,394,1254,4
1,16129,197,628,394,1256,4
1,16130,197,629,394,1258,4
1,16131,197,630,394,1260,4
1,16132,197,631,394,1262,4
1,16133,197,632,394,1264,4
1,16134,197,633,394,1266,4
1,16135,197,634,394,1268,4
1,16136,197,635,394,1270,4
1,16137,197,636,394,1272,4
1,16138,197,637,394,1274,4
1,16139,197,638,394,1276,4
1,16140,197,639,394,1278,4
1,16141,197,640,394,1280,4
1,16142,197,641,394,1282,4
1,16143,197,642,394,1284,4
1,16144,197,643,394,1286,4
1,16145,197,644,394,1288,4
1,16146,197,645,394,1290,4
1,16147,197,646,394,1292,4
1,16148,197,647,394,1294,4
1,16149,197,648,394,1296,4
1,16150,197,649,394,1298,4
1,16151,197,650,394,1300,1
1,16152,197,664,394,1328,4
1,16153,197,665,394,1330,4
1,16154,197,666,394,1332,4
1,16155,197,667,394,1334,4
1,16156,197,668,394,1336,4
1,16157,197,669,394,1338,4
1,16158,197,670,394,1340,4
1,16159,197,671,394,1342,2
1,16160,197,737,394,1474,4
1,16161,197,738,394,1476,4
1,16162,197,739,394,1478,4
1,16163,197,740,394,1480,4
1,16164,197,741,394,1482,4
1,16165,197,742,394,1484,4
1,16166,197,743,394,1486,4
1,16167,197,744,395,1488,1
1,16168,198,104,397,209,1
1,16169,198,105,396,210,4
1,16170,198,106,396,212,4
1,16171,198,107,396,214,4
1,16172,198,108,396,216,4
1,16173,198,109,396,218,4
1,16174,198,110,396,220,4
1,16175,198,111,396,222,4
1,16176,198,112,396,224,4
1,16177,198,113,396,226,4
1,16178,198,114,396,228,4
1,16179,198,115,396,230,4
1,16180,198,116,396,232,4
1,16181,198,117,396,234,4
1,16182,198,118,396,236,4
1,16183,198,119,396,238,4
1,16184,198,120,396,240,4
1,16185,198,121,396,242,2
1,16186,198,234,396,468,3
1,16187,198,235,396,470,4
1,16188,198,236,396,472,4
1,16189,198,237,396,474,4
1,16190,198,238,396,476,4
1,16191,198,239,396,478,4
1,16192,198,240,396,480,4
1,16193,198,241,396,482,4
1,16194,198,242,396,484,4
1,16195,198,243,396,486,4
1,16196,198,244,396,488,4
1,16197,198,245,396,490,4
1,16198,198,246,396,492,4
1,16199,198,247,396,494,4
1,16200,198,248,396,496,4
1,16201,198,249,396,498,4
1,16202,198,250,396,500,4
1,16203,198,251,396,502,4
1,16204,198,252,396,504,4
1,16205,198,253,396,506,4
1,16206,198,254,396,508,4
1,16207,198,255,396,510,4
1,16208,198,256,396,512,1
1,16209,198,257,396,515,3
1,16210,198,258,396,516,4
1,16211,198,259,396,518,1
1,16212,198,259,397,519,1
1,16213,198,260,396,520,4
1,16214,198,261,396,522,4
1,16215,198,264,396,529,2
1,16216,198,265,396,530,4
1,16217,198,266,396,532,4
1,16218,198,267,396,534,4
1,16219,198,268,396,536,4
1,16220,198,269,396,538,4
1,16221,198,270,396,540,4
1,16222,198,271,396,542,4
1,16223,198,345,396,691,2
1,16224,198,346,396,692,4
1,16225,198,347,396,694,4
1,16226,198,348,396,696,4
1,16227,198,349,396,698,4
1,16228,198,350,396,700,4
1,16229,198,351,396,702,4
1,16230,198,352,396,704,4
1,16231,198,353,396,706,3
1,16232,198,355,396,710,2
1,16233,198,356,396,712,4
1,16234,198,357,396,714,3
1,16235,198,358,396,716,2
1,16236,198,359,396,718,4
1,16237,198,360,396,720,4
1,16238,198,361,396,722,4
1,16239,198,362,396,724,4
1,16240,198,363,396,726,4
1,16241,198,364,396,728,4
1,16242,198,365,396,730,4
1,16243,198,366,396,732,4
1,16244,198,367,396,734,4
1,16245,198,368,396,736,4
1,16246,198,369,396,738,4
1,16247,198,370,396,740,4
1,16248,198,371,396,742,4
1,16249,198,372,396,744,4
1,16250,198,373,396,746,4
1,16251,198,374,396,748,4
1,16252,198,375,396,750,2
1,16253,198,376,396,752,2
1,16254,198,377,396,754,4
1,16255,198,378,396,756,4
1,16256,198,379,396,758,4
1,16257,198,425,396,851,2
1,16258,198,426,396,852,4
1,16259,198,427,396,854,4
1,16260,198,428,396,856,4
1,16261,198,429,396,858,4
1,16262,198,430,396,860,4
1,16263,198,431,396,862,4
1,16264,198,432,396,864,4
1,16265,198,478,396,957,3
1,16266,198,479,396,958,4
1,16267,198,480,396,960,4
1,16268,198,481,396,962,4
1,16269,198,482,396,964,4
1,16270,198,483,396,966,4
1,16271,198,484,396,968,4
1,16272,198,485,396,970,4
1,16273,198,486,396,972,4
1,16274,198,487,396,974,4
1,16275,198,488,396,976,4
1,16276,198,489,396,978,4
1,16277,198,490,396,980,4
1,16278,198,491,396,982,4
1,16279,198,492,396,984,4
1,16280,198,493,396,986,4
1,16281,198,494,396,988,4
1,16282,198,495,396,990,4
1,16283,198,496,396,992,4
1,16284,198,497,396,994,4
1,16285,198,498,396,996,4
1,16286,198,499,396,998,4
1,16287,198,500,396,1000,4
1,16288,198,501,396,1002,4
1,16289,198,502,396,1004,4
1,16290,198,503,396,1006,4
1,16291,198,504,396,1008,2
1,16292,198,554,396,1108,4
1,16293,198,555,396,1110,4
1,16294,198,556,396,1112,4
1,16295,198,557,396,1114,2
1,16296,198,558,396,1116,2
1,16297,198,559,396,1118,4
1,16298,198,560,396,1120,4
1,16299,198,561,396,1122,4
1,16300,198,562,396,1124,4
1,16301,198,563,396,1126,2
1,16302,198,564,396,1128,2
1,16303,198,565,396,1130,4
1,16304,198,566,396,1132,4
1,16305,198,567,396,1134,4
1,16306,198,568,396,1136,3
1,16307,198,602,396,1205,2
1,16308,198,603,396,1206,4
1,16309,198,604,396,1208,4
1,16310,198,605,396,1210,4
1,16311,198,606,396,1212,4
1,16312,198,607,396,1214,4
1,16313,198,608,396,1216,4
1,16314,198,609,396,1218,2
1,16315,198,627,396,1255,2
1,16316,198,628,396,1256,4
1,16317,198,629,396,1258,4
1,16318,198,630,396,1260,4
1,16319,198,631,396,1262,4
1,16320,198,632,396,1264,4
1,16321,198,633,396,1266,4
1,16322,198,634,396,1268,4
1,16323,198,635,396,1270,4
1,16324,198,636,396,1272,4
1,16325,198,637,396,1274,4
1,16326,198,638,396,1276,4
1,16327,198,639,396,1278,4
1,16328,198,640,396,1280,4
1,16329,198,641,396,1282,4
1,16330,198,642,396,1284,4
1,16331,198,643,396,1286,4
1,16332,198,644,396,1288,4
1,16333,198,645,396,1290,4
1,16334,198,646,396,1292,4
1,16335,198,647,396,1294,4
1,16336,198,648,396,1296,4
1,16337,198,649,396,1298,1
1,16338,198,664,396,1328,4
1,16339,198,665,396,1330,4
1,16340,198,666,396,1332,4
1,16341,198,667,396,1334,4
1,16342,198,668,396,1336,4
1,16343,198,669,396,1338,4
1,16344,198,670,396,1340,4
1,16345,198,671,396,1342,2
1,16346,198,737,396,1474,4
1,16347,198,738,396,1476,4
1,16348,198,739,396,1478,4
1,16349,198,740,396,1480,4
1,16350,198,741,396,1482,4
1,16351,198,742,396,1484,4
1,16352,198,743,396,1486,4
1,16353,198,744,396,1488,2
1,16354,199,104,398,209,2
1,16355,199,105,398,210,4
1,16356,199,106,398,212,4
1,16357,199,107,398,214,4
1,16358,199,108,398,216,4
1,16359,199,109,398,218,4
1,16360,199,110,398,220,4
1,16361,199,111,398,222,4
1,16362,199,112,398,224,4
1,16363,199,113,398,226,4
1,16364,199,114,398,228,4
1,16365,199,115,398,230,4
1,16366,199,116,398,232,4
1,16367,199,117,398,234,4
1,16368,199,118,398,236,4
1,16369,199,119,398,238,4
1,16370,199,120,398,240,4
1,16371,199,121,398,242,2
1,16372,199,234,398,469,1
1,16373,199,235,398,470,2
1,16374,199,236,398,472,4
1,16375,199,237,398,474,4
1,16376,199,238,398,476,4
1,16377,199,239,398,478,4
1,16378,199,240,398,480,4
1,16379,199,241,398,482,4
1,16380,199,242,398,484,4
1,16381,199,243,398,486,4
1,16382,199,244,398,488,4
1,16383,199,245,398,490,4
1,16384,199,246,398,492,4
1,16385,199,247,398,494,4
1,16386,199,248,398,496,4
1,16387,199,249,398,498,4
1,16388,199,250,398,500,4
1,16389,199,251,398,502,4
1,16390,199,252,398,504,4
1,16391,199,253,398,506,4
1,16392,199,254,398,508,4
1,16393,199,255,398,510,2
1,16394,199,256,398,513,2
1,16395,199,257,398,514,4
1,16396,199,258,398,516,2
1,16397,199,259,398,518,4
1,16398,199,260,398,520,4
1,16399,199,261,398,522,4
1,16400,199,264,398,529,2
1,16401,199,265,398,530,4
1,16402,199,266,398,532,4
1,16403,199,267,398,534,4
1,16404,199,268,398,536,4
1,16405,199,269,398,538,4
1,16406,199,270,398,540,4
1,16407,199,271,398,542,4
1,16408,199,348,398,697,2
1,16409,199,349,398,698,4
1,16410,199,350,398,700,4
1,16411,199,351,398,702,4
1,16412,199,352,398,704,4
1,16413,199,353,398,706,4
1,16414,199,354,398,708,3
1,16415,199,356,398,713,1
1,16416,199,359,398,719,2
1,16417,199,360,398,720,4
1,16418,199,361,398,722,4
1,16419,199,362,398,724,4
1,16420,199,363,398,726,4
1,16421,199,364,398,728,4
1,16422,199,365,398,730,4
1,16423,199,366,398,732,4
1,16424,199,367,398,734,4
1,16425,199,368,398,736,4
1,16426,199,369,398,738,4
1,16427,199,370,398,740,4
1,16428,199,371,398,742,4
1,16429,199,372,398,744,4
1,16430,199,373,398,746,4
1,16431,199,374,398,748,4
1,16432,199,377,398,755,2
1,16433,199,378,398,756,4
1,16434,199,379,398,758,3
1,16435,199,425,398,851,2
1,16436,199,426,398,852,4
1,16437,199,427,398,854,4
1,16438,199,428,398,856,4
1,16439,199,429,398,858,4
1,16440,199,430,398,860,4
1,16441,199,431,398,862,4
1,16442,199,432,398,864,4
1,16443,199,478,398,956,4
1,16444,199,479,398,958,4
1,16445,199,480,398,960,4
1,16446,199,481,398,962,4
1,16447,199,482,398,964,4
1,16448,199,483,398,966,4
1,16449,199,484,398,968,4
1,16450,199,485,398,970,4
1,16451,199,486,398,972,4
1,16452,199,487,398,974,4
1,16453,199,488,398,976,4
1,16454,199,489,398,978,4
1,16455,199,490,398,980,4
1,16456,199,491,398,982,4
1,16457,199,492,398,984,4
1,16458,199,493,398,986,4
1,16459,199,494,398,988,4
1,16460,199,495,398,990,4
1,16461,199,496,398,992,4
1,16462,199,497,398,994,4
1,16463,199,498,398,996,4
1,16464,199,499,398,998,4
1,16465,199,500,398,1000,4
1,16466,199,501,398,1002,4
1,16467,199,502,398,1004,4
1,16468,199,503,398,1006,4
1,16469,199,554,398,1108,3
1,16470,199,555,398,1110,4
1,16471,199,556,398,1112,1
1,16472,199,559,398,1119,1
1,16473,199,560,398,1120,4
1,16474,199,561,398,1122,4
1,16475,199,562,398,1124,1
1,16476,199,565,398,1131,1
1,16477,199,566,398,1132,4
1,16478,199,567,398,1134,3
1,16479,199,602,398,1205,2
1,16480,199,603,398,1206,4
1,16481,199,604,398,1208,4
1,16482,199,605,398,1210,4
1,16483,199,606,398,1212,4
1,16484,199,607,398,1214,4
1,16485,199,608,398,1216,4
1,16486,199,609,398,1218,2
1,16487,199,628,398,1256,4
1,16488,199,629,398,1258,4
1,16489,199,630,398,1260,4
1,16490,199,631,398,1262,4
1,16491,199,632,398,1264,4
1,16492,199,633,398,1266,4
1,16493,199,634,398,1268,4
1,16494,199,635,398,1270,4
1,16495,199,636,398,1272,4
1,16496,199,637,398,1274,4
1,16497,199,638,398,1276,4
1,16498,199,639,398,1278,4
1,16499,199,640,398,1280,4
1,16500,199,641,398,1282,4
1,16501,199,642,398,1284,4
1,16502,199,643,398,1286,4
1,16503,199,644,398,1288,4
1,16504,199,645,398,1290,4
1,16505,199,646,398,1292,4
1,16506,199,647,398,1294,4
1,16507,199,648,398,1296,1
1,16508,199,664,398,1328,4
1,16509,199,665,398,1330,4
1,16510,199,666,398,1332,4
1,16511,199,667,398,1334,4
1,16512,199,668,398,1336,4
1,16513,199,669,398,1338,4
1,16514,199,670,398,1340,4
1,16515,199,671,398,1342,2
1,16516,199,737,398,1474,4
1,16517,199,738,398,1476,4
1,16518,199,739,398,1478,4
1,16519,199,740,398,1480,4
1,16520,199,741,398,1482,4
1,16521,199,742,398,1484,4
1,16522,199,743,398,1486,4
1,16523,199,744,398,1488,3
1,16524,200,104,400,209,3
1,16525,200,105,400,210,4
1,16526,200,106,400,212,4
1,16527,200,107,400,214,4
1,16528,200,108,400,216,4
1,16529,200,109,400,218,4
1,16530,200,110,400,220,4
1,16531,200,111,400,222,4
1,16532,200,112,400,224,4
1,16533,200,113,400,226,4
1,16534,200,114,400,228,4
1,16535,200,115,400,230,4
1,16536,200,116,400,232,4
1,16537,200,117,400,234,4
1,16538,200,118,400,236,4
1,16539,200,119,400,238,4
1,16540,200,120,400,240,4
1,16541,200,121,400,242,2
1,16542,200,236,400,473,2
1,16543,200,237,400,474,4
1,16544,200,238,400,476,4
1,16545,200,239,400,478,4
1,16546,200,240,400,480,4
1,16547,200,241,400,482,4
1,16548,200,242,400,484,4
1,16549,200,243,400,486,4
1,16550,200,244,400,488,4
1,16551,200,245,400,490,4
1,16552,200,246,400,492,4
1,16553,200,247,400,494,4
1,16554,200,248,400,496,4
1,16555,200,249,400,498,4
1,16556,200,250,400,500,4
1,16557,200,251,400,502,4
1,16558,200,252,400,504,4
1,16559,200,253,400,506,4
1,16560,200,254,400,508,4
1,16561,200,255,400,510,4
1,16562,200,256,401,512,1
1,16563,200,257,400,514,3
1,16564,200,258,400,516,4
1,16565,200,259,400,518,3
1,16566,200,260,400,520,4
1,16567,200,261,400,522,4
1,16568,200,262,400,524,4
1,16569,200,263,400,526,4
1,16570,200,264,400,528,4
1,16571,200,265,400,530,4
1,16572,200,266,400,532,4
1,16573,200,267,400,534,4
1,16574,200,268,400,536,4
1,16575,200,269,400,538,4
1,16576,200,270,400,540,4
1,16577,200,271,400,542,4
1,16578,200,359,400,719,2
1,16579,200,360,400,720,4
1,16580,200,361,400,722,4
1,16581,200,362,400,724,4
1,16582,200,363,400,726,4
1,16583,200,364,400,728,4
1,16584,200,365,400,730,4
1,16585,200,366,400,732,4
1,16586,200,367,400,734,4
1,16587,200,368,400,736,4
1,16588,200,369,400,738,4
1,16589,200,370,400,740,4
1,16590,200,371,400,742,4
1,16591,200,372,400,744,4
1,16592,200,373,400,746,4
1,16593,200,374,400,748,4
1,16594,200,377,400,755,3
1,16595,200,378,400,756,4
1,16596,200,379,400,758,2
1,16597,200,425,400,851,2
1,16598,200,426,400,852,4
1,16599,200,427,400,854,4
1,16600,200,428,400,856,4
1,16601,200,429,400,858,4
1,16602,200,430,400,860,4
1,16603,200,431,400,862,4
1,16604,200,432,400,864,4
1,16605,200,478,400,956,4
1,16606,200,479,400,958,4
1,16607,200,480,400,960,4
1,16608,200,481,400,962,4
1,16609,200,482,400,964,4
1,16610,200,483,400,966,4
1,16611,200,484,400,968,4
1,16612,200,485,400,970,4
1,16613,200,486,400,972,4
1,16614,200,487,400,974,4
1,16615,200,488,400,976,4
1,16616,200,489,400,978,4
1,16617,200,490,400,980,4
1,16618,200,491,400,982,4
1,16619,200,492,400,984,4
1,16620,200,493,400,986,4
1,16621,200,494,400,988,4
1,16622,200,495,400,990,4
1,16623,200,496,400,992,4
1,16624,200,497,400,994,4
1,16625,200,498,400,996,4
1,16626,200,499,400,998,4
1,16627,200,500,400,1000,4
1,16628,200,501,400,1002,4
1,16629,200,502,400,1004,4
1,16630,200,503,400,1006,2
1,16631,200,555,400,1110,2
1,16632,200,560,400,1120,2
1,16633,200,561,400,1122,2
1,16634,200,566,400,1132,2
1,16635,200,602,400,1205,2
1,16636,200,603,400,1206,4
1,16637,200,604,400,1208,4
1,16638,200,605,400,1210,4
1,16639,200,606,400,1212,4
1,16640,200,607,400,1214,4
1,16641,200,608,400,1216,4
1,16642,200,609,400,1218,2
1,16643,200,628,400,1256,4
1,16644,200,629,400,1258,4
1,16645,200,630,400,1260,4
1,16646,200,631,400,1262,4
1,16647,200,632,400,1264,4
1,16648,200,633,400,1266,4
1,16649,200,634,400,1268,4
1,16650,200,635,400,1270,4
1,16651,200,636,400,1272,4
1,16652,200,637,400,1274,4
1,16653,200,638,400,1276,4
1,16654,200,639,400,1278,4
1,16655,200,640,400,1280,4
1,16656,200,641,400,1282,4
1,16657,200,642,400,1284,4
1,16658,200,643,400,1286,4
1,16659,200,644,400,1288,4
1,16660,200,645,400,1290,4
1,16661,200,646,400,1292,4
1,16662,200,647,400,1294,4
1,16663,200,648,400,1296,2
1,16664,200,664,400,1328,4
1,16665,200,665,400,1330,4
1,16666,200,666,400,1332,4
1,16667,200,667,400,1334,4
1,16668,200,668,400,1336,4
1,16669,200,669,400,1338,4
1,16670,200,670,400,1340,4
1,16671,200,737,400,1474,2
1,16672,200,738,400,1476,2
1,16673,200,739,400,1478,2
1,16674,200,740,400,1480,2
1,16675,200,741,400,1482,2
1,16676,200,742,400,1484,2
1,16677,200,743,400,1486,2
1,16678,200,744,400,1488,2
1,16679,201,103,403,207,1
1,16680,201,104,402,208,4
1,16681,201,105,402,210,4
1,16682,201,106,402,212,4
1,16683,201,107,402,214,4
1,16684,201,108,402,216,4
1,16685,201,109,402,218,4
1,16686,201,110,402,220,4
1,16687,201,111,402,222,4
1,16688,201,112,402,224,4
1,16689,201,113,402,226,4
1,16690,201,114,402,228,4
1,16691,201,115,402,230,4
1,16692,201,116,402,232,4
1,16693,201,117,402,234,4
1,16694,201,118,402,236,4
1,16695,201,119,402,238,4
1,16696,201,120,402,240,4
1,16697,201,121,402,242,3
1,16698,201,236,402,473,2
1,16699,201,237,402,474,4
1,16700,201,238,402,476,4
1,16701,201,239,402,478,4
1,16702,201,240,402,480,4
1,16703,201,241,402,482,4
1,16704,201,242,402,484,4
1,16705,201,243,402,486,4
1,16706,201,244,402,488,4
1,16707,201,245,402,490,4
1,16708,201,246,402,492,4
1,16709,201,247,402,494,4
1,16710,201,248,402,496,4
1,16711,201,249,402,498,4
1,16712,201,250,402,500,4
1,16713,201,251,402,502,4
1,16714,201,252,402,504,4
1,16715,201,253,402,506,4
1,16716,201,254,402,508,4
1,16717,201,255,402,510,4
1,16718,201,256,402,512,4
1,16719,201,257,403,514,1
1,16720,201,258,402,516,3
1,16721,201,259,402,518,3
1,16722,201,260,402,520,3
1,16723,201,261,402,522,4
1,16724,201,262,402,524,4
1,16725,201,263,402,526,4
1,16726,201,264,402,528,4
1,16727,201,265,402,530,4
1,16728,201,266,402,532,4
1,16729,201,267,402,534,4
1,16730,201,268,402,536,4
1,16731,201,269,402,538,4
1,16732,201,270,402,540,4
1,16733,201,271,402,542,4
1,16734,201,356,402,713,2
1,16735,201,357,402,714,3
1,16736,201,358,403,716,2
1,16737,201,359,402,718,4
1,16738,201,360,402,720,4
1,16739,201,361,402,722,4
1,16740,201,362,402,724,4
1,16741,201,363,402,726,4
1,16742,201,364,402,728,4
1,16743,201,365,402,730,4
1,16744,201,366,402,732,4
1,16745,201,367,402,734,4
1,16746,201,368,402,736,4
1,16747,201,369,402,738,4
1,16748,201,370,402,740,4
1,16749,201,371,402,742,4
1,16750,201,372,402,744,4
1,16751,201,373,402,746,4
1,16752,201,374,402,748,4
1,16753,201,375,402,750,4
1,16754,201,376,402,752,4
1,16755,201,377,402,754,4
1,16756,201,378,402,756,4
1,16757,201,379,402,758,2
1,16758,201,425,402,851,2
1,16759,201,426,402,852,4
1,16760,201,427,402,854,4
1,16761,201,428,402,856,4
1,16762,201,429,402,858,4
1,16763,201,430,402,860,4
1,16764,201,431,402,862,4
1,16765,201,432,402,864,4
1,16766,201,478,402,956,4
1,16767,201,479,402,958,4
1,16768,201,480,402,960,4
1,16769,201,481,402,962,4
1,16770,201,482,402,964,4
1,16771,201,483,402,966,4
1,16772,201,484,402,968,4
1,16773,201,485,402,970,4
1,16774,201,486,402,972,4
1,16775,201,487,402,974,4
1,16776,201,488,402,976,4
1,16777,201,489,402,978,4
1,16778,201,490,402,980,4
1,16779,201,491,402,982,4
1,16780,201,492,402,984,4
1,16781,201,493,402,986,4
1,16782,201,494,402,988,4
1,16783,201,495,402,990,4
1,16784,201,496,402,992,4
1,16785,201,497,402,994,4
1,16786,201,498,402,996,4
1,16787,201,499,402,998,4
1,16788,201,500,402,1000,4
1,16789,201,501,402,1002,4
1,16790,201,502,402,1004,4
1,16791,201,503,402,1006,2
1,16792,201,602,402,1205,2
1,16793,201,603,402,1206,4
1,16794,201,604,402,1208,4
1,16795,201,605,402,1210,4
1,16796,201,606,402,1212,4
1,16797,201,607,402,1214,4
1,16798,201,608,402,1216,4
1,16799,201,609,402,1218,3
1,16800,201,628,402,1256,4
1,16801,201,629,402,1258,4
1,16802,201,630,402,1260,4
1,16803,201,631,402,1262,4
1,16804,201,632,402,1264,4
1,16805,201,633,402,1266,4
1,16806,201,634,402,1268,4
1,16807,201,635,402,1270,4
1,16808,201,636,402,1272,4
1,16809,201,637,402,1274,4
1,16810,201,638,402,1276,4
1,16811,201,639,402,1278,4
1,16812,201,640,402,1280,4
1,16813,201,641,402,1282,4
1,16814,201,642,402,1284,4
1,16815,201,643,402,1286,4
1,16816,201,644,402,1288,4
1,16817,201,645,402,1290,4
1,16818,201,646,402,1292,4
1,16819,201,647,402,1294,4
1,16820,201,648,402,1296,4
1,16821,201,663,403,1327,1
1,16822,201,664,402,1328,4
1,16823,201,665,402,1330,4
1,16824,201,666,402,1332,4
1,16825,201,667,402,1334,4
1,16826,201,668,402,1336,4
1,16827,201,669,402,1338,4
1,16828,201,670,402,1340,4
1,16829,202,103,404,207,2
1,16830,202,104,404,208,4
1,16831,202,105,404,210,4
1,16832,202,106,404,212,4
1,16833,202,107,404,214,4
1,16834,202,108,404,216,4
1,16835,202,109,404,218,4
1,16836,202,110,404,220,4
1,16837,202,111,404,222,4
1,16838,202,112,404,224,4
1,16839,202,113,404,226,4
1,16840,202,114,404,228,4
1,16841,202,115,404,230,4
1,16842,202,116,404,232,4
1,16843,202,117,404,234,4
1,16844,202,118,404,236,4
1,16845,202,119,404,238,4
1,16846,202,120,404,240,4
1,16847,202,121,404,242,4
1,16848,202,236,404,472,4
1,16849,202,237,404,474,4
1,16850,202,238,404,476,4
1,16851,202,239,404,478,4
1,16852,202,240,404,480,4
1,16853,202,241,404,482,4
1,16854,202,242,404,484,4
1,16855,202,243,404,486,4
1,16856,202,244,404,488,4
1,16857,202,245,404,490,4
1,16858,202,246,404,492,4
1,16859,202,247,404,494,4
1,16860,202,248,404,496,4
1,16861,202,249,404,498,4
1,16862,202,250,404,500,4
1,16863,202,251,404,502,4
1,16864,202,252,404,504,4
1,16865,202,253,404,506,4
1,16866,202,254,404,508,4
1,16867,202,255,404,510,4
1,16868,202,256,404,512,4
1,16869,202,257,404,514,4
1,16870,202,258,405,516,1
1,16871,202,259,404,518,2
1,16872,202,260,404,520,2
1,16873,202,261,404,522,2
1,16874,202,262,404,524,3
1,16875,202,263,404,526,4
1,16876,202,264,404,528,4
1,16877,202,265,404,530,2
1,16878,202,266,404,532,4
1,16879,202,267,404,534,4
1,16880,202,268,404,536,4
1,16881,202,269,404,538,4
1,16882,202,270,404,540,4
1,16883,202,271,404,542,2
1,16884,202,356,404,713,1
1,16885,202,357,404,714,4
1,16886,202,358,404,716,4
1,16887,202,359,404,718,4
1,16888,202,360,404,720,4
1,16889,202,361,404,722,4
1,16890,202,362,404,724,4
1,16891,202,363,404,726,4
1,16892,202,364,404,728,4
1,16893,202,365,404,730,4
1,16894,202,366,404,732,4
1,16895,202,367,404,734,4
1,16896,202,368,404,736,4
1,16897,202,369,404,738,4
1,16898,202,370,404,740,4
1,16899,202,371,404,742,4
1,16900,202,372,404,744,4
1,16901,202,373,404,746,4
1,16902,202,374,404,748,4
1,16903,202,375,404,750,4
1,16904,202,376,404,752,4
1,16905,202,377,404,754,4
1,16906,202,378,404,756,4
1,16907,202,425,404,851,2
1,16908,202,426,404,852,4
1,16909,202,427,404,854,4
1,16910,202,428,404,856,4
1,16911,202,429,404,858,4
1,16912,202,430,404,860,4
1,16913,202,431,404,862,4
1,16914,202,432,404,864,4
1,16915,202,479,404,958,4
1,16916,202,480,404,960,4
1,16917,202,481,404,962,4
1,16918,202,482,404,964,4
1,16919,202,483,404,966,4
1,16920,202,484,404,968,4
1,16921,202,485,404,970,4
1,16922,202,486,404,972,4
1,16923,202,487,404,974,4
1,16924,202,488,404,976,4
1,16925,202,489,404,978,4
1,16926,202,490,404,980,4
1,16927,202,491,404,982,4
1,16928,202,492,404,984,4
1,16929,202,493,404,986,4
1,16930,202,494,404,988,4
1,16931,202,495,404,990,4
1,16932,202,496,404,992,4
1,16933,202,497,404,994,4
1,16934,202,498,404,996,4
1,16935,202,499,404,998,4
1,16936,202,500,404,1000,4
1,16937,202,501,404,1002,4
1,16938,202,502,404,1004,4
1,16939,202,503,404,1006,2
1,16940,202,603,404,1206,4
1,16941,202,604,404,1208,4
1,16942,202,605,404,1210,4
1,16943,202,606,404,1212,4
1,16944,202,607,404,1214,4
1,16945,202,608,404,1216,4
1,16946,202,609,404,1218,4
1,16947,202,628,404,1256,4
1,16948,202,629,404,1258,4
1,16949,202,630,404,1260,4
1,16950,202,631,404,1262,4
1,16951,202,632,404,1264,4
1,16952,202,633,404,1266,4
1,16953,202,634,404,1268,4
1,16954,202,635,404,1270,4
1,16955,202,636,404,1272,4
1,16956,202,637,404,1274,4
1,16957,202,638,404,1276,4
1,16958,202,639,404,1278,4
1,16959,202,640,404,1280,4
1,16960,202,641,404,1282,4
1,16961,202,642,404,1284,4
1,16962,202,643,404,1286,4
1,16963,202,644,404,1288,4
1,16964,202,645,404,1290,4
1,16965,202,646,404,1292,4
1,16966,202,647,404,1294,4
1,16967,202,648,404,1296,4
1,16968,202,649,404,1298,1
1,16969,202,663,404,1327,2
1,16970,202,664,404,1328,4
1,16971,202,665,404,1330,4
1,16972,202,666,404,1332,4
1,16973,202,667,404,1334,4
1,16974,202,668,404,1336,4
1,16975,202,669,404,1338,4
1,16976,202,670,404,1340,3
1,16977,203,103,406,207,2
1,16978,203,104,406,208,4
1,16979,203,105,406,210,4
1,16980,203,106,406,212,4
1,16981,203,107,406,214,4
1,16982,203,108,406,216,4
1,16983,203,109,406,218,4
1,16984,203,110,406,220,4
1,16985,203,111,406,222,4
1,16986,203,112,406,224,4
1,16987,203,113,406,226,4
1,16988,203,114,406,228,4
1,16989,203,115,406,230,4
1,16990,203,116,406,232,4
1,16991,203,117,406,234,4
1,16992,203,118,406,236,4
1,16993,203,119,406,238,4
1,16994,203,120,406,240,4
1,16995,203,121,406,242,4
1,16996,203,236,406,473,1
1,16997,203,237,406,474,4
1,16998,203,238,406,476,4
1,16999,203,239,406,478,4
1,17000,203,240,406,480,4
1,17001,203,241,406,482,4
1,17002,203,242,406,484,4
1,17003,203,243,406,486,4
1,17004,203,244,406,488,4
1,17005,203,245,406,490,4
1,17006,203,246,406,492,4
1,17007,203,247,406,494,4
1,17008,203,248,406,496,4
1,17009,203,249,406,498,4
1,17010,203,250,406,500,4
1,17011,203,251,406,502,4
1,17012,203,252,406,504,4
1,17013,203,253,406,506,4
1,17014,203,254,406,508,4
1,17015,203,255,406,510,4
1,17016,203,256,406,512,4
1,17017,203,257,406,514,4
1,17018,203,258,406,516,4
1,17019,203,259,406,518,4
1,17020,203,260,406,520,4
1,17021,203,261,406,522,4
1,17022,203,262,407,524,2
1,17023,203,263,407,526,2
1,17024,203,264,406,529,2
1,17025,203,265,406,530,2
1,17026,203,266,406,532,4
1,17027,203,267,406,534,4
1,17028,203,268,406,536,4
1,17029,203,269,406,538,3
1,17030,203,270,406,540,1
1,17031,203,357,406,714,3
1,17032,203,358,406,716,4
1,17033,203,359,406,718,4
1,17034,203,360,406,720,4
1,17035,203,361,406,722,4
1,17036,203,362,406,724,4
1,17037,203,363,406,726,4
1,17038,203,364,406,728,4
1,17039,203,365,406,730,4
1,17040,203,366,406,732,4
1,17041,203,367,406,734,4
1,17042,203,368,406,736,4
1,17043,203,369,406,738,4
1,17044,203,370,406,740,4
1,17045,203,371,406,742,4
1,17046,203,372,406,744,4
1,17047,203,373,406,746,4
1,17048,203,374,406,748,4
1,17049,203,375,406,750,4
1,17050,203,376,406,752,4
1,17051,203,377,406,754,4
1,17052,203,378,406,756,4
1,17053,203,425,406,851,2
1,17054,203,426,406,852,4
1,17055,203,427,406,854,4
1,17056,203,428,406,856,4
1,17057,203,429,406,858,4
1,17058,203,430,406,860,4
1,17059,203,431,406,862,4
1,17060,203,479,406,958,4
1,17061,203,480,406,960,4
1,17062,203,481,406,962,4
1,17063,203,482,406,964,4
1,17064,203,483,406,966,4
1,17065,203,484,406,968,4
1,17066,203,485,406,970,4
1,17067,203,486,406,972,4
1,17068,203,487,406,974,4
1,17069,203,488,406,976,4
1,17070,203,489,406,978,4
1,17071,203,490,406,980,4
1,17072,203,491,406,982,4
1,17073,203,492,406,984,4
1,17074,203,493,406,986,4
1,17075,203,494,406,988,4
1,17076,203,495,406,990,4
1,17077,203,496,406,992,4
1,17078,203,497,406,994,4
1,17079,203,498,406,996,4
1,17080,203,499,406,998,4
1,17081,203,500,406,1000,4
1,17082,203,501,406,1002,4
1,17083,203,502,406,1004,4
1,17084,203,503,406,1006,2
1,17085,203,603,406,1206,4
1,17086,203,604,406,1208,4
1,17087,203,605,406,1210,4
1,17088,203,606,406,1212,4
1,17089,203,607,406,1214,4
1,17090,203,608,406,1216,4
1,17091,203,609,406,1218,4
1,17092,203,627,406,1255,2
1,17093,203,628,406,1256,4
1,17094,203,629,406,1258,4
1,17095,203,630,406,1260,4
1,17096,203,631,406,1262,4
1,17097,203,632,406,1264,4
1,17098,203,633,406,1266,4
1,17099,203,634,406,1268,4
1,17100,203,635,406,1270,4
1,17101,203,636,406,1272,4
1,17102,203,637,406,1274,4
1,17103,203,638,406,1276,4
1,17104,203,639,406,1278,4
1,17105,203,640,406,1280,4
1,17106,203,641,406,1282,4
1,17107,203,642,406,1284,4
1,17108,203,643,406,1286,4
1,17109,203,644,406,1288,4
1,17110,203,645,406,1290,4
1,17111,203,646,406,1292,4
1,17112,203,647,406,1294,4
1,17113,203,648,406,1296,3
1,17114,203,663,406,1327,2
1,17115,203,664,406,1328,4
1,17116,203,665,406,1330,4
1,17117,203,666,406,1332,4
1,17118,203,667,406,1334,4
1,17119,203,668,406,1336,4
1,17120,203,669,406,1338,4
1,17121,203,670,406,1340,1
1,17122,204,103,408,207,2
1,17123,204,104,408,208,4
1,17124,204,105,408,210,4
1,17125,204,106,408,212,4
1,17126,204,107,408,214,4
1,17127,204,108,408,216,4
1,17128,204,109,408,218,4
1,17129,204,110,408,220,4
1,17130,204,111,408,222,4
1,17131,204,112,408,224,4
1,17132,204,113,408,226,4
1,17133,204,114,408,228,4
1,17134,204,115,408,230,4
1,17135,204,116,408,232,4
1,17136,204,117,408,234,4
1,17137,204,118,408,236,4
1,17138,204,119,408,238,4
1,17139,204,120,408,240,4
1,17140,204,121,408,242,4
1,17141,204,122,409,244,1
1,17142,204,237,408,474,3
1,17143,204,238,408,476,4
1,17144,204,239,408,478,4
1,17145,204,240,408,480,4
1,17146,204,241,408,482,4
1,17147,204,242,408,484,4
1,17148,204,243,408,486,4
1,17149,204,244,408,488,4
1,17150,204,245,408,490,4
1,17151,204,246,408,492,4
1,17152,204,247,408,494,4
1,17153,204,248,408,496,4
1,17154,204,249,408,498,4
1,17155,204,250,408,500,4
1,17156,204,251,408,502,4
1,17157,204,252,408,504,4
1,17158,204,253,408,506,4
1,17159,204,254,408,508,4
1,17160,204,255,408,510,4
1,17161,204,256,408,512,4
1,17162,204,257,408,514,4
1,17163,204,258,408,516,4
1,17164,204,259,408,518,4
1,17165,204,260,408,520,4
1,17166,204,261,408,522,4
1,17167,204,262,408,524,4
1,17168,204,263,408,526,4
1,17169,204,264,408,529,2
1,17170,204,265,408,530,2
1,17171,204,266,408,532,4
1,17172,204,267,408,534,4
1,17173,204,268,408,536,2
1,17174,204,357,408,715,2
1,17175,204,358,408,716,4
1,17176,204,359,408,718,4
1,17177,204,360,408,720,4
1,17178,204,361,408,722,4
1,17179,204,362,408,724,4
1,17180,204,363,408,726,4
1,17181,204,364,408,728,4
1,17182,204,365,408,730,4
1,17183,204,366,408,732,4
1,17184,204,367,408,734,4
1,17185,204,368,408,736,4
1,17186,204,369,408,738,4
1,17187,204,370,408,740,4
1,17188,204,371,408,742,4
1,17189,204,372,408,744,4
1,17190,204,373,408,746,4
1,17191,204,374,408,748,4
1,17192,204,375,408,750,4
1,17193,204,376,408,752,4
1,17194,204,377,408,754,4
1,17195,204,378,408,756,2
1,17196,204,425,408,851,2
1,17197,204,426,408,852,4
1,17198,204,427,408,854,4
1,17199,204,428,408,856,4
1,17200,204,429,408,858,4
1,17201,204,430,408,860,4
1,17202,204,431,408,862,4
1,17203,204,479,408,958,4
1,17204,204,480,408,960,4
1,17205,204,481,408,962,4
1,17206,204,482,408,964,4
1,17207,204,483,408,966,4
1,17208,204,484,408,968,4
1,17209,204,485,408,970,4
1,17210,204,486,408,972,4
1,17211,204,487,408,974,4
1,17212,204,488,408,976,4
1,17213,204,489,408,978,4
1,17214,204,490,408,980,4
1,17215,204,491,408,982,4
1,17216,204,492,408,984,4
1,17217,204,493,408,986,4
1,17218,204,494,408,988,4
1,17219,204,495,408,990,4
1,17220,204,496,408,992,4
1,17221,204,497,408,994,4
1,17222,204,498,408,996,4
1,17223,204,499,408,998,4
1,17224,204,500,408,1000,4
1,17225,204,501,408,1002,4
1,17226,204,502,408,1004,4
1,17227,204,503,408,1006,2
1,17228,204,531,409,1062,2
1,17229,204,532,409,1064,1
1,17230,204,603,408,1207,2
1,17231,204,604,408,1208,4
1,17232,204,605,408,1210,4
1,17233,204,606,408,1212,4
1,17234,204,607,408,1214,4
1,17235,204,608,408,1216,4
1,17236,204,609,408,1218,4
1,17237,204,627,408,1254,4
1,17238,204,628,408,1256,4
1,17239,204,629,408,1258,4
1,17240,204,630,408,1260,4
1,17241,204,631,408,1262,4
1,17242,204,632,408,1264,4
1,17243,204,633,408,1266,4
1,17244,204,634,408,1268,4
1,17245,204,635,408,1270,4
1,17246,204,636,408,1272,4
1,17247,204,637,408,1274,4
1,17248,204,638,408,1276,4
1,17249,204,639,408,1278,4
1,17250,204,640,408,1280,4
1,17251,204,641,408,1282,4
1,17252,204,642,408,1284,4
1,17253,204,643,408,1286,4
1,17254,204,644,408,1288,4
1,17255,204,645,408,1290,4
1,17256,204,646,408,1292,4
1,17257,204,647,408,1294,4
1,17258,204,648,408,1296,1
1,17259,204,663,408,1327,3
1,17260,204,664,408,1328,4
1,17261,204,665,408,1330,4
1,17262,204,666,408,1332,4
1,17263,204,667,408,1334,4
1,17264,204,668,408,1336,4
1,17265,204,669,408,1338,3
1,17266,205,103,410,207,2
1,17267,205,104,410,208,4
1,17268,205,105,410,210,4
1,17269,205,106,410,212,4
1,17270,205,107,410,214,4
1,17271,205,108,410,216,4
1,17272,205,109,410,218,4
1,17273,205,110,410,220,4
1,17274,205,111,410,222,4
1,17275,205,112,410,224,4
1,17276,205,113,410,226,4
1,17277,205,114,410,228,4
1,17278,205,115,410,230,4
1,17279,205,116,410,232,4
1,17280,205,117,410,234,4
1,17281,205,118,410,236,4
1,17282,205,119,410,238,4
1,17283,205,120,410,240,4
1,17284,205,121,410,242,4
1,17285,205,122,410,244,2
1,17286,205,237,410,475,1
1,17287,205,238,410,476,4
1,17288,205,239,410,478,4
1,17289,205,240,410,480,4
1,17290,205,241,410,482,4
1,17291,205,242,410,484,4
1,17292,205,243,410,486,4
1,17293,205,244,410,488,4
1,17294,205,245,410,490,4
1,17295,205,246,410,492,4
1,17296,205,247,410,494,4
1,17297,205,248,410,496,4
1,17298,205,249,410,498,4
1,17299,205,250,410,500,4
1,17300,205,251,410,502,4
1,17301,205,252,410,504,4
1,17302,205,253,410,506,4
1,17303,205,254,410,508,4
1,17304,205,255,410,510,4
1,17305,205,256,410,512,4
1,17306,205,257,410,514,4
1,17307,205,258,410,516,4
1,17308,205,259,410,518,4
1,17309,205,260,410,520,4
1,17310,205,261,410,522,4
1,17311,205,262,410,524,4
1,17312,205,263,410,526,4
1,17313,205,264,410,529,2
1,17314,205,265,410,530,2
1,17315,205,266,410,532,3
1,17316,205,267,410,534,1
1,17317,205,358,410,716,4
1,17318,205,359,410,718,4
1,17319,205,360,410,720,4
1,17320,205,361,410,722,4
1,17321,205,362,410,724,4
1,17322,205,363,410,726,4
1,17323,205,364,410,728,4
1,17324,205,365,410,730,4
1,17325,205,366,410,732,4
1,17326,205,367,410,734,4
1,17327,205,368,410,736,4
1,17328,205,369,410,738,4
1,17329,205,370,410,740,4
1,17330,205,371,410,742,4
1,17331,205,372,410,744,4
1,17332,205,373,410,746,4
1,17333,205,374,410,748,4
1,17334,205,375,410,750,4
1,17335,205,376,410,752,4
1,17336,205,377,410,754,4
1,17337,205,378,410,756,1
1,17338,205,425,410,851,2
1,17339,205,426,410,852,4
1,17340,205,427,410,854,4
1,17341,205,428,410,856,4
1,17342,205,429,410,858,4
1,17343,205,430,410,860,4
1,17344,205,431,410,862,4
1,17345,205,479,410,958,4
1,17346,205,480,410,960,4
1,17347,205,481,410,962,4
1,17348,205,482,410,964,4
1,17349,205,483,410,966,4
1,17350,205,484,410,968,4
1,17351,205,485,410,970,4
1,17352,205,486,410,972,4
1,17353,205,487,410,974,4
1,17354,205,488,410,976,4
1,17355,205,489,410,978,4
1,17356,205,490,410,980,4
1,17357,205,491,410,982,4
1,17358,205,492,410,984,4
1,17359,205,493,410,986,4
1,17360,205,494,410,988,4
1,17361,205,495,410,990,4
1,17362,205,496,410,992,4
1,17363,205,497,410,994,4
1,17364,205,498,410,996,4
1,17365,205,499,410,998,4
1,17366,205,500,410,1000,4
1,17367,205,501,410,1002,4
1,17368,205,502,410,1004,4
1,17369,205,503,410,1006,2
1,17370,205,531,410,1062,3
1,17371,205,532,410,1064,1
1,17372,205,604,410,1208,3
1,17373,205,605,410,1210,4
1,17374,205,606,410,1212,4
1,17375,205,607,410,1214,4
1,17376,205,608,410,1216,4
1,17377,205,609,410,1218,4
1,17378,205,610,410,1220,2
1,17379,205,626,410,1253,3
1,17380,205,627,410,1254,4
1,17381,205,628,410,1256,4
1,17382,205,629,410,1258,4
1,17383,205,630,410,1260,4
1,17384,205,631,410,1262,4
1,17385,205,632,410,1264,4
1,17386,205,633,410,1266,4
1,17387,205,634,410,1268,4
1,17388,205,635,410,1270,4
1,17389,205,636,410,1272,4
1,17390,205,637,410,1274,4
1,17391,205,638,410,1276,4
1,17392,205,639,410,1278,4
1,17393,205,640,410,1280,4
1,17394,205,641,410,1282,4
1,17395,205,642,410,1284,4
1,17396,205,643,410,1286,4
1,17397,205,644,410,1288,4
1,17398,205,645,410,1290,4
1,17399,205,646,410,1292,4
1,17400,205,647,410,1294,4
1,17401,205,663,410,1326,4
1,17402,205,664,410,1328,4
1,17403,205,665,410,1330,4
1,17404,205,666,410,1332,4
1,17405,205,667,410,1334,4
1,17406,205,668,410,1336,4
1,17407,205,669,410,1338,1
1,17408,206,103,412,207,2
1,17409,206,104,412,208,4
1,17410,206,105,412,210,4
1,17411,206,106,412,212,4
1,17412,206,107,412,214,4
1,17413,206,108,412,216,4
1,17414,206,109,412,218,4
1,17415,206,110,412,220,4
1,17416,206,111,412,222,4
1,17417,206,112,412,224,4
1,17418,206,113,412,226,4
1,17419,206,114,412,228,4
1,17420,206,115,412,230,4
1,17421,206,116,412,232,4
1,17422,206,117,412,234,4
1,17423,206,118,412,236,4
1,17424,206,119,412,238,4
1,17425,206,120,412,240,4
1,17426,206,121,412,242,4
1,17427,206,122,412,244,3
1,17428,206,238,412,477,2
1,17429,206,239,412,478,4
1,17430,206,240,412,480,4
1,17431,206,241,412,482,4
1,17432,206,242,412,484,4
1,17433,206,243,412,486,4
1,17434,206,244,412,488,4
1,17435,206,245,412,490,4
1,17436,206,246,412,492,4
1,17437,206,247,412,494,4
1,17438,206,248,412,496,4
1,17439,206,249,412,498,4
1,17440,206,250,412,500,4
1,17441,206,251,412,502,4
1,17442,206,252,412,504,4
1,17443,206,253,412,506,4
1,17444,206,254,412,508,4
1,17445,206,255,412,510,4
1,17446,206,256,412,512,4
1,17447,206,257,412,514,4
1,17448,206,258,412,516,4
1,17449,206,259,412,518,4
1,17450,206,260,412,520,4
1,17451,206,261,412,522,4
1,17452,206,262,412,524,4
1,17453,206,263,412,526,3
1,17454,206,264,412,529,2
1,17455,206,265,412,530,1
1,17456,206,358,412,716,4
1,17457,206,359,412,718,4
1,17458,206,360,412,720,4
1,17459,206,361,412,722,4
1,17460,206,362,412,724,4
1,17461,206,363,412,726,4
1,17462,206,364,412,728,4
1,17463,206,365,412,730,4
1,17464,206,366,412,732,4
1,17465,206,367,412,734,4
1,17466,206,368,412,736,4
1,17467,206,369,412,738,4
1,17468,206,370,412,740,4
1,17469,206,371,412,742,4
1,17470,206,372,412,744,4
1,17471,206,373,412,746,4
1,17472,206,374,412,748,4
1,17473,206,375,412,750,4
1,17474,206,376,412,752,4
1,17475,206,377,412,754,3
1,17476,206,425,412,851,2
1,17477,206,426,412,852,4
1,17478,206,427,412,854,4
1,17479,206,428,412,856,4
1,17480,206,429,412,858,4
1,17481,206,430,412,860,4
1,17482,206,431,412,862,4
1,17483,206,432,412,864,4
1,17484,206,479,412,958,3
1,17485,206,480,412,960,4
1,17486,206,481,412,962,4
1,17487,206,482,412,964,2
1,17488,206,483,412,966,2
1,17489,206,484,412,968,4
1,17490,206,485,412,970,4
1,17491,206,486,412,972,4
1,17492,206,487,412,974,4
1,17493,206,488,412,976,4
1,17494,206,489,412,978,4
1,17495,206,490,412,980,4
1,17496,206,491,412,982,4
1,17497,206,492,412,984,4
1,17498,206,493,412,986,4
1,17499,206,494,412,988,4
1,17500,206,495,412,990,4
1,17501,206,496,412,992,4
1,17502,206,497,412,994,4
1,17503,206,498,412,996,4
1,17504,206,499,412,998,4
1,17505,206,500,412,1000,4
1,17506,206,501,412,1002,4
1,17507,206,502,412,1004,4
1,17508,206,503,412,1006,2
1,17509,206,531,412,1063,2
1,17510,206,532,412,1064,4
1,17511,206,533,413,1066,1
1,17512,206,604,412,1209,1
1,17513,206,605,412,1210,4
1,17514,206,606,412,1212,4
1,17515,206,607,412,1214,4
1,17516,206,608,412,1216,4
1,17517,206,609,412,1218,4
1,17518,206,610,412,1220,3
1,17519,206,611,413,1222,1
1,17520,206,625,412,1251,3
1,17521,206,626,412,1252,4
1,17522,206,627,412,1254,4
1,17523,206,628,412,1256,4
1,17524,206,629,412,1258,4
1,17525,206,630,412,1260,4
1,17526,206,631,412,1262,4
1,17527,206,632,412,1264,4
1,17528,206,633,412,1266,4
1,17529,206,634,412,1268,4
1,17530,206,635,412,1270,4
1,17531,206,636,412,1272,4
1,17532,206,637,412,1274,4
1,17533,206,638,412,1276,4
1,17534,206,639,412,1278,4
1,17535,206,640,412,1280,4
1,17536,206,641,412,1282,4
1,17537,206,642,412,1284,4
1,17538,206,643,412,1286,4
1,17539,206,644,412,1288,4
1,17540,206,645,412,1290,4
1,17541,206,646,412,1292,4
1,17542,206,647,412,1294,4
1,17543,206,648,412,1296,3
1,17544,206,662,412,1325,3
1,17545,206,663,412,1326,4
1,17546,206,664,412,1328,4
1,17547,206,665,412,1330,4
1,17548,206,666,412,1332,4
1,17549,206,667,412,1334,4
1,17550,206,668,412,1336,4
1,17551,207,103,414,207,2
1,17552,207,104,414,208,4
1,17553,207,105,414,210,4
1,17554,207,106,414,212,4
1,17555,207,107,414,214,4
1,17556,207,108,414,216,4
1,17557,207,109,414,218,4
1,17558,207,110,414,220,4
1,17559,207,111,414,222,4
1,17560,207,112,414,224,4
1,17561,207,113,414,226,4
1,17562,207,114,414,228,4
1,17563,207,115,414,230,4
1,17564,207,116,414,232,4
1,17565,207,117,414,234,4
1,17566,207,118,414,236,4
1,17567,207,119,414,238,4
1,17568,207,120,414,240,4
1,17569,207,121,414,242,4
1,17570,207,122,414,244,4
1,17571,207,239,414,478,4
1,17572,207,240,414,480,4
1,17573,207,241,414,482,4
1,17574,207,242,414,484,4
1,17575,207,243,414,486,4
1,17576,207,244,414,488,4
1,17577,207,245,414,490,4
1,17578,207,246,414,492,4
1,17579,207,247,414,494,4
1,17580,207,248,414,496,4
1,17581,207,249,414,498,4
1,17582,207,250,414,500,4
1,17583,207,251,414,502,4
1,17584,207,252,414,504,4
1,17585,207,253,414,506,4
1,17586,207,254,414,508,4
1,17587,207,255,414,510,4
1,17588,207,256,414,512,4
1,17589,207,257,414,514,4
1,17590,207,258,414,516,4
1,17591,207,259,414,518,4
1,17592,207,260,414,520,4
1,17593,207,261,414,522,4
1,17594,207,262,414,524,3
1,17595,207,358,414,717,2
1,17596,207,359,414,718,4
1,17597,207,360,414,720,4
1,17598,207,361,414,722,4
1,17599,207,362,414,724,4
1,17600,207,363,414,726,4
1,17601,207,364,414,728,4
1,17602,207,365,414,730,4
1,17603,207,366,414,732,4
1,17604,207,367,414,734,4
1,17605,207,368,414,736,4
1,17606,207,369,414,738,4
1,17607,207,370,414,740,4
1,17608,207,371,414,742,4
1,17609,207,372,414,744,4
1,17610,207,373,414,746,4
1,17611,207,374,414,748,4
1,17612,207,375,414,750,4
1,17613,207,376,414,752,4
1,17614,207,425,414,851,2
1,17615,207,426,414,852,4
1,17616,207,427,414,854,4
1,17617,207,428,414,856,4
1,17618,207,429,414,858,4
1,17619,207,430,414,860,4
1,17620,207,431,414,862,4
1,17621,207,432,414,864,4
1,17622,207,479,414,959,2
1,17623,207,480,414,960,4
1,17624,207,481,414,962,2
1,17625,207,484,414,969,2
1,17626,207,485,414,970,4
1,17627,207,486,414,972,4
1,17628,207,487,414,974,4
1,17629,207,488,414,976,4
1,17630,207,489,414,978,4
1,17631,207,490,414,980,4
1,17632,207,491,414,982,4
1,17633,207,492,414,984,4
1,17634,207,493,414,986,4
1,17635,207,494,414,988,4
1,17636,207,495,414,990,4
1,17637,207,496,414,992,4
1,17638,207,497,414,994,4
1,17639,207,498,414,996,4
1,17640,207,499,414,998,4
1,17641,207,500,414,1000,4
1,17642,207,501,414,1002,4
1,17643,207,502,414,1004,4
1,17644,207,503,414,1006,2
1,17645,207,531,414,1063,2
1,17646,207,532,414,1064,4
1,17647,207,533,414,1066,3
1,17648,207,605,414,1210,3
1,17649,207,606,414,1212,4
1,17650,207,607,414,1214,4
1,17651,207,608,414,1216,4
1,17652,207,609,414,1218,4
1,17653,207,610,414,1220,4
1,17654,207,611,414,1222,4
1,17655,207,612,414,1224,4
1,17656,207,613,414,1226,4
1,17657,207,614,415,1228,2
1,17658,207,624,414,1249,3
1,17659,207,625,414,1250,4
1,17660,207,626,414,1252,4
1,17661,207,627,414,1254,4
1,17662,207,628,414,1256,4
1,17663,207,629,414,1258,4
1,17664,207,630,414,1260,4
1,17665,207,631,414,1262,4
1,17666,207,632,414,1264,4
1,17667,207,633,414,1266,4
1,17668,207,634,414,1268,4
1,17669,207,635,414,1270,4
1,17670,207,636,414,1272,4
1,17671,207,637,414,1274,4
1,17672,207,638,414,1276,4
1,17673,207,639,414,1278,4
1,17674,207,640,414,1280,4
1,17675,207,641,414,1282,4
1,17676,207,642,414,1284,4
1,17677,207,643,414,1286,4
1,17678,207,644,414,1288,4
1,17679,207,645,414,1290,4
1,17680,207,646,414,1292,4
1,17681,207,647,414,1294,4
1,17682,207,648,414,1296,4
1,17683,207,649,414,1298,2
1,17684,207,654,415,1309,1
1,17685,207,655,415,1310,2
1,17686,207,656,415,1312,2
1,17687,207,657,415,1314,2
1,17688,207,658,415,1316,2
1,17689,207,659,414,1319,3
1,17690,207,660,414,1320,4
1,17691,207,661,414,1322,4
1,17692,207,662,414,1324,4
1,17693,207,663,414,1326,4
1,17694,207,664,414,1328,4
1,17695,207,665,414,1330,4
1,17696,207,666,414,1332,4
1,17697,207,667,414,1334,4
1,17698,207,668,414,1336,2
1,17699,208,103,416,207,2
1,17700,208,104,416,208,4
1,17701,208,105,416,210,4
1,17702,208,106,416,212,4
1,17703,208,107,416,214,4
1,17704,208,108,416,216,4
1,17705,208,109,416,218,4
1,17706,208,110,416,220,4
1,17707,208,111,416,222,4
1,17708,208,112,416,224,4
1,17709,208,113,416,226,4
1,17710,208,114,416,228,4
1,17711,208,115,416,230,4
1,17712,208,116,416,232,4
1,17713,208,117,416,234,4
1,17714,208,118,416,236,4
1,17715,208,119,416,238,4
1,17716,208,120,416,240,4
1,17717,208,121,416,242,4
1,17718,208,122,416,244,4
1,17719,208,123,416,246,2
1,17720,208,239,416,479,2
1,17721,208,240,416,480,4
1,17722,208,241,416,482,4
1,17723,208,242,416,484,4
1,17724,208,243,416,486,4
1,17725,208,244,416,488,4
1,17726,208,245,416,490,4
1,17727,208,246,416,492,4
1,17728,208,247,416,494,4
1,17729,208,248,416,496,4
1,17730,208,249,416,498,4
1,17731,208,250,416,500,4
1,17732,208,251,416,502,4
1,17733,208,252,416,504,4
1,17734,208,253,416,506,4
1,17735,208,254,416,508,4
1,17736,208,255,416,510,4
1,17737,208,256,416,512,4
1,17738,208,257,416,514,2
1,17739,208,358,416,717,3
1,17740,208,359,416,718,4
1,17741,208,360,416,720,4
1,17742,208,361,416,722,4
1,17743,208,362,416,724,4
1,17744,208,363,416,726,4
1,17745,208,364,416,728,4
1,17746,208,365,416,730,4
1,17747,208,366,416,732,4
1,17748,208,367,416,734,4
1,17749,208,368,416,736,4
1,17750,208,369,416,738,4
1,17751,208,370,416,740,4
1,17752,208,371,416,742,4
1,17753,208,372,416,744,4
1,17754,208,373,416,746,4
1,17755,208,374,416,748,4
1,17756,208,375,416,750,4
1,17757,208,376,416,752,3
1,17758,208,425,416,851,2
1,17759,208,426,416,852,4
1,17760,208,427,416,854,4
1,17761,208,428,416,856,4
1,17762,208,429,416,858,4
1,17763,208,430,416,860,4
1,17764,208,431,416,862,4
1,17765,208,432,416,864,4
1,17766,208,480,416,961,1
1,17767,208,481,416,962,3
1,17768,208,484,416,969,3
1,17769,208,485,416,970,4
1,17770,208,486,416,972,4
1,17771,208,487,416,974,4
1,17772,208,488,416,976,4
1,17773,208,489,416,978,4
1,17774,208,490,416,980,4
1,17775,208,491,416,982,4
1,17776,208,492,416,984,4
1,17777,208,493,416,986,4
1,17778,208,494,416,988,4
1,17779,208,495,416,990,4
1,17780,208,496,416,992,4
1,17781,208,497,416,994,4
1,17782,208,498,416,996,4
1,17783,208,499,416,998,4
1,17784,208,500,416,1000,4
1,17785,208,501,416,1002,4
1,17786,208,502,416,1004,4
1,17787,208,503,416,1006,2
1,17788,208,528,417,1057,1
1,17789,208,529,417,1058,2
1,17790,208,530,417,1060,1
1,17791,208,531,416,1063,2
1,17792,208,532,416,1064,4
1,17793,208,533,416,1066,4
1,17794,208,534,416,1068,3
1,17795,208,605,416,1211,1
1,17796,208,606,416,1212,2
1,17797,208,607,416,1214,3
1,17798,208,608,416,1216,4
1,17799,208,609,416,1218,4
1,17800,208,610,416,1220,4
1,17801,208,611,416,1222,4
1,17802,208,612,416,1224,4
1,17803,208,613,416,1226,4
1,17804,208,614,416,1228,4
1,17805,208,615,416,1230,4
1,17806,208,616,416,1232,4
1,17807,208,617,416,1234,4
1,17808,208,618,416,1236,4
1,17809,208,619,416,1238,4
1,17810,208,620,416,1240,4
1,17811,208,621,416,1242,4
1,17812,208,622,416,1244,4
1,17813,208,623,416,1246,4
1,17814,208,624,416,1248,4
1,17815,208,625,416,1250,4
1,17816,208,626,416,1252,4
1,17817,208,627,416,1254,4
1,17818,208,628,416,1256,4
1,17819,208,629,416,1258,4
1,17820,208,630,416,1260,4
1,17821,208,631,416,1262,4
1,17822,208,632,416,1264,4
1,17823,208,633,416,1266,4
1,17824,208,634,416,1268,4
1,17825,208,635,416,1270,4
1,17826,208,636,416,1272,4
1,17827,208,637,416,1274,4
1,17828,208,638,416,1276,4
1,17829,208,639,416,1278,4
1,17830,208,640,416,1280,4
1,17831,208,641,416,1282,4
1,17832,208,642,416,1284,4
1,17833,208,643,416,1286,4
1,17834,208,644,416,1288,4
1,17835,208,645,416,1290,4
1,17836,208,646,416,1292,4
1,17837,208,647,416,1294,4
1,17838,208,648,416,1296,4
1,17839,208,649,416,1298,4
1,17840,208,650,416,1300,4
1,17841,208,651,416,1302,4
1,17842,208,652,416,1304,4
1,17843,208,653,416,1306,4
1,17844,208,654,416,1308,4
1,17845,208,655,416,1310,4
1,17846,208,656,416,1312,4
1,17847,208,657,416,1314,4
1,17848,208,658,416,1316,4
1,17849,208,659,416,1318,4
1,17850,208,660,416,1320,4
1,17851,208,661,416,1322,4
1,17852,208,662,416,1324,4
1,17853,208,663,416,1326,4
1,17854,208,664,416,1328,4
1,17855,208,665,416,1330,4
1,17856,208,666,416,1332,4
1,17857,208,667,416,1334,4
1,17858,209,103,418,207,2
1,17859,209,104,418,208,4
1,17860,209,105,418,210,4
1,17861,209,106,418,212,4
1,17862,209,107,418,214,4
1,17863,209,108,418,216,4
1,17864,209,109,418,218,4
1,17865,209,110,418,220,4
1,17866,209,111,418,222,4
1,17867,209,112,418,224,4
1,17868,209,113,418,226,4
1,17869,209,114,418,228,4
1,17870,209,115,418,230,4
1,17871,209,116,418,232,4
1,17872,209,117,418,234,4
1,17873,209,118,418,236,4
1,17874,209,119,418,238,4
1,17875,209,120,418,240,4
1,17876,209,121,418,242,4
1,17877,209,122,418,244,4
1,17878,209,123,418,246,3
1,17879,209,240,418,480,4
1,17880,209,241,418,482,4
1,17881,209,242,418,484,4
1,17882,209,243,418,486,4
1,17883,209,244,418,488,4
1,17884,209,245,418,490,4
1,17885,209,246,418,492,4
1,17886,209,247,418,494,4
1,17887,209,248,418,496,4
1,17888,209,249,418,498,4
1,17889,209,250,418,500,4
1,17890,209,251,418,502,4
1,17891,209,252,418,504,4
1,17892,209,253,418,506,4
1,17893,209,254,418,508,4
1,17894,209,255,418,510,4
1,17895,209,256,418,512,4
1,17896,209,334,419,668,2
1,17897,209,335,419,670,2
1,17898,209,336,419,672,2
1,17899,209,358,418,716,4
1,17900,209,359,418,718,4
1,17901,209,360,418,720,4
1,17902,209,361,418,722,4
1,17903,209,362,418,724,4
1,17904,209,363,418,726,4
1,17905,209,364,418,728,4
1,17906,209,365,418,730,4
1,17907,209,366,418,732,4
1,17908,209,367,418,734,4
1,17909,209,368,418,736,4
1,17910,209,369,418,738,4
1,17911,209,370,418,740,4
1,17912,209,371,418,742,4
1,17913,209,372,418,744,4
1,17914,209,373,418,746,4
1,17915,209,374,418,748,4
1,17916,209,375,418,750,4
1,17917,209,376,418,752,2
1,17918,209,425,418,851,2
1,17919,209,426,418,852,4
1,17920,209,427,418,854,4
1,17921,209,428,418,856,4
1,17922,209,429,418,858,4
1,17923,209,430,418,860,4
1,17924,209,431,418,862,4
1,17925,209,432,418,864,4
1,17926,209,481,418,962,4
1,17927,209,482,418,964,4
1,17928,209,483,418,966,4
1,17929,209,484,418,968,4
1,17930,209,485,418,970,4
1,17931,209,486,418,972,4
1,17932,209,487,418,974,4
1,17933,209,488,418,976,4
1,17934,209,489,418,978,4
1,17935,209,490,418,980,4
1,17936,209,491,418,982,4
1,17937,209,492,418,984,4
1,17938,209,493,418,986,4
1,17939,209,494,418,988,4
1,17940,209,495,418,990,4
1,17941,209,496,418,992,4
1,17942,209,497,418,994,4
1,17943,209,498,418,996,4
1,17944,209,499,418,998,4
1,17945,209,500,418,1000,4
1,17946,209,501,418,1002,4
1,17947,209,502,418,1004,4
1,17948,209,503,418,1006,2
1,17949,209,528,418,1057,2
1,17950,209,529,418,1058,4
1,17951,209,530,418,1060,4
1,17952,209,531,418,1062,4
1,17953,209,532,418,1064,4
1,17954,209,533,418,1066,4
1,17955,209,534,418,1068,4
1,17956,209,535,418,1071,3
1,17957,209,608,418,1217,1
1,17958,209,609,418,1218,3
1,17959,209,610,418,1220,4
1,17960,209,611,418,1222,4
1,17961,209,612,418,1224,4
1,17962,209,613,418,1226,4
1,17963,209,614,418,1228,4
1,17964,209,615,418,1230,4
1,17965,209,616,418,1232,4
1,17966,209,617,418,1234,4
1,17967,209,618,418,1236,4
1,17968,209,619,418,1239,3
1,17969,209,620,418,1240,4
1,17970,209,621,418,1242,4
1,17971,209,622,418,1244,4
1,17972,209,623,418,1246,4
1,17973,209,624,418,1248,4
1,17974,209,625,418,1250,4
1,17975,209,626,418,1252,4
1,17976,209,627,418,1254,4
1,17977,209,628,418,1256,4
1,17978,209,629,418,1258,4
1,17979,209,630,418,1260,4
1,17980,209,631,418,1262,4
1,17981,209,632,418,1264,4
1,17982,209,633,418,1266,4
1,17983,209,634,418,1268,4
1,17984,209,635,418,1270,3
1,17985,209,636,418,1272,4
1,17986,209,637,418,1274,4
1,17987,209,638,418,1276,4
1,17988,209,639,418,1278,4
1,17989,209,640,418,1280,4
1,17990,209,641,418,1282,4
1,17991,209,642,418,1284,4
1,17992,209,643,418,1286,4
1,17993,209,644,418,1288,4
1,17994,209,645,418,1290,4
1,17995,209,646,418,1292,4
1,17996,209,647,418,1294,4
1,17997,209,648,418,1296,4
1,17998,209,649,418,1298,4
1,17999,209,650,418,1300,4
1,18000,209,651,418,1302,4
1,18001,209,652,418,1304,4
1,18002,209,653,418,1306,4
1,18003,209,654,418,1308,4
1,18004,209,655,418,1310,4
1,18005,209,656,418,1312,4
1,18006,209,657,418,1314,4
1,18007,209,658,418,1316,4
1,18008,209,659,418,1318,4
1,18009,209,660,418,1320,4
1,18010,209,661,418,1322,4
1,18011,209,662,418,1324,4
1,18012,209,663,418,1326,4
1,18013,209,664,418,1328,4
1,18014,209,665,418,1330,4
1,18015,209,666,418,1332,4
1,18016,209,667,418,1334,2
1,18017,210,103,420,207,2
1,18018,210,104,420,208,4
1,18019,210,105,420,210,4
1,18020,210,106,420,212,4
1,18021,210,107,420,214,4
1,18022,210,108,420,216,4
1,18023,210,109,420,218,4
1,18024,210,110,420,220,4
1,18025,210,111,420,222,4
1,18026,210,112,420,224,4
1,18027,210,113,420,226,4
1,18028,210,114,420,228,4
1,18029,210,115,420,230,4
1,18030,210,116,420,232,4
1,18031,210,117,420,234,4
1,18032,210,118,420,236,4
1,18033,210,119,420,238,4
1,18034,210,120,420,240,4
1,18035,210,121,420,242,4
1,18036,210,122,420,244,4
1,18037,210,123,420,246,4
1,18038,210,124,421,248,2
1,18039,210,240,420,481,2
1,18040,210,241,420,482,4
1,18041,210,242,420,484,4
1,18042,210,243,420,486,4
1,18043,210,244,420,488,4
1,18044,210,245,420,490,4
1,18045,210,246,420,492,4
1,18046,210,247,420,494,4
1,18047,210,248,420,496,4
1,18048,210,249,420,498,4
1,18049,210,250,420,500,4
1,18050,210,251,420,502,4
1,18051,210,252,420,504,4
1,18052,210,253,420,506,4
1,18053,210,254,420,508,4
1,18054,210,255,420,510,4
1,18055,210,256,420,512,2
1,18056,210,332,421,664,2
1,18057,210,333,420,666,4
1,18058,210,334,420,668,4
1,18059,210,335,420,670,4
1,18060,210,336,420,672,4
1,18061,210,337,420,674,4
1,18062,210,338,420,676,3
1,18063,210,339,421,678,2
1,18064,210,340,421,680,2
1,18065,210,341,421,682,2
1,18066,210,342,421,684,2
1,18067,210,343,421,686,1
1,18068,210,358,420,716,4
1,18069,210,359,420,718,4
1,18070,210,360,420,720,4
1,18071,210,361,420,722,4
1,18072,210,362,420,724,4
1,18073,210,363,420,726,4
1,18074,210,364,420,728,4
1,18075,210,365,420,730,4
1,18076,210,366,420,732,4
1,18077,210,367,420,734,4
1,18078,210,368,420,736,4
1,18079,210,369,420,738,4
1,18080,210,370,420,740,4
1,18081,210,371,420,742,4
1,18082,210,372,420,744,4
1,18083,210,373,420,746,4
1,18084,210,374,420,748,4
1,18085,210,375,420,750,4
1,18086,210,425,420,851,2
1,18087,210,426,420,852,4
1,18088,210,427,420,854,4
1,18089,210,428,420,856,4
1,18090,210,429,420,858,4
1,18091,210,430,420,860,4
1,18092,210,431,420,862,4
1,18093,210,432,420,864,4
1,18094,210,480,421,961,1
1,18095,210,481,420,962,4
1,18096,210,482,420,964,4
1,18097,210,483,420,966,4
1,18098,210,484,420,968,4
1,18099,210,485,420,970,4
1,18100,210,486,420,972,4
1,18101,210,487,420,974,4
1,18102,210,488,420,976,4
1,18103,210,489,420,978,4
1,18104,210,490,420,980,4
1,18105,210,491,420,982,4
1,18106,210,492,420,984,4
1,18107,210,493,420,986,4
1,18108,210,494,420,988,4
1,18109,210,495,420,990,4
1,18110,210,496,420,992,4
1,18111,210,497,420,994,4
1,18112,210,498,420,996,4
1,18113,210,499,420,998,4
1,18114,210,500,420,1000,4
1,18115,210,501,420,1002,4
1,18116,210,502,420,1004,4
1,18117,210,503,420,1006,2
1,18118,210,506,421,1013,1
1,18119,210,528,420,1057,3
1,18120,210,529,420,1058,4
1,18121,210,530,420,1060,4
1,18122,210,531,420,1062,4
1,18123,210,532,420,1064,4
1,18124,210,533,420,1066,4
1,18125,210,534,420,1068,4
1,18126,210,535,420,1070,4
1,18127,210,610,420,1220,3
1,18128,210,611,420,1222,4
1,18129,210,612,420,1224,4
1,18130,210,613,420,1226,4
1,18131,210,614,420,1228,4
1,18132,210,615,420,1230,4
1,18133,210,616,420,1232,4
1,18134,210,617,420,1234,4
1,18135,210,618,420,1236,4
1,18136,210,619,420,1238,4
1,18137,210,620,420,1240,4
1,18138,210,621,420,1242,4
1,18139,210,622,420,1244,4
1,18140,210,623,420,1246,4
1,18141,210,624,420,1248,4
1,18142,210,625,420,1250,4
1,18143,210,626,420,1252,4
1,18144,210,627,420,1254,4
1,18145,210,628,420,1256,4
1,18146,210,629,420,1258,4
1,18147,210,630,420,1260,4
1,18148,210,631,420,1262,4
1,18149,210,632,420,1264,4
1,18150,210,633,420,1266,4
1,18151,210,634,420,1268,4
1,18152,210,635,420,1270,4
1,18153,210,636,420,1272,4
1,18154,210,637,420,1274,4
1,18155,210,638,420,1276,4
1,18156,210,639,420,1278,4
1,18157,210,640,420,1280,4
1,18158,210,641,420,1282,4
1,18159,210,642,420,1284,4
1,18160,210,643,420,1286,4
1,18161,210,644,420,1288,4
1,18162,210,645,420,1290,4
1,18163,210,646,420,1292,4
1,18164,210,647,420,1294,4
1,18165,210,648,420,1296,3
1,18166,210,649,420,1298,4
1,18167,210,650,420,1300,4
1,18168,210,651,420,1302,4
1,18169,210,652,420,1304,4
1,18170,210,653,420,1306,4
1,18171,210,654,420,1308,4
1,18172,210,655,420,1310,4
1,18173,210,656,420,1312,4
1,18174,210,657,420,1314,4
1,18175,210,658,420,1316,2
1,18176,210,659,420,1318,2
1,18177,210,660,420,1320,2
1,18178,210,661,420,1322,2
1,18179,210,662,420,1324,2
1,18180,210,663,420,1326,4
1,18181,210,664,420,1328,4
1,18182,210,665,420,1330,4
1,18183,210,666,420,1332,2
1,18184,211,103,422,207,2
1,18185,211,104,422,208,4
1,18186,211,105,422,210,4
1,18187,211,106,422,212,4
1,18188,211,107,422,214,4
1,18189,211,108,422,216,4
1,18190,211,109,422,218,4
1,18191,211,110,422,220,4
1,18192,211,111,422,222,4
1,18193,211,112,422,224,4
1,18194,211,113,422,226,4
1,18195,211,114,422,228,4
1,18196,211,115,422,230,4
1,18197,211,116,422,232,4
1,18198,211,117,422,234,4
1,18199,211,118,422,236,4
1,18200,211,119,422,238,4
1,18201,211,120,422,240,4
1,18202,211,121,422,242,4
1,18203,211,122,422,244,4
1,18204,211,123,422,246,4
1,18205,211,124,422,248,4
1,18206,211,125,422,250,4
1,18207,211,126,423,252,2
1,18208,211,241,422,482,4
1,18209,211,242,422,484,4
1,18210,211,243,422,486,4
1,18211,211,244,422,488,4
1,18212,211,245,422,490,4
1,18213,211,246,422,492,4
1,18214,211,247,422,494,4
1,18215,211,248,422,496,4
1,18216,211,249,422,498,4
1,18217,211,250,422,500,4
1,18218,211,251,422,502,4
1,18219,211,252,422,504,4
1,18220,211,253,422,506,4
1,18221,211,254,422,508,4
1,18222,211,255,422,510,4
1,18223,211,256,422,512,1
1,18224,211,294,422,588,3
1,18225,211,295,422,590,4
1,18226,211,296,422,592,4
1,18227,211,297,422,594,4
1,18228,211,298,422,596,4
1,18229,211,299,423,598,2
1,18230,211,300,423,600,2
1,18231,211,330,423,661,1
1,18232,211,331,422,662,4
1,18233,211,332,422,664,4
1,18234,211,333,422,666,4
1,18235,211,334,422,668,4
1,18236,211,335,422,670,4
1,18237,211,336,422,672,4
1,18238,211,337,422,674,4
1,18239,211,338,422,676,4
1,18240,211,339,422,678,4
1,18241,211,340,422,680,4
1,18242,211,341,422,682,4
1,18243,211,342,422,684,4
1,18244,211,343,422,686,4
1,18245,211,358,422,716,4
1,18246,211,359,422,718,4
1,18247,211,360,422,720,4
1,18248,211,361,422,722,4
1,18249,211,362,422,724,4
1,18250,211,363,422,726,4
1,18251,211,364,422,728,4
1,18252,211,365,422,730,4
1,18253,211,366,422,732,4
1,18254,211,367,422,734,4
1,18255,211,368,422,736,4
1,18256,211,369,422,738,4
1,18257,211,370,422,740,4
1,18258,211,371,422,742,4
1,18259,211,372,422,744,4
1,18260,211,373,422,746,4
1,18261,211,374,422,748,4
1,18262,211,375,422,750,2
1,18263,211,425,422,851,2
1,18264,211,426,422,852,4
1,18265,211,427,422,854,4
1,18266,211,428,422,856,4
1,18267,211,429,422,858,4
1,18268,211,430,422,860,4
1,18269,211,431,422,862,4
1,18270,211,481,422,962,4
1,18271,211,482,422,964,4
1,18272,211,483,422,966,4
1,18273,211,484,422,968,4
1,18274,211,485,422,970,4
1,18275,211,486,422,972,4
1,18276,211,487,422,974,4
1,18277,211,488,422,976,4
1,18278,211,489,422,978,4
1,18279,211,490,422,980,4
1,18280,211,491,422,982,4
1,18281,211,492,422,984,4
1,18282,211,493,422,986,4
1,18283,211,494,422,988,4
1,18284,211,495,422,990,4
1,18285,211,496,422,992,4
1,18286,211,497,422,994,4
1,18287,211,498,422,996,4
1,18288,211,499,422,998,4
1,18289,211,500,422,1000,4
1,18290,211,501,422,1002,4
1,18291,211,502,422,1004,4
1,18292,211,503,422,1006,2
1,18293,211,506,422,1013,3
1,18294,211,507,422,1014,4
1,18295,211,508,422,1016,4
1,18296,211,509,423,1018,2
1,18297,211,510,423,1020,2
1,18298,211,515,422,1030,4
1,18299,211,516,422,1032,4
1,18300,211,517,422,1034,4
1,18301,211,518,422,1036,4
1,18302,211,519,422,1038,2
1,18303,211,528,422,1056,4
1,18304,211,529,422,1058,4
1,18305,211,530,422,1060,4
1,18306,211,531,422,1062,4
1,18307,211,532,422,1064,4
1,18308,211,533,422,1066,4
1,18309,211,534,422,1068,4
1,18310,211,535,422,1070,4
1,18311,211,536,422,1072,4
1,18312,211,537,422,1074,4
1,18313,211,538,422,1076,3
1,18314,211,610,422,1221,1
1,18315,211,611,422,1222,2
1,18316,211,612,422,1224,4
1,18317,211,613,422,1226,4
1,18318,211,614,422,1228,4
1,18319,211,615,422,1230,4
1,18320,211,616,422,1232,4
1,18321,211,617,422,1234,4
1,18322,211,618,422,1236,4
1,18323,211,619,422,1238,3
1,18324,211,620,422,1240,2
1,18325,211,621,422,1242,2
1,18326,211,622,422,1244,2
1,18327,211,623,422,1246,2
1,18328,211,624,422,1248,4
1,18329,211,625,422,1250,4
1,18330,211,626,422,1252,4
1,18331,211,627,422,1254,4
1,18332,211,628,422,1256,4
1,18333,211,629,422,1258,4
1,18334,211,630,422,1260,4
1,18335,211,631,422,1262,4
1,18336,211,632,422,1264,4
1,18337,211,633,422,1266,4
1,18338,211,634,422,1268,4
1,18339,211,635,422,1270,4
1,18340,211,636,422,1272,4
1,18341,211,637,422,1274,4
1,18342,211,638,422,1276,4
1,18343,211,639,422,1278,4
1,18344,211,640,422,1280,2
1,18345,211,642,422,1285,1
1,18346,211,643,422,1286,2
1,18347,211,644,422,1288,4
1,18348,211,645,422,1290,4
1,18349,211,646,422,1292,4
1,18350,211,647,422,1294,3
1,18351,211,648,422,1296,2
1,18352,211,649,422,1298,2
1,18353,211,652,422,1305,1
1,18354,211,653,422,1306,2
1,18355,211,654,422,1308,2
1,18356,211,655,422,1310,2
1,18357,211,656,422,1312,3
1,18358,211,657,422,1314,4
1,18359,211,663,422,1327,1
1,18360,211,664,422,1328,1
1,18361,212,104,424,208,4
1,18362,212,105,424,210,4
1,18363,212,106,424,212,4
1,18364,212,107,424,214,4
1,18365,212,108,424,216,4
1,18366,212,109,424,218,4
1,18367,212,110,424,220,4
1,18368,212,111,424,222,4
1,18369,212,112,424,224,4
1,18370,212,113,424,226,4
1,18371,212,114,424,228,4
1,18372,212,115,424,230,4
1,18373,212,116,424,232,4
1,18374,212,117,424,234,4
1,18375,212,118,424,236,4
1,18376,212,119,424,238,4
1,18377,212,120,424,240,4
1,18378,212,121,424,242,4
1,18379,212,122,424,244,4
1,18380,212,123,424,246,4
1,18381,212,124,424,248,4
1,18382,212,125,424,250,4
1,18383,212,126,424,252,4
1,18384,212,127,424,254,4
1,18385,212,128,425,256,2
1,18386,212,241,424,482,3
1,18387,212,242,424,484,4
1,18388,212,243,424,486,4
1,18389,212,244,424,488,4
1,18390,212,245,424,490,4
1,18391,212,246,424,492,4
1,18392,212,247,424,494,4
1,18393,212,248,424,496,4
1,18394,212,249,424,498,4
1,18395,212,250,424,500,4
1,18396,212,251,424,502,4
1,18397,212,252,424,504,4
1,18398,212,253,424,506,4
1,18399,212,254,424,508,4
1,18400,212,255,424,510,3
1,18401,212,289,425,579,1
1,18402,212,290,424,581,3
1,18403,212,291,424,582,4
1,18404,212,292,425,584,2
1,18405,212,293,424,587,3
1,18406,212,294,424,588,4
1,18407,212,295,424,590,4
1,18408,212,296,424,592,4
1,18409,212,297,424,594,4
1,18410,212,298,424,596,4
1,18411,212,299,424,598,4
1,18412,212,300,424,600,4
1,18413,212,301,424,602,4
1,18414,212,302,424,604,3
1,18415,212,303,425,606,1
1,18416,212,330,424,660,4
1,18417,212,331,424,662,4
1,18418,212,332,424,664,4
1,18419,212,333,424,666,4
1,18420,212,334,424,668,4
1,18421,212,335,424,670,4
1,18422,212,336,424,672,4
1,18423,212,337,424,674,4
1,18424,212,338,424,676,4
1,18425,212,339,424,678,4
1,18426,212,340,424,680,4
1,18427,212,341,424,682,4
1,18428,212,342,424,684,4
1,18429,212,343,424,686,4
1,18430,212,344,425,688,2
1,18431,212,352,424,705,3
1,18432,212,353,424,706,4
1,18433,212,354,424,708,4
1,18434,212,355,424,710,4
1,18435,212,356,424,712,4
1,18436,212,357,424,714,4
1,18437,212,358,424,716,4
1,18438,212,359,424,718,4
1,18439,212,360,424,720,4
1,18440,212,361,424,722,4
1,18441,212,362,424,724,4
1,18442,212,363,424,726,4
1,18443,212,364,424,728,4
1,18444,212,365,424,730,4
1,18445,212,366,424,732,4
1,18446,212,367,424,734,4
1,18447,212,368,424,736,4
1,18448,212,369,424,738,4
1,18449,212,370,424,740,4
1,18450,212,371,424,742,4
1,18451,212,372,424,744,4
1,18452,212,373,424,746,4
1,18453,212,374,424,748,4
1,18454,212,425,424,851,2
1,18455,212,426,424,852,4
1,18456,212,427,424,854,4
1,18457,212,428,424,856,4
1,18458,212,429,424,858,4
1,18459,212,430,424,860,4
1,18460,212,431,424,862,4
1,18461,212,481,424,962,3
1,18462,212,482,424,964,4
1,18463,212,483,424,966,4
1,18464,212,484,424,968,4
1,18465,212,485,424,970,4
1,18466,212,486,424,972,4
1,18467,212,487,424,974,4
1,18468,212,488,424,976,4
1,18469,212,489,424,978,4
1,18470,212,490,424,980,4
1,18471,212,491,424,982,4
1,18472,212,492,424,984,4
1,18473,212,493,424,986,4
1,18474,212,494,424,988,4
1,18475,212,495,424,990,4
1,18476,212,496,424,992,4
1,18477,212,497,424,994,4
1,18478,212,498,424,996,4
1,18479,212,499,424,998,4
1,18480,212,500,424,1000,4
1,18481,212,501,424,1002,4
1,18482,212,502,424,1004,4
1,18483,212,503,424,1006,4
1,18484,212,504,424,1008,3
1,18485,212,505,425,1010,2
1,18486,212,506,424,1012,4
1,18487,212,507,424,1014,4
1,18488,212,508,424,1016,4
1,18489,212,509,424,1018,4
1,18490,212,510,424,1020,4
1,18491,212,511,424,1022,4
1,18492,212,512,424,1024,4
1,18493,212,515,424,1030,4
1,18494,212,516,424,1032,4
1,18495,212,517,424,1034,4
1,18496,212,518,424,1036,4
1,18497,212,519,424,1038,4
1,18498,212,520,424,1040,3
1,18499,212,521,425,1042,2
1,18500,212,525,425,1051,1
1,18501,212,526,425,1052,2
1,18502,212,527,424,1054,4
1,18503,212,528,424,1056,4
1,18504,212,529,424,1058,4
1,18505,212,530,424,1060,4
1,18506,212,531,424,1062,4
1,18507,212,532,424,1064,4
1,18508,212,533,424,1066,4
1,18509,212,534,424,1068,4
1,18510,212,535,424,1070,4
1,18511,212,536,424,1072,4
1,18512,212,537,424,1074,4
1,18513,212,538,424,1076,4
1,18514,212,539,424,1078,3
1,18515,212,625,424,1250,2
1,18516,212,626,424,1252,4
1,18517,212,627,424,1254,4
1,18518,212,628,424,1256,4
1,18519,212,629,424,1258,4
1,18520,212,630,424,1260,4
1,18521,212,631,424,1262,4
1,18522,212,632,424,1264,4
1,18523,212,633,424,1266,4
1,18524,212,634,424,1268,4
1,18525,212,635,424,1270,4
1,18526,212,636,424,1272,4
1,18527,212,637,424,1274,3
1,18528,212,638,424,1276,2
1,18529,213,104,426,208,4
1,18530,213,105,426,210,4
1,18531,213,106,426,212,4
1,18532,213,107,426,214,4
1,18533,213,108,426,216,4
1,18534,213,109,426,218,4
1,18535,213,110,426,220,4
1,18536,213,111,426,222,4
1,18537,213,112,426,224,4
1,18538,213,113,426,226,4
1,18539,213,114,426,228,4
1,18540,213,115,426,230,4
1,18541,213,116,426,232,4
1,18542,213,117,426,234,4
1,18543,213,118,426,236,4
1,18544,213,119,426,238,4
1,18545,213,120,426,240,4
1,18546,213,121,426,242,4
1,18547,213,122,426,244,4
1,18548,213,123,426,246,4
1,18549,213,124,426,248,4
1,18550,213,125,426,250,4
1,18551,213,126,426,252,4
1,18552,213,127,426,254,4
1,18553,213,128,426,256,4
1,18554,213,129,426,258,4
1,18555,213,130,427,260,2
1,18556,213,241,426,483,2
1,18557,213,242,426,484,4
1,18558,213,243,426,486,4
1,18559,213,244,426,488,4
1,18560,213,245,426,490,4
1,18561,213,246,426,492,4
1,18562,213,247,426,494,4
1,18563,213,248,426,496,4
1,18564,213,249,426,498,4
1,18565,213,250,426,500,4
1,18566,213,251,426,502,4
1,18567,213,252,426,504,4
1,18568,213,253,426,506,4
1,18569,213,254,426,508,4
1,18570,213,255,426,510,2
1,18571,213,288,426,577,3
1,18572,213,289,426,578,4
1,18573,213,290,426,580,4
1,18574,213,291,426,582,4
1,18575,213,292,426,584,4
1,18576,213,293,426,586,4
1,18577,213,294,426,588,4
1,18578,213,295,426,590,4
1,18579,213,296,426,592,4
1,18580,213,297,426,594,4
1,18581,213,298,426,596,4
1,18582,213,299,426,598,4
1,18583,213,300,426,600,4
1,18584,213,301,426,602,4
1,18585,213,302,426,604,4
1,18586,213,303,426,606,4
1,18587,213,304,427,608,1
1,18588,213,329,426,659,3
1,18589,213,330,426,660,4
1,18590,213,331,426,662,4
1,18591,213,332,426,664,4
1,18592,213,333,426,666,3
1,18593,213,334,426,668,4
1,18594,213,335,426,670,4
1,18595,213,336,426,672,4
1,18596,213,337,426,674,4
1,18597,213,338,426,676,4
1,18598,213,339,426,678,4
1,18599,213,340,426,680,4
1,18600,213,341,426,682,4
1,18601,213,342,426,684,4
1,18602,213,343,426,686,4
1,18603,213,344,426,688,4
1,18604,213,345,426,691,3
1,18605,213,346,426,692,3
1,18606,213,350,427,700,2
1,18607,213,351,426,702,4
1,18608,213,352,426,704,4
1,18609,213,353,426,706,4
1,18610,213,354,426,708,4
1,18611,213,355,426,710,4
1,18612,213,356,426,712,4
1,18613,213,357,426,714,4
1,18614,213,358,426,716,4
1,18615,213,359,426,718,4
1,18616,213,360,426,720,4
1,18617,213,361,426,722,4
1,18618,213,362,426,724,4
1,18619,213,363,426,726,4
1,18620,213,364,426,728,4
1,18621,213,365,426,730,4
1,18622,213,366,426,732,4
1,18623,213,367,426,734,4
1,18624,213,368,426,736,4
1,18625,213,369,426,738,4
1,18626,213,370,426,740,4
1,18627,213,371,426,742,4
1,18628,213,372,426,744,4
1,18629,213,373,426,746,4
1,18630,213,374,426,748,2
1,18631,213,425,426,851,2
1,18632,213,426,426,852,4
1,18633,213,427,426,854,4
1,18634,213,428,426,856,4
1,18635,213,429,426,858,4
1,18636,213,430,426,860,4
1,18637,213,431,426,862,4
1,18638,213,481,426,963,2
1,18639,213,482,426,964,4
1,18640,213,483,426,966,4
1,18641,213,484,426,968,4
1,18642,213,485,426,970,4
1,18643,213,486,426,972,4
1,18644,213,487,426,974,4
1,18645,213,488,426,976,4
1,18646,213,489,426,978,4
1,18647,213,490,426,980,4
1,18648,213,491,426,982,4
1,18649,213,492,426,984,4
1,18650,213,493,426,986,4
1,18651,213,494,426,988,4
1,18652,213,495,426,990,4
1,18653,213,496,426,992,4
1,18654,213,497,426,994,4
1,18655,213,498,426,996,4
1,18656,213,499,426,998,4
1,18657,213,500,426,1000,4
1,18658,213,501,426,1002,4
1,18659,213,502,426,1004,4
1,18660,213,503,426,1006,4
1,18661,213,504,426,1008,4
1,18662,213,505,426,1010,4
1,18663,213,506,426,1012,4
1,18664,213,507,426,1014,4
1,18665,213,508,426,1016,4
1,18666,213,509,426,1018,4
1,18667,213,510,426,1020,4
1,18668,213,511,426,1022,4
1,18669,213,512,426,1024,4
1,18670,213,513,426,1026,4
1,18671,213,514,426,1028,4
1,18672,213,515,426,1030,4
1,18673,213,516,426,1032,4
1,18674,213,517,426,1034,4
1,18675,213,518,426,1036,4
1,18676,213,519,426,1038,4
1,18677,213,520,426,1040,4
1,18678,213,521,426,1042,4
1,18679,213,522,426,1044,4
1,18680,213,523,426,1046,4
1,18681,213,524,426,1048,4
1,18682,213,525,426,1050,4
1,18683,213,526,426,1052,4
1,18684,213,527,426,1054,4
1,18685,213,528,426,1056,4
1,18686,213,529,426,1058,4
1,18687,213,530,426,1060,4
1,18688,213,531,426,1062,4
1,18689,213,532,426,1064,4
1,18690,213,533,426,1066,4
1,18691,213,534,426,1068,4
1,18692,213,535,426,1070,4
1,18693,213,536,426,1072,4
1,18694,213,537,426,1074,4
1,18695,213,538,426,1076,4
1,18696,213,539,426,1078,4
1,18697,213,540,426,1080,4
1,18698,213,541,426,1082,4
1,18699,213,542,426,1084,4
1,18700,213,543,427,1086,2
1,18701,213,544,427,1088,2
1,18702,213,545,427,1090,1
1,18703,213,627,426,1255,1
1,18704,213,628,426,1256,2
1,18705,213,629,426,1258,2
1,18706,213,630,426,1260,2
1,18707,214,104,428,208,4
1,18708,214,105,428,210,4
1,18709,214,106,428,212,4
1,18710,214,107,428,214,4
1,18711,214,108,428,216,4
1,18712,214,109,428,218,4
1,18713,214,110,428,220,4
1,18714,214,111,428,222,4
1,18715,214,112,428,224,4
1,18716,214,113,428,226,4
1,18717,214,114,428,228,4
1,18718,214,115,428,230,4
1,18719,214,116,428,232,4
1,18720,214,117,428,234,4
1,18721,214,118,428,236,4
1,18722,214,119,428,238,4
1,18723,214,120,428,240,4
1,18724,214,121,428,242,4
1,18725,214,122,428,244,4
1,18726,214,123,428,246,4
1,18727,214,124,428,248,4
1,18728,214,125,428,250,4
1,18729,214,126,428,252,4
1,18730,214,127,428,254,4
1,18731,214,128,428,256,4
1,18732,214,129,428,258,4
1,18733,214,130,428,260,4
1,18734,214,131,428,262,4
1,18735,214,132,429,264,2
1,18736,214,133,429,266,1
1,18737,214,241,428,483,2
1,18738,214,242,428,484,4
1,18739,214,243,428,486,4
1,18740,214,244,428,488,4
1,18741,214,245,428,490,4
1,18742,214,246,428,492,4
1,18743,214,247,428,494,4
1,18744,214,248,428,496,4
1,18745,214,249,428,498,4
1,18746,214,250,428,500,4
1,18747,214,251,428,502,4
1,18748,214,252,428,504,4
1,18749,214,253,428,506,4
1,18750,214,254,428,508,4
1,18751,214,255,428,510,2
1,18752,214,286,429,573,1
1,18753,214,287,428,574,4
1,18754,214,288,428,576,4
1,18755,214,289,428,578,4
1,18756,214,290,428,580,4
1,18757,214,291,428,582,4
1,18758,214,292,428,584,4
1,18759,214,293,428,586,4
1,18760,214,294,428,588,4
1,18761,214,295,428,590,4
1,18762,214,296,428,592,4
1,18763,214,297,428,594,4
1,18764,214,298,428,596,4
1,18765,214,299,428,598,4
1,18766,214,300,428,600,4
1,18767,214,301,428,602,4
1,18768,214,302,428,604,4
1,18769,214,303,428,606,4
1,18770,214,304,428,608,4
1,18771,214,328,429,657,1
1,18772,214,329,428,658,4
1,18773,214,330,428,660,4
1,18774,214,331,428,662,4
1,18775,214,332,428,664,4
1,18776,214,333,428,666,4
1,18777,214,334,428,668,4
1,18778,214,335,428,670,4
1,18779,214,336,428,672,4
1,18780,214,337,428,674,4
1,18781,214,338,428,676,4
1,18782,214,339,428,678,4
1,18783,214,340,428,680,4
1,18784,214,341,428,682,4
1,18785,214,342,428,684,4
1,18786,214,343,428,686,4
1,18787,214,344,428,688,4
1,18788,214,345,428,690,4
1,18789,214,346,428,692,4
1,18790,214,347,428,694,4
1,18791,214,348,428,696,4
1,18792,214,349,428,698,4
1,18793,214,350,428,700,4
1,18794,214,351,428,702,4
1,18795,214,352,428,704,4
1,18796,214,353,428,706,4
1,18797,214,354,428,708,4
1,18798,214,355,428,710,4
1,18799,214,356,428,712,4
1,18800,214,357,428,714,4
1,18801,214,358,428,716,4
1,18802,214,359,428,718,4
1,18803,214,360,428,720,4
1,18804,214,361,428,722,4
1,18805,214,362,428,724,4
1,18806,214,363,428,726,4
1,18807,214,364,428,728,4
1,18808,214,365,428,730,4
1,18809,214,366,428,732,4
1,18810,214,367,428,734,4
1,18811,214,368,428,736,4
1,18812,214,369,428,738,4
1,18813,214,370,428,740,4
1,18814,214,371,428,742,4
1,18815,214,372,428,744,4
1,18816,214,373,428,746,4
1,18817,214,374,428,748,4
1,18818,214,425,428,851,2
1,18819,214,426,428,852,4
1,18820,214,427,428,854,4
1,18821,214,428,428,856,4
1,18822,214,429,428,858,4
1,18823,214,430,428,860,4
1,18824,214,431,428,862,4
1,18825,214,432,428,864,4
1,18826,214,482,428,965,1
1,18827,214,483,428,966,4
1,18828,214,484,428,968,4
1,18829,214,485,428,970,4
1,18830,214,486,428,972,4
1,18831,214,487,428,974,4
1,18832,214,488,428,976,4
1,18833,214,489,428,978,4
1,18834,214,490,428,980,4
1,18835,214,491,428,982,4
1,18836,214,492,428,984,4
1,18837,214,493,428,986,4
1,18838,214,494,428,988,4
1,18839,214,495,428,990,4
1,18840,214,496,428,992,4
1,18841,214,497,428,994,4
1,18842,214,498,428,996,4
1,18843,214,499,428,998,4
1,18844,214,500,428,1000,4
1,18845,214,501,428,1002,4
1,18846,214,502,428,1004,4
1,18847,214,503,428,1006,4
1,18848,214,504,428,1009,3
1,18849,214,505,428,1010,4
1,18850,214,506,428,1012,4
1,18851,214,507,428,1014,4
1,18852,214,508,428,1016,4
1,18853,214,509,428,1018,4
1,18854,214,510,428,1020,4
1,18855,214,511,428,1022,4
1,18856,214,512,428,1024,4
1,18857,214,513,428,1026,4
1,18858,214,514,428,1028,4
1,18859,214,515,428,1030,4
1,18860,214,516,428,1032,4
1,18861,214,517,428,1034,4
1,18862,214,518,428,1036,4
1,18863,214,519,428,1038,4
1,18864,214,520,428,1040,4
1,18865,214,521,428,1042,4
1,18866,214,522,428,1044,4
1,18867,214,523,428,1046,4
1,18868,214,524,428,1048,4
1,18869,214,525,428,1050,4
1,18870,214,526,428,1052,4
1,18871,214,527,428,1054,4
1,18872,214,528,428,1056,4
1,18873,214,529,428,1058,4
1,18874,214,530,428,1060,4
1,18875,214,531,428,1062,4
1,18876,214,532,428,1064,4
1,18877,214,533,428,1066,4
1,18878,214,534,428,1068,4
1,18879,214,535,428,1070,4
1,18880,214,536,428,1072,4
1,18881,214,537,428,1074,4
1,18882,214,538,428,1076,4
1,18883,214,539,428,1078,4
1,18884,214,540,428,1080,4
1,18885,214,541,428,1082,4
1,18886,214,542,428,1084,4
1,18887,214,543,428,1086,4
1,18888,214,544,428,1088,4
1,18889,214,545,428,1090,4
1,18890,214,546,428,1092,4
1,18891,214,547,429,1094,2
1,18892,215,104,430,208,4
1,18893,215,105,430,210,4
1,18894,215,106,430,212,4
1,18895,215,107,430,214,4
1,18896,215,108,430,216,4
1,18897,215,109,430,218,4
1,18898,215,110,430,220,4
1,18899,215,111,430,222,4
1,18900,215,112,430,224,4
1,18901,215,113,430,226,2
1,18902,215,114,430,228,2
1,18903,215,115,430,230,2
1,18904,215,116,430,232,2
1,18905,215,117,430,234,2
1,18906,215,118,430,236,2
1,18907,215,119,430,238,2
1,18908,215,121,430,242,2
1,18909,215,122,430,244,3
1,18910,215,123,430,246,4
1,18911,215,124,430,248,4
1,18912,215,125,430,250,4
1,18913,215,126,430,252,4
1,18914,215,127,430,254,4
1,18915,215,128,430,256,4
1,18916,215,129,430,258,4
1,18917,215,130,430,260,4
1,18918,215,131,430,262,4
1,18919,215,132,430,264,4
1,18920,215,133,430,266,4
1,18921,215,134,430,268,3
1,18922,215,135,431,270,1
1,18923,215,241,430,483,2
1,18924,215,242,430,484,4
1,18925,215,243,430,486,4
1,18926,215,244,430,488,4
1,18927,215,245,430,490,4
1,18928,215,246,430,492,4
1,18929,215,247,430,494,4
1,18930,215,248,430,496,4
1,18931,215,249,430,498,4
1,18932,215,250,430,500,4
1,18933,215,251,430,502,4
1,18934,215,252,430,504,4
1,18935,215,253,430,506,4
1,18936,215,254,430,508,4
1,18937,215,255,430,510,2
1,18938,215,285,430,571,3
1,18939,215,286,430,572,4
1,18940,215,287,430,574,4
1,18941,215,288,430,576,4
1,18942,215,289,430,578,4
1,18943,215,290,430,580,4
1,18944,215,291,430,582,4
1,18945,215,292,430,584,4
1,18946,215,293,430,586,4
1,18947,215,294,430,588,4
1,18948,215,295,430,590,4
1,18949,215,296,430,592,4
1,18950,215,297,430,594,4
1,18951,215,298,430,596,4
1,18952,215,299,430,598,4
1,18953,215,300,430,600,4
1,18954,215,301,430,602,4
1,18955,215,302,430,604,4
1,18956,215,303,430,606,4
1,18957,215,304,430,608,4
1,18958,215,305,430,610,3
1,18959,215,328,430,656,4
1,18960,215,329,430,658,4
1,18961,215,330,430,660,4
1,18962,215,331,430,662,4
1,18963,215,332,430,664,4
1,18964,215,333,430,666,4
1,18965,215,334,430,668,4
1,18966,215,335,430,670,4
1,18967,215,336,430,672,4
1,18968,215,337,430,674,4
1,18969,215,338,430,676,4
1,18970,215,339,430,678,4
1,18971,215,340,430,680,4
1,18972,215,341,430,682,4
1,18973,215,342,430,684,4
1,18974,215,343,430,686,4
1,18975,215,344,430,688,4
1,18976,215,345,430,690,4
1,18977,215,346,430,692,4
1,18978,215,347,430,694,4
1,18979,215,348,430,696,4
1,18980,215,349,430,698,4
1,18981,215,350,430,700,4
1,18982,215,351,430,702,4
1,18983,215,352,430,704,4
1,18984,215,353,430,706,4
1,18985,215,354,430,708,4
1,18986,215,355,430,710,4
1,18987,215,356,430,712,4
1,18988,215,357,430,714,4
1,18989,215,358,430,716,4
1,18990,215,359,430,718,4
1,18991,215,360,430,720,4
1,18992,215,361,430,722,4
1,18993,215,362,430,724,4
1,18994,215,363,430,726,4
1,18995,215,364,430,728,4
1,18996,215,365,430,730,4
1,18997,215,366,430,732,4
1,18998,215,367,430,734,4
1,18999,215,368,430,736,4
1,19000,215,369,430,738,4
1,19001,215,370,430,740,4
1,19002,215,371,430,742,4
1,19003,215,372,430,744,4
1,19004,215,373,430,746,4
1,19005,215,374,430,748,4
1,19006,215,425,430,851,2
1,19007,215,426,430,852,4
1,19008,215,427,430,854,4
1,19009,215,428,430,856,4
1,19010,215,429,430,858,4
1,19011,215,430,430,860,4
1,19012,215,431,430,862,4
1,19013,215,432,430,864,4
1,19014,215,483,430,966,4
1,19015,215,484,430,968,4
1,19016,215,485,430,970,4
1,19017,215,486,430,972,4
1,19018,215,487,430,974,4
1,19019,215,488,430,976,4
1,19020,215,489,430,978,4
1,19021,215,490,430,980,4
1,19022,215,491,430,982,4
1,19023,215,492,430,984,4
1,19024,215,493,430,986,4
1,19025,215,494,430,988,4
1,19026,215,495,430,990,4
1,19027,215,496,430,992,4
1,19028,215,497,430,994,4
1,19029,215,498,430,996,4
1,19030,215,499,430,998,4
1,19031,215,500,430,1000,4
1,19032,215,501,430,1002,4
1,19033,215,502,430,1004,4
1,19034,215,503,430,1006,4
1,19035,215,504,430,1008,4
1,19036,215,505,430,1010,4
1,19037,215,506,430,1012,4
1,19038,215,507,430,1014,4
1,19039,215,508,430,1016,4
1,19040,215,509,430,1018,4
1,19041,215,510,430,1020,4
1,19042,215,511,430,1022,4
1,19043,215,512,430,1024,4
1,19044,215,513,430,1026,4
1,19045,215,514,430,1028,4
1,19046,215,515,430,1030,4
1,19047,215,516,430,1032,4
1,19048,215,517,430,1034,4
1,19049,215,518,430,1036,4
1,19050,215,519,430,1038,4
1,19051,215,520,430,1040,4
1,19052,215,521,430,1042,4
1,19053,215,522,430,1044,4
1,19054,215,523,430,1046,4
1,19055,215,524,430,1048,4
1,19056,215,525,430,1050,4
1,19057,215,526,430,1052,4
1,19058,215,527,430,1054,4
1,19059,215,528,430,1056,4
1,19060,215,529,430,1058,4
1,19061,215,530,430,1060,4
1,19062,215,531,430,1062,4
1,19063,215,532,430,1064,4
1,19064,215,533,430,1066,4
1,19065,215,534,430,1068,4
1,19066,215,535,430,1070,4
1,19067,215,536,430,1072,4
1,19068,215,537,430,1074,4
1,19069,215,538,430,1076,4
1,19070,215,539,430,1078,4
1,19071,215,540,430,1080,4
1,19072,215,541,430,1082,4
1,19073,215,542,430,1084,4
1,19074,215,543,430,1086,4
1,19075,215,544,430,1088,4
1,19076,215,545,430,1090,4
1,19077,215,546,430,1092,4
1,19078,215,547,430,1094,4
1,19079,215,548,431,1096,1
1,19080,216,104,432,208,2
1,19081,216,105,432,210,2
1,19082,216,106,432,212,1
1,19083,216,123,432,247,1
1,19084,216,124,432,248,2
1,19085,216,125,432,250,4
1,19086,216,126,432,252,4
1,19087,216,127,432,254,4
1,19088,216,128,432,256,4
1,19089,216,129,432,258,4
1,19090,216,130,432,260,4
1,19091,216,131,432,262,4
1,19092,216,132,432,264,4
1,19093,216,133,432,266,4
1,19094,216,134,432,268,4
1,19095,216,135,432,270,4
1,19096,216,136,433,272,2
1,19097,216,241,432,482,4
1,19098,216,242,432,484,4
1,19099,216,243,432,486,2
1,19100,216,244,432,488,3
1,19101,216,245,432,490,4
1,19102,216,246,432,492,4
1,19103,216,247,432,494,4
1,19104,216,248,432,496,4
1,19105,216,249,432,498,4
1,19106,216,250,432,500,4
1,19107,216,251,432,502,4
1,19108,216,252,432,504,4
1,19109,216,253,432,506,4
1,19110,216,254,432,508,4
1,19111,216,255,432,510,2
1,19112,216,283,433,567,1
1,19113,216,284,432,568,4
1,19114,216,285,432,570,4
1,19115,216,286,432,572,4
1,19116,216,287,432,574,4
1,19117,216,288,432,576,4
1,19118,216,289,432,578,4
1,19119,216,290,432,580,4
1,19120,216,291,432,582,4
1,19121,216,292,432,584,4
1,19122,216,293,432,586,4
1,19123,216,294,432,588,4
1,19124,216,295,432,590,4
1,19125,216,296,432,592,4
1,19126,216,297,432,594,4
1,19127,216,298,432,596,4
1,19128,216,299,432,598,4
1,19129,216,300,432,600,4
1,19130,216,301,432,602,4
1,19131,216,302,432,604,4
1,19132,216,303,432,606,4
1,19133,216,304,432,608,4
1,19134,216,305,432,610,4
1,19135,216,306,433,612,1
1,19136,216,327,432,655,2
1,19137,216,328,432,656,4
1,19138,216,329,432,658,4
1,19139,216,330,432,660,4
1,19140,216,331,432,662,4
1,19141,216,332,432,664,4
1,19142,216,333,432,666,4
1,19143,216,334,432,668,4
1,19144,216,335,432,670,4
1,19145,216,336,432,672,4
1,19146,216,337,432,674,4
1,19147,216,338,432,676,4
1,19148,216,339,432,678,4
1,19149,216,340,432,680,4
1,19150,216,341,432,682,4
1,19151,216,342,432,684,4
1,19152,216,343,432,686,4
1,19153,216,344,432,688,4
1,19154,216,345,432,690,4
1,19155,216,346,432,692,4
1,19156,216,347,432,694,4
1,19157,216,348,432,696,4
1,19158,216,349,432,698,4
1,19159,216,350,432,700,4
1,19160,216,351,432,702,4
1,19161,216,352,432,704,4
1,19162,216,353,432,706,4
1,19163,216,354,432,708,4
1,19164,216,355,432,710,4
1,19165,216,356,432,712,4
1,19166,216,357,432,714,4
1,19167,216,358,432,716,4
1,19168,216,359,432,718,4
1,19169,216,360,432,720,4
1,19170,216,361,432,722,4
1,19171,216,362,432,724,4
1,19172,216,363,432,726,4
1,19173,216,364,432,728,4
1,19174,216,365,432,730,4
1,19175,216,366,432,732,4
1,19176,216,367,432,734,4
1,19177,216,368,432,736,4
1,19178,216,369,432,738,4
1,19179,216,370,432,740,4
1,19180,216,371,432,742,4
1,19181,216,372,432,744,4
1,19182,216,373,432,746,4
1,19183,216,374,432,748,2
1,19184,216,425,432,851,2
1,19185,216,426,432,852,4
1,19186,216,427,432,854,4
1,19187,216,428,432,856,4
1,19188,216,429,432,858,4
1,19189,216,430,432,860,4
1,19190,216,431,432,862,4
1,19191,216,432,432,864,4
1,19192,216,482,433,965,1
1,19193,216,483,432,966,4
1,19194,216,484,432,968,4
1,19195,216,485,432,970,4
1,19196,216,486,432,972,4
1,19197,216,487,432,974,4
1,19198,216,488,432,976,4
1,19199,216,489,432,978,4
1,19200,216,490,432,980,4
1,19201,216,491,432,982,4
1,19202,216,492,432,984,4
1,19203,216,493,432,986,4
1,19204,216,494,432,988,4
1,19205,216,495,432,990,4
1,19206,216,496,432,992,4
1,19207,216,497,432,994,4
1,19208,216,498,432,996,4
1,19209,216,499,432,998,4
1,19210,216,500,432,1000,4
1,19211,216,501,432,1002,4
1,19212,216,502,432,1004,3
1,19213,216,503,432,1006,1
1,19214,216,506,432,1012,3
1,19215,216,507,432,1014,4
1,19216,216,508,432,1016,4
1,19217,216,509,432,1018,4
1,19218,216,510,432,1020,4
1,19219,216,511,432,1022,4
1,19220,216,512,432,1024,4
1,19221,216,513,432,1026,2
1,19222,216,514,432,1028,2
1,19223,216,515,432,1030,4
1,19224,216,516,432,1032,4
1,19225,216,517,432,1034,4
1,19226,216,518,432,1036,4
1,19227,216,519,432,1038,4
1,19228,216,520,432,1040,4
1,19229,216,521,432,1042,2
1,19230,216,522,432,1044,2
1,19231,216,523,432,1046,1
1,19232,216,524,432,1049,1
1,19233,216,525,432,1050,4
1,19234,216,526,432,1052,4
1,19235,216,527,432,1054,4
1,19236,216,528,432,1056,4
1,19237,216,529,432,1058,4
1,19238,216,530,432,1060,4
1,19239,216,531,432,1062,4
1,19240,216,532,432,1064,4
1,19241,216,533,432,1066,4
1,19242,216,534,432,1068,4
1,19243,216,535,432,1070,4
1,19244,216,536,432,1072,4
1,19245,216,537,432,1074,4
1,19246,216,538,432,1076,4
1,19247,216,539,432,1078,4
1,19248,216,540,432,1080,2
1,19249,216,545,432,1091,1
1,19250,216,546,432,1092,3
1,19251,216,547,432,1094,4
1,19252,216,548,432,1096,3
1,19253,217,126,434,252,2
1,19254,217,127,434,254,4
1,19255,217,128,434,256,4
1,19256,217,129,434,258,4
1,19257,217,130,434,260,4
1,19258,217,131,434,262,4
1,19259,217,132,434,264,4
1,19260,217,133,434,266,4
1,19261,217,134,434,268,4
1,19262,217,135,434,270,4
1,19263,217,136,434,272,4
1,19264,217,137,434,274,3
1,19265,217,138,435,276,1
1,19266,217,241,434,482,4
1,19267,217,242,434,484,2
1,19268,217,245,434,490,4
1,19269,217,246,434,492,4
1,19270,217,247,434,494,4
1,19271,217,248,434,496,4
1,19272,217,249,434,498,4
1,19273,217,250,434,500,4
1,19274,217,251,434,502,4
1,19275,217,252,434,504,4
1,19276,217,253,434,506,4
1,19277,217,254,434,508,4
1,19278,217,255,434,510,4
1,19279,217,282,434,565,3
1,19280,217,283,434,566,4
1,19281,217,284,434,568,4
1,19282,217,285,434,570,4
1,19283,217,286,434,572,4
1,19284,217,287,434,574,4
1,19285,217,288,434,576,4
1,19286,217,289,434,578,4
1,19287,217,290,434,580,4
1,19288,217,291,434,582,4
1,19289,217,292,434,584,4
1,19290,217,293,434,586,4
1,19291,217,294,434,588,4
1,19292,217,295,434,590,4
1,19293,217,296,434,592,4
1,19294,217,297,434,594,4
1,19295,217,298,434,596,4
1,19296,217,299,434,598,4
1,19297,217,300,434,600,4
1,19298,217,301,434,602,4
1,19299,217,302,434,604,3
1,19300,217,303,434,606,4
1,19301,217,304,434,608,4
1,19302,217,305,434,610,4
1,19303,217,306,434,612,2
1,19304,217,327,434,655,2
1,19305,217,328,434,656,4
1,19306,217,329,434,658,4
1,19307,217,330,434,660,4
1,19308,217,331,434,662,4
1,19309,217,332,434,664,4
1,19310,217,333,434,666,4
1,19311,217,334,434,668,4
1,19312,217,335,434,670,4
1,19313,217,336,434,672,2
1,19314,217,337,434,674,2
1,19315,217,338,434,676,3
1,19316,217,339,434,678,4
1,19317,217,340,434,680,4
1,19318,217,341,434,682,4
1,19319,217,342,434,684,4
1,19320,217,343,434,686,4
1,19321,217,344,434,688,4
1,19322,217,345,434,690,4
1,19323,217,346,434,692,4
1,19324,217,347,434,694,4
1,19325,217,348,434,696,4
1,19326,217,349,434,698,4
1,19327,217,350,434,700,2
1,19328,217,351,434,702,2
1,19329,217,352,434,704,3
1,19330,217,353,434,706,4
1,19331,217,354,434,708,2
1,19332,217,355,434,710,2
1,19333,217,356,434,712,2
1,19334,217,357,434,714,2
1,19335,217,358,434,716,3
1,19336,217,359,434,718,4
1,19337,217,360,434,720,4
1,19338,217,361,434,722,4
1,19339,217,362,434,724,4
1,19340,217,363,434,726,4
1,19341,217,364,434,728,4
1,19342,217,365,434,730,4
1,19343,217,366,434,732,4
1,19344,217,367,434,734,4
1,19345,217,368,434,736,4
1,19346,217,369,434,738,4
1,19347,217,370,434,740,4
1,19348,217,371,434,742,4
1,19349,217,372,434,744,4
1,19350,217,373,434,746,4
1,19351,217,374,434,748,2
1,19352,217,425,434,851,2
1,19353,217,426,434,852,4
1,19354,217,427,434,854,4
1,19355,217,428,434,856,4
1,19356,217,429,434,858,4
1,19357,217,430,434,860,4
1,19358,217,431,434,862,4
1,19359,217,432,434,864,4
1,19360,217,483,434,966,4
1,19361,217,484,434,968,4
1,19362,217,485,434,970,1
1,19363,217,486,434,973,1
1,19364,217,487,434,974,3
1,19365,217,488,434,976,4
1,19366,217,489,434,978,4
1,19367,217,490,434,980,4
1,19368,217,491,434,982,4
1,19369,217,492,434,984,4
1,19370,217,493,434,986,4
1,19371,217,494,434,988,4
1,19372,217,495,434,990,4
1,19373,217,496,434,992,4
1,19374,217,497,434,994,4
1,19375,217,498,434,996,4
1,19376,217,499,434,998,4
1,19377,217,500,434,1000,4
1,19378,217,501,434,1002,4
1,19379,217,508,434,1016,3
1,19380,217,509,434,1018,4
1,19381,217,510,434,1020,3
1,19382,217,511,434,1022,2
1,19383,217,512,434,1024,2
1,19384,217,515,434,1030,4
1,19385,217,516,434,1032,4
1,19386,217,517,434,1034,4
1,19387,217,518,434,1036,4
1,19388,217,519,434,1038,3
1,19389,217,525,434,1051,1
1,19390,217,526,434,1052,3
1,19391,217,527,434,1054,4
1,19392,217,528,434,1056,4
1,19393,217,529,434,1058,4
1,19394,217,530,434,1060,4
1,19395,217,531,434,1062,4
1,19396,217,532,434,1064,4
1,19397,217,533,434,1066,4
1,19398,217,534,434,1068,4
1,19399,217,535,434,1070,4
1,19400,217,536,434,1072,4
1,19401,217,537,434,1074,4
1,19402,217,538,434,1076,4
1,19403,217,539,434,1078,1
1,19404,217,547,434,1095,1
1,19405,217,548,434,1096,2
1,19406,218,127,436,255,1
1,19407,218,128,436,256,3
1,19408,218,129,436,258,4
1,19409,218,130,436,260,4
1,19410,218,131,436,262,4
1,19411,218,132,436,264,4
1,19412,218,133,436,266,4
1,19413,218,134,436,268,4
1,19414,218,135,436,270,4
1,19415,218,136,436,272,4
1,19416,218,137,436,274,4
1,19417,218,138,436,276,2
1,19418,218,241,436,482,4
1,19419,218,242,436,484,2
1,19420,218,245,436,490,4
1,19421,218,246,436,492,4
1,19422,218,247,436,494,4
1,19423,218,248,436,496,4
1,19424,218,249,436,498,4
1,19425,218,250,436,500,4
1,19426,218,251,436,502,4
1,19427,218,252,436,504,4
1,19428,218,253,436,506,4
1,19429,218,254,436,508,4
1,19430,218,255,436,510,4
1,19431,218,280,437,561,1
1,19432,218,281,436,562,4
1,19433,218,282,436,564,4
1,19434,218,283,436,566,4
1,19435,218,284,436,568,4
1,19436,218,285,436,570,4
1,19437,218,286,436,572,4
1,19438,218,287,436,574,4
1,19439,218,288,436,576,4
1,19440,218,289,436,578,4
1,19441,218,290,436,580,4
1,19442,218,291,436,582,2
1,19443,218,292,436,584,2
1,19444,218,293,436,586,1
1,19445,218,294,436,588,2
1,19446,218,295,436,590,4
1,19447,218,296,436,592,4
1,19448,218,297,436,594,4
1,19449,218,298,436,596,2
1,19450,218,299,436,598,1
1,19451,218,303,436,606,3
1,19452,218,304,436,608,4
1,19453,218,305,436,610,4
1,19454,218,306,436,612,4
1,19455,218,327,436,655,2
1,19456,218,328,436,656,4
1,19457,218,329,436,658,4
1,19458,218,330,436,660,4
1,19459,218,331,436,662,4
1,19460,218,332,436,664,4
1,19461,218,333,436,666,4
1,19462,218,334,436,668,4
1,19463,218,335,436,670,1
1,19464,218,339,436,679,1
1,19465,218,340,436,680,2
1,19466,218,341,436,682,2
1,19467,218,342,436,684,2
1,19468,218,343,436,686,2
1,19469,218,344,436,688,2
1,19470,218,345,436,690,2
1,19471,218,346,436,692,2
1,19472,218,347,436,694,2
1,19473,218,348,436,696,1
1,19474,218,353,436,707,1
1,19475,218,358,436,717,2
1,19476,218,359,436,718,4
1,19477,218,360,436,720,4
1,19478,218,361,436,722,4
1,19479,218,362,436,724,4
1,19480,218,363,436,726,4
1,19481,218,364,436,728,4
1,19482,218,365,436,730,4
1,19483,218,366,436,732,4
1,19484,218,367,436,734,4
1,19485,218,368,436,736,4
1,19486,218,369,436,738,4
1,19487,218,370,436,740,4
1,19488,218,371,436,742,4
1,19489,218,372,436,744,4
1,19490,218,373,436,746,4
1,19491,218,374,436,748,2
1,19492,218,425,436,851,2
1,19493,218,426,436,852,4
1,19494,218,427,436,854,4
1,19495,218,428,436,856,4
1,19496,218,429,436,858,4
1,19497,218,430,436,860,4
1,19498,218,431,436,862,4
1,19499,218,432,436,864,4
1,19500,218,483,436,967,2
1,19501,218,484,436,968,2
1,19502,218,487,436,975,2
1,19503,218,488,436,976,4
1,19504,218,489,436,978,4
1,19505,218,490,436,980,4
1,19506,218,491,436,982,4
1,19507,218,492,436,984,4
1,19508,218,493,436,986,4
1,19509,218,494,436,988,4
1,19510,218,495,436,990,4
1,19511,218,496,436,992,4
1,19512,218,497,436,994,4
1,19513,218,498,436,996,4
1,19514,218,499,436,998,4
1,19515,218,500,436,1000,4
1,19516,218,501,436,1002,2
1,19517,218,514,436,1029,1
1,19518,218,515,436,1030,2
1,19519,218,516,436,1032,2
1,19520,218,517,436,1034,2
1,19521,218,518,436,1036,2
1,19522,218,519,436,1038,1
1,19523,218,528,436,1056,4
1,19524,218,529,436,1058,4
1,19525,218,530,436,1060,4
1,19526,218,531,436,1062,4
1,19527,218,532,436,1064,4
1,19528,218,533,436,1066,4
1,19529,218,534,436,1068,4
1,19530,218,535,436,1070,3
1,19531,218,536,436,1072,2
1,19532,218,537,436,1074,2
1,19533,218,538,436,1076,1
1,19534,219,128,438,257,3
1,19535,219,129,438,258,4
1,19536,219,130,438,260,4
1,19537,219,131,438,262,4
1,19538,219,132,438,264,4
1,19539,219,133,438,266,4
1,19540,219,134,438,268,4
1,19541,219,135,438,270,4
1,19542,219,136,438,272,4
1,19543,219,137,438,274,4
1,19544,219,138,438,276,2
1,19545,219,240,439,481,1
1,19546,219,241,438,482,4
1,19547,219,242,438,484,4
1,19548,219,243,439,486,2
1,19549,219,244,438,489,3
1,19550,219,245,438,490,4
1,19551,219,246,438,492,4
1,19552,219,247,438,494,4
1,19553,219,248,438,496,4
1,19554,219,249,438,498,4
1,19555,219,250,438,500,4
1,19556,219,251,438,502,4
1,19557,219,252,438,504,4
1,19558,219,253,438,506,4
1,19559,219,254,438,508,4
1,19560,219,255,438,510,4
1,19561,219,280,438,560,4
1,19562,219,281,438,562,4
1,19563,219,282,438,564,4
1,19564,219,283,438,566,4
1,19565,219,284,438,568,4
1,19566,219,285,438,570,4
1,19567,219,286,438,572,4
1,19568,219,287,438,574,4
1,19569,219,288,438,576,3
1,19570,219,289,438,578,2
1,19571,219,303,438,607,1
1,19572,219,304,438,608,4
1,19573,219,305,438,610,4
1,19574,219,306,438,612,4
1,19575,219,307,438,614,2
1,19576,219,327,438,655,2
1,19577,219,328,438,656,4
1,19578,219,329,438,658,4
1,19579,219,330,438,660,4
1,19580,219,331,438,662,4
1,19581,219,332,438,664,4
1,19582,219,333,438,666,4
1,19583,219,334,438,668,2
1,19584,219,358,438,717,2
1,19585,219,359,438,718,4
1,19586,219,360,438,720,4
1,19587,219,361,438,722,4
1,19588,219,362,438,724,4
1,19589,219,363,438,726,4
1,19590,219,364,438,728,4
1,19591,219,365,438,730,4
1,19592,219,366,438,732,4
1,19593,219,367,438,734,4
1,19594,219,368,438,736,4
1,19595,219,369,438,738,4
1,19596,219,370,438,740,4
1,19597,219,371,438,742,4
1,19598,219,372,438,744,4
1,19599,219,373,438,746,4
1,19600,219,374,438,748,2
1,19601,219,426,438,852,4
1,19602,219,427,438,854,4
1,19603,219,428,438,856,4
1,19604,219,429,438,858,4
1,19605,219,430,438,860,4
1,19606,219,431,438,862,2
1,19607,219,484,438,968,3
1,19608,219,485,439,970,1
1,19609,219,486,439,973,1
1,19610,219,487,438,974,4
1,19611,219,488,438,976,4
1,19612,219,489,438,978,4
1,19613,219,490,438,980,4
1,19614,219,491,438,982,4
1,19615,219,492,438,984,4
1,19616,219,493,438,986,4
1,19617,219,494,438,988,4
1,19618,219,495,438,990,4
1,19619,219,496,438,992,4
1,19620,219,497,438,994,4
1,19621,219,498,438,996,4
1,19622,219,499,438,998,4
1,19623,219,500,438,1000,3
1,19624,219,501,438,1002,1
1,19625,219,529,438,1058,4
1,19626,219,530,438,1060,4
1,19627,219,531,438,1062,4
1,19628,219,532,438,1064,4
1,19629,219,533,438,1066,4
1,19630,219,534,438,1068,4
1,19631,219,535,438,1070,2
1,19632,220,127,441,255,1
1,19633,220,128,440,256,4
1,19634,220,129,440,258,4
1,19635,220,130,440,260,4
1,19636,220,131,440,262,4
1,19637,220,132,440,264,4
1,19638,220,133,440,266,4
1,19639,220,134,440,268,4
1,19640,220,135,440,270,4
1,19641,220,136,440,272,4
1,19642,220,137,440,274,4
1,19643,220,138,440,276,2
1,19644,220,240,440,481,2
1,19645,220,241,440,482,4
1,19646,220,242,440,484,4
1,19647,220,243,440,486,4
1,19648,220,244,440,488,4
1,19649,220,245,440,490,4
1,19650,220,246,440,492,4
1,19651,220,247,440,494,4
1,19652,220,248,440,496,4
1,19653,220,249,440,498,4
1,19654,220,250,440,500,4
1,19655,220,251,440,502,4
1,19656,220,252,440,504,4
1,19657,220,253,440,506,4
1,19658,220,254,440,508,4
1,19659,220,255,440,510,4
1,19660,220,256,440,512,4
1,19661,220,257,440,514,4
1,19662,220,258,441,516,2
1,19663,220,259,441,518,2
1,19664,220,260,441,520,2
1,19665,220,261,441,522,2
1,19666,220,262,441,524,2
1,19667,220,279,440,559,2
1,19668,220,280,440,560,4
1,19669,220,281,440,562,4
1,19670,220,282,440,564,4
1,19671,220,283,440,566,4
1,19672,220,284,440,568,4
1,19673,220,285,440,570,4
1,19674,220,286,440,572,4
1,19675,220,287,440,574,4
1,19676,220,304,440,609,1
1,19677,220,305,440,610,4
1,19678,220,306,440,612,4
1,19679,220,307,440,614,4
1,19680,220,308,440,616,3
1,19681,220,327,440,655,2
1,19682,220,328,440,656,4
1,19683,220,329,440,658,4
1,19684,220,330,440,660,4
1,19685,220,331,440,662,4
1,19686,220,332,440,664,4
1,19687,220,333,440,666,4
1,19688,220,334,440,668,2
1,19689,220,359,440,718,4
1,19690,220,360,440,720,4
1,19691,220,361,440,722,4
1,19692,220,362,440,724,4
1,19693,220,363,440,726,4
1,19694,220,364,440,728,4
1,19695,220,365,440,730,4
1,19696,220,366,440,732,4
1,19697,220,367,440,734,4
1,19698,220,368,440,736,4
1,19699,220,369,440,738,4
1,19700,220,370,440,740,4
1,19701,220,371,440,742,4
1,19702,220,372,440,744,4
1,19703,220,373,440,746,4
1,19704,220,374,440,748,2
1,19705,220,426,440,852,4
1,19706,220,427,440,854,4
1,19707,220,428,440,856,4
1,19708,220,429,440,858,4
1,19709,220,430,440,860,4
1,19710,220,431,440,862,2
1,19711,220,485,440,970,4
1,19712,220,486,440,972,4
1,19713,220,487,440,974,4
1,19714,220,488,440,976,4
1,19715,220,489,440,978,4
1,19716,220,490,440,980,4
1,19717,220,491,440,982,4
1,19718,220,492,440,984,4
1,19719,220,493,440,986,4
1,19720,220,494,440,988,4
1,19721,220,495,440,990,4
1,19722,220,496,440,992,4
1,19723,220,497,440,994,4
1,19724,220,498,440,996,4
1,19725,220,499,440,998,3
1,19726,220,529,440,1058,3
1,19727,220,530,440,1060,4
1,19728,220,531,440,1062,4
1,19729,220,532,440,1064,4
1,19730,220,533,440,1066,4
1,19731,220,534,440,1068,4
1,19732,220,535,440,1070,3
1,19733,221,127,442,255,3
1,19734,221,128,442,256,4
1,19735,221,129,442,258,4
1,19736,221,130,442,260,4
1,19737,221,131,442,262,4
1,19738,221,132,442,264,4
1,19739,221,133,442,266,4
1,19740,221,134,442,268,4
1,19741,221,135,442,270,4
1,19742,221,136,442,272,4
1,19743,221,137,442,274,3
1,19744,221,138,442,276,1
1,19745,221,240,442,481,3
1,19746,221,241,442,482,4
1,19747,221,242,442,484,4
1,19748,221,243,442,486,4
1,19749,221,244,442,488,4
1,19750,221,245,442,490,4
1,19751,221,246,442,492,4
1,19752,221,247,442,494,4
1,19753,221,248,442,496,4
1,19754,221,249,442,498,4
1,19755,221,250,442,500,4
1,19756,221,251,442,502,4
1,19757,221,252,442,504,4
1,19758,221,253,442,506,4
1,19759,221,254,442,508,4
1,19760,221,255,442,510,4
1,19761,221,256,442,512,4
1,19762,221,257,442,514,4
1,19763,221,258,442,516,4
1,19764,221,259,442,518,4
1,19765,221,260,442,520,4
1,19766,221,261,442,522,4
1,19767,221,262,442,524,4
1,19768,221,279,442,558,4
1,19769,221,280,442,560,4
1,19770,221,281,442,562,4
1,19771,221,282,442,564,4
1,19772,221,283,442,566,4
1,19773,221,284,442,568,4
1,19774,221,285,442,570,4
1,19775,221,286,442,572,4
1,19776,221,287,442,574,4
1,19777,221,305,442,610,4
1,19778,221,306,442,612,4
1,19779,221,307,442,614,4
1,19780,221,308,442,616,4
1,19781,221,309,442,618,3
1,19782,221,328,442,656,4
1,19783,221,329,442,658,4
1,19784,221,330,442,660,4
1,19785,221,331,442,662,4
1,19786,221,332,442,664,4
1,19787,221,333,442,666,4
1,19788,221,334,442,668,2
1,19789,221,359,442,718,3
1,19790,221,360,442,720,4
1,19791,221,361,442,722,4
1,19792,221,362,442,724,4
1,19793,221,363,442,726,4
1,19794,221,364,442,728,4
1,19795,221,365,442,730,4
1,19796,221,366,442,732,4
1,19797,221,367,442,734,4
1,19798,221,368,442,736,4
1,19799,221,369,442,738,4
1,19800,221,370,442,740,4
1,19801,221,371,442,742,4
1,19802,221,372,442,744,4
1,19803,221,373,442,746,4
1,19804,221,426,442,852,4
1,19805,221,427,442,854,4
1,19806,221,428,442,856,4
1,19807,221,429,442,858,4
1,19808,221,430,442,860,4
1,19809,221,431,442,862,2
1,19810,221,485,442,971,2
1,19811,221,486,442,972,4
1,19812,221,487,442,974,4
1,19813,221,488,442,976,4
1,19814,221,489,442,978,4
1,19815,221,490,442,980,4
1,19816,221,491,442,982,4
1,19817,221,492,442,984,4
1,19818,221,493,442,986,4
1,19819,221,494,442,988,4
1,19820,221,495,442,990,4
1,19821,221,496,442,992,4
1,19822,221,497,442,994,3
1,19823,221,498,442,996,2
1,19824,221,499,442,998,1
1,19825,221,529,442,1059,2
1,19826,221,530,442,1060,4
1,19827,221,531,442,1062,4
1,19828,221,532,442,1064,4
1,19829,221,533,442,1066,4
1,19830,221,534,442,1068,4
1,19831,221,535,442,1070,4
1,19832,222,127,444,254,4
1,19833,222,128,444,256,4
1,19834,222,129,444,258,4
1,19835,222,130,444,260,4
1,19836,222,131,444,262,4
1,19837,222,132,444,264,4
1,19838,222,133,444,266,4
1,19839,222,134,444,268,4
1,19840,222,135,444,270,4
1,19841,222,136,444,272,1
1,19842,222,240,444,480,4
1,19843,222,241,444,482,4
1,19844,222,242,444,484,4
1,19845,222,243,444,486,4
1,19846,222,244,444,488,4
1,19847,222,245,444,490,4
1,19848,222,246,444,492,4
1,19849,222,247,444,494,4
1,19850,222,248,444,496,4
1,19851,222,249,444,498,4
1,19852,222,250,444,500,4
1,19853,222,251,444,502,4
1,19854,222,252,444,504,4
1,19855,222,253,444,506,4
1,19856,222,254,444,508,4
1,19857,222,255,444,510,4
1,19858,222,256,444,512,4
1,19859,222,257,444,514,4
1,19860,222,258,444,516,4
1,19861,222,259,444,518,4
1,19862,222,260,444,520,4
1,19863,222,261,444,522,4
1,19864,222,262,444,524,4
1,19865,222,263,444,526,2
1,19866,222,278,444,557,2
1,19867,222,279,444,558,4
1,19868,222,280,444,560,4
1,19869,222,281,444,562,4
1,19870,222,282,444,564,4
1,19871,222,283,444,566,4
1,19872,222,284,444,568,4
1,19873,222,285,444,570,4
1,19874,222,286,444,572,4
1,19875,222,287,444,574,2
1,19876,222,305,444,610,4
1,19877,222,306,444,612,4
1,19878,222,307,444,614,4
1,19879,222,308,444,616,4
1,19880,222,309,444,618,4
1,19881,222,310,444,620,3
1,19882,222,311,445,622,1
1,19883,222,328,444,656,4
1,19884,222,329,444,658,4
1,19885,222,330,444,660,4
1,19886,222,331,444,662,4
1,19887,222,332,444,664,4
1,19888,222,333,444,666,4
1,19889,222,334,444,668,4
1,19890,222,335,445,670,2
1,19891,222,359,444,719,1
1,19892,222,360,444,720,4
1,19893,222,361,444,722,2
1,19894,222,362,444,724,2
1,19895,222,363,444,726,3
1,19896,222,364,444,728,4
1,19897,222,365,444,730,4
1,19898,222,366,444,732,4
1,19899,222,367,444,734,4
1,19900,222,368,444,736,4
1,19901,222,369,444,738,4
1,19902,222,370,444,740,4
1,19903,222,371,444,742,4
1,19904,222,372,444,744,4
1,19905,222,373,444,746,4
1,19906,222,426,444,852,4
1,19907,222,427,444,854,4
1,19908,222,428,444,856,4
1,19909,222,429,444,858,4
1,19910,222,430,444,860,4
1,19911,222,431,444,862,2
1,19912,222,485,444,971,1
1,19913,222,486,444,972,4
1,19914,222,487,444,974,4
1,19915,222,488,444,976,4
1,19916,222,489,444,978,4
1,19917,222,490,444,980,4
1,19918,222,491,444,982,4
1,19919,222,492,444,984,4
1,19920,222,493,444,986,4
1,19921,222,494,444,988,4
1,19922,222,495,444,990,4
1,19923,222,496,444,992,4
1,19924,222,497,444,994,2
1,19925,222,528,444,1056,4
1,19926,222,529,444,1058,4
1,19927,222,530,444,1060,4
1,19928,222,531,444,1062,4
1,19929,222,532,444,1064,4
1,19930,222,533,444,1066,4
1,19931,222,534,444,1068,4
1,19932,222,535,444,1070,4
1,19933,223,126,447,253,1
1,19934,223,127,446,254,4
1,19935,223,128,446,256,4
1,19936,223,129,446,258,4
1,19937,223,130,446,260,4
1,19938,223,131,446,262,4
1,19939,223,132,446,264,4
1,19940,223,133,446,266,4
1,19941,223,134,446,268,2
1,19942,223,240,446,481,1
1,19943,223,241,446,482,4
1,19944,223,242,446,484,4
1,19945,223,243,446,486,4
1,19946,223,244,446,488,4
1,19947,223,245,446,490,4
1,19948,223,246,446,492,4
1,19949,223,247,446,494,4
1,19950,223,248,446,496,4
1,19951,223,249,446,498,4
1,19952,223,250,446,500,4
1,19953,223,251,446,502,4
1,19954,223,252,446,504,4
1,19955,223,253,446,506,4
1,19956,223,254,446,508,4
1,19957,223,255,446,510,4
1,19958,223,256,446,512,4
1,19959,223,257,446,514,4
1,19960,223,258,446,516,4
1,19961,223,259,446,518,4
1,19962,223,260,446,520,4
1,19963,223,261,446,522,4
1,19964,223,262,446,524,4
1,19965,223,263,446,526,2
1,19966,223,278,446,556,4
1,19967,223,279,446,558,4
1,19968,223,280,446,560,4
1,19969,223,281,446,562,4
1,19970,223,282,446,564,4
1,19971,223,283,446,566,4
1,19972,223,284,446,568,4
1,19973,223,285,446,570,4
1,19974,223,286,446,572,4
1,19975,223,287,446,574,1
1,19976,223,304,447,609,1
1,19977,223,305,446,610,4
1,19978,223,306,446,612,4
1,19979,223,307,446,614,4
1,19980,223,308,446,616,4
1,19981,223,309,446,618,4
1,19982,223,310,446,620,4
1,19983,223,311,446,622,4
1,19984,223,328,446,656,4
1,19985,223,329,446,658,4
1,19986,223,330,446,660,4
1,19987,223,331,446,662,4
1,19988,223,332,446,664,4
1,19989,223,333,446,666,4
1,19990,223,334,446,668,4
1,19991,223,335,446,670,4
1,19992,223,360,446,721,1
1,19993,223,363,446,727,2
1,19994,223,364,446,728,4
1,19995,223,365,446,730,4
1,19996,223,366,446,732,4
1,19997,223,367,446,734,4
1,19998,223,368,446,736,4
1,19999,223,372,446,744,4
1,20000,223,373,446,746,4
1,20001,223,425,447,851,1
1,20002,223,426,446,852,4
1,20003,223,427,446,854,4
1,20004,223,428,446,856,4
1,20005,223,429,446,858,4
1,20006,223,430,446,860,4
1,20007,223,431,446,862,2
1,20008,223,487,446,974,4
1,20009,223,488,446,976,4
1,20010,223,489,446,978,2
1,20011,223,492,446,984,4
1,20012,223,493,446,986,4
1,20013,223,494,446,988,4
1,20014,223,495,446,990,4
1,20015,223,496,446,992,4
1,20016,223,497,446,994,2
1,20017,223,528,446,1056,4
1,20018,223,529,446,1058,4
1,20019,223,530,446,1060,4
1,20020,223,531,446,1062,4
1,20021,223,532,446,1064,4
1,20022,223,533,446,1066,4
1,20023,223,534,446,1068,4
1,20024,223,535,446,1070,4
1,20025,224,126,448,253,2
1,20026,224,127,448,254,4
1,20027,224,128,448,256,4
1,20028,224,129,448,258,4
1,20029,224,130,448,260,4
1,20030,224,131,448,262,4
1,20031,224,132,448,264,2
1,20032,224,241,448,482,3
1,20033,224,242,448,484,4
1,20034,224,243,448,486,4
1,20035,224,244,448,488,4
1,20036,224,245,448,490,4
1,20037,224,246,448,492,4
1,20038,224,247,448,494,4
1,20039,224,248,448,496,4
1,20040,224,249,448,498,4
1,20041,224,250,448,500,4
1,20042,224,251,448,502,4
1,20043,224,252,448,504,4
1,20044,224,253,448,506,4
1,20045,224,254,448,508,4
1,20046,224,255,448,510,4
1,20047,224,256,448,512,4
1,20048,224,257,448,514,4
1,20049,224,258,448,516,4
1,20050,224,259,448,518,4
1,20051,224,260,448,520,4
1,20052,224,261,448,522,4
1,20053,224,262,448,524,4
1,20054,224,263,448,526,2
1,20055,224,277,448,555,3
1,20056,224,278,448,556,4
1,20057,224,279,448,558,4
1,20058,224,280,448,560,4
1,20059,224,281,448,562,4
1,20060,224,282,448,564,4
1,20061,224,283,448,566,4
1,20062,224,284,448,568,4
1,20063,224,285,448,570,4
1,20064,224,286,448,572,4
1,20065,224,304,448,609,3
1,20066,224,305,448,610,4
1,20067,224,306,448,612,4
1,20068,224,307,448,614,4
1,20069,224,308,448,616,4
1,20070,224,309,448,618,4
1,20071,224,310,448,620,4
1,20072,224,311,448,622,4
1,20073,224,328,448,656,4
1,20074,224,329,448,658,4
1,20075,224,330,448,660,4
1,20076,224,331,448,662,4
1,20077,224,332,448,664,4
1,20078,224,333,448,666,4
1,20079,224,334,448,668,4
1,20080,224,335,448,670,4
1,20081,224,363,448,727,2
1,20082,224,364,448,728,4
1,20083,224,365,448,730,4
1,20084,224,366,448,732,4
1,20085,224,367,448,734,4
1,20086,224,368,448,736,4
1,20087,224,425,448,851,1
1,20088,224,426,448,852,4
1,20089,224,427,448,854,4
1,20090,224,428,448,856,4
1,20091,224,429,448,858,4
1,20092,224,430,448,860,4
1,20093,224,431,448,862,3
1,20094,224,492,448,984,3
1,20095,224,493,448,986,4
1,20096,224,494,448,988,4
1,20097,224,495,448,990,4
1,20098,224,496,448,992,4
1,20099,224,497,448,994,2
1,20100,224,528,448,1056,2
1,20101,224,529,448,1058,4
1,20102,224,530,448,1060,4
1,20103,224,531,448,1062,4
1,20104,224,532,448,1064,4
1,20105,224,533,448,1066,4
1,20106,224,534,448,1068,4
1,20107,224,535,448,1070,2
1,20108,225,126,450,253,3
1,20109,225,127,450,254,4
1,20110,225,128,450,256,4
1,20111,225,129,450,258,4
1,20112,225,130,450,260,4
1,20113,225,241,450,483,1
1,20114,225,242,450,484,4
1,20115,225,243,450,486,4
1,20116,225,244,450,488,4
1,20117,225,245,450,490,4
1,20118,225,246,450,492,4
1,20119,225,247,450,494,4
1,20120,225,248,450,496,4
1,20121,225,249,450,498,4
1,20122,225,250,450,500,4
1,20123,225,251,450,502,4
1,20124,225,252,450,504,4
1,20125,225,253,450,506,4
1,20126,225,254,450,508,4
1,20127,225,255,450,510,4
1,20128,225,256,450,512,4
1,20129,225,257,450,514,4
1,20130,225,258,450,516,4
1,20131,225,259,450,518,4
1,20132,225,260,450,520,4
1,20133,225,261,450,522,4
1,20134,225,262,450,524,4
1,20135,225,263,450,526,2
1,20136,225,276,451,553,1
1,20137,225,277,450,554,4
1,20138,225,278,450,556,4
1,20139,225,279,450,558,4
1,20140,225,280,450,560,4
1,20141,225,281,450,562,4
1,20142,225,282,450,564,4
1,20143,225,283,450,566,4
1,20144,225,284,450,568,4
1,20145,225,285,450,570,4
1,20146,225,286,450,572,3
1,20147,225,303,451,607,1
1,20148,225,304,450,608,4
1,20149,225,305,450,610,4
1,20150,225,306,450,612,4
1,20151,225,307,450,614,4
1,20152,225,308,450,616,4
1,20153,225,309,450,618,4
1,20154,225,310,450,620,4
1,20155,225,311,450,622,4
1,20156,225,312,451,624,1
1,20157,225,327,451,655,1
1,20158,225,328,450,656,4
1,20159,225,329,450,658,4
1,20160,225,330,450,660,4
1,20161,225,331,450,662,4
1,20162,225,332,450,664,4
1,20163,225,333,450,666,4
1,20164,225,334,450,668,4
1,20165,225,335,450,670,4
1,20166,225,363,450,727,1
1,20167,225,364,450,728,4
1,20168,225,365,450,730,4
1,20169,225,366,450,732,4
1,20170,225,367,450,734,4
1,20171,225,368,450,736,3
1,20172,225,426,450,852,3
1,20173,225,427,450,854,4
1,20174,225,428,450,856,4
1,20175,225,429,450,858,4
1,20176,225,430,450,860,4
1,20177,225,431,450,862,4
1,20178,225,492,450,985,2
1,20179,225,493,450,986,4
1,20180,225,494,450,988,4
1,20181,225,495,450,990,4
1,20182,225,496,450,992,4
1,20183,225,497,450,994,2
1,20184,225,529,450,1058,2
1,20185,225,530,450,1060,2
1,20186,225,531,450,1062,4
1,20187,225,532,450,1064,4
1,20188,225,533,450,1066,2
1,20189,225,534,450,1068,1
1,20190,226,125,452,251,3
1,20191,226,126,452,252,4
1,20192,226,127,452,254,4
1,20193,226,128,452,256,4
1,20194,226,129,452,258,4
1,20195,226,130,452,260,2
1,20196,226,242,452,485,1
1,20197,226,243,452,486,4
1,20198,226,244,452,488,4
1,20199,226,245,452,490,4
1,20200,226,246,452,492,4
1,20201,226,247,452,494,4
1,20202,226,248,452,496,4
1,20203,226,249,452,498,4
1,20204,226,250,452,500,4
1,20205,226,251,452,502,4
1,20206,226,252,452,504,4
1,20207,226,253,452,506,4
1,20208,226,254,452,508,4
1,20209,226,255,452,510,4
1,20210,226,256,452,512,4
1,20211,226,257,452,514,4
1,20212,226,258,452,516,4
1,20213,226,259,452,518,4
1,20214,226,260,452,520,4
1,20215,226,261,452,522,4
1,20216,226,262,452,524,4
1,20217,226,263,452,526,2
1,20218,226,276,452,553,3
1,20219,226,277,452,554,4
1,20220,226,278,452,556,4
1,20221,226,279,452,558,4
1,20222,226,280,452,560,4
1,20223,226,281,452,562,4
1,20224,226,282,452,564,4
1,20225,226,283,452,566,4
1,20226,226,284,452,568,4
1,20227,226,285,452,570,4
1,20228,226,286,452,572,2
1,20229,226,303,452,607,2
1,20230,226,304,452,608,4
1,20231,226,305,452,610,4
1,20232,226,306,452,612,4
1,20233,226,307,452,614,4
1,20234,226,308,452,616,4
1,20235,226,309,452,618,4
1,20236,226,310,452,620,4
1,20237,226,311,452,622,4
1,20238,226,312,452,624,2
1,20239,226,327,452,655,2
1,20240,226,328,452,656,4
1,20241,226,329,452,658,4
1,20242,226,330,452,660,4
1,20243,226,331,452,662,4
1,20244,226,332,452,664,4
1,20245,226,333,452,666,4
1,20246,226,334,452,668,4
1,20247,226,335,452,670,4
1,20248,226,363,453,727,1
1,20249,226,364,452,728,4
1,20250,226,365,452,730,4
1,20251,226,366,452,732,4
1,20252,226,367,452,734,4
1,20253,226,368,452,736,2
1,20254,226,426,452,853,2
1,20255,226,427,452,854,4
1,20256,226,428,452,856,4
1,20257,226,429,452,858,4
1,20258,226,430,452,860,4
1,20259,226,431,452,862,4
1,20260,226,492,452,985,1
1,20261,226,493,452,986,4
1,20262,226,494,452,988,4
1,20263,226,495,452,990,4
1,20264,226,496,452,992,4
1,20265,226,497,452,994,2
1,20266,226,531,452,1062,4
1,20267,226,532,452,1064,4
1,20268,227,123,455,247,1
1,20269,227,124,454,249,3
1,20270,227,125,454,250,4
1,20271,227,126,454,252,4
1,20272,227,127,454,254,4
1,20273,227,128,454,256,4
1,20274,227,129,454,258,4
1,20275,227,130,454,260,2
1,20276,227,244,454,488,3
1,20277,227,245,454,490,4
1,20278,227,246,454,492,4
1,20279,227,247,454,494,4
1,20280,227,248,454,496,4
1,20281,227,249,454,498,4
1,20282,227,250,454,500,4
1,20283,227,251,454,502,4
1,20284,227,252,454,504,4
1,20285,227,253,454,506,4
1,20286,227,254,454,508,4
1,20287,227,255,454,510,4
1,20288,227,256,454,512,4
1,20289,227,257,454,514,4
1,20290,227,258,454,516,4
1,20291,227,259,454,518,4
1,20292,227,260,454,520,4
1,20293,227,261,454,522,4
1,20294,227,262,454,524,4
1,20295,227,263,454,526,2
1,20296,227,275,455,551,1
1,20297,227,276,454,552,4
1,20298,227,277,454,554,4
1,20299,227,278,454,556,4
1,20300,227,279,454,558,4
1,20301,227,280,454,560,4
1,20302,227,281,454,562,4
1,20303,227,282,454,564,4
1,20304,227,283,454,566,4
1,20305,227,284,454,568,4
1,20306,227,285,454,570,4
1,20307,227,303,454,607,2
1,20308,227,304,454,608,4
1,20309,227,305,454,610,4
1,20310,227,306,454,612,4
1,20311,227,307,454,614,4
1,20312,227,308,454,616,4
1,20313,227,309,454,618,4
1,20314,227,310,454,620,4
1,20315,227,311,454,622,4
1,20316,227,312,454,624,1
1,20317,227,327,454,655,3
1,20318,227,328,454,656,4
1,20319,227,329,454,658,4
1,20320,227,330,454,660,4
1,20321,227,331,454,662,4
1,20322,227,332,454,664,4
1,20323,227,333,454,666,4
1,20324,227,334,454,668,4
1,20325,227,335,454,670,3
1,20326,227,363,454,727,2
1,20327,227,364,454,728,4
1,20328,227,365,454,730,4
1,20329,227,366,454,732,4
1,20330,227,367,454,734,4
1,20331,227,368,454,736,2
1,20332,227,426,454,853,3
1,20333,227,427,454,854,4
1,20334,227,428,454,856,4
1,20335,227,429,454,858,4
1,20336,227,430,454,860,4
1,20337,227,431,454,862,4
1,20338,227,493,454,986,4
1,20339,227,494,454,988,4
1,20340,227,495,454,990,4
1,20341,227,496,454,992,4
1,20342,227,497,454,994,3
1,20343,227,528,454,1057,2
1,20344,227,529,454,1058,3
1,20345,227,530,455,1060,2
1,20346,227,531,454,1062,4
1,20347,227,532,454,1064,4
1,20348,227,533,455,1066,2
1,20349,227,534,454,1069,3
1,20350,227,535,454,1070,2
1,20351,228,122,457,245,1
1,20352,228,123,456,246,4
1,20353,228,124,456,248,4
1,20354,228,125,456,250,4
1,20355,228,126,456,252,4
1,20356,228,127,456,254,4
1,20357,228,128,456,256,4
1,20358,228,129,456,258,4
1,20359,228,245,456,490,3
1,20360,228,246,456,492,4
1,20361,228,247,456,494,4
1,20362,228,248,456,496,4
1,20363,228,249,456,498,4
1,20364,228,250,456,500,4
1,20365,228,251,456,502,4
1,20366,228,252,456,504,4
1,20367,228,253,456,506,4
1,20368,228,254,456,508,4
1,20369,228,255,456,510,4
1,20370,228,256,456,512,4
1,20371,228,257,456,514,4
1,20372,228,258,456,516,4
1,20373,228,259,456,518,4
1,20374,228,260,456,520,4
1,20375,228,261,456,522,4
1,20376,228,262,456,524,4
1,20377,228,263,456,526,2
1,20378,228,275,456,551,3
1,20379,228,276,456,552,4
1,20380,228,277,456,554,4
1,20381,228,278,456,556,4
1,20382,228,279,456,558,4
1,20383,228,280,456,560,4
1,20384,228,281,456,562,4
1,20385,228,282,456,564,4
1,20386,228,283,456,566,4
1,20387,228,284,456,568,4
1,20388,228,285,456,570,2
1,20389,228,303,456,607,2
1,20390,228,304,456,608,4
1,20391,228,305,456,610,4
1,20392,228,306,456,612,4
1,20393,228,307,456,614,4
1,20394,228,308,456,616,4
1,20395,228,309,456,618,4
1,20396,228,310,456,620,4
1,20397,228,311,456,622,4
1,20398,228,327,456,654,4
1,20399,228,328,456,656,4
1,20400,228,329,456,658,4
1,20401,228,330,456,660,4
1,20402,228,331,456,662,4
1,20403,228,332,456,664,4
1,20404,228,333,456,666,4
1,20405,228,334,456,668,4
1,20406,228,335,456,670,1
1,20407,228,363,456,727,2
1,20408,228,364,456,728,4
1,20409,228,365,456,730,4
1,20410,228,366,456,732,4
1,20411,228,367,456,734,4
1,20412,228,368,456,736,3
1,20413,228,426,456,852,3
1,20414,228,427,456,854,4
1,20415,228,428,456,856,4
1,20416,228,429,456,858,4
1,20417,228,430,456,860,4
1,20418,228,431,456,862,4
1,20419,228,493,456,986,4
1,20420,228,494,456,988,4
1,20421,228,495,456,990,4
1,20422,228,496,456,992,4
1,20423,228,497,456,994,2
1,20424,228,528,456,1057,2
1,20425,228,529,456,1058,4
1,20426,228,530,456,1060,4
1,20427,228,531,456,1062,4
1,20428,228,532,456,1064,4
1,20429,228,533,456,1066,4
1,20430,228,534,456,1068,4
1,20431,228,535,456,1070,2
1,20432,229,121,459,243,1
1,20433,229,122,458,244,4
1,20434,229,123,458,246,4
1,20435,229,124,458,248,4
1,20436,229,125,458,250,4
1,20437,229,126,458,252,4
1,20438,229,127,458,254,4
1,20439,229,128,458,256,4
1,20440,229,129,458,258,4
1,20441,229,245,458,491,1
1,20442,229,246,458,492,4
1,20443,229,247,458,494,4
1,20444,229,248,458,496,4
1,20445,229,249,458,498,4
1,20446,229,250,458,500,4
1,20447,229,251,458,502,4
1,20448,229,252,458,504,4
1,20449,229,253,458,506,4
1,20450,229,254,458,508,4
1,20451,229,255,458,510,4
1,20452,229,256,458,512,4
1,20453,229,257,458,514,4
1,20454,229,258,458,516,4
1,20455,229,259,458,518,4
1,20456,229,260,458,520,4
1,20457,229,261,458,522,4
1,20458,229,262,458,524,4
1,20459,229,263,458,526,2
1,20460,229,275,458,550,4
1,20461,229,276,458,552,4
1,20462,229,277,458,554,4
1,20463,229,278,458,556,4
1,20464,229,279,458,558,4
1,20465,229,280,458,560,4
1,20466,229,281,458,562,4
1,20467,229,282,458,564,4
1,20468,229,283,458,566,4
1,20469,229,284,458,568,4
1,20470,229,303,458,607,1
1,20471,229,304,458,608,3
1,20472,229,305,458,610,4
1,20473,229,306,458,612,4
1,20474,229,307,458,614,4
1,20475,229,308,458,616,4
1,20476,229,309,458,618,4
1,20477,229,310,458,620,4
1,20478,229,311,458,622,1
1,20479,229,326,458,653,2
1,20480,229,327,458,654,4
1,20481,229,328,458,656,4
1,20482,229,329,458,658,4
1,20483,229,330,458,660,4
1,20484,229,331,458,662,4
1,20485,229,332,458,664,4
1,20486,229,333,458,666,4
1,20487,229,334,458,668,3
1,20488,229,363,458,727,3
1,20489,229,364,458,728,4
1,20490,229,365,458,730,4
1,20491,229,366,458,732,4
1,20492,229,367,458,734,4
1,20493,229,368,458,736,4
1,20494,229,426,458,853,1
1,20495,229,427,458,854,4
1,20496,229,428,458,856,4
1,20497,229,429,458,858,4
1,20498,229,430,458,860,4
1,20499,229,431,458,862,3
1,20500,229,493,458,986,3
1,20501,229,494,458,988,4
1,20502,229,495,458,990,4
1,20503,229,496,458,992,4
1,20504,229,497,458,994,2
1,20505,229,528,458,1057,2
1,20506,229,529,458,1058,4
1,20507,229,530,458,1060,4
1,20508,229,531,458,1062,4
1,20509,229,532,458,1064,4
1,20510,229,533,458,1066,4
1,20511,229,534,458,1068,4
1,20512,229,535,458,1070,2
1,20513,230,121,460,242,4
1,20514,230,122,460,244,4
1,20515,230,123,460,246,4
1,20516,230,124,460,248,4
1,20517,230,125,460,250,4
1,20518,230,126,460,252,4
1,20519,230,127,460,254,4
1,20520,230,128,460,256,4
1,20521,230,129,460,258,2
1,20522,230,246,460,492,3
1,20523,230,247,460,494,4
1,20524,230,248,460,496,4
1,20525,230,249,460,498,4
1,20526,230,250,460,500,4
1,20527,230,251,460,502,4
1,20528,230,252,460,504,4
1,20529,230,253,460,506,4
1,20530,230,254,460,508,4
1,20531,230,255,460,510,4
1,20532,230,256,460,512,4
1,20533,230,257,460,514,4
1,20534,230,258,460,516,4
1,20535,230,259,460,518,4
1,20536,230,260,460,520,4
1,20537,230,261,460,522,4
1,20538,230,262,460,524,4
1,20539,230,263,460,526,2
1,20540,230,275,460,550,4
1,20541,230,276,460,552,4
1,20542,230,277,460,554,4
1,20543,230,278,460,556,4
1,20544,230,279,460,558,4
1,20545,230,280,460,560,4
1,20546,230,281,460,562,4
1,20547,230,282,460,564,4
1,20548,230,283,460,566,4
1,20549,230,284,460,568,2
1,20550,230,304,460,609,2
1,20551,230,305,460,610,4
1,20552,230,306,460,612,4
1,20553,230,307,460,614,4
1,20554,230,308,460,616,4
1,20555,230,309,460,618,4
1,20556,230,310,460,620,4
1,20557,230,326,460,653,2
1,20558,230,327,460,654,4
1,20559,230,328,460,656,4
1,20560,230,329,460,658,4
1,20561,230,330,460,660,4
1,20562,230,331,460,662,4
1,20563,230,332,460,664,4
1,20564,230,333,460,666,4
1,20565,230,363,460,726,4
1,20566,230,364,460,728,4
1,20567,230,365,460,730,4
1,20568,230,366,460,732,4
1,20569,230,367,460,734,4
1,20570,230,368,460,736,2
1,20571,230,427,460,854,4
1,20572,230,428,460,856,4
1,20573,230,429,460,858,4
1,20574,230,430,460,860,4
1,20575,230,493,460,986,4
1,20576,230,494,460,988,4
1,20577,230,495,460,990,4
1,20578,230,496,460,992,4
1,20579,230,497,460,994,1
1,20580,230,528,460,1057,2
1,20581,230,529,460,1058,4
1,20582,230,530,460,1060,4
1,20583,230,531,460,1062,4
1,20584,230,532,460,1064,4
1,20585,230,533,460,1066,4
1,20586,230,534,460,1068,4
1,20587,230,535,460,1070,2
1,20588,231,120,462,241,2
1,20589,231,121,462,242,4
1,20590,231,122,462,244,4
1,20591,231,123,462,246,4
1,20592,231,124,462,248,4
1,20593,231,125,462,250,4
1,20594,231,126,462,252,4
1,20595,231,127,462,254,4
1,20596,231,128,462,256,4
1,20597,231,129,462,258,2
1,20598,231,246,462,493,1
1,20599,231,247,462,494,4
1,20600,231,248,462,496,4
1,20601,231,249,462,498,4
1,20602,231,250,462,500,4
1,20603,231,251,462,502,4
1,20604,231,252,462,504,4
1,20605,231,253,462,506,4
1,20606,231,254,462,508,4
1,20607,231,255,462,510,4
1,20608,231,256,462,512,4
1,20609,231,257,462,514,4
1,20610,231,258,462,516,4
1,20611,231,259,462,518,4
1,20612,231,260,462,520,4
1,20613,231,261,462,522,4
1,20614,231,262,462,524,4
1,20615,231,263,462,526,2
1,20616,231,274,462,549,2
1,20617,231,275,462,550,4
1,20618,231,276,462,552,4
1,20619,231,277,462,554,4
1,20620,231,278,462,556,4
1,20621,231,279,462,558,4
1,20622,231,280,462,560,4
1,20623,231,281,462,562,4
1,20624,231,282,462,564,4
1,20625,231,283,462,566,4
1,20626,231,304,462,609,2
1,20627,231,305,462,610,4
1,20628,231,306,462,612,4
1,20629,231,307,462,614,4
1,20630,231,308,462,616,4
1,20631,231,309,462,618,4
1,20632,231,310,462,620,4
1,20633,231,326,462,652,4
1,20634,231,327,462,654,4
1,20635,231,328,462,656,4
1,20636,231,329,462,658,4
1,20637,231,330,462,660,4
1,20638,231,331,462,662,4
1,20639,231,332,462,664,4
1,20640,231,333,462,666,4
1,20641,231,363,462,726,3
1,20642,231,364,462,728,2
1,20643,231,365,462,730,4
1,20644,231,366,462,732,4
1,20645,231,367,462,734,2
1,20646,231,368,462,736,1
1,20647,231,426,463,853,1
1,20648,231,427,462,854,4
1,20649,231,428,462,856,4
1,20650,231,429,462,858,4
1,20651,231,430,462,860,4
1,20652,231,493,462,987,1
1,20653,231,494,462,988,2
1,20654,231,528,462,1057,2
1,20655,231,529,462,1058,4
1,20656,231,530,462,1060,4
1,20657,231,531,462,1062,4
1,20658,231,532,462,1064,4
1,20659,231,533,462,1066,4
1,20660,231,534,462,1068,4
1,20661,231,535,462,1070,2
1,20662,232,120,464,240,4
1,20663,232,121,464,242,4
1,20664,232,122,464,244,4
1,20665,232,123,464,246,4
1,20666,232,124,464,248,4
1,20667,232,125,464,250,4
1,20668,232,126,464,252,4
1,20669,232,127,464,254,4
1,20670,232,128,464,256,4
1,20671,232,129,464,258,2
1,20672,232,247,464,494,3
1,20673,232,248,464,496,4
1,20674,232,249,464,498,4
1,20675,232,250,464,500,4
1,20676,232,251,464,502,4
1,20677,232,252,464,504,4
1,20678,232,253,464,506,4
1,20679,232,254,464,508,4
1,20680,232,255,464,510,4
1,20681,232,256,464,512,4
1,20682,232,257,464,514,4
1,20683,232,258,464,516,4
1,20684,232,259,464,518,4
1,20685,232,260,464,520,4
1,20686,232,261,464,522,4
1,20687,232,262,464,524,4
1,20688,232,263,464,526,3
1,20689,232,274,464,549,2
1,20690,232,275,464,550,4
1,20691,232,276,464,552,4
1,20692,232,277,464,554,4
1,20693,232,278,464,556,4
1,20694,232,279,464,558,4
1,20695,232,280,464,560,4
1,20696,232,281,464,562,4
1,20697,232,282,464,564,4
1,20698,232,283,464,566,2
1,20699,232,304,464,609,2
1,20700,232,305,464,610,4
1,20701,232,306,464,612,4
1,20702,232,307,464,614,4
1,20703,232,308,464,616,4
1,20704,232,309,464,618,4
1,20705,232,310,464,620,4
1,20706,232,311,464,622,3
1,20707,232,326,464,652,4
1,20708,232,327,464,654,4
1,20709,232,328,464,656,4
1,20710,232,329,464,658,4
1,20711,232,330,464,660,4
1,20712,232,331,464,662,4
1,20713,232,332,464,664,4
1,20714,232,333,464,666,4
1,20715,232,365,464,730,4
1,20716,232,366,464,732,4
1,20717,232,425,464,850,3
1,20718,232,426,464,852,4
1,20719,232,427,464,854,4
1,20720,232,428,464,856,4
1,20721,232,429,464,858,4
1,20722,232,430,464,860,4
1,20723,232,528,464,1057,2
1,20724,232,529,464,1058,4
1,20725,232,530,464,1060,4
1,20726,232,531,464,1062,4
1,20727,232,532,464,1064,4
1,20728,232,533,464,1066,4
1,20729,232,534,464,1068,4
1,20730,232,535,464,1070,2
1,20731,233,119,466,239,2
1,20732,233,120,466,240,4
1,20733,233,121,466,242,4
1,20734,233,122,466,244,4
1,20735,233,123,466,246,4
1,20736,233,124,466,248,4
1,20737,233,125,466,250,4
1,20738,233,126,466,252,4
1,20739,233,127,466,254,4
1,20740,233,128,466,256,4
1,20741,233,129,466,258,2
1,20742,233,247,466,495,1
1,20743,233,248,466,496,4
1,20744,233,249,466,498,4
1,20745,233,250,466,500,4
1,20746,233,251,466,502,4
1,20747,233,252,466,504,4
1,20748,233,253,466,506,4
1,20749,233,254,466,508,4
1,20750,233,255,466,510,4
1,20751,233,256,466,512,4
1,20752,233,257,466,514,4
1,20753,233,258,466,516,4
1,20754,233,259,466,518,4
1,20755,233,260,466,520,4
1,20756,233,261,466,522,4
1,20757,233,262,466,524,4
1,20758,233,263,466,526,4
1,20759,233,274,466,549,3
1,20760,233,275,466,550,4
1,20761,233,276,466,552,4
1,20762,233,277,466,554,4
1,20763,233,278,466,556,4
1,20764,233,279,466,558,4
1,20765,233,280,466,560,4
1,20766,233,281,466,562,4
1,20767,233,282,466,564,4
1,20768,233,283,466,566,1
1,20769,233,304,466,609,2
1,20770,233,305,466,610,4
1,20771,233,306,466,612,4
1,20772,233,307,466,614,4
1,20773,233,308,466,616,4
1,20774,233,309,466,618,4
1,20775,233,310,466,620,4
1,20776,233,311,466,622,4
1,20777,233,326,466,653,1
1,20778,233,327,466,654,4
1,20779,233,328,466,656,4
1,20780,233,329,466,658,4
1,20781,233,330,466,660,4
1,20782,233,331,466,662,4
1,20783,233,332,466,664,4
1,20784,233,333,466,666,4
1,20785,233,334,466,668,2
1,20786,233,362,466,725,2
1,20787,233,363,466,726,3
1,20788,233,364,467,728,2
1,20789,233,365,466,730,4
1,20790,233,366,466,732,4
1,20791,233,367,467,734,2
1,20792,233,368,466,737,3
1,20793,233,369,466,738,2
1,20794,233,425,466,851,2
1,20795,233,426,466,852,4
1,20796,233,427,466,854,4
1,20797,233,428,466,856,4
1,20798,233,429,466,858,4
1,20799,233,430,466,860,4
1,20800,233,431,466,862,2
1,20801,233,528,466,1057,2
1,20802,233,529,466,1058,4
1,20803,233,530,466,1060,4
1,20804,233,531,466,1062,4
1,20805,233,532,466,1064,4
1,20806,233,533,466,1066,4
1,20807,233,534,466,1068,4
1,20808,233,535,466,1070,2
1,20809,234,119,468,238,4
1,20810,234,120,468,240,4
1,20811,234,121,468,242,4
1,20812,234,122,468,244,4
1,20813,234,123,468,246,4
1,20814,234,124,468,248,4
1,20815,234,125,468,250,4
1,20816,234,126,468,252,4
1,20817,234,127,468,254,4
1,20818,234,128,468,256,4
1,20819,234,129,468,258,2
1,20820,234,248,468,496,3
1,20821,234,249,468,498,4
1,20822,234,250,468,500,4
1,20823,234,251,468,502,4
1,20824,234,252,468,504,4
1,20825,234,253,468,506,4
1,20826,234,254,468,508,4
1,20827,234,255,468,510,4
1,20828,234,256,468,512,4
1,20829,234,257,468,514,4
1,20830,234,258,468,516,4
1,20831,234,259,468,518,4
1,20832,234,260,468,520,4
1,20833,234,261,468,522,4
1,20834,234,262,468,524,4
1,20835,234,263,468,526,4
1,20836,234,274,468,548,4
1,20837,234,275,468,550,4
1,20838,234,276,468,552,4
1,20839,234,277,468,554,4
1,20840,234,278,468,556,4
1,20841,234,279,468,558,4
1,20842,234,280,468,560,4
1,20843,234,281,468,562,4
1,20844,234,282,468,564,3
1,20845,234,304,468,609,2
1,20846,234,305,468,610,4
1,20847,234,306,468,612,4
1,20848,234,307,468,614,4
1,20849,234,308,468,616,4
1,20850,234,309,468,618,4
1,20851,234,310,468,620,4
1,20852,234,311,468,622,4
1,20853,234,312,468,624,2
1,20854,234,327,468,655,2
1,20855,234,328,468,656,4
1,20856,234,329,468,658,4
1,20857,234,330,468,660,4
1,20858,234,331,468,662,4
1,20859,234,332,468,664,4
1,20860,234,333,468,666,4
1,20861,234,334,468,668,4
1,20862,234,335,469,670,1
1,20863,234,362,468,725,2
1,20864,234,363,468,726,4
1,20865,234,364,468,728,4
1,20866,234,365,468,730,4
1,20867,234,366,468,732,4
1,20868,234,367,468,734,4
1,20869,234,368,468,736,4
1,20870,234,369,468,738,2
1,20871,234,425,468,851,1
1,20872,234,426,468,852,4
1,20873,234,427,468,854,4
1,20874,234,428,468,856,4
1,20875,234,429,468,858,4
1,20876,234,430,468,860,4
1,20877,234,431,468,862,4
1,20878,234,528,468,1057,1
1,20879,234,529,468,1058,4
1,20880,234,530,468,1060,4
1,20881,234,531,468,1062,4
1,20882,234,532,468,1064,4
1,20883,234,533,468,1066,4
1,20884,234,534,468,1068,4
1,20885,234,535,468,1070,2
1,20886,235,118,471,237,1
1,20887,235,119,470,238,4
1,20888,235,120,470,240,4
1,20889,235,121,470,242,4
1,20890,235,122,470,244,4
1,20891,235,123,470,246,4
1,20892,235,124,470,248,4
1,20893,235,125,470,250,4
1,20894,235,126,470,252,4
1,20895,235,127,470,254,4
1,20896,235,128,470,256,4
1,20897,235,129,470,258,2
1,20898,235,248,470,497,2
1,20899,235,249,470,498,4
1,20900,235,250,470,500,4
1,20901,235,251,470,502,4
1,20902,235,252,470,504,4
1,20903,235,253,470,506,4
1,20904,235,254,470,508,4
1,20905,235,255,470,510,4
1,20906,235,256,470,512,4
1,20907,235,257,470,514,4
1,20908,235,258,470,516,4
1,20909,235,259,470,518,4
1,20910,235,260,470,520,4
1,20911,235,261,470,522,4
1,20912,235,262,470,524,4
1,20913,235,263,470,526,4
1,20914,235,274,470,548,4
1,20915,235,275,470,550,4
1,20916,235,276,470,552,4
1,20917,235,277,470,554,4
1,20918,235,278,470,556,4
1,20919,235,279,470,558,4
1,20920,235,280,470,560,4
1,20921,235,281,470,562,4
1,20922,235,282,470,564,1
1,20923,235,304,470,609,2
1,20924,235,305,470,610,4
1,20925,235,306,470,612,4
1,20926,235,307,470,614,4
1,20927,235,308,470,616,4
1,20928,235,309,470,618,4
1,20929,235,310,470,620,4
1,20930,235,311,470,622,4
1,20931,235,312,470,624,1
1,20932,235,328,470,656,4
1,20933,235,329,470,658,4
1,20934,235,330,470,660,4
1,20935,235,331,470,662,4
1,20936,235,332,470,664,4
1,20937,235,333,470,666,4
1,20938,235,334,470,668,4
1,20939,235,335,470,670,2
1,20940,235,352,471,704,2
1,20941,235,353,471,706,2
1,20942,235,354,471,708,2
1,20943,235,355,471,710,2
1,20944,235,356,470,712,2
1,20945,235,362,470,725,2
1,20946,235,363,470,726,4
1,20947,235,364,470,728,4
1,20948,235,365,470,730,4
1,20949,235,366,470,732,4
1,20950,235,367,470,734,4
1,20951,235,368,470,736,4
1,20952,235,369,470,738,2
1,20953,235,376,471,752,2
1,20954,235,377,471,754,2
1,20955,235,378,471,756,2
1,20956,235,379,471,758,2
1,20957,235,380,470,760,2
1,20958,235,426,470,852,4
1,20959,235,427,470,854,4
1,20960,235,428,470,856,4
1,20961,235,429,470,858,4
1,20962,235,430,470,860,4
1,20963,235,431,470,862,4
1,20964,235,530,470,1061,2
1,20965,235,531,470,1062,4
1,20966,235,532,470,1064,4
1,20967,235,533,470,1066,4
1,20968,235,534,470,1068,4
1,20969,235,535,470,1070,4
1,20970,235,536,470,1072,2
1,20971,235,542,470,1084,4
1,20972,235,543,470,1086,4
1,20973,235,544,470,1088,4
1,20974,235,545,470,1090,4
1,20975,235,546,470,1092,4
1,20976,235,547,470,1094,4
1,20977,235,548,470,1096,4
1,20978,235,549,470,1098,4
1,20979,235,550,470,1100,4
1,20980,235,551,470,1102,4
1,20981,235,552,471,1104,2
1,20982,235,553,471,1106,2
1,20983,235,554,471,1108,2
1,20984,235,555,470,1111,3
1,20985,235,556,470,1112,2
1,20986,235,557,470,1114,2
1,20987,236,118,472,237,2
1,20988,236,119,472,238,4
1,20989,236,120,472,240,4
1,20990,236,121,472,242,4
1,20991,236,122,472,244,4
1,20992,236,123,472,246,4
1,20993,236,124,472,248,4
1,20994,236,125,472,250,4
1,20995,236,126,472,252,4
1,20996,236,127,472,254,4
1,20997,236,128,472,256,4
1,20998,236,129,472,258,2
1,20999,236,248,472,497,2
1,21000,236,249,472,498,4
1,21001,236,250,472,500,4
1,21002,236,251,472,502,4
1,21003,236,252,472,504,4
1,21004,236,253,472,506,4
1,21005,236,254,472,508,4
1,21006,236,255,472,510,4
1,21007,236,256,472,512,4
1,21008,236,257,472,514,4
1,21009,236,258,472,516,4
1,21010,236,259,472,518,4
1,21011,236,260,472,520,4
1,21012,236,261,472,522,4
1,21013,236,262,472,524,4
1,21014,236,263,472,526,4
1,21015,236,274,472,548,4
1,21016,236,275,472,550,4
1,21017,236,276,472,552,4
1,21018,236,277,472,554,4
1,21019,236,278,472,556,4
1,21020,236,279,472,558,4
1,21021,236,280,472,560,4
1,21022,236,281,472,562,3
1,21023,236,304,472,609,2
1,21024,236,305,472,610,4
1,21025,236,306,472,612,4
1,21026,236,307,472,614,3
1,21027,236,308,472,616,4
1,21028,236,309,472,618,4
1,21029,236,310,472,620,4
1,21030,236,311,472,622,4
1,21031,236,328,472,656,4
1,21032,236,329,472,658,4
1,21033,236,330,472,660,4
1,21034,236,331,472,662,4
1,21035,236,332,472,664,4
1,21036,236,333,472,666,4
1,21037,236,334,472,668,4
1,21038,236,335,472,670,4
1,21039,236,352,472,704,4
1,21040,236,353,472,706,4
1,21041,236,354,472,708,4
1,21042,236,355,472,710,4
1,21043,236,356,472,712,2
1,21044,236,362,472,725,2
1,21045,236,363,472,726,4
1,21046,236,364,472,728,4
1,21047,236,365,472,730,4
1,21048,236,366,472,732,4
1,21049,236,367,472,734,4
1,21050,236,368,472,736,4
1,21051,236,369,472,738,2
1,21052,236,376,472,752,4
1,21053,236,377,472,754,4
1,21054,236,378,472,756,4
1,21055,236,379,472,758,4
1,21056,236,380,472,760,2
1,21057,236,426,472,852,4
1,21058,236,427,472,854,4
1,21059,236,428,472,856,4
1,21060,236,429,472,858,4
1,21061,236,430,472,860,4
1,21062,236,431,472,862,2
1,21063,236,531,472,1062,4
1,21064,236,532,472,1064,4
1,21065,236,533,472,1066,4
1,21066,236,534,472,1068,4
1,21067,236,535,472,1070,4
1,21068,236,536,472,1072,2
1,21069,236,541,473,1083,1
1,21070,236,542,472,1084,4
1,21071,236,543,472,1086,4
1,21072,236,544,472,1088,4
1,21073,236,545,472,1090,4
1,21074,236,546,472,1092,4
1,21075,236,547,472,1094,4
1,21076,236,548,472,1096,4
1,21077,236,549,472,1098,4
1,21078,236,550,472,1100,4
1,21079,236,551,472,1102,4
1,21080,236,552,472,1104,4
1,21081,236,553,472,1106,4
1,21082,236,554,472,1108,4
1,21083,236,555,472,1110,4
1,21084,237,118,474,236,4
1,21085,237,119,474,238,4
1,21086,237,120,474,240,4
1,21087,237,121,474,242,4
1,21088,237,122,474,244,4
1,21089,237,123,474,246,4
1,21090,237,124,474,248,4
1,21091,237,125,474,250,4
1,21092,237,126,474,252,4
1,21093,237,127,474,254,4
1,21094,237,128,474,256,4
1,21095,237,248,474,496,4
1,21096,237,249,474,498,4
1,21097,237,250,474,500,4
1,21098,237,251,474,502,4
1,21099,237,252,474,504,4
1,21100,237,253,474,506,4
1,21101,237,254,474,508,4
1,21102,237,255,474,510,4
1,21103,237,256,474,512,4
1,21104,237,257,474,514,4
1,21105,237,258,474,516,4
1,21106,237,259,474,518,4
1,21107,237,260,474,520,4
1,21108,237,261,474,522,4
1,21109,237,262,474,524,4
1,21110,237,263,474,526,4
1,21111,237,264,474,528,3
1,21112,237,265,475,530,2
1,21113,237,266,475,532,2
1,21114,237,267,475,534,2
1,21115,237,268,475,536,2
1,21116,237,269,475,538,2
1,21117,237,270,475,540,1
1,21118,237,273,475,546,2
1,21119,237,274,474,548,4
1,21120,237,275,474,550,4
1,21121,237,276,474,552,4
1,21122,237,277,474,554,4
1,21123,237,278,474,556,4
1,21124,237,279,474,558,4
1,21125,237,280,474,560,4
1,21126,237,281,474,562,1
1,21127,237,304,474,609,2
1,21128,237,305,474,610,4
1,21129,237,306,474,612,4
1,21130,237,307,474,614,4
1,21131,237,308,474,616,4
1,21132,237,309,474,618,4
1,21133,237,310,474,620,4
1,21134,237,311,474,622,3
1,21135,237,328,474,656,4
1,21136,237,329,474,658,4
1,21137,237,330,474,660,4
1,21138,237,331,474,662,4
1,21139,237,332,474,664,4
1,21140,237,333,474,666,4
1,21141,237,334,474,668,4
1,21142,237,335,474,670,4
1,21143,237,352,474,704,4
1,21144,237,353,474,706,4
1,21145,237,354,474,708,4
1,21146,237,355,474,710,4
1,21147,237,356,474,712,2
1,21148,237,362,474,725,2
1,21149,237,363,474,726,4
1,21150,237,364,474,728,4
1,21151,237,365,474,730,4
1,21152,237,366,474,732,4
1,21153,237,367,474,734,4
1,21154,237,368,474,736,4
1,21155,237,369,474,738,2
1,21156,237,376,474,752,4
1,21157,237,377,474,754,4
1,21158,237,378,474,756,4
1,21159,237,379,474,758,4
1,21160,237,380,474,760,2
1,21161,237,426,474,852,3
1,21162,237,427,474,854,2
1,21163,237,428,474,856,4
1,21164,237,429,474,858,4
1,21165,237,430,474,860,2
1,21166,237,431,474,862,1
1,21167,237,531,474,1063,1
1,21168,237,532,474,1064,4
1,21169,237,533,474,1066,4
1,21170,237,534,474,1068,4
1,21171,237,535,474,1070,4
1,21172,237,536,474,1072,4
1,21173,237,537,475,1074,2
1,21174,237,538,475,1076,2
1,21175,237,539,474,1078,4
1,21176,237,540,474,1080,4
1,21177,237,541,474,1082,4
1,21178,237,542,474,1084,4
1,21179,237,543,474,1086,4
1,21180,237,544,474,1088,4
1,21181,237,545,474,1090,4
1,21182,237,546,474,1092,4
1,21183,237,547,474,1094,4
1,21184,237,548,474,1096,4
1,21185,237,549,474,1098,4
1,21186,237,550,474,1100,4
1,21187,237,551,474,1102,4
1,21188,237,552,474,1104,4
1,21189,237,553,474,1106,4
1,21190,237,554,474,1108,4
1,21191,237,555,474,1110,4
1,21192,238,118,476,236,4
1,21193,238,119,476,238,4
1,21194,238,120,476,240,4
1,21195,238,121,476,242,4
1,21196,238,122,476,244,4
1,21197,238,123,476,246,4
1,21198,238,124,476,248,4
1,21199,238,125,476,250,4
1,21200,238,126,476,252,4
1,21201,238,127,476,254,4
1,21202,238,128,476,256,3
1,21203,238,247,477,495,1
1,21204,238,248,476,496,4
1,21205,238,249,476,498,4
1,21206,238,250,476,500,4
1,21207,238,251,476,502,4
1,21208,238,252,476,504,4
1,21209,238,253,476,506,4
1,21210,238,254,476,508,4
1,21211,238,255,476,510,4
1,21212,238,256,476,512,4
1,21213,238,257,476,514,4
1,21214,238,258,476,516,4
1,21215,238,259,476,518,4
1,21216,238,260,476,520,4
1,21217,238,261,476,522,4
1,21218,238,262,476,524,4
1,21219,238,263,476,526,4
1,21220,238,264,476,528,4
1,21221,238,265,476,530,4
1,21222,238,266,476,532,4
1,21223,238,267,476,534,4
1,21224,238,268,476,536,4
1,21225,238,269,476,538,4
1,21226,238,270,476,540,4
1,21227,238,271,476,542,4
1,21228,238,272,476,544,4
1,21229,238,273,476,546,4
1,21230,238,274,476,548,4
1,21231,238,275,476,550,4
1,21232,238,276,476,552,4
1,21233,238,277,476,554,4
1,21234,238,278,476,556,4
1,21235,238,279,476,558,4
1,21236,238,280,476,560,1
1,21237,238,304,476,609,2
1,21238,238,305,476,610,4
1,21239,238,306,476,612,4
1,21240,238,307,476,614,4
1,21241,238,308,476,616,4
1,21242,238,309,476,618,4
1,21243,238,310,476,620,4
1,21244,238,311,476,622,2
1,21245,238,328,476,656,3
1,21246,238,329,476,658,4
1,21247,238,330,476,660,4
1,21248,238,331,476,662,4
1,21249,238,332,476,664,4
1,21250,238,333,476,666,4
1,21251,238,334,476,668,4
1,21252,238,335,476,670,4
1,21253,238,352,476,704,4
1,21254,238,353,476,706,4
1,21255,238,354,476,708,4
1,21256,238,355,476,710,4
1,21257,238,356,476,712,2
1,21258,238,362,476,725,2
1,21259,238,363,476,726,4
1,21260,238,364,476,728,4
1,21261,238,365,476,730,4
1,21262,238,366,476,732,4
1,21263,238,367,476,734,4
1,21264,238,368,476,736,4
1,21265,238,369,476,738,2
1,21266,238,376,476,752,4
1,21267,238,377,476,754,4
1,21268,238,378,476,756,4
1,21269,238,379,476,758,4
1,21270,238,380,476,760,2
1,21271,238,428,476,856,4
1,21272,238,429,476,858,4
1,21273,238,532,476,1065,3
1,21274,238,533,476,1066,4
1,21275,238,534,476,1068,4
1,21276,238,535,476,1070,4
1,21277,238,536,476,1072,4
1,21278,238,537,476,1074,4
1,21279,238,538,476,1076,4
1,21280,238,539,476,1078,4
1,21281,238,540,476,1080,4
1,21282,238,541,476,1082,4
1,21283,238,542,476,1084,4
1,21284,238,543,476,1086,4
1,21285,238,544,476,1088,4
1,21286,238,545,476,1090,4
1,21287,238,546,476,1092,4
1,21288,238,547,476,1094,4
1,21289,238,548,476,1096,4
1,21290,238,549,476,1098,4
1,21291,238,550,476,1100,4
1,21292,238,551,476,1102,4
1,21293,238,552,476,1104,4
1,21294,238,553,476,1106,4
1,21295,238,554,476,1108,4
1,21296,238,555,476,1110,4
1,21297,238,556,477,1112,1
1,21298,239,117,478,235,2
1,21299,239,118,478,236,4
1,21300,239,119,478,238,4
1,21301,239,120,478,240,4
1,21302,239,121,478,242,4
1,21303,239,122,478,244,4
1,21304,239,123,478,246,4
1,21305,239,124,478,248,4
1,21306,239,125,478,250,4
1,21307,239,126,478,252,4
1,21308,239,127,478,254,4
1,21309,239,128,478,256,2
1,21310,239,247,478,495,2
1,21311,239,248,478,496,4
1,21312,239,249,478,498,4
1,21313,239,250,478,500,4
1,21314,239,251,478,502,4
1,21315,239,252,478,504,4
1,21316,239,253,478,506,4
1,21317,239,254,478,508,4
1,21318,239,255,478,510,4
1,21319,239,256,478,512,4
1,21320,239,257,478,514,4
1,21321,239,258,478,516,4
1,21322,239,259,478,518,4
1,21323,239,260,478,520,4
1,21324,239,261,478,522,4
1,21325,239,262,478,524,4
1,21326,239,263,478,526,4
1,21327,239,264,478,528,4
1,21328,239,265,478,530,4
1,21329,239,266,478,532,4
1,21330,239,267,478,534,4
1,21331,239,268,478,536,4
1,21332,239,269,478,538,4
1,21333,239,270,478,540,4
1,21334,239,271,478,542,4
1,21335,239,272,478,544,4
1,21336,239,273,478,546,4
1,21337,239,274,478,548,4
1,21338,239,275,478,550,4
1,21339,239,276,478,552,4
1,21340,239,277,478,554,4
1,21341,239,278,478,556,3
1,21342,239,279,478,558,1
1,21343,239,304,478,609,2
1,21344,239,305,478,610,4
1,21345,239,306,478,612,4
1,21346,239,307,478,614,4
1,21347,239,308,478,616,4
1,21348,239,309,478,618,4
1,21349,239,310,478,620,4
1,21350,239,311,478,622,1
1,21351,239,329,478,658,3
1,21352,239,330,478,660,4
1,21353,239,331,478,662,4
1,21354,239,332,478,664,4
1,21355,239,333,478,666,4
1,21356,239,334,478,668,4
1,21357,239,335,478,670,4
1,21358,239,351,479,703,1
1,21359,239,352,478,704,4
1,21360,239,353,478,706,4
1,21361,239,354,478,708,4
1,21362,239,355,478,710,4
1,21363,239,356,478,712,3
1,21364,239,362,478,725,2
1,21365,239,363,478,726,4
1,21366,239,364,478,728,4
1,21367,239,365,478,730,4
1,21368,239,366,478,732,4
1,21369,239,367,478,734,4
1,21370,239,368,478,736,4
1,21371,239,369,478,738,2
1,21372,239,375,479,751,1
1,21373,239,376,478,752,4
1,21374,239,377,478,754,4
1,21375,239,378,478,756,4
1,21376,239,379,478,758,4
1,21377,239,380,478,760,3
1,21378,239,426,478,852,3
1,21379,239,427,479,854,2
1,21380,239,428,478,856,4
1,21381,239,429,478,858,4
1,21382,239,430,479,860,2
1,21383,239,431,478,863,3
1,21384,239,532,478,1064,3
1,21385,239,533,478,1066,4
1,21386,239,534,478,1068,4
1,21387,239,535,478,1070,4
1,21388,239,536,478,1072,4
1,21389,239,537,478,1074,4
1,21390,239,538,478,1076,4
1,21391,239,539,478,1078,4
1,21392,239,540,478,1080,4
1,21393,239,541,478,1082,4
1,21394,239,542,478,1084,4
1,21395,239,543,478,1086,4
1,21396,239,544,478,1088,4
1,21397,239,545,478,1090,4
1,21398,239,546,478,1092,4
1,21399,239,547,478,1094,4
1,21400,239,548,478,1096,4
1,21401,239,549,478,1098,4
1,21402,239,550,478,1100,4
1,21403,239,551,478,1102,4
1,21404,239,552,478,1104,4
1,21405,239,553,478,1106,4
1,21406,239,554,478,1108,4
1,21407,239,555,478,1110,4
1,21408,239,556,478,1112,2
1,21409,240,117,480,235,2
1,21410,240,118,480,236,4
1,21411,240,119,480,238,4
1,21412,240,120,480,240,4
1,21413,240,121,480,242,4
1,21414,240,122,480,244,4
1,21415,240,123,480,246,4
1,21416,240,124,480,248,4
1,21417,240,125,480,250,4
1,21418,240,126,480,252,4
1,21419,240,127,480,254,4
1,21420,240,128,480,256,1
1,21421,240,247,480,494,4
1,21422,240,248,480,496,4
1,21423,240,249,480,498,4
1,21424,240,250,480,500,4
1,21425,240,251,480,502,4
1,21426,240,252,480,504,4
1,21427,240,253,480,506,4
1,21428,240,254,480,508,4
1,21429,240,255,480,510,4
1,21430,240,256,480,512,4
1,21431,240,257,480,514,4
1,21432,240,258,480,516,4
1,21433,240,259,480,518,4
1,21434,240,260,480,520,4
1,21435,240,261,480,522,4
1,21436,240,262,480,524,4
1,21437,240,263,480,526,4
1,21438,240,264,480,528,4
1,21439,240,265,480,530,4
1,21440,240,266,480,532,4
1,21441,240,267,480,534,4
1,21442,240,268,480,536,4
1,21443,240,269,480,538,4
1,21444,240,270,480,540,4
1,21445,240,271,480,542,4
1,21446,240,272,480,544,4
1,21447,240,273,480,546,4
1,21448,240,274,480,548,4
1,21449,240,275,480,550,4
1,21450,240,276,480,552,4
1,21451,240,277,480,554,3
1,21452,240,304,480,609,2
1,21453,240,305,480,610,4
1,21454,240,306,480,612,4
1,21455,240,307,480,614,4
1,21456,240,308,480,616,4
1,21457,240,309,480,618,4
1,21458,240,310,480,620,4
1,21459,240,329,480,659,2
1,21460,240,330,480,660,4
1,21461,240,331,480,662,4
1,21462,240,332,480,664,4
1,21463,240,333,480,666,4
1,21464,240,334,480,668,4
1,21465,240,335,480,670,4
1,21466,240,336,480,672,2
1,21467,240,350,480,701,1
1,21468,240,351,480,702,4
1,21469,240,352,480,704,4
1,21470,240,353,480,706,4
1,21471,240,354,480,708,4
1,21472,240,355,480,710,4
1,21473,240,356,480,712,4
1,21474,240,357,480,714,1
1,21475,240,362,480,725,2
1,21476,240,363,480,726,4
1,21477,240,364,480,728,4
1,21478,240,365,480,730,4
1,21479,240,366,480,732,4
1,21480,240,367,480,734,4
1,21481,240,368,480,736,4
1,21482,240,369,480,738,2
1,21483,240,374,480,749,1
1,21484,240,375,480,750,4
1,21485,240,376,480,752,4
1,21486,240,377,480,754,4
1,21487,240,378,480,756,4
1,21488,240,379,480,758,4
1,21489,240,380,480,760,4
1,21490,240,381,480,762,1
1,21491,240,417,481,835,1
1,21492,240,422,481,844,2
1,21493,240,423,480,846,2
1,21494,240,426,480,852,4
1,21495,240,427,480,854,4
1,21496,240,428,480,856,4
1,21497,240,429,480,858,4
1,21498,240,430,480,860,4
1,21499,240,431,480,862,4
1,21500,240,434,480,869,2
1,21501,240,435,481,870,2
1,21502,240,440,481,880,1
1,21503,240,532,480,1065,3
1,21504,240,533,480,1066,4
1,21505,240,534,480,1068,4
1,21506,240,535,480,1070,4
1,21507,240,536,480,1072,4
1,21508,240,537,480,1074,4
1,21509,240,538,480,1076,4
1,21510,240,539,480,1078,4
1,21511,240,540,480,1080,4
1,21512,240,541,480,1082,4
1,21513,240,542,480,1084,4
1,21514,240,543,480,1086,4
1,21515,240,544,480,1088,4
1,21516,240,545,480,1090,4
1,21517,240,546,480,1092,4
1,21518,240,547,480,1094,4
1,21519,240,548,480,1096,4
1,21520,240,549,480,1098,4
1,21521,240,550,480,1100,4
1,21522,240,551,480,1102,4
1,21523,240,552,480,1104,4
1,21524,240,553,480,1106,4
1,21525,240,554,480,1108,4
1,21526,240,555,480,1110,4
1,21527,240,556,480,1112,2
1,21528,241,117,482,234,4
1,21529,241,118,482,236,4
1,21530,241,119,482,238,4
1,21531,241,120,482,240,4
1,21532,241,121,482,242,4
1,21533,241,122,482,244,4
1,21534,241,123,482,246,4
1,21535,241,124,482,248,4
1,21536,241,125,482,250,4
1,21537,241,126,482,252,4
1,21538,241,127,482,254,3
1,21539,241,246,483,493,1
1,21540,241,247,482,494,4
1,21541,241,248,482,496,4
1,21542,241,249,482,498,4
1,21543,241,250,482,500,4
1,21544,241,251,482,502,4
1,21545,241,252,482,504,4
1,21546,241,253,482,506,4
1,21547,241,254,482,508,4
1,21548,241,255,482,510,4
1,21549,241,256,482,512,4
1,21550,241,257,482,514,4
1,21551,241,258,482,516,4
1,21552,241,259,482,518,4
1,21553,241,260,482,520,4
1,21554,241,261,482,522,4
1,21555,241,262,482,524,4
1,21556,241,263,482,526,4
1,21557,241,264,482,528,4
1,21558,241,265,482,530,4
1,21559,241,266,482,532,4
1,21560,241,267,482,534,4
1,21561,241,268,482,536,4
1,21562,241,269,482,538,4
1,21563,241,270,482,540,4
1,21564,241,271,482,542,4
1,21565,241,272,482,544,4
1,21566,241,273,482,546,4
1,21567,241,274,482,548,4
1,21568,241,275,482,550,4
1,21569,241,276,482,552,1
1,21570,241,305,482,610,4
1,21571,241,306,482,612,4
1,21572,241,307,482,614,4
1,21573,241,308,482,616,4
1,21574,241,309,482,618,4
1,21575,241,310,482,620,4
1,21576,241,311,483,622,1
1,21577,241,329,482,659,2
1,21578,241,330,482,660,4
1,21579,241,331,482,662,4
1,21580,241,332,482,664,4
1,21581,241,333,482,666,4
1,21582,241,334,482,668,4
1,21583,241,335,482,670,4
1,21584,241,336,482,672,2
1,21585,241,345,483,691,1
1,21586,241,346,482,692,4
1,21587,241,347,482,694,2
1,21588,241,348,482,696,2
1,21589,241,349,482,698,4
1,21590,241,350,483,700,2
1,21591,241,351,482,702,4
1,21592,241,352,482,704,4
1,21593,241,353,482,706,4
1,21594,241,354,482,708,4
1,21595,241,355,482,710,4
1,21596,241,356,482,712,4
1,21597,241,357,483,714,2
1,21598,241,358,482,716,4
1,21599,241,359,482,718,4
1,21600,241,360,482,720,4
1,21601,241,361,482,722,4
1,21602,241,362,482,724,4
1,21603,241,363,482,726,4
1,21604,241,364,482,728,4
1,21605,241,365,482,730,4
1,21606,241,366,482,732,4
1,21607,241,367,482,734,4
1,21608,241,368,482,736,4
1,21609,241,369,482,738,4
1,21610,241,370,482,740,4
1,21611,241,371,482,742,4
1,21612,241,372,482,744,4
1,21613,241,373,482,746,4
1,21614,241,374,483,748,2
1,21615,241,375,482,750,4
1,21616,241,376,482,752,4
1,21617,241,377,482,754,4
1,21618,241,378,482,756,4
1,21619,241,379,482,758,4
1,21620,241,380,482,760,4
1,21621,241,381,483,762,2
1,21622,241,382,482,764,4
1,21623,241,383,482,766,4
1,21624,241,384,482,768,4
1,21625,241,385,482,770,4
1,21626,241,386,483,772,2
1,21627,241,416,483,833,1
1,21628,241,417,482,834,4
1,21629,241,418,483,836,1
1,21630,241,421,483,843,1
1,21631,241,422,482,844,4
1,21632,241,423,482,846,2
1,21633,241,426,482,852,4
1,21634,241,427,482,854,4
1,21635,241,428,482,856,4
1,21636,241,429,482,858,4
1,21637,241,430,482,860,4
1,21638,241,431,482,862,4
1,21639,241,434,482,869,2
1,21640,241,435,482,870,4
1,21641,241,436,483,872,1
1,21642,241,439,483,879,1
1,21643,241,440,482,880,4
1,21644,241,441,483,882,1
1,21645,241,532,482,1064,4
1,21646,241,533,482,1066,4
1,21647,241,534,482,1068,4
1,21648,241,535,482,1070,4
1,21649,241,536,482,1072,4
1,21650,241,537,482,1074,4
1,21651,241,538,482,1076,4
1,21652,241,539,482,1078,4
1,21653,241,540,482,1080,4
1,21654,241,541,482,1082,4
1,21655,241,542,482,1084,4
1,21656,241,543,482,1086,4
1,21657,241,544,482,1088,4
1,21658,241,545,482,1090,4
1,21659,241,546,482,1092,4
1,21660,241,547,482,1094,4
1,21661,241,548,482,1096,4
1,21662,241,549,482,1098,4
1,21663,241,550,482,1100,4
1,21664,241,551,482,1102,4
1,21665,241,552,482,1104,4
1,21666,241,553,482,1106,4
1,21667,241,554,482,1108,4
1,21668,241,555,482,1110,4
1,21669,241,556,482,1112,3
1,21670,241,557,483,1114,1
1,21671,242,117,484,234,4
1,21672,242,118,484,236,4
1,21673,242,119,484,238,4
1,21674,242,120,484,240,4
1,21675,242,121,484,242,4
1,21676,242,122,484,244,4
1,21677,242,123,484,246,4
1,21678,242,124,484,248,4
1,21679,242,125,484,250,4
1,21680,242,126,484,252,4
1,21681,242,127,484,254,2
1,21682,242,246,484,493,2
1,21683,242,247,484,494,4
1,21684,242,248,484,496,4
1,21685,242,249,484,498,4
1,21686,242,250,484,500,4
1,21687,242,251,484,502,4
1,21688,242,252,484,504,4
1,21689,242,253,484,506,4
1,21690,242,254,484,508,4
1,21691,242,255,484,510,4
1,21692,242,256,484,512,4
1,21693,242,257,484,514,4
1,21694,242,258,484,516,4
1,21695,242,259,484,518,4
1,21696,242,260,484,520,4
1,21697,242,261,484,522,4
1,21698,242,262,484,524,4
1,21699,242,263,484,526,4
1,21700,242,264,484,528,4
1,21701,242,265,484,530,4
1,21702,242,266,484,532,4
1,21703,242,267,484,534,4
1,21704,242,268,484,536,4
1,21705,242,269,484,538,4
1,21706,242,270,484,540,4
1,21707,242,271,484,542,4
1,21708,242,272,484,544,4
1,21709,242,273,484,546,4
1,21710,242,274,484,548,3
1,21711,242,275,484,550,1
1,21712,242,305,484,611,1
1,21713,242,306,484,612,4
1,21714,242,307,484,614,4
1,21715,242,308,484,616,4
1,21716,242,309,484,618,4
1,21717,242,310,484,620,4
1,21718,242,311,484,622,4
1,21719,242,312,485,624,1
1,21720,242,318,485,636,2
1,21721,242,319,485,638,2
1,21722,242,320,484,640,4
1,21723,242,321,484,642,4
1,21724,242,322,484,644,3
1,21725,242,323,485,646,2
1,21726,242,328,485,657,1
1,21727,242,329,484,658,4
1,21728,242,330,484,660,4
1,21729,242,331,484,662,4
1,21730,242,332,484,664,4
1,21731,242,333,484,666,4
1,21732,242,334,484,668,4
1,21733,242,335,484,670,4
1,21734,242,336,484,672,2
1,21735,242,346,484,693,1
1,21736,242,349,484,698,4
1,21737,242,350,484,700,4
1,21738,242,351,484,702,4
1,21739,242,352,484,704,4
1,21740,242,353,484,706,4
1,21741,242,354,484,708,4
1,21742,242,355,484,710,4
1,21743,242,356,484,712,4
1,21744,242,357,484,714,4
1,21745,242,358,484,716,4
1,21746,242,359,484,718,4
1,21747,242,360,484,720,4
1,21748,242,361,484,722,4
1,21749,242,362,484,724,4
1,21750,242,363,484,726,4
1,21751,242,364,484,728,4
1,21752,242,365,484,730,4
1,21753,242,366,484,732,4
1,21754,242,367,484,734,4
1,21755,242,368,484,736,4
1,21756,242,369,484,738,4
1,21757,242,370,484,740,4
1,21758,242,371,484,742,4
1,21759,242,372,484,744,4
1,21760,242,373,484,746,4
1,21761,242,374,484,748,4
1,21762,242,375,484,750,4
1,21763,242,376,484,752,4
1,21764,242,377,484,754,4
1,21765,242,378,484,756,4
1,21766,242,379,484,758,4
1,21767,242,380,484,760,4
1,21768,242,381,484,762,4
1,21769,242,382,484,764,4
1,21770,242,383,484,766,4
1,21771,242,384,484,768,3
1,21772,242,386,484,773,2
1,21773,242,387,484,774,3
1,21774,242,415,485,831,1
1,21775,242,416,484,832,4
1,21776,242,417,484,834,4
1,21777,242,418,484,836,3
1,21778,242,419,485,838,2
1,21779,242,420,485,840,2
1,21780,242,421,484,842,4
1,21781,242,422,484,844,4
1,21782,242,423,484,846,3
1,21783,242,424,485,848,2
1,21784,242,425,485,850,2
1,21785,242,426,484,852,4
1,21786,242,427,484,854,4
1,21787,242,428,484,856,4
1,21788,242,429,484,858,4
1,21789,242,430,484,860,4
1,21790,242,431,484,862,4
1,21791,242,432,485,864,2
1,21792,242,433,485,866,2
1,21793,242,434,484,869,3
1,21794,242,435,484,870,4
1,21795,242,436,484,872,3
1,21796,242,437,485,874,2
1,21797,242,438,485,876,2
1,21798,242,439,484,878,4
1,21799,242,440,484,880,4
1,21800,242,441,484,882,4
1,21801,242,442,485,884,1
1,21802,242,532,484,1064,2
1,21803,242,533,484,1066,2
1,21804,242,534,484,1068,2
1,21805,242,535,484,1070,2
1,21806,242,536,484,1072,2
1,21807,242,537,484,1074,2
1,21808,242,538,484,1076,2
1,21809,242,539,484,1078,2
1,21810,242,540,484,1080,2
1,21811,242,541,484,1082,2
1,21812,242,542,484,1084,2
1,21813,242,543,484,1086,2
1,21814,242,544,484,1088,2
1,21815,242,545,484,1090,2
1,21816,242,546,484,1092,2
1,21817,242,547,484,1094,2
1,21818,242,548,484,1096,2
1,21819,242,549,484,1098,2
1,21820,242,550,484,1100,2
1,21821,242,551,484,1102,2
1,21822,242,552,484,1104,4
1,21823,242,553,484,1106,4
1,21824,242,554,484,1108,2
1,21825,242,556,484,1112,2
1,21826,243,116,486,233,2
1,21827,243,117,486,234,4
1,21828,243,118,486,236,4
1,21829,243,119,486,238,4
1,21830,243,120,486,240,4
1,21831,243,121,486,242,4
1,21832,243,122,486,244,4
1,21833,243,123,486,246,4
1,21834,243,124,486,248,4
1,21835,243,125,486,250,4
1,21836,243,126,486,252,4
1,21837,243,246,486,492,4
1,21838,243,247,486,494,4
1,21839,243,248,486,496,4
1,21840,243,249,486,498,4
1,21841,243,250,486,500,4
1,21842,243,251,486,502,4
1,21843,243,252,486,504,4
1,21844,243,253,486,506,4
1,21845,243,254,486,508,4
1,21846,243,255,486,510,4
1,21847,243,256,486,512,4
1,21848,243,257,486,514,4
1,21849,243,258,486,516,4
1,21850,243,259,486,518,4
1,21851,243,260,486,520,4
1,21852,243,261,486,522,4
1,21853,243,262,486,524,4
1,21854,243,263,486,526,4
1,21855,243,264,486,528,4
1,21856,243,265,486,530,4
1,21857,243,266,486,532,4
1,21858,243,267,486,534,4
1,21859,243,268,486,536,4
1,21860,243,269,486,538,4
1,21861,243,270,486,540,4
1,21862,243,271,486,542,4
1,21863,243,272,486,544,4
1,21864,243,273,486,546,2
1,21865,243,306,486,613,1
1,21866,243,307,486,614,3
1,21867,243,308,486,616,4
1,21868,243,309,486,618,4
1,21869,243,310,486,620,4
1,21870,243,311,486,622,4
1,21871,243,312,486,624,4
1,21872,243,313,486,626,3
1,21873,243,314,487,628,2
1,21874,243,316,487,633,1
1,21875,243,317,486,634,4
1,21876,243,318,486,636,4
1,21877,243,319,486,638,4
1,21878,243,320,486,640,4
1,21879,243,321,486,642,4
1,21880,243,322,486,644,4
1,21881,243,323,486,646,4
1,21882,243,324,486,648,4
1,21883,243,325,487,650,2
1,21884,243,326,487,652,2
1,21885,243,327,487,654,2
1,21886,243,328,486,657,3
1,21887,243,329,486,658,4
1,21888,243,330,486,660,4
1,21889,243,331,486,662,4
1,21890,243,332,486,664,4
1,21891,243,333,486,666,4
1,21892,243,334,486,668,4
1,21893,243,335,486,670,4
1,21894,243,336,486,672,2
1,21895,243,348,487,697,1
1,21896,243,349,486,698,4
1,21897,243,350,486,700,4
1,21898,243,351,486,702,4
1,21899,243,352,486,704,4
1,21900,243,353,486,706,4
1,21901,243,354,486,708,4
1,21902,243,355,486,710,4
1,21903,243,356,486,712,4
1,21904,243,357,486,714,4
1,21905,243,358,486,716,4
1,21906,243,359,486,718,4
1,21907,243,360,486,720,4
1,21908,243,361,486,722,4
1,21909,243,362,486,724,4
1,21910,243,363,486,726,4
1,21911,243,364,486,728,4
1,21912,243,365,486,730,4
1,21913,243,366,486,732,4
1,21914,243,367,486,734,4
1,21915,243,368,486,736,4
1,21916,243,369,486,738,4
1,21917,243,370,486,740,4
1,21918,243,371,486,742,4
1,21919,243,372,486,744,4
1,21920,243,373,486,746,4
1,21921,243,374,486,748,4
1,21922,243,375,486,750,4
1,21923,243,376,486,752,4
1,21924,243,377,486,754,4
1,21925,243,378,486,756,4
1,21926,243,379,486,758,4
1,21927,243,380,486,760,4
1,21928,243,381,486,762,4
1,21929,243,382,486,764,4
1,21930,243,383,486,766,3
1,21931,243,414,487,829,1
1,21932,243,415,486,830,4
1,21933,243,416,486,832,4
1,21934,243,417,486,834,4
1,21935,243,418,486,836,4
1,21936,243,419,486,838,4
1,21937,243,420,486,840,4
1,21938,243,421,486,842,4
1,21939,243,422,486,844,4
1,21940,243,423,486,846,4
1,21941,243,424,486,848,4
1,21942,243,425,486,850,4
1,21943,243,426,486,852,4
1,21944,243,427,486,854,4
1,21945,243,428,486,856,4
1,21946,243,429,486,858,4
1,21947,243,430,486,860,4
1,21948,243,431,486,862,4
1,21949,243,432,486,864,4
1,21950,243,433,486,866,4
1,21951,243,434,486,868,4
1,21952,243,435,486,870,4
1,21953,243,436,486,872,4
1,21954,243,437,486,874,4
1,21955,243,438,486,876,4
1,21956,243,439,486,878,4
1,21957,243,440,486,880,4
1,21958,243,441,486,882,4
1,21959,243,442,486,884,4
1,21960,243,443,487,886,1
1,21961,243,552,486,1104,4
1,21962,243,553,486,1106,4
1,21963,244,116,488,233,2
1,21964,244,117,488,234,4
1,21965,244,118,488,236,4
1,21966,244,119,488,238,4
1,21967,244,120,488,240,4
1,21968,244,121,488,242,4
1,21969,244,122,488,244,4
1,21970,244,123,488,246,4
1,21971,244,124,488,248,4
1,21972,244,125,488,250,4
1,21973,244,126,488,252,3
1,21974,244,245,489,491,1
1,21975,244,246,488,492,4
1,21976,244,247,488,494,4
1,21977,244,248,488,496,4
1,21978,244,249,488,498,4
1,21979,244,250,488,500,4
1,21980,244,251,488,502,4
1,21981,244,252,488,504,3
1,21982,244,253,488,506,4
1,21983,244,254,488,508,4
1,21984,244,255,488,510,4
1,21985,244,256,488,512,4
1,21986,244,257,488,514,4
1,21987,244,258,488,516,4
1,21988,244,259,488,518,4
1,21989,244,260,488,520,4
1,21990,244,261,488,522,4
1,21991,244,262,488,524,4
1,21992,244,263,488,526,4
1,21993,244,264,488,528,4
1,21994,244,265,488,530,4
1,21995,244,266,488,532,4
1,21996,244,267,488,534,4
1,21997,244,268,488,536,4
1,21998,244,269,488,538,2
1,21999,244,270,488,540,2
1,22000,244,271,488,542,2
1,22001,244,309,488,618,2
1,22002,244,310,488,620,4
1,22003,244,311,488,622,4
1,22004,244,312,488,624,4
1,22005,244,313,488,626,4
1,22006,244,314,488,628,4
1,22007,244,315,488,630,4
1,22008,244,316,488,632,4
1,22009,244,317,488,634,4
1,22010,244,318,488,636,4
1,22011,244,319,488,638,4
1,22012,244,320,488,640,4
1,22013,244,321,488,642,4
1,22014,244,322,488,644,4
1,22015,244,323,488,646,4
1,22016,244,324,488,648,4
1,22017,244,325,488,650,4
1,22018,244,326,488,652,4
1,22019,244,327,488,654,4
1,22020,244,328,488,656,4
1,22021,244,329,488,658,4
1,22022,244,330,488,660,4
1,22023,244,331,488,662,4
1,22024,244,332,488,664,4
1,22025,244,333,488,666,4
1,22026,244,334,488,668,4
1,22027,244,335,488,670,4
1,22028,244,336,488,672,2
1,22029,244,349,488,698,3
1,22030,244,350,488,700,4
1,22031,244,351,488,702,4
1,22032,244,352,488,704,4
1,22033,244,353,488,706,4
1,22034,244,354,488,708,4
1,22035,244,355,488,710,4
1,22036,244,356,488,712,4
1,22037,244,357,488,714,4
1,22038,244,358,488,716,4
1,22039,244,359,488,718,4
1,22040,244,360,488,720,4
1,22041,244,361,488,722,4
1,22042,244,362,488,724,4
1,22043,244,363,488,726,4
1,22044,244,364,488,728,4
1,22045,244,365,488,730,4
1,22046,244,366,488,732,4
1,22047,244,367,488,734,4
1,22048,244,368,488,736,4
1,22049,244,369,488,738,2
1,22050,244,370,488,740,3
1,22051,244,371,488,742,4
1,22052,244,372,488,744,4
1,22053,244,373,488,746,4
1,22054,244,374,488,748,4
1,22055,244,375,488,750,4
1,22056,244,376,488,752,4
1,22057,244,377,488,754,4
1,22058,244,378,488,756,4
1,22059,244,379,488,758,4
1,22060,244,380,488,760,4
1,22061,244,381,488,762,4
1,22062,244,382,488,764,4
1,22063,244,383,488,766,1
1,22064,244,413,489,827,1
1,22065,244,414,488,828,4
1,22066,244,415,488,830,4
1,22067,244,416,488,832,4
1,22068,244,417,488,834,4
1,22069,244,418,488,836,4
1,22070,244,419,488,838,4
1,22071,244,420,488,840,4
1,22072,244,421,488,842,4
1,22073,244,422,488,844,4
1,22074,244,423,488,846,4
1,22075,244,424,488,848,4
1,22076,244,425,488,850,4
1,22077,244,426,488,852,4
1,22078,244,427,488,854,4
1,22079,244,428,488,856,4
1,22080,244,429,488,858,4
1,22081,244,430,488,860,4
1,22082,244,431,488,862,4
1,22083,244,432,488,864,4
1,22084,244,433,488,866,4
1,22085,244,434,488,868,4
1,22086,244,435,488,870,4
1,22087,244,436,488,872,4
1,22088,244,437,488,874,4
1,22089,244,438,488,876,4
1,22090,244,439,488,878,4
1,22091,244,440,488,880,4
1,22092,244,441,488,882,4
1,22093,244,442,488,884,4
1,22094,244,443,488,886,4
1,22095,244,444,489,888,1
1,22096,244,552,488,1104,4
1,22097,244,553,488,1106,3
1,22098,245,116,490,233,3
1,22099,245,117,490,234,4
1,22100,245,118,490,236,4
1,22101,245,119,490,238,4
1,22102,245,120,490,240,4
1,22103,245,121,490,242,4
1,22104,245,122,490,244,4
1,22105,245,123,490,246,4
1,22106,245,124,490,248,4
1,22107,245,125,490,250,4
1,22108,245,126,490,252,2
1,22109,245,245,490,491,2
1,22110,245,246,490,492,4
1,22111,245,247,490,494,4
1,22112,245,248,490,496,4
1,22113,245,249,490,498,4
1,22114,245,250,490,500,4
1,22115,245,251,490,502,4
1,22116,245,252,490,504,4
1,22117,245,253,490,506,4
1,22118,245,254,490,508,4
1,22119,245,255,490,510,4
1,22120,245,256,490,512,4
1,22121,245,257,490,514,4
1,22122,245,258,490,516,4
1,22123,245,259,490,518,4
1,22124,245,260,490,520,4
1,22125,245,261,490,522,4
1,22126,245,262,490,524,4
1,22127,245,263,490,526,4
1,22128,245,311,490,623,1
1,22129,245,312,490,624,3
1,22130,245,313,490,626,4
1,22131,245,314,490,628,4
1,22132,245,315,490,630,4
1,22133,245,316,490,632,4
1,22134,245,317,490,634,4
1,22135,245,318,490,636,4
1,22136,245,319,490,638,4
1,22137,245,320,490,640,4
1,22138,245,321,490,642,4
1,22139,245,322,490,644,4
1,22140,245,323,490,646,4
1,22141,245,324,490,648,4
1,22142,245,325,490,650,4
1,22143,245,326,490,652,4
1,22144,245,327,490,654,4
1,22145,245,328,490,656,4
1,22146,245,329,490,658,4
1,22147,245,330,490,660,4
1,22148,245,331,490,662,4
1,22149,245,332,490,664,4
1,22150,245,333,490,666,4
1,22151,245,334,490,668,4
1,22152,245,335,490,670,4
1,22153,245,336,490,672,1
1,22154,245,349,490,699,3
1,22155,245,350,490,700,4
1,22156,245,351,490,702,4
1,22157,245,352,490,704,4
1,22158,245,353,490,706,4
1,22159,245,354,490,708,4
1,22160,245,355,490,710,4
1,22161,245,356,490,712,4
1,22162,245,357,490,714,4
1,22163,245,358,490,716,2
1,22164,245,360,490,720,2
1,22165,245,361,490,722,2
1,22166,245,363,490,726,4
1,22167,245,364,490,728,4
1,22168,245,365,490,730,4
1,22169,245,366,490,732,4
1,22170,245,367,490,734,4
1,22171,245,368,490,736,4
1,22172,245,370,490,741,1
1,22173,245,371,490,742,1
1,22174,245,373,490,746,3
1,22175,245,374,490,748,4
1,22176,245,375,490,750,4
1,22177,245,376,490,752,4
1,22178,245,377,490,754,4
1,22179,245,378,490,756,4
1,22180,245,379,490,758,4
1,22181,245,380,490,760,4
1,22182,245,381,490,762,4
1,22183,245,382,490,764,4
1,22184,245,383,490,766,3
1,22185,245,384,491,768,1
1,22186,245,413,490,826,4
1,22187,245,414,490,828,4
1,22188,245,415,490,830,4
1,22189,245,416,490,832,4
1,22190,245,417,490,834,4
1,22191,245,418,490,836,4
1,22192,245,419,490,838,4
1,22193,245,420,490,840,4
1,22194,245,421,490,842,4
1,22195,245,422,490,844,4
1,22196,245,423,490,846,4
1,22197,245,424,490,848,4
1,22198,245,425,490,850,4
1,22199,245,426,490,852,4
1,22200,245,427,490,854,4
1,22201,245,428,490,856,4
1,22202,245,429,490,858,4
1,22203,245,430,490,860,4
1,22204,245,431,490,862,4
1,22205,245,432,490,864,4
1,22206,245,433,490,866,4
1,22207,245,434,490,868,4
1,22208,245,435,490,870,4
1,22209,245,436,490,872,4
1,22210,245,437,490,874,4
1,22211,245,438,490,876,4
1,22212,245,439,490,878,4
1,22213,245,440,490,880,4
1,22214,245,441,490,882,4
1,22215,245,442,490,884,4
1,22216,245,443,490,886,4
1,22217,245,444,490,888,3
1,22218,245,552,490,1104,4
1,22219,245,553,490,1106,4
1,22220,246,116,492,232,4
1,22221,246,117,492,234,4
1,22222,246,118,492,236,4
1,22223,246,119,492,238,4
1,22224,246,120,492,240,4
1,22225,246,121,492,242,4
1,22226,246,122,492,244,4
1,22227,246,123,492,246,4
1,22228,246,124,492,248,4
1,22229,246,125,492,250,4
1,22230,246,245,492,490,4
1,22231,246,246,492,492,4
1,22232,246,247,492,494,4
1,22233,246,248,492,496,4
1,22234,246,249,492,498,4
1,22235,246,250,492,500,4
1,22236,246,251,492,502,4
1,22237,246,252,492,504,4
1,22238,246,253,492,506,4
1,22239,246,254,492,508,4
1,22240,246,255,492,510,4
1,22241,246,256,492,512,4
1,22242,246,257,492,514,4
1,22243,246,258,492,516,4
1,22244,246,259,492,518,4
1,22245,246,260,492,520,4
1,22246,246,261,492,522,4
1,22247,246,262,492,524,4
1,22248,246,263,492,526,2
1,22249,246,313,492,626,3
1,22250,246,314,492,628,4
1,22251,246,315,492,630,4
1,22252,246,316,492,632,4
1,22253,246,317,492,634,4
1,22254,246,318,492,636,4
1,22255,246,319,492,638,4
1,22256,246,320,492,640,4
1,22257,246,321,492,642,4
1,22258,246,322,492,644,4
1,22259,246,323,492,646,4
1,22260,246,324,492,648,4
1,22261,246,325,492,650,4
1,22262,246,326,492,652,4
1,22263,246,327,492,654,4
1,22264,246,328,492,656,4
1,22265,246,329,492,658,4
1,22266,246,330,492,660,4
1,22267,246,331,492,662,4
1,22268,246,332,492,664,4
1,22269,246,333,492,666,4
1,22270,246,334,492,668,4
1,22271,246,335,492,670,2
1,22272,246,349,492,698,4
1,22273,246,350,492,700,4
1,22274,246,351,492,702,4
1,22275,246,352,492,704,4
1,22276,246,353,492,706,4
1,22277,246,354,492,708,4
1,22278,246,355,492,710,4
1,22279,246,356,492,712,4
1,22280,246,357,492,714,4
1,22281,246,358,492,716,2
1,22282,246,363,492,727,2
1,22283,246,364,492,728,4
1,22284,246,365,492,730,4
1,22285,246,366,492,732,4
1,22286,246,367,492,734,4
1,22287,246,368,492,736,4
1,22288,246,373,492,747,2
1,22289,246,374,492,748,4
1,22290,246,375,492,750,4
1,22291,246,376,492,752,4
1,22292,246,377,492,754,4
1,22293,246,378,492,756,4
1,22294,246,379,492,758,4
1,22295,246,380,492,760,4
1,22296,246,381,492,762,4
1,22297,246,382,492,764,4
1,22298,246,383,492,766,4
1,22299,246,384,492,768,3
1,22300,246,414,492,829,1
1,22301,246,415,492,830,4
1,22302,246,416,492,832,4
1,22303,246,417,492,834,4
1,22304,246,418,492,836,4
1,22305,246,419,492,838,4
1,22306,246,420,492,840,4
1,22307,246,421,492,842,4
1,22308,246,422,492,844,4
1,22309,246,423,492,846,4
1,22310,246,424,492,848,4
1,22311,246,425,492,850,2
1,22312,246,426,492,852,2
1,22313,246,427,492,854,4
1,22314,246,428,492,856,4
1,22315,246,429,492,858,4
1,22316,246,430,492,860,4
1,22317,246,431,492,862,2
1,22318,246,432,492,864,2
1,22319,246,433,492,866,4
1,22320,246,434,492,868,4
1,22321,246,435,492,870,4
1,22322,246,436,492,872,4
1,22323,246,437,492,874,4
1,22324,246,438,492,876,4
1,22325,246,439,492,878,4
1,22326,246,440,492,880,4
1,22327,246,441,492,882,4
1,22328,246,442,492,884,4
1,22329,246,443,492,886,1
1,22330,246,551,493,1103,1
1,22331,246,552,492,1104,4
1,22332,246,553,492,1106,4
1,22333,247,116,494,232,4
1,22334,247,117,494,234,4
1,22335,247,118,494,236,4
1,22336,247,119,494,238,4
1,22337,247,120,494,240,4
1,22338,247,121,494,242,4
1,22339,247,122,494,244,4
1,22340,247,123,494,246,4
1,22341,247,124,494,248,4
1,22342,247,125,494,250,3
1,22343,247,245,494,490,2
1,22344,247,246,494,492,4
1,22345,247,247,494,494,4
1,22346,247,248,494,496,4
1,22347,247,249,494,498,4
1,22348,247,250,494,500,4
1,22349,247,251,494,502,4
1,22350,247,252,494,504,4
1,22351,247,253,494,506,4
1,22352,247,254,494,508,4
1,22353,247,255,494,510,4
1,22354,247,256,494,512,4
1,22355,247,257,494,514,4
1,22356,247,258,494,516,4
1,22357,247,259,494,518,4
1,22358,247,260,494,520,4
1,22359,247,261,494,522,4
1,22360,247,262,494,524,4
1,22361,247,263,494,526,2
1,22362,247,314,494,628,4
1,22363,247,315,494,630,4
1,22364,247,316,494,632,4
1,22365,247,317,494,634,4
1,22366,247,318,494,636,4
1,22367,247,319,494,638,4
1,22368,247,320,494,640,4
1,22369,247,321,494,642,4
1,22370,247,322,494,644,4
1,22371,247,323,494,646,4
1,22372,247,324,494,648,4
1,22373,247,325,494,650,4
1,22374,247,326,494,652,4
1,22375,247,327,494,654,4
1,22376,247,328,494,656,4
1,22377,247,329,494,658,4
1,22378,247,330,494,660,4
1,22379,247,331,494,662,4
1,22380,247,332,494,664,4
1,22381,247,333,494,666,4
1,22382,247,334,494,668,3
1,22383,247,346,495,692,2
1,22384,247,347,495,694,1
1,22385,247,348,494,697,2
1,22386,247,349,494,698,4
1,22387,247,350,494,700,2
1,22388,247,351,494,702,4
1,22389,247,352,494,704,4
1,22390,247,353,494,706,4
1,22391,247,354,494,708,4
1,22392,247,355,494,710,4
1,22393,247,356,494,712,4
1,22394,247,357,494,714,2
1,22395,247,358,494,716,3
1,22396,247,362,495,725,1
1,22397,247,363,494,727,3
1,22398,247,364,494,728,4
1,22399,247,365,494,730,4
1,22400,247,366,494,732,4
1,22401,247,367,494,734,4
1,22402,247,368,494,736,2
1,22403,247,373,494,746,4
1,22404,247,374,494,748,2
1,22405,247,375,494,750,4
1,22406,247,376,494,752,4
1,22407,247,377,494,754,4
1,22408,247,378,494,756,4
1,22409,247,379,494,758,4
1,22410,247,380,494,760,4
1,22411,247,381,494,762,2
1,22412,247,382,494,764,4
1,22413,247,383,494,766,4
1,22414,247,384,494,768,4
1,22415,247,385,494,770,3
1,22416,247,386,495,772,1
1,22417,247,415,494,830,4
1,22418,247,416,494,832,4
1,22419,247,417,494,834,4
1,22420,247,418,494,836,4
1,22421,247,419,494,838,4
1,22422,247,420,494,840,3
1,22423,247,421,494,842,2
1,22424,247,422,494,844,2
1,22425,247,423,494,846,4
1,22426,247,424,494,848,1
1,22427,247,427,494,855,1
1,22428,247,428,494,856,4
1,22429,247,429,494,858,4
1,22430,247,430,494,860,1
1,22431,247,433,494,867,1
1,22432,247,434,494,868,4
1,22433,247,435,494,870,2
1,22434,247,436,494,872,2
1,22435,247,437,494,874,3
1,22436,247,438,494,876,4
1,22437,247,439,494,878,4
1,22438,247,440,494,880,4
1,22439,247,441,494,882,4
1,22440,247,442,494,884,4
1,22441,247,551,494,1103,3
1,22442,247,552,494,1104,4
1,22443,247,553,494,1106,4
1,22444,247,554,494,1108,2
1,22445,248,115,497,231,1
1,22446,248,116,496,232,4
1,22447,248,117,496,234,4
1,22448,248,118,496,236,4
1,22449,248,119,496,238,4
1,22450,248,120,496,240,4
1,22451,248,121,496,242,4
1,22452,248,122,496,244,4
1,22453,248,123,496,246,4
1,22454,248,124,496,248,4
1,22455,248,125,496,250,1
1,22456,248,246,496,493,1
1,22457,248,247,496,494,4
1,22458,248,248,496,496,4
1,22459,248,249,496,498,4
1,22460,248,250,496,500,4
1,22461,248,251,496,502,4
1,22462,248,252,496,504,4
1,22463,248,253,496,506,4
1,22464,248,254,496,508,4
1,22465,248,255,496,510,4
1,22466,248,256,496,512,4
1,22467,248,257,496,514,4
1,22468,248,258,496,516,4
1,22469,248,259,496,518,4
1,22470,248,260,496,520,4
1,22471,248,261,496,522,4
1,22472,248,262,496,524,2
1,22473,248,314,496,629,2
1,22474,248,315,496,630,4
1,22475,248,316,496,632,4
1,22476,248,317,496,634,4
1,22477,248,318,496,636,4
1,22478,248,319,496,638,4
1,22479,248,320,496,640,4
1,22480,248,321,496,642,4
1,22481,248,322,496,644,4
1,22482,248,323,496,646,4
1,22483,248,324,496,648,4
1,22484,248,325,496,650,4
1,22485,248,326,496,652,4
1,22486,248,327,496,654,4
1,22487,248,328,496,656,4
1,22488,248,329,496,658,4
1,22489,248,330,496,660,4
1,22490,248,331,496,662,4
1,22491,248,332,496,664,4
1,22492,248,333,496,666,4
1,22493,248,334,496,668,1
1,22494,248,347,496,694,2
1,22495,248,348,496,696,2
1,22496,248,349,496,698,2
1,22497,248,350,497,701,1
1,22498,248,351,496,702,4
1,22499,248,352,496,704,4
1,22500,248,353,496,706,4
1,22501,248,354,496,708,4
1,22502,248,355,496,710,4
1,22503,248,356,496,712,4
1,22504,248,357,497,714,1
1,22505,248,358,496,716,2
1,22506,248,362,496,725,1
1,22507,248,363,496,726,2
1,22508,248,364,496,728,2
1,22509,248,365,496,730,2
1,22510,248,366,496,732,2
1,22511,248,367,496,734,2
1,22512,248,368,496,736,2
1,22513,248,373,496,746,2
1,22514,248,374,497,749,1
1,22515,248,375,496,750,4
1,22516,248,376,496,752,4
1,22517,248,377,496,754,4
1,22518,248,378,496,756,4
1,22519,248,379,496,758,4
1,22520,248,380,496,760,4
1,22521,248,381,497,762,1
1,22522,248,382,496,764,2
1,22523,248,383,496,766,2
1,22524,248,384,496,768,2
1,22525,248,414,497,829,1
1,22526,248,415,496,830,4
1,22527,248,416,496,832,4
1,22528,248,417,496,834,4
1,22529,248,418,496,836,4
1,22530,248,419,496,838,4
1,22531,248,423,496,847,1
1,22532,248,428,496,856,2
1,22533,248,429,496,858,2
1,22534,248,434,496,868,1
1,22535,248,438,496,876,3
1,22536,248,439,496,878,4
1,22537,248,440,496,880,4
1,22538,248,441,496,882,4
1,22539,248,442,496,884,4
1,22540,248,443,497,886,1
1,22541,248,551,496,1102,4
1,22542,248,552,496,1104,4
1,22543,248,553,496,1106,4
1,22544,248,554,496,1108,4
1,22545,248,555,497,1110,1
1,22546,249,115,498,231,2
1,22547,249,116,498,232,4
1,22548,249,117,498,234,4
1,22549,249,118,498,236,4
1,22550,249,119,498,238,4
1,22551,249,120,498,240,4
1,22552,249,121,498,242,4
1,22553,249,122,498,244,4
1,22554,249,123,498,246,4
1,22555,249,124,498,248,3
1,22556,249,248,498,496,3
1,22557,249,249,498,498,4
1,22558,249,250,498,500,4
1,22559,249,251,498,502,4
1,22560,249,252,498,504,4
1,22561,249,253,498,506,4
1,22562,249,254,498,508,4
1,22563,249,255,498,510,4
1,22564,249,256,498,512,4
1,22565,249,257,498,514,4
1,22566,249,258,498,516,4
1,22567,249,259,498,518,3
1,22568,249,260,498,520,1
1,22569,249,315,498,630,3
1,22570,249,316,498,632,4
1,22571,249,317,498,634,2
1,22572,249,318,498,636,2
1,22573,249,319,498,638,2
1,22574,249,320,498,640,2
1,22575,249,321,498,642,3
1,22576,249,322,498,644,4
1,22577,249,323,498,646,4
1,22578,249,324,498,648,4
1,22579,249,325,498,650,4
1,22580,249,326,498,652,4
1,22581,249,327,498,654,4
1,22582,249,328,498,656,4
1,22583,249,329,498,658,3
1,22584,249,330,498,660,4
1,22585,249,331,498,662,4
1,22586,249,332,498,664,4
1,22587,249,333,498,666,1
1,22588,249,350,498,701,1
1,22589,249,351,498,702,3
1,22590,249,352,498,704,4
1,22591,249,353,498,706,4
1,22592,249,354,498,708,4
1,22593,249,355,498,710,4
1,22594,249,356,498,712,2
1,22595,249,357,498,714,1
1,22596,249,374,498,749,1
1,22597,249,375,498,750,3
1,22598,249,376,498,752,4
1,22599,249,377,498,754,4
1,22600,249,378,498,756,4
1,22601,249,379,498,758,4
1,22602,249,380,498,760,2
1,22603,249,381,498,762,1
1,22604,249,413,499,826,2
1,22605,249,414,498,829,3
1,22606,249,415,498,830,4
1,22607,249,416,498,832,4
1,22608,249,417,498,834,4
1,22609,249,418,498,836,4
1,22610,249,419,498,838,4
1,22611,249,438,498,877,2
1,22612,249,439,498,878,4
1,22613,249,440,498,880,4
1,22614,249,441,498,882,4
1,22615,249,442,498,884,4
1,22616,249,443,498,886,4
1,22617,249,444,499,888,2
1,22618,249,550,498,1101,3
1,22619,249,551,498,1102,4
1,22620,249,552,498,1104,4
1,22621,249,553,498,1106,4
1,22622,249,554,498,1108,4
1,22623,249,555,498,1110,4
1,22624,249,556,499,1112,1
1,22625,250,115,500,231,2
1,22626,250,116,500,232,4
1,22627,250,117,500,234,4
1,22628,250,118,500,236,4
1,22629,250,119,500,238,4
1,22630,250,120,500,240,4
1,22631,250,121,500,242,4
1,22632,250,122,500,244,4
1,22633,250,123,500,246,4
1,22634,250,124,500,248,2
1,22635,250,249,500,499,1
1,22636,250,250,500,500,4
1,22637,250,251,500,502,4
1,22638,250,252,500,504,4
1,22639,250,253,500,506,4
1,22640,250,254,500,508,4
1,22641,250,255,500,510,4
1,22642,250,256,500,512,4
1,22643,250,257,500,514,2
1,22644,250,258,500,516,1
1,22645,250,316,500,632,2
1,22646,250,322,500,644,2
1,22647,250,323,500,646,2
1,22648,250,324,500,648,3
1,22649,250,325,500,650,3
1,22650,250,329,500,658,2
1,22651,250,330,500,660,4
1,22652,250,331,500,662,3
1,22653,250,332,500,664,1
1,22654,250,351,500,703,2
1,22655,250,352,500,704,4
1,22656,250,353,500,706,4
1,22657,250,354,500,708,4
1,22658,250,355,500,710,4
1,22659,250,375,500,751,2
1,22660,250,376,500,752,4
1,22661,250,377,500,754,4
1,22662,250,378,500,756,4
1,22663,250,379,500,758,4
1,22664,250,413,500,826,4
1,22665,250,414,500,828,4
1,22666,250,415,500,830,4
1,22667,250,416,500,832,4
1,22668,250,417,500,834,4
1,22669,250,418,500,836,4
1,22670,250,419,500,838,4
1,22671,250,438,500,876,4
1,22672,250,439,500,878,4
1,22673,250,440,500,880,4
1,22674,250,441,500,882,4
1,22675,250,442,500,884,4
1,22676,250,443,500,886,4
1,22677,250,444,500,888,4
1,22678,250,512,501,1024,2
1,22679,250,513,501,1026,2
1,22680,250,514,500,1029,3
1,22681,250,515,501,1030,2
1,22682,250,548,501,1096,2
1,22683,250,549,500,1099,3
1,22684,250,550,500,1100,4
1,22685,250,551,500,1102,4
1,22686,250,552,500,1104,4
1,22687,250,553,500,1106,4
1,22688,250,554,500,1108,4
1,22689,250,555,500,1110,4
1,22690,250,556,500,1112,4
1,22691,250,557,500,1114,2
1,22692,251,115,502,231,2
1,22693,251,116,502,232,4
1,22694,251,117,502,234,4
1,22695,251,118,502,236,4
1,22696,251,119,502,238,4
1,22697,251,120,502,240,4
1,22698,251,121,502,242,4
1,22699,251,122,502,244,4
1,22700,251,123,502,246,4
1,22701,251,251,502,502,3
1,22702,251,252,502,504,4
1,22703,251,253,502,506,4
1,22704,251,254,502,508,4
1,22705,251,255,502,510,2
1,22706,251,351,502,703,2
1,22707,251,352,502,704,4
1,22708,251,353,502,706,4
1,22709,251,354,502,708,4
1,22710,251,355,502,710,4
1,22711,251,375,502,751,2
1,22712,251,376,502,752,4
1,22713,251,377,502,754,4
1,22714,251,378,502,756,4
1,22715,251,379,502,758,4
1,22716,251,413,502,826,4
1,22717,251,414,502,828,4
1,22718,251,415,502,830,4
1,22719,251,416,502,832,4
1,22720,251,417,502,834,4
1,22721,251,418,502,836,4
1,22722,251,419,502,838,3
1,22723,251,438,502,876,4
1,22724,251,439,502,878,4
1,22725,251,440,502,880,4
1,22726,251,441,502,882,4
1,22727,251,442,502,884,4
1,22728,251,443,502,886,4
1,22729,251,444,502,888,3
1,22730,251,511,502,1023,3
1,22731,251,512,502,1024,4
1,22732,251,513,502,1026,4
1,22733,251,514,502,1028,4
1,22734,251,515,502,1030,4
1,22735,251,516,502,1032,3
1,22736,251,517,503,1034,1
1,22737,251,543,503,1087,1
1,22738,251,544,503,1088,2
1,22739,251,547,503,1095,1
1,22740,251,548,502,1096,4
1,22741,251,549,502,1098,4
1,22742,251,550,502,1100,4
1,22743,251,551,502,1102,4
1,22744,251,552,502,1104,4
1,22745,251,553,502,1106,4
1,22746,251,554,502,1108,4
1,22747,251,555,502,1110,4
1,22748,251,556,502,1112,4
1,22749,251,557,502,1114,2
1,22750,252,115,504,230,4
1,22751,252,116,504,232,4
1,22752,252,117,504,234,4
1,22753,252,118,504,236,4
1,22754,252,119,504,238,4
1,22755,252,120,504,240,4
1,22756,252,121,504,242,4
1,22757,252,122,504,244,4
1,22758,252,123,504,246,2
1,22759,252,252,504,504,2
1,22760,252,253,504,506,3
1,22761,252,351,504,703,2
1,22762,252,352,504,704,4
1,22763,252,353,504,706,4
1,22764,252,354,504,708,4
1,22765,252,355,504,710,4
1,22766,252,375,504,751,2
1,22767,252,376,504,752,4
1,22768,252,377,504,754,4
1,22769,252,378,504,756,4
1,22770,252,379,504,758,4
1,22771,252,414,504,829,1
1,22772,252,415,504,830,4
1,22773,252,416,504,832,4
1,22774,252,417,504,834,4
1,22775,252,418,504,836,4
1,22776,252,419,504,838,3
1,22777,252,423,505,847,1
1,22778,252,428,505,856,2
1,22779,252,429,505,858,2
1,22780,252,434,505,868,1
1,22781,252,438,504,876,4
1,22782,252,439,504,878,4
1,22783,252,440,504,880,4
1,22784,252,441,504,882,4
1,22785,252,442,504,884,4
1,22786,252,443,504,886,1
1,22787,252,498,505,996,1
1,22788,252,509,505,1019,1
1,22789,252,510,504,1020,4
1,22790,252,511,504,1022,4
1,22791,252,512,504,1024,4
1,22792,252,513,504,1026,4
1,22793,252,514,504,1028,4
1,22794,252,515,504,1030,4
1,22795,252,516,504,1032,4
1,22796,252,517,504,1034,4
1,22797,252,518,505,1036,2
1,22798,252,532,505,1064,1
1,22799,252,537,505,1074,2
1,22800,252,538,505,1076,2
1,22801,252,539,505,1078,2
1,22802,252,540,505,1080,2
1,22803,252,541,505,1083,1
1,22804,252,542,504,1084,4
1,22805,252,543,504,1086,4
1,22806,252,544,504,1088,4
1,22807,252,545,505,1090,2
1,22808,252,546,505,1092,2
1,22809,252,547,504,1095,3
1,22810,252,548,504,1096,4
1,22811,252,549,504,1098,4
1,22812,252,550,504,1100,4
1,22813,252,551,504,1102,4
1,22814,252,552,504,1104,4
1,22815,252,553,504,1106,4
1,22816,252,554,504,1108,4
1,22817,252,555,504,1110,3
1,22818,252,556,504,1112,2
1,22819,252,557,504,1114,4
1,22820,252,558,505,1116,1
1,22821,253,115,506,230,4
1,22822,253,116,506,232,4
1,22823,253,117,506,234,4
1,22824,253,118,506,236,4
1,22825,253,119,506,238,4
1,22826,253,120,506,240,4
1,22827,253,121,506,242,4
1,22828,253,122,506,244,4
1,22829,253,351,506,703,2
1,22830,253,352,506,704,4
1,22831,253,353,506,706,4
1,22832,253,354,506,708,4
1,22833,253,355,506,710,4
1,22834,253,356,507,712,1
1,22835,253,375,506,751,2
1,22836,253,376,506,752,4
1,22837,253,377,506,754,4
1,22838,253,378,506,756,4
1,22839,253,379,506,758,4
1,22840,253,380,507,760,1
1,22841,253,415,506,830,4
1,22842,253,416,506,832,4
1,22843,253,417,506,834,4
1,22844,253,418,506,836,4
1,22845,253,419,506,838,4
1,22846,253,420,507,840,2
1,22847,253,422,507,845,1
1,22848,253,423,506,846,4
1,22849,253,424,507,848,1
1,22850,253,427,507,855,1
1,22851,253,428,506,856,4
1,22852,253,429,506,858,4
1,22853,253,430,507,860,1
1,22854,253,433,507,867,1
1,22855,253,434,506,868,4
1,22856,253,435,507,870,1
1,22857,253,437,507,875,1
1,22858,253,438,506,876,4
1,22859,253,439,506,878,4
1,22860,253,440,506,880,4
1,22861,253,441,506,882,4
1,22862,253,442,506,884,4
1,22863,253,498,506,996,3
1,22864,253,499,506,998,4
1,22865,253,500,506,1000,3
1,22866,253,501,507,1002,2
1,22867,253,504,507,1009,1
1,22868,253,505,507,1010,2
1,22869,253,506,506,1013,3
1,22870,253,507,506,1014,4
1,22871,253,508,506,1016,4
1,22872,253,509,506,1018,4
1,22873,253,510,506,1020,4
1,22874,253,511,506,1022,4
1,22875,253,512,506,1024,4
1,22876,253,513,506,1026,4
1,22877,253,514,506,1028,4
1,22878,253,515,506,1030,4
1,22879,253,516,506,1032,4
1,22880,253,517,506,1034,4
1,22881,253,518,506,1036,4
1,22882,253,519,506,1038,2
1,22883,253,528,507,1056,2
1,22884,253,529,506,1059,3
1,22885,253,530,506,1060,4
1,22886,253,531,506,1062,4
1,22887,253,532,506,1064,4
1,22888,253,533,507,1066,1
1,22889,253,536,506,1073,2
1,22890,253,537,506,1074,4
1,22891,253,538,506,1076,4
1,22892,253,539,506,1078,4
1,22893,253,540,506,1080,4
1,22894,253,541,506,1082,4
1,22895,253,542,506,1084,4
1,22896,253,543,506,1086,4
1,22897,253,544,506,1088,4
1,22898,253,545,506,1090,4
1,22899,253,546,506,1092,4
1,22900,253,547,506,1094,4
1,22901,253,548,506,1096,4
1,22902,253,549,506,1098,4
1,22903,253,550,506,1100,4
1,22904,253,551,506,1102,4
1,22905,253,552,506,1104,4
1,22906,253,553,506,1106,4
1,22907,253,554,506,1108,4
1,22908,254,115,508,230,4
1,22909,254,116,508,232,4
1,22910,254,117,508,234,4
1,22911,254,118,508,236,4
1,22912,254,119,508,238,4
1,22913,254,120,508,240,4
1,22914,254,121,508,242,4
1,22915,254,122,508,244,2
1,22916,254,414,509,829,1
1,22917,254,415,508,830,4
1,22918,254,416,508,832,4
1,22919,254,417,508,834,4
1,22920,254,418,508,836,4
1,22921,254,419,508,838,4
1,22922,254,420,508,840,4
1,22923,254,421,508,842,4
1,22924,254,422,508,844,4
1,22925,254,423,508,846,4
1,22926,254,424,508,848,3
1,22927,254,425,509,850,2
1,22928,254,426,509,852,2
1,22929,254,427,508,854,4
1,22930,254,428,508,856,4
1,22931,254,429,508,858,4
1,22932,254,430,508,860,3
1,22933,254,431,509,862,2
1,22934,254,432,509,864,2
1,22935,254,433,508,866,4
1,22936,254,434,508,868,4
1,22937,254,435,508,870,4
1,22938,254,436,508,872,4
1,22939,254,437,508,874,4
1,22940,254,438,508,876,4
1,22941,254,439,508,878,4
1,22942,254,440,508,880,4
1,22943,254,441,508,882,4
1,22944,254,442,508,884,4
1,22945,254,443,509,886,1
1,22946,254,495,509,991,1
1,22947,254,496,509,993,1
1,22948,254,497,509,994,2
1,22949,254,498,508,996,4
1,22950,254,499,508,998,4
1,22951,254,500,508,1000,4
1,22952,254,501,508,1002,4
1,22953,254,502,508,1004,4
1,22954,254,503,508,1006,4
1,22955,254,504,508,1008,4
1,22956,254,505,508,1010,4
1,22957,254,506,508,1012,4
1,22958,254,507,508,1014,4
1,22959,254,508,508,1016,4
1,22960,254,509,508,1018,4
1,22961,254,510,508,1020,4
1,22962,254,511,508,1022,4
1,22963,254,512,508,1024,4
1,22964,254,513,508,1026,4
1,22965,254,514,508,1028,4
1,22966,254,515,508,1030,4
1,22967,254,516,508,1032,4
1,22968,254,517,508,1034,4
1,22969,254,518,508,1036,4
1,22970,254,519,508,1038,4
1,22971,254,520,508,1040,4
1,22972,254,521,509,1042,2
1,22973,254,522,508,1045,3
1,22974,254,523,508,1046,3
1,22975,254,524,509,1048,2
1,22976,254,525,509,1050,2
1,22977,254,526,509,1052,2
1,22978,254,527,508,1054,4
1,22979,254,528,508,1056,4
1,22980,254,529,508,1058,4
1,22981,254,530,508,1060,4
1,22982,254,531,508,1062,4
1,22983,254,532,508,1064,4
1,22984,254,533,508,1066,4
1,22985,254,534,508,1068,3
1,22986,254,535,508,1070,4
1,22987,254,536,508,1072,4
1,22988,254,537,508,1074,4
1,22989,254,538,508,1076,4
1,22990,254,539,508,1078,4
1,22991,254,540,508,1080,4
1,22992,254,541,508,1082,4
1,22993,254,542,508,1084,4
1,22994,254,543,508,1086,4
1,22995,254,544,508,1088,4
1,22996,254,545,508,1090,4
1,22997,254,546,508,1092,4
1,22998,254,547,508,1094,4
1,22999,254,548,508,1096,4
1,23000,254,549,508,1098,4
1,23001,254,550,508,1100,4
1,23002,254,551,508,1102,4
1,23003,254,552,508,1104,4
1,23004,254,553,508,1106,4
1,23005,254,554,508,1108,4
1,23006,255,114,511,229,1
1,23007,255,115,510,230,4
1,23008,255,116,510,232,4
1,23009,255,117,510,234,4
1,23010,255,118,510,236,4
1,23011,255,119,510,238,4
1,23012,255,120,510,240,4
1,23013,255,121,510,242,4
1,23014,255,413,511,826,2
1,23015,255,414,510,829,3
1,23016,255,415,510,830,4
1,23017,255,416,510,832,4
1,23018,255,417,510,834,4
1,23019,255,418,510,836,4
1,23020,255,419,510,838,4
1,23021,255,420,510,840,4
1,23022,255,421,510,842,4
1,23023,255,422,510,844,4
1,23024,255,423,510,846,4
1,23025,255,424,510,848,4
1,23026,255,425,510,850,4
1,23027,255,426,510,852,4
1,23028,255,427,510,854,4
1,23029,255,428,510,856,4
1,23030,255,429,510,858,4
1,23031,255,430,510,860,4
1,23032,255,431,510,862,4
1,23033,255,432,510,864,4
1,23034,255,433,510,866,4
1,23035,255,434,510,868,4
1,23036,255,435,510,870,4
1,23037,255,436,510,872,4
1,23038,255,437,510,874,4
1,23039,255,438,510,876,4
1,23040,255,439,510,878,4
1,23041,255,440,510,880,4
1,23042,255,441,510,882,4
1,23043,255,442,510,884,4
1,23044,255,443,510,886,4
1,23045,255,444,511,888,2
1,23046,255,495,510,991,3
1,23047,255,496,510,992,4
1,23048,255,497,510,994,4
1,23049,255,498,510,996,4
1,23050,255,499,510,998,4
1,23051,255,500,510,1000,4
1,23052,255,501,510,1002,4
1,23053,255,502,510,1004,4
1,23054,255,503,510,1006,4
1,23055,255,504,510,1008,4
1,23056,255,505,510,1010,4
1,23057,255,506,510,1012,4
1,23058,255,507,510,1014,4
1,23059,255,508,510,1016,4
1,23060,255,509,510,1018,4
1,23061,255,510,510,1020,4
1,23062,255,511,510,1022,4
1,23063,255,512,510,1024,4
1,23064,255,513,510,1026,4
1,23065,255,514,510,1028,4
1,23066,255,515,510,1030,4
1,23067,255,516,510,1032,4
1,23068,255,517,510,1034,4
1,23069,255,518,510,1036,4
1,23070,255,519,510,1038,4
1,23071,255,520,510,1040,4
1,23072,255,521,510,1042,4
1,23073,255,522,510,1044,4
1,23074,255,523,510,1046,4
1,23075,255,524,510,1048,4
1,23076,255,525,510,1050,4
1,23077,255,526,510,1052,4
1,23078,255,527,510,1054,4
1,23079,255,528,510,1056,4
1,23080,255,529,510,1058,4
1,23081,255,530,510,1060,4
1,23082,255,531,510,1062,4
1,23083,255,532,510,1064,4
1,23084,255,533,510,1066,4
1,23085,255,534,510,1068,4
1,23086,255,535,510,1070,4
1,23087,255,536,510,1072,4
1,23088,255,537,510,1074,4
1,23089,255,538,510,1076,4
1,23090,255,539,510,1078,4
1,23091,255,540,510,1080,4
1,23092,255,541,510,1082,4
1,23093,255,542,510,1084,4
1,23094,255,543,510,1086,4
1,23095,255,544,510,1088,4
1,23096,255,545,510,1090,4
1,23097,255,546,510,1092,4
1,23098,255,547,510,1094,4
1,23099,255,548,510,1096,4
1,23100,255,549,510,1098,4
1,23101,255,550,510,1100,4
1,23102,255,551,510,1102,3
1,23103,255,554,510,1109,1
1,23104,256,114,512,228,4
1,23105,256,115,512,230,4
1,23106,256,116,512,232,4
1,23107,256,117,512,234,4
1,23108,256,118,512,236,4
1,23109,256,119,512,238,4
1,23110,256,120,512,240,4
1,23111,256,121,512,242,2
1,23112,256,413,512,826,3
1,23113,256,414,512,828,4
1,23114,256,415,512,830,4
1,23115,256,416,512,832,4
1,23116,256,417,512,834,4
1,23117,256,418,512,836,4
1,23118,256,419,512,838,4
1,23119,256,420,512,840,4
1,23120,256,421,512,842,4
1,23121,256,422,512,844,4
1,23122,256,423,512,846,4
1,23123,256,424,512,848,4
1,23124,256,425,512,850,4
1,23125,256,426,512,852,4
1,23126,256,427,512,854,4
1,23127,256,428,512,856,4
1,23128,256,429,512,858,4
1,23129,256,430,512,860,4
1,23130,256,431,512,862,4
1,23131,256,432,512,864,4
1,23132,256,433,512,866,4
1,23133,256,434,512,868,4
1,23134,256,435,512,870,4
1,23135,256,436,512,872,4
1,23136,256,437,512,874,4
1,23137,256,438,512,876,4
1,23138,256,439,512,878,4
1,23139,256,440,512,880,4
1,23140,256,441,512,882,4
1,23141,256,442,512,884,4
1,23142,256,443,512,886,4
1,23143,256,444,512,888,3
1,23144,256,495,512,990,4
1,23145,256,496,512,992,4
1,23146,256,497,512,994,4
1,23147,256,498,512,996,4
1,23148,256,499,512,998,4
1,23149,256,500,512,1000,4
1,23150,256,501,512,1002,4
1,23151,256,502,512,1004,4
1,23152,256,503,512,1006,4
1,23153,256,504,512,1008,4
1,23154,256,505,512,1010,4
1,23155,256,506,512,1012,4
1,23156,256,507,512,1014,4
1,23157,256,508,512,1016,4
1,23158,256,509,512,1018,4
1,23159,256,510,512,1020,4
1,23160,256,511,512,1022,4
1,23161,256,512,512,1024,4
1,23162,256,513,512,1026,4
1,23163,256,514,512,1028,4
1,23164,256,515,512,1030,4
1,23165,256,516,512,1032,4
1,23166,256,517,512,1034,4
1,23167,256,518,512,1036,2
1,23168,256,519,512,1038,4
1,23169,256,520,512,1040,4
1,23170,256,521,512,1042,4
1,23171,256,522,512,1044,4
1,23172,256,523,512,1047,3
1,23173,256,524,512,1048,4
1,23174,256,525,512,1050,4
1,23175,256,526,512,1052,4
1,23176,256,527,512,1054,4
1,23177,256,528,512,1056,4
1,23178,256,529,512,1058,4
1,23179,256,530,512,1060,4
1,23180,256,531,512,1062,4
1,23181,256,532,512,1064,4
1,23182,256,533,512,1066,4
1,23183,256,534,512,1068,3
1,23184,256,535,512,1070,2
1,23185,256,536,512,1072,1
1,23186,256,538,512,1076,2
1,23187,256,539,512,1078,2
1,23188,256,540,512,1080,3
1,23189,256,541,512,1082,4
1,23190,256,542,512,1084,4
1,23191,256,543,512,1086,4
1,23192,256,544,512,1088,4
1,23193,256,545,512,1090,4
1,23194,256,546,512,1092,4
1,23195,256,547,512,1094,4
1,23196,256,548,512,1096,4
1,23197,256,549,512,1098,4
1,23198,256,550,512,1100,4
1,23199,256,551,512,1102,2
1,23200,257,113,514,227,2
1,23201,257,114,514,228,4
1,23202,257,115,514,230,4
1,23203,257,116,514,232,4
1,23204,257,117,514,234,4
1,23205,257,118,514,236,4
1,23206,257,119,514,238,4
1,23207,257,120,514,240,4
1,23208,257,414,514,828,3
1,23209,257,415,514,830,4
1,23210,257,416,514,832,4
1,23211,257,417,514,834,4
1,23212,257,418,514,836,4
1,23213,257,419,514,838,4
1,23214,257,420,514,840,4
1,23215,257,421,514,842,4
1,23216,257,422,514,844,4
1,23217,257,423,514,846,4
1,23218,257,424,514,848,4
1,23219,257,425,514,850,4
1,23220,257,426,514,852,4
1,23221,257,427,514,854,4
1,23222,257,428,514,856,4
1,23223,257,429,514,858,4
1,23224,257,430,514,860,4
1,23225,257,431,514,862,4
1,23226,257,432,514,864,4
1,23227,257,433,514,866,4
1,23228,257,434,514,868,4
1,23229,257,435,514,870,4
1,23230,257,436,514,872,4
1,23231,257,437,514,874,4
1,23232,257,438,514,876,4
1,23233,257,439,514,878,4
1,23234,257,440,514,880,4
1,23235,257,441,514,882,4
1,23236,257,442,514,884,4
1,23237,257,443,514,886,3
1,23238,257,495,514,990,4
1,23239,257,496,514,992,4
1,23240,257,497,514,994,4
1,23241,257,498,514,996,4
1,23242,257,499,514,998,4
1,23243,257,500,514,1000,4
1,23244,257,501,514,1002,2
1,23245,257,502,514,1004,2
1,23246,257,503,514,1006,3
1,23247,257,504,514,1008,4
1,23248,257,505,514,1010,4
1,23249,257,506,514,1012,4
1,23250,257,507,514,1014,4
1,23251,257,508,514,1016,4
1,23252,257,509,514,1018,4
1,23253,257,510,514,1020,4
1,23254,257,511,514,1022,4
1,23255,257,512,514,1024,4
1,23256,257,513,514,1026,4
1,23257,257,514,514,1028,4
1,23258,257,515,514,1030,4
1,23259,257,516,514,1032,2
1,23260,257,521,514,1043,1
1,23261,257,522,514,1044,2
1,23262,257,523,514,1046,2
1,23263,257,524,514,1048,2
1,23264,257,525,514,1050,3
1,23265,257,526,514,1052,4
1,23266,257,527,514,1054,4
1,23267,257,528,514,1056,4
1,23268,257,529,514,1058,4
1,23269,257,530,514,1060,4
1,23270,257,531,514,1062,4
1,23271,257,532,514,1064,4
1,23272,257,533,514,1066,2
1,23273,257,541,514,1083,1
1,23274,257,542,514,1084,3
1,23275,257,543,514,1086,4
1,23276,257,544,514,1088,4
1,23277,257,545,514,1090,4
1,23278,257,546,514,1092,4
1,23279,257,547,514,1094,4
1,23280,257,548,514,1096,4
1,23281,257,549,514,1098,4
1,23282,257,550,514,1100,3
1,23283,257,551,514,1102,1
1,23284,258,113,516,226,4
1,23285,258,114,516,228,4
1,23286,258,115,516,230,4
1,23287,258,116,516,232,4
1,23288,258,117,516,234,4
1,23289,258,118,516,236,4
1,23290,258,119,516,238,4
1,23291,258,120,516,240,2
1,23292,258,415,516,830,3
1,23293,258,416,516,832,4
1,23294,258,417,516,834,4
1,23295,258,418,516,836,4
1,23296,258,419,516,838,2
1,23297,258,420,516,840,2
1,23298,258,421,516,842,4
1,23299,258,422,516,844,4
1,23300,258,423,516,846,3
1,23301,258,424,516,848,2
1,23302,258,425,516,850,2
1,23303,258,426,516,852,4
1,23304,258,427,516,854,4
1,23305,258,428,516,856,4
1,23306,258,429,516,858,4
1,23307,258,430,516,860,4
1,23308,258,431,516,862,4
1,23309,258,432,516,864,2
1,23310,258,433,516,866,2
1,23311,258,434,516,868,3
1,23312,258,435,516,870,4
1,23313,258,436,516,872,4
1,23314,258,437,516,874,2
1,23315,258,438,516,876,2
1,23316,258,439,516,878,4
1,23317,258,440,516,880,4
1,23318,258,441,516,882,4
1,23319,258,442,516,884,3
1,23320,258,494,516,989,3
1,23321,258,495,516,990,4
1,23322,258,496,516,992,4
1,23323,258,497,516,994,4
1,23324,258,498,516,996,4
1,23325,258,499,516,998,4
1,23326,258,500,516,1000,1
1,23327,258,504,516,1009,1
1,23328,258,505,516,1010,2
1,23329,258,506,516,1012,2
1,23330,258,507,516,1014,2
1,23331,258,508,516,1016,2
1,23332,258,509,516,1018,2
1,23333,258,510,516,1020,2
1,23334,258,511,516,1022,2
1,23335,258,512,516,1024,2
1,23336,258,513,516,1026,2
1,23337,258,514,516,1028,2
1,23338,258,526,516,1052,3
1,23339,258,527,516,1054,4
1,23340,258,528,516,1056,4
1,23341,258,529,516,1058,4
1,23342,258,530,516,1060,4
1,23343,258,531,516,1062,4
1,23344,258,532,516,1064,3
1,23345,258,543,516,1087,1
1,23346,258,544,516,1088,2
1,23347,258,545,516,1090,4
1,23348,258,546,516,1092,2
1,23349,258,547,516,1094,2
1,23350,258,548,516,1096,2
1,23351,258,549,516,1098,1
1,23352,259,111,519,223,1
1,23353,259,112,518,225,3
1,23354,259,113,518,226,4
1,23355,259,114,518,228,4
1,23356,259,115,518,230,4
1,23357,259,116,518,232,4
1,23358,259,117,518,234,4
1,23359,259,118,518,236,4
1,23360,259,119,518,238,2
1,23361,259,416,518,832,3
1,23362,259,417,518,834,4
1,23363,259,418,518,836,1
1,23364,259,421,518,843,1
1,23365,259,422,518,844,4
1,23366,259,423,518,846,2
1,23367,259,426,518,852,4
1,23368,259,427,518,854,4
1,23369,259,428,518,856,4
1,23370,259,429,518,858,4
1,23371,259,430,518,860,4
1,23372,259,431,518,862,4
1,23373,259,434,518,869,2
1,23374,259,435,518,870,4
1,23375,259,436,518,872,1
1,23376,259,439,518,879,1
1,23377,259,440,518,880,4
1,23378,259,441,518,882,3
1,23379,259,492,518,985,2
1,23380,259,493,518,986,4
1,23381,259,494,518,988,4
1,23382,259,495,518,990,4
1,23383,259,496,518,992,4
1,23384,259,497,518,994,4
1,23385,259,498,518,996,4
1,23386,259,499,518,998,2
1,23387,259,527,518,1054,4
1,23388,259,528,518,1056,4
1,23389,259,529,518,1058,4
1,23390,259,530,518,1060,4
1,23391,259,531,518,1062,4
1,23392,259,532,518,1064,1
1,23393,260,109,521,219,1
1,23394,260,110,520,221,3
1,23395,260,111,520,222,4
1,23396,260,112,520,224,4
1,23397,260,113,520,226,4
1,23398,260,114,520,228,4
1,23399,260,115,520,230,4
1,23400,260,116,520,232,4
1,23401,260,117,520,234,3
1,23402,260,118,520,236,1
1,23403,260,417,520,834,2
1,23404,260,422,520,844,2
1,23405,260,423,520,846,2
1,23406,260,426,520,852,4
1,23407,260,427,520,854,4
1,23408,260,428,520,856,4
1,23409,260,429,520,858,4
1,23410,260,430,520,860,4
1,23411,260,431,520,862,4
1,23412,260,434,520,869,2
1,23413,260,435,520,870,2
1,23414,260,440,520,880,2
1,23415,260,492,520,985,2
1,23416,260,493,520,986,4
1,23417,260,494,520,988,4
1,23418,260,495,520,990,4
1,23419,260,496,520,992,4
1,23420,260,497,520,994,4
1,23421,260,498,520,996,4
1,23422,260,499,520,998,2
1,23423,260,527,520,1054,4
1,23424,260,528,520,1056,4
1,23425,260,529,520,1058,4
1,23426,260,530,520,1060,4
1,23427,260,531,520,1062,3
1,23428,261,107,523,214,2
1,23429,261,108,522,217,3
1,23430,261,109,522,218,4
1,23431,261,110,522,220,4
1,23432,261,111,522,222,4
1,23433,261,112,522,224,4
1,23434,261,113,522,226,4
1,23435,261,114,522,228,4
1,23436,261,115,522,230,4
1,23437,261,116,522,232,2
1,23438,261,426,522,852,3
1,23439,261,427,522,854,2
1,23440,261,428,522,856,4
1,23441,261,429,522,858,4
1,23442,261,430,522,860,2
1,23443,261,431,522,862,3
1,23444,261,493,522,986,4
1,23445,261,494,522,988,4
1,23446,261,495,522,990,4
1,23447,261,496,522,992,4
1,23448,261,497,522,994,4
1,23449,261,498,522,996,4
1,23450,261,499,522,998,2
1,23451,261,526,523,1053,1
1,23452,261,527,522,1054,4
1,23453,261,528,522,1056,4
1,23454,261,529,522,1058,4
1,23455,261,530,522,1060,3
1,23456,262,105,525,210,2
1,23457,262,106,524,212,4
1,23458,262,107,524,214,4
1,23459,262,108,524,216,4
1,23460,262,109,524,218,4
1,23461,262,110,524,220,4
1,23462,262,111,524,222,4
1,23463,262,112,524,224,4
1,23464,262,113,524,226,4
1,23465,262,114,524,228,3
1,23466,262,115,524,230,1
1,23467,262,428,524,856,4
1,23468,262,429,524,858,4
1,23469,262,493,524,986,3
1,23470,262,494,524,988,4
1,23471,262,495,524,990,4
1,23472,262,496,524,992,4
1,23473,262,497,524,994,4
1,23474,262,498,524,996,4
1,23475,262,499,524,998,4
1,23476,262,500,525,1000,1
1,23477,262,526,524,1053,3
1,23478,262,527,524,1054,4
1,23479,262,528,524,1056,4
1,23480,262,529,524,1058,4
1,23481,262,530,524,1060,4
1,23482,263,102,527,205,1
1,23483,263,103,527,206,2
1,23484,263,104,526,208,4
1,23485,263,105,526,210,4
1,23486,263,106,526,212,4
1,23487,263,107,526,214,4
1,23488,263,108,526,216,4
1,23489,263,109,526,218,4
1,23490,263,110,526,220,4
1,23491,263,111,526,222,4
1,23492,263,112,526,224,4
1,23493,263,113,526,226,2
1,23494,263,425,527,851,1
1,23495,263,426,526,852,3
1,23496,263,427,527,854,2
1,23497,263,428,526,856,4
1,23498,263,429,526,858,4
1,23499,263,430,527,860,2
1,23500,263,431,526,863,3
1,23501,263,432,527,864,1
1,23502,263,494,526,988,4
1,23503,263,495,526,990,4
1,23504,263,496,526,992,4
1,23505,263,497,526,994,4
1,23506,263,498,526,996,4
1,23507,263,499,526,998,4
1,23508,263,525,527,1051,1
1,23509,263,526,526,1052,4
1,23510,263,527,526,1054,4
1,23511,263,528,526,1056,4
1,23512,263,529,526,1058,4
1,23513,263,530,526,1060,4
1,23514,264,100,529,200,2
1,23515,264,101,528,203,3
1,23516,264,102,528,204,4
1,23517,264,103,528,206,4
1,23518,264,104,528,208,4
1,23519,264,105,528,210,4
1,23520,264,106,528,212,4
1,23521,264,107,528,214,4
1,23522,264,108,528,216,4
1,23523,264,109,528,218,4
1,23524,264,110,528,220,4
1,23525,264,111,528,222,3
1,23526,264,112,528,224,1
1,23527,264,425,528,851,2
1,23528,264,426,528,852,4
1,23529,264,427,528,854,4
1,23530,264,428,528,856,4
1,23531,264,429,528,858,4
1,23532,264,430,528,860,4
1,23533,264,431,528,862,4
1,23534,264,432,528,864,2
1,23535,264,493,529,987,1
1,23536,264,494,528,988,4
1,23537,264,495,528,990,4
1,23538,264,496,528,992,4
1,23539,264,497,528,994,4
1,23540,264,498,528,996,4
1,23541,264,499,528,998,4
1,23542,264,500,529,1000,1
1,23543,264,525,528,1051,3
1,23544,264,526,528,1052,4
1,23545,264,527,528,1054,4
1,23546,264,528,528,1056,4
1,23547,264,529,528,1058,4
1,23548,264,530,528,1060,4
1,23549,265,50,530,100,4
1,23550,265,51,530,102,4
1,23551,265,52,530,104,3
1,23552,265,53,531,106,2
1,23553,265,54,531,108,2
1,23554,265,55,531,110,2
1,23555,265,56,531,112,2
1,23556,265,57,531,114,2
1,23557,265,58,531,116,2
1,23558,265,59,531,118,2
1,23559,265,60,531,120,2
1,23560,265,61,531,122,2
1,23561,265,62,531,124,2
1,23562,265,63,531,126,2
1,23563,265,64,531,128,2
1,23564,265,65,531,130,2
1,23565,265,66,531,132,2
1,23566,265,67,530,135,3
1,23567,265,68,530,136,4
1,23568,265,69,530,138,3
1,23569,265,70,531,140,2
1,23570,265,71,531,142,2
1,23571,265,72,531,144,2
1,23572,265,73,531,146,1
1,23573,265,96,531,193,1
1,23574,265,97,531,194,2
1,23575,265,98,530,196,4
1,23576,265,99,530,198,4
1,23577,265,100,530,200,4
1,23578,265,101,530,202,4
1,23579,265,102,530,204,4
1,23580,265,103,530,206,4
1,23581,265,104,530,208,4
1,23582,265,105,530,210,4
1,23583,265,106,530,212,4
1,23584,265,107,530,214,4
1,23585,265,108,530,216,4
1,23586,265,109,530,218,4
1,23587,265,110,530,220,3
1,23588,265,425,530,851,2
1,23589,265,426,530,852,4
1,23590,265,427,530,854,4
1,23591,265,428,530,856,4
1,23592,265,429,530,858,4
1,23593,265,430,530,860,4
1,23594,265,431,530,862,4
1,23595,265,432,530,864,2
1,23596,265,493,530,986,4
1,23597,265,494,530,988,4
1,23598,265,495,530,990,4
1,23599,265,496,530,992,4
1,23600,265,497,530,994,4
1,23601,265,498,530,996,4
1,23602,265,499,530,998,4
1,23603,265,500,530,1000,4
1,23604,265,524,531,1049,1
1,23605,265,525,530,1050,4
1,23606,265,526,530,1052,4
1,23607,265,527,530,1054,4
1,23608,265,528,530,1056,4
1,23609,265,529,530,1058,4
1,23610,265,530,530,1060,4
1,23611,265,531,530,1062,2
1,23612,266,49,532,99,2
1,23613,266,50,532,100,4
1,23614,266,51,532,102,4
1,23615,266,52,532,104,4
1,23616,266,53,532,106,4
1,23617,266,54,532,108,4
1,23618,266,55,532,110,4
1,23619,266,56,532,112,4
1,23620,266,57,532,114,4
1,23621,266,58,532,116,4
1,23622,266,59,532,118,4
1,23623,266,60,532,120,4
1,23624,266,61,532,122,4
1,23625,266,62,532,124,4
1,23626,266,63,532,126,4
1,23627,266,64,532,128,4
1,23628,266,65,532,130,4
1,23629,266,66,532,132,4
1,23630,266,67,532,134,4
1,23631,266,68,532,136,4
1,23632,266,69,532,138,4
1,23633,266,70,532,140,4
1,23634,266,71,532,142,4
1,23635,266,72,532,144,4
1,23636,266,73,532,146,4
1,23637,266,74,532,148,4
1,23638,266,75,532,150,4
1,23639,266,76,532,152,4
1,23640,266,77,533,154,2
1,23641,266,78,533,156,2
1,23642,266,79,533,158,2
1,23643,266,80,533,160,2
1,23644,266,81,533,162,2
1,23645,266,82,533,164,2
1,23646,266,93,533,186,2
1,23647,266,94,533,188,2
1,23648,266,95,532,190,4
1,23649,266,96,532,192,4
1,23650,266,97,532,194,4
1,23651,266,98,532,196,4
1,23652,266,99,532,198,4
1,23653,266,100,532,200,4
1,23654,266,101,532,202,4
1,23655,266,102,532,204,4
1,23656,266,103,532,206,4
1,23657,266,104,532,208,4
1,23658,266,105,532,210,4
1,23659,266,106,532,212,4
1,23660,266,107,532,214,4
1,23661,266,108,532,216,4
1,23662,266,109,532,218,1
1,23663,266,425,532,851,2
1,23664,266,426,532,852,4
1,23665,266,427,532,854,4
1,23666,266,428,532,856,4
1,23667,266,429,532,858,4
1,23668,266,430,532,860,4
1,23669,266,431,532,862,4
1,23670,266,432,532,864,2
1,23671,266,493,532,986,4
1,23672,266,494,532,988,4
1,23673,266,495,532,990,4
1,23674,266,496,532,992,4
1,23675,266,497,532,994,4
1,23676,266,498,532,996,4
1,23677,266,499,532,998,4
1,23678,266,500,532,1000,4
1,23679,266,524,532,1049,3
1,23680,266,525,532,1050,4
1,23681,266,526,532,1052,4
1,23682,266,527,532,1054,4
1,23683,266,528,532,1056,4
1,23684,266,529,532,1058,4
1,23685,266,530,532,1060,4
1,23686,266,531,532,1062,4
1,23687,267,49,534,98,4
1,23688,267,50,534,100,4
1,23689,267,51,534,102,4
1,23690,267,52,534,104,4
1,23691,267,53,534,106,4
1,23692,267,54,534,108,4
1,23693,267,55,534,110,4
1,23694,267,56,534,112,4
1,23695,267,57,534,114,4
1,23696,267,58,534,116,4
1,23697,267,59,534,118,4
1,23698,267,60,534,120,4
1,23699,267,61,534,122,4
1,23700,267,62,534,124,4
1,23701,267,63,534,126,4
1,23702,267,64,534,128,4
1,23703,267,65,534,130,4
1,23704,267,66,534,132,4
1,23705,267,67,534,134,4
1,23706,267,68,534,136,4
1,23707,267,69,534,138,4
1,23708,267,70,534,140,4
1,23709,267,71,534,142,4
1,23710,267,72,534,144,4
1,23711,267,73,534,146,4
1,23712,267,74,534,148,4
1,23713,267,75,534,150,4
1,23714,267,76,534,152,4
1,23715,267,77,534,154,4
1,23716,267,78,534,156,4
1,23717,267,79,534,158,4
1,23718,267,80,534,160,4
1,23719,267,81,534,162,4
1,23720,267,82,534,164,4
1,23721,267,83,534,166,4
1,23722,267,84,534,168,4
1,23723,267,85,534,170,4
1,23724,267,86,534,172,4
1,23725,267,87,534,174,4
1,23726,267,88,534,176,4
1,23727,267,89,534,178,4
1,23728,267,90,534,180,4
1,23729,267,91,534,182,4
1,23730,267,92,534,184,4
1,23731,267,93,534,186,4
1,23732,267,94,534,188,4
1,23733,267,95,534,190,4
1,23734,267,96,534,192,4
1,23735,267,97,534,194,4
1,23736,267,98,534,196,4
1,23737,267,99,534,198,4
1,23738,267,100,534,200,4
1,23739,267,101,534,202,4
1,23740,267,102,534,204,4
1,23741,267,103,534,206,4
1,23742,267,104,534,208,4
1,23743,267,105,534,210,4
1,23744,267,106,534,212,4
1,23745,267,107,534,214,3
1,23746,267,425,534,851,2
1,23747,267,426,534,852,4
1,23748,267,427,534,854,4
1,23749,267,428,534,856,4
1,23750,267,429,534,858,4
1,23751,267,430,534,860,4
1,23752,267,431,534,862,4
1,23753,267,432,534,864,2
1,23754,267,493,534,986,3
1,23755,267,494,534,988,4
1,23756,267,495,534,990,4
1,23757,267,496,534,992,4
1,23758,267,497,534,994,4
1,23759,267,498,534,996,4
1,23760,267,499,534,998,4
1,23761,267,500,534,1000,4
1,23762,267,524,534,1049,2
1,23763,267,525,534,1050,4
1,23764,267,526,534,1052,4
1,23765,267,527,534,1054,4
1,23766,267,528,534,1056,4
1,23767,267,529,534,1058,4
1,23768,267,530,534,1060,4
1,23769,267,531,534,1062,4
1,23770,267,532,534,1064,2
1,23771,268,48,536,97,2
1,23772,268,49,536,98,4
1,23773,268,50,536,100,4
1,23774,268,51,536,102,4
1,23775,268,52,536,104,4
1,23776,268,53,536,106,4
1,23777,268,54,536,108,4
1,23778,268,55,536,110,4
1,23779,268,56,536,112,4
1,23780,268,57,536,114,4
1,23781,268,58,536,116,4
1,23782,268,59,536,118,4
1,23783,268,60,536,120,4
1,23784,268,61,536,122,4
1,23785,268,62,536,124,4
1,23786,268,63,536,126,2
1,23787,268,64,536,128,2
1,23788,268,65,536,130,1
1,23789,268,67,536,135,2
1,23790,268,68,536,136,4
1,23791,268,69,536,138,4
1,23792,268,70,536,140,4
1,23793,268,71,536,142,4
1,23794,268,72,536,144,4
1,23795,268,73,536,146,4
1,23796,268,74,536,148,4
1,23797,268,75,536,150,4
1,23798,268,76,536,152,4
1,23799,268,77,536,154,4
1,23800,268,78,536,156,4
1,23801,268,79,536,158,4
1,23802,268,80,536,160,4
1,23803,268,81,536,162,4
1,23804,268,82,536,164,4
1,23805,268,83,536,166,4
1,23806,268,84,536,168,4
1,23807,268,85,536,170,4
1,23808,268,86,536,172,4
1,23809,268,87,536,174,4
1,23810,268,88,536,176,4
1,23811,268,89,536,178,4
1,23812,268,90,536,180,4
1,23813,268,91,536,182,4
1,23814,268,92,536,184,4
1,23815,268,93,536,186,4
1,23816,268,94,536,188,4
1,23817,268,95,536,190,4
1,23818,268,96,536,192,4
1,23819,268,97,536,194,4
1,23820,268,98,536,196,4
1,23821,268,99,536,198,4
1,23822,268,100,536,200,4
1,23823,268,101,536,202,4
1,23824,268,102,536,204,4
1,23825,268,103,536,206,4
1,23826,268,104,536,208,4
1,23827,268,105,536,210,4
1,23828,268,106,536,212,2
1,23829,268,426,536,852,4
1,23830,268,427,536,854,4
1,23831,268,428,536,856,4
1,23832,268,429,536,858,4
1,23833,268,430,536,860,4
1,23834,268,431,536,862,4
1,23835,268,493,536,987,1
1,23836,268,494,536,988,4
1,23837,268,495,536,990,4
1,23838,268,496,536,992,4
1,23839,268,497,536,994,4
1,23840,268,498,536,996,4
1,23841,268,499,536,998,4
1,23842,268,500,536,1000,4
1,23843,268,501,536,1002,2
1,23844,268,524,536,1049,2
1,23845,268,525,536,1050,4
1,23846,268,526,536,1052,4
1,23847,268,527,536,1054,4
1,23848,268,528,536,1056,4
1,23849,268,529,536,1058,4
1,23850,268,530,536,1060,4
1,23851,268,531,536,1062,4
1,23852,268,532,536,1064,4
1,23853,269,48,538,96,4
1,23854,269,49,538,98,4
1,23855,269,50,538,100,4
1,23856,269,51,538,102,4
1,23857,269,52,538,104,4
1,23858,269,53,538,106,4
1,23859,269,54,538,108,4
1,23860,269,55,538,110,4
1,23861,269,56,538,112,4
1,23862,269,57,538,114,4
1,23863,269,58,538,116,4
1,23864,269,59,538,118,2
1,23865,269,60,538,120,2
1,23866,269,67,538,135,2
1,23867,269,68,538,136,4
1,23868,269,69,538,138,4
1,23869,269,70,538,140,4
1,23870,269,71,538,142,4
1,23871,269,72,538,144,4
1,23872,269,73,538,146,4
1,23873,269,74,538,148,4
1,23874,269,75,538,150,4
1,23875,269,76,538,152,4
1,23876,269,77,538,154,4
1,23877,269,78,538,156,4
1,23878,269,79,538,158,4
1,23879,269,80,538,160,4
1,23880,269,81,538,162,4
1,23881,269,82,538,164,4
1,23882,269,83,538,166,4
1,23883,269,84,538,168,4
1,23884,269,85,538,170,4
1,23885,269,86,538,172,4
1,23886,269,87,538,174,4
1,23887,269,88,538,176,4
1,23888,269,89,538,178,4
1,23889,269,90,538,180,4
1,23890,269,91,538,182,4
1,23891,269,92,538,184,4
1,23892,269,93,538,186,4
1,23893,269,94,538,188,4
1,23894,269,95,538,190,4
1,23895,269,96,538,192,4
1,23896,269,97,538,194,4
1,23897,269,98,538,196,4
1,23898,269,99,538,198,4
1,23899,269,100,538,200,4
1,23900,269,101,538,202,4
1,23901,269,102,538,204,4
1,23902,269,103,538,206,3
1,23903,269,104,538,208,2
1,23904,269,105,538,210,1
1,23905,269,426,538,852,4
1,23906,269,427,538,854,4
1,23907,269,428,538,856,4
1,23908,269,429,538,858,4
1,23909,269,430,538,860,4
1,23910,269,431,538,862,4
1,23911,269,494,538,988,3
1,23912,269,495,538,990,4
1,23913,269,496,538,992,4
1,23914,269,497,538,994,4
1,23915,269,498,538,996,4
1,23916,269,499,538,998,4
1,23917,269,500,538,1000,4
1,23918,269,501,538,1002,3
1,23919,269,526,538,1052,3
1,23920,269,527,538,1054,4
1,23921,269,528,538,1056,4
1,23922,269,529,538,1058,4
1,23923,269,530,538,1060,4
1,23924,269,531,538,1062,4
1,23925,269,532,538,1064,4
1,23926,270,47,540,95,2
1,23927,270,48,540,96,4
1,23928,270,49,540,98,4
1,23929,270,50,540,100,4
1,23930,270,51,540,102,4
1,23931,270,52,540,104,4
1,23932,270,53,540,106,3
1,23933,270,54,540,108,2
1,23934,270,55,540,110,2
1,23935,270,56,540,112,2
1,23936,270,67,540,135,1
1,23937,270,68,540,136,2
1,23938,270,69,540,138,2
1,23939,270,70,540,140,2
1,23940,270,71,540,142,4
1,23941,270,72,540,144,4
1,23942,270,73,540,146,4
1,23943,270,74,540,148,4
1,23944,270,75,540,150,4
1,23945,270,76,540,152,4
1,23946,270,77,540,154,4
1,23947,270,78,540,156,4
1,23948,270,79,540,158,4
1,23949,270,80,540,160,4
1,23950,270,81,540,162,4
1,23951,270,82,540,164,4
1,23952,270,83,540,166,4
1,23953,270,84,540,168,4
1,23954,270,85,540,170,4
1,23955,270,86,540,172,4
1,23956,270,87,540,174,4
1,23957,270,88,540,176,4
1,23958,270,89,540,178,4
1,23959,270,90,540,180,4
1,23960,270,91,540,182,4
1,23961,270,92,540,184,4
1,23962,270,93,540,186,4
1,23963,270,94,540,188,4
1,23964,270,95,540,190,4
1,23965,270,96,540,192,4
1,23966,270,97,540,194,3
1,23967,270,98,540,196,2
1,23968,270,99,540,198,2
1,23969,270,100,540,200,1
1,23970,270,417,541,835,1
1,23971,270,422,541,844,2
1,23972,270,423,540,846,2
1,23973,270,426,540,852,4
1,23974,270,427,540,854,4
1,23975,270,428,540,856,4
1,23976,270,429,540,858,4
1,23977,270,430,540,860,4
1,23978,270,431,540,862,4
1,23979,270,434,540,869,2
1,23980,270,435,541,870,2
1,23981,270,495,540,990,4
1,23982,270,496,540,992,4
1,23983,270,497,540,994,4
1,23984,270,498,540,996,4
1,23985,270,499,540,998,4
1,23986,270,500,540,1000,4
1,23987,270,501,540,1002,4
1,23988,270,502,540,1004,3
1,23989,270,526,540,1053,2
1,23990,270,527,540,1054,4
1,23991,270,528,540,1056,4
1,23992,270,529,540,1058,4
1,23993,270,530,540,1060,4
1,23994,270,531,540,1062,4
1,23995,270,532,540,1064,4
1,23996,271,47,542,94,4
1,23997,271,48,542,96,4
1,23998,271,49,542,98,3
1,23999,271,50,542,100,2
1,24000,271,51,542,102,1
1,24001,271,76,542,152,2
1,24002,271,77,542,154,2
1,24003,271,78,542,156,2
1,24004,271,79,542,158,2
1,24005,271,80,542,160,3
1,24006,271,81,542,162,4
1,24007,271,82,542,164,4
1,24008,271,83,542,166,4
1,24009,271,84,542,168,4
1,24010,271,85,542,170,3
1,24011,271,86,542,172,2
1,24012,271,87,542,174,2
1,24013,271,88,542,176,2
1,24014,271,89,542,178,2
1,24015,271,90,542,180,2
1,24016,271,91,542,182,2
1,24017,271,92,542,184,2
1,24018,271,93,542,186,2
1,24019,271,94,542,188,2
1,24020,271,416,543,833,1
1,24021,271,417,542,834,4
1,24022,271,418,543,836,1
1,24023,271,421,543,843,1
1,24024,271,422,542,844,4
1,24025,271,423,542,846,2
1,24026,271,426,542,852,4
1,24027,271,427,542,854,4
1,24028,271,428,542,856,4
1,24029,271,429,542,858,4
1,24030,271,430,542,860,4
1,24031,271,431,542,862,4
1,24032,271,434,542,869,2
1,24033,271,435,542,870,4
1,24034,271,436,543,872,1
1,24035,271,495,542,990,4
1,24036,271,496,542,992,4
1,24037,271,497,542,994,4
1,24038,271,498,542,996,4
1,24039,271,499,542,998,4
1,24040,271,500,542,1000,4
1,24041,271,501,542,1002,4
1,24042,271,502,542,1004,4
1,24043,271,526,542,1053,2
1,24044,271,527,542,1054,4
1,24045,271,528,542,1056,4
1,24046,271,529,542,1058,4
1,24047,271,530,542,1060,4
1,24048,271,531,542,1062,4
1,24049,271,532,542,1064,4
1,24050,272,46,544,93,1
1,24051,272,47,544,94,1
1,24052,272,415,545,831,1
1,24053,272,416,544,832,4
1,24054,272,417,544,834,4
1,24055,272,418,544,836,3
1,24056,272,419,545,838,2
1,24057,272,420,545,840,2
1,24058,272,421,544,842,2
1,24059,272,422,544,844,2
1,24060,272,423,544,846,3
1,24061,272,424,545,848,2
1,24062,272,425,545,850,2
1,24063,272,426,544,852,4
1,24064,272,427,544,854,4
1,24065,272,428,544,856,4
1,24066,272,429,544,858,4
1,24067,272,430,544,860,4
1,24068,272,431,544,862,4
1,24069,272,432,545,864,2
1,24070,272,433,545,866,2
1,24071,272,434,544,869,3
1,24072,272,435,544,870,2
1,24073,272,436,544,872,1
1,24074,272,495,544,990,4
1,24075,272,496,544,992,4
1,24076,272,497,544,994,4
1,24077,272,498,544,996,4
1,24078,272,499,544,998,4
1,24079,272,500,544,1000,4
1,24080,272,501,544,1002,4
1,24081,272,502,544,1004,3
1,24082,272,525,545,1051,1
1,24083,272,526,544,1052,4
1,24084,272,527,544,1054,4
1,24085,272,528,544,1056,4
1,24086,272,529,544,1058,4
1,24087,272,530,544,1060,4
1,24088,272,531,544,1062,4
1,24089,272,532,544,1064,4
1,24090,273,414,547,829,1
1,24091,273,415,546,830,4
1,24092,273,416,546,832,4
1,24093,273,417,546,834,4
1,24094,273,418,546,836,4
1,24095,273,419,546,838,4
1,24096,273,420,546,840,2
1,24097,273,423,546,847,2
1,24098,273,424,546,848,4
1,24099,273,425,546,850,4
1,24100,273,426,546,852,4
1,24101,273,427,546,854,4
1,24102,273,428,546,856,4
1,24103,273,429,546,858,4
1,24104,273,430,546,860,4
1,24105,273,431,546,862,4
1,24106,273,432,546,864,4
1,24107,273,433,546,866,4
1,24108,273,434,546,868,2
1,24109,273,494,546,989,2
1,24110,273,495,546,990,4
1,24111,273,496,546,992,4
1,24112,273,497,546,994,4
1,24113,273,498,546,996,4
1,24114,273,499,546,998,4
1,24115,273,500,546,1000,4
1,24116,273,501,546,1002,4
1,24117,273,502,546,1004,2
1,24118,273,525,546,1051,2
1,24119,273,526,546,1052,4
1,24120,273,527,546,1054,4
1,24121,273,528,546,1056,4
1,24122,273,529,546,1058,4
1,24123,273,530,546,1060,4
1,24124,273,531,546,1062,3
1,24125,274,413,549,827,1
1,24126,274,414,548,828,4
1,24127,274,415,548,830,4
1,24128,274,416,548,832,4
1,24129,274,417,548,834,4
1,24130,274,418,548,836,4
1,24131,274,419,548,838,4
1,24132,274,420,548,840,3
1,24133,274,423,548,847,3
1,24134,274,424,548,848,4
1,24135,274,425,548,850,4
1,24136,274,426,548,852,4
1,24137,274,427,548,854,4
1,24138,274,428,548,856,4
1,24139,274,429,548,858,4
1,24140,274,430,548,860,4
1,24141,274,431,548,862,4
1,24142,274,432,548,864,4
1,24143,274,433,548,866,4
1,24144,274,434,548,868,3
1,24145,274,493,549,987,1
1,24146,274,494,548,988,4
1,24147,274,495,548,990,4
1,24148,274,496,548,992,4
1,24149,274,497,548,994,4
1,24150,274,498,548,996,4
1,24151,274,499,548,998,4
1,24152,274,500,548,1000,4
1,24153,274,501,548,1002,4
1,24154,274,502,548,1004,1
1,24155,274,525,548,1051,2
1,24156,274,526,548,1052,4
1,24157,274,527,548,1054,4
1,24158,274,528,548,1056,4
1,24159,274,529,548,1058,4
1,24160,274,530,548,1060,4
1,24161,274,531,548,1062,2
1,24162,275,412,550,825,1
1,24163,275,413,550,826,2
1,24164,275,414,550,828,2
1,24165,275,415,550,830,4
1,24166,275,416,550,832,4
1,24167,275,417,550,834,4
1,24168,275,418,550,836,4
1,24169,275,419,550,838,4
1,24170,275,420,550,840,4
1,24171,275,421,550,842,4
1,24172,275,422,550,844,4
1,24173,275,423,550,846,4
1,24174,275,424,550,848,4
1,24175,275,425,550,850,4
1,24176,275,426,550,852,4
1,24177,275,427,550,854,4
1,24178,275,428,550,856,4
1,24179,275,429,550,858,4
1,24180,275,430,550,860,4
1,24181,275,431,550,862,4
1,24182,275,432,550,864,4
1,24183,275,433,550,866,4
1,24184,275,434,550,868,4
1,24185,275,435,550,870,1
1,24186,275,438,551,876,1
1,24187,275,493,550,987,2
1,24188,275,494,550,988,4
1,24189,275,495,550,990,4
1,24190,275,496,550,992,4
1,24191,275,497,550,994,4
1,24192,275,498,550,996,4
1,24193,275,499,550,998,4
1,24194,275,500,550,1000,4
1,24195,275,501,550,1002,4
1,24196,275,525,550,1051,2
1,24197,275,526,550,1052,4
1,24198,275,527,550,1054,4
1,24199,275,528,550,1056,4
1,24200,275,529,550,1058,4
1,24201,275,530,550,1060,4
1,24202,275,531,550,1062,2
1,24203,276,415,552,830,4
1,24204,276,416,552,832,4
1,24205,276,417,552,834,4
1,24206,276,418,552,836,4
1,24207,276,419,552,838,4
1,24208,276,420,552,840,4
1,24209,276,421,552,842,4
1,24210,276,422,552,844,4
1,24211,276,423,552,846,4
1,24212,276,424,552,848,4
1,24213,276,425,552,850,4
1,24214,276,426,552,852,4
1,24215,276,427,552,854,4
1,24216,276,428,552,856,4
1,24217,276,429,552,858,4
1,24218,276,430,552,860,4
1,24219,276,431,552,862,4
1,24220,276,432,552,864,4
1,24221,276,433,552,866,4
1,24222,276,434,552,868,4
1,24223,276,435,553,870,2
1,24224,276,436,553,872,2
1,24225,276,438,552,876,4
1,24226,276,439,552,879,3
1,24227,276,440,552,880,1
1,24228,276,493,552,986,4
1,24229,276,494,552,988,4
1,24230,276,495,552,990,4
1,24231,276,496,552,992,4
1,24232,276,497,552,994,4
1,24233,276,498,552,996,4
1,24234,276,499,552,998,4
1,24235,276,500,552,1000,4
1,24236,276,501,552,1002,2
1,24237,276,525,552,1051,2
1,24238,276,526,552,1052,4
1,24239,276,527,552,1054,4
1,24240,276,528,552,1056,4
1,24241,276,529,552,1058,4
1,24242,276,530,552,1060,4
1,24243,276,531,552,1062,4
1,24244,276,532,553,1064,1
1,24245,277,408,555,816,2
1,24246,277,409,554,818,4
1,24247,277,410,554,820,2
1,24248,277,415,554,830,4
1,24249,277,416,554,832,4
1,24250,277,417,554,834,4
1,24251,277,418,554,836,4
1,24252,277,419,554,838,4
1,24253,277,420,554,840,4
1,24254,277,421,554,842,4
1,24255,277,422,554,844,4
1,24256,277,423,554,846,4
1,24257,277,424,554,848,4
1,24258,277,425,554,850,4
1,24259,277,426,554,852,4
1,24260,277,427,554,854,4
1,24261,277,428,554,856,4
1,24262,277,429,554,858,4
1,24263,277,430,554,860,4
1,24264,277,431,554,862,4
1,24265,277,432,554,864,4
1,24266,277,433,554,866,4
1,24267,277,434,554,868,4
1,24268,277,435,554,870,4
1,24269,277,436,554,872,4
1,24270,277,437,554,874,4
1,24271,277,438,554,876,4
1,24272,277,439,554,878,2
1,24273,277,449,555,898,2
1,24274,277,493,554,986,4
1,24275,277,494,554,988,4
1,24276,277,495,554,990,4
1,24277,277,496,554,992,4
1,24278,277,497,554,994,4
1,24279,277,498,554,996,4
1,24280,277,499,554,998,4
1,24281,277,500,554,1000,4
1,24282,277,501,554,1002,1
1,24283,277,525,554,1051,2
1,24284,277,526,554,1052,4
1,24285,277,527,554,1054,4
1,24286,277,528,554,1056,4
1,24287,277,529,554,1058,4
1,24288,277,530,554,1060,4
1,24289,277,531,554,1062,4
1,24290,277,532,554,1064,3
1,24291,278,407,556,815,3
1,24292,278,408,556,816,4
1,24293,278,409,556,818,4
1,24294,278,410,556,820,4
1,24295,278,411,556,822,4
1,24296,278,412,556,824,4
1,24297,278,413,556,826,4
1,24298,278,414,556,828,4
1,24299,278,415,556,830,4
1,24300,278,416,556,832,4
1,24301,278,417,556,834,4
1,24302,278,418,556,836,4
1,24303,278,419,556,838,4
1,24304,278,420,556,840,4
1,24305,278,421,556,842,4
1,24306,278,422,556,844,4
1,24307,278,423,556,846,4
1,24308,278,424,556,848,4
1,24309,278,425,556,850,4
1,24310,278,426,556,852,4
1,24311,278,427,556,854,4
1,24312,278,428,556,856,4
1,24313,278,429,556,858,4
1,24314,278,430,556,860,4
1,24315,278,431,556,862,4
1,24316,278,432,556,864,4
1,24317,278,433,556,866,4
1,24318,278,434,556,868,4
1,24319,278,435,556,870,4
1,24320,278,436,556,872,4
1,24321,278,437,556,874,4
1,24322,278,438,556,876,4
1,24323,278,442,557,885,1
1,24324,278,443,557,886,2
1,24325,278,444,557,888,2
1,24326,278,445,556,890,4
1,24327,278,446,556,892,4
1,24328,278,447,557,894,2
1,24329,278,448,557,896,2
1,24330,278,449,556,898,4
1,24331,278,450,556,900,1
1,24332,278,493,556,986,4
1,24333,278,494,556,988,4
1,24334,278,495,556,990,4
1,24335,278,496,556,992,4
1,24336,278,497,556,994,4
1,24337,278,498,556,996,4
1,24338,278,499,556,998,4
1,24339,278,500,556,1000,4
1,24340,278,525,556,1051,2
1,24341,278,526,556,1052,4
1,24342,278,527,556,1054,4
1,24343,278,528,556,1056,4
1,24344,278,529,556,1058,4
1,24345,278,530,556,1060,4
1,24346,278,531,556,1062,4
1,24347,278,532,556,1064,2
1,24348,279,407,558,814,3
1,24349,279,408,558,816,4
1,24350,279,409,558,818,4
1,24351,279,410,558,820,4
1,24352,279,411,558,822,4
1,24353,279,412,558,824,4
1,24354,279,413,558,826,4
1,24355,279,414,558,828,4
1,24356,279,415,558,830,4
1,24357,279,416,558,832,4
1,24358,279,417,558,834,4
1,24359,279,418,558,836,4
1,24360,279,419,558,838,4
1,24361,279,420,558,840,4
1,24362,279,421,558,842,4
1,24363,279,422,558,844,4
1,24364,279,423,558,846,4
1,24365,279,424,558,848,4
1,24366,279,425,558,850,4
1,24367,279,426,558,852,4
1,24368,279,427,558,854,4
1,24369,279,428,558,856,4
1,24370,279,429,558,858,4
1,24371,279,430,558,860,4
1,24372,279,431,558,862,4
1,24373,279,432,558,864,4
1,24374,279,433,558,866,4
1,24375,279,434,558,868,4
1,24376,279,435,558,870,4
1,24377,279,436,558,872,4
1,24378,279,437,558,874,4
1,24379,279,438,558,876,4
1,24380,279,439,558,878,4
1,24381,279,440,559,880,1
1,24382,279,441,559,883,1
1,24383,279,442,558,884,4
1,24384,279,443,558,886,4
1,24385,279,444,558,888,4
1,24386,279,445,558,890,4
1,24387,279,446,558,892,4
1,24388,279,447,558,894,4
1,24389,279,493,558,986,4
1,24390,279,494,558,988,4
1,24391,279,495,558,990,4
1,24392,279,496,558,992,4
1,24393,279,497,558,994,4
1,24394,279,498,558,996,4
1,24395,279,499,558,998,4
1,24396,279,525,558,1051,2
1,24397,279,526,558,1052,4
1,24398,279,527,558,1054,4
1,24399,279,528,558,1056,4
1,24400,279,529,558,1058,4
1,24401,279,530,558,1060,4
1,24402,279,531,558,1062,4
1,24403,279,532,558,1064,1
1,24404,280,407,560,815,2
1,24405,280,408,560,816,4
1,24406,280,409,560,818,4
1,24407,280,410,560,820,4
1,24408,280,411,560,822,4
1,24409,280,412,560,824,4
1,24410,280,413,560,826,3
1,24411,280,414,560,828,1
1,24412,280,416,560,833,1
1,24413,280,417,560,834,4
1,24414,280,418,560,836,4
1,24415,280,419,560,838,4
1,24416,280,420,560,840,4
1,24417,280,421,560,842,4
1,24418,280,422,560,844,4
1,24419,280,423,560,846,4
1,24420,280,424,560,848,4
1,24421,280,425,560,850,4
1,24422,280,426,560,852,4
1,24423,280,427,560,854,4
1,24424,280,428,560,856,4
1,24425,280,429,560,858,4
1,24426,280,430,560,860,4
1,24427,280,431,560,862,4
1,24428,280,432,560,864,4
1,24429,280,433,560,866,4
1,24430,280,434,560,868,4
1,24431,280,435,560,870,4
1,24432,280,436,560,872,4
1,24433,280,437,560,874,4
1,24434,280,438,560,876,4
1,24435,280,439,560,878,4
1,24436,280,440,560,880,4
1,24437,280,441,560,882,4
1,24438,280,442,560,884,4
1,24439,280,443,560,886,4
1,24440,280,444,560,888,4
1,24441,280,445,560,890,4
1,24442,280,446,560,892,4
1,24443,280,447,560,894,4
1,24444,280,493,560,987,2
1,24445,280,494,560,988,4
1,24446,280,495,560,990,4
1,24447,280,496,560,992,4
1,24448,280,497,560,994,4
1,24449,280,498,560,996,4
1,24450,280,499,560,998,2
1,24451,280,528,560,1057,1
1,24452,280,529,560,1058,4
1,24453,280,530,560,1060,4
1,24454,280,531,560,1062,4
1,24455,281,406,563,813,1
1,24456,281,407,562,815,3
1,24457,281,408,562,816,4
1,24458,281,409,562,818,4
1,24459,281,410,562,820,4
1,24460,281,411,562,822,4
1,24461,281,412,562,824,4
1,24462,281,413,562,826,2
1,24463,281,418,562,837,1
1,24464,281,419,562,838,4
1,24465,281,420,562,840,4
1,24466,281,421,562,842,4
1,24467,281,422,562,844,4
1,24468,281,423,562,846,4
1,24469,281,424,562,848,4
1,24470,281,425,562,850,4
1,24471,281,426,562,852,4
1,24472,281,427,562,854,4
1,24473,281,428,562,856,4
1,24474,281,429,562,858,4
1,24475,281,430,562,860,4
1,24476,281,431,562,862,4
1,24477,281,432,562,864,4
1,24478,281,433,562,866,4
1,24479,281,434,562,868,4
1,24480,281,435,562,870,4
1,24481,281,436,562,872,4
1,24482,281,437,562,874,4
1,24483,281,438,562,876,4
1,24484,281,439,562,878,4
1,24485,281,440,562,880,4
1,24486,281,441,562,882,4
1,24487,281,442,562,884,4
1,24488,281,443,562,886,4
1,24489,281,444,562,888,4
1,24490,281,445,562,890,4
1,24491,281,446,562,892,4
1,24492,281,447,562,894,4
1,24493,281,494,562,988,3
1,24494,281,495,562,990,4
1,24495,281,496,562,992,4
1,24496,281,497,562,994,4
1,24497,281,498,562,996,4
1,24498,281,499,562,998,3
1,24499,281,529,562,1058,4
1,24500,281,530,562,1060,4
1,24501,281,531,562,1062,4
1,24502,281,532,563,1064,1
1,24503,282,407,564,814,3
1,24504,282,408,564,816,4
1,24505,282,409,564,818,4
1,24506,282,410,564,820,4
1,24507,282,411,564,822,4
1,24508,282,412,564,824,4
1,24509,282,419,564,838,4
1,24510,282,420,564,840,4
1,24511,282,421,564,842,4
1,24512,282,422,564,844,4
1,24513,282,423,564,846,4
1,24514,282,424,564,848,4
1,24515,282,425,564,850,4
1,24516,282,426,564,852,4
1,24517,282,427,564,854,4
1,24518,282,428,564,856,4
1,24519,282,429,564,858,4
1,24520,282,430,564,860,4
1,24521,282,431,564,862,4
1,24522,282,432,564,864,4
1,24523,282,433,564,866,4
1,24524,282,434,564,868,4
1,24525,282,435,564,870,4
1,24526,282,436,564,872,4
1,24527,282,437,564,874,4
1,24528,282,438,564,876,4
1,24529,282,439,564,878,4
1,24530,282,440,564,880,4
1,24531,282,441,564,882,4
1,24532,282,442,564,884,4
1,24533,282,443,564,886,4
1,24534,282,444,564,888,4
1,24535,282,445,564,890,4
1,24536,282,446,564,892,3
1,24537,282,447,564,894,2
1,24538,282,448,564,896,3
1,24539,282,449,564,898,3
1,24540,282,494,564,989,2
1,24541,282,495,564,990,4
1,24542,282,496,564,992,4
1,24543,282,497,564,994,4
1,24544,282,498,564,996,4
1,24545,282,499,564,998,4
1,24546,282,500,564,1000,4
1,24547,282,501,565,1002,1
1,24548,282,529,564,1058,2
1,24549,282,530,564,1060,4
1,24550,282,531,564,1062,4
1,24551,282,532,564,1064,4
1,24552,282,533,565,1066,1
1,24553,282,539,565,1078,2
1,24554,282,540,565,1080,2
1,24555,282,541,564,1082,4
1,24556,282,542,564,1084,4
1,24557,282,543,564,1086,3
1,24558,282,544,565,1088,2
1,24559,282,545,565,1090,1
1,24560,283,408,566,816,3
1,24561,283,409,566,818,4
1,24562,283,410,566,820,3
1,24563,283,411,566,822,2
1,24564,283,412,566,824,1
1,24565,283,420,566,840,2
1,24566,283,421,566,842,4
1,24567,283,422,566,844,4
1,24568,283,423,566,846,4
1,24569,283,424,566,848,4
1,24570,283,425,566,850,4
1,24571,283,426,566,852,4
1,24572,283,427,566,854,4
1,24573,283,428,566,856,4
1,24574,283,429,566,858,4
1,24575,283,430,566,860,4
1,24576,283,431,566,862,4
1,24577,283,432,566,864,4
1,24578,283,433,566,866,4
1,24579,283,434,566,868,4
1,24580,283,435,566,870,4
1,24581,283,436,566,872,4
1,24582,283,437,566,874,4
1,24583,283,438,566,876,4
1,24584,283,439,566,878,4
1,24585,283,440,566,880,4
1,24586,283,441,566,882,4
1,24587,283,442,566,884,4
1,24588,283,443,566,886,2
1,24589,283,444,566,888,2
1,24590,283,445,566,890,2
1,24591,283,446,566,892,1
1,24592,283,448,566,897,2
1,24593,283,449,566,898,3
1,24594,283,494,566,989,2
1,24595,283,495,566,990,4
1,24596,283,496,566,992,4
1,24597,283,497,566,994,4
1,24598,283,498,566,996,4
1,24599,283,499,566,998,4
1,24600,283,500,566,1000,4
1,24601,283,501,566,1002,2
1,24602,283,531,566,1062,3
1,24603,283,532,566,1064,4
1,24604,283,533,566,1066,4
1,24605,283,534,566,1068,3
1,24606,283,535,567,1070,2
1,24607,283,537,567,1075,1
1,24608,283,538,566,1076,4
1,24609,283,539,566,1078,4
1,24610,283,540,566,1080,4
1,24611,283,541,566,1082,4
1,24612,283,542,566,1084,4
1,24613,283,543,566,1086,4
1,24614,283,544,566,1088,4
1,24615,283,545,566,1090,4
1,24616,283,546,566,1092,1
1,24617,284,410,568,820,1
1,24618,284,421,568,842,4
1,24619,284,422,568,844,4
1,24620,284,423,568,846,4
1,24621,284,424,568,848,4
1,24622,284,425,568,850,4
1,24623,284,426,568,852,4
1,24624,284,427,568,854,4
1,24625,284,428,568,856,4
1,24626,284,429,568,858,4
1,24627,284,430,568,860,4
1,24628,284,431,568,862,4
1,24629,284,432,568,864,4
1,24630,284,433,568,866,4
1,24631,284,434,568,868,4
1,24632,284,435,568,870,4
1,24633,284,436,568,872,4
1,24634,284,437,568,874,4
1,24635,284,438,568,876,4
1,24636,284,439,568,878,4
1,24637,284,440,568,880,4
1,24638,284,441,568,882,4
1,24639,284,442,568,884,4
1,24640,284,493,569,987,1
1,24641,284,494,568,988,4
1,24642,284,495,568,990,4
1,24643,284,496,568,992,4
1,24644,284,497,568,994,4
1,24645,284,498,568,996,4
1,24646,284,499,568,998,4
1,24647,284,500,568,1000,4
1,24648,284,501,568,1002,2
1,24649,284,532,568,1065,1
1,24650,284,533,568,1066,4
1,24651,284,534,568,1068,4
1,24652,284,535,568,1070,4
1,24653,284,536,568,1072,4
1,24654,284,537,568,1074,4
1,24655,284,538,568,1076,4
1,24656,284,539,568,1078,4
1,24657,284,540,568,1080,4
1,24658,284,541,568,1082,4
1,24659,284,542,568,1084,4
1,24660,284,543,568,1086,4
1,24661,284,544,568,1088,4
1,24662,284,545,568,1090,4
1,24663,284,546,568,1092,2
1,24664,285,420,570,841,2
1,24665,285,421,570,842,4
1,24666,285,422,570,844,4
1,24667,285,423,570,846,4
1,24668,285,424,570,848,4
1,24669,285,425,570,850,4
1,24670,285,426,570,852,4
1,24671,285,427,570,854,4
1,24672,285,428,570,856,4
1,24673,285,429,570,858,4
1,24674,285,430,570,860,4
1,24675,285,431,570,862,4
1,24676,285,432,570,864,4
1,24677,285,433,570,866,4
1,24678,285,434,570,868,4
1,24679,285,435,570,870,4
1,24680,285,436,570,872,4
1,24681,285,437,570,874,4
1,24682,285,438,570,876,3
1,24683,285,439,570,878,2
1,24684,285,440,570,880,4
1,24685,285,441,570,882,4
1,24686,285,442,570,884,4
1,24687,285,470,570,941,2
1,24688,285,471,571,942,2
1,24689,285,472,571,944,2
1,24690,285,473,571,946,2
1,24691,285,474,571,948,2
1,24692,285,475,571,950,2
1,24693,285,476,571,952,2
1,24694,285,488,571,977,1
1,24695,285,489,570,978,4
1,24696,285,490,571,980,2
1,24697,285,491,571,982,2
1,24698,285,492,571,984,2
1,24699,285,493,570,987,3
1,24700,285,494,570,988,4
1,24701,285,495,570,990,4
1,24702,285,496,570,992,3
1,24703,285,497,570,994,1
1,24704,285,533,570,1066,3
1,24705,285,534,570,1068,4
1,24706,285,535,570,1070,4
1,24707,285,536,570,1072,4
1,24708,285,537,570,1074,4
1,24709,285,538,570,1076,4
1,24710,285,539,570,1078,4
1,24711,285,540,570,1080,4
1,24712,285,541,570,1082,4
1,24713,285,542,570,1084,4
1,24714,285,543,570,1086,4
1,24715,285,544,570,1088,4
1,24716,285,545,570,1090,4
1,24717,285,546,570,1092,4
1,24718,285,547,571,1094,1
1,24719,286,412,572,825,2
1,24720,286,413,572,826,4
1,24721,286,414,573,828,2
1,24722,286,415,573,830,2
1,24723,286,419,572,839,3
1,24724,286,420,572,841,3
1,24725,286,421,572,842,4
1,24726,286,422,572,844,4
1,24727,286,423,572,846,4
1,24728,286,424,572,848,4
1,24729,286,425,572,850,4
1,24730,286,426,572,852,4
1,24731,286,427,572,854,4
1,24732,286,428,572,856,4
1,24733,286,429,572,858,4
1,24734,286,430,572,860,4
1,24735,286,431,572,862,4
1,24736,286,432,572,864,4
1,24737,286,433,572,866,4
1,24738,286,434,572,868,4
1,24739,286,435,572,870,4
1,24740,286,436,572,872,4
1,24741,286,437,572,874,4
1,24742,286,438,572,876,2
1,24743,286,439,573,879,1
1,24744,286,440,572,880,4
1,24745,286,441,572,882,4
1,24746,286,442,572,884,4
1,24747,286,443,572,886,4
1,24748,286,444,572,888,4
1,24749,286,445,572,890,2
1,24750,286,469,573,939,1
1,24751,286,470,572,940,4
1,24752,286,471,572,942,4
1,24753,286,472,572,944,4
1,24754,286,473,572,946,4
1,24755,286,474,572,948,4
1,24756,286,475,572,950,4
1,24757,286,476,572,952,4
1,24758,286,477,572,954,4
1,24759,286,478,572,956,4
1,24760,286,479,573,958,2
1,24761,286,483,573,966,2
1,24762,286,484,573,968,2
1,24763,286,485,573,970,2
1,24764,286,486,573,972,2
1,24765,286,487,572,975,3
1,24766,286,488,572,976,4
1,24767,286,489,572,978,4
1,24768,286,490,572,980,4
1,24769,286,491,572,982,4
1,24770,286,492,572,984,4
1,24771,286,493,572,986,4
1,24772,286,494,572,988,3
1,24773,286,495,572,990,1
1,24774,286,534,572,1068,3
1,24775,286,535,572,1070,4
1,24776,286,536,572,1072,4
1,24777,286,537,572,1074,4
1,24778,286,538,572,1076,4
1,24779,286,539,572,1078,4
1,24780,286,540,572,1080,4
1,24781,286,541,572,1082,4
1,24782,286,542,572,1084,4
1,24783,286,543,572,1086,4
1,24784,286,544,572,1088,4
1,24785,286,545,572,1090,4
1,24786,286,546,572,1092,4
1,24787,286,547,572,1094,4
1,24788,286,548,573,1096,1
1,24789,287,412,574,825,1
1,24790,287,413,574,826,2
1,24791,287,414,574,828,2
1,24792,287,415,574,830,4
1,24793,287,416,575,832,2
1,24794,287,417,574,834,4
1,24795,287,418,574,836,4
1,24796,287,419,574,838,4
1,24797,287,420,574,840,4
1,24798,287,421,574,842,4
1,24799,287,422,574,844,4
1,24800,287,423,574,846,4
1,24801,287,424,574,848,4
1,24802,287,425,574,850,4
1,24803,287,426,574,852,4
1,24804,287,427,574,854,4
1,24805,287,428,574,856,4
1,24806,287,429,574,858,4
1,24807,287,430,574,860,4
1,24808,287,431,574,862,4
1,24809,287,432,574,864,4
1,24810,287,433,574,866,4
1,24811,287,434,574,868,4
1,24812,287,435,574,870,4
1,24813,287,436,574,872,4
1,24814,287,437,574,874,4
1,24815,287,438,574,876,4
1,24816,287,439,574,878,4
1,24817,287,440,574,880,4
1,24818,287,441,574,882,4
1,24819,287,442,574,884,4
1,24820,287,443,574,886,2
1,24821,287,444,574,888,2
1,24822,287,445,574,890,1
1,24823,287,467,575,935,1
1,24824,287,468,575,936,2
1,24825,287,469,574,938,4
1,24826,287,470,574,940,4
1,24827,287,471,574,942,4
1,24828,287,472,574,944,4
1,24829,287,473,574,946,4
1,24830,287,474,574,948,4
1,24831,287,475,574,950,4
1,24832,287,476,574,952,4
1,24833,287,477,574,954,4
1,24834,287,478,574,956,4
1,24835,287,479,574,958,4
1,24836,287,480,574,960,4
1,24837,287,481,574,962,4
1,24838,287,482,574,964,4
1,24839,287,483,574,966,4
1,24840,287,484,574,968,4
1,24841,287,485,574,970,4
1,24842,287,486,574,972,4
1,24843,287,487,574,974,4
1,24844,287,488,574,976,4
1,24845,287,489,574,978,4
1,24846,287,490,574,980,4
1,24847,287,491,574,982,4
1,24848,287,492,574,984,4
1,24849,287,493,574,986,4
1,24850,287,494,574,988,1
1,24851,287,535,574,1070,4
1,24852,287,536,574,1072,4
1,24853,287,537,574,1074,4
1,24854,287,538,574,1076,4
1,24855,287,539,574,1078,4
1,24856,287,540,574,1080,4
1,24857,287,541,574,1082,4
1,24858,287,542,574,1084,4
1,24859,287,543,574,1086,4
1,24860,287,544,574,1088,4
1,24861,287,545,574,1090,4
1,24862,287,546,574,1092,4
1,24863,287,547,574,1094,4
1,24864,287,548,574,1096,2
1,24865,288,415,576,830,4
1,24866,288,416,576,832,4
1,24867,288,417,576,834,4
1,24868,288,418,576,836,4
1,24869,288,419,576,838,4
1,24870,288,420,576,840,4
1,24871,288,421,576,842,4
1,24872,288,422,576,844,4
1,24873,288,423,576,846,4
1,24874,288,424,576,848,4
1,24875,288,425,576,850,4
1,24876,288,426,576,852,4
1,24877,288,427,576,854,4
1,24878,288,428,576,856,4
1,24879,288,429,576,858,4
1,24880,288,430,576,860,4
1,24881,288,431,576,862,4
1,24882,288,432,576,864,4
1,24883,288,433,576,866,4
1,24884,288,434,576,868,4
1,24885,288,435,576,870,4
1,24886,288,436,576,872,4
1,24887,288,437,576,874,4
1,24888,288,438,576,876,4
1,24889,288,439,576,878,4
1,24890,288,440,576,880,4
1,24891,288,441,576,882,4
1,24892,288,442,576,884,4
1,24893,288,467,576,935,2
1,24894,288,468,576,936,4
1,24895,288,469,576,938,4
1,24896,288,470,576,940,4
1,24897,288,471,576,942,4
1,24898,288,472,576,944,4
1,24899,288,473,576,946,4
1,24900,288,474,576,948,4
1,24901,288,475,576,950,4
1,24902,288,476,576,952,4
1,24903,288,477,576,954,4
1,24904,288,478,576,956,4
1,24905,288,479,576,958,4
1,24906,288,480,576,960,4
1,24907,288,481,576,962,4
1,24908,288,482,576,964,4
1,24909,288,483,576,966,4
1,24910,288,484,576,968,4
1,24911,288,485,576,970,4
1,24912,288,486,576,972,4
1,24913,288,487,576,974,4
1,24914,288,488,576,976,4
1,24915,288,489,576,978,4
1,24916,288,490,576,980,4
1,24917,288,491,576,982,4
1,24918,288,492,576,984,4
1,24919,288,493,576,986,1
1,24920,288,535,576,1071,2
1,24921,288,536,576,1072,4
1,24922,288,537,576,1074,4
1,24923,288,538,576,1076,4
1,24924,288,539,576,1078,4
1,24925,288,540,576,1080,4
1,24926,288,541,576,1082,4
1,24927,288,542,576,1084,4
1,24928,288,543,576,1086,4
1,24929,288,544,576,1088,4
1,24930,288,545,576,1090,4
1,24931,288,546,576,1092,4
1,24932,288,547,576,1094,4
1,24933,288,548,576,1096,4
1,24934,288,549,577,1098,1
1,24935,289,408,579,816,2
1,24936,289,409,578,818,2
1,24937,289,415,578,830,4
1,24938,289,416,578,832,4
1,24939,289,417,578,834,4
1,24940,289,418,578,836,4
1,24941,289,419,578,838,4
1,24942,289,420,578,840,3
1,24943,289,421,578,842,2
1,24944,289,422,578,844,2
1,24945,289,423,578,846,2
1,24946,289,424,578,848,2
1,24947,289,425,578,850,3
1,24948,289,426,578,852,4
1,24949,289,427,578,854,4
1,24950,289,428,578,856,4
1,24951,289,429,578,858,4
1,24952,289,430,578,860,4
1,24953,289,431,578,862,4
1,24954,289,432,578,864,3
1,24955,289,433,578,866,2
1,24956,289,434,578,868,2
1,24957,289,435,578,870,2
1,24958,289,436,578,872,2
1,24959,289,437,578,874,3
1,24960,289,438,578,876,4
1,24961,289,439,578,878,4
1,24962,289,440,578,880,4
1,24963,289,441,578,882,4
1,24964,289,442,578,884,4
1,24965,289,449,579,898,2
1,24966,289,467,578,935,2
1,24967,289,468,578,936,4
1,24968,289,469,578,938,4
1,24969,289,470,578,940,4
1,24970,289,471,578,942,4
1,24971,289,472,578,944,4
1,24972,289,473,578,946,4
1,24973,289,474,578,948,4
1,24974,289,475,578,950,4
1,24975,289,476,578,952,4
1,24976,289,477,578,954,4
1,24977,289,478,578,956,4
1,24978,289,479,578,958,4
1,24979,289,480,578,960,4
1,24980,289,481,578,962,4
1,24981,289,482,578,964,4
1,24982,289,483,578,966,4
1,24983,289,484,578,968,4
1,24984,289,485,578,970,4
1,24985,289,486,578,972,4
1,24986,289,487,578,974,4
1,24987,289,488,578,976,4
1,24988,289,489,578,978,4
1,24989,289,490,578,980,4
1,24990,289,491,578,982,3
1,24991,289,536,578,1072,3
1,24992,289,537,578,1074,4
1,24993,289,538,578,1076,4
1,24994,289,539,578,1078,4
1,24995,289,540,578,1080,4
1,24996,289,541,578,1082,4
1,24997,289,542,578,1084,4
1,24998,289,543,578,1086,4
1,24999,289,544,578,1088,4
1,25000,289,545,578,1090,4
1,25001,289,546,578,1092,4
1,25002,289,547,578,1094,4
1,25003,289,548,578,1096,4
1,25004,289,549,578,1098,4
1,25005,289,550,579,1100,2
1,25006,289,551,579,1102,1
1,25007,290,407,580,815,3
1,25008,290,408,580,816,4
1,25009,290,409,580,818,2
1,25010,290,412,580,824,4
1,25011,290,413,580,826,4
1,25012,290,414,580,828,4
1,25013,290,415,580,830,4
1,25014,290,416,580,832,4
1,25015,290,417,580,834,4
1,25016,290,418,580,836,4
1,25017,290,419,580,838,4
1,25018,290,426,580,852,3
1,25019,290,427,580,854,4
1,25020,290,428,580,856,4
1,25021,290,429,580,858,4
1,25022,290,430,580,860,4
1,25023,290,431,580,862,4
1,25024,290,438,580,876,3
1,25025,290,439,580,878,4
1,25026,290,440,580,880,4
1,25027,290,441,580,882,4
1,25028,290,442,580,884,4
1,25029,290,443,580,886,4
1,25030,290,444,580,888,4
1,25031,290,445,580,890,4
1,25032,290,446,580,892,4
1,25033,290,447,581,894,2
1,25034,290,448,581,896,2
1,25035,290,449,580,898,4
1,25036,290,450,580,900,1
1,25037,290,467,580,935,3
1,25038,290,468,580,936,4
1,25039,290,469,580,938,4
1,25040,290,470,580,940,4
1,25041,290,471,580,942,4
1,25042,290,472,580,944,4
1,25043,290,473,580,946,4
1,25044,290,474,580,948,4
1,25045,290,475,580,950,4
1,25046,290,476,580,952,4
1,25047,290,477,580,954,4
1,25048,290,478,580,956,4
1,25049,290,479,580,958,4
1,25050,290,480,580,960,4
1,25051,290,481,580,962,4
1,25052,290,482,580,964,4
1,25053,290,483,580,966,3
1,25054,290,484,580,968,2
1,25055,290,485,580,970,2
1,25056,290,486,580,972,3
1,25057,290,487,580,974,4
1,25058,290,488,580,976,4
1,25059,290,489,580,978,4
1,25060,290,490,580,980,3
1,25061,290,537,580,1074,2
1,25062,290,538,580,1076,2
1,25063,290,539,580,1078,3
1,25064,290,540,580,1080,4
1,25065,290,541,580,1082,4
1,25066,290,542,580,1084,2
1,25067,290,543,580,1086,2
1,25068,290,544,580,1088,2
1,25069,290,545,580,1090,3
1,25070,290,546,580,1092,4
1,25071,290,547,580,1094,4
1,25072,290,548,580,1096,4
1,25073,290,549,580,1098,4
1,25074,290,550,580,1100,4
1,25075,290,551,580,1102,4
1,25076,290,552,580,1104,3
1,25077,290,553,581,1106,1
1,25078,291,407,582,814,1
1,25079,291,408,582,817,1
1,25080,291,409,582,818,2
1,25081,291,410,582,820,4
1,25082,291,411,582,822,4
1,25083,291,412,582,824,4
1,25084,291,413,582,826,4
1,25085,291,414,582,828,4
1,25086,291,415,582,830,4
1,25087,291,416,582,832,4
1,25088,291,417,582,834,4
1,25089,291,418,582,836,4
1,25090,291,419,582,838,4
1,25091,291,426,582,853,2
1,25092,291,427,582,854,4
1,25093,291,428,582,856,4
1,25094,291,429,582,858,4
1,25095,291,430,582,860,4
1,25096,291,431,582,862,4
1,25097,291,438,582,877,2
1,25098,291,439,582,878,4
1,25099,291,440,582,880,4
1,25100,291,441,582,882,4
1,25101,291,442,582,884,4
1,25102,291,443,582,886,4
1,25103,291,444,582,888,4
1,25104,291,445,582,890,4
1,25105,291,446,582,892,4
1,25106,291,447,582,894,4
1,25107,291,466,583,933,1
1,25108,291,467,582,934,4
1,25109,291,468,582,936,4
1,25110,291,469,582,938,4
1,25111,291,470,582,940,4
1,25112,291,471,582,942,4
1,25113,291,472,582,944,4
1,25114,291,473,582,946,4
1,25115,291,474,582,948,4
1,25116,291,475,582,950,4
1,25117,291,476,582,952,4
1,25118,291,477,582,954,4
1,25119,291,478,582,956,4
1,25120,291,479,582,958,4
1,25121,291,480,582,960,3
1,25122,291,481,582,962,2
1,25123,291,482,582,964,1
1,25124,291,490,582,980,1
1,25125,291,547,582,1094,2
1,25126,291,548,582,1096,3
1,25127,291,549,582,1098,4
1,25128,291,550,582,1100,4
1,25129,291,551,582,1102,4
1,25130,291,552,582,1104,4
1,25131,291,553,582,1106,4
1,25132,291,554,583,1108,1
1,25133,292,410,584,820,4
1,25134,292,411,584,822,4
1,25135,292,412,584,824,4
1,25136,292,413,584,826,4
1,25137,292,414,584,828,4
1,25138,292,415,584,830,4
1,25139,292,416,584,832,4
1,25140,292,417,584,834,4
1,25141,292,418,584,836,4
1,25142,292,419,584,838,4
1,25143,292,426,584,852,4
1,25144,292,427,584,854,4
1,25145,292,428,584,856,4
1,25146,292,429,584,858,4
1,25147,292,430,584,860,4
1,25148,292,431,584,862,4
1,25149,292,438,584,876,4
1,25150,292,439,584,878,4
1,25151,292,440,584,880,4
1,25152,292,441,584,882,4
1,25153,292,442,584,884,4
1,25154,292,443,584,886,4
1,25155,292,444,584,888,4
1,25156,292,445,584,890,4
1,25157,292,446,584,892,4
1,25158,292,447,584,894,4
1,25159,292,466,584,932,3
1,25160,292,467,584,934,3
1,25161,292,468,584,936,4
1,25162,292,469,584,938,4
1,25163,292,470,584,940,4
1,25164,292,471,584,942,4
1,25165,292,472,584,944,4
1,25166,292,473,584,946,4
1,25167,292,474,584,948,4
1,25168,292,475,584,950,4
1,25169,292,476,584,952,3
1,25170,292,477,584,954,2
1,25171,292,478,584,956,1
1,25172,292,549,584,1098,2
1,25173,292,550,584,1100,4
1,25174,292,551,584,1102,4
1,25175,292,552,584,1104,4
1,25176,292,553,584,1106,4
1,25177,292,554,584,1108,3
1,25178,293,410,586,820,2
1,25179,293,411,586,822,4
1,25180,293,412,586,824,4
1,25181,293,413,586,826,4
1,25182,293,414,586,828,4
1,25183,293,415,586,830,4
1,25184,293,416,586,832,4
1,25185,293,417,586,834,4
1,25186,293,418,586,836,4
1,25187,293,419,586,838,3
1,25188,293,426,586,852,4
1,25189,293,427,586,854,4
1,25190,293,428,586,856,4
1,25191,293,429,586,858,4
1,25192,293,430,586,860,3
1,25193,293,431,586,862,1
1,25194,293,438,586,876,4
1,25195,293,439,586,878,4
1,25196,293,440,586,880,4
1,25197,293,441,586,882,4
1,25198,293,442,586,884,4
1,25199,293,443,586,886,4
1,25200,293,444,586,888,4
1,25201,293,445,586,890,4
1,25202,293,446,586,892,4
1,25203,293,447,586,894,4
1,25204,293,469,586,939,1
1,25205,293,470,586,940,4
1,25206,293,471,586,942,4
1,25207,293,472,586,944,4
1,25208,293,473,586,946,4
1,25209,293,474,586,948,4
1,25210,293,475,586,950,3
1,25211,293,551,586,1102,3
1,25212,293,552,586,1104,4
1,25213,293,553,586,1106,4
1,25214,293,554,586,1108,4
1,25215,293,555,586,1110,3
1,25216,294,411,588,822,4
1,25217,294,412,588,824,4
1,25218,294,413,588,826,4
1,25219,294,414,588,828,4
1,25220,294,415,588,830,4
1,25221,294,416,588,832,4
1,25222,294,417,588,834,4
1,25223,294,418,588,836,4
1,25224,294,419,588,838,3
1,25225,294,426,588,852,4
1,25226,294,427,588,854,4
1,25227,294,428,588,856,4
1,25228,294,429,588,858,4
1,25229,294,430,588,860,3
1,25230,294,438,588,876,4
1,25231,294,439,588,878,4
1,25232,294,440,588,880,4
1,25233,294,441,588,882,4
1,25234,294,442,588,884,4
1,25235,294,443,588,886,4
1,25236,294,444,588,888,4
1,25237,294,445,588,890,4
1,25238,294,446,588,892,3
1,25239,294,447,588,894,2
1,25240,294,448,588,896,3
1,25241,294,449,588,898,3
1,25242,294,470,588,941,1
1,25243,294,471,588,942,4
1,25244,294,472,588,944,4
1,25245,294,473,588,946,4
1,25246,294,474,588,948,4
1,25247,294,552,588,1104,3
1,25248,294,553,588,1106,4
1,25249,294,554,588,1108,4
1,25250,294,555,588,1110,4
1,25251,294,556,588,1112,4
1,25252,294,557,589,1114,1
1,25253,295,412,590,824,2
1,25254,295,413,590,826,2
1,25255,295,414,590,828,2
1,25256,295,415,590,830,4
1,25257,295,416,590,832,4
1,25258,295,417,590,834,4
1,25259,295,418,590,836,4
1,25260,295,419,590,838,4
1,25261,295,420,591,840,2
1,25262,295,425,591,851,1
1,25263,295,426,590,852,3
1,25264,295,427,590,854,2
1,25265,295,428,590,856,4
1,25266,295,429,590,858,4
1,25267,295,430,590,860,4
1,25268,295,434,591,869,1
1,25269,295,435,591,870,1
1,25270,295,437,591,875,1
1,25271,295,438,590,876,4
1,25272,295,439,590,878,4
1,25273,295,440,590,880,4
1,25274,295,441,590,882,4
1,25275,295,442,590,884,4
1,25276,295,443,590,886,2
1,25277,295,444,590,888,2
1,25278,295,445,590,890,2
1,25279,295,446,590,892,1
1,25280,295,448,590,897,2
1,25281,295,449,590,898,3
1,25282,295,471,590,943,2
1,25283,295,472,590,944,4
1,25284,295,473,590,946,4
1,25285,295,474,590,948,3
1,25286,295,553,590,1106,3
1,25287,295,554,590,1108,4
1,25288,295,555,590,1110,4
1,25289,295,556,590,1112,4
1,25290,295,557,590,1114,4
1,25291,295,558,591,1116,1
1,25292,295,569,590,1139,2
1,25293,295,570,590,1140,4
1,25294,295,571,591,1142,1
1,25295,296,415,592,830,3
1,25296,296,416,592,832,4
1,25297,296,417,592,834,4
1,25298,296,418,592,836,4
1,25299,296,419,592,838,4
1,25300,296,420,592,840,4
1,25301,296,421,592,842,4
1,25302,296,422,592,844,4
1,25303,296,428,592,857,2
1,25304,296,429,592,858,4
1,25305,296,430,592,860,4
1,25306,296,431,593,862,1
1,25307,296,434,592,868,4
1,25308,296,435,592,870,4
1,25309,296,436,592,872,4
1,25310,296,437,592,874,4
1,25311,296,438,592,876,4
1,25312,296,439,592,878,4
1,25313,296,440,592,880,4
1,25314,296,441,592,882,4
1,25315,296,442,592,884,4
1,25316,296,471,592,943,1
1,25317,296,472,592,944,4
1,25318,296,473,592,946,4
1,25319,296,474,592,948,2
1,25320,296,554,592,1108,3
1,25321,296,555,592,1110,4
1,25322,296,556,592,1112,4
1,25323,296,557,592,1114,4
1,25324,296,558,592,1116,4
1,25325,296,559,593,1118,1
1,25326,296,562,593,1124,1
1,25327,296,567,593,1134,2
1,25328,296,568,592,1136,4
1,25329,296,569,592,1138,4
1,25330,296,570,592,1140,4
1,25331,296,571,592,1142,4
1,25332,297,415,594,831,2
1,25333,297,416,594,832,4
1,25334,297,417,594,834,4
1,25335,297,418,594,836,4
1,25336,297,419,594,838,4
1,25337,297,420,594,840,4
1,25338,297,421,594,842,4
1,25339,297,422,594,844,4
1,25340,297,423,595,846,1
1,25341,297,428,594,857,1
1,25342,297,429,594,858,4
1,25343,297,430,594,860,4
1,25344,297,431,594,862,3
1,25345,297,432,594,864,4
1,25346,297,433,594,866,4
1,25347,297,434,594,868,4
1,25348,297,435,594,870,4
1,25349,297,436,594,872,4
1,25350,297,437,594,874,4
1,25351,297,438,594,876,4
1,25352,297,439,594,878,4
1,25353,297,440,594,880,4
1,25354,297,441,594,882,4
1,25355,297,442,594,884,2
1,25356,297,472,594,944,4
1,25357,297,473,594,946,4
1,25358,297,554,594,1109,2
1,25359,297,555,594,1110,4
1,25360,297,556,594,1112,4
1,25361,297,557,594,1114,4
1,25362,297,558,594,1116,4
1,25363,297,559,594,1118,4
1,25364,297,560,594,1120,4
1,25365,297,561,594,1122,4
1,25366,297,562,594,1124,3
1,25367,297,567,594,1135,3
1,25368,297,568,594,1136,4
1,25369,297,569,594,1138,4
1,25370,297,570,594,1140,4
1,25371,297,571,594,1142,2
1,25372,298,415,596,831,2
1,25373,298,416,596,832,4
1,25374,298,417,596,834,4
1,25375,298,418,596,836,4
1,25376,298,419,596,838,4
1,25377,298,420,596,840,4
1,25378,298,421,596,842,4
1,25379,298,422,596,844,4
1,25380,298,423,596,846,4
1,25381,298,424,596,848,3
1,25382,298,427,597,854,2
1,25383,298,428,596,856,4
1,25384,298,429,596,858,4
1,25385,298,430,596,860,4
1,25386,298,431,596,862,4
1,25387,298,432,596,864,4
1,25388,298,433,596,866,4
1,25389,298,434,596,868,4
1,25390,298,435,596,870,4
1,25391,298,436,596,872,4
1,25392,298,437,596,874,4
1,25393,298,438,596,876,4
1,25394,298,439,596,878,4
1,25395,298,440,596,880,4
1,25396,298,441,596,882,4
1,25397,298,442,596,884,2
1,25398,298,472,596,944,3
1,25399,298,473,596,946,4
1,25400,298,555,596,1110,4
1,25401,298,556,596,1112,4
1,25402,298,557,596,1114,4
1,25403,298,558,596,1116,4
1,25404,298,559,596,1118,4
1,25405,298,560,596,1120,4
1,25406,298,561,596,1122,4
1,25407,298,562,596,1124,4
1,25408,298,567,596,1134,4
1,25409,298,568,596,1136,4
1,25410,298,569,596,1138,4
1,25411,298,570,596,1140,4
1,25412,298,571,596,1142,1
1,25413,299,415,598,831,2
1,25414,299,416,598,832,4
1,25415,299,417,598,834,4
1,25416,299,418,598,836,4
1,25417,299,419,598,838,4
1,25418,299,420,598,840,4
1,25419,299,421,598,842,4
1,25420,299,422,598,844,4
1,25421,299,423,598,846,4
1,25422,299,424,598,848,4
1,25423,299,425,599,850,2
1,25424,299,426,598,852,4
1,25425,299,427,598,854,4
1,25426,299,428,598,856,4
1,25427,299,429,598,858,4
1,25428,299,430,598,860,4
1,25429,299,431,598,862,4
1,25430,299,432,598,864,4
1,25431,299,433,598,866,4
1,25432,299,434,598,868,4
1,25433,299,435,598,870,4
1,25434,299,436,598,872,4
1,25435,299,437,598,874,4
1,25436,299,438,598,876,4
1,25437,299,439,598,878,4
1,25438,299,440,598,880,4
1,25439,299,441,598,882,4
1,25440,299,442,598,884,2
1,25441,299,472,598,944,4
1,25442,299,473,598,946,4
1,25443,299,555,598,1111,2
1,25444,299,556,598,1112,4
1,25445,299,557,598,1114,4
1,25446,299,558,598,1116,4
1,25447,299,559,598,1118,4
1,25448,299,560,598,1120,4
1,25449,299,561,598,1122,4
1,25450,299,562,598,1124,4
1,25451,299,563,599,1126,2
1,25452,299,565,598,1131,3
1,25453,299,566,598,1132,4
1,25454,299,567,598,1134,4
1,25455,299,568,598,1136,1
1,25456,300,415,600,831,3
1,25457,300,416,600,832,4
1,25458,300,417,600,834,4
1,25459,300,418,600,836,4
1,25460,300,419,600,838,4
1,25461,300,420,600,840,4
1,25462,300,421,600,842,4
1,25463,300,422,600,844,4
1,25464,300,423,600,846,4
1,25465,300,424,600,848,4
1,25466,300,425,600,850,4
1,25467,300,426,600,852,4
1,25468,300,427,600,854,4
1,25469,300,428,600,856,4
1,25470,300,429,600,858,4
1,25471,300,430,600,860,4
1,25472,300,431,600,862,4
1,25473,300,432,600,864,4
1,25474,300,433,600,866,4
1,25475,300,434,600,868,4
1,25476,300,435,600,870,4
1,25477,300,436,600,872,4
1,25478,300,437,600,874,4
1,25479,300,438,600,876,4
1,25480,300,439,600,878,4
1,25481,300,440,600,880,4
1,25482,300,441,600,882,4
1,25483,300,442,600,884,3
1,25484,300,471,601,943,1
1,25485,300,472,600,944,4
1,25486,300,473,600,946,4
1,25487,300,555,600,1111,2
1,25488,300,556,600,1112,4
1,25489,300,557,600,1114,4
1,25490,300,558,600,1116,4
1,25491,300,559,600,1118,4
1,25492,300,560,600,1120,4
1,25493,300,561,600,1122,4
1,25494,300,562,600,1124,4
1,25495,300,563,600,1126,4
1,25496,300,564,600,1128,4
1,25497,300,565,600,1130,4
1,25498,300,566,600,1132,4
1,25499,300,567,600,1134,4
1,25500,301,408,603,816,2
1,25501,301,409,602,818,2
1,25502,301,415,602,830,4
1,25503,301,416,602,832,4
1,25504,301,417,602,834,4
1,25505,301,418,602,836,4
1,25506,301,419,602,838,4
1,25507,301,420,602,840,4
1,25508,301,421,602,842,4
1,25509,301,422,602,844,4
1,25510,301,423,602,846,4
1,25511,301,424,602,848,4
1,25512,301,425,602,850,4
1,25513,301,426,602,852,4
1,25514,301,427,602,854,4
1,25515,301,428,602,856,4
1,25516,301,429,602,858,4
1,25517,301,430,602,860,4
1,25518,301,431,602,862,4
1,25519,301,432,602,864,4
1,25520,301,433,602,866,4
1,25521,301,434,602,868,4
1,25522,301,435,602,870,4
1,25523,301,436,602,872,4
1,25524,301,437,602,874,4
1,25525,301,438,602,876,4
1,25526,301,439,602,878,4
1,25527,301,440,602,880,4
1,25528,301,441,602,882,4
1,25529,301,442,602,884,4
1,25530,301,447,602,895,2
1,25531,301,448,602,896,4
1,25532,301,449,602,898,4
1,25533,301,450,602,900,4
1,25534,301,451,602,902,4
1,25535,301,452,602,904,4
1,25536,301,453,602,906,4
1,25537,301,454,602,908,4
1,25538,301,455,602,910,4
1,25539,301,456,602,912,4
1,25540,301,457,602,914,4
1,25541,301,458,602,916,4
1,25542,301,459,602,918,4
1,25543,301,460,602,920,4
1,25544,301,461,602,922,4
1,25545,301,462,602,924,4
1,25546,301,463,602,926,4
1,25547,301,464,602,928,4
1,25548,301,465,602,930,4
1,25549,301,466,602,932,4
1,25550,301,467,602,934,4
1,25551,301,468,602,936,4
1,25552,301,469,602,938,4
1,25553,301,470,603,940,2
1,25554,301,471,602,942,4
1,25555,301,472,602,944,4
1,25556,301,473,602,946,4
1,25557,301,474,602,948,3
1,25558,301,555,602,1111,2
1,25559,301,556,602,1112,4
1,25560,301,557,602,1114,4
1,25561,301,558,602,1116,4
1,25562,301,559,602,1118,4
1,25563,301,560,602,1120,4
1,25564,301,561,602,1122,4
1,25565,301,562,602,1124,4
1,25566,301,563,602,1126,4
1,25567,301,564,602,1128,4
1,25568,301,565,602,1130,4
1,25569,301,566,602,1132,4
1,25570,301,567,602,1134,4
1,25571,301,568,602,1136,3
1,25572,301,570,603,1141,1
1,25573,301,571,602,1142,3
1,25574,302,408,604,817,1
1,25575,302,409,604,818,2
1,25576,302,410,604,820,4
1,25577,302,411,604,822,4
1,25578,302,412,604,824,4
1,25579,302,413,604,826,4
1,25580,302,414,604,828,4
1,25581,302,415,604,830,4
1,25582,302,416,604,832,4
1,25583,302,417,604,834,4
1,25584,302,418,604,836,4
1,25585,302,419,604,838,4
1,25586,302,420,604,840,4
1,25587,302,421,604,842,4
1,25588,302,422,604,844,4
1,25589,302,423,604,846,4
1,25590,302,424,604,848,4
1,25591,302,425,604,850,4
1,25592,302,426,604,852,4
1,25593,302,427,604,854,4
1,25594,302,428,604,856,4
1,25595,302,429,604,858,4
1,25596,302,430,604,860,4
1,25597,302,431,604,862,4
1,25598,302,432,604,864,4
1,25599,302,433,604,866,4
1,25600,302,434,604,868,4
1,25601,302,435,604,870,4
1,25602,302,436,604,872,4
1,25603,302,437,604,874,4
1,25604,302,438,604,876,4
1,25605,302,439,604,878,4
1,25606,302,440,604,880,4
1,25607,302,441,604,882,4
1,25608,302,442,604,884,4
1,25609,302,443,604,886,4
1,25610,302,444,604,888,4
1,25611,302,445,604,890,4
1,25612,302,448,604,896,4
1,25613,302,449,604,898,4
1,25614,302,450,604,900,4
1,25615,302,451,604,902,4
1,25616,302,452,604,904,4
1,25617,302,453,604,906,4
1,25618,302,454,604,908,4
1,25619,302,455,604,910,4
1,25620,302,456,604,912,4
1,25621,302,457,604,914,4
1,25622,302,458,604,916,4
1,25623,302,459,604,918,4
1,25624,302,460,604,920,4
1,25625,302,461,604,922,4
1,25626,302,462,604,924,4
1,25627,302,463,604,926,4
1,25628,302,464,604,928,4
1,25629,302,465,604,930,4
1,25630,302,466,604,932,4
1,25631,302,467,604,934,4
1,25632,302,468,604,936,4
1,25633,302,469,604,938,4
1,25634,302,470,604,940,4
1,25635,302,471,604,942,4
1,25636,302,472,604,944,4
1,25637,302,473,604,946,4
1,25638,302,474,604,948,4
1,25639,302,475,605,950,2
1,25640,302,476,605,952,2
1,25641,302,477,605,954,2
1,25642,302,478,605,956,2
1,25643,302,479,604,958,2
1,25644,302,555,604,1111,3
1,25645,302,556,604,1112,4
1,25646,302,557,604,1114,4
1,25647,302,558,604,1116,2
1,25648,302,559,604,1118,4
1,25649,302,560,604,1120,4
1,25650,302,561,604,1122,4
1,25651,302,562,604,1124,4
1,25652,302,563,604,1126,4
1,25653,302,564,604,1128,4
1,25654,302,565,604,1130,4
1,25655,302,566,604,1132,4
1,25656,302,567,604,1134,4
1,25657,302,568,604,1136,4
1,25658,302,569,604,1138,4
1,25659,302,570,604,1140,4
1,25660,302,571,604,1142,4
1,25661,302,572,605,1144,1
1,25662,303,410,606,821,2
1,25663,303,411,606,822,4
1,25664,303,412,606,824,4
1,25665,303,413,606,826,4
1,25666,303,414,606,828,4
1,25667,303,415,606,830,4
1,25668,303,416,606,832,4
1,25669,303,417,606,834,4
1,25670,303,418,606,836,4
1,25671,303,419,606,838,4
1,25672,303,420,606,840,4
1,25673,303,421,606,842,4
1,25674,303,422,606,844,4
1,25675,303,423,606,846,4
1,25676,303,424,606,848,4
1,25677,303,425,606,850,4
1,25678,303,426,606,852,4
1,25679,303,427,606,854,4
1,25680,303,428,606,856,4
1,25681,303,429,606,858,4
1,25682,303,430,606,860,4
1,25683,303,431,606,862,4
1,25684,303,432,606,864,4
1,25685,303,433,606,866,4
1,25686,303,434,606,868,4
1,25687,303,435,606,870,4
1,25688,303,436,606,872,4
1,25689,303,437,606,874,4
1,25690,303,438,606,876,4
1,25691,303,439,606,878,4
1,25692,303,440,606,880,4
1,25693,303,441,606,882,4
1,25694,303,442,606,884,4
1,25695,303,443,606,886,4
1,25696,303,444,606,888,4
1,25697,303,445,606,890,4
1,25698,303,448,606,896,4
1,25699,303,449,606,898,4
1,25700,303,450,606,900,4
1,25701,303,451,606,902,4
1,25702,303,452,606,904,4
1,25703,303,453,606,906,4
1,25704,303,454,606,908,4
1,25705,303,455,606,910,4
1,25706,303,456,606,912,4
1,25707,303,457,606,914,4
1,25708,303,458,606,916,4
1,25709,303,459,606,918,4
1,25710,303,460,606,920,4
1,25711,303,461,606,922,4
1,25712,303,462,606,924,4
1,25713,303,463,606,926,4
1,25714,303,464,606,928,4
1,25715,303,465,606,930,4
1,25716,303,466,606,932,4
1,25717,303,467,606,934,4
1,25718,303,468,606,936,4
1,25719,303,469,606,938,4
1,25720,303,470,606,940,4
1,25721,303,471,606,942,4
1,25722,303,472,606,944,4
1,25723,303,473,606,946,4
1,25724,303,474,606,948,4
1,25725,303,475,606,950,4
1,25726,303,476,606,952,4
1,25727,303,477,606,954,4
1,25728,303,478,606,956,2
1,25729,303,479,606,958,1
1,25730,303,555,606,1110,4
1,25731,303,556,606,1112,4
1,25732,303,557,606,1114,1
1,25733,303,559,606,1119,2
1,25734,303,560,606,1120,4
1,25735,303,561,606,1122,4
1,25736,303,562,606,1124,4
1,25737,303,563,606,1126,4
1,25738,303,564,606,1128,4
1,25739,303,565,606,1130,4
1,25740,303,566,606,1132,4
1,25741,303,567,606,1134,4
1,25742,303,568,606,1136,4
1,25743,303,569,606,1138,4
1,25744,303,570,606,1140,4
1,25745,303,571,606,1142,4
1,25746,303,572,606,1144,3
1,25747,304,410,608,821,2
1,25748,304,411,608,822,4
1,25749,304,412,608,824,4
1,25750,304,413,608,826,4
1,25751,304,414,608,828,4
1,25752,304,415,608,830,4
1,25753,304,416,608,832,4
1,25754,304,417,608,834,4
1,25755,304,418,608,836,4
1,25756,304,419,608,838,4
1,25757,304,420,608,840,4
1,25758,304,421,608,842,4
1,25759,304,422,608,844,4
1,25760,304,423,608,846,4
1,25761,304,424,608,848,4
1,25762,304,425,608,850,4
1,25763,304,426,608,852,4
1,25764,304,427,608,854,4
1,25765,304,428,608,856,4
1,25766,304,429,608,858,4
1,25767,304,430,608,860,4
1,25768,304,431,608,862,4
1,25769,304,432,608,864,4
1,25770,304,433,608,866,4
1,25771,304,434,608,868,4
1,25772,304,435,608,870,4
1,25773,304,436,608,872,4
1,25774,304,437,608,874,4
1,25775,304,438,608,876,4
1,25776,304,439,608,878,4
1,25777,304,440,608,880,4
1,25778,304,441,608,882,4
1,25779,304,442,608,884,4
1,25780,304,443,608,886,4
1,25781,304,444,608,888,4
1,25782,304,445,608,890,4
1,25783,304,446,608,892,4
1,25784,304,447,608,894,4
1,25785,304,448,608,896,4
1,25786,304,449,608,898,4
1,25787,304,450,608,900,4
1,25788,304,451,608,902,4
1,25789,304,452,608,904,4
1,25790,304,453,608,906,4
1,25791,304,454,608,908,4
1,25792,304,455,608,910,4
1,25793,304,456,608,912,4
1,25794,304,457,608,914,4
1,25795,304,458,608,916,4
1,25796,304,459,608,918,4
1,25797,304,460,608,920,4
1,25798,304,461,608,922,4
1,25799,304,462,608,924,4
1,25800,304,463,608,926,4
1,25801,304,464,608,928,4
1,25802,304,465,608,930,4
1,25803,304,466,608,932,4
1,25804,304,467,608,934,4
1,25805,304,468,608,936,4
1,25806,304,469,608,938,4
1,25807,304,470,608,940,4
1,25808,304,471,608,942,4
1,25809,304,472,608,944,4
1,25810,304,473,608,946,4
1,25811,304,474,608,948,4
1,25812,304,475,608,950,4
1,25813,304,476,608,952,4
1,25814,304,477,608,954,3
1,25815,304,555,608,1110,3
1,25816,304,556,608,1112,3
1,25817,304,560,608,1120,4
1,25818,304,561,608,1122,4
1,25819,304,562,608,1124,4
1,25820,304,563,608,1126,4
1,25821,304,564,608,1128,4
1,25822,304,565,608,1130,4
1,25823,304,566,608,1132,4
1,25824,304,567,608,1134,4
1,25825,304,568,608,1136,4
1,25826,304,569,608,1138,4
1,25827,304,570,608,1140,4
1,25828,304,571,608,1142,4
1,25829,304,572,608,1144,4
1,25830,304,573,609,1146,1
1,25831,305,410,610,821,2
1,25832,305,411,610,822,4
1,25833,305,412,610,824,4
1,25834,305,413,610,826,4
1,25835,305,414,610,828,4
1,25836,305,415,610,830,4
1,25837,305,416,610,832,4
1,25838,305,417,610,834,4
1,25839,305,418,610,836,4
1,25840,305,419,610,838,4
1,25841,305,420,610,840,4
1,25842,305,421,610,842,4
1,25843,305,422,610,844,4
1,25844,305,423,610,846,4
1,25845,305,424,610,848,4
1,25846,305,425,610,850,4
1,25847,305,426,610,852,4
1,25848,305,427,610,854,2
1,25849,305,428,610,856,2
1,25850,305,429,610,858,2
1,25851,305,430,610,860,4
1,25852,305,431,610,862,4
1,25853,305,432,610,864,4
1,25854,305,433,610,866,4
1,25855,305,434,610,868,4
1,25856,305,435,610,870,4
1,25857,305,436,610,872,4
1,25858,305,437,610,874,4
1,25859,305,438,610,876,4
1,25860,305,439,610,878,4
1,25861,305,440,610,880,4
1,25862,305,441,610,882,4
1,25863,305,442,610,884,4
1,25864,305,443,610,886,4
1,25865,305,444,610,888,4
1,25866,305,445,610,890,4
1,25867,305,446,610,892,2
1,25868,305,447,610,894,2
1,25869,305,448,610,896,4
1,25870,305,449,610,898,4
1,25871,305,450,610,900,4
1,25872,305,451,610,902,4
1,25873,305,452,610,904,4
1,25874,305,453,610,906,4
1,25875,305,454,610,908,4
1,25876,305,455,610,910,4
1,25877,305,456,610,912,4
1,25878,305,457,610,914,4
1,25879,305,458,610,916,4
1,25880,305,459,610,918,4
1,25881,305,460,610,920,4
1,25882,305,461,610,922,4
1,25883,305,462,610,924,4
1,25884,305,463,610,926,4
1,25885,305,464,610,928,4
1,25886,305,465,610,930,4
1,25887,305,466,610,932,4
1,25888,305,467,610,934,4
1,25889,305,468,610,936,4
1,25890,305,469,610,938,4
1,25891,305,470,610,940,4
1,25892,305,471,610,942,4
1,25893,305,472,610,944,4
1,25894,305,473,610,946,4
1,25895,305,474,610,948,4
1,25896,305,475,610,950,4
1,25897,305,476,610,952,4
1,25898,305,477,610,954,1
1,25899,305,555,610,1111,2
1,25900,305,556,610,1112,3
1,25901,305,560,610,1120,4
1,25902,305,561,610,1122,4
1,25903,305,562,610,1124,4
1,25904,305,563,610,1126,4
1,25905,305,564,610,1128,4
1,25906,305,565,610,1130,4
1,25907,305,566,610,1132,4
1,25908,305,567,610,1134,4
1,25909,305,568,610,1136,4
1,25910,305,569,610,1138,4
1,25911,305,570,610,1140,4
1,25912,305,571,610,1142,4
1,25913,305,572,610,1144,4
1,25914,305,573,610,1146,2
1,25915,306,411,612,823,1
1,25916,306,412,612,824,4
1,25917,306,413,612,826,4
1,25918,306,414,612,828,4
1,25919,306,415,612,830,4
1,25920,306,416,612,832,4
1,25921,306,417,612,834,4
1,25922,306,418,612,836,4
1,25923,306,419,612,838,4
1,25924,306,420,612,840,4
1,25925,306,421,612,842,4
1,25926,306,422,612,844,4
1,25927,306,423,612,846,4
1,25928,306,424,612,848,4
1,25929,306,425,612,850,2
1,25930,306,431,612,862,2
1,25931,306,432,612,864,3
1,25932,306,433,612,866,4
1,25933,306,434,612,868,4
1,25934,306,435,612,870,4
1,25935,306,436,612,872,4
1,25936,306,437,612,874,4
1,25937,306,438,612,876,4
1,25938,306,439,612,878,4
1,25939,306,440,612,880,4
1,25940,306,441,612,882,4
1,25941,306,442,612,884,4
1,25942,306,443,612,886,4
1,25943,306,444,612,888,4
1,25944,306,445,612,890,4
1,25945,306,448,612,896,4
1,25946,306,449,612,898,4
1,25947,306,450,612,900,4
1,25948,306,451,612,902,4
1,25949,306,452,612,904,4
1,25950,306,453,612,906,4
1,25951,306,454,612,908,4
1,25952,306,455,612,910,4
1,25953,306,456,612,912,4
1,25954,306,457,612,914,4
1,25955,306,458,612,916,3
1,25956,306,461,612,922,2
1,25957,306,462,612,924,3
1,25958,306,463,612,926,4
1,25959,306,464,612,928,4
1,25960,306,465,612,930,4
1,25961,306,466,612,932,4
1,25962,306,467,612,934,2
1,25963,306,468,612,936,4
1,25964,306,469,612,938,4
1,25965,306,470,612,940,4
1,25966,306,471,612,942,4
1,25967,306,472,612,944,4
1,25968,306,473,612,946,4
1,25969,306,474,612,948,4
1,25970,306,475,612,950,4
1,25971,306,476,612,952,4
1,25972,306,555,612,1111,2
1,25973,306,556,612,1112,4
1,25974,306,557,612,1114,2
1,25975,306,559,612,1119,1
1,25976,306,560,612,1120,4
1,25977,306,561,612,1122,4
1,25978,306,562,612,1124,4
1,25979,306,563,612,1126,4
1,25980,306,564,612,1128,4
1,25981,306,565,612,1130,4
1,25982,306,566,612,1132,4
1,25983,306,567,612,1134,4
1,25984,306,568,612,1136,4
1,25985,306,569,612,1138,4
1,25986,306,570,612,1140,4
1,25987,306,571,612,1142,4
1,25988,306,572,612,1144,4
1,25989,306,573,612,1146,4
1,25990,306,574,613,1148,1
1,25991,307,412,614,824,2
1,25992,307,413,614,826,2
1,25993,307,414,614,828,2
1,25994,307,415,614,830,4
1,25995,307,416,614,832,4
1,25996,307,417,614,834,4
1,25997,307,418,614,836,4
1,25998,307,419,614,838,4
1,25999,307,420,614,840,4
1,26000,307,421,614,842,4
1,26001,307,422,614,844,4
1,26002,307,423,614,846,4
1,26003,307,424,614,848,2
1,26004,307,427,615,855,1
1,26005,307,433,614,866,4
1,26006,307,434,614,868,4
1,26007,307,435,614,870,4
1,26008,307,436,614,872,4
1,26009,307,437,614,874,4
1,26010,307,438,614,876,4
1,26011,307,439,614,878,4
1,26012,307,440,614,880,4
1,26013,307,441,614,882,4
1,26014,307,442,614,884,4
1,26015,307,443,614,886,2
1,26016,307,444,614,888,2
1,26017,307,445,614,890,2
1,26018,307,446,614,892,1
1,26019,307,447,614,895,2
1,26020,307,448,614,896,4
1,26021,307,449,614,898,4
1,26022,307,450,614,900,4
1,26023,307,451,614,902,4
1,26024,307,452,614,904,4
1,26025,307,453,614,906,4
1,26026,307,454,614,908,4
1,26027,307,455,614,910,4
1,26028,307,456,614,912,4
1,26029,307,457,614,914,4
1,26030,307,458,614,916,2
1,26031,307,462,614,924,4
1,26032,307,463,614,926,4
1,26033,307,464,614,928,4
1,26034,307,465,614,930,4
1,26035,307,466,614,932,1
1,26036,307,468,614,937,2
1,26037,307,469,614,938,4
1,26038,307,470,614,940,4
1,26039,307,471,614,942,4
1,26040,307,472,614,944,4
1,26041,307,473,614,946,4
1,26042,307,474,614,948,4
1,26043,307,555,614,1111,2
1,26044,307,556,614,1112,4
1,26045,307,557,614,1114,3
1,26046,307,560,614,1120,4
1,26047,307,561,614,1122,4
1,26048,307,562,614,1124,4
1,26049,307,563,614,1126,4
1,26050,307,564,614,1128,1
1,26051,307,567,614,1134,4
1,26052,307,568,614,1136,4
1,26053,307,569,614,1138,4
1,26054,307,570,614,1140,4
1,26055,307,571,614,1142,4
1,26056,307,572,614,1144,4
1,26057,307,573,614,1146,4
1,26058,307,574,614,1148,4
1,26059,307,575,614,1150,3
1,26060,308,415,616,830,2
1,26061,308,417,616,835,1
1,26062,308,418,616,836,4
1,26063,308,419,616,838,4
1,26064,308,420,616,840,4
1,26065,308,421,616,842,4
1,26066,308,422,616,844,4
1,26067,308,427,616,855,2
1,26068,308,431,617,862,1
1,26069,308,433,616,867,1
1,26070,308,434,616,868,4
1,26071,308,435,616,870,4
1,26072,308,436,616,872,4
1,26073,308,437,616,874,4
1,26074,308,438,616,876,4
1,26075,308,439,616,878,4
1,26076,308,440,616,880,4
1,26077,308,441,616,882,4
1,26078,308,442,616,884,4
1,26079,308,447,616,895,1
1,26080,308,448,616,896,2
1,26081,308,449,616,898,2
1,26082,308,450,616,900,2
1,26083,308,451,616,902,2
1,26084,308,452,616,904,2
1,26085,308,453,616,906,2
1,26086,308,454,616,908,2
1,26087,308,455,616,910,2
1,26088,308,456,616,912,2
1,26089,308,457,616,914,2
1,26090,308,458,616,916,2
1,26091,308,459,616,918,1
1,26092,308,460,617,921,1
1,26093,308,462,616,924,4
1,26094,308,463,616,926,4
1,26095,308,464,616,928,4
1,26096,308,465,616,930,4
1,26097,308,466,617,932,1
1,26098,308,468,616,937,1
1,26099,308,469,616,938,2
1,26100,308,470,616,940,2
1,26101,308,471,616,942,2
1,26102,308,472,616,944,2
1,26103,308,473,616,946,2
1,26104,308,474,616,948,1
1,26105,308,555,616,1110,3
1,26106,308,559,616,1119,2
1,26107,308,560,616,1120,4
1,26108,308,561,616,1122,4
1,26109,308,562,616,1124,4
1,26110,308,563,616,1126,4
1,26111,308,564,617,1128,1
1,26112,308,567,616,1134,3
1,26113,308,568,616,1136,4
1,26114,308,569,616,1138,4
1,26115,308,570,616,1140,4
1,26116,308,571,616,1142,2
1,26117,308,573,616,1146,4
1,26118,308,574,616,1148,4
1,26119,308,575,616,1150,1
1,26120,309,419,618,838,4
1,26121,309,420,618,840,4
1,26122,309,421,618,842,4
1,26123,309,422,618,844,4
1,26124,309,426,619,853,1
1,26125,309,427,618,854,4
1,26126,309,428,618,856,4
1,26127,309,429,618,858,4
1,26128,309,430,618,860,4
1,26129,309,431,618,862,3
1,26130,309,433,619,867,1
1,26131,309,434,618,868,4
1,26132,309,435,618,870,4
1,26133,309,436,618,872,4
1,26134,309,437,618,874,4
1,26135,309,438,618,876,4
1,26136,309,439,618,878,4
1,26137,309,440,618,880,4
1,26138,309,441,618,882,4
1,26139,309,460,618,921,2
1,26140,309,461,618,922,4
1,26141,309,462,618,924,4
1,26142,309,463,618,926,4
1,26143,309,464,618,928,4
1,26144,309,465,618,930,3
1,26145,309,559,618,1119,2
1,26146,309,560,618,1120,4
1,26147,309,561,618,1122,4
1,26148,309,562,618,1124,4
1,26149,309,563,618,1126,4
1,26150,309,564,618,1128,3
1,26151,309,567,618,1135,3
1,26152,309,568,618,1136,4
1,26153,309,569,618,1138,4
1,26154,309,570,618,1140,3
1,26155,309,571,618,1142,1
1,26156,310,418,620,837,2
1,26157,310,419,620,838,4
1,26158,310,420,620,840,4
1,26159,310,421,620,842,4
1,26160,310,422,620,844,4
1,26161,310,423,621,846,2
1,26162,310,426,620,853,3
1,26163,310,427,620,854,4
1,26164,310,428,620,856,4
1,26165,310,429,620,858,4
1,26166,310,430,620,860,4
1,26167,310,431,620,862,4
1,26168,310,432,620,864,4
1,26169,310,433,620,866,4
1,26170,310,434,620,868,4
1,26171,310,435,620,870,4
1,26172,310,436,620,872,4
1,26173,310,437,620,874,4
1,26174,310,438,620,876,4
1,26175,310,439,620,878,4
1,26176,310,440,620,880,4
1,26177,310,441,620,882,4
1,26178,310,460,620,921,2
1,26179,310,461,620,922,4
1,26180,310,462,620,924,4
1,26181,310,463,620,926,4
1,26182,310,464,620,928,4
1,26183,310,465,620,930,2
1,26184,310,559,620,1119,2
1,26185,310,560,620,1120,4
1,26186,310,561,620,1122,4
1,26187,310,562,620,1124,4
1,26188,310,563,620,1126,4
1,26189,310,564,620,1128,4
1,26190,310,565,620,1130,4
1,26191,310,566,620,1132,4
1,26192,310,567,620,1134,4
1,26193,310,568,620,1136,4
1,26194,310,569,620,1138,2
1,26195,311,418,622,837,2
1,26196,311,419,622,838,4
1,26197,311,420,622,840,4
1,26198,311,421,622,842,4
1,26199,311,422,622,844,4
1,26200,311,423,622,846,4
1,26201,311,424,622,848,4
1,26202,311,425,622,851,3
1,26203,311,426,622,852,4
1,26204,311,427,622,854,4
1,26205,311,428,622,856,4
1,26206,311,429,622,858,4
1,26207,311,430,622,860,4
1,26208,311,431,622,862,4
1,26209,311,432,622,864,4
1,26210,311,433,622,866,4
1,26211,311,434,622,868,4
1,26212,311,435,622,870,4
1,26213,311,436,622,872,4
1,26214,311,437,622,874,4
1,26215,311,438,622,876,4
1,26216,311,439,622,878,4
1,26217,311,440,622,880,4
1,26218,311,441,622,882,4
1,26219,311,460,622,921,2
1,26220,311,461,622,922,4
1,26221,311,462,622,924,3
1,26222,311,463,622,927,1
1,26223,311,464,622,928,3
1,26224,311,465,622,930,2
1,26225,311,559,622,1119,3
1,26226,311,560,622,1120,4
1,26227,311,561,622,1122,4
1,26228,311,562,622,1124,4
1,26229,311,563,622,1126,4
1,26230,311,564,622,1128,4
1,26231,311,565,622,1130,4
1,26232,311,566,622,1132,4
1,26233,311,567,622,1134,4
1,26234,311,568,622,1136,4
1,26235,311,569,622,1138,1
1,26236,312,417,625,835,1
1,26237,312,418,624,837,3
1,26238,312,419,624,838,4
1,26239,312,420,624,840,4
1,26240,312,421,624,842,4
1,26241,312,422,624,844,4
1,26242,312,423,624,846,4
1,26243,312,424,624,848,4
1,26244,312,425,624,850,4
1,26245,312,426,624,852,4
1,26246,312,427,624,854,4
1,26247,312,428,624,856,4
1,26248,312,429,624,858,4
1,26249,312,430,624,860,4
1,26250,312,431,624,862,4
1,26251,312,432,624,864,4
1,26252,312,433,624,866,4
1,26253,312,434,624,868,4
1,26254,312,435,624,870,4
1,26255,312,436,624,872,4
1,26256,312,437,624,874,4
1,26257,312,438,624,876,4
1,26258,312,439,624,878,4
1,26259,312,440,624,880,4
1,26260,312,441,624,882,4
1,26261,312,460,624,921,2
1,26262,312,461,624,922,4
1,26263,312,462,624,924,2
1,26264,312,559,624,1119,1
1,26265,312,560,624,1120,4
1,26266,312,561,624,1122,4
1,26267,312,562,624,1124,4
1,26268,312,563,624,1126,4
1,26269,312,564,624,1128,4
1,26270,312,565,624,1130,4
1,26271,312,566,624,1132,4
1,26272,312,567,624,1134,2
1,26273,312,568,624,1136,2
1,26274,313,417,626,834,2
1,26275,313,418,626,836,2
1,26276,313,419,626,838,3
1,26277,313,420,626,840,4
1,26278,313,421,626,842,4
1,26279,313,422,626,844,4
1,26280,313,423,626,846,4
1,26281,313,424,626,848,4
1,26282,313,425,626,850,4
1,26283,313,426,626,852,3
1,26284,313,427,626,854,3
1,26285,313,428,626,856,4
1,26286,313,429,626,858,4
1,26287,313,430,626,860,4
1,26288,313,431,626,862,4
1,26289,313,432,626,864,4
1,26290,313,433,626,866,2
1,26291,313,434,626,868,4
1,26292,313,435,626,870,4
1,26293,313,436,626,872,4
1,26294,313,437,626,874,4
1,26295,313,438,626,876,3
1,26296,313,439,626,878,2
1,26297,313,440,626,880,2
1,26298,313,441,626,882,2
1,26299,313,461,626,922,3
1,26300,313,561,626,1122,3
1,26301,313,562,626,1124,4
1,26302,313,563,626,1126,4
1,26303,313,564,626,1128,4
1,26304,313,565,626,1130,4
1,26305,313,566,626,1132,2
1,26306,314,420,628,840,3
1,26307,314,421,628,842,4
1,26308,314,422,628,844,4
1,26309,314,423,628,846,4
1,26310,314,424,628,848,4
1,26311,314,425,628,850,2
1,26312,314,429,628,858,4
1,26313,314,430,628,860,4
1,26314,314,431,628,862,4
1,26315,314,432,628,864,3
1,26316,314,434,628,869,2
1,26317,314,435,628,870,4
1,26318,314,436,628,872,4
1,26319,314,437,628,874,4
1,26320,314,562,628,1125,1
1,26321,314,563,628,1126,3
1,26322,314,564,628,1128,4
1,26323,314,565,628,1130,4
1,26324,314,566,628,1132,2
1,26325,315,420,630,841,2
1,26326,315,421,630,842,4
1,26327,315,422,630,844,4
1,26328,315,423,630,846,4
1,26329,315,424,630,848,2
1,26330,315,429,630,859,2
1,26331,315,430,630,860,4
1,26332,315,431,630,862,3
1,26333,315,433,631,867,1
1,26334,315,434,630,868,4
1,26335,315,435,630,870,4
1,26336,315,436,630,872,4
1,26337,315,437,630,874,4
1,26338,315,565,630,1130,2
1,26339,315,566,630,1132,2
1,26340,316,419,633,839,1
1,26341,316,420,632,840,4
1,26342,316,421,632,842,3
1,26343,316,422,632,844,3
1,26344,316,423,632,846,4
1,26345,316,424,632,848,3
1,26346,316,428,633,856,2
1,26347,316,429,632,858,4
1,26348,316,430,632,860,4
1,26349,316,431,632,862,3
1,26350,316,433,632,866,4
1,26351,316,434,632,868,3
1,26352,316,435,632,870,2
1,26353,316,436,632,872,4
1,26354,316,437,632,874,4
1,26355,316,438,633,876,1
1,26356,317,419,634,838,4
1,26357,317,420,634,840,3
1,26358,317,423,634,847,2
1,26359,317,424,634,848,4
1,26360,317,425,634,850,3
1,26361,317,426,635,852,2
1,26362,317,427,634,855,3
1,26363,317,428,634,856,4
1,26364,317,429,634,858,4
1,26365,317,430,634,860,4
1,26366,317,431,634,862,4
1,26367,317,432,634,864,4
1,26368,317,433,634,866,3
1,26369,317,436,634,873,2
1,26370,317,437,634,874,4
1,26371,317,438,634,876,3
1,26372,318,423,636,847,1
1,26373,318,424,636,848,2
1,26374,318,425,636,850,2
1,26375,318,426,636,852,2
1,26376,318,427,636,854,2
1,26377,318,428,636,856,2
1,26378,318,429,636,858,2
1,26379,318,430,636,860,2
1,26380,318,431,636,862,2
1,26381,318,432,636,864,2
1,26382,318,433,636,866,1
1,26383,318,437,636,874,1
2,0,1,211,7,846,1
2,1,1,212,7,848,1
2,2,1,215,7,862,1
2,3,1,216,5,866,3
2,4,1,217,4,869,4
2,5,1,218,4,872,4
2,6,1,219,7,876,1
2,7,2,210,11,843,1
2,8,2,211,9,845,4
2,9,2,212,8,848,4
2,10,2,213,8,852,4
2,11,2,214,9,856,4
2,12,2,215,8,860,4
2,13,2,216,8,864,4
2,14,2,217,8,868,4
2,15,2,218,8,872,4
2,16,2,219,8,876,2
2,17,2,221,11,887,1
2,18,3,208,15,835,1
2,19,3,209,13,839,3
2,20,3,210,13,840,4
2,21,3,211,12,844,4
2,22,3,212,12,848,4
2,23,3,213,12,852,4
2,24,3,214,12,856,4
2,25,3,215,12,860,4
2,26,3,216,12,864,4
2,27,3,217,12,868,4
2,28,3,218,12,872,2
2,29,3,220,12,882,2
2,30,3,221,12,884,4
2,31,3,222,13,888,2
2,32,4,208,16,833,4
2,33,4,209,16,836,4
2,34,4,210,16,840,4
2,35,4,211,16,844,4
2,36,4,212,16,848,4
2,37,4,213,16,852,4
2,38,4,214,16,856,4
2,39,4,215,16,860,4
2,40,4,216,16,864,4
2,41,4,217,16,868,4
2,42,4,218,16,872,4
2,43,4,219,19,876,2
2,44,4,220,17,881,4
2,45,4,221,16,884,4
2,46,4,222,16,888,3
2,47,5,207,22,831,1
2,48,5,208,20,832,4
2,49,5,209,20,836,4
2,50,5,210,20,840,4
2,51,5,211,20,844,1
2,52,5,213,20,853,3
2,53,5,214,20,856,4
2,54,5,215,20,860,4
2,55,5,216,20,864,4
2,56,5,217,20,868,4
2,57,5,218,20,872,4
2,58,5,219,20,876,4
2,59,5,220,20,880,4
2,60,5,221,20,884,4
2,61,5,222,20,888,4
2,62,5,223,22,892,1
2,63,6,207,24,831,2
2,64,6,208,24,832,4
2,65,6,209,24,836,4
2,66,6,210,24,840,4
2,67,6,213,24,854,2
2,68,6,214,24,856,4
2,69,6,215,24,860,4
2,70,6,216,24,864,4
2,71,6,217,25,868,3
2,72,6,217,24,870,1
2,73,6,218,24,872,4
2,74,6,219,24,876,4
2,75,6,220,24,880,4
2,76,6,221,24,884,4
2,77,6,222,24,888,1
2,78,6,222,27,889,2
2,79,6,223,26,892,2
2,80,6,224,27,896,1
2,81,7,207,28,831,1
2,82,7,208,28,832,1
2,83,7,213,28,855,2
2,84,7,214,28,856,4
2,85,7,215,28,860,4
2,86,7,216,28,864,4
2,87,7,217,28,868,4
2,88,7,218,28,873,3
2,89,7,218,30,872,1
2,90,7,219,28,876,4
2,91,7,220,28,880,4
2,92,7,221,28,884,2
2,93,7,221,30,887,1
2,94,7,222,28,888,4
2,95,7,223,28,892,4
2,96,7,224,28,896,4
2,97,8,207,34,829,1
2,98,8,213,32,853,4
2,99,8,214,32,856,4
2,100,8,215,32,860,4
2,101,8,216,32,864,4
2,102,8,217,32,868,4
2,103,8,218,32,872,4
2,104,8,219,32,876,4
2,105,8,220,32,880,4
2,106,8,222,32,891,2
2,107,8,223,32,892,4
2,108,8,224,32,896,4
2,109,8,225,33,900,2
2,110,9,206,39,827,1
2,111,9,207,36,828,2
2,112,9,213,36,852,4
2,113,9,214,36,856,4
2,114,9,215,36,860,4
2,115,9,216,36,864,4
2,116,9,217,36,868,4
2,117,9,218,36,872,4
2,118,9,219,36,876,4
2,119,9,220,36,880,2
2,120,9,221,39,887,1
2,121,9,223,36,895,1
2,122,9,224,36,896,4
2,123,9,225,36,900,1
2,124,10,206,40,827,2
2,125,10,207,40,828,4
2,126,10,208,42,832,2
2,127,10,212,40,851,2
2,128,10,212,43,848,1
2,129,10,213,40,852,4
2,130,10,214,40,856,4
2,131,10,215,40,860,4
2,132,10,216,40,864,4
2,133,10,217,40,868,4
2,134,10,218,40,872,4
2,135,10,219,40,876,4
2,136,10,220,40,880,2
2,137,10,220,40,883,2
2,138,10,221,40,884,4
2,139,10,222,42,888,1
2,140,10,223,42,895,1
2,141,10,224,40,896,4
2,142,11,206,44,827,2
2,143,11,207,44,828,4
2,144,11,208,44,832,4
2,145,11,211,44,847,3
2,146,11,212,44,848,3
2,147,11,212,44,851,1
2,148,11,213,44,852,4
2,149,11,214,44,856,4
2,150,11,215,44,860,4
2,151,11,216,44,864,4
2,152,11,217,44,869,4
2,153,11,218,44,872,4
2,154,11,219,44,876,4
2,155,11,220,44,880,4
2,156,11,221,44,884,4
2,157,11,222,44,888,4
2,158,11,223,44,892,4
2,159,11,224,44,896,3
2,160,12,206,48,827,2
2,161,12,207,48,828,3
2,162,12,208,48,832,3
2,163,12,209,49,836,4
2,164,12,210,49,840,4
2,165,12,211,48,844,4
2,166,12,212,48,848,4
2,167,12,213,48,852,3
2,168,12,213,48,855,1
2,169,12,214,48,856,2
2,170,12,214,51,856,1
2,171,12,214,51,859,1
2,172,12,215,48,860,2
2,173,12,215,50,860,2
2,174,12,216,48,864,2
2,175,12,216,49,867,3
2,176,12,217,48,868,4
2,177,12,218,48,872,4
2,178,12,219,48,876,4
2,179,12,220,48,880,4
2,180,12,221,48,884,4
2,181,12,222,48,888,4
2,182,12,223,48,892,4
2,183,12,224,48,896,2
2,184,13,206,54,827,1
2,185,13,208,55,833,2
2,186,13,209,52,836,3
2,187,13,210,52,840,3
2,188,13,211,52,844,4
2,189,13,212,52,848,4
2,190,13,213,52,852,4
2,191,13,214,52,856,4
2,192,13,215,52,860,4
2,193,13,216,52,864,4
2,194,13,217,52,868,4
2,195,13,218,52,872,4
2,196,13,219,52,876,4
2,197,13,220,52,880,4
2,198,13,221,52,884,2
2,199,13,221,54,885,2
2,200,13,222,52,888,2
2,201,13,222,55,888,1
2,202,13,223,52,892,4
2,203,13,224,52,896,2
2,204,14,206,57,825,4
2,205,14,207,56,828,4
2,206,14,208,56,832,4
2,207,14,211,56,844,4
2,208,14,212,56,848,4
2,209,14,213,56,852,4
2,210,14,214,56,856,4
2,211,14,215,56,860,4
2,212,14,216,56,864,3
2,213,14,217,56,868,4
2,214,14,218,56,872,4
2,215,14,219,56,876,4
2,216,14,220,56,880,4
2,217,14,221,56,884,4
2,218,14,222,56,888,4
2,219,14,223,56,892,3
2,220,14,223,59,892,1
2,221,14,224,56,896,2
2,222,15,206,60,824,4
2,223,15,207,60,828,4
2,224,15,208,60,832,4
2,225,15,209,60,836,1
2,226,15,209,62,839,1
2,227,15,210,61,843,3
2,228,15,211,60,844,4
2,229,15,212,60,848,4
2,230,15,213,60,852,4
2,231,15,214,60,856,4
2,232,15,215,60,860,4
2,233,15,216,60,864,4
2,234,15,217,60,868,3
2,235,15,219,60,877,3
2,236,15,220,60,880,4
2,237,15,221,60,884,4
2,238,15,222,60,888,4
2,239,15,223,60,892,4
2,240,15,224,60,896,4
2,241,16,206,64,824,4
2,242,16,207,64,828,4
2,243,16,208,64,832,4
2,244,16,209,65,836,4
2,245,16,210,64,842,3
2,246,16,211,64,844,4
2,247,16,212,64,848,4
2,248,16,213,64,852,4
2,249,16,214,64,856,4
2,250,16,215,64,860,4
2,251,16,216,64,864,4
2,252,16,217,64,868,3
2,253,16,219,64,878,3
2,254,16,220,64,880,4
2,255,16,221,64,884,4
2,256,16,222,64,888,4
2,257,16,223,64,892,4
2,258,16,224,64,896,4
2,259,16,225,65,900,2
2,260,17,207,68,828,3
2,261,17,208,68,832,4
2,262,17,209,68,836,4
2,263,17,210,68,840,4
2,264,17,211,68,844,4
2,265,17,212,68,848,4
2,266,17,213,68,852,4
2,267,17,214,68,856,4
2,268,17,215,68,860,4
2,269,17,216,68,864,4
2,270,17,217,68,868,4
2,271,17,218,68,872,4
2,272,17,219,68,876,3
2,273,17,221,68,885,3
2,274,17,222,68,888,4
2,275,17,223,68,892,3
2,276,18,182,75,728,2
2,277,18,183,75,732,1
2,278,18,210,72,840,3
2,279,18,211,72,844,4
2,280,18,212,72,848,4
2,281,18,213,72,852,4
2,282,18,214,72,856,4
2,283,18,215,72,860,4
2,284,18,216,72,864,4
2,285,18,217,72,868,4
2,286,18,218,72,872,4
2,287,18,219,72,876,4
2,288,18,220,73,883,3
2,289,18,221,72,885,4
2,290,18,222,72,888,4
2,291,18,223,72,892,1
2,292,19,180,79,721,2
2,293,19,181,77,724,4
2,294,19,182,76,728,4
2,295,19,183,76,732,4
2,296,19,184,76,736,4
2,297,19,185,76,740,4
2,298,19,186,77,744,4
2,299,19,187,77,748,3
2,300,19,188,79,752,2
2,301,19,189,79,756,2
2,302,19,190,79,760,2
2,303,19,191,77,766,3
2,304,19,192,77,768,4
2,305,19,193,77,772,4
2,306,19,194,78,776,1
2,307,19,211,76,844,4
2,308,19,212,76,848,4
2,309,19,213,76,852,4
2,310,19,214,76,856,4
2,311,19,215,76,860,4
2,312,19,216,76,864,1
2,313,19,217,76,868,3
2,314,19,218,76,872,4
2,315,19,219,76,876,4
2,316,19,220,76,880,2
2,317,20,179,82,719,1
2,318,20,180,80,720,4
2,319,20,181,80,724,4
2,320,20,182,80,728,4
2,321,20,183,80,732,4
2,322,20,184,80,736,4
2,323,20,185,80,740,4
2,324,20,186,80,744,4
2,325,20,187,80,748,4
2,326,20,188,80,752,4
2,327,20,189,80,756,4
2,328,20,190,80,760,4
2,329,20,191,80,764,4
2,330,20,192,80,768,4
2,331,20,193,80,772,4
2,332,20,194,80,776,3
2,333,20,211,80,847,2
2,334,20,212,80,848,4
2,335,20,213,80,852,4
2,336,20,214,80,856,4
2,337,20,215,80,860,1
2,338,20,217,80,871,2
2,339,20,218,80,872,4
2,340,20,219,80,876,2
2,341,21,179,85,717,4
2,342,21,180,84,720,4
2,343,21,181,84,724,4
2,344,21,182,84,728,4
2,345,21,183,84,732,4
2,346,21,184,84,736,4
2,347,21,185,84,740,4
2,348,21,186,84,744,4
2,349,21,187,84,748,4
2,350,21,188,84,752,4
2,351,21,189,84,756,4
2,352,21,190,84,760,4
2,353,21,191,84,764,4
2,354,21,192,84,768,4
2,355,21,193,84,772,4
2,356,21,194,84,776,3
2,357,21,211,84,847,2
2,358,21,212,84,848,4
2,359,21,213,84,852,4
2,360,21,214,84,856,4
2,361,21,215,84,860,4
2,362,21,216,84,864,1
2,363,21,216,87,864,1
2,364,21,217,84,869,4
2,365,21,218,84,872,4
2,366,21,219,84,876,2
2,367,22,178,88,715,2
2,368,22,179,88,716,4
2,369,22,180,88,720,4
2,370,22,181,88,724,4
2,371,22,182,88,728,4
2,372,22,183,88,732,4
2,373,22,184,88,736,4
2,374,22,185,88,740,4
2,375,22,186,88,744,4
2,376,22,187,88,748,4
2,377,22,188,88,752,4
2,378,22,189,88,756,4
2,379,22,190,88,760,4
2,380,22,191,88,764,4
2,381,22,192,88,768,4
2,382,22,193,88,772,4
2,383,22,194,88,776,2
2,384,22,212,88,848,4
2,385,22,213,88,852,4
2,386,22,214,88,856,4
2,387,22,215,88,860,4
2,388,22,216,88,864,4
2,389,22,217,88,868,4
2,390,22,218,88,872,4
2,391,23,178,92,715,2
2,392,23,179,92,716,4
2,393,23,180,92,720,4
2,394,23,181,92,724,4
2,395,23,182,92,728,3
2,396,23,184,92,739,1
2,397,23,185,92,740,2
2,398,23,186,92,744,2
2,399,23,187,92,748,4
2,400,23,188,92,752,4
2,401,23,189,92,756,4
2,402,23,190,92,760,3
2,403,23,191,92,764,2
2,404,23,192,92,768,2
2,405,23,193,92,772,2
2,406,23,194,92,776,1
2,407,23,212,92,850,1
2,408,23,213,92,852,4
2,409,23,214,92,856,4
2,410,23,215,92,860,4
2,411,23,216,92,864,4
2,412,23,217,92,868,4
2,413,23,218,92,872,2
2,414,24,178,96,715,1
2,415,24,179,96,716,4
2,416,24,180,96,720,4
2,417,24,181,96,724,4
2,418,24,182,96,728,2
2,419,24,187,96,751,1
2,420,24,188,96,752,4
2,421,24,189,96,756,4
2,422,24,213,96,854,3
2,423,24,214,96,856,4
2,424,24,215,96,860,4
2,425,24,216,96,864,4
2,426,24,217,96,868,3
2,427,25,179,100,716,3
2,428,25,180,100,720,4
2,429,25,181,100,724,4
2,430,25,182,100,728,4
2,431,25,188,100,753,3
2,432,25,189,100,756,3
2,433,25,212,102,851,1
2,434,25,213,100,852,4
2,435,25,214,100,856,4
2,436,25,215,100,860,4
2,437,25,216,100,864,4
2,438,25,217,100,868,4
2,439,25,218,103,872,1
2,440,26,179,104,719,2
2,441,26,180,104,720,4
2,442,26,181,104,724,4
2,443,26,182,104,728,4
2,444,26,183,104,732,2
2,445,26,188,104,754,2
2,446,26,189,104,756,2
2,447,26,212,105,849,4
2,448,26,213,104,852,4
2,449,26,214,104,856,4
2,450,26,215,104,860,4
2,451,26,216,104,864,4
2,452,26,217,104,868,4
2,453,26,218,104,872,4
2,454,26,219,107,876,1
2,455,27,170,111,682,1
2,456,27,171,111,684,2
2,457,27,172,111,688,2
2,458,27,173,111,692,1
2,459,27,174,111,699,1
2,460,27,175,111,700,2
2,461,27,176,109,707,3
2,462,27,177,110,708,2
2,463,27,178,111,712,2
2,464,27,179,109,717,4
2,465,27,180,108,720,4
2,466,27,181,108,724,4
2,467,27,182,108,728,4
2,468,27,183,108,732,2
2,469,27,187,110,748,2
2,470,27,188,109,753,4
2,471,27,189,108,756,3
2,472,27,190,110,760,2
2,473,27,191,110,764,2
2,474,27,192,110,768,2
2,475,27,193,110,772,2
2,476,27,194,110,776,2
2,477,27,195,110,780,2
2,478,27,196,110,784,2
2,479,27,197,110,788,2
2,480,27,198,110,792,2
2,481,27,199,110,796,1
2,482,27,199,110,799,1
2,483,27,200,110,800,1
2,484,27,211,109,847,2
2,485,27,212,108,848,4
2,486,27,213,108,852,4
2,487,27,214,108,856,4
2,488,27,215,108,860,4
2,489,27,216,108,864,4
2,490,27,217,108,868,4
2,491,27,218,108,872,4
2,492,27,219,108,876,4
2,493,28,169,115,679,1
2,494,28,170,113,681,4
2,495,28,171,112,684,4
2,496,28,172,112,688,4
2,497,28,173,112,692,4
2,498,28,174,112,696,4
2,499,28,175,112,700,4
2,500,28,176,112,704,4
2,501,28,177,112,708,4
2,502,28,178,112,712,4
2,503,28,179,112,716,4
2,504,28,180,112,720,4
2,505,28,181,112,724,4
2,506,28,182,112,728,4
2,507,28,183,112,732,2
2,508,28,186,114,747,1
2,509,28,187,112,749,4
2,510,28,188,112,752,4
2,511,28,189,112,756,4
2,512,28,190,112,760,4
2,513,28,191,112,764,4
2,514,28,192,112,768,4
2,515,28,193,112,772,4
2,516,28,194,112,776,4
2,517,28,195,112,780,4
2,518,28,196,112,784,4
2,519,28,197,112,788,4
2,520,28,198,112,792,4
2,521,28,199,112,796,4
2,522,28,200,112,800,2
2,523,28,213,112,852,4
2,524,28,214,112,856,4
2,525,28,215,112,860,4
2,526,28,219,112,876,1
2,527,28,219,112,878,2
2,528,28,220,113,880,2
2,529,29,168,119,673,2
2,530,29,169,116,679,3
2,531,29,170,116,680,4
2,532,29,171,116,684,4
2,533,29,172,116,688,4
2,534,29,173,116,692,4
2,535,29,174,116,696,4
2,536,29,175,116,700,4
2,537,29,176,116,704,4
2,538,29,177,116,708,4
2,539,29,178,116,712,4
2,540,29,179,116,716,4
2,541,29,180,116,720,4
2,542,29,181,116,724,4
2,543,29,182,116,728,3
2,544,29,185,119,741,2
2,545,29,187,116,748,4
2,546,29,188,116,752,4
2,547,29,189,116,756,4
2,548,29,190,116,760,4
2,549,29,191,116,764,4
2,550,29,192,116,768,4
2,551,29,193,116,772,4
2,552,29,194,116,776,4
2,553,29,195,116,780,4
2,554,29,196,116,784,4
2,555,29,197,116,788,4
2,556,29,198,116,792,4
2,557,29,199,116,796,4
2,558,29,200,116,800,3
2,559,29,213,116,852,4
2,560,29,214,116,856,4
2,561,29,215,116,860,4
2,562,29,219,116,876,4
2,563,29,219,116,879,1
2,564,29,220,116,880,4
2,565,29,221,118,884,1
2,566,30,168,120,673,4
2,567,30,169,120,676,4
2,568,30,170,120,680,4
2,569,30,171,120,684,2
2,570,30,172,120,688,3
2,571,30,173,120,692,4
2,572,30,174,120,696,4
2,573,30,175,120,700,4
2,574,30,176,120,704,4
2,575,30,177,120,708,4
2,576,30,178,120,712,4
2,577,30,179,120,716,2
2,578,30,180,120,720,2
2,579,30,181,120,724,4
2,580,30,182,120,728,1
2,581,30,185,120,742,1
2,582,30,186,121,744,3
2,583,30,187,120,750,3
2,584,30,188,120,752,4
2,585,30,189,120,756,4
2,586,30,190,120,760,4
2,587,30,191,120,764,4
2,588,30,192,120,768,4
2,589,30,193,120,772,4
2,590,30,194,120,776,4
2,591,30,195,120,780,4
2,592,30,196,120,784,4
2,593,30,197,120,788,4
2,594,30,198,120,792,4
2,595,30,199,120,796,4
2,596,30,200,120,800,4
2,597,30,201,123,804,1
2,598,30,207,122,830,1
2,599,30,208,122,832,2
2,600,30,209,121,839,3
2,601,30,210,123,840,1
2,602,30,211,123,845,2
2,603,30,212,123,851,1
2,604,30,213,120,852,4
2,605,30,214,120,856,4
2,606,30,215,120,860,4
2,607,30,216,123,864,1
2,608,30,217,123,869,2
2,609,30,218,123,875,1
2,610,30,219,120,876,4
2,611,30,220,120,880,3
2,612,30,220,120,883,1
2,613,30,221,120,884,3
2,614,31,167,125,671,2
2,615,31,168,124,672,4
2,616,31,169,124,676,4
2,617,31,170,124,680,2
2,618,31,173,124,695,1
2,619,31,174,124,696,2
2,620,31,175,124,700,2
2,621,31,176,124,704,2
2,622,31,177,124,708,2
2,623,31,181,124,724,1
2,624,31,187,124,748,1
2,625,31,188,124,752,2
2,626,31,189,124,756,2
2,627,31,190,124,760,2
2,628,31,191,124,765,2
2,629,31,192,124,768,2
2,630,31,193,124,772,2
2,631,31,194,124,776,2
2,632,31,195,124,780,2
2,633,31,196,124,784,2
2,634,31,197,124,788,3
2,635,31,198,124,792,4
2,636,31,199,124,796,4
2,637,31,200,124,800,4
2,638,31,201,124,804,2
2,639,31,206,127,826,1
2,640,31,207,125,829,4
2,641,31,208,124,832,4
2,642,31,209,124,836,4
2,643,31,210,124,840,3
2,644,31,211,124,846,2
2,645,31,212,124,848,4
2,646,31,213,124,852,4
2,647,31,214,124,856,4
2,648,31,215,124,860,4
2,649,31,216,124,864,4
2,650,31,217,124,868,3
2,651,31,218,124,872,2
2,652,31,219,124,876,4
2,653,31,220,124,880,4
2,654,31,221,124,884,4
2,655,31,222,127,888,1
2,656,32,167,128,670,3
2,657,32,168,128,672,4
2,658,32,169,128,676,4
2,659,32,170,128,680,2
2,660,32,197,128,791,1
2,661,32,198,128,792,4
2,662,32,199,128,796,4
2,663,32,200,128,800,2
2,664,32,201,128,804,2
2,665,32,206,128,826,2
2,666,32,207,128,828,4
2,667,32,208,128,832,4
2,668,32,209,128,836,4
2,669,32,210,128,840,3
2,670,32,211,128,847,3
2,671,32,212,128,848,4
2,672,32,213,128,852,4
2,673,32,214,128,856,4
2,674,32,215,128,860,4
2,675,32,216,128,864,4
2,676,32,217,128,868,3
2,677,32,218,130,875,1
2,678,32,219,128,876,4
2,679,32,220,128,880,4
2,680,32,221,128,884,4
2,681,32,222,128,888,2
2,682,33,167,132,669,4
2,683,33,168,132,672,4
2,684,33,169,132,676,4
2,685,33,170,132,680,3
2,686,33,198,132,795,1
2,687,33,199,132,796,4
2,688,33,200,132,800,1
2,689,33,207,132,829,3
2,690,33,208,132,832,4
2,691,33,209,132,836,4
2,692,33,210,132,840,4
2,693,33,211,132,844,4
2,694,33,212,132,848,4
2,695,33,213,132,852,4
2,696,33,214,132,856,4
2,697,33,215,132,860,4
2,698,33,216,132,864,4
2,699,33,217,132,868,4
2,700,33,218,132,872,4
2,701,33,219,132,876,4
2,702,33,220,132,880,4
2,703,33,221,132,884,3
2,704,33,225,135,902,1
2,705,33,226,135,904,2
2,706,33,227,135,908,2
2,707,34,167,136,668,4
2,708,34,168,136,672,4
2,709,34,169,136,676,4
2,710,34,170,136,680,4
2,711,34,171,139,684,1
2,712,34,197,139,791,1
2,713,34,198,137,795,3
2,714,34,199,136,796,4
2,715,34,200,136,800,2
2,716,34,206,139,826,1
2,717,34,207,137,829,4
2,718,34,208,136,832,4
2,719,34,209,136,836,4
2,720,34,210,136,840,4
2,721,34,211,136,844,4
2,722,34,212,136,848,4
2,723,34,213,136,852,4
2,724,34,214,136,856,4
2,725,34,215,136,860,4
2,726,34,216,136,864,4
2,727,34,217,136,868,4
2,728,34,218,136,872,4
2,729,34,219,136,876,4
2,730,34,220,136,880,4
2,731,34,221,136,884,4
2,732,34,222,139,888,1
2,733,34,225,136,902,2
2,734,34,226,136,904,4
2,735,34,227,136,908,4
2,736,35,167,140,668,3
2,737,35,168,140,672,4
2,738,35,169,140,676,4
2,739,35,170,140,680,4
2,740,35,171,140,684,2
2,741,35,197,140,791,2
2,742,35,198,140,792,4
2,743,35,199,140,796,4
2,744,35,200,140,800,4
2,745,35,201,141,804,2
2,746,35,206,140,826,3
2,747,35,207,140,828,4
2,748,35,208,140,832,4
2,749,35,209,140,836,4
2,750,35,210,140,840,4
2,751,35,211,140,844,4
2,752,35,212,140,848,4
2,753,35,213,140,852,4
2,754,35,214,140,856,4
2,755,35,215,140,860,4
2,756,35,216,140,864,4
2,757,35,217,140,868,4
2,758,35,218,140,872,4
2,759,35,219,140,876,4
2,760,35,220,140,880,4
2,761,35,221,140,884,4
2,762,35,222,140,888,3
2,763,35,225,140,902,2
2,764,35,226,140,904,4
2,765,35,227,140,908,4
2,766,36,168,144,672,4
2,767,36,169,144,676,4
2,768,36,170,144,680,4
2,769,36,171,144,684,2
2,770,36,197,144,791,3
2,771,36,198,144,792,4
2,772,36,199,144,796,4
2,773,36,200,144,800,4
2,774,36,201,144,804,3
2,775,36,202,146,808,2
2,776,36,203,146,812,2
2,777,36,204,146,816,2
2,778,36,205,146,820,1
2,779,36,207,144,830,2
2,780,36,208,144,832,4
2,781,36,209,144,836,4
2,782,36,210,144,840,4
2,783,36,211,144,844,4
2,784,36,212,144,848,4
2,785,36,213,144,852,4
2,786,36,214,144,856,4
2,787,36,215,144,860,4
2,788,36,216,144,864,4
2,789,36,217,144,868,4
2,790,36,218,144,872,4
2,791,36,219,144,876,4
2,792,36,220,144,880,4
2,793,36,221,144,884,2
2,794,36,223,146,895,1
2,795,36,224,146,896,2
2,796,36,225,144,903,3
2,797,36,226,144,904,4
2,798,36,227,144,908,3
2,799,36,228,147,913,2
2,800,37,168,148,672,4
2,801,37,169,148,676,4
2,802,37,170,148,680,4
2,803,37,196,148,784,3
2,804,37,197,148,788,4
2,805,37,198,148,792,4
2,806,37,199,148,796,4
2,807,37,200,148,800,4
2,808,37,201,148,804,4
2,809,37,202,148,808,4
2,810,37,203,148,812,4
2,811,37,204,148,816,4
2,812,37,205,148,820,4
2,813,37,206,148,824,4
2,814,37,207,148,828,4
2,815,37,208,148,832,4
2,816,37,209,148,836,4
2,817,37,210,148,840,4
2,818,37,211,148,844,4
2,819,37,212,148,848,4
2,820,37,213,148,852,4
2,821,37,214,148,856,4
2,822,37,215,148,860,4
2,823,37,216,148,864,4
2,824,37,217,148,868,4
2,825,37,218,148,872,4
2,826,37,219,148,876,4
2,827,37,220,148,880,4
2,828,37,221,148,884,4
2,829,37,222,148,888,4
2,830,37,223,148,892,4
2,831,37,224,148,896,4
2,832,37,225,148,900,4
2,833,37,226,148,904,4
2,834,37,227,148,908,4
2,835,37,228,148,912,4
2,836,37,229,149,916,4
2,837,37,230,149,920,4
2,838,37,231,150,924,1
2,839,38,168,152,673,4
2,840,38,169,152,676,4
2,841,38,170,152,680,4
2,842,38,197,152,788,4
2,843,38,198,152,792,4
2,844,38,199,152,796,4
2,845,38,200,152,800,4
2,846,38,201,152,804,4
2,847,38,202,152,808,4
2,848,38,203,152,812,4
2,849,38,204,152,816,4
2,850,38,205,152,820,4
2,851,38,206,152,824,4
2,852,38,207,152,828,4
2,853,38,208,152,832,4
2,854,38,209,152,836,4
2,855,38,210,152,840,4
2,856,38,211,152,844,4
2,857,38,212,152,848,4
2,858,38,213,152,852,4
2,859,38,214,152,856,4
2,860,38,215,152,860,4
2,861,38,216,152,864,4
2,862,38,217,152,868,4
2,863,38,218,152,872,4
2,864,38,219,152,876,4
2,865,38,220,152,880,4
2,866,38,221,152,884,4
2,867,38,222,152,888,4
2,868,38,223,152,892,4
2,869,38,224,152,896,4
2,870,38,225,152,900,4
2,871,38,226,152,904,4
2,872,38,227,152,908,4
2,873,38,228,152,912,4
2,874,38,229,152,916,4
2,875,38,230,152,920,4
2,876,38,231,152,924,2
2,877,39,168,156,674,3
2,878,39,169,156,676,4
2,879,39,170,156,680,4
2,880,39,197,156,789,4
2,881,39,198,156,792,4
2,882,39,199,156,796,4
2,883,39,200,156,800,4
2,884,39,201,156,804,4
2,885,39,202,156,808,4
2,886,39,203,156,812,4
2,887,39,204,156,816,4
2,888,39,205,156,820,4
2,889,39,206,156,824,4
2,890,39,207,156,828,4
2,891,39,208,156,832,4
2,892,39,209,156,836,4
2,893,39,210,156,840,4
2,894,39,211,156,844,4
2,895,39,212,156,848,4
2,896,39,213,156,852,4
2,897,39,214,156,856,4
2,898,39,215,156,860,4
2,899,39,216,156,864,4
2,900,39,217,156,868,4
2,901,39,218,156,872,4
2,902,39,219,156,876,4
2,903,39,220,156,880,4
2,904,39,221,156,884,4
2,905,39,222,156,888,4
2,906,39,223,156,892,4
2,907,39,224,156,896,4
2,908,39,225,156,900,4
2,909,39,226,156,904,4
2,910,39,227,156,908,4
2,911,39,228,156,912,4
2,912,39,229,156,916,2
2,913,39,230,156,920,2
2,914,39,231,156,924,1
2,915,40,168,160,673,4
2,916,40,169,160,676,4
2,917,40,170,160,680,3
2,918,40,197,160,789,3
2,919,40,198,160,792,4
2,920,40,199,160,796,4
2,921,40,200,160,800,4
2,922,40,201,160,804,3
2,923,40,202,160,808,2
2,924,40,203,160,812,2
2,925,40,204,160,816,2
2,926,40,205,160,820,1
2,927,40,207,160,830,2
2,928,40,208,160,832,4
2,929,40,209,160,836,4
2,930,40,213,160,852,4
2,931,40,214,160,856,4
2,932,40,215,160,860,4
2,933,40,219,160,876,4
2,934,40,220,160,880,4
2,935,40,221,160,884,2
2,936,40,223,160,895,1
2,937,40,224,160,896,1
2,938,40,225,160,901,3
2,939,40,226,160,904,4
2,940,40,227,160,908,3
2,941,41,167,166,671,1
2,942,41,168,164,672,4
2,943,41,169,164,676,4
2,944,41,198,164,793,4
2,945,41,199,164,796,4
2,946,41,200,164,800,2
2,947,41,206,164,825,3
2,948,41,207,164,828,4
2,949,41,208,164,832,4
2,950,41,209,164,836,4
2,951,41,213,164,852,4
2,952,41,214,164,856,4
2,953,41,215,164,860,4
2,954,41,219,164,876,4
2,955,41,220,164,880,4
2,956,41,221,164,884,4
2,957,41,222,164,888,3
2,958,41,226,164,906,1
2,959,41,227,164,908,1
2,960,42,168,168,672,4
2,961,42,169,168,676,4
2,962,42,170,170,680,1
2,963,42,198,168,793,4
2,964,42,199,168,796,4
2,965,42,200,168,800,3
2,966,42,207,168,829,3
2,967,42,208,168,832,4
2,968,42,209,168,836,4
2,969,42,210,171,840,1
2,970,42,211,171,845,2
2,971,42,212,171,851,1
2,972,42,213,168,852,4
2,973,42,214,168,856,4
2,974,42,215,168,860,4
2,975,42,216,171,864,1
2,976,42,217,171,869,2
2,977,42,218,171,875,1
2,978,42,219,168,876,4
2,979,42,220,168,880,4
2,980,42,221,168,884,3
2,981,43,168,172,673,3
2,982,43,169,172,676,4
2,983,43,170,172,680,4
2,984,43,206,175,826,1
2,985,43,207,173,829,4
2,986,43,208,172,832,4
2,987,43,209,172,836,4
2,988,43,210,172,840,4
2,989,43,211,172,844,4
2,990,43,212,172,848,4
2,991,43,213,172,852,4
2,992,43,214,172,856,4
2,993,43,215,172,860,4
2,994,43,216,172,864,4
2,995,43,217,172,868,4
2,996,43,218,172,872,4
2,997,43,219,172,876,4
2,998,43,220,172,880,4
2,999,43,221,172,884,4
2,1000,43,222,175,888,1
2,1001,44,168,176,673,4
2,1002,44,169,176,676,4
2,1003,44,170,176,680,4
2,1004,44,206,176,826,1
2,1005,44,207,176,828,4
2,1006,44,208,176,832,4
2,1007,44,209,176,836,4
2,1008,44,210,176,840,4
2,1009,44,211,176,844,4
2,1010,44,212,176,848,4
2,1011,44,213,176,852,4
2,1012,44,214,176,856,4
2,1013,44,215,176,860,4
2,1014,44,216,176,864,4
2,1015,44,217,176,868,4
2,1016,44,218,176,872,4
2,1017,44,219,176,876,4
2,1018,44,220,176,880,4
2,1019,44,221,176,884,4
2,1020,44,222,176,888,1
2,1021,45,168,180,672,4
2,1022,45,169,180,676,4
2,1023,45,170,180,680,4
2,1024,45,175,183,702,1
2,1025,45,177,181,711,2
2,1026,45,178,182,712,1
2,1027,45,207,180,830,1
2,1028,45,208,180,832,4
2,1029,45,209,180,836,4
2,1030,45,210,180,840,4
2,1031,45,211,180,844,4
2,1032,45,212,180,848,4
2,1033,45,213,180,852,4
2,1034,45,214,180,856,4
2,1035,45,215,180,860,4
2,1036,45,216,180,864,4
2,1037,45,217,180,868,4
2,1038,45,218,180,872,4
2,1039,45,219,180,876,4
2,1040,45,220,180,880,4
2,1041,45,221,180,884,1
2,1042,46,167,185,671,2
2,1043,46,168,184,672,4
2,1044,46,169,184,676,4
2,1045,46,170,184,680,4
2,1046,46,175,185,701,4
2,1047,46,176,187,704,2
2,1048,46,177,184,711,3
2,1049,46,178,184,712,4
2,1050,46,210,184,840,4
2,1051,46,211,184,844,4
2,1052,46,212,184,848,4
2,1053,46,213,184,852,4
2,1054,46,214,184,856,4
2,1055,46,215,184,860,4
2,1056,46,216,184,864,4
2,1057,46,217,184,868,4
2,1058,46,218,184,872,4
2,1059,47,167,188,669,3
2,1060,47,168,188,672,4
2,1061,47,169,188,676,4
2,1062,47,170,188,680,4
2,1063,47,171,188,684,1
2,1064,47,171,189,685,3
2,1065,47,172,191,688,1
2,1066,47,175,188,701,4
2,1067,47,176,188,704,4
2,1068,47,177,188,708,4
2,1069,47,178,188,712,4
2,1070,47,209,189,839,1
2,1071,47,210,188,840,4
2,1072,47,211,188,844,4
2,1073,47,212,188,848,4
2,1074,47,213,188,852,4
2,1075,47,214,188,856,4
2,1076,47,215,188,860,4
2,1077,47,216,188,864,4
2,1078,47,217,188,868,4
2,1079,47,218,188,872,4
2,1080,47,219,189,876,1
2,1081,48,167,192,670,2
2,1082,48,168,192,672,4
2,1083,48,169,192,676,4
2,1084,48,170,192,680,4
2,1085,48,171,192,684,4
2,1086,48,172,192,688,4
2,1087,48,173,193,692,4
2,1088,48,174,194,696,2
2,1089,48,175,192,701,4
2,1090,48,176,192,704,4
2,1091,48,177,192,708,4
2,1092,48,178,192,712,4
2,1093,48,210,192,842,1
2,1094,48,211,192,844,4
2,1095,48,212,192,848,2
2,1096,48,213,192,852,4
2,1097,48,214,192,856,4
2,1098,48,215,192,860,4
2,1099,48,216,192,864,2
2,1100,48,217,192,868,4
2,1101,48,218,192,872,1
2,1102,49,167,196,670,3
2,1103,49,168,196,672,4
2,1104,49,169,196,676,4
2,1105,49,170,196,680,4
2,1106,49,171,196,684,4
2,1107,49,172,196,688,3
2,1108,49,173,196,692,2
2,1109,49,174,196,696,2
2,1110,49,175,196,700,4
2,1111,49,176,196,704,4
2,1112,49,177,196,708,4
2,1113,49,178,196,712,4
2,1114,49,211,196,846,1
2,1115,49,213,196,852,4
2,1116,49,214,196,856,4
2,1117,49,215,196,860,4
2,1118,49,217,196,869,1
2,1119,50,167,200,669,4
2,1120,50,168,200,672,4
2,1121,50,169,200,676,4
2,1122,50,170,200,680,4
2,1123,50,171,200,684,3
2,1124,50,175,200,701,3
2,1125,50,176,200,704,4
2,1126,50,177,200,708,4
2,1127,50,178,200,712,4
2,1128,50,212,203,851,1
2,1129,50,213,200,852,4
2,1130,50,214,200,856,4
2,1131,50,215,200,860,4
2,1132,50,216,203,864,1
2,1133,51,167,204,671,1
2,1134,51,168,204,672,4
2,1135,51,169,204,676,4
2,1136,51,170,204,680,4
2,1137,51,171,204,684,1
2,1138,51,175,204,703,3
2,1139,51,176,204,704,4
2,1140,51,177,204,708,4
2,1141,51,178,204,712,4
2,1142,51,179,206,716,2
2,1143,51,212,204,851,2
2,1144,51,213,204,852,4
2,1145,51,214,204,856,4
2,1146,51,215,204,860,4
2,1147,51,216,204,864,2
2,1148,52,167,209,671,3
2,1149,52,168,208,672,4
2,1150,52,169,208,676,4
2,1151,52,170,208,680,4
2,1152,52,171,209,684,2
2,1153,52,175,208,701,4
2,1154,52,176,208,704,4
2,1155,52,177,208,708,4
2,1156,52,178,208,712,4
2,1157,52,179,208,716,1
2,1158,52,179,211,716,1
2,1159,52,212,208,851,2
2,1160,52,213,208,852,4
2,1161,52,214,208,856,4
2,1162,52,215,208,860,4
2,1163,52,216,208,864,2
2,1164,53,167,212,668,3
2,1165,53,168,212,672,3
2,1166,53,169,212,676,4
2,1167,53,170,212,680,4
2,1168,53,175,212,701,4
2,1169,53,176,212,704,4
2,1170,53,177,212,708,4
2,1171,53,178,212,712,4
2,1172,53,179,212,716,4
2,1173,53,180,214,720,1
2,1174,53,213,214,852,2
2,1175,53,214,212,856,4
2,1176,53,215,215,860,2
2,1177,54,168,216,675,2
2,1178,54,169,216,676,2
2,1179,54,170,216,680,2
2,1180,54,175,216,701,4
2,1181,54,176,216,704,4
2,1182,54,177,216,708,4
2,1183,54,178,216,712,4
2,1184,54,179,216,716,5
2,1185,54,208,217,835,3
2,1186,54,209,219,836,1
2,1187,54,210,219,843,1
2,1188,54,211,217,844,4
2,1189,54,213,216,852,4
2,1190,54,214,216,856,4
2,1191,54,215,216,860,4
2,1192,54,217,216,869,4
2,1193,54,218,219,872,1
2,1194,54,219,219,879,1
2,1195,54,220,217,880,3
2,1196,55,119,222,477,2
2,1197,55,120,222,480,2
2,1198,55,121,222,484,2
2,1199,55,122,222,488,2
2,1200,55,123,222,492,2
2,1201,55,124,223,496,1
2,1202,55,175,220,701,4
2,1203,55,176,220,704,4
2,1204,55,177,220,708,4
2,1205,55,178,220,712,4
2,1206,55,179,220,717,2
2,1207,55,207,221,831,3
2,1208,55,208,220,832,4
2,1209,55,209,220,836,4
2,1210,55,210,221,840,4
2,1211,55,211,220,844,4
2,1212,55,212,221,848,4
2,1213,55,213,220,852,4
2,1214,55,214,220,856,4
2,1215,55,215,220,860,4
2,1216,55,216,221,864,4
2,1217,55,217,220,869,4
2,1218,55,218,220,872,4
2,1219,55,219,221,876,4
2,1220,55,220,220,880,4
2,1221,55,221,221,884,3
2,1222,56,119,224,477,4
2,1223,56,120,224,480,4
2,1224,56,121,224,484,4
2,1225,56,122,224,488,4
2,1226,56,123,224,492,4
2,1227,56,124,224,496,4
2,1228,56,175,224,701,4
2,1229,56,176,224,704,4
2,1230,56,177,224,708,4
2,1231,56,178,224,712,4
2,1232,56,206,225,827,2
2,1233,56,207,224,828,4
2,1234,56,208,224,832,4
2,1235,56,209,224,836,4
2,1236,56,210,224,840,4
2,1237,56,211,224,844,4
2,1238,56,212,224,848,4
2,1239,56,213,224,852,4
2,1240,56,214,224,856,4
2,1241,56,215,224,860,4
2,1242,56,216,224,864,4
2,1243,56,217,224,868,4
2,1244,56,218,224,872,4
2,1245,56,219,224,876,4
2,1246,56,220,224,880,4
2,1247,56,221,224,884,4
2,1248,56,222,225,888,2
2,1249,57,119,228,477,4
2,1250,57,120,228,480,4
2,1251,57,121,228,484,4
2,1252,57,122,228,488,4
2,1253,57,123,228,492,4
2,1254,57,124,228,496,4
2,1255,57,125,228,500,3
2,1256,57,175,229,701,4
2,1257,57,176,228,704,4
2,1258,57,177,228,708,4
2,1259,57,178,228,712,4
2,1260,57,207,228,829,3
2,1261,57,208,228,832,4
2,1262,57,209,228,836,4
2,1263,57,210,228,840,4
2,1264,57,211,228,844,4
2,1265,57,212,228,848,3
2,1266,57,213,228,852,3
2,1267,57,214,228,856,4
2,1268,57,215,228,860,3
2,1269,57,216,228,864,3
2,1270,57,217,228,868,4
2,1271,57,218,228,872,4
2,1272,57,219,228,876,4
2,1273,57,220,228,880,4
2,1274,57,221,228,884,3
2,1275,58,119,232,477,4
2,1276,58,120,232,480,4
2,1277,58,121,232,484,4
2,1278,58,122,232,488,4
2,1279,58,123,232,492,4
2,1280,58,124,232,496,4
2,1281,58,125,232,500,4
2,1282,58,126,233,504,3
2,1283,58,127,235,508,1
2,1284,58,175,232,701,4
2,1285,58,176,232,704,4
2,1286,58,177,232,708,4
2,1287,58,178,232,712,4
2,1288,58,206,235,826,1
2,1289,58,207,233,829,4
2,1290,58,208,232,832,4
2,1291,58,209,232,836,4
2,1292,58,211,232,847,1
2,1293,58,214,232,856,2
2,1294,58,217,232,868,1
2,1295,58,219,232,876,4
2,1296,58,220,232,880,4
2,1297,58,221,232,884,4
2,1298,58,222,235,888,1
2,1299,59,119,236,476,4
2,1300,59,120,236,480,4
2,1301,59,121,236,484,4
2,1302,59,122,236,488,4
2,1303,59,123,236,492,4
2,1304,59,124,236,496,4
2,1305,59,125,236,500,4
2,1306,59,126,236,504,4
2,1307,59,127,236,508,4
2,1308,59,128,237,512,3
2,1309,59,129,239,516,1
2,1310,59,175,236,701,4
2,1311,59,176,236,704,4
2,1312,59,177,236,708,4
2,1313,59,178,236,712,4
2,1314,59,206,236,826,2
2,1315,59,207,236,828,4
2,1316,59,208,236,832,4
2,1317,59,209,236,836,4
2,1318,59,219,236,876,4
2,1319,59,220,236,880,4
2,1320,59,221,236,884,4
2,1321,59,222,236,888,2
2,1322,60,119,240,476,4
2,1323,60,120,240,480,4
2,1324,60,121,240,484,4
2,1325,60,122,240,488,4
2,1326,60,123,240,492,4
2,1327,60,124,240,496,4
2,1328,60,125,240,500,4
2,1329,60,126,240,504,4
2,1330,60,127,240,508,4
2,1331,60,128,240,512,4
2,1332,60,129,240,516,2
2,1333,60,175,240,701,4
2,1334,60,176,240,704,4
2,1335,60,177,240,708,4
2,1336,60,178,240,712,4
2,1337,60,180,242,723,1
2,1338,60,181,242,724,2
2,1339,60,182,242,728,2
2,1340,60,183,242,732,2
2,1341,60,184,242,736,2
2,1342,60,185,243,740,1
2,1343,60,207,240,829,3
2,1344,60,208,240,832,4
2,1345,60,209,240,836,4
2,1346,60,210,243,840,1
2,1347,60,211,241,847,3
2,1348,60,212,243,848,1
2,1349,60,213,243,855,1
2,1350,60,214,241,856,4
2,1351,60,215,243,860,1
2,1352,60,216,243,867,1
2,1353,60,217,241,868,3
2,1354,60,218,243,875,1
2,1355,60,219,240,876,4
2,1356,60,220,240,880,4
2,1357,60,221,240,884,3
2,1358,61,119,244,477,4
2,1359,61,120,244,480,4
2,1360,61,121,244,484,4
2,1361,61,122,244,488,4
2,1362,61,123,244,492,4
2,1363,61,124,244,496,4
2,1364,61,125,244,500,4
2,1365,61,126,244,504,4
2,1366,61,127,244,508,4
2,1367,61,128,244,512,4
2,1368,61,129,244,516,2
2,1369,61,175,244,701,4
2,1370,61,176,244,704,4
2,1371,61,177,244,708,4
2,1372,61,178,244,712,4
2,1373,61,179,245,716,4
2,1374,61,180,245,721,4
2,1375,61,181,244,724,4
2,1376,61,182,244,728,4
2,1377,61,183,244,732,4
2,1378,61,184,244,736,4
2,1379,61,185,244,740,4
2,1380,61,186,245,744,4
2,1381,61,187,247,748,1
2,1382,61,206,247,826,1
2,1383,61,207,245,829,4
2,1384,61,208,244,832,4
2,1385,61,209,244,836,4
2,1386,61,210,244,840,4
2,1387,61,211,244,844,4
2,1388,61,212,244,848,4
2,1389,61,213,245,852,4
2,1390,61,214,244,856,4
2,1391,61,215,244,860,4
2,1392,61,216,245,864,4
2,1393,61,217,244,868,4
2,1394,61,218,244,872,4
2,1395,61,219,244,876,4
2,1396,61,220,244,880,4
2,1397,61,221,244,884,4
2,1398,61,222,247,888,1
2,1399,62,119,248,477,3
2,1400,62,120,248,480,4
2,1401,62,121,248,484,4
2,1402,62,122,248,488,4
2,1403,62,123,248,492,4
2,1404,62,124,248,496,4
2,1405,62,125,248,500,4
2,1406,62,126,248,504,4
2,1407,62,127,248,508,4
2,1408,62,128,248,512,4
2,1409,62,129,248,516,3
2,1410,62,175,248,701,4
2,1411,62,176,248,704,4
2,1412,62,177,248,708,4
2,1413,62,178,248,712,4
2,1414,62,179,248,716,4
2,1415,62,180,248,720,4
2,1416,62,181,248,724,4
2,1417,62,182,248,728,4
2,1418,62,183,248,732,4
2,1419,62,184,248,736,4
2,1420,62,185,248,740,4
2,1421,62,186,248,744,4
2,1422,62,187,248,748,4
2,1423,62,206,248,826,1
2,1424,62,207,248,828,4
2,1425,62,208,248,832,4
2,1426,62,209,248,836,4
2,1427,62,210,248,840,4
2,1428,62,211,248,844,4
2,1429,62,212,248,848,4
2,1430,62,213,248,852,4
2,1431,62,214,248,856,4
2,1432,62,215,248,860,4
2,1433,62,216,248,864,4
2,1434,62,217,248,868,4
2,1435,62,218,248,872,4
2,1436,62,219,248,876,4
2,1437,62,220,248,880,4
2,1438,62,221,248,884,4
2,1439,62,222,248,888,1
2,1440,63,119,252,478,2
2,1441,63,120,252,480,4
2,1442,63,121,252,484,4
2,1443,63,122,252,488,4
2,1444,63,123,252,492,4
2,1445,63,124,252,496,4
2,1446,63,125,252,500,4
2,1447,63,126,252,504,4
2,1448,63,127,252,508,4
2,1449,63,128,252,512,4
2,1450,63,129,252,516,4
2,1451,63,175,252,701,4
2,1452,63,176,252,704,4
2,1453,63,177,252,708,4
2,1454,63,178,252,712,4
2,1455,63,179,252,716,2
2,1456,63,180,252,720,3
2,1457,63,181,252,724,4
2,1458,63,182,252,728,4
2,1459,63,183,252,732,4
2,1460,63,184,252,736,4
2,1461,63,185,252,740,3
2,1462,63,186,252,744,2
2,1463,63,187,252,748,1
2,1464,63,207,252,830,1
2,1465,63,208,252,832,4
2,1466,63,209,252,836,3
2,1467,63,210,252,840,3
2,1468,63,211,252,844,4
2,1469,63,212,252,848,2
2,1470,63,213,252,852,4
2,1471,63,214,252,856,4
2,1472,63,215,252,860,4
2,1473,63,216,252,864,2
2,1474,63,217,252,868,4
2,1475,63,218,252,872,3
2,1476,63,219,252,876,3
2,1477,63,220,252,880,4
2,1478,63,221,252,884,1
2,1479,64,119,257,477,4
2,1480,64,120,256,480,4
2,1481,64,121,256,484,4
2,1482,64,122,256,488,4
2,1483,64,123,256,492,4
2,1484,64,124,256,496,4
2,1485,64,125,256,500,4
2,1486,64,126,256,504,4
2,1487,64,127,256,508,4
2,1488,64,128,256,512,4
2,1489,64,129,256,516,4
2,1490,64,175,256,701,4
2,1491,64,176,256,704,4
2,1492,64,177,256,708,4
2,1493,64,178,256,712,4
2,1494,64,180,256,723,1
2,1495,64,181,256,724,4
2,1496,64,182,256,728,4
2,1497,64,183,256,732,4
2,1498,64,184,256,736,4
2,1499,64,185,256,740,1
2,1500,64,208,256,834,1
2,1501,64,211,256,844,2
2,1502,64,213,256,852,4
2,1503,64,214,256,856,4
2,1504,64,215,256,860,4
2,1505,64,217,256,869,2
2,1506,64,220,256,880,1
2,1507,65,118,261,475,2
2,1508,65,119,260,476,4
2,1509,65,120,260,480,4
2,1510,65,121,260,484,4
2,1511,65,122,260,488,4
2,1512,65,123,260,492,4
2,1513,65,124,260,496,4
2,1514,65,125,260,500,4
2,1515,65,126,260,504,4
2,1516,65,127,260,508,4
2,1517,65,128,260,512,4
2,1518,65,129,260,516,4
2,1519,65,130,262,520,1
2,1520,65,175,260,701,4
2,1521,65,176,260,704,4
2,1522,65,177,260,708,4
2,1523,65,178,260,712,4
2,1524,65,181,260,725,4
2,1525,65,182,260,728,4
2,1526,65,183,260,732,4
2,1527,65,184,260,736,4
2,1528,65,213,263,853,2
2,1529,65,214,260,856,4
2,1530,65,215,263,860,2
2,1531,66,118,264,474,2
2,1532,66,119,264,476,4
2,1533,66,120,264,480,4
2,1534,66,121,264,484,4
2,1535,66,122,264,488,4
2,1536,66,123,264,492,4
2,1537,66,124,264,496,4
2,1538,66,125,264,500,4
2,1539,66,126,264,504,4
2,1540,66,127,264,508,4
2,1541,66,128,264,512,4
2,1542,66,129,264,516,4
2,1543,66,130,264,520,2
2,1544,66,175,264,702,3
2,1545,66,176,264,704,4
2,1546,66,177,264,708,4
2,1547,66,178,264,712,4
2,1548,66,181,264,725,4
2,1549,66,182,264,728,4
2,1550,66,183,264,732,4
2,1551,66,184,264,736,4
2,1552,66,213,264,853,4
2,1553,66,214,264,856,4
2,1554,66,215,264,860,4
2,1555,67,118,268,475,1
2,1556,67,119,268,476,4
2,1557,67,120,268,480,4
2,1558,67,121,268,484,4
2,1559,67,122,268,488,4
2,1560,67,123,268,492,4
2,1561,67,124,268,496,4
2,1562,67,125,268,500,4
2,1563,67,126,268,504,4
2,1564,67,127,268,508,4
2,1565,67,128,268,512,4
2,1566,67,129,268,516,4
2,1567,67,130,268,520,2
2,1568,67,175,268,701,4
2,1569,67,176,268,704,4
2,1570,67,177,268,708,4
2,1571,67,178,268,712,4
2,1572,67,181,268,725,4
2,1573,67,182,268,728,4
2,1574,67,183,268,732,4
2,1575,67,184,268,736,4
2,1576,67,213,268,852,3
2,1577,67,214,268,856,4
2,1578,67,215,268,860,4
2,1579,68,119,272,477,3
2,1580,68,120,272,480,4
2,1581,68,121,272,484,4
2,1582,68,122,272,488,4
2,1583,68,123,272,492,4
2,1584,68,124,272,496,4
2,1585,68,125,272,500,4
2,1586,68,126,272,504,4
2,1587,68,127,272,508,4
2,1588,68,128,272,512,4
2,1589,68,129,272,516,4
2,1590,68,130,272,520,2
2,1591,68,175,272,703,2
2,1592,68,176,272,704,4
2,1593,68,177,272,708,4
2,1594,68,181,275,727,1
2,1595,68,182,272,730,3
2,1596,68,183,272,732,3
2,1597,68,213,272,854,2
2,1598,68,214,272,856,4
2,1599,68,215,272,860,2
2,1600,69,119,276,479,2
2,1601,69,120,276,480,4
2,1602,69,121,276,484,4
2,1603,69,122,276,488,4
2,1604,69,123,276,492,4
2,1605,69,124,276,496,4
2,1606,69,125,276,500,4
2,1607,69,126,276,504,4
2,1608,69,127,276,508,4
2,1609,69,128,276,512,4
2,1610,69,129,276,516,4
2,1611,69,130,276,520,2
2,1612,69,166,278,664,1
2,1613,69,175,276,703,2
2,1614,69,176,276,704,4
2,1615,69,177,276,708,4
2,1616,69,178,279,712,1
2,1617,69,181,276,727,2
2,1618,69,182,276,728,4
2,1619,69,183,276,732,4
2,1620,69,213,276,853,4
2,1621,69,214,276,856,4
2,1622,69,215,276,860,3
2,1623,69,245,277,981,4
2,1624,69,246,276,984,4
2,1625,69,247,276,988,4
2,1626,69,248,277,992,4
2,1627,69,249,279,996,1
2,1628,69,265,279,1063,1
2,1629,69,266,277,1065,3
2,1630,69,271,277,1086,3
2,1631,69,272,279,1088,1
2,1632,70,120,280,480,4
2,1633,70,121,280,484,4
2,1634,70,122,280,488,4
2,1635,70,123,280,492,4
2,1636,70,124,280,496,4
2,1637,70,125,280,500,4
2,1638,70,126,280,504,4
2,1639,70,127,280,508,4
2,1640,70,128,280,512,4
2,1641,70,129,280,516,4
2,1642,70,130,280,520,2
2,1643,70,164,283,658,1
2,1644,70,165,283,660,2
2,1645,70,166,280,664,2
2,1646,70,181,280,726,3
2,1647,70,182,280,728,4
2,1648,70,183,280,732,4
2,1649,70,184,280,736,2
2,1650,70,213,280,852,4
2,1651,70,214,280,856,4
2,1652,70,215,280,860,4
2,1653,70,216,280,864,4
2,1654,70,245,280,981,4
2,1655,70,246,280,984,4
2,1656,70,247,280,988,4
2,1657,70,248,280,992,4
2,1658,70,249,280,996,2
2,1659,70,264,283,1059,1
2,1660,70,265,281,1061,4
2,1661,70,266,280,1064,4
2,1662,70,267,281,1068,4
2,1663,70,268,283,1072,1
2,1664,70,269,283,1079,1
2,1665,70,270,281,1081,4
2,1666,70,271,280,1084,4
2,1667,70,272,280,1088,4
2,1668,70,273,283,1092,1
2,1669,71,120,284,481,3
2,1670,71,121,284,484,3
2,1671,71,122,284,488,4
2,1672,71,123,284,492,4
2,1673,71,124,284,496,4
2,1674,71,125,284,500,4
2,1675,71,126,284,504,4
2,1676,71,127,284,508,4
2,1677,71,128,284,512,4
2,1678,71,129,284,516,4
2,1679,71,130,284,520,2
2,1680,71,163,287,655,1
2,1681,71,164,284,657,4
2,1682,71,165,284,660,4
2,1683,71,166,284,664,2
2,1684,71,181,284,726,2
2,1685,71,182,284,728,4
2,1686,71,183,284,732,4
2,1687,71,184,284,736,2
2,1688,71,212,285,851,2
2,1689,71,213,284,852,4
2,1690,71,214,284,856,4
2,1691,71,215,284,860,4
2,1692,71,216,284,864,2
2,1693,71,245,284,982,1
2,1694,71,246,284,984,4
2,1695,71,247,284,988,4
2,1696,71,248,284,992,4
2,1697,71,264,285,1057,4
2,1698,71,265,284,1060,4
2,1699,71,266,284,1064,4
2,1700,71,267,284,1068,4
2,1701,71,268,284,1072,4
2,1702,71,269,284,1076,4
2,1703,71,270,284,1080,4
2,1704,71,271,284,1084,4
2,1705,71,272,284,1088,4
2,1706,71,273,284,1092,2
2,1707,72,120,291,483,1
2,1708,72,121,288,487,3
2,1709,72,122,288,488,4
2,1710,72,123,288,492,4
2,1711,72,124,288,496,4
2,1712,72,125,288,500,4
2,1713,72,126,288,504,4
2,1714,72,127,288,508,4
2,1715,72,128,288,512,4
2,1716,72,129,288,516,3
2,1717,72,163,288,653,4
2,1718,72,164,288,656,4
2,1719,72,165,288,660,4
2,1720,72,166,288,664,4
2,1721,72,170,291,680,2
2,1722,72,171,291,684,2
2,1723,72,172,290,688,1
2,1724,72,181,288,727,2
2,1725,72,182,288,728,4
2,1726,72,183,288,732,4
2,1727,72,184,288,736,2
2,1728,72,185,291,743,1
2,1729,72,186,291,744,2
2,1730,72,213,288,852,4
2,1731,72,214,288,856,4
2,1732,72,215,288,860,4
2,1733,72,216,288,864,1
2,1734,72,243,291,974,1
2,1735,72,244,291,976,1
2,1736,72,246,288,984,4
2,1737,72,247,288,988,4
2,1738,72,248,288,992,4
2,1739,72,250,291,1000,1
2,1740,72,264,288,1059,1
2,1741,72,265,288,1060,4
2,1742,72,266,288,1064,4
2,1743,72,267,288,1068,4
2,1744,72,268,288,1072,4
2,1745,72,269,288,1076,4
2,1746,72,270,288,1080,4
2,1747,72,271,288,1084,4
2,1748,72,272,288,1088,4
2,1749,72,273,288,1092,3
2,1750,72,274,291,1099,1
2,1751,72,275,291,1100,1
2,1752,73,120,292,483,1
2,1753,73,121,292,484,4
2,1754,73,122,292,488,4
2,1755,73,123,292,492,4
2,1756,73,124,292,496,4
2,1757,73,125,292,500,4
2,1758,73,126,292,504,4
2,1759,73,127,292,508,4
2,1760,73,128,292,512,3
2,1761,73,163,292,653,4
2,1762,73,164,292,656,4
2,1763,73,165,292,660,4
2,1764,73,166,292,664,4
2,1765,73,170,292,680,4
2,1766,73,171,292,684,4
2,1767,73,172,292,688,2
2,1768,73,181,292,727,3
2,1769,73,182,292,728,4
2,1770,73,183,292,732,4
2,1771,73,184,292,736,4
2,1772,73,185,292,741,4
2,1773,73,186,292,744,4
2,1774,73,187,292,748,3
2,1775,73,213,292,852,4
2,1776,73,214,292,856,4
2,1777,73,215,292,860,4
2,1778,73,243,292,974,2
2,1779,73,244,292,976,4
2,1780,73,245,293,980,4
2,1781,73,246,292,984,4
2,1782,73,247,292,988,4
2,1783,73,248,292,992,4
2,1784,73,249,294,996,2
2,1785,73,250,292,1000,3
2,1786,73,258,295,1035,1
2,1787,73,259,293,1037,4
2,1788,73,260,292,1041,4
2,1789,73,261,295,1044,1
2,1790,73,265,292,1061,4
2,1791,73,266,292,1064,4
2,1792,73,267,292,1068,4
2,1793,73,268,292,1072,4
2,1794,73,269,292,1076,4
2,1795,73,270,292,1080,4
2,1796,73,271,292,1084,4
2,1797,73,272,292,1088,4
2,1798,73,273,292,1092,4
2,1799,73,274,292,1096,4
2,1800,73,275,292,1100,4
2,1801,73,276,295,1104,1
2,1802,74,121,296,485,4
2,1803,74,122,296,488,4
2,1804,74,123,296,492,4
2,1805,74,124,296,496,4
2,1806,74,125,296,500,4
2,1807,74,126,296,504,4
2,1808,74,127,296,508,3
2,1809,74,163,296,653,4
2,1810,74,164,296,656,4
2,1811,74,165,296,660,4
2,1812,74,166,296,664,4
2,1813,74,169,299,679,1
2,1814,74,170,296,680,4
2,1815,74,171,296,684,4
2,1816,74,172,296,688,2
2,1817,74,180,296,723,3
2,1818,74,181,296,724,4
2,1819,74,182,296,728,4
2,1820,74,183,296,732,4
2,1821,74,184,296,736,4
2,1822,74,185,296,740,4
2,1823,74,186,296,744,4
2,1824,74,187,296,748,4
2,1825,74,188,299,752,1
2,1826,74,212,298,851,1
2,1827,74,213,296,852,4
2,1828,74,214,296,856,4
2,1829,74,215,296,860,4
2,1830,74,216,298,864,1
2,1831,74,243,299,973,1
2,1832,74,244,296,978,2
2,1833,74,245,296,980,4
2,1834,74,246,296,984,4
2,1835,74,247,296,988,4
2,1836,74,248,296,992,4
2,1837,74,249,296,996,4
2,1838,74,250,296,1000,4
2,1839,74,251,299,1004,1
2,1840,74,257,298,1031,1
2,1841,74,258,297,1033,4
2,1842,74,259,296,1036,4
2,1843,74,260,296,1040,4
2,1844,74,261,296,1044,2
2,1845,74,264,299,1058,1
2,1846,74,265,296,1061,4
2,1847,74,266,296,1064,4
2,1848,74,267,296,1068,4
2,1849,74,268,296,1072,4
2,1850,74,269,296,1076,4
2,1851,74,270,296,1080,4
2,1852,74,271,296,1084,4
2,1853,74,272,296,1088,4
2,1854,74,273,296,1092,4
2,1855,74,274,296,1096,4
2,1856,74,275,296,1100,4
2,1857,74,276,296,1104,2
2,1858,75,121,300,485,4
2,1859,75,122,300,488,4
2,1860,75,123,300,492,4
2,1861,75,124,300,496,4
2,1862,75,125,300,500,4
2,1863,75,126,300,504,3
2,1864,75,163,300,653,4
2,1865,75,164,300,656,4
2,1866,75,165,300,660,4
2,1867,75,166,300,664,4
2,1868,75,167,302,668,1
2,1869,75,169,300,677,4
2,1870,75,170,300,680,4
2,1871,75,171,300,684,4
2,1872,75,172,300,688,4
2,1873,75,173,302,692,2
2,1874,75,175,303,701,2
2,1875,75,176,303,704,2
2,1876,75,177,303,708,2
2,1877,75,178,303,712,1
2,1878,75,179,300,719,2
2,1879,75,180,300,720,4
2,1880,75,181,300,724,4
2,1881,75,182,300,728,4
2,1882,75,183,300,732,4
2,1883,75,184,300,736,4
2,1884,75,185,300,740,4
2,1885,75,186,300,744,4
2,1886,75,187,300,748,4
2,1887,75,188,300,752,4
2,1888,75,212,300,851,2
2,1889,75,213,300,852,4
2,1890,75,214,300,856,4
2,1891,75,215,300,860,4
2,1892,75,216,300,864,2
2,1893,75,243,300,973,4
2,1894,75,244,300,977,4
2,1895,75,245,300,980,4
2,1896,75,246,300,984,4
2,1897,75,247,300,988,4
2,1898,75,248,300,992,4
2,1899,75,249,300,996,4
2,1900,75,250,300,1000,4
2,1901,75,251,300,1004,2
2,1902,75,253,302,1014,1
2,1903,75,254,302,1016,2
2,1904,75,255,303,1020,1
2,1905,75,259,300,1036,4
2,1906,75,260,300,1040,4
2,1907,75,261,300,1044,3
2,1908,75,262,303,1051,1
2,1909,75,263,303,1052,1
2,1910,75,264,300,1058,3
2,1911,75,265,300,1060,4
2,1912,75,266,300,1064,4
2,1913,75,267,300,1068,4
2,1914,75,268,300,1072,4
2,1915,75,269,300,1076,4
2,1916,75,270,300,1080,4
2,1917,75,271,300,1084,4
2,1918,75,272,300,1088,4
2,1919,75,273,300,1092,4
2,1920,75,274,300,1096,4
2,1921,75,275,300,1100,4
2,1922,75,276,300,1104,3
2,1923,75,277,303,1111,1
2,1924,75,278,302,1112,1
2,1925,75,283,301,1134,3
2,1926,75,284,301,1136,3
2,1927,76,120,304,483,2
2,1928,76,121,304,484,4
2,1929,76,122,304,488,4
2,1930,76,123,304,492,4
2,1931,76,124,304,496,4
2,1932,76,125,304,500,4
2,1933,76,126,304,504,2
2,1934,76,127,307,508,2
2,1935,76,163,304,653,4
2,1936,76,164,304,656,4
2,1937,76,165,304,660,4
2,1938,76,166,304,664,4
2,1939,76,167,304,668,4
2,1940,76,168,305,672,4
2,1941,76,169,304,676,4
2,1942,76,170,304,680,4
2,1943,76,171,304,684,4
2,1944,76,172,304,688,4
2,1945,76,173,304,692,2
2,1946,76,174,304,698,2
2,1947,76,175,304,700,4
2,1948,76,176,304,704,4
2,1949,76,177,304,708,4
2,1950,76,178,304,712,4
2,1951,76,179,304,716,4
2,1952,76,180,304,720,4
2,1953,76,181,304,724,4
2,1954,76,182,304,728,4
2,1955,76,183,304,732,4
2,1956,76,184,304,736,4
2,1957,76,185,304,740,4
2,1958,76,186,304,744,4
2,1959,76,187,304,748,4
2,1960,76,188,304,752,4
2,1961,76,189,304,756,1
2,1962,76,212,304,851,2
2,1963,76,213,304,852,4
2,1964,76,214,304,856,4
2,1965,76,215,304,860,4
2,1966,76,216,304,864,2
2,1967,76,243,304,973,4
2,1968,76,244,304,976,4
2,1969,76,245,304,980,4
2,1970,76,246,304,984,4
2,1971,76,247,304,988,4
2,1972,76,248,304,992,4
2,1973,76,249,304,996,4
2,1974,76,250,304,1000,4
2,1975,76,251,304,1004,4
2,1976,76,252,304,1008,4
2,1977,76,253,304,1012,4
2,1978,76,254,304,1016,4
2,1979,76,255,304,1020,4
2,1980,76,256,304,1024,3
2,1981,76,257,304,1030,3
2,1982,76,258,304,1032,4
2,1983,76,259,304,1036,4
2,1984,76,260,304,1040,4
2,1985,76,261,304,1044,4
2,1986,76,262,304,1048,4
2,1987,76,263,304,1052,4
2,1988,76,264,304,1056,4
2,1989,76,265,304,1060,4
2,1990,76,266,304,1064,4
2,1991,76,267,304,1068,4
2,1992,76,268,304,1072,4
2,1993,76,269,304,1076,4
2,1994,76,270,304,1080,4
2,1995,76,271,304,1084,4
2,1996,76,272,304,1088,4
2,1997,76,273,304,1092,2
2,1998,76,273,307,1092,2
2,1999,76,274,304,1096,4
2,2000,76,275,304,1100,4
2,2001,76,276,304,1104,4
2,2002,76,277,304,1108,4
2,2003,76,278,304,1112,4
2,2004,76,279,305,1116,4
2,2005,76,280,305,1120,4
2,2006,76,281,305,1124,4
2,2007,76,282,305,1128,4
2,2008,76,283,304,1132,4
2,2009,76,284,304,1136,4
2,2010,76,285,305,1140,4
2,2011,76,286,306,1144,2
2,2012,76,287,305,1150,3
2,2013,76,288,307,1152,1
2,2014,77,120,308,482,3
2,2015,77,121,308,484,4
2,2016,77,122,308,488,4
2,2017,77,123,308,492,4
2,2018,77,124,308,496,4
2,2019,77,125,308,500,4
2,2020,77,126,308,504,4
2,2021,77,127,308,508,4
2,2022,77,128,311,512,1
2,2023,77,163,308,653,4
2,2024,77,164,308,656,4
2,2025,77,165,308,660,4
2,2026,77,166,308,664,4
2,2027,77,167,308,668,4
2,2028,77,168,308,672,4
2,2029,77,169,308,676,4
2,2030,77,170,308,680,4
2,2031,77,171,308,684,4
2,2032,77,172,308,688,4
2,2033,77,173,308,692,4
2,2034,77,174,308,696,4
2,2035,77,175,308,700,4
2,2036,77,176,308,704,4
2,2037,77,177,308,708,4
2,2038,77,178,308,712,4
2,2039,77,179,308,716,4
2,2040,77,180,308,720,4
2,2041,77,181,308,724,4
2,2042,77,182,308,728,4
2,2043,77,183,308,732,4
2,2044,77,184,308,736,4
2,2045,77,185,308,740,4
2,2046,77,186,308,744,4
2,2047,77,187,308,748,4
2,2048,77,188,308,752,4
2,2049,77,189,309,756,3
2,2050,77,212,308,851,2
2,2051,77,213,308,852,4
2,2052,77,214,308,856,4
2,2053,77,215,308,860,4
2,2054,77,243,308,972,4
2,2055,77,244,308,976,4
2,2056,77,245,308,980,4
2,2057,77,246,308,984,4
2,2058,77,247,308,988,4
2,2059,77,248,308,992,4
2,2060,77,249,308,996,4
2,2061,77,250,308,1000,4
2,2062,77,251,308,1004,4
2,2063,77,252,308,1008,4
2,2064,77,253,308,1012,4
2,2065,77,254,308,1016,4
2,2066,77,255,308,1020,4
2,2067,77,256,308,1024,4
2,2068,77,257,308,1028,4
2,2069,77,258,308,1032,4
2,2070,77,259,308,1036,4
2,2071,77,260,308,1040,4
2,2072,77,261,308,1044,4
2,2073,77,262,308,1048,4
2,2074,77,263,308,1052,4
2,2075,77,264,308,1056,4
2,2076,77,265,308,1060,4
2,2077,77,266,308,1064,4
2,2078,77,267,308,1068,4
2,2079,77,268,308,1072,4
2,2080,77,269,308,1076,4
2,2081,77,270,308,1080,4
2,2082,77,271,308,1084,4
2,2083,77,272,308,1088,4
2,2084,77,273,308,1092,4
2,2085,77,274,308,1096,4
2,2086,77,275,308,1100,4
2,2087,77,276,308,1104,4
2,2088,77,277,308,1108,4
2,2089,77,278,308,1112,4
2,2090,77,279,308,1116,4
2,2091,77,280,308,1120,4
2,2092,77,281,308,1124,4
2,2093,77,282,308,1128,4
2,2094,77,283,308,1132,4
2,2095,77,284,308,1136,4
2,2096,77,285,308,1140,4
2,2097,77,286,308,1144,4
2,2098,77,287,308,1148,4
2,2099,77,288,308,1152,3
2,2100,78,119,315,479,1
2,2101,78,120,312,480,4
2,2102,78,121,312,484,4
2,2103,78,122,312,488,4
2,2104,78,123,312,492,4
2,2105,78,124,312,496,4
2,2106,78,125,312,500,4
2,2107,78,126,312,504,4
2,2108,78,127,312,508,4
2,2109,78,128,312,512,2
2,2110,78,163,312,653,4
2,2111,78,164,312,656,4
2,2112,78,165,312,660,4
2,2113,78,166,312,664,4
2,2114,78,167,312,668,3
2,2115,78,168,312,672,2
2,2116,78,169,312,676,4
2,2117,78,170,312,680,4
2,2118,78,171,312,684,4
2,2119,78,172,312,688,4
2,2120,78,173,312,692,3
2,2121,78,176,312,704,2
2,2122,78,177,312,708,2
2,2123,78,178,312,712,3
2,2124,78,179,312,716,4
2,2125,78,180,312,720,4
2,2126,78,181,312,724,4
2,2127,78,182,312,728,4
2,2128,78,183,312,732,4
2,2129,78,184,312,736,4
2,2130,78,185,312,740,4
2,2131,78,186,312,744,4
2,2132,78,187,312,748,4
2,2133,78,188,312,752,4
2,2134,78,189,312,756,4
2,2135,78,212,312,851,2
2,2136,78,213,312,852,4
2,2137,78,214,312,856,4
2,2138,78,215,312,860,4
2,2139,78,216,315,864,1
2,2140,78,242,315,971,1
2,2141,78,243,312,972,2
2,2142,78,244,312,976,4
2,2143,78,245,312,980,4
2,2144,78,246,312,984,4
2,2145,78,247,312,988,4
2,2146,78,248,312,992,4
2,2147,78,249,312,996,4
2,2148,78,250,312,1000,4
2,2149,78,251,312,1004,3
2,2150,78,252,312,1008,2
2,2151,78,253,312,1012,3
2,2152,78,254,312,1016,4
2,2153,78,255,312,1020,4
2,2154,78,256,312,1024,3
2,2155,78,257,312,1028,3
2,2156,78,258,312,1032,4
2,2157,78,259,312,1036,4
2,2158,78,260,312,1040,4
2,2159,78,261,312,1044,4
2,2160,78,262,312,1048,4
2,2161,78,263,312,1052,4
2,2162,78,264,312,1056,4
2,2163,78,265,312,1060,4
2,2164,78,266,312,1064,4
2,2165,78,267,312,1068,4
2,2166,78,268,312,1072,4
2,2167,78,269,312,1076,4
2,2168,78,270,312,1080,4
2,2169,78,271,312,1084,4
2,2170,78,272,312,1088,4
2,2171,78,273,314,1092,2
2,2172,78,274,312,1098,3
2,2173,78,275,312,1100,4
2,2174,78,276,312,1104,4
2,2175,78,277,312,1108,3
2,2176,78,278,312,1112,1
2,2177,78,279,312,1117,2
2,2178,78,280,312,1120,4
2,2179,78,281,312,1124,4
2,2180,78,282,312,1128,2
2,2181,78,283,312,1132,2
2,2182,78,284,312,1136,2
2,2183,78,285,312,1140,2
2,2184,78,286,312,1144,4
2,2185,78,287,312,1148,3
2,2186,79,119,316,479,2
2,2187,79,120,316,480,4
2,2188,79,121,316,484,4
2,2189,79,122,316,488,4
2,2190,79,123,316,492,4
2,2191,79,124,316,496,4
2,2192,79,125,316,500,4
2,2193,79,126,316,504,4
2,2194,79,127,316,508,4
2,2195,79,128,316,512,4
2,2196,79,129,316,516,4
2,2197,79,130,316,520,4
2,2198,79,131,316,524,4
2,2199,79,132,319,528,1
2,2200,79,163,316,653,4
2,2201,79,164,316,656,4
2,2202,79,165,316,660,4
2,2203,79,166,316,664,4
2,2204,79,167,316,668,1
2,2205,79,169,316,676,4
2,2206,79,170,316,680,4
2,2207,79,171,316,684,4
2,2208,79,172,316,688,4
2,2209,79,173,316,692,2
2,2210,79,178,316,715,2
2,2211,79,179,316,716,4
2,2212,79,180,316,720,4
2,2213,79,181,316,724,4
2,2214,79,182,316,728,4
2,2215,79,183,316,732,4
2,2216,79,184,316,736,4
2,2217,79,185,316,740,4
2,2218,79,186,316,744,4
2,2219,79,187,316,748,4
2,2220,79,188,316,752,4
2,2221,79,189,316,756,4
2,2222,79,190,317,760,1
2,2223,79,212,316,851,2
2,2224,79,213,316,852,4
2,2225,79,214,316,856,4
2,2226,79,215,316,860,4
2,2227,79,216,316,864,2
2,2228,79,242,316,970,3
2,2229,79,243,318,972,2
2,2230,79,244,316,977,4
2,2231,79,245,316,980,4
2,2232,79,246,316,984,4
2,2233,79,247,316,988,4
2,2234,79,248,316,992,4
2,2235,79,249,316,996,4
2,2236,79,250,316,1000,4
2,2237,79,251,316,1004,2
2,2238,79,253,316,1014,1
2,2239,79,254,316,1016,1
2,2240,79,259,316,1036,4
2,2241,79,260,316,1040,4
2,2242,79,261,316,1044,2
2,2243,79,264,316,1058,2
2,2244,79,265,316,1060,4
2,2245,79,266,316,1064,4
2,2246,79,267,316,1068,4
2,2247,79,268,316,1072,4
2,2248,79,269,316,1076,4
2,2249,79,270,316,1080,4
2,2250,79,271,316,1084,4
2,2251,79,272,316,1088,4
2,2252,79,273,316,1092,4
2,2253,79,274,316,1096,4
2,2254,79,275,316,1100,4
2,2255,79,276,316,1104,2
2,2256,79,280,316,1122,1
2,2257,79,281,316,1124,1
2,2258,79,286,316,1146,1
2,2259,80,119,320,477,4
2,2260,80,120,320,480,4
2,2261,80,121,320,484,4
2,2262,80,122,320,488,4
2,2263,80,123,320,492,4
2,2264,80,124,320,496,4
2,2265,80,125,320,500,4
2,2266,80,126,320,504,4
2,2267,80,127,320,508,4
2,2268,80,128,320,512,4
2,2269,80,129,320,516,4
2,2270,80,130,320,520,4
2,2271,80,131,320,524,4
2,2272,80,132,320,528,4
2,2273,80,163,320,655,2
2,2274,80,164,320,656,4
2,2275,80,165,320,660,4
2,2276,80,169,320,679,1
2,2277,80,170,320,680,3
2,2278,80,171,320,684,4
2,2279,80,178,320,715,2
2,2280,80,179,320,716,4
2,2281,80,180,320,720,4
2,2282,80,181,320,724,4
2,2283,80,182,320,728,4
2,2284,80,183,320,732,4
2,2285,80,184,320,736,4
2,2286,80,185,320,740,4
2,2287,80,186,320,744,4
2,2288,80,187,320,748,4
2,2289,80,188,320,752,4
2,2290,80,189,320,756,4
2,2291,80,190,321,760,3
2,2292,80,212,320,851,2
2,2293,80,213,320,852,4
2,2294,80,214,320,856,4
2,2295,80,215,320,860,4
2,2296,80,216,320,864,2
2,2297,80,242,320,969,4
2,2298,80,243,320,972,4
2,2299,80,244,320,976,4
2,2300,80,245,320,980,4
2,2301,80,246,320,984,4
2,2302,80,247,320,988,4
2,2303,80,248,320,992,4
2,2304,80,249,320,996,4
2,2305,80,250,320,1000,4
2,2306,80,251,320,1004,2
2,2307,80,258,320,1032,3
2,2308,80,259,320,1036,4
2,2309,80,260,320,1040,4
2,2310,80,261,320,1044,3
2,2311,80,265,320,1061,4
2,2312,80,266,320,1064,4
2,2313,80,267,320,1068,4
2,2314,80,268,320,1072,4
2,2315,80,269,320,1076,4
2,2316,80,270,320,1080,4
2,2317,80,271,320,1084,4
2,2318,80,272,320,1088,4
2,2319,80,273,320,1092,4
2,2320,80,274,320,1096,4
2,2321,80,275,320,1100,4
2,2322,80,276,320,1104,3
2,2323,81,118,326,475,1
2,2324,81,119,324,476,4
2,2325,81,120,324,480,4
2,2326,81,121,324,484,4
2,2327,81,122,324,488,4
2,2328,81,123,324,492,4
2,2329,81,124,324,496,4
2,2330,81,125,324,500,4
2,2331,81,126,324,504,4
2,2332,81,127,324,508,4
2,2333,81,128,324,512,4
2,2334,81,129,324,516,3
2,2335,81,129,326,519,1
2,2336,81,130,324,520,2
2,2337,81,130,326,520,2
2,2338,81,131,324,524,2
2,2339,81,131,326,524,2
2,2340,81,132,324,528,4
2,2341,81,133,324,532,3
2,2342,81,163,324,655,2
2,2343,81,164,324,656,4
2,2344,81,165,324,660,3
2,2345,81,166,327,664,1
2,2346,81,170,324,683,2
2,2347,81,171,324,684,4
2,2348,81,172,327,688,1
2,2349,81,178,324,715,2
2,2350,81,179,324,716,4
2,2351,81,180,324,720,4
2,2352,81,181,324,724,4
2,2353,81,182,324,728,4
2,2354,81,183,324,732,4
2,2355,81,184,324,736,4
2,2356,81,185,324,740,4
2,2357,81,186,324,744,4
2,2358,81,187,324,748,4
2,2359,81,188,324,752,4
2,2360,81,189,324,756,4
2,2361,81,190,324,760,4
2,2362,81,212,324,851,2
2,2363,81,213,324,852,4
2,2364,81,214,324,856,4
2,2365,81,215,324,860,4
2,2366,81,216,324,864,1
2,2367,81,241,324,967,2
2,2368,81,242,324,968,4
2,2369,81,243,324,972,4
2,2370,81,244,324,976,4
2,2371,81,245,324,980,4
2,2372,81,246,324,984,4
2,2373,81,247,324,988,4
2,2374,81,248,324,992,4
2,2375,81,249,324,996,4
2,2376,81,250,324,1000,4
2,2377,81,251,324,1004,2
2,2378,81,259,324,1036,3
2,2379,81,260,324,1041,3
2,2380,81,265,324,1061,4
2,2381,81,266,324,1064,4
2,2382,81,267,324,1068,4
2,2383,81,268,324,1072,4
2,2384,81,269,324,1076,4
2,2385,81,270,324,1080,4
2,2386,81,271,324,1084,4
2,2387,81,272,324,1088,4
2,2388,81,273,324,1092,4
2,2389,81,274,324,1096,4
2,2390,81,275,324,1100,3
2,2391,82,118,328,475,2
2,2392,82,119,328,476,4
2,2393,82,120,328,480,4
2,2394,82,121,328,484,4
2,2395,82,122,328,488,4
2,2396,82,123,328,492,4
2,2397,82,124,328,496,4
2,2398,82,125,328,500,4
2,2399,82,126,328,504,4
2,2400,82,127,328,508,4
2,2401,82,128,328,512,3
2,2402,82,128,331,515,1
2,2403,82,129,328,517,4
2,2404,82,129,331,519,1
2,2405,82,130,328,520,4
2,2406,82,131,328,524,4
2,2407,82,132,328,528,4
2,2408,82,133,328,532,4
2,2409,82,134,329,536,3
2,2410,82,178,328,715,2
2,2411,82,179,328,716,4
2,2412,82,180,328,720,4
2,2413,82,181,328,724,4
2,2414,82,182,328,728,4
2,2415,82,183,328,732,4
2,2416,82,184,328,736,4
2,2417,82,185,328,740,4
2,2418,82,186,328,744,4
2,2419,82,187,328,748,4
2,2420,82,188,328,752,4
2,2421,82,189,328,756,4
2,2422,82,190,328,760,4
2,2423,82,191,329,764,1
2,2424,82,212,328,851,2
2,2425,82,213,328,852,4
2,2426,82,214,328,856,4
2,2427,82,215,328,860,4
2,2428,82,216,331,864,1
2,2429,82,241,328,965,4
2,2430,82,242,328,968,4
2,2431,82,243,328,972,4
2,2432,82,244,328,976,4
2,2433,82,245,328,980,4
2,2434,82,246,328,984,4
2,2435,82,247,328,988,4
2,2436,82,248,328,992,4
2,2437,82,249,328,996,4
2,2438,82,250,328,1000,4
2,2439,82,251,328,1004,4
2,2440,82,264,329,1059,3
2,2441,82,265,328,1060,4
2,2442,82,266,328,1064,4
2,2443,82,267,328,1068,4
2,2444,82,268,328,1072,4
2,2445,82,269,328,1076,4
2,2446,82,270,328,1080,4
2,2447,82,271,328,1084,4
2,2448,82,272,328,1088,4
2,2449,82,273,328,1092,2
2,2450,83,51,333,205,4
2,2451,83,52,334,208,2
2,2452,83,53,335,212,2
2,2453,83,118,332,473,4
2,2454,83,119,332,476,4
2,2455,83,120,332,480,4
2,2456,83,121,332,484,4
2,2457,83,122,332,488,4
2,2458,83,123,332,492,4
2,2459,83,124,332,496,4
2,2460,83,125,332,500,4
2,2461,83,126,332,504,4
2,2462,83,127,332,508,4
2,2463,83,128,332,512,1
2,2464,83,128,332,515,2
2,2465,83,128,335,512,1
2,2466,83,129,332,516,4
2,2467,83,130,332,520,4
2,2468,83,131,332,524,2
2,2469,83,132,332,528,4
2,2470,83,133,332,532,4
2,2471,83,134,332,536,4
2,2472,83,135,334,540,1
2,2473,83,178,332,715,1
2,2474,83,179,332,716,4
2,2475,83,180,332,720,4
2,2476,83,181,332,724,4
2,2477,83,182,332,728,4
2,2478,83,183,332,732,4
2,2479,83,184,332,736,4
2,2480,83,185,332,740,4
2,2481,83,186,332,744,4
2,2482,83,187,332,748,4
2,2483,83,188,332,752,4
2,2484,83,189,332,756,4
2,2485,83,190,332,760,4
2,2486,83,191,334,764,1
2,2487,83,212,332,851,2
2,2488,83,213,332,852,4
2,2489,83,214,332,856,4
2,2490,83,215,332,860,4
2,2491,83,216,332,864,2
2,2492,83,240,334,963,1
2,2493,83,241,332,964,4
2,2494,83,242,332,968,4
2,2495,83,243,332,972,4
2,2496,83,244,332,976,4
2,2497,83,245,332,980,4
2,2498,83,246,332,984,4
2,2499,83,247,332,988,4
2,2500,83,248,332,992,4
2,2501,83,249,332,996,4
2,2502,83,250,332,1000,4
2,2503,83,251,332,1004,4
2,2504,83,252,334,1008,1
2,2505,83,264,332,1056,3
2,2506,83,265,332,1060,4
2,2507,83,266,332,1064,4
2,2508,83,267,332,1068,4
2,2509,83,268,332,1072,4
2,2510,83,269,332,1076,4
2,2511,83,270,332,1080,4
2,2512,83,271,332,1084,4
2,2513,83,272,332,1088,4
2,2514,83,273,332,1092,3
2,2515,84,51,336,205,4
2,2516,84,52,336,208,4
2,2517,84,53,336,212,4
2,2518,84,54,336,216,4
2,2519,84,55,337,220,3
2,2520,84,56,338,224,2
2,2521,84,57,339,228,1
2,2522,84,58,339,232,2
2,2523,84,59,337,239,3
2,2524,84,60,337,240,4
2,2525,84,117,336,471,2
2,2526,84,118,336,472,4
2,2527,84,119,336,476,4
2,2528,84,120,336,480,4
2,2529,84,121,336,484,4
2,2530,84,122,336,488,4
2,2531,84,123,336,492,4
2,2532,84,124,336,496,4
2,2533,84,125,336,500,4
2,2534,84,126,336,504,4
2,2535,84,127,336,508,4
2,2536,84,128,336,512,4
2,2537,84,129,336,516,3
2,2538,84,129,339,516,1
2,2539,84,130,336,520,4
2,2540,84,131,337,524,3
2,2541,84,132,336,529,4
2,2542,84,133,336,532,4
2,2543,84,134,336,536,4
2,2544,84,135,336,540,4
2,2545,84,136,337,544,3
2,2546,84,137,338,548,1
2,2547,84,181,336,726,2
2,2548,84,182,336,728,4
2,2549,84,183,336,732,4
2,2550,84,184,336,736,4
2,2551,84,185,336,740,4
2,2552,84,186,336,744,4
2,2553,84,187,336,748,4
2,2554,84,188,336,752,4
2,2555,84,189,336,756,4
2,2556,84,190,336,760,4
2,2557,84,191,336,764,2
2,2558,84,212,336,851,2
2,2559,84,213,336,852,4
2,2560,84,214,336,856,4
2,2561,84,215,336,860,4
2,2562,84,216,336,864,2
2,2563,84,240,336,963,2
2,2564,84,241,336,964,4
2,2565,84,242,336,968,4
2,2566,84,243,336,972,4
2,2567,84,244,336,976,4
2,2568,84,245,336,980,4
2,2569,84,246,336,984,4
2,2570,84,247,336,988,4
2,2571,84,248,336,992,4
2,2572,84,249,336,996,4
2,2573,84,250,336,1000,4
2,2574,84,251,336,1004,4
2,2575,84,252,336,1008,3
2,2576,84,253,339,1012,2
2,2577,84,254,339,1016,2
2,2578,84,255,339,1020,2
2,2579,84,256,339,1024,2
2,2580,84,265,336,1060,3
2,2581,84,266,336,1064,4
2,2582,84,267,336,1068,2
2,2583,84,270,336,1081,2
2,2584,84,271,336,1084,4
2,2585,84,272,336,1088,3
2,2586,84,277,337,1111,2
2,2587,84,278,339,1112,1
2,2588,84,279,339,1119,1
2,2589,84,280,337,1120,4
2,2590,84,281,339,1124,1
2,2591,84,313,339,1252,2
2,2592,84,314,339,1256,2
2,2593,84,315,339,1260,1
2,2594,85,50,342,203,1
2,2595,85,51,340,204,4
2,2596,85,52,340,208,4
2,2597,85,53,340,212,4
2,2598,85,54,340,216,4
2,2599,85,55,340,220,4
2,2600,85,56,340,224,4
2,2601,85,57,340,228,4
2,2602,85,58,340,232,4
2,2603,85,59,340,236,4
2,2604,85,60,340,240,3
2,2605,85,116,343,467,1
2,2606,85,117,340,469,4
2,2607,85,118,340,472,4
2,2608,85,119,340,476,4
2,2609,85,120,340,480,4
2,2610,85,121,340,484,4
2,2611,85,122,340,488,4
2,2612,85,123,340,492,4
2,2613,85,124,340,496,4
2,2614,85,125,340,500,4
2,2615,85,126,340,504,4
2,2616,85,127,340,508,4
2,2617,85,128,340,512,4
2,2618,85,129,340,516,4
2,2619,85,130,340,520,3
2,2620,85,130,343,520,1
2,2621,85,131,340,524,4
2,2622,85,132,340,528,4
2,2623,85,133,340,532,4
2,2624,85,134,340,536,4
2,2625,85,135,340,540,4
2,2626,85,136,340,544,4
2,2627,85,137,340,548,2
2,2628,85,177,343,711,1
2,2629,85,178,340,713,4
2,2630,85,179,340,716,3
2,2631,85,180,343,720,1
2,2632,85,181,340,727,3
2,2633,85,182,340,728,4
2,2634,85,183,340,732,4
2,2635,85,184,340,736,4
2,2636,85,185,340,740,4
2,2637,85,186,340,744,4
2,2638,85,187,340,748,4
2,2639,85,188,340,752,4
2,2640,85,189,340,756,4
2,2641,85,190,340,760,4
2,2642,85,191,340,764,2
2,2643,85,212,340,851,2
2,2644,85,213,340,852,4
2,2645,85,214,340,856,4
2,2646,85,215,340,860,4
2,2647,85,216,340,864,1
2,2648,85,240,340,962,2
2,2649,85,241,340,964,2
2,2650,85,242,340,968,4
2,2651,85,243,340,972,4
2,2652,85,244,340,976,4
2,2653,85,245,340,980,4
2,2654,85,246,340,984,4
2,2655,85,247,340,988,4
2,2656,85,248,340,992,4
2,2657,85,249,340,996,4
2,2658,85,250,340,1000,4
2,2659,85,251,340,1004,4
2,2660,85,252,340,1008,4
2,2661,85,253,340,1012,4
2,2662,85,254,340,1016,4
2,2663,85,255,340,1020,4
2,2664,85,256,340,1024,4
2,2665,85,257,340,1028,4
2,2666,85,258,343,1032,2
2,2667,85,259,343,1036,1
2,2668,85,266,340,1064,1
2,2669,85,271,340,1086,1
2,2670,85,277,340,1110,2
2,2671,85,278,340,1112,4
2,2672,85,279,341,1116,4
2,2673,85,280,340,1120,4
2,2674,85,281,340,1124,4
2,2675,85,310,343,1240,2
2,2676,85,311,341,1245,4
2,2677,85,312,340,1248,4
2,2678,85,313,340,1252,2
2,2679,85,314,340,1256,1
2,2680,85,324,341,1299,1
2,2681,85,325,341,1300,3
2,2682,85,326,343,1304,1
2,2683,86,51,344,205,3
2,2684,86,52,344,208,4
2,2685,86,53,344,212,4
2,2686,86,54,344,216,4
2,2687,86,55,344,220,4
2,2688,86,56,344,224,4
2,2689,86,57,344,228,4
2,2690,86,58,344,232,4
2,2691,86,59,344,236,4
2,2692,86,60,344,240,2
2,2693,86,116,345,465,4
2,2694,86,117,344,468,4
2,2695,86,118,344,472,4
2,2696,86,119,344,476,4
2,2697,86,120,344,480,4
2,2698,86,121,344,484,4
2,2699,86,122,344,488,4
2,2700,86,123,344,492,4
2,2701,86,124,344,496,4
2,2702,86,125,344,500,4
2,2703,86,126,344,504,4
2,2704,86,127,344,508,4
2,2705,86,128,344,512,4
2,2706,86,129,344,516,4
2,2707,86,130,344,520,4
2,2708,86,131,344,526,1
2,2709,86,131,347,524,1
2,2710,86,132,344,528,4
2,2711,86,133,344,532,4
2,2712,86,134,344,536,4
2,2713,86,135,344,540,4
2,2714,86,136,344,544,4
2,2715,86,137,344,548,2
2,2716,86,176,346,707,1
2,2717,86,177,345,708,4
2,2718,86,178,344,712,4
2,2719,86,179,344,716,4
2,2720,86,180,344,720,4
2,2721,86,181,344,724,4
2,2722,86,182,344,728,4
2,2723,86,183,344,732,4
2,2724,86,184,344,736,4
2,2725,86,185,344,740,4
2,2726,86,186,344,744,4
2,2727,86,187,344,748,4
2,2728,86,188,344,752,2
2,2729,86,189,344,759,2
2,2730,86,190,344,760,4
2,2731,86,191,344,764,2
2,2732,86,212,344,851,2
2,2733,86,213,344,852,4
2,2734,86,214,344,856,4
2,2735,86,215,344,860,4
2,2736,86,240,344,963,2
2,2737,86,241,345,964,3
2,2738,86,242,344,969,4
2,2739,86,243,344,972,4
2,2740,86,244,344,976,4
2,2741,86,245,344,980,4
2,2742,86,246,344,984,4
2,2743,86,247,344,988,4
2,2744,86,248,344,992,4
2,2745,86,249,344,996,4
2,2746,86,250,344,1000,4
2,2747,86,251,344,1004,4
2,2748,86,252,344,1008,4
2,2749,86,253,344,1012,4
2,2750,86,254,344,1016,4
2,2751,86,255,344,1020,4
2,2752,86,256,344,1024,4
2,2753,86,257,344,1028,4
2,2754,86,258,344,1032,4
2,2755,86,259,344,1036,4
2,2756,86,277,344,1111,2
2,2757,86,278,344,1112,4
2,2758,86,279,344,1116,4
2,2759,86,280,344,1120,4
2,2760,86,281,344,1124,4
2,2761,86,282,344,1128,4
2,2762,86,308,346,1235,1
2,2763,86,309,345,1237,4
2,2764,86,310,344,1240,4
2,2765,86,311,344,1244,4
2,2766,86,312,344,1248,1
2,2767,86,325,344,1302,3
2,2768,86,326,344,1304,4
2,2769,87,52,348,209,3
2,2770,87,53,348,212,4
2,2771,87,54,348,216,4
2,2772,87,55,348,220,4
2,2773,87,56,348,224,4
2,2774,87,57,348,228,4
2,2775,87,58,348,232,4
2,2776,87,59,348,236,4
2,2777,87,60,348,240,2
2,2778,87,115,348,463,3
2,2779,87,116,348,464,4
2,2780,87,117,348,468,4
2,2781,87,118,348,472,4
2,2782,87,119,348,476,4
2,2783,87,120,348,480,4
2,2784,87,121,348,484,4
2,2785,87,122,348,488,4
2,2786,87,123,348,492,4
2,2787,87,124,348,496,4
2,2788,87,125,348,500,4
2,2789,87,126,348,504,4
2,2790,87,127,348,508,4
2,2791,87,128,348,512,4
2,2792,87,129,348,516,4
2,2793,87,130,348,520,4
2,2794,87,131,348,524,4
2,2795,87,132,348,529,3
2,2796,87,132,351,528,1
2,2797,87,133,348,532,4
2,2798,87,134,348,536,4
2,2799,87,135,348,540,4
2,2800,87,136,348,544,4
2,2801,87,137,348,548,2
2,2802,87,176,348,705,2
2,2803,87,177,348,708,3
2,2804,87,178,348,712,4
2,2805,87,179,348,716,4
2,2806,87,180,348,720,4
2,2807,87,181,348,724,4
2,2808,87,182,348,728,4
2,2809,87,183,348,732,4
2,2810,87,184,348,736,4
2,2811,87,185,348,740,4
2,2812,87,186,348,744,4
2,2813,87,187,348,748,4
2,2814,87,188,348,752,4
2,2815,87,189,348,756,4
2,2816,87,190,348,760,4
2,2817,87,191,348,764,1
2,2818,87,212,348,851,2
2,2819,87,213,348,852,4
2,2820,87,214,348,856,4
2,2821,87,215,348,860,4
2,2822,87,216,348,864,2
2,2823,87,228,351,915,1
2,2824,87,229,351,916,2
2,2825,87,230,351,920,2
2,2826,87,231,351,924,2
2,2827,87,232,351,928,2
2,2828,87,233,351,932,2
2,2829,87,234,351,936,1
2,2830,87,235,351,943,1
2,2831,87,236,351,944,2
2,2832,87,237,351,948,2
2,2833,87,238,351,952,2
2,2834,87,239,351,956,1
2,2835,87,240,348,963,2
2,2836,87,241,348,964,4
2,2837,87,242,348,968,4
2,2838,87,243,348,972,4
2,2839,87,244,348,976,4
2,2840,87,245,348,980,4
2,2841,87,246,348,984,4
2,2842,87,247,348,988,4
2,2843,87,248,348,992,4
2,2844,87,249,348,996,4
2,2845,87,250,348,1000,4
2,2846,87,251,348,1004,4
2,2847,87,252,348,1008,4
2,2848,87,253,348,1012,4
2,2849,87,254,348,1016,4
2,2850,87,255,348,1020,4
2,2851,87,256,348,1024,4
2,2852,87,257,348,1028,4
2,2853,87,258,348,1032,4
2,2854,87,259,348,1036,4
2,2855,87,276,350,1106,1
2,2856,87,277,348,1108,4
2,2857,87,278,348,1112,4
2,2858,87,279,348,1116,4
2,2859,87,280,348,1120,4
2,2860,87,281,348,1124,4
2,2861,87,282,348,1128,4
2,2862,87,283,348,1132,3
2,2863,87,308,348,1232,4
2,2864,87,309,348,1236,4
2,2865,87,310,348,1240,4
2,2866,87,311,348,1244,1
2,2867,87,324,349,1299,1
2,2868,87,325,348,1300,4
2,2869,87,326,348,1304,4
2,2870,87,327,348,1308,2
2,2871,88,51,355,207,1
2,2872,88,52,352,209,4
2,2873,88,53,352,212,4
2,2874,88,54,352,216,4
2,2875,88,55,352,220,4
2,2876,88,56,352,224,4
2,2877,88,57,352,228,4
2,2878,88,58,352,232,4
2,2879,88,59,352,236,4
2,2880,88,60,352,240,2
2,2881,88,114,353,459,2
2,2882,88,115,352,460,4
2,2883,88,116,352,464,4
2,2884,88,117,352,468,4
2,2885,88,118,352,472,4
2,2886,88,119,352,476,4
2,2887,88,120,352,480,4
2,2888,88,121,352,484,4
2,2889,88,122,352,488,4
2,2890,88,123,352,492,4
2,2891,88,124,352,496,4
2,2892,88,125,352,500,4
2,2893,88,126,352,504,4
2,2894,88,127,352,508,4
2,2895,88,128,352,512,4
2,2896,88,129,352,516,4
2,2897,88,130,352,520,4
2,2898,88,131,352,524,4
2,2899,88,132,352,528,4
2,2900,88,133,352,532,4
2,2901,88,134,352,536,4
2,2902,88,135,352,540,4
2,2903,88,136,352,544,4
2,2904,88,137,352,548,2
2,2905,88,174,352,697,4
2,2906,88,175,352,700,4
2,2907,88,176,352,704,4
2,2908,88,177,352,708,3
2,2909,88,178,352,713,4
2,2910,88,179,352,716,4
2,2911,88,180,352,720,4
2,2912,88,181,352,724,4
2,2913,88,182,352,728,4
2,2914,88,183,352,732,4
2,2915,88,184,352,736,4
2,2916,88,185,352,740,4
2,2917,88,186,352,744,4
2,2918,88,187,352,748,4
2,2919,88,188,352,752,2
2,2920,88,189,352,756,3
2,2921,88,190,352,760,3
2,2922,88,211,355,844,2
2,2923,88,212,352,851,3
2,2924,88,213,352,852,4
2,2925,88,214,352,856,4
2,2926,88,215,352,860,4
2,2927,88,216,352,864,3
2,2928,88,217,354,868,2
2,2929,88,218,355,872,2
2,2930,88,219,355,876,2
2,2931,88,220,354,880,1
2,2932,88,229,352,916,2
2,2933,88,230,352,920,4
2,2934,88,231,352,924,4
2,2935,88,232,352,928,4
2,2936,88,233,352,932,4
2,2937,88,234,352,936,4
2,2938,88,235,353,940,4
2,2939,88,236,352,944,4
2,2940,88,237,352,948,4
2,2941,88,238,352,952,4
2,2942,88,239,352,956,4
2,2943,88,240,353,960,4
2,2944,88,241,352,964,4
2,2945,88,242,352,968,4
2,2946,88,243,352,972,4
2,2947,88,244,352,976,4
2,2948,88,245,352,980,4
2,2949,88,246,352,984,4
2,2950,88,247,352,988,4
2,2951,88,248,352,992,4
2,2952,88,249,352,996,4
2,2953,88,250,352,1000,4
2,2954,88,251,352,1004,4
2,2955,88,252,352,1008,4
2,2956,88,253,352,1012,4
2,2957,88,254,352,1016,4
2,2958,88,255,352,1020,4
2,2959,88,256,352,1024,4
2,2960,88,257,352,1028,4
2,2961,88,258,352,1032,4
2,2962,88,259,352,1036,4
2,2963,88,260,353,1040,2
2,2964,88,275,355,1102,1
2,2965,88,276,353,1105,4
2,2966,88,277,352,1108,4
2,2967,88,278,352,1112,4
2,2968,88,282,352,1128,4
2,2969,88,283,352,1132,4
2,2970,88,284,353,1136,2
2,2971,88,307,352,1231,2
2,2972,88,308,352,1232,4
2,2973,88,309,352,1236,4
2,2974,88,310,352,1240,2
2,2975,88,325,352,1301,4
2,2976,88,326,352,1304,4
2,2977,88,327,352,1308,3
2,2978,89,51,357,205,3
2,2979,89,52,356,208,4
2,2980,89,53,356,212,4
2,2981,89,54,356,216,4
2,2982,89,55,356,220,4
2,2983,89,56,356,224,4
2,2984,89,57,356,228,4
2,2985,89,58,356,232,4
2,2986,89,59,356,236,4
2,2987,89,60,356,240,3
2,2988,89,61,359,244,2
2,2989,89,62,359,248,2
2,2990,89,63,359,252,2
2,2991,89,64,359,256,2
2,2992,89,65,359,260,2
2,2993,89,66,359,264,2
2,2994,89,67,359,268,2
2,2995,89,68,359,272,2
2,2996,89,69,359,276,2
2,2997,89,70,359,280,2
2,2998,89,71,359,284,2
2,2999,89,72,359,288,2
2,3000,89,73,359,292,2
2,3001,89,74,359,296,2
2,3002,89,75,359,300,2
2,3003,89,76,359,304,2
2,3004,89,77,359,308,2
2,3005,89,78,359,312,2
2,3006,89,79,359,316,2
2,3007,89,80,359,320,2
2,3008,89,81,359,324,2
2,3009,89,82,359,328,2
2,3010,89,83,359,332,2
2,3011,89,84,359,336,2
2,3012,89,85,359,340,2
2,3013,89,86,359,344,2
2,3014,89,87,359,348,2
2,3015,89,88,359,352,2
2,3016,89,89,359,356,2
2,3017,89,90,359,360,2
2,3018,89,91,359,364,2
2,3019,89,92,359,368,2
2,3020,89,93,359,372,2
2,3021,89,94,359,376,2
2,3022,89,95,359,380,2
2,3023,89,96,359,384,2
2,3024,89,97,359,388,2
2,3025,89,98,359,392,2
2,3026,89,99,359,396,2
2,3027,89,100,359,400,2
2,3028,89,101,359,404,2
2,3029,89,102,359,408,2
2,3030,89,103,359,412,2
2,3031,89,104,359,416,2
2,3032,89,105,359,420,2
2,3033,89,106,359,424,2
2,3034,89,107,359,428,2
2,3035,89,108,359,432,2
2,3036,89,109,359,436,2
2,3037,89,110,359,440,2
2,3038,89,111,359,444,2
2,3039,89,112,359,448,2
2,3040,89,113,359,452,2
2,3041,89,114,356,457,4
2,3042,89,115,356,460,4
2,3043,89,116,356,464,4
2,3044,89,117,356,468,4
2,3045,89,118,356,472,4
2,3046,89,119,356,476,4
2,3047,89,120,356,480,4
2,3048,89,121,356,484,4
2,3049,89,122,356,488,4
2,3050,89,123,356,492,4
2,3051,89,124,356,496,4
2,3052,89,125,356,500,4
2,3053,89,126,356,504,4
2,3054,89,127,356,508,4
2,3055,89,128,356,512,4
2,3056,89,129,356,516,4
2,3057,89,130,356,520,4
2,3058,89,131,356,524,4
2,3059,89,132,356,528,4
2,3060,89,133,356,532,4
2,3061,89,134,356,536,4
2,3062,89,135,356,540,4
2,3063,89,136,356,544,4
2,3064,89,137,356,548,1
2,3065,89,172,357,691,2
2,3066,89,173,357,692,4
2,3067,89,174,356,697,4
2,3068,89,175,356,700,4
2,3069,89,176,356,704,3
2,3070,89,177,356,708,1
2,3071,89,177,357,711,3
2,3072,89,178,356,712,4
2,3073,89,179,356,716,4
2,3074,89,180,356,720,4
2,3075,89,181,356,724,4
2,3076,89,182,356,728,4
2,3077,89,183,356,732,4
2,3078,89,184,356,736,4
2,3079,89,185,356,740,4
2,3080,89,186,356,744,4
2,3081,89,187,356,748,2
2,3082,89,189,356,759,2
2,3083,89,190,356,760,1
2,3084,89,190,359,760,1
2,3085,89,211,356,844,4
2,3086,89,212,356,848,4
2,3087,89,213,356,852,4
2,3088,89,214,356,856,4
2,3089,89,215,356,860,4
2,3090,89,216,356,864,4
2,3091,89,217,356,868,4
2,3092,89,218,356,872,4
2,3093,89,219,356,876,4
2,3094,89,220,356,880,2
2,3095,89,230,356,923,1
2,3096,89,231,356,924,4
2,3097,89,232,356,928,4
2,3098,89,233,356,932,4
2,3099,89,234,356,936,4
2,3100,89,235,356,940,4
2,3101,89,236,356,944,4
2,3102,89,237,356,948,4
2,3103,89,238,356,952,4
2,3104,89,239,356,956,4
2,3105,89,240,356,960,4
2,3106,89,241,356,964,4
2,3107,89,242,356,968,4
2,3108,89,243,356,972,4
2,3109,89,244,356,976,4
2,3110,89,245,356,980,4
2,3111,89,246,356,984,4
2,3112,89,247,356,988,4
2,3113,89,248,356,992,4
2,3114,89,249,356,996,4
2,3115,89,250,356,1000,4
2,3116,89,251,356,1004,4
2,3117,89,252,356,1008,4
2,3118,89,253,356,1012,4
2,3119,89,254,356,1016,4
2,3120,89,255,356,1020,4
2,3121,89,256,356,1024,4
2,3122,89,257,356,1028,4
2,3123,89,258,356,1032,4
2,3124,89,259,356,1036,4
2,3125,89,260,356,1040,1
2,3126,89,275,356,1102,3
2,3127,89,276,356,1104,4
2,3128,89,277,356,1108,4
2,3129,89,278,356,1112,4
2,3130,89,279,357,1116,2
2,3131,89,281,357,1127,2
2,3132,89,282,356,1128,4
2,3133,89,283,356,1132,4
2,3134,89,284,359,1136,1
2,3135,89,293,358,1173,2
2,3136,89,294,358,1176,2
2,3137,89,295,359,1180,2
2,3138,89,307,356,1231,2
2,3139,89,308,356,1232,4
2,3140,89,309,356,1236,4
2,3141,89,310,356,1240,2
2,3142,89,325,356,1301,4
2,3143,89,326,356,1304,4
2,3144,89,327,356,1308,4
2,3145,90,49,360,199,1
2,3146,90,50,360,200,4
2,3147,90,51,360,204,4
2,3148,90,52,360,208,4
2,3149,90,53,360,212,4
2,3150,90,54,360,216,4
2,3151,90,55,360,220,4
2,3152,90,56,360,224,4
2,3153,90,57,360,228,4
2,3154,90,58,360,232,4
2,3155,90,59,360,236,4
2,3156,90,60,360,240,4
2,3157,90,61,360,244,4
2,3158,90,62,360,248,4
2,3159,90,63,360,252,4
2,3160,90,64,360,256,4
2,3161,90,65,360,260,4
2,3162,90,66,360,264,4
2,3163,90,67,360,268,4
2,3164,90,68,360,272,4
2,3165,90,69,360,276,4
2,3166,90,70,360,280,4
2,3167,90,71,360,284,4
2,3168,90,72,360,288,4
2,3169,90,73,360,292,4
2,3170,90,74,360,296,4
2,3171,90,75,360,300,4
2,3172,90,76,360,304,4
2,3173,90,77,360,308,4
2,3174,90,78,360,312,4
2,3175,90,79,360,316,4
2,3176,90,80,360,320,4
2,3177,90,81,360,324,4
2,3178,90,82,360,328,4
2,3179,90,83,360,332,4
2,3180,90,84,360,336,4
2,3181,90,85,360,340,4
2,3182,90,86,360,344,4
2,3183,90,87,360,348,4
2,3184,90,88,360,352,4
2,3185,90,89,360,356,4
2,3186,90,90,360,360,4
2,3187,90,91,360,364,4
2,3188,90,92,360,368,4
2,3189,90,93,360,372,4
2,3190,90,94,360,376,4
2,3191,90,95,360,380,4
2,3192,90,96,360,384,4
2,3193,90,97,360,388,4
2,3194,90,98,360,392,4
2,3195,90,99,360,396,4
2,3196,90,100,360,400,4
2,3197,90,101,360,404,4
2,3198,90,102,360,408,4
2,3199,90,103,360,412,4
2,3200,90,104,360,416,4
2,3201,90,105,360,420,4
2,3202,90,106,360,424,4
2,3203,90,107,360,428,4
2,3204,90,108,360,432,4
2,3205,90,109,360,436,4
2,3206,90,110,360,440,4
2,3207,90,111,360,444,4
2,3208,90,112,360,448,4
2,3209,90,113,360,452,4
2,3210,90,114,360,456,4
2,3211,90,115,360,460,4
2,3212,90,116,360,464,4
2,3213,90,117,360,468,4
2,3214,90,118,360,472,4
2,3215,90,119,360,476,4
2,3216,90,120,360,480,4
2,3217,90,121,360,484,4
2,3218,90,122,360,488,4
2,3219,90,123,360,492,4
2,3220,90,124,360,496,4
2,3221,90,125,360,500,4
2,3222,90,126,360,504,4
2,3223,90,127,360,508,4
2,3224,90,128,360,512,4
2,3225,90,129,360,516,4
2,3226,90,130,360,520,4
2,3227,90,131,360,524,4
2,3228,90,132,360,528,4
2,3229,90,133,360,532,4
2,3230,90,134,360,536,4
2,3231,90,135,360,540,4
2,3232,90,136,360,544,4
2,3233,90,173,360,692,4
2,3234,90,174,360,696,4
2,3235,90,175,360,700,3
2,3236,90,176,361,706,3
2,3237,90,177,360,708,4
2,3238,90,178,360,712,4
2,3239,90,179,360,716,4
2,3240,90,180,360,720,4
2,3241,90,181,360,724,4
2,3242,90,182,360,728,4
2,3243,90,183,360,732,4
2,3244,90,184,360,736,4
2,3245,90,185,360,740,4
2,3246,90,186,360,744,4
2,3247,90,187,360,748,4
2,3248,90,211,360,845,3
2,3249,90,212,360,848,4
2,3250,90,213,360,852,4
2,3251,90,214,360,856,4
2,3252,90,215,360,860,4
2,3253,90,216,360,864,4
2,3254,90,217,360,868,4
2,3255,90,218,360,872,4
2,3256,90,219,360,876,4
2,3257,90,231,360,927,1
2,3258,90,232,360,928,4
2,3259,90,233,360,932,4
2,3260,90,234,360,936,4
2,3261,90,235,360,940,4
2,3262,90,236,360,944,4
2,3263,90,237,360,948,4
2,3264,90,238,360,952,4
2,3265,90,239,360,956,4
2,3266,90,240,360,960,4
2,3267,90,241,360,964,4
2,3268,90,242,360,968,4
2,3269,90,243,360,972,4
2,3270,90,244,360,976,4
2,3271,90,245,360,980,4
2,3272,90,246,360,984,4
2,3273,90,247,360,988,4
2,3274,90,248,360,992,4
2,3275,90,249,360,996,4
2,3276,90,250,360,1000,4
2,3277,90,251,360,1004,4
2,3278,90,252,360,1008,4
2,3279,90,253,360,1012,4
2,3280,90,254,360,1016,4
2,3281,90,255,360,1020,4
2,3282,90,256,360,1024,4
2,3283,90,257,360,1028,4
2,3284,90,258,360,1032,4
2,3285,90,259,360,1036,4
2,3286,90,262,363,1051,1
2,3287,90,263,363,1052,2
2,3288,90,266,362,1064,2
2,3289,90,267,362,1068,2
2,3290,90,268,362,1072,2
2,3291,90,269,362,1076,2
2,3292,90,270,362,1080,2
2,3293,90,271,362,1084,2
2,3294,90,272,362,1088,2
2,3295,90,273,362,1092,2
2,3296,90,274,362,1096,1
2,3297,90,276,360,1106,2
2,3298,90,277,360,1108,4
2,3299,90,278,360,1112,3
2,3300,90,282,360,1129,3
2,3301,90,283,360,1132,4
2,3302,90,284,360,1136,2
2,3303,90,287,363,1151,1
2,3304,90,288,363,1152,2
2,3305,90,289,361,1159,3
2,3306,90,290,361,1160,4
2,3307,90,291,361,1164,4
2,3308,90,292,361,1168,4
2,3309,90,293,360,1172,4
2,3310,90,294,360,1176,4
2,3311,90,295,360,1180,4
2,3312,90,296,360,1184,4
2,3313,90,297,361,1188,4
2,3314,90,298,363,1192,2
2,3315,90,299,361,1197,3
2,3316,90,300,362,1200,2
2,3317,90,307,360,1231,2
2,3318,90,308,360,1232,4
2,3319,90,309,360,1236,4
2,3320,90,310,360,1240,3
2,3321,90,325,360,1302,2
2,3322,90,326,360,1304,4
2,3323,90,327,360,1308,4
2,3324,90,328,362,1312,1
2,3325,90,336,363,1345,2
2,3326,90,337,361,1351,3
2,3327,90,338,363,1352,2
2,3328,90,339,362,1356,2
2,3329,90,340,363,1360,2
2,3330,90,343,363,1375,1
2,3331,90,344,363,1376,2
2,3332,90,345,361,1383,3
2,3333,90,346,361,1384,4
2,3334,90,347,361,1388,4
2,3335,90,348,361,1392,4
2,3336,90,349,362,1396,2
2,3337,90,352,363,1409,2
2,3338,90,353,361,1414,3
2,3339,90,354,361,1416,4
2,3340,90,355,361,1420,4
2,3341,90,356,361,1424,4
2,3342,90,357,362,1428,2
2,3343,90,360,363,1441,2
2,3344,90,361,361,1446,3
2,3345,90,362,361,1448,4
2,3346,90,363,361,1452,4
2,3347,90,364,361,1456,4
2,3348,90,365,361,1460,4
2,3349,90,366,361,1464,3
2,3350,90,367,363,1468,2
2,3351,91,50,364,200,4
2,3352,91,51,364,204,4
2,3353,91,52,364,208,4
2,3354,91,53,364,212,4
2,3355,91,54,364,216,4
2,3356,91,55,364,220,4
2,3357,91,56,364,224,4
2,3358,91,57,364,228,4
2,3359,91,58,364,232,4
2,3360,91,59,364,236,4
2,3361,91,60,364,240,4
2,3362,91,61,364,244,4
2,3363,91,62,364,248,4
2,3364,91,63,364,252,4
2,3365,91,64,364,256,4
2,3366,91,65,364,260,4
2,3367,91,66,364,264,4
2,3368,91,67,364,268,4
2,3369,91,68,364,272,4
2,3370,91,69,364,276,3
2,3371,91,70,364,280,2
2,3372,91,73,364,293,2
2,3373,91,74,364,296,3
2,3374,91,75,364,300,4
2,3375,91,76,364,304,4
2,3376,91,77,364,308,4
2,3377,91,78,364,312,4
2,3378,91,79,364,316,4
2,3379,91,80,364,320,4
2,3380,91,81,364,324,4
2,3381,91,82,364,328,4
2,3382,91,83,364,332,4
2,3383,91,84,364,336,4
2,3384,91,85,364,340,4
2,3385,91,86,364,344,4
2,3386,91,87,364,348,4
2,3387,91,88,364,352,4
2,3388,91,89,364,356,4
2,3389,91,90,364,360,4
2,3390,91,91,364,364,4
2,3391,91,92,364,368,4
2,3392,91,93,364,372,4
2,3393,91,94,364,376,4
2,3394,91,95,364,380,4
2,3395,91,96,364,384,4
2,3396,91,97,364,388,4
2,3397,91,98,364,392,4
2,3398,91,99,364,396,4
2,3399,91,100,364,400,4
2,3400,91,101,364,404,4
2,3401,91,102,364,408,4
2,3402,91,103,364,412,4
2,3403,91,104,364,416,4
2,3404,91,105,364,420,4
2,3405,91,106,364,424,4
2,3406,91,107,364,428,4
2,3407,91,108,364,432,4
2,3408,91,109,364,436,4
2,3409,91,110,364,440,4
2,3410,91,111,364,444,4
2,3411,91,112,364,448,4
2,3412,91,113,364,452,4
2,3413,91,114,364,456,4
2,3414,91,115,364,460,4
2,3415,91,116,364,464,4
2,3416,91,117,364,468,4
2,3417,91,118,364,472,4
2,3418,91,119,364,476,4
2,3419,91,120,364,480,4
2,3420,91,121,364,484,4
2,3421,91,122,364,488,4
2,3422,91,123,364,492,4
2,3423,91,124,364,496,4
2,3424,91,125,364,500,4
2,3425,91,126,364,504,4
2,3426,91,127,364,508,4
2,3427,91,128,364,512,4
2,3428,91,129,364,516,4
2,3429,91,130,364,520,4
2,3430,91,131,364,524,4
2,3431,91,132,364,528,4
2,3432,91,133,364,532,4
2,3433,91,134,364,536,4
2,3434,91,135,364,540,4
2,3435,91,136,364,544,2
2,3436,91,173,364,692,4
2,3437,91,174,364,696,4
2,3438,91,175,365,701,4
2,3439,91,176,364,704,4
2,3440,91,177,364,708,4
2,3441,91,178,364,712,4
2,3442,91,179,364,716,4
2,3443,91,180,364,720,4
2,3444,91,181,364,724,4
2,3445,91,182,364,728,4
2,3446,91,183,364,732,4
2,3447,91,184,364,736,4
2,3448,91,185,364,740,4
2,3449,91,186,364,744,4
2,3450,91,187,364,748,4
2,3451,91,188,366,752,1
2,3452,91,189,367,758,1
2,3453,91,190,367,760,2
2,3454,91,191,365,765,4
2,3455,91,192,365,768,4
2,3456,91,193,365,772,4
2,3457,91,194,365,776,3
2,3458,91,195,365,783,3
2,3459,91,196,365,784,4
2,3460,91,197,367,788,1
2,3461,91,211,364,846,2
2,3462,91,212,364,848,4
2,3463,91,213,364,852,4
2,3464,91,214,364,856,4
2,3465,91,215,364,860,4
2,3466,91,216,364,864,4
2,3467,91,217,364,868,4
2,3468,91,218,364,872,4
2,3469,91,219,364,876,3
2,3470,91,232,364,929,3
2,3471,91,233,364,932,4
2,3472,91,234,364,936,4
2,3473,91,235,364,940,4
2,3474,91,236,364,944,4
2,3475,91,237,364,948,4
2,3476,91,238,364,952,4
2,3477,91,239,364,956,4
2,3478,91,240,364,960,4
2,3479,91,241,364,964,4
2,3480,91,242,364,968,4
2,3481,91,243,364,972,4
2,3482,91,244,364,976,4
2,3483,91,245,364,980,4
2,3484,91,246,364,984,4
2,3485,91,247,364,988,4
2,3486,91,248,364,992,4
2,3487,91,249,364,996,4
2,3488,91,250,364,1000,4
2,3489,91,251,364,1004,4
2,3490,91,252,364,1008,4
2,3491,91,253,364,1012,4
2,3492,91,254,364,1016,4
2,3493,91,255,364,1020,4
2,3494,91,256,364,1024,4
2,3495,91,257,364,1028,4
2,3496,91,258,364,1032,4
2,3497,91,259,364,1036,4
2,3498,91,260,364,1040,4
2,3499,91,261,364,1044,4
2,3500,91,262,364,1048,4
2,3501,91,263,364,1052,4
2,3502,91,264,364,1056,4
2,3503,91,265,366,1060,2
2,3504,91,266,364,1064,4
2,3505,91,267,364,1068,4
2,3506,91,268,364,1072,4
2,3507,91,269,364,1076,4
2,3508,91,270,364,1080,4
2,3509,91,271,364,1084,4
2,3510,91,272,364,1088,4
2,3511,91,273,364,1092,4
2,3512,91,274,364,1096,4
2,3513,91,275,364,1100,4
2,3514,91,276,364,1104,4
2,3515,91,277,364,1108,4
2,3516,91,278,364,1112,4
2,3517,91,279,367,1116,1
2,3518,91,281,367,1126,1
2,3519,91,282,365,1129,4
2,3520,91,283,364,1132,4
2,3521,91,284,364,1136,4
2,3522,91,285,364,1140,4
2,3523,91,287,364,1148,4
2,3524,91,288,364,1152,4
2,3525,91,289,364,1156,4
2,3526,91,290,364,1160,4
2,3527,91,291,364,1164,4
2,3528,91,292,364,1168,4
2,3529,91,293,364,1172,4
2,3530,91,294,364,1176,4
2,3531,91,295,364,1180,4
2,3532,91,296,364,1184,4
2,3533,91,297,364,1188,4
2,3534,91,298,364,1192,4
2,3535,91,299,364,1196,4
2,3536,91,300,364,1200,4
2,3537,91,301,364,1204,4
2,3538,91,308,364,1233,3
2,3539,91,309,364,1236,4
2,3540,91,310,364,1240,4
2,3541,91,311,367,1244,1
2,3542,91,325,364,1302,2
2,3543,91,326,364,1304,4
2,3544,91,327,364,1308,4
2,3545,91,328,364,1312,2
2,3546,91,334,366,1339,1
2,3547,91,335,365,1341,4
2,3548,91,336,364,1344,4
2,3549,91,337,364,1348,4
2,3550,91,338,364,1352,4
2,3551,91,339,364,1356,4
2,3552,91,340,364,1360,4
2,3553,91,341,364,1364,4
2,3554,91,342,366,1368,2
2,3555,91,343,364,1372,4
2,3556,91,344,364,1376,4
2,3557,91,345,364,1380,4
2,3558,91,346,364,1384,4
2,3559,91,347,364,1388,4
2,3560,91,348,364,1392,4
2,3561,91,349,364,1396,4
2,3562,91,350,364,1400,4
2,3563,91,351,365,1404,4
2,3564,91,352,364,1408,4
2,3565,91,353,364,1412,4
2,3566,91,354,364,1416,4
2,3567,91,355,364,1420,4
2,3568,91,356,364,1424,4
2,3569,91,357,364,1428,4
2,3570,91,358,364,1432,4
2,3571,91,359,365,1436,4
2,3572,91,360,364,1440,4
2,3573,91,361,364,1444,4
2,3574,91,362,364,1448,4
2,3575,91,363,364,1452,4
2,3576,91,364,364,1456,4
2,3577,91,365,364,1460,4
2,3578,91,366,364,1464,4
2,3579,91,367,364,1468,4
2,3580,91,368,364,1472,4
2,3581,91,369,365,1476,3
2,3582,91,370,366,1480,2
2,3583,91,371,367,1484,1
2,3584,92,49,371,199,1
2,3585,92,50,368,200,4
2,3586,92,51,368,204,4
2,3587,92,52,368,208,4
2,3588,92,53,368,212,4
2,3589,92,54,368,216,4
2,3590,92,55,368,220,4
2,3591,92,56,368,224,4
2,3592,92,57,368,228,4
2,3593,92,58,368,232,4
2,3594,92,59,368,236,4
2,3595,92,60,368,240,4
2,3596,92,61,368,244,4
2,3597,92,62,368,248,4
2,3598,92,63,368,252,4
2,3599,92,64,368,256,4
2,3600,92,65,368,260,4
2,3601,92,66,368,264,3
2,3602,92,67,368,268,1
2,3603,92,75,368,301,2
2,3604,92,76,368,304,4
2,3605,92,77,368,308,4
2,3606,92,78,368,312,4
2,3607,92,79,368,316,4
2,3608,92,80,368,320,4
2,3609,92,81,368,324,4
2,3610,92,82,368,328,4
2,3611,92,83,368,332,4
2,3612,92,84,368,336,4
2,3613,92,85,368,340,4
2,3614,92,86,368,344,4
2,3615,92,87,368,348,4
2,3616,92,88,368,352,4
2,3617,92,89,368,356,4
2,3618,92,90,368,360,4
2,3619,92,91,368,364,4
2,3620,92,92,368,368,4
2,3621,92,93,368,372,4
2,3622,92,94,368,376,4
2,3623,92,95,368,380,4
2,3624,92,96,368,384,4
2,3625,92,97,368,388,4
2,3626,92,98,368,392,4
2,3627,92,99,368,396,4
2,3628,92,100,368,400,4
2,3629,92,101,368,404,4
2,3630,92,102,368,408,4
2,3631,92,103,368,412,4
2,3632,92,104,368,416,4
2,3633,92,105,368,420,4
2,3634,92,106,368,424,4
2,3635,92,107,368,428,4
2,3636,92,108,368,432,4
2,3637,92,109,368,436,4
2,3638,92,110,368,440,4
2,3639,92,111,368,444,4
2,3640,92,112,368,448,4
2,3641,92,113,368,452,4
2,3642,92,114,368,456,4
2,3643,92,115,368,460,4
2,3644,92,116,368,464,4
2,3645,92,117,368,468,4
2,3646,92,118,368,472,4
2,3647,92,119,368,476,4
2,3648,92,120,368,480,4
2,3649,92,121,368,484,4
2,3650,92,122,368,488,4
2,3651,92,123,368,492,4
2,3652,92,124,368,496,4
2,3653,92,125,368,500,4
2,3654,92,126,368,504,4
2,3655,92,127,368,508,4
2,3656,92,128,368,512,4
2,3657,92,129,368,516,4
2,3658,92,130,368,520,4
2,3659,92,131,368,524,4
2,3660,92,132,368,528,4
2,3661,92,133,368,532,4
2,3662,92,134,368,536,4
2,3663,92,135,368,540,4
2,3664,92,136,368,544,3
2,3665,92,173,368,693,4
2,3666,92,174,368,696,4
2,3667,92,175,368,700,4
2,3668,92,176,368,704,4
2,3669,92,177,368,708,4
2,3670,92,178,368,712,4
2,3671,92,179,368,716,4
2,3672,92,180,368,720,4
2,3673,92,181,368,724,4
2,3674,92,182,368,728,4
2,3675,92,183,368,732,4
2,3676,92,184,368,736,4
2,3677,92,185,368,740,4
2,3678,92,186,368,744,4
2,3679,92,187,368,748,4
2,3680,92,188,368,752,4
2,3681,92,189,368,756,4
2,3682,92,190,368,760,4
2,3683,92,191,368,764,4
2,3684,92,192,368,768,4
2,3685,92,193,368,772,4
2,3686,92,194,368,776,4
2,3687,92,195,368,780,4
2,3688,92,196,368,784,4
2,3689,92,197,368,788,3
2,3690,92,212,368,848,4
2,3691,92,213,368,852,4
2,3692,92,214,368,856,4
2,3693,92,215,368,860,4
2,3694,92,216,368,864,4
2,3695,92,217,368,868,4
2,3696,92,218,368,872,4
2,3697,92,219,368,876,1
2,3698,92,233,368,932,4
2,3699,92,234,368,936,4
2,3700,92,235,368,940,4
2,3701,92,236,368,944,4
2,3702,92,237,368,948,4
2,3703,92,238,368,952,4
2,3704,92,239,368,956,4
2,3705,92,240,368,960,4
2,3706,92,241,368,964,4
2,3707,92,242,368,968,4
2,3708,92,243,368,972,4
2,3709,92,244,368,976,4
2,3710,92,245,368,980,4
2,3711,92,246,368,984,4
2,3712,92,247,368,988,4
2,3713,92,248,368,992,4
2,3714,92,249,368,996,4
2,3715,92,250,368,1000,4
2,3716,92,251,368,1004,4
2,3717,92,252,368,1008,4
2,3718,92,253,368,1012,4
2,3719,92,254,368,1016,4
2,3720,92,255,368,1020,4
2,3721,92,256,368,1024,4
2,3722,92,257,368,1028,4
2,3723,92,258,368,1032,4
2,3724,92,259,368,1036,4
2,3725,92,260,368,1040,4
2,3726,92,261,368,1044,4
2,3727,92,262,368,1048,4
2,3728,92,263,368,1052,4
2,3729,92,264,368,1056,4
2,3730,92,265,368,1060,4
2,3731,92,266,368,1064,4
2,3732,92,267,368,1068,4
2,3733,92,268,368,1072,4
2,3734,92,269,368,1076,4
2,3735,92,270,368,1080,4
2,3736,92,271,368,1084,4
2,3737,92,272,368,1088,4
2,3738,92,273,368,1092,2
2,3739,92,274,368,1096,4
2,3740,92,275,368,1100,4
2,3741,92,276,368,1104,4
2,3742,92,277,368,1108,4
2,3743,92,278,368,1112,4
2,3744,92,279,368,1116,2
2,3745,92,281,368,1127,1
2,3746,92,282,368,1128,3
2,3747,92,283,368,1132,4
2,3748,92,284,368,1136,4
2,3749,92,285,368,1140,4
2,3750,92,286,368,1144,4
2,3751,92,287,368,1148,4
2,3752,92,288,368,1152,4
2,3753,92,289,368,1156,4
2,3754,92,290,368,1160,4
2,3755,92,291,368,1164,4
2,3756,92,292,368,1168,4
2,3757,92,293,368,1172,4
2,3758,92,294,368,1176,4
2,3759,92,295,368,1180,4
2,3760,92,296,368,1184,4
2,3761,92,297,368,1188,4
2,3762,92,298,368,1192,4
2,3763,92,299,368,1196,4
2,3764,92,300,368,1200,4
2,3765,92,301,368,1204,4
2,3766,92,302,369,1208,2
2,3767,92,309,368,1236,4
2,3768,92,310,368,1240,4
2,3769,92,311,368,1244,2
2,3770,92,325,368,1302,2
2,3771,92,326,368,1304,4
2,3772,92,327,368,1308,4
2,3773,92,328,368,1312,2
2,3774,92,333,371,1333,2
2,3775,92,334,368,1337,4
2,3776,92,335,368,1340,4
2,3777,92,336,368,1344,4
2,3778,92,337,368,1348,4
2,3779,92,338,368,1352,4
2,3780,92,339,368,1356,4
2,3781,92,340,368,1360,4
2,3782,92,341,368,1364,4
2,3783,92,342,368,1368,4
2,3784,92,343,368,1372,4
2,3785,92,344,368,1376,4
2,3786,92,345,368,1380,4
2,3787,92,346,368,1384,4
2,3788,92,347,368,1388,4
2,3789,92,348,368,1392,4
2,3790,92,349,368,1396,4
2,3791,92,350,368,1400,4
2,3792,92,351,368,1404,4
2,3793,92,352,368,1408,4
2,3794,92,353,368,1412,4
2,3795,92,354,368,1416,4
2,3796,92,355,368,1420,4
2,3797,92,356,368,1424,4
2,3798,92,357,368,1428,4
2,3799,92,358,368,1432,4
2,3800,92,359,368,1436,4
2,3801,92,360,368,1440,4
2,3802,92,361,368,1444,4
2,3803,92,362,368,1448,4
2,3804,92,363,368,1452,4
2,3805,92,364,368,1456,4
2,3806,92,365,368,1460,4
2,3807,92,366,368,1464,4
2,3808,92,367,368,1468,4
2,3809,92,368,368,1472,4
2,3810,92,369,368,1476,4
2,3811,92,370,368,1480,4
2,3812,92,371,368,1484,4
2,3813,92,372,369,1488,1
2,3814,93,49,372,199,1
2,3815,93,50,372,200,2
2,3816,93,51,372,204,3
2,3817,93,52,372,208,4
2,3818,93,53,372,212,4
2,3819,93,54,372,216,4
2,3820,93,55,372,220,4
2,3821,93,56,372,224,4
2,3822,93,57,372,228,4
2,3823,93,58,372,232,4
2,3824,93,59,372,236,4
2,3825,93,60,372,240,3
2,3826,93,61,372,244,2
2,3827,93,62,372,248,2
2,3828,93,63,372,252,2
2,3829,93,64,372,256,2
2,3830,93,65,372,260,2
2,3831,93,76,372,306,1
2,3832,93,77,372,308,2
2,3833,93,78,372,312,2
2,3834,93,79,372,316,2
2,3835,93,80,372,320,2
2,3836,93,81,372,324,2
2,3837,93,82,372,328,2
2,3838,93,83,372,332,2
2,3839,93,84,372,336,2
2,3840,93,85,372,340,2
2,3841,93,86,372,344,2
2,3842,93,87,372,348,2
2,3843,93,88,372,352,2
2,3844,93,89,372,356,2
2,3845,93,90,372,360,2
2,3846,93,91,372,364,2
2,3847,93,92,372,368,2
2,3848,93,93,372,372,2
2,3849,93,94,372,376,2
2,3850,93,95,372,380,2
2,3851,93,96,372,384,2
2,3852,93,97,372,388,2
2,3853,93,98,372,392,2
2,3854,93,99,372,396,2
2,3855,93,100,372,400,2
2,3856,93,101,372,404,2
2,3857,93,102,372,408,2
2,3858,93,103,372,412,2
2,3859,93,104,372,416,2
2,3860,93,105,372,420,2
2,3861,93,106,372,424,2
2,3862,93,107,372,428,2
2,3863,93,108,372,432,2
2,3864,93,109,372,436,2
2,3865,93,110,372,440,2
2,3866,93,111,372,444,2
2,3867,93,112,372,448,2
2,3868,93,113,372,452,2
2,3869,93,114,372,456,4
2,3870,93,115,372,460,4
2,3871,93,116,372,464,4
2,3872,93,117,372,468,4
2,3873,93,118,372,472,4
2,3874,93,119,372,476,4
2,3875,93,120,372,480,4
2,3876,93,121,372,484,4
2,3877,93,122,372,488,4
2,3878,93,123,372,492,4
2,3879,93,124,372,496,4
2,3880,93,125,372,500,4
2,3881,93,126,372,504,4
2,3882,93,127,372,508,4
2,3883,93,128,372,512,4
2,3884,93,129,372,516,4
2,3885,93,130,372,520,4
2,3886,93,131,372,524,4
2,3887,93,132,372,528,4
2,3888,93,133,372,532,4
2,3889,93,134,372,536,4
2,3890,93,135,372,540,4
2,3891,93,136,372,544,4
2,3892,93,137,374,548,1
2,3893,93,173,372,694,2
2,3894,93,174,372,696,4
2,3895,93,175,372,700,4
2,3896,93,176,372,704,4
2,3897,93,177,372,708,4
2,3898,93,178,372,712,4
2,3899,93,179,372,716,4
2,3900,93,180,372,720,4
2,3901,93,181,372,724,4
2,3902,93,182,372,728,4
2,3903,93,183,372,732,4
2,3904,93,184,372,736,4
2,3905,93,185,372,740,4
2,3906,93,186,372,744,4
2,3907,93,187,372,748,4
2,3908,93,188,372,752,4
2,3909,93,189,372,756,4
2,3910,93,190,372,760,4
2,3911,93,191,372,764,4
2,3912,93,192,372,768,4
2,3913,93,193,372,772,4
2,3914,93,194,372,776,4
2,3915,93,195,372,780,4
2,3916,93,196,372,784,4
2,3917,93,197,372,788,4
2,3918,93,198,374,792,1
2,3919,93,212,372,849,4
2,3920,93,213,372,852,4
2,3921,93,214,372,856,4
2,3922,93,215,372,860,4
2,3923,93,216,372,864,4
2,3924,93,217,372,868,4
2,3925,93,218,372,872,3
2,3926,93,233,372,934,1
2,3927,93,234,372,936,2
2,3928,93,236,372,945,2
2,3929,93,237,372,948,2
2,3930,93,238,372,952,2
2,3931,93,239,372,956,1
2,3932,93,241,372,964,4
2,3933,93,242,372,968,4
2,3934,93,243,372,972,4
2,3935,93,244,372,976,4
2,3936,93,245,372,980,4
2,3937,93,246,372,984,4
2,3938,93,247,372,988,4
2,3939,93,248,372,992,4
2,3940,93,249,372,996,4
2,3941,93,250,372,1000,4
2,3942,93,251,372,1004,4
2,3943,93,252,372,1008,4
2,3944,93,253,372,1012,4
2,3945,93,254,372,1016,4
2,3946,93,255,372,1020,4
2,3947,93,256,372,1024,4
2,3948,93,257,372,1028,4
2,3949,93,258,372,1032,4
2,3950,93,259,372,1036,4
2,3951,93,260,372,1040,4
2,3952,93,261,372,1044,4
2,3953,93,262,372,1048,4
2,3954,93,263,372,1052,4
2,3955,93,264,372,1056,4
2,3956,93,265,372,1060,2
2,3957,93,266,372,1064,4
2,3958,93,267,372,1068,4
2,3959,93,268,372,1072,4
2,3960,93,269,372,1076,4
2,3961,93,270,372,1080,4
2,3962,93,271,372,1084,4
2,3963,93,272,372,1088,3
2,3964,93,274,372,1099,2
2,3965,93,275,372,1100,4
2,3966,93,276,372,1104,4
2,3967,93,277,372,1108,4
2,3968,93,278,372,1112,3
2,3969,93,282,372,1131,1
2,3970,93,282,375,1131,1
2,3971,93,283,372,1132,4
2,3972,93,284,372,1136,4
2,3973,93,285,372,1140,4
2,3974,93,286,374,1144,1
2,3975,93,286,374,1147,1
2,3976,93,287,372,1148,4
2,3977,93,288,372,1152,4
2,3978,93,289,372,1156,4
2,3979,93,290,372,1160,4
2,3980,93,291,372,1164,4
2,3981,93,292,372,1168,4
2,3982,93,293,372,1172,2
2,3983,93,294,372,1176,2
2,3984,93,295,372,1180,4
2,3985,93,296,372,1184,4
2,3986,93,297,372,1188,4
2,3987,93,298,372,1192,4
2,3988,93,299,372,1196,4
2,3989,93,300,372,1200,4
2,3990,93,301,372,1204,4
2,3991,93,302,372,1208,2
2,3992,93,309,372,1238,2
2,3993,93,310,372,1240,4
2,3994,93,311,372,1244,4
2,3995,93,325,372,1302,3
2,3996,93,326,372,1304,4
2,3997,93,327,372,1308,4
2,3998,93,328,372,1312,1
2,3999,93,332,373,1331,2
2,4000,93,333,372,1332,4
2,4001,93,334,372,1336,4
2,4002,93,335,372,1340,4
2,4003,93,336,372,1344,4
2,4004,93,337,372,1348,4
2,4005,93,338,372,1352,4
2,4006,93,339,372,1356,4
2,4007,93,340,372,1360,4
2,4008,93,341,372,1364,4
2,4009,93,342,372,1368,2
2,4010,93,343,372,1372,4
2,4011,93,344,372,1376,4
2,4012,93,345,372,1380,4
2,4013,93,346,372,1384,4
2,4014,93,347,372,1388,4
2,4015,93,348,372,1392,4
2,4016,93,349,372,1396,4
2,4017,93,350,372,1400,4
2,4018,93,351,372,1404,4
2,4019,93,352,372,1408,4
2,4020,93,353,372,1412,4
2,4021,93,354,372,1416,4
2,4022,93,355,372,1420,4
2,4023,93,356,372,1424,4
2,4024,93,357,372,1428,4
2,4025,93,358,372,1432,4
2,4026,93,359,372,1436,4
2,4027,93,360,372,1440,4
2,4028,93,361,372,1444,4
2,4029,93,362,372,1448,4
2,4030,93,363,372,1452,4
2,4031,93,364,372,1456,4
2,4032,93,365,372,1460,4
2,4033,93,366,372,1464,4
2,4034,93,367,372,1468,4
2,4035,93,368,372,1472,4
2,4036,93,369,372,1476,4
2,4037,93,370,372,1480,4
2,4038,93,371,372,1484,4
2,4039,94,51,376,205,3
2,4040,94,52,376,208,4
2,4041,94,53,376,212,4
2,4042,94,54,376,216,4
2,4043,94,55,376,220,4
2,4044,94,56,376,224,4
2,4045,94,57,376,228,4
2,4046,94,58,376,232,4
2,4047,94,59,376,236,4
2,4048,94,60,376,240,4
2,4049,94,114,376,457,3
2,4050,94,115,376,460,4
2,4051,94,116,376,464,4
2,4052,94,117,376,468,4
2,4053,94,118,376,472,4
2,4054,94,119,376,476,4
2,4055,94,120,376,480,4
2,4056,94,121,376,484,4
2,4057,94,122,376,488,4
2,4058,94,123,376,492,4
2,4059,94,124,376,496,4
2,4060,94,125,376,500,4
2,4061,94,126,376,504,4
2,4062,94,127,376,508,4
2,4063,94,128,376,512,4
2,4064,94,129,376,516,4
2,4065,94,130,376,520,4
2,4066,94,131,376,524,4
2,4067,94,132,376,528,4
2,4068,94,133,376,532,4
2,4069,94,134,376,536,4
2,4070,94,135,376,540,4
2,4071,94,136,376,544,4
2,4072,94,137,376,548,2
2,4073,94,173,376,694,2
2,4074,94,174,376,696,4
2,4075,94,175,376,700,4
2,4076,94,176,376,704,4
2,4077,94,177,376,708,4
2,4078,94,178,376,712,4
2,4079,94,179,376,716,4
2,4080,94,180,376,720,4
2,4081,94,181,376,724,4
2,4082,94,182,376,728,4
2,4083,94,183,376,732,4
2,4084,94,184,376,736,4
2,4085,94,185,376,740,4
2,4086,94,186,376,744,4
2,4087,94,187,376,748,4
2,4088,94,188,376,752,4
2,4089,94,189,376,756,4
2,4090,94,190,376,760,4
2,4091,94,191,376,764,4
2,4092,94,192,376,768,4
2,4093,94,193,376,772,4
2,4094,94,194,376,776,4
2,4095,94,195,376,780,4
2,4096,94,196,376,784,4
2,4097,94,197,376,788,4
2,4098,94,198,376,792,4
2,4099,94,212,376,849,4
2,4100,94,213,376,852,4
2,4101,94,214,376,856,4
2,4102,94,215,376,860,4
2,4103,94,216,376,864,4
2,4104,94,217,376,868,4
2,4105,94,218,376,872,2
2,4106,94,240,379,961,2
2,4107,94,241,376,964,4
2,4108,94,242,376,968,4
2,4109,94,243,376,972,4
2,4110,94,244,376,976,4
2,4111,94,245,376,980,4
2,4112,94,246,376,984,4
2,4113,94,247,376,988,4
2,4114,94,248,376,992,4
2,4115,94,249,376,996,4
2,4116,94,250,376,1000,4
2,4117,94,251,376,1004,4
2,4118,94,252,376,1008,4
2,4119,94,253,376,1012,4
2,4120,94,254,376,1016,4
2,4121,94,255,376,1020,4
2,4122,94,256,376,1024,4
2,4123,94,257,376,1028,4
2,4124,94,258,376,1032,4
2,4125,94,259,376,1036,4
2,4126,94,262,376,1049,2
2,4127,94,265,376,1063,1
2,4128,94,266,376,1064,2
2,4129,94,267,376,1068,2
2,4130,94,268,376,1072,2
2,4131,94,269,376,1076,2
2,4132,94,270,376,1080,2
2,4133,94,271,376,1084,2
2,4134,94,272,376,1088,2
2,4135,94,276,376,1106,2
2,4136,94,277,376,1108,4
2,4137,94,278,376,1112,4
2,4138,94,282,376,1131,1
2,4139,94,283,376,1132,4
2,4140,94,284,376,1136,1
2,4141,94,289,376,1158,1
2,4142,94,290,376,1160,2
2,4143,94,291,376,1164,2
2,4144,94,296,376,1184,2
2,4145,94,297,376,1188,2
2,4146,94,299,376,1198,1
2,4147,94,300,376,1200,3
2,4148,94,301,376,1204,4
2,4149,94,302,376,1208,4
2,4150,94,303,376,1212,3
2,4151,94,304,378,1216,2
2,4152,94,309,376,1239,1
2,4153,94,310,376,1240,4
2,4154,94,311,376,1244,4
2,4155,94,312,376,1248,3
2,4156,94,317,379,1270,1
2,4157,94,318,379,1274,1
2,4158,94,319,379,1276,1
2,4159,94,325,376,1300,4
2,4160,94,326,376,1304,4
2,4161,94,327,376,1308,3
2,4162,94,332,376,1330,2
2,4163,94,333,376,1332,4
2,4164,94,334,376,1336,4
2,4165,94,335,376,1340,4
2,4166,94,336,376,1344,4
2,4167,94,337,376,1348,2
2,4168,94,345,376,1382,1
2,4169,94,346,376,1384,2
2,4170,94,347,376,1388,2
2,4171,94,348,376,1392,3
2,4172,94,349,376,1396,4
2,4173,94,350,376,1400,4
2,4174,94,351,376,1404,4
2,4175,94,352,376,1408,3
2,4176,94,353,376,1412,2
2,4177,94,354,376,1416,2
2,4178,94,355,376,1420,2
2,4179,94,356,376,1424,3
2,4180,94,357,376,1428,4
2,4181,94,358,376,1432,4
2,4182,94,359,376,1436,4
2,4183,94,360,376,1440,3
2,4184,94,361,376,1444,2
2,4185,94,362,376,1448,2
2,4186,94,363,376,1452,2
2,4187,94,364,376,1456,3
2,4188,94,365,376,1460,2
2,4189,94,369,376,1476,4
2,4190,94,370,376,1480,4
2,4191,94,371,376,1484,4
2,4192,94,372,379,1488,1
2,4193,95,52,380,209,4
2,4194,95,53,380,212,4
2,4195,95,54,380,216,4
2,4196,95,55,380,220,4
2,4197,95,56,380,224,4
2,4198,95,57,380,228,4
2,4199,95,58,380,232,4
2,4200,95,59,380,236,4
2,4201,95,60,380,240,4
2,4202,95,114,380,459,1
2,4203,95,115,380,460,4
2,4204,95,116,380,464,4
2,4205,95,117,380,468,4
2,4206,95,118,380,472,4
2,4207,95,119,380,476,4
2,4208,95,120,380,480,4
2,4209,95,121,380,484,4
2,4210,95,122,380,488,4
2,4211,95,123,380,492,4
2,4212,95,124,380,496,4
2,4213,95,125,380,500,4
2,4214,95,126,380,504,4
2,4215,95,127,380,508,4
2,4216,95,128,380,512,4
2,4217,95,129,380,516,4
2,4218,95,130,380,520,4
2,4219,95,131,380,524,4
2,4220,95,132,380,528,3
2,4221,95,132,382,531,1
2,4222,95,133,380,532,4
2,4223,95,134,380,536,4
2,4224,95,135,380,540,4
2,4225,95,136,380,544,4
2,4226,95,137,380,548,2
2,4227,95,173,380,694,2
2,4228,95,174,380,696,4
2,4229,95,175,380,700,4
2,4230,95,176,380,704,4
2,4231,95,177,380,708,4
2,4232,95,178,380,712,4
2,4233,95,179,380,716,4
2,4234,95,180,380,720,4
2,4235,95,181,380,724,4
2,4236,95,182,380,728,4
2,4237,95,183,380,732,4
2,4238,95,184,380,736,4
2,4239,95,185,380,740,4
2,4240,95,186,380,744,4
2,4241,95,187,380,748,4
2,4242,95,188,380,752,4
2,4243,95,189,380,756,4
2,4244,95,190,380,760,4
2,4245,95,191,380,764,4
2,4246,95,192,380,768,4
2,4247,95,193,380,772,4
2,4248,95,194,380,776,4
2,4249,95,195,380,780,4
2,4250,95,196,380,784,4
2,4251,95,197,380,788,4
2,4252,95,198,380,792,4
2,4253,95,199,380,796,4
2,4254,95,200,383,800,1
2,4255,95,211,382,847,1
2,4256,95,212,380,849,4
2,4257,95,213,380,852,4
2,4258,95,214,380,856,4
2,4259,95,215,380,860,4
2,4260,95,216,380,864,4
2,4261,95,217,380,868,4
2,4262,95,218,380,872,2
2,4263,95,240,381,961,4
2,4264,95,241,380,964,4
2,4265,95,242,380,968,4
2,4266,95,243,380,972,4
2,4267,95,244,380,976,4
2,4268,95,245,380,980,4
2,4269,95,246,380,984,4
2,4270,95,247,380,988,4
2,4271,95,248,380,992,4
2,4272,95,249,380,996,4
2,4273,95,250,380,1000,4
2,4274,95,251,380,1004,4
2,4275,95,252,380,1008,4
2,4276,95,253,380,1012,4
2,4277,95,254,380,1016,4
2,4278,95,255,380,1020,4
2,4279,95,256,380,1024,4
2,4280,95,257,380,1028,4
2,4281,95,258,380,1032,4
2,4282,95,259,380,1036,2
2,4283,95,277,380,1109,4
2,4284,95,278,380,1112,4
2,4285,95,282,381,1131,3
2,4286,95,283,380,1132,4
2,4287,95,284,380,1136,2
2,4288,95,301,380,1204,4
2,4289,95,302,380,1208,4
2,4290,95,303,380,1212,4
2,4291,95,304,380,1216,4
2,4292,95,310,380,1242,2
2,4293,95,311,380,1244,4
2,4294,95,312,380,1248,4
2,4295,95,313,380,1252,3
2,4296,95,316,380,1267,3
2,4297,95,317,380,1268,4
2,4298,95,318,380,1272,4
2,4299,95,319,380,1276,4
2,4300,95,320,382,1280,1
2,4301,95,325,380,1300,4
2,4302,95,326,380,1304,4
2,4303,95,327,380,1308,1
2,4304,95,332,380,1329,4
2,4305,95,333,380,1332,4
2,4306,95,334,380,1336,4
2,4307,95,335,380,1340,4
2,4308,95,336,380,1344,1
2,4309,95,350,380,1401,2
2,4310,95,351,380,1404,2
2,4311,95,358,380,1433,2
2,4312,95,359,380,1436,2
2,4313,95,369,380,1477,4
2,4314,95,370,380,1480,4
2,4315,95,371,380,1484,4
2,4316,95,372,380,1488,1
2,4317,96,52,384,210,2
2,4318,96,53,384,212,4
2,4319,96,54,384,216,4
2,4320,96,55,384,220,4
2,4321,96,56,384,224,4
2,4322,96,57,384,228,4
2,4323,96,58,384,232,4
2,4324,96,59,384,236,4
2,4325,96,60,384,240,4
2,4326,96,115,384,462,2
2,4327,96,116,384,464,4
2,4328,96,117,384,468,4
2,4329,96,118,384,472,4
2,4330,96,119,384,476,4
2,4331,96,120,384,480,4
2,4332,96,121,384,484,4
2,4333,96,122,384,488,4
2,4334,96,123,384,492,4
2,4335,96,124,384,496,4
2,4336,96,125,384,500,4
2,4337,96,126,384,504,4
2,4338,96,127,384,508,4
2,4339,96,128,384,512,4
2,4340,96,129,384,516,4
2,4341,96,130,384,520,4
2,4342,96,131,384,524,1
2,4343,96,131,387,527,1
2,4344,96,132,384,529,4
2,4345,96,133,384,532,4
2,4346,96,134,384,536,4
2,4347,96,135,384,540,4
2,4348,96,136,384,544,4
2,4349,96,137,384,548,2
2,4350,96,173,384,693,4
2,4351,96,174,384,696,4
2,4352,96,175,384,700,4
2,4353,96,176,384,704,4
2,4354,96,177,384,708,4
2,4355,96,178,384,712,4
2,4356,96,179,384,716,4
2,4357,96,180,384,720,4
2,4358,96,181,384,724,4
2,4359,96,182,384,728,4
2,4360,96,183,384,732,4
2,4361,96,184,384,736,4
2,4362,96,185,384,740,4
2,4363,96,186,384,744,4
2,4364,96,187,384,748,4
2,4365,96,188,384,752,4
2,4366,96,189,384,756,4
2,4367,96,190,384,760,2
2,4368,96,191,384,764,4
2,4369,96,192,384,768,4
2,4370,96,193,384,772,4
2,4371,96,194,384,776,4
2,4372,96,195,384,780,2
2,4373,96,196,384,784,4
2,4374,96,197,384,788,4
2,4375,96,198,384,792,4
2,4376,96,199,384,796,4
2,4377,96,200,384,800,4
2,4378,96,201,385,804,2
2,4379,96,211,385,845,4
2,4380,96,212,384,848,4
2,4381,96,213,384,852,4
2,4382,96,214,384,856,4
2,4383,96,215,384,860,4
2,4384,96,216,384,864,4
2,4385,96,217,384,868,4
2,4386,96,218,384,872,4
2,4387,96,239,384,959,2
2,4388,96,240,384,960,4
2,4389,96,241,384,964,4
2,4390,96,242,384,968,4
2,4391,96,243,384,972,4
2,4392,96,244,384,976,4
2,4393,96,245,384,980,4
2,4394,96,246,384,984,4
2,4395,96,247,384,988,4
2,4396,96,248,384,992,4
2,4397,96,249,384,996,4
2,4398,96,250,384,1000,4
2,4399,96,251,384,1004,4
2,4400,96,252,384,1008,4
2,4401,96,253,384,1012,4
2,4402,96,254,384,1016,4
2,4403,96,255,384,1020,4
2,4404,96,256,384,1024,3
2,4405,96,257,384,1028,2
2,4406,96,277,384,1109,4
2,4407,96,278,384,1112,4
2,4408,96,279,387,1116,1
2,4409,96,281,387,1127,1
2,4410,96,282,384,1129,4
2,4411,96,283,384,1132,4
2,4412,96,284,384,1136,2
2,4413,96,301,384,1205,4
2,4414,96,302,384,1208,4
2,4415,96,303,384,1212,4
2,4416,96,304,384,1216,4
2,4417,96,311,384,1244,4
2,4418,96,312,384,1248,4
2,4419,96,313,384,1252,4
2,4420,96,314,386,1256,1
2,4421,96,315,384,1263,3
2,4422,96,316,384,1264,4
2,4423,96,317,384,1268,4
2,4424,96,318,384,1272,4
2,4425,96,319,384,1276,4
2,4426,96,320,384,1280,4
2,4427,96,323,386,1294,1
2,4428,96,324,385,1296,4
2,4429,96,325,384,1300,4
2,4430,96,326,384,1304,3
2,4431,96,332,384,1329,4
2,4432,96,333,384,1332,4
2,4433,96,334,384,1336,4
2,4434,96,335,384,1340,4
2,4435,96,368,387,1475,1
2,4436,96,369,384,1477,4
2,4437,96,370,384,1480,4
2,4438,96,371,384,1484,4
2,4439,97,52,388,210,2
2,4440,97,53,388,212,4
2,4441,97,54,388,216,4
2,4442,97,55,388,220,4
2,4443,97,56,388,224,4
2,4444,97,57,388,228,4
2,4445,97,58,388,232,4
2,4446,97,59,388,236,4
2,4447,97,60,388,240,4
2,4448,97,116,388,464,4
2,4449,97,117,388,468,4
2,4450,97,118,388,472,4
2,4451,97,119,388,476,4
2,4452,97,120,388,480,4
2,4453,97,121,388,484,4
2,4454,97,122,388,488,4
2,4455,97,123,388,492,4
2,4456,97,124,388,496,4
2,4457,97,125,388,500,4
2,4458,97,126,388,504,4
2,4459,97,127,388,508,4
2,4460,97,128,388,512,4
2,4461,97,129,388,516,4
2,4462,97,130,388,520,1
2,4463,97,130,391,521,2
2,4464,97,131,389,525,4
2,4465,97,132,388,528,4
2,4466,97,133,388,532,4
2,4467,97,134,388,536,4
2,4468,97,135,388,540,4
2,4469,97,136,388,544,4
2,4470,97,137,388,548,2
2,4471,97,173,388,693,4
2,4472,97,174,388,696,4
2,4473,97,175,388,700,3
2,4474,97,175,391,700,1
2,4475,97,176,388,704,4
2,4476,97,177,388,708,4
2,4477,97,178,388,712,4
2,4478,97,179,388,716,4
2,4479,97,180,388,720,4
2,4480,97,181,388,724,4
2,4481,97,182,388,728,4
2,4482,97,183,388,732,4
2,4483,97,184,388,736,4
2,4484,97,185,388,740,4
2,4485,97,186,388,744,4
2,4486,97,187,388,748,4
2,4487,97,188,388,752,4
2,4488,97,189,388,756,4
2,4489,97,212,388,851,2
2,4490,97,213,388,852,4
2,4491,97,214,388,856,4
2,4492,97,215,388,860,4
2,4493,97,216,388,864,1
2,4494,97,239,389,957,4
2,4495,97,240,388,960,2
2,4496,97,241,388,965,3
2,4497,97,242,388,968,4
2,4498,97,243,388,972,4
2,4499,97,244,388,976,4
2,4500,97,245,388,980,4
2,4501,97,246,388,984,4
2,4502,97,247,388,988,4
2,4503,97,248,388,992,4
2,4504,97,249,388,996,4
2,4505,97,250,388,1000,4
2,4506,97,251,388,1004,4
2,4507,97,252,388,1008,4
2,4508,97,253,388,1012,4
2,4509,97,254,388,1016,3
2,4510,97,255,388,1020,1
2,4511,97,277,388,1109,4
2,4512,97,278,388,1112,4
2,4513,97,279,388,1116,4
2,4514,97,280,388,1120,4
2,4515,97,281,388,1124,4
2,4516,97,282,388,1128,4
2,4517,97,283,388,1132,4
2,4518,97,284,388,1136,4
2,4519,97,285,391,1140,1
2,4520,97,301,388,1205,4
2,4521,97,302,388,1208,4
2,4522,97,303,388,1212,4
2,4523,97,304,388,1216,4
2,4524,97,311,388,1246,2
2,4525,97,312,388,1248,4
2,4526,97,313,388,1252,4
2,4527,97,314,388,1256,4
2,4528,97,315,388,1260,4
2,4529,97,316,388,1264,4
2,4530,97,317,388,1268,4
2,4531,97,318,388,1272,4
2,4532,97,319,388,1276,4
2,4533,97,320,388,1280,4
2,4534,97,321,388,1284,3
2,4535,97,322,391,1288,1
2,4536,97,323,388,1295,2
2,4537,97,324,388,1296,4
2,4538,97,325,388,1300,4
2,4539,97,326,388,1304,1
2,4540,97,332,388,1328,4
2,4541,97,333,388,1332,4
2,4542,97,334,388,1336,4
2,4543,97,335,388,1340,4
2,4544,97,368,388,1475,2
2,4545,97,369,388,1476,4
2,4546,97,370,388,1480,4
2,4547,97,371,388,1484,4
2,4548,98,52,392,210,2
2,4549,98,53,392,212,4
2,4550,98,54,392,216,4
2,4551,98,55,392,220,4
2,4552,98,56,392,224,4
2,4553,98,57,392,228,4
2,4554,98,58,392,232,4
2,4555,98,59,392,236,4
2,4556,98,60,392,240,4
2,4557,98,116,392,466,2
2,4558,98,117,392,468,4
2,4559,98,118,392,472,4
2,4560,98,119,392,476,4
2,4561,98,120,392,480,4
2,4562,98,121,392,484,4
2,4563,98,122,392,488,4
2,4564,98,123,392,492,4
2,4565,98,124,392,496,4
2,4566,98,125,392,500,4
2,4567,98,126,392,504,4
2,4568,98,127,392,508,4
2,4569,98,128,392,512,4
2,4570,98,129,392,516,1
2,4571,98,129,393,519,3
2,4572,98,130,392,520,2
2,4573,98,130,392,523,3
2,4574,98,131,392,524,4
2,4575,98,132,392,528,4
2,4576,98,133,392,532,4
2,4577,98,134,392,536,4
2,4578,98,135,392,540,4
2,4579,98,136,392,544,4
2,4580,98,137,392,548,1
2,4581,98,173,392,692,4
2,4582,98,174,392,696,4
2,4583,98,175,392,700,4
2,4584,98,176,392,705,2
2,4585,98,176,394,704,1
2,4586,98,177,392,708,4
2,4587,98,178,392,712,4
2,4588,98,179,392,716,4
2,4589,98,180,392,720,4
2,4590,98,181,392,724,4
2,4591,98,182,392,728,4
2,4592,98,183,392,732,4
2,4593,98,184,392,736,4
2,4594,98,185,392,740,4
2,4595,98,186,392,744,4
2,4596,98,187,392,748,4
2,4597,98,188,392,752,4
2,4598,98,189,392,756,4
2,4599,98,212,392,851,2
2,4600,98,213,392,852,4
2,4601,98,214,392,856,4
2,4602,98,215,392,860,4
2,4603,98,239,392,957,4
2,4604,98,240,392,960,3
2,4605,98,241,393,964,4
2,4606,98,242,392,968,4
2,4607,98,243,392,972,4
2,4608,98,244,392,976,4
2,4609,98,245,392,980,4
2,4610,98,246,392,984,4
2,4611,98,247,392,988,4
2,4612,98,248,392,992,4
2,4613,98,249,392,996,4
2,4614,98,250,392,1000,4
2,4615,98,251,392,1004,4
2,4616,98,252,392,1008,4
2,4617,98,253,392,1012,1
2,4618,98,276,392,1107,1
2,4619,98,277,392,1108,4
2,4620,98,278,392,1112,4
2,4621,98,279,392,1116,4
2,4622,98,280,392,1120,4
2,4623,98,281,392,1124,4
2,4624,98,282,392,1128,4
2,4625,98,283,392,1132,4
2,4626,98,284,392,1136,4
2,4627,98,285,392,1140,1
2,4628,98,301,392,1205,4
2,4629,98,302,392,1208,4
2,4630,98,303,392,1212,4
2,4631,98,304,392,1216,4
2,4632,98,312,392,1249,2
2,4633,98,313,392,1252,4
2,4634,98,314,392,1256,4
2,4635,98,315,392,1260,4
2,4636,98,316,392,1264,4
2,4637,98,317,392,1268,4
2,4638,98,318,392,1272,4
2,4639,98,319,392,1276,4
2,4640,98,320,392,1280,4
2,4641,98,321,392,1284,4
2,4642,98,322,392,1288,4
2,4643,98,323,392,1292,4
2,4644,98,324,392,1296,4
2,4645,98,325,392,1300,3
2,4646,98,332,392,1328,4
2,4647,98,333,392,1332,4
2,4648,98,334,392,1336,4
2,4649,98,335,392,1340,4
2,4650,98,368,392,1474,2
2,4651,98,369,392,1476,4
2,4652,98,370,392,1480,4
2,4653,98,371,392,1484,4
2,4654,98,372,395,1488,1
2,4655,99,52,397,209,4
2,4656,99,53,396,212,4
2,4657,99,54,396,216,4
2,4658,99,55,396,220,4
2,4659,99,56,396,224,4
2,4660,99,57,396,228,4
2,4661,99,58,396,232,4
2,4662,99,59,396,236,4
2,4663,99,60,396,240,4
2,4664,99,117,396,468,4
2,4665,99,118,396,472,4
2,4666,99,119,396,476,4
2,4667,99,120,396,480,4
2,4668,99,121,396,484,4
2,4669,99,122,396,488,4
2,4670,99,123,396,492,4
2,4671,99,124,396,496,4
2,4672,99,125,396,500,4
2,4673,99,126,396,504,4
2,4674,99,127,396,508,4
2,4675,99,128,396,512,1
2,4676,99,128,396,515,3
2,4677,99,129,396,516,3
2,4678,99,129,397,519,2
2,4679,99,130,396,520,4
2,4680,99,132,396,529,4
2,4681,99,133,396,532,4
2,4682,99,134,396,536,4
2,4683,99,135,396,540,4
2,4684,99,172,396,691,1
2,4685,99,173,396,692,2
2,4686,99,174,396,696,4
2,4687,99,175,396,700,4
2,4688,99,176,396,704,4
2,4689,99,177,396,710,1
2,4690,99,177,398,708,1
2,4691,99,178,396,712,3
2,4692,99,179,396,716,3
2,4693,99,180,396,720,4
2,4694,99,181,396,724,4
2,4695,99,182,396,728,4
2,4696,99,183,396,732,4
2,4697,99,184,396,736,4
2,4698,99,185,396,740,4
2,4699,99,186,396,744,4
2,4700,99,187,396,748,3
2,4701,99,188,396,752,3
2,4702,99,189,396,756,4
2,4703,99,212,396,851,2
2,4704,99,213,396,852,4
2,4705,99,214,396,856,4
2,4706,99,215,396,860,4
2,4707,99,216,396,864,2
2,4708,99,239,396,957,4
2,4709,99,240,396,960,4
2,4710,99,241,396,964,4
2,4711,99,242,396,968,4
2,4712,99,243,396,972,4
2,4713,99,244,396,976,4
2,4714,99,245,396,980,4
2,4715,99,246,396,984,4
2,4716,99,247,396,988,4
2,4717,99,248,396,992,4
2,4718,99,249,396,996,4
2,4719,99,250,396,1000,4
2,4720,99,251,396,1004,4
2,4721,99,252,396,1008,1
2,4722,99,277,396,1108,4
2,4723,99,278,396,1112,3
2,4724,99,279,396,1116,3
2,4725,99,280,396,1120,4
2,4726,99,281,396,1124,3
2,4727,99,282,396,1128,3
2,4728,99,283,396,1132,4
2,4729,99,284,396,1136,1
2,4730,99,301,396,1205,4
2,4731,99,302,396,1208,4
2,4732,99,303,396,1212,4
2,4733,99,304,396,1216,4
2,4734,99,313,396,1255,1
2,4735,99,314,396,1256,4
2,4736,99,315,396,1260,4
2,4737,99,316,396,1264,4
2,4738,99,317,396,1268,4
2,4739,99,318,396,1272,4
2,4740,99,319,396,1276,4
2,4741,99,320,396,1280,4
2,4742,99,321,396,1284,4
2,4743,99,322,396,1288,4
2,4744,99,323,396,1292,4
2,4745,99,324,396,1296,3
2,4746,99,332,396,1328,4
2,4747,99,333,396,1332,4
2,4748,99,334,396,1336,4
2,4749,99,335,396,1340,4
2,4750,99,368,396,1474,2
2,4751,99,369,396,1476,4
2,4752,99,370,396,1480,4
2,4753,99,371,396,1484,4
2,4754,99,372,396,1488,2
2,4755,100,51,403,207,1
2,4756,100,52,400,209,4
2,4757,100,53,400,212,4
2,4758,100,54,400,216,4
2,4759,100,55,400,220,4
2,4760,100,56,400,224,4
2,4761,100,57,400,228,4
2,4762,100,58,400,232,4
2,4763,100,59,400,236,4
2,4764,100,60,400,240,4
2,4765,100,118,400,473,4
2,4766,100,119,400,476,4
2,4767,100,120,400,480,4
2,4768,100,121,400,484,4
2,4769,100,122,400,488,4
2,4770,100,123,400,492,4
2,4771,100,124,400,496,4
2,4772,100,125,400,500,4
2,4773,100,126,400,504,4
2,4774,100,127,400,508,4
2,4775,100,128,401,512,3
2,4776,100,128,400,514,1
2,4777,100,129,400,516,4
2,4778,100,130,400,520,4
2,4779,100,131,400,524,4
2,4780,100,132,400,528,4
2,4781,100,133,400,532,4
2,4782,100,134,400,536,4
2,4783,100,135,400,540,4
2,4784,100,178,402,713,2
2,4785,100,179,400,719,3
2,4786,100,180,400,720,4
2,4787,100,181,400,724,4
2,4788,100,182,400,728,4
2,4789,100,183,400,732,4
2,4790,100,184,400,736,4
2,4791,100,185,400,740,4
2,4792,100,186,400,744,4
2,4793,100,187,400,748,3
2,4794,100,188,400,755,3
2,4795,100,189,400,756,4
2,4796,100,212,400,851,2
2,4797,100,213,400,852,4
2,4798,100,214,400,856,4
2,4799,100,215,400,860,4
2,4800,100,216,400,864,2
2,4801,100,239,400,956,4
2,4802,100,240,400,960,4
2,4803,100,241,400,964,4
2,4804,100,242,400,968,4
2,4805,100,243,400,972,4
2,4806,100,244,400,976,4
2,4807,100,245,400,980,4
2,4808,100,246,400,984,4
2,4809,100,247,400,988,4
2,4810,100,248,400,992,4
2,4811,100,249,400,996,4
2,4812,100,250,400,1000,4
2,4813,100,251,400,1004,4
2,4814,100,277,400,1110,1
2,4815,100,280,400,1120,2
2,4816,100,283,400,1132,1
2,4817,100,301,400,1205,4
2,4818,100,302,400,1208,4
2,4819,100,303,400,1212,4
2,4820,100,304,400,1216,4
2,4821,100,314,400,1256,4
2,4822,100,315,400,1260,4
2,4823,100,316,400,1264,4
2,4824,100,317,400,1268,4
2,4825,100,318,400,1272,4
2,4826,100,319,400,1276,4
2,4827,100,320,400,1280,4
2,4828,100,321,400,1284,4
2,4829,100,322,400,1288,4
2,4830,100,323,400,1292,4
2,4831,100,324,400,1296,2
2,4832,100,331,403,1327,1
2,4833,100,332,400,1328,4
2,4834,100,333,400,1332,4
2,4835,100,334,400,1336,4
2,4836,100,335,400,1340,2
2,4837,100,368,400,1474,1
2,4838,100,369,400,1476,2
2,4839,100,370,400,1480,2
2,4840,100,371,400,1484,2
2,4841,100,372,400,1488,1
2,4842,101,51,404,207,2
2,4843,101,52,404,208,4
2,4844,101,53,404,212,4
2,4845,101,54,404,216,4
2,4846,101,55,404,220,4
2,4847,101,56,404,224,4
2,4848,101,57,404,228,4
2,4849,101,58,404,232,4
2,4850,101,59,404,236,4
2,4851,101,60,404,240,4
2,4852,101,118,404,472,4
2,4853,101,119,404,476,4
2,4854,101,120,404,480,4
2,4855,101,121,404,484,4
2,4856,101,122,404,488,4
2,4857,101,123,404,492,4
2,4858,101,124,404,496,4
2,4859,101,125,404,500,4
2,4860,101,126,404,504,4
2,4861,101,127,404,508,4
2,4862,101,128,404,512,4
2,4863,101,129,405,516,3
2,4864,101,129,404,518,1
2,4865,101,130,404,520,2
2,4866,101,130,406,520,2
2,4867,101,131,404,524,2
2,4868,101,131,407,524,2
2,4869,101,132,404,528,4
2,4870,101,133,404,532,4
2,4871,101,134,404,536,4
2,4872,101,135,404,540,3
2,4873,101,178,404,713,3
2,4874,101,179,404,716,4
2,4875,101,180,404,720,4
2,4876,101,181,404,724,4
2,4877,101,182,404,728,4
2,4878,101,183,404,732,4
2,4879,101,184,404,736,4
2,4880,101,185,404,740,4
2,4881,101,186,404,744,4
2,4882,101,187,404,748,4
2,4883,101,188,404,752,4
2,4884,101,189,404,756,2
2,4885,101,212,404,851,2
2,4886,101,213,404,852,4
2,4887,101,214,404,856,4
2,4888,101,215,404,860,4
2,4889,101,216,404,864,1
2,4890,101,239,404,958,2
2,4891,101,240,404,960,4
2,4892,101,241,404,964,4
2,4893,101,242,404,968,4
2,4894,101,243,404,972,4
2,4895,101,244,404,976,4
2,4896,101,245,404,980,4
2,4897,101,246,404,984,4
2,4898,101,247,404,988,4
2,4899,101,248,404,992,4
2,4900,101,249,404,996,4
2,4901,101,250,404,1000,4
2,4902,101,251,404,1004,4
2,4903,101,301,404,1206,2
2,4904,101,302,404,1208,4
2,4905,101,303,404,1212,4
2,4906,101,304,404,1216,4
2,4907,101,313,406,1255,1
2,4908,101,314,404,1256,4
2,4909,101,315,404,1260,4
2,4910,101,316,404,1264,4
2,4911,101,317,404,1268,4
2,4912,101,318,404,1272,4
2,4913,101,319,404,1276,4
2,4914,101,320,404,1280,4
2,4915,101,321,404,1284,4
2,4916,101,322,404,1288,4
2,4917,101,323,404,1292,4
2,4918,101,324,404,1296,3
2,4919,101,331,404,1327,2
2,4920,101,332,404,1328,4
2,4921,101,333,404,1332,4
2,4922,101,334,404,1336,4
2,4923,101,335,404,1340,2
2,4924,102,51,408,207,2
2,4925,102,52,408,208,4
2,4926,102,53,408,212,4
2,4927,102,54,408,216,4
2,4928,102,55,408,220,4
2,4929,102,56,408,224,4
2,4930,102,57,408,228,4
2,4931,102,58,408,232,4
2,4932,102,59,408,236,4
2,4933,102,60,408,240,4
2,4934,102,61,409,244,2
2,4935,102,118,408,474,2
2,4936,102,119,408,476,4
2,4937,102,120,408,480,4
2,4938,102,121,408,484,4
2,4939,102,122,408,488,4
2,4940,102,123,408,492,4
2,4941,102,124,408,496,4
2,4942,102,125,408,500,4
2,4943,102,126,408,504,4
2,4944,102,127,408,508,4
2,4945,102,128,408,512,4
2,4946,102,129,408,516,4
2,4947,102,130,408,520,4
2,4948,102,131,408,524,4
2,4949,102,132,408,529,4
2,4950,102,133,408,532,4
2,4951,102,134,408,536,1
2,4952,102,178,408,715,1
2,4953,102,179,408,716,4
2,4954,102,180,408,720,4
2,4955,102,181,408,724,4
2,4956,102,182,408,728,4
2,4957,102,183,408,732,4
2,4958,102,184,408,736,4
2,4959,102,185,408,740,4
2,4960,102,186,408,744,4
2,4961,102,187,408,748,4
2,4962,102,188,408,752,4
2,4963,102,189,408,756,2
2,4964,102,212,408,851,2
2,4965,102,213,408,852,4
2,4966,102,214,408,856,4
2,4967,102,215,408,860,4
2,4968,102,239,408,958,2
2,4969,102,240,408,960,4
2,4970,102,241,408,964,4
2,4971,102,242,408,968,4
2,4972,102,243,408,972,4
2,4973,102,244,408,976,4
2,4974,102,245,408,980,4
2,4975,102,246,408,984,4
2,4976,102,247,408,988,4
2,4977,102,248,408,992,4
2,4978,102,249,408,996,4
2,4979,102,250,408,1000,4
2,4980,102,251,408,1004,4
2,4981,102,265,409,1062,2
2,4982,102,266,409,1064,2
2,4983,102,301,408,1207,1
2,4984,102,302,408,1208,4
2,4985,102,303,408,1212,4
2,4986,102,304,408,1216,4
2,4987,102,305,410,1220,1
2,4988,102,313,408,1254,3
2,4989,102,314,408,1256,4
2,4990,102,315,408,1260,4
2,4991,102,316,408,1264,4
2,4992,102,317,408,1268,4
2,4993,102,318,408,1272,4
2,4994,102,319,408,1276,4
2,4995,102,320,408,1280,4
2,4996,102,321,408,1284,4
2,4997,102,322,408,1288,4
2,4998,102,323,408,1292,4
2,4999,102,324,408,1296,1
2,5000,102,331,408,1327,2
2,5001,102,332,408,1328,4
2,5002,102,333,408,1332,4
2,5003,102,334,408,1336,4
2,5004,103,51,412,207,2
2,5005,103,52,412,208,4
2,5006,103,53,412,212,4
2,5007,103,54,412,216,4
2,5008,103,55,412,220,4
2,5009,103,56,412,224,4
2,5010,103,57,412,228,4
2,5011,103,58,412,232,4
2,5012,103,59,412,236,4
2,5013,103,60,412,240,4
2,5014,103,61,412,244,2
2,5015,103,119,412,477,3
2,5016,103,120,412,480,4
2,5017,103,121,412,484,4
2,5018,103,122,412,488,4
2,5019,103,123,412,492,4
2,5020,103,124,412,496,4
2,5021,103,125,412,500,4
2,5022,103,126,412,504,4
2,5023,103,127,412,508,4
2,5024,103,128,412,512,4
2,5025,103,129,412,516,4
2,5026,103,130,412,520,4
2,5027,103,131,412,524,3
2,5028,103,132,412,529,2
2,5029,103,179,412,716,4
2,5030,103,180,412,720,4
2,5031,103,181,412,724,4
2,5032,103,182,412,728,4
2,5033,103,183,412,732,4
2,5034,103,184,412,736,4
2,5035,103,185,412,740,4
2,5036,103,186,412,744,4
2,5037,103,187,412,748,4
2,5038,103,188,412,752,3
2,5039,103,212,412,851,2
2,5040,103,213,412,852,4
2,5041,103,214,412,856,4
2,5042,103,215,412,860,4
2,5043,103,216,412,864,2
2,5044,103,239,412,958,2
2,5045,103,240,412,960,4
2,5046,103,241,412,964,2
2,5047,103,242,412,968,4
2,5048,103,243,412,972,4
2,5049,103,244,412,976,4
2,5050,103,245,412,980,4
2,5051,103,246,412,984,4
2,5052,103,247,412,988,4
2,5053,103,248,412,992,4
2,5054,103,249,412,996,4
2,5055,103,250,412,1000,4
2,5056,103,251,412,1004,4
2,5057,103,265,412,1063,2
2,5058,103,266,412,1064,4
2,5059,103,302,412,1209,3
2,5060,103,303,412,1212,4
2,5061,103,304,412,1216,4
2,5062,103,305,412,1220,4
2,5063,103,306,414,1224,2
2,5064,103,307,415,1228,1
2,5065,103,312,412,1251,3
2,5066,103,313,412,1252,4
2,5067,103,314,412,1256,4
2,5068,103,315,412,1260,4
2,5069,103,316,412,1264,4
2,5070,103,317,412,1268,4
2,5071,103,318,412,1272,4
2,5072,103,319,412,1276,4
2,5073,103,320,412,1280,4
2,5074,103,321,412,1284,4
2,5075,103,322,412,1288,4
2,5076,103,323,412,1292,4
2,5077,103,324,412,1296,3
2,5078,103,327,415,1309,2
2,5079,103,328,415,1312,2
2,5080,103,329,415,1316,2
2,5081,103,330,414,1320,2
2,5082,103,331,412,1325,4
2,5083,103,332,412,1328,4
2,5084,103,333,412,1332,4
2,5085,103,334,412,1336,2
2,5086,104,51,416,207,2
2,5087,104,52,416,208,4
2,5088,104,53,416,212,4
2,5089,104,54,416,216,4
2,5090,104,55,416,220,4
2,5091,104,56,416,224,4
2,5092,104,57,416,228,4
2,5093,104,58,416,232,4
2,5094,104,59,416,236,4
2,5095,104,60,416,240,4
2,5096,104,61,416,244,4
2,5097,104,119,416,479,1
2,5098,104,120,416,480,4
2,5099,104,121,416,484,4
2,5100,104,122,416,488,4
2,5101,104,123,416,492,4
2,5102,104,124,416,496,4
2,5103,104,125,416,500,4
2,5104,104,126,416,504,4
2,5105,104,127,416,508,4
2,5106,104,128,416,512,3
2,5107,104,167,419,668,2
2,5108,104,168,419,672,1
2,5109,104,179,416,717,4
2,5110,104,180,416,720,4
2,5111,104,181,416,724,4
2,5112,104,182,416,728,4
2,5113,104,183,416,732,4
2,5114,104,184,416,736,4
2,5115,104,185,416,740,4
2,5116,104,186,416,744,4
2,5117,104,187,416,748,4
2,5118,104,188,416,752,2
2,5119,104,212,416,851,2
2,5120,104,213,416,852,4
2,5121,104,214,416,856,4
2,5122,104,215,416,860,4
2,5123,104,216,416,864,2
2,5124,104,240,416,961,3
2,5125,104,241,418,964,2
2,5126,104,242,416,969,4
2,5127,104,243,416,972,4
2,5128,104,244,416,976,4
2,5129,104,245,416,980,4
2,5130,104,246,416,984,4
2,5131,104,247,416,988,4
2,5132,104,248,416,992,4
2,5133,104,249,416,996,4
2,5134,104,250,416,1000,4
2,5135,104,251,416,1004,4
2,5136,104,264,417,1057,4
2,5137,104,265,417,1060,4
2,5138,104,266,416,1064,4
2,5139,104,267,416,1068,3
2,5140,104,302,416,1211,1
2,5141,104,303,416,1212,2
2,5142,104,304,416,1216,4
2,5143,104,305,416,1220,4
2,5144,104,306,416,1224,4
2,5145,104,307,416,1228,4
2,5146,104,308,416,1232,4
2,5147,104,309,416,1236,4
2,5148,104,310,416,1240,4
2,5149,104,311,416,1244,4
2,5150,104,312,416,1248,4
2,5151,104,313,416,1252,4
2,5152,104,314,416,1256,4
2,5153,104,315,416,1260,4
2,5154,104,316,416,1264,4
2,5155,104,317,416,1268,4
2,5156,104,318,416,1272,4
2,5157,104,319,416,1276,4
2,5158,104,320,416,1280,4
2,5159,104,321,416,1284,4
2,5160,104,322,416,1288,4
2,5161,104,323,416,1292,4
2,5162,104,324,416,1296,4
2,5163,104,325,416,1300,4
2,5164,104,326,416,1304,4
2,5165,104,327,416,1308,4
2,5166,104,328,416,1312,4
2,5167,104,329,416,1316,4
2,5168,104,330,416,1320,4
2,5169,104,331,416,1324,4
2,5170,104,332,416,1328,4
2,5171,104,333,416,1332,4
2,5172,105,51,420,207,2
2,5173,105,52,420,208,4
2,5174,105,53,420,212,4
2,5175,105,54,420,216,4
2,5176,105,55,420,220,4
2,5177,105,56,420,224,4
2,5178,105,57,420,228,4
2,5179,105,58,420,232,4
2,5180,105,59,420,236,4
2,5181,105,60,420,240,4
2,5182,105,61,420,244,4
2,5183,105,62,421,248,3
2,5184,105,63,423,252,1
2,5185,105,120,420,481,3
2,5186,105,121,420,484,4
2,5187,105,122,420,488,4
2,5188,105,123,420,492,4
2,5189,105,124,420,496,4
2,5190,105,125,420,500,4
2,5191,105,126,420,504,4
2,5192,105,127,420,508,4
2,5193,105,128,420,512,2
2,5194,105,147,422,588,2
2,5195,105,148,422,592,2
2,5196,105,149,422,596,2
2,5197,105,150,423,600,1
2,5198,105,165,423,661,2
2,5199,105,166,421,664,4
2,5200,105,167,420,668,4
2,5201,105,168,420,672,4
2,5202,105,169,420,676,4
2,5203,105,170,421,680,4
2,5204,105,171,421,684,4
2,5205,105,179,420,716,4
2,5206,105,180,420,720,4
2,5207,105,181,420,724,4
2,5208,105,182,420,728,4
2,5209,105,183,420,732,4
2,5210,105,184,420,736,4
2,5211,105,185,420,740,4
2,5212,105,186,420,744,4
2,5213,105,187,420,748,4
2,5214,105,212,420,851,2
2,5215,105,213,420,852,4
2,5216,105,214,420,856,4
2,5217,105,215,420,860,4
2,5218,105,216,420,864,1
2,5219,105,240,421,961,3
2,5220,105,241,420,964,4
2,5221,105,242,420,968,4
2,5222,105,243,420,972,4
2,5223,105,244,420,976,4
2,5224,105,245,420,980,4
2,5225,105,246,420,984,4
2,5226,105,247,420,988,4
2,5227,105,248,420,992,4
2,5228,105,249,420,996,4
2,5229,105,250,420,1000,4
2,5230,105,251,420,1004,4
2,5231,105,253,421,1013,3
2,5232,105,254,422,1016,2
2,5233,105,255,423,1020,1
2,5234,105,257,422,1030,1
2,5235,105,258,422,1032,2
2,5236,105,259,422,1036,2
2,5237,105,264,420,1057,4
2,5238,105,265,420,1060,4
2,5239,105,266,420,1064,4
2,5240,105,267,420,1068,4
2,5241,105,268,422,1072,2
2,5242,105,269,422,1076,1
2,5243,105,305,420,1220,4
2,5244,105,306,420,1224,4
2,5245,105,307,420,1228,4
2,5246,105,308,420,1232,4
2,5247,105,309,420,1236,4
2,5248,105,310,420,1240,4
2,5249,105,311,420,1244,4
2,5250,105,312,420,1248,4
2,5251,105,313,420,1252,4
2,5252,105,314,420,1256,4
2,5253,105,315,420,1260,4
2,5254,105,316,420,1264,4
2,5255,105,317,420,1268,4
2,5256,105,318,420,1272,4
2,5257,105,319,420,1276,4
2,5258,105,320,420,1280,3
2,5259,105,321,420,1284,4
2,5260,105,322,420,1288,4
2,5261,105,323,420,1292,4
2,5262,105,324,420,1296,4
2,5263,105,325,420,1300,2
2,5264,105,326,420,1304,4
2,5265,105,327,420,1308,4
2,5266,105,328,420,1312,4
2,5267,105,329,420,1316,2
2,5268,105,330,420,1320,2
2,5269,105,331,420,1324,3
2,5270,105,332,420,1328,3
2,5271,105,333,420,1332,1
2,5272,106,52,424,208,4
2,5273,106,53,424,212,4
2,5274,106,54,424,216,4
2,5275,106,55,424,220,4
2,5276,106,56,424,224,4
2,5277,106,57,424,228,4
2,5278,106,58,424,232,4
2,5279,106,59,424,236,4
2,5280,106,60,424,240,4
2,5281,106,61,424,244,4
2,5282,106,62,424,248,4
2,5283,106,63,424,252,4
2,5284,106,64,425,256,3
2,5285,106,65,427,260,1
2,5286,106,120,424,482,2
2,5287,106,121,424,484,4
2,5288,106,122,424,488,4
2,5289,106,123,424,492,4
2,5290,106,124,424,496,4
2,5291,106,125,424,500,4
2,5292,106,126,424,504,4
2,5293,106,127,424,508,4
2,5294,106,144,425,579,3
2,5295,106,145,424,581,4
2,5296,106,146,425,584,4
2,5297,106,147,424,588,4
2,5298,106,148,424,592,4
2,5299,106,149,424,596,4
2,5300,106,150,424,600,4
2,5301,106,151,424,604,4
2,5302,106,152,427,608,1
2,5303,106,164,426,659,1
2,5304,106,165,424,660,4
2,5305,106,166,424,664,4
2,5306,106,167,424,668,4
2,5307,106,168,424,672,4
2,5308,106,169,424,676,4
2,5309,106,170,424,680,4
2,5310,106,171,424,684,4
2,5311,106,172,425,688,3
2,5312,106,173,426,692,1
2,5313,106,175,427,700,2
2,5314,106,176,424,705,4
2,5315,106,177,424,708,4
2,5316,106,178,424,712,4
2,5317,106,179,424,716,4
2,5318,106,180,424,720,4
2,5319,106,181,424,724,4
2,5320,106,182,424,728,4
2,5321,106,183,424,732,4
2,5322,106,184,424,736,4
2,5323,106,185,424,740,4
2,5324,106,186,424,744,4
2,5325,106,187,424,748,2
2,5326,106,212,424,851,2
2,5327,106,213,424,852,4
2,5328,106,214,424,856,4
2,5329,106,215,424,860,4
2,5330,106,240,424,962,2
2,5331,106,241,424,964,4
2,5332,106,242,424,968,4
2,5333,106,243,424,972,4
2,5334,106,244,424,976,4
2,5335,106,245,424,980,4
2,5336,106,246,424,984,4
2,5337,106,247,424,988,4
2,5338,106,248,424,992,4
2,5339,106,249,424,996,4
2,5340,106,250,424,1000,4
2,5341,106,251,424,1004,4
2,5342,106,252,424,1008,4
2,5343,106,253,424,1012,4
2,5344,106,254,424,1016,4
2,5345,106,255,424,1020,4
2,5346,106,256,424,1024,3
2,5347,106,257,424,1030,3
2,5348,106,258,424,1032,4
2,5349,106,259,424,1036,4
2,5350,106,260,424,1040,4
2,5351,106,261,426,1044,2
2,5352,106,262,425,1051,3
2,5353,106,263,425,1052,4
2,5354,106,264,424,1056,4
2,5355,106,265,424,1060,4
2,5356,106,266,424,1064,4
2,5357,106,267,424,1068,4
2,5358,106,268,424,1072,4
2,5359,106,269,424,1076,4
2,5360,106,270,426,1080,2
2,5361,106,271,426,1084,2
2,5362,106,272,427,1088,2
2,5363,106,312,424,1250,1
2,5364,106,313,424,1252,3
2,5365,106,314,424,1256,4
2,5366,106,315,424,1260,3
2,5367,106,316,424,1264,2
2,5368,106,317,424,1268,2
2,5369,106,318,424,1272,2
2,5370,106,319,424,1276,1
2,5371,107,52,428,208,4
2,5372,107,53,428,212,4
2,5373,107,54,428,216,4
2,5374,107,55,428,220,4
2,5375,107,56,428,224,4
2,5376,107,57,428,228,4
2,5377,107,58,428,232,4
2,5378,107,59,428,236,4
2,5379,107,60,428,240,3
2,5380,107,61,428,244,4
2,5381,107,62,428,248,4
2,5382,107,63,428,252,4
2,5383,107,64,428,256,4
2,5384,107,65,428,260,4
2,5385,107,66,429,264,4
2,5386,107,67,430,268,2
2,5387,107,120,428,483,2
2,5388,107,121,428,484,4
2,5389,107,122,428,488,4
2,5390,107,123,428,492,4
2,5391,107,124,428,496,4
2,5392,107,125,428,500,4
2,5393,107,126,428,504,4
2,5394,107,127,428,508,4
2,5395,107,142,430,571,1
2,5396,107,143,429,573,4
2,5397,107,144,428,576,4
2,5398,107,145,428,580,4
2,5399,107,146,428,584,4
2,5400,107,147,428,588,4
2,5401,107,148,428,592,4
2,5402,107,149,428,596,4
2,5403,107,150,428,600,4
2,5404,107,151,428,604,4
2,5405,107,152,428,608,3
2,5406,107,164,429,657,4
2,5407,107,165,428,660,4
2,5408,107,166,428,664,4
2,5409,107,167,428,668,4
2,5410,107,168,428,672,4
2,5411,107,169,428,676,4
2,5412,107,170,428,680,4
2,5413,107,171,428,684,4
2,5414,107,172,428,688,4
2,5415,107,173,428,692,4
2,5416,107,174,428,696,4
2,5417,107,175,428,700,4
2,5418,107,176,428,704,4
2,5419,107,177,428,708,4
2,5420,107,178,428,712,4
2,5421,107,179,428,716,4
2,5422,107,180,428,720,4
2,5423,107,181,428,724,4
2,5424,107,182,428,728,4
2,5425,107,183,428,732,4
2,5426,107,184,428,736,4
2,5427,107,185,428,740,4
2,5428,107,186,428,744,4
2,5429,107,187,428,748,2
2,5430,107,212,428,851,2
2,5431,107,213,428,852,4
2,5432,107,214,428,856,4
2,5433,107,215,428,860,4
2,5434,107,216,428,864,2
2,5435,107,241,428,965,3
2,5436,107,242,428,968,4
2,5437,107,243,428,972,4
2,5438,107,244,428,976,4
2,5439,107,245,428,980,4
2,5440,107,246,428,984,4
2,5441,107,247,428,988,4
2,5442,107,248,428,992,4
2,5443,107,249,428,996,4
2,5444,107,250,428,1000,4
2,5445,107,251,428,1004,4
2,5446,107,252,428,1009,4
2,5447,107,253,428,1012,4
2,5448,107,254,428,1016,4
2,5449,107,255,428,1020,4
2,5450,107,256,428,1024,4
2,5451,107,257,428,1028,4
2,5452,107,258,428,1032,4
2,5453,107,259,428,1036,4
2,5454,107,260,428,1040,4
2,5455,107,261,428,1044,4
2,5456,107,262,428,1048,4
2,5457,107,263,428,1052,4
2,5458,107,264,428,1056,4
2,5459,107,265,428,1060,4
2,5460,107,266,428,1064,4
2,5461,107,267,428,1068,4
2,5462,107,268,428,1072,4
2,5463,107,269,428,1076,4
2,5464,107,270,428,1080,4
2,5465,107,271,428,1084,4
2,5466,107,272,428,1088,4
2,5467,107,273,428,1092,4
2,5468,107,274,431,1096,1
2,5469,108,52,432,208,2
2,5470,108,53,432,212,1
2,5471,108,61,432,247,1
2,5472,108,62,432,248,2
2,5473,108,63,432,252,4
2,5474,108,64,432,256,4
2,5475,108,65,432,260,4
2,5476,108,66,432,264,4
2,5477,108,67,432,268,4
2,5478,108,68,433,272,3
2,5479,108,69,435,276,1
2,5480,108,120,432,482,2
2,5481,108,121,432,484,3
2,5482,108,122,432,488,3
2,5483,108,123,432,492,4
2,5484,108,124,432,496,4
2,5485,108,125,432,500,4
2,5486,108,126,432,504,4
2,5487,108,127,432,508,4
2,5488,108,141,433,567,3
2,5489,108,142,432,568,4
2,5490,108,143,432,572,4
2,5491,108,144,432,576,4
2,5492,108,145,432,580,4
2,5493,108,146,432,584,4
2,5494,108,147,432,588,4
2,5495,108,148,432,592,4
2,5496,108,149,432,596,4
2,5497,108,150,432,600,4
2,5498,108,151,432,604,4
2,5499,108,152,432,608,4
2,5500,108,153,433,612,2
2,5501,108,163,432,655,2
2,5502,108,164,432,656,4
2,5503,108,165,432,660,4
2,5504,108,166,432,664,4
2,5505,108,167,432,668,4
2,5506,108,168,432,672,4
2,5507,108,169,432,676,4
2,5508,108,170,432,680,4
2,5509,108,171,432,684,4
2,5510,108,172,432,688,4
2,5511,108,173,432,692,4
2,5512,108,174,432,696,4
2,5513,108,175,432,700,4
2,5514,108,176,432,704,4
2,5515,108,177,432,708,4
2,5516,108,178,432,712,4
2,5517,108,179,432,716,4
2,5518,108,180,432,720,4
2,5519,108,181,432,724,4
2,5520,108,182,432,728,4
2,5521,108,183,432,732,4
2,5522,108,184,432,736,4
2,5523,108,185,432,740,4
2,5524,108,186,432,744,4
2,5525,108,187,432,748,2
2,5526,108,212,432,851,2
2,5527,108,213,432,852,4
2,5528,108,214,432,856,4
2,5529,108,215,432,860,4
2,5530,108,216,432,864,2
2,5531,108,241,433,965,3
2,5532,108,242,432,968,4
2,5533,108,243,432,972,4
2,5534,108,244,432,976,4
2,5535,108,245,432,980,4
2,5536,108,246,432,984,4
2,5537,108,247,432,988,4
2,5538,108,248,432,992,4
2,5539,108,249,432,996,4
2,5540,108,250,432,1000,4
2,5541,108,251,432,1004,2
2,5542,108,253,432,1012,2
2,5543,108,254,432,1016,4
2,5544,108,255,432,1020,4
2,5545,108,256,432,1024,3
2,5546,108,257,432,1028,3
2,5547,108,258,432,1032,4
2,5548,108,259,432,1036,4
2,5549,108,260,432,1040,2
2,5550,108,261,432,1044,2
2,5551,108,262,432,1049,3
2,5552,108,263,432,1052,4
2,5553,108,264,432,1056,4
2,5554,108,265,432,1060,4
2,5555,108,266,432,1064,4
2,5556,108,267,432,1068,4
2,5557,108,268,432,1072,4
2,5558,108,269,432,1076,4
2,5559,108,270,432,1080,1
2,5560,108,272,432,1091,1
2,5561,108,273,432,1092,3
2,5562,108,274,432,1096,2
2,5563,109,63,436,255,1
2,5564,109,64,436,256,4
2,5565,109,65,436,260,4
2,5566,109,66,436,264,4
2,5567,109,67,436,268,4
2,5568,109,68,436,272,4
2,5569,109,69,436,276,2
2,5570,109,120,436,482,3
2,5571,109,121,436,484,3
2,5572,109,122,436,490,3
2,5573,109,123,436,492,4
2,5574,109,124,436,496,4
2,5575,109,125,436,500,4
2,5576,109,126,436,504,4
2,5577,109,127,436,508,4
2,5578,109,140,437,561,4
2,5579,109,141,436,564,4
2,5580,109,142,436,568,4
2,5581,109,143,436,572,4
2,5582,109,144,436,576,4
2,5583,109,145,436,580,2
2,5584,109,146,436,584,2
2,5585,109,147,436,588,2
2,5586,109,148,436,592,2
2,5587,109,149,436,596,2
2,5588,109,151,436,606,2
2,5589,109,152,436,608,4
2,5590,109,153,436,612,3
2,5591,109,163,436,655,2
2,5592,109,164,436,656,4
2,5593,109,165,436,660,4
2,5594,109,166,436,664,4
2,5595,109,167,436,668,3
2,5596,109,169,436,679,1
2,5597,109,170,436,680,2
2,5598,109,171,436,684,2
2,5599,109,172,436,688,2
2,5600,109,173,436,692,2
2,5601,109,174,436,696,1
2,5602,109,176,436,707,1
2,5603,109,179,436,717,4
2,5604,109,180,436,720,4
2,5605,109,181,436,724,4
2,5606,109,182,436,728,4
2,5607,109,183,436,732,4
2,5608,109,184,436,736,4
2,5609,109,185,436,740,4
2,5610,109,186,436,744,4
2,5611,109,187,436,748,2
2,5612,109,212,436,851,1
2,5613,109,213,436,852,4
2,5614,109,214,436,856,4
2,5615,109,215,436,860,4
2,5616,109,216,436,864,1
2,5617,109,241,436,967,1
2,5618,109,242,436,968,3
2,5619,109,243,436,975,3
2,5620,109,244,436,976,4
2,5621,109,245,436,980,4
2,5622,109,246,436,984,4
2,5623,109,247,436,988,4
2,5624,109,248,436,992,4
2,5625,109,249,436,996,4
2,5626,109,250,436,1000,4
2,5627,109,257,436,1029,2
2,5628,109,258,436,1032,2
2,5629,109,259,436,1036,2
2,5630,109,264,436,1056,3
2,5631,109,265,436,1060,4
2,5632,109,266,436,1064,4
2,5633,109,267,436,1068,4
2,5634,109,268,436,1072,2
2,5635,109,269,436,1076,1
2,5636,110,63,441,255,2
2,5637,110,64,440,256,4
2,5638,110,65,440,260,4
2,5639,110,66,440,264,4
2,5640,110,67,440,268,4
2,5641,110,68,440,272,4
2,5642,110,69,440,276,2
2,5643,110,120,440,481,4
2,5644,110,121,440,484,4
2,5645,110,122,440,488,4
2,5646,110,123,440,492,4
2,5647,110,124,440,496,4
2,5648,110,125,440,500,4
2,5649,110,126,440,504,4
2,5650,110,127,440,508,4
2,5651,110,128,440,512,4
2,5652,110,129,441,516,4
2,5653,110,130,441,520,4
2,5654,110,131,441,524,2
2,5655,110,139,440,559,2
2,5656,110,140,440,560,4
2,5657,110,141,440,564,4
2,5658,110,142,440,568,4
2,5659,110,143,440,572,4
2,5660,110,152,440,609,3
2,5661,110,153,440,612,4
2,5662,110,154,440,616,3
2,5663,110,163,440,655,1
2,5664,110,164,440,656,4
2,5665,110,165,440,660,4
2,5666,110,166,440,664,4
2,5667,110,167,440,668,2
2,5668,110,179,440,718,2
2,5669,110,180,440,720,4
2,5670,110,181,440,724,4
2,5671,110,182,440,728,4
2,5672,110,183,440,732,4
2,5673,110,184,440,736,4
2,5674,110,185,440,740,4
2,5675,110,186,440,744,4
2,5676,110,187,440,748,1
2,5677,110,213,440,852,4
2,5678,110,214,440,856,4
2,5679,110,215,440,860,4
2,5680,110,242,440,970,2
2,5681,110,243,440,972,4
2,5682,110,244,440,976,4
2,5683,110,245,440,980,4
2,5684,110,246,440,984,4
2,5685,110,247,440,988,4
2,5686,110,248,440,992,4
2,5687,110,249,440,996,4
2,5688,110,264,440,1058,2
2,5689,110,265,440,1060,4
2,5690,110,266,440,1064,4
2,5691,110,267,440,1068,4
2,5692,111,63,444,254,3
2,5693,111,64,444,256,4
2,5694,111,65,444,260,4
2,5695,111,66,444,264,4
2,5696,111,67,444,268,3
2,5697,111,68,444,272,1
2,5698,111,120,444,480,4
2,5699,111,121,444,484,4
2,5700,111,122,444,488,4
2,5701,111,123,444,492,4
2,5702,111,124,444,496,4
2,5703,111,125,444,500,4
2,5704,111,126,444,504,4
2,5705,111,127,444,508,4
2,5706,111,128,444,512,4
2,5707,111,129,444,516,4
2,5708,111,130,444,520,4
2,5709,111,131,444,524,4
2,5710,111,139,444,557,4
2,5711,111,140,444,560,4
2,5712,111,141,444,564,4
2,5713,111,142,444,568,4
2,5714,111,143,444,572,4
2,5715,111,152,444,610,3
2,5716,111,153,444,612,4
2,5717,111,154,444,616,4
2,5718,111,155,444,620,4
2,5719,111,164,444,656,4
2,5720,111,165,444,660,4
2,5721,111,166,444,664,4
2,5722,111,167,444,668,4
2,5723,111,179,444,719,1
2,5724,111,180,444,720,3
2,5725,111,181,444,724,3
2,5726,111,182,444,728,4
2,5727,111,183,444,732,4
2,5728,111,184,444,736,3
2,5729,111,185,444,740,2
2,5730,111,186,444,744,4
2,5731,111,212,447,851,1
2,5732,111,213,444,852,4
2,5733,111,214,444,856,4
2,5734,111,215,444,860,4
2,5735,111,242,444,971,1
2,5736,111,243,444,972,3
2,5737,111,244,444,976,4
2,5738,111,245,444,980,2
2,5739,111,246,444,984,4
2,5740,111,247,444,988,4
2,5741,111,248,444,992,4
2,5742,111,264,444,1056,4
2,5743,111,265,444,1060,4
2,5744,111,266,444,1064,4
2,5745,111,267,444,1068,4
2,5746,112,63,448,253,4
2,5747,112,64,448,256,4
2,5748,112,65,448,260,3
2,5749,112,66,448,264,1
2,5750,112,120,448,482,2
2,5751,112,121,448,484,4
2,5752,112,122,448,488,4
2,5753,112,123,448,492,4
2,5754,112,124,448,496,4
2,5755,112,125,448,500,4
2,5756,112,126,448,504,4
2,5757,112,127,448,508,4
2,5758,112,128,448,512,4
2,5759,112,129,448,516,4
2,5760,112,130,448,520,4
2,5761,112,131,448,524,4
2,5762,112,138,448,555,3
2,5763,112,139,448,556,4
2,5764,112,140,448,560,4
2,5765,112,141,448,564,4
2,5766,112,142,448,568,4
2,5767,112,143,448,572,2
2,5768,112,151,451,607,1
2,5769,112,152,448,609,4
2,5770,112,153,448,612,4
2,5771,112,154,448,616,4
2,5772,112,155,448,620,4
2,5773,112,156,451,624,1
2,5774,112,163,451,655,1
2,5775,112,164,448,656,4
2,5776,112,165,448,660,4
2,5777,112,166,448,664,4
2,5778,112,167,448,668,4
2,5779,112,181,448,727,2
2,5780,112,182,448,728,4
2,5781,112,183,448,732,4
2,5782,112,184,448,736,2
2,5783,112,212,448,851,1
2,5784,112,213,448,852,4
2,5785,112,214,448,856,4
2,5786,112,215,448,860,4
2,5787,112,246,448,984,4
2,5788,112,247,448,988,4
2,5789,112,248,448,992,4
2,5790,112,264,448,1056,3
2,5791,112,265,448,1060,4
2,5792,112,266,448,1064,4
2,5793,112,267,448,1068,3
2,5794,113,61,455,247,1
2,5795,113,62,452,251,3
2,5796,113,63,452,252,4
2,5797,113,64,452,256,4
2,5798,113,65,452,260,2
2,5799,113,121,452,485,2
2,5800,113,122,452,488,4
2,5801,113,123,452,492,4
2,5802,113,124,452,496,4
2,5803,113,125,452,500,4
2,5804,113,126,452,504,4
2,5805,113,127,452,508,4
2,5806,113,128,452,512,4
2,5807,113,129,452,516,4
2,5808,113,130,452,520,4
2,5809,113,131,452,524,4
2,5810,113,137,455,551,1
2,5811,113,138,452,553,4
2,5812,113,139,452,556,4
2,5813,113,140,452,560,4
2,5814,113,141,452,564,4
2,5815,113,142,452,568,4
2,5816,113,143,452,572,1
2,5817,113,151,452,607,2
2,5818,113,152,452,608,4
2,5819,113,153,452,612,4
2,5820,113,154,452,616,4
2,5821,113,155,452,620,4
2,5822,113,156,452,624,2
2,5823,113,163,452,655,2
2,5824,113,164,452,656,4
2,5825,113,165,452,660,4
2,5826,113,166,452,664,4
2,5827,113,167,452,668,4
2,5828,113,181,453,727,2
2,5829,113,182,452,728,4
2,5830,113,183,452,732,4
2,5831,113,184,452,736,2
2,5832,113,213,452,853,4
2,5833,113,214,452,856,4
2,5834,113,215,452,860,4
2,5835,113,246,452,985,3
2,5836,113,247,452,988,4
2,5837,113,248,452,992,4
2,5838,113,264,454,1057,2
2,5839,113,265,452,1062,3
2,5840,113,266,452,1064,3
2,5841,113,267,454,1069,2
2,5842,114,60,459,243,1
2,5843,114,61,457,245,4
2,5844,114,62,456,248,4
2,5845,114,63,456,252,4
2,5846,114,64,456,256,4
2,5847,114,122,456,490,2
2,5848,114,123,456,492,4
2,5849,114,124,456,496,4
2,5850,114,125,456,500,4
2,5851,114,126,456,504,4
2,5852,114,127,456,508,4
2,5853,114,128,456,512,4
2,5854,114,129,456,516,4
2,5855,114,130,456,520,4
2,5856,114,131,456,524,4
2,5857,114,137,456,551,2
2,5858,114,138,456,552,4
2,5859,114,139,456,556,4
2,5860,114,140,456,560,4
2,5861,114,141,456,564,4
2,5862,114,142,456,568,3
2,5863,114,151,456,607,2
2,5864,114,152,456,608,4
2,5865,114,153,456,612,4
2,5866,114,154,456,616,4
2,5867,114,155,456,620,4
2,5868,114,163,456,654,3
2,5869,114,164,456,656,4
2,5870,114,165,456,660,4
2,5871,114,166,456,664,4
2,5872,114,167,456,668,3
2,5873,114,181,456,727,2
2,5874,114,182,456,728,4
2,5875,114,183,456,732,4
2,5876,114,184,456,736,2
2,5877,114,213,456,852,4
2,5878,114,214,456,856,4
2,5879,114,215,456,860,4
2,5880,114,246,456,986,2
2,5881,114,247,456,988,4
2,5882,114,248,456,992,4
2,5883,114,264,456,1057,4
2,5884,114,265,456,1060,4
2,5885,114,266,456,1064,4
2,5886,114,267,456,1068,4
2,5887,115,60,460,242,3
2,5888,115,61,460,244,4
2,5889,115,62,460,248,4
2,5890,115,63,460,252,4
2,5891,115,64,460,256,4
2,5892,115,123,460,492,4
2,5893,115,124,460,496,4
2,5894,115,125,460,500,4
2,5895,115,126,460,504,4
2,5896,115,127,460,508,4
2,5897,115,128,460,512,4
2,5898,115,129,460,516,4
2,5899,115,130,460,520,4
2,5900,115,131,460,524,4
2,5901,115,137,460,550,3
2,5902,115,138,460,552,4
2,5903,115,139,460,556,4
2,5904,115,140,460,560,4
2,5905,115,141,460,564,4
2,5906,115,142,460,568,1
2,5907,115,152,460,609,4
2,5908,115,153,460,612,4
2,5909,115,154,460,616,4
2,5910,115,155,460,620,2
2,5911,115,163,460,653,4
2,5912,115,164,460,656,4
2,5913,115,165,460,660,4
2,5914,115,166,460,664,4
2,5915,115,181,460,726,2
2,5916,115,182,460,728,4
2,5917,115,183,460,732,4
2,5918,115,184,460,736,2
2,5919,115,213,460,854,3
2,5920,115,214,460,856,4
2,5921,115,215,460,860,2
2,5922,115,246,460,986,2
2,5923,115,247,460,988,3
2,5924,115,248,460,992,2
2,5925,115,264,460,1057,4
2,5926,115,265,460,1060,4
2,5927,115,266,460,1064,4
2,5928,115,267,460,1068,4
2,5929,116,59,466,239,1
2,5930,116,60,464,240,4
2,5931,116,61,464,244,4
2,5932,116,62,464,248,4
2,5933,116,63,464,252,4
2,5934,116,64,464,256,4
2,5935,116,123,464,494,2
2,5936,116,124,464,496,4
2,5937,116,125,464,500,4
2,5938,116,126,464,504,4
2,5939,116,127,464,508,4
2,5940,116,128,464,512,4
2,5941,116,129,464,516,4
2,5942,116,130,464,520,4
2,5943,116,131,464,524,4
2,5944,116,137,464,549,4
2,5945,116,138,464,552,4
2,5946,116,139,464,556,4
2,5947,116,140,464,560,4
2,5948,116,141,464,564,4
2,5949,116,152,464,609,4
2,5950,116,153,464,612,4
2,5951,116,154,464,616,4
2,5952,116,155,464,620,4
2,5953,116,163,464,652,4
2,5954,116,164,464,656,4
2,5955,116,165,464,660,4
2,5956,116,166,464,664,4
2,5957,116,167,466,668,1
2,5958,116,181,466,725,2
2,5959,116,182,464,730,3
2,5960,116,183,464,732,3
2,5961,116,184,466,737,2
2,5962,116,212,464,850,2
2,5963,116,213,464,852,4
2,5964,116,214,464,856,4
2,5965,116,215,464,860,3
2,5966,116,264,464,1057,4
2,5967,116,265,464,1060,4
2,5968,116,266,464,1064,4
2,5969,116,267,464,1068,4
2,5970,117,59,468,238,3
2,5971,117,60,468,240,4
2,5972,117,61,468,244,4
2,5973,117,62,468,248,4
2,5974,117,63,468,252,4
2,5975,117,64,468,256,4
2,5976,117,124,468,496,4
2,5977,117,125,468,500,4
2,5978,117,126,468,504,4
2,5979,117,127,468,508,4
2,5980,117,128,468,512,4
2,5981,117,129,468,516,4
2,5982,117,130,468,520,4
2,5983,117,131,468,524,4
2,5984,117,137,468,548,4
2,5985,117,138,468,552,4
2,5986,117,139,468,556,4
2,5987,117,140,468,560,4
2,5988,117,141,468,564,2
2,5989,117,152,468,609,4
2,5990,117,153,468,612,4
2,5991,117,154,468,616,4
2,5992,117,155,468,620,4
2,5993,117,156,468,624,2
2,5994,117,163,468,655,1
2,5995,117,164,468,656,4
2,5996,117,165,468,660,4
2,5997,117,166,468,664,4
2,5998,117,167,468,668,4
2,5999,117,176,471,704,2
2,6000,117,177,471,708,2
2,6001,117,178,470,712,1
2,6002,117,181,468,725,4
2,6003,117,182,468,728,4
2,6004,117,183,468,732,4
2,6005,117,184,468,736,4
2,6006,117,188,471,752,2
2,6007,117,189,471,756,2
2,6008,117,190,470,760,1
2,6009,117,212,468,851,1
2,6010,117,213,468,852,4
2,6011,117,214,468,856,4
2,6012,117,215,468,860,4
2,6013,117,264,468,1057,2
2,6014,117,265,468,1060,4
2,6015,117,266,468,1064,4
2,6016,117,267,468,1068,4
2,6017,117,268,470,1072,1
2,6018,117,271,470,1084,2
2,6019,117,272,470,1088,2
2,6020,117,273,470,1092,2
2,6021,117,274,470,1096,2
2,6022,117,275,470,1100,2
2,6023,117,276,471,1104,2
2,6024,117,277,471,1108,2
2,6025,117,278,470,1112,2
2,6026,118,59,472,237,4
2,6027,118,60,472,240,4
2,6028,118,61,472,244,4
2,6029,118,62,472,248,4
2,6030,118,63,472,252,4
2,6031,118,64,472,256,3
2,6032,118,124,472,497,4
2,6033,118,125,472,500,4
2,6034,118,126,472,504,4
2,6035,118,127,472,508,4
2,6036,118,128,472,512,4
2,6037,118,129,472,516,4
2,6038,118,130,472,520,4
2,6039,118,131,472,524,4
2,6040,118,132,474,528,2
2,6041,118,133,475,532,2
2,6042,118,134,475,536,2
2,6043,118,135,475,540,1
2,6044,118,136,475,546,1
2,6045,118,137,472,548,4
2,6046,118,138,472,552,4
2,6047,118,139,472,556,4
2,6048,118,140,472,560,4
2,6049,118,152,472,609,4
2,6050,118,153,472,612,4
2,6051,118,154,472,616,4
2,6052,118,155,472,620,4
2,6053,118,164,472,656,4
2,6054,118,165,472,660,4
2,6055,118,166,472,664,4
2,6056,118,167,472,668,4
2,6057,118,176,472,704,4
2,6058,118,177,472,708,4
2,6059,118,178,472,712,2
2,6060,118,181,472,725,4
2,6061,118,182,472,728,4
2,6062,118,183,472,732,4
2,6063,118,184,472,736,4
2,6064,118,188,472,752,4
2,6065,118,189,472,756,4
2,6066,118,190,472,760,2
2,6067,118,213,472,852,4
2,6068,118,214,472,856,4
2,6069,118,215,472,860,4
2,6070,118,265,472,1062,2
2,6071,118,266,472,1064,4
2,6072,118,267,472,1068,4
2,6073,118,268,472,1072,3
2,6074,118,269,475,1076,2
2,6075,118,270,473,1083,3
2,6076,118,271,472,1084,4
2,6077,118,272,472,1088,4
2,6078,118,273,472,1092,4
2,6079,118,274,472,1096,4
2,6080,118,275,472,1100,4
2,6081,118,276,472,1104,4
2,6082,118,277,472,1108,4
2,6083,119,58,478,235,1
2,6084,119,59,476,236,4
2,6085,119,60,476,240,4
2,6086,119,61,476,244,4
2,6087,119,62,476,248,4
2,6088,119,63,476,252,4
2,6089,119,64,476,256,2
2,6090,119,123,477,495,2
2,6091,119,124,476,496,4
2,6092,119,125,476,500,4
2,6093,119,126,476,504,4
2,6094,119,127,476,508,4
2,6095,119,128,476,512,4
2,6096,119,129,476,516,4
2,6097,119,130,476,520,4
2,6098,119,131,476,524,4
2,6099,119,132,476,528,4
2,6100,119,133,476,532,4
2,6101,119,134,476,536,4
2,6102,119,135,476,540,4
2,6103,119,136,476,544,4
2,6104,119,137,476,548,4
2,6105,119,138,476,552,4
2,6106,119,139,476,556,4
2,6107,119,140,476,560,1
2,6108,119,152,476,609,4
2,6109,119,153,476,612,4
2,6110,119,154,476,616,4
2,6111,119,155,476,620,4
2,6112,119,164,476,656,3
2,6113,119,165,476,660,4
2,6114,119,166,476,664,4
2,6115,119,167,476,668,4
2,6116,119,175,479,703,1
2,6117,119,176,476,704,4
2,6118,119,177,476,708,4
2,6119,119,178,476,712,2
2,6120,119,181,476,725,4
2,6121,119,182,476,728,4
2,6122,119,183,476,732,4
2,6123,119,184,476,736,4
2,6124,119,187,479,751,1
2,6125,119,188,476,752,4
2,6126,119,189,476,756,4
2,6127,119,190,476,760,2
2,6128,119,213,478,852,2
2,6129,119,214,476,856,4
2,6130,119,215,479,860,2
2,6131,119,266,476,1065,4
2,6132,119,267,476,1068,4
2,6133,119,268,476,1072,4
2,6134,119,269,476,1076,4
2,6135,119,270,476,1080,4
2,6136,119,271,476,1084,4
2,6137,119,272,476,1088,4
2,6138,119,273,476,1092,4
2,6139,119,274,476,1096,4
2,6140,119,275,476,1100,4
2,6141,119,276,476,1104,4
2,6142,119,277,476,1108,4
2,6143,119,278,477,1112,2
2,6144,120,58,480,235,2
2,6145,120,59,480,236,4
2,6146,120,60,480,240,4
2,6147,120,61,480,244,4
2,6148,120,62,480,248,4
2,6149,120,63,480,252,4
2,6150,120,64,480,256,1
2,6151,120,123,480,494,3
2,6152,120,124,480,496,4
2,6153,120,125,480,500,4
2,6154,120,126,480,504,4
2,6155,120,127,480,508,4
2,6156,120,128,480,512,4
2,6157,120,129,480,516,4
2,6158,120,130,480,520,4
2,6159,120,131,480,524,4
2,6160,120,132,480,528,4
2,6161,120,133,480,532,4
2,6162,120,134,480,536,4
2,6163,120,135,480,540,4
2,6164,120,136,480,544,4
2,6165,120,137,480,548,4
2,6166,120,138,480,552,3
2,6167,120,152,480,609,3
2,6168,120,153,480,612,4
2,6169,120,154,480,616,4
2,6170,120,155,480,620,3
2,6171,120,164,480,659,2
2,6172,120,165,480,660,4
2,6173,120,166,480,664,4
2,6174,120,167,480,668,4
2,6175,120,168,480,672,2
2,6176,120,172,483,691,1
2,6177,120,173,482,692,2
2,6178,120,174,482,696,2
2,6179,120,175,480,701,4
2,6180,120,176,480,704,4
2,6181,120,177,480,708,4
2,6182,120,178,480,712,4
2,6183,120,179,482,716,2
2,6184,120,180,482,720,2
2,6185,120,181,480,725,4
2,6186,120,182,480,728,4
2,6187,120,183,480,732,4
2,6188,120,184,480,736,4
2,6189,120,185,482,740,2
2,6190,120,186,482,744,2
2,6191,120,187,480,749,4
2,6192,120,188,480,752,4
2,6193,120,189,480,756,4
2,6194,120,190,480,760,4
2,6195,120,191,482,764,2
2,6196,120,192,482,768,2
2,6197,120,193,483,772,1
2,6198,120,208,481,835,3
2,6199,120,209,483,836,1
2,6200,120,210,483,843,1
2,6201,120,211,481,844,4
2,6202,120,213,480,852,4
2,6203,120,214,480,856,4
2,6204,120,215,480,860,4
2,6205,120,217,480,869,4
2,6206,120,218,483,872,1
2,6207,120,219,483,879,1
2,6208,120,220,481,880,3
2,6209,120,266,480,1065,4
2,6210,120,267,480,1068,4
2,6211,120,268,480,1072,4
2,6212,120,269,480,1076,4
2,6213,120,270,480,1080,4
2,6214,120,271,480,1084,4
2,6215,120,272,480,1088,4
2,6216,120,273,480,1092,4
2,6217,120,274,480,1096,4
2,6218,120,275,480,1100,4
2,6219,120,276,480,1104,4
2,6220,120,277,480,1108,4
2,6221,120,278,480,1112,3
2,6222,121,58,484,234,3
2,6223,121,59,484,236,4
2,6224,121,60,484,240,4
2,6225,121,61,484,244,4
2,6226,121,62,484,248,4
2,6227,121,63,484,252,3
2,6228,121,123,484,493,4
2,6229,121,124,484,496,4
2,6230,121,125,484,500,4
2,6231,121,126,484,504,4
2,6232,121,127,484,508,4
2,6233,121,128,484,512,4
2,6234,121,129,484,516,4
2,6235,121,130,484,520,4
2,6236,121,131,484,524,4
2,6237,121,132,484,528,4
2,6238,121,133,484,532,4
2,6239,121,134,484,536,4
2,6240,121,135,484,540,4
2,6241,121,136,484,544,4
2,6242,121,137,484,548,2
2,6243,121,152,484,611,1
2,6244,121,153,484,612,4
2,6245,121,154,484,616,4
2,6246,121,155,484,620,4
2,6247,121,156,485,624,3
2,6248,121,157,487,628,1
2,6249,121,158,487,633,2
2,6250,121,159,485,636,4
2,6251,121,160,484,640,4
2,6252,121,161,484,644,4
2,6253,121,162,486,648,2
2,6254,121,163,487,652,2
2,6255,121,164,485,657,4
2,6256,121,165,484,660,4
2,6257,121,166,484,664,4
2,6258,121,167,484,668,4
2,6259,121,168,484,672,2
2,6260,121,173,484,693,1
2,6261,121,174,484,698,3
2,6262,121,175,484,700,4
2,6263,121,176,484,704,4
2,6264,121,177,484,708,4
2,6265,121,178,484,712,4
2,6266,121,179,484,716,4
2,6267,121,180,484,720,4
2,6268,121,181,484,724,4
2,6269,121,182,484,728,4
2,6270,121,183,484,732,4
2,6271,121,184,484,736,4
2,6272,121,185,484,740,4
2,6273,121,186,484,744,4
2,6274,121,187,484,748,4
2,6275,121,188,484,752,4
2,6276,121,189,484,756,4
2,6277,121,190,484,760,4
2,6278,121,191,484,764,4
2,6279,121,192,484,768,1
2,6280,121,193,484,773,2
2,6281,121,207,485,831,3
2,6282,121,208,484,832,4
2,6283,121,209,484,836,4
2,6284,121,210,485,840,4
2,6285,121,211,484,844,4
2,6286,121,212,485,848,4
2,6287,121,213,484,852,4
2,6288,121,214,484,856,4
2,6289,121,215,484,860,4
2,6290,121,216,485,864,4
2,6291,121,217,484,869,4
2,6292,121,218,484,872,4
2,6293,121,219,485,876,4
2,6294,121,220,484,880,4
2,6295,121,221,485,884,3
2,6296,121,266,484,1064,2
2,6297,121,267,484,1068,2
2,6298,121,268,484,1072,2
2,6299,121,269,484,1076,2
2,6300,121,270,484,1080,2
2,6301,121,271,484,1084,2
2,6302,121,272,484,1088,2
2,6303,121,273,484,1092,2
2,6304,121,274,484,1096,2
2,6305,121,275,484,1100,2
2,6306,121,276,484,1104,4
2,6307,121,277,484,1108,1
2,6308,121,278,484,1112,1
2,6309,122,58,488,233,4
2,6310,122,59,488,236,4
2,6311,122,60,488,240,4
2,6312,122,61,488,244,4
2,6313,122,62,488,248,4
2,6314,122,63,488,252,2
2,6315,122,122,489,491,2
2,6316,122,123,488,492,4
2,6317,122,124,488,496,4
2,6318,122,125,488,500,4
2,6319,122,126,488,504,4
2,6320,122,127,488,508,4
2,6321,122,128,488,512,4
2,6322,122,129,488,516,4
2,6323,122,130,488,520,4
2,6324,122,131,488,524,4
2,6325,122,132,488,528,2
2,6326,122,133,488,532,2
2,6327,122,134,488,536,2
2,6328,122,135,488,540,2
2,6329,122,154,488,618,1
2,6330,122,155,488,620,3
2,6331,122,156,488,624,4
2,6332,122,157,488,628,4
2,6333,122,158,488,632,4
2,6334,122,159,488,636,4
2,6335,122,160,488,640,4
2,6336,122,161,488,644,4
2,6337,122,162,488,648,4
2,6338,122,163,488,652,4
2,6339,122,164,488,656,4
2,6340,122,165,488,660,4
2,6341,122,166,488,664,4
2,6342,122,167,488,668,4
2,6343,122,168,488,672,2
2,6344,122,174,488,698,2
2,6345,122,175,488,700,4
2,6346,122,176,488,704,4
2,6347,122,177,488,708,4
2,6348,122,178,488,712,4
2,6349,122,179,488,716,3
2,6350,122,180,488,720,4
2,6351,122,181,488,724,3
2,6352,122,182,488,728,4
2,6353,122,183,488,732,4
2,6354,122,184,488,736,3
2,6355,122,185,488,740,4
2,6356,122,186,488,744,3
2,6357,122,187,488,748,4
2,6358,122,188,488,752,4
2,6359,122,189,488,756,4
2,6360,122,190,488,760,4
2,6361,122,191,488,764,4
2,6362,122,192,491,768,1
2,6363,122,206,489,827,2
2,6364,122,207,488,828,4
2,6365,122,208,488,832,4
2,6366,122,209,488,836,4
2,6367,122,210,488,840,4
2,6368,122,211,488,844,4
2,6369,122,212,488,848,4
2,6370,122,213,488,852,4
2,6371,122,214,488,856,4
2,6372,122,215,488,860,4
2,6373,122,216,488,864,4
2,6374,122,217,488,868,4
2,6375,122,218,488,872,4
2,6376,122,219,488,876,4
2,6377,122,220,488,880,4
2,6378,122,221,488,884,4
2,6379,122,222,489,888,2
2,6380,122,276,488,1104,4
2,6381,123,58,492,232,4
2,6382,123,59,492,236,4
2,6383,123,60,492,240,4
2,6384,123,61,492,244,4
2,6385,123,62,492,248,4
2,6386,123,122,492,490,2
2,6387,123,123,492,492,4
2,6388,123,124,492,496,4
2,6389,123,125,492,500,4
2,6390,123,126,492,504,4
2,6391,123,127,492,508,4
2,6392,123,128,492,512,4
2,6393,123,129,492,516,4
2,6394,123,130,492,520,4
2,6395,123,131,492,524,4
2,6396,123,156,492,626,1
2,6397,123,157,492,628,4
2,6398,123,158,492,632,4
2,6399,123,159,492,636,4
2,6400,123,160,492,640,4
2,6401,123,161,492,644,4
2,6402,123,162,492,648,4
2,6403,123,163,492,652,4
2,6404,123,164,492,656,4
2,6405,123,165,492,660,4
2,6406,123,166,492,664,4
2,6407,123,167,492,668,3
2,6408,123,173,495,692,2
2,6409,123,174,492,698,3
2,6410,123,175,492,700,4
2,6411,123,176,492,704,4
2,6412,123,177,492,708,4
2,6413,123,178,492,712,4
2,6414,123,179,492,716,2
2,6415,123,181,492,727,3
2,6416,123,182,492,728,4
2,6417,123,183,492,732,4
2,6418,123,184,492,736,2
2,6419,123,186,492,747,2
2,6420,123,187,492,748,4
2,6421,123,188,492,752,4
2,6422,123,189,492,756,4
2,6423,123,190,492,760,4
2,6424,123,191,492,764,4
2,6425,123,192,492,768,3
2,6426,123,193,495,772,1
2,6427,123,207,492,829,3
2,6428,123,208,492,832,4
2,6429,123,209,492,836,4
2,6430,123,210,492,840,4
2,6431,123,211,492,844,4
2,6432,123,212,492,848,3
2,6433,123,213,492,852,3
2,6434,123,214,492,856,4
2,6435,123,215,492,860,3
2,6436,123,216,492,864,3
2,6437,123,217,492,868,4
2,6438,123,218,492,872,4
2,6439,123,219,492,876,4
2,6440,123,220,492,880,4
2,6441,123,221,492,884,3
2,6442,123,275,493,1103,2
2,6443,123,276,492,1104,4
2,6444,123,277,494,1108,1
2,6445,124,57,497,231,2
2,6446,124,58,496,232,4
2,6447,124,59,496,236,4
2,6448,124,60,496,240,4
2,6449,124,61,496,244,4
2,6450,124,62,496,248,3
2,6451,124,123,496,493,2
2,6452,124,124,496,496,4
2,6453,124,125,496,500,4
2,6454,124,126,496,504,4
2,6455,124,127,496,508,4
2,6456,124,128,496,512,4
2,6457,124,129,496,516,4
2,6458,124,130,496,520,3
2,6459,124,131,496,524,1
2,6460,124,157,496,629,3
2,6461,124,158,496,632,4
2,6462,124,159,496,636,4
2,6463,124,160,496,640,4
2,6464,124,161,496,644,4
2,6465,124,162,496,648,4
2,6466,124,163,496,652,4
2,6467,124,164,496,656,4
2,6468,124,165,496,660,4
2,6469,124,166,496,664,4
2,6470,124,167,496,668,1
2,6471,124,173,496,694,1
2,6472,124,174,496,696,2
2,6473,124,175,497,701,4
2,6474,124,176,496,704,4
2,6475,124,177,496,708,4
2,6476,124,178,496,712,4
2,6477,124,179,496,716,1
2,6478,124,181,496,725,2
2,6479,124,182,496,728,2
2,6480,124,183,496,732,2
2,6481,124,184,496,736,1
2,6482,124,186,496,746,1
2,6483,124,187,497,749,4
2,6484,124,188,496,752,4
2,6485,124,189,496,756,4
2,6486,124,190,496,760,4
2,6487,124,191,496,764,2
2,6488,124,192,496,768,1
2,6489,124,206,499,826,1
2,6490,124,207,497,829,4
2,6491,124,208,496,832,4
2,6492,124,209,496,836,4
2,6493,124,211,496,847,1
2,6494,124,214,496,856,2
2,6495,124,217,496,868,1
2,6496,124,219,496,876,4
2,6497,124,220,496,880,4
2,6498,124,221,496,884,4
2,6499,124,222,499,888,1
2,6500,124,275,496,1102,3
2,6501,124,276,496,1104,4
2,6502,124,277,496,1108,4
2,6503,124,278,499,1112,1
2,6504,125,57,500,231,2
2,6505,125,58,500,232,4
2,6506,125,59,500,236,4
2,6507,125,60,500,240,4
2,6508,125,61,500,244,4
2,6509,125,62,500,248,1
2,6510,125,124,500,499,1
2,6511,125,125,500,500,3
2,6512,125,126,500,504,4
2,6513,125,127,500,508,4
2,6514,125,128,500,512,2
2,6515,125,129,500,516,1
2,6516,125,158,500,632,1
2,6517,125,161,500,644,2
2,6518,125,162,500,648,2
2,6519,125,164,500,658,1
2,6520,125,165,500,660,2
2,6521,125,166,500,664,1
2,6522,125,175,500,703,2
2,6523,125,176,500,704,4
2,6524,125,177,500,708,4
2,6525,125,187,500,751,2
2,6526,125,188,500,752,4
2,6527,125,189,500,756,4
2,6528,125,206,500,826,2
2,6529,125,207,500,828,4
2,6530,125,208,500,832,4
2,6531,125,209,500,836,4
2,6532,125,219,500,876,4
2,6533,125,220,500,880,4
2,6534,125,221,500,884,4
2,6535,125,222,500,888,2
2,6536,125,255,502,1023,1
2,6537,125,256,501,1024,4
2,6538,125,257,500,1029,4
2,6539,125,258,502,1032,2
2,6540,125,271,503,1087,1
2,6541,125,272,503,1088,1
2,6542,125,273,503,1095,1
2,6543,125,274,501,1096,4
2,6544,125,275,500,1100,4
2,6545,125,276,500,1104,4
2,6546,125,277,500,1108,4
2,6547,125,278,500,1112,4
2,6548,126,57,504,230,2
2,6549,126,58,504,232,4
2,6550,126,59,504,236,4
2,6551,126,60,504,240,4
2,6552,126,61,504,244,3
2,6553,126,126,504,504,2
2,6554,126,175,504,703,2
2,6555,126,176,504,704,4
2,6556,126,177,504,708,4
2,6557,126,178,507,712,1
2,6558,126,187,504,751,2
2,6559,126,188,504,752,4
2,6560,126,189,504,756,4
2,6561,126,190,507,760,1
2,6562,126,207,504,829,3
2,6563,126,208,504,832,4
2,6564,126,209,504,836,4
2,6565,126,210,507,840,1
2,6566,126,211,505,847,3
2,6567,126,212,507,848,1
2,6568,126,213,507,855,1
2,6569,126,214,505,856,4
2,6570,126,215,507,860,1
2,6571,126,216,507,867,1
2,6572,126,217,505,868,3
2,6573,126,218,507,875,1
2,6574,126,219,504,876,4
2,6575,126,220,504,880,4
2,6576,126,221,504,884,3
2,6577,126,249,505,996,3
2,6578,126,250,506,1000,2
2,6579,126,252,507,1009,2
2,6580,126,253,506,1013,2
2,6581,126,254,505,1019,3
2,6582,126,255,504,1020,4
2,6583,126,256,504,1024,4
2,6584,126,257,504,1028,4
2,6585,126,258,504,1032,4
2,6586,126,259,505,1036,3
2,6587,126,264,507,1056,2
2,6588,126,265,506,1060,2
2,6589,126,266,505,1064,3
2,6590,126,268,505,1074,3
2,6591,126,269,505,1076,4
2,6592,126,270,505,1080,4
2,6593,126,271,504,1084,4
2,6594,126,272,504,1088,4
2,6595,126,273,505,1092,4
2,6596,126,274,504,1096,4
2,6597,126,275,504,1100,4
2,6598,126,276,504,1104,4
2,6599,126,277,504,1108,3
2,6600,126,278,504,1112,2
2,6601,126,279,505,1116,1
2,6602,127,57,508,230,3
2,6603,127,58,508,232,4
2,6604,127,59,508,236,4
2,6605,127,60,508,240,4
2,6606,127,61,508,244,1
2,6607,127,206,511,826,1
2,6608,127,207,509,829,4
2,6609,127,208,508,832,4
2,6610,127,209,508,836,4
2,6611,127,210,508,840,4
2,6612,127,211,508,844,4
2,6613,127,212,508,848,4
2,6614,127,213,509,852,4
2,6615,127,214,508,856,4
2,6616,127,215,508,860,4
2,6617,127,216,509,864,4
2,6618,127,217,508,868,4
2,6619,127,218,508,872,4
2,6620,127,219,508,876,4
2,6621,127,220,508,880,4
2,6622,127,221,508,884,4
2,6623,127,222,511,888,1
2,6624,127,247,509,991,2
2,6625,127,248,509,993,4
2,6626,127,249,508,996,4
2,6627,127,250,508,1000,4
2,6628,127,251,508,1004,4
2,6629,127,252,508,1008,4
2,6630,127,253,508,1012,4
2,6631,127,254,508,1016,4
2,6632,127,255,508,1020,4
2,6633,127,256,508,1024,4
2,6634,127,257,508,1028,4
2,6635,127,258,508,1032,4
2,6636,127,259,508,1036,4
2,6637,127,260,508,1040,4
2,6638,127,261,508,1045,4
2,6639,127,262,509,1048,4
2,6640,127,263,509,1052,4
2,6641,127,264,508,1056,4
2,6642,127,265,508,1060,4
2,6643,127,266,508,1064,4
2,6644,127,267,508,1068,4
2,6645,127,268,508,1072,4
2,6646,127,269,508,1076,4
2,6647,127,270,508,1080,4
2,6648,127,271,508,1084,4
2,6649,127,272,508,1088,4
2,6650,127,273,508,1092,4
2,6651,127,274,508,1096,4
2,6652,127,275,508,1100,4
2,6653,127,276,508,1104,2
2,6654,127,277,508,1108,2
2,6655,128,56,514,227,1
2,6656,128,57,512,228,4
2,6657,128,58,512,232,4
2,6658,128,59,512,236,4
2,6659,128,60,512,240,3
2,6660,128,206,512,826,1
2,6661,128,207,512,828,4
2,6662,128,208,512,832,4
2,6663,128,209,512,836,4
2,6664,128,210,512,840,4
2,6665,128,211,512,844,4
2,6666,128,212,512,848,4
2,6667,128,213,512,852,4
2,6668,128,214,512,856,4
2,6669,128,215,512,860,4
2,6670,128,216,512,864,4
2,6671,128,217,512,868,4
2,6672,128,218,512,872,4
2,6673,128,219,512,876,4
2,6674,128,220,512,880,4
2,6675,128,221,512,884,4
2,6676,128,222,512,888,1
2,6677,128,247,512,990,2
2,6678,128,248,512,992,4
2,6679,128,249,512,996,4
2,6680,128,250,512,1000,4
2,6681,128,251,512,1004,4
2,6682,128,252,512,1008,4
2,6683,128,253,512,1012,4
2,6684,128,254,512,1016,4
2,6685,128,255,512,1020,4
2,6686,128,256,512,1024,4
2,6687,128,257,512,1028,4
2,6688,128,258,512,1032,3
2,6689,128,259,512,1036,2
2,6690,128,260,512,1040,3
2,6691,128,261,512,1044,4
2,6692,128,262,512,1048,4
2,6693,128,263,512,1052,4
2,6694,128,264,512,1056,4
2,6695,128,265,512,1060,4
2,6696,128,266,512,1064,4
2,6697,128,267,512,1068,2
2,6698,128,268,512,1072,1
2,6699,128,269,512,1076,2
2,6700,128,270,512,1080,3
2,6701,128,271,512,1084,4
2,6702,128,272,512,1088,4
2,6703,128,273,512,1092,4
2,6704,128,274,512,1096,4
2,6705,128,275,512,1100,4
2,6706,129,55,519,223,1
2,6707,129,56,516,226,3
2,6708,129,57,516,228,4
2,6709,129,58,516,232,4
2,6710,129,59,516,236,4
2,6711,129,60,516,240,1
2,6712,129,207,516,830,1
2,6713,129,208,516,832,4
2,6714,129,209,516,836,3
2,6715,129,210,516,840,3
2,6716,129,211,516,844,4
2,6717,129,212,516,848,2
2,6718,129,213,516,852,4
2,6719,129,214,516,856,4
2,6720,129,215,516,860,4
2,6721,129,216,516,864,2
2,6722,129,217,516,868,4
2,6723,129,218,516,872,3
2,6724,129,219,516,876,3
2,6725,129,220,516,880,4
2,6726,129,221,516,884,1
2,6727,129,246,518,985,2
2,6728,129,247,516,989,4
2,6729,129,248,516,992,4
2,6730,129,249,516,996,4
2,6731,129,250,516,1000,1
2,6732,129,252,516,1009,2
2,6733,129,253,516,1012,2
2,6734,129,254,516,1016,2
2,6735,129,255,516,1020,2
2,6736,129,256,516,1024,2
2,6737,129,257,516,1028,1
2,6738,129,263,516,1052,3
2,6739,129,264,516,1056,4
2,6740,129,265,516,1060,4
2,6741,129,266,516,1064,2
2,6742,129,271,516,1087,1
2,6743,129,272,516,1088,2
2,6744,129,273,516,1092,2
2,6745,129,274,516,1096,2
2,6746,130,53,523,214,1
2,6747,130,54,521,219,3
2,6748,130,55,520,221,4
2,6749,130,56,520,224,4
2,6750,130,57,520,228,4
2,6751,130,58,520,232,3
2,6752,130,59,520,236,1
2,6753,130,208,520,834,1
2,6754,130,211,520,844,2
2,6755,130,213,520,852,4
2,6756,130,214,520,856,4
2,6757,130,215,520,860,4
2,6758,130,217,520,869,2
2,6759,130,220,520,880,1
2,6760,130,246,520,985,3
2,6761,130,247,520,988,4
2,6762,130,248,520,992,4
2,6763,130,249,520,996,4
2,6764,130,263,520,1054,3
2,6765,130,264,520,1056,4
2,6766,130,265,520,1060,3
2,6767,131,51,527,205,2
2,6768,131,52,525,210,3
2,6769,131,53,524,212,4
2,6770,131,54,524,216,4
2,6771,131,55,524,220,4
2,6772,131,56,524,224,4
2,6773,131,57,524,228,2
2,6774,131,212,527,851,1
2,6775,131,213,526,852,2
2,6776,131,214,524,856,4
2,6777,131,215,527,860,2
2,6778,131,216,527,864,1
2,6779,131,246,524,986,1
2,6780,131,247,524,988,4
2,6781,131,248,524,992,4
2,6782,131,249,524,996,4
2,6783,131,250,525,1000,1
2,6784,131,262,527,1051,1
2,6785,131,263,524,1053,4
2,6786,131,264,524,1056,4
2,6787,131,265,524,1060,2
2,6788,132,25,530,100,2
2,6789,132,26,530,104,2
2,6790,132,27,531,108,2
2,6791,132,28,531,112,2
2,6792,132,29,531,116,2
2,6793,132,30,531,120,2
2,6794,132,31,531,124,2
2,6795,132,32,531,128,2
2,6796,132,33,531,132,2
2,6797,132,34,530,136,2
2,6798,132,35,531,140,2
2,6799,132,36,531,144,2
2,6800,132,48,531,193,2
2,6801,132,49,530,196,2
2,6802,132,50,529,200,4
2,6803,132,51,528,204,4
2,6804,132,52,528,208,4
2,6805,132,53,528,212,4
2,6806,132,54,528,216,4
2,6807,132,55,528,220,3
2,6808,132,56,528,224,1
2,6809,132,212,528,851,2
2,6810,132,213,528,852,4
2,6811,132,214,528,856,4
2,6812,132,215,528,860,4
2,6813,132,216,528,864,2
2,6814,132,246,529,987,2
2,6815,132,247,528,988,4
2,6816,132,248,528,992,4
2,6817,132,249,528,996,4
2,6818,132,250,529,1000,2
2,6819,132,262,528,1051,3
2,6820,132,263,528,1052,4
2,6821,132,264,528,1056,4
2,6822,132,265,528,1060,3
2,6823,133,24,532,99,2
2,6824,133,25,532,100,4
2,6825,133,26,532,104,4
2,6826,133,27,532,108,4
2,6827,133,28,532,112,4
2,6828,133,29,532,116,4
2,6829,133,30,532,120,4
2,6830,133,31,532,124,4
2,6831,133,32,532,128,4
2,6832,133,33,532,132,4
2,6833,133,34,532,136,4
2,6834,133,35,532,140,4
2,6835,133,36,532,144,4
2,6836,133,37,532,148,4
2,6837,133,38,532,152,4
2,6838,133,39,533,156,4
2,6839,133,40,533,160,4
2,6840,133,41,533,164,3
2,6841,133,42,534,168,2
2,6842,133,43,534,172,2
2,6843,133,44,534,176,2
2,6844,133,45,534,180,2
2,6845,133,46,533,186,3
2,6846,133,47,533,188,4
2,6847,133,48,532,192,4
2,6848,133,49,532,196,4
2,6849,133,50,532,200,4
2,6850,133,51,532,204,4
2,6851,133,52,532,208,4
2,6852,133,53,532,212,4
2,6853,133,54,532,216,2
2,6854,133,212,532,851,2
2,6855,133,213,532,852,4
2,6856,133,214,532,856,4
2,6857,133,215,532,860,4
2,6858,133,216,532,864,2
2,6859,133,246,532,986,2
2,6860,133,247,532,988,4
2,6861,133,248,532,992,4
2,6862,133,249,532,996,4
2,6863,133,250,532,1000,2
2,6864,133,262,532,1049,4
2,6865,133,263,532,1052,4
2,6866,133,264,532,1056,4
2,6867,133,265,532,1060,4
2,6868,133,266,534,1064,1
2,6869,134,24,536,97,4
2,6870,134,25,536,100,4
2,6871,134,26,536,104,4
2,6872,134,27,536,108,4
2,6873,134,28,536,112,4
2,6874,134,29,536,116,4
2,6875,134,30,536,120,3
2,6876,134,31,536,124,2
2,6877,134,32,536,128,2
2,6878,134,33,536,135,2
2,6879,134,34,536,136,4
2,6880,134,35,536,140,4
2,6881,134,36,536,144,4
2,6882,134,37,536,148,4
2,6883,134,38,536,152,4
2,6884,134,39,536,156,4
2,6885,134,40,536,160,4
2,6886,134,41,536,164,4
2,6887,134,42,536,168,4
2,6888,134,43,536,172,4
2,6889,134,44,536,176,4
2,6890,134,45,536,180,4
2,6891,134,46,536,184,4
2,6892,134,47,536,188,4
2,6893,134,48,536,192,4
2,6894,134,49,536,196,4
2,6895,134,50,536,200,4
2,6896,134,51,536,204,4
2,6897,134,52,536,208,4
2,6898,134,53,536,212,1
2,6899,134,213,536,852,4
2,6900,134,214,536,856,4
2,6901,134,215,536,860,4
2,6902,134,246,536,987,1
2,6903,134,247,536,988,4
2,6904,134,248,536,992,4
2,6905,134,249,536,996,4
2,6906,134,250,536,1000,4
2,6907,134,262,536,1049,2
2,6908,134,263,536,1052,4
2,6909,134,264,536,1056,4
2,6910,134,265,536,1060,4
2,6911,134,266,536,1064,2
2,6912,135,23,540,95,2
2,6913,135,24,540,96,4
2,6914,135,25,540,100,4
2,6915,135,26,540,104,2
2,6916,135,27,540,108,2
2,6917,135,28,540,112,1
2,6918,135,33,540,135,1
2,6919,135,34,540,136,2
2,6920,135,35,540,140,2
2,6921,135,36,540,144,2
2,6922,135,37,540,148,2
2,6923,135,38,540,152,4
2,6924,135,39,540,156,4
2,6925,135,40,540,160,4
2,6926,135,41,540,164,4
2,6927,135,42,540,168,4
2,6928,135,43,540,172,4
2,6929,135,44,540,176,4
2,6930,135,45,540,180,4
2,6931,135,46,540,184,4
2,6932,135,47,540,188,3
2,6933,135,48,540,192,2
2,6934,135,49,540,196,2
2,6935,135,50,540,200,1
2,6936,135,208,541,835,3
2,6937,135,209,543,836,1
2,6938,135,210,543,843,1
2,6939,135,211,541,844,4
2,6940,135,213,540,852,4
2,6941,135,214,540,856,4
2,6942,135,215,540,860,4
2,6943,135,217,540,869,4
2,6944,135,218,543,872,1
2,6945,135,247,540,990,2
2,6946,135,248,540,992,4
2,6947,135,249,540,996,4
2,6948,135,250,540,1000,4
2,6949,135,251,540,1004,2
2,6950,135,263,540,1053,4
2,6951,135,264,540,1056,4
2,6952,135,265,540,1060,4
2,6953,135,266,540,1064,2
2,6954,136,23,544,93,2
2,6955,136,207,545,831,3
2,6956,136,208,544,832,4
2,6957,136,209,544,836,4
2,6958,136,210,545,840,2
2,6959,136,210,544,842,1
2,6960,136,211,544,844,3
2,6961,136,212,545,848,4
2,6962,136,213,544,852,4
2,6963,136,214,544,856,4
2,6964,136,215,544,860,4
2,6965,136,216,545,864,4
2,6966,136,217,544,869,3
2,6967,136,218,544,872,1
2,6968,136,247,544,990,3
2,6969,136,248,544,992,4
2,6970,136,249,544,996,4
2,6971,136,250,544,1000,4
2,6972,136,251,544,1004,2
2,6973,136,262,545,1051,2
2,6974,136,263,544,1052,4
2,6975,136,264,544,1056,4
2,6976,136,265,544,1060,4
2,6977,136,266,544,1064,1
2,6978,137,206,549,827,3
2,6979,137,207,548,828,4
2,6980,137,208,548,832,4
2,6981,137,209,548,836,4
2,6982,137,210,548,840,3
2,6983,137,211,548,847,3
2,6984,137,212,548,848,4
2,6985,137,213,548,852,4
2,6986,137,214,548,856,4
2,6987,137,215,548,860,4
2,6988,137,216,548,864,4
2,6989,137,217,548,868,3
2,6990,137,219,551,876,1
2,6991,137,246,549,987,2
2,6992,137,247,548,988,4
2,6993,137,248,548,992,4
2,6994,137,249,548,996,4
2,6995,137,250,548,1000,4
2,6996,137,251,548,1004,1
2,6997,137,262,548,1051,2
2,6998,137,263,548,1052,4
2,6999,137,264,548,1056,4
2,7000,137,265,548,1060,4
2,7001,138,204,555,816,2
2,7002,138,205,554,820,1
2,7003,138,207,552,830,2
2,7004,138,208,552,832,4
2,7005,138,209,552,836,4
2,7006,138,210,552,840,4
2,7007,138,211,552,844,4
2,7008,138,212,552,848,4
2,7009,138,213,552,852,4
2,7010,138,214,552,856,4
2,7011,138,215,552,860,4
2,7012,138,216,552,864,4
2,7013,138,217,552,868,4
2,7014,138,218,553,872,3
2,7015,138,219,552,876,4
2,7016,138,220,552,880,1
2,7017,138,224,555,898,1
2,7018,138,246,552,986,2
2,7019,138,247,552,988,4
2,7020,138,248,552,992,4
2,7021,138,249,552,996,4
2,7022,138,250,552,1000,4
2,7023,138,262,552,1051,2
2,7024,138,263,552,1052,4
2,7025,138,264,552,1056,4
2,7026,138,265,552,1060,4
2,7027,138,266,553,1064,2
2,7028,139,203,556,815,2
2,7029,139,204,556,816,4
2,7030,139,205,556,820,4
2,7031,139,206,556,824,4
2,7032,139,207,556,828,4
2,7033,139,208,556,832,4
2,7034,139,209,556,836,4
2,7035,139,210,556,840,4
2,7036,139,211,556,844,4
2,7037,139,212,556,848,4
2,7038,139,213,556,852,4
2,7039,139,214,556,856,4
2,7040,139,215,556,860,4
2,7041,139,216,556,864,4
2,7042,139,217,556,868,4
2,7043,139,218,556,872,4
2,7044,139,219,556,876,3
2,7045,139,220,559,880,1
2,7046,139,220,559,883,1
2,7047,139,221,557,885,4
2,7048,139,222,557,888,4
2,7049,139,223,556,892,4
2,7050,139,224,557,896,2
2,7051,139,225,556,900,1
2,7052,139,246,556,986,2
2,7053,139,247,556,988,4
2,7054,139,248,556,992,4
2,7055,139,249,556,996,4
2,7056,139,250,556,1000,1
2,7057,139,262,556,1051,2
2,7058,139,263,556,1052,4
2,7059,139,264,556,1056,4
2,7060,139,265,556,1060,4
2,7061,139,266,556,1064,2
2,7062,140,203,560,815,3
2,7063,140,204,560,816,4
2,7064,140,205,560,820,4
2,7065,140,206,560,824,4
2,7066,140,207,560,828,1
2,7067,140,208,560,833,2
2,7068,140,209,560,836,4
2,7069,140,210,560,840,4
2,7070,140,211,560,844,4
2,7071,140,212,560,848,4
2,7072,140,213,560,852,4
2,7073,140,214,560,856,4
2,7074,140,215,560,860,4
2,7075,140,216,560,864,4
2,7076,140,217,560,868,4
2,7077,140,218,560,872,4
2,7078,140,219,560,876,4
2,7079,140,220,560,880,4
2,7080,140,221,560,884,4
2,7081,140,222,560,888,4
2,7082,140,223,560,892,4
2,7083,140,246,560,987,1
2,7084,140,247,560,988,4
2,7085,140,248,560,992,4
2,7086,140,249,560,996,4
2,7087,140,264,560,1057,3
2,7088,140,265,560,1060,4
2,7089,140,266,563,1064,1
2,7090,141,203,564,814,1
2,7091,141,204,564,816,4
2,7092,141,205,564,820,4
2,7093,141,206,564,824,2
2,7094,141,209,564,838,1
2,7095,141,210,564,840,4
2,7096,141,211,564,844,4
2,7097,141,212,564,848,4
2,7098,141,213,564,852,4
2,7099,141,214,564,856,4
2,7100,141,215,564,860,4
2,7101,141,216,564,864,4
2,7102,141,217,564,868,4
2,7103,141,218,564,872,4
2,7104,141,219,564,876,4
2,7105,141,220,564,880,4
2,7106,141,221,564,884,4
2,7107,141,222,564,888,4
2,7108,141,223,564,892,3
2,7109,141,224,564,896,4
2,7110,141,247,564,989,4
2,7111,141,248,564,992,4
2,7112,141,249,564,996,4
2,7113,141,250,564,1000,4
2,7114,141,264,564,1058,1
2,7115,141,265,564,1060,3
2,7116,141,266,564,1064,4
2,7117,141,267,566,1068,2
2,7118,141,268,567,1075,1
2,7119,141,269,565,1078,3
2,7120,141,270,565,1080,4
2,7121,141,271,564,1084,4
2,7122,141,272,565,1088,4
2,7123,141,273,566,1092,1
2,7124,142,205,568,820,1
2,7125,142,210,568,842,3
2,7126,142,211,568,844,4
2,7127,142,212,568,848,4
2,7128,142,213,568,852,4
2,7129,142,214,568,856,4
2,7130,142,215,568,860,4
2,7131,142,216,568,864,4
2,7132,142,217,568,868,4
2,7133,142,218,568,872,4
2,7134,142,219,568,876,4
2,7135,142,220,568,880,4
2,7136,142,221,568,884,2
2,7137,142,235,570,941,2
2,7138,142,236,571,944,2
2,7139,142,237,571,948,2
2,7140,142,238,571,952,1
2,7141,142,244,571,977,2
2,7142,142,245,571,980,2
2,7143,142,246,569,987,3
2,7144,142,247,568,988,4
2,7145,142,248,568,992,4
2,7146,142,249,568,996,2
2,7147,142,250,568,1000,2
2,7148,142,266,568,1065,3
2,7149,142,267,568,1068,4
2,7150,142,268,568,1072,4
2,7151,142,269,568,1076,4
2,7152,142,270,568,1080,4
2,7153,142,271,568,1084,4
2,7154,142,272,568,1088,4
2,7155,142,273,568,1092,3
2,7156,143,206,572,825,4
2,7157,143,207,573,828,4
2,7158,143,208,575,832,2
2,7159,143,209,572,839,3
2,7160,143,210,572,841,4
2,7161,143,211,572,844,4
2,7162,143,212,572,848,4
2,7163,143,213,572,852,4
2,7164,143,214,572,856,4
2,7165,143,215,572,860,4
2,7166,143,216,572,864,4
2,7167,143,217,572,868,4
2,7168,143,218,572,872,4
2,7169,143,219,572,876,4
2,7170,143,220,572,880,4
2,7171,143,221,572,884,4
2,7172,143,222,572,888,4
2,7173,143,233,575,935,1
2,7174,143,234,573,939,3
2,7175,143,235,572,940,4
2,7176,143,236,572,944,4
2,7177,143,237,572,948,4
2,7178,143,238,572,952,4
2,7179,143,239,572,956,4
2,7180,143,240,574,960,2
2,7181,143,241,573,966,3
2,7182,143,242,573,968,4
2,7183,143,243,573,972,4
2,7184,143,244,572,976,4
2,7185,143,245,572,980,4
2,7186,143,246,572,984,4
2,7187,143,247,572,988,3
2,7188,143,267,572,1068,3
2,7189,143,268,572,1072,4
2,7190,143,269,572,1076,4
2,7191,143,270,572,1080,4
2,7192,143,271,572,1084,4
2,7193,143,272,572,1088,4
2,7194,143,273,572,1092,4
2,7195,143,274,573,1096,2
2,7196,144,204,579,816,2
2,7197,144,207,576,830,2
2,7198,144,208,576,832,4
2,7199,144,209,576,836,4
2,7200,144,210,576,840,4
2,7201,144,211,576,844,4
2,7202,144,212,576,848,4
2,7203,144,213,576,852,4
2,7204,144,214,576,856,4
2,7205,144,215,576,860,4
2,7206,144,216,576,864,4
2,7207,144,217,576,868,4
2,7208,144,218,576,872,4
2,7209,144,219,576,876,4
2,7210,144,220,576,880,4
2,7211,144,221,576,884,2
2,7212,144,224,579,898,1
2,7213,144,233,576,935,2
2,7214,144,234,576,936,4
2,7215,144,235,576,940,4
2,7216,144,236,576,944,4
2,7217,144,237,576,948,4
2,7218,144,238,576,952,4
2,7219,144,239,576,956,4
2,7220,144,240,576,960,4
2,7221,144,241,576,964,4
2,7222,144,242,576,968,4
2,7223,144,243,576,972,4
2,7224,144,244,576,976,4
2,7225,144,245,576,980,4
2,7226,144,246,576,984,2
2,7227,144,267,576,1071,1
2,7228,144,268,576,1072,4
2,7229,144,269,576,1076,4
2,7230,144,270,576,1080,4
2,7231,144,271,576,1084,4
2,7232,144,272,576,1088,4
2,7233,144,273,576,1092,4
2,7234,144,274,576,1096,4
2,7235,144,275,579,1100,2
2,7236,145,203,580,815,2
2,7237,145,204,580,816,4
2,7238,145,205,582,820,2
2,7239,145,206,580,824,4
2,7240,145,207,580,828,4
2,7241,145,208,580,832,4
2,7242,145,209,580,836,4
2,7243,145,213,580,852,4
2,7244,145,214,580,856,4
2,7245,145,215,580,860,4
2,7246,145,219,580,876,4
2,7247,145,220,580,880,4
2,7248,145,221,580,884,4
2,7249,145,222,580,888,4
2,7250,145,223,580,892,4
2,7251,145,224,581,896,2
2,7252,145,225,580,900,1
2,7253,145,233,580,935,3
2,7254,145,234,580,936,4
2,7255,145,235,580,940,4
2,7256,145,236,580,944,4
2,7257,145,237,580,948,4
2,7258,145,238,580,952,4
2,7259,145,239,580,956,4
2,7260,145,240,580,960,4
2,7261,145,241,580,964,3
2,7262,145,242,580,968,2
2,7263,145,243,580,972,2
2,7264,145,244,580,976,2
2,7265,145,245,580,980,2
2,7266,145,268,580,1074,1
2,7267,145,269,580,1076,2
2,7268,145,270,580,1080,2
2,7269,145,271,580,1084,2
2,7270,145,272,580,1088,2
2,7271,145,273,580,1092,3
2,7272,145,274,580,1096,4
2,7273,145,275,580,1100,4
2,7274,145,276,580,1104,4
2,7275,145,277,583,1108,1
2,7276,146,205,584,820,4
2,7277,146,206,584,824,4
2,7278,146,207,584,828,4
2,7279,146,208,584,832,4
2,7280,146,209,584,836,4
2,7281,146,213,584,852,4
2,7282,146,214,584,856,4
2,7283,146,215,584,860,4
2,7284,146,219,584,876,4
2,7285,146,220,584,880,4
2,7286,146,221,584,884,4
2,7287,146,222,584,888,4
2,7288,146,223,584,892,4
2,7289,146,233,584,932,2
2,7290,146,234,584,936,3
2,7291,146,235,584,940,4
2,7292,146,236,584,944,4
2,7293,146,237,584,948,4
2,7294,146,238,584,952,2
2,7295,146,239,584,956,1
2,7296,146,274,584,1098,1
2,7297,146,275,584,1100,3
2,7298,146,276,584,1104,4
2,7299,146,277,584,1108,3
2,7300,147,205,588,822,1
2,7301,147,206,588,824,4
2,7302,147,207,588,828,4
2,7303,147,208,588,832,4
2,7304,147,209,588,836,4
2,7305,147,210,591,840,1
2,7306,147,212,591,851,1
2,7307,147,213,588,852,4
2,7308,147,214,588,856,4
2,7309,147,215,588,860,2
2,7310,147,217,591,869,2
2,7311,147,218,591,875,1
2,7312,147,219,588,876,4
2,7313,147,220,588,880,4
2,7314,147,221,588,884,4
2,7315,147,222,588,888,4
2,7316,147,223,588,892,3
2,7317,147,224,588,896,4
2,7318,147,235,588,941,3
2,7319,147,236,588,944,4
2,7320,147,237,588,948,2
2,7321,147,276,588,1104,3
2,7322,147,277,588,1108,4
2,7323,147,278,588,1112,4
2,7324,147,279,591,1116,1
2,7325,147,284,590,1139,1
2,7326,147,285,590,1140,2
2,7327,148,207,592,830,2
2,7328,148,208,592,832,4
2,7329,148,209,592,836,4
2,7330,148,210,592,840,4
2,7331,148,211,592,844,3
2,7332,148,214,592,857,4
2,7333,148,215,592,860,4
2,7334,148,216,594,864,2
2,7335,148,217,592,868,4
2,7336,148,218,592,872,4
2,7337,148,219,592,876,4
2,7338,148,220,592,880,4
2,7339,148,221,592,884,2
2,7340,148,235,592,943,1
2,7341,148,236,592,944,4
2,7342,148,237,592,948,1
2,7343,148,277,592,1108,4
2,7344,148,278,592,1112,4
2,7345,148,279,592,1116,4
2,7346,148,280,594,1120,2
2,7347,148,281,593,1124,2
2,7348,148,283,593,1134,2
2,7349,148,284,592,1136,4
2,7350,148,285,592,1140,4
2,7351,149,207,596,831,2
2,7352,149,208,596,832,4
2,7353,149,209,596,836,4
2,7354,149,210,596,840,4
2,7355,149,211,596,844,4
2,7356,149,212,596,848,3
2,7357,149,213,597,854,3
2,7358,149,214,596,856,4
2,7359,149,215,596,860,4
2,7360,149,216,596,864,4
2,7361,149,217,596,868,4
2,7362,149,218,596,872,4
2,7363,149,219,596,876,4
2,7364,149,220,596,880,4
2,7365,149,221,596,884,2
2,7366,149,236,596,944,4
2,7367,149,277,596,1110,2
2,7368,149,278,596,1112,4
2,7369,149,279,596,1116,4
2,7370,149,280,596,1120,4
2,7371,149,281,596,1124,3
2,7372,149,282,598,1131,1
2,7373,149,283,596,1134,3
2,7374,149,284,596,1136,3
2,7375,149,285,596,1140,2
2,7376,150,204,603,816,2
2,7377,150,207,600,831,2
2,7378,150,208,600,832,4
2,7379,150,209,600,836,4
2,7380,150,210,600,840,4
2,7381,150,211,600,844,4
2,7382,150,212,600,848,4
2,7383,150,213,600,852,4
2,7384,150,214,600,856,4
2,7385,150,215,600,860,4
2,7386,150,216,600,864,4
2,7387,150,217,600,868,4
2,7388,150,218,600,872,4
2,7389,150,219,600,876,4
2,7390,150,220,600,880,4
2,7391,150,221,600,884,2
2,7392,150,223,602,895,1
2,7393,150,224,602,896,2
2,7394,150,225,602,900,2
2,7395,150,226,602,904,2
2,7396,150,227,602,908,2
2,7397,150,228,602,912,2
2,7398,150,229,602,916,2
2,7399,150,230,602,920,2
2,7400,150,231,602,924,2
2,7401,150,232,602,928,2
2,7402,150,233,602,932,2
2,7403,150,234,602,936,2
2,7404,150,235,601,943,3
2,7405,150,236,600,944,4
2,7406,150,237,602,948,1
2,7407,150,277,600,1111,2
2,7408,150,278,600,1112,4
2,7409,150,279,600,1116,4
2,7410,150,280,600,1120,4
2,7411,150,281,600,1124,4
2,7412,150,282,600,1128,4
2,7413,150,283,600,1132,4
2,7414,150,284,602,1136,1
2,7415,150,285,603,1141,2
2,7416,151,204,604,817,2
2,7417,151,205,604,820,4
2,7418,151,206,604,824,4
2,7419,151,207,604,828,4
2,7420,151,208,604,832,4
2,7421,151,209,604,836,4
2,7422,151,210,604,840,4
2,7423,151,211,604,844,4
2,7424,151,212,604,848,4
2,7425,151,213,604,852,4
2,7426,151,214,604,856,4
2,7427,151,215,604,860,4
2,7428,151,216,604,864,4
2,7429,151,217,604,868,4
2,7430,151,218,604,872,4
2,7431,151,219,604,876,4
2,7432,151,220,604,880,4
2,7433,151,221,604,884,4
2,7434,151,222,604,888,4
2,7435,151,224,604,896,4
2,7436,151,225,604,900,4
2,7437,151,226,604,904,4
2,7438,151,227,604,908,4
2,7439,151,228,604,912,4
2,7440,151,229,604,916,4
2,7441,151,230,604,920,4
2,7442,151,231,604,924,4
2,7443,151,232,604,928,4
2,7444,151,233,604,932,4
2,7445,151,234,604,936,4
2,7446,151,235,604,940,4
2,7447,151,236,604,944,4
2,7448,151,237,604,948,4
2,7449,151,238,605,952,4
2,7450,151,239,605,956,4
2,7451,151,277,604,1111,2
2,7452,151,278,604,1112,4
2,7453,151,279,604,1116,3
2,7454,151,280,604,1120,4
2,7455,151,281,604,1124,4
2,7456,151,282,604,1128,4
2,7457,151,283,604,1132,4
2,7458,151,284,604,1136,4
2,7459,151,285,604,1140,4
2,7460,151,286,605,1144,2
2,7461,152,205,608,821,4
2,7462,152,206,608,824,4
2,7463,152,207,608,828,4
2,7464,152,208,608,832,4
2,7465,152,209,608,836,4
2,7466,152,210,608,840,4
2,7467,152,211,608,844,4
2,7468,152,212,608,848,4
2,7469,152,213,608,852,4
2,7470,152,214,608,856,4
2,7471,152,215,608,860,4
2,7472,152,216,608,864,4
2,7473,152,217,608,868,4
2,7474,152,218,608,872,4
2,7475,152,219,608,876,4
2,7476,152,220,608,880,4
2,7477,152,221,608,884,4
2,7478,152,222,608,888,4
2,7479,152,223,608,892,4
2,7480,152,224,608,896,4
2,7481,152,225,608,900,4
2,7482,152,226,608,904,4
2,7483,152,227,608,908,4
2,7484,152,228,608,912,4
2,7485,152,229,608,916,4
2,7486,152,230,608,920,4
2,7487,152,231,608,924,4
2,7488,152,232,608,928,4
2,7489,152,233,608,932,4
2,7490,152,234,608,936,4
2,7491,152,235,608,940,4
2,7492,152,236,608,944,4
2,7493,152,237,608,948,4
2,7494,152,238,608,952,4
2,7495,152,277,608,1110,2
2,7496,152,278,608,1112,2
2,7497,152,280,608,1120,4
2,7498,152,281,608,1124,4
2,7499,152,282,608,1128,4
2,7500,152,283,608,1132,4
2,7501,152,284,608,1136,4
2,7502,152,285,608,1140,4
2,7503,152,286,608,1144,4
2,7504,153,205,612,823,1
2,7505,153,206,612,824,4
2,7506,153,207,612,828,4
2,7507,153,208,612,832,4
2,7508,153,209,612,836,4
2,7509,153,210,612,840,4
2,7510,153,211,612,844,4
2,7511,153,212,612,848,3
2,7512,153,213,615,855,1
2,7513,153,215,612,862,1
2,7514,153,216,612,864,3
2,7515,153,217,612,868,4
2,7516,153,218,612,872,4
2,7517,153,219,612,876,4
2,7518,153,220,612,880,4
2,7519,153,221,612,884,4
2,7520,153,222,612,888,4
2,7521,153,223,614,892,1
2,7522,153,223,614,895,1
2,7523,153,224,612,896,4
2,7524,153,225,612,900,4
2,7525,153,226,612,904,4
2,7526,153,227,612,908,4
2,7527,153,228,612,912,4
2,7528,153,229,612,916,2
2,7529,153,230,612,922,1
2,7530,153,231,612,924,4
2,7531,153,232,612,928,4
2,7532,153,233,612,932,3
2,7533,153,234,612,936,4
2,7534,153,235,612,940,4
2,7535,153,236,612,944,4
2,7536,153,237,612,948,3
2,7537,153,238,612,952,1
2,7538,153,277,612,1111,2
2,7539,153,278,612,1112,4
2,7540,153,279,612,1119,1
2,7541,153,280,612,1120,4
2,7542,153,281,612,1124,4
2,7543,153,282,612,1128,3
2,7544,153,283,612,1132,3
2,7545,153,284,612,1136,4
2,7546,153,285,612,1140,4
2,7547,153,286,612,1144,4
2,7548,153,287,613,1148,3
2,7549,154,207,616,830,1
2,7550,154,208,616,835,1
2,7551,154,209,616,836,3
2,7552,154,210,616,840,4
2,7553,154,211,616,844,2
2,7554,154,213,616,855,3
2,7555,154,214,618,856,2
2,7556,154,215,617,862,3
2,7557,154,216,616,867,1
2,7558,154,216,619,867,1
2,7559,154,217,616,868,4
2,7560,154,218,616,872,4
2,7561,154,219,616,876,4
2,7562,154,220,616,880,4
2,7563,154,221,616,884,1
2,7564,154,223,616,895,1
2,7565,154,224,616,896,2
2,7566,154,225,616,900,2
2,7567,154,226,616,904,2
2,7568,154,227,616,908,2
2,7569,154,228,616,912,2
2,7570,154,229,616,916,2
2,7571,154,230,617,921,3
2,7572,154,231,616,924,4
2,7573,154,232,616,928,4
2,7574,154,233,617,932,1
2,7575,154,234,616,937,2
2,7576,154,235,616,940,2
2,7577,154,236,616,944,2
2,7578,154,237,616,948,1
2,7579,154,277,616,1110,1
2,7580,154,279,616,1119,2
2,7581,154,280,616,1120,4
2,7582,154,281,616,1124,4
2,7583,154,282,617,1128,2
2,7584,154,283,616,1134,2
2,7585,154,284,616,1136,4
2,7586,154,285,616,1140,4
2,7587,154,286,616,1146,1
2,7588,154,287,616,1148,2
2,7589,155,209,620,837,4
2,7590,155,210,620,840,4
2,7591,155,211,620,844,4
2,7592,155,212,622,848,2
2,7593,155,213,620,853,4
2,7594,155,214,620,856,4
2,7595,155,215,620,860,4
2,7596,155,216,620,864,4
2,7597,155,217,620,868,4
2,7598,155,218,620,872,4
2,7599,155,219,620,876,4
2,7600,155,220,620,880,4
2,7601,155,230,620,921,4
2,7602,155,231,620,924,4
2,7603,155,232,620,928,4
2,7604,155,279,620,1119,2
2,7605,155,280,620,1120,4
2,7606,155,281,620,1124,4
2,7607,155,282,620,1128,4
2,7608,155,283,620,1132,4
2,7609,155,284,620,1136,4
2,7610,156,208,625,835,2
2,7611,156,209,624,837,4
2,7612,156,210,624,840,4
2,7613,156,211,624,844,4
2,7614,156,212,624,848,4
2,7615,156,213,624,852,4
2,7616,156,214,624,856,4
2,7617,156,215,624,860,4
2,7618,156,216,624,864,4
2,7619,156,217,624,868,4
2,7620,156,218,624,872,4
2,7621,156,219,624,876,4
2,7622,156,220,624,880,4
2,7623,156,230,624,921,3
2,7624,156,231,624,924,1
2,7625,156,279,624,1119,1
2,7626,156,280,624,1120,3
2,7627,156,281,624,1124,4
2,7628,156,282,624,1128,4
2,7629,156,283,624,1132,3
2,7630,156,284,624,1136,1
2,7631,157,210,628,840,4
2,7632,157,211,628,844,4
2,7633,157,212,628,848,3
2,7634,157,214,628,858,2
2,7635,157,215,628,860,4
2,7636,157,216,628,864,1
2,7637,157,216,631,867,1
2,7638,157,217,628,869,4
2,7639,157,218,628,872,4
2,7640,157,281,628,1125,2
2,7641,157,282,628,1128,3
2,7642,157,283,628,1132,2
2,7643,158,209,633,839,2
2,7644,158,210,632,840,3
2,7645,158,211,632,844,3
2,7646,158,212,632,848,3
2,7647,158,213,635,852,2
2,7648,158,214,633,856,4
2,7649,158,215,632,860,4
2,7650,158,216,632,866,3
2,7651,158,217,632,868,2
2,7652,158,218,632,872,4
2,7653,158,219,633,876,2
2,7654,159,211,636,847,1
2,7655,159,212,636,848,2
2,7656,159,213,636,852,2
2,7657,159,214,636,856,2
2,7658,159,215,636,860,2
2,7659,159,216,636,864,2
2,7660,159,218,636,874,1
