level,pair,start,goal,true_dist,coarse_len,coarse_expanded,coarse_ms,lift_ms,lifted_cells,fail_level,fail_reason,endpoints_wrong,used_fallback,fallback_ok,fallback_ms,final_len,valid,c0_ok,c0_ms,c0_len,c0_expanded,c0_cells,c1_ok,c1_ms,c1_len,c1_expanded,c1_cells,fine_ms,fine_expanded,fine_len,r0_ok,r0_ms,r0_refine_ms,r0_len,r0_expanded,r0_cells,r1_ok,r1_ms,r1_refine_ms,r1_len,r1_expanded,r1_cells
2,0,2654607,497695,1710,428,29697,16.5573,6.65392,1721,-1,ok,0,0,0,0,1720,1,1,2.65808,1710,1924,5829,1,1.67681,1710,2874,16302,5.50279,12833,1710,1,30.6165,27.8471,1710,1925,3191,1,2.94063,1.49784,1710,2356,8687
2,1,2221473,1571062,1589,402,3471,1.84252,3.00332,1632,-1,ok,0,0,0,0,1631,1,1,1.51645,1609,4655,5380,1,2.54386,1609,10997,15231,45.5843,160357,1589,1,1.31294,0.62075,1609,2669,2882,1,2.279,0.734182,1609,6772,8023
2,2,641811,2589149,1344,336,6254,3.81834,5.01056,1347,-1,ok,0,0,0,0,1346,1,1,2.21336,1344,1344,4494,1,1.37368,1344,1925,12322,2.31562,3632,1344,1,2.25579,1.37018,1344,1344,2434,1,2.09389,1.08588,1344,1580,6507
2,3,2250714,2339143,278,70,758,0.389898,0.43393,287,-1,ok,0,0,0,0,286,1,1,0.104475,278,278,1079,1,0.083246,278,278,3151,0.100707,278,278,1,0.131888,0.061296,278,278,519,1,0.232014,0.142667,278,278,1547
2,4,2536396,353659,1876,473,4622,2.60596,4.25319,1899,-1,ok,0,0,0,0,1898,1,1,3.00367,1896,3265,6266,1,2.64064,1896,7038,17376,11.1499,28227,1876,1,2.80489,1.48706,1896,2355,3366,1,3.40654,1.55507,1896,4385,9148
2,5,916591,1430479,1191,298,4049,2.05373,2.32502,1208,-1,ok,0,0,0,0,1207,1,1,0.939796,1191,1981,4403,1,1.24497,1191,4979,12429,39.1858,132776,1191,1,0.894953,0.436526,1191,1502,2322,1,1.56454,0.610209,1191,3933,6413
2,6,500826,2935247,2173,544,30804,14.3665,6.01893,2186,-1,ok,0,0,0,0,2185,1,1,2.8656,2173,2269,7662,1,1.684,2173,2944,21101,11.4761,31438,2173,1,2.74899,1.54364,2173,2173,4152,1,2.85206,1.23781,2173,3245,11454
2,7,2429283,2288496,465,117,1809,0.836633,0.741644,472,-1,ok,0,0,0,0,471,1,1,0.237955,465,465,1757,1,0.152445,465,465,5292,0.241661,804,465,1,0.244967,0.120364,465,465,895,1,0.445843,0.277879,465,465,2679
2,8,502542,1287255,645,162,3167,1.77652,2.20402,662,-1,ok,0,0,0,0,661,1,1,1.14498,645,1700,2288,1,1.38882,645,4493,6472,18.8746,63467,645,1,1.00448,0.587358,645,997,1197,1,1.21242,0.418452,645,2362,3320
2,9,2726054,800471,1487,372,18154,8.39967,3.93602,1500,-1,ok,0,0,0,0,1499,1,1,2.37503,1487,1703,4457,1,1.20866,1487,2169,13003,1.74179,2150,1487,1,2.11526,1.18737,1487,1487,2496,1,1.77212,0.866449,1487,1505,6900
2,10,3031784,709412,1662,417,12684,7.59725,5.20481,1671,-1,ok,0,0,0,0,1670,1,1,2.83798,1662,1662,6016,1,1.20016,1662,1662,16745,39.4502,146083,1662,1,2.65932,1.4902,1662,1662,3085,1,2.1058,0.988567,1662,1662,8705
2,11,813038,2649998,1861,467,1836,1.38556,3.24836,1888,-1,ok,0,0,0,0,1887,1,1,2.15958,1861,1861,5552,1,1.29817,1861,2557,15666,1.47947,2064,1861,1,2.07155,1.1479,1861,1861,3100,1,2.08577,0.956566,1861,2158,8318
2,12,2906523,1340129,1264,316,7080,3.86339,2.66843,1267,-1,ok,0,0,0,0,1266,1,1,1.86118,1264,1264,4536,1,0.906413,1264,1686,12502,25.1236,73256,1264,1,1.76034,0.954965,1264,1264,2427,1,1.67014,0.825472,1264,1686,6644
2,13,2198005,2773306,1504,376,7698,3.16528,2.00777,1513,-1,ok,0,0,0,0,1512,1,1,1.75728,1506,5003,5674,1,3.20986,1506,12764,15135,57.8267,197182,1504,1,1.26315,0.530992,1506,2670,2899,1,2.40382,0.720836,1506,6807,7884
2,14,1009630,2195480,1009,252,5184,2.7643,2.71604,1010,-1,ok,0,0,0,0,1009,1,1,1.34185,1009,1009,3605,1,0.882308,1009,1721,9889,3.09025,8169,1009,1,1.29855,0.742977,1009,1009,1951,1,1.38184,0.597366,1009,1390,5486
2,15,2077961,2827531,1186,297,11824,5.32631,2.07565,1205,-1,ok,0,0,0,0,1204,1,1,1.03201,1186,1186,4543,1,0.57829,1186,1553,12761,31.7652,125454,1186,1,1.01246,0.541471,1186,1190,2305,1,1.26993,0.670824,1186,1520,6519
2,16,1553701,2469994,602,152,163,0.371293,1.66734,623,-1,ok,0,0,0,0,622,1,1,0.900913,602,608,2235,1,0.391231,602,626,6275,0.978097,1976,602,1,0.864364,0.479736,602,607,1166,1,0.827886,0.439249,602,618,3342
2,17,2490161,384400,1409,353,4009,2.32796,3.28983,1414,-1,ok,0,0,0,0,1413,1,1,2.98558,1409,1927,4876,1,1.21693,1409,1428,13274,1.74321,1693,1409,1,2.5871,1.44977,1409,1409,2588,1,1.95377,0.882488,1409,1927,6903
2,18,2599025,2034587,1669,419,12931,6.81472,3.22323,1698,-1,ok,0,0,0,0,1697,1,1,1.89618,1669,3476,6350,1,2.04372,1669,7751,18087,36.9877,141895,1669,1,1.56402,0.81299,1669,2253,3174,1,2.35019,0.978368,1669,4598,9259
2,19,1181060,2927824,1734,434,31380,16.9025,3.56476,1749,-1,ok,0,0,0,0,1748,1,1,2.2732,1734,1734,6224,1,0.994879,1734,1776,16909,13.4914,51628,1734,1,2.13005,1.21702,1734,1734,3208,1,2.24624,0.979809,1734,2489,8884
2,20,645781,614849,395,100,681,0.303387,0.551441,402,-1,ok,0,0,0,0,401,1,1,0.240991,395,501,1481,1,0.317764,395,1571,4214,2.55749,12656,395,1,0.242574,0.122239,395,433,758,1,0.571017,0.267169,395,1417,2150
2,21,2468056,2256643,1145,286,2120,0.995909,1.33105,1158,-1,ok,0,0,0,0,1157,1,1,0.709636,1145,2093,4339,1,1.07119,1145,4607,12189,9.5687,41640,1145,1,0.628543,0.26255,1145,1483,2214,1,1.21354,0.49782,1145,2902,6014
2,22,251497,3219170,2176,546,45274,25.4425,5.23018,2207,-1,ok,0,0,0,0,2206,1,1,3.6223,2180,2530,8041,1,1.92508,2180,4306,22891,30.4037,83714,2176,1,3.73892,1.89381,2180,2485,4184,1,3.06721,1.33878,2180,3578,11752
2,23,569297,2803754,1948,487,22021,10.232,3.16038,1959,-1,ok,0,0,0,0,1958,1,1,4.42478,1948,6527,6697,1,5.82461,1948,17576,18186,247.67,673122,1948,1,3.05104,1.46664,1948,3629,3693,1,4.33612,1.1903,1948,9745,10023
2,24,2520461,1501553,674,170,1348,1.10702,1.61771,689,-1,ok,0,0,0,0,688,1,1,1.3126,674,1238,2583,1,0.892447,674,1986,7332,2.30261,7515,674,1,1.1137,0.61566,674,863,1308,1,0.912165,0.47596,674,679,3784
2,25,2003860,731758,1205,306,1439,0.945586,1.93226,1228,-1,ok,0,0,0,0,1227,1,1,1.61708,1225,1434,3955,1,0.968168,1225,2131,10682,6.91244,31467,1205,1,1.48714,0.815503,1225,1301,2128,1,1.39399,0.656727,1225,1704,5635
2,26,613334,2557422,1168,293,723,0.796027,3.47042,1185,-1,ok,0,0,0,0,1184,1,1,3.65543,1174,4134,4437,1,3.82164,1174,11346,12567,8.20815,30286,1168,1,2.32206,1.21906,1174,2101,2264,1,3.20363,0.832666,1174,5795,6402
2,27,387537,2005469,1167,293,9547,4.86419,3.06356,1176,-1,ok,0,0,0,0,1175,1,1,1.96222,1167,1167,4418,1,0.75468,1167,1171,12504,1.65663,3473,1167,1,1.83724,1.11728,1167,1167,2257,1,1.74993,0.777973,1167,1167,6389
2,28,344125,2584166,2379,596,30923,14.4589,3.64135,2400,-1,ok,0,0,0,0,2399,1,1,4.87904,2379,7659,8171,1,6.32039,2379,20109,21685,553.701,1.28006e+06,2379,1,3.47672,1.58349,2379,4289,4481,1,4.95096,1.38251,2379,11090,11850
2,29,2992346,1955386,784,197,3375,1.77953,1.76533,799,-1,ok,0,0,0,0,798,1,1,1.32636,784,1409,2537,1,0.886326,784,2897,7423,13.1246,52143,784,1,1.10626,0.630738,784,997,1381,1,1.14781,0.509672,784,1749,3816
2,30,2891864,2043208,1327,333,17941,7.83234,2.06697,1352,-1,ok,0,0,0,0,1351,1,1,1.27871,1327,1637,4204,1,0.853975,1327,2372,11931,18.5279,79579,1327,1,1.21311,0.658541,1327,1328,2254,1,1.39233,0.650524,1327,1701,6379
2,31,593449,1109625,711,179,2274,1.12182,1.13853,716,-1,ok,0,0,0,0,715,1,1,0.687284,711,714,2385,1,0.353991,711,777,6604,1.12681,3075,711,1,0.669613,0.372517,711,711,1295,1,0.737998,0.380811,711,768,3643
2,32,2770066,477636,2303,580,22531,10.6916,3.88923,2332,-1,ok,0,0,0,0,2331,1,1,3.61106,2313,4267,8148,1,3.25643,2313,9097,22688,5.85467,15953,2303,1,3.04057,1.59743,2313,3113,4283,1,3.76339,1.42961,2313,5848,12081
2,33,1568488,2024378,743,187,4090,1.82398,0.940185,752,-1,ok,0,0,0,0,751,1,1,0.573421,743,743,2749,1,0.38045,743,772,7701,0.801227,2836,743,1,0.6269,0.335166,743,743,1421,1,0.73873,0.387945,743,772,3951
2,34,2636861,1355914,1868,470,10039,5.28946,2.30321,1889,-1,ok,0,0,0,0,1888,1,1,2.17122,1868,3500,7157,1,2.50291,1868,8825,20440,29.6799,120630,1868,1,1.93085,0.937591,1868,2587,3629,1,2.89952,1.09546,1868,5798,10378
2,35,2807379,1728601,1223,306,2900,1.77905,1.85651,1242,-1,ok,0,0,0,0,1241,1,1,1.50558,1223,1511,4138,1,0.99662,1223,2350,10886,4.63421,16354,1223,1,1.46383,0.793774,1223,1370,2267,1,1.43678,0.656144,1223,1798,5886
2,36,548195,1129534,384,96,221,0.292997,0.756643,393,-1,ok,0,0,0,0,392,1,1,0.693936,384,384,1281,1,0.24092,384,384,3520,0.546731,384,384,1,0.608316,0.362737,384,384,699,1,0.512667,0.270074,384,411,1914
2,37,1403079,1097550,787,197,2532,1.08688,1.26053,794,-1,ok,0,0,0,0,793,1,1,1.00162,787,2244,2687,1,1.4343,787,5881,7518,28.5773,114224,787,1,0.74454,0.358008,787,1258,1399,1,1.12436,0.381043,787,3102,3849
2,38,1098506,2400310,1127,283,8625,3.98006,2.14381,1138,-1,ok,0,0,0,0,1137,1,1,1.53603,1127,1127,4021,1,0.668879,1127,1127,11416,1.10502,1127,1127,1,1.41924,0.821355,1127,1127,2100,1,1.49353,0.699086,1127,1630,5942
2,39,549302,2763681,1609,403,23884,10.8546,3.31209,1622,-1,ok,0,0,0,0,1621,1,1,2.64781,1609,1610,5508,1,1.19409,1609,1885,15759,39.4474,121137,1609,1,2.42543,1.35807,1609,1609,2947,1,2.13949,1.03049,1609,2035,8391
2,40,2830387,1329031,990,249,3234,2.0804,2.19276,1019,-1,ok,0,0,0,0,1018,1,1,1.79557,994,1176,3525,1,0.845128,994,1565,10021,3.4029,12620,990,1,1.5968,0.88839,994,1051,1843,1,1.37498,0.638853,994,1236,5219
2,41,2571837,1609971,1200,302,8246,4.16906,1.6756,1217,-1,ok,0,0,0,0,1216,1,1,1.30388,1200,1308,4216,1,0.814651,1200,1945,11704,0.972898,2243,1200,1,1.2845,0.680682,1200,1272,2229,1,1.40859,0.682706,1200,1576,6139
2,42,2269545,949398,1480,372,11703,5.6591,2.21203,1495,-1,ok,0,0,0,0,1494,1,1,1.78843,1480,1694,5155,1,1.2342,1480,2799,13998,2.64886,7900,1480,1,1.72162,0.921103,1480,1695,2671,1,1.73318,0.810072,1480,2141,7354
2,43,2386550,2005422,1757,440,23421,11.3303,1.74152,1778,-1,ok,0,0,0,0,1777,1,1,1.58951,1757,5323,6629,1,2.71096,1757,13997,18429,84.0841,350924,1757,1,1.22676,0.545869,1757,2874,3367,1,2.55315,0.967157,1757,7100,9279
2,44,3228329,1091487,1429,359,15309,8.12556,3.11359,1442,-1,ok,0,0,0,0,1441,1,1,2.63598,1429,1460,5358,1,1.48088,1429,1738,15330,2.12521,1429,1429,1,2.43915,1.45084,1429,1460,2737,1,2.09815,1.06317,1429,1510,7746
2,45,1252674,2899369,1220,306,4144,2.31664,3.51437,1233,-1,ok,0,0,0,0,1232,1,1,1.88282,1220,1220,4190,1,0.855698,1220,1586,11224,9.53256,38831,1220,1,1.68341,0.954974,1220,1220,2223,1,1.56686,0.704016,1220,1582,6047
2,46,1245004,2631833,1742,437,13727,6.56255,2.83486,1771,-1,ok,0,0,0,0,1770,1,1,1.84254,1742,1742,6235,1,1.18846,1742,2104,17121,10.6568,45741,1742,1,1.79922,0.949774,1742,1742,3265,1,1.90288,0.939685,1742,1809,8924
2,47,2746631,1120353,1791,450,9031,4.87493,2.44396,1814,-1,ok,0,0,0,0,1813,1,1,2.67798,1791,3503,6340,1,3.21126,1791,8438,17610,23.8693,94508,1791,1,2.1252,1.06446,1791,2537,3318,1,2.84028,1.04193,1791,5042,9221
2,48,1545941,1034885,778,196,940,0.698495,1.82012,797,-1,ok,0,0,0,0,796,1,1,1.08182,778,1335,2741,1,0.707462,778,2715,6757,43.8603,113131,778,1,1.07144,0.52992,778,971,1461,1,0.939415,0.402552,778,1768,3965
2,49,707664,3179843,2152,538,46720,20.1442,3.36851,2159,-1,ok,0,0,0,0,2158,1,1,2.93026,2152,2152,7604,1,1.41918,2152,2152,21225,3.12625,4780,2152,1,2.75538,1.48464,2152,2152,4007,1,2.57407,1.24774,2152,2152,11174
2,50,2697605,251222,1758,441,1367,1.39517,3.43611,1781,-1,ok,0,0,0,0,1780,1,1,4.55569,1758,5618,6505,1,5.78068,1758,16084,18364,56.1164,150765,1758,1,3.13687,1.62578,1758,3100,3390,1,4.41985,1.41925,1758,8489,9513
2,51,598957,1160461,516,131,3250,1.89822,0.869032,525,-1,ok,0,0,0,0,524,1,1,0.715918,516,1545,1977,1,1.08892,516,4170,5406,17.9099,59572,516,1,0.608968,0.309969,516,846,982,1,0.924657,0.355915,516,2193,2703
2,52,2808838,629110,1283,326,3365,2.2334,2.67731,1318,-1,ok,0,0,0,0,1317,1,1,3.21614,1297,2834,4947,1,2.38306,1297,4889,14237,2.02703,3610,1283,1,2.44945,1.37961,1297,1810,2522,1,2.67172,1.06734,1297,3856,7210
2,53,2674667,2450469,1734,435,7379,3.58747,2.02589,1749,-1,ok,0,0,0,0,1748,1,1,1.65284,1734,3134,6434,1,1.75037,1734,6944,18124,21.7364,104186,1734,1,1.57647,0.814492,1734,2198,3353,1,2.18486,0.950505,1734,4080,9401
2,54,902226,2397303,1907,477,22207,10.0045,2.51643,1926,-1,ok,0,0,0,0,1925,1,1,1.8905,1907,2097,6603,1,1.17395,1907,2612,17841,11.6049,48095,1907,1,1.94399,1.0159,1907,2043,3526,1,2.18226,1.04496,1907,2491,9317
2,55,3160580,2590500,1640,410,13077,5.16236,2.02639,1649,-1,ok,0,0,0,0,1648,1,1,1.98798,1640,5736,5928,1,3.58677,1640,15799,16527,82.4729,319538,1640,1,1.39856,0.592216,1640,3009,3082,1,2.81142,0.826054,1640,8338,8682
2,56,3063115,1271576,1534,384,8031,4.4402,2.37399,1539,-1,ok,0,0,0,0,1538,1,1,2.22863,1534,1534,5430,1,1.06092,1534,1751,14713,20.5217,70700,1534,1,2.05276,1.1438,1534,1534,2892,1,1.91502,0.96877,1534,1534,7838
2,57,471188,1449834,1138,284,3510,2.01699,1.74464,1151,-1,ok,0,0,0,0,1150,1,1,1.88194,1138,3988,4030,1,2.77615,1138,10488,11195,47.3182,188958,1138,1,1.43808,0.691691,1138,2070,2086,1,2.16292,0.673548,1138,5514,5802
2,58,1353978,2059850,918,233,6711,11.0344,1.94024,933,-1,ok,0,0,0,0,932,1,1,1.94297,918,2974,3416,1,1.98938,918,7819,9265,100.475,240846,918,1,1.44501,0.794635,918,1615,1746,1,1.69814,0.580845,918,4194,4845
2,59,2540733,1967844,911,228,2825,1.48908,1.30872,920,-1,ok,0,0,0,0,919,1,1,1.08785,911,1486,2712,1,0.769659,911,3118,7680,41.104,149390,911,1,0.968831,0.573642,911,1113,1524,1,1.08834,0.458276,911,1920,4258
2,60,2700562,1997667,1296,325,5944,2.60974,1.60376,1309,-1,ok,0,0,0,0,1308,1,1,1.19766,1296,1327,4290,1,0.701321,1296,1734,12528,8.09667,37558,1296,1,1.14417,0.590093,1296,1310,2354,1,1.37292,0.658379,1296,1567,6758
2,61,1637568,2044505,363,91,669,0.478314,0.768255,372,-1,ok,0,0,0,0,371,1,1,0.500735,363,373,1235,1,0.197228,363,458,3454,1.13346,4049,363,1,0.428591,0.255337,363,363,653,1,0.431135,0.226794,363,372,1799
2,62,1801679,2696751,1870,469,3043,1.73582,2.18441,1903,-1,ok,0,0,0,0,1902,1,1,2.49755,1870,6550,6699,1,4.41151,1870,17955,18450,104.415,366815,1870,1,1.78946,0.757806,1870,3495,3538,1,3.4059,0.956286,1870,9397,9602
2,63,598957,2906552,1287,322,3136,2.23841,3.59947,1288,-1,ok,0,0,0,0,1287,1,1,2.88149,1287,1287,5152,1,0.876778,1287,1287,15472,1.88467,1287,1287,1,2.37105,1.45887,1287,1287,2576,1,2.08399,1.10545,1287,1287,7732
2,64,1955372,794087,930,234,3755,2.01202,1.77435,939,-1,ok,0,0,0,0,938,1,1,1.55533,930,930,3472,1,0.582848,930,931,9679,0.912525,1021,930,1,1.41308,0.798514,930,930,1679,1,1.17695,0.587878,930,931,4881
2,65,2039260,2947726,1193,301,5286,2.81097,1.93336,1204,-1,ok,0,0,0,0,1203,1,1,1.56485,1193,1529,3930,1,0.804354,1193,2183,10878,18.1587,65520,1193,1,1.41554,0.825792,1193,1301,2218,1,1.37832,0.636518,1193,1663,5907
2,66,556924,1599250,705,177,1442,0.939006,1.40682,708,-1,ok,0,0,0,0,707,1,1,1.28106,705,705,2595,1,0.582368,705,747,7348,1.39945,3444,705,1,1.12088,0.670572,705,705,1343,1,1.32574,0.486018,705,1573,3773
2,67,278380,2626389,2296,579,34250,17.3549,3.77886,2329,-1,ok,0,0,0,0,2328,1,1,4.0671,2316,6102,7735,1,4.64149,2316,15594,21343,6.0196,19686,2296,1,3.10955,1.59194,2316,3607,4166,1,3.98173,1.28819,2316,8478,11226
2,68,2339398,455629,2015,504,29461,14.3437,3.38134,2022,-1,ok,0,0,0,0,2021,1,1,2.76392,2015,2085,7183,1,1.52398,2015,2560,20147,2.05968,5306,2015,1,2.48765,1.35673,2015,2087,3781,1,2.60297,1.24003,2015,2228,10471
2,69,2397188,1012607,1150,289,4455,2.47796,2.30415,1163,-1,ok,0,0,0,0,1162,1,1,1.82439,1150,1175,4133,1,0.792179,1150,1563,11631,1.32893,2867,1150,1,1.59559,0.930809,1150,1177,2118,1,1.51649,0.753098,1150,1374,5938
2,70,2467967,715435,1642,415,12325,6.47686,2.6926,1677,-1,ok,0,0,0,0,1676,1,1,2.44333,1662,3004,4957,1,2.30991,1662,6703,13938,10.0758,39324,1642,1,2.18621,1.15043,1662,2138,2779,1,2.36786,0.865877,1662,4138,7510
2,71,279709,835397,829,209,9563,5.12761,1.32753,840,-1,ok,0,0,0,0,839,1,1,0.946148,829,1131,3182,1,0.60454,829,1595,9029,1.38863,4287,829,1,0.77667,0.428009,829,928,1636,1,1.07687,0.57277,829,1312,4739
2,72,825921,1088080,805,202,1935,0.936619,0.943002,810,-1,ok,0,0,0,0,809,1,1,0.773384,805,2135,2968,1,1.21963,805,5498,8220,9.31247,43024,805,1,0.564846,0.257401,805,1218,1485,1,1.14633,0.443619,805,2997,4218
2,73,2686056,3089348,412,104,1610,0.825121,0.808481,413,-1,ok,0,0,0,0,412,1,1,0.658621,412,746,1198,1,0.468616,412,1612,2898,10.2166,36298,412,1,0.525151,0.31617,412,522,692,1,0.441856,0.185988,412,956,1526
2,74,935096,1634738,947,239,10091,5.1198,1.26244,962,-1,ok,0,0,0,0,961,1,1,0.944414,949,949,3440,1,0.837575,949,2349,9754,12.2843,51377,947,1,0.915179,0.524661,949,949,1777,1,1.13765,0.560457,949,1361,5067
2,75,384006,760874,877,220,1435,0.702392,1.01258,884,-1,ok,0,0,0,0,883,1,1,0.6797,877,1183,3214,1,0.545718,877,1615,9013,10.1644,45115,877,1,0.684007,0.322713,877,981,1660,1,0.873633,0.434462,877,1232,4686
2,76,1947155,898061,889,224,2220,1.43683,1.77182,902,-1,ok,0,0,0,0,901,1,1,1.41677,889,891,2983,1,0.538936,889,1096,8071,2.92053,9792,889,1,1.27772,0.718001,889,889,1675,1,1.16844,0.539328,889,912,4643
2,77,658137,789793,329,83,712,0.296895,0.406459,334,-1,ok,0,0,0,0,333,1,1,0.211806,329,332,1291,1,0.129974,329,364,3489,0.252181,1038,329,1,0.212807,0.115606,329,329,655,1,0.314929,0.153037,329,356,1855
2,78,363830,2056905,2015,505,13736,6.93971,2.7656,2028,-1,ok,0,0,0,0,2027,1,1,2.15499,2015,2135,7172,1,1.14845,2015,2340,19585,10.9426,34458,2015,1,2.15966,1.14784,2015,2058,3772,1,2.40704,1.0867,2015,2627,10401
2,79,1761748,2892020,756,190,4355,2.32042,1.75663,761,-1,ok,0,0,0,0,760,1,1,1.28602,756,756,2887,1,0.780598,756,1159,8377,11.3374,38399,756,1,1.1466,0.666275,756,756,1505,1,1.11726,0.508791,756,1139,4269
2,80,2351211,2029768,1106,278,5832,2.45994,1.18344,1133,-1,ok,0,0,0,0,1132,1,1,0.880515,1106,1823,3991,1,1.00792,1106,3515,10821,15.6695,53987,1106,1,0.886726,0.421406,1106,1357,2069,1,1.29119,0.639475,1106,2129,5570
2,81,647090,520796,364,91,1507,0.779606,0.380531,367,-1,ok,0,0,0,0,366,1,1,0.245478,364,364,1434,1,0.160901,364,364,4263,0.196087,364,364,1,0.261969,0.123521,364,364,722,1,0.338242,0.20289,364,364,2150
2,82,2202913,1998284,1606,402,11195,5.61834,1.71802,1625,-1,ok,0,0,0,0,1624,1,1,1.46965,1606,4238,5497,1,2.33721,1606,11041,15020,82.6626,347668,1606,1,1.17697,0.548494,1606,2510,2940,1,2.20306,0.777151,1606,6205,8037
2,83,2307907,2951731,1581,396,12325,5.24892,1.67491,1588,-1,ok,0,0,0,0,1587,1,1,1.04101,1581,1581,6116,1,0.648021,1581,1594,16548,12.0233,49167,1581,1,1.08243,0.50896,1581,1581,3082,1,1.4398,0.756463,1581,1722,8634
2,84,1871832,591133,1610,415,22085,11.9946,2.11929,1689,-1,ok,0,0,0,0,1688,1,1,1.87656,1658,2255,5748,1,1.26858,1658,4054,15861,12.1268,45309,1610,1,1.87949,0.999796,1658,2055,3028,1,2.09589,0.992154,1658,3014,8330
2,85,1820468,769068,784,197,4348,2.33235,1.64891,793,-1,ok,0,0,0,0,792,1,1,1.28362,784,833,2965,1,0.515713,784,807,8161,0.837213,784,784,1,1.21832,0.696392,784,833,1470,1,1.13062,0.530632,784,805,4118
2,86,618657,2879486,1405,352,6596,3.87913,2.88761,1418,-1,ok,0,0,0,0,1417,1,1,2.741,1405,2453,4693,1,2.43302,1405,6384,14147,14.2604,40711,1405,1,2.29981,1.34895,1405,1753,2539,1,2.34485,1.02042,1405,3551,7315
2,87,759127,2437547,1913,483,18436,9.59628,2.7691,1944,-1,ok,0,0,0,0,1943,1,1,3.17402,1933,5402,6560,1,3.723,1933,13926,17973,29.5972,111220,1913,1,2.33906,1.13869,1933,3089,3483,1,3.31048,1.05717,1933,7574,9388
2,88,2003626,436977,2082,521,20449,9.95077,2.56375,2097,-1,ok,0,0,0,0,2096,1,1,3.46695,2082,7001,7356,1,5.15843,2082,18898,20132,274.922,756660,2082,1,2.44506,1.08626,2082,3749,3865,1,3.88301,1.0851,2082,9901,10458
2,89,2088216,2111650,95,24,100,0.099807,0.182301,96,-1,ok,0,0,0,0,95,1,1,0.174196,95,165,299,1,0.084247,95,326,805,0.580094,1473,95,1,0.097221,0.063419,95,119,169,1,0.111999,0.05313,95,208,433
2,90,2481203,2200930,683,172,1446,0.741485,0.748509,694,-1,ok,0,0,0,0,693,1,1,0.482692,683,683,2599,1,0.274763,683,755,7427,0.582999,1582,683,1,0.494574,0.24584,683,683,1322,1,0.660745,0.341679,683,759,3828
2,91,1827763,2791217,1053,265,3465,1.68079,1.62912,1080,-1,ok,0,0,0,0,1079,1,1,1.88034,1053,3021,3409,1,2.325,1053,7776,9132,75.6465,247542,1053,1,1.37741,0.671014,1053,1840,1970,1,1.90418,0.558423,1053,4512,5112
2,92,1980418,1582954,557,145,1403,0.806568,0.692062,590,-1,ok,0,0,0,0,589,1,1,0.536832,577,939,1935,1,0.544379,577,2021,5604,0.391903,557,557,1,0.512586,0.253313,577,702,1043,1,0.654253,0.287558,577,1296,2946
2,93,705039,752842,1000,251,3971,1.81945,0.956707,1019,-1,ok,0,0,0,0,1018,1,1,0.791348,1000,2651,3669,1,1.28775,1000,6526,10080,18.8656,86677,1000,1,0.613226,0.26239,1000,1532,1856,1,1.30208,0.501126,1000,3733,5297
2,94,1158854,739502,341,85,411,0.308715,0.761894,352,-1,ok,0,0,0,0,351,1,1,0.752858,341,1019,1272,1,0.764529,341,2701,3680,6.35437,20212,341,1,0.484345,0.281074,341,581,662,1,0.651777,0.277838,341,1513,1920
2,95,1350833,836719,972,243,3811,1.48924,1.07956,977,-1,ok,0,0,0,0,976,1,1,0.744099,972,972,3502,1,0.447986,972,1083,9696,10.8092,46976,972,1,0.78722,0.404815,972,972,1826,1,0.957749,0.481549,972,1076,5103
2,96,1556785,647066,1224,308,10391,5.07957,1.84705,1237,-1,ok,0,0,0,0,1236,1,1,1.33095,1224,1259,4668,1,0.800496,1224,1341,12557,8.21086,34441,1224,1,1.2997,0.722681,1224,1224,2369,1,1.49394,0.723402,1224,1341,6545
2,97,1944954,1109435,783,197,4477,2.33363,1.2358,790,-1,ok,0,0,0,0,789,1,1,1.02784,783,783,2788,1,0.547784,783,783,7650,0.785747,783,783,1,0.979459,0.542825,783,783,1460,1,0.906805,0.449009,783,783,3964
2,98,2668191,348531,1839,460,12041,5.71502,2.71435,1846,-1,ok,0,0,0,0,1845,1,1,4.40135,1839,5640,5866,1,5.64645,1839,15273,16132,139.321,416088,1839,1,3.07553,1.49682,1839,3124,3200,1,4.14298,1.11258,1839,8141,8491
2,99,476033,1903328,1168,293,6841,4.01474,2.3461,1177,-1,ok,0,0,0,0,1176,1,1,2.7702,1168,3425,3850,1,3.25392,1168,9897,11370,145.576,311275,1168,1,2.06602,1.11965,1168,1927,2068,1,2.59066,0.812758,1168,5234,5939
2,100,795218,590026,122,32,80,0.111218,0.290022,133,-1,ok,0,0,0,0,132,1,1,0.224278,122,128,494,1,0.055604,122,122,1469,0.121005,122,122,1,0.172513,0.109025,122,126,243,1,0.167132,0.102931,122,122,715
2,101,763468,1260833,843,211,4372,2.04894,0.793563,844,-1,ok,0,0,0,0,843,1,1,1.06575,843,2982,3211,1,2.03705,843,8133,9425,22.4059,79344,843,1,0.777062,0.315018,843,1591,1653,1,1.51415,0.482571,843,4213,4792
2,102,3155979,534005,2083,522,24604,11.4762,3.46564,2104,-1,ok,0,0,0,0,2103,1,1,3.48652,2083,2299,6588,1,1.62037,2083,3021,19022,41.833,119986,2083,1,2.97086,1.59969,2083,2083,3632,1,2.59836,1.20833,2083,2101,10163
2,103,2671843,2035386,1097,276,7465,3.25292,1.23447,1108,-1,ok,0,0,0,0,1107,1,1,0.918926,1097,1097,3737,1,0.597326,1097,1482,10869,5.98832,28074,1097,1,0.956246,0.48697,1097,1097,2030,1,1.14693,0.5412,1097,1327,5846
2,104,1072087,2077094,1175,297,6756,3.26274,1.91648,1202,-1,ok,0,0,0,0,1201,1,1,2.10782,1175,3801,4320,1,3.02255,1175,10124,12020,39.7025,119881,1175,1,1.45456,0.688036,1175,2026,2196,1,2.1896,0.665764,1175,5316,6152
2,105,1830266,867972,1628,408,8205,4.34416,1.71078,1635,-1,ok,0,0,0,0,1634,1,1,1.47163,1628,1897,5793,1,1.05325,1628,2997,16221,38.3052,143047,1628,1,1.48448,0.770679,1628,1899,3000,1,1.91572,0.883321,1628,2472,8433
2,106,2009385,672463,1221,306,7785,3.8073,1.86173,1234,-1,ok,0,0,0,0,1233,1,1,1.65452,1221,1244,4289,1,0.852082,1221,1313,11566,2.35034,7357,1221,1,1.61604,0.892037,1221,1246,2231,1,1.48096,0.735473,1221,1344,5973
2,107,1277732,1289510,1175,295,5578,2.74438,1.3775,1180,-1,ok,0,0,0,0,1179,1,1,1.04051,1175,2234,4150,1,1.10367,1175,5082,11709,21.2123,98639,1175,1,0.966627,0.460351,1175,1548,2152,1,1.34975,0.566708,1175,3033,5985
2,108,383929,2086407,1268,318,12740,6.53815,2.80555,1277,-1,ok,0,0,0,0,1276,1,1,2.33156,1268,1268,4803,1,1.02207,1268,1272,13625,21.7734,67976,1268,1,2.23644,1.33914,1268,1268,2453,1,1.73822,0.852613,1268,1268,6982
2,109,2032078,1699736,1336,336,2729,1.37162,1.19533,1351,-1,ok,0,0,0,0,1350,1,1,0.852342,1336,2008,5116,1,1.01877,1336,4107,14700,5.59663,25701,1336,1,0.861119,0.382205,1336,1738,2607,1,1.56912,0.744351,1336,2841,7488
2,110,958411,907673,588,146,2432,1.02178,0.682545,597,-1,ok,0,0,0,0,596,1,1,0.579613,588,1340,1798,1,0.652057,588,3426,5103,10.0532,46637,588,1,0.444911,0.227575,588,886,1041,1,0.686933,0.24634,588,1974,2801
2,111,345881,908168,999,251,8477,3.21535,1.19572,1002,-1,ok,0,0,0,0,1001,1,1,0.825824,999,999,3740,1,0.464839,999,999,10353,12.9859,62389,999,1,0.922043,0.495325,999,999,1909,1,1.00816,0.52512,999,999,5339
2,112,921927,2826328,1275,318,4676,2.84599,2.58164,1292,-1,ok,0,0,0,0,1291,1,1,2.95253,1275,3597,4788,1,2.56228,1275,8887,13692,35.5758,96671,1275,1,2.30011,1.24093,1275,2067,2474,1,2.47848,0.933944,1275,5063,7050
2,113,558628,2150100,1156,290,7368,3.69073,2.29857,1165,-1,ok,0,0,0,0,1164,1,1,1.94901,1156,1156,4104,1,0.952689,1156,1590,11210,38.198,83510,1156,1,1.79731,1.0605,1156,1156,2188,1,1.77949,0.781419,1156,2101,6081
2,114,732091,2459630,1421,356,5748,3.10866,2.83197,1444,-1,ok,0,0,0,0,1443,1,1,2.34381,1425,2004,4364,1,1.54941,1425,3097,12477,1.61394,2801,1421,1,2.07666,1.18241,1425,1629,2427,1,1.76754,0.799084,1425,1921,7092
2,115,398823,391093,624,156,1537,0.888599,0.663761,637,-1,ok,0,0,0,0,636,1,1,0.432227,624,1627,2327,1,0.787803,624,4182,6497,6.23742,30337,624,1,0.329596,0.129952,624,958,1186,1,0.774667,0.326099,624,2245,3295
2,116,1510629,2959878,1054,265,9373,4.77961,1.82926,1065,-1,ok,0,0,0,0,1064,1,1,1.75468,1054,1054,4060,1,0.582398,1054,1054,11650,22.2888,65295,1054,1,1.55028,0.902898,1054,1054,2058,1,1.42344,0.719493,1054,1054,5999
2,117,2096552,3082996,592,149,1798,1.17601,1.6522,593,-1,ok,0,0,0,0,592,1,1,1.3254,592,592,2384,1,0.383177,592,592,7029,0.817758,592,592,1,1.0867,0.678777,592,592,1188,1,1.00785,0.513268,592,592,3528
2,118,773297,2535823,1305,327,1208,0.920091,2.30818,1322,-1,ok,0,0,0,0,1321,1,1,3.1786,1311,3989,4255,1,3.56151,1311,10990,12282,15.0678,27954,1305,1,2.09501,1.08582,1311,2144,2294,1,2.79764,0.799264,1311,5831,6418
2,119,1540653,367496,2008,502,17708,8.75422,2.62763,2015,-1,ok,0,0,0,0,2014,1,1,1.9584,2008,2031,7247,1,1.08485,2008,2109,19783,1.28814,2196,2008,1,1.79866,0.942646,2008,2008,3772,1,2.07539,0.997654,2008,2107,10304
2,120,457915,1822951,1394,350,1257,0.978188,1.99453,1411,-1,ok,0,0,0,0,1410,1,1,1.71764,1394,1514,4879,1,0.825112,1394,1719,13267,0.857142,1394,1394,1,1.63672,0.900472,1394,1437,2610,1,1.8437,0.79774,1394,2006,7207
2,121,2144069,523360,2086,525,20857,9.58315,2.50787,2115,-1,ok,0,0,0,0,2114,1,1,3.47273,2106,6840,7024,1,5.06971,2106,18837,19427,290.476,785226,2086,1,2.44908,1.14631,2106,3705,3767,1,3.73696,1.06335,2106,9920,10190
2,122,1935902,3090329,1268,319,10159,4.93246,1.89148,1279,-1,ok,0,0,0,0,1278,1,1,1.61184,1268,1364,4469,1,0.883163,1268,1613,12289,1.28535,1489,1268,1,1.40799,0.759639,1268,1268,2419,1,1.40542,0.682765,1268,1362,6577
2,123,2854140,1596178,937,235,2978,1.75791,1.61868,942,-1,ok,0,0,0,0,941,1,1,1.45009,937,937,3643,1,0.772514,937,937,10181,1.06256,1482,937,1,1.38248,0.762683,937,937,1845,1,1.28259,0.597936,937,1121,5107
2,124,1967913,1747145,807,202,409,0.321522,0.715346,820,-1,ok,0,0,0,0,819,1,1,0.516015,807,1345,2824,1,0.60452,807,2846,8192,1.9367,7908,807,1,0.468716,0.21942,807,1003,1504,1,0.873711,0.404103,807,1828,4299
2,125,2263205,1655305,838,217,8353,3.33869,1.16545,879,-1,ok,0,0,0,0,878,1,1,0.878903,862,991,2990,1,0.509522,862,1437,8158,0.489133,1240,838,1,0.882358,0.46028,862,907,1588,1,0.912094,0.468114,862,1058,4235
2,126,2506297,1143924,984,248,643,0.644856,1.86041,993,-1,ok,0,0,0,0,992,1,1,1.62516,984,984,3297,1,0.699397,984,1015,8688,3.69895,8287,984,1,1.61195,0.867952,984,984,1798,1,1.32374,0.583068,984,1083,4706
2,127,1448472,1364093,562,142,2206,1.09103,0.860468,569,-1,ok,0,0,0,0,568,1,1,0.599361,562,895,1878,1,0.426437,562,1648,4973,9.40607,34287,562,1,0.536923,0.295242,562,611,928,1,0.600642,0.261669,562,995,2657
2,128,1724010,2154870,1418,360,3796,1.7539,1.43312,1455,-1,ok,0,0,0,0,1454,1,1,1.23513,1438,4181,5140,1,2.26025,1438,11254,14898,49.5844,199433,1418,1,0.932432,0.415075,1438,2357,2674,1,2.02523,0.767303,1438,5970,7689
2,129,840467,2529952,1656,416,5326,3.40886,2.69792,1669,-1,ok,0,0,0,0,1668,1,1,2.41722,1656,2055,4929,1,1.08394,1656,2211,13798,12.7615,49614,1656,1,2.0121,1.06221,1656,2055,3023,1,1.9089,0.799715,1656,2106,7646
2,130,1792217,1212610,345,87,354,0.331018,0.800234,352,-1,ok,0,0,0,0,351,1,1,0.618635,345,721,1355,1,0.524801,345,1716,4009,1.08472,2952,345,1,0.534147,0.299999,345,470,678,1,0.592597,0.269644,345,977,2006
2,131,1328134,3208212,1967,492,18759,8.69728,2.93859,1990,-1,ok,0,0,0,0,1989,1,1,2.44935,1967,2129,7059,1,1.5802,1967,2960,19323,11.2031,39324,1967,1,2.30364,1.25613,1967,1967,3719,1,2.47874,1.19975,1967,2119,10289
2,132,2891864,1675347,959,240,933,0.777252,1.88488,966,-1,ok,0,0,0,0,965,1,1,1.41033,959,968,3385,1,0.573973,959,960,9367,1.21286,2811,959,1,1.34267,0.757866,959,970,1764,1,1.29422,0.601293,959,978,5016
2,133,2410465,2443796,1103,277,4534,1.61767,0.973519,1120,-1,ok,0,0,0,0,1119,1,1,0.675433,1103,2424,4146,1,1.09865,1103,5521,11417,13.0211,59149,1103,1,0.613396,0.248384,1103,1544,2098,1,1.23571,0.484535,1103,3174,5818
2,134,558433,2250280,1093,274,6192,3.5406,2.22802,1098,-1,ok,0,0,0,0,1097,1,1,1.95014,1093,1093,4110,1,1.11378,1093,1853,11856,1.81343,2191,1093,1,1.79045,1.07578,1093,1093,2103,1,1.69015,0.782592,1093,1359,6033
2,135,1187532,720690,1013,254,4184,1.9229,1.10317,1018,-1,ok,0,0,0,0,1017,1,1,1.29561,1013,3496,3643,1,2.02845,1013,8905,9516,30.8904,126857,1013,1,0.959322,0.453227,1013,1813,1835,1,1.65754,0.51418,1013,4815,4947
2,136,2710078,1125700,1258,315,12355,5.86623,2.19645,1263,-1,ok,0,0,0,0,1262,1,1,1.95312,1258,1328,4422,1,1.04344,1258,1803,12100,3.63047,8328,1258,1,1.81015,1.0165,1258,1330,2326,1,1.63419,0.803701,1258,1471,6246
2,137,342829,2650131,1580,397,13260,7.24901,2.99505,1591,-1,ok,0,0,0,0,1590,1,1,2.63967,1580,1580,5652,1,1.49966,1580,1772,15991,52.9443,188923,1580,1,2.53813,1.49218,1580,1580,2970,1,2.16409,1.0968,1580,1581,8335
2,138,381156,591400,523,132,284,0.22528,0.701321,528,-1,ok,0,0,0,0,527,1,1,0.446374,523,1348,1784,1,0.631409,523,2964,4896,2.76418,11973,523,1,0.393015,0.179035,523,796,936,1,0.634946,0.27274,523,1733,2474
2,139,620591,3052362,1412,353,8897,4.13075,3.34049,1419,-1,ok,0,0,0,0,1418,1,1,2.78934,1412,1454,5500,1,1.38176,1412,1555,16338,1.89017,1800,1412,1,2.39598,1.38802,1412,1428,2780,1,2.13066,1.10291,1412,1478,8213
2,140,1838465,1180686,1541,386,1294,0.820202,1.77158,1582,-1,ok,0,0,0,0,1581,1,1,1.67909,1541,4521,5687,1,2.61571,1541,12282,15603,157.465,448735,1541,1,1.38885,0.611041,1541,2560,2974,1,2.26155,0.716307,1541,6565,8373
2,141,2808277,2315654,851,214,2073,1.04655,0.973468,872,-1,ok,0,0,0,0,871,1,1,0.805335,851,1137,3222,1,0.473745,851,1547,9132,2.62943,10053,851,1,0.780728,0.381111,851,961,1632,1,0.933474,0.469046,851,1201,4604
2,142,2598310,2422034,222,56,639,0.284781,0.330258,229,-1,ok,0,0,0,0,228,1,1,0.161181,222,222,892,1,0.130043,222,222,2620,0.137527,222,222,1,0.208499,0.104646,222,222,446,1,0.280415,0.170911,222,222,1332
2,143,2845436,1668194,730,184,496,0.554065,1.40498,749,-1,ok,0,0,0,0,748,1,1,1.7457,736,2319,2684,1,1.89853,736,6051,7377,10.5229,31596,730,1,1.32883,0.716268,736,1260,1391,1,1.56986,0.503621,736,3182,3776
2,144,2382918,526772,1377,344,4903,2.6481,2.84716,1390,-1,ok,0,0,0,0,1389,1,1,2.29251,1377,1377,5006,1,1.0278,1377,1435,14037,24.4078,75408,1377,1,2.05232,1.16857,1377,1379,2583,1,1.82898,0.929708,1377,1403,7283
2,145,1931999,438444,1275,321,6829,3.39447,2.02921,1296,-1,ok,0,0,0,0,1295,1,1,1.89283,1275,1286,4381,1,0.912585,1275,1301,11664,1.20152,1275,1275,1,1.794,0.990621,1275,1286,2302,1,1.5642,0.762084,1275,1343,6053
2,146,2679978,515339,2241,562,54077,29.2704,3.031,2268,-1,ok,0,0,0,0,2267,1,1,3.29915,2247,3613,7806,1,2.38407,2247,6528,21072,4.63698,15905,2241,1,2.76705,1.44383,2247,2847,4123,1,3.06993,1.25721,2247,4532,11281
2,147,2803019,1915102,1793,450,13738,5.79387,1.86049,1826,-1,ok,0,0,0,0,1825,1,1,2.41891,1793,6082,6344,1,4.59986,1793,16878,17808,136.953,368034,1793,1,1.71833,0.714176,1793,3273,3361,1,3.25958,0.878241,1793,8879,9305
2,148,913089,1331566,1323,330,4030,1.9406,1.42183,1336,-1,ok,0,0,0,0,1335,1,1,1.31068,1323,3945,4803,1,2.13268,1323,10468,13640,89.0875,271251,1323,1,1.0829,0.481449,1323,2233,2515,1,1.89194,0.673638,1323,5472,6926
2,149,634343,2276336,1305,328,1332,1.14814,2.39495,1312,-1,ok,0,0,0,0,1311,1,1,1.88724,1305,1305,4527,1,1.00297,1305,1664,12532,1.34178,1305,1305,1,1.79253,1.00298,1305,1305,2425,1,1.78373,0.779035,1305,2098,6607
2,150,1481794,3181212,1228,308,4246,2.30991,2.27274,1245,-1,ok,0,0,0,0,1244,1,1,2.00169,1228,1412,4156,1,1.33261,1228,2803,11000,36.3836,92183,1228,1,1.82755,1.04782,1228,1311,2244,1,1.69483,0.769248,1228,1913,5834
2,151,1474634,422363,1314,329,7544,3.58239,1.63283,1323,-1,ok,0,0,0,0,1322,1,1,1.40516,1314,1314,4822,1,0.725145,1314,1317,13337,2.84832,9827,1314,1,1.44675,0.737267,1314,1314,2462,1,1.46148,0.746706,1314,1338,6894
2,152,1834575,3226322,1174,294,5221,2.69575,1.90641,1189,-1,ok,0,0,0,0,1188,1,1,1.684,1174,1234,3849,1,1.08394,1174,2365,10258,44.4453,122962,1174,1,1.54779,0.879352,1174,1194,2125,1,1.49685,0.673498,1174,1612,5477
2,153,3024705,540222,1863,467,17200,9.17903,2.84677,1872,-1,ok,0,0,0,0,1871,1,1,3.00504,1863,1863,6828,1,1.26127,1863,1863,19210,41.3248,123487,1863,1,2.7487,1.49159,1863,1863,3490,1,2.41588,1.12233,1863,1863,9939
2,154,3044639,2920559,189,48,380,0.221153,0.323654,200,-1,ok,0,0,0,0,199,1,1,0.158125,189,189,747,1,0.068278,189,210,2115,0.13404,189,189,1,0.164738,0.079549,189,189,361,1,0.201137,0.109375,189,208,1045
2,155,1228220,1631674,478,120,1298,0.655714,0.700128,483,-1,ok,0,0,0,0,482,1,1,0.402563,478,478,1683,1,0.265837,478,602,4612,0.296083,480,478,1,0.430765,0.222065,478,478,887,1,0.504292,0.253774,478,598,2405
2,156,1536072,283775,1199,300,5482,2.3222,1.97137,1202,-1,ok,0,0,0,0,1201,1,1,1.95176,1199,1326,4271,1,0.834248,1199,1202,11749,1.81298,4874,1199,1,1.74544,1.0064,1199,1199,2212,1,1.40855,0.714766,1199,1211,6016
2,157,3193672,1640899,1490,373,13122,6.5235,2.4373,1513,-1,ok,0,0,0,0,1512,1,1,2.09193,1490,1503,5243,1,1.13305,1490,2682,14409,2.96778,9740,1490,1,2.16277,1.21186,1490,1490,2765,1,1.79865,0.855228,1490,1851,7696
2,158,1364886,1417986,1253,319,4166,1.89838,1.61942,1288,-1,ok,0,0,0,0,1287,1,1,1.32596,1273,4138,4539,1,2.1558,1273,11397,12760,78.8645,284265,1253,1,0.990781,0.482211,1273,2221,2380,1,1.85197,0.664452,1273,5864,6580
2,159,1323479,1948892,1160,292,2174,1.32515,1.48949,1175,-1,ok,0,0,0,0,1174,1,1,0.963781,1166,1329,3934,1,0.60139,1166,1610,10849,2.65602,9077,1160,1,0.982685,0.493154,1166,1232,2095,1,1.15363,0.562721,1166,1423,5669
2,160,329635,3138202,2157,541,38984,19.375,4.13526,2180,-1,ok,0,0,0,0,2179,1,1,6.00053,2157,7591,7661,1,8.78184,2157,21223,21457,219.034,565662,2157,1,3.8301,1.86366,2157,4008,4026,1,5.88608,1.43503,2157,11155,11255
2,161,2199138,2165892,958,241,2078,1.15287,0.90496,969,-1,ok,0,0,0,0,968,1,1,0.723572,960,2989,3635,1,1.61918,960,8378,10222,15.4789,73053,958,1,0.569394,0.249395,960,1649,1857,1,1.44442,0.568442,960,4443,5253
2,162,2332432,2665491,284,72,731,0.423571,0.584103,295,-1,ok,0,0,0,0,294,1,1,0.49734,284,486,1088,1,0.280454,284,952,3165,1.92896,6170,284,1,0.367448,0.217226,284,348,552,1,0.402861,0.201496,284,578,1580
2,163,2554867,820141,1438,361,11205,5.2627,2.27107,1451,-1,ok,0,0,0,0,1450,1,1,2.1632,1438,1438,4822,1,0.981053,1438,1533,12823,2.38554,5278,1438,1,2.15633,1.11744,1438,1438,2603,1,1.82566,0.839167,1438,1537,6942
2,164,816636,1589983,1083,272,3422,1.72446,1.42172,1092,-1,ok,0,0,0,0,1091,1,1,0.930808,1083,1083,3306,1,0.611613,1083,1330,9335,0.680842,1377,1083,1,0.9579,0.526684,1083,1083,1847,1,1.08931,0.51935,1083,1316,4983
2,165,2144577,2486159,628,158,1691,0.98442,0.790166,653,-1,ok,0,0,0,0,652,1,1,0.772343,628,1610,2249,1,0.907345,628,3693,6072,8.28783,37091,628,1,0.563332,0.276216,628,942,1153,1,0.851651,0.338693,628,2020,3087
2,166,2257019,735014,1996,505,18358,8.93694,2.71455,2037,-1,ok,0,0,0,0,2036,1,1,3.40616,2006,6382,6758,1,4.58915,2006,17129,18409,203.906,639164,1996,1,2.45736,1.20127,2006,3489,3631,1,3.72406,1.06665,2006,9301,9955
2,167,2095650,935010,1005,257,5706,2.89306,1.70026,1040,-1,ok,0,0,0,0,1039,1,1,1.95585,1027,2814,3022,1,2.1074,1027,7750,8656,3.41452,14265,1005,1,1.45579,0.757595,1027,1630,1708,1,1.79956,0.538397,1027,4171,4634
2,168,312457,989659,778,195,587,0.442416,1.41852,789,-1,ok,0,0,0,0,788,1,1,1.02046,778,975,2289,1,0.448218,778,1101,5510,1.56243,3848,778,1,0.894903,0.472824,778,823,1318,1,0.776491,0.327873,778,822,3187
2,169,2882141,1067685,1170,293,1515,1.29166,2.43623,1183,-1,ok,0,0,0,0,1182,1,1,2.55256,1170,2410,4411,1,1.50037,1170,3962,12562,15.4493,53399,1170,1,2.0423,1.13989,1170,1771,2260,1,1.92042,0.81912,1170,2681,6490
2,170,1662824,2681105,1085,273,5289,2.64523,1.55247,1108,-1,ok,0,0,0,0,1107,1,1,1.27942,1085,1120,3858,1,0.582768,1085,1326,10700,5.12631,21575,1085,1,1.22368,0.673678,1085,1085,2042,1,1.21817,0.613326,1085,1165,5516
2,171,1703180,546367,1232,308,1305,0.810904,1.66122,1249,-1,ok,0,0,0,0,1248,1,1,1.4806,1232,1246,4298,1,0.782371,1232,1273,11547,3.64018,9405,1232,1,1.4084,0.760972,1232,1238,2243,1,1.32827,0.672984,1232,1247,5865
2,172,2090483,588991,1314,329,10210,5.20787,2.23653,1341,-1,ok,0,0,0,0,1340,1,1,1.965,1314,1522,4449,1,0.947851,1314,2114,13012,3.99582,13362,1314,1,1.8008,1.03574,1314,1388,2343,1,1.81116,0.786911,1314,1683,6814
2,173,2669970,1153251,1524,381,14538,6.75384,2.14279,1537,-1,ok,0,0,0,0,1536,1,1,2.00829,1524,1740,4367,1,1.03829,1524,2421,12408,1.31261,2581,1524,1,1.80344,1.00702,1524,1524,2500,1,1.58629,0.744861,1524,1580,6744
2,174,2801102,1556461,1651,414,33378,15.2399,2.0038,1676,-1,ok,0,0,0,0,1675,1,1,1.72858,1651,1968,5945,1,1.06593,1651,2862,16401,12.1862,33732,1651,1,1.78869,0.867129,1651,1764,3080,1,1.77259,0.867309,1651,1796,8441
2,175,2862760,2446461,730,184,6769,2.71763,0.881306,745,-1,ok,0,0,0,0,744,1,1,0.577318,730,798,2743,1,0.352041,730,827,7415,0.697031,2114,730,1,0.571238,0.287387,730,730,1384,1,0.754591,0.387144,730,798,3946
2,176,1728209,2803901,1739,435,9979,3.9838,2.16995,1750,-1,ok,0,0,0,0,1749,1,1,2.58665,1739,5868,6483,1,4.23797,1739,15207,17446,71.0767,205878,1739,1,1.82546,0.812909,1739,3106,3315,1,3.17077,0.919379,1739,8132,9139
2,177,330269,1345015,1018,256,9809,5.56623,1.61304,1037,-1,ok,0,0,0,0,1036,1,1,1.35952,1018,1018,3625,1,0.681063,1018,1165,10323,2.29011,5477,1018,1,1.23507,0.674592,1018,1018,1924,1,1.22927,0.593008,1018,1128,5442
2,178,3017924,2896984,407,103,607,0.313977,0.349533,410,-1,ok,0,0,0,0,409,1,1,0.226423,407,407,1577,1,0.149139,407,421,4420,2.02189,9887,407,1,0.250878,0.121285,407,407,791,1,0.375933,0.20919,407,423,2200
2,179,910292,1126401,229,58,110,0.113973,0.34262,232,-1,ok,0,0,0,0,231,1,1,0.246942,229,229,826,1,0.150963,229,229,2424,0.197119,329,229,1,0.222205,0.108212,229,229,422,1,0.245188,0.134442,229,229,1234
2,180,2006593,1670863,1240,310,3628,1.81582,1.08751,1257,-1,ok,0,0,0,0,1256,1,1,0.673339,1240,1747,4598,1,0.836723,1240,3372,13369,4.44811,18067,1240,1,0.718883,0.316352,1240,1604,2388,1,1.31783,0.644595,1240,2462,6847
2,181,2078347,3155254,1385,348,3128,1.61729,2.83236,1402,-1,ok,0,0,0,0,1401,1,1,2.30549,1385,2784,4981,1,1.55778,1385,6417,14434,151.651,376164,1385,1,1.73749,0.98291,1385,1901,2632,1,2.03202,0.912013,1385,3804,7441
2,182,2709648,2878665,277,70,762,0.39349,0.365483,282,-1,ok,0,0,0,0,281,1,1,0.193397,277,277,1030,1,0.121085,277,314,3018,0.141154,314,277,1,0.187281,0.095088,277,277,554,1,0.276089,0.152138,277,277,1650
2,183,460429,2828556,1989,498,21559,11.8195,3.1959,2010,-1,ok,0,0,0,0,2009,1,1,2.95421,1989,2346,6973,1,2.03306,1989,3862,19236,4.29625,8183,1989,1,2.66255,1.45283,1989,2099,3647,1,2.61965,1.15447,1989,2506,10006
2,184,909956,1352984,474,119,1043,0.56724,0.724685,477,-1,ok,0,0,0,0,476,1,1,0.42211,474,474,1538,1,0.258472,474,632,4348,4.11457,19392,474,1,0.405819,0.201026,474,474,842,1,0.50261,0.259285,474,491,2421
2,185,2598310,614849,1241,311,3568,1.90361,2.41911,1262,-1,ok,0,0,0,0,1261,1,1,2.45209,1241,1457,4203,1,1.0247,1241,1922,11728,1.46486,1243,1241,1,2.09167,1.2113,1241,1241,2260,1,1.65444,0.81915,1241,1259,5943
2,186,1732162,381072,1507,377,9393,4.44791,1.90887,1512,-1,ok,0,0,0,0,1511,1,1,2.70452,1507,4529,5105,1,3.3916,1507,11736,13615,165.491,461122,1507,1,1.97598,0.948422,1507,2494,2684,1,2.65223,0.796659,1507,6148,6982
2,187,2864255,987151,1339,339,5843,3.08743,2.21184,1370,-1,ok,0,0,0,0,1369,1,1,2.45663,1359,2439,3933,1,2.29613,1359,6247,11712,3.85849,11474,1339,1,2.06495,1.11733,1359,1749,2239,1,2.24166,0.791749,1359,3694,6234
2,188,613280,1998545,1505,377,18979,10.2089,2.14729,1516,-1,ok,0,0,0,0,1515,1,1,1.82668,1505,1806,5051,1,1.13475,1505,2457,13595,8.09017,27552,1505,1,1.73719,0.952309,1505,1606,2692,1,1.74906,0.799884,1505,2066,7349
2,189,769257,2619619,1324,332,13167,6.34185,2.9422,1337,-1,ok,0,0,0,0,1336,1,1,2.34743,1324,2193,5109,1,1.78794,1324,4227,14578,11.1126,33516,1324,1,1.95245,1.12533,1324,1595,2566,1,1.94735,0.932894,1324,2573,7252
2,190,1700379,924636,488,124,1380,0.861838,1.03185,497,-1,ok,0,0,0,0,496,1,1,0.71196,488,488,1930,1,0.283919,488,488,5581,1.19361,2717,488,1,0.717039,0.383677,488,488,964,1,0.664001,0.34721,488,488,2803
2,191,489236,2011181,1701,427,19573,9.64673,2.33724,1718,-1,ok,0,0,0,0,1717,1,1,1.96875,1701,1999,6113,1,1.38302,1701,3108,16855,7.96017,29617,1701,1,1.93872,1.03566,1701,1802,3129,1,2.05358,0.970843,1701,2304,8656
2,192,1225462,1170705,1015,254,1864,0.97409,1.01624,1018,-1,ok,0,0,0,0,1017,1,1,0.710949,1015,1771,3546,1,0.821143,1015,3852,10079,10.7443,50850,1015,1,0.663389,0.293558,1015,1289,1799,1,1.07614,0.466823,1015,2407,5119
2,193,1873151,1744747,675,170,1042,0.429652,0.605681,684,-1,ok,0,0,0,0,683,1,1,0.314557,675,675,2582,1,0.241511,675,778,7367,3.25056,15703,675,1,0.346447,0.151703,675,675,1306,1,0.616001,0.350555,675,777,3750
2,194,2468599,2302602,643,161,1778,0.802249,0.663859,662,-1,ok,0,0,0,0,661,1,1,0.591835,643,1425,2164,1,0.649464,643,3184,5482,13.1207,59069,643,1,0.477843,0.243445,643,925,1124,1,0.724373,0.281556,643,1862,2935
2,195,2943977,2062115,628,157,2789,1.21118,1.32899,639,-1,ok,0,0,0,0,638,1,1,1.03815,628,687,2355,1,0.444843,628,773,6759,1.44959,2590,628,1,1.01564,0.522526,628,628,1223,1,0.865798,0.412932,628,691,3545
2,196,587996,382135,775,195,1325,0.653071,0.68594,782,-1,ok,0,0,0,0,781,1,1,0.451133,775,775,2857,1,0.272349,775,775,7857,5.1698,25018,775,1,0.441544,0.201085,775,775,1455,1,0.688928,0.359221,775,858,4056
2,197,1795388,2559139,975,244,2313,1.23386,1.52815,980,-1,ok,0,0,0,0,979,1,1,1.03007,975,975,3387,1,0.52959,975,1167,9091,0.615561,975,975,1,0.977807,0.539107,975,975,1802,1,1.01119,0.49269,975,1107,4953
2,198,430706,1816036,1949,489,1662,1.10874,2.65812,1978,-1,ok,0,0,0,0,1977,1,1,3.31242,1949,6946,7060,1,5.34897,1949,19311,19669,265.731,727212,1949,1,2.23871,1.0031,1949,3635,3667,1,3.75582,1.05013,1949,10026,10171
2,199,2709791,743716,1567,392,24672,12.0984,2.43188,1576,-1,ok,0,0,0,0,1575,1,1,2.45157,1567,1568,5741,1,1.53503,1567,2668,16532,24.1053,74094,1567,1,2.27654,1.27055,1567,1568,2943,1,2.15655,1.02902,1567,1568,8611
2,200,2317486,1682523,790,198,889,0.57812,1.10668,811,-1,ok,0,0,0,0,810,1,1,0.807198,790,924,2632,1,0.484786,790,1441,6939,1.72297,7120,790,1,0.827446,0.430083,790,920,1400,1,0.835531,0.381944,790,1194,3661
2,201,848074,2660956,1289,324,9668,4.28697,2.12446,1306,-1,ok,0,0,0,0,1305,1,1,1.97564,1289,1289,4282,1,0.880965,1289,1423,12209,13.3146,41549,1289,1,1.93893,1.06892,1289,1289,2320,1,1.67974,0.793372,1289,1575,6574
2,202,2051630,2425358,880,221,3528,1.65278,0.902486,897,-1,ok,0,0,0,0,896,1,1,0.553154,880,880,3405,1,0.377475,880,959,9475,2.73712,12520,880,1,0.610361,0.309559,880,880,1715,1,0.890194,0.488944,880,913,4822
2,203,2138232,3170486,1784,448,16365,7.93676,2.31944,1801,-1,ok,0,0,0,0,1800,1,1,1.9227,1784,2183,6133,1,1.19577,1784,3237,17156,32.1156,104969,1784,1,1.8103,0.975463,1784,1917,3339,1,1.98496,0.924797,1784,2461,9095
2,204,1443071,807450,574,144,997,0.653491,0.935638,579,-1,ok,0,0,0,0,578,1,1,0.813039,574,574,2083,1,0.34788,574,670,5532,0.817677,1132,574,1,0.714506,0.392745,574,574,1099,1,0.660675,0.321842,574,647,2975
2,205,1144422,3049691,2080,525,16364,7.30992,3.39532,2135,-1,ok,0,0,0,0,2134,1,1,4.14148,2100,5965,6668,1,4.49314,2100,15753,17967,232.674,753132,2080,1,3.06638,1.60379,2100,3418,3645,1,3.64231,1.09041,2100,8549,9528
2,206,377442,2376747,1648,413,6756,4.02278,2.92034,1655,-1,ok,0,0,0,0,1654,1,1,2.84815,1648,2017,5031,1,1.48673,1648,3359,13861,5.83471,15424,1648,1,2.39176,1.42464,1648,1778,2813,1,2.08686,0.954663,1648,2393,7381
2,207,1401797,2931005,1642,416,8509,4.68077,2.51768,1689,-1,ok,0,0,0,0,1688,1,1,2.07503,1662,2088,5369,1,1.41243,1662,3571,14503,1.03523,1642,1642,1,1.89824,1.04733,1662,1812,2977,1,1.89067,0.83553,1662,2589,7800
2,208,2488208,1785008,991,249,948,0.578641,1.23702,1004,-1,ok,0,0,0,0,1003,1,1,0.949964,991,1022,3412,1,0.531043,991,1254,9247,0.614859,1460,991,1,0.964282,0.474406,991,994,1800,1,0.986893,0.483062,991,1033,4786
2,209,2517430,2632913,587,148,2218,1.00082,0.837073,602,-1,ok,0,0,0,0,601,1,1,0.682766,587,1263,2111,1,0.642479,587,2971,5771,13.8808,55759,587,1,0.541433,0.286506,587,813,1121,1,0.714575,0.311912,587,1749,3071
2,210,1804529,2670473,625,157,913,0.474536,1.40842,632,-1,ok,0,0,0,0,631,1,1,1.01645,625,625,2286,1,0.373768,625,727,6306,0.535501,814,625,1,0.950686,0.561299,625,625,1188,1,0.856109,0.443188,625,685,3270
2,211,792304,2700845,1601,401,15626,6.92072,2.71073,1602,-1,ok,0,0,0,0,1601,1,1,2.39395,1601,1601,5971,1,1.02203,1601,1601,17448,4.87245,14838,1601,1,2.11851,1.20185,1601,1601,3072,1,2.17382,1.0674,1601,2104,9011
2,212,292558,448522,757,190,2592,1.34154,0.767053,774,-1,ok,0,0,0,0,773,1,1,0.599991,757,1660,2849,1,0.84047,757,3836,8179,4.12241,20443,757,1,0.436364,0.195365,757,1045,1442,1,0.902977,0.390279,757,2131,4095
2,213,2987559,1182868,2093,523,2758,1.88792,2.86176,2110,-1,ok,0,0,0,0,2109,1,1,2.63246,2093,2164,7318,1,1.54899,2093,3045,19863,6.23181,20670,2093,1,2.34663,1.21789,2093,2166,3875,1,2.4793,1.14569,2093,2826,10574
2,214,3031564,1350417,1027,258,4303,2.35898,2.16001,1038,-1,ok,0,0,0,0,1037,1,1,3.17693,1027,3446,3860,1,4.03006,1027,9778,10981,24.7249,53496,1027,1,2.05755,1.04702,1027,1840,1933,1,2.80158,0.782042,1027,5012,5524
2,215,3155823,373649,2172,551,28231,13.4854,3.63579,2225,-1,ok,0,0,0,0,2224,1,1,3.70827,2202,3023,7608,1,2.22802,2202,5011,20395,12.3367,37219,2172,1,3.27648,1.71561,2202,2489,4012,1,3.01131,1.356,2202,3187,10697
2,216,371781,1935939,921,233,2987,1.9434,2.49413,940,-1,ok,0,0,0,0,939,1,1,2.46321,921,2862,3593,1,2.52163,921,5785,10657,9.41231,28771,921,1,1.79794,1.02811,921,1570,1813,1,2.53177,0.81934,921,4158,5357
2,217,2855984,2571946,520,130,4103,1.69195,0.598468,521,-1,ok,0,0,0,0,520,1,1,0.443007,520,520,2028,1,0.235079,520,620,5894,0.270235,520,520,1,0.478764,0.214641,520,520,1044,1,0.554966,0.310089,520,634,2994
2,218,465556,3102078,1943,487,25352,14.0062,3.25719,1952,-1,ok,0,0,0,0,1951,1,1,3.10906,1943,1943,6477,1,1.77207,1943,2736,18240,1.56663,2235,1943,1,2.82334,1.61697,1943,1943,3516,1,2.57365,1.20268,1943,2179,9576
2,219,3106562,1461822,2273,570,34875,16.7391,2.84007,2296,-1,ok,0,0,0,0,2295,1,1,3.91785,2273,7960,8125,1,5.91677,2273,21485,22062,298.991,900726,2273,1,2.79136,1.22175,2273,4244,4287,1,4.64316,1.25892,2273,11537,11762
2,220,2389443,1100586,779,196,2940,1.74778,1.55417,796,-1,ok,0,0,0,0,795,1,1,1.8898,779,2427,2982,1,2.31548,779,5922,8633,8.47973,30377,779,1,1.52733,0.817426,779,1434,1531,1,2.05729,0.653179,779,3804,4402
2,221,1209891,3199598,1812,454,30119,14.733,2.73646,1827,-1,ok,0,0,0,0,1826,1,1,2.3785,1812,1812,6131,1,1.54486,1812,3037,16389,6.276,13983,1812,1,2.28607,1.28059,1812,1821,3308,1,2.21686,1.04265,1812,2154,8718
2,222,1628263,3038908,1441,359,5578,3.2162,2.06129,1454,-1,ok,0,0,0,0,1453,1,1,2.55126,1441,4079,4717,1,3.09525,1441,10324,12292,152.331,488535,1441,1,1.96633,0.965765,1441,2319,2527,1,2.50008,0.721959,1441,5610,6482
2,223,996318,538495,877,221,4150,2.07753,1.04288,892,-1,ok,0,0,0,0,891,1,1,0.767653,877,973,3294,1,0.470759,877,1105,9555,0.567589,877,877,1,0.721006,0.379509,877,877,1719,1,0.933314,0.47633,877,999,5119
2,224,2666230,1916875,1680,422,7973,3.13378,1.66646,1711,-1,ok,0,0,0,0,1710,1,1,2.20889,1680,5704,5896,1,4.11887,1680,15810,16478,110.738,339882,1680,1,1.5212,0.646378,1680,3071,3133,1,2.91439,0.796448,1680,8325,8621
2,225,1214391,1343195,898,226,3394,1.6448,0.841893,911,-1,ok,0,0,0,0,910,1,1,0.419564,900,941,3418,1,0.46601,900,1653,9648,5.08094,21905,898,1,0.450081,0.192859,900,925,1757,1,0.784155,0.427729,900,1003,4881
2,226,650861,1693026,614,155,225,0.401129,1.32403,627,-1,ok,0,0,0,0,626,1,1,1.15419,614,614,2139,1,0.429954,614,617,6454,0.953812,614,614,1,0.994317,0.599901,614,614,1122,1,0.833628,0.419524,614,615,3346
2,227,1007288,1215730,474,120,1109,0.433188,0.403073,485,-1,ok,0,0,0,0,484,1,1,0.264825,474,474,1831,1,0.197838,474,474,5159,1.89221,9166,474,1,0.278992,0.131076,474,474,878,1,0.495746,0.248755,474,552,2559
2,228,2161129,565602,1613,405,12501,6.3438,2.26081,1624,-1,ok,0,0,0,0,1623,1,1,2.15253,1613,1683,5788,1,1.13284,1613,2160,16183,1.63216,2367,1613,1,2.00293,1.10769,1613,1685,3036,1,2.20116,0.988118,1613,1826,8385
2,229,2785103,1597956,1513,380,4485,2.29175,1.84823,1546,-1,ok,0,0,0,0,1545,1,1,1.61672,1513,1650,5129,1,0.941568,1513,2271,13639,2.03251,6665,1513,1,1.58653,0.807328,1513,1643,2677,1,1.60506,0.720296,1513,2015,7115
2,230,1392321,355276,821,206,6021,3.1303,1.35667,828,-1,ok,0,0,0,0,827,1,1,1.40506,821,917,2879,1,0.544247,821,821,7813,0.705929,857,821,1,1.17118,0.669621,821,821,1546,1,1.02204,0.497649,821,821,4344
2,231,2051789,1806580,591,147,1103,0.595192,0.862712,592,-1,ok,0,0,0,0,591,1,1,0.636749,591,1421,2206,1,0.792411,591,3294,6139,4.75295,21480,591,1,0.505423,0.254105,591,869,1131,1,0.811556,0.315269,591,1885,3187
2,232,1102446,3057237,1135,286,2713,1.8399,2.22966,1148,-1,ok,0,0,0,0,1147,1,1,2.24991,1135,1798,4349,1,1.59135,1135,3937,12524,4.62134,13027,1135,1,1.9171,1.1254,1135,1346,2201,1,2.04305,0.970033,1135,2722,6328
2,233,2397085,1013039,923,231,3872,2.01185,1.83804,930,-1,ok,0,0,0,0,929,1,1,1.81648,923,923,3543,1,1.01455,923,1521,10269,5.22244,14385,923,1,1.52136,0.858574,923,923,1809,1,1.25997,0.648472,923,944,5288
2,234,1287529,1866275,1267,318,1681,0.85125,1.37861,1278,-1,ok,0,0,0,0,1277,1,1,0.903016,1267,1387,4374,1,0.576837,1267,1576,12061,4.0963,19969,1267,1,0.938904,0.46561,1267,1310,2325,1,1.21752,0.606994,1267,1437,6341
2,235,1687683,418136,1252,313,15357,7.97018,1.83299,1255,-1,ok,0,0,0,0,1254,1,1,1.65405,1252,1348,4159,1,0.832595,1252,1306,11303,20.4081,65454,1252,1,1.53088,0.836683,1252,1252,2254,1,1.43848,0.709636,1252,1292,6258
2,236,2722809,932643,2100,526,38256,18.702,2.62796,2115,-1,ok,0,0,0,0,2114,1,1,2.63668,2100,2567,7483,1,1.74718,2100,3924,20551,8.50835,31293,2100,1,2.39815,1.24563,2100,2301,3970,1,2.62376,1.19858,2100,2882,10751
2,237,2665523,3047256,1417,356,5060,2.54979,2.34686,1428,-1,ok,0,0,0,0,1427,1,1,2.2721,1417,3199,5230,1,1.79464,1417,7601,15004,128.005,291273,1417,1,1.87203,1.06974,1417,2082,2755,1,2.03355,0.932832,1417,4276,7623
2,238,1923409,2905912,843,211,2686,1.60764,1.28368,852,-1,ok,0,0,0,0,851,1,1,1.17989,843,878,2812,1,0.591194,843,955,7641,3.2521,12908,843,1,1.07034,0.611863,843,843,1507,1,0.938293,0.461542,843,877,4048
2,239,875283,1311303,664,167,1820,0.829721,0.846542,683,-1,ok,0,0,0,0,682,1,1,0.723562,664,1163,2390,1,0.766402,664,2917,6537,8.32146,37825,664,1,0.601865,0.297968,664,845,1250,1,0.882529,0.357608,664,1857,3370
2,240,2918198,639738,1606,407,8815,4.30838,2.59194,1641,-1,ok,0,0,0,0,1640,1,1,3.0846,1626,2961,5011,1,2.76936,1626,7422,14777,2.62494,3865,1606,1,2.60813,1.36024,1626,2095,2769,1,2.66749,0.963369,1626,4360,7766
2,241,1337751,1159597,145,37,305,0.206065,0.301563,152,-1,ok,0,0,0,0,151,1,1,0.151933,145,145,564,1,0.059721,145,145,1634,0.10257,145,145,1,0.152786,0.086442,145,145,284,1,0.170118,0.101599,145,145,823
2,242,1804529,3222731,986,248,3181,1.86861,1.98393,1011,-1,ok,0,0,0,0,1010,1,1,1.76378,986,1495,3848,1,1.36267,986,2621,11066,17.0101,52110,986,1,1.51775,0.879393,986,986,1914,1,1.53482,0.670722,986,1660,5578
2,243,2545706,1651771,1162,291,11001,5.24872,1.46002,1183,-1,ok,0,0,0,0,1182,1,1,1.17823,1162,1209,4012,1,0.642651,1162,1593,10827,1.71745,5020,1162,1,1.23494,0.618987,1162,1183,2117,1,1.17031,0.551782,1162,1269,5633
2,244,807710,2239366,1940,490,25202,13.1846,2.25392,1965,-1,ok,0,0,0,0,1964,1,1,2.47657,1960,4606,5944,1,3.29636,1960,11943,16871,29.7191,116749,1940,1,2.01558,0.988356,1960,2869,3316,1,2.92972,0.928214,1960,6732,9046
2,245,3201629,632825,1631,409,2054,1.83025,2.95169,1650,-1,ok,0,0,0,0,1649,1,1,4.48622,1637,5424,5634,1,5.55529,1637,13762,15773,11.8846,38880,1631,1,3.31574,1.60943,1637,3087,3147,1,4.5565,1.09724,1637,8119,8446
2,246,2019093,3174345,1036,260,4344,2.45355,1.82751,1049,-1,ok,0,0,0,0,1048,1,1,1.50877,1036,1286,3659,1,0.816605,1036,1911,10280,2.42975,9263,1036,1,1.33991,0.766763,1036,1138,1902,1,1.30458,0.62586,1036,1514,5324
2,247,2955346,1703765,1276,320,11481,6.12484,1.96811,1287,-1,ok,0,0,0,0,1286,1,1,1.78212,1276,1450,4687,1,0.982656,1276,2036,13219,4.61769,12131,1276,1,1.5589,0.873291,1276,1276,2442,1,1.6076,0.816555,1276,1563,6873
2,248,541380,1361733,957,239,3015,1.77771,1.26488,960,-1,ok,0,0,0,0,959,1,1,1.17988,957,1122,3386,1,0.777372,957,2071,9406,5.03709,21833,957,1,1.04011,0.594951,957,1012,1745,1,1.12555,0.545189,957,1417,4873
2,249,3113781,786831,2642,662,47398,21.0225,3.76844,2653,-1,ok,0,0,0,0,2652,1,1,3.42244,2642,2712,9393,1,1.73604,2642,3187,25740,27.5248,107553,2642,1,3.32511,1.82157,2642,2714,4981,1,3.20062,1.50735,2642,2855,13596
2,250,726020,696308,1081,271,11229,4.34509,1.07845,1094,-1,ok,0,0,0,0,1093,1,1,0.812778,1081,2286,4061,1,1.1144,1081,5332,11199,12.0855,50498,1081,1,0.622803,0.296814,1081,1454,2030,1,1.21167,0.506426,1081,2963,5707
2,251,553589,2992564,1414,354,4857,3.56928,3.32166,1439,-1,ok,0,0,0,0,1438,1,1,3.51015,1420,3632,5311,1,3.25797,1420,9534,15543,17.4432,42836,1414,1,2.71577,1.50717,1420,2166,2739,1,2.83957,1.12182,1420,5155,7904
2,252,1843611,2188440,1312,330,4439,2.06595,1.4372,1331,-1,ok,0,0,0,0,1330,1,1,0.893761,1312,1690,4537,1,0.702913,1312,2590,12261,9.22215,39358,1312,1,0.899429,0.462002,1312,1444,2367,1,1.20868,0.599571,1312,1913,6445
2,253,334027,2354825,1725,436,3604,2.32978,2.79065,1752,-1,ok,0,0,0,0,1751,1,1,3.36522,1745,4963,5815,1,3.9894,1745,12767,16019,3.99391,8592,1725,1,2.62937,1.32733,1745,2852,3138,1,3.23659,1.00611,1745,6911,8456
2,254,2138232,528223,1703,431,14817,7.72205,2.56422,1736,-1,ok,0,0,0,0,1735,1,1,2.3532,1713,2420,6206,1,1.81602,1713,4749,17346,14.1092,55690,1703,1,2.09867,1.12944,1713,2126,3150,1,2.33973,1.07391,1713,3285,8924
2,255,2920261,1514740,1066,268,6775,3.32073,1.87934,1085,-1,ok,0,0,0,0,1084,1,1,2.75728,1066,3227,3552,1,3.09194,1066,8777,9913,41.8169,142742,1066,1,1.77991,0.873742,1066,1818,1924,1,2.43315,0.638222,1066,5006,5230
2,256,1963166,1687516,403,101,1219,0.624176,0.611552,408,-1,ok,0,0,0,0,407,1,1,0.326429,403,408,1506,1,0.227305,403,404,4336,0.349883,870,403,1,0.339514,0.168936,403,410,782,1,0.451304,0.263663,403,421,2208
2,257,610635,2538272,1234,309,6560,3.79328,2.70937,1247,-1,ok,0,0,0,0,1246,1,1,2.52805,1234,1522,4579,1,1.44118,1234,2718,13049,4.15718,10127,1234,1,2.04117,1.19719,1234,1234,2365,1,2.04383,0.863954,1234,1946,6716
2,258,2978886,649484,1616,404,7981,4.8415,3.23362,1627,-1,ok,0,0,0,0,1626,1,1,4.44204,1616,5669,6020,1,5.97753,1616,15748,17090,78.603,185927,1616,1,3.03773,1.57656,1616,2982,3097,1,4.30961,1.19598,1616,8305,8882
2,259,769160,1514768,962,243,2947,1.64782,1.35004,981,-1,ok,0,0,0,0,980,1,1,1.11118,962,1618,3414,1,0.928465,962,3082,9216,7.71631,34250,962,1,0.984429,0.555478,962,1216,1813,1,1.18954,0.56201,962,2002,4704
2,260,3115044,1697807,1444,362,9191,5.67174,2.20006,1457,-1,ok,0,0,0,0,1456,1,1,1.94657,1444,1541,5370,1,1.05726,1444,1789,15278,1.54184,2358,1444,1,1.76198,0.988507,1444,1477,2767,1,1.77734,0.94238,1444,1606,7899
2,261,1835879,2014773,1360,340,5936,2.7216,1.32602,1403,-1,ok,0,0,0,0,1402,1,1,0.804102,1360,2203,5074,1,0.906243,1360,4146,14479,18.3589,82259,1360,1,0.805656,0.364231,1360,1669,2591,1,1.39095,0.692954,1360,2787,7457
2,262,1550309,1217369,267,68,380,0.318515,0.565407,272,-1,ok,0,0,0,0,271,1,1,0.525542,267,631,1075,1,0.425795,267,1565,3113,1.65762,4790,267,1,0.409826,0.249176,267,385,529,1,0.416427,0.189434,267,845,1533
2,263,1455274,2689959,801,201,2022,1.29427,1.55631,812,-1,ok,0,0,0,0,811,1,1,1.34424,801,806,2731,1,0.664301,801,823,7507,0.9202,831,801,1,1.30727,0.772143,801,801,1473,1,1.06197,0.475709,801,805,3890
2,264,1863586,2791354,1283,322,8567,4.18989,1.70248,1302,-1,ok,0,0,0,0,1301,1,1,1.31584,1283,1283,4441,1,0.606533,1283,1312,12039,27.5656,109590,1283,1,1.21612,0.676263,1283,1283,2289,1,1.2936,0.638113,1283,1316,6449
2,265,1878699,2430675,931,234,2802,1.46535,1.20948,948,-1,ok,0,0,0,0,947,1,1,0.731687,931,931,3387,1,0.383827,931,931,9619,2.6755,11881,931,1,0.797721,0.420986,931,931,1753,1,0.939705,0.511245,931,931,4900
2,266,1109092,2589721,1865,467,14905,7.79127,2.85907,1884,-1,ok,0,0,0,0,1883,1,1,3.16506,1865,6181,6425,1,4.47423,1865,15830,17246,197.982,563016,1865,1,2.19726,1.01464,1865,3303,3379,1,3.56001,0.949282,1865,8943,9323
2,267,2786859,1809984,1068,269,5340,2.7158,1.4896,1093,-1,ok,0,0,0,0,1092,1,1,1.26193,1068,1169,3810,1,0.641448,1068,1530,10477,5.80342,13936,1068,1,1.23668,0.670554,1068,1115,1981,1,1.27072,0.623444,1068,1148,5395
2,268,2948186,2866807,424,107,1152,0.516465,0.430274,431,-1,ok,0,0,0,0,430,1,1,0.182441,424,424,1712,1,0.174437,424,424,5152,0.152835,424,424,1,0.193231,0.085289,424,424,852,1,0.432958,0.258082,424,424,2560
2,269,837275,3217710,2157,540,44860,19.8651,3.22366,2168,-1,ok,0,0,0,0,2167,1,1,2.85179,2157,2253,7556,1,1.58203,2157,2494,21115,2.54384,4785,2157,1,2.69121,1.43284,2157,2297,4073,1,2.7877,1.29457,2157,2787,11297
2,270,1633134,3007164,1393,350,12096,5.92196,1.96398,1418,-1,ok,0,0,0,0,1417,1,1,1.80597,1393,1489,4681,1,0.935658,1393,1738,12638,0.730834,2433,1393,1,1.61359,0.885283,1393,1393,2574,1,1.56754,0.741847,1393,1520,6964
2,271,3177553,363823,1951,489,15473,7.88076,3.27627,1964,-1,ok,0,0,0,0,1963,1,1,4.1959,1951,4487,6921,1,4.68543,1951,10855,19265,77.2363,213424,1951,1,3.31868,1.74395,1951,2817,3586,1,3.91432,1.27175,1951,5999,9858
2,272,1545611,2173818,374,94,517,0.477581,1.00533,383,-1,ok,0,0,0,0,382,1,1,0.639745,374,411,1466,1,0.225371,374,477,4315,0.541753,672,374,1,0.52971,0.294671,374,385,730,1,0.546942,0.297596,374,421,2152
2,273,2234670,1030403,742,187,1700,1.21169,1.41672,755,-1,ok,0,0,0,0,754,1,1,1.728,742,2162,2776,1,1.71764,742,5023,7947,5.93926,21480,742,1,1.42036,0.756844,742,1322,1441,1,1.80484,0.605951,742,3185,4069
2,274,1061263,517752,391,100,996,0.627553,0.734172,404,-1,ok,0,0,0,0,403,1,1,0.694897,391,391,1410,1,0.228787,391,391,4088,0.462505,391,391,1,0.646959,0.352087,391,391,724,1,0.585193,0.288719,391,391,2088
2,275,2611184,1093057,1834,460,23347,11.3104,2.46358,1851,-1,ok,0,0,0,0,1850,1,1,2.41421,1834,2280,6326,1,1.64937,1834,3739,17219,6.09036,23458,1834,1,2.18296,1.14391,1834,2026,3403,1,2.37016,1.11504,1834,2651,9064
2,276,1860944,3238002,887,224,683,0.644915,2.26241,900,-1,ok,0,0,0,0,899,1,1,1.71628,887,1146,3029,1,0.86176,887,1718,7947,2.67146,7360,887,1,1.54427,0.859556,887,975,1371,1,1.17199,0.571228,887,1288,3939
2,277,2169703,1399028,791,198,2016,1.21327,1.11992,806,-1,ok,0,0,0,0,805,1,1,0.93636,791,929,2456,1,0.560666,791,1439,7105,7.49566,33161,791,1,0.881387,0.497099,791,833,1308,1,0.904961,0.420897,791,1022,3766
2,278,1948620,2128617,131,35,148,0.145833,0.274352,142,-1,ok,0,0,0,0,141,1,1,0.19252,131,190,504,1,0.162743,131,536,1428,0.855958,2436,131,1,0.159739,0.092844,131,149,257,1,0.260357,0.120225,131,541,715
2,279,2566018,882646,1597,400,20968,9.43057,2.70772,1608,-1,ok,0,0,0,0,1607,1,1,3.42169,1597,4998,5516,1,4.20571,1597,13322,15112,246.484,617665,1597,1,2.75958,1.32448,1597,2782,2974,1,3.53963,1.02031,1597,7156,8060
2,280,929280,999352,167,42,330,0.201616,0.250426,168,-1,ok,0,0,0,0,167,1,1,0.147567,167,167,672,1,0.057168,167,167,2000,0.076041,167,167,1,0.094056,0.047909,167,167,336,1,0.15543,0.095047,167,167,1012
2,281,924154,2537686,1628,408,1791,1.22838,2.45331,1651,-1,ok,0,0,0,0,1650,1,1,3.12645,1636,5196,5654,1,3.69587,1636,12483,15405,3.73569,10751,1628,1,2.1984,1.05978,1636,2815,3029,1,3.13043,0.982035,1636,6845,8089
2,282,2000652,1137046,874,219,3358,1.71453,1.32377,879,-1,ok,0,0,0,0,878,1,1,1.05351,874,882,2666,1,0.503431,874,994,7569,0.394266,889,874,1,1.05235,0.555116,874,874,1509,1,1.24706,0.455742,874,874,4196
2,283,2582565,607763,1299,326,9812,4.99087,2.45663,1312,-1,ok,0,0,0,0,1311,1,1,2.46765,1299,1299,4337,1,0.884013,1299,1301,12995,1.55602,1299,1299,1,2.17337,1.23691,1299,1299,2371,1,1.77065,0.867121,1299,1299,6989
2,284,3245185,785165,2684,673,20162,10.0627,3.29431,2705,-1,ok,0,0,0,0,2704,1,1,3.75941,2684,4846,9386,1,3.73268,2684,10462,25680,72.6496,258035,2684,1,3.16532,1.73563,2684,3355,4683,1,4.09508,1.55991,2684,6247,13160
2,285,1231498,2364091,1022,256,8223,4.08307,1.60345,1027,-1,ok,0,0,0,0,1026,1,1,1.35473,1022,1022,3693,1,0.590303,1022,1022,10030,2.52865,5477,1022,1,1.3431,0.713082,1022,1022,1903,1,1.34401,0.604629,1022,1080,5210
2,286,1066192,1226502,199,50,644,0.353351,0.266037,200,-1,ok,0,0,0,0,199,1,1,0.241983,199,199,800,1,0.068138,199,199,2416,0.089046,199,199,1,0.177792,0.105779,199,199,400,1,0.207497,0.126647,199,199,1204
2,287,1869193,2052669,328,82,513,0.296575,0.488353,335,-1,ok,0,0,0,0,334,1,1,0.315751,328,441,742,1,0.313405,328,1296,2430,5.4485,21267,328,1,0.273752,0.143388,328,365,470,1,0.386643,0.161251,328,808,1346
2,288,2994814,3098447,829,208,2178,1.12582,0.604539,838,-1,ok,0,0,0,0,837,1,1,0.341608,829,1135,3254,1,0.552082,829,2362,9585,4.07592,17762,829,1,0.409885,0.145511,829,1135,1638,1,0.873182,0.436846,829,1749,4818
2,289,1797269,848583,613,155,1781,1.0727,1.22792,626,-1,ok,0,0,0,0,625,1,1,1.14293,613,613,2375,1,0.48201,613,613,6926,0.890885,1897,613,1,1.03204,0.611634,613,613,1214,1,0.928424,0.459267,613,613,3579
2,290,1214793,1750358,1135,285,4369,2.07723,1.24885,1148,-1,ok,0,0,0,0,1147,1,1,1.15466,1135,2748,4231,1,1.64645,1135,6755,12033,17.5734,68787,1135,1,1.01846,0.442947,1135,1782,2213,1,1.71541,0.600993,1135,3903,6276
2,291,2831898,2102650,653,164,4109,2.01201,1.06556,668,-1,ok,0,0,0,0,667,1,1,0.929045,653,759,2429,1,0.399517,653,768,6784,0.729904,653,653,1,0.846491,0.486899,653,653,1236,1,0.805063,0.418641,653,701,3517
2,292,2244867,2707981,771,195,4688,1.65922,0.821024,788,-1,ok,0,0,0,0,787,1,1,0.440342,771,771,2891,1,0.344925,771,781,7510,3.56,10128,771,1,0.576286,0.260176,771,771,1467,1,0.773144,0.406119,771,916,4025
2,293,1073058,1365640,1214,305,10493,4.66432,1.17467,1239,-1,ok,0,0,0,0,1238,1,1,0.853034,1214,2360,4668,1,1.3065,1214,6298,13400,34.263,125923,1214,1,0.729412,0.330747,1214,1599,2355,1,1.58848,0.601874,1214,4545,6863
2,294,2216425,1540683,1508,379,1071,0.773385,1.62657,1535,-1,ok,0,0,0,0,1534,1,1,1.2077,1510,1653,5145,1,0.831723,1510,2307,13950,94.6081,291143,1508,1,1.20758,0.592818,1510,1564,2835,1,1.45935,0.660835,1510,2104,7533
2,295,2060741,2215164,463,116,1049,0.536773,0.392564,464,-1,ok,0,0,0,0,463,1,1,0.16612,463,463,1672,1,0.16651,463,505,4782,0.168515,463,463,1,0.177321,0.065813,463,463,867,1,0.397612,0.200514,463,481,2462
2,296,1441555,704228,1628,407,14506,6.96344,1.54293,1631,-1,ok,0,0,0,0,1630,1,1,1.9505,1628,5006,6023,1,3.07517,1628,12972,16553,54.0745,206765,1628,1,1.49493,0.68471,1628,2738,3051,1,2.63951,0.862741,1628,7044,8569
2,297,2513611,686770,1174,295,844,0.915711,2.12669,1199,-1,ok,0,0,0,0,1198,1,1,2.10325,1174,1174,4261,1,0.934907,1174,1175,11795,7.12108,16039,1174,1,1.96389,1.10326,1174,1174,2177,1,1.59642,0.806868,1174,1176,5981
2,298,1306030,2886412,938,236,2854,1.74388,1.83062,947,-1,ok,0,0,0,0,946,1,1,1.91418,938,1848,3368,1,1.83666,938,5356,9467,12.4454,32381,938,1,1.62991,0.929055,938,1312,1814,1,1.86983,0.762555,938,2878,4869
2,299,404356,1929489,1380,345,10845,6.23699,2.19786,1395,-1,ok,0,0,0,0,1394,1,1,1.84504,1380,1565,4663,1,0.972636,1380,1836,12363,6.80933,18896,1380,1,1.78321,0.987474,1380,1421,2491,1,1.57862,0.77,1380,1463,6556
3,0,2654607,497695,1710,215,3225,1.8748,3.59925,1823,-1,ok,0,0,0,0,1822,1,1,4.87767,1716,8776,10674,1,6.69458,1716,23887,31284,5.50279,12833,1710,1,4.26127,2.54696,1716,2829,3040,1,4.55859,1.74123,1716,7426,8545
3,1,2221473,1571062,1589,200,1481,0.771603,1.95826,1656,-1,ok,0,0,0,0,1655,1,1,2.23079,1609,7468,10485,1,4.67327,1609,19096,29258,45.5843,160357,1589,1,1.57597,0.844577,1609,2669,2874,1,2.65758,1.12241,1609,6772,8023
3,2,641811,2589149,1344,169,2942,1.40745,2.88396,1369,-1,ok,0,0,0,0,1368,1,1,2.39831,1344,1698,8649,1,1.6294,1344,3288,23890,2.31562,3632,1344,1,2.77719,1.81302,1344,1344,2450,1,2.26207,1.20113,1344,1580,6604
3,3,2250714,2339143,278,35,184,0.091722,0.329746,287,-1,ok,0,0,0,0,286,1,1,0.114183,278,278,2055,1,0.072215,278,278,6263,0.100707,278,278,1,0.185136,0.109064,278,278,519,1,0.299159,0.206096,278,278,1547
3,4,2536396,353659,1876,236,9989,4.1281,3.67811,1949,-1,ok,0,0,0,0,1948,1,1,3.00232,1876,1936,12042,1,1.27022,1876,2054,33103,11.1499,28227,1876,1,3.46411,2.12419,1876,1907,3457,1,2.93643,1.65242,1876,1945,9429
3,5,916591,1430479,1191,150,2343,0.997704,1.48501,1224,-1,ok,0,0,0,0,1223,1,1,1.22948,1191,3891,8361,1,2.20865,1191,9095,23725,39.1858,132776,1191,1,1.0622,0.549416,1191,1782,2326,1,1.77736,0.866448,1191,3712,6242
3,6,500826,2935247,2173,272,7089,2.84505,4.03289,2226,-1,ok,0,0,0,0,2225,1,1,3.40452,2173,2740,14305,1,2.2361,2173,5433,39390,11.4761,31438,2173,1,3.75029,2.2784,2173,2245,4109,1,3.76121,2.02617,2173,3094,11152
3,7,2429283,2288496,465,59,544,0.273812,0.496647,490,-1,ok,0,0,0,0,489,1,1,0.193502,465,465,3585,1,0.301973,465,1050,10401,0.241661,804,465,1,0.301684,0.160521,465,465,901,1,0.568302,0.356226,465,465,2621
3,8,502542,1287255,645,83,889,0.457344,1.42077,690,-1,ok,0,0,0,0,689,1,1,1.02475,645,1688,4543,1,1.58673,645,4922,13101,18.8746,63467,645,1,1.06381,0.661375,645,999,1200,1,1.66382,0.741897,645,2368,3403
3,9,2726054,800471,1487,187,4348,1.96135,2.5321,1522,-1,ok,0,0,0,0,1521,1,1,3.25946,1493,4664,10092,1,3.33387,1493,11055,27741,1.74179,2150,1487,1,2.80922,1.69493,1493,1931,2752,1,2.76899,1.34206,1493,3574,7444
3,10,3031784,709412,1662,209,331,0.405688,3.25474,1707,-1,ok,0,0,0,0,1706,1,1,3.98709,1662,5048,11651,1,1.34951,1662,1686,32134,39.4502,146083,1662,1,3.36788,2.09422,1662,1674,3085,1,2.75709,1.5419,1662,1662,8689
3,11,813038,2649998,1861,236,8416,3.76777,2.87037,1918,-1,ok,0,0,0,0,1917,1,1,3.79164,1881,8969,12288,1,5.60879,1881,23129,34186,1.47947,2064,1861,1,3.14834,1.72988,1881,2964,3439,1,3.92615,1.72665,1881,6921,9415
3,12,2906523,1340129,1264,158,2397,1.24696,2.43845,1291,-1,ok,0,0,0,0,1290,1,1,2.0181,1268,2350,8576,1,1.56436,1268,4438,24181,25.1236,73256,1264,1,2.28246,1.33845,1268,1539,2361,1,2.23646,1.15491,1268,2338,6705
3,13,2198005,2773306,1504,189,3082,1.19867,1.72287,1537,-1,ok,0,0,0,0,1536,1,1,2.66222,1506,9322,10909,1,5.91221,1506,23103,28579,57.8267,197182,1504,1,1.54691,0.798232,1506,2652,2881,1,2.74463,1.07958,1506,6785,7862
3,14,1009630,2195480,1009,126,1109,0.649752,2.01804,1022,-1,ok,0,0,0,0,1021,1,1,1.58222,1009,1009,6676,1,0.885053,1009,1525,17993,3.09025,8169,1009,1,1.78741,1.10115,1009,1009,1935,1,1.65967,0.846151,1009,1364,5304
3,15,2077961,2827531,1186,149,3550,1.54475,1.54921,1213,-1,ok,0,0,0,0,1212,1,1,1.02761,1186,1216,8419,1,0.483343,1186,1220,23927,31.7652,125454,1186,1,1.30217,0.766461,1186,1188,2279,1,1.51268,0.945767,1186,1188,6492
3,16,1553701,2469994,602,77,98,0.145703,1.35097,647,-1,ok,0,0,0,0,646,1,1,0.928916,602,617,4464,1,0.339533,602,633,12574,0.978097,1976,602,1,1.07963,0.708104,602,609,1165,1,1.01725,0.629286,602,602,3392
3,17,2490161,384400,1409,177,4241,1.91272,2.58059,1434,-1,ok,0,0,0,0,1433,1,1,2.98496,1409,2989,9210,1,1.22421,1409,1951,25584,1.74321,1693,1409,1,2.9586,1.80019,1409,1409,2628,1,2.48789,1.32076,1409,1927,6974
3,18,2599025,2034587,1669,210,3697,1.57624,2.20728,1714,-1,ok,0,0,0,0,1713,1,1,2.25427,1669,5792,12299,1,3.41037,1669,13966,35011,36.9877,141895,1669,1,1.85043,1.07572,1669,2246,3171,1,2.76035,1.40731,1669,4583,9244
3,19,1181060,2927824,1734,218,5549,2.27175,2.6814,1785,-1,ok,0,0,0,0,1784,1,1,2.00819,1734,1752,11636,1,2.52866,1734,5147,32003,13.4914,51628,1734,1,2.56081,1.59376,1734,1734,3215,1,2.78819,1.47094,1734,2495,8923
3,20,645781,614849,395,50,186,0.106169,0.52591,410,-1,ok,0,0,0,0,409,1,1,0.255737,395,629,2904,1,0.533297,395,2743,8193,2.55749,12656,395,1,0.310519,0.188632,395,433,758,1,0.687224,0.39014,395,1417,2150
3,21,2468056,2256643,1145,143,659,0.28914,1.04173,1184,-1,ok,0,0,0,0,1183,1,1,0.812289,1145,3345,8287,1,1.65535,1145,8656,22979,9.5687,41640,1145,1,0.731256,0.335217,1145,1495,2195,1,1.4258,0.755882,1145,2626,5937
3,22,251497,3219170,2176,273,6847,3.09295,3.95826,2217,-1,ok,0,0,0,0,2216,1,1,3.60539,2176,2307,15997,1,2.73822,2176,5568,45508,30.4037,83714,2176,1,4.20276,2.68222,2176,2176,4202,1,4.07531,2.3335,2176,2422,12045
3,23,569297,2803754,1948,244,9006,3.88954,3.32482,2003,-1,ok,0,0,0,0,2002,1,1,5.9105,1956,12591,12977,1,10.6361,1956,33450,34844,247.67,673122,1948,1,3.59559,2.06661,1956,3624,3688,1,4.89655,1.7295,1956,9692,9970
3,24,2520461,1501553,674,85,813,0.550208,1.31034,687,-1,ok,0,0,0,0,686,1,1,0.955064,674,692,5001,1,0.92555,674,1958,14492,2.30261,7515,674,1,1.1765,0.732009,674,674,1312,1,1.18569,0.720747,674,679,3784
3,25,2003860,731758,1205,154,1873,0.837756,1.64953,1250,-1,ok,0,0,0,0,1249,1,1,1.39043,1225,1715,7462,1,1.09246,1225,2969,20293,6.91244,31467,1205,1,1.84179,1.05235,1225,1301,2168,1,1.75112,0.968159,1225,1704,5706
3,26,613334,2557422,1168,147,1376,0.751444,2.34839,1215,-1,ok,0,0,0,0,1214,1,1,3.92159,1174,6319,8357,1,6.4478,1174,17130,23377,8.20815,30286,1168,1,2.6924,1.61835,1174,2101,2264,1,3.61311,1.23511,1174,5795,6402
3,27,387537,2005469,1167,148,1271,0.751263,2.49339,1232,-1,ok,0,0,0,0,1231,1,1,1.72792,1167,1608,8266,1,0.793592,1167,2079,23745,1.65663,3473,1167,1,2.08766,1.31441,1167,1277,2289,1,2.30901,1.13167,1167,1422,6399
3,28,344125,2584166,2379,298,12236,4.9231,3.62167,2458,-1,ok,0,0,0,0,2457,1,1,6.55557,2387,14121,15079,1,11.4904,2387,37404,40255,553.701,1.28006e+06,2379,1,4.27863,2.30522,2387,4284,4476,1,5.71082,2.16753,2387,11053,11813
3,29,2992346,1955386,784,99,906,0.543404,1.4705,809,-1,ok,0,0,0,0,808,1,1,1.39624,784,2173,5328,1,1.26507,784,4526,14692,13.1246,52143,784,1,1.33716,0.84055,784,997,1381,1,1.39888,0.736416,784,1747,3822
3,30,2891864,2043208,1327,167,1090,0.48174,1.69319,1350,-1,ok,0,0,0,0,1349,1,1,0.958931,1327,1416,7538,1,0.66923,1327,1446,22275,18.5279,79579,1327,1,1.31747,0.713743,1327,1327,2231,1,1.65734,0.923896,1327,1387,6304
3,31,593449,1109625,711,90,879,0.375632,0.893038,728,-1,ok,0,0,0,0,727,1,1,0.707121,711,769,4362,1,0.395829,711,935,12277,1.12681,3075,711,1,0.863473,0.544667,711,711,1312,1,0.93671,0.554446,711,849,3686
3,32,2770066,477636,2303,291,1836,0.98532,3.12573,2368,-1,ok,0,0,0,0,2367,1,1,4.1997,2313,6869,16105,1,4.94535,2313,13574,44533,5.85467,15953,2303,1,3.80718,2.17677,2313,3113,4331,1,4.49117,2.15388,2313,5816,12208
3,33,1568488,2024378,743,94,1158,0.526122,1.00546,780,-1,ok,0,0,0,0,779,1,1,0.499554,743,764,5066,1,0.383607,743,751,14385,0.801227,2836,743,1,0.780003,0.417215,743,743,1360,1,0.968018,0.610631,743,776,3850
3,34,2636861,1355914,1868,235,2830,1.12586,2.13946,1905,-1,ok,0,0,0,0,1904,1,1,2.82154,1868,6331,14065,1,3.9652,1868,15412,39896,29.6799,120630,1868,1,2.30475,1.28275,1868,2587,3628,1,3.606,1.59875,1868,5806,10403
3,35,2807379,1728601,1223,153,1476,0.761593,1.81807,1262,-1,ok,0,0,0,0,1261,1,1,1.42958,1223,2170,8094,1,1.17769,1223,3667,21021,4.63421,16354,1223,1,1.77967,1.01686,1223,1370,2259,1,1.75465,0.96847,1223,1829,5810
3,36,548195,1129534,384,49,53,0.109188,0.838677,401,-1,ok,0,0,0,0,400,1,1,0.65346,384,399,2499,1,0.29647,384,544,6779,0.546731,384,384,1,0.775809,0.502088,384,384,703,1,0.587194,0.354433,384,411,1914
3,37,1403079,1097550,787,99,1604,0.593308,0.984609,814,-1,ok,0,0,0,0,813,1,1,1.42869,787,4376,5455,1,2.86341,787,11560,15111,28.5773,114224,787,1,0.862615,0.497289,787,1243,1409,1,1.38883,0.63122,787,3086,3942
3,38,1098506,2400310,1127,141,1422,0.68528,1.86366,1164,-1,ok,0,0,0,0,1163,1,1,1.45464,1127,1168,7504,1,0.632485,1127,1186,21136,1.10502,1127,1127,1,1.88524,1.11852,1127,1157,2100,1,1.83963,0.985744,1127,1222,5913
3,39,549302,2763681,1609,202,4465,1.88904,3.03802,1648,-1,ok,0,0,0,0,1647,1,1,2.4436,1609,1616,11195,1,1.19216,1609,1875,30536,39.4474,121137,1609,1,2.95022,1.80605,1609,1609,2958,1,2.80395,1.50164,1609,1930,8359
3,40,2830387,1329031,990,125,866,0.579864,1.70359,1021,-1,ok,0,0,0,0,1020,1,1,1.26325,994,1224,6908,1,1.06849,994,1904,19580,3.4029,12620,990,1,1.88313,1.03024,994,1051,1847,1,1.83435,0.944346,994,1236,5219
3,41,2571837,1609971,1200,151,1218,0.526945,1.513,1229,-1,ok,0,0,0,0,1228,1,1,1.04054,1200,1637,8326,1,1.08034,1200,3688,23148,0.972898,2243,1200,1,1.52079,0.812688,1200,1272,2258,1,1.69448,1.01836,1200,1459,6235
3,42,2269545,949398,1480,187,1632,0.789986,2.02267,1521,-1,ok,0,0,0,0,1520,1,1,1.73468,1480,2559,9729,1,1.37079,1480,4287,26800,2.64886,7900,1480,1,2.10026,1.19445,1480,1697,2693,1,2.14256,1.16484,1480,2141,7354
3,43,2386550,2005422,1757,227,2488,1.23445,1.94215,1856,-1,ok,0,0,0,0,1855,1,1,2.60568,1811,9418,12111,1,5.07332,1811,24600,32820,84.0841,350924,1757,1,1.74741,0.93674,1811,2912,3412,1,3.17609,1.39963,1811,7223,9323
3,44,3228329,1091487,1429,181,3928,1.87481,2.8498,1466,-1,ok,0,0,0,0,1465,1,1,2.54676,1429,1429,10737,1,1.816,1429,4241,30418,2.12521,1429,1429,1,3.00673,1.94394,1429,1429,2743,1,2.537,1.45462,1429,1702,7847
3,45,1252674,2899369,1220,154,886,0.568241,2.32801,1245,-1,ok,0,0,0,0,1244,1,1,1.66562,1220,1264,8085,1,0.656858,1220,1233,22305,9.53256,38831,1220,1,1.99983,1.18436,1220,1220,2223,1,2.07203,1.11115,1220,1586,6047
3,46,1245004,2631833,1742,218,2867,1.32452,2.46453,1817,-1,ok,0,0,0,0,1816,1,1,2.68704,1748,5651,12069,1,3.29586,1748,12033,33140,10.6568,45741,1742,1,2.29982,1.31201,1748,2336,3293,1,2.96937,1.39749,1748,4490,8942
3,47,2746631,1120353,1791,225,419,0.360093,2.32735,1858,-1,ok,0,0,0,0,1857,1,1,3.14928,1791,6315,11902,1,4.00098,1791,12636,32274,23.8693,94508,1791,1,2.55162,1.40056,1791,2537,3323,1,3.31951,1.48894,1791,5042,9238
3,48,1545941,1034885,778,99,218,0.207428,1.49069,867,-1,ok,0,0,0,0,866,1,1,1.17545,778,1992,4977,1,1.17911,778,4267,13001,43.8603,113131,778,1,1.13901,0.728882,778,955,1445,1,1.17385,0.640035,778,1657,3854
3,49,707664,3179843,2152,269,8247,3.80948,3.31341,2187,-1,ok,0,0,0,0,2186,1,1,2.81847,2152,2152,14599,1,1.49536,2152,2152,40767,3.12625,4780,2152,1,3.50493,2.11112,2152,2152,4011,1,3.3766,1.92229,2152,2152,11158
3,50,2697605,251222,1758,220,6511,3.23972,3.12855,1817,-1,ok,0,0,0,0,1816,1,1,3.99472,1776,6219,12482,1,4.67663,1776,16013,35063,56.1164,150765,1758,1,3.76618,2.21537,1776,2471,3415,1,3.51907,1.66901,1776,4797,9459
3,51,598957,1160461,516,66,854,0.450541,0.974971,555,-1,ok,0,0,0,0,554,1,1,1.06166,516,2807,3880,1,1.92103,516,7665,10181,17.9099,59572,516,1,0.717571,0.42263,516,850,986,1,1.06597,0.460541,516,2113,2623
3,52,2808838,629110,1283,164,2791,1.50786,2.51443,1356,-1,ok,0,0,0,0,1355,1,1,3.9411,1297,4841,9714,1,3.9671,1297,8939,28021,2.02703,3610,1283,1,2.9314,1.83673,1297,1810,2522,1,3.3477,1.51953,1297,3856,7210
3,53,2674667,2450469,1734,219,1979,1.03924,2.07569,1767,-1,ok,0,0,0,0,1766,1,1,1.9313,1734,5273,12515,1,2.81851,1734,12766,35532,21.7364,104186,1734,1,1.89124,1.10623,1734,2198,3353,1,2.76597,1.39802,1734,4048,9369
3,54,902226,2397303,1907,239,6823,2.73865,2.58351,1944,-1,ok,0,0,0,0,1943,1,1,2.01646,1907,2642,12356,1,1.3338,1907,3437,33952,11.6049,48095,1907,1,2.39907,1.42664,1907,2043,3531,1,2.63719,1.49655,1907,2323,9301
3,55,3160580,2590500,1640,205,2820,1.15656,1.75054,1657,-1,ok,0,0,0,0,1656,1,1,3.24967,1640,10833,11233,1,6.62437,1640,29135,30479,82.4729,319538,1640,1,1.63851,0.793582,1640,2989,3062,1,3.22071,1.20645,1640,8330,8674
3,56,3063115,1271576,1534,192,691,0.479848,2.33214,1569,-1,ok,0,0,0,0,1568,1,1,3.47166,1542,7048,10497,1,4.76956,1542,15550,28057,20.5217,70700,1534,1,2.77524,1.56454,1542,2384,2890,1,3.28629,1.35517,1542,5357,7769
3,57,471188,1449834,1138,142,1439,0.843576,1.71239,1195,-1,ok,0,0,0,0,1194,1,1,2.58377,1138,7033,7834,1,4.72924,1138,19527,21499,47.3182,188958,1138,1,1.69843,0.964231,1138,2072,2088,1,2.45202,0.941088,1138,5402,5722
3,58,1353978,2059850,918,116,1697,0.793482,1.57917,945,-1,ok,0,0,0,0,944,1,1,2.05445,918,4162,5020,1,2.97929,918,11992,14828,100.475,240846,918,1,1.47529,0.86164,918,1619,1750,1,1.81046,0.720005,918,3842,4493
3,59,2540733,1967844,911,114,941,0.425363,1.1315,942,-1,ok,0,0,0,0,941,1,1,1.01755,911,2487,5315,1,1.28751,911,5313,15703,41.104,149390,911,1,1.09038,0.599811,911,1113,1526,1,1.27295,0.653671,911,1920,4258
3,60,2700562,1997667,1296,163,497,0.237895,1.27114,1333,-1,ok,0,0,0,0,1332,1,1,0.751665,1296,1346,7849,1,0.639123,1296,1692,22898,8.09667,37558,1296,1,1.14403,0.581016,1296,1306,2273,1,1.6509,0.887156,1296,1837,6418
3,61,1637568,2044505,363,46,125,0.093024,0.730896,388,-1,ok,0,0,0,0,387,1,1,0.483643,363,363,2473,1,0.166572,363,363,6680,1.13346,4049,363,1,0.548113,0.342369,363,363,654,1,0.515633,0.316691,363,370,1799
3,62,1801679,2696751,1870,235,2427,0.937493,1.82662,1923,-1,ok,0,0,0,0,1922,1,1,3.52449,1870,12533,12938,1,8.16524,1870,34371,35572,104.415,366815,1870,1,2.12939,1.03459,1870,3505,3548,1,3.92324,1.41024,1870,9341,9546
3,63,598957,2906552,1287,161,901,0.704456,2.70085,1296,-1,ok,0,0,0,0,1295,1,1,2.45611,1287,1287,10304,1,1.5332,1287,1287,30908,1.88467,1287,1287,1,2.81797,1.88934,1287,1287,2576,1,2.58435,1.57421,1287,1287,7732
3,64,1955372,794087,930,117,420,0.336368,1.55019,969,-1,ok,0,0,0,0,968,1,1,1.16359,930,973,6459,1,0.548033,930,949,17673,0.912525,1021,930,1,1.54634,0.925789,930,942,1694,1,1.55265,0.885366,930,930,4908
3,65,2039260,2947726,1193,151,938,0.576377,1.65228,1236,-1,ok,0,0,0,0,1235,1,1,1.41554,1193,1961,7957,1,0.919727,1193,3434,21644,18.1587,65520,1193,1,1.65097,1.00262,1193,1301,2218,1,1.70039,0.946148,1193,1703,5947
3,66,556924,1599250,705,90,394,0.274361,1.26083,736,-1,ok,0,0,0,0,735,1,1,1.07532,705,705,4975,1,0.677918,705,1346,14050,1.39945,3444,705,1,1.3207,0.838226,705,705,1338,1,1.23696,0.654102,705,1180,3721
3,67,278380,2626389,2296,290,10187,3.83458,3.23451,2371,-1,ok,0,0,0,0,2370,1,1,4.96004,2316,11101,14796,1,7.42136,2316,28854,40476,6.0196,19686,2296,1,3.85698,2.17911,2316,3611,4174,1,4.84406,1.98502,2316,8478,11210
3,68,2339398,455629,2015,253,2416,1.29443,2.82645,2066,-1,ok,0,0,0,0,2065,1,1,2.49804,2015,2677,13269,1,1.57901,2015,3888,36811,2.05968,5306,2015,1,3.01573,1.77453,2015,2137,3761,1,3.15461,1.75259,2015,2491,10193
3,69,2397188,1012607,1150,145,2058,1.00921,1.80611,1183,-1,ok,0,0,0,0,1182,1,1,1.3808,1150,1245,8178,1,0.662227,1150,1363,23056,1.32893,2867,1150,1,2.01797,1.13636,1150,1173,2158,1,1.93745,1.0691,1150,1234,6083
3,70,2467967,715435,1642,207,6921,2.66204,2.44895,1701,-1,ok,0,0,0,0,1700,1,1,2.28604,1648,1712,10474,1,1.08075,1648,1831,28134,10.0758,39324,1642,1,3.00095,1.71507,1648,1669,3063,1,2.89316,1.69143,1648,1734,8129
3,71,279709,835397,829,106,2780,1.29722,1.08277,852,-1,ok,0,0,0,0,851,1,1,0.881127,829,1506,6174,1,0.649643,829,2302,17605,1.38863,4287,829,1,0.945786,0.585784,829,928,1636,1,1.33914,0.821795,829,1312,4739
3,72,825921,1088080,805,101,504,0.282668,0.863865,832,-1,ok,0,0,0,0,831,1,1,1.23162,805,4101,5710,1,2.22202,805,10353,15856,9.31247,43024,805,1,0.714565,0.382214,805,1215,1482,1,1.42179,0.670853,805,2993,4214
3,73,2686056,3089348,412,52,340,0.211987,0.724183,421,-1,ok,0,0,0,0,420,1,1,0.667858,412,1232,2212,1,0.873882,412,3062,5704,10.2166,36298,412,1,0.598036,0.370571,412,522,692,1,0.576718,0.303737,412,956,1526
3,74,935096,1634738,947,120,807,0.411397,1.33925,1006,-1,ok,0,0,0,0,1005,1,1,0.983347,949,1479,6803,1,1.2881,949,4316,18311,12.2843,51377,947,1,1.19426,0.75978,949,949,1777,1,1.44708,0.884703,949,1362,5068
3,75,384006,760874,877,111,682,0.402642,1.05059,938,-1,ok,0,0,0,0,937,1,1,0.601474,877,877,6149,1,0.485827,877,1616,16586,10.1644,45115,877,1,0.796587,0.437897,877,877,1667,1,1.06272,0.621911,877,916,4559
3,76,1947155,898061,889,112,563,0.357077,1.51153,912,-1,ok,0,0,0,0,911,1,1,1.30039,889,998,5535,1,0.655726,889,1063,14264,2.92053,9792,889,1,1.52816,0.893338,889,889,1627,1,1.37034,0.745132,889,952,4446
3,77,658137,789793,329,42,194,0.099356,0.476891,356,-1,ok,0,0,0,0,355,1,1,0.203302,329,347,2546,1,0.117179,329,350,7042,0.252181,1038,329,1,0.285433,0.164327,329,329,657,1,0.404436,0.261689,329,358,1863
3,78,363830,2056905,2015,253,1267,0.727749,2.74533,2064,-1,ok,0,0,0,0,2063,1,1,2.11832,2015,2123,13801,1,1.13143,2015,2403,37336,10.9426,34458,2015,1,2.8393,1.62475,2015,2058,3772,1,3.08209,1.76791,2015,2426,10357
3,79,1761748,2892020,756,95,1110,0.73891,1.43078,785,-1,ok,0,0,0,0,784,1,1,1.17235,756,777,5713,1,1.4519,756,2654,16503,11.3374,38399,756,1,1.43939,0.946008,756,756,1505,1,1.42754,0.811958,756,1139,4269
3,80,2351211,2029768,1106,139,1496,0.681414,1.27942,1169,-1,ok,0,0,0,0,1168,1,1,0.943163,1106,2692,7808,1,1.19687,1106,5823,21101,15.6695,53987,1106,1,1.01264,0.527745,1106,1366,2080,1,1.41358,0.775599,1106,2129,5570
3,81,647090,520796,364,46,317,0.196898,0.413863,375,-1,ok,0,0,0,0,374,1,1,0.234139,364,364,2883,1,0.146352,364,364,8537,0.196087,364,364,1,0.288167,0.163845,364,364,722,1,0.447524,0.303848,364,364,2150
3,82,2202913,1998284,1606,201,583,0.324456,1.6667,1645,-1,ok,0,0,0,0,1644,1,1,2.17391,1606,8442,10625,1,4.47046,1606,21945,28872,82.6626,347668,1606,1,1.41246,0.751983,1606,2542,2976,1,2.59402,1.17931,1606,6267,8091
3,83,2307907,2951731,1581,198,5431,2.28921,1.50222,1596,-1,ok,0,0,0,0,1595,1,1,0.960774,1581,1581,11825,1,0.622203,1581,1603,32008,12.0233,49167,1581,1,1.32629,0.757055,1581,1581,3094,1,1.86359,1.14389,1581,1591,8667
3,84,1871832,591133,1610,208,1740,1.06807,2.21359,1721,-1,ok,0,0,0,0,1720,1,1,2.12227,1658,3570,11091,1,2.08955,1658,6985,30295,12.1268,45309,1610,1,2.52679,1.42431,1658,2057,3050,1,2.86399,1.64955,1658,2974,8335
3,85,1820468,769068,784,99,940,0.566069,1.37831,809,-1,ok,0,0,0,0,808,1,1,0.940752,784,793,5122,1,0.634631,784,787,14989,0.837213,784,784,1,1.46246,0.925809,784,833,1514,1,1.25737,0.713722,784,808,4074
3,86,618657,2879486,1405,177,2137,1.16292,2.68267,1452,-1,ok,0,0,0,0,1451,1,1,3.16418,1405,4587,9991,1,4.2909,1405,13350,28647,14.2604,40711,1405,1,3.0053,1.98818,1405,1933,2719,1,2.94708,1.52994,1405,3551,7315
3,87,759127,2437547,1913,242,9982,4.75312,2.71908,1980,-1,ok,0,0,0,0,1979,1,1,3.90997,1933,9872,12457,1,6.42003,1933,25847,34323,29.5972,111220,1913,1,2.85287,1.64494,1933,3088,3482,1,3.91292,1.55583,1933,7360,9372
3,88,2003626,436977,2082,260,9508,4.38293,2.55047,2149,-1,ok,0,0,0,0,2148,1,1,4.70793,2082,12997,13832,1,9.91234,2082,35992,38592,274.922,756660,2082,1,3.03587,1.60163,2082,3739,3855,1,4.8002,1.85521,2082,9825,10382
3,89,2088216,2111650,95,12,25,0.030082,0.211129,96,-1,ok,0,0,0,0,95,1,1,0.14489,95,244,506,1,0.176566,95,524,1585,0.580094,1473,95,1,0.116639,0.077305,95,119,169,1,0.132293,0.081662,95,208,433
3,90,2481203,2200930,683,87,286,0.171228,0.675517,702,-1,ok,0,0,0,0,701,1,1,0.441073,683,683,4843,1,0.25683,683,683,14156,0.582999,1582,683,1,0.588676,0.330283,683,683,1326,1,0.894396,0.539513,683,759,3820
3,91,1827763,2791217,1053,133,2274,0.743198,1.54084,1108,-1,ok,0,0,0,0,1107,1,1,2.54323,1053,5897,6757,1,4.47054,1053,14797,17683,75.6465,247542,1053,1,1.63288,0.919439,1053,1834,1964,1,2.08038,0.768185,1053,4456,5056
3,92,1980418,1582954,557,73,335,0.185145,0.786839,606,-1,ok,0,0,0,0,605,1,1,0.57844,577,1373,3752,1,0.737268,577,3063,10611,0.391903,557,557,1,0.647876,0.37154,577,702,1043,1,0.869805,0.448629,577,1296,2938
3,93,705039,752842,1000,126,1195,0.53331,0.917387,1035,-1,ok,0,0,0,0,1034,1,1,1.14979,1000,4596,6782,1,2.25475,1000,12038,19164,18.8656,86677,1000,1,0.767984,0.420158,1000,1584,1908,1,1.54245,0.708373,1000,3820,5384
3,94,1158854,739502,341,42,113,0.09158,0.591971,346,-1,ok,0,0,0,0,345,1,1,1.05249,341,1858,2527,1,1.17165,341,4359,7398,6.35437,20212,341,1,0.618001,0.409229,341,579,660,1,0.779,0.390454,341,1521,1928
3,95,1350833,836719,972,121,1183,0.493793,1.05281,997,-1,ok,0,0,0,0,996,1,1,0.699306,972,1324,6705,1,0.532982,972,1499,18351,10.8092,46976,972,1,0.912807,0.493572,972,972,1805,1,1.21191,0.70165,972,1074,5095
3,96,1556785,647066,1224,155,1840,0.746285,1.44983,1257,-1,ok,0,0,0,0,1256,1,1,1.04742,1224,1293,8882,1,0.706079,1224,1283,23847,8.21086,34441,1224,1,1.54974,0.934405,1224,1224,2373,1,1.7033,0.986783,1224,1341,6529
3,97,1944954,1109435,783,99,1250,0.512417,1.10222,800,-1,ok,0,0,0,0,799,1,1,0.930087,783,783,5489,1,0.425736,783,834,15110,0.785747,783,783,1,1.18308,0.716458,783,783,1457,1,1.12251,0.652319,783,823,4002
3,98,2668191,348531,1839,232,6369,2.51684,2.73189,1878,-1,ok,0,0,0,0,1877,1,1,5.78923,1839,10202,11017,1,8.67677,1839,26830,30970,139.321,416088,1839,1,3.81327,2.09544,1839,3172,3248,1,5.10921,1.87899,1839,8212,8562
3,99,476033,1903328,1168,147,2485,1.32896,2.15456,1191,-1,ok,0,0,0,0,1190,1,1,3.1785,1168,7107,8092,1,7.03605,1168,19707,22693,145.576,311275,1168,1,2.48632,1.48778,1168,1935,2076,1,3.28767,1.52614,1168,5234,5939
3,100,795218,590026,122,17,71,0.088315,0.289822,141,-1,ok,0,0,0,0,140,1,1,0.176059,122,122,1021,1,0.113312,122,122,3105,0.121005,122,122,1,0.237302,0.149297,122,126,243,1,0.213507,0.148586,122,122,715
3,101,763468,1260833,843,106,1033,0.456122,0.950506,868,-1,ok,0,0,0,0,867,1,1,1.42961,843,4539,5534,1,3.02331,843,12652,16575,22.4059,79344,843,1,0.878933,0.453007,843,1366,1646,1,1.73267,0.678317,843,3828,4467
3,102,3155979,534005,2083,261,8708,4.26553,3.09572,2120,-1,ok,0,0,0,0,2119,1,1,5.06838,2089,8587,14414,1,6.20421,2089,19954,39673,41.833,119986,2083,1,3.9101,2.27899,2089,3012,3890,1,4.40347,1.93946,2089,6536,10667
3,103,2671843,2035386,1097,138,2057,0.877248,1.2548,1112,-1,ok,0,0,0,0,1111,1,1,0.707752,1097,1140,6914,1,0.586936,1097,1486,19881,5.98832,28074,1097,1,1.06965,0.58393,1097,1097,1978,1,1.44433,0.826865,1097,1424,5616
3,104,1072087,2077094,1175,149,1456,0.724003,1.70413,1226,-1,ok,0,0,0,0,1225,1,1,2.85569,1175,7244,8486,1,5.5037,1175,18376,23250,39.7025,119881,1175,1,1.73856,0.981623,1175,2034,2204,1,2.53994,0.989268,1175,5320,6156
3,105,1830266,867972,1628,205,1773,1.04941,1.86943,1663,-1,ok,0,0,0,0,1662,1,1,1.67162,1628,3385,10520,1,1.26769,1628,3373,29721,38.3052,143047,1628,1,1.99152,1.13851,1628,2100,2978,1,2.51533,1.49355,1628,2628,8101
3,106,2009385,672463,1221,153,3104,1.38468,1.89762,1250,-1,ok,0,0,0,0,1249,1,1,1.52534,1221,1247,7906,1,0.821314,1221,1590,21796,2.35034,7357,1221,1,2.14112,1.24248,1221,1222,2273,1,1.95863,1.11971,1221,1240,6095
3,107,1277732,1289510,1175,147,2202,1.01696,1.27915,1200,-1,ok,0,0,0,0,1199,1,1,0.915051,1175,3004,8215,1,1.32706,1175,6889,23196,21.2123,98639,1175,1,1.02898,0.577177,1175,1440,2212,1,1.63853,0.889651,1175,2464,6189
3,108,383929,2086407,1268,160,1929,1.0833,2.26553,1323,-1,ok,0,0,0,0,1322,1,1,9.63013,1268,1768,9156,1,1.66292,1268,2796,26380,21.7734,67976,1268,1,2.62964,1.63128,1268,1388,2484,1,2.24173,1.2133,1268,1523,6935
3,109,2032078,1699736,1336,168,722,0.40114,1.23419,1367,-1,ok,0,0,0,0,1366,1,1,1.07693,1336,3560,9955,1,1.83908,1336,7342,28928,5.59663,25701,1336,1,0.949433,0.446915,1336,1738,2606,1,1.90534,1.07436,1336,2849,7513
3,110,958411,907673,588,74,677,0.345876,0.783755,621,-1,ok,0,0,0,0,620,1,1,0.708233,588,2405,3178,1,1.06634,588,5874,9183,10.0532,46637,588,1,0.538906,0.313946,588,886,1041,1,0.803931,0.376754,588,1974,2801
3,111,345881,908168,999,126,1325,0.516867,1.36122,1010,-1,ok,0,0,0,0,1009,1,1,0.817627,999,999,6968,1,0.402954,999,1083,19480,12.9859,62389,999,1,1.0993,0.649835,999,999,1859,1,1.25202,0.775189,999,999,5250
3,112,921927,2826328,1275,160,1724,0.914078,2.72459,1312,-1,ok,0,0,0,0,1311,1,1,3.25676,1275,5333,9428,1,5.06871,1275,14913,27099,35.5758,96671,1275,1,3.0016,1.8496,1275,2069,2476,1,3.43689,1.75627,1275,5087,7074
3,113,558628,2150100,1156,146,209,0.322914,2.4335,1211,-1,ok,0,0,0,0,1210,1,1,3.44838,1160,5853,8012,1,4.65616,1160,14872,21659,38.198,83510,1156,1,2.4999,1.47273,1160,2079,2196,1,2.95382,1.13284,1160,5483,6144
3,114,732091,2459630,1421,179,3640,1.76818,2.71207,1460,-1,ok,0,0,0,0,1459,1,1,3.42838,1431,6862,9305,1,4.45277,1431,16544,25700,1.61394,2801,1421,1,2.7994,1.62561,1431,2332,2677,1,3.27136,1.34395,1431,5612,7219
3,115,398823,391093,624,79,117,0.115316,0.70669,653,-1,ok,0,0,0,0,652,1,1,0.712992,624,2936,4508,1,1.51254,624,7945,12815,6.23742,30337,624,1,0.433098,0.216314,624,958,1186,1,0.950646,0.46038,624,2245,3295
3,116,1510629,2959878,1054,133,2319,1.22048,2.02716,1083,-1,ok,0,0,0,0,1082,1,1,1.84712,1054,1054,7888,1,0.871839,1054,1054,22825,22.2888,65295,1054,1,2.00812,1.32706,1054,1054,2058,1,1.94364,1.23485,1054,1054,5999
3,117,2096552,3082996,592,75,498,0.386612,1.39444,601,-1,ok,0,0,0,0,600,1,1,1.03992,592,592,4759,1,0.339584,592,592,13949,0.817758,592,592,1,1.24083,0.853553,592,592,1188,1,1.23266,0.774277,592,608,3516
3,118,773297,2535823,1305,164,1403,0.669491,2.42095,1344,-1,ok,0,0,0,0,1343,1,1,4.15237,1311,6828,7861,1,5.91932,1311,19664,22945,15.0678,27954,1305,1,2.61537,1.58811,1311,2158,2308,1,3.28241,1.2419,1311,5831,6418
3,119,1540653,367496,2008,251,295,0.351186,2.7448,2061,-1,ok,0,0,0,0,2060,1,1,2.12062,2008,3080,13816,1,2.37456,2008,7464,38049,1.28814,2196,2008,1,2.35894,1.38821,2008,2008,3739,1,2.8009,1.68306,2008,2188,10296
3,120,457915,1822951,1394,175,363,0.314228,2.06004,1439,-1,ok,0,0,0,0,1438,1,1,1.70851,1394,1502,9439,1,0.99669,1394,1782,25010,0.857142,1394,1394,1,2.12183,1.25409,1394,1437,2610,1,2.34117,1.34075,1394,1805,7163
3,121,2144069,523360,2086,260,10728,4.72405,2.81686,2183,-1,ok,0,0,0,0,2182,1,1,5.3473,2086,13150,13590,1,10.519,2086,36452,37720,290.476,785226,2086,1,3.14514,1.70352,2086,3776,3838,1,4.95979,1.82093,2086,9969,10239
3,122,1935902,3090329,1268,160,2750,1.45695,1.97275,1291,-1,ok,0,0,0,0,1290,1,1,1.56353,1268,1279,8596,1,0.952028,1268,2237,23496,1.28535,1489,1268,1,1.95094,1.17408,1268,1268,2413,1,1.8485,1.00627,1268,1734,6521
3,123,2854140,1596178,937,119,936,0.510985,1.71544,974,-1,ok,0,0,0,0,973,1,1,1.17228,937,937,7097,1,0.568062,937,970,19975,1.06256,1482,937,1,1.67647,0.854285,937,937,1845,1,1.84676,0.925769,937,1121,5107
3,124,1967913,1747145,807,101,232,0.143988,0.720426,828,-1,ok,0,0,0,0,827,1,1,0.638664,807,2029,5476,1,0.950736,807,4322,15902,1.9367,7908,807,1,0.530138,0.281094,807,1003,1504,1,1.09305,0.578431,807,1836,4307
3,125,2263205,1655305,838,109,1888,0.656697,1.21941,909,-1,ok,0,0,0,0,908,1,1,1.45379,866,3838,5716,1,2.78038,866,9758,15622,0.489133,1240,838,1,1.0611,0.571379,866,1343,1611,1,1.56914,0.685972,866,3081,4263
3,126,2506297,1143924,984,124,884,0.396611,1.61946,1005,-1,ok,0,0,0,0,1004,1,1,1.37823,984,1010,6147,1,1.14587,984,2482,16654,3.69895,8287,984,1,1.80989,1.0306,984,984,1800,1,1.72876,0.933865,984,1083,4702
3,127,1448472,1364093,562,72,592,0.362266,0.940266,593,-1,ok,0,0,0,0,592,1,1,0.73296,562,1505,3540,1,0.81363,562,3013,9674,9.40607,34287,562,1,0.705879,0.417111,562,611,936,1,0.746365,0.444082,562,995,2657
3,128,1724010,2154870,1418,180,1105,0.496328,1.40358,1513,-1,ok,0,0,0,0,1512,1,1,1.88038,1438,7891,10007,1,4.21577,1438,21393,28928,49.5844,199433,1418,1,1.16102,0.608347,1438,2357,2673,1,2.43914,1.17295,1438,5970,7689
3,129,840467,2529952,1656,207,1146,0.734933,2.64983,1677,-1,ok,0,0,0,0,1676,1,1,2.30535,1656,2321,10369,1,1.07604,1656,2839,27502,12.7615,49614,1656,1,2.63275,1.55543,1656,2055,3065,1,2.49735,1.33244,1656,2107,7558
3,130,1792217,1212610,345,44,114,0.130103,0.699638,352,-1,ok,0,0,0,0,351,1,1,0.731125,345,1262,2713,1,0.724223,345,2381,8041,1.08472,2952,345,1,0.667968,0.44883,345,470,678,1,0.800935,0.451834,345,977,2006
3,131,1328134,3208212,1967,246,3400,1.47194,2.98004,2018,-1,ok,0,0,0,0,2017,1,1,3.77911,1973,7309,13393,1,5.1783,1973,19204,37046,11.2031,39324,1967,1,3.15227,1.83508,1973,2825,3747,1,4.0733,1.87926,1973,5994,10401
3,132,2891864,1675347,959,120,569,0.440143,1.74743,966,-1,ok,0,0,0,0,965,1,1,1.10653,959,964,6316,1,0.625648,959,964,17682,1.21286,2811,959,1,1.66455,0.997384,959,970,1748,1,1.58205,0.854233,959,978,5016
3,133,2410465,2443796,1103,137,796,0.35338,0.933504,1128,-1,ok,0,0,0,0,1127,1,1,1.05733,1103,4465,8039,1,1.93907,1103,10242,21377,13.0211,59149,1103,1,0.692063,0.324727,1103,1555,2101,1,1.50022,0.75506,1103,3166,5788
3,134,558433,2250280,1093,138,1118,0.640767,2.52392,1148,-1,ok,0,0,0,0,1147,1,1,2.82944,1101,3815,7482,1,2.45594,1101,7471,21867,1.81343,2191,1093,1,2.49945,1.53616,1101,1778,2118,1,2.73402,1.15121,1101,4149,5884
3,135,1187532,720690,1013,127,1130,0.640888,1.18971,1026,-1,ok,0,0,0,0,1025,1,1,1.85213,1013,6773,6964,1,3.72338,1013,17021,18217,30.8904,126857,1013,1,1.19074,0.673799,1013,1905,1927,1,1.96903,0.834238,1013,4884,5016
3,136,2710078,1125700,1258,158,1277,0.767383,2.21099,1287,-1,ok,0,0,0,0,1286,1,1,2.75169,1266,4254,8606,1,2.99436,1266,8393,23655,3.63047,8328,1258,1,2.56453,1.5001,1266,1709,2334,1,2.89669,1.46795,1266,3411,6310
3,137,342829,2650131,1580,199,6562,3.16627,2.9781,1607,-1,ok,0,0,0,0,1606,1,1,2.64592,1580,2114,11387,1,1.92475,1580,4661,31231,52.9443,188923,1580,1,3.43113,2.11458,1580,1580,2970,1,2.90876,1.71938,1580,1581,8335
3,138,381156,591400,523,68,148,0.139279,0.66881,544,-1,ok,0,0,0,0,543,1,1,0.571969,523,2085,3536,1,1.02979,523,4720,9797,2.76418,11973,523,1,0.474697,0.287187,523,796,936,1,0.834298,0.433278,523,1733,2474
3,139,620591,3052362,1412,176,1455,0.829729,2.98645,1427,-1,ok,0,0,0,0,1426,1,1,2.68381,1412,1538,10887,1,1.15311,1412,1693,32459,1.89017,1800,1412,1,3.35437,2.09701,1412,1428,2780,1,3.09752,1.85232,1412,1478,8213
3,140,1838465,1180686,1541,194,285,0.243495,1.72529,1606,-1,ok,0,0,0,0,1605,1,1,3.02707,1541,8446,10871,1,5.89528,1541,23573,30626,157.465,448735,1541,1,1.57219,0.835732,1541,2565,2979,1,2.64426,1.08932,1541,6582,8390
3,141,2808277,2315654,851,108,559,0.316522,1.01788,898,-1,ok,0,0,0,0,897,1,1,0.731605,851,912,6427,1,0.691372,851,2133,17801,2.62943,10053,851,1,0.987484,0.531592,851,890,1653,1,1.29095,0.773455,851,1115,4594
3,142,2598310,2422034,222,29,175,0.089406,0.29481,237,-1,ok,0,0,0,0,236,1,1,0.190345,222,222,1824,1,0.168755,222,622,5180,0.137527,222,222,1,0.274013,0.159028,222,222,448,1,0.368309,0.228728,222,316,1302
3,143,2845436,1668194,730,92,416,0.323905,1.32684,763,-1,ok,0,0,0,0,762,1,1,2.01632,736,4124,4926,1,3.21959,736,11284,14278,10.5229,31596,730,1,1.56037,0.962618,736,1260,1387,1,1.96138,0.862732,736,3182,3776
3,144,2382918,526772,1377,173,2665,1.54616,2.52589,1404,-1,ok,0,0,0,0,1403,1,1,2.24704,1377,1422,9724,1,1.11495,1377,1557,27429,24.4078,75408,1377,1,2.88248,1.67702,1377,1379,2598,1,2.37232,1.37942,1377,1403,7318
3,145,1931999,438444,1275,161,3274,1.49385,2.0387,1312,-1,ok,0,0,0,0,1311,1,1,1.62774,1275,1301,8001,1,0.915651,1275,1659,21714,1.20152,1275,1275,1,2.29688,1.28424,1275,1276,2342,1,2.10318,1.17812,1275,1292,6108
3,146,2679978,515339,2241,282,4141,2.15518,3.36077,2302,-1,ok,0,0,0,0,2301,1,1,3.55122,2247,5697,15105,1,3.10774,2247,11400,40938,4.63698,15905,2241,1,3.69447,2.12407,2247,2849,4172,1,4.18525,2.23837,2247,4492,11383
3,147,2803019,1915102,1793,225,3483,1.68012,1.89957,1846,-1,ok,0,0,0,0,1845,1,1,3.61329,1793,11833,12416,1,8.20134,1793,31887,34661,136.953,368034,1793,1,2.14742,1.06472,1793,3307,3395,1,4.36293,1.62697,1793,8878,9304
3,148,913089,1331566,1323,165,3445,1.61692,1.56415,1356,-1,ok,0,0,0,0,1355,1,1,1.94722,1323,7036,9086,1,3.76689,1323,19248,25791,89.0875,271251,1323,1,1.28425,0.705318,1323,2216,2528,1,2.22338,0.98529,1323,5254,6708
3,149,634343,2276336,1305,165,1629,0.934486,2.23565,1350,-1,ok,0,0,0,0,1349,1,1,3.60795,1313,6438,8792,1,4.87972,1313,15807,24323,1.34178,1305,1305,1,2.57156,1.51744,1313,2236,2429,1,3.25445,1.34682,1313,5571,6565
3,150,1481794,3181212,1228,154,375,0.388476,2.31054,1257,-1,ok,0,0,0,0,1256,1,1,2.03692,1228,1769,7934,1,1.1416,1228,2383,21421,36.3836,92183,1228,1,2.40643,1.51329,1228,1313,2244,1,2.02499,1.07853,1228,1913,5834
3,151,1474634,422363,1314,165,4119,2.08846,1.68174,1323,-1,ok,0,0,0,0,1322,1,1,1.36561,1314,1325,9137,1,0.758537,1314,1359,25325,2.84832,9827,1314,1,1.81096,1.05396,1314,1314,2504,1,1.92919,1.14237,1314,1338,6979
3,152,1834575,3226322,1174,148,302,0.301513,1.86542,1193,-1,ok,0,0,0,0,1192,1,1,1.67609,1174,1346,7289,1,0.903207,1174,1788,20156,44.4453,122962,1174,1,2.00022,1.19913,1174,1194,2126,1,1.891,1.05401,1174,1612,5477
3,153,3024705,540222,1863,235,415,0.419383,2.8613,1916,-1,ok,0,0,0,0,1915,1,1,4.00531,1863,5249,13315,1,1.4999,1863,1887,37126,41.3248,123487,1863,1,3.60602,2.18967,1863,1875,3490,1,3.20207,1.81289,1863,1863,9923
3,154,3044639,2920559,189,25,80,0.094196,0.322101,216,-1,ok,0,0,0,0,215,1,1,0.155241,189,189,1467,1,0.081843,189,210,4111,0.13404,189,189,1,0.173465,0.10681,189,189,365,1,0.246119,0.159117,189,208,1045
3,155,1228220,1631674,478,61,454,0.216044,0.699417,495,-1,ok,0,0,0,0,494,1,1,0.362447,478,478,3381,1,0.212457,478,489,9203,0.296083,480,478,1,0.517826,0.30538,478,478,887,1,0.655184,0.402882,478,512,2389
3,156,1536072,283775,1199,150,1282,0.575715,1.80153,1220,-1,ok,0,0,0,0,1219,1,1,1.5402,1199,1356,8198,1,1.03295,1199,2827,22755,1.81298,4874,1199,1,1.95732,1.17747,1199,1199,2248,1,1.93408,1.09858,1199,1211,6087
3,157,3193672,1640899,1490,187,2404,1.30607,2.17432,1529,-1,ok,0,0,0,0,1528,1,1,3.93394,1496,8565,10393,1,5.93573,1496,21655,28454,2.96778,9740,1490,1,2.56126,1.44082,1496,2547,2817,1,3.31172,1.27701,1496,6612,7770
3,158,1364886,1417986,1253,166,4048,1.55622,1.62839,1356,-1,ok,0,0,0,0,1355,1,1,1.92114,1325,7296,8097,1,3.73925,1325,18646,21264,78.8645,284265,1253,1,1.23221,0.69572,1325,2157,2316,1,2.03638,0.897807,1325,5274,5990
3,159,1323479,1948892,1160,147,588,0.266177,1.37795,1205,-1,ok,0,0,0,0,1204,1,1,0.702643,1166,1317,7927,1,0.615149,1166,1818,21309,2.65602,9077,1160,1,0.952709,0.486509,1166,1232,2100,1,1.35981,0.788332,1166,1423,5669
3,160,329635,3138202,2157,273,1430,1.0966,3.73173,2230,-1,ok,0,0,0,0,2229,1,1,7.93985,2185,12454,14511,1,15.2163,2185,34726,40982,219.034,565662,2157,1,5.41842,2.54901,2185,3736,4111,1,8.43485,3.35387,2185,9809,11116
3,161,2199138,2165892,958,121,541,0.362748,0.82442,991,-1,ok,0,0,0,0,990,1,1,1.13294,960,5673,6977,1,2.91967,960,16186,19559,15.4789,73053,958,1,0.620189,0.285894,960,1649,1857,1,1.65845,0.754389,960,4443,5253
3,162,2332432,2665491,284,38,218,0.141626,0.560997,311,-1,ok,0,0,0,0,310,1,1,0.454509,284,796,2294,1,0.42883,284,1749,6607,1.92896,6170,284,1,0.452326,0.302315,284,348,552,1,0.486019,0.29983,284,578,1580
3,163,2554867,820141,1438,181,3842,1.5166,2.18047,1473,-1,ok,0,0,0,0,1472,1,1,2.07551,1438,1468,9152,1,1.44043,1438,3204,24629,2.38554,5278,1438,1,2.67609,1.56444,1438,1448,2611,1,2.38693,1.27981,1438,1782,6883
3,164,816636,1589983,1083,137,411,0.250088,1.33442,1116,-1,ok,0,0,0,0,1115,1,1,0.546891,1083,1094,6120,1,0.684778,1083,1683,17611,0.680842,1377,1083,1,0.804592,0.411469,1083,1083,1862,1,1.30909,0.72251,1083,1325,5016
3,165,2144577,2486159,628,80,248,0.184674,0.854365,711,-1,ok,0,0,0,0,710,1,1,1.12011,628,2970,4463,1,1.5878,628,6840,12160,8.28783,37091,628,1,0.677906,0.39637,628,955,1166,1,1.0123,0.478924,628,2020,3087
3,166,2257019,735014,1996,252,3240,1.53124,2.63538,2079,-1,ok,0,0,0,0,2078,1,1,4.69528,2006,12334,13198,1,8.26056,2006,32838,35506,203.906,639164,1996,1,3.02743,1.67736,2006,3537,3679,1,4.63609,1.68911,2006,9420,10074
3,167,2095650,935010,1005,129,2200,1.06508,1.61266,1078,-1,ok,0,0,0,0,1077,1,1,2.11568,1033,4777,5815,1,3.05531,1033,12042,16147,3.41452,14265,1005,1,1.67888,0.976384,1033,1591,1756,1,2.01923,0.845689,1033,3883,4653
3,168,312457,989659,778,98,250,0.226213,1.19969,821,-1,ok,0,0,0,0,820,1,1,0.849768,778,792,4220,1,0.466632,778,1049,10632,1.56243,3848,778,1,1.08388,0.666886,778,778,1318,1,0.865126,0.474577,778,822,3187
3,169,2882141,1067685,1170,148,1688,0.904108,2.15655,1207,-1,ok,0,0,0,0,1206,1,1,2.35091,1170,2548,8611,1,2.12391,1170,6838,24769,15.4493,53399,1170,1,2.59711,1.62223,1170,1582,2264,1,2.52936,1.37254,1170,2681,6490
3,170,1662824,2681105,1085,137,1991,1.09135,1.61277,1102,-1,ok,0,0,0,0,1101,1,1,1.91194,1091,4820,7516,1,2.76296,1091,12331,21140,5.12631,21575,1085,1,1.63236,0.973519,1091,1663,2068,1,2.27398,1.05386,1091,3774,5681
3,171,1703180,546367,1232,155,4469,1.97191,1.64287,1279,-1,ok,0,0,0,0,1278,1,1,1.44439,1232,1272,7962,1,0.748448,1232,1648,21716,3.64018,9405,1232,1,1.88791,1.07793,1232,1238,2283,1,1.71484,0.969411,1232,1247,5936
3,172,2090483,588991,1314,165,1730,0.949735,2.24087,1361,-1,ok,0,0,0,0,1360,1,1,1.90891,1314,1742,8450,1,1.30933,1314,2630,24302,3.99582,13362,1314,1,2.32823,1.43348,1314,1437,2387,1,2.13785,1.1583,1314,1707,6669
3,173,2669970,1153251,1524,191,3631,1.59919,2.28409,1537,-1,ok,0,0,0,0,1536,1,1,2.68904,1530,4868,9092,1,3.62698,1530,12325,25897,1.31261,2581,1524,1,2.36423,1.38881,1530,2044,2665,1,2.68717,1.21157,1530,4345,7281
3,174,2801102,1556461,1651,207,6091,2.65224,2.08875,1716,-1,ok,0,0,0,0,1715,1,1,3.23126,1657,8116,11656,1,5.50993,1657,21007,31526,12.1862,33732,1651,1,2.23579,1.22338,1657,2645,3112,1,3.2994,1.3172,1657,6515,8458
3,175,2862760,2446461,730,93,613,0.321189,0.927734,775,-1,ok,0,0,0,0,774,1,1,0.606774,730,753,5383,1,0.313416,730,756,14532,0.697031,2114,730,1,0.687115,0.353311,730,731,1393,1,1.04581,0.619326,730,798,3930
3,176,1728209,2803901,1739,217,3961,1.45823,2.30456,1782,-1,ok,0,0,0,0,1781,1,1,3.8229,1739,11140,12627,1,7.86842,1739,28528,33711,71.0767,205878,1739,1,2.20499,1.18701,1739,3146,3355,1,3.68841,1.39011,1739,8230,9237
3,177,330269,1345015,1018,129,1954,1.00074,1.60513,1055,-1,ok,0,0,0,0,1054,1,1,1.28141,1018,1022,7069,1,0.563462,1018,1085,19747,2.29011,5477,1018,1,1.53963,0.967207,1018,1018,1947,1,1.60592,0.88262,1018,1090,5474
3,178,3017924,2896984,407,51,189,0.116448,0.375441,412,-1,ok,0,0,0,0,411,1,1,0.27878,407,642,3060,1,0.638405,407,2548,8601,2.02189,9887,407,1,0.317001,0.168785,407,407,779,1,0.479626,0.307906,407,423,2177
3,179,910292,1126401,229,30,60,0.060053,0.328213,248,-1,ok,0,0,0,0,247,1,1,0.234577,229,273,1800,1,0.118953,229,229,5101,0.197119,329,229,1,0.283759,0.190566,229,237,452,1,0.408072,0.230159,229,229,1234
3,180,2006593,1670863,1240,155,764,0.376283,1.10015,1273,-1,ok,0,0,0,0,1272,1,1,0.988909,1240,3066,8943,1,1.68293,1240,6368,26256,4.44811,18067,1240,1,0.914128,0.457164,1240,1604,2388,1,1.63552,0.94199,1240,2462,6847
3,181,2078347,3155254,1385,175,923,0.44105,2.23826,1422,-1,ok,0,0,0,0,1421,1,1,2.49019,1385,4968,10094,1,2.68328,1385,12180,28989,151.651,376164,1385,1,2.08801,1.32664,1385,1905,2636,1,2.55363,1.38077,1385,3812,7449
3,182,2709648,2878665,277,35,175,0.120937,0.415556,282,-1,ok,0,0,0,0,281,1,1,0.17637,277,277,2090,1,0.118912,277,314,5819,0.141154,314,277,1,0.255806,0.149797,277,277,554,1,0.39461,0.250768,277,277,1650
3,183,460429,2828556,1989,250,8506,3.78459,3.31331,2044,-1,ok,0,0,0,0,2043,1,1,4.78411,1995,9110,13349,1,6.4838,1995,22308,36435,4.29625,8183,1989,1,3.7828,2.16593,1995,3067,3650,1,4.63948,1.93841,1995,7110,9886
3,184,909956,1352984,474,60,269,0.217647,0.787021,495,-1,ok,0,0,0,0,494,1,1,0.352427,474,476,3327,1,0.234077,474,476,8671,4.11457,19392,474,1,0.514159,0.31054,474,474,887,1,0.635468,0.379109,474,491,2491
3,185,2598310,614849,1241,157,2294,1.09849,2.22716,1292,-1,ok,0,0,0,0,1291,1,1,2.69586,1247,2995,8433,1,2.4446,1247,7205,23710,1.46486,1243,1241,1,2.71326,1.69533,1247,1584,2311,1,2.56849,1.32536,1247,2826,6068
3,186,1732162,381072,1507,190,1850,0.8734,1.97151,1530,-1,ok,0,0,0,0,1529,1,1,3.68994,1507,8372,9755,1,5.89923,1507,22296,26351,165.491,461122,1507,1,2.51353,1.39343,1507,2530,2720,1,3.14395,1.20911,1507,6219,7053
3,187,2864255,987151,1339,170,4088,2.07792,2.27296,1414,-1,ok,0,0,0,0,1413,1,1,3.14087,1359,4553,8048,1,3.65542,1359,10048,22393,3.85849,11474,1339,1,2.53591,1.56516,1359,1716,2238,1,2.67273,1.21486,1359,3639,6232
3,188,613280,1998545,1505,189,5629,2.35,2.06627,1544,-1,ok,0,0,0,0,1543,1,1,1.60027,1505,1872,9612,1,1.19979,1505,2838,25773,8.09017,27552,1505,1,2.08382,1.23531,1505,1606,2753,1,2.18232,1.16563,1505,2075,7424
3,189,769257,2619619,1324,166,3595,1.52232,2.40362,1337,-1,ok,0,0,0,0,1336,1,1,2.34939,1324,3092,9630,1,2.16554,1324,6511,27547,11.1126,33516,1324,1,2.36908,1.48268,1324,1595,2568,1,2.44916,1.36966,1324,2573,7252
3,190,1700379,924636,488,62,340,0.226884,0.895865,521,-1,ok,0,0,0,0,520,1,1,1.47004,492,3366,3750,1,0.964001,488,2376,10449,1.19361,2717,488,1,0.923345,0.539738,492,909,951,1,0.853785,0.4979,488,488,2803
3,191,489236,2011181,1701,214,9158,3.66427,2.27435,1754,-1,ok,0,0,0,0,1753,1,1,1.87682,1701,2372,11619,1,1.28308,1701,3292,32088,7.96017,29617,1701,1,2.37558,1.38251,1701,1853,3132,1,2.71799,1.51692,1701,2086,8585
3,192,1225462,1170705,1015,127,1322,0.604459,0.969761,1030,-1,ok,0,0,0,0,1029,1,1,0.646107,1015,2208,7164,1,1.04216,1015,4825,20260,10.7443,50850,1015,1,0.72292,0.383646,1015,1189,1883,1,1.33518,0.748378,1015,1819,5358
3,193,1873151,1744747,675,85,292,0.127128,0.574774,686,-1,ok,0,0,0,0,685,1,1,0.291204,675,777,5140,1,0.380681,675,1567,14764,3.25056,15703,675,1,0.432298,0.231152,675,675,1307,1,0.839268,0.52413,675,777,3750
3,194,2468599,2302602,643,80,166,0.13908,0.760451,678,-1,ok,0,0,0,0,677,1,1,0.796919,643,2598,4339,1,1.16608,643,5912,10877,13.1207,59069,643,1,0.657397,0.388045,643,950,1151,1,0.883862,0.419424,643,1862,2935
3,195,2943977,2062115,628,79,154,0.129111,1.06612,641,-1,ok,0,0,0,0,640,1,1,0.987344,628,671,4511,1,0.775548,628,1869,12936,1.44959,2590,628,1,1.24438,0.715046,628,628,1223,1,1.14363,0.654002,628,691,3537
3,196,587996,382135,775,98,115,0.111909,0.74914,810,-1,ok,0,0,0,0,809,1,1,0.593248,775,1433,5407,1,1.12501,775,4224,15507,5.1698,25018,775,1,0.578641,0.288219,775,775,1455,1,0.892087,0.559576,775,858,4064
3,197,1795388,2559139,975,123,1569,0.628413,1.33727,1000,-1,ok,0,0,0,0,999,1,1,0.881888,975,1016,6486,1,0.493412,975,1033,17226,0.615561,975,975,1,1.18019,0.695981,975,975,1796,1,1.33357,0.746294,975,1147,4881
3,198,430706,1816036,1949,245,379,0.294798,2.47423,2044,-1,ok,0,0,0,0,2043,1,1,4.9997,1949,13381,13619,1,9.99174,1949,36873,37563,265.731,727212,1949,1,2.76238,1.48418,1949,3595,3627,1,4.41163,1.67874,1949,9889,10034
3,199,2709791,743716,1567,197,2118,1.29832,2.40996,1604,-1,ok,0,0,0,0,1603,1,1,2.27955,1567,1610,10505,1,1.29832,1567,1740,30327,24.1053,74094,1567,1,2.92964,1.71801,1567,1621,2956,1,2.66158,1.48565,1567,1597,8234
3,200,2317486,1682523,790,100,334,0.240379,1.03816,835,-1,ok,0,0,0,0,834,1,1,0.976884,796,2569,5009,1,1.72665,796,6382,13381,1.72297,7120,790,1,0.897997,0.477361,796,1095,1412,1,1.20084,0.541753,796,2030,3664
3,201,848074,2660956,1289,162,2104,0.993695,2.24069,1332,-1,ok,0,0,0,0,1331,1,1,1.81108,1289,1291,8689,1,0.9639,1289,1520,23397,13.3146,41549,1289,1,2.37426,1.44571,1289,1289,2331,1,2.1679,1.16722,1289,1470,6542
3,202,2051630,2425358,880,111,923,0.504463,0.916462,907,-1,ok,0,0,0,0,906,1,1,0.455061,880,880,6443,1,0.320218,880,880,18375,2.73712,12520,880,1,0.714024,0.38544,880,880,1715,1,1.15009,0.734118,880,913,4822
3,203,2138232,3170486,1784,226,5387,2.14596,2.20897,1831,-1,ok,0,0,0,0,1830,1,1,1.91049,1784,2759,12266,1,1.44078,1784,4904,33683,32.1156,104969,1784,1,2.24593,1.34771,1784,1917,3338,1,2.48035,1.37962,1784,2444,9085
3,204,1443071,807450,574,72,314,0.24559,0.876147,589,-1,ok,0,0,0,0,588,1,1,0.841952,574,607,3741,1,0.442717,574,1078,9993,0.817677,1132,574,1,0.967196,0.577388,574,574,1099,1,0.880835,0.46552,574,647,2975
3,205,1144422,3049691,2080,263,2157,1.04329,2.89246,2171,-1,ok,0,0,0,0,2170,1,1,4.58315,2106,11262,12900,1,7.42893,2106,29648,34364,232.674,753132,2080,1,3.63152,1.94555,2106,3446,3673,1,4.57932,1.79254,2106,8604,9583
3,206,377442,2376747,1648,208,4895,2.55428,2.63634,1679,-1,ok,0,0,0,0,1678,1,1,2.53448,1648,2834,10251,1,2.02469,1648,6178,27452,5.83471,15424,1648,1,2.84972,1.80107,1648,1778,2817,1,2.51223,1.35053,1648,2393,7381
3,207,1401797,2931005,1642,208,1908,1.05967,2.4322,1707,-1,ok,0,0,0,0,1706,1,1,2.48662,1668,5004,10543,1,3.09626,1668,11668,28723,1.03523,1642,1642,1,2.54549,1.47272,1668,2250,2974,1,2.88745,1.42951,1668,4225,7979
3,208,2488208,1785008,991,125,342,0.219981,1.23809,1042,-1,ok,0,0,0,0,1041,1,1,1.55803,997,4519,6701,1,3.00478,997,11322,18256,0.614859,1460,991,1,1.02956,0.546791,997,1514,1817,1,1.73309,0.730645,997,3436,4805
3,209,2517430,2632913,587,75,682,0.261929,0.827606,622,-1,ok,0,0,0,0,621,1,1,0.922804,599,3020,3760,1,1.5048,599,7963,10399,13.8808,55759,587,1,0.635828,0.340807,599,976,1084,1,1.00927,0.450541,599,2545,3085
3,210,1804529,2670473,625,79,978,0.357899,1.06492,646,-1,ok,0,0,0,0,645,1,1,0.984809,633,1718,4417,1,1.11699,633,3820,12546,0.535501,814,625,1,1.01863,0.598178,633,845,1195,1,1.22643,0.64242,633,1513,3309
3,211,792304,2700845,1601,200,3725,1.68012,2.45188,1622,-1,ok,0,0,0,0,1621,1,1,2.10563,1601,1797,10629,1,1.22728,1601,2108,30346,4.87245,14838,1601,1,2.79175,1.58157,1601,1673,3087,1,2.58603,1.42888,1601,1740,8616
3,212,292558,448522,757,95,648,0.344563,0.707502,774,-1,ok,0,0,0,0,773,1,1,0.80302,757,2732,5513,1,1.50316,757,6920,16089,4.12241,20443,757,1,0.54537,0.294711,757,1045,1442,1,1.14079,0.589391,757,2131,4095
3,213,2987559,1182868,2093,262,9644,4.29026,2.77013,2148,-1,ok,0,0,0,0,2147,1,1,2.61767,2093,3291,13929,1,2.0407,2093,5417,38687,6.23181,20670,2093,1,3.03304,1.74471,2093,2166,3856,1,3.24339,1.77133,2093,2332,10749
3,214,3031564,1350417,1027,129,291,0.348601,1.86201,1068,-1,ok,0,0,0,0,1067,1,1,4.11449,1027,6582,7371,1,7.14942,1027,18807,21212,24.7249,53496,1027,1,2.47616,1.36345,1027,1840,1933,1,3.71296,1.3549,1027,5020,5532
3,215,3155823,373649,2172,278,9782,4.49892,3.34829,2253,-1,ok,0,0,0,0,2252,1,1,4.82667,2222,6799,14105,1,5.76258,2222,16748,38400,12.3367,37219,2172,1,4.12663,2.42166,2222,2772,3879,1,4.30417,2.03504,2222,5395,10462
3,216,371781,1935939,921,117,891,0.661907,1.90782,946,-1,ok,0,0,0,0,945,1,1,2.7828,921,5481,7253,1,4.35827,921,11083,21492,9.41231,28771,921,1,1.94486,1.17652,921,1570,1819,1,3.05413,1.14711,921,4158,5349
3,217,2855984,2571946,520,66,942,0.39666,0.570345,529,-1,ok,0,0,0,0,528,1,1,0.384488,520,520,4028,1,0.274914,520,772,11762,0.270235,520,520,1,0.563973,0.302154,520,520,1044,1,0.683387,0.414283,520,634,2994
3,218,465556,3102078,1943,244,6663,2.80003,3.23106,1988,-1,ok,0,0,0,0,1987,1,1,4.59691,1949,7774,12951,1,5.51398,1949,18846,35392,1.56663,2235,1943,1,3.93452,2.29352,1949,2875,3651,1,4.40342,1.81811,1949,6224,9824
3,219,3106562,1461822,2273,285,9783,4.19294,2.77647,2322,-1,ok,0,0,0,0,2321,1,1,5.50798,2273,15141,15450,1,10.5942,2273,39639,41970,298.991,900726,2273,1,3.28849,1.69736,2273,4236,4279,1,5.22689,1.79209,2273,11461,11686
3,220,2389443,1100586,779,97,527,0.410908,1.55874,806,-1,ok,0,0,0,0,805,1,1,2.20895,779,4400,5683,1,3.25373,779,9728,16669,8.47973,30377,779,1,1.69007,0.994759,779,1432,1529,1,2.3658,0.878731,779,3804,4402
3,221,1209891,3199598,1812,227,1641,0.882027,2.57605,1829,-1,ok,0,0,0,0,1828,1,1,2.18518,1812,1880,11781,1,1.26577,1812,1989,31963,6.276,13983,1812,1,2.77053,1.64751,1812,1823,3308,1,2.7117,1.4656,1812,2154,8718
3,222,1628263,3038908,1441,180,1252,0.69591,2.12128,1474,-1,ok,0,0,0,0,1473,1,1,3.21433,1447,7480,9001,1,4.98235,1447,19143,23486,152.331,488535,1441,1,2.49048,1.40273,1447,2355,2563,1,2.99512,1.19228,1447,5665,6537
3,223,996318,538495,877,111,783,0.468245,1.07456,898,-1,ok,0,0,0,0,897,1,1,0.719967,877,877,6837,1,0.408191,877,1276,19434,0.567589,877,877,1,0.88847,0.506035,877,877,1680,1,1.21675,0.784074,877,1003,4934
3,224,2666230,1916875,1680,213,3271,1.36334,1.57182,1739,-1,ok,0,0,0,0,1738,1,1,3.34724,1680,11157,11648,1,7.36799,1680,30166,32363,110.738,339882,1680,1,1.81746,0.913395,1680,3105,3167,1,3.39843,1.1996,1680,8324,8620
3,225,1214391,1343195,898,113,734,0.359231,0.807869,917,-1,ok,0,0,0,0,916,1,1,0.41693,900,1016,6456,1,0.382894,900,1333,18295,5.08094,21905,898,1,0.658641,0.266949,900,925,1725,1,0.991852,0.605762,900,1003,4881
3,226,650861,1693026,614,77,98,0.137627,1.18014,635,-1,ok,0,0,0,0,634,1,1,1.04133,614,614,4009,1,0.626269,614,1238,11952,0.953812,614,614,1,1.27636,0.800657,614,614,1135,1,1.00372,0.552212,614,766,3334
3,227,1007288,1215730,474,61,298,0.1178,0.361546,493,-1,ok,0,0,0,0,492,1,1,0.217106,474,474,3491,1,0.213789,474,694,10059,1.89221,9166,474,1,0.341357,0.183712,474,474,886,1,0.555237,0.340016,474,474,2559
3,228,2161129,565602,1613,203,3100,1.4331,2.18058,1652,-1,ok,0,0,0,0,1651,1,1,2.0323,1617,2090,10431,1,1.32836,1617,2757,29311,1.63216,2367,1613,1,2.56503,1.52375,1617,1788,3021,1,2.36329,1.28331,1617,2000,8135
3,229,2785103,1597956,1513,191,1580,0.757785,1.87654,1582,-1,ok,0,0,0,0,1581,1,1,2.75354,1519,6344,9491,1,4.35142,1519,15831,25874,2.03251,6665,1513,1,2.05628,1.12838,1519,2357,2708,1,2.76146,1.13184,1519,5376,7199
3,230,1392321,355276,821,104,1297,0.681514,1.35397,846,-1,ok,0,0,0,0,845,1,1,1.28795,821,829,5575,1,0.526423,821,821,14827,0.705929,857,821,1,1.58692,0.922673,821,821,1566,1,1.24363,0.687253,821,933,4478
3,231,2051789,1806580,591,75,187,0.116568,0.69784,610,-1,ok,0,0,0,0,609,1,1,0.75531,591,2222,4051,1,1.22095,591,5449,11217,4.75295,21480,591,1,0.569675,0.308757,591,866,1128,1,0.972137,0.472242,591,1868,3170
3,232,1102446,3057237,1135,144,500,0.389938,2.20211,1190,-1,ok,0,0,0,0,1189,1,1,2.54123,1135,2664,8499,1,2.60562,1135,7103,24861,4.62134,13027,1135,1,2.67841,1.78453,1135,1346,2201,1,2.47184,1.37906,1135,2722,6328
3,233,2397085,1013039,923,116,1095,0.613285,1.58119,938,-1,ok,0,0,0,0,937,1,1,1.21421,923,940,6915,1,0.582177,923,923,19629,5.22244,14385,923,1,1.70946,1.00298,923,923,1805,1,1.83013,1.06716,923,923,5304
3,234,1287529,1866275,1267,159,222,0.151924,1.3797,1290,-1,ok,0,0,0,0,1289,1,1,0.785816,1267,1376,8531,1,0.753057,1267,2536,23009,4.0963,19969,1267,1,1.07262,0.578861,1267,1310,2326,1,1.4727,0.878933,1267,1437,6341
3,235,1687683,418136,1252,157,742,0.416348,1.66042,1267,-1,ok,0,0,0,0,1266,1,1,1.38024,1252,1262,8345,1,0.656305,1252,1271,22180,20.4081,65454,1252,1,1.92028,1.07748,1252,1252,2303,1,10.3998,9.09502,1252,1252,6360
3,236,2722809,932643,2100,263,2053,1.26239,3.20478,2151,-1,ok,0,0,0,0,2150,1,1,2.94838,2100,3439,13633,1,1.88166,2100,5411,36904,8.50835,31293,2100,1,3.902,2.23903,2100,2355,3954,1,5.78113,3.16024,2100,2941,10477
3,237,2665523,3047256,1417,180,1300,0.849295,2.71902,1444,-1,ok,0,0,0,0,1443,1,1,2.82944,1417,5679,10415,1,3.28348,1417,14272,29795,128.005,291273,1417,1,2.43844,1.64048,1417,2074,2747,1,2.58899,1.4311,1417,4190,7537
3,238,1923409,2905912,843,106,850,0.553985,1.45466,864,-1,ok,0,0,0,0,863,1,1,1.157,849,1112,5422,1,0.83477,849,1954,14636,3.2521,12908,843,1,1.46463,0.882319,849,903,1504,1,1.22911,0.688065,849,1042,4056
3,239,875283,1311303,664,84,443,0.210245,0.924538,697,-1,ok,0,0,0,0,696,1,1,0.977457,664,2295,4097,1,1.43545,664,5954,12146,8.32146,37825,664,1,0.768515,0.466,664,845,1250,1,1.04797,0.509241,664,1857,3322
3,240,2918198,639738,1606,204,5780,2.57912,2.92224,1677,-1,ok,0,0,0,0,1676,1,1,4.10788,1626,5392,10179,1,4.52839,1626,12925,28201,2.62494,3865,1606,1,3.3948,2.05493,1626,2062,2768,1,3.40899,1.61254,1626,4305,7764
3,241,1337751,1159597,145,19,77,0.091873,0.333985,168,-1,ok,0,0,0,0,167,1,1,0.154618,145,145,1188,1,0.100578,145,145,3252,0.10257,145,145,1,0.217417,0.141765,145,145,284,1,0.251079,0.167453,145,145,831
3,242,1804529,3222731,986,124,959,0.645697,1.92578,1025,-1,ok,0,0,0,0,1024,1,1,1.64689,986,1131,7336,1,1.62731,986,3974,20653,17.0101,52110,986,1,2.00114,1.2277,986,986,1905,1,1.81281,1.00183,986,1220,5514
3,243,2545706,1651771,1162,146,2234,0.9261,1.58854,1229,-1,ok,0,0,0,0,1228,1,1,2.1939,1168,5405,7839,1,3.66962,1168,13705,21137,1.71745,5020,1162,1,1.51664,0.83465,1168,1816,2145,1,2.17564,0.945526,1168,4150,5644
3,244,807710,2239366,1940,245,5716,2.3907,2.52058,1981,-1,ok,0,0,0,0,1980,1,1,3.65968,1960,9549,12612,1,6.01359,1960,25204,34893,29.7191,116749,1940,1,2.88332,1.57517,1960,3116,3563,1,3.80954,1.69275,1960,7369,9683
3,245,3201629,632825,1631,205,1494,0.998215,3.31695,1724,-1,ok,0,0,0,0,1723,1,1,5.62461,1637,9854,10426,1,9.71972,1637,26856,30107,11.8846,38880,1631,1,4.35435,2.41768,1637,2887,2947,1,5.29151,1.9903,1637,7935,8262
3,246,2019093,3174345,1036,130,1408,0.938161,1.91268,1077,-1,ok,0,0,0,0,1076,1,1,1.36596,1036,1596,7198,1,0.943021,1036,2367,19817,2.42975,9263,1036,1,1.76049,1.10024,1036,1138,1906,1,1.81818,0.939415,1036,1475,5292
3,247,2955346,1703765,1276,161,2710,1.21072,1.88534,1319,-1,ok,0,0,0,0,1318,1,1,2.33231,1282,5014,9107,1,3.16863,1282,11380,26064,4.61769,12131,1276,1,2.05002,1.20199,1282,2003,2473,1,2.60025,1.21516,1282,3977,6803
3,248,541380,1361733,957,120,275,0.296684,1.53594,1004,-1,ok,0,0,0,0,1003,1,1,1.30963,957,1765,6618,1,1.16591,957,3789,18133,5.03709,21833,957,1,1.40254,0.889432,957,1070,1747,1,1.42829,0.82414,957,1382,4801
3,249,3113781,786831,2642,332,2908,1.7441,3.40923,2697,-1,ok,0,0,0,0,2696,1,1,3.17097,2642,3084,17448,1,1.72827,2642,3415,47151,27.5248,107553,2642,1,4.03761,2.2979,2642,2764,4961,1,4.10741,2.31029,2642,2910,13342
3,250,726020,696308,1081,136,1439,0.660213,1.18974,1110,-1,ok,0,0,0,0,1109,1,1,1.07415,1081,3741,7430,1,2.1732,1081,9504,21124,12.0855,50498,1081,1,0.748378,0.397263,1081,1446,2022,1,1.46878,0.756634,1081,2971,5715
3,251,553589,2992564,1414,177,190,0.334175,2.93305,1461,-1,ok,0,0,0,0,1460,1,1,4.49206,1420,6633,10515,1,6.25507,1420,18223,30849,17.4432,42836,1414,1,3.52616,2.12901,1420,2166,2739,1,3.66028,1.69664,1420,5155,7904
3,252,1843611,2188440,1312,165,583,0.348561,1.48466,1343,-1,ok,0,0,0,0,1342,1,1,0.982926,1312,2453,8770,1,1.25057,1312,4415,24106,9.22215,39358,1312,1,1.12246,0.64756,1312,1446,2364,1,1.60664,0.950036,1312,1973,6434
3,253,334027,2354825,1725,218,7482,3.32055,2.89893,1770,-1,ok,0,0,0,0,1769,1,1,4.54862,1745,9114,11032,1,6.46681,1745,24048,30374,3.99391,8592,1725,1,3.32075,1.98907,1745,2856,3142,1,3.89768,1.56952,1745,6911,8456
3,254,2138232,528223,1703,217,1347,0.979811,2.65316,1774,-1,ok,0,0,0,0,1773,1,1,2.53276,1713,4020,12064,1,2.66398,1713,7744,33699,14.1092,55690,1703,1,2.72488,1.59099,1713,2126,3155,1,2.87983,1.56947,1713,3285,8941
3,255,2920261,1514740,1066,135,1916,1.04006,1.88627,1091,-1,ok,0,0,0,0,1090,1,1,3.7716,1066,6435,7192,1,6.0195,1066,17838,20296,41.8169,142742,1066,1,2.16846,1.24256,1066,1914,2020,1,2.96073,1.06472,1066,5325,5549
3,256,1963166,1687516,403,51,338,0.182211,0.521825,428,-1,ok,0,0,0,0,427,1,1,0.323455,403,428,2984,1,0.146883,403,458,8771,0.349883,870,403,1,0.387845,0.234419,403,410,782,1,0.624347,0.372577,403,415,2208
3,257,610635,2538272,1234,155,1353,0.764798,2.50784,1293,-1,ok,0,0,0,0,1292,1,1,2.96314,1238,3921,8391,1,3.18256,1238,7241,23838,4.15718,10127,1234,1,2.78481,1.67458,1238,1899,2376,1,3.05395,1.3516,1238,3650,6579
3,258,2978886,649484,1616,201,2047,1.36853,2.9946,1677,-1,ok,0,0,0,0,1676,1,1,5.38073,1616,10900,11691,1,9.41083,1616,30038,32911,78.603,185927,1616,1,3.97149,2.34254,1616,2964,3079,1,5.24284,2.10968,1616,8228,8797
3,259,769160,1514768,962,122,744,0.453256,1.38018,985,-1,ok,0,0,0,0,984,1,1,1.13259,962,2120,6148,1,1.37605,962,4262,17030,7.71631,34250,962,1,1.18528,0.707441,962,1216,1813,1,1.45273,0.810995,962,1836,4688
3,260,3115044,1697807,1444,186,5578,2.90977,2.28446,1509,-1,ok,0,0,0,0,1508,1,1,1.9056,1474,1773,9805,1,0.868862,1474,2426,27076,1.54184,2358,1444,1,2.29252,1.46923,1474,1519,2685,1,2.11959,1.26844,1474,1649,7015
3,261,1835879,2014773,1360,171,1782,0.788933,1.28889,1421,-1,ok,0,0,0,0,1420,1,1,0.958721,1360,3215,9719,1,1.45708,1360,6825,27867,18.3589,82259,1360,1,0.865528,0.422952,1360,1662,2588,1,1.7088,0.990409,1360,2764,7434
3,262,1550309,1217369,267,34,111,0.101811,0.533405,280,-1,ok,0,0,0,0,279,1,1,0.674301,267,1083,2075,1,0.706589,267,2573,6111,1.65762,4790,267,1,0.523789,0.343342,267,385,529,1,0.579291,0.343731,267,845,1533
3,263,1455274,2689959,801,101,791,0.426648,1.47428,820,-1,ok,0,0,0,0,819,1,1,2.17633,811,4180,5421,1,3.47121,811,10150,15154,0.9202,831,801,1,1.77583,1.05894,811,1380,1473,1,2.15537,0.851911,811,3583,4074
3,264,1863586,2791354,1283,161,3453,1.28666,1.72943,1314,-1,ok,0,0,0,0,1313,1,1,1.28026,1283,1324,8157,1,0.574713,1283,1318,22576,27.5656,109590,1283,1,1.50968,0.92047,1283,1283,2283,1,1.6905,0.98995,1283,1376,6393
3,265,1878699,2430675,931,117,1499,0.648561,1.05184,952,-1,ok,0,0,0,0,951,1,1,1.01588,937,3016,6611,1,1.42334,937,5697,18767,2.6755,11881,931,1,0.904581,0.480528,937,1289,1770,1,1.50932,0.820742,937,2317,4926
3,266,1109092,2589721,1865,232,4698,1.85156,2.53269,1910,-1,ok,0,0,0,0,1909,1,1,4.28838,1865,10995,11721,1,7.5281,1865,27305,31985,197.982,563016,1865,1,2.71095,1.46689,1865,3304,3380,1,4.27626,1.55308,1865,8926,9306
3,267,2786859,1809984,1068,135,2230,1.02974,1.55648,1129,-1,ok,0,0,0,0,1128,1,1,1.06618,1068,1521,7424,1,0.808129,1068,2254,20394,5.80342,13936,1068,1,1.44009,0.826954,1068,1163,1996,1,1.62821,0.922968,1068,1122,5393
3,268,2948186,2866807,424,54,294,0.152359,0.379935,439,-1,ok,0,0,0,0,438,1,1,0.161282,424,424,3456,1,0.106123,424,424,10432,0.152835,424,424,1,0.256875,0.132824,424,424,852,1,0.539116,0.38558,424,424,2560
3,269,837275,3217710,2157,270,10514,4.00842,3.33997,2202,-1,ok,0,0,0,0,2201,1,1,2.87893,2157,2364,14129,1,1.65541,2157,3396,38740,2.54384,4785,2157,1,3.67728,2.16716,2157,2369,4073,1,3.76232,2.07504,2157,2795,10991
3,270,1633134,3007164,1393,175,4150,1.84132,2.11112,1438,-1,ok,0,0,0,0,1437,1,1,1.2624,1393,1405,8987,1,1.00196,1393,2339,24149,0.730834,2433,1393,1,1.9127,1.10401,1393,1393,2568,1,2.06704,1.153,1393,1892,6908
3,271,3177553,363823,1951,244,472,0.512063,3.28951,1992,-1,ok,0,0,0,0,1991,1,1,5.1084,1951,7877,13268,1,7.96646,1951,20519,36986,77.2363,213424,1951,1,4.3122,2.58411,1951,2835,3592,1,5.16395,2.31637,1951,5999,9842
3,272,1545611,2173818,374,47,146,0.163615,0.964577,383,-1,ok,0,0,0,0,382,1,1,0.594767,374,460,2905,1,0.235331,374,576,8624,0.541753,672,374,1,0.652108,0.435073,374,385,730,1,0.733691,0.481325,374,421,2152
3,273,2234670,1030403,742,93,429,0.315926,1.31812,773,-1,ok,0,0,0,0,772,1,1,2.08206,742,4389,5331,1,2.72807,742,9119,15519,5.93926,21480,742,1,1.61049,0.956967,742,1320,1439,1,2.01149,0.815208,742,3185,4069
3,274,1061263,517752,391,51,281,0.215302,0.83238,420,-1,ok,0,0,0,0,419,1,1,0.669192,391,391,2820,1,0.261063,391,391,7678,0.462505,391,391,1,0.784181,0.456363,391,391,698,1,0.693916,0.363876,391,391,1806
3,275,2611184,1093057,1834,230,2888,1.61186,2.62888,1885,-1,ok,0,0,0,0,1884,1,1,2.59423,1834,3312,12376,1,1.73912,1834,5430,32416,6.09036,23458,1834,1,3.06836,1.73211,1834,2031,3409,1,2.94791,1.64882,1834,2710,9047
3,276,1860944,3238002,887,111,140,0.218519,1.80966,908,-1,ok,0,0,0,0,907,1,1,1.471,887,1451,6341,1,0.848656,887,2528,15947,2.67146,7360,887,1,1.88126,1.07022,887,975,1371,1,1.43406,0.832254,887,1289,3939
3,277,2169703,1399028,791,100,342,0.248174,1.12183,820,-1,ok,0,0,0,0,819,1,1,0.917408,791,1155,5080,1,0.668875,791,1947,14063,7.49566,33161,791,1,1.06629,0.626504,791,833,1323,1,1.13836,0.659942,791,1022,3809
3,278,1948620,2128617,131,17,31,0.038983,0.232404,142,-1,ok,0,0,0,0,141,1,1,0.250032,131,458,980,1,0.308481,131,1206,2673,0.855958,2436,131,1,0.20052,0.1287,131,217,257,1,0.323754,0.181499,131,541,715
3,279,2566018,882646,1597,201,1568,0.850981,2.63155,1640,-1,ok,0,0,0,0,1639,1,1,4.42627,1609,9595,10793,1,7.38843,1609,25457,29099,246.484,617665,1597,1,3.1519,1.87071,1609,2830,3022,1,3.91637,1.5178,1609,7309,8213
3,280,929280,999352,167,22,210,0.124191,0.257381,176,-1,ok,0,0,0,0,175,1,1,0.110016,167,167,1408,1,0.055163,167,167,3776,0.076041,167,167,1,0.135133,0.078196,167,167,336,1,0.231272,0.133981,167,167,980
3,281,924154,2537686,1628,204,4740,2.10486,2.45685,1677,-1,ok,0,0,0,0,1676,1,1,3.6436,1636,8621,10626,1,6.20564,1636,21501,29299,3.73569,10751,1628,1,2.63149,1.52007,1636,2820,3034,1,3.53726,1.3877,1636,6845,8089
3,282,2000652,1137046,874,110,1058,0.548155,1.33513,887,-1,ok,0,0,0,0,886,1,1,0.822877,874,941,5533,1,0.560897,874,1209,14730,0.394266,889,874,1,1.22237,0.713984,874,874,1518,1,1.28414,0.710219,874,886,4198
3,283,2582565,607763,1299,163,2499,1.06101,2.35402,1320,-1,ok,0,0,0,0,1319,1,1,2.34139,1299,1745,9411,1,1.34071,1299,1723,26383,1.55602,1299,1299,1,2.66846,1.71369,1299,1299,2551,1,2.47003,1.29763,1299,1299,6989
3,284,3245185,785165,2684,337,3130,1.73687,3.38908,2749,-1,ok,0,0,0,0,2748,1,1,4.98351,2684,9372,17897,1,5.72203,2684,17263,48536,72.6496,258035,2684,1,4.04063,2.40257,2684,3556,4660,1,5.27229,2.5616,2684,6403,12845
3,285,1231498,2364091,1022,129,1209,0.707151,1.75565,1041,-1,ok,0,0,0,0,1040,1,1,1.27626,1022,1055,5702,1,0.603608,1022,1214,16292,2.52865,5477,1022,1,1.61397,1.00536,1022,1022,1906,1,1.39119,0.791357,1022,1022,4932
3,286,1066192,1226502,199,25,168,0.097894,0.239197,200,-1,ok,0,0,0,0,199,1,1,0.197819,199,199,1600,1,0.061475,199,199,4864,0.089046,199,199,1,0.236903,0.163426,199,199,400,1,0.297095,0.210153,199,199,1204
3,287,1869193,2052669,328,42,179,0.097983,0.577258,359,-1,ok,0,0,0,0,358,1,1,0.450041,328,1189,1898,1,0.609659,328,2845,4854,5.4485,21267,328,1,0.338061,0.191458,328,365,470,1,0.467292,0.244767,328,808,1346
3,288,2994814,3098447,829,105,622,0.312402,0.693515,854,-1,ok,0,0,0,0,853,1,1,0.355404,829,1135,6458,1,0.75442,829,3586,18360,4.07592,17762,829,1,0.454279,0.217206,829,1135,1638,1,1.12523,0.669492,829,1749,4818
3,289,1797269,848583,613,78,303,0.212346,1.1685,646,-1,ok,0,0,0,0,645,1,1,0.977116,613,617,4649,1,0.637971,613,613,13544,0.890885,1897,613,1,1.40729,0.857031,613,613,1214,1,1.18039,0.704216,613,613,3579
3,290,1214793,1750358,1135,143,204,0.180248,1.2167,1176,-1,ok,0,0,0,0,1175,1,1,1.58046,1135,4995,8162,1,3.02097,1135,12110,23317,17.5734,68787,1135,1,1.07435,0.552633,1135,1782,2213,1,2.02551,0.935427,1135,3903,6276
3,291,2831898,2102650,653,82,470,0.32624,0.962318,672,-1,ok,0,0,0,0,671,1,1,0.929215,653,742,4548,1,0.447937,653,710,12368,0.729904,653,653,1,1.11991,0.651077,653,653,1235,1,1.08367,0.615089,653,653,3446
3,292,2244867,2707981,771,98,948,0.295162,0.741605,800,-1,ok,0,0,0,0,799,1,1,0.28379,771,771,5672,1,0.336979,771,806,14952,3.56,10128,771,1,0.469608,0.22462,771,771,1503,1,0.979039,0.57811,771,771,4222
3,293,1073058,1365640,1214,152,1989,0.812488,1.09068,1243,-1,ok,0,0,0,0,1242,1,1,1.30687,1214,4962,9064,1,2.61208,1214,11482,25318,34.263,125923,1214,1,0.910542,0.459399,1214,1886,2366,1,1.88584,0.885053,1214,4355,6696
3,294,2216425,1540683,1508,190,296,0.242684,1.74715,1569,-1,ok,0,0,0,0,1568,1,1,1.29178,1510,1900,9744,1,0.948172,1510,2913,26897,94.6081,291143,1508,1,1.52459,0.894391,1510,1564,2839,1,1.88147,1.04075,1510,2104,7533
3,295,2060741,2215164,463,58,284,0.16617,0.409224,476,-1,ok,0,0,0,0,475,1,1,0.188493,463,505,3372,1,0.189954,463,609,9511,0.168515,463,463,1,0.222034,0.095397,463,463,867,1,0.46562,0.25689,463,481,2462
3,296,1441555,704228,1628,204,3461,1.55201,1.70171,1651,-1,ok,0,0,0,0,1650,1,1,3.01675,1628,9747,11880,1,5.96608,1628,25372,32677,54.0745,206765,1628,1,1.93053,1.04205,1628,2836,3149,1,3.3239,1.43503,1628,7203,8728
3,297,2513611,686770,1174,148,2560,1.36785,2.13782,1225,-1,ok,0,0,0,0,1224,1,1,2.04664,1174,1174,8243,1,0.808831,1174,1503,23150,7.12108,16039,1174,1,2.58742,1.61841,1174,1174,2217,1,2.17602,1.28866,1174,1176,6052
3,298,1306030,2886412,938,119,655,0.452225,1.95351,979,-1,ok,0,0,0,0,978,1,1,2.10092,938,3362,6862,1,3.44753,938,10819,18944,12.4454,32381,938,1,1.91146,1.2046,938,1310,1812,1,2.13584,1.097,938,2878,4869
3,299,404356,1929489,1380,173,2036,0.922944,2.16951,1461,-1,ok,0,0,0,0,1460,1,1,1.8848,1380,1864,9071,1,0.987595,1380,1954,23665,6.80933,18896,1380,1,2.24801,1.33859,1380,1473,2472,1,1.99446,1.1459,1380,1421,6419
4,0,2654607,497695,1710,108,1260,0.849418,3.43192,1847,-1,ok,0,0,0,0,1846,1,1,7.5002,1716,18429,22170,1,13.0055,1716,49792,63097,5.50279,12833,1710,1,4.16559,2.41655,1716,2907,3126,1,5.07236,2.10512,1716,7629,8703
4,1,2221473,1571062,1589,100,333,0.224929,1.94876,1646,-1,ok,0,0,0,0,1645,1,1,2.66375,1597,9642,22529,1,5.51413,1597,23559,63484,45.5843,160357,1589,1,1.59455,0.874044,1597,2199,3052,1,2.55473,1.32972,1597,4472,8724
4,2,641811,2589149,1344,85,386,0.292005,2.7864,1541,-1,ok,0,0,0,0,1540,1,1,1.98747,1344,1375,16762,1,1.15838,1344,2470,44792,2.31562,3632,1344,1,2.93776,1.75296,1344,1344,2445,1,2.68665,1.49596,1344,1685,6594
4,3,2250714,2339143,278,18,46,0.042701,0.27307,303,-1,ok,0,0,0,0,302,1,1,0.096721,278,278,4423,1,0.090339,278,278,13273,0.100707,278,278,1,0.179116,0.103634,278,278,519,1,0.32094,0.224239,278,278,1547
4,4,2536396,353659,1876,118,739,0.442565,2.83069,1911,-1,ok,0,0,0,0,1910,1,1,2.50369,1876,2480,24017,1,1.36351,1876,1939,65014,11.1499,28227,1876,1,3.49815,2.03994,1876,1917,3480,1,3.58367,2.03259,1876,1996,9572
4,5,916591,1430479,1191,76,317,0.228897,1.38222,1334,-1,ok,0,0,0,0,1333,1,1,3.21513,1223,12496,15794,1,7.06672,1223,32564,45259,39.1858,132776,1191,1,1.19164,0.634966,1223,2100,2345,1,2.36679,1.07436,1223,5369,6333
4,6,500826,2935247,2173,136,2407,1.22019,3.79352,2336,-1,ok,0,0,0,0,2335,1,1,3.62699,2173,4467,28435,1,4.34899,2173,11738,77182,11.4761,31438,2173,1,4.05789,2.42734,2173,2288,4082,1,4.42722,2.47089,2173,3302,11013
4,7,2429283,2288496,465,30,113,0.121187,0.612204,496,-1,ok,0,0,0,0,495,1,1,0.197309,465,465,7192,1,0.179756,465,465,21108,0.241661,804,465,1,0.342439,0.181057,465,465,901,1,0.613868,0.447054,465,465,2679
4,8,502542,1287255,645,42,216,0.139692,1.43627,708,-1,ok,0,0,0,0,707,1,1,2.55132,645,5892,8120,1,5.74455,645,16552,23432,18.8746,63467,645,1,1.23532,0.791869,645,999,1193,1,1.56996,0.815563,645,2370,3328
4,9,2726054,800471,1487,94,1487,0.921432,2.60057,1644,-1,ok,0,0,0,0,1643,1,1,2.64435,1487,2837,19484,1,1.89314,1487,5141,54432,1.74179,2150,1487,1,3.00141,1.92526,1487,1487,2703,1,2.60655,1.59352,1487,1522,7354
4,10,3031784,709412,1662,105,914,0.54607,2.82338,1725,-1,ok,0,0,0,0,1724,1,1,2.33947,1662,1666,23003,1,1.01716,1662,1666,62243,39.4502,146083,1662,1,3.65931,2.03774,1662,1674,3085,1,3.16741,1.90441,1662,1662,8689
4,11,813038,2649998,1861,118,172,0.169266,3.03966,2152,-1,ok,0,0,0,0,2151,1,1,1.84709,1861,2012,20407,1,1.5037,1861,3261,56320,1.47947,2064,1861,1,2.97831,1.77743,1861,1861,3161,1,3.12062,1.83056,1861,2129,8355
4,12,2906523,1340129,1264,79,920,0.525252,2.12741,1387,-1,ok,0,0,0,0,1386,1,1,2.40814,1268,5166,17132,1,3.52796,1268,12800,48375,25.1236,73256,1264,1,2.43522,1.42762,1268,1516,2398,1,2.71562,1.54011,1268,2430,6702
4,13,2198005,2773306,1504,94,367,0.233967,1.67178,1603,-1,ok,0,0,0,0,1602,1,1,4.44534,1506,15526,18793,1,10,1506,40838,51796,57.8267,197182,1504,1,1.60834,0.853234,1506,2648,2877,1,2.93272,1.22544,1506,6785,7862
4,14,1009630,2195480,1009,63,321,0.245479,1.91376,1152,-1,ok,0,0,0,0,1151,1,1,1.51672,1009,1537,12934,1,1.05876,1009,1893,34701,3.09025,8169,1009,1,1.96286,1.27524,1009,1009,1919,1,1.80078,0.993004,1009,1361,5304
4,15,2077961,2827531,1186,75,536,0.293528,1.51926,1247,-1,ok,0,0,0,0,1246,1,1,0.899552,1186,1308,15105,1,0.55622,1186,1193,45926,31.7652,125454,1186,1,1.30921,0.780999,1186,1188,2276,1,1.67052,1.09486,1186,1188,6492
4,16,1553701,2469994,602,39,39,0.064151,1.32458,699,-1,ok,0,0,0,0,698,1,1,0.903018,602,836,8716,1,0.516597,602,1213,25352,0.978097,1976,602,1,1.19033,0.793482,602,609,1166,1,1.22972,0.801236,602,618,3342
4,17,2490161,384400,1409,89,340,0.23574,2.47401,1610,-1,ok,0,0,0,0,1609,1,1,2.18268,1409,1709,18234,1,1.18276,1409,1486,49067,1.74321,1693,1409,1,3.10269,1.88232,1409,1409,2635,1,3.02928,1.6276,1409,1958,7013
4,18,2599025,2034587,1669,106,783,0.45967,2.0436,1814,-1,ok,0,0,0,0,1813,1,1,5.4173,1695,19459,21592,1,12.4315,1695,53454,61433,36.9877,141895,1669,1,2.18447,1.21924,1695,2968,3102,1,3.91922,1.8419,1695,8085,8938
4,19,1181060,2927824,1734,109,2312,1.2816,2.80775,1833,-1,ok,0,0,0,0,1832,1,1,2.00503,1734,2031,22500,1,1.49269,1734,3362,61054,13.4914,51628,1734,1,2.83861,1.71155,1734,1746,3228,1,3.15611,1.79835,1734,2453,8799
4,20,645781,614849,395,27,67,0.081204,0.520352,442,-1,ok,0,0,0,0,441,1,1,0.376343,395,975,5841,1,0.955405,395,4964,16160,2.55749,12656,395,1,0.310219,0.191237,395,433,758,1,0.750362,0.430915,395,1417,2150
4,21,2468056,2256643,1145,71,233,0.117309,0.969351,1210,-1,ok,0,0,0,0,1209,1,1,1.09918,1145,4943,17055,1,2.90593,1145,14061,46974,9.5687,41640,1145,1,0.761364,0.386904,1145,1418,2216,1,1.70129,0.929216,1145,2875,6045
4,22,251497,3219170,2176,137,2977,1.70642,3.81513,2361,-1,ok,0,0,0,0,2360,1,1,3.32264,2176,2391,30545,1,6.2836,2176,14907,84819,30.4037,83714,2176,1,5.0843,2.95726,2176,2176,4159,1,6.35499,4.02453,2176,2678,11831
4,23,569297,2803754,1948,122,1543,0.971907,3.35145,2091,-1,ok,0,0,0,0,2090,1,1,8.98914,1956,24248,25098,1,22.3205,1956,65087,68333,247.67,673122,1948,1,4.84568,2.37586,1956,3620,3684,1,6.19946,2.31221,1956,9683,9961
4,24,2520461,1501553,674,42,142,0.173575,1.41304,721,-1,ok,0,0,0,0,720,1,1,0.999888,674,804,9950,1,0.490176,674,692,28474,2.30261,7515,674,1,1.42933,0.877068,674,674,1312,1,1.43683,0.825612,674,679,3784
4,25,2003860,731758,1205,76,112,0.113421,1.71634,1342,-1,ok,0,0,0,0,1341,1,1,1.25106,1205,1469,15518,1,0.854566,1205,1850,42482,6.91244,31467,1205,1,2.04775,1.18725,1205,1205,2229,1,2.0232,1.15501,1205,1206,6074
4,26,613334,2557422,1168,73,110,0.132128,2.15408,1203,-1,ok,0,0,0,0,1202,1,1,1.9207,1168,2044,16193,1,1.13179,1168,1194,43616,8.20815,30286,1168,1,2.66101,1.61631,1168,1203,2275,1,2.48514,1.4019,1168,1407,6508
4,27,387537,2005469,1167,74,657,0.485848,2.3936,1306,-1,ok,0,0,0,0,1305,1,1,1.78948,1167,2065,16593,1,1.13775,1167,2685,46264,1.65663,3473,1167,1,2.36859,1.44785,1167,1271,2238,1,2.2861,1.26185,1167,1459,6362
4,28,344125,2584166,2379,149,2517,1.03879,3.63692,2638,-1,ok,0,0,0,0,2637,1,1,9.54929,2387,26369,28833,1,21.8717,2387,70551,76864,553.701,1.28006e+06,2379,1,5.03503,2.68598,2387,4280,4472,1,6.87585,2.50912,2387,11028,11788
4,29,2992346,1955386,784,49,197,0.232123,1.59298,861,-1,ok,0,0,0,0,860,1,1,1.47731,784,2942,9525,1,1.82687,784,6854,29195,13.1246,52143,784,1,1.41468,0.94767,784,997,1381,1,1.56142,0.876187,784,1747,3912
4,30,2891864,2043208,1327,84,965,0.440403,1.62413,1418,-1,ok,0,0,0,0,1417,1,1,1.03645,1327,1938,16396,1,0.789966,1327,2017,45061,18.5279,79579,1327,1,1.52186,0.816895,1327,1365,2247,1,1.76238,1.0383,1327,1508,6309
4,31,593449,1109625,711,46,173,0.120074,1.06191,824,-1,ok,0,0,0,0,823,1,1,0.669771,711,713,9600,1,0.311453,711,729,26677,1.12681,3075,711,1,0.945207,0.628225,711,711,1330,1,1.05661,0.658371,711,772,3628
4,32,2770066,477636,2303,148,1472,0.688596,3.1636,2540,-1,ok,0,0,0,0,2539,1,1,4.72257,2313,10245,30633,1,8.22354,2313,28796,84971,5.85467,15953,2303,1,4.19144,2.41305,2313,2840,4359,1,5.71254,2.8732,2313,5433,12063
4,33,1568488,2024378,743,47,242,0.164497,1.06502,796,-1,ok,0,0,0,0,795,1,1,0.506856,743,810,9860,1,0.441294,743,1319,28168,0.801227,2836,743,1,0.832116,0.495516,743,743,1360,1,1.03612,0.675053,743,776,3850
4,34,2636861,1355914,1868,118,740,0.362778,2.11012,2003,-1,ok,0,0,0,0,2002,1,1,3.83307,1868,11759,26910,1,7.17793,1868,28229,74679,29.6799,120630,1868,1,2.56815,1.47707,1868,2314,3626,1,4.08418,2.01579,1868,5187,10355
4,35,2807379,1728601,1223,76,88,0.1231,1.98382,1312,-1,ok,0,0,0,0,1311,1,1,1.67396,1223,3264,15374,1,2.05483,1223,7376,40192,4.63421,16354,1223,1,2.16829,1.23436,1223,1358,2259,1,2.17421,1.21589,1223,1829,5810
4,36,548195,1129534,384,25,29,0.080801,0.823418,453,-1,ok,0,0,0,0,452,1,1,0.632061,384,384,4880,1,0.261208,384,427,13752,0.546731,384,384,1,0.840631,0.568733,384,384,719,1,0.589551,0.364241,384,384,1855
4,37,1403079,1097550,787,51,185,0.122899,0.989849,896,-1,ok,0,0,0,0,895,1,1,2.1748,797,7995,10561,1,4.47987,787,20971,27956,28.5773,114224,787,1,0.962839,0.585995,797,1270,1411,1,1.50215,0.724454,787,3078,3934
4,38,1098506,2400310,1127,71,738,0.340176,1.93157,1232,-1,ok,0,0,0,0,1231,1,1,1.63852,1127,1876,14519,1,1.20962,1127,3308,41457,1.10502,1127,1127,1,2.13211,1.30875,1127,1200,2073,1,2.03367,1.20354,1127,1433,5774
4,39,549302,2763681,1609,101,1596,0.706771,2.79514,1670,-1,ok,0,0,0,0,1669,1,1,2.15937,1609,1707,21174,1,1.19349,1609,2067,57369,39.4474,121137,1609,1,3.3132,1.99188,1609,1609,2974,1,3.6741,2.06094,1609,2027,8351
4,40,2830387,1329031,990,63,228,0.21922,1.82711,1067,-1,ok,0,0,0,0,1066,1,1,1.29716,994,1525,11489,1,1.91958,994,5383,33976,3.4029,12620,990,1,1.97761,1.21903,994,1046,1684,1,1.8444,1.05015,994,1250,4665
4,41,2571837,1609971,1200,76,573,0.323774,1.55564,1247,-1,ok,0,0,0,0,1246,1,1,0.974781,1200,1589,15158,1,1.51361,1200,4234,42455,0.972898,2243,1200,1,1.61484,0.892066,1200,1326,2249,1,1.97393,1.20873,1200,1459,6235
4,42,2269545,949398,1480,94,912,0.528327,2.24906,1653,-1,ok,0,0,0,0,1652,1,1,1.91372,1480,4016,19319,1,1.75534,1480,5366,52602,2.64886,7900,1480,1,2.3395,1.39916,1480,1480,2767,1,2.49881,1.45519,1480,1865,7565
4,43,2386550,2005422,1757,113,884,0.375171,1.97081,1940,-1,ok,0,0,0,0,1939,1,1,4.63496,1811,19055,23409,1,9.20573,1811,46249,63960,84.0841,350924,1757,1,1.90396,1.05462,1811,2966,3373,1,3.40132,1.6342,1811,6959,9269
4,44,3228329,1091487,1429,92,960,0.597146,2.95499,1542,-1,ok,0,0,0,0,1541,1,1,3.36505,1433,5630,18028,1,3.58351,1433,13879,52402,2.12521,1429,1429,1,3.18364,1.99758,1433,1775,2746,1,3.06535,1.6949,1433,2950,7570
4,45,1252674,2899369,1220,77,332,0.238866,2.25023,1297,-1,ok,0,0,0,0,1296,1,1,1.44278,1220,1291,15253,1,0.876316,1220,1657,40878,9.53256,38831,1220,1,2.14782,1.31337,1220,1220,2223,1,2.12721,1.2663,1220,1582,6047
4,46,1245004,2631833,1742,110,1049,0.633293,2.2781,1917,-1,ok,0,0,0,0,1916,1,1,1.49225,1742,1872,23629,1,1.22812,1742,2856,63852,10.6568,45741,1742,1,2.35205,1.36463,1742,1742,3300,1,2.72367,1.66684,1742,1830,9000
4,47,2746631,1120353,1791,114,675,0.377174,2.32022,1960,-1,ok,0,0,0,0,1959,1,1,3.26192,1791,9380,22574,1,4.86923,1791,19330,62116,23.8693,94508,1791,1,2.73969,1.59312,1791,2266,3392,1,3.8038,1.74399,1791,4627,9203
4,48,1545941,1034885,778,50,53,0.094326,1.62763,923,-1,ok,0,0,0,0,922,1,1,1.36702,778,3362,9776,1,1.6935,778,7553,24911,43.8603,113131,778,1,1.36399,0.923646,778,957,1447,1,1.5509,0.850849,778,1657,3854
4,49,707664,3179843,2152,136,3090,1.44277,3.23212,2293,-1,ok,0,0,0,0,2292,1,1,7.98341,2156,18453,27074,1,15.3762,2156,48838,77181,3.12625,4780,2152,1,4.34311,2.50678,2156,3491,3939,1,5.83798,2.32323,2156,9138,11405
4,50,2697605,251222,1758,110,216,0.268461,3.14576,1861,-1,ok,0,0,0,0,1860,1,1,5.45414,1776,13019,25074,1,8.96825,1776,31498,69564,56.1164,150765,1758,1,4.15759,2.56073,1776,2471,3415,1,4.00852,2.14557,1776,4797,9459
4,51,598957,1160461,516,33,210,0.152055,0.95273,583,-1,ok,0,0,0,0,582,1,1,1.55328,516,5240,6976,1,3.43391,516,14657,19625,17.9099,59572,516,1,0.815703,0.495826,516,850,986,1,1.14671,0.557313,516,2113,2623
4,52,2808838,629110,1283,83,315,0.311173,2.55437,1436,-1,ok,0,0,0,0,1435,1,1,5.80766,1297,8939,18786,1,5.68662,1297,16300,54475,2.02703,3610,1283,1,3.29726,2.03548,1297,1810,2522,1,3.70481,1.74019,1297,3856,7210
4,53,2674667,2450469,1734,111,476,0.312223,2.0969,1877,-1,ok,0,0,0,0,1876,1,1,2.20267,1734,8290,24263,1,4.17271,1734,20912,66533,21.7364,104186,1734,1,2.07074,1.25155,1734,2196,3332,1,2.9132,1.67988,1734,4055,9373
4,54,902226,2397303,1907,120,1616,0.814461,2.7129,2088,-1,ok,0,0,0,0,2087,1,1,1.83618,1907,2503,25097,1,1.70106,1907,5335,67524,11.6049,48095,1907,1,2.52535,1.55133,1907,1971,3552,1,2.98873,1.74275,1907,2290,9379
4,55,3160580,2590500,1640,103,928,0.414053,1.74277,1737,-1,ok,0,0,0,0,1736,1,1,5.06686,1640,20486,21430,1,11.995,1640,53244,57545,82.4729,319538,1640,1,2.0211,1.18663,1640,2989,3062,1,3.4717,1.44365,1640,8330,8674
4,56,3063115,1271576,1534,97,1112,0.579864,2.35526,1659,-1,ok,0,0,0,0,1658,1,1,4.80652,1542,12292,20687,1,8.73641,1542,29261,54379,20.5217,70700,1534,1,3.1043,1.81663,1542,2384,2887,1,3.60719,1.65238,1542,5367,7696
4,57,471188,1449834,1138,71,91,0.128459,1.66879,1243,-1,ok,0,0,0,0,1242,1,1,3.88219,1148,13857,14625,1,8.38791,1138,34829,40578,47.3182,188958,1138,1,1.91315,1.2038,1148,2073,2097,1,2.73368,1.21403,1138,5418,5730
4,58,1353978,2059850,918,60,368,0.261799,1.62832,1009,-1,ok,0,0,0,0,1008,1,1,3.47688,918,9193,11315,1,5.57809,918,24234,29019,100.475,240846,918,1,1.60378,0.996883,918,1619,1750,1,1.88528,0.820863,918,3843,4493
4,59,2540733,1967844,911,58,324,0.1979,1.13824,972,-1,ok,0,0,0,0,971,1,1,1.24159,911,3862,11867,1,2.15214,911,9785,31427,41.104,149390,911,1,1.23657,0.67958,911,1113,1526,1,1.4625,0.762304,911,1920,4258
4,60,2700562,1997667,1296,81,278,0.144872,1.28956,1359,-1,ok,0,0,0,0,1358,1,1,0.865187,1296,1968,18206,1,0.689399,1296,2225,48211,8.09667,37558,1296,1,1.21746,0.659451,1296,1306,2432,1,1.87027,1.11811,1296,1763,6842
4,61,1637568,2044505,363,24,52,0.054812,0.674801,420,-1,ok,0,0,0,0,419,1,1,0.42289,363,363,4908,1,0.193021,363,379,13292,1.13346,4049,363,1,0.620529,0.403723,363,363,662,1,0.565216,0.354483,363,372,1799
4,62,1801679,2696751,1870,119,213,0.165769,1.93654,2023,-1,ok,0,0,0,0,2022,1,1,5.19982,1876,20463,24478,1,11.9503,1876,52337,65919,104.415,366815,1870,1,2.26063,1.2336,1876,3233,3473,1,3.88153,1.62361,1876,8296,9484
4,63,598957,2906552,1287,81,273,0.330979,2.71953,1332,-1,ok,0,0,0,0,1331,1,1,2.27561,1287,1287,20604,1,1.12782,1287,1287,60796,1.88467,1287,1287,1,3.18674,2.23935,1287,1287,2576,1,2.80911,1.81545,1287,1287,7732
4,64,1955372,794087,930,59,254,0.190906,1.52268,1003,-1,ok,0,0,0,0,1002,1,1,1.09983,930,942,12945,1,0.571679,930,942,34543,0.912525,1021,930,1,1.70064,1.02262,930,942,1694,1,1.70559,1.03314,930,930,4908
4,65,2039260,2947726,1193,76,399,0.239358,1.801,1316,-1,ok,0,0,0,0,1315,1,1,1.478,1193,2968,14561,1,1.51476,1193,5983,39919,18.1587,65520,1193,1,1.8153,1.13695,1193,1299,2224,1,1.84109,1.12117,1193,1719,5963
4,66,556924,1599250,705,45,197,0.159078,1.28972,786,-1,ok,0,0,0,0,785,1,1,1.03979,705,844,10271,1,4.01062,705,8264,27734,1.39945,3444,705,1,1.52657,0.982456,705,705,1343,1,1.52313,0.771822,705,1573,3773
4,67,278380,2626389,2296,145,2696,1.2552,3.31526,2545,-1,ok,0,0,0,0,2544,1,1,2.57915,2296,2406,28733,1,2.03689,2296,5000,79405,6.0196,19686,2296,1,3.89022,2.2412,2296,2326,4259,1,4.10422,2.28684,2296,2934,11493
4,68,2339398,455629,2015,127,1839,1.10754,2.79571,2134,-1,ok,0,0,0,0,2133,1,1,2.21236,2015,3281,26577,1,2.17461,2015,6994,72787,2.05968,5306,2015,1,3.27671,1.86602,2015,2087,3707,1,3.37338,1.9652,2015,2463,10175
4,69,2397188,1012607,1150,73,296,0.24592,1.7983,1227,-1,ok,0,0,0,0,1226,1,1,1.20347,1150,1258,15892,1,1.23156,1150,3216,43014,1.32893,2867,1150,1,2.149,1.17973,1150,1150,2113,1,2.17318,1.22046,1150,1223,5984
4,70,2467967,715435,1642,104,613,0.400398,2.30698,1693,-1,ok,0,0,0,0,1692,1,1,1.80795,1648,2022,20152,1,1.11264,1642,1679,53744,10.0758,39324,1642,1,2.75235,1.54547,1648,1681,2988,1,2.91087,1.62548,1648,1818,8097
4,71,279709,835397,829,53,673,0.434902,1.23013,884,-1,ok,0,0,0,0,883,1,1,0.919868,829,1595,12595,1,0.813931,829,2935,35511,1.38863,4287,829,1,1.07216,0.629246,829,928,1636,1,1.43408,0.871417,829,1312,4647
4,72,825921,1088080,805,52,152,0.094948,0.74383,864,-1,ok,0,0,0,0,863,1,1,1.70421,805,6952,11095,1,3.78143,805,17796,30482,9.31247,43024,805,1,0.740153,0.396171,805,1215,1482,1,1.42906,0.705037,805,2993,4214
4,73,2686056,3089348,412,27,50,0.057917,0.662217,437,-1,ok,0,0,0,0,436,1,1,1.03478,412,2110,5000,1,1.54278,412,5391,12039,10.2166,36298,412,1,0.710107,0.446423,412,522,692,1,0.574042,0.312914,412,956,1526
4,74,935096,1634738,947,60,673,0.436597,1.37415,1020,-1,ok,0,0,0,0,1019,1,1,1.83509,949,4153,12567,1,1.17393,947,4874,35006,12.2843,51377,947,1,1.30915,0.837895,949,949,1783,1,1.5183,0.943944,949,1362,5068
4,75,384006,760874,877,56,57,0.057967,0.994988,942,-1,ok,0,0,0,0,941,1,1,0.805484,877,1841,11856,1,0.522435,877,1887,33158,10.1644,45115,877,1,8.28059,7.86427,877,981,1660,1,1.2239,0.742597,877,1232,4686
4,76,1947155,898061,889,56,195,0.136255,1.68767,1050,-1,ok,0,0,0,0,1049,1,1,1.48719,889,1843,10622,1,0.951268,889,2801,28004,2.92053,9792,889,1,1.8106,1.17884,889,948,1621,1,1.49681,0.838997,889,948,4454
4,77,658137,789793,329,22,64,0.046337,0.466891,360,-1,ok,0,0,0,0,359,1,1,0.268362,329,825,5109,1,0.156042,329,697,13670,0.252181,1038,329,1,0.254335,0.157994,329,329,660,1,0.457506,0.296675,329,350,1883
4,78,363830,2056905,2015,127,546,0.356418,3.05845,2290,-1,ok,0,0,0,0,2289,1,1,2.09957,2015,2657,26127,1,2.47587,2015,7949,71742,10.9426,34458,2015,1,3.03306,1.79654,2015,2015,3796,1,3.20249,1.86644,2015,2548,10442
4,79,1761748,2892020,756,48,290,0.222485,1.64325,811,-1,ok,0,0,0,0,810,1,1,1.91582,756,3106,10581,1,2.59555,756,8623,31127,11.3374,38399,756,1,1.78675,1.27558,756,756,1505,1,1.57291,0.945708,756,1139,4269
4,80,2351211,2029768,1106,70,318,0.198581,1.38471,1249,-1,ok,0,0,0,0,1248,1,1,1.41975,1106,4188,15762,1,2.45597,1106,11471,42700,15.6695,53987,1106,1,1.1392,0.648322,1106,1289,2089,1,1.62381,0.971283,1106,2097,5650
4,81,647090,520796,364,23,102,0.074088,0.413923,377,-1,ok,0,0,0,0,376,1,1,0.207837,364,365,5709,1,0.139309,364,364,16752,0.196087,364,364,1,0.359521,0.200634,364,364,722,1,0.552912,0.405938,364,364,2150
4,82,2202913,1998284,1606,101,787,0.360341,1.80043,1699,-1,ok,0,0,0,0,1698,1,1,4.13926,1606,17188,20786,1,8.20354,1606,41612,57430,82.6626,347668,1606,1,1.5915,0.9036,1606,2612,2953,1,2.79473,1.36495,1606,6087,8143
4,83,2307907,2951731,1581,99,793,0.441554,1.73299,1674,-1,ok,0,0,0,0,1673,1,1,1.10142,1581,1713,21397,1,0.681331,1581,1689,59358,12.0233,49167,1581,1,1.54166,0.884003,1581,1581,3090,1,2.10167,1.33927,1581,1591,8667
4,84,1871832,591133,1610,106,1436,0.711788,2.25446,1907,-1,ok,0,0,0,0,1906,1,1,2.3642,1658,4676,22200,1,1.97099,1658,7663,59647,12.1268,45309,1610,1,2.40932,1.47931,1658,1784,3102,1,2.69702,1.56542,1658,2599,8312
4,85,1820468,769068,784,50,301,0.230001,1.43125,839,-1,ok,0,0,0,0,838,1,1,0.990621,784,927,10583,1,0.683928,784,1154,29631,0.837213,784,784,1,1.50818,0.846401,784,833,1482,1,1.4241,0.831845,784,807,4073
4,86,618657,2879486,1405,89,513,0.323544,2.65706,1538,-1,ok,0,0,0,0,1537,1,1,4.91116,1405,10824,20083,1,6.6513,1405,22614,55263,14.2604,40711,1405,1,3.16381,2.16153,1405,1757,2543,1,3.19057,1.69684,1405,3551,7315
4,87,759127,2437547,1913,120,1373,0.868001,2.83763,2120,-1,ok,0,0,0,0,2119,1,1,3.16461,1923,7962,25109,1,2.47921,1913,8720,68986,29.5972,111220,1913,1,2.93294,1.798,1923,2258,3576,1,3.15686,1.93272,1913,2044,9902
4,88,2003626,436977,2082,129,1496,0.701569,2.7512,2249,-1,ok,0,0,0,0,2248,1,1,7.94987,2092,25198,26937,1,19.9638,2082,68238,73914,274.922,756660,2082,1,3.59713,1.93408,2092,3741,3857,1,5.18609,2.04077,2082,10040,10597
4,89,2088216,2111650,95,6,10,0.017403,0.226553,112,-1,ok,0,0,0,0,111,1,1,0.261489,95,456,1197,1,0.275785,95,945,3571,0.580094,1473,95,1,0.143006,0.098212,95,119,169,1,0.145843,0.094938,95,208,433
4,90,2481203,2200930,683,44,94,0.088726,0.779828,702,-1,ok,0,0,0,0,701,1,1,0.45465,683,683,10111,1,0.253693,683,683,28434,0.582999,1582,683,1,0.656436,0.391972,683,683,1326,1,0.999207,0.637532,683,759,3820
4,91,1827763,2791217,1053,67,315,0.163635,1.75218,1152,-1,ok,0,0,0,0,1151,1,1,3.73607,1053,11323,13313,1,7.14631,1053,28705,35006,75.6465,247542,1053,1,1.70836,0.999628,1053,1834,1964,1,2.27851,0.946869,1053,4456,5056
4,92,1980418,1582954,557,36,120,0.085449,0.812838,592,-1,ok,0,0,0,0,591,1,1,0.45505,557,557,8431,1,0.266728,557,557,22804,0.391903,557,557,1,0.762925,0.451583,557,557,1081,1,0.939955,0.63211,557,557,3169
4,93,705039,752842,1000,65,304,0.205215,1.05218,1105,-1,ok,0,0,0,0,1104,1,1,2.09554,1000,9733,14699,1,4.73477,1000,24834,40103,18.8656,86677,1000,1,0.835872,0.447406,1000,1540,1864,1,1.63786,0.844337,1000,3714,5278
4,94,1158854,739502,341,21,28,0.043001,0.660995,364,-1,ok,0,0,0,0,363,1,1,1.68996,341,3604,4811,1,2.09565,341,9426,14604,6.35437,20212,341,1,0.686683,0.45534,341,583,664,1,0.858353,0.464407,341,1521,1928
4,95,1350833,836719,972,60,298,0.138609,0.939455,1025,-1,ok,0,0,0,0,1024,1,1,1.75292,982,6902,12648,1,0.457715,972,1368,34738,10.8092,46976,972,1,0.95242,0.542283,982,1389,1811,1,1.33704,0.854165,972,1074,5160
4,96,1556785,647066,1224,78,485,0.210484,1.48739,1315,-1,ok,0,0,0,0,1314,1,1,1.30691,1224,3123,17542,1,1.28211,1224,3788,46634,8.21086,34441,1224,1,1.58884,0.884753,1224,1224,2376,1,2.03372,1.20334,1224,1330,6661
4,97,1944954,1109435,783,50,317,0.161332,1.31493,884,-1,ok,0,0,0,0,883,1,1,1.39311,805,3398,10560,1,1.9589,805,8017,30421,0.785747,783,783,1,1.4414,0.823447,805,965,1498,1,1.45126,0.8141,805,1572,4142
4,98,2668191,348531,1839,117,1171,0.557812,3.14056,2066,-1,ok,0,0,0,0,2065,1,1,8.84878,1839,20452,22693,1,15.9708,1839,51919,60556,139.321,416088,1839,1,4.31943,2.44438,1839,3171,3247,1,5.48518,2.06909,1839,8251,8601
4,99,476033,1903328,1168,74,129,0.139409,2.28789,1245,-1,ok,0,0,0,0,1244,1,1,5.37871,1168,13387,15452,1,12.8771,1168,37802,42656,145.576,311275,1168,1,2.65016,1.63311,1168,1943,2084,1,3.37159,1.31552,1168,5234,5939
4,100,795218,590026,122,9,10,0.02238,0.378928,157,-1,ok,0,0,0,0,156,1,1,0.156373,122,122,2081,1,0.049062,122,170,6348,0.121005,122,122,1,0.244577,0.164526,122,126,243,1,0.269092,0.180326,122,122,715
4,101,763468,1260833,843,54,270,0.147466,1.09787,924,-1,ok,0,0,0,0,923,1,1,2.97872,843,10771,12468,1,6.9278,843,28122,36025,22.4059,79344,843,1,0.987393,0.514239,843,1579,1653,1,1.90759,0.828016,843,4361,4772
4,102,3155979,534005,2083,131,1791,0.923675,3.51989,2268,-1,ok,0,0,0,0,2267,1,1,4.2484,2083,4953,27261,1,2.88363,2083,7724,75040,41.833,119986,2083,1,4.215,2.58087,2083,2083,3800,1,4.068,2.38836,2083,2354,10605
4,103,2671843,2035386,1097,69,419,0.242724,1.23548,1136,-1,ok,0,0,0,0,1135,1,1,0.562791,1097,1140,15389,1,0.841773,1097,3131,40755,5.98832,28074,1097,1,0.991001,0.522556,1097,1097,2059,1,1.62973,0.968438,1097,1350,5809
4,104,1072087,2077094,1175,76,474,0.261327,1.8437,1304,-1,ok,0,0,0,0,1303,1,1,4.33126,1175,13002,15852,1,7.81655,1175,30071,42402,39.7025,119881,1175,1,1.87395,1.11428,1175,2026,2196,1,2.68177,1.11864,1175,5316,6144
4,105,1830266,867972,1628,102,601,0.337211,1.91658,1779,-1,ok,0,0,0,0,1778,1,1,1.3074,1628,2451,22368,1,1.26086,1628,4391,61673,38.3052,143047,1628,1,1.87413,1.0193,1628,1640,3084,1,2.54082,1.52896,1628,1876,8515
4,106,2009385,672463,1221,77,742,0.32723,1.84744,1388,-1,ok,0,0,0,0,1387,1,1,1.40926,1221,1972,15058,1,1.46088,1221,2804,41021,2.35034,7357,1221,1,2.06364,1.17772,1221,1296,2318,1,2.2491,1.26613,1221,1562,6180
4,107,1277732,1289510,1175,74,383,0.222616,1.31671,1280,-1,ok,0,0,0,0,1279,1,1,1.45466,1175,6433,15284,1,2.83957,1175,15136,43303,21.2123,98639,1175,1,1.08753,0.63256,1175,1593,2204,1,1.74063,1.02325,1175,2392,6171
4,108,383929,2086407,1268,81,764,0.441625,2.25225,1391,-1,ok,0,0,0,0,1390,1,1,2.18727,1268,2404,18177,1,1.6805,1268,3704,50563,21.7734,67976,1268,1,2.70118,1.68826,1268,1390,2433,1,2.9099,1.71773,1268,1560,6890
4,109,2032078,1699736,1336,85,198,0.151313,1.19316,1431,-1,ok,0,0,0,0,1430,1,1,0.97452,1336,3386,19961,1,2.04074,1336,9741,56856,5.59663,25701,1336,1,0.907144,0.444559,1336,1465,2623,1,2.05009,1.30058,1336,2314,7622
4,110,958411,907673,588,38,183,0.109544,0.717731,673,-1,ok,0,0,0,0,672,1,1,0.936639,588,4082,7031,1,1.83356,588,10624,19157,10.0532,46637,588,1,0.616581,0.342219,588,926,1081,1,0.85633,0.422901,588,1974,2801
4,111,345881,908168,999,63,361,0.143889,1.20941,1122,-1,ok,0,0,0,0,1121,1,1,0.663008,999,999,13436,1,0.408935,999,999,36323,12.9859,62389,999,1,1.11771,0.671253,999,999,1919,1,1.3251,0.863966,999,999,5315
4,112,921927,2826328,1275,81,420,0.25103,2.44014,1390,-1,ok,0,0,0,0,1389,1,1,4.54218,1275,11251,18777,1,7.62846,1275,29626,53735,35.5758,96671,1275,1,3.01838,1.91932,1275,2071,2478,1,3.20733,1.59543,1275,5103,7090
4,113,558628,2150100,1156,73,574,0.312344,2.11576,1293,-1,ok,0,0,0,0,1292,1,1,1.58564,1156,1797,15062,1,2.91042,1156,8938,42396,38.198,83510,1156,1,2.29026,1.36928,1156,1156,2180,1,2.19547,1.18981,1156,2101,6081
4,114,732091,2459630,1421,90,356,0.226704,2.35202,1588,-1,ok,0,0,0,0,1587,1,1,2.23296,1425,3626,17854,1,2.53266,1425,6876,49903,1.61394,2801,1421,1,2.60899,1.49188,1425,1629,2616,1,2.40256,1.35234,1425,1946,7099
4,115,398823,391093,624,40,108,0.091772,0.763487,735,-1,ok,0,0,0,0,734,1,1,1.18631,624,5652,8746,1,2.89217,624,14910,24326,6.23742,30337,624,1,0.463205,0.249275,624,960,1188,1,1.0413,0.583391,624,2245,3295
4,116,1510629,2959878,1054,67,673,0.390379,1.90995,1085,-1,ok,0,0,0,0,1084,1,1,1.571,1054,1059,12838,1,0.713754,1054,1449,33453,22.2888,65295,1054,1,2.08562,1.31372,1054,1054,1815,1,1.8109,0.996441,1054,1375,4953
4,117,2096552,3082996,592,39,156,0.136175,1.20248,633,-1,ok,0,0,0,0,632,1,1,0.93683,592,683,9459,1,0.281966,592,683,28537,0.817758,592,592,1,1.16689,0.814883,592,592,1188,1,1.27283,0.855118,592,683,3540
4,118,773297,2535823,1305,83,171,0.142377,2.0568,1402,-1,ok,0,0,0,0,1401,1,1,1.75703,1305,2254,16612,1,1.18072,1305,3333,44778,15.0678,27954,1305,1,2.47297,1.41407,1305,1340,2409,1,2.43364,1.34881,1305,1544,6748
4,119,1540653,367496,2008,127,1040,0.62658,2.54687,2393,-1,ok,0,0,0,0,2392,1,1,2.57047,2028,7030,24718,1,3.73346,2024,14090,66243,1.28814,2196,2008,1,2.40309,1.37597,2028,2289,3787,1,3.04904,1.65159,2028,3817,10092
4,120,457915,1822951,1394,89,348,0.280353,2.0919,1615,-1,ok,0,0,0,0,1614,1,1,1.52833,1394,2036,18083,1,2.28835,1394,7510,50549,0.857142,1394,1394,1,2.4053,1.40337,1394,1394,2634,1,2.44611,1.39133,1394,1927,7248
4,121,2144069,523360,2086,130,1510,0.736777,2.72818,2271,-1,ok,0,0,0,0,2270,1,1,9.34626,2096,26159,26991,1,21.4049,2086,71498,74193,290.476,785226,2086,1,3.49527,1.91125,2096,3782,3844,1,5.31155,2.06449,2086,10271,10541
4,122,1935902,3090329,1268,80,647,0.435633,1.85137,1349,-1,ok,0,0,0,0,1348,1,1,1.43117,1268,1727,16904,1,1.137,1268,2694,45034,1.28535,1489,1268,1,2.06203,1.18033,1268,1349,2413,1,2.16339,1.1872,1268,1734,6521
4,123,2854140,1596178,937,60,227,0.136284,1.47906,1000,-1,ok,0,0,0,0,999,1,1,1.03471,937,978,13101,1,0.621582,937,1422,37612,1.06256,1482,937,1,1.53288,0.875224,937,937,1861,1,1.74341,0.994949,937,1121,5216
4,124,1967913,1747145,807,52,65,0.061556,0.807328,906,-1,ok,0,0,0,0,905,1,1,0.90009,821,3617,11073,1,1.62346,821,7912,32024,1.9367,7908,807,1,0.570056,0.324617,821,1011,1496,1,1.13346,0.660874,821,1843,4269
4,125,2263205,1655305,838,56,580,0.232234,1.20363,1027,-1,ok,0,0,0,0,1026,1,1,0.848184,862,1989,11755,1,1.03059,862,3565,32722,0.489133,1240,838,1,1.05168,0.584763,862,904,1588,1,1.29332,0.757406,862,1058,4235
4,126,2506297,1143924,984,63,76,0.071343,1.59275,1143,-1,ok,0,0,0,0,1142,1,1,1.27672,984,999,11873,1,0.662658,984,1103,32333,3.69895,8287,984,1,1.96775,1.10189,984,984,1813,1,1.92781,1.0515,984,1114,4745
4,127,1448472,1364093,562,36,150,0.111328,0.841693,613,-1,ok,0,0,0,0,612,1,1,0.777694,582,2286,6361,1,1.45904,582,5864,17329,9.40607,34287,562,1,0.598498,0.369229,582,648,942,1,0.768536,0.454641,582,1115,2480
4,128,1724010,2154870,1418,90,508,0.234758,1.37028,1603,-1,ok,0,0,0,0,1602,1,1,3.30732,1426,15824,20802,1,7.02284,1426,35558,60702,49.5844,199433,1418,1,1.26656,0.674089,1426,2315,2755,1,2.62547,1.33688,1426,5503,8040
4,129,840467,2529952,1656,104,176,0.163275,2.42216,1753,-1,ok,0,0,0,0,1752,1,1,2.13084,1656,2175,20998,1,1.05472,1656,2347,53550,12.7615,49614,1656,1,2.67203,1.66415,1656,2055,3046,1,2.55447,1.42829,1656,2074,7530
4,130,1792217,1212610,345,22,25,0.053079,0.644745,352,-1,ok,0,0,0,0,351,1,1,0.698806,345,1381,5225,1,0.735523,345,2952,16083,1.08472,2952,345,1,0.675172,0.455331,345,470,678,1,0.783202,0.447405,345,977,2006
4,131,1328134,3208212,1967,123,1431,0.66371,2.65649,2070,-1,ok,0,0,0,0,2069,1,1,1.98927,1967,2193,25370,1,2.03483,1967,4598,69399,11.2031,39324,1967,1,2.9803,1.7426,1967,2007,3717,1,3.22984,1.93243,1967,2040,10529
4,132,2891864,1675347,959,61,469,0.302726,1.58647,1042,-1,ok,0,0,0,0,1041,1,1,0.923375,959,1034,12921,1,0.87279,959,1195,34251,1.21286,2811,959,1,1.55335,0.854366,959,970,1760,1,1.60328,0.958241,959,978,5016
4,133,2410465,2443796,1103,68,250,0.132769,0.972678,1206,-1,ok,0,0,0,0,1205,1,1,2.19541,1103,9365,15779,1,4.01602,1103,21406,42230,13.0211,59149,1103,1,0.753858,0.390349,1103,1542,2088,1,1.63765,0.878041,1103,3166,5788
4,134,558433,2250280,1093,70,403,0.236652,2.09249,1164,-1,ok,0,0,0,0,1163,1,1,2.5281,1101,3377,15803,1,4.85509,1101,12601,44641,1.81343,2191,1093,1,2.73501,1.7016,1101,1778,2118,1,2.9648,1.20355,1101,4149,5884
4,135,1187532,720690,1013,65,285,0.210665,1.19794,1094,-1,ok,0,0,0,0,1093,1,1,3.20525,1013,13493,14017,1,6.86065,1013,32538,35594,30.8904,126857,1013,1,1.17651,0.651466,1013,1805,1827,1,2.05312,0.907917,1013,4796,4928
4,136,2710078,1125700,1258,80,996,0.56757,2.19882,1377,-1,ok,0,0,0,0,1376,1,1,3.169,1266,5669,16750,1,3.68153,1266,12064,45871,3.63047,8328,1258,1,2.70152,1.62858,1266,1709,2331,1,2.81245,1.35443,1266,3421,6237
4,137,342829,2650131,1580,100,795,0.528938,2.75183,1669,-1,ok,0,0,0,0,1668,1,1,2.59026,1580,3697,22294,1,2.77818,1580,8748,60915,52.9443,188923,1580,1,3.30571,1.93982,1580,1580,2972,1,3.21059,1.92517,1580,1581,8335
4,138,381156,591400,523,34,34,0.072184,0.747646,560,-1,ok,0,0,0,0,559,1,1,0.915231,523,3297,6869,1,1.35703,523,7425,19177,2.76418,11973,523,1,0.471771,0.28356,523,796,936,1,0.82445,0.46037,523,1733,2474
4,139,620591,3052362,1412,88,624,0.368017,2.72095,1453,-1,ok,0,0,0,0,1452,1,1,2.38172,1412,1714,21547,1,1.15298,1412,1800,64189,1.89017,1800,1412,1,3.4225,2.11794,1412,1428,2780,1,3.2064,1.87591,1412,1478,8213
4,140,1838465,1180686,1541,98,101,0.099467,1.67616,1706,-1,ok,0,0,0,0,1705,1,1,3.73905,1541,15962,21175,1,9.87579,1541,44521,59079,157.465,448735,1541,1,1.67658,0.905271,1541,2566,2980,1,3.0392,1.35223,1541,6542,8350
4,141,2808277,2315654,851,54,151,0.116106,1.09623,890,-1,ok,0,0,0,0,889,1,1,0.716889,851,913,10847,1,0.33771,851,863,31397,2.62943,10053,851,1,0.99597,0.602165,851,852,1626,1,1.25509,0.801417,851,912,4517
4,142,2598310,2422034,222,15,45,0.024045,0.275154,253,-1,ok,0,0,0,0,252,1,1,0.147185,222,222,3776,1,0.179194,222,750,10684,0.137527,222,222,1,0.283059,0.173675,222,222,448,1,0.410747,0.26227,222,316,1302
4,143,2845436,1668194,730,46,46,0.074841,1.36492,765,-1,ok,0,0,0,0,764,1,1,3.24075,730,8041,9835,1,6.40919,730,19082,28593,10.5229,31596,730,1,1.67105,1.04925,730,1273,1400,1,2.07721,0.864936,730,3288,3882
4,144,2382918,526772,1377,86,590,0.327873,2.2806,1450,-1,ok,0,0,0,0,1449,1,1,2.04783,1377,1509,17887,1,1.06106,1377,1499,47483,24.4078,75408,1377,1,2.98238,1.70246,1377,1379,2432,1,2.60563,1.46342,1377,1377,6976
4,145,1931999,438444,1275,81,748,0.394998,2.10576,1442,-1,ok,0,0,0,0,1441,1,1,1.51293,1275,1578,15913,1,0.841341,1275,1504,42299,1.20152,1275,1275,1,2.33683,1.34333,1275,1286,2356,1,2.44347,1.33363,1275,1399,6131
4,146,2679978,515339,2241,142,3566,1.78867,3.2868,2428,-1,ok,0,0,0,0,2427,1,1,2.74975,2241,3196,29190,1,3.35876,2241,10019,80195,4.63698,15905,2241,1,3.97101,2.26692,2241,2241,4200,1,4.21333,2.40299,2241,2664,11498
4,147,2803019,1915102,1793,114,698,0.389563,1.94441,1908,-1,ok,0,0,0,0,1907,1,1,5.91119,1793,21231,23154,1,13.683,1793,53957,62951,136.953,368034,1793,1,2.26198,1.19916,1793,3290,3378,1,4.0697,1.6265,1793,8875,9301
4,148,913089,1331566,1323,85,280,0.194133,1.57652,1424,-1,ok,0,0,0,0,1423,1,1,3.46317,1323,14081,18757,1,7.52328,1323,38005,51196,89.0875,271251,1323,1,1.4321,0.814772,1323,2200,2482,1,2.33778,1.13268,1323,5246,6700
4,149,634343,2276336,1305,83,212,0.168706,2.29699,1396,-1,ok,0,0,0,0,1395,1,1,5.7871,1313,12888,16755,1,10.6733,1313,34754,46878,1.34178,1305,1305,1,2.6464,1.61459,1313,2253,2446,1,3.36701,1.45046,1313,5572,6566
4,150,1481794,3181212,1228,78,295,0.256148,2.21252,1323,-1,ok,0,0,0,0,1322,1,1,2.0531,1228,2293,16189,1,3.70806,1228,8114,43136,36.3836,92183,1228,1,2.44696,1.50774,1228,1315,2246,1,2.19033,1.23907,1228,1913,5834
4,151,1474634,422363,1314,83,636,0.362658,1.69778,1397,-1,ok,0,0,0,0,1396,1,1,1.40784,1314,1716,17143,1,0.777172,1314,1692,45181,2.84832,9827,1314,1,1.9872,1.16433,1314,1396,2407,1,2.19971,1.29422,1314,1558,6765
4,152,1834575,3226322,1174,74,369,0.199182,2.04189,1249,-1,ok,0,0,0,0,1248,1,1,1.38636,1174,1410,14999,1,3.07476,1174,6301,39993,44.4453,122962,1174,1,2.05714,1.24809,1174,1194,2126,1,1.98718,1.15093,1174,1612,5477
4,153,3024705,540222,1863,119,1453,0.61588,2.97131,1950,-1,ok,0,0,0,0,1949,1,1,2.43134,1863,1867,26587,1,1.11191,1863,1867,72611,41.3248,123487,1863,1,3.73752,2.05502,1863,1875,3490,1,3.38299,2.00685,1863,1863,9923
4,154,3044639,2920559,189,12,19,0.023204,0.298358,216,-1,ok,0,0,0,0,215,1,1,0.125154,189,189,2851,1,0.08083,189,189,7759,0.13404,189,189,1,0.215393,0.131456,189,189,365,1,0.320408,0.215612,189,208,1045
4,155,1228220,1631674,478,31,93,0.077505,0.816826,585,-1,ok,0,0,0,0,584,1,1,0.374821,478,617,6687,1,0.305301,478,724,18717,0.296083,480,478,1,0.591233,0.371704,478,478,887,1,0.746395,0.460199,478,604,2405
4,156,1536072,283775,1199,76,659,0.302846,1.61478,1332,-1,ok,0,0,0,0,1331,1,1,1.47551,1203,2336,15743,1,1.70624,1203,4382,45276,1.81298,4874,1199,1,1.89881,1.09396,1203,1352,2263,1,2.19262,1.24123,1203,1794,6138
4,157,3193672,1640899,1490,94,905,0.431106,2.22607,1653,-1,ok,0,0,0,0,1652,1,1,2.39259,1490,2995,20084,1,1.5697,1490,4407,54642,2.96778,9740,1490,1,2.61627,1.54256,1490,1490,2768,1,2.55125,1.48099,1490,1865,7680
4,158,1364886,1417986,1253,79,116,0.105417,1.42965,1338,-1,ok,0,0,0,0,1337,1,1,3.52566,1273,15171,17163,1,8.57779,1273,41052,48282,78.8645,284265,1253,1,1.22247,0.691051,1273,2209,2368,1,2.23266,1.051,1273,5864,6580
4,159,1323479,1948892,1160,74,332,0.201447,1.50204,1359,-1,ok,0,0,0,0,1358,1,1,0.702022,1166,1449,15663,1,0.935898,1166,3272,43035,2.65602,9077,1160,1,1.06698,0.590994,1166,1189,2127,1,1.53224,0.951527,1166,1344,5710
4,160,329635,3138202,2157,136,1728,0.677094,3.43907,2332,-1,ok,0,0,0,0,2331,1,1,9.14512,2161,22804,25326,1,22.7711,2161,65747,74770,219.034,565662,2157,1,5.04625,2.77194,2161,3937,4121,1,6.85392,2.60918,2161,11594,11694
4,161,2199138,2165892,958,61,156,0.138029,0.904689,1023,-1,ok,0,0,0,0,1022,1,1,2.04837,960,11166,13810,1,5.48185,960,28379,39141,15.4789,73053,958,1,0.64729,0.321622,960,1649,1864,1,1.75077,0.867872,960,4443,5253
4,162,2332432,2665491,284,19,44,0.050393,0.586566,327,-1,ok,0,0,0,0,326,1,1,0.691401,284,1322,4534,1,0.755531,284,2901,12951,1.92896,6170,284,1,0.544046,0.376683,284,348,552,1,0.516816,0.329565,284,578,1580
4,163,2554867,820141,1438,91,1158,0.58904,2.41335,1637,-1,ok,0,0,0,0,1636,1,1,2.08972,1438,2033,17494,1,1.69281,1438,3881,46380,2.38554,5278,1438,1,2.79455,1.68242,1438,1496,2684,1,2.58933,1.43793,1438,1748,7059
4,164,816636,1589983,1083,69,397,0.183653,1.25174,1230,-1,ok,0,0,0,0,1229,1,1,1.73392,1087,6710,11402,1,4.44667,1087,18788,34011,0.680842,1377,1083,1,0.909961,0.414004,1087,1617,1868,1,1.94019,0.873773,1087,3582,4938
4,165,2144577,2486159,628,39,94,0.079167,0.842334,727,-1,ok,0,0,0,0,726,1,1,1.49541,628,5396,8732,1,2.4171,628,11123,23262,8.28783,37091,628,1,0.691111,0.382695,628,979,1190,1,1.10038,0.534668,628,2104,3171
4,166,2257019,735014,1996,127,1166,0.554665,2.5871,2201,-1,ok,0,0,0,0,2200,1,1,7.05804,2006,23293,25417,1,16.5724,2006,63298,69296,203.906,639164,1996,1,3.41098,1.92458,2006,3567,3709,1,4.65084,1.85789,2006,9283,9937
4,167,2095650,935010,1005,63,284,0.240029,1.70972,1036,-1,ok,0,0,0,0,1035,1,1,4.24023,1007,10945,13180,1,0.664732,1005,1245,36391,3.41452,14265,1005,1,1.65036,0.929357,1007,1772,1834,1,2.76137,1.10696,1007,4566,5167
4,168,312457,989659,778,50,56,0.071132,1.32412,855,-1,ok,0,0,0,0,854,1,1,0.827536,778,862,8236,1,0.360354,778,778,20197,1.56243,3848,778,1,1.13354,0.688135,778,778,1322,1,0.921993,0.516645,778,821,3178
4,169,2882141,1067685,1170,74,92,0.125615,2.03133,1293,-1,ok,0,0,0,0,1292,1,1,3.28776,1170,6907,17002,1,3.31598,1170,13917,47516,15.4493,53399,1170,1,2.75983,1.75397,1170,1582,2264,1,2.58646,1.37998,1170,2681,6490
4,170,1662824,2681105,1085,70,300,0.20896,1.61029,1184,-1,ok,0,0,0,0,1183,1,1,0.993026,1085,1160,14321,1,0.826684,1085,2470,39978,5.12631,21575,1085,1,1.49194,0.902888,1085,1085,2042,1,1.72753,1.09195,1085,1086,5769
4,171,1703180,546367,1232,79,272,0.178132,1.83793,1429,-1,ok,0,0,0,0,1428,1,1,1.87899,1232,4309,16154,1,0.708814,1232,1319,44520,3.64018,9405,1232,1,1.95052,1.18274,1232,1238,2288,1,1.80034,1.08501,1232,1247,5975
4,172,2090483,588991,1314,83,659,0.334104,2.04901,1459,-1,ok,0,0,0,0,1458,1,1,1.77733,1314,2793,16866,1,1.95731,1314,6183,49214,3.99582,13362,1314,1,2.28001,1.31522,1314,1396,2330,1,2.26145,1.29531,1314,1682,6651
4,173,2669970,1153251,1524,96,924,0.430595,2.01432,1605,-1,ok,0,0,0,0,1604,1,1,1.50123,1524,1711,20529,1,1.53794,1524,4545,54057,1.31261,2581,1524,1,2.28098,1.36849,1524,1524,2752,1,2.49141,1.50346,1524,1560,7605
4,174,2801102,1556461,1651,104,1200,0.485948,1.5972,1774,-1,ok,0,0,0,0,1773,1,1,0.989729,1651,2413,21277,1,1.32021,1651,4327,58070,12.1862,33732,1651,1,1.33933,0.646417,1651,1651,3046,1,2.53178,1.33631,1651,1955,8331
4,175,2862760,2446461,730,47,436,0.209832,0.887337,827,-1,ok,0,0,0,0,826,1,1,0.484115,730,863,10364,1,0.319246,730,960,27792,0.697031,2114,730,1,0.753198,0.400289,730,731,1395,1,1.0655,0.656986,730,800,3930
4,176,1728209,2803901,1739,108,635,0.261789,1.96936,1822,-1,ok,0,0,0,0,1821,1,1,6.0056,1739,19368,22471,1,14.065,1739,51107,62067,71.0767,205878,1739,1,2.2659,1.22216,1739,3144,3353,1,3.83677,1.47368,1739,8282,9289
4,177,330269,1345015,1018,65,249,0.210313,1.68685,1093,-1,ok,0,0,0,0,1092,1,1,1.19623,1018,1046,13604,1,0.7817,1018,1674,37048,2.29011,5477,1018,1,1.78677,1.09681,1018,1018,1900,1,1.73018,0.993887,1018,1082,5391
4,178,3017924,2896984,407,26,29,0.047478,0.477613,456,-1,ok,0,0,0,0,455,1,1,0.27204,407,696,5884,1,0.865928,407,4436,17223,2.02189,9887,407,1,0.32149,0.194012,407,407,777,1,0.544937,0.383577,407,423,2177
4,179,910292,1126401,229,16,31,0.05306,0.443509,302,-1,ok,0,0,0,0,301,1,1,0.213829,229,229,3757,1,0.172011,229,301,9721,0.197119,329,229,1,0.307325,0.190917,229,229,422,1,0.344813,0.233506,229,229,1234
4,180,2006593,1670863,1240,77,188,0.133728,1.0005,1281,-1,ok,0,0,0,0,1280,1,1,0.80293,1240,2246,17959,1,1.01285,1240,3932,52461,4.44811,18067,1240,1,0.927774,0.50796,1240,1340,2388,1,1.82995,1.11464,1240,2462,6847
4,181,2078347,3155254,1385,88,322,0.153176,2.24199,1548,-1,ok,0,0,0,0,1547,1,1,2.99006,1385,8615,19081,1,4.77728,1385,21848,53536,151.651,376164,1385,1,2.20379,1.45265,1385,1889,2620,1,2.80457,1.53794,1385,3770,7407
4,182,2709648,2878665,277,17,49,0.049994,0.391241,282,-1,ok,0,0,0,0,281,1,1,0.161403,277,277,3459,1,0.118711,277,277,10700,0.141154,314,277,1,0.290391,0.175197,277,277,554,1,0.473534,0.318946,277,277,1650
4,183,460429,2828556,1989,126,1300,0.817177,3.18187,2138,-1,ok,0,0,0,0,2137,1,1,4.44953,1999,9785,25437,1,3.27269,1989,8887,69379,4.29625,8183,1989,1,3.84695,2.33501,1999,2742,3660,1,3.6496,2.08189,1989,2292,9877
4,184,909956,1352984,474,31,41,0.072084,0.89858,547,-1,ok,0,0,0,0,546,1,1,0.394216,474,664,6429,1,0.193702,474,477,16818,4.11457,19392,474,1,0.539938,0.319497,474,474,874,1,0.744561,0.454399,474,474,2467
4,185,2598310,614849,1241,79,371,0.221233,2.11335,1360,-1,ok,0,0,0,0,1359,1,1,2.8683,1241,5899,15966,1,1.48164,1241,4054,46629,1.46486,1243,1241,1,2.57565,1.49751,1241,1813,2308,1,2.18997,1.34031,1241,1275,6075
4,186,1732162,381072,1507,96,1134,0.521956,2.00812,1678,-1,ok,0,0,0,0,1677,1,1,5.99979,1507,16062,19065,1,11.6095,1507,42354,51560,165.491,461122,1507,1,2.63253,1.51471,1507,2535,2725,1,5.41065,3.36581,1507,6258,7092
4,187,2864255,987151,1339,84,813,0.544286,2.26266,1374,-1,ok,0,0,0,0,1373,1,1,2.16749,1339,1646,18616,1,0.858703,1339,1341,53510,3.85849,11474,1339,1,2.94061,1.71941,1339,1357,2518,1,3.07641,1.80391,1339,1459,7235
4,188,613280,1998545,1505,95,1371,0.906944,2.30114,1724,-1,ok,0,0,0,0,1723,1,1,1.37024,1505,1528,17512,1,1.15161,1505,2453,48068,8.09017,27552,1505,1,2.20029,1.32086,1505,1505,2687,1,2.40359,1.41933,1505,1703,7108
4,189,769257,2619619,1324,84,914,0.470168,2.45058,1389,-1,ok,0,0,0,0,1388,1,1,3.02723,1324,5561,19767,1,3.55606,1324,12633,52447,11.1126,33516,1324,1,2.5643,1.52711,1324,1603,2555,1,2.92592,1.52727,1324,3146,7211
4,190,1700379,924636,488,32,110,0.097932,1.03203,579,-1,ok,0,0,0,0,578,1,1,1.10621,492,1878,4137,1,0.406389,488,488,14249,1.19361,2717,488,1,1.01232,0.584692,492,906,948,1,0.863143,0.548424,488,488,2347
4,191,489236,2011181,1701,107,1233,0.545921,2.2602,1896,-1,ok,0,0,0,0,1895,1,1,3.24035,1711,9485,21366,1,1.5125,1701,4547,59166,7.96017,29617,1701,1,2.47003,1.39738,1711,2302,3086,1,2.71257,1.62586,1701,1840,8471
4,192,1225462,1170705,1015,64,72,0.069309,0.997303,1088,-1,ok,0,0,0,0,1087,1,1,1.37288,1015,6444,13881,1,3.36281,1015,16587,39331,10.7443,50850,1015,1,0.7551,0.393224,1015,1338,1869,1,1.597,1.00681,1015,1843,5382
4,193,1873151,1744747,675,43,59,0.059571,0.619947,722,-1,ok,0,0,0,0,721,1,1,0.399888,675,1567,10265,1,1.29518,675,5573,29393,3.25056,15703,675,1,0.426656,0.229519,675,675,1303,1,0.895813,0.609829,675,777,3750
4,194,2468599,2302602,643,39,122,0.076502,0.797319,740,-1,ok,0,0,0,0,739,1,1,1.13111,643,4564,8197,1,1.97633,643,10426,20651,13.1207,59069,643,1,0.684719,0.385299,643,958,1159,1,0.955946,0.476631,643,1862,2935
4,195,2943977,2062115,628,40,58,0.060403,1.18595,659,-1,ok,0,0,0,0,658,1,1,0.962438,628,844,8993,1,0.674459,628,1905,25858,1.44959,2590,628,1,1.36822,0.801878,628,700,1242,1,1.33695,0.726027,628,700,3571
4,196,587996,382135,775,49,95,0.075761,0.765781,840,-1,ok,0,0,0,0,839,1,1,1.00733,775,4064,10678,1,2.55587,775,10156,29999,5.1698,25018,775,1,0.619237,0.346166,775,775,1455,1,0.957299,0.630197,775,858,4064
4,197,1795388,2559139,975,61,178,0.117069,1.36832,1002,-1,ok,0,0,0,0,1001,1,1,0.897045,975,1227,11186,1,0.637763,975,1751,31934,0.615561,975,975,1,1.23546,0.755651,975,975,1793,1,1.43717,0.848235,975,1167,4897
4,198,430706,1816036,1949,123,207,0.179094,2.4781,2156,-1,ok,0,0,0,0,2155,1,1,8.32072,1949,25737,26108,1,17.8836,1949,68055,71259,265.731,727212,1949,1,3.09725,1.65132,1949,3665,3697,1,4.87577,1.86268,1949,10259,10404
4,199,2709791,743716,1567,100,1466,0.788864,2.50475,1690,-1,ok,0,0,0,0,1689,1,1,2.10484,1567,1868,19550,1,1.37344,1567,3168,55582,24.1053,74094,1567,1,2.94419,1.79517,1567,1579,2746,1,2.80995,1.66978,1567,1581,7753
4,200,2317486,1682523,790,50,224,0.149829,1.02616,893,-1,ok,0,0,0,0,892,1,1,0.916262,790,1052,9962,1,0.588149,790,1341,26846,1.72297,7120,790,1,0.978708,0.550007,790,801,1411,1,1.19586,0.71742,790,1040,3861
4,201,848074,2660956,1289,81,637,0.320468,2.14693,1332,-1,ok,0,0,0,0,1331,1,1,1.50041,1289,1382,16202,1,1.00262,1289,1289,44379,13.3146,41549,1289,1,2.36999,1.39397,1289,1289,2347,1,2.36922,1.32709,1289,1567,6534
4,202,2051630,2425358,880,56,142,0.127058,0.895383,933,-1,ok,0,0,0,0,932,1,1,0.485658,880,935,13028,1,0.4119,880,1230,35339,2.73712,12520,880,1,0.78114,0.432999,880,880,1715,1,1.30008,0.85649,880,911,4790
4,203,2138232,3170486,1784,115,896,0.466982,2.28571,1927,-1,ok,0,0,0,0,1926,1,1,2.15878,1784,4353,23214,1,2.54727,1784,9923,64330,32.1156,104969,1784,1,2.40396,1.41818,1784,1915,3340,1,2.77956,1.66892,1784,2444,9077
4,204,1443071,807450,574,37,59,0.080259,0.933354,675,-1,ok,0,0,0,0,674,1,1,0.85103,574,886,7070,1,0.362288,574,574,18667,0.817677,1132,574,1,1.0795,0.64737,574,574,1103,1,0.97405,0.584192,574,582,2951
4,205,1144422,3049691,2080,131,1510,0.692293,3.1982,2265,-1,ok,0,0,0,0,2264,1,1,7.46969,2100,21530,24902,1,14.3617,2100,57474,67102,232.674,753132,2080,1,3.74697,2.12157,2100,3445,3672,1,4.81745,1.9663,2100,8804,9783
4,206,377442,2376747,1648,105,326,0.31591,2.86599,1903,-1,ok,0,0,0,0,1902,1,1,2.33181,1648,2845,19079,1,1.67595,1648,4484,53154,5.83471,15424,1648,1,3.076,1.90577,1648,1778,2818,1,2.76893,1.55755,1648,2498,7371
4,207,1401797,2931005,1642,104,900,0.512568,2.37241,1793,-1,ok,0,0,0,0,1792,1,1,2.03202,1662,3992,20702,1,2.55195,1662,8746,54423,1.03523,1642,1642,1,2.64534,1.60067,1662,1812,2986,1,2.6904,1.49922,1662,2418,8102
4,208,2488208,1785008,991,63,400,0.213428,1.23476,1108,-1,ok,0,0,0,0,1107,1,1,0.758257,991,1612,13272,1,0.993767,991,3197,36440,0.614859,1460,991,1,1.08658,0.562961,991,999,1822,1,1.37977,0.822437,991,995,4866
4,209,2517430,2632913,587,37,85,0.062326,0.809993,626,-1,ok,0,0,0,0,625,1,1,1.16196,599,4790,6362,1,2.3479,599,12884,18360,13.8808,55759,587,1,0.678206,0.3749,599,1013,1121,1,0.996653,0.462304,599,2553,3093
4,210,1804529,2670473,625,40,97,0.062777,1.26718,678,-1,ok,0,0,0,0,677,1,1,1.06893,633,2481,8511,1,1.72052,633,6029,23391,0.535501,814,625,1,1.05131,0.660845,633,845,1195,1,1.3448,0.766332,633,1513,3309
4,211,792304,2700845,1601,100,1500,0.644214,2.42701,1692,-1,ok,0,0,0,0,1691,1,1,2.12115,1601,1979,19364,1,1.31569,1601,2398,55128,4.87245,14838,1601,1,3.05392,1.8428,1601,1601,2892,1,2.80948,1.63444,1601,1601,8627
4,212,292558,448522,757,47,195,0.126686,0.854186,806,-1,ok,0,0,0,0,805,1,1,1.11956,757,4859,10652,1,2.4046,757,12303,31312,4.12241,20443,757,1,0.587117,0.324407,757,1047,1444,1,1.20058,0.66811,757,2131,4095
4,213,2987559,1182868,2093,131,275,0.223908,2.75191,2238,-1,ok,0,0,0,0,2237,1,1,2.56291,2093,4130,26013,1,2.80739,2093,8369,73497,6.23181,20670,2093,1,3.27291,1.95867,2093,2219,3856,1,3.67938,2.24093,2093,2332,10674
4,214,3031564,1350417,1027,66,293,0.211925,1.87447,1156,-1,ok,0,0,0,0,1155,1,1,7.08692,1027,12796,14713,1,14.26,1027,32273,42333,24.7249,53496,1027,1,2.40152,1.41776,1027,1840,1933,1,3.3618,1.29897,1027,5020,5532
4,215,3155823,373649,2172,139,2236,1.08792,3.61954,2469,-1,ok,0,0,0,0,2468,1,1,3.6323,2202,5017,28694,1,3.28799,2202,8893,75239,12.3367,37219,2172,1,4.63169,2.72393,2202,2502,4104,1,4.8517,2.59138,2202,3175,10869
4,216,371781,1935939,921,59,216,0.192569,1.88592,980,-1,ok,0,0,0,0,979,1,1,2.76984,921,5713,14417,1,6.66158,921,16174,43274,9.41231,28771,921,1,1.98722,1.24606,921,1570,1819,1,3.16456,1.28305,921,4158,5349
4,217,2855984,2571946,520,33,261,0.138149,0.607886,529,-1,ok,0,0,0,0,528,1,1,0.349372,520,520,7836,1,0.227895,520,862,23166,0.270235,520,520,1,0.501416,0.314468,520,520,1044,1,0.750392,0.507148,520,634,2994
4,218,465556,3102078,1943,122,1600,0.822437,3.40472,2166,-1,ok,0,0,0,0,2165,1,1,2.88506,1943,2007,23628,1,1.75491,1943,3859,64242,1.56663,2235,1943,1,4.12895,2.51161,1943,1943,3460,1,3.901,2.20393,1943,2211,9440
4,219,3106562,1461822,2273,142,2129,1.02187,2.79345,2408,-1,ok,0,0,0,0,2407,1,1,8.7615,2273,28743,29764,1,19.8593,2273,73068,80040,298.991,900726,2273,1,3.64945,1.92391,2273,4227,4270,1,5.64351,2.12104,2273,11346,11571
4,220,2389443,1100586,779,48,138,0.154389,1.66701,854,-1,ok,0,0,0,0,853,1,1,3.44341,779,9282,10797,1,6.30977,779,18926,32194,8.47973,30377,779,1,1.92831,1.18544,779,1432,1529,1,2.53455,1.02128,779,3804,4402
4,221,1209891,3199598,1812,114,1860,0.886336,2.67751,1905,-1,ok,0,0,0,0,1904,1,1,5.8744,1816,13812,21044,1,10.885,1816,37062,59730,6.276,13983,1812,1,3.36511,2.04951,1816,2784,3198,1,4.31726,1.75661,1816,7158,9159
4,222,1628263,3038908,1441,91,352,0.284231,2.45175,1614,-1,ok,0,0,0,0,1613,1,1,4.75199,1441,13895,17022,1,9.3224,1441,37274,46155,152.331,488535,1441,1,2.60701,1.55297,1441,2330,2538,1,3.07029,1.26173,1441,5639,6511
4,223,996318,538495,877,56,297,0.202638,1.07205,940,-1,ok,0,0,0,0,939,1,1,0.689137,877,877,12837,1,0.422961,877,982,36298,0.567589,877,877,1,0.997639,0.574844,877,877,1697,1,1.33258,0.86153,877,1023,4905
4,224,2666230,1916875,1680,107,516,0.270054,1.77797,1833,-1,ok,0,0,0,0,1832,1,1,5.40873,1680,20250,23090,1,13.0991,1680,50975,62194,110.738,339882,1680,1,2.00941,1.05138,1680,3142,3204,1,3.682,1.44257,1680,8492,8788
4,225,1214391,1343195,898,57,211,0.130273,0.852363,949,-1,ok,0,0,0,0,948,1,1,0.581505,900,1395,12577,1,0.521675,898,2104,36526,5.08094,21905,898,1,0.623996,0.329797,900,925,1725,1,1.10621,0.72834,900,1003,4881
4,226,650861,1693026,614,39,78,0.066084,1.24039,691,-1,ok,0,0,0,0,690,1,1,1.04248,614,614,8363,1,0.290513,614,614,24532,0.953812,614,614,1,1.52879,0.949434,614,614,1201,1,1.24918,0.70627,614,766,3334
4,227,1007288,1215730,474,32,83,0.050874,0.494554,531,-1,ok,0,0,0,0,530,1,1,0.41822,474,1454,7195,1,1.22832,474,4910,20396,1.89221,9166,474,1,0.367356,0.197138,474,474,894,1,0.672495,0.454418,474,474,2559
4,228,2161129,565602,1613,102,692,0.457194,2.24212,1720,-1,ok,0,0,0,0,1719,1,1,1.99195,1617,2694,21095,1,1.83533,1617,5319,59073,1.63216,2367,1613,1,2.79178,1.5778,1617,1738,2967,1,2.87292,1.59644,1617,1976,8117
4,229,2785103,1597956,1513,95,692,0.391531,1.99585,1646,-1,ok,0,0,0,0,1645,1,1,1.40539,1513,1836,18893,1,1.28018,1513,3718,50990,2.03251,6665,1513,1,2.07612,1.21492,1513,1524,2728,1,2.29308,1.35558,1513,1825,7430
4,230,1392321,355276,821,52,319,0.253483,1.34171,922,-1,ok,0,0,0,0,921,1,1,1.11344,821,821,10287,1,1.31055,821,3663,28561,0.705929,857,821,1,1.6633,1.02768,821,821,1562,1,1.47298,0.82965,821,821,4338
4,231,2051789,1806580,591,38,85,0.061185,0.712953,626,-1,ok,0,0,0,0,625,1,1,1.02234,591,3705,7837,1,1.89938,591,8878,22438,4.75295,21480,591,1,0.589621,0.3423,591,878,1140,1,1.02346,0.54024,591,1899,3201
4,232,1102446,3057237,1135,73,273,0.181119,2.12268,1272,-1,ok,0,0,0,0,1271,1,1,2.70493,1135,4439,17161,1,4.11761,1135,12182,48469,4.62134,13027,1135,1,2.59802,1.70862,1135,1346,2201,1,2.58387,1.50833,1135,2722,6328
4,233,2397085,1013039,923,58,261,0.154249,1.50661,946,-1,ok,0,0,0,0,945,1,1,1.34145,923,1520,13545,1,0.638113,923,923,38515,5.22244,14385,923,1,1.88728,1.04358,923,923,1805,1,1.90652,1.13027,923,940,5320
4,234,1287529,1866275,1267,80,171,0.106709,1.37145,1414,-1,ok,0,0,0,0,1413,1,1,1.22226,1267,4364,17029,1,2.05975,1267,9445,46955,4.0963,19969,1267,1,1.10017,0.616081,1267,1267,2353,1,1.64655,1.00541,1267,1358,6382
4,235,1687683,418136,1252,79,597,0.339675,1.7784,1375,-1,ok,0,0,0,0,1374,1,1,1.34488,1252,1415,15138,1,1.58115,1252,4674,42357,20.4081,65454,1252,1,1.87661,1.0415,1252,1252,2291,1,1.99537,1.0928,1252,1404,6137
4,236,2722809,932643,2100,131,2655,1.30654,2.79904,2215,-1,ok,0,0,0,0,2214,1,1,2.96254,2100,5088,27381,1,2.92149,2100,10510,71156,8.50835,31293,2100,1,3.74808,2.09586,2100,2305,3900,1,3.61279,2.01701,2100,2917,10459
4,237,2665523,3047256,1417,90,316,0.225822,2.34013,1522,-1,ok,0,0,0,0,1521,1,1,3.20973,1417,9968,19468,1,5.3847,1417,24966,53640,128.005,291273,1417,1,2.41321,1.53965,1417,2058,2731,1,3.06946,1.68325,1417,4174,7521
4,238,1923409,2905912,843,54,335,0.291052,1.54129,952,-1,ok,0,0,0,0,951,1,1,0.84069,843,845,11017,1,0.825893,843,1833,28355,3.2521,12908,843,1,1.42026,0.790206,843,843,1486,1,1.41057,0.785708,843,846,3956
4,239,875283,1311303,664,42,64,0.068919,0.878722,731,-1,ok,0,0,0,0,730,1,1,1.53854,664,5495,8570,1,2.48082,664,11884,24378,8.32146,37825,664,1,0.807388,0.511265,664,845,1250,1,1.11031,0.581486,664,1857,3322
4,240,2918198,639738,1606,102,1053,0.526182,2.42636,1701,-1,ok,0,0,0,0,1700,1,1,2.37679,1606,1913,22804,1,1.49494,1606,2017,64186,2.62494,3865,1606,1,3.22648,2.01998,1606,1624,3054,1,3.47799,2.03893,1606,1726,8767
4,241,1337751,1159597,145,10,21,0.022392,0.280653,200,-1,ok,0,0,0,0,199,1,1,0.137578,145,145,2257,1,0.058238,145,145,6351,0.10257,145,145,1,0.21914,0.147245,145,145,284,1,0.250187,0.175808,145,145,831
4,242,1804529,3222731,986,63,331,0.222335,1.72776,1063,-1,ok,0,0,0,0,1062,1,1,1.25606,986,1137,14283,1,1.23209,986,2232,39436,17.0101,52110,986,1,1.94678,1.25859,986,986,1905,1,2.20131,1.27852,986,1214,5525
4,243,2545706,1651771,1162,74,690,0.311902,1.46344,1311,-1,ok,0,0,0,0,1310,1,1,1.1298,1162,2548,15827,1,1.27157,1162,4028,42022,1.71745,5020,1162,1,1.45783,0.765941,1162,1255,2150,1,1.79071,1.07064,1162,1240,5705
4,244,807710,2239366,1940,121,1848,0.88339,2.62456,2207,-1,ok,0,0,0,0,2206,1,1,2.08204,1940,3284,21284,1,1.5009,1940,4156,60994,29.7191,116749,1940,1,2.61555,1.53774,1940,2056,3408,1,3.00166,1.72799,1940,2345,9248
4,245,3201629,632825,1631,103,313,0.249225,2.93933,1756,-1,ok,0,0,0,0,1755,1,1,9.28137,1637,18085,21976,1,15.0221,1637,36607,60325,11.8846,38880,1631,1,4.43587,2.53379,1637,3087,3147,1,5.85989,2.26345,1637,8119,8446
4,246,2019093,3174345,1036,66,422,0.291193,1.71677,1105,-1,ok,0,0,0,0,1104,1,1,1.79993,1054,4558,13539,1,2.09585,1054,8589,37293,2.42975,9263,1036,1,1.65479,0.966566,1054,1330,2003,1,1.98498,1.07943,1054,2361,5392
4,247,2955346,1703765,1276,80,802,0.520593,1.77002,1331,-1,ok,0,0,0,0,1330,1,1,4.14008,1284,13582,16447,1,8.01605,1284,34394,47321,4.61769,12131,1276,1,2.20512,1.22408,1284,2308,2469,1,3.36672,1.461,1284,6194,6977
4,248,541380,1361733,957,60,80,0.116276,1.38655,1052,-1,ok,0,0,0,0,1051,1,1,2.64983,967,7974,12497,1,1.68013,957,6275,34462,5.03709,21833,957,1,1.49328,0.946649,967,1482,1756,1,1.51082,0.912254,957,1382,4801
4,249,3113781,786831,2642,166,3095,1.51582,3.5053,2791,-1,ok,0,0,0,0,2790,1,1,3.1641,2642,3706,33865,1,2.31713,2642,5816,90322,27.5248,107553,2642,1,4.49647,2.55421,2642,2714,4905,1,4.75301,2.77373,2642,2886,13324
4,250,726020,696308,1081,70,827,0.454879,1.22647,1180,-1,ok,0,0,0,0,1179,1,1,2.14436,1081,8591,16235,1,4.25077,1081,18783,44395,12.0855,50498,1081,1,0.84563,0.485026,1081,1476,2058,1,1.63891,0.915331,1081,2963,5707
4,251,553589,2992564,1414,88,643,0.462524,2.97243,1513,-1,ok,0,0,0,0,1512,1,1,6.3875,1438,12183,20399,1,17.0277,1420,25685,60437,17.4432,42836,1414,1,4.4556,2.62448,1438,2180,2753,1,4.12228,2.16395,1420,5155,7904
4,252,1843611,2188440,1312,83,411,0.240128,1.63907,1403,-1,ok,0,0,0,0,1402,1,1,0.986302,1312,3291,16658,1,1.64081,1312,7401,46386,9.22215,39358,1312,1,1.1773,0.660285,1312,1446,2368,1,1.86921,1.17165,1312,1973,6434
4,253,334027,2354825,1725,109,546,0.405698,3.36504,1940,-1,ok,0,0,0,0,1939,1,1,2.5276,1725,2019,22979,1,1.63233,1725,4145,63940,3.99391,8592,1725,1,3.27558,2.07035,1725,1725,3234,1,3.11734,1.82891,1725,2211,8952
4,254,2138232,528223,1703,110,1019,0.535972,2.73076,1870,-1,ok,0,0,0,0,1869,1,1,2.29986,1713,4730,23474,1,3.05198,1713,10566,64288,14.1092,55690,1703,1,2.90598,1.64922,1713,1853,3205,1,3.20634,1.88222,1713,2870,8792
4,255,2920261,1514740,1066,67,302,0.24126,2.05752,1177,-1,ok,0,0,0,0,1176,1,1,5.27489,1066,12202,13451,1,9.0235,1066,29089,36325,41.8169,142742,1066,1,2.31517,1.41099,1066,1826,1932,1,3.62684,1.53108,1066,5105,5329
4,256,1963166,1687516,403,26,101,0.082354,0.654422,430,-1,ok,0,0,0,0,429,1,1,0.276106,403,403,6146,1,0.463817,403,2112,17659,0.349883,870,403,1,0.472764,0.258212,403,403,799,1,0.676093,0.451242,403,403,2331
4,257,610635,2538272,1234,78,424,0.349363,2.46474,1313,-1,ok,0,0,0,0,1312,1,1,2.82431,1238,3647,17454,1,4.81348,1238,12845,48690,4.15718,10127,1234,1,2.9251,1.82881,1238,1899,2376,1,2.90876,1.41568,1238,3650,6579
4,258,2978886,649484,1616,101,585,0.415015,3.01076,1787,-1,ok,0,0,0,0,1786,1,1,8.71012,1616,20298,21985,1,16.6438,1616,53422,59247,78.603,185927,1616,1,4.48538,2.528,1616,2966,3081,1,6.14875,2.4753,1616,8236,8805
4,259,769160,1514768,962,62,436,0.327886,1.67377,1079,-1,ok,0,0,0,0,1078,1,1,1.68488,986,4256,12464,1,2.95205,986,12529,34047,7.71631,34250,962,1,1.54911,0.90925,986,1168,1841,1,1.69729,0.911843,986,2290,5080
4,260,3115044,1697807,1444,91,1446,0.946929,2.43298,1561,-1,ok,0,0,0,0,1560,1,1,2.17893,1444,2997,20049,1,1.58865,1444,4547,54794,1.54184,2358,1444,1,2.66092,1.56754,1444,1505,2739,1,2.88162,1.72828,1444,1759,7570
4,261,1835879,2014773,1360,86,390,0.279932,1.60867,1555,-1,ok,0,0,0,0,1554,1,1,3.63107,1386,14739,16869,1,8.40435,1386,40769,48743,18.3589,82259,1360,1,1.15497,0.602635,1386,2374,2509,1,2.59171,1.2008,1386,6266,7128
4,262,1550309,1217369,267,16,23,0.05414,0.571066,280,-1,ok,0,0,0,0,279,1,1,0.9901,267,1600,3819,1,0.733971,267,3474,11481,1.65762,4790,267,1,0.568151,0.370642,267,385,529,1,0.563782,0.324075,267,845,1533
4,263,1455274,2689959,801,51,208,0.183422,1.65748,940,-1,ok,0,0,0,0,939,1,1,1.20644,801,801,11145,1,0.713973,801,801,30617,0.9202,831,801,1,1.77062,1.10706,801,801,1331,1,1.4636,0.87148,801,902,3756
4,264,1863586,2791354,1283,81,555,0.270876,1.67446,1364,-1,ok,0,0,0,0,1363,1,1,1.0819,1283,1535,14331,1,0.957199,1283,2742,42810,27.5656,109590,1283,1,1.42852,0.850782,1283,1283,2280,1,1.79168,1.09755,1283,1376,6393
4,265,1878699,2430675,931,59,276,0.135743,1.04907,1002,-1,ok,0,0,0,0,1001,1,1,0.582528,931,931,12463,1,0.407448,931,1020,34717,2.6755,11881,931,1,0.955686,0.518929,931,931,1751,1,1.34848,0.841733,931,932,4926
4,266,1109092,2589721,1865,116,367,0.228309,2.4781,2000,-1,ok,0,0,0,0,1999,1,1,6.58685,1865,19162,21257,1,14.4776,1865,49685,60896,197.982,563016,1865,1,3.17022,1.69016,1865,3316,3392,1,4.51572,1.69797,1865,8820,9200
4,267,2786859,1809984,1068,68,189,0.178503,1.61343,1133,-1,ok,0,0,0,0,1132,1,1,0.961497,1068,1129,13590,1,0.813461,1068,2338,36874,5.80342,13936,1068,1,1.49088,0.848364,1068,1068,1945,1,1.78581,1.0905,1068,1130,5253
4,268,2948186,2866807,424,28,100,0.087183,0.43917,455,-1,ok,0,0,0,0,454,1,1,0.215583,424,424,7168,1,0.142126,424,424,21760,0.152835,424,424,1,0.281326,0.170778,424,424,852,1,0.639335,0.465601,424,424,2560
4,269,837275,3217710,2157,135,2609,1.2323,3.34156,2250,-1,ok,0,0,0,0,2249,1,1,2.90422,2157,2672,28250,1,1.96105,2157,4318,75701,2.54384,4785,2157,1,4.11809,2.39572,2157,2297,4051,1,5.20293,2.67605,2157,2656,11069
4,270,1633134,3007164,1393,88,753,0.526473,2.28304,1528,-1,ok,0,0,0,0,1527,1,1,1.28177,1393,1839,18156,1,1.56735,1393,4008,47969,0.730834,2433,1393,1,2.11198,1.21429,1393,1393,2575,1,2.35508,1.25411,1393,1999,6786
4,271,3177553,363823,1951,124,1159,0.713203,3.5666,2042,-1,ok,0,0,0,0,2041,1,1,7.69711,1951,15253,26982,1,14.1891,1951,40124,72612,77.2363,213424,1951,1,4.81879,2.83502,1951,2829,3586,1,5.72544,2.73373,1951,5999,9842
4,272,1545611,2173818,374,24,41,0.101179,0.95299,399,-1,ok,0,0,0,0,398,1,1,0.56214,374,505,5737,1,0.407461,374,633,16994,0.541753,672,374,1,0.755612,0.512748,374,385,730,1,0.853805,0.552212,374,421,2152
4,273,2234670,1030403,742,47,119,0.137968,1.5723,837,-1,ok,0,0,0,0,836,1,1,3.00364,742,7368,10548,1,3.63615,742,13403,30836,5.93926,21480,742,1,1.79116,1.10408,742,1320,1439,1,2.29181,1.12987,742,3185,4069
4,274,1061263,517752,391,26,62,0.084959,0.878522,452,-1,ok,0,0,0,0,451,1,1,0.753768,391,593,5296,1,0.42222,391,1150,13302,0.462505,391,391,1,0.859496,0.544498,391,391,657,1,0.630399,0.398267,391,392,1838
4,275,2611184,1093057,1834,118,2062,1.02319,3.06656,2035,-1,ok,0,0,0,0,2034,1,1,2.86333,1876,4944,21615,1,3.82361,1876,12762,60801,6.09036,23458,1834,1,3.04377,1.78122,1876,2229,3495,1,3.09446,1.7594,1876,2979,9468
4,276,1860944,3238002,887,57,82,0.120294,1.91901,984,-1,ok,0,0,0,0,983,1,1,1.54381,887,2156,9723,1,1.18946,887,3960,27629,2.67146,7360,887,1,2.0992,1.25204,887,975,1371,1,1.55971,0.966265,887,1289,3939
4,277,2169703,1399028,791,51,93,0.125925,1.2657,904,-1,ok,0,0,0,0,903,1,1,1.00161,791,2097,9390,1,1.3721,791,4871,27457,7.49566,33161,791,1,1.09509,0.681995,791,832,1316,1,1.20613,0.751955,791,1022,3710
4,278,1948620,2128617,131,9,12,0.017091,0.304799,174,-1,ok,0,0,0,0,173,1,1,0.311172,131,566,1864,1,0.504112,131,1713,4974,0.855958,2436,131,1,0.213288,0.141483,131,217,257,1,0.322633,0.188312,131,541,715
4,279,2566018,882646,1597,101,1340,0.704696,2.66036,1718,-1,ok,0,0,0,0,1717,1,1,6.75391,1597,17646,20440,1,14.7263,1597,48898,56023,246.484,617665,1597,1,3.5896,2.08537,1597,2770,2962,1,4.69325,1.84835,1597,7144,8048
4,280,929280,999352,167,11,25,0.033011,0.236532,176,-1,ok,0,0,0,0,175,1,1,0.08502,167,167,2811,1,0.045705,167,167,8590,0.076041,167,167,1,0.142847,0.089437,167,167,336,1,0.309427,0.222785,167,167,1012
4,281,924154,2537686,1628,102,412,0.26697,2.52121,1727,-1,ok,0,0,0,0,1726,1,1,1.8832,1630,3578,21352,1,1.97116,1630,7486,58712,3.73569,10751,1628,1,2.60949,1.59877,1630,1653,3040,1,3.24009,1.95853,1630,1928,8149
4,282,2000652,1137046,874,55,421,0.239869,1.46785,911,-1,ok,0,0,0,0,910,1,1,1.19094,884,2291,11996,1,1.50341,884,4527,33113,0.394266,889,874,1,1.29956,0.777663,884,1014,1632,1,1.56904,0.874674,884,1524,4527
4,283,2582565,607763,1299,82,696,0.383898,2.33433,1370,-1,ok,0,0,0,0,1369,1,1,2.11297,1299,1397,18824,1,1.56134,1299,2303,50383,1.55602,1299,1299,1,3.20285,2.0614,1299,1299,2367,1,2.47162,1.53502,1299,1299,6989
4,284,3245185,785165,2684,169,1454,0.837064,3.5714,2901,-1,ok,0,0,0,0,2900,1,1,5.59495,2684,12081,34061,1,6.62315,2684,22514,93861,72.6496,258035,2684,1,4.8258,2.93208,2684,3096,4757,1,6.29789,3.29575,2684,5832,13126
4,285,1231498,2364091,1022,66,564,0.425164,1.83326,1079,-1,ok,0,0,0,0,1078,1,1,1.06362,1022,1022,12606,1,0.836803,1022,1925,32827,2.52865,5477,1022,1,1.79577,1.11696,1022,1022,1906,1,1.54124,0.918075,1022,1022,4932
4,286,1066192,1226502,199,12,42,0.044102,0.272871,200,-1,ok,0,0,0,0,199,1,1,0.164408,199,199,3072,1,0.060023,199,199,9472,0.089046,199,199,1,0.250619,0.181258,199,199,400,1,0.317322,0.231742,199,199,1204
4,287,1869193,2052669,328,22,50,0.034123,0.643763,451,-1,ok,0,0,0,0,450,1,1,0.539989,328,1726,3311,1,1.03936,328,5049,9635,5.4485,21267,328,1,0.390078,0.238014,328,377,477,1,0.514792,0.268772,328,808,1346
4,288,2994814,3098447,829,53,171,0.115917,0.78123,870,-1,ok,0,0,0,0,869,1,1,0.347308,829,1135,13050,1,1.73345,829,6012,36652,4.07592,17762,829,1,0.555319,0.296395,829,1135,1638,1,1.23984,0.799965,829,1749,4818
4,289,1797269,848583,613,40,166,0.13944,1.14505,662,-1,ok,0,0,0,0,661,1,1,1.02627,613,1085,9045,1,1.56109,613,4505,26043,0.890885,1897,613,1,1.45734,0.915582,613,613,1216,1,1.48938,1.00424,613,613,3582
4,290,1214793,1750358,1135,71,266,0.185747,1.24696,1254,-1,ok,0,0,0,0,1253,1,1,2.30142,1157,8076,14789,1,4.26579,1157,18739,42511,17.5734,68787,1135,1,1.01439,0.575635,1157,1634,2053,1,1.92574,1.01937,1157,3487,5658
4,291,2831898,2102650,653,42,259,0.182378,1.04363,704,-1,ok,0,0,0,0,703,1,1,0.962078,653,956,9324,1,0.59875,653,1459,24920,0.729904,653,653,1,1.21843,0.742317,653,653,1235,1,1.06943,0.649404,653,653,3446
4,292,2244867,2707981,771,50,317,0.133149,0.747466,832,-1,ok,0,0,0,0,831,1,1,0.336118,771,806,9883,1,0.389608,771,899,27403,3.56,10128,771,1,0.484635,0.215652,771,771,1503,1,0.981524,0.613336,771,771,4222
4,293,1073058,1365640,1214,76,712,0.354171,1.11527,1355,-1,ok,0,0,0,0,1354,1,1,3.18266,1246,13415,16355,1,7.59636,1246,35977,47417,34.263,125923,1214,1,1.04215,0.563123,1246,2203,2384,1,2.58629,1.18787,1246,5997,6799
4,294,2216425,1540683,1508,96,102,0.13372,1.9398,1647,-1,ok,0,0,0,0,1646,1,1,1.51401,1510,2792,19208,1,1.88743,1510,6296,52317,94.6081,291143,1508,1,1.77807,1.08977,1510,1564,2858,1,2.20827,1.32712,1510,2104,7593
4,295,2060741,2215164,463,30,52,0.057308,0.573412,534,-1,ok,0,0,0,0,533,1,1,0.171511,463,512,6970,1,0.240359,463,818,19239,0.168515,463,463,1,0.218499,0.099727,463,463,867,1,0.521322,0.328934,463,463,2462
4,296,1441555,704228,1628,104,815,0.535952,1.8504,1743,-1,ok,0,0,0,0,1742,1,1,5.22862,1628,18731,23692,1,12.2321,1628,48821,64805,54.0745,206765,1628,1,2.09105,1.16695,1628,2783,3096,1,3.74006,1.72996,1628,7257,8782
4,297,2513611,686770,1174,75,92,0.151863,2.37518,1335,-1,ok,0,0,0,0,1334,1,1,1.99557,1174,1438,15971,1,0.996261,1174,1174,45811,7.12108,16039,1174,1,2.80526,1.75452,1174,1174,2217,1,2.56128,1.61892,1174,1176,6052
4,298,1306030,2886412,938,61,261,0.207677,2.00405,1017,-1,ok,0,0,0,0,1016,1,1,2.76374,938,5722,13272,1,7.73507,938,19597,37699,12.4454,32381,938,1,2.18785,1.43929,938,1310,1812,1,2.50622,1.37051,938,2878,4869
4,299,404356,1929489,1380,86,727,0.462494,2.4697,1545,-1,ok,0,0,0,0,1544,1,1,1.67623,1380,1541,17126,1,1.15345,1380,2478,43280,6.80933,18896,1380,1,2.49957,1.5426,1380,1380,2481,1,2.3886,1.39761,1380,1421,6435
6,0,2654607,497695,1710,28,100,0.14482,3.67746,2209,-1,ok,0,0,0,0,2208,1,1,3.86976,1710,6508,99684,1,2.97571,1710,8713,262434,5.50279,12833,1710,1,4.28649,2.65441,1710,1776,3302,1,5.62426,2.87067,1718,5243,9391
6,1,2221473,1571062,1589,25,57,0.060914,2.4768,2192,-1,ok,0,0,0,0,2191,1,1,16.1977,1663,68053,79888,1,27.051,1589,104589,214507,45.5843,160357,1589,1,1.98324,1.11651,1663,2746,2942,1,2.71873,1.54252,1617,3914,8166
6,2,641811,2589149,1344,22,52,0.075582,3.01551,1569,-1,ok,0,0,0,0,1568,1,1,16.3288,1372,43882,74369,1,2.06383,1344,5425,218684,2.31562,3632,1344,1,3.34152,2.05972,1372,2132,2597,1,4.27279,1.87528,1372,4910,7301
6,3,2250714,2339143,278,5,7,0.012213,0.515082,367,-1,ok,0,0,0,0,366,1,1,0.112771,278,278,20026,1,0.099928,278,278,60438,0.100707,278,278,1,0.227745,0.1233,278,278,549,1,0.384157,0.287617,278,278,1547
6,4,2536396,353659,1876,30,144,0.069551,3.17625,2225,-1,ok,0,0,0,0,2224,1,1,11.4882,1896,33956,82431,1,3.98945,1876,11336,224826,11.1499,28227,1876,1,4.02822,2.43937,1896,2446,3298,1,4.49934,2.24548,1896,4630,9138
6,5,916591,1430479,1191,19,53,0.05341,1.73856,1404,-1,ok,0,0,0,0,1403,1,1,11.1776,1223,46325,65457,1,25.342,1191,95385,186684,39.1858,132776,1191,1,1.58072,0.879322,1257,2199,2447,1,2.31463,1.25526,1191,3745,6258
6,6,500826,2935247,2173,35,189,0.140924,4.20566,2758,-1,ok,0,0,0,0,2757,1,1,3.63731,2173,6260,111296,1,1.75198,2173,2713,321981,11.4761,31438,2173,1,4.17988,2.48002,2173,2237,4145,1,6.14236,3.43821,2173,3689,11102
6,7,2429283,2288496,465,9,10,0.01584,0.836162,788,-1,ok,0,0,0,0,787,1,1,0.184875,465,465,31219,1,0.124823,465,465,94251,0.241661,804,465,1,0.366776,0.205955,465,465,895,1,0.678678,0.503291,465,465,2679
6,8,502542,1287255,645,12,16,0.017834,1.39993,804,-1,ok,0,0,0,0,803,1,1,6.3674,645,21880,36691,1,12.9151,645,46505,98241,18.8746,63467,645,1,1.44957,0.929757,645,999,1193,1,1.48228,0.729613,645,2370,3328
6,9,2726054,800471,1487,24,30,0.049763,2.87989,1902,-1,ok,0,0,0,0,1901,1,1,9.97744,1515,27105,71695,1,1.07291,1487,1774,210615,1.74179,2150,1487,1,3.2698,2.04375,1515,1933,2752,1,2.86706,1.71192,1487,1522,7354
6,10,3031784,709412,1662,27,27,0.055553,3.0402,1933,-1,ok,0,0,0,0,1932,1,1,2.23891,1662,1662,81641,1,0.897437,1662,1662,229099,39.4502,146083,1662,1,4.01833,2.04265,1670,2682,3074,1,3.27587,1.95957,1662,1662,8689
6,11,813038,2649998,1861,30,78,0.058318,3.07539,2310,-1,ok,0,0,0,0,2309,1,1,15.383,1881,54422,88413,1,3.21448,1861,9870,253518,1.47947,2064,1861,1,3.68479,2.1488,1881,2809,3284,1,4.47844,2.18679,1885,6469,8963
6,12,2906523,1340129,1264,21,48,0.062226,2.50161,1737,-1,ok,0,0,0,0,1736,1,1,16.496,1300,50993,74008,1,12.409,1268,47068,204602,25.1236,73256,1264,1,2.91422,1.74485,1300,2360,2479,1,3.82068,1.90579,1276,5096,6827
6,13,2198005,2773306,1504,23,66,0.057318,1.61247,1551,-1,ok,0,0,0,0,1550,1,1,15.2172,1506,55107,69798,1,35.5652,1504,138066,201645,57.8267,197182,1504,1,1.82307,0.957869,1506,2634,2863,1,3.15606,1.29483,1506,6833,7910
6,14,1009630,2195480,1009,17,17,0.028453,2.30093,1416,-1,ok,0,0,0,0,1415,1,1,5.97193,1069,18262,47456,1,9.68756,1069,38351,114060,3.09025,8169,1009,1,2.23759,1.4474,1069,1592,2045,1,2.56356,1.30779,1069,3548,5739
6,15,2077961,2827531,1186,19,68,0.05317,1.93912,1533,-1,ok,0,0,0,0,1532,1,1,5.82768,1200,20985,67400,1,4.47635,1186,16748,182682,31.7652,125454,1186,1,1.56904,0.940738,1200,1518,2299,1,1.95301,1.30724,1186,1193,6492
6,16,1553701,2469994,602,11,11,0.019517,1.43278,829,-1,ok,0,0,0,0,828,1,1,0.946999,602,1309,38541,1,0.644735,602,2084,98418,0.978097,1976,602,1,1.35213,0.922462,602,641,1165,1,1.31101,0.828569,602,618,3342
6,17,2490161,384400,1409,23,71,0.05858,2.55142,1630,-1,ok,0,0,0,0,1629,1,1,7.81343,1437,19648,80611,1,1.60243,1409,2204,234594,1.74321,1693,1409,1,3.24042,2.05262,1437,1845,2736,1,3.51882,1.82044,1437,3548,7742
6,18,2599025,2034587,1669,28,71,0.053438,2.93848,2522,-1,ok,0,0,0,0,2521,1,1,17.1565,1815,70632,80616,1,45.4153,1815,184368,222971,36.9877,141895,1669,1,2.82622,1.50892,1815,3124,3258,1,3.97503,1.76233,1815,8181,9034
6,19,1181060,2927824,1734,28,114,0.087033,3.36106,2409,-1,ok,0,0,0,0,2408,1,1,16.661,1850,54062,80465,1,7.87208,1734,24179,227383,13.4914,51628,1734,1,3.52398,2.01484,1850,2920,3307,1,4.1971,2.52429,1734,2528,8895
6,20,645781,614849,395,8,13,0.024727,0.850419,664,-1,ok,0,0,0,0,663,1,1,2.47741,427,11464,24367,1,3.41518,427,18066,72322,2.55749,12656,395,1,0.373988,0.229508,427,611,760,1,0.6638,0.388606,427,1276,2178
6,21,2468056,2256643,1145,18,24,0.027482,1.27558,1382,-1,ok,0,0,0,0,1381,1,1,10.8625,1199,45995,63252,1,6.48272,1145,32723,181752,9.5687,41640,1145,1,1.07198,0.595433,1199,2079,2304,1,2.04476,1.09193,1145,2875,6045
6,22,251497,3219170,2176,34,114,0.108033,4.56899,2697,-1,ok,0,0,0,0,2696,1,1,26.4462,2204,71084,124428,1,5.08927,2176,15233,314084,30.4037,83714,2176,1,5.85809,3.32245,2214,3472,4199,1,9.16989,3.93848,2204,8347,12126
6,23,569297,2803754,1948,32,127,0.1014,3.90073,2573,-1,ok,0,0,0,0,2572,1,1,27.2179,1962,75798,99089,1,73.5592,1962,221384,292255,247.67,673122,1948,1,4.84122,2.54433,1962,3641,3705,1,6.29071,2.45869,1962,9453,9731
6,24,2520461,1501553,674,11,13,0.024855,1.38379,789,-1,ok,0,0,0,0,788,1,1,0.902315,674,684,34208,1,1.05437,674,2434,79293,2.30261,7515,674,1,1.56903,0.909088,674,674,1312,1,1.44617,0.874003,674,679,3784
6,25,2003860,731758,1205,19,54,0.040185,1.9531,1598,-1,ok,0,0,0,0,1597,1,1,2.86805,1225,8873,43354,1,2.9935,1205,10150,151046,6.91244,31467,1205,1,1.96032,1.14845,1225,1385,2114,1,2.12061,1.15086,1225,1940,5844
6,26,613334,2557422,1168,20,59,0.056666,2.65695,1517,-1,ok,0,0,0,0,1516,1,1,20.2848,1254,51303,68716,1,33.4719,1254,95867,198588,8.20815,30286,1168,1,3.39893,2.11599,1254,2343,2420,1,4.69285,1.85931,1254,6420,6783
6,27,387537,2005469,1167,19,46,0.056766,2.45839,1470,-1,ok,0,0,0,0,1469,1,1,2.71865,1167,5362,63377,1,1.64299,1167,3272,167371,1.65663,3473,1167,1,2.52415,1.6521,1167,1167,2269,1,2.51729,1.4694,1167,1167,6389
6,28,344125,2584166,2379,38,194,0.096761,4.00612,3136,-1,ok,0,0,0,0,3135,1,1,32.2225,2457,98314,101687,1,94.4124,2457,271956,288832,553.701,1.28006e+06,2379,1,5.39155,2.63034,2457,4472,4587,1,6.8212,2.60732,2457,11735,12180
6,29,2992346,1955386,784,12,22,0.02702,1.8018,1173,-1,ok,0,0,0,0,1172,1,1,2.92389,784,8262,37586,1,5.95706,784,25871,108768,13.1246,52143,784,1,1.55365,1.06913,784,993,1377,1,1.75767,1.0448,810,1036,4179
6,30,2891864,2043208,1327,22,38,0.041286,2.18415,1674,-1,ok,0,0,0,0,1673,1,1,10.5879,1421,43162,66114,1,0.911212,1327,1906,181322,18.5279,79579,1327,1,2.07971,1.17243,1421,2425,2594,1,3.0948,1.45907,1335,5565,6420
6,31,593449,1109625,711,12,19,0.022883,1.15797,984,-1,ok,0,0,0,0,983,1,1,0.763858,711,1251,35500,1,0.311652,711,711,101975,1.12681,3075,711,1,1.0446,0.666667,711,711,1235,1,1.24855,0.819581,711,772,3628
6,32,2770066,477636,2303,38,146,0.083155,3.72843,2986,-1,ok,0,0,0,0,2985,1,1,20.7176,2407,70328,118454,1,36.7956,2385,119439,306343,5.85467,15953,2303,1,5.17325,2.78874,2407,3614,4409,1,6.55738,3.14024,2385,7122,12179
6,33,1568488,2024378,743,13,16,0.022231,1.42459,1038,-1,ok,0,0,0,0,1037,1,1,0.685771,743,1575,38138,1,0.683576,743,2263,126154,0.801227,2836,743,1,0.870516,0.547272,743,743,1360,1,1.11148,0.737688,743,776,3850
6,34,2636861,1355914,1868,29,50,0.045935,2.81198,2533,-1,ok,0,0,0,0,2532,1,1,20.704,2018,79470,86881,1,30.7426,1940,116923,247655,29.6799,120630,1868,1,3.43321,1.84574,2018,3322,3714,1,5.27394,2.38726,1996,9425,10404
6,35,2807379,1728601,1223,19,21,0.027843,2.22949,1678,-1,ok,0,0,0,0,1677,1,1,6.42576,1223,20075,51505,1,3.62644,1223,14478,156763,4.63421,16354,1223,1,2.19382,1.28974,1223,1358,2271,1,2.30837,1.30141,1223,1829,5810
6,36,548195,1129534,384,7,7,0.016401,1.18105,659,-1,ok,0,0,0,0,658,1,1,0.609369,384,384,25658,1,0.26724,384,384,77480,0.546731,384,384,1,1.00273,0.622714,384,434,718,1,0.732358,0.463887,384,409,1855
6,37,1403079,1097550,787,14,31,0.028192,1.25122,1018,-1,ok,0,0,0,0,1017,1,1,7.40455,787,32456,44573,1,18.2752,787,79895,126839,28.5773,114224,787,1,1.165,0.692164,787,1272,1413,1,1.73388,0.842704,787,3078,3934
6,38,1098506,2400310,1127,19,33,0.047699,2.55893,1540,-1,ok,0,0,0,0,1539,1,1,2.25085,1143,3643,55723,1,1.50892,1127,3309,176652,1.10502,1127,1127,1,2.16951,1.3686,1143,1266,2119,1,2.38326,1.44926,1127,1433,5774
6,39,549302,2763681,1609,26,85,0.06976,3.19602,1878,-1,ok,0,0,0,0,1877,1,1,4.75467,1609,9933,80183,1,10.9526,1609,31335,223248,39.4474,121137,1609,1,4.45606,2.36907,1639,2918,2953,1,5.37331,1.9574,1631,8097,8243
6,40,2830387,1329031,990,17,35,0.077143,2.131,1295,-1,ok,0,0,0,0,1294,1,1,1.52119,994,2592,59226,1,2.21541,990,5733,177687,3.4029,12620,990,1,2.16114,1.35546,994,1050,1853,1,2.34822,1.43585,994,1236,5308
6,41,2571837,1609971,1200,20,21,0.023444,1.90683,1705,-1,ok,0,0,0,0,1704,1,1,2.31168,1200,6746,61268,1,1.18273,1200,4288,174555,0.972898,2243,1200,1,1.58262,0.880104,1200,1326,2237,1,2.51639,1.50793,1200,1459,6235
6,42,2269545,949398,1480,24,25,0.046156,2.50165,2185,-1,ok,0,0,0,0,2184,1,1,13.4446,1486,47581,73468,1,7.83874,1480,29892,227217,2.64886,7900,1480,1,2.80507,1.66791,1486,2612,2781,1,4.37571,2.05402,1486,6655,7616
6,43,2386550,2005422,1757,29,29,0.068498,2.65085,2402,-1,ok,0,0,0,0,2401,1,1,12.8893,1831,61101,82383,1,35.2884,1811,158846,232428,84.0841,350924,1757,1,2.26093,1.21662,1831,2988,3295,1,3.71964,1.80035,1811,6945,9045
6,44,3228329,1091487,1429,24,78,0.082824,3.02705,1646,-1,ok,0,0,0,0,1645,1,1,2.23538,1429,1429,78570,1,1.17123,1429,1429,224718,2.12521,1429,1429,1,3.60375,2.03667,1429,1457,2735,1,3.2252,1.85761,1429,1510,7746
6,45,1252674,2899369,1220,21,32,0.029426,2.3756,1525,-1,ok,0,0,0,0,1524,1,1,1.78954,1220,2544,64967,1,2.16261,1220,6517,153911,9.53256,38831,1220,1,2.40567,1.46257,1220,1220,2223,1,2.20782,1.30284,1220,1582,6047
6,46,1245004,2631833,1742,28,72,0.057547,2.81374,2389,-1,ok,0,0,0,0,2388,1,1,12.3443,1826,47407,84721,1,4.53496,1806,17408,220516,10.6568,45741,1742,1,2.91588,1.70876,1826,2719,3286,1,4.05224,1.9685,1830,6198,8946
6,47,2746631,1120353,1791,29,29,0.074402,3.15421,2474,-1,ok,0,0,0,0,2473,1,1,21.2027,1925,75512,86968,1,24.755,1863,84650,238773,23.8693,94508,1791,1,3.84258,2.09695,1925,3372,3504,1,5.27621,2.66145,1863,6316,9319
6,48,1545941,1034885,778,14,14,0.021901,1.84372,1073,-1,ok,0,0,0,0,1072,1,1,2.45583,778,10095,35565,1,5.24632,778,23059,63381,43.8603,113131,778,1,1.5999,0.982474,778,998,1488,1,1.63542,0.902337,778,1657,3854
6,49,707664,3179843,2152,34,129,0.092964,3.85248,2729,-1,ok,0,0,0,0,2728,1,1,21.299,2230,73553,107770,1,5.83711,2152,15524,303071,3.12625,4780,2152,1,5.13822,2.78739,2230,3672,4177,1,8.30654,3.416,2174,11075,11449
6,50,2697605,251222,1758,27,73,0.09156,3.6207,2515,-1,ok,0,0,0,0,2514,1,1,12.5122,1768,37475,90879,1,48.5988,1758,129440,256706,56.1164,150765,1758,1,4.93634,2.84789,1768,2473,3417,1,7.56073,3.04507,1764,8734,9116
6,51,598957,1160461,516,10,16,0.024075,1.34356,799,-1,ok,0,0,0,0,798,1,1,5.58936,516,20239,32460,1,12.7018,516,43104,83632,17.9099,59572,516,1,1.0834,0.721687,516,850,986,1,1.30659,0.671925,516,2113,2623
6,52,2808838,629110,1283,21,51,0.066945,2.65467,1368,-1,ok,0,0,0,0,1367,1,1,3.92738,1283,4298,76291,1,1.06177,1283,2319,227518,2.02703,3610,1283,1,3.33498,2.09642,1283,1403,2532,1,3.21444,1.90633,1283,1685,7498
6,53,2674667,2450469,1734,29,59,0.050134,3.00194,2575,-1,ok,0,0,0,0,2574,1,1,6.29564,1734,29472,93017,1,16.6485,1734,78638,229630,21.7364,104186,1734,1,2.52624,1.47923,1734,2196,3348,1,3.48002,1.98866,1734,4055,9373
6,54,902226,2397303,1907,31,31,0.062578,3.27293,2524,-1,ok,0,0,0,0,2523,1,1,2.71194,1907,5897,97383,1,4.55009,1907,17981,279098,11.6049,48095,1907,1,2.92767,1.73903,1907,1971,3600,1,3.32375,1.94271,1907,2737,9706
6,55,3160580,2590500,1640,26,26,0.054802,2.25486,1965,-1,ok,0,0,0,0,1964,1,1,15.5896,1640,64819,73553,1,46.4536,1640,154045,204372,82.4729,319538,1640,1,2.4633,1.29099,1640,2964,3037,1,3.92564,1.67371,1640,8256,8600
6,56,3063115,1271576,1534,24,38,0.063869,3.2639,2015,-1,ok,0,0,0,0,2014,1,1,18.2898,1536,56055,72051,1,8.58777,1534,30136,213068,20.5217,70700,1534,1,4.02191,2.36205,1536,2811,2898,1,4.32102,1.87825,1536,5841,7715
6,57,471188,1449834,1138,17,28,0.035257,2.38382,1629,-1,ok,0,0,0,0,1628,1,1,12.0851,1138,42077,53327,1,24.7463,1138,96392,146516,47.3182,188958,1138,1,2.38695,1.36271,1138,1941,2015,1,2.79543,1.26359,1138,4871,5583
6,58,1353978,2059850,918,16,45,0.031439,2.52016,1619,-1,ok,0,0,0,0,1618,1,1,10.6532,954,37380,43416,1,34.8471,954,107776,132931,100.475,240846,918,1,1.81978,1.13772,954,1523,1647,1,2.47091,1.22501,954,3854,4463
6,59,2540733,1967844,911,14,15,0.02172,1.49243,1068,-1,ok,0,0,0,0,1067,1,1,2.67044,911,11216,39392,1,4.97013,911,23565,125164,41.104,149390,911,1,1.4499,0.902104,911,1113,1526,1,1.72472,0.977766,911,1920,4258
6,60,2700562,1997667,1296,21,37,0.043632,2.16238,1983,-1,ok,0,0,0,0,1982,1,1,0.67452,1296,1296,67452,1,3.66497,1296,15189,188101,8.09667,37558,1296,1,1.52483,0.881648,1296,1306,2347,1,2.12916,1.2486,1296,1799,6337
6,61,1637568,2044505,363,6,6,0.013956,0.865096,434,-1,ok,0,0,0,0,433,1,1,0.491869,363,363,20137,1,0.585895,363,2076,49049,1.13346,4049,363,1,0.718161,0.457424,363,363,685,1,0.661647,0.433399,363,370,1982
6,62,1801679,2696751,1870,30,64,0.03731,2.95479,2743,-1,ok,0,0,0,0,2742,1,1,17.5131,1870,72898,91211,1,41.169,1870,161299,249388,104.415,366815,1870,1,2.77782,1.47523,1870,3448,3491,1,4.76926,2.05916,1870,9297,9502
6,63,598957,2906552,1287,21,38,0.068678,3.10335,1332,-1,ok,0,0,0,0,1331,1,1,2.3802,1287,1287,81962,1,1.18934,1287,1287,230142,1.88467,1287,1287,1,3.39576,2.34641,1287,1287,2576,1,3.30465,2.24766,1287,1287,7732
6,64,1955372,794087,930,15,27,0.025036,1.91123,1163,-1,ok,0,0,0,0,1162,1,1,2.29428,930,5151,48064,1,3.04807,930,10601,137212,0.912525,1021,930,1,1.94855,1.14368,938,1431,1768,1,2.0791,1.26432,930,931,4865
6,65,2039260,2947726,1193,19,23,0.027111,2.62024,2090,-1,ok,0,0,0,0,2089,1,1,3.97509,1193,12614,55086,1,6.41466,1193,26303,146291,18.1587,65520,1193,1,2.13376,1.31936,1193,1299,2250,1,2.30653,1.45827,1193,1844,6040
6,66,556924,1599250,705,12,12,0.023484,1.85972,950,-1,ok,0,0,0,0,949,1,1,6.95902,705,14980,39564,1,1.19185,705,3444,113818,1.39945,3444,705,1,1.70899,1.12421,705,705,1347,1,1.69294,0.891865,705,1577,3773
6,67,278380,2626389,2296,37,155,0.090939,4.22395,2987,-1,ok,0,0,0,0,2986,1,1,21.0749,2354,67434,101324,1,4.26165,2296,12368,252171,6.0196,19686,2296,1,5.21551,2.94725,2356,3679,4232,1,6.74821,3.10535,2316,8834,11598
6,68,2339398,455629,2015,33,38,0.078578,3.58585,2746,-1,ok,0,0,0,0,2745,1,1,3.45688,2015,7846,103004,1,5.27993,2015,19423,283437,2.05968,5306,2015,1,3.66888,2.13284,2015,2075,3778,1,4.67737,2.93579,2015,2463,10506
6,69,2397188,1012607,1150,19,48,0.068619,2.48871,1615,-1,ok,0,0,0,0,1614,1,1,8.0155,1178,28631,68654,1,1.83128,1150,4426,194655,1.32893,2867,1150,1,2.67153,1.58182,1178,1775,2265,1,3.20825,1.6374,1186,4005,6424
6,70,2467967,715435,1642,27,71,0.06515,2.8619,2147,-1,ok,0,0,0,0,2146,1,1,9.96426,1662,30189,67169,1,3.64948,1642,11457,197366,10.0758,39324,1642,1,3.11989,1.90051,1678,2220,2849,1,3.63964,1.68205,1662,4267,7670
6,71,279709,835397,829,14,62,0.041888,1.41133,916,-1,ok,0,0,0,0,915,1,1,0.964783,829,1773,47845,1,1.18027,829,4287,122324,1.38863,4287,829,1,1.17371,0.712101,829,928,1636,1,1.65068,1.05123,829,1312,4647
6,72,825921,1088080,805,13,18,0.015339,1.72852,1214,-1,ok,0,0,0,0,1213,1,1,3.66354,805,15631,46178,1,7.19666,805,34859,123850,9.31247,43024,805,1,1.02153,0.598879,837,1275,1555,1,1.75782,0.976123,805,2993,4214
6,73,2686056,3089348,412,7,11,0.015989,0.865708,501,-1,ok,0,0,0,0,500,1,1,3.66705,412,10189,22725,1,6.69196,412,24980,62117,10.2166,36298,412,1,0.859316,0.587248,412,522,692,1,0.715087,0.397183,412,956,1526
6,74,935096,1634738,947,16,19,0.025498,2.02192,1454,-1,ok,0,0,0,0,1453,1,1,10.712,1025,39373,50492,1,26.7394,1025,96569,148598,12.2843,51377,947,1,1.86625,1.14304,1025,1810,1886,1,2.7741,1.31658,1029,4697,5022
6,75,384006,760874,877,14,14,0.018134,1.35443,1094,-1,ok,0,0,0,0,1093,1,1,2.88278,877,13418,40240,1,8.28899,877,29726,121604,10.1644,45115,877,1,1.00279,0.624958,877,881,1649,1,1.65016,1.06322,877,1232,4686
6,76,1947155,898061,889,14,29,0.030959,1.9309,1176,-1,ok,0,0,0,0,1175,1,1,3.35261,889,6300,35422,1,1.2281,889,3239,83342,2.92053,9792,889,1,1.97545,1.23809,889,906,1680,1,1.93732,1.09478,889,1067,4719
6,77,658137,789793,329,6,6,0.01049,0.641899,552,-1,ok,0,0,0,0,551,1,1,0.169978,329,347,17562,1,0.114574,329,365,56595,0.252181,1038,329,1,0.281415,0.178423,329,329,657,1,0.50356,0.332992,329,348,1883
6,78,363830,2056905,2015,32,119,0.069419,3.15099,2472,-1,ok,0,0,0,0,2471,1,1,26.4498,2037,71404,107235,1,4.37287,2015,12252,277562,10.9426,34458,2015,1,3.81262,2.12557,2037,3347,3819,1,3.94093,2.31538,2015,2548,10442
6,79,1761748,2892020,756,13,18,0.025047,1.76577,1009,-1,ok,0,0,0,0,1008,1,1,4.11956,756,12803,43943,1,7.10493,756,30146,124647,11.3374,38399,756,1,1.82659,1.204,756,756,1505,1,1.86731,1.16238,756,1139,4269
6,80,2351211,2029768,1106,18,24,0.028754,1.91168,1601,-1,ok,0,0,0,0,1600,1,1,3.30724,1106,12707,59138,1,5.35596,1106,23645,154460,15.6695,53987,1106,1,1.26448,0.772363,1106,1366,2147,1,1.98332,1.21332,1106,2128,5608
6,81,647090,520796,364,6,7,0.03727,0.638422,471,-1,ok,0,0,0,0,470,1,1,0.19238,364,364,23680,1,0.153345,364,364,69026,0.196087,364,364,1,0.428622,0.264895,364,364,722,1,0.642429,0.463154,364,364,2150
6,82,2202913,1998284,1606,26,26,0.030488,2.19762,2193,-1,ok,0,0,0,0,2192,1,1,12.1097,1626,56284,73632,1,34.9574,1606,153533,220601,82.6626,347668,1606,1,1.8755,1.02144,1626,2644,2891,1,3.17303,1.58553,1606,6073,7897
6,83,2307907,2951731,1581,25,97,0.067697,1.9999,1806,-1,ok,0,0,0,0,1805,1,1,10.8975,1601,36378,82598,1,9.1921,1581,36779,238687,12.0233,49167,1581,1,1.93696,0.944273,1601,2394,3065,1,3.34738,1.65871,1601,5322,8687
6,84,1871832,591133,1610,26,26,0.06326,2.78043,2175,-1,ok,0,0,0,0,2174,1,1,10.3806,1714,39212,77563,1,11.0027,1692,49768,223938,12.1268,45309,1610,1,2.91447,1.76346,1714,2392,3090,1,3.40176,2.01669,1692,3792,8294
6,85,1820468,769068,784,13,21,0.023304,1.78679,1023,-1,ok,0,0,0,0,1022,1,1,0.994649,784,1124,44282,1,0.497019,784,789,125870,0.837213,784,784,1,1.63881,0.90468,784,833,1519,1,1.64972,0.958881,784,807,4073
6,86,618657,2879486,1405,21,37,0.047418,3.03577,1926,-1,ok,0,0,0,0,1925,1,1,14.1274,1465,40348,63181,1,16.1841,1405,39608,195748,14.2604,40711,1405,1,3.81334,2.4463,1465,2287,2555,1,4.09049,2.03067,1465,5864,7212
6,87,759127,2437547,1913,31,121,0.098624,3.26337,2558,-1,ok,0,0,0,0,2557,1,1,16.1861,1933,60145,91632,1,3.02304,1913,9922,250876,29.5972,111220,1913,1,3.43117,2.05911,1933,3002,3396,1,4.68385,2.20883,1937,7118,9130
6,88,2003626,436977,2082,33,191,0.12297,3.72599,2945,-1,ok,0,0,0,0,2944,1,1,26.5061,2102,92514,101826,1,73.4637,2082,224370,278458,274.922,756660,2082,1,4.18935,2.10645,2102,3787,3903,1,5.92077,2.62401,2086,9859,10416
6,89,2088216,2111650,95,1,0,0.004008,0.467032,254,-1,ok,0,0,0,0,253,1,1,0.756043,127,1945,3731,1,0.338472,95,1473,16774,0.580094,1473,95,1,0.198029,0.130904,127,166,225,1,0.218919,0.140743,95,208,433
6,90,2481203,2200930,683,11,14,0.014958,0.798282,766,-1,ok,0,0,0,0,765,1,1,0.427959,683,737,33819,1,0.367186,683,1083,103873,0.582999,1582,683,1,0.860957,0.482982,737,820,1428,1,1.23639,0.88313,683,683,4046
6,91,1827763,2791217,1053,18,62,0.035596,2.1936,1666,-1,ok,0,0,0,0,1665,1,1,12.1489,1053,29153,50761,1,29.4988,1053,102183,154479,75.6465,247542,1053,1,2.37925,1.27868,1053,1840,1970,1,3.05676,1.21768,1053,4456,5056
6,92,1980418,1582954,557,10,11,0.017863,1.21328,796,-1,ok,0,0,0,0,795,1,1,1.04701,577,3357,30787,1,0.860757,557,2986,84765,0.391903,557,557,1,0.768707,0.479826,577,702,1043,1,1.05556,0.629787,577,1296,2946
6,93,705039,752842,1000,16,36,0.028102,1.16383,1245,-1,ok,0,0,0,0,1244,1,1,6.34214,1000,29541,55210,1,16.2476,1000,75976,156199,18.8656,86677,1000,1,0.979941,0.571877,1016,1554,1878,1,1.87574,1.02132,1000,3714,5278
6,94,1158854,739502,341,6,7,0.01613,0.889411,426,-1,ok,0,0,0,0,425,1,1,3.83254,341,9703,23045,1,4.63622,341,20176,71117,6.35437,20212,341,1,0.726576,0.488802,341,583,664,1,0.92525,0.513259,341,1521,1928
6,95,1350833,836719,972,15,44,0.031088,1.44848,1325,-1,ok,0,0,0,0,1324,1,1,3.05811,972,10544,50082,1,0.686112,972,2120,137780,10.8092,46976,972,1,1.17473,0.673749,972,1179,1816,1,1.67987,1.07817,972,1074,5160
6,96,1556785,647066,1224,20,30,0.040235,1.96375,1551,-1,ok,0,0,0,0,1550,1,1,3.12362,1224,9423,61148,1,5.31329,1224,21885,169970,8.21086,34441,1224,1,1.84901,1.07694,1224,1224,2346,1,2.53823,1.66164,1224,1397,6317
6,97,1944954,1109435,783,13,22,0.024005,1.57837,1028,-1,ok,0,0,0,0,1027,1,1,0.919427,783,819,46145,1,0.387273,783,819,114149,0.785747,783,783,1,1.53199,0.909077,783,783,1481,1,1.78337,1.1305,783,823,3980
6,98,2668191,348531,1839,31,179,0.109033,3.22947,2178,-1,ok,0,0,0,0,2177,1,1,22.8828,1867,65035,102309,1,78.4157,1839,221633,274758,139.321,416088,1839,1,4.81181,2.56797,1867,3327,3403,1,6.0007,2.47806,1867,8929,9279
6,99,476033,1903328,1168,19,38,0.070501,2.46626,1295,-1,ok,0,0,0,0,1294,1,1,18.9049,1168,54789,60247,1,57.5814,1168,156823,174200,145.576,311275,1168,1,3.42197,1.9462,1168,1959,2100,1,3.72632,1.43219,1168,5234,5939
6,100,795218,590026,122,2,2,0.010249,0.339514,157,-1,ok,0,0,0,0,156,1,1,0.176579,122,122,7668,1,0.03225,122,122,30714,0.121005,122,122,1,0.27824,0.166812,122,126,243,1,0.245449,0.17681,122,122,715
6,101,763468,1260833,843,14,27,0.019586,1.12109,954,-1,ok,0,0,0,0,953,1,1,9.43857,843,36656,46478,1,15.8974,843,63428,134190,22.4059,79344,843,1,1.1383,0.670131,843,1374,1646,1,1.91358,0.886947,843,3796,4435
6,102,3155979,534005,2083,33,106,0.102351,3.93722,2658,-1,ok,0,0,0,0,2657,1,1,18.8394,2111,48832,108943,1,4.58178,2083,9968,287717,41.833,119986,2083,1,4.87983,2.8762,2111,3055,3890,1,4.86362,2.77115,2083,2352,10605
6,103,2671843,2035386,1097,18,34,0.052658,1.92985,1678,-1,ok,0,0,0,0,1677,1,1,0.587169,1097,1097,54747,1,2.38967,1097,9861,154719,5.98832,28074,1097,1,1.24992,0.714296,1097,1097,1974,1,1.84057,1.13419,1097,1386,5535
6,104,1072087,2077094,1175,20,36,0.044462,2.29983,1804,-1,ok,0,0,0,0,1803,1,1,10.77,1247,35574,55202,1,23.4446,1247,81227,143127,39.7025,119881,1175,1,2.20217,1.36696,1247,1926,2279,1,3.0491,1.44898,1247,4699,6299
6,105,1830266,867972,1628,26,63,0.06367,2.27838,2009,-1,ok,0,0,0,0,2008,1,1,7.36946,1650,28773,85352,1,5.43171,1628,24003,226380,38.3052,143047,1628,1,2.2342,1.30759,1650,2332,3004,1,2.79882,1.77441,1628,2032,8183
6,106,2009385,672463,1221,20,44,0.05306,2.45478,1552,-1,ok,0,0,0,0,1551,1,1,1.36491,1221,1683,65680,1,0.773894,1221,1256,169830,2.35034,7357,1221,1,2.12511,1.19288,1221,1280,2323,1,2.65029,1.48446,1221,1682,6204
6,107,1277732,1289510,1175,19,33,0.036078,1.46845,1414,-1,ok,0,0,0,0,1413,1,1,7.37579,1337,35903,54403,1,11.6132,1295,61061,166435,21.2123,98639,1175,1,1.67507,0.982896,1337,1897,2228,1,2.54063,1.51612,1315,3349,6021
6,108,383929,2086407,1268,21,68,0.072245,2.68639,1555,-1,ok,0,0,0,0,1554,1,1,3.04226,1268,5461,67616,1,1.80377,1268,4206,174806,21.7734,67976,1268,1,2.76801,1.8307,1268,1286,2464,1,3.09722,1.8316,1268,1268,6917
6,109,2032078,1699736,1336,22,28,0.058979,2.12506,1991,-1,ok,0,0,0,0,1990,1,1,6.82421,1444,29790,74102,1,9.89176,1444,46779,210478,5.59663,25701,1336,1,1.466,0.845118,1444,2124,2739,1,3.00275,1.75169,1456,4581,7671
6,110,958411,907673,588,11,18,0.019777,1.07115,817,-1,ok,0,0,0,0,816,1,1,1.85974,588,8805,25045,1,7.16865,588,36622,84478,10.0532,46637,588,1,0.699407,0.399466,588,925,1080,1,0.94723,0.486439,588,1974,2801
6,111,345881,908168,999,16,25,0.029485,1.46639,1364,-1,ok,0,0,0,0,1363,1,1,0.761223,999,999,53267,1,0.409965,999,999,143358,12.9859,62389,999,1,1.24766,0.758878,999,999,1881,1,1.42194,0.947831,999,999,5242
6,112,921927,2826328,1275,19,34,0.046888,2.3002,1420,-1,ok,0,0,0,0,1419,1,1,6.68801,1277,19136,69351,1,10.7537,1277,38968,198057,35.5758,96671,1275,1,3.35801,2.16191,1285,1661,2421,1,3.64279,2.03126,1277,3812,6943
6,113,558628,2150100,1156,20,20,0.050826,2.50208,1473,-1,ok,0,0,0,0,1472,1,1,7.1133,1156,15370,63519,1,19.6887,1156,53984,187022,38.198,83510,1156,1,2.94304,1.8178,1156,1156,2180,1,2.44767,1.3664,1156,2101,6081
6,114,732091,2459630,1421,24,103,0.072494,2.94392,1940,-1,ok,0,0,0,0,1939,1,1,3.08506,1479,7233,74477,1,7.27159,1479,24401,210492,1.61394,2801,1421,1,3.2978,1.96094,1479,1555,2753,1,3.24171,1.95747,1479,1987,7138
6,115,398823,391093,624,11,11,0.014848,1.35142,1149,-1,ok,0,0,0,0,1148,1,1,3.92422,624,20123,37138,1,6.36585,624,30060,106946,6.23742,30337,624,1,0.547544,0.325979,624,960,1188,1,1.15775,0.677977,624,2245,3295
6,116,1510629,2959878,1054,17,23,0.047418,2.19109,1091,-1,ok,0,0,0,0,1090,1,1,5.3503,1054,10138,44002,1,5.00391,1054,16965,132639,22.2888,65295,1054,1,2.63506,1.62607,1054,1054,1869,1,2.15952,1.30116,1054,1375,4953
6,117,2096552,3082996,592,9,9,0.019887,1.30095,633,-1,ok,0,0,0,0,632,1,1,0.857843,592,592,36339,1,0.26692,592,592,112639,0.817758,592,592,1,1.65831,0.962579,592,592,1188,1,1.51104,0.980402,592,683,3540
6,118,773297,2535823,1305,22,85,0.104777,2.47662,1614,-1,ok,0,0,0,0,1613,1,1,19.8974,1391,54553,68551,1,35.2932,1391,102982,196941,15.0678,27954,1305,1,3.34261,1.96912,1391,2490,2554,1,4.11328,1.70161,1391,6898,7200
6,119,1540653,367496,2008,32,70,0.061375,2.7125,2639,-1,ok,0,0,0,0,2638,1,1,2.95886,2008,9093,94454,1,6.36136,2008,26984,250094,1.28814,2196,2008,1,2.46916,1.41789,2024,2039,3715,1,3.83245,2.34203,2024,3075,10486
6,120,457915,1822951,1394,23,25,0.053151,2.52106,1819,-1,ok,0,0,0,0,1818,1,1,13.9373,1416,42660,74942,1,0.854205,1394,1394,206734,0.857142,1394,1394,1,2.56098,1.52927,1416,2250,2657,1,2.64506,1.56879,1394,1927,7248
6,121,2144069,523360,2086,32,100,0.10232,3.39065,2857,-1,ok,0,0,0,0,2856,1,1,28.8707,2106,91872,96072,1,81.2979,2086,237139,266375,290.476,785226,2086,1,4.32964,2.10537,2106,3777,3839,1,6.01549,2.74817,2110,9886,10156
6,122,1935902,3090329,1268,20,70,0.071654,2.34032,1691,-1,ok,0,0,0,0,1690,1,1,1.88851,1268,4055,65228,1,1.71291,1268,4367,177027,1.28535,1489,1268,1,1.97057,1.24964,1268,1349,2419,1,2.35449,1.28549,1268,1734,6521
6,123,2854140,1596178,937,16,20,0.021481,2.16091,1766,-1,ok,0,0,0,0,1765,1,1,20.8393,1093,42396,48042,1,0.627122,937,1197,130643,1.06256,1482,937,1,2.31135,1.46518,1093,1992,2121,1,2.25391,1.48711,937,1121,5216
6,124,1967913,1747145,807,12,12,0.015409,1.02941,994,-1,ok,0,0,0,0,993,1,1,1.69334,821,7241,39667,1,1.60628,807,7908,121281,1.9367,7908,807,1,0.63629,0.368248,821,1011,1496,1,1.27411,0.789043,821,1843,4269
6,125,2263205,1655305,838,14,25,0.027522,1.66772,1271,-1,ok,0,0,0,0,1270,1,1,2.71693,860,8643,48485,1,1.91816,860,7717,144791,0.489133,1240,838,1,1.17429,0.648211,862,904,1590,1,1.47456,0.943322,862,1089,4193
6,126,2506297,1143924,984,17,21,0.040665,2.0015,1395,-1,ok,0,0,0,0,1394,1,1,1.64345,984,2268,56177,1,1.70119,984,3834,161309,3.69895,8287,984,1,2.09152,1.25164,984,984,1822,1,2.03145,1.15833,984,1114,4745
6,127,1448472,1364093,562,10,27,0.015689,1.23663,935,-1,ok,0,0,0,0,934,1,1,3.56236,582,11388,28854,1,4.2371,562,18058,87380,9.40607,34287,562,1,0.727028,0.48696,582,648,942,1,0.84047,0.535821,582,1115,2480
6,128,1724010,2154870,1418,23,34,0.036137,1.96801,2011,-1,ok,0,0,0,0,2010,1,1,12.1231,1508,56964,77912,1,17.9599,1418,81262,211244,49.5844,199433,1418,1,1.65926,0.949274,1508,2470,2788,1,2.96543,1.59473,1446,5988,7707
6,129,840467,2529952,1656,27,45,0.05834,3.39885,2461,-1,ok,0,0,0,0,2460,1,1,2.17359,1656,2374,78092,1,7.33336,1656,24992,182846,12.7615,49614,1656,1,2.93004,1.82467,1656,2055,3066,1,3.17543,1.80513,1656,2074,7530
6,130,1792217,1212610,345,7,7,0.016531,1.0804,604,-1,ok,0,0,0,0,603,1,1,0.815594,345,1589,21231,1,0.734592,345,2952,58981,1.08472,2952,345,1,0.721508,0.500905,345,470,678,1,0.816926,0.500313,345,977,2006
6,131,1328134,3208212,1967,31,66,0.05366,3.59056,2768,-1,ok,0,0,0,0,2767,1,1,3.48833,1967,8253,94727,1,9.30469,1967,33669,245353,11.2031,39324,1967,1,3.6522,2.16849,1967,2030,3669,1,4.41446,2.69289,1967,2206,10407
6,132,2891864,1675347,959,17,30,0.046456,1.89467,1316,-1,ok,0,0,0,0,1315,1,1,0.874795,959,1013,52094,1,1.87605,959,4768,138207,1.21286,2811,959,1,1.50697,0.746144,959,959,1864,1,2.25294,1.35511,959,959,5342
6,133,2410465,2443796,1103,18,24,0.032069,1.06407,1270,-1,ok,0,0,0,0,1269,1,1,6.18537,1103,28644,53298,1,12.309,1103,57981,157456,13.0211,59149,1103,1,0.926431,0.521084,1103,1670,2145,1,2.04156,1.21877,1103,3166,5788
6,134,558433,2250280,1093,18,48,0.067397,2.81155,1428,-1,ok,0,0,0,0,1427,1,1,7.82894,1101,25211,59429,1,13.1814,1101,55625,184316,1.81343,2191,1093,1,3.08526,1.95242,1101,1778,2122,1,3.17059,1.52248,1101,4149,5884
6,135,1187532,720690,1013,17,29,0.044843,1.53555,1340,-1,ok,0,0,0,0,1339,1,1,8.96683,1013,36767,45949,1,22.8632,1013,96138,141459,30.8904,126857,1013,1,1.54611,0.880575,1013,1843,1865,1,2.50996,1.12716,1013,4796,4928
6,136,2710078,1125700,1258,21,37,0.065632,2.76341,1833,-1,ok,0,0,0,0,1832,1,1,6.02982,1266,17502,61718,1,0.623445,1258,1276,183429,3.63047,8328,1258,1,3.00143,1.8187,1266,1630,2349,1,3.05205,1.9137,1258,1471,6246
6,137,342829,2650131,1580,26,125,0.10187,3.55064,2277,-1,ok,0,0,0,0,2276,1,1,4.58689,1580,11251,82799,1,17.2107,1580,49613,255054,52.9443,188923,1580,1,4.26183,2.55329,1580,1580,2972,1,4.27072,2.69469,1580,1581,8335
6,138,381156,591400,523,11,18,0.021769,1.406,1092,-1,ok,0,0,0,0,1091,1,1,4.78479,713,20280,35341,1,9.29196,713,41609,95903,2.76418,11973,523,1,0.917394,0.618065,713,1049,1224,1,1.18132,0.663791,713,2275,3306
6,139,620591,3052362,1412,22,44,0.055996,3.12129,1635,-1,ok,0,0,0,0,1634,1,1,2.74734,1412,1800,86058,1,0.793552,1412,1800,239094,1.89017,1800,1412,1,3.986,2.44911,1412,1428,2780,1,4.07821,2.57553,1412,1478,8213
6,140,1838465,1180686,1541,24,24,0.041617,2.20027,1928,-1,ok,0,0,0,0,1927,1,1,14.7839,1547,57145,80561,1,41.1959,1541,151447,194175,157.465,448735,1541,1,2.08699,1.12211,1547,2567,3019,1,3.33028,1.55032,1541,6582,8390
6,141,2808277,2315654,851,14,15,0.021741,1.04863,906,-1,ok,0,0,0,0,905,1,1,0.780127,851,863,44204,1,1.33325,851,5035,123119,2.62943,10053,851,1,1.16074,0.703484,851,893,1565,1,1.53338,1.0151,851,889,4374
6,142,2598310,2422034,222,4,5,0.007524,0.287136,253,-1,ok,0,0,0,0,252,1,1,0.152866,222,222,16248,1,0.129141,222,222,49289,0.137527,222,222,1,0.269613,0.166089,222,222,446,1,0.437989,0.295032,222,316,1302
6,143,2845436,1668194,730,12,12,0.019245,1.60664,973,-1,ok,0,0,0,0,972,1,1,11.5298,782,28935,45223,1,21.2346,782,57098,125363,10.5229,31596,730,1,2.07607,1.34778,782,1335,1481,1,2.1557,1.0618,782,3441,4203
6,144,2382918,526772,1377,22,80,0.07448,2.77931,1884,-1,ok,0,0,0,0,1883,1,1,3.48317,1399,7230,67220,1,3.59439,1377,10963,183018,24.4078,75408,1377,1,3.16644,1.92839,1399,1518,2579,1,3.17904,2.0108,1377,1377,7307
6,145,1931999,438444,1275,21,53,0.060794,2.3313,1624,-1,ok,0,0,0,0,1623,1,1,1.94335,1275,2966,67618,1,1.13866,1275,2521,181754,1.20152,1275,1275,1,2.40963,1.38619,1275,1328,2400,1,2.8557,1.63754,1275,1781,6374
6,146,2679978,515339,2241,36,86,0.06969,3.50007,2724,-1,ok,0,0,0,0,2723,1,1,4.04481,2241,8773,114991,1,4.8422,2241,18987,301414,4.63698,15905,2241,1,4.52129,2.61495,2241,2367,4218,1,4.65343,2.90679,2241,2454,11658
6,147,2803019,1915102,1793,29,32,0.072015,2.80994,2586,-1,ok,0,0,0,0,2585,1,1,19.1107,1793,63001,87748,1,49.4418,1793,163977,247847,136.953,368034,1793,1,2.71203,1.29693,1793,3224,3312,1,4.34425,1.73557,1793,8642,9068
6,148,913089,1331566,1323,23,121,0.112011,2.03865,1744,-1,ok,0,0,0,0,1743,1,1,4.71553,1433,18652,65320,1,9.96407,1433,46629,184437,89.0875,271251,1323,1,1.93541,1.19623,1433,1720,2553,1,2.28539,1.39214,1433,2743,6729
6,149,634343,2276336,1305,21,21,0.053057,2.74906,1772,-1,ok,0,0,0,0,1771,1,1,5.76052,1325,15551,60870,1,1.13586,1305,1500,185357,1.34178,1305,1305,1,2.78368,1.75728,1325,1708,2474,1,4.26367,1.95496,1311,4186,6568
6,150,1481794,3181212,1228,21,39,0.057607,2.57846,1561,-1,ok,0,0,0,0,1560,1,1,14.8046,1228,27721,68347,1,25.1389,1228,57330,168910,36.3836,92183,1228,1,10.8675,9.13425,1228,1315,2246,1,3.10722,1.93119,1228,1913,5834
6,151,1474634,422363,1314,22,80,0.070512,2.37324,1533,-1,ok,0,0,0,0,1532,1,1,2.09707,1314,3090,61600,1,2.14581,1314,7184,177974,2.84832,9827,1314,1,2.43409,1.531,1314,1398,2443,1,2.27683,1.41782,1314,1556,7148
6,152,1834575,3226322,1174,20,36,0.060173,2.52387,1447,-1,ok,0,0,0,0,1446,1,1,15.0615,1174,24801,66411,1,24.4918,1174,54800,160254,44.4453,122962,1174,1,2.9456,1.77661,1174,1194,2126,1,2.4537,1.50711,1174,1612,5477
6,153,3024705,540222,1863,31,31,0.075029,3.91497,2222,-1,ok,0,0,0,0,2221,1,1,2.53529,1863,1863,97507,1,1.5892,1863,2223,259434,41.3248,123487,1863,1,5.35302,2.63488,1871,3003,3479,1,5.77325,3.95826,1863,1863,9923
6,154,3044639,2920559,189,3,3,0.011822,0.681242,380,-1,ok,0,0,0,0,379,1,1,0.252252,189,600,11165,1,0.10686,189,600,36740,0.13404,189,189,1,0.285102,0.189724,189,189,365,1,0.391432,0.292287,189,208,1045
6,155,1228220,1631674,478,9,11,0.026028,1.17068,707,-1,ok,0,0,0,0,706,1,1,1.29799,478,3477,30221,1,0.328554,478,480,87448,0.296083,480,478,1,0.781121,0.463507,478,478,891,1,0.953331,0.586255,478,598,2405
6,156,1536072,283775,1199,20,44,0.037158,2.54043,1484,-1,ok,0,0,0,0,1483,1,1,3.65131,1199,5943,70284,1,1.95065,1199,4874,183191,1.81298,4874,1199,1,2.20026,1.36992,1199,1199,2154,1,2.41374,1.41213,1203,1813,5941
6,157,3193672,1640899,1490,24,30,0.050233,3.00109,2071,-1,ok,0,0,0,0,2070,1,1,3.3723,1490,5926,83947,1,2.48227,1490,8457,205827,2.96778,9740,1490,1,2.98369,1.87081,1490,1490,2816,1,3.47072,2.02083,1490,1865,7680
6,158,1364886,1417986,1253,20,62,0.057658,1.90999,1548,-1,ok,0,0,0,0,1547,1,1,11.8638,1347,52925,60134,1,30.4378,1305,135405,182985,78.8645,284265,1253,1,1.6756,0.993065,1347,2195,2354,1,2.46577,1.20878,1325,5313,6029
6,159,1323479,1948892,1160,19,44,0.043772,1.77509,1397,-1,ok,0,0,0,0,1396,1,1,6.93893,1188,28164,63062,1,2.44733,1166,9304,182106,2.65602,9077,1160,1,1.04611,0.547674,1188,1749,2150,1,1.66663,1.04162,1166,1344,5710
6,160,329635,3138202,2157,35,54,0.066135,4.07808,2510,-1,ok,0,0,0,0,2509,1,1,34.3948,2157,64851,102345,1,87.3429,2157,176597,275763,219.034,565662,2157,1,5.50118,3.10357,2165,3999,4017,1,7.89781,3.10256,2157,11131,11231
6,161,2199138,2165892,958,15,16,0.027792,1.34612,1241,-1,ok,0,0,0,0,1240,1,1,10.2191,1042,49018,50565,1,14.8489,958,71700,153135,15.4789,73053,958,1,1.22984,0.765802,1044,1943,1998,1,2.0262,1.06065,960,4443,5253
6,162,2332432,2665491,284,5,5,0.013726,0.800295,359,-1,ok,0,0,0,0,358,1,1,1.41357,284,3785,18241,1,1.29517,284,6084,53332,1.92896,6170,284,1,0.638373,0.450372,284,348,552,1,0.621321,0.417359,284,578,1580
6,163,2554867,820141,1438,23,31,0.04779,2.76748,1805,-1,ok,0,0,0,0,1804,1,1,3.47701,1492,5759,68531,1,2.09789,1438,4355,195437,2.38554,5278,1438,1,3.10232,1.90323,1492,1621,2763,1,3.30351,1.92007,1438,1666,7226
6,164,816636,1589983,1083,17,33,0.045283,1.72899,1294,-1,ok,0,0,0,0,1293,1,1,0.676884,1083,1539,49333,1,1.21497,1083,3740,144953,0.680842,1377,1083,1,0.925901,0.463636,1083,1089,1898,1,2.15359,0.948002,1087,3598,4954
6,165,2144577,2486159,628,11,15,0.017071,1.23819,1059,-1,ok,0,0,0,0,1058,1,1,4.03621,628,15975,38006,1,6.96298,628,30787,103646,8.28783,37091,628,1,0.895113,0.563053,628,979,1190,1,1.34045,0.743228,628,2104,3171
6,166,2257019,735014,1996,32,135,0.117178,3.82525,2647,-1,ok,0,0,0,0,2646,1,1,24.9571,2100,86962,99382,1,63.9086,2078,231290,270313,203.906,639164,1996,1,4.49083,2.24957,2100,3616,3758,1,6.3997,3.2678,2078,9399,10053
6,167,2095650,935010,1005,16,26,0.031279,1.97832,1294,-1,ok,0,0,0,0,1293,1,1,2.59374,1025,7731,33857,1,2.17675,1005,6786,123990,3.41452,14265,1005,1,1.95526,1.14586,1027,1589,1733,1,2.45582,1.04017,1027,4265,4794
6,168,312457,989659,778,13,13,0.018495,1.78869,1351,-1,ok,0,0,0,0,1350,1,1,1.52548,778,2408,36786,1,2.09048,778,5983,96966,1.56243,3848,778,1,1.51243,0.914478,778,778,1322,1,1.12955,0.699518,778,821,3178
6,169,2882141,1067685,1170,20,57,0.067015,2.56388,1475,-1,ok,0,0,0,0,1474,1,1,3.88166,1170,6887,70436,1,7.78001,1170,30063,170384,15.4493,53399,1170,1,3.06012,2.0511,1170,1617,2254,1,3.4572,2.02312,1170,2681,6490
6,170,1662824,2681105,1085,18,39,0.04793,1.89304,1248,-1,ok,0,0,0,0,1247,1,1,2.94553,1085,9068,53925,1,4.18726,1085,17025,137379,5.12631,21575,1085,1,1.80539,1.08351,1085,1085,2011,1,2.08054,1.20121,1085,1363,5765
6,171,1703180,546367,1232,21,65,0.051816,2.17034,1601,-1,ok,0,0,0,0,1600,1,1,3.29889,1268,9005,57276,1,7.37491,1268,23295,167924,3.64018,9405,1232,1,2.23408,1.36711,1268,1408,2300,1,2.22328,1.38018,1268,1741,6268
6,172,2090483,588991,1314,20,50,0.056015,2.39499,1559,-1,ok,0,0,0,0,1558,1,1,2.75408,1314,7142,64340,1,3.57735,1314,12246,183675,3.99582,13362,1314,1,2.68894,1.59299,1314,1433,2386,1,2.92713,1.69958,1314,1705,6553
6,173,2669970,1153251,1524,25,64,0.07505,2.45075,1819,-1,ok,0,0,0,0,1818,1,1,3.50497,1524,6285,75920,1,1.16382,1524,2054,202316,1.31261,2581,1524,1,2.74576,1.59778,1524,1524,2706,1,3.08915,1.86408,1524,1596,7109
6,174,2801102,1556461,1651,27,102,0.074619,2.36921,1986,-1,ok,0,0,0,0,1985,1,1,3.11417,1651,7174,83517,1,1.12204,1651,2932,232836,12.1862,33732,1651,1,2.02334,1.08401,1651,1692,3001,1,2.82085,1.71039,1651,1931,8098
6,175,2862760,2446461,730,11,11,0.014485,1.09184,851,-1,ok,0,0,0,0,850,1,1,0.879234,730,3022,32552,1,0.338973,730,730,88941,0.697031,2114,730,1,0.704667,0.387304,730,731,1326,1,1.21563,0.801036,730,730,3848
6,176,1728209,2803901,1739,29,118,0.06437,3.12559,2594,-1,ok,0,0,0,0,2593,1,1,16.8689,1961,61609,80097,1,42.2997,1941,163688,225654,71.0767,205878,1739,1,3.28863,1.7647,1961,3339,3552,1,5.05101,2.2799,1941,8593,9662
6,177,330269,1345015,1018,17,18,0.026979,2.07711,1301,-1,ok,0,0,0,0,1300,1,1,2.41109,1040,5316,47368,1,2.76841,1018,11185,133403,2.29011,5477,1018,1,2.38301,1.36152,1072,1913,2004,1,1.99107,1.24144,1018,1082,5434
6,178,3017924,2896984,407,7,7,0.014818,0.757875,594,-1,ok,0,0,0,0,593,1,1,2.10633,407,9887,23952,1,1.87236,407,9887,77631,2.02189,9887,407,1,0.389087,0.24643,407,407,777,1,0.652099,0.480628,407,407,2177
6,179,910292,1126401,229,4,4,0.023584,0.778994,536,-1,ok,0,0,0,0,535,1,1,0.291716,229,329,11993,1,0.072054,229,329,39735,0.197119,329,229,1,0.436055,0.266268,229,229,427,1,0.543315,0.377815,229,229,1340
6,180,2006593,1670863,1240,22,31,0.040475,2.08403,1789,-1,ok,0,0,0,0,1788,1,1,2.60989,1314,8504,60478,1,4.75752,1314,19041,178422,4.44811,18067,1240,1,1.56901,0.945075,1314,1520,2386,1,2.07881,1.31268,1314,2198,6390
6,181,2078347,3155254,1385,22,22,0.044734,2.93127,1996,-1,ok,0,0,0,0,1995,1,1,7.30327,1385,30284,68458,1,21.3217,1385,85501,171268,151.651,376164,1385,1,2.64013,1.64753,1385,1885,2616,1,3.07804,1.78493,1385,3770,7407
6,182,2709648,2878665,277,5,7,0.015038,0.672757,378,-1,ok,0,0,0,0,377,1,1,0.276897,277,277,17922,1,0.173645,277,277,51490,0.141154,314,277,1,0.369891,0.234689,277,277,554,1,0.625569,0.458687,277,277,1650
6,183,460429,2828556,1989,33,166,0.115165,4.27614,2800,-1,ok,0,0,0,0,2799,1,1,6.09407,1989,16087,102527,1,6.09204,1989,22070,275249,4.29625,8183,1989,1,4.96811,2.66423,1993,3597,3764,1,4.55186,2.76362,1989,2443,9931
6,184,909956,1352984,474,9,12,0.016841,1.18005,783,-1,ok,0,0,0,0,782,1,1,0.318225,474,474,29892,1,0.24108,474,474,82831,4.11457,19392,474,1,0.55179,0.323984,474,474,873,1,0.832806,0.568872,474,474,2467
6,185,2598310,614849,1241,20,34,0.040815,2.48975,1472,-1,ok,0,0,0,0,1471,1,1,9.65753,1269,21691,64457,1,1.21269,1241,1243,196999,1.46486,1243,1241,1,3.23289,2.02375,1269,1590,2315,1,2.95661,1.87327,1241,1275,6075
6,186,1732162,381072,1507,26,95,0.095036,2.74171,2064,-1,ok,0,0,0,0,2063,1,1,24.5266,1599,50822,67772,1,40.5213,1507,102681,188291,165.491,461122,1507,1,3.15855,1.84615,1599,2592,2867,1,4.22379,1.91749,1511,6821,7655
6,187,2864255,987151,1339,21,34,0.063919,2.79539,1696,-1,ok,0,0,0,0,1695,1,1,15.9568,1359,29744,50326,1,12.339,1339,35874,171302,3.85849,11474,1339,1,3.44368,2.10054,1359,1833,2303,1,3.96286,1.69009,1359,3874,6445
6,188,613280,1998545,1505,25,103,0.084438,2.53901,1828,-1,ok,0,0,0,0,1827,1,1,1.75414,1505,3042,76427,1,1.3798,1505,3775,191042,8.09017,27552,1505,1,2.5311,1.48809,1505,1505,2694,1,3.05603,1.79644,1505,1962,7262
6,189,769257,2619619,1324,22,56,0.074449,2.72124,1743,-1,ok,0,0,0,0,1742,1,1,5.54279,1324,14487,60846,1,8.32731,1324,26922,167350,11.1126,33516,1324,1,3.21711,2.01542,1324,1652,2531,1,3.68346,2.00953,1324,2836,7202
6,190,1700379,924636,488,8,8,0.017884,1.13237,605,-1,ok,0,0,0,0,604,1,1,0.973859,488,1416,23880,1,0.27848,488,715,72087,1.19361,2717,488,1,1.34891,0.6912,492,906,948,1,1.08636,0.727488,488,488,2347
6,191,489236,2011181,1701,27,121,0.082545,2.92605,2304,-1,ok,0,0,0,0,2303,1,1,2.73204,1701,6151,85495,1,1.12354,1701,2477,212520,7.96017,29617,1701,1,2.8039,1.66892,1701,1798,3083,1,3.38203,1.97319,1701,2223,8461
6,192,1225462,1170705,1015,16,33,0.061216,1.45359,1226,-1,ok,0,0,0,0,1225,1,1,8.93071,1095,43905,50328,1,7.82508,1015,39163,146584,10.7443,50850,1015,1,1.26551,0.703413,1117,1924,2042,1,1.70864,1.03608,1015,2407,5119
6,193,1873151,1744747,675,11,11,0.016952,0.981513,912,-1,ok,0,0,0,0,911,1,1,3.54933,751,16547,34563,1,2.41319,675,11793,109709,3.25056,15703,675,1,0.601312,0.318124,751,1111,1386,1,1.10103,0.633294,675,777,3750
6,194,2468599,2302602,643,11,18,0.018043,1.18991,952,-1,ok,0,0,0,0,951,1,1,3.3599,643,15232,32043,1,6.93234,643,33985,87335,13.1207,59069,643,1,0.777081,0.465681,643,1002,1203,1,1.10315,0.646349,643,1862,2935
6,195,2943977,2062115,628,11,16,0.025898,1.62762,937,-1,ok,0,0,0,0,936,1,1,1.00374,628,1298,36490,1,0.453397,628,628,101689,1.44959,2590,628,1,1.48791,0.881367,628,700,1244,1,1.57479,0.937491,628,698,3571
6,196,587996,382135,775,13,13,0.017403,1.02237,1078,-1,ok,0,0,0,0,1077,1,1,1.19185,775,5214,41448,1,5.01883,775,24535,126467,5.1698,25018,775,1,0.737367,0.420395,775,775,1455,1,1.16799,0.822206,775,858,4064
6,197,1795388,2559139,975,16,22,0.02146,1.71429,1464,-1,ok,0,0,0,0,1463,1,1,1.6355,975,5138,46051,1,3.27491,975,13080,131240,0.615561,975,975,1,1.42287,0.86745,975,975,1799,1,1.79597,1.09476,975,1163,4897
6,198,430706,1816036,1949,33,33,0.050465,3.4914,2944,-1,ok,0,0,0,0,2943,1,1,29.4671,2053,91816,97647,1,78.5513,2031,230456,276453,265.731,727212,1949,1,3.82636,1.97304,2053,3749,3781,1,5.53737,2.21795,2031,9967,10112
6,199,2709791,743716,1567,26,67,0.087743,2.90223,2094,-1,ok,0,0,0,0,2093,1,1,4.27878,1567,9785,80051,1,5.03313,1567,16830,220761,24.1053,74094,1567,1,3.68612,2.13976,1575,2506,2840,1,3.81588,2.27814,1567,1582,7977
6,200,2317486,1682523,790,14,14,0.03304,1.71984,1311,-1,ok,0,0,0,0,1310,1,1,1.3652,790,4913,46683,1,0.634435,790,1986,125209,1.72297,7120,790,1,1.10037,0.659783,790,801,1434,1,1.47189,0.90462,790,1040,3861
6,201,848074,2660956,1289,21,47,0.044864,2.21474,1410,-1,ok,0,0,0,0,1409,1,1,3.44127,1289,6365,63837,1,1.01771,1289,1289,176097,13.3146,41549,1289,1,2.98228,1.66747,1297,1618,2354,1,2.62331,1.53148,1289,1567,6534
6,202,2051630,2425358,880,16,26,0.036488,1.69368,1581,-1,ok,0,0,0,0,1580,1,1,0.392724,880,880,53458,1,4.31933,880,19050,155738,2.73712,12520,880,1,0.892599,0.503191,880,880,1733,1,1.53503,1.04632,880,913,4758
6,203,2138232,3170486,1784,29,61,0.052349,2.94444,2693,-1,ok,0,0,0,0,2692,1,1,4.74187,1784,16127,86561,1,7.91486,1784,33193,215558,32.1156,104969,1784,1,3.01638,1.85758,1784,1938,3277,1,3.80382,2.34163,1784,2527,9189
6,204,1443071,807450,574,9,9,0.020739,1.12066,753,-1,ok,0,0,0,0,752,1,1,0.760821,574,574,26525,1,0.464048,574,1132,77869,0.817677,1132,574,1,1.23656,0.760622,574,574,1088,1,1.13885,0.780127,574,582,2951
6,205,1144422,3049691,2080,35,113,0.07437,3.3958,2665,-1,ok,0,0,0,0,2664,1,1,28.0568,2176,96443,107354,1,81.2879,2156,247213,286556,232.674,753132,2080,1,4.58583,2.36749,2176,3744,3887,1,7.13584,3.17472,2176,9847,10337
6,206,377442,2376747,1648,28,96,0.142145,3.38627,2095,-1,ok,0,0,0,0,2094,1,1,2.54307,1648,3644,87702,1,1.53788,1648,3464,246257,5.83471,15424,1648,1,3.54479,2.27309,1648,1778,2885,1,3.61115,1.89728,1648,2969,7661
6,207,1401797,2931005,1642,26,51,0.06437,3.0431,2249,-1,ok,0,0,0,0,2248,1,1,5.7265,1662,18673,78847,1,1.74021,1642,5115,214930,1.03523,1642,1642,1,2.89276,1.78499,1662,1812,3002,1,3.40854,2.01874,1662,2510,8096
6,208,2488208,1785008,991,16,36,0.054342,1.69505,1270,-1,ok,0,0,0,0,1269,1,1,1.57733,991,4392,53878,1,0.570084,991,991,147912,0.614859,1460,991,1,1.2314,0.677195,991,991,1831,1,1.77006,1.17392,991,1026,4824
6,209,2517430,2632913,587,8,11,0.011141,0.899701,690,-1,ok,0,0,0,0,689,1,1,2.97649,599,12516,19512,1,7.45615,599,36958,62672,13.8808,55759,587,1,0.738069,0.431305,599,1013,1121,1,1.04781,0.500084,599,2553,3093
6,210,1804529,2670473,625,11,20,0.018044,1.66855,1104,-1,ok,0,0,0,0,1103,1,1,2.90253,643,9885,35287,1,0.508861,625,1089,104939,0.535501,814,625,1,1.24472,0.748379,643,927,1225,1,1.55741,0.868784,633,1529,3325
6,211,792304,2700845,1601,27,74,0.054381,2.80505,2122,-1,ok,0,0,0,0,2121,1,1,2.64642,1601,3877,83348,1,1.54594,1601,2532,227496,4.87245,14838,1601,1,3.39048,1.99229,1609,1978,3074,1,3.95058,2.36493,1601,1607,8878
6,212,292558,448522,757,13,15,0.017824,1.44355,1232,-1,ok,0,0,0,0,1231,1,1,3.85638,793,16785,41869,1,3.53298,757,18190,106992,4.12241,20443,757,1,0.72258,0.432177,793,1088,1485,1,1.41095,0.858254,757,2131,4095
6,213,2987559,1182868,2093,33,122,0.100818,3.28702,2686,-1,ok,0,0,0,0,2685,1,1,4.52988,2093,9650,99490,1,4.01921,2093,15375,261134,6.23181,20670,2093,1,3.79773,2.16338,2093,2254,3962,1,5.60808,3.47078,2093,2594,10941
6,214,3031564,1350417,1027,17,17,0.057116,2.35112,1348,-1,ok,0,0,0,0,1347,1,1,19.0095,1027,42388,60650,1,22.5971,1027,53476,163493,24.7249,53496,1027,1,3.39696,1.88135,1027,1840,1933,1,3.97701,1.60121,1027,5020,5532
6,215,3155823,373649,2172,35,233,0.1501,3.98155,2689,-1,ok,0,0,0,0,2688,1,1,16.0043,2222,44366,100409,1,7.18072,2202,22883,291462,12.3367,37219,2172,1,5.62827,3.17919,2222,2955,3939,1,6.28031,3.32822,2222,5789,10758
6,216,371781,1935939,921,15,21,0.056536,2.28619,1128,-1,ok,0,0,0,0,1127,1,1,12.58,963,30173,57908,1,9.83071,921,28771,168393,9.41231,28771,921,1,2.69896,1.70621,963,1614,1855,1,4.12057,2.1064,921,4158,5349
6,217,2855984,2571946,520,9,20,0.02139,0.908407,705,-1,ok,0,0,0,0,704,1,1,0.64715,520,1560,31452,1,0.25135,520,520,84356,0.270235,520,520,1,0.610982,0.414896,520,520,1044,1,0.901525,0.623314,520,628,2994
6,218,465556,3102078,1943,31,104,0.079419,3.6696,2376,-1,ok,0,0,0,0,2375,1,1,17.6753,1971,53463,94988,1,2.16027,1943,3941,270631,1.56663,2235,1943,1,5.27499,2.99069,1971,2815,3555,1,5.61771,3.43407,1943,2232,9704
6,219,3106562,1461822,2273,36,114,0.103272,3.39888,2860,-1,ok,0,0,0,0,2859,1,1,26.3121,2273,92784,106852,1,62.4971,2273,222676,282580,298.991,900726,2273,1,4.48233,2.16415,2273,4242,4285,1,7.10764,2.81381,2273,11346,11571
6,220,2389443,1100586,779,13,17,0.03228,1.9506,1138,-1,ok,0,0,0,0,1137,1,1,6.82833,779,18421,45227,1,7.43748,779,30377,140971,8.47973,30377,779,1,2.16727,1.4124,779,1432,1529,1,2.79743,1.31879,779,3804,4402
6,221,1209891,3199598,1812,29,29,0.054342,3.10358,2159,-1,ok,0,0,0,0,2158,1,1,2.5408,1822,4162,88141,1,2.63414,1812,6438,226289,6.276,13983,1812,1,3.5049,2.00499,1822,1910,3249,1,3.46751,2.03023,1812,1828,8767
6,222,1628263,3038908,1441,24,45,0.061976,2.51568,1842,-1,ok,0,0,0,0,1841,1,1,18.6529,1539,62871,73635,1,53.4571,1539,174491,204674,152.331,488535,1441,1,3.52736,1.85173,1539,2605,2744,1,4.5789,2.05722,1539,6704,7150
6,223,996318,538495,877,15,30,0.030697,1.35322,1156,-1,ok,0,0,0,0,1155,1,1,2.21277,877,6976,55967,1,0.462685,877,877,166050,0.567589,877,877,1,1.08569,0.6581,877,877,1676,1,1.63615,1.07332,877,1023,4905
6,224,2666230,1916875,1680,28,31,0.040847,2.48971,2489,-1,ok,0,0,0,0,2488,1,1,15.357,1680,55809,85705,1,45.8567,1680,149869,239745,110.738,339882,1680,1,2.28688,1.17916,1680,3028,3090,1,4.09645,1.76008,1680,7852,8148
6,225,1214391,1343195,898,14,25,0.048501,1.00959,1041,-1,ok,0,0,0,0,1040,1,1,5.30197,922,21958,50129,1,4.41867,898,21906,149150,5.08094,21905,898,1,0.742858,0.393616,922,1423,1746,1,1.35548,0.945155,900,1003,4881
6,226,650861,1693026,614,10,10,0.018595,1.4368,715,-1,ok,0,0,0,0,714,1,1,1.01547,614,614,31009,1,0.696952,614,828,101577,0.953812,614,614,1,1.59519,1.00459,614,614,1183,1,1.68972,0.938373,614,766,3334
6,227,1007288,1215730,474,9,12,0.010349,0.912582,801,-1,ok,0,0,0,0,800,1,1,4.16888,526,19859,31557,1,1.81126,474,9166,95020,1.89221,9166,474,1,0.523098,0.266759,526,942,1010,1,0.755652,0.534378,474,474,2559
6,228,2161129,565602,1613,26,70,0.051076,2.52562,1902,-1,ok,0,0,0,0,1901,1,1,2.01514,1613,2471,82170,1,3.29804,1613,11299,242049,1.63216,2367,1613,1,3.15703,1.8162,1613,1866,3006,1,3.23557,1.9216,1617,2132,7973
6,229,2785103,1597956,1513,26,48,0.061265,2.5056,2070,-1,ok,0,0,0,0,2069,1,1,20.7807,1601,69759,80551,1,1.10526,1513,2027,214303,2.03251,6665,1513,1,2.84768,1.57024,1601,2765,2871,1,2.8036,1.7013,1513,1801,7197
6,230,1392321,355276,821,14,28,0.030556,1.66441,998,-1,ok,0,0,0,0,997,1,1,2.71388,887,7004,44732,1,1.02018,821,2407,128361,0.705929,857,821,1,1.9875,1.22145,887,969,1590,1,2.13809,1.34661,821,821,4339
6,231,2051789,1806580,591,9,9,0.014849,0.881085,714,-1,ok,0,0,0,0,713,1,1,3.29442,591,13104,31273,1,4.04454,591,19668,81301,4.75295,21480,591,1,0.686092,0.403513,591,869,1131,1,1.08939,0.576687,591,1868,3170
6,232,1102446,3057237,1135,20,41,0.041227,2.76257,1658,-1,ok,0,0,0,0,1657,1,1,21.2938,1227,47043,65203,1,4.39213,1135,13027,204313,4.62134,13027,1135,1,3.30543,2.23656,1227,2117,2218,1,3.26108,1.98444,1135,2722,6328
6,233,2397085,1013039,923,15,15,0.022823,1.97116,1144,-1,ok,0,0,0,0,1143,1,1,9.86617,995,26026,49695,1,2.94123,923,6886,144610,5.22244,14385,923,1,2.11157,1.34842,995,1421,1854,1,2.36483,1.50001,923,940,5320
6,234,1287529,1866275,1267,21,21,0.032301,1.63685,1522,-1,ok,0,0,0,0,1521,1,1,8.75378,1289,31447,65227,1,3.3034,1267,13880,185343,4.0963,19969,1267,1,1.42762,0.80759,1289,1847,2382,1,1.93704,1.24802,1267,1358,6382
6,235,1687683,418136,1252,20,20,0.043051,2.35157,1693,-1,ok,0,0,0,0,1692,1,1,3.1851,1252,9144,62914,1,5.05289,1252,17427,178645,20.4081,65454,1252,1,2.12696,1.24548,1274,1401,2302,1,2.36362,1.44497,1252,1410,6137
6,236,2722809,932643,2100,33,37,0.054983,3.1845,2791,-1,ok,0,0,0,0,2790,1,1,7.86766,2100,24106,93559,1,6.62368,2100,28600,269279,8.50835,31293,2100,1,4.52761,2.43993,2100,2486,3944,1,4.47948,2.65889,2100,3073,10331
6,237,2665523,3047256,1417,22,22,0.057157,2.64449,1724,-1,ok,0,0,0,0,1723,1,1,8.09366,1417,33398,67887,1,22.1067,1417,86448,166884,128.005,291273,1417,1,2.92364,1.82241,1417,2054,2727,1,3.14908,1.89629,1417,4174,7521
6,238,1923409,2905912,843,14,24,0.029585,2.08791,1384,-1,ok,0,0,0,0,1383,1,1,9.72282,923,38801,42752,1,3.04444,843,12652,139408,3.2521,12908,843,1,1.91308,1.17231,923,1540,1617,1,1.79315,1.08535,843,849,4027
6,239,875283,1311303,664,12,19,0.02137,1.22044,975,-1,ok,0,0,0,0,974,1,1,7.22282,680,27959,40975,1,7.78653,664,37100,118979,8.32146,37825,664,1,0.986432,0.596975,680,1273,1320,1,1.47428,0.700589,692,3057,3436
6,240,2918198,639738,1606,26,94,0.068979,2.93543,2061,-1,ok,0,0,0,0,2060,1,1,11.6726,1626,36584,72301,1,3.07064,1606,8388,217040,2.62494,3865,1606,1,3.91531,2.40955,1626,2249,2903,1,4.68619,2.33284,1626,4719,8156
6,241,1337751,1159597,145,3,3,0.009427,0.34744,216,-1,ok,0,0,0,0,215,1,1,0.150401,145,145,10675,1,0.090711,145,145,36419,0.10257,145,145,1,0.262409,0.153896,145,145,292,1,0.409936,0.292517,145,145,831
6,242,1804529,3222731,986,16,31,0.034754,2.25446,1467,-1,ok,0,0,0,0,1466,1,1,2.35374,986,4980,58077,1,2.97118,986,11047,158086,17.0101,52110,986,1,2.39302,1.41905,986,986,1876,1,2.77991,1.7072,986,1220,5525
6,243,2545706,1651771,1162,20,43,0.050114,1.824,1555,-1,ok,0,0,0,0,1554,1,1,3.06534,1162,8217,66910,1,0.900462,1162,2305,170445,1.71745,5020,1162,1,1.55184,0.853675,1162,1241,2166,1,2.16327,1.35872,1162,1268,5663
6,244,807710,2239366,1940,31,78,0.057567,2.95087,2523,-1,ok,0,0,0,0,2522,1,1,17.0132,1980,62446,91829,1,4.20246,1960,14174,246839,29.7191,116749,1940,1,3.21383,1.85089,1980,3098,3545,1,4.75675,2.23509,1984,7347,9657
6,245,3201629,632825,1631,26,62,0.077073,3.26586,1950,-1,ok,0,0,0,0,1949,1,1,9.91167,1631,25116,79262,1,9.44373,1631,32412,231186,11.8846,38880,1631,1,5.23811,2.77704,1637,3098,3158,1,6.45,2.65685,1637,8034,8361
6,246,2019093,3174345,1036,17,24,0.029837,2.10897,1459,-1,ok,0,0,0,0,1458,1,1,2.58299,1036,8587,53864,1,2.1506,1036,9263,138988,2.42975,9263,1036,1,2.02164,1.26085,1036,1138,1922,1,2.18461,1.24073,1036,1483,5378
6,247,2955346,1703765,1276,21,23,0.050704,2.28735,1649,-1,ok,0,0,0,0,1648,1,1,2.0601,1276,4406,70179,1,1.58252,1276,4455,179763,4.61769,12131,1276,1,2.03799,1.19081,1276,1342,2471,1,3.69428,1.50738,1284,6194,6977
6,248,541380,1361733,957,15,15,0.024636,1.80912,1436,-1,ok,0,0,0,0,1435,1,1,1.62635,957,3578,46962,1,0.913016,957,3614,131545,5.03709,21833,957,1,1.5324,1.0021,957,1011,1693,1,1.66304,1.08766,957,1199,4867
6,249,3113781,786831,2642,43,67,0.080059,3.63691,3183,-1,ok,0,0,0,0,3182,1,1,7.37957,2642,18423,119456,1,3.85168,2642,13310,331277,27.5248,107553,2642,1,5.00273,2.73943,2642,2895,4949,1,5.60872,3.4931,2642,3042,13196
6,250,726020,696308,1081,17,22,0.050404,1.24802,1288,-1,ok,0,0,0,0,1287,1,1,6.28134,1081,24649,58782,1,11.3177,1081,46680,161980,12.0855,50498,1081,1,0.944915,0.515213,1097,1583,2070,1,1.71461,0.992384,1081,2963,5707
6,251,553589,2992564,1414,22,22,0.0907,3.29516,1617,-1,ok,0,0,0,0,1616,1,1,15.9255,1418,37604,82648,1,25.895,1414,42836,244793,17.4432,42836,1414,1,5.2175,3.18067,1418,2210,2745,1,5.15623,2.62157,1420,5155,7904
6,252,1843611,2188440,1312,21,21,0.049673,2.36713,2015,-1,ok,0,0,0,0,2014,1,1,3.38028,1434,11120,59644,1,4.33941,1312,20414,178707,9.22215,39358,1312,1,1.42023,0.78115,1434,1633,2556,1,1.87479,1.18368,1312,1913,6445
6,253,334027,2354825,1725,29,126,0.10158,3.9514,2354,-1,ok,0,0,0,0,2353,1,1,18.4021,1827,56877,79780,1,3.36259,1725,11644,219244,3.99391,8592,1725,1,4.21464,2.57373,1827,2988,3274,1,4.70442,2.17949,1745,7331,8876
6,254,2138232,528223,1703,28,33,0.060303,3.26166,2272,-1,ok,0,0,0,0,2271,1,1,17.248,1737,59202,80344,1,39.6051,1737,143679,219333,14.1092,55690,1703,1,3.90751,2.20297,1737,3038,3171,1,5.37683,2.25145,1737,8360,9061
6,255,2920261,1514740,1066,17,17,0.032208,2.46783,1515,-1,ok,0,0,0,0,1514,1,1,12.6493,1066,36384,52742,1,25.6922,1066,87708,160212,41.8169,142742,1066,1,2.77351,1.67511,1070,1833,1939,1,3.36284,1.28729,1066,5105,5329
6,256,1963166,1687516,403,8,14,0.01571,1.03345,612,-1,ok,0,0,0,0,611,1,1,0.878441,403,3446,30528,1,0.221684,403,403,87115,0.349883,870,403,1,0.510764,0.288338,403,403,799,1,0.777644,0.507569,403,403,2331
6,257,610635,2538272,1234,20,49,0.061925,2.92058,1609,-1,ok,0,0,0,0,1608,1,1,7.93713,1238,24612,64284,1,11.561,1238,50344,199796,4.15718,10127,1234,1,3.42575,2.12442,1238,1899,2380,1,3.51511,1.63632,1238,3650,6579
6,258,2978886,649484,1616,26,52,0.063509,3.45533,1953,-1,ok,0,0,0,0,1952,1,1,19.357,1622,54618,83556,1,44.699,1616,130128,194466,78.603,185927,1616,1,4.83899,2.69944,1622,3058,3188,1,7.3754,3.2799,1616,8249,8818
6,259,769160,1514768,962,17,17,0.024536,1.70648,1187,-1,ok,0,0,0,0,1186,1,1,11.3798,996,40986,54433,1,4.83138,962,18828,152095,7.71631,34250,962,1,1.60117,1.01994,996,1740,1874,1,1.65028,0.971354,962,2002,4704
6,260,3115044,1697807,1444,24,34,0.051195,2.97684,2107,-1,ok,0,0,0,0,2106,1,1,10.2314,1500,30298,71318,1,1.31812,1444,3014,205275,1.54184,2358,1444,1,2.68119,1.72157,1500,2043,2763,1,3.19825,1.9805,1444,1850,7592
6,261,1835879,2014773,1360,25,60,0.054952,2.61843,2215,-1,ok,0,0,0,0,2214,1,1,11.7799,1512,55290,67496,1,32.3487,1512,147687,191054,18.3589,82259,1360,1,1.81696,1.0013,1532,2633,2713,1,2.8287,1.31214,1512,6454,7316
6,262,1550309,1217369,267,5,5,0.02678,1.01478,604,-1,ok,0,0,0,0,603,1,1,1.12613,285,2971,16241,1,1.09223,267,4171,57613,1.65762,4790,267,1,0.669862,0.453969,285,321,529,1,0.824861,0.548525,267,845,1533
6,263,1455274,2689959,801,14,20,0.037039,1.96114,1232,-1,ok,0,0,0,0,1231,1,1,1.43704,809,2006,44359,1,0.792911,801,831,139801,0.9202,831,801,1,2.03605,1.16348,819,1395,1488,1,2.59083,1.0443,811,3583,4074
6,264,1863586,2791354,1283,21,68,0.044122,1.88916,1700,-1,ok,0,0,0,0,1699,1,1,1.82046,1283,5473,61310,1,3.25719,1283,13388,171235,27.5656,109590,1283,1,1.62532,0.986233,1283,1283,2286,1,2.08274,1.29487,1283,1376,6393
6,265,1878699,2430675,931,16,26,0.018215,1.46944,1362,-1,ok,0,0,0,0,1361,1,1,1.79009,931,5692,54870,1,1.83908,931,7651,140355,2.6755,11881,931,1,0.968748,0.569323,931,931,1772,1,1.5908,1.00379,931,932,4926
6,266,1109092,2589721,1865,30,120,0.059842,2.63317,2516,-1,ok,0,0,0,0,2515,1,1,19.1784,1871,61554,85205,1,49.1105,1865,160248,220216,197.982,563016,1865,1,3.39883,1.87891,1871,3302,3378,1,5.54658,2.30727,1865,8898,9278
6,267,2786859,1809984,1068,18,27,0.088926,1.8498,1273,-1,ok,0,0,0,0,1272,1,1,9.90653,1096,30269,53099,1,0.627551,1068,1068,160201,5.80342,13936,1068,1,1.94129,1.17207,1096,1838,1941,1,2.81459,1.2934,1096,4648,5119
6,268,2948186,2866807,424,8,9,0.013515,0.829008,647,-1,ok,0,0,0,0,646,1,1,0.185568,424,424,32768,1,0.153826,424,424,94422,0.152835,424,424,1,0.297697,0.169639,424,424,852,1,0.678527,0.48734,424,424,2560
6,269,837275,3217710,2157,34,150,0.082843,3.69553,2594,-1,ok,0,0,0,0,2593,1,1,3.93224,2157,7634,102425,1,1.93037,2157,4012,285712,2.54384,4785,2157,1,4.10373,2.47453,2157,2361,4109,1,4.57365,2.44646,2157,3393,10909
6,270,1633134,3007164,1393,23,79,0.06821,2.25753,1816,-1,ok,0,0,0,0,1815,1,1,1.47469,1393,4113,63959,1,1.01364,1393,1604,184113,0.730834,2433,1393,1,1.96956,1.1709,1393,1393,2565,1,2.94309,1.63376,1393,1999,6786
6,271,3177553,363823,1951,30,30,0.061515,3.56561,2186,-1,ok,0,0,0,0,2185,1,1,19.581,1951,50429,99450,1,31.1754,1951,100681,257293,77.2363,213424,1951,1,5.27556,3.11823,1959,3000,3575,1,6.13422,2.84893,1951,5999,9842
6,272,1545611,2173818,374,7,9,0.018835,1.1961,533,-1,ok,0,0,0,0,532,1,1,0.625308,374,672,23897,1,0.334746,374,672,67201,0.541753,672,374,1,0.767764,0.521864,374,385,730,1,0.795386,0.54578,374,421,2152
6,273,2234670,1030403,742,13,16,0.027762,1.75498,1185,-1,ok,0,0,0,0,1184,1,1,5.74059,742,16238,45227,1,5.01646,742,21480,141014,5.93926,21480,742,1,1.82481,1.13571,742,1320,1439,1,2.21626,1.02127,742,3185,4069
6,274,1061263,517752,391,8,13,0.028441,0.945216,550,-1,ok,0,0,0,0,549,1,1,0.925559,391,1287,24511,1,0.281136,391,391,73875,0.462505,391,391,1,0.868612,0.579803,391,391,657,1,0.707151,0.447216,391,392,1838
6,275,2611184,1093057,1834,29,56,0.04719,3.10324,2525,-1,ok,0,0,0,0,2524,1,1,5.02901,1876,14485,78710,1,4.99702,1876,20300,229719,6.09036,23458,1834,1,3.13105,1.84693,1876,2229,3532,1,3.89444,2.28665,1876,2979,9468
6,276,1860944,3238002,887,14,14,0.024164,2.03556,1088,-1,ok,0,0,0,0,1087,1,1,2.3469,887,5207,41896,1,1.86261,887,7221,92102,2.67146,7360,887,1,2.15424,1.29282,887,975,1371,1,1.60775,1.01198,887,1289,3939
6,277,2169703,1399028,791,13,17,0.019939,1.6589,1240,-1,ok,0,0,0,0,1239,1,1,3.015,791,10582,37850,1,7.00608,791,29303,110298,7.49566,33161,791,1,1.39207,0.876017,791,832,1334,1,1.45821,0.945335,791,1022,3710
6,278,1948620,2128617,131,3,3,0.008885,0.658842,358,-1,ok,0,0,0,0,357,1,1,0.624486,131,1608,9763,1,0.571108,131,2436,40346,0.855958,2436,131,1,0.247734,0.162814,131,217,257,1,0.360131,0.211996,131,541,715
6,279,2566018,882646,1597,25,66,0.056676,2.84652,1806,-1,ok,0,0,0,0,1805,1,1,22.3013,1597,67781,78166,1,57.5838,1597,193266,223601,246.484,617665,1597,1,4.33072,2.30053,1597,2770,2962,1,4.72014,1.92486,1597,7144,8048
6,280,929280,999352,167,3,3,0.03237,0.298508,240,-1,ok,0,0,0,0,239,1,1,0.101549,167,167,12117,1,0.068879,167,167,36708,0.076041,167,167,1,0.160018,0.108262,167,167,336,1,0.333014,0.264815,167,167,1012
6,281,924154,2537686,1628,27,61,0.043302,2.7284,2049,-1,ok,0,0,0,0,2048,1,1,4.75346,1670,12557,81466,1,4.8038,1628,15908,230246,3.73569,10751,1628,1,2.67543,1.60707,1670,1888,3108,1,3.88793,2.09947,1634,3778,8492
6,282,2000652,1137046,874,15,32,0.02728,1.53509,1007,-1,ok,0,0,0,0,1006,1,1,4.26512,878,11923,47963,1,0.61532,874,1410,124364,0.394266,889,874,1,1.51389,0.864295,884,1014,1635,1,1.85982,1.14576,884,1524,4527
6,283,2582565,607763,1299,21,36,0.046255,2.66312,1862,-1,ok,0,0,0,0,1861,1,1,11.8734,1401,40374,61458,1,1.91593,1299,3544,183457,1.55602,1299,1299,1,3.62357,2.19174,1401,2057,2457,1,3.68986,2.3414,1299,1299,6989
6,284,3245185,785165,2684,44,127,0.103415,4.26117,3473,-1,ok,0,0,0,0,3472,1,1,24.462,2778,76742,133330,1,33.5866,2756,108325,340894,72.6496,258035,2684,1,5.47905,3.03659,2778,4051,4778,1,7.20926,3.50105,2756,7677,12910
6,285,1231498,2364091,1022,17,28,0.068028,2.25571,1529,-1,ok,0,0,0,0,1528,1,1,3.25048,1046,8811,48783,1,5.37639,1022,17303,128567,2.52865,5477,1022,1,2.08942,1.30102,1046,1146,1911,1,2.31051,1.41546,1022,1044,5434
6,286,1066192,1226502,199,3,4,0.009649,0.422349,264,-1,ok,0,0,0,0,263,1,1,0.165679,199,199,12288,1,0.113233,199,199,29099,0.089046,199,199,1,0.288149,0.210915,199,199,400,1,0.34794,0.261639,199,199,1204
6,287,1869193,2052669,328,6,6,0.009868,0.980332,737,-1,ok,0,0,0,0,736,1,1,2.11201,328,9121,14966,1,3.43366,328,15848,41875,5.4485,21267,328,1,0.457876,0.293227,328,389,500,1,0.611001,0.350615,328,808,1346
6,288,2994814,3098447,829,14,14,0.015278,1.3935,1240,-1,ok,0,0,0,0,1239,1,1,0.34234,829,1135,53170,1,4.02068,829,17762,154479,4.07592,17762,829,1,0.534497,0.300531,829,1135,1663,1,1.47536,0.985682,829,1749,4818
6,289,1797269,848583,613,10,10,0.016831,1.383,942,-1,ok,0,0,0,0,941,1,1,3.77659,619,12564,36842,1,3.27389,613,13386,106994,0.890885,1897,613,1,1.59204,1.02084,619,980,1222,1,1.49604,0.934206,613,613,3579
6,290,1214793,1750358,1135,19,19,0.016931,1.53301,1504,-1,ok,0,0,0,0,1503,1,1,6.25025,1199,27636,63287,1,11.5893,1135,45854,169915,17.5734,68787,1135,1,1.28027,0.791168,1199,1694,2105,1,2.133,1.17008,1157,3487,5658
6,291,2831898,2102650,653,11,11,0.019065,1.46102,968,-1,ok,0,0,0,0,967,1,1,7.18366,745,28706,36638,1,0.459888,653,878,97083,0.729904,653,653,1,1.37191,0.871898,745,1238,1383,1,1.48129,0.928183,653,653,3446
6,292,2244867,2707981,771,13,25,0.020019,1.09861,892,-1,ok,0,0,0,0,891,1,1,0.36414,771,771,40196,1,1.57963,771,4803,109663,3.56,10128,771,1,0.660293,0.285812,771,771,1503,1,1.1056,0.718973,771,771,4222
6,293,1073058,1365640,1214,18,40,0.036749,1.25007,1311,-1,ok,0,0,0,0,1310,1,1,12.0407,1228,49404,62395,1,25.2095,1214,103107,181347,34.263,125923,1214,1,1.2376,0.646338,1228,2221,2405,1,2.43584,1.37881,1214,4373,6724
6,294,2216425,1540683,1508,24,24,0.043261,2.62475,2375,-1,ok,0,0,0,0,2374,1,1,2.70878,1508,8758,73812,1,12.6274,1508,49656,203173,94.6081,291143,1508,1,1.88424,1.13048,1510,1564,2867,1,2.2615,1.37252,1510,2104,7593
6,295,2060741,2215164,463,9,10,0.016141,1.31445,892,-1,ok,0,0,0,0,891,1,1,0.209119,463,554,30171,1,0.154068,463,580,82892,0.168515,463,463,1,0.255748,0.120916,463,463,867,1,0.563723,0.361304,463,481,2462
6,296,1441555,704228,1628,27,96,0.058791,2.14844,1945,-1,ok,0,0,0,0,1944,1,1,15.319,1628,59773,86142,1,35.9311,1628,144540,235208,54.0745,206765,1628,1,2.56994,1.35907,1628,2773,3086,1,4.07324,1.9071,1628,6913,8438
6,297,2513611,686770,1174,20,52,0.07569,2.82932,1529,-1,ok,0,0,0,0,1528,1,1,10.0303,1230,26337,71366,1,8.6216,1174,21071,208555,7.12108,16039,1174,1,3.3059,2.08525,1248,1633,2339,1,3.58493,2.07882,1248,3693,6607
6,298,1306030,2886412,938,16,16,0.028374,2.1905,1165,-1,ok,0,0,0,0,1164,1,1,11.1816,966,27810,55220,1,10.7639,938,32380,170716,12.4454,32381,938,1,2.44283,1.58321,966,1719,1854,1,2.60371,1.48554,938,2878,4869
6,299,404356,1929489,1380,22,23,0.078808,2.79659,1775,-1,ok,0,0,0,0,1774,1,1,5.69621,1380,17157,64814,1,2.89094,1380,9025,176499,6.80933,18896,1380,1,2.83963,1.70882,1380,1380,2555,1,3.02613,1.84848,1380,1421,6419
