level,pair,start,goal,true_dist,coarse_len,coarse_expanded,coarse_ms,lift_ms,lifted_cells,fail_level,fail_reason,endpoints_wrong,used_fallback,fallback_ok,fallback_ms,final_len,valid,c0_ok,c0_ms,c0_len,c0_expanded,c0_cells,c1_ok,c1_ms,c1_len,c1_expanded,c1_cells,fine_ms,fine_expanded,fine_len,r0_ok,r0_ms,r0_refine_ms,r0_len,r0_expanded,r0_cells,r1_ok,r1_ms,r1_refine_ms,r1_len,r1_expanded,r1_cells
1,0,515417,637366,1801,903,1642,1.34955,1.46639,1826,-1,ok,0,0,0,0,1825,1,1,1.73124,1803,2995,3134,1,1.89685,1801,7358,8028,12.7419,55476,1801,1,0.915752,0.001624,1803,2995,3134,1,1.5281,0.001052,1801,7358,8028
1,1,221578,683609,709,356,3739,1.28069,0.416267,714,-1,ok,0,0,0,0,713,1,1,0.346828,709,922,1245,1,0.47629,709,1738,3311,3.3044,17883,709,1,0.233646,0.001192,709,922,1245,1,0.45531,0.000841,709,1738,3311
1,2,566063,455879,224,113,888,0.420035,0.146674,225,-1,ok,0,0,0,0,224,1,1,0.11743,224,224,427,1,0.10141,224,225,1217,0.626571,2755,224,1,0.087533,0.000541,224,224,427,1,0.086671,0.00041,224,225,1217
1,3,364509,251282,377,190,1168,0.263021,0.182291,382,-1,ok,0,0,0,0,381,1,1,0.16594,377,595,634,1,0.318987,377,1412,1600,1.48582,7916,377,1,0.113482,0.000722,377,595,634,1,0.285051,0.00045,377,1412,1600
1,4,713214,541596,268,136,628,0.33726,0.170069,277,-1,ok,0,0,0,0,276,1,1,0.208089,268,268,471,1,0.121588,268,275,1210,0.157825,281,268,1,0.090369,0.000611,268,268,471,1,0.123329,0.000591,268,275,1210
1,5,708892,372109,865,434,847,0.345727,0.414606,878,-1,ok,0,0,0,0,877,1,1,0.58322,865,1461,1486,1,0.911394,865,3600,3703,8.19174,33055,865,1,0.377024,0.000971,865,1461,1486,1,0.840289,0.001011,865,3600,3703
1,6,549730,910635,485,243,665,0.448078,0.395039,488,-1,ok,0,0,0,0,487,1,1,0.398363,485,660,763,1,0.404677,485,1357,1814,2.74211,11505,485,1,0.190215,0.000681,485,660,763,1,0.329385,0.000672,485,1357,1814
1,7,428575,333335,686,345,1214,0.414896,0.288959,695,-1,ok,0,0,0,0,694,1,1,0.290413,686,1121,1146,1,0.5727,686,2636,2765,3.94016,19844,686,1,0.243324,0.000892,686,1121,1146,1,0.554386,0.000812,686,2636,2765
1,8,103741,529812,1209,608,2408,0.829199,0.700367,1232,-1,ok,0,0,0,0,1231,1,1,0.799734,1209,1929,2079,1,1.06682,1209,4528,5197,8.3659,40816,1209,1,0.503772,0.001222,1209,1929,2079,1,1.00794,0.001201,1209,4528,5197
1,9,504438,99296,1284,644,5955,1.54146,0.565487,1299,-1,ok,0,0,0,0,1298,1,1,0.639644,1284,2097,2215,1,1.18251,1284,4996,5486,8.32274,40831,1284,1,0.526564,0.001042,1284,2097,2215,1,1.11735,0.000811,1284,4996,5486
1,10,503002,473385,659,331,2360,0.614006,0.239678,668,-1,ok,0,0,0,0,667,1,1,0.25714,659,907,1162,1,0.46041,659,1817,2914,3.54982,18056,659,1,0.213519,0.000801,659,907,1162,1,0.412981,0.000792,659,1817,2914
1,11,594375,693937,1954,981,4551,1.68161,1.04156,1985,-1,ok,0,0,0,0,1984,1,1,1.5877,1956,3397,3421,1,2.05158,1954,8616,8727,14.8886,67204,1954,1,0.909659,0.001793,1956,3397,3421,1,1.72673,0.000933,1954,8616,8727
1,12,184179,575147,1336,669,1135,0.673639,0.898548,1351,-1,ok,0,0,0,0,1350,1,1,0.724654,1336,2350,2370,1,1.35163,1336,5878,6008,10.5633,51137,1336,1,0.591856,0.002153,1336,2350,2370,1,1.32689,0.000992,1336,5878,6008
1,13,84373,731343,822,412,5192,1.70934,0.609017,831,-1,ok,0,0,0,0,830,1,1,0.627654,822,1061,1420,1,0.653649,822,1933,3668,4.49738,22213,822,1,0.371024,0.001042,822,1061,1420,1,0.553795,0.000781,822,1933,3668
1,14,533139,449475,806,405,2903,0.643172,0.30433,815,-1,ok,0,0,0,0,814,1,1,0.399605,806,1347,1372,1,0.738159,806,3213,3295,4.65618,24850,806,1,0.269864,0.001403,806,1347,1372,1,0.635628,0.000812,806,3213,3295
1,15,800775,353868,725,363,2825,1.14921,0.387724,732,-1,ok,0,0,0,0,731,1,1,0.535362,725,914,1086,1,0.46041,725,1484,2638,1.09164,3662,725,1,0.290322,0.001042,725,914,1086,1,0.440975,0.000771,725,1484,2638
1,16,580536,834346,1638,820,1522,0.772253,0.954543,1657,-1,ok,0,0,0,0,1656,1,1,1.27231,1638,2811,2859,1,1.8039,1638,7063,7237,11.7534,56131,1638,1,0.798713,0.001102,1638,2811,2859,1,1.57471,0.000891,1638,7063,7237
1,17,705977,179642,451,227,909,0.402042,0.19738,454,-1,ok,0,0,0,0,453,1,1,0.265156,451,749,845,1,0.555318,451,1882,2312,2.50609,12349,451,1,0.2036,0.000672,451,749,845,1,0.555613,0.000671,451,1882,2312
1,18,591189,502974,573,288,1409,0.544639,0.313026,582,-1,ok,0,0,0,0,581,1,1,0.264734,573,852,1020,1,0.415726,573,1808,2567,3.02097,17174,573,1,0.175197,0.000973,573,852,1020,1,0.392374,0.000821,573,1808,2567
1,19,696806,606078,410,207,1099,0.234478,0.148296,417,-1,ok,0,0,0,0,416,1,1,0.124403,410,560,727,1,0.250617,410,1098,1789,2.14278,10136,410,1,0.108372,0.000622,410,560,727,1,0.248434,0.000551,410,1098,1789
1,20,649644,351270,898,452,2761,1.20291,0.56698,915,-1,ok,0,0,0,0,914,1,1,0.741866,900,1350,1613,1,0.746674,898,2923,4184,6.45439,27816,898,1,0.392473,0.001182,900,1350,1613,1,0.666082,0.000739,898,2923,4184
1,21,364679,647787,786,395,778,0.451523,0.490876,801,-1,ok,0,0,0,0,800,1,1,0.636189,786,1172,1331,1,0.676454,786,2580,3317,5.09357,24119,786,1,0.33702,0.000811,786,1172,1331,1,0.578301,0.000723,786,2580,3317
1,22,236480,558798,1348,676,2617,0.892428,0.94261,1365,-1,ok,0,0,0,0,1364,1,1,1.12291,1350,2375,2398,1,1.43361,1350,5988,6086,12.4993,51938,1348,1,0.636369,0.001503,1350,2375,2398,1,1.2856,0.000972,1350,5988,6086
1,23,429002,590281,593,299,1047,0.513731,0.350715,600,-1,ok,0,0,0,0,599,1,1,0.353933,593,974,1089,1,0.52934,593,2136,2634,2.90483,14142,593,1,0.221614,0.0009,593,974,1089,1,0.431915,0.000732,593,2136,2634
1,24,732327,437963,2826,1417,11561,3.90652,1.68616,2863,-1,ok,0,0,0,0,2862,1,1,2.3815,2826,4637,4859,1,2.78085,2826,11368,12242,16.3593,75758,2826,1,1.37649,0.001644,2826,4637,4859,1,2.46823,0.001854,2826,11368,12242
1,25,695045,573533,2638,1323,11000,3.61424,1.58737,2673,-1,ok,0,0,0,0,2672,1,1,1.7336,2638,4284,4483,1,2.41747,2638,10374,11234,14.7252,70636,2638,1,1.1248,0.001715,2638,4284,4483,1,2.21458,0.00099,2638,10374,11234
1,26,653917,554134,819,412,3285,1.10007,0.377297,836,-1,ok,0,0,0,0,835,1,1,0.302597,819,1259,1489,1,0.568622,819,2742,3753,4.1207,22528,819,1,0.254786,0.001162,819,1259,1489,1,0.568723,0.000741,819,2742,3753
1,27,591152,758487,1441,722,1349,0.691492,0.711671,1458,-1,ok,0,0,0,0,1457,1,1,0.81896,1441,2335,2544,1,1.46209,1441,5711,6536,11.8582,54336,1441,1,0.635006,0.001211,1441,2335,2544,1,1.32661,0.000942,1441,5711,6536
1,28,530231,797885,2838,1422,5378,2.07051,1.68256,2871,-1,ok,0,0,0,0,2870,1,1,1.8178,2840,4814,4893,1,2.72369,2838,11952,12281,18.3502,87207,2838,1,1.23436,0.001432,2840,4814,4893,1,2.45873,0.001034,2838,11952,12281
1,29,461730,614781,2269,1138,2185,1.22146,1.31092,2298,-1,ok,0,0,0,0,2297,1,1,1.37902,2271,3853,3960,1,2.22272,2269,9589,10095,14.9545,73263,2269,1,0.993318,0.001514,2271,3853,3960,1,1.99771,0.001012,2269,9589,10095
1,30,444980,608103,2053,1029,7109,2.46884,1.37449,2076,-1,ok,0,0,0,0,2075,1,1,1.46786,2055,3540,3589,1,2.0755,2055,8739,8911,16.5784,77390,2053,1,0.900723,0.001664,2055,3540,3589,1,1.90935,0.000922,2055,8739,8911
1,31,625582,540051,1625,815,3555,1.59775,1.00553,1646,-1,ok,0,0,0,0,1645,1,1,1.09305,1625,2549,2830,1,1.37566,1625,5789,7108,11.8118,58442,1625,1,0.707531,0.001913,1625,2549,2830,1,1.26398,0.001574,1625,5789,7108
1,32,525321,196202,1187,596,5961,1.85214,0.650997,1204,-1,ok,0,0,0,0,1203,1,1,0.593731,1187,1995,2076,1,1.12301,1187,4917,5249,7.85078,39681,1187,1,0.466061,0.001231,1187,1995,2076,1,1.08724,0.000842,1187,4917,5249
1,33,478182,565842,1838,921,8072,2.74671,1.06664,1855,-1,ok,0,0,0,0,1854,1,1,1.3967,1840,2954,3205,1,1.80441,1838,7041,8192,11.2525,54134,1838,1,0.87248,0.002475,1840,2954,3205,1,1.50498,0.001232,1838,7041,8192
1,34,537719,542421,274,139,646,0.23466,0.108513,279,-1,ok,0,0,0,0,278,1,1,0.116589,274,475,527,1,0.250037,274,1155,1358,0.999707,5199,274,1,0.082312,0.00056,274,475,527,1,0.217597,0.000531,274,1155,1358
1,35,606091,561377,46,24,111,0.057067,0.03708,49,-1,ok,0,0,0,0,48,1,1,0.047959,46,46,86,1,0.0215,46,47,244,0.028403,46,46,1,0.016401,0.00051,46,46,86,1,0.019617,0.00053,46,47,244
1,36,540484,237922,578,290,1053,0.404717,0.306083,583,-1,ok,0,0,0,0,582,1,1,0.259325,578,868,971,1,0.477894,578,1915,2420,3.3644,14971,578,1,0.192208,0.000891,578,868,971,1,0.42358,0.000853,578,1915,2420
1,37,916340,481104,632,317,1376,0.506557,0.386822,641,-1,ok,0,0,0,0,640,1,1,0.319025,632,902,1148,1,0.483543,632,1845,2929,3.59103,14872,632,1,0.232093,0.001191,632,902,1148,1,0.467142,0.000761,632,1845,2929
1,38,547698,473617,2323,1165,11461,3.10702,1.39478,2354,-1,ok,0,0,0,0,2353,1,1,1.92834,2323,3843,4125,1,2.25658,2323,9269,10480,15.5421,70722,2323,1,1.08703,0.001984,2323,3843,4125,1,2.13497,0.000993,2323,9269,10480
1,39,503531,560189,206,104,576,0.288727,0.13923,209,-1,ok,0,0,0,0,208,1,1,0.116526,206,258,358,1,0.125494,206,486,852,1.00857,3507,206,1,0.059049,0.000882,206,258,358,1,0.099336,0.00053,206,486,852
1,40,528285,633179,2234,1120,8655,3.22009,1.53535,2267,-1,ok,0,0,0,0,2266,1,1,1.84445,2234,3781,3936,1,2.20864,2234,9256,9924,15.3227,70518,2234,1,1.07383,0.001552,2234,3781,3936,1,1.97486,0.000891,2234,9256,9924
1,41,528291,124629,1240,623,4545,1.34692,0.603688,1259,-1,ok,0,0,0,0,1258,1,1,0.559406,1240,2038,2136,1,1.12829,1240,4856,5267,8.46251,40626,1240,1,0.467081,0.000981,1240,2038,2136,1,1.09238,0.000822,1240,4856,5267
1,42,218360,732318,1260,632,2078,0.728841,0.667316,1279,-1,ok,0,0,0,0,1278,1,1,0.637072,1260,2101,2145,1,1.19857,1260,5206,5396,6.91183,36829,1260,1,0.475168,0.001062,1260,2101,2145,1,1.17067,0.000922,1260,5206,5396
1,43,673429,646337,1726,865,5347,1.66665,1.03951,1743,-1,ok,0,0,0,0,1742,1,1,1.31899,1728,2725,3024,1,1.52984,1726,6363,7794,11.025,53246,1726,1,0.756793,0.001693,1728,2725,3024,1,1.29796,0.000911,1726,6363,7794
1,44,677903,545932,2495,1252,10329,3.45512,1.42865,2528,-1,ok,0,0,0,0,2527,1,1,1.74422,2497,4279,4343,1,2.51322,2495,10727,11045,15.8073,79377,2495,1,1.12957,0.001724,2497,4279,4343,1,2.21234,0.001031,2495,10727,11045
1,45,599861,473157,116,60,946,0.378967,0.101168,121,-1,ok,0,0,0,0,120,1,1,0.142537,116,116,238,1,0.06467,116,116,705,0.063388,116,116,1,0.044182,0.000662,116,116,238,1,0.047128,0.00049,116,116,705
1,46,771679,448047,942,472,3014,1.00829,0.558213,947,-1,ok,0,0,0,0,946,1,1,0.480078,942,1472,1642,1,0.896613,942,3447,4227,5.07368,26277,942,1,0.377165,0.001702,942,1472,1642,1,0.79243,0.000972,942,3447,4227
1,47,613652,373259,1541,772,4690,1.52392,0.760651,1556,-1,ok,0,0,0,0,1555,1,1,1.07068,1541,2572,2623,1,1.50409,1541,6382,6652,12.3492,61879,1541,1,0.673756,0.001342,1541,2572,2623,1,1.35367,0.000982,1541,6382,6652
1,48,559115,582478,645,323,2464,0.8396,0.349051,648,-1,ok,0,0,0,0,647,1,1,0.356605,647,1035,1122,1,0.548935,647,2426,2852,1.68582,8597,645,1,0.218479,0.001154,647,1035,1122,1,0.467692,0.000669,647,2426,2852
1,49,138045,605112,1531,767,4412,1.62701,1.01338,1550,-1,ok,0,0,0,0,1549,1,1,1.36853,1533,2699,2739,1,1.79818,1533,6805,6932,12.318,57282,1531,1,0.741317,0.001744,1533,2699,2739,1,1.55188,0.001014,1533,6805,6932
1,50,715274,544491,2277,1142,2184,1.25069,1.42787,2310,-1,ok,0,0,0,0,2309,1,1,1.68956,2279,3963,3980,1,2.32836,2277,9999,10105,15.7706,79200,2277,1,1.06379,0.001623,2279,3963,3980,1,2.14623,0.001052,2277,9999,10105
1,51,118518,621231,1297,651,5435,1.92257,0.990271,1316,-1,ok,0,0,0,0,1315,1,1,0.937931,1297,2149,2330,1,1.35294,1297,5146,5932,9.73345,47326,1297,1,0.586245,0.001713,1297,2149,2330,1,1.19192,0.001032,1297,5146,5932
1,52,560125,876072,607,306,1470,0.571298,0.361325,622,-1,ok,0,0,0,0,621,1,1,0.270247,609,1000,1040,1,0.591175,607,2455,2629,3.57857,17204,607,1,0.207177,0.000942,609,1000,1040,1,0.517678,0.000842,607,2455,2629
1,53,457330,549752,200,102,276,0.139802,0.124611,203,-1,ok,0,0,0,0,202,1,1,0.133861,200,282,381,1,0.138139,200,589,941,0.787532,3599,200,1,0.062026,0.000682,200,282,381,1,0.110227,0.000512,200,589,941
1,54,185650,870115,627,314,1608,0.784897,0.483634,632,-1,ok,0,0,0,0,631,1,1,0.498172,627,1070,1136,1,0.776406,627,2710,2996,2.70043,11572,627,1,0.338974,0.001133,627,1070,1136,1,0.719985,0.000932,627,2710,2996
1,55,519871,693835,2142,1074,3915,1.53367,1.21317,2169,-1,ok,0,0,0,0,2168,1,1,1.50441,2144,3684,3723,1,2.24701,2142,9296,9459,14.4677,73105,2142,1,0.967217,0.001613,2144,3684,3723,1,2.05509,0.000982,2142,9296,9459
1,56,140914,484062,1346,675,5929,1.964,0.903699,1361,-1,ok,0,0,0,0,1360,1,1,0.72738,1346,2173,2441,1,1.17952,1346,5074,6272,9.38145,47059,1346,1,0.545911,0.001533,1346,2173,2441,1,1.10679,0.000882,1346,5074,6272
1,57,630216,170691,1277,640,2462,0.945797,0.592567,1290,-1,ok,0,0,0,0,1289,1,1,0.563241,1279,2210,2241,1,1.29163,1277,5495,5652,8.70378,42674,1277,1,0.578311,0.001693,1279,2210,2241,1,1.28466,0.001113,1277,5495,5652
1,58,686374,577768,450,226,1728,0.711109,0.258544,457,-1,ok,0,0,0,0,456,1,1,0.293688,450,593,792,1,0.285563,450,1118,1957,3.05723,11733,450,1,0.156162,0.000792,450,593,792,1,0.250408,0.000662,450,1118,1957
1,59,625714,607337,2167,1087,4530,1.70215,1.39848,2196,-1,ok,0,0,0,0,2195,1,1,1.6073,2169,3676,3779,1,2.17491,2167,9118,9558,15.02,73254,2167,1,0.975862,0.001583,2169,3676,3779,1,1.86234,0.001023,2167,9118,9558
1,60,160386,877813,1001,502,1845,0.851061,0.599471,1012,-1,ok,0,0,0,0,1011,1,1,0.555748,1001,1698,1834,1,1.07939,1001,4234,4827,5.08333,24866,1001,1,0.463717,0.001013,1001,1698,1834,1,1.06254,0.000881,1001,4234,4827
1,61,557207,713255,2128,1066,4682,1.56452,1.1305,2153,-1,ok,0,0,0,0,2152,1,1,1.41727,2130,3606,3660,1,2.14398,2128,8991,9216,15.0519,71776,2128,1,0.925047,0.001923,2130,3606,3660,1,1.88835,0.000792,2128,8991,9216
1,62,689095,577712,931,468,3570,1.33374,0.490696,950,-1,ok,0,0,0,0,949,1,1,0.496458,931,1430,1458,1,0.752296,931,3405,3557,6.15123,27410,931,1,0.295732,0.001022,931,1430,1458,1,0.768216,0.000812,931,3405,3557
1,63,118518,543922,1546,777,5136,1.86775,1.03662,1569,-1,ok,0,0,0,0,1568,1,1,1.20769,1552,2649,2742,1,1.61299,1552,6522,6916,12.5642,54964,1546,1,0.735464,0.001563,1552,2649,2742,1,1.45885,0.001042,1552,6522,6916
1,64,743230,714700,454,228,925,0.337671,0.274473,459,-1,ok,0,0,0,0,458,1,1,0.259765,454,678,777,1,0.375191,454,1470,1923,1.22568,7262,454,1,0.144599,0.000711,454,678,777,1,0.36371,0.000531,454,1470,1923
1,65,451281,500222,1729,866,5515,1.83502,1.03855,1746,-1,ok,0,0,0,0,1745,1,1,1.05743,1731,2819,3014,1,1.59347,1729,6795,7711,10.8503,53341,1729,1,0.756393,0.001272,1731,2819,3014,1,1.42411,0.001002,1729,6795,7711
1,66,87326,638815,783,393,1586,0.592848,0.391341,798,-1,ok,0,0,0,0,797,1,1,0.515464,783,1159,1340,1,0.768195,783,2541,3386,4.34782,21613,783,1,0.304939,0.001122,783,1159,1340,1,0.629877,0.000731,783,2541,3386
1,67,873089,178288,543,272,282,0.258464,0.313956,550,-1,ok,0,0,0,0,549,1,1,0.403613,543,906,1034,1,0.65335,543,2276,2884,1.99494,8868,543,1,0.303556,0.000902,543,906,1034,1,0.639505,0.000801,543,2276,2884
1,68,540231,698411,324,163,913,0.44986,0.20906,327,-1,ok,0,0,0,0,326,1,1,0.276416,324,513,573,1,0.310781,324,1253,1453,2.65103,11259,324,1,0.133931,0.000661,324,513,573,1,0.277518,0.000511,324,1253,1453
1,69,608054,502046,428,215,1794,0.709275,0.236101,431,-1,ok,0,0,0,0,430,1,1,0.270765,428,681,744,1,0.342089,428,1533,1833,2.09125,9740,428,1,0.145091,0.000641,428,681,744,1,0.310931,0.000552,428,1533,1833
1,70,551981,134941,1142,573,2116,0.748369,0.527265,1161,-1,ok,0,0,0,0,1160,1,1,0.665964,1142,1737,1852,1,1.05882,1142,4092,4644,8.45408,37155,1142,1,0.450953,0.001132,1142,1737,1852,1,0.937681,0.000751,1142,4092,4644
1,71,463217,908917,606,304,604,0.360002,0.379439,615,-1,ok,0,0,0,0,614,1,1,0.452185,608,839,1040,1,0.478895,606,1531,2673,3.23895,15134,606,1,0.241422,0.001343,608,839,1040,1,0.399105,0.000761,606,1531,2673
1,72,633916,540912,2768,1389,9531,2.62804,1.43228,2807,-1,ok,0,0,0,0,2806,1,1,1.88869,2774,4661,4722,1,2.78516,2774,11583,11815,16.4932,78468,2768,1,1.24783,0.001363,2774,4661,4722,1,2.46339,0.001002,2774,11583,11815
1,73,797852,552425,1119,561,4621,1.52401,0.490326,1134,-1,ok,0,0,0,0,1133,1,1,0.499804,1119,1554,1772,1,0.785868,1119,3304,4238,5.51744,25862,1119,1,0.352169,0.001263,1119,1554,1772,1,0.732298,0.000771,1119,3304,4238
1,74,746160,847884,1478,741,1305,0.778334,0.903537,1495,-1,ok,0,0,0,0,1494,1,1,1.13711,1478,2506,2619,1,1.51651,1478,6220,6673,11.617,53994,1478,1,0.703665,0.001763,1478,2506,2619,1,1.4095,0.000771,1478,6220,6673
1,75,759766,548195,703,354,2358,0.776881,0.441253,718,-1,ok,0,0,0,0,717,1,1,0.445001,703,1069,1276,1,0.550338,703,2287,3187,3.39085,16496,703,1,0.264715,0.001052,703,1069,1276,1,0.51381,0.000851,703,2287,3187
1,76,413741,394099,778,391,3218,1.51209,0.609568,793,-1,ok,0,0,0,0,792,1,1,0.742146,778,1289,1392,1,0.790717,778,2853,3618,3.92106,20512,778,1,0.373698,0.001092,778,1289,1392,1,0.617634,0.000972,778,2853,3618
1,77,913394,471896,1104,554,3989,1.40074,0.784115,1113,-1,ok,0,0,0,0,1112,1,1,1.06971,1104,1757,1938,1,1.13356,1104,4098,4929,9.2998,44041,1104,1,0.591415,0.001824,1104,1757,1938,1,0.960284,0.000932,1104,4098,4929
1,78,652297,501706,101,51,51,0.0859,0.06963,102,-1,ok,0,0,0,0,101,1,1,0.136735,101,101,204,1,0.057097,101,101,620,0.053633,101,101,1,0.030537,0.000631,101,101,204,1,0.046949,0.000422,101,101,620
1,79,528306,440834,2348,1177,11692,3.29372,1.38692,2377,-1,ok,0,0,0,0,2376,1,1,1.71208,2348,3909,4190,1,2.3856,2348,9486,10715,15.1248,70725,2348,1,1.16958,0.001312,2348,3909,4190,1,2.12334,0.000982,2348,9486,10715
1,80,579216,344905,687,344,2348,1.14381,0.550939,696,-1,ok,0,0,0,0,695,1,1,0.46603,687,1090,1234,1,0.608627,687,2252,3234,3.60691,18817,687,1,0.281565,0.001663,687,1090,1234,1,0.546603,0.000812,687,2252,3234
1,81,291425,565940,613,308,1628,0.551892,0.446283,620,-1,ok,0,0,0,0,619,1,1,0.397272,613,947,1017,1,0.565496,613,2137,2522,4.22309,22156,613,1,0.232313,0.000881,613,947,1017,1,0.488382,0.000761,613,2137,2522
1,82,560203,166249,1334,668,3857,1.40851,0.788102,1347,-1,ok,0,0,0,0,1346,1,1,0.880865,1336,2141,2318,1,1.30421,1334,5076,5878,8.37247,39639,1334,1,0.587066,0.001162,1336,2141,2318,1,1.17867,0.001023,1334,5076,5878
1,83,725367,601383,506,254,876,0.393705,0.282226,511,-1,ok,0,0,0,0,510,1,1,0.315589,506,765,855,1,0.414876,506,1680,2081,2.61029,13653,506,1,0.172963,0.000691,506,765,855,1,0.363769,0.000571,506,1680,2081
1,84,690950,626446,632,317,2725,0.924688,0.242894,639,-1,ok,0,0,0,0,638,1,1,0.34273,632,996,1111,1,0.483423,632,2322,2872,2.09421,11509,632,1,0.222936,0.000982,632,996,1111,1,0.457625,0.000611,632,2322,2872
1,85,885107,623720,1723,863,2432,1.03198,0.916231,1744,-1,ok,0,0,0,0,1743,1,1,1.28386,1723,2924,3016,1,1.8556,1723,7231,7646,13.8881,69467,1723,1,0.788593,0.001513,1723,2924,3016,1,1.52192,0.000821,1723,7231,7646
1,86,452862,582210,1864,935,1720,0.992985,0.895414,1887,-1,ok,0,0,0,0,1886,1,1,1.01554,1866,3160,3271,1,1.75357,1864,7842,8410,11.2054,55382,1864,1,0.751273,0.001552,1866,3160,3271,1,1.64853,0.000971,1864,7842,8410
1,87,643668,475109,189,95,1364,0.479917,0.105607,192,-1,ok,0,0,0,0,191,1,1,0.066834,189,189,372,1,0.093003,189,216,1022,0.073127,189,189,1,0.049382,0.000742,189,189,372,1,0.081842,0.00051,189,216,1022
1,88,72436,674500,1030,517,1566,0.660575,0.479736,1047,-1,ok,0,0,0,0,1046,1,1,0.601915,1030,1714,1753,1,1.06464,1030,4208,4378,7.68625,37614,1030,1,0.467062,0.000992,1030,1714,1753,1,0.975833,0.000781,1030,4208,4378
1,89,868641,853704,37,19,80,0.044273,0.027451,38,-1,ok,0,0,0,0,37,1,1,0.031619,37,37,70,1,0.015198,37,37,192,0.012904,37,37,1,0.009979,0.00051,37,37,70,1,0.015689,0.00044,37,37,192
1,90,644709,548157,2038,1022,10297,2.60794,1.32998,2067,-1,ok,0,0,0,0,2066,1,1,1.48189,2038,3398,3636,1,1.97102,2038,8217,9259,16.0352,70826,2038,1,0.935659,0.001764,2038,3398,3636,1,1.76033,0.001013,2038,8217,9259
1,91,582005,373594,1217,610,1862,0.831233,0.677366,1230,-1,ok,0,0,0,0,1229,1,1,0.62614,1217,2044,2069,1,1.16738,1217,5008,5104,9.75268,45309,1217,1,0.540158,0.001262,1217,2044,2069,1,1.11705,0.000982,1217,5008,5104
1,92,677416,621320,2042,1023,8021,2.39423,1.02283,2067,-1,ok,0,0,0,0,2066,1,1,1.25335,2042,3493,3600,1,2.03151,2042,8646,9131,15.3877,70315,2042,1,0.895954,0.001243,2042,3493,3600,1,1.93235,0.000891,2042,8646,9131
1,93,705859,580720,219,111,250,0.132157,0.075913,228,-1,ok,0,0,0,0,227,1,1,0.109915,219,238,399,1,0.105437,219,331,1008,0.265916,1257,219,1,0.052639,0.000701,219,238,399,1,0.102271,0.000662,219,331,1008
1,94,431412,580719,607,305,747,0.334966,0.253404,616,-1,ok,0,0,0,0,615,1,1,0.348793,607,893,1063,1,0.495996,607,1982,2678,3.57558,17721,607,1,0.231803,0.001052,607,893,1063,1,0.448979,0.000832,607,1982,2678
1,95,437348,552419,661,332,2640,0.722779,0.227274,670,-1,ok,0,0,0,0,669,1,1,0.357056,661,985,1199,1,0.548724,661,2211,3131,3.0986,18299,661,1,0.247912,0.000871,661,985,1199,1,0.471962,0.000752,661,2211,3131
1,96,758271,503460,743,374,2897,0.972888,0.414626,758,-1,ok,0,0,0,0,757,1,1,0.436015,743,1112,1356,1,0.562851,743,2339,3420,3.79976,18490,743,1,0.283239,0.000981,743,1112,1356,1,0.505074,0.000772,743,2339,3420
1,97,868701,479347,1176,589,3704,1.17646,0.834639,1187,-1,ok,0,0,0,0,1186,1,1,1.01783,1176,1885,2067,1,1.19285,1176,4434,5281,9.72291,45874,1176,1,0.615029,0.001402,1176,1885,2067,1,1.0401,0.000842,1176,4434,5281
1,98,562097,501182,3169,1586,16226,6.57193,1.93521,3198,-1,ok,0,0,0,0,3197,1,1,2.55379,3173,5119,5459,1,3.07785,3171,12187,13866,14.487,74431,3169,1,1.36805,0.002134,3173,5119,5459,1,2.60532,0.001623,3171,12187,13866
1,99,278199,257290,49,25,146,0.092312,0.036748,50,-1,ok,0,0,0,0,49,1,1,0.025989,49,49,97,1,0.019026,49,49,286,0.014277,49,49,1,0.011181,0.00058,49,49,97,1,0.017412,0.00037,49,49,286
1,100,570049,534288,47,25,296,0.137345,0.036076,50,-1,ok,0,0,0,0,49,1,1,0.051086,47,47,100,1,0.022933,47,47,296,0.022501,47,47,1,0.015097,0.000571,47,47,100,1,0.019898,0.000431,47,47,296
1,101,541954,728137,425,214,1279,0.4603,0.301093,434,-1,ok,0,0,0,0,433,1,1,0.195065,425,661,738,1,0.341799,425,1466,1777,1.98487,10772,425,1,0.134751,0.000511,425,661,738,1,0.348149,0.000431,425,1466,1777
1,102,215378,85837,389,195,968,0.344592,0.227435,396,-1,ok,0,0,0,0,395,1,1,0.241742,389,610,657,1,0.306441,389,1356,1609,0.98491,5539,389,1,0.128812,0.000612,389,610,657,1,0.270064,0.000561,389,1356,1609
1,103,589928,544726,2226,1116,4809,1.88784,1.42071,2255,-1,ok,0,0,0,0,2254,1,1,1.90393,2228,3781,3868,1,2.28965,2226,9421,9825,15.0053,73866,2226,1,1.03584,0.001724,2228,3781,3868,1,1.9391,0.000992,2226,9421,9825
1,104,541522,549453,805,404,3496,1.259,0.544617,816,-1,ok,0,0,0,0,815,1,1,0.389078,805,1052,1267,1,0.526283,805,2194,3143,7.48774,23643,805,1,0.246821,0.001041,805,1052,1267,1,0.476481,0.000681,805,2194,3143
1,105,502684,483770,978,490,4898,1.47791,0.286776,991,-1,ok,0,0,0,0,990,1,1,0.391751,978,1498,1524,1,0.737257,978,3639,3750,5.64193,30698,978,1,0.344574,0.001223,978,1498,1524,1,0.714445,0.001002,978,3639,3750
1,106,185739,464682,1225,615,5168,2.0801,0.911363,1244,-1,ok,0,0,0,0,1243,1,1,1.20601,1225,1991,2273,1,1.21649,1225,4715,5955,10.3977,44382,1225,1,0.613457,0.001723,1225,1991,2273,1,1.01511,0.000671,1225,4715,5955
1,107,564997,595611,2276,1139,10040,3.31597,1.56289,2299,-1,ok,0,0,0,0,2298,1,1,1.90051,2280,3857,3889,1,2.45457,2278,9644,9758,11.8765,58396,2276,1,1.03136,0.001793,2280,3857,3889,1,1.95684,0.000993,2278,9644,9758
1,108,589155,636201,2476,1241,2561,1.49561,1.47159,2509,-1,ok,0,0,0,0,2508,1,1,1.55234,2476,4117,4233,1,2.36079,2476,10166,10653,15.4025,70451,2476,1,1.05532,0.001883,2476,4117,4233,1,2.18796,0.000993,2476,10166,10653
1,109,531285,901687,2128,1066,2988,1.3629,1.12042,2149,-1,ok,0,0,0,0,2148,1,1,1.20179,2128,3600,3754,1,2.10766,2128,8915,9585,14.7948,68196,2128,1,0.936691,0.001543,2128,3600,3754,1,2.00219,0.000922,2128,8915,9585
1,110,732706,576220,224,112,773,0.248324,0.088103,231,-1,ok,0,0,0,0,230,1,1,0.090829,224,372,398,1,0.192279,224,860,1010,0.677817,3123,224,1,0.095247,0.000671,224,372,398,1,0.185016,0.000542,224,860,1010
1,111,109733,638731,1000,503,3415,0.928725,0.575115,1017,-1,ok,0,0,0,0,1016,1,1,0.493562,1000,1614,1709,1,0.902557,1000,3808,4263,6.82831,35200,1000,1,0.393716,0.000922,1000,1614,1709,1,0.877942,0.000823,1000,3808,4263
1,112,662568,191645,835,419,1619,0.425065,0.305902,848,-1,ok,0,0,0,0,847,1,1,0.347058,835,1388,1442,1,0.811595,835,3355,3635,8.26362,33636,835,1,0.333793,0.000952,835,1388,1442,1,0.787221,0.000771,835,3355,3635
1,113,374965,759941,1238,621,2221,0.89869,0.691112,1251,-1,ok,0,0,0,0,1250,1,1,0.900052,1238,2013,2200,1,1.3101,1238,4894,5595,8.68617,43838,1238,1,0.569203,0.001372,1238,2013,2200,1,1.17753,0.000962,1238,4894,5595
1,114,719164,27693,1169,587,1709,0.682146,0.528226,1190,-1,ok,0,0,0,0,1189,1,1,0.730747,1171,1985,2024,1,1.21953,1171,4868,5055,8.32755,40737,1169,1,0.532986,0.001162,1171,1985,2024,1,1.12595,0.000822,1171,4868,5055
1,115,752294,934231,163,83,826,0.294451,0.139732,166,-1,ok,0,0,0,0,165,1,1,0.239858,163,289,303,1,0.245167,163,748,813,0.344904,1566,163,1,0.082084,0.000842,163,289,303,1,0.164117,0.000582,163,748,813
1,116,655535,844782,573,288,765,0.363378,0.301703,582,-1,ok,0,0,0,0,581,1,1,0.35827,575,930,991,1,0.515313,573,2256,2500,3.58905,16115,573,1,0.195646,0.001002,575,930,991,1,0.461462,0.000751,573,2256,2500
1,117,474798,607811,1695,850,7199,2.00211,1.07628,1716,-1,ok,0,0,0,0,1715,1,1,1.37784,1695,2800,2991,1,1.60348,1695,6697,7523,13.6431,63777,1695,1,0.778274,0.001553,1695,2800,2991,1,1.44176,0.001013,1695,6697,7523
1,118,913321,352359,1830,918,4599,1.96346,1.25281,1851,-1,ok,0,0,0,0,1850,1,1,1.59507,1830,3112,3252,1,1.97418,1830,7482,8444,13.8724,67065,1830,1,0.937911,0.001543,1830,3112,3252,1,1.68902,0.000841,1830,7482,8444
1,119,458475,638815,192,98,717,0.332702,0.106259,199,-1,ok,0,0,0,0,198,1,1,0.076853,192,203,375,1,0.108733,192,245,1004,0.181098,941,192,1,0.054943,0.000642,192,203,375,1,0.087713,0.00051,192,245,1004
1,120,185587,899904,797,400,2525,0.883892,0.533678,804,-1,ok,0,0,0,0,803,1,1,0.451895,797,1321,1411,1,0.851991,797,3271,3611,6.70995,28653,797,1,0.352779,0.001202,797,1321,1411,1,0.858884,0.000851,797,3271,3611
1,121,660993,722496,1439,722,1355,0.619477,0.688687,1456,-1,ok,0,0,0,0,1455,1,1,0.760532,1439,2290,2522,1,1.20894,1439,5289,6422,10.2422,49024,1439,1,0.571819,0.001372,1439,2290,2522,1,1.17321,0.000951,1439,5289,6422
1,122,587664,590978,396,200,2252,0.741165,0.150641,399,-1,ok,0,0,0,0,398,1,1,0.152725,396,487,628,1,0.187059,396,805,1740,0.501276,2903,396,1,0.089608,0.000752,396,487,628,1,0.170377,0.00055,396,805,1740
1,123,227425,627948,1391,699,4642,1.36299,0.857883,1414,-1,ok,0,0,0,0,1413,1,1,0.948623,1391,2287,2392,1,1.28268,1391,5596,6096,10.0121,48375,1391,1,0.571527,0.001313,1391,2287,2392,1,1.18789,0.000812,1391,5596,6096
1,124,404568,507174,380,190,1240,0.462093,0.208169,383,-1,ok,0,0,0,0,382,1,1,0.185657,380,475,503,1,0.199302,380,784,1315,0.892787,4446,380,1,0.091491,0.000642,380,475,503,1,0.184705,0.000541,380,784,1315
1,125,234885,555140,1077,540,1149,0.604499,0.663559,1090,-1,ok,0,0,0,0,1089,1,1,0.891274,1077,1695,1841,1,0.981975,1077,3993,4698,7.68225,38485,1077,1,0.485638,0.001182,1077,1695,1841,1,0.878081,0.000782,1077,3993,4698
1,126,379198,738927,1657,830,6668,2.16782,1.0599,1672,-1,ok,0,0,0,0,1671,1,1,1.14005,1657,2699,2949,1,1.68301,1657,6463,7688,10.4671,50465,1657,1,0.787752,0.002064,1657,2699,2949,1,1.48942,0.000922,1657,6463,7688
1,127,516377,549670,2291,1148,10449,3.10886,1.22062,2318,-1,ok,0,0,0,0,2317,1,1,1.45912,2291,3859,4079,1,2.18808,2291,9453,10422,14.6165,70659,2291,1,1.02656,0.001884,2291,3859,4079,1,1.99523,0.001012,2291,9453,10422
1,128,346621,479141,772,388,5226,1.77432,0.57203,783,-1,ok,0,0,0,0,782,1,1,0.510804,772,1308,1333,1,0.714015,772,3162,3387,4.52188,23874,772,1,0.313164,0.001522,772,1308,1333,1,0.6474,0.000721,772,3162,3387
1,129,380939,508659,970,487,5938,1.75119,0.378046,987,-1,ok,0,0,0,0,986,1,1,0.421338,970,1354,1675,1,0.641799,970,2715,4275,3.61064,20262,970,1,0.327973,0.001161,970,1354,1675,1,0.641218,0.000661,970,2715,4275
1,130,549667,582479,32,17,72,0.067857,0.031368,35,-1,ok,0,0,0,0,34,1,1,0.042499,32,32,68,1,0.015379,32,32,208,0.022081,32,32,1,0.011853,0.000531,32,32,68,1,0.012804,0.000391,32,32,208
1,131,231944,556389,1377,690,1427,0.538675,0.599499,1396,-1,ok,0,0,0,0,1395,1,1,0.777572,1377,2303,2349,1,1.29202,1377,5695,5900,9.34582,47464,1377,1,0.561239,0.001173,1377,2303,2349,1,1.20042,0.001012,1377,5695,5900
1,132,444980,143997,639,321,1434,0.499944,0.370171,650,-1,ok,0,0,0,0,649,1,1,0.257211,639,991,1072,1,0.496297,639,2206,2550,2.51381,14571,639,1,0.211705,0.000882,639,991,1072,1,0.468515,0.000821,639,2206,2550
1,133,553121,561095,2824,1414,7817,2.90486,1.67187,2853,-1,ok,0,0,0,0,2852,1,1,2.31458,2828,4747,4882,1,2.84346,2826,11715,12325,15.182,73309,2824,1,1.27372,0.001733,2828,4747,4882,1,2.38635,0.001162,2826,11715,12325
1,134,557186,599599,2595,1301,11861,4.37614,1.672,2628,-1,ok,0,0,0,0,2627,1,1,1.90332,2597,4398,4506,1,2.69049,2595,10946,11457,16.4595,80846,2595,1,1.18996,0.001733,2597,4398,4506,1,2.27363,0.001002,2595,10946,11457
1,135,752223,476482,939,471,2260,1.03978,0.711649,946,-1,ok,0,0,0,0,945,1,1,0.63752,939,1587,1651,1,0.976463,939,3944,4182,4.80655,25957,939,1,0.3907,0.001453,939,1587,1651,1,0.891004,0.000751,939,3944,4182
1,136,668229,470670,2659,1334,2554,1.41069,1.50871,2696,-1,ok,0,0,0,0,2695,1,1,2.10151,2659,4299,4553,1,2.52151,2659,10380,11484,15.3037,70689,2659,1,1.21071,0.001513,2659,4299,4553,1,2.28125,0.000792,2659,10380,11484
1,137,328875,564452,195,98,243,0.22497,0.172563,196,-1,ok,0,0,0,0,195,1,1,0.173223,195,243,367,1,0.13394,195,389,1004,0.182481,898,195,1,0.062768,0.000761,195,243,367,1,0.117759,0.00055,195,389,1004
1,138,642157,729840,1731,867,8906,2.92247,1.17264,1748,-1,ok,0,0,0,0,1747,1,1,1.19509,1733,2697,3040,1,1.51712,1731,6195,7879,11.2212,53712,1731,1,0.720717,0.001523,1733,2697,3040,1,1.31549,0.000872,1731,6195,7879
1,139,90305,752572,987,495,3110,0.934176,0.619838,1004,-1,ok,0,0,0,0,1003,1,1,0.69018,987,1566,1819,1,1.21286,987,3790,4811,4.1562,21023,987,1,0.503179,0.001643,987,1566,1819,1,1.04748,0.001051,987,3790,4811
1,140,540469,868590,1095,550,4253,1.312,0.714866,1108,-1,ok,0,0,0,0,1107,1,1,0.803402,1095,1852,1931,1,1.18848,1095,4676,4938,9.30164,38391,1095,1,0.5028,0.001343,1095,1852,1931,1,1.08099,0.000822,1095,4676,4938
1,141,554237,542468,341,172,673,0.319797,0.218398,348,-1,ok,0,0,0,0,347,1,1,0.233926,343,545,593,1,0.261378,343,1182,1360,1.4743,5867,341,1,0.110186,0.000631,343,545,593,1,0.217426,0.000581,343,1182,1360
1,142,552875,544670,2521,1263,4766,1.92464,1.51364,2554,-1,ok,0,0,0,0,2553,1,1,1.93664,2525,4189,4326,1,2.44047,2523,10258,10854,14.4073,73344,2521,1,1.10343,0.001714,2525,4189,4326,1,2.10056,0.001002,2523,10258,10854
1,143,489779,135045,582,292,534,0.323334,0.42313,591,-1,ok,0,0,0,0,590,1,1,0.290503,582,909,990,1,0.505434,582,2094,2441,2.84686,15398,582,1,0.202669,0.000931,582,909,990,1,0.462525,0.000751,582,2094,2441
1,144,684986,321427,899,452,1465,0.601915,0.402612,920,-1,ok,0,0,0,0,919,1,1,0.496598,899,1397,1552,1,0.793823,899,3157,3898,7.8759,34162,899,1,0.373368,0.000922,899,1397,1552,1,0.78638,0.000792,899,3157,3898
1,145,551199,39629,1264,635,1408,0.845288,0.814562,1283,-1,ok,0,0,0,0,1282,1,1,1.21513,1268,2238,2264,1,1.64231,1266,5829,5958,9.3775,39964,1264,1,0.66359,0.001794,1268,2238,2264,1,1.3212,0.000861,1266,5829,5958
1,146,161784,518507,1403,703,4576,1.41781,0.905602,1418,-1,ok,0,0,0,0,1417,1,1,0.862079,1403,2354,2495,1,1.35738,1403,5684,6329,10.2777,50296,1403,1,0.624497,0.001684,1403,2354,2495,1,1.25877,0.000851,1403,5684,6329
1,147,916310,555655,611,307,1337,0.45472,0.185325,622,-1,ok,0,0,0,0,621,1,1,0.251951,611,903,1100,1,0.484275,611,1946,2796,2.61083,14115,611,1,0.206996,0.001002,611,903,1100,1,0.456824,0.000822,611,1946,2796
1,148,358724,558670,1036,520,1478,0.499834,0.298457,1049,-1,ok,0,0,0,0,1048,1,1,0.42765,1036,1832,1872,1,0.987525,1036,4596,4807,7.89021,39297,1036,1,0.397592,0.001193,1036,1832,1872,1,0.96879,0.000811,1036,4596,4807
1,149,491303,659590,417,210,1415,0.555758,0.270495,424,-1,ok,0,0,0,0,423,1,1,0.368057,417,720,757,1,0.483693,417,1778,1946,2.45754,13217,417,1,0.191267,0.000661,417,720,757,1,0.400398,0.000731,417,1778,1946
1,150,551910,879052,1906,956,5405,1.67048,1.14019,1927,-1,ok,0,0,0,0,1926,1,1,1.48333,1906,3149,3219,1,1.96009,1906,7849,8180,12.7482,55146,1906,1,0.863494,0.001523,1906,3149,3219,1,1.77646,0.000952,1906,7849,8180
1,151,548928,513895,2545,1276,10458,3.19045,1.45683,2578,-1,ok,0,0,0,0,2577,1,1,1.74389,2545,4131,4368,1,2.38994,2545,9989,11039,14.6781,70674,2545,1,1.08869,0.001742,2545,4131,4368,1,2.17828,0.001002,2545,9989,11039
1,152,544907,516738,841,422,2085,0.805405,0.512488,852,-1,ok,0,0,0,0,851,1,1,0.394697,841,1340,1432,1,0.725635,841,3132,3482,5.49013,25710,841,1,0.294078,0.000982,841,1340,1432,1,0.678208,0.000741,841,3132,3482
1,153,596621,550078,3073,1540,8821,2.87978,1.7446,3108,-1,ok,0,0,0,0,3107,1,1,2.39091,3075,5091,5257,1,3.06356,3075,12456,13220,18.6504,87684,3073,1,1.39785,0.002143,3075,5091,5257,1,2.64713,0.001112,3075,12456,13220
1,154,457377,679268,965,485,2512,1.14665,0.635687,980,-1,ok,0,0,0,0,979,1,1,0.495204,967,1672,1702,1,0.937071,965,4192,4306,5.02472,27753,965,1,0.388415,0.001763,967,1672,1702,1,0.891495,0.001282,965,4192,4306
1,155,888007,738901,148,74,321,0.128248,0.067316,151,-1,ok,0,0,0,0,150,1,1,0.12852,148,255,261,1,0.152475,148,650,696,0.596285,3181,148,1,0.052128,0.000652,148,255,261,1,0.127589,0.000541,148,650,696
1,156,557446,245356,1550,776,1304,0.709917,0.694778,1565,-1,ok,0,0,0,0,1564,1,1,0.904891,1554,2610,2705,1,1.54446,1552,6406,6829,7.59277,40658,1550,1,0.665535,0.001282,1554,2610,2705,1,1.39948,0.000842,1552,6406,6829
1,157,269058,233403,285,143,331,0.220672,0.183493,288,-1,ok,0,0,0,0,287,1,1,0.211665,285,392,468,1,0.183263,285,799,1171,0.720746,3379,285,1,0.091673,0.000651,285,392,468,1,0.176719,0.000551,285,799,1171
1,158,561143,482354,629,315,3113,1.11356,0.382094,636,-1,ok,0,0,0,0,635,1,1,0.44896,629,840,1098,1,0.447446,629,1566,2726,4.34841,17927,629,1,0.238214,0.000822,629,840,1098,1,0.385801,0.000702,629,1566,2726
1,159,476616,512534,204,104,799,0.306133,0.109654,211,-1,ok,0,0,0,0,210,1,1,0.124953,204,302,387,1,0.15546,204,562,948,1.08722,6051,204,1,0.06985,0.000591,204,302,387,1,0.135001,0.000521,204,562,948
1,160,651112,289929,1373,689,4102,1.39939,0.78124,1390,-1,ok,0,0,0,0,1389,1,1,1.03091,1375,2275,2404,1,1.46586,1373,5486,6099,9.04864,45876,1373,1,0.650427,0.001884,1375,2275,2404,1,1.24948,0.000832,1373,5486,6099
1,161,728484,372110,264,134,280,0.188422,0.121257,271,-1,ok,0,0,0,0,270,1,1,0.112129,264,264,520,1,0.139481,264,264,1509,0.097933,309,264,1,0.090219,0.000671,264,264,520,1,0.133169,0.000502,264,264,1509
1,162,569402,643340,2200,1102,3445,1.30827,1.13122,2225,-1,ok,0,0,0,0,2224,1,1,1.4037,2204,3644,3793,1,2.03689,2202,8857,9610,10.5083,55450,2200,1,0.929386,0.001673,2204,3644,3793,1,1.83875,0.001002,2202,8857,9610
1,163,148333,409238,245,125,848,0.244978,0.12856,252,-1,ok,0,0,0,0,251,1,1,0.13944,245,284,444,1,0.180948,245,469,1170,0.284061,1531,245,1,0.106669,0.000832,245,284,444,1,0.152125,0.000681,245,469,1170
1,164,464750,373454,1640,823,2553,1.11794,0.886626,1659,-1,ok,0,0,0,0,1658,1,1,1.12542,1642,2759,2895,1,1.66837,1640,6827,7413,9.7454,51643,1640,1,0.751375,0.001814,1642,2759,2895,1,1.475,0.000901,1640,6827,7413
1,165,355695,858397,800,401,1434,0.632361,0.483132,807,-1,ok,0,0,0,0,806,1,1,0.441274,800,1365,1475,1,0.927091,800,3420,3890,3.45632,18252,800,1,0.3583,0.000992,800,1365,1475,1,0.864745,0.000821,800,3420,3890
1,166,671610,490121,1975,990,8673,2.45294,1.39833,2000,-1,ok,0,0,0,0,1999,1,1,1.85939,1975,3459,3519,1,2.15181,1975,8705,8994,17.9907,76395,1975,1,0.978497,0.001622,1975,3459,3519,1,1.8819,0.000952,1975,8705,8994
1,167,620032,817899,1017,510,4099,1.44516,0.548284,1032,-1,ok,0,0,0,0,1031,1,1,0.488954,1021,1628,1715,1,0.831815,1019,3839,4219,5.4947,27881,1017,1,0.341147,0.001513,1021,1628,1715,1,0.786649,0.000992,1019,3839,4219
1,168,475138,561483,915,459,3018,0.773876,0.330748,926,-1,ok,0,0,0,0,925,1,1,0.384258,917,1502,1599,1,0.776951,915,3606,4036,5.47464,30334,915,1,0.318064,0.001002,917,1502,1599,1,0.737117,0.000731,915,3606,4036
1,169,677523,564943,2418,1211,2180,1.07224,1.3556,2447,-1,ok,0,0,0,0,2446,1,1,1.74102,2420,4127,4244,1,2.39327,2420,10142,10682,19.8245,84521,2418,1,1.07379,0.001513,2420,4127,4244,1,2.17418,0.000741,2420,10142,10682
1,170,547139,894242,1009,505,2053,0.802279,0.530902,1016,-1,ok,0,0,0,0,1015,1,1,0.496637,1011,1660,1672,1,0.862782,1011,3954,4052,3.5529,19650,1009,1,0.341068,0.001183,1011,1660,1672,1,0.831054,0.000621,1011,3954,4052
1,171,513656,703356,1488,747,4616,1.65138,0.940477,1509,-1,ok,0,0,0,0,1508,1,1,1.30257,1488,2596,2631,1,1.6257,1488,6515,6653,13.4052,57709,1488,1,0.74401,0.001363,1488,2596,2631,1,1.4993,0.000781,1488,6515,6653
1,172,561653,646343,1780,891,6611,2.14047,1.17931,1795,-1,ok,0,0,0,0,1794,1,1,1.4595,1782,2803,3099,1,1.58827,1780,6525,7935,10.2737,53602,1780,1,0.810915,0.001713,1782,2803,3099,1,1.3469,0.000741,1780,6525,7935
1,173,452860,580211,2703,1355,13639,4.87147,1.68579,2736,-1,ok,0,0,0,0,2735,1,1,2.43231,2705,4646,4742,1,3.32274,2703,11665,12124,15.7189,80816,2703,1,1.28867,0.002564,2705,4646,4742,1,2.70706,0.001172,2703,11665,12124
1,174,457346,589806,992,499,1983,1.06903,0.747607,1007,-1,ok,0,0,0,0,1006,1,1,0.512439,994,1670,1758,1,0.922973,992,4072,4488,6.14084,29685,992,1,0.375902,0.001873,994,1670,1758,1,0.868903,0.001002,992,4072,4488
1,175,125970,564306,414,209,1623,0.753057,0.366533,423,-1,ok,0,0,0,0,422,1,1,0.353731,414,600,702,1,0.385441,414,1337,1839,1.29925,5306,414,1,0.185226,0.000981,414,600,702,1,0.360434,0.00066,414,1337,1839
1,176,432903,536123,1450,726,3279,1.20283,0.90462,1463,-1,ok,0,0,0,0,1462,1,1,1.11366,1450,2409,2512,1,1.50359,1450,5839,6353,11.7785,48138,1450,1,0.67701,0.001297,1450,2409,2512,1,1.2828,0.000902,1450,5839,6353
1,177,586708,335970,692,348,2289,0.929116,0.396551,703,-1,ok,0,0,0,0,702,1,1,0.318775,692,972,1249,1,0.534148,692,1921,3204,3.52263,19204,692,1,0.230752,0.000992,692,972,1249,1,0.464709,0.000631,692,1921,3204
1,178,127595,700137,422,212,216,0.244056,0.335147,427,-1,ok,0,0,0,0,426,1,1,0.346337,422,575,820,1,0.413833,422,1148,2346,1.03316,4133,422,1,0.218658,0.000531,422,575,820,1,0.357529,0.000792,422,1148,2346
1,179,538665,123021,1064,534,4301,1.17769,0.535651,1083,-1,ok,0,0,0,0,1082,1,1,0.591646,1064,1669,1803,1,0.940047,1064,3854,4492,8.64352,34570,1064,1,0.446996,0.001072,1064,1669,1803,1,0.88935,0.000629,1064,3854,4492
1,180,352712,882018,430,216,994,0.471049,0.344142,435,-1,ok,0,0,0,0,434,1,1,0.480527,430,738,819,1,0.603567,430,1917,2211,2.12665,5526,430,1,0.255127,0.001002,430,738,819,1,0.53547,0.000791,430,1917,2211
1,181,570105,642882,409,206,1183,0.413963,0.180146,414,-1,ok,0,0,0,0,413,1,1,0.195084,409,710,751,1,0.398084,409,1861,2062,2.54355,10197,409,1,0.132999,0.000701,409,710,751,1,0.34226,0.000541,409,1861,2062
1,182,236454,64964,158,80,394,0.186187,0.146353,167,-1,ok,0,0,0,0,166,1,1,0.173293,158,238,294,1,0.161081,158,492,730,0.993439,3096,158,1,0.071263,0.000781,158,238,294,1,0.114664,0.000521,158,492,730
1,183,547182,801522,1262,633,2941,1.36244,0.671353,1275,-1,ok,0,0,0,0,1274,1,1,0.873733,1266,2072,2175,1,1.15385,1264,5040,5444,7.85128,28573,1262,1,0.489013,0.001031,1266,2072,2175,1,1.03335,0.000912,1264,5040,5444
1,184,684920,553657,177,90,714,0.318325,0.119654,182,-1,ok,0,0,0,0,181,1,1,0.19234,177,192,324,1,0.093475,177,231,828,0.297807,670,177,1,0.080952,0.000551,177,192,324,1,0.074268,0.000541,177,231,828
1,185,552875,351270,1255,629,3852,1.25145,0.536782,1270,-1,ok,0,0,0,0,1269,1,1,0.6747,1259,1940,2203,1,0.983077,1257,4396,5657,9.47238,34338,1255,1,0.438188,0.001403,1259,1940,2203,1,0.923585,0.000831,1257,4396,5657
1,186,492765,584268,2039,1021,8256,2.3363,1.40092,2060,-1,ok,0,0,0,0,2059,1,1,1.77467,2041,3505,3588,1,2.27938,2041,8668,8988,19.25,80673,2039,1,0.983237,0.002214,2041,3505,3588,1,1.87169,0.000961,2041,8668,8988
1,187,155792,743182,560,282,1024,0.648452,0.482211,571,-1,ok,0,0,0,0,570,1,1,0.424394,560,739,976,1,0.47006,560,1480,2534,1.33909,5800,560,1,0.267699,0.019475,560,739,976,1,0.42781,0.000862,560,1480,2534
1,188,433249,556063,1470,736,1164,0.81928,0.897646,1485,-1,ok,0,0,0,0,1484,1,1,1.00633,1472,2437,2616,1,1.35234,1472,5815,6656,11.4434,53381,1470,1,0.603939,0.001414,1472,2437,2616,1,1.2378,0.000881,1472,5815,6656
1,189,675909,548947,322,163,313,0.160971,0.191338,331,-1,ok,0,0,0,0,330,1,1,0.226463,322,541,573,1,0.307855,322,1340,1475,0.627983,3084,322,1,0.123732,0.000611,322,541,573,1,0.29474,0.00058,322,1340,1475
1,190,801727,652069,1904,954,4087,1.63079,1.17969,1925,-1,ok,0,0,0,0,1924,1,1,1.55476,1904,3266,3339,1,2.06,1904,8149,8454,14.9182,72405,1904,1,0.880165,0.001643,1904,3266,3339,1,1.68468,0.000922,1904,8149,8454
1,191,424436,194685,1235,619,3430,1.37456,0.683667,1248,-1,ok,0,0,0,0,1247,1,1,0.734602,1237,2093,2210,1,1.28439,1235,5224,5773,7.85416,36924,1235,1,0.541461,0.001192,1237,2093,2210,1,1.17294,0.000761,1235,5224,5773
1,192,568596,520838,78,40,516,0.244105,0.057388,83,-1,ok,0,0,0,0,82,1,1,0.094187,78,78,160,1,0.043592,78,78,436,0.040785,78,78,1,0.031087,0.00043,78,78,160,1,0.031219,0.000401,78,78,436
1,193,537052,487130,2582,1294,10485,3.13308,1.5527,2613,-1,ok,0,0,0,0,2612,1,1,1.98735,2582,4373,4424,1,2.58759,2582,10942,11182,16.8854,77015,2582,1,1.17296,0.001703,2582,4373,4424,1,2.38075,0.000912,2582,10942,11182
1,194,287117,597610,1357,680,1731,0.971766,0.87785,1374,-1,ok,0,0,0,0,1373,1,1,0.811166,1359,2333,2422,1,1.32931,1359,5772,6177,11.103,53827,1357,1,0.569962,0.001563,1359,2333,2422,1,1.25063,0.000741,1359,5772,6177
1,195,734217,369103,902,453,3837,1.40082,0.606464,915,-1,ok,0,0,0,0,914,1,1,0.761293,902,1502,1551,1,0.947289,902,3655,3896,9.09078,37832,902,1,0.445081,0.001133,902,1502,1551,1,0.856339,0.000771,902,3655,3896
1,196,609326,594424,18,10,26,0.018004,0.013005,19,-1,ok,0,0,0,0,18,1,1,0.012133,18,18,30,1,0.007434,18,18,88,0.006902,18,18,1,0.00547,0.000582,18,18,30,1,0.007234,0.000542,18,18,88
1,197,555356,373478,150,76,233,0.102762,0.063228,155,-1,ok,0,0,0,0,154,1,1,0.087924,150,240,267,1,0.128912,150,481,714,0.191479,955,150,1,0.053218,0.000361,150,240,267,1,0.123611,0.000481,150,481,714
1,198,538782,596393,2887,1445,4645,1.8838,1.68307,2916,-1,ok,0,0,0,0,2915,1,1,2.53216,2889,4912,5047,1,3.79846,2889,12092,12730,20.1305,90119,2887,1,1.38812,0.002836,2889,4912,5047,1,2.90894,0.001042,2889,12092,12730
1,199,853804,764242,234,118,269,0.207517,0.206605,237,-1,ok,0,0,0,0,236,1,1,0.099115,234,317,440,1,0.145783,234,605,1087,0.210303,1221,234,1,0.081883,0.000602,234,317,440,1,0.130034,0.000211,234,605,1087
1,200,546144,731449,1563,783,2651,1.35865,1.20673,1582,-1,ok,0,0,0,0,1581,1,1,1.23226,1563,2439,2708,1,1.3606,1563,5559,6861,10.2391,49057,1563,1,0.705708,0.001633,1563,2439,2708,1,1.25321,0.000582,1563,5559,6861
1,201,546580,470520,70,37,202,0.109615,0.041798,75,-1,ok,0,0,0,0,74,1,1,0.051265,70,70,143,1,0.045446,70,70,368,0.037911,70,70,1,0.018374,0.000371,70,70,143,1,0.028433,0.000231,70,70,368
1,202,587180,610058,2820,1412,7314,2.73612,1.7184,2853,-1,ok,0,0,0,0,2852,1,1,2.07362,2824,4785,4876,1,2.81467,2822,11927,12357,16.2311,80831,2820,1,1.2506,0.001984,2824,4785,4876,1,2.50021,0.001944,2822,11927,12357
1,203,554148,555672,34,19,45,0.068618,0.021571,39,-1,ok,0,0,0,0,38,1,1,0.023865,34,34,76,1,0.014417,34,34,232,0.009678,34,34,1,0.007453,0.000531,34,34,76,1,0.012653,0.0005,34,34,232
1,204,618603,576023,2630,1317,5218,2.32126,1.60325,2657,-1,ok,0,0,0,0,2656,1,1,1.79267,2634,4416,4543,1,2.54925,2632,10881,11439,14.9813,73278,2630,1,1.13929,0.001753,2634,4416,4543,1,2.25679,0.001794,2632,10881,11439
1,205,111185,663982,1131,568,1932,0.851732,0.593169,1152,-1,ok,0,0,0,0,1151,1,1,0.527555,1131,1845,1923,1,1.02786,1131,4419,4786,7.77913,40593,1131,1,0.428512,0.001052,1131,1845,1923,1,0.9958,0.001042,1131,4419,4786
1,206,558415,519079,908,455,4862,1.68758,0.450552,917,-1,ok,0,0,0,0,916,1,1,0.450932,908,1222,1553,1,0.558401,908,2320,3951,3.28956,18460,908,1,0.278169,0.001243,908,1222,1553,1,0.525883,0.016091,908,2320,3951
1,207,273703,668225,1512,759,2846,1.05045,0.906974,1535,-1,ok,0,0,0,0,1534,1,1,1.13415,1512,2518,2571,1,1.42924,1512,6165,6434,10.9871,54992,1512,1,0.693955,0.001322,1512,2518,2571,1,1.31781,0.000991,1512,6165,6434
1,208,342313,675920,1135,570,2878,1.22036,0.808319,1152,-1,ok,0,0,0,0,1151,1,1,0.702282,1135,1869,1943,1,1.0515,1135,4511,4833,8.88843,43864,1135,1,0.565015,0.001533,1135,1869,1943,1,1.37463,0.001183,1135,4511,4833
1,209,455838,475237,29,16,106,0.081343,0.0373,34,-1,ok,0,0,0,0,33,1,1,0.03769,29,29,56,1,0.019246,29,29,150,0.019445,29,29,1,0.011601,0.000721,29,29,56,1,0.016011,0.000532,29,29,150
1,210,407548,553070,2852,1428,6595,3.06734,1.82158,2881,-1,ok,0,0,0,0,2880,1,1,2.60279,2854,4833,5007,1,2.96554,2854,11873,12677,20.4603,87342,2852,1,1.40842,0.001963,2854,4833,5007,1,2.63595,0.001112,2854,11873,12677
1,211,504813,914851,324,163,868,0.520501,0.430463,329,-1,ok,0,0,0,0,328,1,1,0.242863,324,580,613,1,0.371564,324,1231,1692,1.04088,3703,324,1,0.156572,0.000762,324,580,613,1,0.341289,0.000621,324,1231,1692
1,212,547561,230431,1222,613,1785,0.89908,0.818078,1241,-1,ok,0,0,0,0,1240,1,1,0.838417,1222,1919,2003,1,1.1039,1222,4548,4940,10.6748,41512,1222,1,0.526474,0.001132,1222,1919,2003,1,1.03083,0.000842,1222,4548,4940
1,213,466238,312299,1571,788,5715,2.24973,0.988727,1588,-1,ok,0,0,0,0,1587,1,1,1.29725,1573,2679,2779,1,1.70581,1571,6662,7134,10.9217,48789,1571,1,0.734722,0.001483,1573,2679,2779,1,1.46586,0.000871,1571,6662,7134
1,214,234897,536226,1213,609,5383,1.51601,0.738099,1232,-1,ok,0,0,0,0,1231,1,1,0.630728,1213,1972,2223,1,1.22628,1213,4651,5754,12.6468,45493,1213,1,0.525511,0.002154,1213,1972,2223,1,1.01781,0.000912,1213,4651,5754
1,215,580756,561650,1750,876,2694,1.43419,1.28843,1767,-1,ok,0,0,0,0,1766,1,1,1.4158,1750,3049,3085,1,1.81245,1750,7590,7786,16.5108,69389,1750,1,0.829991,0.001343,1750,3049,3085,1,1.62075,0.000902,1750,7590,7786
1,216,744886,554466,1138,571,4675,1.58582,0.605832,1155,-1,ok,0,0,0,0,1154,1,1,0.551489,1140,1895,2001,1,0.999779,1140,4450,4885,9.1014,36805,1138,1,0.418191,0.001032,1140,1895,2001,1,0.943162,0.000832,1140,4450,4885
1,217,864144,644857,1147,575,4323,1.37411,0.814672,1154,-1,ok,0,0,0,0,1153,1,1,1.02093,1147,1745,2045,1,1.03295,1147,3973,5403,9.15275,41653,1147,1,0.532235,0.001132,1147,1745,2045,1,0.892327,0.000851,1147,3973,5403
1,218,155929,549165,1194,599,3842,1.38964,0.873602,1211,-1,ok,0,0,0,0,1210,1,1,0.970623,1194,1890,2033,1,1.08729,1194,4405,5049,9.16066,40836,1194,1,0.528748,0.001724,1194,1890,2033,1,0.980903,0.000942,1194,4405,5049
1,219,734340,664355,1063,533,2308,0.92072,0.659663,1072,-1,ok,0,0,0,0,1071,1,1,0.717991,1063,1716,1906,1,0.984859,1063,4043,4993,8.41314,34008,1063,1,0.436766,0.001393,1063,1716,1906,1,0.908556,0.000811,1063,4043,4993
1,220,483567,570424,1455,730,4053,1.16949,0.74958,1474,-1,ok,0,0,0,0,1473,1,1,0.82429,1455,2419,2542,1,1.35077,1455,5859,6420,12.3268,48921,1455,1,0.609949,0.001462,1455,2419,2542,1,1.2879,0.000962,1455,5859,6420
1,221,639206,652049,2073,1039,1977,1.11856,1.28854,2098,-1,ok,0,0,0,0,2097,1,1,1.60841,2075,3512,3594,1,2.10506,2073,8715,9087,15.8771,73262,2073,1,0.947921,0.001813,2075,3512,3594,1,1.81931,0.000932,2073,8715,9087
1,222,93334,537056,1452,728,4199,1.63234,0.842574,1469,-1,ok,0,0,0,0,1468,1,1,0.836072,1452,2185,2474,1,1.16271,1452,4825,6171,7.57766,41025,1452,1,0.58349,0.001523,1452,2185,2474,1,1.09979,0.000921,1452,4825,6171
1,223,603581,431982,437,220,1878,0.711259,0.256027,442,-1,ok,0,0,0,0,441,1,1,0.329225,437,672,785,1,0.360763,437,1456,1906,1.83344,7661,437,1,0.151803,0.000792,437,672,785,1,0.308256,0.000551,437,1456,1906
1,224,439095,658592,1491,748,2168,1.13301,1.01109,1512,-1,ok,0,0,0,0,1511,1,1,1.38308,1491,2543,2630,1,1.59766,1491,6253,6623,13.8389,60308,1491,1,0.729823,0.001262,1491,2543,2630,1,1.40872,0.000892,1491,6253,6623
1,225,814923,899971,128,66,219,0.10743,0.072205,135,-1,ok,0,0,0,0,134,1,1,0.126446,128,212,232,1,0.121917,128,515,569,0.656537,2672,128,1,0.050583,0.00059,128,212,232,1,0.110476,0.000521,128,515,569
1,226,498998,590659,2587,1297,11477,3.91241,1.6561,2618,-1,ok,0,0,0,0,2617,1,1,2.26113,2589,4424,4520,1,2.69611,2587,11124,11575,21.1762,80834,2587,1,1.20345,0.001373,2589,4424,4520,1,2.26367,0.000792,2587,11124,11575
1,227,559098,530053,2275,1139,8670,3.05254,1.41395,2292,-1,ok,0,0,0,0,2291,1,1,1.4434,2279,3711,3937,1,2.03038,2277,8895,9949,11.7004,53898,2275,1,0.932614,0.001653,2279,3711,3937,1,1.85292,0.000943,2277,8895,9949
1,228,549050,87356,1368,686,4853,1.78454,0.823379,1389,-1,ok,0,0,0,0,1388,1,1,0.956658,1368,2139,2262,1,1.26999,1368,5022,5555,11.3085,43802,1368,1,0.596033,0.001893,1368,2139,2262,1,1.1328,0.000882,1368,5022,5555
1,229,507967,791931,2780,1392,5002,2.10844,1.68929,2811,-1,ok,0,0,0,0,2810,1,1,2.37516,2782,4701,4774,1,2.86233,2780,11708,12011,18.762,87192,2780,1,1.33021,0.001723,2782,4701,4774,1,2.47208,0.001192,2780,11708,12011
1,230,403304,932996,1476,739,5519,1.91661,0.988187,1487,-1,ok,0,0,0,0,1486,1,1,0.947932,1476,2418,2587,1,1.49111,1476,5833,6560,10.2337,48724,1476,1,0.6531,0.001523,1476,2418,2587,1,1.3738,0.001002,1476,5833,6560
1,231,779288,400102,1980,992,7561,2.57586,1.34694,2003,-1,ok,0,0,0,0,2002,1,1,1.73544,1980,3451,3482,1,2.22299,1980,8691,8859,16.3165,75230,1980,1,1.00337,0.001362,1980,3451,3482,1,1.9309,0.000782,1980,8691,8859
1,232,115537,717680,835,420,2577,0.995341,0.497189,852,-1,ok,0,0,0,0,851,1,1,0.394959,835,1344,1447,1,0.800846,835,3211,3680,3.99368,21113,835,1,0.329725,0.001162,835,1344,1447,1,0.781091,0.000802,835,3211,3680
1,233,625715,531035,2478,1242,9666,3.22888,1.55541,2509,-1,ok,0,0,0,0,2508,1,1,2.1999,2480,3984,4279,1,2.35931,2478,9425,10895,15.3837,73695,2478,1,1.1325,0.001742,2480,3984,4279,1,1.99677,0.001002,2478,9425,10895
1,234,12779,392632,1393,700,3635,1.74905,1.01508,1418,-1,ok,0,0,0,0,1417,1,1,1.06218,1395,2175,2423,1,1.24774,1395,5017,6156,7.82446,40916,1393,1,0.63186,0.001362,1395,2175,2423,1,1.11566,0.001012,1395,5017,6156
1,235,491073,550893,600,301,1721,0.632713,0.35296,609,-1,ok,0,0,0,0,608,1,1,0.320869,600,1011,1045,1,0.549176,600,2417,2612,5.48194,19518,600,1,0.207017,0.001102,600,1011,1045,1,0.505675,0.000781,600,2417,2612
1,236,544640,612058,608,306,2176,0.554755,0.205695,619,-1,ok,0,0,0,0,618,1,1,0.254607,608,845,1024,1,0.410719,608,1733,2484,3.02264,17730,608,1,0.180898,0.000641,608,845,1024,1,0.39059,0.000621,608,1733,2484
1,237,349394,221491,1219,611,1357,0.63119,0.578651,1232,-1,ok,0,0,0,0,1231,1,1,0.714414,1219,2030,2112,1,1.144,1219,4987,5361,7.20341,37230,1219,1,0.521525,0.001062,1219,2030,2112,1,1.06526,0.000781,1219,4987,5361
1,238,643343,800035,1098,550,1550,0.767986,0.637471,1111,-1,ok,0,0,0,0,1110,1,1,0.84559,1098,1889,1940,1,1.20076,1098,4851,5071,8.55358,41464,1098,1,0.526363,0.001061,1098,1889,1940,1,1.11982,0.000812,1098,4851,5071
1,239,466292,494384,1056,531,2503,1.19791,0.596233,1071,-1,ok,0,0,0,0,1070,1,1,0.738791,1058,1727,1871,1,0.985943,1056,4119,4768,6.6594,30097,1056,1,0.428601,0.001012,1058,1727,1871,1,0.862952,0.000822,1056,4119,4768
1,240,263294,711941,727,365,4585,1.5817,0.603077,732,-1,ok,0,0,0,0,731,1,1,0.677014,727,923,1266,1,0.5674,727,1653,3314,4.12596,19914,727,1,0.32691,0.001272,727,923,1266,1,0.450712,0.000712,727,1653,3314
1,241,540708,407534,2386,1196,6206,2.62964,1.42725,2413,-1,ok,0,0,0,0,2412,1,1,2.00791,2388,3959,4205,1,2.70756,2386,9661,10862,14.8426,73400,2386,1,1.16646,0.001874,2388,3959,4205,1,2.08093,0.000851,2386,9661,10862
1,242,407548,728111,217,110,922,0.556709,0.216645,222,-1,ok,0,0,0,0,221,1,1,0.202137,217,217,434,1,0.140133,217,217,1298,0.144861,217,217,1,0.071192,0.00059,217,217,434,1,0.115756,0.000451,217,217,1298
1,243,495501,485664,2437,1221,9773,3.28826,1.63552,2466,-1,ok,0,0,0,0,2465,1,1,1.95351,2437,4273,4344,1,2.69549,2437,10789,11137,17.3451,77339,2437,1,1.20413,0.001794,2437,4273,4344,1,2.30481,0.001102,2437,10789,11137
1,244,720906,179696,594,298,740,0.521694,0.465339,601,-1,ok,0,0,0,0,600,1,1,0.461531,594,1013,1070,1,0.697253,594,2572,2793,3.54745,16388,594,1,0.280544,0.001092,594,1013,1070,1,0.603629,0.000822,594,2572,2793
1,245,650350,482575,2675,1342,12016,4.01854,1.70822,2710,-1,ok,0,0,0,0,2709,1,1,2.38319,2675,4308,4575,1,2.90457,2675,10333,11518,14.5322,70704,2675,1,1.2884,0.003175,2675,4308,4575,1,2.40769,0.001143,2675,10333,11518
1,246,638652,817933,1535,769,2305,1.26697,1.12384,1552,-1,ok,0,0,0,0,1551,1,1,0.929826,1535,2646,2678,1,1.65009,1535,6654,6772,11.1221,55609,1535,1,0.682487,0.001844,1535,2646,2678,1,1.50082,0.000831,1535,6654,6772
1,247,548934,567346,842,423,3407,1.17367,0.424793,851,-1,ok,0,0,0,0,850,1,1,0.363829,842,1126,1332,1,0.545018,842,2393,3300,4.48097,24352,842,1,0.252201,0.001092,842,1126,1332,1,0.511084,0.000801,842,2393,3300
1,248,573392,445311,937,470,3634,1.45526,0.634965,952,-1,ok,0,0,0,0,951,1,1,0.799643,937,1377,1651,1,0.781591,937,2928,4144,5.896,27552,937,1,0.403263,0.001202,937,1377,1651,1,0.67927,0.000771,937,2928,4144
1,249,791829,669974,699,351,1447,0.572389,0.351727,708,-1,ok,0,0,0,0,707,1,1,0.383818,699,893,1011,1,0.427429,699,1594,2370,1.1139,5774,699,1,0.228748,0.000851,699,893,1011,1,0.375591,0.000721,699,1594,2370
1,250,181289,193174,55,29,129,0.066033,0.036748,62,-1,ok,0,0,0,0,61,1,1,0.050915,55,87,100,1,0.039635,55,161,244,0.046277,247,55,1,0.03213,0.000542,55,87,100,1,0.033403,0.000521,55,161,244
1,251,734304,877601,1239,621,4544,1.55719,0.862401,1248,-1,ok,0,0,0,0,1247,1,1,1.28301,1239,2143,2234,1,1.48548,1239,5520,5838,9.26867,42458,1239,1,0.682627,0.001463,1239,2143,2234,1,1.24086,0.000891,1239,5520,5838
1,252,541771,272040,815,409,1555,0.650736,0.439242,826,-1,ok,0,0,0,0,825,1,1,0.597085,815,1314,1413,1,0.839579,815,3102,3544,5.37035,24166,815,1,0.335196,0.001191,815,1314,1413,1,0.693114,0.000791,815,3102,3544
1,253,555426,520840,632,318,2757,0.849507,0.336097,641,-1,ok,0,0,0,0,640,1,1,0.356646,632,958,1122,1,0.4873,632,2097,2856,3.17288,17798,632,1,0.205173,0.001052,632,958,1122,1,0.436806,0.000722,632,2097,2856
1,254,554148,468913,1653,829,5690,2.28326,1.20529,1672,-1,ok,0,0,0,0,1671,1,1,1.56536,1655,2693,2869,1,1.64445,1653,6499,7317,11.9671,53433,1653,1,0.788573,0.001573,1655,2693,2869,1,1.39388,0.001013,1653,6499,7317
1,255,407897,554527,1448,726,2976,1.18435,0.975051,1465,-1,ok,0,0,0,0,1464,1,1,0.988788,1450,2435,2578,1,1.37695,1450,5863,6519,12.3303,55076,1448,1,0.611001,0.001523,1450,2435,2578,1,1.27268,0.000861,1450,5863,6519
1,256,476137,886494,1697,851,6603,2.43577,1.17266,1714,-1,ok,0,0,0,0,1713,1,1,1.60114,1697,2969,2992,1,1.98179,1697,7543,7634,12.569,56352,1697,1,0.898419,0.001442,1697,2969,2992,1,1.6977,0.000901,1697,7543,7634
1,257,647690,523082,2414,1209,11897,3.78438,1.55166,2441,-1,ok,0,0,0,0,2440,1,1,1.96033,2416,4183,4240,1,2.55314,2416,10352,10566,20.353,90555,2414,1,1.14653,0.001613,2416,4183,4240,1,2.2499,0.001042,2416,10352,10566
1,258,841766,458240,1678,842,3139,1.70002,1.18414,1695,-1,ok,0,0,0,0,1694,1,1,1.35303,1678,2764,2964,1,1.74801,1678,6690,7599,14.4907,66477,1678,1,0.784556,0.001312,1678,2764,2964,1,1.46237,0.000921,1678,6690,7599
1,259,462910,637233,417,209,1199,0.486019,0.269703,424,-1,ok,0,0,0,0,423,1,1,0.185507,417,649,747,1,0.32117,417,1426,1872,2.13495,11833,417,1,0.152766,0.000682,417,649,747,1,0.323304,0.000632,417,1426,1872
1,260,536976,551877,19,11,36,0.026781,0.020689,22,-1,ok,0,0,0,0,21,1,1,0.022102,19,19,44,1,0.009847,19,19,128,0.015058,19,19,1,0.007474,0.000531,19,19,44,1,0.008446,0.000501,19,19,128
1,261,42610,554524,1736,870,3216,1.53344,1.20701,1759,-1,ok,0,0,0,0,1758,1,1,1.56297,1738,2973,3111,1,1.85578,1738,7366,8001,14.8162,61353,1736,1,0.847824,0.001733,1738,2973,3111,1,1.60206,0.000891,1738,7366,8001
1,262,613794,229015,1113,560,4706,1.70002,0.681092,1132,-1,ok,0,0,0,0,1131,1,1,0.537694,1115,1905,1995,1,1.09046,1113,4760,5144,7.88083,37126,1113,1,0.430805,0.001262,1115,1905,1995,1,1.06402,0.000851,1113,4760,5144
1,263,786608,624950,1914,960,8332,3.19171,1.22659,1937,-1,ok,0,0,0,0,1936,1,1,1.54558,1914,3241,3360,1,1.94251,1914,8086,8656,14.9477,73614,1914,1,0.876046,0.001733,1914,3241,3360,1,1.66038,0.000992,1914,8086,8656
1,264,412226,542166,1648,827,7201,2.35841,1.09095,1671,-1,ok,0,0,0,0,1670,1,1,1.20584,1648,2682,2950,1,1.4814,1648,6309,7452,14.1844,64093,1648,1,0.730555,0.001773,1648,2682,2950,1,1.31777,0.000631,1648,6309,7452
1,265,578007,584682,2557,1282,12933,4.28637,1.54231,2588,-1,ok,0,0,0,0,2587,1,1,1.92157,2559,4357,4460,1,2.54976,2557,10905,11370,16.1088,80842,2557,1,1.13311,0.001742,2559,4357,4460,1,2.20449,0.001022,2557,10905,11370
1,266,129099,357177,198,99,532,0.265045,0.159608,199,-1,ok,0,0,0,0,198,1,1,0.148588,198,198,357,1,0.113141,198,200,941,0.350234,1823,198,1,0.070291,0.000621,198,198,357,1,0.080361,0.000381,198,200,941
1,267,670451,218543,1088,546,2153,0.920288,0.638402,1103,-1,ok,0,0,0,0,1102,1,1,0.666686,1090,1843,1944,1,1.15036,1088,4578,5051,7.38351,33694,1088,1,0.495446,0.001372,1090,1843,1944,1,1.09253,0.001082,1088,4578,5051
1,268,636901,562811,880,442,3145,1.23412,0.525141,895,-1,ok,0,0,0,0,894,1,1,0.543847,880,1351,1383,1,0.734171,880,3228,3409,5.70547,26825,880,1,0.300652,0.001002,880,1351,1383,1,0.659793,0.000521,880,3228,3409
1,269,161898,720900,750,376,4693,1.74378,0.613937,755,-1,ok,0,0,0,0,754,1,1,0.721107,750,946,1292,1,0.595703,750,1662,3342,4.80728,21524,750,1,0.377175,0.001001,750,946,1292,1,0.466012,0.000561,750,1662,3342
1,270,536127,726744,1037,521,1006,0.463375,0.552472,1056,-1,ok,0,0,0,0,1055,1,1,0.730215,1039,1767,1799,1,1.22258,1039,4458,4603,6.5602,33227,1037,1,0.477812,0.001362,1039,1767,1799,1,0.996261,0.000611,1039,4458,4603
1,271,182733,659592,907,455,1681,0.725275,0.579864,920,-1,ok,0,0,0,0,919,1,1,0.441887,907,1512,1547,1,0.88371,907,3712,3870,6.89955,35409,907,1,0.371303,0.00075,907,1512,1547,1,0.830201,0.000601,907,3712,3870
1,272,557521,334467,2898,1451,6690,2.97769,1.74121,2927,-1,ok,0,0,0,0,2926,1,1,2.68288,2902,4887,5039,1,3.10547,2900,11830,12852,15.5801,73457,2898,1,1.39136,0.001523,2902,4887,5039,1,2.56184,0.000861,2900,11830,12852
1,273,550876,844900,1310,657,1136,0.788613,0.95684,1329,-1,ok,0,0,0,0,1328,1,1,0.773125,1310,2181,2294,1,1.31192,1310,5353,5810,10.2878,46488,1310,1,0.565075,0.001233,1310,2181,2294,1,1.27047,0.000761,1310,5353,5810
1,274,442000,527458,1850,926,4329,1.64562,1.14382,1869,-1,ok,0,0,0,0,1868,1,1,1.35097,1850,3216,3227,1,1.94428,1850,8008,8075,16.0841,69421,1850,1,0.845329,0.001693,1850,3216,3227,1,1.74348,0.000842,1850,8008,8075
1,275,163378,695363,985,495,2169,1.09076,0.805024,1002,-1,ok,0,0,0,0,1001,1,1,0.737698,985,1622,1679,1,1.00086,985,3919,4158,8.60338,38613,985,1,0.44965,0.001503,985,1622,1679,1,0.922953,0.000961,985,3919,4158
1,276,469207,449288,2393,1200,4510,2.1057,1.42436,2422,-1,ok,0,0,0,0,2421,1,1,2.13192,2395,3988,4200,1,2.54021,2393,9762,10721,15.2995,73363,2393,1,1.14408,0.001292,2395,3988,4200,1,2.049,0.000862,2393,9762,10721
1,277,621533,503471,384,193,665,0.398544,0.231333,387,-1,ok,0,0,0,0,386,1,1,0.22532,384,614,680,1,0.320328,384,1305,1661,0.993725,4835,384,1,0.136696,0.000531,384,614,680,1,0.295161,0.00042,384,1305,1661
1,278,584186,780781,627,313,1407,0.496817,0.31038,634,-1,ok,0,0,0,0,633,1,1,0.252943,631,948,1017,1,0.426257,629,1988,2483,4.12909,18390,627,1,0.175106,0.000872,631,948,1017,1,0.402793,0.000671,629,1988,2483
1,279,537110,215501,1213,608,2188,1.03718,0.748588,1230,-1,ok,0,0,0,0,1229,1,1,0.788263,1213,1915,1980,1,1.09064,1213,4594,4917,9.58527,41547,1213,1,0.503201,0.001083,1213,1915,1980,1,1.02549,0.000702,1213,4594,4917
1,280,552659,521369,42,23,183,0.087724,0.036988,47,-1,ok,0,0,0,0,46,1,1,0.057788,42,42,92,1,0.02078,42,42,256,0.017883,42,42,1,0.013595,0.000421,42,42,92,1,0.016109,0.000391,42,42,256
1,281,470354,521484,1808,906,5046,1.92942,1.10697,1831,-1,ok,0,0,0,0,1830,1,1,1.39674,1808,3033,3165,1,1.80391,1808,7305,7913,14.9413,67589,1808,1,1.05985,0.001222,1808,3033,3165,1,1.57915,0.000901,1808,7305,7913
1,282,779294,490035,423,213,1640,0.576177,0.189976,432,-1,ok,0,0,0,0,431,1,1,0.176891,423,521,778,1,0.228005,423,865,2012,0.666143,3597,423,1,0.125335,0.000551,423,521,778,1,0.232595,0.000501,423,865,2012
1,283,856695,383684,1735,870,4589,1.95282,1.19824,1756,-1,ok,0,0,0,0,1755,1,1,1.5787,1735,2825,3081,1,1.84795,1735,6818,7997,14.0521,66731,1735,1,0.894751,0.001113,1735,2825,3081,1,1.56672,0.000792,1735,6818,7997
1,284,856911,565634,2043,1023,9812,3.40286,1.28855,2064,-1,ok,0,0,0,0,2063,1,1,1.74925,2043,3506,3580,1,2.21153,2043,8739,9105,14.6913,74365,2043,1,0.999779,0.001724,2043,3506,3580,1,1.89655,0.000871,2043,8739,9105
1,285,226029,617772,1109,556,2364,1.12397,0.824531,1122,-1,ok,0,0,0,0,1121,1,1,0.533878,1109,1798,1894,1,0.980983,1109,4330,4739,7.7162,40961,1109,1,0.412231,0.000892,1109,1798,1894,1,0.960323,0.000741,1109,4330,4739
1,286,273528,498716,214,109,605,0.196748,0.077395,221,-1,ok,0,0,0,0,220,1,1,0.136996,214,297,350,1,0.176429,214,644,930,0.40645,2252,214,1,0.062347,0.000481,214,297,350,1,0.161162,0.000412,214,644,930
1,287,585019,659525,120,62,436,0.238705,0.092303,125,-1,ok,0,0,0,0,124,1,1,0.12386,120,134,233,1,0.073127,120,195,624,0.200925,752,120,1,0.034685,0.000441,120,134,233,1,0.052448,0.000391,120,195,624
1,288,714688,746144,256,129,133,0.078487,0.157484,259,-1,ok,0,0,0,0,258,1,1,0.104856,256,347,440,1,0.157164,256,698,1073,0.582099,3471,256,1,0.064491,0.000451,256,347,440,1,0.138197,0.00041,256,698,1073
1,289,487154,401935,1115,560,1439,0.814563,0.729352,1128,-1,ok,0,0,0,0,1127,1,1,0.951398,1117,1745,1988,1,1.09979,1115,4026,5209,5.7107,29893,1115,1,0.512077,0.001353,1117,1745,1988,1,0.862351,0.000722,1115,4026,5209
1,290,558487,858169,252,127,485,0.250609,0.261428,257,-1,ok,0,0,0,0,256,1,1,0.225752,252,406,466,1,0.244367,252,893,1142,0.574855,2917,252,1,0.126327,0.000502,252,406,466,1,0.217015,0.00045,252,893,1142
1,291,574271,660088,2395,1201,6117,2.62206,1.59036,2428,-1,ok,0,0,0,0,2427,1,1,2.20044,2395,4057,4083,1,2.711,2395,10180,10292,15.4306,70720,2395,1,1.14688,0.001452,2395,4057,4083,1,2.19582,0.000822,2395,10180,10292
1,292,41143,546444,721,363,2764,1.10674,0.571468,732,-1,ok,0,0,0,0,731,1,1,0.447695,721,987,1216,1,0.554134,721,1967,3046,3.385,18062,721,1,0.280775,0.001473,721,987,1216,1,0.518809,0.000591,721,1967,3046
1,293,760001,646214,1715,861,4270,1.67581,1.06002,1742,-1,ok,0,0,0,0,1741,1,1,1.20598,1717,2973,3037,1,1.71388,1715,7467,7765,13.7394,68484,1715,1,0.767152,0.001132,1717,2973,3037,1,1.57392,0.000912,1715,7467,7765
1,294,185761,377965,506,254,1952,0.494884,0.161702,511,-1,ok,0,0,0,0,510,1,1,0.153556,506,698,837,1,0.319677,506,1403,2056,2.74259,15369,506,1,0.131627,0.000602,506,698,837,1,0.297315,0.000461,506,1403,2056
1,295,604576,736790,940,472,1411,0.671696,0.50319,953,-1,ok,0,0,0,0,952,1,1,0.563312,940,1559,1607,1,0.832526,940,3764,3974,5.83739,29173,940,1,0.352779,0.001002,940,1559,1607,1,0.752886,0.000642,940,3764,3974
1,296,604356,279676,1122,563,2161,0.859936,0.819522,1139,-1,ok,0,0,0,0,1138,1,1,1.07529,1122,1783,1914,1,1.07065,1122,4109,4750,7.14144,37132,1122,1,0.561889,0.001133,1122,1783,1914,1,0.94791,0.000802,1122,4109,4750
1,297,467430,178127,281,142,560,0.284011,0.126076,286,-1,ok,0,0,0,0,285,1,1,0.137136,281,425,503,1,0.260687,281,922,1279,0.770939,4332,281,1,0.097151,0.000561,281,425,503,1,0.225491,0.000481,281,922,1279
1,298,473402,701873,1457,730,4409,1.69014,0.883712,1476,-1,ok,0,0,0,0,1475,1,1,1.19487,1457,2522,2561,1,1.59579,1457,6273,6449,11.2347,54516,1457,1,0.707302,0.001253,1457,2522,2561,1,1.44598,0.000781,1457,6273,6449
1,299,546168,470167,91,47,560,0.239127,0.080872,94,-1,ok,0,0,0,0,93,1,1,0.120145,91,91,165,1,0.041838,91,91,404,0.023895,91,91,1,0.03244,0.00045,91,91,165,1,0.031439,0.000391,91,91,404
2,0,515417,637366,1801,455,581,0.565838,1.62968,1882,-1,ok,0,0,0,0,1881,1,1,2.08507,1803,5496,5786,1,2.71984,1801,12929,14157,12.7419,55476,1801,1,1.70582,0.785637,1803,3076,3162,1,2.36682,0.785508,1801,7412,8062
2,1,221578,683609,709,179,1116,0.504493,0.710327,736,-1,ok,0,0,0,0,735,1,1,0.38011,709,1277,2296,1,0.582357,709,2822,6039,3.3044,17883,709,1,0.373928,0.133179,709,921,1248,1,0.817386,0.331769,709,1739,3312
2,2,566063,455879,224,57,59,0.068068,0.172202,235,-1,ok,0,0,0,0,234,1,1,0.229108,228,530,793,1,0.319376,228,1337,2211,0.626571,2755,224,1,0.153637,0.060423,228,401,433,1,0.336087,0.122569,228,889,1201
2,3,364509,251282,377,98,374,0.089436,0.295663,408,-1,ok,0,0,0,0,407,1,1,0.212577,377,961,1093,1,0.41759,377,2264,2679,1.48582,7916,377,1,0.165369,0.047759,377,593,632,1,0.403574,0.124162,377,1422,1610
2,4,713214,541596,268,69,204,0.148196,0.256248,289,-1,ok,0,0,0,0,288,1,1,0.219269,268,296,880,1,0.110195,268,296,1984,0.157825,281,268,1,0.205624,0.094667,268,268,469,1,0.232565,0.120486,268,275,1210
2,5,708892,372109,865,219,362,0.166772,0.560007,922,-1,ok,0,0,0,0,921,1,1,0.727479,865,2577,2668,1,1.38549,865,6280,6536,8.19174,33055,865,1,0.536261,0.156303,865,1463,1488,1,1.16903,0.32068,865,3604,3707
2,6,549730,910635,485,122,256,0.158456,0.469517,506,-1,ok,0,0,0,0,505,1,1,0.482681,485,1066,1326,1,0.488493,485,2206,3043,2.74211,11505,485,1,0.338803,0.148648,485,657,763,1,0.500535,0.171059,485,1343,1823
2,7,428575,333335,686,175,320,0.113292,0.285655,735,-1,ok,0,0,0,0,734,1,1,0.410075,686,1898,1981,1,0.819291,686,4366,4651,3.94016,19844,686,1,0.339054,0.107892,686,1119,1144,1,0.781119,0.215643,686,2656,2753
2,8,103741,529812,1209,307,704,0.286374,0.818499,1280,-1,ok,0,0,0,0,1279,1,1,0.944244,1209,3341,3789,1,1.6031,1209,8102,9543,8.3659,40816,1209,1,0.784816,0.270666,1209,1962,2112,1,1.52631,0.494534,1209,4627,5296
2,9,504438,99296,1284,325,1547,0.421257,0.73305,1371,-1,ok,0,0,0,0,1370,1,1,0.826805,1284,3666,3955,1,1.7623,1284,8966,9993,8.32274,40831,1284,1,0.719705,0.193471,1284,2127,2225,1,1.60254,0.466311,1284,5088,5585
2,10,503002,473385,659,167,650,0.189233,0.313636,694,-1,ok,0,0,0,0,693,1,1,0.328052,659,1450,2161,1,0.649053,659,2991,5371,3.54982,18056,659,1,0.302915,0.098624,659,899,1152,1,0.678518,0.242202,659,1854,2933
2,11,594375,693937,1954,494,1013,0.503962,1.30407,2039,-1,ok,0,0,0,0,2038,1,1,1.84795,1956,6193,6331,1,2.94202,1954,15046,15433,14.8886,67204,1954,1,1.44556,0.553555,1956,3419,3463,1,2.56507,0.775319,1954,8624,8735
2,12,184179,575147,1336,339,399,0.320079,1.04815,1385,-1,ok,0,0,0,0,1384,1,1,0.923845,1338,4234,4336,1,2.03907,1336,9936,10303,10.5633,51137,1336,1,0.845539,0.274012,1338,2322,2347,1,1.79359,0.521044,1336,5792,5920
2,13,84373,731343,822,208,1572,0.576838,0.757915,869,-1,ok,0,0,0,0,868,1,1,0.67429,824,1453,2583,1,0.778475,824,3092,6644,4.49738,22213,822,1,0.61535,0.239488,824,1065,1427,1,0.971215,0.409916,824,1955,3698
2,14,533139,449475,806,205,1042,0.259475,0.439371,843,-1,ok,0,0,0,0,842,1,1,0.518379,812,2387,2438,1,1.03925,812,5437,5663,4.65618,24850,806,1,0.418892,0.115656,812,1371,1396,1,0.957569,0.303006,812,3220,3302
2,15,800775,353868,725,182,840,0.459839,0.559997,736,-1,ok,0,0,0,0,735,1,1,0.64741,725,1192,1747,1,0.547022,725,2153,4600,1.09164,3662,725,1,0.532224,0.200354,725,911,1081,1,0.684047,0.24102,725,1485,2639
2,16,580536,834346,1638,416,514,0.338322,1.24456,1719,-1,ok,0,0,0,0,1718,1,1,1.67503,1638,5119,5269,1,2.79531,1638,12584,12959,11.7534,56131,1638,1,1.2905,0.506494,1638,2801,2851,1,2.28015,0.717241,1638,7038,7204
2,17,705977,179642,451,114,334,0.158195,0.315911,468,-1,ok,0,0,0,0,467,1,1,0.386691,451,1338,1573,1,0.842915,451,3318,4145,2.50609,12349,451,1,0.316241,0.099966,451,751,846,1,0.765389,0.242764,451,1893,2323
2,18,591189,502974,573,146,366,0.189693,0.428552,596,-1,ok,0,0,0,0,595,1,1,0.348831,577,1427,1921,1,0.590843,573,3213,4828,3.02097,17174,573,1,0.319045,0.10758,577,873,1041,1,0.663681,0.237744,573,1952,2711
2,19,696806,606078,410,106,365,0.083306,0.247554,439,-1,ok,0,0,0,0,438,1,1,0.19327,410,868,1340,1,0.340838,410,1724,3248,2.14278,10136,410,1,0.159327,0.044653,410,560,727,1,0.38049,0.128671,410,1124,1797
2,20,649644,351270,898,230,999,0.446012,0.891757,945,-1,ok,0,0,0,0,944,1,1,1.07985,900,2261,3053,1,1.00543,898,4745,7407,6.45439,27816,898,1,0.811246,0.351536,900,1358,1623,1,1.14699,0.450031,898,2937,4195
2,21,364679,647787,786,199,271,0.225191,0.782983,833,-1,ok,0,0,0,0,832,1,1,0.881026,786,2038,2386,1,1.00062,786,4516,5871,5.09357,24119,786,1,0.627943,0.244196,786,1242,1348,1,0.910863,0.326571,786,2596,3313
2,22,236480,558798,1348,343,555,0.296814,0.994319,1403,-1,ok,0,0,0,0,1402,1,1,1.10874,1352,4360,4449,1,2.07562,1350,10253,10511,12.4993,51938,1348,1,0.848837,0.293299,1352,2346,2365,1,1.76483,0.531444,1350,5862,5948
2,23,429002,590281,593,151,202,0.130385,0.426387,620,-1,ok,0,0,0,0,619,1,1,0.510303,593,1645,1978,1,0.807428,593,3649,4722,2.90483,14142,593,1,0.341968,0.116136,593,981,1096,1,0.702041,0.239698,593,2226,2724
2,24,732327,437963,2826,714,3210,1.13009,1.85488,2939,-1,ok,0,0,0,0,2938,1,1,2.66506,2828,8147,8640,1,4.32242,2826,19818,21382,16.3593,75758,2826,1,2.09535,0.806236,2828,4688,4818,1,3.81258,1.1438,2826,11987,12664
2,25,695045,573533,2638,667,3223,1.27762,1.86614,2741,-1,ok,0,0,0,0,2740,1,1,1.80113,2640,7393,7951,1,3.77741,2638,17869,19555,14.7252,70636,2638,1,1.77512,0.680551,2640,4284,4482,1,3.28432,1.04964,2638,10370,11230
2,26,653917,554134,819,209,1163,0.42346,0.569846,864,-1,ok,0,0,0,0,863,1,1,0.412971,821,2037,2694,1,0.756263,819,4342,6383,4.1207,22528,819,1,0.372126,0.105267,821,1267,1496,1,0.858974,0.287326,819,2765,3776
2,27,591152,758487,1441,364,769,0.355564,0.90486,1498,-1,ok,0,0,0,0,1497,1,1,1.08466,1441,4084,4589,1,2.09047,1441,9740,11267,11.8582,54336,1441,1,0.977767,0.32066,1441,2372,2538,1,1.91443,0.584923,1441,5733,6558
2,28,530231,797885,2838,717,1384,0.659652,2.05808,2949,-1,ok,0,0,0,0,2948,1,1,2.24347,2840,8328,8551,1,4.05629,2838,20168,20891,18.3502,87207,2838,1,2.10954,0.817898,2840,4715,4794,1,4.31498,1.30651,2838,11569,11898
2,29,461730,614781,2269,573,1162,0.844588,1.95566,2360,-1,ok,0,0,0,0,2359,1,1,2.27478,2271,7004,7314,1,3.53285,2269,16934,17990,14.9545,73263,2269,1,1.91264,0.774256,2271,3906,4013,1,3.09059,1.00541,2269,9718,10224
2,30,444980,608103,2053,521,2236,0.959163,1.68127,2142,-1,ok,0,0,0,0,2141,1,1,1.44974,2057,6304,6440,1,2.97854,2055,14883,15282,16.5784,77390,2053,1,1.26429,0.439911,2057,3509,3558,1,2.71113,0.817127,2055,8708,8880
2,31,625582,540051,1625,411,1212,0.658521,1.39536,1698,-1,ok,0,0,0,0,1697,1,1,1.27576,1631,4392,5192,1,1.98088,1631,10081,12410,11.8118,58442,1625,1,1.07468,0.403544,1631,2584,2863,1,1.91541,0.654723,1631,5863,7182
2,32,525321,196202,1187,301,1778,0.554688,0.816386,1256,-1,ok,0,0,0,0,1255,1,1,0.745834,1187,3478,3715,1,1.6982,1187,8705,9479,7.85078,39681,1187,1,0.614779,0.158646,1187,1997,2078,1,1.52759,0.456352,1187,4968,5300
2,33,478182,565842,1838,464,2562,0.904811,1.22786,1901,-1,ok,0,0,0,0,1900,1,1,1.59646,1840,5139,5947,1,2.46203,1838,12217,14498,11.2525,54134,1838,1,1.29925,0.495385,1840,2957,3216,1,2.22444,0.745132,1838,7028,8173
2,34,537719,542421,274,71,219,0.121036,0.216756,295,-1,ok,0,0,0,0,294,1,1,0.192871,274,866,1002,1,0.407061,274,2075,2489,0.999707,5199,274,1,0.130724,0.044574,274,478,530,1,0.340034,0.107621,274,1166,1369
2,35,606091,561377,46,12,33,0.020439,0.038311,49,-1,ok,0,0,0,0,48,1,1,0.052038,46,46,163,1,0.016471,46,46,416,0.028403,46,46,1,0.031719,0.013886,46,46,83,1,0.042067,0.019896,46,52,228
2,36,540484,237922,578,146,463,0.156192,0.420564,605,-1,ok,0,0,0,0,604,1,1,0.357748,578,1418,1714,1,0.669972,578,3300,4283,3.3644,14971,578,1,0.257361,0.067887,578,875,977,1,0.645817,0.21971,578,1946,2451
2,37,916340,481104,632,160,414,0.18711,0.547774,665,-1,ok,0,0,0,0,664,1,1,0.403935,634,1347,2033,1,0.620649,632,2758,4869,3.59103,14872,632,1,0.378005,0.121707,634,908,1153,1,0.701911,0.235621,632,1855,2939
2,38,547698,473617,2323,588,3427,0.967558,1.36607,2424,-1,ok,0,0,0,0,2423,1,1,2.03057,2325,6721,7496,1,3.32378,2323,16077,18417,15.5421,70722,2323,1,1.64679,0.605941,2325,3842,4123,1,2.9254,0.923966,2323,9332,10543
2,39,503531,560189,206,52,129,0.093224,0.175217,209,-1,ok,0,0,0,0,208,1,1,0.161052,206,396,644,1,0.208269,206,803,1554,1.00857,3507,206,1,0.10695,0.042871,206,273,367,1,0.179676,0.069601,206,514,880
2,40,528285,633179,2234,566,2630,0.792009,1.60293,2343,-1,ok,0,0,0,0,2342,1,1,1.93318,2236,6677,7109,1,3.40071,2234,16069,17357,15.3227,70518,2234,1,1.77132,0.708464,2236,3787,3941,1,3.04971,0.994437,2234,9336,10004
2,41,528291,124629,1240,315,1295,0.555077,1.00528,1319,-1,ok,0,0,0,0,1318,1,1,0.826564,1240,3547,3785,1,1.73666,1240,8623,9439,8.46251,40626,1240,1,0.712472,0.209883,1240,2053,2138,1,1.62873,0.46594,1240,4905,5316
2,42,218360,732318,1260,318,679,0.38028,1.10163,1317,-1,ok,0,0,0,0,1316,1,1,1.14363,1260,3378,3514,1,1.7848,1260,8351,8786,6.91183,36829,1260,1,0.955514,0.404426,1260,1981,2025,1,1.553,0.491097,1260,4770,4960
2,43,673429,646337,1726,437,1840,0.673978,1.22342,1789,-1,ok,0,0,0,0,1788,1,1,1.82101,1728,4703,5665,1,2.45607,1726,10812,13836,11.025,53246,1726,1,1.41822,0.583891,1728,2734,3039,1,2.08758,0.766041,1726,6364,7795
2,44,677903,545932,2495,632,3286,1.36616,1.88484,2598,-1,ok,0,0,0,0,2597,1,1,1.89753,2497,7413,7642,1,3.55322,2495,17996,18802,15.8073,79377,2495,1,1.66509,0.617794,2497,4179,4243,1,3.25097,0.972087,2495,10835,11153
2,45,599861,473157,116,30,240,0.160601,0.146995,125,-1,ok,0,0,0,0,124,1,1,0.116678,116,116,468,1,0.061956,116,116,1367,0.063388,116,116,1,0.093024,0.051295,116,116,239,1,0.131936,0.082113,116,116,709
2,46,771679,448047,942,239,1156,0.347589,0.751464,977,-1,ok,0,0,0,0,976,1,1,0.558362,948,2484,3063,1,1.21341,948,5958,7564,5.07368,26277,942,1,0.5248,0.161411,948,1472,1650,1,1.19978,0.394107,948,3423,4203
2,47,613652,373259,1541,390,1459,0.530733,0.852934,1610,-1,ok,0,0,0,0,1609,1,1,1.19898,1547,4457,4743,1,6.24232,1547,10718,11990,12.3492,61879,1541,1,1.16897,0.473886,1547,2611,2662,1,2.05735,0.668839,1547,6486,6756
2,48,559115,582478,645,162,653,0.277309,0.530688,652,-1,ok,0,0,0,0,651,1,1,0.528347,647,1812,2101,1,0.792571,647,4168,5143,1.68582,8597,645,1,0.330247,0.123441,647,1018,1105,1,0.726688,0.258363,647,2332,2758
2,49,138045,605112,1531,389,1645,0.525572,1.32112,1582,-1,ok,0,0,0,0,1581,1,1,1.58602,1535,4956,5067,1,2.49453,1533,11886,12196,12.318,57282,1531,1,1.11236,0.419113,1535,2672,2712,1,2.0757,0.649804,1533,6684,6811
2,50,715274,544491,2277,577,733,0.506996,1.754,2370,-1,ok,0,0,0,0,2369,1,1,2.16786,2279,6826,6920,1,3.46488,2277,16701,17050,15.7706,79200,2277,1,1.70593,0.663691,2279,3858,3875,1,3.09809,0.955304,2277,10084,10190
2,51,118518,621231,1297,329,1776,0.581737,1.11103,1346,-1,ok,0,0,0,0,1345,1,1,0.88312,1299,3695,4207,1,1.78108,1297,8559,10086,9.73345,47326,1297,1,0.792139,0.235259,1299,2152,2332,1,1.6924,0.530693,1297,5145,5931
2,52,560125,876072,607,155,532,0.21355,0.528527,650,-1,ok,0,0,0,0,649,1,1,0.44376,609,1772,1948,1,0.821956,607,3977,4538,3.57857,17204,607,1,0.359031,0.124032,609,1021,1079,1,0.773695,0.238375,607,2561,2735
2,53,457330,549752,200,52,75,0.075701,0.19255,211,-1,ok,0,0,0,0,210,1,1,0.16587,200,454,705,1,0.201786,200,973,1716,0.787532,3599,200,1,0.148007,0.058761,200,286,379,1,0.201866,0.08097,200,598,950
2,54,185650,870115,627,159,324,0.215312,0.588559,644,-1,ok,0,0,0,0,643,1,1,0.771651,627,1960,2157,1,1.20797,627,4736,5415,2.70043,11572,627,1,0.54499,0.197711,627,1068,1134,1,1.01838,0.303416,627,2686,2964
2,55,519871,693835,2142,542,718,0.418583,1.46706,2231,-1,ok,0,0,0,0,2230,1,1,1.87243,2144,6817,6920,1,3.31209,2142,16589,16902,14.4677,73105,2142,1,1.43417,0.501707,2144,3749,3788,1,2.83314,0.858734,2142,9426,9589
2,56,140914,484062,1346,341,1871,0.640686,0.99038,1391,-1,ok,0,0,0,0,1390,1,1,0.844087,1348,3685,4429,1,1.63048,1346,8428,10773,9.38145,47059,1346,1,0.777822,0.252642,1348,2179,2446,1,1.63379,0.530561,1346,5077,6275
2,57,630216,170691,1277,324,753,0.30518,0.735454,1322,-1,ok,0,0,0,0,1321,1,1,0.846381,1279,3982,4084,1,1.87859,1277,9375,9749,8.70378,42674,1277,1,0.693545,0.149899,1279,2215,2244,1,1.71918,0.459298,1277,5524,5681
2,58,686374,577768,450,115,506,0.217276,0.356356,475,-1,ok,0,0,0,0,474,1,1,0.290913,450,902,1461,1,0.380751,450,1743,3652,3.05723,11733,450,1,0.254886,0.087033,450,593,798,1,0.429653,0.166451,450,1145,2038
2,59,625714,607337,2167,549,1479,0.547122,1.15171,2262,-1,ok,0,0,0,0,2261,1,1,1.59922,2169,6687,6988,1,3.03938,2167,16043,16939,15.02,73254,2167,1,1.47181,0.54659,2169,3716,3819,1,2.80624,0.872982,2167,9203,9643
2,60,160386,877813,1001,254,449,0.27302,0.993677,1030,-1,ok,0,0,0,0,1029,1,1,0.918044,1001,3096,3385,1,1.75829,1001,7356,8284,5.08333,24866,1001,1,0.785928,0.243924,1001,1723,1825,1,1.50101,0.457735,1001,4197,4773
2,61,557207,713255,2128,538,689,0.449089,1.50123,2215,-1,ok,0,0,0,0,2214,1,1,1.94325,2130,6601,6775,1,3.18425,2128,15838,16361,15.0519,71776,2128,1,1.49972,0.570546,2130,3652,3706,1,2.71831,0.828007,2128,9060,9285
2,62,689095,577712,931,236,1072,0.469668,0.721408,970,-1,ok,0,0,0,0,969,1,1,0.656084,931,2420,2513,1,1.14071,931,5906,6263,6.15123,27410,931,1,0.46615,0.149719,931,1428,1453,1,0.972868,0.287677,931,3349,3501
2,63,118518,543922,1546,392,1412,0.635017,1.27884,1599,-1,ok,0,0,0,0,1598,1,1,1.53,1554,4690,4965,1,2.37041,1552,10995,11769,12.5642,54964,1546,1,1.24006,0.485927,1554,2634,2727,1,2.1466,0.691602,1552,6476,6870
2,64,743230,714700,454,115,261,0.159147,0.36407,475,-1,ok,0,0,0,0,474,1,1,0.32595,454,1112,1431,1,0.454819,454,2492,3472,1.22568,7262,454,1,0.267299,0.106649,454,679,778,1,0.498371,0.178013,454,1467,1920
2,65,451281,500222,1729,438,1941,0.836723,1.38266,1800,-1,ok,0,0,0,0,1799,1,1,1.47822,1731,4953,5603,1,2.70544,1729,11728,13630,10.8503,53341,1729,1,1.458,0.58326,1731,2822,3025,1,2.35868,0.822036,1729,6782,7698
2,66,87326,638815,783,198,435,0.302586,0.855117,840,-1,ok,0,0,0,0,839,1,1,0.702542,783,1983,2411,1,1.06457,783,4536,6177,4.34782,21613,783,1,0.578572,0.212177,783,1233,1361,1,0.991553,0.372977,783,2560,3385
2,67,873089,178288,543,139,139,0.180647,0.606072,570,-1,ok,0,0,0,0,569,1,1,0.728011,543,1665,2082,1,1.06769,543,4107,5491,1.99494,8868,543,1,0.51469,0.200133,543,906,1034,1,1.09063,0.436527,543,2276,2884
2,68,540231,698411,324,83,145,0.125144,0.317163,343,-1,ok,0,0,0,0,342,1,1,0.382334,324,892,1080,1,0.523739,324,2245,2786,2.65103,11259,324,1,0.253895,0.114194,324,513,576,1,0.434161,0.164888,324,1227,1478
2,69,608054,502046,428,107,511,0.227034,0.3419,439,-1,ok,0,0,0,0,438,1,1,0.403052,428,1175,1352,1,0.547583,428,2585,3227,2.09125,9740,428,1,0.285372,0.114584,428,697,760,1,0.491218,0.158036,428,1559,1859
2,70,551981,134941,1142,289,704,0.444119,0.982093,1211,-1,ok,0,0,0,0,1210,1,1,1.26615,1142,3307,3653,1,1.69777,1142,7680,8893,8.45408,37155,1142,1,0.970533,0.419003,1142,1885,2000,1,1.52894,0.49734,1142,4423,4975
2,71,463217,908917,606,153,201,0.181147,0.591675,639,-1,ok,0,0,0,0,638,1,1,0.625329,608,1317,1914,1,0.666494,606,2545,4598,3.23895,15134,606,1,0.491988,0.208238,608,875,1080,1,0.676073,0.264896,606,1637,2779
2,72,633916,540912,2768,701,2701,0.994348,1.91546,2881,-1,ok,0,0,0,0,2880,1,1,2.45506,2776,8191,8353,1,4.77452,2774,19920,20346,16.4932,78468,2768,1,2.60473,0.881176,2776,4647,4708,1,6.28198,1.70659,2774,12038,12270
2,73,797852,552425,1119,283,1345,0.689909,0.980582,1162,-1,ok,0,0,0,0,1161,1,1,0.721578,1119,2405,3004,1,1.10837,1119,5507,7524,5.51744,25862,1119,1,0.634025,0.247353,1119,1550,1768,1,1.19643,0.370281,1119,3755,4706
2,74,746160,847884,1478,374,480,0.358118,1.15782,1539,-1,ok,0,0,0,0,1538,1,1,1.614,1478,4518,4730,1,2.53448,1478,10953,11668,11.617,53994,1478,1,1.32151,0.538036,1478,2546,2616,1,2.03827,0.632511,1478,6260,6713
2,75,759766,548195,703,179,732,0.236642,0.48187,742,-1,ok,0,0,0,0,741,1,1,0.493131,705,1662,2260,1,0.709495,703,3479,5301,3.39085,16496,703,1,0.392443,0.132487,705,1071,1277,1,0.772804,0.254045,703,2279,3179
2,76,413741,394099,778,197,716,0.333032,0.699708,813,-1,ok,0,0,0,0,812,1,1,0.694498,784,2420,2626,1,0.839558,778,4355,6748,3.92106,20512,778,1,0.548526,0.204834,784,1385,1404,1,0.969542,0.327352,778,2934,3699
2,77,913394,471896,1104,281,1428,0.390299,0.90973,1143,-1,ok,0,0,0,0,1142,1,1,0.969371,1104,3019,3637,1,1.56593,1104,7099,8841,9.2998,44041,1104,1,0.816587,0.296474,1104,1754,1943,1,1.46388,0.494444,1104,4067,4898
2,78,652297,501706,101,26,26,0.045996,0.098604,106,-1,ok,0,0,0,0,105,1,1,0.092392,101,101,416,1,0.038923,101,101,1262,0.053633,101,101,1,0.075591,0.042589,101,101,204,1,0.140943,0.089487,101,101,620
2,79,528306,440834,2348,594,3421,0.996672,1.66189,2451,-1,ok,0,0,0,0,2450,1,1,1.94548,2350,6830,7579,1,3.50216,2348,16434,18806,15.1248,70725,2348,1,1.74701,0.66884,2350,3911,4193,1,3.12183,1.04704,2348,9551,10780
2,80,579216,344905,687,173,498,0.337731,0.63716,712,-1,ok,0,0,0,0,711,1,1,0.582788,693,1982,2316,1,0.702643,687,3103,6008,3.60691,18817,687,1,0.51933,0.201316,693,1181,1241,1,0.903137,0.359771,687,2319,3301
2,81,291425,565940,613,157,571,0.25208,0.629116,648,-1,ok,0,0,0,0,647,1,1,0.504392,619,1465,1747,1,0.722551,619,3210,4221,4.22309,22156,613,1,0.404126,0.144892,619,916,1020,1,0.679129,0.213529,619,1992,2510
2,82,560203,166249,1334,337,1245,0.543996,1.09355,1379,-1,ok,0,0,0,0,1378,1,1,1.14316,1336,3816,4309,1,1.86674,1334,8754,10212,8.37247,39639,1334,1,0.903088,0.317784,1336,2160,2333,1,1.73446,0.55651,1334,5150,5944
2,83,725367,601383,506,130,305,0.183553,0.396561,533,-1,ok,0,0,0,0,532,1,1,0.381883,506,1316,1604,1,0.559445,506,3002,3857,2.61029,13653,506,1,0.270696,0.087614,506,772,862,1,0.550768,0.190004,506,1722,2123
2,84,690950,626446,632,161,773,0.302876,0.391732,659,-1,ok,0,0,0,0,658,1,1,0.365182,632,1286,1594,1,0.56211,632,3159,4151,2.09421,11509,632,1,0.296845,0.114594,632,849,964,1,0.587267,0.199994,632,1867,2401
2,85,885107,623720,1723,437,572,0.314297,1.09943,1800,-1,ok,0,0,0,0,1799,1,1,1.47583,1723,5354,5599,1,2.60492,1723,12918,13730,13.8881,69467,1723,1,1.30019,0.490326,1723,2954,3046,1,2.30427,0.745903,1723,7294,7709
2,86,452862,582210,1864,471,602,0.35898,1.25724,1941,-1,ok,0,0,0,0,1940,1,1,1.54758,1866,5743,6059,1,2.79496,1864,13701,14903,11.2054,55382,1864,1,1.31918,0.512658,1866,3170,3281,1,2.4457,0.789606,1864,7860,8408
2,87,643668,475109,189,48,343,0.19796,0.200766,202,-1,ok,0,0,0,0,201,1,1,0.08585,189,189,693,1,0.067246,189,189,1796,0.073127,189,189,1,0.083136,0.030147,189,189,372,1,0.165839,0.076743,189,216,1022
2,88,72436,674500,1030,261,365,0.287337,0.884942,1087,-1,ok,0,0,0,0,1086,1,1,0.904019,1030,3048,3175,1,1.62748,1030,7589,7979,7.68625,37614,1030,1,0.718401,0.243926,1030,1742,1781,1,1.45911,0.443227,1030,4269,4439
2,89,868641,853704,37,9,23,0.019567,0.042078,38,-1,ok,0,0,0,0,37,1,1,0.032581,37,37,136,1,0.011722,37,38,411,0.012904,37,37,1,0.018724,0.007965,37,37,71,1,0.03237,0.018795,37,37,209
2,90,644709,548157,2038,515,3145,0.890935,1.5309,2137,-1,ok,0,0,0,0,2136,1,1,1.78683,2040,5922,6563,1,2.84262,2038,14079,16083,16.0352,70826,2038,1,1.4967,0.568483,2040,3400,3637,1,2.58615,0.821214,2038,8277,9319
2,91,582005,373594,1217,309,476,0.241331,0.81388,1290,-1,ok,0,0,0,0,1289,1,1,0.902026,1217,3644,3727,1,1.84651,1217,8813,9062,9.75268,45309,1217,1,0.733361,0.204953,1217,2038,2063,1,1.56242,0.447195,1217,5008,5104
2,92,677416,621320,2042,517,2308,0.761684,1.19065,2135,-1,ok,0,0,0,0,2134,1,1,1.64294,2044,6208,6493,1,3.03605,2042,15002,15924,15.3877,70315,2042,1,1.31846,0.436766,2044,3491,3595,1,2.70201,0.817191,2042,8695,9180
2,93,705859,580720,219,56,83,0.064801,0.106529,238,-1,ok,0,0,0,0,237,1,1,0.093871,219,301,751,1,0.089813,219,363,1899,0.265916,1257,219,1,0.084243,0.027783,219,238,397,1,0.183888,0.071203,219,331,1008
2,94,431412,580719,607,154,184,0.110963,0.365673,634,-1,ok,0,0,0,0,633,1,1,0.406234,607,1540,2007,1,0.764142,607,3524,5066,3.57558,17721,607,1,0.349779,0.122865,607,890,1058,1,0.680171,0.232243,607,1996,2674
2,95,437348,552419,661,168,1133,0.300117,0.300291,686,-1,ok,0,0,0,0,685,1,1,0.458979,663,1641,2249,1,0.748267,661,3746,5832,3.0986,18299,661,1,0.380936,0.134967,663,981,1201,1,0.868403,0.3451,661,2246,3218
2,96,758271,503460,743,188,843,0.312794,0.598784,774,-1,ok,0,0,0,0,773,1,1,0.547202,745,1713,2404,1,0.739235,743,3548,5719,3.79976,18490,743,1,0.46035,0.175813,745,1120,1363,1,0.84045,0.299209,743,2362,3443
2,97,868701,479347,1176,300,1372,0.382816,0.921597,1227,-1,ok,0,0,0,0,1226,1,1,1.07964,1176,3275,3892,1,1.64471,1176,7668,9441,9.72291,45874,1176,1,0.899748,0.326077,1176,1880,2070,1,1.52099,0.504572,1176,4399,5246
2,98,562097,501182,3169,800,4861,1.4173,1.85699,3270,-1,ok,0,0,0,0,3269,1,1,2.39807,3173,9100,9615,1,4.29223,3171,21260,23604,14.487,74431,3169,1,2.1369,0.818909,3173,5180,5372,1,4.76978,1.36163,3171,12362,13985
2,99,278199,257290,49,13,41,0.030105,0.065552,54,-1,ok,0,0,0,0,53,1,1,0.022122,49,49,202,1,0.018325,49,49,564,0.014277,49,49,1,0.019927,0.008326,49,49,97,1,0.042048,0.022902,49,49,286
2,100,570049,534288,47,13,85,0.063859,0.068237,58,-1,ok,0,0,0,0,57,1,1,0.042058,47,47,208,1,0.020768,47,47,528,0.022501,47,47,1,0.065031,0.041507,47,47,100,1,0.056265,0.02689,47,47,280
2,101,541954,728137,425,109,381,0.179085,0.435243,450,-1,ok,0,0,0,0,449,1,1,0.302134,425,1150,1386,1,0.554316,425,2666,3363,1.98487,10772,425,1,0.217376,0.056164,425,668,745,1,0.48186,0.145733,425,1474,1785
2,102,215378,85837,389,99,276,0.146974,0.36408,420,-1,ok,0,0,0,0,419,1,1,0.32115,389,976,1098,1,0.458167,389,2180,2753,0.98491,5539,389,1,0.211996,0.073959,389,625,649,1,0.437607,0.151323,389,1356,1609
2,103,589928,544726,2226,564,1356,0.655735,1.56065,2325,-1,ok,0,0,0,0,2324,1,1,1.84799,2228,6938,7223,1,3.2724,2226,16696,17626,15.0053,73866,2226,1,1.59877,0.629336,2228,3839,3926,1,2.878,0.899681,2226,9506,9910
2,104,541522,549453,805,204,1037,0.390468,0.591735,830,-1,ok,0,0,0,0,829,1,1,0.406529,805,1566,2172,1,0.671134,805,3557,5522,7.48774,23643,805,1,0.365643,0.136033,805,1054,1269,1,0.80784,0.247954,805,2660,3591
2,105,502684,483770,978,247,1449,0.39664,0.483233,1015,-1,ok,0,0,0,0,1014,1,1,0.474136,978,2451,2546,1,1.09105,978,6381,6629,5.64193,30698,978,1,0.399696,0.119202,978,1498,1520,1,1.10123,0.312683,978,4083,4186
2,106,185739,464682,1225,311,1669,0.633533,1.02481,1272,-1,ok,0,0,0,0,1271,1,1,1.12797,1227,3446,4228,1,1.70504,1225,8079,10514,10.3977,44382,1225,1,0.927282,0.348241,1227,2001,2282,1,1.55309,0.539418,1225,4726,5966
2,107,564997,595611,2276,574,3163,0.849436,1.3714,2365,-1,ok,0,0,0,0,2364,1,1,1.77014,2280,7056,7159,1,3.31074,2278,16924,17193,11.8765,58396,2276,1,1.5638,0.576106,2280,3877,3909,1,2.93432,0.923375,2278,9673,9744
2,108,589155,636201,2476,627,817,0.508098,1.85691,2579,-1,ok,0,0,0,0,2578,1,1,2.00013,2478,7151,7476,1,3.67626,2476,17469,18407,15.4025,70451,2476,1,1.96489,0.768435,2478,4115,4230,1,3.52905,1.03064,2476,10174,10661
2,109,531285,901687,2128,537,1328,0.689217,1.80464,2211,-1,ok,0,0,0,0,2210,1,1,2.43045,2128,6396,6750,1,3.5698,2128,15505,16617,14.7948,68196,2128,1,1.83534,0.746986,2128,3619,3743,1,2.94785,0.910662,2128,8927,9572
2,110,732706,576220,224,56,259,0.14449,0.244849,241,-1,ok,0,0,0,0,240,1,1,0.163135,224,645,736,1,0.284841,224,1461,1816,0.677817,3123,224,1,0.116167,0.038784,224,372,395,1,0.270455,0.085941,224,854,1004
2,111,109733,638731,1000,253,882,0.303186,0.922493,1067,-1,ok,0,0,0,0,1066,1,1,0.799924,1000,2778,3097,1,1.45084,1000,6904,7805,6.82831,35200,1000,1,0.705598,0.245709,1000,1627,1746,1,1.35133,0.436335,1000,3907,4404
2,112,662568,191645,835,212,506,0.226554,0.651157,892,-1,ok,0,0,0,0,891,1,1,0.549596,835,2424,2570,1,1.20691,835,5921,6459,8.26362,33636,835,1,0.441315,0.105057,835,1393,1444,1,1.10723,0.323043,835,3406,3686
2,113,374965,759941,1238,314,772,0.323133,0.86185,1289,-1,ok,0,0,0,0,1288,1,1,1.2928,1238,3530,3961,1,1.89642,1238,8207,9589,8.68617,43838,1238,1,0.882909,0.291374,1238,2050,2194,1,1.67558,0.507878,1238,4877,5578
2,114,719164,27693,1169,297,401,0.214371,0.751044,1254,-1,ok,0,0,0,0,1253,1,1,1.08247,1171,3484,3613,1,2.01487,1169,8593,9085,8.32755,40737,1169,1,0.955516,0.345216,1171,1985,2024,1,1.69671,0.533086,1171,4917,5096
2,115,752294,934231,163,42,237,0.121307,0.209732,168,-1,ok,0,0,0,0,167,1,1,0.29415,163,519,553,1,0.299358,163,1239,1404,0.344904,1566,163,1,0.183172,0.073077,163,289,303,1,0.237535,0.073388,163,748,813
2,116,655535,844782,573,146,310,0.131727,0.492891,606,-1,ok,0,0,0,0,605,1,1,0.545549,575,1650,1824,1,0.738059,573,3593,4260,3.58905,16115,573,1,0.335126,0.120936,575,947,1004,1,0.702283,0.212388,573,2293,2537
2,117,474798,607811,1695,429,2296,0.644354,1.30829,1768,-1,ok,0,0,0,0,1767,1,1,1.59622,1697,4829,5379,1,2.33387,1695,11276,12926,13.6431,63777,1695,1,1.20495,0.441383,1697,2800,2990,1,2.08201,0.647801,1695,6790,7616
2,118,913321,352359,1830,464,1018,0.507077,1.3935,1925,-1,ok,0,0,0,0,1924,1,1,1.73415,1842,5747,6057,1,2.67657,1836,12585,15337,13.8724,67065,1830,1,1.45235,0.534359,1842,3222,3278,1,2.59314,0.84087,1836,7559,8521
2,119,458475,638815,192,50,198,0.108883,0.140863,215,-1,ok,0,0,0,0,214,1,1,0.119584,192,343,752,1,0.129592,192,543,2028,0.181098,941,192,1,0.100698,0.032642,192,256,375,1,0.200444,0.099475,192,275,1003
2,120,185587,899904,797,204,1109,0.297476,0.638433,844,-1,ok,0,0,0,0,843,1,1,0.555918,803,2300,2636,1,1.19903,803,5419,6495,6.70995,28653,797,1,0.478695,0.110767,803,1292,1418,1,1.1523,0.329706,803,3136,3609
2,121,660993,722496,1439,365,467,0.211254,0.815745,1514,-1,ok,0,0,0,0,1513,1,1,0.821866,1445,3792,4600,1,1.66672,1445,8801,11481,10.2422,49024,1439,1,0.780338,0.222857,1445,2258,2524,1,1.70543,0.557331,1445,5208,6474
2,122,587664,590978,396,101,656,0.271337,0.255678,403,-1,ok,0,0,0,0,402,1,1,0.18156,396,621,1034,1,0.262791,396,1331,2988,0.501276,2903,396,1,0.153466,0.062577,396,486,625,1,0.288318,0.117951,396,740,1671
2,123,227425,627948,1391,353,1236,0.325638,0.847403,1454,-1,ok,0,0,0,0,1453,1,1,0.798541,1391,3653,3923,1,1.71039,1391,9160,10003,10.0121,48375,1391,1,0.71755,0.217085,1391,2170,2275,1,1.61333,0.483514,1391,5236,5728
2,124,404568,507174,380,95,368,0.161231,0.289402,391,-1,ok,0,0,0,0,390,1,1,0.235069,380,655,729,1,0.287957,380,1279,2357,0.892787,4446,380,1,0.166031,0.067817,380,475,503,1,0.301053,0.111849,380,784,1315
2,125,234885,555140,1077,272,585,0.20832,0.50846,1126,-1,ok,0,0,0,0,1125,1,1,0.611794,1077,2949,3378,1,1.30729,1077,7163,8658,7.68225,38485,1077,1,0.546601,0.151992,1077,1726,1872,1,1.29811,0.412521,1077,4089,4794
2,126,379198,738927,1657,418,1687,0.44966,1.08208,1734,-1,ok,0,0,0,0,1733,1,1,1.25917,1663,4645,5412,1,2.35393,1657,11217,13802,10.4671,50465,1657,1,1.10774,0.374349,1663,2692,2942,1,2.23495,0.734493,1657,6509,7726
2,127,516377,549670,2291,580,3258,0.997645,1.26448,2400,-1,ok,0,0,0,0,2399,1,1,1.76427,2293,6789,7420,1,3.24892,2291,16437,18388,14.6165,70659,2291,1,1.49229,0.521013,2293,3861,4080,1,3.02923,0.975352,2291,9513,10482
2,128,346621,479141,772,196,1484,0.553595,0.608817,813,-1,ok,0,0,0,0,812,1,1,0.575706,772,2341,2489,1,1.01601,772,5555,6165,4.52188,23874,772,1,0.424181,0.140452,772,1304,1329,1,0.9527,0.305341,772,3173,3398
2,129,380939,508659,970,245,1644,0.516996,0.796688,1011,-1,ok,0,0,0,0,1010,1,1,0.58896,970,2152,2615,1,0.899521,970,4734,6927,3.61064,20262,970,1,0.576616,0.221072,970,1365,1540,1,1.03659,0.360354,970,2782,4342
2,130,549667,582479,32,9,24,0.021049,0.04257,39,-1,ok,0,0,0,0,38,1,1,0.035144,32,32,144,1,0.014958,32,32,448,0.022081,32,32,1,0.030346,0.018124,32,32,68,1,0.037611,0.023965,32,32,208
2,131,231944,556389,1377,348,460,0.264012,0.704126,1440,-1,ok,0,0,0,0,1439,1,1,0.950295,1377,3681,3797,1,1.79478,1377,9312,9632,9.34582,47464,1377,1,0.785769,0.234168,1377,2190,2236,1,1.63071,0.475358,1377,5362,5567
2,132,444980,143997,639,163,457,0.158746,0.47676,690,-1,ok,0,0,0,0,689,1,1,0.371305,639,1625,1836,1,0.724334,639,3714,4450,2.51381,14571,639,1,0.305932,0.083366,639,1002,1070,1,0.691862,0.218157,639,2239,2583
2,133,553121,561095,2824,714,2406,0.961676,1.49378,2931,-1,ok,0,0,0,0,2930,1,1,2.48188,2828,8678,9023,1,4.03257,2826,20794,21989,15.182,73309,2824,1,1.95871,0.730996,2828,4777,4912,1,3.61381,1.16775,2826,11772,12382
2,134,557186,599599,2595,656,3594,1.38963,1.71548,2698,-1,ok,0,0,0,0,2697,1,1,1.63888,2597,7579,7848,1,3.51557,2595,18414,19271,16.4595,80846,2595,1,1.59065,0.565906,2597,4287,4395,1,3.28565,0.971545,2595,10575,11070
2,135,752223,476482,939,238,737,0.365272,0.886868,986,-1,ok,0,0,0,0,985,1,1,0.737118,945,2693,2968,1,1.36364,945,6481,7232,4.80655,25957,939,1,0.579662,0.201676,945,1546,1644,1,1.22608,0.375192,945,3790,4161
2,136,668229,470670,2659,673,843,0.553373,1.72595,2768,-1,ok,0,0,0,0,2767,1,1,2.19632,2661,7395,8073,1,3.82238,2659,17820,19955,15.3037,70689,2659,1,1.9101,0.712361,2661,4296,4549,1,3.36703,1.0084,2659,10855,11959
2,137,328875,564452,195,50,104,0.100768,0.234007,208,-1,ok,0,0,0,0,207,1,1,0.158847,195,342,717,1,0.146833,195,547,1666,0.182481,898,195,1,0.109173,0.040185,195,243,367,1,0.228938,0.107672,195,389,1004
2,138,642157,729840,1731,439,2880,1.03696,1.36764,1802,-1,ok,0,0,0,0,1801,1,1,1.04241,1733,4576,5676,1,1.96113,1731,10468,13917,11.2212,53712,1731,1,0.969932,0.312313,1733,2714,3060,1,1.99394,0.689489,1731,6226,7910
2,139,90305,752572,987,250,936,0.306994,0.76557,1016,-1,ok,0,0,0,0,1015,1,1,0.826945,989,3153,3391,1,1.51811,987,6511,8466,4.1562,21023,987,1,0.732217,0.21925,989,1747,1833,1,1.45307,0.456813,987,3783,4804
2,140,540469,868590,1095,278,1545,0.453246,0.833508,1170,-1,ok,0,0,0,0,1169,1,1,0.946769,1101,3234,3521,1,1.72552,1101,7885,8791,9.30164,38391,1095,1,0.709205,0.191197,1101,1822,1935,1,1.49625,0.434231,1101,4593,4988
2,141,554237,542468,341,88,242,0.125345,0.288489,360,-1,ok,0,0,0,0,359,1,1,0.281576,343,912,1047,1,0.375522,343,1967,2356,1.4743,5867,341,1,0.202719,0.086021,343,551,599,1,0.350594,0.121547,343,1194,1372
2,142,552875,544670,2521,638,1425,0.536482,1.65556,2628,-1,ok,0,0,0,0,2627,1,1,2.00121,2525,7624,7993,1,3.56813,2523,18105,19283,14.4073,73344,2521,1,1.7421,0.659592,2525,4241,4377,1,3.18032,1.00709,2523,10394,10990
2,143,489779,135045,582,148,229,0.15518,0.514021,635,-1,ok,0,0,0,0,634,1,1,0.332261,582,1513,1723,1,0.701821,582,3549,4287,2.84686,15398,582,1,0.271136,0.067575,582,924,992,1,0.673168,0.201758,582,2135,2482
2,144,684986,321427,899,227,319,0.148608,0.53558,962,-1,ok,0,0,0,0,961,1,1,0.525602,899,2320,2733,1,1.16196,899,5471,6791,7.8759,34162,899,1,0.500575,0.138028,899,1401,1552,1,1.13844,0.32194,899,3192,3925
2,145,551199,39629,1264,323,379,0.286064,0.991964,1323,-1,ok,0,0,0,0,1322,1,1,1.33733,1268,4246,4343,1,2.28534,1264,9987,10762,9.3775,39964,1264,1,1.00959,0.380701,1268,2247,2273,1,1.90378,0.614979,1266,5851,5980
2,146,161784,518507,1403,355,1434,0.440424,1.03816,1452,-1,ok,0,0,0,0,1451,1,1,0.979859,1405,4082,4521,1,1.93545,1403,9472,10778,10.2777,50296,1403,1,0.943422,0.316851,1405,2339,2484,1,1.7746,0.520422,1403,5631,6292
2,147,916310,555655,611,154,436,0.199633,0.389476,638,-1,ok,0,0,0,0,637,1,1,0.309088,613,1405,1965,1,0.617253,611,3011,4715,2.61083,14115,611,1,0.29977,0.087724,613,915,1111,1,0.666033,0.204691,611,1965,2815
2,148,358724,558670,1036,264,320,0.16059,0.4767,1077,-1,ok,0,0,0,0,1076,1,1,0.636629,1038,3271,3427,1,1.57571,1036,7824,8292,7.89021,39297,1036,1,0.555718,0.145982,1038,1833,1872,1,1.36686,0.400567,1036,4576,4787
2,149,491303,659590,417,106,406,0.185828,0.399396,428,-1,ok,0,0,0,0,427,1,1,0.464228,417,1317,1434,1,0.700319,417,3210,3580,2.45754,13217,417,1,0.351285,0.125705,417,734,771,1,0.601654,0.179635,417,1868,2036
2,150,551910,879052,1906,483,1821,0.701571,1.42691,1991,-1,ok,0,0,0,0,1990,1,1,1.90813,1912,5445,5767,1,3.10669,1912,13575,14504,12.7482,55146,1906,1,1.45891,0.585414,1912,3115,3219,1,2.53288,0.790645,1912,7758,8222
2,151,548928,513895,2545,644,3149,1.05941,1.43883,2650,-1,ok,0,0,0,0,2649,1,1,1.81939,2547,7094,7774,1,3.50857,2545,17129,19257,14.6781,70674,2545,1,1.84747,0.76539,2547,4135,4371,1,3.27114,1.04035,2545,10494,11544
2,152,544907,516738,841,212,609,0.288158,0.73337,894,-1,ok,0,0,0,0,893,1,1,0.450561,847,2176,2533,1,0.971877,847,5014,5987,5.49013,25710,841,1,0.397553,0.109574,847,1309,1435,1,0.950055,0.278941,847,3043,3526
2,153,596621,550078,3073,777,2411,0.930137,1.60878,3184,-1,ok,0,0,0,0,3183,1,1,2.21635,3077,8864,9349,1,4.49086,3075,21333,22888,18.6504,87684,3073,1,2.04429,0.74914,3077,5077,5244,1,3.89392,1.16374,3075,12895,13663
2,154,457377,679268,965,245,725,0.434713,0.833507,1014,-1,ok,0,0,0,0,1013,1,1,0.664809,971,3049,3140,1,1.40312,969,7117,7431,5.02472,27753,965,1,0.679069,0.280634,971,1703,1735,1,1.30091,0.414676,969,4247,4361
2,155,888007,738901,148,37,77,0.058961,0.131707,155,-1,ok,0,0,0,0,154,1,1,0.141464,148,477,506,1,0.227405,148,1046,1246,0.596285,3181,148,1,0.07998,0.027131,148,255,261,1,0.189604,0.060774,148,650,696
2,156,557446,245356,1550,392,483,0.370973,1.1595,1601,-1,ok,0,0,0,0,1600,1,1,1.29675,1554,4819,5106,1,2.26681,1552,11280,12071,7.59277,40658,1550,1,0.984609,0.32642,1554,2640,2731,1,2.04187,0.645036,1552,6466,6881
2,157,269058,233403,285,73,157,0.110597,0.251541,300,-1,ok,0,0,0,0,299,1,1,0.267439,285,603,810,1,0.297936,285,1341,2065,0.720746,3379,285,1,0.206556,0.0854,285,391,464,1,0.271307,0.111909,285,801,1173
2,158,561143,482354,629,160,869,0.334415,0.509152,652,-1,ok,0,0,0,0,651,1,1,0.520343,629,1287,2029,1,0.580163,629,2525,4961,4.34841,17927,629,1,0.430104,0.177372,629,829,1102,1,0.678718,0.271616,629,1637,2834
2,159,476616,512534,204,53,212,0.088716,0.15003,231,-1,ok,0,0,0,0,230,1,1,0.188451,204,450,707,1,0.207478,204,903,1674,1.08722,6051,204,1,0.113932,0.044843,204,296,384,1,0.196637,0.078647,204,531,918
2,160,651112,289929,1373,349,1415,0.461382,0.802529,1434,-1,ok,0,0,0,0,1433,1,1,1.0119,1375,4022,4378,1,1.92922,1373,9326,10470,9.04864,45876,1373,1,0.873312,0.265015,1375,2281,2408,1,1.77132,0.539197,1373,5486,6099
2,161,728484,372110,264,68,75,0.075521,0.135885,273,-1,ok,0,0,0,0,272,1,1,0.10203,264,264,1058,1,0.117479,264,269,2916,0.097933,309,264,1,0.157914,0.041737,264,264,526,1,0.290373,0.141024,264,264,1509
2,162,569402,643340,2200,556,974,0.382856,1.08696,2291,-1,ok,0,0,0,0,2290,1,1,1.519,2204,6586,7017,1,2.8991,2202,15428,16995,10.5083,55450,2200,1,1.28148,0.430654,2204,3641,3790,1,2.68323,0.823558,2202,8817,9550
2,163,148333,409238,245,64,245,0.108462,0.207427,278,-1,ok,0,0,0,0,277,1,1,0.12853,245,364,757,1,0.163756,245,746,1858,0.284061,1531,245,1,0.120225,0.03737,245,284,443,1,0.232945,0.100408,245,469,1170
2,164,464750,373454,1640,416,559,0.319717,0.767764,1711,-1,ok,0,0,0,0,1710,1,1,1.05928,1642,4951,5312,1,2.35157,1640,11912,12904,9.7454,51643,1640,1,0.940888,0.292106,1642,2767,2905,1,2.11926,0.65253,1640,6822,7408
2,165,355695,858397,800,202,350,0.184485,0.595383,819,-1,ok,0,0,0,0,818,1,1,0.617744,800,2452,2703,1,1.27608,800,5814,6584,3.45632,18252,800,1,0.498069,0.123301,800,1390,1466,1,1.15662,0.311863,800,3413,3823
2,166,671610,490121,1975,498,2542,0.67455,0.987224,2054,-1,ok,0,0,0,0,2053,1,1,1.40862,1977,6175,6353,1,3.10031,1975,15012,15658,17.9907,76395,1975,1,1.24141,0.420926,1977,3415,3475,1,2.63651,0.776582,1975,8645,8934
2,167,620032,817899,1017,258,1221,0.360945,0.603868,1066,-1,ok,0,0,0,0,1065,1,1,0.661897,1021,2872,3166,1,1.15908,1019,6338,7212,5.4947,27881,1017,1,0.490737,0.141905,1021,1622,1727,1,1.15143,0.362307,1019,3855,4227
2,168,475138,561483,915,232,881,0.277459,0.469397,954,-1,ok,0,0,0,0,953,1,1,0.533808,917,2722,3023,1,1.1181,915,6129,7014,5.47464,30334,915,1,0.470018,0.13363,917,1512,1611,1,1.08931,0.359873,915,3628,4058
2,169,677523,564943,2418,612,765,0.4334,1.44636,2521,-1,ok,0,0,0,0,2520,1,1,2.00679,2422,7302,7663,1,3.77085,2420,17399,18580,19.8245,84521,2418,1,1.86606,0.728811,2422,4093,4211,1,3.16623,0.973438,2420,10084,10628
2,170,547139,894242,1009,256,639,0.334786,0.809763,1052,-1,ok,0,0,0,0,1051,1,1,0.635608,1011,2984,3025,1,1.31301,1011,6777,7081,3.5529,19650,1009,1,0.461742,0.118982,1011,1658,1670,1,1.19374,0.330237,1011,3994,4055
2,171,513656,703356,1488,379,1306,0.585263,1.19813,1549,-1,ok,0,0,0,0,1548,1,1,1.34997,1490,4640,4732,1,2.46634,1488,11133,11389,13.4052,57709,1488,1,1.0694,0.388085,1490,2596,2631,1,2.08383,0.617954,1488,6498,6636
2,172,561653,646343,1780,451,2257,0.79201,1.2723,1845,-1,ok,0,0,0,0,1844,1,1,1.08143,1782,4802,5767,1,2.02342,1780,11010,14027,10.2737,53602,1780,1,1.02597,0.358951,1782,2805,3109,1,2.05989,0.699627,1780,6522,7932
2,173,452860,580211,2703,683,4083,1.42506,1.44609,2810,-1,ok,0,0,0,0,2809,1,1,2.02937,2705,8073,8318,1,3.81558,2703,19822,20570,15.7189,80816,2703,1,1.80472,0.66413,2705,4540,4636,1,3.46056,1.0803,2703,11327,11770
2,174,457346,589806,992,253,709,0.378668,0.650065,1043,-1,ok,0,0,0,0,1042,1,1,0.592958,994,3048,3326,1,1.33196,992,7071,7898,6.14084,29685,992,1,0.530932,0.131144,994,1686,1776,1,1.2816,0.426677,992,4094,4510
2,175,125970,564306,414,104,396,0.211644,0.400528,443,-1,ok,0,0,0,0,442,1,1,0.30604,414,1013,1302,1,0.531733,414,2275,3349,1.29925,5306,414,1,0.266809,0.082243,414,625,727,1,0.526673,0.173713,414,1400,1882
2,176,432903,536123,1450,367,1102,0.389969,1.12551,1527,-1,ok,0,0,0,0,1526,1,1,1.26491,1456,4184,4587,1,2.02531,1456,10164,11255,11.7785,48138,1450,1,0.999707,0.353731,1456,2373,2510,1,1.81631,0.565416,1456,5782,6413
2,177,586708,335970,692,176,735,0.326009,0.527284,719,-1,ok,0,0,0,0,718,1,1,0.368278,692,1557,2401,1,0.66869,692,3362,6147,3.52263,19204,692,1,0.377184,0.116839,692,983,1267,1,0.751514,0.27855,692,1988,3271
2,178,127595,700137,422,108,108,0.109013,0.41184,435,-1,ok,0,0,0,0,434,1,1,0.397573,422,897,1657,1,0.558263,422,1928,4494,1.03316,4133,422,1,0.343552,0.108814,422,577,822,1,0.635979,0.268372,422,1160,2358
2,179,538665,123021,1064,269,1228,0.33679,0.579232,1129,-1,ok,0,0,0,0,1128,1,1,0.779115,1064,2939,3334,1,1.4042,1064,6833,8184,8.64352,34570,1064,1,0.641799,0.207398,1064,1713,1847,1,1.33943,0.415465,1064,3975,4613
2,180,352712,882018,430,109,555,0.217177,0.402551,457,-1,ok,0,0,0,0,456,1,1,0.511657,436,1293,1598,1,0.822456,436,3163,4105,2.12665,5526,430,1,0.360955,0.125185,436,711,827,1,0.718281,0.225711,436,1795,2222
2,181,570105,642882,409,103,341,0.15004,0.260507,418,-1,ok,0,0,0,0,417,1,1,0.201295,409,832,973,1,0.43851,409,2349,2797,2.54355,10197,409,1,0.152876,0.050103,409,566,603,1,0.366675,0.110406,409,1365,1550
2,182,236454,64964,158,41,114,0.080169,0.162514,181,-1,ok,0,0,0,0,180,1,1,0.209911,158,384,542,1,0.201467,158,871,1370,0.993439,3096,158,1,0.121366,0.051055,158,238,294,1,0.204131,0.089447,158,492,730
2,183,547182,801522,1262,320,1040,0.554004,0.867891,1311,-1,ok,0,0,0,0,1310,1,1,1.11794,1266,3718,4022,1,1.65464,1264,8408,9390,7.85128,28573,1262,1,0.763707,0.26708,1266,2081,2186,1,1.53884,0.481008,1264,5060,5464
2,184,684920,553657,177,46,219,0.104907,0.163706,192,-1,ok,0,0,0,0,191,1,1,0.141676,177,219,609,1,0.105056,177,290,1581,0.297807,670,177,1,0.115356,0.050364,177,192,324,1,0.149578,0.066784,177,231,828
2,185,552875,351270,1255,319,1322,0.351636,0.614979,1306,-1,ok,0,0,0,0,1305,1,1,0.794023,1259,3396,4188,1,1.37541,1257,7398,10060,9.47238,34338,1255,1,0.724764,0.261258,1259,1962,2227,1,1.48218,0.538467,1257,4461,5719
2,186,492765,584268,2039,516,2592,0.655905,1.44906,2116,-1,ok,0,0,0,0,2115,1,1,1.89694,2043,6246,6483,1,3.12276,2041,14794,15479,19.25,80673,2039,1,1.55159,0.596965,2043,3475,3558,1,2.86189,0.88359,2041,8570,8890
2,187,155792,743182,560,141,357,0.257771,0.667927,593,-1,ok,0,0,0,0,592,1,1,0.508751,560,1255,1849,1,0.622764,560,2597,4720,1.33909,5800,560,1,0.477823,0.186499,560,815,997,1,0.704477,0.270576,560,1527,2561
2,188,433249,556063,1470,372,430,0.337962,1.24181,1517,-1,ok,0,0,0,0,1516,1,1,1.32445,1474,4238,4764,1,2.03255,1472,9840,11525,11.4434,53381,1470,1,1.02776,0.406789,1474,2427,2607,1,1.80679,0.587497,1472,5779,6624
2,189,675909,548947,322,83,88,0.065593,0.259805,343,-1,ok,0,0,0,0,342,1,1,0.217968,322,520,631,1,0.291215,322,1452,1749,0.627983,3084,322,1,0.1606,0.066213,322,395,427,1,0.37995,0.084558,322,1340,1475
2,190,801727,652069,1904,482,1280,0.486879,1.32045,1977,-1,ok,0,0,0,0,1976,1,1,1.83439,1904,5978,6189,1,2.92598,1904,14403,15018,14.9182,72405,1904,1,1.48569,0.571748,1904,3303,3376,1,2.54691,0.801899,1904,8223,8528
2,191,424436,194685,1235,313,1090,0.593739,1.05312,1282,-1,ok,0,0,0,0,1281,1,1,0.974982,1237,3836,4222,1,2.03094,1235,9185,10338,7.85416,36924,1235,1,0.807909,0.256119,1237,2105,2222,1,1.75635,0.564914,1235,5246,5795
2,192,568596,520838,78,21,139,0.105226,0.079319,87,-1,ok,0,0,0,0,86,1,1,0.072545,78,78,332,1,0.027992,78,78,962,0.040785,78,78,1,0.0698,0.038,78,78,160,1,0.124844,0.074531,78,78,478
2,193,537052,487130,2582,651,2982,0.924437,1.74195,2677,-1,ok,0,0,0,0,2676,1,1,2.39323,2584,7674,7815,1,3.87241,2582,18904,19421,16.8854,77015,2582,1,1.88814,0.734613,2584,4345,4396,1,3.40916,0.974992,2582,11352,11592
2,194,287117,597610,1357,344,651,0.406699,1.01449,1402,-1,ok,0,0,0,0,1401,1,1,0.908439,1361,4210,4472,1,1.91805,1359,9845,10652,11.103,53827,1357,1,0.78129,0.255707,1361,2306,2391,1,1.78067,0.543795,1359,5663,6056
2,195,734217,369103,902,228,1069,0.404866,0.77088,963,-1,ok,0,0,0,0,962,1,1,0.824571,902,2621,2765,1,1.49727,902,6373,6853,9.09078,37832,902,1,0.626129,0.226663,902,1508,1556,1,1.26337,0.397693,902,3700,3904
2,196,609326,594424,18,6,10,0.008747,0.022082,27,-1,ok,0,0,0,0,26,1,1,0.017473,18,18,84,1,0.006412,18,18,226,0.006902,18,18,1,0.009919,0.005271,18,18,30,1,0.017253,0.009198,18,18,88
2,197,555356,373478,150,38,78,0.034625,0.077043,167,-1,ok,0,0,0,0,166,1,1,0.113763,150,321,493,1,0.14419,150,632,1379,0.191479,955,150,1,0.090339,0.030327,150,240,267,1,0.19359,0.074138,150,481,714
2,198,538782,596393,2887,729,1398,0.58855,1.37903,2994,-1,ok,0,0,0,0,2993,1,1,2.09598,2891,8754,9169,1,4.22493,2889,20869,22137,20.1305,90119,2887,1,1.97729,0.701881,2891,4871,4994,1,3.78944,1.20356,2889,11945,12555
2,199,853804,764242,234,60,88,0.088086,0.209391,243,-1,ok,0,0,0,0,242,1,1,0.118812,234,457,817,1,0.154519,234,702,1825,0.210303,1221,234,1,0.094496,0.027992,234,316,441,1,0.213318,0.078155,234,605,1087
2,200,546144,731449,1563,395,751,0.462304,1.30718,1638,-1,ok,0,0,0,0,1637,1,1,1.27093,1563,4127,4947,1,1.98705,1563,9611,12365,10.2391,49057,1563,1,1.18606,0.483443,1563,2446,2715,1,1.96938,0.702743,1563,5635,6937
2,201,546580,470520,70,19,59,0.055253,0.06981,83,-1,ok,0,0,0,0,82,1,1,0.039714,70,70,271,1,0.028363,70,70,661,0.037911,70,70,1,0.034564,0.014217,70,70,143,1,0.056756,0.029134,70,70,368
2,202,587180,610058,2820,714,2399,1.08257,1.70622,2931,-1,ok,0,0,0,0,2930,1,1,2.12252,2824,8340,8576,1,3.90523,2822,20179,20892,16.2311,80831,2820,1,1.71923,0.600181,2824,4679,4770,1,3.4237,1.0354,2822,11547,11969
2,203,554148,555672,34,11,20,0.013966,0.035015,47,-1,ok,0,0,0,0,46,1,1,0.01571,34,34,176,1,0.012724,34,34,544,0.009678,34,34,1,0.013134,0.005991,34,34,76,1,0.034674,0.022091,34,34,232
2,204,618603,576023,2630,666,1716,0.862832,1.64437,2731,-1,ok,0,0,0,0,2730,1,1,1.77906,2634,8071,8444,1,3.70784,2632,19287,20445,14.9813,73278,2630,1,1.67398,0.589862,2634,4448,4575,1,3.29015,1.00651,2632,10935,11493
2,205,111185,663982,1131,287,398,0.291675,0.769698,1204,-1,ok,0,0,0,0,1203,1,1,0.73899,1131,3245,3473,1,1.56692,1131,7946,8660,7.77913,40593,1131,1,0.598448,0.16565,1131,1872,1950,1,1.42268,0.409005,1131,4475,4842
2,206,558415,519079,908,230,1348,0.44966,0.569996,933,-1,ok,0,0,0,0,932,1,1,0.465029,908,1890,2384,1,0.766552,908,3870,6219,3.28956,18460,908,1,0.432387,0.136595,908,1245,1430,1,0.85128,0.309589,908,2424,4055
2,207,273703,668225,1512,382,736,0.336458,0.713021,1575,-1,ok,0,0,0,0,1574,1,1,0.941248,1512,4022,4209,1,1.90485,1512,9973,10578,10.9871,54992,1512,1,0.79682,0.24103,1512,2401,2449,1,1.75832,0.501448,1512,5760,6014
2,208,342313,675920,1135,287,753,0.25191,0.387774,1186,-1,ok,0,0,0,0,1185,1,1,0.707622,1135,3285,3493,1,1.49473,1135,7924,8578,8.88843,43864,1135,1,0.566538,0.154919,1135,1892,1966,1,1.41422,0.421489,1135,4536,4858
2,209,455838,475237,29,8,24,0.018405,0.062326,42,-1,ok,0,0,0,0,41,1,1,0.034013,29,29,104,1,0.011431,29,30,319,0.019445,29,29,1,0.02239,0.012211,29,29,54,1,0.029084,0.017843,29,30,153
2,210,407548,553070,2852,721,2174,0.757355,1.8378,2959,-1,ok,0,0,0,0,2958,1,1,2.58442,2856,8595,9120,1,4.50287,2854,20683,22371,20.4603,87342,2852,1,2.16448,0.821674,2856,4816,4991,1,3.80362,1.22629,2854,11880,12688
2,211,504813,914851,324,84,308,0.210292,0.421537,347,-1,ok,0,0,0,0,346,1,1,0.332751,324,1109,1215,1,0.512979,324,1982,2896,1.04088,3703,324,1,0.231784,0.070452,324,580,613,1,0.477122,0.150852,324,1227,1680
2,212,547561,230431,1222,309,618,0.319316,1.00962,1287,-1,ok,0,0,0,0,1286,1,1,0.905662,1222,3508,3731,1,1.71874,1222,8599,9341,10.6748,41512,1222,1,0.758306,0.269292,1222,2012,2093,1,1.76501,0.523568,1222,4859,5251
2,213,466238,312299,1571,398,1922,0.880203,1.4104,1626,-1,ok,0,0,0,0,1625,1,1,1.78147,1573,4789,5101,1,2.48062,1571,11467,12428,10.9217,48789,1571,1,1.32521,0.560917,1573,2683,2783,1,2.35282,0.70699,1571,6641,7113
2,214,234897,536226,1213,308,1775,0.649183,1.04581,1266,-1,ok,0,0,0,0,1265,1,1,0.823208,1215,3444,4122,1,1.56515,1213,7893,10024,12.6468,45493,1213,1,0.766862,0.260566,1215,1978,2228,1,1.50687,0.513579,1213,4654,5757
2,215,580756,561650,1750,443,809,0.426728,0.83411,1815,-1,ok,0,0,0,0,1814,1,1,1.30162,1752,5440,5584,1,2.69088,1750,13033,13462,16.5108,69389,1750,1,1.35286,0.487521,1752,3048,3083,1,2.34483,0.70064,1750,7567,7763
2,216,744886,554466,1138,290,1611,0.653661,0.801197,1189,-1,ok,0,0,0,0,1188,1,1,0.714755,1142,3250,3573,1,1.35789,1140,7268,8221,9.1014,36805,1138,1,0.560357,0.169267,1142,1887,1993,1,1.31906,0.387664,1140,4432,4867
2,217,864144,644857,1147,292,1651,0.494514,0.990011,1194,-1,ok,0,0,0,0,1193,1,1,0.84055,1153,2900,3877,1,1.36509,1153,6794,9800,9.15275,41653,1147,1,0.744632,0.264043,1153,1744,2052,1,1.4181,0.531682,1153,3948,5378
2,218,155929,549165,1194,302,1090,0.444701,0.684098,1257,-1,ok,0,0,0,0,1256,1,1,1.00631,1194,3284,3651,1,1.56762,1194,7835,9116,9.16066,40836,1194,1,0.800867,0.274203,1194,1923,2066,1,1.56746,0.474245,1194,4496,5140
2,219,734340,664355,1063,270,864,0.268391,0.715708,1112,-1,ok,0,0,0,0,1111,1,1,0.6964,1063,2886,3468,1,1.33299,1063,6826,8567,8.41314,34008,1063,1,0.615579,0.19897,1063,1699,1889,1,1.31666,0.422239,1063,4040,4990
2,220,483567,570424,1455,368,1128,0.314467,0.681223,1526,-1,ok,0,0,0,0,1525,1,1,0.928043,1455,4240,4596,1,1.98406,1455,10214,11385,12.3268,48921,1455,1,0.830461,0.252662,1455,2415,2538,1,1.86701,0.556681,1455,5904,6457
2,221,639206,652049,2073,525,685,0.378397,1.29289,2158,-1,ok,0,0,0,0,2157,1,1,1.69878,2075,6378,6616,1,3.23054,2073,15373,16096,15.8771,73262,2073,1,1.55219,0.617924,2075,3545,3627,1,2.71242,0.854586,2073,8775,9147
2,222,93334,537056,1452,367,724,0.367904,1.1299,1527,-1,ok,0,0,0,0,1526,1,1,0.971945,1452,3678,4059,1,1.72876,1452,8571,10340,7.57766,41025,1452,1,0.951577,0.343281,1452,2222,2365,1,1.69154,0.560266,1452,4966,6312
2,223,603581,431982,437,110,527,0.251769,0.393815,454,-1,ok,0,0,0,0,453,1,1,0.403714,437,1169,1430,1,0.53538,437,2514,3370,1.83344,7661,437,1,0.292257,0.11774,437,688,803,1,0.496147,0.158106,437,1524,1965
2,224,439095,658592,1491,378,482,0.316181,1.24482,1554,-1,ok,0,0,0,0,1553,1,1,1.62224,1493,4486,4713,1,2.28648,1491,10633,11328,13.8389,60308,1491,1,1.15721,0.46554,1493,2543,2629,1,2.03356,0.627784,1491,6236,6606
2,225,814923,899971,128,34,38,0.045576,0.307264,139,-1,ok,0,0,0,0,138,1,1,0.156763,128,398,454,1,0.195245,128,870,1031,0.656537,2672,128,1,0.085489,0.03197,128,219,239,1,0.172122,0.048972,128,515,569
2,226,498998,590659,2587,655,3464,1.09947,1.76578,2692,-1,ok,0,0,0,0,2691,1,1,2.26168,2589,7675,7924,1,3.94884,2587,18827,19600,21.1762,80834,2587,1,1.94603,0.77678,2589,4314,4410,1,3.29559,1.04507,2587,10753,11188
2,227,559098,530053,2275,575,2814,0.993156,1.78107,2348,-1,ok,0,0,0,0,2347,1,1,1.75961,2279,6579,7315,1,3.11068,2277,15411,17530,11.7004,53898,2275,1,1.51805,0.583058,2279,3737,3971,1,2.80718,0.944684,2277,8961,10015
2,228,549050,87356,1368,346,1287,0.575595,1.44064,1451,-1,ok,0,0,0,0,1450,1,1,1.22946,1368,3854,4175,1,1.97074,1368,9125,10226,11.3085,43802,1368,1,0.936869,0.320158,1368,2243,2353,1,1.78114,0.57294,1368,5337,5875
2,229,507967,791931,2780,702,1306,0.754569,2.03344,2885,-1,ok,0,0,0,0,2884,1,1,2.22024,2782,8098,8303,1,4.0605,2780,19669,20337,18.762,87192,2780,1,1.93727,0.724343,2782,4593,4666,1,3.4434,1.01157,2780,11313,11616
2,230,403304,932996,1476,373,1755,0.606854,1.20827,1523,-1,ok,0,0,0,0,1522,1,1,1.05168,1476,4214,4624,1,2.17968,1476,9783,11026,10.2337,48724,1476,1,0.90478,0.272558,1476,2438,2579,1,1.92132,0.566888,1476,5802,6504
2,231,779288,400102,1980,500,2289,0.867,1.4345,2051,-1,ok,0,0,0,0,2050,1,1,1.73038,1980,6268,6493,1,3.04509,1980,15071,16070,16.3165,75230,1980,1,1.54666,0.587087,1980,3493,3524,1,2.8584,0.897498,1980,8815,8983
2,232,115537,717680,835,211,738,0.29459,0.657218,886,-1,ok,0,0,0,0,885,1,1,0.560867,835,2368,2691,1,1.17515,835,5695,6721,3.99368,21113,835,1,0.4603,0.10713,835,1371,1474,1,1.13542,0.319648,835,3253,3722
2,233,625715,531035,2478,627,3002,0.883471,1.31581,2583,-1,ok,0,0,0,0,2582,1,1,1.94362,2480,7029,7430,1,3.21019,2478,16386,18436,15.3837,73695,2478,1,1.61107,0.562541,2480,4024,4173,1,3.06955,0.981755,2478,9510,10980
2,234,12779,392632,1393,354,951,0.518369,1.05037,1470,-1,ok,0,0,0,0,1469,1,1,1.09585,1395,3725,4461,1,1.77366,1393,8909,11364,7.82446,40916,1393,1,0.890153,0.313214,1397,2209,2457,1,1.70048,0.570606,1395,5123,6262
2,235,491073,550893,600,152,479,0.186157,0.46565,631,-1,ok,0,0,0,0,630,1,1,0.408493,600,1813,1939,1,0.799374,600,4209,4756,5.48194,19518,600,1,0.303057,0.094227,600,1001,1035,1,0.726525,0.216343,600,2414,2609
2,236,544640,612058,608,155,647,0.158005,0.3099,633,-1,ok,0,0,0,0,632,1,1,0.322462,608,1412,1911,1,0.559594,608,2998,4669,3.02264,17730,608,1,0.276838,0.088966,608,871,1052,1,0.601553,0.210283,608,1815,2599
2,237,349394,221491,1219,308,400,0.227144,0.708464,1280,-1,ok,0,0,0,0,1279,1,1,0.757295,1219,3640,3833,1,1.70088,1219,9128,9824,7.20341,37230,1219,1,0.653803,0.171201,1219,2034,2113,1,1.51439,0.44983,1219,5026,5400
2,238,643343,800035,1098,278,495,0.257291,0.647881,1151,-1,ok,0,0,0,0,1150,1,1,1.11187,1098,3413,3587,1,1.99099,1098,8617,9115,8.55358,41464,1098,1,0.778143,0.244958,1098,1885,1936,1,1.67885,0.533548,1098,4925,5145
2,239,466292,494384,1056,267,736,0.500226,0.858965,1099,-1,ok,0,0,0,0,1098,1,1,0.949234,1058,3068,3520,1,1.38396,1056,7029,8429,6.6594,30097,1056,1,0.752425,0.296774,1058,1737,1883,1,1.28401,0.434922,1056,4141,4790
2,240,263294,711941,727,184,1385,0.491618,0.677535,758,-1,ok,0,0,0,0,757,1,1,0.461712,727,1253,2338,1,0.57797,727,2567,5967,4.12596,19914,727,1,0.495486,0.219139,727,927,1276,1,0.799864,0.33739,727,1703,3364
2,241,540708,407534,2386,604,1914,0.646147,1.19873,2491,-1,ok,0,0,0,0,2490,1,1,1.9214,2388,7113,7846,1,3.42093,2386,16984,19563,14.8426,73400,2386,1,1.62078,0.575435,2388,4003,4249,1,3.13936,1.03235,2386,9746,10947
2,242,407548,728111,217,56,311,0.194473,0.235711,226,-1,ok,0,0,0,0,225,1,1,0.195214,217,217,875,1,0.09605,217,217,2619,0.144861,217,217,1,0.145662,0.06416,217,217,436,1,0.262349,0.129201,217,217,1306
2,243,495501,485664,2437,615,3002,0.827065,1.61104,2536,-1,ok,0,0,0,0,2535,1,1,1.91687,2439,7654,7867,1,3.78957,2437,18816,19596,17.3451,77339,2437,1,1.68624,0.592667,2439,4229,4300,1,3.333,1.048,2437,10737,11085
2,244,720906,179696,594,151,261,0.190195,0.553845,633,-1,ok,0,0,0,0,632,1,1,0.481299,594,1799,1962,1,1.03156,594,4601,5095,3.54745,16388,594,1,0.37502,0.107571,594,1007,1064,1,0.857652,0.258473,594,2597,2818
2,245,650350,482575,2675,677,3608,1.00885,1.64843,2786,-1,ok,0,0,0,0,2785,1,1,1.93995,2677,7395,8142,1,3.73038,2675,17734,20050,14.5322,70704,2675,1,1.7776,0.636848,2677,4312,4578,1,3.30537,1.00679,2675,10838,12023
2,246,638652,817933,1535,389,484,0.376653,1.09482,1606,-1,ok,0,0,0,0,1605,1,1,1.18994,1535,4819,4932,1,2.53947,1535,11846,12146,11.1221,55609,1535,1,1.14969,0.427839,1535,2641,2673,1,2.31775,0.757305,1535,6688,6798
2,247,548934,567346,842,214,1015,0.425625,0.632959,869,-1,ok,0,0,0,0,868,1,1,0.485828,842,1721,2290,1,0.784736,842,3903,5753,4.48097,24352,842,1,0.450431,0.186798,842,1126,1332,1,0.826834,0.301384,842,2415,3304
2,248,573392,445311,937,237,1130,0.470469,0.940446,976,-1,ok,0,0,0,0,975,1,1,0.967969,939,2151,2885,1,1.02096,937,4564,6899,5.896,27552,937,1,0.735574,0.314448,939,1385,1658,1,1.0518,0.365162,937,3047,4263
2,249,791829,669974,699,176,446,0.221254,0.524709,712,-1,ok,0,0,0,0,711,1,1,0.457104,699,1257,1601,1,0.546922,699,2538,4169,1.1139,5774,699,1,0.351998,0.116267,699,894,1002,1,0.589551,0.208659,699,1534,2306
2,250,181289,193174,55,14,14,0.016301,0.051126,68,-1,ok,0,0,0,0,67,1,1,0.050294,55,134,167,1,0.072524,55,235,467,0.046277,247,55,1,0.033883,0.012694,55,87,100,1,0.059971,0.025677,55,161,244
2,251,734304,877601,1239,315,1386,0.517648,1.0772,1280,-1,ok,0,0,0,0,1279,1,1,1.68052,1239,3923,4175,1,2.1924,1239,9817,10471,9.26867,42458,1239,1,1.18923,0.48734,1239,2141,2234,1,1.78518,0.564355,1239,5507,5817
2,252,541771,272040,815,207,484,0.235489,0.669842,874,-1,ok,0,0,0,0,873,1,1,0.710127,815,2361,2571,1,1.11461,815,5483,6359,5.37035,24166,815,1,0.549155,0.204933,815,1336,1400,1,0.991932,0.311694,815,3078,3529
2,253,555426,520840,632,160,680,0.196267,0.417189,651,-1,ok,0,0,0,0,650,1,1,0.410817,632,1615,2054,1,0.621771,632,3596,5140,3.17288,17798,632,1,0.343993,0.108813,632,969,1133,1,0.706289,0.255808,632,2164,2923
2,254,554148,468913,1653,419,1877,0.685691,1.21924,1726,-1,ok,0,0,0,0,1725,1,1,1.38697,1655,4773,5362,1,2.29295,1653,11282,12963,11.9671,53433,1653,1,1.16033,0.422128,1655,2716,2900,1,2.07075,0.679971,1653,6532,7350
2,255,407897,554527,1448,367,1035,0.382434,0.993145,1493,-1,ok,0,0,0,0,1492,1,1,0.949384,1452,4266,4694,1,1.88999,1450,9976,11316,12.3303,55076,1448,1,0.84094,0.293869,1452,2429,2573,1,1.84221,0.571417,1450,5845,6505
2,256,476137,886494,1697,431,2280,0.900382,1.42823,1796,-1,ok,0,0,0,0,1795,1,1,1.97895,1703,5476,5552,1,3.06166,1703,13523,13854,12.569,56352,1697,1,1.48265,0.616151,1703,2976,2993,1,2.48976,0.760391,1703,7602,7689
2,257,647690,523082,2414,611,3694,1.14113,1.67826,2519,-1,ok,0,0,0,0,2518,1,1,1.92785,2418,7462,7629,1,3.6117,2416,17809,18273,20.353,90555,2414,1,1.66236,0.600391,2418,4169,4226,1,3.16957,0.955305,2416,10379,10593
2,258,841766,458240,1678,427,949,0.563504,1.35914,1767,-1,ok,0,0,0,0,1766,1,1,1.17725,1684,4954,5546,1,2.32983,1684,11988,13947,14.4907,66477,1678,1,1.07977,0.365162,1684,2798,2998,1,2.19601,0.715015,1684,6763,7672
2,259,462910,637233,417,105,381,0.142446,0.247262,442,-1,ok,0,0,0,0,441,1,1,0.226783,417,1035,1355,1,0.463807,417,2563,3395,2.13495,11833,417,1,0.212577,0.056556,417,618,745,1,0.474967,0.152345,417,1415,1907
2,260,536976,551877,19,6,12,0.011912,0.029385,26,-1,ok,0,0,0,0,25,1,1,0.022361,19,19,96,1,0.008355,19,19,266,0.015058,19,19,1,0.016642,0.010139,19,19,44,1,0.023463,0.014647,19,19,134
2,261,42610,554524,1736,441,1278,0.464758,1.26825,1803,-1,ok,0,0,0,0,1802,1,1,1.72764,1740,5352,5773,1,2.75734,1738,12841,14184,14.8162,61353,1736,1,1.29512,0.490636,1740,2965,3104,1,2.48307,0.854406,1740,7338,7977
2,262,613794,229015,1113,284,1632,0.627301,0.843576,1166,-1,ok,0,0,0,0,1165,1,1,0.767063,1115,3553,3793,1,1.646,1113,8371,9052,7.88083,37126,1113,1,0.590694,0.151092,1115,1923,2009,1,1.50001,0.451724,1113,4784,5166
2,263,786608,624950,1914,485,2683,0.945597,1.25295,1991,-1,ok,0,0,0,0,1990,1,1,1.69621,1920,5452,5756,1,2.69991,1920,13596,14584,14.9477,73614,1914,1,1.41229,0.565216,1920,3127,3246,1,2.37969,0.757916,1920,7703,8257
2,264,412226,542166,1648,418,2282,0.725034,1.15207,1725,-1,ok,0,0,0,0,1724,1,1,1.13204,1650,4570,5305,1,2.03158,1648,10548,12765,14.1844,64093,1648,1,1.17802,0.400569,1650,2686,2953,1,2.07267,0.679079,1648,6314,7457
2,265,578007,584682,2557,648,3925,1.36399,2.04054,2662,-1,ok,0,0,0,0,2661,1,1,2.19299,2559,7560,7808,1,3.65699,2557,18506,19252,16.1088,80842,2557,1,1.83793,0.698563,2559,4267,4370,1,3.58733,1.14376,2557,10572,11013
2,266,129099,357177,198,50,168,0.127177,0.259744,213,-1,ok,0,0,0,0,212,1,1,0.167204,198,208,717,1,0.11773,198,208,1825,0.350234,1823,198,1,0.122329,0.042329,198,198,360,1,0.179545,0.087793,198,210,950
2,267,670451,218543,1088,277,333,0.238185,0.883089,1131,-1,ok,0,0,0,0,1130,1,1,0.862962,1090,3408,3738,1,1.83417,1088,8021,9096,7.38351,33694,1088,1,0.776139,0.261157,1090,1857,1958,1,1.61091,0.522687,1088,4606,5079
2,268,636901,562811,880,222,886,0.370062,0.715346,909,-1,ok,0,0,0,0,908,1,1,0.702674,880,2280,2369,1,1.06343,880,5557,5945,5.70547,26825,880,1,0.520652,0.190775,880,1350,1379,1,0.944745,0.312515,880,3171,3352
2,269,161898,720900,750,189,1396,0.48665,0.687265,791,-1,ok,0,0,0,0,790,1,1,0.67477,750,1258,2341,1,0.668589,750,2578,6008,4.80728,21524,750,1,0.579553,0.215162,750,944,1291,1,0.83524,0.350555,750,1663,3343
2,270,536127,726744,1037,263,355,0.15001,0.548985,1092,-1,ok,0,0,0,0,1091,1,1,0.782782,1039,3205,3317,1,1.5751,1039,7847,8325,6.5602,33227,1037,1,0.588509,0.145552,1039,1782,1819,1,1.35387,0.379759,1039,4464,4599
2,271,182733,659592,907,230,539,0.144479,0.297166,964,-1,ok,0,0,0,0,963,1,1,0.527545,907,2663,2782,1,1.2616,907,6626,6998,6.89955,35409,907,1,0.456934,0.102372,907,1541,1576,1,1.1639,0.313666,907,3781,3939
2,272,557521,334467,2898,732,1497,0.675351,1.70617,3003,-1,ok,0,0,0,0,3002,1,1,2.5765,2908,8993,9339,1,4.01234,2900,20022,22886,15.5801,73457,2898,1,2.1969,0.853835,2908,5014,5082,1,3.91375,1.20036,2900,11970,12992
2,273,550876,844900,1310,332,541,0.425805,1.14521,1379,-1,ok,0,0,0,0,1378,1,1,0.971855,1310,3899,4119,1,1.9988,1310,9315,10040,10.2878,46488,1310,1,0.81384,0.253334,1310,2223,2293,1,1.75635,0.509141,1310,5387,5844
2,274,442000,527458,1850,468,1327,0.518207,0.887056,1927,-1,ok,0,0,0,0,1926,1,1,1.23497,1852,5726,5807,1,2.63502,1850,13466,13834,16.0841,69421,1850,1,1.07323,0.32687,1852,3194,3213,1,2.52287,0.658911,1850,8063,8136
2,275,163378,695363,985,249,563,0.364021,0.879052,1044,-1,ok,0,0,0,0,1043,1,1,0.867131,985,2845,3018,1,1.44453,985,7000,7526,8.60338,38613,985,1,0.689398,0.25684,985,1650,1707,1,1.29346,0.389188,985,3971,4210
2,276,469207,449288,2393,604,1267,0.564204,1.32766,2480,-1,ok,0,0,0,0,2479,1,1,1.87898,2395,7158,7770,1,3.39335,2393,17174,19185,15.2995,73363,2393,1,1.76174,0.684669,2395,4028,4240,1,3.13698,0.988656,2393,9855,10814
2,277,621533,503471,384,97,241,0.196817,0.334335,395,-1,ok,0,0,0,0,394,1,1,0.323805,384,1010,1259,1,0.47116,384,2246,3027,0.993725,4835,384,1,0.274814,0.091512,384,619,685,1,0.459769,0.165019,384,1318,1674
2,278,584186,780781,627,158,223,0.113281,0.447917,654,-1,ok,0,0,0,0,653,1,1,0.393926,631,1694,1884,1,0.655323,629,3440,4383,4.12909,18390,627,1,0.269314,0.077756,631,951,1020,1,0.616782,0.215622,629,1999,2494
2,279,537110,215501,1213,307,778,0.383377,0.878802,1276,-1,ok,0,0,0,0,1275,1,1,1.06177,1213,3558,3738,1,1.79265,1213,8496,9136,9.58527,41547,1213,1,0.865868,0.3424,1213,2022,2084,1,1.59318,0.545598,1213,4845,5168
2,280,552659,521369,42,11,36,0.02149,0.042679,47,-1,ok,0,0,0,0,46,1,1,0.033653,42,42,176,1,0.022633,42,42,512,0.017883,42,42,1,0.031428,0.016701,42,42,92,1,0.04821,0.029846,42,42,280
2,281,470354,521484,1808,457,1303,0.574814,1.33618,1883,-1,ok,0,0,0,0,1882,1,1,1.68891,1810,5251,5668,1,2.54817,1808,12233,13490,14.9413,67589,1808,1,1.32713,0.50355,1810,3016,3149,1,2.26287,0.682505,1808,7341,7965
2,282,779294,490035,423,107,487,0.208409,0.291614,446,-1,ok,0,0,0,0,445,1,1,0.205284,425,700,1440,1,0.259914,423,1240,3585,0.666143,3597,423,1,0.203561,0.068017,425,529,785,1,0.389015,0.159246,423,871,2018
2,283,856695,383684,1735,439,1120,0.53526,1.27427,1798,-1,ok,0,0,0,0,1797,1,1,1.5268,1735,5019,5763,1,2.49485,1735,12118,14613,14.0521,66731,1735,1,1.28434,0.47014,1735,2857,3113,1,2.34046,0.746624,1735,6911,8090
2,284,856911,565634,2043,517,2926,0.78736,1.06113,2120,-1,ok,0,0,0,0,2119,1,1,1.4105,2043,6399,6634,1,3.09821,2043,15308,16046,14.6913,74365,2043,1,1.28717,0.426826,2043,3530,3601,1,2.6491,0.800405,2043,8810,9160
2,285,226029,617772,1109,281,777,0.380942,0.694337,1162,-1,ok,0,0,0,0,1161,1,1,0.637251,1109,3162,3452,1,1.4699,1109,7819,8672,7.7162,40961,1109,1,0.572959,0.153986,1109,1832,1928,1,1.38067,0.424563,1109,4449,4858
2,286,273528,498716,214,55,161,0.063668,0.094536,237,-1,ok,0,0,0,0,236,1,1,0.150291,214,504,663,1,0.207547,214,1040,1634,0.40645,2252,214,1,0.112549,0.041558,214,297,350,1,0.222115,0.072256,214,617,883
2,287,585019,659525,120,32,122,0.065833,0.116297,133,-1,ok,0,0,0,0,132,1,1,0.075892,120,164,429,1,0.062788,120,269,1038,0.200925,752,120,1,0.063869,0.028433,120,136,230,1,0.132778,0.049844,120,241,620
2,288,714688,746144,256,66,68,0.033273,0.181208,271,-1,ok,0,0,0,0,270,1,1,0.123701,256,544,805,1,0.198951,256,1144,1888,0.582099,3471,256,1,0.109073,0.04286,256,347,439,1,0.221474,0.083947,256,698,1073
2,289,487154,401935,1115,281,343,0.267109,0.769607,1148,-1,ok,0,0,0,0,1147,1,1,0.997032,1117,3013,3761,1,1.43081,1115,6795,9332,5.7107,29893,1115,1,0.881477,0.384398,1117,1770,2013,1,1.40178,0.534679,1115,4076,5259
2,290,558487,858169,252,65,236,0.093564,0.259265,281,-1,ok,0,0,0,0,280,1,1,0.232364,258,646,929,1,0.293369,258,1298,2122,0.574855,2917,252,1,0.155751,0.044683,258,379,473,1,0.318987,0.110957,258,783,1165
2,291,574271,660088,2395,606,773,0.410165,1.47166,2494,-1,ok,0,0,0,0,2493,1,1,2.01456,2397,7118,7193,1,6.16526,2395,17478,17747,15.4306,70720,2395,1,4.39045,1.61157,2397,4050,4076,1,5.07766,1.7109,2395,10148,10260
2,292,41143,546444,721,183,847,0.615249,0.978958,764,-1,ok,0,0,0,0,763,1,1,0.805173,721,1451,2197,1,0.95289,721,3269,5523,3.385,18062,721,1,0.527456,0.187326,721,985,1222,1,0.848635,0.317863,721,1960,3039
2,293,760001,646214,1715,434,855,0.563413,1.52784,1788,-1,ok,0,0,0,0,1787,1,1,1.57401,1717,5398,5635,1,3.50733,1715,13113,13774,13.7394,68484,1715,1,1.31984,0.539267,1717,2990,3085,1,2.57419,0.912574,1715,7520,7864
2,294,185761,377965,506,129,568,0.210212,0.254405,527,-1,ok,0,0,0,0,526,1,1,0.2631,506,1030,1502,1,0.533788,506,2423,3760,2.74259,15369,506,1,0.216955,0.067786,506,706,849,1,0.544276,0.217246,506,1455,2108
2,295,604576,736790,940,238,532,0.39048,0.740564,969,-1,ok,0,0,0,0,968,1,1,0.736476,940,2364,2512,1,1.20383,940,5760,6239,5.83739,29173,940,1,0.635107,0.277289,940,1416,1464,1,1.15846,0.420775,940,3308,3518
2,296,604356,279676,1122,283,668,0.268602,0.892728,1183,-1,ok,0,0,0,0,1182,1,1,0.821374,1122,3043,3412,1,1.69018,1122,7225,8446,7.14144,37132,1122,1,0.734863,0.238395,1122,1779,1912,1,1.53129,0.478514,1122,4140,4781
2,297,467430,178127,281,72,145,0.063519,0.173064,304,-1,ok,0,0,0,0,303,1,1,0.24617,281,708,916,1,0.405127,281,1504,2234,0.770939,4332,281,1,0.161863,0.051998,281,427,504,1,0.361896,0.116457,281,931,1283
2,298,473402,701873,1457,370,1254,0.539498,0.981664,1516,-1,ok,0,0,0,0,1515,1,1,1.42289,1459,4474,4617,1,2.53724,1457,10522,11052,11.2347,54516,1457,1,1.05685,0.373137,1459,2535,2561,1,2.13277,0.672567,1457,6256,6432
2,299,546168,470167,91,24,133,0.097203,0.12311,102,-1,ok,0,0,0,0,101,1,1,0.098554,91,91,292,1,0.034806,91,91,754,0.023895,91,91,1,0.100247,0.054272,91,91,163,1,0.117059,0.05314,91,91,404
3,0,515417,637366,1801,228,228,0.170649,2.07373,2042,-1,ok,0,0,0,0,2041,1,1,3.07365,1803,9298,10366,1,4.10946,1801,19213,22455,12.7419,55476,1801,1,2.09956,1.13095,1803,3038,3196,1,2.70729,1.10608,1801,7396,8046
3,1,221578,683609,709,90,355,0.14985,0.780127,794,-1,ok,0,0,0,0,793,1,1,0.495586,709,2223,4122,1,0.919864,709,4815,10470,3.3044,17883,709,1,0.407422,0.160881,709,970,1258,1,0.941288,0.456522,709,1828,3303
3,2,566063,455879,224,29,29,0.032562,0.226533,257,-1,ok,0,0,0,0,256,1,1,0.217275,228,642,1456,1,0.136014,224,436,4100,0.626571,2755,224,1,0.172252,0.078316,228,401,433,1,0.404746,0.169948,228,889,1201
3,3,364509,251282,377,49,119,0.029916,0.328243,422,-1,ok,0,0,0,0,421,1,1,0.285454,377,1438,1731,1,0.609689,377,3320,4147,1.48582,7916,377,1,0.186788,0.063226,377,600,639,1,0.505254,0.171651,377,1409,1597
3,4,713214,541596,268,34,52,0.045395,0.255818,289,-1,ok,0,0,0,0,288,1,1,0.218217,268,296,1704,1,0.12816,268,268,3529,0.157825,281,268,1,0.266588,0.135984,268,268,469,1,0.321771,0.200043,268,275,1210
3,5,708892,372109,865,112,226,0.072615,0.597296,990,-1,ok,0,0,0,0,989,1,1,1.21811,865,4346,4652,1,2.49557,865,10220,10848,8.19174,33055,865,1,0.731616,0.303617,865,1482,1515,1,1.3793,0.51865,865,3582,3685
3,6,549730,910635,485,63,63,0.064781,0.557592,540,-1,ok,0,0,0,0,539,1,1,0.810533,485,2062,2814,1,0.955355,485,3849,5346,2.74211,11505,485,1,0.47605,0.264815,485,670,776,1,0.61028,0.27942,485,1343,1823
3,7,428575,333335,686,88,164,0.068389,0.469847,789,-1,ok,0,0,0,0,788,1,1,0.638603,686,3160,3272,1,1.27727,686,6877,7326,3.94016,19844,686,1,0.404756,0.131846,686,1110,1135,1,0.850179,0.307033,686,2600,2697
3,8,103741,529812,1209,153,292,0.115545,1.02739,1346,-1,ok,0,0,0,0,1345,1,1,1.41184,1209,5849,6901,1,2.58156,1209,13262,16180,8.3659,40816,1209,1,1.01595,0.479165,1209,2001,2140,1,1.75464,0.699668,1209,4707,5335
3,9,504438,99296,1284,162,459,0.143318,0.931681,1413,-1,ok,0,0,0,0,1412,1,1,1.35243,1284,6444,7153,1,2.88688,1284,14819,16661,8.32274,40831,1284,1,0.864736,0.314577,1284,2126,2238,1,1.82522,0.704595,1284,5047,5537
3,10,503002,473385,659,84,197,0.084046,0.413762,706,-1,ok,0,0,0,0,705,1,1,0.586346,659,2680,4316,1,1.04947,659,5643,9913,3.54982,18056,659,1,0.365653,0.134873,659,909,1175,1,0.777984,0.35357,659,1902,2981
3,11,594375,693937,1954,248,281,0.149678,1.55492,2207,-1,ok,0,0,0,0,2206,1,1,2.74562,1956,10809,11175,1,4.62578,1954,23212,24014,14.8886,67204,1954,1,1.78551,0.887557,1956,3447,3491,1,2.90032,1.11312,1954,8638,8749
3,12,184179,575147,1336,169,169,0.14461,1.22707,1505,-1,ok,0,0,0,0,1504,1,1,1.51805,1338,7722,7963,1,2.88978,1336,15169,15985,10.5633,51137,1336,1,0.920309,0.314296,1338,2357,2382,1,2.0668,0.739632,1336,5792,5920
3,13,84373,731343,822,104,465,0.172312,0.901214,933,-1,ok,0,0,0,0,932,1,1,0.913667,824,2463,4589,1,1.1287,824,4910,11134,4.49738,22213,822,1,0.754669,0.332782,824,1117,1440,1,1.13441,0.562422,824,2026,3671
3,14,533139,449475,806,103,349,0.085731,0.49317,941,-1,ok,0,0,0,0,940,1,1,0.745043,812,3689,3905,1,1.49633,812,8336,8826,4.65618,24850,806,1,0.577269,0.292837,812,1379,1404,1,1.03792,0.389136,812,3202,3284
3,15,800775,353868,725,92,247,0.128341,0.682945,754,-1,ok,0,0,0,0,753,1,1,0.798361,725,1650,2921,1,0.788773,725,3223,8143,1.09164,3662,725,1,0.651958,0.298879,725,911,1090,1,0.798702,0.352318,725,1485,2639
3,16,580536,834346,1638,206,207,0.111888,1.41976,1821,-1,ok,0,0,0,0,1820,1,1,2.86382,1638,9268,9660,1,5.4107,1638,20158,20997,11.7534,56131,1638,1,2.1581,1.1623,1638,2850,2900,1,2.92744,1.20643,1638,7054,7220
3,17,705977,179642,451,58,63,0.095919,0.647188,494,-1,ok,0,0,0,0,493,1,1,0.659372,451,2481,2723,1,1.34867,451,5757,6906,2.50609,12349,451,1,0.354042,0.134821,451,764,827,1,0.834017,0.336027,451,1838,2268
3,18,591189,502974,573,73,140,0.078487,0.576516,606,-1,ok,0,0,0,0,605,1,1,0.54033,577,2490,3652,1,0.88354,573,5001,8264,3.02097,17174,573,1,0.344604,0.141514,577,893,1050,1,0.739932,0.304479,573,2011,2729
3,19,696806,606078,410,53,93,0.029525,0.4515,449,-1,ok,0,0,0,0,448,1,1,0.64219,410,1532,2545,1,1.28146,410,3119,5449,2.14278,10136,410,1,0.446375,0.143188,410,570,744,1,0.81916,0.35873,410,1172,1845
3,20,649644,351270,898,114,305,0.179797,1.07095,1023,-1,ok,0,0,0,0,1022,1,1,1.66678,900,3657,5399,1,1.60249,898,7353,11022,6.45439,27816,898,1,0.805844,0.392944,900,1374,1637,1,1.26985,0.575405,898,2937,4195
3,21,364679,647787,786,100,100,0.068008,0.825604,903,-1,ok,0,0,0,0,902,1,1,0.966395,786,2948,4100,1,1.31102,786,6280,9652,5.09357,24119,786,1,0.862842,0.348832,786,1186,1364,1,1.23084,0.528858,786,2574,3291
3,22,236480,558798,1348,169,169,0.155431,1.28102,1515,-1,ok,0,0,0,0,1514,1,1,1.95095,1352,7916,8082,1,3.40838,1350,15735,16275,12.4993,51938,1348,1,1.19028,0.565145,1352,2383,2402,1,2.04788,0.799232,1350,5862,5948
3,23,429002,590281,593,77,77,0.062037,0.495496,656,-1,ok,0,0,0,0,655,1,1,0.739181,599,2569,3311,1,1.28159,599,5541,7047,2.90483,14142,593,1,0.412932,0.182241,599,962,1077,1,0.814712,0.356746,599,2161,2659
3,24,732327,437963,2826,357,1074,0.372567,2.32476,3101,-1,ok,0,0,0,0,3100,1,1,4.44962,2828,14723,15985,1,8.20033,2826,32109,35427,16.3593,75758,2826,1,2.89174,1.33326,2828,4757,4883,1,4.51165,1.68201,2826,12013,12690
3,25,695045,573533,2638,333,1038,0.456373,2.4794,2885,-1,ok,0,0,0,0,2884,1,1,3.01802,2640,13557,14735,1,6.10932,2638,29325,32133,14.7252,70636,2638,1,2.09758,0.93723,2640,4335,4534,1,3.82147,1.51975,2638,10404,11264
3,26,653917,554134,819,105,373,0.157524,0.80856,946,-1,ok,0,0,0,0,945,1,1,0.689228,821,3476,4879,1,1.28983,819,6771,10186,4.1207,22528,819,1,0.568292,0.248285,821,1278,1508,1,1.0406,0.434732,819,2765,3760
3,27,591152,758487,1441,182,306,0.158395,1.23951,1632,-1,ok,0,0,0,0,1631,1,1,1.81424,1441,6973,8099,1,3.38627,1441,14889,17540,11.8582,54336,1441,1,1.26979,0.58274,1441,2367,2579,1,2.27491,0.911403,1441,5719,6544
3,28,530231,797885,2838,357,361,0.233165,2.29602,3115,-1,ok,0,0,0,0,3114,1,1,3.37595,2848,15023,15578,1,6.26987,2838,32601,34092,18.3502,87207,2838,1,2.48883,1.1128,2848,4766,4845,1,4.27179,1.67551,2838,11609,11938
3,29,461730,614781,2269,287,291,0.257821,2.1854,2532,-1,ok,0,0,0,0,2531,1,1,2.98855,2271,12506,13216,1,5.35101,2269,26794,28951,14.9545,73263,2269,1,2.19524,1.06059,2271,3961,4057,1,3.61336,1.4959,2269,9791,10256
3,30,444980,608103,2053,260,733,0.296093,1.91045,2302,-1,ok,0,0,0,0,2301,1,1,2.39981,2057,11154,11521,1,4.90079,2055,22951,23811,16.5784,77390,2053,1,1.59536,0.718883,2057,3555,3604,1,2.96691,1.08304,2055,8686,8858
3,31,625582,540051,1625,206,349,0.202088,1.55513,1798,-1,ok,0,0,0,0,1797,1,1,1.68476,1631,7176,8709,1,3.01887,1631,15835,20069,11.8118,58442,1625,1,1.27073,0.559164,1631,2621,2889,1,2.25242,0.936019,1631,5936,7214
3,32,525321,196202,1187,150,543,0.225231,0.996732,1308,-1,ok,0,0,0,0,1307,1,1,1.24787,1187,6262,6754,1,2.73361,1187,14651,16257,7.85078,39681,1187,1,0.750933,0.263703,1187,2009,2090,1,1.73599,0.654674,1187,4963,5295
3,33,478182,565842,1838,232,788,0.261659,1.52244,2059,-1,ok,0,0,0,0,2058,1,1,2.57918,1840,9276,10481,1,3.81745,1838,19357,22990,11.2525,54134,1838,1,1.86619,0.849047,1840,3027,3247,1,2.65289,1.12418,1838,7110,8157
3,34,537719,542421,274,36,78,0.054872,0.261969,309,-1,ok,0,0,0,0,308,1,1,0.311772,284,1346,1814,1,0.633865,284,3255,4340,0.999707,5199,274,1,0.168204,0.077955,284,449,529,1,0.418591,0.172932,284,1043,1362
3,35,606091,561377,46,6,9,0.009779,0.067926,59,-1,ok,0,0,0,0,58,1,1,0.040545,46,56,301,1,0.02197,46,46,797,0.028403,46,46,1,0.056977,0.038552,46,46,83,1,0.053791,0.028824,46,56,228
3,36,540484,237922,578,73,124,0.060804,0.57809,643,-1,ok,0,0,0,0,642,1,1,0.592457,578,2208,3011,1,1.09423,578,5212,7360,3.3644,14971,578,1,0.307715,0.115956,578,864,975,1,0.725545,0.302284,578,1885,2390
3,37,916340,481104,632,80,80,0.068489,0.575094,707,-1,ok,0,0,0,0,706,1,1,0.582157,634,2183,3661,1,0.925749,632,4239,7994,3.59103,14872,632,1,0.457466,0.191378,634,918,1164,1,0.850077,0.360854,632,1855,2939
3,38,547698,473617,2323,294,1064,0.267771,1.62304,2576,-1,ok,0,0,0,0,2575,1,1,3.28082,2325,12018,13728,1,5.22119,2323,25755,30032,15.5421,70722,2323,1,2.14853,1.0145,2325,3894,4176,1,3.4941,1.43279,2323,9348,10559
3,39,503531,560189,206,27,27,0.023665,0.231121,229,-1,ok,0,0,0,0,228,1,1,0.169447,206,469,1018,1,0.332812,206,1203,2663,1.00857,3507,206,1,0.130324,0.063558,206,271,365,1,0.223688,0.113913,206,514,880
3,40,528285,633179,2234,282,748,0.273209,1.80742,2487,-1,ok,0,0,0,0,2486,1,1,2.67367,2236,11911,12759,1,5.07494,2234,25564,27538,15.3227,70518,2234,1,1.92756,0.860517,2236,3838,3993,1,3.41466,1.33101,2234,9370,10038
3,41,528291,124629,1240,157,300,0.168124,1.11091,1377,-1,ok,0,0,0,0,1376,1,1,1.26324,1240,6238,6835,1,2.87184,1240,14238,15871,8.46251,40626,1240,1,0.804964,0.29976,1240,2067,2159,1,1.76734,0.676714,1240,4907,5318
3,42,218360,732318,1260,159,163,0.110145,0.983126,1347,-1,ok,0,0,0,0,1346,1,1,1.28002,1260,6492,6847,1,2.73926,1260,14744,15690,6.91183,36829,1260,1,0.806587,0.29904,1260,1997,2041,1,1.88539,0.697052,1260,4796,4986
3,43,673429,646337,1726,219,479,0.217947,1.66699,1957,-1,ok,0,0,0,0,1956,1,1,2.51266,1728,8295,10027,1,3.61031,1726,16346,21691,11.025,53246,1726,1,1.70135,0.865968,1728,2804,3070,1,2.54551,1.11307,1726,6446,7779
3,44,677903,545932,2495,315,1025,0.419894,2.1849,2766,-1,ok,0,0,0,0,2765,1,1,3.50348,2497,13547,14088,1,5.73956,2495,28166,30327,15.8073,79377,2495,1,2.43279,1.18906,2497,4223,4287,1,3.85759,1.39847,2495,10876,11185
3,45,599861,473157,116,16,60,0.055944,0.207016,141,-1,ok,0,0,0,0,140,1,1,0.100369,116,116,916,1,0.069118,116,116,2520,0.063388,116,116,1,0.12838,0.069721,116,116,239,1,0.173594,0.12288,116,116,709
3,46,771679,448047,942,119,372,0.172102,1.10557,1087,-1,ok,0,0,0,0,1086,1,1,0.980752,948,4490,5266,1,1.95563,948,8765,10955,5.07368,26277,942,1,0.621741,0.253564,948,1527,1666,1,1.37824,0.555468,948,3505,4187
3,47,613652,373259,1541,194,366,0.188722,1.21802,1692,-1,ok,0,0,0,0,1691,1,1,2.00847,1547,8243,8737,1,3.3938,1547,17499,20586,12.3492,61879,1541,1,1.3756,0.670001,1547,2641,2692,1,2.33642,0.901735,1547,6518,6788
3,48,559115,582478,645,81,224,0.109094,0.49806,670,-1,ok,0,0,0,0,669,1,1,0.756492,647,3271,4030,1,1.13032,647,6199,8096,1.68582,8597,645,1,0.428791,0.212306,647,1016,1103,1,0.860106,0.386301,647,2332,2758
3,49,138045,605112,1531,194,547,0.226923,1.3514,1702,-1,ok,0,0,0,0,1701,1,1,2.45782,1535,9032,9342,1,3.69618,1533,18432,19053,12.318,57282,1531,1,1.309,0.595882,1535,2709,2749,1,2.4098,0.88903,1533,6684,6811
3,50,715274,544491,2277,288,294,0.185898,1.79529,2522,-1,ok,0,0,0,0,2521,1,1,3.0942,2279,12434,12715,1,5.26213,2277,26273,27704,15.7706,79200,2277,1,2.1082,0.991983,2279,3889,3906,1,3.60215,1.25079,2277,10136,10222
3,51,118518,621231,1297,164,584,0.26267,1.50237,1472,-1,ok,0,0,0,0,1471,1,1,1.70647,1299,6565,7632,1,2.87575,1297,13018,15570,9.73345,47326,1297,1,1.16541,0.560849,1299,2175,2356,1,1.95446,0.790746,1297,5145,5931
3,52,560125,876072,607,79,194,0.076332,0.529709,700,-1,ok,0,0,0,0,699,1,1,0.592457,609,2913,3480,1,1.17572,607,6011,7298,3.57857,17204,607,1,0.368989,0.151293,609,992,1082,1,0.864014,0.318955,607,2561,2735
3,53,457330,549752,200,27,27,0.030107,0.213869,217,-1,ok,0,0,0,0,216,1,1,0.211906,200,629,1185,1,0.38547,200,1545,3035,0.787532,3599,200,1,0.164937,0.095678,200,282,375,1,0.274754,0.158225,200,585,937
3,54,185650,870115,627,78,138,0.083315,0.672637,732,-1,ok,0,0,0,0,731,1,1,0.9151,627,3512,3998,1,1.6914,627,6881,8351,2.70043,11572,627,1,0.52004,0.208269,627,1084,1150,1,1.15481,0.454939,627,2686,2964
3,55,519871,693835,2142,270,271,0.148348,1.58029,2387,-1,ok,0,0,0,0,2386,1,1,2.8479,2144,12108,12308,1,5.15068,2142,25994,26648,14.4677,73105,2142,1,2.16001,1.02891,2144,3794,3822,1,3.5579,1.36373,2142,9499,9621
3,56,140914,484062,1346,171,593,0.243143,1.43534,1535,-1,ok,0,0,0,0,1534,1,1,1.37445,1348,6543,8191,1,2.55701,1346,12952,17191,9.38145,47059,1346,1,0.980692,0.416828,1348,2197,2465,1,1.91745,0.796098,1346,5077,6275
3,57,630216,170691,1277,162,206,0.11278,0.98536,1448,-1,ok,0,0,0,0,1447,1,1,1.45311,1279,7081,7349,1,2.77927,1277,14192,14970,8.70378,42674,1277,1,0.997123,0.293498,1279,2238,2267,1,5.86973,0.697042,1277,5524,5681
3,58,686374,577768,450,57,154,0.09648,0.473685,479,-1,ok,0,0,0,0,478,1,1,0.513378,450,1592,2781,1,0.644585,450,3089,6082,3.05723,11733,450,1,0.358861,0.164918,450,603,814,1,0.541812,0.254445,450,1193,2086
3,59,625714,607337,2167,274,521,0.211195,1.87869,2426,-1,ok,0,0,0,0,2425,1,1,2.69386,2169,11754,12533,1,5.06327,2167,24845,26854,15.02,73254,2167,1,2.19622,1.07916,2169,3769,3861,1,3.50831,1.37551,2167,9276,9675
3,60,160386,877813,1001,125,126,0.155149,1.20359,1138,-1,ok,0,0,0,0,1137,1,1,1.46737,1001,5393,5967,1,2.76439,1001,11123,12541,5.08333,24866,1001,1,0.901224,0.383727,1001,1749,1857,1,1.66197,0.599189,1001,4197,4773
3,61,557207,713255,2128,270,389,0.207076,1.88536,2387,-1,ok,0,0,0,0,2386,1,1,2.94098,2130,11841,12286,1,4.91898,2128,24856,25920,15.0519,71776,2128,1,1.92612,0.898559,2130,3678,3732,1,3.21921,1.18477,2128,9074,9299
3,62,689095,577712,931,117,306,0.180657,0.936099,988,-1,ok,0,0,0,0,987,1,1,1.2098,931,4787,4993,1,2.07859,931,10419,11256,6.15123,27410,931,1,0.611793,0.274421,931,1442,1467,1,1.12955,0.440202,931,3397,3549
3,63,118518,543922,1546,195,479,0.224028,1.555,1737,-1,ok,0,0,0,0,1736,1,1,2.51578,1554,8547,9051,1,4.05155,1552,16979,18153,12.5642,54964,1546,1,1.66189,0.80869,1554,2674,2767,1,2.82566,0.97478,1552,6476,6870
3,64,743230,714700,454,58,60,0.066815,0.512327,493,-1,ok,0,0,0,0,492,1,1,0.507879,454,1862,2507,1,0.922222,454,3775,5622,1.22568,7262,454,1,0.368408,0.186579,454,679,790,1,0.603056,0.276897,454,1467,1927
3,65,451281,500222,1729,219,584,0.265074,1.79219,1962,-1,ok,0,0,0,0,1961,1,1,2.45194,1731,8997,9975,1,3.80275,1729,18478,21468,10.8503,53341,1729,1,1.70226,0.867622,1731,2892,3056,1,2.65345,1.14075,1729,6864,7682
3,66,87326,638815,783,98,163,0.112762,0.853585,914,-1,ok,0,0,0,0,913,1,1,0.821775,783,2859,4157,1,1.33972,783,6427,10189,4.34782,21613,783,1,0.622373,0.257031,783,1176,1376,1,1.10246,0.448117,783,2581,3406
3,67,873089,178288,543,69,69,0.063909,0.573291,644,-1,ok,0,0,0,0,643,1,1,0.925079,543,2880,3795,1,1.47669,543,5814,8259,1.99494,8868,543,1,0.526614,0.204562,543,911,1044,1,1.16703,0.529177,543,2276,2884
3,68,540231,698411,324,40,45,0.046236,0.334795,343,-1,ok,0,0,0,0,342,1,1,0.539929,324,1617,2027,1,0.989329,324,4103,5008,2.65103,11259,324,1,0.32067,0.175519,324,524,587,1,0.625759,0.353601,324,1244,1508
3,69,608054,502046,428,54,164,0.065764,0.374079,469,-1,ok,0,0,0,0,468,1,1,0.553294,434,1927,2185,1,0.898558,434,3985,5089,2.09125,9740,428,1,0.319769,0.156914,434,666,729,1,0.545549,0.240539,434,1505,1805
3,70,551981,134941,1142,145,149,0.075562,0.833086,1237,-1,ok,0,0,0,0,1236,1,1,1.45722,1142,5735,6206,1,2.98505,1142,12836,14544,8.45408,37155,1142,1,0.96877,0.421868,1142,1921,2012,1,1.80986,0.720416,1142,4416,4977
3,71,463217,908917,606,78,78,0.105777,0.650757,693,-1,ok,0,0,0,0,692,1,1,0.946889,608,2471,3551,1,1.14096,606,4645,7745,3.23895,15134,606,1,0.638032,0.328334,608,878,1083,1,0.830772,0.405327,606,1637,2779
3,72,633916,540912,2768,349,812,0.277498,2.05414,3027,-1,ok,0,0,0,0,3026,1,1,4.2356,2776,15179,15543,1,7.44981,2774,32489,33362,16.4932,78468,2768,1,2.59709,1.18694,2776,4716,4777,1,4.45389,1.53935,2774,12072,12304
3,73,797852,552425,1119,141,385,0.213589,1.13004,1172,-1,ok,0,0,0,0,1171,1,1,1.09447,1119,4608,5881,1,1.98147,1119,10248,13372,5.51744,25862,1119,1,0.702703,0.315719,1119,1560,1784,1,1.37211,0.541992,1119,3803,4754
3,74,746160,847884,1478,186,210,0.143288,1.46599,1639,-1,ok,0,0,0,0,1638,1,1,2.17588,1478,7824,8505,1,3.56096,1478,16971,18438,11.617,53994,1478,1,1.54831,0.7761,1478,2545,2647,1,2.36657,0.956367,1478,6246,6699
3,75,759766,548195,703,92,234,0.105687,0.67957,818,-1,ok,0,0,0,0,817,1,1,0.740464,705,2837,4135,1,1.05074,703,5559,8807,3.39085,16496,703,1,0.479736,0.200534,705,1081,1288,1,0.887859,0.354352,703,2279,3179
3,76,413741,394099,778,98,102,0.098464,0.804342,841,-1,ok,0,0,0,0,840,1,1,0.843927,778,3274,4913,1,1.25777,778,7043,12064,3.92106,20512,778,1,0.794164,0.364801,778,1191,1422,1,1.26225,0.525242,778,2979,3703
3,77,913394,471896,1104,138,388,0.148797,1.19813,1251,-1,ok,0,0,0,0,1250,1,1,1.51501,1104,5393,6259,1,2.24135,1104,10779,13393,9.2998,44041,1104,1,1.01184,0.450683,1104,1811,1961,1,1.62481,0.644313,1104,4149,4882
3,78,652297,501706,101,13,13,0.016892,0.102552,106,-1,ok,0,0,0,0,105,1,1,0.067727,101,101,832,1,0.051045,101,101,2574,0.053633,101,101,1,0.084579,0.050255,101,101,204,1,0.140202,0.090199,101,101,620
3,79,528306,440834,2348,297,1121,0.322483,2.06212,2615,-1,ok,0,0,0,0,2614,1,1,3.33438,2350,12090,13790,1,5.95719,2348,26257,30648,15.1248,70725,2348,1,2.53823,1.19373,2350,3963,4244,1,3.70021,1.51054,2348,9577,10806
3,80,579216,344905,687,87,136,0.112359,0.80225,770,-1,ok,0,0,0,0,769,1,1,0.644564,687,2452,4401,1,0.905703,687,4763,10577,3.60691,18817,687,1,0.495023,0.20911,687,984,1256,1,1.08621,0.451684,687,2378,3319
3,81,291425,565940,613,79,135,0.067306,0.810975,708,-1,ok,0,0,0,0,707,1,1,0.606684,619,2340,3098,1,1.03035,619,4958,7107,4.22309,22156,613,1,0.449851,0.190355,619,928,1034,1,0.769488,0.312224,619,1979,2497
3,82,560203,166249,1334,169,428,0.157043,1.12682,1527,-1,ok,0,0,0,0,1526,1,1,1.69198,1336,6836,7899,1,2.82378,1334,13381,15939,8.37247,39639,1334,1,1.10143,0.498732,1336,2178,2358,1,2.0425,0.826164,1334,5150,5944
3,83,725367,601383,506,64,107,0.079468,0.471998,543,-1,ok,0,0,0,0,542,1,1,0.604369,506,2231,2952,1,0.918163,506,4523,6388,2.61029,13653,506,1,0.36959,0.173294,506,791,870,1,0.644335,0.258844,506,1781,2141
3,84,690950,626446,632,79,195,0.090007,0.429432,659,-1,ok,0,0,0,0,658,1,1,0.645105,632,2754,3438,1,0.959361,632,5588,7994,2.09421,11509,632,1,0.370933,0.159046,632,857,972,1,0.674651,0.282759,632,1885,2419
3,85,885107,623720,1723,217,221,0.129081,1.2939,1910,-1,ok,0,0,0,0,1909,1,1,2.38887,1723,9413,10010,1,3.95937,1723,20060,21753,13.8881,69467,1723,1,1.62848,0.772383,1723,2996,3077,1,2.61872,1.00898,1723,7367,7741
3,86,452862,582210,1864,236,236,0.182973,1.59595,2107,-1,ok,0,0,0,0,2106,1,1,2.62308,1866,10039,10741,1,4.42734,1864,21437,23836,11.2054,55382,1864,1,1.65755,0.793752,1866,3195,3306,1,2.77745,1.11742,1864,7844,8392
3,87,643668,475109,189,24,82,0.04854,0.229187,208,-1,ok,0,0,0,0,207,1,1,0.072765,189,189,1419,1,0.093104,189,206,3363,0.073127,189,189,1,0.096039,0.039644,189,189,372,1,0.202238,0.111939,189,216,1022
3,88,72436,674500,1030,130,219,0.142215,0.965734,1145,-1,ok,0,0,0,0,1144,1,1,1.3195,1030,5401,5687,1,2.56026,1030,12483,13214,7.68625,37614,1030,1,0.868541,0.380129,1030,1762,1801,1,1.6483,0.620458,1030,4290,4460
3,89,868641,853704,37,5,9,0.009888,0.067437,54,-1,ok,0,0,0,0,53,1,1,0.033462,37,37,259,1,0.011912,37,38,759,0.012904,37,37,1,0.026549,0.012664,37,37,70,1,0.044855,0.030126,37,37,209
3,90,644709,548157,2038,258,993,0.274572,1.75376,2293,-1,ok,0,0,0,0,2292,1,1,2.89502,2048,11546,11761,1,4.75041,2038,21973,25343,16.0352,70826,2038,1,2.01505,0.934998,2048,3661,3694,1,3.23591,1.2967,2038,8289,9325
3,91,582005,373594,1217,157,315,0.195185,1.2612,1368,-1,ok,0,0,0,0,1367,1,1,1.60447,1217,6577,6869,1,3.08732,1217,14758,15338,9.75268,45309,1217,1,0.966876,0.423661,1217,2072,2105,1,1.84205,0.704145,1217,5034,5130
3,92,677416,621320,2042,258,753,0.24643,1.47979,2255,-1,ok,0,0,0,0,2254,1,1,2.54731,2044,11083,11653,1,4.89991,2042,23862,25269,15.3877,70315,2042,1,1.81708,0.835542,2044,3549,3653,1,3.09503,1.16317,2042,8729,9214
3,93,705859,580720,219,29,30,0.049793,0.201155,234,-1,ok,0,0,0,0,233,1,1,0.100198,219,389,1460,1,0.145813,219,644,3219,0.265916,1257,219,1,0.106198,0.044905,219,237,417,1,0.230039,0.10741,219,331,1008
3,94,431412,580719,607,77,78,0.055585,0.488844,630,-1,ok,0,0,0,0,629,1,1,0.674229,607,2867,3939,1,1.2873,607,6467,9032,3.57558,17721,607,1,0.447186,0.196799,607,900,1081,1,0.922874,0.330055,607,2044,2722
3,95,437348,552419,661,84,314,0.08608,0.382555,688,-1,ok,0,0,0,0,687,1,1,0.659143,661,3002,4334,1,1.27688,661,7140,10501,3.0986,18299,661,1,0.431455,0.183332,661,1002,1228,1,0.941228,0.414655,661,2294,3266
3,96,758271,503460,743,95,240,0.110667,0.721919,826,-1,ok,0,0,0,0,825,1,1,0.883031,745,2872,4327,1,1.22499,743,5594,9383,3.79976,18490,743,1,0.700177,0.335887,745,1124,1368,1,1.01595,0.43917,743,2362,3443
3,97,868701,479347,1176,150,418,0.1498,1.17255,1343,-1,ok,0,0,0,0,1342,1,1,1.86495,1176,5889,6818,1,2.48919,1176,11732,14553,9.72291,45874,1176,1,1.17735,0.569614,1176,1937,2088,1,1.72703,0.710807,1176,4481,5230
3,98,562097,501182,3169,400,1545,0.378697,1.99904,3438,-1,ok,0,0,0,0,3437,1,1,3.61154,3173,16081,17892,1,6.29363,3171,32862,38196,14.487,74431,3169,1,2.58178,1.15594,3173,5236,5419,1,4.49847,1.69132,3171,12435,14017
3,99,278199,257290,49,8,8,0.012763,0.098473,78,-1,ok,0,0,0,0,77,1,1,0.053559,49,49,407,1,0.017883,49,49,1025,0.014277,49,49,1,0.032832,0.01556,49,49,100,1,0.059921,0.034985,49,49,286
3,100,570049,534288,47,7,22,0.022252,0.097021,74,-1,ok,0,0,0,0,73,1,1,0.035847,47,47,448,1,0.017781,47,47,1216,0.022501,47,47,1,0.0531,0.028383,47,47,100,1,0.082634,0.051607,47,47,304
3,101,541954,728137,425,55,121,0.05891,0.464468,444,-1,ok,0,0,0,0,443,1,1,0.428622,425,2083,2638,1,0.821275,425,4354,5681,1.98487,10772,425,1,0.244125,0.090699,425,676,753,1,0.545889,0.204863,425,1474,1785
3,102,215378,85837,389,48,72,0.035295,0.417401,458,-1,ok,0,0,0,0,457,1,1,0.447195,389,1681,1977,1,0.696402,389,3470,4753,0.98491,5539,389,1,0.264474,0.111147,389,636,660,1,0.468756,0.179786,389,1374,1627
3,103,589928,544726,2226,282,515,0.265267,1.99292,2497,-1,ok,0,0,0,0,2496,1,1,3.32211,2228,12338,13043,1,5.20493,2226,26053,28248,15.0053,73866,2226,1,2.2679,1.19109,2228,3891,3966,1,3.34225,1.29491,2226,9568,9942
3,104,541522,549453,805,101,292,0.135944,0.729122,838,-1,ok,0,0,0,0,837,1,1,0.714694,805,3188,4468,1,1.33317,805,6867,10012,7.48774,23643,805,1,0.504784,0.236823,805,1064,1285,1,1.0016,0.410045,805,2708,3639
3,105,502684,483770,978,123,430,0.150512,0.618085,1035,-1,ok,0,0,0,0,1034,1,1,0.943343,978,5048,5331,1,2.01608,978,11632,12104,5.64193,30698,978,1,0.54056,0.244908,978,1521,1543,1,1.40736,0.580894,978,4131,4234
3,106,185739,464682,1225,156,548,0.220341,1.36327,1410,-1,ok,0,0,0,0,1409,1,1,2.21838,1227,5957,7719,1,2.79121,1225,12171,16504,10.3977,44382,1225,1,1.43521,0.764848,1227,2019,2301,1,1.85085,0.801106,1225,4726,5958
3,107,564997,595611,2276,286,948,0.366975,1.96605,2531,-1,ok,0,0,0,0,2530,1,1,3.25831,2280,12654,12750,1,5.01938,2278,26007,26488,11.8765,58396,2276,1,2.00733,0.929126,2280,3926,3938,1,3.31921,1.29328,2278,9665,9736
3,108,589155,636201,2476,312,316,0.240378,2.35111,2715,-1,ok,0,0,0,0,2714,1,1,3.12853,2478,13231,13813,1,5.96691,2476,28575,29985,15.4025,70451,2476,1,2.24533,1.03221,2478,4171,4287,1,4.08383,1.52685,2476,10208,10695
3,109,531285,901687,2128,267,272,0.249357,2.2017,2343,-1,ok,0,0,0,0,2342,1,1,2.635,2128,11465,12182,1,5.12351,2128,25021,26749,14.7948,68196,2128,1,1.85148,0.882409,2128,3678,3806,1,3.24544,1.22399,2128,8943,9588
3,110,732706,576220,224,28,81,0.041046,0.212096,245,-1,ok,0,0,0,0,244,1,1,0.209723,224,1092,1296,1,0.385229,224,2059,2894,0.677817,3123,224,1,0.125625,0.045797,224,377,400,1,0.299269,0.105376,224,854,1004
3,111,109733,638731,1000,128,284,0.094949,0.958941,1141,-1,ok,0,0,0,0,1140,1,1,0.972377,1000,4679,5492,1,2.04343,1000,10752,12318,6.82831,35200,1000,1,0.675492,0.247492,1000,1643,1766,1,1.45236,0.535863,1000,3886,4383
3,112,662568,191645,835,107,108,0.058569,0.559534,918,-1,ok,0,0,0,0,917,1,1,0.807127,835,4212,4591,1,1.82582,835,9467,10545,8.26362,33636,835,1,0.488744,0.141414,835,1397,1448,1,1.24246,0.441874,835,3383,3663
3,113,374965,759941,1238,156,285,0.114023,0.930597,1415,-1,ok,0,0,0,0,1414,1,1,1.51297,1238,5929,6927,1,2.60495,1238,12273,14595,8.68617,43838,1238,1,0.980202,0.401761,1238,2043,2230,1,1.89946,0.695989,1238,4855,5556
3,114,719164,27693,1169,149,150,0.074598,0.657729,1310,-1,ok,0,0,0,0,1309,1,1,1.43389,1169,6262,6619,1,2.88358,1169,14229,15345,8.32755,40737,1169,1,0.902145,0.335196,1171,1992,2031,1,1.80294,0.686821,1171,4897,5076
3,115,752294,934231,163,21,81,0.036337,0.179635,180,-1,ok,0,0,0,0,179,1,1,0.288159,163,956,1075,1,0.334144,163,1527,2612,0.344904,1566,163,1,0.172523,0.071733,163,289,303,1,0.267369,0.102061,163,748,813
3,116,655535,844782,573,75,128,0.044714,0.48705,682,-1,ok,0,0,0,0,681,1,1,0.664431,575,2613,3217,1,1.03255,573,5206,6711,3.58905,16115,573,1,0.382104,0.174095,575,918,1007,1,0.74959,0.27834,573,2293,2537
3,117,474798,607811,1695,215,753,0.176338,1.27723,1934,-1,ok,0,0,0,0,1933,1,1,2.06065,1697,8373,9557,1,3.56847,1695,17235,19978,13.6431,63777,1695,1,1.35866,0.597037,1697,2829,3020,1,2.34186,0.900804,1695,6768,7588
3,118,913321,352359,1830,231,349,0.186157,1.70579,2077,-1,ok,0,0,0,0,2076,1,1,2.29975,1836,9066,10953,1,3.77987,1836,19310,25022,13.8724,67065,1830,1,1.64392,0.676022,1836,3052,3320,1,2.95867,1.12589,1836,7632,8553
3,119,458475,638815,192,25,45,0.050272,0.209942,215,-1,ok,0,0,0,0,214,1,1,0.073076,192,192,1469,1,0.119122,192,513,3826,0.181098,941,192,1,0.111118,0.048992,192,192,383,1,0.236051,0.123691,192,243,1003
3,120,185587,899904,797,101,373,0.121618,0.753016,944,-1,ok,0,0,0,0,943,1,1,0.905221,803,4023,4746,1,1.8038,803,8147,10028,6.70995,28653,797,1,0.636408,0.223908,803,1308,1436,1,1.29388,0.485396,803,3129,3602
3,121,660993,722496,1439,182,350,0.125284,0.950847,1578,-1,ok,0,0,0,0,1577,1,1,1.34156,1445,6531,8268,1,2.68564,1445,14355,18076,10.2422,49024,1439,1,0.933193,0.367296,1445,2294,2562,1,1.93664,0.78615,1445,5224,6490
3,122,587664,590978,396,50,191,0.080761,0.258834,411,-1,ok,0,0,0,0,410,1,1,0.296615,396,1112,2366,1,0.447827,396,2270,5821,0.501276,2903,396,1,0.198991,0.100778,396,485,624,1,0.355283,0.188512,396,740,1671
3,123,227425,627948,1391,176,409,0.138539,1.00357,1498,-1,ok,0,0,0,0,1497,1,1,1.31721,1391,6911,7541,1,2.79505,1391,15277,17439,10.0121,48375,1391,1,0.841021,0.334755,1391,2193,2298,1,1.85526,0.689569,1391,5275,5767
3,124,404568,507174,380,48,121,0.051435,0.298077,401,-1,ok,0,0,0,0,400,1,1,0.323564,380,1079,1203,1,0.452705,380,2252,4292,0.892787,4446,380,1,0.211916,0.092603,380,477,505,1,0.33741,0.15546,380,784,1315
3,125,234885,555140,1077,136,140,0.061385,0.662226,1178,-1,ok,0,0,0,0,1177,1,1,0.962668,1077,5077,6066,1,2.01889,1077,11389,14465,7.68225,38485,1077,1,0.700148,0.274834,1077,1760,1895,1,1.52121,0.600191,1077,4169,4833
3,126,379198,738927,1657,209,291,0.116047,1.24467,1836,-1,ok,0,0,0,0,1835,1,1,2.01107,1657,8198,9911,1,3.85138,1657,19054,22612,10.4671,50465,1657,1,1.30089,0.549646,1657,2733,2993,1,2.55545,1.06291,1657,6525,7742
3,127,516377,549670,2291,289,1007,0.315609,1.51741,2538,-1,ok,0,0,0,0,2537,1,1,2.72609,2293,12088,13435,1,5.19108,2291,26383,29744,14.6165,70659,2291,1,1.92475,0.873351,2293,3913,4133,1,3.37116,1.31094,2291,9547,10516
3,128,346621,479141,772,98,451,0.156222,0.704026,845,-1,ok,0,0,0,0,844,1,1,0.839419,772,4226,4800,1,1.66094,772,9302,10995,4.52188,23874,772,1,0.514752,0.224931,772,1320,1345,1,1.09197,0.437306,772,3191,3416
3,129,380939,508659,970,123,476,0.143257,0.499543,1039,-1,ok,0,0,0,0,1038,1,1,0.72798,970,3641,5341,1,1.29756,970,7611,12564,3.61064,20262,970,1,0.547292,0.195746,970,1392,1556,1,1.11367,0.449771,970,2841,4360
3,130,549667,582479,32,4,6,0.007714,0.047648,39,-1,ok,0,0,0,0,38,1,1,0.036499,32,32,256,1,0.022371,32,32,832,0.022081,32,32,1,0.028893,0.017803,32,32,68,1,0.045154,0.031389,32,32,208
3,131,231944,556389,1377,174,178,0.072335,0.726777,1496,-1,ok,0,0,0,0,1495,1,1,1.37082,1377,7065,7385,1,2.83213,1377,15657,17038,9.34582,47464,1377,1,0.920109,0.359742,1377,2213,2259,1,1.82473,0.675783,1377,5401,5606
3,132,444980,143997,639,81,81,0.048711,0.517738,742,-1,ok,0,0,0,0,741,1,1,0.524209,639,2674,3142,1,1.05655,639,5792,7211,2.51381,14571,639,1,0.338322,0.110025,639,993,1064,1,0.752807,0.294691,639,2193,2537
3,133,553121,561095,2824,356,624,0.233226,2.044,3099,-1,ok,0,0,0,0,3098,1,1,3.8541,2828,15497,16319,1,6.03327,2826,32022,34412,15.182,73309,2824,1,2.56368,1.19882,2828,4831,4955,1,4.36966,1.74105,2826,11845,12414
3,134,557186,599599,2595,328,1104,0.447506,2.55963,2862,-1,ok,0,0,0,0,2861,1,1,3.09644,2597,14056,14685,1,5.74219,2595,29556,31755,16.4595,80846,2595,1,2.36722,1.14725,2597,4331,4439,1,3.87986,1.59022,2595,10607,11102
3,135,752223,476482,939,119,186,0.136385,1.14403,1062,-1,ok,0,0,0,0,1061,1,1,1.08276,945,4581,5003,1,2.26323,945,10664,11924,4.80655,25957,939,1,0.660404,0.266287,945,1562,1662,1,1.37713,0.509181,945,3768,4139
3,136,668229,470670,2659,335,339,0.200403,2.00092,2914,-1,ok,0,0,0,0,2913,1,1,3.35338,2661,13490,15016,1,5.85714,2659,29068,32969,15.3037,70689,2659,1,2.36424,1.11601,2661,4354,4608,1,3.88102,1.43983,2659,10881,11985
3,137,328875,564452,195,27,46,0.034757,0.303507,252,-1,ok,0,0,0,0,251,1,1,0.180468,195,414,1128,1,0.157714,195,656,2634,0.182481,898,195,1,0.138008,0.064521,195,253,377,1,0.260829,0.140513,195,389,1004
3,138,642157,729840,1731,219,946,0.298026,1.70857,1960,-1,ok,0,0,0,0,1959,1,1,1.6898,1733,7961,9989,1,2.91118,1731,15768,21745,11.2212,53712,1731,1,1.38356,0.629747,1733,2776,3083,1,2.36908,1.04634,1731,6308,7894
3,139,90305,752572,987,124,320,0.121446,0.928563,1140,-1,ok,0,0,0,0,1139,1,1,1.24221,989,5198,6003,1,2.09572,987,9698,12879,4.1562,21023,987,1,0.739732,0.245418,989,1741,1859,1,1.61932,0.607945,987,3783,4804
3,140,540469,868590,1095,139,513,0.131115,0.763306,1286,-1,ok,0,0,0,0,1285,1,1,1.29164,1101,5571,6178,1,2.41286,1101,12070,13676,9.30164,38391,1095,1,0.731808,0.259356,1101,1845,1960,1,1.65216,0.601363,1101,4564,4959
3,141,554237,542468,341,44,93,0.057167,0.285844,370,-1,ok,0,0,0,0,369,1,1,0.410224,343,1508,1831,1,0.540049,343,2905,3721,1.4743,5867,341,1,0.255606,0.123451,343,553,601,1,0.398055,0.169939,343,1194,1372
3,142,552875,544670,2521,318,557,0.177511,1.82152,2802,-1,ok,0,0,0,0,2801,1,1,2.93399,2525,13491,14456,1,5.21315,2523,28024,30580,14.4073,73344,2521,1,2.22159,1.03212,2525,4297,4422,1,3.68806,1.38982,2523,10467,11022
3,143,489779,135045,582,74,79,0.081385,0.657548,697,-1,ok,0,0,0,0,696,1,1,0.491818,582,2514,2925,1,1.06186,582,5634,7059,2.84686,15398,582,1,0.30584,0.101619,582,915,981,1,0.763115,0.303065,582,2089,2436
3,144,684986,321427,899,114,115,0.060074,0.575256,998,-1,ok,0,0,0,0,997,1,1,0.812438,899,3839,4822,1,1.76709,899,8675,11101,7.8759,34162,899,1,0.548085,0.180859,899,1408,1563,1,1.24279,0.46625,899,3136,3869
3,145,551199,39629,1264,160,160,0.121938,1.15577,1433,-1,ok,0,0,0,0,1432,1,1,2.07609,1266,7684,8005,1,3.3064,1264,14915,16919,9.3775,39964,1264,1,1.24032,0.569604,1268,2270,2296,1,2.26164,0.890283,1266,5851,5980
3,146,161784,518507,1403,178,483,0.194162,1.3585,1598,-1,ok,0,0,0,0,1597,1,1,1.47752,1405,7198,8310,1,2.80338,1403,14280,16666,10.2777,50296,1403,1,0.995316,0.393432,1405,2374,2524,1,2.02816,0.736186,1403,5631,6292
3,147,916310,555655,611,78,78,0.055263,0.31898,696,-1,ok,0,0,0,0,695,1,1,0.476183,613,2328,3492,1,0.910059,611,4747,7576,2.61083,14115,611,1,0.335624,0.104792,613,925,1122,1,0.747857,0.290223,611,1965,2815
3,148,358724,558670,1036,132,132,0.065752,0.473876,1177,-1,ok,0,0,0,0,1176,1,1,1.0086,1038,5824,6344,1,2.07535,1036,11523,12766,7.89021,39297,1036,1,0.603497,0.197178,1038,1853,1892,1,1.49748,0.531012,1036,4576,4787
3,149,491303,659590,417,53,80,0.052123,0.397359,430,-1,ok,0,0,0,0,429,1,1,0.734989,417,2392,2647,1,1.12281,417,5165,5941,2.45754,13217,417,1,0.388115,0.178724,417,734,771,1,0.702062,0.255748,417,1802,1970
3,150,551910,879052,1906,240,683,0.17106,1.26348,2095,-1,ok,0,0,0,0,2094,1,1,2.98115,1912,10147,10738,1,4.71406,1912,22115,23817,12.7482,55146,1906,1,1.74716,0.839278,1912,3162,3268,1,2.93477,1.1335,1912,7774,8238
3,151,548928,513895,2545,321,1007,0.368245,1.98651,2794,-1,ok,0,0,0,0,2793,1,1,2.94461,2547,13019,14479,1,5.64082,2545,27856,31586,14.6781,70674,2545,1,2.12951,0.957799,2547,4187,4424,1,3.74144,1.40976,2545,10520,11570
3,152,544907,516738,841,107,181,0.10699,0.827015,980,-1,ok,0,0,0,0,979,1,1,0.729132,847,3561,4113,1,1.50903,847,7963,9621,5.49013,25710,841,1,0.490249,0.144724,847,1325,1453,1,1.04562,0.390847,847,3021,3504
3,153,596621,550078,3073,387,396,0.208479,2.03013,3338,-1,ok,0,0,0,0,3337,1,1,3.82207,3077,16218,17378,1,7.22129,3075,34577,36949,18.6504,87684,3073,1,2.72333,1.32462,3077,5148,5315,1,4.63953,1.77741,3075,12929,13697
3,154,457377,679268,965,123,123,0.139591,1.01473,1098,-1,ok,0,0,0,0,1097,1,1,1.17114,971,5442,5663,1,2.24343,965,11905,12536,5.02472,27753,965,1,0.617835,0.252623,971,1721,1753,1,1.41532,0.553565,969,4247,4361
3,155,888007,738901,148,18,21,0.015289,0.11762,181,-1,ok,0,0,0,0,180,1,1,0.186598,148,869,994,1,0.393646,148,1865,2344,0.596285,3181,148,1,0.094436,0.037089,148,255,261,1,0.227204,0.097772,148,650,696
3,156,557446,245356,1550,195,231,0.135963,0.989358,1723,-1,ok,0,0,0,0,1722,1,1,1.87846,1554,8599,9158,1,3.25943,1552,17103,18498,7.59277,40658,1550,1,1.02701,0.388316,1554,2659,2755,1,2.2593,0.841402,1552,6466,6881
3,157,269058,233403,285,36,51,0.040696,0.314077,320,-1,ok,0,0,0,0,319,1,1,0.251459,285,816,1356,1,0.326069,285,1717,3175,0.720746,3379,285,1,0.186269,0.09059,285,399,472,1,0.307444,0.134231,285,796,1168
3,158,561143,482354,629,80,269,0.100037,0.5347,656,-1,ok,0,0,0,0,655,1,1,0.733591,629,2335,3905,1,0.936099,629,4674,8730,4.34841,17927,629,1,0.546391,0.249215,629,839,1117,1,0.856089,0.408694,629,1684,2820
3,159,476616,512534,204,27,60,0.037089,0.244207,259,-1,ok,0,0,0,0,258,1,1,0.202218,204,723,1149,1,0.317293,204,1530,2715,1.08722,6051,204,1,0.13915,0.063959,204,296,384,1,0.236823,0.111338,204,535,922
3,160,651112,289929,1373,174,447,0.13349,1.10095,1564,-1,ok,0,0,0,0,1563,1,1,1.74424,1375,7072,7749,1,2.80031,1373,14072,16023,9.04864,45876,1373,1,1.15289,0.493462,1375,2299,2437,1,2.08573,0.838116,1373,5483,6114
3,161,728484,372110,264,34,67,0.049202,0.291746,283,-1,ok,0,0,0,0,282,1,1,0.105537,264,279,1965,1,0.107421,264,264,3855,0.097933,309,264,1,0.167594,0.067897,264,264,520,1,0.344863,0.210252,264,264,1509
3,162,569402,643340,2200,278,278,0.163536,1.59458,2465,-1,ok,0,0,0,0,2464,1,1,2.47249,2204,11528,12539,1,4.48879,2202,23311,26493,10.5083,55450,2200,1,1.77937,0.775129,2204,3665,3818,1,3.04835,1.20009,2202,8801,9534
3,163,148333,409238,245,33,84,0.031419,0.270676,292,-1,ok,0,0,0,0,291,1,1,0.164567,245,598,1017,1,0.207537,245,1104,2680,0.284061,1531,245,1,0.136645,0.048361,245,333,449,1,0.266248,0.118672,245,554,1157
3,164,464750,373454,1640,209,356,0.13924,1.11307,1861,-1,ok,0,0,0,0,1860,1,1,1.77758,1642,8916,9307,1,3.50787,1640,18693,20185,9.7454,51643,1640,1,1.09612,0.43379,1642,2832,2927,1,2.37103,0.883099,1640,6904,7392
3,165,355695,858397,800,101,115,0.07465,0.673779,897,-1,ok,0,0,0,0,896,1,1,0.97442,800,4460,4901,1,1.82144,800,8707,9875,3.45632,18252,800,1,0.535992,0.156042,800,1409,1489,1,1.28573,0.441113,800,3413,3823
3,166,671610,490121,1975,250,796,0.225972,1.45404,2204,-1,ok,0,0,0,0,2203,1,1,2.89636,1977,11020,11390,1,5.16697,1975,23754,25145,17.9907,76395,1975,1,1.8858,0.918105,1977,3469,3529,1,3.0712,1.16856,1975,8623,8912
3,167,620032,817899,1017,131,425,0.153336,0.86181,1146,-1,ok,0,0,0,0,1145,1,1,0.97923,1021,4920,5809,1,1.73013,1019,9618,11839,5.4947,27881,1017,1,0.527285,0.201597,1021,1588,1740,1,1.28536,0.497249,1019,3846,4295
3,168,475138,561483,915,116,262,0.092883,0.493102,1028,-1,ok,0,0,0,0,1027,1,1,0.939725,917,4770,5502,1,1.7943,915,10054,11557,5.47464,30334,915,1,0.531784,0.190285,917,1530,1629,1,1.19968,0.458798,915,3628,4058
3,169,677523,564943,2418,306,307,0.151273,1.70517,2671,-1,ok,0,0,0,0,2670,1,1,3.14014,2422,13003,13861,1,5.43033,2420,27254,29062,19.8245,84521,2418,1,2.01424,0.903738,2422,4152,4270,1,3.64351,1.31353,2420,10086,10630
3,170,547139,894242,1009,130,253,0.12245,0.847143,1124,-1,ok,0,0,0,0,1123,1,1,1.07973,1011,5402,5747,1,1.98075,1011,10421,11276,3.5529,19650,1009,1,0.573773,0.221655,1011,1676,1688,1,1.32041,0.484545,1011,4004,4065
3,171,513656,703356,1488,190,412,0.18699,1.28093,1675,-1,ok,0,0,0,0,1674,1,1,2.03334,1490,8083,8271,1,3.42125,1488,16777,17353,13.4052,57709,1488,1,1.27835,0.562471,1490,2631,2666,1,2.37343,0.874563,1488,6476,6614
3,172,561653,646343,1780,225,681,0.233967,1.58174,1999,-1,ok,0,0,0,0,1998,1,1,1.7027,1782,8573,10282,1,3.17815,1780,17031,22330,10.2737,53602,1780,1,1.26922,0.533717,1782,2875,3140,1,2.29452,0.929927,1780,6604,7916
3,173,452860,580211,2703,341,1269,0.333924,1.78466,2974,-1,ok,0,0,0,0,2973,1,1,3.47534,2705,14839,15396,1,6.09922,2703,31990,34001,15.7189,80816,2703,1,2.32616,1.0834,2705,4580,4676,1,3.93463,1.47894,2703,11359,11802
3,174,457346,589806,992,126,126,0.137016,1.03173,1113,-1,ok,0,0,0,0,1112,1,1,1.11371,994,5334,5964,1,2.22603,992,11603,13020,6.14084,29685,992,1,0.66921,0.290975,994,1700,1790,1,1.45691,0.595382,992,4094,4510
3,175,125970,564306,414,54,111,0.088515,0.569816,503,-1,ok,0,0,0,0,502,1,1,0.450932,414,1352,2044,1,0.734742,414,2947,5123,1.29925,5306,414,1,0.368488,0.181088,414,630,732,1,0.593158,0.24622,414,1387,1869
3,176,432903,536123,1450,183,300,0.1335,1.21925,1593,-1,ok,0,0,0,0,1592,1,1,2.01593,1456,7491,8099,1,3.59316,1456,17087,18897,11.7785,48138,1450,1,1.18374,0.501568,1456,2412,2551,1,2.04267,0.787732,1456,5816,6447
3,177,586708,335970,692,88,223,0.117741,0.598098,725,-1,ok,0,0,0,0,724,1,1,0.59927,692,2664,4665,1,0.929857,692,5262,11466,3.52263,19204,692,1,0.443288,0.182191,692,1010,1297,1,0.948633,0.452436,692,2064,3489
3,178,127595,700137,422,53,53,0.044002,0.434631,471,-1,ok,0,0,0,0,470,1,1,0.516515,422,1463,3126,1,0.788794,422,3143,6702,1.03316,4133,422,1,0.357308,0.145923,422,584,831,1,0.739902,0.361786,422,1160,2358
3,179,538665,123021,1064,135,364,0.088776,0.669841,1155,-1,ok,0,0,0,0,1154,1,1,1.18197,1064,5394,5977,1,2.2093,1064,11602,13450,8.64352,34570,1064,1,0.713712,0.270855,1064,1749,1859,1,1.50523,0.584893,1064,3968,4615
3,180,352712,882018,430,55,188,0.053149,0.408141,517,-1,ok,0,0,0,0,516,1,1,0.760471,436,2301,2930,1,1.0629,436,4335,6038,2.12665,5526,430,1,0.457825,0.199763,436,718,835,1,0.839117,0.338452,436,1795,2222
3,181,570105,642882,409,50,66,0.036599,0.25704,418,-1,ok,0,0,0,0,417,1,1,0.405178,409,1968,2229,1,0.855648,409,4742,5628,2.54355,10197,409,1,0.175136,0.070651,409,566,603,1,0.419143,0.160891,409,1365,1550
3,182,236454,64964,158,20,31,0.023424,0.176659,191,-1,ok,0,0,0,0,190,1,1,0.270836,158,854,1101,1,0.425555,158,2056,2862,0.993439,3096,158,1,0.146404,0.067957,158,273,299,1,0.249776,0.128149,158,492,730
3,183,547182,801522,1262,161,311,0.102331,0.928945,1391,-1,ok,0,0,0,0,1390,1,1,1.62726,1266,6238,7093,1,2.40821,1264,12502,14470,7.85128,28573,1262,1,0.913237,0.411399,1266,2056,2193,1,1.68797,0.654932,1264,5070,5474
3,184,684920,553657,177,22,64,0.025016,0.176019,192,-1,ok,0,0,0,0,191,1,1,0.123421,177,219,1214,1,0.094717,177,344,3115,0.297807,670,177,1,0.151172,0.067336,177,192,324,1,0.217165,0.121968,177,231,828
3,185,552875,351270,1255,158,390,0.102982,0.648201,1402,-1,ok,0,0,0,0,1401,1,1,1.22523,1259,5897,7639,1,2.12478,1257,11557,15226,9.47238,34338,1255,1,0.774448,0.324607,1259,1979,2242,1,1.6791,0.72824,1257,4461,5719
3,186,492765,584268,2039,257,828,0.205084,1.46316,2278,-1,ok,0,0,0,0,2277,1,1,2.51379,2043,11031,11572,1,4.51499,2041,22884,24010,19.25,80673,2039,1,1.45793,0.601634,2043,3521,3604,1,2.90373,1.07446,2041,8548,8868
3,187,155792,743182,560,72,106,0.08024,0.570175,615,-1,ok,0,0,0,0,614,1,1,0.461302,560,1446,2988,1,0.627062,560,2899,7391,1.33909,5800,560,1,0.495866,0.196017,560,772,1026,1,0.807859,0.332952,560,1613,2647
3,188,433249,556063,1470,186,186,0.100447,0.905982,1601,-1,ok,0,0,0,0,1600,1,1,1.43052,1474,7517,8852,1,2.78274,1472,14954,17695,11.4434,53381,1470,1,0.992305,0.427238,1474,2455,2635,1,2.01271,0.80198,1472,5779,6624
3,189,675909,548947,322,41,41,0.040957,0.239738,343,-1,ok,0,0,0,0,342,1,1,0.398054,322,1400,1638,1,0.491979,322,2530,3763,0.627983,3084,322,1,0.189054,0.091101,322,395,427,1,0.42887,0.127547,322,1340,1475
3,190,801727,652069,1904,240,452,0.168315,1.50812,2131,-1,ok,0,0,0,0,2130,1,1,2.49841,1904,10371,10933,1,4.23168,1904,22208,23599,14.9182,72405,1904,1,1.72186,0.814702,1904,3345,3407,1,2.87339,1.12817,1904,8296,8560
3,191,424436,194685,1235,156,343,0.190296,1.12064,1408,-1,ok,0,0,0,0,1407,1,1,1.58781,1237,6874,7585,1,3.02985,1235,14216,16392,7.85416,36924,1235,1,0.912014,0.358531,1237,2121,2243,1,1.93092,0.746746,1235,5246,5795
3,192,568596,520838,78,11,36,0.024506,0.120565,103,-1,ok,0,0,0,0,102,1,1,0.061827,78,78,682,1,0.035736,78,78,1951,0.040785,78,78,1,0.077385,0.050796,78,78,160,1,0.126085,0.097732,78,78,478
3,193,537052,487130,2582,325,746,0.243074,1.97047,2829,-1,ok,0,0,0,0,2828,1,1,3.14932,2584,14317,14578,1,6.48431,2582,31092,32247,16.8854,77015,2582,1,2.39441,1.07883,2584,4404,4455,1,3.98228,1.50317,2582,11378,11618
3,194,287117,597610,1357,171,206,0.152894,1.27581,1512,-1,ok,0,0,0,0,1511,1,1,1.47035,1361,7537,8036,1,2.8407,1359,15037,16306,11.103,53827,1357,1,0.872951,0.344714,1361,2343,2428,1,1.96011,0.720606,1359,5663,6056
3,195,734217,369103,902,115,312,0.122077,0.842784,1035,-1,ok,0,0,0,0,1034,1,1,1.22304,902,4498,4688,1,2.17655,902,10300,11002,9.09078,37832,902,1,0.723962,0.290412,902,1523,1571,1,1.34992,0.50365,902,3671,3875
3,196,609326,594424,18,4,5,0.006582,0.039223,43,-1,ok,0,0,0,0,42,1,1,0.032941,18,18,240,1,0.005311,18,18,636,0.006902,18,18,1,0.012564,0.007825,18,18,30,1,0.020689,0.014006,18,18,88
3,197,555356,373478,150,19,29,0.015881,0.092984,175,-1,ok,0,0,0,0,174,1,1,0.141384,150,449,907,1,0.172221,150,800,2355,0.191479,955,150,1,0.102973,0.040115,150,240,267,1,0.212837,0.089967,150,481,714
3,198,538782,596393,2887,364,365,0.169167,1.66228,3150,-1,ok,0,0,0,0,3149,1,1,3.73139,2891,15879,16938,1,6.50101,2889,33234,35422,20.1305,90119,2887,1,2.351,1.03352,2891,4940,5063,1,4.25385,1.61945,2889,11979,12589
3,199,853804,764242,234,31,58,0.05865,0.238505,245,-1,ok,0,0,0,0,244,1,1,0.135313,234,498,1470,1,0.156874,234,866,3079,0.210303,1221,234,1,0.109285,0.04319,234,284,441,1,0.24085,0.108904,234,605,1087
3,200,546144,731449,1563,198,278,0.168865,1.45606,1724,-1,ok,0,0,0,0,1723,1,1,1.75691,1563,7225,9033,1,3.03542,1563,15801,19661,10.2391,49057,1563,1,1.29203,0.624786,1563,2476,2747,1,2.18548,0.923125,1563,5637,6939
3,201,546580,470520,70,10,22,0.017041,0.104696,85,-1,ok,0,0,0,0,84,1,1,0.063608,70,70,514,1,0.029646,70,70,978,0.037911,70,70,1,0.045124,0.020929,70,70,143,1,0.101118,0.064539,70,70,368
3,202,587180,610058,2820,356,871,0.319247,2.24827,3097,-1,ok,0,0,0,0,3096,1,1,3.58709,2824,15398,15978,1,6.29896,2822,32165,34160,16.2311,80831,2820,1,2.52715,1.15358,2824,4711,4802,1,4.19018,1.6215,2822,11557,11979
3,203,554148,555672,34,5,5,0.009358,0.050214,47,-1,ok,0,0,0,0,46,1,1,0.040375,34,34,320,1,0.01079,34,34,1088,0.009678,34,34,1,0.016721,0.009257,34,34,76,1,0.046547,0.033553,34,34,232
3,204,618603,576023,2630,332,606,0.263903,2.31604,2897,-1,ok,0,0,0,0,2896,1,1,3.10639,2634,14322,15205,1,5.71139,2632,29803,32170,14.9813,73278,2630,1,2.18437,1.00143,2634,4501,4617,1,3.73676,1.42763,2632,11008,11525
3,205,111185,663982,1131,143,147,0.122369,1.20167,1290,-1,ok,0,0,0,0,1289,1,1,1.14544,1131,5616,6130,1,2.45736,1131,12841,14236,7.77913,40593,1131,1,0.755362,0.290603,1131,1906,1973,1,1.63777,0.60473,1131,4555,4881
3,206,558415,519079,908,115,379,0.143907,0.538997,959,-1,ok,0,0,0,0,958,1,1,0.687725,908,3049,4839,1,1.03925,908,5983,11307,3.28956,18460,908,1,0.483474,0.194394,908,1265,1439,1,1.00438,0.436517,908,2483,4073
3,207,273703,668225,1512,191,297,0.100497,0.790047,1627,-1,ok,0,0,0,0,1626,1,1,1.4497,1512,7674,8055,1,3.10878,1512,17324,18555,10.9871,54992,1512,1,0.861049,0.274563,1512,2420,2468,1,1.91067,0.673589,1512,5797,6051
3,208,342313,675920,1135,144,286,0.110046,0.520462,1258,-1,ok,0,0,0,0,1257,1,1,1.04512,1135,5752,6229,1,2.29021,1135,12793,14103,8.88843,43864,1135,1,0.628915,0.191719,1135,1924,1987,1,1.55402,0.545168,1135,4609,4890
3,209,455838,475237,29,4,5,0.006402,0.054572,46,-1,ok,0,0,0,0,45,1,1,0.035026,29,29,227,1,0.015169,29,29,689,0.019445,29,29,1,0.031849,0.017903,29,29,62,1,0.042891,0.028925,29,30,153
3,210,407548,553070,2852,359,360,0.175437,2.00989,3099,-1,ok,0,0,0,0,3098,1,1,3.86838,2856,15427,16707,1,7.05827,2854,33097,35723,20.4603,87342,2852,1,2.56978,1.19475,2856,4887,5062,1,4.25864,1.6063,2854,11914,12722
3,211,504813,914851,324,41,88,0.088506,0.555587,391,-1,ok,0,0,0,0,390,1,1,0.351768,324,1250,1956,1,0.578491,324,2823,4676,1.04088,3703,324,1,0.269002,0.100637,324,589,622,1,0.542184,0.204884,324,1227,1680
3,212,547561,230431,1222,156,170,0.110686,1.14715,1331,-1,ok,0,0,0,0,1330,1,1,1.38171,1222,6037,6656,1,2.71908,1222,13714,15278,10.6748,41512,1222,1,0.900613,0.384469,1222,2024,2105,1,1.74364,0.681494,1222,4847,5239
3,213,466238,312299,1571,199,667,0.188151,1.30091,1760,-1,ok,0,0,0,0,1759,1,1,2.07679,1573,8600,9048,1,3.51054,1571,18024,19398,10.9217,48789,1571,1,1.33395,0.563403,1573,2717,2808,1,2.37517,0.912425,1571,6653,7087
3,214,234897,536226,1213,154,566,0.174565,1.13333,1408,-1,ok,0,0,0,0,1407,1,1,1.32212,1223,7062,7364,1,2.15356,1213,11862,15316,12.6468,45493,1213,1,0.814442,0.290182,1223,2215,2261,1,1.69229,0.670392,1213,4654,5751
3,215,580756,561650,1750,221,221,0.143338,1.17133,1965,-1,ok,0,0,0,0,1964,1,1,2.11543,1752,9451,9912,1,3.89185,1750,19851,20981,16.5108,69389,1750,1,1.25934,0.510754,1752,3084,3119,1,2.47843,0.908727,1750,7545,7741
3,216,744886,554466,1138,145,521,0.143748,0.664691,1257,-1,ok,0,0,0,0,1256,1,1,1.13959,1142,5738,6472,1,2.14921,1140,11733,13112,9.1014,36805,1138,1,0.628174,0.229679,1142,1912,2029,1,1.49117,0.559725,1140,4432,4867
3,217,864144,644857,1147,146,535,0.16584,1.1071,1316,-1,ok,0,0,0,0,1315,1,1,1.18422,1153,5085,6753,1,1.92004,1153,10247,15066,9.15275,41653,1147,1,0.89948,0.396762,1153,1801,2070,1,1.56189,0.677786,1153,4030,5362
3,218,155929,549165,1194,151,289,0.107611,0.848044,1327,-1,ok,0,0,0,0,1326,1,1,1.43578,1194,5652,6528,1,2.40468,1194,12617,15189,9.16066,40836,1194,1,0.948432,0.404736,1194,1957,2089,1,1.64582,0.635978,1194,4576,5179
3,219,734340,664355,1063,134,134,0.078708,0.865186,1176,-1,ok,0,0,0,0,1175,1,1,1.01673,1063,4879,6291,1,2.11085,1063,11106,14261,8.41314,34008,1063,1,0.680172,0.268703,1063,1721,1911,1,1.4441,0.574042,1063,4018,4968
3,220,483567,570424,1455,183,187,0.088074,0.854175,1604,-1,ok,0,0,0,0,1603,1,1,1.50822,1455,7485,8395,1,3.21988,1455,17040,19273,12.3268,48921,1455,1,0.973048,0.373127,1455,2456,2579,1,2.06828,0.798513,1455,5938,6491
3,221,639206,652049,2073,262,266,0.148418,1.49724,2314,-1,ok,0,0,0,0,2313,1,1,2.4677,2075,11188,11722,1,4.5929,2073,23863,25340,15.8771,73262,2073,1,1.56438,0.662849,2075,3600,3671,1,2.95335,1.087,2073,8848,9179
3,222,93334,537056,1452,183,187,0.118372,1.10899,1593,-1,ok,0,0,0,0,1592,1,1,1.28176,1452,6225,7742,1,2.44669,1452,13490,17744,7.57766,41025,1452,1,0.896345,0.338102,1452,2257,2389,1,1.82204,0.688617,1452,5004,6309
3,223,603581,431982,437,56,174,0.08058,0.378637,474,-1,ok,0,0,0,0,473,1,1,0.528025,443,1810,2421,1,0.833659,443,3754,5562,1.83344,7661,437,1,0.320799,0.15574,443,657,768,1,0.542352,0.23559,443,1470,1911
3,224,439095,658592,1491,188,188,0.121928,1.26794,1688,-1,ok,0,0,0,0,1687,1,1,2.03509,1493,7721,8152,1,3.2693,1491,16089,17105,13.8389,60308,1491,1,1.24359,0.522878,1493,2578,2665,1,2.18737,0.79193,1491,6214,6584
3,225,814923,899971,128,18,21,0.014597,0.098745,165,-1,ok,0,0,0,0,164,1,1,0.148908,128,681,877,1,0.251611,128,1444,2008,0.656537,2672,128,1,0.072807,0.024246,128,229,249,1,0.186768,0.072394,128,560,614
3,226,498998,590659,2587,327,1106,0.27237,1.84252,2864,-1,ok,0,0,0,0,2863,1,1,3.0263,2589,14184,14761,1,5.58599,2587,30284,32304,21.1762,80834,2587,1,2.07537,0.923035,2589,4358,4454,1,3.67492,1.37704,2587,10785,11220
3,227,559098,530053,2275,287,892,0.301733,1.77588,2514,-1,ok,0,0,0,0,2513,1,1,2.46313,2279,11987,13144,1,4.42056,2277,23727,27100,11.7004,53898,2275,1,1.57665,0.673349,2279,3808,4003,1,3.11191,1.23623,2277,9043,9999
3,228,549050,87356,1368,172,327,0.160139,1.20034,1505,-1,ok,0,0,0,0,1504,1,1,1.75371,1368,6627,7332,1,3.18487,1368,14961,16938,11.3085,43802,1368,1,1.1318,0.517136,1368,2265,2368,1,1.95266,0.763196,1368,5339,5838
3,229,507967,791931,2780,351,610,0.250507,2.7474,3043,-1,ok,0,0,0,0,3042,1,1,5.29106,2782,14869,15437,1,7.03963,2780,32202,33645,18.762,87192,2780,1,2.37206,1.06193,2782,4629,4702,1,4.09448,1.42873,2780,11345,11648
3,230,403304,932996,1476,185,204,0.146854,1.61012,1651,-1,ok,0,0,0,0,1650,1,1,1.7816,1476,7231,8088,1,3.50276,1476,14801,16748,10.2337,48724,1476,1,1.05844,0.409454,1476,2475,2620,1,2.17731,0.790336,1476,5788,6490
3,231,779288,400102,1980,248,759,0.264004,1.55278,2177,-1,ok,0,0,0,0,2176,1,1,2.48793,1980,11277,11688,1,4.4269,1980,23694,25727,16.3165,75230,1980,1,1.57175,0.650143,1980,3524,3555,1,3.23523,1.12711,1980,8847,9015
3,232,115537,717680,835,108,273,0.173283,0.937742,928,-1,ok,0,0,0,0,927,1,1,0.933244,835,3948,4720,1,1.77432,835,8877,10807,3.99368,21113,835,1,0.594761,0.237894,835,1387,1490,1,1.2751,0.478544,835,3270,3739
3,233,625715,531035,2478,313,1016,0.313737,1.53552,2747,-1,ok,0,0,0,0,2746,1,1,2.78046,2480,12097,13722,1,5.08233,2478,25188,30069,15.3837,73695,2478,1,2.59053,1.31957,2480,4077,4215,1,3.55409,1.43154,2478,9583,11012
3,234,12779,392632,1393,176,384,0.200845,1.31586,1536,-1,ok,0,0,0,0,1535,1,1,1.55904,1393,6441,8164,1,2.76289,1393,14522,19413,7.82446,40916,1393,1,1.01796,0.41702,1397,2252,2485,1,1.93099,0.779526,1395,5203,6301
3,235,491073,550893,600,75,83,0.062276,0.457985,655,-1,ok,0,0,0,0,654,1,1,0.693947,600,3392,3711,1,1.30476,600,7101,8376,5.48194,19518,600,1,0.349763,0.117409,600,1016,1050,1,0.813239,0.298326,600,2462,2657
3,236,544640,612058,608,77,184,0.048871,0.28372,643,-1,ok,0,0,0,0,642,1,1,0.501497,608,2546,3609,1,0.875396,608,5188,7672,3.02264,17730,608,1,0.325648,0.118872,608,873,1060,1,0.67959,0.2778,608,1807,2591
3,237,349394,221491,1219,154,155,0.076543,0.72784,1310,-1,ok,0,0,0,0,1309,1,1,1.25174,1219,6549,7107,1,2.72669,1219,15355,16856,7.20341,37230,1219,1,0.76532,0.271468,1219,2044,2123,1,1.69658,0.628794,1219,5014,5388
3,238,643343,800035,1098,138,138,0.073828,0.771552,1251,-1,ok,0,0,0,0,1250,1,1,1.54115,1098,5965,6341,1,2.67052,1098,13262,14178,8.55358,41464,1098,1,0.858024,0.331119,1098,1910,1963,1,1.84953,0.679089,1098,4903,5123
3,239,466292,494384,1056,133,133,0.092613,0.846923,1173,-1,ok,0,0,0,0,1172,1,1,1.39502,1058,5358,6405,1,2.29161,1056,11676,14180,6.6594,30097,1056,1,0.804534,0.370462,1058,1755,1901,1,1.48,0.62586,1056,4141,4790
3,240,263294,711941,727,92,412,0.120164,0.757454,812,-1,ok,0,0,0,0,811,1,1,0.568323,727,2212,4204,1,0.811497,727,4326,10150,4.12596,19914,727,1,0.523277,0.211445,727,969,1279,1,0.907636,0.420846,727,1739,3302
3,241,540708,407534,2386,301,541,0.170047,1.46896,2657,-1,ok,0,0,0,0,2656,1,1,2.81353,2396,12418,14079,1,4.95515,2386,26375,31548,14.8426,73400,2386,1,1.98238,0.800927,2396,4075,4310,1,3.68227,1.38486,2386,9819,10979
3,242,407548,728111,217,29,109,0.092613,0.284601,236,-1,ok,0,0,0,0,235,1,1,0.168986,217,217,1790,1,0.099366,217,217,5082,0.144861,217,217,1,0.18137,0.096941,217,217,436,1,0.329526,0.207498,217,217,1306
3,243,495501,485664,2437,307,724,0.24636,1.92245,2682,-1,ok,0,0,0,0,2681,1,1,2.92566,2439,13866,14294,1,5.89588,2437,30515,32283,17.3451,77339,2437,1,2.01231,0.894031,2439,4298,4369,1,3.67736,1.3738,2437,10763,11111
3,244,720906,179696,594,77,77,0.089046,0.56693,661,-1,ok,0,0,0,0,660,1,1,0.726567,594,3134,3450,1,1.74126,594,7663,8543,3.54745,16388,594,1,0.421388,0.158256,594,997,1054,1,1.13461,0.432529,594,2576,2797
3,245,650350,482575,2675,337,1142,0.339083,2.19676,2930,-1,ok,0,0,0,0,2929,1,1,3.74152,2677,13487,15138,1,6.21587,2675,29017,33259,14.5322,70704,2675,1,2.62394,1.23983,2677,4373,4640,1,4.16825,1.6544,2675,10864,12049
3,246,638652,817933,1535,193,194,0.194253,1.5178,1702,-1,ok,0,0,0,0,1701,1,1,1.83162,1535,8644,8946,1,3.78913,1535,18615,19411,11.1221,55609,1535,1,1.0885,0.451685,1535,2690,2722,1,2.31496,0.858474,1535,6704,6814
3,247,548934,567346,842,107,301,0.101831,0.518038,893,-1,ok,0,0,0,0,892,1,1,0.68074,842,3490,4717,1,1.38401,842,7436,10450,4.48097,24352,842,1,0.389157,0.154158,842,1136,1348,1,0.898648,0.370441,842,2463,3352
3,248,573392,445311,937,118,367,0.113582,0.776311,1048,-1,ok,0,0,0,0,1047,1,1,0.978748,939,3656,5318,1,1.4547,937,7449,11659,5.896,27552,937,1,0.744431,0.312945,939,1396,1670,1,1.21307,0.519571,937,3047,4263
3,249,791829,669974,699,88,142,0.058659,0.446483,728,-1,ok,0,0,0,0,727,1,1,0.565206,699,1969,3378,1,0.821605,699,4030,8018,1.1139,5774,699,1,0.33175,0.117368,699,893,1001,1,0.656826,0.282136,699,1534,2306
3,250,181289,193174,55,7,7,0.008526,0.065331,80,-1,ok,0,0,0,0,79,1,1,0.060122,55,169,301,1,0.04847,55,247,899,0.046277,247,55,1,0.035005,0.014718,55,87,100,1,0.071202,0.035295,55,161,244
3,251,734304,877601,1239,155,412,0.145923,1.09193,1382,-1,ok,0,0,0,0,1381,1,1,2.01626,1239,6867,7467,1,3.20457,1239,15111,16408,9.26867,42458,1239,1,1.22979,0.566087,1239,2168,2261,1,1.96929,0.726217,1239,5485,5795
3,252,541771,272040,815,105,155,0.078606,0.632602,900,-1,ok,0,0,0,0,899,1,1,1.05568,815,4395,4987,1,1.81022,815,9035,11345,5.37035,24166,815,1,0.601544,0.249565,815,1324,1427,1,1.12862,0.459519,815,3126,3568
3,253,555426,520840,632,80,98,0.045385,0.484806,675,-1,ok,0,0,0,0,674,1,1,0.564254,632,2801,3896,1,0.931069,632,5636,8938,3.17288,17798,632,1,0.381813,0.138408,632,989,1142,1,0.805725,0.33735,632,2223,2941
3,254,554148,468913,1653,209,555,0.181168,1.39994,1872,-1,ok,0,0,0,0,1871,1,1,2.11618,1655,8540,9409,1,3.37477,1653,17367,19984,11.9671,53433,1653,1,1.33471,0.598327,1655,2782,2927,1,2.41924,0.912234,1653,6568,7288
3,255,407897,554527,1448,183,183,0.111549,1.08532,1595,-1,ok,0,0,0,0,1594,1,1,1.64313,1452,7064,8077,1,2.73412,1450,14689,16760,12.3303,55076,1448,1,0.874914,0.334424,1452,2457,2601,1,1.96636,0.735764,1450,5845,6505
3,256,476137,886494,1697,214,734,0.220693,1.3516,1892,-1,ok,0,0,0,0,1891,1,1,2.80683,1709,10163,10235,1,4.74376,1709,22128,22926,12.569,56352,1697,1,1.53814,0.678789,1709,3044,3057,1,2.77455,1.04382,1709,7760,7826
3,257,647690,523082,2414,306,1208,0.315448,1.71077,2677,-1,ok,0,0,0,0,2676,1,1,3.00143,2418,13359,13778,1,5.95012,2416,27819,28740,20.353,90555,2414,1,2.08522,0.94718,2418,4230,4287,1,3.63239,1.33579,2416,10383,10597
3,258,841766,458240,1678,212,401,0.241491,1.82147,1893,-1,ok,0,0,0,0,1892,1,1,1.97382,1684,8583,10005,1,3.57261,1684,18455,22370,14.4907,66477,1678,1,1.46396,0.698777,1684,2840,3029,1,2.52681,1.01238,1684,6836,7704
3,259,462910,637233,417,53,113,0.082604,0.373497,448,-1,ok,0,0,0,0,447,1,1,0.324076,417,1855,2660,1,0.76563,417,4154,5712,2.13495,11833,417,1,0.227074,0.083396,417,626,753,1,0.550319,0.235771,417,1415,1907
3,260,536976,551877,19,4,4,0.006092,0.04234,34,-1,ok,0,0,0,0,33,1,1,0.023975,19,19,238,1,0.014678,19,19,574,0.015058,19,19,1,0.024606,0.016491,19,19,44,1,0.038332,0.027872,19,19,134
3,261,42610,554524,1736,219,219,0.136105,1.50476,1917,-1,ok,0,0,0,0,1916,1,1,2.53653,1740,9663,10679,1,4.14193,1738,19935,22009,14.8162,61353,1736,1,1.47949,0.671935,1740,3004,3143,1,2.65078,1.04901,1740,7338,7977
3,262,613794,229015,1113,140,506,0.166279,0.871829,1260,-1,ok,0,0,0,0,1259,1,1,1.1955,1115,6218,6694,1,2.7539,1113,12392,13602,7.88083,37126,1113,1,0.756143,0.271878,1115,1940,2026,1,1.95161,0.722981,1113,4774,5156
3,263,786608,624950,1914,241,836,0.314918,1.5349,2109,-1,ok,0,0,0,0,2108,1,1,2.54886,1920,10091,10835,1,4.06011,1920,21586,24156,14.9477,73614,1914,1,1.68175,0.810393,1920,3158,3277,1,2.95082,1.16494,1920,7735,8289
3,264,412226,542166,1648,208,742,0.223126,1.50405,1869,-1,ok,0,0,0,0,1868,1,1,1.91527,1658,8781,9081,1,2.99199,1648,15915,19383,14.1844,64093,1648,1,1.30688,0.591655,1658,2930,2993,1,2.17887,0.853615,1648,6301,7438
3,265,578007,584682,2557,323,1196,0.300061,1.8391,2818,-1,ok,0,0,0,0,2817,1,1,2.91708,2559,13892,14495,1,5.5467,2557,29485,31554,16.1088,80842,2557,1,2.13293,0.997026,2559,4307,4410,1,3.85828,1.54378,2557,10568,11009
3,266,129099,357177,198,26,56,0.062756,0.325513,243,-1,ok,0,0,0,0,242,1,1,0.144014,198,208,1306,1,0.227526,198,848,3062,0.350234,1823,198,1,0.15031,0.058438,198,198,365,1,0.228692,0.124343,198,210,950
3,267,670451,218543,1088,138,138,0.101359,0.973763,1237,-1,ok,0,0,0,0,1236,1,1,1.349,1090,5992,6678,1,2.476,1088,11851,13708,7.38351,33694,1088,1,0.751342,0.289396,1090,1875,1981,1,1.74275,0.678073,1088,4606,5079
3,268,636901,562811,880,109,199,0.113487,0.691191,919,-1,ok,0,0,0,0,918,1,1,0.997578,880,4524,4713,1,1.90775,880,9810,10646,5.70547,26825,880,1,0.55955,0.271528,880,1364,1393,1,1.04817,0.404967,880,3219,3400
3,269,161898,720900,750,95,426,0.138117,0.739408,857,-1,ok,0,0,0,0,856,1,1,0.748413,750,2138,4192,1,0.923916,750,4207,10188,4.80728,21524,750,1,0.652064,0.264204,750,993,1301,1,0.935824,0.446233,750,1752,3334
3,270,536127,726744,1037,132,132,0.05422,0.630261,1174,-1,ok,0,0,0,0,1173,1,1,1.16155,1039,5377,5795,1,2.08714,1039,11246,12988,6.5602,33227,1037,1,0.627242,0.194036,1039,1800,1837,1,1.51494,0.518779,1039,4478,4613
3,271,182733,659592,907,115,132,0.067771,0.327914,1012,-1,ok,0,0,0,0,1011,1,1,0.865527,907,4642,4899,1,1.92487,907,10578,11356,6.89955,35409,907,1,0.5169,0.149273,907,1556,1591,1,1.41539,0.502148,907,3802,3960
3,272,557521,334467,2898,365,520,0.323764,1.99065,3185,-1,ok,0,0,0,0,3184,1,1,3.69995,2902,15060,16999,1,5.90865,2900,30998,36802,15.5801,73457,2898,1,2.68751,1.23691,2902,4858,5138,1,4.43133,1.68073,2900,12043,13024
3,273,550876,844900,1310,166,183,0.14984,1.39578,1495,-1,ok,0,0,0,0,1494,1,1,1.44565,1310,6723,7465,1,3.08173,1310,14308,15850,10.2878,46488,1310,1,0.977817,0.400158,1310,2219,2321,1,2.02071,0.748238,1310,5373,5830
3,274,442000,527458,1850,234,614,0.219289,1.26324,2085,-1,ok,0,0,0,0,2084,1,1,1.99513,1852,10030,10398,1,3.89905,1850,20410,21394,16.0841,69421,1850,1,1.29866,0.484765,1852,3245,3264,1,2.62193,0.921501,1850,8041,8114
3,275,163378,695363,985,126,224,0.108383,0.900223,1120,-1,ok,0,0,0,0,1119,1,1,1.24638,985,4986,5434,1,2.25042,985,11364,12411,8.60338,38613,985,1,0.722119,0.292817,985,1665,1722,1,1.58622,0.520111,985,3992,4231
3,276,469207,449288,2393,302,531,0.230922,1.80518,2644,-1,ok,0,0,0,0,2643,1,1,2.84639,2395,12632,14071,1,5.65162,2393,27159,31190,15.2995,73363,2393,1,2.49991,1.21981,2395,4083,4280,1,3.75272,1.50684,2393,9928,10846
3,277,621533,503471,384,49,98,0.083736,0.405418,415,-1,ok,0,0,0,0,414,1,1,0.398143,390,1375,2199,1,0.568363,390,2753,4626,0.993725,4835,384,1,0.265206,0.121367,390,548,676,1,0.472633,0.201696,390,1100,1665
3,278,584186,780781,627,79,79,0.050134,0.457133,690,-1,ok,0,0,0,0,689,1,1,0.588379,631,3184,3505,1,1.02026,629,5662,7065,4.12909,18390,627,1,0.292546,0.097483,631,952,1021,1,0.690239,0.287057,629,1999,2494
3,279,537110,215501,1213,154,232,0.127077,1.15028,1316,-1,ok,0,0,0,0,1315,1,1,1.46009,1213,6375,6856,1,2.71908,1213,13948,15260,9.58527,41547,1213,1,0.930778,0.421458,1213,2034,2096,1,1.7533,0.691141,1213,4833,5156
3,280,552659,521369,42,7,16,0.010069,0.061776,63,-1,ok,0,0,0,0,62,1,1,0.040175,42,42,448,1,0.019036,42,42,1262,0.017883,42,42,1,0.039464,0.021149,42,42,92,1,0.05899,0.038762,42,42,280
3,281,470354,521484,1808,229,597,0.15512,1.3203,2049,-1,ok,0,0,0,0,2048,1,1,2.5078,1810,9045,10128,1,3.7622,1808,18497,20830,14.9413,67589,1808,1,1.48726,0.659792,1810,3062,3200,1,2.57355,0.948882,1808,7319,7943
3,282,779294,490035,423,54,139,0.073548,0.353912,468,-1,ok,0,0,0,0,467,1,1,0.265747,425,1005,2573,1,0.343542,423,1775,5866,0.666143,3597,423,1,0.266036,0.100356,425,529,786,1,0.474686,0.220762,423,871,2018
3,283,856695,383684,1735,217,451,0.193671,1.58872,1908,-1,ok,0,0,0,0,1907,1,1,2.10305,1735,8724,10439,1,3.77921,1735,18696,23579,14.0521,66731,1735,1,1.64554,0.736436,1735,2903,3144,1,3.34624,1.26223,1735,6984,8122
3,284,856911,565634,2043,257,963,0.467163,1.88048,2270,-1,ok,0,0,0,0,2269,1,1,2.74339,2043,11082,11748,1,4.95598,2043,23578,25382,14.6913,74365,2043,1,1.7936,0.777843,2043,3560,3631,1,3.38989,1.24071,2043,8842,9192
3,285,226029,617772,1109,141,274,0.17142,1.05597,1236,-1,ok,0,0,0,0,1235,1,1,1.16575,1109,5579,6299,1,2.70233,1109,12941,14763,7.7162,40961,1109,1,0.82982,0.334014,1109,1866,1951,1,1.85135,0.767985,1109,4529,4897
3,286,273528,498716,214,28,28,0.019537,0.164287,265,-1,ok,0,0,0,0,264,1,1,0.182011,214,739,1104,1,0.31066,214,1395,2655,0.40645,2252,214,1,0.179416,0.059041,214,297,350,1,0.293719,0.12884,214,617,883
3,287,585019,659525,120,17,33,0.022682,0.154929,147,-1,ok,0,0,0,0,146,1,1,0.111799,120,297,910,1,0.104496,120,487,2151,0.200925,752,120,1,0.113082,0.04763,120,148,230,1,0.206056,0.125114,120,249,628
3,288,714688,746144,256,32,33,0.014988,0.272748,279,-1,ok,0,0,0,0,278,1,1,0.173264,256,820,1394,1,0.420135,256,1815,3122,0.582099,3471,256,1,0.134151,0.061626,256,362,454,1,0.348441,0.166331,256,726,1114
3,289,487154,401935,1115,141,141,0.129462,1.04993,1230,-1,ok,0,0,0,0,1229,1,1,1.43877,1117,5220,6867,1,2.15109,1115,11330,14873,5.7107,29893,1115,1,1.00957,0.511245,1117,1783,2031,1,1.59337,0.721738,1115,4076,5259
3,290,558487,858169,252,33,83,0.03217,0.290112,349,-1,ok,0,0,0,0,348,1,1,0.251119,258,862,1403,1,0.409766,258,1925,3416,0.574855,2917,252,1,0.165489,0.060222,258,386,482,1,0.362728,0.16023,258,783,1165
3,291,574271,660088,2395,302,333,0.141204,1.83987,2612,-1,ok,0,0,0,0,2611,1,1,3.24522,2397,13118,13295,1,5.67993,2395,28434,29005,15.4306,70720,2395,1,2.04419,0.914949,2397,4103,4129,1,3.52117,1.30505,2395,10182,10294
3,292,41143,546444,721,91,234,0.121045,0.835731,836,-1,ok,0,0,0,0,835,1,1,0.712741,721,2584,3786,1,1.1252,721,5372,9078,3.385,18062,721,1,0.4608,0.163937,721,1044,1242,1,1.06521,0.530662,721,2051,3032
3,293,760001,646214,1715,217,218,0.124452,1.36597,1922,-1,ok,0,0,0,0,1921,1,1,1.93501,1717,9243,9837,1,3.69478,1715,19944,21129,13.7394,68484,1715,1,1.32588,0.547773,1717,3013,3108,1,2.49111,0.924347,1715,7534,7878
3,294,185761,377965,506,64,155,0.05828,0.317374,603,-1,ok,0,0,0,0,602,1,1,0.324767,506,1821,2379,1,0.672897,506,3868,5668,2.74259,15369,506,1,0.224419,0.072777,506,745,852,1,0.565126,0.226573,506,1544,2099
3,295,604576,736790,940,119,123,0.086843,0.719224,983,-1,ok,0,0,0,0,982,1,1,1.07634,940,4743,5094,1,1.87356,940,10454,11396,5.83739,29173,940,1,0.576366,0.249525,940,1426,1474,1,1.15297,0.427568,940,3326,3536
3,296,604356,279676,1122,143,279,0.110777,0.912315,1233,-1,ok,0,0,0,0,1232,1,1,1.18202,1122,5367,6356,1,2.4005,1122,11992,14403,7.14144,37132,1122,1,0.762575,0.299019,1122,1784,1921,1,1.54924,0.607215,1122,4128,4769
3,297,467430,178127,281,38,38,0.030377,0.154239,336,-1,ok,0,0,0,0,335,1,1,0.287057,281,1207,1456,1,0.461793,281,2338,3348,0.770939,4332,281,1,0.173423,0.057387,281,463,508,1,0.436156,0.141224,281,922,1274
3,298,473402,701873,1457,185,397,0.145993,1.02798,1642,-1,ok,0,0,0,0,1641,1,1,1.9872,1459,7431,8024,1,3.12225,1457,15261,16763,11.2347,54516,1457,1,1.14261,0.462143,1459,2570,2596,1,2.20661,0.786911,1457,6234,6410
3,299,546168,470167,91,12,27,0.018725,0.113302,110,-1,ok,0,0,0,0,109,1,1,0.082324,91,91,552,1,0.044483,91,91,1440,0.023895,91,91,1,0.102591,0.055243,91,91,163,1,0.114634,0.064361,91,91,404
4,0,515417,637366,1801,115,115,0.083375,2.17623,2378,-1,ok,0,0,0,0,2377,1,1,4.01977,1803,15129,16728,1,4.98734,1801,26128,31517,12.7419,55476,1801,1,2.11924,1.08936,1803,3117,3203,1,3.00522,1.38687,1801,7396,8046
4,1,221578,683609,709,45,130,0.068669,0.906583,860,-1,ok,0,0,0,0,859,1,1,0.745513,709,3487,7449,1,1.39937,709,6853,15766,3.3044,17883,709,1,0.525632,0.270596,709,992,1293,1,1.03151,0.544646,709,1828,3303
4,2,566063,455879,224,15,15,0.014797,0.268271,285,-1,ok,0,0,0,0,284,1,1,0.146885,224,392,2939,1,0.141495,224,420,6797,0.626571,2755,224,1,0.215273,0.099567,228,401,433,1,0.448447,0.213809,228,889,1201
4,3,364509,251282,377,25,52,0.014848,0.405018,464,-1,ok,0,0,0,0,463,1,1,0.449769,377,2275,3002,1,0.767785,377,4293,5661,1.48582,7916,377,1,0.207487,0.068477,377,621,660,1,0.471911,0.18231,377,1409,1597
4,4,713214,541596,268,18,23,0.014888,0.272017,307,-1,ok,0,0,0,0,306,1,1,0.210283,268,273,2469,1,0.126506,268,296,5557,0.157825,281,268,1,0.274794,0.148898,268,268,469,1,0.298327,0.182289,268,275,1210
4,5,708892,372109,865,55,55,0.026309,0.658519,1150,-1,ok,0,0,0,0,1149,1,1,1.87659,883,7343,7731,1,3.19276,883,14571,15590,8.19174,33055,865,1,0.68522,0.283821,883,1517,1554,1,1.38058,0.552142,883,3615,3773
4,6,549730,910635,485,33,36,0.02166,0.576207,612,-1,ok,0,0,0,0,611,1,1,1.078,485,3175,4295,1,1.3714,485,5869,7852,2.74211,11505,485,1,0.483724,0.25707,485,682,788,1,0.604439,0.261057,485,1343,1823
4,7,428575,333335,686,44,45,0.025087,0.407511,883,-1,ok,0,0,0,0,882,1,1,0.996181,686,5283,5623,1,1.67334,686,9326,10236,3.94016,19844,686,1,0.373628,0.134642,686,1139,1164,1,0.97986,0.33214,686,2600,2697
4,8,103741,529812,1209,75,107,0.047348,1.05825,1504,-1,ok,0,0,0,0,1503,1,1,2.01655,1209,9811,11915,1,3.2738,1209,18178,23760,8.3659,40816,1209,1,0.928595,0.387944,1209,2013,2152,1,1.79373,0.736015,1209,4707,5335
4,9,504438,99296,1284,79,156,0.061465,1.03279,1591,-1,ok,0,0,0,0,1590,1,1,2.33961,1284,10739,12352,1,4.23396,1284,21593,24988,8.32274,40831,1284,1,1.04454,0.449019,1284,2154,2273,1,2.00641,0.849657,1284,5047,5537
4,10,503002,473385,659,42,74,0.044313,0.553875,836,-1,ok,0,0,0,0,835,1,1,0.891344,659,4620,7662,1,1.64035,659,8576,15109,3.54982,18056,659,1,0.371253,0.15499,659,909,1167,1,0.945547,0.436647,659,1902,2981
4,11,594375,693937,1954,125,125,0.068519,2.09156,2561,-1,ok,0,0,0,0,2560,1,1,4.34846,1956,17318,17952,1,6.25134,1954,31271,32317,14.8886,67204,1954,1,2.1788,1.18387,1956,3454,3498,1,3.0648,1.25528,1954,8638,8749
4,12,184179,575147,1336,86,86,0.077645,1.58309,1709,-1,ok,0,0,0,0,1708,1,1,2.59694,1338,11856,12235,1,4.05017,1336,19645,21839,10.5633,51137,1336,1,1.06047,0.485555,1338,2345,2370,1,2.13374,0.856429,1336,5792,5920
4,13,84373,731343,822,53,186,0.058019,1.00223,1085,-1,ok,0,0,0,0,1084,1,1,1.18614,824,3896,8377,1,1.58696,822,7485,17120,4.49738,22213,822,1,0.798612,0.351236,824,1146,1482,1,1.13451,0.563704,824,2026,3671
4,14,533139,449475,806,52,141,0.029365,0.633083,1035,-1,ok,0,0,0,0,1034,1,1,1.25399,812,6617,6995,1,1.95608,812,11123,12352,4.65618,24850,806,1,0.447396,0.165691,812,1399,1424,1,1.05836,0.413583,812,3202,3284
4,15,800775,353868,725,47,83,0.031308,0.599339,796,-1,ok,0,0,0,0,795,1,1,0.928416,725,2701,6275,1,0.804953,725,3598,11636,1.09164,3662,725,1,0.675702,0.312213,725,935,1114,1,0.873132,0.409957,725,1485,2639
4,16,580536,834346,1638,102,102,0.064199,1.4297,2091,-1,ok,0,0,0,0,2090,1,1,4.64847,1638,15682,16436,1,5.97849,1638,27932,29979,11.7534,56131,1638,1,1.79956,0.942351,1638,2862,2912,1,2.79718,1.09858,1638,7054,7220
4,17,705977,179642,451,29,59,0.054191,0.66395,560,-1,ok,0,0,0,0,559,1,1,0.924578,451,4005,5187,1,2.12544,451,8904,10589,2.50609,12349,451,1,0.493913,0.26217,451,777,840,1,0.877569,0.351718,451,1838,2268
4,18,591189,502974,573,36,59,0.048772,0.639535,654,-1,ok,0,0,0,0,653,1,1,0.77039,577,3900,6242,1,1.1795,573,6631,12858,3.02097,17174,573,1,0.380271,0.158307,577,893,1050,1,0.789545,0.352098,573,2011,2729
4,19,696806,606078,410,25,25,0.010019,0.31032,493,-1,ok,0,0,0,0,492,1,1,0.402582,410,2314,3987,1,0.758045,410,4259,7353,2.14278,10136,410,1,0.20891,0.072797,410,570,742,1,0.496728,0.200135,410,1172,1845
4,20,649644,351270,898,59,139,0.048841,1.00222,1189,-1,ok,0,0,0,0,1188,1,1,1.54829,900,5253,8553,1,1.98522,898,9283,14277,6.45439,27816,898,1,0.901705,0.490667,900,1369,1632,1,1.30893,0.617104,898,2937,4195
4,21,364679,647787,786,50,50,0.038963,0.922582,1079,-1,ok,0,0,0,0,1078,1,1,1.3938,786,5214,6781,1,1.55183,786,8412,14097,5.09357,24119,786,1,0.730765,0.319136,786,1270,1376,1,1.04815,0.45525,786,2574,3291
4,22,236480,558798,1348,87,87,0.061014,1.36873,1749,-1,ok,0,0,0,0,1748,1,1,2.91147,1352,12178,12537,1,4.49616,1350,21028,22095,12.4993,51938,1348,1,1.26084,0.64773,1352,2370,2389,1,2.12594,0.866069,1350,5862,5948
4,23,429002,590281,593,40,40,0.040525,0.574102,734,-1,ok,0,0,0,0,733,1,1,1.18821,599,4380,5483,1,1.81844,599,8090,10227,2.90483,14142,593,1,0.436725,0.215713,599,944,1059,1,0.884132,0.416028,599,2161,2659
4,24,732327,437963,2826,178,354,0.11226,2.47856,3415,-1,ok,0,0,0,0,3414,1,1,6.03867,2828,22195,25337,1,8.63161,2826,42431,49357,16.3593,75758,2826,1,2.87398,1.4483,2828,4759,4890,1,4.61881,1.80606,2826,12013,12690
4,25,695045,573533,2638,167,367,0.153787,2.64334,3199,-1,ok,0,0,0,0,3198,1,1,4.64962,2640,20770,22959,1,8.47403,2638,39412,43508,14.7252,70636,2638,1,2.56551,1.23039,2640,4329,4528,1,4.13759,1.71175,2638,10404,11264
4,26,653917,554134,819,54,129,0.071984,1.01503,1106,-1,ok,0,0,0,0,1105,1,1,0.957089,821,4892,7447,1,1.68723,819,9250,14222,4.1207,22528,819,1,0.49206,0.205284,821,1261,1491,1,1.03381,0.452645,819,2765,3760
4,27,591152,758487,1441,92,140,0.06439,1.2731,1854,-1,ok,0,0,0,0,1853,1,1,2.90186,1441,11497,13137,1,4.46787,1441,20690,24127,11.8582,54336,1441,1,1.35954,0.654211,1441,2386,2585,1,2.24488,0.928233,1441,5719,6544
4,28,530231,797885,2838,179,179,0.095499,2.46485,3463,-1,ok,0,0,0,0,3462,1,1,5.0952,2840,23228,24217,1,8.34683,2838,43939,45961,18.3502,87207,2838,1,2.71226,1.27481,2848,4773,4878,1,4.48339,1.77305,2838,11609,11938
4,29,461730,614781,2269,144,144,0.117059,2.43685,2902,-1,ok,0,0,0,0,2901,1,1,4.50622,2271,20291,21627,1,7.37662,2269,37137,40796,14.9545,73263,2269,1,2.31639,1.18845,2271,3968,4064,1,3.69783,1.50204,2269,9791,10256
4,30,444980,608103,2053,132,216,0.11283,2.11172,2554,-1,ok,0,0,0,0,2553,1,1,4.41361,2057,17425,18183,1,6.16994,2055,30597,32372,16.5784,77390,2053,1,1.94827,0.922083,2057,3544,3593,1,3.41942,1.28797,2055,8686,8858
4,31,625582,540051,1625,101,144,0.096541,1.81174,1966,-1,ok,0,0,0,0,1965,1,1,2.76986,1631,12296,14466,1,4.10131,1631,21279,27394,11.8118,58442,1625,1,1.40964,0.667057,1631,2633,2901,1,2.26384,0.987254,1631,5936,7214
4,32,525321,196202,1187,74,195,0.095489,1.10515,1450,-1,ok,0,0,0,0,1449,1,1,1.99425,1187,10405,11604,1,3.98916,1187,20735,23614,7.85078,39681,1187,1,0.784465,0.299529,1187,2035,2116,1,1.78928,0.719675,1187,4963,5295
4,33,478182,565842,1838,119,274,0.102622,1.65435,2339,-1,ok,0,0,0,0,2338,1,1,3.9724,1840,14837,17724,1,5.44568,1838,27263,33462,11.2525,54134,1838,1,1.90346,0.971656,1840,3044,3277,1,2.92175,1.33625,1838,7110,8157
4,34,537719,542421,274,20,37,0.021079,0.34735,355,-1,ok,0,0,0,0,354,1,1,0.509152,284,2339,3113,1,1.02018,284,5333,6812,0.999707,5199,274,1,0.176241,0.086202,284,449,529,1,0.396981,0.194402,284,1043,1362
4,35,606091,561377,46,4,6,0.007866,0.096229,91,-1,ok,0,0,0,0,90,1,1,0.040966,46,56,715,1,0.024927,46,46,2031,0.028403,46,46,1,0.041167,0.022423,46,46,83,1,0.059421,0.036468,46,56,228
4,36,540484,237922,578,37,65,0.030567,0.647659,685,-1,ok,0,0,0,0,684,1,1,0.857954,578,3729,5411,1,1.55043,578,7299,11172,3.3644,14971,578,1,0.340677,0.140873,578,878,1009,1,0.742307,0.333954,578,1885,2390
4,37,916340,481104,632,41,41,0.034515,0.655715,781,-1,ok,0,0,0,0,780,1,1,0.708744,634,2775,5664,1,1.14975,632,5350,11795,3.59103,14872,632,1,0.481049,0.222055,634,906,1152,1,0.87784,0.395069,632,1855,2939
4,38,547698,473617,2323,147,372,0.106679,1.94587,2922,-1,ok,0,0,0,0,2921,1,1,5.35312,2325,19155,22277,1,7.70138,2323,35577,42136,15.5421,70722,2323,1,2.45579,1.24362,2325,3888,4170,1,3.63174,1.50843,2323,9330,10562
4,39,503531,560189,206,15,15,0.01546,0.339614,263,-1,ok,0,0,0,0,262,1,1,0.456994,206,1161,2461,1,0.489895,206,2099,4979,1.00857,3507,206,1,0.17209,0.098393,206,271,365,1,0.234318,0.12329,206,514,880
4,40,528285,633179,2234,140,140,0.077675,2.11935,2799,-1,ok,0,0,0,0,2798,1,1,4.31134,2236,18782,20265,1,6.96512,2234,34963,37669,15.3227,70518,2234,1,2.09344,1.02088,2236,3838,3993,1,3.41617,1.38401,2234,9370,10038
4,41,528291,124629,1240,77,77,0.072063,1.24217,1555,-1,ok,0,0,0,0,1554,1,1,2.07389,1240,10247,11567,1,3.86718,1240,20090,22953,8.46251,40626,1240,1,0.905472,0.377104,1240,2095,2194,1,1.82906,0.725214,1240,4907,5318
4,42,218360,732318,1260,78,93,0.055594,1.02219,1439,-1,ok,0,0,0,0,1438,1,1,1.90061,1260,9709,10325,1,3.82276,1260,20312,21755,6.91183,36829,1260,1,0.786087,0.318374,1260,1987,2049,1,5.18869,3.93026,1260,4796,4986
4,43,673429,646337,1726,112,205,0.097442,1.95311,2239,-1,ok,0,0,0,0,2238,1,1,3.27974,1728,12362,16185,1,4.29904,1726,21348,30086,11.025,53246,1726,1,1.70815,0.934737,1728,2821,3100,1,2.45123,1.09766,1726,6446,7779
4,44,677903,545932,2495,158,356,0.128249,2.02207,3118,-1,ok,0,0,0,0,3117,1,1,4.19198,2497,20930,21665,1,7.10738,2495,37563,40804,15.8073,79377,2495,1,2.28056,1.12351,2497,4230,4294,1,3.81697,1.51912,2495,10876,11185
4,45,599861,473157,116,9,18,0.018936,0.233858,173,-1,ok,0,0,0,0,172,1,1,0.124503,116,116,1586,1,0.030507,116,116,4196,0.063388,116,116,1,0.134672,0.076784,116,116,239,1,0.19779,0.143389,116,116,709
4,46,771679,448047,942,59,118,0.045545,1.00547,1215,-1,ok,0,0,0,0,1214,1,1,1.43751,948,6899,8600,1,2.25916,948,11112,14250,5.07368,26277,942,1,0.673108,0.303227,948,1549,1701,1,1.40595,0.612925,948,3505,4187
4,47,613652,373259,1541,95,150,0.06403,1.05921,1890,-1,ok,0,0,0,0,1889,1,1,2.73476,1547,13507,15729,1,4.1574,1547,23041,30489,12.3492,61879,1541,1,1.15962,0.495084,1547,2653,2704,1,2.391,0.973098,1547,6518,6788
4,48,559115,582478,645,41,84,0.028662,0.55108,696,-1,ok,0,0,0,0,695,1,1,1.03369,647,4398,5605,1,1.37571,647,7129,10573,1.68582,8597,645,1,0.446284,0.221114,647,1037,1124,1,0.903678,0.430684,647,2332,2758
4,49,138045,605112,1531,99,169,0.071444,1.59678,1984,-1,ok,0,0,0,0,1983,1,1,3.40854,1535,14049,14558,1,5.30383,1533,25383,26586,12.318,57282,1531,1,1.48309,0.740764,1535,2686,2726,1,2.44276,0.988667,1533,6684,6811
4,50,715274,544491,2277,144,144,0.087122,2.03739,2826,-1,ok,0,0,0,0,2825,1,1,4.2341,2279,19302,19593,1,6.83536,2277,34949,36950,15.7706,79200,2277,1,2.2199,1.07779,2279,3888,3905,1,3.91112,1.49469,2277,10136,10222
4,51,118518,621231,1297,84,210,0.100618,1.60497,1692,-1,ok,0,0,0,0,1691,1,1,2.21138,1299,9630,11539,1,3.51139,1297,17008,20651,9.73345,47326,1297,1,1.12265,0.531764,1299,2178,2359,1,1.99692,0.818619,1297,5145,5931
4,52,560125,876072,607,41,62,0.043892,0.635256,820,-1,ok,0,0,0,0,819,1,1,0.855979,609,4192,5372,1,1.55973,607,8318,11172,3.57857,17204,607,1,0.381423,0.163356,609,993,1089,1,0.869265,0.335587,607,2561,2735
4,53,457330,549752,200,14,14,0.010309,0.196336,235,-1,ok,0,0,0,0,234,1,1,0.42722,200,1202,2486,1,0.763386,200,2523,5427,0.787532,3599,200,1,0.179045,0.10146,200,282,375,1,0.291552,0.1719,200,585,937
4,54,185650,870115,627,40,72,0.031831,0.653301,876,-1,ok,0,0,0,0,875,1,1,1.36721,627,5852,6885,1,1.85198,627,8409,11478,2.70043,11572,627,1,0.502921,0.18196,627,1084,1150,1,1.18986,0.472873,627,2686,2964
4,55,519871,693835,2142,135,135,0.061105,1.68587,2755,-1,ok,0,0,0,0,2754,1,1,4.17868,2144,19543,19899,1,7.39279,2142,35755,37090,14.4677,73105,2142,1,2.33796,1.19711,2144,3801,3829,1,3.75412,1.4681,2142,9499,9621
4,56,140914,484062,1346,86,199,0.105548,1.64052,1725,-1,ok,0,0,0,0,1724,1,1,2.03058,1348,9631,12754,1,3.41871,1346,16901,23741,9.38145,47059,1346,1,0.956396,0.398014,1348,2200,2468,1,1.96336,0.83924,1346,5077,6275
4,57,630216,170691,1277,83,134,0.072475,1.26864,1684,-1,ok,0,0,0,0,1683,1,1,2.08947,1279,10616,11267,1,3.52685,1277,18320,19780,8.70378,42674,1277,1,0.851419,0.310368,1279,2263,2285,1,2.0167,0.76526,1277,5524,5681
4,58,686374,577768,450,27,51,0.020919,0.451674,523,-1,ok,0,0,0,0,522,1,1,0.614769,450,2341,4478,1,0.898598,450,4142,8146,3.05723,11733,450,1,0.343602,0.167324,450,603,807,1,0.619277,0.266527,450,1193,2086
4,59,625714,607337,2167,136,199,0.068147,1.7272,2762,-1,ok,0,0,0,0,2761,1,1,3.75758,2169,18613,19996,1,6.10956,2167,33165,36644,15.02,73254,2167,1,1.96963,0.920962,2169,3776,3868,1,3.4848,1.43327,2167,9276,9675
4,60,160386,877813,1001,63,63,0.073116,1.2848,1276,-1,ok,0,0,0,0,1275,1,1,2.23719,1001,8813,9516,1,3.60389,1001,15463,17121,5.08333,24866,1001,1,0.881356,0.380471,1001,1747,1855,1,1.73389,0.694538,1001,4197,4773
4,61,557207,713255,2128,135,135,0.084921,1.9235,2729,-1,ok,0,0,0,0,2728,1,1,3.90318,2130,18748,19417,1,6.46273,2128,33643,34980,15.0519,71776,2128,1,1.95449,0.919397,2130,3685,3765,1,3.23581,1.31254,2128,9074,9299
4,62,689095,577712,931,57,99,0.061176,0.866729,1024,-1,ok,0,0,0,0,1023,1,1,1.49011,931,6760,7117,1,2.822,931,13502,15091,6.15123,27410,931,1,0.631378,0.301813,931,1442,1467,1,1.18369,0.487963,931,3397,3549
4,63,118518,543922,1546,100,171,0.083655,1.68777,1963,-1,ok,0,0,0,0,1962,1,1,3.25361,1554,12713,13478,1,5.71577,1552,22324,24180,12.5642,54964,1546,1,1.89311,1.10001,1554,2682,2775,1,2.70016,1.21831,1552,6476,6870
4,64,743230,714700,454,28,28,0.038703,0.534138,557,-1,ok,0,0,0,0,556,1,1,0.77615,454,3369,4575,1,0.935847,454,5079,8039,1.22568,7262,454,1,0.324507,0.158106,454,679,790,1,0.545809,0.243635,454,1467,1927
4,65,451281,500222,1729,111,226,0.081012,2.00266,2226,-1,ok,0,0,0,0,2225,1,1,3.27751,1731,13912,16100,1,4.90674,1729,25655,30120,10.8503,53341,1729,1,1.59783,0.783705,1731,2909,3086,1,2.54274,1.08584,1729,6864,7682
4,66,87326,638815,783,50,66,0.055234,0.888531,1058,-1,ok,0,0,0,0,1057,1,1,1.36773,783,5621,7431,1,1.83471,783,9166,15214,4.34782,21613,783,1,0.675492,0.284792,783,1260,1388,1,1.1339,0.499814,783,2581,3406
4,67,873089,178288,543,34,34,0.039684,0.684159,774,-1,ok,0,0,0,0,773,1,1,1.48953,543,4902,6565,1,2.11675,543,7639,11884,1.99494,8868,543,1,0.935317,0.568602,543,911,1044,1,1.29441,0.607024,543,2276,2884
4,68,540231,698411,324,20,20,0.017122,0.379939,377,-1,ok,0,0,0,0,376,1,1,0.975722,324,2845,3526,1,1.82597,324,6904,7998,2.65103,11259,324,1,0.350415,0.185428,324,524,587,1,0.520984,0.247002,324,1244,1508
4,69,608054,502046,428,29,64,0.028725,0.41762,507,-1,ok,0,0,0,0,506,1,1,1.0183,434,2915,4081,1,1.15031,434,5174,7843,2.09125,9740,428,1,0.357809,0.185978,434,688,751,1,0.640216,0.313716,434,1505,1805
4,70,551981,134941,1142,70,70,0.041657,1.26714,1359,-1,ok,0,0,0,0,1358,1,1,2.79177,1142,8478,9860,1,3.98529,1142,17539,19893,8.45408,37155,1142,1,1.06214,0.51919,1142,1926,2018,1,1.74913,0.746325,1142,4416,4977
4,71,463217,908917,606,40,40,0.040294,0.778003,767,-1,ok,0,0,0,0,766,1,1,1.39711,608,4089,5532,1,1.8311,606,7648,11486,3.23895,15134,606,1,0.73325,0.419955,608,890,1087,1,0.890895,0.454289,606,1637,2779
4,72,633916,540912,2768,175,284,0.094337,2.33269,3367,-1,ok,0,0,0,0,3366,1,1,6.14481,2776,23083,23772,1,9.31314,2774,43490,45187,16.4932,78468,2768,1,2.80153,1.38025,2776,4715,4776,1,4.51395,1.65192,2774,12072,12304
4,73,797852,552425,1119,70,129,0.101901,1.12266,1192,-1,ok,0,0,0,0,1191,1,1,1.42287,1119,6450,8699,1,2.66643,1119,13371,17903,5.51744,25862,1119,1,0.661115,0.280533,1119,1584,1808,1,1.38899,0.570065,1119,3803,4754
4,74,746160,847884,1478,94,110,0.086391,1.61574,1895,-1,ok,0,0,0,0,1894,1,1,4.30598,1478,12803,13982,1,5.25135,1478,23086,25310,11.617,53994,1478,1,1.73822,0.919026,1478,2557,2653,1,2.39175,0.978007,1478,6246,6699
4,75,759766,548195,703,48,48,0.049402,0.813871,952,-1,ok,0,0,0,0,951,1,1,0.961426,705,4016,6453,1,1.59725,703,7944,13221,3.39085,16496,703,1,0.572931,0.27268,705,1069,1276,1,0.959744,0.433261,703,2279,3179
4,76,413741,394099,778,48,48,0.046808,0.941247,957,-1,ok,0,0,0,0,956,1,1,1.21375,778,5172,8367,1,1.66458,778,9526,18102,3.92106,20512,778,1,0.824852,0.382404,778,1183,1414,1,1.30563,0.566097,778,2979,3703
4,77,913394,471896,1104,70,152,0.065413,1.27828,1441,-1,ok,0,0,0,0,1440,1,1,2.12826,1104,8362,10310,1,2.90636,1104,14468,18229,9.2998,44041,1104,1,1.11392,0.540721,1104,1833,1996,1,1.76962,0.768266,1104,4149,4882
4,78,652297,501706,101,7,7,0.009848,0.143568,124,-1,ok,0,0,0,0,123,1,1,0.103102,101,101,1725,1,0.031218,101,101,4857,0.053633,101,101,1,0.109754,0.073197,101,101,204,1,0.177211,0.127818,101,101,620
4,79,528306,440834,2348,148,389,0.112249,2.21362,2953,-1,ok,0,0,0,0,2952,1,1,4.54552,2350,19122,22569,1,7.67108,2348,35885,43261,15.1248,70725,2348,1,2.59678,1.33466,2350,3957,4238,1,3.67346,1.53819,2348,9577,10806
4,80,579216,344905,687,41,52,0.060984,0.826954,798,-1,ok,0,0,0,0,797,1,1,0.760129,687,3594,7449,1,1.08936,687,5967,15766,3.60691,18817,687,1,0.527696,0.194133,687,984,1256,1,1.09091,0.474156,687,2378,3319
4,81,291425,565940,613,39,39,0.028974,0.689417,772,-1,ok,0,0,0,0,771,1,1,0.86736,619,3826,5687,1,1.26347,619,6521,9585,4.22309,22156,613,1,0.451984,0.170258,619,949,1055,1,0.787632,0.312143,619,1979,2497
4,82,560203,166249,1334,87,181,0.060332,1.26875,1765,-1,ok,0,0,0,0,1764,1,1,2.72153,1336,10455,12026,1,3.98247,1334,18059,21709,8.37247,39639,1334,1,1.24188,0.624086,1336,2173,2375,1,2.29467,0.97428,1334,5150,5944
4,83,725367,601383,506,31,42,0.043392,0.501086,587,-1,ok,0,0,0,0,586,1,1,0.891035,506,3717,5106,1,1.1472,506,6001,9486,2.61029,13653,506,1,0.408895,0.196968,506,791,870,1,0.67928,0.290042,506,1781,2141
4,84,690950,626446,632,39,65,0.02198,0.407521,661,-1,ok,0,0,0,0,660,1,1,0.780869,632,3604,4794,1,1.2858,632,7509,10961,2.09421,11509,632,1,0.569693,0.362677,632,857,972,1,0.741375,0.331629,632,1885,2419
4,85,885107,623720,1723,107,107,0.061555,1.66144,2172,-1,ok,0,0,0,0,2171,1,1,3.9157,1723,15227,16306,1,5.33624,1723,26722,29781,13.8881,69467,1723,1,1.82233,0.915651,1723,3008,3089,1,2.68526,1.10182,1723,7367,7741
4,86,452862,582210,1864,120,142,0.101009,2.14836,2379,-1,ok,0,0,0,0,2378,1,1,3.84696,1866,16545,18417,1,5.97641,1864,30272,35358,11.2054,55382,1864,1,1.756,0.87218,1866,3223,3334,1,2.86922,1.22041,1864,7844,8392
4,87,643668,475109,189,13,28,0.019206,0.318045,286,-1,ok,0,0,0,0,285,1,1,0.121186,189,189,2405,1,0.049461,189,189,5666,0.073127,189,189,1,0.165369,0.079348,189,189,372,1,0.32127,0.216013,189,198,1025
4,88,72436,674500,1030,65,78,0.048582,1.1836,1333,-1,ok,0,0,0,0,1332,1,1,2.1158,1036,9300,9827,1,3.50236,1030,17499,18534,7.68625,37614,1030,1,0.866279,0.383267,1036,1793,1832,1,1.63135,0.641859,1030,4290,4460
4,89,868641,853704,37,3,3,0.005659,0.0749,70,-1,ok,0,0,0,0,69,1,1,0.028734,37,38,604,1,0.009607,37,37,1980,0.012904,37,37,1,0.042049,0.029284,37,37,70,1,0.050115,0.036079,37,37,209
4,90,644709,548157,2038,129,334,0.087814,1.85455,2603,-1,ok,0,0,0,0,2602,1,1,4.20141,2040,16379,19026,1,6.05176,2038,29036,34547,16.0352,70826,2038,1,2.06253,0.994508,2048,3655,3688,1,3.88046,1.47815,2038,8289,9325
4,91,582005,373594,1217,76,77,0.076523,1.54257,1508,-1,ok,0,0,0,0,1507,1,1,3.05614,1217,11030,11424,1,4.90876,1217,21185,22049,9.75268,45309,1217,1,1.28852,0.707512,1217,2083,2116,1,1.96664,0.838968,1217,5034,5130
4,92,677416,621320,2042,128,221,0.110366,2.05675,2543,-1,ok,0,0,0,0,2542,1,1,4.39453,2044,17587,18713,1,6.62328,2042,31643,33322,15.3877,70315,2042,1,2.08817,1.03581,2044,3548,3652,1,3.26555,1.28417,2042,8729,9214
4,93,705859,580720,219,15,16,0.015509,0.336028,292,-1,ok,0,0,0,0,291,1,1,0.135273,219,599,2533,1,0.231423,219,1017,4622,0.265916,1257,219,1,0.15562,0.050072,219,237,411,1,0.243134,0.125233,219,331,1008
4,94,431412,580719,607,38,39,0.026259,0.472493,674,-1,ok,0,0,0,0,673,1,1,1.16153,607,4934,6858,1,2.29863,607,10529,14124,3.57558,17721,607,1,0.473794,0.218848,607,900,1075,1,0.850749,0.377996,607,2044,2722
4,95,437348,552419,661,40,74,0.029856,0.392103,728,-1,ok,0,0,0,0,727,1,1,0.841703,661,4881,7259,1,2.04418,661,10669,15414,3.0986,18299,661,1,0.437457,0.204162,661,1002,1221,1,0.986864,0.472824,661,2294,3266
4,96,758271,503460,743,49,49,0.038802,0.763918,944,-1,ok,0,0,0,0,943,1,1,1.00975,745,4051,6709,1,1.60875,743,7979,13928,3.79976,18490,743,1,0.743338,0.370532,745,1112,1356,1,1.10002,0.497969,743,2362,3443
4,97,868701,479347,1176,77,167,0.068118,1.23826,1535,-1,ok,0,0,0,0,1534,1,1,2.36123,1176,8981,11184,1,3.11392,1176,15285,19785,9.72291,45874,1176,1,1.20287,0.58875,1176,1959,2123,1,1.80916,0.770629,1176,4481,5230
4,98,562097,501182,3169,199,539,0.135323,2.29753,3788,-1,ok,0,0,0,0,3787,1,1,5.27214,3173,24331,27262,1,8.21895,3171,42693,50314,14.487,74431,3169,1,3.21057,1.46279,3173,5264,5447,1,5.26097,2.17003,3171,12435,14017
4,99,278199,257290,49,4,5,0.008095,0.178965,174,-1,ok,0,0,0,0,173,1,1,0.054561,49,49,697,1,0.018044,49,49,2130,0.014277,49,49,1,0.034535,0.017583,49,49,100,1,0.066724,0.047239,49,49,286
4,100,570049,534288,47,3,4,0.006542,0.117318,74,-1,ok,0,0,0,0,73,1,1,0.036959,47,47,768,1,0.039223,47,47,2560,0.022501,47,47,1,0.050154,0.032471,47,47,100,1,0.075,0.055995,47,47,304
4,101,541954,728137,425,27,46,0.045455,0.603157,490,-1,ok,0,0,0,0,489,1,1,0.759308,425,3540,4403,1,1.24732,425,6294,8254,1.98487,10772,425,1,0.287055,0.130344,425,670,768,1,0.614939,0.250829,425,1474,1785
4,102,215378,85837,389,26,29,0.018726,0.42303,500,-1,ok,0,0,0,0,499,1,1,0.584664,389,2526,3690,1,0.759658,389,4322,7078,0.98491,5539,389,1,0.297656,0.135714,389,659,683,1,0.495055,0.205253,389,1374,1627
4,103,589928,544726,2226,141,210,0.075642,1.9597,2865,-1,ok,0,0,0,0,2864,1,1,4.38129,2228,19677,21258,1,6.48202,2226,34558,39587,15.0053,73866,2226,1,2.10879,1.04413,2228,3882,3957,1,3.38594,1.37865,2226,9568,9942
4,104,541522,549453,805,49,93,0.034465,0.687214,858,-1,ok,0,0,0,0,857,1,1,0.859135,805,4235,6472,1,1.6088,805,9039,13559,7.48774,23643,805,1,0.468846,0.225261,805,1064,1285,1,0.97935,0.410266,805,2708,3639
4,105,502684,483770,978,61,146,0.046717,0.528678,1159,-1,ok,0,0,0,0,1158,1,1,1.35379,978,7868,8363,1,2.63549,978,15789,17183,5.64193,30698,978,1,0.511346,0.212045,978,1519,1541,1,1.29473,0.491068,978,4131,4234
4,106,185739,464682,1225,79,188,0.065662,1.42754,1612,-1,ok,0,0,0,0,1611,1,1,2.54761,1227,9337,12702,1,3.69005,1225,16746,23833,10.3977,44382,1225,1,1.40635,0.72808,1227,2002,2284,1,1.9849,0.935177,1225,4726,5958
4,107,564997,595611,2276,144,321,0.123591,2.18122,2851,-1,ok,0,0,0,0,2850,1,1,4.17948,2280,19360,19935,1,6.97317,2278,33807,35640,11.8765,58396,2276,1,2.21663,1.15791,2280,3958,3970,1,3.47319,1.41312,2278,9665,9736
4,108,589155,636201,2476,156,156,0.107552,2.44869,2997,-1,ok,0,0,0,0,2996,1,1,4.76946,2478,20174,21311,1,7.66332,2476,38256,40119,15.4025,70451,2476,1,2.36084,1.16384,2478,4171,4287,1,3.71724,1.4804,2476,10208,10695
4,109,531285,901687,2128,132,132,0.103393,2.17781,2591,-1,ok,0,0,0,0,2590,1,1,4.97683,2128,18411,19410,1,7.84382,2128,34251,36402,14.7948,68196,2128,1,2.48539,1.25282,2128,3688,3816,1,3.675,1.54044,2128,8943,9588
4,110,732706,576220,224,13,25,0.019077,0.322251,269,-1,ok,0,0,0,0,268,1,1,0.341137,224,1691,2046,1,0.438069,224,2409,3996,0.677817,3123,224,1,0.156192,0.054523,224,377,400,1,0.328053,0.1228,224,854,1004
4,111,109733,638731,1000,64,81,0.041769,1.16612,1337,-1,ok,0,0,0,0,1336,1,1,1.76511,1000,8190,9449,1,3.10929,1000,15825,17456,6.82831,35200,1000,1,0.739782,0.302236,1000,1662,1785,1,1.47695,0.590824,1000,3886,4383
4,112,662568,191645,835,52,52,0.051486,0.689929,1042,-1,ok,0,0,0,0,1041,1,1,1.36832,835,6858,7684,1,2.56306,835,12585,14388,8.26362,33636,835,1,0.55621,0.193542,835,1403,1474,1,1.29057,0.509763,835,3383,3663
4,113,374965,759941,1238,79,125,0.057667,1.20047,1583,-1,ok,0,0,0,0,1582,1,1,2.64263,1238,9487,10880,1,3.41879,1238,16204,19199,8.68617,43838,1238,1,1.14941,0.52423,1238,2062,2237,1,1.93661,0.769508,1238,4855,5556
4,114,719164,27693,1169,74,74,0.047688,0.900072,1490,-1,ok,0,0,0,0,1489,1,1,2.4249,1175,10387,11230,1,4.28145,1169,19025,21260,8.32755,40737,1169,1,1.238,0.54074,1175,2045,2095,1,1.93635,0.780849,1171,4897,5076
4,115,752294,934231,163,12,29,0.016078,0.260177,250,-1,ok,0,0,0,0,249,1,1,0.43934,163,1202,2016,1,0.316903,163,1566,4732,0.344904,1566,163,1,0.193611,0.098965,163,289,303,1,0.306203,0.126356,163,748,813
4,116,655535,844782,573,40,65,0.024646,0.597978,808,-1,ok,0,0,0,0,807,1,1,0.954293,575,3788,5012,1,1.36631,573,6853,9615,3.58905,16115,573,1,0.392984,0.184395,575,913,1002,1,0.788705,0.327923,573,2293,2537
4,117,474798,607811,1695,108,270,0.072757,1.60426,2166,-1,ok,0,0,0,0,2165,1,1,3.26737,1697,13019,15158,1,4.75992,1695,22809,26710,13.6431,63777,1695,1,1.58596,0.784425,1697,2831,3022,1,2.49139,1.03692,1695,6768,7588
4,118,913321,352359,1830,114,150,0.095188,2.13871,2431,-1,ok,0,0,0,0,2430,1,1,3.67542,1836,14657,18516,1,5.04344,1836,25417,35220,13.8724,67065,1830,1,2.05445,0.994268,1836,3061,3329,1,3.14631,1.2993,1836,7632,8553
4,119,458475,638815,192,13,26,0.020589,0.361155,319,-1,ok,0,0,0,0,318,1,1,0.209131,192,904,2363,1,0.207898,192,1095,5837,0.181098,941,192,1,0.132187,0.052117,192,258,374,1,0.241421,0.14494,192,243,1003
4,120,185587,899904,797,51,136,0.045675,1.08706,1170,-1,ok,0,0,0,0,1169,1,1,1.47788,803,6369,7562,1,2.18939,803,10388,13023,6.70995,28653,797,1,0.626801,0.240019,803,1329,1454,1,1.35954,0.546261,803,3129,3602
4,121,660993,722496,1439,89,89,0.050574,0.962298,1782,-1,ok,0,0,0,0,1781,1,1,2.12934,1445,10528,13645,1,3.9355,1445,19939,24534,10.2422,49024,1439,1,1.24789,0.622494,1445,2306,2574,1,2.21903,0.971966,1445,5224,6490
4,122,587664,590978,396,25,59,0.03254,0.367988,413,-1,ok,0,0,0,0,412,1,1,0.285874,396,1095,3462,1,0.434572,396,2248,8634,0.501276,2903,396,1,0.224289,0.116868,396,485,624,1,0.36977,0.201757,396,740,1671
4,123,227425,627948,1391,87,169,0.054993,1.36953,1644,-1,ok,0,0,0,0,1643,1,1,2.14108,1391,10702,11902,1,3.88521,1391,20711,24173,10.0121,48375,1391,1,1.06827,0.516305,1391,2205,2310,1,1.92014,0.765491,1391,5275,5767
4,124,404568,507174,380,25,44,0.018644,0.372957,447,-1,ok,0,0,0,0,446,1,1,0.488453,380,1743,3710,1,0.63679,380,3397,7321,0.892787,4446,380,1,0.214231,0.098884,380,477,505,1,0.354582,0.174134,380,784,1315
4,125,234885,555140,1077,66,66,0.037079,0.889061,1324,-1,ok,0,0,0,0,1323,1,1,1.47202,1077,8339,10146,1,2.70509,1077,15218,20332,7.68225,38485,1077,1,0.759068,0.31639,1077,1772,1907,1,1.58486,0.67943,1077,4169,4833
4,126,379198,738927,1657,103,103,0.058679,1.46736,2060,-1,ok,0,0,0,0,2059,1,1,3.12823,1657,13722,16846,1,5.48503,1657,27630,32074,10.4671,50465,1657,1,1.371,0.573451,1657,2745,3005,1,2.62382,1.10048,1657,6525,7742
4,127,516377,549670,2291,144,330,0.118521,1.82979,2868,-1,ok,0,0,0,0,2867,1,1,4.48475,2293,19312,21734,1,8.44327,2291,36540,41347,14.6165,70659,2291,1,2.48937,1.25843,2293,3907,4127,1,3.77225,1.60572,2291,9547,10516
4,128,346621,479141,772,48,150,0.058038,1.04298,961,-1,ok,0,0,0,0,960,1,1,1.48394,772,7088,8627,1,2.51773,772,12860,16718,4.52188,23874,772,1,0.620048,0.301403,772,1312,1337,1,1.17861,0.517677,772,3191,3416
4,129,380939,508659,970,60,143,0.052078,0.670432,1155,-1,ok,0,0,0,0,1154,1,1,1.0322,970,5720,8415,1,1.76385,970,10315,17665,3.61064,20262,970,1,0.580776,0.215633,970,1384,1548,1,1.16143,0.504002,970,2841,4360
4,130,549667,582479,32,2,2,0.005079,0.054001,39,-1,ok,0,0,0,0,38,1,1,0.036399,32,32,512,1,0.008897,32,32,1989,0.022081,32,32,1,0.047298,0.035516,32,32,68,1,0.051755,0.035906,32,32,208
4,131,231944,556389,1377,86,86,0.033623,0.767705,1618,-1,ok,0,0,0,0,1617,1,1,2.14236,1377,11162,11617,1,3.92782,1377,21463,23604,9.34582,47464,1377,1,0.870526,0.355002,1377,2225,2271,1,1.84817,0.715556,1377,5401,5606
4,132,444980,143997,639,41,41,0.031818,0.573261,806,-1,ok,0,0,0,0,805,1,1,0.863875,639,4585,5577,1,1.45151,639,7865,10201,2.51381,14571,639,1,0.371624,0.124413,639,1029,1100,1,0.811035,0.332972,639,2193,2537
4,133,553121,561095,2824,178,204,0.083897,2.16748,3477,-1,ok,0,0,0,0,3476,1,1,5.40422,2828,23653,25250,1,7.7123,2826,41802,46297,15.182,73309,2824,1,2.87091,1.44652,2828,4859,4983,1,4.5082,1.87024,2826,11845,12414
4,134,557186,599599,2595,165,401,0.167444,2.82106,3214,-1,ok,0,0,0,0,3213,1,1,4.96625,2597,21765,22948,1,7.83495,2595,40226,43515,16.4595,80846,2595,1,2.61973,1.35397,2597,4338,4446,1,4.50619,1.81977,2595,10607,11102
4,135,752223,476482,939,59,59,0.079208,1.37713,1180,-1,ok,0,0,0,0,1179,1,1,1.9592,945,7694,8714,1,3.16978,945,15408,17177,4.80655,25957,939,1,0.847673,0.42289,945,1581,1681,1,1.47347,0.606222,945,3768,4139
4,136,668229,470670,2659,168,168,0.099626,2.13717,3244,-1,ok,0,0,0,0,3243,1,1,4.79515,2661,20445,23574,1,8.28154,2659,38836,45855,15.3037,70689,2659,1,2.43418,1.16711,2661,4353,4607,1,4.04006,1.55703,2659,10881,11985
4,137,328875,564452,195,13,13,0.013906,0.342439,320,-1,ok,0,0,0,0,319,1,1,0.157665,203,509,2390,1,0.162444,203,754,3979,0.182481,898,195,1,0.142586,0.059771,203,231,391,1,0.244146,0.13379,203,313,1045
4,138,642157,729840,1731,111,338,0.086622,1.73364,2224,-1,ok,0,0,0,0,2223,1,1,2.81364,1733,11791,16049,1,3.92439,1731,20218,29662,11.2212,53712,1731,1,1.53191,0.705428,1733,2793,3113,1,2.44712,1.11702,1731,6308,7894
4,139,90305,752572,987,64,120,0.070413,1.32862,1320,-1,ok,0,0,0,0,1319,1,1,2.25314,989,8625,9880,1,3.27077,987,13929,17920,4.1562,21023,987,1,0.772233,0.284672,989,1729,1847,1,1.83947,0.841693,987,3783,4804
4,140,540469,868590,1095,69,183,0.070161,0.828788,1496,-1,ok,0,0,0,0,1495,1,1,2.07906,1101,9483,10625,1,3.27156,1101,16520,18851,9.30164,38391,1095,1,0.808841,0.30503,1101,1864,1979,1,1.72036,0.662037,1101,4564,4959
4,141,554237,542468,341,22,36,0.014036,0.293137,396,-1,ok,0,0,0,0,395,1,1,0.486148,343,1979,2666,1,0.658349,343,3392,4905,1.4743,5867,341,1,0.248644,0.129612,343,535,583,1,0.431527,0.206195,343,1194,1372
4,142,552875,544670,2521,159,206,0.071193,1.95671,3150,-1,ok,0,0,0,0,3149,1,1,4.29674,2525,21028,22675,1,7.50922,2523,37474,42099,14.4073,73344,2521,1,2.67456,1.20865,2525,4304,4429,1,4.38345,1.56008,2523,10467,11022
4,143,489779,135045,582,38,38,0.060214,0.778865,767,-1,ok,0,0,0,0,766,1,1,0.858593,582,4136,5354,1,1.4943,582,7660,10397,2.84686,15398,582,1,0.358139,0.126346,582,951,1017,1,0.784826,0.318755,582,2089,2436
4,144,684986,321427,899,57,57,0.034676,0.740253,1156,-1,ok,0,0,0,0,1155,1,1,1.48868,899,6557,8272,1,3.10968,899,12065,15655,7.8759,34162,899,1,0.714134,0.298799,899,1409,1584,1,1.3804,0.554486,899,3136,3869
4,145,551199,39629,1264,83,83,0.061445,1.33611,1743,-1,ok,0,0,0,0,1742,1,1,3.18562,1272,11851,13038,1,4.04101,1264,19341,24189,9.3775,39964,1264,1,1.51904,0.652759,1272,2266,2303,1,2.69675,0.920139,1266,5851,5980
4,146,161784,518507,1403,91,192,0.08538,1.47016,1830,-1,ok,0,0,0,0,1829,1,1,2.16424,1405,10722,12614,1,3.7569,1403,18399,22457,10.2777,50296,1403,1,1.14437,0.516917,1405,2382,2527,1,2.06459,0.815282,1403,5631,6292
4,147,916310,555655,611,40,40,0.040627,0.53503,826,-1,ok,0,0,0,0,825,1,1,0.670062,631,3009,5200,1,1.30735,611,6080,10599,2.61083,14115,611,1,0.377496,0.128851,631,940,1137,1,0.835621,0.350975,611,1965,2815
4,148,358724,558670,1036,68,68,0.03815,0.644244,1355,-1,ok,0,0,0,0,1354,1,1,1.98455,1038,8881,9913,1,2.8816,1036,14657,17471,7.89021,39297,1036,1,0.833958,0.257922,1038,1841,1880,1,1.79997,0.582708,1036,4576,4787
4,149,491303,659590,417,26,29,0.01649,0.424474,488,-1,ok,0,0,0,0,487,1,1,1.10173,417,4096,4455,1,1.60386,417,7063,8077,2.45754,13217,417,1,0.410968,0.19804,417,728,765,1,0.703043,0.292475,417,1802,1970
4,150,551910,879052,1906,118,189,0.067377,1.78178,2313,-1,ok,0,0,0,0,2312,1,1,5.18355,1912,15892,17040,1,6.93986,1912,29366,32331,12.7482,55146,1906,1,2.00908,0.986673,1912,3174,3280,1,3.47473,1.50999,1912,7774,8238
4,151,548928,513895,2545,161,359,0.129272,2.46706,3124,-1,ok,0,0,0,0,3123,1,1,4.83054,2547,19769,22688,1,7.46113,2545,37150,43410,14.6781,70674,2545,1,2.46561,1.18696,2547,4186,4423,1,4.00361,1.59832,2545,10520,11570
4,152,544907,516738,841,52,52,0.056976,1.0387,1092,-1,ok,0,0,0,0,1091,1,1,1.22819,847,6029,7429,1,2.21228,847,11503,13725,5.49013,25710,841,1,0.531333,0.204173,847,1344,1472,1,1.29661,0.645817,847,3021,3504
4,153,596621,550078,3073,194,194,0.10717,2.36174,3676,-1,ok,0,0,0,0,3675,1,1,6.54912,3077,24898,26513,1,10.8267,3075,46702,49601,18.6504,87684,3073,1,3.12943,1.50408,3077,5129,5296,1,5.17771,1.95875,3075,12929,13697
4,154,457377,679268,965,63,63,0.078047,1.21089,1254,-1,ok,0,0,0,0,1253,1,1,1.94644,967,9002,9453,1,4.02378,965,17751,19139,5.02472,27753,965,1,1.02904,0.544658,971,1716,1748,1,1.59987,0.707993,969,4247,4361
4,155,888007,738901,148,10,10,0.012714,0.259925,315,-1,ok,0,0,0,0,314,1,1,0.356054,148,1512,1857,1,0.700067,148,3022,4428,0.596285,3181,148,1,0.113492,0.046306,148,255,261,1,0.242713,0.109313,148,650,696
4,156,557446,245356,1550,99,131,0.067776,1.27929,1943,-1,ok,0,0,0,0,1942,1,1,2.85916,1554,13116,13956,1,4.3487,1552,22741,24785,7.59277,40658,1550,1,1.47908,0.79167,1554,2680,2776,1,2.56465,1.13101,1552,6466,6881
4,157,269058,233403,285,19,19,0.013615,0.329615,350,-1,ok,0,0,0,0,349,1,1,0.44402,285,1343,2388,1,0.408723,285,2120,4328,0.720746,3379,285,1,0.247963,0.135092,285,400,493,1,0.324196,0.155271,285,796,1168
4,158,561143,482354,629,39,88,0.038824,0.601834,718,-1,ok,0,0,0,0,717,1,1,1.15218,629,3890,6853,1,1.64106,629,7472,13434,4.34841,17927,629,1,0.574703,0.273671,629,839,1111,1,0.889422,0.430244,629,1684,2820
4,159,476616,512534,204,14,15,0.010189,0.231773,293,-1,ok,0,0,0,0,292,1,1,0.371103,204,1464,2127,1,0.520132,204,2688,4547,1.08722,6051,204,1,0.154594,0.077591,204,296,384,1,0.457496,0.336761,204,535,922
4,160,651112,289929,1373,90,173,0.072145,1.49708,1766,-1,ok,0,0,0,0,1765,1,1,2.59147,1375,10559,12162,1,3.5472,1373,18054,20693,9.04864,45876,1373,1,1.23913,0.570766,1375,2323,2454,1,2.19217,0.837315,1373,5483,6114
4,161,728484,372110,264,17,17,0.014848,0.28862,333,-1,ok,0,0,0,0,332,1,1,0.114243,264,309,3358,1,0.095939,264,309,4767,0.097933,309,264,1,0.190767,0.089818,264,264,520,1,0.358951,0.212418,264,264,1509
4,162,569402,643340,2200,141,141,0.078676,1.71452,2811,-1,ok,0,0,0,0,2810,1,1,3.88486,2204,17509,19551,1,5.71333,2202,30680,36084,10.5083,55450,2200,1,1.89109,0.900181,2204,3717,3866,1,3.15778,1.30962,2202,8801,9534
4,163,148333,409238,245,17,32,0.017323,0.341698,306,-1,ok,0,0,0,0,305,1,1,0.169977,245,808,1671,1,0.295431,245,1455,3559,0.284061,1531,245,1,0.14429,0.055114,245,333,449,1,0.295191,0.131245,245,554,1157
4,164,464750,373454,1640,106,106,0.0593,1.42036,2109,-1,ok,0,0,0,0,2108,1,1,2.88134,1642,14174,15290,1,4.91413,1640,26012,28207,9.7454,51643,1640,1,1.45186,0.700379,1642,2849,2944,1,2.53104,1.03217,1640,6904,7392
4,165,355695,858397,800,51,82,0.055715,0.85054,997,-1,ok,0,0,0,0,996,1,1,1.53423,800,7009,7656,1,2.38843,800,11315,12689,3.45632,18252,800,1,0.616022,0.213059,800,1406,1486,1,1.37774,0.505816,800,3413,3823
4,166,671610,490121,1975,127,257,0.087714,1.58963,2526,-1,ok,0,0,0,0,2525,1,1,4.60937,1977,17679,19068,1,6.60512,1975,31791,36077,17.9907,76395,1975,1,2.38107,1.17354,1977,3468,3528,1,3.43527,1.39399,1975,8623,8912
4,167,620032,817899,1017,68,159,0.093435,1.01992,1246,-1,ok,0,0,0,0,1245,1,1,1.50258,1021,7004,8690,1,2.67428,1019,13525,16746,5.4947,27881,1017,1,0.749529,0.379668,1021,1605,1757,1,1.42237,0.607415,1019,3846,4295
4,168,475138,561483,915,61,96,0.045445,0.73869,1224,-1,ok,0,0,0,0,1223,1,1,1.41611,917,7488,8883,1,2.83544,915,14883,17436,5.47464,30334,915,1,0.735504,0.375442,917,1525,1624,1,1.41906,0.631941,915,3628,4058
4,169,677523,564943,2418,154,154,0.094346,2.38335,3009,-1,ok,0,0,0,0,3008,1,1,6.22088,2422,20304,21730,1,7.80317,2420,36474,38939,19.8245,84521,2418,1,2.55992,1.29602,2422,4133,4251,1,3.96236,1.54239,2420,10086,10630
4,170,547139,894242,1009,65,65,0.06976,1.16463,1206,-1,ok,0,0,0,0,1205,1,1,1.52383,1011,7353,7762,1,2.78379,1011,13326,14405,3.5529,19650,1009,1,0.656686,0.301512,1011,1710,1722,1,1.43245,0.547293,1011,4004,4065
4,171,513656,703356,1488,96,96,0.064902,1.56674,1835,-1,ok,0,0,0,0,1834,1,1,3.69676,1490,12386,12824,1,4.78133,1488,21494,22816,13.4052,57709,1488,1,1.67642,0.825172,1490,2638,2673,1,2.6661,1.00668,1488,6476,6614
4,172,561653,646343,1780,115,278,0.12865,2.05643,2279,-1,ok,0,0,0,0,2278,1,1,3.14022,1782,12994,16765,1,4.64285,1780,23089,31285,10.2737,53602,1780,1,1.92852,0.950746,1782,2892,3170,1,2.73984,1.17935,1780,6604,7916
4,173,452860,580211,2703,171,440,0.147064,2.75593,3336,-1,ok,0,0,0,0,3335,1,1,5.60423,2705,23770,24706,1,8.57239,2703,44627,47655,15.7189,80816,2703,1,2.8542,1.36736,2705,4587,4683,1,4.18095,1.69685,2703,11359,11802
4,174,457346,589806,992,65,65,0.072306,1.22116,1297,-1,ok,0,0,0,0,1296,1,1,1.82805,994,8720,9964,1,3.68184,992,17417,19799,6.14084,29685,992,1,0.841232,0.450312,994,1695,1785,1,1.59141,0.720686,992,4094,4510
4,175,125970,564306,414,26,26,0.02673,0.624326,537,-1,ok,0,0,0,0,536,1,1,0.783494,414,2320,3977,1,0.855658,414,3927,8045,1.29925,5306,414,1,0.467724,0.229319,414,628,730,1,0.697762,0.265415,414,1387,1869
4,176,432903,536123,1450,90,90,0.052619,1.52471,1763,-1,ok,0,0,0,0,1762,1,1,3.1415,1456,12668,14322,1,5.04582,1456,25238,27970,11.7785,48138,1450,1,1.33186,0.60503,1456,2423,2562,1,2.23012,0.89375,1456,5816,6447
4,177,586708,335970,692,43,57,0.051887,0.792141,815,-1,ok,0,0,0,0,814,1,1,0.803251,692,4150,8010,1,1.18461,692,6740,16544,3.52263,19204,692,1,0.502308,0.240309,692,1004,1291,1,0.983448,0.491599,692,2064,3489
4,178,127595,700137,422,27,27,0.048401,0.579893,587,-1,ok,0,0,0,0,586,1,1,0.772122,422,2391,5349,1,0.959122,422,4072,9168,1.03316,4133,422,1,0.427649,0.206115,422,584,831,1,0.803191,0.427138,422,1160,2358
4,179,538665,123021,1064,66,101,0.039042,0.824291,1279,-1,ok,0,0,0,0,1278,1,1,1.85273,1064,8286,9891,1,3.19107,1064,16350,18953,8.64352,34570,1064,1,0.800465,0.34245,1064,1754,1871,1,1.58024,0.660053,1064,3968,4615
4,180,352712,882018,430,27,66,0.023725,0.496958,611,-1,ok,0,0,0,0,610,1,1,1.26662,436,3961,5112,1,1.28073,430,5337,8136,2.12665,5526,430,1,0.496116,0.232865,436,718,835,1,0.850159,0.348732,436,1795,2222
4,181,570105,642882,409,25,26,0.013465,0.283158,420,-1,ok,0,0,0,0,419,1,1,0.522647,409,2720,3053,1,1.17572,409,6760,8415,2.54355,10197,409,1,0.195626,0.08064,409,566,603,1,0.43859,0.183303,409,1365,1550
4,182,236454,64964,158,11,13,0.009928,0.276336,307,-1,ok,0,0,0,0,306,1,1,0.404464,158,1373,2196,1,0.587509,158,2701,4742,0.993439,3096,158,1,0.183522,0.077294,158,246,302,1,0.249145,0.130684,158,492,730
4,183,547182,801522,1262,83,83,0.038351,1.01768,1503,-1,ok,0,0,0,0,1502,1,1,2.16221,1266,8372,9943,1,3.10909,1264,16265,19342,7.85128,28573,1262,1,0.973529,0.459398,1266,2073,2210,1,1.74946,0.705257,1264,5070,5474
4,184,684920,553657,177,11,19,0.009689,0.175527,194,-1,ok,0,0,0,0,193,1,1,0.179185,177,399,2288,1,0.151152,177,553,5514,0.297807,670,177,1,0.180407,0.079278,177,192,324,1,0.223297,0.12374,177,231,828
4,185,552875,351270,1255,82,187,0.06437,0.816927,1638,-1,ok,0,0,0,0,1637,1,1,1.72069,1259,8489,11789,1,2.78749,1257,15566,20560,9.47238,34338,1255,1,0.842704,0.372637,1259,1974,2237,1,1.74432,0.779687,1257,4461,5719
4,186,492765,584268,2039,130,302,0.082874,1.55047,2526,-1,ok,0,0,0,0,2525,1,1,4.55111,2043,17013,18010,1,6.91873,2041,30585,32498,19.25,80673,2039,1,1.95732,0.970914,2043,3510,3598,1,3.21846,1.24406,2041,8548,8868
4,187,155792,743182,560,36,36,0.07525,0.905672,751,-1,ok,0,0,0,0,750,1,1,0.827566,560,3003,5506,1,0.859527,560,3926,10955,1.33909,5800,560,1,0.522676,0.218108,560,821,1003,1,0.83485,0.382143,560,1613,2647
4,188,433249,556063,1470,95,95,0.056466,1.28218,1765,-1,ok,0,0,0,0,1764,1,1,2.29251,1474,11203,13140,1,4.14501,1472,19730,23127,11.4434,53381,1470,1,1.10128,0.515223,1474,2425,2605,1,2.10949,0.873062,1472,5779,6624
4,189,675909,548947,322,22,22,0.013426,0.246761,345,-1,ok,0,0,0,0,344,1,1,0.442307,322,1570,2155,1,0.533807,322,2818,5452,0.627983,3084,322,1,0.218869,0.117811,322,395,427,1,0.459939,0.150201,322,1340,1475
4,190,801727,652069,1904,118,178,0.063049,1.70713,2391,-1,ok,0,0,0,0,2390,1,1,3.9764,1904,16439,17349,1,6.19284,1904,29167,31507,14.9182,72405,1904,1,2.04496,0.999878,1904,3340,3402,1,2.95761,1.17834,1904,8296,8560
4,191,424436,194685,1235,79,79,0.077817,1.44721,1588,-1,ok,0,0,0,0,1587,1,1,2.67901,1237,10966,12425,1,4.10723,1235,19877,23808,7.85416,36924,1235,1,1.05747,0.471942,1237,2116,2238,1,2.0128,0.84532,1235,5246,5795
4,192,568596,520838,78,6,11,0.010109,0.121317,121,-1,ok,0,0,0,0,120,1,1,0.067627,78,78,1383,1,0.041006,78,78,3616,0.040785,78,78,1,0.095119,0.063319,78,78,160,1,0.125585,0.094707,78,78,478
4,193,537052,487130,2582,163,315,0.089778,2.2328,3163,-1,ok,0,0,0,0,3162,1,1,5.29495,2584,22339,23492,1,8.62259,2582,40811,45150,16.8854,77015,2582,1,2.65274,1.30689,2584,4403,4454,1,4.2926,1.65193,2582,11378,11618
4,194,287117,597610,1357,87,105,0.099325,1.53865,1710,-1,ok,0,0,0,0,1709,1,1,2.63916,1361,11575,12438,1,4.36195,1359,20199,21783,11.103,53827,1357,1,1.11714,0.566348,1361,2331,2416,1,2.07512,0.851039,1359,5663,6056
4,195,734217,369103,902,57,103,0.061475,1.0506,1159,-1,ok,0,0,0,0,1158,1,1,2.2396,902,7344,7747,1,3.28295,902,14272,15406,9.09078,37832,902,1,0.921792,0.443699,902,1534,1582,1,1.43701,0.559225,902,3671,3875
4,196,609326,594424,18,2,2,0.004618,0.066825,59,-1,ok,0,0,0,0,58,1,1,0.019907,18,18,496,1,0.007805,18,18,1636,0.006902,18,18,1,0.01625,0.01112,18,18,30,1,0.025839,0.018145,18,18,88
4,197,555356,373478,150,10,10,0.008467,0.140493,227,-1,ok,0,0,0,0,226,1,1,0.185157,150,727,1980,1,0.18802,150,955,4655,0.191479,955,150,1,0.10739,0.044623,150,240,267,1,0.238645,0.113381,150,481,714
4,198,538782,596393,2887,182,182,0.075972,2.16409,3510,-1,ok,0,0,0,0,3509,1,1,7.0786,2891,25204,26655,1,9.90763,2889,45834,48060,20.1305,90119,2887,1,2.86163,1.40467,2891,4921,5044,1,4.43684,1.75058,2889,11979,12589
4,199,853804,764242,234,16,16,0.014337,0.345245,267,-1,ok,0,0,0,0,266,1,1,0.167524,234,774,2328,1,0.318374,234,1528,4596,0.210303,1221,234,1,0.119032,0.0484,234,284,441,1,0.269374,0.120555,234,605,1087
4,200,546144,731449,1563,97,97,0.060893,1.68584,1930,-1,ok,0,0,0,0,1929,1,1,2.9014,1563,11408,14555,1,4.60355,1563,21971,26647,10.2391,49057,1563,1,1.41334,0.705648,1563,2486,2757,1,2.29123,1.01337,1563,5637,6939
4,201,546580,470520,70,5,5,0.008175,0.156153,101,-1,ok,0,0,0,0,100,1,1,0.063368,70,70,842,1,0.025507,70,70,1505,0.037911,70,70,1,0.046438,0.024086,70,70,143,1,0.08573,0.050164,70,70,368
4,202,587180,610058,2820,178,358,0.103213,2.71405,3461,-1,ok,0,0,0,0,3460,1,1,5.06994,2824,23406,24378,1,8.46813,2822,43048,46074,16.2311,80831,2820,1,2.84298,1.39062,2824,4728,4819,1,4.40067,1.71894,2822,11557,11979
4,203,554148,555672,34,3,3,0.008496,0.08517,63,-1,ok,0,0,0,0,62,1,1,0.042639,34,34,768,1,0.009196,34,34,2632,0.009678,34,34,1,0.020569,0.011782,34,34,76,1,0.060152,0.046708,34,34,232
4,204,618603,576023,2630,166,235,0.111078,2.68073,3259,-1,ok,0,0,0,0,3258,1,1,4.92307,2634,22108,23721,1,7.77013,2632,39744,43812,14.9813,73278,2630,1,2.59307,1.28107,2634,4529,4645,1,3.97347,1.59597,2632,11008,11525
4,205,111185,663982,1131,71,71,0.074139,1.46917,1444,-1,ok,0,0,0,0,1443,1,1,2.00859,1131,9744,10628,1,3.54688,1131,18111,20695,7.77913,40593,1131,1,0.841913,0.375332,1131,1918,1985,1,1.71191,0.6904,1131,4555,4881
4,206,558415,519079,908,56,118,0.03785,0.608948,997,-1,ok,0,0,0,0,996,1,1,0.854808,908,4482,7409,1,1.23683,908,7427,15070,3.28956,18460,908,1,0.565156,0.24086,908,1265,1439,1,1.13183,0.560248,908,2483,4073
4,207,273703,668225,1512,95,95,0.045774,0.918176,1769,-1,ok,0,0,0,0,1768,1,1,2.27523,1512,11936,12545,1,4.61657,1512,23914,25879,10.9871,54992,1512,1,1.24262,0.593439,1512,2432,2480,1,2.08999,0.825342,1512,5797,6051
4,208,342313,675920,1135,70,103,0.054782,0.839178,1408,-1,ok,0,0,0,0,1407,1,1,1.8111,1135,9381,10198,1,3.25031,1135,17436,19449,8.88843,43864,1135,1,0.741125,0.288669,1135,1936,1999,1,1.67067,0.666145,1135,4609,4890
4,209,455838,475237,29,2,2,0.0051,0.071144,62,-1,ok,0,0,0,0,61,1,1,0.035936,29,29,477,1,0.006533,29,29,1762,0.019445,29,29,1,0.037562,0.02062,29,29,62,1,0.049181,0.035096,29,30,153
4,210,407548,553070,2852,179,179,0.082525,2.40903,3437,-1,ok,0,0,0,0,3436,1,1,6.20019,2856,24677,26473,1,10.7475,2854,46389,49503,20.4603,87342,2852,1,3.04782,1.46564,2856,4868,5043,1,4.65633,1.77438,2854,11914,12722
4,211,504813,914851,324,21,43,0.032651,0.59958,461,-1,ok,0,0,0,0,460,1,1,0.657999,324,2515,4016,1,0.820021,324,3633,7663,1.04088,3703,324,1,0.330497,0.138389,324,589,622,1,0.577909,0.245539,324,1227,1680
4,212,547561,230431,1222,77,82,0.052258,1.36211,1473,-1,ok,0,0,0,0,1472,1,1,2.30705,1222,9491,10729,1,4.35618,1222,18917,21495,10.6748,41512,1222,1,1.16045,0.595953,1222,2030,2131,1,1.92002,0.779586,1222,4847,5239
4,213,466238,312299,1571,102,265,0.100428,1.71326,2030,-1,ok,0,0,0,0,2029,1,1,3.62241,1573,13651,15036,1,5.11586,1571,25070,27015,10.9217,48789,1571,1,1.73589,0.930558,1573,2734,2825,1,2.81374,1.12586,1571,6653,7087
4,214,234897,536226,1213,79,212,0.108303,1.48307,1628,-1,ok,0,0,0,0,1627,1,1,1.78805,1215,8999,11711,1,3.37844,1213,15510,20792,12.6468,45493,1213,1,0.969201,0.420405,1223,2198,2244,1,1.97477,0.810214,1213,4654,5751
4,215,580756,561650,1750,113,113,0.076241,1.50387,2207,-1,ok,0,0,0,0,2206,1,1,3.60088,1752,14934,15970,1,6.53625,1750,26811,29629,16.5108,69389,1750,1,1.93434,0.99038,1752,3091,3126,1,3.01054,1.21299,1750,7545,7741
4,216,744886,554466,1138,74,182,0.090218,1.1746,1397,-1,ok,0,0,0,0,1396,1,1,1.8403,1142,8250,9465,1,3.34678,1140,15918,18098,9.1014,36805,1138,1,0.792059,0.36444,1142,1882,2004,1,1.67109,0.675332,1140,4432,4867
4,217,864144,644857,1147,73,196,0.076413,1.50259,1480,-1,ok,0,0,0,0,1479,1,1,2.68196,1153,7998,11765,1,3.25818,1153,13696,21876,9.15275,41653,1147,1,1.6336,0.883139,1153,1823,2105,1,1.96868,0.885735,1153,4030,5362
4,218,155929,549165,1194,75,83,0.062848,1.5848,1489,-1,ok,0,0,0,0,1488,1,1,2.55114,1194,9504,11091,1,4.16626,1194,17371,21856,9.16066,40836,1194,1,1.37739,0.675512,1194,1969,2101,1,1.99596,0.851642,1194,4576,5179
4,219,734340,664355,1063,67,67,0.065572,1.43797,1322,-1,ok,0,0,0,0,1321,1,1,2.08808,1063,8101,10574,1,3.416,1063,15768,19551,8.41314,34008,1063,1,0.948371,0.458255,1063,1740,1930,1,1.6277,0.694427,1063,4018,4968
4,220,483567,570424,1455,89,89,0.057918,1.17285,1778,-1,ok,0,0,0,0,1777,1,1,2.91901,1455,12411,14049,1,5.13305,1455,24681,27573,12.3268,48921,1455,1,1.22127,0.559435,1455,2467,2590,1,2.17316,0.882137,1455,5938,6491
4,221,639206,652049,2073,130,130,0.081071,2.06859,2606,-1,ok,0,0,0,0,2605,1,1,4.15081,2075,17941,18801,1,6.10893,2073,31360,33914,15.8771,73262,2073,1,2.09157,0.986142,2075,3607,3678,1,4.09155,1.66403,2073,8848,9179
4,222,93334,537056,1452,91,91,0.089998,1.89227,1803,-1,ok,0,0,0,0,1802,1,1,2.57324,1452,10466,12591,1,3.71849,1452,18730,24936,7.57766,41025,1452,1,1.1879,0.558915,1452,2276,2408,1,2.13731,0.94157,1452,5004,6309
4,223,603581,431982,437,29,60,0.03201,0.489976,496,-1,ok,0,0,0,0,495,1,1,0.851851,443,2732,4303,1,0.980091,443,4734,8244,1.83344,7661,437,1,0.380731,0.19837,443,679,790,1,0.597015,0.265876,443,1470,1911
4,224,439095,658592,1491,96,96,0.060834,2.08249,1878,-1,ok,0,0,0,0,1877,1,1,3.50662,1493,12131,13042,1,4.82365,1491,21276,22726,13.8389,60308,1491,1,1.86492,0.961537,1493,2585,2672,1,2.4515,0.982124,1491,6214,6584
4,225,814923,899971,128,10,10,0.01108,0.184845,165,-1,ok,0,0,0,0,164,1,1,0.204953,128,1069,1500,1,0.401881,128,1996,3421,0.656537,2672,128,1,0.083004,0.031438,128,229,249,1,0.206966,0.082524,128,560,614
4,226,498998,590659,2587,164,407,0.130334,2.49832,3230,-1,ok,0,0,0,0,3229,1,1,5.08714,2589,22260,23200,1,8.54436,2587,41890,44922,21.1762,80834,2587,1,2.79594,1.37447,2589,4365,4461,1,4.26596,1.75846,2587,10785,11220
4,227,559098,530053,2275,145,301,0.168235,2.39629,2784,-1,ok,0,0,0,0,2783,1,1,4.38708,2279,17427,20084,1,6.06078,2277,30606,36176,11.7004,53898,2275,1,2.386,1.23074,2279,3846,4054,1,3.61097,1.55842,2277,9043,9999
4,228,549050,87356,1368,85,85,0.083436,1.59653,1705,-1,ok,0,0,0,0,1704,1,1,3.20884,1368,10394,12089,1,4.31855,1368,20581,24442,11.3085,43802,1368,1,1.28264,0.631419,1368,2293,2403,1,2.09949,0.861538,1368,5339,5838
4,229,507967,791931,2780,176,178,0.11745,2.91117,3381,-1,ok,0,0,0,0,3380,1,1,5.33894,2782,22934,23779,1,8.33684,2780,43641,45524,18.762,87192,2780,1,2.7124,1.31772,2782,4636,4730,1,4.69355,1.88651,2780,11345,11668
4,230,403304,932996,1476,93,113,0.097121,1.80568,1795,-1,ok,0,0,0,0,1794,1,1,3.13408,1476,11316,12588,1,4.90076,1476,19294,21652,10.2337,48724,1476,1,1.46598,0.736506,1476,2492,2637,1,2.4793,0.913416,1476,5788,6490
4,231,779288,400102,1980,124,253,0.119353,2.31403,2499,-1,ok,0,0,0,0,2498,1,1,4.10517,1980,17521,19302,1,6.25109,1980,30791,36537,16.3165,75230,1980,1,2.26921,1.13119,1980,3519,3550,1,3.72859,1.49975,1980,8847,9015
4,232,115537,717680,835,53,109,0.075481,1.20765,1042,-1,ok,0,0,0,0,1041,1,1,1.54168,835,6760,8117,1,2.77395,835,12207,14883,3.99368,21113,835,1,0.782102,0.349334,835,1377,1492,1,1.42173,0.585133,835,3270,3739
4,233,625715,531035,2478,156,355,0.106519,2.3443,3099,-1,ok,0,0,0,0,3098,1,1,5.62578,2480,18928,21656,1,6.82698,2478,33480,41124,15.3837,73695,2478,1,2.57344,1.2901,2480,4084,4222,1,3.66026,1.50771,2478,9583,11012
4,234,12779,392632,1393,87,129,0.111318,1.72381,1710,-1,ok,0,0,0,0,1709,1,1,2.38389,1399,10816,14295,1,3.88797,1393,20118,29135,7.82446,40916,1393,1,1.25036,0.557613,1401,2283,2516,1,2.0615,0.898448,1395,5203,6301
4,235,491073,550893,600,37,37,0.041338,0.645927,721,-1,ok,0,0,0,0,720,1,1,1.25053,600,5936,6510,1,1.95683,600,10126,12452,5.48194,19518,600,1,0.368347,0.136014,600,1016,1050,1,0.848876,0.349634,600,2462,2657
4,236,544640,612058,608,38,63,0.016721,0.330717,705,-1,ok,0,0,0,0,704,1,1,0.671755,608,3713,5626,1,1.24232,608,7338,10983,3.02264,17730,608,1,0.361065,0.161793,608,865,1049,1,0.752196,0.340756,608,1807,2591
4,237,349394,221491,1219,76,76,0.041728,0.922794,1450,-1,ok,0,0,0,0,1449,1,1,2.27003,1219,11341,12579,1,4.5835,1219,23048,25626,7.20341,37230,1219,1,0.943362,0.394789,1219,2050,2149,1,1.79585,0.73299,1219,5014,5388
4,238,643343,800035,1098,68,68,0.04775,1.0593,1393,-1,ok,0,0,0,0,1392,1,1,2.97344,1098,10311,10859,1,3.75745,1098,18535,20231,8.55358,41464,1098,1,1.01941,0.447886,1098,1929,1982,1,1.96742,0.762144,1098,4903,5123
4,239,466292,494384,1056,69,69,0.056736,1.19487,1375,-1,ok,0,0,0,0,1374,1,1,2.1448,1058,8815,10876,1,3.49728,1056,17551,21129,6.6594,30097,1056,1,1.20219,0.566308,1058,1750,1896,1,1.91258,0.870617,1056,4141,4790
4,240,263294,711941,727,46,149,0.053489,1.06711,902,-1,ok,0,0,0,0,901,1,1,1.19408,727,3078,7156,1,1.28148,727,5691,14816,4.12596,19914,727,1,0.90999,0.48173,727,1000,1323,1,1.0705,0.578823,727,1793,3356
4,241,540708,407534,2386,150,150,0.095307,2.27081,3039,-1,ok,0,0,0,0,3038,1,1,5.10379,2388,19903,23039,1,6.9846,2386,35711,44198,14.8426,73400,2386,1,2.66602,1.21999,2396,4082,4317,1,3.85742,1.64033,2386,9819,10979
4,242,407548,728111,217,14,31,0.023314,0.361556,236,-1,ok,0,0,0,0,235,1,1,0.210303,217,217,3506,1,0.073427,217,217,8832,0.144861,217,217,1,0.203881,0.113392,217,217,436,1,0.352198,0.222586,217,217,1306
4,243,495501,485664,2437,155,300,0.091693,2.46037,3048,-1,ok,0,0,0,0,3047,1,1,5.98946,2439,22503,24150,1,9.70378,2437,41492,46343,17.3451,77339,2437,1,2.96216,1.53489,2439,4297,4368,1,4.16756,1.66024,2437,10763,11111
4,244,720906,179696,594,39,39,0.063629,0.893059,745,-1,ok,0,0,0,0,744,1,1,1.44323,594,5560,6254,1,2.44546,594,11327,12790,3.54745,16388,594,1,0.453678,0.195175,594,1011,1068,1,1.07016,0.429493,594,2576,2797
4,245,650350,482575,2675,168,369,0.138639,2.34711,3228,-1,ok,0,0,0,0,3227,1,1,4.93432,2677,20431,23557,1,7.69985,2675,38668,45511,14.5322,70704,2675,1,2.84104,1.30954,2677,4367,4634,1,4.34607,1.70836,2675,10864,12049
4,246,638652,817933,1535,96,96,0.114043,1.91652,1972,-1,ok,0,0,0,0,1971,1,1,3.65631,1535,14294,15071,1,5.39602,1535,24899,27100,11.1221,55609,1535,1,1.46333,0.738149,1535,2702,2734,1,2.6122,1.12289,1535,6704,6814
4,247,548934,567346,842,53,98,0.039113,0.675783,929,-1,ok,0,0,0,0,928,1,1,0.917775,842,4656,6904,1,1.79434,842,9816,14347,4.48097,24352,842,1,0.477993,0.217235,842,1136,1348,1,0.943422,0.404555,842,2463,3352
4,248,573392,445311,937,60,126,0.050323,0.947679,1172,-1,ok,0,0,0,0,1171,1,1,1.71016,939,5578,8824,1,2.12622,937,10067,17310,5.896,27552,937,1,0.916603,0.434862,939,1384,1658,1,1.26355,0.559235,937,3047,4263
4,249,791829,669974,699,46,68,0.021892,0.489817,734,-1,ok,0,0,0,0,733,1,1,0.755801,699,2982,5150,1,1.02613,699,4860,10347,1.1139,5774,699,1,0.395248,0.147215,699,912,1029,1,0.701661,0.308106,699,1534,2306
4,250,181289,193174,55,4,4,0.00533,0.098954,114,-1,ok,0,0,0,0,113,1,1,0.071473,55,169,533,1,0.046886,55,247,1654,0.046277,247,55,1,0.040707,0.019136,55,87,100,1,0.076031,0.041557,55,161,244
4,251,734304,877601,1239,77,77,0.041077,1.2516,1582,-1,ok,0,0,0,0,1581,1,1,3.50012,1239,11309,12392,1,4.63721,1239,20378,23037,9.26867,42458,1239,1,1.5237,0.769007,1239,2187,2280,1,2.32834,0.931029,1239,5485,5795
4,252,541771,272040,815,51,51,0.051987,0.929275,1024,-1,ok,0,0,0,0,1023,1,1,2.27344,815,7247,8658,1,3.03472,815,13244,17302,5.37035,24166,815,1,0.860518,0.438759,815,1347,1417,1,1.39481,0.669771,815,3126,3568
4,253,555426,520840,632,39,39,0.034124,0.72225,707,-1,ok,0,0,0,0,706,1,1,0.777994,632,4211,6500,1,1.16611,632,7156,13729,3.17288,17798,632,1,0.45568,0.207217,632,989,1142,1,0.876146,0.403193,632,2223,2941
4,254,554148,468913,1653,106,211,0.078487,1.67108,2136,-1,ok,0,0,0,0,2135,1,1,3.40654,1655,13010,14961,1,4.48925,1653,23166,26935,11.9671,53433,1653,1,1.63265,0.81376,1655,2783,2941,1,2.44878,1.04443,1653,6568,7288
4,255,407897,554527,1448,93,93,0.07485,1.3418,1729,-1,ok,0,0,0,0,1728,1,1,2.16803,1452,11331,12836,1,3.72623,1450,19855,22490,12.3303,55076,1448,1,0.997984,0.436925,1452,2427,2571,1,2.07904,0.835031,1450,5845,6505
4,256,476137,886494,1697,106,269,0.090659,1.75519,2182,-1,ok,0,0,0,0,2181,1,1,4.57888,1703,16807,17461,1,6.49713,1703,31070,32944,12.569,56352,1697,1,1.7964,0.88347,1703,3034,3055,1,2.97659,1.20799,1709,7760,7826
4,257,647690,523082,2414,153,428,0.126156,2.142,3015,-1,ok,0,0,0,0,3014,1,1,4.57264,2418,20736,21522,1,8.16978,2416,37023,38551,20.353,90555,2414,1,2.27752,1.1099,2418,4211,4268,1,3.82948,1.45852,2416,10383,10597
4,258,841766,458240,1678,104,168,0.108532,2.05326,2151,-1,ok,0,0,0,0,2150,1,1,3.1241,1684,14265,17059,1,4.78007,1684,24584,31893,14.4907,66477,1678,1,1.85632,0.97939,1684,2852,3041,1,2.7238,1.17554,1684,6836,7704
4,259,462910,637233,417,27,34,0.023474,0.544217,574,-1,ok,0,0,0,0,573,1,1,0.591866,417,3032,4283,1,1.20148,417,6295,7918,2.13495,11833,417,1,0.264595,0.119154,417,618,745,1,0.591154,0.265845,417,1415,1907
4,260,536976,551877,19,3,3,0.005248,0.083998,64,-1,ok,0,0,0,0,63,1,1,0.044363,19,19,382,1,0.010992,19,19,1131,0.015058,19,19,1,0.028344,0.020159,19,19,44,1,0.044414,0.033253,19,19,134
4,261,42610,554524,1736,113,113,0.074059,1.93311,2229,-1,ok,0,0,0,0,2228,1,1,4.19633,1746,15076,16584,1,6.62487,1738,27651,30289,14.8162,61353,1736,1,1.81703,0.918146,1746,2986,3125,1,3.02951,1.26322,1740,7338,7977
4,262,613794,229015,1113,72,172,0.08543,1.45087,1506,-1,ok,0,0,0,0,1505,1,1,2.51343,1115,9526,10384,1,3.64759,1113,16072,18234,7.88083,37126,1113,1,0.922234,0.417891,1115,1929,2016,1,1.85225,0.772493,1113,4774,5156
4,263,786608,624950,1914,119,311,0.101159,1.9264,2367,-1,ok,0,0,0,0,2366,1,1,3.77233,1920,15761,17187,1,5.7679,1920,28694,32225,14.9477,73614,1914,1,1.86637,0.93655,1920,3170,3289,1,2.83192,1.15513,1920,7735,8289
4,264,412226,542166,1648,106,272,0.098234,1.83349,2091,-1,ok,0,0,0,0,2090,1,1,3.19429,1650,11533,14262,1,4.09675,1648,20527,25829,14.1844,64093,1648,1,1.54832,0.76041,1658,2934,2997,1,2.35093,1.00616,1648,6301,7438
4,265,578007,584682,2557,161,400,0.127368,2.30918,3156,-1,ok,0,0,0,0,3155,1,1,4.60652,2559,21520,22451,1,7.76877,2557,39501,42524,16.1088,80842,2557,1,2.54275,1.25766,2559,4298,4401,1,3.85555,1.5518,2557,10558,10999
4,266,129099,357177,198,13,24,0.01619,0.413764,311,-1,ok,0,0,0,0,310,1,1,0.310719,198,938,2282,1,0.337902,198,1667,5073,0.350234,1823,198,1,0.170288,0.066244,198,198,372,1,0.259616,0.145142,198,210,950
4,267,670451,218543,1088,71,71,0.046496,1.21472,1461,-1,ok,0,0,0,0,1460,1,1,2.19498,1090,9178,10406,1,3.23184,1088,15364,18663,7.38351,33694,1088,1,0.881907,0.404916,1090,1870,1976,1,1.87976,0.79267,1088,4606,5079
4,268,636901,562811,880,53,53,0.0425,0.764288,955,-1,ok,0,0,0,0,954,1,1,1.36089,880,6334,6779,1,2.75708,880,12715,14723,5.70547,26825,880,1,0.662818,0.318838,880,1364,1393,1,1.13467,0.463044,880,3219,3400
4,269,161898,720900,750,49,161,0.045114,0.879122,967,-1,ok,0,0,0,0,966,1,1,1.09314,750,3261,7519,1,1.27868,750,5976,15413,4.80728,21524,750,1,0.763436,0.35852,750,1015,1336,1,1.00933,0.527577,750,1752,3334
4,270,536127,726744,1037,65,65,0.036327,0.714424,1354,-1,ok,0,0,0,0,1353,1,1,1.9508,1039,8553,9658,1,2.86449,1039,14653,17994,6.5602,33227,1037,1,0.790096,0.320679,1039,1812,1849,1,1.65355,0.657297,1039,4478,4613
4,271,182733,659592,907,57,57,0.038412,0.541302,1148,-1,ok,0,0,0,0,1147,1,1,1.46121,907,7867,8228,1,2.68945,907,14546,15562,6.89955,35409,907,1,0.54524,0.173175,907,1568,1603,1,1.34063,0.48778,907,3802,3960
4,272,557521,334467,2898,182,228,0.093955,2.02589,3543,-1,ok,0,0,0,0,3542,1,1,5.40469,2902,23119,26966,1,9.12344,2900,40971,50762,15.5801,73457,2898,1,3.14443,1.49039,2902,4894,5174,1,8.6194,1.88024,2900,12043,13024
4,273,550876,844900,1310,84,95,0.104666,1.89723,1705,-1,ok,0,0,0,0,1704,1,1,2.83719,1310,11239,12418,1,4.15945,1310,19761,21985,10.2878,46488,1310,1,1.26484,0.652339,1310,2238,2334,1,2.3656,0.916211,1310,5373,5830
4,274,442000,527458,1850,120,251,0.100598,1.71459,2381,-1,ok,0,0,0,0,2380,1,1,3.74941,1852,15617,16617,1,5.80696,1850,26708,29043,16.0841,69421,1850,1,1.7447,0.911243,1852,3247,3266,1,2.89556,1.10302,1850,8041,8114
4,275,163378,695363,985,63,63,0.059992,1.24058,1286,-1,ok,0,0,0,0,1285,1,1,2.00631,985,8554,9235,1,3.15481,985,15887,17236,8.60338,38613,985,1,0.821945,0.364592,985,1677,1747,1,1.52539,0.592858,985,3992,4231
4,276,469207,449288,2393,151,227,0.092853,2.01518,3012,-1,ok,0,0,0,0,3011,1,1,4.6289,2395,20571,23574,1,7.06627,2393,37532,45296,15.2995,73363,2393,1,2.42075,1.16638,2395,4090,4287,1,4.23035,1.68048,2393,9928,10846
4,277,621533,503471,384,25,46,0.02673,0.474217,433,-1,ok,0,0,0,0,432,1,1,0.49284,390,1649,3347,1,0.74932,390,3286,6499,0.993725,4835,384,1,0.3107,0.151323,390,569,697,1,0.512226,0.255298,390,1100,1665
4,278,584186,780781,627,41,41,0.026429,0.527727,772,-1,ok,0,0,0,0,771,1,1,0.905641,631,4869,5312,1,1.4878,629,7974,10021,4.12909,18390,627,1,0.349514,0.148558,631,964,1033,1,0.763306,0.328213,629,1999,2494
4,279,537110,215501,1213,76,107,0.062447,1.35423,1460,-1,ok,0,0,0,0,1459,1,1,2.50133,1213,9925,10925,1,3.85609,1213,18994,21107,9.58527,41547,1213,1,1.1158,0.553254,1213,2040,2122,1,1.89446,0.784987,1213,4833,5156
4,280,552659,521369,42,5,7,0.007184,0.099006,95,-1,ok,0,0,0,0,94,1,1,0.041097,42,42,1238,1,0.013775,42,42,3407,0.017883,42,42,1,0.043019,0.027521,42,42,92,1,0.077013,0.058418,42,42,280
4,281,470354,521484,1808,116,240,0.073286,1.63543,2297,-1,ok,0,0,0,0,2296,1,1,4.05546,1810,13978,15877,1,5.06369,1808,24083,28148,14.9413,67589,1808,1,1.70791,0.870396,1810,3069,3202,1,2.71542,1.13039,1808,7319,7943
4,282,779294,490035,423,28,41,0.023784,0.414655,556,-1,ok,0,0,0,0,555,1,1,0.286084,425,1102,4238,1,0.474226,423,2296,9149,0.666143,3597,423,1,0.295552,0.125043,425,529,786,1,0.504994,0.248394,423,871,2018
4,283,856695,383684,1735,106,169,0.066744,1.82078,2168,-1,ok,0,0,0,0,2167,1,1,3.40473,1735,14195,17666,1,4.86446,1735,24781,33790,14.0521,66731,1735,1,1.79099,0.820372,1735,2915,3156,1,2.88673,1.21568,1735,6984,8122
4,284,856911,565634,2043,128,342,0.118752,2.10114,2566,-1,ok,0,0,0,0,2565,1,1,3.62796,2043,17590,19183,1,5.96673,2043,30670,35159,14.6913,74365,2043,1,1.93437,0.937541,2043,3555,3626,1,3.15822,1.2702,2043,8842,9192
4,285,226029,617772,1109,69,95,0.065802,1.1101,1372,-1,ok,0,0,0,0,1371,1,1,1.73676,1109,9509,10897,1,3.336,1109,18096,21580,7.7162,40961,1109,1,0.6956,0.265405,1109,1878,1963,1,1.61366,0.630127,1109,4529,4897
4,286,273528,498716,214,13,13,0.008326,0.172612,269,-1,ok,0,0,0,0,268,1,1,0.210604,214,1042,2000,1,0.367767,214,1928,4415,0.40645,2252,214,1,0.122439,0.044894,214,310,363,1,0.275124,0.115446,214,617,883
4,287,585019,659525,120,9,9,0.007714,0.163546,157,-1,ok,0,0,0,0,156,1,1,0.083847,120,224,1754,1,0.102242,120,474,4312,0.200925,752,120,1,0.088514,0.045574,120,148,230,1,0.171621,0.105126,120,249,628
4,288,714688,746144,256,16,16,0.008085,0.261097,297,-1,ok,0,0,0,0,296,1,1,0.211395,256,1314,2298,1,0.464959,256,2777,4289,0.582099,3471,256,1,0.121085,0.050634,256,362,454,1,0.31529,0.134912,256,726,1114
4,289,487154,401935,1115,74,74,0.042319,1.08556,1440,-1,ok,0,0,0,0,1439,1,1,2.12152,1117,8765,11733,1,3.76195,1115,16822,21312,5.7107,29893,1115,1,1.51012,0.735033,1117,1778,2026,1,1.97689,1.01445,1115,4076,5259
4,290,558487,858169,252,16,34,0.028213,0.514961,395,-1,ok,0,0,0,0,394,1,1,0.547494,258,1935,2990,1,0.63202,252,2765,5030,0.574855,2917,252,1,0.190978,0.078768,258,386,482,1,0.404976,0.183552,258,783,1165
4,291,574271,660088,2395,152,152,0.088496,2.10441,2932,-1,ok,0,0,0,0,2931,1,1,5.45918,2397,20299,20817,1,8.43482,2395,38159,39159,15.4306,70720,2395,1,2.40461,1.20383,2397,4103,4129,1,3.77994,1.43832,2395,10182,10294
4,292,41143,546444,721,47,100,0.071182,1.19494,944,-1,ok,0,0,0,0,943,1,1,1.26606,721,4166,6822,1,1.73934,721,7642,13238,3.385,18062,721,1,0.555479,0.245849,733,1083,1294,1,1.0031,0.463587,721,2051,3032
4,293,760001,646214,1715,108,108,0.078617,1.7248,2208,-1,ok,0,0,0,0,2207,1,1,3.69847,1717,14669,15686,1,5.7574,1715,26831,28124,13.7394,68484,1715,1,2.0078,1.04113,1717,3008,3103,1,2.81929,1.21978,1715,7534,7878
4,294,185761,377965,506,33,66,0.020709,0.555748,673,-1,ok,0,0,0,0,672,1,1,0.504874,506,2705,4132,1,0.963018,506,5350,7873,2.74259,15369,506,1,0.258825,0.104676,506,767,887,1,0.588148,0.250899,506,1544,2099
4,295,604576,736790,940,59,68,0.042437,0.844508,1011,-1,ok,0,0,0,0,1010,1,1,1.65829,940,6688,7300,1,2.81163,940,13981,15420,5.83739,29173,940,1,0.756221,0.378265,940,1424,1490,1,1.21294,0.501878,940,3326,3536
4,296,604356,279676,1122,69,93,0.050024,1.06039,1357,-1,ok,0,0,0,0,1356,1,1,2.07497,1122,8794,10456,1,3.48311,1122,16766,20439,7.14144,37132,1122,1,0.914699,0.422981,1122,1790,1947,1,1.62093,0.659313,1122,4128,4769
4,297,467430,178127,281,18,18,0.011582,0.204011,348,-1,ok,0,0,0,0,347,1,1,0.334404,281,1716,2621,1,0.636599,281,3368,4799,0.770939,4332,281,1,0.18173,0.065853,281,461,506,1,0.403123,0.158536,281,922,1274
4,298,473402,701873,1457,94,94,0.044774,1.22961,1818,-1,ok,0,0,0,0,1817,1,1,3.14278,1459,11427,12454,1,3.94188,1457,19597,22087,11.2347,54516,1457,1,1.3055,0.579923,1459,2577,2603,1,2.28408,0.857793,1457,6234,6410
4,299,546168,470167,91,7,10,0.009729,0.155982,142,-1,ok,0,0,0,0,141,1,1,0.094037,91,91,966,1,0.030276,91,91,2747,0.023895,91,91,1,0.105789,0.056987,91,91,163,1,0.107031,0.070643,91,91,404
6,0,515417,637366,1801,28,28,0.020407,2.40009,2692,-1,ok,0,0,0,0,2691,1,1,8.17055,1801,33210,40713,1,7.89103,1801,40998,53101,12.7419,55476,1801,1,2.39964,1.30801,1803,3108,3194,1,2.9342,1.30704,1801,7396,8046
6,1,221578,683609,709,13,18,0.030236,1.15269,1098,-1,ok,0,0,0,0,1097,1,1,1.54987,709,7893,19053,1,2.19649,709,11807,26436,3.3044,17883,709,1,0.567692,0.233356,719,1133,1308,1,1.00648,0.542413,709,1828,3303
6,2,566063,455879,224,4,4,0.005069,0.43318,525,-1,ok,0,0,0,0,524,1,1,0.131587,224,392,7478,1,0.530179,224,2277,13157,0.626571,2755,224,1,0.199735,0.096431,228,401,433,1,0.431876,0.217957,228,889,1201
6,3,364509,251282,377,7,7,0.004499,0.366784,494,-1,ok,0,0,0,0,493,1,1,0.829409,377,4509,6304,1,1.20303,377,6521,11589,1.48582,7916,377,1,0.215172,0.077314,377,621,660,1,0.474877,0.201186,377,1409,1597
6,4,713214,541596,268,6,6,0.00507,0.427248,503,-1,ok,0,0,0,0,502,1,1,0.218999,268,279,9034,1,0.091551,268,281,15241,0.157825,281,268,1,0.332713,0.1652,268,268,489,1,0.386751,0.225651,268,275,1210
6,5,708892,372109,865,14,14,0.006863,0.718723,1232,-1,ok,0,0,0,0,1231,1,1,4.89358,865,18089,20638,1,5.28102,865,23155,28996,8.19174,33055,865,1,0.771692,0.349142,865,1493,1526,1,1.45344,0.586465,883,3615,3773
6,6,549730,910635,485,10,10,0.007414,0.814181,960,-1,ok,0,0,0,0,959,1,1,2.27791,485,6781,9045,1,2.40905,485,10610,15446,2.74211,11505,485,1,0.560487,0.343311,485,670,772,1,0.64181,0.301665,485,1343,1823
6,7,428575,333335,686,11,11,0.009117,0.713322,979,-1,ok,0,0,0,0,978,1,1,2.08079,686,10080,13929,1,2.57397,686,14032,21174,3.94016,19844,686,1,0.51396,0.225731,686,1139,1164,1,0.9151,0.363519,686,2600,2697
6,8,103741,529812,1209,21,21,0.008947,1.4002,1848,-1,ok,0,0,0,0,1847,1,1,4.61716,1209,22920,29482,1,6.76592,1209,32105,44906,8.3659,40816,1209,1,1.22144,0.646599,1209,2013,2152,1,1.87476,0.81854,1209,4707,5335
6,9,504438,99296,1284,21,21,0.011401,1.29931,1839,-1,ok,0,0,0,0,1838,1,1,5.26795,1284,24467,29482,1,7.69056,1284,34961,44906,8.32274,40831,1284,1,1.15925,0.56753,1284,2143,2255,1,2.02663,0.876037,1284,5047,5537
6,10,503002,473385,659,13,13,0.008025,0.928415,1214,-1,ok,0,0,0,0,1213,1,1,1.71517,659,8001,16999,1,2.65556,659,13034,26931,3.54982,18056,659,1,0.45976,0.221354,659,909,1180,1,0.87711,0.442045,659,1902,2981
6,11,594375,693937,1954,31,31,0.02643,2.06944,2823,-1,ok,0,0,0,0,2822,1,1,10.0136,1954,37951,39816,1,10.7343,1954,48272,52234,14.8886,67204,1954,1,2.75122,1.58345,1956,3444,3488,1,3.51764,1.51738,1954,8638,8749
6,12,184179,575147,1336,23,44,0.018946,2.05978,2179,-1,ok,0,0,0,0,2178,1,1,6.05517,1336,23815,27730,1,6.39501,1336,29780,38061,10.5633,51137,1336,1,1.43229,0.778596,1338,2358,2383,1,2.28736,0.982976,1336,5792,5920
6,13,84373,731343,822,14,26,0.01068,1.50458,1475,-1,ok,0,0,0,0,1474,1,1,2.95214,822,11921,22893,1,3.032,822,14788,29198,4.49738,22213,822,1,1.20607,0.535711,830,1440,1473,1,1.44607,0.768146,824,2026,3671
6,14,533139,449475,806,13,24,0.010129,0.895874,1159,-1,ok,0,0,0,0,1158,1,1,2.76542,806,14001,16074,1,3.42934,806,17970,23476,4.65618,24850,806,1,0.573291,0.23032,806,1388,1413,1,1.15791,0.501638,812,3202,3284
6,15,800775,353868,725,14,18,0.009028,0.804134,1012,-1,ok,0,0,0,0,1011,1,1,1.21512,725,3544,15348,1,0.715757,725,3662,20218,1.09164,3662,725,1,0.738921,0.369891,725,937,1116,1,0.895282,0.434121,725,1485,2639
6,16,580536,834346,1638,28,28,0.01057,1.77557,2571,-1,ok,0,0,0,0,2570,1,1,8.47109,1638,33379,35634,1,9.21681,1638,42941,49825,11.7534,56131,1638,1,1.87778,1.00065,1638,2823,2916,1,2.77549,1.18788,1638,7054,7220
6,17,705977,179642,451,9,9,0.009307,0.80332,810,-1,ok,0,0,0,0,809,1,1,2.39876,451,10525,13842,1,2.76231,451,12292,18011,2.50609,12349,451,1,0.391361,0.156733,457,778,841,1,0.855238,0.369069,451,1838,2268
6,18,591189,502974,573,10,10,0.005199,0.780239,874,-1,ok,0,0,0,0,873,1,1,1.13917,573,6790,13334,1,2.09082,573,11955,24710,3.02097,17174,573,1,0.379179,0.181789,577,893,1050,1,0.807769,0.370773,573,2011,2729
6,19,696806,606078,410,8,8,0.004209,0.394286,689,-1,ok,0,0,0,0,688,1,1,0.849538,410,4607,8827,1,1.34792,410,6966,16384,2.14278,10136,410,1,0.216594,0.077154,410,570,742,1,0.477331,0.208649,410,1172,1845
6,20,649644,351270,898,15,15,0.009006,1.14123,1501,-1,ok,0,0,0,0,1500,1,1,3.5259,898,10732,17232,1,2.77487,898,14341,24720,6.45439,27816,898,1,1.02563,0.523178,906,1338,1634,1,1.37631,0.689287,898,2937,4195
6,21,364679,647787,786,13,13,0.008826,0.998964,1215,-1,ok,0,0,0,0,1214,1,1,2.63081,786,11320,19594,1,3.01344,786,15101,28225,5.09357,24119,786,1,1.10044,0.522577,786,1270,1376,1,1.38572,0.695789,786,2574,3291
6,22,236480,558798,1348,22,22,0.013766,1.9636,2231,-1,ok,0,0,0,0,2230,1,1,5.82799,1348,24224,27135,1,5.98946,1348,29950,36050,12.4993,51938,1348,1,1.49457,0.855969,1356,2372,2431,1,2.22852,0.965855,1350,5862,5948
6,23,429002,590281,593,9,9,0.007254,0.879091,1114,-1,ok,0,0,0,0,1113,1,1,3.04984,593,9593,12828,1,2.88602,593,13290,19895,2.90483,14142,593,1,0.554085,0.287326,593,959,1074,1,1.01669,0.468254,599,2161,2659
6,24,732327,437963,2826,48,48,0.03202,3.18744,4285,-1,ok,0,0,0,0,4284,1,1,16.0429,2826,53941,62968,1,17.2215,2826,69231,80014,16.3593,75758,2826,1,3.70849,1.79944,2828,4758,4889,1,5.30604,2.10194,2826,12013,12690
6,25,695045,573533,2638,44,44,0.057797,3.03028,3831,-1,ok,0,0,0,0,3830,1,1,11.9398,2638,50577,55490,1,14.1769,2638,64449,73386,14.7252,70636,2638,1,2.87163,1.4291,2640,4331,4530,1,4.2042,1.76139,2638,10404,11264
6,26,653917,554134,819,14,14,0.010971,1.42848,1516,-1,ok,0,0,0,0,1515,1,1,2.50683,819,11296,19768,1,2.60567,819,13752,25920,4.1207,22528,819,1,0.561119,0.258644,827,1280,1510,1,1.13776,0.53011,819,2765,3760
6,27,591152,758487,1441,23,23,0.0264,1.34311,2032,-1,ok,0,0,0,0,2031,1,1,6.18963,1441,27032,31906,1,7.12259,1441,35075,41386,11.8582,54336,1441,1,1.65887,0.847894,1443,2565,2602,1,2.45355,1.08624,1441,5719,6544
6,28,530231,797885,2838,47,47,0.037941,3.0487,4081,-1,ok,0,0,0,0,4080,1,1,12.9948,2838,56995,60337,1,14.105,2838,69807,77255,18.3502,87207,2838,1,2.99343,1.47012,2840,4764,4871,1,4.32867,1.75013,2838,11609,11938
6,29,461730,614781,2269,37,37,0.05301,2.85158,3384,-1,ok,0,0,0,0,3383,1,1,9.99152,2269,46080,49483,1,12.0558,2269,58017,66002,14.9545,73263,2269,1,3.00758,1.57459,2271,3959,4057,1,4.63943,2.00507,2269,9791,10256
6,30,444980,608103,2053,32,32,0.050483,2.8789,3090,-1,ok,0,0,0,0,3089,1,1,8.33405,2053,35717,37186,1,9.32422,2053,46020,51407,16.5784,77390,2053,1,2.1371,1.13421,2055,3578,3627,1,4.12913,1.57678,2055,8686,8858
6,31,625582,540051,1625,27,27,0.016499,2.20916,2316,-1,ok,0,0,0,0,2315,1,1,5.76043,1625,26201,34997,1,7.33384,1625,34459,50581,11.8118,58442,1625,1,1.82668,0.99584,1625,2622,2899,1,2.44663,1.09697,1631,5936,7214
6,32,525321,196202,1187,20,20,0.011301,1.52735,1676,-1,ok,0,0,0,0,1675,1,1,5.26134,1187,23748,27641,1,6.98257,1187,34242,42375,7.85078,39681,1187,1,1.12637,0.574333,1187,2017,2098,1,2.01883,0.907285,1187,4963,5295
6,33,478182,565842,1838,30,30,0.034084,2.32066,2863,-1,ok,0,0,0,0,2862,1,1,7.92776,1838,34676,41499,1,7.7161,1838,42084,53776,11.2525,54134,1838,1,2.03584,1.08109,1840,3035,3268,1,2.81255,1.27717,1838,7110,8157
6,34,537719,542421,274,5,5,0.005971,0.491379,547,-1,ok,0,0,0,0,546,1,1,1.05968,274,5199,7636,1,0.913355,274,5199,12612,0.999707,5199,274,1,0.164788,0.078606,274,478,530,1,0.450622,0.214861,284,1043,1362
6,35,606091,561377,46,2,2,0.003918,0.292107,293,-1,ok,0,0,0,0,292,1,1,0.034513,46,46,5932,1,0.01033,46,46,10995,0.028403,46,46,1,0.052578,0.025146,46,46,83,1,0.062816,0.040264,46,52,228
6,36,540484,237922,578,10,10,0.006634,0.683297,801,-1,ok,0,0,0,0,800,1,1,2.12464,578,8722,14307,1,2.7979,578,13642,23597,3.3644,14971,578,1,0.412322,0.200345,578,878,1009,1,0.806917,0.3863,578,1885,2390
6,37,916340,481104,632,11,11,0.007935,0.917605,1111,-1,ok,0,0,0,0,1110,1,1,1.72283,632,6699,15151,1,2.03113,632,9625,21773,3.59103,14872,632,1,0.568514,0.291696,634,913,1159,1,0.909709,0.429803,632,1855,2939
6,38,547698,473617,2323,38,38,0.023594,2.0242,3560,-1,ok,0,0,0,0,3559,1,1,10.7405,2323,42987,52678,1,12.3122,2323,57084,70854,15.5421,70722,2323,1,3.09124,1.29308,2325,3924,4183,1,4.16715,1.65822,2323,9330,10562
6,39,503531,560189,206,5,5,0.007504,0.681713,559,-1,ok,0,0,0,0,558,1,1,1.04638,206,2601,8297,1,0.789757,206,3506,14289,1.00857,3507,206,1,0.198279,0.104765,206,271,365,1,0.266679,0.147237,206,514,880
6,40,528285,633179,2234,36,36,0.024876,2.90709,3405,-1,ok,0,0,0,0,3404,1,1,11.4601,2234,42783,47814,1,14.4285,2234,56880,65935,15.3227,70518,2234,1,2.88276,1.34318,2236,3840,3995,1,4.26034,1.89202,2234,9370,10038
6,41,528291,124629,1240,21,21,0.014357,1.83948,1919,-1,ok,0,0,0,0,1918,1,1,6.23919,1240,24133,29482,1,7.91147,1240,34627,44906,8.46251,40626,1240,1,1.37322,0.72327,1240,2084,2176,1,1.99,0.865546,1240,4907,5318
6,42,218360,732318,1260,23,23,0.012904,1.77062,1841,-1,ok,0,0,0,0,1840,1,1,5.57722,1260,24147,28423,1,6.24445,1260,30582,38908,6.91183,36829,1260,1,1.28462,0.666906,1260,2004,2048,1,2.06413,0.898358,1260,4796,4986
6,43,673429,646337,1726,28,28,0.035616,2.2591,2661,-1,ok,0,0,0,0,2660,1,1,6.59632,1726,27721,37259,1,6.51961,1726,35364,49841,11.025,53246,1726,1,1.80079,0.960755,1728,2812,3091,1,2.55291,1.18369,1726,6446,7779
6,44,677903,545932,2495,41,41,0.04271,2.80013,3714,-1,ok,0,0,0,0,3713,1,1,9.66144,2495,46761,52359,1,12.3424,2495,59207,71303,15.8073,79377,2495,1,2.79122,1.36171,2497,4230,4294,1,4.31686,1.72857,2495,10876,11185
6,45,599861,473157,116,3,6,0.008505,0.498152,353,-1,ok,0,0,0,0,352,1,1,0.089667,116,116,7437,1,0.027281,116,116,13196,0.063388,116,116,1,0.201015,0.0862,116,116,239,1,0.204192,0.145212,116,116,709
6,46,771679,448047,942,15,15,0.010319,1.18578,1223,-1,ok,0,0,0,0,1222,1,1,3.60299,942,16008,19630,1,4.43371,942,21643,29983,5.07368,26277,942,1,0.914798,0.486028,942,1538,1690,1,1.48657,0.676835,948,3505,4187
6,47,613652,373259,1541,26,60,0.014086,1.61496,2166,-1,ok,0,0,0,0,2165,1,1,5.88879,1541,27657,35570,1,7.17222,1541,36469,48597,12.3492,61879,1541,1,1.7487,0.897757,1591,2602,2783,1,2.60024,1.14246,1547,6518,6788
6,48,559115,582478,645,12,12,0.008276,0.886687,1014,-1,ok,0,0,0,0,1013,1,1,1.51055,645,6900,11638,1,1.55676,645,8597,18336,1.68582,8597,645,1,0.470159,0.243045,645,1016,1148,1,0.891637,0.412412,647,2332,2758
6,49,138045,605112,1531,24,24,0.02244,1.8699,2560,-1,ok,0,0,0,0,2559,1,1,7.46863,1531,28665,30076,1,8.19067,1531,36866,42067,12.318,57282,1531,1,1.72334,0.912523,1539,2721,2761,1,2.56354,1.08117,1533,6684,6811
6,50,715274,544491,2277,37,37,0.039905,2.61449,3298,-1,ok,0,0,0,0,3297,1,1,9.70576,2277,42600,46321,1,10.6767,2277,52225,62643,15.7706,79200,2277,1,2.75821,1.36764,2279,3896,3913,1,3.84663,1.49316,2277,10136,10222
6,51,118518,621231,1297,20,20,0.014257,1.84706,1952,-1,ok,0,0,0,0,1951,1,1,4.96822,1297,21741,26685,1,4.98776,1297,25892,34860,9.73345,47326,1297,1,1.19959,0.580734,1299,2191,2372,1,2.03885,0.868995,1297,5145,5931
6,52,560125,876072,607,11,11,0.009378,0.928034,1126,-1,ok,0,0,0,0,1125,1,1,2.49511,607,12016,15151,1,3.0616,607,16023,21773,3.57857,17204,607,1,0.56235,0.268051,609,1024,1088,1,0.951066,0.411379,607,2561,2735
6,53,457330,549752,200,4,4,0.005108,0.487271,531,-1,ok,0,0,0,0,530,1,1,0.421768,200,1982,7801,1,0.763427,200,3416,14106,0.787532,3599,200,1,0.187871,0.116408,200,282,375,1,0.291706,0.179155,200,585,937
6,54,185650,870115,627,11,11,0.008415,1.0145,1108,-1,ok,0,0,0,0,1107,1,1,3.58188,627,11104,17698,1,2.73044,627,11572,22661,2.70043,11572,627,1,0.83999,0.450072,627,1045,1154,1,1.31872,0.605692,627,2686,2964
6,55,519871,693835,2142,34,34,0.027361,2.46853,3155,-1,ok,0,0,0,0,3154,1,1,10.8275,2142,44694,45827,1,11.7722,2142,56200,58595,14.4677,73105,2142,1,2.67132,1.36969,2144,3792,3820,1,3.97234,1.53366,2142,9499,9621
6,56,140914,484062,1346,21,21,0.058811,2.05432,2049,-1,ok,0,0,0,0,2048,1,1,5.41835,1346,21843,30273,1,5.8297,1346,25994,38120,9.38145,47059,1346,1,1.7148,0.973559,1348,2213,2481,1,2.1645,1.00795,1346,5077,6275
6,57,630216,170691,1277,20,20,0.035305,2.06321,2042,-1,ok,0,0,0,0,2041,1,1,6.69704,1277,25054,26685,1,7.00819,1277,31072,34860,8.70378,42674,1277,1,1.62768,0.894611,1279,2256,2278,1,2.47004,1.0751,1277,5524,5681
6,58,686374,577768,450,7,7,0.008245,0.708164,607,-1,ok,0,0,0,0,606,1,1,0.944907,450,3578,7759,1,0.866189,450,4752,14110,3.05723,11733,450,1,0.399897,0.21419,450,603,814,1,0.591104,0.283659,450,1193,2086
6,59,625714,607337,2167,35,35,0.021339,2.44592,3226,-1,ok,0,0,0,0,3225,1,1,9.50103,2167,41207,44619,1,11.4571,2167,53089,61083,15.02,73254,2167,1,2.47774,1.25387,2169,3767,3859,1,3.57128,1.45355,2167,9276,9675
6,60,160386,877813,1001,15,15,0.014167,1.70565,1618,-1,ok,0,0,0,0,1617,1,1,4.70268,1001,18734,20689,1,4.99744,1001,23787,26401,5.08333,24866,1001,1,0.924667,0.399096,1001,1762,1868,1,1.76577,0.720956,1001,4197,4773
6,61,557207,713255,2128,35,35,0.031699,2.43211,3295,-1,ok,0,0,0,0,3294,1,1,9.97686,2128,41244,43531,1,11.2629,2128,54019,57740,15.0519,71776,2128,1,2.38823,1.22581,2130,3676,3756,1,4.36209,1.7545,2128,9074,9299
6,62,689095,577712,931,19,21,0.014356,1.40026,1362,-1,ok,0,0,0,0,1361,1,1,5.33819,931,18649,21177,1,4.8362,931,24623,32500,6.15123,27410,931,1,0.713893,0.382865,931,1431,1456,1,1.23243,0.536132,931,3397,3549
6,63,118518,543922,1546,24,24,0.027842,1.92621,2345,-1,ok,0,0,0,0,2344,1,1,7.07515,1546,27054,30041,1,6.58997,1546,32565,38947,12.5642,54964,1546,1,1.82624,1.00968,1548,2730,2795,1,2.54765,1.05822,1552,6476,6870
6,64,743230,714700,454,9,9,0.007714,0.806706,827,-1,ok,0,0,0,0,826,1,1,1.57637,454,6820,10452,1,1.34035,454,7226,16539,1.22568,7262,454,1,0.39577,0.192811,454,679,790,1,0.626249,0.300872,454,1467,1927
6,65,451281,500222,1729,28,28,0.022954,2.52585,2562,-1,ok,0,0,0,0,2561,1,1,7.29943,1729,32414,39344,1,7.76496,1729,40263,52076,10.8503,53341,1729,1,1.93153,1.01989,1731,2900,3077,1,2.87652,1.2222,1729,6864,7682
6,66,87326,638815,783,14,14,0.01149,1.56414,1472,-1,ok,0,0,0,0,1471,1,1,3.51947,783,13808,22062,1,3.58996,783,17045,30087,4.34782,21613,783,1,0.949337,0.492881,783,1260,1388,1,1.18572,0.574092,783,2581,3406
6,67,873089,178288,543,9,9,0.011622,0.972357,1092,-1,ok,0,0,0,0,1091,1,1,2.89153,543,8539,16157,1,2.15079,543,8868,22295,1.99494,8868,543,1,0.792544,0.424112,543,909,1042,1,1.38234,0.719457,543,2276,2884
6,68,540231,698411,324,7,7,0.006111,0.582148,535,-1,ok,0,0,0,0,534,1,1,2.19739,324,7419,8851,1,2.42419,324,10668,16094,2.65103,11259,324,1,0.372886,0.201637,324,514,577,1,0.590003,0.298768,324,1244,1508
6,69,608054,502046,428,9,10,0.007013,0.664481,873,-1,ok,0,0,0,0,872,1,1,2.08781,428,7141,11937,1,1.85044,428,9341,19457,2.09125,9740,428,1,0.368347,0.196236,428,697,760,1,0.599871,0.293909,434,1505,1805
6,70,551981,134941,1142,20,20,0.008727,1.31193,1721,-1,ok,0,0,0,0,1720,1,1,6.34394,1142,22393,25342,1,6.96339,1142,31994,37465,8.45408,37155,1142,1,1.32485,0.739801,1142,1915,2007,1,1.85824,0.845179,1142,4416,4977
6,71,463217,908917,606,11,11,0.009999,0.921963,1025,-1,ok,0,0,0,0,1024,1,1,2.64479,606,10118,13851,1,2.64943,606,13936,20928,3.23895,15134,606,1,0.768957,0.425155,608,878,1086,1,0.925172,0.472733,606,1637,2779
6,72,633916,540912,2768,45,45,0.02692,3.4861,4145,-1,ok,0,0,0,0,4144,1,1,13.982,2768,54494,57434,1,19.6669,2768,69481,75746,16.4932,78468,2768,1,3.42605,1.59188,2770,4752,4785,1,4.7552,1.81948,2774,12072,12304
6,73,797852,552425,1119,21,21,0.013103,1.77245,1784,-1,ok,0,0,0,0,1783,1,1,4.27161,1119,18012,25459,1,4.53025,1119,23739,35455,5.51744,25862,1119,1,0.816245,0.415317,1119,1575,1799,1,1.49478,0.65274,1119,3803,4754
6,74,746160,847884,1478,23,23,0.030877,1.79739,2253,-1,ok,0,0,0,0,2252,1,1,7.2939,1478,28725,32371,1,7.26227,1478,36135,41921,11.617,53994,1478,1,1.86588,0.897006,1478,2593,2664,1,2.50821,1.07281,1478,6246,6699
6,75,759766,548195,703,13,13,0.010519,1.28611,1504,-1,ok,0,0,0,0,1503,1,1,2.387,703,10348,18841,1,2.49872,703,12356,24545,3.39085,16496,703,1,0.607095,0.293609,705,1076,1283,1,1.00411,0.456573,703,2279,3179
6,76,413741,394099,778,13,23,0.011622,1.12943,1161,-1,ok,0,0,0,0,1160,1,1,2.83035,778,12875,20175,1,3.29338,778,16658,30727,3.92106,20512,778,1,0.906413,0.464217,794,1401,1420,1,1.46542,0.773536,778,2979,3703
6,77,913394,471896,1104,17,17,0.012584,1.46018,1523,-1,ok,0,0,0,0,1522,1,1,5.07817,1104,19811,23440,1,4.84519,1104,23419,31769,9.2998,44041,1104,1,1.44091,0.792471,1104,1829,1992,1,1.83794,0.847593,1104,4149,4882
6,78,652297,501706,101,2,2,0.00535,0.32926,278,-1,ok,0,0,0,0,277,1,1,0.095013,101,101,5932,1,0.027771,101,101,10995,0.053633,101,101,1,0.130635,0.086223,101,101,204,1,0.190196,0.120024,101,101,620
6,79,528306,440834,2348,38,38,0.019111,2.63502,3515,-1,ok,0,0,0,0,3514,1,1,12.1684,2348,42990,52678,1,13.247,2348,57087,70854,15.1248,70725,2348,1,3.04711,1.49987,2350,3948,4229,1,4.24345,1.73757,2348,9577,10806
6,80,579216,344905,687,12,22,0.012774,1.19372,932,-1,ok,0,0,0,0,931,1,1,1.88629,687,7070,16343,1,2.63883,687,11882,26241,3.60691,18817,687,1,0.866729,0.422991,703,1204,1264,1,1.19936,0.617014,687,2378,3319
6,81,291425,565940,613,10,10,0.007935,0.908798,824,-1,ok,0,0,0,0,823,1,1,2.15616,613,8502,12272,1,1.93752,613,9937,17116,4.22309,22156,613,1,0.691332,0.317383,613,979,1049,1,0.874414,0.369561,619,1979,2497
6,82,560203,166249,1334,22,22,0.022153,1.65775,2159,-1,ok,0,0,0,0,2158,1,1,4.99806,1334,21313,27977,1,5.7808,1334,27838,37265,8.37247,39639,1334,1,1.58538,0.92642,1336,2200,2368,1,2.19654,0.965003,1334,5150,5944
6,83,725367,601383,506,10,10,0.008105,0.812839,901,-1,ok,0,0,0,0,900,1,1,1.89902,506,8346,11764,1,2.34674,506,11884,20013,2.61029,13653,506,1,0.486889,0.232776,506,791,870,1,0.758466,0.32121,506,1781,2141
6,84,690950,626446,632,12,12,0.006321,0.634835,943,-1,ok,0,0,0,0,942,1,1,1.55033,632,8276,15115,1,1.91166,632,10835,21818,2.09421,11509,632,1,0.422229,0.204121,632,866,981,1,0.774497,0.377185,632,1885,2419
6,85,885107,623720,1723,27,27,0.022512,1.80254,2480,-1,ok,0,0,0,0,2479,1,1,7.80308,1723,33470,36866,1,9.01784,1723,41149,49133,13.8881,69467,1723,1,2.51017,1.19676,1723,3004,3094,1,3.26108,1.40142,1723,7367,7741
6,86,452862,582210,1864,31,31,0.043341,2.64718,2929,-1,ok,0,0,0,0,2928,1,1,8.48956,1864,37017,44603,1,8.46694,1864,44272,56469,11.2054,55382,1864,1,2.22357,1.22801,1866,3214,3325,1,3.03334,1.35413,1864,7844,8392
6,87,643668,475109,189,4,4,0.007905,0.567311,600,-1,ok,0,0,0,0,599,1,1,0.096349,189,189,8793,1,0.045025,189,189,13303,0.073127,189,189,1,0.118252,0.0538,189,212,372,1,0.315028,0.18233,189,198,1025
6,88,72436,674500,1030,19,19,0.009627,1.61333,1885,-1,ok,0,0,0,0,1884,1,1,5.51681,1030,24058,26382,1,6.19086,1030,30301,34537,7.68625,37614,1030,1,1.12437,0.582227,1036,1786,1825,1,1.71067,0.703765,1030,4290,4460
6,89,868641,853704,37,2,2,0.004288,0.306562,362,-1,ok,0,0,0,0,361,1,1,0.02606,37,38,4777,1,0.010331,37,37,8062,0.012904,37,37,1,0.03722,0.022713,37,37,70,1,0.060443,0.046546,37,37,209
6,90,644709,548157,2038,32,32,0.018405,2.1325,2999,-1,ok,0,0,0,0,2998,1,1,8.14509,2038,35589,43900,1,8.91295,2038,43747,55754,16.0352,70826,2038,1,2.23936,1.14621,2040,3449,3687,1,3.2615,1.39945,2038,8289,9325
6,91,582005,373594,1217,21,21,0.013265,1.67066,1724,-1,ok,0,0,0,0,1723,1,1,5.86823,1217,23414,26395,1,7.35398,1217,34036,40309,9.75268,45309,1217,1,1.22855,0.648462,1217,2083,2116,1,2.11013,0.889071,1217,5034,5130
6,92,677416,621320,2042,33,33,0.032931,2.37699,2875,-1,ok,0,0,0,0,2874,1,1,8.18903,2042,38073,40366,1,9.88791,2042,48351,53791,15.3877,70315,2042,1,2.20919,1.11739,2044,3561,3665,1,3.48045,1.47052,2042,8729,9214
6,93,705859,580720,219,4,4,0.004679,0.444681,388,-1,ok,0,0,0,0,387,1,1,0.220062,219,1029,5254,1,0.248394,219,1257,11009,0.265916,1257,219,1,0.119214,0.054172,219,237,411,1,0.252272,0.130234,219,331,1008
6,94,431412,580719,607,12,12,0.007424,0.708373,946,-1,ok,0,0,0,0,945,1,1,3.62298,607,11401,15616,1,3.78274,607,16849,26241,3.57558,17721,607,1,0.682847,0.401882,657,994,1169,1,0.998746,0.504953,607,2044,2722
6,95,437348,552419,661,12,12,0.007414,0.824872,1120,-1,ok,0,0,0,0,1119,1,1,1.98321,661,11136,18589,1,3.07986,661,16789,28511,3.0986,18299,661,1,0.490226,0.241771,673,986,1212,1,1.1603,0.536973,661,2294,3266
6,96,758271,503460,743,13,13,0.012062,1.25858,1464,-1,ok,0,0,0,0,1463,1,1,2.95491,743,10383,18841,1,2.42239,743,12391,24545,3.79976,18490,743,1,0.8825,0.489375,745,1119,1363,1,1.10334,0.537094,743,2362,3443
6,97,868701,479347,1176,18,18,0.012294,1.35731,1645,-1,ok,0,0,0,0,1644,1,1,4.69679,1176,19762,26727,1,4.49888,1176,23354,35207,9.72291,45874,1176,1,1.4737,0.826224,1176,1955,2119,1,1.94866,0.869654,1176,4481,5230
6,98,562097,501182,3169,51,51,0.038202,3.46228,4542,-1,ok,0,0,0,0,4541,1,1,11.6866,3169,50767,60922,1,13.1566,3169,64855,81892,14.487,74431,3169,1,3.31414,1.63569,3171,5270,5462,1,4.93825,2.02221,3171,12435,14017
6,99,278199,257290,49,1,0,0.003135,0.211395,174,-1,ok,0,0,0,0,173,1,1,0.054541,49,49,3130,1,0.018074,49,49,8403,0.014277,49,49,1,0.035347,0.018215,49,49,100,1,0.062466,0.04279,49,49,286
6,100,570049,534288,47,1,0,0.001823,0.10217,74,-1,ok,0,0,0,0,73,1,1,0.031309,47,47,3195,1,0.024276,47,47,10321,0.022501,47,47,1,0.045154,0.029485,47,47,100,1,0.078046,0.056335,47,47,304
6,101,541954,728137,425,8,8,0.006973,0.796848,846,-1,ok,0,0,0,0,845,1,1,1.76037,425,8266,11046,1,2.09302,425,10570,16489,1.98487,10772,425,1,0.28401,0.120855,425,670,766,1,0.615139,0.264565,425,1474,1785
6,102,215378,85837,389,8,8,0.005931,0.720647,882,-1,ok,0,0,0,0,881,1,1,1.0697,389,4696,11972,1,0.988036,389,5275,15447,0.98491,5539,389,1,0.291616,0.130624,389,659,683,1,0.51938,0.224488,389,1374,1627
6,103,589928,544726,2226,36,36,0.023494,2.23819,3321,-1,ok,0,0,0,0,3320,1,1,9.14778,2226,41776,47814,1,10.6892,2226,53699,65935,15.0053,73866,2226,1,2.44534,1.25453,2228,3873,3948,1,3.97395,1.63926,2226,9568,9942
6,104,541522,549453,805,14,14,0.01094,1.19852,1288,-1,ok,0,0,0,0,1287,1,1,2.3603,805,11622,19057,1,3.79602,805,18900,30604,7.48774,23643,805,1,0.524952,0.259986,805,1053,1274,1,1.04136,0.462594,805,2708,3639
6,105,502684,483770,978,18,34,0.011341,0.968179,1681,-1,ok,0,0,0,0,1680,1,1,3.4938,978,18955,23730,1,4.74327,978,26596,34788,5.64193,30698,978,1,0.648211,0.325408,978,1508,1530,1,1.39348,0.575055,978,4131,4234
6,106,185739,464682,1225,20,20,0.029884,1.85553,2244,-1,ok,0,0,0,0,2243,1,1,5.90756,1225,20312,30008,1,5.60005,1225,25638,39413,10.3977,44382,1225,1,1.6383,0.922624,1227,2015,2297,1,2.03743,0.972076,1225,4726,5958
6,107,564997,595611,2276,37,49,0.051635,2.58309,3387,-1,ok,0,0,0,0,3386,1,1,8.47431,2276,39303,42405,1,10.9278,2276,50618,57485,11.8765,58396,2276,1,2.816,1.54391,2278,3973,3985,1,3.69869,1.51859,2278,9665,9736
6,108,589155,636201,2476,40,40,0.065942,3.17035,3531,-1,ok,0,0,0,0,3530,1,1,12.4484,2476,48980,51137,1,13.4185,2476,62537,67841,15.4025,70451,2476,1,2.83115,1.37726,2478,4173,4289,1,4.6872,1.85124,2476,10208,10695
6,109,531285,901687,2128,33,33,0.055162,2.8473,3033,-1,ok,0,0,0,0,3032,1,1,10.6945,2128,41438,43359,1,12.0814,2128,55262,57842,14.7948,68196,2128,1,2.46225,1.25513,2128,3693,3817,1,3.67998,1.57202,2128,8943,9588
6,110,732706,576220,224,5,5,0.007435,0.472041,407,-1,ok,0,0,0,0,406,1,1,0.596314,224,2895,5421,1,0.569443,224,3123,11348,0.677817,3123,224,1,0.159729,0.07469,224,377,400,1,0.325577,0.130703,224,854,1004
6,111,109733,638731,1000,16,16,0.009107,1.37499,1463,-1,ok,0,0,0,0,1462,1,1,4.54711,1000,20365,21980,1,6.00946,1000,28516,31465,6.82831,35200,1000,1,0.942321,0.449981,1000,1655,1778,1,1.55478,0.65286,1000,3886,4383
6,112,662568,191645,835,15,15,0.009498,0.942661,1160,-1,ok,0,0,0,0,1159,1,1,3.08793,835,14668,17269,1,4.86501,835,20435,26379,8.26362,33636,835,1,0.607114,0.250528,835,1403,1474,1,1.39715,0.598528,835,3383,3663
6,113,374965,759941,1238,19,19,0.013034,1.37717,1737,-1,ok,0,0,0,0,1736,1,1,5.1954,1238,19474,23193,1,5.01107,1238,24523,30033,8.68617,43838,1238,1,1.35406,0.664903,1238,2098,2248,1,2.21077,0.992361,1238,4855,5556
6,114,719164,27693,1169,20,20,0.011983,1.53606,1814,-1,ok,0,0,0,0,1813,1,1,5.81707,1169,22413,27450,1,6.44757,1169,29163,36811,8.32755,40737,1169,1,1.39269,0.708864,1175,2038,2088,1,2.15645,0.995019,1171,4897,5076
6,115,752294,934231,163,4,4,0.004938,0.435595,350,-1,ok,0,0,0,0,349,1,1,0.563614,163,1373,4895,1,0.311,163,1566,8159,0.344904,1566,163,1,0.26223,0.158015,181,278,330,1,0.378217,0.175878,163,748,813
6,116,655535,844782,573,11,11,0.007093,1.01485,1354,-1,ok,0,0,0,0,1353,1,1,2.10731,573,8503,13764,1,2.56328,573,12937,20261,3.58905,16115,573,1,0.457625,0.223908,575,940,997,1,0.80862,0.341918,573,2293,2537
6,117,474798,607811,1695,26,26,0.025488,1.70704,2496,-1,ok,0,0,0,0,2495,1,1,7.3248,1695,27333,32254,1,7.13885,1695,34889,43834,13.6431,63777,1695,1,1.94119,1.01812,1697,2844,3035,1,2.68553,1.19963,1695,6768,7588
6,118,913321,352359,1830,30,64,0.018615,2.4363,2577,-1,ok,0,0,0,0,2576,1,1,6.67285,1830,30422,39562,1,8.3594,1830,39827,54013,13.8724,67065,1830,1,2.33882,1.22738,1846,3267,3323,1,3.27755,1.42507,1836,7632,8553
6,119,458475,638815,192,4,4,0.007124,0.553275,473,-1,ok,0,0,0,0,472,1,1,0.145463,192,600,8312,1,0.175557,192,891,14255,0.181098,941,192,1,0.158155,0.085649,192,192,388,1,0.275514,0.172942,192,275,1003
6,120,185587,899904,797,13,17,0.008446,1.12724,1262,-1,ok,0,0,0,0,1261,1,1,2.98223,797,12871,15806,1,3.07844,797,14393,22169,6.70995,28653,797,1,0.715487,0.317723,797,1361,1450,1,1.42716,0.589621,803,3129,3602
6,121,660993,722496,1439,24,24,0.009638,1.27833,2148,-1,ok,0,0,0,0,2147,1,1,5.05832,1439,24733,30855,1,6.37304,1439,33592,44512,10.2422,49024,1439,1,1.25817,0.639045,1439,2340,2572,1,2.11066,0.963641,1445,5224,6490
6,122,587664,590978,396,8,11,0.007535,0.566098,767,-1,ok,0,0,0,0,766,1,1,0.68537,396,2897,11936,1,0.528278,396,2903,16738,0.501276,2903,396,1,0.235641,0.119454,396,485,624,1,0.385972,0.211195,396,740,1671
6,123,227425,627948,1391,24,24,0.009457,1.41735,2000,-1,ok,0,0,0,0,1999,1,1,4.47898,1391,23926,30775,1,6.24349,1391,32884,43877,10.0121,48375,1391,1,1.25344,0.656668,1391,2214,2319,1,2.07587,0.873983,1391,5275,5767
6,124,404568,507174,380,6,6,0.006352,0.464728,523,-1,ok,0,0,0,0,522,1,1,0.940256,380,3884,9574,1,0.847473,380,4446,17111,0.892787,4446,380,1,0.236261,0.12356,380,477,505,1,0.403194,0.203431,380,784,1315
6,125,234885,555140,1077,19,19,0.008827,1.35658,1590,-1,ok,0,0,0,0,1589,1,1,3.59765,1077,17956,24511,1,5.04017,1077,25357,38153,7.68225,38485,1077,1,0.948153,0.463627,1077,1772,1909,1,1.7224,0.784986,1077,4169,4833
6,126,379198,738927,1657,27,27,0.012714,1.95037,2398,-1,ok,0,0,0,0,2397,1,1,6.85636,1657,32105,37059,1,8.87914,1657,41180,50895,10.4671,50465,1657,1,1.95734,1.08206,1673,2706,3009,1,2.88071,1.34342,1657,6525,7742
6,127,516377,549670,2291,37,37,0.040735,2.64683,3424,-1,ok,0,0,0,0,3423,1,1,9.94167,2291,42924,51402,1,12.4116,2291,57021,69195,14.6165,70659,2291,1,2.67039,1.34378,2293,3902,4122,1,4.11277,1.81105,2291,9547,10516
6,128,346621,479141,772,14,16,0.011321,1.25523,1233,-1,ok,0,0,0,0,1232,1,1,3.16585,772,14810,18154,1,3.88351,772,19960,27865,4.52188,23874,772,1,0.623355,0.305741,772,1312,1337,1,1.16814,0.514752,772,3191,3416
6,129,380939,508659,970,17,17,0.01673,0.810714,1583,-1,ok,0,0,0,0,1582,1,1,2.48104,970,13501,23773,1,3.37012,970,18411,35607,3.61064,20262,970,1,0.599831,0.238657,970,1384,1557,1,1.25949,0.559405,970,2841,4360
6,130,549667,582479,32,2,2,0.004578,0.186638,187,-1,ok,0,0,0,0,186,1,1,0.029275,32,32,6529,1,0.007544,32,32,11007,0.022081,32,32,1,0.043391,0.023283,32,32,68,1,0.053519,0.039392,32,32,208
6,131,231944,556389,1377,24,24,0.008156,0.914969,2024,-1,ok,0,0,0,0,2023,1,1,5.28062,1377,26730,32052,1,7.00441,1377,36314,47743,9.34582,47464,1377,1,1.13372,0.568222,1377,2234,2280,1,2.07336,0.80322,1377,5401,5606
6,132,444980,143997,639,11,11,0.007534,0.92648,1070,-1,ok,0,0,0,0,1069,1,1,1.72838,639,8205,13922,1,2.48596,639,12158,22805,2.51381,14571,639,1,0.458347,0.190697,639,1029,1100,1,0.947049,0.407481,639,2193,2537
6,133,553121,561095,2824,46,46,0.028714,3.05179,4267,-1,ok,0,0,0,0,4266,1,1,11.7885,2824,49717,56261,1,13.1174,2824,63498,76289,15.182,73309,2824,1,3.11234,1.56845,2826,4874,5007,1,4.52142,1.87409,2826,11845,12414
6,134,557186,599599,2595,43,43,0.069089,3.14725,3816,-1,ok,0,0,0,0,3815,1,1,10.3093,2595,48522,55370,1,13.3814,2595,63072,74064,16.4595,80846,2595,1,2.57005,1.28507,2597,4338,4446,1,3.97496,1.63375,2595,10607,11102
6,135,752223,476482,939,14,14,0.012201,1.31661,1340,-1,ok,0,0,0,0,1339,1,1,5.19491,939,18657,21195,1,4.93841,939,22280,28711,4.80655,25957,939,1,1.13884,0.604099,945,1612,1676,1,1.58196,0.673418,945,3768,4139
6,136,668229,470670,2659,45,45,0.033932,2.90864,4010,-1,ok,0,0,0,0,4009,1,1,12.4691,2659,49692,59416,1,13.5946,2659,63949,77752,15.3037,70689,2659,1,2.78015,1.38213,2661,4355,4609,1,4.59171,1.78953,2659,10881,11985
6,137,328875,564452,195,3,3,0.006613,0.489486,364,-1,ok,0,0,0,0,363,1,1,0.229148,195,894,3993,1,0.183683,195,898,8180,0.182481,898,195,1,0.157355,0.072547,195,253,377,1,0.279233,0.151344,203,313,1045
6,138,642157,729840,1731,27,61,0.015088,2.13432,2526,-1,ok,0,0,0,0,2525,1,1,5.70089,1731,24806,35809,1,5.91414,1731,31736,46178,11.2212,53712,1731,1,1.659,0.755613,1739,3083,3100,1,2.81234,1.19606,1731,6308,7894
6,139,90305,752572,987,16,16,0.032831,1.75743,1890,-1,ok,0,0,0,0,1889,1,1,4.68532,987,17579,23101,1,4.21158,987,20112,26930,4.1562,21023,987,1,1.19041,0.620541,989,1772,1858,1,1.7918,0.784996,987,3783,4804
6,140,540469,868590,1095,18,25,0.013084,1.54664,1624,-1,ok,0,0,0,0,1623,1,1,4.93217,1095,20266,23219,1,5.34784,1095,25868,33704,9.30164,38391,1095,1,1.05939,0.511105,1095,1896,1975,1,2.12854,0.822756,1101,4564,4959
6,141,554237,542468,341,6,8,0.00521,0.523819,678,-1,ok,0,0,0,0,677,1,1,0.973698,341,3855,5399,1,1.20841,341,5747,11175,1.4743,5867,341,1,0.29945,0.161101,341,550,603,1,0.474126,0.216303,343,1194,1372
6,142,552875,544670,2521,40,40,0.02181,6.87711,3760,-1,ok,0,0,0,0,3759,1,1,10.0003,2521,44661,51170,1,11.6534,2521,57266,70022,14.4073,73344,2521,1,2.933,1.49338,2523,4310,4444,1,4.62654,1.94589,2523,10467,11022
6,143,489779,135045,582,11,11,0.010609,1.04754,935,-1,ok,0,0,0,0,934,1,1,2.36088,582,10431,16148,1,3.43326,582,14961,26128,2.84686,15398,582,1,0.413982,0.169686,582,951,1017,1,0.97968,0.363109,582,2089,2436
6,144,684986,321427,899,15,15,0.007655,0.860899,1278,-1,ok,0,0,0,0,1277,1,1,2.96413,899,14262,21409,1,3.99871,899,19005,29574,7.8759,34162,899,1,0.734854,0.321853,899,1409,1584,1,1.37298,0.593227,899,3136,3869
6,145,551199,39629,1264,20,20,0.025688,1.73965,2231,-1,ok,0,0,0,0,2230,1,1,6.92599,1264,25076,31207,1,5.97072,1264,29755,37985,9.3775,39964,1264,1,1.60665,0.853464,1278,2260,2297,1,2.49254,1.08337,1266,5851,5980
6,146,161784,518507,1403,23,23,0.043511,1.9509,2270,-1,ok,0,0,0,0,2269,1,1,5.22303,1403,24362,29104,1,5.57317,1403,29175,38605,10.2777,50296,1403,1,1.48537,0.774436,1405,2395,2540,1,2.51709,1.08391,1403,5631,6292
6,147,916310,555655,611,11,11,0.009217,0.948332,1132,-1,ok,0,0,0,0,1131,1,1,1.3687,611,6648,15151,1,1.97543,611,9574,21773,2.61083,14115,611,1,0.418713,0.159399,631,947,1144,1,0.84032,0.363599,611,1965,2815
6,148,358724,558670,1036,18,18,0.009609,1.02933,1857,-1,ok,0,0,0,0,1856,1,1,3.41306,1036,17352,21465,1,4.11269,1036,21730,30943,7.89021,39297,1036,1,0.768627,0.344866,1044,1860,1899,1,1.67682,0.698135,1036,4576,4787
6,149,491303,659590,417,7,7,0.006122,0.601804,624,-1,ok,0,0,0,0,623,1,1,1.99911,417,8546,9379,1,2.22203,417,11887,15315,2.45754,13217,417,1,0.410808,0.199123,417,734,771,1,0.748257,0.302524,417,1802,1970
6,150,551910,879052,1906,31,31,0.019918,1.90731,2769,-1,ok,0,0,0,0,2768,1,1,9.34341,1906,37839,43238,1,10.7919,1906,49698,59104,12.7482,55146,1906,1,2.21672,1.20135,1906,3203,3273,1,3.59283,1.52484,1912,7774,8238
6,151,548928,513895,2545,41,41,0.06976,3.41159,3780,-1,ok,0,0,0,0,3779,1,1,11.9145,2545,47350,55813,1,14.1699,2545,62404,74563,14.6781,70674,2545,1,3.03469,1.56234,2547,4188,4425,1,4.30866,1.80258,2545,10520,11570
6,152,544907,516738,841,14,14,0.010299,1.40127,1154,-1,ok,0,0,0,0,1153,1,1,3.25496,841,14774,18618,1,3.78489,841,19731,27002,5.49013,25710,841,1,0.712671,0.350896,841,1374,1466,1,1.21382,0.55091,847,3021,3504
6,153,596621,550078,3073,50,50,0.03271,3.15031,4526,-1,ok,0,0,0,0,4525,1,1,13.9008,3073,57797,61518,1,16.4461,3073,75780,81763,18.6504,87684,3073,1,3.40145,1.65297,3075,5146,5313,1,5.07641,1.97713,3075,12929,13697
6,154,457377,679268,965,16,16,0.012713,1.62701,1778,-1,ok,0,0,0,0,1777,1,1,4.55489,965,20625,22731,1,4.47662,965,24261,27913,5.02472,27753,965,1,0.856289,0.453146,977,1685,1750,1,1.71526,0.833086,969,4247,4361
6,155,888007,738901,148,3,3,0.006071,0.310038,515,-1,ok,0,0,0,0,514,1,1,0.647919,148,3181,6266,1,0.611262,148,3181,9086,0.596285,3181,148,1,0.109464,0.048561,148,257,262,1,0.253434,0.120145,148,650,696
6,156,557446,245356,1550,25,25,0.017473,1.51825,2461,-1,ok,0,0,0,0,2460,1,1,5.31533,1550,26019,30023,1,6.07487,1550,32726,40157,7.59277,40658,1550,1,1.45763,0.688195,1552,2722,2784,1,2.48059,1.04486,1552,6466,6881
6,157,269058,233403,285,5,5,0.00526,0.40657,378,-1,ok,0,0,0,0,377,1,1,0.584391,285,2000,4526,1,0.534288,285,2627,8463,0.720746,3379,285,1,0.257732,0.13357,285,400,493,1,0.41738,0.16641,285,796,1168
6,158,561143,482354,629,12,12,0.007062,0.940287,1134,-1,ok,0,0,0,0,1133,1,1,2.61,629,8019,15413,1,2.69986,629,13052,24715,4.34841,17927,629,1,0.642641,0.319837,629,839,1117,1,0.902255,0.453628,629,1684,2820
6,159,476616,512534,204,4,4,0.004749,0.365623,437,-1,ok,0,0,0,0,436,1,1,0.78186,204,3478,7269,1,0.89405,204,4646,13929,1.08722,6051,204,1,0.178944,0.082695,204,296,384,1,0.26762,0.147936,204,535,922
6,160,651112,289929,1373,22,22,0.01049,1.43996,1970,-1,ok,0,0,0,0,1969,1,1,5.45814,1373,22582,25511,1,5.50975,1373,28163,33656,9.04864,45876,1373,1,1.52526,0.821324,1375,2316,2447,1,2.19944,0.937331,1373,5483,6114
6,161,728484,372110,264,5,5,0.006052,0.501778,685,-1,ok,0,0,0,0,684,1,1,0.111768,264,294,6409,1,0.089978,264,294,11967,0.097933,309,264,1,0.196948,0.08037,264,264,520,1,0.36382,0.221705,264,264,1509
6,162,569402,643340,2200,35,35,0.020438,2.20169,3345,-1,ok,0,0,0,0,3344,1,1,8.01509,2200,36140,43662,1,9.2545,2200,46809,58938,10.5083,55450,2200,1,2.48662,1.30605,2202,3732,3881,1,3.40285,1.47175,2202,8801,9534
6,163,148333,409238,245,6,6,0.007725,0.504643,366,-1,ok,0,0,0,0,365,1,1,0.328463,245,1531,3834,1,0.315268,245,1531,5727,0.284061,1531,245,1,0.168766,0.066113,245,333,449,1,0.288541,0.138008,245,554,1157
6,164,464750,373454,1640,27,27,0.017873,1.9694,2677,-1,ok,0,0,0,0,2676,1,1,7.40655,1640,33875,36130,1,7.70636,1640,41159,45807,9.7454,51643,1640,1,1.71709,0.926661,1642,2840,2935,1,2.79254,1.11824,1640,6904,7392
6,165,355695,858397,800,11,11,0.01076,1.26597,1299,-1,ok,0,0,0,0,1298,1,1,2.84962,800,13717,14557,1,3.61203,800,17569,19354,3.45632,18252,800,1,0.663179,0.267991,800,1417,1497,1,1.47615,0.611072,800,3413,3823
6,166,671610,490121,1975,33,48,0.027811,2.0556,3096,-1,ok,0,0,0,0,3095,1,1,8.98442,1975,39195,45982,1,10.3873,1975,49361,58275,17.9907,76395,1975,1,2.26736,1.17268,1977,3481,3541,1,3.33243,1.3975,1975,8623,8912
6,167,620032,817899,1017,18,33,0.012734,1.53451,1932,-1,ok,0,0,0,0,1931,1,1,2.95307,1017,14010,18895,1,4.02968,1017,21121,27834,5.4947,27881,1017,1,0.746686,0.351798,1019,1656,1776,1,1.43211,0.628746,1019,3846,4295
6,168,475138,561483,915,16,16,0.011011,0.940908,1670,-1,ok,0,0,0,0,1669,1,1,3.51389,915,18272,22419,1,4.0763,915,22813,28349,5.47464,30334,915,1,0.671594,0.30531,923,1494,1626,1,1.38675,0.624337,915,3628,4058
6,169,677523,564943,2418,39,39,0.034574,2.55569,3605,-1,ok,0,0,0,0,3604,1,1,10.6037,2418,43398,47174,1,11.8442,2418,55983,62338,19.8245,84521,2418,1,2.81389,1.47639,2420,4167,4285,1,3.94721,1.63324,2420,10086,10630
6,170,547139,894242,1009,18,18,0.011392,1.47806,1738,-1,ok,0,0,0,0,1737,1,1,3.36444,1009,14568,16200,1,4.46274,1009,19415,23395,3.5529,19650,1009,1,0.738359,0.351226,1009,1711,1723,1,1.46148,0.608226,1011,4004,4065
6,171,513656,703356,1488,23,23,0.029284,1.75875,2061,-1,ok,0,0,0,0,2060,1,1,7.30389,1488,27618,29962,1,7.56597,1488,36066,39362,13.4052,57709,1488,1,1.97388,1.00746,1490,2651,2686,1,3.23454,1.4074,1488,6476,6614
6,172,561653,646343,1780,29,29,0.077664,2.52055,2687,-1,ok,0,0,0,0,2686,1,1,6.65561,1780,28973,38417,1,7.03847,1780,37891,52246,10.2737,53602,1780,1,1.87946,0.993015,1782,2883,3161,1,2.82691,1.28823,1780,6604,7916
6,173,452860,580211,2703,44,44,0.075011,3.64978,4082,-1,ok,0,0,0,0,4081,1,1,12.023,2703,53745,60601,1,15.8895,2703,67073,78095,15.7189,80816,2703,1,3.30058,1.52839,2705,4587,4683,1,4.48755,1.80816,2703,11359,11802
6,174,457346,589806,992,17,17,0.012524,1.64021,1785,-1,ok,0,0,0,0,1784,1,1,5.02101,992,20590,23658,1,4.51625,992,24226,29288,6.14084,29685,992,1,0.863273,0.456051,1000,1664,1787,1,1.75175,0.756623,992,4094,4510
6,175,125970,564306,414,7,7,0.007534,0.769687,585,-1,ok,0,0,0,0,584,1,1,1.44049,414,4666,9572,1,1.09577,414,5306,15172,1.29925,5306,414,1,0.500625,0.240519,414,628,730,1,0.65276,0.298678,414,1387,1869
6,176,432903,536123,1450,25,25,0.012053,1.73827,2087,-1,ok,0,0,0,0,2086,1,1,7.01209,1450,29985,33916,1,9.26877,1450,39732,47108,11.7785,48138,1450,1,1.76534,0.955716,1500,2547,2650,1,2.43748,1.0733,1456,5816,6447
6,177,586708,335970,692,12,22,0.028643,1.03018,979,-1,ok,0,0,0,0,978,1,1,1.28024,692,6914,16343,1,2.20547,692,12082,26241,3.52263,19204,692,1,0.554877,0.233015,724,1135,1335,1,1.0677,0.555637,692,2064,3489
6,178,127595,700137,422,7,7,0.007986,0.80766,745,-1,ok,0,0,0,0,744,1,1,1.22028,422,4133,11380,1,0.889833,422,4133,17923,1.03316,4133,422,1,0.467483,0.221834,426,584,841,1,0.834138,0.447916,422,1160,2358
6,179,538665,123021,1064,18,18,0.01092,1.1965,1561,-1,ok,0,0,0,0,1560,1,1,4.67683,1064,20869,23802,1,5.99368,1064,29515,34846,8.64352,34570,1064,1,0.979481,0.467744,1064,1743,1860,1,1.74394,0.749631,1064,3968,4615
6,180,352712,882018,430,7,7,0.009107,0.790387,781,-1,ok,0,0,0,0,780,1,1,1.65801,430,5280,11186,1,1.22674,430,5526,16339,2.12665,5526,430,1,0.591215,0.275974,430,748,829,1,0.914958,0.400938,436,1795,2222
6,181,570105,642882,409,8,8,0.005551,0.60448,824,-1,ok,0,0,0,0,823,1,1,1.14105,409,6370,11701,1,1.67034,409,9336,16869,2.54355,10197,409,1,0.221343,0.109424,409,566,603,1,0.503681,0.243816,409,1365,1550
6,182,236454,64964,158,3,3,0.004428,0.43919,493,-1,ok,0,0,0,0,492,1,1,1.00953,158,3096,7446,1,0.653541,158,3096,11165,0.993439,3096,158,1,0.215883,0.118181,158,239,295,1,0.30453,0.167243,158,492,730
6,183,547182,801522,1262,22,22,0.010228,1.55388,2101,-1,ok,0,0,0,0,2100,1,1,4.23759,1262,17263,22461,1,4.48079,1262,23589,30850,7.85128,28573,1262,1,1.20356,0.637672,1264,2124,2229,1,1.85326,0.79709,1264,5070,5474
6,184,684920,553657,177,4,4,0.0051,0.414005,390,-1,ok,0,0,0,0,389,1,1,0.215252,177,530,7242,1,0.175036,177,670,13701,0.297807,670,177,1,0.205875,0.102692,177,192,324,1,0.241932,0.144208,177,231,828
6,185,552875,351270,1255,20,20,0.009458,1.33053,2152,-1,ok,0,0,0,0,2151,1,1,3.92175,1255,17029,23529,1,3.98522,1255,22246,32625,9.47238,34338,1255,1,1.25468,0.524039,1263,1958,2254,1,1.9382,0.959522,1257,4461,5719
6,186,492765,584268,2039,33,33,0.034314,2.02835,3016,-1,ok,0,0,0,0,3015,1,1,9.5689,2039,38073,40799,1,11.3823,2039,50258,55351,19.25,80673,2039,1,2.41131,1.21339,2041,3544,3632,1,3.34467,1.36472,2041,8548,8868
6,187,155792,743182,560,10,10,0.010009,1.10542,899,-1,ok,0,0,0,0,898,1,1,1.26625,560,4818,14055,1,1.18957,560,5709,19671,1.33909,5800,560,1,0.569244,0.247754,560,821,1003,1,0.861399,0.413432,560,1613,2647
6,188,433249,556063,1470,25,25,0.012021,1.76879,2395,-1,ok,0,0,0,0,2394,1,1,6.17082,1470,22061,26772,1,6.01898,1470,29315,35632,11.4434,53381,1470,1,1.40862,0.776941,1478,2457,2637,1,2.23305,0.980753,1472,5779,6624
6,189,675909,548947,322,6,6,0.007094,0.434742,481,-1,ok,0,0,0,0,480,1,1,0.716579,322,3084,8973,1,0.55667,322,3084,16956,0.627983,3084,322,1,0.217596,0.11785,322,395,427,1,0.472101,0.167543,322,1340,1475
6,190,801727,652069,1904,30,30,0.018214,2.09645,2741,-1,ok,0,0,0,0,2740,1,1,7.98768,1904,35559,39003,1,8.68215,1904,43873,51899,14.9182,72405,1904,1,2.12743,1.09763,1904,3343,3405,1,3.04787,1.25636,1904,8296,8560
6,191,424436,194685,1235,19,19,0.014948,1.77581,1864,-1,ok,0,0,0,0,1863,1,1,6.34474,1235,23886,28167,1,6.16653,1235,28927,36882,7.85416,36924,1235,1,1.58846,0.759989,1237,2143,2231,1,2.47163,1.22744,1235,5246,5795
6,192,568596,520838,78,2,2,0.00559,0.369681,331,-1,ok,0,0,0,0,330,1,1,0.100728,78,78,5081,1,0.050133,78,78,11014,0.040785,78,78,1,0.099957,0.071544,78,78,160,1,0.151471,0.110265,78,78,478
6,193,537052,487130,2582,43,59,0.022391,2.81356,3961,-1,ok,0,0,0,0,3960,1,1,13.7908,2582,50245,57269,1,16.2769,2582,66777,76069,16.8854,77015,2582,1,3.41377,1.71555,2584,4405,4456,1,4.67184,1.81985,2582,11378,11618
6,194,287117,597610,1357,21,21,0.016059,1.8729,2084,-1,ok,0,0,0,0,2083,1,1,5.03395,1357,21968,23852,1,5.50703,1357,28243,34182,11.103,53827,1357,1,1.29282,0.681693,1359,2325,2450,1,2.1792,0.918325,1359,5663,6056
6,195,734217,369103,902,15,24,0.012654,1.24575,1271,-1,ok,0,0,0,0,1270,1,1,4.82146,902,16940,20756,1,4.88061,902,22027,28996,9.09078,37832,902,1,1.04049,0.557021,902,1534,1582,1,1.50386,0.640566,902,3671,3875
6,196,609326,594424,18,1,0,0.002715,0.136095,59,-1,ok,0,0,0,0,58,1,1,0.025177,18,18,2941,1,0.008256,18,18,7747,0.006902,18,18,1,0.020078,0.014317,18,18,30,1,0.049071,0.040816,18,18,88
6,197,555356,373478,150,3,3,0.004548,0.304481,415,-1,ok,0,0,0,0,414,1,1,0.216233,150,946,6028,1,0.181669,150,955,11461,0.191479,955,150,1,0.123179,0.050003,150,240,267,1,0.242874,0.116537,150,481,714
6,198,538782,596393,2887,49,49,0.02126,2.98108,4410,-1,ok,0,0,0,0,4409,1,1,12.9666,2887,53309,55538,1,16.3449,2887,70772,74150,20.1305,90119,2887,1,3.43935,1.59296,2889,4955,5078,1,5.76427,2.19408,2889,11979,12589
6,199,853804,764242,234,4,4,0.008274,0.611725,415,-1,ok,0,0,0,0,414,1,1,0.255145,234,997,6111,1,0.217717,234,1221,9372,0.210303,1221,234,1,0.20866,0.129172,234,316,441,1,0.350235,0.179365,234,605,1087
6,200,546144,731449,1563,26,26,0.01575,2.234,2384,-1,ok,0,0,0,0,2383,1,1,7.51853,1563,28643,34946,1,8.80807,1563,39137,50260,10.2391,49057,1563,1,1.868,1.06314,1563,2477,2756,1,2.57714,1.17324,1563,5637,6939
6,201,546580,470520,70,2,2,0.006793,0.433659,243,-1,ok,0,0,0,0,242,1,1,0.096871,70,70,2145,1,0.03256,70,70,4920,0.037911,70,70,1,0.062146,0.033272,70,70,143,1,0.103964,0.064591,70,70,368
6,202,587180,610058,2820,47,47,0.023954,3.27588,4187,-1,ok,0,0,0,0,4186,1,1,12.5473,2820,52147,59010,1,15.5585,2820,68225,79232,16.2311,80831,2820,1,3.5643,1.67304,2822,4752,4843,1,5.22312,1.96493,2822,11557,11979
6,203,554148,555672,34,1,0,0.004338,0.163999,127,-1,ok,0,0,0,0,126,1,1,0.051407,34,34,3588,1,0.009858,34,34,9789,0.009678,34,34,1,0.028133,0.018595,34,34,76,1,0.06958,0.054571,34,34,232
6,204,618603,576023,2630,42,42,0.025097,3.27398,3931,-1,ok,0,0,0,0,3930,1,1,11.0117,2630,47550,50938,1,13.379,2630,61307,69277,14.9813,73278,2630,1,2.96999,1.46688,2632,4544,4660,1,4.23389,1.72673,2632,11008,11525
6,205,111185,663982,1131,20,20,0.015719,1.90612,1764,-1,ok,0,0,0,0,1763,1,1,5.33239,1131,22850,26287,1,6.81221,1131,32038,40054,7.77913,40593,1131,1,1.13337,0.595072,1131,1918,1999,1,1.95023,0.865997,1131,4555,4881
6,206,558415,519079,908,16,16,0.01065,1.09819,1241,-1,ok,0,0,0,0,1240,1,1,1.66162,908,7932,18318,1,2.65819,908,13145,30553,3.28956,18460,908,1,0.713493,0.365052,908,1265,1448,1,1.15573,0.571187,908,2483,4073
6,207,273703,668225,1512,27,28,0.011361,1.58305,2201,-1,ok,0,0,0,0,2200,1,1,5.87024,1512,29243,34379,1,7.66237,1512,39702,49273,10.9871,54992,1512,1,1.30037,0.651147,1512,2448,2496,1,2.16827,0.900913,1512,5797,6051
6,208,342313,675920,1135,19,22,0.012805,1.45294,1552,-1,ok,0,0,0,0,1551,1,1,4.65784,1135,22839,24982,1,6.04294,1135,30386,34949,8.88843,43864,1135,1,0.975552,0.463566,1135,1936,1999,1,1.77212,0.729614,1135,4609,4890
6,209,455838,475237,29,2,2,0.006301,0.227825,182,-1,ok,0,0,0,0,181,1,1,0.041257,29,29,2614,1,0.014477,29,29,4644,0.019445,29,29,1,0.037219,0.023402,29,29,62,1,0.050455,0.035567,29,29,153
6,210,407548,553070,2852,46,46,0.02101,3.10536,4225,-1,ok,0,0,0,0,4224,1,1,14.2143,2852,53509,57222,1,17.8949,2852,71439,77461,20.4603,87342,2852,1,3.63854,1.63051,2904,4988,5163,1,5.088,1.96701,2854,11914,12722
6,211,504813,914851,324,5,5,0.008113,0.716188,543,-1,ok,0,0,0,0,542,1,1,0.916603,324,3703,8568,1,0.751983,324,3703,11231,1.04088,3703,324,1,0.317373,0.131585,342,612,649,1,0.617284,0.277008,324,1227,1680
6,212,547561,230431,1222,21,21,0.009798,1.49315,1785,-1,ok,0,0,0,0,1784,1,1,6.84715,1222,23785,26303,1,8.03869,1222,33897,39693,10.6748,41512,1222,1,1.55072,0.822998,1222,2019,2120,1,2.22557,1.01564,1222,4847,5239
6,213,466238,312299,1571,26,26,0.050033,2.39572,2606,-1,ok,0,0,0,0,2605,1,1,7.80131,1571,32845,34975,1,7.42793,1571,39266,43910,10.9217,48789,1571,1,1.88262,1.01347,1573,2727,2818,1,2.75053,1.26275,1571,6653,7087
6,214,234897,536226,1213,20,46,0.015038,1.81037,2020,-1,ok,0,0,0,0,2019,1,1,4.02062,1213,19642,28648,1,4.61899,1213,23873,35795,12.6468,45493,1213,1,1.07538,0.527176,1215,1992,2243,1,1.86718,0.86706,1213,4654,5751
6,215,580756,561650,1750,29,29,0.034224,2.01091,2679,-1,ok,0,0,0,0,2678,1,1,8.29405,1750,34281,38417,1,9.77457,1750,43001,52246,16.5108,69389,1750,1,2.03098,0.993847,1752,3104,3139,1,2.94313,1.25036,1750,7545,7741
6,216,744886,554466,1138,20,40,0.014017,1.64232,2163,-1,ok,0,0,0,0,2162,1,1,4.18066,1138,18903,21973,1,5.15707,1138,25264,29479,9.1014,36805,1138,1,0.930388,0.450923,1140,1900,2022,1,1.6664,0.703705,1140,4432,4867
6,217,864144,644857,1147,18,18,0.012213,1.53753,1640,-1,ok,0,0,0,0,1639,1,1,4.18256,1147,18710,28138,1,4.48489,1147,23306,37642,9.15275,41653,1147,1,1.47429,0.809453,1147,1811,2093,1,1.83323,0.923605,1153,4030,5362
6,218,155929,549165,1194,21,21,0.011793,1.5657,1971,-1,ok,0,0,0,0,1970,1,1,4.81274,1194,22948,29482,1,6.46806,1194,32125,44906,9.16066,40836,1194,1,1.18696,0.596164,1194,1969,2110,1,1.82499,0.803191,1194,4576,5179
6,219,734340,664355,1063,17,17,0.010429,1.36621,1512,-1,ok,0,0,0,0,1511,1,1,3.79437,1063,18897,23511,1,4.37743,1063,22506,31127,8.41314,34008,1063,1,0.935557,0.468786,1069,1700,1933,1,1.66831,0.783404,1063,4018,4968
6,220,483567,570424,1455,23,23,0.010881,1.14521,1974,-1,ok,0,0,0,0,1973,1,1,5.72119,1455,28064,31634,1,7.21083,1455,38562,45577,12.3268,48921,1455,1,1.38411,0.719995,1455,2415,2581,1,2.35058,1.02065,1455,5938,6491
6,221,639206,652049,2073,34,34,0.035757,2.41103,2990,-1,ok,0,0,0,0,2989,1,1,8.33571,2073,38254,41678,1,9.63448,2073,49279,57265,15.8771,73262,2073,1,2.34558,1.215,2075,3620,3675,1,3.3549,1.37596,2073,8848,9179
6,222,93334,537056,1452,25,25,0.014435,2.21249,2331,-1,ok,0,0,0,0,2330,1,1,5.334,1452,25612,34393,1,6.29106,1452,32545,48652,7.57766,41025,1452,1,1.33441,0.645586,1452,2269,2410,1,2.08088,0.913496,1452,5004,6309
6,223,603581,431982,437,8,8,0.008176,0.83018,816,-1,ok,0,0,0,0,815,1,1,1.65494,437,5773,11441,1,1.50729,437,7659,19274,1.83344,7661,437,1,0.39633,0.20311,437,688,799,1,0.628565,0.314478,443,1470,1911
6,224,439095,658592,1491,24,24,0.02137,1.76514,2126,-1,ok,0,0,0,0,2125,1,1,6.61465,1491,25999,28252,1,7.00458,1491,34501,39901,13.8389,60308,1491,1,1.7552,0.944615,1493,2598,2685,1,2.415,1.00959,1491,6214,6584
6,225,814923,899971,128,3,3,0.0054,0.317704,399,-1,ok,0,0,0,0,398,1,1,0.583762,128,2636,6011,1,0.509141,128,2672,8311,0.656537,2672,128,1,0.090719,0.038492,128,229,249,1,0.22455,0.095058,128,560,614
6,226,498998,590659,2587,42,42,0.0375,3.13678,3786,-1,ok,0,0,0,0,3785,1,1,11.2966,2587,50806,57666,1,12.8717,2587,63915,74919,21.1762,80834,2587,1,2.87078,1.45871,2589,4365,4461,1,4.11572,1.72057,2587,10785,11220
6,227,559098,530053,2275,36,36,0.051056,3.01486,3344,-1,ok,0,0,0,0,3343,1,1,8.02295,2275,36075,42927,1,9.13096,2275,45790,57511,11.7004,53898,2275,1,2.33505,1.1869,2277,3852,4060,1,3.72373,1.65737,2277,9043,9999
6,228,549050,87356,1368,24,24,0.01523,2.06954,2267,-1,ok,0,0,0,0,2266,1,1,6.90855,1368,26017,33749,1,8.36048,1368,36259,46677,11.3085,43802,1368,1,1.50181,0.814952,1368,2282,2385,1,2.17596,0.949694,1368,5339,5838
6,229,507967,791931,2780,47,47,0.044413,3.3201,4037,-1,ok,0,0,0,0,4036,1,1,12.6816,2780,53978,57335,1,16.1953,2780,68937,76400,18.762,87192,2780,1,3.44996,1.54229,2782,4642,4738,1,4.73163,1.87961,2780,11345,11668
6,230,403304,932996,1476,22,22,0.049311,2.22105,2025,-1,ok,0,0,0,0,2024,1,1,6.80324,1476,24837,26738,1,7.37099,1476,33066,35626,10.2337,48724,1476,1,1.65122,0.869866,1476,2507,2648,1,2.42204,1.01385,1476,5788,6490
6,231,779288,400102,1980,32,76,0.020528,2.40257,2821,-1,ok,0,0,0,0,2820,1,1,7.84332,1980,36502,43504,1,9.4133,1980,46163,57731,16.3165,75230,1980,1,2.32076,1.15759,2030,3486,3647,1,3.56995,1.51349,1980,8847,9015
6,232,115537,717680,835,15,15,0.011522,1.37543,1226,-1,ok,0,0,0,0,1225,1,1,3.15289,835,15095,18399,1,4.22908,835,19695,25624,3.99368,21113,835,1,0.954343,0.506507,835,1377,1492,1,1.5135,0.682024,835,3270,3739
6,233,625715,531035,2478,40,40,0.035907,2.90117,3679,-1,ok,0,0,0,0,3678,1,1,10.1732,2478,41614,52225,1,12.2229,2478,53530,71303,15.3837,73695,2478,1,2.99453,1.44448,2480,4075,4222,1,4.06996,1.72274,2478,9583,11012
6,234,12779,392632,1393,23,41,0.015648,2.10038,2062,-1,ok,0,0,0,0,2061,1,1,5.85734,1393,25495,33925,1,6.71293,1393,32436,46559,7.82446,40916,1393,1,1.67547,0.864926,1441,2409,2575,1,2.38032,1.13162,1395,5203,6301
6,235,491073,550893,600,12,12,0.008066,0.986772,1107,-1,ok,0,0,0,0,1106,1,1,2.11631,600,9448,15413,1,3.24585,600,14481,24715,5.48194,19518,600,1,0.441845,0.165629,600,1016,1050,1,0.934375,0.417559,600,2462,2657
6,236,544640,612058,608,11,11,0.006412,0.451975,1015,-1,ok,0,0,0,0,1014,1,1,1.75174,608,10022,14230,1,3.06798,608,16221,25606,3.02264,17730,608,1,0.341578,0.154749,608,846,1033,1,0.778283,0.361466,608,1807,2591
6,237,349394,221491,1219,21,21,0.008877,1.12528,1702,-1,ok,0,0,0,0,1701,1,1,5.8435,1219,25002,27520,1,6.96842,1219,33888,39684,7.20341,37230,1219,1,1.17506,0.585054,1261,2124,2223,1,2.00076,0.886315,1219,5014,5388
6,238,643343,800035,1098,17,17,0.010861,1.40269,1533,-1,ok,0,0,0,0,1532,1,1,5.29124,1098,22585,25562,1,5.7615,1098,28097,36105,8.55358,41464,1098,1,1.14443,0.562682,1098,1925,1986,1,2.0242,0.896214,1098,4903,5123
6,239,466292,494384,1056,18,18,0.011543,1.52535,1883,-1,ok,0,0,0,0,1882,1,1,4.61676,1056,20749,25033,1,4.62735,1056,24385,30058,6.6594,30097,1056,1,1.05674,0.596984,1064,1719,1898,1,1.64541,0.784246,1056,4141,4790
6,240,263294,711941,727,12,18,0.009849,1.05205,1096,-1,ok,0,0,0,0,1095,1,1,1.93413,727,7458,18577,1,2.49555,727,11865,26436,4.12596,19914,727,1,0.890091,0.452845,733,1141,1324,1,1.15949,0.603578,727,1793,3356
6,241,540708,407534,2386,38,76,0.019257,2.46709,3473,-1,ok,0,0,0,0,3472,1,1,10.1102,2386,44938,53370,1,11.2593,2386,56495,70617,14.8426,73400,2386,1,2.74028,1.35583,2412,4167,4315,1,4.08174,1.7456,2386,9819,10979
6,242,407548,728111,217,4,7,0.008317,0.590302,400,-1,ok,0,0,0,0,399,1,1,0.203482,217,217,8505,1,0.073077,217,217,14863,0.144861,217,217,1,0.247443,0.093776,265,331,494,1,0.378989,0.255197,217,217,1306
6,243,495501,485664,2437,41,57,0.023183,2.68911,3712,-1,ok,0,0,0,0,3711,1,1,11.6605,2437,47719,55016,1,14.6428,2437,63314,72554,17.3451,77339,2437,1,3.03054,1.57073,2439,4292,4363,1,4.2495,1.71149,2437,10763,11111
6,244,720906,179696,594,10,10,0.01076,1.09601,883,-1,ok,0,0,0,0,882,1,1,3.68282,594,12805,14396,1,4.44674,594,16240,19066,3.54745,16388,594,1,0.745101,0.418521,600,1010,1067,1,1.2077,0.553854,594,2576,2797
6,245,650350,482575,2675,43,43,0.029585,3.03297,3872,-1,ok,0,0,0,0,3871,1,1,11.8586,2675,49589,58022,1,14.0236,2675,62921,75050,14.5322,70704,2675,1,2.97352,1.46308,2677,4369,4636,1,4.38578,1.75555,2675,10864,12049
6,246,638652,817933,1535,25,25,0.015009,2.23221,2298,-1,ok,0,0,0,0,2297,1,1,7.74317,1535,30588,33056,1,8.89703,1535,39941,47347,11.1221,55609,1535,1,1.83949,0.966926,1535,2663,2738,1,2.70554,1.16975,1535,6704,6814
6,247,548934,567346,842,15,15,0.010931,1.30809,1429,-1,ok,0,0,0,0,1428,1,1,3.03402,842,13586,21032,1,4.411,842,20742,32457,4.48097,24352,842,1,0.56788,0.30557,842,1125,1337,1,1.04156,0.510163,842,2463,3352
6,248,573392,445311,937,15,15,0.011352,1.41016,1486,-1,ok,0,0,0,0,1485,1,1,3.13838,937,11349,21044,1,2.64644,937,13805,27579,5.896,27552,937,1,1.07939,0.554606,939,1395,1669,1,1.33594,0.641549,937,3047,4263
6,249,791829,669974,699,15,15,0.007825,0.821586,1052,-1,ok,0,0,0,0,1051,1,1,1.54833,699,5526,16386,1,1.20136,699,5774,22067,1.1139,5774,699,1,0.495706,0.233485,699,914,1031,1,0.796288,0.381653,699,1534,2306
6,250,181289,193174,55,2,2,0.004198,0.300682,378,-1,ok,0,0,0,0,377,1,1,0.077153,55,247,4971,1,0.057156,55,247,10934,0.046277,247,55,1,0.061966,0.037289,55,89,102,1,0.089667,0.054601,55,161,244
6,251,734304,877601,1239,19,19,0.009057,1.47628,1832,-1,ok,0,0,0,0,1831,1,1,6.60527,1239,25021,29763,1,5.96108,1239,29642,37797,9.26867,42458,1239,1,1.50466,0.774166,1247,2146,2282,1,2.18938,0.93671,1239,5485,5795
6,252,541771,272040,815,16,16,0.008626,1.12517,1476,-1,ok,0,0,0,0,1475,1,1,3.04934,815,12520,19539,1,3.82251,815,18426,29083,5.37035,24166,815,1,0.705047,0.342439,815,1347,1417,1,1.23655,0.551141,815,3126,3568
6,253,555426,520840,632,12,12,0.00572,0.664872,895,-1,ok,0,0,0,0,894,1,1,1.20923,632,7388,13907,1,2.12315,632,12447,25185,3.17288,17798,632,1,0.404376,0.167253,632,989,1151,1,0.935568,0.454017,632,2223,2941
6,254,554148,468913,1653,26,26,0.022813,1.92927,2456,-1,ok,0,0,0,0,2455,1,1,7.45931,1653,31144,34781,1,7.8768,1653,38618,46979,11.9671,53433,1653,1,2.41379,1.35397,1655,2774,2932,1,3.16514,1.50659,1653,6568,7288
6,255,407897,554527,1448,24,24,0.015239,1.98519,2287,-1,ok,0,0,0,0,2286,1,1,5.27687,1448,22017,25765,1,5.6595,1448,29299,35382,12.3303,55076,1448,1,1.39959,0.788763,1450,2451,2595,1,2.19413,0.933834,1450,5845,6505
6,256,476137,886494,1697,28,28,0.036738,2.16583,2536,-1,ok,0,0,0,0,2535,1,1,9.35522,1697,36441,40795,1,9.95653,1697,46958,55158,12.569,56352,1697,1,2.36973,1.35671,1755,3150,3171,1,3.29309,1.40849,1709,7760,7826
6,257,647690,523082,2414,38,74,0.021209,2.81804,3545,-1,ok,0,0,0,0,3544,1,1,10.0655,2414,44197,45725,1,12.0787,2414,57091,60067,20.353,90555,2414,1,2.74928,1.37094,2416,4239,4301,1,4.03301,1.66587,2416,10383,10597
6,258,841766,458240,1678,27,57,0.018575,2.43427,2461,-1,ok,0,0,0,0,2460,1,1,7.01397,1678,29741,38219,1,8.43589,1678,39450,53621,14.4907,66477,1678,1,2.01188,1.00981,1726,2981,3111,1,3.56191,1.57619,1684,6836,7704
6,259,462910,637233,417,8,8,0.012082,1.21395,942,-1,ok,0,0,0,0,941,1,1,2.06347,417,10142,11766,1,2.37226,417,11745,15979,2.13495,11833,417,1,0.317473,0.163115,417,618,745,1,0.703303,0.323124,417,1415,1907
6,260,536976,551877,19,1,0,0.002916,0.087464,64,-1,ok,0,0,0,0,63,1,1,0.029025,19,19,1975,1,0.012452,19,19,4472,0.015058,19,19,1,0.0321,0.023604,19,19,44,1,0.046358,0.037111,19,19,134
6,261,42610,554524,1736,28,28,0.017494,2.52373,2911,-1,ok,0,0,0,0,2910,1,1,9.68854,1736,31308,35059,1,8.72855,1736,38743,44829,14.8162,61353,1736,1,2.26489,1.30939,1750,3013,3152,1,3.02417,1.30695,1740,7338,7977
6,262,613794,229015,1113,17,17,0.014286,1.70237,1826,-1,ok,0,0,0,0,1825,1,1,4.31792,1113,19312,23303,1,4.89905,1113,24193,31963,7.88083,37126,1113,1,1.03776,0.51987,1121,1897,2017,1,2.12654,0.866388,1113,4774,5156
6,263,786608,624950,1914,31,31,0.034754,2.1898,2651,-1,ok,0,0,0,0,2650,1,1,8.18578,1914,35680,42515,1,10.2318,1914,46944,57923,14.9477,73614,1914,1,2.26625,1.14057,1914,3167,3286,1,3.25312,1.4816,1920,7735,8289
6,264,412226,542166,1648,27,55,0.018385,2.19235,2419,-1,ok,0,0,0,0,2418,1,1,5.56746,1648,24050,33036,1,5.3519,1648,29078,40972,14.1844,64093,1648,1,1.52084,0.746506,1650,2728,2996,1,2.38487,1.04265,1648,6301,7438
6,265,578007,584682,2557,41,41,0.038913,2.67662,3668,-1,ok,0,0,0,0,3667,1,1,9.68688,2557,47227,54078,1,12.0136,2557,60663,71659,16.1088,80842,2557,1,2.73835,1.40866,2559,4298,4401,1,4.46581,1.66203,2557,10558,10999
6,266,129099,357177,198,4,4,0.008736,0.642702,451,-1,ok,0,0,0,0,450,1,1,0.479265,198,1667,6937,1,0.378828,198,1914,11834,0.350234,1823,198,1,0.214231,0.103755,198,198,365,1,0.322874,0.194003,198,210,950
6,267,670451,218543,1088,18,18,0.013486,1.64497,1799,-1,ok,0,0,0,0,1798,1,1,5.56026,1088,18905,23437,1,4.98043,1088,23709,31963,7.38351,33694,1088,1,1.2113,0.66397,1092,1867,1969,1,1.99866,0.899731,1088,4606,5079
6,268,636901,562811,880,16,16,0.009629,1.24169,1509,-1,ok,0,0,0,0,1508,1,1,4.33044,880,17238,22885,1,4.46846,880,22897,32813,5.70547,26825,880,1,0.7497,0.41267,880,1353,1382,1,1.20568,0.524029,880,3219,3400
6,269,161898,720900,750,13,19,0.011983,1.1688,1313,-1,ok,0,0,0,0,1312,1,1,2.7596,750,9422,20418,1,3.09659,750,14533,28967,4.80728,21524,750,1,1.00722,0.500264,756,1316,1334,1,1.19114,0.621632,750,1752,3334
6,270,536127,726744,1037,17,17,0.010319,1.08603,1526,-1,ok,0,0,0,0,1525,1,1,3.83376,1037,17383,23554,1,4.40155,1037,22406,31876,6.5602,33227,1037,1,1.03825,0.54516,1037,1809,1846,1,2.06837,0.754429,1039,4478,4613
6,271,182733,659592,907,16,16,0.009368,1.00077,1256,-1,ok,0,0,0,0,1255,1,1,3.57574,907,16452,17287,1,4.42245,907,22974,26436,6.89955,35409,907,1,0.731626,0.340826,907,1568,1603,1,1.4563,0.595713,907,3802,3960
6,272,557521,334467,2898,47,101,0.023594,2.93434,4213,-1,ok,0,0,0,0,4212,1,1,12.3474,2898,49135,58263,1,13.5511,2898,63396,77570,15.5801,73457,2898,1,3.52764,1.64175,2916,5118,5186,1,4.99373,2.03345,2900,12043,13024
6,273,550876,844900,1310,21,21,0.052211,2.10509,2005,-1,ok,0,0,0,0,2004,1,1,6.64254,1310,24560,28206,1,6.63761,1310,31939,37625,10.2878,46488,1310,1,1.53974,0.830422,1310,2274,2345,1,2.19884,0.929817,1310,5373,5830
6,274,442000,527458,1850,29,29,0.035276,2.18869,2781,-1,ok,0,0,0,0,2780,1,1,7.15359,1850,31259,34673,1,8.18064,1850,39678,47579,16.0841,69421,1850,1,1.97493,1.05558,1852,3260,3279,1,2.96586,1.19826,1850,8041,8114
6,275,163378,695363,985,18,18,0.011772,1.60832,1762,-1,ok,0,0,0,0,1761,1,1,5.31737,985,21608,23907,1,7.23138,985,30392,34306,8.60338,38613,985,1,1.22717,0.687004,985,1677,1747,1,1.68815,0.720867,985,3992,4231
6,276,469207,449288,2393,40,83,0.024335,3.03091,3910,-1,ok,0,0,0,0,3909,1,1,10.8685,2393,47839,56305,1,12.1233,2393,59634,73793,15.2995,73363,2393,1,2.86045,1.4309,2431,4210,4336,1,4.1041,1.72456,2393,9928,10846
6,277,621533,503471,384,6,6,0.006874,0.66385,619,-1,ok,0,0,0,0,618,1,1,0.855188,384,3538,8506,1,0.935236,384,4833,16098,0.993725,4835,384,1,0.310059,0.144771,384,640,706,1,0.548936,0.257611,390,1100,1665
6,278,584186,780781,627,12,12,0.007774,0.685911,1066,-1,ok,0,0,0,0,1065,1,1,1.92801,627,8611,11332,1,3.03073,627,14408,17838,4.12909,18390,627,1,0.389578,0.16577,629,976,1045,1,0.76524,0.347559,629,1999,2494
6,279,537110,215501,1213,21,21,0.009578,1.64064,1740,-1,ok,0,0,0,0,1739,1,1,5.72994,1213,23718,26303,1,7.72578,1213,33826,39693,9.58527,41547,1213,1,1.42256,0.784967,1213,2029,2111,1,1.9959,0.889653,1213,4833,5156
6,280,552659,521369,42,1,0,0.002786,0.207438,161,-1,ok,0,0,0,0,160,1,1,0.046867,42,42,3588,1,0.008776,42,42,9789,0.017883,42,42,1,0.075861,0.05951,42,42,92,1,0.088685,0.070831,42,42,280
6,281,470354,521484,1808,29,29,0.018535,2.40847,2825,-1,ok,0,0,0,0,2824,1,1,7.75025,1808,29905,34673,1,7.71024,1808,38075,47579,14.9413,67589,1808,1,2.18539,1.21431,1810,3082,3215,1,2.81825,1.16938,1808,7319,7943
6,282,779294,490035,423,8,8,0.008976,0.74932,678,-1,ok,0,0,0,0,677,1,1,0.619758,423,2798,11241,1,0.613736,423,3315,15454,0.666143,3597,423,1,0.327323,0.135454,425,529,786,1,0.510634,0.27338,423,871,2018
6,283,856695,383684,1735,27,57,0.014557,2.27102,2420,-1,ok,0,0,0,0,2419,1,1,7.04135,1735,29797,38219,1,8.31081,1735,39506,53621,14.0521,66731,1735,1,2.07826,1.03116,1771,3040,3210,1,3.06176,1.3107,1735,6984,8122
6,284,856911,565634,2043,32,55,0.016942,2.34299,2998,-1,ok,0,0,0,0,2997,1,1,7.7032,2043,36619,40990,1,9.58747,2043,45002,54377,14.6913,74365,2043,1,2.84712,1.29251,2043,3558,3629,1,3.95174,1.60074,2043,8842,9192
6,285,226029,617772,1109,19,19,0.012132,1.56422,1630,-1,ok,0,0,0,0,1629,1,1,4.48452,1109,21029,24446,1,5.94317,1109,29524,37523,7.7162,40961,1109,1,1.04576,0.538185,1109,1878,1963,1,1.73631,0.736065,1109,4529,4897
6,286,273528,498716,214,5,5,0.006792,0.422098,415,-1,ok,0,0,0,0,414,1,1,0.360043,214,1892,7413,1,0.426837,214,2252,12679,0.40645,2252,214,1,0.132708,0.050395,214,310,363,1,0.295893,0.142055,214,617,883
6,287,585019,659525,120,4,4,0.004329,0.346759,455,-1,ok,0,0,0,0,454,1,1,0.215784,120,752,4852,1,0.125997,120,752,9400,0.200925,752,120,1,0.109013,0.061075,120,148,230,1,0.169909,0.09584,120,249,628
6,288,714688,746144,256,6,6,0.004018,0.402542,535,-1,ok,0,0,0,0,534,1,1,0.655485,256,3118,5388,1,0.557,256,3471,8562,0.582099,3471,256,1,0.130815,0.059041,256,362,454,1,0.312013,0.145472,256,726,1114
6,289,487154,401935,1115,20,20,0.012072,1.29128,1944,-1,ok,0,0,0,0,1943,1,1,4.84205,1115,20387,25527,1,4.35525,1115,24290,31897,5.7107,29893,1115,1,1.24346,0.646027,1117,1774,2020,1,1.73467,0.848716,1115,4076,5259
6,290,558487,858169,252,4,4,0.005301,0.459288,521,-1,ok,0,0,0,0,520,1,1,0.698464,252,2808,5992,1,0.55692,252,2917,9694,0.574855,2917,252,1,0.184836,0.076093,252,416,476,1,0.388827,0.178683,258,783,1165
6,291,574271,660088,2395,40,40,0.020107,2.15469,3514,-1,ok,0,0,0,0,3513,1,1,20.432,2395,49246,51137,1,15.0246,2395,62806,67841,15.4306,70720,2395,1,2.6292,1.3186,2397,4113,4139,1,4.02062,1.56904,2395,10182,10294
6,292,41143,546444,721,12,12,0.009948,1.40763,1180,-1,ok,0,0,0,0,1179,1,1,2.7523,721,11745,18623,1,2.85832,721,14612,26359,3.385,18062,721,1,0.622493,0.28331,733,1076,1287,1,1.08283,0.458635,721,2051,3032
6,293,760001,646214,1715,27,27,0.028784,2.10909,2458,-1,ok,0,0,0,0,2457,1,1,8.87851,1715,33445,35093,1,9.04533,1715,40949,44039,13.7394,68484,1715,1,2.00802,1.03349,1717,3011,3106,1,2.8446,1.1776,1715,7534,7878
6,294,185761,377965,506,9,9,0.007926,0.880025,941,-1,ok,0,0,0,0,940,1,1,1.81038,506,9062,11275,1,2.70082,506,13785,18342,2.74259,15369,506,1,0.286295,0.121937,506,769,889,1,0.651045,0.313706,506,1544,2099
6,295,604576,736790,940,18,18,0.021942,1.18056,1427,-1,ok,0,0,0,0,1426,1,1,3.65497,940,16823,21010,1,4.6887,940,23923,32161,5.83739,29173,940,1,0.85612,0.435284,940,1441,1489,1,1.44082,0.624998,940,3326,3536
6,296,604356,279676,1122,19,19,0.011603,1.52355,1641,-1,ok,0,0,0,0,1640,1,1,4.91702,1122,18957,24446,1,6.05781,1122,27664,37523,7.14144,37132,1122,1,1.21832,0.646579,1122,1790,1947,1,1.74761,0.768966,1122,4128,4769
6,297,467430,178127,281,5,5,0.006653,0.457354,356,-1,ok,0,0,0,0,355,1,1,0.700629,281,3198,4508,1,0.830822,281,4332,11018,0.770939,4332,281,1,0.213849,0.079869,281,461,506,1,0.413212,0.175729,281,922,1274
6,298,473402,701873,1457,22,22,0.015408,1.54342,2000,-1,ok,0,0,0,0,1999,1,1,5.86329,1457,23023,26675,1,7.02119,1457,31149,35924,11.2347,54516,1457,1,1.62021,0.82443,1459,2590,2616,1,2.43467,0.96918,1457,6234,6410
6,299,546168,470167,91,2,3,0.004889,0.383296,290,-1,ok,0,0,0,0,289,1,1,0.071024,91,91,5163,1,0.030968,91,91,11743,0.023895,91,91,1,0.111549,0.058308,91,91,163,1,0.146994,0.108252,91,91,404
