level,pair,start,goal,true_dist,coarse_len,coarse_expanded,coarse_ms,lift_ms,lifted_cells,fail_level,fail_reason,endpoints_wrong,used_fallback,fallback_ok,fallback_ms,final_len,valid,c0_ok,c0_ms,c0_len,c0_expanded,c0_cells,c1_ok,c1_ms,c1_len,c1_expanded,c1_cells,fine_ms,fine_expanded,fine_len,r0_ok,r0_ms,r0_refine_ms,r0_len,r0_expanded,r0_cells,r1_ok,r1_ms,r1_refine_ms,r1_len,r1_expanded,r1_cells
2,0,2010448,7813185,3537,886,29953,28.2462,37.3782,3552,-1,ok,0,0,0,0,3551,1,1,6.12159,3537,11099,11259,1,8.94551,3537,29222,29985,206.582,580857,3537,1,231.902,227.528,3537,6227,6277,1,8.31194,2.55433,3537,16180,16428
2,1,12579166,9078023,1568,394,8405,6.16621,22.3766,1591,-1,ok,0,0,0,0,1590,1,1,2.89792,1568,4425,4564,1,2.84201,1568,10446,10896,50.3175,207650,1568,1,4.88317,3.72645,1568,2586,2645,1,2.54303,0.76615,1568,5856,6099
2,2,1333590,4439595,1414,354,10269,6.02534,17.7321,1435,-1,ok,0,0,0,0,1434,1,1,1.82526,1414,1486,5140,1,0.979349,1414,1614,14407,130.469,288056,1414,1,3.4572,2.70031,1414,1414,2717,1,1.75567,0.93184,1414,1414,7670
2,3,3773467,3914009,3647,914,58328,32.2373,21.1799,3662,-1,ok,0,0,0,0,3661,1,1,2.52656,3647,5833,11981,1,2.49711,3647,10556,31312,146.686,574921,3647,1,3.06559,1.64105,3647,4359,6522,1,3.75956,1.67532,3647,7043,16736
2,4,3313148,2503221,1216,310,6764,3.8663,5.71228,1243,-1,ok,0,0,0,0,1242,1,1,0.909559,1232,2218,4068,1,0.833468,1232,3447,10292,24.5564,110721,1216,1,0.84036,0.38532,1232,1549,2200,1,1.16467,0.498982,1232,2400,5248
2,5,7140541,10774717,1925,483,6116,4.28401,20.0731,1964,-1,ok,0,0,0,0,1963,1,1,2.72532,1925,4717,6162,1,3.08829,1925,11141,15861,105.517,372598,1925,1,3.78188,2.6114,1925,2862,3402,1,3.05502,1.1183,1925,6349,8545
2,6,8187875,9706060,1310,329,4922,2.48076,10.7216,1323,-1,ok,0,0,0,0,1322,1,1,1.19165,1310,2012,4438,1,0.986673,1310,3655,11659,17.0242,68186,1310,1,1.50762,0.944785,1310,1561,2376,1,1.43403,0.648552,1310,2472,6095
2,7,9627843,9885990,3738,935,39840,22.0269,28.0807,3795,-1,ok,0,0,0,0,3794,1,1,3.20268,3738,7880,12366,1,4.34949,3738,17062,31824,279.138,736103,3738,1,5.34213,3.71868,3738,5220,6695,1,4.69843,2.03954,3738,10131,17250
2,8,7658869,7341623,669,168,5399,3.33046,4.89685,680,-1,ok,0,0,0,0,679,1,1,0.746043,669,2004,2391,1,1.04713,669,5210,6568,19.7144,89953,669,1,0.832295,0.494575,669,1112,1252,1,1.00528,0.389979,669,2745,3421
2,9,9079560,12955119,2601,652,1187,1.17208,19.454,2646,-1,ok,0,0,0,0,2645,1,1,2.55415,2601,2952,7920,1,1.63395,2601,3360,19521,10.7655,39421,2601,1,2.92946,1.67009,2601,2717,4404,1,2.65063,1.14023,2601,3107,10416
2,10,3021799,6079542,2013,506,4477,2.49334,11.2146,2048,-1,ok,0,0,0,0,2047,1,1,2.44042,2013,5211,6085,1,2.99499,2013,12492,15931,103.979,366918,2013,1,2.61595,1.52544,2013,3167,3665,1,2.79134,0.945676,2013,7004,8771
2,11,3809714,13009546,3762,942,32054,19.1973,30.968,3785,-1,ok,0,0,0,0,3784,1,1,5.44198,3762,6247,12508,1,4.80597,3762,13454,34775,84.033,349019,3762,1,7.3832,4.17492,3762,4604,6692,1,8.58047,3.92309,3762,8007,17968
2,12,8103489,7107447,2089,523,822,0.862371,13.5233,2106,-1,ok,0,0,0,0,2105,1,1,2.19145,2089,4773,6141,1,2.14024,2089,10425,14834,59.641,233890,2089,1,2.32591,1.38973,2089,3011,3483,1,2.33863,0.956977,2089,6138,8360
2,13,2332859,8426127,4263,1135,43281,27.8719,18.8695,4584,-1,ok,0,0,0,0,4583,1,1,5.62806,4539,12237,14140,1,8.53442,4539,30120,36760,564.531,1.68904e+06,4263,1,5.08388,2.43391,4539,7361,8096,1,7.81766,2.71198,4539,16186,20009
2,14,12044454,2416847,4675,1170,6078,4.78815,19.6424,4692,-1,ok,0,0,0,0,4691,1,1,6.35423,4675,7228,15829,1,6.10887,4675,13961,41171,271.338,835345,4675,1,7.19038,3.26672,4675,5548,8132,1,10.9576,4.63901,4675,9096,21580
2,15,7549516,3032970,3582,897,33755,21.5806,22.3467,3605,-1,ok,0,0,0,0,3604,1,1,5.64595,3582,9363,12072,1,8.12174,3582,23855,32640,559.616,1.81662e+06,3582,1,5.79653,3.02466,3582,5529,6480,1,7.78656,2.60904,3582,13259,17318
2,16,12927868,12892271,2462,617,13653,8.21052,9.0108,2473,-1,ok,0,0,0,0,2472,1,1,2.06354,2462,8198,9099,1,4.51303,2462,22824,26015,67.0853,288014,2462,1,1.73731,0.688456,2462,4517,4821,1,4.09587,1.46867,2462,11834,13238
2,17,9833831,12288662,2580,646,23541,13.8847,6.42547,2617,-1,ok,0,0,0,0,2616,1,1,1.72248,2580,2616,8832,1,1.23315,2580,2860,24021,1.48578,2590,2580,1,1.99508,0.966665,2580,2614,4800,1,2.60311,1.25629,2580,2920,12855
2,18,6814149,9852082,1202,302,4289,2.75752,9.84872,1227,-1,ok,0,0,0,0,1226,1,1,1.65739,1206,1558,4395,1,1.13957,1206,2390,11568,4.42669,14274,1202,1,1.68488,0.945046,1206,1338,2222,1,1.56229,0.722008,1206,1814,5914
2,19,9528140,2664047,3318,831,16883,11.0539,11.3979,3365,-1,ok,0,0,0,0,3364,1,1,5.26462,3318,7486,10830,1,5.9958,3318,16821,28970,200.103,619476,3318,1,4.87695,2.38267,3318,4772,6144,1,6.65529,2.90967,3318,8890,14836
2,20,6495471,7529905,2441,611,21284,11.1911,7.32264,2470,-1,ok,0,0,0,0,2469,1,1,2.09206,2441,4945,7571,1,2.42198,2441,11502,19783,152.343,487683,2441,1,2.27592,1.25014,2441,3341,4241,1,2.96608,1.25188,2441,6921,10801
2,21,12325382,10067215,1607,402,4463,2.47677,5.29918,1640,-1,ok,0,0,0,0,1639,1,1,1.54017,1607,1608,5256,1,0.712742,1607,1671,13827,3.27836,9051,1607,1,1.61506,0.809632,1607,1607,2845,1,1.73032,0.908936,1607,1798,7271
2,22,3585937,1775879,2463,617,7840,4.69726,5.51636,2470,-1,ok,0,0,0,0,2469,1,1,1.44192,2463,2463,8208,1,1.00072,2463,2501,22229,1.23991,2463,2463,1,1.76695,0.898358,2463,2463,4483,1,2.25175,1.15925,2463,2506,12036
2,23,11721680,9491931,1321,331,4131,2.59205,2.81454,1346,-1,ok,0,0,0,0,1345,1,1,1.62921,1321,1790,3729,1,0.923596,1321,2694,8566,7.28556,33344,1321,1,1.61089,0.853123,1321,1484,2145,1,1.38711,0.585053,1321,1941,4757
2,24,3621375,11317103,3740,937,15676,8.85689,8.67321,3765,-1,ok,0,0,0,0,3764,1,1,5.34964,3740,9061,11618,1,6.52027,3740,21775,29943,495.527,1.19993e+06,3740,1,4.85632,2.36936,3740,5658,6310,1,8.56566,2.50544,3740,12212,15922
2,25,5575100,6646560,1919,482,4086,2.13801,3.75953,1942,-1,ok,0,0,0,0,1941,1,1,1.65402,1919,4611,5660,1,2.80484,1919,11565,14363,87.1856,241544,1919,1,1.41112,0.599961,1919,2962,3308,1,2.5243,0.799148,1919,6997,8248
2,26,6158980,12807081,2860,715,24918,14.9402,17.5841,2881,-1,ok,0,0,0,0,2880,1,1,3.70603,2860,3179,8777,1,2.21428,2860,3726,21761,39.8483,142266,2860,1,4.1291,2.25969,2860,2973,4913,1,3.95581,1.71592,2860,3822,12203
2,27,11764863,10921693,884,221,3875,2.42007,3.65184,889,-1,ok,0,0,0,0,888,1,1,1.01743,884,2987,3115,1,1.72436,884,7962,8426,13.2437,61102,884,1,0.814812,0.331368,884,1589,1637,1,1.48656,0.456893,884,4261,4489
2,28,10694273,1537590,4589,1148,56121,34.6551,11.2363,4636,-1,ok,0,0,0,0,4635,1,1,6.25909,4589,9723,14970,1,7.53538,4589,21654,39779,425.669,1.1922e+06,4589,1,6.51847,3.13834,4589,6342,8417,1,10.5252,4.54258,4589,11843,20682
2,29,12581368,7643768,4098,1026,48289,27.9117,14.4397,4115,-1,ok,0,0,0,0,4114,1,1,4.55873,4098,11658,13698,1,7.02292,4098,30115,36522,723.912,1.91099e+06,4098,1,3.84285,1.75869,4098,6587,7279,1,6.62076,2.36085,4098,16139,19154
2,30,13030402,12409999,2438,611,10655,4.82161,7.72686,2449,-1,ok,0,0,0,0,2448,1,1,1.74287,2440,6816,8277,1,4.1656,2440,18180,23645,28.3787,121103,2438,1,1.47611,0.590153,2440,4042,4528,1,3.26267,1.11383,2440,9892,12393
2,31,12223295,6275531,3837,961,64821,39.6391,9.24296,3878,-1,ok,0,0,0,0,3877,1,1,5.79054,3837,12201,12381,1,7.69213,3837,31006,31506,597.039,1.64996e+06,3837,1,5.06037,2.42763,3837,6406,6492,1,7.6841,2.68165,3837,16127,16483
2,32,5623637,12139279,3038,762,7471,5.29341,13.4672,3071,-1,ok,0,0,0,0,3070,1,1,4.10864,3038,5785,9287,1,3.80553,3038,12005,23112,267.495,882190,3038,1,4.06964,2.20218,3038,3940,5112,1,4.5034,1.74153,3038,7692,12267
2,33,8035053,1444783,3156,789,7490,4.71526,13.6518,3173,-1,ok,0,0,0,0,3172,1,1,4.83865,3156,7260,10955,1,5.15652,3156,16803,29676,381.738,1.0506e+06,3156,1,4.76708,2.58242,3156,4476,5641,1,5.96674,2.24039,3156,9471,15222
2,34,2880048,10213702,3461,867,18251,10.9494,6.5172,3504,-1,ok,0,0,0,0,3503,1,1,5.58243,3461,10717,10785,1,7.27213,3461,27882,28102,251.123,806170,3461,1,4.5779,2.18099,3461,5934,5960,1,7.08031,2.16574,3461,14669,14769
2,35,1385201,11261247,4005,1003,27001,16.9267,11.0979,4056,-1,ok,0,0,0,0,4055,1,1,6.08722,4005,8217,12912,1,6.03221,4005,19274,35070,334.601,891402,4005,1,6.29035,3.03624,4005,5481,7039,1,8.71584,3.63969,4005,11004,18435
2,36,6948283,3518629,1448,364,3684,2.54695,4.74545,1467,-1,ok,0,0,0,0,1466,1,1,2.29351,1448,3467,4703,1,2.51782,1448,9271,13495,91.4513,242475,1448,1,2.09154,1.03839,1448,2321,2732,1,2.57355,0.885503,1448,5409,7220
2,37,13034387,859878,5685,1423,105231,62.5433,14.6029,5750,-1,ok,0,0,0,0,5749,1,1,9.18923,5685,14985,18962,1,13.952,5685,36775,51392,1052.96,2.44682e+06,5685,1,9.8604,4.38683,5685,8904,10497,1,17.0583,6.40673,5685,19699,26846
2,38,1686729,1918309,506,127,1866,0.831563,1.68193,509,-1,ok,0,0,0,0,508,1,1,0.182161,506,506,2032,1,0.137997,506,506,6080,0.180608,506,506,1,0.287406,0.141986,506,506,1016,1,0.475609,0.308358,506,506,3052
2,39,2222597,11499473,5854,1464,95947,59.6333,34.124,5909,-1,ok,0,0,0,0,5908,1,1,9.66349,5854,17196,19003,1,16.6629,5854,44126,50229,1573.98,3.54492e+06,5854,1,9.71975,4.4981,5854,9663,10369,1,16.9086,6.08608,5854,23961,27054
2,40,5141411,11134502,4288,1076,61515,38.699,15.59,4353,-1,ok,0,0,0,0,4352,1,1,6.68668,4298,11546,14522,1,9.55856,4298,28079,38175,915.99,2.29801e+06,4288,1,5.61673,2.3844,4298,6842,7790,1,9.49807,3.40208,4298,15549,20524
2,41,12465838,7448178,2144,536,7688,4.9492,8.13594,2149,-1,ok,0,0,0,0,2148,1,1,3.38111,2144,4585,7507,1,3.27541,2144,11173,20323,211.307,527518,2144,1,2.93053,1.55983,2144,2955,3910,1,3.31876,1.35845,2144,6299,10605
2,42,10661203,8840327,3818,954,53001,32.8002,8.68234,3843,-1,ok,0,0,0,0,3842,1,1,4.52613,3818,8180,12013,1,4.30156,3818,18236,30428,709.885,1.87552e+06,3818,1,4.37543,2.21142,3818,5068,6392,1,5.93484,2.26284,3818,10255,16045
2,43,9236823,3376857,2492,625,3643,2.82959,4.47335,2521,-1,ok,0,0,0,0,2520,1,1,4.67351,2492,7393,8411,1,5.93339,2492,19865,23295,155.475,426303,2492,1,3.73612,1.80189,2492,4341,4682,1,5.18966,1.75121,2492,10750,12211
2,44,6505621,5115520,816,205,8966,4.09492,3.14531,833,-1,ok,0,0,0,0,832,1,1,0.848244,816,1186,2630,1,0.531364,816,1719,7035,4.14625,18883,816,1,0.866618,0.468896,816,940,1355,1,0.816435,0.411008,816,947,3714
2,45,7224318,3455553,1884,473,6385,3.53206,6.14608,1895,-1,ok,0,0,0,0,1894,1,1,2.82629,1884,4239,6422,1,3.00661,1884,10735,18434,119.868,351645,1884,1,2.31154,1.19646,1884,2861,3587,1,3.04437,1.12379,1884,6892,10282
2,46,3577892,1190856,1756,440,29776,21.2803,3.51264,1767,-1,ok,0,0,0,0,1766,1,1,1.55416,1756,1764,5585,1,0.851801,1756,1791,14770,2.17691,5947,1756,1,1.69961,0.888271,1756,1756,3109,1,1.72305,0.851531,1756,1799,8014
2,47,3204941,3810580,2880,722,28376,15.8432,3.77123,2895,-1,ok,0,0,0,0,2894,1,1,2.81625,2880,8860,9399,1,4.63666,2880,22549,24440,150.292,532935,2880,1,2.30023,1.08854,2880,4935,5118,1,3.98717,1.32434,2880,12113,12906
2,48,4180108,8576223,2054,514,2653,1.9067,7.72063,2061,-1,ok,0,0,0,0,2060,1,1,2.7221,2054,3091,6955,1,1.89623,2054,5839,18319,20.8365,75250,2054,1,2.75927,1.32659,2054,2403,3736,1,3.24958,1.66527,2054,3763,9649
2,49,12353729,2809446,3785,948,25593,16.7237,6.65399,3822,-1,ok,0,0,0,0,3821,1,1,6.46996,3785,9374,12572,1,7.71819,3785,22407,34026,394.676,1.08715e+06,3785,1,6.00368,2.9158,3785,5654,6980,1,8.48292,3.33968,3785,11691,17407
2,50,8395975,2625599,2116,530,1080,1.30531,7.28714,2133,-1,ok,0,0,0,0,2132,1,1,3.28462,2116,2116,7288,1,1.43341,2116,2137,19326,11.2754,38786,2116,1,3.32458,1.70447,2116,2116,3835,1,4.0193,2.03393,2116,2141,10255
2,51,5493528,7925047,1515,379,9883,5.58679,4.51117,1518,-1,ok,0,0,0,0,1517,1,1,1.49782,1515,1553,4469,1,0.800766,1515,1809,11118,4.55622,14291,1515,1,1.54441,0.845139,1515,1515,2528,1,1.49835,0.69135,1515,1601,5997
2,52,9212910,11487380,2518,630,19127,9.26516,6.12391,2535,-1,ok,0,0,0,0,2534,1,1,3.16606,2518,7399,7781,1,4.07247,2518,17588,18969,313.959,942143,2518,1,2.6051,1.26749,2518,4141,4264,1,3.46228,1.17033,2518,9566,10181
2,53,12285366,6402468,2738,685,2679,2.28393,6.59576,2755,-1,ok,0,0,0,0,2754,1,1,3.90234,2738,5680,8173,1,3.23199,2738,12470,20592,198.385,526630,2738,1,3.56589,1.84669,2738,3742,4601,1,3.63763,1.36763,2738,7252,11023
2,54,6487042,3141638,3876,971,50528,26.5539,4.96662,3897,-1,ok,0,0,0,0,3896,1,1,4.73349,3876,9156,13379,1,6.4499,3876,21575,35398,426.238,1.45507e+06,3876,1,3.94091,1.79275,3876,5642,7079,1,6.35068,2.23709,3876,12190,18528
2,55,8016532,6159621,865,221,9761,6.06391,6.17624,890,-1,ok,0,0,0,0,889,1,1,1.15874,881,1292,3239,1,0.792169,881,2368,9103,6.83797,27820,865,1,1.21542,0.675031,881,1014,1659,1,1.16058,0.583373,881,1548,4636
2,56,5515103,10522115,2043,512,23296,17.0978,5.6919,2064,-1,ok,0,0,0,0,2063,1,1,3.61219,2043,6303,6432,1,4.41959,2043,16050,16519,222.693,571096,2043,1,3.0733,1.61143,2043,3470,3517,1,3.97432,1.29164,2043,8655,8886
2,57,2476815,12608832,4271,1071,26680,16.9467,10.1074,4314,-1,ok,0,0,0,0,4313,1,1,8.25367,4271,14019,14404,1,12.3092,4271,36912,38057,636.744,1.57225e+06,4271,1,8.45601,3.3175,4271,7544,7670,1,14.3577,5.28523,4271,19837,20154
2,58,12456431,7340845,2238,560,11090,6.99236,5.05452,2251,-1,ok,0,0,0,0,2250,1,1,4.46118,2240,6605,7049,1,5.37834,2240,16234,17808,116.368,379863,2238,1,3.5842,1.68726,2240,3701,3848,1,5.29621,1.34561,2240,8832,9530
2,59,922742,2055692,666,167,4245,2.30032,3.6368,677,-1,ok,0,0,0,0,676,1,1,0.723612,666,978,2422,1,0.534017,666,1626,6867,0.575155,666,666,1,0.813816,0.486729,666,666,1328,1,0.776971,0.393394,666,1026,3543
2,60,11194911,9705957,3585,899,21556,11.4054,5.82549,3648,-1,ok,0,0,0,0,3647,1,1,2.96493,3589,9639,11608,1,5.15157,3589,22287,30965,363.326,1.39977e+06,3585,1,2.64788,1.1494,3589,5660,6324,1,4.55517,1.73833,3589,12836,16770
2,61,6036526,5702403,1491,374,5670,2.06921,1.88877,1516,-1,ok,0,0,0,0,1515,1,1,0.876175,1491,3556,5518,1,1.45116,1491,6902,16041,13.5292,62773,1491,1,0.715226,0.22496,1491,2188,2872,1,1.63607,0.61048,1491,4248,8222
2,62,11101203,2544770,3426,857,23073,13.5521,5.44377,3461,-1,ok,0,0,0,0,3460,1,1,5.67028,3426,7942,11114,1,6.48065,3426,19274,29934,282.426,784499,3426,1,5.14627,2.53363,3426,4968,6316,1,6.91847,2.73569,3426,9811,15427
2,63,5493528,5459277,708,178,1617,0.880926,1.12532,711,-1,ok,0,0,0,0,710,1,1,0.164106,708,708,2848,1,0.234889,708,708,8512,0.168304,708,708,1,0.238395,0.088274,708,708,1420,1,0.6531,0.38547,708,708,4264
2,64,2388947,10947782,3371,844,21803,13.0417,9.7497,3398,-1,ok,0,0,0,0,3397,1,1,4.96893,3371,5754,10856,1,4.07742,3371,12100,29581,199.212,614141,3371,1,4.92486,2.53562,3371,4235,5953,1,6.03637,2.3906,3371,7574,15847
2,65,7831705,6396759,719,183,6135,3.18601,1.63738,736,-1,ok,0,0,0,0,735,1,1,0.897959,723,1417,2724,1,0.774315,723,2339,7863,0.483092,830,719,1,0.883288,0.469747,723,954,1394,1,1.22703,0.720275,723,1417,3973
2,66,842069,12916554,4284,1074,40694,24.5435,14.9377,4309,-1,ok,0,0,0,0,4308,1,1,8.93949,4284,14087,14284,1,12.6364,4284,37949,38758,403.154,1.10706e+06,4284,1,9.0361,3.80515,4284,7593,7658,1,14.8414,5.12294,4284,20121,20368
2,67,4850422,11280298,4704,1177,44811,27.148,7.69299,4723,-1,ok,0,0,0,0,4722,1,1,5.99324,4704,13689,15227,1,10.0876,4704,35056,40225,736.956,2.05978e+06,4704,1,5.01305,2.17256,4704,7621,8185,1,8.36699,2.65323,4704,18692,21331
2,68,11488163,10653983,1116,280,6907,3.50341,2.13081,1127,-1,ok,0,0,0,0,1126,1,1,0.626571,1116,1116,4014,1,0.426676,1116,1178,10740,2.94873,13862,1116,1,0.757935,0.327302,1116,1116,2082,1,0.978367,0.486267,1116,1178,5493
2,69,7579596,8228212,230,58,641,0.458396,0.740924,233,-1,ok,0,0,0,0,232,1,1,0.393195,230,230,911,1,0.104035,230,230,2493,0.214882,230,230,1,0.32645,0.194794,230,230,457,1,0.288369,0.157846,230,230,1259
2,70,12001610,2787829,4759,1192,6249,4.27646,7.03242,4830,-1,ok,0,0,0,0,4829,1,1,8.01712,4759,14609,16097,1,11.9563,4759,38429,43577,802.493,1.99921e+06,4759,1,8.31486,2.93816,4759,8313,8808,1,13.2663,4.57899,4759,20819,23050
2,71,5742610,2055291,1316,331,2126,1.71909,2.80365,1331,-1,ok,0,0,0,0,1330,1,1,1.98071,1316,1369,5065,1,1.00992,1316,1683,13828,11.7267,47787,1316,1,1.98624,1.0923,1316,1316,2525,1,1.77279,0.908797,1316,1421,7097
2,72,11880582,8295471,3634,909,17680,9.70399,6.53681,3667,-1,ok,0,0,0,0,3666,1,1,4.32374,3634,11761,12423,1,7.20259,3634,31196,33436,289.588,955187,3634,1,3.25688,1.38182,3634,6361,6577,1,6.02468,1.91861,3634,16370,17395
2,73,10473387,2457266,4575,1145,24524,15.7297,11.1966,4596,-1,ok,0,0,0,0,4595,1,1,7.78423,4575,13639,14939,1,10.0202,4575,34513,39561,1071.86,2.73263e+06,4575,1,7.22803,3.22299,4575,7650,8068,1,11.5242,4.05828,4575,18515,20803
2,74,5956582,6913395,1978,494,8043,5.20717,3.50343,1997,-1,ok,0,0,0,0,1996,1,1,1.77875,1978,4120,6043,1,1.91244,1978,8676,15061,58.6571,235499,1978,1,1.55483,0.766,1978,2704,3374,1,2.23631,0.953091,1978,5140,8072
2,75,6219946,5564489,847,213,5032,2.58196,1.73112,864,-1,ok,0,0,0,0,863,1,1,0.546972,847,1098,2652,1,0.607665,847,2309,7393,1.519,5398,847,1,0.570765,0.276496,847,847,1563,1,0.775738,0.395889,847,927,4410
2,76,2081440,12382609,4688,1172,55503,31.1568,9.03983,4707,-1,ok,0,0,0,0,4706,1,1,7.83057,4688,13283,15304,1,10.8184,4688,32372,39422,1132.86,2.38355e+06,4688,1,7.06002,3.12937,4688,7639,8313,1,12.6135,4.48628,4688,17622,20849
2,77,1691073,3744093,1693,424,5178,2.60669,2.79441,1696,-1,ok,0,0,0,0,1695,1,1,2.04353,1693,5724,6208,1,3.49727,1693,15553,17956,70.4786,261092,1693,1,1.54585,0.70592,1693,3077,3199,1,3.00713,1.06465,1693,8350,9122
2,78,8817198,3986522,2108,528,11104,6.31245,3.55398,2123,-1,ok,0,0,0,0,2122,1,1,2.7706,2108,2108,7259,1,1.24184,2108,2245,20832,2.2426,2126,2108,1,2.7704,1.42213,2108,2108,3922,1,2.51543,1.17982,2108,2181,10966
2,79,7948753,9167683,453,114,3047,1.92433,0.876046,460,-1,ok,0,0,0,0,459,1,1,0.429953,453,453,1757,1,0.265105,453,467,4889,0.482782,1008,453,1,0.506105,0.265637,453,453,895,1,0.568763,0.297647,453,453,2596
2,80,5933167,1809128,2017,504,9327,6.09505,3.68482,2036,-1,ok,0,0,0,0,2035,1,1,2.43276,2017,2267,7374,1,1.27741,2017,2950,20161,7.89736,28899,2017,1,2.46425,1.33461,2017,2073,3734,1,2.39157,1.16641,2017,2426,10422
2,81,6966816,6407311,457,116,662,0.445046,0.792189,468,-1,ok,0,0,0,0,467,1,1,0.453732,457,458,1364,1,0.255693,457,459,3375,0.282356,460,457,1,0.426562,0.215889,457,457,764,1,0.40142,0.1816,457,460,1769
2,82,2476107,12023992,4640,1161,26911,16.3622,8.18068,4661,-1,ok,0,0,0,0,4660,1,1,8.04679,4640,12400,15011,1,11.0268,4640,31480,39608,548.669,1.39914e+06,4640,1,8.1501,3.44552,4640,7276,8219,1,15.5336,5.90892,4640,17709,21293
2,83,4767722,2408797,4057,1014,22746,14.6653,5.68116,4074,-1,ok,0,0,0,0,4073,1,1,4.4749,4057,12007,13266,1,7.08732,4057,30415,35216,308.473,1.10799e+06,4057,1,3.65027,1.53198,4057,6921,7324,1,6.29039,2.05136,4057,16735,18932
2,84,3731350,7191902,4549,1137,62709,36.1755,5.60166,4590,-1,ok,0,0,0,0,4589,1,1,3.84757,4549,9611,14856,1,5.12152,4549,22265,39660,291.711,1.07623e+06,4549,1,3.53368,1.57246,4549,6453,8211,1,5.6692,2.18919,4549,12964,21219
2,85,7691974,1423542,4300,1075,17045,9.2914,5.81185,4307,-1,ok,0,0,0,0,4306,1,1,5.12533,4300,8575,15387,1,6.40731,4300,18702,43299,425.246,1.23304e+06,4300,1,4.91081,2.12758,4300,5678,7896,1,8.11365,3.33016,4300,11576,22073
2,86,12485877,3126737,5189,1298,53835,28.5014,6.9697,5250,-1,ok,0,0,0,0,5249,1,1,7.78016,5189,15562,17722,1,12.353,5189,40292,48032,1369.71,3.38136e+06,5189,1,7.05777,3.06522,5189,8708,9678,1,12.8123,4.67775,5189,20878,24743
2,87,6909604,7200447,137,34,300,0.253584,0.379578,140,-1,ok,0,0,0,0,139,1,1,0.18735,137,137,544,1,0.050525,137,137,1588,0.085369,137,137,1,0.135844,0.076883,137,137,276,1,0.150871,0.09134,137,137,832
2,88,3904717,10577072,2759,692,11526,7.05546,5.31879,2792,-1,ok,0,0,0,0,2791,1,1,5.10279,2759,7967,9469,1,6.59175,2759,20559,25502,290.985,886951,2759,1,4.10806,1.9901,2759,4537,5034,1,5.68401,1.76298,2759,11190,13465
2,89,8340124,3901242,2357,596,34750,18.368,4.87106,2410,-1,ok,0,0,0,0,2409,1,1,2.8245,2379,3262,7466,1,1.79228,2379,5668,20856,1.42538,2357,2357,1,2.79626,1.43819,2379,2651,4028,1,2.81251,1.23147,2379,3684,10849
2,90,4075443,11878759,2915,729,1432,1.66903,4.5187,2928,-1,ok,0,0,0,0,2927,1,1,5.34967,2915,6653,9561,1,5.6166,2915,15489,24950,235.376,675222,2915,1,4.38849,2.25605,2915,4126,5146,1,6.05731,2.24879,2915,9031,13188
2,91,9913504,3945960,2821,707,20225,10.8906,4.20504,2860,-1,ok,0,0,0,0,2859,1,1,3.53832,2821,3819,8916,1,2.15409,2821,6236,24370,15.4034,53787,2821,1,3.5379,1.84493,2821,3127,4793,1,3.44523,1.57632,2821,4206,12719
2,92,7849946,5842851,2633,660,18715,11.2232,6.29103,2676,-1,ok,0,0,0,0,2675,1,1,2.42936,2633,6716,8358,1,3.27861,2633,15491,21293,38.3245,167520,2633,1,2.03334,0.938854,2633,3993,4507,1,3.17002,1.14646,2633,8496,11040
2,93,2178665,5515989,2531,635,21145,10.6772,4.17862,2560,-1,ok,0,0,0,0,2559,1,1,3.50032,2531,8454,8580,1,6.07277,2531,20852,21289,287.914,881538,2531,1,2.74975,1.28434,2531,4481,4511,1,4.2831,1.33561,2531,10975,11129
2,94,10144368,3695934,2736,685,56183,31.4889,5.18362,2767,-1,ok,0,0,0,0,2766,1,1,3.6799,2736,2883,9451,1,2.04249,2736,3231,25156,8.06675,23955,2736,1,3.78185,1.9486,2736,2736,4954,1,3.44663,1.58894,2736,2773,13366
2,95,6149849,6790259,1164,292,11110,7.20279,1.73916,1179,-1,ok,0,0,0,0,1178,1,1,0.896925,1164,1686,3838,1,0.679429,1164,2689,10250,9.07735,40412,1164,1,0.960244,0.500706,1164,1340,2087,1,1.08676,0.527144,1164,1862,5379
2,96,12359415,9961757,1197,299,2589,1.76736,2.01748,1200,-1,ok,0,0,0,0,1199,1,1,1.47644,1197,1197,3356,1,0.606423,1197,1197,7618,1.56075,2912,1197,1,1.47626,0.772414,1197,1197,1943,1,1.15011,0.474135,1197,1197,4364
2,97,12611329,8437561,4181,1047,57058,32.2378,5.25328,4204,-1,ok,0,0,0,0,4203,1,1,4.45436,4181,12997,14652,1,8.33948,4181,34002,39259,662.572,1.88045e+06,4181,1,3.65403,1.59098,4181,7078,7595,1,6.53029,2.21504,4181,17955,20304
2,98,1865682,9892253,3390,848,21643,11.7538,5.40126,3401,-1,ok,0,0,0,0,3400,1,1,6.47083,3390,10703,11572,1,9.09146,3390,28289,30985,315.254,849145,3390,1,5.60276,2.40143,3390,5904,6198,1,9.53241,3.51656,3390,15487,16221
2,99,6903382,7042632,3042,760,30183,19.9965,2.83272,3063,-1,ok,0,0,0,0,3062,1,1,1.91686,3042,4733,10267,1,1.81703,3042,8241,26706,63.1352,243725,3042,1,1.94427,0.879923,3042,3611,5466,1,2.74354,1.27384,3042,5452,14198
2,100,6037001,13035985,3913,981,42998,23.8556,5.82439,3944,-1,ok,0,0,0,0,3943,1,1,6.10963,3913,12232,12562,1,8.01242,3913,31065,32287,611.469,1.44693e+06,3913,1,5.39285,2.53279,3913,6531,6697,1,8.32398,2.96252,3913,16496,17170
2,101,11432291,5361289,3782,946,43741,25.6441,6.95995,3833,-1,ok,0,0,0,0,3832,1,1,4.59234,3782,5405,12193,1,3.0209,3782,9292,32319,35.5258,141371,3782,1,4.61251,2.29772,3782,4349,6670,1,5.03359,2.26921,3782,6462,17421
2,102,2095814,12208510,5712,1429,29628,15.8187,8.1903,5731,-1,ok,0,0,0,0,5730,1,1,9.8135,5712,17375,18137,1,15.457,5712,45728,48481,908.288,2.30774e+06,5712,1,9.2182,3.45356,5712,9634,9882,1,17.4997,5.70333,5712,25079,26318
2,103,3721245,10043794,1835,460,7150,4.29402,10.9656,1858,-1,ok,0,0,0,0,1857,1,1,5.1205,1835,6480,7161,1,1.35091,1835,1891,21128,12.0322,26732,1835,1,3.64702,1.73939,1835,3386,3601,1,2.70351,1.34802,1835,1852,10607
2,104,1875949,12219863,5866,1467,18334,10.4114,10.1592,5881,-1,ok,0,0,0,0,5880,1,1,9.37516,5866,16143,18744,1,14.7416,5866,41368,50271,880.514,2.27646e+06,5866,1,8.97259,3.43123,5866,9318,10217,1,16.2197,5.55343,5866,22925,27190
2,105,5433877,7370783,2174,545,19123,11.9845,2.78724,2201,-1,ok,0,0,0,0,2200,1,1,1.41695,2174,2204,7968,1,1.05411,2174,2749,21412,0.933271,2174,2174,1,1.59085,0.776149,2174,2175,4080,1,2.20772,1.03087,2174,2333,11519
2,106,6966746,1889450,2024,508,4542,3.03979,4.46869,2051,-1,ok,0,0,0,0,2050,1,1,3.5164,2024,4238,6462,1,3.16842,2024,9858,17921,101.066,273751,2024,1,3.04049,1.53659,2024,2992,3799,1,3.23443,1.2358,2024,5973,9859
2,107,12074479,9935930,3204,801,12928,7.24285,3.46545,3215,-1,ok,0,0,0,0,3214,1,1,3.41138,3204,10901,11150,1,6.96311,3204,29697,30558,362.629,1.10555e+06,3204,1,2.58077,0.941318,3204,5788,5875,1,5.9141,1.98194,3204,15291,15689
2,108,8171471,10094437,1272,320,3774,2.60285,2.72763,1283,-1,ok,0,0,0,0,1282,1,1,1.35306,1272,2500,4585,1,1.33493,1272,5428,11709,4.05185,18368,1272,1,1.26084,0.645917,1272,1684,2326,1,1.59966,0.706721,1272,3274,6092
2,109,1583977,12290737,4150,1039,24548,16.2231,8.17426,4167,-1,ok,0,0,0,0,4166,1,1,7.34399,4150,11281,14077,1,10.3972,4150,29722,39332,475.096,1.05151e+06,4150,1,8.35564,3.31643,4150,6921,7883,1,14.5721,5.85886,4150,17149,21725
2,110,8541711,3431022,2128,533,26473,16.5871,4.17692,2159,-1,ok,0,0,0,0,2158,1,1,3.41549,2128,5266,7072,1,3.48998,2128,12811,18281,173.122,449522,2128,1,2.99508,1.58185,2128,3103,3643,1,3.41549,1.26861,2128,7189,9387
2,111,945097,9503748,3693,924,39498,24.4973,11.5125,3710,-1,ok,0,0,0,0,3709,1,1,6.86451,3693,12565,12680,1,10.2843,3693,32293,34330,342.67,984494,3693,1,6.37816,2.70325,3693,6623,6646,1,10.4685,3.83013,3693,17527,17849
2,112,3658695,5318513,1491,373,5677,3.33445,2.89912,1514,-1,ok,0,0,0,0,1513,1,1,1.64639,1491,4096,4655,1,2.36732,1491,10172,12014,41.5028,151380,1491,1,1.28449,0.649303,1491,2290,2467,1,1.99608,0.693625,1491,5501,6161
2,113,2754585,3947626,401,101,2145,1.2467,4.75337,408,-1,ok,0,0,0,0,407,1,1,0.57238,401,401,1616,1,0.233175,401,401,4512,0.429683,401,401,1,0.624147,0.39035,401,401,808,1,0.526503,0.284901,401,401,2348
2,114,10502174,11667585,3041,762,7804,3.98039,4.74241,3090,-1,ok,0,0,0,0,3089,1,1,2.50363,3041,7100,9502,1,3.36562,3041,15718,24422,55.5176,229544,3041,1,2.19239,0.984279,3041,4335,5237,1,3.37525,1.20513,3041,8960,13244
2,115,10268480,11331403,3940,986,1981,1.68113,11.5711,3993,-1,ok,0,0,0,0,3992,1,1,3.62156,3940,10449,12900,1,5.52963,3940,25332,31897,1039,2.25105e+06,3940,1,3.37658,1.66915,3940,6202,6992,1,5.22073,1.92585,3940,14354,17501
2,116,7825845,1762847,4321,1081,15066,7.64351,9.667,4342,-1,ok,0,0,0,0,4341,1,1,4.28323,4321,6731,15890,1,3.70701,4321,11477,45543,174.483,584214,4321,1,4.18454,1.98151,4321,5282,8340,1,5.86986,2.6916,4321,8170,23446
2,117,3362086,11653233,3339,836,9298,6.24435,5.22279,3358,-1,ok,0,0,0,0,3357,1,1,5.53421,3339,8433,10664,1,7.54343,3339,22045,29586,378.387,835072,3339,1,4.98249,2.47387,3339,5377,6150,1,8.19724,2.89724,3339,13456,17091
2,118,10389453,7350623,1413,355,6935,4.16071,3.0025,1430,-1,ok,0,0,0,0,1429,1,1,2.08661,1413,3361,4956,1,2.09912,1413,8366,13277,41.6744,154150,1413,1,1.80541,0.969932,1413,2084,2407,1,2.11362,0.794575,1413,4690,6714
2,119,4506435,6736068,887,223,4328,2.59475,5.33801,904,-1,ok,0,0,0,0,903,1,1,1.18256,887,887,3300,1,0.512226,887,1206,8377,2.18779,6190,887,1,1.21778,0.659973,887,887,1701,1,1.05091,0.49763,887,1064,4323
2,120,5929329,12497247,3028,759,12178,7.42244,5.3085,3051,-1,ok,0,0,0,0,3050,1,1,5.1624,3028,9005,9309,1,6.22671,3028,21929,23115,357.339,1.15168e+06,3028,1,4.33826,2.13748,3028,4996,5100,1,5.81945,2.06144,3028,11788,12231
2,121,12410185,7574644,2088,523,9812,6.58827,7.55836,2097,-1,ok,0,0,0,0,2096,1,1,4.0926,2088,7414,7519,1,5.67051,2088,19707,20093,210.647,589758,2088,1,3.15291,1.54206,2088,3830,3885,1,4.49689,1.41531,2088,10209,10428
2,122,12229428,5440651,2956,742,8164,6.00237,5.7279,2983,-1,ok,0,0,0,0,2982,1,1,4.41999,2956,5827,9038,1,3.73145,2956,12605,23176,202.333,518526,2956,1,4.24474,2.13529,2956,3929,5021,1,4.74499,1.8823,2956,7366,12269
2,123,1780250,9157158,3337,835,30565,20.3292,5.66851,3356,-1,ok,0,0,0,0,3355,1,1,4.88311,3337,7925,11768,1,5.5169,3337,19710,32517,251.273,700833,3337,1,4.29371,2.21237,3337,4890,6092,1,6.62398,2.70293,3337,10907,16576
2,124,11302776,5692962,4744,1187,82313,49.3542,5.47905,4765,-1,ok,0,0,0,0,4764,1,1,6.29866,4744,14235,15518,1,9.43121,4744,37218,40847,380.766,1.2234e+06,4744,1,5.32713,2.23335,4744,7828,8243,1,9.43602,3.21693,4744,20407,21886
2,125,1768886,1792417,1169,294,876,0.39925,1.09662,1178,-1,ok,0,0,0,0,1177,1,1,0.243725,1169,1169,4704,1,0.646448,1169,1169,14096,0.291775,1169,1169,1,0.360343,0.1121,1169,1169,2340,1,0.875074,0.538766,1169,1169,7024
2,126,9050045,1934388,5350,1338,8183,5.17111,10.3819,5403,-1,ok,0,0,0,0,5402,1,1,6.82048,5350,13515,16317,1,9.46577,5350,31646,41823,557.178,1.32145e+06,5350,1,6.94851,2.85295,5350,8368,9365,1,12.396,4.48075,5350,18110,22946
2,127,1820605,6200831,1903,476,8227,5.44107,5.00115,1910,-1,ok,0,0,0,0,1909,1,1,2.80539,1903,4489,6713,1,3.09711,1903,10969,18388,127.488,320298,1903,1,2.50305,1.41427,1903,2788,3456,1,3.22398,1.19653,1903,6172,9303
2,128,10430467,2988856,2977,744,20463,11.463,4.82136,3006,-1,ok,0,0,0,0,3005,1,1,5.17769,2977,7913,10049,1,6.54702,2977,19864,27598,211.617,601563,2977,1,4.94568,2.34025,2977,4648,5615,1,6.72976,2.70431,2977,10023,13874
2,129,2439228,6156068,1623,406,8459,5.39957,3.0178,1634,-1,ok,0,0,0,0,1633,1,1,2.2871,1623,3804,6038,1,2.51308,1623,9324,16797,78.8491,215848,1623,1,2.0352,1.13374,1623,2370,3047,1,2.61859,1.02223,1623,5414,8585
2,130,1319267,7253584,2673,669,36457,24.5066,4.45174,2700,-1,ok,0,0,0,0,2699,1,1,4.18599,2673,6915,8856,1,5.18871,2673,17226,24395,316.586,835410,2673,1,3.56529,1.76093,2673,4110,4996,1,4.95503,1.78394,2673,9607,13052
2,131,7196925,2454290,2503,626,15333,9.14416,5.45827,2516,-1,ok,0,0,0,0,2515,1,1,4.21332,2503,8039,8518,1,5.27034,2503,20290,21886,306.978,844661,2503,1,3.53566,1.71408,2503,4222,4387,1,4.92412,1.67699,2503,10830,11459
2,132,13030402,3456903,3403,852,4531,3.62099,8.33447,3422,-1,ok,0,0,0,0,3421,1,1,6.12516,3403,6469,11375,1,4.5022,3403,12579,29876,164.221,421598,3403,1,5.5941,2.8609,3403,4379,6099,1,7.42819,3.13846,3403,7773,15772
2,133,4224358,1052088,1611,403,4894,3.56162,3.40679,1628,-1,ok,0,0,0,0,1627,1,1,2.11144,1611,3788,5384,1,1.98466,1611,7755,14156,49.6509,192084,1611,1,2.0273,1.14001,1611,2373,2901,1,2.16297,0.808709,1611,4771,7504
2,134,12080206,7454087,2122,532,7741,4.76607,3.48023,2139,-1,ok,0,0,0,0,2138,1,1,3.42432,2122,5704,6181,1,3.67252,2122,13796,15474,153.446,455871,2122,1,2.91736,1.44622,2122,3356,3517,1,3.15797,0.994698,2122,7461,8242
2,135,2068522,1574689,1869,468,12074,6.19203,2.82737,1882,-1,ok,0,0,0,0,1881,1,1,0.827286,1869,2672,7290,1,1.08295,1869,4244,21534,4.00106,18429,1869,1,0.858465,0.366466,1869,1869,3696,1,1.80267,0.961656,1869,2673,10887
2,136,10842340,7134907,3574,985,27471,14.9539,5.44126,3957,-1,ok,0,0,0,0,3956,1,1,5.26753,3936,11376,11518,1,6.71765,3936,27183,27657,237.011,779570,3574,1,4.199,1.81095,3936,6442,6490,1,6.4248,2.20994,3936,14515,14733
2,137,2045569,12750493,5410,1356,44168,28.6138,7.79005,5447,-1,ok,0,0,0,0,5446,1,1,9.181,5410,18158,19169,1,17.8935,5410,47673,51153,925.824,2.3517e+06,5410,1,8.67851,3.39234,5410,9674,10015,1,16.6887,5.83073,5410,24940,26562
2,138,1691283,1726949,1624,406,1212,1.03059,1.38601,1629,-1,ok,0,0,0,0,1628,1,1,0.448286,1624,1624,6496,1,0.460891,1624,1624,19504,0.402552,1624,1624,1,0.512687,0.142306,1624,1624,3252,1,1.41998,0.919648,1624,1624,9760
2,139,2267658,6664151,2812,706,42481,24.0786,5.1372,2829,-1,ok,0,0,0,0,2828,1,1,4.42088,2812,9184,9368,1,6.94639,2812,25083,25626,266.836,760437,2812,1,3.3281,1.45819,2812,5113,5174,1,5.45046,1.49557,2812,13841,14085
2,140,5981077,11521702,3639,910,28361,17.0138,6.37387,3672,-1,ok,0,0,0,0,3671,1,1,4.93607,3639,10778,11370,1,6.81935,3639,26251,28457,668.853,1.60599e+06,3639,1,4.21486,1.99948,3639,6066,6299,1,6.55703,2.17021,3639,14435,15426
2,141,6905897,5956763,2217,553,10555,5.41606,3.3229,2238,-1,ok,0,0,0,0,2237,1,1,2.1477,2217,6320,6813,1,3.34441,2217,15520,17327,133.227,453616,2217,1,1.75994,0.772804,2217,3650,3824,1,2.88736,0.950346,2217,8509,9378
2,142,3746090,7542891,3910,977,40773,25.2339,4.30128,3949,-1,ok,0,0,0,0,3948,1,1,3.6959,3910,8490,11981,1,4.53305,3910,19602,31744,324.521,1.10748e+06,3910,1,3.44716,1.58977,3910,5666,6854,1,5.28832,1.99872,3910,11338,16974
2,143,927918,6543619,4456,1114,101104,67.5926,8.00536,4477,-1,ok,0,0,0,0,4476,1,1,5.01579,4456,13243,16164,1,8.81733,4456,35320,45146,542.915,1.80035e+06,4456,1,4.24195,1.85284,4456,7567,8457,1,8.87201,3.13134,4456,19033,22983
2,144,6931863,7093569,2051,513,9706,5.31438,2.52134,2066,-1,ok,0,0,0,0,2065,1,1,1.65636,2051,4384,6299,1,2.11189,2051,10483,16212,120.059,395111,2051,1,1.61421,0.74966,2051,2873,3525,1,2.33921,0.855478,2051,6021,8695
2,145,2568120,12342319,3661,917,26510,16.4061,6.09916,3684,-1,ok,0,0,0,0,3683,1,1,5.5212,3661,6594,12103,1,4.96917,3661,14715,33371,188.299,604117,3661,1,5.63336,2.73836,3661,4705,6542,1,7.52599,3.15945,3661,8720,17469
2,146,7908353,11618893,3471,871,16308,9.03663,5.10447,3520,-1,ok,0,0,0,0,3519,1,1,3.64373,3481,8829,10955,1,4.79474,3481,20105,27317,466.204,1.32036e+06,3471,1,3.15525,1.46523,3481,5393,6051,1,4.46922,1.57252,3481,11267,14824
2,147,11438432,11802298,2485,621,10501,4.29456,2.55856,2516,-1,ok,0,0,0,0,2515,1,1,1.31225,2485,4654,8559,1,2.13439,2485,9436,23445,18.3157,78872,2485,1,1.2144,0.435212,2485,3137,4530,1,2.42991,0.969651,2485,5706,12389
2,148,2413893,1006952,1862,466,11428,6.87356,3.09821,1869,-1,ok,0,0,0,0,1868,1,1,1.12705,1862,1884,6339,1,0.740112,1862,1883,17217,22.7111,98220,1862,1,1.28119,0.599219,1862,1862,3388,1,1.72137,0.84599,1862,1905,9662
2,149,11409007,1162795,5579,1396,6861,5.08078,7.26213,5646,-1,ok,0,0,0,0,5645,1,1,9.28181,5579,15555,18849,1,14.1397,5579,39070,51274,957.916,2.52929e+06,5579,1,9.38007,3.45394,5579,9168,10320,1,15.8755,5.56296,5579,21640,27246
2,150,9700992,2679266,4304,1078,25810,14.03,6.02994,4327,-1,ok,0,0,0,0,4326,1,1,6.5951,4304,11221,14820,1,8.93723,4304,28058,39690,730.187,1.90517e+06,4304,1,5.70692,2.49181,4304,6620,7783,1,8.94684,3.30175,4304,15602,20968
2,151,9872155,9787811,2375,595,18249,9.5333,3.06974,2400,-1,ok,0,0,0,0,2399,1,1,2.03564,2375,5049,7125,1,2.17318,2375,9049,17599,142.573,543802,2375,1,1.97953,0.961325,2375,3288,3991,1,2.58144,1.06597,2375,5387,9278
2,152,11614672,3408954,4147,1037,36739,20.6236,7.31105,4190,-1,ok,0,0,0,0,4189,1,1,6.43628,4147,11673,12496,1,8.44745,4147,28774,33237,354.53,942950,4147,1,6.43795,2.75566,4147,6769,6983,1,10.2481,4.14553,4147,15941,17694
2,153,9981629,11181633,734,184,755,0.670642,1.42495,739,-1,ok,0,0,0,0,738,1,1,0.545158,734,734,2466,1,0.312122,734,734,6608,0.800315,2644,734,1,0.624558,0.31102,734,734,1323,1,0.728409,0.368367,734,734,3406
2,154,3718171,9615151,2308,577,1033,1.4118,4.72452,2315,-1,ok,0,0,0,0,2314,1,1,5.01721,2308,7884,8532,1,7.22029,2308,20387,23328,37.989,117050,2308,1,3.6298,1.68478,2308,4282,4454,1,6.35285,1.86409,2308,11852,12825
2,155,3415323,8103407,3865,968,65804,35.6049,7.17389,3898,-1,ok,0,0,0,0,3897,1,1,4.56136,3867,11211,11836,1,7.18635,3867,28693,30585,709.381,1.93331e+06,3865,1,3.6444,1.58136,3867,6438,6641,1,6.03603,1.7854,3867,15838,16687
2,156,11110265,1067659,3702,927,38376,22.1447,5.96676,3713,-1,ok,0,0,0,0,3712,1,1,5.64683,3702,4649,12793,1,3.82169,3702,7353,34642,95.9582,306943,3702,1,5.84264,2.91602,3702,3952,6666,1,7.00699,3.36309,3702,5683,18248
2,157,6280476,9981769,2220,556,11594,7.26975,4.80172,2233,-1,ok,0,0,0,0,2232,1,1,3.03141,2220,5171,6702,1,3.02244,2220,11707,16772,124.765,374362,2220,1,2.57621,1.37183,2220,3207,3731,1,3.00824,1.12711,2220,6831,9083
2,158,6643578,8204315,3641,912,44163,19.9251,3.84294,3674,-1,ok,0,0,0,0,3673,1,1,3.34969,3641,11854,12145,1,5.89693,3641,30244,31226,522.311,1.69089e+06,3641,1,2.75778,1.17014,3641,6454,6602,1,5.25665,1.69095,3641,16158,16817
2,159,9685005,4585715,4747,1188,45586,27.3068,5.72277,4776,-1,ok,0,0,0,0,4775,1,1,5.50918,4747,13327,15559,1,9.15058,4747,33763,41301,148.933,544077,4747,1,5.5183,2.12925,4747,7419,8303,1,9.74136,3.71283,4747,18755,22537
2,160,12831341,2638895,3950,989,14797,9.4179,8.09126,3977,-1,ok,0,0,0,0,3976,1,1,8.01049,3950,11757,13743,1,11.1162,3950,31431,38762,530.92,1.15889e+06,3950,1,7.05372,3.02149,3950,6833,7560,1,11.5571,4.14746,3950,16931,20520
2,161,8783825,10724143,3006,752,5616,3.54636,4.97109,3049,-1,ok,0,0,0,0,3048,1,1,3.59853,3006,9018,9355,1,5.20608,3006,22343,23555,362.701,1.04124e+06,3006,1,2.9583,1.38213,3006,5043,5146,1,4.51852,1.47596,3006,12115,12636
2,162,6714674,4622259,3743,934,65833,36.0921,3.61578,3772,-1,ok,0,0,0,0,3771,1,1,4.08169,3743,12467,12638,1,7.29454,3743,32055,32654,373.178,1.18349e+06,3743,1,3.12663,1.23341,3743,6725,6784,1,6.108,1.88508,3743,16702,16976
2,163,11574983,7241695,3374,844,11112,6.88216,5.12245,3389,-1,ok,0,0,0,0,3388,1,1,4.87626,3374,9246,10632,1,5.57718,3374,22503,27105,452.854,1.40372e+06,3374,1,4.12029,2.07013,3374,5154,5628,1,5.7916,2.02829,3374,12112,14358
2,164,6726695,10401558,1931,483,15422,9.09489,3.47081,1958,-1,ok,0,0,0,0,1957,1,1,2.09652,1931,2164,6450,1,1.26197,1931,2553,17098,7.8848,26397,1931,1,2.13518,1.1008,1931,1991,3499,1,2.12381,0.981113,1931,2182,9136
2,165,6217776,4562577,639,162,1023,0.820362,1.6219,662,-1,ok,0,0,0,0,661,1,1,0.998134,639,1129,2347,1,0.6003,639,2291,5640,8.05389,27158,639,1,0.944665,0.53423,639,807,1216,1,0.884073,0.424583,639,1428,2889
2,166,3978333,2704630,2039,512,11023,5.67363,3.06495,2056,-1,ok,0,0,0,0,2055,1,1,2.08671,2039,4623,6625,1,2.57829,2039,10546,17118,106.914,392855,2039,1,1.82766,0.843015,2039,2930,3621,1,2.57515,0.91553,2039,6218,9229
2,167,7528628,10723775,1234,310,8925,4.93604,5.57734,1253,-1,ok,0,0,0,0,1252,1,1,1.79183,1234,1830,3787,1,1.20478,1234,3192,9403,8.51046,34410,1234,1,1.61899,0.901153,1234,1364,2095,1,1.47885,0.63735,1234,2007,4936
2,168,9735496,1569903,4003,1003,16299,10.1288,5.61215,4026,-1,ok,0,0,0,0,4025,1,1,7.28175,4003,12911,13200,1,10.1629,4003,34317,35348,494.664,1.47875e+06,4003,1,6.32189,2.60568,4003,7029,7123,1,11.5283,3.9789,4003,18244,18695
2,169,998082,9272687,4329,1083,65899,46.5417,7.45474,4358,-1,ok,0,0,0,0,4357,1,1,5.92783,4329,11460,15505,1,7.86449,4329,29408,42961,432.385,1.22984e+06,4329,1,5.2079,2.46953,4329,6834,8106,1,8.4625,3.1455,4329,16056,22075
2,170,1321918,2206629,1412,354,19465,7.68526,2.5872,1421,-1,ok,0,0,0,0,1420,1,1,0.706128,1412,1412,5546,1,0.480007,1412,1412,15951,7.13747,22846,1412,1,0.841834,0.365854,1412,1412,2799,1,1.25962,0.679639,1412,1412,8238
2,171,6659965,11150045,3320,830,9371,5.62954,7.00317,3335,-1,ok,0,0,0,0,3334,1,1,4.49413,3320,8356,10701,1,5.05105,3320,19517,27814,304.856,805546,3320,1,3.7935,1.84248,3320,4825,5616,1,5.15168,1.85138,3320,10674,14529
2,172,3731435,7767988,2384,596,16297,8.749,3.87881,2427,-1,ok,0,0,0,0,2426,1,1,3.29067,2384,7308,7383,1,5.00925,2384,19192,20092,102.563,434809,2384,1,2.78542,1.29132,2384,4289,4313,1,4.35036,1.36486,2384,10839,10954
2,173,3974805,958596,1638,409,5765,4.03797,3.34646,1647,-1,ok,0,0,0,0,1646,1,1,2.16598,1638,3136,5369,1,1.5723,1638,5868,14534,46.7319,182160,1638,1,1.95954,1.0711,1638,2180,2939,1,2.16266,0.929155,1638,3901,7851
2,174,2428329,5775613,2154,539,12202,7.38639,4.51278,2171,-1,ok,0,0,0,0,2170,1,1,2.53088,2154,4962,7406,1,2.86809,2154,11694,19311,145.343,407779,2154,1,2.32114,1.21923,2154,3171,3890,1,3.1074,1.11662,2154,6875,10279
2,175,1714534,1242194,2738,685,7243,3.83574,3.11623,2745,-1,ok,0,0,0,0,2744,1,1,0.844578,2738,2738,10783,1,0.731356,2738,2738,32014,35.049,161075,2738,1,1.04207,0.350172,2738,2738,5418,1,2.25738,1.3727,2738,2738,16047
2,176,2649840,6642272,1749,439,5498,3.45983,2.62231,1770,-1,ok,0,0,0,0,1769,1,1,2.42383,1753,3944,5371,1,2.79022,1753,9060,14721,118.289,355043,1749,1,2.35319,1.19414,1753,2477,3237,1,2.76148,1.06166,1753,5320,8140
2,177,6637665,3752951,3356,838,23336,13.3143,5.42664,3397,-1,ok,0,0,0,0,3396,1,1,3.99546,3356,9234,9724,1,5.41536,3356,23025,24694,646.173,1.48585e+06,3356,1,3.26543,1.51677,3356,5641,5807,1,4.64398,1.55772,3356,12840,13604
2,178,11854338,7380264,1910,479,11888,7.14921,3.17379,1939,-1,ok,0,0,0,0,1938,1,1,3.37795,1910,6222,6489,1,4.19785,1910,15944,16809,161.059,507075,1910,1,2.8105,1.48042,1910,3160,3253,1,3.80243,1.27359,1910,8526,8966
2,179,6799419,5675038,2708,679,25307,15.7448,2.95383,2733,-1,ok,0,0,0,0,2732,1,1,2.12404,2708,6707,9060,1,3.37569,2708,15698,23617,39.5998,165783,2708,1,1.73375,0.679319,2708,4042,4825,1,3.27629,1.13013,2708,8664,12232
2,180,4194887,1007631,1165,291,6427,3.66567,5.12134,1178,-1,ok,0,0,0,0,1177,1,1,2.36552,1165,3432,3867,1,2.68937,1165,8795,10526,42.2018,120379,1165,1,1.84904,0.973739,1165,1930,2095,1,2.23624,0.685881,1165,4769,5650
2,181,7226275,11473681,3653,914,43406,24.4856,5.45143,3674,-1,ok,0,0,0,0,3673,1,1,4.36485,3653,8923,11584,1,5.19678,3653,20946,29246,546.229,1.38978e+06,3653,1,4.0674,2.09905,3653,5462,6154,1,5.32018,2.04098,3653,11631,15531
2,182,8300223,3253260,3863,971,51409,28.2676,5.51945,3928,-1,ok,0,0,0,0,3927,1,1,5.21101,3889,10927,11390,1,7.20963,3889,27226,28488,760.761,1.76125e+06,3863,1,4.3361,1.96258,3889,6519,6678,1,6.67825,2.21808,3889,15243,15684
2,183,1895748,929406,1049,264,4874,2.59138,3.46588,1060,-1,ok,0,0,0,0,1059,1,1,0.748818,1049,1073,3944,1,0.456353,1049,1093,11194,1.69623,6897,1049,1,0.779216,0.423821,1049,1049,1977,1,1.14695,0.614187,1049,1579,5706
2,184,10432828,11593598,2985,747,14006,7.62279,4.90808,3026,-1,ok,0,0,0,0,3025,1,1,1.98698,2985,6179,10452,1,2.94364,2985,13147,28300,115.433,340036,2985,1,1.7936,0.803281,2985,3908,5421,1,2.99852,1.26623,2985,7459,14656
2,185,3746090,7529905,1542,386,5976,3.73637,4.28759,1551,-1,ok,0,0,0,0,1550,1,1,2.24356,1542,3282,4993,1,2.02662,1542,7788,14778,39.8544,132200,1542,1,2.2926,1.21943,1542,2133,2888,1,2.34069,0.996192,1542,4749,7960
2,186,3253344,6964518,3608,905,23810,13.9281,4.82819,3627,-1,ok,0,0,0,0,3626,1,1,3.88402,3608,6961,12517,1,4.23905,3608,16477,33856,97.9119,405263,3608,1,3.60524,1.78376,3608,4746,6612,1,5.71165,2.37036,3608,8901,17744
2,187,1483093,11345582,5249,1398,32833,21.531,7.95491,5630,-1,ok,0,0,0,0,5629,1,1,7.79444,5591,14322,16817,1,10.4507,5591,35453,42782,1076.7,2.85197e+06,5249,1,7.59901,3.19708,5591,8840,9676,1,13.9565,4.94537,5591,20478,23286
2,188,1769639,6419115,1907,478,2524,1.83731,4.49201,1940,-1,ok,0,0,0,0,1939,1,1,2.47703,1907,2036,6439,1,1.27015,1907,2506,16767,91.4289,217722,1907,1,2.4488,1.3401,1907,1907,3487,1,2.22504,1.06364,1907,2084,8950
2,189,1953803,11588864,5915,1479,74842,46.1567,7.83625,5972,-1,ok,0,0,0,0,5971,1,1,9.18828,5915,17780,19319,1,15.8864,5915,45924,51175,1454.43,3.36397e+06,5915,1,9.27112,3.43301,5915,9907,10523,1,18.7299,6.58364,5915,24776,27467
2,190,10813718,4339117,2672,670,24787,14.5808,4.63897,2705,-1,ok,0,0,0,0,2704,1,1,3.60807,2672,2909,9635,1,1.80905,2672,3822,25946,22.1049,74422,2672,1,4.05034,1.90626,2672,2913,5044,1,4.30915,1.87991,2672,3417,13017
2,191,4139954,12718531,4668,1168,62489,36.0355,8.39481,4689,-1,ok,0,0,0,0,4688,1,1,5.43025,4668,9800,13513,1,6.73172,4668,23163,36134,769.499,1.78919e+06,4668,1,5.51973,2.66702,4668,6547,7609,1,8.36368,3.25108,4668,13713,19717
2,192,11410131,12143449,1295,324,3301,2.00346,1.66527,1326,-1,ok,0,0,0,0,1325,1,1,0.68538,1295,1322,4513,1,0.516415,1295,1344,12362,3.96705,17021,1295,1,0.763858,0.32017,1295,1320,2463,1,1.17547,0.58879,1295,1369,6697
2,193,12955129,5083650,4479,1121,100921,58.413,7.15959,4536,-1,ok,0,0,0,0,4535,1,1,7.4052,4479,13594,13740,1,12.168,4479,33738,34136,371.159,1.12451e+06,4479,1,7.17675,2.61124,4479,7570,7618,1,13.0642,3.7831,4479,18112,18294
2,194,4034968,11166459,3294,825,31664,20.1022,5.453,3313,-1,ok,0,0,0,0,3312,1,1,4.40066,3294,7583,10037,1,4.6935,3294,17583,24361,682.458,1.6324e+06,3294,1,4.00756,2.11602,3294,4706,5536,1,5.31221,2.09018,3294,10269,12812
2,195,12321886,6473680,2881,722,29538,15.3016,4.98075,2910,-1,ok,0,0,0,0,2909,1,1,4.80459,2881,7617,8822,1,4.95128,2881,17998,22274,218.989,619922,2881,1,3.7622,1.84841,2881,4493,4910,1,4.50757,1.51066,2881,9784,11757
2,196,1431067,12748470,4263,1067,47058,30.2125,6.88398,4290,-1,ok,0,0,0,0,4289,1,1,6.66306,4263,8066,13950,1,6.63752,4263,18442,38795,314.882,953149,4263,1,6.66259,3.12854,4263,5601,7568,1,9.73935,3.83227,4263,10720,20286
2,197,6895032,9886330,3072,767,13466,7.40973,4.43756,3091,-1,ok,0,0,0,0,3090,1,1,4.18423,3072,9436,9595,1,5.51809,3072,23607,24175,325.415,923632,3072,1,3.54555,1.65718,3072,5007,5067,1,5.0422,1.63113,3072,12392,12647
2,198,8039344,11409990,3078,770,7838,5.38509,4.26624,3123,-1,ok,0,0,0,0,3122,1,1,3.35841,3078,7699,9541,1,4.00096,3078,17399,23649,444.523,1.02139e+06,3078,1,2.95414,1.50795,3078,4603,5324,1,3.91393,1.44617,3078,9795,12959
2,199,3159648,2262293,1368,344,8632,4.38755,1.69016,1381,-1,ok,0,0,0,0,1380,1,1,0.786279,1368,1499,4880,1,0.6859,1368,2661,14027,26.9832,106266,1368,1,0.863474,0.412832,1368,1443,2554,1,1.52497,0.752311,1368,2692,7255
3,0,2010448,7813185,3537,443,7133,4.24186,7.60208,3578,-1,ok,0,0,0,0,3577,1,1,8.75034,3537,21706,22051,1,16.6431,3537,56163,58327,206.582,580857,3537,1,7.28882,4.00608,3537,6224,6274,1,10.3147,3.62466,3537,16180,16428
3,1,12579166,9078023,1568,197,1039,0.964532,4.08976,1625,-1,ok,0,0,0,0,1624,1,1,3.60623,1568,8192,8385,1,4.68351,1568,19622,20576,50.3175,207650,1568,1,3.02646,1.87568,1568,2588,2647,1,2.99456,1.10843,1568,5872,6115
3,2,1333590,4439595,1414,178,4788,2.725,3.80955,1467,-1,ok,0,0,0,0,1466,1,1,1.68384,1414,1414,9906,1,0.794583,1414,1414,26829,130.469,288056,1414,1,2.43887,1.63207,1414,1414,2717,1,2.03367,1.2448,1414,1414,7670
3,3,3773467,3914009,3647,458,896,0.610361,6.53531,3696,-1,ok,0,0,0,0,3695,1,1,3.08943,3647,9093,21948,1,4.06712,3647,18635,60356,146.686,574921,3647,1,3.20759,1.74491,3647,4359,6572,1,4.58769,2.3396,3647,7023,16864
3,4,3313148,2503221,1216,156,2149,1.5169,1.95673,1265,-1,ok,0,0,0,0,1264,1,1,0.876456,1232,2882,7126,1,1.10433,1232,5062,19277,24.5564,110721,1216,1,0.971724,0.522114,1232,1469,2120,1,1.43278,0.730224,1232,2400,5248
3,5,7140541,10774717,1925,241,1637,1.15317,4.25766,1998,-1,ok,0,0,0,0,1997,1,1,3.41215,1925,8144,11264,1,5.27894,1925,20653,30606,105.517,372598,1925,1,3.17757,1.94198,1925,2866,3406,1,3.7323,1.66868,1925,6349,8545
3,6,8187875,9706060,1310,165,1251,0.741194,2.4652,1351,-1,ok,0,0,0,0,1350,1,1,1.21139,1310,2891,8333,1,1.44519,1310,5115,21969,17.0242,68186,1310,1,1.35431,0.756363,1310,1556,2376,1,1.7087,0.91027,1310,2472,6134
3,7,9627843,9885990,3738,468,10432,5.31692,7.82117,3843,-1,ok,0,0,0,0,3842,1,1,4.00824,3738,11758,22514,1,6.19097,3738,24254,56501,279.138,736103,3738,1,3.95812,2.2614,3738,5004,6650,1,6.41055,3.348,3738,9881,16885
3,8,7658869,7341623,669,87,1419,0.836302,1.60117,720,-1,ok,0,0,0,0,719,1,1,1.2876,695,4068,4480,1,2.15692,695,10826,12065,19.7144,89953,669,1,0.857502,0.535771,695,1199,1259,1,1.19989,0.57863,695,3034,3286
3,9,9079560,12955119,2601,327,761,0.740183,5.71218,2710,-1,ok,0,0,0,0,2709,1,1,2.57262,2601,3336,14908,1,1.7045,2601,4501,37712,10.7655,39421,2601,1,3.3782,1.98465,2601,2717,4400,1,3.3753,1.76442,2601,3266,10410
3,10,3021799,6079542,2013,253,1103,0.739401,3.8036,2082,-1,ok,0,0,0,0,2081,1,1,3.19597,2019,8745,10327,1,5.04382,2019,22056,28751,103.979,366918,2013,1,2.61025,1.55737,2019,3156,3654,1,3.26728,1.34976,2019,7107,8874
3,11,3809714,13009546,3762,471,13583,7.95565,7.78071,3835,-1,ok,0,0,0,0,3834,1,1,6.56844,3766,12792,23261,1,7.68181,3762,25107,67109,84.033,349019,3762,1,7.77005,4.05541,3766,5322,6810,1,10.6233,5.50948,3762,8465,18213
3,12,8103489,7107447,2089,262,314,0.458146,3.79323,2132,-1,ok,0,0,0,0,2131,1,1,2.8139,2089,8299,11512,1,3.79173,2089,18888,27914,59.641,233890,2089,1,2.68461,1.62496,2089,3002,3473,1,3.06406,1.52825,2089,6111,8378
3,13,2332859,8426127,4263,569,6868,4.29731,6.60183,4674,-1,ok,0,0,0,0,4673,1,1,7.93396,4567,21189,25531,1,14.2758,4567,53463,67995,564.531,1.68904e+06,4263,1,7.06042,3.25153,4567,7371,8106,1,10.5794,4.79764,4567,16160,19983
3,14,12044454,2416847,4675,584,1593,1.43661,8.22913,4738,-1,ok,0,0,0,0,4737,1,1,6.96829,4675,10709,29083,1,7.84593,4675,23178,77678,271.338,835345,4675,1,9.07139,4.23679,4675,5558,8157,1,13.1706,6.63221,4675,9203,21687
3,15,7549516,3032970,3582,453,3788,2.23695,6.15596,3669,-1,ok,0,0,0,0,3668,1,1,7.21592,3602,16986,22171,1,12.0654,3602,43606,60727,559.616,1.81662e+06,3582,1,5.58048,2.9768,3602,5513,6464,1,7.44068,3.12646,3602,12813,16774
3,16,12927868,12892271,2462,310,3489,2.53862,3.87866,2493,-1,ok,0,0,0,0,2492,1,1,3.20864,2462,15386,17634,1,9.27285,2462,44280,51374,67.0853,288014,2462,1,2.19691,0.893038,2462,4458,4781,1,5.11876,2.32035,2462,11806,13409
3,17,9833831,12288662,2580,324,5572,3.5989,3.98149,2647,-1,ok,0,0,0,0,2646,1,1,1.67256,2580,2587,17120,1,1.05777,2580,2622,46377,1.48578,2590,2580,1,2.45265,1.31481,2580,2605,4782,1,3.18779,1.80497,2580,2818,12776
3,18,6814149,9852082,1202,151,332,0.441096,3.18141,1235,-1,ok,0,0,0,0,1234,1,1,1.57987,1202,1238,8503,1,1.00422,1202,2030,22495,4.42669,14274,1202,1,2.03748,1.20972,1202,1202,2250,1,1.95264,1.08412,1202,1474,5950
3,19,9528140,2664047,3318,415,4592,2.60378,5.78908,3407,-1,ok,0,0,0,0,3406,1,1,7.04301,3322,13167,19924,1,10.364,3318,30841,52893,200.103,619476,3318,1,7.88398,3.52411,3322,4782,6154,1,10.2313,5.3475,3318,8977,14899
3,20,6495471,7529905,2441,307,4645,2.38808,3.02824,2508,-1,ok,0,0,0,0,2507,1,1,2.52992,2441,8701,14709,1,3.93681,2441,21108,38425,152.343,487683,2441,1,2.27324,1.24046,2441,3333,4225,1,3.88181,1.75579,2441,6798,10605
3,21,12325382,10067215,1607,202,968,0.763215,3.17031,1696,-1,ok,0,0,0,0,1695,1,1,2.06361,1607,2783,10095,1,1.07982,1607,2418,27025,3.27836,9051,1607,1,2.44271,1.30699,1607,1803,2860,1,2.81984,1.66273,1607,1828,7342
3,22,3585937,1775879,2463,310,1976,1.80284,3.8011,2512,-1,ok,0,0,0,0,2511,1,1,1.59289,2463,2858,14906,1,1.0934,2463,3197,41748,1.23991,2463,2463,1,2.15363,1.16157,2463,2520,4541,1,2.78087,1.58161,2463,2761,12156
3,23,11721680,9491931,1321,165,763,0.513149,2.07144,1346,-1,ok,0,0,0,0,1345,1,1,1.69829,1321,2248,6929,1,1.17344,1321,3947,16530,7.28556,33344,1321,1,1.968,1.17633,1321,1484,2145,1,1.56423,0.773785,1321,1941,4757
3,24,3621375,11317103,3740,469,6231,3.64618,6.02274,3813,-1,ok,0,0,0,0,3812,1,1,7.65927,3740,16166,21452,1,11.9726,3740,40697,56958,495.527,1.19993e+06,3740,1,6.33635,3.32181,3740,5661,6317,1,10.1654,4.48822,3740,12240,15950
3,25,5575100,6646560,1919,242,2155,1.27949,2.28006,1992,-1,ok,0,0,0,0,1991,1,1,2.83941,1919,10272,10996,1,5.46765,1919,24341,27158,87.1856,241544,1919,1,1.65684,0.829249,1919,3179,3279,1,2.84115,1.12445,1919,6997,8248
3,26,6158980,12807081,2860,359,5803,3.03949,6.57681,2895,-1,ok,0,0,0,0,2894,1,1,3.70761,2860,3078,16361,1,1.82228,2860,3318,41080,39.8483,142266,2860,1,4.79747,2.79396,2860,2882,4901,1,4.69984,2.35793,2860,3625,12310
3,27,11764863,10921693,884,111,1207,0.806285,1.43631,901,-1,ok,0,0,0,0,900,1,1,1.55316,884,5488,5816,1,3.11024,884,14463,16205,13.2437,61102,884,1,1.01964,0.531763,884,1589,1637,1,1.89161,0.810805,884,4329,4557
3,28,10694273,1537590,4589,574,13168,8.28148,6.77018,4738,-1,ok,0,0,0,0,4737,1,1,7.7185,4593,16690,27121,1,11.4125,4589,39435,73716,425.669,1.1922e+06,4589,1,7.7867,4.0656,4593,6379,8409,1,13.7545,6.1842,4589,12085,20755
3,29,12581368,7643768,4098,512,13212,8.19514,6.34816,4139,-1,ok,0,0,0,0,4138,1,1,6.61487,4098,21494,26216,1,13.7174,4098,57174,70796,723.912,1.91099e+06,4098,1,4.78858,2.43526,4098,6572,7279,1,7.88302,3.46051,4098,16099,19265
3,30,13030402,12409999,2438,306,2627,1.35515,3.23142,2469,-1,ok,0,0,0,0,2468,1,1,2.87167,2440,12684,16020,1,7.4088,2438,33944,45355,28.3787,121103,2438,1,1.6752,0.775639,2440,4031,4517,1,3.78901,1.59878,2440,9867,12368
3,31,12223295,6275531,3837,480,16409,10.2826,5.54497,3932,-1,ok,0,0,0,0,3931,1,1,8.45798,3837,22107,22515,1,14.1309,3837,58627,59827,597.039,1.64996e+06,3837,1,6.88277,3.17816,3837,6434,6520,1,11.0698,4.7996,3837,16153,16509
3,32,5623637,12139279,3038,381,1550,1.19382,5.87909,3133,-1,ok,0,0,0,0,3132,1,1,5.01249,3038,9928,17102,1,6.02386,3038,23361,44525,267.495,882190,3038,1,4.77964,2.76241,3038,4062,5088,1,5.47128,2.60471,3038,7637,12052
3,33,8035053,1444783,3156,396,11126,6.12756,5.7426,3205,-1,ok,0,0,0,0,3204,1,1,6.62686,3162,12820,21933,1,9.65081,3156,31018,57598,381.738,1.0506e+06,3156,1,5.25509,2.97246,3162,4587,5751,1,7.17469,3.25896,3156,9372,15100
3,34,2880048,10213702,3461,433,4681,2.89465,5.44156,3562,-1,ok,0,0,0,0,3561,1,1,7.24088,3471,18502,18610,1,13.7476,3467,51250,51751,251.123,806170,3461,1,5.70392,3.08004,3471,5945,5971,1,8.92745,3.40358,3467,14815,14915
3,35,1385201,11261247,4005,501,8489,5.45717,8.38136,4090,-1,ok,0,0,0,0,4089,1,1,7.89207,4009,16283,23401,1,9.83193,4005,34788,65953,334.601,891402,4005,1,7.81825,4.04519,4009,6124,7082,1,11.9704,5.67461,4005,11226,18444
3,36,6948283,3518629,1448,181,2628,1.58468,2.40696,1485,-1,ok,0,0,0,0,1484,1,1,2.34429,1448,5975,8269,1,4.37757,1448,17621,25334,91.4513,242475,1448,1,2.42189,1.38108,1448,2321,2648,1,2.87998,1.23052,1448,5409,7220
3,37,13034387,859878,5685,712,27592,15.8562,9.10452,5834,-1,ok,0,0,0,0,5833,1,1,11.6632,5689,26723,35628,1,23.3949,5685,67686,96541,1052.96,2.44682e+06,5685,1,11.9595,5.44841,5689,8871,10512,1,20.4804,9.28393,5685,19734,26927
3,38,1686729,1918309,506,64,534,0.282148,0.7869,517,-1,ok,0,0,0,0,516,1,1,0.170318,506,506,4096,1,0.118882,506,506,12352,0.180608,506,506,1,0.289662,0.168675,506,506,1016,1,0.564385,0.383345,506,506,3052
3,39,2222597,11499473,5854,736,32830,17.1051,8.65939,5971,-1,ok,0,0,0,0,5970,1,1,11.3226,5880,28272,35114,1,22.7307,5880,72122,93838,1573.98,3.54492e+06,5854,1,11.2574,4.86642,5880,9283,10189,1,18.7844,8.02822,5880,22049,26889
3,40,5141411,11134502,4288,538,16360,8.65574,6.63277,4379,-1,ok,0,0,0,0,4378,1,1,10.3011,4298,20192,27577,1,18.4485,4298,49036,72348,915.99,2.29801e+06,4288,1,7.11847,3.36689,4298,6654,7766,1,11.4295,4.64422,4298,15373,20402
3,41,12465838,7448178,2144,268,4553,3.12976,4.47354,2179,-1,ok,0,0,0,0,2178,1,1,4.16907,2144,8042,14433,1,5.79701,2144,20241,38488,211.307,527518,2144,1,3.63934,2.1564,2144,2999,3962,1,4.23224,2.14735,2144,6365,10671
3,42,10661203,8840327,3818,478,10430,6.50374,5.66723,3923,-1,ok,0,0,0,0,3922,1,1,5.43965,3818,12928,21682,1,7.44358,3818,32416,57693,709.885,1.87552e+06,3818,1,5.98299,3.02411,3818,5071,6394,1,7.98572,4.25669,3818,10085,16091
3,43,9236823,3376857,2492,312,5337,3.0275,3.80242,2549,-1,ok,0,0,0,0,2548,1,1,6.55805,2496,13743,15531,1,10.3991,2492,37732,43787,155.475,426303,2492,1,4.8655,2.68253,2496,4359,4616,1,6.5012,2.64774,2492,10785,12246
3,44,6505621,5115520,816,104,1729,0.869565,1.46593,871,-1,ok,0,0,0,0,870,1,1,0.860117,816,1722,4574,1,0.720707,816,2769,13088,4.14625,18883,816,1,0.928305,0.542744,816,940,1354,1,0.985331,0.564595,816,947,3714
3,45,7224318,3455553,1884,237,4204,2.37367,3.01143,1917,-1,ok,0,0,0,0,1916,1,1,4.15692,1884,8550,13087,1,6.12457,1884,21751,36827,119.868,351645,1884,1,2.80401,1.66879,1884,2861,3503,1,3.91763,1.81039,1884,6900,10290
3,46,3577892,1190856,1756,220,8227,5.31247,2.34294,1801,-1,ok,0,0,0,0,1800,1,1,1.56516,1756,2159,9356,1,0.953261,1756,2522,26356,2.17691,5947,1756,1,2.00879,1.14109,1756,1813,3121,1,2.11325,1.15595,1756,2054,8100
3,47,3204941,3810580,2880,362,3787,2.4995,3.3941,2937,-1,ok,0,0,0,0,2936,1,1,4.29241,2880,15882,17193,1,8.30217,2880,41361,46228,150.292,532935,2880,1,2.74253,1.46212,2880,5037,5220,1,5.29238,2.13068,2880,12300,13093
3,48,4180108,8576223,2054,258,754,0.633543,3.95666,2091,-1,ok,0,0,0,0,2090,1,1,2.89189,2054,4577,13807,1,2.48341,2054,9774,35984,20.8365,75250,2054,1,3.31822,1.94943,2054,2403,3736,1,3.34054,1.70883,2054,3763,9641
3,49,12353729,2809446,3785,475,6924,4.89762,5.85555,3872,-1,ok,0,0,0,0,3871,1,1,8.12424,3797,16698,23117,1,12.4131,3793,41540,62958,394.676,1.08715e+06,3785,1,7.44507,3.98117,3797,5677,7003,1,11.4117,5.48188,3793,11703,17395
3,50,8395975,2625599,2116,269,1569,1.13429,4.16986,2205,-1,ok,0,0,0,0,2204,1,1,6.03443,2136,10651,13314,1,8.48592,2136,26038,35948,11.2754,38786,2116,1,4.28183,2.37504,2136,3510,3825,1,5.1971,1.97619,2136,8689,10087
3,51,5493528,7925047,1515,189,2885,1.73489,2.81422,1538,-1,ok,0,0,0,0,1537,1,1,1.35079,1515,1691,8071,1,0.825562,1515,2258,20638,4.55622,14291,1515,1,1.84055,1.08828,1515,1515,2501,1,1.75988,0.978629,1515,1563,5876
3,52,9212910,11487380,2518,315,4256,2.38671,4.27115,2585,-1,ok,0,0,0,0,2584,1,1,4.63375,2518,13603,14395,1,7.88562,2518,32798,35424,313.959,942143,2518,1,3.2573,1.79319,2518,4145,4268,1,4.35795,1.8292,2518,9566,10181
3,53,12285366,6402468,2738,342,788,0.844156,4.61539,2785,-1,ok,0,0,0,0,2784,1,1,4.72753,2738,9585,15340,1,7.02849,2738,22135,38924,198.385,526630,2738,1,5.99876,3.1222,2738,3741,4595,1,6.77124,3.31125,2738,7252,11100
3,54,6487042,3141638,3876,489,4974,3.22818,4.66412,3957,-1,ok,0,0,0,0,3956,1,1,5.77941,3896,15617,24131,1,9.92053,3896,38375,65643,426.238,1.45507e+06,3876,1,5.04055,2.57078,3896,5580,7067,1,7.63525,3.42196,3896,11800,18229
3,55,8016532,6159621,865,111,2416,1.82143,2.15908,914,-1,ok,0,0,0,0,913,1,1,1.276,881,1842,6278,1,0.973197,881,3670,17540,6.83797,27820,865,1,1.55658,0.918015,881,1014,1659,1,1.5265,0.915991,881,1548,4636
3,56,5515103,10522115,2043,256,5337,3.23271,4.83012,2090,-1,ok,0,0,0,0,2089,1,1,4.84447,2043,11724,12021,1,7.90853,2043,30965,31825,222.693,571096,2043,1,3.78559,2.11002,2043,3462,3509,1,5.10551,2.2844,2043,8481,8712
3,57,2476815,12608832,4271,537,6819,5.10011,9.48737,4374,-1,ok,0,0,0,0,4373,1,1,13.7068,4271,28027,28621,1,25.8351,4271,72575,74902,636.744,1.57225e+06,4271,1,9.39178,4.57018,4271,7618,7744,1,16.3185,6.61979,4271,19831,20148
3,58,12456431,7340845,2238,280,3114,2.25924,4.11503,2251,-1,ok,0,0,0,0,2250,1,1,6.07231,2238,12271,13304,1,7.97355,2238,31276,34572,116.368,379863,2238,1,4.31555,2.24549,2238,3709,3856,1,4.6777,1.80498,2238,8934,9629
3,59,922742,2055692,666,84,1328,0.880696,3.54867,693,-1,ok,0,0,0,0,692,1,1,0.634395,666,670,5118,1,0.259916,666,686,14134,0.575155,666,666,1,0.877548,0.541621,666,666,1328,1,0.959453,0.632181,666,674,3837
3,60,11194911,9705957,3585,448,4583,2.90611,4.14273,3728,-1,ok,0,0,0,0,3727,1,1,4.67251,3589,17882,22043,1,9.20812,3589,43200,58598,363.326,1.39977e+06,3585,1,3.05491,1.63687,3589,5642,6302,1,5.38828,2.44023,3589,12662,16612
3,61,6036526,5702403,1491,187,1472,0.654133,1.18811,1530,-1,ok,0,0,0,0,1529,1,1,1.07588,1491,4250,11014,1,2.1229,1491,10446,31988,13.5292,62773,1491,1,0.843376,0.373588,1491,2188,2872,1,2.04031,1.0206,1491,4248,8222
3,62,11101203,2544770,3426,428,5173,3.58799,4.99645,3509,-1,ok,0,0,0,0,3508,1,1,7.3554,3430,14140,19963,1,10.5415,3426,34578,54888,282.426,784499,3426,1,6.80124,3.52087,3430,5016,6340,1,9.34797,4.37085,3426,9953,15566
3,63,5493528,5459277,708,90,314,0.242694,0.692523,719,-1,ok,0,0,0,0,718,1,1,0.144781,708,708,5760,1,0.184244,708,708,17018,0.168304,708,708,1,0.28878,0.137056,708,708,1420,1,0.843276,0.565466,708,708,4264
3,64,2388947,10947782,3371,422,7184,4.69288,5.72661,3456,-1,ok,0,0,0,0,3455,1,1,6.20543,3375,11651,19699,1,6.86903,3371,22773,57117,199.212,614141,3371,1,6.62678,3.45772,3375,4885,5985,1,7.86811,3.74314,3371,8140,16073
3,65,7831705,6396759,719,90,457,0.342545,1.06381,738,-1,ok,0,0,0,0,737,1,1,0.824786,723,2413,5292,1,0.966205,723,4366,15566,0.483092,830,719,1,0.800755,0.453006,723,975,1397,1,1.33172,0.629565,729,1937,4014
3,66,842069,12916554,4284,535,16822,8.9376,8.05674,4343,-1,ok,0,0,0,0,4342,1,1,11.6574,4288,25629,26358,1,23.0074,4284,71758,74173,403.154,1.10706e+06,4284,1,10.8961,4.88565,4288,7643,7708,1,18.6558,7.50202,4284,20404,20651
3,67,4850422,11280298,4704,588,7888,4.19735,6.66608,4803,-1,ok,0,0,0,0,4802,1,1,8.31988,4704,23877,27205,1,16.7975,4704,64362,75166,736.956,2.05978e+06,4704,1,6.28234,3.08458,4704,7688,8267,1,10.8147,4.16497,4704,19213,21940
3,68,11488163,10653983,1116,140,1657,0.942571,1.63191,1133,-1,ok,0,0,0,0,1132,1,1,0.572813,1116,1182,6730,1,0.476661,1116,1696,18357,2.94873,13862,1116,1,0.900803,0.475709,1116,1188,2035,1,1.16355,0.667006,1116,1304,5054
3,69,7579596,8228212,230,29,35,0.076973,0.588971,243,-1,ok,0,0,0,0,242,1,1,0.354553,230,230,1583,1,0.116277,230,230,4542,0.214882,230,230,1,0.405427,0.270736,230,230,443,1,0.375481,0.25178,230,230,1227
3,70,12001610,2787829,4759,595,15327,7.91933,6.27532,4914,-1,ok,0,0,0,0,4913,1,1,11.492,4763,27050,29900,1,21.8523,4759,72101,81714,802.493,1.99921e+06,4759,1,8.9329,4.01464,4763,8333,8744,1,15.0099,6.00206,4759,20979,23210
3,71,5742610,2055291,1316,166,502,0.543285,2.21341,1355,-1,ok,0,0,0,0,1354,1,1,1.94541,1316,1332,9842,1,0.664271,1316,1500,24623,11.7267,47787,1316,1,2.52751,1.55251,1316,1316,2525,1,2.18785,1.28072,1316,1421,7089
3,72,11880582,8295471,3634,454,4418,3.05001,4.65297,3707,-1,ok,0,0,0,0,3706,1,1,6.34339,3634,22503,23840,1,12.8684,3634,60017,64350,289.588,955187,3634,1,3.97554,1.99658,3634,6367,6583,1,7.00657,2.84739,3634,16370,17395
3,73,10473387,2457266,4575,573,6490,4.56195,8.19013,4618,-1,ok,0,0,0,0,4617,1,1,10.5373,4575,25743,29029,1,18.2635,4575,66303,77416,1071.86,2.73263e+06,4575,1,9.34941,4.21929,4575,7653,8051,1,14.5611,6.16707,4575,18516,20767
3,74,5956582,6913395,1978,249,1860,1.32151,2.42869,2055,-1,ok,0,0,0,0,2054,1,1,1.955,2006,6664,10962,1,2.83515,2006,15030,27574,58.6571,235499,1978,1,1.79135,0.994908,2006,2768,3416,1,2.42979,1.19779,2006,5221,8064
3,75,6219946,5564489,847,107,1252,0.572681,0.925509,892,-1,ok,0,0,0,0,891,1,1,0.487069,847,1426,5726,1,1.02117,847,5012,15250,1.519,5398,847,1,0.619137,0.329155,847,847,1565,1,0.934034,0.541651,847,886,4410
3,76,2081440,12382609,4688,587,13634,7.13875,7.6598,4757,-1,ok,0,0,0,0,4756,1,1,11.3276,4688,24946,29282,1,22.3073,4688,61701,75601,1132.86,2.38355e+06,4688,1,9.37862,4.35317,4688,7549,8223,1,15.128,6.2408,4688,17659,20886
3,77,1691073,3744093,1693,213,1290,1.13363,2.75643,1712,-1,ok,0,0,0,0,1711,1,1,2.56806,1693,10024,12204,1,5.66107,1693,28261,34506,70.4786,261092,1693,1,1.76527,0.938153,1693,3077,3199,1,3.48134,1.49251,1693,8350,9122
3,78,8817198,3986522,2108,265,2486,1.70617,3.32986,2163,-1,ok,0,0,0,0,2162,1,1,2.68054,2108,2108,14340,1,1.10768,2108,2340,41543,2.2426,2126,2108,1,3.51026,1.94991,2108,2108,3922,1,3.23854,1.80724,2108,2187,10966
3,79,7948753,9167683,453,58,654,0.520713,0.820123,468,-1,ok,0,0,0,0,467,1,1,0.414736,453,453,3252,1,0.215833,453,519,9555,0.482782,1008,453,1,0.633604,0.364521,453,453,895,1,0.695801,0.412913,453,453,2604
3,80,5933167,1809128,2017,253,2273,1.78296,3.59842,2052,-1,ok,0,0,0,0,2051,1,1,2.78729,2017,2539,14496,1,1.45476,2017,3815,36198,7.89736,28899,2017,1,3.03919,1.82648,2017,2077,3782,1,2.91396,1.65062,2017,2425,10416
3,81,6966816,6407311,457,59,209,0.215783,0.661316,490,-1,ok,0,0,0,0,489,1,1,0.389497,457,460,2592,1,0.186379,457,460,6528,0.282356,460,457,1,0.505174,0.289692,457,458,764,1,0.481209,0.267981,457,460,1769
3,82,2476107,12023992,4640,583,7255,4.04612,7.51623,4711,-1,ok,0,0,0,0,4710,1,1,12.2395,4640,23820,30141,1,21.9342,4640,58779,77668,548.669,1.39914e+06,4640,1,9.54253,4.70535,4640,7384,8331,1,16.2439,6.81597,4640,17701,21285
3,83,4767722,2408797,4057,508,6320,3.83348,4.94134,4126,-1,ok,0,0,0,0,4125,1,1,6.18444,4057,21427,24764,1,12.083,4057,56529,66895,308.473,1.10799e+06,4057,1,4.62097,2.14688,4057,6923,7346,1,7.59795,3.17937,4057,16823,18972
3,84,3731350,7191902,4549,570,9296,6.25764,4.67699,4640,-1,ok,0,0,0,0,4639,1,1,5.11148,4577,16282,27065,1,9.28942,4577,41122,73573,291.711,1.07623e+06,4549,1,4.42053,2.23397,4577,6556,8314,1,7.11961,3.37823,4577,13086,21341
3,85,7691974,1423542,4300,539,24411,11.9124,5.45366,4353,-1,ok,0,0,0,0,4352,1,1,7.16905,4306,14411,31152,1,9.79603,4300,33331,84811,425.246,1.23304e+06,4300,1,5.85511,2.99524,4306,5789,8008,1,8.74221,4.1241,4300,10831,21935
3,86,12485877,3126737,5189,649,14956,8.17097,6.82691,5340,-1,ok,0,0,0,0,5339,1,1,11.1205,5193,29130,33698,1,22.7372,5189,76418,91623,1369.71,3.38136e+06,5189,1,9.40711,4.15026,5193,8716,9682,1,15.8694,6.8201,5189,21034,24899
3,87,6909604,7200447,137,18,88,0.124041,0.444251,156,-1,ok,0,0,0,0,155,1,1,0.139231,137,137,1152,1,0.037962,137,137,3154,0.085369,137,137,1,0.164588,0.110958,137,137,276,1,0.198912,0.13886,137,137,832
3,88,3904717,10577072,2759,346,2629,1.86172,5.01799,2856,-1,ok,0,0,0,0,2855,1,1,7.07496,2759,14455,17717,1,11.8143,2759,38380,48673,290.985,886951,2759,1,5.28704,2.7601,2759,4553,5057,1,7.84747,3.14969,2759,11188,13493
3,89,8340124,3901242,2357,300,8038,4.19112,4.06978,2466,-1,ok,0,0,0,0,2465,1,1,2.9849,2379,4682,13510,1,2.75547,2379,9467,38755,1.42538,2357,2357,1,3.42417,1.95472,2379,2659,4032,1,3.60461,1.82966,2379,3684,10835
3,90,4075443,11878759,2915,365,523,0.704346,5.11597,2966,-1,ok,0,0,0,0,2965,1,1,7.52088,2915,11889,18899,1,11.5691,2915,27700,49022,235.376,675222,2915,1,5.83447,3.13398,2915,4197,5217,1,8.6642,3.89865,2915,9031,13188
3,91,9913504,3945960,2821,354,5046,2.79368,4.0971,2910,-1,ok,0,0,0,0,2909,1,1,3.83953,2821,5336,15912,1,3.26368,2821,10187,44704,15.4034,53787,2821,1,4.26223,2.50395,2821,3135,4797,1,4.39388,2.34708,2821,4206,12705
3,92,7849946,5842851,2633,330,4935,3.12672,3.58905,2686,-1,ok,0,0,0,0,2685,1,1,3.36942,2639,11026,15657,1,5.15549,2639,24644,39427,38.3245,167520,2633,1,2.54199,1.41657,2639,3911,4648,1,3.57894,1.61524,2639,7798,11133
3,93,2178665,5515989,2531,319,5840,3.00947,3.37673,2584,-1,ok,0,0,0,0,2583,1,1,5.69438,2531,16588,16897,1,11.4053,2531,40153,41251,287.914,881538,2531,1,3.0811,1.70696,2531,4481,4511,1,4.68824,1.73151,2531,10967,11121
3,94,10144368,3695934,2736,343,8008,4.39348,4.19664,2807,-1,ok,0,0,0,0,2806,1,1,3.70715,2736,3217,17811,1,2.03526,2736,3786,48097,8.06675,23955,2736,1,5.13482,2.7502,2736,2744,4967,1,5.26323,2.74932,2736,3253,13360
3,95,6149849,6790259,1164,147,1247,0.938885,1.50832,1209,-1,ok,0,0,0,0,1208,1,1,0.946999,1164,2499,7341,1,1.20918,1164,5334,19727,9.07735,40412,1164,1,1.21321,0.738088,1164,1374,2099,1,1.5308,0.863012,1164,2122,5338
3,96,12359415,9961757,1197,150,521,0.523057,1.99813,1208,-1,ok,0,0,0,0,1207,1,1,1.6106,1197,1197,6142,1,0.620239,1197,1197,14362,1.56075,2912,1197,1,1.97194,1.12587,1197,1197,1943,1,1.39923,0.724002,1197,1197,4364
3,97,12611329,8437561,4181,524,14084,8.05523,4.64215,4254,-1,ok,0,0,0,0,4253,1,1,7.03541,4181,24288,27990,1,18.0231,4181,64422,74996,662.572,1.88045e+06,4181,1,4.29148,2.18414,4181,7064,7581,1,8.37047,3.25622,4181,17917,20266
3,98,1865682,9892253,3390,425,5470,3.32444,5.40684,3439,-1,ok,0,0,0,0,3438,1,1,9.46268,3390,21292,22422,1,16.4455,3390,53135,59571,315.254,849145,3390,1,6.55706,3.46482,3390,6041,6194,1,10.3139,4.16659,3390,15347,16081
3,99,6903382,7042632,3042,381,5502,3.84294,2.82455,3091,-1,ok,0,0,0,0,3090,1,1,2.33104,3042,7397,18830,1,2.89158,3042,14996,49514,63.1352,243725,3042,1,2.27915,1.23093,3042,3611,5466,1,3.32719,1.8835,3042,5460,14206
3,100,6037001,13035985,3913,489,11390,6.23471,5.4353,3980,-1,ok,0,0,0,0,3979,1,1,8.82525,3913,22075,23005,1,15.8896,3913,58989,61745,611.469,1.44693e+06,3913,1,6.11849,3.23374,3913,6557,6723,1,9.83702,3.88042,3913,16666,17340
3,101,11432291,5361289,3782,474,11523,6.81424,5.37469,3865,-1,ok,0,0,0,0,3864,1,1,4.96113,3782,7598,23410,1,3.99745,3782,13877,61877,35.5258,141371,3782,1,5.68624,3.0565,3782,4355,6676,1,6.81724,3.57376,3782,6462,17421
3,102,2095814,12208510,5712,715,7604,4.28121,7.66861,5783,-1,ok,0,0,0,0,5782,1,1,14.2128,5712,32579,34393,1,29.0419,5712,87121,93050,908.288,2.30774e+06,5712,1,10.9195,4.79111,5712,9714,9962,1,19.3121,7.51637,5712,25346,26585
3,103,3721245,10043794,1835,230,2137,1.34174,4.32522,1866,-1,ok,0,0,0,0,1865,1,1,5.03133,1835,6480,14309,1,5.08332,1835,18746,42191,12.0322,26732,1835,1,4.37346,2.41365,1835,3386,3601,1,3.48673,2.11497,1835,1846,10599
3,104,1875949,12219863,5866,733,2315,1.81536,7.95502,5935,-1,ok,0,0,0,0,5934,1,1,13.6331,5866,29726,35268,1,25.8356,5866,77847,95469,880.514,2.27646e+06,5866,1,10.731,4.73778,5866,9357,10243,1,19.1001,7.68393,5866,23077,27368
3,105,5433877,7370783,2174,273,2407,1.45024,2.28855,2227,-1,ok,0,0,0,0,2226,1,1,1.43808,2174,2681,14549,1,1.22054,2174,3895,39516,0.933271,2174,2174,1,1.93821,1.08544,2174,2175,4084,1,2.55878,1.49147,2174,2333,11503
3,106,6966746,1889450,2024,253,6420,3.57635,3.24288,2061,-1,ok,0,0,0,0,2060,1,1,3.90247,2024,7107,11732,1,5.01979,2024,18710,34233,101.066,273751,2024,1,3.63375,2.08038,2024,3006,3813,1,3.87039,1.7646,2024,6110,9996
3,107,12074479,9935930,3204,400,2455,1.75585,3.54428,3253,-1,ok,0,0,0,0,3252,1,1,5.84209,3204,20825,21360,1,12.7313,3204,56534,58318,362.629,1.10555e+06,3204,1,3.03382,1.30714,3204,5788,5875,1,6.01445,2.13726,3204,15291,15689
3,108,8171471,10094437,1272,161,605,0.522364,1.9826,1307,-1,ok,0,0,0,0,1306,1,1,1.5906,1272,4275,8909,1,1.80992,1272,8673,22040,4.05185,18368,1272,1,1.61603,0.900031,1272,1747,2397,1,1.8471,0.90506,1272,3274,6092
3,109,1583977,12290737,4150,519,2336,1.98524,6.56128,4211,-1,ok,0,0,0,0,4210,1,1,9.10093,4154,19371,25428,1,19.2149,4150,55744,75033,475.096,1.05151e+06,4150,1,8.86746,4.4687,4154,6964,7913,1,14.7816,6.50727,4150,17320,21922
3,110,8541711,3431022,2128,268,7327,3.97877,3.70859,2199,-1,ok,0,0,0,0,2198,1,1,4.23789,2134,8063,13453,1,5.10428,2128,20791,35226,173.122,449522,2128,1,3.62091,2.18185,2134,2902,3676,1,4.23366,1.91001,2128,7177,9375
3,111,945097,9503748,3693,465,14626,8.45465,6.37335,3766,-1,ok,0,0,0,0,3765,1,1,9.54598,3699,23984,24813,1,15.6475,3693,57446,66084,342.67,984494,3693,1,7.43177,3.50851,3699,6567,6590,1,11.8537,4.6567,3693,17216,17538
3,112,3658695,5318513,1491,187,1576,0.909388,2.13648,1530,-1,ok,0,0,0,0,1529,1,1,2.18022,1491,7812,9122,1,4.61594,1491,19849,23567,41.5028,151380,1491,1,1.51989,0.896684,1491,2282,2460,1,2.24036,0.957509,1491,5501,6161
3,113,2754585,3947626,401,51,484,0.338724,1.44307,408,-1,ok,0,0,0,0,407,1,1,0.532695,401,401,3264,1,0.177521,401,401,9728,0.429683,401,401,1,0.651247,0.436235,401,401,808,1,0.697684,0.458827,401,401,2428
3,114,10502174,11667585,3041,383,2669,1.44703,3.51197,3130,-1,ok,0,0,0,0,3129,1,1,3.44105,3041,11618,17907,1,5.36299,3041,26108,46478,55.5176,229544,3041,1,2.63109,1.40211,3041,4327,5235,1,3.96126,1.74818,3041,8967,13251
3,115,10268480,11331403,3940,493,654,0.720947,5.10923,4057,-1,ok,0,0,0,0,4056,1,1,5.23816,3940,17977,22666,1,10.7966,3940,45107,57539,1039,2.25105e+06,3940,1,4.25869,2.30336,3940,6156,6946,1,6.36667,2.85129,3940,14062,17209
3,116,7825845,1762847,4321,541,14234,7.2087,6.26009,4366,-1,ok,0,0,0,0,4365,1,1,5.13291,4327,9166,30320,1,7.09638,4327,26313,84731,174.483,584214,4321,1,5.32085,2.79671,4327,5285,8351,1,8.31856,4.25917,4327,10332,23328
3,117,3362086,11653233,3339,417,1327,1.30827,5.56043,3420,-1,ok,0,0,0,0,3419,1,1,7.54737,3343,14620,19382,1,13.5545,3339,41582,56817,378.387,835072,3339,1,6.87248,3.5073,3343,5488,6267,1,10.8267,4.51719,3339,13682,17444
3,118,10389453,7350623,1413,177,1863,1.24141,2.62919,1448,-1,ok,0,0,0,0,1447,1,1,2.1555,1413,5911,8260,1,3.65077,1413,15794,24325,41.6744,154150,1413,1,2.14818,1.29357,1413,2088,2398,1,2.476,1.15345,1413,4666,6662
3,119,4506435,6736068,887,111,1325,0.799893,2.11931,912,-1,ok,0,0,0,0,911,1,1,1.14421,887,887,6422,1,0.566399,887,1437,15956,2.18779,6190,887,1,1.55446,0.934556,887,887,1718,1,1.35487,0.752376,887,1061,4337
3,120,5929329,12497247,3028,379,2924,1.8982,5.33636,3093,-1,ok,0,0,0,0,3092,1,1,6.51727,3028,16100,17078,1,9.94322,3028,40845,44424,357.339,1.15168e+06,3028,1,5.20978,2.90639,3028,4964,5068,1,6.6614,2.73189,3028,11565,12008
3,121,12410185,7574644,2088,261,4216,2.91765,3.5903,2119,-1,ok,0,0,0,0,2118,1,1,5.66685,2088,13685,13848,1,9.74327,2088,36230,37195,210.647,589758,2088,1,3.86733,2.1035,2088,3799,3854,1,5.26919,2.24334,2088,10106,10325
3,122,12229428,5440651,2956,370,2090,1.54507,4.61775,3003,-1,ok,0,0,0,0,3002,1,1,5.30768,2956,9761,17058,1,5.5747,2956,21938,44101,202.333,518526,2956,1,4.96286,2.8482,2956,3928,5015,1,5.59276,2.79609,2956,7366,12346
3,123,1780250,9157158,3337,420,13159,7.05857,5.44158,3404,-1,ok,0,0,0,0,3403,1,1,6.53301,3343,14860,23195,1,9.49323,3337,36215,62827,251.273,700833,3337,1,5.63192,3.2116,3343,5112,6121,1,8.57065,4.26988,3337,10855,16522
3,124,11302776,5692962,4744,604,22094,12.995,7.23256,4943,-1,ok,0,0,0,0,4942,1,1,6.02487,4816,13700,29044,1,7.49022,4816,31901,76586,380.766,1.2234e+06,4744,1,6.50567,3.25188,4816,6135,8490,1,10.0705,5.18091,4816,11210,21902
3,125,1768886,1792417,1169,148,294,0.20882,0.863713,1186,-1,ok,0,0,0,0,1185,1,1,0.288989,1169,1169,9472,1,0.38021,1169,1169,28480,0.291775,1169,1169,1,0.47069,0.20338,1169,1169,2340,1,1.20141,0.864094,1169,1169,7024
3,126,9050045,1934388,5350,673,18871,10.3928,7.72685,5557,-1,ok,0,0,0,0,5556,1,1,9.05892,5394,23345,29316,1,15.7419,5394,56219,76160,557.178,1.32145e+06,5350,1,8.47059,3.86009,5394,8364,9361,1,14.4372,6.43926,5394,17845,22681
3,127,1820605,6200831,1903,239,3522,2.40106,3.38793,1938,-1,ok,0,0,0,0,1937,1,1,3.66589,1903,8174,13282,1,5.50756,1903,19829,34776,127.488,320298,1903,1,2.95316,1.80935,1903,2788,3462,1,3.96832,1.84946,1903,6104,9193
3,128,10430467,2988856,2977,371,6051,3.78897,4.58961,3054,-1,ok,0,0,0,0,3053,1,1,7.043,2981,14405,18973,1,10.475,2977,37072,52332,211.617,601563,2977,1,5.56829,3.07886,2981,4654,5621,1,7.3627,3.29556,2977,10110,13961
3,129,2439228,6156068,1623,205,2278,1.52069,3.15143,1658,-1,ok,0,0,0,0,1657,1,1,2.86879,1623,7004,12409,1,4.48231,1623,18168,33013,78.8491,215848,1623,1,2.44725,1.51964,1623,2438,3121,1,3.42209,1.5981,1623,5400,8632
3,130,1319267,7253584,2673,336,14386,7.58135,4.17955,2746,-1,ok,0,0,0,0,2745,1,1,5.62877,2701,14110,16004,1,10.2503,2701,40209,45818,316.586,835410,2673,1,4.99855,2.52437,2701,4807,5066,1,7.2195,2.96074,2701,12118,13414
3,131,7196925,2454290,2503,317,4765,2.99232,3.75818,2558,-1,ok,0,0,0,0,2557,1,1,6.01069,2503,15477,16765,1,9.54103,2503,38071,41754,306.978,844661,2503,1,4.34068,2.41414,2503,4196,4361,1,5.61343,2.24851,2503,10708,11337
3,132,13030402,3456903,3403,426,983,1.08896,6.25211,3452,-1,ok,0,0,0,0,3451,1,1,6.69529,3403,10073,22408,1,6.64077,3403,22168,59043,164.221,421598,3403,1,7.03213,3.82505,3403,4421,6212,1,9.77654,4.99879,3403,8167,16166
3,133,4224358,1052088,1611,206,1423,0.991953,2.26277,1666,-1,ok,0,0,0,0,1665,1,1,2.46895,1631,5487,10231,1,2.91521,1631,12121,26259,49.6509,192084,1611,1,2.35734,1.41139,1631,2374,2902,1,2.65484,1.19973,1631,4668,7401
3,134,12080206,7454087,2122,266,1941,1.24007,3.75655,2181,-1,ok,0,0,0,0,2180,1,1,4.76755,2122,10666,11808,1,7.09946,2122,26106,29407,153.446,455871,2122,1,3.56103,2.13993,2122,3355,3516,1,3.98145,1.71572,2122,7536,8317
3,135,2068522,1574689,1869,235,2631,1.52792,1.8013,1886,-1,ok,0,0,0,0,1885,1,1,0.667628,1869,1872,14491,1,0.982855,1869,4217,42890,4.00106,18429,1869,1,0.994048,0.494825,1869,1869,3695,1,2.30449,1.43439,1869,2673,10895
3,136,10842340,7134907,3574,494,9671,4.85313,5.00681,4039,-1,ok,0,0,0,0,4038,1,1,7.57509,3936,21123,21517,1,11.8002,3936,50941,52836,237.011,779570,3574,1,6.03022,2.75296,3936,6476,6524,1,8.34526,3.52118,3936,14666,14884
3,137,2045569,12750493,5410,677,11008,6.65813,8.23094,5475,-1,ok,0,0,0,0,5474,1,1,13.6396,5410,34662,37192,1,30.3195,5410,92322,99426,925.824,2.3517e+06,5410,1,10.0118,4.59858,5410,9720,10084,1,18.8396,7.90263,5410,24919,26606
3,138,1691283,1726949,1624,204,1063,0.892316,1.62686,1645,-1,ok,0,0,0,0,1644,1,1,0.405578,1624,1624,13056,1,0.353501,1624,1624,39232,0.402552,1624,1624,1,0.626862,0.277479,1624,1624,3252,1,1.82878,1.29504,1624,1624,9760
3,139,2267658,6664151,2812,355,10470,5.49792,3.92915,2869,-1,ok,0,0,0,0,2868,1,1,6.88625,2812,17666,18081,1,13.0989,2812,47308,48514,266.836,760437,2812,1,4.26615,2.10417,2812,5111,5172,1,6.83488,2.53895,2812,13833,14077
3,140,5981077,11521702,3639,455,7344,4.0055,5.63964,3714,-1,ok,0,0,0,0,3713,1,1,7.01558,3647,19261,20924,1,12.4255,3639,46854,53121,668.853,1.60599e+06,3639,1,5.57748,2.77295,3647,6041,6274,1,8.34447,3.24743,3639,14472,15463
3,141,6905897,5956763,2217,279,2764,1.44687,2.74375,2298,-1,ok,0,0,0,0,2297,1,1,3.14604,2245,11173,12589,1,5.71904,2245,28114,32532,133.227,453616,2217,1,2.08684,1.11504,2245,3678,3852,1,3.44756,1.51693,2245,8392,9302
3,142,3746090,7542891,3910,490,6877,4.81546,4.77737,3997,-1,ok,0,0,0,0,3996,1,1,4.72356,3938,13970,22356,1,7.76742,3938,35125,59946,324.521,1.10748e+06,3910,1,4.4959,2.27181,3938,5769,6982,1,6.40792,2.94978,3938,11460,17122
3,143,927918,6543619,4456,558,25391,12.5602,6.66657,4497,-1,ok,0,0,0,0,4496,1,1,7.70511,4456,25405,32013,1,16.5114,4456,66887,86486,542.915,1.80035e+06,4456,1,5.45826,2.65065,4456,7564,8464,1,10.156,4.44642,4456,18531,22746
3,144,6931863,7093569,2051,258,2787,1.43986,2.53574,2102,-1,ok,0,0,0,0,2101,1,1,2.3422,2051,7549,11923,1,3.76238,2051,19070,31206,120.059,395111,2051,1,1.98984,1.09145,2051,2899,3551,1,2.76202,1.26626,2051,6120,8794
3,145,2568120,12342319,3661,458,8879,5.12033,6.22319,3734,-1,ok,0,0,0,0,3733,1,1,7.54221,3665,13335,22074,1,8.95523,3661,27596,64058,188.299,604117,3661,1,7.55411,3.881,3665,5355,6592,1,10.8828,5.22835,3661,9232,17768
3,146,7908353,11618893,3471,434,5408,2.90919,4.82181,3556,-1,ok,0,0,0,0,3555,1,1,4.88998,3471,14930,20437,1,8.12102,3471,35062,52154,466.204,1.32036e+06,3471,1,3.79362,2.07942,3471,5355,6019,1,7.32216,3.39322,3471,11554,15111
3,147,11438432,11802298,2485,312,2566,1.39375,2.49324,2572,-1,ok,0,0,0,0,2571,1,1,1.75041,2485,6850,16392,1,3.02236,2485,14046,45179,18.3157,78872,2485,1,1.43437,0.628134,2485,3137,4536,1,2.94398,1.42636,2485,5746,12429
3,148,2413893,1006952,1862,233,3992,2.81302,2.23997,1877,-1,ok,0,0,0,0,1876,1,1,1.12003,1862,1880,12281,1,0.721337,1862,1895,33433,22.7111,98220,1862,1,1.68908,0.959442,1862,1862,3430,1,2.04804,1.20725,1862,1862,9672
3,149,11409007,1162795,5579,747,22875,11.5787,8.43022,6102,-1,ok,0,0,0,0,6101,1,1,11.1085,5983,25611,33193,1,19.1495,5983,62761,87201,957.916,2.52929e+06,5579,1,11.0513,4.84431,5983,9169,10321,1,17.2452,7.61805,5983,19527,25133
3,150,9700992,2679266,4304,539,13538,6.93029,5.40052,4371,-1,ok,0,0,0,0,4370,1,1,9.82509,4304,21238,28740,1,16.9181,4304,54222,78343,730.187,1.90517e+06,4304,1,7.55346,3.4765,4304,6691,7961,1,11.6251,5.37803,4304,15583,20937
3,151,9872155,9787811,2375,297,2358,1.28217,3.00014,2416,-1,ok,0,0,0,0,2415,1,1,2.55134,2375,7983,13374,1,3.41948,2375,17797,34085,142.573,543802,2375,1,2.57485,1.29848,2375,3288,3983,1,2.73805,1.35072,2375,5387,9278
3,152,11614672,3408954,4147,517,9078,5.04459,5.89374,4216,-1,ok,0,0,0,0,4215,1,1,9.19333,4147,21505,23524,1,15.352,4147,51661,62993,354.53,942950,4147,1,8.91634,3.84642,4147,6769,6983,1,13.1446,6.36064,4147,16018,17771
3,153,9981629,11181633,734,92,108,0.162494,1.35087,747,-1,ok,0,0,0,0,746,1,1,0.393976,734,734,4743,1,0.317303,734,734,12865,0.800315,2644,734,1,0.625548,0.359681,734,734,1322,1,0.914569,0.56202,734,734,3422
3,154,3718171,9615151,2308,289,1099,1.01742,3.82459,2341,-1,ok,0,0,0,0,2340,1,1,6.57871,2308,15100,17413,1,11.4645,2308,36009,48731,37.989,117050,2308,1,4.7737,2.38271,2308,4363,4535,1,8.32337,3.42599,2308,11947,12920
3,155,3415323,8103407,3865,484,12220,5.33113,4.78537,3930,-1,ok,0,0,0,0,3929,1,1,6.9782,3867,21642,22755,1,14.5375,3867,55791,59377,709.381,1.93331e+06,3865,1,5.06544,2.41689,3867,6480,6683,1,8.10548,3.12859,3867,16086,16935
3,156,11110265,1067659,3702,464,14564,8.10356,6.02731,3749,-1,ok,0,0,0,0,3748,1,1,7.01441,3702,7578,25220,1,5.56571,3702,15039,68014,95.9582,306943,3702,1,8.75625,4.19415,3702,4270,6744,1,11.5935,6.03555,3702,6640,18278
3,157,6280476,9981769,2220,279,2847,1.97471,3.63817,2287,-1,ok,0,0,0,0,2286,1,1,3.8438,2220,9112,12763,1,4.90335,2220,21251,31951,124.765,374362,2220,1,3.27763,1.93572,2220,3242,3766,1,3.65717,1.656,2220,6921,9173
3,158,6643578,8204315,3641,456,9362,4.23478,3.76562,3706,-1,ok,0,0,0,0,3705,1,1,5.60321,3641,21566,22423,1,11.5052,3641,56315,58071,522.311,1.69089e+06,3641,1,3.25397,1.68465,3641,6477,6625,1,6.02235,2.41062,3641,16186,16845
3,159,9685005,4585715,4747,593,16656,9.36638,5.36233,4842,-1,ok,0,0,0,0,4841,1,1,7.83563,4747,23881,28458,1,16.7172,4747,65148,78175,148.933,544077,4747,1,6.40132,3.04424,4747,7668,8362,1,10.928,4.42642,4747,18930,22129
3,160,12831341,2638895,3950,493,14582,8.17021,6.07191,4015,-1,ok,0,0,0,0,4014,1,1,10.6622,3954,21567,25644,1,19.6338,3950,58689,72945,530.92,1.15889e+06,3950,1,9.66085,4.39724,3954,6808,7535,1,15.7967,6.79471,3950,16845,20434
3,161,8783825,10724143,3006,377,1168,0.956827,3.95559,3115,-1,ok,0,0,0,0,3114,1,1,5.41317,3006,16637,17438,1,9.50275,3006,40598,44360,362.701,1.04124e+06,3006,1,3.99884,1.94388,3006,5049,5152,1,5.88467,2.54267,3006,12099,12620
3,162,6714674,4622259,3743,470,9969,5.35637,3.81429,3822,-1,ok,0,0,0,0,3821,1,1,6.33474,3771,22684,23171,1,14.0672,3771,58066,59775,373.178,1.18349e+06,3743,1,3.8251,1.67312,3771,6736,6795,1,7.0184,2.62696,3771,16634,16908
3,163,11574983,7241695,3374,422,2546,2.21625,4.897,3465,-1,ok,0,0,0,0,3464,1,1,6.62843,3374,15837,18997,1,10.4674,3374,41315,50789,452.854,1.40372e+06,3374,1,6.31367,3.2216,3374,5174,5648,1,9.04271,4.23584,3374,12290,14536
3,164,6726695,10401558,1931,242,3956,2.67625,3.42584,1990,-1,ok,0,0,0,0,1989,1,1,2.08574,1931,2179,11848,1,1.36027,1931,3276,32643,7.8848,26397,1931,1,2.61092,1.53507,1931,1991,3503,1,2.70111,1.47388,1931,2176,9120
3,165,6217776,4562577,639,83,652,0.495906,1.27426,686,-1,ok,0,0,0,0,685,1,1,1.15967,639,1804,4756,1,1.03931,639,3950,11267,8.05389,27158,639,1,1.178,0.774446,639,807,1218,1,1.06952,0.608837,639,1428,2889
3,166,3978333,2704630,2039,257,2095,1.285,2.70669,2072,-1,ok,0,0,0,0,2071,1,1,2.93178,2039,8479,12111,1,4.59997,2039,20142,32348,106.914,392855,2039,1,2.293,1.24627,2039,2930,3625,1,3.00073,1.36512,2039,6199,9112
3,167,7528628,10723775,1234,159,1173,0.825632,3.12943,1321,-1,ok,0,0,0,0,1320,1,1,3.03336,1262,6915,7139,1,4.43828,1262,17218,18022,8.51046,34410,1234,1,2.16284,1.26532,1262,2088,2123,1,2.43378,0.945496,1262,4759,4893
3,168,9735496,1569903,4003,501,3285,2.61211,5.597,4048,-1,ok,0,0,0,0,4047,1,1,10.6245,4003,25219,25924,1,19.3344,4003,65820,69211,494.664,1.47875e+06,4003,1,8.26215,3.71186,4003,7024,7118,1,13.1015,5.28391,4003,18305,18756
3,169,998082,9272687,4329,543,21877,12.2896,6.06774,4404,-1,ok,0,0,0,0,4403,1,1,8.12651,4335,21456,30233,1,14.2835,4329,54374,82229,432.385,1.22984e+06,4329,1,7.54879,3.72845,4335,7053,8132,1,11.9764,5.56348,4329,15812,21829
3,170,1321918,2206629,1412,177,2014,1.04302,1.76411,1431,-1,ok,0,0,0,0,1430,1,1,0.646416,1412,1426,11010,1,0.504532,1412,1444,31535,7.13747,22846,1412,1,0.929426,0.520252,1412,1414,2798,1,1.56132,0.991021,1412,1412,8238
3,171,6659965,11150045,3320,415,1858,1.29025,4.88272,3385,-1,ok,0,0,0,0,3384,1,1,6.00901,3320,14052,18922,1,9.87053,3320,36568,52667,304.856,805546,3320,1,4.8901,2.64159,3320,4871,5644,1,9.6388,2.86632,3320,10984,14711
3,172,3731435,7767988,2384,299,9791,5.41826,3.35965,2499,-1,ok,0,0,0,0,2498,1,1,4.44993,2412,13446,13621,1,8.07365,2412,36672,37522,102.563,434809,2384,1,3.33084,1.8167,2412,4384,4408,1,4.70164,1.81989,2412,10961,11076
3,173,3974805,958596,1638,206,1839,1.3177,2.39092,1663,-1,ok,0,0,0,0,1662,1,1,2.13483,1638,4488,10930,1,2.2387,1638,9659,28695,46.7319,182160,1638,1,2.27698,1.36896,1638,2180,2939,1,2.33987,1.19583,1638,3901,7851
3,174,2428329,5775613,2154,273,4617,2.66048,3.54255,2213,-1,ok,0,0,0,0,2212,1,1,3.46227,2154,9277,14868,1,5.16218,2154,21836,37336,145.343,407779,2154,1,2.99233,1.85551,2154,3171,3892,1,3.86377,1.78744,2154,6777,10223
3,175,1714534,1242194,2738,343,2482,1.38137,2.11247,2753,-1,ok,0,0,0,0,2752,1,1,0.799604,2738,2738,21550,1,0.79239,2738,2738,63973,35.049,161075,2738,1,1.25547,0.522004,2738,2738,5418,1,2.96955,2.09634,2738,2738,16047
3,176,2649840,6642272,1749,221,1243,0.828177,2.73274,1814,-1,ok,0,0,0,0,1813,1,1,3.49095,1781,8670,9288,1,6.14971,1781,25144,27153,118.289,355043,1749,1,2.84574,1.65117,1781,3174,3269,1,3.61323,1.37575,1781,7839,8316
3,177,6637665,3752951,3356,420,6239,3.58182,4.21129,3445,-1,ok,0,0,0,0,3444,1,1,4.96228,3384,15961,17043,1,9.11382,3384,41304,44697,646.173,1.48585e+06,3356,1,3.92861,2.08421,3384,5648,5814,1,5.48711,2.27855,3384,12766,13530
3,178,11854338,7380264,1910,238,3846,2.65992,3.01173,1967,-1,ok,0,0,0,0,1966,1,1,4.16174,1910,10010,10555,1,6.65543,1910,28632,30260,161.059,507075,1910,1,3.29342,1.87866,1910,3173,3266,1,4.29128,1.69578,1910,8633,9073
3,179,6799419,5675038,2708,340,6321,3.64385,2.57886,2771,-1,ok,0,0,0,0,2770,1,1,3.12334,2708,11719,16598,1,5.59062,2708,26943,42939,39.5998,165783,2708,1,2.05082,0.995941,2708,4078,4841,1,3.9451,1.80939,2708,8664,12232
3,180,4194887,1007631,1165,147,1786,1.25441,2.44427,1202,-1,ok,0,0,0,0,1201,1,1,3.40648,1165,6764,7899,1,5.06152,1165,17015,20708,42.2018,120379,1165,1,2.2805,1.37888,1165,1938,2103,1,2.55041,1.03761,1165,4769,5650
3,181,7226275,11473681,3653,465,12089,6.08988,5.60902,3826,-1,ok,0,0,0,0,3825,1,1,6.64579,3723,20418,21410,1,12.1281,3723,50409,54764,546.229,1.38978e+06,3653,1,4.71809,2.32744,3723,6370,6454,1,7.18072,2.77674,3723,15626,16142
3,182,8300223,3253260,3863,488,12456,6.2589,5.08128,4032,-1,ok,0,0,0,0,4031,1,1,7.1177,3917,19388,20113,1,12.2431,3917,49725,51878,760.761,1.76125e+06,3863,1,5.54178,2.71906,3917,6555,6714,1,7.76947,3.17167,3917,15231,15672
3,183,1895748,929406,1049,132,1825,1.16207,2.10564,1072,-1,ok,0,0,0,0,1071,1,1,0.77029,1049,1429,7051,1,0.371214,1049,1049,18875,1.69623,6897,1049,1,0.948553,0.560998,1049,1049,1956,1,1.23782,0.717159,1049,1405,5260
3,184,10432828,11593598,2985,374,3550,1.84095,3.38514,3094,-1,ok,0,0,0,0,3093,1,1,2.59042,2985,8885,19263,1,4.12428,2985,17596,51041,115.433,340036,2985,1,2.16021,1.14998,2985,3817,5336,1,3.63267,1.85422,2985,7166,14363
3,185,3746090,7529905,1542,193,1548,1.17666,2.5776,1559,-1,ok,0,0,0,0,1558,1,1,2.75775,1542,5970,9625,1,3.3408,1542,14763,29259,39.8544,132200,1542,1,2.65908,1.57308,1542,2225,2980,1,3.02614,1.47678,1542,4971,8182
3,186,3253344,6964518,3608,453,4459,3.19861,4.59737,3649,-1,ok,0,0,0,0,3648,1,1,4.90359,3608,12307,24154,1,8.15554,3608,32385,65234,97.9119,405263,3608,1,4.7395,2.57362,3608,4814,6696,1,6.45303,3.32837,3608,8807,17662
3,187,1483093,11345582,5249,701,15895,9.45905,8.06377,5728,-1,ok,0,0,0,0,5727,1,1,10.1634,5619,25700,30636,1,18.2701,5619,66873,80384,1076.7,2.85197e+06,5249,1,9.93162,4.53075,5619,9003,9698,1,16.4841,6.99953,5619,20592,23400
3,188,1769639,6419115,1907,240,4939,2.54224,3.26145,1962,-1,ok,0,0,0,0,1961,1,1,2.34264,1907,1994,12371,1,1.2265,1907,2734,31183,91.4289,217722,1907,1,3.10842,1.92491,1907,1907,3508,1,2.82536,1.58667,1907,2138,8967
3,189,1953803,11588864,5915,741,22519,12.651,8.06665,6048,-1,ok,0,0,0,0,6047,1,1,14.1625,5915,34027,38269,1,29.409,5915,85236,98538,1454.43,3.36397e+06,5915,1,10.8029,4.91335,5915,9991,10613,1,19.287,7.98347,5915,24698,27389
3,190,10813718,4339117,2672,335,8831,4.74545,4.33453,2763,-1,ok,0,0,0,0,2762,1,1,6.43315,2676,11170,18859,1,1.60474,2672,2931,49386,22.1049,74422,2672,1,4.97686,2.72408,2676,4022,5064,1,5.05706,2.66362,2672,3417,13100
3,191,4139954,12718531,4668,583,14006,7.57689,6.4169,4735,-1,ok,0,0,0,0,4734,1,1,6.94015,4668,16814,24589,1,12.2905,4668,42886,68253,769.499,1.78919e+06,4668,1,7.38359,3.7679,4668,6554,7616,1,11.1411,5.24927,4668,13741,19745
3,192,11410131,12143449,1295,163,767,0.702552,1.65166,1342,-1,ok,0,0,0,0,1341,1,1,0.569244,1295,1302,8628,1,0.466161,1295,1337,23384,3.96705,17021,1295,1,0.989929,0.525141,1295,1320,2425,1,1.48295,0.910771,1295,1369,6579
3,193,12955129,5083650,4479,560,16895,8.31584,6.02764,4638,-1,ok,0,0,0,0,4637,1,1,10.4406,4479,25685,25983,1,18.2584,4479,64464,65388,371.159,1.12451e+06,4479,1,7.93813,3.61196,4479,7614,7662,1,12.1305,4.76129,4479,18288,18470
3,194,4034968,11166459,3294,412,7607,4.91969,5.30446,3327,-1,ok,0,0,0,0,3326,1,1,5.81234,3294,14108,18983,1,9.31085,3294,34432,46798,682.458,1.6324e+06,3294,1,5.67455,3.13506,3294,4820,5509,1,7.26164,3.54217,3294,10007,12550
3,195,12321886,6473680,2881,362,7079,3.48394,4.48092,2990,-1,ok,0,0,0,0,2989,1,1,6.39361,2881,13898,16740,1,8.93981,2881,34737,43099,218.989,619922,2881,1,4.59369,2.57434,2881,4507,4923,1,5.81918,2.31327,2881,9906,11879
3,196,1431067,12748470,4263,534,17309,9.95843,7.1105,4350,-1,ok,0,0,0,0,4349,1,1,8.43808,4267,15694,25254,1,11.0302,4263,34250,74148,314.882,953149,4263,1,9.27352,4.50729,4267,6251,7618,1,13.637,6.60907,4263,11224,20577
3,197,6895032,9886330,3072,383,3676,2.00409,4.15472,3123,-1,ok,0,0,0,0,3122,1,1,5.97879,3072,16965,17380,1,11.0165,3072,45618,46939,325.415,923632,3072,1,4.07787,2.09131,3072,5037,5097,1,6.00235,2.34107,3072,12574,12829
3,198,8039344,11409990,3078,384,2128,1.35599,4.47929,3165,-1,ok,0,0,0,0,3164,1,1,4.4343,3078,12740,17546,1,6.75849,3078,29006,44051,444.523,1.02139e+06,3078,1,3.74522,2.13683,3078,4587,5314,1,4.8341,2.12079,3078,9826,12990
3,199,3159648,2262293,1368,173,4961,2.25329,1.71595,1413,-1,ok,0,0,0,0,1412,1,1,0.955305,1368,2010,9317,1,1.33082,1368,5531,27109,26.9832,106266,1368,1,1.0597,0.585825,1368,1443,2554,1,1.71243,1.00647,1368,2401,7255
4,0,2010448,7813185,3537,223,2201,1.36306,7.51767,3700,-1,ok,0,0,0,0,3699,1,1,14.4391,3551,41644,42683,1,30.2807,3551,99640,112122,206.582,580857,3537,1,6.81344,3.5857,3551,6244,6294,1,9.36504,3.62941,3551,15735,15983
4,1,12579166,9078023,1568,103,649,0.478694,3.68353,1671,-1,ok,0,0,0,0,1670,1,1,5.28519,1620,15419,15720,1,8.78119,1620,37122,39160,50.3175,207650,1568,1,3.17504,1.95702,1620,2644,2667,1,3.18448,1.28751,1620,5849,6210
4,2,1333590,4439595,1414,89,740,0.499482,2.78256,1461,-1,ok,0,0,0,0,1460,1,1,2.05344,1414,1777,19716,1,1.66244,1414,4281,51003,130.469,288056,1414,1,2.61111,1.58924,1414,1414,2738,1,2.49831,1.5415,1414,1414,7698
4,3,3773467,3914009,3647,230,4471,1.87299,7.06469,3778,-1,ok,0,0,0,0,3777,1,1,5.44075,3665,20585,42277,1,9.34756,3665,46775,117194,146.686,574921,3647,1,3.62332,1.93326,3665,4936,6659,1,5.86616,3.09867,3665,9393,17337
4,4,3313148,2503221,1216,78,396,0.334825,1.8391,1297,-1,ok,0,0,0,0,1296,1,1,1.02101,1232,4042,12998,1,1.74367,1232,8636,36728,24.5564,110721,1216,1,0.919687,0.498421,1232,1469,2120,1,1.45429,0.804191,1232,2400,5248
4,5,7140541,10774717,1925,121,477,0.364691,3.9957,2082,-1,ok,0,0,0,0,2081,1,1,4.914,1925,14997,22721,1,9.17862,1925,39341,61116,105.517,372598,1925,1,3.15506,1.89766,1925,2866,3406,1,3.61093,1.71328,1925,6349,8545
4,6,8187875,9706060,1310,83,380,0.246371,2.36175,1367,-1,ok,0,0,0,0,1366,1,1,1.75817,1310,5977,16387,1,3.21454,1310,12671,42391,17.0242,68186,1310,1,1.35294,0.771983,1310,1548,2370,1,1.88089,1.06709,1310,2472,6103
4,7,9627843,9885990,3738,236,3025,1.50988,5.69898,3943,-1,ok,0,0,0,0,3942,1,1,6.29996,3738,20597,43795,1,11.0187,3738,49938,115717,279.138,736103,3738,1,4.32329,2.35351,3738,5052,6706,1,6.71119,3.89289,3738,10023,17247
4,8,7658869,7341623,669,45,347,0.226694,1.65999,762,-1,ok,0,0,0,0,761,1,1,1.37258,713,5108,8108,1,2.50773,713,12723,22548,19.7144,89953,669,1,0.912325,0.576287,713,1109,1249,1,1.08677,0.54035,713,2439,3115
4,9,9079560,12955119,2601,164,178,0.220712,4.68336,2786,-1,ok,0,0,0,0,2785,1,1,2.73995,2601,4408,27463,1,1.80693,2601,5649,66979,10.7655,39421,2601,1,3.50124,2.05165,2601,2717,4404,1,3.80466,2.00596,2601,3107,10400
4,10,3021799,6079542,2013,127,336,0.303177,3.34076,2150,-1,ok,0,0,0,0,2149,1,1,4.89857,2019,16044,21519,1,8.27556,2019,40305,55969,103.979,366918,2013,1,2.63233,1.5871,2019,3156,3654,1,3.30214,1.4614,2019,7107,8874
4,11,3809714,13009546,3762,237,2315,1.4407,7.99856,3889,-1,ok,0,0,0,0,3888,1,1,8.35451,3766,22204,46445,1,11.0752,3762,43547,130548,84.033,349019,3762,1,7.68788,4.24293,3766,5246,6731,1,10.2738,5.44115,3762,8291,18023
4,12,8103489,7107447,2089,133,134,0.198742,3.94766,2184,-1,ok,0,0,0,0,2183,1,1,4.0191,2109,14981,21534,1,6.3047,2109,33577,51516,59.641,233890,2089,1,2.76634,1.72456,2109,2998,3454,1,2.97167,1.54499,2109,5740,8007
4,13,2332859,8426127,4263,285,3158,1.70999,6.69832,4762,-1,ok,0,0,0,0,4761,1,1,9.21166,4551,29387,51018,1,19.1699,4551,73569,135520,564.531,1.68904e+06,4263,1,6.97787,3.69926,4551,6591,8149,1,11.1213,4.95542,4551,13036,20043
4,14,12044454,2416847,4675,292,447,0.533457,7.04826,4854,-1,ok,0,0,0,0,4853,1,1,12.3582,4689,32726,53691,1,22.3032,4689,82598,144178,271.338,835345,4675,1,9.57893,4.69553,4689,6769,8138,1,14.6088,6.90676,4689,14589,21022
4,15,7549516,3032970,3582,227,2333,1.21988,5.85709,3757,-1,ok,0,0,0,0,3756,1,1,10.3007,3616,30257,42587,1,22.5876,3616,81019,115941,559.616,1.81662e+06,3582,1,6.33979,3.22775,3616,5619,6522,1,8.76779,3.92208,3616,12775,16736
4,16,12927868,12892271,2462,155,979,0.637351,3.44414,2511,-1,ok,0,0,0,0,2510,1,1,6.09368,2462,29543,34249,1,16.9652,2462,84572,97531,67.0853,288014,2462,1,2.04676,1.00772,2462,4475,4779,1,4.91854,2.2229,2462,11886,13355
4,17,9833831,12288662,2580,163,1365,0.761915,3.68817,2697,-1,ok,0,0,0,0,2696,1,1,1.66812,2580,2778,33515,1,1.38044,2580,4257,89381,1.48578,2590,2580,1,2.66279,1.45552,2580,2605,4802,1,3.60414,2.20659,2580,2654,12736
4,18,6814149,9852082,1202,76,200,0.196377,2.58694,1251,-1,ok,0,0,0,0,1250,1,1,1.4976,1202,1203,14650,1,0.896233,1202,1537,41026,4.42669,14274,1202,1,2.22202,1.37382,1202,1202,2250,1,2.0384,1.12554,1202,1474,5950
4,19,9528140,2664047,3318,209,1335,0.725846,5.53615,3479,-1,ok,0,0,0,0,3478,1,1,8.29632,3322,22574,39259,1,16.0861,3318,56202,101904,200.103,619476,3318,1,6.25594,3.46825,3322,4782,6154,1,8.21277,4.04279,3318,8977,14899
4,20,6495471,7529905,2441,155,1645,0.793553,3.25187,2622,-1,ok,0,0,0,0,2621,1,1,3.90447,2443,15305,28519,1,8.215,2443,41095,75029,152.343,487683,2441,1,2.54281,1.40291,2443,3332,4232,1,3.53418,1.79883,2443,6869,10637
4,21,12325382,10067215,1607,101,324,0.237954,2.69924,1732,-1,ok,0,0,0,0,1731,1,1,1.42801,1607,1679,18559,1,0.988345,1607,3000,47758,3.27836,9051,1607,1,2.14565,1.26429,1607,1607,2837,1,2.10368,1.26072,1607,1798,7271
4,22,3585937,1775879,2463,156,655,0.433129,2.80176,2542,-1,ok,0,0,0,0,2541,1,1,5.90203,2481,23410,29704,1,13.7341,2481,60656,82370,1.23991,2463,2463,1,2.50657,1.24567,2481,4246,4546,1,4.64218,1.85646,2481,10693,12143
4,23,11721680,9491931,1321,84,344,0.220422,2.41904,1416,-1,ok,0,0,0,0,1415,1,1,2.0548,1321,3350,13685,1,1.54421,1321,5326,32169,7.28556,33344,1321,1,2.17891,1.26892,1321,1469,2145,1,1.72158,0.906503,1321,1941,4757
4,24,3621375,11317103,3740,235,1887,1.12058,6.31839,3951,-1,ok,0,0,0,0,3950,1,1,10.8609,3754,29081,39456,1,21.3063,3754,74073,108154,495.527,1.19993e+06,3740,1,6.66477,3.68597,3754,5627,6283,1,10.0344,4.19284,3754,11670,15380
4,25,5575100,6646560,1919,121,319,0.213369,2.32411,2036,-1,ok,0,0,0,0,2035,1,1,4.71011,1919,20289,22530,1,10.0688,1919,46849,55860,87.1856,241544,1919,1,1.76176,0.913476,1919,3181,3281,1,3.05672,1.30643,1919,6997,8248
4,26,6158980,12807081,2860,179,1634,1.03597,5.55494,2927,-1,ok,0,0,0,0,2926,1,1,3.72405,2860,3712,31736,1,3.87067,2860,10521,79637,39.8483,142266,2860,1,5.22657,3.08721,2860,2882,4901,1,5.14211,2.79237,2860,3625,12310
4,27,11764863,10921693,884,57,355,0.268161,1.28162,921,-1,ok,0,0,0,0,920,1,1,2.10853,890,8309,11629,1,4.36946,890,20418,32396,13.2437,61102,884,1,0.907445,0.496107,890,1451,1658,1,1.73848,0.795236,890,3684,4634
4,28,10694273,1537590,4589,288,3801,2.02736,6.83906,4794,-1,ok,0,0,0,0,4793,1,1,11.0168,4593,29360,55197,1,19.1737,4589,70006,143481,425.669,1.1922e+06,4589,1,10.3772,4.46323,4593,6314,8403,1,12.6303,6.49295,4589,11787,20789
4,29,12581368,7643768,4098,257,3920,2.26733,5.88291,4201,-1,ok,0,0,0,0,4200,1,1,10.8919,4098,40385,50900,1,26.1163,4098,109926,139758,723.912,1.91099e+06,4098,1,5.67971,2.76122,4098,6570,7333,1,11.9528,6.79608,4098,16100,19531
4,30,13030402,12409999,2438,154,783,0.40811,3.29429,2497,-1,ok,0,0,0,0,2496,1,1,5.47325,2438,22483,29821,1,13.9596,2438,62433,85772,28.3787,121103,2438,1,1.78597,0.914498,2440,4024,4510,1,4.20125,1.86693,2440,9867,12368
4,31,12223295,6275531,3837,240,5026,2.8208,5.39307,4034,-1,ok,0,0,0,0,4033,1,1,11.6644,3847,41070,42678,1,26.5282,3847,112356,116923,597.039,1.64996e+06,3837,1,7.20537,3.56784,3847,6493,6579,1,10.2898,4.51874,3847,16104,16460
4,32,5623637,12139279,3038,191,413,0.439881,5.71682,3229,-1,ok,0,0,0,0,3228,1,1,6.31457,3038,15509,31358,1,9.67442,3038,39079,80762,267.495,882190,3038,1,5.6594,3.18096,3038,3935,5107,1,7.04725,3.60653,3038,7640,12207
4,33,8035053,1444783,3156,199,789,0.602515,4.82129,3279,-1,ok,0,0,0,0,3278,1,1,9.79918,3168,23915,44034,1,16.4963,3162,59261,115786,381.738,1.0506e+06,3156,1,6.32111,3.18336,3168,4591,5873,1,7.97591,3.82423,3162,9346,15565
4,34,2880048,10213702,3461,218,1187,0.777001,5.47003,3618,-1,ok,0,0,0,0,3617,1,1,11.4745,3471,36502,36998,1,24.8302,3467,93206,101545,251.123,806170,3461,1,6.73252,3.69377,3471,5945,5971,1,10.1407,4.33282,3467,14815,14915
4,35,1385201,11261247,4005,251,2039,1.27552,7.56389,4132,-1,ok,0,0,0,0,4131,1,1,10.7009,4009,28925,46074,1,16.3108,4005,58814,124836,334.601,891402,4005,1,9.19484,4.52614,4009,6111,7069,1,13.3712,6.75562,4005,11229,18447
4,36,6948283,3518629,1448,92,304,0.276816,2.85763,1537,-1,ok,0,0,0,0,1536,1,1,5.24666,1448,13756,18626,1,10.8623,1448,36445,51565,91.4513,242475,1448,1,2.50003,1.43945,1448,2318,2645,1,3.14169,1.45058,1448,5440,7212
4,37,13034387,859878,5685,356,7555,3.95693,9.31026,5862,-1,ok,0,0,0,0,5861,1,1,18.3443,5689,48889,70749,1,37.1593,5685,123970,184107,1052.96,2.44682e+06,5685,1,13.0021,6.06003,5689,8935,10576,1,24.0089,10.1594,5685,19927,27108
4,38,1686729,1918309,506,33,127,0.123581,0.567841,533,-1,ok,0,0,0,0,532,1,1,0.168625,506,506,8448,1,0.122608,506,506,25341,0.180608,506,506,1,0.303968,0.179956,506,506,1016,1,0.640406,0.459058,506,506,3052
4,39,2222597,11499473,5854,369,6001,3.17671,8.53981,6083,-1,ok,0,0,0,0,6082,1,1,20.4588,5894,52287,66380,1,40.0425,5894,132862,178493,1573.98,3.54492e+06,5854,1,11.2474,5.3206,5894,9255,10242,1,19.1471,8.71079,5894,21238,26476
4,40,5141411,11134502,4288,270,4474,2.28358,6.57699,4441,-1,ok,0,0,0,0,4440,1,1,15.2818,4298,37352,53045,1,31.8655,4298,88566,136209,915.99,2.29801e+06,4288,1,7.66687,3.77306,4298,6662,7784,1,12.3887,5.43827,4298,15373,20404
4,41,12465838,7448178,2144,134,500,0.414844,3.94845,2199,-1,ok,0,0,0,0,2198,1,1,6.43262,2144,14339,25902,1,8.5081,2144,37160,71322,211.307,527518,2144,1,3.90901,2.43747,2144,2953,3916,1,4.88204,2.35711,2144,6259,10565
4,42,10661203,8840327,3818,238,4118,2.19876,5.91707,3957,-1,ok,0,0,0,0,3956,1,1,6.94918,3818,21704,41129,1,13.4311,3818,59045,111478,709.885,1.87552e+06,3818,1,6.17515,3.37453,3818,5071,6399,1,8.18264,4.28676,3818,9967,16242
4,43,9236823,3376857,2492,157,453,0.413501,3.99852,2585,-1,ok,0,0,0,0,2584,1,1,10.4761,2496,28223,31883,1,20.8917,2492,74247,85853,155.475,426303,2492,1,5.44691,2.73142,2496,4359,4616,1,6.86549,2.95599,2492,10828,12250
4,44,6505621,5115520,816,53,618,0.357308,1.42889,873,-1,ok,0,0,0,0,872,1,1,0.822917,816,1716,9027,1,0.927162,816,3803,25101,4.14625,18883,816,1,1.00701,0.613365,816,940,1415,1,1.12878,0.691181,816,938,3887
4,45,7224318,3455553,1884,119,570,0.392494,2.88316,1923,-1,ok,0,0,0,0,1922,1,1,5.17524,1884,15573,25246,1,10.5681,1884,40554,70717,119.868,351645,1884,1,2.89322,1.74572,1884,2861,3503,1,4.41108,2.13618,1884,6931,10282
4,46,3577892,1190856,1756,111,1558,1.043,2.39803,1811,-1,ok,0,0,0,0,1810,1,1,1.51354,1756,1756,18939,1,0.780537,1756,1756,51700,2.17691,5947,1756,1,2.1397,1.24157,1756,1756,3087,1,2.23173,1.28852,1756,1946,7898
4,47,3204941,3810580,2880,181,2010,1.14684,3.19256,3003,-1,ok,0,0,0,0,3002,1,1,6.90593,2898,28814,32243,1,15.101,2898,72189,88733,150.292,532935,2880,1,3.06353,1.7074,2898,5054,5237,1,5.19795,2.24098,2898,12354,13147
4,48,4180108,8576223,2054,130,288,0.290593,3.45324,2125,-1,ok,0,0,0,0,2124,1,1,3.46783,2054,7905,27294,1,4.09011,2054,16805,69256,20.8365,75250,2054,1,3.73473,2.13541,2054,2403,3735,1,3.63817,2.02572,2054,3763,9641
4,49,12353729,2809446,3785,239,2010,1.39913,5.59166,3914,-1,ok,0,0,0,0,3913,1,1,12.0564,3797,31270,47417,1,23.1276,3793,78772,123670,394.676,1.08715e+06,3785,1,8.83512,4.56074,3797,5677,7003,1,14.1328,6.50572,3793,11703,17395
4,50,8395975,2625599,2116,134,143,0.322753,3.84235,2273,-1,ok,0,0,0,0,2272,1,1,9.0976,2136,19508,26576,1,16.5391,2136,45907,71794,11.2754,38786,2116,1,4.75992,2.70648,2136,3510,3825,1,6.05977,2.5504,2136,8689,10087
4,51,5493528,7925047,1515,95,797,0.500224,2.70289,1592,-1,ok,0,0,0,0,1591,1,1,1.29532,1515,1836,16185,1,1.13926,1515,2995,42004,4.55622,14291,1515,1,1.97308,1.14029,1515,1515,2539,1,1.87644,1.1025,1515,1515,5994
4,52,9212910,11487380,2518,160,1538,0.901613,4.26155,2665,-1,ok,0,0,0,0,2664,1,1,7.81736,2518,25717,28027,1,15.335,2518,63576,68958,313.959,942143,2518,1,3.85581,2.1348,2518,4131,4254,1,4.65334,2.09255,2518,9519,10134
4,53,12285366,6402468,2738,172,253,0.304649,4.25627,2839,-1,ok,0,0,0,0,2838,1,1,6.18684,2738,16537,28443,1,10.2704,2738,40608,73549,198.385,526630,2738,1,4.85785,2.85182,2738,3739,4596,1,5.98434,2.8011,2738,7253,11031
4,54,6487042,3141638,3876,245,3220,1.7777,4.64961,4055,-1,ok,0,0,0,0,4054,1,1,9.70058,3914,32776,44382,1,20.6473,3914,82152,122097,426.238,1.45507e+06,3876,1,5.59708,2.75224,3914,6117,7110,1,9.02712,3.99085,3914,14101,18374
4,55,8016532,6159621,865,55,499,0.317432,2.35539,928,-1,ok,0,0,0,0,927,1,1,1.50075,881,3324,11914,1,1.20737,881,4747,33290,6.83797,27820,865,1,1.59023,0.946258,881,1014,1659,1,1.54862,0.926721,881,1548,4636
4,56,5515103,10522115,2043,129,1639,0.905501,3.5582,2144,-1,ok,0,0,0,0,2143,1,1,7.45798,2061,22675,23332,1,13.7484,2061,56591,61051,222.693,571096,2043,1,4.06216,2.36729,2061,3529,3576,1,5.10047,2.2338,2061,8709,8940
4,57,2476815,12608832,4271,267,2215,1.31609,8.12792,4434,-1,ok,0,0,0,0,4433,1,1,21.3773,4279,54621,55188,1,49.5714,4279,141110,144899,636.744,1.57225e+06,4271,1,10.5637,5.06411,4279,7721,7768,1,17.6399,7.76386,4279,20026,20196
4,58,12456431,7340845,2238,140,943,0.65332,3.77354,2269,-1,ok,0,0,0,0,2268,1,1,7.9575,2238,23747,25932,1,14.8666,2238,59496,65736,116.368,379863,2238,1,4.81629,2.52279,2238,3710,3857,1,6.11906,2.28807,2238,8934,9629
4,59,922742,2055692,666,43,309,0.191267,1.35233,725,-1,ok,0,0,0,0,724,1,1,1.03019,666,2146,8887,1,1.05831,666,4098,23607,0.575155,666,666,1,0.915539,0.612424,666,666,1328,1,1.04566,0.656856,666,978,3535
4,60,11194911,9705957,3585,226,1145,0.640496,4.88986,3910,-1,ok,0,0,0,0,3909,1,1,7.2842,3599,28292,40860,1,17.1294,3589,75782,112849,363.326,1.39977e+06,3585,1,3.70363,2.02389,3599,5677,6336,1,5.95176,2.89248,3589,12662,16694
4,61,6036526,5702403,1491,95,451,0.237724,1.2913,1584,-1,ok,0,0,0,0,1583,1,1,0.985981,1491,4250,21613,1,2.87879,1491,14746,63245,13.5292,62773,1491,1,0.891875,0.413952,1491,2188,2872,1,2.11354,1.07467,1491,4248,8222
4,62,11101203,2544770,3426,215,1781,1.20289,5.02791,3549,-1,ok,0,0,0,0,3548,1,1,10.2748,3430,25471,41405,1,19.2434,3426,63122,107887,282.426,784499,3426,1,7.66124,4.0039,3430,5019,6343,1,10.1477,4.73388,3426,9945,15558
4,63,5493528,5459277,708,46,172,0.13991,0.808811,751,-1,ok,0,0,0,0,750,1,1,0.157735,708,708,11571,1,0.173615,708,708,34309,0.168304,708,708,1,0.313786,0.154429,708,708,1420,1,1.01529,0.737909,708,708,4264
4,64,2388947,10947782,3371,211,1567,0.960655,5.69158,3522,-1,ok,0,0,0,0,3521,1,1,8.10971,3375,19735,39255,1,10.5923,3371,39127,109255,199.212,614141,3371,1,7.14682,3.94373,3375,4869,5977,1,9.6145,5.00504,3371,7912,15845
4,65,7831705,6396759,719,46,111,0.128326,1.09467,754,-1,ok,0,0,0,0,753,1,1,0.997042,723,2517,10543,1,1.31132,723,6335,31382,0.483092,830,719,1,0.823839,0.472923,723,975,1397,1,1.38984,0.715186,729,1937,4014
4,66,842069,12916554,4284,269,2930,1.6851,7.98641,4397,-1,ok,0,0,0,0,4396,1,1,17.5693,4288,48678,50739,1,44.7978,4284,136005,141837,403.154,1.10706e+06,4284,1,11.6673,5.43109,4288,7627,7692,1,18.8382,8.2553,4284,20184,20431
4,67,4850422,11280298,4704,296,3108,1.87634,6.63036,5027,-1,ok,0,0,0,0,5026,1,1,14.8301,4746,49961,50977,1,34.5574,4718,122609,143983,736.956,2.05978e+06,4704,1,7.38639,3.39964,4746,8211,8289,1,12.4977,5.49233,4718,18623,21254
4,68,11488163,10653983,1116,70,430,0.278441,1.57286,1193,-1,ok,0,0,0,0,1192,1,1,0.688516,1116,1535,12023,1,0.423851,1116,1242,33654,2.94873,13862,1116,1,1.02194,0.527835,1116,1188,2033,1,1.39215,0.818128,1116,1520,5046
4,69,7579596,8228212,230,14,38,0.047959,0.482071,243,-1,ok,0,0,0,0,242,1,1,0.287477,230,230,3183,1,0.075021,230,230,9100,0.214882,230,230,1,0.478423,0.29484,230,230,443,1,0.36896,0.250629,230,230,1227
4,70,12001610,2787829,4759,299,1140,0.77033,6.4722,5026,-1,ok,0,0,0,0,5025,1,1,19.847,4763,53602,60292,1,41.4521,4759,141158,160220,802.493,1.99921e+06,4759,1,10.1315,4.68365,4763,8334,8921,1,16.716,7.01044,4759,21122,23684
4,71,5742610,2055291,1316,84,157,0.221142,2.19544,1371,-1,ok,0,0,0,0,1370,1,1,1.84107,1316,1364,20470,1,1.17079,1316,3458,48970,11.7267,47787,1316,1,2.59387,1.64607,1316,1316,2525,1,2.36548,1.45635,1316,1421,7089
4,72,11880582,8295471,3634,228,1341,0.982556,4.69871,3779,-1,ok,0,0,0,0,3778,1,1,11.0533,3634,43615,46736,1,26.1253,3634,117260,126202,289.588,955187,3634,1,4.35446,2.19681,3634,6377,6593,1,7.46064,3.18857,3634,16382,17407
4,73,10473387,2457266,4575,288,1321,1.07322,7.22964,4668,-1,ok,0,0,0,0,4667,1,1,16.4996,4575,49552,56990,1,36.8896,4575,126026,149247,1071.86,2.73263e+06,4575,1,10.414,4.81118,4575,7643,8049,1,17.3449,7.72915,4575,18351,20602
4,74,5956582,6913395,1978,125,511,0.386783,2.41675,2111,-1,ok,0,0,0,0,2110,1,1,2.68036,2006,11590,20362,1,4.91567,2006,26062,51652,58.6571,235499,1978,1,2.03915,1.18866,2006,2781,3430,1,2.66391,1.38969,2006,5221,8064
4,75,6219946,5564489,847,54,402,0.209622,1.11921,900,-1,ok,0,0,0,0,899,1,1,0.368078,847,847,11632,1,0.279332,847,847,32198,1.519,5398,847,1,0.606642,0.309277,847,847,1625,1,1.07582,0.669222,847,989,4460
4,76,2081440,12382609,4688,294,3581,1.80288,7.06353,4827,-1,ok,0,0,0,0,4826,1,1,20.2683,4688,47231,56437,1,44.0127,4688,115139,145570,1132.86,2.38355e+06,4688,1,10.2421,4.84893,4688,7543,8217,1,17.7906,8.20572,4688,17602,20829
4,77,1691073,3744093,1693,107,314,0.382756,2.19536,1728,-1,ok,0,0,0,0,1727,1,1,4.50435,1693,19451,25133,1,10.3781,1693,49746,68845,70.4786,261092,1693,1,1.95606,1.1092,1693,3085,3207,1,3.56527,1.60235,1693,8350,9122
4,78,8817198,3986522,2108,133,752,0.500544,3.29111,2227,-1,ok,0,0,0,0,2226,1,1,2.76232,2108,2340,30060,1,1.26405,2108,2829,85349,2.2426,2126,2108,1,4.00881,2.22412,2108,2108,3924,1,5.13391,3.16721,2108,2181,10966
4,79,7948753,9167683,453,29,199,0.179415,0.923926,468,-1,ok,0,0,0,0,467,1,1,0.403513,453,453,6880,1,0.239117,453,454,19853,0.482782,1008,453,1,0.878841,0.521425,453,453,898,1,0.913607,0.641289,453,453,2676
4,80,5933167,1809128,2017,126,573,0.46499,3.06081,2120,-1,ok,0,0,0,0,2119,1,1,2.50762,2017,3133,27997,1,1.7302,2017,5179,66746,7.89736,28899,2017,1,3.65327,2.17794,2017,2077,3788,1,3.30082,1.97739,2017,2473,10358
4,81,6966816,6407311,457,30,52,0.075502,0.660805,520,-1,ok,0,0,0,0,519,1,1,0.392544,457,496,4987,1,0.210323,457,661,12824,0.282356,460,457,1,0.574925,0.32598,457,458,764,1,0.507608,0.30539,457,460,1769
4,82,2476107,12023992,4640,293,1919,1.1068,7.41888,4803,-1,ok,0,0,0,0,4802,1,1,19.8651,4640,43389,58430,1,34.5799,4640,101095,150172,548.669,1.39914e+06,4640,1,11.115,5.32633,4640,7393,8340,1,18.5268,8.54058,4640,17693,21277
4,83,4767722,2408797,4057,255,969,0.732139,5.01358,4238,-1,ok,0,0,0,0,4237,1,1,10.0577,4075,40504,47512,1,23.8967,4075,107225,126365,308.473,1.10799e+06,4057,1,5.37441,2.45608,4075,6989,7392,1,9.4336,4.24575,4075,16876,19073
4,84,3731350,7191902,4549,286,4238,2.18651,5.18557,4734,-1,ok,0,0,0,0,4733,1,1,8.21053,4577,31624,52997,1,16.8226,4577,77028,141254,291.711,1.07623e+06,4549,1,5.22655,2.71109,4577,6513,8292,1,8.78401,4.70398,4577,12756,21241
4,85,7691974,1423542,4300,289,927,0.680952,9.45751,4771,-1,ok,0,0,0,0,4770,1,1,13.5576,4634,40362,53625,1,27.8691,4634,105011,145998,425.246,1.23304e+06,4300,1,7.88974,3.75006,4634,7356,8359,1,12.5534,5.88847,4634,16349,21288
4,86,12485877,3126737,5189,325,3812,2.06705,6.74101,5404,-1,ok,0,0,0,0,5403,1,1,18.8251,5207,55325,67181,1,43.0647,5203,146444,178441,1369.71,3.38136e+06,5189,1,10.1531,4.72503,5207,8757,9723,1,17.2926,7.85368,5203,21216,25081
4,87,6909604,7200447,137,9,24,0.034725,0.582147,172,-1,ok,0,0,0,0,171,1,1,0.164657,137,137,2304,1,0.059511,137,137,6254,0.085369,137,137,1,0.19847,0.141834,137,137,276,1,0.235009,0.163866,137,137,832
4,88,3904717,10577072,2759,174,688,0.546501,4.841,2972,-1,ok,0,0,0,0,2971,1,1,10.2002,2765,28262,35790,1,25.4368,2765,75424,97666,290.985,886951,2759,1,6.53003,3.23593,2765,4571,5075,1,8.67241,3.91257,2765,11208,13513
4,89,8340124,3901242,2357,150,1995,1.0611,3.92673,2602,-1,ok,0,0,0,0,2601,1,1,5.73353,2385,16154,30605,1,8.32645,2385,34481,83253,1.42538,2357,2357,1,3.91174,2.26137,2385,3411,4272,1,6.14634,2.77007,2385,7095,11433
4,90,4075443,11878759,2915,184,286,0.368544,5.03592,3018,-1,ok,0,0,0,0,3017,1,1,11.456,2915,19992,35912,1,16.4982,2915,41867,94255,235.376,675222,2915,1,6.69237,3.55678,2915,4203,5223,1,10.0935,4.32121,2915,9023,13180
4,91,9913504,3945960,2821,178,1084,0.704386,4.09235,3050,-1,ok,0,0,0,0,3049,1,1,8.5383,2827,22681,35482,1,13.751,2827,52995,95500,15.4034,53787,2821,1,5.58645,3.04182,2827,4202,5033,1,7.61615,3.56016,2827,9133,13303
4,92,7849946,5842851,2633,166,1456,0.956066,2.90946,2786,-1,ok,0,0,0,0,2785,1,1,5.51685,2633,21915,30253,1,9.7324,2633,48443,76581,38.3245,167520,2633,1,2.81341,1.56839,2633,4006,4520,1,4.53999,2.16282,2633,8496,11040
4,93,2178665,5515989,2531,161,1592,0.841522,3.39698,2650,-1,ok,0,0,0,0,2649,1,1,10.1839,2531,29935,30876,1,20.8721,2531,71849,76316,287.914,881538,2531,1,3.54748,1.9624,2531,4489,4519,1,5.27139,2.11259,2531,10967,11121
4,94,10144368,3695934,2736,172,3742,2.11906,4.36657,2903,-1,ok,0,0,0,0,2902,1,1,9.56131,2742,23630,35966,1,18.0632,2742,59378,96503,8.06675,23955,2736,1,6.54697,3.19083,2742,4247,4971,1,8.98125,4.04087,2742,10310,13340
4,95,6149849,6790259,1164,73,795,0.627803,1.60596,1231,-1,ok,0,0,0,0,1230,1,1,1.11994,1164,4094,14038,1,1.81597,1164,8417,37441,9.07735,40412,1164,1,1.2259,0.753018,1164,1374,2100,1,1.85247,1.15691,1164,2122,5338
4,96,12359415,9961757,1197,76,183,0.222705,1.93134,1224,-1,ok,0,0,0,0,1223,1,1,1.41651,1197,1197,12074,1,0.70649,1197,1197,28325,1.56075,2912,1197,1,2.22756,1.32644,1197,1197,1943,1,1.60239,0.903998,1197,1197,4364
4,97,12611329,8437561,4181,263,4138,2.18176,4.42434,4314,-1,ok,0,0,0,0,4313,1,1,12.903,4181,46198,54379,1,31.5302,4181,123067,145118,662.572,1.88045e+06,4181,1,4.99328,2.5581,4181,7060,7577,1,9.27372,3.98266,4181,17893,20242
4,98,1865682,9892253,3390,214,1643,1.03911,5.3624,3489,-1,ok,0,0,0,0,3488,1,1,15.9896,3390,38765,45137,1,31.3507,3390,92643,116195,315.254,849145,3390,1,7.42975,3.84448,3390,5911,6205,1,11.6527,5.05167,3390,15282,16016
4,99,6903382,7042632,3042,191,2026,1.29333,2.92476,3127,-1,ok,0,0,0,0,3126,1,1,3.55278,3042,12281,35079,1,5.13474,3042,25490,93549,63.1352,243725,3042,1,2.62927,1.51198,3042,3611,5478,1,3.72935,2.24279,3042,5304,14247
4,100,6037001,13035985,3913,246,3234,1.86605,5.51453,4062,-1,ok,0,0,0,0,4061,1,1,15.4679,3913,41750,43320,1,33.4728,3913,113081,118317,611.469,1.44693e+06,3913,1,7.4,3.60931,3913,6557,6723,1,11.7808,5.14722,3913,16674,17348
4,101,11432291,5361289,3782,239,3098,1.76632,5.88718,3959,-1,ok,0,0,0,0,3958,1,1,5.48985,3782,11753,45407,1,7.16837,3782,25269,119230,35.5258,141371,3782,1,6.93957,3.65462,3782,4357,6704,1,10.3106,4.68977,3782,6462,17421
4,102,2095814,12208510,5712,359,2069,1.32164,8.35886,5921,-1,ok,0,0,0,0,5920,1,1,22.3236,5726,61117,65038,1,51.6117,5726,163420,175325,908.288,2.30774e+06,5712,1,12.4451,5.57303,5726,9679,9927,1,21.3347,8.95958,5726,24667,25906
4,103,3721245,10043794,1835,119,248,0.319067,5.55779,1974,-1,ok,0,0,0,0,1973,1,1,17.7091,1877,26072,27702,1,26.5749,1877,56774,79835,12.0322,26732,1835,1,5.46403,3.09235,1877,3581,3679,1,6.7972,3.3744,1877,10259,10745
4,104,1875949,12219863,5866,367,685,0.667176,8.63329,6055,-1,ok,0,0,0,0,6054,1,1,20.2736,5880,54269,66635,1,46.5223,5880,144683,180274,880.514,2.27646e+06,5866,1,12.0534,5.55478,5880,9366,10229,1,20.2883,8.8704,5880,22521,26770
4,105,5433877,7370783,2174,137,1741,1.08927,2.76213,2267,-1,ok,0,0,0,0,2266,1,1,1.55779,2174,3116,26671,1,1.14338,2174,3756,73444,0.933271,2174,2174,1,2.14333,1.25896,2174,2174,4155,1,2.93553,1.78795,2174,2379,11604
4,106,6966746,1889450,2024,127,385,0.344234,3.4073,2123,-1,ok,0,0,0,0,2122,1,1,6.57702,2024,15055,24968,1,10.3359,2024,37106,68068,101.066,273751,2024,1,4.03072,2.37673,2024,3000,3807,1,4.34018,2.12325,2024,6110,9996
4,107,12074479,9935930,3204,201,1090,0.725135,3.22695,3309,-1,ok,0,0,0,0,3308,1,1,10.1276,3204,40387,41878,1,25.1936,3204,111438,115898,362.629,1.10555e+06,3204,1,3.50319,1.61002,3204,5798,5885,1,6.70028,2.72735,3204,15303,15701
4,108,8171471,10094437,1272,84,203,0.183934,2.10552,1351,-1,ok,0,0,0,0,1350,1,1,1.83081,1274,6035,13841,1,2.66545,1272,13011,37017,4.05185,18368,1272,1,1.67864,0.988387,1274,1683,2333,1,2.00964,1.05215,1272,3274,6092
4,109,1583977,12290737,4150,260,887,0.789615,7.09563,4245,-1,ok,0,0,0,0,4244,1,1,15.2038,4154,37910,51495,1,36.6251,4150,108194,147564,475.096,1.05151e+06,4150,1,10.2018,5.07775,4154,6981,7907,1,17.5921,8.29994,4160,17162,21722
4,110,8541711,3431022,2128,136,1894,1.08367,3.74432,2347,-1,ok,0,0,0,0,2346,1,1,5.79131,2140,15862,27176,1,10.1954,2134,42551,70641,173.122,449522,2128,1,4.05991,2.48446,2140,2920,3694,1,4.94389,2.45447,2134,7189,9387
4,111,945097,9503748,3693,235,3494,2.00254,8.27899,3908,-1,ok,0,0,0,0,3907,1,1,15.9412,3733,48516,49205,1,30.6564,3717,118089,128866,342.67,984494,3693,1,8.04608,4.08602,3733,6682,6745,1,12.5036,5.34278,3717,17431,17677
4,112,3658695,5318513,1491,95,555,0.416209,1.94928,1580,-1,ok,0,0,0,0,1579,1,1,3.587,1491,12814,15972,1,8.37098,1491,35624,44259,41.5028,151380,1491,1,1.69581,1.0366,1491,2282,2460,1,2.37774,1.0854,1491,5501,6161
4,113,2754585,3947626,401,26,157,0.12244,1.52921,424,-1,ok,0,0,0,0,423,1,1,0.526665,401,401,6656,1,0.214221,401,401,18128,0.429683,401,401,1,0.736505,0.509531,401,401,808,1,0.822878,0.518108,401,401,2364
4,114,10502174,11667585,3041,193,1003,0.499905,3.37478,3196,-1,ok,0,0,0,0,3195,1,1,5.27351,3041,20689,34335,1,9.23263,3041,46572,90545,55.5176,229544,3041,1,2.77087,1.50127,3041,4333,5249,1,4.27437,2.02891,3041,8975,13259
4,115,10268480,11331403,3940,247,293,0.298257,5.24481,4127,-1,ok,0,0,0,0,4126,1,1,9.16024,3940,32987,42060,1,20.0506,3940,86674,107244,1039,2.25105e+06,3940,1,4.61333,2.6422,3940,6157,6947,1,7.03213,3.24994,3940,14221,17368
4,116,7825845,1762847,4321,272,1189,0.758777,5.14981,4374,-1,ok,0,0,0,0,4373,1,1,6.19229,4323,14355,60521,1,6.96984,4321,26304,166414,174.483,584214,4321,1,5.53997,3.14496,4323,5268,8334,1,8.38255,4.82745,4321,8162,23438
4,117,3362086,11653233,3339,209,549,0.507097,5.4096,3448,-1,ok,0,0,0,0,3447,1,1,11.277,3343,28368,39032,1,25.8743,3339,80110,110367,378.387,835072,3339,1,7.4,3.90592,3343,5445,6209,1,11.3337,5.20242,3349,13474,17068
4,118,10389453,7350623,1413,88,524,0.35548,2.56397,1464,-1,ok,0,0,0,0,1463,1,1,2.91996,1413,10694,15145,1,6.3849,1413,29633,46322,41.6744,154150,1413,1,2.18142,1.37091,1413,2091,2401,1,2.86086,1.47641,1413,4666,6662
4,119,4506435,6736068,887,56,249,0.190636,2.12948,956,-1,ok,0,0,0,0,955,1,1,1.29721,887,1476,12723,1,0.675132,887,2159,30793,2.18779,6190,887,1,1.56426,1.03466,887,887,1701,1,1.54734,0.945667,887,1061,4337
4,120,5929329,12497247,3028,189,796,0.539899,5.37051,3097,-1,ok,0,0,0,0,3096,1,1,9.86075,3028,30152,31504,1,19.8087,3028,76560,81071,357.339,1.15168e+06,3028,1,6.24157,3.25264,3028,4995,5099,1,8.11218,3.47754,3028,11797,12240
4,121,12410185,7574644,2088,131,185,0.253171,4.15485,2167,-1,ok,0,0,0,0,2166,1,1,8.42199,2088,24649,25510,1,16.783,2088,65866,69614,210.647,589758,2088,1,4.28448,2.39337,2088,3796,3851,1,5.71353,2.35893,2088,9882,10101
4,122,12229428,5440651,2956,187,438,0.443767,4.86763,3067,-1,ok,0,0,0,0,3066,1,1,6.83013,2956,16532,32191,1,11.428,2956,40603,84611,202.333,518526,2956,1,5.6982,3.36537,2956,3926,5016,1,6.20597,3.03731,2956,7367,12277
4,123,1780250,9157158,3337,211,3246,2.14733,5.22749,3504,-1,ok,0,0,0,0,3503,1,1,14.4047,3359,44504,47240,1,21.4863,3343,76749,126054,251.273,700833,3337,1,6.61685,3.50488,3359,6154,6190,1,9.37896,4.39253,3343,12770,16668
4,124,11302776,5692962,4744,302,5814,2.95198,6.00588,5017,-1,ok,0,0,0,0,5016,1,1,7.63187,4826,24007,55029,1,14.7319,4816,60703,147571,380.766,1.2234e+06,4744,1,7.49256,3.73668,4826,6156,8525,1,11.8098,6.27732,4816,11210,21902
4,125,1768886,1792417,1169,75,148,0.126386,1.04893,1202,-1,ok,0,0,0,0,1201,1,1,0.232526,1169,1169,19200,1,0.287798,1169,1169,57856,0.291775,1169,1169,1,0.450773,0.195325,1169,1169,2340,1,1.24587,0.890943,1169,1169,7024
4,126,9050045,1934388,5350,339,954,0.734642,7.54774,5689,-1,ok,0,0,0,0,5688,1,1,15.3572,5394,44986,57764,1,27.5232,5394,105349,144571,557.178,1.32145e+06,5350,1,9.04246,4.44167,5394,8385,9359,1,13.8817,6.6092,5394,17845,22643
4,127,1820605,6200831,1903,121,788,0.546851,3.43098,1988,-1,ok,0,0,0,0,1987,1,1,6.14699,1909,16589,27618,1,10.3314,1903,37585,68361,127.488,320298,1903,1,3.36172,2.1606,1909,3018,3509,1,3.91337,1.98498,1903,6127,9209
4,128,10430467,2988856,2977,186,1408,0.847383,4.56067,3080,-1,ok,0,0,0,0,3079,1,1,9.61476,2981,26819,38658,1,20.3215,2977,70461,102772,211.617,601563,2977,1,6.79158,3.71184,2981,4665,5632,1,8.51172,4.09952,2977,10110,13961
4,129,2439228,6156068,1623,104,665,0.463766,2.6202,1698,-1,ok,0,0,0,0,1697,1,1,4.72838,1629,14095,25365,1,8.48535,1623,34980,66454,78.8491,215848,1623,1,2.73098,1.74854,1629,2624,3128,1,3.59636,1.93818,1623,5401,8552
4,130,1319267,7253584,2673,169,1889,1.19479,4.47385,2816,-1,ok,0,0,0,0,2815,1,1,9.33795,2701,28716,32299,1,19.2443,2701,72574,87843,316.586,835410,2673,1,5.31232,2.9029,2701,4770,4991,1,7.22982,3.00873,2701,11854,13030
4,131,7196925,2454290,2503,158,1259,0.729302,3.86534,2656,-1,ok,0,0,0,0,2655,1,1,9.5798,2503,29137,31609,1,17.5189,2503,69448,76822,306.978,844661,2503,1,4.81156,2.73948,2503,4206,4371,1,5.85211,2.5357,2503,10664,11293
4,132,13030402,3456903,3403,214,324,0.414896,5.84532,3520,-1,ok,0,0,0,0,3519,1,1,9.19619,3403,17824,43701,1,13.0726,3403,41668,114972,164.221,421598,3403,1,8.01703,4.4946,3403,4421,6212,1,10.9173,5.84006,3403,8167,16166
4,133,4224358,1052088,1611,104,358,0.292836,2.61275,1734,-1,ok,0,0,0,0,1733,1,1,3.13072,1631,8240,19638,1,4.95236,1631,21492,51975,49.6509,192084,1611,1,2.63363,1.64375,1631,2374,2902,1,2.92811,1.50388,1631,4668,7401
4,134,12080206,7454087,2122,134,360,0.298558,3.41086,2251,-1,ok,0,0,0,0,2250,1,1,7.05385,2122,19382,22058,1,12.8074,2122,48451,55420,153.446,455871,2122,1,3.98132,2.31431,2122,3351,3512,1,4.36433,1.9235,2122,7485,8266
4,135,2068522,1574689,1869,117,397,0.285574,1.92325,1886,-1,ok,0,0,0,0,1885,1,1,0.682335,1869,1925,29076,1,0.918466,1869,3920,85604,4.00106,18429,1869,1,1.06411,0.557662,1869,1869,3700,1,2.54237,1.7789,1869,1869,10871
4,136,10842340,7134907,3574,247,2189,1.14994,5.06562,4073,-1,ok,0,0,0,0,4072,1,1,12.4955,3936,40301,41143,1,23.6586,3936,94400,100544,237.011,779570,3574,1,6.36351,3.16208,3936,6469,6517,1,8.47863,3.7156,3936,14623,14841
4,137,2045569,12750493,5410,341,3185,1.77327,7.76473,5593,-1,ok,0,0,0,0,5592,1,1,23.5645,5410,67117,72305,1,57.1702,5410,174477,189396,925.824,2.3517e+06,5410,1,11.1152,5.32065,5410,9718,10059,1,19.6839,8.80753,5410,24915,26537
4,138,1691283,1726949,1624,102,102,0.15514,1.28348,1645,-1,ok,0,0,0,0,1644,1,1,0.41242,1624,1624,26112,1,0.387875,1624,1624,78781,0.402552,1624,1624,1,0.635577,0.242814,1624,1624,3252,1,2.03808,1.47096,1624,1624,9760
4,139,2267658,6664151,2812,178,2868,1.49062,3.84807,2953,-1,ok,0,0,0,0,2952,1,1,10.9181,2826,32360,33235,1,23.775,2826,85080,87914,266.836,760437,2812,1,4.82665,2.45556,2826,5083,5144,1,6.86599,2.60653,2826,13255,13499
4,140,5981077,11521702,3639,229,2042,1.11909,5.35787,3778,-1,ok,0,0,0,0,3777,1,1,11.7528,3639,35925,39858,1,23.4059,3639,87073,102232,668.853,1.60599e+06,3639,1,6.30063,3.20471,3639,6027,6260,1,9.33814,4.07753,3639,14454,15445
4,141,6905897,5956763,2217,139,716,0.395078,2.59791,2368,-1,ok,0,0,0,0,2367,1,1,5.1948,2245,20816,23577,1,10.5874,2245,52240,61134,133.227,453616,2217,1,2.26537,1.22146,2245,3694,3868,1,3.62872,1.61222,2245,8392,9302
4,142,3746090,7542891,3910,246,2778,1.51121,4.73353,4083,-1,ok,0,0,0,0,4082,1,1,7.36766,3938,27602,44830,1,14.5058,3938,68066,118146,324.521,1.10748e+06,3910,1,5.00439,2.62624,3938,6121,6968,1,7.24719,3.55832,3938,12631,17103
4,143,927918,6543619,4456,298,8015,4.52743,6.31582,5017,-1,ok,0,0,0,0,5016,1,1,13.7943,4800,50102,54661,1,31.2412,4800,126908,151064,542.915,1.80035e+06,4456,1,7.50878,3.54329,4800,8414,8731,1,11.9932,5.25378,4800,20295,21953
4,144,6931863,7093569,2051,129,762,0.478594,2.33758,2114,-1,ok,0,0,0,0,2113,1,1,3.04361,2051,13339,22824,1,6.70948,2051,35403,60365,120.059,395111,2051,1,2.17655,1.2479,2051,2899,3551,1,2.94047,1.51405,2051,6120,8794
4,145,2568120,12342319,3661,229,1835,1.15451,6.15634,3772,-1,ok,0,0,0,0,3771,1,1,9.35029,3665,22667,43460,1,13.1285,3661,47256,124339,188.299,604117,3661,1,8.79791,4.46571,3665,5339,6576,1,11.8916,6.10765,3661,9004,17540
4,146,7908353,11618893,3471,220,1529,0.874563,4.98118,3698,-1,ok,0,0,0,0,3697,1,1,8.39611,3481,27198,38578,1,15.9578,3481,64637,99101,466.204,1.32036e+06,3471,1,4.34,2.45018,3481,5307,5979,1,5.79375,2.65081,3481,11251,14808
4,147,11438432,11802298,2485,157,884,0.543775,2.65861,2650,-1,ok,0,0,0,0,2649,1,1,2.337,2485,10796,30877,1,4.66402,2485,22054,86643,18.3157,78872,2485,1,1.47336,0.709145,2485,3133,4540,1,3.14031,1.7039,2485,5747,12430
4,148,2413893,1006952,1862,118,766,0.48726,2.32465,1911,-1,ok,0,0,0,0,1910,1,1,1.1539,1862,1879,24523,1,0.716178,1862,2119,62377,22.7111,98220,1862,1,1.79041,1.015,1862,1862,3479,1,2.38543,1.47359,1862,1905,9830
4,149,11409007,1162795,5579,374,1106,0.769829,7.9747,6202,-1,ok,0,0,0,0,6201,1,1,18.4431,5983,49352,64358,1,34.8889,5983,119658,167009,957.916,2.52929e+06,5579,1,12.1792,5.58438,5983,9190,10342,1,18.6762,8.84899,5983,19476,25082
4,150,9700992,2679266,4304,271,2332,1.42663,5.78335,4533,-1,ok,0,0,0,0,4532,1,1,17.8482,4322,46217,55964,1,38.9494,4322,119458,150459,730.187,1.90517e+06,4304,1,8.76755,4.06707,4322,7268,7944,1,12.7949,5.74467,4322,17885,21011
4,151,9872155,9787811,2375,150,769,0.526554,3.48282,2492,-1,ok,0,0,0,0,2491,1,1,4.2829,2375,14276,25053,1,6.38166,2375,32170,66263,142.573,543802,2375,1,2.55311,1.48175,2375,3288,3983,1,3.02564,1.63755,2375,5387,9278
4,152,11614672,3408954,4147,261,2609,1.39932,6.49035,4330,-1,ok,0,0,0,0,4329,1,1,12.8485,4147,37240,46879,1,26.0928,4147,93959,122985,354.53,942950,4147,1,8.58231,4.48045,4147,6770,6984,1,12.8349,5.91751,4147,15949,17702
4,153,9981629,11181633,734,46,46,0.101239,1.24154,747,-1,ok,0,0,0,0,746,1,1,0.418611,734,734,9095,1,0.55151,734,2196,25271,0.800315,2644,734,1,0.719033,0.43344,734,734,1320,1,0.98505,0.621752,734,734,3422
4,154,3718171,9615151,2308,145,443,0.394607,3.69137,2373,-1,ok,0,0,0,0,2372,1,1,10.117,2308,27803,34154,1,17.9244,2308,55088,94824,37.989,117050,2308,1,5.06694,2.7361,2308,4363,4535,1,7.58909,3.15728,2308,11947,12920
4,155,3415323,8103407,3865,243,4776,2.19038,4.94975,4082,-1,ok,0,0,0,0,4081,1,1,11.6865,3881,39704,42264,1,26.1248,3881,101612,108372,709.381,1.93331e+06,3865,1,5.12458,2.62171,3881,6432,6635,1,7.8426,3.23174,3881,15268,16117
4,156,11110265,1067659,3702,233,2862,1.63349,5.88108,3817,-1,ok,0,0,0,0,3816,1,1,8.02606,3702,12079,49433,1,9.31615,3702,26754,131534,95.9582,306943,3702,1,8.77066,4.81808,3702,4270,6752,1,13.0323,7.15883,3702,6640,18278
4,157,6280476,9981769,2220,139,957,0.66389,3.50191,2293,-1,ok,0,0,0,0,2292,1,1,5.54531,2220,16863,24336,1,8.23511,2220,38213,60391,124.765,374362,2220,1,3.53731,2.12214,2220,3227,3750,1,4.31371,2.1774,2220,6937,9189
4,158,6643578,8204315,3641,229,3843,1.68029,3.84202,3822,-1,ok,0,0,0,0,3821,1,1,9.33155,3641,39045,40613,1,21.897,3641,103060,108580,522.311,1.69089e+06,3641,1,3.67623,2.00182,3641,6477,6625,1,6.36138,2.77888,3641,16202,16861
4,159,9685005,4585715,4747,299,3652,1.95586,6.10279,5058,-1,ok,0,0,0,0,5057,1,1,11.7106,4761,41938,51626,1,29.215,4761,120746,147764,148.933,544077,4747,1,6.44545,3.12654,4761,7633,8387,1,11.414,5.35292,4761,17897,21494
4,160,12831341,2638895,3950,246,947,0.798271,6.42342,4035,-1,ok,0,0,0,0,4034,1,1,17.7075,3954,43179,51792,1,37.8165,3950,113566,141502,530.92,1.15889e+06,3950,1,10.0797,4.89285,3954,6762,7489,1,17.1124,7.8408,3950,16731,20320
4,161,8783825,10724143,3006,190,769,0.570475,4.1965,3195,-1,ok,0,0,0,0,3194,1,1,8.42093,3006,29915,33559,1,16.3065,3006,70938,86036,362.701,1.04124e+06,3006,1,4.47989,2.24036,3006,5041,5144,1,6.41414,2.76137,3006,12052,12573
4,162,6714674,4622259,3743,236,4564,2.35806,3.90649,3906,-1,ok,0,0,0,0,3905,1,1,11.4755,3771,41638,42683,1,26.0964,3771,107689,112473,373.178,1.18349e+06,3743,1,3.92539,1.92293,3771,6753,6812,1,7.51889,2.92548,3771,16634,16908
4,163,11574983,7241695,3374,211,1191,0.95236,4.62128,3511,-1,ok,0,0,0,0,3510,1,1,8.90829,3374,28626,36102,1,18.4137,3374,77506,97562,452.854,1.40372e+06,3374,1,6.83866,3.58428,3374,5162,5625,1,9.22744,4.47645,3374,12090,14336
4,164,6726695,10401558,1931,122,1120,0.772724,3.31952,2058,-1,ok,0,0,0,0,2057,1,1,1.97663,1931,2247,24024,1,1.33068,1931,3727,64709,7.8848,26397,1931,1,3.02644,1.87673,1931,1989,3503,1,3.14729,1.80537,1931,2182,9088
4,165,6217776,4562577,639,43,102,0.110656,1.27258,720,-1,ok,0,0,0,0,719,1,1,1.41896,639,3100,9713,1,1.83002,639,7538,23137,8.05389,27158,639,1,1.08773,0.761411,639,807,1218,1,0.991934,0.549978,639,1428,2889
4,166,3978333,2704630,2039,130,833,0.436916,2.61741,2142,-1,ok,0,0,0,0,2141,1,1,4.78603,2039,15299,24240,1,8.51929,2039,38438,62557,106.914,392855,2039,1,2.53172,1.46107,2039,2990,3637,1,3.36103,1.66341,2039,6199,9112
4,167,7528628,10723775,1234,79,634,0.356525,2.74834,1383,-1,ok,0,0,0,0,1382,1,1,4.51835,1262,13031,13468,1,8.40785,1262,31165,34540,8.51046,34410,1234,1,2.34886,1.44079,1262,2087,2122,1,2.62135,1.1112,1262,4767,4901
4,168,9735496,1569903,4003,252,768,0.696161,5.74483,4098,-1,ok,0,0,0,0,4097,1,1,16.7607,4003,48222,50831,1,36.317,4003,122454,132976,494.664,1.47875e+06,4003,1,8.89429,4.25009,4003,7022,7116,1,13.1181,5.34625,4003,18236,18687
4,169,998082,9272687,4329,274,5463,3.073,6.53633,4518,-1,ok,0,0,0,0,4517,1,1,17.7909,4351,58394,62247,1,32.675,4335,115760,168066,432.385,1.22984e+06,4329,1,8.83002,4.286,4351,8097,8200,1,14.1631,6.75251,4335,18064,22312
4,170,1321918,2206629,1412,89,1259,0.562921,2.10627,1445,-1,ok,0,0,0,0,1444,1,1,0.778705,1412,2322,21679,1,1.84663,1412,6138,59795,7.13747,22846,1412,1,1.00638,0.589401,1412,1414,2781,1,1.74746,1.162,1412,1654,8151
4,171,6659965,11150045,3320,206,640,0.497671,4.45745,3443,-1,ok,0,0,0,0,3442,1,1,8.30608,3320,24978,35964,1,17.8568,3320,68472,101157,304.856,805546,3320,1,5.53784,3.06748,3320,4908,5655,1,7.45045,3.35162,3320,10984,14703
4,172,3731435,7767988,2384,151,1030,0.600802,3.69946,2567,-1,ok,0,0,0,0,2566,1,1,7.59863,2412,27369,28036,1,14.6495,2412,67092,73550,102.563,434809,2384,1,3.67977,2.11733,2412,4341,4365,1,4.96586,2.03487,2412,10787,10902
4,173,3974805,958596,1638,103,440,0.318415,2.29179,1663,-1,ok,0,0,0,0,1662,1,1,3.05099,1638,7096,21283,1,3.45199,1638,16563,54572,46.7319,182160,1638,1,2.50589,1.57408,1638,2180,2932,1,2.63232,1.43689,1638,3901,7851
4,174,2428329,5775613,2154,136,1174,0.636419,3.14338,2249,-1,ok,0,0,0,0,2248,1,1,6.24023,2172,21952,26754,1,12.6973,2172,51408,74525,145.343,407779,2154,1,3.31603,1.94703,2172,3430,4050,1,4.86758,2.31533,2172,8034,10681
4,175,1714534,1242194,2738,172,548,0.352378,2.60075,2769,-1,ok,0,0,0,0,2768,1,1,0.911964,2738,2738,43222,1,0.714695,2738,2738,128092,35.049,161075,2738,1,1.37792,0.572813,2738,2738,5418,1,3.33498,2.44617,2738,2738,16047
4,176,2649840,6642272,1749,112,310,0.256549,3.11359,1882,-1,ok,0,0,0,0,1881,1,1,5.82386,1781,17845,19164,1,10.0559,1781,43550,52154,118.289,355043,1749,1,3.15376,1.87832,1781,3171,3266,1,4.03686,1.75998,1781,7611,8088
4,177,6637665,3752951,3356,211,1637,0.823931,4.14308,3503,-1,ok,0,0,0,0,3502,1,1,8.54282,3384,32354,34507,1,17.5586,3384,79890,86539,646.173,1.48585e+06,3356,1,4.75393,2.491,3384,5665,5831,1,6.3884,2.9788,3384,12766,13530
4,178,11854338,7380264,1910,118,1001,0.651958,2.95274,1983,-1,ok,0,0,0,0,1982,1,1,5.93639,1910,17606,18776,1,12.4568,1910,51771,55805,161.059,507075,1910,1,3.74831,2.23409,1910,3151,3244,1,4.4923,1.86498,1910,8510,8950
4,179,6799419,5675038,2708,170,1982,1.07646,2.59519,2891,-1,ok,0,0,0,0,2890,1,1,5.0944,2722,21230,29802,1,10.8584,2722,52175,80323,39.5998,165783,2708,1,2.22171,1.16389,2722,4110,4789,1,4.17273,1.97755,2722,8738,12090
4,180,4194887,1007631,1165,74,420,0.378806,2.72895,1218,-1,ok,0,0,0,0,1217,1,1,5.57212,1165,13284,15612,1,9.7818,1165,32975,39885,42.2018,120379,1165,1,2.53792,1.59422,1165,1946,2111,1,2.79819,1.22561,1165,4769,5650
4,181,7226275,11473681,3653,228,3120,1.66447,5.24352,3764,-1,ok,0,0,0,0,3763,1,1,8.47766,3653,28314,39017,1,17.6247,3653,72143,106360,546.229,1.38978e+06,3653,1,6.06466,3.47192,3653,5486,6182,1,9.24864,4.54211,3653,11744,15644
4,182,8300223,3253260,3863,245,3126,1.55824,5.15957,4136,-1,ok,0,0,0,0,4135,1,1,11.8716,3917,39599,40532,1,24.2727,3917,96753,100690,760.761,1.76125e+06,3863,1,6.59437,3.16032,3917,6582,6741,1,9.45977,4.14292,3917,15231,15672
4,183,1895748,929406,1049,67,318,0.224509,2.0443,1100,-1,ok,0,0,0,0,1099,1,1,0.70655,1049,1111,14780,1,0.386282,1049,1111,41461,1.69623,6897,1049,1,1.02438,0.624697,1049,1049,1977,1,1.48281,0.904629,1049,1583,5706
4,184,10432828,11593598,2985,188,1177,0.676603,3.41223,3198,-1,ok,0,0,0,0,3197,1,1,4.29183,2985,14136,35757,1,6.62851,2985,28640,95531,115.433,340036,2985,1,2.42504,1.37911,2985,3819,5346,1,4.40904,2.47883,2985,7182,14379
4,185,3746090,7529905,1542,97,482,0.356957,2.56216,1575,-1,ok,0,0,0,0,1574,1,1,4.09598,1542,11347,21445,1,6.37312,1542,27355,59548,39.8544,132200,1542,1,2.94402,1.80633,1542,2169,2924,1,3.38361,1.84225,1542,4741,7952
4,186,3253344,6964518,3608,227,1780,1.07198,4.63883,3661,-1,ok,0,0,0,0,3660,1,1,5.91055,3608,19352,47902,1,9.14231,3608,45435,124101,97.9119,405263,3608,1,5.21145,2.98181,3608,4754,6656,1,7.21479,3.96698,3608,8807,17724
4,187,1483093,11345582,5249,352,1918,1.26744,8.44418,5830,-1,ok,0,0,0,0,5829,1,1,15.4426,5619,48322,60335,1,33.6546,5619,124078,154497,1076.7,2.85197e+06,5249,1,11.3087,5.19669,5619,8854,9690,1,18.8612,8.58896,5619,20453,23261
4,188,1769639,6419115,1907,120,283,0.30984,3.34539,2000,-1,ok,0,0,0,0,1999,1,1,2.57641,1907,3922,25008,1,2.33853,1907,6830,60172,91.4289,217722,1907,1,3.90873,2.6265,1907,1907,3487,1,3.17497,1.93485,1907,2084,8950
4,189,1953803,11588864,5915,373,3777,2.40573,8.66171,6192,-1,ok,0,0,0,0,6191,1,1,26.9098,5915,64420,73515,1,54.0529,5915,160890,190080,1454.43,3.36397e+06,5915,1,12.3588,5.68492,5915,9956,10586,1,21.7757,9.54168,5915,24529,27220
4,190,10813718,4339117,2672,168,1833,1.07155,4.38046,2845,-1,ok,0,0,0,0,2844,1,1,10.3676,2676,20960,36993,1,1.92068,2672,3710,96773,22.1049,74422,2672,1,5.5455,3.07735,2676,4022,5064,1,5.99355,3.35953,2672,3417,13100
4,191,4139954,12718531,4668,293,4005,2.2149,6.70862,4875,-1,ok,0,0,0,0,4874,1,1,12.3503,4682,30720,46456,1,22.4036,4682,77786,130081,769.499,1.78919e+06,4668,1,8.13708,4.329,4682,6528,7582,1,12.627,6.30126,4682,13171,19175
4,192,11410131,12143449,1295,82,169,0.200904,1.49759,1382,-1,ok,0,0,0,0,1381,1,1,0.55143,1295,1318,17359,1,0.469007,1295,1499,45713,3.96705,17021,1295,1,1.06377,0.598177,1295,1320,2427,1,1.6482,1.05893,1295,1369,6579
4,193,12955129,5083650,4479,280,6450,3.34461,7.23123,4722,-1,ok,0,0,0,0,4721,1,1,16.7122,4479,48022,48528,1,36.1099,4479,118013,120004,371.159,1.12451e+06,4479,1,8.89182,4.17968,4479,7625,7673,1,13.3883,5.61885,4479,18228,18410
4,194,4034968,11166459,3294,208,2155,1.39917,5.54731,3393,-1,ok,0,0,0,0,3392,1,1,8.67101,3294,25179,36846,1,15.82,3294,63139,90575,682.458,1.6324e+06,3294,1,5.93585,3.48416,3294,4706,5543,1,8.1922,3.9617,3294,10234,12777
4,195,12321886,6473680,2881,182,2072,1.15634,4.60047,3040,-1,ok,0,0,0,0,3039,1,1,9.19353,2881,25146,31788,1,17.2454,2881,61939,78207,218.989,619922,2881,1,5.61595,3.06278,2881,4482,4898,1,6.50354,2.97232,2881,9776,11749
4,196,1431067,12748470,4263,267,2763,1.97888,7.20589,4388,-1,ok,0,0,0,0,4387,1,1,11.5483,4267,27553,49590,1,19.3008,4263,60734,143890,314.882,953149,4263,1,10.3439,5.1716,4267,6201,7560,1,14.9486,7.46575,4263,10960,20313
4,197,6895032,9886330,3072,191,1091,0.647809,4.17712,3189,-1,ok,0,0,0,0,3188,1,1,8.99805,3072,30817,31694,1,20.6276,3072,85162,87697,325.415,923632,3072,1,4.86271,2.52988,3072,5070,5130,1,6.71913,2.83408,3072,12573,12828
4,198,8039344,11409990,3078,193,659,0.434141,4.51965,3259,-1,ok,0,0,0,0,3258,1,1,7.40321,3078,22383,32882,1,12.2017,3078,52945,83780,444.523,1.02139e+06,3078,1,4.13448,2.38383,3078,4572,5307,1,5.5676,2.61305,3078,9775,12939
4,199,3159648,2262293,1368,86,606,0.352328,2.15357,1463,-1,ok,0,0,0,0,1462,1,1,3.03652,1382,10152,17329,1,6.48118,1382,28166,53276,26.9832,106266,1368,1,1.23849,0.655373,1382,2162,2686,1,2.44572,1.19058,1382,4995,7613
5,0,2010448,7813185,3537,111,552,0.365993,7.36838,3858,-1,ok,0,0,0,0,3857,1,1,24.2211,3551,73471,81876,1,58.4079,3537,171436,207686,206.582,580857,3537,1,6.9371,3.44269,3551,6329,6379,1,10.3023,4.29099,3551,15755,16003
5,1,12579166,9078023,1568,53,91,0.161071,3.50865,1747,-1,ok,0,0,0,0,1746,1,1,9.17564,1620,31604,33218,1,18.473,1620,75124,84678,50.3175,207650,1568,1,3.62035,1.9809,1620,2644,2667,1,3.31335,1.35608,1620,5849,6210
5,2,1333590,4439595,1414,45,322,0.222806,2.49695,1469,-1,ok,0,0,0,0,1468,1,1,1.76186,1414,1684,36160,1,4.48918,1414,12569,94299,130.469,288056,1414,1,2.53658,1.65043,1414,1414,2738,1,2.42167,1.46691,1414,1414,7698
5,3,3773467,3914009,3647,116,132,0.142536,5.65273,3986,-1,ok,0,0,0,0,3985,1,1,12.9016,3701,53458,78456,1,32.6977,3701,142639,220732,146.686,574921,3647,1,4.11631,2.11491,3701,5776,6612,1,6.53466,2.99419,3701,13052,16996
5,4,3313148,2503221,1216,37,111,0.108645,1.99086,1295,-1,ok,0,0,0,0,1294,1,1,4.50004,1270,21925,25881,1,10.7899,1270,52817,72051,24.5564,110721,1216,1,1.18406,0.649241,1270,2080,2237,1,2.12992,0.961883,1270,4968,5682
5,5,7140541,10774717,1925,62,126,0.140182,4.5405,2208,-1,ok,0,0,0,0,2207,1,1,8.69237,1925,30708,47815,1,17.5323,1925,75851,125255,105.517,372598,1925,1,3.20352,1.89143,1925,2905,3392,1,3.61375,1.72307,1925,6337,8365
5,6,8187875,9706060,1310,43,70,0.081683,2.57478,1507,-1,ok,0,0,0,0,1506,1,1,2.41274,1310,10054,32664,1,4.85619,1310,20214,83994,17.0242,68186,1310,1,1.33978,0.742908,1310,1547,2389,1,1.95893,1.12973,1310,2472,6171
5,7,9627843,9885990,3738,119,957,0.717069,7.03931,4281,-1,ok,0,0,0,0,4280,1,1,11.2451,3788,39894,81870,1,20.4659,3788,93267,228975,279.138,736103,3738,1,4.34072,2.51659,3788,5290,6871,1,6.24388,3.39507,3788,10047,18051
5,8,7658869,7341623,669,21,77,0.091892,1.99869,850,-1,ok,0,0,0,0,849,1,1,3.0564,669,13162,17966,1,6.32876,669,30901,43638,19.7144,89953,669,1,0.990521,0.607024,669,1112,1252,1,1.3379,0.668429,669,2761,3437
5,9,9079560,12955119,2601,82,161,0.142867,5.16054,2990,-1,ok,0,0,0,0,2989,1,1,2.38412,2601,2989,51455,1,1.43576,2601,3773,121594,10.7655,39421,2601,1,3.70561,2.15866,2601,2601,4446,1,3.63308,1.99392,2601,3107,10400
5,10,3021799,6079542,2013,64,82,0.121006,3.57402,2350,-1,ok,0,0,0,0,2349,1,1,8.31683,2067,29981,43341,1,16.5554,2067,77123,102710,103.979,366918,2013,1,2.83325,1.68328,2067,3125,3623,1,3.40852,1.5703,2067,7036,8803
5,11,3809714,13009546,3762,121,1066,0.617523,9.55966,4145,-1,ok,0,0,0,0,4144,1,1,9.95422,3762,29499,97742,1,19.3231,3762,77382,241099,84.033,349019,3762,1,8.34589,4.53243,3762,4645,6738,1,11.5842,6.30437,3762,8318,18027
5,12,8103489,7107447,2089,66,98,0.129372,3.91757,2284,-1,ok,0,0,0,0,2283,1,1,5.94967,2109,25550,39596,1,10.9021,2109,57296,98340,59.641,233890,2089,1,3.07015,1.91874,2109,3067,3550,1,3.34934,1.7814,2109,5760,8052
5,13,2332859,8426127,4263,145,744,0.6366,7.94449,5034,-1,ok,0,0,0,0,5033,1,1,17.3192,4551,56817,105498,1,33.2637,4551,123747,254137,564.531,1.68904e+06,4263,1,7.52852,3.88685,4551,6573,8305,1,11.8361,5.96524,4551,13159,21154
5,14,12044454,2416847,4675,145,157,0.3054,8.04131,4990,-1,ok,0,0,0,0,4989,1,1,19.7543,4689,62512,106106,1,24.3038,4675,82848,269244,271.338,835345,4675,1,10.5092,5.08494,4689,6868,8237,1,16.0791,7.94534,4689,14609,21042
5,15,7549516,3032970,3582,115,523,0.370732,5.94787,3995,-1,ok,0,0,0,0,3994,1,1,16.363,3602,53862,77242,1,41.1306,3602,147691,212683,559.616,1.81662e+06,3582,1,6.63586,3.32698,3602,5491,6394,1,9.12463,4.02453,3602,12761,16722
5,16,12927868,12892271,2462,79,315,0.235881,2.75065,2547,-1,ok,0,0,0,0,2546,1,1,11.2379,2462,53824,63670,1,29.1227,2462,142773,171670,67.0853,288014,2462,1,2.20005,1.0872,2462,4410,4733,1,5.42085,2.68718,2462,11886,13489
5,17,9833831,12288662,2580,82,464,0.293889,4.0483,2901,-1,ok,0,0,0,0,2900,1,1,1.81877,2580,3650,64463,1,1.88364,2580,6704,177497,1.48578,2590,2580,1,2.93823,1.69609,2580,2614,4866,1,4.02561,2.59967,2580,2624,13355
5,18,6814149,9852082,1202,38,63,0.108482,2.53884,1275,-1,ok,0,0,0,0,1274,1,1,1.57115,1202,1202,31124,1,0.98534,1202,1665,79074,4.42669,14274,1202,1,2.40968,1.48801,1202,1202,2303,1,2.37281,1.41284,1202,1262,5942
5,19,9528140,2664047,3318,104,457,0.326552,5.82352,3679,-1,ok,0,0,0,0,3678,1,1,19.4553,3372,66758,75434,1,41.0424,3372,150747,183011,200.103,619476,3318,1,7.79438,3.78384,3372,5792,6154,1,12.1491,5.80239,3372,12933,14750
5,20,6495471,7529905,2441,78,303,0.206656,3.12761,2794,-1,ok,0,0,0,0,2793,1,1,6.36899,2473,27403,56838,1,15.0587,2441,77092,145544,152.343,487683,2441,1,2.76852,1.58165,2473,3376,4345,1,3.90977,2.0712,2443,6869,10657
5,21,12325382,10067215,1607,51,155,0.153737,2.69644,1850,-1,ok,0,0,0,0,1849,1,1,1.66221,1607,2989,36364,1,2.36923,1607,9013,90162,3.27836,9051,1607,1,2.32236,1.41621,1607,1607,2861,1,2.32052,1.39549,1607,1803,7271
5,22,3585937,1775879,2463,79,156,0.15472,3.26215,2612,-1,ok,0,0,0,0,2611,1,1,6.12697,2517,26684,60359,1,12.4371,2517,59114,161812,1.23991,2463,2463,1,2.47617,1.34102,2517,3289,4535,1,4.03969,2.10612,2517,6618,12304
5,23,11721680,9491931,1321,43,88,0.10179,2.56769,1540,-1,ok,0,0,0,0,1539,1,1,2.19093,1321,4274,28062,1,2.56553,1321,9386,63377,7.28556,33344,1321,1,2.30604,1.35793,1321,1469,2145,1,1.81439,0.987505,1321,1941,4757
5,24,3621375,11317103,3740,118,530,0.437757,6.15094,4025,-1,ok,0,0,0,0,4024,1,1,17.6167,3754,54089,80055,1,42.5213,3740,137660,210075,495.527,1.19993e+06,3740,1,7.8599,4.14557,3754,5696,6352,1,11.5929,5.62825,3754,11690,15400
5,25,5575100,6646560,1919,62,358,0.232333,2.724,2100,-1,ok,0,0,0,0,2099,1,1,8.27152,1919,35305,43860,1,18.73,1919,81057,106061,87.1856,241544,1919,1,1.98996,1.01701,1919,3205,3305,1,3.21392,1.37479,1919,7128,8379
5,26,6158980,12807081,2860,90,604,0.36923,6.31212,3043,-1,ok,0,0,0,0,3042,1,1,5.27296,2860,8439,62384,1,5.43251,2860,15366,162003,39.8483,142266,2860,1,6.23406,3.48308,2860,2879,4968,1,7.15879,4.09041,2860,3711,12595
5,27,11764863,10921693,884,28,103,0.099225,1.36856,987,-1,ok,0,0,0,0,986,1,1,3.59083,908,15323,20726,1,7.87101,908,37709,64506,13.2437,61102,884,1,1.50084,1.03191,908,1468,1675,1,1.66997,0.778194,908,3684,4634
5,28,10694273,1537590,4589,145,1263,0.726096,6.9148,5044,-1,ok,0,0,0,0,5043,1,1,23.3033,4643,78377,106557,1,47.9129,4643,184057,269763,425.669,1.1922e+06,4589,1,9.89403,4.83652,4643,7392,8485,1,15.6131,7.85923,4643,16289,21100
5,29,12581368,7643768,4098,128,963,0.646658,5.5441,4293,-1,ok,0,0,0,0,4292,1,1,19.5889,4098,77011,96999,1,52.9264,4098,212664,259826,723.912,1.91099e+06,4098,1,5.74742,3.03841,4098,6603,7295,1,9.48325,4.43553,4098,16117,19132
5,30,13030402,12409999,2438,78,233,0.202699,3.03698,2595,-1,ok,0,0,0,0,2594,1,1,12.315,2438,38393,55100,1,21.0832,2438,92736,157302,28.3787,121103,2438,1,1.90332,0.870366,2440,4039,4525,1,4.59741,2.13628,2440,9867,12368
5,31,12223295,6275531,3837,121,1319,0.819261,5.95636,4216,-1,ok,0,0,0,0,4215,1,1,22.6808,3923,86498,86823,1,55.4064,3845,215711,227623,597.039,1.64996e+06,3837,1,7.89556,3.90441,3923,6712,6735,1,11.8872,5.42038,3847,16108,16464
5,32,5623637,12139279,3038,95,153,0.287496,5.77222,3397,-1,ok,0,0,0,0,3396,1,1,9.51531,3038,29539,63427,1,18.4516,3038,74337,159856,267.495,882190,3038,1,6.08593,3.47186,3038,3824,5150,1,7.94989,3.94209,3038,7640,12207
5,33,8035053,1444783,3156,100,825,0.523227,5.13066,3487,-1,ok,0,0,0,0,3486,1,1,16.2133,3162,46645,81867,1,38.282,3156,114854,220865,381.738,1.0506e+06,3156,1,6.44913,3.45662,3162,4587,5869,1,8.45809,4.37425,3162,9346,15565
5,34,2880048,10213702,3461,109,226,0.223027,5.59559,3846,-1,ok,0,0,0,0,3845,1,1,21.4918,3515,71322,78215,1,44.5279,3515,164717,195048,251.123,806170,3461,1,7.0891,3.77691,3515,5908,5934,1,10.9974,4.91157,3515,14760,14860
5,35,1385201,11261247,4005,127,593,0.423471,8.82389,4416,-1,ok,0,0,0,0,4415,1,1,13.929,4059,43673,94386,1,29.2801,4059,107322,231882,334.601,891402,4005,1,9.71382,5.03205,4059,5549,7115,1,14.4915,7.42804,4059,11120,18338
5,36,6948283,3518629,1448,47,188,0.184103,2.79268,1671,-1,ok,0,0,0,0,1670,1,1,10.9172,1448,29403,37917,1,21.3973,1448,67672,93853,91.4513,242475,1448,1,3.04348,1.73155,1448,2417,2643,1,3.05471,1.44732,1448,5356,6929
5,37,13034387,859878,5685,179,1889,0.998044,9.52764,6198,-1,ok,0,0,0,0,6197,1,1,28.2227,5685,91174,135477,1,62.5849,5685,229983,339212,1052.96,2.44682e+06,5685,1,13.2461,6.44836,5685,8928,10569,1,23.1739,11.0681,5685,20105,27286
5,38,1686729,1918309,506,17,26,0.034606,0.883519,533,-1,ok,0,0,0,0,532,1,1,0.22457,506,506,15399,1,0.166682,506,506,42420,0.180608,506,506,1,0.406177,0.238445,506,506,1016,1,0.850619,0.637712,506,506,3052
5,39,2222597,11499473,5854,187,2387,1.54042,8.2297,6303,-1,ok,0,0,0,0,6302,1,1,31.1939,5894,99637,134211,1,71.0988,5880,242713,341214,1573.98,3.54492e+06,5854,1,12.055,5.64409,5894,9340,10386,1,20.445,9.92057,5894,21258,26440
5,40,5141411,11134502,4288,136,1186,0.734021,7.75852,4841,-1,ok,0,0,0,0,4840,1,1,22.7505,4298,68320,94548,1,50.4294,4298,163397,249787,915.99,2.29801e+06,4288,1,8.3113,4.0548,4298,6735,7715,1,12.0526,5.60687,4298,15357,20444
5,41,12465838,7448178,2144,67,321,0.298317,4.11857,2283,-1,ok,0,0,0,0,2282,1,1,8.87974,2144,27188,53690,1,19.949,2144,71756,139387,211.307,527518,2144,1,4.28206,2.68918,2144,2985,3964,1,5.23547,2.75647,2144,6259,10565
5,42,10661203,8840327,3818,121,1006,0.606362,5.72676,4177,-1,ok,0,0,0,0,4176,1,1,12.0913,3818,46866,87975,1,26.9069,3818,114906,226090,709.885,1.87552e+06,3818,1,6.80166,3.77582,3818,5174,6611,1,8.28281,4.40581,3818,10193,16685
5,43,9236823,3376857,2492,80,389,0.292778,3.98012,2761,-1,ok,0,0,0,0,2760,1,1,18.684,2492,54097,60633,1,40.8651,2492,127057,147164,155.475,426303,2492,1,5.69508,2.88284,2492,4440,4596,1,6.7453,2.77106,2492,10768,11991
5,44,6505621,5115520,816,27,154,0.152776,1.52807,943,-1,ok,0,0,0,0,942,1,1,1.06511,816,2896,18749,1,2.47433,816,8571,49453,4.14625,18883,816,1,1.01915,0.649724,816,928,1399,1,1.12739,0.694938,816,938,3887
5,45,7224318,3455553,1884,61,321,0.198149,2.85005,2037,-1,ok,0,0,0,0,2036,1,1,11.09,1884,31684,51145,1,20.0114,1884,71866,129506,119.868,351645,1884,1,3.32676,2.02811,1884,2960,3501,1,5.16597,2.42369,1884,6847,9999
5,46,3577892,1190856,1756,56,526,0.394727,2.97017,1965,-1,ok,0,0,0,0,1964,1,1,2.74282,1810,7935,38860,1,3.68685,1810,15868,102085,2.17691,5947,1756,1,2.51162,1.58582,1810,1991,3155,1,2.60253,1.43933,1810,2970,8142
5,47,3204941,3810580,2880,91,330,0.216153,3.53376,3173,-1,ok,0,0,0,0,3172,1,1,10.138,2934,48565,58758,1,24.3425,2934,118152,164566,150.292,532935,2880,1,3.35419,1.83016,2934,5170,5353,1,5.80826,2.75517,2934,12766,13559
5,48,4180108,8576223,2054,66,66,0.119082,4.11769,2227,-1,ok,0,0,0,0,2226,1,1,4.57019,2054,12063,55117,1,4.60051,2054,21364,134982,20.8365,75250,2054,1,3.82744,2.28002,2054,2403,3821,1,4.03465,2.38234,2054,3763,10128
5,49,12353729,2809446,3785,120,653,0.550136,6.07405,4156,-1,ok,0,0,0,0,4155,1,1,24.6717,3847,80947,89021,1,54.9045,3847,188815,220922,394.676,1.08715e+06,3785,1,10.4117,5.18163,3847,6687,7003,1,14.2496,6.88903,3847,15659,17246
5,50,8395975,2625599,2116,68,139,0.199092,3.80676,2475,-1,ok,0,0,0,0,2474,1,1,15.5665,2136,38048,49384,1,35.5948,2136,88133,145207,11.2754,38786,2116,1,5.20724,3.10111,2136,3581,3896,1,5.98648,2.53813,2136,8689,10087
5,51,5493528,7925047,1515,48,192,0.14505,2.4378,1672,-1,ok,0,0,0,0,1671,1,1,1.26488,1515,1848,31957,1,1.50756,1515,4168,81621,4.55622,14291,1515,1,2.15002,1.32432,1515,1515,2608,1,2.17506,1.30416,1515,1515,6014
5,52,9212910,11487380,2518,81,396,0.219289,3.59393,2779,-1,ok,0,0,0,0,2778,1,1,13.1518,2518,45899,49438,1,28.1623,2518,120305,131046,313.959,942143,2518,1,4.02462,2.21296,2518,4177,4300,1,4.64769,2.1424,2518,9540,10155
5,53,12285366,6402468,2738,86,103,0.136805,4.65595,2999,-1,ok,0,0,0,0,2998,1,1,9.04298,2738,29028,55922,1,20.8086,2738,76763,148581,198.385,526630,2738,1,5.43403,3.2305,2738,3769,4708,1,5.54186,2.80149,2738,7253,11523
5,54,6487042,3141638,3876,124,375,0.296394,4.71438,4245,-1,ok,0,0,0,0,4244,1,1,21.0334,3950,77072,80742,1,52.9079,3950,207162,230606,426.238,1.45507e+06,3876,1,6.61715,3.05461,3950,6970,7080,1,10.2825,4.43447,3950,17855,18387
5,55,8016532,6159621,865,28,125,0.139991,2.23843,958,-1,ok,0,0,0,0,957,1,1,1.58609,881,3488,23146,1,3.19562,881,12451,64067,6.83797,27820,865,1,1.73262,1.04294,881,1014,1659,1,1.64123,1.00335,881,1548,4636
5,56,5515103,10522115,2043,65,464,0.25648,5.61146,2288,-1,ok,0,0,0,0,2287,1,1,14.3871,2061,45283,47419,1,29.3366,2043,112555,122838,222.693,571096,2043,1,4.69609,2.59678,2061,3646,3693,1,5.96266,2.64383,2061,9365,9596
5,57,2476815,12608832,4271,135,521,0.38609,8.69571,4748,-1,ok,0,0,0,0,4747,1,1,30.732,4295,93438,100475,1,85.7791,4295,258736,278459,636.744,1.57225e+06,4271,1,11.0809,5.46505,4295,7887,7934,1,18.7716,8.32578,4295,20822,20992
5,58,12456431,7340845,2238,70,297,0.255788,4.67791,2375,-1,ok,0,0,0,0,2374,1,1,15.3657,2238,47309,52278,1,34.4449,2238,120581,135349,116.368,379863,2238,1,5.40259,2.92587,2238,3759,3906,1,6.1538,2.43841,2238,9170,9865
5,59,922742,2055692,666,23,95,0.113182,1.64844,783,-1,ok,0,0,0,0,782,1,1,1.03021,666,2146,16334,1,0.34804,666,666,41788,0.575155,666,666,1,0.99114,0.649893,666,666,1328,1,1.07899,0.662297,666,978,3511
5,60,11194911,9705957,3585,113,340,0.228697,4.69396,4096,-1,ok,0,0,0,0,4095,1,1,11.4917,3589,52300,77516,1,28.9763,3589,142193,214081,363.326,1.39977e+06,3585,1,3.6716,1.94671,3589,5654,6345,1,5.86286,2.91402,3589,12662,16612
5,61,6036526,5702403,1491,48,161,0.134721,1.75727,1682,-1,ok,0,0,0,0,1681,1,1,4.27138,1491,14750,44397,1,7.6461,1491,35219,124973,13.5292,62773,1491,1,0.935838,0.442847,1491,2188,2872,1,2.198,1.16203,1491,4248,8222
5,62,11101203,2544770,3426,108,474,0.360354,5.60659,3767,-1,ok,0,0,0,0,3766,1,1,22.8122,3480,71335,78578,1,46.326,3480,163120,193247,282.426,784499,3426,1,8.80491,4.31792,3480,6033,6347,1,11.9874,5.47661,3480,13901,15419
5,63,5493528,5459277,708,24,51,0.070982,0.943944,799,-1,ok,0,0,0,0,798,1,1,3.44803,750,17500,22267,1,0.167012,708,708,54721,0.168304,708,708,1,0.49235,0.239508,750,1379,1494,1,1.12628,0.818389,708,708,4264
5,64,2388947,10947782,3371,106,489,0.349834,5.91934,3644,-1,ok,0,0,0,0,3643,1,1,9.60346,3371,25448,83940,1,17.1563,3371,64708,214016,199.212,614141,3371,1,7.59986,4.14366,3371,4272,6086,1,10.1742,5.40756,3371,7901,16075
5,65,7831705,6396759,719,24,80,0.109274,1.40806,836,-1,ok,0,0,0,0,835,1,1,0.871158,723,2340,21898,1,3.13005,723,10015,61688,0.483092,830,719,1,0.922074,0.602856,723,954,1396,1,1.42558,0.815022,729,1937,4014
5,66,842069,12916554,4284,136,1183,0.640287,8.32179,4577,-1,ok,0,0,0,0,4576,1,1,36.5421,4284,104458,107380,1,82.6217,4284,252482,265500,403.154,1.10706e+06,4284,1,12.6035,5.79697,4284,7671,7736,1,20.5434,9.24201,4284,20211,20458
5,67,4850422,11280298,4704,148,675,0.488403,6.67984,5111,-1,ok,0,0,0,0,5110,1,1,25.4957,4718,93223,107468,1,63.4634,4704,227374,282587,736.956,2.05978e+06,4704,1,7.79186,3.73468,4750,8284,8362,1,12.7201,5.83211,4718,18329,20960
5,68,11488163,10653983,1116,36,101,0.127678,1.79493,1271,-1,ok,0,0,0,0,1270,1,1,0.554768,1116,1218,26601,1,0.407883,1116,1390,71788,2.94873,13862,1116,1,0.994136,0.545488,1116,1116,2091,1,1.52929,0.938193,1116,1520,5046
5,69,7579596,8228212,230,7,8,0.018104,0.575455,275,-1,ok,0,0,0,0,274,1,1,0.307675,230,230,6607,1,0.077264,230,230,18424,0.214882,230,230,1,0.501717,0.326629,230,230,443,1,0.403835,0.275845,230,230,1227
5,70,12001610,2787829,4759,152,1131,0.601093,6.47947,5494,-1,ok,0,0,0,0,5493,1,1,33.7616,4759,100779,112281,1,86.7433,4759,257569,292882,802.493,1.99921e+06,4759,1,10.941,4.81169,4759,8443,8753,1,18.919,7.82914,4759,21309,23302
5,71,5742610,2055291,1316,42,48,0.146665,2.37867,1465,-1,ok,0,0,0,0,1464,1,1,3.07818,1316,5612,34811,1,3.03561,1316,10694,90381,11.7267,47787,1316,1,2.81351,1.80358,1316,1316,2525,1,2.70126,1.64593,1316,1421,7089
5,72,11880582,8295471,3634,116,319,0.254356,4.70025,4117,-1,ok,0,0,0,0,4116,1,1,18.9237,3634,78786,87316,1,47.4303,3634,205548,232658,289.588,955187,3634,1,4.90821,2.56237,3634,6367,6583,1,8.3599,3.80758,3634,16344,17369
5,73,10473387,2457266,4575,144,421,0.382014,7.13993,4890,-1,ok,0,0,0,0,4889,1,1,29.0611,4575,97457,113710,1,66.0501,4575,239680,284152,1071.86,2.73263e+06,4575,1,10.839,5.16382,4575,7756,8174,1,16.9311,8.01836,4575,18843,21094
5,74,5956582,6913395,1978,65,66,0.118359,2.88694,2301,-1,ok,0,0,0,0,2300,1,1,4.28918,2006,20055,38891,1,7.84383,2006,42361,95453,58.6571,235499,1978,1,2.17215,1.25136,2006,2805,3456,1,2.84174,1.51883,2006,5335,8178
5,75,6219946,5564489,847,28,96,0.079498,1.1762,932,-1,ok,0,0,0,0,931,1,1,0.39108,847,912,23964,1,0.273321,847,858,63051,1.519,5398,847,1,0.55708,0.281255,847,847,1627,1,1.08338,0.693064,847,989,4460
5,76,2081440,12382609,4688,147,884,0.511725,7.41645,5043,-1,ok,0,0,0,0,5042,1,1,35.1447,4688,87240,106795,1,79.0011,4688,220137,285849,1132.86,2.38355e+06,4688,1,11.4843,5.5215,4688,7661,8335,1,18.5006,8.60098,4688,18089,21316
5,77,1691073,3744093,1693,53,66,0.141454,2.33728,1800,-1,ok,0,0,0,0,1799,1,1,7.2405,1723,31299,38851,1,16.289,1723,76077,117952,70.4786,261092,1693,1,2.19645,1.31903,1723,3114,3236,1,3.57636,1.62541,1723,7707,8479
5,78,8817198,3986522,2108,67,275,0.269544,3.75336,2315,-1,ok,0,0,0,0,2314,1,1,3.00576,2108,2819,57567,1,1.15107,2108,2108,150584,2.2426,2126,2108,1,3.94795,2.4375,2108,2108,4049,1,5.04275,3.11942,2108,2160,11632
5,79,7948753,9167683,453,15,40,0.045656,1.25369,532,-1,ok,0,0,0,0,531,1,1,0.511506,453,599,14208,1,0.22989,453,453,40725,0.482782,1008,453,1,0.945186,0.545178,453,453,898,1,0.859254,0.558402,453,453,2676
5,80,5933167,1809128,2017,64,126,0.137197,3.34278,2350,-1,ok,0,0,0,0,2349,1,1,3.97397,2017,8594,53028,1,4.65624,2017,17566,128422,7.89736,28899,2017,1,3.79919,2.31083,2017,2077,3827,1,4.24412,2.58709,2017,2471,10414
5,81,6966816,6407311,457,16,16,0.025949,0.912506,604,-1,ok,0,0,0,0,603,1,1,0.368659,463,487,10252,1,0.170448,457,460,24464,0.282356,460,457,1,0.607415,0.369751,463,473,787,1,0.599159,0.356917,457,494,1824
5,82,2476107,12023992,4640,148,563,0.36387,7.8164,5139,-1,ok,0,0,0,0,5138,1,1,26.513,4656,74389,107321,1,63.9245,4656,192322,292560,548.669,1.39914e+06,4640,1,11.8411,5.84653,4656,7463,8357,1,19.3224,9.11863,4656,17886,21302
5,83,4767722,2408797,4057,129,165,0.231072,5.9681,4408,-1,ok,0,0,0,0,4407,1,1,17.7329,4111,78639,91343,1,45.9912,4111,204303,242245,308.473,1.10799e+06,4057,1,5.66946,2.7725,4111,7019,7422,1,9.2788,4.35443,4111,16796,18993
5,84,3731350,7191902,4549,146,716,0.507246,5.16259,4942,-1,ok,0,0,0,0,4941,1,1,15.3837,4577,59822,97066,1,32.3168,4577,137237,253582,291.711,1.07623e+06,4549,1,5.38597,2.82903,4577,6542,8301,1,8.43549,4.37533,4577,13053,21292
5,85,7691974,1423542,4300,149,1558,0.991042,6.47636,5155,-1,ok,0,0,0,0,5154,1,1,25.1338,4634,83487,109808,1,51.7074,4634,195982,274440,425.246,1.23304e+06,4300,1,8.15239,3.97831,4634,7487,8381,1,12.6613,6.00804,4634,16395,21135
5,86,12485877,3126737,5189,163,957,0.756555,7.38373,5748,-1,ok,0,0,0,0,5747,1,1,30.2859,5203,102711,128141,1,77.7275,5189,269619,329872,1369.71,3.38136e+06,5189,1,11.0311,5.17498,5203,8767,9733,1,20.0176,9.2315,5203,21456,25321
5,87,6909604,7200447,137,6,8,0.024211,0.620785,236,-1,ok,0,0,0,0,235,1,1,0.21102,137,137,5342,1,0.061349,137,137,13804,0.085369,137,137,1,0.232104,0.169887,137,137,276,1,0.266503,0.200284,137,137,832
5,88,3904717,10577072,2759,88,198,0.182702,5.39614,3074,-1,ok,0,0,0,0,3073,1,1,19.048,2759,56183,71513,1,49.2756,2759,140053,185385,290.985,886951,2759,1,7.0167,3.29404,2759,4592,5040,1,9.22777,4.4288,2765,11359,13321
5,89,8340124,3901242,2357,76,525,0.34307,4.42535,2728,-1,ok,0,0,0,0,2727,1,1,4.35798,2379,9954,56335,1,5.04505,2379,17003,145805,1.42538,2357,2357,1,4.5704,2.63918,2379,2659,4040,1,7.12763,3.07076,2385,7095,10823
5,90,4075443,11878759,2915,93,97,0.20312,5.76925,3178,-1,ok,0,0,0,0,3177,1,1,15.5049,2931,32719,66443,1,32.7944,2931,81791,185744,235.376,675222,2915,1,7.55696,3.85657,2931,4281,5248,1,11.717,5.51275,2931,9216,13205
5,91,9913504,3945960,2821,90,138,0.175258,4.46731,3120,-1,ok,0,0,0,0,3119,1,1,5.77073,2821,11359,66372,1,7.93373,2821,25960,174493,15.4034,53787,2821,1,6.7245,3.43683,2821,3135,4907,1,9.87763,4.73986,2827,9199,12759
5,92,7849946,5842851,2633,83,502,0.446814,3.70307,3010,-1,ok,0,0,0,0,3009,1,1,10.1211,2653,33140,51141,1,17.6899,2639,73294,139989,38.3245,167520,2633,1,3.23623,1.79036,2653,4006,4646,1,5.08336,2.71185,2653,7644,10636
5,93,2178665,5515989,2531,81,487,0.416788,3.87976,2742,-1,ok,0,0,0,0,2741,1,1,16.2661,2553,45194,56515,1,36.3907,2531,113515,154828,287.914,881538,2531,1,4.71211,2.84043,2553,4188,4724,1,7.51363,3.02122,2531,12105,12259
5,94,10144368,3695934,2736,87,576,0.546351,4.59209,2945,-1,ok,0,0,0,0,2944,1,1,4.48847,2736,4916,72085,1,6.01629,2736,14449,187156,8.06675,23955,2736,1,6.31845,3.62657,2736,2744,5069,1,10.637,4.95443,2742,10402,13432
5,95,6149849,6790259,1164,37,59,0.119142,1.68645,1285,-1,ok,0,0,0,0,1284,1,1,1.7219,1164,6702,27507,1,2.52384,1164,12752,74242,9.07735,40412,1164,1,1.31182,0.793012,1164,1374,2102,1,1.66987,1.01446,1164,2122,5338
5,96,12359415,9961757,1197,39,104,0.119423,2.3065,1340,-1,ok,0,0,0,0,1339,1,1,1.44342,1197,1230,26440,1,1.13092,1197,2904,66661,1.56075,2912,1197,1,2.15066,1.28684,1197,1197,2056,1,1.88634,1.08858,1197,1313,4955
5,97,12611329,8437561,4181,133,1141,0.792089,5.10548,4492,-1,ok,0,0,0,0,4491,1,1,21.8753,4181,86576,104976,1,59.1602,4181,231409,279760,662.572,1.88045e+06,4181,1,5.6829,2.85784,4181,7067,7599,1,10.3533,5.00498,4181,17891,20240
5,98,1865682,9892253,3390,106,363,0.334775,6.07309,3673,-1,ok,0,0,0,0,3672,1,1,30.7126,3390,72011,85254,1,56.5592,3390,162896,226642,315.254,849145,3390,1,7.74956,4.05591,3390,5997,6291,1,13.8875,6.37589,3390,15769,16503
5,99,6903382,7042632,3042,97,479,0.430504,3.53827,3271,-1,ok,0,0,0,0,3270,1,1,4.62215,3042,20991,65269,1,8.22176,3042,43397,179288,63.1352,243725,3042,1,2.77212,1.60468,3042,3666,5533,1,4.25116,2.57034,3042,5679,14622
5,100,6037001,13035985,3913,124,954,0.566579,5.8104,4222,-1,ok,0,0,0,0,4221,1,1,25.8772,3913,86271,88353,1,69.9543,3913,221256,229427,611.469,1.44693e+06,3913,1,8.14678,3.94553,3913,6659,6825,1,13.5675,6.4105,3913,16694,17368
5,101,11432291,5361289,3782,121,713,0.49757,6.18275,4269,-1,ok,0,0,0,0,4268,1,1,7.82832,3782,21981,83705,1,13.1042,3782,50615,219213,35.5258,141371,3782,1,7.70168,4.15769,3782,4357,6693,1,10.3641,5.68087,3782,6692,17242
5,102,2095814,12208510,5712,181,643,0.576907,8.52926,6271,-1,ok,0,0,0,0,6270,1,1,42.5275,5726,123100,131629,1,108.955,5712,307042,335584,908.288,2.30774e+06,5712,1,13.5797,6.0551,5726,9786,10034,1,23.4426,10.1576,5726,24687,25926
5,103,3721245,10043794,1835,58,383,0.323615,4.01237,1958,-1,ok,0,0,0,0,1957,1,1,9.53726,1851,21665,49204,1,17.2494,1851,48853,144221,12.0322,26732,1835,1,5.12302,3.09355,1851,2894,3643,1,7.77146,3.94864,1851,6162,10210
5,104,1875949,12219863,5866,185,214,0.364111,8.73773,6297,-1,ok,0,0,0,0,6296,1,1,38.0604,5880,109446,134517,1,99.8494,5866,262173,346471,880.514,2.27646e+06,5866,1,13.0808,5.96216,5880,9482,10304,1,23.3098,10.3101,5880,22541,26790
5,105,5433877,7370783,2174,69,173,0.192609,2.85284,2411,-1,ok,0,0,0,0,2410,1,1,1.7771,2174,3863,47237,1,1.50686,2174,4860,133483,0.933271,2174,2174,1,2.29225,1.31248,2174,2175,4077,1,3.00184,1.91482,2174,2174,11621
5,106,6966746,1889450,2024,70,389,0.266428,4.12533,2439,-1,ok,0,0,0,0,2438,1,1,11.5682,2154,28525,50601,1,19.4943,2154,63473,123050,101.066,273751,2024,1,4.93765,2.84207,2154,3326,4032,1,5.43361,2.92685,2154,6282,9969
5,107,12074479,9935930,3204,102,291,0.236041,3.38813,3419,-1,ok,0,0,0,0,3418,1,1,18.2162,3204,76758,80066,1,52.9364,3204,216216,224828,362.629,1.10555e+06,3204,1,3.83362,1.77706,3204,5788,5875,1,7.10937,3.16973,3204,15291,15689
5,108,8171471,10094437,1272,40,41,0.074389,2.16989,1413,-1,ok,0,0,0,0,1412,1,1,2.55075,1272,8492,28047,1,3.1228,1272,14990,66610,4.05185,18368,1272,1,2.03933,1.26271,1274,1683,2358,1,2.39603,1.22441,1272,3274,6092
5,109,1583977,12290737,4150,131,176,0.242142,7.23082,4551,-1,ok,0,0,0,0,4550,1,1,30.075,4150,80846,107859,1,69.1218,4150,198356,281901,475.096,1.05151e+06,4150,1,11.57,5.54187,4150,7017,7902,1,20.3152,9.92975,4160,16939,21499
5,110,8541711,3431022,2128,69,577,0.411138,4.45362,2535,-1,ok,0,0,0,0,2534,1,1,14.0627,2166,45098,55979,1,28.3633,2166,99642,137408,173.122,449522,2128,1,5.01205,2.7749,2166,3819,3853,1,6.5492,3.20873,2188,9703,9897
5,111,945097,9503748,3693,123,1258,0.695489,8.90213,4146,-1,ok,0,0,0,0,4145,1,1,26.4369,3831,83094,86496,1,65.6575,3825,215378,223868,342.67,984494,3693,1,9.46927,4.88157,3837,7013,7076,1,15.3424,7.26,3831,17763,18009
5,112,3658695,5318513,1491,48,155,0.153076,2.20621,1642,-1,ok,0,0,0,0,1641,1,1,5.36231,1513,16444,31769,1,16.38,1491,59899,96125,41.5028,151380,1491,1,2.25618,1.32417,1513,1963,2652,1,3.53315,1.77196,1491,6549,7209
5,113,2754585,3947626,401,14,48,0.045184,1.50853,456,-1,ok,0,0,0,0,455,1,1,0.569073,401,401,14144,1,0.282429,401,401,40580,0.429683,401,401,1,0.885894,0.633132,401,401,808,1,0.870726,0.609237,401,401,2428
5,114,10502174,11667585,3041,97,298,0.227435,3.83161,3464,-1,ok,0,0,0,0,3463,1,1,9.41119,3041,39330,63694,1,20.4346,3041,87389,171913,55.5176,229544,3041,1,3.25523,1.68759,3041,4374,5290,1,4.98133,2.48003,3041,9201,13485
5,115,10268480,11331403,3940,124,124,0.156862,6.08147,4429,-1,ok,0,0,0,0,4428,1,1,16.0835,3940,61506,78712,1,40.2573,3940,169047,196760,1039,2.25105e+06,3940,1,5.71699,3.23712,3940,6169,6961,1,8.96363,4.29637,3940,14392,17539
5,116,7825845,1762847,4321,136,1227,0.822777,5.51609,4576,-1,ok,0,0,0,0,4575,1,1,22.4765,4359,62626,113280,1,48.9446,4351,148070,319596,174.483,584214,4321,1,7.02177,3.47375,4359,6606,8254,1,12.5084,5.92592,4351,14778,23042
5,117,3362086,11653233,3339,105,118,0.20945,6.45691,3612,-1,ok,0,0,0,0,3611,1,1,23.3207,3339,61243,81171,1,47.5054,3339,140142,204525,378.387,835072,3339,1,8.39155,4.28964,3339,5450,6206,1,14.6487,6.97804,3349,13259,16853
5,118,10389453,7350623,1413,45,149,0.204984,2.5737,1572,-1,ok,0,0,0,0,1571,1,1,5.39472,1413,19665,33991,1,10.6434,1413,47068,90694,41.6744,154150,1413,1,2.59402,1.64014,1413,2088,2398,1,2.87293,1.4003,1413,4666,6662
5,119,4506435,6736068,887,29,71,0.083215,2.47912,1088,-1,ok,0,0,0,0,1087,1,1,1.32122,887,1476,21754,1,0.929286,887,2123,55485,2.18779,6190,887,1,1.81713,1.20664,887,887,1701,1,1.65785,1.03314,887,1061,4337
5,120,5929329,12497247,3028,94,238,0.286616,5.42213,3219,-1,ok,0,0,0,0,3218,1,1,18.3264,3028,60316,62980,1,39.0173,3028,144132,156794,357.339,1.15168e+06,3028,1,7.16449,3.58151,3028,5033,5137,1,9.6745,4.50492,3028,11813,12256
5,121,12410185,7574644,2088,66,335,0.306791,3.45217,2153,-1,ok,0,0,0,0,2152,1,1,16.2778,2088,51074,52778,1,40.0124,2088,122027,134122,210.647,589758,2088,1,5.0793,2.82724,2088,3790,3845,1,6.27783,2.72421,2088,9988,10207
5,122,12229428,5440651,2956,93,240,0.23555,5.56008,3221,-1,ok,0,0,0,0,3220,1,1,10.3455,2956,28255,62375,1,22.7917,2956,74970,167409,202.333,518526,2956,1,7.36027,3.93723,2956,3956,5144,1,8.80693,4.64329,2956,7367,12769
5,123,1780250,9157158,3337,106,996,0.615029,5.66991,3674,-1,ok,0,0,0,0,3673,1,1,14.4771,3373,43894,82600,1,37.2039,3367,119423,225372,251.273,700833,3337,1,7.27395,3.9156,3373,5149,6158,1,11.7574,5.59845,3373,12151,16049
5,124,11302776,5692962,4744,149,1879,1.02477,5.81718,5053,-1,ok,0,0,0,0,5052,1,1,26.3023,4758,100532,107461,1,70.1023,4744,267012,288467,380.766,1.2234e+06,4744,1,8.1344,3.77743,4774,8089,8384,1,14.8968,7.01717,4758,20270,21749
5,125,1768886,1792417,1169,39,58,0.096681,1.44604,1266,-1,ok,0,0,0,0,1265,1,1,0.241321,1169,1169,39605,1,0.328814,1169,1169,118501,0.291775,1169,1169,1,0.506466,0.26217,1169,1169,2340,1,1.44253,1.08472,1169,1169,7024
5,126,9050045,1934388,5350,172,1494,0.761082,8.51922,6007,-1,ok,0,0,0,0,6006,1,1,29.1444,5402,87956,112256,1,52.976,5378,201504,273621,557.178,1.32145e+06,5350,1,10.6716,4.97939,5402,8569,9434,1,17.5869,8.71149,5394,18101,22700
5,127,1820605,6200831,1903,60,298,0.274393,3.73463,2126,-1,ok,0,0,0,0,2125,1,1,8.83094,1903,24568,47711,1,20.1561,1903,63907,124625,127.488,320298,1903,1,3.69716,2.2682,1903,2796,3476,1,4.70937,2.49878,1903,6143,9225
5,128,10430467,2988856,2977,93,462,0.359058,4.85123,3270,-1,ok,0,0,0,0,3269,1,1,15.2855,2977,46765,71634,1,34.6231,2977,120417,180170,211.617,601563,2977,1,7.32515,3.84605,2977,4644,5611,1,10.5889,5.21889,2977,10110,13961
5,129,2439228,6156068,1623,53,185,0.185086,3.04976,1942,-1,ok,0,0,0,0,1941,1,1,8.25525,1623,25642,48864,1,17.2507,1623,59373,124916,78.8491,215848,1623,1,3.08972,1.95001,1623,2442,3094,1,3.70511,1.98065,1623,5412,8578
5,130,1319267,7253584,2673,86,923,0.527927,4.80099,3122,-1,ok,0,0,0,0,3121,1,1,15.2069,2701,51601,64333,1,34.1946,2701,124841,158905,316.586,835410,2673,1,6.00598,3.25026,2701,4799,5058,1,8.22058,3.70133,2701,11881,13057
5,131,7196925,2454290,2503,80,372,0.258985,4.10006,2848,-1,ok,0,0,0,0,2847,1,1,17.017,2503,53320,58200,1,37.2311,2503,131478,148196,306.978,844661,2503,1,6.07373,3.35688,2503,4214,4379,1,6.96454,3.05862,2503,10707,11336
5,132,13030402,3456903,3403,108,120,0.200594,5.82231,3670,-1,ok,0,0,0,0,3669,1,1,16.0496,3419,44270,78887,1,37.2984,3419,118805,220138,164.221,421598,3403,1,9.05943,4.76574,3419,5605,6193,1,13.1962,6.32778,3419,12377,15770
5,133,4224358,1052088,1611,54,108,0.14409,3.15891,1930,-1,ok,0,0,0,0,1929,1,1,4.79524,1631,15750,36311,1,10.7234,1631,45531,105241,49.6509,192084,1611,1,2.85377,1.79264,1631,2374,2902,1,2.9874,1.52449,1631,4668,7401
5,134,12080206,7454087,2122,66,119,0.161873,3.6715,2369,-1,ok,0,0,0,0,2368,1,1,11.6604,2122,35820,41043,1,25.8114,2122,90222,106710,153.446,455871,2122,1,4.24403,2.29136,2122,3381,3542,1,4.98333,2.03907,2122,7485,8266
5,135,2068522,1574689,1869,59,181,0.180346,1.85828,1972,-1,ok,0,0,0,0,1971,1,1,1.10887,1869,3827,56665,1,0.510675,1869,1869,162664,4.00106,18429,1869,1,1.21277,0.672738,1869,1869,3696,1,3.11039,2.13548,1869,2041,10855
5,136,10842340,7134907,3574,124,863,0.545628,5.47767,4243,-1,ok,0,0,0,0,4242,1,1,20.8967,3936,73191,79385,1,46.0591,3936,182450,198527,237.011,779570,3574,1,7.16392,3.42529,3936,6611,6659,1,10.3608,4.80151,3936,15336,15554
5,137,2045569,12750493,5410,172,909,0.627692,7.89535,5905,-1,ok,0,0,0,0,5904,1,1,36.3694,5448,113753,129237,1,102.312,5448,323379,362881,925.824,2.3517e+06,5410,1,12.0624,5.66243,5448,9901,10242,1,21.8337,10.0399,5448,25410,27032
5,138,1691283,1726949,1624,52,52,0.153827,1.52431,1677,-1,ok,0,0,0,0,1676,1,1,0.387855,1624,1624,53248,1,0.464967,1624,1624,160724,0.402552,1624,1624,1,0.627711,0.275914,1624,1624,3252,1,2.27043,1.74856,1624,1624,9760
5,139,2267658,6664151,2812,90,800,0.467554,4.84278,3167,-1,ok,0,0,0,0,3166,1,1,20.9095,2826,65320,67689,1,48.8742,2812,154056,166514,266.836,760437,2812,1,5.50129,2.78765,2826,5155,5216,1,8.30905,3.37676,2826,13255,13499
5,140,5981077,11521702,3639,115,575,0.389207,6.34006,4102,-1,ok,0,0,0,0,4101,1,1,20.4589,3639,66170,76265,1,44.9456,3639,161645,197677,668.853,1.60599e+06,3639,1,7.00829,3.47095,3639,6135,6368,1,10.1571,4.63321,3639,14902,15893
5,141,6905897,5956763,2217,72,214,0.162344,2.82788,2510,-1,ok,0,0,0,0,2509,1,1,8.59999,2245,39179,45906,1,20.2095,2245,94312,114063,133.227,453616,2217,1,2.60347,1.42215,2245,3726,3900,1,4.00043,1.88378,2245,8522,9432
5,142,3746090,7542891,3910,127,497,0.365092,5.12995,4343,-1,ok,0,0,0,0,4342,1,1,13.6343,3938,51914,89327,1,30.1975,3938,130342,215800,324.521,1.10748e+06,3910,1,5.39496,2.77991,3938,6154,7003,1,8.30272,4.23982,3938,12772,17244
5,143,927918,6543619,4456,153,2307,1.0857,6.88055,5437,-1,ok,0,0,0,0,5436,1,1,24.6428,4828,98761,108767,1,61.1581,4796,233275,281995,542.915,1.80035e+06,4456,1,9.70106,4.60854,4828,8484,8801,1,15.8778,7.62812,4798,20550,22208
5,144,6931863,7093569,2051,66,194,0.184484,2.65318,2306,-1,ok,0,0,0,0,2305,1,1,10.471,2079,42908,46628,1,22.5794,2079,102405,118594,120.059,395111,2051,1,2.73132,1.48679,2079,3586,3656,1,4.0594,1.86327,2079,8476,8814
5,145,2568120,12342319,3661,116,738,0.476491,6.88493,4018,-1,ok,0,0,0,0,4017,1,1,12.2472,3661,31961,92887,1,24.9887,3661,86453,237027,188.299,604117,3661,1,9.47369,5.01175,3661,4742,6587,1,13.3706,6.98142,3661,9031,17567
5,146,7908353,11618893,3471,111,324,0.255948,5.43671,3958,-1,ok,0,0,0,0,3957,1,1,16.181,3481,52969,71496,1,33.6006,3481,121750,191059,466.204,1.32036e+06,3471,1,5.09889,2.56938,3481,5339,5985,1,8.35714,4.34365,3481,11251,14808
5,147,11438432,11802298,2485,80,245,0.176761,3.09089,2944,-1,ok,0,0,0,0,2943,1,1,4.14276,2485,19138,56950,1,10.1356,2485,38510,166319,18.3157,78872,2485,1,1.58609,0.813549,2485,3131,4538,1,3.32437,1.82987,2485,5746,12429
5,148,2413893,1006952,1862,59,292,0.242753,2.39829,1911,-1,ok,0,0,0,0,1910,1,1,1.13227,1862,1879,45859,1,0.72811,1862,2139,117782,22.7111,98220,1862,1,1.85697,1.07449,1862,1862,3485,1,2.58259,1.70529,1862,1905,9830
5,149,11409007,1162795,5579,189,1656,0.873471,8.32668,6446,-1,ok,0,0,0,0,6445,1,1,33.425,5983,94275,125332,1,67.5413,5983,227148,317274,957.916,2.52929e+06,5579,1,12.9093,6.05959,5983,9360,10411,1,19.9274,9.59196,5983,19868,25275
5,150,9700992,2679266,4304,137,1334,0.876357,6.91514,4703,-1,ok,0,0,0,0,4702,1,1,29.1078,4320,71445,102492,1,69.9864,4320,202450,286816,730.187,1.90517e+06,4304,1,8.79298,4.32672,4320,6784,7903,1,15.9304,7.56886,4320,15665,20933
5,151,9872155,9787811,2375,75,210,0.185406,3.37312,2536,-1,ok,0,0,0,0,2535,1,1,5.64797,2375,23608,49707,1,11.9968,2375,60506,128570,142.573,543802,2375,1,2.77611,1.59722,2375,3288,4023,1,3.20269,1.77415,2375,5387,9278
5,152,11614672,3408954,4147,129,649,0.427669,6.58453,4490,-1,ok,0,0,0,0,4489,1,1,23.2455,4147,74293,86064,1,54.8484,4147,191261,231950,354.53,942950,4147,1,9.18933,4.62672,4147,6898,7112,1,14.1241,6.74464,4147,16441,18194
5,153,9981629,11181633,734,24,24,0.082794,1.56132,811,-1,ok,0,0,0,0,810,1,1,0.452084,734,741,18206,1,0.950727,734,4452,49330,0.800315,2644,734,1,0.846922,0.553062,734,734,1350,1,1.07518,0.705688,734,734,3422
5,154,3718171,9615151,2308,73,160,0.157845,3.91097,2445,-1,ok,0,0,0,0,2444,1,1,15.3417,2324,43872,60245,1,26.5494,2324,80252,165162,37.989,117050,2308,1,5.00305,2.94346,2324,4370,4542,1,7.85286,3.17248,2324,11790,12763
5,155,3415323,8103407,3865,122,986,0.468544,6.24077,4308,-1,ok,0,0,0,0,4307,1,1,18.8764,3905,71512,76070,1,48.1525,3891,178656,191420,709.381,1.93331e+06,3865,1,5.57398,2.83185,3905,6453,6656,1,8.51863,3.77731,3905,15160,16009
5,156,11110265,1067659,3702,118,1135,0.730124,6.64249,3895,-1,ok,0,0,0,0,3894,1,1,15.542,3718,35102,93457,1,31.1132,3718,95321,254537,95.9582,306943,3702,1,9.70224,5.17598,3718,5495,6933,1,14.4696,7.2611,3718,11177,18627
5,157,6280476,9981769,2220,69,252,0.24107,3.81064,2295,-1,ok,0,0,0,0,2294,1,1,8.79704,2220,31459,46737,1,18.8705,2220,80254,123106,124.765,374362,2220,1,3.90871,2.28289,2220,3252,3775,1,4.38166,2.12051,2220,6920,9172
5,158,6643578,8204315,3641,116,760,0.432917,4.28458,4042,-1,ok,0,0,0,0,4041,1,1,16.5847,3657,73224,74647,1,42.6561,3641,195952,207532,522.311,1.69089e+06,3641,1,3.93378,2.12511,3667,6596,6744,1,7.23678,3.36058,3641,16222,16881
5,159,9685005,4585715,4747,149,1518,0.975562,5.43429,5050,-1,ok,0,0,0,0,5049,1,1,21.0848,4761,82508,110358,1,73.7382,4747,223247,291270,148.933,544077,4747,1,7.70222,3.56076,4761,7579,8471,1,13.8367,6.02728,4761,17803,21834
5,160,12831341,2638895,3950,123,1056,0.842794,6.59588,4263,-1,ok,0,0,0,0,4262,1,1,33.5505,3950,80326,98702,1,80.3277,3950,205872,257287,530.92,1.15889e+06,3950,1,11.6355,5.12616,3950,6875,7501,1,19.8469,9.07645,3950,16647,20037
5,161,8783825,10724143,3006,96,179,0.193582,4.77796,3619,-1,ok,0,0,0,0,3618,1,1,14.2813,3006,53554,61783,1,31.5984,3006,123908,161887,362.701,1.04124e+06,3006,1,4.68101,2.36219,3006,5051,5154,1,5.99671,2.59151,3006,12099,12620
5,162,6714674,4622259,3743,120,647,0.422579,4.11207,4032,-1,ok,0,0,0,0,4031,1,1,18.0501,3771,71215,74801,1,45.1069,3771,184815,199195,373.178,1.18349e+06,3743,1,4.53084,2.16213,3771,6777,6836,1,7.9073,3.35125,3771,16764,17038
5,163,11574983,7241695,3374,107,291,0.271828,4.84053,3621,-1,ok,0,0,0,0,3620,1,1,18.9283,3422,71621,74472,1,45.8931,3422,181413,195804,452.854,1.40372e+06,3374,1,7.14151,3.63837,3422,5633,5775,1,11.381,5.31986,3422,14208,14595
5,164,6726695,10401558,1931,62,292,0.216315,3.1769,2124,-1,ok,0,0,0,0,2123,1,1,2.3291,1931,3037,49398,1,1.86356,1931,5935,130518,7.8848,26397,1931,1,3.52937,1.98375,1931,1989,3489,1,4.03795,2.6218,1931,2182,8934
5,165,6217776,4562577,639,22,78,0.113482,1.38383,786,-1,ok,0,0,0,0,785,1,1,2.2482,639,5956,15155,1,3.33275,639,13787,41874,8.05389,27158,639,1,1.28885,0.883762,639,807,1218,1,1.17108,0.713513,639,1428,2889
5,166,3978333,2704630,2039,66,184,0.178144,3.01646,2242,-1,ok,0,0,0,0,2241,1,1,6.86247,2039,25307,41035,1,16.92,2039,73738,118627,106.914,392855,2039,1,2.78606,1.59805,2039,2996,3643,1,3.75528,1.81917,2039,6337,9250
5,167,7528628,10723775,1234,38,70,0.096299,3.03867,1327,-1,ok,0,0,0,0,1326,1,1,3.34526,1234,6371,26481,1,4.91181,1234,17585,70584,8.51046,34410,1234,1,2.48226,1.51479,1234,1514,2097,1,2.05632,1.17313,1234,2015,4944
5,168,9735496,1569903,4003,127,323,0.330394,6.00036,4314,-1,ok,0,0,0,0,4313,1,1,29.3824,4003,92991,101478,1,66.8803,4003,231067,256818,494.664,1.47875e+06,4003,1,10.102,4.64474,4003,7104,7198,1,15.3608,6.99765,4003,18728,19179
5,169,998082,9272687,4329,137,1720,0.900904,6.70382,4698,-1,ok,0,0,0,0,4697,1,1,20.4595,4335,75230,115717,1,58.4967,4329,202178,311301,432.385,1.22984e+06,4329,1,8.89969,4.38233,4335,7063,8142,1,16.6317,8.39053,4335,18080,22190
5,170,1321918,2206629,1412,45,172,0.153857,1.96761,1505,-1,ok,0,0,0,0,1504,1,1,1.16822,1412,3478,44373,1,2.18305,1412,7590,118104,7.13747,22846,1412,1,1.05814,0.63666,1412,1414,2781,1,1.86693,1.23913,1412,1654,8151
5,171,6659965,11150045,3320,104,249,0.238696,5.33388,3733,-1,ok,0,0,0,0,3732,1,1,17.004,3320,54266,76485,1,37.7114,3320,129340,199369,304.856,805546,3320,1,6.03989,3.18921,3320,4942,5735,1,8.6365,4.34585,3320,10918,14773
5,172,3731435,7767988,2384,80,668,0.472223,4.01492,2827,-1,ok,0,0,0,0,2826,1,1,13.996,2462,52165,55193,1,29.0498,2462,119817,131430,102.563,434809,2384,1,4.07432,2.3553,2462,4374,4422,1,7.30086,3.38233,2462,10677,10830
5,173,3974805,958596,1638,52,133,0.158706,2.40391,1731,-1,ok,0,0,0,0,1730,1,1,4.31417,1638,13024,38932,1,6.83915,1638,31560,103712,46.7319,182160,1638,1,2.69461,1.70541,1638,2180,2932,1,2.8229,1.56568,1638,3901,7851
5,174,2428329,5775613,2154,69,339,0.265356,3.4052,2449,-1,ok,0,0,0,0,2448,1,1,7.62338,2154,28014,52801,1,17.9268,2154,72949,141365,145.343,407779,2154,1,3.48808,2.20593,2154,3171,3886,1,4.23467,2.17845,2154,6799,10340
5,175,1714534,1242194,2738,86,86,0.135952,2.30841,2769,-1,ok,0,0,0,0,2768,1,1,0.921442,2738,2738,85407,1,0.685961,2738,2738,254126,35.049,161075,2738,1,1.35664,0.611523,2738,2738,5418,1,3.53778,2.61042,2738,2738,16047
5,176,2649840,6642272,1749,58,84,0.111047,3.22319,2064,-1,ok,0,0,0,0,2063,1,1,9.20046,1781,30433,39707,1,17.2205,1781,70065,92754,118.289,355043,1749,1,3.45548,2.10854,1781,3200,3295,1,4.18651,1.91103,1781,7638,8115
5,177,6637665,3752951,3356,108,565,0.344663,4.79929,3637,-1,ok,0,0,0,0,3636,1,1,15.4863,3384,62780,67697,1,33.6403,3384,143282,158717,646.173,1.48585e+06,3356,1,5.44758,2.74453,3384,5697,5863,1,8.40058,4.11088,3384,12896,13660
5,178,11854338,7380264,1910,60,332,0.263552,3.3546,2121,-1,ok,0,0,0,0,2120,1,1,12.1507,1910,40549,44365,1,27.5108,1910,100538,113718,161.059,507075,1910,1,4.51469,2.44465,1910,3181,3274,1,5.46395,2.43419,1910,8510,8950
5,179,6799419,5675038,2708,87,488,0.417059,2.84907,3045,-1,ok,0,0,0,0,3044,1,1,8.81546,2722,39742,60560,1,17.5771,2708,83537,162077,39.5998,165783,2708,1,2.56344,1.34475,2722,4134,4827,1,5.0302,2.63984,2722,8868,12220
5,180,4194887,1007631,1165,38,131,0.14537,2.65626,1286,-1,ok,0,0,0,0,1285,1,1,9.19115,1165,22240,28264,1,20.0006,1165,59960,73872,42.2018,120379,1165,1,2.64855,1.66993,1165,1938,2103,1,2.89437,1.33366,1165,4769,5650
5,181,7226275,11473681,3653,117,961,0.655574,5.56346,4314,-1,ok,0,0,0,0,4313,1,1,20.5637,3721,68556,74994,1,45.7189,3721,168564,199261,546.229,1.38978e+06,3653,1,6.14423,3.0286,3721,6480,6564,1,9.14749,4.01475,3721,16048,16564
5,182,8300223,3253260,3863,125,1171,0.78165,5.27653,4242,-1,ok,0,0,0,0,4241,1,1,21.9655,3917,77383,80758,1,48.5713,3917,182901,194665,760.761,1.76125e+06,3863,1,7.06465,3.41551,3917,6629,6788,1,10.0287,4.63807,3917,15651,16092
5,183,1895748,929406,1049,36,123,0.145832,2.34289,1180,-1,ok,0,0,0,0,1179,1,1,4.78777,1123,21357,22205,1,11.6266,1123,54711,64679,1.69623,6897,1049,1,1.39435,0.827686,1123,1994,2032,1,2.28414,1.04109,1123,5569,5734
5,184,10432828,11593598,2985,94,316,0.202959,3.67507,3458,-1,ok,0,0,0,0,3457,1,1,6.83613,2985,25025,65813,1,10.1144,2985,47108,182292,115.433,340036,2985,1,2.50666,1.43749,2985,3819,5346,1,3.95086,2.17062,2985,7182,14379
5,185,3746090,7529905,1542,50,141,0.158877,2.69042,1645,-1,ok,0,0,0,0,1644,1,1,5.48794,1542,16890,43023,1,9.90241,1542,42130,110080,39.8544,132200,1542,1,3.10407,1.9803,1542,2165,2920,1,3.19063,1.68385,1542,4470,7681
5,186,3253344,6964518,3608,114,231,0.250328,4.85006,3707,-1,ok,0,0,0,0,3706,1,1,10.6028,3608,38310,82586,1,15.9432,3608,76319,225970,97.9119,405263,3608,1,5.75578,3.24363,3608,4879,6853,1,10.0947,5.49702,3608,9149,18477
5,187,1483093,11345582,5249,179,514,0.480818,8.53607,6034,-1,ok,0,0,0,0,6033,1,1,29.2361,5619,96904,119469,1,62.8939,5619,237629,293049,1076.7,2.85197e+06,5249,1,12.3077,5.64652,5619,8959,9826,1,19.5822,9.36036,5619,20804,23612
5,188,1769639,6419115,1907,60,357,0.314027,3.55292,2106,-1,ok,0,0,0,0,2105,1,1,2.5316,1907,3829,44542,1,1.70557,1907,4249,110948,91.4289,217722,1907,1,3.8646,2.35538,1907,1907,3487,1,3.44007,2.111,1907,2084,8950
5,189,1953803,11588864,5915,188,1804,1.21265,8.69796,6552,-1,ok,0,0,0,0,6551,1,1,38.1427,5931,118183,133308,1,101.337,5931,308214,364605,1454.43,3.36397e+06,5915,1,13.4932,5.97065,5931,9991,10621,1,22.7478,10.5884,5931,24605,27296
5,190,10813718,4339117,2672,84,629,0.457355,4.69294,2983,-1,ok,0,0,0,0,2982,1,1,6.3222,2672,8803,63532,1,12.5192,2672,31274,160775,22.1049,74422,2672,1,5.89958,3.34364,2672,2681,5058,1,6.76898,3.93618,2672,3417,13100
5,191,4139954,12718531,4668,147,1454,0.960494,8.67023,5297,-1,ok,0,0,0,0,5296,1,1,18.4797,4682,57236,97899,1,41.7162,4668,150854,258529,769.499,1.78919e+06,4668,1,8.77762,4.65534,4682,6604,7878,1,13.6293,7.08949,4682,13207,19783
5,192,11410131,12143449,1295,41,41,0.097242,1.91709,1582,-1,ok,0,0,0,0,1581,1,1,0.771121,1295,2683,32386,1,0.358129,1295,1295,85416,3.96705,17021,1295,1,1.09442,0.583058,1295,1329,2435,1,1.82407,1.20711,1295,1323,6717
5,193,12955129,5083650,4479,139,927,0.582508,6.40489,4884,-1,ok,0,0,0,0,4883,1,1,29.2403,4479,90275,91943,1,62.2857,4479,213641,227609,371.159,1.12451e+06,4479,1,9.4453,4.43748,4479,7649,7697,1,14.8911,6.45138,4479,18413,18595
5,194,4034968,11166459,3294,104,593,0.477942,5.76111,3515,-1,ok,0,0,0,0,3514,1,1,16.1739,3294,52732,74190,1,36.1684,3294,130569,180794,682.458,1.6324e+06,3294,1,6.61414,3.67109,3294,4788,5656,1,10.132,4.85831,3294,10704,13247
5,195,12321886,6473680,2881,90,537,0.37451,4.81162,3090,-1,ok,0,0,0,0,3089,1,1,15.4918,2881,48755,60342,1,32.7818,2881,116351,146851,218.989,619922,2881,1,6.24908,3.2193,2881,4533,4949,1,7.50447,3.5326,2881,9881,11854
5,196,1431067,12748470,4263,135,1423,0.83497,7.7206,4704,-1,ok,0,0,0,0,4703,1,1,15.2349,4263,42472,109668,1,31.2874,4263,108104,279560,314.882,953149,4263,1,11.973,5.62695,4263,5604,7791,1,17.3258,9.03486,4263,11003,20928
5,197,6895032,9886330,3072,95,302,0.243094,4.34021,3281,-1,ok,0,0,0,0,3280,1,1,17.9092,3072,65780,67937,1,46.8918,3072,171498,177334,325.415,923632,3072,1,5.45689,2.78523,3072,5151,5211,1,7.50765,3.27996,3072,12607,12862
5,198,8039344,11409990,3078,96,207,0.199172,4.76889,3453,-1,ok,0,0,0,0,3452,1,1,13.1338,3078,42638,60612,1,23.3453,3078,95105,157026,444.523,1.02139e+06,3078,1,4.83676,2.61017,3078,4604,5339,1,6.07341,2.85745,3078,9775,12939
5,199,3159648,2262293,1368,45,376,0.212537,2.04061,1645,-1,ok,0,0,0,0,1644,1,1,1.74438,1368,6024,34961,1,4.74907,1368,23263,102056,26.9832,106266,1368,1,1.15019,0.694778,1368,1443,2558,1,2.08448,1.28849,1368,2692,7269
6,0,2010448,7813185,3537,56,174,0.243755,7.60207,4276,-1,ok,0,0,0,0,4275,1,1,48.3902,3537,131870,157633,1,87.5874,3537,268466,353442,206.582,580857,3537,1,6.90264,3.33323,3551,6328,6378,1,11.1606,4.86597,3551,15755,16003
6,1,12579166,9078023,1568,25,33,0.115235,3.47417,1981,-1,ok,0,0,0,0,1980,1,1,17.7576,1626,60144,62507,1,33.6696,1568,129060,168856,50.3175,207650,1568,1,3.65778,2.05717,1626,2628,2707,1,3.57015,1.45865,1568,5872,6115
6,2,1333590,4439595,1414,23,89,0.103254,3.2865,1635,-1,ok,0,0,0,0,1634,1,1,1.73739,1414,1414,65631,1,0.682135,1414,1414,171704,130.469,288056,1414,1,2.62073,1.70629,1414,1414,2738,1,2.70792,1.65859,1414,1414,7698
6,3,3773467,3914009,3647,59,59,0.089998,5.80831,4462,-1,ok,0,0,0,0,4461,1,1,9.93782,3647,43842,147163,1,29.1875,3647,130313,414763,146.686,574921,3647,1,4.11337,2.28931,3647,4460,6615,1,7.37101,3.52743,3701,13052,16996
6,4,3313148,2503221,1216,18,44,0.089879,2.13763,1395,-1,ok,0,0,0,0,1394,1,1,2.60423,1232,10480,50113,1,7.51449,1232,34886,133342,24.5564,110721,1216,1,1.15949,0.674461,1232,1469,2148,1,1.64251,0.928595,1232,2400,5248
6,5,7140541,10774717,1925,33,33,0.071702,4.3732,2476,-1,ok,0,0,0,0,2475,1,1,16.1438,1925,60302,98473,1,37.4602,1925,147249,252864,105.517,372598,1925,1,3.6197,2.08755,1925,2905,3423,1,4.19674,1.96996,1925,6184,8576
6,6,8187875,9706060,1310,21,21,0.057638,2.35956,1587,-1,ok,0,0,0,0,1586,1,1,4.66305,1310,21215,58863,1,6.45312,1310,31375,145966,17.0242,68186,1310,1,1.56182,0.909479,1310,1547,2389,1,2.01973,1.18032,1310,2472,6171
6,7,9627843,9885990,3738,58,324,0.186247,6.02098,4737,-1,ok,0,0,0,0,4736,1,1,19.2263,3768,70665,134313,1,34.0325,3738,132910,380863,279.138,736103,3738,1,4.62961,2.58854,3768,5574,6671,1,7.19636,3.65341,3788,9782,17185
6,8,7658869,7341623,669,11,32,0.030968,1.43933,870,-1,ok,0,0,0,0,869,1,1,5.24314,713,23140,33653,1,10.889,713,50073,100954,19.7144,89953,669,1,1.028,0.677786,713,1109,1249,1,1.15931,0.627874,713,2439,3115
6,9,9079560,12955119,2601,42,59,0.069791,5.84009,3478,-1,ok,0,0,0,0,3477,1,1,3.41108,2601,6692,97063,1,3.88826,2601,14580,220220,10.7655,39421,2601,1,4.07686,2.33621,2601,2601,4446,1,4.65711,2.92643,2601,3107,10400
6,10,3021799,6079542,2013,32,32,0.076443,3.62969,2476,-1,ok,0,0,0,0,2475,1,1,12.5008,2013,47690,73368,1,33.3476,2013,136650,182186,103.979,366918,2013,1,3.0989,1.76789,2013,3106,3607,1,3.65339,1.6655,2067,7036,8803
6,11,3809714,13009546,3762,62,349,0.280553,7.93726,4583,-1,ok,0,0,0,0,4582,1,1,16.415,3762,60916,188441,1,37.5789,3762,157033,439593,84.033,349019,3762,1,8.61845,4.62679,3762,4645,6737,1,12.9623,6.6993,3762,8318,18027
6,12,8103489,7107447,2089,33,33,0.133941,3.73455,2430,-1,ok,0,0,0,0,2429,1,1,10.3623,2109,48308,74406,1,18.0467,2109,86176,163338,59.641,233890,2089,1,3.37781,2.01392,2109,3066,3519,1,3.28312,1.72541,2109,5760,8052
6,13,2332859,8426127,4263,72,223,0.210763,8.21743,5478,-1,ok,0,0,0,0,5477,1,1,38.4544,4567,141358,194054,1,84.0701,4539,311394,456101,564.531,1.68904e+06,4263,1,8.41737,4.02832,4567,7503,8237,1,14.6253,7.36321,4567,16716,20476
6,14,12044454,2416847,4675,73,73,0.162715,8.11343,6056,-1,ok,0,0,0,0,6055,1,1,20.973,4675,64635,213540,1,42.2738,4675,143744,480480,271.338,835345,4675,1,10.6758,5.13181,4689,6851,8252,1,16.4591,8.14104,4689,14609,21042
6,15,7549516,3032970,3582,56,148,0.172563,5.99827,4019,-1,ok,0,0,0,0,4018,1,1,31.3537,3582,107160,149496,1,82.6205,3582,263193,390358,559.616,1.81662e+06,3582,1,6.94174,3.42274,3582,5474,6405,1,11.0425,4.76737,3582,13160,17121
6,16,12927868,12892271,2462,41,138,0.127188,4.23201,3017,-1,ok,0,0,0,0,3016,1,1,8.96208,2462,47527,129458,1,30.8115,2462,151197,313655,67.0853,288014,2462,1,2.4105,1.206,2462,4505,4828,1,5.36591,2.58934,2462,11886,13489
6,17,9833831,12288662,2580,41,105,0.099145,3.97521,3173,-1,ok,0,0,0,0,3172,1,1,11.4643,2582,43795,115198,1,1.6594,2580,4096,299628,1.48578,2590,2580,1,3.25512,1.82256,2582,3331,4824,1,4.51208,2.91874,2580,2608,12951
6,18,6814149,9852082,1202,20,20,0.033583,2.63427,1519,-1,ok,0,0,0,0,1518,1,1,1.84855,1202,2276,67742,1,1.85679,1202,6299,146523,4.42669,14274,1202,1,2.52789,1.54304,1202,1202,2255,1,2.48095,1.5139,1202,1262,5942
6,19,9528140,2664047,3318,54,105,0.119323,6.32922,3931,-1,ok,0,0,0,0,3930,1,1,26.0559,3318,83425,144598,1,50.2194,3318,176034,330394,200.103,619476,3318,1,7.21027,3.8955,3318,4764,6136,1,10.7483,5.04353,3372,12933,14750
6,20,6495471,7529905,2441,39,150,0.154349,3.54519,3174,-1,ok,0,0,0,0,3173,1,1,12.2997,2471,57969,110910,1,31.9933,2441,148189,278556,152.343,487683,2441,1,3.05862,1.73066,2473,3376,4344,1,4.66592,2.69232,2443,6869,10657
6,21,12325382,10067215,1607,26,31,0.093294,3.03041,2304,-1,ok,0,0,0,0,2303,1,1,3.14029,1607,9084,69351,1,1.19598,1607,3825,173515,3.27836,9051,1607,1,2.38301,1.39889,1607,1607,2861,1,2.38891,1.48112,1607,1803,7271
6,22,3585937,1775879,2463,40,59,0.075211,3.31799,2880,-1,ok,0,0,0,0,2879,1,1,1.58855,2463,3022,118363,1,1.22266,2463,4097,331703,1.23991,2463,2463,1,2.35962,1.33564,2463,2463,4586,1,4.36206,2.30405,2517,6618,12304
6,23,11721680,9491931,1321,22,28,0.03706,2.71664,1790,-1,ok,0,0,0,0,1789,1,1,11.8707,1371,44962,52662,1,4.26007,1321,18695,137741,7.28556,33344,1321,1,2.51901,1.51004,1371,2119,2206,1,1.83855,1.03684,1321,1941,4757
6,24,3621375,11317103,3740,60,208,0.168556,6.10945,4575,-1,ok,0,0,0,0,4574,1,1,34.6848,3740,106925,166618,1,70.2848,3740,233186,363053,495.527,1.19993e+06,3740,1,8.40184,4.20172,3754,5567,6223,1,12.6739,6.5265,3754,11690,15400
6,25,5575100,6646560,1919,31,81,0.100978,2.33091,2036,-1,ok,0,0,0,0,2035,1,1,14.6458,1919,64314,80564,1,28.7235,1919,120879,193761,87.1856,241544,1919,1,2.13681,1.13167,1919,3274,3374,1,3.40216,1.49481,1919,7128,8379
6,26,6158980,12807081,2860,45,176,0.142015,5.25864,3169,-1,ok,0,0,0,0,3168,1,1,6.30911,2860,13487,114854,1,7.98063,2860,29625,319198,39.8483,142266,2860,1,5.97378,3.46354,2860,2882,4983,1,6.33636,3.65083,2860,3625,12734
6,27,11764863,10921693,884,15,47,0.066754,1.57631,1271,-1,ok,0,0,0,0,1270,1,1,6.28464,884,28103,46098,1,12.1255,884,55269,128898,13.2437,61102,884,1,1.20148,0.687614,884,1589,1637,1,2.09322,1.05707,908,3684,4634
6,28,10694273,1537590,4589,73,212,0.172672,7.09432,5468,-1,ok,0,0,0,0,5467,1,1,27.8734,4589,91469,188584,1,55.6497,4589,204887,460218,425.669,1.1922e+06,4589,1,9.80907,4.97744,4589,6294,8378,1,15.8199,7.67145,4643,15986,20797
6,29,12581368,7643768,4098,64,337,0.236621,5.98277,4529,-1,ok,0,0,0,0,4528,1,1,34.7694,4098,150503,191627,1,100.299,4098,382265,468962,723.912,1.91099e+06,4098,1,6.02546,3.06954,4098,6604,7298,1,10.0999,4.95627,4098,16117,19132
6,30,13030402,12409999,2438,39,57,0.084237,2.88822,2553,-1,ok,0,0,0,0,2552,1,1,14.0593,2438,60698,106834,1,26.1833,2438,109230,284473,28.3787,121103,2438,1,1.97426,0.956518,2440,4024,4510,1,4.77834,2.40231,2440,9867,12368
6,31,12223295,6275531,3837,61,489,0.288097,6.16303,4776,-1,ok,0,0,0,0,4775,1,1,43.1745,3875,167700,174603,1,100.316,3837,378074,421152,597.039,1.64996e+06,3837,1,8.21126,4.08016,3923,6711,6734,1,13.8098,6.28376,3847,16108,16464
6,32,5623637,12139279,3038,48,48,0.124954,6.4447,3699,-1,ok,0,0,0,0,3698,1,1,14.9936,3038,55431,122495,1,40.9444,3038,148245,305868,267.495,882190,3038,1,6.27016,3.4591,3038,3824,5150,1,7.15761,3.54236,3038,7640,12207
6,33,8035053,1444783,3156,49,225,0.215071,5.76978,4037,-1,ok,0,0,0,0,4036,1,1,27.6965,3156,85942,138401,1,87.5598,3156,229459,406593,381.738,1.0506e+06,3156,1,7.30036,3.52429,3162,4587,5869,1,10.7489,5.93388,3162,9346,15565
6,34,2880048,10213702,3461,54,82,0.133858,6.25161,4166,-1,ok,0,0,0,0,4165,1,1,33.7907,3461,117763,145926,1,78.4914,3461,292214,348864,251.123,806170,3461,1,7.40471,3.8519,3461,5874,5900,1,12.277,5.28125,3515,14760,14860
6,35,1385201,11261247,4005,65,167,0.188672,8.36318,4666,-1,ok,0,0,0,0,4665,1,1,24.5652,4005,77047,175407,1,62.8197,4005,201786,420282,334.601,891402,4005,1,9.82267,4.96908,4005,5533,7095,1,14.2261,7.28876,4059,11120,18338
6,36,6948283,3518629,1448,25,71,0.115882,3.09385,2039,-1,ok,0,0,0,0,2038,1,1,20.395,1448,56808,77293,1,42.1728,1448,127820,187977,91.4513,242475,1448,1,3.41893,1.84332,1448,2417,2643,1,3.2976,1.5586,1448,5356,6929
6,37,13034387,859878,5685,90,611,0.361976,10.0281,6436,-1,ok,0,0,0,0,6435,1,1,44.9808,5687,149029,228780,1,100.623,5687,359578,554020,1052.96,2.44682e+06,5685,1,13.9072,6.4846,5687,8843,10402,1,21.9552,10.7758,5687,19553,26238
6,38,1686729,1918309,506,9,9,0.021348,0.968849,533,-1,ok,0,0,0,0,532,1,1,0.179526,506,506,31236,1,0.146363,506,506,90376,0.180608,506,506,1,0.386162,0.238896,506,506,1016,1,0.720154,0.518468,506,506,3052
6,39,2222597,11499473,5854,95,799,0.42833,8.88125,7283,-1,ok,0,0,0,0,7282,1,1,57.4041,5880,200145,259450,1,129.865,5880,436497,593685,1573.98,3.54492e+06,5854,1,12.6445,5.93207,5894,9339,10263,1,21.8011,10.0749,5894,21491,26331
6,40,5141411,11134502,4288,69,362,0.298117,7.62823,5431,-1,ok,0,0,0,0,5430,1,1,54.8875,4300,149895,188673,1,109.825,4298,309558,499285,915.99,2.29801e+06,4288,1,8.49037,4.00448,4300,7173,7717,1,12.4804,5.81929,4298,15357,20444
6,41,12465838,7448178,2144,34,112,0.136575,5.33584,2919,-1,ok,0,0,0,0,2918,1,1,16.5675,2144,54075,116419,1,56.1984,2144,141219,256904,211.307,527518,2144,1,4.7283,2.74843,2144,2969,3999,1,5.65162,2.98519,2144,6293,10730
6,42,10661203,8840327,3818,61,256,0.179546,5.83977,4693,-1,ok,0,0,0,0,4692,1,1,21.5705,3818,91368,162699,1,42.6529,3818,178563,365535,709.885,1.87552e+06,3818,1,7.02243,3.77879,3818,5139,6502,1,8.75319,4.72176,3818,10040,16408
6,43,9236823,3376857,2492,42,107,0.132538,4.19774,3055,-1,ok,0,0,0,0,3054,1,1,33.9811,2492,103634,120093,1,76.3643,2492,222032,269972,155.475,426303,2492,1,6.07909,3.05026,2492,4440,4596,1,7.24443,3.15998,2492,10768,11991
6,44,6505621,5115520,816,14,23,0.030136,1.24923,937,-1,ok,0,0,0,0,936,1,1,1.16378,816,3757,32839,1,1.97215,816,8699,85608,4.14625,18883,816,1,1.09938,0.727079,816,928,1343,1,1.27612,0.832796,816,938,3887
6,45,7224318,3455553,1884,31,88,0.076343,2.95146,2337,-1,ok,0,0,0,0,2336,1,1,17.3847,1884,59115,99763,1,41.91,1884,132027,249275,119.868,351645,1884,1,3.7857,2.23057,1884,2960,3501,1,4.96376,2.37018,1884,6847,9999
6,46,3577892,1190856,1756,28,160,0.139079,2.97047,2105,-1,ok,0,0,0,0,2104,1,1,15.1132,1854,58286,62244,1,0.944986,1756,2255,182259,2.17691,5947,1756,1,2.76444,1.56944,1854,3143,3145,1,2.87422,1.62335,1810,2917,7767
6,47,3204941,3810580,2880,47,145,0.104134,4.21178,3741,-1,ok,0,0,0,0,3740,1,1,18.0814,2880,86042,112858,1,50.1342,2880,221824,339824,150.292,532935,2880,1,3.63395,1.91638,2880,5122,5305,1,6.08258,2.8906,2934,12511,13304
6,48,4180108,8576223,2054,34,34,0.086492,4.37761,2411,-1,ok,0,0,0,0,2410,1,1,7.24878,2054,22838,99939,1,6.9,2054,30239,246701,20.8365,75250,2054,1,3.93466,2.36311,2054,2403,3774,1,4.33538,2.55453,2054,3897,10069
6,49,12353729,2809446,3785,60,152,0.168936,6.14408,4330,-1,ok,0,0,0,0,4329,1,1,31.8543,3793,99810,161029,1,70.908,3785,234342,388748,394.676,1.08715e+06,3785,1,9.88886,4.97793,3793,5659,6985,1,14.3997,6.80049,3847,15659,17246
6,50,8395975,2625599,2116,33,33,0.102834,3.38395,2205,-1,ok,0,0,0,0,2204,1,1,2.79567,2116,2371,113393,1,3.86121,2116,10281,298780,11.2754,38786,2116,1,4.68789,2.92833,2116,2116,4029,1,4.93479,2.93996,2116,2116,11497
6,51,5493528,7925047,1515,24,62,0.076604,2.79068,1944,-1,ok,0,0,0,0,1943,1,1,1.80035,1515,3388,61247,1,0.881006,1515,2180,143240,4.55622,14291,1515,1,2.19155,1.28948,1515,1515,2621,1,2.3085,1.40007,1515,1553,6122
6,52,9212910,11487380,2518,40,137,0.148317,3.80005,3033,-1,ok,0,0,0,0,3032,1,1,23.0788,2518,89390,96666,1,61.6412,2518,229089,256873,313.959,942143,2518,1,4.31144,2.25908,2518,4169,4292,1,4.90707,2.25962,2518,9540,10155
6,53,12285366,6402468,2738,44,92,0.126966,4.70562,3149,-1,ok,0,0,0,0,3148,1,1,16.6888,2738,62444,113187,1,46.1218,2738,151431,294543,198.385,526630,2738,1,5.51394,3.16817,2738,3770,4709,1,5.74451,2.90281,2738,7253,11523
6,54,6487042,3141638,3876,61,132,0.139892,4.80438,4393,-1,ok,0,0,0,0,4392,1,1,25.8546,3876,94401,157929,1,67.1301,3876,228460,427689,426.238,1.45507e+06,3876,1,6.38462,3.05296,3876,5605,7034,1,11.5298,5.00834,3930,18254,18786
6,55,8016532,6159621,865,14,56,0.084158,3.48602,1068,-1,ok,0,0,0,0,1067,1,1,1.01695,865,865,47371,1,5.0802,865,19643,124657,6.83797,27820,865,1,1.59772,1.03973,865,865,1677,1,1.79711,1.22163,865,913,4799
6,56,5515103,10522115,2043,33,120,0.087864,3.83157,2484,-1,ok,0,0,0,0,2483,1,1,21.8914,2043,84650,93231,1,65.1169,2043,208834,237458,222.693,571096,2043,1,5.08134,2.76572,2061,3660,3707,1,6.58184,3.05564,2061,9498,9729
6,57,2476815,12608832,4271,68,148,0.160429,8.41675,5066,-1,ok,0,0,0,0,5065,1,1,59.1638,4271,180392,191503,1,169.457,4271,477102,519132,636.744,1.57225e+06,4271,1,11.3636,5.54786,4271,7719,7845,1,17.8656,8.21312,4279,20133,20303
6,58,12456431,7340845,2238,35,86,0.151303,4.19776,2651,-1,ok,0,0,0,0,2650,1,1,30.1248,2256,96780,105388,1,66.4634,2256,217953,261049,116.368,379863,2238,1,5.85547,2.86247,2256,3819,3966,1,6.62038,2.77607,2256,9281,9976
6,59,922742,2055692,666,12,19,0.028123,1.69719,761,-1,ok,0,0,0,0,760,1,1,6.07963,674,26295,31523,1,0.28337,666,666,76325,0.575155,666,666,1,1.11994,0.694879,674,1324,1348,1,1.30019,0.816926,666,978,3511
6,60,11194911,9705957,3585,56,151,0.100929,5.73606,4514,-1,ok,0,0,0,0,4513,1,1,25.6385,3651,119081,138810,1,65.0157,3621,299396,402360,363.326,1.39977e+06,3585,1,4.0167,2.17254,3651,6120,6432,1,6.77109,3.40502,3621,13250,17195
6,61,6036526,5702403,1491,25,79,0.095949,1.9303,2080,-1,ok,0,0,0,0,2079,1,1,8.23963,1531,39501,86619,1,18.2749,1531,86010,214456,13.5292,62773,1491,1,1.14761,0.581537,1531,2407,2828,1,2.60892,1.27569,1531,6007,7777
6,62,11101203,2544770,3426,56,136,0.149339,6.12001,4349,-1,ok,0,0,0,0,4348,1,1,29.4578,3426,88861,153821,1,60.5792,3426,196266,361303,282.426,784499,3426,1,8.77632,4.41948,3426,4944,6325,1,13.0845,6.23979,3480,13901,15419
6,63,5493528,5459277,708,13,13,0.030166,1.45863,925,-1,ok,0,0,0,0,924,1,1,0.206505,708,708,33365,1,0.165089,708,708,83470,0.168304,708,708,1,0.581857,0.275394,750,1379,1494,1,1.13984,0.857532,708,708,4264
6,64,2388947,10947782,3371,54,54,0.082193,6.63877,4082,-1,ok,0,0,0,0,4081,1,1,16.3022,3371,51293,157501,1,43.5308,3371,142825,372421,199.212,614141,3371,1,8.17124,4.31058,3371,4160,5886,1,10.9021,5.91294,3371,7653,15586
6,65,7831705,6396759,719,12,38,0.035707,1.63508,926,-1,ok,0,0,0,0,925,1,1,2.51764,723,10015,40154,1,0.399359,719,1139,112426,0.483092,830,719,1,0.989415,0.633921,723,954,1396,1,1.55743,0.846738,729,1937,4014
6,66,842069,12916554,4284,70,325,0.224695,8.02377,4869,-1,ok,0,0,0,0,4868,1,1,67.8234,4284,199467,206891,1,139.768,4284,431472,487188,403.154,1.10706e+06,4284,1,12.3605,5.93639,4284,7667,7732,1,19.9756,8.74418,4284,20211,20458
6,67,4850422,11280298,4704,76,249,0.241921,7.19615,6101,-1,ok,0,0,0,0,6100,1,1,54.5635,4704,190065,227375,1,111.622,4704,393277,538592,736.956,2.05978e+06,4704,1,8.1899,3.9879,4746,8283,8361,1,13.4366,6.357,4718,18329,20960
6,68,11488163,10653983,1116,19,35,0.037481,1.96427,1479,-1,ok,0,0,0,0,1478,1,1,1.8692,1148,8453,46123,1,0.392403,1116,1116,142910,2.94873,13862,1116,1,1.23949,0.651698,1148,1460,2154,1,1.76055,1.12953,1116,1524,5046
6,69,7579596,8228212,230,4,4,0.013065,0.687595,339,-1,ok,0,0,0,0,338,1,1,0.295734,230,230,15409,1,0.085629,230,230,45221,0.214882,230,230,1,0.59938,0.405737,230,230,443,1,0.397612,0.278199,230,230,1227
6,70,12001610,2787829,4759,77,405,0.237583,6.93721,6178,-1,ok,0,0,0,0,6177,1,1,62.814,4761,184341,212934,1,154.207,4761,443327,527467,802.493,1.99921e+06,4759,1,10.7439,4.9248,4761,8438,8748,1,18.4827,8.22421,4761,20801,22794
6,71,5742610,2055291,1316,22,29,0.114925,2.70124,1701,-1,ok,0,0,0,0,1700,1,1,4.39564,1316,11201,56221,1,5.6331,1316,22403,165215,11.7267,47787,1316,1,2.8698,1.8756,1316,1316,2567,1,2.63633,1.66175,1316,1421,7089
6,72,11880582,8295471,3634,59,149,0.147946,5.28341,4789,-1,ok,0,0,0,0,4788,1,1,33.9971,3634,146595,168433,1,93.8871,3634,365584,477508,289.588,955187,3634,1,4.93953,2.47695,3634,6367,6583,1,8.42311,4.08583,3634,16344,17369
6,73,10473387,2457266,4575,72,192,0.189714,7.26608,5134,-1,ok,0,0,0,0,5133,1,1,50.4703,4575,176236,207545,1,120.947,4575,416534,497370,1071.86,2.73263e+06,4575,1,11.4597,5.50617,4575,7819,8237,1,18.2054,8.91791,4575,18962,21213
6,74,5956582,6913395,1978,31,78,0.109394,2.71182,2323,-1,ok,0,0,0,0,2322,1,1,7.54131,2006,36627,76756,1,14.0217,1978,67565,167582,58.6571,235499,1978,1,2.36727,1.35295,2006,2848,3501,1,3.24976,1.71425,2006,5335,8178
6,75,6219946,5564489,847,15,36,0.032321,1.52081,1274,-1,ok,0,0,0,0,1273,1,1,1.76594,847,7182,46432,1,1.48214,847,7182,114140,1.519,5398,847,1,0.767514,0.432208,847,847,1559,1,1.18146,0.779246,847,888,4540
6,76,2081440,12382609,4688,73,386,0.214731,7.68879,5565,-1,ok,0,0,0,0,5564,1,1,51.0594,4688,151940,191061,1,145.056,4688,391675,516536,1132.86,2.38355e+06,4688,1,11.1566,5.34547,4688,7611,8285,1,19.2103,8.93271,4688,18030,21257
6,77,1691073,3744093,1693,26,26,0.109014,2.21911,1800,-1,ok,0,0,0,0,1799,1,1,11.531,1723,50972,61826,1,32.3211,1693,123456,219851,70.4786,261092,1693,1,2.24987,1.34702,1723,3114,3236,1,3.61239,1.70058,1723,7707,8479
6,78,8817198,3986522,2108,34,64,0.095279,3.82308,2443,-1,ok,0,0,0,0,2442,1,1,2.6631,2108,2108,117745,1,1.29427,2108,2126,307310,2.2426,2126,2108,1,4.11994,2.51307,2108,2108,4049,1,4.32573,2.70883,2108,2160,11632
6,79,7948753,9167683,453,8,9,0.018485,0.985171,532,-1,ok,0,0,0,0,531,1,1,0.387044,453,453,29705,1,0.197599,453,453,83145,0.482782,1008,453,1,0.841582,0.507607,453,453,898,1,0.843236,0.569304,453,453,2676
6,80,5933167,1809128,2017,33,54,0.060173,3.89618,2678,-1,ok,0,0,0,0,2677,1,1,6.24456,2037,20226,108234,1,10.1844,2037,41174,251901,7.89736,28899,2017,1,3.91009,2.33297,2037,2322,3839,1,4.20142,2.4656,2037,3521,10513
6,81,6966816,6407311,457,9,9,0.016852,1.16857,832,-1,ok,0,0,0,0,831,1,1,1.67243,551,6452,21246,1,0.178012,457,460,53749,0.282356,460,457,1,0.882348,0.533717,551,646,921,1,0.682586,0.442066,457,460,1967
6,82,2476107,12023992,4640,76,240,0.188923,7.70592,5311,-1,ok,0,0,0,0,5310,1,1,47.1199,4640,140992,223731,1,104.606,4640,337117,587929,548.669,1.39914e+06,4640,1,12.2343,6.03242,4640,7474,8368,1,20.5714,9.57506,4640,17851,21267
6,83,4767722,2408797,4057,65,331,0.231333,5.11393,4808,-1,ok,0,0,0,0,4807,1,1,29.5442,4057,126806,150599,1,80.7407,4057,356832,428337,308.473,1.10799e+06,4057,1,6.29105,3.15066,4057,6917,7320,1,9.62979,4.75785,4111,16796,18993
6,84,3731350,7191902,4549,73,317,0.221804,5.72179,5362,-1,ok,0,0,0,0,5361,1,1,40.4553,4683,172215,187197,1,58.8485,4549,240457,495518,291.711,1.07623e+06,4549,1,6.3567,3.35889,4685,7868,8449,1,10.0701,5.50484,4577,13053,21292
6,85,7691974,1423542,4300,74,546,0.373237,7.27633,5405,-1,ok,0,0,0,0,5404,1,1,41.6508,4634,149189,209656,1,88.8389,4606,328230,497349,425.246,1.23304e+06,4300,1,8.54423,4.17568,4634,7569,8494,1,13.6786,6.84187,4634,16395,21173
6,86,12485877,3126737,5189,83,357,0.265136,7.63366,6396,-1,ok,0,0,0,0,6395,1,1,54.8304,5205,180812,225643,1,135.779,5191,452762,551628,1369.71,3.38136e+06,5189,1,11.5333,5.6326,5205,8762,9728,1,18.6506,8.98522,5205,20948,24813
6,87,6909604,7200447,137,4,4,0.019655,1.02988,300,-1,ok,0,0,0,0,299,1,1,0.145582,137,137,13576,1,0.079077,137,137,39127,0.085369,137,137,1,0.228578,0.164168,137,137,276,1,0.312765,0.223368,137,137,832
6,88,3904717,10577072,2759,45,58,0.081782,5.13124,3472,-1,ok,0,0,0,0,3471,1,1,30.4888,2759,103746,136754,1,79.5141,2759,252771,349320,290.985,886951,2759,1,6.78376,3.39181,2759,4592,5038,1,10.6671,5.17926,2765,11359,13321
6,89,8340124,3901242,2357,37,79,0.107003,5.07125,2606,-1,ok,0,0,0,0,2605,1,1,2.72713,2357,3758,98675,1,1.8104,2357,4403,256881,1.42538,2357,2357,1,3.94025,2.41859,2357,2391,4342,1,4.82238,2.92867,2357,2876,11613
6,90,4075443,11878759,2915,47,47,0.110159,5.26022,3390,-1,ok,0,0,0,0,3389,1,1,19.4729,2915,47483,130614,1,34.2011,2915,112616,368897,235.376,675222,2915,1,6.94199,3.8669,2915,4292,5259,1,9.96473,4.56823,2915,9181,13170
6,91,9913504,3945960,2821,46,96,0.13367,5.16141,3704,-1,ok,0,0,0,0,3703,1,1,6.72553,2821,20545,143803,1,19.6751,2821,61601,352938,15.4034,53787,2821,1,6.18969,3.49347,2821,3135,4939,1,10.536,5.09175,2827,9199,12759
6,92,7849946,5842851,2633,42,173,0.151863,3.50387,3082,-1,ok,0,0,0,0,3081,1,1,13.5942,2639,61171,111783,1,22.8103,2639,103764,253952,38.3245,167520,2633,1,3.21774,1.8081,2653,4005,4645,1,4.04906,2.08498,2653,7644,10636
6,93,2178665,5515989,2531,39,91,0.10688,3.87549,3028,-1,ok,0,0,0,0,3027,1,1,26.7385,2531,83791,94848,1,57.8583,2531,191244,274022,287.914,881538,2531,1,4.15662,2.25087,2531,4630,4660,1,6.20334,2.70259,2531,12105,12259
6,94,10144368,3695934,2736,44,237,0.195072,5.35538,3419,-1,ok,0,0,0,0,3418,1,1,4.56914,2736,6567,140746,1,7.44486,2736,24803,361450,8.06675,23955,2736,1,5.82589,3.386,2736,2744,5073,1,9.88289,3.95371,2742,10402,13432
6,95,6149849,6790259,1164,19,63,0.085292,1.53767,1391,-1,ok,0,0,0,0,1390,1,1,2.95786,1164,13404,61711,1,5.79339,1164,27556,149122,9.07735,40412,1164,1,1.48624,0.910561,1164,1374,2104,1,1.7015,1.03036,1164,2122,5338
6,96,12359415,9961757,1197,20,22,0.055022,2.31116,1352,-1,ok,0,0,0,0,1351,1,1,1.43105,1197,1197,52812,1,0.606043,1197,1197,135098,1.56075,2912,1197,1,2.2726,1.32497,1197,1197,2015,1,1.86782,1.17586,1197,1197,4740
6,97,12611329,8437561,4181,67,429,0.329184,4.95109,4924,-1,ok,0,0,0,0,4923,1,1,45.0977,4181,174750,211753,1,108.893,4181,424481,517155,662.572,1.88045e+06,4181,1,5.36499,2.80791,4181,7067,7599,1,9.41959,4.3952,4181,17891,20240
6,98,1865682,9892253,3390,54,131,0.179375,5.9247,3983,-1,ok,0,0,0,0,3982,1,1,38.2833,3390,110731,143642,1,102.003,3390,287236,409939,315.254,849145,3390,1,8.00725,4.171,3390,5950,6244,1,14.7631,6.68639,3390,15710,16444
6,99,6903382,7042632,3042,48,200,0.157515,3.52458,3383,-1,ok,0,0,0,0,3382,1,1,20.9353,3148,93757,122878,1,13.5877,3042,66281,345996,63.1352,243725,3042,1,3.54971,1.95739,3150,4954,5643,1,5.25877,3.18447,3042,5679,14622
6,100,6037001,13035985,3913,62,215,0.222425,6.33765,4692,-1,ok,0,0,0,0,4691,1,1,53.2454,3913,169321,173044,1,130.249,3913,381141,399474,611.469,1.44693e+06,3913,1,8.18689,4.02088,3913,6654,6820,1,13.7645,6.5676,3913,16694,17368
6,101,11432291,5361289,3782,61,256,0.216646,5.89854,4569,-1,ok,0,0,0,0,4568,1,1,9.52981,3784,31588,164557,1,20.2905,3784,76574,422828,35.5258,141371,3782,1,7.30507,3.94525,3784,4367,6735,1,9.33245,5.13524,3784,6676,17226
6,102,2095814,12208510,5712,91,128,0.197408,8.83791,7401,-1,ok,0,0,0,0,7400,1,1,87.6333,5712,241623,263971,1,184.276,5712,503048,612510,908.288,2.30774e+06,5712,1,13.275,6.13799,5726,9765,10013,1,22.7719,10.0357,5726,24687,25926
6,103,3721245,10043794,1835,30,111,0.154298,4.25713,2060,-1,ok,0,0,0,0,2059,1,1,3.75847,1835,3745,96492,1,5.43463,1835,14916,293713,12.0322,26732,1835,1,4.78826,2.97504,1835,1835,3630,1,5.05735,3.25052,1835,1835,10272
6,104,1875949,12219863,5866,94,97,0.145652,9.33625,7383,-1,ok,0,0,0,0,7382,1,1,81.1845,5866,212227,274829,1,151.135,5866,425270,628906,880.514,2.27646e+06,5866,1,12.7923,5.9789,5880,9477,10325,1,21.7028,9.89293,5880,22541,26765
6,105,5433877,7370783,2174,35,55,0.119232,2.83157,2567,-1,ok,0,0,0,0,2566,1,1,1.18252,2174,2239,99446,1,1.25274,2174,5132,263098,0.933271,2174,2174,1,2.29206,1.3336,2174,2175,4089,1,3.09842,1.99399,2174,2174,11621
6,106,6966746,1889450,2024,35,160,0.124814,4.79192,3039,-1,ok,0,0,0,0,3038,1,1,18.9233,2024,56418,104917,1,37.2044,2024,122761,258735,101.066,273751,2024,1,4.82097,2.63785,2024,3052,3672,1,4.81359,2.44397,2024,5920,9463
6,107,12074479,9935930,3204,50,91,0.128921,3.97358,3703,-1,ok,0,0,0,0,3702,1,1,37.2234,3204,155995,160955,1,99.0521,3204,397089,417858,362.629,1.10555e+06,3204,1,3.92785,1.80846,3204,5788,5875,1,7.19843,3.18032,3204,15291,15689
6,108,8171471,10094437,1272,22,31,0.052108,2.75999,1707,-1,ok,0,0,0,0,1706,1,1,2.82661,1272,9992,53964,1,3.27711,1272,16891,126517,4.05185,18368,1272,1,1.92178,1.14066,1274,1683,2345,1,2.19098,1.15959,1272,3274,6092
6,109,1583977,12290737,4150,67,74,0.121759,8.79507,5181,-1,ok,0,0,0,0,5180,1,1,58.6769,4150,158496,215173,1,141.027,4150,355548,521747,475.096,1.05151e+06,4150,1,11.3975,5.58251,4150,6903,7814,1,19.5151,9.24217,4160,17129,21664
6,110,8541711,3431022,2128,34,145,0.16057,4.04078,3073,-1,ok,0,0,0,0,3072,1,1,26.4771,2166,91207,105829,1,44.3889,2128,154308,258255,173.122,449522,2128,1,4.9773,2.81036,2166,3819,3853,1,6.61633,2.88939,2188,9703,9897
6,111,945097,9503748,3693,62,360,0.245058,7.51829,5004,-1,ok,0,0,0,0,5003,1,1,42.1747,3825,138516,146906,1,110.25,3825,352854,406903,342.67,984494,3693,1,8.52386,4.4345,3837,6865,6928,1,13.6133,6.23104,3831,17873,18119
6,112,3658695,5318513,1491,24,48,0.056635,2.53162,1886,-1,ok,0,0,0,0,1885,1,1,16.9373,1491,55324,69922,1,32.8467,1491,106926,160962,41.5028,151380,1491,1,2.04285,1.25367,1491,2445,2568,1,3.12211,1.54098,1491,6549,7209
6,113,2754585,3947626,401,8,17,0.023645,2.36442,584,-1,ok,0,0,0,0,583,1,1,0.527816,401,401,32388,1,0.255988,401,401,85743,0.429683,401,401,1,0.884482,0.537624,401,401,808,1,1.03826,0.738159,401,401,2428
6,114,10502174,11667585,3041,48,108,0.083185,4.46253,3990,-1,ok,0,0,0,0,3989,1,1,15.5315,3041,67267,125682,1,37.3086,3041,157712,346973,55.5176,229544,3041,1,3.55059,1.82926,3041,4370,5286,1,4.83441,2.36382,3041,9201,13485
6,115,10268480,11331403,3940,60,231,0.156283,5.59718,4689,-1,ok,0,0,0,0,4688,1,1,24.0439,3942,103541,126538,1,74.1078,3942,284713,325788,1039,2.25105e+06,3940,1,5.51827,3.15574,3942,6182,6974,1,7.31471,3.55876,3942,13970,17117
6,116,7825845,1762847,4321,68,380,0.267258,5.57637,4604,-1,ok,0,0,0,0,4603,1,1,38.8278,4351,123668,207287,1,28.501,4321,89392,591412,174.483,584214,4321,1,7.25636,3.59582,4353,6635,8291,1,12.4868,6.28994,4351,14802,23066
6,117,3362086,11653233,3339,54,54,0.12336,6.04418,4300,-1,ok,0,0,0,0,4299,1,1,39.9998,3339,118438,163014,1,96.5035,3339,248657,382275,378.387,835072,3339,1,9.60745,4.82771,3339,5477,6199,1,13.3711,6.72388,3349,13259,16853
6,118,10389453,7350623,1413,24,48,0.087111,3.15397,2108,-1,ok,0,0,0,0,2107,1,1,9.21809,1413,37968,77189,1,18.3649,1413,80456,165520,41.6744,154150,1413,1,2.65094,1.6551,1413,2088,2398,1,2.87449,1.46237,1413,4666,6662
6,119,4506435,6736068,887,15,32,0.034112,2.24437,1152,-1,ok,0,0,0,0,1151,1,1,2.07896,887,4791,47030,1,1.39085,887,4936,103426,2.18779,6190,887,1,1.68182,1.11634,887,887,1701,1,1.60869,1.02739,887,1061,4337
6,120,5929329,12497247,3028,48,81,0.107492,5.42817,3677,-1,ok,0,0,0,0,3676,1,1,29.9072,3028,112388,122181,1,72.449,3028,263419,305392,357.339,1.15168e+06,3028,1,7.33609,4.04251,3028,5034,5138,1,8.1415,3.63847,3028,11797,12240
6,121,12410185,7574644,2088,35,97,0.143638,4.77703,2767,-1,ok,0,0,0,0,2766,1,1,33.2945,2088,98565,114959,1,73.4582,2088,206392,258866,210.647,589758,2088,1,5.05304,2.73764,2088,3802,3857,1,7.00897,3.11873,2088,9988,10207
6,122,12229428,5440651,2956,47,47,0.104104,5.23316,3373,-1,ok,0,0,0,0,3372,1,1,16.8479,2956,60669,123494,1,43.971,2956,143337,321057,202.333,518526,2956,1,6.3548,3.61572,2956,3957,5145,1,7.41521,3.92157,2956,7367,12769
6,123,1780250,9157158,3337,53,313,0.247903,6.38192,3910,-1,ok,0,0,0,0,3909,1,1,20.1095,3337,71654,151017,1,73.9596,3337,235231,442927,251.273,700833,3337,1,7.40111,3.84219,3359,6201,6237,1,11.6187,5.66716,3373,12151,16454
6,124,11302776,5692962,4744,77,582,0.351786,8.05452,6051,-1,ok,0,0,0,0,6050,1,1,18.7526,4816,74964,201334,1,45.3417,4812,192381,559814,380.766,1.2234e+06,4744,1,8.31406,4.14693,4816,6137,8498,1,13.5905,7.37383,4816,11370,21776
6,125,1768886,1792417,1169,19,19,0.082323,0.995368,1266,-1,ok,0,0,0,0,1265,1,1,0.285303,1169,1169,77493,1,0.292066,1169,1169,226223,0.291775,1169,1169,1,0.520171,0.257591,1169,1169,2340,1,1.44344,1.04365,1169,1169,7024
6,126,9050045,1934388,5350,85,504,0.246911,7.5097,6289,-1,ok,0,0,0,0,6288,1,1,42.3166,5428,156173,211849,1,90.9477,5350,336217,492481,557.178,1.32145e+06,5350,1,10.1467,5.04946,5428,8629,9404,1,16.5638,8.28521,5394,18251,22472
6,127,1820605,6200831,1903,29,79,0.133841,4.13139,2422,-1,ok,0,0,0,0,2421,1,1,10.6403,1903,35186,77567,1,38.1264,1903,111991,225861,127.488,320298,1903,1,3.90917,2.35041,1903,2796,3452,1,4.95967,2.44059,1903,6143,9225
6,128,10430467,2988856,2977,48,112,0.119082,5.24482,3450,-1,ok,0,0,0,0,3449,1,1,28.6595,2977,94355,140408,1,60.0552,2977,215757,322414,211.617,601563,2977,1,7.52142,3.93058,2977,4644,5611,1,12.283,6.28852,2977,10110,13961
6,129,2439228,6156068,1623,26,53,0.10706,3.4221,2354,-1,ok,0,0,0,0,2353,1,1,25.8842,1683,72136,83593,1,31.5031,1623,94576,213228,78.8491,215848,1623,1,3.31262,2.04038,1683,3069,3181,1,3.90677,2.1369,1623,5412,8578
6,130,1319267,7253584,2673,44,111,0.116778,5.10879,3384,-1,ok,0,0,0,0,3383,1,1,26.7086,2701,97404,129640,1,66.1899,2673,221279,309507,316.586,835410,2673,1,5.92636,3.18662,2701,4697,4956,1,7.70035,3.47788,2701,11603,12779
6,131,7196925,2454290,2503,39,131,0.130564,4.4132,3016,-1,ok,0,0,0,0,3015,1,1,27.1865,2503,95387,104107,1,80.8604,2503,258125,290451,306.978,844661,2503,1,5.39007,2.78476,2503,4245,4410,1,6.8468,3.18189,2503,10911,11540
6,132,13030402,3456903,3403,55,55,0.123861,5.92172,3756,-1,ok,0,0,0,0,3755,1,1,20.482,3403,62736,165498,1,51.6056,3403,156285,435964,164.221,421598,3403,1,8.93038,4.8296,3403,4377,6208,1,11.8319,5.94853,3403,7418,15768
6,133,4224358,1052088,1611,26,38,0.0908,3.0468,1870,-1,ok,0,0,0,0,1869,1,1,9.68412,1611,38728,86506,1,21.9041,1611,92423,216946,49.6509,192084,1611,1,2.96911,1.86857,1611,2373,2901,1,2.99448,1.55587,1611,4771,7504
6,134,12080206,7454087,2122,33,52,0.084479,3.73294,2285,-1,ok,0,0,0,0,2284,1,1,19.8096,2122,68893,79787,1,52.5614,2122,165339,203222,153.446,455871,2122,1,4.46004,2.51406,2122,3382,3555,1,4.7302,2.14175,2122,7485,8266
6,135,2068522,1574689,1869,30,43,0.087794,1.78316,1992,-1,ok,0,0,0,0,1991,1,1,1.64003,1869,7385,104796,1,0.535731,1869,1869,313504,4.00106,18429,1869,1,1.15719,0.610691,1869,1869,3705,1,2.97506,2.16747,1869,2105,10855
6,136,10842340,7134907,3574,63,261,0.159668,5.54319,4561,-1,ok,0,0,0,0,4560,1,1,31.1948,3936,123321,150114,1,79.2887,3936,299858,367572,237.011,779570,3574,1,7.06506,3.43741,3936,6571,6619,1,10.0362,4.84762,3936,15284,15502
6,137,2045569,12750493,5410,90,448,0.367547,9.1141,7041,-1,ok,0,0,0,0,7040,1,1,38.7205,5678,130731,246891,1,110.991,5678,394384,613407,925.824,2.3517e+06,5410,1,12.4136,5.84889,5678,8464,10188,1,19.7176,9.78333,5678,18359,26799
6,138,1691283,1726949,1624,27,27,0.096069,1.44618,1741,-1,ok,0,0,0,0,1740,1,1,0.430955,1624,1624,109705,1,0.420616,1624,1624,288099,0.402552,1624,1624,1,0.675462,0.301754,1624,1624,3252,1,2.27492,1.70574,1624,1624,9760
6,139,2267658,6664151,2812,47,244,0.144019,5.28797,3515,-1,ok,0,0,0,0,3514,1,1,37.8856,2812,119968,135820,1,80.6914,2812,247822,297335,266.836,760437,2812,1,5.50342,2.76449,2826,5157,5218,1,8.38506,3.57408,2826,13255,13499
6,140,5981077,11521702,3639,57,195,0.168415,5.87216,4398,-1,ok,0,0,0,0,4397,1,1,38.8986,3741,143932,146349,1,100.87,3741,352073,395183,668.853,1.60599e+06,3639,1,7.49521,3.58221,3741,6481,6548,1,10.3328,4.68054,3741,16021,16333
6,141,6905897,5956763,2217,35,80,0.097702,2.97931,2740,-1,ok,0,0,0,0,2739,1,1,16.367,2245,77329,91821,1,38.0909,2217,161918,201552,133.227,453616,2217,1,2.56088,1.37297,2245,3774,3948,1,3.99732,1.84658,2245,8522,9432
6,142,3746090,7542891,3910,63,211,0.162624,5.81466,4767,-1,ok,0,0,0,0,4766,1,1,23.8287,3938,98796,171215,1,48.1048,3910,203912,392322,324.521,1.10748e+06,3910,1,5.53089,2.9223,3938,6205,7078,1,7.94064,3.88657,3938,12772,17244
6,143,927918,6543619,4456,76,719,0.371374,6.60707,5779,-1,ok,0,0,0,0,5778,1,1,47.5797,4828,189897,216623,1,101.698,4770,400527,520617,542.915,1.80035e+06,4456,1,8.22085,3.89601,4830,8542,8859,1,13.4001,6.29149,4800,20436,22094
6,144,6931863,7093569,2051,33,43,0.119242,2.69276,2500,-1,ok,0,0,0,0,2499,1,1,16.7831,2079,76885,84814,1,22.4216,2051,109820,201611,120.059,395111,2051,1,2.71185,1.50887,2079,3609,3679,1,3.97548,1.85693,2079,8484,8822
6,145,2568120,12342319,3661,59,243,0.204062,7.15235,4402,-1,ok,0,0,0,0,4401,1,1,18.535,3661,63671,179407,1,44.9277,3661,175547,435160,188.299,604117,3661,1,9.59946,4.84761,3661,4630,6471,1,13.6387,7.35217,3661,8753,17289
6,146,7908353,11618893,3471,55,154,0.166863,5.38936,4296,-1,ok,0,0,0,0,4295,1,1,30.4338,3511,122941,141710,1,59.7179,3471,220218,368681,466.204,1.32036e+06,3471,1,5.26953,2.72431,3511,5971,6070,1,7.23181,3.39286,3471,11554,15111
6,147,11438432,11802298,2485,40,118,0.115216,3.30728,3420,-1,ok,0,0,0,0,3419,1,1,6.32685,2485,28556,114846,1,12.7629,2485,59918,337912,18.3157,78872,2485,1,1.77922,0.946328,2485,3131,4538,1,3.48494,1.96166,2485,5746,12429
6,148,2413893,1006952,1862,30,117,0.122389,2.52162,2151,-1,ok,0,0,0,0,2150,1,1,1.31011,1862,2815,83053,1,0.983638,1862,2697,228296,22.7111,98220,1862,1,1.95414,1.13805,1862,1862,3479,1,2.62519,1.69855,1862,1905,9830
6,149,11409007,1162795,5579,94,543,0.395638,8.89771,6778,-1,ok,0,0,0,0,6777,1,1,51.3487,5983,173525,245368,1,114.352,5955,385733,581382,957.916,2.52929e+06,5579,1,12.9602,6.08355,5983,9328,10320,1,19.9295,9.80175,5983,19897,25231
6,150,9700992,2679266,4304,69,478,0.332563,6.99083,5403,-1,ok,0,0,0,0,5402,1,1,47.0328,4304,135236,196158,1,139.449,4304,373041,571714,730.187,1.90517e+06,4304,1,9.54904,4.45867,4304,6831,7950,1,14.6498,7.16003,4304,15687,20955
6,151,9872155,9787811,2375,37,124,0.131686,3.76086,2752,-1,ok,0,0,0,0,2751,1,1,17.1869,2403,77697,89753,1,22.7376,2375,112760,218908,142.573,543802,2375,1,3.3535,1.93866,2403,3965,4165,1,4.19975,2.42052,2375,5387,10358
6,152,11614672,3408954,4147,65,192,0.17153,6.77012,4828,-1,ok,0,0,0,0,4827,1,1,39.6657,4147,141546,174791,1,103.906,4147,339027,440097,354.53,942950,4147,1,9.37811,4.73072,4147,6899,7113,1,14.4169,6.90503,4147,16441,18194
6,153,9981629,11181633,734,12,12,0.024315,1.61236,921,-1,ok,0,0,0,0,920,1,1,0.606383,734,1211,34698,1,0.390981,734,734,89075,0.800315,2644,734,1,0.850169,0.556681,734,734,1351,1,1.10191,0.716899,734,734,3422
6,154,3718171,9615151,2308,38,62,0.079418,3.97109,2519,-1,ok,0,0,0,0,2518,1,1,20.0465,2308,58022,122723,1,37.6719,2308,111362,342003,37.989,117050,2308,1,5.31415,2.95519,2308,4357,4529,1,7.85847,3.18756,2308,11852,12825
6,155,3415323,8103407,3865,61,88,0.106829,5.0331,4412,-1,ok,0,0,0,0,4411,1,1,37.3391,3891,145967,156330,1,89.6455,3889,298739,348446,709.381,1.93331e+06,3865,1,5.68084,2.81987,3905,6452,6655,1,8.02654,3.46057,3905,15160,16009
6,156,11110265,1067659,3702,59,365,0.299089,6.02194,3905,-1,ok,0,0,0,0,3904,1,1,15.6106,3702,39991,173468,1,34.7104,3702,94396,464807,95.9582,306943,3702,1,9.76493,5.06653,3702,4267,6980,1,14.4483,7.92688,3702,6218,18625
6,157,6280476,9981769,2220,34,49,0.095429,3.46534,2377,-1,ok,0,0,0,0,2376,1,1,14.7226,2220,54991,84420,1,35.4009,2220,132333,210142,124.765,374362,2220,1,4.22464,2.38755,2220,3222,3745,1,4.9665,2.48072,2220,6920,9172
6,158,6643578,8204315,3641,58,222,0.146863,4.46812,4612,-1,ok,0,0,0,0,4611,1,1,29.5736,3747,135829,139856,1,85.2138,3641,367431,390897,522.311,1.69089e+06,3641,1,4.35653,2.32429,3775,6647,6795,1,7.18262,3.36117,3641,16222,16881
6,159,9685005,4585715,4747,76,543,0.306793,7.02314,5936,-1,ok,0,0,0,0,5935,1,1,46.3868,4747,179769,231598,1,93.2757,4747,352796,533092,148.933,544077,4747,1,6.90691,3.50179,4761,7760,8470,1,12.0827,6.02523,4761,17803,21834
6,160,12831341,2638895,3950,63,295,0.259765,7.08621,4909,-1,ok,0,0,0,0,4908,1,1,59.3772,3950,158713,195272,1,140.073,3950,361578,464868,530.92,1.15889e+06,3950,1,11.0564,5.2012,3950,6830,7366,1,17.503,8.022,3950,16646,19769
6,161,8783825,10724143,3006,48,65,0.118963,4.93916,4183,-1,ok,0,0,0,0,4182,1,1,22.9993,3008,92457,119662,1,48.4106,3008,204258,312317,362.701,1.04124e+06,3006,1,4.56984,2.39457,3008,5057,5160,1,5.9179,2.50414,3008,11974,12495
6,162,6714674,4622259,3743,59,289,0.199083,4.01985,4124,-1,ok,0,0,0,0,4123,1,1,32.1767,3877,135494,143762,1,80.9477,3743,336523,381187,373.178,1.18349e+06,3743,1,4.47429,2.26272,3879,6895,6954,1,8.01911,3.49039,3771,16764,17038
6,163,11574983,7241695,3374,55,96,0.133573,5.25679,4531,-1,ok,0,0,0,0,4530,1,1,35.3319,3422,141709,152583,1,68.3631,3374,263176,349675,452.854,1.40372e+06,3374,1,7.13405,3.71847,3422,5603,5745,1,10.9787,5.40214,3422,14208,14595
6,164,6726695,10401558,1931,31,95,0.124753,4.97088,2842,-1,ok,0,0,0,0,2841,1,1,3.56615,1931,8307,95815,1,0.898838,1931,1944,239889,7.8848,26397,1931,1,3.28527,1.97157,1931,1989,3498,1,3.54211,2.18018,1931,2465,9080
6,165,6217776,4562577,639,12,29,0.03185,1.26774,850,-1,ok,0,0,0,0,849,1,1,3.76763,639,12249,34929,1,6.85906,639,25685,78704,8.05389,27158,639,1,1.30886,0.898399,639,807,1218,1,1.12443,0.66357,639,1428,2889
6,166,3978333,2704630,2039,32,50,0.061636,2.75142,2418,-1,ok,0,0,0,0,2417,1,1,17.0759,2041,59862,88332,1,41.2902,2041,153661,247098,106.914,392855,2039,1,2.88556,1.59472,2041,3079,3749,1,3.9218,1.90192,2041,6606,9519
6,167,7528628,10723775,1234,19,46,0.071974,2.44979,1349,-1,ok,0,0,0,0,1348,1,1,4.60284,1234,14127,51411,1,6.22296,1234,26690,131587,8.51046,34410,1234,1,2.54285,1.5732,1234,1513,2096,1,2.09314,1.20588,1234,2015,4944
6,168,9735496,1569903,4003,63,245,0.209049,6.4149,4558,-1,ok,0,0,0,0,4557,1,1,50.6984,4003,169947,183426,1,124.26,4003,396625,455130,494.664,1.47875e+06,4003,1,10.2628,4.585,4003,7167,7261,1,16.8989,7.48954,4003,18847,19298
6,169,998082,9272687,4329,80,519,0.33728,8.04705,5844,-1,ok,0,0,0,0,5843,1,1,47.7069,5049,175383,185846,1,104.546,5021,383046,431412,432.385,1.22984e+06,4329,1,10.3584,4.96238,5049,8832,8957,1,16.8761,7.49399,5049,21246,21768
6,170,1321918,2206629,1412,23,56,0.098765,2.40906,1647,-1,ok,0,0,0,0,1646,1,1,13.1294,1504,53650,81801,1,6.71429,1412,28097,234103,7.13747,22846,1412,1,1.53455,0.875105,1504,2495,2974,1,2.13928,1.53685,1412,1412,8238
6,171,6659965,11150045,3320,52,75,0.101249,5.30209,4501,-1,ok,0,0,0,0,4500,1,1,31.3081,3320,103925,154315,1,55.7868,3320,200728,348919,304.856,805546,3320,1,6.07266,3.22783,3320,4977,5740,1,8.95783,4.40775,3320,11012,14731
6,172,3731435,7767988,2384,39,73,0.129152,4.4919,3157,-1,ok,0,0,0,0,3156,1,1,21.9719,2412,91308,112129,1,42.9482,2384,189369,256807,102.563,434809,2384,1,4.11933,2.29451,2412,4418,4442,1,5.66376,2.4739,2412,10814,10929
6,173,3974805,958596,1638,27,48,0.087082,2.52224,1857,-1,ok,0,0,0,0,1856,1,1,5.98179,1638,23642,86580,1,12.6585,1638,55683,210288,46.7319,182160,1638,1,2.79216,1.75689,1638,2180,2932,1,3.11806,1.71328,1638,3901,7851
6,174,2428329,5775613,2154,34,90,0.107993,3.96111,2925,-1,ok,0,0,0,0,2924,1,1,10.4334,2154,40842,87064,1,31.519,2154,123593,248414,145.343,407779,2154,1,3.71326,2.23808,2154,3171,3942,1,4.61302,2.35265,2154,6799,10340
6,175,1714534,1242194,2738,43,43,0.074149,2.34106,2769,-1,ok,0,0,0,0,2768,1,1,0.746033,2738,2738,167571,1,19.5032,2738,91133,461641,35.049,161075,2738,1,1.56041,0.757826,2738,2738,5418,1,3.5402,2.61843,2738,2738,16047
6,176,2649840,6642272,1749,29,29,0.045765,3.51626,2336,-1,ok,0,0,0,0,2335,1,1,15.0901,1781,58468,78731,1,26.9898,1749,112927,177824,118.289,355043,1749,1,3.6881,2.10794,1781,3210,3305,1,4.56686,2.02363,1781,7638,8115
6,177,6637665,3752951,3356,53,217,0.186418,4.41283,3911,-1,ok,0,0,0,0,3910,1,1,27.0083,3384,114389,125036,1,59.7283,3356,243931,276358,646.173,1.48585e+06,3356,1,5.23941,2.73115,3384,5747,5913,1,6.51396,3.02209,3384,12896,13660
6,178,11854338,7380264,1910,30,99,0.114915,3.91608,3205,-1,ok,0,0,0,0,3204,1,1,21.7624,1910,77247,88048,1,51.4008,1910,168610,205250,161.059,507075,1910,1,4.27218,2.43956,1910,3165,3258,1,5.6876,2.63613,1910,8510,8950
6,179,6799419,5675038,2708,44,219,0.162694,2.7173,3073,-1,ok,0,0,0,0,3072,1,1,15.119,2708,66098,126492,1,26.7033,2708,118346,307982,39.5998,165783,2708,1,2.67444,1.37136,2722,4203,4896,1,4.73396,2.38508,2722,8868,12220
6,180,4194887,1007631,1165,19,27,0.039355,3.08676,1376,-1,ok,0,0,0,0,1375,1,1,19.7063,1165,51502,62251,1,41.341,1165,103287,150429,42.2018,120379,1165,1,3.03215,1.84715,1165,1946,2111,1,3.49809,1.67096,1165,4769,5650
6,181,7226275,11473681,3653,58,260,0.212837,5.38408,4372,-1,ok,0,0,0,0,4371,1,1,30.3629,3723,116472,139261,1,78.1505,3721,279196,380641,546.229,1.38978e+06,3653,1,6.37162,3.10231,3723,6392,6476,1,9.78454,4.49763,3721,15712,16228
6,182,8300223,3253260,3863,60,320,0.210995,5.04063,4250,-1,ok,0,0,0,0,4249,1,1,34.7972,3917,131244,138259,1,76.7025,3889,279207,316578,760.761,1.76125e+06,3863,1,7.1166,3.57069,3917,6649,6808,1,10.0453,4.63156,3917,15651,16092
6,183,1895748,929406,1049,18,34,0.033782,2.08662,1376,-1,ok,0,0,0,0,1375,1,1,1.68489,1049,5945,51918,1,1.44737,1049,6897,127223,1.69623,6897,1049,1,1.14636,0.702022,1049,1049,1972,1,1.45873,0.926611,1049,1381,5246
6,184,10432828,11593598,2985,47,171,0.119323,4.36956,3986,-1,ok,0,0,0,0,3985,1,1,22.9442,3055,94270,121311,1,19.9537,2985,81511,349220,115.433,340036,2985,1,3.07445,1.61424,3055,4945,5373,1,4.27604,2.4364,2985,7182,14379
6,185,3746090,7529905,1542,26,44,0.090499,2.95117,2013,-1,ok,0,0,0,0,2012,1,1,8.37175,1542,29898,84345,1,18.2918,1542,75751,202304,39.8544,132200,1542,1,3.04822,1.92073,1542,2165,2920,1,3.21317,1.72524,1542,4470,7681
6,186,3253344,6964518,3608,57,78,0.107761,4.96707,4111,-1,ok,0,0,0,0,4110,1,1,14.7955,3664,61178,150411,1,31.6388,3608,147004,440610,97.9119,405263,3608,1,5.89311,3.32446,3664,4957,6911,1,9.52914,5.36698,3608,9149,18222
6,187,1483093,11345582,5249,89,159,0.19302,9.0372,6356,-1,ok,0,0,0,0,6355,1,1,48.7817,5619,178768,223179,1,120.523,5591,422535,524370,1076.7,2.85197e+06,5249,1,11.7717,5.72697,5619,8869,9736,1,19.5796,9.1486,5619,20635,23443
6,188,1769639,6419115,1907,30,94,0.134169,3.35318,2106,-1,ok,0,0,0,0,2105,1,1,3.55277,1907,8196,81287,1,2.65194,1907,8341,197669,91.4289,217722,1907,1,3.77683,2.36717,1907,1907,3487,1,3.27355,2.07338,1907,2141,8950
6,189,1953803,11588864,5915,97,852,0.511133,9.77852,7344,-1,ok,0,0,0,0,7343,1,1,66.9776,6143,226602,267811,1,169.846,6143,546211,673714,1454.43,3.36397e+06,5915,1,13.3926,6.12956,6143,10334,10964,1,22.7704,10.2375,6143,25783,28474
6,190,10813718,4339117,2672,42,191,0.194372,5.53499,3203,-1,ok,0,0,0,0,3202,1,1,15.7624,2672,32753,124092,1,4.98871,2672,15854,279573,22.1049,74422,2672,1,5.79764,3.33669,2672,2681,5046,1,6.33922,3.75986,2672,3409,13310
6,191,4139954,12718531,4668,76,546,0.326659,7.128,5661,-1,ok,0,0,0,0,5660,1,1,36.8299,4668,126379,201163,1,83.7768,4668,276224,445890,769.499,1.78919e+06,4668,1,8.76947,4.66469,4682,6596,7823,1,13.2056,6.83748,4682,13191,19473
6,192,11410131,12143449,1295,21,21,0.030728,2.21561,1850,-1,ok,0,0,0,0,1849,1,1,2.82166,1297,12064,51172,1,6.15323,1297,29393,142969,3.96705,17021,1295,1,1.11729,0.57285,1297,1777,2466,1,1.99923,1.15271,1297,2862,6725
6,193,12955129,5083650,4479,70,446,0.236552,6.90558,5586,-1,ok,0,0,0,0,5585,1,1,49.2221,4479,163518,168993,1,108.542,4479,355186,385813,371.159,1.12451e+06,4479,1,9.3992,4.45744,4479,7617,7665,1,14.3858,6.55749,4479,18413,18595
6,194,4034968,11166459,3294,53,269,0.212617,5.89827,3699,-1,ok,0,0,0,0,3698,1,1,24.7597,3294,94391,139913,1,70.9218,3294,234662,328592,682.458,1.6324e+06,3294,1,6.6065,3.71656,3294,4817,5685,1,8.96228,4.26839,3294,10924,13467
6,195,12321886,6473680,2881,45,145,0.152847,4.4389,3144,-1,ok,0,0,0,0,3143,1,1,27.1116,2881,93066,116552,1,65.8379,2881,209819,279784,218.989,619922,2881,1,6.09777,3.22217,2881,4533,4991,1,7.5965,3.55685,2881,9881,11854
6,196,1431067,12748470,4263,69,376,0.268692,7.64986,4980,-1,ok,0,0,0,0,4979,1,1,26.1887,4263,85452,202794,1,70.2794,4263,228552,503788,314.882,953149,4263,1,11.0405,5.63269,4263,5492,7632,1,15.8923,8.26566,4263,10709,20340
6,197,6895032,9886330,3072,49,113,0.134872,4.95845,3919,-1,ok,0,0,0,0,3918,1,1,38.0435,3072,131407,138073,1,80.8042,3072,282288,314698,325.415,923632,3072,1,5.37494,2.7541,3072,5107,5167,1,6.92495,3.10602,3072,12607,12862
6,198,8039344,11409990,3078,48,113,0.135954,4.92744,3663,-1,ok,0,0,0,0,3662,1,1,21.1133,3080,79955,111374,1,53.7857,3080,191329,288922,444.523,1.02139e+06,3078,1,5.21501,2.7676,3080,4962,5355,1,6.34744,2.96329,3080,11298,13032
6,199,3159648,2262293,1368,22,98,0.093895,1.99361,1763,-1,ok,0,0,0,0,1762,1,1,6.29924,1382,27198,66722,1,13.8856,1368,64963,187863,26.9832,106266,1368,1,1.33962,0.740202,1382,2162,2686,1,2.34028,1.5161,1368,2692,7269
