planner init
finish init
current timestep 0
planning flow reduced
plan limit 151
compute initial stop until 0
current timestep 1
planning flow reduced
plan limit 466
compute initial stop until 0
current timestep 3
planning flow reduced
plan limit 428
compute initial stop until 0
current timestep 4
planning flow reduced
plan limit 447
compute initial stop until 0
current timestep 5
planning flow reduced
plan limit 693
compute initial stop until 0
current timestep 6
planning flow reduced
plan limit 444
compute initial stop until 0
current timestep 8
planning flow reduced
plan limit 449
compute initial stop until 0
current timestep 11
planning flow reduced
plan limit 609
compute initial stop until 0
current timestep 14
planning flow reduced
plan limit 742
compute initial stop until 0
current timestep 19
planning flow reduced
plan limit 718
compute initial stop until 0
current timestep 22
planning flow reduced
plan limit 705
compute initial stop until 0
current timestep 26
planning flow reduced
plan limit 714
compute initial stop until 0
current timestep 30
planning flow reduced
plan limit 735
compute initial stop until 0
current timestep 36
planning flow reduced
plan limit 672
compute initial stop until 0
current timestep 40
planning flow reduced
plan limit 426
compute initial stop until 0
current timestep 45
planning flow reduced
plan limit 700
compute initial stop until 0
current timestep 50
planning flow reduced
plan limit 558
compute initial stop until 0
current timestep 55
planning flow reduced
plan limit 696
compute initial stop until 0
current timestep 60
planning flow reduced
plan limit 593
compute initial stop until 0
current timestep 65
planning flow reduced
plan limit 716
compute initial stop until 0
current timestep 70
planning flow reduced
plan limit 686
compute initial stop until 0
current timestep 76
planning flow reduced
plan limit 696
compute initial stop until 0
current timestep 82
planning flow reduced
plan limit 678
compute initial stop until 0
current timestep 88
planning flow reduced
plan limit 706
compute initial stop until 0
current timestep 94
planning flow reduced
plan limit 652
compute initial stop until 0
current timestep 100
planning flow reduced
plan limit 713
compute initial stop until 0
current timestep 106
planning flow reduced
plan limit 659
compute initial stop until 0
current timestep 112
planning flow reduced
plan limit 693
compute initial stop until 0
current timestep 118
planning flow reduced
plan limit 632
compute initial stop until 0
current timestep 124
planning flow reduced
plan limit 614
compute initial stop until 0
current timestep 130
planning flow reduced
plan limit 686
compute initial stop until 0
current timestep 137
planning flow reduced
plan limit 590
compute initial stop until 0
current timestep 143
planning flow reduced
plan limit 674
compute initial stop until 0
current timestep 149
planning flow reduced
plan limit 632
compute initial stop until 0
current timestep 155
planning flow reduced
plan limit 687
compute initial stop until 0
current timestep 162
planning flow reduced
plan limit 666
compute initial stop until 0
current timestep 167
planning flow reduced
plan limit 700
compute initial stop until 0
current timestep 174
planning flow reduced
plan limit 703
compute initial stop until 0
current timestep 180
planning flow reduced
plan limit 690
compute initial stop until 0
current timestep 187
planning flow reduced
plan limit 699
compute initial stop until 0
current timestep 194
planning flow reduced
plan limit 720
compute initial stop until 0
current timestep 200
planning flow reduced
plan limit 718
compute initial stop until 0
current timestep 207
planning flow reduced
plan limit 704
compute initial stop until 0
current timestep 214
planning flow reduced
plan limit 728
compute initial stop until 0
current timestep 221
planning flow reduced
plan limit 720
compute initial stop until 0
current timestep 228
planning flow reduced
plan limit 735
compute initial stop until 0
current timestep 235
planning flow reduced
plan limit 723
compute initial stop until 0
current timestep 242
planning flow reduced
plan limit 739
compute initial stop until 0
current timestep 248
planning flow reduced
plan limit 736
compute initial stop until 0
current timestep 254
planning flow reduced
plan limit 575
compute initial stop until 0
current timestep 260
planning flow reduced
plan limit 575
compute initial stop until 0
current timestep 268
planning flow reduced
plan limit 742
compute initial stop until 0
current timestep 274
planning flow reduced
plan limit 558
compute initial stop until 0
current timestep 281
planning flow reduced
plan limit 572
compute initial stop until 0
current timestep 288
planning flow reduced
plan limit 569
compute initial stop until 0
current timestep 295
planning flow reduced
plan limit 573
compute initial stop until 0
current timestep 302
planning flow reduced
plan limit 731
compute initial stop until 0
current timestep 310
planning flow reduced
plan limit 572
compute initial stop until 0
current timestep 317
planning flow reduced
plan limit 568
compute initial stop until 0
current timestep 324
planning flow reduced
plan limit 618
compute initial stop until 0
current timestep 330
planning flow reduced
plan limit 591
compute initial stop until 0
current timestep 337
planning flow reduced
plan limit 618
compute initial stop until 0
current timestep 343
planning flow reduced
plan limit 600
compute initial stop until 0
current timestep 350
planning flow reduced
plan limit 551
compute initial stop until 0
current timestep 357
planning flow reduced
plan limit 580
compute initial stop until 0
current timestep 365
planning flow reduced
plan limit 624
compute initial stop until 0
current timestep 372
planning flow reduced
plan limit 600
compute initial stop until 0
current timestep 378
planning flow reduced
plan limit 579
compute initial stop until 0
current timestep 385
planning flow reduced
plan limit 576
compute initial stop until 0
current timestep 392
planning flow reduced
plan limit 620
compute initial stop until 0
current timestep 398
planning flow reduced
plan limit 590
compute initial stop until 0
current timestep 405
planning flow reduced
plan limit 570
compute initial stop until 0
current timestep 412
planning flow reduced
plan limit 644
compute initial stop until 0
current timestep 418
planning flow reduced
plan limit 583
compute initial stop until 0
current timestep 426
planning flow reduced
plan limit 612
compute initial stop until 0
current timestep 433
planning flow reduced
plan limit 580
compute initial stop until 0
current timestep 440
planning flow reduced
plan limit 712
compute initial stop until 0
current timestep 447
planning flow reduced
plan limit 557
compute initial stop until 0
current timestep 454
planning flow reduced
plan limit 590
compute initial stop until 0
current timestep 462
planning flow reduced
plan limit 694
compute initial stop until 0
current timestep 469
planning flow reduced
plan limit 540
compute initial stop until 0
current timestep 477
planning flow reduced
plan limit 664
compute initial stop until 0
current timestep 484
planning flow reduced
plan limit 633
compute initial stop until 0
current timestep 491
planning flow reduced
plan limit 690
compute initial stop until 0
current timestep 498
planning flow reduced
plan limit 554
compute initial stop until 0
current timestep 506
planning flow reduced
plan limit 524
compute initial stop until 0
current timestep 513
planning flow reduced
plan limit 555
compute initial stop until 0
current timestep 520
planning flow reduced
plan limit 563
compute initial stop until 0
current timestep 527
planning flow reduced
plan limit 710
compute initial stop until 0
current timestep 536
planning flow reduced
plan limit 702
compute initial stop until 0
current timestep 545
planning flow reduced
plan limit 688
compute initial stop until 0
current timestep 553
planning flow reduced
plan limit 707
compute initial stop until 0
current timestep 561
planning flow reduced
plan limit 685
compute initial stop until 0
current timestep 569
planning flow reduced
plan limit 584
compute initial stop until 0
current timestep 575
planning flow reduced
plan limit 569
compute initial stop until 0
current timestep 582
planning flow reduced
plan limit 603
compute initial stop until 0
current timestep 589
planning flow reduced
plan limit 597
compute initial stop until 0
current timestep 596
planning flow reduced
plan limit 589
compute initial stop until 0
current timestep 602
planning flow reduced
plan limit 734
compute initial stop until 0
current timestep 609
planning flow reduced
plan limit 707
compute initial stop until 0
current timestep 615
planning flow reduced
plan limit 722
compute initial stop until 0
current timestep 622
planning flow reduced
plan limit 748
compute initial stop until 0
current timestep 630
planning flow reduced
plan limit 777
compute initial stop until 0
current timestep 636
planning flow reduced
plan limit 728
compute initial stop until 0
current timestep 644
planning flow reduced
plan limit 720
compute initial stop until 0
current timestep 651
planning flow reduced
plan limit 740
compute initial stop until 0
current timestep 658
planning flow reduced
plan limit 630
compute initial stop until 0
current timestep 664
planning flow reduced
plan limit 610
compute initial stop until 0
current timestep 671
planning flow reduced
plan limit 717
compute initial stop until 0
current timestep 679
planning flow reduced
plan limit 757
compute initial stop until 0
current timestep 685
planning flow reduced
plan limit 755
compute initial stop until 0
current timestep 691
planning flow reduced
plan limit 785
compute initial stop until 0
current timestep 697
planning flow reduced
plan limit 755
compute initial stop until 0
current timestep 703
planning flow reduced
plan limit 625
compute initial stop until 0
current timestep 709
planning flow reduced
plan limit 722
compute initial stop until 0
current timestep 717
planning flow reduced
plan limit 782
compute initial stop until 0
current timestep 723
planning flow reduced
plan limit 760
compute initial stop until 0
current timestep 730
planning flow reduced
plan limit 728
compute initial stop until 0
current timestep 737
planning flow reduced
plan limit 718
compute initial stop until 0
current timestep 744
planning flow reduced
plan limit 583
compute initial stop until 0
current timestep 751
planning flow reduced
plan limit 774
compute initial stop until 0
current timestep 758
planning flow reduced
plan limit 610
compute initial stop until 0
current timestep 765
planning flow reduced
plan limit 756
compute initial stop until 0
current timestep 773
planning flow reduced
plan limit 689
compute initial stop until 0
current timestep 780
planning flow reduced
plan limit 669
compute initial stop until 0
current timestep 787
planning flow reduced
plan limit 744
compute initial stop until 0
current timestep 794
planning flow reduced
plan limit 691
compute initial stop until 0
current timestep 801
planning flow reduced
plan limit 735
compute initial stop until 0
current timestep 807
planning flow reduced
plan limit 666
compute initial stop until 0
current timestep 814
planning flow reduced
plan limit 692
compute initial stop until 0
current timestep 821
planning flow reduced
plan limit 711
compute initial stop until 0
current timestep 828
planning flow reduced
plan limit 742
compute initial stop until 0
current timestep 835
planning flow reduced
plan limit 732
compute initial stop until 0
current timestep 842
planning flow reduced
plan limit 763
compute initial stop until 0
current timestep 849
planning flow reduced
plan limit 739
compute initial stop until 0
current timestep 857
planning flow reduced
plan limit 791
compute initial stop until 0
current timestep 863
planning flow reduced
plan limit 702
compute initial stop until 0
current timestep 870
planning flow reduced
plan limit 729
compute initial stop until 0
current timestep 878
planning flow reduced
plan limit 773
compute initial stop until 0
current timestep 886
planning flow reduced
plan limit 745
compute initial stop until 0
current timestep 893
planning flow reduced
plan limit 781
compute initial stop until 0
current timestep 899
planning flow reduced
plan limit 786
compute initial stop until 0
current timestep 906
planning flow reduced
plan limit 731
compute initial stop until 0
current timestep 914
planning flow reduced
plan limit 775
compute initial stop until 0
current timestep 922
planning flow reduced
plan limit 783
compute initial stop until 0
current timestep 928
planning flow reduced
plan limit 772
compute initial stop until 0
current timestep 936
planning flow reduced
plan limit 726
compute initial stop until 0
current timestep 943
planning flow reduced
plan limit 793
compute initial stop until 0
current timestep 949
planning flow reduced
plan limit 744
compute initial stop until 0
current timestep 957
planning flow reduced
plan limit 738
compute initial stop until 0
current timestep 965
planning flow reduced
plan limit 745
compute initial stop until 0
current timestep 972
planning flow reduced
plan limit 736
compute initial stop until 0
current timestep 980
planning flow reduced
plan limit 784
compute initial stop until 0
current timestep 986
planning flow reduced
plan limit 791
compute initial stop until 0
current timestep 993
planning flow reduced
plan limit 707
compute initial stop until 0
current timestep 1000
planning flow reduced
plan limit 782
compute initial stop until 0
current timestep 1007
planning flow reduced
plan limit 709
compute initial stop until 0
current timestep 1014
planning flow reduced
plan limit 791
compute initial stop until 0
current timestep 1020
planning flow reduced
plan limit 778
compute initial stop until 0
current timestep 1026
planning flow reduced
plan limit 744
compute initial stop until 0
current timestep 1033
planning flow reduced
plan limit 773
compute initial stop until 0
current timestep 1039
planning flow reduced
plan limit 579
compute initial stop until 0
current timestep 1046
planning flow reduced
plan limit 713
compute initial stop until 0
current timestep 1053
planning flow reduced
plan limit 776
compute initial stop until 0
current timestep 1060
planning flow reduced
plan limit 720
compute initial stop until 0
current timestep 1067
planning flow reduced
plan limit 773
compute initial stop until 0
current timestep 1074
planning flow reduced
plan limit 771
compute initial stop until 0
current timestep 1081
planning flow reduced
plan limit 724
compute initial stop until 0
current timestep 1088
planning flow reduced
plan limit 768
compute initial stop until 0
current timestep 1095
planning flow reduced
plan limit 766
compute initial stop until 0
current timestep 1102
planning flow reduced
plan limit 748
compute initial stop until 0
current timestep 1109
planning flow reduced
plan limit 736
compute initial stop until 0
current timestep 1116
planning flow reduced
plan limit 658
compute initial stop until 0
current timestep 1123
planning flow reduced
plan limit 728
compute initial stop until 0
current timestep 1130
planning flow reduced
plan limit 656
compute initial stop until 0
current timestep 1137
planning flow reduced
plan limit 726
compute initial stop until 0
current timestep 1143
planning flow reduced
plan limit 726
compute initial stop until 0
current timestep 1150
planning flow reduced
plan limit 724
compute initial stop until 0
current timestep 1156
planning flow reduced
plan limit 634
compute initial stop until 0
current timestep 1163
planning flow reduced
plan limit 691
compute initial stop until 0
current timestep 1170
planning flow reduced
plan limit 694
compute initial stop until 0
current timestep 1177
planning flow reduced
plan limit 691
compute initial stop until 0
current timestep 1184
planning flow reduced
plan limit 715
compute initial stop until 0
current timestep 1191
planning flow reduced
plan limit 781
compute initial stop until 0
current timestep 1197
planning flow reduced
plan limit 747
compute initial stop until 0
current timestep 1203
planning flow reduced
plan limit 750
compute initial stop until 0
current timestep 1209
planning flow reduced
plan limit 781
compute initial stop until 0
current timestep 1215
planning flow reduced
plan limit 729
compute initial stop until 0
current timestep 1221
planning flow reduced
plan limit 714
compute initial stop until 0
current timestep 1229
planning flow reduced
plan limit 787
compute initial stop until 0
current timestep 1236
planning flow reduced
plan limit 789
compute initial stop until 0
current timestep 1242
planning flow reduced
plan limit 755
compute initial stop until 0
current timestep 1248
planning flow reduced
plan limit 640
compute initial stop until 0
current timestep 1255
planning flow reduced
plan limit 792
compute initial stop until 0
current timestep 1261
planning flow reduced
plan limit 786
compute initial stop until 0
current timestep 1267
planning flow reduced
plan limit 787
compute initial stop until 0
current timestep 1273
planning flow reduced
plan limit 734
compute initial stop until 0
current timestep 1280
planning flow reduced
plan limit 639
compute initial stop until 0
current timestep 1286
planning flow reduced
plan limit 731
compute initial stop until 0
current timestep 1293
planning flow reduced
plan limit 769
compute initial stop until 0
current timestep 1300
planning flow reduced
plan limit 792
compute initial stop until 0
current timestep 1306
planning flow reduced
plan limit 794
compute initial stop until 0
current timestep 1311
planning flow reduced
plan limit 792
compute initial stop until 0
current timestep 1317
planning flow reduced
plan limit 749
compute initial stop until 0
current timestep 1323
planning flow reduced
plan limit 735
compute initial stop until 0
current timestep 1329
planning flow reduced
plan limit 792
compute initial stop until 0
current timestep 1335
planning flow reduced
plan limit 739
compute initial stop until 0
current timestep 1341
planning flow reduced
plan limit 734
compute initial stop until 0
current timestep 1348
planning flow reduced
plan limit 642
compute initial stop until 0
current timestep 1354
planning flow reduced
plan limit 793
compute initial stop until 0
current timestep 1360
planning flow reduced
plan limit 789
compute initial stop until 0
current timestep 1366
planning flow reduced
plan limit 745
compute initial stop until 0
current timestep 1372
planning flow reduced
plan limit 788
compute initial stop until 0
current timestep 1378
planning flow reduced
plan limit 791
compute initial stop until 0
current timestep 1384
planning flow reduced
plan limit 793
compute initial stop until 0
current timestep 1390
planning flow reduced
plan limit 791
compute initial stop until 0
current timestep 1396
planning flow reduced
plan limit 746
compute initial stop until 0
current timestep 1402
planning flow reduced
plan limit 632
compute initial stop until 0
current timestep 1408
planning flow reduced
plan limit 739
compute initial stop until 0
current timestep 1415
planning flow reduced
plan limit 789
compute initial stop until 0
current timestep 1421
planning flow reduced
plan limit 744
compute initial stop until 0
current timestep 1428
planning flow reduced
plan limit 783
compute initial stop until 0
current timestep 1435
planning flow reduced
plan limit 781
compute initial stop until 0
current timestep 1442
planning flow reduced
plan limit 775
compute initial stop until 0
current timestep 1449
planning flow reduced
plan limit 728
compute initial stop until 0
current timestep 1456
planning flow reduced
plan limit 746
compute initial stop until 0
current timestep 1463
planning flow reduced
plan limit 713
compute initial stop until 0
current timestep 1469
planning flow reduced
plan limit 753
compute initial stop until 0
current timestep 1476
planning flow reduced
plan limit 696
compute initial stop until 0
current timestep 1482
planning flow reduced
plan limit 740
compute initial stop until 0
current timestep 1488
planning flow reduced
plan limit 723
compute initial stop until 0
current timestep 1494
planning flow reduced
plan limit 737
compute initial stop until 0
current timestep 1501
planning flow reduced
plan limit 737
compute initial stop until 0
current timestep 1508
planning flow reduced
plan limit 577
compute initial stop until 0
current timestep 1514
planning flow reduced
plan limit 685
compute initial stop until 0
current timestep 1520
planning flow reduced
plan limit 746
compute initial stop until 0
current timestep 1526
planning flow reduced
plan limit 749
compute initial stop until 0
current timestep 1533
planning flow reduced
plan limit 741
compute initial stop until 0
current timestep 1540
planning flow reduced
plan limit 763
compute initial stop until 0
current timestep 1546
planning flow reduced
plan limit 693
compute initial stop until 0
current timestep 1553
planning flow reduced
plan limit 738
compute initial stop until 0
current timestep 1560
planning flow reduced
plan limit 768
compute initial stop until 0
current timestep 1566
planning flow reduced
plan limit 768
compute initial stop until 0
current timestep 1572
planning flow reduced
plan limit 734
compute initial stop until 0
current timestep 1579
planning flow reduced
plan limit 731
compute initial stop until 0
current timestep 1586
planning flow reduced
plan limit 622
compute initial stop until 0
current timestep 1592
planning flow reduced
plan limit 748
compute initial stop until 0
current timestep 1598
planning flow reduced
plan limit 730
compute initial stop until 0
current timestep 1606
planning flow reduced
plan limit 789
compute initial stop until 0
current timestep 1612
planning flow reduced
plan limit 770
compute initial stop until 0
current timestep 1620
planning flow reduced
plan limit 790
compute initial stop until 0
current timestep 1626
planning flow reduced
plan limit 737
compute initial stop until 0
current timestep 1634
planning flow reduced
plan limit 785
compute initial stop until 0
current timestep 1640
planning flow reduced
plan limit 753
compute initial stop until 0
current timestep 1646
planning flow reduced
plan limit 790
compute initial stop until 0
current timestep 1652
planning flow reduced
plan limit 791
compute initial stop until 0
current timestep 1658
planning flow reduced
plan limit 735
compute initial stop until 0
current timestep 1664
planning flow reduced
plan limit 740
compute initial stop until 0
current timestep 1670
planning flow reduced
plan limit 790
compute initial stop until 0
current timestep 1675
planning flow reduced
plan limit 775
compute initial stop until 0
current timestep 1681
planning flow reduced
plan limit 790
compute initial stop until 0
current timestep 1687
planning flow reduced
plan limit 788
compute initial stop until 0
current timestep 1693
planning flow reduced
plan limit 792
compute initial stop until 0
current timestep 1699
planning flow reduced
plan limit 794
compute initial stop until 0
current timestep 1705
planning flow reduced
plan limit 788
compute initial stop until 0
current timestep 1711
planning flow reduced
plan limit 787
compute initial stop until 0
current timestep 1717
planning flow reduced
plan limit 614
compute initial stop until 0
current timestep 1724
planning flow reduced
plan limit 744
compute initial stop until 0
current timestep 1730
planning flow reduced
plan limit 745
compute initial stop until 0
current timestep 1736
planning flow reduced
plan limit 720
compute initial stop until 0
current timestep 1744
planning flow reduced
plan limit 793
compute initial stop until 0
current timestep 1750
planning flow reduced
plan limit 640
compute initial stop until 0
current timestep 1756
planning flow reduced
plan limit 793
compute initial stop until 0
current timestep 1761
planning flow reduced
plan limit 734
compute initial stop until 0
current timestep 1767
planning flow reduced
plan limit 792
compute initial stop until 0
current timestep 1772
planning flow reduced
plan limit 791
compute initial stop until 0
current timestep 1777
planning flow reduced
plan limit 791
compute initial stop until 0
current timestep 1783
planning flow reduced
plan limit 789
compute initial stop until 0
current timestep 1789
planning flow reduced
plan limit 737
compute initial stop until 0
current timestep 1796
planning flow reduced
plan limit 743
compute initial stop until 0
current timestep 1803
planning flow reduced
plan limit 712
compute initial stop until 0
current timestep 1810
planning flow reduced
plan limit 780
compute initial stop until 0
current timestep 1816
planning flow reduced
plan limit 724
compute initial stop until 0
current timestep 1822
planning flow reduced
plan limit 772
compute initial stop until 0
current timestep 1828
planning flow reduced
plan limit 722
compute initial stop until 0
current timestep 1834
planning flow reduced
plan limit 764
compute initial stop until 0
current timestep 1840
planning flow reduced
plan limit 703
compute initial stop until 0
current timestep 1846
planning flow reduced
plan limit 755
compute initial stop until 0
current timestep 1854
planning flow reduced
plan limit 712
compute initial stop until 0
current timestep 1863
planning flow reduced
plan limit 765
compute initial stop until 0
current timestep 1869
planning flow reduced
plan limit 727
compute initial stop until 0
current timestep 1875
planning flow reduced
plan limit 732
compute initial stop until 0
current timestep 1881
planning flow reduced
plan limit 730
compute initial stop until 0
current timestep 1887
planning flow reduced
plan limit 715
compute initial stop until 0
current timestep 1893
planning flow reduced
plan limit 554
compute initial stop until 0
current timestep 1899
planning flow reduced
plan limit 716
compute initial stop until 0
current timestep 1905
planning flow reduced
plan limit 670
compute initial stop until 0
current timestep 1911
planning flow reduced
plan limit 538
compute initial stop until 0
current timestep 1916
planning flow reduced
plan limit 653
compute initial stop until 0
current timestep 1924
planning flow reduced
plan limit 669
compute initial stop until 0
current timestep 1930
planning flow reduced
plan limit 720
compute initial stop until 0
current timestep 1936
planning flow reduced
plan limit 759
compute initial stop until 0
current timestep 1941
planning flow reduced
plan limit 767
compute initial stop until 0
current timestep 1946
planning flow reduced
plan limit 721
compute initial stop until 0
current timestep 1951
planning flow reduced
plan limit 761
compute initial stop until 0
current timestep 1956
planning flow reduced
plan limit 797
compute initial stop until 0
current timestep 1961
planning flow reduced
plan limit 787
compute initial stop until 0
current timestep 1966
planning flow reduced
plan limit 739
compute initial stop until 0
current timestep 1971
planning flow reduced
plan limit 751
compute initial stop until 0
current timestep 1976
planning flow reduced
plan limit 777
compute initial stop until 0
current timestep 1981
planning flow reduced
plan limit 760
compute initial stop until 0
current timestep 1986
planning flow reduced
plan limit 791
compute initial stop until 0
current timestep 1991
planning flow reduced
plan limit 603
compute initial stop until 0
current timestep 1997
planning flow reduced
plan limit 757
compute initial stop until 0
current timestep 2002
planning flow reduced
plan limit 743
compute initial stop until 0
current timestep 2009
planning flow reduced
plan limit 785
compute initial stop until 0
current timestep 2015
planning flow reduced
plan limit 729
compute initial stop until 0
current timestep 2021
planning flow reduced
plan limit 763
compute initial stop until 0
current timestep 2027
planning flow reduced
plan limit 790
compute initial stop until 0
current timestep 2032
planning flow reduced
plan limit 730
compute initial stop until 0
current timestep 2037
planning flow reduced
plan limit 761
compute initial stop until 0
current timestep 2042
planning flow reduced
plan limit 795
compute initial stop until 0
current timestep 2047
planning flow reduced
plan limit 737
compute initial stop until 0
current timestep 2052
planning flow reduced
plan limit 796
compute initial stop until 0
current timestep 2057
planning flow reduced
plan limit 739
compute initial stop until 0
current timestep 2062
planning flow reduced
plan limit 797
compute initial stop until 0
current timestep 2067
planning flow reduced
plan limit 766
compute initial stop until 0
current timestep 2074
planning flow reduced
plan limit 606
compute initial stop until 0
current timestep 2079
planning flow reduced
plan limit 794
compute initial stop until 0
current timestep 2084
planning flow reduced
plan limit 795
compute initial stop until 0
current timestep 2089
planning flow reduced
plan limit 796
compute initial stop until 0
current timestep 2094
planning flow reduced
plan limit 762
compute initial stop until 0
current timestep 2099
planning flow reduced
plan limit 736
compute initial stop until 0
current timestep 2104
planning flow reduced
plan limit 798
compute initial stop until 0
current timestep 2109
planning flow reduced
plan limit 796
compute initial stop until 0
current timestep 2114
planning flow reduced
plan limit 802
compute initial stop until 0
current timestep 2119
planning flow reduced
plan limit 788
compute initial stop until 0
current timestep 2124
planning flow reduced
plan limit 798
compute initial stop until 0
current timestep 2129
planning flow reduced
plan limit 794
compute initial stop until 0
current timestep 2134
planning flow reduced
plan limit 795
compute initial stop until 0
current timestep 2139
planning flow reduced
plan limit 743
compute initial stop until 0
current timestep 2144
planning flow reduced
plan limit 800
compute initial stop until 0
current timestep 2149
planning flow reduced
plan limit 795
compute initial stop until 0
current timestep 2154
planning flow reduced
plan limit 794
compute initial stop until 0
current timestep 2159
planning flow reduced
plan limit 793
compute initial stop until 0
current timestep 2164
planning flow reduced
plan limit 799
compute initial stop until 0
current timestep 2169
planning flow reduced
plan limit 796
compute initial stop until 0
current timestep 2174
planning flow reduced
plan limit 795
compute initial stop until 0
current timestep 2179
planning flow reduced
plan limit 763
compute initial stop until 0
current timestep 2184
planning flow reduced
plan limit 797
compute initial stop until 0
current timestep 2189
planning flow reduced
plan limit 796
compute initial stop until 0
current timestep 2194
planning flow reduced
plan limit 797
compute initial stop until 0
current timestep 2199
planning flow reduced
plan limit 763
compute initial stop until 0
current timestep 2203
planning flow reduced
plan limit 751
compute initial stop until 0
current timestep 2208
planning flow reduced
plan limit 764
compute initial stop until 0
current timestep 2212
planning flow reduced
plan limit 743
compute initial stop until 0
current timestep 2217
planning flow reduced
plan limit 745
compute initial stop until 0
current timestep 2222
planning flow reduced
plan limit 740
compute initial stop until 0
current timestep 2227
planning flow reduced
plan limit 796
compute initial stop until 0
current timestep 2232
planning flow reduced
plan limit 737
compute initial stop until 0
current timestep 2237
planning flow reduced
plan limit 745
compute initial stop until 0
current timestep 2242
planning flow reduced
plan limit 788
compute initial stop until 0
current timestep 2246
planning flow reduced
plan limit 739
compute initial stop until 0
current timestep 2251
planning flow reduced
plan limit 731
compute initial stop until 0
current timestep 2256
planning flow reduced
plan limit 790
compute initial stop until 0
current timestep 2261
planning flow reduced
plan limit 744
compute initial stop until 0
current timestep 2266
planning flow reduced
plan limit 790
compute initial stop until 0
current timestep 2271
planning flow reduced
plan limit 786
compute initial stop until 0
current timestep 2276
planning flow reduced
plan limit 792
compute initial stop until 0
current timestep 2281
planning flow reduced
plan limit 750
compute initial stop until 0
current timestep 2286
planning flow reduced
plan limit 750
compute initial stop until 0
current timestep 2291
planning flow reduced
plan limit 790
compute initial stop until 0
current timestep 2296
planning flow reduced
plan limit 789
compute initial stop until 0
current timestep 2301
planning flow reduced
plan limit 783
compute initial stop until 0
current timestep 2306
planning flow reduced
plan limit 732
compute initial stop until 0
current timestep 2312
planning flow reduced
plan limit 733
compute initial stop until 0
current timestep 2318
planning flow reduced
plan limit 786
compute initial stop until 0
current timestep 2323
planning flow reduced
plan limit 737
compute initial stop until 0
current timestep 2328
planning flow reduced
plan limit 784
compute initial stop until 0
current timestep 2333
planning flow reduced
plan limit 722
compute initial stop until 0
current timestep 2339
planning flow reduced
plan limit 780
compute initial stop until 0
current timestep 2344
planning flow reduced
plan limit 775
compute initial stop until 0
current timestep 2349
planning flow reduced
plan limit 756
compute initial stop until 0
current timestep 2354
planning flow reduced
plan limit 784
compute initial stop until 0
current timestep 2359
planning flow reduced
plan limit 779
compute initial stop until 0
current timestep 2364
planning flow reduced
plan limit 728
compute initial stop until 0
current timestep 2370
planning flow reduced
plan limit 777
compute initial stop until 0
current timestep 2375
planning flow reduced
plan limit 619
compute initial stop until 0
current timestep 2381
planning flow reduced
plan limit 765
compute initial stop until 0
current timestep 2386
planning flow reduced
plan limit 743
compute initial stop until 0
current timestep 2391
planning flow reduced
plan limit 699
compute initial stop until 0
current timestep 2397
planning flow reduced
plan limit 711
compute initial stop until 0
current timestep 2403
planning flow reduced
plan limit 774
compute initial stop until 0
current timestep 2408
planning flow reduced
plan limit 717
compute initial stop until 0
current timestep 2414
planning flow reduced
plan limit 732
compute initial stop until 0
current timestep 2419
planning flow reduced
plan limit 756
compute initial stop until 0
current timestep 2424
planning flow reduced
plan limit 768
compute initial stop until 0
current timestep 2429
planning flow reduced
plan limit 761
compute initial stop until 0
current timestep 2434
planning flow reduced
plan limit 618
compute initial stop until 0
current timestep 2439
planning flow reduced
plan limit 710
compute initial stop until 0
current timestep 2444
planning flow reduced
plan limit 760
compute initial stop until 0
current timestep 2449
planning flow reduced
plan limit 636
compute initial stop until 0
current timestep 2455
planning flow reduced
plan limit 780
compute initial stop until 0
current timestep 2460
planning flow reduced
plan limit 733
compute initial stop until 0
current timestep 2465
planning flow reduced
plan limit 757
compute initial stop until 0
current timestep 2470
planning flow reduced
plan limit 734
compute initial stop until 0
current timestep 2475
planning flow reduced
plan limit 789
compute initial stop until 0
current timestep 2480
planning flow reduced
plan limit 771
compute initial stop until 0
current timestep 2485
planning flow reduced
plan limit 779
compute initial stop until 0
current timestep 2490
planning flow reduced
plan limit 731
compute initial stop until 0
current timestep 2495
planning flow reduced
plan limit 738
compute initial stop until 0
current timestep 2500
planning flow reduced
plan limit 789
compute initial stop until 0
current timestep 2505
planning flow reduced
plan limit 790
compute initial stop until 0
current timestep 2510
planning flow reduced
plan limit 791
compute initial stop until 0
current timestep 2516
planning flow reduced
plan limit 740
compute initial stop until 0
current timestep 2521
planning flow reduced
plan limit 788
compute initial stop until 0
current timestep 2526
planning flow reduced
plan limit 798
compute initial stop until 0
current timestep 2531
planning flow reduced
plan limit 785
compute initial stop until 0
current timestep 2536
planning flow reduced
plan limit 798
compute initial stop until 0
current timestep 2541
planning flow reduced
plan limit 793
compute initial stop until 0
current timestep 2546
planning flow reduced
plan limit 740
compute initial stop until 0
current timestep 2551
planning flow reduced
plan limit 750
compute initial stop until 0
current timestep 2556
planning flow reduced
plan limit 652
compute initial stop until 0
current timestep 2562
planning flow reduced
plan limit 798
compute initial stop until 0
current timestep 2568
planning flow reduced
plan limit 792
compute initial stop until 0
current timestep 2573
planning flow reduced
plan limit 745
compute initial stop until 0
current timestep 2578
planning flow reduced
plan limit 795
compute initial stop until 0
current timestep 2584
planning flow reduced
plan limit 760
compute initial stop until 0
current timestep 2589
planning flow reduced
plan limit 796
compute initial stop until 0
current timestep 2594
planning flow reduced
plan limit 762
compute initial stop until 0
current timestep 2599
planning flow reduced
plan limit 745
compute initial stop until 0
current timestep 2604
planning flow reduced
plan limit 762
compute initial stop until 0
current timestep 2609
planning flow reduced
plan limit 759
compute initial stop until 0
current timestep 2615
planning flow reduced
plan limit 742
compute initial stop until 0
current timestep 2621
planning flow reduced
plan limit 794
compute initial stop until 0
current timestep 2627
planning flow reduced
plan limit 799
compute initial stop until 0
current timestep 2632
planning flow reduced
plan limit 796
compute initial stop until 0
current timestep 2637
planning flow reduced
plan limit 646
compute initial stop until 0
current timestep 2643
planning flow reduced
plan limit 739
compute initial stop until 0
current timestep 2648
planning flow reduced
plan limit 757
compute initial stop until 0
current timestep 2653
planning flow reduced
plan limit 791
compute initial stop until 0
current timestep 2658
planning flow reduced
plan limit 794
compute initial stop until 0
current timestep 2663
planning flow reduced
plan limit 739
compute initial stop until 0
current timestep 2668
planning flow reduced
plan limit 755
compute initial stop until 0
current timestep 2673
planning flow reduced
plan limit 796
compute initial stop until 0
current timestep 2678
planning flow reduced
plan limit 745
compute initial stop until 0
current timestep 2683
planning flow reduced
plan limit 753
compute initial stop until 0
current timestep 2688
planning flow reduced
plan limit 788
compute initial stop until 0
current timestep 2693
planning flow reduced
plan limit 788
compute initial stop until 0
current timestep 2698
planning flow reduced
plan limit 729
compute initial stop until 0
current timestep 2703
planning flow reduced
plan limit 639
compute initial stop until 0
current timestep 2708
planning flow reduced
plan limit 788
compute initial stop until 0
current timestep 2715
planning flow reduced
plan limit 689
compute initial stop until 0
current timestep 2724
planning flow reduced
plan limit 700
compute initial stop until 0
current timestep 2731
planning flow reduced
plan limit 728
compute initial stop until 0
current timestep 2737
planning flow reduced
plan limit 786
compute initial stop until 0
current timestep 2742
planning flow reduced
plan limit 788
compute initial stop until 0
current timestep 2747
planning flow reduced
plan limit 745
compute initial stop until 0
current timestep 2752
planning flow reduced
plan limit 720
compute initial stop until 0
current timestep 2758
planning flow reduced
plan limit 787
compute initial stop until 0
current timestep 2763
planning flow reduced
plan limit 772
compute initial stop until 0
current timestep 2768
planning flow reduced
plan limit 774
compute initial stop until 0
current timestep 2773
planning flow reduced
plan limit 784
compute initial stop until 0
current timestep 2778
planning flow reduced
plan limit 714
compute initial stop until 0
current timestep 2784
planning flow reduced
plan limit 766
compute initial stop until 0
current timestep 2793
planning flow reduced
plan limit 616
compute initial stop until 0
current timestep 2801
planning flow reduced
plan limit 734
compute initial stop until 0
current timestep 2807
planning flow reduced
plan limit 684
compute initial stop until 0
current timestep 2812
planning flow reduced
plan limit 558
compute initial stop until 0
current timestep 2819
planning flow reduced
plan limit 686
compute initial stop until 0
current timestep 2825
planning flow reduced
plan limit 719
compute initial stop until 0
current timestep 2830
planning flow reduced
plan limit 675
compute initial stop until 0
current timestep 2836
planning flow reduced
plan limit 728
compute initial stop until 0
current timestep 2841
planning flow reduced
plan limit 741
compute initial stop until 0
current timestep 2847
planning flow reduced
plan limit 731
compute initial stop until 0
current timestep 2853
planning flow reduced
plan limit 715
compute initial stop until 0
current timestep 2859
planning flow reduced
plan limit 726
compute initial stop until 0
current timestep 2864
planning flow reduced
plan limit 761
compute initial stop until 0
current timestep 2869
planning flow reduced
plan limit 776
compute initial stop until 0
current timestep 2874
planning flow reduced
plan limit 756
compute initial stop until 0
current timestep 2879
planning flow reduced
plan limit 724
compute initial stop until 0
current timestep 2884
planning flow reduced
plan limit 773
compute initial stop until 0
current timestep 2889
planning flow reduced
plan limit 754
compute initial stop until 0
current timestep 2895
planning flow reduced
plan limit 784
compute initial stop until 0
current timestep 2900
planning flow reduced
plan limit 732
compute initial stop until 0
current timestep 2905
planning flow reduced
plan limit 791
compute initial stop until 0
current timestep 2910
planning flow reduced
plan limit 781
compute initial stop until 0
current timestep 2915
planning flow reduced
plan limit 735
compute initial stop until 0
current timestep 2921
planning flow reduced
plan limit 735
compute initial stop until 0
current timestep 2926
planning flow reduced
plan limit 786
compute initial stop until 0
current timestep 2931
planning flow reduced
plan limit 784
compute initial stop until 0
current timestep 2937
planning flow reduced
plan limit 757
compute initial stop until 0
current timestep 2943
planning flow reduced
plan limit 727
compute initial stop until 0
current timestep 2948
planning flow reduced
plan limit 788
compute initial stop until 0
current timestep 2953
planning flow reduced
plan limit 751
compute initial stop until 0
current timestep 2959
planning flow reduced
plan limit 797
compute initial stop until 0
current timestep 2964
planning flow reduced
plan limit 786
compute initial stop until 0
current timestep 2969
planning flow reduced
plan limit 762
compute initial stop until 0
current timestep 2975
planning flow reduced
plan limit 758
compute initial stop until 0
current timestep 2983
planning flow reduced
plan limit 748
compute initial stop until 0
current timestep 2989
planning flow reduced
plan limit 759
compute initial stop until 0
current timestep 2995
planning flow reduced
plan limit 739
compute initial stop until 0
current timestep 3001
planning flow reduced
plan limit 792
compute initial stop until 0
current timestep 3006
planning flow reduced
plan limit 778
compute initial stop until 0
current timestep 3011
planning flow reduced
plan limit 740
compute initial stop until 0
current timestep 3017
planning flow reduced
plan limit 784
compute initial stop until 0
current timestep 3022
planning flow reduced
plan limit 788
compute initial stop until 0
current timestep 3027
planning flow reduced
plan limit 785
compute initial stop until 0
current timestep 3033
planning flow reduced
plan limit 760
compute initial stop until 0
current timestep 3038
planning flow reduced
plan limit 783
compute initial stop until 0
current timestep 3043
planning flow reduced
plan limit 785
compute initial stop until 0
current timestep 3048
planning flow reduced
plan limit 734
compute initial stop until 0
current timestep 3054
planning flow reduced
plan limit 782
compute initial stop until 0
current timestep 3060
planning flow reduced
plan limit 795
compute initial stop until 0
current timestep 3066
planning flow reduced
plan limit 739
compute initial stop until 0
current timestep 3072
planning flow reduced
plan limit 796
compute initial stop until 0
current timestep 3077
planning flow reduced
plan limit 622
compute initial stop until 0
current timestep 3083
planning flow reduced
plan limit 796
compute initial stop until 0
current timestep 3088
planning flow reduced
plan limit 746
compute initial stop until 0
current timestep 3093
planning flow reduced
plan limit 796
compute initial stop until 0
current timestep 3098
planning flow reduced
plan limit 787
compute initial stop until 0
current timestep 3103
planning flow reduced
plan limit 795
compute initial stop until 0
current timestep 3108
planning flow reduced
plan limit 786
compute initial stop until 0
current timestep 3113
planning flow reduced
plan limit 786
compute initial stop until 0
current timestep 3118
planning flow reduced
plan limit 748
compute initial stop until 0
current timestep 3124
planning flow reduced
plan limit 788
compute initial stop until 0
current timestep 3129
planning flow reduced
plan limit 783
compute initial stop until 0
current timestep 3134
planning flow reduced
plan limit 785
compute initial stop until 0
current timestep 3139
planning flow reduced
plan limit 783
compute initial stop until 0
current timestep 3144
planning flow reduced
plan limit 726
compute initial stop until 0
current timestep 3149
planning flow reduced
plan limit 784
compute initial stop until 0
current timestep 3154
planning flow reduced
plan limit 785
compute initial stop until 0
current timestep 3159
planning flow reduced
plan limit 738
compute initial stop until 0
current timestep 3165
planning flow reduced
plan limit 786
compute initial stop until 0
current timestep 3170
planning flow reduced
plan limit 782
compute initial stop until 0
current timestep 3175
planning flow reduced
plan limit 749
compute initial stop until 0
current timestep 3180
planning flow reduced
plan limit 783
compute initial stop until 0
current timestep 3186
planning flow reduced
plan limit 783
compute initial stop until 0
current timestep 3192
planning flow reduced
plan limit 783
compute initial stop until 0
current timestep 3198
planning flow reduced
plan limit 782
compute initial stop until 0
current timestep 3203
planning flow reduced
plan limit 784
compute initial stop until 0
current timestep 3209
planning flow reduced
plan limit 718
compute initial stop until 0
current timestep 3214
planning flow reduced
plan limit 721
compute initial stop until 0
current timestep 3219
planning flow reduced
plan limit 768
compute initial stop until 0
current timestep 3224
planning flow reduced
plan limit 746
compute initial stop until 0
current timestep 3229
planning flow reduced
plan limit 710
compute initial stop until 0
current timestep 3237
planning flow reduced
plan limit 771
compute initial stop until 0
current timestep 3242
planning flow reduced
plan limit 628
compute initial stop until 0
current timestep 3248
planning flow reduced
plan limit 762
compute initial stop until 0
current timestep 3254
planning flow reduced
plan limit 677
compute initial stop until 0
current timestep 3260
planning flow reduced
plan limit 696
compute initial stop until 0
current timestep 3266
planning flow reduced
plan limit 765
compute initial stop until 0
current timestep 3271
planning flow reduced
plan limit 709
compute initial stop until 0
current timestep 3277
planning flow reduced
plan limit 759
compute initial stop until 0
current timestep 3282
planning flow reduced
plan limit 761
compute initial stop until 0
current timestep 3287
planning flow reduced
plan limit 695
compute initial stop until 0
current timestep 3292
planning flow reduced
plan limit 573
compute initial stop until 0
current timestep 3297
planning flow reduced
plan limit 741
compute initial stop until 0
current timestep 3303
planning flow reduced
plan limit 751
compute initial stop until 0
current timestep 3308
planning flow reduced
plan limit 778
compute initial stop until 0
current timestep 3314
planning flow reduced
plan limit 776
compute initial stop until 0
current timestep 3320
planning flow reduced
plan limit 677
compute initial stop until 0
current timestep 3325
planning flow reduced
plan limit 728
compute initial stop until 0
current timestep 3330
planning flow reduced
plan limit 713
compute initial stop until 0
current timestep 3336
planning flow reduced
plan limit 706
compute initial stop until 0
current timestep 3341
planning flow reduced
plan limit 765
compute initial stop until 0
current timestep 3347
planning flow reduced
plan limit 750
compute initial stop until 0
current timestep 3352
planning flow reduced
plan limit 774
compute initial stop until 0
current timestep 3357
planning flow reduced
plan limit 757
compute initial stop until 0
current timestep 3363
planning flow reduced
plan limit 784
compute initial stop until 0
current timestep 3368
planning flow reduced
plan limit 776
compute initial stop until 0
current timestep 3374
planning flow reduced
plan limit 736
compute initial stop until 0
current timestep 3379
planning flow reduced
plan limit 747
compute initial stop until 0
current timestep 3384
planning flow reduced
plan limit 752
compute initial stop until 0
current timestep 3390
planning flow reduced
plan limit 777
compute initial stop until 0
current timestep 3395
planning flow reduced
plan limit 794
compute initial stop until 0
current timestep 3400
planning flow reduced
plan limit 619
compute initial stop until 0
current timestep 3406
planning flow reduced
plan limit 796
compute initial stop until 0
current timestep 3411
planning flow reduced
plan limit 772
compute initial stop until 0
current timestep 3416
planning flow reduced
plan limit 748
compute initial stop until 0
current timestep 3421
planning flow reduced
plan limit 793
compute initial stop until 0
current timestep 3426
planning flow reduced
plan limit 781
compute initial stop until 0
current timestep 3431
planning flow reduced
plan limit 795
compute initial stop until 0
current timestep 3436
planning flow reduced
plan limit 786
compute initial stop until 0
current timestep 3441
planning flow reduced
plan limit 794
compute initial stop until 0
current timestep 3446
planning flow reduced
plan limit 764
compute initial stop until 0
current timestep 3451
planning flow reduced
plan limit 760
compute initial stop until 0
current timestep 3456
planning flow reduced
plan limit 778
compute initial stop until 0
current timestep 3461
planning flow reduced
plan limit 759
compute initial stop until 0
current timestep 3466
planning flow reduced
plan limit 784
compute initial stop until 0
current timestep 3472
planning flow reduced
plan limit 796
compute initial stop until 0
current timestep 3476
planning flow reduced
plan limit 760
compute initial stop until 0
current timestep 3482
planning flow reduced
plan limit 756
compute initial stop until 0
current timestep 3487
planning flow reduced
plan limit 786
compute initial stop until 0
current timestep 3492
planning flow reduced
plan limit 796
compute initial stop until 0
current timestep 3497
planning flow reduced
plan limit 723
compute initial stop until 0
current timestep 3502
planning flow reduced
plan limit 794
compute initial stop until 0
current timestep 3506
planning flow reduced
plan limit 764
compute initial stop until 0
current timestep 3511
planning flow reduced
plan limit 782
compute initial stop until 0
current timestep 3516
planning flow reduced
plan limit 752
compute initial stop until 0
current timestep 3521
planning flow reduced
plan limit 765
compute initial stop until 0
current timestep 3527
planning flow reduced
plan limit 689
compute initial stop until 0
current timestep 3532
planning flow reduced
plan limit 700
compute initial stop until 0
current timestep 3538
planning flow reduced
plan limit 784
compute initial stop until 0
current timestep 3543
planning flow reduced
plan limit 798
compute initial stop until 0
current timestep 3547
planning flow reduced
plan limit 782
compute initial stop until 0
current timestep 3552
planning flow reduced
plan limit 792
compute initial stop until 0
current timestep 3557
planning flow reduced
plan limit 753
compute initial stop until 0
current timestep 3562
planning flow reduced
plan limit 793
compute initial stop until 0
current timestep 3567
planning flow reduced
plan limit 788
compute initial stop until 0
current timestep 3572
planning flow reduced
plan limit 797
compute initial stop until 0
current timestep 3577
planning flow reduced
plan limit 726
compute initial stop until 0
current timestep 3582
planning flow reduced
plan limit 788
compute initial stop until 0
current timestep 3587
planning flow reduced
plan limit 743
compute initial stop until 0
current timestep 3592
planning flow reduced
plan limit 791
compute initial stop until 0
current timestep 3597
planning flow reduced
plan limit 785
compute initial stop until 0
current timestep 3602
planning flow reduced
plan limit 792
compute initial stop until 0
current timestep 3607
planning flow reduced
plan limit 784
compute initial stop until 0
current timestep 3612
planning flow reduced
plan limit 739
compute initial stop until 0
current timestep 3617
planning flow reduced
plan limit 781
compute initial stop until 0
current timestep 3623
planning flow reduced
plan limit 781
compute initial stop until 0
current timestep 3628
planning flow reduced
plan limit 782
compute initial stop until 0
current timestep 3633
planning flow reduced
plan limit 747
compute initial stop until 0
current timestep 3638
planning flow reduced
plan limit 781
compute initial stop until 0
current timestep 3643
planning flow reduced
plan limit 744
compute initial stop until 0
current timestep 3648
planning flow reduced
plan limit 784
compute initial stop until 0
current timestep 3653
planning flow reduced
plan limit 718
compute initial stop until 0
current timestep 3658
planning flow reduced
plan limit 777
compute initial stop until 0
current timestep 3663
planning flow reduced
plan limit 734
compute initial stop until 0
current timestep 3668
planning flow reduced
plan limit 772
compute initial stop until 0
current timestep 3673
planning flow reduced
plan limit 774
compute initial stop until 0
current timestep 3678
planning flow reduced
plan limit 735
compute initial stop until 0
current timestep 3683
planning flow reduced
plan limit 712
compute initial stop until 0
current timestep 3688
planning flow reduced
plan limit 777
compute initial stop until 0
current timestep 3693
planning flow reduced
plan limit 726
compute initial stop until 0
current timestep 3698
planning flow reduced
plan limit 740
compute initial stop until 0
current timestep 3704
planning flow reduced
plan limit 562
compute initial stop until 0
current timestep 3712
planning flow reduced
plan limit 723
compute initial stop until 0
current timestep 3718
planning flow reduced
plan limit 733
compute initial stop until 0
current timestep 3724
planning flow reduced
plan limit 723
compute initial stop until 0
current timestep 3730
planning flow reduced
plan limit 767
compute initial stop until 0
current timestep 3735
planning flow reduced
plan limit 657
compute initial stop until 0
current timestep 3742
planning flow reduced
plan limit 734
compute initial stop until 0
current timestep 3747
planning flow reduced
plan limit 558
compute initial stop until 0
current timestep 3754
planning flow reduced
plan limit 693
compute initial stop until 0
current timestep 3759
planning flow reduced
plan limit 683
compute initial stop until 0
current timestep 3766
planning flow reduced
plan limit 693
compute initial stop until 0
current timestep 3772
planning flow reduced
plan limit 749
compute initial stop until 0
current timestep 3777
planning flow reduced
plan limit 699
compute initial stop until 0
current timestep 3783
planning flow reduced
plan limit 765
compute initial stop until 0
current timestep 3789
planning flow reduced
plan limit 730
compute initial stop until 0
current timestep 3794
planning flow reduced
plan limit 687
compute initial stop until 0
current timestep 3799
planning flow reduced
plan limit 580
compute initial stop until 0
current timestep 3805
planning flow reduced
plan limit 778
compute initial stop until 0
current timestep 3810
planning flow reduced
plan limit 745
compute initial stop until 0
current timestep 3816
planning flow reduced
plan limit 796
compute initial stop until 0
current timestep 3821
planning flow reduced
plan limit 765
compute initial stop until 0
current timestep 3826
planning flow reduced
plan limit 718
compute initial stop until 0
current timestep 3831
planning flow reduced
plan limit 772
compute initial stop until 0
current timestep 3836
planning flow reduced
plan limit 768
compute initial stop until 0
current timestep 3841
planning flow reduced
plan limit 726
compute initial stop until 0
current timestep 3846
planning flow reduced
plan limit 748
compute initial stop until 0
current timestep 3852
planning flow reduced
plan limit 785
compute initial stop until 0
current timestep 3857
planning flow reduced
plan limit 741
compute initial stop until 0
current timestep 3863
planning flow reduced
plan limit 781
compute initial stop until 0
current timestep 3868
planning flow reduced
plan limit 788
compute initial stop until 0
current timestep 3873
planning flow reduced
plan limit 793
compute initial stop until 0
current timestep 3879
planning flow reduced
plan limit 786
compute initial stop until 0
current timestep 3884
planning flow reduced
plan limit 751
compute initial stop until 0
current timestep 3890
planning flow reduced
plan limit 755
compute initial stop until 0
current timestep 3896
planning flow reduced
plan limit 739
compute initial stop until 0
current timestep 3901
planning flow reduced
plan limit 787
compute initial stop until 0
current timestep 3906
planning flow reduced
plan limit 785
compute initial stop until 0
current timestep 3911
planning flow reduced
plan limit 739
compute initial stop until 0
current timestep 3916
planning flow reduced
plan limit 789
compute initial stop until 0
current timestep 3921
planning flow reduced
plan limit 750
compute initial stop until 0
current timestep 3927
planning flow reduced
plan limit 790
compute initial stop until 0
current timestep 3932
planning flow reduced
plan limit 747
compute initial stop until 0
current timestep 3938
planning flow reduced
plan limit 789
compute initial stop until 0
current timestep 3943
planning flow reduced
plan limit 790
compute initial stop until 0
current timestep 3948
planning flow reduced
plan limit 789
compute initial stop until 0
current timestep 3953
planning flow reduced
plan limit 793
compute initial stop until 0
current timestep 3958
planning flow reduced
plan limit 788
compute initial stop until 0
current timestep 3963
planning flow reduced
plan limit 788
compute initial stop until 0
current timestep 3968
planning flow reduced
plan limit 787
compute initial stop until 0
current timestep 3973
planning flow reduced
plan limit 788
compute initial stop until 0
current timestep 3978
planning flow reduced
plan limit 719
compute initial stop until 0
current timestep 3983
planning flow reduced
plan limit 792
compute initial stop until 0
current timestep 3988
planning flow reduced
plan limit 787
compute initial stop until 0
current timestep 3992
planning flow reduced
plan limit 749
compute initial stop until 0
current timestep 3997
planning flow reduced
plan limit 787
compute initial stop until 0
current timestep 4002
planning flow reduced
plan limit 786
compute initial stop until 0
current timestep 4007
planning flow reduced
plan limit 783
compute initial stop until 0
current timestep 4012
planning flow reduced
plan limit 734
compute initial stop until 0
current timestep 4018
planning flow reduced
plan limit 720
compute initial stop until 0
current timestep 4023
planning flow reduced
plan limit 787
compute initial stop until 0
current timestep 4028
planning flow reduced
plan limit 632
compute initial stop until 0
current timestep 4034
planning flow reduced
plan limit 723
compute initial stop until 0
current timestep 4040
planning flow reduced
plan limit 770
compute initial stop until 0
current timestep 4046
planning flow reduced
plan limit 762
compute initial stop until 0
current timestep 4052
planning flow reduced
plan limit 786
compute initial stop until 0
current timestep 4057
planning flow reduced
plan limit 771
compute initial stop until 0
current timestep 4062
planning flow reduced
plan limit 784
compute initial stop until 0
current timestep 4067
planning flow reduced
plan limit 780
compute initial stop until 0
current timestep 4072
planning flow reduced
plan limit 787
compute initial stop until 0
current timestep 4077
planning flow reduced
plan limit 780
compute initial stop until 0
current timestep 4082
planning flow reduced
plan limit 789
compute initial stop until 0
current timestep 4087
planning flow reduced
plan limit 783
compute initial stop until 0
current timestep 4092
planning flow reduced
plan limit 788
compute initial stop until 0
current timestep 4097
planning flow reduced
plan limit 722
compute initial stop until 0
current timestep 4103
planning flow reduced
plan limit 779
compute initial stop until 0
current timestep 4108
planning flow reduced
plan limit 711
compute initial stop until 0
current timestep 4113
planning flow reduced
plan limit 741
compute initial stop until 0
current timestep 4118
planning flow reduced
plan limit 788
compute initial stop until 0
current timestep 4123
planning flow reduced
plan limit 776
compute initial stop until 0
current timestep 4128
planning flow reduced
plan limit 717
compute initial stop until 0
current timestep 4133
planning flow reduced
plan limit 779
compute initial stop until 0
current timestep 4138
planning flow reduced
plan limit 788
compute initial stop until 0
current timestep 4143
planning flow reduced
plan limit 779
compute initial stop until 0
current timestep 4148
planning flow reduced
plan limit 788
compute initial stop until 0
current timestep 4153
planning flow reduced
plan limit 786
compute initial stop until 0
current timestep 4158
planning flow reduced
plan limit 784
compute initial stop until 0
current timestep 4163
planning flow reduced
plan limit 776
compute initial stop until 0
current timestep 4169
planning flow reduced
plan limit 781
compute initial stop until 0
current timestep 4174
planning flow reduced
plan limit 763
compute initial stop until 0
current timestep 4179
planning flow reduced
plan limit 761
compute initial stop until 0
current timestep 4185
planning flow reduced
plan limit 693
compute initial stop until 0
current timestep 4190
planning flow reduced
plan limit 769
compute initial stop until 0
current timestep 4195
planning flow reduced
plan limit 712
compute initial stop until 0
current timestep 4200
planning flow reduced
plan limit 775
compute initial stop until 0
current timestep 4205
planning flow reduced
plan limit 736
compute initial stop until 0
current timestep 4211
planning flow reduced
plan limit 753
compute initial stop until 0
current timestep 4216
planning flow reduced
plan limit 754
compute initial stop until 0
current timestep 4221
planning flow reduced
plan limit 700
compute initial stop until 0
current timestep 4226
planning flow reduced
plan limit 660
compute initial stop until 0
current timestep 4232
planning flow reduced
plan limit 695
compute initial stop until 0
current timestep 4237
planning flow reduced
plan limit 687
compute initial stop until 0
current timestep 4242
planning flow reduced
plan limit 554
compute initial stop until 0
current timestep 4247
planning flow reduced
plan limit 767
compute initial stop until 0
current timestep 4251
planning flow reduced
plan limit 759
compute initial stop until 0
current timestep 4255
planning flow reduced
plan limit 740
compute initial stop until 0
current timestep 4260
planning flow reduced
plan limit 761
compute initial stop until 0
current timestep 4265
planning flow reduced
plan limit 780
compute initial stop until 0
current timestep 4270
planning flow reduced
plan limit 739
compute initial stop until 0
current timestep 4274
planning flow reduced
plan limit 787
compute initial stop until 0
current timestep 4279
planning flow reduced
plan limit 781
compute initial stop until 0
current timestep 4284
planning flow reduced
plan limit 761
compute initial stop until 0
current timestep 4288
planning flow reduced
plan limit 766
compute initial stop until 0
current timestep 4293
planning flow reduced
plan limit 699
compute initial stop until 0
current timestep 4297
planning flow reduced
plan limit 761
compute initial stop until 0
current timestep 4301
planning flow reduced
plan limit 719
compute initial stop until 0
current timestep 4305
planning flow reduced
plan limit 774
compute initial stop until 0
current timestep 4310
planning flow reduced
plan limit 653
compute initial stop until 0
current timestep 4316
planning flow reduced
plan limit 784
compute initial stop until 0
current timestep 4321
planning flow reduced
plan limit 737
compute initial stop until 0
current timestep 4327
planning flow reduced
plan limit 580
compute initial stop until 0
current timestep 4332
planning flow reduced
plan limit 783
compute initial stop until 0
current timestep 4337
planning flow reduced
plan limit 789
compute initial stop until 0
current timestep 4342
planning flow reduced
plan limit 722
compute initial stop until 0
current timestep 4346
planning flow reduced
plan limit 775
compute initial stop until 0
current timestep 4351
planning flow reduced
plan limit 783
compute initial stop until 0
current timestep 4356
planning flow reduced
plan limit 761
compute initial stop until 0
current timestep 4361
planning flow reduced
plan limit 800
compute initial stop until 0
current timestep 4367
planning flow reduced
plan limit 792
compute initial stop until 0
current timestep 4372
planning flow reduced
plan limit 743
compute initial stop until 0
current timestep 4376
planning flow reduced
plan limit 794
compute initial stop until 0
current timestep 4381
planning flow reduced
plan limit 739
compute initial stop until 0
current timestep 4385
planning flow reduced
plan limit 739
compute initial stop until 0
current timestep 4389
planning flow reduced
plan limit 792
compute initial stop until 0
current timestep 4394
planning flow reduced
plan limit 788
compute initial stop until 0
current timestep 4399
planning flow reduced
plan limit 792
compute initial stop until 0
current timestep 4404
planning flow reduced
plan limit 735
compute initial stop until 0
current timestep 4408
planning flow reduced
plan limit 736
compute initial stop until 0
current timestep 4412
planning flow reduced
plan limit 792
compute initial stop until 0
current timestep 4417
planning flow reduced
plan limit 793
compute initial stop until 0
current timestep 4422
planning flow reduced
plan limit 788
compute initial stop until 0
current timestep 4427
planning flow reduced
plan limit 795
compute initial stop until 0
current timestep 4432
planning flow reduced
plan limit 629
compute initial stop until 0
current timestep 4437
planning flow reduced
plan limit 761
compute initial stop until 0
current timestep 4443
planning flow reduced
plan limit 792
compute initial stop until 0
current timestep 4448
planning flow reduced
plan limit 795
compute initial stop until 0
current timestep 4454
planning flow reduced
plan limit 741
compute initial stop until 0
current timestep 4458
planning flow reduced
plan limit 754
compute initial stop until 0
current timestep 4462
planning flow reduced
plan limit 795
compute initial stop until 0
current timestep 4467
planning flow reduced
plan limit 778
compute initial stop until 0
current timestep 4472
planning flow reduced
plan limit 633
compute initial stop until 0
current timestep 4477
planning flow reduced
plan limit 785
compute initial stop until 0
current timestep 4482
planning flow reduced
plan limit 791
compute initial stop until 0
current timestep 4487
planning flow reduced
plan limit 792
compute initial stop until 0
current timestep 4493
planning flow reduced
plan limit 795
compute initial stop until 0
current timestep 4498
planning flow reduced
plan limit 724
compute initial stop until 0
current timestep 4502
planning flow reduced
plan limit 698
compute initial stop until 0
current timestep 4506
planning flow reduced
plan limit 793
compute initial stop until 0
current timestep 4511
planning flow reduced
plan limit 787
compute initial stop until 0
current timestep 4517
planning flow reduced
plan limit 793
compute initial stop until 0
current timestep 4522
planning flow reduced
plan limit 760
compute initial stop until 0
current timestep 4529
planning flow reduced
plan limit 794
compute initial stop until 0
current timestep 4534
planning flow reduced
plan limit 798
compute initial stop until 0
current timestep 4540
planning flow reduced
plan limit 792
compute initial stop until 0
current timestep 4545
planning flow reduced
plan limit 783
compute initial stop until 0
current timestep 4550
planning flow reduced
plan limit 755
compute initial stop until 0
current timestep 4555
planning flow reduced
plan limit 694
compute initial stop until 0
current timestep 4559
planning flow reduced
plan limit 763
compute initial stop until 0
current timestep 4563
planning flow reduced
plan limit 790
compute initial stop until 0
current timestep 4568
planning flow reduced
plan limit 795
compute initial stop until 0
current timestep 4573
planning flow reduced
plan limit 798
compute initial stop until 0
current timestep 4578
planning flow reduced
plan limit 793
compute initial stop until 0
current timestep 4583
planning flow reduced
plan limit 792
compute initial stop until 0
current timestep 4588
planning flow reduced
plan limit 796
compute initial stop until 0
current timestep 4593
planning flow reduced
plan limit 727
compute initial stop until 0
current timestep 4597
planning flow reduced
plan limit 793
compute initial stop until 0
current timestep 4602
planning flow reduced
plan limit 751
compute initial stop until 0
current timestep 4606
planning flow reduced
plan limit 738
compute initial stop until 0
current timestep 4610
planning flow reduced
plan limit 788
compute initial stop until 0
current timestep 4615
planning flow reduced
plan limit 788
compute initial stop until 0
current timestep 4620
planning flow reduced
plan limit 793
compute initial stop until 0
current timestep 4625
planning flow reduced
plan limit 785
compute initial stop until 0
current timestep 4630
planning flow reduced
plan limit 754
compute initial stop until 0
current timestep 4634
planning flow reduced
plan limit 791
compute initial stop until 0
current timestep 4639
planning flow reduced
plan limit 790
compute initial stop until 0
current timestep 4644
planning flow reduced
plan limit 791
compute initial stop until 0
current timestep 4649
planning flow reduced
plan limit 732
compute initial stop until 0
current timestep 4653
planning flow reduced
plan limit 746
compute initial stop until 0
current timestep 4657
planning flow reduced
plan limit 784
compute initial stop until 0
current timestep 4661
planning flow reduced
plan limit 787
compute initial stop until 0
current timestep 4665
planning flow reduced
plan limit 783
compute initial stop until 0
current timestep 4669
planning flow reduced
plan limit 788
compute initial stop until 0
current timestep 4674
planning flow reduced
plan limit 782
compute initial stop until 0
current timestep 4678
planning flow reduced
plan limit 771
compute initial stop until 0
current timestep 4682
planning flow reduced
plan limit 783
compute initial stop until 0
current timestep 4686
planning flow reduced
plan limit 780
compute initial stop until 0
current timestep 4690
planning flow reduced
plan limit 777
compute initial stop until 0
current timestep 4694
planning flow reduced
plan limit 781
compute initial stop until 0
current timestep 4698
planning flow reduced
plan limit 783
compute initial stop until 0
current timestep 4702
planning flow reduced
plan limit 770
compute initial stop until 0
current timestep 4706
planning flow reduced
plan limit 766
compute initial stop until 0
current timestep 4710
planning flow reduced
plan limit 776
compute initial stop until 0
current timestep 4714
planning flow reduced
plan limit 699
compute initial stop until 0
current timestep 4720
planning flow reduced
plan limit 709
compute initial stop until 0
current timestep 4725
planning flow reduced
plan limit 759
compute initial stop until 0
current timestep 4729
planning flow reduced
plan limit 759
compute initial stop until 0
current timestep 4733
planning flow reduced
plan limit 767
compute initial stop until 0
current timestep 4737
planning flow reduced
plan limit 760
compute initial stop until 0
current timestep 4741
planning flow reduced
plan limit 767
compute initial stop until 0
current timestep 4745
planning flow reduced
plan limit 722
compute initial stop until 0
current timestep 4749
planning flow reduced
plan limit 767
compute initial stop until 0
current timestep 4753
planning flow reduced
plan limit 774
compute initial stop until 0
current timestep 4757
planning flow reduced
plan limit 696
compute initial stop until 0
current timestep 4762
planning flow reduced
plan limit 746
compute initial stop until 0
current timestep 4766
planning flow reduced
plan limit 767
compute initial stop until 0
current timestep 4771
planning flow reduced
plan limit 775
compute initial stop until 0
current timestep 4775
planning flow reduced
plan limit 773
compute initial stop until 0
current timestep 4780
planning flow reduced
plan limit 772
compute initial stop until 0
current timestep 4784
planning flow reduced
plan limit 769
compute initial stop until 0
current timestep 4788
planning flow reduced
plan limit 777
compute initial stop until 0
current timestep 4792
planning flow reduced
plan limit 723
compute initial stop until 0
current timestep 4796
planning flow reduced
plan limit 782
compute initial stop until 0
current timestep 4801
planning flow reduced
plan limit 739
compute initial stop until 0
current timestep 4805
planning flow reduced
plan limit 774
compute initial stop until 0
current timestep 4809
planning flow reduced
plan limit 771
compute initial stop until 0
current timestep 4814
planning flow reduced
plan limit 776
compute initial stop until 0
current timestep 4818
planning flow reduced
plan limit 725
compute initial stop until 0
current timestep 4822
planning flow reduced
plan limit 799
compute initial stop until 0
current timestep 4827
planning flow reduced
plan limit 791
compute initial stop until 0
current timestep 4832
planning flow reduced
plan limit 792
compute initial stop until 0
current timestep 4837
planning flow reduced
plan limit 793
compute initial stop until 0
current timestep 4842
planning flow reduced
plan limit 790
compute initial stop until 0
current timestep 4847
planning flow reduced
plan limit 786
compute initial stop until 0
current timestep 4852
planning flow reduced
plan limit 790
compute initial stop until 0
current timestep 4857
planning flow reduced
plan limit 793
compute initial stop until 0
current timestep 4862
planning flow reduced
plan limit 777
compute initial stop until 0
current timestep 4867
planning flow reduced
plan limit 793
compute initial stop until 0
current timestep 4872
planning flow reduced
plan limit 791
compute initial stop until 0
current timestep 4877
planning flow reduced
plan limit 792
compute initial stop until 0
current timestep 4882
planning flow reduced
plan limit 792
compute initial stop until 0
current timestep 4887
planning flow reduced
plan limit 793
compute initial stop until 0
current timestep 4892
planning flow reduced
plan limit 790
compute initial stop until 0
current timestep 4897
planning flow reduced
plan limit 793
compute initial stop until 0
current timestep 4902
planning flow reduced
plan limit 795
compute initial stop until 0
current timestep 4908
planning flow reduced
plan limit 736
compute initial stop until 0
current timestep 4912
planning flow reduced
plan limit 758
compute initial stop until 0
current timestep 4916
planning flow reduced
plan limit 792
compute initial stop until 0
current timestep 4921
planning flow reduced
plan limit 747
compute initial stop until 0
current timestep 4925
planning flow reduced
plan limit 796
compute initial stop until 0
current timestep 4930
planning flow reduced
plan limit 741
compute initial stop until 0
current timestep 4934
planning flow reduced
plan limit 795
compute initial stop until 0
current timestep 4940
planning flow reduced
plan limit 787
compute initial stop until 0
current timestep 4944
planning flow reduced
plan limit 737
compute initial stop until 0
current timestep 4948
planning flow reduced
plan limit 792
compute initial stop until 0
current timestep 4953
planning flow reduced
plan limit 794
compute initial stop until 0
current timestep 4958
planning flow reduced
plan limit 791
compute initial stop until 0
current timestep 4963
planning flow reduced
plan limit 793
compute initial stop until 0
current timestep 4968
planning flow reduced
plan limit 625
compute initial stop until 0
current timestep 4973
planning flow reduced
plan limit 796
compute initial stop until 0
current timestep 4978
planning flow reduced
plan limit 793
compute initial stop until 0
current timestep 4983
planning flow reduced
plan limit 793
compute initial stop until 0
current timestep 4988
planning flow reduced
plan limit 792
compute initial stop until 0
current timestep 4993
planning flow reduced
plan limit 797
compute initial stop until 0
current timestep 4998
planning flow reduced
plan limit 791
compute initial stop until 0
current timestep 5003
planning flow reduced
plan limit 795
compute initial stop until 0
current timestep 5008
planning flow reduced
plan limit 791
compute initial stop until 0
current timestep 5013
planning flow reduced
plan limit 791
compute initial stop until 0
current timestep 5018
planning flow reduced
plan limit 737
compute initial stop until 0
current timestep 5022
planning flow reduced
plan limit 794
compute initial stop until 0
current timestep 5027
planning flow reduced
plan limit 789
compute initial stop until 0
current timestep 5032
planning flow reduced
plan limit 791
compute initial stop until 0
current timestep 5036
planning flow reduced
plan limit 727
compute initial stop until 0
current timestep 5040
planning flow reduced
plan limit 790
compute initial stop until 0
current timestep 5045
planning flow reduced
plan limit 792
compute initial stop until 0
current timestep 5050
planning flow reduced
plan limit 786
compute initial stop until 0
current timestep 5055
planning flow reduced
plan limit 738
compute initial stop until 0
current timestep 5059
planning flow reduced
plan limit 786
compute initial stop until 0
current timestep 5064
planning flow reduced
plan limit 788
compute initial stop until 0
current timestep 5069
planning flow reduced
plan limit 744
compute initial stop until 0
current timestep 5073
planning flow reduced
plan limit 752
compute initial stop until 0
current timestep 5077
planning flow reduced
plan limit 788
compute initial stop until 0
current timestep 5082
planning flow reduced
plan limit 790
compute initial stop until 0
current timestep 5087
planning flow reduced
plan limit 785
compute initial stop until 0
current timestep 5092
planning flow reduced
plan limit 788
compute initial stop until 0
current timestep 5096
planning flow reduced
plan limit 787
compute initial stop until 0
current timestep 5101
planning flow reduced
plan limit 751
compute initial stop until 0
current timestep 5105
planning flow reduced
plan limit 787
compute initial stop until 0
current timestep 5110
planning flow reduced
plan limit 786
compute initial stop until 0
current timestep 5115
planning flow reduced
plan limit 786
compute initial stop until 0
current timestep 5120
planning flow reduced
plan limit 736
compute initial stop until 0
current timestep 5124
planning flow reduced
plan limit 780
compute initial stop until 0
current timestep 5129
planning flow reduced
plan limit 787
compute initial stop until 0
current timestep 5134
planning flow reduced
plan limit 787
compute initial stop until 0
current timestep 5139
planning flow reduced
plan limit 751
compute initial stop until 0
current timestep 5143
planning flow reduced
plan limit 726
compute initial stop until 0
current timestep 5147
planning flow reduced
plan limit 790
compute initial stop until 0
current timestep 5152
planning flow reduced
plan limit 780
compute initial stop until 0
current timestep 5157
planning flow reduced
plan limit 785
compute initial stop until 0
current timestep 5162
planning flow reduced
plan limit 780
compute initial stop until 0
current timestep 5167
planning flow reduced
plan limit 791
compute initial stop until 0
current timestep 5172
planning flow reduced
plan limit 778
compute initial stop until 0
current timestep 5176
planning flow reduced
plan limit 780
compute initial stop until 0
current timestep 5180
planning flow reduced
plan limit 774
compute initial stop until 0
current timestep 5184
planning flow reduced
plan limit 772
compute initial stop until 0
current timestep 5188
planning flow reduced
plan limit 767
compute initial stop until 0
current timestep 5192
planning flow reduced
plan limit 772
compute initial stop until 0
current timestep 5196
planning flow reduced
plan limit 715
compute initial stop until 0
current timestep 5201
planning flow reduced
plan limit 730
compute initial stop until 0
current timestep 5205
planning flow reduced
plan limit 756
compute initial stop until 0
current timestep 5209
planning flow reduced
plan limit 768
compute initial stop until 0
current timestep 5213
planning flow reduced
plan limit 758
compute initial stop until 0
current timestep 5217
planning flow reduced
plan limit 758
compute initial stop until 0
current timestep 5221
planning flow reduced
plan limit 760
compute initial stop until 0
current timestep 5225
planning flow reduced
plan limit 766
compute initial stop until 0
current timestep 5229
planning flow reduced
plan limit 648
compute initial stop until 0
current timestep 5234
planning flow reduced
plan limit 760
compute initial stop until 0
current timestep 5238
planning flow reduced
plan limit 768
compute initial stop until 0
current timestep 5243
planning flow reduced
plan limit 782
compute initial stop until 0
current timestep 5248
planning flow reduced
plan limit 783
compute initial stop until 0
current timestep 5253
planning flow reduced
plan limit 767
compute initial stop until 0
current timestep 5258
planning flow reduced
plan limit 765
compute initial stop until 0
current timestep 5263
planning flow reduced
plan limit 782
compute initial stop until 0
current timestep 5268
planning flow reduced
plan limit 779
compute initial stop until 0
current timestep 5273
planning flow reduced
plan limit 794
compute initial stop until 0
current timestep 5278
planning flow reduced
plan limit 786
compute initial stop until 0
current timestep 5283
planning flow reduced
plan limit 794
compute initial stop until 0
current timestep 5288
planning flow reduced
plan limit 768
compute initial stop until 0
current timestep 5293
planning flow reduced
plan limit 774
compute initial stop until 0
current timestep 5298
planning flow reduced
plan limit 741
compute initial stop until 0
current timestep 5302
planning flow reduced
plan limit 787
compute initial stop until 0
current timestep 5307
planning flow reduced
plan limit 759
compute initial stop until 0
current timestep 5312
planning flow reduced
plan limit 773
compute initial stop until 0
current timestep 5317
planning flow reduced
plan limit 788
compute initial stop until 0
current timestep 5322
planning flow reduced
plan limit 757
compute initial stop until 0
current timestep 5326
planning flow reduced
plan limit 781
compute initial stop until 0
current timestep 5331
planning flow reduced
plan limit 730
compute initial stop until 0
current timestep 5335
planning flow reduced
plan limit 741
compute initial stop until 0
current timestep 5339
planning flow reduced
plan limit 785
compute initial stop until 0
current timestep 5344
planning flow reduced
plan limit 789
compute initial stop until 0
current timestep 5349
planning flow reduced
plan limit 741
compute initial stop until 0
current timestep 5353
planning flow reduced
plan limit 793
compute initial stop until 0
current timestep 5358
planning flow reduced
plan limit 750
compute initial stop until 0
current timestep 5362
planning flow reduced
plan limit 789
compute initial stop until 0
current timestep 5367
planning flow reduced
plan limit 791
compute initial stop until 0
current timestep 5372
planning flow reduced
plan limit 792
compute initial stop until 0
current timestep 5377
planning flow reduced
plan limit 791
compute initial stop until 0
current timestep 5382
planning flow reduced
plan limit 739
compute initial stop until 0
current timestep 5386
planning flow reduced
plan limit 757
compute initial stop until 0
current timestep 5391
planning flow reduced
plan limit 792
compute initial stop until 0
current timestep 5396
planning flow reduced
plan limit 788
compute initial stop until 0
current timestep 5401
planning flow reduced
plan limit 798
compute initial stop until 0
current timestep 5407
planning flow reduced
plan limit 738
compute initial stop until 0
current timestep 5411
planning flow reduced
plan limit 791
compute initial stop until 0
current timestep 5416
planning flow reduced
plan limit 755
compute initial stop until 0
current timestep 5420
planning flow reduced
plan limit 756
compute initial stop until 0
current timestep 5425
planning flow reduced
plan limit 775
compute initial stop until 0
current timestep 5430
planning flow reduced
plan limit 735
compute initial stop until 0
current timestep 5434
planning flow reduced
plan limit 791
compute initial stop until 0
current timestep 5439
planning flow reduced
plan limit 785
compute initial stop until 0
current timestep 5444
planning flow reduced
plan limit 790
compute initial stop until 0
current timestep 5449
planning flow reduced
plan limit 789
compute initial stop until 0
current timestep 5454
planning flow reduced
plan limit 780
compute initial stop until 0
current timestep 5459
planning flow reduced
plan limit 785
compute initial stop until 0
current timestep 5464
planning flow reduced
plan limit 785
compute initial stop until 0
current timestep 5469
planning flow reduced
plan limit 791
compute initial stop until 0
current timestep 5474
planning flow reduced
plan limit 753
compute initial stop until 0
current timestep 5478
planning flow reduced
plan limit 782
compute initial stop until 0
current timestep 5483
planning flow reduced
plan limit 786
compute initial stop until 0
current timestep 5488
planning flow reduced
plan limit 780
compute initial stop until 0
current timestep 5493
planning flow reduced
plan limit 748
compute initial stop until 0
current timestep 5497
planning flow reduced
plan limit 783
compute initial stop until 0
current timestep 5502
planning flow reduced
plan limit 788
compute initial stop until 0
current timestep 5506
planning flow reduced
plan limit 779
compute initial stop until 0
current timestep 5510
planning flow reduced
plan limit 738
compute initial stop until 0
current timestep 5514
planning flow reduced
plan limit 752
compute initial stop until 0
current timestep 5518
planning flow reduced
plan limit 726
compute initial stop until 0
current timestep 5522
planning flow reduced
plan limit 744
compute initial stop until 0
current timestep 5530
planning flow reduced
plan limit 780
compute initial stop until 0
current timestep 5534
planning flow reduced
plan limit 747
compute initial stop until 0
current timestep 5542
planning flow reduced
plan limit 741
compute initial stop until 0
current timestep 5549
planning flow reduced
plan limit 734
compute initial stop until 0
current timestep 5554
planning flow reduced
plan limit 738
compute initial stop until 0
current timestep 5562
planning flow reduced
plan limit 762
compute initial stop until 0
current timestep 5567
planning flow reduced
plan limit 755
compute initial stop until 0
current timestep 5571
planning flow reduced
plan limit 765
compute initial stop until 0
current timestep 5576
planning flow reduced
plan limit 764
compute initial stop until 0
current timestep 5581
planning flow reduced
plan limit 766
compute initial stop until 0
current timestep 5585
planning flow reduced
plan limit 762
compute initial stop until 0
current timestep 5590
planning flow reduced
plan limit 697
compute initial stop until 0
current timestep 5595
planning flow reduced
plan limit 759
compute initial stop until 0
current timestep 5600
planning flow reduced
plan limit 761
compute initial stop until 0
current timestep 5605
planning flow reduced
plan limit 759
compute initial stop until 0
current timestep 5610
planning flow reduced
plan limit 775
compute initial stop until 0
current timestep 5614
planning flow reduced
plan limit 777
compute initial stop until 0
current timestep 5618
planning flow reduced
plan limit 782
compute initial stop until 0
current timestep 5622
planning flow reduced
plan limit 763
compute initial stop until 0
current timestep 5626
planning flow reduced
plan limit 780
compute initial stop until 0
current timestep 5630
planning flow reduced
plan limit 787
compute initial stop until 0
current timestep 5634
planning flow reduced
plan limit 777
compute initial stop until 0
current timestep 5638
planning flow reduced
plan limit 726
compute initial stop until 0
current timestep 5642
planning flow reduced
plan limit 730
compute initial stop until 0
current timestep 5646
planning flow reduced
plan limit 764
compute initial stop until 0
current timestep 5650
planning flow reduced
plan limit 778
compute initial stop until 0
current timestep 5654
planning flow reduced
plan limit 786
compute initial stop until 0
current timestep 5658
planning flow reduced
plan limit 732
compute initial stop until 0
current timestep 5662
planning flow reduced
plan limit 750
compute initial stop until 0
current timestep 5666
planning flow reduced
plan limit 773
compute initial stop until 0
current timestep 5670
planning flow reduced
plan limit 783
compute initial stop until 0
current timestep 5674
planning flow reduced
plan limit 763
compute initial stop until 0
current timestep 5678
planning flow reduced
plan limit 757
compute initial stop until 0
current timestep 5682
planning flow reduced
plan limit 786
compute initial stop until 0
current timestep 5686
planning flow reduced
plan limit 781
compute initial stop until 0
current timestep 5690
planning flow reduced
plan limit 777
compute initial stop until 0
current timestep 5694
planning flow reduced
plan limit 720
compute initial stop until 0
current timestep 5698
planning flow reduced
plan limit 785
compute initial stop until 0
current timestep 5702
planning flow reduced
plan limit 786
compute initial stop until 0
current timestep 5706
planning flow reduced
plan limit 741
compute initial stop until 0
current timestep 5710
planning flow reduced
plan limit 778
compute initial stop until 0
current timestep 5714
planning flow reduced
plan limit 725
compute initial stop until 0
current timestep 5719
planning flow reduced
plan limit 728
compute initial stop until 0
current timestep 5723
planning flow reduced
plan limit 788
compute initial stop until 0
current timestep 5727
planning flow reduced
plan limit 771
compute initial stop until 0
current timestep 5731
planning flow reduced
plan limit 792
compute initial stop until 0
current timestep 5735
planning flow reduced
plan limit 775
compute initial stop until 0
current timestep 5739
planning flow reduced
plan limit 779
compute initial stop until 0
current timestep 5743
planning flow reduced
plan limit 788
compute initial stop until 0
current timestep 5747
planning flow reduced
plan limit 727
compute initial stop until 0
current timestep 5751
planning flow reduced
plan limit 697
compute initial stop until 0
current timestep 5758
planning flow reduced
plan limit 771
compute initial stop until 0
current timestep 5762
planning flow reduced
plan limit 705
compute initial stop until 0
current timestep 5769
planning flow reduced
plan limit 736
compute initial stop until 0
current timestep 5773
planning flow reduced
plan limit 800
compute initial stop until 0
current timestep 5777
planning flow reduced
plan limit 787
compute initial stop until 0
current timestep 5781
planning flow reduced
plan limit 796
compute initial stop until 0
current timestep 5785
planning flow reduced
plan limit 785
compute initial stop until 0
current timestep 5789
planning flow reduced
plan limit 795
compute initial stop until 0
current timestep 5793
planning flow reduced
plan limit 785
compute initial stop until 0
current timestep 5797
planning flow reduced
plan limit 795
compute initial stop until 0
current timestep 5801
planning flow reduced
plan limit 787
compute initial stop until 0
current timestep 5805
planning flow reduced
plan limit 794
compute initial stop until 0
current timestep 5810
planning flow reduced
plan limit 784
compute initial stop until 0
current timestep 5815
planning flow reduced
plan limit 790
compute initial stop until 0
current timestep 5819
planning flow reduced
plan limit 785
compute initial stop until 0
current timestep 5823
planning flow reduced
plan limit 790
compute initial stop until 0
current timestep 5827
planning flow reduced
plan limit 781
compute initial stop until 0
current timestep 5831
planning flow reduced
plan limit 788
compute initial stop until 0
current timestep 5835
planning flow reduced
plan limit 782
compute initial stop until 0
current timestep 5839
planning flow reduced
plan limit 786
compute initial stop until 0
current timestep 5843
planning flow reduced
plan limit 781
compute initial stop until 0
current timestep 5847
planning flow reduced
plan limit 790
compute initial stop until 0
current timestep 5851
planning flow reduced
plan limit 783
compute initial stop until 0
current timestep 5855
planning flow reduced
plan limit 788
compute initial stop until 0
current timestep 5859
planning flow reduced
plan limit 783
compute initial stop until 0
current timestep 5863
planning flow reduced
plan limit 726
compute initial stop until 0
current timestep 5868
planning flow reduced
plan limit 774
compute initial stop until 0
current timestep 5873
planning flow reduced
plan limit 727
compute initial stop until 0
current timestep 5878
planning flow reduced
plan limit 770
compute initial stop until 0
current timestep 5882
planning flow reduced
plan limit 785
compute initial stop until 0
current timestep 5887
planning flow reduced
plan limit 777
compute initial stop until 0
current timestep 5891
planning flow reduced
plan limit 781
compute initial stop until 0
current timestep 5895
planning flow reduced
plan limit 774
compute initial stop until 0
current timestep 5899
planning flow reduced
plan limit 779
compute initial stop until 0
current timestep 5903
planning flow reduced
plan limit 784
compute initial stop until 0
current timestep 5908
planning flow reduced
plan limit 777
compute initial stop until 0
current timestep 5912
planning flow reduced
plan limit 695
compute initial stop until 0
current timestep 5917
planning flow reduced
plan limit 772
compute initial stop until 0
current timestep 5921
planning flow reduced
plan limit 768
compute initial stop until 0
current timestep 5925
planning flow reduced
plan limit 773
compute initial stop until 0
current timestep 5929
planning flow reduced
plan limit 770
compute initial stop until 0
current timestep 5933
planning flow reduced
plan limit 727
compute initial stop until 0
current timestep 5937
planning flow reduced
plan limit 765
compute initial stop until 0
current timestep 5941
planning flow reduced
plan limit 774
compute initial stop until 0
current timestep 5945
planning flow reduced
plan limit 768
compute initial stop until 0
current timestep 5949
planning flow reduced
plan limit 761
compute initial stop until 0
current timestep 5953
planning flow reduced
plan limit 719
compute initial stop until 0
current timestep 5957
planning flow reduced
plan limit 785
compute initial stop until 0
current timestep 5962
planning flow reduced
plan limit 735
compute initial stop until 0
current timestep 5966
planning flow reduced
plan limit 782
compute initial stop until 0
current timestep 5971
planning flow reduced
plan limit 781
compute initial stop until 0
current timestep 5976
planning flow reduced
plan limit 772
compute initial stop until 0
current timestep 5981
planning flow reduced
plan limit 795
compute initial stop until 0
current timestep 5987
planning flow reduced
plan limit 786
compute initial stop until 0
current timestep 5992
planning flow reduced
plan limit 795
compute initial stop until 0
current timestep 5998
planning flow reduced
plan limit 788
compute initial stop until 0
current timestep 6003
planning flow reduced
plan limit 796
compute initial stop until 0
current timestep 6009
planning flow reduced
plan limit 788
compute initial stop until 0
current timestep 6014
planning flow reduced
plan limit 794
compute initial stop until 0
current timestep 6019
planning flow reduced
plan limit 786
compute initial stop until 0
current timestep 6024
planning flow reduced
plan limit 759
compute initial stop until 0
current timestep 6029
planning flow reduced
plan limit 787
compute initial stop until 0
current timestep 6034
planning flow reduced
plan limit 794
compute initial stop until 0
current timestep 6039
planning flow reduced
plan limit 786
compute initial stop until 0
current timestep 6044
planning flow reduced
plan limit 794
compute initial stop until 0
current timestep 6050
planning flow reduced
plan limit 784
compute initial stop until 0
current timestep 6055
planning flow reduced
plan limit 792
compute initial stop until 0
current timestep 6061
planning flow reduced
plan limit 788
compute initial stop until 0
current timestep 6066
planning flow reduced
plan limit 795
compute initial stop until 0
current timestep 6072
planning flow reduced
plan limit 793
compute initial stop until 0
current timestep 6078
planning flow reduced
plan limit 785
compute initial stop until 0
current timestep 6083
planning flow reduced
plan limit 750
compute initial stop until 0
current timestep 6087
planning flow reduced
plan limit 788
compute initial stop until 0
current timestep 6092
planning flow reduced
plan limit 733
compute initial stop until 0
current timestep 6098
planning flow reduced
plan limit 785
compute initial stop until 0
current timestep 6103
planning flow reduced
plan limit 794
compute initial stop until 0
current timestep 6109
planning flow reduced
plan limit 787
compute initial stop until 0
current timestep 6114
planning flow reduced
plan limit 794
compute initial stop until 0
current timestep 6119
planning flow reduced
plan limit 744
compute initial stop until 0
current timestep 6123
planning flow reduced
plan limit 794
compute initial stop until 0
current timestep 6129
planning flow reduced
plan limit 783
compute initial stop until 0
current timestep 6134
planning flow reduced
plan limit 793
compute initial stop until 0
current timestep 6139
planning flow reduced
plan limit 782
compute initial stop until 0
current timestep 6144
planning flow reduced
plan limit 760
compute initial stop until 0
current timestep 6150
planning flow reduced
plan limit 780
compute initial stop until 0
current timestep 6154
planning flow reduced
plan limit 787
compute initial stop until 0
current timestep 6159
planning flow reduced
plan limit 742
compute initial stop until 0
current timestep 6163
planning flow reduced
plan limit 718
compute initial stop until 0
current timestep 6167
planning flow reduced
plan limit 797
compute initial stop until 0
current timestep 6172
planning flow reduced
plan limit 776
compute initial stop until 0
current timestep 6176
planning flow reduced
plan limit 754
compute initial stop until 0
current timestep 6180
planning flow reduced
plan limit 769
compute initial stop until 0
current timestep 6184
planning flow reduced
plan limit 783
compute initial stop until 0
current timestep 6188
planning flow reduced
plan limit 774
compute initial stop until 0
current timestep 6192
planning flow reduced
plan limit 792
compute initial stop until 0
current timestep 6197
planning flow reduced
plan limit 788
compute initial stop until 0
current timestep 6202
planning flow reduced
plan limit 782
compute initial stop until 0
current timestep 6207
planning flow reduced
plan limit 738
compute initial stop until 0
current timestep 6211
planning flow reduced
plan limit 781
compute initial stop until 0
current timestep 6215
planning flow reduced
plan limit 736
compute initial stop until 0
current timestep 6219
planning flow reduced
plan limit 777
compute initial stop until 0
current timestep 6223
planning flow reduced
plan limit 786
compute initial stop until 0
current timestep 6228
planning flow reduced
plan limit 758
compute initial stop until 0
current timestep 6232
planning flow reduced
plan limit 784
compute initial stop until 0
current timestep 6236
planning flow reduced
plan limit 783
compute initial stop until 0
current timestep 6241
planning flow reduced
plan limit 770
compute initial stop until 0
current timestep 6245
planning flow reduced
plan limit 779
compute initial stop until 0
current timestep 6249
planning flow reduced
plan limit 770
compute initial stop until 0
current timestep 6253
planning flow reduced
plan limit 700
compute initial stop until 0
current timestep 6258
planning flow reduced
plan limit 693
compute initial stop until 0
current timestep 6263
planning flow reduced
plan limit 774
compute initial stop until 0
current timestep 6267
planning flow reduced
plan limit 768
compute initial stop until 0
current timestep 6271
planning flow reduced
plan limit 768
compute initial stop until 0
current timestep 6275
planning flow reduced
plan limit 773
compute initial stop until 0
current timestep 6279
planning flow reduced
plan limit 774
compute initial stop until 0
current timestep 6283
planning flow reduced
plan limit 706
compute initial stop until 0
current timestep 6288
planning flow reduced
plan limit 774
compute initial stop until 0
current timestep 6293
planning flow reduced
plan limit 783
compute initial stop until 0
current timestep 6298
planning flow reduced
plan limit 791
compute initial stop until 0
current timestep 6303
planning flow reduced
plan limit 776
compute initial stop until 0
current timestep 6307
planning flow reduced
plan limit 768
compute initial stop until 0
current timestep 6312
planning flow reduced
plan limit 754
compute initial stop until 0
current timestep 6317
planning flow reduced
plan limit 793
compute initial stop until 0
current timestep 6322
planning flow reduced
plan limit 785
compute initial stop until 0
current timestep 6327
planning flow reduced
plan limit 779
compute initial stop until 0
current timestep 6332
planning flow reduced
plan limit 780
compute initial stop until 0
current timestep 6337
planning flow reduced
plan limit 792
compute initial stop until 0
current timestep 6343
planning flow reduced
plan limit 787
compute initial stop until 0
current timestep 6348
planning flow reduced
plan limit 797
compute initial stop until 0
current timestep 6353
planning flow reduced
plan limit 785
compute initial stop until 0
current timestep 6358
planning flow reduced
plan limit 796
compute initial stop until 0
current timestep 6363
planning flow reduced
plan limit 789
compute initial stop until 0
current timestep 6369
planning flow reduced
plan limit 792
compute initial stop until 0
current timestep 6374
planning flow reduced
plan limit 787
compute initial stop until 0
current timestep 6379
planning flow reduced
plan limit 757
compute initial stop until 0
current timestep 6386
planning flow reduced
plan limit 783
compute initial stop until 0
current timestep 6390
planning flow reduced
plan limit 791
compute initial stop until 0
current timestep 6395
planning flow reduced
plan limit 787
compute initial stop until 0
current timestep 6400
planning flow reduced
plan limit 795
compute initial stop until 0
current timestep 6406
planning flow reduced
plan limit 744
compute initial stop until 0
current timestep 6413
planning flow reduced
plan limit 794
compute initial stop until 0
current timestep 6419
planning flow reduced
plan limit 786
compute initial stop until 0
current timestep 6424
planning flow reduced
plan limit 754
compute initial stop until 0
current timestep 6428
planning flow reduced
plan limit 784
compute initial stop until 0
current timestep 6433
planning flow reduced
plan limit 749
compute initial stop until 0
current timestep 6437
planning flow reduced
plan limit 788
compute initial stop until 0
current timestep 6442
planning flow reduced
plan limit 785
compute initial stop until 0
current timestep 6447
planning flow reduced
plan limit 793
compute initial stop until 0
current timestep 6452
planning flow reduced
plan limit 787
compute initial stop until 0
current timestep 6457
planning flow reduced
plan limit 795
compute initial stop until 0
current timestep 6462
planning flow reduced
plan limit 786
compute initial stop until 0
current timestep 6467
planning flow reduced
plan limit 791
compute initial stop until 0
current timestep 6472
planning flow reduced
plan limit 726
compute initial stop until 0
current timestep 6476
planning flow reduced
plan limit 786
compute initial stop until 0
current timestep 6480
planning flow reduced
plan limit 687
compute initial stop until 0
current timestep 6484
planning flow reduced
plan limit 767
compute initial stop until 0
current timestep 6488
planning flow reduced
plan limit 749
compute initial stop until 0
current timestep 6492
planning flow reduced
plan limit 780
compute initial stop until 0
current timestep 6497
planning flow reduced
plan limit 789
compute initial stop until 0
current timestep 6502
planning flow reduced
plan limit 788
compute initial stop until 0
current timestep 6507
planning flow reduced
plan limit 784
compute initial stop until 0
current timestep 6512
planning flow reduced
plan limit 744
compute initial stop until 0
current timestep 6516
planning flow reduced
plan limit 749
compute initial stop until 0
current timestep 6520
planning flow reduced
plan limit 743
compute initial stop until 0
current timestep 6524
planning flow reduced
plan limit 759
compute initial stop until 0
current timestep 6528
planning flow reduced
plan limit 730
compute initial stop until 0
current timestep 6532
planning flow reduced
plan limit 772
compute initial stop until 0
current timestep 6536
planning flow reduced
plan limit 788
compute initial stop until 0
current timestep 6541
planning flow reduced
plan limit 785
compute initial stop until 0
current timestep 6546
planning flow reduced
plan limit 638
compute initial stop until 0
current timestep 6553
planning flow reduced
plan limit 775
compute initial stop until 0
current timestep 6557
planning flow reduced
plan limit 770
compute initial stop until 0
current timestep 6561
planning flow reduced
plan limit 787
compute initial stop until 0
current timestep 6566
planning flow reduced
plan limit 780
compute initial stop until 0
current timestep 6570
planning flow reduced
plan limit 786
compute initial stop until 0
current timestep 6574
planning flow reduced
plan limit 782
compute initial stop until 0
current timestep 6578
planning flow reduced
plan limit 789
compute initial stop until 0
current timestep 6583
planning flow reduced
plan limit 781
compute initial stop until 0
current timestep 6587
planning flow reduced
plan limit 767
compute initial stop until 0
current timestep 6591
planning flow reduced
plan limit 768
compute initial stop until 0
current timestep 6595
planning flow reduced
plan limit 758
compute initial stop until 0
current timestep 6599
planning flow reduced
plan limit 758
compute initial stop until 0
current timestep 6603
planning flow reduced
plan limit 762
compute initial stop until 0
current timestep 6607
planning flow reduced
plan limit 744
compute initial stop until 0
current timestep 6611
planning flow reduced
plan limit 762
compute initial stop until 0
current timestep 6615
planning flow reduced
plan limit 759
compute initial stop until 0
current timestep 6619
planning flow reduced
plan limit 748
compute initial stop until 0
current timestep 6623
planning flow reduced
plan limit 773
compute initial stop until 0
current timestep 6627
planning flow reduced
plan limit 762
compute initial stop until 0
current timestep 6631
planning flow reduced
plan limit 775
compute initial stop until 0
current timestep 6635
planning flow reduced
plan limit 771
compute initial stop until 0
current timestep 6639
planning flow reduced
plan limit 779
compute initial stop until 0
current timestep 6643
planning flow reduced
plan limit 759
compute initial stop until 0
current timestep 6647
planning flow reduced
plan limit 765
compute initial stop until 0
current timestep 6651
planning flow reduced
plan limit 783
compute initial stop until 0
current timestep 6656
planning flow reduced
plan limit 786
compute initial stop until 0
current timestep 6661
planning flow reduced
plan limit 786
compute initial stop until 0
current timestep 6666
planning flow reduced
plan limit 754
compute initial stop until 0
current timestep 6670
planning flow reduced
plan limit 735
compute initial stop until 0
current timestep 6674
planning flow reduced
plan limit 610
compute initial stop until 0
current timestep 6679
planning flow reduced
plan limit 752
compute initial stop until 0
current timestep 6683
planning flow reduced
plan limit 687
compute initial stop until 0
current timestep 6689
planning flow reduced
plan limit 791
compute initial stop until 0
current timestep 6694
planning flow reduced
plan limit 771
compute initial stop until 0
current timestep 6699
planning flow reduced
plan limit 787
compute initial stop until 0
current timestep 6704
planning flow reduced
plan limit 746
compute initial stop until 0
current timestep 6710
planning flow reduced
plan limit 789
compute initial stop until 0
current timestep 6715
planning flow reduced
plan limit 774
compute initial stop until 0
current timestep 6720
planning flow reduced
plan limit 782
compute initial stop until 0
current timestep 6725
planning flow reduced
plan limit 792
compute initial stop until 0
current timestep 6730
planning flow reduced
plan limit 790
compute initial stop until 0
current timestep 6735
planning flow reduced
plan limit 792
compute initial stop until 0
current timestep 6740
planning flow reduced
plan limit 750
compute initial stop until 0
current timestep 6744
planning flow reduced
plan limit 796
compute initial stop until 0
current timestep 6749
planning flow reduced
plan limit 747
compute initial stop until 0
current timestep 6753
planning flow reduced
plan limit 796
compute initial stop until 0
current timestep 6758
planning flow reduced
plan limit 782
compute initial stop until 0
current timestep 6763
planning flow reduced
plan limit 793
compute initial stop until 0
current timestep 6768
planning flow reduced
plan limit 774
compute initial stop until 0
current timestep 6773
planning flow reduced
plan limit 793
compute initial stop until 0
current timestep 6778
planning flow reduced
plan limit 786
compute initial stop until 0
current timestep 6783
planning flow reduced
plan limit 793
compute initial stop until 0
current timestep 6788
planning flow reduced
plan limit 786
compute initial stop until 0
current timestep 6793
planning flow reduced
plan limit 793
compute initial stop until 0
current timestep 6798
planning flow reduced
plan limit 780
compute initial stop until 0
current timestep 6803
planning flow reduced
plan limit 795
compute initial stop until 0
current timestep 6808
planning flow reduced
plan limit 783
compute initial stop until 0
current timestep 6813
planning flow reduced
plan limit 797
compute initial stop until 0
current timestep 6818
planning flow reduced
plan limit 783
compute initial stop until 0
current timestep 6823
planning flow reduced
plan limit 786
compute initial stop until 0
current timestep 6827
planning flow reduced
plan limit 788
compute initial stop until 0
current timestep 6832
planning flow reduced
plan limit 734
compute initial stop until 0
current timestep 6836
planning flow reduced
plan limit 788
compute initial stop until 0
current timestep 6840
planning flow reduced
plan limit 787
compute initial stop until 0
current timestep 6845
planning flow reduced
plan limit 799
compute initial stop until 0
current timestep 6850
planning flow reduced
plan limit 793
compute initial stop until 0
current timestep 6855
planning flow reduced
plan limit 791
compute initial stop until 0
current timestep 6860
planning flow reduced
plan limit 787
compute initial stop until 0
current timestep 6865
planning flow reduced
plan limit 794
compute initial stop until 0
current timestep 6870
planning flow reduced
plan limit 782
compute initial stop until 0
current timestep 6875
planning flow reduced
plan limit 781
compute initial stop until 0
current timestep 6879
planning flow reduced
plan limit 732
compute initial stop until 0
current timestep 6883
planning flow reduced
plan limit 786
compute initial stop until 0
current timestep 6888
planning flow reduced
plan limit 785
compute initial stop until 0
current timestep 6893
planning flow reduced
plan limit 783
compute initial stop until 0
current timestep 6898
planning flow reduced
plan limit 784
compute initial stop until 0
current timestep 6903
planning flow reduced
plan limit 751
compute initial stop until 0
current timestep 6907
planning flow reduced
plan limit 787
compute initial stop until 0
current timestep 6912
planning flow reduced
plan limit 725
compute initial stop until 0
current timestep 6916
planning flow reduced
plan limit 786
compute initial stop until 0
current timestep 6921
planning flow reduced
plan limit 733
compute initial stop until 0
current timestep 6925
planning flow reduced
plan limit 788
compute initial stop until 0
current timestep 6930
planning flow reduced
plan limit 727
compute initial stop until 0
current timestep 6934
planning flow reduced
plan limit 788
compute initial stop until 0
current timestep 6939
planning flow reduced
plan limit 783
compute initial stop until 0
current timestep 6944
planning flow reduced
plan limit 728
compute initial stop until 0
current timestep 6948
planning flow reduced
plan limit 789
compute initial stop until 0
current timestep 6953
planning flow reduced
plan limit 788
compute initial stop until 0
current timestep 6958
planning flow reduced
plan limit 789
compute initial stop until 0
current timestep 6963
planning flow reduced
plan limit 787
compute initial stop until 0
current timestep 6968
planning flow reduced
plan limit 784
compute initial stop until 0
current timestep 6973
planning flow reduced
plan limit 790
compute initial stop until 0
current timestep 6978
planning flow reduced
plan limit 789
compute initial stop until 0
current timestep 6983
planning flow reduced
plan limit 786
compute initial stop until 0
current timestep 6988
planning flow reduced
plan limit 785
compute initial stop until 0
current timestep 6992
planning flow reduced
plan limit 783
compute initial stop until 0
current timestep 6996
planning flow reduced
plan limit 786
compute initial stop until 0
