level,pair,start,goal,true_dist,coarse_len,coarse_expanded,coarse_ms,lift_ms,lifted_cells,fail_level,fail_reason,endpoints_wrong,used_fallback,fallback_ok,fallback_ms,final_len,valid
1,0,2654607,497695,1710,856,455260,369.02,2.44313,1713,-1,ok,0,0,0,0,1712,1
1,1,2221473,1571062,1589,795,403593,320.494,1.09998,1594,-1,ok,0,0,0,0,1593,1
1,2,641811,2589149,1344,673,359871,272.461,1.96077,1347,-1,ok,0,0,0,0,1346,1
1,3,2250714,2339143,278,139,28673,13.4524,0.13979,279,-1,ok,0,0,0,0,278,1
1,4,2536396,353659,1876,938,436172,334.558,1.98852,1877,-1,ok,0,0,0,0,1876,1
1,5,916591,1430479,1191,596,282915,198.856,0.956711,1198,-1,ok,0,0,0,0,1197,1
1,6,500826,2935247,2173,1087,482671,352.471,2.33507,2174,-1,ok,0,0,0,0,2173,1
1,7,2429283,2288496,465,233,87719,50.7018,0.272224,470,-1,ok,0,0,0,0,469,1
1,8,502542,1287255,645,323,75803,36.1907,0.796844,648,-1,ok,0,0,0,0,647,1
1,9,2726054,800471,1487,744,436985,306.214,1.76901,1488,-1,ok,0,0,0,0,1487,1
1,10,3031784,709412,1662,832,402307,289.698,2.25773,1665,-1,ok,0,0,0,0,1664,1
1,11,813038,2649998,1861,932,505518,367.291,1.78673,1868,-1,ok,0,0,0,0,1867,1
1,12,2906523,1340129,1264,633,302818,218.812,1.33833,1267,-1,ok,0,0,0,0,1266,1
1,13,2198005,2773306,1504,754,358790,309.01,0.966388,1513,-1,ok,0,0,0,0,1512,1
1,14,1009630,2195480,1009,505,175987,121.061,1.30809,1012,-1,ok,0,0,0,0,1011,1
1,15,2077961,2827531,1186,594,439597,335.1,1.26258,1189,-1,ok,0,0,0,0,1188,1
1,16,1553701,2469994,602,303,89636,49.8318,0.965917,607,-1,ok,0,0,0,0,606,1
1,17,2490161,384400,1409,706,446792,323.428,1.86493,1414,-1,ok,0,0,0,0,1413,1
1,18,2599025,2034587,1669,836,323569,228.545,1.49276,1678,-1,ok,0,0,0,0,1677,1
1,19,1181060,2927824,1734,868,443320,338.721,1.92119,1737,-1,ok,0,0,0,0,1736,1
1,20,645781,614849,395,198,47296,23.8661,0.256163,398,-1,ok,0,0,0,0,397,1
1,21,2468056,2256643,1145,573,230855,153.228,0.577057,1156,-1,ok,0,0,0,0,1155,1
1,22,251497,3219170,2176,1089,501737,360.364,3.09308,2179,-1,ok,0,0,0,0,2178,1
1,23,569297,2803754,1948,976,459404,338.344,2.37467,1955,-1,ok,0,0,0,0,1954,1
1,24,2520461,1501553,674,338,140281,81.9048,1.08606,677,-1,ok,0,0,0,0,676,1
1,25,2003860,731758,1205,603,343115,247.172,1.17943,1206,-1,ok,0,0,0,0,1205,1
1,26,613334,2557422,1168,587,271675,187.28,2.23916,1175,-1,ok,0,0,0,0,1174,1
1,27,387537,2005469,1167,585,232706,150.936,1.80305,1176,-1,ok,0,0,0,0,1175,1
1,28,344125,2584166,2379,1192,486543,355.2,2.76514,2388,-1,ok,0,0,0,0,2387,1
1,29,2992346,1955386,784,393,159049,91.2522,1.23208,787,-1,ok,0,0,0,0,786,1
1,30,2891864,2043208,1327,665,360864,262.267,1.19532,1334,-1,ok,0,0,0,0,1333,1
1,31,593449,1109625,711,357,125865,71.2592,0.69149,716,-1,ok,0,0,0,0,715,1
1,32,2770066,477636,2303,1153,480252,356.421,2.77956,2314,-1,ok,0,0,0,0,2313,1
1,33,1568488,2024378,743,373,212314,141.276,0.700736,748,-1,ok,0,0,0,0,747,1
1,34,2636861,1355914,1868,936,373989,296.284,1.61554,1873,-1,ok,0,0,0,0,1872,1
1,35,2807379,1728601,1223,613,307426,208.179,1.38534,1230,-1,ok,0,0,0,0,1229,1
1,36,548195,1129534,384,192,52395,27.4058,0.62738,385,-1,ok,0,0,0,0,384,1
1,37,1403079,1097550,787,394,239186,162.234,0.941862,790,-1,ok,0,0,0,0,789,1
1,38,1098506,2400310,1127,564,305285,216.883,1.5641,1130,-1,ok,0,0,0,0,1129,1
1,39,549302,2763681,1609,805,349132,243.272,2.49262,1614,-1,ok,0,0,0,0,1613,1
1,40,2830387,1329031,990,496,259325,163.079,1.59292,995,-1,ok,0,0,0,0,994,1
1,41,2571837,1609971,1200,601,290404,203.327,1.20584,1205,-1,ok,0,0,0,0,1204,1
1,42,2269545,949398,1480,741,399014,314.999,1.72952,1483,-1,ok,0,0,0,0,1482,1
1,43,2386550,2005422,1757,878,467932,362.369,1.36572,1762,-1,ok,0,0,0,0,1761,1
1,44,3228329,1091487,1429,715,332079,207.459,2.37298,1434,-1,ok,0,0,0,0,1433,1
1,45,1252674,2899369,1220,612,147085,84.78,2.27159,1229,-1,ok,0,0,0,0,1228,1
1,46,1245004,2631833,1742,873,522592,375.084,2.09424,1753,-1,ok,0,0,0,0,1752,1
1,47,2746631,1120353,1791,897,328133,231.035,1.69513,1796,-1,ok,0,0,0,0,1795,1
1,48,1545941,1034885,778,389,146942,86.098,1.09006,781,-1,ok,0,0,0,0,780,1
1,49,707664,3179843,2152,1077,467944,361.515,3.33812,2155,-1,ok,0,0,0,0,2154,1
1,50,2697605,251222,1758,880,468988,337.733,2.93818,1765,-1,ok,0,0,0,0,1764,1
1,51,598957,1160461,516,259,68031,34.155,0.77849,521,-1,ok,0,0,0,0,520,1
1,52,2808838,629110,1283,643,359824,261.432,2.28252,1288,-1,ok,0,0,0,0,1287,1
1,53,2674667,2450469,1734,868,316742,222.561,1.6082,1739,-1,ok,0,0,0,0,1738,1
1,54,902226,2397303,1907,954,472009,354.62,1.87567,1912,-1,ok,0,0,0,0,1911,1
1,55,3160580,2590500,1640,821,309477,204.535,1.31431,1645,-1,ok,0,0,0,0,1644,1
1,56,3063115,1271576,1534,767,365560,274.382,1.55754,1535,-1,ok,0,0,0,0,1534,1
1,57,471188,1449834,1138,570,204663,137.042,1.1855,1143,-1,ok,0,0,0,0,1142,1
1,58,1353978,2059850,918,461,223203,152.234,1.36853,921,-1,ok,0,0,0,0,920,1
1,59,2540733,1967844,911,456,281798,185.171,0.875611,918,-1,ok,0,0,0,0,917,1
1,60,2700562,1997667,1296,649,344608,238.322,1.12101,1301,-1,ok,0,0,0,0,1300,1
1,61,1637568,2044505,363,182,48219,25.1025,0.546121,368,-1,ok,0,0,0,0,367,1
1,62,1801679,2696751,1870,936,480336,361.645,1.3956,1879,-1,ok,0,0,0,0,1878,1
1,63,598957,2906552,1287,644,315553,220.416,2.71831,1288,-1,ok,0,0,0,0,1287,1
1,64,1955372,794087,930,467,281076,237.788,1.39759,935,-1,ok,0,0,0,0,934,1
1,65,2039260,2947726,1193,598,250447,197.295,1.231,1196,-1,ok,0,0,0,0,1195,1
1,66,556924,1599250,705,354,144171,91.2844,1.28562,708,-1,ok,0,0,0,0,707,1
1,67,278380,2626389,2296,1149,525732,383.195,3.25965,2299,-1,ok,0,0,0,0,2298,1
1,68,2339398,455629,2015,1009,532579,385.052,2.34548,2020,-1,ok,0,0,0,0,2019,1
1,69,2397188,1012607,1150,576,320206,243.449,1.76989,1153,-1,ok,0,0,0,0,1152,1
1,70,2467967,715435,1642,822,375442,313.085,1.92313,1647,-1,ok,0,0,0,0,1646,1
1,71,279709,835397,829,416,145720,91.8943,1.16586,836,-1,ok,0,0,0,0,835,1
1,72,825921,1088080,805,402,120999,77.5212,0.594631,806,-1,ok,0,0,0,0,805,1
1,73,2686056,3089348,412,207,55656,32.2016,0.675931,413,-1,ok,0,0,0,0,412,1
1,74,935096,1634738,947,475,289733,217.435,1.19459,952,-1,ok,0,0,0,0,951,1
1,75,384006,760874,877,440,154412,89.9544,0.787316,880,-1,ok,0,0,0,0,879,1
1,76,1947155,898061,889,445,255946,181.435,1.69975,896,-1,ok,0,0,0,0,895,1
1,77,658137,789793,329,166,30833,13.8299,0.231668,334,-1,ok,0,0,0,0,333,1
1,78,363830,2056905,2015,1008,406430,310.543,2.04262,2016,-1,ok,0,0,0,0,2015,1
1,79,1761748,2892020,756,379,215445,148.493,1.40731,757,-1,ok,0,0,0,0,756,1
1,80,2351211,2029768,1106,554,264754,185.915,0.985102,1117,-1,ok,0,0,0,0,1116,1
1,81,647090,520796,364,183,51665,26.5625,0.254621,367,-1,ok,0,0,0,0,366,1
1,82,2202913,1998284,1606,803,448807,346.575,1.21502,1609,-1,ok,0,0,0,0,1608,1
1,83,2307907,2951731,1581,791,416729,343.257,1.25598,1586,-1,ok,0,0,0,0,1585,1
1,84,1871832,591133,1610,806,427629,341.229,1.90946,1621,-1,ok,0,0,0,0,1620,1
1,85,1820468,769068,784,393,234292,156.605,1.51796,789,-1,ok,0,0,0,0,788,1
1,86,618657,2879486,1405,704,364851,284.685,2.35417,1410,-1,ok,0,0,0,0,1409,1
1,87,759127,2437547,1913,968,498280,375.002,2.61083,1940,-1,ok,0,0,0,0,1939,1
1,88,2003626,436977,2082,1041,517973,421.365,2.03335,2085,-1,ok,0,0,0,0,2084,1
1,89,2088216,2111650,95,48,3021,1.29434,0.141912,96,-1,ok,0,0,0,0,95,1
1,90,2481203,2200930,683,343,171358,113.937,0.677704,686,-1,ok,0,0,0,0,685,1
1,91,1827763,2791217,1053,528,395178,323.988,1.4348,1062,-1,ok,0,0,0,0,1061,1
1,92,1980418,1582954,557,280,93940,61.6468,0.721205,560,-1,ok,0,0,0,0,559,1
1,93,705039,752842,1000,501,227239,162.923,0.709563,1005,-1,ok,0,0,0,0,1004,1
1,94,1158854,739502,341,171,36280,16.9977,0.526725,342,-1,ok,0,0,0,0,341,1
1,95,1350833,836719,972,487,338743,259.952,0.726163,975,-1,ok,0,0,0,0,974,1
1,96,1556785,647066,1224,613,314041,246.105,1.24585,1227,-1,ok,0,0,0,0,1226,1
1,97,1944954,1109435,783,393,237575,181.924,1.31874,786,-1,ok,0,0,0,0,785,1
1,98,2668191,348531,1839,920,495159,349.485,2.93835,1842,-1,ok,0,0,0,0,1841,1
1,99,476033,1903328,1168,585,285494,187.992,2.10331,1173,-1,ok,0,0,0,0,1172,1
1,100,795218,590026,122,62,6336,2.70637,0.26482,125,-1,ok,0,0,0,0,124,1
1,101,763468,1260833,843,421,116151,65.8185,0.813376,846,-1,ok,0,0,0,0,845,1
1,102,3155979,534005,2083,1042,488349,334.427,3.36406,2086,-1,ok,0,0,0,0,2085,1
1,103,2671843,2035386,1097,550,300099,196.267,0.831439,1100,-1,ok,0,0,0,0,1099,1
1,104,1072087,2077094,1175,590,380259,294.439,1.74972,1184,-1,ok,0,0,0,0,1183,1
1,105,1830266,867972,1628,815,486792,378.833,1.20038,1631,-1,ok,0,0,0,0,1630,1
1,106,2009385,672463,1221,612,405086,322.303,1.3138,1228,-1,ok,0,0,0,0,1227,1
1,107,1277732,1289510,1175,588,282658,218.206,0.996184,1176,-1,ok,0,0,0,0,1175,1
1,108,383929,2086407,1268,635,261483,174.335,2.49405,1277,-1,ok,0,0,0,0,1276,1
1,109,2032078,1699736,1336,670,299675,217.546,0.857797,1341,-1,ok,0,0,0,0,1340,1
1,110,958411,907673,588,294,132534,80.204,0.502661,595,-1,ok,0,0,0,0,594,1
1,111,345881,908168,999,501,124906,69.4629,0.982637,1002,-1,ok,0,0,0,0,1001,1
1,112,921927,2826328,1275,639,288864,205.505,2.50241,1280,-1,ok,0,0,0,0,1279,1
1,113,558628,2150100,1156,579,265035,174.21,1.73975,1159,-1,ok,0,0,0,0,1158,1
1,114,732091,2459630,1421,711,381404,301.703,2.08103,1424,-1,ok,0,0,0,0,1423,1
1,115,398823,391093,624,314,100122,56.4462,0.473275,633,-1,ok,0,0,0,0,632,1
1,116,1510629,2959878,1054,529,300653,222.264,1.86756,1057,-1,ok,0,0,0,0,1056,1
1,117,2096552,3082996,592,297,131931,78.8347,1.6036,593,-1,ok,0,0,0,0,592,1
1,118,773297,2535823,1305,656,372155,285.035,1.9187,1316,-1,ok,0,0,0,0,1315,1
1,119,1540653,367496,2008,1004,515807,394.549,1.77997,2011,-1,ok,0,0,0,0,2010,1
1,120,457915,1822951,1394,698,339523,235.053,1.37074,1397,-1,ok,0,0,0,0,1396,1
1,121,2144069,523360,2086,1043,513242,391.421,2.00854,2089,-1,ok,0,0,0,0,2088,1
1,122,1935902,3090329,1268,635,493192,358.887,1.58283,1271,-1,ok,0,0,0,0,1270,1
1,123,2854140,1596178,937,469,218424,139.68,1.49713,938,-1,ok,0,0,0,0,937,1
1,124,1967913,1747145,807,404,198649,137.096,0.595442,812,-1,ok,0,0,0,0,811,1
1,125,2263205,1655305,838,420,239502,158.532,0.983229,845,-1,ok,0,0,0,0,844,1
1,126,2506297,1143924,984,494,273684,179.399,1.52042,989,-1,ok,0,0,0,0,988,1
1,127,1448472,1364093,562,285,96439,57.0308,0.7948,577,-1,ok,0,0,0,0,576,1
1,128,1724010,2154870,1418,709,445893,344.457,0.859561,1421,-1,ok,0,0,0,0,1420,1
1,129,840467,2529952,1656,829,232983,157.623,2.37048,1665,-1,ok,0,0,0,0,1664,1
1,130,1792217,1212610,345,173,48068,24.2976,0.710675,348,-1,ok,0,0,0,0,347,1
1,131,1328134,3208212,1967,985,517550,391.091,2.32617,1976,-1,ok,0,0,0,0,1975,1
1,132,2891864,1675347,959,480,230486,146.425,1.74178,960,-1,ok,0,0,0,0,959,1
1,133,2410465,2443796,1103,552,216708,145.721,0.69732,1112,-1,ok,0,0,0,0,1111,1
1,134,558433,2250280,1093,547,217233,144.862,1.98652,1094,-1,ok,0,0,0,0,1093,1
1,135,1187532,720690,1013,509,268669,201.821,0.927575,1018,-1,ok,0,0,0,0,1017,1
1,136,2710078,1125700,1258,630,361848,272.674,1.84679,1263,-1,ok,0,0,0,0,1262,1
1,137,342829,2650131,1580,791,392990,286.746,2.44641,1583,-1,ok,0,0,0,0,1582,1
1,138,381156,591400,523,262,47699,23.7537,0.528007,524,-1,ok,0,0,0,0,523,1
1,139,620591,3052362,1412,706,345095,248.967,3.02934,1415,-1,ok,0,0,0,0,1414,1
1,140,1838465,1180686,1541,771,520686,368.87,1.31733,1552,-1,ok,0,0,0,0,1551,1
1,141,2808277,2315654,851,427,121220,68.7499,0.793719,858,-1,ok,0,0,0,0,857,1
1,142,2598310,2422034,222,112,21262,9.4616,0.231068,225,-1,ok,0,0,0,0,224,1
1,143,2845436,1668194,730,367,112144,61.4917,1.25548,733,-1,ok,0,0,0,0,732,1
1,144,2382918,526772,1377,689,357250,289.009,2.06451,1382,-1,ok,0,0,0,0,1381,1
1,145,1931999,438444,1275,639,433197,328.87,1.43543,1282,-1,ok,0,0,0,0,1281,1
1,146,2679978,515339,2241,1122,509546,371.909,2.37942,2244,-1,ok,0,0,0,0,2243,1
1,147,2803019,1915102,1793,898,438394,327.749,1.46655,1802,-1,ok,0,0,0,0,1801,1
1,148,913089,1331566,1323,662,352604,288.052,1.09295,1330,-1,ok,0,0,0,0,1329,1
1,149,634343,2276336,1305,654,343219,235.13,1.75936,1308,-1,ok,0,0,0,0,1307,1
1,150,1481794,3181212,1228,616,324452,234.094,2.18094,1233,-1,ok,0,0,0,0,1232,1
1,151,1474634,422363,1314,657,388570,315.772,1.34986,1315,-1,ok,0,0,0,0,1314,1
1,152,1834575,3226322,1174,588,315406,221.247,1.30967,1177,-1,ok,0,0,0,0,1176,1
1,153,3024705,540222,1863,932,482800,329.862,2.86547,1866,-1,ok,0,0,0,0,1865,1
1,154,3044639,2920559,189,95,14472,6.23537,0.210188,192,-1,ok,0,0,0,0,191,1
1,155,1228220,1631674,478,240,84098,44.9325,0.576407,479,-1,ok,0,0,0,0,478,1
1,156,1536072,283775,1199,600,427697,328.612,1.30215,1202,-1,ok,0,0,0,0,1201,1
1,157,3193672,1640899,1490,746,302052,192.168,1.59391,1495,-1,ok,0,0,0,0,1494,1
1,158,1364886,1417986,1253,627,380899,316.432,1.13782,1256,-1,ok,0,0,0,0,1255,1
1,159,1323479,1948892,1160,584,335053,246.358,1.09872,1169,-1,ok,0,0,0,0,1168,1
1,160,329635,3138202,2157,1079,430874,320.853,3.10258,2162,-1,ok,0,0,0,0,2161,1
1,161,2199138,2165892,958,481,284576,197.391,0.594449,965,-1,ok,0,0,0,0,964,1
1,162,2332432,2665491,284,143,29074,14.0696,0.523698,287,-1,ok,0,0,0,0,286,1
1,163,2554867,820141,1438,720,427338,303.173,1.69254,1447,-1,ok,0,0,0,0,1446,1
1,164,816636,1589983,1083,543,275037,189.903,1.14634,1088,-1,ok,0,0,0,0,1087,1
1,165,2144577,2486159,628,315,149342,91.0879,0.64328,641,-1,ok,0,0,0,0,640,1
1,166,2257019,735014,1996,1005,482822,359.759,2.23696,2013,-1,ok,0,0,0,0,2012,1
1,167,2095650,935010,1005,514,265514,183.758,1.92791,1032,-1,ok,0,0,0,0,1031,1
1,168,312457,989659,778,390,111977,59.5575,1.31486,783,-1,ok,0,0,0,0,782,1
1,169,2882141,1067685,1170,587,220660,138.997,2.33012,1175,-1,ok,0,0,0,0,1174,1
1,170,1662824,2681105,1085,544,321535,230.147,1.27637,1092,-1,ok,0,0,0,0,1091,1
1,171,1703180,546367,1232,616,352983,285.913,1.19344,1237,-1,ok,0,0,0,0,1236,1
1,172,2090483,588991,1314,658,442058,335.364,1.8479,1323,-1,ok,0,0,0,0,1322,1
1,173,2669970,1153251,1524,762,415848,297.314,1.98547,1525,-1,ok,0,0,0,0,1524,1
1,174,2801102,1556461,1651,826,373728,279.529,1.46819,1660,-1,ok,0,0,0,0,1659,1
1,175,2862760,2446461,730,367,159022,93.1933,1.03882,737,-1,ok,0,0,0,0,736,1
1,176,1728209,2803901,1739,871,455664,346.942,2.14507,1748,-1,ok,0,0,0,0,1747,1
1,177,330269,1345015,1018,510,217393,138.926,1.49714,1025,-1,ok,0,0,0,0,1024,1
1,178,3017924,2896984,407,205,51601,32.8841,0.322917,410,-1,ok,0,0,0,0,409,1
1,179,910292,1126401,229,115,17913,7.87534,0.353435,232,-1,ok,0,0,0,0,231,1
1,180,2006593,1670863,1240,621,354003,287.34,0.887032,1249,-1,ok,0,0,0,0,1248,1
1,181,2078347,3155254,1385,694,495607,355.317,3.25053,1390,-1,ok,0,0,0,0,1389,1
1,182,2709648,2878665,277,140,24935,11.4056,0.331092,282,-1,ok,0,0,0,0,281,1
1,183,460429,2828556,1989,995,465806,346.23,2.90828,1992,-1,ok,0,0,0,0,1991,1
1,184,909956,1352984,474,238,87361,49.8689,0.698153,477,-1,ok,0,0,0,0,476,1
1,185,2598310,614849,1241,621,381474,281.245,2.05684,1246,-1,ok,0,0,0,0,1245,1
1,186,1732162,381072,1507,754,494307,367.222,1.80123,1508,-1,ok,0,0,0,0,1507,1
1,187,2864255,987151,1339,680,319170,213.283,2.12001,1366,-1,ok,0,0,0,0,1365,1
1,188,613280,1998545,1505,754,387199,295.766,1.70786,1510,-1,ok,0,0,0,0,1509,1
1,189,769257,2619619,1324,662,331111,225.869,2.35726,1329,-1,ok,0,0,0,0,1328,1
1,190,1700379,924636,488,246,103320,60.5314,1.00007,493,-1,ok,0,0,0,0,492,1
1,191,489236,2011181,1701,852,400196,311.146,1.47763,1708,-1,ok,0,0,0,0,1707,1
1,192,1225462,1170705,1015,509,234637,167.847,0.934841,1018,-1,ok,0,0,0,0,1017,1
1,193,1873151,1744747,675,339,177415,114.296,0.533787,680,-1,ok,0,0,0,0,679,1
1,194,2468599,2302602,643,321,146751,86.5651,0.647598,650,-1,ok,0,0,0,0,649,1
1,195,2943977,2062115,628,315,120168,67.608,1.70187,633,-1,ok,0,0,0,0,632,1
1,196,587996,382135,775,389,141394,78.4696,0.711746,778,-1,ok,0,0,0,0,777,1
1,197,1795388,2559139,975,488,358198,278.313,1.45716,980,-1,ok,0,0,0,0,979,1
1,198,430706,1816036,1949,975,449215,338.139,2.65987,1952,-1,ok,0,0,0,0,1951,1
1,199,2709791,743716,1567,784,465240,333.868,2.24637,1572,-1,ok,0,0,0,0,1571,1
1,200,2317486,1682523,790,395,233930,155.544,0.900285,793,-1,ok,0,0,0,0,792,1
1,201,848074,2660956,1289,646,267143,179.709,2.04048,1294,-1,ok,0,0,0,0,1293,1
1,202,2051630,2425358,880,441,226536,154.577,0.752412,883,-1,ok,0,0,0,0,882,1
1,203,2138232,3170486,1784,893,443605,340.969,2.63886,1789,-1,ok,0,0,0,0,1788,1
1,204,1443071,807450,574,287,102582,59.0651,1.21855,577,-1,ok,0,0,0,0,576,1
1,205,1144422,3049691,2080,1041,528705,394.704,2.43324,2087,-1,ok,0,0,0,0,2086,1
1,206,377442,2376747,1648,825,376682,287.887,2.56862,1651,-1,ok,0,0,0,0,1650,1
1,207,1401797,2931005,1642,822,491570,379.174,1.76085,1647,-1,ok,0,0,0,0,1646,1
1,208,2488208,1785008,991,497,256689,167.645,0.916976,996,-1,ok,0,0,0,0,995,1
1,209,2517430,2632913,587,294,132111,76.6257,0.841467,590,-1,ok,0,0,0,0,589,1
1,210,1804529,2670473,625,313,166184,99.3839,1.23538,628,-1,ok,0,0,0,0,627,1
1,211,792304,2700845,1601,801,371867,298.608,2.47649,1604,-1,ok,0,0,0,0,1603,1
1,212,292558,448522,757,380,125131,70.6122,0.683415,762,-1,ok,0,0,0,0,761,1
1,213,2987559,1182868,2093,1047,492983,356.842,2.752,2098,-1,ok,0,0,0,0,2097,1
1,214,3031564,1350417,1027,514,167118,96.191,2.11949,1034,-1,ok,0,0,0,0,1033,1
1,215,3155823,373649,2172,1087,475954,335.403,3.03689,2179,-1,ok,0,0,0,0,2178,1
1,216,371781,1935939,921,462,197897,125.909,2.37965,926,-1,ok,0,0,0,0,925,1
1,217,2855984,2571946,520,261,89659,48.8866,0.6863,521,-1,ok,0,0,0,0,520,1
1,218,465556,3102078,1943,972,499706,349.058,2.89493,1946,-1,ok,0,0,0,0,1945,1
1,219,3106562,1461822,2273,1137,481129,345.494,2.44204,2276,-1,ok,0,0,0,0,2275,1
1,220,2389443,1100586,779,391,234335,159.806,1.7198,784,-1,ok,0,0,0,0,783,1
1,221,1209891,3199598,1812,907,460799,353.568,2.76151,1815,-1,ok,0,0,0,0,1814,1
1,222,1628263,3038908,1441,720,519184,371.978,1.5606,1442,-1,ok,0,0,0,0,1441,1
1,223,996318,538495,877,440,270605,182.884,1.13717,882,-1,ok,0,0,0,0,881,1
1,224,2666230,1916875,1680,841,432181,316.916,1.28019,1687,-1,ok,0,0,0,0,1686,1
1,225,1214391,1343195,898,451,265359,187.835,0.639133,903,-1,ok,0,0,0,0,902,1
1,226,650861,1693026,614,308,122531,71.8905,1.29726,619,-1,ok,0,0,0,0,618,1
1,227,1007288,1215730,474,238,78677,41.651,0.436518,477,-1,ok,0,0,0,0,476,1
1,228,2161129,565602,1613,807,519582,364.357,2.13697,1614,-1,ok,0,0,0,0,1613,1
1,229,2785103,1597956,1513,758,386791,287.857,1.54975,1520,-1,ok,0,0,0,0,1519,1
1,230,1392321,355276,821,411,261541,178.373,1.23468,824,-1,ok,0,0,0,0,823,1
1,231,2051789,1806580,591,295,75746,40.6739,0.822972,592,-1,ok,0,0,0,0,591,1
1,232,1102446,3057237,1135,569,382806,292.175,2.03951,1140,-1,ok,0,0,0,0,1139,1
1,233,2397085,1013039,923,462,250571,174.724,2.64491,926,-1,ok,0,0,0,0,925,1
1,234,1287529,1866275,1267,635,387845,307.662,1.23422,1272,-1,ok,0,0,0,0,1271,1
1,235,1687683,418136,1252,626,480955,352.174,1.49046,1253,-1,ok,0,0,0,0,1252,1
1,236,2722809,932643,2100,1051,515728,352.178,2.25486,2107,-1,ok,0,0,0,0,2106,1
1,237,2665523,3047256,1417,710,336445,242.147,2.75629,1420,-1,ok,0,0,0,0,1419,1
1,238,1923409,2905912,843,422,279526,201.16,1.27536,844,-1,ok,0,0,0,0,843,1
1,239,875283,1311303,664,332,126188,73.5578,0.840465,669,-1,ok,0,0,0,0,668,1
1,240,2918198,639738,1606,814,377658,284.21,2.91845,1633,-1,ok,0,0,0,0,1632,1
1,241,1337751,1159597,145,73,8766,3.70134,0.311587,148,-1,ok,0,0,0,0,147,1
1,242,1804529,3222731,986,494,388403,295.129,1.73903,993,-1,ok,0,0,0,0,992,1
1,243,2545706,1651771,1162,582,297448,199.617,1.23323,1171,-1,ok,0,0,0,0,1170,1
1,244,807710,2239366,1940,971,506187,365.741,2.604,1943,-1,ok,0,0,0,0,1942,1
1,245,3201629,632825,1631,817,390774,290.792,3.85573,1636,-1,ok,0,0,0,0,1635,1
1,246,2019093,3174345,1036,520,328950,232.919,1.91861,1045,-1,ok,0,0,0,0,1044,1
1,247,2955346,1703765,1276,639,233033,151.242,2.04767,1279,-1,ok,0,0,0,0,1278,1
1,248,541380,1361733,957,479,156543,93.7351,1.67225,960,-1,ok,0,0,0,0,959,1
1,249,3113781,786831,2642,1322,523072,358.651,2.4136,2649,-1,ok,0,0,0,0,2648,1
1,250,726020,696308,1081,541,246195,158.892,0.85956,1084,-1,ok,0,0,0,0,1083,1
1,251,553589,2992564,1414,709,371644,273.43,3.08835,1421,-1,ok,0,0,0,0,1420,1
1,252,1843611,2188440,1312,657,375989,314.686,1.14702,1317,-1,ok,0,0,0,0,1316,1
1,253,334027,2354825,1725,874,428181,299.45,2.62844,1752,-1,ok,0,0,0,0,1751,1
1,254,2138232,528223,1703,859,417118,325.465,2.42238,1720,-1,ok,0,0,0,0,1719,1
1,255,2920261,1514740,1066,534,250338,153.266,2.39101,1069,-1,ok,0,0,0,0,1068,1
1,256,1963166,1687516,403,203,61888,32.1952,0.734328,408,-1,ok,0,0,0,0,407,1
1,257,610635,2538272,1234,620,273862,186.586,3.53499,1247,-1,ok,0,0,0,0,1246,1
1,258,2978886,649484,1616,809,197195,127.983,4.10585,1625,-1,ok,0,0,0,0,1624,1
1,259,769160,1514768,962,482,194734,139.232,1.35715,967,-1,ok,0,0,0,0,966,1
1,260,3115044,1697807,1444,724,348046,227.688,2.31981,1449,-1,ok,0,0,0,0,1448,1
1,261,1835879,2014773,1360,680,325804,234.479,1.19357,1373,-1,ok,0,0,0,0,1372,1
1,262,1550309,1217369,267,133,24995,11.4813,0.645935,268,-1,ok,0,0,0,0,267,1
1,263,1455274,2689959,801,402,252838,172.093,1.47455,804,-1,ok,0,0,0,0,803,1
1,264,1863586,2791354,1283,643,440048,330.438,1.59919,1288,-1,ok,0,0,0,0,1287,1
1,265,1878699,2430675,931,467,293959,203.039,1.18902,938,-1,ok,0,0,0,0,937,1
1,266,1109092,2589721,1865,934,460214,361.861,2.29808,1872,-1,ok,0,0,0,0,1871,1
1,267,2786859,1809984,1068,536,230425,149.143,1.42185,1079,-1,ok,0,0,0,0,1078,1
1,268,2948186,2866807,424,213,31887,13.4015,0.425698,427,-1,ok,0,0,0,0,426,1
1,269,837275,3217710,2157,1080,486279,360.001,3.06695,2162,-1,ok,0,0,0,0,2161,1
1,270,1633134,3007164,1393,698,453724,344.501,1.68999,1398,-1,ok,0,0,0,0,1397,1
1,271,3177553,363823,1951,975,447927,307.719,3.60175,1956,-1,ok,0,0,0,0,1955,1
1,272,1545611,2173818,374,187,46930,23.9477,1.24437,375,-1,ok,0,0,0,0,374,1
1,273,2234670,1030403,742,373,216998,153.292,1.64237,747,-1,ok,0,0,0,0,746,1
1,274,1061263,517752,391,197,60692,32.4937,0.862686,396,-1,ok,0,0,0,0,395,1
1,275,2611184,1093057,1834,919,473411,339.396,2.14901,1841,-1,ok,0,0,0,0,1840,1
1,276,1860944,3238002,887,445,199607,131.486,3.13505,890,-1,ok,0,0,0,0,889,1
1,277,2169703,1399028,791,396,224665,151.897,1.15205,796,-1,ok,0,0,0,0,795,1
1,278,1948620,2128617,131,67,7416,3.11657,0.207294,134,-1,ok,0,0,0,0,133,1
1,279,2566018,882646,1597,800,494397,341.321,2.72066,1602,-1,ok,0,0,0,0,1601,1
1,280,929280,999352,167,84,11778,5.24038,0.304744,168,-1,ok,0,0,0,0,167,1
1,281,924154,2537686,1628,817,483612,346.672,2.02537,1635,-1,ok,0,0,0,0,1634,1
1,282,2000652,1137046,874,438,294595,212.501,1.33221,877,-1,ok,0,0,0,0,876,1
1,283,2582565,607763,1299,651,359032,290.627,3.78797,1304,-1,ok,0,0,0,0,1303,1
1,284,3245185,785165,2684,1344,508734,375.491,3.35945,2693,-1,ok,0,0,0,0,2692,1
1,285,1231498,2364091,1022,511,224896,152.152,1.89971,1023,-1,ok,0,0,0,0,1022,1
1,286,1066192,1226502,199,100,11226,4.89253,0.38941,200,-1,ok,0,0,0,0,199,1
1,287,1869193,2052669,328,164,46672,24.1995,0.445173,331,-1,ok,0,0,0,0,330,1
1,288,2994814,3098447,829,416,131531,72.7813,0.632199,834,-1,ok,0,0,0,0,833,1
1,289,1797269,848583,613,308,166669,100.108,1.41929,618,-1,ok,0,0,0,0,617,1
1,290,1214793,1750358,1135,567,239934,166.817,1.2678,1138,-1,ok,0,0,0,0,1137,1
1,291,2831898,2102650,653,327,113610,68.2612,1.50994,656,-1,ok,0,0,0,0,655,1
1,292,2244867,2707981,771,387,120512,68.9363,1.01437,778,-1,ok,0,0,0,0,777,1
1,293,1073058,1365640,1214,607,258506,178.557,1.14163,1215,-1,ok,0,0,0,0,1214,1
1,294,2216425,1540683,1508,756,486806,349.747,1.78312,1519,-1,ok,0,0,0,0,1518,1
1,295,2060741,2215164,463,232,52980,27.2645,0.371638,464,-1,ok,0,0,0,0,463,1
1,296,1441555,704228,1628,815,452205,355.459,1.89816,1631,-1,ok,0,0,0,0,1630,1
1,297,2513611,686770,1174,589,366492,291.669,2.88962,1179,-1,ok,0,0,0,0,1178,1
1,298,1306030,2886412,938,471,325834,243.482,2.72038,943,-1,ok,0,0,0,0,942,1
1,299,404356,1929489,1380,690,316859,206.794,2.5663,1381,-1,ok,0,0,0,0,1380,1
2,0,2654607,497695,1710,428,116827,65.016,4.93077,1721,-1,ok,0,0,0,0,1720,1
2,1,2221473,1571062,1589,402,103634,51.4901,2.65796,1632,-1,ok,0,0,0,0,1631,1
2,2,641811,2589149,1344,336,91789,42.2846,3.65877,1347,-1,ok,0,0,0,0,1346,1
2,3,2250714,2339143,278,70,7447,2.77744,0.370053,287,-1,ok,0,0,0,0,286,1
2,4,2536396,353659,1876,473,111437,51.2281,4.35997,1899,-1,ok,0,0,0,0,1898,1
2,5,916591,1430479,1191,298,72893,32.8172,1.7575,1208,-1,ok,0,0,0,0,1207,1
2,6,500826,2935247,2173,544,123490,54.3057,4.77109,2186,-1,ok,0,0,0,0,2185,1
2,7,2429283,2288496,465,117,22550,9.939,0.542063,472,-1,ok,0,0,0,0,471,1
2,8,502542,1287255,645,162,18984,7.63838,1.84072,662,-1,ok,0,0,0,0,661,1
2,9,2726054,800471,1487,372,111710,50.0047,3.25788,1500,-1,ok,0,0,0,0,1499,1
2,10,3031784,709412,1662,417,102874,44.922,3.97966,1671,-1,ok,0,0,0,0,1670,1
2,11,813038,2649998,1861,467,129300,58.5577,2.63398,1888,-1,ok,0,0,0,0,1887,1
2,12,2906523,1340129,1264,316,76158,33.3062,2.43369,1267,-1,ok,0,0,0,0,1266,1
2,13,2198005,2773306,1504,376,91821,45.1711,1.97416,1513,-1,ok,0,0,0,0,1512,1
2,14,1009630,2195480,1009,252,44773,20.2559,2.44464,1010,-1,ok,0,0,0,0,1009,1
2,15,2077961,2827531,1186,297,113304,54.8587,1.88516,1205,-1,ok,0,0,0,0,1204,1
2,16,1553701,2469994,602,152,23318,10.0512,1.61909,623,-1,ok,0,0,0,0,622,1
2,17,2490161,384400,1409,353,113817,52.4458,2.54211,1414,-1,ok,0,0,0,0,1413,1
2,18,2599025,2034587,1669,419,83992,40.0376,2.3657,1698,-1,ok,0,0,0,0,1697,1
2,19,1181060,2927824,1734,434,113706,54.1557,2.47963,1749,-1,ok,0,0,0,0,1748,1
2,20,645781,614849,395,100,12209,4.94948,0.412292,402,-1,ok,0,0,0,0,401,1
2,21,2468056,2256643,1145,286,59913,26.8265,1.18404,1158,-1,ok,0,0,0,0,1157,1
2,22,251497,3219170,2176,546,128901,56.3532,4.99715,2207,-1,ok,0,0,0,0,2206,1
2,23,569297,2803754,1948,487,117249,53.7683,2.19109,1959,-1,ok,0,0,0,0,1958,1
2,24,2520461,1501553,674,170,36589,15.6108,1.28214,689,-1,ok,0,0,0,0,688,1
2,25,2003860,731758,1205,306,87041,41.5645,1.24732,1228,-1,ok,0,0,0,0,1227,1
2,26,613334,2557422,1168,293,69424,30.8039,2.9188,1185,-1,ok,0,0,0,0,1184,1
2,27,387537,2005469,1167,293,59744,24.3746,3.27007,1176,-1,ok,0,0,0,0,1175,1
2,28,344125,2584166,2379,596,124255,53.7299,2.9224,2400,-1,ok,0,0,0,0,2399,1
2,29,2992346,1955386,784,197,40637,25.1165,2.08239,799,-1,ok,0,0,0,0,798,1
2,30,2891864,2043208,1327,333,93142,40.64,1.94866,1352,-1,ok,0,0,0,0,1351,1
2,31,593449,1109625,711,179,32256,13.3315,1.22028,716,-1,ok,0,0,0,0,715,1
2,32,2770066,477636,2303,580,122777,58.3254,3.61438,2332,-1,ok,0,0,0,0,2331,1
2,33,1568488,2024378,743,187,53939,24.981,0.838702,752,-1,ok,0,0,0,0,751,1
2,34,2636861,1355914,1868,470,96226,46.0737,1.94424,1889,-1,ok,0,0,0,0,1888,1
2,35,2807379,1728601,1223,306,77502,33.2793,1.61577,1242,-1,ok,0,0,0,0,1241,1
2,36,548195,1129534,384,96,13217,5.52046,0.732636,393,-1,ok,0,0,0,0,392,1
2,37,1403079,1097550,787,197,60940,27.2254,1.17003,794,-1,ok,0,0,0,0,793,1
2,38,1098506,2400310,1127,283,77750,35.3044,2.14157,1138,-1,ok,0,0,0,0,1137,1
2,39,549302,2763681,1609,403,89899,40.901,2.89885,1622,-1,ok,0,0,0,0,1621,1
2,40,2830387,1329031,990,249,65921,28.4633,2.08734,1019,-1,ok,0,0,0,0,1018,1
2,41,2571837,1609971,1200,302,73718,32.979,1.52258,1217,-1,ok,0,0,0,0,1216,1
2,42,2269545,949398,1480,372,101973,49.3951,1.94592,1495,-1,ok,0,0,0,0,1494,1
2,43,2386550,2005422,1757,440,120663,57.0126,1.51211,1778,-1,ok,0,0,0,0,1777,1
2,44,3228329,1091487,1429,359,85207,36.9683,3.4592,1442,-1,ok,0,0,0,0,1441,1
2,45,1252674,2899369,1220,306,37265,15.896,2.87541,1233,-1,ok,0,0,0,0,1232,1
2,46,1245004,2631833,1742,437,133540,62.6478,2.57203,1771,-1,ok,0,0,0,0,1770,1
2,47,2746631,1120353,1791,450,83430,39.5034,2.03942,1814,-1,ok,0,0,0,0,1813,1
2,48,1545941,1034885,778,196,37896,16.4832,1.57662,797,-1,ok,0,0,0,0,796,1
2,49,707664,3179843,2152,538,119964,53.8243,3.10792,2159,-1,ok,0,0,0,0,2158,1
2,50,2697605,251222,1758,441,120758,53.7679,2.83166,1781,-1,ok,0,0,0,0,1780,1
2,51,598957,1160461,516,131,18123,7.52949,0.763623,525,-1,ok,0,0,0,0,524,1
2,52,2808838,629110,1283,326,92786,42.0324,2.66627,1318,-1,ok,0,0,0,0,1317,1
2,53,2674667,2450469,1734,435,81411,38.0293,1.56284,1749,-1,ok,0,0,0,0,1748,1
2,54,902226,2397303,1907,477,120737,55.2416,2.40252,1926,-1,ok,0,0,0,0,1925,1
2,55,3160580,2590500,1640,410,78923,34.5586,1.82897,1649,-1,ok,0,0,0,0,1648,1
2,56,3063115,1271576,1534,384,92921,42.0338,1.99249,1539,-1,ok,0,0,0,0,1538,1
2,57,471188,1449834,1138,284,52521,22.3292,1.44406,1151,-1,ok,0,0,0,0,1150,1
2,58,1353978,2059850,918,233,57901,25.997,1.48918,933,-1,ok,0,0,0,0,932,1
2,59,2540733,1967844,911,228,72481,32.0333,0.986575,920,-1,ok,0,0,0,0,919,1
2,60,2700562,1997667,1296,325,88187,39.4794,1.30256,1309,-1,ok,0,0,0,0,1308,1
2,61,1637568,2044505,363,91,12222,5.08144,0.668906,372,-1,ok,0,0,0,0,371,1
2,62,1801679,2696751,1870,469,123308,59.077,1.66724,1905,-1,ok,0,0,0,0,1904,1
2,63,598957,2906552,1287,322,81557,37.2234,2.95124,1288,-1,ok,0,0,0,0,1287,1
2,64,1955372,794087,930,234,72578,33.5812,1.27996,939,-1,ok,0,0,0,0,938,1
2,65,2039260,2947726,1193,301,63747,29.0153,1.42942,1204,-1,ok,0,0,0,0,1203,1
2,66,556924,1599250,705,177,36221,15.3924,1.15736,708,-1,ok,0,0,0,0,707,1
2,67,278380,2626389,2296,579,134090,55.6414,3.15768,2329,-1,ok,0,0,0,0,2328,1
2,68,2339398,455629,2015,504,136184,69.662,2.92142,2022,-1,ok,0,0,0,0,2021,1
2,69,2397188,1012607,1150,289,81728,38.4063,2.1576,1163,-1,ok,0,0,0,0,1162,1
2,70,2467967,715435,1642,415,95192,44.979,2.64843,1677,-1,ok,0,0,0,0,1676,1
2,71,279709,835397,829,209,37538,15.4515,1.41995,840,-1,ok,0,0,0,0,839,1
2,72,825921,1088080,805,202,31935,12.9657,0.764435,810,-1,ok,0,0,0,0,809,1
2,73,2686056,3089348,412,104,12896,5.33646,0.687201,413,-1,ok,0,0,0,0,412,1
2,74,935096,1634738,947,239,74074,33.6427,1.25488,962,-1,ok,0,0,0,0,961,1
2,75,384006,760874,877,220,39223,16.73,0.964343,884,-1,ok,0,0,0,0,883,1
2,76,1947155,898061,889,224,65016,30.5375,1.95792,902,-1,ok,0,0,0,0,901,1
2,77,658137,789793,329,83,7871,2.9022,0.353093,334,-1,ok,0,0,0,0,333,1
2,78,363830,2056905,2015,505,103855,46.1889,2.30687,2028,-1,ok,0,0,0,0,2027,1
2,79,1761748,2892020,756,190,55886,25.8691,1.93878,761,-1,ok,0,0,0,0,760,1
2,80,2351211,2029768,1106,278,67931,30.9904,1.07423,1133,-1,ok,0,0,0,0,1132,1
2,81,647090,520796,364,91,12965,5.3195,0.318911,367,-1,ok,0,0,0,0,366,1
2,82,2202913,1998284,1606,402,114602,56.0303,1.42253,1625,-1,ok,0,0,0,0,1624,1
2,83,2307907,2951731,1581,396,107757,51.1992,1.42017,1588,-1,ok,0,0,0,0,1587,1
2,84,1871832,591133,1610,415,110094,53.2585,1.79088,1689,-1,ok,0,0,0,0,1688,1
2,85,1820468,769068,784,197,60868,28.1824,1.56621,793,-1,ok,0,0,0,0,792,1
2,86,618657,2879486,1405,352,93967,42.7984,2.68328,1418,-1,ok,0,0,0,0,1417,1
2,87,759127,2437547,1913,483,126928,57.9471,2.29418,1944,-1,ok,0,0,0,0,1943,1
2,88,2003626,436977,2082,521,132359,62.6401,2.17359,2097,-1,ok,0,0,0,0,2096,1
2,89,2088216,2111650,95,24,745,0.329279,0.130832,96,-1,ok,0,0,0,0,95,1
2,90,2481203,2200930,683,172,44212,20.4324,0.64786,694,-1,ok,0,0,0,0,693,1
2,91,1827763,2791217,1053,265,100152,48.8742,1.33055,1080,-1,ok,0,0,0,0,1079,1
2,92,1980418,1582954,557,145,24219,10.4049,0.467957,590,-1,ok,0,0,0,0,589,1
2,93,705039,752842,1000,251,58535,25.4481,0.809337,1017,-1,ok,0,0,0,0,1016,1
2,94,1158854,739502,341,85,9260,3.24093,0.771578,352,-1,ok,0,0,0,0,351,1
2,95,1350833,836719,972,243,86558,41.9841,0.858588,977,-1,ok,0,0,0,0,976,1
2,96,1556785,647066,1224,308,80910,38.7944,1.73236,1237,-1,ok,0,0,0,0,1236,1
2,97,1944954,1109435,783,197,60392,27.0299,1.01706,790,-1,ok,0,0,0,0,789,1
2,98,2668191,348531,1839,460,126437,55.2032,2.23961,1846,-1,ok,0,0,0,0,1845,1
2,99,476033,1903328,1168,293,72977,30.9748,1.97413,1177,-1,ok,0,0,0,0,1176,1
2,100,795218,590026,122,32,1666,0.568782,0.299244,133,-1,ok,0,0,0,0,132,1
2,101,763468,1260833,843,211,29706,12.0322,0.618434,844,-1,ok,0,0,0,0,843,1
2,102,3155979,534005,2083,522,124973,52.9985,2.89519,2106,-1,ok,0,0,0,0,2105,1
2,103,2671843,2035386,1097,276,77215,34.0439,1.08768,1108,-1,ok,0,0,0,0,1107,1
2,104,1072087,2077094,1175,297,96971,46.3466,1.87705,1202,-1,ok,0,0,0,0,1201,1
2,105,1830266,867972,1628,408,123983,61.0735,1.28863,1635,-1,ok,0,0,0,0,1634,1
2,106,2009385,672463,1221,306,102717,50.303,1.6355,1234,-1,ok,0,0,0,0,1233,1
2,107,1277732,1289510,1175,295,72422,34.2376,0.970987,1180,-1,ok,0,0,0,0,1179,1
2,108,383929,2086407,1268,318,67355,28.1113,2.29467,1277,-1,ok,0,0,0,0,1276,1
2,109,2032078,1699736,1336,336,77248,35.8722,0.903553,1351,-1,ok,0,0,0,0,1350,1
2,110,958411,907673,588,146,32991,14.3212,0.479326,597,-1,ok,0,0,0,0,596,1
2,111,345881,908168,999,251,32175,17.9171,1.10168,1002,-1,ok,0,0,0,0,1001,1
2,112,921927,2826328,1275,318,73623,32.0019,2.2657,1292,-1,ok,0,0,0,0,1291,1
2,113,558628,2150100,1156,290,66941,27.7232,1.79042,1165,-1,ok,0,0,0,0,1164,1
2,114,732091,2459630,1421,356,97003,44.0408,2.38974,1444,-1,ok,0,0,0,0,1443,1
2,115,398823,391093,624,156,26005,10.8856,0.517068,637,-1,ok,0,0,0,0,636,1
2,116,1510629,2959878,1054,265,78004,36.9258,1.56133,1065,-1,ok,0,0,0,0,1064,1
2,117,2096552,3082996,592,149,34369,14.7336,1.64077,593,-1,ok,0,0,0,0,592,1
2,118,773297,2535823,1305,327,94971,43.847,1.88276,1322,-1,ok,0,0,0,0,1321,1
2,119,1540653,367496,2008,502,131916,63.1289,2.20788,2021,-1,ok,0,0,0,0,2020,1
2,120,457915,1822951,1394,350,86233,38.6527,1.57903,1411,-1,ok,0,0,0,0,1410,1
2,121,2144069,523360,2086,525,130911,61.8851,2.12301,2115,-1,ok,0,0,0,0,2114,1
2,122,1935902,3090329,1268,319,126501,61.9409,1.59389,1279,-1,ok,0,0,0,0,1278,1
2,123,2854140,1596178,937,235,56090,23.6264,1.53953,942,-1,ok,0,0,0,0,941,1
2,124,1967913,1747145,807,202,51005,22.8684,0.496218,820,-1,ok,0,0,0,0,819,1
2,125,2263205,1655305,838,217,60892,25.7928,0.895416,879,-1,ok,0,0,0,0,878,1
2,126,2506297,1143924,984,248,68494,29.8701,1.61466,993,-1,ok,0,0,0,0,992,1
2,127,1448472,1364093,562,142,24000,10.3923,0.714361,569,-1,ok,0,0,0,0,568,1
2,128,1724010,2154870,1418,360,114878,55.8606,1.2276,1455,-1,ok,0,0,0,0,1454,1
2,129,840467,2529952,1656,416,59230,27.3987,2.30457,1667,-1,ok,0,0,0,0,1666,1
2,130,1792217,1212610,345,87,12570,4.7659,0.645534,352,-1,ok,0,0,0,0,351,1
2,131,1328134,3208212,1967,492,132426,62.2105,2.49568,1990,-1,ok,0,0,0,0,1989,1
2,132,2891864,1675347,959,240,58536,25.3624,1.64158,966,-1,ok,0,0,0,0,965,1
2,133,2410465,2443796,1103,277,56584,24.748,0.832351,1120,-1,ok,0,0,0,0,1119,1
2,134,558433,2250280,1093,274,55255,22.9446,1.75388,1098,-1,ok,0,0,0,0,1097,1
2,135,1187532,720690,1013,254,69014,32.1276,0.869879,1018,-1,ok,0,0,0,0,1017,1
2,136,2710078,1125700,1258,315,91504,41.5556,1.71083,1263,-1,ok,0,0,0,0,1262,1
2,137,342829,2650131,1580,397,101455,43.0641,2.35387,1591,-1,ok,0,0,0,0,1590,1
2,138,381156,591400,523,132,12716,5.41169,0.568281,528,-1,ok,0,0,0,0,527,1
2,139,620591,3052362,1412,353,89211,42.2409,3.33099,1419,-1,ok,0,0,0,0,1418,1
2,140,1838465,1180686,1541,386,133360,64.8274,1.38373,1582,-1,ok,0,0,0,0,1581,1
2,141,2808277,2315654,851,214,31478,13.1161,0.81016,872,-1,ok,0,0,0,0,871,1
2,142,2598310,2422034,222,56,5309,1.87038,0.230685,229,-1,ok,0,0,0,0,228,1
2,143,2845436,1668194,730,184,28122,10.8748,1.22531,749,-1,ok,0,0,0,0,748,1
2,144,2382918,526772,1377,344,91698,42.8016,2.23557,1390,-1,ok,0,0,0,0,1389,1
2,145,1931999,438444,1275,321,110076,52.7731,1.71959,1296,-1,ok,0,0,0,0,1295,1
2,146,2679978,515339,2241,562,130462,58.8545,2.35425,2268,-1,ok,0,0,0,0,2267,1
2,147,2803019,1915102,1793,450,112153,50.9039,1.40125,1826,-1,ok,0,0,0,0,1825,1
2,148,913089,1331566,1323,330,90249,43.7143,1.14821,1336,-1,ok,0,0,0,0,1335,1
2,149,634343,2276336,1305,328,87265,40.0435,1.94068,1312,-1,ok,0,0,0,0,1311,1
2,150,1481794,3181212,1228,308,81158,38.5388,1.71541,1245,-1,ok,0,0,0,0,1244,1
2,151,1474634,422363,1314,329,99686,58.1996,1.52855,1323,-1,ok,0,0,0,0,1322,1
2,152,1834575,3226322,1174,294,77809,36.9801,1.82607,1189,-1,ok,0,0,0,0,1188,1
2,153,3024705,540222,1863,467,124026,52.7399,2.56392,1872,-1,ok,0,0,0,0,1871,1
2,154,3044639,2920559,189,48,3701,1.43541,0.270571,200,-1,ok,0,0,0,0,199,1
2,155,1228220,1631674,478,120,20747,9.4124,0.526444,483,-1,ok,0,0,0,0,482,1
2,156,1536072,283775,1199,300,109257,51.4978,1.38494,1202,-1,ok,0,0,0,0,1201,1
2,157,3193672,1640899,1490,373,77175,33.4528,1.91971,1513,-1,ok,0,0,0,0,1512,1
2,158,1364886,1417986,1253,319,97510,47.1148,1.37287,1288,-1,ok,0,0,0,0,1287,1
2,159,1323479,1948892,1160,292,84752,40.3599,1.09724,1175,-1,ok,0,0,0,0,1174,1
2,160,329635,3138202,2157,541,110332,48.9984,3.09307,2180,-1,ok,0,0,0,0,2179,1
2,161,2199138,2165892,958,241,73474,34.45,0.774654,969,-1,ok,0,0,0,0,968,1
2,162,2332432,2665491,284,72,7483,2.98234,0.554807,295,-1,ok,0,0,0,0,294,1
2,163,2554867,820141,1438,361,108502,49.7221,1.82099,1451,-1,ok,0,0,0,0,1450,1
2,164,816636,1589983,1083,272,69638,30.234,1.03507,1092,-1,ok,0,0,0,0,1091,1
2,165,2144577,2486159,628,158,38316,16.473,0.554205,653,-1,ok,0,0,0,0,652,1
2,166,2257019,735014,1996,505,122925,57.6392,2.29968,2037,-1,ok,0,0,0,0,2036,1
2,167,2095650,935010,1005,257,66134,30.9379,1.35272,1040,-1,ok,0,0,0,0,1039,1
2,168,312457,989659,778,195,26201,10.6003,1.13253,789,-1,ok,0,0,0,0,788,1
2,169,2882141,1067685,1170,293,56643,24.6684,2.14799,1183,-1,ok,0,0,0,0,1182,1
2,170,1662824,2681105,1085,273,82071,38.9298,1.2684,1108,-1,ok,0,0,0,0,1107,1
2,171,1703180,546367,1232,308,90364,44.4488,1.32575,1249,-1,ok,0,0,0,0,1248,1
2,172,2090483,588991,1314,329,113515,54.4556,1.83033,1341,-1,ok,0,0,0,0,1340,1
2,173,2669970,1153251,1524,381,105764,47.9436,1.65514,1537,-1,ok,0,0,0,0,1536,1
2,174,2801102,1556461,1651,414,95222,44.158,1.4643,1676,-1,ok,0,0,0,0,1675,1
2,175,2862760,2446461,730,184,40536,17.1961,0.76709,757,-1,ok,0,0,0,0,756,1
2,176,1728209,2803901,1739,435,117064,55.5028,1.72296,1750,-1,ok,0,0,0,0,1749,1
2,177,330269,1345015,1018,256,56024,23.3124,1.55135,1037,-1,ok,0,0,0,0,1036,1
2,178,3017924,2896984,407,103,13102,5.22209,0.444893,410,-1,ok,0,0,0,0,409,1
2,179,910292,1126401,229,58,4485,1.567,0.283943,232,-1,ok,0,0,0,0,231,1
2,180,2006593,1670863,1240,310,90852,44.3482,0.925312,1257,-1,ok,0,0,0,0,1256,1
2,181,2078347,3155254,1385,348,127291,60.7509,2.29001,1402,-1,ok,0,0,0,0,1401,1
2,182,2709648,2878665,277,70,6232,2.44427,0.321675,282,-1,ok,0,0,0,0,281,1
2,183,460429,2828556,1989,498,119134,54.0924,2.44212,2010,-1,ok,0,0,0,0,2009,1
2,184,909956,1352984,474,119,22025,9.86712,0.521305,477,-1,ok,0,0,0,0,476,1
2,185,2598310,614849,1241,311,97655,45.2133,1.94028,1262,-1,ok,0,0,0,0,1261,1
2,186,1732162,381072,1507,377,126098,59.6713,1.45333,1512,-1,ok,0,0,0,0,1511,1
2,187,2864255,987151,1339,339,79579,35.9427,1.70804,1370,-1,ok,0,0,0,0,1369,1
2,188,613280,1998545,1505,377,98338,44.9244,1.65401,1516,-1,ok,0,0,0,0,1515,1
2,189,769257,2619619,1324,332,85907,39.4558,2.59324,1337,-1,ok,0,0,0,0,1336,1
2,190,1700379,924636,488,124,27023,11.755,0.786936,497,-1,ok,0,0,0,0,496,1
2,191,489236,2011181,1701,427,102031,47.1093,9.62128,1718,-1,ok,0,0,0,0,1717,1
2,192,1225462,1170705,1015,254,60636,28.9521,0.754006,1018,-1,ok,0,0,0,0,1017,1
2,193,1873151,1744747,675,170,46420,19.9239,0.54646,684,-1,ok,0,0,0,0,683,1
2,194,2468599,2302602,643,161,37457,15.5028,0.659419,662,-1,ok,0,0,0,0,661,1
2,195,2943977,2062115,628,157,30317,11.5511,1.21645,639,-1,ok,0,0,0,0,638,1
2,196,587996,382135,775,195,36663,15.3529,0.645083,782,-1,ok,0,0,0,0,781,1
2,197,1795388,2559139,975,244,90454,44.7705,1.298,980,-1,ok,0,0,0,0,979,1
2,198,430706,1816036,1949,489,115337,50.4333,2.52822,1978,-1,ok,0,0,0,0,1977,1
2,199,2709791,743716,1567,392,118842,53.28,2.13767,1576,-1,ok,0,0,0,0,1575,1
2,200,2317486,1682523,790,198,58952,27.677,0.897821,811,-1,ok,0,0,0,0,810,1
2,201,848074,2660956,1289,324,68587,30.033,1.80888,1306,-1,ok,0,0,0,0,1305,1
2,202,2051630,2425358,880,221,59077,26.808,0.698132,897,-1,ok,0,0,0,0,896,1
2,203,2138232,3170486,1784,448,113362,53.4234,2.10498,1801,-1,ok,0,0,0,0,1800,1
2,204,1443071,807450,574,144,26287,11.9305,0.917607,579,-1,ok,0,0,0,0,578,1
2,205,1144422,3049691,2080,525,135109,63.5317,2.47836,2135,-1,ok,0,0,0,0,2134,1
2,206,377442,2376747,1648,413,96416,43.2599,2.26155,1655,-1,ok,0,0,0,0,1654,1
2,207,1401797,2931005,1642,416,125309,61.1998,1.95654,1689,-1,ok,0,0,0,0,1688,1
2,208,2488208,1785008,991,249,65021,29.0501,1.00032,1004,-1,ok,0,0,0,0,1003,1
2,209,2517430,2632913,587,148,33760,14.3729,0.696399,602,-1,ok,0,0,0,0,601,1
2,210,1804529,2670473,625,157,42037,18.6337,1.03067,632,-1,ok,0,0,0,0,631,1
2,211,792304,2700845,1601,401,95782,44.3583,2.15645,1602,-1,ok,0,0,0,0,1601,1
2,212,292558,448522,757,190,32527,13.4371,0.530983,774,-1,ok,0,0,0,0,773,1
2,213,2987559,1182868,2093,523,125980,55.2927,2.1401,2110,-1,ok,0,0,0,0,2109,1
2,214,3031564,1350417,1027,258,43352,18.8075,1.59389,1038,-1,ok,0,0,0,0,1037,1
2,215,3155823,373649,2172,551,121587,52.6198,3.15626,2225,-1,ok,0,0,0,0,2224,1
2,216,371781,1935939,921,233,51451,21.7807,2.06046,940,-1,ok,0,0,0,0,939,1
2,217,2855984,2571946,520,130,22449,9.32899,0.498321,521,-1,ok,0,0,0,0,520,1
2,218,465556,3102078,1943,487,127788,55.1619,2.75858,1952,-1,ok,0,0,0,0,1951,1
2,219,3106562,1461822,2273,570,123289,54.5589,2.34969,2296,-1,ok,0,0,0,0,2295,1
2,220,2389443,1100586,779,196,60363,27.6438,1.20312,796,-1,ok,0,0,0,0,795,1
2,221,1209891,3199598,1812,454,117798,56.2257,2.21981,1827,-1,ok,0,0,0,0,1826,1
2,222,1628263,3038908,1441,359,132420,63.7479,1.58423,1454,-1,ok,0,0,0,0,1453,1
2,223,996318,538495,877,221,70439,33.001,0.92446,892,-1,ok,0,0,0,0,891,1
2,224,2666230,1916875,1680,422,110725,50.4625,1.20387,1711,-1,ok,0,0,0,0,1710,1
2,225,1214391,1343195,898,226,68114,31.8714,0.606182,911,-1,ok,0,0,0,0,910,1
2,226,650861,1693026,614,155,31549,12.6281,0.96842,627,-1,ok,0,0,0,0,626,1
2,227,1007288,1215730,474,120,20655,7.77611,0.299084,485,-1,ok,0,0,0,0,484,1
2,228,2161129,565602,1613,405,132957,61.7227,1.71422,1624,-1,ok,0,0,0,0,1623,1
2,229,2785103,1597956,1513,380,98972,45.6582,1.49031,1546,-1,ok,0,0,0,0,1545,1
2,230,1392321,355276,821,206,67116,31.1068,1.20768,828,-1,ok,0,0,0,0,827,1
2,231,2051789,1806580,591,147,19151,7.59584,0.571187,592,-1,ok,0,0,0,0,591,1
2,232,1102446,3057237,1135,286,98991,54.6709,2.311,1148,-1,ok,0,0,0,0,1147,1
2,233,2397085,1013039,923,231,64643,29.0673,1.77555,930,-1,ok,0,0,0,0,929,1
2,234,1287529,1866275,1267,318,98209,47.6228,1.19748,1278,-1,ok,0,0,0,0,1277,1
2,235,1687683,418136,1252,313,122970,59.5686,1.69962,1255,-1,ok,0,0,0,0,1254,1
2,236,2722809,932643,2100,526,131995,57.6379,2.27969,2115,-1,ok,0,0,0,0,2114,1
2,237,2665523,3047256,1417,356,86111,40.9854,2.23276,1428,-1,ok,0,0,0,0,1427,1
2,238,1923409,2905912,843,211,70852,33.0198,1.05621,852,-1,ok,0,0,0,0,851,1
2,239,875283,1311303,664,167,32236,13.1032,0.7345,683,-1,ok,0,0,0,0,682,1
2,240,2918198,639738,1606,407,95427,44.031,2.32136,1641,-1,ok,0,0,0,0,1640,1
2,241,1337751,1159597,145,37,2233,0.895087,0.249753,152,-1,ok,0,0,0,0,151,1
2,242,1804529,3222731,986,248,101189,50.1492,1.84086,1011,-1,ok,0,0,0,0,1010,1
2,243,2545706,1651771,1162,291,74921,33.3645,1.20043,1183,-1,ok,0,0,0,0,1182,1
2,244,807710,2239366,1940,490,129392,58.0826,1.9271,1965,-1,ok,0,0,0,0,1964,1
2,245,3201629,632825,1631,409,100532,44.1273,2.55934,1650,-1,ok,0,0,0,0,1649,1
2,246,2019093,3174345,1036,260,83863,40.8835,1.58716,1049,-1,ok,0,0,0,0,1048,1
2,247,2955346,1703765,1276,320,59195,25.3234,1.55952,1287,-1,ok,0,0,0,0,1286,1
2,248,541380,1361733,957,239,40518,16.5488,0.999039,960,-1,ok,0,0,0,0,959,1
2,249,3113781,786831,2642,662,133799,57.4912,2.39397,2653,-1,ok,0,0,0,0,2652,1
2,250,726020,696308,1081,271,63469,27.1268,0.846666,1094,-1,ok,0,0,0,0,1093,1
2,251,553589,2992564,1414,354,95631,40.9756,2.7149,1439,-1,ok,0,0,0,0,1438,1
2,252,1843611,2188440,1312,330,95740,47.3894,1.0028,1331,-1,ok,0,0,0,0,1330,1
2,253,334027,2354825,1725,436,108308,45.9258,1.99801,1752,-1,ok,0,0,0,0,1751,1
2,254,2138232,528223,1703,431,106779,51.2716,1.95324,1736,-1,ok,0,0,0,0,1735,1
2,255,2920261,1514740,1066,268,63857,26.4652,1.46732,1085,-1,ok,0,0,0,0,1084,1
2,256,1963166,1687516,403,101,15196,6.03715,0.363053,408,-1,ok,0,0,0,0,407,1
2,257,610635,2538272,1234,309,69645,30.9082,2.00559,1247,-1,ok,0,0,0,0,1246,1
2,258,2978886,649484,1616,404,51104,22.7374,2.62459,1627,-1,ok,0,0,0,0,1626,1
2,259,769160,1514768,962,243,49546,21.6512,0.926416,981,-1,ok,0,0,0,0,980,1
2,260,3115044,1697807,1444,362,89141,38.8818,1.60197,1457,-1,ok,0,0,0,0,1456,1
2,261,1835879,2014773,1360,340,84227,39.3061,1.02197,1403,-1,ok,0,0,0,0,1402,1
2,262,1550309,1217369,267,68,6585,2.49024,0.414477,272,-1,ok,0,0,0,0,271,1
2,263,1455274,2689959,801,201,64812,29.28,1.14017,812,-1,ok,0,0,0,0,811,1
2,264,1863586,2791354,1283,322,112213,53.8126,1.29876,1302,-1,ok,0,0,0,0,1301,1
2,265,1878699,2430675,931,234,74947,35.6864,0.949086,948,-1,ok,0,0,0,0,947,1
2,266,1109092,2589721,1865,467,117935,55.2499,1.73829,1884,-1,ok,0,0,0,0,1883,1
2,267,2786859,1809984,1068,269,58771,25.3805,1.1005,1093,-1,ok,0,0,0,0,1092,1
2,268,2948186,2866807,424,107,8051,2.81963,0.279818,431,-1,ok,0,0,0,0,430,1
2,269,837275,3217710,2157,540,124462,56.1069,2.62181,2168,-1,ok,0,0,0,0,2167,1
2,270,1633134,3007164,1393,350,115521,64.7047,1.81765,1418,-1,ok,0,0,0,0,1417,1
2,271,3177553,363823,1951,489,113503,49.9124,3.19757,1964,-1,ok,0,0,0,0,1963,1
2,272,1545611,2173818,374,94,12194,5.06805,0.820979,383,-1,ok,0,0,0,0,382,1
2,273,2234670,1030403,742,187,55412,25.3324,1.18547,755,-1,ok,0,0,0,0,754,1
2,274,1061263,517752,391,100,15929,6.35032,0.655142,404,-1,ok,0,0,0,0,403,1
2,275,2611184,1093057,1834,460,121033,53.2887,2.29973,1851,-1,ok,0,0,0,0,1850,1
2,276,1860944,3238002,887,224,51765,23.9333,2.0577,900,-1,ok,0,0,0,0,899,1
2,277,2169703,1399028,791,198,57034,26.486,0.905836,806,-1,ok,0,0,0,0,805,1
2,278,1948620,2128617,131,35,2019,0.712819,0.184441,142,-1,ok,0,0,0,0,141,1
2,279,2566018,882646,1597,400,126203,55.5564,2.23064,1608,-1,ok,0,0,0,0,1607,1
2,280,929280,999352,167,42,2913,1.08582,0.152582,168,-1,ok,0,0,0,0,167,1
2,281,924154,2537686,1628,408,123619,55.4098,2.03252,1651,-1,ok,0,0,0,0,1650,1
2,282,2000652,1137046,874,219,74633,35.2337,1.17823,879,-1,ok,0,0,0,0,878,1
2,283,2582565,607763,1299,326,92801,43.9332,2.20971,1312,-1,ok,0,0,0,0,1311,1
2,284,3245185,785165,2684,673,129565,60.8263,2.60009,2705,-1,ok,0,0,0,0,2704,1
2,285,1231498,2364091,1022,256,57754,26.3278,1.37411,1027,-1,ok,0,0,0,0,1026,1
2,286,1066192,1226502,199,50,2860,1.07817,0.229015,200,-1,ok,0,0,0,0,199,1
2,287,1869193,2052669,328,82,11626,4.48749,0.315775,335,-1,ok,0,0,0,0,334,1
2,288,2994814,3098447,829,208,33917,13.6968,0.445455,838,-1,ok,0,0,0,0,837,1
2,289,1797269,848583,613,155,43400,18.8417,0.99376,626,-1,ok,0,0,0,0,625,1
2,290,1214793,1750358,1135,285,61943,28.6388,0.982739,1148,-1,ok,0,0,0,0,1147,1
2,291,2831898,2102650,653,164,28961,12.002,0.837449,668,-1,ok,0,0,0,0,667,1
2,292,2244867,2707981,771,195,32040,12.1875,0.56296,788,-1,ok,0,0,0,0,787,1
2,293,1073058,1365640,1214,305,66934,30.4035,1.1113,1239,-1,ok,0,0,0,0,1238,1
2,294,2216425,1540683,1508,379,124497,57.5799,1.29983,1535,-1,ok,0,0,0,0,1534,1
2,295,2060741,2215164,463,116,13693,5.54113,0.222561,464,-1,ok,0,0,0,0,463,1
2,296,1441555,704228,1628,407,115985,55.7771,1.37761,1631,-1,ok,0,0,0,0,1630,1
2,297,2513611,686770,1174,295,93989,44.54,1.78407,1199,-1,ok,0,0,0,0,1198,1
2,298,1306030,2886412,938,236,83668,39.8503,1.47942,953,-1,ok,0,0,0,0,952,1
2,299,404356,1929489,1380,345,79913,33.7225,1.64886,1395,-1,ok,0,0,0,0,1394,1
3,0,2654607,497695,1710,215,30496,14.9042,3.09795,1823,-1,ok,0,0,0,0,1822,1
3,1,2221473,1571062,1589,200,26686,9.4571,1.53787,1656,-1,ok,0,0,0,0,1655,1
3,2,641811,2589149,1344,169,23908,7.80275,2.05627,1369,-1,ok,0,0,0,0,1368,1
3,3,2250714,2339143,278,35,1926,0.553433,0.239775,287,-1,ok,0,0,0,0,286,1
3,4,2536396,353659,1876,236,29040,9.85636,3.22806,1949,-1,ok,0,0,0,0,1948,1
3,5,916591,1430479,1191,150,18965,6.42262,1.06485,1224,-1,ok,0,0,0,0,1223,1
3,6,500826,2935247,2173,272,32210,10.394,3.24923,2226,-1,ok,0,0,0,0,2225,1
3,7,2429283,2288496,465,59,5883,1.97807,0.311607,490,-1,ok,0,0,0,0,489,1
3,8,502542,1287255,645,83,4957,1.56074,0.975563,690,-1,ok,0,0,0,0,689,1
3,9,2726054,800471,1487,187,28951,10.0335,2.04757,1522,-1,ok,0,0,0,0,1521,1
3,10,3031784,709412,1662,209,27181,8.69539,2.35663,1707,-1,ok,0,0,0,0,1706,1
3,11,813038,2649998,1861,236,33768,10.7391,1.91566,1918,-1,ok,0,0,0,0,1917,1
3,12,2906523,1340129,1264,158,19873,6.36048,1.86873,1291,-1,ok,0,0,0,0,1290,1
3,13,2198005,2773306,1504,189,23967,8.09846,1.19016,1537,-1,ok,0,0,0,0,1536,1
3,14,1009630,2195480,1009,126,11487,3.89807,1.36979,1022,-1,ok,0,0,0,0,1021,1
3,15,2077961,2827531,1186,149,29668,10.7613,1.14771,1213,-1,ok,0,0,0,0,1212,1
3,16,1553701,2469994,602,77,6131,1.94516,1.04249,647,-1,ok,0,0,0,0,646,1
3,17,2490161,384400,1409,177,29762,9.42864,1.84285,1434,-1,ok,0,0,0,0,1433,1
3,18,2599025,2034587,1669,210,22041,7.58909,1.28866,1714,-1,ok,0,0,0,0,1713,1
3,19,1181060,2927824,1734,218,29657,9.55714,1.64358,1785,-1,ok,0,0,0,0,1784,1
3,20,645781,614849,395,50,3154,0.903963,0.372529,410,-1,ok,0,0,0,0,409,1
3,21,2468056,2256643,1145,143,15803,4.92252,0.68674,1184,-1,ok,0,0,0,0,1183,1
3,22,251497,3219170,2176,273,33664,10.1712,2.64869,2217,-1,ok,0,0,0,0,2216,1
3,23,569297,2803754,1948,244,30615,9.77807,1.88854,2003,-1,ok,0,0,0,0,2002,1
3,24,2520461,1501553,674,85,9508,2.96519,0.803055,687,-1,ok,0,0,0,0,686,1
3,25,2003860,731758,1205,154,22463,7.57659,0.909113,1250,-1,ok,0,0,0,0,1249,1
3,26,613334,2557422,1168,147,18129,5.91904,1.56348,1215,-1,ok,0,0,0,0,1214,1
3,27,387537,2005469,1167,148,15822,5.41503,1.70142,1232,-1,ok,0,0,0,0,1231,1
3,28,344125,2584166,2379,298,32374,10.1631,2.2438,2458,-1,ok,0,0,0,0,2457,1
3,29,2992346,1955386,784,99,10716,3.62505,0.985805,809,-1,ok,0,0,0,0,808,1
3,30,2891864,2043208,1327,167,24254,8.34008,1.35742,1350,-1,ok,0,0,0,0,1349,1
3,31,593449,1109625,711,90,8353,2.86768,0.68672,728,-1,ok,0,0,0,0,727,1
3,32,2770066,477636,2303,291,32126,11.2375,2.31481,2368,-1,ok,0,0,0,0,2367,1
3,33,1568488,2024378,743,94,14200,5.17034,0.817473,780,-1,ok,0,0,0,0,779,1
3,34,2636861,1355914,1868,235,25236,9.07959,1.55936,1905,-1,ok,0,0,0,0,1904,1
3,35,2807379,1728601,1223,153,20060,6.41003,1.12065,1262,-1,ok,0,0,0,0,1261,1
3,36,548195,1129534,384,49,3352,1.04743,0.664009,401,-1,ok,0,0,0,0,400,1
3,37,1403079,1097550,787,99,16225,5.31553,0.755559,814,-1,ok,0,0,0,0,813,1
3,38,1098506,2400310,1127,141,20116,6.48772,1.01032,1166,-1,ok,0,0,0,0,1165,1
3,39,549302,2763681,1609,202,23523,7.49707,2.39649,1648,-1,ok,0,0,0,0,1647,1
3,40,2830387,1329031,990,125,17053,5.47633,1.00716,1021,-1,ok,0,0,0,0,1020,1
3,41,2571837,1609971,1200,151,19404,6.67104,1.03458,1229,-1,ok,0,0,0,0,1228,1
3,42,2269545,949398,1480,187,26434,8.82114,1.38286,1521,-1,ok,0,0,0,0,1520,1
3,43,2386550,2005422,1757,227,31606,10.0247,1.04605,1856,-1,ok,0,0,0,0,1855,1
3,44,3228329,1091487,1429,181,22668,7.00748,1.708,1466,-1,ok,0,0,0,0,1465,1
3,45,1252674,2899369,1220,154,9609,2.9585,1.52473,1245,-1,ok,0,0,0,0,1244,1
3,46,1245004,2631833,1742,218,34826,11.203,1.55752,1817,-1,ok,0,0,0,0,1816,1
3,47,2746631,1120353,1791,225,21721,7.24059,1.22885,1858,-1,ok,0,0,0,0,1857,1
3,48,1545941,1034885,778,99,10070,3.23047,0.990773,867,-1,ok,0,0,0,0,866,1
3,49,707664,3179843,2152,269,31506,10.0683,2.15306,2187,-1,ok,0,0,0,0,2186,1
3,50,2697605,251222,1758,220,31578,10.0775,2.0882,1817,-1,ok,0,0,0,0,1816,1
3,51,598957,1160461,516,66,4697,1.33026,0.735301,555,-1,ok,0,0,0,0,554,1
3,52,2808838,629110,1283,164,24499,8.20598,1.44293,1356,-1,ok,0,0,0,0,1355,1
3,53,2674667,2450469,1734,219,21208,7.21912,1.22603,1767,-1,ok,0,0,0,0,1766,1
3,54,902226,2397303,1907,239,31481,10.1427,1.47167,1944,-1,ok,0,0,0,0,1943,1
3,55,3160580,2590500,1640,205,20199,6.23999,1.22741,1657,-1,ok,0,0,0,0,1656,1
3,56,3063115,1271576,1534,192,23924,7.45655,1.32709,1569,-1,ok,0,0,0,0,1568,1
3,57,471188,1449834,1138,142,13726,4.44798,1.02439,1195,-1,ok,0,0,0,0,1194,1
3,58,1353978,2059850,918,116,14699,4.93821,0.992276,945,-1,ok,0,0,0,0,944,1
3,59,2540733,1967844,911,114,19082,6.39328,0.764595,942,-1,ok,0,0,0,0,941,1
3,60,2700562,1997667,1296,163,22885,7.34188,0.761248,1333,-1,ok,0,0,0,0,1332,1
3,61,1637568,2044505,363,46,3204,1.02967,0.533518,388,-1,ok,0,0,0,0,387,1
3,62,1801679,2696751,1870,235,32157,10.1902,1.11766,1923,-1,ok,0,0,0,0,1922,1
3,63,598957,2906552,1287,161,21400,6.95172,1.65664,1296,-1,ok,0,0,0,0,1295,1
3,64,1955372,794087,930,117,18901,6.14089,0.901979,969,-1,ok,0,0,0,0,968,1
3,65,2039260,2947726,1193,151,16458,5.32701,0.909122,1236,-1,ok,0,0,0,0,1235,1
3,66,556924,1599250,705,90,9618,3.08121,0.806231,736,-1,ok,0,0,0,0,735,1
3,67,278380,2626389,2296,290,34973,11.3252,2.3053,2371,-1,ok,0,0,0,0,2370,1
3,68,2339398,455629,2015,253,35579,11.5752,8.28382,2066,-1,ok,0,0,0,0,2065,1
3,69,2397188,1012607,1150,145,21244,7.278,1.29312,1183,-1,ok,0,0,0,0,1182,1
3,70,2467967,715435,1642,207,24692,7.94751,1.66658,1701,-1,ok,0,0,0,0,1700,1
3,71,279709,835397,829,106,9865,3.08475,0.725102,852,-1,ok,0,0,0,0,851,1
3,72,825921,1088080,805,101,8443,2.64883,0.511757,832,-1,ok,0,0,0,0,831,1
3,73,2686056,3089348,412,52,3044,0.977939,0.592767,421,-1,ok,0,0,0,0,420,1
3,74,935096,1634738,947,120,19201,6.13656,0.881732,1006,-1,ok,0,0,0,0,1005,1
3,75,384006,760874,877,111,10193,3.15074,0.682974,938,-1,ok,0,0,0,0,937,1
3,76,1947155,898061,889,112,16136,5.97174,1.1169,912,-1,ok,0,0,0,0,911,1
3,77,658137,789793,329,42,2032,0.567259,0.327326,356,-1,ok,0,0,0,0,355,1
3,78,363830,2056905,2015,253,26913,8.61984,1.64366,2064,-1,ok,0,0,0,0,2063,1
3,79,1761748,2892020,756,95,14446,4.83596,1.01813,785,-1,ok,0,0,0,0,784,1
3,80,2351211,2029768,1106,139,17719,5.87712,0.789409,1169,-1,ok,0,0,0,0,1168,1
3,81,647090,520796,364,46,3442,1.12357,0.260783,375,-1,ok,0,0,0,0,374,1
3,82,2202913,1998284,1606,201,29626,9.3906,0.952112,1645,-1,ok,0,0,0,0,1644,1
3,83,2307907,2951731,1581,198,28158,8.83424,0.976316,1596,-1,ok,0,0,0,0,1595,1
3,84,1871832,591133,1610,208,28788,9.06859,1.33511,1721,-1,ok,0,0,0,0,1720,1
3,85,1820468,769068,784,99,15778,5.03614,0.737444,809,-1,ok,0,0,0,0,808,1
3,86,618657,2879486,1405,177,24726,7.81381,1.81312,1452,-1,ok,0,0,0,0,1451,1
3,87,759127,2437547,1913,242,33155,10.7308,1.77659,1980,-1,ok,0,0,0,0,1979,1
3,88,2003626,436977,2082,260,34505,10.9538,1.49309,2149,-1,ok,0,0,0,0,2148,1
3,89,2088216,2111650,95,12,186,0.067895,0.14031,96,-1,ok,0,0,0,0,95,1
3,90,2481203,2200930,683,87,11423,3.76158,0.460001,702,-1,ok,0,0,0,0,701,1
3,91,1827763,2791217,1053,133,26125,8.68187,1.0262,1108,-1,ok,0,0,0,0,1107,1
3,92,1980418,1582954,557,73,6353,2.03437,0.411801,606,-1,ok,0,0,0,0,605,1
3,93,705039,752842,1000,126,15290,4.7854,0.620648,1035,-1,ok,0,0,0,0,1034,1
3,94,1158854,739502,341,42,2347,0.721374,0.422752,346,-1,ok,0,0,0,0,345,1
3,95,1350833,836719,972,121,22378,7.42598,0.521694,997,-1,ok,0,0,0,0,996,1
3,96,1556785,647066,1224,155,21227,7.60636,1.16697,1257,-1,ok,0,0,0,0,1256,1
3,97,1944954,1109435,783,99,15933,5.35767,0.759425,800,-1,ok,0,0,0,0,799,1
3,98,2668191,348531,1839,232,33067,10.57,1.78141,1878,-1,ok,0,0,0,0,1877,1
3,99,476033,1903328,1168,147,19051,6.05684,1.17417,1191,-1,ok,0,0,0,0,1190,1
3,100,795218,590026,122,17,451,0.152992,0.199839,141,-1,ok,0,0,0,0,140,1
3,101,763468,1260833,843,106,7791,2.3774,0.526113,868,-1,ok,0,0,0,0,867,1
3,102,3155979,534005,2083,261,32523,10.3886,2.05183,2120,-1,ok,0,0,0,0,2119,1
3,103,2671843,2035386,1097,138,19833,6.43127,0.63183,1112,-1,ok,0,0,0,0,1111,1
3,104,1072087,2077094,1175,149,25259,8.35594,1.27877,1226,-1,ok,0,0,0,0,1225,1
3,105,1830266,867972,1628,205,32539,10.1594,1.03506,1663,-1,ok,0,0,0,0,1662,1
3,106,2009385,672463,1221,153,26366,8.68733,1.01739,1250,-1,ok,0,0,0,0,1249,1
3,107,1277732,1289510,1175,147,19059,6.21868,0.779914,1200,-1,ok,0,0,0,0,1199,1
3,108,383929,2086407,1268,160,17750,5.44921,1.49146,1323,-1,ok,0,0,0,0,1322,1
3,109,2032078,1699736,1336,168,20166,6.52782,0.587475,1367,-1,ok,0,0,0,0,1366,1
3,110,958411,907673,588,74,8662,2.76879,0.356899,621,-1,ok,0,0,0,0,620,1
3,111,345881,908168,999,126,8255,2.43183,0.712428,1010,-1,ok,0,0,0,0,1009,1
3,112,921927,2826328,1275,160,19254,6.2909,1.37802,1312,-1,ok,0,0,0,0,1311,1
3,113,558628,2150100,1156,146,17660,5.28595,1.14905,1211,-1,ok,0,0,0,0,1210,1
3,114,732091,2459630,1421,179,25032,8.16723,1.33976,1460,-1,ok,0,0,0,0,1459,1
3,115,398823,391093,624,79,6560,1.99205,0.419345,653,-1,ok,0,0,0,0,652,1
3,116,1510629,2959878,1054,133,20537,6.72811,0.992525,1083,-1,ok,0,0,0,0,1082,1
3,117,2096552,3082996,592,75,9023,2.8948,0.967896,601,-1,ok,0,0,0,0,600,1
3,118,773297,2535823,1305,164,24886,8.25282,1.36689,1344,-1,ok,0,0,0,0,1343,1
3,119,1540653,367496,2008,251,34406,11.0369,1.82803,2061,-1,ok,0,0,0,0,2060,1
3,120,457915,1822951,1394,175,22332,7.10276,1.16071,1439,-1,ok,0,0,0,0,1438,1
3,121,2144069,523360,2086,260,34128,10.6817,1.46256,2183,-1,ok,0,0,0,0,2182,1
3,122,1935902,3090329,1268,160,32768,10.7423,1.1043,1291,-1,ok,0,0,0,0,1290,1
3,123,2854140,1596178,937,119,14842,4.75088,1.10034,974,-1,ok,0,0,0,0,973,1
3,124,1967913,1747145,807,101,13281,4.62953,0.403036,828,-1,ok,0,0,0,0,827,1
3,125,2263205,1655305,838,109,15718,5.01029,0.687542,909,-1,ok,0,0,0,0,908,1
3,126,2506297,1143924,984,124,17683,5.4675,0.911796,1005,-1,ok,0,0,0,0,1004,1
3,127,1448472,1364093,562,72,6020,2.11206,0.513609,593,-1,ok,0,0,0,0,592,1
3,128,1724010,2154870,1418,180,29986,9.96335,0.793929,1513,-1,ok,0,0,0,0,1512,1
3,129,840467,2529952,1656,207,15161,4.82105,1.42409,1677,-1,ok,0,0,0,0,1676,1
3,130,1792217,1212610,345,44,3347,1.01816,0.478605,352,-1,ok,0,0,0,0,351,1
3,131,1328134,3208212,1967,246,34524,10.9163,1.51041,2012,-1,ok,0,0,0,0,2011,1
3,132,2891864,1675347,959,120,15116,4.7022,0.894404,966,-1,ok,0,0,0,0,965,1
3,133,2410465,2443796,1103,137,14724,4.60881,0.54087,1128,-1,ok,0,0,0,0,1127,1
3,134,558433,2250280,1093,138,14045,4.48246,1.53408,1148,-1,ok,0,0,0,0,1147,1
3,135,1187532,720690,1013,127,18003,5.98334,0.680209,1026,-1,ok,0,0,0,0,1025,1
3,136,2710078,1125700,1258,158,23862,7.77299,1.17687,1287,-1,ok,0,0,0,0,1286,1
3,137,342829,2650131,1580,199,26568,8.25058,1.67887,1607,-1,ok,0,0,0,0,1606,1
3,138,381156,591400,523,68,3508,0.998679,0.448269,544,-1,ok,0,0,0,0,543,1
3,139,620591,3052362,1412,176,23357,7.56515,1.70548,1427,-1,ok,0,0,0,0,1426,1
3,140,1838465,1180686,1541,194,34814,11.0991,0.986665,1606,-1,ok,0,0,0,0,1605,1
3,141,2808277,2315654,851,108,8277,2.49805,0.658678,898,-1,ok,0,0,0,0,897,1
3,142,2598310,2422034,222,29,1426,0.445956,0.186755,237,-1,ok,0,0,0,0,236,1
3,143,2845436,1668194,730,92,7232,2.23793,0.773642,763,-1,ok,0,0,0,0,762,1
3,144,2382918,526772,1377,173,24047,7.94031,1.30168,1404,-1,ok,0,0,0,0,1403,1
3,145,1931999,438444,1275,161,28303,9.31099,1.07512,1312,-1,ok,0,0,0,0,1311,1
3,146,2679978,515339,2241,282,34097,10.9776,1.89928,2302,-1,ok,0,0,0,0,2301,1
3,147,2803019,1915102,1793,225,29157,9.48017,1.05883,1846,-1,ok,0,0,0,0,1845,1
3,148,913089,1331566,1323,165,23636,7.85772,0.868186,1356,-1,ok,0,0,0,0,1355,1
3,149,634343,2276336,1305,165,22897,7.23078,1.14125,1350,-1,ok,0,0,0,0,1349,1
3,150,1481794,3181212,1228,154,20742,6.9113,1.37769,1257,-1,ok,0,0,0,0,1256,1
3,151,1474634,422363,1314,165,25823,8.42283,1.02155,1323,-1,ok,0,0,0,0,1322,1
3,152,1834575,3226322,1174,148,19939,6.56854,1.1811,1193,-1,ok,0,0,0,0,1192,1
3,153,3024705,540222,1863,235,32786,10.6599,1.70064,1916,-1,ok,0,0,0,0,1915,1
3,154,3044639,2920559,189,25,992,0.319803,0.228412,216,-1,ok,0,0,0,0,215,1
3,155,1228220,1631674,478,61,5533,1.83087,0.386935,495,-1,ok,0,0,0,0,494,1
3,156,1536072,283775,1199,150,28297,9.59269,0.997754,1220,-1,ok,0,0,0,0,1219,1
3,157,3193672,1640899,1490,187,20048,6.17264,1.19697,1529,-1,ok,0,0,0,0,1528,1
3,158,1364886,1417986,1253,166,25239,8.19218,0.802395,1356,-1,ok,0,0,0,0,1355,1
3,159,1323479,1948892,1160,147,22137,7.13099,0.427972,1205,-1,ok,0,0,0,0,1204,1
3,160,329635,3138202,2157,273,28791,8.80776,2.50995,2230,-1,ok,0,0,0,0,2229,1
3,161,2199138,2165892,958,121,19019,6.37876,0.488052,991,-1,ok,0,0,0,0,990,1
3,162,2332432,2665491,284,38,2074,0.578902,0.374113,311,-1,ok,0,0,0,0,310,1
3,163,2554867,820141,1438,181,28120,9.022,1.24414,1473,-1,ok,0,0,0,0,1472,1
3,164,816636,1589983,1083,137,18083,5.96715,0.60544,1116,-1,ok,0,0,0,0,1115,1
3,165,2144577,2486159,628,80,10246,3.41775,0.437819,711,-1,ok,0,0,0,0,710,1
3,166,2257019,735014,1996,252,32174,9.98554,1.49125,2079,-1,ok,0,0,0,0,2078,1
3,167,2095650,935010,1005,129,16980,5.47142,0.793409,1078,-1,ok,0,0,0,0,1077,1
3,168,312457,989659,778,98,6571,2.02356,0.83727,821,-1,ok,0,0,0,0,820,1
3,169,2882141,1067685,1170,148,14888,4.62255,1.25134,1207,-1,ok,0,0,0,0,1206,1
3,170,1662824,2681105,1085,137,21227,7.47913,0.826329,1102,-1,ok,0,0,0,0,1101,1
3,171,1703180,546367,1232,155,23385,7.72848,0.860161,1279,-1,ok,0,0,0,0,1278,1
3,172,2090483,588991,1314,165,29933,9.36694,1.12345,1361,-1,ok,0,0,0,0,1360,1
3,173,2669970,1153251,1524,191,27209,8.9696,1.30377,1537,-1,ok,0,0,0,0,1536,1
3,174,2801102,1556461,1651,207,24611,7.68585,0.919902,1716,-1,ok,0,0,0,0,1715,1
3,175,2862760,2446461,730,93,10714,3.39182,0.612073,775,-1,ok,0,0,0,0,774,1
3,176,1728209,2803901,1739,217,30502,9.92144,1.34252,1782,-1,ok,0,0,0,0,1781,1
3,177,330269,1345015,1018,129,14514,4.54696,1.0702,1057,-1,ok,0,0,0,0,1056,1
3,178,3017924,2896984,407,51,3353,1.05493,0.333928,412,-1,ok,0,0,0,0,411,1
3,179,910292,1126401,229,30,1241,0.359546,0.243841,248,-1,ok,0,0,0,0,247,1
3,180,2006593,1670863,1240,155,23779,8.19993,0.61069,1273,-1,ok,0,0,0,0,1272,1
3,181,2078347,3155254,1385,175,33273,10.713,1.63559,1422,-1,ok,0,0,0,0,1421,1
3,182,2709648,2878665,277,35,1594,0.559284,0.285398,282,-1,ok,0,0,0,0,281,1
3,183,460429,2828556,1989,250,31066,10.858,2.2793,2044,-1,ok,0,0,0,0,2043,1
3,184,909956,1352984,474,60,5671,1.93207,0.366477,495,-1,ok,0,0,0,0,494,1
3,185,2598310,614849,1241,157,25514,8.52558,1.07524,1292,-1,ok,0,0,0,0,1291,1
3,186,1732162,381072,1507,190,32889,10.3186,1.07367,1530,-1,ok,0,0,0,0,1529,1
3,187,2864255,987151,1339,170,20430,6.29336,1.23342,1414,-1,ok,0,0,0,0,1413,1
3,188,613280,1998545,1505,189,25276,8.20864,1.05693,1544,-1,ok,0,0,0,0,1543,1
3,189,769257,2619619,1324,166,22313,7.21185,1.43019,1337,-1,ok,0,0,0,0,1336,1
3,190,1700379,924636,488,62,7031,2.25522,0.516086,521,-1,ok,0,0,0,0,520,1
3,191,489236,2011181,1701,214,26500,8.46616,1.2708,1754,-1,ok,0,0,0,0,1753,1
3,192,1225462,1170705,1015,127,16039,5.10534,0.480498,1030,-1,ok,0,0,0,0,1029,1
3,193,1873151,1744747,675,85,12314,3.92464,0.350248,686,-1,ok,0,0,0,0,685,1
3,194,2468599,2302602,643,80,9591,3.17822,0.431739,678,-1,ok,0,0,0,0,677,1
3,195,2943977,2062115,628,79,7798,2.4019,0.657166,641,-1,ok,0,0,0,0,640,1
3,196,587996,382135,775,98,9311,2.82261,0.481861,810,-1,ok,0,0,0,0,809,1
3,197,1795388,2559139,975,123,23674,8.00788,0.732956,1000,-1,ok,0,0,0,0,999,1
3,198,430706,1816036,1949,245,30097,9.11145,1.45988,2044,-1,ok,0,0,0,0,2043,1
3,199,2709791,743716,1567,197,31217,9.73046,1.37239,1604,-1,ok,0,0,0,0,1603,1
3,200,2317486,1682523,790,100,15186,4.91946,0.546771,835,-1,ok,0,0,0,0,834,1
3,201,848074,2660956,1289,162,17862,5.66082,1.1819,1332,-1,ok,0,0,0,0,1331,1
3,202,2051630,2425358,880,111,15370,5.06238,0.474548,907,-1,ok,0,0,0,0,906,1
3,203,2138232,3170486,1784,226,29485,9.63758,1.48473,1831,-1,ok,0,0,0,0,1830,1
3,204,1443071,807450,574,72,6732,2.16679,0.58398,589,-1,ok,0,0,0,0,588,1
3,205,1144422,3049691,2080,263,35188,11.1721,1.82319,2171,-1,ok,0,0,0,0,2170,1
3,206,377442,2376747,1648,208,25244,8.27042,1.58017,1679,-1,ok,0,0,0,0,1678,1
3,207,1401797,2931005,1642,208,32546,10.4717,1.21932,1707,-1,ok,0,0,0,0,1706,1
3,208,2488208,1785008,991,125,16977,5.47222,0.640635,1042,-1,ok,0,0,0,0,1041,1
3,209,2517430,2632913,587,75,8883,2.757,0.686991,622,-1,ok,0,0,0,0,621,1
3,210,1804529,2670473,625,79,10654,3.74792,0.587947,646,-1,ok,0,0,0,0,645,1
3,211,792304,2700845,1601,200,24821,8.59787,1.54147,1622,-1,ok,0,0,0,0,1621,1
3,212,292558,448522,757,95,8504,2.49873,0.445845,774,-1,ok,0,0,0,0,773,1
3,213,2987559,1182868,2093,262,32849,10.4449,1.61311,2148,-1,ok,0,0,0,0,2147,1
3,214,3031564,1350417,1027,129,11314,3.57378,0.970384,1068,-1,ok,0,0,0,0,1067,1
3,215,3155823,373649,2172,278,31724,9.96206,1.81343,2253,-1,ok,0,0,0,0,2252,1
3,216,371781,1935939,921,117,13659,4.32144,1.08611,946,-1,ok,0,0,0,0,945,1
3,217,2855984,2571946,520,66,5846,1.98577,0.328437,529,-1,ok,0,0,0,0,528,1
3,218,465556,3102078,1943,244,33356,10.2961,2.00889,1988,-1,ok,0,0,0,0,1987,1
3,219,3106562,1461822,2273,285,32057,10.1551,1.58583,2322,-1,ok,0,0,0,0,2321,1
3,220,2389443,1100586,779,97,15474,5.0142,0.733587,806,-1,ok,0,0,0,0,805,1
3,221,1209891,3199598,1812,227,30575,9.8588,1.57189,1827,-1,ok,0,0,0,0,1826,1
3,222,1628263,3038908,1441,180,34360,11.1535,1.1493,1474,-1,ok,0,0,0,0,1473,1
3,223,996318,538495,877,111,18495,5.92517,0.660102,898,-1,ok,0,0,0,0,897,1
3,224,2666230,1916875,1680,213,28900,9.20754,0.944377,1739,-1,ok,0,0,0,0,1738,1
3,225,1214391,1343195,898,113,17813,5.65201,0.495798,917,-1,ok,0,0,0,0,916,1
3,226,650861,1693026,614,77,8127,2.42499,0.711106,635,-1,ok,0,0,0,0,634,1
3,227,1007288,1215730,474,61,5338,1.68274,0.25326,493,-1,ok,0,0,0,0,492,1
3,228,2161129,565602,1613,203,34721,11.0613,1.29078,1652,-1,ok,0,0,0,0,1651,1
3,229,2785103,1597956,1513,191,25608,8.7471,1.26223,1582,-1,ok,0,0,0,0,1581,1
3,230,1392321,355276,821,104,17268,5.70942,0.908189,846,-1,ok,0,0,0,0,845,1
3,231,2051789,1806580,591,75,5202,1.75277,0.438961,610,-1,ok,0,0,0,0,609,1
3,232,1102446,3057237,1135,144,25991,8.54063,1.31017,1190,-1,ok,0,0,0,0,1189,1
3,233,2397085,1013039,923,116,16882,5.54454,0.917187,938,-1,ok,0,0,0,0,937,1
3,234,1287529,1866275,1267,159,25554,8.64388,0.71934,1290,-1,ok,0,0,0,0,1289,1
3,235,1687683,418136,1252,157,31976,10.2039,0.898201,1267,-1,ok,0,0,0,0,1266,1
3,236,2722809,932643,2100,263,34484,11.0085,1.86566,2151,-1,ok,0,0,0,0,2150,1
3,237,2665523,3047256,1417,180,22487,8.06265,1.30918,1444,-1,ok,0,0,0,0,1443,1
3,238,1923409,2905912,843,106,18066,5.83038,0.705225,864,-1,ok,0,0,0,0,863,1
3,239,875283,1311303,664,84,8367,2.73604,0.47017,697,-1,ok,0,0,0,0,696,1
3,240,2918198,639738,1606,204,24713,7.78338,1.58544,1677,-1,ok,0,0,0,0,1676,1
3,241,1337751,1159597,145,19,599,0.21118,0.160467,168,-1,ok,0,0,0,0,167,1
3,242,1804529,3222731,986,124,26024,8.69421,0.98939,1025,-1,ok,0,0,0,0,1024,1
3,243,2545706,1651771,1162,146,19374,6.1783,0.751972,1229,-1,ok,0,0,0,0,1228,1
3,244,807710,2239366,1940,245,33731,10.6542,1.45022,1981,-1,ok,0,0,0,0,1980,1
3,245,3201629,632825,1631,205,26092,8.26524,1.76243,1724,-1,ok,0,0,0,0,1723,1
3,246,2019093,3174345,1036,130,21966,7.54945,0.967519,1077,-1,ok,0,0,0,0,1076,1
3,247,2955346,1703765,1276,161,15444,4.78653,0.942245,1319,-1,ok,0,0,0,0,1318,1
3,248,541380,1361733,957,120,10734,3.52788,0.766447,1004,-1,ok,0,0,0,0,1003,1
3,249,3113781,786831,2642,332,34957,10.6845,1.80286,2697,-1,ok,0,0,0,0,2696,1
3,250,726020,696308,1081,136,16635,5.19824,0.564073,1110,-1,ok,0,0,0,0,1109,1
3,251,553589,2992564,1414,177,25116,7.86801,1.49611,1461,-1,ok,0,0,0,0,1460,1
3,252,1843611,2188440,1312,165,24931,8.36958,0.678015,1343,-1,ok,0,0,0,0,1342,1
3,253,334027,2354825,1725,218,27980,8.5107,1.38421,1770,-1,ok,0,0,0,0,1769,1
3,254,2138232,528223,1703,217,28062,9.29226,1.47671,1774,-1,ok,0,0,0,0,1773,1
3,255,2920261,1514740,1066,135,16628,5.33455,0.988328,1091,-1,ok,0,0,0,0,1090,1
3,256,1963166,1687516,403,51,3962,1.27157,0.258138,428,-1,ok,0,0,0,0,427,1
3,257,610635,2538272,1234,155,17808,5.94957,1.2929,1293,-1,ok,0,0,0,0,1292,1
3,258,2978886,649484,1616,201,13198,4.50643,1.69663,1677,-1,ok,0,0,0,0,1676,1
3,259,769160,1514768,962,122,12926,4.53087,0.63781,985,-1,ok,0,0,0,0,984,1
3,260,3115044,1697807,1444,186,23179,7.7991,1.24162,1509,-1,ok,0,0,0,0,1508,1
3,261,1835879,2014773,1360,171,22117,7.37667,0.703312,1421,-1,ok,0,0,0,0,1420,1
3,262,1550309,1217369,267,34,1684,0.549736,0.369613,280,-1,ok,0,0,0,0,279,1
3,263,1455274,2689959,801,101,16996,5.64077,0.830988,820,-1,ok,0,0,0,0,819,1
3,264,1863586,2791354,1283,161,29272,10.1953,1.0174,1314,-1,ok,0,0,0,0,1313,1
3,265,1878699,2430675,931,117,19246,6.58929,0.587617,952,-1,ok,0,0,0,0,951,1
3,266,1109092,2589721,1865,232,30621,10.2254,9.93792,1910,-1,ok,0,0,0,0,1909,1
3,267,2786859,1809984,1068,135,15292,4.90467,1.03841,1129,-1,ok,0,0,0,0,1128,1
3,268,2948186,2866807,424,54,2066,0.61069,0.322216,439,-1,ok,0,0,0,0,438,1
3,269,837275,3217710,2157,270,32544,10.281,2.21144,2202,-1,ok,0,0,0,0,2201,1
3,270,1633134,3007164,1393,175,29909,10.0567,0.646246,1438,-1,ok,0,0,0,0,1437,1
3,271,3177553,363823,1951,244,29546,9.08584,2.30058,1992,-1,ok,0,0,0,0,1991,1
3,272,1545611,2173818,374,47,3241,1.01705,0.613195,383,-1,ok,0,0,0,0,382,1
3,273,2234670,1030403,742,93,14440,4.74542,0.943055,773,-1,ok,0,0,0,0,772,1
3,274,1061263,517752,391,51,4258,1.3165,0.547652,420,-1,ok,0,0,0,0,419,1
3,275,2611184,1093057,1834,230,31596,10.1128,1.49044,1885,-1,ok,0,0,0,0,1884,1
3,276,1860944,3238002,887,111,13368,4.38387,1.19822,908,-1,ok,0,0,0,0,907,1
3,277,2169703,1399028,791,100,14615,4.80818,0.545229,820,-1,ok,0,0,0,0,819,1
3,278,1948620,2128617,131,17,478,0.158232,0.132495,142,-1,ok,0,0,0,0,141,1
3,279,2566018,882646,1597,201,33127,10.4149,1.58351,1640,-1,ok,0,0,0,0,1639,1
3,280,929280,999352,167,22,788,0.24882,0.136853,176,-1,ok,0,0,0,0,175,1
3,281,924154,2537686,1628,204,32239,10.2049,1.35577,1677,-1,ok,0,0,0,0,1676,1
3,282,2000652,1137046,874,110,19270,6.39948,0.756881,887,-1,ok,0,0,0,0,886,1
3,283,2582565,607763,1299,163,24387,7.9342,1.6796,1320,-1,ok,0,0,0,0,1319,1
3,284,3245185,785165,2684,337,34024,11.1202,2.26818,2749,-1,ok,0,0,0,0,2748,1
3,285,1231498,2364091,1022,129,14985,5.16716,1.07085,1041,-1,ok,0,0,0,0,1040,1
3,286,1066192,1226502,199,25,731,0.228002,0.182948,200,-1,ok,0,0,0,0,199,1
3,287,1869193,2052669,328,42,3042,0.975005,0.40557,359,-1,ok,0,0,0,0,358,1
3,288,2994814,3098447,829,105,8987,3.10132,0.471192,854,-1,ok,0,0,0,0,853,1
3,289,1797269,848583,613,78,11155,3.691,0.698793,646,-1,ok,0,0,0,0,645,1
3,290,1214793,1750358,1135,143,15996,5.2974,0.782296,1176,-1,ok,0,0,0,0,1175,1
3,291,2831898,2102650,653,82,7423,2.41786,0.645063,672,-1,ok,0,0,0,0,671,1
3,292,2244867,2707981,771,98,8577,2.65724,0.496158,800,-1,ok,0,0,0,0,799,1
3,293,1073058,1365640,1214,152,17303,5.5339,0.660732,1243,-1,ok,0,0,0,0,1242,1
3,294,2216425,1540683,1508,190,32480,10.4425,1.19912,1569,-1,ok,0,0,0,0,1568,1
3,295,2060741,2215164,463,58,3611,1.15236,0.580333,476,-1,ok,0,0,0,0,475,1
3,296,1441555,704228,1628,204,30535,10.8703,1.1736,1651,-1,ok,0,0,0,0,1650,1
3,297,2513611,686770,1174,148,24582,8.13538,1.37281,1225,-1,ok,0,0,0,0,1224,1
3,298,1306030,2886412,938,119,22018,7.47799,1.12506,979,-1,ok,0,0,0,0,978,1
3,299,404356,1929489,1380,173,20907,6.66484,1.31128,1461,-1,ok,0,0,0,0,1460,1
4,0,2654607,497695,1710,108,8203,3.77994,2.35786,1819,-1,ok,0,0,0,0,1818,1
4,1,2221473,1571062,1589,100,7305,2.17565,1.1355,1646,-1,ok,0,0,0,0,1645,1
4,2,641811,2589149,1344,85,6414,1.80847,1.58154,1541,-1,ok,0,0,0,0,1540,1
4,3,2250714,2339143,278,18,542,0.193026,0.168482,303,-1,ok,0,0,0,0,302,1
4,4,2536396,353659,1876,118,7779,2.15507,1.59473,1911,-1,ok,0,0,0,0,1910,1
4,5,916591,1430479,1191,76,5071,1.52228,0.90829,1334,-1,ok,0,0,0,0,1333,1
4,6,500826,2935247,2173,136,8660,2.37344,2.15915,2336,-1,ok,0,0,0,0,2335,1
4,7,2429283,2288496,465,30,1587,0.454922,0.54623,496,-1,ok,0,0,0,0,495,1
4,8,502542,1287255,645,42,1279,0.341962,1.08979,708,-1,ok,0,0,0,0,707,1
4,9,2726054,800471,1487,94,7860,2.196,1.38634,1644,-1,ok,0,0,0,0,1643,1
4,10,3031784,709412,1662,105,7288,2.01132,1.56429,1725,-1,ok,0,0,0,0,1724,1
4,11,813038,2649998,1861,118,9090,2.45326,1.51472,2152,-1,ok,0,0,0,0,2151,1
4,12,2906523,1340129,1264,79,5304,1.57041,1.15496,1387,-1,ok,0,0,0,0,1386,1
4,13,2198005,2773306,1504,94,6162,1.75436,0.993728,1603,-1,ok,0,0,0,0,1602,1
4,14,1009630,2195480,1009,63,3090,0.892702,1.06897,1152,-1,ok,0,0,0,0,1151,1
4,15,2077961,2827531,1186,75,7866,2.23287,0.86496,1247,-1,ok,0,0,0,0,1246,1
4,16,1553701,2469994,602,39,1604,0.49183,0.882032,699,-1,ok,0,0,0,0,698,1
4,17,2490161,384400,1409,89,7984,2.21325,1.3918,1610,-1,ok,0,0,0,0,1609,1
4,18,2599025,2034587,1669,106,5833,1.69669,1.11287,1814,-1,ok,0,0,0,0,1813,1
4,19,1181060,2927824,1734,109,7938,2.22496,1.33119,1833,-1,ok,0,0,0,0,1832,1
4,20,645781,614849,395,27,910,0.246425,0.279728,442,-1,ok,0,0,0,0,441,1
4,21,2468056,2256643,1145,71,4265,1.12222,0.645805,1210,-1,ok,0,0,0,0,1209,1
4,22,251497,3219170,2176,137,9029,2.40332,2.19069,2361,-1,ok,0,0,0,0,2360,1
4,23,569297,2803754,1948,122,8218,2.22128,1.65043,2091,-1,ok,0,0,0,0,2090,1
4,24,2520461,1501553,674,42,2442,0.705905,0.682583,721,-1,ok,0,0,0,0,720,1
4,25,2003860,731758,1205,76,6013,1.75891,0.806513,1342,-1,ok,0,0,0,0,1341,1
4,26,613334,2557422,1168,73,4850,1.26095,1.39945,1203,-1,ok,0,0,0,0,1202,1
4,27,387537,2005469,1167,74,4261,1.09359,1.51902,1306,-1,ok,0,0,0,0,1305,1
4,28,344125,2584166,2379,149,8694,2.34681,1.65903,2638,-1,ok,0,0,0,0,2637,1
4,29,2992346,1955386,784,49,2843,0.797436,0.922316,861,-1,ok,0,0,0,0,860,1
4,30,2891864,2043208,1327,84,6380,1.82012,0.936141,1426,-1,ok,0,0,0,0,1425,1
4,31,593449,1109625,711,46,2293,0.683114,0.658738,824,-1,ok,0,0,0,0,823,1
4,32,2770066,477636,2303,148,8666,2.43865,1.6607,2540,-1,ok,0,0,0,0,2539,1
4,33,1568488,2024378,743,47,3704,1.05612,0.549776,796,-1,ok,0,0,0,0,795,1
4,34,2636861,1355914,1868,118,6758,1.91682,0.691079,2003,-1,ok,0,0,0,0,2002,1
4,35,2807379,1728601,1223,76,5190,1.49421,0.85459,1312,-1,ok,0,0,0,0,1311,1
4,36,548195,1129534,384,25,920,0.316316,0.37876,453,-1,ok,0,0,0,0,452,1
4,37,1403079,1097550,787,51,4327,1.21269,0.731393,896,-1,ok,0,0,0,0,895,1
4,38,1098506,2400310,1127,71,5367,1.6269,0.915031,1232,-1,ok,0,0,0,0,1231,1
4,39,549302,2763681,1609,101,6277,1.79053,1.66921,1670,-1,ok,0,0,0,0,1669,1
4,40,2830387,1329031,990,63,4443,1.22394,0.965696,1067,-1,ok,0,0,0,0,1066,1
4,41,2571837,1609971,1200,76,5161,1.5747,0.879868,1247,-1,ok,0,0,0,0,1246,1
4,42,2269545,949398,1480,94,7096,2.02997,1.35482,1653,-1,ok,0,0,0,0,1652,1
4,43,2386550,2005422,1757,113,8468,2.37136,0.833833,1934,-1,ok,0,0,0,0,1933,1
4,44,3228329,1091487,1429,92,6083,1.69054,1.87167,1542,-1,ok,0,0,0,0,1541,1
4,45,1252674,2899369,1220,77,2620,0.735462,1.27859,1297,-1,ok,0,0,0,0,1296,1
4,46,1245004,2631833,1742,110,9357,2.61087,1.26741,1917,-1,ok,0,0,0,0,1916,1
4,47,2746631,1120353,1791,114,5877,1.71243,1.13127,1960,-1,ok,0,0,0,0,1959,1
4,48,1545941,1034885,778,50,2757,0.799901,0.988228,923,-1,ok,0,0,0,0,922,1
4,49,707664,3179843,2152,136,8533,2.30491,1.80478,2293,-1,ok,0,0,0,0,2292,1
4,50,2697605,251222,1758,110,8520,2.28326,1.63449,1861,-1,ok,0,0,0,0,1860,1
4,51,598957,1160461,516,33,1241,0.36267,0.538787,583,-1,ok,0,0,0,0,582,1
4,52,2808838,629110,1283,83,6630,1.83257,1.0941,1436,-1,ok,0,0,0,0,1435,1
4,53,2674667,2450469,1734,111,5777,1.67088,1.04094,1877,-1,ok,0,0,0,0,1876,1
4,54,902226,2397303,1907,120,8490,2.33754,1.42008,2088,-1,ok,0,0,0,0,2087,1
4,55,3160580,2590500,1640,103,5441,1.5368,1.06558,1737,-1,ok,0,0,0,0,1736,1
4,56,3063115,1271576,1534,97,6430,1.79858,0.953054,1659,-1,ok,0,0,0,0,1658,1
4,57,471188,1449834,1138,71,3595,0.973591,0.930633,1243,-1,ok,0,0,0,0,1242,1
4,58,1353978,2059850,918,60,3976,1.08592,1.03434,1009,-1,ok,0,0,0,0,1008,1
4,59,2540733,1967844,911,58,5175,1.61749,0.706417,972,-1,ok,0,0,0,0,971,1
4,60,2700562,1997667,1296,81,6032,1.69302,0.777158,1359,-1,ok,0,0,0,0,1358,1
4,61,1637568,2044505,363,24,814,0.257516,0.442879,420,-1,ok,0,0,0,0,419,1
4,62,1801679,2696751,1870,119,8734,2.42291,1.14912,2023,-1,ok,0,0,0,0,2022,1
4,63,598957,2906552,1287,81,5838,1.66669,1.56258,1332,-1,ok,0,0,0,0,1331,1
4,64,1955372,794087,930,59,5021,1.48533,0.843551,1003,-1,ok,0,0,0,0,1002,1
4,65,2039260,2947726,1193,76,4333,1.16292,0.901376,1316,-1,ok,0,0,0,0,1315,1
4,66,556924,1599250,705,45,2516,0.698763,0.795973,786,-1,ok,0,0,0,0,785,1
4,67,278380,2626389,2296,145,9395,2.42454,1.9423,2545,-1,ok,0,0,0,0,2544,1
4,68,2339398,455629,2015,127,9564,2.66111,1.27347,2134,-1,ok,0,0,0,0,2133,1
4,69,2397188,1012607,1150,73,5718,1.68058,0.937324,1227,-1,ok,0,0,0,0,1226,1
4,70,2467967,715435,1642,104,6628,1.86099,1.12933,1693,-1,ok,0,0,0,0,1692,1
4,71,279709,835397,829,53,2663,0.725522,0.866843,884,-1,ok,0,0,0,0,883,1
4,72,825921,1088080,805,52,2323,0.670791,0.489326,864,-1,ok,0,0,0,0,863,1
4,73,2686056,3089348,412,27,927,0.266964,0.445093,437,-1,ok,0,0,0,0,436,1
4,74,935096,1634738,947,60,5075,1.48123,0.708811,1020,-1,ok,0,0,0,0,1019,1
4,75,384006,760874,877,56,2644,0.719201,0.645423,942,-1,ok,0,0,0,0,941,1
4,76,1947155,898061,889,56,4298,1.17389,0.866393,1050,-1,ok,0,0,0,0,1049,1
4,77,658137,789793,329,22,576,0.194259,0.303812,360,-1,ok,0,0,0,0,359,1
4,78,363830,2056905,2015,127,7182,1.96388,1.48178,2290,-1,ok,0,0,0,0,2289,1
4,79,1761748,2892020,756,48,3776,1.04269,0.883536,811,-1,ok,0,0,0,0,810,1
4,80,2351211,2029768,1106,70,4631,1.24236,0.817282,1249,-1,ok,0,0,0,0,1248,1
4,81,647090,520796,364,23,882,0.274929,0.220989,377,-1,ok,0,0,0,0,376,1
4,82,2202913,1998284,1606,101,7937,2.2369,0.919662,1693,-1,ok,0,0,0,0,1692,1
4,83,2307907,2951731,1581,99,7487,2.06999,0.893332,1674,-1,ok,0,0,0,0,1673,1
4,84,1871832,591133,1610,106,7781,2.17697,1.20418,1907,-1,ok,0,0,0,0,1906,1
4,85,1820468,769068,784,50,4251,1.19344,0.814106,839,-1,ok,0,0,0,0,838,1
4,86,618657,2879486,1405,89,6603,1.85233,1.33784,1538,-1,ok,0,0,0,0,1537,1
4,87,759127,2437547,1913,120,8974,2.37527,1.31809,2120,-1,ok,0,0,0,0,2119,1
4,88,2003626,436977,2082,129,9212,2.58681,1.14239,2249,-1,ok,0,0,0,0,2248,1
4,89,2088216,2111650,95,6,45,0.015267,0.090719,112,-1,ok,0,0,0,0,111,1
4,90,2481203,2200930,683,44,3072,0.856235,0.405319,702,-1,ok,0,0,0,0,701,1
4,91,1827763,2791217,1053,67,6956,2.01669,0.822251,1152,-1,ok,0,0,0,0,1151,1
4,92,1980418,1582954,557,36,1760,0.483044,0.355879,592,-1,ok,0,0,0,0,591,1
4,93,705039,752842,1000,65,4279,1.14545,0.688434,1105,-1,ok,0,0,0,0,1104,1
4,94,1158854,739502,341,21,616,0.180114,0.380353,364,-1,ok,0,0,0,0,363,1
4,95,1350833,836719,972,60,5708,1.74526,0.381506,1025,-1,ok,0,0,0,0,1024,1
4,96,1556785,647066,1224,78,5842,1.80687,0.861012,1315,-1,ok,0,0,0,0,1314,1
4,97,1944954,1109435,783,50,4197,1.15049,0.693083,884,-1,ok,0,0,0,0,883,1
4,98,2668191,348531,1839,117,8908,2.46605,1.44155,2066,-1,ok,0,0,0,0,2065,1
4,99,476033,1903328,1168,74,5069,1.48708,1.0218,1245,-1,ok,0,0,0,0,1244,1
4,100,795218,590026,122,9,121,0.079217,0.153925,157,-1,ok,0,0,0,0,156,1
4,101,763468,1260833,843,54,2073,0.529961,0.600311,924,-1,ok,0,0,0,0,923,1
4,102,3155979,534005,2083,131,8754,2.30402,1.69362,2268,-1,ok,0,0,0,0,2267,1
4,103,2671843,2035386,1097,69,5231,1.49981,0.525943,1136,-1,ok,0,0,0,0,1135,1
4,104,1072087,2077094,1175,76,6784,1.99797,0.950728,1304,-1,ok,0,0,0,0,1303,1
4,105,1830266,867972,1628,102,8701,2.40942,0.953935,1779,-1,ok,0,0,0,0,1778,1
4,106,2009385,672463,1221,77,7096,2.13037,0.866644,1388,-1,ok,0,0,0,0,1387,1
4,107,1277732,1289510,1175,74,5031,1.55434,0.647918,1280,-1,ok,0,0,0,0,1279,1
4,108,383929,2086407,1268,81,4915,1.265,1.231,1391,-1,ok,0,0,0,0,1390,1
4,109,2032078,1699736,1336,85,5575,1.63421,0.507419,1431,-1,ok,0,0,0,0,1430,1
4,110,958411,907673,588,38,2367,0.673977,0.440886,673,-1,ok,0,0,0,0,672,1
4,111,345881,908168,999,63,2134,0.541342,0.710915,1122,-1,ok,0,0,0,0,1121,1
4,112,921927,2826328,1275,81,5228,1.51549,1.18853,1390,-1,ok,0,0,0,0,1389,1
4,113,558628,2150100,1156,73,4655,1.20551,1.03373,1293,-1,ok,0,0,0,0,1292,1
4,114,732091,2459630,1421,90,6780,1.89796,1.26638,1588,-1,ok,0,0,0,0,1587,1
4,115,398823,391093,624,40,1677,0.463357,0.418694,735,-1,ok,0,0,0,0,734,1
4,116,1510629,2959878,1054,67,5480,1.65683,0.931002,1085,-1,ok,0,0,0,0,1084,1
4,117,2096552,3082996,592,39,2563,0.758133,0.669378,633,-1,ok,0,0,0,0,632,1
4,118,773297,2535823,1305,83,6699,1.86759,1.10905,1402,-1,ok,0,0,0,0,1401,1
4,119,1540653,367496,2008,127,9189,2.57373,1.35347,2393,-1,ok,0,0,0,0,2392,1
4,120,457915,1822951,1394,89,5998,1.70378,0.955929,1615,-1,ok,0,0,0,0,1614,1
4,121,2144069,523360,2086,130,9091,2.47668,1.3552,2271,-1,ok,0,0,0,0,2270,1
4,122,1935902,3090329,1268,80,8770,2.48585,1.03374,1349,-1,ok,0,0,0,0,1348,1
4,123,2854140,1596178,937,60,3865,1.03101,0.83868,1000,-1,ok,0,0,0,0,999,1
4,124,1967913,1747145,807,52,3628,0.995381,0.544698,906,-1,ok,0,0,0,0,905,1
4,125,2263205,1655305,838,56,4330,1.17589,0.716775,1027,-1,ok,0,0,0,0,1026,1
4,126,2506297,1143924,984,63,4765,1.25948,0.954776,1143,-1,ok,0,0,0,0,1142,1
4,127,1448472,1364093,562,36,1674,0.500005,0.530582,613,-1,ok,0,0,0,0,612,1
4,128,1724010,2154870,1418,90,8223,2.36359,0.746392,1603,-1,ok,0,0,0,0,1602,1
4,129,840467,2529952,1656,104,4044,1.06857,1.41128,1753,-1,ok,0,0,0,0,1752,1
4,130,1792217,1212610,345,22,837,0.241687,0.344866,352,-1,ok,0,0,0,0,351,1
4,131,1328134,3208212,1967,123,9268,2.50081,1.495,2070,-1,ok,0,0,0,0,2069,1
4,132,2891864,1675347,959,61,4069,1.06364,0.874739,1042,-1,ok,0,0,0,0,1041,1
4,133,2410465,2443796,1103,68,3929,1.03256,0.592657,1206,-1,ok,0,0,0,0,1205,1
4,134,558433,2250280,1093,70,3870,1.03371,1.28479,1164,-1,ok,0,0,0,0,1163,1
4,135,1187532,720690,1013,65,4948,1.3199,0.714973,1094,-1,ok,0,0,0,0,1093,1
4,136,2710078,1125700,1258,80,6387,2.00808,0.973261,1377,-1,ok,0,0,0,0,1376,1
4,137,342829,2650131,1580,100,7104,1.91302,1.44572,1669,-1,ok,0,0,0,0,1668,1
4,138,381156,591400,523,34,939,0.25915,0.392035,560,-1,ok,0,0,0,0,559,1
4,139,620591,3052362,1412,88,6224,1.75656,1.35221,1453,-1,ok,0,0,0,0,1452,1
4,140,1838465,1180686,1541,98,9357,2.60251,0.893444,1706,-1,ok,0,0,0,0,1705,1
4,141,2808277,2315654,851,54,2226,0.580715,0.540609,890,-1,ok,0,0,0,0,889,1
4,142,2598310,2422034,222,15,383,0.118168,0.151301,253,-1,ok,0,0,0,0,252,1
4,143,2845436,1668194,730,46,1954,0.547063,0.63782,765,-1,ok,0,0,0,0,764,1
4,144,2382918,526772,1377,86,6444,1.85829,1.15012,1450,-1,ok,0,0,0,0,1449,1
4,145,1931999,438444,1275,81,7650,2.17175,1.02567,1442,-1,ok,0,0,0,0,1441,1
4,146,2679978,515339,2241,142,9204,2.47339,1.49712,2428,-1,ok,0,0,0,0,2427,1
4,147,2803019,1915102,1793,114,7866,2.15273,1.07069,1908,-1,ok,0,0,0,0,1907,1
4,148,913089,1331566,1323,85,6451,1.88476,0.878555,1424,-1,ok,0,0,0,0,1423,1
4,149,634343,2276336,1305,83,6104,1.69795,1.24673,1396,-1,ok,0,0,0,0,1395,1
4,150,1481794,3181212,1228,78,5766,1.67669,1.25988,1323,-1,ok,0,0,0,0,1322,1
4,151,1474634,422363,1314,83,6940,2.02847,0.97845,1397,-1,ok,0,0,0,0,1396,1
4,152,1834575,3226322,1174,74,5563,1.63042,0.444441,1249,-1,ok,0,0,0,0,1248,1
4,153,3024705,540222,1863,119,8871,2.42874,1.53679,1950,-1,ok,0,0,0,0,1949,1
4,154,3044639,2920559,189,12,228,0.083385,0.154286,216,-1,ok,0,0,0,0,215,1
4,155,1228220,1631674,478,31,1431,0.426479,0.415218,585,-1,ok,0,0,0,0,584,1
4,156,1536072,283775,1199,76,7642,2.19195,0.812423,1332,-1,ok,0,0,0,0,1331,1
4,157,3193672,1640899,1490,94,5323,1.52895,1.12736,1653,-1,ok,0,0,0,0,1652,1
4,158,1364886,1417986,1253,79,6730,1.94392,0.782708,1338,-1,ok,0,0,0,0,1337,1
4,159,1323479,1948892,1160,74,5873,1.7051,0.583329,1359,-1,ok,0,0,0,0,1358,1
4,160,329635,3138202,2157,136,7824,2.14832,1.87454,2332,-1,ok,0,0,0,0,2331,1
4,161,2199138,2165892,958,61,5122,1.68086,0.450844,1023,-1,ok,0,0,0,0,1022,1
4,162,2332432,2665491,284,19,547,0.185844,0.325001,327,-1,ok,0,0,0,0,326,1
4,163,2554867,820141,1438,91,7512,2.06175,1.07499,1637,-1,ok,0,0,0,0,1636,1
4,164,816636,1589983,1083,69,4839,1.25422,0.753373,1230,-1,ok,0,0,0,0,1229,1
4,165,2144577,2486159,628,39,2588,0.77843,0.45957,727,-1,ok,0,0,0,0,726,1
4,166,2257019,735014,1996,127,8645,2.38753,1.3138,2201,-1,ok,0,0,0,0,2200,1
4,167,2095650,935010,1005,63,4580,1.25794,0.785733,1036,-1,ok,0,0,0,0,1035,1
4,168,312457,989659,778,50,1806,0.492351,0.829885,855,-1,ok,0,0,0,0,854,1
4,169,2882141,1067685,1170,74,3947,1.02458,1.15956,1293,-1,ok,0,0,0,0,1292,1
4,170,1662824,2681105,1085,70,5657,1.67652,0.895266,1184,-1,ok,0,0,0,0,1183,1
4,171,1703180,546367,1232,79,6359,1.8844,0.828132,1429,-1,ok,0,0,0,0,1428,1
4,172,2090483,588991,1314,83,7963,2.29416,1.09828,1459,-1,ok,0,0,0,0,1458,1
4,173,2669970,1153251,1524,96,7284,2.00519,1.00817,1605,-1,ok,0,0,0,0,1604,1
4,174,2801102,1556461,1651,104,6501,1.80941,0.564364,1774,-1,ok,0,0,0,0,1773,1
4,175,2862760,2446461,730,47,2852,0.834243,0.579432,827,-1,ok,0,0,0,0,826,1
4,176,1728209,2803901,1739,108,8104,2.28949,1.27553,1822,-1,ok,0,0,0,0,1821,1
4,177,330269,1345015,1018,65,3896,1.02258,0.935149,1093,-1,ok,0,0,0,0,1092,1
4,178,3017924,2896984,407,26,890,0.246004,0.302779,456,-1,ok,0,0,0,0,455,1
4,179,910292,1126401,229,16,363,0.107078,0.265811,302,-1,ok,0,0,0,0,301,1
4,180,2006593,1670863,1240,77,6459,1.92835,0.567499,1281,-1,ok,0,0,0,0,1280,1
4,181,2078347,3155254,1385,88,8981,2.48195,1.2007,1548,-1,ok,0,0,0,0,1547,1
4,182,2709648,2878665,277,17,370,0.135441,0.188418,282,-1,ok,0,0,0,0,281,1
4,183,460429,2828556,1989,126,8309,2.21673,1.76352,2138,-1,ok,0,0,0,0,2137,1
4,184,909956,1352984,474,31,1531,0.436127,0.503843,547,-1,ok,0,0,0,0,546,1
4,185,2598310,614849,1241,79,6881,1.93265,0.9454,1360,-1,ok,0,0,0,0,1359,1
4,186,1732162,381072,1507,96,8920,2.48834,1.09892,1678,-1,ok,0,0,0,0,1677,1
4,187,2864255,987151,1339,84,5608,1.62464,1.05587,1374,-1,ok,0,0,0,0,1373,1
4,188,613280,1998545,1505,95,6753,1.85776,1.02668,1724,-1,ok,0,0,0,0,1723,1
4,189,769257,2619619,1324,84,6071,1.92603,1.55695,1389,-1,ok,0,0,0,0,1388,1
4,190,1700379,924636,488,32,1880,0.51914,0.580412,579,-1,ok,0,0,0,0,578,1
4,191,489236,2011181,1701,107,6965,1.92297,0.896449,1896,-1,ok,0,0,0,0,1895,1
4,192,1225462,1170705,1015,64,4243,1.12077,0.550608,1088,-1,ok,0,0,0,0,1087,1
4,193,1873151,1744747,675,43,3230,0.886471,0.413514,722,-1,ok,0,0,0,0,721,1
4,194,2468599,2302602,643,39,2451,0.695106,0.47012,740,-1,ok,0,0,0,0,739,1
4,195,2943977,2062115,628,40,2043,0.532354,0.786245,659,-1,ok,0,0,0,0,658,1
4,196,587996,382135,775,49,2432,0.688814,0.458979,840,-1,ok,0,0,0,0,839,1
4,197,1795388,2559139,975,61,6013,1.78889,0.711407,1002,-1,ok,0,0,0,0,1001,1
4,198,430706,1816036,1949,123,8114,2.17451,1.3186,2156,-1,ok,0,0,0,0,2155,1
4,199,2709791,743716,1567,100,8387,2.3919,1.16155,1690,-1,ok,0,0,0,0,1689,1
4,200,2317486,1682523,790,50,3957,1.09444,0.619695,893,-1,ok,0,0,0,0,892,1
4,201,848074,2660956,1289,81,4768,1.2408,1.07632,1332,-1,ok,0,0,0,0,1331,1
4,202,2051630,2425358,880,56,4098,1.10746,0.587388,933,-1,ok,0,0,0,0,932,1
4,203,2138232,3170486,1784,115,7900,2.23736,1.37672,1927,-1,ok,0,0,0,0,1926,1
4,204,1443071,807450,574,37,1837,0.517819,0.561379,675,-1,ok,0,0,0,0,674,1
4,205,1144422,3049691,2080,131,9466,2.57673,1.61703,2265,-1,ok,0,0,0,0,2264,1
4,206,377442,2376747,1648,105,6715,1.86299,1.4752,1903,-1,ok,0,0,0,0,1902,1
4,207,1401797,2931005,1642,104,8701,2.43137,0.785303,1793,-1,ok,0,0,0,0,1792,1
4,208,2488208,1785008,991,63,4602,1.23429,0.714823,1108,-1,ok,0,0,0,0,1107,1
4,209,2517430,2632913,587,37,2185,0.590944,0.459029,626,-1,ok,0,0,0,0,625,1
4,210,1804529,2670473,625,40,2823,0.819526,0.611111,678,-1,ok,0,0,0,0,677,1
4,211,792304,2700845,1601,100,6535,1.91388,1.30928,1692,-1,ok,0,0,0,0,1691,1
4,212,292558,448522,757,47,2221,0.570025,0.603657,806,-1,ok,0,0,0,0,805,1
4,213,2987559,1182868,2093,131,8783,2.41919,1.4608,2210,-1,ok,0,0,0,0,2209,1
4,214,3031564,1350417,1027,66,3085,0.817092,0.997635,1156,-1,ok,0,0,0,0,1155,1
4,215,3155823,373649,2172,139,8558,2.28522,2.20816,2469,-1,ok,0,0,0,0,2468,1
4,216,371781,1935939,921,59,3662,0.954326,0.932224,980,-1,ok,0,0,0,0,979,1
4,217,2855984,2571946,520,33,1470,0.450262,0.311627,529,-1,ok,0,0,0,0,528,1
4,218,465556,3102078,1943,122,8921,2.37368,1.55227,2166,-1,ok,0,0,0,0,2165,1
4,219,3106562,1461822,2273,142,8565,2.32786,1.36308,2408,-1,ok,0,0,0,0,2407,1
4,220,2389443,1100586,779,48,3985,1.11278,0.686901,854,-1,ok,0,0,0,0,853,1
4,221,1209891,3199598,1812,114,8388,2.32175,1.20648,1905,-1,ok,0,0,0,0,1904,1
4,222,1628263,3038908,1441,91,9256,2.59865,1.07258,1614,-1,ok,0,0,0,0,1613,1
4,223,996318,538495,877,56,4915,1.31372,0.677544,940,-1,ok,0,0,0,0,939,1
4,224,2666230,1916875,1680,107,7753,2.10456,0.919552,1833,-1,ok,0,0,0,0,1832,1
4,225,1214391,1343195,898,57,4707,1.25478,0.509974,949,-1,ok,0,0,0,0,948,1
4,226,650861,1693026,614,39,2231,0.585894,0.653529,691,-1,ok,0,0,0,0,690,1
4,227,1007288,1215730,474,32,1510,0.418935,0.355107,531,-1,ok,0,0,0,0,530,1
4,228,2161129,565602,1613,102,9343,2.54477,1.09325,1720,-1,ok,0,0,0,0,1719,1
4,229,2785103,1597956,1513,95,6743,1.86979,0.946772,1646,-1,ok,0,0,0,0,1645,1
4,230,1392321,355276,821,52,4322,1.21171,0.674568,922,-1,ok,0,0,0,0,921,1
4,231,2051789,1806580,591,38,1358,0.404589,0.412143,626,-1,ok,0,0,0,0,625,1
4,232,1102446,3057237,1135,73,7097,2.01676,1.01976,1272,-1,ok,0,0,0,0,1271,1
4,233,2397085,1013039,923,58,4439,1.19648,1.02194,946,-1,ok,0,0,0,0,945,1
4,234,1287529,1866275,1267,80,6872,2.06814,0.764845,1414,-1,ok,0,0,0,0,1413,1
4,235,1687683,418136,1252,79,8500,2.46345,0.911876,1375,-1,ok,0,0,0,0,1374,1
4,236,2722809,932643,2100,131,9264,2.47794,1.52063,2215,-1,ok,0,0,0,0,2214,1
4,237,2665523,3047256,1417,90,6013,1.74121,1.21803,1522,-1,ok,0,0,0,0,1521,1
4,238,1923409,2905912,843,54,4865,1.31796,0.817462,952,-1,ok,0,0,0,0,951,1
4,239,875283,1311303,664,42,2178,0.617192,0.444382,731,-1,ok,0,0,0,0,730,1
4,240,2918198,639738,1606,102,6748,1.86288,1.22766,1701,-1,ok,0,0,0,0,1700,1
4,241,1337751,1159597,145,10,170,0.066883,0.622581,200,-1,ok,0,0,0,0,199,1
4,242,1804529,3222731,986,63,7168,2.09382,0.793578,1063,-1,ok,0,0,0,0,1062,1
4,243,2545706,1651771,1162,74,5250,1.5043,0.759204,1311,-1,ok,0,0,0,0,1310,1
4,244,807710,2239366,1940,121,9069,2.47368,1.40897,2207,-1,ok,0,0,0,0,2206,1
4,245,3201629,632825,1631,103,7147,1.9698,1.37516,1756,-1,ok,0,0,0,0,1755,1
4,246,2019093,3174345,1036,66,5790,1.69343,0.79971,1105,-1,ok,0,0,0,0,1104,1
4,247,2955346,1703765,1276,80,4048,1.05354,0.939338,1331,-1,ok,0,0,0,0,1330,1
4,248,541380,1361733,957,60,2817,0.778009,0.789019,1052,-1,ok,0,0,0,0,1051,1
4,249,3113781,786831,2642,166,9392,2.52121,1.63096,2791,-1,ok,0,0,0,0,2790,1
4,250,726020,696308,1081,70,4516,1.22653,0.716635,1180,-1,ok,0,0,0,0,1179,1
4,251,553589,2992564,1414,88,6753,1.91705,1.33694,1513,-1,ok,0,0,0,0,1512,1
4,252,1843611,2188440,1312,83,6575,1.88709,0.644302,1403,-1,ok,0,0,0,0,1402,1
4,253,334027,2354825,1725,109,7711,2.11984,1.40957,1940,-1,ok,0,0,0,0,1939,1
4,254,2138232,528223,1703,110,7495,2.19378,1.16072,1870,-1,ok,0,0,0,0,1869,1
4,255,2920261,1514740,1066,67,4328,1.11798,0.935721,1177,-1,ok,0,0,0,0,1176,1
4,256,1963166,1687516,403,26,1131,0.321515,0.326223,430,-1,ok,0,0,0,0,429,1
4,257,610635,2538272,1234,78,4808,1.29601,1.24778,1313,-1,ok,0,0,0,0,1312,1
4,258,2978886,649484,1616,101,3456,0.92972,1.5119,1787,-1,ok,0,0,0,0,1786,1
4,259,769160,1514768,962,62,3446,0.934168,0.743144,1079,-1,ok,0,0,0,0,1078,1
4,260,3115044,1697807,1444,91,6210,1.71771,1.1222,1561,-1,ok,0,0,0,0,1560,1
4,261,1835879,2014773,1360,86,5857,1.7201,0.806242,1555,-1,ok,0,0,0,0,1554,1
4,262,1550309,1217369,267,16,354,0.114431,0.218364,280,-1,ok,0,0,0,0,279,1
4,263,1455274,2689959,801,51,4494,1.27003,0.88065,940,-1,ok,0,0,0,0,939,1
4,264,1863586,2791354,1283,81,7745,2.21619,0.820267,1364,-1,ok,0,0,0,0,1363,1
4,265,1878699,2430675,931,59,5087,1.50941,0.60049,1002,-1,ok,0,0,0,0,1001,1
4,266,1109092,2589721,1865,116,8164,2.24856,0.879949,2000,-1,ok,0,0,0,0,1999,1
4,267,2786859,1809984,1068,68,4081,1.07109,0.72489,1133,-1,ok,0,0,0,0,1132,1
4,268,2948186,2866807,424,28,550,0.164305,0.263898,455,-1,ok,0,0,0,0,454,1
4,269,837275,3217710,2157,135,8744,2.37977,1.20114,2250,-1,ok,0,0,0,0,2249,1
4,270,1633134,3007164,1393,88,8065,2.26288,0.47575,1534,-1,ok,0,0,0,0,1533,1
4,271,3177553,363823,1951,124,8122,2.17165,1.85353,2042,-1,ok,0,0,0,0,2041,1
4,272,1545611,2173818,374,24,851,0.251755,0.434174,399,-1,ok,0,0,0,0,398,1
4,273,2234670,1030403,742,47,3940,1.07811,0.725984,837,-1,ok,0,0,0,0,836,1
4,274,1061263,517752,391,26,1114,0.325722,0.411701,452,-1,ok,0,0,0,0,451,1
4,275,2611184,1093057,1834,118,8544,2.37645,1.09832,2035,-1,ok,0,0,0,0,2034,1
4,276,1860944,3238002,887,57,3814,1.02794,0.94038,984,-1,ok,0,0,0,0,983,1
4,277,2169703,1399028,791,51,3946,1.06323,0.486189,904,-1,ok,0,0,0,0,903,1
4,278,1948620,2128617,131,9,129,0.044523,0.166779,174,-1,ok,0,0,0,0,173,1
4,279,2566018,882646,1597,101,8873,2.41677,1.12585,1718,-1,ok,0,0,0,0,1717,1
4,280,929280,999352,167,11,178,0.069338,0.097911,176,-1,ok,0,0,0,0,175,1
4,281,924154,2537686,1628,102,8620,2.34877,1.17977,1727,-1,ok,0,0,0,0,1726,1
4,282,2000652,1137046,874,55,5137,1.60787,0.586747,911,-1,ok,0,0,0,0,910,1
4,283,2582565,607763,1299,82,6565,1.91342,1.02599,1370,-1,ok,0,0,0,0,1369,1
4,284,3245185,785165,2684,169,9161,2.51514,1.61,2901,-1,ok,0,0,0,0,2900,1
4,285,1231498,2364091,1022,66,4049,1.16702,0.925222,1079,-1,ok,0,0,0,0,1078,1
4,286,1066192,1226502,199,12,163,0.05419,0.164434,200,-1,ok,0,0,0,0,199,1
4,287,1869193,2052669,328,22,808,0.250304,0.321715,451,-1,ok,0,0,0,0,450,1
4,288,2994814,3098447,829,53,2418,0.719682,0.517848,870,-1,ok,0,0,0,0,869,1
4,289,1797269,848583,613,40,3019,0.87526,0.554706,662,-1,ok,0,0,0,0,661,1
4,290,1214793,1750358,1135,71,4305,1.17949,0.714311,1254,-1,ok,0,0,0,0,1253,1
4,291,2831898,2102650,653,42,2026,0.5675,0.540119,704,-1,ok,0,0,0,0,703,1
4,292,2244867,2707981,771,50,2317,0.665201,0.469427,832,-1,ok,0,0,0,0,831,1
4,293,1073058,1365640,1214,76,4666,1.30285,0.702158,1355,-1,ok,0,0,0,0,1354,1
4,294,2216425,1540683,1508,96,8755,2.51252,0.810038,1647,-1,ok,0,0,0,0,1646,1
4,295,2060741,2215164,463,30,999,0.274528,0.250072,534,-1,ok,0,0,0,0,533,1
4,296,1441555,704228,1628,104,8382,2.31272,0.991154,1743,-1,ok,0,0,0,0,1742,1
4,297,2513611,686770,1174,75,6637,1.94609,1.06581,1335,-1,ok,0,0,0,0,1334,1
4,298,1306030,2886412,938,61,6074,1.80225,1.04134,1017,-1,ok,0,0,0,0,1016,1
4,299,404356,1929489,1380,86,5545,1.54527,1.41152,1545,-1,ok,0,0,0,0,1544,1
6,0,2654607,497695,1710,28,697,0.304615,2.13833,2209,-1,ok,0,0,0,0,2208,1
6,1,2221473,1571062,1589,25,589,0.200431,1.38841,2192,-1,ok,0,0,0,0,2191,1
6,2,641811,2589149,1344,22,539,0.149847,1.54526,1569,-1,ok,0,0,0,0,1568,1
6,3,2250714,2339143,278,5,45,0.015059,0.285889,367,-1,ok,0,0,0,0,366,1
6,4,2536396,353659,1876,30,634,0.154967,1.54919,2225,-1,ok,0,0,0,0,2224,1
6,5,916591,1430479,1191,19,413,0.119492,0.928018,1404,-1,ok,0,0,0,0,1403,1
6,6,500826,2935247,2173,35,712,0.176386,2.03103,2758,-1,ok,0,0,0,0,2757,1
6,7,2429283,2288496,465,9,148,0.06415,0.439643,788,-1,ok,0,0,0,0,787,1
6,8,502542,1287255,645,12,116,0.036698,1.0154,804,-1,ok,0,0,0,0,803,1
6,9,2726054,800471,1487,24,632,0.163983,1.3171,1902,-1,ok,0,0,0,0,1901,1
6,10,3031784,709412,1662,27,561,0.185633,1.58502,1933,-1,ok,0,0,0,0,1932,1
6,11,813038,2649998,1861,30,746,0.189951,1.59939,2310,-1,ok,0,0,0,0,2309,1
6,12,2906523,1340129,1264,21,435,0.127265,1.17992,1737,-1,ok,0,0,0,0,1736,1
6,13,2198005,2773306,1504,23,478,0.133016,0.821991,1551,-1,ok,0,0,0,0,1550,1
6,14,1009630,2195480,1009,17,241,0.078225,1.30044,1416,-1,ok,0,0,0,0,1415,1
6,15,2077961,2827531,1186,19,623,0.170756,1.18448,1533,-1,ok,0,0,0,0,1532,1
6,16,1553701,2469994,602,11,147,0.050525,0.618254,829,-1,ok,0,0,0,0,828,1
6,17,2490161,384400,1409,23,669,0.168832,1.27552,1630,-1,ok,0,0,0,0,1629,1
6,18,2599025,2034587,1669,28,444,0.122305,1.53756,2522,-1,ok,0,0,0,0,2521,1
6,19,1181060,2927824,1734,28,649,0.197825,1.6141,2409,-1,ok,0,0,0,0,2408,1
6,20,645781,614849,395,8,86,0.023142,0.525022,664,-1,ok,0,0,0,0,663,1
6,21,2468056,2256643,1145,18,356,0.095276,0.641306,1382,-1,ok,0,0,0,0,1381,1
6,22,251497,3219170,2176,34,735,0.182498,2.26192,2697,-1,ok,0,0,0,0,2696,1
6,23,569297,2803754,1948,32,660,0.177528,1.64007,2573,-1,ok,0,0,0,0,2572,1
6,24,2520461,1501553,674,11,217,0.07566,0.623874,789,-1,ok,0,0,0,0,788,1
6,25,2003860,731758,1205,19,467,0.123359,0.924391,1598,-1,ok,0,0,0,0,1597,1
6,26,613334,2557422,1168,20,433,0.122747,1.45423,1517,-1,ok,0,0,0,0,1516,1
6,27,387537,2005469,1167,19,372,0.100537,1.15082,1470,-1,ok,0,0,0,0,1469,1
6,28,344125,2584166,2379,38,697,0.172017,1.98402,3136,-1,ok,0,0,0,0,3135,1
6,29,2992346,1955386,784,12,225,0.081811,0.88652,1173,-1,ok,0,0,0,0,1172,1
6,30,2891864,2043208,1327,22,508,0.134238,1.29699,1674,-1,ok,0,0,0,0,1673,1
6,31,593449,1109625,711,12,188,0.061675,0.580985,984,-1,ok,0,0,0,0,983,1
6,32,2770066,477636,2303,38,728,0.182739,2.13884,2986,-1,ok,0,0,0,0,2985,1
6,33,1568488,2024378,743,13,291,0.100395,0.65398,1038,-1,ok,0,0,0,0,1037,1
6,34,2636861,1355914,1868,29,536,0.144958,0.74114,2533,-1,ok,0,0,0,0,2532,1
6,35,2807379,1728601,1223,19,359,0.108691,0.989351,1678,-1,ok,0,0,0,0,1677,1
6,36,548195,1129534,384,7,81,0.021652,0.609037,659,-1,ok,0,0,0,0,658,1
6,37,1403079,1097550,787,14,398,0.109002,0.828422,1018,-1,ok,0,0,0,0,1017,1
6,38,1098506,2400310,1127,19,428,0.112558,0.887513,1540,-1,ok,0,0,0,0,1539,1
6,39,549302,2763681,1609,26,518,0.171437,2.15049,1878,-1,ok,0,0,0,0,1877,1
6,40,2830387,1329031,990,17,380,0.111295,1.00486,1295,-1,ok,0,0,0,0,1294,1
6,41,2571837,1609971,1200,20,387,0.108971,0.931624,1705,-1,ok,0,0,0,0,1704,1
6,42,2269545,949398,1480,24,546,0.153374,1.02426,2185,-1,ok,0,0,0,0,2184,1
6,43,2386550,2005422,1757,29,674,0.180003,0.860001,2402,-1,ok,0,0,0,0,2401,1
6,44,3228329,1091487,1429,24,463,0.158654,1.37604,1646,-1,ok,0,0,0,0,1645,1
6,45,1252674,2899369,1220,21,221,0.068749,1.24113,1525,-1,ok,0,0,0,0,1524,1
6,46,1245004,2631833,1742,28,763,0.217353,1.47389,2389,-1,ok,0,0,0,0,2388,1
6,47,2746631,1120353,1791,29,473,0.134328,1.37451,2474,-1,ok,0,0,0,0,2473,1
6,48,1545941,1034885,778,14,257,0.089876,0.844994,1073,-1,ok,0,0,0,0,1072,1
6,49,707664,3179843,2152,34,694,0.174242,1.84287,2729,-1,ok,0,0,0,0,2728,1
6,50,2697605,251222,1758,27,692,0.185433,1.68139,2515,-1,ok,0,0,0,0,2514,1
6,51,598957,1160461,516,10,125,0.052187,0.747885,799,-1,ok,0,0,0,0,798,1
6,52,2808838,629110,1283,21,551,0.143014,1.08899,1368,-1,ok,0,0,0,0,1367,1
6,53,2674667,2450469,1734,29,450,0.120984,1.34806,2575,-1,ok,0,0,0,0,2574,1
6,54,902226,2397303,1907,31,693,0.211461,1.24707,2524,-1,ok,0,0,0,0,2523,1
6,55,3160580,2590500,1640,26,429,0.125032,1.39911,1965,-1,ok,0,0,0,0,1964,1
6,56,3063115,1271576,1534,24,463,0.13008,1.0299,2015,-1,ok,0,0,0,0,2014,1
6,57,471188,1449834,1138,17,279,0.087241,1.0108,1629,-1,ok,0,0,0,0,1628,1
6,58,1353978,2059850,918,16,328,0.096128,1.06157,1619,-1,ok,0,0,0,0,1618,1
6,59,2540733,1967844,911,14,380,0.108761,0.609748,1068,-1,ok,0,0,0,0,1067,1
6,60,2700562,1997667,1296,21,470,0.121255,0.829695,1983,-1,ok,0,0,0,0,1982,1
6,61,1637568,2044505,363,6,55,0.01622,0.404949,434,-1,ok,0,0,0,0,433,1
6,62,1801679,2696751,1870,30,667,0.202185,1.44087,2743,-1,ok,0,0,0,0,2742,1
6,63,598957,2906552,1287,21,493,0.139708,1.25943,1332,-1,ok,0,0,0,0,1331,1
6,64,1955372,794087,930,15,381,0.109754,0.903101,1163,-1,ok,0,0,0,0,1162,1
6,65,2039260,2947726,1193,19,342,0.097549,1.04678,2090,-1,ok,0,0,0,0,2089,1
6,66,556924,1599250,705,12,185,0.060982,0.79467,950,-1,ok,0,0,0,0,949,1
6,67,278380,2626389,2296,37,773,0.182497,2.29651,2987,-1,ok,0,0,0,0,2986,1
6,68,2339398,455629,2015,33,792,0.227661,1.62169,2746,-1,ok,0,0,0,0,2745,1
6,69,2397188,1012607,1150,19,495,0.146812,0.84393,1615,-1,ok,0,0,0,0,1614,1
6,70,2467967,715435,1642,27,521,0.144266,1.04032,2147,-1,ok,0,0,0,0,2146,1
6,71,279709,835397,829,14,222,0.070069,0.745339,916,-1,ok,0,0,0,0,915,1
6,72,825921,1088080,805,13,216,0.061995,0.642409,1214,-1,ok,0,0,0,0,1213,1
6,73,2686056,3089348,412,7,75,0.022231,0.500997,501,-1,ok,0,0,0,0,500,1
6,74,935096,1634738,947,16,404,0.104363,0.880699,1454,-1,ok,0,0,0,0,1453,1
6,75,384006,760874,877,14,189,0.057316,0.578611,1094,-1,ok,0,0,0,0,1093,1
6,76,1947155,898061,889,14,313,0.115635,0.939698,1176,-1,ok,0,0,0,0,1175,1
6,77,658137,789793,329,6,36,0.011782,0.236138,552,-1,ok,0,0,0,0,551,1
6,78,363830,2056905,2015,32,595,0.147593,1.40219,2472,-1,ok,0,0,0,0,2471,1
6,79,1761748,2892020,756,13,294,0.098812,0.77248,1009,-1,ok,0,0,0,0,1008,1
6,80,2351211,2029768,1106,18,383,0.139218,0.863377,1601,-1,ok,0,0,0,0,1600,1
6,81,647090,520796,364,6,66,0.026668,0.290187,471,-1,ok,0,0,0,0,470,1
6,82,2202913,1998284,1606,26,616,0.158703,1.1238,2193,-1,ok,0,0,0,0,2192,1
6,83,2307907,2951731,1581,25,579,0.160828,1.10743,1806,-1,ok,0,0,0,0,1805,1
6,84,1871832,591133,1610,26,612,0.168472,1.21791,2175,-1,ok,0,0,0,0,2174,1
6,85,1820468,769068,784,13,326,0.104113,0.798266,1023,-1,ok,0,0,0,0,1022,1
6,86,618657,2879486,1405,21,489,0.12475,1.36919,1926,-1,ok,0,0,0,0,1925,1
6,87,759127,2437547,1913,31,732,0.186446,1.42808,2558,-1,ok,0,0,0,0,2557,1
6,88,2003626,436977,2082,33,754,0.198848,1.82056,2945,-1,ok,0,0,0,0,2944,1
6,89,2088216,2111650,95,1,0,0.000642,0.222611,254,-1,ok,0,0,0,0,253,1
6,90,2481203,2200930,683,11,200,0.078636,0.37274,766,-1,ok,0,0,0,0,765,1
6,91,1827763,2791217,1053,18,531,0.146973,1.13503,1666,-1,ok,0,0,0,0,1665,1
6,92,1980418,1582954,557,10,143,0.051927,0.436348,796,-1,ok,0,0,0,0,795,1
6,93,705039,752842,1000,16,350,0.094335,0.641487,1245,-1,ok,0,0,0,0,1244,1
6,94,1158854,739502,341,6,56,0.015279,0.414858,426,-1,ok,0,0,0,0,425,1
6,95,1350833,836719,972,15,456,0.120122,0.719051,1325,-1,ok,0,0,0,0,1324,1
6,96,1556785,647066,1224,20,464,0.137774,0.800661,1551,-1,ok,0,0,0,0,1550,1
6,97,1944954,1109435,783,13,306,0.116324,0.731453,1028,-1,ok,0,0,0,0,1027,1
6,98,2668191,348531,1839,31,746,0.182508,1.67342,2178,-1,ok,0,0,0,0,2177,1
6,99,476033,1903328,1168,19,418,0.118088,0.999669,1295,-1,ok,0,0,0,0,1294,1
6,100,795218,590026,122,2,6,0.004058,0.13568,157,-1,ok,0,0,0,0,156,1
6,101,763468,1260833,843,14,176,0.068417,0.522015,954,-1,ok,0,0,0,0,953,1
6,102,3155979,534005,2083,33,719,0.175325,1.52779,2658,-1,ok,0,0,0,0,2657,1
6,103,2671843,2035386,1097,18,394,0.118769,0.705364,1678,-1,ok,0,0,0,0,1677,1
6,104,1072087,2077094,1175,20,512,0.1625,1.28608,1804,-1,ok,0,0,0,0,1803,1
6,105,1830266,867972,1628,26,722,0.190392,0.935631,2009,-1,ok,0,0,0,0,2008,1
6,106,2009385,672463,1221,20,592,0.201934,0.932435,1552,-1,ok,0,0,0,0,1551,1
6,107,1277732,1289510,1175,19,377,0.108421,0.511086,1414,-1,ok,0,0,0,0,1413,1
6,108,383929,2086407,1268,21,433,0.116967,1.17528,1555,-1,ok,0,0,0,0,1554,1
6,109,2032078,1699736,1336,22,480,0.1617,0.843751,1991,-1,ok,0,0,0,0,1990,1
6,110,958411,907673,588,11,191,0.087392,0.416229,817,-1,ok,0,0,0,0,816,1
6,111,345881,908168,999,16,171,0.04844,0.743876,1364,-1,ok,0,0,0,0,1363,1
6,112,921927,2826328,1275,19,423,0.11356,1.04583,1420,-1,ok,0,0,0,0,1419,1
6,113,558628,2150100,1156,20,386,0.101938,1.16287,1473,-1,ok,0,0,0,0,1472,1
6,114,732091,2459630,1421,24,574,0.175233,1.55936,1940,-1,ok,0,0,0,0,1939,1
6,115,398823,391093,624,11,138,0.055573,0.693582,1149,-1,ok,0,0,0,0,1148,1
6,116,1510629,2959878,1054,17,422,0.118249,0.981466,1091,-1,ok,0,0,0,0,1090,1
6,117,2096552,3082996,592,9,172,0.054381,0.666543,633,-1,ok,0,0,0,0,632,1
6,118,773297,2535823,1305,22,556,0.143394,1.17263,1614,-1,ok,0,0,0,0,1613,1
6,119,1540653,367496,2008,32,767,0.196693,1.29513,2639,-1,ok,0,0,0,0,2638,1
6,120,457915,1822951,1394,23,497,0.136533,1.06414,1819,-1,ok,0,0,0,0,1818,1
6,121,2144069,523360,2086,32,738,0.186324,1.60817,2857,-1,ok,0,0,0,0,2856,1
6,122,1935902,3090329,1268,20,694,0.213045,1.3829,1691,-1,ok,0,0,0,0,1690,1
6,123,2854140,1596178,937,16,337,0.098882,1.08195,1766,-1,ok,0,0,0,0,1765,1
6,124,1967913,1747145,807,12,254,0.082673,0.40057,994,-1,ok,0,0,0,0,993,1
6,125,2263205,1655305,838,14,325,0.093712,0.760797,1271,-1,ok,0,0,0,0,1270,1
6,126,2506297,1143924,984,17,414,0.114271,1.00773,1395,-1,ok,0,0,0,0,1394,1
6,127,1448472,1364093,562,10,146,0.052095,0.577779,935,-1,ok,0,0,0,0,934,1
6,128,1724010,2154870,1418,23,659,0.175444,0.92982,2011,-1,ok,0,0,0,0,2010,1
6,129,840467,2529952,1656,27,299,0.093643,1.64017,2461,-1,ok,0,0,0,0,2460,1
6,130,1792217,1212610,345,7,84,0.023524,0.470511,604,-1,ok,0,0,0,0,603,1
6,131,1328134,3208212,1967,31,760,0.187326,1.68572,2768,-1,ok,0,0,0,0,2767,1
6,132,2891864,1675347,959,17,351,0.10858,0.680799,1316,-1,ok,0,0,0,0,1315,1
6,133,2410465,2443796,1103,18,321,0.121055,0.525191,1270,-1,ok,0,0,0,0,1269,1
6,134,558433,2250280,1093,18,310,0.086881,1.3435,1428,-1,ok,0,0,0,0,1427,1
6,135,1187532,720690,1013,17,405,0.115885,0.753094,1340,-1,ok,0,0,0,0,1339,1
6,136,2710078,1125700,1258,21,488,0.128817,1.16006,1833,-1,ok,0,0,0,0,1832,1
6,137,342829,2650131,1580,26,589,0.152532,1.67696,2277,-1,ok,0,0,0,0,2276,1
6,138,381156,591400,523,11,113,0.046446,0.671242,1092,-1,ok,0,0,0,0,1091,1
6,139,620591,3052362,1412,22,530,0.141132,1.33157,1635,-1,ok,0,0,0,0,1634,1
6,140,1838465,1180686,1541,24,770,0.199929,1.05824,1928,-1,ok,0,0,0,0,1927,1
6,141,2808277,2315654,851,14,168,0.057997,0.447978,906,-1,ok,0,0,0,0,905,1
6,142,2598310,2422034,222,4,23,0.009358,0.134168,253,-1,ok,0,0,0,0,252,1
6,143,2845436,1668194,730,12,171,0.05415,0.715984,973,-1,ok,0,0,0,0,972,1
6,144,2382918,526772,1377,22,539,0.148013,1.14187,1884,-1,ok,0,0,0,0,1883,1
6,145,1931999,438444,1275,21,663,0.17866,1.10526,1624,-1,ok,0,0,0,0,1623,1
6,146,2679978,515339,2241,36,763,0.195211,1.64533,2724,-1,ok,0,0,0,0,2723,1
6,147,2803019,1915102,1793,29,600,0.16809,1.18334,2586,-1,ok,0,0,0,0,2585,1
6,148,913089,1331566,1323,23,557,0.165315,0.960458,1744,-1,ok,0,0,0,0,1743,1
6,149,634343,2276336,1305,21,449,0.120033,1.03988,1772,-1,ok,0,0,0,0,1771,1
6,150,1481794,3181212,1228,21,509,0.177719,1.30244,1561,-1,ok,0,0,0,0,1560,1
6,151,1474634,422363,1314,22,581,0.157251,1.04485,1533,-1,ok,0,0,0,0,1532,1
6,152,1834575,3226322,1174,20,502,0.134889,0.637059,1447,-1,ok,0,0,0,0,1446,1
6,153,3024705,540222,1863,31,715,0.17776,1.60599,2222,-1,ok,0,0,0,0,2221,1
6,154,3044639,2920559,189,3,10,0.006131,0.272534,380,-1,ok,0,0,0,0,379,1
6,155,1228220,1631674,478,9,116,0.043431,0.433682,707,-1,ok,0,0,0,0,706,1
6,156,1536072,283775,1199,20,668,0.171076,1.50902,1484,-1,ok,0,0,0,0,1483,1
6,157,3193672,1640899,1490,24,438,0.139297,1.28257,2071,-1,ok,0,0,0,0,2070,1
6,158,1364886,1417986,1253,20,492,0.137755,0.798066,1548,-1,ok,0,0,0,0,1547,1
6,159,1323479,1948892,1160,19,476,0.126805,0.520482,1397,-1,ok,0,0,0,0,1396,1
6,160,329635,3138202,2157,35,645,0.1619,1.8449,2510,-1,ok,0,0,0,0,2509,1
6,161,2199138,2165892,958,15,388,0.120932,0.553574,1241,-1,ok,0,0,0,0,1240,1
6,162,2332432,2665491,284,5,38,0.011631,0.355058,359,-1,ok,0,0,0,0,358,1
6,163,2554867,820141,1438,23,597,0.153074,1.24731,1805,-1,ok,0,0,0,0,1804,1
6,164,816636,1589983,1083,17,371,0.107839,0.680709,1294,-1,ok,0,0,0,0,1293,1
6,165,2144577,2486159,628,11,226,0.076592,0.598106,1059,-1,ok,0,0,0,0,1058,1
6,166,2257019,735014,1996,32,725,0.186745,1.684,2647,-1,ok,0,0,0,0,2646,1
6,167,2095650,935010,1005,16,337,0.113431,0.839934,1294,-1,ok,0,0,0,0,1293,1
6,168,312457,989659,778,13,149,0.04875,1.12518,1351,-1,ok,0,0,0,0,1350,1
6,169,2882141,1067685,1170,20,346,0.09729,1.17637,1475,-1,ok,0,0,0,0,1474,1
6,170,1662824,2681105,1085,18,454,0.127445,0.919913,1248,-1,ok,0,0,0,0,1247,1
6,171,1703180,546367,1232,21,514,0.179021,0.848679,1601,-1,ok,0,0,0,0,1600,1
6,172,2090483,588991,1314,20,612,0.167779,1.01746,1559,-1,ok,0,0,0,0,1558,1
6,173,2669970,1153251,1524,25,574,0.153534,1.19,1819,-1,ok,0,0,0,0,1818,1
6,174,2801102,1556461,1651,27,508,0.134748,0.590702,1986,-1,ok,0,0,0,0,1985,1
6,175,2862760,2446461,730,11,174,0.064789,0.497491,851,-1,ok,0,0,0,0,850,1
6,176,1728209,2803901,1739,29,635,0.162191,1.66517,2594,-1,ok,0,0,0,0,2593,1
6,177,330269,1345015,1018,17,292,0.123637,1.00846,1301,-1,ok,0,0,0,0,1300,1
6,178,3017924,2896984,407,7,64,0.019657,0.369072,594,-1,ok,0,0,0,0,593,1
6,179,910292,1126401,229,4,23,0.008867,0.437369,536,-1,ok,0,0,0,0,535,1
6,180,2006593,1670863,1240,22,508,0.133867,0.874829,1789,-1,ok,0,0,0,0,1788,1
6,181,2078347,3155254,1385,22,739,0.191434,1.29932,1996,-1,ok,0,0,0,0,1995,1
6,182,2709648,2878665,277,5,33,0.012463,0.261865,378,-1,ok,0,0,0,0,377,1
6,183,460429,2828556,1989,33,694,0.202213,2.03678,2800,-1,ok,0,0,0,0,2799,1
6,184,909956,1352984,474,9,142,0.060601,0.455864,783,-1,ok,0,0,0,0,782,1
6,185,2598310,614849,1241,20,559,0.179373,0.92983,1472,-1,ok,0,0,0,0,1471,1
6,186,1732162,381072,1507,26,744,0.189381,1.2962,2064,-1,ok,0,0,0,0,2063,1
6,187,2864255,987151,1339,21,433,0.121525,0.862295,1696,-1,ok,0,0,0,0,1695,1
6,188,613280,1998545,1505,25,562,0.156549,1.16519,1828,-1,ok,0,0,0,0,1827,1
6,189,769257,2619619,1324,22,499,0.129319,1.36157,1743,-1,ok,0,0,0,0,1742,1
6,190,1700379,924636,488,8,122,0.04786,0.449642,605,-1,ok,0,0,0,0,604,1
6,191,489236,2011181,1701,27,561,0.144558,0.766769,2304,-1,ok,0,0,0,0,2303,1
6,192,1225462,1170705,1015,16,339,0.105705,0.596074,1226,-1,ok,0,0,0,0,1225,1
6,193,1873151,1744747,675,11,227,0.074197,0.424454,912,-1,ok,0,0,0,0,911,1
6,194,2468599,2302602,643,11,214,0.065701,0.531363,952,-1,ok,0,0,0,0,951,1
6,195,2943977,2062115,628,11,176,0.053358,0.881992,937,-1,ok,0,0,0,0,936,1
6,196,587996,382135,775,13,188,0.055632,0.509313,1078,-1,ok,0,0,0,0,1077,1
6,197,1795388,2559139,975,16,424,0.138295,0.873156,1464,-1,ok,0,0,0,0,1463,1
6,198,430706,1816036,1949,33,676,0.168771,1.73007,2944,-1,ok,0,0,0,0,2943,1
6,199,2709791,743716,1567,26,696,0.231188,1.34014,2094,-1,ok,0,0,0,0,2093,1
6,200,2317486,1682523,790,14,338,0.106306,0.711847,1311,-1,ok,0,0,0,0,1310,1
6,201,848074,2660956,1289,21,406,0.109372,1.00245,1410,-1,ok,0,0,0,0,1409,1
6,202,2051630,2425358,880,16,360,0.103602,0.83743,1581,-1,ok,0,0,0,0,1580,1
6,203,2138232,3170486,1784,29,630,0.169734,1.58222,2693,-1,ok,0,0,0,0,2692,1
6,204,1443071,807450,574,9,120,0.054171,0.539637,753,-1,ok,0,0,0,0,752,1
6,205,1144422,3049691,2080,35,785,0.212523,1.40395,2665,-1,ok,0,0,0,0,2664,1
6,206,377442,2376747,1648,28,579,0.163012,1.63788,2095,-1,ok,0,0,0,0,2094,1
6,207,1401797,2931005,1642,26,719,0.189652,0.799529,2249,-1,ok,0,0,0,0,2248,1
6,208,2488208,1785008,991,16,352,0.109152,0.939528,1270,-1,ok,0,0,0,0,1269,1
6,209,2517430,2632913,587,8,82,0.024214,0.428382,690,-1,ok,0,0,0,0,689,1
6,210,1804529,2670473,625,11,208,0.063658,0.620448,1104,-1,ok,0,0,0,0,1103,1
6,211,792304,2700845,1601,27,570,0.150068,1.39278,2122,-1,ok,0,0,0,0,2121,1
6,212,292558,448522,757,13,157,0.056906,0.812713,1232,-1,ok,0,0,0,0,1231,1
6,213,2987559,1182868,2093,33,708,0.178241,1.47076,2686,-1,ok,0,0,0,0,2685,1
6,214,3031564,1350417,1027,17,250,0.087671,1.1687,1348,-1,ok,0,0,0,0,1347,1
6,215,3155823,373649,2172,35,704,0.176816,1.64471,2689,-1,ok,0,0,0,0,2688,1
6,216,371781,1935939,921,15,290,0.092872,0.922708,1128,-1,ok,0,0,0,0,1127,1
6,217,2855984,2571946,520,9,131,0.044563,0.396243,705,-1,ok,0,0,0,0,704,1
6,218,465556,3102078,1943,31,731,0.174141,1.97923,2376,-1,ok,0,0,0,0,2375,1
6,219,3106562,1461822,2273,36,690,0.18905,1.89288,2860,-1,ok,0,0,0,0,2859,1
6,220,2389443,1100586,779,13,328,0.110426,0.769604,1138,-1,ok,0,0,0,0,1137,1
6,221,1209891,3199598,1812,29,678,0.17307,1.47469,2159,-1,ok,0,0,0,0,2158,1
6,222,1628263,3038908,1441,24,770,0.228442,1.02189,1842,-1,ok,0,0,0,0,1841,1
6,223,996318,538495,877,15,431,0.122197,0.694805,1156,-1,ok,0,0,0,0,1155,1
6,224,2666230,1916875,1680,28,603,0.155618,1.194,2489,-1,ok,0,0,0,0,2488,1
6,225,1214391,1343195,898,14,349,0.109713,0.487642,1041,-1,ok,0,0,0,0,1040,1
6,226,650861,1693026,614,10,184,0.055782,0.596995,715,-1,ok,0,0,0,0,714,1
6,227,1007288,1215730,474,9,141,0.04295,0.479055,801,-1,ok,0,0,0,0,800,1
6,228,2161129,565602,1613,26,776,0.18931,1.17485,1902,-1,ok,0,0,0,0,1901,1
6,229,2785103,1597956,1513,26,573,0.153825,0.893053,2070,-1,ok,0,0,0,0,2069,1
6,230,1392321,355276,821,14,370,0.177598,0.618754,998,-1,ok,0,0,0,0,997,1
6,231,2051789,1806580,591,9,102,0.039353,0.452518,714,-1,ok,0,0,0,0,713,1
6,232,1102446,3057237,1135,20,602,0.154526,1.2268,1658,-1,ok,0,0,0,0,1657,1
6,233,2397085,1013039,923,15,350,0.101668,0.818644,1144,-1,ok,0,0,0,0,1143,1
6,234,1287529,1866275,1267,21,573,0.153444,0.688925,1522,-1,ok,0,0,0,0,1521,1
6,235,1687683,418136,1252,20,662,0.177588,0.798237,1693,-1,ok,0,0,0,0,1692,1
6,236,2722809,932643,2100,33,765,0.192916,1.31453,2791,-1,ok,0,0,0,0,2790,1
6,237,2665523,3047256,1417,22,443,0.135039,1.31343,1724,-1,ok,0,0,0,0,1723,1
6,238,1923409,2905912,843,14,370,0.116656,0.886171,1384,-1,ok,0,0,0,0,1383,1
6,239,875283,1311303,664,12,196,0.059991,0.515604,975,-1,ok,0,0,0,0,974,1
6,240,2918198,639738,1606,26,533,0.142504,1.32275,2061,-1,ok,0,0,0,0,2060,1
6,241,1337751,1159597,145,3,10,0.005431,0.163864,216,-1,ok,0,0,0,0,215,1
6,242,1804529,3222731,986,16,571,0.16803,0.739969,1467,-1,ok,0,0,0,0,1466,1
6,243,2545706,1651771,1162,20,445,0.121323,0.903876,1555,-1,ok,0,0,0,0,1554,1
6,244,807710,2239366,1940,31,745,0.189761,1.40441,2523,-1,ok,0,0,0,0,2522,1
6,245,3201629,632825,1631,26,586,0.162973,1.56625,1950,-1,ok,0,0,0,0,1949,1
6,246,2019093,3174345,1036,17,463,0.132376,0.970855,1459,-1,ok,0,0,0,0,1458,1
6,247,2955346,1703765,1276,21,325,0.104753,0.925893,1649,-1,ok,0,0,0,0,1648,1
6,248,541380,1361733,957,15,232,0.070369,0.904213,1436,-1,ok,0,0,0,0,1435,1
6,249,3113781,786831,2642,43,781,0.256024,1.52793,3183,-1,ok,0,0,0,0,3182,1
6,250,726020,696308,1081,17,354,0.110855,0.621951,1288,-1,ok,0,0,0,0,1287,1
6,251,553589,2992564,1414,22,543,0.141242,1.25701,1617,-1,ok,0,0,0,0,1616,1
6,252,1843611,2188440,1312,21,487,0.140009,0.975085,2015,-1,ok,0,0,0,0,2014,1
6,253,334027,2354825,1725,29,613,0.159837,1.62435,2354,-1,ok,0,0,0,0,2353,1
6,254,2138232,528223,1703,28,620,0.17328,1.43796,2272,-1,ok,0,0,0,0,2271,1
6,255,2920261,1514740,1066,17,350,0.114682,0.967459,1515,-1,ok,0,0,0,0,1514,1
6,256,1963166,1687516,403,8,119,0.044493,0.583819,612,-1,ok,0,0,0,0,611,1
6,257,610635,2538272,1234,20,413,0.106708,1.25556,1609,-1,ok,0,0,0,0,1608,1
6,258,2978886,649484,1616,26,311,0.09206,1.37569,1953,-1,ok,0,0,0,0,1952,1
6,259,769160,1514768,962,17,284,0.086679,0.661004,1187,-1,ok,0,0,0,0,1186,1
6,260,3115044,1697807,1444,24,488,0.12402,1.22069,2107,-1,ok,0,0,0,0,2106,1
6,261,1835879,2014773,1360,25,469,0.132937,0.994639,2215,-1,ok,0,0,0,0,2214,1
6,262,1550309,1217369,267,5,44,0.013765,0.409799,604,-1,ok,0,0,0,0,603,1
6,263,1455274,2689959,801,14,418,0.1133,0.896168,1232,-1,ok,0,0,0,0,1231,1
6,264,1863586,2791354,1283,21,623,0.166058,0.827741,1700,-1,ok,0,0,0,0,1699,1
6,265,1878699,2430675,931,16,422,0.120503,0.686942,1362,-1,ok,0,0,0,0,1361,1
6,266,1109092,2589721,1865,30,659,0.16729,0.922728,2516,-1,ok,0,0,0,0,2515,1
6,267,2786859,1809984,1068,18,335,0.102349,0.721805,1273,-1,ok,0,0,0,0,1272,1
6,268,2948186,2866807,424,8,52,0.017021,0.379722,647,-1,ok,0,0,0,0,646,1
6,269,837275,3217710,2157,34,705,0.219896,1.43597,2594,-1,ok,0,0,0,0,2593,1
6,270,1633134,3007164,1393,23,639,0.181225,0.543145,1816,-1,ok,0,0,0,0,1815,1
6,271,3177553,363823,1951,30,637,0.16692,1.7647,2186,-1,ok,0,0,0,0,2185,1
6,272,1545611,2173818,374,7,82,0.023222,0.463268,533,-1,ok,0,0,0,0,532,1
6,273,2234670,1030403,742,13,338,0.106166,0.812435,1185,-1,ok,0,0,0,0,1184,1
6,274,1061263,517752,391,8,114,0.039612,0.476681,550,-1,ok,0,0,0,0,549,1
6,275,2611184,1093057,1834,29,674,0.167831,1.28122,2525,-1,ok,0,0,0,0,2524,1
6,276,1860944,3238002,887,14,281,0.116456,0.906326,1088,-1,ok,0,0,0,0,1087,1
6,277,2169703,1399028,791,13,268,0.118278,0.511727,1240,-1,ok,0,0,0,0,1239,1
6,278,1948620,2128617,131,3,11,0.00487,0.260401,358,-1,ok,0,0,0,0,357,1
6,279,2566018,882646,1597,25,696,0.191264,1.12083,1806,-1,ok,0,0,0,0,1805,1
6,280,929280,999352,167,3,12,0.005078,0.104864,240,-1,ok,0,0,0,0,239,1
6,281,924154,2537686,1628,27,716,0.182969,0.954676,2049,-1,ok,0,0,0,0,2048,1
6,282,2000652,1137046,874,15,423,0.128097,0.666393,1007,-1,ok,0,0,0,0,1006,1
6,283,2582565,607763,1299,21,533,0.142504,1.25079,1862,-1,ok,0,0,0,0,1861,1
6,284,3245185,785165,2684,44,768,0.241647,2.01009,3473,-1,ok,0,0,0,0,3472,1
6,285,1231498,2364091,1022,17,302,0.104492,1.00529,1529,-1,ok,0,0,0,0,1528,1
6,286,1066192,1226502,199,3,11,0.00493,0.214807,264,-1,ok,0,0,0,0,263,1
6,287,1869193,2052669,328,6,55,0.01702,0.467034,737,-1,ok,0,0,0,0,736,1
6,288,2994814,3098447,829,14,210,0.063057,0.799329,1240,-1,ok,0,0,0,0,1239,1
6,289,1797269,848583,613,10,187,0.061765,0.559385,942,-1,ok,0,0,0,0,941,1
6,290,1214793,1750358,1135,19,406,0.111777,0.783078,1504,-1,ok,0,0,0,0,1503,1
6,291,2831898,2102650,653,11,160,0.054221,0.726692,968,-1,ok,0,0,0,0,967,1
6,292,2244867,2707981,771,13,200,0.05923,0.505143,892,-1,ok,0,0,0,0,891,1
6,293,1073058,1365640,1214,18,360,0.105165,0.566367,1311,-1,ok,0,0,0,0,1310,1
6,294,2216425,1540683,1508,24,668,0.230777,1.24715,2375,-1,ok,0,0,0,0,2374,1
6,295,2060741,2215164,463,9,90,0.025927,0.473837,892,-1,ok,0,0,0,0,891,1
6,296,1441555,704228,1628,27,710,0.2429,1.09945,1945,-1,ok,0,0,0,0,1944,1
6,297,2513611,686770,1174,20,576,0.161339,1.05568,1529,-1,ok,0,0,0,0,1528,1
6,298,1306030,2886412,938,16,520,0.151271,0.904322,1165,-1,ok,0,0,0,0,1164,1
6,299,404356,1929489,1380,22,397,0.105484,1.39843,1775,-1,ok,0,0,0,0,1774,1
8,0,2654607,497695,1710,7,81,0.033843,1.6266,2645,-1,ok,0,0,0,0,2644,1
8,1,2221473,1571062,1589,6,54,0.014716,1.86936,3260,-1,ok,0,0,0,0,3259,1
8,2,641811,2589149,1344,6,60,0.014598,1.92819,3417,-1,ok,0,0,0,0,3416,1
8,3,2250714,2339143,278,3,14,0.006202,0.657898,1557,-1,ok,0,0,0,0,1556,1
8,4,2536396,353659,1876,9,71,0.0164,2.49053,2917,-1,ok,0,0,0,0,2916,1
8,5,916591,1430479,1191,6,40,0.011171,1.19803,2274,-1,ok,0,0,0,0,2273,1
8,6,500826,2935247,2173,9,77,0.015228,2.11104,4046,-1,ok,0,0,0,0,4045,1
8,7,2429283,2288496,465,4,30,0.009789,1.10617,2152,-1,ok,0,0,0,0,2151,1
8,8,502542,1287255,645,3,11,0.004489,0.393819,928,-1,ok,0,0,0,0,927,1
8,9,2726054,800471,1487,6,75,0.017422,1.5842,2352,-1,ok,0,0,0,0,2351,1
8,10,3031784,709412,1662,8,61,0.014356,1.79136,2663,-1,ok,0,0,0,0,2662,1
8,11,813038,2649998,1861,8,77,0.017191,1.88665,3446,-1,ok,0,0,0,0,3445,1
8,12,2906523,1340129,1264,7,67,0.016211,1.67362,2663,-1,ok,0,0,0,0,2662,1
8,13,2198005,2773306,1504,8,78,0.017772,1.96123,3343,-1,ok,0,0,0,0,3342,1
8,14,1009630,2195480,1009,4,20,0.006413,1.16628,1460,-1,ok,0,0,0,0,1459,1
8,15,2077961,2827531,1186,6,76,0.017993,1.44302,3711,-1,ok,0,0,0,0,3710,1
8,16,1553701,2469994,602,3,19,0.005651,0.833603,1337,-1,ok,0,0,0,0,1336,1
8,17,2490161,384400,1409,7,75,0.01686,1.99554,3280,-1,ok,0,0,0,0,3279,1
8,18,2599025,2034587,1669,6,38,0.011421,1.52089,2526,-1,ok,0,0,0,0,2525,1
8,19,1181060,2927824,1734,8,77,0.017212,1.58034,3711,-1,ok,0,0,0,0,3710,1
8,20,645781,614849,395,2,8,0.004337,0.497991,570,-1,ok,0,0,0,0,569,1
8,21,2468056,2256643,1145,5,44,0.011501,1.07285,2330,-1,ok,0,0,0,0,2329,1
8,22,251497,3219170,2176,9,84,0.018244,3.03695,3457,-1,ok,0,0,0,0,3456,1
8,23,569297,2803754,1948,9,77,0.016782,1.71236,3989,-1,ok,0,0,0,0,3988,1
8,24,2520461,1501553,674,3,17,0.005219,0.887711,1461,-1,ok,0,0,0,0,1460,1
8,25,2003860,731758,1205,6,49,0.011673,1.31507,2744,-1,ok,0,0,0,0,2743,1
8,26,613334,2557422,1168,5,35,0.009587,1.37213,1737,-1,ok,0,0,0,0,1736,1
8,27,387537,2005469,1167,6,34,0.009778,1.4492,2330,-1,ok,0,0,0,0,2329,1
8,28,344125,2584166,2379,11,86,0.018706,2.03167,3994,-1,ok,0,0,0,0,3993,1
8,29,2992346,1955386,784,3,11,0.00487,1.23646,1957,-1,ok,0,0,0,0,1956,1
8,30,2891864,2043208,1327,7,58,0.014688,1.40891,2648,-1,ok,0,0,0,0,2647,1
8,31,593449,1109625,711,3,14,0.005009,0.62202,986,-1,ok,0,0,0,0,985,1
8,32,2770066,477636,2303,10,70,0.037971,2.22569,3970,-1,ok,0,0,0,0,3969,1
8,33,1568488,2024378,743,4,40,0.01082,1.15459,2062,-1,ok,0,0,0,0,2061,1
8,34,2636861,1355914,1868,8,63,0.014878,0.833791,3005,-1,ok,0,0,0,0,3004,1
8,35,2807379,1728601,1223,6,51,0.013254,1.54886,3116,-1,ok,0,0,0,0,3115,1
8,36,548195,1129534,384,2,5,0.003506,0.615349,927,-1,ok,0,0,0,0,926,1
8,37,1403079,1097550,787,4,46,0.013015,0.884515,1532,-1,ok,0,0,0,0,1531,1
8,38,1098506,2400310,1127,6,55,0.013356,1.14037,1862,-1,ok,0,0,0,0,1861,1
8,39,549302,2763681,1609,6,42,0.011291,1.59752,2276,-1,ok,0,0,0,0,2275,1
8,40,2830387,1329031,990,6,42,0.011342,1.03584,1709,-1,ok,0,0,0,0,1708,1
8,41,2571837,1609971,1200,5,36,0.01019,0.90822,1697,-1,ok,0,0,0,0,1696,1
8,42,2269545,949398,1480,6,55,0.014677,1.12323,2511,-1,ok,0,0,0,0,2510,1
8,43,2386550,2005422,1757,8,79,0.018675,1.21307,2462,-1,ok,0,0,0,0,2461,1
8,44,3228329,1091487,1429,7,44,0.01115,1.21021,2306,-1,ok,0,0,0,0,2305,1
8,45,1252674,2899369,1220,6,26,0.008625,1.89994,2463,-1,ok,0,0,0,0,2462,1
8,46,1245004,2631833,1742,8,85,0.018514,2.09707,3399,-1,ok,0,0,0,0,3398,1
8,47,2746631,1120353,1791,8,57,0.014356,1.34951,3336,-1,ok,0,0,0,0,3335,1
8,48,1545941,1034885,778,4,26,0.008676,0.911948,1353,-1,ok,0,0,0,0,1352,1
8,49,707664,3179843,2152,9,77,0.016721,2.44545,3827,-1,ok,0,0,0,0,3826,1
8,50,2697605,251222,1758,9,82,0.018264,1.95789,2865,-1,ok,0,0,0,0,2864,1
8,51,598957,1160461,516,3,11,0.024085,0.880078,1583,-1,ok,0,0,0,0,1582,1
8,52,2808838,629110,1283,6,57,0.015248,1.38275,2046,-1,ok,0,0,0,0,2045,1
8,53,2674667,2450469,1734,7,55,0.013475,1.54343,3037,-1,ok,0,0,0,0,3036,1
8,54,902226,2397303,1907,9,76,0.01638,1.6708,2984,-1,ok,0,0,0,0,2983,1
8,55,3160580,2590500,1640,7,48,0.013095,1.509,2521,-1,ok,0,0,0,0,2520,1
8,56,3063115,1271576,1534,7,67,0.016019,1.38239,2557,-1,ok,0,0,0,0,2556,1
8,57,471188,1449834,1138,5,32,0.009087,1.16445,2291,-1,ok,0,0,0,0,2290,1
8,58,1353978,2059850,918,4,30,0.008146,1.5053,2445,-1,ok,0,0,0,0,2444,1
8,59,2540733,1967844,911,4,40,0.011031,0.940539,1930,-1,ok,0,0,0,0,1929,1
8,60,2700562,1997667,1296,5,54,0.012844,1.19202,2737,-1,ok,0,0,0,0,2736,1
8,61,1637568,2044505,363,2,4,0.002304,0.726052,1470,-1,ok,0,0,0,0,1469,1
8,62,1801679,2696751,1870,8,69,0.017102,1.70535,4097,-1,ok,0,0,0,0,4096,1
8,63,598957,2906552,1287,6,55,0.014025,1.31706,1968,-1,ok,0,0,0,0,1967,1
8,64,1955372,794087,930,5,43,0.012172,0.995583,1419,-1,ok,0,0,0,0,1418,1
8,65,2039260,2947726,1193,5,32,0.009358,1.05234,2484,-1,ok,0,0,0,0,2483,1
8,66,556924,1599250,705,4,21,0.006582,1.12831,1894,-1,ok,0,0,0,0,1893,1
8,67,278380,2626389,2296,10,76,0.01654,2.00572,3337,-1,ok,0,0,0,0,3336,1
8,68,2339398,455629,2015,10,96,0.019798,1.49381,2698,-1,ok,0,0,0,0,2697,1
8,69,2397188,1012607,1150,6,65,0.015069,0.960717,2163,-1,ok,0,0,0,0,2162,1
8,70,2467967,715435,1642,8,65,0.015078,1.3565,2729,-1,ok,0,0,0,0,2728,1
8,71,279709,835397,829,4,21,0.007133,0.498432,984,-1,ok,0,0,0,0,983,1
8,72,825921,1088080,805,4,22,0.007364,1.32665,2250,-1,ok,0,0,0,0,2249,1
8,73,2686056,3089348,412,3,18,0.00543,1.03612,1661,-1,ok,0,0,0,0,1660,1
8,74,935096,1634738,947,4,35,0.01092,0.780205,1814,-1,ok,0,0,0,0,1813,1
8,75,384006,760874,877,4,20,0.005971,0.894925,1490,-1,ok,0,0,0,0,1489,1
8,76,1947155,898061,889,5,32,0.010931,0.986395,1522,-1,ok,0,0,0,0,1521,1
8,77,658137,789793,329,2,4,0.002706,0.386615,808,-1,ok,0,0,0,0,807,1
8,78,363830,2056905,2015,10,69,0.015438,1.33445,2374,-1,ok,0,0,0,0,2373,1
8,79,1761748,2892020,756,5,41,0.011242,1.36592,2281,-1,ok,0,0,0,0,2280,1
8,80,2351211,2029768,1106,5,44,0.01091,1.00481,2047,-1,ok,0,0,0,0,2046,1
8,81,647090,520796,364,2,3,0.002294,0.306677,619,-1,ok,0,0,0,0,618,1
8,82,2202913,1998284,1606,7,71,0.018214,1.79109,2983,-1,ok,0,0,0,0,2982,1
8,83,2307907,2951731,1581,6,59,0.014477,1.86302,2878,-1,ok,0,0,0,0,2877,1
8,84,1871832,591133,1610,8,70,0.017672,1.88547,3469,-1,ok,0,0,0,0,3468,1
8,85,1820468,769068,784,4,30,0.009588,1.2804,1943,-1,ok,0,0,0,0,1942,1
8,86,618657,2879486,1405,7,75,0.01669,1.92042,2446,-1,ok,0,0,0,0,2445,1
8,87,759127,2437547,1913,9,86,0.018845,2.14224,3648,-1,ok,0,0,0,0,3647,1
8,88,2003626,436977,2082,10,87,0.019087,1.7962,3285,-1,ok,0,0,0,0,3284,1
8,89,2088216,2111650,95,1,0,0.000351,0.159676,254,-1,ok,0,0,0,0,253,1
8,90,2481203,2200930,683,4,32,0.040795,0.671984,1350,-1,ok,0,0,0,0,1349,1
8,91,1827763,2791217,1053,6,71,0.016851,2.04975,3874,-1,ok,0,0,0,0,3873,1
8,92,1980418,1582954,557,3,9,0.004448,1.1299,1828,-1,ok,0,0,0,0,1827,1
8,93,705039,752842,1000,4,30,0.008416,0.746181,1545,-1,ok,0,0,0,0,1544,1
8,94,1158854,739502,341,2,5,0.003577,0.918018,1376,-1,ok,0,0,0,0,1375,1
8,95,1350833,836719,972,4,28,0.008937,1.13266,2433,-1,ok,0,0,0,0,2432,1
8,96,1556785,647066,1224,6,47,0.012071,1.15147,2003,-1,ok,0,0,0,0,2002,1
8,97,1944954,1109435,783,4,14,0.005962,0.842017,1356,-1,ok,0,0,0,0,1355,1
8,98,2668191,348531,1839,8,84,0.018143,1.97148,3836,-1,ok,0,0,0,0,3835,1
8,99,476033,1903328,1168,5,50,0.013134,1.41242,3079,-1,ok,0,0,0,0,3078,1
8,100,795218,590026,122,1,0,0.000641,0.231788,285,-1,ok,0,0,0,0,284,1
8,101,763468,1260833,843,4,28,0.007684,0.771847,1490,-1,ok,0,0,0,0,1489,1
8,102,3155979,534005,2083,8,79,0.017663,1.92133,2842,-1,ok,0,0,0,0,2841,1
8,103,2671843,2035386,1097,5,54,0.013244,0.830146,2034,-1,ok,0,0,0,0,2033,1
8,104,1072087,2077094,1175,5,45,0.011242,1.4687,2460,-1,ok,0,0,0,0,2459,1
8,105,1830266,867972,1628,7,82,0.018284,10.4074,3081,-1,ok,0,0,0,0,3080,1
8,106,2009385,672463,1221,6,79,0.019646,1.3546,1796,-1,ok,0,0,0,0,1795,1
8,107,1277732,1289510,1175,4,29,0.008947,1.1739,2002,-1,ok,0,0,0,0,2001,1
8,108,383929,2086407,1268,7,48,0.012013,1.92081,2529,-1,ok,0,0,0,0,2528,1
8,109,2032078,1699736,1336,6,56,0.014897,1.88369,2721,-1,ok,0,0,0,0,2720,1
8,110,958411,907673,588,4,37,0.01109,0.791575,1561,-1,ok,0,0,0,0,1560,1
8,111,345881,908168,999,4,16,0.00521,1.00586,1676,-1,ok,0,0,0,0,1675,1
8,112,921927,2826328,1275,5,47,0.012102,1.49059,2362,-1,ok,0,0,0,0,2361,1
8,113,558628,2150100,1156,5,33,0.010459,1.3819,2175,-1,ok,0,0,0,0,2174,1
8,114,732091,2459630,1421,7,65,0.015458,1.72199,2346,-1,ok,0,0,0,0,2345,1
8,115,398823,391093,624,5,27,0.008676,0.950989,1987,-1,ok,0,0,0,0,1986,1
8,116,1510629,2959878,1054,5,45,0.011543,1.75404,3233,-1,ok,0,0,0,0,3232,1
8,117,2096552,3082996,592,3,16,0.006171,1.2134,1217,-1,ok,0,0,0,0,1216,1
8,118,773297,2535823,1305,6,55,0.013655,1.61102,2226,-1,ok,0,0,0,0,2225,1
8,119,1540653,367496,2008,9,88,0.019765,2.02485,4045,-1,ok,0,0,0,0,4044,1
8,120,457915,1822951,1394,7,54,0.014566,1.27923,1949,-1,ok,0,0,0,0,1948,1
8,121,2144069,523360,2086,8,80,0.017943,2.21007,3595,-1,ok,0,0,0,0,3594,1
8,122,1935902,3090329,1268,5,67,0.017321,1.11374,2031,-1,ok,0,0,0,0,2030,1
8,123,2854140,1596178,937,5,35,0.009868,1.27177,2048,-1,ok,0,0,0,0,2047,1
8,124,1967913,1747145,807,4,33,0.009868,0.749166,1638,-1,ok,0,0,0,0,1637,1
8,125,2263205,1655305,838,4,39,0.01095,0.828843,1661,-1,ok,0,0,0,0,1660,1
8,126,2506297,1143924,984,5,56,0.013986,1.01674,1937,-1,ok,0,0,0,0,1936,1
8,127,1448472,1364093,562,3,17,0.006642,0.989721,1697,-1,ok,0,0,0,0,1696,1
8,128,1724010,2154870,1418,6,59,0.015539,1.59501,3225,-1,ok,0,0,0,0,3224,1
8,129,840467,2529952,1656,8,34,0.012373,1.85974,2669,-1,ok,0,0,0,0,2668,1
8,130,1792217,1212610,345,2,4,0.003266,0.656994,1274,-1,ok,0,0,0,0,1273,1
8,131,1328134,3208212,1967,8,89,0.020407,2.30979,3704,-1,ok,0,0,0,0,3703,1
8,132,2891864,1675347,959,5,35,0.010269,0.992346,1964,-1,ok,0,0,0,0,1963,1
8,133,2410465,2443796,1103,4,31,0.009236,0.823614,1594,-1,ok,0,0,0,0,1593,1
8,134,558433,2250280,1093,4,25,0.007804,1.48328,1916,-1,ok,0,0,0,0,1915,1
8,135,1187532,720690,1013,5,41,0.010088,1.00696,1798,-1,ok,0,0,0,0,1797,1
8,136,2710078,1125700,1258,6,53,0.014166,1.52649,2309,-1,ok,0,0,0,0,2308,1
8,137,342829,2650131,1580,7,61,0.014236,2.10276,3379,-1,ok,0,0,0,0,3378,1
8,138,381156,591400,523,4,17,0.00595,0.863568,1268,-1,ok,0,0,0,0,1267,1
8,139,620591,3052362,1412,6,55,0.014075,1.66234,2271,-1,ok,0,0,0,0,2270,1
8,140,1838465,1180686,1541,8,91,0.019655,2.14158,3768,-1,ok,0,0,0,0,3767,1
8,141,2808277,2315654,851,4,22,0.006782,0.628122,1376,-1,ok,0,0,0,0,1375,1
8,142,2598310,2422034,222,2,2,0.001843,0.358673,647,-1,ok,0,0,0,0,646,1
8,143,2845436,1668194,730,4,22,0.007383,0.952583,1619,-1,ok,0,0,0,0,1618,1
8,144,2382918,526772,1377,6,67,0.01645,1.11393,2192,-1,ok,0,0,0,0,2191,1
8,145,1931999,438444,1275,7,83,0.019005,0.923988,1740,-1,ok,0,0,0,0,1739,1
8,146,2679978,515339,2241,9,80,0.021229,1.70549,3232,-1,ok,0,0,0,0,3231,1
8,147,2803019,1915102,1793,8,71,0.016671,1.34073,3410,-1,ok,0,0,0,0,3409,1
8,148,913089,1331566,1323,6,58,0.013676,1.44101,2568,-1,ok,0,0,0,0,2567,1
8,149,634343,2276336,1305,6,50,0.012132,1.34979,2870,-1,ok,0,0,0,0,2869,1
8,150,1481794,3181212,1228,5,47,0.011763,1.77541,2431,-1,ok,0,0,0,0,2430,1
8,151,1474634,422363,1314,7,61,0.015479,1.35572,2625,-1,ok,0,0,0,0,2624,1
8,152,1834575,3226322,1174,6,49,0.010049,1.15807,2887,-1,ok,0,0,0,0,2886,1
8,153,3024705,540222,1863,8,61,0.014788,1.59409,2696,-1,ok,0,0,0,0,2695,1
8,154,3044639,2920559,189,1,0,0.000602,0.597555,856,-1,ok,0,0,0,0,855,1
8,155,1228220,1631674,478,3,6,0.005652,0.56216,959,-1,ok,0,0,0,0,958,1
8,156,1536072,283775,1199,6,66,0.01625,1.50057,2996,-1,ok,0,0,0,0,2995,1
8,157,3193672,1640899,1490,7,57,0.013655,2.06598,3231,-1,ok,0,0,0,0,3230,1
8,158,1364886,1417986,1253,6,56,0.034986,1.16911,2686,-1,ok,0,0,0,0,2685,1
8,159,1323479,1948892,1160,7,69,0.013554,0.840945,2265,-1,ok,0,0,0,0,2264,1
8,160,329635,3138202,2157,10,71,0.016001,2.0637,3306,-1,ok,0,0,0,0,3305,1
8,161,2199138,2165892,958,5,41,0.012072,0.731203,1463,-1,ok,0,0,0,0,1462,1
8,162,2332432,2665491,284,1,0,0.000571,0.305796,323,-1,ok,0,0,0,0,322,1
8,163,2554867,820141,1438,7,80,0.020729,1.55254,2639,-1,ok,0,0,0,0,2638,1
8,164,816636,1589983,1083,5,45,0.011321,1.25267,2362,-1,ok,0,0,0,0,2361,1
8,165,2144577,2486159,628,4,30,0.011753,0.779621,1597,-1,ok,0,0,0,0,1596,1
8,166,2257019,735014,1996,8,70,0.017623,2.04722,3751,-1,ok,0,0,0,0,3750,1
8,167,2095650,935010,1005,5,42,0.011852,1.14849,2240,-1,ok,0,0,0,0,2239,1
8,168,312457,989659,778,4,13,0.004649,1.03556,1529,-1,ok,0,0,0,0,1528,1
8,169,2882141,1067685,1170,5,38,0.010369,1.54878,2685,-1,ok,0,0,0,0,2684,1
8,170,1662824,2681105,1085,5,45,0.012732,1.23425,1800,-1,ok,0,0,0,0,1799,1
8,171,1703180,546367,1232,5,42,0.01101,0.795983,2017,-1,ok,0,0,0,0,2016,1
8,172,2090483,588991,1314,5,43,0.012073,1.13441,1917,-1,ok,0,0,0,0,1916,1
8,173,2669970,1153251,1524,6,68,0.01591,1.53583,2823,-1,ok,0,0,0,0,2822,1
8,174,2801102,1556461,1651,7,57,0.013956,1.60008,3150,-1,ok,0,0,0,0,3149,1
8,175,2862760,2446461,730,3,10,0.004728,0.697742,1489,-1,ok,0,0,0,0,1488,1
8,176,1728209,2803901,1739,9,86,0.018503,2.2052,3272,-1,ok,0,0,0,0,3271,1
8,177,330269,1345015,1018,5,19,0.006822,1.05925,1597,-1,ok,0,0,0,0,1596,1
8,178,3017924,2896984,407,2,9,0.003136,0.508982,946,-1,ok,0,0,0,0,945,1
8,179,910292,1126401,229,2,6,0.002605,0.720664,920,-1,ok,0,0,0,0,919,1
8,180,2006593,1670863,1240,6,65,0.015879,1.85154,3327,-1,ok,0,0,0,0,3326,1
8,181,2078347,3155254,1385,5,55,0.015027,1.71561,2302,-1,ok,0,0,0,0,2301,1
8,182,2709648,2878665,277,3,8,0.005218,0.874186,1830,-1,ok,0,0,0,0,1829,1
8,183,460429,2828556,1989,10,90,0.019375,2.67448,4586,-1,ok,0,0,0,0,4585,1
8,184,909956,1352984,474,3,12,0.005481,1.0968,1565,-1,ok,0,0,0,0,1564,1
8,185,2598310,614849,1241,6,75,0.017732,1.16427,1864,-1,ok,0,0,0,0,1863,1
8,186,1732162,381072,1507,6,66,0.015649,1.90432,2810,-1,ok,0,0,0,0,2809,1
8,187,2864255,987151,1339,6,45,0.011441,1.40366,2906,-1,ok,0,0,0,0,2905,1
8,188,613280,1998545,1505,7,64,0.014989,1.09232,2216,-1,ok,0,0,0,0,2215,1
8,189,769257,2619619,1324,5,53,0.013906,1.51814,2901,-1,ok,0,0,0,0,2900,1
8,190,1700379,924636,488,2,4,0.002665,0.554015,1051,-1,ok,0,0,0,0,1050,1
8,191,489236,2011181,1701,7,64,0.013886,0.922587,2754,-1,ok,0,0,0,0,2753,1
8,192,1225462,1170705,1015,4,29,0.008416,0.76768,1832,-1,ok,0,0,0,0,1831,1
8,193,1873151,1744747,675,4,36,0.010369,0.696137,1632,-1,ok,0,0,0,0,1631,1
8,194,2468599,2302602,643,4,40,0.01092,0.993568,1832,-1,ok,0,0,0,0,1831,1
8,195,2943977,2062115,628,4,29,0.008325,1.21613,1829,-1,ok,0,0,0,0,1828,1
8,196,587996,382135,775,4,24,0.007053,0.663378,1288,-1,ok,0,0,0,0,1287,1
8,197,1795388,2559139,975,5,61,0.016179,0.961278,1804,-1,ok,0,0,0,0,1803,1
8,198,430706,1816036,1949,11,87,0.018075,2.25145,4880,-1,ok,0,0,0,0,4879,1
8,199,2709791,743716,1567,7,76,0.017643,1.10633,2136,-1,ok,0,0,0,0,2135,1
8,200,2317486,1682523,790,5,50,0.01111,0.921035,1591,-1,ok,0,0,0,0,1590,1
8,201,848074,2660956,1289,6,42,0.011511,1.42412,2448,-1,ok,0,0,0,0,2447,1
8,202,2051630,2425358,880,5,52,0.013785,0.825126,2329,-1,ok,0,0,0,0,2328,1
8,203,2138232,3170486,1784,7,66,0.016109,2.06342,3845,-1,ok,0,0,0,0,3844,1
8,204,1443071,807450,574,3,14,0.005831,0.993599,1289,-1,ok,0,0,0,0,1288,1
8,205,1144422,3049691,2080,9,94,0.019325,2.71353,4295,-1,ok,0,0,0,0,4294,1
8,206,377442,2376747,1648,8,69,0.015859,1.84029,3475,-1,ok,0,0,0,0,3474,1
8,207,1401797,2931005,1642,7,86,0.019285,1.26816,2587,-1,ok,0,0,0,0,2586,1
8,208,2488208,1785008,991,5,55,0.018775,1.11737,2000,-1,ok,0,0,0,0,1999,1
8,209,2517430,2632913,587,2,2,0.001843,0.465842,688,-1,ok,0,0,0,0,687,1
8,210,1804529,2670473,625,4,41,0.011752,1.19427,1894,-1,ok,0,0,0,0,1893,1
8,211,792304,2700845,1601,7,60,0.013905,1.37935,2164,-1,ok,0,0,0,0,2163,1
8,212,292558,448522,757,5,27,0.008606,0.90822,1728,-1,ok,0,0,0,0,1727,1
8,213,2987559,1182868,2093,9,79,0.017022,1.64078,3102,-1,ok,0,0,0,0,3101,1
8,214,3031564,1350417,1027,5,38,0.009947,1.61455,2662,-1,ok,0,0,0,0,2661,1
8,215,3155823,373649,2172,10,82,0.016291,1.16607,3495,-1,ok,0,0,0,0,3494,1
8,216,371781,1935939,921,5,44,0.010118,1.22097,1874,-1,ok,0,0,0,0,1873,1
8,217,2855984,2571946,520,4,21,0.006442,0.933908,1641,-1,ok,0,0,0,0,1640,1
8,218,465556,3102078,1943,8,87,0.018344,1.99138,3018,-1,ok,0,0,0,0,3017,1
8,219,3106562,1461822,2273,10,85,0.018185,1.83801,3448,-1,ok,0,0,0,0,3447,1
8,220,2389443,1100586,779,4,38,0.01093,0.74553,1204,-1,ok,0,0,0,0,1203,1
8,221,1209891,3199598,1812,7,71,0.01593,2.09258,3855,-1,ok,0,0,0,0,3854,1
8,222,1628263,3038908,1441,7,89,0.019426,1.87039,3414,-1,ok,0,0,0,0,3413,1
8,223,996318,538495,877,4,37,0.010589,0.784212,1306,-1,ok,0,0,0,0,1305,1
8,224,2666230,1916875,1680,7,72,0.01634,1.67233,3321,-1,ok,0,0,0,0,3320,1
8,225,1214391,1343195,898,4,29,0.008586,1.05021,1991,-1,ok,0,0,0,0,1990,1
8,226,650861,1693026,614,3,16,0.005439,0.823043,843,-1,ok,0,0,0,0,842,1
8,227,1007288,1215730,474,3,15,0.004998,0.437059,1391,-1,ok,0,0,0,0,1390,1
8,228,2161129,565602,1613,7,90,0.020006,1.23839,2184,-1,ok,0,0,0,0,2183,1
8,229,2785103,1597956,1513,8,69,0.015709,2.40185,4020,-1,ok,0,0,0,0,4019,1
8,230,1392321,355276,821,5,39,0.011522,1.09186,2084,-1,ok,0,0,0,0,2083,1
8,231,2051789,1806580,591,4,17,0.006131,1.18653,2024,-1,ok,0,0,0,0,2023,1
8,232,1102446,3057237,1135,5,61,0.014899,1.38258,1788,-1,ok,0,0,0,0,1787,1
8,233,2397085,1013039,923,4,29,0.008595,0.798327,1246,-1,ok,0,0,0,0,1245,1
8,234,1287529,1866275,1267,6,57,0.014377,0.877864,2110,-1,ok,0,0,0,0,2109,1
8,235,1687683,418136,1252,6,62,0.01643,0.961429,2505,-1,ok,0,0,0,0,2504,1
8,236,2722809,932643,2100,10,88,0.018434,1.07235,2661,-1,ok,0,0,0,0,2660,1
8,237,2665523,3047256,1417,5,40,0.010519,1.35849,2482,-1,ok,0,0,0,0,2481,1
8,238,1923409,2905912,843,4,23,0.008396,1.24079,2284,-1,ok,0,0,0,0,2283,1
8,239,875283,1311303,664,4,28,0.008125,1.12952,1951,-1,ok,0,0,0,0,1950,1
8,240,2918198,639738,1606,7,55,0.013505,1.72081,3035,-1,ok,0,0,0,0,3034,1
8,241,1337751,1159597,145,1,0,0.000431,0.273716,408,-1,ok,0,0,0,0,407,1
8,242,1804529,3222731,986,5,69,0.017182,1.55786,2367,-1,ok,0,0,0,0,2366,1
8,243,2545706,1651771,1162,6,53,0.013675,1.52786,2831,-1,ok,0,0,0,0,2830,1
8,244,807710,2239366,1940,9,83,0.018233,2.09046,3635,-1,ok,0,0,0,0,3634,1
8,245,3201629,632825,1631,6,55,0.013996,1.94694,2386,-1,ok,0,0,0,0,2385,1
8,246,2019093,3174345,1036,5,49,0.04909,1.57759,2591,-1,ok,0,0,0,0,2590,1
8,247,2955346,1703765,1276,7,41,0.010539,1.39306,2365,-1,ok,0,0,0,0,2364,1
8,248,541380,1361733,957,4,22,0.005851,1.14876,2112,-1,ok,0,0,0,0,2111,1
8,249,3113781,786831,2642,12,94,0.018344,1.39107,3345,-1,ok,0,0,0,0,3344,1
8,250,726020,696308,1081,4,32,0.009288,0.87536,1760,-1,ok,0,0,0,0,1759,1
8,251,553589,2992564,1414,6,63,0.014127,1.70562,2631,-1,ok,0,0,0,0,2630,1
8,252,1843611,2188440,1312,7,65,0.016291,1.50137,2979,-1,ok,0,0,0,0,2978,1
8,253,334027,2354825,1725,9,68,0.014898,1.88486,3026,-1,ok,0,0,0,0,3025,1
8,254,2138232,528223,1703,7,61,0.0157,1.63641,2708,-1,ok,0,0,0,0,2707,1
8,255,2920261,1514740,1066,5,41,0.031788,1.37135,2439,-1,ok,0,0,0,0,2438,1
8,256,1963166,1687516,403,3,10,0.004839,0.492591,1262,-1,ok,0,0,0,0,1261,1
8,257,610635,2538272,1234,5,37,0.010248,1.15987,2225,-1,ok,0,0,0,0,2224,1
8,258,2978886,649484,1616,7,28,0.008595,1.90744,3245,-1,ok,0,0,0,0,3244,1
8,259,769160,1514768,962,4,21,0.006513,1.08096,1939,-1,ok,0,0,0,0,1938,1
8,260,3115044,1697807,1444,7,64,0.015287,1.83878,3539,-1,ok,0,0,0,0,3538,1
8,261,1835879,2014773,1360,6,38,0.011,1.33838,2481,-1,ok,0,0,0,0,2480,1
8,262,1550309,1217369,267,3,21,0.007024,0.955207,1938,-1,ok,0,0,0,0,1937,1
8,263,1455274,2689959,801,4,44,0.012042,1.00094,1766,-1,ok,0,0,0,0,1765,1
8,264,1863586,2791354,1283,6,76,0.018033,1.12018,2820,-1,ok,0,0,0,0,2819,1
8,265,1878699,2430675,931,5,52,0.013695,0.438542,1584,-1,ok,0,0,0,0,1583,1
8,266,1109092,2589721,1865,8,76,0.01613,1.3468,2932,-1,ok,0,0,0,0,2931,1
8,267,2786859,1809984,1068,6,44,0.0109,1.65213,2943,-1,ok,0,0,0,0,2942,1
8,268,2948186,2866807,424,3,5,0.002624,0.592506,1213,-1,ok,0,0,0,0,1212,1
8,269,837275,3217710,2157,9,77,0.01643,1.93544,3938,-1,ok,0,0,0,0,3937,1
8,270,1633134,3007164,1393,6,71,0.017172,0.753023,2984,-1,ok,0,0,0,0,2983,1
8,271,3177553,363823,1951,9,71,0.0161,1.64788,3008,-1,ok,0,0,0,0,3007,1
8,272,1545611,2173818,374,2,6,0.004198,0.880248,1197,-1,ok,0,0,0,0,1196,1
8,273,2234670,1030403,742,3,13,0.005541,0.814226,1123,-1,ok,0,0,0,0,1122,1
8,274,1061263,517752,391,2,5,0.002805,0.46433,546,-1,ok,0,0,0,0,545,1
8,275,2611184,1093057,1834,9,79,0.017371,1.34732,2865,-1,ok,0,0,0,0,2864,1
8,276,1860944,3238002,887,4,20,0.007494,1.01816,1290,-1,ok,0,0,0,0,1289,1
8,277,2169703,1399028,791,3,10,0.004459,1.34155,2472,-1,ok,0,0,0,0,2471,1
8,278,1948620,2128617,131,1,0,0.000641,0.350137,504,-1,ok,0,0,0,0,503,1
8,279,2566018,882646,1597,6,55,0.014957,1.42171,2658,-1,ok,0,0,0,0,2657,1
8,280,929280,999352,167,1,0,0.000692,0.135482,368,-1,ok,0,0,0,0,367,1
8,281,924154,2537686,1628,7,74,0.017222,1.21193,2541,-1,ok,0,0,0,0,2540,1
8,282,2000652,1137046,874,4,29,0.011091,1.01224,1741,-1,ok,0,0,0,0,1740,1
8,283,2582565,607763,1299,6,67,0.017733,1.42675,2276,-1,ok,0,0,0,0,2275,1
8,284,3245185,785165,2684,12,92,0.020087,2.13117,4141,-1,ok,0,0,0,0,4140,1
8,285,1231498,2364091,1022,5,38,0.0113,1.24718,2037,-1,ok,0,0,0,0,2036,1
8,286,1066192,1226502,199,1,0,0.000711,0.22691,296,-1,ok,0,0,0,0,295,1
8,287,1869193,2052669,328,2,4,0.002574,0.568059,1203,-1,ok,0,0,0,0,1202,1
8,288,2994814,3098447,829,4,23,0.007292,1.29347,2090,-1,ok,0,0,0,0,2089,1
8,289,1797269,848583,613,3,19,0.008125,0.976446,1498,-1,ok,0,0,0,0,1497,1
8,290,1214793,1750358,1135,6,49,0.013485,2.39237,3928,-1,ok,0,0,0,0,3927,1
8,291,2831898,2102650,653,4,18,0.006351,1.16772,1690,-1,ok,0,0,0,0,1689,1
8,292,2244867,2707981,771,4,39,0.010449,1.09668,1868,-1,ok,0,0,0,0,1867,1
8,293,1073058,1365640,1214,4,35,0.009929,1.2092,2263,-1,ok,0,0,0,0,2262,1
8,294,2216425,1540683,1508,6,75,0.017782,1.51344,2609,-1,ok,0,0,0,0,2608,1
8,295,2060741,2215164,463,3,6,0.003546,0.883805,1580,-1,ok,0,0,0,0,1579,1
8,296,1441555,704228,1628,8,82,0.018254,1.55078,2917,-1,ok,0,0,0,0,2916,1
8,297,2513611,686770,1174,5,56,0.019346,1.2753,1821,-1,ok,0,0,0,0,1820,1
8,298,1306030,2886412,938,6,77,0.017082,1.52414,2411,-1,ok,0,0,0,0,2410,1
8,299,404356,1929489,1380,7,38,0.010139,1.73974,2707,-1,ok,0,0,0,0,2706,1
