level,pair,start,goal,true_dist,coarse_len,coarse_expanded,coarse_ms,lift_ms,lifted_cells,fail_level,fail_reason,endpoints_wrong,used_fallback,fallback_ok,fallback_ms,final_len,valid
1,0,2654607,497695,1710,856,455260,399.212,2.1604,1713,-1,ok,0,0,0,0,1712,1
1,1,2221473,1571062,1589,795,403593,326.579,1.05312,1594,-1,ok,0,0,0,0,1593,1
1,2,641811,2589149,1344,673,359871,279.307,1.70813,1347,-1,ok,0,0,0,0,1346,1
1,3,2250714,2339143,278,139,28673,13.5978,0.124691,279,-1,ok,0,0,0,0,278,1
1,4,2536396,353659,1876,938,436172,329.889,1.87996,1877,-1,ok,0,0,0,0,1876,1
1,5,916591,1430479,1191,596,282915,204.287,0.903547,1198,-1,ok,0,0,0,0,1197,1
1,6,500826,2935247,2173,1087,482671,359.198,2.1861,2174,-1,ok,0,0,0,0,2173,1
1,7,2429283,2288496,465,233,87719,51.8397,0.238994,470,-1,ok,0,0,0,0,469,1
1,8,502542,1287255,645,323,75803,37.2112,0.837764,648,-1,ok,0,0,0,0,647,1
1,9,2726054,800471,1487,744,436985,317.813,1.87776,1488,-1,ok,0,0,0,0,1487,1
1,10,3031784,709412,1662,832,402307,291.586,2.27199,1665,-1,ok,0,0,0,0,1664,1
1,11,813038,2649998,1861,932,505518,365.675,1.97517,1868,-1,ok,0,0,0,0,1867,1
1,12,2906523,1340129,1264,633,302818,207.846,1.5291,1267,-1,ok,0,0,0,0,1266,1
1,13,2198005,2773306,1504,754,358790,302.628,1.01861,1513,-1,ok,0,0,0,0,1512,1
1,14,1009630,2195480,1009,505,175987,121.251,1.44396,1012,-1,ok,0,0,0,0,1011,1
1,15,2077961,2827531,1186,594,439597,330.994,1.00308,1189,-1,ok,0,0,0,0,1188,1
1,16,1553701,2469994,602,303,89636,49.8857,0.820984,607,-1,ok,0,0,0,0,606,1
1,17,2490161,384400,1409,706,446792,325.163,1.67754,1414,-1,ok,0,0,0,0,1413,1
1,18,2599025,2034587,1669,836,323569,232.85,1.36674,1678,-1,ok,0,0,0,0,1677,1
1,19,1181060,2927824,1734,868,443320,350.708,2.07532,1737,-1,ok,0,0,0,0,1736,1
1,20,645781,614849,395,198,47296,23.6331,0.281482,398,-1,ok,0,0,0,0,397,1
1,21,2468056,2256643,1145,573,230855,155.749,0.615863,1156,-1,ok,0,0,0,0,1155,1
1,22,251497,3219170,2176,1089,501737,352.994,2.87453,2179,-1,ok,0,0,0,0,2178,1
1,23,569297,2803754,1948,976,459404,344.809,2.18998,1955,-1,ok,0,0,0,0,1954,1
1,24,2520461,1501553,674,338,140281,81.2001,1.01457,677,-1,ok,0,0,0,0,676,1
1,25,2003860,731758,1205,603,343115,252.502,1.10922,1206,-1,ok,0,0,0,0,1205,1
1,26,613334,2557422,1168,587,271675,185.383,1.97124,1175,-1,ok,0,0,0,0,1174,1
1,27,387537,2005469,1167,585,232706,149.336,1.61164,1176,-1,ok,0,0,0,0,1175,1
1,28,344125,2584166,2379,1192,486543,346.71,2.13527,2388,-1,ok,0,0,0,0,2387,1
1,29,2992346,1955386,784,393,159049,91.5402,1.00356,787,-1,ok,0,0,0,0,786,1
1,30,2891864,2043208,1327,665,360864,264.579,1.05405,1334,-1,ok,0,0,0,0,1333,1
1,31,593449,1109625,711,357,125865,76.7305,0.715877,716,-1,ok,0,0,0,0,715,1
1,32,2770066,477636,2303,1153,480252,362.213,2.586,2314,-1,ok,0,0,0,0,2313,1
1,33,1568488,2024378,743,373,212314,145.491,0.684951,748,-1,ok,0,0,0,0,747,1
1,34,2636861,1355914,1868,936,373989,300.89,1.44826,1873,-1,ok,0,0,0,0,1872,1
1,35,2807379,1728601,1223,613,307426,201.27,1.27493,1230,-1,ok,0,0,0,0,1229,1
1,36,548195,1129534,384,192,52395,26.5077,0.516429,385,-1,ok,0,0,0,0,384,1
1,37,1403079,1097550,787,394,239186,164.285,0.769167,790,-1,ok,0,0,0,0,789,1
1,38,1098506,2400310,1127,564,305285,222.847,1.30256,1130,-1,ok,0,0,0,0,1129,1
1,39,549302,2763681,1609,805,349132,249.495,1.98093,1614,-1,ok,0,0,0,0,1613,1
1,40,2830387,1329031,990,496,259325,162.969,1.33369,995,-1,ok,0,0,0,0,994,1
1,41,2571837,1609971,1200,601,290404,201.761,1.13187,1205,-1,ok,0,0,0,0,1204,1
1,42,2269545,949398,1480,741,399014,316.17,1.45433,1483,-1,ok,0,0,0,0,1482,1
1,43,2386550,2005422,1757,878,467932,362.637,1.29876,1762,-1,ok,0,0,0,0,1761,1
1,44,3228329,1091487,1429,715,332079,210.269,2.25341,1434,-1,ok,0,0,0,0,1433,1
1,45,1252674,2899369,1220,612,147085,85.788,1.88781,1229,-1,ok,0,0,0,0,1228,1
1,46,1245004,2631833,1742,873,522592,373.764,1.79921,1753,-1,ok,0,0,0,0,1752,1
1,47,2746631,1120353,1791,897,328133,233.006,1.57163,1796,-1,ok,0,0,0,0,1795,1
1,48,1545941,1034885,778,389,146942,87.3772,1.08189,781,-1,ok,0,0,0,0,780,1
1,49,707664,3179843,2152,1077,467944,343.545,2.56999,2155,-1,ok,0,0,0,0,2154,1
1,50,2697605,251222,1758,880,468988,334.111,2.37665,1765,-1,ok,0,0,0,0,1764,1
1,51,598957,1160461,516,259,68031,34.3295,0.626603,521,-1,ok,0,0,0,0,520,1
1,52,2808838,629110,1283,643,359824,262.649,1.81464,1288,-1,ok,0,0,0,0,1287,1
1,53,2674667,2450469,1734,868,316742,224.251,1.34673,1739,-1,ok,0,0,0,0,1738,1
1,54,902226,2397303,1907,954,472009,363.746,1.97431,1912,-1,ok,0,0,0,0,1911,1
1,55,3160580,2590500,1640,821,309477,207.325,1.31514,1645,-1,ok,0,0,0,0,1644,1
1,56,3063115,1271576,1534,767,365560,278.082,1.66521,1535,-1,ok,0,0,0,0,1534,1
1,57,471188,1449834,1138,570,204663,137.04,1.23625,1143,-1,ok,0,0,0,0,1142,1
1,58,1353978,2059850,918,461,223203,152.751,1.35025,921,-1,ok,0,0,0,0,920,1
1,59,2540733,1967844,911,456,281798,186.394,0.92729,918,-1,ok,0,0,0,0,917,1
1,60,2700562,1997667,1296,649,344608,229.789,0.99189,1301,-1,ok,0,0,0,0,1300,1
1,61,1637568,2044505,363,182,48219,24.4295,0.488677,368,-1,ok,0,0,0,0,367,1
1,62,1801679,2696751,1870,936,480336,360.314,1.19292,1879,-1,ok,0,0,0,0,1878,1
1,63,598957,2906552,1287,644,315553,223.842,2.16667,1288,-1,ok,0,0,0,0,1287,1
1,64,1955372,794087,930,467,281076,191.956,1.19888,935,-1,ok,0,0,0,0,934,1
1,65,2039260,2947726,1193,598,250447,175.224,1.3856,1196,-1,ok,0,0,0,0,1195,1
1,66,556924,1599250,705,354,144171,84.7535,1.19294,708,-1,ok,0,0,0,0,707,1
1,67,278380,2626389,2296,1149,525732,346.927,2.65331,2299,-1,ok,0,0,0,0,2298,1
1,68,2339398,455629,2015,1009,532579,364.87,1.90557,2020,-1,ok,0,0,0,0,2019,1
1,69,2397188,1012607,1150,576,320206,229.884,1.58862,1153,-1,ok,0,0,0,0,1152,1
1,70,2467967,715435,1642,822,375442,294.985,6.30794,1647,-1,ok,0,0,0,0,1646,1
1,71,279709,835397,829,416,145720,84.3249,0.991961,836,-1,ok,0,0,0,0,835,1
1,72,825921,1088080,805,402,120999,69.6192,0.629839,806,-1,ok,0,0,0,0,805,1
1,73,2686056,3089348,412,207,55656,29.0175,0.580677,413,-1,ok,0,0,0,0,412,1
1,74,935096,1634738,947,475,289733,197.716,1.05421,952,-1,ok,0,0,0,0,951,1
1,75,384006,760874,877,440,154412,89.8347,0.762215,880,-1,ok,0,0,0,0,879,1
1,76,1947155,898061,889,445,255946,177.491,1.42048,896,-1,ok,0,0,0,0,895,1
1,77,658137,789793,329,166,30833,14.0165,0.208025,334,-1,ok,0,0,0,0,333,1
1,78,363830,2056905,2015,1008,406430,304.221,1.84733,2016,-1,ok,0,0,0,0,2015,1
1,79,1761748,2892020,756,379,215445,144.249,1.28107,757,-1,ok,0,0,0,0,756,1
1,80,2351211,2029768,1106,554,264754,180.669,0.897777,1117,-1,ok,0,0,0,0,1116,1
1,81,647090,520796,364,183,51665,27.4386,0.248349,367,-1,ok,0,0,0,0,366,1
1,82,2202913,1998284,1606,803,448807,348.347,1.30668,1609,-1,ok,0,0,0,0,1608,1
1,83,2307907,2951731,1581,791,416729,324.643,1.32431,1586,-1,ok,0,0,0,0,1585,1
1,84,1871832,591133,1610,806,427629,331.493,1.71304,1621,-1,ok,0,0,0,0,1620,1
1,85,1820468,769068,784,393,234292,153.985,1.43984,789,-1,ok,0,0,0,0,788,1
1,86,618657,2879486,1405,704,364851,284.861,2.70883,1410,-1,ok,0,0,0,0,1409,1
1,87,759127,2437547,1913,968,498280,364.891,2.35178,1940,-1,ok,0,0,0,0,1939,1
1,88,2003626,436977,2082,1041,517973,379.983,1.88406,2085,-1,ok,0,0,0,0,2084,1
1,89,2088216,2111650,95,48,3021,1.26313,0.168082,96,-1,ok,0,0,0,0,95,1
1,90,2481203,2200930,683,343,171358,105.102,0.685572,686,-1,ok,0,0,0,0,685,1
1,91,1827763,2791217,1053,528,395178,302.719,1.36865,1062,-1,ok,0,0,0,0,1061,1
1,92,1980418,1582954,557,280,93940,52.7592,0.533701,560,-1,ok,0,0,0,0,559,1
1,93,705039,752842,1000,501,227239,153.337,0.698906,1005,-1,ok,0,0,0,0,1004,1
1,94,1158854,739502,341,171,36280,16.4831,0.540875,342,-1,ok,0,0,0,0,341,1
1,95,1350833,836719,972,487,338743,239.176,0.787161,975,-1,ok,0,0,0,0,974,1
1,96,1556785,647066,1224,613,314041,225.759,1.18026,1227,-1,ok,0,0,0,0,1226,1
1,97,1944954,1109435,783,393,237575,158.974,1.25821,786,-1,ok,0,0,0,0,785,1
1,98,2668191,348531,1839,920,495159,333.471,2.86062,1842,-1,ok,0,0,0,0,1841,1
1,99,476033,1903328,1168,585,285494,183.143,1.93629,1173,-1,ok,0,0,0,0,1172,1
1,100,795218,590026,122,62,6336,2.67826,0.214557,125,-1,ok,0,0,0,0,124,1
1,101,763468,1260833,843,421,116151,64.2047,0.794766,846,-1,ok,0,0,0,0,845,1
1,102,3155979,534005,2083,1042,488349,326.515,3.58233,2086,-1,ok,0,0,0,0,2085,1
1,103,2671843,2035386,1097,550,300099,190.298,0.98031,1100,-1,ok,0,0,0,0,1099,1
1,104,1072087,2077094,1175,590,380259,289.841,1.75476,1184,-1,ok,0,0,0,0,1183,1
1,105,1830266,867972,1628,815,486792,366.525,1.31675,1631,-1,ok,0,0,0,0,1630,1
1,106,2009385,672463,1221,612,405086,317.027,1.78953,1228,-1,ok,0,0,0,0,1227,1
1,107,1277732,1289510,1175,588,282658,206.151,1.00571,1176,-1,ok,0,0,0,0,1175,1
1,108,383929,2086407,1268,635,261483,170.776,2.48923,1277,-1,ok,0,0,0,0,1276,1
1,109,2032078,1699736,1336,670,299675,211.609,0.91722,1341,-1,ok,0,0,0,0,1340,1
1,110,958411,907673,588,294,132534,79.4062,0.494126,595,-1,ok,0,0,0,0,594,1
1,111,345881,908168,999,501,124906,67.1113,1.05088,1002,-1,ok,0,0,0,0,1001,1
1,112,921927,2826328,1275,639,288864,201.57,2.33162,1280,-1,ok,0,0,0,0,1279,1
1,113,558628,2150100,1156,579,265035,170.167,1.92887,1159,-1,ok,0,0,0,0,1158,1
1,114,732091,2459630,1421,711,381404,303.681,2.3079,1424,-1,ok,0,0,0,0,1423,1
1,115,398823,391093,624,314,100122,56.4519,0.545843,633,-1,ok,0,0,0,0,632,1
1,116,1510629,2959878,1054,529,300653,219.601,2.08487,1057,-1,ok,0,0,0,0,1056,1
1,117,2096552,3082996,592,297,131931,78.6938,1.88443,593,-1,ok,0,0,0,0,592,1
1,118,773297,2535823,1305,656,372155,285.528,2.15208,1316,-1,ok,0,0,0,0,1315,1
1,119,1540653,367496,2008,1004,515807,385.596,1.96628,2011,-1,ok,0,0,0,0,2010,1
1,120,457915,1822951,1394,698,339523,241.319,1.86381,1397,-1,ok,0,0,0,0,1396,1
1,121,2144069,523360,2086,1043,513242,384.572,2.12721,2089,-1,ok,0,0,0,0,2088,1
1,122,1935902,3090329,1268,635,493192,356.188,1.96042,1271,-1,ok,0,0,0,0,1270,1
1,123,2854140,1596178,937,469,218424,139.518,1.5226,938,-1,ok,0,0,0,0,937,1
1,124,1967913,1747145,807,404,198649,140.235,0.602497,812,-1,ok,0,0,0,0,811,1
1,125,2263205,1655305,838,420,239502,163.131,1.10982,845,-1,ok,0,0,0,0,844,1
1,126,2506297,1143924,984,494,273684,178.583,1.92372,989,-1,ok,0,0,0,0,988,1
1,127,1448472,1364093,562,285,96439,57.1925,0.890752,577,-1,ok,0,0,0,0,576,1
1,128,1724010,2154870,1418,709,445893,381,0.971583,1421,-1,ok,0,0,0,0,1420,1
1,129,840467,2529952,1656,829,232983,172.066,2.80613,1665,-1,ok,0,0,0,0,1664,1
1,130,1792217,1212610,345,173,48068,25.3752,0.845759,348,-1,ok,0,0,0,0,347,1
1,131,1328134,3208212,1967,985,517550,418.814,2.57148,1976,-1,ok,0,0,0,0,1975,1
1,132,2891864,1675347,959,480,230486,160.422,1.98728,960,-1,ok,0,0,0,0,959,1
1,133,2410465,2443796,1103,552,216708,152.15,0.795596,1112,-1,ok,0,0,0,0,1111,1
1,134,558433,2250280,1093,547,217233,153.167,2.35117,1094,-1,ok,0,0,0,0,1093,1
1,135,1187532,720690,1013,509,268669,204.193,1.1645,1018,-1,ok,0,0,0,0,1017,1
1,136,2710078,1125700,1258,630,361848,286.675,1.84719,1263,-1,ok,0,0,0,0,1262,1
1,137,342829,2650131,1580,791,392990,312.44,2.94209,1583,-1,ok,0,0,0,0,1582,1
1,138,381156,591400,523,262,47699,24.3765,0.642801,524,-1,ok,0,0,0,0,523,1
1,139,620591,3052362,1412,706,345095,283.974,3.7699,1415,-1,ok,0,0,0,0,1414,1
1,140,1838465,1180686,1541,771,520686,371.764,1.42609,1552,-1,ok,0,0,0,0,1551,1
1,141,2808277,2315654,851,427,121220,67.8463,1.02288,858,-1,ok,0,0,0,0,857,1
1,142,2598310,2422034,222,112,21262,9.68375,0.25899,225,-1,ok,0,0,0,0,224,1
1,143,2845436,1668194,730,367,112144,60.8103,1.46393,733,-1,ok,0,0,0,0,732,1
1,144,2382918,526772,1377,689,357250,287.973,2.45296,1382,-1,ok,0,0,0,0,1381,1
1,145,1931999,438444,1275,639,433197,327.174,1.73705,1282,-1,ok,0,0,0,0,1281,1
1,146,2679978,515339,2241,1122,509546,373.994,3.19051,2244,-1,ok,0,0,0,0,2243,1
1,147,2803019,1915102,1793,898,438394,318.008,1.42727,1802,-1,ok,0,0,0,0,1801,1
1,148,913089,1331566,1323,662,352604,286.871,1.31065,1330,-1,ok,0,0,0,0,1329,1
1,149,634343,2276336,1305,654,343219,234.503,1.90085,1308,-1,ok,0,0,0,0,1307,1
1,150,1481794,3181212,1228,616,324452,238.089,2.87608,1233,-1,ok,0,0,0,0,1232,1
1,151,1474634,422363,1314,657,388570,317.559,1.75995,1315,-1,ok,0,0,0,0,1314,1
1,152,1834575,3226322,1174,588,315406,222.754,1.39348,1177,-1,ok,0,0,0,0,1176,1
1,153,3024705,540222,1863,932,482800,327.957,3.39169,1866,-1,ok,0,0,0,0,1865,1
1,154,3044639,2920559,189,95,14472,6.21324,0.202185,192,-1,ok,0,0,0,0,191,1
1,155,1228220,1631674,478,240,84098,45.6922,0.682366,479,-1,ok,0,0,0,0,478,1
1,156,1536072,283775,1199,600,427697,333.369,1.48936,1202,-1,ok,0,0,0,0,1201,1
1,157,3193672,1640899,1490,746,302052,198.577,2.176,1495,-1,ok,0,0,0,0,1494,1
1,158,1364886,1417986,1253,627,380899,312.018,1.29973,1256,-1,ok,0,0,0,0,1255,1
1,159,1323479,1948892,1160,584,335053,245.951,1.06817,1169,-1,ok,0,0,0,0,1168,1
1,160,329635,3138202,2157,1079,430874,323.674,3.23256,2162,-1,ok,0,0,0,0,2161,1
1,161,2199138,2165892,958,481,284576,198.234,0.662549,965,-1,ok,0,0,0,0,964,1
1,162,2332432,2665491,284,143,29074,13.7447,0.605745,287,-1,ok,0,0,0,0,286,1
1,163,2554867,820141,1438,720,427338,310.683,2.34721,1447,-1,ok,0,0,0,0,1446,1
1,164,816636,1589983,1083,543,275037,182.468,1.14089,1088,-1,ok,0,0,0,0,1087,1
1,165,2144577,2486159,628,315,149342,91.1075,0.741557,641,-1,ok,0,0,0,0,640,1
1,166,2257019,735014,1996,1005,482822,361.425,2.44508,2013,-1,ok,0,0,0,0,2012,1
1,167,2095650,935010,1005,514,265514,186.519,2.0038,1032,-1,ok,0,0,0,0,1031,1
1,168,312457,989659,778,390,111977,60.2158,1.44256,783,-1,ok,0,0,0,0,782,1
1,169,2882141,1067685,1170,587,220660,141.115,2.47862,1175,-1,ok,0,0,0,0,1174,1
1,170,1662824,2681105,1085,544,321535,236.925,1.67362,1092,-1,ok,0,0,0,0,1091,1
1,171,1703180,546367,1232,616,352983,288.391,1.40723,1237,-1,ok,0,0,0,0,1236,1
1,172,2090483,588991,1314,658,442058,324.47,1.86655,1323,-1,ok,0,0,0,0,1322,1
1,173,2669970,1153251,1524,762,415848,297.014,2.01632,1525,-1,ok,0,0,0,0,1524,1
1,174,2801102,1556461,1651,826,373728,283.467,1.82485,1660,-1,ok,0,0,0,0,1659,1
1,175,2862760,2446461,730,367,159022,93.8739,1.28293,737,-1,ok,0,0,0,0,736,1
1,176,1728209,2803901,1739,871,455664,347.935,2.38281,1748,-1,ok,0,0,0,0,1747,1
1,177,330269,1345015,1018,510,217393,137.151,1.84907,1025,-1,ok,0,0,0,0,1024,1
1,178,3017924,2896984,407,205,51601,26.0932,0.313533,410,-1,ok,0,0,0,0,409,1
1,179,910292,1126401,229,115,17913,8.04821,0.364747,232,-1,ok,0,0,0,0,231,1
1,180,2006593,1670863,1240,621,354003,286.2,0.901453,1249,-1,ok,0,0,0,0,1248,1
1,181,2078347,3155254,1385,694,495607,364.053,3.78879,1390,-1,ok,0,0,0,0,1389,1
1,182,2709648,2878665,277,140,24935,11.5468,0.415441,282,-1,ok,0,0,0,0,281,1
1,183,460429,2828556,1989,995,465806,349.388,3.34274,1992,-1,ok,0,0,0,0,1991,1
1,184,909956,1352984,474,238,87361,51.325,0.748268,477,-1,ok,0,0,0,0,476,1
1,185,2598310,614849,1241,621,381474,283.396,2.29272,1246,-1,ok,0,0,0,0,1245,1
1,186,1732162,381072,1507,754,494307,359.733,1.75912,1508,-1,ok,0,0,0,0,1507,1
1,187,2864255,987151,1339,680,319170,211.418,2.29512,1366,-1,ok,0,0,0,0,1365,1
1,188,613280,1998545,1505,754,387199,295.834,1.7957,1510,-1,ok,0,0,0,0,1509,1
1,189,769257,2619619,1324,662,331111,229.687,2.75579,1329,-1,ok,0,0,0,0,1328,1
1,190,1700379,924636,488,246,103320,59.9123,0.960533,493,-1,ok,0,0,0,0,492,1
1,191,489236,2011181,1701,852,400196,313.216,1.4817,1708,-1,ok,0,0,0,0,1707,1
1,192,1225462,1170705,1015,509,234637,162.283,0.860726,1018,-1,ok,0,0,0,0,1017,1
1,193,1873151,1744747,675,339,177415,123.564,0.629297,680,-1,ok,0,0,0,0,679,1
1,194,2468599,2302602,643,321,146751,88.8727,0.650437,650,-1,ok,0,0,0,0,649,1
1,195,2943977,2062115,628,315,120168,67.755,1.77711,633,-1,ok,0,0,0,0,632,1
1,196,587996,382135,775,389,141394,82.0446,0.732629,778,-1,ok,0,0,0,0,777,1
1,197,1795388,2559139,975,488,358198,281.799,1.52304,980,-1,ok,0,0,0,0,979,1
1,198,430706,1816036,1949,975,449215,332.153,2.83343,1952,-1,ok,0,0,0,0,1951,1
1,199,2709791,743716,1567,784,465240,327.181,2.18478,1572,-1,ok,0,0,0,0,1571,1
1,200,2317486,1682523,790,395,233930,156.513,0.768144,793,-1,ok,0,0,0,0,792,1
1,201,848074,2660956,1289,646,267143,188.742,2.26839,1294,-1,ok,0,0,0,0,1293,1
1,202,2051630,2425358,880,441,226536,155.978,0.770448,883,-1,ok,0,0,0,0,882,1
1,203,2138232,3170486,1784,893,443605,341.7,2.92334,1789,-1,ok,0,0,0,0,1788,1
1,204,1443071,807450,574,287,102582,60.0594,1.16004,577,-1,ok,0,0,0,0,576,1
1,205,1144422,3049691,2080,1041,528705,395.625,2.52305,2087,-1,ok,0,0,0,0,2086,1
1,206,377442,2376747,1648,825,376682,286.661,2.70268,1651,-1,ok,0,0,0,0,1650,1
1,207,1401797,2931005,1642,822,491570,379.919,1.82364,1647,-1,ok,0,0,0,0,1646,1
1,208,2488208,1785008,991,497,256689,165.922,0.937709,996,-1,ok,0,0,0,0,995,1
1,209,2517430,2632913,587,294,132111,76.8633,0.763346,590,-1,ok,0,0,0,0,589,1
1,210,1804529,2670473,625,313,166184,101.051,1.18294,628,-1,ok,0,0,0,0,627,1
1,211,792304,2700845,1601,801,371867,296.149,2.85375,1604,-1,ok,0,0,0,0,1603,1
1,212,292558,448522,757,380,125131,70.5484,0.747938,762,-1,ok,0,0,0,0,761,1
1,213,2987559,1182868,2093,1047,492983,356.246,2.93436,2098,-1,ok,0,0,0,0,2097,1
1,214,3031564,1350417,1027,514,167118,96.32,2.40883,1034,-1,ok,0,0,0,0,1033,1
1,215,3155823,373649,2172,1087,475954,331.176,3.02295,2179,-1,ok,0,0,0,0,2178,1
1,216,371781,1935939,921,462,197897,125.059,2.46043,926,-1,ok,0,0,0,0,925,1
1,217,2855984,2571946,520,261,89659,49.0215,0.650857,521,-1,ok,0,0,0,0,520,1
1,218,465556,3102078,1943,972,499706,345.726,3.00307,1946,-1,ok,0,0,0,0,1945,1
1,219,3106562,1461822,2273,1137,481129,508.644,2.99376,2276,-1,ok,0,0,0,0,2275,1
1,220,2389443,1100586,779,391,234335,178.623,1.81238,784,-1,ok,0,0,0,0,783,1
1,221,1209891,3199598,1812,907,460799,382.687,3.17361,1815,-1,ok,0,0,0,0,1814,1
1,222,1628263,3038908,1441,720,519184,404.261,1.68992,1442,-1,ok,0,0,0,0,1441,1
1,223,996318,538495,877,440,270605,200.074,1.20918,882,-1,ok,0,0,0,0,881,1
1,224,2666230,1916875,1680,841,432181,339.533,1.65706,1687,-1,ok,0,0,0,0,1686,1
1,225,1214391,1343195,898,451,265359,191.172,0.651028,903,-1,ok,0,0,0,0,902,1
1,226,650861,1693026,614,308,122531,72.5142,1.34566,619,-1,ok,0,0,0,0,618,1
1,227,1007288,1215730,474,238,78677,42.4976,0.540243,477,-1,ok,0,0,0,0,476,1
1,228,2161129,565602,1613,807,519582,389.276,2.38504,1614,-1,ok,0,0,0,0,1613,1
1,229,2785103,1597956,1513,758,386791,305.846,1.63512,1520,-1,ok,0,0,0,0,1519,1
1,230,1392321,355276,821,411,261541,197.655,1.51228,824,-1,ok,0,0,0,0,823,1
1,231,2051789,1806580,591,295,75746,49.634,0.876857,592,-1,ok,0,0,0,0,591,1
1,232,1102446,3057237,1135,569,382806,305.202,2.74901,1140,-1,ok,0,0,0,0,1139,1
1,233,2397085,1013039,923,462,250571,184.843,2.6328,926,-1,ok,0,0,0,0,925,1
1,234,1287529,1866275,1267,635,387845,322.27,1.24298,1272,-1,ok,0,0,0,0,1271,1
1,235,1687683,418136,1252,626,480955,375.557,1.82509,1253,-1,ok,0,0,0,0,1252,1
1,236,2722809,932643,2100,1051,515728,379.54,2.38916,2107,-1,ok,0,0,0,0,2106,1
1,237,2665523,3047256,1417,710,336445,260.056,3.23841,1420,-1,ok,0,0,0,0,1419,1
1,238,1923409,2905912,843,422,279526,203.271,1.29424,844,-1,ok,0,0,0,0,843,1
1,239,875283,1311303,664,332,126188,75.3246,0.806397,669,-1,ok,0,0,0,0,668,1
1,240,2918198,639738,1606,814,377658,301.752,3.6194,1633,-1,ok,0,0,0,0,1632,1
1,241,1337751,1159597,145,73,8766,3.77437,0.319522,148,-1,ok,0,0,0,0,147,1
1,242,1804529,3222731,986,494,388403,311.97,2.25335,993,-1,ok,0,0,0,0,992,1
1,243,2545706,1651771,1162,582,297448,208.198,1.38495,1171,-1,ok,0,0,0,0,1170,1
1,244,807710,2239366,1940,971,506187,377.851,2.85705,1943,-1,ok,0,0,0,0,1942,1
1,245,3201629,632825,1631,817,390774,287.854,3.43498,1636,-1,ok,0,0,0,0,1635,1
1,246,2019093,3174345,1036,520,328950,243.47,2.31602,1045,-1,ok,0,0,0,0,1044,1
1,247,2955346,1703765,1276,639,233033,154.468,2.41102,1279,-1,ok,0,0,0,0,1278,1
1,248,541380,1361733,957,479,156543,94.4247,1.7517,960,-1,ok,0,0,0,0,959,1
1,249,3113781,786831,2642,1322,523072,365.144,2.62176,2649,-1,ok,0,0,0,0,2648,1
1,250,726020,696308,1081,541,246195,161.496,0.979437,1084,-1,ok,0,0,0,0,1083,1
1,251,553589,2992564,1414,709,371644,278.534,3.28077,1421,-1,ok,0,0,0,0,1420,1
1,252,1843611,2188440,1312,657,375989,315.011,1.26232,1317,-1,ok,0,0,0,0,1316,1
1,253,334027,2354825,1725,874,428181,308.034,2.88767,1752,-1,ok,0,0,0,0,1751,1
1,254,2138232,528223,1703,859,417118,333.7,2.57478,1720,-1,ok,0,0,0,0,1719,1
1,255,2920261,1514740,1066,534,250338,154.958,2.65312,1069,-1,ok,0,0,0,0,1068,1
1,256,1963166,1687516,403,203,61888,32.4212,0.783182,408,-1,ok,0,0,0,0,407,1
1,257,610635,2538272,1234,620,273862,188.763,3.86615,1247,-1,ok,0,0,0,0,1246,1
1,258,2978886,649484,1616,809,197195,139.526,4.93105,1625,-1,ok,0,0,0,0,1624,1
1,259,769160,1514768,962,482,194734,132.426,1.36929,967,-1,ok,0,0,0,0,966,1
1,260,3115044,1697807,1444,724,348046,232.334,2.40468,1449,-1,ok,0,0,0,0,1448,1
1,261,1835879,2014773,1360,680,325804,235.974,1.28594,1373,-1,ok,0,0,0,0,1372,1
1,262,1550309,1217369,267,133,24995,11.6146,0.815554,268,-1,ok,0,0,0,0,267,1
1,263,1455274,2689959,801,402,252838,172.498,1.62477,804,-1,ok,0,0,0,0,803,1
1,264,1863586,2791354,1283,643,440048,332.789,1.57532,1288,-1,ok,0,0,0,0,1287,1
1,265,1878699,2430675,931,467,293959,211.162,1.43169,938,-1,ok,0,0,0,0,937,1
1,266,1109092,2589721,1865,934,460214,357.233,2.23318,1872,-1,ok,0,0,0,0,1871,1
1,267,2786859,1809984,1068,536,230425,148.693,1.40426,1079,-1,ok,0,0,0,0,1078,1
1,268,2948186,2866807,424,213,31887,13.6788,0.40443,427,-1,ok,0,0,0,0,426,1
1,269,837275,3217710,2157,1080,486279,362.049,3.44362,2162,-1,ok,0,0,0,0,2161,1
1,270,1633134,3007164,1393,698,453724,354.19,2.11117,1398,-1,ok,0,0,0,0,1397,1
1,271,3177553,363823,1951,975,447927,309.594,4.3528,1956,-1,ok,0,0,0,0,1955,1
1,272,1545611,2173818,374,187,46930,24.3067,1.49655,375,-1,ok,0,0,0,0,374,1
1,273,2234670,1030403,742,373,216998,148.078,1.65819,747,-1,ok,0,0,0,0,746,1
1,274,1061263,517752,391,197,60692,32.045,1.02769,396,-1,ok,0,0,0,0,395,1
1,275,2611184,1093057,1834,919,473411,341.932,1.98924,1841,-1,ok,0,0,0,0,1840,1
1,276,1860944,3238002,887,445,199607,136.834,3.04006,890,-1,ok,0,0,0,0,889,1
1,277,2169703,1399028,791,396,224665,159.493,1.30229,796,-1,ok,0,0,0,0,795,1
1,278,1948620,2128617,131,67,7416,3.1639,0.193467,134,-1,ok,0,0,0,0,133,1
1,279,2566018,882646,1597,800,494397,345.927,3.15659,1602,-1,ok,0,0,0,0,1601,1
1,280,929280,999352,167,84,11778,5.23522,0.260073,168,-1,ok,0,0,0,0,167,1
1,281,924154,2537686,1628,817,483612,351.03,2.10344,1635,-1,ok,0,0,0,0,1634,1
1,282,2000652,1137046,874,438,294595,202.227,1.33435,877,-1,ok,0,0,0,0,876,1
1,283,2582565,607763,1299,651,359032,289.064,3.96363,1304,-1,ok,0,0,0,0,1303,1
1,284,3245185,785165,2684,1344,508734,386.454,3.60113,2693,-1,ok,0,0,0,0,2692,1
1,285,1231498,2364091,1022,511,224896,157.042,2.08976,1023,-1,ok,0,0,0,0,1022,1
1,286,1066192,1226502,199,100,11226,4.92648,0.401174,200,-1,ok,0,0,0,0,199,1
1,287,1869193,2052669,328,164,46672,24.281,0.486532,331,-1,ok,0,0,0,0,330,1
1,288,2994814,3098447,829,416,131531,73.9213,0.677176,834,-1,ok,0,0,0,0,833,1
1,289,1797269,848583,613,308,166669,101.659,1.4605,618,-1,ok,0,0,0,0,617,1
1,290,1214793,1750358,1135,567,239934,169.786,1.39213,1138,-1,ok,0,0,0,0,1137,1
1,291,2831898,2102650,653,327,113610,63.2085,1.49853,656,-1,ok,0,0,0,0,655,1
1,292,2244867,2707981,771,387,120512,68.2162,0.887416,778,-1,ok,0,0,0,0,777,1
1,293,1073058,1365640,1214,607,258506,182.344,1.18279,1215,-1,ok,0,0,0,0,1214,1
1,294,2216425,1540683,1508,756,486806,356.668,1.87757,1519,-1,ok,0,0,0,0,1518,1
1,295,2060741,2215164,463,232,52980,26.9436,0.362392,464,-1,ok,0,0,0,0,463,1
1,296,1441555,704228,1628,815,452205,351.015,1.89941,1631,-1,ok,0,0,0,0,1630,1
1,297,2513611,686770,1174,589,366492,276.299,3.00052,1179,-1,ok,0,0,0,0,1178,1
1,298,1306030,2886412,938,471,325834,230.318,2.55706,943,-1,ok,0,0,0,0,942,1
1,299,404356,1929489,1380,690,316859,215.207,2.74881,1381,-1,ok,0,0,0,0,1380,1
2,0,2654607,497695,1710,428,116827,65.2256,143.797,1713,-1,ok,1,1,0,140.266,-1,0
2,1,2221473,1571062,1589,402,103634,52.0284,87.1547,1627,-1,ok,1,1,1,84.4917,1589,1
2,2,641811,2589149,1344,336,91789,42.9614,127.536,1341,-1,ok,1,1,0,124.882,-1,0
2,3,2250714,2339143,278,70,7447,3.01428,5.46412,277,-1,ok,1,1,1,5.12723,278,1
2,4,2536396,353659,1876,473,111437,51.6172,127.703,1896,-1,ok,1,1,0,124.826,-1,0
2,5,916591,1430479,1191,298,72893,33.481,76.841,1199,-1,ok,1,1,1,75.229,1191,1
2,6,500826,2935247,2173,544,123490,56.2356,140.087,2177,-1,ok,1,1,0,136.688,-1,0
2,7,2429283,2288496,465,117,22550,10.3334,12.9043,465,-1,ok,1,1,1,12.3342,465,1
2,8,502542,1287255,645,162,18984,7.60471,46.926,654,-1,ok,1,1,1,45.6306,645,1
2,9,2726054,800471,1487,372,111710,50.5277,123.579,1493,-1,ok,1,1,0,121.216,-1,0
2,10,3031784,709412,1662,417,102874,46.4695,127.095,1669,-1,ok,1,1,0,124.281,-1,0
2,11,813038,2649998,1861,467,129300,60.199,140.983,1881,-1,ok,1,1,0,138.732,-1,0
2,12,2906523,1340129,1264,316,76158,33.2801,88.6392,1262,-1,ok,1,1,1,86.0478,1264,1
2,13,2198005,2773306,1504,376,91821,45.5891,121.557,1511,-1,ok,1,1,0,119.967,-1,0
2,14,1009630,2195480,1009,252,44773,21.5471,86.573,1005,-1,ok,1,1,1,84.3852,1009,1
2,15,2077961,2827531,1186,297,113304,55.5747,124.453,1197,-1,ok,1,1,0,123.017,-1,0
2,16,1553701,2469994,602,152,23318,10.5179,7.09843,617,-1,ok,1,1,1,5.72724,602,1
2,17,2490161,384400,1409,353,113817,52.3379,103.054,1410,-1,ok,1,1,0,101.048,-1,0
2,18,2599025,2034587,1669,419,83992,40.0334,131.32,1690,-1,ok,1,1,0,129.54,-1,0
2,19,1181060,2927824,1734,434,113706,55.9828,135.785,1747,-1,ok,1,1,0,133.774,-1,0
2,20,645781,614849,395,100,12209,5.10029,6.62101,399,-1,ok,1,1,1,6.18315,395,1
2,21,2468056,2256643,1145,286,59913,26.8424,33.7258,1151,-1,ok,1,1,1,32.4126,1145,1
2,22,251497,3219170,2176,546,128901,57.4473,123.584,2201,-1,ok,1,1,0,120.381,-1,0
2,23,569297,2803754,1948,487,117249,53.3277,129.133,1956,-1,ok,1,1,0,127.632,-1,0
2,24,2520461,1501553,674,170,36589,15.8915,25.4018,686,-1,ok,1,1,1,23.9684,674,1
2,25,2003860,731758,1205,306,87041,43.5964,118.101,1227,-1,ok,1,1,0,117.161,-1,0
2,26,613334,2557422,1168,293,69424,31.7557,40.0052,1181,-1,ok,1,1,1,37.5625,1168,1
2,27,387537,2005469,1167,293,59744,25.6699,109.315,1169,-1,ok,1,1,1,106.812,1167,1
2,28,344125,2584166,2379,596,124255,55.5616,137.774,2391,-1,ok,1,1,0,136.016,-1,0
2,29,2992346,1955386,784,197,40637,17.3729,35.3711,791,-1,ok,1,1,1,33.9027,784,1
2,30,2891864,2043208,1327,333,93142,42.7097,130.071,1347,-1,ok,1,1,0,128.604,-1,0
2,31,593449,1109625,711,179,32256,13.9909,1.25884,716,-1,ok,0,0,0,0,715,1
2,32,2770066,477636,2303,580,122777,58.0636,120.482,2328,-1,ok,1,1,0,117.991,-1,0
2,33,1568488,2024378,743,187,53939,25.4473,49.5216,747,-1,ok,1,1,1,48.7564,743,1
2,34,2636861,1355914,1868,470,96226,46.6952,120.448,1886,-1,ok,1,1,0,119.05,-1,0
2,35,2807379,1728601,1223,306,77502,34.4786,139.672,1236,-1,ok,1,1,0,138.524,-1,0
2,36,548195,1129534,384,96,13217,5.57518,7.90868,385,-1,ok,1,1,1,7.34238,384,1
2,37,1403079,1097550,787,197,60940,28.6269,53.2712,785,-1,ok,1,1,1,52.2492,787,1
2,38,1098506,2400310,1127,283,77750,36.6343,126.249,1131,-1,ok,1,1,0,124.947,-1,0
2,39,549302,2763681,1609,403,89899,42.1516,123.175,1615,-1,ok,1,1,0,121.328,-1,0
2,40,2830387,1329031,990,249,65921,29.2485,42.5662,1011,-1,ok,1,1,1,40.6858,990,1
2,41,2571837,1609971,1200,302,73718,33.7796,130.084,1212,-1,ok,1,1,0,128.934,-1,0
2,42,2269545,949398,1480,372,101973,50.6074,135.531,1490,-1,ok,1,1,0,134.071,-1,0
2,43,2386550,2005422,1757,440,120663,58.4826,99.158,1771,-1,ok,1,1,0,98.0404,-1,0
2,44,3228329,1091487,1429,359,85207,37.849,122.093,1437,-1,ok,1,1,0,120.085,-1,0
2,45,1252674,2899369,1220,306,37265,16.2358,48.7063,1225,-1,ok,1,1,1,46.3426,1220,1
2,46,1245004,2631833,1742,437,133540,62.8016,134.906,1765,-1,ok,1,1,0,133.164,-1,0
2,47,2746631,1120353,1791,450,83430,39.3238,124.757,1807,-1,ok,1,1,0,123.267,-1,0
2,48,1545941,1034885,778,196,37896,16.8583,84.1732,791,-1,ok,1,1,1,82.4408,778,1
2,49,707664,3179843,2152,538,119964,55.9581,127.961,2154,-1,ok,1,1,0,125.662,-1,0
2,50,2697605,251222,1758,441,120758,55.0045,91.2339,1773,-1,ok,1,1,1,88.3949,1758,1
2,51,598957,1160461,516,131,18123,7.47216,0.946535,525,-1,ok,0,0,0,0,524,1
2,52,2808838,629110,1283,326,92786,42.6438,19.9142,1313,-1,ok,1,1,1,17.5897,1283,1
2,53,2674667,2450469,1734,435,81411,38.4608,113.214,1745,-1,ok,1,1,0,111.864,-1,0
2,54,902226,2397303,1907,477,120737,56.7404,130.21,1917,-1,ok,1,1,0,128.443,-1,0
2,55,3160580,2590500,1640,410,78923,34.9289,127.022,1643,-1,ok,1,1,0,125.79,-1,0
2,56,3063115,1271576,1534,384,92921,42.7827,131.99,1533,-1,ok,1,1,0,130.672,-1,0
2,57,471188,1449834,1138,284,52521,23.2173,125.598,1148,-1,ok,1,1,1,124.102,1138,1
2,58,1353978,2059850,918,233,57901,27.3963,132.603,929,-1,ok,1,1,0,131.392,-1,0
2,59,2540733,1967844,911,228,72481,34.9261,90.4506,916,-1,ok,1,1,1,89.2918,911,1
2,60,2700562,1997667,1296,325,88187,41.28,102.897,1303,-1,ok,1,1,1,101.565,1296,1
2,61,1637568,2044505,363,91,12222,5.32452,9.1413,368,-1,ok,1,1,1,8.53121,363,1
2,62,1801679,2696751,1870,469,123308,58.7793,118.746,1897,-1,ok,1,1,0,117.379,-1,0
2,63,598957,2906552,1287,322,81557,38.0039,7.90128,1286,-1,ok,1,1,1,5.58212,1287,1
2,64,1955372,794087,930,234,72578,34.4499,61.85,933,-1,ok,1,1,1,60.4118,930,1
2,65,2039260,2947726,1193,301,63747,30.1592,123.053,1201,-1,ok,1,1,1,121.454,1193,1
2,66,556924,1599250,705,177,36221,15.7381,35.9079,706,-1,ok,1,1,1,34.9038,705,1
2,67,278380,2626389,2296,579,134090,60.495,135.636,2321,-1,ok,1,1,0,133.429,-1,0
2,68,2339398,455629,2015,504,136184,63.3233,144.073,2017,-1,ok,1,1,0,142.322,-1,0
2,69,2397188,1012607,1150,289,81728,52.8947,135.534,1155,-1,ok,1,1,0,134.037,-1,0
2,70,2467967,715435,1642,415,95192,50.928,114.773,1667,-1,ok,1,1,0,113.049,-1,0
2,71,279709,835397,829,209,37538,17.0102,58.2141,836,-1,ok,1,1,1,56.9647,829,1
2,72,825921,1088080,805,202,31935,15.587,21.3663,808,-1,ok,1,1,1,20.6668,805,1
2,73,2686056,3089348,412,104,12896,5.94749,1.14474,413,-1,ok,0,0,0,0,412,1
2,74,935096,1634738,947,239,74074,38.1649,94.0379,957,-1,ok,1,1,1,92.8088,947,1
2,75,384006,760874,877,220,39223,16.9984,45.6885,877,-1,ok,1,1,1,44.6968,877,1
2,76,1947155,898061,889,224,65016,34.8005,63.0826,895,-1,ok,1,1,1,61.3837,889,1
2,77,658137,789793,329,83,7871,3.19818,5.39722,331,-1,ok,1,1,1,5.05063,329,1
2,78,363830,2056905,2015,505,103855,50.2532,132.862,2021,-1,ok,1,1,0,131.266,-1,0
2,79,1761748,2892020,756,190,55886,28.4543,35.9749,757,-1,ok,1,1,1,34.4595,756,1
2,80,2351211,2029768,1106,278,67931,32.2852,76.3889,1125,-1,ok,1,1,1,75.1841,1106,1
2,81,647090,520796,364,91,12965,5.84236,8.9014,362,-1,ok,1,1,1,8.47812,364,1
2,82,2202913,1998284,1606,402,114602,59.3256,113.476,1619,-1,ok,1,1,0,112.183,-1,0
2,83,2307907,2951731,1581,396,107757,55.6641,99.623,1579,-1,ok,1,1,1,98.2377,1581,1
2,84,1871832,591133,1610,415,110094,57.5902,112.164,1686,-1,ok,1,1,1,109.996,1610,1
2,85,1820468,769068,784,197,60868,29.7959,39.4117,787,-1,ok,1,1,1,37.9366,784,1
2,86,618657,2879486,1405,352,93967,46.2465,42.8719,1409,-1,ok,1,1,1,40.5343,1405,1
2,87,759127,2437547,1913,483,126928,62.3559,142.864,1935,-1,ok,1,1,0,141.215,-1,0
2,88,2003626,436977,2082,521,132359,67.5152,117.952,2091,-1,ok,1,1,0,115.984,-1,0
2,89,2088216,2111650,95,24,745,0.356081,1.38399,93,-1,ok,1,1,1,1.19512,95,1
2,90,2481203,2200930,683,172,44212,21.7497,26.3792,685,-1,ok,1,1,1,25.6459,683,1
2,91,1827763,2791217,1053,265,100152,52.4957,127.854,1071,-1,ok,1,1,0,126.851,-1,0
2,92,1980418,1582954,557,145,24219,11.0219,16.6433,583,-1,ok,1,1,1,16.1167,557,1
2,93,705039,752842,1000,251,58535,26.0497,44.4725,1007,-1,ok,1,1,1,43.5979,1000,1
2,94,1158854,739502,341,85,9260,4.11416,11.0992,343,-1,ok,1,1,1,10.5012,341,1
2,95,1350833,836719,972,243,86558,50.7881,55.6205,971,-1,ok,1,1,1,54.6449,972,1
2,96,1556785,647066,1224,308,80910,41.2634,76.9916,1232,-1,ok,1,1,1,75.3745,1224,1
2,97,1944954,1109435,783,197,60392,28.6556,64.7632,785,-1,ok,1,1,1,63.6024,783,1
2,98,2668191,348531,1839,460,126437,59.6609,120.608,1837,-1,ok,1,1,0,118.872,-1,0
2,99,476033,1903328,1168,293,72977,32.352,2.38129,1177,-1,ok,0,0,0,0,1176,1
2,100,795218,590026,122,32,1666,0.634987,0.87346,125,-1,ok,1,1,1,0.665935,122,1
2,101,763468,1260833,843,211,29706,12.3943,0.780917,844,-1,ok,0,0,0,0,843,1
2,102,3155979,534005,2083,522,124973,55.4964,121.145,2102,-1,ok,1,1,0,118.813,-1,0
2,103,2671843,2035386,1097,276,77215,35.1301,83.2882,1101,-1,ok,1,1,1,82.0557,1097,1
2,104,1072087,2077094,1175,297,96971,48.4002,67.5337,1193,-1,ok,1,1,1,65.8238,1175,1
2,105,1830266,867972,1628,408,123983,63.7907,136.193,1631,-1,ok,1,1,0,135.179,-1,0
2,106,2009385,672463,1221,306,102717,52.2922,118.495,1230,-1,ok,1,1,0,117.327,-1,0
2,107,1277732,1289510,1175,295,72422,42.4455,73.9359,1178,-1,ok,1,1,1,72.716,1175,1
2,108,383929,2086407,1268,318,67355,29.7162,129.301,1271,-1,ok,1,1,0,127.662,-1,0
2,109,2032078,1699736,1336,336,77248,38.316,25.9034,1349,-1,ok,1,1,1,24.9089,1336,1
2,110,958411,907673,588,146,32991,15.0346,23.7926,594,-1,ok,1,1,1,23.1994,588,1
2,111,345881,908168,999,251,32175,13.3901,1.27656,1002,-1,ok,0,0,0,0,1001,1
2,112,921927,2826328,1275,318,73623,32.8543,64.1469,1287,-1,ok,1,1,1,62.3185,1275,1
2,113,558628,2150100,1156,290,66941,29.3851,79.1932,1161,-1,ok,1,1,1,77.3136,1156,1
2,114,732091,2459630,1421,356,97003,47.3442,118.278,1435,-1,ok,1,1,0,116.478,-1,0
2,115,398823,391093,624,156,26005,11.4113,18.3105,633,-1,ok,1,1,1,17.7133,624,1
2,116,1510629,2959878,1054,265,78004,37.7101,74.6848,1060,-1,ok,1,1,1,73.0816,1054,1
2,117,2096552,3082996,592,149,34369,15.6414,1.58276,593,-1,ok,0,0,0,0,592,1
2,118,773297,2535823,1305,327,94971,44.8674,41.9796,1319,-1,ok,1,1,1,40.2324,1305,1
2,119,1540653,367496,2008,502,131916,67.2405,130.31,2017,-1,ok,1,1,0,128.686,-1,0
2,120,457915,1822951,1394,350,86233,40.644,139.899,1403,-1,ok,1,1,0,138.875,-1,0
2,121,2144069,523360,2086,525,130911,64.8092,113.13,2109,-1,ok,1,1,0,111.65,-1,0
2,122,1935902,3090329,1268,319,126501,63.1845,133.629,1274,-1,ok,1,1,0,132.361,-1,0
2,123,2854140,1596178,937,235,56090,24.5079,29.1732,938,-1,ok,1,1,1,27.452,937,1
2,124,1967913,1747145,807,202,51005,24.4641,7.06262,817,-1,ok,1,1,1,6.57086,807,1
2,125,2263205,1655305,838,217,60892,27.9072,23.606,875,-1,ok,1,1,1,22.7164,838,1
2,126,2506297,1143924,984,248,68494,31.3289,53.5151,990,-1,ok,1,1,1,52.0259,984,1
2,127,1448472,1364093,562,142,24000,10.9225,0.88926,569,-1,ok,0,0,0,0,568,1
2,128,1724010,2154870,1418,360,114878,55.9013,110.564,1449,-1,ok,1,1,0,109.514,-1,0
2,129,840467,2529952,1656,416,59230,28.1377,77.0895,1664,-1,ok,1,1,1,74.7083,1656,1
2,130,1792217,1212610,345,87,12570,5.28838,3.45665,345,-1,ok,1,1,1,2.70378,345,1
2,131,1328134,3208212,1967,492,132426,65.1036,128.573,1985,-1,ok,1,1,0,126.796,-1,0
2,132,2891864,1675347,959,240,58536,25.2516,73.7605,961,-1,ok,1,1,1,72.065,959,1
2,133,2410465,2443796,1103,277,56584,25.3331,36.0435,1116,-1,ok,1,1,1,35.1362,1103,1
2,134,558433,2250280,1093,274,55255,24.8275,46.5254,1093,-1,ok,1,1,1,44.745,1093,1
2,135,1187532,720690,1013,254,69014,32.7941,61.9081,1013,-1,ok,1,1,1,61.038,1013,1
2,136,2710078,1125700,1258,315,91504,42.7525,128.276,1260,-1,ok,1,1,0,126.88,-1,0
2,137,342829,2650131,1580,397,101455,44.3727,122.967,1585,-1,ok,1,1,0,121.17,-1,0
2,138,381156,591400,523,132,12716,5.27343,6.72373,525,-1,ok,1,1,1,6.05245,523,1
2,139,620591,3052362,1412,353,89211,41.8807,23.9906,1414,-1,ok,1,1,1,21.5024,1412,1
2,140,1838465,1180686,1541,386,133360,63.7068,112.847,1577,-1,ok,1,1,0,111.47,-1,0
2,141,2808277,2315654,851,214,31478,13.1512,46.9788,868,-1,ok,1,1,1,46.0705,851,1
2,142,2598310,2422034,222,56,5309,2.19881,5.27727,221,-1,ok,1,1,1,5.03352,222,1
2,143,2845436,1668194,730,184,28122,11.0676,19.6285,745,-1,ok,1,1,1,18.5672,730,1
2,144,2382918,526772,1377,344,91698,43.6622,122.355,1385,-1,ok,1,1,0,120.504,-1,0
2,145,1931999,438444,1275,321,110076,54.298,113.77,1289,-1,ok,1,1,0,112.646,-1,0
2,146,2679978,515339,2241,562,130462,59.9587,137.392,2261,-1,ok,1,1,0,135.627,-1,0
2,147,2803019,1915102,1793,450,112153,52.084,116.482,1817,-1,ok,1,1,0,115.251,-1,0
2,148,913089,1331566,1323,330,90249,44.4897,107.451,1327,-1,ok,1,1,0,106.482,-1,0
2,149,634343,2276336,1305,328,87265,41.6714,128.039,1309,-1,ok,1,1,0,126.427,-1,0
2,150,1481794,3181212,1228,308,81158,39.3653,82.9507,1237,-1,ok,1,1,1,80.951,1228,1
2,151,1474634,422363,1314,329,99686,49.959,116.722,1313,-1,ok,1,1,0,115.704,-1,0
2,152,1834575,3226322,1174,294,77809,37.6447,92.3514,1181,-1,ok,1,1,1,90.7476,1174,1
2,153,3024705,540222,1863,467,124026,54.1039,118.68,1870,-1,ok,1,1,0,116.881,-1,0
2,154,3044639,2920559,189,48,3701,1.47166,3.61212,189,-1,ok,1,1,1,3.3463,189,1
2,155,1228220,1631674,478,120,20747,9.34793,22.6928,477,-1,ok,1,1,1,22.2479,478,1
2,156,1536072,283775,1199,300,109257,53.138,123.562,1198,-1,ok,1,1,0,122.664,-1,0
2,157,3193672,1640899,1490,373,77175,34.4739,111.483,1505,-1,ok,1,1,0,110.251,-1,0
2,158,1364886,1417986,1253,319,97510,48.5018,98.9562,1279,-1,ok,1,1,0,97.7548,-1,0
2,159,1323479,1948892,1160,292,84752,40.989,67.2022,1167,-1,ok,1,1,1,66.0965,1160,1
2,160,329635,3138202,2157,541,110332,49.7926,132.326,2169,-1,ok,1,1,0,130.133,-1,0
2,161,2199138,2165892,958,241,73474,34.8128,32.3818,963,-1,ok,1,1,1,31.6183,958,1
2,162,2332432,2665491,284,72,7483,3.08701,7.4388,289,-1,ok,1,1,1,6.99606,284,1
2,163,2554867,820141,1438,361,108502,50.4873,116.903,1441,-1,ok,1,1,0,115.725,-1,0
2,164,816636,1589983,1083,272,69638,31.7954,114.35,1086,-1,ok,1,1,1,113.091,1083,1
2,165,2144577,2486159,628,158,38316,17.3454,18.4834,645,-1,ok,1,1,1,17.902,628,1
2,166,2257019,735014,1996,505,122925,58.7979,121.795,2031,-1,ok,1,1,0,120.294,-1,0
2,167,2095650,935010,1005,257,66134,31.7157,78.5127,1033,-1,ok,1,1,1,77.0547,1005,1
2,168,312457,989659,778,195,26201,10.9665,19.0232,785,-1,ok,1,1,1,17.9236,778,1
2,169,2882141,1067685,1170,293,56643,24.6371,2.6629,1183,-1,ok,0,0,0,0,1182,1
2,170,1662824,2681105,1085,273,82071,39.5498,129.954,1105,-1,ok,1,1,0,128.876,-1,0
2,171,1703180,546367,1232,308,90364,45.4871,119.524,1241,-1,ok,1,1,0,118.525,-1,0
2,172,2090483,588991,1314,329,113515,54.8915,119.438,1331,-1,ok,1,1,1,117.52,1314,1
2,173,2669970,1153251,1524,381,105764,48.0792,118.237,1529,-1,ok,1,1,0,117.102,-1,0
2,174,2801102,1556461,1651,414,95222,44.6513,116.623,1674,-1,ok,1,1,0,115.518,-1,0
2,175,2862760,2446461,730,184,40536,17.2251,28.8001,751,-1,ok,1,1,1,27.9795,730,1
2,176,1728209,2803901,1739,435,117064,56.8111,2.00763,1750,-1,ok,0,0,0,0,1749,1
2,177,330269,1345015,1018,256,56024,23.2778,121.612,1027,-1,ok,1,1,1,120.14,1018,1
2,178,3017924,2896984,407,103,13102,5.24884,0.620602,410,-1,ok,0,0,0,0,409,1
2,179,910292,1126401,229,58,4485,1.78974,0.30226,232,-1,ok,0,0,0,0,231,1
2,180,2006593,1670863,1240,310,90852,50.2222,24.246,1251,-1,ok,1,1,1,23.2727,1240,1
2,181,2078347,3155254,1385,348,127291,61.1986,121.979,1395,-1,ok,1,1,0,120.161,-1,0
2,182,2709648,2878665,277,70,6232,2.5386,5.70578,278,-1,ok,1,1,1,5.30596,277,1
2,183,460429,2828556,1989,498,119134,54.7173,135.299,2003,-1,ok,1,1,0,133.368,-1,0
2,184,909956,1352984,474,119,22025,10.0116,18.4569,474,-1,ok,1,1,1,17.7928,474,1
2,185,2598310,614849,1241,311,97655,45.2756,60.0024,1257,-1,ok,1,1,1,57.9271,1241,1
2,186,1732162,381072,1507,377,126098,59.6344,118,1505,-1,ok,1,1,0,116.891,-1,0
2,187,2864255,987151,1339,339,79579,35.7527,108.666,1361,-1,ok,1,1,0,107.326,-1,0
2,188,613280,1998545,1505,377,98338,46.4902,132.444,1513,-1,ok,1,1,0,131.1,-1,0
2,189,769257,2619619,1324,332,85907,40.3813,51.8932,1327,-1,ok,1,1,1,49.4437,1324,1
2,190,1700379,924636,488,124,27023,11.9161,9.5674,494,-1,ok,1,1,1,8.85377,488,1
2,191,489236,2011181,1701,427,102031,46.5705,139.88,1715,-1,ok,1,1,0,138.809,-1,0
2,192,1225462,1170705,1015,254,60636,29.2464,33.2559,1013,-1,ok,1,1,1,32.4179,1015,1
2,193,1873151,1744747,675,170,46420,21.5482,13.603,677,-1,ok,1,1,1,13.0518,675,1
2,194,2468599,2302602,643,161,37457,15.9242,31.9502,651,-1,ok,1,1,1,31.3739,643,1
2,195,2943977,2062115,628,157,30317,12.4763,24.8194,631,-1,ok,1,1,1,23.8465,628,1
2,196,587996,382135,775,195,36663,15.6953,21.3799,777,-1,ok,1,1,1,20.7114,775,1
2,197,1795388,2559139,975,244,90454,45.3821,128.732,976,-1,ok,1,1,0,127.702,-1,0
2,198,430706,1816036,1949,489,115337,51.6141,130.01,1973,-1,ok,1,1,0,128.005,-1,0
2,199,2709791,743716,1567,392,118842,53.8428,141.671,1572,-1,ok,1,1,0,140.222,-1,0
2,200,2317486,1682523,790,198,58952,27.2255,68.4922,802,-1,ok,1,1,1,67.5699,790,1
2,201,848074,2660956,1289,324,68587,30.8885,54.4864,1299,-1,ok,1,1,1,52.682,1289,1
2,202,2051630,2425358,880,221,59077,27.6481,44.0332,887,-1,ok,1,1,1,43.2997,880,1
2,203,2138232,3170486,1784,448,113362,54.1416,135.351,1795,-1,ok,1,1,0,133.794,-1,0
2,204,1443071,807450,574,144,26287,16.9569,18.4248,573,-1,ok,1,1,1,17.5565,574,1
2,205,1144422,3049691,2080,525,135109,64.8141,131.003,2125,-1,ok,1,1,0,128.945,-1,0
2,206,377442,2376747,1648,413,96416,43.5176,124.615,1652,-1,ok,1,1,0,122.916,-1,0
2,207,1401797,2931005,1642,416,125309,62.1173,133.047,1686,-1,ok,1,1,0,131.672,-1,0
2,208,2488208,1785008,991,249,65021,29.3343,94.4757,999,-1,ok,1,1,1,93.3821,991,1
2,209,2517430,2632913,587,148,33760,14.9432,33.6947,595,-1,ok,1,1,1,33.0222,587,1
2,210,1804529,2670473,625,157,42037,19.5384,29.1101,625,-1,ok,1,1,1,28.0729,625,1
2,211,792304,2700845,1601,401,95782,45.6256,2.48363,1602,-1,ok,0,0,0,0,1601,1
2,212,292558,448522,757,190,32527,13.4939,12.5555,768,-1,ok,1,1,1,12.0495,757,1
2,213,2987559,1182868,2093,523,125980,55.5456,136.161,2104,-1,ok,1,1,0,134.427,-1,0
2,214,3031564,1350417,1027,258,43352,18.9412,32.2228,1035,-1,ok,1,1,1,30.8783,1027,1
2,215,3155823,373649,2172,551,121587,54.3471,109.965,2217,-1,ok,1,1,0,108.044,-1,0
2,216,371781,1935939,921,233,51451,22.4364,22.8096,931,-1,ok,1,1,1,21.0041,921,1
2,217,2855984,2571946,520,130,22449,9.48737,23.5832,517,-1,ok,1,1,1,23.0042,520,1
2,218,465556,3102078,1943,487,127788,56.1844,134.935,1945,-1,ok,1,1,0,133.111,-1,0
2,219,3106562,1461822,2273,570,123289,54.7149,133.159,2291,-1,ok,1,1,0,131.373,-1,0
2,220,2389443,1100586,779,196,60363,28.0824,17.1538,785,-1,ok,1,1,1,15.9801,779,1
2,221,1209891,3199598,1812,454,117798,55.5283,133.283,1821,-1,ok,1,1,0,131.571,-1,0
2,222,1628263,3038908,1441,359,132420,64.6171,133.338,1451,-1,ok,1,1,0,132.27,-1,0
2,223,996318,538495,877,221,70439,32.9776,31.2207,883,-1,ok,1,1,1,30.3914,877,1
2,224,2666230,1916875,1680,422,110725,51.5805,115.779,1705,-1,ok,1,1,0,114.757,-1,0
2,225,1214391,1343195,898,226,68114,31.9663,19.499,901,-1,ok,1,1,1,18.9079,898,1
2,226,650861,1693026,614,155,31549,13.5089,9.73963,625,-1,ok,1,1,1,8.74893,614,1
2,227,1007288,1215730,474,120,20655,8.27117,9.37287,477,-1,ok,1,1,1,9.06305,474,1
2,228,2161129,565602,1613,405,132957,67.6352,131.8,1620,-1,ok,1,1,0,130.518,-1,0
2,229,2785103,1597956,1513,380,98972,45.7608,114.357,1537,-1,ok,1,1,0,113.081,-1,0
2,230,1392321,355276,821,206,67116,31.8328,1.59595,828,-1,ok,0,0,0,0,827,1
2,231,2051789,1806580,591,147,19151,7.71037,12.5705,585,-1,ok,1,1,1,11.985,591,1
2,232,1102446,3057237,1135,286,98991,47.5682,14.1348,1143,-1,ok,1,1,1,12.4091,1135,1
2,233,2397085,1013039,923,231,64643,29.5374,34.7746,921,-1,ok,1,1,1,33.3974,923,1
2,234,1287529,1866275,1267,318,98209,48.1631,116.935,1271,-1,ok,1,1,0,115.982,-1,0
2,235,1687683,418136,1252,313,122970,60.0923,136.418,1251,-1,ok,1,1,0,135.265,-1,0
2,236,2722809,932643,2100,526,131995,57.9096,133.492,2110,-1,ok,1,1,0,132.179,-1,0
2,237,2665523,3047256,1417,356,86111,40.9302,141.459,1425,-1,ok,1,1,0,139.861,-1,0
2,238,1923409,2905912,843,211,70852,33.7931,71.8638,850,-1,ok,1,1,1,70.6481,843,1
2,239,875283,1311303,664,167,32236,14.0984,20.3188,675,-1,ok,1,1,1,19.6506,664,1
2,240,2918198,639738,1606,407,95427,44.9742,111.73,1633,-1,ok,1,1,0,110.098,-1,0
2,241,1337751,1159597,145,37,2233,0.898676,2.44003,146,-1,ok,1,1,1,2.14512,145,1
2,242,1804529,3222731,986,248,101189,49.7993,72.2907,1003,-1,ok,1,1,1,70.4689,986,1
2,243,2545706,1651771,1162,291,74921,33.6677,113.583,1175,-1,ok,1,1,0,112.65,-1,0
2,244,807710,2239366,1940,490,129392,59.8636,137.722,1962,-1,ok,1,1,0,136.228,-1,0
2,245,3201629,632825,1631,409,100532,44.1211,50.534,1643,-1,ok,1,1,1,48.2804,1631,1
2,246,2019093,3174345,1036,260,83863,40.6589,57.0564,1045,-1,ok,1,1,1,55.6109,1036,1
2,247,2955346,1703765,1276,320,59195,25.1812,130.801,1281,-1,ok,1,1,0,129.548,-1,0
2,248,541380,1361733,957,239,40518,17.3584,1.49511,960,-1,ok,0,0,0,0,959,1
2,249,3113781,786831,2642,662,133799,58.2296,131.433,2649,-1,ok,1,1,0,129.775,-1,0
2,250,726020,696308,1081,271,63469,33.1709,30.4013,1089,-1,ok,1,1,1,29.4555,1081,1
2,251,553589,2992564,1414,354,95631,43.0449,28.3887,1433,-1,ok,1,1,1,26.0319,1414,1
2,252,1843611,2188440,1312,330,95740,47.5937,102.663,1325,-1,ok,1,1,1,101.413,1312,1
2,253,334027,2354825,1725,436,108308,47.8866,138.286,1748,-1,ok,1,1,0,136.85,-1,0
2,254,2138232,528223,1703,431,106779,52.0164,117.002,1729,-1,ok,1,1,0,115.51,-1,0
2,255,2920261,1514740,1066,268,63857,27.0855,67.1454,1082,-1,ok,1,1,1,65.6811,1066,1
2,256,1963166,1687516,403,101,15196,6.4303,16.0792,404,-1,ok,1,1,1,15.6587,403,1
2,257,610635,2538272,1234,309,69645,31.3155,51.1435,1239,-1,ok,1,1,1,49.2072,1234,1
2,258,2978886,649484,1616,404,51104,23.111,125.384,1623,-1,ok,1,1,1,122.509,1616,1
2,259,769160,1514768,962,243,49546,22.1004,52.5546,978,-1,ok,1,1,1,51.5569,962,1
2,260,3115044,1697807,1444,362,89141,39.3829,135.395,1449,-1,ok,1,1,0,133.877,-1,0
2,261,1835879,2014773,1360,340,84227,40.6806,98.3167,1393,-1,ok,1,1,1,97.1218,1360,1
2,262,1550309,1217369,267,68,6585,2.75769,0.552295,272,-1,ok,0,0,0,0,271,1
2,263,1455274,2689959,801,201,64812,30.1712,24.9721,805,-1,ok,1,1,1,23.8996,801,1
2,264,1863586,2791354,1283,322,112213,54.6191,137.952,1293,-1,ok,1,1,0,136.937,-1,0
2,265,1878699,2430675,931,234,74947,36.1139,70.9666,937,-1,ok,1,1,1,69.9111,931,1
2,266,1109092,2589721,1865,467,117935,56.8342,132.804,1881,-1,ok,1,1,0,131.426,-1,0
2,267,2786859,1809984,1068,269,58771,25.8354,111.895,1090,-1,ok,1,1,1,110.473,1068,1
2,268,2948186,2866807,424,107,8051,3.00364,8.18307,425,-1,ok,1,1,1,7.79829,424,1
2,269,837275,3217710,2157,540,124462,56.6638,129.941,2159,-1,ok,1,1,0,128.027,-1,0
2,270,1633134,3007164,1393,350,115521,56.2614,128.808,1411,-1,ok,1,1,0,127.831,-1,0
2,271,3177553,363823,1951,489,113503,49.9041,128.125,1959,-1,ok,1,1,0,126.162,-1,0
2,272,1545611,2173818,374,94,12194,5.44062,3.89078,373,-1,ok,1,1,1,3.137,374,1
2,273,2234670,1030403,742,187,55412,25.6782,12.9915,749,-1,ok,1,1,1,11.9608,742,1
2,274,1061263,517752,391,100,15929,6.78119,7.01236,397,-1,ok,1,1,1,6.50376,391,1
2,275,2611184,1093057,1834,460,121033,54.5359,138.47,1845,-1,ok,1,1,0,137.024,-1,0
2,276,1860944,3238002,887,224,51765,24.3491,10.4295,896,-1,ok,1,1,1,8.91445,887,1
2,277,2169703,1399028,791,198,57034,26.1072,45.744,802,-1,ok,1,1,1,44.8417,791,1
2,278,1948620,2128617,131,35,2019,0.791187,1.69563,137,-1,ok,1,1,1,1.48233,131,1
2,279,2566018,882646,1597,400,126203,57.8312,128.513,1601,-1,ok,1,1,0,126.812,-1,0
2,280,929280,999352,167,42,2913,1.21586,2.70024,165,-1,ok,1,1,1,2.50515,167,1
2,281,924154,2537686,1628,408,123619,56.5252,130.893,1645,-1,ok,1,1,0,129.278,-1,0
2,282,2000652,1137046,874,219,74633,36.067,57.5119,872,-1,ok,1,1,1,56.2929,874,1
2,283,2582565,607763,1299,326,92801,44.7823,85.3892,1305,-1,ok,1,1,1,82.7924,1299,1
2,284,3245185,785165,2684,673,129565,62.5084,120.698,2702,-1,ok,1,1,0,118.467,-1,0
2,285,1231498,2364091,1022,256,57754,26.6455,90.5686,1021,-1,ok,1,1,1,89.0817,1022,1
2,286,1066192,1226502,199,50,2860,1.17218,4.8321,197,-1,ok,1,1,1,4.56067,199,1
2,287,1869193,2052669,328,82,11626,4.96788,11.2387,332,-1,ok,1,1,1,10.8778,328,1
2,288,2994814,3098447,829,208,33917,16.6916,21.4974,829,-1,ok,1,1,1,20.9151,829,1
2,289,1797269,848583,613,155,43400,20.1876,17.9056,617,-1,ok,1,1,1,17.0503,613,1
2,290,1214793,1750358,1135,285,61943,29.1367,35.7072,1143,-1,ok,1,1,1,34.701,1135,1
2,291,2831898,2102650,653,164,28961,12.3859,43.764,663,-1,ok,1,1,1,42.7397,653,1
2,292,2244867,2707981,771,195,32040,13.8716,31.9258,782,-1,ok,1,1,1,31.1453,771,1
2,293,1073058,1365640,1214,305,66934,30.7716,63.1022,1235,-1,ok,1,1,1,62.0125,1214,1
2,294,2216425,1540683,1508,379,124497,59.8192,95.4554,1525,-1,ok,1,1,0,94.2508,-1,0
2,295,2060741,2215164,463,116,13693,5.84017,9.16923,462,-1,ok,1,1,1,8.73666,463,1
2,296,1441555,704228,1628,407,115985,56.0426,113.165,1625,-1,ok,1,1,0,112.071,-1,0
2,297,2513611,686770,1174,295,93989,46.5494,54.8221,1193,-1,ok,1,1,1,52.6262,1174,1
2,298,1306030,2886412,938,236,83668,41.1771,21.5638,947,-1,ok,1,1,1,20.179,938,1
2,299,404356,1929489,1380,345,79913,34.6527,119.224,1391,-1,ok,1,1,0,117.74,-1,0
3,0,2654607,497695,1710,215,30496,16.366,133.542,1803,-1,ok,1,1,0,130.356,-1,0
3,1,2221473,1571062,1589,200,26686,10.6997,86.4487,1647,-1,ok,1,1,1,84.0551,1589,1
3,2,641811,2589149,1344,169,23908,9.4632,120.946,1354,-1,ok,1,1,0,118.685,-1,0
3,3,2250714,2339143,278,35,1926,0.748537,5.3419,273,-1,ok,1,1,1,5.01904,278,1
3,4,2536396,353659,1876,236,29040,10.9928,120.936,1937,-1,ok,1,1,0,117.311,-1,0
3,5,916591,1430479,1191,150,18965,7.54149,73.5812,1203,-1,ok,1,1,1,72.0342,1191,1
3,6,500826,2935247,2173,272,32210,12.0899,133.594,2205,-1,ok,1,1,0,130.594,-1,0
3,7,2429283,2288496,465,59,5883,2.43667,13.0098,475,-1,ok,1,1,1,12.4891,465,1
3,8,502542,1287255,645,83,4957,1.82973,43.8703,674,-1,ok,1,1,1,42.6014,645,1
3,9,2726054,800471,1487,187,28951,10.9543,115.371,1503,-1,ok,1,1,0,113.31,-1,0
3,10,3031784,709412,1662,209,27181,10.3855,121.483,1697,-1,ok,1,1,0,118.898,-1,0
3,11,813038,2649998,1861,236,33768,12.6316,136.091,1903,-1,ok,1,1,0,133.913,-1,0
3,12,2906523,1340129,1264,158,19873,7.54037,83.9609,1282,-1,ok,1,1,1,81.4688,1264,1
3,13,2198005,2773306,1504,189,23967,9.48268,102.992,1521,-1,ok,1,1,0,101.509,-1,0
3,14,1009630,2195480,1009,126,11487,4.62905,77.696,1013,-1,ok,1,1,1,75.6238,1009,1
3,15,2077961,2827531,1186,149,29668,11.4976,127.134,1205,-1,ok,1,1,0,126.025,-1,0
3,16,1553701,2469994,602,77,6131,2.47395,7.12613,629,-1,ok,1,1,1,5.92938,602,1
3,17,2490161,384400,1409,177,29762,11.2768,101.867,1421,-1,ok,1,1,0,99.8953,-1,0
3,18,2599025,2034587,1669,210,22041,8.8894,120.382,1706,-1,ok,1,1,0,118.686,-1,0
3,19,1181060,2927824,1734,218,29657,11.536,132.21,1779,-1,ok,1,1,0,130.288,-1,0
3,20,645781,614849,395,50,3154,1.21102,6.20755,393,-1,ok,1,1,1,5.69887,395,1
3,21,2468056,2256643,1145,143,15803,6.08267,33.2569,1173,-1,ok,1,1,1,32.3675,1145,1
3,22,251497,3219170,2176,273,33664,12.489,118.756,2207,-1,ok,1,1,0,115.964,-1,0
3,23,569297,2803754,1948,244,30615,11.5531,127.429,1991,-1,ok,1,1,0,125.349,-1,0
3,24,2520461,1501553,674,85,9508,3.67278,25.2972,679,-1,ok,1,1,1,24.058,674,1
3,25,2003860,731758,1205,154,22463,8.96125,116.814,1244,-1,ok,1,1,0,115.842,-1,0
3,26,613334,2557422,1168,147,18129,6.9932,38.709,1195,-1,ok,1,1,1,36.6859,1168,1
3,27,387537,2005469,1167,148,15822,6.06209,105.65,1212,-1,ok,1,1,1,103.28,1167,1
3,28,344125,2584166,2379,298,32374,12.0751,129.056,2437,-1,ok,1,1,0,127.206,-1,0
3,29,2992346,1955386,784,99,10716,4.13622,37.3417,793,-1,ok,1,1,1,35.9113,784,1
3,30,2891864,2043208,1327,167,24254,9.37033,127.823,1337,-1,ok,1,1,0,126.252,-1,0
3,31,593449,1109625,711,90,8353,3.17281,1.15947,728,-1,ok,0,0,0,0,727,1
3,32,2770066,477636,2303,291,32126,11.5682,115.16,2359,-1,ok,1,1,0,112.991,-1,0
3,33,1568488,2024378,743,94,14200,5.63555,49.4255,767,-1,ok,1,1,1,48.5527,743,1
3,34,2636861,1355914,1868,235,25236,9.82303,119.784,1897,-1,ok,1,1,0,118.241,-1,0
3,35,2807379,1728601,1223,153,20060,7.61987,139.024,1252,-1,ok,1,1,0,137.51,-1,0
3,36,548195,1129534,384,49,3352,1.3109,8.08272,389,-1,ok,1,1,1,7.41275,384,1
3,37,1403079,1097550,787,99,16225,6.3776,53.6753,797,-1,ok,1,1,1,52.5822,787,1
3,38,1098506,2400310,1127,141,20116,8.04159,125.195,1151,-1,ok,1,1,0,124.082,-1,0
3,39,549302,2763681,1609,202,23523,9.40495,118.148,1633,-1,ok,1,1,0,115.916,-1,0
3,40,2830387,1329031,990,125,17053,6.6,42.6626,1005,-1,ok,1,1,1,40.904,990,1
3,41,2571837,1609971,1200,151,19404,7.54199,128.141,1211,-1,ok,1,1,0,127.019,-1,0
3,42,2269545,949398,1480,187,26434,10.5151,138.225,1503,-1,ok,1,1,0,136.764,-1,0
3,43,2386550,2005422,1757,227,31606,12.0051,105.688,1837,-1,ok,1,1,0,104.381,-1,0
3,44,3228329,1091487,1429,181,22668,9.4069,122.483,1453,-1,ok,1,1,0,120.143,-1,0
3,45,1252674,2899369,1220,154,9609,3.82034,48.3082,1233,-1,ok,1,1,1,45.9751,1220,1
3,46,1245004,2631833,1742,218,34826,13.2918,137.704,1803,-1,ok,1,1,0,135.997,-1,0
3,47,2746631,1120353,1791,225,21721,8.98952,126.449,1840,-1,ok,1,1,0,124.99,-1,0
3,48,1545941,1034885,778,99,10070,4.0486,79.2467,849,-1,ok,1,1,1,77.6535,778,1
3,49,707664,3179843,2152,269,31506,12.0018,124.695,2178,-1,ok,1,1,0,122.524,-1,0
3,50,2697605,251222,1758,220,31578,11.7603,89.7532,1801,-1,ok,1,1,1,86.6929,1758,1
3,51,598957,1160461,516,66,4697,1.85037,33.87,537,-1,ok,1,1,1,33.0494,516,1
3,52,2808838,629110,1283,164,24499,9.54214,19.2665,1343,-1,ok,1,1,1,17.3299,1283,1
3,53,2674667,2450469,1734,219,21208,8.37782,112.571,1753,-1,ok,1,1,0,111.317,-1,0
3,54,902226,2397303,1907,239,31481,12.2848,129.856,1927,-1,ok,1,1,0,128.226,-1,0
3,55,3160580,2590500,1640,205,20199,7.86755,128.008,1639,-1,ok,1,1,0,126.615,-1,0
3,56,3063115,1271576,1534,192,23924,9.97682,131.908,1559,-1,ok,1,1,0,130.169,-1,0
3,57,471188,1449834,1138,142,13726,5.40392,123.47,1179,-1,ok,1,1,1,121.569,1138,1
3,58,1353978,2059850,918,116,14699,5.93066,126.166,941,-1,ok,1,1,0,124.841,-1,0
3,59,2540733,1967844,911,114,19082,7.34307,88.4214,925,-1,ok,1,1,1,87.1694,911,1
3,60,2700562,1997667,1296,163,22885,9.13218,103.645,1319,-1,ok,1,1,1,102.091,1296,1
3,61,1637568,2044505,363,46,3204,1.24748,9.31307,375,-1,ok,1,1,1,8.59971,363,1
3,62,1801679,2696751,1870,235,32157,12.0844,117.175,1907,-1,ok,1,1,0,115.914,-1,0
3,63,598957,2906552,1287,161,21400,8.45847,7.51584,1281,-1,ok,1,1,1,5.40441,1287,1
3,64,1955372,794087,930,117,18901,6.99357,60.7228,951,-1,ok,1,1,1,59.4659,930,1
3,65,2039260,2947726,1193,151,16458,6.57314,123.607,1217,-1,ok,1,1,1,122.107,1193,1
3,66,556924,1599250,705,90,9618,3.82486,30.2735,725,-1,ok,1,1,1,29.1363,705,1
3,67,278380,2626389,2296,290,34973,12.665,134.497,2351,-1,ok,1,1,0,132.317,-1,0
3,68,2339398,455629,2015,253,35579,13.6118,144.722,2047,-1,ok,1,1,0,142.626,-1,0
3,69,2397188,1012607,1150,145,21244,8.8585,129.617,1167,-1,ok,1,1,0,128.116,-1,0
3,70,2467967,715435,1642,207,24692,9.72342,112.175,1687,-1,ok,1,1,0,110.025,-1,0
3,71,279709,835397,829,106,9865,3.71608,53.3342,844,-1,ok,1,1,1,52.2414,829,1
3,72,825921,1088080,805,101,8443,3.20372,21.2526,826,-1,ok,1,1,1,20.399,805,1
3,73,2686056,3089348,412,52,3044,1.14119,24.1724,409,-1,ok,1,1,1,23.5394,412,1
3,74,935096,1634738,947,120,19201,7.54652,89.0663,993,-1,ok,1,1,1,87.737,947,1
3,75,384006,760874,877,111,10193,4.10914,46.1168,919,-1,ok,1,1,1,45.1022,877,1
3,76,1947155,898061,889,112,16136,6.47133,60.4865,901,-1,ok,1,1,1,58.8836,889,1
3,77,658137,789793,329,42,2032,0.775057,5.57435,342,-1,ok,1,1,1,5.12254,329,1
3,78,363830,2056905,2015,253,26913,10.2044,129.399,2049,-1,ok,1,1,0,127.765,-1,0
3,79,1761748,2892020,756,95,14446,5.78438,35.2471,769,-1,ok,1,1,1,33.9491,756,1
3,80,2351211,2029768,1106,139,17719,6.81599,73.3399,1157,-1,ok,1,1,1,72.2074,1106,1
3,81,647090,520796,364,46,3442,1.40041,8.81329,361,-1,ok,1,1,1,8.47427,364,1
3,82,2202913,1998284,1606,201,29626,11.31,102.552,1627,-1,ok,1,1,0,101.589,-1,0
3,83,2307907,2951731,1581,198,28158,10.969,95.5672,1583,-1,ok,1,1,1,94.1671,1581,1
3,84,1871832,591133,1610,208,28788,11.3661,105.027,1709,-1,ok,1,1,1,103.069,1610,1
3,85,1820468,769068,784,99,15778,6.26418,37.7926,795,-1,ok,1,1,1,36.7988,784,1
3,86,618657,2879486,1405,177,24726,14.1102,43.4171,1431,-1,ok,1,1,1,41.077,1405,1
3,87,759127,2437547,1913,242,33155,12.6362,138.706,1963,-1,ok,1,1,0,136.933,-1,0
3,88,2003626,436977,2082,260,34505,13.1182,116.853,2143,-1,ok,1,1,0,114.874,-1,0
3,89,2088216,2111650,95,12,186,0.094145,1.35035,89,-1,ok,1,1,1,1.17483,95,1
3,90,2481203,2200930,683,87,11423,4.53623,25.4352,689,-1,ok,1,1,1,24.8502,683,1
3,91,1827763,2791217,1053,133,26125,10.2363,125.799,1091,-1,ok,1,1,0,124.694,-1,0
3,92,1980418,1582954,557,73,6353,2.56113,16.6868,591,-1,ok,1,1,1,15.969,557,1
3,93,705039,752842,1000,126,15290,5.81591,43.4011,1019,-1,ok,1,1,1,42.4957,1000,1
3,94,1158854,739502,341,42,2347,0.897403,11.2791,329,-1,ok,1,1,1,10.5673,341,1
3,95,1350833,836719,972,121,22378,9.12011,54.5178,983,-1,ok,1,1,1,53.6066,972,1
3,96,1556785,647066,1224,155,21227,8.92622,75.0808,1248,-1,ok,1,1,1,73.4362,1224,1
3,97,1944954,1109435,783,99,15933,6.2279,62.4857,795,-1,ok,1,1,1,61.3569,783,1
3,98,2668191,348531,1839,232,33067,12.3469,116.272,1865,-1,ok,1,1,0,114.483,-1,0
3,99,476033,1903328,1168,147,19051,7.53712,2.43658,1191,-1,ok,0,0,0,0,1190,1
3,100,795218,590026,122,17,451,0.15617,0.782972,129,-1,ok,1,1,1,0.623596,122,1
3,101,763468,1260833,843,106,7791,2.5262,37.8819,859,-1,ok,1,1,1,37.2612,843,1
3,102,3155979,534005,2083,261,32523,12.0042,116.59,2111,-1,ok,1,1,0,114.271,-1,0
3,103,2671843,2035386,1097,138,19833,7.6983,80.226,1101,-1,ok,1,1,1,79.1242,1097,1
3,104,1072087,2077094,1175,149,25259,10.0547,65.1506,1209,-1,ok,1,1,1,63.5773,1175,1
3,105,1830266,867972,1628,205,32539,12.5626,142.13,1655,-1,ok,1,1,0,140.936,-1,0
3,106,2009385,672463,1221,153,26366,10.7929,116.357,1233,-1,ok,1,1,0,114.933,-1,0
3,107,1277732,1289510,1175,147,19059,7.74101,73.1767,1181,-1,ok,1,1,1,71.9703,1175,1
3,108,383929,2086407,1268,160,17750,6.90247,125.447,1303,-1,ok,1,1,0,123.782,-1,0
3,109,2032078,1699736,1336,168,20166,8.02947,25.5628,1361,-1,ok,1,1,1,24.4742,1336,1
3,110,958411,907673,588,74,8662,3.45619,22.9586,614,-1,ok,1,1,1,22.3845,588,1
3,111,345881,908168,999,126,8255,3.01481,1.26562,1010,-1,ok,0,0,0,0,1009,1
3,112,921927,2826328,1275,160,19254,6.96707,61.7944,1303,-1,ok,1,1,1,60.0718,1275,1
3,113,558628,2150100,1156,146,17660,6.73968,76.9437,1195,-1,ok,1,1,1,74.9263,1156,1
3,114,732091,2459630,1421,179,25032,9.91205,115.906,1439,-1,ok,1,1,0,114.101,-1,0
3,115,398823,391093,624,79,6560,2.55824,18.2462,635,-1,ok,1,1,1,17.5771,624,1
3,116,1510629,2959878,1054,133,20537,8.18818,74.93,1066,-1,ok,1,1,1,73.2495,1054,1
3,117,2096552,3082996,592,75,9023,3.63057,13.195,593,-1,ok,1,1,1,12.1215,592,1
3,118,773297,2535823,1305,164,24886,9.57563,41.7054,1331,-1,ok,1,1,1,40.0806,1305,1
3,119,1540653,367496,2008,251,34406,13.1331,128.109,2048,-1,ok,1,1,0,126.267,-1,0
3,120,457915,1822951,1394,175,22332,8.73471,132.079,1419,-1,ok,1,1,0,130.951,-1,0
3,121,2144069,523360,2086,260,34128,12.9246,118.851,2169,-1,ok,1,1,0,117.15,-1,0
3,122,1935902,3090329,1268,160,32768,12.979,132.389,1277,-1,ok,1,1,0,130.916,-1,0
3,123,2854140,1596178,937,119,14842,5.78868,29.2162,961,-1,ok,1,1,1,27.4117,937,1
3,124,1967913,1747145,807,101,13281,5.32869,7.2353,819,-1,ok,1,1,1,6.5995,807,1
3,125,2263205,1655305,838,109,15718,5.34359,23.2292,895,-1,ok,1,1,1,22.2285,838,1
3,126,2506297,1143924,984,124,17683,6.47865,54.4605,998,-1,ok,1,1,1,52.9364,984,1
3,127,1448472,1364093,562,72,6020,2.53165,27.1516,579,-1,ok,1,1,1,26.3742,562,1
3,128,1724010,2154870,1418,180,29986,11.5894,110.257,1495,-1,ok,1,1,0,109.181,-1,0
3,129,840467,2529952,1656,207,15161,5.99663,76.5143,1669,-1,ok,1,1,1,73.7412,1656,1
3,130,1792217,1212610,345,44,3347,1.41117,3.49673,345,-1,ok,1,1,1,2.72399,345,1
3,131,1328134,3208212,1967,246,34524,13.2171,128.741,1995,-1,ok,1,1,0,127.086,-1,0
3,132,2891864,1675347,959,120,15116,5.72028,73.5546,957,-1,ok,1,1,1,71.7758,959,1
3,133,2410465,2443796,1103,137,14724,5.65484,30.4954,1115,-1,ok,1,1,1,29.5943,1103,1
3,134,558433,2250280,1093,138,14045,5.39489,46.4537,1139,-1,ok,1,1,1,44.3518,1093,1
3,135,1187532,720690,1013,127,18003,7.20314,61.6747,1020,-1,ok,1,1,1,60.611,1013,1
3,136,2710078,1125700,1258,158,23862,9.43731,125.228,1275,-1,ok,1,1,0,123.833,-1,0
3,137,342829,2650131,1580,199,26568,10.0491,120.461,1593,-1,ok,1,1,0,118.594,-1,0
3,138,381156,591400,523,68,3508,1.34521,6.74568,537,-1,ok,1,1,1,6.00546,523,1
3,139,620591,3052362,1412,176,23357,8.95728,23.1711,1418,-1,ok,1,1,1,21.064,1412,1
3,140,1838465,1180686,1541,194,34814,12.9323,120.169,1587,-1,ok,1,1,0,118.864,-1,0
3,141,2808277,2315654,851,108,8277,3.29978,47.3136,881,-1,ok,1,1,1,46.2563,851,1
3,142,2598310,2422034,222,29,1426,0.543898,5.54602,225,-1,ok,1,1,1,5.21541,222,1
3,143,2845436,1668194,730,92,7232,2.64277,20.0142,747,-1,ok,1,1,1,18.8279,730,1
3,144,2382918,526772,1377,173,24047,9.1404,121.676,1390,-1,ok,1,1,0,119.917,-1,0
3,145,1931999,438444,1275,161,28303,11.482,113.278,1297,-1,ok,1,1,0,112.07,-1,0
3,146,2679978,515339,2241,282,34097,12.7932,132.275,2291,-1,ok,1,1,0,130.189,-1,0
3,147,2803019,1915102,1793,225,29157,11.2116,116.119,1825,-1,ok,1,1,0,114.82,-1,0
3,148,913089,1331566,1323,165,23636,9.51189,106.088,1343,-1,ok,1,1,0,104.952,-1,0
3,149,634343,2276336,1305,165,22897,9.09809,125.362,1343,-1,ok,1,1,0,123.993,-1,0
3,150,1481794,3181212,1228,154,20742,8.67284,80.4705,1237,-1,ok,1,1,1,78.3872,1228,1
3,151,1474634,422363,1314,165,25823,10.3729,114.512,1313,-1,ok,1,1,0,113.392,-1,0
3,152,1834575,3226322,1174,148,19939,7.87693,91.374,1181,-1,ok,1,1,1,89.7547,1174,1
3,153,3024705,540222,1863,235,32786,12.0749,123.681,1906,-1,ok,1,1,0,121.713,-1,0
3,154,3044639,2920559,189,25,992,0.413908,3.71179,193,-1,ok,1,1,1,3.36598,189,1
3,155,1228220,1631674,478,61,5533,2.2216,22.9782,485,-1,ok,1,1,1,22.3839,478,1
3,156,1536072,283775,1199,150,28297,11.0026,115.175,1203,-1,ok,1,1,0,114.176,-1,0
3,157,3193672,1640899,1490,187,20048,7.6187,109.668,1513,-1,ok,1,1,0,108.185,-1,0
3,158,1364886,1417986,1253,166,25239,10.1764,98.2646,1339,-1,ok,1,1,0,97.0859,-1,0
3,159,1323479,1948892,1160,147,22137,8.99995,66.2406,1185,-1,ok,1,1,1,65.0718,1160,1
3,160,329635,3138202,2157,273,28791,10.9257,129.697,2213,-1,ok,1,1,0,127.184,-1,0
3,161,2199138,2165892,958,121,19019,7.44719,32.3665,980,-1,ok,1,1,1,31.5203,958,1
3,162,2332432,2665491,284,38,2074,0.806243,7.63853,301,-1,ok,1,1,1,7.19623,284,1
3,163,2554867,820141,1438,181,28120,10.6801,113.956,1455,-1,ok,1,1,0,112.722,-1,0
3,164,816636,1589983,1083,137,18083,6.94953,111.618,1097,-1,ok,1,1,1,110.313,1083,1
3,165,2144577,2486159,628,80,10246,4.22322,18.7209,691,-1,ok,1,1,1,18.0501,628,1
3,166,2257019,735014,1996,252,32174,12.055,116.239,2065,-1,ok,1,1,0,114.65,-1,0
3,167,2095650,935010,1005,129,16980,6.66378,76.7812,1063,-1,ok,1,1,1,75.2206,1005,1
3,168,312457,989659,778,98,6571,2.48454,18.229,807,-1,ok,1,1,1,17.1908,778,1
3,169,2882141,1067685,1170,148,14888,5.66681,52.2343,1196,-1,ok,1,1,1,50.46,1170,1
3,170,1662824,2681105,1085,137,21227,8.70828,129.954,1099,-1,ok,1,1,0,128.91,-1,0
3,171,1703180,546367,1232,155,23385,9.40618,118.8,1261,-1,ok,1,1,0,117.793,-1,0
3,172,2090483,588991,1314,165,29933,11.5593,117.924,1343,-1,ok,1,1,1,115.755,1314,1
3,173,2669970,1153251,1524,191,27209,10.4839,118.354,1529,-1,ok,1,1,0,116.996,-1,0
3,174,2801102,1556461,1651,207,24611,9.6535,119.615,1701,-1,ok,1,1,0,118.319,-1,0
3,175,2862760,2446461,730,93,10714,4.24242,29.8936,757,-1,ok,1,1,1,28.8723,730,1
3,176,1728209,2803901,1739,217,30502,11.9735,115.29,1772,-1,ok,1,1,0,113.571,-1,0
3,177,330269,1345015,1018,129,14514,5.5104,120.372,1035,-1,ok,1,1,1,118.81,1018,1
3,178,3017924,2896984,407,51,3353,1.25455,8.11237,404,-1,ok,1,1,1,7.66878,407,1
3,179,910292,1126401,229,30,1241,0.474699,5.04693,243,-1,ok,1,1,1,4.82769,229,1
3,180,2006593,1670863,1240,155,23779,9.16211,23.6074,1263,-1,ok,1,1,1,22.7319,1240,1
3,181,2078347,3155254,1385,175,33273,12.0409,118.951,1411,-1,ok,1,1,0,117.23,-1,0
3,182,2709648,2878665,277,35,1594,0.634767,5.65294,274,-1,ok,1,1,1,5.2155,277,1
3,183,460429,2828556,1989,250,31066,11.6462,134.183,2025,-1,ok,1,1,0,132.411,-1,0
3,184,909956,1352984,474,60,5671,2.30361,18.5227,483,-1,ok,1,1,1,17.8341,474,1
3,185,2598310,614849,1241,157,25514,13.4053,61.5474,1277,-1,ok,1,1,1,59.554,1241,1
3,186,1732162,381072,1507,190,32889,12.6284,116.828,1523,-1,ok,1,1,0,115.766,-1,0
3,187,2864255,987151,1339,170,20430,7.75234,110.164,1389,-1,ok,1,1,0,108.602,-1,0
3,188,613280,1998545,1505,189,25276,10.219,132.27,1533,-1,ok,1,1,0,130.888,-1,0
3,189,769257,2619619,1324,166,22313,8.85765,51.4222,1323,-1,ok,1,1,1,49.1163,1324,1
3,190,1700379,924636,488,62,7031,2.7807,9.60456,513,-1,ok,1,1,1,8.86759,488,1
3,191,489236,2011181,1701,214,26500,10.1548,134.283,1733,-1,ok,1,1,0,133.02,-1,0
3,192,1225462,1170705,1015,127,16039,6.26282,33.1522,1021,-1,ok,1,1,1,32.2241,1015,1
3,193,1873151,1744747,675,85,12314,4.80954,13.5279,675,-1,ok,1,1,1,12.9267,675,1
3,194,2468599,2302602,643,80,9591,3.39771,31.9258,659,-1,ok,1,1,1,31.3979,643,1
3,195,2943977,2062115,628,79,7798,2.92821,24.3622,633,-1,ok,1,1,1,23.3785,628,1
3,196,587996,382135,775,98,9311,3.56079,20.9619,789,-1,ok,1,1,1,20.3509,775,1
3,197,1795388,2559139,975,123,23674,9.41742,127.859,983,-1,ok,1,1,0,127.011,-1,0
3,198,430706,1816036,1949,245,30097,11.4627,128.14,2031,-1,ok,1,1,0,126.338,-1,0
3,199,2709791,743716,1567,197,31217,11.9181,139.329,1587,-1,ok,1,1,0,137.932,-1,0
3,200,2317486,1682523,790,100,15186,5.98994,75.3256,818,-1,ok,1,1,1,74.3219,790,1
3,201,848074,2660956,1289,162,17862,7.07031,55.0184,1313,-1,ok,1,1,1,53.0848,1289,1
3,202,2051630,2425358,880,111,15370,6.12064,44.5421,889,-1,ok,1,1,1,43.7296,880,1
3,203,2138232,3170486,1784,226,29485,11.3792,135.785,1821,-1,ok,1,1,0,134.136,-1,0
3,204,1443071,807450,574,72,6732,2.7417,18.4057,579,-1,ok,1,1,1,17.5721,574,1
3,205,1144422,3049691,2080,263,35188,12.9603,127.87,2153,-1,ok,1,1,0,126.158,-1,0
3,206,377442,2376747,1648,208,25244,9.64367,122.189,1676,-1,ok,1,1,0,120.624,-1,0
3,207,1401797,2931005,1642,208,32546,12.3584,130.957,1691,-1,ok,1,1,0,129.489,-1,0
3,208,2488208,1785008,991,125,16977,6.62099,94.0053,1029,-1,ok,1,1,1,92.8504,991,1
3,209,2517430,2632913,587,75,8883,3.47113,33.6909,603,-1,ok,1,1,1,32.9495,587,1
3,210,1804529,2670473,625,79,10654,4.21171,28.7887,639,-1,ok,1,1,1,27.8636,625,1
3,211,792304,2700845,1601,200,24821,9.83557,126.214,1613,-1,ok,1,1,0,124.611,-1,0
3,212,292558,448522,757,95,8504,3.25959,12.741,768,-1,ok,1,1,1,12.1236,757,1
3,213,2987559,1182868,2093,262,32849,11.8001,133.986,2133,-1,ok,1,1,0,132.29,-1,0
3,214,3031564,1350417,1027,129,11314,4.43002,31.8039,1053,-1,ok,1,1,1,30.3902,1027,1
3,215,3155823,373649,2172,278,31724,11.6614,109.559,2237,-1,ok,1,1,0,107.878,-1,0
3,216,371781,1935939,921,117,13659,5.27023,21.5782,929,-1,ok,1,1,1,20.0739,921,1
3,217,2855984,2571946,520,66,5846,2.30268,23.3516,521,-1,ok,1,1,1,22.7981,520,1
3,218,465556,3102078,1943,244,33356,12.1856,131.517,1973,-1,ok,1,1,0,129.608,-1,0
3,219,3106562,1461822,2273,285,32057,11.8519,131.595,2305,-1,ok,1,1,0,129.71,-1,0
3,220,2389443,1100586,779,97,15474,6.08094,17.2192,791,-1,ok,1,1,1,16.028,779,1
3,221,1209891,3199598,1812,227,30575,11.5185,132.159,1817,-1,ok,1,1,0,130.517,-1,0
3,222,1628263,3038908,1441,180,34360,13.1925,134.789,1463,-1,ok,1,1,0,133.662,-1,0
3,223,996318,538495,877,111,18495,7.3233,31.0003,881,-1,ok,1,1,1,29.7604,877,1
3,224,2666230,1916875,1680,213,28900,10.8561,115.603,1729,-1,ok,1,1,0,114.627,-1,0
3,225,1214391,1343195,898,113,17813,7.10218,19.7331,903,-1,ok,1,1,1,19.0357,898,1
3,226,650861,1693026,614,77,8127,2.94636,9.72511,623,-1,ok,1,1,1,8.96554,614,1
3,227,1007288,1215730,474,61,5338,1.81267,9.36014,481,-1,ok,1,1,1,9.09447,474,1
3,228,2161129,565602,1613,203,34721,12.4833,130.071,1648,-1,ok,1,1,0,128.972,-1,0
3,229,2785103,1597956,1513,191,25608,9.88911,112.651,1561,-1,ok,1,1,0,111.484,-1,0
3,230,1392321,355276,821,104,17268,6.91367,62.0499,831,-1,ok,1,1,1,60.6441,821,1
3,231,2051789,1806580,591,75,5202,2.21534,12.4508,595,-1,ok,1,1,1,11.8907,591,1
3,232,1102446,3057237,1135,144,25991,10.0578,13.9215,1173,-1,ok,1,1,1,12.461,1135,1
3,233,2397085,1013039,923,116,16882,5.98338,41.1495,921,-1,ok,1,1,1,39.8628,923,1
3,234,1287529,1866275,1267,159,25554,10.1832,115.9,1279,-1,ok,1,1,0,115.002,-1,0
3,235,1687683,418136,1252,157,31976,12.4088,136.794,1263,-1,ok,1,1,0,135.686,-1,0
3,236,2722809,932643,2100,263,34484,12.6391,135.011,2142,-1,ok,1,1,0,133.399,-1,0
3,237,2665523,3047256,1417,180,22487,8.93097,141.016,1437,-1,ok,1,1,0,139.334,-1,0
3,238,1923409,2905912,843,106,18066,7.13207,65.4099,851,-1,ok,1,1,1,64.3696,843,1
3,239,875283,1311303,664,84,8367,3.26253,19.7888,681,-1,ok,1,1,1,19.1941,664,1
3,240,2918198,639738,1606,204,24713,9.44281,108.062,1661,-1,ok,1,1,0,106.566,-1,0
3,241,1337751,1159597,145,19,599,0.250535,2.28967,145,-1,ok,1,1,1,2.03031,145,1
3,242,1804529,3222731,986,124,26024,10.4164,70.6366,1013,-1,ok,1,1,1,69.1278,986,1
3,243,2545706,1651771,1162,146,19374,7.55568,111.893,1213,-1,ok,1,1,0,110.988,-1,0
3,244,807710,2239366,1940,245,33731,12.5793,136.383,1970,-1,ok,1,1,0,134.986,-1,0
3,245,3201629,632825,1631,205,26092,9.97694,50.8354,1709,-1,ok,1,1,1,48.5233,1631,1
3,246,2019093,3174345,1036,130,21966,8.94402,56.6961,1067,-1,ok,1,1,1,55.1815,1036,1
3,247,2955346,1703765,1276,161,15444,5.88718,135.839,1309,-1,ok,1,1,0,134.752,-1,0
3,248,541380,1361733,957,120,10734,4.21014,76.9003,987,-1,ok,1,1,1,75.7114,957,1
3,249,3113781,786831,2642,332,34957,12.7521,129.297,2679,-1,ok,1,1,0,127.522,-1,0
3,250,726020,696308,1081,136,16635,6.54857,30.1887,1097,-1,ok,1,1,1,29.2846,1081,1
3,251,553589,2992564,1414,177,25116,9.74282,27.4247,1443,-1,ok,1,1,1,25.3751,1414,1
3,252,1843611,2188440,1312,165,24931,10.0266,100.707,1333,-1,ok,1,1,1,99.6029,1312,1
3,253,334027,2354825,1725,218,27980,10.5425,133.403,1761,-1,ok,1,1,0,132.045,-1,0
3,254,2138232,528223,1703,217,28062,10.8933,114.227,1759,-1,ok,1,1,0,112.676,-1,0
3,255,2920261,1514740,1066,135,16628,6.30164,66.2172,1075,-1,ok,1,1,1,64.7694,1066,1
3,256,1963166,1687516,403,51,3962,1.47335,16.2585,415,-1,ok,1,1,1,15.8327,403,1
3,257,610635,2538272,1234,155,17808,6.85384,49.436,1285,-1,ok,1,1,1,47.751,1234,1
3,258,2978886,649484,1616,201,13198,5.14422,121.768,1661,-1,ok,1,1,1,119.055,1616,1
3,259,769160,1514768,962,122,12926,5.0868,52.8224,982,-1,ok,1,1,1,51.8294,962,1
3,260,3115044,1697807,1444,186,23179,8.81346,129.205,1489,-1,ok,1,1,0,127.801,-1,0
3,261,1835879,2014773,1360,171,22117,8.92657,99.4039,1399,-1,ok,1,1,1,98.1735,1360,1
3,262,1550309,1217369,267,34,1684,0.701852,4.35366,265,-1,ok,1,1,1,3.86815,267,1
3,263,1455274,2689959,801,101,16996,6.71423,24.7451,805,-1,ok,1,1,1,23.7286,801,1
3,264,1863586,2791354,1283,161,29272,11,135.958,1301,-1,ok,1,1,0,135.1,-1,0
3,265,1878699,2430675,931,117,19246,7.57323,70.839,937,-1,ok,1,1,1,69.8961,931,1
3,266,1109092,2589721,1865,232,30621,11.8306,131.784,1899,-1,ok,1,1,0,130.427,-1,0
3,267,2786859,1809984,1068,135,15292,5.94137,110.64,1117,-1,ok,1,1,1,109.24,1068,1
3,268,2948186,2866807,424,54,2066,0.758526,8.04899,425,-1,ok,1,1,1,7.68978,424,1
3,269,837275,3217710,2157,270,32544,12.3328,129.179,2189,-1,ok,1,1,0,127.487,-1,0
3,270,1633134,3007164,1393,175,29909,11.754,128.491,1419,-1,ok,1,1,0,127.426,-1,0
3,271,3177553,363823,1951,244,29546,11.0463,118.388,1977,-1,ok,1,1,0,116.551,-1,0
3,272,1545611,2173818,374,47,3241,1.26612,3.81603,369,-1,ok,1,1,1,2.97427,374,1
3,273,2234670,1030403,742,93,14440,5.52573,12.4204,759,-1,ok,1,1,1,11.5764,742,1
3,274,1061263,517752,391,51,4258,1.50005,6.74295,401,-1,ok,1,1,1,6.26159,391,1
3,275,2611184,1093057,1834,230,31596,11.0674,134.313,1875,-1,ok,1,1,0,133.093,-1,0
3,276,1860944,3238002,887,111,13368,5.28808,9.82439,900,-1,ok,1,1,1,8.4594,887,1
3,277,2169703,1399028,791,100,14615,5.52115,44.8538,803,-1,ok,1,1,1,44.1204,791,1
3,278,1948620,2128617,131,17,478,0.214888,1.55472,129,-1,ok,1,1,1,1.36447,131,1
3,279,2566018,882646,1597,201,33127,12.4153,133.749,1629,-1,ok,1,1,0,132.293,-1,0
3,280,929280,999352,167,22,788,0.319072,2.71344,169,-1,ok,1,1,1,2.497,167,1
3,281,924154,2537686,1628,204,32239,12.347,129.247,1667,-1,ok,1,1,0,127.791,-1,0
3,282,2000652,1137046,874,110,19270,7.62264,56.917,868,-1,ok,1,1,1,55.7117,874,1
3,283,2582565,607763,1299,163,24387,9.609,84.2671,1309,-1,ok,1,1,1,81.9136,1299,1
3,284,3245185,785165,2684,337,34024,12.7144,119.11,2737,-1,ok,1,1,0,116.892,-1,0
3,285,1231498,2364091,1022,129,14985,5.95879,90.7429,1031,-1,ok,1,1,1,89.1418,1022,1
3,286,1066192,1226502,199,25,731,0.293874,4.84462,193,-1,ok,1,1,1,4.6022,199,1
3,287,1869193,2052669,328,42,3042,1.23262,11.4288,343,-1,ok,1,1,1,10.9332,328,1
3,288,2994814,3098447,829,105,8987,3.33338,20.7855,833,-1,ok,1,1,1,20.2038,829,1
3,289,1797269,848583,613,78,11155,4.32102,17.3669,621,-1,ok,1,1,1,16.5682,613,1
3,290,1214793,1750358,1135,143,15996,5.94936,35.0944,1163,-1,ok,1,1,1,34.2291,1135,1
3,291,2831898,2102650,653,82,7423,2.85975,41.8066,663,-1,ok,1,1,1,41.0301,653,1
3,292,2244867,2707981,771,98,8577,3.30585,30.9544,785,-1,ok,1,1,1,30.2403,771,1
3,293,1073058,1365640,1214,152,17303,6.84403,61.2753,1232,-1,ok,1,1,1,60.3552,1214,1
3,294,2216425,1540683,1508,190,32480,12.4486,93.2396,1551,-1,ok,1,1,0,92.184,-1,0
3,295,2060741,2215164,463,58,3611,1.32784,9.02096,461,-1,ok,1,1,1,8.56498,463,1
3,296,1441555,704228,1628,204,30535,11.5016,110.671,1637,-1,ok,1,1,0,109.651,-1,0
3,297,2513611,686770,1174,148,24582,9.60681,53.3196,1211,-1,ok,1,1,1,51.3917,1174,1
3,298,1306030,2886412,938,119,22018,9.11782,21.3094,961,-1,ok,1,1,1,20.0259,938,1
3,299,404356,1929489,1380,173,20907,8.00802,118.247,1449,-1,ok,1,1,0,117.049,-1,0
4,0,2654607,497695,1710,108,8203,4.553,132.812,1783,-1,ok,1,1,0,130.058,-1,0
4,1,2221473,1571062,1589,100,7305,2.62347,80.2322,1629,-1,ok,1,1,1,78.2928,1589,1
4,2,641811,2589149,1344,85,6414,2.3256,118.052,1518,-1,ok,1,1,0,116.099,-1,0
4,3,2250714,2339143,278,18,542,0.24756,5.3234,273,-1,ok,1,1,1,5.0264,278,1
4,4,2536396,353659,1876,118,7779,2.64145,117.835,1891,-1,ok,1,1,0,115.825,-1,0
4,5,916591,1430479,1191,76,5071,2.14464,73.7234,1289,-1,ok,1,1,1,72.3082,1191,1
4,6,500826,2935247,2173,136,8660,2.98827,132.596,2291,-1,ok,1,1,0,130.132,-1,0
4,7,2429283,2288496,465,30,1587,0.604079,13.0691,465,-1,ok,1,1,1,12.493,465,1
4,8,502542,1287255,645,42,1279,0.438552,42.6167,684,-1,ok,1,1,1,41.4632,645,1
4,9,2726054,800471,1487,94,7860,2.81923,113.54,1609,-1,ok,1,1,0,111.986,-1,0
4,10,3031784,709412,1662,105,7288,2.51003,117.297,1699,-1,ok,1,1,0,115.489,-1,0
4,11,813038,2649998,1861,118,9090,3.03959,137.066,2132,-1,ok,1,1,0,135.072,-1,0
4,12,2906523,1340129,1264,79,5304,1.99626,83.7461,1353,-1,ok,1,1,1,81.7603,1264,1
4,13,2198005,2773306,1504,94,6162,2.27915,105.058,1571,-1,ok,1,1,0,103.743,-1,0
4,14,1009630,2195480,1009,63,3090,1.08533,77.1056,1135,-1,ok,1,1,1,75.2945,1009,1
4,15,2077961,2827531,1186,75,7866,2.8027,121.032,1223,-1,ok,1,1,0,119.979,-1,0
4,16,1553701,2469994,602,39,1604,0.583221,6.89965,649,-1,ok,1,1,1,5.75135,602,1
4,17,2490161,384400,1409,89,7984,2.67788,99.4219,1581,-1,ok,1,1,0,98.0328,-1,0
4,18,2599025,2034587,1669,106,5833,2.08503,118.267,1790,-1,ok,1,1,0,116.677,-1,0
4,19,1181060,2927824,1734,109,7938,2.83146,132.434,1819,-1,ok,1,1,0,130.683,-1,0
4,20,645781,614849,395,27,910,0.317129,6.01434,417,-1,ok,1,1,1,5.57817,395,1
4,21,2468056,2256643,1145,71,4265,1.42139,33.1381,1183,-1,ok,1,1,1,32.2711,1145,1
4,22,251497,3219170,2176,137,9029,3.00522,115.776,2335,-1,ok,1,1,0,113.61,-1,0
4,23,569297,2803754,1948,122,8218,2.94104,126.88,2071,-1,ok,1,1,0,124.916,-1,0
4,24,2520461,1501553,674,42,2442,0.876845,25.2771,697,-1,ok,1,1,1,24.212,674,1
4,25,2003860,731758,1205,76,6013,2.15599,117.436,1320,-1,ok,1,1,0,116.379,-1,0
4,26,613334,2557422,1168,73,4850,1.61717,38.4103,1167,-1,ok,1,1,1,36.5278,1168,1
4,27,387537,2005469,1167,74,4261,1.41644,106.241,1249,-1,ok,1,1,1,103.861,1167,1
4,28,344125,2584166,2379,149,8694,2.95117,129.696,2595,-1,ok,1,1,0,127.754,-1,0
4,29,2992346,1955386,784,49,2843,1.04191,33.5689,815,-1,ok,1,1,1,32.4059,784,1
4,30,2891864,2043208,1327,84,6380,2.21428,127.276,1397,-1,ok,1,1,0,126.164,-1,0
4,31,593449,1109625,711,46,2293,0.806245,28.7829,797,-1,ok,1,1,1,27.7956,711,1
4,32,2770066,477636,2303,148,8666,2.95589,114.257,2515,-1,ok,1,1,0,112.286,-1,0
4,33,1568488,2024378,743,47,3704,1.33005,49.1379,775,-1,ok,1,1,1,48.2737,743,1
4,34,2636861,1355914,1868,118,6758,2.38362,116.556,1979,-1,ok,1,1,0,115.232,-1,0
4,35,2807379,1728601,1223,76,5190,1.88031,139.231,1285,-1,ok,1,1,0,137.952,-1,0
4,36,548195,1129534,384,25,920,0.332677,7.83822,441,-1,ok,1,1,1,7.24155,384,1
4,37,1403079,1097550,787,51,4327,1.96195,52.6807,863,-1,ok,1,1,1,51.8652,787,1
4,38,1098506,2400310,1127,71,5367,1.97782,123.902,1201,-1,ok,1,1,0,122.868,-1,0
4,39,549302,2763681,1609,101,6277,2.27431,115.476,1631,-1,ok,1,1,0,113.777,-1,0
4,40,2830387,1329031,990,63,4443,1.56797,41.7221,1051,-1,ok,1,1,1,40.2557,990,1
4,41,2571837,1609971,1200,76,5161,1.88013,128.925,1213,-1,ok,1,1,0,127.833,-1,0
4,42,2269545,949398,1480,94,7096,2.55453,134.431,1603,-1,ok,1,1,0,132.921,-1,0
4,43,2386550,2005422,1757,113,8468,2.92392,98.6516,1883,-1,ok,1,1,0,97.3737,-1,0
4,44,3228329,1091487,1429,92,6083,2.11391,118.817,1513,-1,ok,1,1,0,116.952,-1,0
4,45,1252674,2899369,1220,77,2620,0.956844,47.0382,1263,-1,ok,1,1,1,45.2853,1220,1
4,46,1245004,2631833,1742,110,9357,3.18676,135.31,1895,-1,ok,1,1,0,133.975,-1,0
4,47,2746631,1120353,1791,114,5877,2.16318,124.16,1934,-1,ok,1,1,0,122.727,-1,0
4,48,1545941,1034885,778,50,2757,0.983694,77.4642,889,-1,ok,1,1,1,76.0941,778,1
4,49,707664,3179843,2152,136,8533,2.9737,122.823,2267,-1,ok,1,1,0,120.978,-1,0
4,50,2697605,251222,1758,110,8520,2.89094,88.5916,1821,-1,ok,1,1,1,85.8927,1758,1
4,51,598957,1160461,516,33,1241,0.433815,33.3381,541,-1,ok,1,1,1,32.6136,516,1
4,52,2808838,629110,1283,83,6630,2.30951,18.5291,1398,-1,ok,1,1,1,16.9571,1283,1
4,53,2674667,2450469,1734,111,5777,1.99271,108.155,1847,-1,ok,1,1,0,106.932,-1,0
4,54,902226,2397303,1907,120,8490,2.99206,129.047,2055,-1,ok,1,1,0,127.254,-1,0
4,55,3160580,2590500,1640,103,5441,1.93288,118.197,1687,-1,ok,1,1,0,116.991,-1,0
4,56,3063115,1271576,1534,97,6430,2.26575,129.566,1641,-1,ok,1,1,0,128.204,-1,0
4,57,471188,1449834,1138,71,3595,1.19028,120.81,1219,-1,ok,1,1,1,119.274,1138,1
4,58,1353978,2059850,918,60,3976,1.422,123.087,981,-1,ok,1,1,0,122.044,-1,0
4,59,2540733,1967844,911,58,5175,1.89921,88.3735,947,-1,ok,1,1,1,87.2621,911,1
4,60,2700562,1997667,1296,81,6032,2.13471,100.032,1329,-1,ok,1,1,1,98.8128,1296,1
4,61,1637568,2044505,363,24,814,0.316126,8.90317,383,-1,ok,1,1,1,8.40714,363,1
4,62,1801679,2696751,1870,119,8734,2.92246,116.902,1975,-1,ok,1,1,0,115.742,-1,0
4,63,598957,2906552,1287,81,5838,2.06639,7.18099,1285,-1,ok,1,1,1,5.36056,1287,1
4,64,1955372,794087,930,59,5021,1.73045,59.0282,953,-1,ok,1,1,1,58.0053,930,1
4,65,2039260,2947726,1193,76,4333,1.4632,119.546,1281,-1,ok,1,1,1,117.94,1193,1
4,66,556924,1599250,705,45,2516,0.90022,29.5842,767,-1,ok,1,1,1,28.6249,705,1
4,67,278380,2626389,2296,145,9395,3.07592,135.528,2501,-1,ok,1,1,0,133.666,-1,0
4,68,2339398,455629,2015,127,9564,3.28427,136.03,2099,-1,ok,1,1,0,134.436,-1,0
4,69,2397188,1012607,1150,73,5718,2.06635,129.606,1195,-1,ok,1,1,0,128.387,-1,0
4,70,2467967,715435,1642,104,6628,2.37591,107.443,1663,-1,ok,1,1,0,106.05,-1,0
4,71,279709,835397,829,53,2663,0.969197,51.2932,868,-1,ok,1,1,1,50.2571,829,1
4,72,825921,1088080,805,52,2323,0.850516,20.714,850,-1,ok,1,1,1,20.0657,805,1
4,73,2686056,3089348,412,27,927,0.331775,22.9139,417,-1,ok,1,1,1,22.4469,412,1
4,74,935096,1634738,947,60,5075,1.84994,88.3845,999,-1,ok,1,1,1,87.2946,947,1
4,75,384006,760874,877,56,2644,1.00382,44.6923,907,-1,ok,1,1,1,43.845,877,1
4,76,1947155,898061,889,56,4298,1.47411,59.4966,1019,-1,ok,1,1,1,58.1851,889,1
4,77,658137,789793,329,22,576,0.235998,5.4123,337,-1,ok,1,1,1,5.04454,329,1
4,78,363830,2056905,2015,127,7182,2.45741,129.031,2259,-1,ok,1,1,0,127.561,-1,0
4,79,1761748,2892020,756,48,3776,1.36702,34.9377,795,-1,ok,1,1,1,33.8295,756,1
4,80,2351211,2029768,1106,70,4631,1.58617,73.463,1221,-1,ok,1,1,1,72.3166,1106,1
4,81,647090,520796,364,23,882,0.368783,8.75168,355,-1,ok,1,1,1,8.42504,364,1
4,82,2202913,1998284,1606,101,7937,2.71645,101.429,1659,-1,ok,1,1,0,100.54,-1,0
4,83,2307907,2951731,1581,99,7487,2.6404,94.8527,1653,-1,ok,1,1,1,93.5426,1581,1
4,84,1871832,591133,1610,106,7781,2.72988,103.748,1871,-1,ok,1,1,1,101.952,1610,1
4,85,1820468,769068,784,50,4251,1.48378,37.7646,809,-1,ok,1,1,1,36.7039,784,1
4,86,618657,2879486,1405,89,6603,2.27004,40.9978,1501,-1,ok,1,1,1,39.3034,1405,1
4,87,759127,2437547,1913,120,8974,3.00916,135.779,2079,-1,ok,1,1,0,134.447,-1,0
4,88,2003626,436977,2082,129,9212,3.21302,114.056,2235,-1,ok,1,1,0,112.417,-1,0
4,89,2088216,2111650,95,6,45,0.033963,1.20061,81,-1,ok,1,1,1,1.0692,95,1
4,90,2481203,2200930,683,44,3072,1.09554,25.1757,689,-1,ok,1,1,1,24.6059,683,1
4,91,1827763,2791217,1053,67,6956,2.47477,123.22,1119,-1,ok,1,1,0,122.365,-1,0
4,92,1980418,1582954,557,36,1760,0.652831,16.6055,561,-1,ok,1,1,1,16.0178,557,1
4,93,705039,752842,1000,65,4279,1.4097,42.5343,1081,-1,ok,1,1,1,41.6859,1000,1
4,94,1158854,739502,341,21,616,0.245856,10.5004,323,-1,ok,1,1,1,10.0531,341,1
4,95,1350833,836719,972,60,5708,2.06605,53.8478,995,-1,ok,1,1,1,53.0808,972,1
4,96,1556785,647066,1224,78,5842,2.23136,73.5426,1306,-1,ok,1,1,1,72.0592,1224,1
4,97,1944954,1109435,783,50,4197,1.46896,61.789,847,-1,ok,1,1,1,60.6955,783,1
4,98,2668191,348531,1839,117,8908,3.07691,116.276,2029,-1,ok,1,1,0,114.839,-1,0
4,99,476033,1903328,1168,74,5069,1.8496,136.575,1227,-1,ok,1,1,0,135.339,-1,0
4,100,795218,590026,122,9,121,0.067005,0.899789,129,-1,ok,1,1,1,0.651367,122,1
4,101,763468,1260833,843,54,2073,0.766492,38.0992,891,-1,ok,1,1,1,37.3634,843,1
4,102,3155979,534005,2083,131,8754,2.9034,115.928,2243,-1,ok,1,1,0,114.181,-1,0
4,103,2671843,2035386,1097,69,5231,1.91947,80.1262,1101,-1,ok,1,1,1,79.1176,1097,1
4,104,1072087,2077094,1175,76,6784,2.43403,64.5044,1274,-1,ok,1,1,1,63.1591,1175,1
4,105,1830266,867972,1628,102,8701,3.00707,132.077,1755,-1,ok,1,1,0,130.89,-1,0
4,106,2009385,672463,1221,77,7096,2.55359,114.577,1355,-1,ok,1,1,0,113.373,-1,0
4,107,1277732,1289510,1175,74,5031,1.87852,72.0942,1245,-1,ok,1,1,1,70.9426,1175,1
4,108,383929,2086407,1268,81,4915,1.68692,122.064,1363,-1,ok,1,1,0,120.847,-1,0
4,109,2032078,1699736,1336,85,5575,2.04874,25.2529,1401,-1,ok,1,1,1,24.3078,1336,1
4,110,958411,907673,588,38,2367,0.886193,22.6947,641,-1,ok,1,1,1,22.151,588,1
4,111,345881,908168,999,63,2134,0.674521,99.1565,1097,-1,ok,1,1,1,98.0385,999,1
4,112,921927,2826328,1275,81,5228,2.00121,61.0964,1373,-1,ok,1,1,1,59.4481,1275,1
4,113,558628,2150100,1156,73,4655,1.5808,75.4334,1269,-1,ok,1,1,1,73.6916,1156,1
4,114,732091,2459630,1421,90,6780,2.36956,113.509,1551,-1,ok,1,1,0,112.243,-1,0
4,115,398823,391093,624,40,1677,0.599001,17.4044,685,-1,ok,1,1,1,16.759,624,1
4,116,1510629,2959878,1054,67,5480,2.02909,72.5425,1060,-1,ok,1,1,1,71.0993,1054,1
4,117,2096552,3082996,592,39,2563,0.913593,12.2875,609,-1,ok,1,1,1,11.5476,592,1
4,118,773297,2535823,1305,83,6699,2.20187,40.9829,1365,-1,ok,1,1,1,39.6404,1305,1
4,119,1540653,367496,2008,127,9189,3.11978,124.992,2364,-1,ok,1,1,0,123.33,-1,0
4,120,457915,1822951,1394,89,5998,2.16812,131.723,1579,-1,ok,1,1,0,130.552,-1,0
4,121,2144069,523360,2086,130,9091,3.15626,111.565,2249,-1,ok,1,1,0,110.01,-1,0
4,122,1935902,3090329,1268,80,8770,3.09794,128.973,1327,-1,ok,1,1,0,127.95,-1,0
4,123,2854140,1596178,937,60,3865,1.29313,27.9586,987,-1,ok,1,1,1,26.6629,937,1
4,124,1967913,1747145,807,52,3628,1.27279,7.55344,881,-1,ok,1,1,1,6.82765,807,1
4,125,2263205,1655305,838,56,4330,1.30776,22.5773,997,-1,ok,1,1,1,21.7434,838,1
4,126,2506297,1143924,984,63,4765,1.55424,52.4651,1111,-1,ok,1,1,1,51.0904,984,1
4,127,1448472,1364093,562,36,1674,0.59832,26.555,591,-1,ok,1,1,1,25.8345,562,1
4,128,1724010,2154870,1418,90,8223,2.84406,109.218,1561,-1,ok,1,1,0,108.278,-1,0
4,129,840467,2529952,1656,104,4044,1.36329,75.6239,1729,-1,ok,1,1,1,73.4861,1656,1
4,130,1792217,1212610,345,22,837,0.318321,3.06609,337,-1,ok,1,1,1,2.56672,345,1
4,131,1328134,3208212,1967,123,9268,3.03496,128.535,2045,-1,ok,1,1,0,127.101,-1,0
4,132,2891864,1675347,959,61,4069,1.449,73.5715,1025,-1,ok,1,1,1,72.0719,959,1
4,133,2410465,2443796,1103,68,3929,1.34522,30.0208,1169,-1,ok,1,1,1,29.219,1103,1
4,134,558433,2250280,1093,70,3870,1.31779,45.3384,1147,-1,ok,1,1,1,43.8446,1093,1
4,135,1187532,720690,1013,65,4948,1.67124,61.4491,1088,-1,ok,1,1,1,60.537,1013,1
4,136,2710078,1125700,1258,80,6387,2.26124,123.762,1357,-1,ok,1,1,0,122.691,-1,0
4,137,342829,2650131,1580,100,7104,2.42846,119.759,1639,-1,ok,1,1,0,118.153,-1,0
4,138,381156,591400,523,34,939,0.517579,6.36991,531,-1,ok,1,1,1,5.7385,523,1
4,139,620591,3052362,1412,88,6224,2.21597,22.5714,1422,-1,ok,1,1,1,21.0451,1412,1
4,140,1838465,1180686,1541,98,9357,3.13009,111.704,1663,-1,ok,1,1,0,110.781,-1,0
4,141,2808277,2315654,851,54,2226,0.766841,47.0185,865,-1,ok,1,1,1,46.1123,851,1
4,142,2598310,2422034,222,15,383,0.158442,5.29973,225,-1,ok,1,1,1,5.0569,222,1
4,143,2845436,1668194,730,46,1954,0.636601,19.0127,725,-1,ok,1,1,1,18.1376,730,1
4,144,2382918,526772,1377,86,6444,2.20347,121.502,1428,-1,ok,1,1,0,120.438,-1,0
4,145,1931999,438444,1275,81,7650,2.72988,113.257,1427,-1,ok,1,1,0,112.072,-1,0
4,146,2679978,515339,2241,142,9204,3.14076,133.103,2393,-1,ok,1,1,0,131.404,-1,0
4,147,2803019,1915102,1793,114,7866,2.73342,115.643,1887,-1,ok,1,1,0,114.46,-1,0
4,148,913089,1331566,1323,85,6451,2.38702,107.651,1395,-1,ok,1,1,0,106.716,-1,0
4,149,634343,2276336,1305,83,6104,2.19829,126.942,1389,-1,ok,1,1,0,125.529,-1,0
4,150,1481794,3181212,1228,78,5766,2.15725,79.4795,1299,-1,ok,1,1,1,77.7066,1228,1
4,151,1474634,422363,1314,83,6940,2.56034,116.049,1371,-1,ok,1,1,0,115.023,-1,0
4,152,1834575,3226322,1174,74,5563,2.07391,91.4043,1229,-1,ok,1,1,1,89.8066,1174,1
4,153,3024705,540222,1863,119,8871,3.04909,117.423,1924,-1,ok,1,1,0,115.983,-1,0
4,154,3044639,2920559,189,12,228,0.109053,3.47214,177,-1,ok,1,1,1,3.26114,189,1
4,155,1228220,1631674,478,31,1431,0.525554,22.982,543,-1,ok,1,1,1,22.4667,478,1
4,156,1536072,283775,1199,76,7642,2.72428,115.242,1307,-1,ok,1,1,0,114.25,-1,0
4,157,3193672,1640899,1490,94,5323,1.95301,109.511,1605,-1,ok,1,1,0,108.271,-1,0
4,158,1364886,1417986,1253,79,6730,2.46247,97.9836,1313,-1,ok,1,1,0,96.9236,-1,0
4,159,1323479,1948892,1160,74,5873,2.18659,67.7506,1307,-1,ok,1,1,1,66.5849,1160,1
4,160,329635,3138202,2157,136,7824,2.7199,129.367,2307,-1,ok,1,1,0,127.458,-1,0
4,161,2199138,2165892,958,61,5122,1.91325,32.3442,1004,-1,ok,1,1,1,31.6282,958,1
4,162,2332432,2665491,284,19,547,0.211842,7.29903,293,-1,ok,1,1,1,6.90996,284,1
4,163,2554867,820141,1438,91,7512,2.56792,115.203,1603,-1,ok,1,1,0,114.072,-1,0
4,164,816636,1589983,1083,69,4839,1.62658,113.775,1211,-1,ok,1,1,1,112.425,1083,1
4,165,2144577,2486159,628,39,2588,0.94443,18.627,699,-1,ok,1,1,1,18.0581,628,1
4,166,2257019,735014,1996,127,8645,2.86976,114.948,2179,-1,ok,1,1,0,113.628,-1,0
4,167,2095650,935010,1005,63,4580,1.60091,78.0113,1005,-1,ok,1,1,1,76.5833,1005,1
4,168,312457,989659,778,50,1806,0.689979,17.5754,833,-1,ok,1,1,1,16.6836,778,1
4,169,2882141,1067685,1170,74,3947,1.32414,44.9741,1274,-1,ok,1,1,1,43.3757,1170,1
4,170,1662824,2681105,1085,70,5657,2.08639,130.339,1163,-1,ok,1,1,0,129.405,-1,0
4,171,1703180,546367,1232,79,6359,2.33919,120.462,1395,-1,ok,1,1,0,119.354,-1,0
4,172,2090483,588991,1314,83,7963,2.82788,120.052,1425,-1,ok,1,1,1,118.04,1314,1
4,173,2669970,1153251,1524,96,7284,2.55336,117.877,1581,-1,ok,1,1,0,116.709,-1,0
4,174,2801102,1556461,1651,104,6501,2.34598,117.759,1743,-1,ok,1,1,0,116.566,-1,0
4,175,2862760,2446461,730,47,2852,0.996142,28.8843,793,-1,ok,1,1,1,28.1205,730,1
4,176,1728209,2803901,1739,108,8104,3.03804,106.769,1812,-1,ok,1,1,0,105.587,-1,0
4,177,330269,1345015,1018,65,3896,1.27675,120.391,1055,-1,ok,1,1,1,118.82,1018,1
4,178,3017924,2896984,407,26,890,0.330012,8.00197,431,-1,ok,1,1,1,7.66441,407,1
4,179,910292,1126401,229,16,363,0.150449,5.03292,271,-1,ok,1,1,1,4.77433,229,1
4,180,2006593,1670863,1240,77,6459,2.20345,23.7567,1255,-1,ok,1,1,1,23.0617,1240,1
4,181,2078347,3155254,1385,88,8981,3.03722,117.933,1521,-1,ok,1,1,0,116.689,-1,0
4,182,2709648,2878665,277,17,370,0.14518,5.49059,257,-1,ok,1,1,1,5.24306,277,1
4,183,460429,2828556,1989,126,8309,2.77911,133.504,2111,-1,ok,1,1,0,131.961,-1,0
4,184,909956,1352984,474,31,1531,0.554708,18.5841,511,-1,ok,1,1,1,17.9027,474,1
4,185,2598310,614849,1241,79,6881,2.37279,59.8199,1329,-1,ok,1,1,1,58.1249,1241,1
4,186,1732162,381072,1507,96,8920,3.19545,117.383,1663,-1,ok,1,1,0,116.219,-1,0
4,187,2864255,987151,1339,84,5608,2.01959,108.052,1341,-1,ok,1,1,0,106.859,-1,0
4,188,613280,1998545,1505,95,6753,2.35252,131.937,1713,-1,ok,1,1,0,130.572,-1,0
4,189,769257,2619619,1324,84,6071,2.18858,51.4979,1351,-1,ok,1,1,1,49.3497,1324,1
4,190,1700379,924636,488,32,1880,0.703615,9.65857,563,-1,ok,1,1,1,8.82212,488,1
4,191,489236,2011181,1701,107,6965,2.30613,133.381,1851,-1,ok,1,1,0,132.301,-1,0
4,192,1225462,1170705,1015,64,4243,1.42324,33.1332,1063,-1,ok,1,1,1,32.1994,1015,1
4,193,1873151,1744747,675,43,3230,1.19266,13.5467,695,-1,ok,1,1,1,13.0176,675,1
4,194,2468599,2302602,643,39,2451,0.824088,32.0262,697,-1,ok,1,1,1,31.4924,643,1
4,195,2943977,2062115,628,40,2043,0.687794,24.3777,635,-1,ok,1,1,1,23.5046,628,1
4,196,587996,382135,775,49,2432,0.94397,20.6881,811,-1,ok,1,1,1,20.1226,775,1
4,197,1795388,2559139,975,61,6013,2.18101,128.028,969,-1,ok,1,1,0,127.312,-1,0
4,198,430706,1816036,1949,123,8114,2.82045,128.085,2127,-1,ok,1,1,0,126.592,-1,0
4,199,2709791,743716,1567,100,8387,2.88079,138.964,1657,-1,ok,1,1,0,137.586,-1,0
4,200,2317486,1682523,790,50,3957,1.4363,68.6403,868,-1,ok,1,1,1,67.7079,790,1
4,201,848074,2660956,1289,81,4768,1.61524,54.3248,1305,-1,ok,1,1,1,52.6553,1289,1
4,202,2051630,2425358,880,56,4098,1.41355,45.0045,915,-1,ok,1,1,1,44.187,880,1
4,203,2138232,3170486,1784,115,7900,2.77195,133.034,1909,-1,ok,1,1,0,131.738,-1,0
4,204,1443071,807450,574,37,1837,0.676845,18.1401,652,-1,ok,1,1,1,17.3328,574,1
4,205,1144422,3049691,2080,131,9466,3.16442,129.293,2215,-1,ok,1,1,0,127.802,-1,0
4,206,377442,2376747,1648,105,6715,2.37486,124.357,1873,-1,ok,1,1,0,122.743,-1,0
4,207,1401797,2931005,1642,104,8701,3.0394,133.759,1753,-1,ok,1,1,0,132.4,-1,0
4,208,2488208,1785008,991,63,4602,1.57494,94.5424,1079,-1,ok,1,1,1,93.3101,991,1
4,209,2517430,2632913,587,37,2185,0.85746,33.8214,607,-1,ok,1,1,1,33.1603,587,1
4,210,1804529,2670473,625,40,2823,1.01369,28.8195,655,-1,ok,1,1,1,28.0413,625,1
4,211,792304,2700845,1601,100,6535,2.32742,126.834,1659,-1,ok,1,1,0,125.669,-1,0
4,212,292558,448522,757,47,2221,0.759027,12.5553,792,-1,ok,1,1,1,11.8354,757,1
4,213,2987559,1182868,2093,131,8783,2.88922,136.332,2171,-1,ok,1,1,0,134.785,-1,0
4,214,3031564,1350417,1027,66,3085,1.06554,31.3276,1125,-1,ok,1,1,1,30.0217,1027,1
4,215,3155823,373649,2172,139,8558,2.93016,103.557,2432,-1,ok,1,1,0,101.723,-1,0
4,216,371781,1935939,921,59,3662,1.24127,21.2083,947,-1,ok,1,1,1,20.0158,921,1
4,217,2855984,2571946,520,33,1470,0.520065,23.0282,513,-1,ok,1,1,1,22.6437,520,1
4,218,465556,3102078,1943,122,8921,3.05309,131.852,2143,-1,ok,1,1,0,130.175,-1,0
4,219,3106562,1461822,2273,142,8565,2.89064,130.469,2367,-1,ok,1,1,0,128.9,-1,0
4,220,2389443,1100586,779,48,3985,1.4504,16.8974,823,-1,ok,1,1,1,15.8411,779,1
4,221,1209891,3199598,1812,114,8388,2.82938,131.949,1895,-1,ok,1,1,0,130.765,-1,0
4,222,1628263,3038908,1441,91,9256,3.26196,135.377,1579,-1,ok,1,1,0,134.157,-1,0
4,223,996318,538495,877,56,4915,1.67421,30.7139,907,-1,ok,1,1,1,29.7617,877,1
4,224,2666230,1916875,1680,107,7753,2.65132,115.019,1791,-1,ok,1,1,0,114.024,-1,0
4,225,1214391,1343195,898,57,4707,1.72395,19.5026,919,-1,ok,1,1,1,18.8429,898,1
4,226,650861,1693026,614,39,2231,0.784163,9.58903,663,-1,ok,1,1,1,8.74655,614,1
4,227,1007288,1215730,474,32,1510,0.478026,9.28506,500,-1,ok,1,1,1,8.98629,474,1
4,228,2161129,565602,1613,102,9343,3.02443,133.459,1699,-1,ok,1,1,0,132.329,-1,0
4,229,2785103,1597956,1513,95,6743,2.37346,114.121,1611,-1,ok,1,1,0,112.976,-1,0
4,230,1392321,355276,821,52,4322,1.52055,62.6588,899,-1,ok,1,1,1,61.4429,821,1
4,231,2051789,1806580,591,38,1358,0.536955,12.3467,595,-1,ok,1,1,1,11.7729,591,1
4,232,1102446,3057237,1135,73,7097,2.46816,13.2856,1247,-1,ok,1,1,1,12.1167,1135,1
4,233,2397085,1013039,923,58,4439,1.55432,33.9572,921,-1,ok,1,1,1,32.8412,923,1
4,234,1287529,1866275,1267,80,6872,2.45128,115.594,1387,-1,ok,1,1,0,114.742,-1,0
4,235,1687683,418136,1252,79,8500,2.98606,133.993,1339,-1,ok,1,1,0,132.926,-1,0
4,236,2722809,932643,2100,131,9264,3.09704,135.484,2189,-1,ok,1,1,0,133.923,-1,0
4,237,2665523,3047256,1417,90,6013,2.13779,139.494,1491,-1,ok,1,1,0,138.202,-1,0
4,238,1923409,2905912,843,54,4865,1.6983,66.5537,913,-1,ok,1,1,1,65.3492,843,1
4,239,875283,1311303,664,42,2178,0.827073,19.7024,707,-1,ok,1,1,1,19.1201,664,1
4,240,2918198,639738,1606,102,6748,2.36091,109.493,1677,-1,ok,1,1,0,108.176,-1,0
4,241,1337751,1159597,145,10,170,0.087762,2.34395,168,-1,ok,1,1,1,2.08093,145,1
4,242,1804529,3222731,986,63,7168,2.69496,71.818,1027,-1,ok,1,1,1,70.4477,986,1
4,243,2545706,1651771,1162,74,5250,1.95928,112.644,1287,-1,ok,1,1,0,111.757,-1,0
4,244,807710,2239366,1940,121,9069,3.05698,138.002,2184,-1,ok,1,1,0,136.462,-1,0
4,245,3201629,632825,1631,103,7147,2.43848,49.8538,1725,-1,ok,1,1,1,47.7481,1631,1
4,246,2019093,3174345,1036,66,5790,2.14009,57.2324,1087,-1,ok,1,1,1,56.0138,1036,1
4,247,2955346,1703765,1276,80,4048,1.41353,129.949,1305,-1,ok,1,1,0,128.894,-1,0
4,248,541380,1361733,957,60,2817,1.02446,76.2185,1027,-1,ok,1,1,1,75.1533,957,1
4,249,3113781,786831,2642,166,9392,3.10764,130.942,2765,-1,ok,1,1,0,129.215,-1,0
4,250,726020,696308,1081,70,4516,1.53745,29.9191,1159,-1,ok,1,1,1,28.9407,1081,1
4,251,553589,2992564,1414,88,6753,2.35526,26.7727,1479,-1,ok,1,1,1,25.2467,1414,1
4,252,1843611,2188440,1312,83,6575,2.37627,100.77,1377,-1,ok,1,1,1,99.7634,1312,1
4,253,334027,2354825,1725,109,7711,2.67046,136.221,1907,-1,ok,1,1,0,134.794,-1,0
4,254,2138232,528223,1703,110,7495,2.64653,113.887,1855,-1,ok,1,1,0,112.523,-1,0
4,255,2920261,1514740,1066,67,4328,1.44545,67.2397,1145,-1,ok,1,1,1,65.711,1066,1
4,256,1963166,1687516,403,26,1131,0.423456,16.0822,401,-1,ok,1,1,1,15.6032,403,1
4,257,610635,2538272,1234,78,4808,1.60348,48.3886,1305,-1,ok,1,1,1,46.7528,1234,1
4,258,2978886,649484,1616,101,3456,1.17409,120.456,1755,-1,ok,1,1,1,118.144,1616,1
4,259,769160,1514768,962,62,3446,1.17492,53.1553,1051,-1,ok,1,1,1,52.0188,962,1
4,260,3115044,1697807,1444,91,6210,2.16797,134.087,1533,-1,ok,1,1,0,132.667,-1,0
4,261,1835879,2014773,1360,86,5857,2.1319,91.7555,1501,-1,ok,1,1,1,90.5657,1360,1
4,262,1550309,1217369,267,16,354,0.148946,4.38619,241,-1,ok,1,1,1,4.0457,267,1
4,263,1455274,2689959,801,51,4494,1.5097,24.5476,909,-1,ok,1,1,1,23.3834,801,1
4,264,1863586,2791354,1283,81,7745,2.71672,135.443,1319,-1,ok,1,1,0,134.596,-1,0
4,265,1878699,2430675,931,59,5087,1.93362,71.8017,987,-1,ok,1,1,1,70.8809,931,1
4,266,1109092,2589721,1865,116,8164,2.87157,131.939,1965,-1,ok,1,1,0,130.682,-1,0
4,267,2786859,1809984,1068,68,4081,1.3667,110.898,1089,-1,ok,1,1,1,109.528,1068,1
4,268,2948186,2866807,424,28,550,0.215469,8.06653,433,-1,ok,1,1,1,7.66756,424,1
4,269,837275,3217710,2157,135,8744,3.02995,130.838,2229,-1,ok,1,1,0,129.387,-1,0
4,270,1633134,3007164,1393,88,8065,2.9918,128.39,1499,-1,ok,1,1,0,127.247,-1,0
4,271,3177553,363823,1951,124,8122,2.78098,117.797,2003,-1,ok,1,1,0,116.074,-1,0
4,272,1545611,2173818,374,24,851,0.323168,3.44656,369,-1,ok,1,1,1,2.91773,374,1
4,273,2234670,1030403,742,47,3940,1.44048,12.3162,807,-1,ok,1,1,1,11.5753,742,1
4,274,1061263,517752,391,26,1114,0.391436,6.52145,417,-1,ok,1,1,1,6.1783,391,1
4,275,2611184,1093057,1834,118,8544,2.67444,136.175,2001,-1,ok,1,1,0,135.036,-1,0
4,276,1860944,3238002,887,57,3814,1.3037,9.54638,968,-1,ok,1,1,1,8.46284,887,1
4,277,2169703,1399028,791,51,3946,1.2973,45.241,863,-1,ok,1,1,1,44.3315,791,1
4,278,1948620,2128617,131,9,129,0.060541,1.49602,129,-1,ok,1,1,1,1.33252,131,1
4,279,2566018,882646,1597,101,8873,3.02998,125.654,1691,-1,ok,1,1,0,124.359,-1,0
4,280,929280,999352,167,11,178,0.104063,2.6003,161,-1,ok,1,1,1,2.42099,167,1
4,281,924154,2537686,1628,102,8620,2.97724,130.207,1709,-1,ok,1,1,0,128.868,-1,0
4,282,2000652,1137046,874,55,5137,1.94229,57.5138,884,-1,ok,1,1,1,56.4839,874,1
4,283,2582565,607763,1299,82,6565,2.33722,84.2701,1346,-1,ok,1,1,1,82.4843,1299,1
4,284,3245185,785165,2684,169,9161,3.14008,117.87,2873,-1,ok,1,1,0,116.123,-1,0
4,285,1231498,2364091,1022,66,4049,1.41862,90.3839,1053,-1,ok,1,1,1,89.0241,1022,1
4,286,1066192,1226502,199,12,163,0.072223,4.75903,177,-1,ok,1,1,1,4.54665,199,1
4,287,1869193,2052669,328,22,808,0.288284,11.239,414,-1,ok,1,1,1,10.8158,328,1
4,288,2994814,3098447,829,53,2418,0.866977,20.8144,833,-1,ok,1,1,1,20.2397,829,1
4,289,1797269,848583,613,40,3019,1.04785,17.1716,629,-1,ok,1,1,1,16.4358,613,1
4,290,1214793,1750358,1135,71,4305,1.53869,35.6418,1225,-1,ok,1,1,1,34.7513,1135,1
4,291,2831898,2102650,653,42,2026,0.692844,42.3797,687,-1,ok,1,1,1,41.668,653,1
4,292,2244867,2707981,771,50,2317,0.876705,30.7027,793,-1,ok,1,1,1,29.9937,771,1
4,293,1073058,1365640,1214,76,4666,1.6154,61.2185,1336,-1,ok,1,1,1,60.2231,1214,1
4,294,2216425,1540683,1508,96,8755,3.07348,92.8764,1621,-1,ok,1,1,0,91.9381,-1,0
4,295,2060741,2215164,463,30,999,0.369865,8.98713,495,-1,ok,1,1,1,8.55703,463,1
4,296,1441555,704228,1628,104,8382,2.80333,110.411,1721,-1,ok,1,1,0,109.449,-1,0
4,297,2513611,686770,1174,75,6637,2.32697,53.9652,1299,-1,ok,1,1,1,52.2053,1174,1
4,298,1306030,2886412,938,61,6074,2.20695,21.0541,999,-1,ok,1,1,1,19.9289,938,1
4,299,404356,1929489,1380,86,5545,1.81909,116.46,1517,-1,ok,1,1,0,115.457,-1,0
6,0,2654607,497695,1710,28,697,0.381597,132.303,2061,-1,ok,1,1,0,129.89,-1,0
6,1,2221473,1571062,1589,25,589,0.200441,80.3319,2118,-1,ok,1,1,1,78.2237,1589,1
6,2,641811,2589149,1344,22,539,0.172921,117.567,1452,-1,ok,1,1,0,115.88,-1,0
6,3,2250714,2339143,278,5,45,0.053219,5.36176,257,-1,ok,1,1,1,5.02259,278,1
6,4,2536396,353659,1876,30,634,0.197396,117.922,2189,-1,ok,1,1,0,116.081,-1,0
6,5,916591,1430479,1191,19,413,0.140601,73.0335,1247,-1,ok,1,1,1,71.7696,1191,1
6,6,500826,2935247,2173,35,712,0.218855,132.459,2633,-1,ok,1,1,0,130.045,-1,0
6,7,2429283,2288496,465,9,148,0.066693,13.0279,537,-1,ok,1,1,1,12.4962,465,1
6,8,502542,1287255,645,12,116,0.04329,41.8398,748,-1,ok,1,1,1,40.9693,645,1
6,9,2726054,800471,1487,24,632,0.195943,113.849,1697,-1,ok,1,1,0,112.362,-1,0
6,10,3031784,709412,1662,27,561,0.199961,117.037,1879,-1,ok,1,1,0,115.318,-1,0
6,11,813038,2649998,1861,30,746,0.22115,136.884,2274,-1,ok,1,1,0,134.747,-1,0
6,12,2906523,1340129,1264,21,435,0.146552,84.0402,1607,-1,ok,1,1,1,81.9793,1264,1
6,13,2198005,2773306,1504,23,478,0.168653,101.177,1503,-1,ok,1,1,0,100.09,-1,0
6,14,1009630,2195480,1009,17,241,0.118007,78.2497,1366,-1,ok,1,1,1,76.4591,1009,1
6,15,2077961,2827531,1186,19,623,0.241008,120.893,1303,-1,ok,1,1,0,119.809,-1,0
6,16,1553701,2469994,602,11,147,0.065492,6.68206,717,-1,ok,1,1,1,5.76183,602,1
6,17,2490161,384400,1409,23,669,0.200912,99.487,1516,-1,ok,1,1,0,98.1286,-1,0
6,18,2599025,2034587,1669,28,444,0.145099,118.166,2434,-1,ok,1,1,0,116.188,-1,0
6,19,1181060,2927824,1734,28,649,0.201254,131.685,2360,-1,ok,1,1,0,129.846,-1,0
6,20,645781,614849,395,8,86,0.041749,6.22603,543,-1,ok,1,1,1,5.64513,395,1
6,21,2468056,2256643,1145,18,356,0.115014,32.8563,1291,-1,ok,1,1,1,32.097,1145,1
6,22,251497,3219170,2176,34,735,0.209138,117.184,2505,-1,ok,1,1,0,115.109,-1,0
6,23,569297,2803754,1948,32,660,0.21571,127.677,2441,-1,ok,1,1,0,125.712,-1,0
6,24,2520461,1501553,674,11,217,0.085849,25.0373,685,-1,ok,1,1,1,24.1135,674,1
6,25,2003860,731758,1205,19,467,0.163783,116.764,1423,-1,ok,1,1,0,115.762,-1,0
6,26,613334,2557422,1168,20,433,0.158904,38.8263,1417,-1,ok,1,1,1,36.7302,1168,1
6,27,387537,2005469,1167,19,372,0.117888,105.878,1337,-1,ok,1,1,1,103.77,1167,1
6,28,344125,2584166,2379,38,697,0.207725,129.945,3080,-1,ok,1,1,0,127.763,-1,0
6,29,2992346,1955386,784,12,225,0.086028,33.7861,905,-1,ok,1,1,1,32.6296,784,1
6,30,2891864,2043208,1327,22,508,0.192857,128.12,1565,-1,ok,1,1,0,126.615,-1,0
6,31,593449,1109625,711,12,188,0.073396,28.8408,845,-1,ok,1,1,1,27.9857,711,1
6,32,2770066,477636,2303,38,728,0.237391,114.952,2913,-1,ok,1,1,0,112.799,-1,0
6,33,1568488,2024378,743,13,291,0.125943,50.037,889,-1,ok,1,1,1,49.1387,743,1
6,34,2636861,1355914,1868,29,536,0.19417,119.553,2429,-1,ok,1,1,0,117.904,-1,0
6,35,2807379,1728601,1223,19,359,0.136854,139.802,1603,-1,ok,1,1,0,138.416,-1,0
6,36,548195,1129534,384,7,81,0.039844,8.10489,487,-1,ok,1,1,1,7.36226,384,1
6,37,1403079,1097550,787,14,398,0.123138,52.8369,952,-1,ok,1,1,1,52.0694,787,1
6,38,1098506,2400310,1127,19,428,0.139389,129.186,1381,-1,ok,1,1,0,127.917,-1,0
6,39,549302,2763681,1609,26,518,0.191436,116.445,1639,-1,ok,1,1,0,114.556,-1,0
6,40,2830387,1329031,990,17,380,0.12914,41.9575,1151,-1,ok,1,1,1,40.4198,990,1
6,41,2571837,1609971,1200,20,387,0.1561,130.796,1591,-1,ok,1,1,0,129.661,-1,0
6,42,2269545,949398,1480,24,546,0.205351,136.418,2087,-1,ok,1,1,0,134.853,-1,0
6,43,2386550,2005422,1757,29,674,0.215128,100.116,2287,-1,ok,1,1,0,98.6031,-1,0
6,44,3228329,1091487,1429,24,463,0.169424,121.965,1535,-1,ok,1,1,0,120.282,-1,0
6,45,1252674,2899369,1220,21,221,0.085579,52.1249,1427,-1,ok,1,1,1,49.9586,1220,1
6,46,1245004,2631833,1742,28,763,0.266714,136.124,2191,-1,ok,1,1,0,134.638,-1,0
6,47,2746631,1120353,1791,29,473,0.176167,126.068,2320,-1,ok,1,1,0,124.466,-1,0
6,48,1545941,1034885,778,14,257,0.100165,81.9288,961,-1,ok,1,1,1,80.5741,778,1
6,49,707664,3179843,2152,34,694,0.210631,123.607,2655,-1,ok,1,1,0,121.766,-1,0
6,50,2697605,251222,1758,27,692,0.209578,92.4724,2325,-1,ok,1,1,1,89.9757,1758,1
6,51,598957,1160461,516,10,125,0.059922,33.4362,725,-1,ok,1,1,1,32.6695,516,1
6,52,2808838,629110,1283,21,551,0.176777,18.3457,1295,-1,ok,1,1,1,16.8255,1283,1
6,53,2674667,2450469,1734,29,450,0.141272,109.895,2513,-1,ok,1,1,0,108.414,-1,0
6,54,902226,2397303,1907,31,693,0.22094,129.422,2347,-1,ok,1,1,0,127.756,-1,0
6,55,3160580,2590500,1640,26,429,0.143676,120.331,1819,-1,ok,1,1,0,119.063,-1,0
6,56,3063115,1271576,1534,24,463,0.150528,133.696,1933,-1,ok,1,1,0,132.264,-1,0
6,57,471188,1449834,1138,17,279,0.111407,122.768,1498,-1,ok,1,1,1,121.262,1138,1
6,58,1353978,2059850,918,16,328,0.142443,125.041,1447,-1,ok,1,1,0,123.852,-1,0
6,59,2540733,1967844,911,14,380,0.132045,89.6766,963,-1,ok,1,1,1,88.6372,911,1
6,60,2700562,1997667,1296,21,470,0.149538,104.488,1825,-1,ok,1,1,1,103.041,1296,1
6,61,1637568,2044505,363,6,55,0.027471,9.16576,319,-1,ok,1,1,1,8.67544,363,1
6,62,1801679,2696751,1870,30,667,0.21552,117.952,2634,-1,ok,1,1,0,116.463,-1,0
6,63,598957,2906552,1287,21,493,0.154375,6.81199,1285,-1,ok,1,1,1,5.3438,1287,1
6,64,1955372,794087,930,15,381,0.126024,60.4685,986,-1,ok,1,1,1,59.299,930,1
6,65,2039260,2947726,1193,19,342,0.120914,121.07,1930,-1,ok,1,1,1,119.258,1193,1
6,66,556924,1599250,705,12,185,0.074409,29.7645,798,-1,ok,1,1,1,28.7477,705,1
6,67,278380,2626389,2296,37,773,0.227483,134.269,2811,-1,ok,1,1,0,132.236,-1,0
6,68,2339398,455629,2015,33,792,0.247759,138.701,2588,-1,ok,1,1,0,136.862,-1,0
6,69,2397188,1012607,1150,19,495,0.16221,130.294,1423,-1,ok,1,1,0,129.093,-1,0
6,70,2467967,715435,1642,27,521,0.199189,108.147,2029,-1,ok,1,1,0,106.677,-1,0
6,71,279709,835397,829,14,222,0.079116,51.7985,867,-1,ok,1,1,1,50.8098,829,1
6,72,825921,1088080,805,13,216,0.084436,20.8316,1097,-1,ok,1,1,1,20.0097,805,1
6,73,2686056,3089348,412,7,75,0.030055,23.112,401,-1,ok,1,1,1,22.5666,412,1
6,74,935096,1634738,947,16,404,0.14084,88.844,1417,-1,ok,1,1,1,87.4078,947,1
6,75,384006,760874,877,14,189,0.068318,44.4887,880,-1,ok,1,1,1,43.6949,877,1
6,76,1947155,898061,889,14,313,0.114543,59.2583,1021,-1,ok,1,1,1,57.9783,889,1
6,77,658137,789793,329,6,36,0.019846,5.3298,350,-1,ok,1,1,1,5.02909,329,1
6,78,363830,2056905,2015,32,595,0.173862,128.448,2348,-1,ok,1,1,0,126.921,-1,0
6,79,1761748,2892020,756,13,294,0.127387,35.9909,977,-1,ok,1,1,1,34.7524,756,1
6,80,2351211,2029768,1106,18,383,0.129289,73.9958,1493,-1,ok,1,1,1,72.847,1106,1
6,81,647090,520796,364,6,66,0.037018,8.68298,321,-1,ok,1,1,1,8.38012,364,1
6,82,2202913,1998284,1606,26,616,0.189932,103.196,2095,-1,ok,1,1,0,101.999,-1,0
6,83,2307907,2951731,1581,25,579,0.195632,95.8528,1705,-1,ok,1,1,1,94.3356,1581,1
6,84,1871832,591133,1610,26,612,0.223695,104.371,1991,-1,ok,1,1,1,102.508,1610,1
6,85,1820468,769068,784,13,326,0.123579,37.7911,881,-1,ok,1,1,1,36.6155,784,1
6,86,618657,2879486,1405,21,489,0.148044,42.3055,1793,-1,ok,1,1,1,40.3216,1405,1
6,87,759127,2437547,1913,31,732,0.224426,139.253,2437,-1,ok,1,1,0,137.625,-1,0
6,88,2003626,436977,2082,33,754,0.234414,116.444,2803,-1,ok,1,1,0,114.398,-1,0
6,89,2088216,2111650,95,1,0,0.000992,1.14088,1,-1,ok,1,1,1,1.12423,95,1
6,90,2481203,2200930,683,11,200,0.072333,25.4156,641,-1,ok,1,1,1,24.8241,683,1
6,91,1827763,2791217,1053,18,531,0.17855,125.511,1537,-1,ok,1,1,0,124.381,-1,0
6,92,1980418,1582954,557,10,143,0.06441,16.7496,653,-1,ok,1,1,1,16.0308,557,1
6,93,705039,752842,1000,16,350,0.10779,44.4441,1097,-1,ok,1,1,1,43.6649,1000,1
6,94,1158854,739502,341,6,56,0.025327,10.7327,321,-1,ok,1,1,1,10.3016,341,1
6,95,1350833,836719,972,15,456,0.144277,54.3458,1233,-1,ok,1,1,1,53.2892,972,1
6,96,1556785,647066,1224,20,464,0.152654,74.386,1395,-1,ok,1,1,1,73.021,1224,1
6,97,1944954,1109435,783,13,306,0.135552,62.8081,815,-1,ok,1,1,1,61.8319,783,1
6,98,2668191,348531,1839,31,746,0.225658,117.815,2132,-1,ok,1,1,0,116.235,-1,0
6,99,476033,1903328,1168,19,418,0.165286,139.105,1267,-1,ok,1,1,0,137.938,-1,0
6,100,795218,590026,122,2,6,0.013335,0.837312,65,-1,ok,1,1,1,0.681995,122,1
6,101,763468,1260833,843,14,176,0.081942,37.9556,841,-1,ok,1,1,1,37.3009,843,1
6,102,3155979,534005,2083,33,719,0.225398,116.681,2537,-1,ok,1,1,0,114.639,-1,0
6,103,2671843,2035386,1097,18,394,0.131314,79.9636,1579,-1,ok,1,1,1,78.511,1097,1
6,104,1072087,2077094,1175,20,512,0.19655,64.0179,1742,-1,ok,1,1,1,62.4044,1175,1
6,105,1830266,867972,1628,26,722,0.222883,132.122,1807,-1,ok,1,1,0,130.993,-1,0
6,106,2009385,672463,1221,20,592,0.197085,114.159,1423,-1,ok,1,1,0,113.032,-1,0
6,107,1277732,1289510,1175,19,377,0.1455,72.0157,1331,-1,ok,1,1,1,70.7673,1175,1
6,108,383929,2086407,1268,21,433,0.133457,121.807,1467,-1,ok,1,1,0,120.611,-1,0
6,109,2032078,1699736,1336,22,480,0.163705,25.6459,1865,-1,ok,1,1,1,24.295,1336,1
6,110,958411,907673,588,11,191,0.076331,22.9556,673,-1,ok,1,1,1,22.4229,588,1
6,111,345881,908168,999,16,171,0.059218,100.915,1275,-1,ok,1,1,1,99.8368,999,1
6,112,921927,2826328,1275,19,423,0.15136,61.9489,1371,-1,ok,1,1,1,60.2277,1275,1
6,113,558628,2150100,1156,20,386,0.137165,76.7303,1321,-1,ok,1,1,1,74.9237,1156,1
6,114,732091,2459630,1421,24,574,0.206533,116.105,1823,-1,ok,1,1,0,114.583,-1,0
6,115,398823,391093,624,11,138,0.056946,17.5313,987,-1,ok,1,1,1,16.72,624,1
6,116,1510629,2959878,1054,17,422,0.133417,72.1853,984,-1,ok,1,1,1,70.782,1054,1
6,117,2096552,3082996,592,9,172,0.068246,12.1015,513,-1,ok,1,1,1,11.4334,592,1
6,118,773297,2535823,1305,22,556,0.160449,41.117,1545,-1,ok,1,1,1,39.3962,1305,1
6,119,1540653,367496,2008,32,767,0.230638,125.088,2511,-1,ok,1,1,0,123.646,-1,0
6,120,457915,1822951,1394,23,497,0.164264,132.037,1687,-1,ok,1,1,0,130.8,-1,0
6,121,2144069,523360,2086,32,738,0.224445,111.649,2755,-1,ok,1,1,0,109.863,-1,0
6,122,1935902,3090329,1268,20,694,0.219017,129.069,1525,-1,ok,1,1,0,127.892,-1,0
6,123,2854140,1596178,937,16,337,0.126675,28.3291,1549,-1,ok,1,1,1,26.8006,937,1
6,124,1967913,1747145,807,12,254,0.098282,7.03845,921,-1,ok,1,1,1,6.42437,807,1
6,125,2263205,1655305,838,14,325,0.098944,22.484,1139,-1,ok,1,1,1,21.5634,838,1
6,126,2506297,1143924,984,17,414,0.12444,52.0689,1203,-1,ok,1,1,1,50.7451,984,1
6,127,1448472,1364093,562,10,146,0.065812,26.3326,769,-1,ok,1,1,1,25.6257,562,1
6,128,1724010,2154870,1418,23,659,0.206182,108.391,1889,-1,ok,1,1,0,107.279,-1,0
6,129,840467,2529952,1656,27,299,0.107269,74.2121,2333,-1,ok,1,1,1,71.9439,1656,1
6,130,1792217,1212610,345,7,84,0.034012,3.14468,477,-1,ok,1,1,1,2.58758,345,1
6,131,1328134,3208212,1967,31,760,0.22236,128.618,2583,-1,ok,1,1,0,126.997,-1,0
6,132,2891864,1675347,959,17,351,0.120102,72.8196,1235,-1,ok,1,1,1,71.3781,959,1
6,133,2410465,2443796,1103,18,321,0.115986,29.9939,1201,-1,ok,1,1,1,29.2616,1103,1
6,134,558433,2250280,1093,18,310,0.116286,44.7914,1267,-1,ok,1,1,1,43.2804,1093,1
6,135,1187532,720690,1013,17,405,0.141502,61.5211,1254,-1,ok,1,1,1,60.6027,1013,1
6,136,2710078,1125700,1258,21,488,0.154987,124.629,1637,-1,ok,1,1,0,123.4,-1,0
6,137,342829,2650131,1580,26,589,0.179644,119.847,2135,-1,ok,1,1,0,118.181,-1,0
6,138,381156,591400,523,11,113,0.050573,6.41457,989,-1,ok,1,1,1,5.56539,523,1
6,139,620591,3052362,1412,22,530,0.154256,22.4346,1349,-1,ok,1,1,1,21.1436,1412,1
6,140,1838465,1180686,1541,24,770,0.235326,111.179,1807,-1,ok,1,1,0,110.174,-1,0
6,141,2808277,2315654,851,14,168,0.090698,45.9269,833,-1,ok,1,1,1,45.1463,851,1
6,142,2598310,2422034,222,4,23,0.015428,5.19785,193,-1,ok,1,1,1,5.02805,222,1
6,143,2845436,1668194,730,12,171,0.057787,19.1987,823,-1,ok,1,1,1,18.2469,730,1
6,144,2382918,526772,1377,22,539,0.167972,118.39,1737,-1,ok,1,1,0,117.202,-1,0
6,145,1931999,438444,1275,21,663,0.211614,113.011,1392,-1,ok,1,1,0,111.794,-1,0
6,146,2679978,515339,2241,36,763,0.244203,128.703,2609,-1,ok,1,1,0,126.77,-1,0
6,147,2803019,1915102,1793,29,600,0.208547,114.834,2453,-1,ok,1,1,0,113.259,-1,0
6,148,913089,1331566,1323,23,557,0.192828,106.387,1587,-1,ok,1,1,0,105.197,-1,0
6,149,634343,2276336,1305,21,449,0.142353,125.668,1603,-1,ok,1,1,0,124.39,-1,0
6,150,1481794,3181212,1228,21,509,0.171899,78.8341,1405,-1,ok,1,1,1,76.9586,1228,1
6,151,1474634,422363,1314,22,581,0.195522,114.037,1417,-1,ok,1,1,0,113.026,-1,0
6,152,1834575,3226322,1174,20,502,0.164735,90.3849,1278,-1,ok,1,1,1,88.6314,1174,1
6,153,3024705,540222,1863,31,715,0.212303,116.12,2135,-1,ok,1,1,0,114.47,-1,0
6,154,3044639,2920559,189,3,10,0.016862,3.51032,261,-1,ok,1,1,1,3.24534,189,1
6,155,1228220,1631674,478,9,116,0.042799,22.4031,569,-1,ok,1,1,1,21.9124,478,1
6,156,1536072,283775,1199,20,668,0.210981,112.996,1379,-1,ok,1,1,0,111.797,-1,0
6,157,3193672,1640899,1490,24,438,0.144228,108.004,1975,-1,ok,1,1,0,106.587,-1,0
6,158,1364886,1417986,1253,20,492,0.189091,97.0592,1395,-1,ok,1,1,0,96.0436,-1,0
6,159,1323479,1948892,1160,19,476,0.161319,66.1188,1247,-1,ok,1,1,1,65.0004,1160,1
6,160,329635,3138202,2157,35,645,0.227923,127.24,2374,-1,ok,1,1,0,125.222,-1,0
6,161,2199138,2165892,958,15,388,0.139107,32.2039,1126,-1,ok,1,1,1,31.3967,958,1
6,162,2332432,2665491,284,5,38,0.019847,7.24916,293,-1,ok,1,1,1,6.89223,284,1
6,163,2554867,820141,1438,23,597,0.172411,113.495,1707,-1,ok,1,1,0,112.154,-1,0
6,164,816636,1589983,1083,17,371,0.126395,112.352,1211,-1,ok,1,1,1,111.052,1083,1
6,165,2144577,2486159,628,11,226,0.097341,18.6463,935,-1,ok,1,1,1,17.8831,628,1
6,166,2257019,735014,1996,32,725,0.225549,114.633,2529,-1,ok,1,1,0,113.108,-1,0
6,167,2095650,935010,1005,16,337,0.123749,76.8406,1231,-1,ok,1,1,1,75.3833,1005,1
6,168,312457,989659,778,13,149,0.057357,17.3406,1165,-1,ok,1,1,1,16.3982,778,1
6,169,2882141,1067685,1170,20,346,0.114082,44.1407,1424,-1,ok,1,1,1,42.6348,1170,1
6,170,1662824,2681105,1085,18,454,0.153655,128.073,1179,-1,ok,1,1,0,127.163,-1,0
6,171,1703180,546367,1232,21,514,0.180535,118.122,1437,-1,ok,1,1,0,116.989,-1,0
6,172,2090483,588991,1314,20,612,0.203247,118.366,1493,-1,ok,1,1,1,116.566,1314,1
6,173,2669970,1153251,1524,25,574,0.203918,116.995,1715,-1,ok,1,1,0,115.732,-1,0
6,174,2801102,1556461,1651,27,508,0.162842,114.845,1843,-1,ok,1,1,0,113.531,-1,0
6,175,2862760,2446461,730,11,174,0.073045,28.5665,721,-1,ok,1,1,1,27.936,730,1
6,176,1728209,2803901,1739,29,635,0.218685,105.323,2525,-1,ok,1,1,0,103.694,-1,0
6,177,330269,1345015,1018,17,292,0.0976,119.079,1135,-1,ok,1,1,1,117.672,1018,1
6,178,3017924,2896984,407,7,64,0.028635,8.11456,553,-1,ok,1,1,1,7.67816,407,1
6,179,910292,1126401,229,4,23,0.012854,4.98333,273,-1,ok,1,1,1,4.75259,229,1
6,180,2006593,1670863,1240,22,508,0.164906,24.2298,1715,-1,ok,1,1,1,23.1112,1240,1
6,181,2078347,3155254,1385,22,739,0.231188,116.494,1861,-1,ok,1,1,0,115.149,-1,0
6,182,2709648,2878665,277,5,33,0.02737,5.66605,257,-1,ok,1,1,1,5.38814,277,1
6,183,460429,2828556,1989,33,694,0.237029,134.003,2632,-1,ok,1,1,0,132.266,-1,0
6,184,909956,1352984,474,9,142,0.062195,18.4086,617,-1,ok,1,1,1,17.7594,474,1
6,185,2598310,614849,1241,20,559,0.171749,59.2801,1377,-1,ok,1,1,1,57.6133,1241,1
6,186,1732162,381072,1507,26,744,0.227662,116.719,1937,-1,ok,1,1,0,115.312,-1,0
6,187,2864255,987151,1339,21,433,0.144215,106.776,1566,-1,ok,1,1,0,105.505,-1,0
6,188,613280,1998545,1505,25,562,0.182259,132.749,1765,-1,ok,1,1,0,131.412,-1,0
6,189,769257,2619619,1324,22,499,0.15136,50.6449,1593,-1,ok,1,1,1,48.8071,1324,1
6,190,1700379,924636,488,8,122,0.058608,9.29038,509,-1,ok,1,1,1,8.77056,488,1
6,191,489236,2011181,1701,27,561,0.176738,133.786,2227,-1,ok,1,1,0,132.465,-1,0
6,192,1225462,1170705,1015,16,339,0.120824,32.8373,1121,-1,ok,1,1,1,31.9303,1015,1
6,193,1873151,1744747,675,11,227,0.09654,13.786,789,-1,ok,1,1,1,13.172,675,1
6,194,2468599,2302602,643,11,214,0.078657,31.6136,793,-1,ok,1,1,1,30.9883,643,1
6,195,2943977,2062115,628,11,176,0.060963,24.0322,801,-1,ok,1,1,1,23.1954,628,1
6,196,587996,382135,775,13,188,0.065001,20.4265,960,-1,ok,1,1,1,19.8055,775,1
6,197,1795388,2559139,975,16,424,0.155729,127.189,1335,-1,ok,1,1,0,126.353,-1,0
6,198,430706,1816036,1949,33,676,0.2,127.693,2784,-1,ok,1,1,0,125.913,-1,0
6,199,2709791,743716,1567,26,696,0.216982,139.444,1913,-1,ok,1,1,0,137.899,-1,0
6,200,2317486,1682523,790,14,338,0.133968,68.0411,1169,-1,ok,1,1,1,66.8653,790,1
6,201,848074,2660956,1289,21,406,0.13436,53.781,1319,-1,ok,1,1,1,52.1584,1289,1
6,202,2051630,2425358,880,16,360,0.128118,45.2186,1468,-1,ok,1,1,1,44.1536,880,1
6,203,2138232,3170486,1784,29,630,0.210981,132.137,2559,-1,ok,1,1,0,130.57,-1,0
6,204,1443071,807450,574,9,120,0.056916,18.0908,629,-1,ok,1,1,1,17.3965,574,1
6,205,1144422,3049691,2080,35,785,0.222212,127.866,2519,-1,ok,1,1,0,126.231,-1,0
6,206,377442,2376747,1648,28,579,0.180363,123.084,1969,-1,ok,1,1,0,121.38,-1,0
6,207,1401797,2931005,1642,26,719,0.236387,131.534,2129,-1,ok,1,1,0,130.013,-1,0
6,208,2488208,1785008,991,16,352,0.127015,93.8262,1125,-1,ok,1,1,1,92.622,991,1
6,209,2517430,2632913,587,8,82,0.037569,33.3437,543,-1,ok,1,1,1,32.87,587,1
6,210,1804529,2670473,625,11,208,0.096309,28.6696,949,-1,ok,1,1,1,27.7217,625,1
6,211,792304,2700845,1601,27,570,0.172731,125.895,1977,-1,ok,1,1,0,124.614,-1,0
6,212,292558,448522,757,13,157,0.060952,12.5167,1027,-1,ok,1,1,1,11.794,757,1
6,213,2987559,1182868,2093,33,708,0.212043,134.061,2580,-1,ok,1,1,0,132.633,-1,0
6,214,3031564,1350417,1027,17,250,0.094706,31.2241,1205,-1,ok,1,1,1,29.9238,1027,1
6,215,3155823,373649,2172,35,704,0.209378,102.78,2588,-1,ok,1,1,0,101.011,-1,0
6,216,371781,1935939,921,15,290,0.097952,21.0995,999,-1,ok,1,1,1,19.907,921,1
6,217,2855984,2571946,520,9,131,0.055062,22.9767,593,-1,ok,1,1,1,22.4894,520,1
6,218,465556,3102078,1943,31,731,0.21596,132.633,2273,-1,ok,1,1,0,130.998,-1,0
6,219,3106562,1461822,2273,36,690,0.225238,131.023,2723,-1,ok,1,1,0,129.318,-1,0
6,220,2389443,1100586,779,13,328,0.11855,16.7883,1027,-1,ok,1,1,1,15.7409,779,1
6,221,1209891,3199598,1812,29,678,0.203166,130.752,2008,-1,ok,1,1,0,129.541,-1,0
6,222,1628263,3038908,1441,24,770,0.262617,134.438,1663,-1,ok,1,1,0,133.227,-1,0
6,223,996318,538495,877,15,431,0.143557,30.6114,1011,-1,ok,1,1,1,29.7926,877,1
6,224,2666230,1916875,1680,28,603,0.181085,114.245,2386,-1,ok,1,1,0,112.891,-1,0
6,225,1214391,1343195,898,14,349,0.125083,19.651,915,-1,ok,1,1,1,19.029,898,1
6,226,650861,1693026,614,10,184,0.081471,9.52362,591,-1,ok,1,1,1,8.76496,614,1
6,227,1007288,1215730,474,9,141,0.045243,9.36937,683,-1,ok,1,1,1,8.94158,474,1
6,228,2161129,565602,1613,26,776,0.207595,130.244,1737,-1,ok,1,1,0,129.139,-1,0
6,229,2785103,1597956,1513,26,573,0.184142,112.972,1937,-1,ok,1,1,0,111.67,-1,0
6,230,1392321,355276,821,14,370,0.137606,61.4728,958,-1,ok,1,1,1,60.2975,821,1
6,231,2051789,1806580,591,9,102,0.048409,12.126,545,-1,ok,1,1,1,11.7105,591,1
6,232,1102446,3057237,1135,20,602,0.180062,13.7146,1569,-1,ok,1,1,1,12.3473,1135,1
6,233,2397085,1013039,923,15,350,0.109067,33.3692,1007,-1,ok,1,1,1,32.4533,923,1
6,234,1287529,1866275,1267,21,573,0.183633,114.01,1479,-1,ok,1,1,0,113.107,-1,0
6,235,1687683,418136,1252,20,662,0.215579,137.33,1473,-1,ok,1,1,0,136.226,-1,0
6,236,2722809,932643,2100,33,765,0.248582,133.887,2680,-1,ok,1,1,0,132.178,-1,0
6,237,2665523,3047256,1417,22,443,0.15002,139.641,1606,-1,ok,1,1,0,138.281,-1,0
6,238,1923409,2905912,843,14,370,0.140601,65.9509,1239,-1,ok,1,1,1,64.5914,843,1
6,239,875283,1311303,664,12,196,0.072345,19.7043,871,-1,ok,1,1,1,19.0654,664,1
6,240,2918198,639738,1606,26,533,0.18948,107.237,1955,-1,ok,1,1,0,105.885,-1,0
6,241,1337751,1159597,145,3,10,0.014015,2.08176,129,-1,ok,1,1,1,1.93739,145,1
6,242,1804529,3222731,986,16,571,0.28021,70.6352,1290,-1,ok,1,1,1,69.2493,986,1
6,243,2545706,1651771,1162,20,445,0.146882,111.93,1451,-1,ok,1,1,0,110.903,-1,0
6,244,807710,2239366,1940,31,745,0.244883,135.842,2423,-1,ok,1,1,0,134.295,-1,0
6,245,3201629,632825,1631,26,586,0.185202,50.0485,1858,-1,ok,1,1,1,47.9968,1631,1
6,246,2019093,3174345,1036,17,463,0.16199,55.7446,1329,-1,ok,1,1,1,54.4629,1036,1
6,247,2955346,1703765,1276,21,325,0.115273,128.639,1543,-1,ok,1,1,0,127.593,-1,0
6,248,541380,1361733,957,15,232,0.105035,74.8693,1267,-1,ok,1,1,1,73.6987,957,1
6,249,3113781,786831,2642,43,781,0.222493,130.281,3049,-1,ok,1,1,0,128.44,-1,0
6,250,726020,696308,1081,17,354,0.121225,29.5284,1187,-1,ok,1,1,1,28.6749,1081,1
6,251,553589,2992564,1414,22,543,0.166549,26.3981,1471,-1,ok,1,1,1,24.9167,1414,1
6,252,1843611,2188440,1312,21,487,0.170737,101.073,1892,-1,ok,1,1,1,99.7502,1312,1
6,253,334027,2354825,1725,29,613,0.184082,136.122,2225,-1,ok,1,1,0,134.599,-1,0
6,254,2138232,528223,1703,28,620,0.213004,112.908,2122,-1,ok,1,1,0,111.421,-1,0
6,255,2920261,1514740,1066,17,350,0.119211,65.7592,1419,-1,ok,1,1,1,64.3393,1066,1
6,256,1963166,1687516,403,8,119,0.055313,16.0362,535,-1,ok,1,1,1,15.4871,403,1
6,257,610635,2538272,1234,20,413,0.133508,48.287,1521,-1,ok,1,1,1,46.6482,1234,1
6,258,2978886,649484,1616,26,311,0.109863,118.717,1825,-1,ok,1,1,1,116.462,1616,1
6,259,769160,1514768,962,17,284,0.105436,51.651,1079,-1,ok,1,1,1,50.6776,962,1
6,260,3115044,1697807,1444,24,488,0.169674,130.428,2029,-1,ok,1,1,0,128.99,-1,0
6,261,1835879,2014773,1360,25,469,0.178761,91.2513,2061,-1,ok,1,1,1,89.7409,1360,1
6,262,1550309,1217369,267,5,44,0.02204,4.37409,421,-1,ok,1,1,1,3.90132,267,1
6,263,1455274,2689959,801,14,418,0.131665,24.4485,1104,-1,ok,1,1,1,23.4769,801,1
6,264,1863586,2791354,1283,21,623,0.207125,135.046,1655,-1,ok,1,1,0,134.061,-1,0
6,265,1878699,2430675,931,16,422,0.163984,70.5586,1283,-1,ok,1,1,1,69.4567,931,1
6,266,1109092,2589721,1865,30,659,0.217033,131.336,2380,-1,ok,1,1,0,129.909,-1,0
6,267,2786859,1809984,1068,18,335,0.116196,109.976,1181,-1,ok,1,1,1,108.678,1068,1
6,268,2948186,2866807,424,8,52,0.02743,8.06761,449,-1,ok,1,1,1,7.67413,424,1
6,269,837275,3217710,2157,34,705,0.217302,128.436,2477,-1,ok,1,1,0,126.901,-1,0
6,270,1633134,3007164,1393,23,639,0.208737,127.78,1765,-1,ok,1,1,0,126.551,-1,0
6,271,3177553,363823,1951,30,637,0.195052,116.792,2070,-1,ok,1,1,0,115.073,-1,0
6,272,1545611,2173818,374,7,82,0.044993,3.43801,421,-1,ok,1,1,1,2.9032,374,1
6,273,2234670,1030403,742,13,338,0.105034,12.4298,1027,-1,ok,1,1,1,11.592,742,1
6,274,1061263,517752,391,8,114,0.04331,6.5249,467,-1,ok,1,1,1,6.16141,391,1
6,275,2611184,1093057,1834,29,674,0.178351,132.583,2429,-1,ok,1,1,0,131.166,-1,0
6,276,1860944,3238002,887,14,281,0.106949,9.57275,1072,-1,ok,1,1,1,8.52065,887,1
6,277,2169703,1399028,791,13,268,0.095386,44.7426,1050,-1,ok,1,1,1,43.8265,791,1
6,278,1948620,2128617,131,3,11,0.009628,1.59544,168,-1,ok,1,1,1,1.3921,131,1
6,279,2566018,882646,1597,25,696,0.20015,126.906,1683,-1,ok,1,1,0,125.685,-1,0
6,280,929280,999352,167,3,12,0.014527,2.49602,129,-1,ok,1,1,1,2.39914,167,1
6,281,924154,2537686,1628,27,716,0.216841,128.439,1998,-1,ok,1,1,0,127.107,-1,0
6,282,2000652,1137046,874,15,423,0.146822,56.9674,932,-1,ok,1,1,1,55.9654,874,1
6,283,2582565,607763,1299,21,533,0.184382,83.0712,1790,-1,ok,1,1,1,81.0877,1299,1
6,284,3245185,785165,2684,44,768,0.230796,117.249,3317,-1,ok,1,1,0,115.205,-1,0
6,285,1231498,2364091,1022,17,302,0.107209,89.522,1348,-1,ok,1,1,1,88.1268,1022,1
6,286,1066192,1226502,199,3,11,0.01029,4.77731,129,-1,ok,1,1,1,4.55218,199,1
6,287,1869193,2052669,328,6,55,0.024466,11.4156,555,-1,ok,1,1,1,10.9541,328,1
6,288,2994814,3098447,829,14,210,0.068767,20.8691,1107,-1,ok,1,1,1,20.1468,829,1
6,289,1797269,848583,613,10,187,0.067525,17.1186,829,-1,ok,1,1,1,16.4025,613,1
6,290,1214793,1750358,1135,19,406,0.124692,35.2446,1364,-1,ok,1,1,1,34.3912,1135,1
6,291,2831898,2102650,653,11,160,0.063659,41.528,665,-1,ok,1,1,1,40.8759,653,1
6,292,2244867,2707981,771,13,200,0.092101,30.0483,769,-1,ok,1,1,1,29.4659,771,1
6,293,1073058,1365640,1214,18,360,0.119802,61.4524,1228,-1,ok,1,1,1,60.6317,1214,1
6,294,2216425,1540683,1508,24,668,0.219197,93.4905,2271,-1,ok,1,1,0,92.1491,-1,0
6,295,2060741,2215164,463,9,90,0.047097,9.31131,815,-1,ok,1,1,1,8.55097,463,1
6,296,1441555,704228,1628,27,710,0.218916,111.329,1843,-1,ok,1,1,0,110.346,-1,0
6,297,2513611,686770,1174,20,576,0.189752,52.7301,1365,-1,ok,1,1,1,51.1206,1174,1
6,298,1306030,2886412,938,16,520,0.182238,20.9754,1083,-1,ok,1,1,1,19.8832,938,1
6,299,404356,1929489,1380,22,397,0.119762,115.495,1674,-1,ok,1,1,0,114.24,-1,0
8,0,2654607,497695,1710,7,81,0.066523,131.267,2085,-1,ok,1,1,0,129.694,-1,0
8,1,2221473,1571062,1589,6,54,0.036237,80.5742,2682,-1,ok,1,1,1,78.4512,1589,1
8,2,641811,2589149,1344,6,60,0.020098,116.624,2355,-1,ok,1,1,0,114.998,-1,0
8,3,2250714,2339143,278,3,14,0.0162,5.48327,646,-1,ok,1,1,1,4.95259,278,1
8,4,2536396,353659,1876,9,71,0.019556,116.845,2571,-1,ok,1,1,0,114.946,-1,0
8,5,916591,1430479,1191,6,40,0.036828,72.4117,1365,-1,ok,1,1,1,71.1731,1191,1
8,6,500826,2935247,2173,9,77,0.023974,130.466,3383,-1,ok,1,1,0,128.389,-1,0
8,7,2429283,2288496,465,4,30,0.02202,13.2317,1123,-1,ok,1,1,1,12.3726,465,1
8,8,502542,1287255,645,3,11,0.00642,41.2961,785,-1,ok,1,1,1,40.6278,645,1
8,9,2726054,800471,1487,6,75,0.024606,112.69,1449,-1,ok,1,1,0,111.529,-1,0
8,10,3031784,709412,1662,8,61,0.029725,115.614,2289,-1,ok,1,1,0,113.932,-1,0
8,11,813038,2649998,1861,8,77,0.033272,134.75,2529,-1,ok,1,1,0,133.14,-1,0
8,12,2906523,1340129,1264,7,67,0.03173,83.4789,2063,-1,ok,1,1,1,81.4979,1264,1
8,13,2198005,2773306,1504,8,78,0.026008,102.268,3104,-1,ok,1,1,0,100.389,-1,0
8,14,1009630,2195480,1009,4,20,0.016522,75.7264,1033,-1,ok,1,1,1,74.4077,1009,1
8,15,2077961,2827531,1186,6,76,0.02719,120.116,2680,-1,ok,1,1,0,118.623,-1,0
8,16,1553701,2469994,602,3,19,0.015478,6.56742,911,-1,ok,1,1,1,5.71867,602,1
8,17,2490161,384400,1409,7,75,0.020066,98.4594,2583,-1,ok,1,1,0,96.9207,-1,0
8,18,2599025,2034587,1669,6,38,0.024406,116.839,2068,-1,ok,1,1,0,115.436,-1,0
8,19,1181060,2927824,1734,8,77,0.045786,130.894,3127,-1,ok,1,1,0,129.038,-1,0
8,20,645781,614849,395,2,8,0.01155,5.81727,257,-1,ok,1,1,1,5.56512,395,1
8,21,2468056,2256643,1145,5,44,0.015259,33.0752,1672,-1,ok,1,1,1,31.9896,1145,1
8,22,251497,3219170,2176,9,84,0.033722,115.531,3037,-1,ok,1,1,0,113.41,-1,0
8,23,569297,2803754,1948,9,77,0.03199,126.669,3383,-1,ok,1,1,0,124.613,-1,0
8,24,2520461,1501553,674,3,17,0.01617,24.9298,911,-1,ok,1,1,1,23.9753,674,1
8,25,2003860,731758,1205,6,49,0.016941,115.218,1939,-1,ok,1,1,0,114.143,-1,0
8,26,613334,2557422,1168,5,35,0.02178,37.5423,1317,-1,ok,1,1,1,36.0438,1168,1
8,27,387537,2005469,1167,6,34,0.014997,104.16,1920,-1,ok,1,1,1,102.268,1167,1
8,28,344125,2584166,2379,11,86,0.025346,128.388,3614,-1,ok,1,1,0,126.303,-1,0
8,29,2992346,1955386,784,3,11,0.014817,32.5981,1116,-1,ok,1,1,1,31.6245,784,1
8,30,2891864,2043208,1327,7,58,0.019957,126.329,2420,-1,ok,1,1,0,124.726,-1,0
8,31,593449,1109625,711,3,14,0.015688,28.6385,527,-1,ok,1,1,1,28.0851,711,1
8,32,2770066,477636,2303,10,70,0.024466,112.266,3794,-1,ok,1,1,0,110.021,-1,0
8,33,1568488,2024378,743,4,40,0.023964,49.0473,1196,-1,ok,1,1,1,47.9852,743,1
8,34,2636861,1355914,1868,8,63,0.023704,116.858,2718,-1,ok,1,1,0,115.142,-1,0
8,35,2807379,1728601,1223,6,51,0.027391,137.265,2501,-1,ok,1,1,0,135.665,-1,0
8,36,548195,1129534,384,2,5,0.011442,7.76037,371,-1,ok,1,1,1,7.28982,384,1
8,37,1403079,1097550,787,4,46,0.018042,52.1487,1167,-1,ok,1,1,1,51.2882,787,1
8,38,1098506,2400310,1127,6,55,0.019406,122.288,1289,-1,ok,1,1,0,121.316,-1,0
8,39,549302,2763681,1609,6,42,0.045725,113.867,1503,-1,ok,1,1,0,112.663,-1,0
8,40,2830387,1329031,990,6,42,0.022862,41.4966,1361,-1,ok,1,1,1,40.0365,990,1
8,41,2571837,1609971,1200,5,36,0.016781,124.03,1263,-1,ok,1,1,0,123.119,-1,0
8,42,2269545,949398,1480,6,55,0.030326,134.26,2144,-1,ok,1,1,0,132.705,-1,0
8,43,2386550,2005422,1757,8,79,0.0428,98.0838,2282,-1,ok,1,1,0,96.7648,-1,0
8,44,3228329,1091487,1429,7,44,0.025378,117.406,1747,-1,ok,1,1,0,115.943,-1,0
8,45,1252674,2899369,1220,6,26,0.021149,46.8967,2109,-1,ok,1,1,1,44.7792,1220,1
8,46,1245004,2631833,1742,8,85,0.026469,135.748,2549,-1,ok,1,1,0,134.067,-1,0
8,47,2746631,1120353,1791,8,57,0.030837,123.824,2567,-1,ok,1,1,0,122.132,-1,0
8,48,1545941,1034885,778,4,26,0.02164,76.3302,1177,-1,ok,1,1,1,75.0413,778,1
8,49,707664,3179843,2152,9,77,0.024937,122.215,3383,-1,ok,1,1,0,120.24,-1,0
8,50,2697605,251222,1758,9,82,0.034814,87.4952,2151,-1,ok,1,1,1,85.1639,1758,1
8,51,598957,1160461,516,3,11,0.009096,32.9942,859,-1,ok,1,1,1,32.2737,516,1
8,52,2808838,629110,1283,6,57,0.021339,18.2153,1717,-1,ok,1,1,1,16.7415,1283,1
8,53,2674667,2450469,1734,7,55,0.019064,108.032,2457,-1,ok,1,1,0,106.582,-1,0
8,54,902226,2397303,1907,9,76,0.033893,128.709,2295,-1,ok,1,1,0,127.179,-1,0
8,55,3160580,2590500,1640,7,48,0.030786,116.091,1979,-1,ok,1,1,0,114.937,-1,0
8,56,3063115,1271576,1534,7,67,0.033541,128.821,2063,-1,ok,1,1,0,127.371,-1,0
8,57,471188,1449834,1138,5,32,0.021139,120.533,1567,-1,ok,1,1,1,119.024,1138,1
8,58,1353978,2059850,918,4,30,0.014536,121.491,858,-1,ok,1,1,0,120.783,-1,0
8,59,2540733,1967844,911,4,40,0.025547,87.3584,1245,-1,ok,1,1,1,86.3109,911,1
8,60,2700562,1997667,1296,5,54,0.02239,99.1919,1273,-1,ok,1,1,1,98.1051,1296,1
8,61,1637568,2044505,363,2,4,0.005401,8.73247,328,-1,ok,1,1,1,8.343,363,1
8,62,1801679,2696751,1870,8,69,0.033934,116.198,3085,-1,ok,1,1,0,114.551,-1,0
8,63,598957,2906552,1287,6,55,0.028693,6.9466,1665,-1,ok,1,1,1,5.32471,1287,1
8,64,1955372,794087,930,5,43,0.016069,58.7285,1114,-1,ok,1,1,1,57.5473,930,1
8,65,2039260,2947726,1193,5,32,0.015229,120.308,1826,-1,ok,1,1,1,118.555,1193,1
8,66,556924,1599250,705,4,21,0.011823,29.4193,1371,-1,ok,1,1,1,28.3843,705,1
8,67,278380,2626389,2296,10,76,0.023363,131.816,2901,-1,ok,1,1,0,130.128,-1,0
8,68,2339398,455629,2015,10,96,0.03783,136.411,2359,-1,ok,1,1,0,134.781,-1,0
8,69,2397188,1012607,1150,6,65,0.03187,127.033,1715,-1,ok,1,1,0,125.816,-1,0
8,70,2467967,715435,1642,8,65,0.034172,106.435,2355,-1,ok,1,1,0,104.933,-1,0
8,71,279709,835397,829,4,21,0.017315,50.5966,709,-1,ok,1,1,1,49.922,829,1
8,72,825921,1088080,805,4,22,0.011221,20.7218,1115,-1,ok,1,1,1,19.8796,805,1
8,73,2686056,3089348,412,3,18,0.009368,23.0946,1101,-1,ok,1,1,1,22.2732,412,1
8,74,935096,1634738,947,4,35,0.013705,87.0232,1351,-1,ok,1,1,1,86.0549,947,1
8,75,384006,760874,877,4,20,0.011341,44.1724,790,-1,ok,1,1,1,43.5195,877,1
8,76,1947155,898061,889,5,32,0.017783,58.7258,1303,-1,ok,1,1,1,57.4846,889,1
8,77,658137,789793,329,2,4,0.006181,5.23455,257,-1,ok,1,1,1,5.0326,329,1
8,78,363830,2056905,2015,10,69,0.019105,127.339,2120,-1,ok,1,1,0,126.09,-1,0
8,79,1761748,2892020,756,5,41,0.024385,35.0187,1512,-1,ok,1,1,1,33.647,756,1
8,80,2351211,2029768,1106,5,44,0.017082,72.6383,1672,-1,ok,1,1,1,71.4474,1106,1
8,81,647090,520796,364,2,3,0.00547,8.55962,277,-1,ok,1,1,1,8.34279,364,1
8,82,2202913,1998284,1606,7,71,0.023333,100.537,2337,-1,ok,1,1,0,99.1303,-1,0
8,83,2307907,2951731,1581,6,59,0.028962,93.6182,2521,-1,ok,1,1,1,91.8674,1581,1
8,84,1871832,591133,1610,8,70,0.026809,103.279,2940,-1,ok,1,1,1,101.024,1610,1
8,85,1820468,769068,784,4,30,0.015128,36.9266,825,-1,ok,1,1,1,36.0803,784,1
8,86,618657,2879486,1405,7,75,0.023614,41.1094,2057,-1,ok,1,1,1,39.2158,1405,1
8,87,759127,2437547,1913,9,86,0.027292,136.476,3321,-1,ok,1,1,0,134.479,-1,0
8,88,2003626,436977,2082,10,87,0.037661,113.671,2942,-1,ok,1,1,0,111.95,-1,0
8,89,2088216,2111650,95,1,0,0.001163,1.12612,1,-1,ok,1,1,1,1.11083,95,1
8,90,2481203,2200930,683,4,32,0.012624,25.1535,879,-1,ok,1,1,1,24.4672,683,1
8,91,1827763,2791217,1053,6,71,0.023122,123.506,2559,-1,ok,1,1,0,121.993,-1,0
8,92,1980418,1582954,557,3,9,0.013193,16.5906,829,-1,ok,1,1,1,15.8107,557,1
8,93,705039,752842,1000,4,30,0.012663,42.3371,789,-1,ok,1,1,1,41.8177,1000,1
8,94,1158854,739502,341,2,5,0.006681,10.423,337,-1,ok,1,1,1,10.0432,341,1
8,95,1350833,836719,972,4,28,0.011582,52.8919,1103,-1,ok,1,1,1,52.0812,972,1
8,96,1556785,647066,1224,6,47,0.019266,72.5454,1655,-1,ok,1,1,1,71.1908,1224,1
8,97,1944954,1109435,783,4,14,0.01049,60.2498,723,-1,ok,1,1,1,59.4069,783,1
8,98,2668191,348531,1839,8,84,0.02669,115.942,2909,-1,ok,1,1,0,114.163,-1,0
8,99,476033,1903328,1168,5,50,0.025136,137.834,1966,-1,ok,1,1,0,136.48,-1,0
8,100,795218,590026,122,1,0,0.001723,0.688275,1,-1,ok,1,1,1,0.671614,122,1
8,101,763468,1260833,843,4,28,0.011412,37.9621,1057,-1,ok,1,1,1,37.0804,843,1
8,102,3155979,534005,2083,8,79,0.022782,114.348,2481,-1,ok,1,1,0,112.651,-1,0
8,103,2671843,2035386,1097,5,54,0.042058,79.0946,1273,-1,ok,1,1,1,78.0338,1097,1
8,104,1072087,2077094,1175,5,45,0.019076,63.9146,1618,-1,ok,1,1,1,62.5472,1175,1
8,105,1830266,867972,1628,7,82,0.026469,132.723,2354,-1,ok,1,1,0,131.228,-1,0
8,106,2009385,672463,1221,6,79,0.035155,113.266,1416,-1,ok,1,1,0,112.161,-1,0
8,107,1277732,1289510,1175,4,29,0.020858,71.6707,1197,-1,ok,1,1,1,70.6343,1175,1
8,108,383929,2086407,1268,7,48,0.018866,120.707,2129,-1,ok,1,1,0,119.399,-1,0
8,109,2032078,1699736,1336,6,56,0.029325,25.7792,2150,-1,ok,1,1,1,24.2429,1336,1
8,110,958411,907673,588,4,37,0.014617,22.6683,1033,-1,ok,1,1,1,21.9543,588,1
8,111,345881,908168,999,4,16,0.008115,99.0129,1072,-1,ok,1,1,1,98.1582,999,1
8,112,921927,2826328,1275,5,47,0.019115,62.0745,2185,-1,ok,1,1,1,60.2755,1275,1
8,113,558628,2150100,1156,5,33,0.015908,76.4182,1627,-1,ok,1,1,1,74.688,1156,1
8,114,732091,2459630,1421,7,65,0.025057,114.532,2037,-1,ok,1,1,0,113.12,-1,0
8,115,398823,391093,624,5,27,0.033883,17.6359,1296,-1,ok,1,1,1,16.7017,624,1
8,116,1510629,2959878,1054,5,45,0.016641,72.5685,1867,-1,ok,1,1,1,70.9559,1054,1
8,117,2096552,3082996,592,3,16,0.010419,12.1195,695,-1,ok,1,1,1,11.4576,592,1
8,118,773297,2535823,1305,6,55,0.016973,41.0465,1709,-1,ok,1,1,1,39.6366,1305,1
8,119,1540653,367496,2008,9,88,0.026338,122.455,3712,-1,ok,1,1,0,120.434,-1,0
8,120,457915,1822951,1394,7,54,0.02693,131.587,1392,-1,ok,1,1,0,130.559,-1,0
8,121,2144069,523360,2086,8,80,0.033401,111.199,2915,-1,ok,1,1,0,109.342,-1,0
8,122,1935902,3090329,1268,5,67,0.03219,127.683,1355,-1,ok,1,1,0,126.729,-1,0
8,123,2854140,1596178,937,5,35,0.022251,27.9374,1510,-1,ok,1,1,1,26.6058,937,1
8,124,1967913,1747145,807,4,33,0.028162,7.28281,1144,-1,ok,1,1,1,6.47386,807,1
8,125,2263205,1655305,838,4,39,0.012805,22.1536,890,-1,ok,1,1,1,21.5644,838,1
8,126,2506297,1143924,984,5,56,0.017642,51.7577,1321,-1,ok,1,1,1,50.5277,984,1
8,127,1448472,1364093,562,3,17,0.011011,26.1822,715,-1,ok,1,1,1,25.5524,562,1
8,128,1724010,2154870,1418,6,59,0.021941,109.022,2742,-1,ok,1,1,0,107.342,-1,0
8,129,840467,2529952,1656,8,34,0.02129,74.3631,2349,-1,ok,1,1,1,72.1456,1656,1
8,130,1792217,1212610,345,2,4,0.005651,2.90691,257,-1,ok,1,1,1,2.59036,345,1
8,131,1328134,3208212,1967,8,89,0.02213,129.045,3023,-1,ok,1,1,0,127.2,-1,0
8,132,2891864,1675347,959,5,35,0.023773,73.826,1510,-1,ok,1,1,1,72.221,959,1
8,133,2410465,2443796,1103,4,31,0.015298,29.8737,1180,-1,ok,1,1,1,29.2101,1103,1
8,134,558433,2250280,1093,4,25,0.011792,44.9877,1407,-1,ok,1,1,1,43.551,1093,1
8,135,1187532,720690,1013,5,41,0.016892,60.6551,1277,-1,ok,1,1,1,59.6967,1013,1
8,136,2710078,1125700,1258,6,53,0.022532,123.567,1622,-1,ok,1,1,0,122.419,-1,0
8,137,342829,2650131,1580,7,61,0.028183,119.627,2571,-1,ok,1,1,0,117.897,-1,0
8,138,381156,591400,523,4,17,0.016961,6.19799,775,-1,ok,1,1,1,5.55539,523,1
8,139,620591,3052362,1412,6,55,0.017152,22.4604,1665,-1,ok,1,1,1,20.9962,1412,1
8,140,1838465,1180686,1541,8,91,0.023584,111.389,2863,-1,ok,1,1,0,109.757,-1,0
8,141,2808277,2315654,851,4,22,0.017654,46.2529,1239,-1,ok,1,1,1,45.4072,851,1
8,142,2598310,2422034,222,2,2,0.003706,5.21327,272,-1,ok,1,1,1,5.0264,222,1
8,143,2845436,1668194,730,4,22,0.009497,19.1227,1022,-1,ok,1,1,1,18.1771,730,1
8,144,2382918,526772,1377,6,67,0.022671,119.12,1725,-1,ok,1,1,0,117.978,-1,0
8,145,1931999,438444,1275,7,83,0.037679,112.895,1477,-1,ok,1,1,0,111.745,-1,0
8,146,2679978,515339,2241,9,80,0.035337,128.434,3045,-1,ok,1,1,0,126.545,-1,0
8,147,2803019,1915102,1793,8,71,0.03284,114.216,2896,-1,ok,1,1,0,112.613,-1,0
8,148,913089,1331566,1323,6,58,0.027943,105.004,1771,-1,ok,1,1,0,103.862,-1,0
8,149,634343,2276336,1305,6,50,0.025958,124.604,2034,-1,ok,1,1,0,123.243,-1,0
8,150,1481794,3181212,1228,5,47,0.02693,78.2078,2011,-1,ok,1,1,1,76.2161,1228,1
8,151,1474634,422363,1314,7,61,0.02155,113.123,1680,-1,ok,1,1,0,112.128,-1,0
8,152,1834575,3226322,1174,6,49,0.026608,90.516,2123,-1,ok,1,1,1,88.3731,1174,1
8,153,3024705,540222,1863,8,61,0.024065,115.743,2289,-1,ok,1,1,0,114.24,-1,0
8,154,3044639,2920559,189,1,0,0.001322,3.2647,1,-1,ok,1,1,1,3.24312,189,1
8,155,1228220,1631674,478,3,6,0.006502,22.3739,467,-1,ok,1,1,1,21.8933,478,1
8,156,1536072,283775,1199,6,66,0.020929,114.134,2231,-1,ok,1,1,0,112.821,-1,0
8,157,3193672,1640899,1490,7,57,0.029473,108.591,2511,-1,ok,1,1,0,106.972,-1,0
8,158,1364886,1417986,1253,6,56,0.028163,97.9647,2098,-1,ok,1,1,0,96.5871,-1,0
8,159,1323479,1948892,1160,7,69,0.030476,66.1474,1693,-1,ok,1,1,1,64.7552,1160,1
8,160,329635,3138202,2157,10,71,0.023395,126.565,2946,-1,ok,1,1,0,124.799,-1,0
8,161,2199138,2165892,958,5,41,0.023734,32.4756,1001,-1,ok,1,1,1,31.7365,958,1
8,162,2332432,2665491,284,1,0,0.000771,6.9096,1,-1,ok,1,1,1,6.87279,284,1
8,163,2554867,820141,1438,7,80,0.024787,113.133,1805,-1,ok,1,1,0,111.86,-1,0
8,164,816636,1589983,1083,5,45,0.023925,111.855,1571,-1,ok,1,1,1,110.362,1083,1
8,165,2144577,2486159,628,4,30,0.019046,18.8409,1267,-1,ok,1,1,1,17.955,628,1
8,166,2257019,735014,1996,8,70,0.021801,114.385,2940,-1,ok,1,1,0,112.803,-1,0
8,167,2095650,935010,1005,5,42,0.024716,77.5509,1813,-1,ok,1,1,1,75.8701,1005,1
8,168,312457,989659,778,4,13,0.009648,17.2362,1211,-1,ok,1,1,1,16.3415,778,1
8,169,2882141,1067685,1170,5,38,0.013233,44.3775,1969,-1,ok,1,1,1,42.7655,1170,1
8,170,1662824,2681105,1085,5,45,0.020517,128.882,1206,-1,ok,1,1,0,128.031,-1,0
8,171,1703180,546367,1232,5,42,0.024315,118.033,1363,-1,ok,1,1,0,117.122,-1,0
8,172,2090483,588991,1314,5,43,0.028062,117.701,1114,-1,ok,1,1,1,116.165,1314,1
8,173,2669970,1153251,1524,6,68,0.025387,116.52,1535,-1,ok,1,1,0,115.42,-1,0
8,174,2801102,1556461,1651,7,57,0.028223,115.588,2511,-1,ok,1,1,0,113.94,-1,0
8,175,2862760,2446461,730,3,10,0.013615,28.5122,741,-1,ok,1,1,1,27.9179,730,1
8,176,1728209,2803901,1739,9,86,0.023935,106,3114,-1,ok,1,1,0,104.202,-1,0
8,177,330269,1345015,1018,5,19,0.017491,116.05,1005,-1,ok,1,1,1,114.88,1018,1
8,178,3017924,2896984,407,2,9,0.008005,8.1826,555,-1,ok,1,1,1,7.7371,407,1
8,179,910292,1126401,229,2,6,0.004207,5.08617,337,-1,ok,1,1,1,4.79895,229,1
8,180,2006593,1670863,1240,6,65,0.018855,24.3599,2259,-1,ok,1,1,1,23.0285,1240,1
8,181,2078347,3155254,1385,5,55,0.019196,115.928,1759,-1,ok,1,1,0,114.802,-1,0
8,182,2709648,2878665,277,3,8,0.013796,5.80434,983,-1,ok,1,1,1,5.14405,277,1
8,183,460429,2828556,1989,10,90,0.022883,132.795,3737,-1,ok,1,1,0,130.942,-1,0
8,184,909956,1352984,474,3,12,0.014065,18.2577,527,-1,ok,1,1,1,17.7401,474,1
8,185,2598310,614849,1241,6,75,0.023764,59.0651,1449,-1,ok,1,1,1,57.3604,1241,1
8,186,1732162,381072,1507,6,66,0.024886,116.476,2231,-1,ok,1,1,0,115.079,-1,0
8,187,2864255,987151,1339,6,45,0.023864,106.914,2143,-1,ok,1,1,0,105.368,-1,0
8,188,613280,1998545,1505,7,64,0.030686,132.525,2004,-1,ok,1,1,0,131.141,-1,0
8,189,769257,2619619,1324,5,53,0.026931,50.334,2079,-1,ok,1,1,1,48.3905,1324,1
8,190,1700379,924636,488,2,4,0.005501,9.13626,257,-1,ok,1,1,1,8.79448,488,1
8,191,489236,2011181,1701,7,64,0.019225,132.947,2004,-1,ok,1,1,0,131.749,-1,0
8,192,1225462,1170705,1015,4,29,0.020859,32.9467,1197,-1,ok,1,1,1,32.0542,1015,1
8,193,1873151,1744747,675,4,36,0.017142,13.9104,1256,-1,ok,1,1,1,12.9425,675,1
8,194,2468599,2302602,643,4,40,0.013806,31.6446,1245,-1,ok,1,1,1,30.8959,643,1
8,195,2943977,2062115,628,4,29,0.012263,24.2272,1046,-1,ok,1,1,1,23.3669,628,1
8,196,587996,382135,775,4,24,0.012012,20.3403,790,-1,ok,1,1,1,19.8032,775,1
8,197,1795388,2559139,975,5,61,0.019746,126.936,1263,-1,ok,1,1,0,126.113,-1,0
8,198,430706,1816036,1949,11,87,0.035275,127.769,4240,-1,ok,1,1,0,125.33,-1,0
8,199,2709791,743716,1567,7,76,0.035025,137.682,1545,-1,ok,1,1,0,136.498,-1,0
8,200,2317486,1682523,790,5,50,0.027642,68.0429,1206,-1,ok,1,1,1,66.941,790,1
8,201,848074,2660956,1289,6,42,0.017934,53.7824,1503,-1,ok,1,1,1,52.1106,1289,1
8,202,2051630,2425358,880,5,52,0.021539,44.0258,1273,-1,ok,1,1,1,43.0776,880,1
8,203,2138232,3170486,1784,7,66,0.022613,131.581,3030,-1,ok,1,1,0,129.732,-1,0
8,204,1443071,807450,574,3,14,0.015139,17.8477,527,-1,ok,1,1,1,17.2333,574,1
8,205,1144422,3049691,2080,9,94,0.025848,129.381,3637,-1,ok,1,1,0,127.261,-1,0
8,206,377442,2376747,1648,8,69,0.031076,122.654,2897,-1,ok,1,1,0,120.816,-1,0
8,207,1401797,2931005,1642,7,86,0.036628,134.162,2326,-1,ok,1,1,0,132.723,-1,0
8,208,2488208,1785008,991,5,55,0.029354,93.8867,1279,-1,ok,1,1,1,92.635,991,1
8,209,2517430,2632913,587,2,2,0.004037,33.2411,262,-1,ok,1,1,1,32.9658,587,1
8,210,1804529,2670473,625,4,41,0.017633,28.7868,1156,-1,ok,1,1,1,27.7083,625,1
8,211,792304,2700845,1601,7,60,0.018634,125.132,1545,-1,ok,1,1,0,124.041,-1,0
8,212,292558,448522,757,5,27,0.055313,12.6919,1296,-1,ok,1,1,1,11.8276,757,1
8,213,2987559,1182868,2093,9,79,0.022322,133.792,2387,-1,ok,1,1,0,132.425,-1,0
8,214,3031564,1350417,1027,5,38,0.023645,31.3959,1969,-1,ok,1,1,1,29.8744,1027,1
8,215,3155823,373649,2172,10,82,0.023854,102.681,3074,-1,ok,1,1,0,101.038,-1,0
8,216,371781,1935939,921,5,44,0.023274,21.0453,1271,-1,ok,1,1,1,19.8202,921,1
8,217,2855984,2571946,520,4,21,0.01011,23.1954,1237,-1,ok,1,1,1,22.4242,520,1
8,218,465556,3102078,1943,8,87,0.021901,130.353,2531,-1,ok,1,1,0,128.853,-1,0
8,219,3106562,1461822,2273,10,85,0.035255,128.402,3183,-1,ok,1,1,0,126.442,-1,0
8,220,2389443,1100586,779,4,38,0.023514,16.7839,965,-1,ok,1,1,1,15.763,779,1
8,221,1209891,3199598,1812,7,71,0.019896,131.358,2519,-1,ok,1,1,0,129.959,-1,0
8,222,1628263,3038908,1441,7,89,0.034964,134.226,2787,-1,ok,1,1,0,132.423,-1,0
8,223,996318,538495,877,4,37,0.023754,30.5123,1033,-1,ok,1,1,1,29.6129,877,1
8,224,2666230,1916875,1680,7,72,0.021922,114.548,2566,-1,ok,1,1,0,113.109,-1,0
8,225,1214391,1343195,898,4,29,0.02147,19.681,1033,-1,ok,1,1,1,18.9802,898,1
8,226,650861,1693026,614,3,16,0.007755,9.12801,527,-1,ok,1,1,1,8.54689,614,1
8,227,1007288,1215730,474,3,15,0.006512,9.36704,723,-1,ok,1,1,1,9.00639,474,1
8,228,2161129,565602,1613,7,90,0.021429,130.019,1696,-1,ok,1,1,0,129.098,-1,0
8,229,2785103,1597956,1513,8,69,0.030897,113.313,3500,-1,ok,1,1,0,111.164,-1,0
8,230,1392321,355276,821,5,39,0.025076,61.1591,1775,-1,ok,1,1,1,59.6849,821,1
8,231,2051789,1806580,591,4,17,0.011201,12.6682,1288,-1,ok,1,1,1,11.6941,591,1
8,232,1102446,3057237,1135,5,61,0.019305,13.0464,1347,-1,ok,1,1,1,11.9497,1135,1
8,233,2397085,1013039,923,4,29,0.01028,33.2722,981,-1,ok,1,1,1,32.4202,923,1
8,234,1287529,1866275,1267,6,57,0.020408,114.141,1383,-1,ok,1,1,0,113.245,-1,0
8,235,1687683,418136,1252,6,62,0.030916,136.729,1972,-1,ok,1,1,0,135.417,-1,0
8,236,2722809,932643,2100,10,88,0.034784,134.099,2246,-1,ok,1,1,0,132.677,-1,0
8,237,2665523,3047256,1417,5,40,0.024354,138.875,1852,-1,ok,1,1,0,137.523,-1,0
8,238,1923409,2905912,843,4,23,0.020528,67.0006,1339,-1,ok,1,1,1,65.8331,843,1
8,239,875283,1311303,664,4,28,0.013355,19.9148,1057,-1,ok,1,1,1,19.1133,664,1
8,240,2918198,639738,1606,7,55,0.019687,108.153,2481,-1,ok,1,1,0,106.712,-1,0
8,241,1337751,1159597,145,1,0,0.001683,1.97951,1,-1,ok,1,1,1,1.96202,145,1
8,242,1804529,3222731,986,5,69,0.022523,71.2923,1545,-1,ok,1,1,1,69.5546,986,1
8,243,2545706,1651771,1162,6,53,0.021599,112.659,2027,-1,ok,1,1,0,111.353,-1,0
8,244,807710,2239366,1940,9,83,0.03224,137.238,3196,-1,ok,1,1,0,135.247,-1,0
8,245,3201629,632825,1631,6,55,0.028733,49.6708,1657,-1,ok,1,1,1,47.7767,1631,1
8,246,2019093,3174345,1036,5,49,0.018875,57.6783,1739,-1,ok,1,1,1,56.1899,1036,1
8,247,2955346,1703765,1276,7,41,0.016961,129.438,1799,-1,ok,1,1,0,128.235,-1,0
8,248,541380,1361733,957,4,22,0.01584,75.0875,1115,-1,ok,1,1,1,73.9954,957,1
8,249,3113781,786831,2642,12,94,0.02749,129.859,2891,-1,ok,1,1,0,128.103,-1,0
8,250,726020,696308,1081,4,32,0.020539,29.3818,789,-1,ok,1,1,1,28.836,1081,1
8,251,553589,2992564,1414,6,63,0.019096,26.3427,1717,-1,ok,1,1,1,24.8101,1414,1
8,252,1843611,2188440,1312,7,65,0.021601,100.325,2277,-1,ok,1,1,1,98.7166,1312,1
8,253,334027,2354825,1725,9,68,0.023775,133.692,2815,-1,ok,1,1,0,132.06,-1,0
8,254,2138232,528223,1703,7,61,0.029355,112.062,2058,-1,ok,1,1,0,110.686,-1,0
8,255,2920261,1514740,1066,5,41,0.024485,65.8366,1595,-1,ok,1,1,1,64.4446,1066,1
8,256,1963166,1687516,403,3,10,0.008745,16.1184,664,-1,ok,1,1,1,15.5308,403,1
8,257,610635,2538272,1234,5,37,0.014126,48.0564,1741,-1,ok,1,1,1,46.4292,1234,1
8,258,2978886,649484,1616,7,28,0.013796,118.364,2400,-1,ok,1,1,1,116.033,1616,1
8,259,769160,1514768,962,4,21,0.01091,52.8648,1371,-1,ok,1,1,1,51.7249,962,1
8,260,3115044,1697807,1444,7,64,0.024485,133.224,2747,-1,ok,1,1,0,131.596,-1,0
8,261,1835879,2014773,1360,6,38,0.024244,92.4564,2042,-1,ok,1,1,1,90.9372,1360,1
8,262,1550309,1217369,267,3,21,0.012633,4.53206,885,-1,ok,1,1,1,3.91209,267,1
8,263,1455274,2689959,801,4,44,0.013776,24.2497,869,-1,ok,1,1,1,23.5171,801,1
8,264,1863586,2791354,1283,6,76,0.022511,135.139,2680,-1,ok,1,1,0,133.757,-1,0
8,265,1878699,2430675,931,5,52,0.028654,70.3196,1273,-1,ok,1,1,1,69.2194,931,1
8,266,1109092,2589721,1865,8,76,0.022732,131.102,2039,-1,ok,1,1,0,129.829,-1,0
8,267,2786859,1809984,1068,6,44,0.024597,111.225,2179,-1,ok,1,1,1,109.347,1068,1
8,268,2948186,2866807,424,3,5,0.006592,8.15946,669,-1,ok,1,1,1,7.70285,424,1
8,269,837275,3217710,2157,9,77,0.020418,129.402,3383,-1,ok,1,1,0,127.538,-1,0
8,270,1633134,3007164,1393,6,71,0.03207,127.613,2559,-1,ok,1,1,0,126.04,-1,0
8,271,3177553,363823,1951,9,71,0.030356,119.422,2796,-1,ok,1,1,0,117.425,-1,0
8,272,1545611,2173818,374,2,6,0.012744,3.31526,260,-1,ok,1,1,1,2.91856,374,1
8,273,2234670,1030403,742,3,13,0.006912,12.2765,709,-1,ok,1,1,1,11.6188,742,1
8,274,1061263,517752,391,2,5,0.004068,6.4446,271,-1,ok,1,1,1,6.1778,391,1
8,275,2611184,1093057,1834,9,79,0.020899,135.972,2225,-1,ok,1,1,0,134.802,-1,0
8,276,1860944,3238002,887,4,20,0.018945,9.55791,1210,-1,ok,1,1,1,8.45111,887,1
8,277,2169703,1399028,791,3,10,0.006633,45.1662,1040,-1,ok,1,1,1,44.3073,791,1
8,278,1948620,2128617,131,1,0,0.000961,1.35564,1,-1,ok,1,1,1,1.32915,131,1
8,279,2566018,882646,1597,6,55,0.019717,127.895,1895,-1,ok,1,1,0,126.583,-1,0
8,280,929280,999352,167,1,0,0.000902,2.40929,1,-1,ok,1,1,1,2.38991,167,1
8,281,924154,2537686,1628,7,74,0.02127,126.873,1729,-1,ok,1,1,0,125.704,-1,0
8,282,2000652,1137046,874,4,29,0.027211,57.0106,923,-1,ok,1,1,1,55.9609,874,1
8,283,2582565,607763,1299,6,67,0.023643,84.1313,1725,-1,ok,1,1,1,82.2427,1299,1
8,284,3245185,785165,2684,12,92,0.02698,117.632,3793,-1,ok,1,1,0,115.376,-1,0
8,285,1231498,2364091,1022,5,38,0.024085,89.8403,1247,-1,ok,1,1,1,88.454,1022,1
8,286,1066192,1226502,199,1,0,0.001062,4.51593,1,-1,ok,1,1,1,4.48807,199,1
8,287,1869193,2052669,328,2,4,0.004758,11.1292,224,-1,ok,1,1,1,10.9338,328,1
8,288,2994814,3098447,829,4,23,0.009297,21.2606,1509,-1,ok,1,1,1,20.3018,829,1
8,289,1797269,848583,613,3,19,0.011391,17.0727,823,-1,ok,1,1,1,16.3817,613,1
8,290,1214793,1750358,1135,6,49,0.018474,36.0415,2619,-1,ok,1,1,1,34.4902,1135,1
8,291,2831898,2102650,653,4,18,0.010018,41.8668,1068,-1,ok,1,1,1,40.9674,653,1
8,292,2244867,2707981,771,4,39,0.014767,30.4294,1243,-1,ok,1,1,1,29.5755,771,1
8,293,1073058,1365640,1214,4,35,0.015027,61.4065,1057,-1,ok,1,1,1,60.6561,1214,1
8,294,2216425,1540683,1508,6,75,0.026009,93.1211,2042,-1,ok,1,1,0,91.8966,-1,0
8,295,2060741,2215164,463,3,6,0.011731,9.45076,1029,-1,ok,1,1,1,8.63442,463,1
8,296,1441555,704228,1628,8,82,0.022452,110.065,2559,-1,ok,1,1,0,108.709,-1,0
8,297,2513611,686770,1174,5,56,0.032701,52.9524,1335,-1,ok,1,1,1,51.3002,1174,1
8,298,1306030,2886412,938,6,77,0.025308,21.1744,1561,-1,ok,1,1,1,19.8599,938,1
8,299,404356,1929489,1380,7,38,0.013364,115.787,2221,-1,ok,1,1,0,114.382,-1,0
