level,pair,start,goal,true_dist,coarse_len,coarse_expanded,coarse_ms,lift_ms,lifted_cells,fail_level,fail_reason,endpoints_wrong,used_fallback,fallback_ok,fallback_ms,final_len,valid
1,0,515417,637366,1801,903,18418,7.49605,1.00806,1826,-1,ok,0,0,0,0,1825,1
1,1,221578,683609,709,356,10528,3.05801,0.188791,714,-1,ok,0,0,0,0,713,1
1,2,566063,455879,224,113,4460,1.32221,0.07531,225,-1,ok,0,0,0,0,224,1
1,3,364509,251282,377,190,5471,1.69545,0.122087,382,-1,ok,0,0,0,0,381,1
1,4,713214,541596,268,136,4707,1.54183,0.226089,277,-1,ok,0,0,0,0,276,1
1,5,708892,372109,865,434,14485,4.26685,0.254622,878,-1,ok,0,0,0,0,877,1
1,6,549730,910635,485,243,7248,2.18408,0.181064,488,-1,ok,0,0,0,0,487,1
1,7,428575,333335,686,345,8891,2.44851,0.142134,695,-1,ok,0,0,0,0,694,1
1,8,103741,529812,1209,608,16317,4.55246,0.361069,1232,-1,ok,0,0,0,0,1231,1
1,9,504438,99296,1284,644,14436,4.09007,0.300797,1299,-1,ok,0,0,0,0,1298,1
1,10,503002,473385,659,331,9681,2.70294,0.149217,668,-1,ok,0,0,0,0,667,1
1,11,594375,693937,1954,981,19665,5.47943,0.408536,1985,-1,ok,0,0,0,0,1984,1
1,12,184179,575147,1336,669,21973,6.74943,0.404979,1351,-1,ok,0,0,0,0,1350,1
1,13,84373,731343,822,412,11162,3.15582,0.207383,831,-1,ok,0,0,0,0,830,1
1,14,533139,449475,806,405,10598,3.10516,0.164454,815,-1,ok,0,0,0,0,814,1
1,15,800775,353868,725,363,5951,1.67675,0.247529,732,-1,ok,0,0,0,0,731,1
1,16,580536,834346,1638,820,16995,4.69332,0.33581,1657,-1,ok,0,0,0,0,1656,1
1,17,705977,179642,451,227,5924,1.68162,0.116457,454,-1,ok,0,0,0,0,453,1
1,18,591189,502974,573,288,8110,2.31052,0.128879,582,-1,ok,0,0,0,0,581,1
1,19,696806,606078,410,207,6391,1.84904,0.062385,417,-1,ok,0,0,0,0,416,1
1,20,649644,351270,898,452,11370,3.54397,0.208314,915,-1,ok,0,0,0,0,914,1
1,21,364679,647787,786,395,11483,3.30056,0.157291,801,-1,ok,0,0,0,0,800,1
1,22,236480,558798,1348,676,22197,6.30487,0.311366,1365,-1,ok,0,0,0,0,1364,1
1,23,429002,590281,593,299,6933,1.93358,0.245675,600,-1,ok,0,0,0,0,599,1
1,24,732327,437963,2826,1417,24127,6.76899,0.578712,2863,-1,ok,0,0,0,0,2862,1
1,25,695045,573533,2638,1323,21023,6.13444,0.393358,2673,-1,ok,0,0,0,0,2672,1
1,26,653917,554134,819,412,11286,3.29552,0.121855,836,-1,ok,0,0,0,0,835,1
1,27,591152,758487,1441,722,18906,5.38822,0.225067,1458,-1,ok,0,0,0,0,1457,1
1,28,530231,797885,2838,1422,26095,7.35405,0.64846,2871,-1,ok,0,0,0,0,2870,1
1,29,461730,614781,2269,1138,21113,6.15916,0.424355,2298,-1,ok,0,0,0,0,2297,1
1,30,444980,608103,2053,1029,24826,7.25458,0.421029,2076,-1,ok,0,0,0,0,2075,1
1,31,625582,540051,1625,815,24408,6.86715,0.352513,1646,-1,ok,0,0,0,0,1645,1
1,32,525321,196202,1187,596,13250,3.90025,0.273396,1204,-1,ok,0,0,0,0,1203,1
1,33,478182,565842,1838,921,17540,4.93787,0.452068,1855,-1,ok,0,0,0,0,1854,1
1,34,537719,542421,274,139,4747,1.33777,0.072804,279,-1,ok,0,0,0,0,278,1
1,35,606091,561377,46,24,668,0.201052,0.020698,49,-1,ok,0,0,0,0,48,1
1,36,540484,237922,578,290,7823,2.22691,0.125151,583,-1,ok,0,0,0,0,582,1
1,37,916340,481104,632,317,8872,2.49427,0.170465,641,-1,ok,0,0,0,0,640,1
1,38,547698,473617,2323,1165,22778,7.14665,0.759535,2354,-1,ok,0,0,0,0,2353,1
1,39,503531,560189,206,104,2956,0.861805,0.079287,209,-1,ok,0,0,0,0,208,1
1,40,528285,633179,2234,1120,20362,5.69495,0.406272,2267,-1,ok,0,0,0,0,2266,1
1,41,528291,124629,1240,623,13915,4.02771,0.230135,1259,-1,ok,0,0,0,0,1258,1
1,42,218360,732318,1260,632,19097,5.44654,0.420448,1279,-1,ok,0,0,0,0,1278,1
1,43,673429,646337,1726,865,18290,5.19707,0.48041,1743,-1,ok,0,0,0,0,1742,1
1,44,677903,545932,2495,1252,24691,6.93067,0.383109,2528,-1,ok,0,0,0,0,2527,1
1,45,599861,473157,116,60,2876,0.87538,0.048841,121,-1,ok,0,0,0,0,120,1
1,46,771679,448047,942,472,14241,4.1534,0.212963,947,-1,ok,0,0,0,0,946,1
1,47,613652,373259,1541,772,23802,6.76208,0.337945,1554,-1,ok,0,0,0,0,1553,1
1,48,559115,582478,645,323,3505,0.939087,0.198959,648,-1,ok,0,0,0,0,647,1
1,49,138045,605112,1531,767,23899,7.07762,0.449741,1550,-1,ok,0,0,0,0,1549,1
1,50,715274,544491,2277,1142,24475,6.92268,0.451526,2310,-1,ok,0,0,0,0,2309,1
1,51,118518,621231,1297,651,19959,5.42166,0.27041,1316,-1,ok,0,0,0,0,1315,1
1,52,560125,876072,607,306,8769,2.4786,0.123929,622,-1,ok,0,0,0,0,621,1
1,53,457330,549752,200,102,2847,0.809778,0.067535,203,-1,ok,0,0,0,0,202,1
1,54,185650,870115,627,314,10177,2.74973,0.131965,632,-1,ok,0,0,0,0,631,1
1,55,519871,693835,2142,1074,20319,5.56932,0.383611,2169,-1,ok,0,0,0,0,2168,1
1,56,140914,484062,1346,675,21842,6.22041,0.252026,1361,-1,ok,0,0,0,0,1360,1
1,57,630216,170691,1277,640,14902,4.20768,0.214217,1290,-1,ok,0,0,0,0,1289,1
1,58,686374,577768,450,226,7531,2.16917,0.117889,457,-1,ok,0,0,0,0,456,1
1,59,625714,607337,2167,1087,21069,5.97191,0.37269,2196,-1,ok,0,0,0,0,2195,1
1,60,160386,877813,1001,502,13352,3.82098,0.237459,1012,-1,ok,0,0,0,0,1011,1
1,61,557207,713255,2128,1066,20120,5.47575,0.350419,2153,-1,ok,0,0,0,0,2152,1
1,62,689095,577712,931,468,8218,2.57919,0.257787,950,-1,ok,0,0,0,0,949,1
1,63,118518,543922,1546,777,24448,6.92091,0.330422,1569,-1,ok,0,0,0,0,1568,1
1,64,743230,714700,454,228,5247,1.51769,0.099292,459,-1,ok,0,0,0,0,458,1
1,65,451281,500222,1729,866,16446,4.5876,0.337666,1746,-1,ok,0,0,0,0,1745,1
1,66,87326,638815,783,393,10820,3.11971,0.196463,798,-1,ok,0,0,0,0,797,1
1,67,873089,178288,543,272,6453,1.82288,0.141532,550,-1,ok,0,0,0,0,549,1
1,68,540231,698411,324,163,5688,1.70908,0.088534,327,-1,ok,0,0,0,0,326,1
1,69,608054,502046,428,215,6033,1.69939,0.137774,431,-1,ok,0,0,0,0,430,1
1,70,551981,134941,1142,573,11716,3.4884,0.2428,1161,-1,ok,0,0,0,0,1160,1
1,71,463217,908917,606,304,7960,2.27201,0.118879,615,-1,ok,0,0,0,0,614,1
1,72,633916,540912,2768,1389,24297,6.91777,0.48577,2807,-1,ok,0,0,0,0,2806,1
1,73,797852,552425,1119,561,9056,2.48188,0.224907,1134,-1,ok,0,0,0,0,1133,1
1,74,746160,847884,1478,741,18508,5.33572,0.309263,1495,-1,ok,0,0,0,0,1494,1
1,75,759766,548195,703,354,9867,2.73727,0.127816,718,-1,ok,0,0,0,0,717,1
1,76,413741,394099,778,391,13521,3.84182,0.205692,793,-1,ok,0,0,0,0,792,1
1,77,913394,471896,1104,554,15997,4.63385,0.263869,1113,-1,ok,0,0,0,0,1112,1
1,78,652297,501706,101,51,2109,0.577479,0.039313,102,-1,ok,0,0,0,0,101,1
1,79,528306,440834,2348,1177,22821,6.60182,0.435226,2377,-1,ok,0,0,0,0,2376,1
1,80,579216,344905,687,344,11806,3.49272,0.154926,696,-1,ok,0,0,0,0,695,1
1,81,291425,565940,613,308,9533,2.63305,0.180715,620,-1,ok,0,0,0,0,619,1
1,82,560203,166249,1334,668,14244,4.06451,0.27026,1347,-1,ok,0,0,0,0,1346,1
1,83,725367,601383,506,254,6205,1.77694,0.106007,511,-1,ok,0,0,0,0,510,1
1,84,690950,626446,632,317,10579,3.13819,0.146922,639,-1,ok,0,0,0,0,638,1
1,85,885107,623720,1723,863,21095,6.01085,0.315103,1744,-1,ok,0,0,0,0,1743,1
1,86,452862,582210,1864,935,17550,5.01877,0.604238,1887,-1,ok,0,0,0,0,1886,1
1,87,643668,475109,189,95,3307,1.07391,0.065932,192,-1,ok,0,0,0,0,191,1
1,88,72436,674500,1030,517,12924,3.92841,0.26967,1047,-1,ok,0,0,0,0,1046,1
1,89,868641,853704,37,19,443,0.128317,0.017061,38,-1,ok,0,0,0,0,37,1
1,90,644709,548157,2038,1022,21943,6.71212,0.577829,2067,-1,ok,0,0,0,0,2066,1
1,91,582005,373594,1217,610,14713,4.182,0.257127,1230,-1,ok,0,0,0,0,1229,1
1,92,677416,621320,2042,1023,20088,5.51614,0.316126,2067,-1,ok,0,0,0,0,2066,1
1,93,705859,580720,219,111,2170,0.554494,0.042378,228,-1,ok,0,0,0,0,227,1
1,94,431412,580719,607,305,7620,2.18879,0.165436,616,-1,ok,0,0,0,0,615,1
1,95,437348,552419,661,332,8904,2.50825,0.168873,670,-1,ok,0,0,0,0,669,1
1,96,758271,503460,743,374,10769,3.31662,0.130791,758,-1,ok,0,0,0,0,757,1
1,97,868701,479347,1176,589,16254,4.74553,0.25358,1187,-1,ok,0,0,0,0,1186,1
1,98,562097,501182,3169,1586,25270,6.93453,0.686761,3198,-1,ok,0,0,0,0,3197,1
1,99,278199,257290,49,25,520,0.139998,0.013846,50,-1,ok,0,0,0,0,49,1
1,100,570049,534288,47,25,977,0.297831,0.017222,50,-1,ok,0,0,0,0,49,1
1,101,541954,728137,425,214,5648,1.75483,0.083385,434,-1,ok,0,0,0,0,433,1
1,102,215378,85837,389,195,6313,1.83058,0.102289,396,-1,ok,0,0,0,0,395,1
1,103,589928,544726,2226,1116,21453,6.12436,0.391023,2255,-1,ok,0,0,0,0,2254,1
1,104,541522,549453,805,404,9266,2.61728,0.200682,816,-1,ok,0,0,0,0,815,1
1,105,502684,483770,978,490,10217,2.83694,0.165075,991,-1,ok,0,0,0,0,990,1
1,106,185739,464682,1225,615,19850,5.49897,0.306698,1244,-1,ok,0,0,0,0,1243,1
1,107,564997,595611,2276,1139,18165,5.01474,0.441096,2299,-1,ok,0,0,0,0,2298,1
1,108,589155,636201,2476,1241,20204,5.62313,0.461685,2509,-1,ok,0,0,0,0,2508,1
1,109,531285,901687,2128,1066,19743,5.4272,0.366299,2149,-1,ok,0,0,0,0,2148,1
1,110,732706,576220,224,112,2326,0.694556,0.048389,231,-1,ok,0,0,0,0,230,1
1,111,109733,638731,1000,503,12730,3.64519,0.224856,1017,-1,ok,0,0,0,0,1016,1
1,112,662568,191645,835,419,12118,3.48563,0.14021,848,-1,ok,0,0,0,0,847,1
1,113,374965,759941,1238,621,18700,5.23782,0.197977,1251,-1,ok,0,0,0,0,1250,1
1,114,719164,27693,1169,587,15117,4.22371,0.220209,1190,-1,ok,0,0,0,0,1189,1
1,115,752294,934231,163,83,2070,0.552192,0.072935,166,-1,ok,0,0,0,0,165,1
1,116,655535,844782,573,288,8314,2.51214,0.143866,582,-1,ok,0,0,0,0,581,1
1,117,474798,607811,1695,850,20899,6.2428,0.294776,1716,-1,ok,0,0,0,0,1715,1
1,118,913321,352359,1830,918,24206,6.78438,0.468627,1851,-1,ok,0,0,0,0,1850,1
1,119,458475,638815,192,98,3588,1.02464,0.055873,201,-1,ok,0,0,0,0,200,1
1,120,185587,899904,797,400,12052,3.45243,0.214397,804,-1,ok,0,0,0,0,803,1
1,121,660993,722496,1439,722,16210,4.67152,0.263087,1456,-1,ok,0,0,0,0,1455,1
1,122,587664,590978,396,200,5007,1.42036,0.085178,399,-1,ok,0,0,0,0,398,1
1,123,227425,627948,1391,699,23204,6.63296,0.277373,1414,-1,ok,0,0,0,0,1413,1
1,124,404568,507174,380,190,5051,1.39976,0.108911,383,-1,ok,0,0,0,0,382,1
1,125,234885,555140,1077,540,15421,4.28642,0.179792,1090,-1,ok,0,0,0,0,1089,1
1,126,379198,738927,1657,830,16407,4.59823,0.355247,1672,-1,ok,0,0,0,0,1671,1
1,127,516377,549670,2291,1148,21460,6.28042,0.425948,2318,-1,ok,0,0,0,0,2317,1
1,128,346621,479141,772,388,12783,3.65102,0.165036,783,-1,ok,0,0,0,0,782,1
1,129,380939,508659,970,487,15676,4.57923,0.179011,987,-1,ok,0,0,0,0,986,1
1,130,549667,582479,32,17,519,0.169514,0.018503,35,-1,ok,0,0,0,0,34,1
1,131,231944,556389,1377,690,22668,6.58698,0.232681,1396,-1,ok,0,0,0,0,1395,1
1,132,444980,143997,639,321,8060,2.26256,0.123509,650,-1,ok,0,0,0,0,649,1
1,133,553121,561095,2824,1414,21739,6.12649,0.628964,2853,-1,ok,0,0,0,0,2852,1
1,134,557186,599599,2595,1301,25317,7.00361,0.405048,2628,-1,ok,0,0,0,0,2627,1
1,135,752223,476482,939,471,14700,4.24007,0.260432,946,-1,ok,0,0,0,0,945,1
1,136,668229,470670,2659,1334,22107,6.41688,0.600009,2696,-1,ok,0,0,0,0,2695,1
1,137,328875,564452,195,98,3254,0.903723,0.068306,196,-1,ok,0,0,0,0,195,1
1,138,642157,729840,1731,867,18852,5.49392,0.621691,1748,-1,ok,0,0,0,0,1747,1
1,139,90305,752572,987,495,12771,3.72749,0.28669,1004,-1,ok,0,0,0,0,1003,1
1,140,540469,868590,1095,550,17280,5.17533,0.336253,1108,-1,ok,0,0,0,0,1107,1
1,141,554237,542468,341,172,5805,1.89203,0.134178,348,-1,ok,0,0,0,0,347,1
1,142,552875,544670,2521,1263,22520,6.37869,0.65372,2554,-1,ok,0,0,0,0,2553,1
1,143,489779,135045,582,292,8403,2.37018,0.142493,591,-1,ok,0,0,0,0,590,1
1,144,684986,321427,899,452,13782,4.27845,0.186937,920,-1,ok,0,0,0,0,919,1
1,145,551199,39629,1264,635,14166,4.16904,0.28646,1283,-1,ok,0,0,0,0,1282,1
1,146,161784,518507,1403,703,23083,6.51603,0.307579,1418,-1,ok,0,0,0,0,1417,1
1,147,916310,555655,611,307,7351,2.10148,0.11299,622,-1,ok,0,0,0,0,621,1
1,148,358724,558670,1036,520,15000,4.27763,0.156469,1049,-1,ok,0,0,0,0,1048,1
1,149,491303,659590,417,210,5466,1.61955,0.112168,424,-1,ok,0,0,0,0,423,1
1,150,551910,879052,1906,956,17221,4.81864,0.479787,1927,-1,ok,0,0,0,0,1926,1
1,151,548928,513895,2545,1276,21809,6.19682,0.390162,2578,-1,ok,0,0,0,0,2577,1
1,152,544907,516738,841,422,13820,3.95987,0.162371,852,-1,ok,0,0,0,0,851,1
1,153,596621,550078,3073,1540,25889,7.28806,0.526363,3108,-1,ok,0,0,0,0,3107,1
1,154,457377,679268,965,485,10266,2.83663,0.220909,980,-1,ok,0,0,0,0,979,1
1,155,888007,738901,148,74,2200,0.57275,0.038772,151,-1,ok,0,0,0,0,150,1
1,156,557446,245356,1550,776,12136,3.47572,0.294035,1565,-1,ok,0,0,0,0,1564,1
1,157,269058,233403,285,143,3559,1.03334,0.059641,288,-1,ok,0,0,0,0,287,1
1,158,561143,482354,629,315,9863,2.82707,0.148165,636,-1,ok,0,0,0,0,635,1
1,159,476616,512534,204,104,4042,1.13838,0.06493,211,-1,ok,0,0,0,0,210,1
1,160,651112,289929,1373,689,15287,4.33405,0.269829,1390,-1,ok,0,0,0,0,1389,1
1,161,728484,372110,264,134,3199,0.89658,0.065131,271,-1,ok,0,0,0,0,270,1
1,162,569402,643340,2200,1102,18349,4.96146,0.406373,2225,-1,ok,0,0,0,0,2224,1
1,163,148333,409238,245,125,2889,0.755278,0.086379,252,-1,ok,0,0,0,0,251,1
1,164,464750,373454,1640,823,15671,4.37658,0.257899,1659,-1,ok,0,0,0,0,1658,1
1,165,355695,858397,800,401,11730,3.35957,0.185783,807,-1,ok,0,0,0,0,806,1
1,166,671610,490121,1975,990,23590,6.89984,0.394921,2000,-1,ok,0,0,0,0,1999,1
1,167,620032,817899,1017,510,9647,2.6432,0.177868,1032,-1,ok,0,0,0,0,1031,1
1,168,475138,561483,915,459,10590,3.04316,0.16211,926,-1,ok,0,0,0,0,925,1
1,169,677523,564943,2418,1211,25702,7.35956,0.439604,2447,-1,ok,0,0,0,0,2446,1
1,170,547139,894242,1009,505,7774,2.12782,0.218905,1016,-1,ok,0,0,0,0,1015,1
1,171,513656,703356,1488,747,19463,5.52982,0.273617,1509,-1,ok,0,0,0,0,1508,1
1,172,561653,646343,1780,891,18358,5.10753,0.374754,1795,-1,ok,0,0,0,0,1794,1
1,173,452860,580211,2703,1355,25200,7.07091,0.559136,2736,-1,ok,0,0,0,0,2735,1
1,174,457346,589806,992,499,10474,3.00425,0.161498,1007,-1,ok,0,0,0,0,1006,1
1,175,125970,564306,414,209,6613,1.76149,0.095898,423,-1,ok,0,0,0,0,422,1
1,176,432903,536123,1450,726,15626,4.36608,0.375414,1463,-1,ok,0,0,0,0,1462,1
1,177,586708,335970,692,348,11945,3.51518,0.202424,703,-1,ok,0,0,0,0,702,1
1,178,127595,700137,422,212,5190,1.411,0.151741,427,-1,ok,0,0,0,0,426,1
1,179,538665,123021,1064,534,11805,3.41062,0.213916,1083,-1,ok,0,0,0,0,1082,1
1,180,352712,882018,430,216,6294,1.74405,0.175194,435,-1,ok,0,0,0,0,434,1
1,181,570105,642882,409,206,6239,1.78513,0.093313,414,-1,ok,0,0,0,0,413,1
1,182,236454,64964,158,80,3008,0.812063,0.068997,167,-1,ok,0,0,0,0,166,1
1,183,547182,801522,1262,633,9576,2.71143,0.295928,1275,-1,ok,0,0,0,0,1274,1
1,184,684920,553657,177,90,2095,0.558955,0.049692,182,-1,ok,0,0,0,0,181,1
1,185,552875,351270,1255,629,11370,3.34833,0.234384,1270,-1,ok,0,0,0,0,1269,1
1,186,492765,584268,2039,1021,25225,7.30686,0.466373,2060,-1,ok,0,0,0,0,2059,1
1,187,155792,743182,560,282,9247,2.495,0.182357,571,-1,ok,0,0,0,0,570,1
1,188,433249,556063,1470,736,23929,6.82125,0.256224,1485,-1,ok,0,0,0,0,1484,1
1,189,675909,548947,322,163,5233,1.55807,0.079387,331,-1,ok,0,0,0,0,330,1
1,190,801727,652069,1904,954,20788,6.12616,0.457598,1925,-1,ok,0,0,0,0,1924,1
1,191,424436,194685,1235,619,12343,3.71039,0.427722,1248,-1,ok,0,0,0,0,1247,1
1,192,568596,520838,78,40,1885,0.621841,0.041297,83,-1,ok,0,0,0,0,82,1
1,193,537052,487130,2582,1294,23377,7.21823,0.803287,2613,-1,ok,0,0,0,0,2612,1
1,194,287117,597610,1357,680,22639,6.58043,0.272704,1374,-1,ok,0,0,0,0,1373,1
1,195,734217,369103,902,453,14612,4.24798,0.184221,915,-1,ok,0,0,0,0,914,1
1,196,609326,594424,18,10,130,0.046486,0.006132,19,-1,ok,0,0,0,0,18,1
1,197,555356,373478,150,76,2887,0.857087,0.044792,155,-1,ok,0,0,0,0,154,1
1,198,538782,596393,2887,1445,26378,7.40818,0.547563,2916,-1,ok,0,0,0,0,2915,1
1,199,853804,764242,234,118,2632,0.736633,0.054452,237,-1,ok,0,0,0,0,236,1
1,200,546144,731449,1563,783,16228,4.59301,0.267855,1582,-1,ok,0,0,0,0,1581,1
1,201,546580,470520,70,37,557,0.166427,0.028824,75,-1,ok,0,0,0,0,74,1
1,202,587180,610058,2820,1412,25132,7.12295,0.681,2853,-1,ok,0,0,0,0,2852,1
1,203,554148,555672,34,19,644,0.197636,0.014196,39,-1,ok,0,0,0,0,38,1
1,204,618603,576023,2630,1317,21333,6.06469,0.439574,2657,-1,ok,0,0,0,0,2656,1
1,205,111185,663982,1131,568,14678,4.17747,0.206152,1152,-1,ok,0,0,0,0,1151,1
1,206,558415,519079,908,455,14550,4.25189,0.17904,917,-1,ok,0,0,0,0,916,1
1,207,273703,668225,1512,759,24626,6.93973,0.23797,1535,-1,ok,0,0,0,0,1534,1
1,208,342313,675920,1135,570,17358,4.82257,0.18411,1152,-1,ok,0,0,0,0,1151,1
1,209,455838,475237,29,16,416,0.124711,0.021449,34,-1,ok,0,0,0,0,33,1
1,210,407548,553070,2852,1428,25928,7.33982,0.647098,2881,-1,ok,0,0,0,0,2880,1
1,211,504813,914851,324,163,4799,1.26289,0.220298,329,-1,ok,0,0,0,0,328,1
1,212,547561,230431,1222,613,12321,3.537,0.2218,1241,-1,ok,0,0,0,0,1240,1
1,213,466238,312299,1571,788,15359,4.33643,0.31849,1588,-1,ok,0,0,0,0,1587,1
1,214,234897,536226,1213,609,19899,5.48514,0.244994,1232,-1,ok,0,0,0,0,1231,1
1,215,580756,561650,1750,876,21295,6.36055,0.309744,1767,-1,ok,0,0,0,0,1766,1
1,216,744886,554466,1138,571,18246,5.07066,0.20011,1155,-1,ok,0,0,0,0,1154,1
1,217,864144,644857,1147,575,18038,5.01096,0.331753,1154,-1,ok,0,0,0,0,1153,1
1,218,155929,549165,1194,599,16839,4.94253,0.278056,1211,-1,ok,0,0,0,0,1210,1
1,219,734340,664355,1063,533,15801,4.44644,0.267826,1072,-1,ok,0,0,0,0,1071,1
1,220,483567,570424,1455,730,15832,4.42911,0.293694,1474,-1,ok,0,0,0,0,1473,1
1,221,639206,652049,2073,1039,20917,6.12822,0.408076,2098,-1,ok,0,0,0,0,2097,1
1,222,93334,537056,1452,728,22331,6.43161,0.277573,1469,-1,ok,0,0,0,0,1468,1
1,223,603581,431982,437,220,6236,1.79505,0.148554,442,-1,ok,0,0,0,0,441,1
1,224,439095,658592,1491,748,19843,5.60171,0.346121,1512,-1,ok,0,0,0,0,1511,1
1,225,814923,899971,128,66,1873,0.479437,0.046557,135,-1,ok,0,0,0,0,134,1
1,226,498998,590659,2587,1297,25180,7.07228,0.552713,2618,-1,ok,0,0,0,0,2617,1
1,227,559098,530053,2275,1139,16984,4.73997,0.428353,2292,-1,ok,0,0,0,0,2291,1
1,228,549050,87356,1368,686,14360,4.07248,0.310975,1389,-1,ok,0,0,0,0,1388,1
1,229,507967,791931,2780,1392,26059,7.1506,0.515394,2811,-1,ok,0,0,0,0,2810,1
1,230,403304,932996,1476,739,19902,5.63917,0.348405,1487,-1,ok,0,0,0,0,1486,1
1,231,779288,400102,1980,992,23572,6.62899,0.400762,2003,-1,ok,0,0,0,0,2002,1
1,232,115537,717680,835,420,12270,3.46219,0.16171,852,-1,ok,0,0,0,0,851,1
1,233,625715,531035,2478,1242,24621,6.96178,0.426179,2509,-1,ok,0,0,0,0,2508,1
1,234,12779,392632,1393,700,20262,5.56601,0.297331,1418,-1,ok,0,0,0,0,1417,1
1,235,491073,550893,600,301,8003,2.38496,0.214547,609,-1,ok,0,0,0,0,608,1
1,236,544640,612058,608,306,7949,2.26844,0.136643,619,-1,ok,0,0,0,0,618,1
1,237,349394,221491,1219,611,12316,3.66453,0.346712,1232,-1,ok,0,0,0,0,1231,1
1,238,643343,800035,1098,550,16721,5.01877,0.321586,1111,-1,ok,0,0,0,0,1110,1
1,239,466292,494384,1056,531,10861,3.52509,0.350798,1071,-1,ok,0,0,0,0,1070,1
1,240,263294,711941,727,365,10904,3.14154,0.243981,732,-1,ok,0,0,0,0,731,1
1,241,540708,407534,2386,1196,23625,6.71474,0.568932,2413,-1,ok,0,0,0,0,2412,1
1,242,407548,728111,217,110,3756,0.98902,0.100607,222,-1,ok,0,0,0,0,221,1
1,243,495501,485664,2437,1221,23843,6.86021,0.547634,2466,-1,ok,0,0,0,0,2465,1
1,244,720906,179696,594,298,8208,2.34954,0.142063,601,-1,ok,0,0,0,0,600,1
1,245,650350,482575,2675,1342,22423,6.37718,0.461765,2710,-1,ok,0,0,0,0,2709,1
1,246,638652,817933,1535,769,16785,4.6582,0.243711,1552,-1,ok,0,0,0,0,1551,1
1,247,548934,567346,842,423,9076,2.54162,0.122336,851,-1,ok,0,0,0,0,850,1
1,248,573392,445311,937,470,14863,4.22269,0.179744,952,-1,ok,0,0,0,0,951,1
1,249,791829,669974,699,351,5347,1.52644,0.169364,708,-1,ok,0,0,0,0,707,1
1,250,181289,193174,55,29,610,0.170777,0.023222,62,-1,ok,0,0,0,0,61,1
1,251,734304,877601,1239,621,17652,5.04742,0.220519,1248,-1,ok,0,0,0,0,1247,1
1,252,541771,272040,815,409,11108,3.22686,0.146342,826,-1,ok,0,0,0,0,825,1
1,253,555426,520840,632,318,8881,2.50934,0.166128,641,-1,ok,0,0,0,0,640,1
1,254,554148,468913,1653,829,16202,4.61847,0.362782,1672,-1,ok,0,0,0,0,1671,1
1,255,407897,554527,1448,726,23748,6.66981,0.352032,1465,-1,ok,0,0,0,0,1464,1
1,256,476137,886494,1697,851,17497,4.86731,0.412153,1714,-1,ok,0,0,0,0,1713,1
1,257,647690,523082,2414,1209,25433,7.11806,0.419256,2441,-1,ok,0,0,0,0,2440,1
1,258,841766,458240,1678,842,23042,6.62991,0.41665,1695,-1,ok,0,0,0,0,1694,1
1,259,462910,637233,417,209,5533,1.60102,0.089847,424,-1,ok,0,0,0,0,423,1
1,260,536976,551877,19,11,197,0.073765,0.014287,22,-1,ok,0,0,0,0,21,1
1,261,42610,554524,1736,870,25487,7.17939,0.412844,1757,-1,ok,0,0,0,0,1756,1
1,262,613794,229015,1113,560,12454,3.59531,0.260453,1132,-1,ok,0,0,0,0,1131,1
1,263,786608,624950,1914,960,25449,7.23542,0.509853,1937,-1,ok,0,0,0,0,1936,1
1,264,412226,542166,1648,827,22587,6.6413,0.386705,1671,-1,ok,0,0,0,0,1670,1
1,265,578007,584682,2557,1282,25271,6.98482,0.451806,2588,-1,ok,0,0,0,0,2587,1
1,266,129099,357177,198,99,3121,0.786856,0.085068,199,-1,ok,0,0,0,0,198,1
1,267,670451,218543,1088,546,12071,3.60095,0.189801,1103,-1,ok,0,0,0,0,1102,1
1,268,636901,562811,880,442,8258,2.30462,0.202815,895,-1,ok,0,0,0,0,894,1
1,269,161898,720900,750,376,10954,3.15959,0.195382,755,-1,ok,0,0,0,0,754,1
1,270,536127,726744,1037,521,17206,4.78684,0.178671,1056,-1,ok,0,0,0,0,1055,1
1,271,182733,659592,907,455,12543,3.56255,0.151921,920,-1,ok,0,0,0,0,919,1
1,272,557521,334467,2898,1451,24303,6.82469,0.575405,2927,-1,ok,0,0,0,0,2926,1
1,273,550876,844900,1310,657,18507,5.3145,0.343476,1329,-1,ok,0,0,0,0,1328,1
1,274,442000,527458,1850,926,23577,6.92735,0.335861,1869,-1,ok,0,0,0,0,1868,1
1,275,163378,695363,985,495,13223,3.83592,0.201352,1002,-1,ok,0,0,0,0,1001,1
1,276,469207,449288,2393,1200,23195,6.51041,0.478416,2422,-1,ok,0,0,0,0,2421,1
1,277,621533,503471,384,193,3451,0.884667,0.169734,387,-1,ok,0,0,0,0,386,1
1,278,584186,780781,627,313,7364,2.08281,0.116456,634,-1,ok,0,0,0,0,633,1
1,279,537110,215501,1213,608,12158,3.48946,0.27515,1230,-1,ok,0,0,0,0,1229,1
1,280,552659,521369,42,23,929,0.288103,0.018975,47,-1,ok,0,0,0,0,46,1
1,281,470354,521484,1808,906,23369,6.83232,0.364324,1831,-1,ok,0,0,0,0,1830,1
1,282,779294,490035,423,213,6119,1.75725,0.084797,432,-1,ok,0,0,0,0,431,1
1,283,856695,383684,1735,870,23794,7.54953,0.684889,1756,-1,ok,0,0,0,0,1755,1
1,284,856911,565634,2043,1023,21778,6.34114,0.419977,2064,-1,ok,0,0,0,0,2063,1
1,285,226029,617772,1109,556,15003,4.28767,0.182989,1122,-1,ok,0,0,0,0,1121,1
1,286,273528,498716,214,109,2059,0.507139,0.055793,221,-1,ok,0,0,0,0,220,1
1,287,585019,659525,120,62,2081,0.636959,0.047408,125,-1,ok,0,0,0,0,124,1
1,288,714688,746144,256,129,4517,1.27842,0.190214,259,-1,ok,0,0,0,0,258,1
1,289,487154,401935,1115,560,11079,3.18819,0.266743,1128,-1,ok,0,0,0,0,1127,1
1,290,558487,858169,252,127,2607,0.743937,0.152292,257,-1,ok,0,0,0,0,256,1
1,291,574271,660088,2395,1201,19803,5.50584,0.62153,2428,-1,ok,0,0,0,0,2427,1
1,292,41143,546444,721,363,8441,2.21649,0.206162,734,-1,ok,0,0,0,0,733,1
1,293,760001,646214,1715,861,19794,5.56691,0.29749,1742,-1,ok,0,0,0,0,1741,1
1,294,185761,377965,506,254,6224,1.68212,0.084246,511,-1,ok,0,0,0,0,510,1
1,295,604576,736790,940,472,15522,4.41087,0.222041,953,-1,ok,0,0,0,0,952,1
1,296,604356,279676,1122,563,13184,3.7422,0.220759,1139,-1,ok,0,0,0,0,1138,1
1,297,467430,178127,281,142,4524,1.18743,0.153243,286,-1,ok,0,0,0,0,285,1
1,298,473402,701873,1457,730,19394,5.50724,0.288985,1476,-1,ok,0,0,0,0,1475,1
1,299,546168,470167,91,47,1913,0.559045,0.040685,94,-1,ok,0,0,0,0,93,1
2,0,515417,637366,1801,455,5375,1.74068,0.689616,1882,-1,ok,0,0,0,0,1881,1
2,1,221578,683609,709,179,3064,0.755417,0.278205,736,-1,ok,0,0,0,0,735,1
2,2,566063,455879,224,57,1269,0.365878,0.092842,235,-1,ok,0,0,0,0,234,1
2,3,364509,251282,377,98,1597,0.44308,0.166507,408,-1,ok,0,0,0,0,407,1
2,4,713214,541596,268,69,1309,0.388028,0.134118,289,-1,ok,0,0,0,0,288,1
2,5,708892,372109,865,219,4160,1.02808,0.333066,922,-1,ok,0,0,0,0,921,1
2,6,549730,910635,485,122,2097,0.548064,0.198718,506,-1,ok,0,0,0,0,505,1
2,7,428575,333335,686,175,2517,0.696028,0.155619,735,-1,ok,0,0,0,0,734,1
2,8,103741,529812,1209,307,4693,1.11177,0.430628,1280,-1,ok,0,0,0,0,1279,1
2,9,504438,99296,1284,325,4128,0.990173,0.387657,1371,-1,ok,0,0,0,0,1370,1
2,10,503002,473385,659,167,2738,0.765557,0.170807,694,-1,ok,0,0,0,0,693,1
2,11,594375,693937,1954,494,5764,1.52446,0.392837,2039,-1,ok,0,0,0,0,2038,1
2,12,184179,575147,1336,339,6384,1.67888,0.400551,1385,-1,ok,0,0,0,0,1384,1
2,13,84373,731343,822,208,3272,0.79435,0.261383,869,-1,ok,0,0,0,0,868,1
2,14,533139,449475,806,205,3130,0.816862,0.244042,843,-1,ok,0,0,0,0,842,1
2,15,800775,353868,725,182,1665,0.401734,0.297991,736,-1,ok,0,0,0,0,735,1
2,16,580536,834346,1638,416,4907,1.17152,0.412204,1719,-1,ok,0,0,0,0,1718,1
2,17,705977,179642,451,114,1683,0.417642,0.19476,468,-1,ok,0,0,0,0,467,1
2,18,591189,502974,573,146,2338,0.645545,0.134598,596,-1,ok,0,0,0,0,595,1
2,19,696806,606078,410,106,1818,0.460652,0.133848,439,-1,ok,0,0,0,0,438,1
2,20,649644,351270,898,230,3347,0.839344,0.239593,945,-1,ok,0,0,0,0,944,1
2,21,364679,647787,786,199,3343,0.826458,0.206552,833,-1,ok,0,0,0,0,832,1
2,22,236480,558798,1348,343,6455,1.68199,0.288495,1403,-1,ok,0,0,0,0,1402,1
2,23,429002,590281,593,151,2021,0.506648,0.281161,620,-1,ok,0,0,0,0,619,1
2,24,732327,437963,2826,714,7003,1.73637,0.532336,2939,-1,ok,0,0,0,0,2938,1
2,25,695045,573533,2638,667,6106,1.58841,0.406242,2741,-1,ok,0,0,0,0,2740,1
2,26,653917,554134,819,209,3375,0.857277,0.202826,864,-1,ok,0,0,0,0,863,1
2,27,591152,758487,1441,364,5485,1.45906,0.249292,1498,-1,ok,0,0,0,0,1497,1
2,28,530231,797885,2838,717,7569,1.89133,0.603848,2949,-1,ok,0,0,0,0,2948,1
2,29,461730,614781,2269,573,6158,1.58155,0.414488,2360,-1,ok,0,0,0,0,2359,1
2,30,444980,608103,2053,521,7200,1.85647,0.492341,2142,-1,ok,0,0,0,0,2141,1
2,31,625582,540051,1625,411,7089,1.85328,0.323137,1698,-1,ok,0,0,0,0,1697,1
2,32,525321,196202,1187,301,3792,0.918029,0.316136,1256,-1,ok,0,0,0,0,1255,1
2,33,478182,565842,1838,464,5146,1.33828,0.386246,1901,-1,ok,0,0,0,0,1900,1
2,34,537719,542421,274,71,1359,0.377057,0.107599,295,-1,ok,0,0,0,0,294,1
2,35,606091,561377,46,12,160,0.049993,0.024265,49,-1,ok,0,0,0,0,48,1
2,36,540484,237922,578,146,2175,0.54064,0.182698,605,-1,ok,0,0,0,0,604,1
2,37,916340,481104,632,160,2593,0.703652,0.131252,665,-1,ok,0,0,0,0,664,1
2,38,547698,473617,2323,588,6597,1.70876,0.423374,2424,-1,ok,0,0,0,0,2423,1
2,39,503531,560189,206,52,790,0.218905,0.057947,209,-1,ok,0,0,0,0,208,1
2,40,528285,633179,2234,566,5937,1.57398,0.374192,2343,-1,ok,0,0,0,0,2342,1
2,41,528291,124629,1240,315,3998,0.980864,0.327567,1319,-1,ok,0,0,0,0,1318,1
2,42,218360,732318,1260,318,5542,1.46467,0.261032,1317,-1,ok,0,0,0,0,1316,1
2,43,673429,646337,1726,437,5359,1.4622,0.377929,1789,-1,ok,0,0,0,0,1788,1
2,44,677903,545932,2495,632,7183,1.82614,0.406853,2598,-1,ok,0,0,0,0,2597,1
2,45,599861,473157,116,30,785,0.229224,0.054581,125,-1,ok,0,0,0,0,124,1
2,46,771679,448047,942,239,4206,1.04617,0.269388,977,-1,ok,0,0,0,0,976,1
2,47,613652,373259,1541,390,6923,1.81502,0.340078,1610,-1,ok,0,0,0,0,1609,1
2,48,559115,582478,645,162,1008,0.263247,0.22641,652,-1,ok,0,0,0,0,651,1
2,49,138045,605112,1531,389,6970,1.79724,0.334819,1582,-1,ok,0,0,0,0,1581,1
2,50,715274,544491,2277,577,7111,1.8112,0.371377,2370,-1,ok,0,0,0,0,2369,1
2,51,118518,621231,1297,329,5798,1.52515,0.24792,1346,-1,ok,0,0,0,0,1345,1
2,52,560125,876072,607,155,2586,0.731383,0.13524,650,-1,ok,0,0,0,0,649,1
2,53,457330,549752,200,52,778,0.203146,0.057215,211,-1,ok,0,0,0,0,210,1
2,54,185650,870115,627,159,2982,0.800722,0.144157,644,-1,ok,0,0,0,0,643,1
2,55,519871,693835,2142,542,5948,1.56193,0.357592,2231,-1,ok,0,0,0,0,2230,1
2,56,140914,484062,1346,341,6335,1.65946,0.244513,1391,-1,ok,0,0,0,0,1390,1
2,57,630216,170691,1277,324,4397,1.05474,0.311055,1322,-1,ok,0,0,0,0,1321,1
2,58,686374,577768,450,115,2134,0.542103,0.154616,475,-1,ok,0,0,0,0,474,1
2,59,625714,607337,2167,549,6153,1.58252,0.355368,2262,-1,ok,0,0,0,0,2261,1
2,60,160386,877813,1001,254,3971,0.961339,0.31376,1028,-1,ok,0,0,0,0,1027,1
2,61,557207,713255,2128,538,5895,1.52872,0.360829,2215,-1,ok,0,0,0,0,2214,1
2,62,689095,577712,931,236,2309,0.547914,0.257787,970,-1,ok,0,0,0,0,969,1
2,63,118518,543922,1546,392,7092,1.79012,0.283195,1599,-1,ok,0,0,0,0,1598,1
2,64,743230,714700,454,115,1503,0.377539,0.141542,475,-1,ok,0,0,0,0,474,1
2,65,451281,500222,1729,438,4846,1.12158,0.417693,1800,-1,ok,0,0,0,0,1799,1
2,66,87326,638815,783,198,3138,0.784812,0.23227,840,-1,ok,0,0,0,0,839,1
2,67,873089,178288,543,139,1961,0.473557,0.192275,570,-1,ok,0,0,0,0,569,1
2,68,540231,698411,324,83,1584,0.41643,0.117938,343,-1,ok,0,0,0,0,342,1
2,69,608054,502046,428,107,1715,0.425818,0.170705,439,-1,ok,0,0,0,0,438,1
2,70,551981,134941,1142,289,3333,0.824436,0.283465,1211,-1,ok,0,0,0,0,1210,1
2,71,463217,908917,606,153,2340,0.568071,0.179151,639,-1,ok,0,0,0,0,638,1
2,72,633916,540912,2768,701,7040,1.76449,0.472865,2881,-1,ok,0,0,0,0,2880,1
2,73,797852,552425,1119,283,2560,0.671581,0.256445,1162,-1,ok,0,0,0,0,1161,1
2,74,746160,847884,1478,374,5366,1.42949,0.282674,1539,-1,ok,0,0,0,0,1538,1
2,75,759766,548195,703,179,2968,0.760687,0.198658,742,-1,ok,0,0,0,0,741,1
2,76,413741,394099,778,197,3891,0.947794,0.278957,813,-1,ok,0,0,0,0,812,1
2,77,913394,471896,1104,281,4732,1.13938,0.30814,1143,-1,ok,0,0,0,0,1142,1
2,78,652297,501706,101,26,596,0.189761,0.045555,106,-1,ok,0,0,0,0,105,1
2,79,528306,440834,2348,594,6608,1.68614,0.424417,2451,-1,ok,0,0,0,0,2450,1
2,80,579216,344905,687,173,3436,0.877323,0.2164,712,-1,ok,0,0,0,0,711,1
2,81,291425,565940,613,157,2777,0.70717,0.191955,648,-1,ok,0,0,0,0,647,1
2,82,560203,166249,1334,337,4157,0.997015,0.316235,1379,-1,ok,0,0,0,0,1378,1
2,83,725367,601383,506,130,1783,0.441677,0.148124,533,-1,ok,0,0,0,0,532,1
2,84,690950,626446,632,161,3006,0.763232,0.181175,659,-1,ok,0,0,0,0,658,1
2,85,885107,623720,1723,437,6161,1.58177,0.305214,1800,-1,ok,0,0,0,0,1799,1
2,86,452862,582210,1864,471,5128,1.35979,0.332204,1941,-1,ok,0,0,0,0,1940,1
2,87,643668,475109,189,48,940,0.272565,0.055853,202,-1,ok,0,0,0,0,201,1
2,88,72436,674500,1030,261,3781,0.911616,0.283014,1087,-1,ok,0,0,0,0,1086,1
2,89,868641,853704,37,9,106,0.036217,0.019246,38,-1,ok,0,0,0,0,37,1
2,90,644709,548157,2038,515,6360,1.64,0.374633,2137,-1,ok,0,0,0,0,2136,1
2,91,582005,373594,1217,309,4221,1.05812,0.329059,1290,-1,ok,0,0,0,0,1289,1
2,92,677416,621320,2042,517,5850,1.52704,0.346271,2135,-1,ok,0,0,0,0,2134,1
2,93,705859,580720,219,56,616,0.171267,0.048971,238,-1,ok,0,0,0,0,237,1
2,94,431412,580719,607,154,2165,0.542424,0.201722,634,-1,ok,0,0,0,0,633,1
2,95,437348,552419,661,168,2534,0.672886,0.153934,686,-1,ok,0,0,0,0,685,1
2,96,758271,503460,743,188,3183,0.794501,0.186906,774,-1,ok,0,0,0,0,773,1
2,97,868701,479347,1176,300,4803,1.14998,0.321043,1227,-1,ok,0,0,0,0,1226,1
2,98,562097,501182,3169,800,7331,1.80786,0.566478,3270,-1,ok,0,0,0,0,3269,1
2,99,278199,257290,49,13,157,0.046184,0.02143,54,-1,ok,0,0,0,0,53,1
2,100,570049,534288,47,13,261,0.094945,0.025618,58,-1,ok,0,0,0,0,57,1
2,101,541954,728137,425,109,1649,0.419106,0.12489,450,-1,ok,0,0,0,0,449,1
2,102,215378,85837,389,99,1785,0.450984,0.126945,420,-1,ok,0,0,0,0,419,1
2,103,589928,544726,2226,564,6263,1.60619,0.386716,2325,-1,ok,0,0,0,0,2324,1
2,104,541522,549453,805,204,2616,0.717999,0.156719,830,-1,ok,0,0,0,0,829,1
2,105,502684,483770,978,247,2902,0.7613,0.193579,1015,-1,ok,0,0,0,0,1014,1
2,106,185739,464682,1225,311,5848,1.568,0.279958,1272,-1,ok,0,0,0,0,1271,1
2,107,564997,595611,2276,574,5311,1.38333,0.408797,2365,-1,ok,0,0,0,0,2364,1
2,108,589155,636201,2476,627,5893,1.59561,0.40527,2579,-1,ok,0,0,0,0,2578,1
2,109,531285,901687,2128,537,5749,1.65336,0.404739,2211,-1,ok,0,0,0,0,2210,1
2,110,732706,576220,224,56,641,0.180134,0.053579,241,-1,ok,0,0,0,0,240,1
2,111,109733,638731,1000,253,3704,0.889746,0.314993,1067,-1,ok,0,0,0,0,1066,1
2,112,662568,191645,835,212,3460,0.85889,0.214388,892,-1,ok,0,0,0,0,891,1
2,113,374965,759941,1238,314,5425,1.51372,0.258257,1289,-1,ok,0,0,0,0,1288,1
2,114,719164,27693,1169,297,4356,1.08243,0.370717,1254,-1,ok,0,0,0,0,1253,1
2,115,752294,934231,163,42,570,0.152964,0.08672,168,-1,ok,0,0,0,0,167,1
2,116,655535,844782,573,146,2447,0.780134,0.246496,606,-1,ok,0,0,0,0,605,1
2,117,474798,607811,1695,429,6093,1.71286,0.670009,1768,-1,ok,0,0,0,0,1767,1
2,118,913321,352359,1830,464,7026,1.84994,0.817363,1925,-1,ok,0,0,0,0,1924,1
2,119,458475,638815,192,50,1026,0.267446,0.073737,217,-1,ok,0,0,0,0,216,1
2,120,185587,899904,797,204,3528,0.901328,0.280139,844,-1,ok,0,0,0,0,843,1
2,121,660993,722496,1439,365,4676,1.12062,0.423514,1514,-1,ok,0,0,0,0,1513,1
2,122,587664,590978,396,101,1434,0.368122,0.173781,403,-1,ok,0,0,0,0,402,1
2,123,227425,627948,1391,353,6704,1.76061,0.322255,1454,-1,ok,0,0,0,0,1453,1
2,124,404568,507174,380,95,1409,0.354085,0.169894,391,-1,ok,0,0,0,0,390,1
2,125,234885,555140,1077,272,4471,1.07152,0.299365,1126,-1,ok,0,0,0,0,1125,1
2,126,379198,738927,1657,418,4728,1.11158,0.468197,1734,-1,ok,0,0,0,0,1733,1
2,127,516377,549670,2291,580,6233,1.59097,0.465581,2400,-1,ok,0,0,0,0,2399,1
2,128,346621,479141,772,196,3686,0.931976,0.200171,813,-1,ok,0,0,0,0,812,1
2,129,380939,508659,970,245,4524,1.30304,0.267344,1011,-1,ok,0,0,0,0,1010,1
2,130,549667,582479,32,9,136,0.053079,0.026559,39,-1,ok,0,0,0,0,38,1
2,131,231944,556389,1377,348,6551,1.72891,0.262455,1440,-1,ok,0,0,0,0,1439,1
2,132,444980,143997,639,163,2279,0.575354,0.198237,690,-1,ok,0,0,0,0,689,1
2,133,553121,561095,2824,714,6323,1.59112,0.748776,2931,-1,ok,0,0,0,0,2930,1
2,134,557186,599599,2595,656,7337,1.85448,0.424215,2698,-1,ok,0,0,0,0,2697,1
2,135,752223,476482,939,238,4205,1.01933,0.346992,986,-1,ok,0,0,0,0,985,1
2,136,668229,470670,2659,673,6417,1.64538,0.559966,2768,-1,ok,0,0,0,0,2767,1
2,137,328875,564452,195,50,969,0.253849,0.087963,208,-1,ok,0,0,0,0,207,1
2,138,642157,729840,1731,439,5529,1.49524,0.357141,1802,-1,ok,0,0,0,0,1801,1
2,139,90305,752572,987,250,3795,0.906908,0.303452,1014,-1,ok,0,0,0,0,1013,1
2,140,540469,868590,1095,278,4982,1.2161,0.328118,1170,-1,ok,0,0,0,0,1169,1
2,141,554237,542468,341,88,1657,0.431348,0.166757,360,-1,ok,0,0,0,0,359,1
2,142,552875,544670,2521,638,6526,1.64731,0.433181,2628,-1,ok,0,0,0,0,2627,1
2,143,489779,135045,582,148,2373,0.689658,0.131663,635,-1,ok,0,0,0,0,634,1
2,144,684986,321427,899,227,3919,0.954267,0.258949,962,-1,ok,0,0,0,0,961,1
2,145,551199,39629,1264,323,4192,1.0216,0.351039,1323,-1,ok,0,0,0,0,1322,1
2,146,161784,518507,1403,355,6673,1.70598,0.27084,1452,-1,ok,0,0,0,0,1451,1
2,147,916310,555655,611,154,2103,0.536803,0.160857,638,-1,ok,0,0,0,0,637,1
2,148,358724,558670,1036,264,4418,1.07835,0.262436,1077,-1,ok,0,0,0,0,1076,1
2,149,491303,659590,417,106,1579,0.434003,0.130201,436,-1,ok,0,0,0,0,435,1
2,150,551910,879052,1906,483,4979,1.14766,0.444293,1991,-1,ok,0,0,0,0,1990,1
2,151,548928,513895,2545,644,6327,1.61814,0.408174,2650,-1,ok,0,0,0,0,2649,1
2,152,544907,516738,841,212,3973,0.990132,0.258368,894,-1,ok,0,0,0,0,893,1
2,153,596621,550078,3073,777,7517,1.8644,0.481221,3184,-1,ok,0,0,0,0,3183,1
2,154,457377,679268,965,245,3012,0.737875,0.274709,1014,-1,ok,0,0,0,0,1013,1
2,155,888007,738901,148,37,655,0.174993,0.049662,155,-1,ok,0,0,0,0,154,1
2,156,557446,245356,1550,392,3546,0.841557,0.364235,1601,-1,ok,0,0,0,0,1600,1
2,157,269058,233403,285,73,1002,0.252618,0.083866,300,-1,ok,0,0,0,0,299,1
2,158,561143,482354,629,160,2793,0.720714,0.203447,652,-1,ok,0,0,0,0,651,1
2,159,476616,512534,204,53,1122,0.310395,0.076061,231,-1,ok,0,0,0,0,230,1
2,160,651112,289929,1373,349,4513,1.10943,0.337504,1434,-1,ok,0,0,0,0,1433,1
2,161,728484,372110,264,68,958,0.234754,0.106407,273,-1,ok,0,0,0,0,272,1
2,162,569402,643340,2200,556,5363,1.38766,0.386155,2291,-1,ok,0,0,0,0,2290,1
2,163,148333,409238,245,64,893,0.234485,0.101658,278,-1,ok,0,0,0,0,277,1
2,164,464750,373454,1640,416,4624,1.08124,0.364015,1711,-1,ok,0,0,0,0,1710,1
2,165,355695,858397,800,202,3527,0.872475,0.24825,819,-1,ok,0,0,0,0,818,1
2,166,671610,490121,1975,498,6852,1.78507,0.363222,2054,-1,ok,0,0,0,0,2053,1
2,167,620032,817899,1017,258,2821,0.685959,0.247008,1066,-1,ok,0,0,0,0,1065,1
2,168,475138,561483,915,232,3106,0.777238,0.251987,954,-1,ok,0,0,0,0,953,1
2,169,677523,564943,2418,612,7464,1.90701,0.398087,2521,-1,ok,0,0,0,0,2520,1
2,170,547139,894242,1009,256,2262,0.554837,0.283745,1052,-1,ok,0,0,0,0,1051,1
2,171,513656,703356,1488,379,5667,1.50186,0.288464,1549,-1,ok,0,0,0,0,1548,1
2,172,561653,646343,1780,451,5382,1.43889,0.357672,1845,-1,ok,0,0,0,0,1844,1
2,173,452860,580211,2703,683,7310,1.83036,0.517408,2810,-1,ok,0,0,0,0,2809,1
2,174,457346,589806,992,253,3079,0.756019,0.241717,1043,-1,ok,0,0,0,0,1042,1
2,175,125970,564306,414,104,1936,0.457677,0.144698,443,-1,ok,0,0,0,0,442,1
2,176,432903,536123,1450,367,4506,1.06471,0.408276,1527,-1,ok,0,0,0,0,1526,1
2,177,586708,335970,692,176,3500,0.884077,0.265351,719,-1,ok,0,0,0,0,718,1
2,178,127595,700137,422,108,1589,0.390403,0.216361,435,-1,ok,0,0,0,0,434,1
2,179,538665,123021,1064,269,3358,0.822001,0.279678,1129,-1,ok,0,0,0,0,1128,1
2,180,352712,882018,430,109,1898,0.466433,0.159887,457,-1,ok,0,0,0,0,456,1
2,181,570105,642882,409,103,1739,0.472475,0.141552,418,-1,ok,0,0,0,0,417,1
2,182,236454,64964,158,41,900,0.239592,0.074679,181,-1,ok,0,0,0,0,180,1
2,183,547182,801522,1262,320,2798,0.694104,0.277454,1311,-1,ok,0,0,0,0,1310,1
2,184,684920,553657,177,46,588,0.172189,0.055994,192,-1,ok,0,0,0,0,191,1
2,185,552875,351270,1255,319,3347,0.813065,0.308551,1306,-1,ok,0,0,0,0,1305,1
2,186,492765,584268,2039,516,7311,1.90426,0.383098,2116,-1,ok,0,0,0,0,2115,1
2,187,155792,743182,560,141,2705,0.688685,0.187837,593,-1,ok,0,0,0,0,592,1
2,188,433249,556063,1470,372,6959,1.84236,0.278976,1517,-1,ok,0,0,0,0,1516,1
2,189,675909,548947,322,83,1474,0.384271,0.100917,343,-1,ok,0,0,0,0,342,1
2,190,801727,652069,1904,482,6078,1.59949,0.355647,1977,-1,ok,0,0,0,0,1976,1
2,191,424436,194685,1235,313,3636,0.895507,0.300237,1282,-1,ok,0,0,0,0,1281,1
2,192,568596,520838,78,21,553,0.182607,0.035736,87,-1,ok,0,0,0,0,86,1
2,193,537052,487130,2582,651,6780,1.73053,0.450073,2677,-1,ok,0,0,0,0,2676,1
2,194,287117,597610,1357,344,6580,1.71393,0.236638,1402,-1,ok,0,0,0,0,1401,1
2,195,734217,369103,902,228,4181,1.12125,0.186565,963,-1,ok,0,0,0,0,962,1
2,196,609326,594424,18,6,38,0.013475,0.012974,27,-1,ok,0,0,0,0,26,1
2,197,555356,373478,150,38,829,0.227591,0.058399,167,-1,ok,0,0,0,0,166,1
2,198,538782,596393,2887,729,7658,1.92816,0.49191,2994,-1,ok,0,0,0,0,2993,1
2,199,853804,764242,234,60,794,0.192096,0.050904,243,-1,ok,0,0,0,0,242,1
2,200,546144,731449,1563,395,4678,1.1125,0.416571,1638,-1,ok,0,0,0,0,1637,1
2,201,546580,470520,70,19,168,0.065301,0.039903,83,-1,ok,0,0,0,0,82,1
2,202,587180,610058,2820,714,7301,1.83694,0.489956,2931,-1,ok,0,0,0,0,2930,1
2,203,554148,555672,34,11,204,0.081661,0.022972,47,-1,ok,0,0,0,0,46,1
2,204,618603,576023,2630,666,6229,1.60884,0.439444,2731,-1,ok,0,0,0,0,2730,1
2,205,111185,663982,1131,287,4285,1.04238,0.337464,1204,-1,ok,0,0,0,0,1203,1
2,206,558415,519079,908,230,4196,1.03966,0.263386,933,-1,ok,0,0,0,0,932,1
2,207,273703,668225,1512,382,7073,1.8681,0.293052,1575,-1,ok,0,0,0,0,1574,1
2,208,342313,675920,1135,287,4944,1.2066,0.302199,1186,-1,ok,0,0,0,0,1185,1
2,209,455838,475237,29,8,89,0.034573,0.0268,42,-1,ok,0,0,0,0,41,1
2,210,407548,553070,2852,721,7532,1.90997,0.504944,2959,-1,ok,0,0,0,0,2958,1
2,211,504813,914851,324,84,1442,0.382277,0.160707,347,-1,ok,0,0,0,0,346,1
2,212,547561,230431,1222,309,3518,0.847678,0.278475,1287,-1,ok,0,0,0,0,1286,1
2,213,466238,312299,1571,398,4539,1.06227,0.388899,1626,-1,ok,0,0,0,0,1625,1
2,214,234897,536226,1213,308,5810,1.53557,0.249653,1266,-1,ok,0,0,0,0,1265,1
2,215,580756,561650,1750,443,6159,1.62023,0.327856,1815,-1,ok,0,0,0,0,1814,1
2,216,744886,554466,1138,290,5361,1.43532,0.215649,1189,-1,ok,0,0,0,0,1188,1
2,217,864144,644857,1147,292,5296,1.4335,0.273877,1194,-1,ok,0,0,0,0,1193,1
2,218,155929,549165,1194,302,4759,1.1351,0.34046,1257,-1,ok,0,0,0,0,1256,1
2,219,734340,664355,1063,270,4557,1.10982,0.357351,1112,-1,ok,0,0,0,0,1111,1
2,220,483567,570424,1455,368,4559,1.08754,0.381016,1526,-1,ok,0,0,0,0,1525,1
2,221,639206,652049,2073,525,6108,1.56826,0.365615,2158,-1,ok,0,0,0,0,2157,1
2,222,93334,537056,1452,367,6401,1.69411,0.279247,1527,-1,ok,0,0,0,0,1526,1
2,223,603581,431982,437,110,1774,0.429744,0.202784,454,-1,ok,0,0,0,0,453,1
2,224,439095,658592,1491,378,5775,1.54883,0.267065,1554,-1,ok,0,0,0,0,1553,1
2,225,814923,899971,128,34,554,0.164453,0.054381,139,-1,ok,0,0,0,0,138,1
2,226,498998,590659,2587,655,7312,1.86428,0.449601,2692,-1,ok,0,0,0,0,2691,1
2,227,559098,530053,2275,575,5004,1.14229,0.51899,2348,-1,ok,0,0,0,0,2347,1
2,228,549050,87356,1368,346,4111,1.00166,0.363022,1451,-1,ok,0,0,0,0,1450,1
2,229,507967,791931,2780,702,7560,1.90814,0.523057,2885,-1,ok,0,0,0,0,2884,1
2,230,403304,932996,1476,373,5807,1.52357,0.307219,1523,-1,ok,0,0,0,0,1522,1
2,231,779288,400102,1980,500,6847,1.74977,0.380995,2051,-1,ok,0,0,0,0,2050,1
2,232,115537,717680,835,211,3593,0.873917,0.255594,886,-1,ok,0,0,0,0,885,1
2,233,625715,531035,2478,627,7156,1.80245,0.414618,2583,-1,ok,0,0,0,0,2582,1
2,234,12779,392632,1393,354,5777,1.51721,0.314382,1470,-1,ok,0,0,0,0,1469,1
2,235,491073,550893,600,152,2256,0.559966,0.195643,631,-1,ok,0,0,0,0,630,1
2,236,544640,612058,608,155,2250,0.533397,0.164584,633,-1,ok,0,0,0,0,632,1
2,237,349394,221491,1219,308,3515,0.825298,0.321464,1280,-1,ok,0,0,0,0,1279,1
2,238,643343,800035,1098,278,4833,1.18881,0.319,1151,-1,ok,0,0,0,0,1150,1
2,239,466292,494384,1056,267,3188,0.783,0.276311,1099,-1,ok,0,0,0,0,1098,1
2,240,263294,711941,727,184,3184,0.803528,0.28122,758,-1,ok,0,0,0,0,757,1
2,241,540708,407534,2386,604,6865,1.7416,0.480909,2491,-1,ok,0,0,0,0,2490,1
2,242,407548,728111,217,56,1045,0.258768,0.111308,226,-1,ok,0,0,0,0,225,1
2,243,495501,485664,2437,615,6925,1.84975,0.480679,2536,-1,ok,0,0,0,0,2535,1
2,244,720906,179696,594,151,2309,0.558895,0.210099,633,-1,ok,0,0,0,0,632,1
2,245,650350,482575,2675,677,6515,1.69941,0.491379,2786,-1,ok,0,0,0,0,2785,1
2,246,638652,817933,1535,389,4853,1.27468,0.261404,1606,-1,ok,0,0,0,0,1605,1
2,247,548934,567346,842,214,2536,0.670181,0.180453,869,-1,ok,0,0,0,0,868,1
2,248,573392,445311,937,237,4355,1.07766,0.287211,976,-1,ok,0,0,0,0,975,1
2,249,791829,669974,699,176,1523,0.388008,0.202806,712,-1,ok,0,0,0,0,711,1
2,250,181289,193174,55,14,144,0.044422,0.024585,68,-1,ok,0,0,0,0,67,1
2,251,734304,877601,1239,315,5093,1.35755,0.257226,1280,-1,ok,0,0,0,0,1279,1
2,252,541771,272040,815,207,3151,0.789872,0.224755,874,-1,ok,0,0,0,0,873,1
2,253,555426,520840,632,160,2564,0.677454,0.209747,651,-1,ok,0,0,0,0,650,1
2,254,554148,468913,1653,419,4774,1.13151,0.411962,1726,-1,ok,0,0,0,0,1725,1
2,255,407897,554527,1448,367,6900,1.80604,0.311827,1493,-1,ok,0,0,0,0,1492,1
2,256,476137,886494,1697,431,5066,1.20738,0.343286,1796,-1,ok,0,0,0,0,1795,1
2,257,647690,523082,2414,611,7376,1.97368,0.414277,2519,-1,ok,0,0,0,0,2518,1
2,258,841766,458240,1678,427,6706,1.72267,0.352221,1767,-1,ok,0,0,0,0,1766,1
2,259,462910,637233,417,105,1609,0.39988,0.156009,442,-1,ok,0,0,0,0,441,1
2,260,536976,551877,19,6,54,0.018706,0.018263,26,-1,ok,0,0,0,0,25,1
2,261,42610,554524,1736,441,7417,1.9172,0.361649,1803,-1,ok,0,0,0,0,1802,1
2,262,613794,229015,1113,284,3640,0.895438,0.303381,1166,-1,ok,0,0,0,0,1165,1
2,263,786608,624950,1914,485,7376,1.89715,0.370094,1991,-1,ok,0,0,0,0,1990,1
2,264,412226,542166,1648,418,6551,1.67635,0.350718,1725,-1,ok,0,0,0,0,1724,1
2,265,578007,584682,2557,648,7335,1.86933,0.423674,2662,-1,ok,0,0,0,0,2661,1
2,266,129099,357177,198,50,929,0.222231,0.086991,213,-1,ok,0,0,0,0,212,1
2,267,670451,218543,1088,277,3553,0.90209,0.371969,1131,-1,ok,0,0,0,0,1130,1
2,268,636901,562811,880,222,2302,0.606874,0.326804,909,-1,ok,0,0,0,0,908,1
2,269,161898,720900,750,189,3192,0.805401,0.401132,791,-1,ok,0,0,0,0,790,1
2,270,536127,726744,1037,263,4967,1.42938,0.348445,1092,-1,ok,0,0,0,0,1091,1
2,271,182733,659592,907,230,3671,0.918099,0.284657,964,-1,ok,0,0,0,0,963,1
2,272,557521,334467,2898,732,7057,1.7776,0.680169,3003,-1,ok,0,0,0,0,3002,1
2,273,550876,844900,1310,332,5365,1.44174,0.393889,1379,-1,ok,0,0,0,0,1378,1
2,274,442000,527458,1850,468,6834,1.76866,0.392396,1927,-1,ok,0,0,0,0,1926,1
2,275,163378,695363,985,249,3842,0.932486,0.267626,1044,-1,ok,0,0,0,0,1043,1
2,276,469207,449288,2393,604,6733,1.7269,0.460603,2480,-1,ok,0,0,0,0,2479,1
2,277,621533,503471,384,97,993,0.236147,0.136383,395,-1,ok,0,0,0,0,394,1
2,278,584186,780781,627,158,2131,0.520444,0.15174,654,-1,ok,0,0,0,0,653,1
2,279,537110,215501,1213,307,3475,0.851075,0.30752,1276,-1,ok,0,0,0,0,1275,1
2,280,552659,521369,42,11,193,0.064391,0.027032,47,-1,ok,0,0,0,0,46,1
2,281,470354,521484,1808,457,6773,1.74097,0.31924,1883,-1,ok,0,0,0,0,1882,1
2,282,779294,490035,423,107,1786,0.442748,0.139609,446,-1,ok,0,0,0,0,445,1
2,283,856695,383684,1735,439,6901,1.77818,0.328458,1798,-1,ok,0,0,0,0,1797,1
2,284,856911,565634,2043,517,6332,1.6408,0.37826,2120,-1,ok,0,0,0,0,2119,1
2,285,226029,617772,1109,281,4398,1.14614,0.215028,1162,-1,ok,0,0,0,0,1161,1
2,286,273528,498716,214,55,601,0.160266,0.067495,237,-1,ok,0,0,0,0,236,1
2,287,585019,659525,120,32,556,0.170915,0.053139,133,-1,ok,0,0,0,0,132,1
2,288,714688,746144,256,66,1248,0.353244,0.115012,271,-1,ok,0,0,0,0,270,1
2,289,487154,401935,1115,281,3253,0.788159,0.282764,1148,-1,ok,0,0,0,0,1147,1
2,290,558487,858169,252,65,780,0.208085,0.122757,281,-1,ok,0,0,0,0,280,1
2,291,574271,660088,2395,606,5762,1.47047,0.423134,2494,-1,ok,0,0,0,0,2493,1
2,292,41143,546444,721,183,2374,0.590674,0.250013,764,-1,ok,0,0,0,0,763,1
2,293,760001,646214,1715,434,5803,1.52332,0.319432,1788,-1,ok,0,0,0,0,1787,1
2,294,185761,377965,506,129,1842,0.44316,0.14046,527,-1,ok,0,0,0,0,526,1
2,295,604576,736790,940,238,4465,1.11607,0.347673,969,-1,ok,0,0,0,0,968,1
2,296,604356,279676,1122,283,3737,0.960469,0.275239,1183,-1,ok,0,0,0,0,1182,1
2,297,467430,178127,281,72,1292,0.366408,0.125824,304,-1,ok,0,0,0,0,303,1
2,298,473402,701873,1457,370,5647,1.51315,0.280278,1516,-1,ok,0,0,0,0,1515,1
2,299,546168,470167,91,24,481,0.148695,0.055342,102,-1,ok,0,0,0,0,101,1
3,0,515417,637366,1801,228,1720,0.487301,0.630027,2042,-1,ok,0,0,0,0,2041,1
3,1,221578,683609,709,90,985,0.233392,0.242449,794,-1,ok,0,0,0,0,793,1
3,2,566063,455879,224,29,384,0.111537,0.107879,257,-1,ok,0,0,0,0,256,1
3,3,364509,251282,377,49,506,0.120673,0.12939,422,-1,ok,0,0,0,0,421,1
3,4,713214,541596,268,34,370,0.09749,0.09676,289,-1,ok,0,0,0,0,288,1
3,5,708892,372109,865,112,1308,0.314512,0.29156,990,-1,ok,0,0,0,0,989,1
3,6,549730,910635,485,63,671,0.166928,0.172057,540,-1,ok,0,0,0,0,539,1
3,7,428575,333335,686,88,778,0.19445,0.198268,789,-1,ok,0,0,0,0,788,1
3,8,103741,529812,1209,153,1503,0.363061,0.39489,1346,-1,ok,0,0,0,0,1345,1
3,9,504438,99296,1284,162,1277,0.320243,0.354155,1413,-1,ok,0,0,0,0,1412,1
3,10,503002,473385,659,84,836,0.21629,0.190664,706,-1,ok,0,0,0,0,705,1
3,11,594375,693937,1954,248,1849,0.421851,0.479979,2207,-1,ok,0,0,0,0,2206,1
3,12,184179,575147,1336,169,2007,0.451476,0.429364,1505,-1,ok,0,0,0,0,1504,1
3,13,84373,731343,822,104,1054,0.261675,0.242738,933,-1,ok,0,0,0,0,932,1
3,14,533139,449475,806,103,1022,0.234444,0.234123,941,-1,ok,0,0,0,0,940,1
3,15,800775,353868,725,92,499,0.135,0.286942,754,-1,ok,0,0,0,0,753,1
3,16,580536,834346,1638,206,1532,0.351931,0.371237,1821,-1,ok,0,0,0,0,1820,1
3,17,705977,179642,451,58,536,0.144628,0.152543,494,-1,ok,0,0,0,0,493,1
3,18,591189,502974,573,73,723,0.176327,0.170826,606,-1,ok,0,0,0,0,605,1
3,19,696806,606078,410,53,548,0.138606,0.106528,449,-1,ok,0,0,0,0,448,1
3,20,649644,351270,898,114,1067,0.239593,0.215019,1023,-1,ok,0,0,0,0,1022,1
3,21,364679,647787,786,100,1077,0.255842,0.196013,903,-1,ok,0,0,0,0,902,1
3,22,236480,558798,1348,169,2018,0.435386,0.35624,1515,-1,ok,0,0,0,0,1514,1
3,23,429002,590281,593,77,628,0.170886,0.232511,656,-1,ok,0,0,0,0,655,1
3,24,732327,437963,2826,357,2203,0.473085,0.596905,3101,-1,ok,0,0,0,0,3100,1
3,25,695045,573533,2638,333,1924,0.444252,0.498192,2885,-1,ok,0,0,0,0,2884,1
3,26,653917,554134,819,105,1078,0.277554,0.200471,946,-1,ok,0,0,0,0,945,1
3,27,591152,758487,1441,182,1730,0.390473,0.32386,1632,-1,ok,0,0,0,0,1631,1
3,28,530231,797885,2838,357,2383,0.542955,0.642349,3115,-1,ok,0,0,0,0,3114,1
3,29,461730,614781,2269,287,1962,0.454612,0.482263,2532,-1,ok,0,0,0,0,2531,1
3,30,444980,608103,2053,260,2270,0.506407,0.441016,2302,-1,ok,0,0,0,0,2301,1
3,31,625582,540051,1625,206,2236,0.506227,0.373051,1798,-1,ok,0,0,0,0,1797,1
3,32,525321,196202,1187,150,1167,0.312858,0.276663,1308,-1,ok,0,0,0,0,1307,1
3,33,478182,565842,1838,232,1646,0.379223,0.412945,2059,-1,ok,0,0,0,0,2058,1
3,34,537719,542421,274,36,416,0.114051,0.089665,309,-1,ok,0,0,0,0,308,1
3,35,606091,561377,46,6,33,0.011551,0.026098,59,-1,ok,0,0,0,0,58,1
3,36,540484,237922,578,73,673,0.175915,0.162932,643,-1,ok,0,0,0,0,642,1
3,37,916340,481104,632,80,800,0.203077,0.15677,707,-1,ok,0,0,0,0,706,1
3,38,547698,473617,2323,294,2068,0.455533,0.486351,2576,-1,ok,0,0,0,0,2575,1
3,39,503531,560189,206,27,235,0.073906,0.059561,229,-1,ok,0,0,0,0,228,1
3,40,528285,633179,2234,282,1879,0.408196,0.449001,2487,-1,ok,0,0,0,0,2486,1
3,41,528291,124629,1240,157,1232,0.316697,0.293202,1377,-1,ok,0,0,0,0,1376,1
3,42,218360,732318,1260,159,1760,0.390623,0.305375,1347,-1,ok,0,0,0,0,1346,1
3,43,673429,646337,1726,219,1713,0.380164,0.384953,1957,-1,ok,0,0,0,0,1956,1
3,44,677903,545932,2495,315,2263,0.530158,0.472353,2766,-1,ok,0,0,0,0,2765,1
3,45,599861,473157,116,16,219,0.078351,0.061184,141,-1,ok,0,0,0,0,140,1
3,46,771679,448047,942,119,1348,0.34007,0.246065,1087,-1,ok,0,0,0,0,1086,1
3,47,613652,373259,1541,194,2180,0.489425,0.38551,1692,-1,ok,0,0,0,0,1691,1
3,48,559115,582478,645,81,318,0.082663,0.235853,670,-1,ok,0,0,0,0,669,1
3,49,138045,605112,1531,194,2188,0.474796,0.38402,1702,-1,ok,0,0,0,0,1701,1
3,50,715274,544491,2277,288,2244,0.525563,0.457694,2522,-1,ok,0,0,0,0,2521,1
3,51,118518,621231,1297,164,1815,0.425227,0.310233,1472,-1,ok,0,0,0,0,1471,1
3,52,560125,876072,607,79,820,0.223487,0.158189,700,-1,ok,0,0,0,0,699,1
3,53,457330,549752,200,27,235,0.06798,0.057015,217,-1,ok,0,0,0,0,216,1
3,54,185650,870115,627,78,959,0.208162,0.188345,732,-1,ok,0,0,0,0,731,1
3,55,519871,693835,2142,270,1904,0.43184,0.441156,2387,-1,ok,0,0,0,0,2386,1
3,56,140914,484062,1346,171,1974,0.454191,0.31349,1535,-1,ok,0,0,0,0,1534,1
3,57,630216,170691,1277,162,1410,0.323943,0.288695,1448,-1,ok,0,0,0,0,1447,1
3,58,686374,577768,450,57,631,0.178349,0.12927,479,-1,ok,0,0,0,0,478,1
3,59,625714,607337,2167,274,1966,0.415894,0.45826,2426,-1,ok,0,0,0,0,2425,1
3,60,160386,877813,1001,125,1286,0.31307,0.306728,1138,-1,ok,0,0,0,0,1137,1
3,61,557207,713255,2128,270,1892,0.425623,0.434039,2387,-1,ok,0,0,0,0,2386,1
3,62,689095,577712,931,117,689,0.176977,0.229331,988,-1,ok,0,0,0,0,987,1
3,63,118518,543922,1546,195,2227,0.532096,0.349246,1737,-1,ok,0,0,0,0,1736,1
3,64,743230,714700,454,58,483,0.126305,0.131254,493,-1,ok,0,0,0,0,492,1
3,65,451281,500222,1729,219,1555,0.348676,0.397015,1962,-1,ok,0,0,0,0,1961,1
3,66,87326,638815,783,98,1003,0.236574,0.227707,914,-1,ok,0,0,0,0,913,1
3,67,873089,178288,543,69,650,0.170305,0.190909,644,-1,ok,0,0,0,0,643,1
3,68,540231,698411,324,40,448,0.115497,0.104821,343,-1,ok,0,0,0,0,342,1
3,69,608054,502046,428,54,512,0.119761,0.13468,469,-1,ok,0,0,0,0,468,1
3,70,551981,134941,1142,145,1026,0.244199,0.278522,1237,-1,ok,0,0,0,0,1236,1
3,71,463217,908917,606,78,744,0.177177,0.15251,693,-1,ok,0,0,0,0,692,1
3,72,633916,540912,2768,349,2215,0.498346,0.524258,3027,-1,ok,0,0,0,0,3026,1
3,73,797852,552425,1119,141,773,0.215528,0.269638,1172,-1,ok,0,0,0,0,1171,1
3,74,746160,847884,1478,186,1687,0.376533,0.336539,1639,-1,ok,0,0,0,0,1638,1
3,75,759766,548195,703,92,960,0.240476,0.185429,818,-1,ok,0,0,0,0,817,1
3,76,413741,394099,778,98,1220,0.29161,0.246487,841,-1,ok,0,0,0,0,840,1
3,77,913394,471896,1104,138,1504,0.347814,0.269067,1251,-1,ok,0,0,0,0,1250,1
3,78,652297,501706,101,13,188,0.060862,0.048549,106,-1,ok,0,0,0,0,105,1
3,79,528306,440834,2348,297,2076,0.481074,0.475008,2615,-1,ok,0,0,0,0,2614,1
3,80,579216,344905,687,87,1097,0.2978,0.203286,770,-1,ok,0,0,0,0,769,1
3,81,291425,565940,613,79,894,0.210066,0.182624,708,-1,ok,0,0,0,0,707,1
3,82,560203,166249,1334,169,1328,0.312906,0.3104,1527,-1,ok,0,0,0,0,1526,1
3,83,725367,601383,506,64,562,0.147788,0.134949,543,-1,ok,0,0,0,0,542,1
3,84,690950,626446,632,79,916,0.232069,0.157341,659,-1,ok,0,0,0,0,658,1
3,85,885107,623720,1723,217,1961,0.425857,0.36503,1910,-1,ok,0,0,0,0,1909,1
3,86,452862,582210,1864,236,1642,0.390082,0.396534,2107,-1,ok,0,0,0,0,2106,1
3,87,643668,475109,189,24,286,0.109579,0.059146,208,-1,ok,0,0,0,0,207,1
3,88,72436,674500,1030,130,1231,0.283075,0.257192,1145,-1,ok,0,0,0,0,1144,1
3,89,868641,853704,37,5,33,0.01106,0.027792,54,-1,ok,0,0,0,0,53,1
3,90,644709,548157,2038,258,1987,0.445895,0.444618,2293,-1,ok,0,0,0,0,2292,1
3,91,582005,373594,1217,157,1328,0.316105,0.311112,1368,-1,ok,0,0,0,0,1367,1
3,92,677416,621320,2042,258,1840,0.402799,0.419101,2255,-1,ok,0,0,0,0,2254,1
3,93,705859,580720,219,29,195,0.069695,0.061513,234,-1,ok,0,0,0,0,233,1
3,94,431412,580719,607,77,656,0.151921,0.161569,630,-1,ok,0,0,0,0,629,1
3,95,437348,552419,661,84,765,0.184495,0.182639,688,-1,ok,0,0,0,0,687,1
3,96,758271,503460,743,95,1001,0.241189,0.173861,826,-1,ok,0,0,0,0,825,1
3,97,868701,479347,1176,150,1546,0.346903,0.290709,1343,-1,ok,0,0,0,0,1342,1
3,98,562097,501182,3169,400,2306,0.497839,0.64865,3438,-1,ok,0,0,0,0,3437,1
3,99,278199,257290,49,8,59,0.017132,0.036377,78,-1,ok,0,0,0,0,77,1
3,100,570049,534288,47,7,71,0.022601,0.038171,74,-1,ok,0,0,0,0,73,1
3,101,541954,728137,425,55,537,0.165487,0.112358,444,-1,ok,0,0,0,0,443,1
3,102,215378,85837,389,48,545,0.148446,0.121074,458,-1,ok,0,0,0,0,457,1
3,103,589928,544726,2226,282,1995,0.435106,0.467406,2497,-1,ok,0,0,0,0,2496,1
3,104,541522,549453,805,101,786,0.245987,0.176294,838,-1,ok,0,0,0,0,837,1
3,105,502684,483770,978,123,883,0.212213,0.250333,1035,-1,ok,0,0,0,0,1034,1
3,106,185739,464682,1225,156,1840,0.423003,0.332656,1410,-1,ok,0,0,0,0,1409,1
3,107,564997,595611,2276,286,1690,0.38265,0.511767,2531,-1,ok,0,0,0,0,2530,1
3,108,589155,636201,2476,312,1864,0.436158,0.491219,2715,-1,ok,0,0,0,0,2714,1
3,109,531285,901687,2128,267,1819,0.427413,0.455353,2343,-1,ok,0,0,0,0,2342,1
3,110,732706,576220,224,28,186,0.064511,0.057466,245,-1,ok,0,0,0,0,244,1
3,111,109733,638731,1000,128,1212,0.281723,0.288061,1141,-1,ok,0,0,0,0,1140,1
3,112,662568,191645,835,107,1071,0.25389,0.186034,918,-1,ok,0,0,0,0,917,1
3,113,374965,759941,1238,156,1699,0.398709,0.290547,1415,-1,ok,0,0,0,0,1414,1
3,114,719164,27693,1169,149,1352,0.327024,0.316396,1310,-1,ok,0,0,0,0,1309,1
3,115,752294,934231,163,21,190,0.057236,0.079377,180,-1,ok,0,0,0,0,179,1
3,116,655535,844782,573,75,784,0.18465,0.157,682,-1,ok,0,0,0,0,681,1
3,117,474798,607811,1695,215,1922,0.454862,0.370806,1934,-1,ok,0,0,0,0,1933,1
3,118,913321,352359,1830,231,2214,0.508181,0.471432,2077,-1,ok,0,0,0,0,2076,1
3,119,458475,638815,192,25,316,0.098512,0.07025,217,-1,ok,0,0,0,0,216,1
3,120,185587,899904,797,101,1132,0.277984,0.247757,944,-1,ok,0,0,0,0,943,1
3,121,660993,722496,1439,182,1462,0.328447,0.319712,1578,-1,ok,0,0,0,0,1577,1
3,122,587664,590978,396,50,408,0.121074,0.095767,411,-1,ok,0,0,0,0,410,1
3,123,227425,627948,1391,176,2113,0.450964,0.321585,1498,-1,ok,0,0,0,0,1497,1
3,124,404568,507174,380,48,411,0.127776,0.146589,401,-1,ok,0,0,0,0,400,1
3,125,234885,555140,1077,136,1427,0.312309,0.252828,1178,-1,ok,0,0,0,0,1177,1
3,126,379198,738927,1657,209,1479,0.33425,0.362329,1836,-1,ok,0,0,0,0,1835,1
3,127,516377,549670,2291,289,1956,0.456885,0.450414,2538,-1,ok,0,0,0,0,2537,1
3,128,346621,479141,772,98,1173,0.302389,0.208976,845,-1,ok,0,0,0,0,844,1
3,129,380939,508659,970,123,1457,0.330431,0.213986,1039,-1,ok,0,0,0,0,1038,1
3,130,549667,582479,32,4,24,0.009367,0.024706,39,-1,ok,0,0,0,0,38,1
3,131,231944,556389,1377,174,2073,0.452579,0.289866,1496,-1,ok,0,0,0,0,1495,1
3,132,444980,143997,639,81,694,0.190043,0.155007,742,-1,ok,0,0,0,0,741,1
3,133,553121,561095,2824,356,1998,0.439423,0.587096,3099,-1,ok,0,0,0,0,3098,1
3,134,557186,599599,2595,328,2311,0.517397,0.519643,2862,-1,ok,0,0,0,0,2861,1
3,135,752223,476482,939,119,1308,0.31808,0.296909,1062,-1,ok,0,0,0,0,1061,1
3,136,668229,470670,2659,335,2008,0.453941,0.534008,2914,-1,ok,0,0,0,0,2913,1
3,137,328875,564452,195,27,322,0.100186,0.095055,252,-1,ok,0,0,0,0,251,1
3,138,642157,729840,1731,219,1760,0.382848,0.411993,1960,-1,ok,0,0,0,0,1959,1
3,139,90305,752572,987,124,1226,0.309954,0.267144,1140,-1,ok,0,0,0,0,1139,1
3,140,540469,868590,1095,139,1565,0.374373,0.28632,1286,-1,ok,0,0,0,0,1285,1
3,141,554237,542468,341,44,508,0.132266,0.131672,370,-1,ok,0,0,0,0,369,1
3,142,552875,544670,2521,318,2064,0.44298,0.490797,2802,-1,ok,0,0,0,0,2801,1
3,143,489779,135045,582,74,717,0.197437,0.165546,697,-1,ok,0,0,0,0,696,1
3,144,684986,321427,899,114,1208,0.309123,0.215268,998,-1,ok,0,0,0,0,997,1
3,145,551199,39629,1264,160,1339,0.319551,0.304724,1433,-1,ok,0,0,0,0,1432,1
3,146,161784,518507,1403,178,2105,0.450615,0.35648,1598,-1,ok,0,0,0,0,1597,1
3,147,916310,555655,611,78,681,0.181185,0.148123,696,-1,ok,0,0,0,0,695,1
3,148,358724,558670,1036,132,1428,0.31853,0.245964,1177,-1,ok,0,0,0,0,1176,1
3,149,491303,659590,417,53,520,0.133376,0.133647,430,-1,ok,0,0,0,0,429,1
3,150,551910,879052,1906,240,1561,0.337996,0.398257,2095,-1,ok,0,0,0,0,2094,1
3,151,548928,513895,2545,321,1978,0.440226,0.480679,2794,-1,ok,0,0,0,0,2793,1
3,152,544907,516738,841,107,1240,0.335591,0.221138,980,-1,ok,0,0,0,0,979,1
3,153,596621,550078,3073,387,2367,0.5616,0.573511,3338,-1,ok,0,0,0,0,3337,1
3,154,457377,679268,965,123,962,0.233662,0.272325,1098,-1,ok,0,0,0,0,1097,1
3,155,888007,738901,148,18,209,0.057556,0.064878,181,-1,ok,0,0,0,0,180,1
3,156,557446,245356,1550,195,1135,0.310644,0.376026,1723,-1,ok,0,0,0,0,1722,1
3,157,269058,233403,285,36,302,0.088683,0.087492,320,-1,ok,0,0,0,0,319,1
3,158,561143,482354,629,80,849,0.197395,0.173711,656,-1,ok,0,0,0,0,655,1
3,159,476616,512534,204,27,332,0.08605,0.109492,259,-1,ok,0,0,0,0,258,1
3,160,651112,289929,1373,174,1447,0.32952,0.312818,1564,-1,ok,0,0,0,0,1563,1
3,161,728484,372110,264,34,310,0.10284,0.08686,283,-1,ok,0,0,0,0,282,1
3,162,569402,643340,2200,278,1714,0.377309,0.487292,2465,-1,ok,0,0,0,0,2464,1
3,163,148333,409238,245,33,297,0.089405,0.105104,292,-1,ok,0,0,0,0,291,1
3,164,464750,373454,1640,209,1489,0.33954,0.362049,1861,-1,ok,0,0,0,0,1860,1
3,165,355695,858397,800,101,1144,0.286841,0.236568,897,-1,ok,0,0,0,0,896,1
3,166,671610,490121,1975,250,2146,0.477083,0.433452,2204,-1,ok,0,0,0,0,2203,1
3,167,620032,817899,1017,131,901,0.216631,0.228543,1146,-1,ok,0,0,0,0,1145,1
3,168,475138,561483,915,116,992,0.224226,0.224255,1028,-1,ok,0,0,0,0,1027,1
3,169,677523,564943,2418,306,2354,0.517898,0.466864,2671,-1,ok,0,0,0,0,2670,1
3,170,547139,894242,1009,130,719,0.184129,0.276592,1124,-1,ok,0,0,0,0,1123,1
3,171,513656,703356,1488,190,1790,0.400622,0.332956,1675,-1,ok,0,0,0,0,1674,1
3,172,561653,646343,1780,225,1717,0.398657,0.433,1999,-1,ok,0,0,0,0,1998,1
3,173,452860,580211,2703,341,2302,0.516345,0.59502,2974,-1,ok,0,0,0,0,2973,1
3,174,457346,589806,992,126,981,0.253718,0.244443,1113,-1,ok,0,0,0,0,1112,1
3,175,125970,564306,414,54,634,0.150778,0.147743,503,-1,ok,0,0,0,0,502,1
3,176,432903,536123,1450,183,1408,0.330171,0.368852,1593,-1,ok,0,0,0,0,1592,1
3,177,586708,335970,692,88,1115,0.282784,0.234904,725,-1,ok,0,0,0,0,724,1
3,178,127595,700137,422,53,523,0.118991,0.166156,471,-1,ok,0,0,0,0,470,1
3,179,538665,123021,1064,135,1033,0.233392,0.241837,1155,-1,ok,0,0,0,0,1154,1
3,180,352712,882018,430,55,620,0.165727,0.154886,517,-1,ok,0,0,0,0,516,1
3,181,570105,642882,409,50,504,0.147903,0.118639,418,-1,ok,0,0,0,0,417,1
3,182,236454,64964,158,20,280,0.072173,0.08081,191,-1,ok,0,0,0,0,190,1
3,183,547182,801522,1262,161,887,0.198148,0.290817,1391,-1,ok,0,0,0,0,1390,1
3,184,684920,553657,177,22,160,0.049963,0.063437,192,-1,ok,0,0,0,0,191,1
3,185,552875,351270,1255,158,1067,0.240437,0.256062,1402,-1,ok,0,0,0,0,1401,1
3,186,492765,584268,2039,257,2299,0.540822,0.450012,2278,-1,ok,0,0,0,0,2277,1
3,187,155792,743182,560,72,873,0.223053,0.170897,615,-1,ok,0,0,0,0,614,1
3,188,433249,556063,1470,186,2192,0.473588,0.317719,1601,-1,ok,0,0,0,0,1600,1
3,189,675909,548947,322,41,431,0.115213,0.105704,343,-1,ok,0,0,0,0,342,1
3,190,801727,652069,1904,240,1945,0.411491,0.423044,2131,-1,ok,0,0,0,0,2130,1
3,191,424436,194685,1235,156,1156,0.281372,0.301629,1408,-1,ok,0,0,0,0,1407,1
3,192,568596,520838,78,11,157,0.052476,0.050524,103,-1,ok,0,0,0,0,102,1
3,193,537052,487130,2582,325,2119,0.469529,0.496937,2829,-1,ok,0,0,0,0,2828,1
3,194,287117,597610,1357,171,2073,0.48149,0.284816,1512,-1,ok,0,0,0,0,1511,1
3,195,734217,369103,902,115,1280,0.321455,0.244112,1035,-1,ok,0,0,0,0,1034,1
3,196,609326,594424,18,4,13,0.006351,0.022091,43,-1,ok,0,0,0,0,42,1
3,197,555356,373478,150,19,243,0.068867,0.051305,175,-1,ok,0,0,0,0,174,1
3,198,538782,596393,2887,364,2411,0.542935,0.556119,3150,-1,ok,0,0,0,0,3149,1
3,199,853804,764242,234,31,259,0.086931,0.054572,245,-1,ok,0,0,0,0,244,1
3,200,546144,731449,1563,198,1463,0.336263,0.34085,1724,-1,ok,0,0,0,0,1723,1
3,201,546580,470520,70,10,49,0.013035,0.044,85,-1,ok,0,0,0,0,84,1
3,202,587180,610058,2820,356,2305,0.499533,0.55624,3097,-1,ok,0,0,0,0,3096,1
3,203,554148,555672,34,5,35,0.013414,0.024174,47,-1,ok,0,0,0,0,46,1
3,204,618603,576023,2630,332,1979,0.461513,0.48636,2897,-1,ok,0,0,0,0,2896,1
3,205,111185,663982,1131,143,1396,0.354547,0.290107,1290,-1,ok,0,0,0,0,1289,1
3,206,558415,519079,908,115,1316,0.311577,0.242058,959,-1,ok,0,0,0,0,958,1
3,207,273703,668225,1512,191,2244,0.503271,0.325632,1627,-1,ok,0,0,0,0,1626,1
3,208,342313,675920,1135,144,1599,0.366427,0.258677,1258,-1,ok,0,0,0,0,1257,1
3,209,455838,475237,29,4,17,0.007433,0.026299,46,-1,ok,0,0,0,0,45,1
3,210,407548,553070,2852,359,2373,0.538296,0.55135,3099,-1,ok,0,0,0,0,3098,1
3,211,504813,914851,324,41,445,0.143867,0.165295,391,-1,ok,0,0,0,0,390,1
3,212,547561,230431,1222,156,1093,0.261525,0.253127,1331,-1,ok,0,0,0,0,1330,1
3,213,466238,312299,1571,199,1457,0.341993,0.362731,1760,-1,ok,0,0,0,0,1759,1
3,214,234897,536226,1213,154,1808,0.402073,0.32422,1408,-1,ok,0,0,0,0,1407,1
3,215,580756,561650,1750,221,1947,0.453209,0.395382,1965,-1,ok,0,0,0,0,1964,1
3,216,744886,554466,1138,145,1693,0.406672,0.24297,1257,-1,ok,0,0,0,0,1256,1
3,217,864144,644857,1147,146,1687,0.392768,0.320193,1316,-1,ok,0,0,0,0,1315,1
3,218,155929,549165,1194,151,1507,0.339607,0.287933,1327,-1,ok,0,0,0,0,1326,1
3,219,734340,664355,1063,134,1422,0.349066,0.282252,1176,-1,ok,0,0,0,0,1175,1
3,220,483567,570424,1455,183,1421,0.340713,0.341051,1604,-1,ok,0,0,0,0,1603,1
3,221,639206,652049,2073,262,1951,0.442329,0.423594,2314,-1,ok,0,0,0,0,2313,1
3,222,93334,537056,1452,183,2013,0.459532,0.340801,1593,-1,ok,0,0,0,0,1592,1
3,223,603581,431982,437,56,542,0.144677,0.137084,474,-1,ok,0,0,0,0,473,1
3,224,439095,658592,1491,188,1821,0.403877,0.325101,1688,-1,ok,0,0,0,0,1687,1
3,225,814923,899971,128,18,184,0.056846,0.046556,165,-1,ok,0,0,0,0,164,1
3,226,498998,590659,2587,327,2303,0.487081,0.508481,2864,-1,ok,0,0,0,0,2863,1
3,227,559098,530053,2275,287,1596,0.385192,0.473717,2514,-1,ok,0,0,0,0,2513,1
3,228,549050,87356,1368,172,1273,0.306176,0.314401,1505,-1,ok,0,0,0,0,1504,1
3,229,507967,791931,2780,351,2382,0.541161,0.597195,3043,-1,ok,0,0,0,0,3042,1
3,230,403304,932996,1476,185,1844,0.424215,0.392947,1651,-1,ok,0,0,0,0,1650,1
3,231,779288,400102,1980,248,2166,0.476642,0.44827,2177,-1,ok,0,0,0,0,2176,1
3,232,115537,717680,835,108,1167,0.278415,0.229684,928,-1,ok,0,0,0,0,927,1
3,233,625715,531035,2478,313,2259,0.506778,0.494014,2747,-1,ok,0,0,0,0,2746,1
3,234,12779,392632,1393,176,1843,0.454492,0.379974,1536,-1,ok,0,0,0,0,1535,1
3,235,491073,550893,600,75,668,0.188218,0.184952,655,-1,ok,0,0,0,0,654,1
3,236,544640,612058,608,77,671,0.186734,0.139678,643,-1,ok,0,0,0,0,642,1
3,237,349394,221491,1219,154,1088,0.25393,0.325844,1310,-1,ok,0,0,0,0,1309,1
3,238,643343,800035,1098,138,1515,0.377689,0.301177,1251,-1,ok,0,0,0,0,1250,1
3,239,466292,494384,1056,133,1015,0.253069,0.283384,1173,-1,ok,0,0,0,0,1172,1
3,240,263294,711941,727,92,1025,0.234434,0.258589,812,-1,ok,0,0,0,0,811,1
3,241,540708,407534,2386,301,2163,0.477424,0.568462,2657,-1,ok,0,0,0,0,2656,1
3,242,407548,728111,217,29,308,0.097981,0.122386,236,-1,ok,0,0,0,0,235,1
3,243,495501,485664,2437,307,2164,0.454471,0.625097,2682,-1,ok,0,0,0,0,2681,1
3,244,720906,179696,594,77,707,0.192167,0.185472,661,-1,ok,0,0,0,0,660,1
3,245,650350,482575,2675,337,2036,0.453259,0.537976,2930,-1,ok,0,0,0,0,2929,1
3,246,638652,817933,1535,193,1519,0.376315,0.319763,1702,-1,ok,0,0,0,0,1701,1
3,247,548934,567346,842,107,763,0.186866,0.186434,893,-1,ok,0,0,0,0,892,1
3,248,573392,445311,937,118,1364,0.337715,0.235295,1048,-1,ok,0,0,0,0,1047,1
3,249,791829,669974,699,88,450,0.110243,0.209157,728,-1,ok,0,0,0,0,727,1
3,250,181289,193174,55,7,39,0.01075,0.033823,80,-1,ok,0,0,0,0,79,1
3,251,734304,877601,1239,155,1586,0.366588,0.306357,1382,-1,ok,0,0,0,0,1381,1
3,252,541771,272040,815,105,966,0.244242,0.202445,900,-1,ok,0,0,0,0,899,1
3,253,555426,520840,632,80,823,0.210389,0.188839,675,-1,ok,0,0,0,0,674,1
3,254,554148,468913,1653,209,1537,0.356208,0.602776,1872,-1,ok,0,0,0,0,1871,1
3,255,407897,554527,1448,183,2160,1.13768,0.771357,1595,-1,ok,0,0,0,0,1594,1
3,256,476137,886494,1697,214,1591,1.10526,0.656957,1892,-1,ok,0,0,0,0,1891,1
3,257,647690,523082,2414,306,2326,0.675529,0.496088,2677,-1,ok,0,0,0,0,2676,1
3,258,841766,458240,1678,212,2126,0.496971,0.415779,1893,-1,ok,0,0,0,0,1892,1
3,259,462910,637233,417,53,524,0.160826,0.131904,448,-1,ok,0,0,0,0,447,1
3,260,536976,551877,19,4,16,0.006512,0.024515,34,-1,ok,0,0,0,0,33,1
3,261,42610,554524,1736,219,2336,0.508591,0.423233,1917,-1,ok,0,0,0,0,1916,1
3,262,613794,229015,1113,140,1148,0.286862,0.27027,1260,-1,ok,0,0,0,0,1259,1
3,263,786608,624950,1914,241,2327,0.522808,0.431257,2109,-1,ok,0,0,0,0,2108,1
3,264,412226,542166,1648,208,2039,0.470892,0.416381,1869,-1,ok,0,0,0,0,1868,1
3,265,578007,584682,2557,323,2309,0.509182,0.490096,2818,-1,ok,0,0,0,0,2817,1
3,266,129099,357177,198,26,295,0.090285,0.109563,243,-1,ok,0,0,0,0,242,1
3,267,670451,218543,1088,138,1132,0.258439,0.266954,1237,-1,ok,0,0,0,0,1236,1
3,268,636901,562811,880,109,681,0.16858,0.185704,919,-1,ok,0,0,0,0,918,1
3,269,161898,720900,750,95,1026,0.235505,0.300045,857,-1,ok,0,0,0,0,856,1
3,270,536127,726744,1037,132,1587,0.362852,0.307608,1174,-1,ok,0,0,0,0,1173,1
3,271,182733,659592,907,115,1192,0.277815,0.221019,1012,-1,ok,0,0,0,0,1011,1
3,272,557521,334467,2898,365,2221,0.485108,0.821922,3185,-1,ok,0,0,0,0,3184,1
3,273,550876,844900,1310,166,1689,0.419455,0.446967,1495,-1,ok,0,0,0,0,1494,1
3,274,442000,527458,1850,234,2165,0.477131,0.468417,2085,-1,ok,0,0,0,0,2084,1
3,275,163378,695363,985,126,1263,0.305245,0.239283,1120,-1,ok,0,0,0,0,1119,1
3,276,469207,449288,2393,302,2134,0.460732,0.547303,2644,-1,ok,0,0,0,0,2643,1
3,277,621533,503471,384,49,313,0.093003,0.12416,415,-1,ok,0,0,0,0,414,1
3,278,584186,780781,627,79,671,0.159587,0.138126,690,-1,ok,0,0,0,0,689,1
3,279,537110,215501,1213,154,1078,0.24275,0.315594,1316,-1,ok,0,0,0,0,1315,1
3,280,552659,521369,42,7,75,0.024034,0.051345,63,-1,ok,0,0,0,0,62,1
3,281,470354,521484,1808,229,2135,0.46941,0.369143,2049,-1,ok,0,0,0,0,2048,1
3,282,779294,490035,423,54,555,0.165866,0.121454,468,-1,ok,0,0,0,0,467,1
3,283,856695,383684,1735,217,2179,0.48118,0.400911,1908,-1,ok,0,0,0,0,1907,1
3,284,856911,565634,2043,257,2022,0.449893,0.452348,2270,-1,ok,0,0,0,0,2269,1
3,285,226029,617772,1109,141,1426,0.350729,0.265772,1236,-1,ok,0,0,0,0,1235,1
3,286,273528,498716,214,28,199,0.056082,0.077704,265,-1,ok,0,0,0,0,264,1
3,287,585019,659525,120,17,174,0.044673,0.074929,147,-1,ok,0,0,0,0,146,1
3,288,714688,746144,256,32,349,0.085648,0.081853,279,-1,ok,0,0,0,0,278,1
3,289,487154,401935,1115,141,1038,0.228302,0.247207,1230,-1,ok,0,0,0,0,1229,1
3,290,558487,858169,252,33,254,0.074588,0.138236,349,-1,ok,0,0,0,0,348,1
3,291,574271,660088,2395,302,1817,0.408327,0.457687,2612,-1,ok,0,0,0,0,2611,1
3,292,41143,546444,721,91,757,0.200461,0.26522,836,-1,ok,0,0,0,0,835,1
3,293,760001,646214,1715,217,1861,0.40478,0.371307,1922,-1,ok,0,0,0,0,1921,1
3,294,185761,377965,506,64,583,0.156378,0.139086,603,-1,ok,0,0,0,0,602,1
3,295,604576,736790,940,119,1399,0.325351,0.277852,983,-1,ok,0,0,0,0,982,1
3,296,604356,279676,1122,143,1165,0.285678,0.250444,1233,-1,ok,0,0,0,0,1232,1
3,297,467430,178127,281,38,418,0.112408,0.103271,336,-1,ok,0,0,0,0,335,1
3,298,473402,701873,1457,185,1783,0.420678,0.316465,1642,-1,ok,0,0,0,0,1641,1
3,299,546168,470167,91,12,120,0.047038,0.058257,110,-1,ok,0,0,0,0,109,1
4,0,515417,637366,1801,115,625,0.175745,0.634062,2378,-1,ok,0,0,0,0,2377,1
4,1,221578,683609,709,45,359,0.097189,0.217712,860,-1,ok,0,0,0,0,859,1
4,2,566063,455879,224,15,132,0.03754,0.114794,285,-1,ok,0,0,0,0,284,1
4,3,364509,251282,377,25,181,0.060952,0.143816,464,-1,ok,0,0,0,0,463,1
4,4,713214,541596,268,18,120,0.027802,0.099114,307,-1,ok,0,0,0,0,306,1
4,5,708892,372109,865,55,449,0.101627,0.261553,1150,-1,ok,0,0,0,0,1149,1
4,6,549730,910635,485,33,239,0.06438,0.171757,612,-1,ok,0,0,0,0,611,1
4,7,428575,333335,686,44,270,0.077093,0.194509,883,-1,ok,0,0,0,0,882,1
4,8,103741,529812,1209,75,543,0.125843,0.357883,1504,-1,ok,0,0,0,0,1503,1
4,9,504438,99296,1284,79,451,0.112398,0.341781,1591,-1,ok,0,0,0,0,1590,1
4,10,503002,473385,659,42,288,0.077875,0.18911,836,-1,ok,0,0,0,0,835,1
4,11,594375,693937,1954,125,675,0.169133,0.474318,2561,-1,ok,0,0,0,0,2560,1
4,12,184179,575147,1336,86,712,0.171999,0.397294,1709,-1,ok,0,0,0,0,1708,1
4,13,84373,731343,822,53,382,0.103301,0.248309,1085,-1,ok,0,0,0,0,1084,1
4,14,533139,449475,806,52,378,0.093053,0.209266,1035,-1,ok,0,0,0,0,1034,1
4,15,800775,353868,725,47,173,0.060612,0.267805,796,-1,ok,0,0,0,0,795,1
4,16,580536,834346,1638,102,542,0.14592,0.373161,2091,-1,ok,0,0,0,0,2090,1
4,17,705977,179642,451,29,198,0.061483,0.169074,560,-1,ok,0,0,0,0,559,1
4,18,591189,502974,573,36,262,0.068628,0.172208,654,-1,ok,0,0,0,0,653,1
4,19,696806,606078,410,25,174,0.045082,0.099353,493,-1,ok,0,0,0,0,492,1
4,20,649644,351270,898,59,398,0.094144,0.228362,1189,-1,ok,0,0,0,0,1188,1
4,21,364679,647787,786,50,384,0.109164,0.211159,1079,-1,ok,0,0,0,0,1078,1
4,22,236480,558798,1348,87,718,0.167599,0.353094,1749,-1,ok,0,0,0,0,1748,1
4,23,429002,590281,593,40,224,0.06433,0.249863,734,-1,ok,0,0,0,0,733,1
4,24,732327,437963,2826,178,781,0.186336,0.590853,3415,-1,ok,0,0,0,0,3414,1
4,25,695045,573533,2638,167,689,0.172078,0.512078,3199,-1,ok,0,0,0,0,3198,1
4,26,653917,554134,819,54,399,0.11427,0.231727,1106,-1,ok,0,0,0,0,1105,1
4,27,591152,758487,1441,92,622,0.1462,0.365887,1854,-1,ok,0,0,0,0,1853,1
4,28,530231,797885,2838,179,858,0.190433,0.681752,3463,-1,ok,0,0,0,0,3462,1
4,29,461730,614781,2269,144,718,0.17908,0.534028,2902,-1,ok,0,0,0,0,2901,1
4,30,444980,608103,2053,132,812,0.196414,0.460391,2554,-1,ok,0,0,0,0,2553,1
4,31,625582,540051,1625,101,806,0.198267,0.343876,1966,-1,ok,0,0,0,0,1965,1
4,32,525321,196202,1187,74,414,0.109432,0.28582,1450,-1,ok,0,0,0,0,1449,1
4,33,478182,565842,1838,119,595,0.147963,0.419045,2339,-1,ok,0,0,0,0,2338,1
4,34,537719,542421,274,20,148,0.053367,0.103512,355,-1,ok,0,0,0,0,354,1
4,35,606091,561377,46,4,13,0.005189,0.051113,91,-1,ok,0,0,0,0,90,1
4,36,540484,237922,578,37,240,0.056374,0.161939,685,-1,ok,0,0,0,0,684,1
4,37,916340,481104,632,41,279,0.088353,0.156209,781,-1,ok,0,0,0,0,780,1
4,38,547698,473617,2323,147,733,0.164133,0.523289,2922,-1,ok,0,0,0,0,2921,1
4,39,503531,560189,206,15,78,0.02723,0.098923,263,-1,ok,0,0,0,0,262,1
4,40,528285,633179,2234,140,676,0.14531,0.485247,2799,-1,ok,0,0,0,0,2798,1
4,41,528291,124629,1240,77,429,0.117767,0.306367,1555,-1,ok,0,0,0,0,1554,1
4,42,218360,732318,1260,78,629,0.152091,0.306497,1439,-1,ok,0,0,0,0,1438,1
4,43,673429,646337,1726,112,626,0.150168,0.417703,2239,-1,ok,0,0,0,0,2238,1
4,44,677903,545932,2495,158,814,0.186736,0.545297,3118,-1,ok,0,0,0,0,3117,1
4,45,599861,473157,116,9,68,0.019756,0.071772,173,-1,ok,0,0,0,0,172,1
4,46,771679,448047,942,59,484,0.131645,0.262315,1215,-1,ok,0,0,0,0,1214,1
4,47,613652,373259,1541,95,790,0.176397,0.37343,1890,-1,ok,0,0,0,0,1889,1
4,48,559115,582478,645,41,116,0.022531,0.21622,696,-1,ok,0,0,0,0,695,1
4,49,138045,605112,1531,99,791,0.1893,0.377428,1984,-1,ok,0,0,0,0,1983,1
4,50,715274,544491,2277,144,808,0.184912,0.487381,2826,-1,ok,0,0,0,0,2825,1
4,51,118518,621231,1297,84,652,0.181637,0.311426,1692,-1,ok,0,0,0,0,1691,1
4,52,560125,876072,607,41,295,0.084456,0.192767,820,-1,ok,0,0,0,0,819,1
4,53,457330,549752,200,14,78,0.019134,0.051896,235,-1,ok,0,0,0,0,234,1
4,54,185650,870115,627,40,358,0.083947,0.2166,876,-1,ok,0,0,0,0,875,1
4,55,519871,693835,2142,135,696,0.156861,0.472104,2755,-1,ok,0,0,0,0,2754,1
4,56,140914,484062,1346,86,698,0.178819,0.316567,1725,-1,ok,0,0,0,0,1724,1
4,57,630216,170691,1277,83,519,0.126885,0.306908,1684,-1,ok,0,0,0,0,1683,1
4,58,686374,577768,450,27,197,0.058669,0.140649,523,-1,ok,0,0,0,0,522,1
4,59,625714,607337,2167,136,716,0.155918,0.462295,2762,-1,ok,0,0,0,0,2761,1
4,60,160386,877813,1001,63,476,0.12429,0.277443,1276,-1,ok,0,0,0,0,1275,1
4,61,557207,713255,2128,135,692,0.157021,0.467295,2729,-1,ok,0,0,0,0,2728,1
4,62,689095,577712,931,57,227,0.090869,0.202957,1024,-1,ok,0,0,0,0,1023,1
4,63,118518,543922,1546,100,795,0.173301,0.361088,1963,-1,ok,0,0,0,0,1962,1
4,64,743230,714700,454,28,172,0.05419,0.157432,557,-1,ok,0,0,0,0,556,1
4,65,451281,500222,1729,111,572,0.12865,0.393919,2226,-1,ok,0,0,0,0,2225,1
4,66,87326,638815,783,50,365,0.109293,0.248842,1058,-1,ok,0,0,0,0,1057,1
4,67,873089,178288,543,34,244,0.063648,0.187507,774,-1,ok,0,0,0,0,773,1
4,68,540231,698411,324,20,144,0.040406,0.102769,377,-1,ok,0,0,0,0,376,1
4,69,608054,502046,428,29,187,0.044462,0.137705,507,-1,ok,0,0,0,0,506,1
4,70,551981,134941,1142,70,355,0.096198,0.284265,1359,-1,ok,0,0,0,0,1358,1
4,71,463217,908917,606,40,265,0.073025,0.158011,767,-1,ok,0,0,0,0,766,1
4,72,633916,540912,2768,175,790,0.170826,0.553124,3367,-1,ok,0,0,0,0,3366,1
4,73,797852,552425,1119,70,252,0.086771,0.243781,1192,-1,ok,0,0,0,0,1191,1
4,74,746160,847884,1478,94,605,0.143176,0.349777,1895,-1,ok,0,0,0,0,1894,1
4,75,759766,548195,703,48,359,0.094425,0.189942,952,-1,ok,0,0,0,0,951,1
4,76,413741,394099,778,48,440,0.104315,0.244211,957,-1,ok,0,0,0,0,956,1
4,77,913394,471896,1104,70,549,0.13014,0.292923,1441,-1,ok,0,0,0,0,1440,1
4,78,652297,501706,101,7,66,0.017341,0.051786,124,-1,ok,0,0,0,0,123,1
4,79,528306,440834,2348,148,739,0.170625,0.51857,2953,-1,ok,0,0,0,0,2952,1
4,80,579216,344905,687,41,377,0.111636,0.174592,798,-1,ok,0,0,0,0,797,1
4,81,291425,565940,613,39,324,0.079637,0.18941,772,-1,ok,0,0,0,0,771,1
4,82,560203,166249,1334,87,483,0.109853,0.312969,1765,-1,ok,0,0,0,0,1764,1
4,83,725367,601383,506,31,202,0.060192,0.134839,587,-1,ok,0,0,0,0,586,1
4,84,690950,626446,632,39,311,0.076562,0.154425,661,-1,ok,0,0,0,0,660,1
4,85,885107,623720,1723,107,713,0.185583,0.391874,2172,-1,ok,0,0,0,0,2171,1
4,86,452862,582210,1864,120,601,0.148634,0.438572,2379,-1,ok,0,0,0,0,2378,1
4,87,643668,475109,189,13,98,0.02622,0.118878,286,-1,ok,0,0,0,0,285,1
4,88,72436,674500,1030,65,452,0.096258,0.263646,1333,-1,ok,0,0,0,0,1332,1
4,89,868641,853704,37,3,13,0.005681,0.036176,70,-1,ok,0,0,0,0,69,1
4,90,644709,548157,2038,129,709,0.17813,0.4596,2603,-1,ok,0,0,0,0,2602,1
4,91,582005,373594,1217,76,445,0.122756,0.295797,1508,-1,ok,0,0,0,0,1507,1
4,92,677416,621320,2042,128,663,0.154525,0.428744,2543,-1,ok,0,0,0,0,2542,1
4,93,705859,580720,219,15,71,0.01645,0.089023,292,-1,ok,0,0,0,0,291,1
4,94,431412,580719,607,38,220,0.049141,0.16183,674,-1,ok,0,0,0,0,673,1
4,95,437348,552419,661,40,246,0.061044,0.165255,728,-1,ok,0,0,0,0,727,1
4,96,758271,503460,743,49,367,0.09254,0.172349,944,-1,ok,0,0,0,0,943,1
4,97,868701,479347,1176,77,572,0.132056,0.284536,1535,-1,ok,0,0,0,0,1534,1
4,98,562097,501182,3169,199,827,0.185242,0.660051,3788,-1,ok,0,0,0,0,3787,1
4,99,278199,257290,49,4,17,0.006161,0.076131,174,-1,ok,0,0,0,0,173,1
4,100,570049,534288,47,3,11,0.00546,0.034795,74,-1,ok,0,0,0,0,73,1
4,101,541954,728137,425,27,196,0.073267,0.110053,490,-1,ok,0,0,0,0,489,1
4,102,215378,85837,389,26,205,0.057618,0.114662,500,-1,ok,0,0,0,0,499,1
4,103,589928,544726,2226,141,730,0.158452,0.504614,2865,-1,ok,0,0,0,0,2864,1
4,104,541522,549453,805,49,252,0.082263,0.183439,858,-1,ok,0,0,0,0,857,1
4,105,502684,483770,978,61,302,0.075439,0.215989,1159,-1,ok,0,0,0,0,1158,1
4,106,185739,464682,1225,79,653,0.15035,0.346341,1612,-1,ok,0,0,0,0,1611,1
4,107,564997,595611,2276,144,616,0.143204,0.500024,2851,-1,ok,0,0,0,0,2850,1
4,108,589155,636201,2476,156,670,0.168001,0.494195,2997,-1,ok,0,0,0,0,2996,1
4,109,531285,901687,2128,132,650,0.166738,0.487321,2591,-1,ok,0,0,0,0,2590,1
4,110,732706,576220,224,13,57,0.014697,0.085539,269,-1,ok,0,0,0,0,268,1
4,111,109733,638731,1000,64,440,0.09285,0.288235,1337,-1,ok,0,0,0,0,1336,1
4,112,662568,191645,835,52,373,0.093352,0.200713,1042,-1,ok,0,0,0,0,1041,1
4,113,374965,759941,1238,79,610,0.143234,0.299123,1583,-1,ok,0,0,0,0,1582,1
4,114,719164,27693,1169,74,475,0.115564,0.308852,1490,-1,ok,0,0,0,0,1489,1
4,115,752294,934231,163,12,78,0.017664,0.087482,250,-1,ok,0,0,0,0,249,1
4,116,655535,844782,573,40,286,0.079807,0.166989,808,-1,ok,0,0,0,0,807,1
4,117,474798,607811,1695,108,688,0.154076,0.393628,2166,-1,ok,0,0,0,0,2165,1
4,118,913321,352359,1830,114,799,0.182147,0.505686,2431,-1,ok,0,0,0,0,2430,1
4,119,458475,638815,192,13,110,0.025497,0.107238,319,-1,ok,0,0,0,0,318,1
4,120,185587,899904,797,51,410,0.109071,0.245094,1170,-1,ok,0,0,0,0,1169,1
4,121,660993,722496,1439,89,520,0.120322,0.324159,1782,-1,ok,0,0,0,0,1781,1
4,122,587664,590978,396,25,130,0.045044,0.094836,413,-1,ok,0,0,0,0,412,1
4,123,227425,627948,1391,87,743,0.166348,0.308551,1644,-1,ok,0,0,0,0,1643,1
4,124,404568,507174,380,25,139,0.044431,0.147964,447,-1,ok,0,0,0,0,446,1
4,125,234885,555140,1077,66,511,0.109172,0.254613,1324,-1,ok,0,0,0,0,1323,1
4,126,379198,738927,1657,103,527,0.120794,0.379883,2060,-1,ok,0,0,0,0,2059,1
4,127,516377,549670,2291,144,695,0.179483,0.499834,2868,-1,ok,0,0,0,0,2867,1
4,128,346621,479141,772,48,438,0.120374,0.21595,961,-1,ok,0,0,0,0,960,1
4,129,380939,508659,970,60,524,0.125322,0.222752,1155,-1,ok,0,0,0,0,1154,1
4,130,549667,582479,32,2,5,0.003106,0.024694,39,-1,ok,0,0,0,0,38,1
4,131,231944,556389,1377,86,730,0.164436,0.288934,1618,-1,ok,0,0,0,0,1617,1
4,132,444980,143997,639,41,238,0.066865,0.162921,806,-1,ok,0,0,0,0,805,1
4,133,553121,561095,2824,178,727,0.173992,0.620217,3477,-1,ok,0,0,0,0,3476,1
4,134,557186,599599,2595,165,832,0.208685,0.513039,3214,-1,ok,0,0,0,0,3213,1
4,135,752223,476482,939,59,458,0.142052,0.282884,1180,-1,ok,0,0,0,0,1179,1
4,136,668229,470670,2659,168,720,0.161499,0.574894,3244,-1,ok,0,0,0,0,3243,1
4,137,328875,564452,195,13,124,0.052769,0.096668,320,-1,ok,0,0,0,0,319,1
4,138,642157,729840,1731,111,641,0.139949,0.404589,2224,-1,ok,0,0,0,0,2223,1
4,139,90305,752572,987,64,457,0.128959,0.297248,1320,-1,ok,0,0,0,0,1319,1
4,140,540469,868590,1095,69,560,0.136894,0.29198,1496,-1,ok,0,0,0,0,1495,1
4,141,554237,542468,341,22,180,0.054812,0.149726,396,-1,ok,0,0,0,0,395,1
4,142,552875,544670,2521,159,733,0.154204,0.534839,3150,-1,ok,0,0,0,0,3149,1
4,143,489779,135045,582,38,268,0.093423,0.175103,767,-1,ok,0,0,0,0,766,1
4,144,684986,321427,899,57,411,0.097511,0.230004,1156,-1,ok,0,0,0,0,1155,1
4,145,551199,39629,1264,83,505,0.11882,0.344106,1743,-1,ok,0,0,0,0,1742,1
4,146,161784,518507,1403,91,747,0.170895,0.37738,1830,-1,ok,0,0,0,0,1829,1
4,147,916310,555655,611,40,246,0.070882,0.176176,826,-1,ok,0,0,0,0,825,1
4,148,358724,558670,1036,68,523,0.133276,0.243922,1355,-1,ok,0,0,0,0,1354,1
4,149,491303,659590,417,26,190,0.055232,0.125252,488,-1,ok,0,0,0,0,487,1
4,150,551910,879052,1906,118,554,0.128467,0.412915,2313,-1,ok,0,0,0,0,2312,1
4,151,548928,513895,2545,161,710,0.166828,0.5078,3124,-1,ok,0,0,0,0,3123,1
4,152,544907,516738,841,52,439,0.139428,0.214517,1092,-1,ok,0,0,0,0,1091,1
4,153,596621,550078,3073,194,847,0.199881,0.588309,3676,-1,ok,0,0,0,0,3675,1
4,154,457377,679268,965,63,349,0.112348,0.261543,1254,-1,ok,0,0,0,0,1253,1
4,155,888007,738901,148,10,78,0.017523,0.101056,315,-1,ok,0,0,0,0,314,1
4,156,557446,245356,1550,99,413,0.088823,0.35628,1943,-1,ok,0,0,0,0,1942,1
4,157,269058,233403,285,19,112,0.024896,0.098703,350,-1,ok,0,0,0,0,349,1
4,158,561143,482354,629,39,284,0.075711,0.17935,718,-1,ok,0,0,0,0,717,1
4,159,476616,512534,204,14,111,0.026399,0.110753,293,-1,ok,0,0,0,0,292,1
4,160,651112,289929,1373,90,535,0.115895,0.327196,1766,-1,ok,0,0,0,0,1765,1
4,161,728484,372110,264,17,118,0.025215,0.123749,333,-1,ok,0,0,0,0,332,1
4,162,569402,643340,2200,141,625,0.134538,0.467054,2811,-1,ok,0,0,0,0,2810,1
4,163,148333,409238,245,17,96,0.020149,0.113318,306,-1,ok,0,0,0,0,305,1
4,164,464750,373454,1640,106,548,0.128368,0.360066,2109,-1,ok,0,0,0,0,2108,1
4,165,355695,858397,800,51,437,0.112198,0.250383,997,-1,ok,0,0,0,0,996,1
4,166,671610,490121,1975,127,774,0.172349,0.451615,2526,-1,ok,0,0,0,0,2525,1
4,167,620032,817899,1017,68,327,0.093814,0.243821,1246,-1,ok,0,0,0,0,1245,1
4,168,475138,561483,915,61,364,0.089976,0.245313,1224,-1,ok,0,0,0,0,1223,1
4,169,677523,564943,2418,154,843,0.185803,0.501397,3009,-1,ok,0,0,0,0,3008,1
4,170,547139,894242,1009,65,252,0.08615,0.258478,1206,-1,ok,0,0,0,0,1205,1
4,171,513656,703356,1488,96,640,0.151049,0.347603,1835,-1,ok,0,0,0,0,1834,1
4,172,561653,646343,1780,115,627,0.194788,0.422011,2279,-1,ok,0,0,0,0,2278,1
4,173,452860,580211,2703,171,825,0.199399,0.602525,3336,-1,ok,0,0,0,0,3335,1
4,174,457346,589806,992,65,359,0.103712,0.245945,1297,-1,ok,0,0,0,0,1296,1
4,175,125970,564306,414,26,229,0.057046,0.13485,537,-1,ok,0,0,0,0,536,1
4,176,432903,536123,1450,90,499,0.109523,0.352952,1763,-1,ok,0,0,0,0,1762,1
4,177,586708,335970,692,43,401,0.119832,0.211091,815,-1,ok,0,0,0,0,814,1
4,178,127595,700137,422,27,201,0.046706,0.180394,587,-1,ok,0,0,0,0,586,1
4,179,538665,123021,1064,66,359,0.085848,0.249803,1279,-1,ok,0,0,0,0,1278,1
4,180,352712,882018,430,27,239,0.061874,0.174423,611,-1,ok,0,0,0,0,610,1
4,181,570105,642882,409,25,169,0.042769,0.112709,420,-1,ok,0,0,0,0,419,1
4,182,236454,64964,158,11,111,0.023063,0.124631,307,-1,ok,0,0,0,0,306,1
4,183,547182,801522,1262,83,319,0.071232,0.276261,1503,-1,ok,0,0,0,0,1502,1
4,184,684920,553657,177,11,56,0.013746,0.05922,194,-1,ok,0,0,0,0,193,1
4,185,552875,351270,1255,82,398,0.111386,0.278315,1638,-1,ok,0,0,0,0,1637,1
4,186,492765,584268,2039,130,824,0.186805,0.465311,2526,-1,ok,0,0,0,0,2525,1
4,187,155792,743182,560,36,322,0.089246,0.185484,751,-1,ok,0,0,0,0,750,1
4,188,433249,556063,1470,95,793,0.173522,0.304013,1765,-1,ok,0,0,0,0,1764,1
4,189,675909,548947,322,22,148,0.04849,0.090407,345,-1,ok,0,0,0,0,344,1
4,190,801727,652069,1904,118,710,0.150769,0.428854,2391,-1,ok,0,0,0,0,2390,1
4,191,424436,194685,1235,79,423,0.112698,0.319021,1588,-1,ok,0,0,0,0,1587,1
4,192,568596,520838,78,6,48,0.013624,0.07534,121,-1,ok,0,0,0,0,120,1
4,193,537052,487130,2582,163,765,0.17291,0.548535,3163,-1,ok,0,0,0,0,3162,1
4,194,287117,597610,1357,87,748,0.193528,0.301718,1710,-1,ok,0,0,0,0,1709,1
4,195,734217,369103,902,57,441,0.11374,0.251145,1159,-1,ok,0,0,0,0,1158,1
4,196,609326,594424,18,2,3,0.002324,0.032761,59,-1,ok,0,0,0,0,58,1
4,197,555356,373478,150,10,89,0.022092,0.052949,227,-1,ok,0,0,0,0,226,1
4,198,538782,596393,2887,182,863,0.191504,0.595783,3510,-1,ok,0,0,0,0,3509,1
4,199,853804,764242,234,16,96,0.021138,0.09191,267,-1,ok,0,0,0,0,266,1
4,200,546144,731449,1563,97,520,0.127115,0.348976,1930,-1,ok,0,0,0,0,1929,1
4,201,546580,470520,70,5,19,0.005601,0.049962,101,-1,ok,0,0,0,0,100,1
4,202,587180,610058,2820,178,826,0.183329,0.608516,3461,-1,ok,0,0,0,0,3460,1
4,203,554148,555672,34,3,11,0.00528,0.027389,63,-1,ok,0,0,0,0,62,1
4,204,618603,576023,2630,166,720,0.173973,0.549375,3259,-1,ok,0,0,0,0,3258,1
4,205,111185,663982,1131,71,501,0.134318,0.290428,1444,-1,ok,0,0,0,0,1443,1
4,206,558415,519079,908,56,466,0.127916,0.227581,997,-1,ok,0,0,0,0,996,1
4,207,273703,668225,1512,95,792,0.174582,0.320323,1769,-1,ok,0,0,0,0,1768,1
4,208,342313,675920,1135,70,550,0.150138,0.260191,1408,-1,ok,0,0,0,0,1407,1
4,209,455838,475237,29,2,3,0.002304,0.033742,62,-1,ok,0,0,0,0,61,1
4,210,407548,553070,2852,179,849,0.184231,0.592627,3437,-1,ok,0,0,0,0,3436,1
4,211,504813,914851,324,21,177,0.075269,0.135971,461,-1,ok,0,0,0,0,460,1
4,212,547561,230431,1222,77,381,0.087583,0.264699,1473,-1,ok,0,0,0,0,1472,1
4,213,466238,312299,1571,102,539,0.141181,0.389561,2030,-1,ok,0,0,0,0,2029,1
4,214,234897,536226,1213,79,652,0.155698,0.322678,1628,-1,ok,0,0,0,0,1627,1
4,215,580756,561650,1750,113,697,0.179201,0.441517,2207,-1,ok,0,0,0,0,2206,1
4,216,744886,554466,1138,74,620,0.154276,0.273255,1397,-1,ok,0,0,0,0,1396,1
4,217,864144,644857,1147,73,611,0.14646,0.344758,1480,-1,ok,0,0,0,0,1479,1
4,218,155929,549165,1194,75,537,0.128598,0.316025,1489,-1,ok,0,0,0,0,1488,1
4,219,734340,664355,1063,67,509,0.120643,0.306897,1322,-1,ok,0,0,0,0,1321,1
4,220,483567,570424,1455,89,503,0.119942,0.364604,1778,-1,ok,0,0,0,0,1777,1
4,221,639206,652049,2073,130,711,0.16706,0.454893,2606,-1,ok,0,0,0,0,2605,1
4,222,93334,537056,1452,91,696,0.16858,0.384291,1803,-1,ok,0,0,0,0,1802,1
4,223,603581,431982,437,29,190,0.057377,0.14079,496,-1,ok,0,0,0,0,495,1
4,224,439095,658592,1491,96,653,0.14578,0.347754,1878,-1,ok,0,0,0,0,1877,1
4,225,814923,899971,128,10,69,0.01644,0.046857,165,-1,ok,0,0,0,0,164,1
4,226,498998,590659,2587,164,825,0.192566,0.544989,3230,-1,ok,0,0,0,0,3229,1
4,227,559098,530053,2275,145,586,0.151881,0.478867,2784,-1,ok,0,0,0,0,2783,1
4,228,549050,87356,1368,85,453,0.12452,0.333979,1705,-1,ok,0,0,0,0,1704,1
4,229,507967,791931,2780,176,856,0.207424,0.608005,3381,-1,ok,0,0,0,0,3380,1
4,230,403304,932996,1476,93,662,0.177999,0.381536,1795,-1,ok,0,0,0,0,1794,1
4,231,779288,400102,1980,124,787,0.176135,0.482803,2499,-1,ok,0,0,0,0,2498,1
4,232,115537,717680,835,53,433,0.111246,0.22119,1042,-1,ok,0,0,0,0,1041,1
4,233,625715,531035,2478,156,814,0.190112,0.521455,3099,-1,ok,0,0,0,0,3098,1
4,234,12779,392632,1393,87,640,0.161589,0.359545,1710,-1,ok,0,0,0,0,1709,1
4,235,491073,550893,600,37,222,0.066192,0.182308,721,-1,ok,0,0,0,0,720,1
4,236,544640,612058,608,38,226,0.056024,0.14618,705,-1,ok,0,0,0,0,704,1
4,237,349394,221491,1219,76,381,0.088204,0.301868,1450,-1,ok,0,0,0,0,1449,1
4,238,643343,800035,1098,68,538,0.127406,0.2977,1393,-1,ok,0,0,0,0,1392,1
4,239,466292,494384,1056,69,373,0.090999,0.264309,1375,-1,ok,0,0,0,0,1374,1
4,240,263294,711941,727,46,372,0.103502,0.22199,902,-1,ok,0,0,0,0,901,1
4,241,540708,407534,2386,150,780,0.169014,0.557881,3039,-1,ok,0,0,0,0,3038,1
4,242,407548,728111,217,14,99,0.022062,0.078926,236,-1,ok,0,0,0,0,235,1
4,243,495501,485664,2437,155,783,0.211842,0.547402,3048,-1,ok,0,0,0,0,3047,1
4,244,720906,179696,594,39,239,0.080459,0.17811,745,-1,ok,0,0,0,0,744,1
4,245,650350,482575,2675,168,719,0.156921,0.553114,3228,-1,ok,0,0,0,0,3227,1
4,246,638652,817933,1535,96,542,0.15153,0.350599,1972,-1,ok,0,0,0,0,1971,1
4,247,548934,567346,842,53,252,0.073766,0.183359,929,-1,ok,0,0,0,0,928,1
4,248,573392,445311,937,60,493,0.128878,0.234985,1172,-1,ok,0,0,0,0,1171,1
4,249,791829,669974,699,46,146,0.041858,0.193247,734,-1,ok,0,0,0,0,733,1
4,250,181289,193174,55,4,10,0.004488,0.042849,114,-1,ok,0,0,0,0,113,1
4,251,734304,877601,1239,77,563,0.131174,0.326525,1582,-1,ok,0,0,0,0,1581,1
4,252,541771,272040,815,51,331,0.085209,0.209517,1024,-1,ok,0,0,0,0,1023,1
4,253,555426,520840,632,39,279,0.076311,0.172999,707,-1,ok,0,0,0,0,706,1
4,254,554148,468913,1653,106,565,0.130892,0.425206,2136,-1,ok,0,0,0,0,2135,1
4,255,407897,554527,1448,93,787,0.182868,0.347313,1729,-1,ok,0,0,0,0,1728,1
4,256,476137,886494,1697,106,570,0.154446,0.425888,2182,-1,ok,0,0,0,0,2181,1
4,257,647690,523082,2414,153,833,0.190142,0.525862,3015,-1,ok,0,0,0,0,3014,1
4,258,841766,458240,1678,104,760,0.189202,0.41606,2151,-1,ok,0,0,0,0,2150,1
4,259,462910,637233,417,27,191,0.061374,0.14597,574,-1,ok,0,0,0,0,573,1
4,260,536976,551877,19,3,8,0.003487,0.056354,64,-1,ok,0,0,0,0,63,1
4,261,42610,554524,1736,113,841,0.175674,0.407845,2229,-1,ok,0,0,0,0,2228,1
4,262,613794,229015,1113,72,422,0.111265,0.300596,1506,-1,ok,0,0,0,0,1505,1
4,263,786608,624950,1914,119,837,0.185214,0.445594,2367,-1,ok,0,0,0,0,2366,1
4,264,412226,542166,1648,106,723,0.182006,0.397897,2091,-1,ok,0,0,0,0,2090,1
4,265,578007,584682,2557,161,825,0.187138,0.531463,3156,-1,ok,0,0,0,0,3155,1
4,266,129099,357177,198,13,108,0.022632,0.12942,311,-1,ok,0,0,0,0,310,1
4,267,670451,218543,1088,71,418,0.092791,0.277133,1461,-1,ok,0,0,0,0,1460,1
4,268,636901,562811,880,53,229,0.061454,0.186214,955,-1,ok,0,0,0,0,954,1
4,269,161898,720900,750,49,370,0.08657,0.220347,967,-1,ok,0,0,0,0,966,1
4,270,536127,726744,1037,65,557,0.132736,0.273325,1354,-1,ok,0,0,0,0,1353,1
4,271,182733,659592,907,57,440,0.104363,0.242339,1148,-1,ok,0,0,0,0,1147,1
4,272,557521,334467,2898,182,799,0.171158,0.642519,3543,-1,ok,0,0,0,0,3542,1
4,273,550876,844900,1310,84,605,0.165968,0.332274,1705,-1,ok,0,0,0,0,1704,1
4,274,442000,527458,1850,120,767,0.176496,0.445795,2381,-1,ok,0,0,0,0,2380,1
4,275,163378,695363,985,63,461,0.117258,0.261826,1286,-1,ok,0,0,0,0,1285,1
4,276,469207,449288,2393,151,771,0.174702,0.549556,3012,-1,ok,0,0,0,0,3011,1
4,277,621533,503471,384,25,118,0.023965,0.14612,433,-1,ok,0,0,0,0,432,1
4,278,584186,780781,627,41,241,0.055122,0.141952,772,-1,ok,0,0,0,0,771,1
4,279,537110,215501,1213,76,377,0.089114,0.278446,1460,-1,ok,0,0,0,0,1459,1
4,280,552659,521369,42,5,33,0.011151,0.047808,95,-1,ok,0,0,0,0,94,1
4,281,470354,521484,1808,116,760,0.172879,0.423082,2297,-1,ok,0,0,0,0,2296,1
4,282,779294,490035,423,28,201,0.063388,0.124782,556,-1,ok,0,0,0,0,555,1
4,283,856695,383684,1735,106,784,0.167449,0.420849,2168,-1,ok,0,0,0,0,2167,1
4,284,856911,565634,2043,128,742,0.193648,0.456765,2566,-1,ok,0,0,0,0,2565,1
4,285,226029,617772,1109,69,526,0.131374,0.273176,1372,-1,ok,0,0,0,0,1371,1
4,286,273528,498716,214,13,63,0.015848,0.086369,269,-1,ok,0,0,0,0,268,1
4,287,585019,659525,120,9,57,0.015538,0.053669,157,-1,ok,0,0,0,0,156,1
4,288,714688,746144,256,16,118,0.025757,0.076962,297,-1,ok,0,0,0,0,296,1
4,289,487154,401935,1115,74,383,0.082442,0.28039,1440,-1,ok,0,0,0,0,1439,1
4,290,558487,858169,252,16,96,0.021729,0.117597,395,-1,ok,0,0,0,0,394,1
4,291,574271,660088,2395,152,653,0.140971,0.48152,2932,-1,ok,0,0,0,0,2931,1
4,292,41143,546444,721,47,269,0.083244,0.244984,944,-1,ok,0,0,0,0,943,1
4,293,760001,646214,1715,108,680,0.15158,0.377378,2208,-1,ok,0,0,0,0,2207,1
4,294,185761,377965,506,33,212,0.076292,0.14646,673,-1,ok,0,0,0,0,672,1
4,295,604576,736790,940,59,497,0.122186,0.225788,1011,-1,ok,0,0,0,0,1010,1
4,296,604356,279676,1122,69,399,0.095918,0.250364,1357,-1,ok,0,0,0,0,1356,1
4,297,467430,178127,281,18,146,0.05965,0.102741,348,-1,ok,0,0,0,0,347,1
4,298,473402,701873,1457,94,640,0.142555,0.350338,1818,-1,ok,0,0,0,0,1817,1
4,299,546168,470167,91,7,35,0.010709,0.070551,142,-1,ok,0,0,0,0,141,1
6,0,515417,637366,1801,28,105,0.042849,0.652547,2692,-1,ok,0,0,0,0,2691,1
6,1,221578,683609,709,13,68,0.014818,0.275029,1098,-1,ok,0,0,0,0,1097,1
6,2,566063,455879,224,4,16,0.004919,0.198106,525,-1,ok,0,0,0,0,524,1
6,3,364509,251282,377,7,30,0.006933,0.155467,494,-1,ok,0,0,0,0,493,1
6,4,713214,541596,268,6,23,0.00562,0.146482,503,-1,ok,0,0,0,0,502,1
6,5,708892,372109,865,14,60,0.012744,0.270821,1232,-1,ok,0,0,0,0,1231,1
6,6,549730,910635,485,10,40,0.008967,0.271803,960,-1,ok,0,0,0,0,959,1
6,7,428575,333335,686,11,40,0.008355,0.223133,979,-1,ok,0,0,0,0,978,1
6,8,103741,529812,1209,21,103,0.018644,0.394168,1848,-1,ok,0,0,0,0,1847,1
6,9,504438,99296,1284,21,68,0.035777,0.370846,1839,-1,ok,0,0,0,0,1838,1
6,10,503002,473385,659,13,44,0.009427,0.266042,1214,-1,ok,0,0,0,0,1213,1
6,11,594375,693937,1954,31,114,0.019575,0.51315,2823,-1,ok,0,0,0,0,2822,1
6,12,184179,575147,1336,23,114,0.020006,0.49169,2179,-1,ok,0,0,0,0,2178,1
6,13,84373,731343,822,14,68,0.013626,0.372829,1475,-1,ok,0,0,0,0,1474,1
6,14,533139,449475,806,13,66,0.014446,0.245805,1159,-1,ok,0,0,0,0,1158,1
6,15,800775,353868,725,14,25,0.006422,0.375996,1012,-1,ok,0,0,0,0,1011,1
6,16,580536,834346,1638,28,87,0.016069,0.49783,2571,-1,ok,0,0,0,0,2570,1
6,17,705977,179642,451,9,34,0.007522,0.203829,810,-1,ok,0,0,0,0,809,1
6,18,591189,502974,573,10,38,0.007783,0.217142,874,-1,ok,0,0,0,0,873,1
6,19,696806,606078,410,8,25,0.005991,0.145409,689,-1,ok,0,0,0,0,688,1
6,20,649644,351270,898,15,64,0.032881,0.304383,1501,-1,ok,0,0,0,0,1500,1
6,21,364679,647787,786,13,77,0.015629,0.251284,1215,-1,ok,0,0,0,0,1214,1
6,22,236480,558798,1348,22,104,0.033392,0.46392,2231,-1,ok,0,0,0,0,2230,1
6,23,429002,590281,593,9,32,0.007684,0.357101,1114,-1,ok,0,0,0,0,1113,1
6,24,732327,437963,2826,48,132,0.031829,0.738576,4285,-1,ok,0,0,0,0,4284,1
6,25,695045,573533,2638,44,115,0.018495,0.616681,3831,-1,ok,0,0,0,0,3830,1
6,26,653917,554134,819,14,74,0.015668,0.309944,1516,-1,ok,0,0,0,0,1515,1
6,27,591152,758487,1441,23,105,0.018424,0.369663,2032,-1,ok,0,0,0,0,2031,1
6,28,530231,797885,2838,47,142,0.040154,0.772931,4081,-1,ok,0,0,0,0,4080,1
6,29,461730,614781,2269,37,120,0.020338,0.59476,3384,-1,ok,0,0,0,0,3383,1
6,30,444980,608103,2053,32,131,0.062015,0.536813,3090,-1,ok,0,0,0,0,3089,1
6,31,625582,540051,1625,27,135,0.046817,0.407523,2316,-1,ok,0,0,0,0,2315,1
6,32,525321,196202,1187,20,65,0.012944,0.343626,1676,-1,ok,0,0,0,0,1675,1
6,33,478182,565842,1838,30,98,0.017581,0.517848,2863,-1,ok,0,0,0,0,2862,1
6,34,537719,542421,274,5,15,0.004689,0.137716,547,-1,ok,0,0,0,0,546,1
6,35,606091,561377,46,2,8,0.003146,0.094786,293,-1,ok,0,0,0,0,292,1
6,36,540484,237922,578,10,41,0.008988,0.175245,801,-1,ok,0,0,0,0,800,1
6,37,916340,481104,632,11,58,0.012874,0.216591,1111,-1,ok,0,0,0,0,1110,1
6,38,547698,473617,2323,38,122,0.021009,0.601022,3560,-1,ok,0,0,0,0,3559,1
6,39,503531,560189,206,5,10,0.003026,0.149837,559,-1,ok,0,0,0,0,558,1
6,40,528285,633179,2234,36,115,0.018294,0.54599,3405,-1,ok,0,0,0,0,3404,1
6,41,528291,124629,1240,21,68,0.012272,0.36724,1919,-1,ok,0,0,0,0,1918,1
6,42,218360,732318,1260,23,120,0.021419,0.380044,1841,-1,ok,0,0,0,0,1840,1
6,43,673429,646337,1726,28,105,0.018664,0.490917,2661,-1,ok,0,0,0,0,2660,1
6,44,677903,545932,2495,41,136,0.041717,0.609778,3714,-1,ok,0,0,0,0,3713,1
6,45,599861,473157,116,3,14,0.004248,0.152563,353,-1,ok,0,0,0,0,352,1
6,46,771679,448047,942,15,80,0.01629,0.255433,1223,-1,ok,0,0,0,0,1222,1
6,47,613652,373259,1541,26,132,0.03279,0.407655,2166,-1,ok,0,0,0,0,2165,1
6,48,559115,582478,645,12,20,0.00526,0.32933,1014,-1,ok,0,0,0,0,1013,1
6,49,138045,605112,1531,24,117,0.020738,0.498904,2560,-1,ok,0,0,0,0,2559,1
6,50,715274,544491,2277,37,135,0.042759,0.541061,3298,-1,ok,0,0,0,0,3297,1
6,51,118518,621231,1297,20,102,0.018484,0.383531,1952,-1,ok,0,0,0,0,1951,1
6,52,560125,876072,607,11,47,0.010219,0.241287,1126,-1,ok,0,0,0,0,1125,1
6,53,457330,549752,200,4,10,0.002635,0.143305,531,-1,ok,0,0,0,0,530,1
6,54,185650,870115,627,11,62,0.012012,0.230697,1108,-1,ok,0,0,0,0,1107,1
6,55,519871,693835,2142,34,117,0.019756,0.518389,3155,-1,ok,0,0,0,0,3154,1
6,56,140914,484062,1346,21,110,0.018605,0.417745,2049,-1,ok,0,0,0,0,2048,1
6,57,630216,170691,1277,20,84,0.015729,0.35107,2042,-1,ok,0,0,0,0,2041,1
6,58,686374,577768,450,7,24,0.00583,0.16754,607,-1,ok,0,0,0,0,606,1
6,59,625714,607337,2167,35,120,0.018895,0.533347,3226,-1,ok,0,0,0,0,3225,1
6,60,160386,877813,1001,15,78,0.015259,0.352051,1618,-1,ok,0,0,0,0,1617,1
6,61,557207,713255,2128,35,117,0.019866,0.552372,3295,-1,ok,0,0,0,0,3294,1
6,62,689095,577712,931,19,35,0.008496,0.317118,1362,-1,ok,0,0,0,0,1361,1
6,63,118518,543922,1546,24,117,0.019846,0.430516,2345,-1,ok,0,0,0,0,2344,1
6,64,743230,714700,454,9,32,0.007263,0.214487,827,-1,ok,0,0,0,0,826,1
6,65,451281,500222,1729,28,98,0.017142,0.467636,2562,-1,ok,0,0,0,0,2561,1
6,66,87326,638815,783,14,69,0.014116,0.343726,1472,-1,ok,0,0,0,0,1471,1
6,67,873089,178288,543,9,46,0.00991,0.237579,1092,-1,ok,0,0,0,0,1091,1
6,68,540231,698411,324,7,22,0.00537,0.140349,535,-1,ok,0,0,0,0,534,1
6,69,608054,502046,428,9,31,0.007002,0.216231,873,-1,ok,0,0,0,0,872,1
6,70,551981,134941,1142,20,58,0.011101,0.341191,1721,-1,ok,0,0,0,0,1720,1
6,71,463217,908917,606,11,43,0.009026,0.227772,1025,-1,ok,0,0,0,0,1024,1
6,72,633916,540912,2768,45,125,0.020898,0.677673,4145,-1,ok,0,0,0,0,4144,1
6,73,797852,552425,1119,21,40,0.008897,0.590822,1784,-1,ok,0,0,0,0,1783,1
6,74,746160,847884,1478,23,102,0.018044,0.427651,2253,-1,ok,0,0,0,0,2252,1
6,75,759766,548195,703,13,69,0.014798,0.314111,1504,-1,ok,0,0,0,0,1503,1
6,76,413741,394099,778,13,69,0.013474,0.274128,1161,-1,ok,0,0,0,0,1160,1
6,77,913394,471896,1104,17,94,0.017722,0.333127,1523,-1,ok,0,0,0,0,1522,1
6,78,652297,501706,101,2,8,0.003355,0.092441,278,-1,ok,0,0,0,0,277,1
6,79,528306,440834,2348,38,122,0.020859,0.563844,3515,-1,ok,0,0,0,0,3514,1
6,80,579216,344905,687,12,53,0.010729,0.235165,932,-1,ok,0,0,0,0,931,1
6,81,291425,565940,613,10,53,0.009937,0.199048,824,-1,ok,0,0,0,0,823,1
6,82,560203,166249,1334,22,84,0.016119,0.377458,2159,-1,ok,0,0,0,0,2158,1
6,83,725367,601383,506,10,33,0.007234,0.216771,901,-1,ok,0,0,0,0,900,1
6,84,690950,626446,632,12,53,0.011231,0.201763,943,-1,ok,0,0,0,0,942,1
6,85,885107,623720,1723,27,120,0.020528,0.421851,2480,-1,ok,0,0,0,0,2479,1
6,86,452862,582210,1864,31,105,0.018475,0.534278,2929,-1,ok,0,0,0,0,2928,1
6,87,643668,475109,189,4,18,0.00529,0.144067,600,-1,ok,0,0,0,0,599,1
6,88,72436,674500,1030,19,88,0.01633,0.377989,1885,-1,ok,0,0,0,0,1884,1
6,89,868641,853704,37,2,5,0.002174,0.096288,362,-1,ok,0,0,0,0,361,1
6,90,644709,548157,2038,32,120,0.021029,0.523138,2999,-1,ok,0,0,0,0,2998,1
6,91,582005,373594,1217,21,67,0.013496,0.343355,1724,-1,ok,0,0,0,0,1723,1
6,92,677416,621320,2042,33,113,0.019676,0.484607,2875,-1,ok,0,0,0,0,2874,1
6,93,705859,580720,219,4,8,0.002535,0.103511,388,-1,ok,0,0,0,0,387,1
6,94,431412,580719,607,12,30,0.007224,0.209999,946,-1,ok,0,0,0,0,945,1
6,95,437348,552419,661,12,38,0.008675,0.240105,1120,-1,ok,0,0,0,0,1119,1
6,96,758271,503460,743,13,69,0.014798,0.248479,1464,-1,ok,0,0,0,0,1463,1
6,97,868701,479347,1176,18,98,0.018163,0.314492,1645,-1,ok,0,0,0,0,1644,1
6,98,562097,501182,3169,51,136,0.035706,0.78854,4542,-1,ok,0,0,0,0,4541,1
6,99,278199,257290,49,1,0,0.001232,0.069278,174,-1,ok,0,0,0,0,173,1
6,100,570049,534288,47,1,0,0.000581,0.042629,74,-1,ok,0,0,0,0,73,1
6,101,541954,728137,425,8,32,0.007584,0.209187,846,-1,ok,0,0,0,0,845,1
6,102,215378,85837,389,8,43,0.009307,0.200832,882,-1,ok,0,0,0,0,881,1
6,103,589928,544726,2226,36,123,0.020488,0.564905,3321,-1,ok,0,0,0,0,3320,1
6,104,541522,549453,805,14,40,0.009387,0.258098,1288,-1,ok,0,0,0,0,1287,1
6,105,502684,483770,978,18,49,0.01026,0.31351,1681,-1,ok,0,0,0,0,1680,1
6,106,185739,464682,1225,20,98,0.018384,0.427552,2244,-1,ok,0,0,0,0,2243,1
6,107,564997,595611,2276,37,106,0.018244,0.618926,3387,-1,ok,0,0,0,0,3386,1
6,108,589155,636201,2476,40,113,0.019496,0.613205,3531,-1,ok,0,0,0,0,3530,1
6,109,531285,901687,2128,33,110,0.03274,0.576357,3033,-1,ok,0,0,0,0,3032,1
6,110,732706,576220,224,5,11,0.003887,0.111024,407,-1,ok,0,0,0,0,406,1
6,111,109733,638731,1000,16,84,0.015771,0.299774,1463,-1,ok,0,0,0,0,1462,1
6,112,662568,191645,835,15,60,0.012623,0.244052,1160,-1,ok,0,0,0,0,1159,1
6,113,374965,759941,1238,19,94,0.017183,0.333046,1737,-1,ok,0,0,0,0,1736,1
6,114,719164,27693,1169,20,78,0.015418,0.36274,1814,-1,ok,0,0,0,0,1813,1
6,115,752294,934231,163,4,10,0.003597,0.145199,350,-1,ok,0,0,0,0,349,1
6,116,655535,844782,573,11,51,0.010088,0.261103,1354,-1,ok,0,0,0,0,1353,1
6,117,474798,607811,1695,26,115,0.019858,0.465221,2496,-1,ok,0,0,0,0,2495,1
6,118,913321,352359,1830,30,132,0.04276,0.521935,2577,-1,ok,0,0,0,0,2576,1
6,119,458475,638815,192,4,21,0.005601,0.153004,473,-1,ok,0,0,0,0,472,1
6,120,185587,899904,797,13,65,0.012875,0.280599,1262,-1,ok,0,0,0,0,1261,1
6,121,660993,722496,1439,24,85,0.016089,0.378711,2148,-1,ok,0,0,0,0,2147,1
6,122,587664,590978,396,8,23,0.005961,0.221089,767,-1,ok,0,0,0,0,766,1
6,123,227425,627948,1391,24,134,0.029494,0.366609,2000,-1,ok,0,0,0,0,1999,1
6,124,404568,507174,380,6,23,0.005851,0.137655,523,-1,ok,0,0,0,0,522,1
6,125,234885,555140,1077,19,97,0.016841,0.312479,1590,-1,ok,0,0,0,0,1589,1
6,126,379198,738927,1657,27,85,0.015407,0.456193,2398,-1,ok,0,0,0,0,2397,1
6,127,516377,549670,2291,37,120,0.020157,0.597956,3424,-1,ok,0,0,0,0,3423,1
6,128,346621,479141,772,14,65,0.013074,0.239053,1233,-1,ok,0,0,0,0,1232,1
6,129,380939,508659,970,17,95,0.015559,0.281641,1583,-1,ok,0,0,0,0,1582,1
6,130,549667,582479,32,2,5,0.002595,0.055543,187,-1,ok,0,0,0,0,186,1
6,131,231944,556389,1377,24,133,0.035896,0.364644,2024,-1,ok,0,0,0,0,2023,1
6,132,444980,143997,639,11,41,0.009869,0.223253,1070,-1,ok,0,0,0,0,1069,1
6,133,553121,561095,2824,46,123,0.020708,0.820639,4267,-1,ok,0,0,0,0,4266,1
6,134,557186,599599,2595,43,137,0.055463,0.623453,3816,-1,ok,0,0,0,0,3815,1
6,135,752223,476482,939,14,67,0.013585,0.326975,1340,-1,ok,0,0,0,0,1339,1
6,136,668229,470670,2659,45,122,0.020538,0.703422,4010,-1,ok,0,0,0,0,4009,1
6,137,328875,564452,195,3,12,0.003867,0.128297,364,-1,ok,0,0,0,0,363,1
6,138,642157,729840,1731,27,108,0.018835,0.471893,2526,-1,ok,0,0,0,0,2525,1
6,139,90305,752572,987,16,80,0.015217,0.393619,1890,-1,ok,0,0,0,0,1889,1
6,140,540469,868590,1095,18,86,0.016441,0.331805,1624,-1,ok,0,0,0,0,1623,1
6,141,554237,542468,341,6,23,0.006011,0.227501,678,-1,ok,0,0,0,0,677,1
6,142,552875,544670,2521,40,123,0.020469,0.624485,3760,-1,ok,0,0,0,0,3759,1
6,143,489779,135045,582,11,48,0.01084,0.290828,935,-1,ok,0,0,0,0,934,1
6,144,684986,321427,899,15,64,0.013554,0.302681,1278,-1,ok,0,0,0,0,1277,1
6,145,551199,39629,1264,20,81,0.015528,0.623173,2231,-1,ok,0,0,0,0,2230,1
6,146,161784,518507,1403,23,112,0.019766,0.579051,2270,-1,ok,0,0,0,0,2269,1
6,147,916310,555655,611,11,58,0.013033,0.263048,1132,-1,ok,0,0,0,0,1131,1
6,148,358724,558670,1036,18,90,0.017692,0.333719,1857,-1,ok,0,0,0,0,1856,1
6,149,491303,659590,417,7,30,0.007405,0.201874,624,-1,ok,0,0,0,0,623,1
6,150,551910,879052,1906,31,93,0.016641,0.58333,2769,-1,ok,0,0,0,0,2768,1
6,151,548928,513895,2545,41,120,0.019045,0.611371,3780,-1,ok,0,0,0,0,3779,1
6,152,544907,516738,841,14,73,0.014396,0.255072,1154,-1,ok,0,0,0,0,1153,1
6,153,596621,550078,3073,50,141,0.032219,0.846475,4526,-1,ok,0,0,0,0,4525,1
6,154,457377,679268,965,16,59,0.012051,0.46999,1778,-1,ok,0,0,0,0,1777,1
6,155,888007,738901,148,3,15,0.004358,0.132785,515,-1,ok,0,0,0,0,514,1
6,156,557446,245356,1550,25,70,0.013235,0.495426,2461,-1,ok,0,0,0,0,2460,1
6,157,269058,233403,285,5,14,0.004188,0.117888,378,-1,ok,0,0,0,0,377,1
6,158,561143,482354,629,12,37,0.008597,0.278374,1134,-1,ok,0,0,0,0,1133,1
6,159,476616,512534,204,4,15,0.004047,0.120663,437,-1,ok,0,0,0,0,436,1
6,160,651112,289929,1373,22,90,0.01611,0.384682,1970,-1,ok,0,0,0,0,1969,1
6,161,728484,372110,264,5,18,0.00496,0.17253,685,-1,ok,0,0,0,0,684,1
6,162,569402,643340,2200,35,105,0.017803,0.599419,3345,-1,ok,0,0,0,0,3344,1
6,163,148333,409238,245,6,19,0.00545,0.140059,366,-1,ok,0,0,0,0,365,1
6,164,464750,373454,1640,27,92,0.015999,0.44844,2677,-1,ok,0,0,0,0,2676,1
6,165,355695,858397,800,11,58,0.013084,0.320573,1299,-1,ok,0,0,0,0,1298,1
6,166,671610,490121,1975,33,130,0.0327,0.55077,3096,-1,ok,0,0,0,0,3095,1
6,167,620032,817899,1017,18,58,0.011591,0.358604,1932,-1,ok,0,0,0,0,1931,1
6,168,475138,561483,915,16,62,0.012063,0.322267,1670,-1,ok,0,0,0,0,1669,1
6,169,677523,564943,2418,39,141,0.03782,0.58864,3605,-1,ok,0,0,0,0,3604,1
6,170,547139,894242,1009,18,43,0.009158,0.369384,1738,-1,ok,0,0,0,0,1737,1
6,171,513656,703356,1488,23,110,0.019647,0.379402,2061,-1,ok,0,0,0,0,2060,1
6,172,561653,646343,1780,29,105,0.018784,0.50796,2687,-1,ok,0,0,0,0,2686,1
6,173,452860,580211,2703,44,137,0.043039,0.760116,4082,-1,ok,0,0,0,0,4081,1
6,174,457346,589806,992,17,61,0.011962,0.35067,1785,-1,ok,0,0,0,0,1784,1
6,175,125970,564306,414,7,37,0.007975,0.154546,585,-1,ok,0,0,0,0,584,1
6,176,432903,536123,1450,25,83,0.015419,0.442008,2087,-1,ok,0,0,0,0,2086,1
6,177,586708,335970,692,12,53,0.010961,0.259901,979,-1,ok,0,0,0,0,978,1
6,178,127595,700137,422,7,30,0.006553,0.204158,745,-1,ok,0,0,0,0,744,1
6,179,538665,123021,1064,18,58,0.011149,0.293555,1561,-1,ok,0,0,0,0,1560,1
6,180,352712,882018,430,7,38,0.008296,0.187677,781,-1,ok,0,0,0,0,780,1
6,181,570105,642882,409,8,28,0.006974,0.230015,824,-1,ok,0,0,0,0,823,1
6,182,236454,64964,158,3,19,0.00494,0.17835,493,-1,ok,0,0,0,0,492,1
6,183,547182,801522,1262,22,53,0.010039,0.402385,2101,-1,ok,0,0,0,0,2100,1
6,184,684920,553657,177,4,10,0.002915,0.128679,390,-1,ok,0,0,0,0,389,1
6,185,552875,351270,1255,20,64,0.026029,0.388609,2152,-1,ok,0,0,0,0,2151,1
6,186,492765,584268,2039,33,138,0.040715,0.559064,3016,-1,ok,0,0,0,0,3015,1
6,187,155792,743182,560,10,60,0.012323,0.250934,899,-1,ok,0,0,0,0,898,1
6,188,433249,556063,1470,25,128,0.030537,0.401122,2395,-1,ok,0,0,0,0,2394,1
6,189,675909,548947,322,6,24,0.005792,0.140499,481,-1,ok,0,0,0,0,480,1
6,190,801727,652069,1904,30,120,0.020638,0.498041,2741,-1,ok,0,0,0,0,2740,1
6,191,424436,194685,1235,19,70,0.013455,0.367661,1864,-1,ok,0,0,0,0,1863,1
6,192,568596,520838,78,2,5,0.001984,0.104853,331,-1,ok,0,0,0,0,330,1
6,193,537052,487130,2582,43,130,0.024985,0.670652,3961,-1,ok,0,0,0,0,3960,1
6,194,287117,597610,1357,21,104,0.020116,0.382368,2084,-1,ok,0,0,0,0,2083,1
6,195,734217,369103,902,15,67,0.013826,0.258708,1271,-1,ok,0,0,0,0,1270,1
6,196,609326,594424,18,1,0,0.000651,0.034563,59,-1,ok,0,0,0,0,58,1
6,197,555356,373478,150,3,11,0.003607,0.103561,415,-1,ok,0,0,0,0,414,1
6,198,538782,596393,2887,49,144,0.027781,0.711096,4410,-1,ok,0,0,0,0,4409,1
6,199,853804,764242,234,4,17,0.00503,0.114752,415,-1,ok,0,0,0,0,414,1
6,200,546144,731449,1563,26,85,0.014968,0.435275,2384,-1,ok,0,0,0,0,2383,1
6,201,546580,470520,70,2,2,0.001543,0.084908,243,-1,ok,0,0,0,0,242,1
6,202,587180,610058,2820,47,137,0.041497,0.695117,4187,-1,ok,0,0,0,0,4186,1
6,203,554148,555672,34,1,0,0.000722,0.052928,127,-1,ok,0,0,0,0,126,1
6,204,618603,576023,2630,42,120,0.019196,0.654381,3931,-1,ok,0,0,0,0,3930,1
6,205,111185,663982,1131,20,96,0.017662,0.365267,1764,-1,ok,0,0,0,0,1763,1
6,206,558415,519079,908,16,77,0.014636,0.239392,1241,-1,ok,0,0,0,0,1240,1
6,207,273703,668225,1512,27,140,0.033662,0.392556,2201,-1,ok,0,0,0,0,2200,1
6,208,342313,675920,1135,19,99,0.018705,0.306757,1552,-1,ok,0,0,0,0,1551,1
6,209,455838,475237,29,2,4,0.001893,0.075248,182,-1,ok,0,0,0,0,181,1
6,210,407548,553070,2852,46,141,0.036246,0.743527,4225,-1,ok,0,0,0,0,4224,1
6,211,504813,914851,324,5,24,0.006653,0.174593,543,-1,ok,0,0,0,0,542,1
6,212,547561,230431,1222,21,62,0.012453,0.327757,1785,-1,ok,0,0,0,0,1784,1
6,213,466238,312299,1571,26,90,0.024375,0.494646,2606,-1,ok,0,0,0,0,2605,1
6,214,234897,536226,1213,20,109,0.019898,0.4108,2020,-1,ok,0,0,0,0,2019,1
6,215,580756,561650,1750,29,119,0.020339,0.45391,2679,-1,ok,0,0,0,0,2678,1
6,216,744886,554466,1138,20,108,0.019929,0.397365,2163,-1,ok,0,0,0,0,2162,1
6,217,864144,644857,1147,18,103,0.019075,0.336373,1640,-1,ok,0,0,0,0,1639,1
6,218,155929,549165,1194,21,103,0.018904,0.388569,1971,-1,ok,0,0,0,0,1970,1
6,219,734340,664355,1063,17,76,0.014177,0.339548,1512,-1,ok,0,0,0,0,1511,1
6,220,483567,570424,1455,23,83,0.015299,0.373621,1974,-1,ok,0,0,0,0,1973,1
6,221,639206,652049,2073,34,120,0.020397,0.52347,2990,-1,ok,0,0,0,0,2989,1
6,222,93334,537056,1452,25,131,0.045424,0.456444,2331,-1,ok,0,0,0,0,2330,1
6,223,603581,431982,437,8,27,0.006122,0.215639,816,-1,ok,0,0,0,0,815,1
6,224,439095,658592,1491,24,112,0.019727,0.385794,2126,-1,ok,0,0,0,0,2125,1
6,225,814923,899971,128,3,14,0.004038,0.098462,399,-1,ok,0,0,0,0,398,1
6,226,498998,590659,2587,42,137,0.026501,0.63297,3786,-1,ok,0,0,0,0,3785,1
6,227,559098,530053,2275,36,98,0.017172,0.623825,3344,-1,ok,0,0,0,0,3343,1
6,228,549050,87356,1368,24,78,0.014726,0.446838,2267,-1,ok,0,0,0,0,2266,1
6,229,507967,791931,2780,47,142,0.041537,0.685199,4037,-1,ok,0,0,0,0,4036,1
6,230,403304,932996,1476,22,107,0.018945,0.490708,2025,-1,ok,0,0,0,0,2024,1
6,231,779288,400102,1980,32,131,0.038482,0.5084,2821,-1,ok,0,0,0,0,2820,1
6,232,115537,717680,835,15,79,0.015307,0.279677,1226,-1,ok,0,0,0,0,1225,1
6,233,625715,531035,2478,40,136,0.032301,0.586604,3679,-1,ok,0,0,0,0,3678,1
6,234,12779,392632,1393,23,114,0.019868,0.403447,2062,-1,ok,0,0,0,0,2061,1
6,235,491073,550893,600,12,37,0.008857,0.246947,1107,-1,ok,0,0,0,0,1106,1
6,236,544640,612058,608,11,33,0.007633,0.208607,1015,-1,ok,0,0,0,0,1014,1
6,237,349394,221491,1219,21,62,0.012002,0.352813,1702,-1,ok,0,0,0,0,1701,1
6,238,643343,800035,1098,17,81,0.015739,0.311277,1533,-1,ok,0,0,0,0,1532,1
6,239,466292,494384,1056,18,62,0.012323,0.386847,1883,-1,ok,0,0,0,0,1882,1
6,240,263294,711941,727,12,68,0.014017,0.271031,1096,-1,ok,0,0,0,0,1095,1
6,241,540708,407534,2386,38,129,0.030185,0.571898,3473,-1,ok,0,0,0,0,3472,1
6,242,407548,728111,217,4,16,0.004769,0.139488,400,-1,ok,0,0,0,0,399,1
6,243,495501,485664,2437,41,133,0.027541,0.641166,3712,-1,ok,0,0,0,0,3711,1
6,244,720906,179696,594,10,39,0.008425,0.238912,883,-1,ok,0,0,0,0,882,1
6,245,650350,482575,2675,43,120,0.019877,0.634575,3872,-1,ok,0,0,0,0,3871,1
6,246,638652,817933,1535,25,87,0.015629,0.417011,2298,-1,ok,0,0,0,0,2297,1
6,247,548934,567346,842,15,40,0.008885,0.290287,1429,-1,ok,0,0,0,0,1428,1
6,248,573392,445311,937,15,82,0.01646,0.265871,1486,-1,ok,0,0,0,0,1485,1
6,249,791829,669974,699,15,27,0.006252,0.246675,1052,-1,ok,0,0,0,0,1051,1
6,250,181289,193174,55,2,5,0.001994,0.099465,378,-1,ok,0,0,0,0,377,1
6,251,734304,877601,1239,19,90,0.01611,0.367029,1832,-1,ok,0,0,0,0,1831,1
6,252,541771,272040,815,16,56,0.010649,0.312399,1476,-1,ok,0,0,0,0,1475,1
6,253,555426,520840,632,12,43,0.008716,0.214898,895,-1,ok,0,0,0,0,894,1
6,254,554148,468913,1653,26,96,0.017231,0.49763,2456,-1,ok,0,0,0,0,2455,1
6,255,407897,554527,1448,24,120,0.02212,0.505496,2287,-1,ok,0,0,0,0,2286,1
6,256,476137,886494,1697,28,93,0.016901,0.467154,2536,-1,ok,0,0,0,0,2535,1
6,257,647690,523082,2414,38,137,0.043511,0.582839,3545,-1,ok,0,0,0,0,3544,1
6,258,841766,458240,1678,27,129,0.050062,0.44309,2461,-1,ok,0,0,0,0,2460,1
6,259,462910,637233,417,8,33,0.007374,0.245225,942,-1,ok,0,0,0,0,941,1
6,260,536976,551877,19,1,0,0.000601,0.036307,64,-1,ok,0,0,0,0,63,1
6,261,42610,554524,1736,28,132,0.030176,0.501868,2911,-1,ok,0,0,0,0,2910,1
6,262,613794,229015,1113,17,70,0.013265,0.370214,1826,-1,ok,0,0,0,0,1825,1
6,263,786608,624950,1914,31,137,0.037861,0.487973,2651,-1,ok,0,0,0,0,2650,1
6,264,412226,542166,1648,27,122,0.020618,0.477374,2419,-1,ok,0,0,0,0,2418,1
6,265,578007,584682,2557,41,137,0.041316,0.576728,3668,-1,ok,0,0,0,0,3667,1
6,266,129099,357177,198,4,20,0.004889,0.15171,451,-1,ok,0,0,0,0,450,1
6,267,670451,218543,1088,18,70,0.012954,0.33487,1799,-1,ok,0,0,0,0,1798,1
6,268,636901,562811,880,16,40,0.009167,0.282923,1509,-1,ok,0,0,0,0,1508,1
6,269,161898,720900,750,13,68,0.014036,0.267605,1313,-1,ok,0,0,0,0,1312,1
6,270,536127,726744,1037,17,96,0.018776,0.294083,1526,-1,ok,0,0,0,0,1525,1
6,271,182733,659592,907,16,84,0.01609,0.249152,1256,-1,ok,0,0,0,0,1255,1
6,272,557521,334467,2898,47,132,0.03241,0.743095,4213,-1,ok,0,0,0,0,4212,1
6,273,550876,844900,1310,21,100,0.018113,0.445846,2005,-1,ok,0,0,0,0,2004,1
6,274,442000,527458,1850,29,121,0.020658,0.476161,2781,-1,ok,0,0,0,0,2780,1
6,275,163378,695363,985,18,88,0.030175,0.338246,1762,-1,ok,0,0,0,0,1761,1
6,276,469207,449288,2393,40,129,0.035426,0.677954,3910,-1,ok,0,0,0,0,3909,1
6,277,621533,503471,384,6,17,0.004639,0.175705,619,-1,ok,0,0,0,0,618,1
6,278,584186,780781,627,12,42,0.008315,0.188429,1066,-1,ok,0,0,0,0,1065,1
6,279,537110,215501,1213,21,62,0.012343,0.321294,1740,-1,ok,0,0,0,0,1739,1
6,280,552659,521369,42,1,0,0.00042,0.060431,161,-1,ok,0,0,0,0,160,1
6,281,470354,521484,1808,29,121,0.020407,0.493975,2825,-1,ok,0,0,0,0,2824,1
6,282,779294,490035,423,8,38,0.008496,0.154406,678,-1,ok,0,0,0,0,677,1
6,283,856695,383684,1735,27,129,0.027832,0.45922,2420,-1,ok,0,0,0,0,2419,1
6,284,856911,565634,2043,32,124,0.02128,0.563783,2998,-1,ok,0,0,0,0,2997,1
6,285,226029,617772,1109,19,96,0.017693,0.342085,1630,-1,ok,0,0,0,0,1629,1
6,286,273528,498716,214,5,17,0.004697,0.11864,415,-1,ok,0,0,0,0,414,1
6,287,585019,659525,120,4,6,0.002394,0.124259,455,-1,ok,0,0,0,0,454,1
6,288,714688,746144,256,6,19,0.00511,0.12936,535,-1,ok,0,0,0,0,534,1
6,289,487154,401935,1115,20,63,0.012174,0.368824,1944,-1,ok,0,0,0,0,1943,1
6,290,558487,858169,252,4,13,0.004568,0.142664,521,-1,ok,0,0,0,0,520,1
6,291,574271,660088,2395,40,113,0.02121,0.608966,3514,-1,ok,0,0,0,0,3513,1
6,292,41143,546444,721,12,51,0.01061,0.31318,1180,-1,ok,0,0,0,0,1179,1
6,293,760001,646214,1715,27,115,0.020007,0.43724,2458,-1,ok,0,0,0,0,2457,1
6,294,185761,377965,506,9,36,0.008184,0.20469,941,-1,ok,0,0,0,0,940,1
6,295,604576,736790,940,18,89,0.01623,0.302801,1427,-1,ok,0,0,0,0,1426,1
6,296,604356,279676,1122,19,65,0.012804,0.335902,1641,-1,ok,0,0,0,0,1640,1
6,297,467430,178127,281,5,22,0.005761,0.123368,356,-1,ok,0,0,0,0,355,1
6,298,473402,701873,1457,22,108,0.017704,0.369203,2000,-1,ok,0,0,0,0,1999,1
6,299,546168,470167,91,2,5,0.002465,0.111937,290,-1,ok,0,0,0,0,289,1
8,0,515417,637366,1801,8,19,0.007164,0.78918,4284,-1,ok,0,0,0,0,4283,1
8,1,221578,683609,709,3,10,0.003166,0.442779,2464,-1,ok,0,0,0,0,2463,1
8,2,566063,455879,224,2,3,0.002004,0.196453,525,-1,ok,0,0,0,0,524,1
8,3,364509,251282,377,2,3,0.001783,0.238882,1424,-1,ok,0,0,0,0,1423,1
8,4,713214,541596,268,2,5,0.001943,0.491419,2895,-1,ok,0,0,0,0,2894,1
8,5,708892,372109,865,3,8,0.003647,0.415359,2610,-1,ok,0,0,0,0,2609,1
8,6,549730,910635,485,4,7,0.002415,0.320062,1192,-1,ok,0,0,0,0,1191,1
8,7,428575,333335,686,3,8,0.003437,0.332214,1909,-1,ok,0,0,0,0,1908,1
8,8,103741,529812,1209,4,18,0.004829,0.570896,3580,-1,ok,0,0,0,0,3579,1
8,9,504438,99296,1284,4,18,0.004358,0.53509,3583,-1,ok,0,0,0,0,3582,1
8,10,503002,473385,659,3,8,0.002695,0.449892,2686,-1,ok,0,0,0,0,2685,1
8,11,594375,693937,1954,8,19,0.004417,0.794361,5021,-1,ok,0,0,0,0,5020,1
8,12,184179,575147,1336,7,31,0.006813,0.671393,3385,-1,ok,0,0,0,0,3384,1
8,13,84373,731343,822,3,10,0.002855,0.390513,1971,-1,ok,0,0,0,0,1970,1
8,14,533139,449475,806,4,16,0.004529,0.342414,2089,-1,ok,0,0,0,0,2088,1
8,15,800775,353868,725,6,10,0.002885,0.329942,1012,-1,ok,0,0,0,0,1011,1
8,16,580536,834346,1638,7,25,0.00515,0.776166,5007,-1,ok,0,0,0,0,5006,1
8,17,705977,179642,451,2,6,0.002846,0.294804,1258,-1,ok,0,0,0,0,1257,1
8,18,591189,502974,573,2,5,0.001964,0.425177,2750,-1,ok,0,0,0,0,2749,1
8,19,696806,606078,410,2,8,0.002565,0.463717,2957,-1,ok,0,0,0,0,2956,1
8,20,649644,351270,898,5,11,0.003206,0.525843,2797,-1,ok,0,0,0,0,2796,1
8,21,364679,647787,786,3,10,0.002866,0.450202,2581,-1,ok,0,0,0,0,2580,1
8,22,236480,558798,1348,7,31,0.006501,0.673878,3607,-1,ok,0,0,0,0,3606,1
8,23,429002,590281,593,4,9,0.002685,0.375135,1290,-1,ok,0,0,0,0,1289,1
8,24,732327,437963,2826,13,31,0.006341,0.930384,5899,-1,ok,0,0,0,0,5898,1
8,25,695045,573533,2638,12,30,0.005811,0.882754,5785,-1,ok,0,0,0,0,5784,1
8,26,653917,554134,819,5,14,0.004438,0.438642,2078,-1,ok,0,0,0,0,2077,1
8,27,591152,758487,1441,7,28,0.005901,0.625788,4038,-1,ok,0,0,0,0,4037,1
8,28,530231,797885,2838,13,33,0.006682,1.08867,6129,-1,ok,0,0,0,0,6128,1
8,29,461730,614781,2269,9,23,0.005128,0.898784,5910,-1,ok,0,0,0,0,5909,1
8,30,444980,608103,2053,9,32,0.006713,0.760577,4296,-1,ok,0,0,0,0,4295,1
8,31,625582,540051,1625,5,22,0.005129,0.640296,3872,-1,ok,0,0,0,0,3871,1
8,32,525321,196202,1187,4,18,0.004478,0.617923,3954,-1,ok,0,0,0,0,3953,1
8,33,478182,565842,1838,9,19,0.004609,0.73484,4225,-1,ok,0,0,0,0,4224,1
8,34,537719,542421,274,2,4,0.002615,0.190782,727,-1,ok,0,0,0,0,726,1
8,35,606091,561377,46,1,0,0.000621,0.182417,965,-1,ok,0,0,0,0,964,1
8,36,540484,237922,578,3,8,0.003487,0.362811,2117,-1,ok,0,0,0,0,2116,1
8,37,916340,481104,632,4,7,0.002355,0.314001,1627,-1,ok,0,0,0,0,1626,1
8,38,547698,473617,2323,9,30,0.00589,0.887312,5884,-1,ok,0,0,0,0,5883,1
8,39,503531,560189,206,3,4,0.002265,0.187456,559,-1,ok,0,0,0,0,558,1
8,40,528285,633179,2234,9,30,0.005641,0.866403,6069,-1,ok,0,0,0,0,6068,1
8,41,528291,124629,1240,4,18,0.004078,0.566709,3663,-1,ok,0,0,0,0,3662,1
8,42,218360,732318,1260,6,27,0.005901,0.510194,2475,-1,ok,0,0,0,0,2474,1
8,43,673429,646337,1726,8,19,0.004408,0.759255,4413,-1,ok,0,0,0,0,4412,1
8,44,677903,545932,2495,10,29,0.005891,0.873797,5656,-1,ok,0,0,0,0,5655,1
8,45,599861,473157,116,1,0,0.000721,0.167279,353,-1,ok,0,0,0,0,352,1
8,46,771679,448047,942,5,19,0.004278,0.411702,2573,-1,ok,0,0,0,0,2572,1
8,47,613652,373259,1541,6,28,0.006062,0.657778,4242,-1,ok,0,0,0,0,4241,1
8,48,559115,582478,645,3,3,0.001672,0.457556,1422,-1,ok,0,0,0,0,1421,1
8,49,138045,605112,1531,7,31,0.006623,0.659009,3402,-1,ok,0,0,0,0,3401,1
8,50,715274,544491,2277,8,23,0.005089,0.818044,5008,-1,ok,0,0,0,0,5007,1
8,51,118518,621231,1297,7,30,0.006392,0.607524,3510,-1,ok,0,0,0,0,3509,1
8,52,560125,876072,607,4,8,0.002575,0.313359,1642,-1,ok,0,0,0,0,1641,1
8,53,457330,549752,200,3,4,0.002103,0.135431,531,-1,ok,0,0,0,0,530,1
8,54,185650,870115,627,4,15,0.004167,0.40519,2314,-1,ok,0,0,0,0,2313,1
8,55,519871,693835,2142,8,19,0.004328,0.746462,4763,-1,ok,0,0,0,0,4762,1
8,56,140914,484062,1346,7,30,0.006002,0.569193,3447,-1,ok,0,0,0,0,3446,1
8,57,630216,170691,1277,7,16,0.004007,0.580274,3600,-1,ok,0,0,0,0,3599,1
8,58,686374,577768,450,1,0,0.000761,0.194439,645,-1,ok,0,0,0,0,644,1
8,59,625714,607337,2167,9,23,0.004477,0.91307,6092,-1,ok,0,0,0,0,6091,1
8,60,160386,877813,1001,4,16,0.004419,0.472545,2218,-1,ok,0,0,0,0,2217,1
8,61,557207,713255,2128,9,19,0.004268,0.769705,4953,-1,ok,0,0,0,0,4952,1
8,62,689095,577712,931,5,11,0.003026,0.479867,2506,-1,ok,0,0,0,0,2505,1
8,63,118518,543922,1546,8,32,0.006532,0.634994,3793,-1,ok,0,0,0,0,3792,1
8,64,743230,714700,454,2,5,0.002153,0.532525,3095,-1,ok,0,0,0,0,3094,1
8,65,451281,500222,1729,8,19,0.004037,0.643151,3924,-1,ok,0,0,0,0,3923,1
8,66,87326,638815,783,3,10,0.002885,0.37774,1968,-1,ok,0,0,0,0,1967,1
8,67,873089,178288,543,3,8,0.002706,0.30274,1692,-1,ok,0,0,0,0,1691,1
8,68,540231,698411,324,2,8,0.002484,0.520844,3509,-1,ok,0,0,0,0,3508,1
8,69,608054,502046,428,3,5,0.002384,0.241226,873,-1,ok,0,0,0,0,872,1
8,70,551981,134941,1142,3,16,0.003857,0.416813,2359,-1,ok,0,0,0,0,2358,1
8,71,463217,908917,606,4,8,0.002434,0.324611,1793,-1,ok,0,0,0,0,1792,1
8,72,633916,540912,2768,11,32,0.006502,0.942655,5989,-1,ok,0,0,0,0,5988,1
8,73,797852,552425,1119,6,11,0.002996,0.543586,2734,-1,ok,0,0,0,0,2733,1
8,74,746160,847884,1478,5,25,0.0054,0.600021,3665,-1,ok,0,0,0,0,3664,1
8,75,759766,548195,703,5,14,0.004197,0.435426,2212,-1,ok,0,0,0,0,2211,1
8,76,413741,394099,778,2,5,0.002004,0.394951,2307,-1,ok,0,0,0,0,2306,1
8,77,913394,471896,1104,5,19,0.004459,0.553003,3049,-1,ok,0,0,0,0,3048,1
8,78,652297,501706,101,1,0,0.000681,0.203918,950,-1,ok,0,0,0,0,949,1
8,79,528306,440834,2348,9,30,0.005811,0.863769,5839,-1,ok,0,0,0,0,5838,1
8,80,579216,344905,687,3,14,0.004427,0.44841,2618,-1,ok,0,0,0,0,2617,1
8,81,291425,565940,613,3,12,0.003336,0.315914,1754,-1,ok,0,0,0,0,1753,1
8,82,560203,166249,1334,8,16,0.004027,0.611161,3607,-1,ok,0,0,0,0,3606,1
8,83,725367,601383,506,2,5,0.002145,0.506568,2991,-1,ok,0,0,0,0,2990,1
8,84,690950,626446,632,3,15,0.004228,0.531744,3207,-1,ok,0,0,0,0,3206,1
8,85,885107,623720,1723,6,23,0.004929,0.760297,5170,-1,ok,0,0,0,0,5169,1
8,86,452862,582210,1864,9,19,0.004548,0.770096,4341,-1,ok,0,0,0,0,4340,1
8,87,643668,475109,189,2,5,0.002124,0.182537,602,-1,ok,0,0,0,0,601,1
8,88,72436,674500,1030,3,10,0.002704,0.385603,2397,-1,ok,0,0,0,0,2396,1
8,89,868641,853704,37,1,0,0.000722,0.106328,362,-1,ok,0,0,0,0,361,1
8,90,644709,548157,2038,8,30,0.00587,0.782568,4939,-1,ok,0,0,0,0,4938,1
8,91,582005,373594,1217,5,18,0.004629,0.71305,4368,-1,ok,0,0,0,0,4367,1
8,92,677416,621320,2042,8,28,0.00529,0.819346,5589,-1,ok,0,0,0,0,5588,1
8,93,705859,580720,219,1,0,0.000992,0.201522,858,-1,ok,0,0,0,0,857,1
8,94,431412,580719,607,3,9,0.002536,0.390693,2632,-1,ok,0,0,0,0,2631,1
8,95,437348,552419,661,2,8,0.002465,0.390423,2502,-1,ok,0,0,0,0,2501,1
8,96,758271,503460,743,5,14,0.004188,0.398887,2172,-1,ok,0,0,0,0,2171,1
8,97,868701,479347,1176,5,19,0.004388,0.515165,3171,-1,ok,0,0,0,0,3170,1
8,98,562097,501182,3169,12,29,0.006052,1.16262,6550,-1,ok,0,0,0,0,6549,1
8,99,278199,257290,49,1,0,0.000691,0.069098,174,-1,ok,0,0,0,0,173,1
8,100,570049,534288,47,1,0,0.000612,0.045234,74,-1,ok,0,0,0,0,73,1
8,101,541954,728137,425,1,0,0.000601,0.317628,1522,-1,ok,0,0,0,0,1521,1
8,102,215378,85837,389,2,3,0.001843,0.188369,942,-1,ok,0,0,0,0,941,1
8,103,589928,544726,2226,9,23,0.004648,0.898854,5973,-1,ok,0,0,0,0,5972,1
8,104,541522,549453,805,2,8,0.002615,0.406052,2150,-1,ok,0,0,0,0,2149,1
8,105,502684,483770,978,3,11,0.002884,0.337546,1933,-1,ok,0,0,0,0,1932,1
8,106,185739,464682,1225,6,20,0.005048,0.526856,2856,-1,ok,0,0,0,0,2855,1
8,107,564997,595611,2276,10,19,0.004409,0.879667,5155,-1,ok,0,0,0,0,5154,1
8,108,589155,636201,2476,9,28,0.00564,0.831389,5143,-1,ok,0,0,0,0,5142,1
8,109,531285,901687,2128,7,27,0.00541,0.850864,5345,-1,ok,0,0,0,0,5344,1
8,110,732706,576220,224,1,0,0.000711,0.219427,855,-1,ok,0,0,0,0,854,1
8,111,109733,638731,1000,3,10,0.002785,0.430616,2631,-1,ok,0,0,0,0,2630,1
8,112,662568,191645,835,3,8,0.003567,0.446185,2820,-1,ok,0,0,0,0,2819,1
8,113,374965,759941,1238,5,17,0.004758,0.444093,2701,-1,ok,0,0,0,0,2700,1
8,114,719164,27693,1169,4,18,0.004187,0.573821,3614,-1,ok,0,0,0,0,3613,1
8,115,752294,934231,163,2,2,0.001673,0.25968,1036,-1,ok,0,0,0,0,1035,1
8,116,655535,844782,573,4,8,0.002425,0.358192,1718,-1,ok,0,0,0,0,1717,1
8,117,474798,607811,1695,8,30,0.005851,0.613315,3812,-1,ok,0,0,0,0,3811,1
8,118,913321,352359,1830,7,28,0.006022,0.759095,4687,-1,ok,0,0,0,0,4686,1
8,119,458475,638815,192,1,0,0.000731,0.222111,909,-1,ok,0,0,0,0,908,1
8,120,185587,899904,797,4,15,0.004248,0.399538,2226,-1,ok,0,0,0,0,2225,1
8,121,660993,722496,1439,5,24,0.004799,0.684236,4640,-1,ok,0,0,0,0,4639,1
8,122,587664,590978,396,3,7,0.002583,0.25914,989,-1,ok,0,0,0,0,988,1
8,123,227425,627948,1391,5,26,0.005571,0.565897,3556,-1,ok,0,0,0,0,3555,1
8,124,404568,507174,380,2,7,0.002354,0.141431,523,-1,ok,0,0,0,0,522,1
8,125,234885,555140,1077,4,18,0.004148,0.55187,3856,-1,ok,0,0,0,0,3855,1
8,126,379198,738927,1657,6,24,0.004859,0.69134,4486,-1,ok,0,0,0,0,4485,1
8,127,516377,549670,2291,9,30,0.020227,0.892942,5928,-1,ok,0,0,0,0,5927,1
8,128,346621,479141,772,4,18,0.004648,0.440253,2933,-1,ok,0,0,0,0,2932,1
8,129,380939,508659,970,4,22,0.004839,0.421419,2449,-1,ok,0,0,0,0,2448,1
8,130,549667,582479,32,1,0,0.000672,0.116125,369,-1,ok,0,0,0,0,368,1
8,131,231944,556389,1377,5,26,0.00547,0.53524,3580,-1,ok,0,0,0,0,3579,1
8,132,444980,143997,639,3,8,0.003578,0.29192,1466,-1,ok,0,0,0,0,1465,1
8,133,553121,561095,2824,11,23,0.0048,1.16746,6985,-1,ok,0,0,0,0,6984,1
8,134,557186,599599,2595,11,29,0.006202,0.910105,5648,-1,ok,0,0,0,0,5647,1
8,135,752223,476482,939,4,23,0.00511,0.549648,2718,-1,ok,0,0,0,0,2717,1
8,136,668229,470670,2659,11,30,0.005972,0.981717,5624,-1,ok,0,0,0,0,5623,1
8,137,328875,564452,195,2,8,0.002735,0.314632,1616,-1,ok,0,0,0,0,1615,1
8,138,642157,729840,1731,7,19,0.004408,0.649934,3936,-1,ok,0,0,0,0,3935,1
8,139,90305,752572,987,5,17,0.004217,0.445856,2424,-1,ok,0,0,0,0,2423,1
8,140,540469,868590,1095,5,25,0.005179,0.514874,2974,-1,ok,0,0,0,0,2973,1
8,141,554237,542468,341,1,0,0.000711,0.248188,678,-1,ok,0,0,0,0,677,1
8,142,552875,544670,2521,10,23,0.004569,0.953934,6302,-1,ok,0,0,0,0,6301,1
8,143,489779,135045,582,3,8,0.003627,0.3347,1717,-1,ok,0,0,0,0,1716,1
8,144,684986,321427,899,3,8,0.003166,0.497901,3104,-1,ok,0,0,0,0,3103,1
8,145,551199,39629,1264,6,11,0.004418,0.522225,2687,-1,ok,0,0,0,0,2686,1
8,146,161784,518507,1403,8,32,0.006902,0.6159,3718,-1,ok,0,0,0,0,3717,1
8,147,916310,555655,611,4,7,0.002395,0.324401,1648,-1,ok,0,0,0,0,1647,1
8,148,358724,558670,1036,7,31,0.006612,0.549235,3385,-1,ok,0,0,0,0,3384,1
8,149,491303,659590,417,1,0,0.000651,0.324471,1566,-1,ok,0,0,0,0,1565,1
8,150,551910,879052,1906,7,25,0.005029,0.717228,4371,-1,ok,0,0,0,0,4370,1
8,151,548928,513895,2545,10,30,0.006181,0.839804,5574,-1,ok,0,0,0,0,5573,1
8,152,544907,516738,841,4,23,0.005178,0.413186,2470,-1,ok,0,0,0,0,2469,1
8,153,596621,550078,3073,12,33,0.006222,1.04191,6546,-1,ok,0,0,0,0,6545,1
8,154,457377,679268,965,6,10,0.002905,0.515404,2306,-1,ok,0,0,0,0,2305,1
8,155,888007,738901,148,2,5,0.002103,0.232871,1031,-1,ok,0,0,0,0,1030,1
8,156,557446,245356,1550,8,11,0.002695,0.64323,3837,-1,ok,0,0,0,0,3836,1
8,157,269058,233403,285,2,3,0.001864,0.24877,1308,-1,ok,0,0,0,0,1307,1
8,158,561143,482354,629,3,8,0.002675,0.503211,2830,-1,ok,0,0,0,0,2829,1
8,159,476616,512534,204,2,4,0.002023,0.125981,437,-1,ok,0,0,0,0,436,1
8,160,651112,289929,1373,6,16,0.004158,0.482252,2944,-1,ok,0,0,0,0,2943,1
8,161,728484,372110,264,2,3,0.001904,0.355217,1937,-1,ok,0,0,0,0,1936,1
8,162,569402,643340,2200,10,19,0.00494,1.21973,5163,-1,ok,0,0,0,0,5162,1
8,163,148333,409238,245,2,4,0.002665,0.172439,366,-1,ok,0,0,0,0,365,1
8,164,464750,373454,1640,8,16,0.003908,0.580293,3653,-1,ok,0,0,0,0,3652,1
8,165,355695,858397,800,4,16,0.004318,0.528779,2585,-1,ok,0,0,0,0,2584,1
8,166,671610,490121,1975,9,31,0.006973,0.775014,4520,-1,ok,0,0,0,0,4519,1
8,167,620032,817899,1017,5,9,0.002574,0.418665,2186,-1,ok,0,0,0,0,2185,1
8,168,475138,561483,915,5,10,0.002805,0.364594,1866,-1,ok,0,0,0,0,1865,1
8,169,677523,564943,2418,10,33,0.006572,0.977379,5883,-1,ok,0,0,0,0,5882,1
8,170,547139,894242,1009,5,7,0.002555,0.461705,2146,-1,ok,0,0,0,0,2145,1
8,171,513656,703356,1488,7,28,0.005351,0.587829,3681,-1,ok,0,0,0,0,3680,1
8,172,561653,646343,1780,9,19,0.004428,0.726304,4329,-1,ok,0,0,0,0,4328,1
8,173,452860,580211,2703,11,29,0.006062,1.00766,5684,-1,ok,0,0,0,0,5683,1
8,174,457346,589806,992,6,10,0.002896,0.413114,2167,-1,ok,0,0,0,0,2166,1
8,175,125970,564306,414,2,5,0.002464,0.219899,971,-1,ok,0,0,0,0,970,1
8,176,432903,536123,1450,6,24,0.00487,0.668096,4175,-1,ok,0,0,0,0,4174,1
8,177,586708,335970,692,3,14,0.004318,0.466723,2665,-1,ok,0,0,0,0,2664,1
8,178,127595,700137,422,2,8,0.002666,0.268827,1311,-1,ok,0,0,0,0,1310,1
8,179,538665,123021,1064,3,16,0.003927,0.445684,2909,-1,ok,0,0,0,0,2908,1
8,180,352712,882018,430,3,11,0.003587,0.393088,2067,-1,ok,0,0,0,0,2066,1
8,181,570105,642882,409,4,10,0.003447,0.281401,1046,-1,ok,0,0,0,0,1045,1
8,182,236454,64964,158,1,0,0.000621,0.165667,723,-1,ok,0,0,0,0,722,1
8,183,547182,801522,1262,6,9,0.002414,0.49706,2531,-1,ok,0,0,0,0,2530,1
8,184,684920,553657,177,2,5,0.001973,0.528729,3364,-1,ok,0,0,0,0,3363,1
8,185,552875,351270,1255,7,11,0.002755,0.612253,3680,-1,ok,0,0,0,0,3679,1
8,186,492765,584268,2039,10,33,0.006763,0.834293,4784,-1,ok,0,0,0,0,4783,1
8,187,155792,743182,560,2,5,0.002534,0.317358,1335,-1,ok,0,0,0,0,1334,1
8,188,433249,556063,1470,7,23,0.005711,0.487311,2847,-1,ok,0,0,0,0,2846,1
8,189,675909,548947,322,1,0,0.00066,0.183209,671,-1,ok,0,0,0,0,670,1
8,190,801727,652069,1904,7,23,0.00486,0.799189,5255,-1,ok,0,0,0,0,5254,1
8,191,424436,194685,1235,6,11,0.003036,0.528196,3010,-1,ok,0,0,0,0,3009,1
8,192,568596,520838,78,2,2,0.001433,0.234484,1263,-1,ok,0,0,0,0,1262,1
8,193,537052,487130,2582,10,31,0.019555,0.887953,5575,-1,ok,0,0,0,0,5574,1
8,194,287117,597610,1357,7,31,0.006683,0.592977,3612,-1,ok,0,0,0,0,3611,1
8,195,734217,369103,902,3,8,0.004378,0.455833,2649,-1,ok,0,0,0,0,2648,1
8,196,609326,594424,18,1,0,0.000662,0.036198,59,-1,ok,0,0,0,0,58,1
8,197,555356,373478,150,2,6,0.002445,0.233242,1041,-1,ok,0,0,0,0,1040,1
8,198,538782,596393,2887,12,33,0.006523,1.06867,7264,-1,ok,0,0,0,0,7263,1
8,199,853804,764242,234,1,0,0.000782,0.15128,427,-1,ok,0,0,0,0,426,1
8,200,546144,731449,1563,5,24,0.004648,0.673586,4662,-1,ok,0,0,0,0,4661,1
8,201,546580,470520,70,1,0,0.000671,0.093181,243,-1,ok,0,0,0,0,242,1
8,202,587180,610058,2820,11,29,0.006051,1.04818,6019,-1,ok,0,0,0,0,6018,1
8,203,554148,555672,34,1,0,0.000632,0.057565,127,-1,ok,0,0,0,0,126,1
8,204,618603,576023,2630,11,23,0.004679,1.06028,6863,-1,ok,0,0,0,0,6862,1
8,205,111185,663982,1131,4,18,0.004679,0.591825,3710,-1,ok,0,0,0,0,3709,1
8,206,558415,519079,908,4,15,0.004257,0.401624,2239,-1,ok,0,0,0,0,2238,1
8,207,273703,668225,1512,6,28,0.00584,0.594409,3757,-1,ok,0,0,0,0,3756,1
8,208,342313,675920,1135,4,18,0.004108,0.633712,4210,-1,ok,0,0,0,0,4209,1
8,209,455838,475237,29,1,0,0.000782,0.081511,182,-1,ok,0,0,0,0,181,1
8,210,407548,553070,2852,11,33,0.007223,1.1787,6765,-1,ok,0,0,0,0,6764,1
8,211,504813,914851,324,2,2,0.001683,0.234303,727,-1,ok,0,0,0,0,726,1
8,212,547561,230431,1222,4,18,0.004077,0.528338,3481,-1,ok,0,0,0,0,3480,1
8,213,466238,312299,1571,8,16,0.004188,0.65364,3582,-1,ok,0,0,0,0,3581,1
8,214,234897,536226,1213,6,20,0.00503,0.581597,3176,-1,ok,0,0,0,0,3175,1
8,215,580756,561650,1750,9,32,0.006933,0.696509,4333,-1,ok,0,0,0,0,4332,1
8,216,744886,554466,1138,7,23,0.005752,0.514021,2921,-1,ok,0,0,0,0,2920,1
8,217,864144,644857,1147,5,19,0.004488,0.536694,3040,-1,ok,0,0,0,0,3039,1
8,218,155929,549165,1194,4,18,0.004388,0.595994,3703,-1,ok,0,0,0,0,3702,1
8,219,734340,664355,1063,5,23,0.005259,0.506918,2890,-1,ok,0,0,0,0,2889,1
8,220,483567,570424,1455,5,24,0.004779,0.656686,4252,-1,ok,0,0,0,0,4251,1
8,221,639206,652049,2073,8,23,0.005089,0.842559,5514,-1,ok,0,0,0,0,5513,1
8,222,93334,537056,1452,4,18,0.005931,0.557972,3017,-1,ok,0,0,0,0,3016,1
8,223,603581,431982,437,3,5,0.002234,0.27005,816,-1,ok,0,0,0,0,815,1
8,224,439095,658592,1491,7,28,0.006051,0.592477,3486,-1,ok,0,0,0,0,3485,1
8,225,814923,899971,128,1,0,0.000692,0.144437,587,-1,ok,0,0,0,0,586,1
8,226,498998,590659,2587,10,29,0.006152,0.892441,5568,-1,ok,0,0,0,0,5567,1
8,227,559098,530053,2275,10,19,0.004488,0.908661,5112,-1,ok,0,0,0,0,5111,1
8,228,549050,87356,1368,4,18,0.004438,0.562511,3093,-1,ok,0,0,0,0,3092,1
8,229,507967,791931,2780,14,33,0.006581,1.05003,6135,-1,ok,0,0,0,0,6134,1
8,230,403304,932996,1476,6,27,0.00599,0.661524,3375,-1,ok,0,0,0,0,3374,1
8,231,779288,400102,1980,7,26,0.005631,0.743876,4931,-1,ok,0,0,0,0,4930,1
8,232,115537,717680,835,3,14,0.003958,0.582117,2954,-1,ok,0,0,0,0,2953,1
8,233,625715,531035,2478,10,29,0.006292,1.19014,5621,-1,ok,0,0,0,0,5620,1
8,234,12779,392632,1393,4,18,0.004578,0.547954,3268,-1,ok,0,0,0,0,3267,1
8,235,491073,550893,600,3,8,0.002725,0.557352,2803,-1,ok,0,0,0,0,2802,1
8,236,544640,612058,608,2,8,0.002375,0.447137,2891,-1,ok,0,0,0,0,2890,1
8,237,349394,221491,1219,5,18,0.004189,0.639275,3790,-1,ok,0,0,0,0,3789,1
8,238,643343,800035,1098,5,25,0.00534,0.585243,2945,-1,ok,0,0,0,0,2944,1
8,239,466292,494384,1056,6,10,0.002685,0.453429,2079,-1,ok,0,0,0,0,2078,1
8,240,263294,711941,727,3,10,0.002926,0.465171,2462,-1,ok,0,0,0,0,2461,1
8,241,540708,407534,2386,9,23,0.004809,0.872965,5775,-1,ok,0,0,0,0,5774,1
8,242,407548,728111,217,1,0,0.000721,0.176177,400,-1,ok,0,0,0,0,399,1
8,243,495501,485664,2437,10,31,0.006272,1.02832,6036,-1,ok,0,0,0,0,6035,1
8,244,720906,179696,594,3,8,0.003777,0.423583,2347,-1,ok,0,0,0,0,2346,1
8,245,650350,482575,2675,11,30,0.020428,0.894385,5666,-1,ok,0,0,0,0,5665,1
8,246,638652,817933,1535,6,25,0.004778,0.758565,4824,-1,ok,0,0,0,0,4823,1
8,247,548934,567346,842,3,11,0.003096,0.464149,2291,-1,ok,0,0,0,0,2290,1
8,248,573392,445311,937,5,14,0.004629,0.336723,1868,-1,ok,0,0,0,0,1867,1
8,249,791829,669974,699,6,11,0.002965,0.60992,3316,-1,ok,0,0,0,0,3315,1
8,250,181289,193174,55,1,0,0.000661,0.194871,944,-1,ok,0,0,0,0,943,1
8,251,734304,877601,1239,5,25,0.00513,0.531643,3244,-1,ok,0,0,0,0,3243,1
8,252,541771,272040,815,4,16,0.004008,0.48646,2956,-1,ok,0,0,0,0,2955,1
8,253,555426,520840,632,3,5,0.002094,0.452698,2603,-1,ok,0,0,0,0,2602,1
8,254,554148,468913,1653,8,19,0.004368,0.714542,3998,-1,ok,0,0,0,0,3997,1
8,255,407897,554527,1448,7,23,0.005721,0.685109,2739,-1,ok,0,0,0,0,2738,1
8,256,476137,886494,1697,6,25,0.004788,0.710885,4658,-1,ok,0,0,0,0,4657,1
8,257,647690,523082,2414,9,32,0.006742,0.877164,5535,-1,ok,0,0,0,0,5534,1
8,258,841766,458240,1678,6,23,0.005139,0.753053,4571,-1,ok,0,0,0,0,4570,1
8,259,462910,637233,417,1,0,0.000802,0.280308,1328,-1,ok,0,0,0,0,1327,1
8,260,536976,551877,19,1,0,0.000631,0.039824,64,-1,ok,0,0,0,0,63,1
8,261,42610,554524,1736,8,33,0.006662,0.612484,3593,-1,ok,0,0,0,0,3592,1
8,262,613794,229015,1113,6,11,0.003075,0.785774,3312,-1,ok,0,0,0,0,3311,1
8,263,786608,624950,1914,7,29,0.006072,0.758834,4241,-1,ok,0,0,0,0,4240,1
8,264,412226,542166,1648,8,30,0.006613,0.659431,3575,-1,ok,0,0,0,0,3574,1
8,265,578007,584682,2557,10,29,0.006041,0.852478,5610,-1,ok,0,0,0,0,5609,1
8,266,129099,357177,198,1,0,0.000771,0.24302,1017,-1,ok,0,0,0,0,1016,1
8,267,670451,218543,1088,6,11,0.002735,0.532566,3285,-1,ok,0,0,0,0,3284,1
8,268,636901,562811,880,3,11,0.002815,0.468667,2371,-1,ok,0,0,0,0,2370,1
8,269,161898,720900,750,3,10,0.003035,0.40514,2145,-1,ok,0,0,0,0,2144,1
8,270,536127,726744,1037,4,16,0.004619,0.525813,3340,-1,ok,0,0,0,0,3339,1
8,271,182733,659592,907,3,10,0.002776,0.467776,2904,-1,ok,0,0,0,0,2903,1
8,272,557521,334467,2898,12,28,0.006081,3.38862,6741,-1,ok,0,0,0,0,6740,1
8,273,550876,844900,1310,5,25,0.006021,0.765457,3355,-1,ok,0,0,0,0,3354,1
8,274,442000,527458,1850,9,32,0.006432,0.706789,3987,-1,ok,0,0,0,0,3986,1
8,275,163378,695363,985,3,10,0.002906,0.50225,2610,-1,ok,0,0,0,0,2609,1
8,276,469207,449288,2393,10,23,0.005079,1.02755,6032,-1,ok,0,0,0,0,6031,1
8,277,621533,503471,384,2,2,0.001712,0.24274,799,-1,ok,0,0,0,0,798,1
8,278,584186,780781,627,5,9,0.002345,0.376306,2360,-1,ok,0,0,0,0,2359,1
8,279,537110,215501,1213,4,18,0.004237,0.580364,3436,-1,ok,0,0,0,0,3435,1
8,280,552659,521369,42,1,0,0.000691,0.061293,161,-1,ok,0,0,0,0,160,1
8,281,470354,521484,1808,9,32,0.006311,0.661925,4031,-1,ok,0,0,0,0,4030,1
8,282,779294,490035,423,4,7,0.002756,0.332014,1922,-1,ok,0,0,0,0,1921,1
8,283,856695,383684,1735,6,23,0.004859,0.721706,4530,-1,ok,0,0,0,0,4529,1
8,284,856911,565634,2043,8,25,0.00543,0.890459,5422,-1,ok,0,0,0,0,5421,1
8,285,226029,617772,1109,4,18,0.004479,0.667435,4110,-1,ok,0,0,0,0,4109,1
8,286,273528,498716,214,2,5,0.002655,0.191925,809,-1,ok,0,0,0,0,808,1
8,287,585019,659525,120,2,2,0.001573,0.279208,1479,-1,ok,0,0,0,0,1478,1
8,288,714688,746144,256,2,8,0.002525,0.489335,3153,-1,ok,0,0,0,0,3152,1
8,289,487154,401935,1115,6,10,0.002755,0.433803,1990,-1,ok,0,0,0,0,1989,1
8,290,558487,858169,252,2,2,0.001593,0.209518,705,-1,ok,0,0,0,0,704,1
8,291,574271,660088,2395,9,28,0.005501,0.824314,5126,-1,ok,0,0,0,0,5125,1
8,292,41143,546444,721,3,10,0.003096,0.341412,1626,-1,ok,0,0,0,0,1625,1
8,293,760001,646214,1715,7,19,0.004509,0.738937,4788,-1,ok,0,0,0,0,4787,1
8,294,185761,377965,506,2,6,0.002244,0.276993,1337,-1,ok,0,0,0,0,1336,1
8,295,604576,736790,940,5,22,0.00481,0.501057,2593,-1,ok,0,0,0,0,2592,1
8,296,604356,279676,1122,4,18,0.004217,0.617153,4133,-1,ok,0,0,0,0,4132,1
8,297,467430,178127,281,2,6,0.002856,0.202135,742,-1,ok,0,0,0,0,741,1
8,298,473402,701873,1457,7,28,0.005309,0.572029,3620,-1,ok,0,0,0,0,3619,1
8,299,546168,470167,91,1,0,0.000681,0.120633,290,-1,ok,0,0,0,0,289,1
10,0,515417,637366,1801,3,5,0.002624,1.30544,9292,-1,ok,0,0,0,0,9291,1
10,1,221578,683609,709,1,0,0.000801,0.498893,2464,-1,ok,0,0,0,0,2463,1
10,2,566063,455879,224,2,3,0.001854,0.181726,525,-1,ok,0,0,0,0,524,1
10,3,364509,251282,377,1,0,0.000712,0.242118,1424,-1,ok,0,0,0,0,1423,1
10,4,713214,541596,268,1,0,0.000612,0.652467,4507,-1,ok,0,0,0,0,4506,1
10,5,708892,372109,865,1,0,0.000681,0.452377,2610,-1,ok,0,0,0,0,2609,1
10,6,549730,910635,485,3,3,0.001684,0.324339,1192,-1,ok,0,0,0,0,1191,1
10,7,428575,333335,686,1,0,0.000641,0.312659,1909,-1,ok,0,0,0,0,1908,1
10,8,103741,529812,1209,1,0,0.000622,0.628333,4372,-1,ok,0,0,0,0,4371,1
10,9,504438,99296,1284,1,0,0.000792,0.619667,4375,-1,ok,0,0,0,0,4374,1
10,10,503002,473385,659,1,0,0.00062,0.623113,4298,-1,ok,0,0,0,0,4297,1
10,11,594375,693937,1954,3,5,0.001884,1.42198,10029,-1,ok,0,0,0,0,10028,1
10,12,184179,575147,1336,4,5,0.002053,1.51687,9835,-1,ok,0,0,0,0,9834,1
10,13,84373,731343,822,1,0,0.000731,0.451134,1971,-1,ok,0,0,0,0,1970,1
10,14,533139,449475,806,1,0,0.000671,0.371035,2089,-1,ok,0,0,0,0,2088,1
10,15,800775,353868,725,1,0,0.000662,0.31917,1012,-1,ok,0,0,0,0,1011,1
10,16,580536,834346,1638,1,0,0.000611,0.855904,5799,-1,ok,0,0,0,0,5798,1
10,17,705977,179642,451,1,0,0.000761,0.289566,1258,-1,ok,0,0,0,0,1257,1
10,18,591189,502974,573,1,0,0.000872,0.5995,4362,-1,ok,0,0,0,0,4361,1
10,19,696806,606078,410,1,0,0.000721,0.650315,4569,-1,ok,0,0,0,0,4568,1
10,20,649644,351270,898,2,3,0.002094,1.34932,9247,-1,ok,0,0,0,0,9246,1
10,21,364679,647787,786,1,0,0.000631,0.497411,2581,-1,ok,0,0,0,0,2580,1
10,22,236480,558798,1348,4,5,0.001913,1.5003,10057,-1,ok,0,0,0,0,10056,1
10,23,429002,590281,593,3,4,0.001953,0.484476,1290,-1,ok,0,0,0,0,1289,1
10,24,732327,437963,2826,4,4,0.001784,1.01129,6681,-1,ok,0,0,0,0,6680,1
10,25,695045,573533,2638,3,3,0.015389,0.964454,6567,-1,ok,0,0,0,0,6566,1
10,26,653917,554134,819,3,3,0.001603,1.42944,10054,-1,ok,0,0,0,0,10053,1
10,27,591152,758487,1441,2,2,0.001513,1.27428,9046,-1,ok,0,0,0,0,9045,1
10,28,530231,797885,2838,3,5,0.001943,1.2051,6911,-1,ok,0,0,0,0,6910,1
10,29,461730,614781,2269,3,5,0.002134,0.984841,6692,-1,ok,0,0,0,0,6691,1
10,30,444980,608103,2053,4,5,0.001874,1.40515,9304,-1,ok,0,0,0,0,9303,1
10,31,625582,540051,1625,1,0,0.000692,0.748806,4664,-1,ok,0,0,0,0,4663,1
10,32,525321,196202,1187,1,0,0.000661,0.666815,4746,-1,ok,0,0,0,0,4745,1
10,33,478182,565842,1838,4,5,0.002074,1.30388,9233,-1,ok,0,0,0,0,9232,1
10,34,537719,542421,274,2,4,0.002084,0.228663,727,-1,ok,0,0,0,0,726,1
10,35,606091,561377,46,1,0,0.000642,0.184852,965,-1,ok,0,0,0,0,964,1
10,36,540484,237922,578,1,0,0.000642,0.371248,2117,-1,ok,0,0,0,0,2116,1
10,37,916340,481104,632,3,3,0.001493,1.46131,10397,-1,ok,0,0,0,0,10396,1
10,38,547698,473617,2323,3,3,0.001513,1.02155,6666,-1,ok,0,0,0,0,6665,1
10,39,503531,560189,206,3,4,0.001772,0.196293,559,-1,ok,0,0,0,0,558,1
10,40,528285,633179,2234,3,3,0.001472,0.960167,6851,-1,ok,0,0,0,0,6850,1
10,41,528291,124629,1240,1,0,0.000752,0.64806,4455,-1,ok,0,0,0,0,4454,1
10,42,218360,732318,1260,1,0,0.000681,0.576787,3267,-1,ok,0,0,0,0,3266,1
10,43,673429,646337,1726,3,5,0.001914,1.37335,9421,-1,ok,0,0,0,0,9420,1
10,44,677903,545932,2495,3,5,0.002003,0.991976,6438,-1,ok,0,0,0,0,6437,1
10,45,599861,473157,116,1,0,0.000732,0.153614,353,-1,ok,0,0,0,0,352,1
10,46,771679,448047,942,1,0,0.000662,0.419967,2573,-1,ok,0,0,0,0,2572,1
10,47,613652,373259,1541,1,0,0.000652,0.631369,4242,-1,ok,0,0,0,0,4241,1
10,48,559115,582478,645,2,2,0.001363,0.45927,1422,-1,ok,0,0,0,0,1421,1
10,49,138045,605112,1531,4,5,0.001733,1.45148,9852,-1,ok,0,0,0,0,9851,1
10,50,715274,544491,2277,2,3,0.001874,0.923759,5790,-1,ok,0,0,0,0,5789,1
10,51,118518,621231,1297,3,3,0.001733,1.21329,8518,-1,ok,0,0,0,0,8517,1
10,52,560125,876072,607,3,5,0.001974,1.49717,10412,-1,ok,0,0,0,0,10411,1
10,53,457330,549752,200,3,4,0.002044,0.207164,531,-1,ok,0,0,0,0,530,1
10,54,185650,870115,627,1,0,0.000612,0.386134,2314,-1,ok,0,0,0,0,2313,1
10,55,519871,693835,2142,3,5,0.001783,1.32157,9771,-1,ok,0,0,0,0,9770,1
10,56,140914,484062,1346,3,3,0.001753,1.22465,8455,-1,ok,0,0,0,0,8454,1
10,57,630216,170691,1277,3,5,0.001883,1.2287,8608,-1,ok,0,0,0,0,8607,1
10,58,686374,577768,450,1,0,0.000792,0.197616,645,-1,ok,0,0,0,0,644,1
10,59,625714,607337,2167,3,5,0.001752,0.94535,6874,-1,ok,0,0,0,0,6873,1
10,60,160386,877813,1001,2,2,0.001462,1.35013,9284,-1,ok,0,0,0,0,9283,1
10,61,557207,713255,2128,4,5,0.001933,1.4214,9961,-1,ok,0,0,0,0,9960,1
10,62,689095,577712,931,1,0,0.000641,0.693184,4118,-1,ok,0,0,0,0,4117,1
10,63,118518,543922,1546,4,5,0.001813,1.30933,8801,-1,ok,0,0,0,0,8800,1
10,64,743230,714700,454,1,0,0.000731,0.76204,4707,-1,ok,0,0,0,0,4706,1
10,65,451281,500222,1729,3,5,0.001963,1.27843,8932,-1,ok,0,0,0,0,8931,1
10,66,87326,638815,783,1,0,0.000852,0.420689,1968,-1,ok,0,0,0,0,1967,1
10,67,873089,178288,543,1,0,0.000671,0.474488,3134,-1,ok,0,0,0,0,3133,1
10,68,540231,698411,324,1,0,0.000631,0.716716,5121,-1,ok,0,0,0,0,5120,1
10,69,608054,502046,428,3,4,0.002134,0.288614,873,-1,ok,0,0,0,0,872,1
10,70,551981,134941,1142,1,0,0.000741,0.468227,3151,-1,ok,0,0,0,0,3150,1
10,71,463217,908917,606,3,5,0.001894,1.47173,10563,-1,ok,0,0,0,0,10562,1
10,72,633916,540912,2768,4,5,0.001943,1.07783,6771,-1,ok,0,0,0,0,6770,1
10,73,797852,552425,1119,1,0,0.000771,0.732385,4346,-1,ok,0,0,0,0,4345,1
10,74,746160,847884,1478,1,0,0.000681,0.6106,3665,-1,ok,0,0,0,0,3664,1
10,75,759766,548195,703,3,3,0.001593,1.4592,10188,-1,ok,0,0,0,0,10187,1
10,76,413741,394099,778,1,0,0.000681,0.613266,3919,-1,ok,0,0,0,0,3918,1
10,77,913394,471896,1104,1,0,0.000721,0.528558,3049,-1,ok,0,0,0,0,3048,1
10,78,652297,501706,101,1,0,0.0007,0.212072,950,-1,ok,0,0,0,0,949,1
10,79,528306,440834,2348,3,3,0.001652,0.980234,6621,-1,ok,0,0,0,0,6620,1
10,80,579216,344905,687,1,0,0.000761,0.54556,3438,-1,ok,0,0,0,0,3437,1
10,81,291425,565940,613,1,0,0.000692,0.330582,1754,-1,ok,0,0,0,0,1753,1
10,82,560203,166249,1334,4,5,0.002074,1.27442,8615,-1,ok,0,0,0,0,8614,1
10,83,725367,601383,506,1,0,0.000792,0.7189,4603,-1,ok,0,0,0,0,4602,1
10,84,690950,626446,632,1,0,0.000701,0.720453,4819,-1,ok,0,0,0,0,4818,1
10,85,885107,623720,1723,1,0,0.000682,0.839935,5962,-1,ok,0,0,0,0,5961,1
10,86,452862,582210,1864,4,5,0.002054,1.31377,9349,-1,ok,0,0,0,0,9348,1
10,87,643668,475109,189,2,2,0.001673,0.218564,602,-1,ok,0,0,0,0,601,1
10,88,72436,674500,1030,1,0,0.000691,0.401512,2397,-1,ok,0,0,0,0,2396,1
10,89,868641,853704,37,1,0,0.000751,0.10762,362,-1,ok,0,0,0,0,361,1
10,90,644709,548157,2038,3,3,0.001533,1.33887,9947,-1,ok,0,0,0,0,9946,1
10,91,582005,373594,1217,1,0,0.000731,0.843771,5160,-1,ok,0,0,0,0,5159,1
10,92,677416,621320,2042,2,2,0.001363,0.906729,6371,-1,ok,0,0,0,0,6370,1
10,93,705859,580720,219,1,0,0.000732,0.209208,858,-1,ok,0,0,0,0,857,1
10,94,431412,580719,607,1,0,0.000632,0.514662,3526,-1,ok,0,0,0,0,3525,1
10,95,437348,552419,661,1,0,0.000702,0.570386,4114,-1,ok,0,0,0,0,4113,1
10,96,758271,503460,743,3,3,0.001634,1.45042,10148,-1,ok,0,0,0,0,10147,1
10,97,868701,479347,1176,1,0,0.000811,0.568533,3171,-1,ok,0,0,0,0,3170,1
10,98,562097,501182,3169,4,5,0.001944,1.27975,7332,-1,ok,0,0,0,0,7331,1
10,99,278199,257290,49,1,0,0.000721,0.070932,174,-1,ok,0,0,0,0,173,1
10,100,570049,534288,47,1,0,0.000591,0.06455,74,-1,ok,0,0,0,0,73,1
10,101,541954,728137,425,1,0,0.000611,0.32949,1522,-1,ok,0,0,0,0,1521,1
10,102,215378,85837,389,1,0,0.000661,0.190934,942,-1,ok,0,0,0,0,941,1
10,103,589928,544726,2226,3,5,0.001964,0.957994,6755,-1,ok,0,0,0,0,6754,1
10,104,541522,549453,805,1,0,0.000942,0.582397,3762,-1,ok,0,0,0,0,3761,1
10,105,502684,483770,978,1,0,0.001292,0.529139,3545,-1,ok,0,0,0,0,3544,1
10,106,185739,464682,1225,3,3,0.001563,1.34006,9306,-1,ok,0,0,0,0,9305,1
10,107,564997,595611,2276,4,5,0.001944,1.53542,10163,-1,ok,0,0,0,0,10162,1
10,108,589155,636201,2476,2,2,0.001523,0.953125,5925,-1,ok,0,0,0,0,5924,1
10,109,531285,901687,2128,2,2,0.001293,1.00337,6743,-1,ok,0,0,0,0,6742,1
10,110,732706,576220,224,1,0,0.000651,0.213867,855,-1,ok,0,0,0,0,854,1
10,111,109733,638731,1000,1,0,0.000632,0.429875,2631,-1,ok,0,0,0,0,2630,1
10,112,662568,191645,835,1,0,0.000731,0.451516,2820,-1,ok,0,0,0,0,2819,1
10,113,374965,759941,1238,1,0,0.000661,0.457928,2701,-1,ok,0,0,0,0,2700,1
10,114,719164,27693,1169,1,0,0.000611,0.631719,4406,-1,ok,0,0,0,0,4405,1
10,115,752294,934231,163,1,0,0.000721,0.668427,4004,-1,ok,0,0,0,0,4003,1
10,116,655535,844782,573,3,5,0.002134,1.5136,10488,-1,ok,0,0,0,0,10487,1
10,117,474798,607811,1695,3,3,0.001663,1.36613,8820,-1,ok,0,0,0,0,8819,1
10,118,913321,352359,1830,1,0,0.000722,0.820799,4687,-1,ok,0,0,0,0,4686,1
10,119,458475,638815,192,1,0,0.000661,0.211361,909,-1,ok,0,0,0,0,908,1
10,120,185587,899904,797,1,0,0.000611,0.414948,2226,-1,ok,0,0,0,0,2225,1
10,121,660993,722496,1439,1,0,0.000652,0.744136,5432,-1,ok,0,0,0,0,5431,1
10,122,587664,590978,396,1,0,0.000662,0.387557,1781,-1,ok,0,0,0,0,1780,1
10,123,227425,627948,1391,1,0,0.000611,0.670471,4348,-1,ok,0,0,0,0,4347,1
10,124,404568,507174,380,1,0,0.000752,0.152774,523,-1,ok,0,0,0,0,522,1
10,125,234885,555140,1077,1,0,0.000671,0.629184,4648,-1,ok,0,0,0,0,4647,1
10,126,379198,738927,1657,1,0,0.000731,0.712549,4486,-1,ok,0,0,0,0,4485,1
10,127,516377,549670,2291,3,3,0.002154,1.00331,6710,-1,ok,0,0,0,0,6709,1
10,128,346621,479141,772,1,0,0.000711,0.497611,3725,-1,ok,0,0,0,0,3724,1
10,129,380939,508659,970,1,0,0.000611,0.50749,3241,-1,ok,0,0,0,0,3240,1
10,130,549667,582479,32,1,0,0.000721,0.123559,369,-1,ok,0,0,0,0,368,1
10,131,231944,556389,1377,1,0,0.000661,0.635365,4372,-1,ok,0,0,0,0,4371,1
10,132,444980,143997,639,1,0,0.000731,0.281851,1466,-1,ok,0,0,0,0,1465,1
10,133,553121,561095,2824,4,5,0.002044,1.30994,7767,-1,ok,0,0,0,0,7766,1
10,134,557186,599599,2595,4,5,0.001923,0.980274,6430,-1,ok,0,0,0,0,6429,1
10,135,752223,476482,939,1,0,0.000822,0.538336,2718,-1,ok,0,0,0,0,2717,1
10,136,668229,470670,2659,3,3,0.001543,1.03605,6406,-1,ok,0,0,0,0,6405,1
10,137,328875,564452,195,1,0,0.000731,0.321445,1616,-1,ok,0,0,0,0,1615,1
10,138,642157,729840,1731,2,3,0.002043,1.21529,8944,-1,ok,0,0,0,0,8943,1
10,139,90305,752572,987,2,2,0.001292,1.26995,8874,-1,ok,0,0,0,0,8873,1
10,140,540469,868590,1095,1,0,0.000722,0.549897,2974,-1,ok,0,0,0,0,2973,1
10,141,554237,542468,341,1,0,0.000631,0.26939,678,-1,ok,0,0,0,0,677,1
10,142,552875,544670,2521,4,5,0.001854,1.01541,7084,-1,ok,0,0,0,0,7083,1
10,143,489779,135045,582,1,0,0.000671,0.33481,1717,-1,ok,0,0,0,0,1716,1
10,144,684986,321427,899,1,0,0.000681,0.503832,3104,-1,ok,0,0,0,0,3103,1
10,145,551199,39629,1264,3,5,0.001914,1.28876,9137,-1,ok,0,0,0,0,9136,1
10,146,161784,518507,1403,4,5,0.001894,1.35994,8726,-1,ok,0,0,0,0,8725,1
10,147,916310,555655,611,3,3,0.002224,1.5451,10418,-1,ok,0,0,0,0,10417,1
10,148,358724,558670,1036,4,5,0.002174,1.42608,9835,-1,ok,0,0,0,0,9834,1
10,149,491303,659590,417,1,0,0.00067,0.35616,1566,-1,ok,0,0,0,0,1565,1
10,150,551910,879052,1906,1,0,0.000741,0.768543,5163,-1,ok,0,0,0,0,5162,1
10,151,548928,513895,2545,3,3,0.001844,0.943637,6356,-1,ok,0,0,0,0,6355,1
10,152,544907,516738,841,1,0,0.000692,0.428392,2470,-1,ok,0,0,0,0,2469,1
10,153,596621,550078,3073,4,5,0.001783,1.17076,7328,-1,ok,0,0,0,0,7327,1
10,154,457377,679268,965,4,5,0.001903,1.58782,10282,-1,ok,0,0,0,0,10281,1
10,155,888007,738901,148,1,0,0.000632,0.680831,3999,-1,ok,0,0,0,0,3998,1
10,156,557446,245356,1550,4,5,0.002044,1.47004,10287,-1,ok,0,0,0,0,10286,1
10,157,269058,233403,285,1,0,0.000792,0.307319,1308,-1,ok,0,0,0,0,1307,1
10,158,561143,482354,629,1,0,0.000612,0.652588,4442,-1,ok,0,0,0,0,4441,1
10,159,476616,512534,204,2,4,0.001974,0.148266,437,-1,ok,0,0,0,0,436,1
10,160,651112,289929,1373,2,3,0.001612,1.08006,7952,-1,ok,0,0,0,0,7951,1
10,161,728484,372110,264,1,0,0.00064,0.396835,1937,-1,ok,0,0,0,0,1936,1
10,162,569402,643340,2200,4,5,0.001743,1.41726,10171,-1,ok,0,0,0,0,10170,1
10,163,148333,409238,245,1,0,0.000641,0.222963,366,-1,ok,0,0,0,0,365,1
10,164,464750,373454,1640,4,5,0.001713,1.19448,8661,-1,ok,0,0,0,0,8660,1
10,165,355695,858397,800,2,2,0.001482,1.58671,9651,-1,ok,0,0,0,0,9650,1
10,166,671610,490121,1975,4,4,0.002013,1.48771,9528,-1,ok,0,0,0,0,9527,1
10,167,620032,817899,1017,4,5,0.001863,1.70649,10956,-1,ok,0,0,0,0,10955,1
10,168,475138,561483,915,3,5,0.002183,1.44949,9842,-1,ok,0,0,0,0,9841,1
10,169,677523,564943,2418,4,5,0.001943,1.64927,10891,-1,ok,0,0,0,0,10890,1
10,170,547139,894242,1009,3,3,0.001912,0.610971,2146,-1,ok,0,0,0,0,2145,1
10,171,513656,703356,1488,2,2,0.001282,1.26529,8689,-1,ok,0,0,0,0,8688,1
10,172,561653,646343,1780,4,5,0.001853,1.40301,9337,-1,ok,0,0,0,0,9336,1
10,173,452860,580211,2703,4,5,0.001963,1.14483,6466,-1,ok,0,0,0,0,6465,1
10,174,457346,589806,992,4,5,0.001904,1.46284,10143,-1,ok,0,0,0,0,10142,1
10,175,125970,564306,414,1,0,0.000681,0.288174,971,-1,ok,0,0,0,0,970,1
10,176,432903,536123,1450,1,0,0.000641,0.758013,4249,-1,ok,0,0,0,0,4248,1
10,177,586708,335970,692,1,0,0.000751,0.677755,3485,-1,ok,0,0,0,0,3484,1
10,178,127595,700137,422,1,0,0.000671,0.333717,1311,-1,ok,0,0,0,0,1310,1
10,179,538665,123021,1064,1,0,0.000662,0.553103,3701,-1,ok,0,0,0,0,3700,1
10,180,352712,882018,430,1,0,0.000661,0.634435,3509,-1,ok,0,0,0,0,3508,1
10,181,570105,642882,409,1,0,0.000631,0.424425,1838,-1,ok,0,0,0,0,1837,1
10,182,236454,64964,158,1,0,0.000752,0.181055,723,-1,ok,0,0,0,0,722,1
10,183,547182,801522,1262,4,5,0.002214,1.98088,11301,-1,ok,0,0,0,0,11300,1
10,184,684920,553657,177,1,0,0.000681,0.772029,4976,-1,ok,0,0,0,0,4975,1
10,185,552875,351270,1255,4,5,0.002555,1.43766,10130,-1,ok,0,0,0,0,10129,1
10,186,492765,584268,2039,4,5,0.002034,1.59949,9792,-1,ok,0,0,0,0,9791,1
10,187,155792,743182,560,1,0,0.000811,0.340492,1335,-1,ok,0,0,0,0,1334,1
10,188,433249,556063,1470,4,5,0.001734,1.53928,10823,-1,ok,0,0,0,0,10822,1
10,189,675909,548947,322,1,0,0.000701,0.233472,671,-1,ok,0,0,0,0,670,1
10,190,801727,652069,1904,2,3,0.001743,0.973211,6653,-1,ok,0,0,0,0,6652,1
10,191,424436,194685,1235,3,5,0.001903,1.32947,9460,-1,ok,0,0,0,0,9459,1
10,192,568596,520838,78,1,0,0.000821,0.378631,2055,-1,ok,0,0,0,0,2054,1
10,193,537052,487130,2582,4,4,0.001744,0.987388,6357,-1,ok,0,0,0,0,6356,1
10,194,287117,597610,1357,4,5,0.001884,1.42336,10062,-1,ok,0,0,0,0,10061,1
10,195,734217,369103,902,1,0,0.000712,0.496268,2649,-1,ok,0,0,0,0,2648,1
10,196,609326,594424,18,1,0,0.000662,0.038822,59,-1,ok,0,0,0,0,58,1
10,197,555356,373478,150,1,0,0.000621,0.212745,1041,-1,ok,0,0,0,0,1040,1
10,198,538782,596393,2887,4,5,0.001744,1.15813,8046,-1,ok,0,0,0,0,8045,1
10,199,853804,764242,234,1,0,0.000641,0.16788,427,-1,ok,0,0,0,0,426,1
10,200,546144,731449,1563,1,0,0.000632,0.747944,5454,-1,ok,0,0,0,0,5453,1
10,201,546580,470520,70,1,0,0.000641,0.094325,243,-1,ok,0,0,0,0,242,1
10,202,587180,610058,2820,4,5,0.001814,1.1121,6801,-1,ok,0,0,0,0,6800,1
10,203,554148,555672,34,1,0,0.000761,0.059402,127,-1,ok,0,0,0,0,126,1
10,204,618603,576023,2630,4,5,0.001553,1.16053,7645,-1,ok,0,0,0,0,7644,1
10,205,111185,663982,1131,1,0,0.000761,0.690278,4502,-1,ok,0,0,0,0,4501,1
10,206,558415,519079,908,1,0,0.000721,0.589331,3851,-1,ok,0,0,0,0,3850,1
10,207,273703,668225,1512,1,0,0.000771,0.694274,4549,-1,ok,0,0,0,0,4548,1
10,208,342313,675920,1135,1,0,0.000702,0.706728,5002,-1,ok,0,0,0,0,5001,1
10,209,455838,475237,29,1,0,0.000782,0.098583,182,-1,ok,0,0,0,0,181,1
10,210,407548,553070,2852,4,5,0.001652,1.20189,7547,-1,ok,0,0,0,0,7546,1
10,211,504813,914851,324,1,0,0.000761,0.619857,3695,-1,ok,0,0,0,0,3694,1
10,212,547561,230431,1222,1,0,0.000802,0.620869,4273,-1,ok,0,0,0,0,4272,1
10,213,466238,312299,1571,4,5,0.001994,1.2815,8590,-1,ok,0,0,0,0,8589,1
10,214,234897,536226,1213,3,3,0.001813,1.41975,9626,-1,ok,0,0,0,0,9625,1
10,215,580756,561650,1750,4,5,0.001873,1.32728,9341,-1,ok,0,0,0,0,9340,1
10,216,744886,554466,1138,4,5,0.001824,1.6423,10897,-1,ok,0,0,0,0,10896,1
10,217,864144,644857,1147,1,0,0.000722,0.614646,3040,-1,ok,0,0,0,0,3039,1
10,218,155929,549165,1194,1,0,0.000731,0.650234,4495,-1,ok,0,0,0,0,4494,1
10,219,734340,664355,1063,1,0,0.000751,0.553294,2890,-1,ok,0,0,0,0,2889,1
10,220,483567,570424,1455,1,0,0.000712,0.70773,5044,-1,ok,0,0,0,0,5043,1
10,221,639206,652049,2073,2,3,0.002153,0.946222,6296,-1,ok,0,0,0,0,6295,1
10,222,93334,537056,1452,1,0,0.000681,0.603385,3809,-1,ok,0,0,0,0,3808,1
10,223,603581,431982,437,3,4,0.001863,0.264379,816,-1,ok,0,0,0,0,815,1
10,224,439095,658592,1491,2,2,0.001363,1.16867,8494,-1,ok,0,0,0,0,8493,1
10,225,814923,899971,128,1,0,0.000702,0.178732,587,-1,ok,0,0,0,0,586,1
10,226,498998,590659,2587,3,5,0.001803,0.997126,6350,-1,ok,0,0,0,0,6349,1
10,227,559098,530053,2275,4,5,0.001783,1.52305,10120,-1,ok,0,0,0,0,10119,1
10,228,549050,87356,1368,1,0,0.000752,0.657216,3885,-1,ok,0,0,0,0,3884,1
10,229,507967,791931,2780,4,5,0.002044,1.16588,6917,-1,ok,0,0,0,0,6916,1
10,230,403304,932996,1476,2,2,0.001513,1.45713,8999,-1,ok,0,0,0,0,8998,1
10,231,779288,400102,1980,1,0,0.000792,0.866935,5005,-1,ok,0,0,0,0,5004,1
10,232,115537,717680,835,1,0,0.000701,0.584292,3746,-1,ok,0,0,0,0,3745,1
10,233,625715,531035,2478,3,5,0.002054,1.00694,6403,-1,ok,0,0,0,0,6402,1
10,234,12779,392632,1393,1,0,0.000691,0.619406,4060,-1,ok,0,0,0,0,4059,1
10,235,491073,550893,600,1,0,0.000691,0.66989,4415,-1,ok,0,0,0,0,4414,1
10,236,544640,612058,608,1,0,0.000681,0.649383,4503,-1,ok,0,0,0,0,4502,1
10,237,349394,221491,1219,1,0,0.000702,0.582918,3790,-1,ok,0,0,0,0,3789,1
10,238,643343,800035,1098,1,0,0.000741,0.531544,2945,-1,ok,0,0,0,0,2944,1
10,239,466292,494384,1056,4,5,0.002485,1.44226,10055,-1,ok,0,0,0,0,10054,1
10,240,263294,711941,727,1,0,0.000731,0.531332,2462,-1,ok,0,0,0,0,2461,1
10,241,540708,407534,2386,3,5,0.002034,0.922297,6557,-1,ok,0,0,0,0,6556,1
10,242,407548,728111,217,1,0,0.000721,0.193618,400,-1,ok,0,0,0,0,399,1
10,243,495501,485664,2437,4,4,0.001683,1.03413,6818,-1,ok,0,0,0,0,6817,1
10,244,720906,179696,594,1,0,0.000771,0.450394,2347,-1,ok,0,0,0,0,2346,1
10,245,650350,482575,2675,3,3,0.001553,0.971898,6448,-1,ok,0,0,0,0,6447,1
10,246,638652,817933,1535,1,0,0.000772,0.811923,5616,-1,ok,0,0,0,0,5615,1
10,247,548934,567346,842,1,0,0.000771,0.614168,3903,-1,ok,0,0,0,0,3902,1
10,248,573392,445311,937,3,3,0.001643,1.35111,9844,-1,ok,0,0,0,0,9843,1
10,249,791829,669974,699,1,0,0.000722,0.817643,4928,-1,ok,0,0,0,0,4927,1
10,250,181289,193174,55,1,0,0.000662,0.207875,944,-1,ok,0,0,0,0,943,1
10,251,734304,877601,1239,1,0,0.000611,0.543035,3244,-1,ok,0,0,0,0,3243,1
10,252,541771,272040,815,1,0,0.000672,0.561971,3748,-1,ok,0,0,0,0,3747,1
10,253,555426,520840,632,1,0,0.000702,0.61111,4215,-1,ok,0,0,0,0,4214,1
10,254,554148,468913,1653,3,5,0.002124,1.28717,9006,-1,ok,0,0,0,0,9005,1
10,255,407897,554527,1448,4,5,0.001843,1.70554,10715,-1,ok,0,0,0,0,10714,1
10,256,476137,886494,1697,1,0,0.000621,0.792927,5450,-1,ok,0,0,0,0,5449,1
10,257,647690,523082,2414,4,5,0.002123,1.47429,10543,-1,ok,0,0,0,0,10542,1
10,258,841766,458240,1678,1,0,0.000822,0.867094,5363,-1,ok,0,0,0,0,5362,1
10,259,462910,637233,417,1,0,0.000722,0.294325,1328,-1,ok,0,0,0,0,1327,1
10,260,536976,551877,19,1,0,0.000611,0.040615,64,-1,ok,0,0,0,0,63,1
10,261,42610,554524,1736,4,5,0.001701,1.42127,10043,-1,ok,0,0,0,0,10042,1
10,262,613794,229015,1113,3,5,0.002224,1.45334,9762,-1,ok,0,0,0,0,9761,1
10,263,786608,624950,1914,1,0,0.000862,0.818725,5033,-1,ok,0,0,0,0,5032,1
10,264,412226,542166,1648,3,3,0.001623,1.25411,8583,-1,ok,0,0,0,0,8582,1
10,265,578007,584682,2557,3,5,0.001933,0.995193,6392,-1,ok,0,0,0,0,6391,1
10,266,129099,357177,198,1,0,0.000721,0.276771,1017,-1,ok,0,0,0,0,1016,1
10,267,670451,218543,1088,3,5,0.001833,1.34073,9735,-1,ok,0,0,0,0,9734,1
10,268,636901,562811,880,1,0,0.000771,0.650845,3983,-1,ok,0,0,0,0,3982,1
10,269,161898,720900,750,1,0,0.000822,0.39947,2145,-1,ok,0,0,0,0,2144,1
10,270,536127,726744,1037,1,0,0.000701,0.521436,3340,-1,ok,0,0,0,0,3339,1
10,271,182733,659592,907,1,0,0.00071,0.469238,2904,-1,ok,0,0,0,0,2903,1
10,272,557521,334467,2898,4,5,0.001983,1.1042,6731,-1,ok,0,0,0,0,6730,1
10,273,550876,844900,1310,1,0,0.000801,0.624075,3355,-1,ok,0,0,0,0,3354,1
10,274,442000,527458,1850,4,5,0.001883,1.26658,8995,-1,ok,0,0,0,0,8994,1
10,275,163378,695363,985,1,0,0.000792,0.500336,2610,-1,ok,0,0,0,0,2609,1
10,276,469207,449288,2393,4,5,0.001924,0.998668,6814,-1,ok,0,0,0,0,6813,1
10,277,621533,503471,384,2,2,0.001482,0.235546,799,-1,ok,0,0,0,0,798,1
10,278,584186,780781,627,4,5,0.001681,1.5491,11130,-1,ok,0,0,0,0,11129,1
10,279,537110,215501,1213,1,0,0.000851,0.682642,4228,-1,ok,0,0,0,0,4227,1
10,280,552659,521369,42,1,0,0.000702,0.064638,161,-1,ok,0,0,0,0,160,1
10,281,470354,521484,1808,4,5,0.001653,1.29329,9039,-1,ok,0,0,0,0,9038,1
10,282,779294,490035,423,3,3,0.001714,1.50018,10692,-1,ok,0,0,0,0,10691,1
10,283,856695,383684,1735,1,0,0.000742,0.829707,5322,-1,ok,0,0,0,0,5321,1
10,284,856911,565634,2043,2,3,0.001894,1.02775,6820,-1,ok,0,0,0,0,6819,1
10,285,226029,617772,1109,1,0,0.000732,0.760388,4902,-1,ok,0,0,0,0,4901,1
10,286,273528,498716,214,1,0,0.000751,0.203346,809,-1,ok,0,0,0,0,808,1
10,287,585019,659525,120,1,0,0.000611,0.347653,2271,-1,ok,0,0,0,0,2270,1
10,288,714688,746144,256,1,0,0.000672,0.661665,4765,-1,ok,0,0,0,0,4764,1
10,289,487154,401935,1115,4,5,0.002102,1.40937,9966,-1,ok,0,0,0,0,9965,1
10,290,558487,858169,252,1,0,0.000722,0.615207,3673,-1,ok,0,0,0,0,3672,1
10,291,574271,660088,2395,2,2,0.001352,0.888333,5908,-1,ok,0,0,0,0,5907,1
10,292,41143,546444,721,1,0,0.00086,0.366577,1626,-1,ok,0,0,0,0,1625,1
10,293,760001,646214,1715,2,3,0.001893,1.2849,9796,-1,ok,0,0,0,0,9795,1
10,294,185761,377965,506,1,0,0.00079,0.329239,1337,-1,ok,0,0,0,0,1336,1
10,295,604576,736790,940,1,0,0.000661,0.64753,4205,-1,ok,0,0,0,0,4204,1
10,296,604356,279676,1122,1,0,0.000791,0.686641,4925,-1,ok,0,0,0,0,4924,1
10,297,467430,178127,281,1,0,0.000542,0.203376,742,-1,ok,0,0,0,0,741,1
10,298,473402,701873,1457,2,2,0.001612,1.15242,8628,-1,ok,0,0,0,0,8627,1
10,299,546168,470167,91,1,0,0.000772,0.163542,290,-1,ok,0,0,0,0,289,1
