level,pair,start,goal,true_dist,coarse_len,coarse_expanded,coarse_ms,lift_ms,lifted_cells,fail_level,fail_reason,endpoints_wrong,used_fallback,fallback_ok,fallback_ms,final_len,valid
1,0,515417,637366,1801,903,18418,7.33946,0.948962,1826,-1,ok,0,0,0,0,1825,1
1,1,221578,683609,709,356,10528,3.03217,0.172892,714,-1,ok,0,0,0,0,713,1
1,2,566063,455879,224,113,4460,1.34636,0.078105,225,-1,ok,0,0,0,0,224,1
1,3,364509,251282,377,190,5471,1.61955,0.125924,382,-1,ok,0,0,0,0,381,1
1,4,713214,541596,268,136,4707,1.57017,0.190023,277,-1,ok,0,0,0,0,276,1
1,5,708892,372109,865,434,14485,4.28168,0.270222,878,-1,ok,0,0,0,0,877,1
1,6,549730,910635,485,243,7248,2.12888,0.15043,488,-1,ok,0,0,0,0,487,1
1,7,428575,333335,686,345,8891,2.46673,0.139239,695,-1,ok,0,0,0,0,694,1
1,8,103741,529812,1209,608,16317,4.51959,0.343349,1232,-1,ok,0,0,0,0,1231,1
1,9,504438,99296,1284,644,14436,4.15941,0.291811,1299,-1,ok,0,0,0,0,1298,1
1,10,503002,473385,659,331,9681,2.72899,0.149567,668,-1,ok,0,0,0,0,667,1
1,11,594375,693937,1954,981,19665,5.46854,0.443203,1985,-1,ok,0,0,0,0,1984,1
1,12,184179,575147,1336,669,21973,6.8295,0.397688,1351,-1,ok,0,0,0,0,1350,1
1,13,84373,731343,822,412,11162,3.18081,0.256185,831,-1,ok,0,0,0,0,830,1
1,14,533139,449475,806,405,10598,3.08974,0.169235,815,-1,ok,0,0,0,0,814,1
1,15,800775,353868,725,363,5951,1.70393,0.230988,732,-1,ok,0,0,0,0,731,1
1,16,580536,834346,1638,820,16995,4.69601,0.336536,1657,-1,ok,0,0,0,0,1656,1
1,17,705977,179642,451,227,5924,1.7028,0.122486,454,-1,ok,0,0,0,0,453,1
1,18,591189,502974,573,288,8110,2.29865,0.147193,582,-1,ok,0,0,0,0,581,1
1,19,696806,606078,410,207,6391,1.83127,0.063147,417,-1,ok,0,0,0,0,416,1
1,20,649644,351270,898,452,11370,3.44121,0.204149,915,-1,ok,0,0,0,0,914,1
1,21,364679,647787,786,395,11483,3.32549,0.169705,801,-1,ok,0,0,0,0,800,1
1,22,236480,558798,1348,676,22197,6.39443,0.299717,1365,-1,ok,0,0,0,0,1364,1
1,23,429002,590281,593,299,6933,1.93116,0.181726,600,-1,ok,0,0,0,0,599,1
1,24,732327,437963,2826,1417,24127,6.74803,0.585516,2863,-1,ok,0,0,0,0,2862,1
1,25,695045,573533,2638,1323,21023,6.04433,0.402708,2673,-1,ok,0,0,0,0,2672,1
1,26,653917,554134,819,412,11286,3.40984,0.125923,836,-1,ok,0,0,0,0,835,1
1,27,591152,758487,1441,722,18906,5.4527,0.249734,1458,-1,ok,0,0,0,0,1457,1
1,28,530231,797885,2838,1422,26095,7.35791,0.654205,2871,-1,ok,0,0,0,0,2870,1
1,29,461730,614781,2269,1138,21113,6.03351,0.372291,2298,-1,ok,0,0,0,0,2297,1
1,30,444980,608103,2053,1029,24826,7.22911,0.388721,2076,-1,ok,0,0,0,0,2075,1
1,31,625582,540051,1625,815,24408,6.95797,0.33406,1646,-1,ok,0,0,0,0,1645,1
1,32,525321,196202,1187,596,13250,4.50506,0.273688,1204,-1,ok,0,0,0,0,1203,1
1,33,478182,565842,1838,921,17540,5.29211,0.753108,1855,-1,ok,0,0,0,0,1854,1
1,34,537719,542421,274,139,4747,1.52972,0.079729,279,-1,ok,0,0,0,0,278,1
1,35,606091,561377,46,24,668,0.215331,0.023364,49,-1,ok,0,0,0,0,48,1
1,36,540484,237922,578,290,7823,2.56882,0.166398,583,-1,ok,0,0,0,0,582,1
1,37,916340,481104,632,317,8872,2.77672,0.24806,641,-1,ok,0,0,0,0,640,1
1,38,547698,473617,2323,1165,22778,7.12301,0.752918,2354,-1,ok,0,0,0,0,2353,1
1,39,503531,560189,206,104,2956,0.86656,0.076562,209,-1,ok,0,0,0,0,208,1
1,40,528285,633179,2234,1120,20362,5.6913,0.383772,2267,-1,ok,0,0,0,0,2266,1
1,41,528291,124629,1240,623,13915,3.99742,0.213105,1259,-1,ok,0,0,0,0,1258,1
1,42,218360,732318,1260,632,19097,5.56524,0.476232,1279,-1,ok,0,0,0,0,1278,1
1,43,673429,646337,1726,865,18290,5.37067,0.529704,1743,-1,ok,0,0,0,0,1742,1
1,44,677903,545932,2495,1252,24691,6.86683,0.39319,2528,-1,ok,0,0,0,0,2527,1
1,45,599861,473157,116,60,2876,0.874464,0.05428,121,-1,ok,0,0,0,0,120,1
1,46,771679,448047,942,472,14241,4.27407,0.224315,947,-1,ok,0,0,0,0,946,1
1,47,613652,373259,1541,772,23802,6.86551,0.332588,1554,-1,ok,0,0,0,0,1553,1
1,48,559115,582478,645,323,3505,0.8937,0.203669,648,-1,ok,0,0,0,0,647,1
1,49,138045,605112,1531,767,23899,6.77377,0.447702,1550,-1,ok,0,0,0,0,1549,1
1,50,715274,544491,2277,1142,24475,6.85675,0.415442,2310,-1,ok,0,0,0,0,2309,1
1,51,118518,621231,1297,651,19959,5.54416,0.255965,1316,-1,ok,0,0,0,0,1315,1
1,52,560125,876072,607,306,8769,2.53869,0.118489,622,-1,ok,0,0,0,0,621,1
1,53,457330,549752,200,102,2847,0.832345,0.069129,203,-1,ok,0,0,0,0,202,1
1,54,185650,870115,627,314,10177,2.71954,0.143737,632,-1,ok,0,0,0,0,631,1
1,55,519871,693835,2142,1074,20319,5.46922,0.396195,2169,-1,ok,0,0,0,0,2168,1
1,56,140914,484062,1346,675,21842,6.22883,0.283117,1361,-1,ok,0,0,0,0,1360,1
1,57,630216,170691,1277,640,14902,4.26903,0.234798,1290,-1,ok,0,0,0,0,1289,1
1,58,686374,577768,450,226,7531,2.24411,0.138697,457,-1,ok,0,0,0,0,456,1
1,59,625714,607337,2167,1087,21069,5.98404,0.399332,2196,-1,ok,0,0,0,0,2195,1
1,60,160386,877813,1001,502,13352,3.84902,0.251757,1012,-1,ok,0,0,0,0,1011,1
1,61,557207,713255,2128,1066,20120,5.47307,0.375859,2153,-1,ok,0,0,0,0,2152,1
1,62,689095,577712,931,468,8218,2.4122,0.244334,950,-1,ok,0,0,0,0,949,1
1,63,118518,543922,1546,777,24448,6.86649,0.346435,1569,-1,ok,0,0,0,0,1568,1
1,64,743230,714700,454,228,5247,1.49749,0.102851,459,-1,ok,0,0,0,0,458,1
1,65,451281,500222,1729,866,16446,4.58,0.327298,1746,-1,ok,0,0,0,0,1745,1
1,66,87326,638815,783,393,10820,3.06432,0.18248,798,-1,ok,0,0,0,0,797,1
1,67,873089,178288,543,272,6453,1.78159,0.149117,550,-1,ok,0,0,0,0,549,1
1,68,540231,698411,324,163,5688,1.7072,0.095456,327,-1,ok,0,0,0,0,326,1
1,69,608054,502046,428,215,6033,1.76924,0.139288,431,-1,ok,0,0,0,0,430,1
1,70,551981,134941,1142,573,11716,3.58412,0.379705,1161,-1,ok,0,0,0,0,1160,1
1,71,463217,908917,606,304,7960,2.42272,0.208216,615,-1,ok,0,0,0,0,614,1
1,72,633916,540912,2768,1389,24297,7.18065,0.755612,2807,-1,ok,0,0,0,0,2806,1
1,73,797852,552425,1119,561,9056,2.47667,0.220982,1134,-1,ok,0,0,0,0,1133,1
1,74,746160,847884,1478,741,18508,5.21693,0.248805,1495,-1,ok,0,0,0,0,1494,1
1,75,759766,548195,703,354,9867,2.73697,0.126126,718,-1,ok,0,0,0,0,717,1
1,76,413741,394099,778,391,13521,3.84924,0.26358,793,-1,ok,0,0,0,0,792,1
1,77,913394,471896,1104,554,15997,4.5732,0.303624,1113,-1,ok,0,0,0,0,1112,1
1,78,652297,501706,101,51,2109,0.5976,0.038493,102,-1,ok,0,0,0,0,101,1
1,79,528306,440834,2348,1177,22821,6.52089,0.451458,2377,-1,ok,0,0,0,0,2376,1
1,80,579216,344905,687,344,11806,3.48265,0.157493,696,-1,ok,0,0,0,0,695,1
1,81,291425,565940,613,308,9533,2.60076,0.149678,620,-1,ok,0,0,0,0,619,1
1,82,560203,166249,1334,668,14244,4.09698,0.29622,1347,-1,ok,0,0,0,0,1346,1
1,83,725367,601383,506,254,6205,1.77707,0.110576,511,-1,ok,0,0,0,0,510,1
1,84,690950,626446,632,317,10579,3.14104,0.137083,639,-1,ok,0,0,0,0,638,1
1,85,885107,623720,1723,863,21095,6.01209,0.332176,1744,-1,ok,0,0,0,0,1743,1
1,86,452862,582210,1864,935,17550,5.405,0.604461,1887,-1,ok,0,0,0,0,1886,1
1,87,643668,475109,189,95,3307,0.940296,0.075882,192,-1,ok,0,0,0,0,191,1
1,88,72436,674500,1030,517,12924,3.73585,0.279398,1047,-1,ok,0,0,0,0,1046,1
1,89,868641,853704,37,19,443,0.126055,0.018554,38,-1,ok,0,0,0,0,37,1
1,90,644709,548157,2038,1022,21943,6.65421,0.575057,2067,-1,ok,0,0,0,0,2066,1
1,91,582005,373594,1217,610,14713,4.15593,0.364197,1230,-1,ok,0,0,0,0,1229,1
1,92,677416,621320,2042,1023,20088,5.98365,0.418365,2067,-1,ok,0,0,0,0,2066,1
1,93,705859,580720,219,111,2170,0.578674,0.042159,228,-1,ok,0,0,0,0,227,1
1,94,431412,580719,607,305,7620,2.16641,0.131323,616,-1,ok,0,0,0,0,615,1
1,95,437348,552419,661,332,8904,2.50987,0.160558,670,-1,ok,0,0,0,0,669,1
1,96,758271,503460,743,374,10769,3.25081,0.15635,758,-1,ok,0,0,0,0,757,1
1,97,868701,479347,1176,589,16254,4.83648,0.333459,1187,-1,ok,0,0,0,0,1186,1
1,98,562097,501182,3169,1586,25270,6.95643,0.729926,3198,-1,ok,0,0,0,0,3197,1
1,99,278199,257290,49,25,520,0.148015,0.014176,50,-1,ok,0,0,0,0,49,1
1,100,570049,534288,47,25,977,0.294858,0.014507,50,-1,ok,0,0,0,0,49,1
1,101,541954,728137,425,214,5648,1.67637,0.082734,434,-1,ok,0,0,0,0,433,1
1,102,215378,85837,389,195,6313,1.74805,0.09711,396,-1,ok,0,0,0,0,395,1
1,103,589928,544726,2226,1116,21453,6.11608,0.372512,2255,-1,ok,0,0,0,0,2254,1
1,104,541522,549453,805,404,9266,2.64379,0.191796,816,-1,ok,0,0,0,0,815,1
1,105,502684,483770,978,490,10217,2.80025,0.163904,991,-1,ok,0,0,0,0,990,1
1,106,185739,464682,1225,615,19850,5.51007,0.368063,1244,-1,ok,0,0,0,0,1243,1
1,107,564997,595611,2276,1139,18165,4.9843,0.474151,2299,-1,ok,0,0,0,0,2298,1
1,108,589155,636201,2476,1241,20204,5.60254,0.514897,2509,-1,ok,0,0,0,0,2508,1
1,109,531285,901687,2128,1066,19743,5.4487,0.379265,2149,-1,ok,0,0,0,0,2148,1
1,110,732706,576220,224,112,2326,0.679622,0.049272,231,-1,ok,0,0,0,0,230,1
1,111,109733,638731,1000,503,12730,3.63291,0.230208,1017,-1,ok,0,0,0,0,1016,1
1,112,662568,191645,835,419,12118,3.47858,0.127005,848,-1,ok,0,0,0,0,847,1
1,113,374965,759941,1238,621,18700,5.25756,0.199891,1251,-1,ok,0,0,0,0,1250,1
1,114,719164,27693,1169,587,15117,4.32264,0.210711,1190,-1,ok,0,0,0,0,1189,1
1,115,752294,934231,163,83,2070,0.534282,0.082692,166,-1,ok,0,0,0,0,165,1
1,116,655535,844782,573,288,8314,2.51557,0.117609,582,-1,ok,0,0,0,0,581,1
1,117,474798,607811,1695,850,20899,6.19961,0.283737,1716,-1,ok,0,0,0,0,1715,1
1,118,913321,352359,1830,918,24206,6.80081,0.444726,1851,-1,ok,0,0,0,0,1850,1
1,119,458475,638815,192,98,3588,1.02716,0.054662,201,-1,ok,0,0,0,0,200,1
1,120,185587,899904,797,400,12052,3.49897,0.200503,804,-1,ok,0,0,0,0,803,1
1,121,660993,722496,1439,722,16210,4.51076,0.244444,1456,-1,ok,0,0,0,0,1455,1
1,122,587664,590978,396,200,5007,1.39815,0.087552,399,-1,ok,0,0,0,0,398,1
1,123,227425,627948,1391,699,23204,6.61061,0.284277,1414,-1,ok,0,0,0,0,1413,1
1,124,404568,507174,380,190,5051,1.40853,0.109575,383,-1,ok,0,0,0,0,382,1
1,125,234885,555140,1077,540,15421,4.34505,0.18346,1090,-1,ok,0,0,0,0,1089,1
1,126,379198,738927,1657,830,16407,4.512,0.31767,1672,-1,ok,0,0,0,0,1671,1
1,127,516377,549670,2291,1148,21460,6.28974,0.39405,2318,-1,ok,0,0,0,0,2317,1
1,128,346621,479141,772,388,12783,3.61266,0.162422,783,-1,ok,0,0,0,0,782,1
1,129,380939,508659,970,487,15676,4.37549,0.165258,987,-1,ok,0,0,0,0,986,1
1,130,549667,582479,32,17,519,0.176909,0.028573,35,-1,ok,0,0,0,0,34,1
1,131,231944,556389,1377,690,22668,6.79798,0.321197,1396,-1,ok,0,0,0,0,1395,1
1,132,444980,143997,639,321,8060,2.28593,0.147203,650,-1,ok,0,0,0,0,649,1
1,133,553121,561095,2824,1414,21739,6.19114,0.688388,2853,-1,ok,0,0,0,0,2852,1
1,134,557186,599599,2595,1301,25317,7.1101,0.458492,2628,-1,ok,0,0,0,0,2627,1
1,135,752223,476482,939,471,14700,4.20485,0.249152,946,-1,ok,0,0,0,0,945,1
1,136,668229,470670,2659,1334,22107,6.29629,0.639939,2696,-1,ok,0,0,0,0,2695,1
1,137,328875,564452,195,98,3254,1.00594,0.116997,196,-1,ok,0,0,0,0,195,1
1,138,642157,729840,1731,867,18852,5.82285,0.615383,1748,-1,ok,0,0,0,0,1747,1
1,139,90305,752572,987,495,12771,3.6738,0.30172,1004,-1,ok,0,0,0,0,1003,1
1,140,540469,868590,1095,550,17280,5.18413,0.343017,1108,-1,ok,0,0,0,0,1107,1
1,141,554237,542468,341,172,5805,1.70536,0.130812,348,-1,ok,0,0,0,0,347,1
1,142,552875,544670,2521,1263,22520,6.5216,0.857701,2554,-1,ok,0,0,0,0,2553,1
1,143,489779,135045,582,292,8403,2.39267,0.169575,591,-1,ok,0,0,0,0,590,1
1,144,684986,321427,899,452,13782,4.12548,0.19344,920,-1,ok,0,0,0,0,919,1
1,145,551199,39629,1264,635,14166,4.40001,0.298825,1283,-1,ok,0,0,0,0,1282,1
1,146,161784,518507,1403,703,23083,6.51157,0.381959,1418,-1,ok,0,0,0,0,1417,1
1,147,916310,555655,611,307,7351,2.05163,0.109384,622,-1,ok,0,0,0,0,621,1
1,148,358724,558670,1036,520,15000,4.23112,0.160377,1049,-1,ok,0,0,0,0,1048,1
1,149,491303,659590,417,210,5466,1.59059,0.109343,424,-1,ok,0,0,0,0,423,1
1,150,551910,879052,1906,956,17221,4.80305,0.480924,1927,-1,ok,0,0,0,0,1926,1
1,151,548928,513895,2545,1276,21809,6.22678,0.37153,2578,-1,ok,0,0,0,0,2577,1
1,152,544907,516738,841,422,13820,3.98834,0.172361,852,-1,ok,0,0,0,0,851,1
1,153,596621,550078,3073,1540,25889,7.2677,0.582352,3108,-1,ok,0,0,0,0,3107,1
1,154,457377,679268,965,485,10266,2.93407,0.24281,980,-1,ok,0,0,0,0,979,1
1,155,888007,738901,148,74,2200,0.569658,0.04303,151,-1,ok,0,0,0,0,150,1
1,156,557446,245356,1550,776,12136,3.54882,0.296329,1565,-1,ok,0,0,0,0,1564,1
1,157,269058,233403,285,143,3559,1.03757,0.059,288,-1,ok,0,0,0,0,287,1
1,158,561143,482354,629,315,9863,2.93168,0.155258,636,-1,ok,0,0,0,0,635,1
1,159,476616,512534,204,104,4042,1.12796,0.068267,211,-1,ok,0,0,0,0,210,1
1,160,651112,289929,1373,689,15287,4.3427,0.242732,1390,-1,ok,0,0,0,0,1389,1
1,161,728484,372110,264,134,3199,0.906763,0.06488,271,-1,ok,0,0,0,0,270,1
1,162,569402,643340,2200,1102,18349,4.96055,0.397437,2225,-1,ok,0,0,0,0,2224,1
1,163,148333,409238,245,125,2889,0.74846,0.065963,252,-1,ok,0,0,0,0,251,1
1,164,464750,373454,1640,823,15671,4.32661,0.235098,1659,-1,ok,0,0,0,0,1658,1
1,165,355695,858397,800,401,11730,3.34484,0.197807,807,-1,ok,0,0,0,0,806,1
1,166,671610,490121,1975,990,23590,6.85776,0.403278,2000,-1,ok,0,0,0,0,1999,1
1,167,620032,817899,1017,510,9647,2.63055,0.184664,1032,-1,ok,0,0,0,0,1031,1
1,168,475138,561483,915,459,10590,3.04134,0.148947,926,-1,ok,0,0,0,0,925,1
1,169,677523,564943,2418,1211,25702,7.2272,0.449935,2447,-1,ok,0,0,0,0,2446,1
1,170,547139,894242,1009,505,7774,2.10924,0.205381,1016,-1,ok,0,0,0,0,1015,1
1,171,513656,703356,1488,747,19463,5.60693,0.256556,1509,-1,ok,0,0,0,0,1508,1
1,172,561653,646343,1780,891,18358,5.12873,0.356812,1795,-1,ok,0,0,0,0,1794,1
1,173,452860,580211,2703,1355,25200,7.1347,0.599323,2736,-1,ok,0,0,0,0,2735,1
1,174,457346,589806,992,499,10474,3.02875,0.174695,1007,-1,ok,0,0,0,0,1006,1
1,175,125970,564306,414,209,6613,1.73792,0.116136,423,-1,ok,0,0,0,0,422,1
1,176,432903,536123,1450,726,15626,4.47931,0.379667,1463,-1,ok,0,0,0,0,1462,1
1,177,586708,335970,692,348,11945,3.54536,0.17753,703,-1,ok,0,0,0,0,702,1
1,178,127595,700137,422,212,5190,1.38517,0.156871,427,-1,ok,0,0,0,0,426,1
1,179,538665,123021,1064,534,11805,3.35161,0.206312,1083,-1,ok,0,0,0,0,1082,1
1,180,352712,882018,430,216,6294,1.73837,0.158265,435,-1,ok,0,0,0,0,434,1
1,181,570105,642882,409,206,6239,1.78454,0.099786,414,-1,ok,0,0,0,0,413,1
1,182,236454,64964,158,80,3008,0.801959,0.069648,167,-1,ok,0,0,0,0,166,1
1,183,547182,801522,1262,633,9576,2.72341,0.278698,1275,-1,ok,0,0,0,0,1274,1
1,184,684920,553657,177,90,2095,0.57116,0.050935,182,-1,ok,0,0,0,0,181,1
1,185,552875,351270,1255,629,11370,3.32081,0.214058,1270,-1,ok,0,0,0,0,1269,1
1,186,492765,584268,2039,1021,25225,7.31762,0.487466,2060,-1,ok,0,0,0,0,2059,1
1,187,155792,743182,560,282,9247,2.4987,0.166791,571,-1,ok,0,0,0,0,570,1
1,188,433249,556063,1470,736,23929,6.76879,0.267968,1485,-1,ok,0,0,0,0,1484,1
1,189,675909,548947,322,163,5233,1.58791,0.10235,331,-1,ok,0,0,0,0,330,1
1,190,801727,652069,1904,954,20788,6.38928,0.82462,1925,-1,ok,0,0,0,0,1924,1
1,191,424436,194685,1235,619,12343,3.99545,0.29024,1248,-1,ok,0,0,0,0,1247,1
1,192,568596,520838,78,40,1885,0.64111,0.032069,83,-1,ok,0,0,0,0,82,1
1,193,537052,487130,2582,1294,23377,6.98359,0.778375,2613,-1,ok,0,0,0,0,2612,1
1,194,287117,597610,1357,680,22639,6.44351,0.413348,1374,-1,ok,0,0,0,0,1373,1
1,195,734217,369103,902,453,14612,4.61468,0.311588,915,-1,ok,0,0,0,0,914,1
1,196,609326,594424,18,10,130,0.050354,0.006643,19,-1,ok,0,0,0,0,18,1
1,197,555356,373478,150,76,2887,0.851812,0.044413,155,-1,ok,0,0,0,0,154,1
1,198,538782,596393,2887,1445,26378,7.72264,0.585827,2916,-1,ok,0,0,0,0,2915,1
1,199,853804,764242,234,118,2632,0.753729,0.062465,237,-1,ok,0,0,0,0,236,1
1,200,546144,731449,1563,783,16228,4.55014,0.29035,1582,-1,ok,0,0,0,0,1581,1
1,201,546580,470520,70,37,557,0.163964,0.028422,75,-1,ok,0,0,0,0,74,1
1,202,587180,610058,2820,1412,25132,7.0007,0.733812,2853,-1,ok,0,0,0,0,2852,1
1,203,554148,555672,34,19,644,0.201244,0.013045,39,-1,ok,0,0,0,0,38,1
1,204,618603,576023,2630,1317,21333,6.09482,0.436619,2657,-1,ok,0,0,0,0,2656,1
1,205,111185,663982,1131,568,14678,4.21931,0.202877,1152,-1,ok,0,0,0,0,1151,1
1,206,558415,519079,908,455,14550,4.22326,0.209228,917,-1,ok,0,0,0,0,916,1
1,207,273703,668225,1512,759,24626,7.132,0.30103,1535,-1,ok,0,0,0,0,1534,1
1,208,342313,675920,1135,570,17358,4.87299,0.186496,1152,-1,ok,0,0,0,0,1151,1
1,209,455838,475237,29,16,416,0.124712,0.021379,34,-1,ok,0,0,0,0,33,1
1,210,407548,553070,2852,1428,25928,7.1839,0.680122,2881,-1,ok,0,0,0,0,2880,1
1,211,504813,914851,324,163,4799,1.27009,0.220449,329,-1,ok,0,0,0,0,328,1
1,212,547561,230431,1222,613,12321,3.54499,0.271484,1241,-1,ok,0,0,0,0,1240,1
1,213,466238,312299,1571,788,15359,4.55898,0.478148,1588,-1,ok,0,0,0,0,1587,1
1,214,234897,536226,1213,609,19899,5.66276,0.313412,1232,-1,ok,0,0,0,0,1231,1
1,215,580756,561650,1750,876,21295,6.32912,0.316267,1767,-1,ok,0,0,0,0,1766,1
1,216,744886,554466,1138,571,18246,5.10236,0.22,1155,-1,ok,0,0,0,0,1154,1
1,217,864144,644857,1147,575,18038,4.98547,0.348367,1154,-1,ok,0,0,0,0,1153,1
1,218,155929,549165,1194,599,16839,4.84645,0.344018,1211,-1,ok,0,0,0,0,1210,1
1,219,734340,664355,1063,533,15801,4.48491,0.265793,1072,-1,ok,0,0,0,0,1071,1
1,220,483567,570424,1455,730,15832,4.48096,0.311469,1474,-1,ok,0,0,0,0,1473,1
1,221,639206,652049,2073,1039,20917,6.02496,0.438485,2098,-1,ok,0,0,0,0,2097,1
1,222,93334,537056,1452,728,22331,6.33372,0.284769,1469,-1,ok,0,0,0,0,1468,1
1,223,603581,431982,437,220,6236,1.76946,0.1614,442,-1,ok,0,0,0,0,441,1
1,224,439095,658592,1491,748,19843,5.60321,0.296822,1512,-1,ok,0,0,0,0,1511,1
1,225,814923,899971,128,66,1873,0.490941,0.045906,135,-1,ok,0,0,0,0,134,1
1,226,498998,590659,2587,1297,25180,7.00524,0.47964,2618,-1,ok,0,0,0,0,2617,1
1,227,559098,530053,2275,1139,16984,4.68008,0.424329,2292,-1,ok,0,0,0,0,2291,1
1,228,549050,87356,1368,686,14360,4.14659,0.293826,1389,-1,ok,0,0,0,0,1388,1
1,229,507967,791931,2780,1392,26059,7.22511,0.540144,2811,-1,ok,0,0,0,0,2810,1
1,230,403304,932996,1476,739,19902,5.69235,0.321937,1487,-1,ok,0,0,0,0,1486,1
1,231,779288,400102,1980,992,23572,6.67797,0.393591,2003,-1,ok,0,0,0,0,2002,1
1,232,115537,717680,835,420,12270,3.4551,0.152754,852,-1,ok,0,0,0,0,851,1
1,233,625715,531035,2478,1242,24621,6.8381,0.435588,2509,-1,ok,0,0,0,0,2508,1
1,234,12779,392632,1393,700,20262,6.28082,0.609372,1418,-1,ok,0,0,0,0,1417,1
1,235,491073,550893,600,301,8003,2.41845,0.195964,609,-1,ok,0,0,0,0,608,1
1,236,544640,612058,608,306,7949,2.23578,0.134079,619,-1,ok,0,0,0,0,618,1
1,237,349394,221491,1219,611,12316,3.55954,0.296229,1232,-1,ok,0,0,0,0,1231,1
1,238,643343,800035,1098,550,16721,4.75866,0.314765,1111,-1,ok,0,0,0,0,1110,1
1,239,466292,494384,1056,531,10861,3.50355,0.423185,1071,-1,ok,0,0,0,0,1070,1
1,240,263294,711941,727,365,10904,3.29274,0.283065,732,-1,ok,0,0,0,0,731,1
1,241,540708,407534,2386,1196,23625,6.88915,0.597128,2413,-1,ok,0,0,0,0,2412,1
1,242,407548,728111,217,110,3756,1.00631,0.10259,222,-1,ok,0,0,0,0,221,1
1,243,495501,485664,2437,1221,23843,7.42608,0.706772,2466,-1,ok,0,0,0,0,2465,1
1,244,720906,179696,594,298,8208,2.37223,0.164597,601,-1,ok,0,0,0,0,600,1
1,245,650350,482575,2675,1342,22423,6.3898,0.503905,2710,-1,ok,0,0,0,0,2709,1
1,246,638652,817933,1535,769,16785,4.69169,0.259732,1552,-1,ok,0,0,0,0,1551,1
1,247,548934,567346,842,423,9076,2.58019,0.146642,851,-1,ok,0,0,0,0,850,1
1,248,573392,445311,937,470,14863,4.23677,0.212835,952,-1,ok,0,0,0,0,951,1
1,249,791829,669974,699,351,5347,1.55071,0.181067,708,-1,ok,0,0,0,0,707,1
1,250,181289,193174,55,29,610,0.182489,0.024446,62,-1,ok,0,0,0,0,61,1
1,251,734304,877601,1239,621,17652,5.02139,0.269711,1248,-1,ok,0,0,0,0,1247,1
1,252,541771,272040,815,409,11108,3.24482,0.177971,826,-1,ok,0,0,0,0,825,1
1,253,555426,520840,632,318,8881,2.51268,0.178692,641,-1,ok,0,0,0,0,640,1
1,254,554148,468913,1653,829,16202,4.80821,0.452451,1672,-1,ok,0,0,0,0,1671,1
1,255,407897,554527,1448,726,23748,6.79006,0.384723,1465,-1,ok,0,0,0,0,1464,1
1,256,476137,886494,1697,851,17497,4.88888,0.427794,1714,-1,ok,0,0,0,0,1713,1
1,257,647690,523082,2414,1209,25433,7.09688,0.406334,2441,-1,ok,0,0,0,0,2440,1
1,258,841766,458240,1678,842,23042,6.69862,0.418286,1695,-1,ok,0,0,0,0,1694,1
1,259,462910,637233,417,209,5533,1.61548,0.093424,424,-1,ok,0,0,0,0,423,1
1,260,536976,551877,19,11,197,0.061184,0.013044,22,-1,ok,0,0,0,0,21,1
1,261,42610,554524,1736,870,25487,7.10026,0.366029,1757,-1,ok,0,0,0,0,1756,1
1,262,613794,229015,1113,560,12454,3.65574,0.242099,1132,-1,ok,0,0,0,0,1131,1
1,263,786608,624950,1914,960,25449,7.15544,0.411483,1937,-1,ok,0,0,0,0,1936,1
1,264,412226,542166,1648,827,22587,6.56877,0.321597,1671,-1,ok,0,0,0,0,1670,1
1,265,578007,584682,2557,1282,25271,7.09285,0.42569,2588,-1,ok,0,0,0,0,2587,1
1,266,129099,357177,198,99,3121,0.79697,0.081483,199,-1,ok,0,0,0,0,198,1
1,267,670451,218543,1088,546,12071,3.58225,0.188901,1103,-1,ok,0,0,0,0,1102,1
1,268,636901,562811,880,442,8258,2.85039,0.250496,895,-1,ok,0,0,0,0,894,1
1,269,161898,720900,750,376,10954,3.32394,0.244874,755,-1,ok,0,0,0,0,754,1
1,270,536127,726744,1037,521,17206,5.3877,0.282194,1056,-1,ok,0,0,0,0,1055,1
1,271,182733,659592,907,455,12543,3.73058,0.342256,920,-1,ok,0,0,0,0,919,1
1,272,557521,334467,2898,1451,24303,8.29539,1.03077,2927,-1,ok,0,0,0,0,2926,1
1,273,550876,844900,1310,657,18507,5.43987,0.383102,1329,-1,ok,0,0,0,0,1328,1
1,274,442000,527458,1850,926,23577,7.04788,0.406253,1869,-1,ok,0,0,0,0,1868,1
1,275,163378,695363,985,495,13223,3.76711,0.221302,1002,-1,ok,0,0,0,0,1001,1
1,276,469207,449288,2393,1200,23195,6.56728,0.512451,2422,-1,ok,0,0,0,0,2421,1
1,277,621533,503471,384,193,3451,0.900001,0.171627,387,-1,ok,0,0,0,0,386,1
1,278,584186,780781,627,313,7364,2.08537,0.116487,634,-1,ok,0,0,0,0,633,1
1,279,537110,215501,1213,608,12158,4.05937,0.47313,1230,-1,ok,0,0,0,0,1229,1
1,280,552659,521369,42,23,929,0.298394,0.021179,47,-1,ok,0,0,0,0,46,1
1,281,470354,521484,1808,906,23369,7.21334,0.561732,1831,-1,ok,0,0,0,0,1830,1
1,282,779294,490035,423,213,6119,1.72844,0.08592,432,-1,ok,0,0,0,0,431,1
1,283,856695,383684,1735,870,23794,6.83677,0.48427,1756,-1,ok,0,0,0,0,1755,1
1,284,856911,565634,2043,1023,21778,6.84189,0.686606,2064,-1,ok,0,0,0,0,2063,1
1,285,226029,617772,1109,556,15003,4.27993,0.175967,1122,-1,ok,0,0,0,0,1121,1
1,286,273528,498716,214,109,2059,0.523021,0.052738,221,-1,ok,0,0,0,0,220,1
1,287,585019,659525,120,62,2081,0.65733,0.045474,125,-1,ok,0,0,0,0,124,1
1,288,714688,746144,256,129,4517,1.28857,0.171127,259,-1,ok,0,0,0,0,258,1
1,289,487154,401935,1115,560,11079,3.17227,0.289096,1128,-1,ok,0,0,0,0,1127,1
1,290,558487,858169,252,127,2607,0.721621,0.173853,257,-1,ok,0,0,0,0,256,1
1,291,574271,660088,2395,1201,19803,5.51193,0.613649,2428,-1,ok,0,0,0,0,2427,1
1,292,41143,546444,721,363,8441,2.21473,0.203006,734,-1,ok,0,0,0,0,733,1
1,293,760001,646214,1715,861,19794,5.55094,0.3075,1742,-1,ok,0,0,0,0,1741,1
1,294,185761,377965,506,254,6224,1.67829,0.083715,511,-1,ok,0,0,0,0,510,1
1,295,604576,736790,940,472,15522,4.47646,0.249333,953,-1,ok,0,0,0,0,952,1
1,296,604356,279676,1122,563,13184,3.72633,0.270523,1139,-1,ok,0,0,0,0,1138,1
1,297,467430,178127,281,142,4524,1.17703,0.149408,286,-1,ok,0,0,0,0,285,1
1,298,473402,701873,1457,730,19394,5.47575,0.311278,1476,-1,ok,0,0,0,0,1475,1
1,299,546168,470167,91,47,1913,0.535515,0.039724,94,-1,ok,0,0,0,0,93,1
2,0,515417,637366,1801,455,5375,1.68086,26.1702,1875,-1,ok,1,1,1,25.4914,1801,1
2,1,221578,683609,709,179,3064,0.895833,7.41629,729,-1,ok,1,1,1,7.00382,709,1
2,2,566063,455879,224,57,1269,0.410572,2.42381,230,-1,ok,1,1,1,2.3128,224,1
2,3,364509,251282,377,98,1597,0.432883,2.80637,407,-1,ok,1,1,1,2.61889,377,1
2,4,713214,541596,268,69,1309,0.392698,2.40953,281,-1,ok,1,1,1,2.28267,268,1
2,5,708892,372109,865,219,4160,1.06558,14.4316,913,-1,ok,1,1,1,14.0868,865,1
2,6,549730,910635,485,122,2097,0.648114,5.53212,501,-1,ok,1,1,1,5.27738,485,1
2,7,428575,333335,686,175,2517,0.707603,7.03546,727,-1,ok,1,1,1,6.76883,686,1
2,8,103741,529812,1209,307,4693,1.21243,16.5517,1271,-1,ok,1,1,1,16.0044,1209,1
2,9,504438,99296,1284,325,4128,1.15863,17.3669,1365,-1,ok,1,1,1,16.7719,1284,1
2,10,503002,473385,659,167,2738,0.817277,8.50203,687,-1,ok,1,1,1,8.18436,659,1
2,11,594375,693937,1954,494,5764,1.72014,30.3826,2032,-1,ok,1,1,1,29.5386,1954,1
2,12,184179,575147,1336,339,6384,2.00976,23.333,1380,-1,ok,1,1,1,22.6258,1336,1
2,13,84373,731343,822,208,3272,0.979198,12.4279,866,-1,ok,1,1,1,11.9339,822,1
2,14,533139,449475,806,205,3130,0.895562,0.423437,843,-1,ok,0,0,0,0,842,1
2,15,800775,353868,725,182,1665,0.460235,0.400674,736,-1,ok,0,0,0,0,735,1
2,16,580536,834346,1638,416,4907,1.18443,24.7956,1715,-1,ok,1,1,1,24.0503,1638,1
2,17,705977,179642,451,114,1683,0.511289,5.98702,463,-1,ok,1,1,1,5.71046,451,1
2,18,591189,502974,573,146,2338,0.669353,6.22873,592,-1,ok,1,1,1,5.96193,573,1
2,19,696806,606078,410,106,1818,0.5011,4.3988,433,-1,ok,1,1,1,4.2194,410,1
2,20,649644,351270,898,230,3347,0.993644,12.8506,935,-1,ok,1,1,1,12.4395,898,1
2,21,364679,647787,786,199,3343,0.946207,11.0622,827,-1,ok,1,1,1,10.6701,786,1
2,22,236480,558798,1348,343,6455,1.86812,21.6583,1397,-1,ok,1,1,1,21.0477,1348,1
2,23,429002,590281,593,151,2021,0.605459,6.13767,613,-1,ok,1,1,1,5.83685,593,1
2,24,732327,437963,2826,714,7003,1.96252,31.9598,2934,-1,ok,1,1,1,30.7575,2826,1
2,25,695045,573533,2638,667,6106,1.8373,1.30331,2741,-1,ok,0,0,0,0,2740,1
2,26,653917,554134,819,209,3375,0.866048,10.2459,855,-1,ok,1,1,1,10.0148,819,1
2,27,591152,758487,1441,364,5485,1.7129,24.9156,1495,-1,ok,1,1,1,24.2026,1441,1
2,28,530231,797885,2838,717,7569,2.21787,41.7461,2941,-1,ok,1,1,1,40.3384,2838,1
2,29,461730,614781,2269,573,6158,1.87964,31.8995,2356,-1,ok,1,1,1,30.8321,2269,1
2,30,444980,608103,2053,521,7200,2.20319,32.767,2133,-1,ok,1,1,1,31.7785,2053,1
2,31,625582,540051,1625,411,7089,2.20579,27.2949,1691,-1,ok,1,1,1,26.4752,1625,1
2,32,525321,196202,1187,301,3792,1.15182,16.3286,1252,-1,ok,1,1,1,15.7146,1187,1
2,33,478182,565842,1838,464,5146,1.58261,25.2417,1896,-1,ok,1,1,1,24.3759,1838,1
2,34,537719,542421,274,71,1359,0.495849,2.07126,290,-1,ok,1,1,1,1.91885,274,1
2,35,606091,561377,46,12,160,0.060882,0.218515,46,-1,ok,1,1,1,0.190583,46,1
2,36,540484,237922,578,146,2175,0.675896,7.04873,597,-1,ok,1,1,1,6.74402,578,1
2,37,916340,481104,632,160,2593,0.741687,7.89196,657,-1,ok,1,1,1,7.56859,632,1
2,38,547698,473617,2323,588,6597,1.91073,33.1587,2420,-1,ok,1,1,1,32.062,2323,1
2,39,503531,560189,206,52,790,0.282855,1.95104,206,-1,ok,1,1,1,1.83456,206,1
2,40,528285,633179,2234,566,5937,1.93429,30.0551,2335,-1,ok,1,1,1,28.998,2234,1
2,41,528291,124629,1240,315,3998,1.2308,18.3848,1313,-1,ok,1,1,1,17.7148,1240,1
2,42,218360,732318,1260,318,5542,1.73473,14.7824,1309,-1,ok,1,1,1,14.1897,1260,1
2,43,673429,646337,1726,437,5359,1.65539,23.2906,1783,-1,ok,1,1,1,22.4998,1726,1
2,44,677903,545932,2495,632,7183,2.11033,33.3524,2591,-1,ok,1,1,1,32.2632,2495,1
2,45,599861,473157,116,30,785,0.298775,1.14602,117,-1,ok,1,1,1,1.06361,116,1
2,46,771679,448047,942,239,4206,1.27344,11.9742,974,-1,ok,1,1,1,11.397,942,1
2,47,613652,373259,1541,390,6923,2.18173,27.5075,1604,-1,ok,1,1,1,26.6538,1541,1
2,48,559115,582478,645,162,1008,0.282223,4.10979,647,-1,ok,1,1,1,3.82321,645,1
2,49,138045,605112,1531,389,6970,2.23348,0.729977,1582,-1,ok,0,0,0,0,1581,1
2,50,715274,544491,2277,577,7111,1.80506,33.2143,2366,-1,ok,1,1,1,32.2661,2277,1
2,51,118518,621231,1297,329,5798,1.83374,21.3789,1339,-1,ok,1,1,1,20.6598,1297,1
2,52,560125,876072,607,155,2586,0.865407,7.14959,641,-1,ok,1,1,1,6.79969,607,1
2,53,457330,549752,200,52,778,0.213627,1.65229,209,-1,ok,1,1,1,1.57346,200,1
2,54,185650,870115,627,159,2982,0.935096,5.55755,638,-1,ok,1,1,1,5.21161,627,1
2,55,519871,693835,2142,542,5948,1.63607,32.3413,2228,-1,ok,1,1,1,31.3999,2142,1
2,56,140914,484062,1346,341,6335,1.97132,22.2526,1387,-1,ok,1,1,1,21.5812,1346,1
2,57,630216,170691,1277,324,4397,1.26146,18.6257,1317,-1,ok,1,1,1,17.9357,1277,1
2,58,686374,577768,450,115,2134,0.640941,6.1532,467,-1,ok,1,1,1,5.90496,450,1
2,59,625714,607337,2167,549,6153,1.77333,31.9589,2255,-1,ok,1,1,1,30.9059,2167,1
2,60,160386,877813,1001,254,3971,1.17558,11.5858,1024,-1,ok,1,1,1,11.008,1001,1
2,61,557207,713255,2128,538,5895,1.73742,30.2456,2212,-1,ok,1,1,1,29.324,2128,1
2,62,689095,577712,931,236,2309,0.713694,10.7485,962,-1,ok,1,1,1,10.3026,931,1
2,63,118518,543922,1546,392,7092,2.05178,23.5293,1593,-1,ok,1,1,1,22.8466,1546,1
2,64,743230,714700,454,115,1503,0.464252,2.98166,467,-1,ok,1,1,1,2.74516,454,1
2,65,451281,500222,1729,438,4846,1.32048,22.8217,1791,-1,ok,1,1,1,22.0259,1729,1
2,66,87326,638815,783,198,3138,0.92694,10.3391,835,-1,ok,1,1,1,9.87406,783,1
2,67,873089,178288,543,139,1961,0.535635,4.48026,561,-1,ok,1,1,1,4.17207,543,1
2,68,540231,698411,324,83,1584,0.490762,4.97163,337,-1,ok,1,1,1,4.80711,324,1
2,69,608054,502046,428,107,1715,0.524423,4.47675,433,-1,ok,1,1,1,4.28927,428,1
2,70,551981,134941,1142,289,3333,0.884261,14.8294,1201,-1,ok,1,1,1,14.387,1142,1
2,71,463217,908917,606,153,2340,0.662982,7.56704,631,-1,ok,1,1,1,7.26976,606,1
2,72,633916,540912,2768,701,7040,1.91333,32.1466,2878,-1,ok,1,1,1,30.9763,2768,1
2,73,797852,552425,1119,283,2560,0.788493,11.6067,1152,-1,ok,1,1,1,11.0206,1119,1
2,74,746160,847884,1478,374,5366,1.72075,0.862782,1539,-1,ok,0,0,0,0,1538,1
2,75,759766,548195,703,179,2968,0.77043,7.60723,733,-1,ok,1,1,1,7.34943,703,1
2,76,413741,394099,778,197,3891,0.996931,11.3672,810,-1,ok,1,1,1,10.9745,778,1
2,77,913394,471896,1104,281,4732,1.31719,21.1977,1141,-1,ok,1,1,1,20.5834,1104,1
2,78,652297,501706,101,26,596,0.220911,0.225147,101,-1,ok,1,1,1,0.144248,101,1
2,79,528306,440834,2348,594,6608,1.92689,31.0545,2445,-1,ok,1,1,1,30.0066,2348,1
2,80,579216,344905,687,173,3436,1.09618,10.8733,709,-1,ok,1,1,1,10.4919,687,1
2,81,291425,565940,613,157,2777,0.757727,8.86252,640,-1,ok,1,1,1,8.52974,613,1
2,82,560203,166249,1334,337,4157,1.16072,18.4209,1374,-1,ok,1,1,1,17.8086,1334,1
2,83,725367,601383,506,130,1783,0.56525,5.62972,525,-1,ok,1,1,1,5.36463,506,1
2,84,690950,626446,632,161,3006,0.838096,4.74151,653,-1,ok,1,1,1,4.46596,632,1
2,85,885107,623720,1723,437,6161,1.72892,33.9039,1796,-1,ok,1,1,1,33.0538,1723,1
2,86,452862,582210,1864,471,5128,1.61782,24.6695,1935,-1,ok,1,1,1,23.7236,1864,1
2,87,643668,475109,189,48,940,0.336866,1.96166,193,-1,ok,1,1,1,1.83992,189,1
2,88,72436,674500,1030,261,3781,1.1696,0.588834,1087,-1,ok,0,0,0,0,1086,1
2,89,868641,853704,37,9,106,0.030096,0.121777,33,-1,ok,1,1,1,0.105627,37,1
2,90,644709,548157,2038,515,6360,1.73586,33.0636,2134,-1,ok,1,1,1,32.2127,2038,1
2,91,582005,373594,1217,309,4221,1.29234,20.3688,1283,-1,ok,1,1,1,19.7096,1217,1
2,92,677416,621320,2042,517,5850,1.76501,28.2332,2131,-1,ok,1,1,1,27.3926,2042,1
2,93,705859,580720,219,56,616,0.210931,0.1345,238,-1,ok,0,0,0,0,237,1
2,94,431412,580719,607,154,2165,0.626945,0.293755,634,-1,ok,0,0,0,0,633,1
2,95,437348,552419,661,168,2534,0.676976,8.24782,683,-1,ok,1,1,1,8.02971,661,1
2,96,758271,503460,743,188,3183,0.935017,8.9366,771,-1,ok,1,1,1,8.59477,743,1
2,97,868701,479347,1176,300,4803,1.24535,19.9363,1222,-1,ok,1,1,1,19.3333,1176,1
2,98,562097,501182,3169,800,7331,2.01319,32.7231,3269,-1,ok,1,1,1,31.4315,3169,1
2,99,278199,257290,49,13,157,0.08651,0.259792,49,-1,ok,1,1,1,0.228023,49,1
2,100,570049,534288,47,13,261,0.117248,0.243292,49,-1,ok,1,1,1,0.214989,47,1
2,101,541954,728137,425,109,1649,0.537809,4.64029,446,-1,ok,1,1,1,4.40665,425,1
2,102,215378,85837,389,99,1785,0.480974,2.24382,415,-1,ok,1,1,1,2.05688,389,1
2,103,589928,544726,2226,564,6263,1.78835,32.0076,2315,-1,ok,1,1,1,31.1044,2226,1
2,104,541522,549453,805,204,2616,0.838387,10.115,826,-1,ok,1,1,1,9.69675,805,1
2,105,502684,483770,978,247,2902,0.931981,10.8731,1013,-1,ok,1,1,1,10.4199,978,1
2,106,185739,464682,1225,311,5848,1.78615,20.9391,1265,-1,ok,1,1,1,20.3777,1225,1
2,107,564997,595611,2276,574,5311,1.53473,23.0832,2355,-1,ok,1,1,1,22.1143,2276,1
2,108,589155,636201,2476,627,5893,1.76987,27.7731,2571,-1,ok,1,1,1,26.6954,2476,1
2,109,531285,901687,2128,537,5749,1.79178,29.1893,2208,-1,ok,1,1,1,28.232,2128,1
2,110,732706,576220,224,56,641,0.236769,1.34333,234,-1,ok,1,1,1,1.21284,224,1
2,111,109733,638731,1000,253,3704,1.08405,15.0986,1061,-1,ok,1,1,1,14.5758,1000,1
2,112,662568,191645,835,212,3460,1.02341,0.456236,892,-1,ok,0,0,0,0,891,1
2,113,374965,759941,1238,314,5425,1.50911,18.7742,1283,-1,ok,1,1,1,18.3258,1238,1
2,114,719164,27693,1169,297,4356,1.3612,18.0815,1245,-1,ok,1,1,1,17.5834,1169,1
2,115,752294,934231,163,42,570,0.195803,0.839319,164,-1,ok,1,1,1,0.757967,163,1
2,116,655535,844782,573,146,2447,0.774759,6.89454,599,-1,ok,1,1,1,6.59923,573,1
2,117,474798,607811,1695,429,6093,1.87221,29.7236,1761,-1,ok,1,1,1,28.8729,1695,1
2,118,913321,352359,1830,464,7026,2.14891,31.4322,1922,-1,ok,1,1,1,30.4774,1830,1
2,119,458475,638815,192,50,1026,0.355189,1.63593,209,-1,ok,1,1,1,1.51482,192,1
2,120,185587,899904,797,204,3528,1.06201,14.5382,836,-1,ok,1,1,1,14.0695,797,1
2,121,660993,722496,1439,365,4676,1.44826,20.9461,1510,-1,ok,1,1,1,20.1731,1439,1
2,122,587664,590978,396,101,1434,0.500759,2.65338,399,-1,ok,1,1,1,2.43229,396,1
2,123,227425,627948,1391,353,6704,1.97776,0.648654,1454,-1,ok,0,0,0,0,1453,1
2,124,404568,507174,380,95,1409,0.349879,1.85355,383,-1,ok,1,1,1,1.71265,380,1
2,125,234885,555140,1077,272,4471,1.18223,16.727,1123,-1,ok,1,1,1,16.4096,1077,1
2,126,379198,738927,1657,418,4728,1.18416,21.7287,1727,-1,ok,1,1,1,20.9456,1657,1
2,127,516377,549670,2291,580,6233,1.82183,29.8084,2393,-1,ok,1,1,1,28.7485,2291,1
2,128,346621,479141,772,196,3686,1.1462,10.0444,810,-1,ok,1,1,1,9.65676,772,1
2,129,380939,508659,970,245,4524,1.20931,10.7386,1006,-1,ok,1,1,1,10.2741,970,1
2,130,549667,582479,32,9,136,0.065642,0.149557,33,-1,ok,1,1,1,0.126996,32,1
2,131,231944,556389,1377,348,6551,2.00862,21.5799,1431,-1,ok,1,1,1,20.8976,1377,1
2,132,444980,143997,639,163,2279,0.723344,6.10025,686,-1,ok,1,1,1,5.73863,639,1
2,133,553121,561095,2824,714,6323,1.74925,30.7337,2923,-1,ok,1,1,1,29.5833,2824,1
2,134,557186,599599,2595,656,7337,2.15878,33.7258,2691,-1,ok,1,1,1,32.5132,2595,1
2,135,752223,476482,939,238,4205,1.25498,11.1586,979,-1,ok,1,1,1,10.6319,939,1
2,136,668229,470670,2659,673,6417,1.78101,27.9883,2764,-1,ok,1,1,1,26.9903,2659,1
2,137,328875,564452,195,50,969,0.319022,0.659144,201,-1,ok,1,1,1,0.51765,195,1
2,138,642157,729840,1731,439,5529,1.68211,23.0871,1797,-1,ok,1,1,1,22.3435,1731,1
2,139,90305,752572,987,250,3795,1.098,0.571982,1014,-1,ok,0,0,0,0,1013,1
2,140,540469,868590,1095,278,4982,1.27906,16.8985,1163,-1,ok,1,1,1,16.4511,1095,1
2,141,554237,542468,341,88,1657,0.525706,2.54408,351,-1,ok,1,1,1,2.36078,341,1
2,142,552875,544670,2521,638,6526,1.76595,31.7765,2621,-1,ok,1,1,1,30.7003,2521,1
2,143,489779,135045,582,148,2373,0.880995,6.9058,627,-1,ok,1,1,1,6.55793,582,1
2,144,684986,321427,899,227,3919,1.09432,15.735,952,-1,ok,1,1,1,15.3837,899,1
2,145,551199,39629,1264,323,4192,1.22134,18.119,1318,-1,ok,1,1,1,17.5382,1264,1
2,146,161784,518507,1403,355,6673,1.99631,21.2753,1447,-1,ok,1,1,1,20.6672,1403,1
2,147,916310,555655,611,154,2103,0.616675,5.70644,633,-1,ok,1,1,1,5.418,611,1
2,148,358724,558670,1036,264,4418,1.15072,15.2084,1075,-1,ok,1,1,1,14.8054,1036,1
2,149,491303,659590,417,106,1579,0.467949,5.01342,434,-1,ok,1,1,1,4.75933,417,1
2,150,551910,879052,1906,483,4979,1.30466,22.7854,1989,-1,ok,1,1,1,21.9349,1906,1
2,151,548928,513895,2545,644,6327,1.86102,28.1674,2647,-1,ok,1,1,1,27.0841,2545,1
2,152,544907,516738,841,212,3973,1.20213,10.6135,892,-1,ok,1,1,1,10.1201,841,1
2,153,596621,550078,3073,777,7517,2.05697,38.5189,3182,-1,ok,1,1,1,37.2057,3073,1
2,154,457377,679268,965,245,3012,0.938333,11.5311,1004,-1,ok,1,1,1,11.0237,965,1
2,155,888007,738901,148,37,655,0.2099,1.25043,147,-1,ok,1,1,1,1.17189,148,1
2,156,557446,245356,1550,392,3546,1.06266,0.685553,1601,-1,ok,0,0,0,0,1600,1
2,157,269058,233403,285,73,1002,0.336304,1.7481,295,-1,ok,1,1,1,1.62518,285,1
2,158,561143,482354,629,160,2793,0.884562,10.197,646,-1,ok,1,1,1,9.88297,629,1
2,159,476616,512534,204,53,1122,0.320274,2.52545,221,-1,ok,1,1,1,2.45058,204,1
2,160,651112,289929,1373,349,4513,1.13863,19.6464,1429,-1,ok,1,1,1,19.1486,1373,1
2,161,728484,372110,264,68,958,0.310105,0.914148,269,-1,ok,1,1,1,0.779498,264,1
2,162,569402,643340,2200,556,5363,1.50839,22.6526,2282,-1,ok,1,1,1,21.8434,2200,1
2,163,148333,409238,245,64,893,0.268769,0.781151,273,-1,ok,1,1,1,0.61949,245,1
2,164,464750,373454,1640,416,4624,1.31025,21.1035,1705,-1,ok,1,1,1,20.3787,1640,1
2,165,355695,858397,800,202,3527,1.07135,6.97721,813,-1,ok,1,1,1,6.52529,800,1
2,166,671610,490121,1975,498,6852,1.90689,34.0112,2052,-1,ok,1,1,1,33.2289,1975,1
2,167,620032,817899,1017,258,2821,0.916121,11.7272,1057,-1,ok,1,1,1,11.2693,1017,1
2,168,475138,561483,915,232,3106,0.873211,11.1263,949,-1,ok,1,1,1,10.7459,915,1
2,169,677523,564943,2418,612,7464,2.17538,40.0787,2515,-1,ok,1,1,1,38.9298,2418,1
2,170,547139,894242,1009,256,2262,0.668181,8.48469,1043,-1,ok,1,1,1,7.95671,1009,1
2,171,513656,703356,1488,379,5667,1.80783,26.1345,1545,-1,ok,1,1,1,25.5194,1488,1
2,172,561653,646343,1780,451,5382,1.67582,0.861078,1845,-1,ok,0,0,0,0,1844,1
2,173,452860,580211,2703,683,7310,1.90802,33.3723,2804,-1,ok,1,1,1,32.5778,2703,1
2,174,457346,589806,992,253,3079,0.943512,12.53,1037,-1,ok,1,1,1,12.0046,992,1
2,175,125970,564306,414,104,1936,0.540073,3.24444,439,-1,ok,1,1,1,2.99339,414,1
2,176,432903,536123,1450,367,4506,1.27972,20.7761,1519,-1,ok,1,1,1,20.167,1450,1
2,177,586708,335970,692,176,3500,1.07271,9.28913,715,-1,ok,1,1,1,8.87045,692,1
2,178,127595,700137,422,108,1589,0.407697,2.38892,432,-1,ok,1,1,1,2.1321,422,1
2,179,538665,123021,1064,269,3358,0.89958,13.8581,1121,-1,ok,1,1,1,13.3891,1064,1
2,180,352712,882018,430,109,1898,0.528901,3.12143,453,-1,ok,1,1,1,2.8668,430,1
2,181,570105,642882,409,103,1739,0.531436,3.73178,409,-1,ok,1,1,1,3.56359,409,1
2,182,236454,64964,158,41,900,0.228464,1.51715,174,-1,ok,1,1,1,1.45013,158,1
2,183,547182,801522,1262,320,2798,0.827305,12.2287,1306,-1,ok,1,1,1,11.703,1262,1
2,184,684920,553657,177,46,588,0.19886,1.21406,184,-1,ok,1,1,1,1.14213,177,1
2,185,552875,351270,1255,319,3347,0.971936,12.8647,1299,-1,ok,1,1,1,12.4996,1255,1
2,186,492765,584268,2039,516,7311,2.20334,37.4357,2105,-1,ok,1,1,1,36.4497,2039,1
2,187,155792,743182,560,141,2705,0.848575,4.82541,591,-1,ok,1,1,1,4.44999,560,1
2,188,433249,556063,1470,372,6959,2.14486,25.1988,1509,-1,ok,1,1,1,24.5394,1470,1
2,189,675909,548947,322,83,1474,0.483528,1.51888,338,-1,ok,1,1,1,1.26818,322,1
2,190,801727,652069,1904,482,6078,1.82527,31.202,1974,-1,ok,1,1,1,30.323,1904,1
2,191,424436,194685,1235,313,3636,1.08911,16.1218,1277,-1,ok,1,1,1,15.4758,1235,1
2,192,568596,520838,78,21,553,0.245215,0.701603,83,-1,ok,1,1,1,0.658953,78,1
2,193,537052,487130,2582,651,6780,1.92276,31.0533,2675,-1,ok,1,1,1,29.9437,2582,1
2,194,287117,597610,1357,344,6580,2.04497,23.2144,1400,-1,ok,1,1,1,22.5002,1357,1
2,195,734217,369103,902,228,4181,1.27055,0.630041,963,-1,ok,0,0,0,0,962,1
2,196,609326,594424,18,6,38,0.01644,0.056274,21,-1,ok,1,1,1,0.046276,18,1
2,197,555356,373478,150,38,829,0.223705,0.586708,165,-1,ok,1,1,1,0.546795,150,1
2,198,538782,596393,2887,729,7658,2.16018,48.3704,2987,-1,ok,1,1,1,47.0152,2887,1
2,199,853804,764242,234,60,794,0.254823,1.39309,241,-1,ok,1,1,1,1.26584,234,1
2,200,546144,731449,1563,395,4678,1.51328,23.7892,1629,-1,ok,1,1,1,22.88,1563,1
2,201,546580,470520,70,19,168,0.098493,0.320135,73,-1,ok,1,1,1,0.267768,70,1
2,202,587180,610058,2820,714,7301,2.16496,35.3556,2927,-1,ok,1,1,1,33.9756,2820,1
2,203,554148,555672,34,11,204,0.094467,0.063487,41,-1,ok,1,1,1,0.038041,34,1
2,204,618603,576023,2630,666,6229,1.81989,30.8035,2725,-1,ok,1,1,1,29.5694,2630,1
2,205,111185,663982,1131,287,4285,1.23463,17.2069,1195,-1,ok,1,1,1,16.5847,1131,1
2,206,558415,519079,908,230,4196,1.21996,9.6327,928,-1,ok,1,1,1,9.19862,908,1
2,207,273703,668225,1512,382,7073,2.02475,22.9209,1570,-1,ok,1,1,1,22.3451,1512,1
2,208,342313,675920,1135,287,4944,1.42423,19.2702,1183,-1,ok,1,1,1,18.673,1135,1
2,209,455838,475237,29,8,89,0.044563,0.119833,33,-1,ok,1,1,1,0.093743,29,1
2,210,407548,553070,2852,721,7532,2.13578,40.3658,2957,-1,ok,1,1,1,38.976,2852,1
2,211,504813,914851,324,84,1442,0.477606,2.27209,342,-1,ok,1,1,1,2.02791,324,1
2,212,547561,230431,1222,309,3518,1.09906,18.0157,1281,-1,ok,1,1,1,17.441,1222,1
2,213,466238,312299,1571,398,4539,1.26885,20.8343,1624,-1,ok,1,1,1,20.078,1571,1
2,214,234897,536226,1213,308,5810,1.79834,20.2297,1259,-1,ok,1,1,1,19.6858,1213,1
2,215,580756,561650,1750,443,6159,1.84363,29.5759,1813,-1,ok,1,1,1,28.7888,1750,1
2,216,744886,554466,1138,290,5361,1.70263,15.4815,1181,-1,ok,1,1,1,14.9894,1138,1
2,217,864144,644857,1147,292,5296,1.58226,18.2735,1188,-1,ok,1,1,1,17.714,1147,1
2,218,155929,549165,1194,302,4759,1.31665,0.663321,1257,-1,ok,0,0,0,0,1256,1
2,219,734340,664355,1063,270,4557,1.12971,0.528471,1112,-1,ok,0,0,0,0,1111,1
2,220,483567,570424,1455,368,4559,1.09347,20.2833,1519,-1,ok,1,1,1,19.8085,1455,1
2,221,639206,652049,2073,525,6108,1.79603,31.2727,2156,-1,ok,1,1,1,30.3889,2073,1
2,222,93334,537056,1452,367,6401,2.00531,20.5587,1525,-1,ok,1,1,1,19.8482,1452,1
2,223,603581,431982,437,110,1774,0.552656,3.86169,450,-1,ok,1,1,1,3.57247,437,1
2,224,439095,658592,1491,378,5775,1.78601,26.4244,1550,-1,ok,1,1,1,25.7458,1491,1
2,225,814923,899971,128,34,554,0.196886,0.998765,133,-1,ok,1,1,1,0.917864,128,1
2,226,498998,590659,2587,655,7312,2.15734,33.7326,2687,-1,ok,1,1,1,32.5559,2587,1
2,227,559098,530053,2275,575,5004,1.35359,22.92,2343,-1,ok,1,1,1,21.883,2275,1
2,228,549050,87356,1368,346,4111,1.26502,18.9995,1445,-1,ok,1,1,1,18.324,1368,1
2,229,507967,791931,2780,702,7560,2.15087,39.387,2877,-1,ok,1,1,1,38.0782,2780,1
2,230,403304,932996,1476,373,5807,1.8143,22.7169,1519,-1,ok,1,1,1,22.0075,1476,1
2,231,779288,400102,1980,500,6847,2.01816,32.4965,2046,-1,ok,1,1,1,31.5257,1980,1
2,232,115537,717680,835,211,3593,1.12737,9.80965,883,-1,ok,1,1,1,9.37376,835,1
2,233,625715,531035,2478,627,7156,2.13681,33.9363,2575,-1,ok,1,1,1,32.9449,2478,1
2,234,12779,392632,1393,354,5777,1.83126,19.0738,1461,-1,ok,1,1,1,18.3381,1393,1
2,235,491073,550893,600,152,2256,0.741226,8.22263,625,-1,ok,1,1,1,7.87081,600,1
2,236,544640,612058,608,155,2250,0.574998,6.1614,631,-1,ok,1,1,1,5.93778,608,1
2,237,349394,221491,1219,308,3515,0.943361,13.9713,1275,-1,ok,1,1,1,13.511,1219,1
2,238,643343,800035,1098,278,4833,1.27466,17.1228,1143,-1,ok,1,1,1,16.6261,1098,1
2,239,466292,494384,1056,267,3188,0.934104,12.5043,1093,-1,ok,1,1,1,11.9854,1056,1
2,240,263294,711941,727,184,3184,0.946838,8.99903,753,-1,ok,1,1,1,8.66313,727,1
2,241,540708,407534,2386,604,6865,1.90506,33.4323,2483,-1,ok,1,1,1,32.441,2386,1
2,242,407548,728111,217,56,1045,0.362333,0.461356,223,-1,ok,1,1,1,0.297202,217,1
2,243,495501,485664,2437,615,6925,2.01429,1.119,2536,-1,ok,0,0,0,0,2535,1
2,244,720906,179696,594,151,2309,0.671447,8.12753,629,-1,ok,1,1,1,7.84613,594,1
2,245,650350,482575,2675,677,6515,1.81363,31.0834,2779,-1,ok,1,1,1,29.9309,2675,1
2,246,638652,817933,1535,389,4853,1.46353,0.884371,1606,-1,ok,0,0,0,0,1605,1
2,247,548934,567346,842,214,2536,0.645117,10.2749,865,-1,ok,1,1,1,10.0102,842,1
2,248,573392,445311,937,237,4355,1.18839,12.5083,973,-1,ok,1,1,1,12.0725,937,1
2,249,791829,669974,699,176,1523,0.433856,4.27706,708,-1,ok,1,1,1,3.99301,699,1
2,250,181289,193174,55,14,144,0.048961,0.13486,61,-1,ok,1,1,1,0.115685,55,1
2,251,734304,877601,1239,315,5093,1.43947,0.520887,1280,-1,ok,0,0,0,0,1279,1
2,252,541771,272040,815,207,3151,0.821907,10.6029,865,-1,ok,1,1,1,10.2757,815,1
2,253,555426,520840,632,160,2564,0.744131,7.74095,649,-1,ok,1,1,1,7.48949,632,1
2,254,554148,468913,1653,419,4774,1.29216,23.9363,1715,-1,ok,1,1,1,23.1887,1653,1
2,255,407897,554527,1448,367,6900,2.10571,23.7224,1488,-1,ok,1,1,1,23.0864,1448,1
2,256,476137,886494,1697,431,5066,1.41457,25.3747,1791,-1,ok,1,1,1,24.5827,1697,1
2,257,647690,523082,2414,611,7376,2.20914,42.1895,2515,-1,ok,1,1,1,40.9839,2414,1
2,258,841766,458240,1678,427,6706,2.05299,30.2172,1759,-1,ok,1,1,1,29.3517,1678,1
2,259,462910,637233,417,105,1609,0.528841,4.97115,435,-1,ok,1,1,1,4.71832,417,1
2,260,536976,551877,19,6,54,0.024656,0.072354,21,-1,ok,1,1,1,0.060702,19,1
2,261,42610,554524,1736,441,7417,2.12584,27.5739,1795,-1,ok,1,1,1,26.7641,1736,1
2,262,613794,229015,1113,284,3640,1.09311,15.9811,1162,-1,ok,1,1,1,15.3983,1113,1
2,263,786608,624950,1914,485,7376,2.16359,31.8231,1987,-1,ok,1,1,1,30.9597,1914,1
2,264,412226,542166,1648,418,6551,2.04017,29.6362,1719,-1,ok,1,1,1,28.7692,1648,1
2,265,578007,584682,2557,648,7335,2.19135,34.1057,2657,-1,ok,1,1,1,32.9296,2557,1
2,266,129099,357177,198,50,929,0.292924,1.43757,207,-1,ok,1,1,1,1.31304,198,1
2,267,670451,218543,1088,277,3553,1.12056,15.2771,1128,-1,ok,1,1,1,14.7063,1088,1
2,268,636901,562811,880,222,2302,0.681103,10.6745,906,-1,ok,1,1,1,10.2399,880,1
2,269,161898,720900,750,189,3192,0.908086,11.1518,785,-1,ok,1,1,1,10.749,750,1
2,270,536127,726744,1037,263,4967,1.36447,12.63,1082,-1,ok,1,1,1,12.1806,1037,1
2,271,182733,659592,907,230,3671,0.928403,13.8715,960,-1,ok,1,1,1,13.5279,907,1
2,272,557521,334467,2898,732,7057,1.87192,32.8622,2997,-1,ok,1,1,1,31.7358,2898,1
2,273,550876,844900,1310,332,5365,1.76539,19.6623,1375,-1,ok,1,1,1,19.0176,1310,1
2,274,442000,527458,1850,468,6834,2.01268,29.002,1923,-1,ok,1,1,1,28.2274,1850,1
2,275,163378,695363,985,249,3842,1.17119,16.7064,1037,-1,ok,1,1,1,16.2177,985,1
2,276,469207,449288,2393,604,6733,2.05302,31.235,2477,-1,ok,1,1,1,30.1943,2393,1
2,277,621533,503471,384,97,993,0.303605,0.256516,395,-1,ok,0,0,0,0,394,1
2,278,584186,780781,627,158,2131,0.588854,7.84702,648,-1,ok,1,1,1,7.54673,627,1
2,279,537110,215501,1213,307,3475,1.04074,18.2161,1274,-1,ok,1,1,1,17.5843,1213,1
2,280,552659,521369,42,11,193,0.09682,0.25348,41,-1,ok,1,1,1,0.227844,42,1
2,281,470354,521484,1808,457,6773,2.06084,28.9343,1879,-1,ok,1,1,1,28.1241,1808,1
2,282,779294,490035,423,107,1786,0.556664,2.7158,441,-1,ok,1,1,1,2.47249,423,1
2,283,856695,383684,1735,439,6901,1.983,29.3586,1795,-1,ok,1,1,1,28.5249,1735,1
2,284,856911,565634,2043,517,6332,1.93861,35.4058,2113,-1,ok,1,1,1,34.1293,2043,1
2,285,226029,617772,1109,281,4398,1.82504,24.5417,1155,-1,ok,1,1,1,23.6212,1109,1
2,286,273528,498716,214,55,601,0.26361,1.58614,227,-1,ok,1,1,1,1.43204,214,1
2,287,585019,659525,120,32,556,0.304014,0.782363,125,-1,ok,1,1,1,0.714987,120,1
2,288,714688,746144,256,66,1248,0.502112,1.90213,265,-1,ok,1,1,1,1.74132,256,1
2,289,487154,401935,1115,281,3253,1.33808,16.1694,1146,-1,ok,1,1,1,15.526,1115,1
2,290,558487,858169,252,65,780,0.375517,1.89142,275,-1,ok,1,1,1,1.69845,252,1
2,291,574271,660088,2395,606,5762,2.36348,37.4752,2490,-1,ok,1,1,1,36.0709,2395,1
2,292,41143,546444,721,183,2374,0.937411,11.1608,755,-1,ok,1,1,1,10.681,721,1
2,293,760001,646214,1715,434,5803,2.33821,31.6978,1781,-1,ok,1,1,1,30.8227,1715,1
2,294,185761,377965,506,129,1842,0.54407,6.71484,524,-1,ok,1,1,1,6.41457,506,1
2,295,604576,736790,940,238,4465,1.2642,11.932,967,-1,ok,1,1,1,11.4353,940,1
2,296,604356,279676,1122,283,3737,1.03252,15.8866,1177,-1,ok,1,1,1,15.334,1122,1
2,297,467430,178127,281,72,1292,0.398109,1.58705,295,-1,ok,1,1,1,1.4386,281,1
2,298,473402,701873,1457,370,5647,1.78481,23.0781,1509,-1,ok,1,1,1,22.4717,1457,1
2,299,546168,470167,91,24,481,0.185385,0.633917,93,-1,ok,1,1,1,0.575719,91,1
3,0,515417,637366,1801,228,1720,0.449213,24.9563,2028,-1,ok,1,1,1,23.9404,1801,1
3,1,221578,683609,709,90,985,0.295048,8.21477,779,-1,ok,1,1,1,7.77771,709,1
3,2,566063,455879,224,29,384,0.124211,2.49712,244,-1,ok,1,1,1,2.36925,224,1
3,3,364509,251282,377,49,506,0.139237,2.92541,416,-1,ok,1,1,1,2.72103,377,1
3,4,713214,541596,268,34,370,0.10293,2.40855,273,-1,ok,1,1,1,2.28389,268,1
3,5,708892,372109,865,112,1308,0.341455,14.7596,981,-1,ok,1,1,1,14.3859,865,1
3,6,549730,910635,485,63,671,0.208397,5.65456,531,-1,ok,1,1,1,5.39373,485,1
3,7,428575,333335,686,88,778,0.22082,7.50296,774,-1,ok,1,1,1,7.19217,686,1
3,8,103741,529812,1209,153,1503,0.374154,17.6357,1329,-1,ok,1,1,1,16.8838,1209,1
3,9,504438,99296,1284,162,1277,0.37137,19.13,1407,-1,ok,1,1,1,18.3584,1284,1
3,10,503002,473385,659,84,836,0.281493,9.27279,692,-1,ok,1,1,1,8.86023,659,1
3,11,594375,693937,1954,248,1849,0.482836,29.648,2192,-1,ok,1,1,1,28.5817,1954,1
3,12,184179,575147,1336,169,2007,0.514215,23.0223,1500,-1,ok,1,1,1,22.1876,1336,1
3,13,84373,731343,822,104,1054,0.303564,12.052,925,-1,ok,1,1,1,11.538,822,1
3,14,533139,449475,806,103,1022,0.259791,9.25944,926,-1,ok,1,1,1,8.87297,806,1
3,15,800775,353868,725,92,499,0.155939,3.42185,739,-1,ok,1,1,1,3.09239,725,1
3,16,580536,834346,1638,206,1532,0.354478,24.3224,1804,-1,ok,1,1,1,23.4835,1638,1
3,17,705977,179642,451,58,536,0.167531,6.10431,485,-1,ok,1,1,1,5.82738,451,1
3,18,591189,502974,573,73,723,0.21022,6.56819,597,-1,ok,1,1,1,6.24015,573,1
3,19,696806,606078,410,53,548,0.153163,4.44381,431,-1,ok,1,1,1,4.25657,410,1
3,20,649644,351270,898,114,1067,0.288426,12.885,1009,-1,ok,1,1,1,12.4107,898,1
3,21,364679,647787,786,100,1077,0.266466,10.9733,889,-1,ok,1,1,1,10.5654,786,1
3,22,236480,558798,1348,169,2018,0.470863,20.9895,1493,-1,ok,1,1,1,20.3159,1348,1
3,23,429002,590281,593,77,628,0.197036,6.27377,641,-1,ok,1,1,1,5.98446,593,1
3,24,732327,437963,2826,357,2203,0.55503,32.1443,3089,-1,ok,1,1,1,30.6463,2826,1
3,25,695045,573533,2638,333,1924,0.510036,28.8429,2880,-1,ok,1,1,1,27.5226,2638,1
3,26,653917,554134,819,105,1078,0.344659,9.72157,929,-1,ok,1,1,1,9.25363,819,1
3,27,591152,758487,1441,182,1730,0.429608,23.3059,1620,-1,ok,1,1,1,22.6659,1441,1
3,28,530231,797885,2838,357,2383,0.608239,39.3651,3100,-1,ok,1,1,1,37.8549,2838,1
3,29,461730,614781,2269,287,1962,0.517591,32.2424,2519,-1,ok,1,1,1,30.9854,2269,1
3,30,444980,608103,2053,260,2270,0.610053,33.0129,2285,-1,ok,1,1,1,31.8634,2053,1
3,31,625582,540051,1625,206,2236,0.583795,27.5787,1786,-1,ok,1,1,1,26.6765,1625,1
3,32,525321,196202,1187,150,1167,0.357064,16.2301,1304,-1,ok,1,1,1,15.5531,1187,1
3,33,478182,565842,1838,232,1646,0.416243,24.3967,2054,-1,ok,1,1,1,23.472,1838,1
3,34,537719,542421,274,36,416,0.144699,1.99567,295,-1,ok,1,1,1,1.83943,274,1
3,35,606091,561377,46,6,33,0.014136,0.233143,52,-1,ok,1,1,1,0.20494,46,1
3,36,540484,237922,578,73,673,0.20464,6.81642,623,-1,ok,1,1,1,6.51327,578,1
3,37,916340,481104,632,80,800,0.216221,7.63718,695,-1,ok,1,1,1,7.33625,632,1
3,38,547698,473617,2323,294,2068,0.487925,31.792,2561,-1,ok,1,1,1,30.8168,2323,1
3,39,503531,560189,206,27,235,0.089977,1.918,222,-1,ok,1,1,1,1.78604,206,1
3,40,528285,633179,2234,282,1879,0.57093,29.5504,2475,-1,ok,1,1,1,28.4419,2234,1
3,41,528291,124629,1240,157,1232,0.36655,17.9489,1363,-1,ok,1,1,1,17.2769,1240,1
3,42,218360,732318,1260,159,1760,0.447922,14.6759,1336,-1,ok,1,1,1,13.999,1260,1
3,43,673429,646337,1726,219,1713,0.415451,23.2141,1943,-1,ok,1,1,1,22.3618,1726,1
3,44,677903,545932,2495,315,2263,0.553847,33.534,2747,-1,ok,1,1,1,32.2971,2495,1
3,45,599861,473157,116,16,219,0.101648,1.12564,122,-1,ok,1,1,1,1.03111,116,1
3,46,771679,448047,942,119,1348,0.405233,11.6543,1075,-1,ok,1,1,1,11.1037,942,1
3,47,613652,373259,1541,194,2180,0.527929,25.1446,1682,-1,ok,1,1,1,24.4315,1541,1
3,48,559115,582478,645,81,318,0.09672,4.22676,653,-1,ok,1,1,1,3.92422,645,1
3,49,138045,605112,1531,194,2188,0.555341,27.1335,1691,-1,ok,1,1,1,26.3112,1531,1
3,50,715274,544491,2277,288,2244,0.584887,33.05,2503,-1,ok,1,1,1,31.7777,2277,1
3,51,118518,621231,1297,164,1815,0.463429,21.6535,1461,-1,ok,1,1,1,20.8701,1297,1
3,52,560125,876072,607,79,820,0.240175,6.94715,687,-1,ok,1,1,1,6.61838,607,1
3,53,457330,549752,200,27,235,0.062596,1.67129,211,-1,ok,1,1,1,1.57324,200,1
3,54,185650,870115,627,78,959,0.321277,5.63534,709,-1,ok,1,1,1,5.29342,627,1
3,55,519871,693835,2142,270,1904,0.454233,29.897,2380,-1,ok,1,1,1,28.8893,2142,1
3,56,140914,484062,1346,171,1974,0.510718,22.1816,1521,-1,ok,1,1,1,21.3586,1346,1
3,57,630216,170691,1277,162,1410,0.421291,18.4975,1439,-1,ok,1,1,1,17.8099,1277,1
3,58,686374,577768,450,57,631,0.218165,6.17547,463,-1,ok,1,1,1,5.93043,450,1
3,59,625714,607337,2167,274,1966,0.459171,31.2363,2411,-1,ok,1,1,1,30.1801,2167,1
3,60,160386,877813,1001,125,1286,0.371951,10.993,1129,-1,ok,1,1,1,10.4166,1001,1
3,61,557207,713255,2128,270,1892,0.444214,30.2539,2371,-1,ok,1,1,1,29.1655,2128,1
3,62,689095,577712,931,117,689,0.220309,10.8386,972,-1,ok,1,1,1,10.3835,931,1
3,63,118518,543922,1546,195,2227,0.539922,24.1481,1725,-1,ok,1,1,1,23.3109,1546,1
3,64,743230,714700,454,58,483,0.167661,2.96097,477,-1,ok,1,1,1,2.69331,454,1
3,65,451281,500222,1729,219,1555,0.380357,22.5627,1941,-1,ok,1,1,1,21.6763,1729,1
3,66,87326,638815,783,98,1003,0.267848,10.1132,905,-1,ok,1,1,1,9.64181,783,1
3,67,873089,178288,543,69,650,0.185045,4.42755,631,-1,ok,1,1,1,4.09852,543,1
3,68,540231,698411,324,40,448,0.143216,5.02297,329,-1,ok,1,1,1,4.85723,324,1
3,69,608054,502046,428,54,512,0.148666,4.43198,455,-1,ok,1,1,1,4.21197,428,1
3,70,551981,134941,1142,145,1026,0.241088,15.27,1219,-1,ok,1,1,1,14.7919,1142,1
3,71,463217,908917,606,78,744,0.22587,7.83954,677,-1,ok,1,1,1,7.49005,606,1
3,72,633916,540912,2768,349,2215,0.531648,31.0349,3024,-1,ok,1,1,1,29.7228,2768,1
3,73,797852,552425,1119,141,773,0.257709,11.4797,1158,-1,ok,1,1,1,10.9291,1119,1
3,74,746160,847884,1478,186,1687,0.427524,22.0712,1627,-1,ok,1,1,1,21.3278,1478,1
3,75,759766,548195,703,92,960,0.264832,6.92032,796,-1,ok,1,1,1,6.56301,703,1
3,76,413741,394099,778,98,1220,0.302542,10.7273,832,-1,ok,1,1,1,10.3147,778,1
3,77,913394,471896,1104,138,1504,0.36634,19.6912,1233,-1,ok,1,1,1,19.0946,1104,1
3,78,652297,501706,101,13,188,0.069067,0.176388,97,-1,ok,1,1,1,0.120114,101,1
3,79,528306,440834,2348,297,2076,0.513572,31.1952,2597,-1,ok,1,1,1,30.0357,2348,1
3,80,579216,344905,687,87,1097,0.352434,11.2853,751,-1,ok,1,1,1,10.8333,687,1
3,81,291425,565940,613,79,894,0.317168,10.0104,700,-1,ok,1,1,1,9.58931,613,1
3,82,560203,166249,1334,169,1328,0.364616,18.7825,1514,-1,ok,1,1,1,18.0927,1334,1
3,83,725367,601383,506,64,562,0.193559,5.80826,523,-1,ok,1,1,1,5.54182,506,1
3,84,690950,626446,632,79,916,0.244184,4.69871,645,-1,ok,1,1,1,4.46291,632,1
3,85,885107,623720,1723,217,1961,0.466756,33.9646,1906,-1,ok,1,1,1,32.9916,1723,1
3,86,452862,582210,1864,236,1642,0.482436,26.1267,2093,-1,ok,1,1,1,24.9356,1864,1
3,87,643668,475109,189,24,286,0.120524,1.94392,189,-1,ok,1,1,1,1.81179,189,1
3,88,72436,674500,1030,130,1231,0.399261,15.7619,1139,-1,ok,1,1,1,15.185,1030,1
3,89,868641,853704,37,5,33,0.013276,0.110415,33,-1,ok,1,1,1,0.09227,37,1
3,90,644709,548157,2038,258,1987,0.495971,31.5301,2281,-1,ok,1,1,1,30.5007,2038,1
3,91,582005,373594,1217,157,1328,0.41486,21.1723,1353,-1,ok,1,1,1,20.4934,1217,1
3,92,677416,621320,2042,258,1840,0.502784,28.8887,2243,-1,ok,1,1,1,27.8097,2042,1
3,93,705859,580720,219,29,195,0.076994,1.08615,228,-1,ok,1,1,1,0.953791,219,1
3,94,431412,580719,607,77,656,0.205,7.89045,625,-1,ok,1,1,1,7.63493,607,1
3,95,437348,552419,661,84,765,0.192657,7.32295,677,-1,ok,1,1,1,7.04826,661,1
3,96,758271,503460,743,95,1001,0.279258,9.06781,822,-1,ok,1,1,1,8.70686,743,1
3,97,868701,479347,1176,150,1546,0.37161,19.867,1334,-1,ok,1,1,1,19.2458,1176,1
3,98,562097,501182,3169,400,2306,0.561842,32.9426,3437,-1,ok,1,1,1,31.447,3169,1
3,99,278199,257290,49,8,59,0.025948,0.292194,65,-1,ok,1,1,1,0.242269,49,1
3,100,570049,534288,47,7,71,0.029856,0.259662,49,-1,ok,1,1,1,0.227814,47,1
3,101,541954,728137,425,55,537,0.187839,4.67953,440,-1,ok,1,1,1,4.43874,425,1
3,102,215378,85837,389,48,545,0.148946,2.28757,453,-1,ok,1,1,1,2.07425,389,1
3,103,589928,544726,2226,282,1995,0.457929,31.2633,2475,-1,ok,1,1,1,30.2101,2226,1
3,104,541522,549453,805,101,786,0.246778,10.0858,829,-1,ok,1,1,1,9.69053,805,1
3,105,502684,483770,978,123,883,0.2257,9.99119,1025,-1,ok,1,1,1,9.64894,978,1
3,106,185739,464682,1225,156,1840,0.464803,20.866,1387,-1,ok,1,1,1,20.2056,1225,1
3,107,564997,595611,2276,286,1690,0.42034,23.5889,2509,-1,ok,1,1,1,22.447,2276,1
3,108,589155,636201,2476,312,1864,0.478849,27.6466,2707,-1,ok,1,1,1,26.4306,2476,1
3,109,531285,901687,2128,267,1819,0.511169,29.1384,2331,-1,ok,1,1,1,28.0293,2128,1
3,110,732706,576220,224,28,186,0.077515,1.33577,238,-1,ok,1,1,1,1.20756,224,1
3,111,109733,638731,1000,128,1212,0.397578,14.7289,1127,-1,ok,1,1,1,14.1795,1000,1
3,112,662568,191645,835,107,1071,0.292523,15.3906,905,-1,ok,1,1,1,14.9854,835,1
3,113,374965,759941,1238,156,1699,0.422936,18.2988,1399,-1,ok,1,1,1,17.7064,1238,1
3,114,719164,27693,1169,149,1352,0.415482,19.4483,1293,-1,ok,1,1,1,18.8498,1169,1
3,115,752294,934231,163,21,190,0.07568,0.952477,176,-1,ok,1,1,1,0.831383,163,1
3,116,655535,844782,573,75,784,0.249633,7.20317,663,-1,ok,1,1,1,6.87591,573,1
3,117,474798,607811,1695,215,1922,0.475753,28.0326,1911,-1,ok,1,1,1,27.1599,1695,1
3,118,913321,352359,1830,231,2214,0.563277,31.5765,2061,-1,ok,1,1,1,30.4748,1830,1
3,119,458475,638815,192,25,316,0.140762,1.72366,205,-1,ok,1,1,1,1.58585,192,1
3,120,185587,899904,797,101,1132,0.411654,13.6595,928,-1,ok,1,1,1,13.1592,797,1
3,121,660993,722496,1439,182,1462,0.364206,19.6928,1570,-1,ok,1,1,1,19.1044,1439,1
3,122,587664,590978,396,50,408,0.135422,2.52427,399,-1,ok,1,1,1,2.34815,396,1
3,123,227425,627948,1391,176,2113,0.517139,20.5355,1488,-1,ok,1,1,1,19.8415,1391,1
3,124,404568,507174,380,48,411,0.15072,2.03287,388,-1,ok,1,1,1,1.74184,380,1
3,125,234885,555140,1077,136,1427,0.358956,17.0307,1163,-1,ok,1,1,1,16.4951,1077,1
3,126,379198,738927,1657,209,1479,0.377631,21.8425,1817,-1,ok,1,1,1,21.0275,1657,1
3,127,516377,549670,2291,289,1956,0.493786,29.4064,2527,-1,ok,1,1,1,28.2721,2291,1
3,128,346621,479141,772,98,1173,0.35579,10.1333,837,-1,ok,1,1,1,9.68629,772,1
3,129,380939,508659,970,123,1457,0.376329,10.4321,1019,-1,ok,1,1,1,10.0019,970,1
3,130,549667,582479,32,4,24,0.011942,0.146251,25,-1,ok,1,1,1,0.131033,32,1
3,131,231944,556389,1377,174,2073,0.46829,19.6401,1475,-1,ok,1,1,1,19.1475,1377,1
3,132,444980,143997,639,81,694,0.218597,5.62152,729,-1,ok,1,1,1,5.24628,639,1
3,133,553121,561095,2824,356,1998,0.50087,31.361,3087,-1,ok,1,1,1,30.0328,2824,1
3,134,557186,599599,2595,328,2311,0.657381,33.9775,2851,-1,ok,1,1,1,32.5175,2595,1
3,135,752223,476482,939,119,1308,0.38812,11.5382,1046,-1,ok,1,1,1,10.9691,939,1
3,136,668229,470670,2659,335,2008,0.494539,29.1565,2901,-1,ok,1,1,1,27.8961,2659,1
3,137,328875,564452,195,27,322,0.11911,0.688067,238,-1,ok,1,1,1,0.528702,195,1
3,138,642157,729840,1731,219,1760,0.455475,23.7177,1945,-1,ok,1,1,1,22.7755,1731,1
3,139,90305,752572,987,124,1226,0.368515,10.406,1129,-1,ok,1,1,1,9.759,987,1
3,140,540469,868590,1095,139,1565,0.417825,17.2891,1269,-1,ok,1,1,1,16.6504,1095,1
3,141,554237,542468,341,44,508,0.168382,2.57313,357,-1,ok,1,1,1,2.37862,341,1
3,142,552875,544670,2521,318,2064,0.471786,31.1821,2783,-1,ok,1,1,1,29.9435,2521,1
3,143,489779,135045,582,74,717,0.243031,6.23633,685,-1,ok,1,1,1,5.86304,582,1
3,144,684986,321427,899,114,1208,0.305819,15.5707,977,-1,ok,1,1,1,15.2233,899,1
3,145,551199,39629,1264,160,1339,0.356181,18.3452,1419,-1,ok,1,1,1,17.7005,1264,1
3,146,161784,518507,1403,178,2105,0.519465,22.7738,1587,-1,ok,1,1,1,21.8901,1403,1
3,147,916310,555655,611,78,681,0.206994,6.16627,679,-1,ok,1,1,1,5.82067,611,1
3,148,358724,558670,1036,132,1428,0.373633,15.7231,1163,-1,ok,1,1,1,15.3096,1036,1
3,149,491303,659590,417,53,520,0.147804,5.06902,423,-1,ok,1,1,1,4.81237,417,1
3,150,551910,879052,1906,240,1561,0.380346,23.0979,2087,-1,ok,1,1,1,22.1665,1906,1
3,151,548928,513895,2545,321,1978,0.533069,28.644,2787,-1,ok,1,1,1,27.3829,2545,1
3,152,544907,516738,841,107,1240,0.380297,10.4626,972,-1,ok,1,1,1,9.95855,841,1
3,153,596621,550078,3073,387,2367,0.574435,37.5271,3327,-1,ok,1,1,1,36.1279,3073,1
3,154,457377,679268,965,123,962,0.277033,11.7411,1080,-1,ok,1,1,1,11.1767,965,1
3,155,888007,738901,148,18,209,0.069509,1.2427,166,-1,ok,1,1,1,1.15249,148,1
3,156,557446,245356,1550,195,1135,0.373624,16.1235,1713,-1,ok,1,1,1,15.3994,1550,1
3,157,269058,233403,285,36,302,0.117057,1.97033,300,-1,ok,1,1,1,1.71041,285,1
3,158,561143,482354,629,80,849,0.258008,10.295,646,-1,ok,1,1,1,9.93657,629,1
3,159,476616,512534,204,27,332,0.100918,2.5724,242,-1,ok,1,1,1,2.45223,204,1
3,160,651112,289929,1373,174,1447,0.357435,20.3564,1551,-1,ok,1,1,1,19.6713,1373,1
3,161,728484,372110,264,34,310,0.108541,0.999224,275,-1,ok,1,1,1,0.832746,264,1
3,162,569402,643340,2200,278,1714,0.433787,23.5005,2443,-1,ok,1,1,1,22.4836,2200,1
3,163,148333,409238,245,33,297,0.101499,0.817288,283,-1,ok,1,1,1,0.623447,245,1
3,164,464750,373454,1640,209,1489,0.418646,21.6823,1851,-1,ok,1,1,1,20.9006,1640,1
3,165,355695,858397,800,101,1144,0.357233,7.30748,879,-1,ok,1,1,1,6.82865,800,1
3,166,671610,490121,1975,250,2146,0.540383,36.2985,2198,-1,ok,1,1,1,35.0958,1975,1
3,167,620032,817899,1017,131,901,0.25936,12.8945,1127,-1,ok,1,1,1,12.2922,1017,1
3,168,475138,561483,915,116,992,0.324131,15.3302,1019,-1,ok,1,1,1,14.6994,915,1
3,169,677523,564943,2418,306,2354,0.736788,53.7202,2660,-1,ok,1,1,1,52.0658,2418,1
3,170,547139,894242,1009,130,719,0.266776,9.16714,1110,-1,ok,1,1,1,8.54265,1009,1
3,171,513656,703356,1488,190,1790,0.570949,33.395,1667,-1,ok,1,1,1,32.2722,1488,1
3,172,561653,646343,1780,225,1717,0.545924,32.6251,1989,-1,ok,1,1,1,31.2476,1780,1
3,173,452860,580211,2703,341,2302,0.78626,43.0242,2953,-1,ok,1,1,1,41.1725,2703,1
3,174,457346,589806,992,126,981,0.296671,17.1132,1099,-1,ok,1,1,1,16.3172,992,1
3,175,125970,564306,414,54,634,0.229766,4.48824,487,-1,ok,1,1,1,4.04099,414,1
3,176,432903,536123,1450,183,1408,0.476665,23.0506,1580,-1,ok,1,1,1,22.0364,1450,1
3,177,586708,335970,692,88,1115,0.389543,10.5306,717,-1,ok,1,1,1,10.0794,692,1
3,178,127595,700137,422,53,523,0.157032,2.7458,455,-1,ok,1,1,1,2.39899,422,1
3,179,538665,123021,1064,135,1033,0.373052,15.5803,1139,-1,ok,1,1,1,14.9684,1064,1
3,180,352712,882018,430,55,620,0.227183,3.37197,497,-1,ok,1,1,1,3.02918,430,1
3,181,570105,642882,409,50,504,0.147203,3.93849,394,-1,ok,1,1,1,3.785,409,1
3,182,236454,64964,158,20,280,0.07038,1.59144,176,-1,ok,1,1,1,1.51176,158,1
3,183,547182,801522,1262,161,887,0.261134,12.4621,1381,-1,ok,1,1,1,11.8948,1262,1
3,184,684920,553657,177,22,160,0.057647,1.22004,184,-1,ok,1,1,1,1.13615,177,1
3,185,552875,351270,1255,158,1067,0.289678,13.4652,1387,-1,ok,1,1,1,12.9724,1255,1
3,186,492765,584268,2039,257,2299,0.556663,36.505,2255,-1,ok,1,1,1,35.4151,2039,1
3,187,155792,743182,560,72,873,0.252458,4.63542,613,-1,ok,1,1,1,4.25527,560,1
3,188,433249,556063,1470,186,2192,0.500539,24.2961,1589,-1,ok,1,1,1,23.5425,1470,1
3,189,675909,548947,322,41,431,0.141904,1.4045,331,-1,ok,1,1,1,1.24973,322,1
3,190,801727,652069,1904,240,1945,0.560269,32.5627,2115,-1,ok,1,1,1,31.444,1904,1
3,191,424436,194685,1235,156,1156,0.343407,16.6617,1395,-1,ok,1,1,1,15.9383,1235,1
3,192,568596,520838,78,11,157,0.06455,0.729243,81,-1,ok,1,1,1,0.671455,78,1
3,193,537052,487130,2582,325,2119,0.545493,32.5479,2819,-1,ok,1,1,1,31.2287,2582,1
3,194,287117,597610,1357,171,2073,0.547938,24.0779,1507,-1,ok,1,1,1,23.2695,1357,1
3,195,734217,369103,902,115,1280,0.378673,17.1752,1014,-1,ok,1,1,1,16.6332,902,1
3,196,609326,594424,18,4,13,0.009707,0.070992,25,-1,ok,1,1,1,0.048961,18,1
3,197,555356,373478,150,19,243,0.075629,0.550924,169,-1,ok,1,1,1,0.467927,150,1
3,198,538782,596393,2887,364,2411,0.602279,39.3955,3135,-1,ok,1,1,1,37.9686,2887,1
3,199,853804,764242,234,31,259,0.101358,1.38765,242,-1,ok,1,1,1,1.24035,234,1
3,200,546144,731449,1563,198,1463,0.462548,21.2811,1707,-1,ok,1,1,1,20.4474,1563,1
3,201,546580,470520,70,10,49,0.022531,0.336435,70,-1,ok,1,1,1,0.277825,70,1
3,202,587180,610058,2820,356,2305,0.545192,33.3419,3089,-1,ok,1,1,1,31.9166,2820,1
3,203,554148,555672,34,5,35,0.021401,0.084086,33,-1,ok,1,1,1,0.061084,34,1
3,204,618603,576023,2630,332,1979,0.475443,30.6699,2887,-1,ok,1,1,1,29.3265,2630,1
3,205,111185,663982,1131,143,1396,0.386428,17.2344,1272,-1,ok,1,1,1,16.585,1131,1
3,206,558415,519079,908,115,1316,0.352284,9.42967,941,-1,ok,1,1,1,9.027,908,1
3,207,273703,668225,1512,191,2244,0.517151,22.7388,1618,-1,ok,1,1,1,22.1524,1512,1
3,208,342313,675920,1135,144,1599,0.422124,19.2413,1245,-1,ok,1,1,1,18.5899,1135,1
3,209,455838,475237,29,4,17,0.012351,0.130453,31,-1,ok,1,1,1,0.103983,29,1
3,210,407548,553070,2852,359,2373,0.607367,39.6715,3097,-1,ok,1,1,1,38.1704,2852,1
3,211,504813,914851,324,41,445,0.166158,2.30427,376,-1,ok,1,1,1,1.96897,324,1
3,212,547561,230431,1222,156,1093,0.283195,18.1038,1317,-1,ok,1,1,1,17.4896,1222,1
3,213,466238,312299,1571,199,1457,0.385305,20.899,1754,-1,ok,1,1,1,20.1306,1571,1
3,214,234897,536226,1213,154,1808,0.449333,20.3509,1389,-1,ok,1,1,1,19.6396,1213,1
3,215,580756,561650,1750,221,1947,0.50139,29.847,1953,-1,ok,1,1,1,28.9249,1750,1
3,216,744886,554466,1138,145,1693,0.458371,15.3217,1249,-1,ok,1,1,1,14.7452,1138,1
3,217,864144,644857,1147,146,1687,0.415802,18.5487,1306,-1,ok,1,1,1,17.8832,1147,1
3,218,155929,549165,1194,151,1507,0.383241,18.2235,1322,-1,ok,1,1,1,17.5509,1194,1
3,219,734340,664355,1063,134,1422,0.364365,13.7064,1166,-1,ok,1,1,1,13.1319,1063,1
3,220,483567,570424,1455,183,1421,0.342286,19.7237,1585,-1,ok,1,1,1,19.1187,1455,1
3,221,639206,652049,2073,262,1951,0.493416,31.4047,2303,-1,ok,1,1,1,30.3017,2073,1
3,222,93334,537056,1452,183,2013,0.51697,19.5611,1583,-1,ok,1,1,1,18.6544,1452,1
3,223,603581,431982,437,56,542,0.178291,3.93845,465,-1,ok,1,1,1,3.66072,437,1
3,224,439095,658592,1491,188,1821,0.483698,30.0293,1669,-1,ok,1,1,1,29.0311,1491,1
3,225,814923,899971,128,18,184,0.071203,1.25552,155,-1,ok,1,1,1,1.15275,128,1
3,226,498998,590659,2587,327,2303,0.607288,35.0815,2843,-1,ok,1,1,1,33.6301,2587,1
3,227,559098,530053,2275,287,1596,0.43137,23.2853,2501,-1,ok,1,1,1,22.0962,2275,1
3,228,549050,87356,1368,172,1273,0.37193,19.8629,1495,-1,ok,1,1,1,19.0227,1368,1
3,229,507967,791931,2780,351,2382,0.647592,42.1861,3034,-1,ok,1,1,1,40.435,2780,1
3,230,403304,932996,1476,185,1844,0.570519,23.6581,1639,-1,ok,1,1,1,22.795,1476,1
3,231,779288,400102,1980,248,2166,0.547317,32.9203,2168,-1,ok,1,1,1,31.7916,1980,1
3,232,115537,717680,835,108,1167,0.341925,9.82943,918,-1,ok,1,1,1,9.30061,835,1
3,233,625715,531035,2478,313,2259,0.525156,33.9082,2731,-1,ok,1,1,1,32.8046,2478,1
3,234,12779,392632,1393,176,1843,0.482817,18.2418,1523,-1,ok,1,1,1,17.4414,1393,1
3,235,491073,550893,600,75,668,0.201114,7.76779,643,-1,ok,1,1,1,7.43668,600,1
3,236,544640,612058,608,77,671,0.169745,6.10241,631,-1,ok,1,1,1,5.91179,608,1
3,237,349394,221491,1219,154,1088,0.263307,13.9802,1295,-1,ok,1,1,1,13.4837,1219,1
3,238,643343,800035,1098,138,1515,0.413527,17.3486,1239,-1,ok,1,1,1,16.7658,1098,1
3,239,466292,494384,1056,133,1015,0.305698,12.4762,1161,-1,ok,1,1,1,11.9598,1056,1
3,240,263294,711941,727,92,1025,0.286412,9.00854,795,-1,ok,1,1,1,8.59901,727,1
3,241,540708,407534,2386,301,2163,0.497864,33.4259,2645,-1,ok,1,1,1,32.292,2386,1
3,242,407548,728111,217,29,308,0.122408,0.434106,229,-1,ok,1,1,1,0.265994,217,1
3,243,495501,485664,2437,307,2164,0.546334,31.958,2671,-1,ok,1,1,1,30.6926,2437,1
3,244,720906,179696,594,77,707,0.227583,8.50799,657,-1,ok,1,1,1,8.1098,594,1
3,245,650350,482575,2675,337,2036,0.49525,30.0918,2916,-1,ok,1,1,1,28.765,2675,1
3,246,638652,817933,1535,193,1519,0.432793,28.1719,1694,-1,ok,1,1,1,27.3085,1535,1
3,247,548934,567346,842,107,763,0.239475,10.4725,877,-1,ok,1,1,1,10.019,842,1
3,248,573392,445311,937,118,1364,0.354848,12.535,1045,-1,ok,1,1,1,12.0276,937,1
3,249,791829,669974,699,88,450,0.126124,4.36426,719,-1,ok,1,1,1,4.07454,699,1
3,250,181289,193174,55,7,39,0.012775,0.15662,69,-1,ok,1,1,1,0.121967,55,1
3,251,734304,877601,1239,155,1586,0.385104,19.8328,1365,-1,ok,1,1,1,19.2173,1239,1
3,252,541771,272040,815,105,966,0.264883,10.6388,884,-1,ok,1,1,1,10.1853,815,1
3,253,555426,520840,632,80,823,0.222742,7.80754,659,-1,ok,1,1,1,7.49974,632,1
3,254,554148,468913,1653,209,1537,0.379144,23.9966,1861,-1,ok,1,1,1,23.1935,1653,1
3,255,407897,554527,1448,183,2160,0.5607,24.287,1586,-1,ok,1,1,1,23.517,1448,1
3,256,476137,886494,1697,214,1591,0.433394,25.2875,1879,-1,ok,1,1,1,24.3957,1697,1
3,257,647690,523082,2414,306,2326,0.656429,41.0524,2664,-1,ok,1,1,1,39.7232,2414,1
3,258,841766,458240,1678,212,2126,0.576722,30.0261,1877,-1,ok,1,1,1,29.0373,1678,1
3,259,462910,637233,417,53,524,0.168743,4.92367,435,-1,ok,1,1,1,4.66541,417,1
3,260,536976,551877,19,4,16,0.008507,0.072844,25,-1,ok,1,1,1,0.05917,19,1
3,261,42610,554524,1736,219,2336,0.548278,27.6287,1901,-1,ok,1,1,1,26.7254,1736,1
3,262,613794,229015,1113,140,1148,0.336013,15.5975,1251,-1,ok,1,1,1,14.9919,1113,1
3,263,786608,624950,1914,241,2327,0.576782,30.8157,2101,-1,ok,1,1,1,29.8548,1914,1
3,264,412226,542166,1648,208,2039,0.5222,30.0489,1851,-1,ok,1,1,1,29.1054,1648,1
3,265,578007,584682,2557,323,2309,0.585767,34.1348,2809,-1,ok,1,1,1,32.7996,2557,1
3,266,129099,357177,198,26,295,0.111016,1.43114,230,-1,ok,1,1,1,1.27862,198,1
3,267,670451,218543,1088,138,1132,0.369015,14.995,1234,-1,ok,1,1,1,14.4063,1088,1
3,268,636901,562811,880,109,681,0.212213,10.362,912,-1,ok,1,1,1,9.97799,880,1
3,269,161898,720900,750,95,1026,0.266705,11.1888,843,-1,ok,1,1,1,10.7833,750,1
3,270,536127,726744,1037,132,1587,0.400193,12.5698,1160,-1,ok,1,1,1,12.1362,1037,1
3,271,182733,659592,907,115,1192,0.302442,13.7302,1008,-1,ok,1,1,1,13.4284,907,1
3,272,557521,334467,2898,365,2221,0.499026,32.7924,3175,-1,ok,1,1,1,31.5116,2898,1
3,273,550876,844900,1310,166,1689,0.491171,19.8206,1487,-1,ok,1,1,1,19.0535,1310,1
3,274,442000,527458,1850,234,2165,0.558658,29.2371,2077,-1,ok,1,1,1,28.2727,1850,1
3,275,163378,695363,985,126,1263,0.380887,16.575,1105,-1,ok,1,1,1,16.0073,985,1
3,276,469207,449288,2393,302,2134,0.529543,32.6913,2635,-1,ok,1,1,1,31.3025,2393,1
3,277,621533,503471,384,49,313,0.108101,2.72368,405,-1,ok,1,1,1,2.50212,384,1
3,278,584186,780781,627,79,671,0.202536,8.84612,677,-1,ok,1,1,1,8.50511,627,1
3,279,537110,215501,1213,154,1078,0.312511,19.5447,1305,-1,ok,1,1,1,18.6602,1213,1
3,280,552659,521369,42,7,75,0.039413,0.281722,49,-1,ok,1,1,1,0.237361,42,1
3,281,470354,521484,1808,229,2135,0.558467,35.9889,2035,-1,ok,1,1,1,34.7319,1808,1
3,282,779294,490035,423,54,555,0.224987,3.52535,463,-1,ok,1,1,1,3.22215,423,1
3,283,856695,383684,1735,217,2179,0.602639,35.7102,1897,-1,ok,1,1,1,34.5188,1735,1
3,284,856911,565634,2043,257,2022,0.561693,37.3207,2255,-1,ok,1,1,1,35.8797,2043,1
3,285,226029,617772,1109,141,1426,0.37703,21.0972,1216,-1,ok,1,1,1,20.3127,1109,1
3,286,273528,498716,214,28,199,0.084086,1.3393,246,-1,ok,1,1,1,1.15396,214,1
3,287,585019,659525,120,17,174,0.091971,0.646059,135,-1,ok,1,1,1,0.573806,120,1
3,288,714688,746144,256,32,349,0.12374,1.53066,260,-1,ok,1,1,1,1.33669,256,1
3,289,487154,401935,1115,141,1038,0.279498,12.9148,1219,-1,ok,1,1,1,12.3968,1115,1
3,290,558487,858169,252,33,254,0.088324,1.3276,329,-1,ok,1,1,1,1.17994,252,1
3,291,574271,660088,2395,302,1817,0.487475,29.189,2603,-1,ok,1,1,1,28.095,2395,1
3,292,41143,546444,721,91,757,0.220939,8.45613,819,-1,ok,1,1,1,7.98877,721,1
3,293,760001,646214,1715,217,1861,0.45797,30.0909,1912,-1,ok,1,1,1,29.1735,1715,1
3,294,185761,377965,506,64,583,0.198018,8.05797,583,-1,ok,1,1,1,7.69408,506,1
3,295,604576,736790,940,119,1399,0.461006,12.7109,968,-1,ok,1,1,1,12.1699,940,1
3,296,604356,279676,1122,143,1165,0.324442,16.0812,1217,-1,ok,1,1,1,15.4829,1122,1
3,297,467430,178127,281,38,418,0.147704,1.62501,323,-1,ok,1,1,1,1.38353,281,1
3,298,473402,701873,1457,185,1783,0.432171,22.5345,1627,-1,ok,1,1,1,21.875,1457,1
3,299,546168,470167,91,12,120,0.051575,0.621063,89,-1,ok,1,1,1,0.561733,91,1
4,0,515417,637366,1801,115,625,0.197938,24.4768,2328,-1,ok,1,1,1,23.4284,1801,1
4,1,221578,683609,709,45,359,0.106957,7.09963,822,-1,ok,1,1,1,6.70528,709,1
4,2,566063,455879,224,15,132,0.039894,2.30439,244,-1,ok,1,1,1,2.19699,224,1
4,3,364509,251282,377,25,181,0.052639,2.77836,446,-1,ok,1,1,1,2.595,377,1
4,4,713214,541596,268,18,120,0.028663,2.4348,274,-1,ok,1,1,1,2.3042,268,1
4,5,708892,372109,865,55,449,0.10277,14.5159,1120,-1,ok,1,1,1,14.1055,865,1
4,6,549730,910635,485,33,239,0.103332,5.91868,603,-1,ok,1,1,1,5.56997,485,1
4,7,428575,333335,686,44,270,0.087272,8.02297,837,-1,ok,1,1,1,7.62768,686,1
4,8,103741,529812,1209,75,543,0.146923,17.1736,1471,-1,ok,1,1,1,16.5542,1209,1
4,9,504438,99296,1284,79,451,0.12348,18.1353,1577,-1,ok,1,1,1,17.3584,1284,1
4,10,503002,473385,659,42,288,0.127635,11.6584,814,-1,ok,1,1,1,11.1684,659,1
4,11,594375,693937,1954,125,675,0.232351,30.3603,2529,-1,ok,1,1,1,29.0128,1954,1
4,12,184179,575147,1336,86,712,0.197396,22.0181,1692,-1,ok,1,1,1,21.136,1336,1
4,13,84373,731343,822,53,382,0.111557,11.8334,1051,-1,ok,1,1,1,11.2624,822,1
4,14,533139,449475,806,52,378,0.103402,9.22959,1015,-1,ok,1,1,1,8.82668,806,1
4,15,800775,353868,725,47,173,0.062545,3.36109,763,-1,ok,1,1,1,3.03617,725,1
4,16,580536,834346,1638,102,542,0.12931,24.2274,2051,-1,ok,1,1,1,23.3708,1638,1
4,17,705977,179642,451,29,198,0.068928,6.53792,534,-1,ok,1,1,1,6.2376,451,1
4,18,591189,502974,573,36,262,0.072455,6.28371,629,-1,ok,1,1,1,5.97258,573,1
4,19,696806,606078,410,25,174,0.046356,4.41482,459,-1,ok,1,1,1,4.22902,410,1
4,20,649644,351270,898,59,398,0.103934,12.9152,1167,-1,ok,1,1,1,12.4353,898,1
4,21,364679,647787,786,50,384,0.104766,10.9273,1047,-1,ok,1,1,1,10.4363,786,1
4,22,236480,558798,1348,87,718,0.180424,21.1154,1713,-1,ok,1,1,1,20.3396,1348,1
4,23,429002,590281,593,40,224,0.085689,6.17679,695,-1,ok,1,1,1,5.83454,593,1
4,24,732327,437963,2826,178,781,0.180476,31.8671,3379,-1,ok,1,1,1,30.4374,2826,1
4,25,695045,573533,2638,167,689,0.200311,29.0466,3186,-1,ok,1,1,1,27.5934,2638,1
4,26,653917,554134,819,54,399,0.129241,9.90362,1076,-1,ok,1,1,1,9.37696,819,1
4,27,591152,758487,1441,92,622,0.171988,23.7514,1826,-1,ok,1,1,1,23.0074,1441,1
4,28,530231,797885,2838,179,858,0.223604,40.7337,3435,-1,ok,1,1,1,39.0953,2838,1
4,29,461730,614781,2269,144,718,0.200792,32.8766,2873,-1,ok,1,1,1,31.4733,2269,1
4,30,444980,608103,2053,132,812,0.216513,33.1685,2529,-1,ok,1,1,1,31.9043,2053,1
4,31,625582,540051,1625,101,806,0.233394,28.431,1953,-1,ok,1,1,1,27.4467,1625,1
4,32,525321,196202,1187,74,414,0.133428,16.6393,1437,-1,ok,1,1,1,15.9455,1187,1
4,33,478182,565842,1838,119,595,0.158424,24.4964,2326,-1,ok,1,1,1,23.4213,1838,1
4,34,537719,542421,274,20,148,0.056875,2.24324,325,-1,ok,1,1,1,2.06758,274,1
4,35,606091,561377,46,4,13,0.006252,0.238803,59,-1,ok,1,1,1,0.204129,46,1
4,36,540484,237922,578,37,240,0.074128,6.94406,649,-1,ok,1,1,1,6.59912,578,1
4,37,916340,481104,632,41,279,0.079057,7.60482,761,-1,ok,1,1,1,7.26401,632,1
4,38,547698,473617,2323,147,733,0.181327,32.3421,2899,-1,ok,1,1,1,31.1112,2323,1
4,39,503531,560189,206,15,78,0.028714,1.97847,243,-1,ok,1,1,1,1.83015,206,1
4,40,528285,633179,2234,140,676,0.25829,29.3745,2779,-1,ok,1,1,1,28.1642,2234,1
4,41,528291,124629,1240,77,429,0.138268,17.7697,1532,-1,ok,1,1,1,17.0563,1240,1
4,42,218360,732318,1260,78,629,0.165788,14.4531,1418,-1,ok,1,1,1,13.793,1260,1
4,43,673429,646337,1726,112,626,0.163033,23.3032,2217,-1,ok,1,1,1,22.396,1726,1
4,44,677903,545932,2495,158,814,0.210982,33.256,3091,-1,ok,1,1,1,31.9152,2495,1
4,45,599861,473157,116,9,68,0.028002,1.1464,138,-1,ok,1,1,1,1.04022,116,1
4,46,771679,448047,942,59,484,0.162572,11.5774,1183,-1,ok,1,1,1,11.0176,942,1
4,47,613652,373259,1541,95,790,0.184392,25.1081,1856,-1,ok,1,1,1,24.3948,1541,1
4,48,559115,582478,645,41,116,0.029865,4.13791,663,-1,ok,1,1,1,3.81689,645,1
4,49,138045,605112,1531,99,791,0.20567,25.7858,1957,-1,ok,1,1,1,24.9247,1531,1
4,50,715274,544491,2277,144,808,0.212826,32.9517,2788,-1,ok,1,1,1,31.649,2277,1
4,51,118518,621231,1297,84,652,0.195964,21.1676,1658,-1,ok,1,1,1,20.356,1297,1
4,52,560125,876072,607,41,295,0.095728,6.9654,785,-1,ok,1,1,1,6.60289,607,1
4,53,457330,549752,200,14,78,0.020417,1.65631,213,-1,ok,1,1,1,1.55743,200,1
4,54,185650,870115,627,40,358,0.170174,5.49094,829,-1,ok,1,1,1,5.12438,627,1
4,55,519871,693835,2142,135,696,0.170326,29.5851,2723,-1,ok,1,1,1,28.5537,2142,1
4,56,140914,484062,1346,86,698,0.207836,22.5925,1695,-1,ok,1,1,1,21.7478,1346,1
4,57,630216,170691,1277,83,519,0.154617,18.8906,1667,-1,ok,1,1,1,18.0722,1277,1
4,58,686374,577768,450,27,197,0.07019,6.21487,491,-1,ok,1,1,1,5.93202,450,1
4,59,625714,607337,2167,136,716,0.175996,31.8403,2739,-1,ok,1,1,1,30.5725,2167,1
4,60,160386,877813,1001,63,476,0.142123,11.2518,1247,-1,ok,1,1,1,10.5885,1001,1
4,61,557207,713255,2128,135,692,0.1663,31.4247,2694,-1,ok,1,1,1,30.155,2128,1
4,62,689095,577712,931,57,227,0.088253,10.8639,992,-1,ok,1,1,1,10.3603,931,1
4,63,118518,543922,1546,100,795,0.186998,24.5054,1929,-1,ok,1,1,1,23.5654,1546,1
4,64,743230,714700,454,28,172,0.065501,3.13559,517,-1,ok,1,1,1,2.86627,454,1
4,65,451281,500222,1729,111,572,0.142524,22.952,2189,-1,ok,1,1,1,21.9891,1729,1
4,66,87326,638815,783,50,365,0.116617,10.1415,1029,-1,ok,1,1,1,9.6511,783,1
4,67,873089,178288,543,34,244,0.066352,4.37282,743,-1,ok,1,1,1,4.0445,543,1
4,68,540231,698411,324,20,144,0.04323,5.1656,340,-1,ok,1,1,1,5.00139,324,1
4,69,608054,502046,428,29,187,0.055202,4.74987,489,-1,ok,1,1,1,4.48963,428,1
4,70,551981,134941,1142,70,355,0.097542,15.5766,1325,-1,ok,1,1,1,14.9756,1142,1
4,71,463217,908917,606,40,265,0.081843,7.70263,743,-1,ok,1,1,1,7.36441,606,1
4,72,633916,540912,2768,175,790,0.186125,30.9849,3346,-1,ok,1,1,1,29.6088,2768,1
4,73,797852,552425,1119,70,252,0.097451,11.3715,1178,-1,ok,1,1,1,10.7966,1119,1
4,74,746160,847884,1478,94,605,0.163053,22.8638,1875,-1,ok,1,1,1,22.0189,1478,1
4,75,759766,548195,703,48,359,0.105717,7.03478,903,-1,ok,1,1,1,6.61363,703,1
4,76,413741,394099,778,48,440,0.109433,11.1403,931,-1,ok,1,1,1,10.7176,778,1
4,77,913394,471896,1104,70,549,0.157091,19.9923,1415,-1,ok,1,1,1,19.3434,1104,1
4,78,652297,501706,101,7,66,0.020007,0.203117,105,-1,ok,1,1,1,0.140692,101,1
4,79,528306,440834,2348,148,739,0.17799,30.6726,2912,-1,ok,1,1,1,29.4056,2348,1
4,80,579216,344905,687,41,377,0.125092,10.6197,779,-1,ok,1,1,1,10.2077,687,1
4,81,291425,565940,613,39,324,0.086331,8.79994,747,-1,ok,1,1,1,8.42647,613,1
4,82,560203,166249,1334,87,483,0.121396,18.5106,1752,-1,ok,1,1,1,17.8022,1334,1
4,83,725367,601383,506,31,202,0.063969,5.7575,559,-1,ok,1,1,1,5.48545,506,1
4,84,690950,626446,632,39,311,0.080189,4.66326,630,-1,ok,1,1,1,4.43286,632,1
4,85,885107,623720,1723,107,713,0.168803,30.3607,2168,-1,ok,1,1,1,29.5189,1723,1
4,86,452862,582210,1864,120,601,0.179884,23.4699,2357,-1,ok,1,1,1,22.4109,1864,1
4,87,643668,475109,189,13,98,0.035205,1.84699,267,-1,ok,1,1,1,1.67016,189,1
4,88,72436,674500,1030,65,452,0.193128,15.6829,1319,-1,ok,1,1,1,15.0511,1030,1
4,89,868641,853704,37,3,13,0.008145,0.114523,33,-1,ok,1,1,1,0.092661,37,1
4,90,644709,548157,2038,129,709,0.173882,31.5272,2584,-1,ok,1,1,1,30.3963,2038,1
4,91,582005,373594,1217,76,445,0.137607,20.5712,1477,-1,ok,1,1,1,19.8233,1217,1
4,92,677416,621320,2042,128,663,0.179613,29.3465,2521,-1,ok,1,1,1,28.2026,2042,1
4,93,705859,580720,219,15,71,0.023965,1.12343,270,-1,ok,1,1,1,0.934916,219,1
4,94,431412,580719,607,38,220,0.087181,7.64372,669,-1,ok,1,1,1,7.37772,607,1
4,95,437348,552419,661,40,246,0.064239,7.24545,709,-1,ok,1,1,1,7.0154,661,1
4,96,758271,503460,743,49,367,0.095246,8.89119,921,-1,ok,1,1,1,8.513,743,1
4,97,868701,479347,1176,77,572,0.138147,20.7013,1525,-1,ok,1,1,1,19.9941,1176,1
4,98,562097,501182,3169,199,827,0.203238,33.82,3770,-1,ok,1,1,1,32.1236,3169,1
4,99,278199,257290,49,4,17,0.01148,0.334671,137,-1,ok,1,1,1,0.246198,49,1
4,100,570049,534288,47,3,11,0.007843,0.249714,33,-1,ok,1,1,1,0.225828,47,1
4,101,541954,728137,425,27,196,0.06501,4.71932,469,-1,ok,1,1,1,4.44917,425,1
4,102,215378,85837,389,26,205,0.059079,2.2856,487,-1,ok,1,1,1,2.0768,389,1
4,103,589928,544726,2226,141,730,0.168674,32.1423,2819,-1,ok,1,1,1,30.9917,2226,1
4,104,541522,549453,805,49,252,0.095507,10.1002,840,-1,ok,1,1,1,9.65558,805,1
4,105,502684,483770,978,61,302,0.080049,10.3337,1138,-1,ok,1,1,1,9.97392,978,1
4,106,185739,464682,1225,79,653,0.175827,21.0651,1575,-1,ok,1,1,1,20.3046,1225,1
4,107,564997,595611,2276,144,616,0.159947,23.4244,2810,-1,ok,1,1,1,22.1912,2276,1
4,108,589155,636201,2476,156,670,0.191395,28.208,2977,-1,ok,1,1,1,26.8214,2476,1
4,109,531285,901687,2128,132,650,0.203538,29.7789,2565,-1,ok,1,1,1,28.5555,2128,1
4,110,732706,576220,224,13,57,0.022593,1.36633,259,-1,ok,1,1,1,1.19751,224,1
4,111,109733,638731,1000,64,440,0.165558,14.5039,1293,-1,ok,1,1,1,13.8782,1000,1
4,112,662568,191645,835,52,373,0.099564,15.3628,1014,-1,ok,1,1,1,14.9609,835,1
4,113,374965,759941,1238,79,610,0.159496,18.0455,1551,-1,ok,1,1,1,17.3901,1238,1
4,114,719164,27693,1169,74,475,0.13513,17.6953,1473,-1,ok,1,1,1,17.1487,1169,1
4,115,752294,934231,163,12,78,0.023653,0.848857,232,-1,ok,1,1,1,0.736065,163,1
4,116,655535,844782,573,40,286,0.115285,6.8086,773,-1,ok,1,1,1,6.48634,573,1
4,117,474798,607811,1695,108,688,0.172981,27.8926,2127,-1,ok,1,1,1,27.023,1695,1
4,118,913321,352359,1830,114,799,0.218416,31.2385,2404,-1,ok,1,1,1,30.0942,1830,1
4,119,458475,638815,192,13,110,0.036268,1.7104,295,-1,ok,1,1,1,1.52233,192,1
4,120,185587,899904,797,51,410,0.175906,13.3748,1129,-1,ok,1,1,1,12.8623,797,1
4,121,660993,722496,1439,89,520,0.128198,19.6126,1765,-1,ok,1,1,1,19.0002,1439,1
4,122,587664,590978,396,25,130,0.047928,2.54392,376,-1,ok,1,1,1,2.3734,396,1
4,123,227425,627948,1391,87,743,0.174012,21.2471,1610,-1,ok,1,1,1,20.5385,1391,1
4,124,404568,507174,380,25,139,0.056496,2.02398,407,-1,ok,1,1,1,1.73581,380,1
4,125,234885,555140,1077,66,511,0.127567,17.4477,1286,-1,ok,1,1,1,16.8758,1077,1
4,126,379198,738927,1657,103,527,0.139168,22.4288,2026,-1,ok,1,1,1,21.4642,1657,1
4,127,516377,549670,2291,144,695,0.188851,31.3158,2841,-1,ok,1,1,1,30.0138,2291,1
4,128,346621,479141,772,48,438,0.136344,10.0156,945,-1,ok,1,1,1,9.5154,772,1
4,129,380939,508659,970,60,524,0.132276,10.1854,1124,-1,ok,1,1,1,9.79438,970,1
4,130,549667,582479,32,2,5,0.004058,0.140591,17,-1,ok,1,1,1,0.126925,32,1
4,131,231944,556389,1377,86,730,0.162702,19.6751,1589,-1,ok,1,1,1,19.1856,1377,1
4,132,444980,143997,639,41,238,0.072735,5.6426,783,-1,ok,1,1,1,5.28584,639,1
4,133,553121,561095,2824,178,727,0.165848,31.4675,3441,-1,ok,1,1,1,30.0747,2824,1
4,134,557186,599599,2595,165,832,0.238634,34.2124,3196,-1,ok,1,1,1,32.7443,2595,1
4,135,752223,476482,939,59,458,0.143266,12.4068,1148,-1,ok,1,1,1,11.7307,939,1
4,136,668229,470670,2659,168,720,0.191847,29.2768,3215,-1,ok,1,1,1,27.8423,2659,1
4,137,328875,564452,195,13,124,0.058148,0.672489,278,-1,ok,1,1,1,0.48492,195,1
4,138,642157,729840,1731,111,641,0.190374,23.8338,2189,-1,ok,1,1,1,22.8448,1731,1
4,139,90305,752572,987,64,457,0.134779,9.71076,1281,-1,ok,1,1,1,9.06034,987,1
4,140,540469,868590,1095,69,560,0.148716,16.8985,1448,-1,ok,1,1,1,16.3797,1095,1
4,141,554237,542468,341,22,180,0.059431,2.59478,375,-1,ok,1,1,1,2.41263,341,1
4,142,552875,544670,2521,159,733,0.165598,31.5315,3130,-1,ok,1,1,1,30.1683,2521,1
4,143,489779,135045,582,38,268,0.105997,6.23929,731,-1,ok,1,1,1,5.83818,582,1
4,144,684986,321427,899,57,411,0.120805,15.1184,1113,-1,ok,1,1,1,14.7531,899,1
4,145,551199,39629,1264,83,505,0.127808,18.1947,1705,-1,ok,1,1,1,17.5145,1264,1
4,146,161784,518507,1403,91,747,0.182699,21.5112,1794,-1,ok,1,1,1,20.6858,1403,1
4,147,916310,555655,611,40,246,0.080599,5.66378,801,-1,ok,1,1,1,5.34287,611,1
4,148,358724,558670,1036,68,523,0.135081,15.0283,1333,-1,ok,1,1,1,14.6511,1036,1
4,149,491303,659590,417,26,190,0.055814,4.88087,443,-1,ok,1,1,1,4.66197,417,1
4,150,551910,879052,1906,118,554,0.132286,22.9577,2291,-1,ok,1,1,1,21.9942,1906,1
4,151,548928,513895,2545,161,710,0.206403,30.2838,3101,-1,ok,1,1,1,28.7927,2545,1
4,152,544907,516738,841,52,439,0.142685,10.7784,1072,-1,ok,1,1,1,10.2253,841,1
4,153,596621,550078,3073,194,847,0.212415,37.7533,3650,-1,ok,1,1,1,36.2073,3073,1
4,154,457377,679268,965,63,349,0.120775,11.1469,1223,-1,ok,1,1,1,10.5604,965,1
4,155,888007,738901,148,10,78,0.020287,1.22913,259,-1,ok,1,1,1,1.14234,148,1
4,156,557446,245356,1550,99,413,0.169395,15.074,1933,-1,ok,1,1,1,14.4482,1550,1
4,157,269058,233403,285,19,112,0.029937,1.89721,322,-1,ok,1,1,1,1.7344,285,1
4,158,561143,482354,629,39,284,0.089927,10.1757,683,-1,ok,1,1,1,9.88152,629,1
4,159,476616,512534,204,14,111,0.028934,2.45294,260,-1,ok,1,1,1,2.33437,204,1
4,160,651112,289929,1373,90,535,0.124451,19.7123,1745,-1,ok,1,1,1,19.0246,1373,1
4,161,728484,372110,264,17,118,0.041858,1.03124,309,-1,ok,1,1,1,0.848585,264,1
4,162,569402,643340,2200,141,625,0.149277,22.2398,2768,-1,ok,1,1,1,21.2348,2200,1
4,163,148333,409238,245,17,96,0.025748,0.812859,297,-1,ok,1,1,1,0.636512,245,1
4,164,464750,373454,1640,106,548,0.169535,21.0849,2083,-1,ok,1,1,1,20.3281,1640,1
4,165,355695,858397,800,51,437,0.122789,6.90717,967,-1,ok,1,1,1,6.40198,800,1
4,166,671610,490121,1975,127,774,0.186947,33.1837,2511,-1,ok,1,1,1,32.2357,1975,1
4,167,620032,817899,1017,68,327,0.1077,12.039,1219,-1,ok,1,1,1,11.4804,1017,1
4,168,475138,561483,915,61,364,0.101188,11.5376,1191,-1,ok,1,1,1,11.072,915,1
4,169,677523,564943,2418,154,843,0.200011,39.908,2990,-1,ok,1,1,1,38.5342,2418,1
4,170,547139,894242,1009,65,252,0.088103,8.03921,1152,-1,ok,1,1,1,7.46632,1009,1
4,171,513656,703356,1488,96,640,0.165057,26.4081,1819,-1,ok,1,1,1,25.5387,1488,1
4,172,561653,646343,1780,115,627,0.17189,23.3689,2253,-1,ok,1,1,1,22.3113,1780,1
4,173,452860,580211,2703,171,825,0.22078,34.1705,3299,-1,ok,1,1,1,32.6579,2703,1
4,174,457346,589806,992,65,359,0.119422,12.7577,1259,-1,ok,1,1,1,12.1213,992,1
4,175,125970,564306,414,26,229,0.07072,3.26583,513,-1,ok,1,1,1,2.98551,414,1
4,176,432903,536123,1450,90,499,0.127306,21.086,1750,-1,ok,1,1,1,20.3092,1450,1
4,177,586708,335970,692,43,401,0.133147,9.33092,781,-1,ok,1,1,1,8.92113,692,1
4,178,127595,700137,422,27,201,0.049792,2.41133,557,-1,ok,1,1,1,2.13,422,1
4,179,538665,123021,1064,66,359,0.101278,13.6061,1254,-1,ok,1,1,1,13.1109,1064,1
4,180,352712,882018,430,27,239,0.066543,3.34972,575,-1,ok,1,1,1,3.09379,430,1
4,181,570105,642882,409,25,169,0.058097,4.11444,380,-1,ok,1,1,1,3.91112,409,1
4,182,236454,64964,158,11,111,0.025879,1.67834,266,-1,ok,1,1,1,1.54638,158,1
4,183,547182,801522,1262,83,319,0.081681,12.6888,1484,-1,ok,1,1,1,12.0879,1262,1
4,184,684920,553657,177,11,56,0.018966,1.38296,185,-1,ok,1,1,1,1.25681,177,1
4,185,552875,351270,1255,82,398,0.100366,13.5688,1615,-1,ok,1,1,1,12.9298,1255,1
4,186,492765,584268,2039,130,824,0.20013,40.7877,2487,-1,ok,1,1,1,39.6036,2039,1
4,187,155792,743182,560,36,322,0.104164,4.75656,725,-1,ok,1,1,1,4.33989,560,1
4,188,433249,556063,1470,95,793,0.181767,24.6306,1749,-1,ok,1,1,1,23.7075,1470,1
4,189,675909,548947,322,22,148,0.06984,1.51465,333,-1,ok,1,1,1,1.32871,322,1
4,190,801727,652069,1904,118,710,0.176207,36.4356,2367,-1,ok,1,1,1,35.2576,1904,1
4,191,424436,194685,1235,79,423,0.132126,16.6027,1572,-1,ok,1,1,1,15.7679,1235,1
4,192,568596,520838,78,6,48,0.019276,0.709636,74,-1,ok,1,1,1,0.659012,78,1
4,193,537052,487130,2582,163,765,0.219929,31.4965,3149,-1,ok,1,1,1,30.07,2582,1
4,194,287117,597610,1357,87,748,0.242309,25.4139,1702,-1,ok,1,1,1,24.5156,1357,1
4,195,734217,369103,902,57,441,0.138246,18.0563,1134,-1,ok,1,1,1,17.4314,902,1
4,196,609326,594424,18,2,3,0.005079,0.071273,17,-1,ok,1,1,1,0.050903,18,1
4,197,555356,373478,150,10,89,0.029805,0.568185,210,-1,ok,1,1,1,0.441661,150,1
4,198,538782,596393,2887,182,863,0.246437,46.6198,3475,-1,ok,1,1,1,44.8894,2887,1
4,199,853804,764242,234,16,96,0.030797,1.56929,256,-1,ok,1,1,1,1.37645,234,1
4,200,546144,731449,1563,97,520,0.138125,21.8953,1892,-1,ok,1,1,1,20.9722,1563,1
4,201,546580,470520,70,5,19,0.011942,0.313412,62,-1,ok,1,1,1,0.252879,70,1
4,202,587180,610058,2820,178,826,0.206924,33.968,3427,-1,ok,1,1,1,32.4075,2820,1
4,203,554148,555672,34,3,11,0.010388,0.089627,33,-1,ok,1,1,1,0.062365,34,1
4,204,618603,576023,2630,166,720,0.169937,33.8197,3241,-1,ok,1,1,1,32.1194,2630,1
4,205,111185,663982,1131,71,501,0.149287,19.2844,1409,-1,ok,1,1,1,18.4629,1131,1
4,206,558415,519079,908,56,466,0.138507,9.71828,963,-1,ok,1,1,1,9.21863,908,1
4,207,273703,668225,1512,95,792,0.202215,24.7023,1760,-1,ok,1,1,1,23.9664,1512,1
4,208,342313,675920,1135,70,550,0.160608,19.7251,1387,-1,ok,1,1,1,19.0218,1135,1
4,209,455838,475237,29,2,3,0.004949,0.136172,17,-1,ok,1,1,1,0.100918,29,1
4,210,407548,553070,2852,179,849,0.208778,39.837,3417,-1,ok,1,1,1,38.2029,2852,1
4,211,504813,914851,324,21,177,0.079477,2.35319,446,-1,ok,1,1,1,2.0661,324,1
4,212,547561,230431,1222,77,381,0.097421,17.9947,1444,-1,ok,1,1,1,17.3509,1222,1
4,213,466238,312299,1571,102,539,0.147755,21.4281,2007,-1,ok,1,1,1,20.57,1571,1
4,214,234897,536226,1213,79,652,0.171058,22.4035,1585,-1,ok,1,1,1,21.5006,1213,1
4,215,580756,561650,1750,113,697,0.190173,33.0347,2179,-1,ok,1,1,1,31.8152,1750,1
4,216,744886,554466,1138,74,620,0.179735,16.1902,1387,-1,ok,1,1,1,15.4925,1138,1
4,217,864144,644857,1147,73,611,0.165528,20.9029,1461,-1,ok,1,1,1,20.0645,1147,1
4,218,155929,549165,1194,75,537,0.156901,19.9494,1467,-1,ok,1,1,1,19.1212,1194,1
4,219,734340,664355,1063,67,509,0.154707,14.7414,1299,-1,ok,1,1,1,14.0257,1063,1
4,220,483567,570424,1455,89,503,0.13432,20.7279,1743,-1,ok,1,1,1,19.9419,1455,1
4,221,639206,652049,2073,130,711,0.191115,33.9136,2587,-1,ok,1,1,1,32.5571,2073,1
4,222,93334,537056,1452,91,696,0.190303,20.9725,1766,-1,ok,1,1,1,20.0214,1452,1
4,223,603581,431982,437,29,190,0.086421,3.9185,479,-1,ok,1,1,1,3.64148,437,1
4,224,439095,658592,1491,96,653,0.18809,27.4005,1849,-1,ok,1,1,1,26.4444,1491,1
4,225,814923,899971,128,10,69,0.023565,1.11033,155,-1,ok,1,1,1,1.00372,128,1
4,226,498998,590659,2587,164,825,0.200102,36.7298,3179,-1,ok,1,1,1,35.1018,2587,1
4,227,559098,530053,2275,145,586,0.189512,24.8984,2755,-1,ok,1,1,1,23.4618,2275,1
4,228,549050,87356,1368,85,453,0.154216,19.6367,1669,-1,ok,1,1,1,18.8335,1368,1
4,229,507967,791931,2780,176,856,0.230077,41.4475,3372,-1,ok,1,1,1,39.7233,2780,1
4,230,403304,932996,1476,93,662,0.218757,23.681,1770,-1,ok,1,1,1,22.7156,1476,1
4,231,779288,400102,1980,124,787,0.211302,33.8219,2469,-1,ok,1,1,1,32.5168,1980,1
4,232,115537,717680,835,53,433,0.127397,10.2754,1013,-1,ok,1,1,1,9.71031,835,1
4,233,625715,531035,2478,156,814,0.196975,35.255,3067,-1,ok,1,1,1,33.9242,2478,1
4,234,12779,392632,1393,87,640,0.206093,19.0015,1696,-1,ok,1,1,1,18.0492,1393,1
4,235,491073,550893,600,37,222,0.073437,7.94848,693,-1,ok,1,1,1,7.60069,600,1
4,236,544640,612058,608,38,226,0.059531,6.26271,668,-1,ok,1,1,1,6.0409,608,1
4,237,349394,221491,1219,76,381,0.094996,15.2668,1427,-1,ok,1,1,1,14.6886,1219,1
4,238,643343,800035,1098,68,538,0.149528,17.997,1360,-1,ok,1,1,1,17.2571,1098,1
4,239,466292,494384,1056,69,373,0.112429,12.7145,1328,-1,ok,1,1,1,12.0486,1056,1
4,240,263294,711941,727,46,372,0.115946,10.0113,868,-1,ok,1,1,1,9.49803,727,1
4,241,540708,407534,2386,150,780,0.225158,33.936,3012,-1,ok,1,1,1,32.3883,2386,1
4,242,407548,728111,217,14,99,0.034603,0.452841,211,-1,ok,1,1,1,0.29152,217,1
4,243,495501,485664,2437,155,783,0.204379,32.4395,3021,-1,ok,1,1,1,31.0581,2437,1
4,244,720906,179696,594,39,239,0.097441,8.6651,725,-1,ok,1,1,1,8.25076,594,1
4,245,650350,482575,2675,168,719,0.187006,29.4271,3214,-1,ok,1,1,1,28.1753,2675,1
4,246,638652,817933,1535,96,542,0.191986,24.2306,1948,-1,ok,1,1,1,23.2996,1535,1
4,247,548934,567346,842,53,252,0.08601,10.0459,897,-1,ok,1,1,1,9.62697,842,1
4,248,573392,445311,937,60,493,0.128579,12.6348,1161,-1,ok,1,1,1,12.0942,937,1
4,249,791829,669974,699,46,146,0.045685,4.65702,721,-1,ok,1,1,1,4.3509,699,1
4,250,181289,193174,55,4,10,0.007081,0.195875,95,-1,ok,1,1,1,0.15062,55,1
4,251,734304,877601,1239,77,563,0.143377,20.3497,1535,-1,ok,1,1,1,19.6073,1239,1
4,252,541771,272040,815,51,331,0.100567,11.161,992,-1,ok,1,1,1,10.6309,815,1
4,253,555426,520840,632,39,279,0.083606,7.80137,683,-1,ok,1,1,1,7.49085,632,1
4,254,554148,468913,1653,106,565,0.154758,28.0661,2109,-1,ok,1,1,1,26.9233,1653,1
4,255,407897,554527,1448,93,787,0.211212,28.0934,1720,-1,ok,1,1,1,27.0779,1448,1
4,256,476137,886494,1697,106,570,0.166158,27.2597,2145,-1,ok,1,1,1,26.1732,1697,1
4,257,647690,523082,2414,153,833,0.225058,42.6576,2994,-1,ok,1,1,1,41.0003,2414,1
4,258,841766,458240,1678,104,760,0.214488,30.2835,2128,-1,ok,1,1,1,29.1683,1678,1
4,259,462910,637233,417,27,191,0.08647,5.14797,529,-1,ok,1,1,1,4.84535,417,1
4,260,536976,551877,19,3,8,0.004599,0.082733,36,-1,ok,1,1,1,0.060553,19,1
4,261,42610,554524,1736,113,841,0.188269,29.1774,2197,-1,ok,1,1,1,28.108,1736,1
4,262,613794,229015,1113,72,422,0.130032,15.6717,1455,-1,ok,1,1,1,14.9774,1113,1
4,263,786608,624950,1914,119,837,0.217103,31.0043,2321,-1,ok,1,1,1,29.9863,1914,1
4,264,412226,542166,1648,106,723,0.211081,29.739,2065,-1,ok,1,1,1,28.7399,1648,1
4,265,578007,584682,2557,161,825,0.213507,34.311,3131,-1,ok,1,1,1,32.8556,2557,1
4,266,129099,357177,198,13,108,0.030596,1.51767,278,-1,ok,1,1,1,1.31423,198,1
4,267,670451,218543,1088,71,418,0.173292,15.2122,1450,-1,ok,1,1,1,14.554,1088,1
4,268,636901,562811,880,53,229,0.071654,10.5354,931,-1,ok,1,1,1,10.111,880,1
4,269,161898,720900,750,49,370,0.099163,10.9326,935,-1,ok,1,1,1,10.5119,750,1
4,270,536127,726744,1037,65,557,0.138428,12.5364,1335,-1,ok,1,1,1,12.0883,1037,1
4,271,182733,659592,907,57,440,0.107079,14.4694,1122,-1,ok,1,1,1,14.1475,907,1
4,272,557521,334467,2898,182,799,0.197195,33.4861,3533,-1,ok,1,1,1,31.9769,2898,1
4,273,550876,844900,1310,84,605,0.196825,19.4491,1692,-1,ok,1,1,1,18.6429,1310,1
4,274,442000,527458,1850,120,767,0.194394,28.9119,2349,-1,ok,1,1,1,27.9156,1850,1
4,275,163378,695363,985,63,461,0.141202,16.526,1244,-1,ok,1,1,1,15.9133,985,1
4,276,469207,449288,2393,151,771,0.186356,30.9673,2979,-1,ok,1,1,1,29.7615,2393,1
4,277,621533,503471,384,25,118,0.040696,2.59815,407,-1,ok,1,1,1,2.36325,384,1
4,278,584186,780781,627,41,241,0.063197,7.45501,746,-1,ok,1,1,1,7.18272,627,1
4,279,537110,215501,1213,76,377,0.102951,17.7179,1439,-1,ok,1,1,1,17.0997,1213,1
4,280,552659,521369,42,5,33,0.014867,0.256155,65,-1,ok,1,1,1,0.219737,42,1
4,281,470354,521484,1808,116,760,0.187768,28.6828,2268,-1,ok,1,1,1,27.7066,1808,1
4,282,779294,490035,423,28,201,0.070911,2.76798,527,-1,ok,1,1,1,2.50336,423,1
4,283,856695,383684,1735,106,784,0.195683,30.2599,2141,-1,ok,1,1,1,29.204,1735,1
4,284,856911,565634,2043,128,742,0.197577,32.3281,2539,-1,ok,1,1,1,31.0766,2043,1
4,285,226029,617772,1109,69,526,0.149848,18.3987,1323,-1,ok,1,1,1,17.7151,1109,1
4,286,273528,498716,214,13,63,0.021379,1.01641,242,-1,ok,1,1,1,0.903327,214,1
4,287,585019,659525,120,9,57,0.018514,0.614741,129,-1,ok,1,1,1,0.547697,120,1
4,288,714688,746144,256,16,118,0.033032,1.52128,269,-1,ok,1,1,1,1.36868,256,1
4,289,487154,401935,1115,74,383,0.0914,12.7867,1417,-1,ok,1,1,1,12.213,1115,1
4,290,558487,858169,252,16,96,0.039873,1.3582,358,-1,ok,1,1,1,1.17947,252,1
4,291,574271,660088,2395,152,653,0.211993,28.1966,2899,-1,ok,1,1,1,27.0474,2395,1
4,292,41143,546444,721,47,269,0.105696,7.94656,911,-1,ok,1,1,1,7.44972,721,1
4,293,760001,646214,1715,108,680,0.164266,29.395,2187,-1,ok,1,1,1,28.5361,1715,1
4,294,185761,377965,506,33,212,0.071602,6.19494,639,-1,ok,1,1,1,5.861,506,1
4,295,604576,736790,940,59,497,0.123349,11.4516,986,-1,ok,1,1,1,11.0239,940,1
4,296,604356,279676,1122,69,399,0.111155,15.6531,1325,-1,ok,1,1,1,15.0428,1122,1
4,297,467430,178127,281,18,146,0.055383,1.91117,311,-1,ok,1,1,1,1.62446,281,1
4,298,473402,701873,1457,94,640,0.155279,25.6922,1787,-1,ok,1,1,1,24.7936,1457,1
4,299,546168,470167,91,7,35,0.019497,0.751414,104,-1,ok,1,1,1,0.669031,91,1
6,0,515417,637366,1801,28,105,0.029955,25.6441,2522,-1,ok,1,1,1,24.4669,1801,1
6,1,221578,683609,709,13,68,0.019847,7.61766,1037,-1,ok,1,1,1,7.0486,709,1
6,2,566063,455879,224,4,16,0.006131,2.55434,337,-1,ok,1,1,1,2.37987,224,1
6,3,364509,251282,377,7,30,0.008205,2.99579,380,-1,ok,1,1,1,2.81627,377,1
6,4,713214,541596,268,6,23,0.006532,2.44847,422,-1,ok,1,1,1,2.2679,268,1
6,5,708892,372109,865,14,60,0.013275,14.6844,1053,-1,ok,1,1,1,14.3159,865,1
6,6,549730,910635,485,10,40,0.012353,5.81885,768,-1,ok,1,1,1,5.44627,485,1
6,7,428575,333335,686,11,40,0.01085,8.11498,831,-1,ok,1,1,1,7.70095,686,1
6,8,103741,529812,1209,21,103,0.021539,17.5913,1744,-1,ok,1,1,1,16.7866,1209,1
6,9,504438,99296,1284,21,68,0.018705,17.617,1746,-1,ok,1,1,1,16.8387,1284,1
6,10,503002,473385,659,13,44,0.01162,8.39039,1065,-1,ok,1,1,1,7.9878,659,1
6,11,594375,693937,1954,31,114,0.022692,29.3395,2768,-1,ok,1,1,1,28.1429,1954,1
6,12,184179,575147,1336,23,114,0.045444,21.5781,2142,-1,ok,1,1,1,20.5989,1336,1
6,13,84373,731343,822,14,68,0.018996,11.8114,1287,-1,ok,1,1,1,11.1487,822,1
6,14,533139,449475,806,13,66,0.017754,9.96972,1026,-1,ok,1,1,1,9.53306,806,1
6,15,800775,353868,725,14,25,0.012432,3.83652,943,-1,ok,1,1,1,3.31097,725,1
6,16,580536,834346,1638,28,87,0.020297,26.2193,2369,-1,ok,1,1,1,25.0745,1638,1
6,17,705977,179642,451,9,34,0.014307,6.51174,682,-1,ok,1,1,1,6.07172,451,1
6,18,591189,502974,573,10,38,0.009107,6.38729,766,-1,ok,1,1,1,6.02298,573,1
6,19,696806,606078,410,8,25,0.007044,4.66728,573,-1,ok,1,1,1,4.43626,410,1
6,20,649644,351270,898,15,64,0.014628,13.0251,1354,-1,ok,1,1,1,12.4729,898,1
6,21,364679,647787,786,13,77,0.018534,11.007,1011,-1,ok,1,1,1,10.5356,786,1
6,22,236480,558798,1348,22,104,0.02163,21.0887,2167,-1,ok,1,1,1,20.2121,1348,1
6,23,429002,590281,593,9,32,0.012141,6.37907,913,-1,ok,1,1,1,5.93997,593,1
6,24,732327,437963,2826,48,132,0.032561,31.742,4198,-1,ok,1,1,1,30.08,2826,1
6,25,695045,573533,2638,44,115,0.029875,29.4426,3783,-1,ok,1,1,1,27.7759,2638,1
6,26,653917,554134,819,14,74,0.023093,10.4709,1352,-1,ok,1,1,1,9.8334,819,1
6,27,591152,758487,1441,23,105,0.024455,24.6945,1956,-1,ok,1,1,1,23.7389,1441,1
6,28,530231,797885,2838,47,142,0.044574,40.595,4035,-1,ok,1,1,1,38.6499,2838,1
6,29,461730,614781,2269,37,120,0.029144,32.9199,3265,-1,ok,1,1,1,31.3034,2269,1
6,30,444980,608103,2053,32,131,0.051225,34.7815,2901,-1,ok,1,1,1,33.3554,2053,1
6,31,625582,540051,1625,27,135,0.056445,27.4132,2190,-1,ok,1,1,1,26.2797,1625,1
6,32,525321,196202,1187,20,65,0.019927,16.443,1566,-1,ok,1,1,1,15.6833,1187,1
6,33,478182,565842,1838,30,98,0.022723,24.6834,2765,-1,ok,1,1,1,23.4752,1838,1
6,34,537719,542421,274,5,15,0.008806,2.09912,446,-1,ok,1,1,1,1.85808,274,1
6,35,606091,561377,46,2,8,0.003597,0.250725,128,-1,ok,1,1,1,0.190313,46,1
6,36,540484,237922,578,10,41,0.010639,6.92149,674,-1,ok,1,1,1,6.58769,578,1
6,37,916340,481104,632,11,58,0.015129,7.65148,998,-1,ok,1,1,1,7.23533,632,1
6,38,547698,473617,2323,38,122,0.023534,32.4354,3404,-1,ok,1,1,1,31.3019,2323,1
6,39,503531,560189,206,5,10,0.006582,2.07707,451,-1,ok,1,1,1,1.81076,206,1
6,40,528285,633179,2234,36,115,0.036748,30.5736,3230,-1,ok,1,1,1,29.0992,2234,1
6,41,528291,124629,1240,21,68,0.020548,18.2098,1746,-1,ok,1,1,1,17.3595,1240,1
6,42,218360,732318,1260,23,120,0.028273,14.9012,1765,-1,ok,1,1,1,14.0159,1260,1
6,43,673429,646337,1726,28,105,0.022722,23.6608,2535,-1,ok,1,1,1,22.5934,1726,1
6,44,677903,545932,2495,41,136,0.047909,33.8188,3649,-1,ok,1,1,1,32.2269,2495,1
6,45,599861,473157,116,3,14,0.009578,1.35154,209,-1,ok,1,1,1,1.19419,116,1
6,46,771679,448047,942,15,80,0.022052,11.5749,1130,-1,ok,1,1,1,11.0219,942,1
6,47,613652,373259,1541,26,132,0.034884,25.3022,2072,-1,ok,1,1,1,24.4949,1541,1
6,48,559115,582478,645,12,20,0.008165,4.27726,961,-1,ok,1,1,1,3.81974,645,1
6,49,138045,605112,1531,24,117,0.042449,26.1063,2331,-1,ok,1,1,1,25.1453,1531,1
6,50,715274,544491,2277,37,135,0.045845,34.6152,3194,-1,ok,1,1,1,33.003,2277,1
6,51,118518,621231,1297,20,102,0.025417,22.343,1885,-1,ok,1,1,1,21.3981,1297,1
6,52,560125,876072,607,11,47,0.014898,7.11911,998,-1,ok,1,1,1,6.62708,607,1
6,53,457330,549752,200,4,10,0.003206,1.81582,388,-1,ok,1,1,1,1.64697,200,1
6,54,185650,870115,627,11,62,0.015388,5.68915,967,-1,ok,1,1,1,5.26833,627,1
6,55,519871,693835,2142,34,117,0.02222,29.7915,3062,-1,ok,1,1,1,28.6622,2142,1
6,56,140914,484062,1346,21,110,0.02699,21.461,1964,-1,ok,1,1,1,20.5396,1346,1
6,57,630216,170691,1277,20,84,0.022812,19.3935,1869,-1,ok,1,1,1,18.5443,1277,1
6,58,686374,577768,450,7,24,0.009729,6.35683,543,-1,ok,1,1,1,6.0489,450,1
6,59,625714,607337,2167,35,120,0.025507,32.4261,3101,-1,ok,1,1,1,30.9837,2167,1
6,60,160386,877813,1001,15,78,0.022353,11.6008,1467,-1,ok,1,1,1,10.8289,1001,1
6,61,557207,713255,2128,35,117,0.028163,30.583,3092,-1,ok,1,1,1,29.2178,2128,1
6,62,689095,577712,931,19,35,0.013675,11.2556,1330,-1,ok,1,1,1,10.5874,931,1
6,63,118518,543922,1546,24,117,0.02693,25.8538,2272,-1,ok,1,1,1,24.7324,1546,1
6,64,743230,714700,454,9,32,0.012483,3.22954,672,-1,ok,1,1,1,2.83954,454,1
6,65,451281,500222,1729,28,98,0.021069,22.9154,2480,-1,ok,1,1,1,21.8327,1729,1
6,66,87326,638815,783,14,69,0.020068,10.4746,1300,-1,ok,1,1,1,9.84701,783,1
6,67,873089,178288,543,9,46,0.013876,4.55006,911,-1,ok,1,1,1,4.15424,543,1
6,68,540231,698411,324,7,22,0.006443,5.13127,440,-1,ok,1,1,1,4.91211,324,1
6,69,608054,502046,428,9,31,0.009187,4.64937,814,-1,ok,1,1,1,4.30485,428,1
6,70,551981,134941,1142,20,58,0.012164,14.9055,1606,-1,ok,1,1,1,14.3635,1142,1
6,71,463217,908917,606,11,43,0.010951,7.77769,955,-1,ok,1,1,1,7.38647,606,1
6,72,633916,540912,2768,45,125,0.035797,30.9441,4036,-1,ok,1,1,1,29.4534,2768,1
6,73,797852,552425,1119,21,40,0.015558,11.613,1649,-1,ok,1,1,1,10.8487,1119,1
6,74,746160,847884,1478,23,102,0.024866,23.509,2087,-1,ok,1,1,1,22.5373,1478,1
6,75,759766,548195,703,13,69,0.022141,7.25258,1279,-1,ok,1,1,1,6.63058,703,1
6,76,413741,394099,778,13,69,0.015058,11.2475,1106,-1,ok,1,1,1,10.7281,778,1
6,77,913394,471896,1104,17,94,0.02104,20.9225,1414,-1,ok,1,1,1,20.14,1104,1
6,78,652297,501706,101,2,8,0.006322,0.245977,128,-1,ok,1,1,1,0.150579,101,1
6,79,528306,440834,2348,38,122,0.024536,33.255,3404,-1,ok,1,1,1,31.7886,2348,1
6,80,579216,344905,687,12,53,0.018874,11.23,908,-1,ok,1,1,1,10.7037,687,1
6,81,291425,565940,613,10,53,0.013585,8.93618,726,-1,ok,1,1,1,8.56306,613,1
6,82,560203,166249,1334,22,84,0.020288,18.95,1978,-1,ok,1,1,1,18.1572,1334,1
6,83,725367,601383,506,10,33,0.010689,5.92058,760,-1,ok,1,1,1,5.50444,506,1
6,84,690950,626446,632,12,53,0.012594,4.71071,861,-1,ok,1,1,1,4.44081,632,1
6,85,885107,623720,1723,27,120,0.02217,30.6267,2311,-1,ok,1,1,1,29.7322,1723,1
6,86,452862,582210,1864,31,105,0.033311,23.9804,2882,-1,ok,1,1,1,22.7161,1864,1
6,87,643668,475109,189,4,18,0.010459,2.08318,390,-1,ok,1,1,1,1.81847,189,1
6,88,72436,674500,1030,19,88,0.018976,15.7648,1700,-1,ok,1,1,1,15.0263,1030,1
6,89,868641,853704,37,2,5,0.003787,0.168584,157,-1,ok,1,1,1,0.092581,37,1
6,90,644709,548157,2038,32,120,0.024656,32.1319,2926,-1,ok,1,1,1,30.8682,2038,1
6,91,582005,373594,1217,21,67,0.020219,21.3057,1585,-1,ok,1,1,1,20.2719,1217,1
6,92,677416,621320,2042,33,113,0.047909,30.2466,2822,-1,ok,1,1,1,28.9123,2042,1
6,93,705859,580720,219,4,8,0.005851,1.21708,327,-1,ok,1,1,1,1.01117,219,1
6,94,431412,580719,607,12,30,0.010027,7.88589,891,-1,ok,1,1,1,7.56163,607,1
6,95,437348,552419,661,12,38,0.010148,7.32927,982,-1,ok,1,1,1,7.10566,661,1
6,96,758271,503460,743,13,69,0.019357,9.32695,1279,-1,ok,1,1,1,8.74616,743,1
6,97,868701,479347,1176,18,98,0.020228,19.8679,1526,-1,ok,1,1,1,19.1511,1176,1
6,98,562097,501182,3169,51,136,0.037991,33.504,4517,-1,ok,1,1,1,31.6824,3169,1
6,99,278199,257290,49,1,0,0.001452,0.264862,1,-1,ok,1,1,1,0.256347,49,1
6,100,570049,534288,47,1,0,0.000511,0.225789,1,-1,ok,1,1,1,0.220298,47,1
6,101,541954,728137,425,8,32,0.011712,4.89297,668,-1,ok,1,1,1,4.5185,425,1
6,102,215378,85837,389,8,43,0.01057,2.42365,684,-1,ok,1,1,1,2.11192,389,1
6,103,589928,544726,2226,36,123,0.024405,31.9643,3208,-1,ok,1,1,1,30.6524,2226,1
6,104,541522,549453,805,14,40,0.016991,10.4093,1153,-1,ok,1,1,1,9.8412,805,1
6,105,502684,483770,978,18,49,0.012153,10.1597,1654,-1,ok,1,1,1,9.69473,978,1
6,106,185739,464682,1225,20,98,0.02128,21.2787,2023,-1,ok,1,1,1,20.433,1225,1
6,107,564997,595611,2276,37,106,0.025246,24.4536,3280,-1,ok,1,1,1,22.9607,2276,1
6,108,589155,636201,2476,40,113,0.031427,28.7308,3434,-1,ok,1,1,1,27.1388,2476,1
6,109,531285,901687,2128,33,110,0.027631,29.8618,2848,-1,ok,1,1,1,28.4963,2128,1
6,110,732706,576220,224,5,11,0.009007,1.47056,338,-1,ok,1,1,1,1.25596,224,1
6,111,109733,638731,1000,16,84,0.021118,15.0243,1359,-1,ok,1,1,1,14.3339,1000,1
6,112,662568,191645,835,15,60,0.01646,15.4646,1125,-1,ok,1,1,1,15.001,835,1
6,113,374965,759941,1238,19,94,0.021059,18.4462,1579,-1,ok,1,1,1,17.771,1238,1
6,114,719164,27693,1169,20,78,0.019657,17.965,1708,-1,ok,1,1,1,17.2634,1169,1
6,115,752294,934231,163,4,10,0.00525,0.88897,217,-1,ok,1,1,1,0.778645,163,1
6,116,655535,844782,573,11,51,0.012835,6.94419,1075,-1,ok,1,1,1,6.49088,573,1
6,117,474798,607811,1695,26,115,0.022672,28.4315,2419,-1,ok,1,1,1,27.4875,1695,1
6,118,913321,352359,1830,30,132,0.053599,31.5887,2477,-1,ok,1,1,1,30.2212,1830,1
6,119,458475,638815,192,4,21,0.011542,2.06366,380,-1,ok,1,1,1,1.80609,192,1
6,120,185587,899904,797,13,65,0.014617,14.0176,1136,-1,ok,1,1,1,13.4612,797,1
6,121,660993,722496,1439,24,85,0.017952,20.4435,1924,-1,ok,1,1,1,19.6806,1439,1
6,122,587664,590978,396,8,23,0.009689,2.76091,725,-1,ok,1,1,1,2.42127,396,1
6,123,227425,627948,1391,24,134,0.030577,21.059,1894,-1,ok,1,1,1,20.2375,1391,1
6,124,404568,507174,380,6,23,0.008536,2.09774,439,-1,ok,1,1,1,1.87878,380,1
6,125,234885,555140,1077,19,97,0.020899,17.3919,1475,-1,ok,1,1,1,16.7376,1077,1
6,126,379198,738927,1657,27,85,0.018614,22.2604,2161,-1,ok,1,1,1,21.3069,1657,1
6,127,516377,549670,2291,37,120,0.026859,30.1533,3309,-1,ok,1,1,1,28.7688,2291,1
6,128,346621,479141,772,14,65,0.019897,10.1462,1170,-1,ok,1,1,1,9.53217,772,1
6,129,380939,508659,970,17,95,0.039594,10.5529,1451,-1,ok,1,1,1,10.0956,970,1
6,130,549667,582479,32,2,5,0.003166,0.175946,80,-1,ok,1,1,1,0.133287,32,1
6,131,231944,556389,1377,24,133,0.032871,20.0389,1909,-1,ok,1,1,1,19.3997,1377,1
6,132,444980,143997,639,11,41,0.013065,5.87006,935,-1,ok,1,1,1,5.38699,639,1
6,133,553121,561095,2824,46,123,0.023875,32.5409,4092,-1,ok,1,1,1,30.6737,2824,1
6,134,557186,599599,2595,43,137,0.055924,34.5132,3736,-1,ok,1,1,1,32.7589,2595,1
6,135,752223,476482,939,14,67,0.021048,11.3713,1124,-1,ok,1,1,1,10.7543,939,1
6,136,668229,470670,2659,45,122,0.025186,28.8735,3941,-1,ok,1,1,1,27.428,2659,1
6,137,328875,564452,195,3,12,0.007855,0.669241,224,-1,ok,1,1,1,0.521499,195,1
6,138,642157,729840,1731,27,108,0.022202,23.4751,2351,-1,ok,1,1,1,22.324,1731,1
6,139,90305,752572,987,16,80,0.02111,10.7804,1684,-1,ok,1,1,1,9.97103,987,1
6,140,540469,868590,1095,18,86,0.022052,17.3755,1465,-1,ok,1,1,1,16.7065,1095,1
6,141,554237,542468,341,6,23,0.009588,2.65598,553,-1,ok,1,1,1,2.37603,341,1
6,142,552875,544670,2521,40,123,0.023462,32.0034,3591,-1,ok,1,1,1,30.4391,2521,1
6,143,489779,135045,582,11,48,0.017672,6.53323,854,-1,ok,1,1,1,6.07225,582,1
6,144,684986,321427,899,15,64,0.032681,15.43,1203,-1,ok,1,1,1,15.0308,899,1
6,145,551199,39629,1264,20,81,0.019186,18.3932,2063,-1,ok,1,1,1,17.4707,1264,1
6,146,161784,518507,1403,23,112,0.02719,22.7052,2159,-1,ok,1,1,1,21.6638,1403,1
6,147,916310,555655,611,11,58,0.018804,6.17211,998,-1,ok,1,1,1,5.73512,611,1
6,148,358724,558670,1036,18,90,0.019457,15.5644,1698,-1,ok,1,1,1,15.0161,1036,1
6,149,491303,659590,417,7,30,0.01009,5.01016,535,-1,ok,1,1,1,4.74436,417,1
6,150,551910,879052,1906,31,93,0.018375,23.0222,2661,-1,ok,1,1,1,21.8815,1906,1
6,151,548928,513895,2545,41,120,0.025778,28.5625,3658,-1,ok,1,1,1,27.099,2545,1
6,152,544907,516738,841,14,73,0.021701,10.5785,1118,-1,ok,1,1,1,9.98151,841,1
6,153,596621,550078,3073,50,141,0.037019,37.8365,4433,-1,ok,1,1,1,35.9927,3073,1
6,154,457377,679268,965,16,59,0.018515,11.4477,1645,-1,ok,1,1,1,10.7004,965,1
6,155,888007,738901,148,3,15,0.006633,1.31072,288,-1,ok,1,1,1,1.20695,148,1
6,156,557446,245356,1550,25,70,0.014796,15.2955,2385,-1,ok,1,1,1,14.5318,1550,1
6,157,269058,233403,285,5,14,0.005431,1.84433,264,-1,ok,1,1,1,1.69951,285,1
6,158,561143,482354,629,12,37,0.01047,10.2523,953,-1,ok,1,1,1,9.86381,629,1
6,159,476616,512534,204,4,15,0.00557,2.48711,331,-1,ok,1,1,1,2.32277,204,1
6,160,651112,289929,1373,22,90,0.018075,20.1342,1850,-1,ok,1,1,1,19.32,1373,1
6,161,728484,372110,264,5,18,0.010389,1.22527,368,-1,ok,1,1,1,0.96916,264,1
6,162,569402,643340,2200,35,105,0.021119,23.1794,3232,-1,ok,1,1,1,21.93,2200,1
6,163,148333,409238,245,6,19,0.008867,0.845399,313,-1,ok,1,1,1,0.617558,245,1
6,164,464750,373454,1640,27,92,0.019986,21.4692,2493,-1,ok,1,1,1,20.5026,1640,1
6,165,355695,858397,800,11,58,0.018434,6.99934,1069,-1,ok,1,1,1,6.43823,800,1
6,166,671610,490121,1975,33,130,0.03244,33.6796,3066,-1,ok,1,1,1,32.5856,1975,1
6,167,620032,817899,1017,18,58,0.016321,11.8899,1712,-1,ok,1,1,1,11.1462,1017,1
6,168,475138,561483,915,16,62,0.015418,11.0575,1536,-1,ok,1,1,1,10.5615,915,1
6,169,677523,564943,2418,39,141,0.036128,40.0622,3575,-1,ok,1,1,1,38.5993,2418,1
6,170,547139,894242,1009,18,43,0.015868,8.14809,1543,-1,ok,1,1,1,7.39021,1009,1
6,171,513656,703356,1488,23,110,0.022201,26.0769,1992,-1,ok,1,1,1,25.2003,1488,1
6,172,561653,646343,1780,29,105,0.025146,24.3297,2552,-1,ok,1,1,1,23.1216,1780,1
6,173,452860,580211,2703,44,137,0.050425,35.3569,4013,-1,ok,1,1,1,33.5127,2703,1
6,174,457346,589806,992,17,61,0.035948,13.0049,1718,-1,ok,1,1,1,12.193,992,1
6,175,125970,564306,414,7,37,0.011861,3.31389,448,-1,ok,1,1,1,3.03116,414,1
6,176,432903,536123,1450,25,83,0.018486,21.3055,1990,-1,ok,1,1,1,20.4416,1450,1
6,177,586708,335970,692,12,53,0.015388,9.23654,908,-1,ok,1,1,1,8.75399,692,1
6,178,127595,700137,422,7,30,0.007976,2.47513,650,-1,ok,1,1,1,2.14204,422,1
6,179,538665,123021,1064,18,58,0.013294,13.572,1478,-1,ok,1,1,1,12.993,1064,1
6,180,352712,882018,430,7,38,0.010189,3.14694,671,-1,ok,1,1,1,2.87468,430,1
6,181,570105,642882,409,8,28,0.008034,3.88708,659,-1,ok,1,1,1,3.60983,409,1
6,182,236454,64964,158,3,19,0.005509,1.66446,336,-1,ok,1,1,1,1.52216,158,1
6,183,547182,801522,1262,22,53,0.011923,12.5316,2035,-1,ok,1,1,1,11.7097,1262,1
6,184,684920,553657,177,4,10,0.004307,1.37184,226,-1,ok,1,1,1,1.25997,177,1
6,185,552875,351270,1255,20,64,0.014837,13.636,1956,-1,ok,1,1,1,12.9657,1255,1
6,186,492765,584268,2039,33,138,0.039644,38.044,2972,-1,ok,1,1,1,36.7459,2039,1
6,187,155792,743182,560,10,60,0.020828,4.82425,749,-1,ok,1,1,1,4.36154,560,1
6,188,433249,556063,1470,25,128,0.031229,25.5422,2313,-1,ok,1,1,1,24.5051,1470,1
6,189,675909,548947,322,6,24,0.012915,1.5353,460,-1,ok,1,1,1,1.2834,322,1
6,190,801727,652069,1904,30,120,0.02635,33.6607,2581,-1,ok,1,1,1,32.3864,1904,1
6,191,424436,194685,1235,19,70,0.020339,16.6352,1813,-1,ok,1,1,1,15.7597,1235,1
6,192,568596,520838,78,2,5,0.005038,0.78577,153,-1,ok,1,1,1,0.685332,78,1
6,193,537052,487130,2582,43,130,0.054471,32.1398,3915,-1,ok,1,1,1,30.4669,2582,1
6,194,287117,597610,1357,21,104,0.027461,24.0555,2060,-1,ok,1,1,1,23.057,1357,1
6,195,734217,369103,902,15,67,0.020728,17.636,1143,-1,ok,1,1,1,17.0278,902,1
6,196,609326,594424,18,1,0,0.021228,0.061715,1,-1,ok,1,1,1,0.054631,18,1
6,197,555356,373478,150,3,11,0.005631,0.607339,210,-1,ok,1,1,1,0.483087,150,1
6,198,538782,596393,2887,49,144,0.055903,40.4687,4266,-1,ok,1,1,1,38.625,2887,1
6,199,853804,764242,234,4,17,0.009879,1.56299,373,-1,ok,1,1,1,1.31911,234,1
6,200,546144,731449,1563,26,85,0.034163,21.3642,2163,-1,ok,1,1,1,20.4123,1563,1
6,201,546580,470520,70,2,2,0.002776,0.329011,74,-1,ok,1,1,1,0.268889,70,1
6,202,587180,610058,2820,47,137,0.037951,35.3043,4123,-1,ok,1,1,1,33.5348,2820,1
6,203,554148,555672,34,1,0,0.001001,0.069097,1,-1,ok,1,1,1,0.061453,34,1
6,204,618603,576023,2630,42,120,0.027652,32.052,3749,-1,ok,1,1,1,30.3235,2630,1
6,205,111185,663982,1131,20,96,0.03661,18.5027,1637,-1,ok,1,1,1,17.6501,1131,1
6,206,558415,519079,908,16,77,0.023132,9.6105,1198,-1,ok,1,1,1,9.04954,908,1
6,207,273703,668225,1512,27,140,0.035717,23.6204,2092,-1,ok,1,1,1,22.8503,1512,1
6,208,342313,675920,1135,19,99,0.024826,22.1969,1441,-1,ok,1,1,1,21.3643,1135,1
6,209,455838,475237,29,2,4,0.004889,0.15606,54,-1,ok,1,1,1,0.10735,29,1
6,210,407548,553070,2852,46,141,0.034134,40.8492,4103,-1,ok,1,1,1,38.909,2852,1
6,211,504813,914851,324,5,24,0.013045,2.34966,448,-1,ok,1,1,1,2.04872,324,1
6,212,547561,230431,1222,21,62,0.015259,18.1381,1677,-1,ok,1,1,1,17.3907,1222,1
6,213,466238,312299,1571,26,90,0.020428,21.7369,2455,-1,ok,1,1,1,20.6182,1571,1
6,214,234897,536226,1213,20,109,0.029313,21.5886,1916,-1,ok,1,1,1,20.6529,1213,1
6,215,580756,561650,1750,29,119,0.028863,31.0635,2574,-1,ok,1,1,1,29.7866,1750,1
6,216,744886,554466,1138,20,108,0.03784,17.8246,1922,-1,ok,1,1,1,16.9154,1138,1
6,217,864144,644857,1147,18,103,0.045064,18.7729,1525,-1,ok,1,1,1,17.9905,1147,1
6,218,155929,549165,1194,21,103,0.022892,18.3183,1744,-1,ok,1,1,1,17.5226,1194,1
6,219,734340,664355,1063,17,76,0.018475,14.1377,1408,-1,ok,1,1,1,13.4597,1063,1
6,220,483567,570424,1455,23,83,0.018555,19.8215,1865,-1,ok,1,1,1,19.0571,1455,1
6,221,639206,652049,2073,34,120,0.025656,31.6464,2882,-1,ok,1,1,1,30.3128,2073,1
6,222,93334,537056,1452,25,131,0.046066,19.7152,2185,-1,ok,1,1,1,18.7117,1452,1
6,223,603581,431982,437,8,27,0.009948,3.93746,751,-1,ok,1,1,1,3.56408,437,1
6,224,439095,658592,1491,24,112,0.024385,27.4609,2011,-1,ok,1,1,1,26.5719,1491,1
6,225,814923,899971,128,3,14,0.008546,1.09932,285,-1,ok,1,1,1,0.925367,128,1
6,226,498998,590659,2587,42,137,0.065122,34.8227,3706,-1,ok,1,1,1,33.1367,2587,1
6,227,559098,530053,2275,36,98,0.02625,23.4839,3200,-1,ok,1,1,1,22.03,2275,1
6,228,549050,87356,1368,24,78,0.0218,19.3974,2097,-1,ok,1,1,1,18.474,1368,1
6,229,507967,791931,2780,47,142,0.060021,40.5415,3978,-1,ok,1,1,1,38.6824,2780,1
6,230,403304,932996,1476,22,107,0.029606,23.4545,1844,-1,ok,1,1,1,22.4547,1476,1
6,231,779288,400102,1980,32,131,0.044744,33.3721,2791,-1,ok,1,1,1,32.0102,1980,1
6,232,115537,717680,835,15,79,0.024365,10.4139,1145,-1,ok,1,1,1,9.71527,835,1
6,233,625715,531035,2478,40,136,0.037128,35.1279,3557,-1,ok,1,1,1,33.5291,2478,1
6,234,12779,392632,1393,23,114,0.027381,18.6533,2026,-1,ok,1,1,1,17.6359,1393,1
6,235,491073,550893,600,12,37,0.012102,7.96455,953,-1,ok,1,1,1,7.51923,600,1
6,236,544640,612058,608,11,33,0.009378,6.19043,898,-1,ok,1,1,1,5.97001,608,1
6,237,349394,221491,1219,21,62,0.014137,13.8936,1611,-1,ok,1,1,1,13.3834,1219,1
6,238,643343,800035,1098,17,81,0.017513,17.0856,1391,-1,ok,1,1,1,16.5496,1098,1
6,239,466292,494384,1056,18,62,0.017732,12.8082,1811,-1,ok,1,1,1,12.0416,1056,1
6,240,263294,711941,727,12,68,0.018174,9.34409,922,-1,ok,1,1,1,8.87523,727,1
6,241,540708,407534,2386,38,129,0.03169,32.8792,3388,-1,ok,1,1,1,31.5697,2386,1
6,242,407548,728111,217,4,16,0.008475,0.497344,287,-1,ok,1,1,1,0.263288,217,1
6,243,495501,485664,2437,41,133,0.044803,32.8168,3682,-1,ok,1,1,1,31.2401,2437,1
6,244,720906,179696,594,10,39,0.015509,8.34176,774,-1,ok,1,1,1,7.86827,594,1
6,245,650350,482575,2675,43,120,0.024867,31.2382,3821,-1,ok,1,1,1,29.515,2675,1
6,246,638652,817933,1535,25,87,0.024185,24.3313,2049,-1,ok,1,1,1,23.3051,1535,1
6,247,548934,567346,842,15,40,0.014417,10.2029,1242,-1,ok,1,1,1,9.63545,842,1
6,248,573392,445311,937,15,82,0.020358,12.8051,1447,-1,ok,1,1,1,12.1666,937,1
6,249,791829,669974,699,15,27,0.008796,4.59287,1024,-1,ok,1,1,1,4.14363,699,1
6,250,181289,193174,55,2,5,0.002485,0.217412,185,-1,ok,1,1,1,0.144878,55,1
6,251,734304,877601,1239,19,90,0.017683,19.5267,1648,-1,ok,1,1,1,18.8262,1239,1
6,252,541771,272040,815,16,56,0.015117,10.8129,1278,-1,ok,1,1,1,10.2288,815,1
6,253,555426,520840,632,12,43,0.01065,7.90508,849,-1,ok,1,1,1,7.5271,632,1
6,254,554148,468913,1653,26,96,0.018944,24.1198,2283,-1,ok,1,1,1,23.1442,1653,1
6,255,407897,554527,1448,24,120,0.028343,24.0881,2227,-1,ok,1,1,1,23.0803,1448,1
6,256,476137,886494,1697,28,93,0.021381,25.5172,2401,-1,ok,1,1,1,24.441,1697,1
6,257,647690,523082,2414,38,137,0.050273,42.3604,3508,-1,ok,1,1,1,40.7241,2414,1
6,258,841766,458240,1678,27,129,0.051846,31.5189,2235,-1,ok,1,1,1,30.3324,1678,1
6,259,462910,637233,417,8,33,0.013736,5.37327,813,-1,ok,1,1,1,4.90407,417,1
6,260,536976,551877,19,1,0,0.000561,0.071804,1,-1,ok,1,1,1,0.067245,19,1
6,261,42610,554524,1736,28,132,0.027372,28.6393,2814,-1,ok,1,1,1,27.3904,1736,1
6,262,613794,229015,1113,17,70,0.034985,16.3477,1649,-1,ok,1,1,1,15.5802,1113,1
6,263,786608,624950,1914,31,137,0.038471,31.485,2553,-1,ok,1,1,1,30.3005,1914,1
6,264,412226,542166,1648,27,122,0.029144,29.9528,2363,-1,ok,1,1,1,28.7804,1648,1
6,265,578007,584682,2557,41,137,0.044112,34.3322,3627,-1,ok,1,1,1,32.7059,2557,1
6,266,129099,357177,198,4,20,0.009258,1.51936,351,-1,ok,1,1,1,1.2965,198,1
6,267,670451,218543,1088,18,70,0.017122,15.5806,1741,-1,ok,1,1,1,14.8114,1088,1
6,268,636901,562811,880,16,40,0.013635,10.6652,1312,-1,ok,1,1,1,10.0511,880,1
6,269,161898,720900,750,13,68,0.016742,11.199,1106,-1,ok,1,1,1,10.7061,750,1
6,270,536127,726744,1037,17,96,0.021401,12.5651,1396,-1,ok,1,1,1,12.124,1037,1
6,271,182733,659592,907,16,84,0.017642,13.8556,1223,-1,ok,1,1,1,13.5192,907,1
6,272,557521,334467,2898,47,132,0.032981,32.87,4148,-1,ok,1,1,1,31.3855,2898,1
6,273,550876,844900,1310,21,100,0.028212,20.024,1929,-1,ok,1,1,1,19.0677,1310,1
6,274,442000,527458,1850,29,121,0.029053,29.6417,2693,-1,ok,1,1,1,28.4312,1850,1
6,275,163378,695363,985,18,88,0.023053,16.8738,1519,-1,ok,1,1,1,16.1044,985,1
6,276,469207,449288,2393,40,129,0.035425,31.3489,3695,-1,ok,1,1,1,29.8321,2393,1
6,277,621533,503471,384,6,17,0.019296,2.61643,468,-1,ok,1,1,1,2.35455,384,1
6,278,584186,780781,627,12,42,0.010299,7.49382,1040,-1,ok,1,1,1,7.15473,627,1
6,279,537110,215501,1213,21,62,0.01585,18.2468,1677,-1,ok,1,1,1,17.5121,1213,1
6,280,552659,521369,42,1,0,0.001151,0.255295,1,-1,ok,1,1,1,0.247048,42,1
6,281,470354,521484,1808,29,121,0.026859,29.3583,2693,-1,ok,1,1,1,28.0906,1808,1
6,282,779294,490035,423,8,38,0.014487,2.83439,634,-1,ok,1,1,1,2.50834,423,1
6,283,856695,383684,1735,27,129,0.030185,29.5028,2235,-1,ok,1,1,1,28.4196,1735,1
6,284,856911,565634,2043,32,124,0.029013,32.3359,2756,-1,ok,1,1,1,30.9964,2043,1
6,285,226029,617772,1109,19,96,0.025447,18.3577,1453,-1,ok,1,1,1,17.5789,1109,1
6,286,273528,498716,214,5,17,0.008324,1.12155,326,-1,ok,1,1,1,0.938552,214,1
6,287,585019,659525,120,4,6,0.003347,0.679089,321,-1,ok,1,1,1,0.50627,120,1
6,288,714688,746144,256,6,19,0.006403,1.53125,397,-1,ok,1,1,1,1.32739,256,1
6,289,487154,401935,1115,20,63,0.015228,13.035,1921,-1,ok,1,1,1,12.2407,1115,1
6,290,558487,858169,252,4,13,0.005709,1.33242,292,-1,ok,1,1,1,1.1884,252,1
6,291,574271,660088,2395,40,113,0.028834,28.1738,3434,-1,ok,1,1,1,26.8603,2395,1
6,292,41143,546444,721,12,51,0.014998,7.86953,1033,-1,ok,1,1,1,7.31983,721,1
6,293,760001,646214,1715,27,115,0.024285,29.6875,2314,-1,ok,1,1,1,28.5919,1715,1
6,294,185761,377965,506,9,36,0.013996,6.79395,643,-1,ok,1,1,1,6.40925,506,1
6,295,604576,736790,940,18,89,0.018414,12.0053,1313,-1,ok,1,1,1,11.3819,940,1
6,296,604356,279676,1122,19,65,0.014517,15.9344,1459,-1,ok,1,1,1,15.2997,1122,1
6,297,467430,178127,281,5,22,0.007624,1.63673,218,-1,ok,1,1,1,1.44148,281,1
6,298,473402,701873,1457,22,108,0.02196,22.8514,1880,-1,ok,1,1,1,22.0868,1457,1
6,299,546168,470167,91,2,5,0.003607,0.625961,102,-1,ok,1,1,1,0.559048,91,1
8,0,515417,637366,1801,8,19,0.008376,24.6283,3537,-1,ok,1,1,1,23.2709,1801,1
8,1,221578,683609,709,3,10,0.00566,7.63393,1144,-1,ok,1,1,1,7.08542,709,1
8,2,566063,455879,224,2,3,0.002674,2.38409,189,-1,ok,1,1,1,2.28587,224,1
8,3,364509,251282,377,2,3,0.001903,2.90659,710,-1,ok,1,1,1,2.63234,377,1
8,4,713214,541596,268,2,5,0.002204,2.85938,1698,-1,ok,1,1,1,2.275,268,1
8,5,708892,372109,865,3,8,0.003947,14.4674,1120,-1,ok,1,1,1,14.2192,865,1
8,6,549730,910635,485,4,7,0.002824,5.72129,862,-1,ok,1,1,1,5.36612,485,1
8,7,428575,333335,686,3,8,0.004187,7.19387,1120,-1,ok,1,1,1,6.87726,686,1
8,8,103741,529812,1209,4,18,0.00516,16.9314,2841,-1,ok,1,1,1,16.0059,1209,1
8,9,504438,99296,1284,4,18,0.005971,17.9389,2829,-1,ok,1,1,1,16.9462,1284,1
8,10,503002,473385,659,3,8,0.003817,8.7355,2328,-1,ok,1,1,1,8.05911,659,1
8,11,594375,693937,1954,8,19,0.00529,29.3607,3537,-1,ok,1,1,1,28.0934,1954,1
8,12,184179,575147,1336,7,31,0.010529,23.2394,2615,-1,ok,1,1,1,22.0908,1336,1
8,13,84373,731343,822,3,10,0.005419,12.0519,1144,-1,ok,1,1,1,11.4301,822,1
8,14,533139,449475,806,4,16,0.00599,9.72547,1883,-1,ok,1,1,1,9.08348,806,1
8,15,800775,353868,725,6,10,0.003176,4.84891,943,-1,ok,1,1,1,4.44152,725,1
8,16,580536,834346,1638,7,25,0.006342,24.8619,4630,-1,ok,1,1,1,23.5083,1638,1
8,17,705977,179642,451,2,6,0.004569,6.14736,411,-1,ok,1,1,1,5.86892,451,1
8,18,591189,502974,573,2,5,0.003016,6.55033,1698,-1,ok,1,1,1,5.95333,573,1
8,19,696806,606078,410,2,8,0.002956,4.6876,1710,-1,ok,1,1,1,4.27654,410,1
8,20,649644,351270,898,5,11,0.003266,13.1387,2009,-1,ok,1,1,1,12.4353,898,1
8,21,364679,647787,786,3,10,0.004047,11.8653,1144,-1,ok,1,1,1,11.412,786,1
8,22,236480,558798,1348,7,31,0.007624,21.2659,2615,-1,ok,1,1,1,20.3291,1348,1
8,23,429002,590281,593,4,9,0.003798,6.2926,1001,-1,ok,1,1,1,5.8155,593,1
8,24,732327,437963,2826,13,31,0.007584,31.9839,0,1,length_cap,0,1,1,30.1274,2826,1
8,25,695045,573533,2638,12,30,0.009879,31.6718,0,1,length_cap,0,1,1,29.6125,2638,1
8,26,653917,554134,819,5,14,0.009087,11.4381,1663,-1,ok,1,1,1,10.6024,819,1
8,27,591152,758487,1441,7,28,0.0104,24.6954,3178,-1,ok,1,1,1,23.4052,1441,1
8,28,530231,797885,2838,13,33,0.008917,40.2765,0,1,length_cap,0,1,1,38.0887,2838,1
8,29,461730,614781,2269,9,23,0.008837,33.2839,0,1,length_cap,0,1,1,31.2547,2269,1
8,30,444980,608103,2053,9,32,0.011561,34.8824,3734,-1,ok,1,1,1,33.253,2053,1
8,31,625582,540051,1625,5,22,0.009608,27.757,3580,-1,ok,1,1,1,26.2734,1625,1
8,32,525321,196202,1187,4,18,0.007093,16.7198,2829,-1,ok,1,1,1,15.586,1187,1
8,33,478182,565842,1838,9,19,0.006292,27.6363,3759,-1,ok,1,1,1,26.1946,1838,1
8,34,537719,542421,274,2,4,0.004808,2.05394,166,-1,ok,1,1,1,1.92588,274,1
8,35,606091,561377,46,1,0,0.000551,0.199721,1,-1,ok,1,1,1,0.194521,46,1
8,36,540484,237922,578,3,8,0.005118,7.42518,1120,-1,ok,1,1,1,6.89926,578,1
8,37,916340,481104,632,4,7,0.003216,8.03903,1267,-1,ok,1,1,1,7.51522,632,1
8,38,547698,473617,2323,9,30,0.006914,33.21,0,1,length_cap,0,1,1,31.6462,2323,1
8,39,503531,560189,206,3,4,0.004148,2.03773,388,-1,ok,1,1,1,1.79046,206,1
8,40,528285,633179,2234,9,30,0.007274,31.4588,0,1,length_cap,0,1,1,29.5157,2234,1
8,41,528291,124629,1240,4,18,0.008245,18.6703,2829,-1,ok,1,1,1,17.5103,1240,1
8,42,218360,732318,1260,6,27,0.008416,14.8787,2373,-1,ok,1,1,1,13.9124,1260,1
8,43,673429,646337,1726,8,19,0.005961,24.0028,3537,-1,ok,1,1,1,22.7071,1726,1
8,44,677903,545932,2495,10,29,0.009648,34.3807,0,1,length_cap,0,1,1,32.3719,2495,1
8,45,599861,473157,116,1,0,0.001313,1.12079,1,-1,ok,1,1,1,1.10284,116,1
8,46,771679,448047,942,5,19,0.006892,12.1597,2281,-1,ok,1,1,1,11.231,942,1
8,47,613652,373259,1541,6,28,0.007354,26.8614,3982,-1,ok,1,1,1,25.6235,1541,1
8,48,559115,582478,645,3,3,0.003327,4.22725,803,-1,ok,1,1,1,3.78977,645,1
8,49,138045,605112,1531,7,31,0.008195,26.9125,2615,-1,ok,1,1,1,25.8455,1531,1
8,50,715274,544491,2277,8,23,0.008175,33.8147,4849,-1,ok,1,1,1,31.8803,2277,1
8,51,118518,621231,1297,7,30,0.009557,22.6497,3159,-1,ok,1,1,1,21.3723,1297,1
8,52,560125,876072,607,4,8,0.004579,7.24858,1257,-1,ok,1,1,1,6.66633,607,1
8,53,457330,549752,200,3,4,0.002675,1.75124,388,-1,ok,1,1,1,1.57336,200,1
8,54,185650,870115,627,4,15,0.004999,6.0397,1893,-1,ok,1,1,1,5.28303,627,1
8,55,519871,693835,2142,8,19,0.00515,30.6314,3537,-1,ok,1,1,1,29.6026,2142,1
8,56,140914,484062,1346,7,30,0.010059,27.5558,3159,-1,ok,1,1,1,26.0474,1346,1
8,57,630216,170691,1277,7,16,0.010949,23.362,3127,-1,ok,1,1,1,21.8722,1277,1
8,58,686374,577768,450,1,0,0.001102,6.21068,1,-1,ok,1,1,1,6.16649,450,1
8,59,625714,607337,2167,9,23,0.009457,36.8168,0,1,length_cap,0,1,1,34.505,2167,1
8,60,160386,877813,1001,4,16,0.01015,12.3033,1744,-1,ok,1,1,1,11.389,1001,1
8,61,557207,713255,2128,9,19,0.007774,31.6646,3712,-1,ok,1,1,1,30.0579,2128,1
8,62,689095,577712,931,5,11,0.00599,11.2312,1981,-1,ok,1,1,1,10.3582,931,1
8,63,118518,543922,1546,8,32,0.009066,32.5998,3324,-1,ok,1,1,1,31.1853,1546,1
8,64,743230,714700,454,2,5,0.006292,4.40132,1698,-1,ok,1,1,1,3.39435,454,1
8,65,451281,500222,1729,8,19,0.006973,30.0156,3537,-1,ok,1,1,1,28.0774,1729,1
8,66,87326,638815,783,3,10,0.007644,15.0866,1144,-1,ok,1,1,1,14.2194,783,1
8,67,873089,178288,543,3,8,0.004899,5.44815,1138,-1,ok,1,1,1,4.73401,543,1
8,68,540231,698411,324,2,8,0.004248,6.94503,1710,-1,ok,1,1,1,6.04463,324,1
8,69,608054,502046,428,3,5,0.002856,5.12749,364,-1,ok,1,1,1,4.89026,428,1
8,70,551981,134941,1142,3,16,0.00499,17.9823,2120,-1,ok,1,1,1,17.5288,1142,1
8,71,463217,908917,606,4,8,0.003006,8.81605,1257,-1,ok,1,1,1,8.18824,606,1
8,72,633916,540912,2768,11,32,0.007835,36.3578,0,1,length_cap,0,1,1,34.2657,2768,1
8,73,797852,552425,1119,6,11,0.006301,13.2218,2250,-1,ok,1,1,1,12.1154,1119,1
8,74,746160,847884,1478,5,25,0.007654,25.0893,2303,-1,ok,1,1,1,23.9864,1478,1
8,75,759766,548195,703,5,14,0.008505,7.81086,1663,-1,ok,1,1,1,6.98408,703,1
8,76,413741,394099,778,2,5,0.002504,13.4138,1698,-1,ok,1,1,1,12.668,778,1
8,77,913394,471896,1104,5,19,0.005621,21.7616,2281,-1,ok,1,1,1,20.802,1104,1
8,78,652297,501706,101,1,0,0.001051,0.160027,1,-1,ok,1,1,1,0.151392,101,1
8,79,528306,440834,2348,9,30,0.007924,34.9281,0,1,length_cap,0,1,1,32.9097,2348,1
8,80,579216,344905,687,3,14,0.009187,13.1147,2100,-1,ok,1,1,1,12.2179,687,1
8,81,291425,565940,613,3,12,0.006312,10.926,1497,-1,ok,1,1,1,10.3044,613,1
8,82,560203,166249,1334,8,16,0.006473,19.6699,3302,-1,ok,1,1,1,18.3949,1334,1
8,83,725367,601383,506,2,5,0.003747,6.73397,1698,-1,ok,1,1,1,5.97502,506,1
8,84,690950,626446,632,3,15,0.005781,4.87055,1787,-1,ok,1,1,1,4.56553,632,1
8,85,885107,623720,1723,6,23,0.005901,32.2474,3978,-1,ok,1,1,1,31.1193,1723,1
8,86,452862,582210,1864,9,19,0.007904,25.3705,3759,-1,ok,1,1,1,23.7796,1864,1
8,87,643668,475109,189,2,5,0.004268,2.14038,392,-1,ok,1,1,1,1.86541,189,1
8,88,72436,674500,1030,3,10,0.003727,16.5866,1144,-1,ok,1,1,1,15.8732,1030,1
8,89,868641,853704,37,1,0,0.00055,0.101719,1,-1,ok,1,1,1,0.095137,37,1
8,90,644709,548157,2038,8,30,0.007454,33.3693,3569,-1,ok,1,1,1,31.8601,2038,1
8,91,582005,373594,1217,5,18,0.008465,22.1187,3447,-1,ok,1,1,1,20.8355,1217,1
8,92,677416,621320,2042,8,28,0.008387,30.714,4887,-1,ok,1,1,1,28.8142,2042,1
8,93,705859,580720,219,1,0,0.001122,1.05601,1,-1,ok,1,1,1,1.04124,219,1
8,94,431412,580719,607,3,9,0.004358,9.00991,2095,-1,ok,1,1,1,8.11792,607,1
8,95,437348,552419,661,2,8,0.004519,8.14955,1710,-1,ok,1,1,1,7.46845,661,1
8,96,758271,503460,743,5,14,0.00573,10.328,1663,-1,ok,1,1,1,9.62053,743,1
8,97,868701,479347,1176,5,19,0.005841,20.5521,2281,-1,ok,1,1,1,19.6841,1176,1
8,98,562097,501182,3169,12,29,0.009567,34.9289,0,1,length_cap,0,1,1,32.7792,3169,1
8,99,278199,257290,49,1,0,0.000811,0.277875,1,-1,ok,1,1,1,0.269881,49,1
8,100,570049,534288,47,1,0,0.000471,0.247089,1,-1,ok,1,1,1,0.241198,47,1
8,101,541954,728137,425,1,0,0.000491,4.74744,1,-1,ok,1,1,1,4.71068,425,1
8,102,215378,85837,389,2,3,0.003777,2.51932,710,-1,ok,1,1,1,2.11405,389,1
8,103,589928,544726,2226,9,23,0.007174,33.2662,0,1,length_cap,0,1,1,31.4252,2226,1
8,104,541522,549453,805,2,8,0.005751,10.7123,1710,-1,ok,1,1,1,9.89208,805,1
8,105,502684,483770,978,3,11,0.003627,10.5888,1799,-1,ok,1,1,1,10.0704,978,1
8,106,185739,464682,1225,6,20,0.007193,21.8674,2450,-1,ok,1,1,1,20.8715,1225,1
8,107,564997,595611,2276,10,19,0.007112,28.2446,4339,-1,ok,1,1,1,26.2587,2276,1
8,108,589155,636201,2476,9,28,0.0113,30.3779,4976,-1,ok,1,1,1,28.2907,2476,1
8,109,531285,901687,2128,7,27,0.010058,31.1424,4572,-1,ok,1,1,1,29.2995,2128,1
8,110,732706,576220,224,1,0,0.000872,1.2917,1,-1,ok,1,1,1,1.2767,224,1
8,111,109733,638731,1000,3,10,0.004439,14.953,1144,-1,ok,1,1,1,14.2342,1000,1
8,112,662568,191645,835,3,8,0.00546,15.8274,1120,-1,ok,1,1,1,15.2585,835,1
8,113,374965,759941,1238,5,17,0.006753,19.1032,2423,-1,ok,1,1,1,18.185,1238,1
8,114,719164,27693,1169,4,18,0.006393,18.8351,2829,-1,ok,1,1,1,17.7745,1169,1
8,115,752294,934231,163,2,2,0.002304,0.995327,397,-1,ok,1,1,1,0.767505,163,1
8,116,655535,844782,573,4,8,0.002865,7.06057,1257,-1,ok,1,1,1,6.53657,573,1
8,117,474798,607811,1695,8,30,0.007765,29.1622,3569,-1,ok,1,1,1,27.9343,1695,1
8,118,913321,352359,1830,7,28,0.009318,32.6375,4380,-1,ok,1,1,1,30.9714,1830,1
8,119,458475,638815,192,1,0,0.001011,1.61877,1,-1,ok,1,1,1,1.60004,192,1
8,120,185587,899904,797,4,15,0.006843,14.141,1893,-1,ok,1,1,1,13.2447,797,1
8,121,660993,722496,1439,5,24,0.00634,21.9559,3616,-1,ok,1,1,1,20.8221,1439,1
8,122,587664,590978,396,3,7,0.00525,2.94142,716,-1,ok,1,1,1,2.50018,396,1
8,123,227425,627948,1391,5,26,0.007985,21.7392,2930,-1,ok,1,1,1,20.5885,1391,1
8,124,404568,507174,380,2,7,0.003867,2.0464,90,-1,ok,1,1,1,1.882,380,1
8,125,234885,555140,1077,4,18,0.005309,18.0731,2841,-1,ok,1,1,1,17.0276,1077,1
8,126,379198,738927,1657,6,24,0.007234,23.2338,4006,-1,ok,1,1,1,21.9136,1657,1
8,127,516377,549670,2291,9,30,0.009308,32.7385,0,1,length_cap,0,1,1,30.7076,2291,1
8,128,346621,479141,772,4,18,0.010328,10.9855,2734,-1,ok,1,1,1,9.95225,772,1
8,129,380939,508659,970,4,22,0.006883,10.9472,2197,-1,ok,1,1,1,10.3804,970,1
8,130,549667,582479,32,1,0,0.000542,0.139741,1,-1,ok,1,1,1,0.132938,32,1
8,131,231944,556389,1377,5,26,0.007044,21.485,2930,-1,ok,1,1,1,20.4328,1377,1
8,132,444980,143997,639,3,8,0.007123,6.27454,1120,-1,ok,1,1,1,5.69268,639,1
8,133,553121,561095,2824,11,23,0.006261,32.4941,0,1,length_cap,0,1,1,30.4389,2824,1
8,134,557186,599599,2595,11,29,0.011522,36.5586,0,1,length_cap,0,1,1,34.2441,2595,1
8,135,752223,476482,939,4,23,0.01054,11.7673,1907,-1,ok,1,1,1,10.8521,939,1
8,136,668229,470670,2659,11,30,0.008335,29.7904,0,1,length_cap,0,1,1,27.976,2659,1
8,137,328875,564452,195,2,8,0.005641,0.959872,788,-1,ok,1,1,1,0.549459,195,1
8,138,642157,729840,1731,7,19,0.005771,24.376,3152,-1,ok,1,1,1,23.1645,1731,1
8,139,90305,752572,987,5,17,0.008005,10.0885,2059,-1,ok,1,1,1,9.16754,987,1
8,140,540469,868590,1095,5,25,0.006974,17.2106,2303,-1,ok,1,1,1,16.5421,1095,1
8,141,554237,542468,341,1,0,0.000621,2.40406,1,-1,ok,1,1,1,2.37928,341,1
8,142,552875,544670,2521,10,23,0.006473,32.5809,0,1,length_cap,0,1,1,30.6137,2521,1
8,143,489779,135045,582,3,8,0.008055,6.77255,1120,-1,ok,1,1,1,6.1737,582,1
8,144,684986,321427,899,3,8,0.004719,15.6642,1120,-1,ok,1,1,1,15.3804,899,1
8,145,551199,39629,1264,6,11,0.004518,19.0867,2394,-1,ok,1,1,1,18.1779,1264,1
8,146,161784,518507,1403,8,32,0.011432,23.3243,3324,-1,ok,1,1,1,22.0316,1403,1
8,147,916310,555655,611,4,7,0.00542,6.40372,1267,-1,ok,1,1,1,5.76056,611,1
8,148,358724,558670,1036,7,31,0.008716,16.1901,2615,-1,ok,1,1,1,15.448,1036,1
8,149,491303,659590,417,1,0,0.000741,4.93743,1,-1,ok,1,1,1,4.89492,417,1
8,150,551910,879052,1906,7,25,0.006843,24.1472,4101,-1,ok,1,1,1,22.5721,1906,1
8,151,548928,513895,2545,10,30,0.009959,30.3462,0,1,length_cap,0,1,1,28.3823,2545,1
8,152,544907,516738,841,4,23,0.009847,11.0915,1907,-1,ok,1,1,1,10.2771,841,1
8,153,596621,550078,3073,12,33,0.008396,38.9258,0,1,length_cap,0,1,1,36.9126,3073,1
8,154,457377,679268,965,6,10,0.005931,11.8118,1877,-1,ok,1,1,1,10.9193,965,1
8,155,888007,738901,148,2,5,0.003356,1.3046,399,-1,ok,1,1,1,1.16226,148,1
8,156,557446,245356,1550,8,11,0.003367,16.0798,3196,-1,ok,1,1,1,15.0563,1550,1
8,157,269058,233403,285,2,3,0.003106,2.01249,710,-1,ok,1,1,1,1.65175,285,1
8,158,561143,482354,629,3,8,0.002955,10.9398,2328,-1,ok,1,1,1,10.2214,629,1
8,159,476616,512534,204,2,4,0.002946,2.51175,166,-1,ok,1,1,1,2.41756,204,1
8,160,651112,289929,1373,6,16,0.004999,21.0515,2742,-1,ok,1,1,1,20.1194,1373,1
8,161,728484,372110,264,2,3,0.004157,1.24731,740,-1,ok,1,1,1,0.851179,264,1
8,162,569402,643340,2200,10,19,0.00536,23.7833,4339,-1,ok,1,1,1,22.2801,2200,1
8,163,148333,409238,245,2,4,0.00512,0.784676,192,-1,ok,1,1,1,0.644136,245,1
8,164,464750,373454,1640,8,16,0.00549,22.2518,3349,-1,ok,1,1,1,20.9444,1640,1
8,165,355695,858397,800,4,16,0.007854,7.5272,1744,-1,ok,1,1,1,6.79105,800,1
8,166,671610,490121,1975,9,31,0.008335,34.525,3757,-1,ok,1,1,1,33.2631,1975,1
8,167,620032,817899,1017,5,9,0.006381,12.1083,1432,-1,ok,1,1,1,11.3997,1017,1
8,168,475138,561483,915,5,10,0.003956,11.6974,1655,-1,ok,1,1,1,11.1077,915,1
8,169,677523,564943,2418,10,33,0.008867,40.7643,4347,-1,ok,1,1,1,39.0683,2418,1
8,170,547139,894242,1009,5,7,0.0049,8.46452,1489,-1,ok,1,1,1,7.71769,1009,1
8,171,513656,703356,1488,7,28,0.008025,27.3347,3178,-1,ok,1,1,1,26.0755,1488,1
8,172,561653,646343,1780,9,19,0.008216,24.9855,3712,-1,ok,1,1,1,23.4853,1780,1
8,173,452860,580211,2703,11,29,0.011533,35.3468,0,1,length_cap,0,1,1,33.2101,2703,1
8,174,457346,589806,992,6,10,0.005261,13.248,1877,-1,ok,1,1,1,12.3473,992,1
8,175,125970,564306,414,2,5,0.004118,3.31349,411,-1,ok,1,1,1,3.05071,414,1
8,176,432903,536123,1450,6,24,0.005941,21.9627,4001,-1,ok,1,1,1,20.7034,1450,1
8,177,586708,335970,692,3,14,0.006963,9.64499,2100,-1,ok,1,1,1,8.88033,692,1
8,178,127595,700137,422,2,8,0.003706,4.09903,788,-1,ok,1,1,1,3.77099,422,1
8,179,538665,123021,1064,3,16,0.004828,14.5798,2120,-1,ok,1,1,1,13.7992,1064,1
8,180,352712,882018,430,3,11,0.005239,3.42852,1184,-1,ok,1,1,1,2.96366,430,1
8,181,570105,642882,409,4,10,0.004078,3.90983,865,-1,ok,1,1,1,3.59579,409,1
8,182,236454,64964,158,1,0,0.000531,1.41743,1,-1,ok,1,1,1,1.40705,158,1
8,183,547182,801522,1262,6,9,0.002906,12.57,2059,-1,ok,1,1,1,11.7655,1262,1
8,184,684920,553657,177,2,5,0.002815,1.7714,1698,-1,ok,1,1,1,1.18583,177,1
8,185,552875,351270,1255,7,11,0.003647,13.7376,2569,-1,ok,1,1,1,12.9808,1255,1
8,186,492765,584268,2039,10,33,0.008035,37.435,4347,-1,ok,1,1,1,35.9836,2039,1
8,187,155792,743182,560,2,5,0.005279,4.60962,411,-1,ok,1,1,1,4.27038,560,1
8,188,433249,556063,1470,7,23,0.007013,25.7992,2441,-1,ok,1,1,1,24.7027,1470,1
8,189,675909,548947,322,1,0,0.000741,1.29004,1,-1,ok,1,1,1,1.27289,322,1
8,190,801727,652069,1904,7,23,0.007063,32.9663,4538,-1,ok,1,1,1,31.1226,1904,1
8,191,424436,194685,1235,6,11,0.00572,17.1169,2394,-1,ok,1,1,1,16.008,1235,1
8,192,568596,520838,78,2,2,0.002656,0.966704,619,-1,ok,1,1,1,0.68409,78,1
8,193,537052,487130,2582,10,31,0.007935,32.6605,0,1,length_cap,0,1,1,30.7763,2582,1
8,194,287117,597610,1357,7,31,0.012002,24.0089,2615,-1,ok,1,1,1,22.7973,1357,1
8,195,734217,369103,902,3,8,0.007234,17.532,1120,-1,ok,1,1,1,16.9213,902,1
8,196,609326,594424,18,1,0,0.000681,0.057847,1,-1,ok,1,1,1,0.051735,18,1
8,197,555356,373478,150,2,6,0.004439,0.660566,411,-1,ok,1,1,1,0.45247,150,1
8,198,538782,596393,2887,12,33,0.007173,41.078,0,1,length_cap,0,1,1,39.0676,2887,1
8,199,853804,764242,234,1,0,0.000902,1.25684,1,-1,ok,1,1,1,1.23888,234,1
8,200,546144,731449,1563,5,24,0.007122,22.6795,3616,-1,ok,1,1,1,21.1596,1563,1
8,201,546580,470520,70,1,0,0.000871,0.272766,1,-1,ok,1,1,1,0.263349,70,1
8,202,587180,610058,2820,11,29,0.008967,34.4722,0,1,length_cap,0,1,1,32.3403,2820,1
8,203,554148,555672,34,1,0,0.001153,0.076783,1,-1,ok,1,1,1,0.068628,34,1
8,204,618603,576023,2630,11,23,0.006983,32.7086,0,1,length_cap,0,1,1,30.4927,2630,1
8,205,111185,663982,1131,4,18,0.009068,18.5672,2841,-1,ok,1,1,1,17.3714,1131,1
8,206,558415,519079,908,4,15,0.007043,9.87838,2196,-1,ok,1,1,1,9.10492,908,1
8,207,273703,668225,1512,6,28,0.007544,23.5306,3087,-1,ok,1,1,1,22.597,1512,1
8,208,342313,675920,1135,4,18,0.007424,20.1399,2841,-1,ok,1,1,1,19.0061,1135,1
8,209,455838,475237,29,1,0,0.000651,0.124441,1,-1,ok,1,1,1,0.117047,29,1
8,210,407548,553070,2852,11,33,0.008226,41.1813,0,1,length_cap,0,1,1,39.0451,2852,1
8,211,504813,914851,324,2,2,0.004128,2.41201,397,-1,ok,1,1,1,2.02614,324,1
8,212,547561,230431,1222,4,18,0.00583,18.7142,2829,-1,ok,1,1,1,17.6219,1222,1
8,213,466238,312299,1571,8,16,0.006911,22.0577,3349,-1,ok,1,1,1,20.675,1571,1
8,214,234897,536226,1213,6,20,0.008816,21.3845,2450,-1,ok,1,1,1,20.278,1213,1
8,215,580756,561650,1750,9,32,0.009156,31.7104,3734,-1,ok,1,1,1,30.1986,1750,1
8,216,744886,554466,1138,7,23,0.010019,16.0871,2441,-1,ok,1,1,1,15.0195,1138,1
8,217,864144,644857,1147,5,19,0.006592,19.2406,2281,-1,ok,1,1,1,18.2818,1147,1
8,218,155929,549165,1194,4,18,0.007685,18.92,2841,-1,ok,1,1,1,17.7454,1194,1
8,219,734340,664355,1063,5,23,0.007274,15.3218,2616,-1,ok,1,1,1,14.2961,1063,1
8,220,483567,570424,1455,5,24,0.007353,20.8916,3616,-1,ok,1,1,1,19.6504,1455,1
8,221,639206,652049,2073,8,23,0.007343,32.4458,4849,-1,ok,1,1,1,30.6599,2073,1
8,222,93334,537056,1452,4,18,0.008596,20.856,2841,-1,ok,1,1,1,19.5764,1452,1
8,223,603581,431982,437,3,5,0.00499,3.90319,364,-1,ok,1,1,1,3.63445,437,1
8,224,439095,658592,1491,7,28,0.007304,27.1721,3178,-1,ok,1,1,1,25.8737,1491,1
8,225,814923,899971,128,1,0,0.000701,0.919296,1,-1,ok,1,1,1,0.908116,128,1
8,226,498998,590659,2587,10,29,0.008447,35.473,0,1,length_cap,0,1,1,33.3612,2587,1
8,227,559098,530053,2275,10,19,0.008305,24.0879,4339,-1,ok,1,1,1,22.3421,2275,1
8,228,549050,87356,1368,4,18,0.008847,19.7471,2829,-1,ok,1,1,1,18.575,1368,1
8,229,507967,791931,2780,14,33,0.01084,41.6432,0,1,length_cap,0,1,1,39.4288,2780,1
8,230,403304,932996,1476,6,27,0.01065,23.7424,2863,-1,ok,1,1,1,22.4679,1476,1
8,231,779288,400102,1980,7,26,0.009167,34.7513,4375,-1,ok,1,1,1,33.019,1980,1
8,232,115537,717680,835,3,14,0.007725,10.5014,2108,-1,ok,1,1,1,9.57097,835,1
8,233,625715,531035,2478,10,29,0.007715,35.5933,0,1,length_cap,0,1,1,33.9335,2478,1
8,234,12779,392632,1393,4,18,0.009127,19.2074,2841,-1,ok,1,1,1,17.9094,1393,1
8,235,491073,550893,600,3,8,0.005149,8.42576,2328,-1,ok,1,1,1,7.6523,600,1
8,236,544640,612058,608,2,8,0.003577,6.37637,1710,-1,ok,1,1,1,6.02115,608,1
8,237,349394,221491,1219,5,18,0.00557,14.5534,3219,-1,ok,1,1,1,13.8512,1219,1
8,238,643343,800035,1098,5,25,0.007934,17.9334,2303,-1,ok,1,1,1,17.1194,1098,1
8,239,466292,494384,1056,6,10,0.004949,13.2145,1877,-1,ok,1,1,1,12.3899,1056,1
8,240,263294,711941,727,3,10,0.004769,9.4038,1144,-1,ok,1,1,1,8.85991,727,1
8,241,540708,407534,2386,9,23,0.006512,33.5127,0,1,length_cap,0,1,1,31.8131,2386,1
8,242,407548,728111,217,1,0,0.001111,0.31815,1,-1,ok,1,1,1,0.293004,217,1
8,243,495501,485664,2437,10,31,0.009026,34.3808,0,1,length_cap,0,1,1,32.3314,2437,1
8,244,720906,179696,594,3,8,0.007473,8.34177,1120,-1,ok,1,1,1,7.75566,594,1
8,245,650350,482575,2675,11,30,0.007564,31.8246,0,1,length_cap,0,1,1,29.9364,2675,1
8,246,638652,817933,1535,6,25,0.009779,25.3197,4012,-1,ok,1,1,1,23.7439,1535,1
8,247,548934,567346,842,3,11,0.005451,10.9933,1799,-1,ok,1,1,1,10.2331,842,1
8,248,573392,445311,937,5,14,0.007503,12.9833,1663,-1,ok,1,1,1,12.2062,937,1
8,249,791829,669974,699,6,11,0.004038,5.05734,2250,-1,ok,1,1,1,4.23047,699,1
8,250,181289,193174,55,1,0,0.000571,0.135271,1,-1,ok,1,1,1,0.128429,55,1
8,251,734304,877601,1239,5,25,0.005922,20.1629,2303,-1,ok,1,1,1,19.3119,1239,1
8,252,541771,272040,815,4,16,0.006672,11.524,2738,-1,ok,1,1,1,10.5804,815,1
8,253,555426,520840,632,3,5,0.003067,8.29767,2107,-1,ok,1,1,1,7.67001,632,1
8,254,554148,468913,1653,8,19,0.00578,24.8414,3537,-1,ok,1,1,1,23.5969,1653,1
8,255,407897,554527,1448,7,23,0.009557,25.0527,2441,-1,ok,1,1,1,23.9124,1448,1
8,256,476137,886494,1697,6,25,0.009458,27.0315,4012,-1,ok,1,1,1,25.5142,1697,1
8,257,647690,523082,2414,9,32,0.011121,43.6666,3734,-1,ok,1,1,1,41.9163,2414,1
8,258,841766,458240,1678,6,23,0.009939,32.5148,3978,-1,ok,1,1,1,30.8265,1678,1
8,259,462910,637233,417,1,0,0.001192,5.03641,1,-1,ok,1,1,1,4.97869,417,1
8,260,536976,551877,19,1,0,0.000541,0.068137,1,-1,ok,1,1,1,0.062515,19,1
8,261,42610,554524,1736,8,33,0.009488,29.6216,3228,-1,ok,1,1,1,28.0924,1736,1
8,262,613794,229015,1113,6,11,0.006131,17.3825,2394,-1,ok,1,1,1,16.3483,1113,1
8,263,786608,624950,1914,7,29,0.010009,33.3784,4067,-1,ok,1,1,1,31.788,1914,1
8,264,412226,542166,1648,8,30,0.011009,32.0222,3344,-1,ok,1,1,1,30.3426,1648,1
8,265,578007,584682,2557,10,29,0.011081,36.3486,0,1,length_cap,0,1,1,34.2266,2557,1
8,266,129099,357177,198,1,0,0.001082,1.44699,1,-1,ok,1,1,1,1.42096,198,1
8,267,670451,218543,1088,6,11,0.005451,15.7423,2394,-1,ok,1,1,1,14.7185,1088,1
8,268,636901,562811,880,3,11,0.00524,11.4475,1799,-1,ok,1,1,1,10.7128,880,1
8,269,161898,720900,750,3,10,0.0055,12.1781,1144,-1,ok,1,1,1,11.6024,750,1
8,270,536127,726744,1037,4,16,0.007584,13.9548,1883,-1,ok,1,1,1,13.182,1037,1
8,271,182733,659592,907,3,10,0.00509,15.3735,1144,-1,ok,1,1,1,14.7818,907,1
8,272,557521,334467,2898,12,28,0.009037,34.3685,0,1,length_cap,0,1,1,32.3157,2898,1
8,273,550876,844900,1310,5,25,0.01044,20.6467,2303,-1,ok,1,1,1,19.5847,1310,1
8,274,442000,527458,1850,9,32,0.011411,31.0081,3734,-1,ok,1,1,1,29.5199,1850,1
8,275,163378,695363,985,3,10,0.006021,17.7872,1144,-1,ok,1,1,1,17.0559,985,1
8,276,469207,449288,2393,10,23,0.008555,32.7113,0,1,length_cap,0,1,1,30.6193,2393,1
8,277,621533,503471,384,2,2,0.003767,2.58027,176,-1,ok,1,1,1,2.4247,384,1
8,278,584186,780781,627,5,9,0.003015,7.89417,1432,-1,ok,1,1,1,7.35028,627,1
8,279,537110,215501,1213,4,18,0.005991,18.35,2829,-1,ok,1,1,1,17.2936,1213,1
8,280,552659,521369,42,1,0,0.000821,0.2313,1,-1,ok,1,1,1,0.222342,42,1
8,281,470354,521484,1808,9,32,0.009178,31.2184,3734,-1,ok,1,1,1,29.6556,1808,1
8,282,779294,490035,423,4,7,0.005,3.175,1267,-1,ok,1,1,1,2.58479,423,1
8,283,856695,383684,1735,6,23,0.0055,30.479,3978,-1,ok,1,1,1,29.0069,1735,1
8,284,856911,565634,2043,8,25,0.009619,32.9551,0,1,length_cap,0,1,1,31.0936,2043,1
8,285,226029,617772,1109,4,18,0.007764,18.9323,2841,-1,ok,1,1,1,17.7438,1109,1
8,286,273528,498716,214,2,5,0.004298,1.15054,411,-1,ok,1,1,1,0.923204,214,1
8,287,585019,659525,120,2,2,0.001483,0.755093,619,-1,ok,1,1,1,0.508985,120,1
8,288,714688,746144,256,2,8,0.002595,1.87441,1710,-1,ok,1,1,1,1.40045,256,1
8,289,487154,401935,1115,6,10,0.003156,13.0794,1877,-1,ok,1,1,1,12.4056,1115,1
8,290,558487,858169,252,2,2,0.002053,1.43181,397,-1,ok,1,1,1,1.22666,252,1
8,291,574271,660088,2395,9,28,0.006502,29.3536,4976,-1,ok,1,1,1,27.7415,2395,1
8,292,41143,546444,721,3,10,0.0053,8.3471,1144,-1,ok,1,1,1,7.72737,721,1
8,293,760001,646214,1715,7,19,0.005951,30.1385,3152,-1,ok,1,1,1,28.9735,1715,1
8,294,185761,377965,506,2,6,0.004489,6.76464,734,-1,ok,1,1,1,6.3537,506,1
8,295,604576,736790,940,5,22,0.006281,12.2392,1963,-1,ok,1,1,1,11.4378,940,1
8,296,604356,279676,1122,4,18,0.00542,17.4095,2829,-1,ok,1,1,1,16.4774,1122,1
8,297,467430,178127,281,2,6,0.00481,1.77375,411,-1,ok,1,1,1,1.54305,281,1
8,298,473402,701873,1457,7,28,0.006232,23.7882,3178,-1,ok,1,1,1,22.6703,1457,1
8,299,546168,470167,91,1,0,0.000601,0.569047,1,-1,ok,1,1,1,0.559549,91,1
10,0,515417,637366,1801,3,5,0.003195,25.8626,0,1,length_cap,0,1,1,24.0053,1801,1
10,1,221578,683609,709,1,0,0.000841,7.00195,1,-1,ok,1,1,1,6.93076,709,1
10,2,566063,455879,224,2,3,0.003236,2.39381,189,-1,ok,1,1,1,2.25261,224,1
10,3,364509,251282,377,1,0,0.000561,2.6502,1,-1,ok,1,1,1,2.61849,377,1
10,4,713214,541596,268,1,0,0.00061,2.31339,1,-1,ok,1,1,1,2.28947,268,1
10,5,708892,372109,865,1,0,0.000521,14.2038,1,-1,ok,1,1,1,14.1231,865,1
10,6,549730,910635,485,3,3,0.002435,5.55974,561,-1,ok,1,1,1,5.24979,485,1
10,7,428575,333335,686,1,0,0.0005,7.15136,1,-1,ok,1,1,1,7.09401,686,1
10,8,103741,529812,1209,1,0,0.000601,17.0252,1,-1,ok,1,1,1,16.7549,1209,1
10,9,504438,99296,1284,1,0,0.000922,18.4295,1,-1,ok,1,1,1,18.3053,1284,1
10,10,503002,473385,659,1,0,0.000572,8.18436,1,-1,ok,1,1,1,8.12894,659,1
10,11,594375,693937,1954,3,5,0.003076,30.4961,0,1,length_cap,0,1,1,28.3826,1954,1
10,12,184179,575147,1336,4,5,0.003767,24.0595,0,1,length_cap,0,1,1,22.1508,1336,1
10,13,84373,731343,822,1,0,0.000891,12.0314,1,-1,ok,1,1,1,11.9319,822,1
10,14,533139,449475,806,1,0,0.000671,9.06413,1,-1,ok,1,1,1,8.99032,806,1
10,15,800775,353868,725,1,0,0.000521,3.18552,1,-1,ok,1,1,1,3.10448,725,1
10,16,580536,834346,1638,1,0,0.000531,23.6559,1,-1,ok,1,1,1,23.4622,1638,1
10,17,705977,179642,451,1,0,0.000681,5.80826,1,-1,ok,1,1,1,5.7559,451,1
10,18,591189,502974,573,1,0,0.000591,6.05023,1,-1,ok,1,1,1,6.0021,573,1
10,19,696806,606078,410,1,0,0.000661,4.27834,1,-1,ok,1,1,1,4.24859,410,1
10,20,649644,351270,898,2,3,0.003005,14.2076,0,1,length_cap,0,1,1,12.5269,898,1
10,21,364679,647787,786,1,0,0.000761,10.6886,1,-1,ok,1,1,1,10.5879,786,1
10,22,236480,558798,1348,4,5,0.003156,23.288,0,1,length_cap,0,1,1,21.4825,1348,1
10,23,429002,590281,593,3,4,0.003426,6.19529,388,-1,ok,1,1,1,5.91704,593,1
10,24,732327,437963,2826,4,4,0.002103,32.603,0,1,length_cap,0,1,1,30.7107,2826,1
10,25,695045,573533,2638,3,3,0.002806,32.6663,0,1,length_cap,0,1,1,30.4975,2638,1
10,26,653917,554134,819,3,3,0.003376,12.1309,0,1,length_cap,0,1,1,10.339,819,1
10,27,591152,758487,1441,2,2,0.001923,25.4994,0,1,length_cap,0,1,1,24.3095,1441,1
10,28,530231,797885,2838,3,5,0.004067,40.4901,0,1,length_cap,0,1,1,38.3295,2838,1
10,29,461730,614781,2269,3,5,0.004038,33.8786,0,1,length_cap,0,1,1,31.7657,2269,1
10,30,444980,608103,2053,4,5,0.003898,35.444,0,1,length_cap,0,1,1,33.3206,2053,1
10,31,625582,540051,1625,1,0,0.001251,27.0398,1,-1,ok,1,1,1,26.8145,1625,1
10,32,525321,196202,1187,1,0,0.001191,16.824,1,-1,ok,1,1,1,16.7147,1187,1
10,33,478182,565842,1838,4,5,0.003357,26.1878,0,1,length_cap,0,1,1,24.1366,1838,1
10,34,537719,542421,274,2,4,0.003206,2.00455,166,-1,ok,1,1,1,1.87716,274,1
10,35,606091,561377,46,1,0,0.000501,0.206643,1,-1,ok,1,1,1,0.200983,46,1
10,36,540484,237922,578,1,0,0.000502,6.72829,1,-1,ok,1,1,1,6.6775,578,1
10,37,916340,481104,632,3,3,0.001913,9.4748,0,1,length_cap,0,1,1,7.83689,632,1
10,38,547698,473617,2323,3,3,0.002123,33.6095,0,1,length_cap,0,1,1,32.0021,2323,1
10,39,503531,560189,206,3,4,0.003487,2.14236,388,-1,ok,1,1,1,1.90134,206,1
10,40,528285,633179,2234,3,3,0.001662,30.7032,0,1,length_cap,0,1,1,28.8755,2234,1
10,41,528291,124629,1240,1,0,0.000791,17.3934,1,-1,ok,1,1,1,17.2754,1240,1
10,42,218360,732318,1260,1,0,0.00055,14.1436,1,-1,ok,1,1,1,13.9954,1260,1
10,43,673429,646337,1726,3,5,0.002926,25.2035,0,1,length_cap,0,1,1,23.2669,1726,1
10,44,677903,545932,2495,3,5,0.003827,35.1383,0,1,length_cap,0,1,1,33.0702,2495,1
10,45,599861,473157,116,1,0,0.001172,1.09728,1,-1,ok,1,1,1,1.08092,116,1
10,46,771679,448047,942,1,0,0.00051,11.4238,1,-1,ok,1,1,1,11.2971,942,1
10,47,613652,373259,1541,1,0,0.000631,25.5473,1,-1,ok,1,1,1,25.3243,1541,1
10,48,559115,582478,645,2,2,0.002755,4.0253,176,-1,ok,1,1,1,3.85922,645,1
10,49,138045,605112,1531,4,5,0.002695,27.877,0,1,length_cap,0,1,1,26.037,1531,1
10,50,715274,544491,2277,2,3,0.003307,33.9342,0,1,length_cap,0,1,1,32.0095,2277,1
10,51,118518,621231,1297,3,3,0.003035,23.1825,0,1,length_cap,0,1,1,21.3674,1297,1
10,52,560125,876072,607,3,5,0.003717,8.54095,0,1,length_cap,0,1,1,6.84596,607,1
10,53,457330,549752,200,3,4,0.002615,1.79448,388,-1,ok,1,1,1,1.65883,200,1
10,54,185650,870115,627,1,0,0.000802,5.41532,1,-1,ok,1,1,1,5.34494,627,1
10,55,519871,693835,2142,3,5,0.002314,31.8566,0,1,length_cap,0,1,1,30.4497,2142,1
10,56,140914,484062,1346,3,3,0.003486,23.2095,0,1,length_cap,0,1,1,21.4001,1346,1
10,57,630216,170691,1277,3,5,0.004047,20.7166,0,1,length_cap,0,1,1,18.874,1277,1
10,58,686374,577768,450,1,0,0.000842,6.05199,1,-1,ok,1,1,1,6.01511,450,1
10,59,625714,607337,2167,3,5,0.003416,33.201,0,1,length_cap,0,1,1,31.158,2167,1
10,60,160386,877813,1001,2,2,0.002744,12.7631,0,1,length_cap,0,1,1,11.04,1001,1
10,61,557207,713255,2128,4,5,0.002976,31.1662,0,1,length_cap,0,1,1,29.4855,2128,1
10,62,689095,577712,931,1,0,0.001053,10.4812,1,-1,ok,1,1,1,10.4001,931,1
10,63,118518,543922,1546,4,5,0.003357,25.6494,0,1,length_cap,0,1,1,23.6927,1546,1
10,64,743230,714700,454,1,0,0.000931,2.814,1,-1,ok,1,1,1,2.77754,454,1
10,65,451281,500222,1729,3,5,0.003135,24.2476,0,1,length_cap,0,1,1,22.3771,1729,1
10,66,87326,638815,783,1,0,0.000892,10.3483,1,-1,ok,1,1,1,10.239,783,1
10,67,873089,178288,543,1,0,0.001191,4.70116,1,-1,ok,1,1,1,4.63417,543,1
10,68,540231,698411,324,1,0,0.000531,4.95899,1,-1,ok,1,1,1,4.92819,324,1
10,69,608054,502046,428,3,4,0.002675,4.63006,364,-1,ok,1,1,1,4.36487,428,1
10,70,551981,134941,1142,1,0,0.000461,14.6797,1,-1,ok,1,1,1,14.5774,1142,1
10,71,463217,908917,606,3,5,0.003146,9.30519,0,1,length_cap,0,1,1,7.55144,606,1
10,72,633916,540912,2768,4,5,0.002755,32.4789,0,1,length_cap,0,1,1,30.7483,2768,1
10,73,797852,552425,1119,1,0,0.000883,11.0465,1,-1,ok,1,1,1,10.9278,1119,1
10,74,746160,847884,1478,1,0,0.001163,22.5502,1,-1,ok,1,1,1,22.3911,1478,1
10,75,759766,548195,703,3,3,0.002976,8.58121,0,1,length_cap,0,1,1,6.88996,703,1
10,76,413741,394099,778,1,0,0.000672,10.8353,1,-1,ok,1,1,1,10.754,778,1
10,77,913394,471896,1104,1,0,0.000592,19.3651,1,-1,ok,1,1,1,19.2365,1104,1
10,78,652297,501706,101,1,0,0.000621,0.13526,1,-1,ok,1,1,1,0.125813,101,1
10,79,528306,440834,2348,3,3,0.002315,32.1759,0,1,length_cap,0,1,1,30.2517,2348,1
10,80,579216,344905,687,1,0,0.000762,10.4113,1,-1,ok,1,1,1,10.345,687,1
10,81,291425,565940,613,1,0,0.000984,8.52904,1,-1,ok,1,1,1,8.47016,613,1
10,82,560203,166249,1334,4,5,0.002755,20.2692,0,1,length_cap,0,1,1,18.4206,1334,1
10,83,725367,601383,506,1,0,0.000611,5.69034,1,-1,ok,1,1,1,5.64998,506,1
10,84,690950,626446,632,1,0,0.000521,4.51126,1,-1,ok,1,1,1,4.46812,632,1
10,85,885107,623720,1723,1,0,0.00048,30.6549,1,-1,ok,1,1,1,30.3935,1723,1
10,86,452862,582210,1864,4,5,0.003577,24.8459,0,1,length_cap,0,1,1,22.9085,1864,1
10,87,643668,475109,189,2,2,0.002905,2.00471,392,-1,ok,1,1,1,1.76418,189,1
10,88,72436,674500,1030,1,0,0.000511,15.0696,1,-1,ok,1,1,1,14.9549,1030,1
10,89,868641,853704,37,1,0,0.000532,0.099254,1,-1,ok,1,1,1,0.092322,37,1
10,90,644709,548157,2038,3,3,0.014116,32.7626,0,1,length_cap,0,1,1,30.8962,2038,1
10,91,582005,373594,1217,1,0,0.000611,19.8209,1,-1,ok,1,1,1,19.6757,1217,1
10,92,677416,621320,2042,2,2,0.002275,29.9868,0,1,length_cap,0,1,1,28.0751,2042,1
10,93,705859,580720,219,1,0,0.000782,1.0228,1,-1,ok,1,1,1,1.00083,219,1
10,94,431412,580719,607,1,0,0.000551,7.59329,1,-1,ok,1,1,1,7.53599,607,1
10,95,437348,552419,661,1,0,0.000631,7.20986,1,-1,ok,1,1,1,7.15039,661,1
10,96,758271,503460,743,3,3,0.003266,10.5153,0,1,length_cap,0,1,1,8.82641,743,1
10,97,868701,479347,1176,1,0,0.00057,20.1151,1,-1,ok,1,1,1,19.9652,1176,1
10,98,562097,501182,3169,4,5,0.003577,34.5653,0,1,length_cap,0,1,1,32.3226,3169,1
10,99,278199,257290,49,1,0,0.000912,0.251868,1,-1,ok,1,1,1,0.24295,49,1
10,100,570049,534288,47,1,0,0.000481,0.229185,1,-1,ok,1,1,1,0.224436,47,1
10,101,541954,728137,425,1,0,0.000512,4.54159,1,-1,ok,1,1,1,4.50286,425,1
10,102,215378,85837,389,1,0,0.000531,2.12083,1,-1,ok,1,1,1,2.0942,389,1
10,103,589928,544726,2226,3,5,0.003156,33.164,0,1,length_cap,0,1,1,31.0664,2226,1
10,104,541522,549453,805,1,0,0.000762,9.88085,1,-1,ok,1,1,1,9.8226,805,1
10,105,502684,483770,978,1,0,0.000521,9.74036,1,-1,ok,1,1,1,9.67009,978,1
10,106,185739,464682,1225,3,3,0.002595,22.5611,0,1,length_cap,0,1,1,20.7274,1225,1
10,107,564997,595611,2276,4,5,0.003316,24.1923,0,1,length_cap,0,1,1,22.3371,2276,1
10,108,589155,636201,2476,2,2,0.002163,28.9049,0,1,length_cap,0,1,1,27.0672,2476,1
10,109,531285,901687,2128,2,2,0.002976,31.4469,0,1,length_cap,0,1,1,29.5094,2128,1
10,110,732706,576220,224,1,0,0.000932,1.35903,1,-1,ok,1,1,1,1.33685,224,1
10,111,109733,638731,1000,1,0,0.000561,14.681,1,-1,ok,1,1,1,14.5612,1000,1
10,112,662568,191645,835,1,0,0.000761,15.788,1,-1,ok,1,1,1,15.7092,835,1
10,113,374965,759941,1238,1,0,0.000571,17.9558,1,-1,ok,1,1,1,17.8154,1238,1
10,114,719164,27693,1169,1,0,0.000832,16.8499,1,-1,ok,1,1,1,16.7325,1169,1
10,115,752294,934231,163,1,0,0.000712,0.753068,1,-1,ok,1,1,1,0.739283,163,1
10,116,655535,844782,573,3,5,0.003225,8.39788,0,1,length_cap,0,1,1,6.62906,573,1
10,117,474798,607811,1695,3,3,0.002786,30.3661,0,1,length_cap,0,1,1,28.7462,1695,1
10,118,913321,352359,1830,1,0,0.001313,30.5892,1,-1,ok,1,1,1,30.3023,1830,1
10,119,458475,638815,192,1,0,0.000852,1.5636,1,-1,ok,1,1,1,1.54403,192,1
10,120,185587,899904,797,1,0,0.000512,13.092,1,-1,ok,1,1,1,13.0046,797,1
10,121,660993,722496,1439,1,0,0.000591,19.1983,1,-1,ok,1,1,1,19.053,1439,1
10,122,587664,590978,396,1,0,0.000581,2.42045,1,-1,ok,1,1,1,2.38999,396,1
10,123,227425,627948,1391,1,0,0.000521,19.6828,1,-1,ok,1,1,1,19.4844,1391,1
10,124,404568,507174,380,1,0,0.000752,1.9186,1,-1,ok,1,1,1,1.88652,380,1
10,125,234885,555140,1077,1,0,0.000501,17.6437,1,-1,ok,1,1,1,17.5229,1077,1
10,126,379198,738927,1657,1,0,0.000621,22.1507,1,-1,ok,1,1,1,21.9501,1657,1
10,127,516377,549670,2291,3,3,0.003317,31.3316,0,1,length_cap,0,1,1,29.3081,2291,1
10,128,346621,479141,772,1,0,0.000762,9.58467,1,-1,ok,1,1,1,9.50559,772,1
10,129,380939,508659,970,1,0,0.000531,9.98243,1,-1,ok,1,1,1,9.88147,970,1
10,130,549667,582479,32,1,0,0.000591,0.169675,1,-1,ok,1,1,1,0.163183,32,1
10,131,231944,556389,1377,1,0,0.000491,20.1213,1,-1,ok,1,1,1,19.9488,1377,1
10,132,444980,143997,639,1,0,0.00054,5.81006,1,-1,ok,1,1,1,5.75618,639,1
10,133,553121,561095,2824,4,5,0.003217,32.8128,0,1,length_cap,0,1,1,30.704,2824,1
10,134,557186,599599,2595,4,5,0.003647,35.2599,0,1,length_cap,0,1,1,33.1367,2595,1
10,135,752223,476482,939,1,0,0.000842,10.547,1,-1,ok,1,1,1,10.4553,939,1
10,136,668229,470670,2659,3,3,0.002565,30.4331,0,1,length_cap,0,1,1,28.495,2659,1
10,137,328875,564452,195,1,0,0.001133,0.551514,1,-1,ok,1,1,1,0.531898,195,1
10,138,642157,729840,1731,2,3,0.003216,25.4235,0,1,length_cap,0,1,1,23.5341,1731,1
10,139,90305,752572,987,2,2,0.002836,10.8967,0,1,length_cap,0,1,1,9.20964,987,1
10,140,540469,868590,1095,1,0,0.000542,16.2051,1,-1,ok,1,1,1,16.0958,1095,1
10,141,554237,542468,341,1,0,0.00062,2.39316,1,-1,ok,1,1,1,2.36752,341,1
10,142,552875,544670,2521,4,5,0.002925,32.4155,0,1,length_cap,0,1,1,30.3957,2521,1
10,143,489779,135045,582,1,0,0.000871,5.97695,1,-1,ok,1,1,1,5.92656,582,1
10,144,684986,321427,899,1,0,0.000611,15.0295,1,-1,ok,1,1,1,14.9468,899,1
10,145,551199,39629,1264,3,5,0.003056,19.4937,0,1,length_cap,0,1,1,17.66,1264,1
10,146,161784,518507,1403,4,5,0.002816,22.813,0,1,length_cap,0,1,1,21.1787,1403,1
10,147,916310,555655,611,3,3,0.002595,7.38052,0,1,length_cap,0,1,1,5.81744,611,1
10,148,358724,558670,1036,4,5,0.002224,16.0863,0,1,length_cap,0,1,1,15.4113,1036,1
10,149,491303,659590,417,1,0,0.000672,4.83619,1,-1,ok,1,1,1,4.79329,417,1
10,150,551910,879052,1906,1,0,0.000561,23.3143,1,-1,ok,1,1,1,23.0981,1906,1
10,151,548928,513895,2545,3,3,0.002995,30.0878,0,1,length_cap,0,1,1,28.1119,2545,1
10,152,544907,516738,841,1,0,0.001022,10.2297,1,-1,ok,1,1,1,10.1527,841,1
10,153,596621,550078,3073,4,5,0.003155,38.7998,0,1,length_cap,0,1,1,36.6321,3073,1
10,154,457377,679268,965,4,5,0.004007,13.2288,0,1,length_cap,0,1,1,11.3948,965,1
10,155,888007,738901,148,1,0,0.000721,1.24156,1,-1,ok,1,1,1,1.22601,148,1
10,156,557446,245356,1550,4,5,0.002324,16.3749,0,1,length_cap,0,1,1,15.1953,1550,1
10,157,269058,233403,285,1,0,0.000541,1.73503,1,-1,ok,1,1,1,1.70928,285,1
10,158,561143,482354,629,1,0,0.000501,10.079,1,-1,ok,1,1,1,10.0245,629,1
10,159,476616,512534,204,2,4,0.003376,2.5069,166,-1,ok,1,1,1,2.38974,204,1
10,160,651112,289929,1373,2,3,0.001913,21.5851,0,1,length_cap,0,1,1,19.9323,1373,1
10,161,728484,372110,264,1,0,0.001132,0.932821,1,-1,ok,1,1,1,0.898178,264,1
10,162,569402,643340,2200,4,5,0.002775,23.86,0,1,length_cap,0,1,1,21.9962,2200,1
10,163,148333,409238,245,1,0,0.000842,0.675955,1,-1,ok,1,1,1,0.650257,245,1
10,164,464750,373454,1640,4,5,0.002796,22.7696,0,1,length_cap,0,1,1,20.8127,1640,1
10,165,355695,858397,800,2,2,0.002456,9.30853,0,1,length_cap,0,1,1,7.62315,800,1
10,166,671610,490121,1975,4,4,0.002666,34.6826,0,1,length_cap,0,1,1,33.6154,1975,1
10,167,620032,817899,1017,4,5,0.004007,13.7305,0,1,length_cap,0,1,1,11.9535,1017,1
10,168,475138,561483,915,3,5,0.003698,12.8132,0,1,length_cap,0,1,1,11.2832,915,1
10,169,677523,564943,2418,4,5,0.002765,40.6908,0,1,length_cap,0,1,1,39.0293,2418,1
10,170,547139,894242,1009,3,3,0.002855,7.76736,561,-1,ok,1,1,1,7.37173,1009,1
10,171,513656,703356,1488,2,2,0.001492,27.0749,0,1,length_cap,0,1,1,25.4087,1488,1
10,172,561653,646343,1780,4,5,0.002975,24.2821,0,1,length_cap,0,1,1,22.4162,1780,1
10,173,452860,580211,2703,4,5,0.003216,36.7298,0,1,length_cap,0,1,1,34.5134,2703,1
10,174,457346,589806,992,4,5,0.004238,14.2631,0,1,length_cap,0,1,1,12.3714,992,1
10,175,125970,564306,414,1,0,0.000892,3.26671,1,-1,ok,1,1,1,3.21908,414,1
10,176,432903,536123,1450,1,0,0.000521,20.3701,1,-1,ok,1,1,1,20.2106,1450,1
10,177,586708,335970,692,1,0,0.000521,8.66943,1,-1,ok,1,1,1,8.60273,692,1
10,178,127595,700137,422,1,0,0.000531,2.21293,1,-1,ok,1,1,1,2.15287,422,1
10,179,538665,123021,1064,1,0,0.000502,12.9519,1,-1,ok,1,1,1,12.858,1064,1
10,180,352712,882018,430,1,0,0.000551,2.88634,1,-1,ok,1,1,1,2.83361,430,1
10,181,570105,642882,409,1,0,0.000791,3.53476,1,-1,ok,1,1,1,3.50574,409,1
10,182,236454,64964,158,1,0,0.000541,1.42868,1,-1,ok,1,1,1,1.41171,158,1
10,183,547182,801522,1262,4,5,0.003016,13.6866,0,1,length_cap,0,1,1,11.8729,1262,1
10,184,684920,553657,177,1,0,0.000531,1.30231,1,-1,ok,1,1,1,1.28261,177,1
10,185,552875,351270,1255,4,5,0.002886,15.5595,0,1,length_cap,0,1,1,13.9138,1255,1
10,186,492765,584268,2039,4,5,0.002403,37.3234,0,1,length_cap,0,1,1,35.6834,2039,1
10,187,155792,743182,560,1,0,0.000861,4.31805,1,-1,ok,1,1,1,4.25034,560,1
10,188,433249,556063,1470,4,5,0.002785,25.2709,0,1,length_cap,0,1,1,23.4497,1470,1
10,189,675909,548947,322,1,0,0.000621,1.35571,1,-1,ok,1,1,1,1.33144,322,1
10,190,801727,652069,1904,2,3,0.003266,32.3675,0,1,length_cap,0,1,1,30.5017,1904,1
10,191,424436,194685,1235,3,5,0.003697,18.0603,0,1,length_cap,0,1,1,16.2489,1235,1
10,192,568596,520838,78,1,0,0.000981,0.704619,1,-1,ok,1,1,1,0.694639,78,1
10,193,537052,487130,2582,4,4,0.002706,32.4521,0,1,length_cap,0,1,1,30.406,2582,1
10,194,287117,597610,1357,4,5,0.003407,24.8045,0,1,length_cap,0,1,1,22.9569,1357,1
10,195,734217,369103,902,1,0,0.001251,17.4319,1,-1,ok,1,1,1,17.308,902,1
10,196,609326,594424,18,1,0,0.000802,0.063416,1,-1,ok,1,1,1,0.055552,18,1
10,197,555356,373478,150,1,0,0.00052,0.509747,1,-1,ok,1,1,1,0.499788,150,1
10,198,538782,596393,2887,4,5,0.002935,41.7921,0,1,length_cap,0,1,1,39.6051,2887,1
10,199,853804,764242,234,1,0,0.000941,1.34886,1,-1,ok,1,1,1,1.31769,234,1
10,200,546144,731449,1563,1,0,0.000582,20.7908,1,-1,ok,1,1,1,20.6235,1563,1
10,201,546580,470520,70,1,0,0.000581,0.263409,1,-1,ok,1,1,1,0.255104,70,1
10,202,587180,610058,2820,4,5,0.002655,35.0346,0,1,length_cap,0,1,1,32.8815,2820,1
10,203,554148,555672,34,1,0,0.000872,0.067936,1,-1,ok,1,1,1,0.060111,34,1
10,204,618603,576023,2630,4,5,0.002605,33.5729,0,1,length_cap,0,1,1,31.4725,2630,1
10,205,111185,663982,1131,1,0,0.000931,17.4795,1,-1,ok,1,1,1,17.358,1131,1
10,206,558415,519079,908,1,0,0.000599,9.17151,1,-1,ok,1,1,1,9.10541,908,1
10,207,273703,668225,1512,1,0,0.000772,22.225,1,-1,ok,1,1,1,21.8914,1512,1
10,208,342313,675920,1135,1,0,0.000542,18.3716,1,-1,ok,1,1,1,18.2359,1135,1
10,209,455838,475237,29,1,0,0.000532,0.110835,1,-1,ok,1,1,1,0.103352,29,1
10,210,407548,553070,2852,4,5,0.002856,41.5509,0,1,length_cap,0,1,1,39.3006,2852,1
10,211,504813,914851,324,1,0,0.000872,2.17891,1,-1,ok,1,1,1,2.13404,324,1
10,212,547561,230431,1222,1,0,0.000831,17.652,1,-1,ok,1,1,1,17.507,1222,1
10,213,466238,312299,1571,4,5,0.003356,22.6201,0,1,length_cap,0,1,1,20.6981,1571,1
10,214,234897,536226,1213,3,3,0.002695,21.9889,0,1,length_cap,0,1,1,20.2446,1213,1
10,215,580756,561650,1750,4,5,0.003357,32.9816,0,1,length_cap,0,1,1,31.1547,1750,1
10,216,744886,554466,1138,4,5,0.003667,17.0006,0,1,length_cap,0,1,1,15.237,1138,1
10,217,864144,644857,1147,1,0,0.001032,17.8225,1,-1,ok,1,1,1,17.6685,1147,1
10,218,155929,549165,1194,1,0,0.000771,17.635,1,-1,ok,1,1,1,17.4555,1194,1
10,219,734340,664355,1063,1,0,0.000711,13.2505,1,-1,ok,1,1,1,13.1307,1063,1
10,220,483567,570424,1455,1,0,0.000551,19.9308,1,-1,ok,1,1,1,19.755,1455,1
10,221,639206,652049,2073,2,3,0.004148,32.7534,0,1,length_cap,0,1,1,30.812,2073,1
10,222,93334,537056,1452,1,0,0.001022,19.1155,1,-1,ok,1,1,1,18.931,1452,1
10,223,603581,431982,437,3,4,0.003547,3.86868,364,-1,ok,1,1,1,3.60878,437,1
10,224,439095,658592,1491,2,2,0.001392,27.6804,0,1,length_cap,0,1,1,25.9359,1491,1
10,225,814923,899971,128,1,0,0.000731,0.966744,1,-1,ok,1,1,1,0.937821,128,1
10,226,498998,590659,2587,3,5,0.003277,36.4226,0,1,length_cap,0,1,1,34.3334,2587,1
10,227,559098,530053,2275,4,5,0.003786,24.2428,0,1,length_cap,0,1,1,22.2633,2275,1
10,228,549050,87356,1368,1,0,0.001242,18.4922,1,-1,ok,1,1,1,18.3492,1368,1
10,229,507967,791931,2780,4,5,0.003146,41.5367,0,1,length_cap,0,1,1,39.2042,2780,1
10,230,403304,932996,1476,2,2,0.002636,24.1818,0,1,length_cap,0,1,1,22.3934,1476,1
10,231,779288,400102,1980,1,0,0.000841,32.0915,1,-1,ok,1,1,1,31.7649,1980,1
10,232,115537,717680,835,1,0,0.000881,9.31002,1,-1,ok,1,1,1,9.22407,835,1
10,233,625715,531035,2478,3,5,0.003237,35.9364,0,1,length_cap,0,1,1,33.7392,2478,1
10,234,12779,392632,1393,1,0,0.001242,18.6891,1,-1,ok,1,1,1,18.4381,1393,1
10,235,491073,550893,600,1,0,0.001151,7.6319,1,-1,ok,1,1,1,7.57813,600,1
10,236,544640,612058,608,1,0,0.000561,5.98844,1,-1,ok,1,1,1,5.94293,608,1
10,237,349394,221491,1219,1,0,0.000591,13.5401,1,-1,ok,1,1,1,13.4231,1219,1
10,238,643343,800035,1098,1,0,0.000541,16.6747,1,-1,ok,1,1,1,16.5301,1098,1
10,239,466292,494384,1056,4,5,0.003055,14.1032,0,1,length_cap,0,1,1,12.2067,1056,1
10,240,263294,711941,727,1,0,0.000561,9.04905,1,-1,ok,1,1,1,8.97584,727,1
10,241,540708,407534,2386,3,5,0.003116,34.2023,0,1,length_cap,0,1,1,32.3006,2386,1
10,242,407548,728111,217,1,0,0.000892,0.328259,1,-1,ok,1,1,1,0.3021,217,1
10,243,495501,485664,2437,4,4,0.002896,33.2173,0,1,length_cap,0,1,1,31.1861,2437,1
10,244,720906,179696,594,1,0,0.000852,7.66857,1,-1,ok,1,1,1,7.60613,594,1
10,245,650350,482575,2675,3,3,0.002595,30.4555,0,1,length_cap,0,1,1,28.512,2675,1
10,246,638652,817933,1535,1,0,0.000742,23.6388,1,-1,ok,1,1,1,23.3651,1535,1
10,247,548934,567346,842,1,0,0.000962,10.0447,1,-1,ok,1,1,1,9.98389,842,1
10,248,573392,445311,937,3,3,0.002695,14.6356,0,1,length_cap,0,1,1,12.9097,937,1
10,249,791829,669974,699,1,0,0.000551,4.21991,1,-1,ok,1,1,1,4.16881,699,1
10,250,181289,193174,55,1,0,0.000511,0.13511,1,-1,ok,1,1,1,0.121254,55,1
10,251,734304,877601,1239,1,0,0.000471,18.7371,1,-1,ok,1,1,1,18.5988,1239,1
10,252,541771,272040,815,1,0,0.000501,10.1043,1,-1,ok,1,1,1,10.0241,815,1
10,253,555426,520840,632,1,0,0.000712,7.40637,1,-1,ok,1,1,1,7.3542,632,1
10,254,554148,468913,1653,3,5,0.003606,26.1352,0,1,length_cap,0,1,1,24.1934,1653,1
10,255,407897,554527,1448,4,5,0.003637,25.7404,0,1,length_cap,0,1,1,23.9089,1448,1
10,256,476137,886494,1697,1,0,0.000902,24.7457,1,-1,ok,1,1,1,24.5262,1697,1
10,257,647690,523082,2414,4,5,0.003256,42.2589,0,1,length_cap,0,1,1,40.2236,2414,1
10,258,841766,458240,1678,1,0,0.000902,30.6136,1,-1,ok,1,1,1,30.2887,1678,1
10,259,462910,637233,417,1,0,0.000821,5.26981,1,-1,ok,1,1,1,5.22586,417,1
10,260,536976,551877,19,1,0,0.000832,0.087321,1,-1,ok,1,1,1,0.082383,19,1
10,261,42610,554524,1736,4,5,0.002515,29.7004,0,1,length_cap,0,1,1,27.773,1736,1
10,262,613794,229015,1113,3,5,0.003406,17.6798,0,1,length_cap,0,1,1,15.8956,1113,1
10,263,786608,624950,1914,1,0,0.000702,30.7915,1,-1,ok,1,1,1,30.4322,1914,1
10,264,412226,542166,1648,3,3,0.003096,31.2709,0,1,length_cap,0,1,1,29.3766,1648,1
10,265,578007,584682,2557,3,5,0.004429,35.1748,0,1,length_cap,0,1,1,33.1142,2557,1
10,266,129099,357177,198,1,0,0.001352,1.40807,1,-1,ok,1,1,1,1.38342,198,1
10,267,670451,218543,1088,3,5,0.003006,16.3279,0,1,length_cap,0,1,1,14.537,1088,1
10,268,636901,562811,880,1,0,0.000551,10.0111,1,-1,ok,1,1,1,9.94533,880,1
10,269,161898,720900,750,1,0,0.000531,10.6311,1,-1,ok,1,1,1,10.5537,750,1
10,270,536127,726744,1037,1,0,0.000902,12.3962,1,-1,ok,1,1,1,12.2392,1037,1
10,271,182733,659592,907,1,0,0.000551,14.9358,1,-1,ok,1,1,1,14.8283,907,1
10,272,557521,334467,2898,4,5,0.003286,33.5477,0,1,length_cap,0,1,1,31.3669,2898,1
10,273,550876,844900,1310,1,0,0.001012,18.9136,1,-1,ok,1,1,1,18.7602,1310,1
10,274,442000,527458,1850,4,5,0.003346,31.5462,0,1,length_cap,0,1,1,29.5991,1850,1
10,275,163378,695363,985,1,0,0.001151,16.8921,1,-1,ok,1,1,1,16.7826,985,1
10,276,469207,449288,2393,4,5,0.003196,32.6558,0,1,length_cap,0,1,1,30.1155,2393,1
10,277,621533,503471,384,2,2,0.002815,2.53214,176,-1,ok,1,1,1,2.38596,384,1
10,278,584186,780781,627,4,5,0.002003,9.00769,0,1,length_cap,0,1,1,7.35177,627,1
10,279,537110,215501,1213,1,0,0.000571,17.2728,1,-1,ok,1,1,1,17.1613,1213,1
10,280,552659,521369,42,1,0,0.000521,0.224136,1,-1,ok,1,1,1,0.217785,42,1
10,281,470354,521484,1808,4,5,0.002604,30.6285,0,1,length_cap,0,1,1,28.6513,1808,1
10,282,779294,490035,423,3,3,0.002975,4.67689,0,1,length_cap,0,1,1,2.98824,423,1
10,283,856695,383684,1735,1,0,0.000652,29.2157,1,-1,ok,1,1,1,28.9422,1735,1
10,284,856911,565634,2043,2,3,0.003817,32.9948,0,1,length_cap,0,1,1,31.0817,2043,1
10,285,226029,617772,1109,1,0,0.000903,17.707,1,-1,ok,1,1,1,17.4979,1109,1
10,286,273528,498716,214,1,0,0.000872,1.10509,1,-1,ok,1,1,1,1.07872,214,1
10,287,585019,659525,120,1,0,0.000541,0.518102,1,-1,ok,1,1,1,0.509084,120,1
10,288,714688,746144,256,1,0,0.000481,1.45254,1,-1,ok,1,1,1,1.43315,256,1
10,289,487154,401935,1115,4,5,0.002885,14.2043,0,1,length_cap,0,1,1,12.367,1115,1
10,290,558487,858169,252,1,0,0.000542,1.31233,1,-1,ok,1,1,1,1.27924,252,1
10,291,574271,660088,2395,2,2,0.001893,28.9981,0,1,length_cap,0,1,1,27.2259,2395,1
10,292,41143,546444,721,1,0,0.000681,7.53995,1,-1,ok,1,1,1,7.46111,721,1
10,293,760001,646214,1715,2,3,0.002705,30.5312,0,1,length_cap,0,1,1,28.6912,1715,1
10,294,185761,377965,506,1,0,0.001111,6.13122,1,-1,ok,1,1,1,6.08634,506,1
10,295,604576,736790,940,1,0,0.000551,11.2217,1,-1,ok,1,1,1,11.1443,940,1
10,296,604356,279676,1122,1,0,0.000551,14.5701,1,-1,ok,1,1,1,14.473,1122,1
10,297,467430,178127,281,1,0,0.000531,1.71599,1,-1,ok,1,1,1,1.68305,281,1
10,298,473402,701873,1457,2,2,0.002265,26.0223,0,1,length_cap,0,1,1,24.1844,1457,1
10,299,546168,470167,91,1,0,0.000582,0.58688,1,-1,ok,1,1,1,0.577472,91,1
