level,pair,start,goal,true_dist,coarse_len,coarse_expanded,coarse_ms,lift_ms,lifted_cells,fail_level,fail_reason,endpoints_wrong,used_fallback,fallback_ok,fallback_ms,final_len,valid,c0_ok,c0_ms,c0_len,c0_expanded,c0_cells,c1_ok,c1_ms,c1_len,c1_expanded,c1_cells,fine_ms,fine_expanded,fine_len
1,0,2654607,497695,1710,856,455260,494.075,2.10446,1713,-1,ok,0,0,0,0,1712,1,1,2.95713,1710,1710,3306,1,1.95151,1710,1710,9511,5.4808,12833,1710
1,1,2221473,1571062,1589,795,403593,392.496,1.16253,1594,-1,ok,0,0,0,0,1593,1,1,1.37446,1589,2804,3003,1,2.05566,1589,7341,8500,47.3397,160357,1589
1,2,641811,2589149,1344,673,359871,331.891,1.99012,1347,-1,ok,0,0,0,0,1346,1,1,2.445,1344,1344,2452,1,1.99655,1344,1580,6604,2.25787,3632,1344
1,3,2250714,2339143,278,139,28673,13.8943,0.169738,279,-1,ok,0,0,0,0,278,1,1,0.127577,278,278,519,1,0.114744,278,278,1547,0.096801,278,278
1,4,2536396,353659,1876,938,436172,395.129,2.20701,1877,-1,ok,0,0,0,0,1876,1,1,3.0765,1876,1876,3525,1,2.02375,1876,1876,9768,12.0856,28227,1876
1,5,916591,1430479,1191,596,282915,238.862,0.963107,1198,-1,ok,0,0,0,0,1197,1,1,0.904167,1191,1504,2334,1,1.0202,1191,3094,6499,42.0812,132776,1191
1,6,500826,2935247,2173,1087,482671,427.226,2.64179,2174,-1,ok,0,0,0,0,2173,1,1,3.25214,2173,2173,4150,1,2.26012,2173,2680,11550,11.9592,31438,2173
1,7,2429283,2288496,465,233,87719,55.676,0.310991,470,-1,ok,0,0,0,0,469,1,1,0.282867,465,465,883,1,0.272068,465,512,2621,0.236581,804,465
1,8,502542,1287255,645,323,75803,38.0477,0.86758,648,-1,ok,0,0,0,0,647,1,1,0.992282,645,705,1199,1,0.819879,645,1517,3345,17.9223,63467,645
1,9,2726054,800471,1487,744,436985,372.312,1.86859,1488,-1,ok,0,0,0,0,1487,1,1,2.76552,1487,1487,2712,1,1.71867,1487,1487,7567,1.83957,2150,1487
1,10,3031784,709412,1662,832,402307,354.642,2.18623,1665,-1,ok,0,0,0,0,1664,1,1,3.14852,1662,1662,3094,1,1.80878,1662,1662,8745,39.605,146083,1662
1,11,813038,2649998,1861,932,505518,439.273,2.07303,1868,-1,ok,0,0,0,0,1867,1,1,2.39528,1861,1861,3089,1,1.76984,1861,2158,8326,1.44727,2064,1861
1,12,2906523,1340129,1264,633,302818,271.768,1.7014,1267,-1,ok,0,0,0,0,1266,1,1,2.24652,1264,1264,2429,1,1.67187,1264,1686,6644,24.921,73256,1264
1,13,2198005,2773306,1504,754,358790,428.807,1.12222,1513,-1,ok,0,0,0,0,1512,1,1,1.36671,1506,2658,2887,1,2.05699,1506,7099,8176,58.7751,197182,1504
1,14,1009630,2195480,1009,505,175987,138.753,1.36426,1012,-1,ok,0,0,0,0,1011,1,1,1.49184,1009,1009,1889,1,1.19031,1009,1389,5211,3.12974,8169,1009
1,15,2077961,2827531,1186,594,439597,418.813,1.07411,1189,-1,ok,0,0,0,0,1188,1,1,1.13846,1186,1191,2280,1,0.818248,1186,1193,6492,36.4291,125454,1186
1,16,1553701,2469994,602,303,89636,55.3777,0.949393,607,-1,ok,0,0,0,0,606,1,1,1.01848,602,602,1167,1,0.603928,602,618,3342,1.90426,1976,602
1,17,2490161,384400,1409,706,446792,423.722,1.97514,1414,-1,ok,0,0,0,0,1413,1,1,2.79892,1409,1409,2588,1,1.83431,1409,1927,6903,2.13361,1693,1409
1,18,2599025,2034587,1669,836,323569,280.69,1.4407,1678,-1,ok,0,0,0,0,1677,1,1,1.56632,1669,2291,3216,1,1.84545,1669,4647,9323,36.42,141895,1669
1,19,1181060,2927824,1734,868,443320,424.396,1.94067,1737,-1,ok,0,0,0,0,1736,1,1,2.17842,1734,1734,3261,1,1.8704,1734,2723,8945,14.1753,51628,1734
1,20,645781,614849,395,198,47296,25.0423,0.254615,398,-1,ok,0,0,0,0,397,1,1,0.222205,395,431,756,1,0.264645,395,975,2131,2.39665,12656,395
1,21,2468056,2256643,1145,573,230855,182.13,0.709794,1156,-1,ok,0,0,0,0,1155,1,1,0.612232,1145,1483,2172,1,0.856249,1145,2902,6014,9.53671,41640,1145
1,22,251497,3219170,2176,1089,501737,430.617,2.80443,2179,-1,ok,0,0,0,0,2178,1,1,3.60495,2176,2176,4159,1,2.53468,2176,2607,11777,35.6969,83714,2176
1,23,569297,2803754,1948,976,459404,427.967,2.37421,1955,-1,ok,0,0,0,0,1954,1,1,3.47117,1948,3627,3691,1,4.12347,1948,9841,10119,298.307,673122,1948
1,24,2520461,1501553,674,338,140281,89.1699,1.07292,677,-1,ok,0,0,0,0,676,1,1,1.2694,674,674,1309,1,0.763826,674,679,3792,3.398,7515,674
1,25,2003860,731758,1205,603,343115,311.797,1.44788,1206,-1,ok,0,0,0,0,1205,1,1,1.78389,1205,1205,2180,1,1.21929,1205,1206,5972,7.67911,31467,1205
1,26,613334,2557422,1168,587,271675,241.521,1.81845,1175,-1,ok,0,0,0,0,1174,1,1,2.71655,1174,2099,2262,1,3.26203,1174,5799,6406,8.50405,30286,1168
1,27,387537,2005469,1167,585,232706,182.106,1.6643,1176,-1,ok,0,0,0,0,1175,1,1,1.98446,1167,1167,2236,1,1.44598,1167,1177,6324,1.98038,3473,1167
1,28,344125,2584166,2379,1192,486543,450.287,2.87435,2388,-1,ok,0,0,0,0,2387,1,1,4.05279,2379,4285,4479,1,4.75147,2379,11186,11946,622.8,1.28006e+06,2379
1,29,2992346,1955386,784,393,159049,103.436,1.13943,787,-1,ok,0,0,0,0,786,1,1,1.42812,784,991,1374,1,1.04391,784,1747,3822,14.7197,52143,784
1,30,2891864,2043208,1327,665,360864,360.557,1.22978,1334,-1,ok,0,0,0,0,1333,1,1,1.29474,1327,1328,2242,1,1.13029,1327,1699,6390,19.9803,79579,1327
1,31,593449,1109625,711,357,125865,89.0248,0.820622,716,-1,ok,0,0,0,0,715,1,1,0.881054,711,711,1377,1,0.726167,711,982,3961,1.22983,3075,711
1,32,2770066,477636,2303,1153,480252,477.719,2.51963,2314,-1,ok,0,0,0,0,2313,1,1,3.56419,2303,2308,4357,1,2.92161,2303,2695,12315,6.55932,15953,2303
1,33,1568488,2024378,743,373,212314,176.519,0.763915,748,-1,ok,0,0,0,0,747,1,1,0.673739,743,743,1419,1,0.563361,743,1105,3967,0.927451,2836,743
1,34,2636861,1355914,1868,936,373989,391.84,1.70179,1873,-1,ok,0,0,0,0,1872,1,1,2.12794,1868,2314,3621,1,2.21632,1868,5195,10363,31.7972,120630,1868
1,35,2807379,1728601,1223,613,307426,253.887,1.46294,1230,-1,ok,0,0,0,0,1229,1,1,1.71012,1223,1372,2229,1,1.35247,1223,1931,5747,5.3515,16354,1223
1,36,548195,1129534,384,192,52395,28.478,0.587407,385,-1,ok,0,0,0,0,384,1,1,0.713862,384,384,699,1,0.318245,384,411,1914,0.66388,384,384
1,37,1403079,1097550,787,394,239186,194.807,0.770178,790,-1,ok,0,0,0,0,789,1,1,0.8617,787,1246,1403,1,1.01705,787,3135,3926,31.4693,114224,787
1,38,1098506,2400310,1127,564,305285,255.901,1.46743,1130,-1,ok,0,0,0,0,1129,1,1,1.64286,1127,1158,2135,1,1.21946,1127,1820,5863,1.24535,1127,1127
1,39,549302,2763681,1609,805,349132,300.401,2.11627,1614,-1,ok,0,0,0,0,1613,1,1,2.67912,1609,1655,2950,1,1.78856,1609,1930,8399,43.6522,121137,1609
1,40,2830387,1329031,990,496,259325,189.537,1.45093,995,-1,ok,0,0,0,0,994,1,1,1.91408,990,990,1678,1,1.09894,990,1000,4806,4.43552,12620,990
1,41,2571837,1609971,1200,601,290404,240.016,1.26494,1205,-1,ok,0,0,0,0,1204,1,1,1.44708,1200,1274,2255,1,1.06967,1200,1459,6235,1.1873,2243,1200
1,42,2269545,949398,1480,741,399014,388.46,1.56093,1483,-1,ok,0,0,0,0,1482,1,1,1.93155,1480,1480,2680,1,1.32047,1480,1499,7405,3.09504,7900,1480
1,43,2386550,2005422,1757,878,467932,431.273,1.25318,1762,-1,ok,0,0,0,0,1761,1,1,1.36404,1757,2881,3372,1,1.9299,1757,7247,9432,92.6053,350924,1757
1,44,3228329,1091487,1429,715,332079,258.053,2.21353,1434,-1,ok,0,0,0,0,1433,1,1,3.27863,1429,1459,2735,1,1.92469,1429,1519,7746,2.26453,1429,1429
1,45,1252674,2899369,1220,612,147085,110.471,1.78185,1229,-1,ok,0,0,0,0,1228,1,1,2.03935,1220,1220,2216,1,1.52257,1220,1582,6079,9.64251,38831,1220
1,46,1245004,2631833,1742,873,522592,482.893,2.05255,1753,-1,ok,0,0,0,0,1752,1,1,2.13138,1742,1742,3250,1,1.66565,1742,1962,8988,11.7916,45741,1742
1,47,2746631,1120353,1791,897,328133,297.987,1.87922,1796,-1,ok,0,0,0,0,1795,1,1,2.55672,1791,2266,3324,1,2.2457,1791,4419,9180,25.2341,94508,1791
1,48,1545941,1034885,778,389,146942,97.6234,1.05618,781,-1,ok,0,0,0,0,780,1,1,1.18688,778,942,1432,1,0.81412,778,1653,3850,48.272,113131,778
1,49,707664,3179843,2152,1077,467944,427.417,2.5237,2155,-1,ok,0,0,0,0,2154,1,1,2.7745,2152,2152,4014,1,2.10937,2152,2152,11214,3.43684,4780,2152
1,50,2697605,251222,1758,880,468988,377.895,2.4215,1765,-1,ok,0,0,0,0,1764,1,1,3.56608,1758,3098,3388,1,4.7151,1758,8492,9516,66.614,150765,1758
1,51,598957,1160461,516,259,68031,40.6961,0.622032,521,-1,ok,0,0,0,0,520,1,1,0.667045,516,848,984,1,0.790466,516,2213,2723,18.0811,59572,516
1,52,2808838,629110,1283,643,359824,301.287,1.91639,1288,-1,ok,0,0,0,0,1287,1,1,2.58396,1283,1415,2528,1,2.1114,1283,1685,7506,2.71161,3610,1283
1,53,2674667,2450469,1734,868,316742,254.275,1.57855,1739,-1,ok,0,0,0,0,1738,1,1,1.4328,1734,2196,3359,1,1.75523,1734,4104,9453,22.0934,104186,1734
1,54,902226,2397303,1907,954,472009,403.463,1.94993,1912,-1,ok,0,0,0,0,1911,1,1,1.829,1907,2000,3528,1,1.55059,1907,2110,9428,11.7091,48095,1907
1,55,3160580,2590500,1640,821,309477,237.886,1.24229,1645,-1,ok,0,0,0,0,1644,1,1,1.33014,1640,2993,3066,1,2.2569,1640,8185,8529,82.9124,319538,1640
1,56,3063115,1271576,1534,767,365560,316.693,1.91191,1535,-1,ok,0,0,0,0,1534,1,1,2.26251,1534,1534,2894,1,1.77986,1534,1534,7838,23.6155,70700,1534
1,57,471188,1449834,1138,570,204663,159.174,1.22727,1143,-1,ok,0,0,0,0,1142,1,1,1.40576,1138,2066,2082,1,2.00918,1138,5522,5810,46.9856,188958,1138
1,58,1353978,2059850,918,461,223203,173.393,1.23042,921,-1,ok,0,0,0,0,920,1,1,1.20903,918,1612,1743,1,1.51954,918,3832,4482,105.185,240846,918
1,59,2540733,1967844,911,456,281798,212.894,0.97437,918,-1,ok,0,0,0,0,917,1,1,0.908006,911,1111,1522,1,0.939123,911,1920,4258,40.9416,149390,911
1,60,2700562,1997667,1296,649,344608,263.09,1.08548,1301,-1,ok,0,0,0,0,1300,1,1,1.01915,1296,1310,2413,1,1.04219,1296,1836,6812,7.91871,37558,1296
1,61,1637568,2044505,363,182,48219,29.3525,0.517195,368,-1,ok,0,0,0,0,367,1,1,0.416618,363,363,651,1,0.228958,363,370,1799,1.12781,4049,363
1,62,1801679,2696751,1870,936,480336,416.233,1.52645,1879,-1,ok,0,0,0,0,1878,1,1,1.63524,1870,3468,3511,1,2.96036,1870,9429,9634,105.757,366815,1870
1,63,598957,2906552,1287,644,315553,256.092,2.07389,1288,-1,ok,0,0,0,0,1287,1,1,2.37417,1287,1287,2576,1,1.68301,1287,1287,7732,1.95861,1287,1287
1,64,1955372,794087,930,467,281076,220.168,1.2208,935,-1,ok,0,0,0,0,934,1,1,1.42864,930,930,1680,1,0.997322,930,931,4889,1.06982,1021,930
1,65,2039260,2947726,1193,598,250447,195.741,1.39095,1196,-1,ok,0,0,0,0,1195,1,1,1.29431,1193,1299,2221,1,1.21541,1193,1754,6019,17.8348,65520,1193
1,66,556924,1599250,705,354,144171,99.2374,1.13993,708,-1,ok,0,0,0,0,707,1,1,1.16721,705,705,1343,1,0.785506,705,757,3812,1.45433,3444,705
1,67,278380,2626389,2296,1149,525732,411.372,2.64723,2299,-1,ok,0,0,0,0,2298,1,1,2.71811,2296,2296,4221,1,2.41937,2296,2607,11503,6.18328,19686,2296
1,68,2339398,455629,2015,1009,532579,435.171,2.17092,2020,-1,ok,0,0,0,0,2019,1,1,2.83566,2015,2015,3780,1,2.34526,2015,2015,10694,2.0699,5306,2015
1,69,2397188,1012607,1150,576,320206,269.024,1.57686,1153,-1,ok,0,0,0,0,1152,1,1,1.69621,1150,1150,2114,1,1.35437,1150,1222,6004,1.34688,2867,1150
1,70,2467967,715435,1642,822,375442,428.16,1.96681,1647,-1,ok,0,0,0,0,1646,1,1,2.91626,1642,1642,3094,1,2.12484,1642,1653,8678,10.1303,39324,1642
1,71,279709,835397,829,416,145720,94.2936,0.889991,836,-1,ok,0,0,0,0,835,1,1,0.784094,829,928,1639,1,0.70214,829,1312,4671,1.39552,4287,829
1,72,825921,1088080,805,402,120999,78.8006,0.649553,806,-1,ok,0,0,0,0,805,1,1,0.622963,805,1216,1483,1,0.871707,805,2997,4218,9.37631,43024,805
1,73,2686056,3089348,412,207,55656,39.3805,0.56779,413,-1,ok,0,0,0,0,412,1,1,0.640626,412,522,692,1,0.471139,412,897,1530,9.80428,36298,412
1,74,935096,1634738,947,475,289733,235.112,1.05834,952,-1,ok,0,0,0,0,951,1,1,1.10475,949,949,1781,1,0.907766,949,1362,5068,12.1145,51377,947
1,75,384006,760874,877,440,154412,98.59,0.750532,880,-1,ok,0,0,0,0,879,1,1,0.630226,877,877,1646,1,0.527305,877,907,4529,10.5056,45115,877
1,76,1947155,898061,889,445,255946,231.408,1.24777,896,-1,ok,0,0,0,0,895,1,1,1.66236,889,983,1654,1,1.14349,889,1193,4457,2.96106,9792,889
1,77,658137,789793,329,166,30833,14.9684,0.259214,334,-1,ok,0,0,0,0,333,1,1,0.218037,329,329,655,1,0.155802,329,356,1863,0.262401,1038,329
1,78,363830,2056905,2015,1008,406430,427.102,2.08921,2016,-1,ok,0,0,0,0,2015,1,1,2.73319,2015,2015,3784,1,1.96567,2015,2067,10540,11.2968,34458,2015
1,79,1761748,2892020,756,379,215445,181.394,1.22066,757,-1,ok,0,0,0,0,756,1,1,1.42395,756,756,1505,1,1.32125,756,1160,4277,11.4668,38399,756
1,80,2351211,2029768,1106,554,264754,236.837,0.984819,1117,-1,ok,0,0,0,0,1116,1,1,0.939485,1106,1354,2064,1,0.891785,1106,2135,5576,17.8587,53987,1106
1,81,647090,520796,364,183,51665,28.3637,0.27405,367,-1,ok,0,0,0,0,366,1,1,0.239507,364,364,722,1,0.208268,364,364,2150,0.180406,364,364
1,82,2202913,1998284,1606,803,448807,448.365,1.23209,1609,-1,ok,0,0,0,0,1608,1,1,1.20247,1606,2440,2863,1,1.73433,1606,5976,7844,80.5403,347668,1606
1,83,2307907,2951731,1581,791,416729,415.799,1.09763,1586,-1,ok,0,0,0,0,1585,1,1,1.00748,1581,1581,3082,1,0.984349,1581,1725,8647,12.3924,49167,1581
1,84,1871832,591133,1610,806,427629,419.244,1.54462,1621,-1,ok,0,0,0,0,1620,1,1,1.92747,1610,1615,2975,1,1.41142,1610,1740,8303,12.2859,45309,1610
1,85,1820468,769068,784,393,234292,190.322,1.14035,789,-1,ok,0,0,0,0,788,1,1,1.40046,784,833,1418,1,0.916249,784,805,3980,0.841751,784,784
1,86,618657,2879486,1405,704,364851,349.983,2.15067,1410,-1,ok,0,0,0,0,1409,1,1,2.63135,1405,1927,2713,1,2.61818,1405,4524,7865,13.9081,40711,1405
1,87,759127,2437547,1913,968,498280,446.622,1.95944,1940,-1,ok,0,0,0,0,1939,1,1,2.55511,1933,3095,3489,1,2.93067,1933,7574,9388,29.5603,111220,1913
1,88,2003626,436977,2082,1041,517973,447.488,1.88299,2085,-1,ok,0,0,0,0,2084,1,1,2.72166,2082,3721,3838,1,3.47597,2082,9822,10379,275.554,756660,2082
1,89,2088216,2111650,95,48,3021,1.31891,0.095007,96,-1,ok,0,0,0,0,95,1,1,0.102031,95,119,169,1,0.06461,95,208,433,0.6107,1473,95
1,90,2481203,2200930,683,343,171358,113.025,0.528367,686,-1,ok,0,0,0,0,685,1,1,0.472794,683,683,1323,1,0.395539,683,759,3792,0.581166,1582,683
1,91,1827763,2791217,1053,528,395178,358.125,1.25438,1062,-1,ok,0,0,0,0,1061,1,1,1.52489,1053,1850,1980,1,1.79583,1053,4456,5056,80.6099,247542,1053
1,92,1980418,1582954,557,280,93940,54.5568,0.504953,560,-1,ok,0,0,0,0,559,1,1,0.552321,557,557,1077,1,0.389116,557,557,3193,0.379719,557,557
1,93,705039,752842,1000,501,227239,169.822,0.750181,1005,-1,ok,0,0,0,0,1004,1,1,0.635597,1000,1528,1855,1,0.923463,1000,3674,5358,18.429,86677,1000
1,94,1158854,739502,341,171,36280,17.5692,0.458067,342,-1,ok,0,0,0,0,341,1,1,0.620809,341,587,668,1,0.534979,341,1509,1948,6.47815,20212,341
1,95,1350833,836719,972,487,338743,281.741,0.823086,975,-1,ok,0,0,0,0,974,1,1,0.88881,972,972,1833,1,0.686521,972,1248,5111,11.1514,46976,972
1,96,1556785,647066,1224,613,314041,281.38,1.20489,1227,-1,ok,0,0,0,0,1226,1,1,1.53832,1224,1224,2363,1,0.984238,1224,1342,6550,8.35577,34441,1224
1,97,1944954,1109435,783,393,237575,204.673,1.0276,786,-1,ok,0,0,0,0,785,1,1,1.16042,783,783,1465,1,0.898937,783,1016,4065,0.76677,783,783
1,98,2668191,348531,1839,920,495159,402.003,2.22534,1842,-1,ok,0,0,0,0,1841,1,1,3.78189,1839,3126,3202,1,4.37035,1839,8141,8491,146.907,416088,1839
1,99,476033,1903328,1168,585,285494,220.063,1.73836,1173,-1,ok,0,0,0,0,1172,1,1,2.30755,1168,1921,2062,1,2.72718,1168,5213,5918,147.235,311275,1168
1,100,795218,590026,122,62,6336,2.76076,0.145192,125,-1,ok,0,0,0,0,124,1,1,0.15578,122,122,244,1,0.094185,122,122,723,0.125165,122,122
1,101,763468,1260833,843,421,116151,69.5162,0.738449,846,-1,ok,0,0,0,0,845,1,1,0.84675,843,1540,1651,1,1.20121,843,3512,4483,23.8011,79344,843
1,102,3155979,534005,2083,1042,488349,403.579,2.41559,2086,-1,ok,0,0,0,0,2085,1,1,3.45995,2083,2083,3809,1,2.31985,2083,2317,10702,42.0976,119986,2083
1,103,2671843,2035386,1097,550,300099,234.499,0.943131,1100,-1,ok,0,0,0,0,1099,1,1,0.995849,1097,1097,2040,1,0.859324,1097,1423,5779,5.98124,28074,1097
1,104,1072087,2077094,1175,590,380259,373.555,1.26578,1184,-1,ok,0,0,0,0,1183,1,1,1.72181,1175,2022,2192,1,2.0457,1175,5332,6168,39.569,119881,1175
1,105,1830266,867972,1628,815,486792,432.058,1.36497,1631,-1,ok,0,0,0,0,1630,1,1,1.53606,1628,1677,2983,1,1.18574,1628,1767,8187,37.484,143047,1628
1,106,2009385,672463,1221,612,405086,365.976,1.43346,1228,-1,ok,0,0,0,0,1227,1,1,1.83253,1221,1246,2233,1,1.23192,1221,1282,6071,2.3922,7357,1221
1,107,1277732,1289510,1175,588,282658,230.901,0.913577,1176,-1,ok,0,0,0,0,1175,1,1,0.898468,1175,1484,2154,1,0.954001,1175,2948,6052,20.8634,98639,1175
1,108,383929,2086407,1268,635,261483,194.216,1.72793,1277,-1,ok,0,0,0,0,1276,1,1,2.03335,1268,1268,2433,1,1.54409,1268,1278,6850,20.9137,67976,1268
1,109,2032078,1699736,1336,670,299675,241.623,0.813228,1341,-1,ok,0,0,0,0,1340,1,1,0.82478,1336,1736,2603,1,0.982914,1336,2849,7496,5.55501,25701,1336
1,110,958411,907673,588,294,132534,84.016,0.548304,595,-1,ok,0,0,0,0,594,1,1,0.524569,588,938,1093,1,0.566287,588,2073,2900,10.1037,46637,588
1,111,345881,908168,999,501,124906,70.1898,0.812197,1002,-1,ok,0,0,0,0,1001,1,1,0.805143,999,999,1869,1,0.576607,999,999,5258,12.6812,62389,999
1,112,921927,2826328,1275,639,288864,230.154,1.83335,1280,-1,ok,0,0,0,0,1279,1,1,2.25902,1275,1839,2480,1,2.10465,1275,4189,7112,36.0545,96671,1275
1,113,558628,2150100,1156,579,265035,191.999,1.62749,1159,-1,ok,0,0,0,0,1158,1,1,1.92214,1156,1156,2192,1,1.45091,1156,2101,6089,39.1238,83510,1156
1,114,732091,2459630,1421,711,381404,352.556,1.78208,1424,-1,ok,0,0,0,0,1423,1,1,2.05843,1421,1421,2442,1,1.4707,1421,1422,6827,1.5682,2801,1421
1,115,398823,391093,624,314,100122,58.5055,0.418261,633,-1,ok,0,0,0,0,632,1,1,0.337481,624,958,1186,1,0.507988,624,2245,3295,6.04668,30337,624
1,116,1510629,2959878,1054,529,300653,250.33,1.44478,1057,-1,ok,0,0,0,0,1056,1,1,1.65958,1054,1054,2060,1,1.06171,1054,1054,5999,22.0984,65295,1054
1,117,2096552,3082996,592,297,131931,87.5791,0.981604,593,-1,ok,0,0,0,0,592,1,1,1.08775,592,592,1188,1,0.81403,592,680,3540,0.68577,592,592
1,118,773297,2535823,1305,656,372155,349.964,1.78952,1316,-1,ok,0,0,0,0,1315,1,1,2.38555,1311,2140,2290,1,2.71187,1311,5835,6422,14.9772,27954,1305
1,119,1540653,367496,2008,1004,515807,465.29,1.60827,2011,-1,ok,0,0,0,0,2010,1,1,2.05345,2008,2058,3765,1,1.6816,2008,2912,10322,1.21164,2196,2008
1,120,457915,1822951,1394,698,339523,297.389,1.71737,1397,-1,ok,0,0,0,0,1396,1,1,1.82425,1394,1394,2622,1,1.19944,1394,1446,7330,0.853143,1394,1394
1,121,2144069,523360,2086,1043,513242,484.072,1.86319,2089,-1,ok,0,0,0,0,2088,1,1,2.91431,2086,3759,3822,1,3.72505,2086,10054,10324,294.053,785226,2086
1,122,1935902,3090329,1268,635,493192,428.296,1.32406,1271,-1,ok,0,0,0,0,1270,1,1,1.40873,1268,1268,2411,1,1.20145,1268,1791,6537,1.26297,1489,1268
1,123,2854140,1596178,937,469,218424,168.768,1.39437,938,-1,ok,0,0,0,0,937,1,1,1.59207,937,937,1845,1,1.15521,937,1121,5115,1.06532,1482,937
1,124,1967913,1747145,807,404,198649,177.266,0.591614,812,-1,ok,0,0,0,0,811,1,1,0.492168,807,1003,1499,1,0.577599,807,1837,4321,1.94068,7908,807
1,125,2263205,1655305,838,420,239502,199.666,0.830821,845,-1,ok,0,0,0,0,844,1,1,0.885745,838,843,1663,1,0.611742,838,843,4887,0.47758,1240,838
1,126,2506297,1143924,984,494,273684,218.582,1.34639,989,-1,ok,0,0,0,0,988,1,1,1.7262,984,984,1800,1,1.20668,984,1083,4653,3.39657,8287,984
1,127,1448472,1364093,562,285,96439,62.7762,0.636097,577,-1,ok,0,0,0,0,576,1,1,0.712921,570,853,952,1,0.668297,570,2070,2571,8.73807,34287,562
1,128,1724010,2154870,1418,709,445893,420.739,0.904879,1421,-1,ok,0,0,0,0,1420,1,1,0.866297,1418,1929,2703,1,1.23725,1418,4457,7822,50.6346,199433,1418
1,129,840467,2529952,1656,829,232983,177.345,1.80449,1665,-1,ok,0,0,0,0,1664,1,1,2.14058,1656,2055,3061,1,1.53883,1656,2107,7586,13.1096,49614,1656
1,130,1792217,1212610,345,173,48068,25.1052,0.506867,348,-1,ok,0,0,0,0,347,1,1,0.6485,345,470,678,1,0.379278,345,977,2006,1.39397,2952,345
1,131,1328134,3208212,1967,985,517550,477.201,2.13627,1976,-1,ok,0,0,0,0,1975,1,1,2.27803,1967,1967,3670,1,2.00091,1967,2177,10075,11.3332,39324,1967
1,132,2891864,1675347,959,480,230486,167.822,1.23377,960,-1,ok,0,0,0,0,959,1,1,1.60728,959,959,1753,1,1.06006,959,1019,4986,1.20075,2811,959
1,133,2410465,2443796,1103,552,216708,167.977,0.678455,1112,-1,ok,0,0,0,0,1111,1,1,0.529829,1103,1544,2086,1,0.812857,1103,3190,5812,12.9091,59149,1103
1,134,558433,2250280,1093,547,217233,178.837,1.72851,1094,-1,ok,0,0,0,0,1093,1,1,2.05223,1093,1093,2108,1,1.72976,1093,1359,6073,1.93055,2191,1093
1,135,1187532,720690,1013,509,268669,245.231,0.909738,1018,-1,ok,0,0,0,0,1017,1,1,1.1045,1013,1810,1844,1,1.44513,1013,4808,5016,30.7533,126857,1013
1,136,2710078,1125700,1258,630,361848,340.148,1.72514,1263,-1,ok,0,0,0,0,1262,1,1,2.2142,1258,1332,2322,1,1.56569,1258,1471,6246,3.86924,8328,1258
1,137,342829,2650131,1580,791,392990,349.108,2.10986,1583,-1,ok,0,0,0,0,1582,1,1,2.6811,1580,1580,2972,1,1.9308,1580,1581,8335,54.2618,188923,1580
1,138,381156,591400,523,262,47699,24.5238,0.459018,524,-1,ok,0,0,0,0,523,1,1,0.378025,523,846,986,1,0.476009,523,1794,2574,2.92558,11973,523
1,139,620591,3052362,1412,706,345095,300.825,2.2521,1415,-1,ok,0,0,0,0,1414,1,1,2.80067,1412,1428,2780,1,1.95822,1412,1478,8213,1.90393,1800,1412
1,140,1838465,1180686,1541,771,520686,447.986,1.20596,1552,-1,ok,0,0,0,0,1551,1,1,1.43823,1541,2558,2972,1,1.83058,1541,6576,8384,159.8,448735,1541
1,141,2808277,2315654,851,427,121220,77.1279,0.725205,858,-1,ok,0,0,0,0,857,1,1,0.766151,851,869,1633,1,0.687455,851,1205,4604,2.4851,10053,851
1,142,2598310,2422034,222,112,21262,10.5346,0.223056,225,-1,ok,0,0,0,0,224,1,1,0.207648,222,222,446,1,0.116818,222,222,1332,0.131066,222,222
1,143,2845436,1668194,730,367,112144,66.9787,1.06552,733,-1,ok,0,0,0,0,732,1,1,1.58449,730,1285,1416,1,1.47635,730,3308,3902,10.9041,31596,730
1,144,2382918,526772,1377,689,357250,352.46,1.81192,1382,-1,ok,0,0,0,0,1381,1,1,2.46348,1377,1379,2599,1,1.7077,1377,1403,7283,24.629,75408,1377
1,145,1931999,438444,1275,639,433197,406.592,1.53584,1282,-1,ok,0,0,0,0,1281,1,1,2.04445,1275,1286,2301,1,1.35791,1275,1297,6076,1.328,1275,1275
1,146,2679978,515339,2241,1122,509546,459.596,2.29731,2244,-1,ok,0,0,0,0,2243,1,1,3.2231,2241,2241,4228,1,2.36895,2241,2331,11850,5.26689,15905,2241
1,147,2803019,1915102,1793,898,438394,385.617,1.3651,1802,-1,ok,0,0,0,0,1801,1,1,1.82643,1793,3283,3371,1,3.00811,1793,8911,9337,141.308,368034,1793
1,148,913089,1331566,1323,662,352604,337.583,1.03528,1330,-1,ok,0,0,0,0,1329,1,1,1.1001,1323,2225,2521,1,1.46878,1323,5541,7039,87.6504,271251,1323
1,149,634343,2276336,1305,654,343219,264.741,1.7043,1308,-1,ok,0,0,0,0,1307,1,1,1.97088,1305,1305,2435,1,1.40504,1305,1718,6729,1.38554,1305,1305
1,150,1481794,3181212,1228,616,324452,266.305,1.76633,1233,-1,ok,0,0,0,0,1232,1,1,1.97188,1228,1313,2245,1,1.57986,1228,2169,5864,35.6077,92183,1228
1,151,1474634,422363,1314,657,388570,365.046,1.24718,1315,-1,ok,0,0,0,0,1314,1,1,1.55138,1314,1314,2444,1,1.13845,1314,1335,6993,2.95417,9827,1314
1,152,1834575,3226322,1174,588,315406,252.738,1.46721,1177,-1,ok,0,0,0,0,1176,1,1,1.70818,1174,1194,2126,1,1.15111,1174,1300,5499,44.8167,122962,1174
1,153,3024705,540222,1863,932,482800,375.142,2.25704,1866,-1,ok,0,0,0,0,1865,1,1,3.24379,1863,1863,3499,1,1.92172,1863,1863,9979,39.856,123487,1863
1,154,3044639,2920559,189,95,14472,6.49786,0.140653,192,-1,ok,0,0,0,0,191,1,1,0.122639,189,189,361,1,0.084477,189,210,1045,0.134581,189,189
1,155,1228220,1631674,478,240,84098,46.5943,0.516134,479,-1,ok,0,0,0,0,478,1,1,0.502137,478,478,887,1,0.298258,478,530,2444,0.280504,480,478
1,156,1536072,283775,1199,600,427697,387.192,1.34123,1202,-1,ok,0,0,0,0,1201,1,1,1.7236,1199,1199,2209,1,1.25396,1199,1201,6027,1.91471,4874,1199
1,157,3193672,1640899,1490,746,302052,214.995,1.55746,1495,-1,ok,0,0,0,0,1494,1,1,2.02865,1490,1490,2753,1,1.44119,1490,1490,7685,3.38891,9740,1490
1,158,1364886,1417986,1253,627,380899,359.808,0.945685,1256,-1,ok,0,0,0,0,1255,1,1,0.869372,1253,2064,2390,1,1.33435,1253,5419,6787,82.6679,284265,1253
1,159,1323479,1948892,1160,584,335053,280.508,1.02573,1169,-1,ok,0,0,0,0,1168,1,1,0.903937,1166,1168,2107,1,0.749139,1166,1251,5765,2.78864,9077,1160
1,160,329635,3138202,2157,1079,430874,370.57,2.60526,2162,-1,ok,0,0,0,0,2161,1,1,4.18053,2157,4018,4036,1,5.88178,2157,11180,11280,220,565662,2157
1,161,2199138,2165892,958,481,284576,220.995,0.582277,965,-1,ok,0,0,0,0,964,1,1,0.485756,960,1639,1845,1,0.957598,960,4408,5218,16.1189,73053,958
1,162,2332432,2665491,284,143,29074,14.3749,0.354713,287,-1,ok,0,0,0,0,286,1,1,0.386913,284,350,554,1,0.253492,284,594,1596,2.36132,6170,284
1,163,2554867,820141,1438,720,427338,349.051,1.75194,1447,-1,ok,0,0,0,0,1446,1,1,2.33778,1438,1498,2625,1,1.52643,1438,1782,6910,2.71645,5278,1438
1,164,816636,1589983,1083,543,275037,201.924,1.08661,1088,-1,ok,0,0,0,0,1087,1,1,1.0572,1083,1083,1853,1,0.886625,1083,1316,4999,0.738719,1377,1083
1,165,2144577,2486159,628,315,149342,95.3747,0.588037,641,-1,ok,0,0,0,0,640,1,1,0.620668,628,927,1140,1,0.72325,628,2026,3099,7.9463,37091,628
1,166,2257019,735014,1996,1005,482822,425.495,1.96238,2013,-1,ok,0,0,0,0,2012,1,1,2.83387,2006,3499,3644,1,3.39846,2006,9341,10023,206.455,639164,1996
1,167,2095650,935010,1005,514,265514,214.662,1.27886,1032,-1,ok,0,0,0,0,1031,1,1,1.72771,1027,1649,1727,1,1.73184,1027,4236,4701,3.51743,14265,1005
1,168,312457,989659,778,390,111977,64.8289,0.896583,783,-1,ok,0,0,0,0,782,1,1,0.864815,778,778,1327,1,0.607435,778,822,3251,1.64532,3848,778
1,169,2882141,1067685,1170,587,220660,166.859,1.72353,1175,-1,ok,0,0,0,0,1174,1,1,2.36509,1170,1582,2260,1,1.86496,1170,2681,6490,16.2086,53399,1170
1,170,1662824,2681105,1085,544,321535,270.712,1.23795,1092,-1,ok,0,0,0,0,1091,1,1,1.24318,1085,1085,2054,1,0.907264,1085,1114,5583,5.17148,21575,1085
1,171,1703180,546367,1232,616,352983,323.213,1.31233,1237,-1,ok,0,0,0,0,1236,1,1,1.67675,1232,1238,2243,1,1.08745,1232,1247,5865,3.42553,9405,1232
1,172,2090483,588991,1314,658,442058,368.477,1.5959,1323,-1,ok,0,0,0,0,1322,1,1,2.11408,1314,1389,2321,1,1.50259,1314,1786,6616,3.8449,13362,1314
1,173,2669970,1153251,1524,762,415848,337.895,1.64355,1525,-1,ok,0,0,0,0,1524,1,1,2.03327,1524,1524,2646,1,1.44944,1524,1599,7349,1.29205,2581,1524
1,174,2801102,1556461,1651,826,373728,318.751,1.49507,1660,-1,ok,0,0,0,0,1659,1,1,1.78888,1651,1815,3076,1,1.46603,1651,2538,8470,12.2287,33732,1651
1,175,2862760,2446461,730,367,159022,98.5516,0.628523,737,-1,ok,0,0,0,0,736,1,1,0.670983,730,730,1382,1,0.468886,730,799,3962,0.795485,2114,730
1,176,1728209,2803901,1739,871,455664,396.341,1.44302,1748,-1,ok,0,0,0,0,1747,1,1,1.88527,1739,3096,3305,1,2.82007,1739,8150,9157,62.0634,205878,1739
1,177,330269,1345015,1018,510,217393,146.882,1.21387,1025,-1,ok,0,0,0,0,1024,1,1,1.32462,1018,1041,1949,1,1.01891,1018,1080,5506,2.12547,5477,1018
1,178,3017924,2896984,407,205,51601,26.5819,0.255297,410,-1,ok,0,0,0,0,409,1,1,0.243134,407,407,777,1,0.215943,407,656,2189,1.9673,9887,407
1,179,910292,1126401,229,115,17913,8.16703,0.223587,232,-1,ok,0,0,0,0,231,1,1,0.272047,229,229,418,1,0.125014,229,229,1234,0.19882,329,229
1,180,2006593,1670863,1240,621,354003,327.614,0.761732,1249,-1,ok,0,0,0,0,1248,1,1,0.710767,1240,1605,2389,1,0.874312,1240,2462,6847,4.24268,18067,1240
1,181,2078347,3155254,1385,694,495607,405.974,1.48393,1390,-1,ok,0,0,0,0,1389,1,1,1.72757,1385,1913,2644,1,1.58143,1385,3910,7547,151.896,376164,1385
1,182,2709648,2878665,277,140,24935,11.8569,0.193452,282,-1,ok,0,0,0,0,281,1,1,0.174216,277,277,554,1,0.115265,277,277,1658,0.146924,314,277
1,183,460429,2828556,1989,995,465806,398.816,2.36353,1992,-1,ok,0,0,0,0,1991,1,1,2.88553,1989,1989,3614,1,2.27788,1989,2324,10049,3.94907,8183,1989
1,184,909956,1352984,474,238,87361,52.0201,0.533748,477,-1,ok,0,0,0,0,476,1,1,0.581966,474,474,844,1,0.291165,474,491,2429,4.09729,19392,474
1,185,2598310,614849,1241,621,381474,322.082,1.80911,1246,-1,ok,0,0,0,0,1245,1,1,2.56019,1241,1241,2304,1,1.9202,1241,1241,6496,1.26946,1243,1241
1,186,1732162,381072,1507,754,494307,410.791,1.64679,1508,-1,ok,0,0,0,0,1507,1,1,2.36787,1507,2492,2682,1,2.53775,1507,6156,6990,165.36,461122,1507
1,187,2864255,987151,1339,680,319170,231.124,1.7907,1366,-1,ok,0,0,0,0,1365,1,1,2.49938,1359,1747,2256,1,2.20256,1359,3696,6301,3.85051,11474,1339
1,188,613280,1998545,1505,754,387199,343.234,1.78158,1510,-1,ok,0,0,0,0,1509,1,1,1.84318,1505,1505,2805,1,1.47795,1505,1793,7678,7.48111,27552,1505
1,189,769257,2619619,1324,662,331111,259.513,1.7927,1329,-1,ok,0,0,0,0,1328,1,1,2.2155,1324,1601,2571,1,1.67881,1324,3012,7398,10.2349,33516,1324
1,190,1700379,924636,488,246,103320,62.1626,0.757555,493,-1,ok,0,0,0,0,492,1,1,1.00723,488,488,964,1,0.466329,488,488,2803,1.2055,2717,488
1,191,489236,2011181,1701,852,400196,363.706,1.72444,1708,-1,ok,0,0,0,0,1707,1,1,2.00659,1701,1701,3171,1,1.67552,1701,2031,8774,7.63565,29617,1701
1,192,1225462,1170705,1015,509,234637,184.494,0.790507,1018,-1,ok,0,0,0,0,1017,1,1,0.685881,1015,1225,1801,1,0.768273,1015,2313,5185,10.8217,50850,1015
1,193,1873151,1744747,675,339,177415,128.209,0.445352,680,-1,ok,0,0,0,0,679,1,1,0.313305,675,675,1307,1,0.341106,675,777,3750,3.12754,15703,675
1,194,2468599,2302602,643,321,146751,92.2922,0.545669,650,-1,ok,0,0,0,0,649,1,1,0.536693,643,941,1138,1,0.535811,643,1868,2947,13.2608,59069,643
1,195,2943977,2062115,628,315,120168,71.2661,0.856991,633,-1,ok,0,0,0,0,632,1,1,1.08802,628,628,1224,1,0.631609,628,691,3553,1.42247,2590,628
1,196,587996,382135,775,389,141394,85.6322,0.532515,778,-1,ok,0,0,0,0,777,1,1,0.430074,775,775,1463,1,0.532836,775,1520,4080,5.14446,25018,775
1,197,1795388,2559139,975,488,358198,326.662,1.06803,980,-1,ok,0,0,0,0,979,1,1,0.981883,975,975,1796,1,0.780227,975,1167,4897,0.608337,975,975
1,198,430706,1816036,1949,975,449215,387.722,1.77836,1952,-1,ok,0,0,0,0,1951,1,1,2.39403,1949,3579,3611,1,3.56193,1949,9838,9983,266.546,727212,1949
1,199,2709791,743716,1567,784,465240,370.798,1.87608,1572,-1,ok,0,0,0,0,1571,1,1,2.61005,1567,1567,2732,1,1.55497,1567,1685,7734,23.8427,74094,1567
1,200,2317486,1682523,790,395,233930,170.427,0.865746,793,-1,ok,0,0,0,0,792,1,1,0.895802,790,936,1392,1,0.719343,790,1334,3684,1.72148,7120,790
1,201,848074,2660956,1289,646,267143,204.059,1.74419,1294,-1,ok,0,0,0,0,1293,1,1,2.10776,1289,1289,2324,1,1.37896,1289,1470,6582,13.427,41549,1289
1,202,2051630,2425358,880,441,226536,169.868,0.727407,883,-1,ok,0,0,0,0,882,1,1,0.587868,880,880,1716,1,0.519932,880,913,4818,2.61257,12520,880
1,203,2138232,3170486,1784,893,443605,392.038,1.62648,1789,-1,ok,0,0,0,0,1788,1,1,1.82615,1784,1915,3340,1,1.64306,1784,2496,9175,31.9072,104969,1784
1,204,1443071,807450,574,287,102582,62.3063,0.687543,577,-1,ok,0,0,0,0,576,1,1,0.915831,574,574,1054,1,0.482811,574,641,2910,0.880703,1132,574
1,205,1144422,3049691,2080,1041,528705,463.52,2.15683,2087,-1,ok,0,0,0,0,2086,1,1,2.93587,2080,3602,3829,1,3.75148,2080,9225,10204,237.947,753132,2080
1,206,377442,2376747,1648,825,376682,332.841,2.09624,1651,-1,ok,0,0,0,0,1650,1,1,2.50406,1648,1790,2865,1,1.77947,1648,2417,7481,5.89529,15424,1648
1,207,1401797,2931005,1642,822,491570,437.279,1.7122,1647,-1,ok,0,0,0,0,1646,1,1,1.90332,1642,1642,3056,1,1.56441,1642,1852,8319,1.15803,1642,1642
1,208,2488208,1785008,991,497,256689,183.571,0.976593,996,-1,ok,0,0,0,0,995,1,1,1.01772,991,991,1796,1,0.774617,991,1027,4817,0.601895,1460,991
1,209,2517430,2632913,587,294,132111,82.0038,0.563863,590,-1,ok,0,0,0,0,589,1,1,0.617483,587,813,1123,1,0.53592,587,1695,3017,14.1322,55759,587
1,210,1804529,2670473,625,313,166184,107.462,0.927812,628,-1,ok,0,0,0,0,627,1,1,0.971895,625,625,1186,1,0.675392,625,886,3318,0.502198,814,625
1,211,792304,2700845,1601,801,371867,345.798,1.8995,1604,-1,ok,0,0,0,0,1603,1,1,2.29115,1601,1673,3115,1,1.65711,1601,2456,8727,4.9516,14838,1601
1,212,292558,448522,757,380,125131,73.2032,0.504432,762,-1,ok,0,0,0,0,761,1,1,0.426165,757,1045,1442,1,0.586305,757,2131,4095,4.1071,20443,757
1,213,2987559,1182868,2093,1047,492983,405.355,2.03189,2098,-1,ok,0,0,0,0,2097,1,1,2.81474,2093,2167,3823,1,1.98707,2093,2536,10560,6.31274,20670,2093
1,214,3031564,1350417,1027,514,167118,100.525,1.49861,1034,-1,ok,0,0,0,0,1033,1,1,2.43429,1027,1840,1933,1,2.64767,1027,5020,5532,25.1502,53496,1027
1,215,3155823,373649,2172,1087,475954,376.793,2.46432,2179,-1,ok,0,0,0,0,2178,1,1,3.59045,2172,2172,4076,1,2.70748,2172,2561,11603,12.8005,37219,2172
1,216,371781,1935939,921,462,197897,139.603,1.48552,926,-1,ok,0,0,0,0,925,1,1,1.82043,921,1071,1813,1,1.66861,921,2164,5353,9.56802,28771,921
1,217,2855984,2571946,520,261,89659,50.6142,0.392662,521,-1,ok,0,0,0,0,520,1,1,0.419313,520,520,1044,1,0.312024,520,628,2994,0.297607,520,520
1,218,465556,3102078,1943,972,499706,401.964,2.47698,1946,-1,ok,0,0,0,0,1945,1,1,3.09637,1943,1943,3435,1,2.19087,1943,1948,9571,1.64957,2235,1943
1,219,3106562,1461822,2273,1137,481129,397.682,2.00458,2276,-1,ok,0,0,0,0,2275,1,1,2.96628,2273,4199,4242,1,4.06696,2273,11283,11508,295.157,900726,2273
1,220,2389443,1100586,779,391,234335,173.802,1.29899,784,-1,ok,0,0,0,0,783,1,1,1.74288,779,1278,1536,1,1.86753,779,3374,4417,8.44642,30377,779
1,221,1209891,3199598,1812,907,460799,410.944,2.02008,1815,-1,ok,0,0,0,0,1814,1,1,2.36661,1812,1821,3266,1,1.67837,1812,2116,8823,6.55033,13983,1812
1,222,1628263,3038908,1441,720,519184,420.354,1.69883,1442,-1,ok,0,0,0,0,1441,1,1,2.11047,1441,2329,2537,1,2.50135,1441,5669,6541,152.943,488535,1441
1,223,996318,538495,877,440,270605,208.986,0.754699,882,-1,ok,0,0,0,0,881,1,1,0.779767,877,877,1671,1,0.588538,877,877,4955,0.588248,877,877
1,224,2666230,1916875,1680,841,432181,373.42,1.20128,1687,-1,ok,0,0,0,0,1686,1,1,1.57626,1680,3081,3143,1,2.59729,1680,8357,8653,111.487,339882,1680
1,225,1214391,1343195,898,451,265359,210.202,0.573199,903,-1,ok,0,0,0,0,902,1,1,0.457254,900,917,1717,1,0.471511,900,1008,4913,5.05649,21905,898
1,226,650861,1693026,614,308,122531,76.128,0.98079,619,-1,ok,0,0,0,0,618,1,1,1.19262,614,614,1122,1,0.702231,614,615,3346,0.886025,614,614
1,227,1007288,1215730,474,238,78677,43.7567,0.368838,477,-1,ok,0,0,0,0,476,1,1,0.349172,474,474,878,1,0.263543,474,552,2567,1.83141,9166,474
1,228,2161129,565602,1613,807,519582,425.652,1.74231,1614,-1,ok,0,0,0,0,1613,1,1,2.26387,1613,1613,2983,1,1.57445,1613,1613,8332,1.63944,2367,1613
1,229,2785103,1597956,1513,758,386791,332.294,1.37857,1520,-1,ok,0,0,0,0,1519,1,1,1.73316,1513,1659,2695,1,1.39951,1513,2192,7267,2.05189,6665,1513
1,230,1392321,355276,821,411,261541,200.226,1.10525,824,-1,ok,0,0,0,0,823,1,1,1.42395,821,821,1510,1,0.849526,821,821,4313,0.746644,857,821
1,231,2051789,1806580,591,295,75746,42.1054,0.478472,592,-1,ok,0,0,0,0,591,1,1,0.523467,591,855,1125,1,0.63225,591,1879,3211,4.86054,21480,591
1,232,1102446,3057237,1135,569,382806,333.593,1.79669,1140,-1,ok,0,0,0,0,1139,1,1,2.22167,1135,1346,2201,1,1.5261,1135,2328,6322,4.76238,13027,1135
1,233,2397085,1013039,923,462,250571,188.599,1.37681,926,-1,ok,0,0,0,0,925,1,1,1.76232,923,923,1809,1,1.01858,923,940,5320,5.42878,14385,923
1,234,1287529,1866275,1267,635,387845,363.06,1.03435,1272,-1,ok,0,0,0,0,1271,1,1,0.950895,1267,1267,2350,1,0.783914,1267,1319,6472,4.10348,19969,1267
1,235,1687683,418136,1252,626,480955,408.319,1.49901,1253,-1,ok,0,0,0,0,1252,1,1,1.79161,1252,1252,2276,1,1.21054,1252,1252,6313,20.1033,65454,1252
1,236,2722809,932643,2100,1051,515728,411.492,2.10244,2107,-1,ok,0,0,0,0,2106,1,1,2.77404,2100,2276,3947,1,2.07481,2100,2673,10535,8.79828,31293,2100
1,237,2665523,3047256,1417,710,336445,274.821,1.67554,1420,-1,ok,0,0,0,0,1419,1,1,1.91127,1417,2102,2775,1,1.67248,1417,4479,7826,145.914,291273,1417
1,238,1923409,2905912,843,422,279526,220.506,1.11896,844,-1,ok,0,0,0,0,843,1,1,1.14573,843,843,1499,1,0.899017,843,849,4027,3.29934,12908,843
1,239,875283,1311303,664,332,126188,79.1963,0.617753,669,-1,ok,0,0,0,0,668,1,1,0.676793,664,847,1250,1,0.688735,664,1857,3326,8.41503,37825,664
1,240,2918198,639738,1606,814,377658,338.228,2.0821,1633,-1,ok,0,0,0,0,1632,1,1,3.03766,1626,2093,2786,1,2.64321,1626,4362,7833,2.87264,3865,1606
1,241,1337751,1159597,145,73,8766,3.90375,0.146153,148,-1,ok,0,0,0,0,147,1,1,0.147165,145,145,284,1,0.071063,145,145,831,0.107961,145,145
1,242,1804529,3222731,986,494,388403,346.666,1.34322,993,-1,ok,0,0,0,0,992,1,1,1.61389,986,986,1894,1,1.41536,986,1214,5477,16.9472,52110,986
1,243,2545706,1651771,1162,582,297448,225.58,1.13858,1171,-1,ok,0,0,0,0,1170,1,1,1.30626,1162,1326,2112,1,1.03249,1162,1712,5654,1.76518,5020,1162
1,244,807710,2239366,1940,971,506187,434.416,1.81059,1943,-1,ok,0,0,0,0,1942,1,1,1.94643,1940,1940,3335,1,1.71109,1940,2219,9040,29.9275,116749,1940
1,245,3201629,632825,1631,817,390774,340.019,2.21282,1636,-1,ok,0,0,0,0,1635,1,1,3.31572,1631,1631,3170,1,2.02332,1631,1631,8966,12.2401,38880,1631
1,246,2019093,3174345,1036,520,328950,275.64,1.25492,1045,-1,ok,0,0,0,0,1044,1,1,1.36838,1036,1083,1913,1,1.07314,1036,1291,5377,2.47068,9263,1036
1,247,2955346,1703765,1276,639,233033,175.063,1.40594,1279,-1,ok,0,0,0,0,1278,1,1,1.63249,1276,1276,2468,1,1.21463,1276,1306,6977,4.70447,12131,1276
1,248,541380,1361733,957,479,156543,103.313,1.02572,960,-1,ok,0,0,0,0,959,1,1,1.11641,957,1012,1741,1,0.91551,957,1425,4881,5.27639,21833,957
1,249,3113781,786831,2642,1322,523072,427.712,2.44913,2649,-1,ok,0,0,0,0,2648,1,1,3.32394,2642,2691,4962,1,2.40154,2642,2642,13408,28.1737,107553,2642
1,250,726020,696308,1081,541,246195,185.761,0.700447,1084,-1,ok,0,0,0,0,1083,1,1,0.570003,1081,1455,2037,1,0.87888,1081,3132,5885,13.2064,50498,1081
1,251,553589,2992564,1414,709,371644,348.685,2.20203,1421,-1,ok,0,0,0,0,1420,1,1,3.00561,1416,2226,2737,1,3.4239,1416,5398,7891,19.2066,42836,1414
1,252,1843611,2188440,1312,657,375989,360.601,0.948812,1317,-1,ok,0,0,0,0,1316,1,1,0.770368,1312,1388,2432,1,0.843226,1312,2016,6741,9.54545,39358,1312
1,253,334027,2354825,1725,874,428181,358.823,2.05632,1752,-1,ok,0,0,0,0,1751,1,1,2.76267,1745,2858,3144,1,3.00815,1745,6911,8456,3.89478,8592,1725
1,254,2138232,528223,1703,859,417118,388.312,1.7313,1720,-1,ok,0,0,0,0,1719,1,1,2.28174,1713,1853,3152,1,1.6761,1713,2662,8883,14.439,55690,1703
1,255,2920261,1514740,1066,534,250338,173.501,1.39171,1069,-1,ok,0,0,0,0,1068,1,1,2.13938,1066,1822,1928,1,2.33849,1066,4850,5232,42.8518,142742,1066
1,256,1963166,1687516,403,203,61888,33.6898,0.375261,408,-1,ok,0,0,0,0,407,1,1,0.378216,403,410,782,1,0.226833,403,421,2208,0.360794,870,403
1,257,610635,2538272,1234,620,273862,226.391,1.76946,1247,-1,ok,0,0,0,0,1246,1,1,2.2244,1238,1241,2352,1,1.96614,1238,2350,6607,4.37928,10127,1234
1,258,2978886,649484,1616,809,197195,149.049,2.05055,1625,-1,ok,0,0,0,0,1624,1,1,3.44085,1616,2970,3085,1,3.6187,1616,8281,8890,79.7912,185927,1616
1,259,769160,1514768,962,482,194734,147.406,1.0667,967,-1,ok,0,0,0,0,966,1,1,1.06604,962,1218,1820,1,0.942319,962,2022,4911,9.21606,34250,962
1,260,3115044,1697807,1444,724,348046,260.165,1.54035,1449,-1,ok,0,0,0,0,1448,1,1,1.9567,1444,1477,2774,1,1.34208,1444,1606,7931,1.74849,2358,1444
1,261,1835879,2014773,1360,680,325804,273.494,0.875334,1373,-1,ok,0,0,0,0,1372,1,1,0.710957,1360,1655,2581,1,0.873442,1360,2750,7435,18.9491,82259,1360
1,262,1550309,1217369,267,133,24995,12.0152,0.338972,268,-1,ok,0,0,0,0,267,1,1,0.492579,267,385,529,1,0.298377,267,845,1533,1.67015,4790,267
1,263,1455274,2689959,801,402,252838,199.476,1.23507,804,-1,ok,0,0,0,0,803,1,1,1.37802,801,801,1473,1,1.05446,801,906,3898,1.00152,831,801
1,264,1863586,2791354,1283,643,440048,455.478,1.58576,1288,-1,ok,0,0,0,0,1287,1,1,1.4892,1283,1283,2301,1,0.996601,1283,1376,6393,29.7423,109590,1283
1,265,1878699,2430675,931,467,293959,252.305,1.0277,938,-1,ok,0,0,0,0,937,1,1,0.972735,931,931,1736,1,0.62165,931,931,4900,2.77222,11881,931
1,266,1109092,2589721,1865,934,460214,443.123,1.91817,1872,-1,ok,0,0,0,0,1871,1,1,2.62124,1865,3352,3430,1,3.30513,1865,8958,9344,209.688,563016,1865
1,267,2786859,1809984,1068,536,230425,173.777,1.33279,1079,-1,ok,0,0,0,0,1078,1,1,1.57933,1068,1086,1977,1,0.978467,1068,1146,5403,6.52779,13936,1068
1,268,2948186,2866807,424,213,31887,14.7498,0.278571,427,-1,ok,0,0,0,0,426,1,1,0.222186,424,424,852,1,0.192098,424,424,2560,0.183312,424,424
1,269,837275,3217710,2157,1080,486279,445.717,2.71076,2162,-1,ok,0,0,0,0,2161,1,1,3.26743,2157,2157,4026,1,1.97298,2157,2157,11250,2.7553,4785,2157
1,270,1633134,3007164,1393,698,453724,434.55,1.68828,1398,-1,ok,0,0,0,0,1397,1,1,1.94214,1393,1393,2625,1,1.45697,1393,2066,6953,0.732036,2433,1393
1,271,3177553,363823,1951,975,447927,372.972,2.82898,1956,-1,ok,0,0,0,0,1955,1,1,3.95901,1951,2817,3589,1,3.62985,1951,5999,9866,70.7758,213424,1951
1,272,1545611,2173818,374,187,46930,25.3195,0.69651,375,-1,ok,0,0,0,0,374,1,1,0.823737,374,382,731,1,0.307874,374,420,2166,0.48649,672,374
1,273,2234670,1030403,742,373,216998,175.032,1.29004,747,-1,ok,0,0,0,0,746,1,1,1.81811,742,1166,1446,1,1.82395,742,2755,4084,6.02855,21480,742
1,274,1061263,517752,391,197,60692,34.1354,0.625377,396,-1,ok,0,0,0,0,395,1,1,0.701028,391,391,605,1,0.333312,391,392,1743,0.436306,391,391
1,275,2611184,1093057,1834,919,473411,416.584,2.64821,1841,-1,ok,0,0,0,0,1840,1,1,3.15661,1834,1950,3400,1,2.09239,1834,2442,9089,5.99057,23458,1834
1,276,1860944,3238002,887,445,199607,181.214,1.62713,890,-1,ok,0,0,0,0,889,1,1,2.33918,887,979,1375,1,1.09921,887,1281,3931,2.51046,7360,887
1,277,2169703,1399028,791,396,224665,187.673,1.09827,796,-1,ok,0,0,0,0,795,1,1,1.119,791,832,1301,1,0.729232,791,1126,3667,7.49833,33161,791
1,278,1948620,2128617,131,67,7416,3.22853,0.164487,134,-1,ok,0,0,0,0,133,1,1,0.157152,131,149,257,1,0.120185,131,286,726,0.905359,2436,131
1,279,2566018,882646,1597,800,494397,401.17,2.20435,1602,-1,ok,0,0,0,0,1601,1,1,3.4942,1597,2764,2959,1,3.50756,1597,7248,8180,248.367,617665,1597
1,280,929280,999352,167,84,11778,5.47594,0.127578,168,-1,ok,0,0,0,0,167,1,1,0.086041,167,167,336,1,0.090188,167,167,1012,0.071143,167,167
1,281,924154,2537686,1628,817,483612,422.869,1.91064,1635,-1,ok,0,0,0,0,1634,1,1,2.21969,1630,1639,3042,1,1.54077,1630,2193,8438,3.74124,10751,1628
1,282,2000652,1137046,874,438,294595,238.52,1.16289,877,-1,ok,0,0,0,0,876,1,1,1.27551,874,874,1511,1,0.858071,874,874,4204,0.407251,889,874
1,283,2582565,607763,1299,651,359032,360.14,2.04002,1304,-1,ok,0,0,0,0,1303,1,1,3.40922,1299,1299,2369,1,1.56497,1299,1299,7013,1.21999,1299,1299
1,284,3245185,785165,2684,1344,508734,497.306,2.76575,2693,-1,ok,0,0,0,0,2692,1,1,4.1209,2684,3471,5006,1,3.8874,2684,6260,13518,70.3554,258035,2684
1,285,1231498,2364091,1022,511,224896,180.373,1.43757,1023,-1,ok,0,0,0,0,1022,1,1,1.70245,1022,1022,1901,1,0.974068,1022,1030,4921,2.42971,5477,1022
1,286,1066192,1226502,199,100,11226,5.19206,0.183983,200,-1,ok,0,0,0,0,199,1,1,0.212907,199,199,400,1,0.084036,199,199,1204,0.083887,199,199
1,287,1869193,2052669,328,164,46672,25.3781,0.424463,331,-1,ok,0,0,0,0,330,1,1,0.412401,328,361,466,1,0.266046,328,808,1346,4.96825,21267,328
1,288,2994814,3098447,829,416,131531,79.4537,0.583509,834,-1,ok,0,0,0,0,833,1,1,0.391571,829,830,1639,1,0.404136,829,1139,4824,4.22541,17762,829
1,289,1797269,848583,613,308,166669,116.347,1.08383,618,-1,ok,0,0,0,0,617,1,1,1.48147,613,613,1214,1,0.892427,613,613,3587,0.814283,1897,613
1,290,1214793,1750358,1135,567,239934,198.408,1.0361,1138,-1,ok,0,0,0,0,1137,1,1,1.12094,1135,1642,2181,1,1.31213,1135,3668,6197,16.5393,68787,1135
1,291,2831898,2102650,653,327,113610,67.4209,0.976664,656,-1,ok,0,0,0,0,655,1,1,1.43694,653,653,1234,1,0.585904,653,701,3517,0.74251,653,653
1,292,2244867,2707981,771,387,120512,72.7411,0.763766,778,-1,ok,0,0,0,0,777,1,1,0.96513,771,771,1467,1,0.48788,771,920,4025,3.49379,10128,771
1,293,1073058,1365640,1214,607,258506,207.964,0.874302,1215,-1,ok,0,0,0,0,1214,1,1,0.823858,1214,1603,2359,1,1.0457,1214,3727,6892,31.9869,125923,1214
1,294,2216425,1540683,1508,756,486806,410.388,1.51631,1519,-1,ok,0,0,0,0,1518,1,1,1.60421,1510,1558,2829,1,1.1309,1510,2104,7565,94.9961,291143,1508
1,295,2060741,2215164,463,232,52980,28.8102,0.334063,464,-1,ok,0,0,0,0,463,1,1,0.36448,463,463,865,1,0.228497,463,463,2462,0.158777,463,463
1,296,1441555,704228,1628,815,452205,422.852,1.45799,1631,-1,ok,0,0,0,0,1630,1,1,2.10385,1628,2778,3092,1,2.25551,1628,7109,8738,53.7137,206765,1628
1,297,2513611,686770,1174,589,366492,324.812,2.02411,1179,-1,ok,0,0,0,0,1178,1,1,3.29406,1174,1174,2177,1,1.38036,1174,1176,5981,7.35032,16039,1174
1,298,1306030,2886412,938,471,325834,263.071,1.75446,943,-1,ok,0,0,0,0,942,1,1,2.75372,938,1310,1812,1,1.6447,938,2878,4869,12.6187,32381,938
1,299,404356,1929489,1380,690,316859,242.098,2.0351,1381,-1,ok,0,0,0,0,1380,1,1,2.53323,1380,1380,2458,1,1.33015,1380,1421,6438,6.20937,18896,1380
2,0,2654607,497695,1710,428,116827,61.1479,2.79325,1721,-1,ok,0,0,0,0,1720,1,1,3.59694,1710,1924,5829,1,1.87021,1710,2874,16302,5.4808,12833,1710
2,1,2221473,1571062,1589,402,103634,55.4662,1.56834,1632,-1,ok,0,0,0,0,1631,1,1,1.95674,1609,4655,5368,1,2.80212,1609,10997,15183,47.3397,160357,1589
2,2,641811,2589149,1344,336,91789,45.5349,2.50543,1347,-1,ok,0,0,0,0,1346,1,1,2.66366,1344,1344,4494,1,1.56787,1344,1925,12322,2.25787,3632,1344
2,3,2250714,2339143,278,70,7447,3.05463,0.232003,287,-1,ok,0,0,0,0,286,1,1,0.214451,278,278,1079,1,0.110046,278,278,3151,0.096801,278,278
2,4,2536396,353659,1876,473,111437,54.9326,2.69303,1899,-1,ok,0,0,0,0,1898,1,1,3.5966,1896,3265,6266,1,2.73183,1896,7038,17376,12.0856,28227,1876
2,5,916591,1430479,1191,298,72893,35.1032,1.28581,1208,-1,ok,0,0,0,0,1207,1,1,1.09947,1191,1981,4403,1,1.30185,1191,4979,12429,42.0812,132776,1191
2,6,500826,2935247,2173,544,123490,61.9245,3.34029,2186,-1,ok,0,0,0,0,2185,1,1,3.98811,2173,2269,7662,1,1.96655,2173,2944,21101,11.9592,31438,2173
2,7,2429283,2288496,465,117,22550,10.3994,0.419613,472,-1,ok,0,0,0,0,471,1,1,0.312404,465,465,1757,1,0.156642,465,465,5292,0.236581,804,465
2,8,502542,1287255,645,162,18984,7.8096,1.04493,662,-1,ok,0,0,0,0,661,1,1,1.47897,645,1411,2293,1,1.05773,645,3066,6513,17.9223,63467,645
2,9,2726054,800471,1487,372,111710,56.3657,2.45177,1500,-1,ok,0,0,0,0,1499,1,1,3.28928,1487,1703,4457,1,1.25786,1487,2168,13003,1.83957,2150,1487
2,10,3031784,709412,1662,417,102874,49.0722,2.9144,1671,-1,ok,0,0,0,0,1670,1,1,4.45822,1662,1662,6016,1,1.30831,1662,1662,16745,39.605,146083,1662
2,11,813038,2649998,1861,467,129300,64.1505,2.55955,1888,-1,ok,0,0,0,0,1887,1,1,2.62767,1861,1861,5552,1,1.45761,1861,2557,15666,1.44727,2064,1861
2,12,2906523,1340129,1264,316,76158,35.7164,2.08913,1267,-1,ok,0,0,0,0,1266,1,1,2.34217,1264,1264,4536,1,1.00796,1264,1686,12502,24.921,73256,1264
2,13,2198005,2773306,1504,376,91821,47.6114,1.46265,1513,-1,ok,0,0,0,0,1512,1,1,2.08847,1506,4991,5662,1,3.54978,1506,12708,15079,58.7751,197182,1504
2,14,1009630,2195480,1009,252,44773,22.0703,1.63277,1010,-1,ok,0,0,0,0,1009,1,1,1.83652,1009,1009,3605,1,0.990208,1009,1721,9889,3.12974,8169,1009
2,15,2077961,2827531,1186,297,113304,60.6117,1.41946,1205,-1,ok,0,0,0,0,1204,1,1,1.33518,1186,1186,4543,1,0.654863,1186,1553,12761,36.4291,125454,1186
2,16,1553701,2469994,602,152,23318,10.9911,1.1048,623,-1,ok,0,0,0,0,622,1,1,1.1751,602,608,2235,1,0.393163,602,626,6275,1.90426,1976,602
2,17,2490161,384400,1409,353,113817,58.3006,2.4194,1414,-1,ok,0,0,0,0,1413,1,1,3.25112,1409,1927,4876,1,1.41606,1409,1428,13274,2.13361,1693,1409
2,18,2599025,2034587,1669,419,83992,43.3568,1.87206,1698,-1,ok,0,0,0,0,1697,1,1,2.33204,1669,3476,6350,1,2.11099,1669,7751,18087,36.42,141895,1669
2,19,1181060,2927824,1734,434,113706,58.6281,2.37956,1749,-1,ok,0,0,0,0,1748,1,1,2.38163,1734,1734,6224,1,1.1487,1734,1776,16909,14.1753,51628,1734
2,20,645781,614849,395,100,12209,5.37192,0.317293,402,-1,ok,0,0,0,0,401,1,1,0.227485,395,501,1481,1,0.359001,395,1571,4214,2.39665,12656,395
2,21,2468056,2256643,1145,286,59913,27.9197,0.969491,1158,-1,ok,0,0,0,0,1157,1,1,0.779816,1145,2093,4339,1,0.959381,1145,4607,12189,9.53671,41640,1145
2,22,251497,3219170,2176,546,128901,62.0055,3.50232,2207,-1,ok,0,0,0,0,2206,1,1,4.17906,2180,2530,8041,1,2.0965,2180,4306,22891,35.6969,83714,2176
2,23,569297,2803754,1948,487,117249,56.1322,2.73311,1959,-1,ok,0,0,0,0,1958,1,1,4.48261,1948,6527,6697,1,6.21801,1948,17576,18186,298.307,673122,1948
2,24,2520461,1501553,674,170,36589,16.7897,1.25012,689,-1,ok,0,0,0,0,688,1,1,1.39663,674,1238,2583,1,0.941167,674,1986,7332,3.398,7515,674
2,25,2003860,731758,1205,306,87041,46.8895,1.79033,1228,-1,ok,0,0,0,0,1227,1,1,2.26186,1225,1434,3955,1,1.05179,1225,2131,10682,7.67911,31467,1205
2,26,613334,2557422,1168,293,69424,32.7615,2.35406,1185,-1,ok,0,0,0,0,1184,1,1,4.29667,1174,4134,4437,1,4.08627,1174,11346,12567,8.50405,30286,1168
2,27,387537,2005469,1167,293,59744,27.5494,2.1516,1176,-1,ok,0,0,0,0,1175,1,1,2.54312,1167,1167,4394,1,1.08115,1167,1247,12440,1.98038,3473,1167
2,28,344125,2584166,2379,596,124255,60.9793,3.52158,2400,-1,ok,0,0,0,0,2399,1,1,6.22182,2379,7659,8171,1,6.713,2379,20109,21685,622.8,1.28006e+06,2379
2,29,2992346,1955386,784,197,40637,17.8763,1.38621,799,-1,ok,0,0,0,0,798,1,1,1.73519,784,1397,2525,1,0.944514,784,2883,7375,14.7197,52143,784
2,30,2891864,2043208,1327,333,93142,44.8944,1.58467,1352,-1,ok,0,0,0,0,1351,1,1,1.65663,1327,1637,4204,1,0.94263,1327,2372,11931,19.9803,79579,1327
2,31,593449,1109625,711,179,32256,14.3726,0.866237,716,-1,ok,0,0,0,0,715,1,1,0.863301,711,714,2385,1,0.361594,711,768,6636,1.22983,3075,711
2,32,2770066,477636,2303,580,122777,63.8706,3.03181,2332,-1,ok,0,0,0,0,2331,1,1,4.29448,2313,4267,8148,1,3.49828,2313,9181,22784,6.55932,15953,2303
2,33,1568488,2024378,743,187,53939,26.0492,1.08629,752,-1,ok,0,0,0,0,751,1,1,0.624647,743,743,2749,1,0.518549,743,1369,7731,0.927451,2836,743
2,34,2636861,1355914,1868,470,96226,52.3335,2.06775,1889,-1,ok,0,0,0,0,1888,1,1,2.57033,1868,3500,7157,1,2.98554,1868,8897,20536,31.7972,120630,1868
2,35,2807379,1728601,1223,306,77502,35.8589,1.6525,1242,-1,ok,0,0,0,0,1241,1,1,1.7923,1223,1511,4138,1,1.09851,1223,2350,10886,5.3515,16354,1223
2,36,548195,1129534,384,96,13217,5.94101,0.705638,393,-1,ok,0,0,0,0,392,1,1,0.706499,384,384,1281,1,0.265315,384,453,3520,0.66388,384,384
2,37,1403079,1097550,787,197,60940,29.6151,0.977515,794,-1,ok,0,0,0,0,793,1,1,1.37066,787,2244,2687,1,1.5414,787,5881,7518,31.4693,114224,787
2,38,1098506,2400310,1127,283,77750,37.8336,1.94379,1138,-1,ok,0,0,0,0,1137,1,1,1.89787,1127,1127,4021,1,0.736174,1127,1127,11416,1.24535,1127,1127
2,39,549302,2763681,1609,403,89899,45.1685,2.58305,1622,-1,ok,0,0,0,0,1621,1,1,2.83188,1609,1610,5508,1,1.37419,1609,1885,15759,43.6522,121137,1609
2,40,2830387,1329031,990,249,65921,30.3127,1.78824,1019,-1,ok,0,0,0,0,1018,1,1,2.13856,994,1176,3525,1,0.911362,994,1565,10021,4.43552,12620,990
2,41,2571837,1609971,1200,302,73718,35.7849,1.54303,1217,-1,ok,0,0,0,0,1216,1,1,1.65713,1200,1308,4216,1,0.906072,1200,1945,11704,1.1873,2243,1200
2,42,2269545,949398,1480,372,101973,54.3773,1.94267,1495,-1,ok,0,0,0,0,1494,1,1,2.12756,1480,1694,5191,1,1.3001,1480,2804,14028,3.09504,7900,1480
2,43,2386550,2005422,1757,440,120663,64.3513,1.61697,1778,-1,ok,0,0,0,0,1777,1,1,1.77311,1757,5323,6629,1,2.89531,1757,13997,18429,92.6053,350924,1757
2,44,3228329,1091487,1429,359,85207,42.0175,2.56584,1442,-1,ok,0,0,0,0,1441,1,1,3.14145,1429,1459,5358,1,1.30391,1429,1763,15330,2.26453,1429,1429
2,45,1252674,2899369,1220,306,37265,17.0731,2.25733,1233,-1,ok,0,0,0,0,1232,1,1,2.61663,1220,1220,4190,1,0.942551,1220,1586,11224,9.64251,38831,1220
2,46,1245004,2631833,1742,437,133540,71.4941,2.37322,1771,-1,ok,0,0,0,0,1770,1,1,2.45295,1742,1742,6283,1,1.37734,1742,2104,17285,11.7916,45741,1742
2,47,2746631,1120353,1791,450,83430,42.9586,2.37933,1814,-1,ok,0,0,0,0,1813,1,1,3.46842,1791,3503,6340,1,3.3373,1791,8438,17610,25.2341,94508,1791
2,48,1545941,1034885,778,196,37896,17.6894,1.52702,797,-1,ok,0,0,0,0,796,1,1,1.63908,778,1335,2741,1,0.792421,778,2715,6757,48.272,113131,778
2,49,707664,3179843,2152,538,119964,58.6632,3.03523,2159,-1,ok,0,0,0,0,2158,1,1,3.6458,2152,2152,7604,1,1.55622,2152,2152,21225,3.43684,4780,2152
2,50,2697605,251222,1758,441,120758,59.4421,3.16757,1781,-1,ok,0,0,0,0,1780,1,1,5.26496,1758,5618,6505,1,6.02574,1758,16084,18364,66.614,150765,1758
2,51,598957,1160461,516,131,18123,8.01353,0.760802,525,-1,ok,0,0,0,0,524,1,1,0.760039,516,1545,1977,1,1.16437,516,4170,5406,18.0811,59572,516
2,52,2808838,629110,1283,326,92786,45.2854,2.47132,1318,-1,ok,0,0,0,0,1317,1,1,3.84781,1297,2834,4947,1,2.47148,1297,4889,14237,2.71161,3610,1283
2,53,2674667,2450469,1734,435,81411,41.0332,1.87454,1749,-1,ok,0,0,0,0,1748,1,1,1.84904,1734,3134,6434,1,1.8784,1734,6854,18156,22.0934,104186,1734
2,54,902226,2397303,1907,477,120737,61.2648,2.37613,1926,-1,ok,0,0,0,0,1925,1,1,2.31871,1907,2097,6603,1,1.2831,1907,2618,17841,11.7091,48095,1907
2,55,3160580,2590500,1640,410,78923,36.9891,1.52487,1649,-1,ok,0,0,0,0,1648,1,1,2.41595,1640,5736,5928,1,4.043,1640,15799,16527,82.9124,319538,1640
2,56,3063115,1271576,1534,384,92921,45.3869,2.33841,1539,-1,ok,0,0,0,0,1538,1,1,2.50743,1534,1534,5430,1,1.20609,1534,1751,14713,23.6155,70700,1534
2,57,471188,1449834,1138,284,52521,24.2037,1.67998,1151,-1,ok,0,0,0,0,1150,1,1,2.10542,1138,3988,4030,1,2.85803,1138,10488,11195,46.9856,188958,1138
2,58,1353978,2059850,918,233,57901,27.8068,1.58056,933,-1,ok,0,0,0,0,932,1,1,2.06381,918,2973,3416,1,2.15457,918,7819,9265,105.185,240846,918
2,59,2540733,1967844,911,228,72481,35.1875,1.23077,920,-1,ok,0,0,0,0,919,1,1,1.18752,911,1510,2736,1,0.827595,911,3118,7712,40.9416,149390,911
2,60,2700562,1997667,1296,325,88187,44.9348,1.3435,1309,-1,ok,0,0,0,0,1308,1,1,1.21217,1296,1327,4290,1,0.683547,1296,1734,12528,7.91871,37558,1296
2,61,1637568,2044505,363,91,12222,5.69447,0.624066,372,-1,ok,0,0,0,0,371,1,1,0.58442,363,373,1235,1,0.19251,363,462,3446,1.12781,4049,363
2,62,1801679,2696751,1870,469,123308,64.9837,1.9465,1905,-1,ok,0,0,0,0,1904,1,1,2.75041,1870,6524,6673,1,4.59866,1870,17871,18366,105.757,366815,1870
2,63,598957,2906552,1287,322,81557,39.6049,2.71883,1288,-1,ok,0,0,0,0,1287,1,1,3.06278,1287,1287,5152,1,1.00943,1287,1287,15472,1.95861,1287,1287
2,64,1955372,794087,930,234,72578,36.3688,1.54821,939,-1,ok,0,0,0,0,938,1,1,1.62179,930,930,3472,1,0.64806,930,931,9679,1.06982,1021,930
2,65,2039260,2947726,1193,301,63747,31.559,1.68178,1204,-1,ok,0,0,0,0,1203,1,1,1.68856,1193,1523,3930,1,0.832424,1193,2251,11070,17.8348,65520,1193
2,66,556924,1599250,705,177,36221,15.9388,1.25161,708,-1,ok,0,0,0,0,707,1,1,1.28245,705,705,2595,1,3.76978,705,1585,7348,1.45433,3444,705
2,67,278380,2626389,2296,579,134090,62.8429,3.44515,2329,-1,ok,0,0,0,0,2328,1,1,4.56531,2316,6102,7735,1,4.92304,2316,15594,21343,6.18328,19686,2296
2,68,2339398,455629,2015,504,136184,69.3111,2.94747,2022,-1,ok,0,0,0,0,2021,1,1,3.58775,2015,2085,7183,1,1.6741,2015,2560,20147,2.0699,5306,2015
2,69,2397188,1012607,1150,289,81728,41.913,1.92453,1163,-1,ok,0,0,0,0,1162,1,1,2.52252,1150,1175,4133,1,0.940937,1150,1551,11631,1.34688,2867,1150
2,70,2467967,715435,1642,415,95192,51.1986,2.44941,1677,-1,ok,0,0,0,0,1676,1,1,3.10317,1662,3004,4957,1,2.58044,1662,6703,13938,10.1303,39324,1642
2,71,279709,835397,829,209,37538,16.5666,1.04554,840,-1,ok,0,0,0,0,839,1,1,1.18863,829,1131,3182,1,0.595643,829,1595,9029,1.39552,4287,829
2,72,825921,1088080,805,202,31935,13.9734,0.76011,810,-1,ok,0,0,0,0,809,1,1,0.907114,805,2129,2962,1,1.34682,805,5490,8212,9.37631,43024,805
2,73,2686056,3089348,412,104,12896,5.63317,0.622634,413,-1,ok,0,0,0,0,412,1,1,0.715716,412,686,1198,1,0.5249,412,1312,2908,9.80428,36298,412
2,74,935096,1634738,947,239,74074,36.5141,1.30263,962,-1,ok,0,0,0,0,961,1,1,1.13619,949,949,3440,1,0.887606,949,2349,9754,12.1145,51377,947
2,75,384006,760874,877,220,39223,17.2929,0.902145,884,-1,ok,0,0,0,0,883,1,1,0.694356,877,1183,3214,1,0.498962,877,1615,9013,10.5056,45115,877
2,76,1947155,898061,889,224,65016,32.2433,1.63343,902,-1,ok,0,0,0,0,901,1,1,1.83559,889,891,2983,1,0.594441,889,1081,8103,2.96106,9792,889
2,77,658137,789793,329,83,7871,3.14021,0.313095,334,-1,ok,0,0,0,0,333,1,1,0.207718,329,332,1291,1,0.110236,329,364,3521,0.262401,1038,329
2,78,363830,2056905,2015,505,103855,50.1435,2.53413,2028,-1,ok,0,0,0,0,2027,1,1,2.40948,2015,2135,7172,1,1.23442,2015,2340,19585,11.2968,34458,2015
2,79,1761748,2892020,756,190,55886,27.416,1.41368,761,-1,ok,0,0,0,0,760,1,1,1.73348,756,756,2887,1,0.848865,756,1154,8377,11.4668,38399,756
2,80,2351211,2029768,1106,278,67931,32.4426,1.20018,1133,-1,ok,0,0,0,0,1132,1,1,1.13701,1106,1823,3991,1,0.891816,1106,3515,10821,17.8587,53987,1106
2,81,647090,520796,364,91,12965,5.71838,0.329074,367,-1,ok,0,0,0,0,366,1,1,0.229208,364,364,1434,1,0.151282,364,364,4263,0.180406,364,364
2,82,2202913,1998284,1606,402,114602,62.0026,1.59878,1625,-1,ok,0,0,0,0,1624,1,1,1.70009,1606,4238,5497,1,2.42845,1606,11041,15020,80.5403,347668,1606
2,83,2307907,2951731,1581,396,107757,64.5775,1.41596,1588,-1,ok,0,0,0,0,1587,1,1,1.2015,1581,1581,6116,1,0.718052,1581,1594,16569,12.3924,49167,1581
2,84,1871832,591133,1610,415,110094,61.6681,1.9972,1689,-1,ok,0,0,0,0,1688,1,1,2.14775,1658,2255,5748,1,1.38395,1658,4054,15861,12.2859,45309,1610
2,85,1820468,769068,784,197,60868,29.8126,1.48595,793,-1,ok,0,0,0,0,792,1,1,1.53672,784,833,2965,1,0.582007,784,803,8161,0.841751,784,784
2,86,618657,2879486,1405,352,93967,46.7872,2.58171,1418,-1,ok,0,0,0,0,1417,1,1,3.25943,1405,2989,5229,1,2.94221,1405,7639,15402,13.9081,40711,1405
2,87,759127,2437547,1913,483,126928,67.8413,2.501,1944,-1,ok,0,0,0,0,1943,1,1,3.28673,1933,5402,6560,1,4.03101,1933,13926,17973,29.5603,111220,1913
2,88,2003626,436977,2082,521,132359,73.9119,2.58485,2097,-1,ok,0,0,0,0,2096,1,1,4.08551,2082,6985,7340,1,5.74579,2082,18854,20088,275.554,756660,2082
2,89,2088216,2111650,95,24,745,0.343421,0.146254,96,-1,ok,0,0,0,0,95,1,1,0.227265,95,165,299,1,0.116368,95,326,805,0.6107,1473,95
2,90,2481203,2200930,683,172,44212,22.247,0.758727,694,-1,ok,0,0,0,0,693,1,1,0.698193,683,683,2599,1,0.312212,683,755,7427,0.581166,1582,683
2,91,1827763,2791217,1053,265,100152,55.1798,1.80872,1080,-1,ok,0,0,0,0,1079,1,1,2.77098,1053,3021,3409,1,2.54723,1053,7776,9132,80.6099,247542,1053
2,92,1980418,1582954,557,145,24219,11.2967,0.729182,590,-1,ok,0,0,0,0,589,1,1,0.634555,577,939,1935,1,0.593187,577,2021,5604,0.379719,557,557
2,93,705039,752842,1000,251,58535,26.9158,0.960453,1017,-1,ok,0,0,0,0,1016,1,1,0.863562,1000,2648,3666,1,1.34488,1000,6529,10083,18.429,86677,1000
2,94,1158854,739502,341,85,9260,3.99581,0.603908,352,-1,ok,0,0,0,0,351,1,1,0.906332,341,1019,1272,1,0.763024,341,2701,3680,6.47815,20212,341
2,95,1350833,836719,972,243,86558,46.38,1.0636,977,-1,ok,0,0,0,0,976,1,1,0.793452,972,972,3502,1,0.47664,972,1083,9696,11.1514,46976,972
2,96,1556785,647066,1224,308,80910,40.8795,1.54419,1237,-1,ok,0,0,0,0,1236,1,1,1.70648,1224,1259,4668,1,0.770237,1224,1341,12557,8.35577,34441,1224
2,97,1944954,1109435,783,197,60392,29.0807,1.22626,790,-1,ok,0,0,0,0,789,1,1,1.26558,783,783,2788,1,0.564934,783,783,7650,0.76677,783,783
2,98,2668191,348531,1839,460,126437,59.775,3.03475,1846,-1,ok,0,0,0,0,1845,1,1,5.45883,1839,5640,5866,1,5.89469,1839,15273,16132,146.907,416088,1839
2,99,476033,1903328,1168,293,72977,33.9833,2.27606,1177,-1,ok,0,0,0,0,1176,1,1,3.02908,1168,3425,3850,1,3.53353,1168,9897,11370,147.235,311275,1168
2,100,795218,590026,122,32,1666,0.700928,0.261288,133,-1,ok,0,0,0,0,132,1,1,0.190456,122,128,494,1,0.071173,122,122,1469,0.125165,122,122
2,101,763468,1260833,843,211,29706,13.122,0.823828,844,-1,ok,0,0,0,0,843,1,1,1.18735,843,2982,3211,1,1.96192,843,8133,9425,23.8011,79344,843
2,102,3155979,534005,2083,522,124973,62.0731,3.20652,2106,-1,ok,0,0,0,0,2105,1,1,4.38236,2083,2306,6590,1,2.11514,2083,3626,18951,42.0976,119986,2083
2,103,2671843,2035386,1097,276,77215,36.3061,1.27677,1108,-1,ok,0,0,0,0,1107,1,1,1.10527,1097,1097,3737,1,0.619767,1097,1554,10869,5.98124,28074,1097
2,104,1072087,2077094,1175,297,96971,50.0242,1.75451,1202,-1,ok,0,0,0,0,1201,1,1,2.5635,1175,3801,4320,1,3.28794,1175,10124,12020,39.569,119881,1175
2,105,1830266,867972,1628,408,123983,65.4741,1.67209,1635,-1,ok,0,0,0,0,1634,1,1,1.78872,1628,1897,5793,1,1.13644,1628,2997,16221,37.484,143047,1628
2,106,2009385,672463,1221,306,102717,54.5667,1.77962,1234,-1,ok,0,0,0,0,1233,1,1,1.91377,1221,1244,4289,1,0.94751,1221,1313,11566,2.3922,7357,1221
2,107,1277732,1289510,1175,295,72422,37.8794,1.16359,1180,-1,ok,0,0,0,0,1179,1,1,1.10058,1175,2234,4150,1,1.16903,1175,5082,11709,20.8634,98639,1175
2,108,383929,2086407,1268,318,67355,30.4179,2.26342,1277,-1,ok,0,0,0,0,1276,1,1,2.43622,1268,1268,4779,1,1.18099,1268,1348,13540,20.9137,67976,1268
2,109,2032078,1699736,1336,336,77248,39.4632,1.12677,1351,-1,ok,0,0,0,0,1350,1,1,0.818419,1336,2008,5116,1,1.06105,1336,4191,14796,5.55501,25701,1336
2,110,958411,907673,588,146,32991,15.2957,0.621981,597,-1,ok,0,0,0,0,596,1,1,0.633262,588,1484,1942,1,0.71753,588,3617,5294,10.1037,46637,588
2,111,345881,908168,999,251,32175,13.0905,1.03766,1002,-1,ok,0,0,0,0,1001,1,1,0.77097,999,999,3700,1,0.444059,999,999,10218,12.6812,62389,999
2,112,921927,2826328,1275,318,73623,34.2397,2.33442,1292,-1,ok,0,0,0,0,1291,1,1,3.06476,1275,3597,4788,1,6.37658,1275,8911,13716,36.0545,96671,1275
2,113,558628,2150100,1156,290,66941,31.378,2.17636,1165,-1,ok,0,0,0,0,1164,1,1,2.46098,1156,1156,4104,1,1.074,1156,1590,11210,39.1238,83510,1156
2,114,732091,2459630,1421,356,97003,49.4844,2.40399,1444,-1,ok,0,0,0,0,1443,1,1,2.63937,1425,2004,4364,1,1.56265,1425,3097,12477,1.5682,2801,1421
2,115,398823,391093,624,156,26005,11.5525,0.54111,637,-1,ok,0,0,0,0,636,1,1,0.554526,624,1627,2327,1,0.796677,624,4182,6497,6.04668,30337,624
2,116,1510629,2959878,1054,265,78004,39.314,1.93657,1065,-1,ok,0,0,0,0,1064,1,1,2.98861,1054,1054,4060,1,0.676513,1054,1054,11650,22.0984,65295,1054
2,117,2096552,3082996,592,149,34369,16.1176,1.31159,593,-1,ok,0,0,0,0,592,1,1,1.73858,592,592,2384,1,0.452865,592,683,7038,0.68577,592,592
2,118,773297,2535823,1305,327,94971,47.8507,2.33517,1322,-1,ok,0,0,0,0,1321,1,1,3.62952,1311,3989,4255,1,3.94927,1311,10990,12282,14.9772,27954,1305
2,119,1540653,367496,2008,502,131916,73.4006,2.30036,2021,-1,ok,0,0,0,0,2020,1,1,2.47655,2008,2134,7244,1,1.22942,2008,2345,20064,1.21164,2196,2008
2,120,457915,1822951,1394,350,86233,43.4069,2.1191,1411,-1,ok,0,0,0,0,1410,1,1,1.93473,1394,1514,4879,1,0.930898,1394,1719,13267,0.853143,1394,1394
2,121,2144069,523360,2086,525,130911,68.1782,2.43636,2115,-1,ok,0,0,0,0,2114,1,1,4.18174,2106,6840,7024,1,5.52898,2106,18837,19427,294.053,785226,2086
2,122,1935902,3090329,1268,319,126501,68.1735,1.79909,1279,-1,ok,0,0,0,0,1278,1,1,1.89756,1268,1364,4469,1,0.956436,1268,1613,12289,1.26297,1489,1268
2,123,2854140,1596178,937,235,56090,25.2245,1.62384,942,-1,ok,0,0,0,0,941,1,1,1.88308,937,937,3643,1,0.897174,937,1117,10181,1.06532,1482,937
2,124,1967913,1747145,807,202,51005,25.2613,0.69619,820,-1,ok,0,0,0,0,819,1,1,0.571618,807,1345,2824,1,0.609628,807,2846,8192,1.94068,7908,807
2,125,2263205,1655305,838,217,60892,29.9475,1.14599,879,-1,ok,0,0,0,0,878,1,1,0.967426,862,991,2990,1,0.526092,862,1437,8158,0.47758,1240,838
2,126,2506297,1143924,984,248,68494,33.0807,1.87084,993,-1,ok,0,0,0,0,992,1,1,2.0426,984,984,3297,1,0.769157,984,1015,8688,3.39657,8287,984
2,127,1448472,1364093,562,142,24000,11.0584,0.763426,569,-1,ok,0,0,0,0,568,1,1,0.72792,562,896,1878,1,0.429432,562,1648,4973,8.73807,34287,562
2,128,1724010,2154870,1418,360,114878,64.7121,1.35851,1455,-1,ok,0,0,0,0,1454,1,1,1.24493,1438,4181,5140,1,2.27653,1438,11254,14898,50.6346,199433,1418
2,129,840467,2529952,1656,416,59230,29.8002,2.4739,1667,-1,ok,0,0,0,0,1666,1,1,2.79621,1656,2039,5022,1,1.20916,1656,2211,13942,13.1096,49614,1656
2,130,1792217,1212610,345,87,12570,5.33219,0.632532,352,-1,ok,0,0,0,0,351,1,1,0.725214,345,721,1355,1,0.52523,345,1716,4009,1.39397,2952,345
2,131,1328134,3208212,1967,492,132426,71.725,2.66312,1990,-1,ok,0,0,0,0,1989,1,1,2.60221,1967,2133,7051,1,1.73848,1967,2960,19307,11.3332,39324,1967
2,132,2891864,1675347,959,240,58536,26.8347,1.6184,966,-1,ok,0,0,0,0,965,1,1,2.07632,959,968,3385,1,0.631889,959,960,9367,1.20075,2811,959
2,133,2410465,2443796,1103,277,56584,26.6468,0.956686,1120,-1,ok,0,0,0,0,1119,1,1,0.881646,1103,2424,4134,1,1.20159,1103,5521,11361,12.9091,59149,1103
2,134,558433,2250280,1093,274,55255,28.614,2.20913,1098,-1,ok,0,0,0,0,1097,1,1,2.5847,1093,1093,4086,1,1.21671,1093,1944,11748,1.93055,2191,1093
2,135,1187532,720690,1013,254,69014,36.3317,1.20212,1018,-1,ok,0,0,0,0,1017,1,1,1.59241,1013,3496,3643,1,2.21453,1013,8905,9516,30.7533,126857,1013
2,136,2710078,1125700,1258,315,91504,46.5225,2.31314,1263,-1,ok,0,0,0,0,1262,1,1,2.61399,1258,1328,4422,1,1.33538,1258,1803,12100,3.86924,8328,1258
2,137,342829,2650131,1580,397,101455,49.1416,2.88435,1591,-1,ok,0,0,0,0,1590,1,1,3.12478,1580,1580,5652,1,1.35053,1580,1580,15991,54.2618,188923,1580
2,138,381156,591400,523,132,12716,5.79705,0.575274,528,-1,ok,0,0,0,0,527,1,1,0.581817,523,1348,1784,1,0.658939,523,2965,4896,2.92558,11973,523
2,139,620591,3052362,1412,353,89211,47.3887,3.05462,1419,-1,ok,0,0,0,0,1418,1,1,3.61772,1412,1454,5500,1,1.70274,1412,1555,16338,1.90393,1800,1412
2,140,1838465,1180686,1541,386,133360,69.004,1.70963,1582,-1,ok,0,0,0,0,1581,1,1,1.95863,1541,4521,5687,1,2.7848,1541,12282,15603,159.8,448735,1541
2,141,2808277,2315654,851,214,31478,14.3618,0.971855,872,-1,ok,0,0,0,0,871,1,1,1.1058,851,1137,3222,1,0.559044,851,1972,9145,2.4851,10053,851
2,142,2598310,2422034,222,56,5309,2.09572,0.299359,229,-1,ok,0,0,0,0,228,1,1,0.242243,222,222,892,1,0.114775,222,222,2652,0.131066,222,222
2,143,2845436,1668194,730,184,28122,12.0561,1.32227,749,-1,ok,0,0,0,0,748,1,1,1.93114,736,2319,2684,1,1.89418,736,6051,7377,10.9041,31596,730
2,144,2382918,526772,1377,344,91698,48.6082,2.55918,1390,-1,ok,0,0,0,0,1389,1,1,2.90235,1377,1377,5006,1,1.2125,1377,1435,14037,24.629,75408,1377
2,145,1931999,438444,1275,321,110076,61.2375,2.00333,1296,-1,ok,0,0,0,0,1295,1,1,2.27413,1275,1286,4381,1,1.01586,1275,1301,11664,1.328,1275,1275
2,146,2679978,515339,2241,562,130462,67.1139,2.87966,2268,-1,ok,0,0,0,0,2267,1,1,3.7144,2247,3613,7806,1,2.69313,2247,6528,21072,5.26689,15905,2241
2,147,2803019,1915102,1793,450,112153,63.4813,1.81734,1826,-1,ok,0,0,0,0,1825,1,1,2.85641,1793,6082,6344,1,5.21056,1793,16878,17808,141.308,368034,1793
2,148,913089,1331566,1323,330,90249,48.3758,1.41185,1336,-1,ok,0,0,0,0,1335,1,1,1.55912,1323,3945,4803,1,2.17201,1323,10468,13640,87.6504,271251,1323
2,149,634343,2276336,1305,328,87265,42.9504,2.19799,1312,-1,ok,0,0,0,0,1311,1,1,2.13656,1305,1305,4527,1,1.17135,1305,2165,12532,1.38554,1305,1305
2,150,1481794,3181212,1228,308,81158,40.9709,2.22018,1245,-1,ok,0,0,0,0,1244,1,1,2.18004,1228,1412,4156,1,1.3936,1228,2827,11024,35.6077,92183,1228
2,151,1474634,422363,1314,329,99686,53.9146,1.61272,1323,-1,ok,0,0,0,0,1322,1,1,1.59918,1314,1314,4822,1,0.76078,1314,1317,13337,2.95417,9827,1314
2,152,1834575,3226322,1174,294,77809,39.8714,1.90822,1189,-1,ok,0,0,0,0,1188,1,1,1.79773,1174,1234,3849,1,1.17163,1174,2391,10284,44.8167,122962,1174
2,153,3024705,540222,1863,467,124026,61.4905,3.0548,1872,-1,ok,0,0,0,0,1871,1,1,3.83933,1863,1863,6828,1,1.50309,1863,1863,19210,39.856,123487,1863
2,154,3044639,2920559,189,48,3701,1.54365,0.243044,200,-1,ok,0,0,0,0,199,1,1,0.233466,189,189,747,1,0.077756,189,206,2115,0.134581,189,189
2,155,1228220,1631674,478,120,20747,9.85335,0.688976,483,-1,ok,0,0,0,0,482,1,1,0.46039,478,478,1683,1,0.240328,478,612,4612,0.280504,480,478
2,156,1536072,283775,1199,300,109257,55.7335,1.73243,1202,-1,ok,0,0,0,0,1201,1,1,1.96179,1199,1326,4271,1,0.929818,1199,1220,11749,1.91471,4874,1199
2,157,3193672,1640899,1490,373,77175,35.7259,2.16944,1513,-1,ok,0,0,0,0,1512,1,1,2.57856,1490,1503,5243,1,1.27839,1490,2682,14409,3.38891,9740,1490
2,158,1364886,1417986,1253,319,97510,50.108,1.41136,1288,-1,ok,0,0,0,0,1287,1,1,1.35193,1273,4138,4539,1,2.16879,1273,11397,12760,82.6679,284265,1253
2,159,1323479,1948892,1160,292,84752,42.9066,1.29665,1175,-1,ok,0,0,0,0,1174,1,1,1.0583,1166,1329,3934,1,0.643381,1166,1610,10849,2.78864,9077,1160
2,160,329635,3138202,2157,541,110332,52.9317,3.34406,2180,-1,ok,0,0,0,0,2179,1,1,6.23361,2157,7591,7661,1,8.99977,2157,21223,21457,220,565662,2157
2,161,2199138,2165892,958,241,73474,38.1386,0.892817,969,-1,ok,0,0,0,0,968,1,1,0.751113,960,2989,3635,1,1.56407,960,8378,10222,16.1189,73053,958
2,162,2332432,2665491,284,72,7483,3.2911,0.574693,295,-1,ok,0,0,0,0,294,1,1,0.716216,284,486,1088,1,0.291196,284,952,3165,2.36132,6170,284
2,163,2554867,820141,1438,361,108502,56.8517,2.22223,1451,-1,ok,0,0,0,0,1450,1,1,2.5276,1438,1438,4822,1,1.09278,1438,1533,12823,2.71645,5278,1438
2,164,816636,1589983,1083,272,69638,32.7661,1.36243,1092,-1,ok,0,0,0,0,1091,1,1,0.977115,1083,1083,3306,1,0.631719,1083,1321,9367,0.738719,1377,1083
2,165,2144577,2486159,628,158,38316,17.7486,0.755371,653,-1,ok,0,0,0,0,652,1,1,0.796576,628,1610,2249,1,0.929415,628,3693,6072,7.9463,37091,628
2,166,2257019,735014,1996,505,122925,64.5492,2.54061,2037,-1,ok,0,0,0,0,2036,1,1,3.67246,2006,6382,6758,1,4.75234,2006,17129,18409,206.455,639164,1996
2,167,2095650,935010,1005,257,66134,32.9002,1.64907,1040,-1,ok,0,0,0,0,1039,1,1,2.23834,1027,2814,3022,1,2.25514,1027,7750,8656,3.51743,14265,1005
2,168,312457,989659,778,195,26201,11.62,1.15484,789,-1,ok,0,0,0,0,788,1,1,1.03718,778,975,2289,1,0.469848,778,1101,5510,1.64532,3848,778
2,169,2882141,1067685,1170,293,56643,25.9478,2.11996,1183,-1,ok,0,0,0,0,1182,1,1,3.23669,1170,2410,4411,1,1.73864,1170,3975,12575,16.2086,53399,1170
2,170,1662824,2681105,1085,273,82071,43.452,1.53595,1108,-1,ok,0,0,0,0,1107,1,1,1.34117,1085,1120,3858,1,0.670742,1085,1326,10700,5.17148,21575,1085
2,171,1703180,546367,1232,308,90364,49.1903,1.61318,1249,-1,ok,0,0,0,0,1248,1,1,1.63585,1232,1246,4298,1,0.895533,1232,1273,11547,3.42553,9405,1232
2,172,2090483,588991,1314,329,113515,59.5452,2.0248,1341,-1,ok,0,0,0,0,1340,1,1,2.3019,1314,1522,4449,1,1.1025,1314,2115,13012,3.8449,13362,1314
2,173,2669970,1153251,1524,381,105764,53.9326,2.08481,1537,-1,ok,0,0,0,0,1536,1,1,2.27923,1524,1740,4367,1,1.19751,1524,2421,12408,1.29205,2581,1524
2,174,2801102,1556461,1651,414,95222,48.747,1.90231,1676,-1,ok,0,0,0,0,1675,1,1,1.8916,1651,1968,5945,1,1.27603,1651,3195,16398,12.2287,33732,1651
2,175,2862760,2446461,730,184,40536,18.1456,0.876788,757,-1,ok,0,0,0,0,756,1,1,0.797078,730,801,2736,1,0.430334,730,809,7707,0.795485,2114,730
2,176,1728209,2803901,1739,435,117064,64.4342,1.98767,1750,-1,ok,0,0,0,0,1749,1,1,3.34692,1739,5856,6471,1,4.86088,1739,15151,17390,62.0634,205878,1739
2,177,330269,1345015,1018,256,56024,25.8589,1.69029,1037,-1,ok,0,0,0,0,1036,1,1,1.38068,1018,1018,3625,1,0.800775,1018,1165,10323,2.12547,5477,1018
2,178,3017924,2896984,407,103,13102,5.88213,0.412019,410,-1,ok,0,0,0,0,409,1,1,0.259623,407,407,1565,1,0.13876,407,407,4363,1.9673,9887,407
2,179,910292,1126401,229,58,4485,1.85372,0.296723,232,-1,ok,0,0,0,0,231,1,1,0.200063,229,229,826,1,0.159297,229,229,2424,0.19882,329,229
2,180,2006593,1670863,1240,310,90852,50.8024,1.00396,1257,-1,ok,0,0,0,0,1256,1,1,0.749659,1240,1747,4598,1,0.865226,1240,3372,13369,4.24268,18067,1240
2,181,2078347,3155254,1385,348,127291,70.6346,2.10865,1402,-1,ok,0,0,0,0,1401,1,1,3.20943,1385,2784,4981,1,1.68956,1385,6417,14434,151.896,376164,1385
2,182,2709648,2878665,277,70,6232,2.66294,0.308627,282,-1,ok,0,0,0,0,281,1,1,0.213549,277,277,1030,1,0.092573,277,277,3018,0.146924,314,277
2,183,460429,2828556,1989,498,119134,64.8994,3.00505,2010,-1,ok,0,0,0,0,2009,1,1,3.46292,1989,2454,6925,1,2.21246,1989,4018,19106,3.94907,8183,1989
2,184,909956,1352984,474,119,22025,10.4136,0.641667,477,-1,ok,0,0,0,0,476,1,1,0.511555,474,474,1538,1,0.232875,474,493,4348,4.09729,19392,474
2,185,2598310,614849,1241,311,97655,51.3692,2.39709,1262,-1,ok,0,0,0,0,1261,1,1,2.78344,1241,1457,4203,1,1.19095,1241,1922,11728,1.26946,1243,1241
2,186,1732162,381072,1507,377,126098,68.8509,2.00057,1512,-1,ok,0,0,0,0,1511,1,1,2.93674,1507,4529,5105,1,3.74496,1507,11736,13615,165.36,461122,1507
2,187,2864255,987151,1339,339,79579,39.3717,2.29611,1370,-1,ok,0,0,0,0,1369,1,1,2.96279,1359,2439,3933,1,2.6076,1359,6247,11712,3.85051,11474,1339
2,188,613280,1998545,1505,377,98338,52.6755,2.21376,1516,-1,ok,0,0,0,0,1515,1,1,1.93503,1505,1806,5051,1,1.24843,1505,2465,13627,7.48111,27552,1505
2,189,769257,2619619,1324,332,85907,44.8805,2.57851,1337,-1,ok,0,0,0,0,1336,1,1,2.94473,1324,2193,5109,1,2.0432,1324,4227,14578,10.2349,33516,1324
2,190,1700379,924636,488,124,27023,12.7496,0.982743,497,-1,ok,0,0,0,0,496,1,1,0.899258,488,488,1930,1,0.330527,488,488,5581,1.2055,2717,488
2,191,489236,2011181,1701,427,102031,54.1227,2.17914,1718,-1,ok,0,0,0,0,1717,1,1,2.0414,1701,1999,6113,1,1.57019,1701,3108,16855,7.63565,29617,1701
2,192,1225462,1170705,1015,254,60636,31.1018,1.03077,1018,-1,ok,0,0,0,0,1017,1,1,0.750079,1015,1771,3546,1,0.854426,1015,3852,10079,10.8217,50850,1015
2,193,1873151,1744747,675,170,46420,22.4849,0.616071,684,-1,ok,0,0,0,0,683,1,1,0.348131,675,675,2582,1,0.302494,675,778,7367,3.12754,15703,675
2,194,2468599,2302602,643,161,37457,17.8409,0.798722,662,-1,ok,0,0,0,0,661,1,1,0.636117,643,1461,2200,1,0.666325,643,3232,5530,13.2608,59069,643
2,195,2943977,2062115,628,157,30317,13.3329,1.23338,639,-1,ok,0,0,0,0,638,1,1,1.50212,628,687,2355,1,0.448657,628,773,6759,1.42247,2590,628
2,196,587996,382135,775,195,36663,16.7941,0.692512,782,-1,ok,0,0,0,0,781,1,1,0.531793,775,775,2859,1,0.287216,775,775,8025,5.14446,25018,775
2,197,1795388,2559139,975,244,90454,50.6055,1.37566,980,-1,ok,0,0,0,0,979,1,1,1.20941,975,975,3387,1,0.617913,975,1191,9091,0.608337,975,975
2,198,430706,1816036,1949,489,115337,58.2587,2.55829,1978,-1,ok,0,0,0,0,1977,1,1,3.98276,1949,6946,7060,1,5.80922,1949,19311,19669,266.546,727212,1949
2,199,2709791,743716,1567,392,118842,60.1166,2.43263,1576,-1,ok,0,0,0,0,1575,1,1,3.28943,1567,1568,5741,1,1.90503,1567,2668,16532,23.8427,74094,1567
2,200,2317486,1682523,790,198,58952,29.6117,1.12895,811,-1,ok,0,0,0,0,810,1,1,1.02392,790,924,2632,1,0.558112,790,1438,6939,1.72148,7120,790
2,201,848074,2660956,1289,324,68587,35.942,2.18727,1306,-1,ok,0,0,0,0,1305,1,1,2.31089,1289,1289,4282,1,1.06732,1289,1423,12209,13.427,41549,1289
2,202,2051630,2425358,880,221,59077,29.2326,0.886345,897,-1,ok,0,0,0,0,896,1,1,0.557652,880,880,3405,1,0.436494,880,959,9475,2.61257,12520,880
2,203,2138232,3170486,1784,448,113362,63.1829,2.32584,1801,-1,ok,0,0,0,0,1800,1,1,2.50526,1784,2183,6133,1,1.36789,1784,3237,17156,31.9072,104969,1784
2,204,1443071,807450,574,144,26287,12.9007,0.891635,579,-1,ok,0,0,0,0,578,1,1,1.05239,574,574,2083,1,0.382595,574,670,5532,0.880703,1132,574
2,205,1144422,3049691,2080,525,135109,72.9802,2.86643,2135,-1,ok,0,0,0,0,2134,1,1,3.89794,2100,5965,6668,1,4.68682,2100,15753,17967,237.947,753132,2080
2,206,377442,2376747,1648,413,96416,51.6208,2.63054,1655,-1,ok,0,0,0,0,1654,1,1,2.71939,1648,2017,5031,1,1.59516,1648,3359,13861,5.89529,15424,1648
2,207,1401797,2931005,1642,416,125309,70.3111,2.27131,1689,-1,ok,0,0,0,0,1688,1,1,2.31566,1662,2088,5369,1,1.55296,1662,3571,14503,1.15803,1642,1642
2,208,2488208,1785008,991,249,65021,31.6604,1.28595,1004,-1,ok,0,0,0,0,1003,1,1,1.07308,991,1022,3412,1,0.580844,991,1226,9247,0.601895,1460,991
2,209,2517430,2632913,587,148,33760,15.1526,0.819311,602,-1,ok,0,0,0,0,601,1,1,0.871829,587,1263,2111,1,0.724131,587,2971,5771,14.1322,55759,587
2,210,1804529,2670473,625,157,42037,20.0337,1.23925,632,-1,ok,0,0,0,0,631,1,1,1.12038,625,625,2286,1,0.410807,625,822,6466,0.502198,814,625
2,211,792304,2700845,1601,401,95782,50.5746,2.55585,1602,-1,ok,0,0,0,0,1601,1,1,2.55549,1601,1601,5971,1,1.15598,1601,1601,17448,4.9516,14838,1601
2,212,292558,448522,757,190,32527,14.5952,0.672335,774,-1,ok,0,0,0,0,773,1,1,0.671693,757,1660,2849,1,0.854175,757,3836,8179,4.1071,20443,757
2,213,2987559,1182868,2093,523,125980,63.1281,2.58396,2110,-1,ok,0,0,0,0,2109,1,1,2.77818,2093,2164,7318,1,1.68976,2093,3059,19863,6.31274,20670,2093
2,214,3031564,1350417,1027,258,43352,20.1988,1.91717,1038,-1,ok,0,0,0,0,1037,1,1,3.53792,1027,3446,3860,1,4.56768,1027,9791,10994,25.1502,53496,1027
2,215,3155823,373649,2172,551,121587,65.4521,3.3736,2225,-1,ok,0,0,0,0,2224,1,1,4.25818,2202,3023,7608,1,2.58514,2202,5011,20395,12.8005,37219,2172
2,216,371781,1935939,921,233,51451,27.1412,2.14505,940,-1,ok,0,0,0,0,939,1,1,2.9359,921,2862,3593,1,2.80955,921,5785,10689,9.56802,28771,921
2,217,2855984,2571946,520,130,22449,9.97944,0.553003,521,-1,ok,0,0,0,0,520,1,1,0.475408,520,520,2028,1,0.265625,520,620,5894,0.297607,520,520
2,218,465556,3102078,1943,487,127788,61.8942,3.21787,1952,-1,ok,0,0,0,0,1951,1,1,3.79544,1943,1943,6477,1,1.93015,1943,2531,18264,1.64957,2235,1943
2,219,3106562,1461822,2273,570,123289,59.6056,2.69946,2296,-1,ok,0,0,0,0,2295,1,1,4.3677,2273,7960,8125,1,6.11414,2273,21485,22062,295.157,900726,2273
2,220,2389443,1100586,779,196,60363,29.74,1.66235,796,-1,ok,0,0,0,0,795,1,1,2.27924,779,2427,2982,1,2.31855,779,5922,8633,8.44642,30377,779
2,221,1209891,3199598,1812,454,117798,61.5526,2.65896,1827,-1,ok,0,0,0,0,1826,1,1,2.83466,1812,1812,6131,1,1.65449,1812,3037,16389,6.55033,13983,1812
2,222,1628263,3038908,1441,359,132420,71.3642,2.07728,1454,-1,ok,0,0,0,0,1453,1,1,2.76346,1441,4079,4717,1,3.26123,1441,10324,12292,152.943,488535,1441
2,223,996318,538495,877,221,70439,34.3391,0.963819,892,-1,ok,0,0,0,0,891,1,1,0.866868,877,973,3294,1,0.486089,877,1129,9555,0.588248,877,877
2,224,2666230,1916875,1680,422,110725,56.2788,1.66563,1711,-1,ok,0,0,0,0,1710,1,1,2.50581,1680,5704,5896,1,4.31809,1680,15810,16478,111.487,339882,1680
2,225,1214391,1343195,898,226,68114,36.4463,0.796777,911,-1,ok,0,0,0,0,910,1,1,0.419051,900,941,3298,1,0.449389,900,1653,9488,5.05649,21905,898
2,226,650861,1693026,614,155,31549,13.8394,1.32061,627,-1,ok,0,0,0,0,626,1,1,1.2263,614,614,2139,1,0.498431,614,620,6454,0.886025,614,614
2,227,1007288,1215730,474,120,20655,8.82594,0.362636,485,-1,ok,0,0,0,0,484,1,1,0.282908,474,474,1831,1,0.215572,474,630,5159,1.83141,9166,474
2,228,2161129,565602,1613,405,132957,69.915,2.14312,1624,-1,ok,0,0,0,0,1623,1,1,2.41036,1613,1683,5788,1,1.24793,1613,2160,16183,1.63944,2367,1613
2,229,2785103,1597956,1513,380,98972,48.7524,1.88307,1546,-1,ok,0,0,0,0,1545,1,1,1.85158,1513,1650,5129,1,1.07132,1513,2271,13639,2.05189,6665,1513
2,230,1392321,355276,821,206,67116,33.8597,1.37731,828,-1,ok,0,0,0,0,827,1,1,1.54854,821,917,2879,1,0.649223,821,821,7813,0.746644,857,821
2,231,2051789,1806580,591,147,19151,8.49877,0.578871,592,-1,ok,0,0,0,0,591,1,1,0.753487,591,1421,2206,1,0.863151,591,3294,6139,4.86054,21480,591
2,232,1102446,3057237,1135,286,98991,52.5345,2.25234,1148,-1,ok,0,0,0,0,1147,1,1,2.2855,1135,1798,4349,1,1.75625,1135,3937,12524,4.76238,13027,1135
2,233,2397085,1013039,923,231,64643,32.3098,1.72159,930,-1,ok,0,0,0,0,929,1,1,2.16992,923,923,3543,1,1.10018,923,1538,10397,5.42878,14385,923
2,234,1287529,1866275,1267,318,98209,51.9796,1.3342,1278,-1,ok,0,0,0,0,1277,1,1,0.947098,1267,1387,4374,1,0.668849,1267,1576,12061,4.10348,19969,1267
2,235,1687683,418136,1252,313,122970,70.2297,2.09117,1255,-1,ok,0,0,0,0,1254,1,1,1.94765,1252,1348,4159,1,0.925778,1252,1306,11303,20.1033,65454,1252
2,236,2722809,932643,2100,526,131995,64.5988,2.79078,2115,-1,ok,0,0,0,0,2114,1,1,3.12202,2100,2567,7483,1,1.93112,2100,3924,20551,8.79828,31293,2100
2,237,2665523,3047256,1417,356,86111,45.1713,2.16346,1428,-1,ok,0,0,0,0,1427,1,1,2.85827,1417,3199,5230,1,1.91245,1417,7601,15004,145.914,291273,1417
2,238,1923409,2905912,843,211,70852,36.5647,1.34649,852,-1,ok,0,0,0,0,851,1,1,1.28805,843,878,2812,1,0.655935,843,955,7641,3.29934,12908,843
2,239,875283,1311303,664,167,32236,14.565,0.800344,683,-1,ok,0,0,0,0,682,1,1,0.775036,664,1163,2390,1,0.743077,664,2913,6425,8.41503,37825,664
2,240,2918198,639738,1606,407,95427,47.6678,2.76636,1641,-1,ok,0,0,0,0,1640,1,1,3.69147,1626,2961,5011,1,3.07811,1626,7422,14777,2.87264,3865,1606
2,241,1337751,1159597,145,37,2233,0.974739,0.202299,152,-1,ok,0,0,0,0,151,1,1,0.225622,145,145,564,1,0.075953,145,145,1666,0.107961,145,145
2,242,1804529,3222731,986,248,101189,55.2598,1.9598,1011,-1,ok,0,0,0,0,1010,1,1,2.18932,986,1649,3848,1,1.55226,986,2927,11098,16.9472,52110,986
2,243,2545706,1651771,1162,291,74921,36.3223,1.44358,1183,-1,ok,0,0,0,0,1182,1,1,1.35194,1162,1209,4012,1,0.688455,1162,1593,10827,1.76518,5020,1162
2,244,807710,2239366,1940,490,129392,66.1693,2.32299,1965,-1,ok,0,0,0,0,1964,1,1,2.62241,1960,4606,5944,1,3.79883,1960,11975,16903,29.9275,116749,1940
2,245,3201629,632825,1631,409,100532,49.721,2.94032,1650,-1,ok,0,0,0,0,1649,1,1,4.91677,1637,5424,5634,1,6.11949,1637,13762,15773,12.2401,38880,1631
2,246,2019093,3174345,1036,260,83863,44.6645,1.66782,1049,-1,ok,0,0,0,0,1048,1,1,1.62144,1036,1129,3659,1,0.845569,1036,1510,10310,2.47068,9263,1036
2,247,2955346,1703765,1276,320,59195,27.2482,1.85184,1287,-1,ok,0,0,0,0,1286,1,1,1.96642,1276,1450,4687,1,0.970272,1276,2060,13219,4.70447,12131,1276
2,248,541380,1361733,957,239,40518,18.782,1.38669,960,-1,ok,0,0,0,0,959,1,1,1.37427,957,1122,3386,1,0.860406,957,2071,9406,5.27639,21833,957
2,249,3113781,786831,2642,662,133799,65.3446,3.01201,2653,-1,ok,0,0,0,0,2652,1,1,3.66395,2642,2712,9435,1,2.10812,2642,3187,26006,28.1737,107553,2642
2,250,726020,696308,1081,271,63469,29.3555,0.933222,1094,-1,ok,0,0,0,0,1093,1,1,0.909929,1081,2279,4054,1,1.17615,1081,5308,11175,13.2064,50498,1081
2,251,553589,2992564,1414,354,95631,46.539,2.81817,1439,-1,ok,0,0,0,0,1438,1,1,3.6243,1420,3632,5311,1,3.36496,1420,9534,15543,19.2066,42836,1414
2,252,1843611,2188440,1312,330,95740,50.948,1.26778,1331,-1,ok,0,0,0,0,1330,1,1,0.966063,1312,1690,4537,1,0.806236,1312,2814,12485,9.54545,39358,1312
2,253,334027,2354825,1725,436,108308,51.7343,2.52115,1752,-1,ok,0,0,0,0,1751,1,1,3.41295,1745,4963,5815,1,4.06911,1745,12767,16019,3.89478,8592,1725
2,254,2138232,528223,1703,431,106779,58.7187,2.37464,1736,-1,ok,0,0,0,0,1735,1,1,2.78625,1713,2420,6206,1,1.95133,1713,4749,17346,14.439,55690,1703
2,255,2920261,1514740,1066,268,63857,29.5615,1.95196,1085,-1,ok,0,0,0,0,1084,1,1,3.10451,1066,3227,3552,1,3.3548,1066,8777,9913,42.8518,142742,1066
2,256,1963166,1687516,403,101,15196,6.96075,0.524148,408,-1,ok,0,0,0,0,407,1,1,0.484035,403,410,1506,1,0.22533,403,404,4336,0.360794,870,403
2,257,610635,2538272,1234,309,69645,34.387,2.44573,1247,-1,ok,0,0,0,0,1246,1,1,2.75622,1234,1522,4555,1,1.50202,1234,2782,12941,4.37928,10127,1234
2,258,2978886,649484,1616,404,51104,24.7638,2.74121,1627,-1,ok,0,0,0,0,1626,1,1,5.22258,1616,5669,6020,1,5.17997,1616,15940,17282,79.7912,185927,1616
2,259,769160,1514768,962,243,49546,23.1061,1.22363,981,-1,ok,0,0,0,0,980,1,1,1.13453,962,1618,3414,1,1.00422,962,3082,9216,9.21606,34250,962
2,260,3115044,1697807,1444,362,89141,42.7764,2.09948,1457,-1,ok,0,0,0,0,1456,1,1,2.2742,1444,1541,5370,1,1.31902,1444,1789,15278,1.74849,2358,1444
2,261,1835879,2014773,1360,340,84227,42.5914,1.233,1403,-1,ok,0,0,0,0,1402,1,1,0.943622,1360,2191,5062,1,1.03885,1360,4126,14459,18.9491,82259,1360
2,262,1550309,1217369,267,68,6585,2.76174,0.433478,272,-1,ok,0,0,0,0,271,1,1,0.703324,267,631,1075,1,0.42885,267,1565,3113,1.67015,4790,267
2,263,1455274,2689959,801,201,64812,30.9818,1.47265,812,-1,ok,0,0,0,0,811,1,1,1.39548,801,806,2731,1,0.75517,801,1110,7491,1.00152,831,801
2,264,1863586,2791354,1283,322,112213,57.617,1.74911,1302,-1,ok,0,0,0,0,1301,1,1,1.3782,1283,1283,4441,1,0.705277,1283,1312,12039,29.7423,109590,1283
2,265,1878699,2430675,931,234,74947,37.0385,1.14851,948,-1,ok,0,0,0,0,947,1,1,0.817704,931,931,3387,1,0.410706,931,942,9619,2.77222,11881,931
2,266,1109092,2589721,1865,467,117935,61.5675,2.27545,1884,-1,ok,0,0,0,0,1883,1,1,3.28668,1865,6181,6425,1,4.44912,1865,15830,17246,209.688,563016,1865
2,267,2786859,1809984,1068,269,58771,26.9536,1.42438,1093,-1,ok,0,0,0,0,1092,1,1,1.35489,1068,1169,3810,1,0.680029,1068,1530,10477,6.52779,13936,1068
2,268,2948186,2866807,424,107,8051,3.0208,0.299699,431,-1,ok,0,0,0,0,430,1,1,0.223597,424,424,1712,1,0.124563,424,424,5152,0.183312,424,424
2,269,837275,3217710,2157,540,124462,62.5407,3.00032,2168,-1,ok,0,0,0,0,2167,1,1,3.1712,2157,2253,7556,1,1.75302,2157,2494,21115,2.7553,4785,2157
2,270,1633134,3007164,1393,350,115521,60.5838,2.00725,1418,-1,ok,0,0,0,0,1417,1,1,1.70981,1393,1489,4681,1,1.08683,1393,1738,12638,0.732036,2433,1393
2,271,3177553,363823,1951,489,113503,53.8826,3.10777,1964,-1,ok,0,0,0,0,1963,1,1,4.67677,1951,4487,6921,1,4.82197,1951,10855,19265,70.7758,213424,1951
2,272,1545611,2173818,374,94,12194,5.36736,0.725213,383,-1,ok,0,0,0,0,382,1,1,0.709074,374,397,1467,1,0.21921,374,462,4345,0.48649,672,374
2,273,2234670,1030403,742,187,55412,26.5261,1.35497,755,-1,ok,0,0,0,0,754,1,1,1.83417,742,2162,2776,1,1.78797,742,5023,7947,6.02855,21480,742
2,274,1061263,517752,391,100,15929,6.98682,0.652127,404,-1,ok,0,0,0,0,403,1,1,0.75521,391,391,1158,1,0.254876,391,391,3583,0.436306,391,391
2,275,2611184,1093057,1834,460,121033,59.7151,2.38079,1851,-1,ok,0,0,0,0,1850,1,1,2.74179,1834,2280,6326,1,1.82858,1834,3739,17219,5.99057,23458,1834
2,276,1860944,3238002,887,224,51765,25.3276,1.75918,900,-1,ok,0,0,0,0,899,1,1,2.17023,887,1146,3029,1,0.86745,887,1717,7947,2.51046,7360,887
2,277,2169703,1399028,791,198,57034,27.9901,1.17075,806,-1,ok,0,0,0,0,805,1,1,0.995086,791,929,2456,1,0.549136,791,1439,7105,7.49833,33161,791
2,278,1948620,2128617,131,35,2019,0.784384,0.225952,142,-1,ok,0,0,0,0,141,1,1,0.202929,131,190,504,1,0.153527,131,536,1428,0.905359,2436,131
2,279,2566018,882646,1597,400,126203,65.4703,2.70588,1608,-1,ok,0,0,0,0,1607,1,1,4.43931,1597,4986,5504,1,4.54604,1597,13294,15084,248.367,617665,1597
2,280,929280,999352,167,42,2913,1.33467,0.199672,168,-1,ok,0,0,0,0,167,1,1,0.116557,167,167,672,1,0.055445,167,167,2032,0.071143,167,167
2,281,924154,2537686,1628,408,123619,61.5106,2.34554,1651,-1,ok,0,0,0,0,1650,1,1,3.55546,1636,5196,5654,1,4.04546,1636,12483,15405,3.74124,10751,1628
2,282,2000652,1137046,874,219,74633,37.7206,1.33406,879,-1,ok,0,0,0,0,878,1,1,1.2809,874,882,2666,1,0.571468,874,994,7569,0.407251,889,874
2,283,2582565,607763,1299,326,92801,47.357,2.3651,1312,-1,ok,0,0,0,0,1311,1,1,2.95917,1299,1299,4337,1,1.23849,1299,1301,12995,1.21999,1299,1299
2,284,3245185,785165,2684,673,129565,66.3018,3.14871,2705,-1,ok,0,0,0,0,2704,1,1,4.52486,2684,4846,9386,1,3.93155,2684,10462,25680,70.3554,258035,2684
2,285,1231498,2364091,1022,256,57754,27.586,1.63971,1027,-1,ok,0,0,0,0,1026,1,1,1.67276,1022,1022,3693,1,0.651566,1022,1022,10030,2.42971,5477,1022
2,286,1066192,1226502,199,50,2860,1.15545,0.232304,200,-1,ok,0,0,0,0,199,1,1,0.259194,199,199,800,1,0.084919,199,199,2416,0.083887,199,199
2,287,1869193,2052669,328,82,11626,4.79001,0.403713,335,-1,ok,0,0,0,0,334,1,1,0.354121,328,441,742,1,0.330847,328,1296,2430,4.96825,21267,328
2,288,2994814,3098447,829,208,33917,14.8093,0.543014,838,-1,ok,0,0,0,0,837,1,1,0.358379,829,1135,3254,1,0.585142,829,2362,9585,4.22541,17762,829
2,289,1797269,848583,613,155,43400,20.5311,1.14479,626,-1,ok,0,0,0,0,625,1,1,1.30155,613,613,2375,1,0.486569,613,613,6926,0.814283,1897,613
2,290,1214793,1750358,1135,285,61943,30.8656,1.14298,1148,-1,ok,0,0,0,0,1147,1,1,1.38961,1135,2748,4231,1,1.75761,1135,6755,12033,16.5393,68787,1135
2,291,2831898,2102650,653,164,28961,12.9111,0.940877,668,-1,ok,0,0,0,0,667,1,1,1.18008,653,759,2429,1,0.435153,653,768,6784,0.74251,653,653
2,292,2244867,2707981,771,195,32040,13.5141,0.807538,788,-1,ok,0,0,0,0,787,1,1,0.483373,771,771,2891,1,0.396722,771,787,7525,3.49379,10128,771
2,293,1073058,1365640,1214,305,66934,31.9934,1.06548,1239,-1,ok,0,0,0,0,1238,1,1,1.05627,1214,2360,4668,1,1.33527,1214,6298,13400,31.9869,125923,1214
2,294,2216425,1540683,1508,379,124497,65.061,1.65351,1535,-1,ok,0,0,0,0,1534,1,1,1.53425,1510,1653,5145,1,0.859939,1510,2307,13950,94.9961,291143,1508
2,295,2060741,2215164,463,116,13693,5.92374,0.311902,464,-1,ok,0,0,0,0,463,1,1,0.26215,463,463,1672,1,0.164758,463,512,4782,0.158777,463,463
2,296,1441555,704228,1628,407,115985,61.2972,1.56975,1631,-1,ok,0,0,0,0,1630,1,1,2.3037,1628,5130,6147,1,3.55238,1628,13242,16823,53.7137,206765,1628
2,297,2513611,686770,1174,295,93989,48.5654,2.15042,1199,-1,ok,0,0,0,0,1198,1,1,2.4682,1174,1174,4261,1,1.11139,1174,1175,11795,7.35032,16039,1174
2,298,1306030,2886412,938,236,83668,42.7579,1.9063,953,-1,ok,0,0,0,0,952,1,1,2.072,938,1922,3442,1,2.00434,938,5502,9613,12.6187,32381,938
2,299,404356,1929489,1380,345,79913,37.1687,2.09809,1395,-1,ok,0,0,0,0,1394,1,1,2.11064,1380,1565,4663,1,1.03138,1380,1836,12363,6.20937,18896,1380
3,0,2654607,497695,1710,215,30496,13.2434,3.0855,1823,-1,ok,0,0,0,0,1822,1,1,4.8671,1716,8776,10674,1,7.11886,1716,23887,31284,5.4808,12833,1710
3,1,2221473,1571062,1589,200,26686,11.7737,1.61717,1656,-1,ok,0,0,0,0,1655,1,1,2.14213,1609,7468,10485,1,5.13604,1609,19096,29258,47.3397,160357,1589
3,2,641811,2589149,1344,169,23908,9.97402,2.36716,1369,-1,ok,0,0,0,0,1368,1,1,2.22784,1344,1698,8649,1,1.64336,1344,3331,23890,2.25787,3632,1344
3,3,2250714,2339143,278,35,1926,0.646308,0.222646,287,-1,ok,0,0,0,0,286,1,1,0.119383,278,278,2055,1,0.067755,278,278,6263,0.096801,278,278
3,4,2536396,353659,1876,236,29040,11.3089,2.85684,1949,-1,ok,0,0,0,0,1948,1,1,3.11231,1876,1936,12066,1,1.39083,1876,2020,33377,12.0856,28227,1876
3,5,916591,1430479,1191,150,18965,7.90751,1.08765,1224,-1,ok,0,0,0,0,1223,1,1,1.24413,1191,3891,8361,1,2.33169,1191,9092,23893,42.0812,132776,1191
3,6,500826,2935247,2173,272,32210,11.8732,3.23859,2226,-1,ok,0,0,0,0,2225,1,1,7.01141,2173,3772,14305,1,3.05246,2173,7130,39746,11.9592,31438,2173
3,7,2429283,2288496,465,59,5883,2.57991,0.402301,490,-1,ok,0,0,0,0,489,1,1,0.173915,465,465,3505,1,0.207437,465,606,10242,0.236581,804,465
3,8,502542,1287255,645,83,4957,1.86779,1.0352,690,-1,ok,0,0,0,0,689,1,1,1.02018,645,1688,4543,1,1.7129,645,4922,13101,17.9223,63467,645
3,9,2726054,800471,1487,187,28951,11.3455,2.39374,1522,-1,ok,0,0,0,0,1521,1,1,3.70711,1493,4504,9932,1,3.52769,1493,10750,27340,1.83957,2150,1487
3,10,3031784,709412,1662,209,27181,11.0874,2.73843,1707,-1,ok,0,0,0,0,1706,1,1,4.53567,1662,5048,11651,1,1.49161,1662,1686,32134,39.605,146083,1662
3,11,813038,2649998,1861,236,33768,13.0265,2.42325,1918,-1,ok,0,0,0,0,1917,1,1,3.4383,1881,7849,11168,1,5.49341,1881,21113,31850,1.44727,2064,1861
3,12,2906523,1340129,1264,158,19873,8.18831,2.13094,1291,-1,ok,0,0,0,0,1290,1,1,2.6191,1268,2350,8576,1,1.89813,1268,4438,24181,24.921,73256,1264
3,13,2198005,2773306,1504,189,23967,9.60308,1.42414,1537,-1,ok,0,0,0,0,1536,1,1,2.87355,1506,9322,10909,1,6.46841,1506,23103,28579,58.7751,197182,1504
3,14,1009630,2195480,1009,126,11487,4.63369,1.59275,1022,-1,ok,0,0,0,0,1021,1,1,1.83149,1009,1009,6676,1,0.89448,1009,1675,17993,3.12974,8169,1009
3,15,2077961,2827531,1186,149,29668,11.8777,1.23948,1213,-1,ok,0,0,0,0,1212,1,1,1.05851,1186,1193,8419,1,0.456382,1186,1186,23991,36.4291,125454,1186
3,16,1553701,2469994,602,77,6131,2.06546,1.06305,647,-1,ok,0,0,0,0,646,1,1,0.928153,602,617,4464,1,0.334345,602,633,12574,1.90426,1976,602
3,17,2490161,384400,1409,177,29762,11.0646,2.30123,1434,-1,ok,0,0,0,0,1433,1,1,3.42793,1409,2989,9210,1,1.2249,1409,1951,25584,2.13361,1693,1409
3,18,2599025,2034587,1669,210,22041,8.88049,1.69811,1714,-1,ok,0,0,0,0,1713,1,1,2.41733,1669,5792,12299,1,3.39068,1669,13966,35011,36.42,141895,1669
3,19,1181060,2927824,1734,218,29657,11.3506,2.2986,1785,-1,ok,0,0,0,0,1784,1,1,2.0626,1734,1768,11692,1,2.43949,1734,4650,32182,14.1753,51628,1734
3,20,645781,614849,395,50,3154,1.14748,0.360384,410,-1,ok,0,0,0,0,409,1,1,0.244467,395,629,2904,1,0.520221,395,2743,8193,2.39665,12656,395
3,21,2468056,2256643,1145,143,15803,6.12513,0.854034,1184,-1,ok,0,0,0,0,1183,1,1,0.931429,1145,3345,8287,1,2.17765,1145,8656,22979,9.53671,41640,1145
3,22,251497,3219170,2176,273,33664,12.1615,3.35146,2217,-1,ok,0,0,0,0,2216,1,1,4.02578,2176,2307,15997,1,1.88359,2176,3904,45508,35.6969,83714,2176
3,23,569297,2803754,1948,244,30615,11.6095,2.73619,2003,-1,ok,0,0,0,0,2002,1,1,5.93605,1956,12591,12977,1,10.4533,1956,33578,34972,298.307,673122,1948
3,24,2520461,1501553,674,85,9508,3.74731,1.20618,687,-1,ok,0,0,0,0,686,1,1,0.920638,674,692,5001,1,0.897176,674,1958,14492,3.398,7515,674
3,25,2003860,731758,1205,154,22463,8.88434,1.48253,1250,-1,ok,0,0,0,0,1249,1,1,1.39976,1225,1715,7462,1,1.07959,1225,2969,20293,7.67911,31467,1205
3,26,613334,2557422,1168,147,18129,6.62891,2.03881,1215,-1,ok,0,0,0,0,1214,1,1,4.04488,1174,6319,8357,1,5.32601,1174,17258,23505,8.50405,30286,1168
3,27,387537,2005469,1167,148,15822,5.91545,2.07891,1232,-1,ok,0,0,0,0,1231,1,1,1.9722,1167,1608,8266,1,1.02659,1167,2070,23745,1.98038,3473,1167
3,28,344125,2584166,2379,298,32374,12.0318,3.22744,2458,-1,ok,0,0,0,0,2457,1,1,6.5817,2387,14121,15079,1,12.2408,2387,37404,40255,622.8,1.28006e+06,2379
3,29,2992346,1955386,784,99,10716,4.32498,1.27145,809,-1,ok,0,0,0,0,808,1,1,1.41594,784,2173,5328,1,1.22283,784,4526,14692,14.7197,52143,784
3,30,2891864,2043208,1327,167,24254,9.07713,1.39488,1350,-1,ok,0,0,0,0,1349,1,1,1.03536,1327,1416,7538,1,0.73381,1327,1422,22275,19.9803,79579,1327
3,31,593449,1109625,711,90,8353,3.06719,0.737046,728,-1,ok,0,0,0,0,727,1,1,0.785215,711,769,4362,1,0.386793,711,935,12277,1.22983,3075,711
3,32,2770066,477636,2303,291,32126,11.4827,2.73416,2368,-1,ok,0,0,0,0,2367,1,1,4.39712,2313,6869,16105,1,4.15916,2313,13574,44533,6.55932,15953,2303
3,33,1568488,2024378,743,94,14200,5.5608,0.855588,780,-1,ok,0,0,0,0,779,1,1,0.552772,743,764,5066,1,0.368228,743,751,14385,0.927451,2836,743
3,34,2636861,1355914,1868,235,25236,9.43721,1.75943,1905,-1,ok,0,0,0,0,1904,1,1,2.5229,1868,6331,14065,1,4.77259,1868,15572,40152,31.7972,120630,1868
3,35,2807379,1728601,1223,153,20060,7.45937,1.49474,1262,-1,ok,0,0,0,0,1261,1,1,1.40153,1223,2170,8094,1,1.10975,1223,3667,21021,5.3515,16354,1223
3,36,548195,1129534,384,49,3352,1.32365,0.692672,401,-1,ok,0,0,0,0,400,1,1,0.788081,384,399,2499,1,0.277248,384,437,6779,0.66388,384,384
3,37,1403079,1097550,787,99,16225,5.88578,0.749068,814,-1,ok,0,0,0,0,813,1,1,1.5222,787,4376,5455,1,2.73133,787,11560,15111,31.4693,114224,787
3,38,1098506,2400310,1127,141,20116,7.22632,1.63393,1166,-1,ok,0,0,0,0,1165,1,1,1.35221,1127,1163,7504,1,0.784255,1127,1173,21200,1.24535,1127,1127
3,39,549302,2763681,1609,202,23523,8.42951,2.69919,1648,-1,ok,0,0,0,0,1647,1,1,2.63498,1609,1616,11195,1,1.25755,1609,1875,30536,43.6522,121137,1609
3,40,2830387,1329031,990,125,17053,6.74981,1.47174,1021,-1,ok,0,0,0,0,1020,1,1,1.35146,994,1224,6908,1,1.04305,994,1904,19580,4.43552,12620,990
3,41,2571837,1609971,1200,151,19404,7.11545,1.30907,1229,-1,ok,0,0,0,0,1228,1,1,1.04517,1200,1647,8326,1,1.11613,1200,3688,23148,1.1873,2243,1200
3,42,2269545,949398,1480,187,26434,9.81306,1.73025,1521,-1,ok,0,0,0,0,1520,1,1,1.78533,1480,2559,9729,1,1.41176,1480,4278,26800,3.09504,7900,1480
3,43,2386550,2005422,1757,227,31606,11.4141,1.6871,1856,-1,ok,0,0,0,0,1855,1,1,2.60623,1811,9418,12111,1,5.31609,1811,24600,32820,92.6053,350924,1757
3,44,3228329,1091487,1429,181,22668,8.83468,2.65025,1466,-1,ok,0,0,0,0,1465,1,1,3.02128,1429,1429,10737,1,1.83174,1429,4241,30418,2.26453,1429,1429
3,45,1252674,2899369,1220,154,9609,3.57045,1.98113,1245,-1,ok,0,0,0,0,1244,1,1,1.89239,1220,1264,8085,1,0.652278,1220,1233,22305,9.64251,38831,1220
3,46,1245004,2631833,1742,218,34826,13.4479,2.23409,1817,-1,ok,0,0,0,0,1816,1,1,2.88845,1748,5651,12069,1,3.38863,1748,12033,33140,11.7916,45741,1742
3,47,2746631,1120353,1791,225,21721,9.09828,2.24222,1858,-1,ok,0,0,0,0,1857,1,1,3.21584,1791,6315,11902,1,3.51626,1791,12636,32274,25.2341,94508,1791
3,48,1545941,1034885,778,99,10070,3.9457,1.18118,867,-1,ok,0,0,0,0,866,1,1,1.37553,778,1992,4977,1,1.25374,778,4267,13001,48.272,113131,778
3,49,707664,3179843,2152,269,31506,12.1557,3.00537,2187,-1,ok,0,0,0,0,2186,1,1,2.88402,2152,2152,14599,1,1.54072,2152,2152,40767,3.43684,4780,2152
3,50,2697605,251222,1758,220,31578,11.9825,2.84022,1817,-1,ok,0,0,0,0,1816,1,1,4.05117,1776,6507,12770,1,4.7652,1776,16397,35447,66.614,150765,1758
3,51,598957,1160461,516,66,4697,1.81594,0.751443,555,-1,ok,0,0,0,0,554,1,1,1.12089,516,2816,3888,1,1.86775,516,7649,10165,18.0811,59572,516
3,52,2808838,629110,1283,164,24499,9.81869,2.38975,1356,-1,ok,0,0,0,0,1355,1,1,4.01169,1297,4841,9714,1,3.94912,1297,8939,28021,2.71161,3610,1283
3,53,2674667,2450469,1734,219,21208,8.63735,1.86938,1767,-1,ok,0,0,0,0,1766,1,1,1.94654,1734,5263,12515,1,2.89475,1734,12880,35916,22.0934,104186,1734
3,54,902226,2397303,1907,239,31481,12.3742,2.39157,1944,-1,ok,0,0,0,0,1943,1,1,2.05362,1907,2642,12356,1,1.42636,1907,3620,33952,11.7091,48095,1907
3,55,3160580,2590500,1640,205,20199,7.31111,1.35264,1657,-1,ok,0,0,0,0,1656,1,1,3.49501,1640,10833,11233,1,6.93254,1640,29135,30479,82.9124,319538,1640
3,56,3063115,1271576,1534,192,23924,9.21056,2.23404,1569,-1,ok,0,0,0,0,1568,1,1,3.63084,1542,7048,10497,1,4.75891,1542,15550,28057,23.6155,70700,1534
3,57,471188,1449834,1138,142,13726,5.4166,1.43277,1195,-1,ok,0,0,0,0,1194,1,1,2.63883,1138,7009,7810,1,4.88427,1138,19575,21547,46.9856,188958,1138
3,58,1353978,2059850,918,116,14699,6.02793,1.35415,945,-1,ok,0,0,0,0,944,1,1,2.02553,918,4162,5020,1,2.91802,918,11992,14828,105.185,240846,918
3,59,2540733,1967844,911,114,19082,7.26314,1.00038,942,-1,ok,0,0,0,0,941,1,1,1.00631,911,2487,5315,1,1.24787,911,5313,15831,40.9416,149390,911
3,60,2700562,1997667,1296,163,22885,8.1715,1.09621,1333,-1,ok,0,0,0,0,1332,1,1,0.782421,1296,1346,7849,1,0.644914,1296,1692,22898,7.91871,37558,1296
3,61,1637568,2044505,363,46,3204,1.14406,0.5572,388,-1,ok,0,0,0,0,387,1,1,0.429612,363,363,2473,1,0.157334,363,363,6680,1.12781,4049,363
3,62,1801679,2696751,1870,235,32157,11.4826,1.41023,1923,-1,ok,0,0,0,0,1922,1,1,3.46027,1870,12453,12858,1,8.58081,1870,34243,35444,105.757,366815,1870
3,63,598957,2906552,1287,161,21400,8.84408,2.5477,1296,-1,ok,0,0,0,0,1295,1,1,2.53835,1287,1287,10304,1,0.769017,1287,1287,30908,1.95861,1287,1287
3,64,1955372,794087,930,117,18901,7.54315,1.38853,969,-1,ok,0,0,0,0,968,1,1,1.17552,930,973,6459,1,0.579722,930,949,17673,1.06982,1021,930
3,65,2039260,2947726,1193,151,16458,6.44453,1.56619,1236,-1,ok,0,0,0,0,1235,1,1,1.52657,1193,1961,7957,1,0.972515,1193,3434,21644,17.8348,65520,1193
3,66,556924,1599250,705,90,9618,3.74852,1.22182,736,-1,ok,0,0,0,0,735,1,1,1.04987,705,705,4975,1,0.658309,705,1316,14050,1.45433,3444,705
3,67,278380,2626389,2296,290,34973,12.4268,2.81824,2371,-1,ok,0,0,0,0,2370,1,1,4.99596,2316,11101,14796,1,7.45768,2316,28854,40476,6.18328,19686,2296
3,68,2339398,455629,2015,253,35579,13.8565,2.68868,2066,-1,ok,0,0,0,0,2065,1,1,2.76288,2015,2677,13269,1,1.64557,2015,3888,36811,2.0699,5306,2015
3,69,2397188,1012607,1150,145,21244,8.65842,4.03031,1183,-1,ok,0,0,0,0,1182,1,1,1.6407,1150,1245,8178,1,0.760099,1150,1349,23184,1.34688,2867,1150
3,70,2467967,715435,1642,207,24692,9.60447,2.15419,1701,-1,ok,0,0,0,0,1700,1,1,2.2898,1648,1712,10498,1,1.04252,1648,1797,28408,10.1303,39324,1642
3,71,279709,835397,829,106,9865,3.79058,0.933815,852,-1,ok,0,0,0,0,851,1,1,1.058,829,1506,6134,1,0.631879,829,2302,17536,1.39552,4287,829
3,72,825921,1088080,805,101,8443,3.167,0.681412,832,-1,ok,0,0,0,0,831,1,1,1.27789,805,4101,5710,1,2.35469,805,10353,15856,9.37631,43024,805
3,73,2686056,3089348,412,52,3044,1.30104,0.604137,421,-1,ok,0,0,0,0,420,1,1,0.770369,412,1232,2212,1,0.883518,412,2917,5640,9.80428,36298,412
3,74,935096,1634738,947,120,19201,7.31485,1.1642,1006,-1,ok,0,0,0,0,1005,1,1,1.11726,949,1479,6803,1,1.24659,949,4316,18311,12.1145,51377,947
3,75,384006,760874,877,111,10193,3.51085,0.830961,938,-1,ok,0,0,0,0,937,1,1,0.560075,877,877,6149,1,0.352689,877,877,16586,10.5056,45115,877
3,76,1947155,898061,889,112,16136,6.47621,1.32889,912,-1,ok,0,0,0,0,911,1,1,1.51219,889,998,5535,1,0.659711,889,1053,14400,2.96106,9792,889
3,77,658137,789793,329,42,2032,0.670832,0.407591,356,-1,ok,0,0,0,0,355,1,1,0.178774,329,347,2546,1,0.111578,329,360,7042,0.262401,1038,329
3,78,363830,2056905,2015,253,26913,10.0369,2.35085,2064,-1,ok,0,0,0,0,2063,1,1,2.22344,2015,2123,13801,1,1.17354,2015,2403,37336,11.2968,34458,2015
3,79,1761748,2892020,756,95,14446,5.57787,1.2173,785,-1,ok,0,0,0,0,784,1,1,1.36496,756,777,5713,1,1.17651,756,2654,16503,11.4668,38399,756
3,80,2351211,2029768,1106,139,17719,6.8766,1.042,1169,-1,ok,0,0,0,0,1168,1,1,0.981822,1106,2692,7808,1,1.31145,1106,5823,21101,17.8587,53987,1106
3,81,647090,520796,364,46,3442,1.48155,0.334795,375,-1,ok,0,0,0,0,374,1,1,0.198522,364,364,2883,1,0.158667,364,364,8537,0.180406,364,364
3,82,2202913,1998284,1606,201,29626,11.3303,1.48253,1645,-1,ok,0,0,0,0,1644,1,1,2.26212,1606,8442,10625,1,4.48414,1606,21945,28872,80.5403,347668,1606
3,83,2307907,2951731,1581,198,28158,10.8502,1.33371,1596,-1,ok,0,0,0,0,1595,1,1,1.13059,1581,1581,11825,1,0.636939,1581,1603,32008,12.3924,49167,1581
3,84,1871832,591133,1610,208,28788,10.2788,1.8275,1721,-1,ok,0,0,0,0,1720,1,1,2.39233,1658,3570,11091,1,2.10345,1658,6985,30295,12.2859,45309,1610
3,85,1820468,769068,784,99,15778,5.78778,1.17972,809,-1,ok,0,0,0,0,808,1,1,0.91085,784,793,5094,1,0.553143,784,787,14861,0.841751,784,784
3,86,618657,2879486,1405,177,24726,9.07139,2.56199,1452,-1,ok,0,0,0,0,1451,1,1,3.43641,1405,5091,10495,1,4.47521,1405,13686,29991,13.9081,40711,1405
3,87,759127,2437547,1913,242,33155,12.5199,2.46683,1980,-1,ok,0,0,0,0,1979,1,1,3.89347,1933,9880,12465,1,6.63352,1933,25831,34307,29.5603,111220,1913
3,88,2003626,436977,2082,260,34505,13.3812,2.37909,2149,-1,ok,0,0,0,0,2148,1,1,4.51114,2082,12997,13832,1,9.69252,2082,35507,38107,275.554,756660,2082
3,89,2088216,2111650,95,12,186,0.092252,0.160711,96,-1,ok,0,0,0,0,95,1,1,0.175989,95,244,506,1,0.184825,95,524,1585,0.6107,1473,95
3,90,2481203,2200930,683,87,11423,4.7036,0.617272,702,-1,ok,0,0,0,0,701,1,1,0.491707,683,683,4843,1,0.262672,683,683,14156,0.581166,1582,683
3,91,1827763,2791217,1053,133,26125,10.0028,1.51601,1108,-1,ok,0,0,0,0,1107,1,1,2.5499,1053,5705,6565,1,4.61198,1053,14833,17719,80.6099,247542,1053
3,92,1980418,1582954,557,73,6353,2.44903,0.654753,606,-1,ok,0,0,0,0,605,1,1,0.588277,577,1373,3752,1,0.855608,577,3063,10739,0.379719,557,557
3,93,705039,752842,1000,126,15290,5.97582,0.807428,1035,-1,ok,0,0,0,0,1034,1,1,1.14582,1000,4596,6782,1,2.24407,1000,12038,19164,18.429,86677,1000
3,94,1158854,739502,341,42,2347,0.796416,0.56214,346,-1,ok,0,0,0,0,345,1,1,1.07577,341,1858,2527,1,1.07243,341,4359,7398,6.47815,20212,341
3,95,1350833,836719,972,121,22378,8.56739,0.772974,997,-1,ok,0,0,0,0,996,1,1,0.70257,972,1324,6705,1,0.523347,972,1499,18351,11.1514,46976,972
3,96,1556785,647066,1224,155,21227,7.95612,1.29993,1257,-1,ok,0,0,0,0,1256,1,1,1.08397,1224,1292,8882,1,0.718172,1224,1274,23847,8.35577,34441,1224
3,97,1944954,1109435,783,99,15933,5.56405,1.01154,800,-1,ok,0,0,0,0,799,1,1,1.04888,783,783,5489,1,0.431716,783,834,15110,0.76677,783,783
3,98,2668191,348531,1839,232,33067,12.299,2.63876,1878,-1,ok,0,0,0,0,1877,1,1,6.96373,1839,10186,11001,1,9.23736,1839,26830,30970,146.907,416088,1839
3,99,476033,1903328,1168,147,19051,7.78445,1.98657,1191,-1,ok,0,0,0,0,1190,1,1,3.30697,1168,7107,8092,1,6.08813,1168,19707,22693,147.235,311275,1168
3,100,795218,590026,122,17,451,0.197039,0.251047,141,-1,ok,0,0,0,0,140,1,1,0.213849,122,122,1021,1,0.089737,122,170,3105,0.125165,122,122
3,101,763468,1260833,843,106,7791,3.03301,0.819882,868,-1,ok,0,0,0,0,867,1,1,1.4103,843,4515,5534,1,3.03576,843,12588,16575,23.8011,79344,843
3,102,3155979,534005,2083,261,32523,12.3701,2.86214,2120,-1,ok,0,0,0,0,2119,1,1,5.30951,2089,8347,14174,1,5.82448,2089,19506,39067,42.0976,119986,2083
3,103,2671843,2035386,1097,138,19833,7.97661,1.0917,1112,-1,ok,0,0,0,0,1111,1,1,0.643121,1097,1140,6946,1,0.613666,1097,1486,19945,5.98124,28074,1097
3,104,1072087,2077094,1175,149,25259,9.73572,1.47869,1226,-1,ok,0,0,0,0,1225,1,1,2.95109,1175,7244,8486,1,5.57173,1175,18376,23250,39.569,119881,1175
3,105,1830266,867972,1628,205,32539,12.4462,1.6639,1663,-1,ok,0,0,0,0,1662,1,1,1.6704,1628,3385,10520,1,1.27426,1628,3373,29721,37.484,143047,1628
3,106,2009385,672463,1221,153,26366,9.71866,1.45178,1250,-1,ok,0,0,0,0,1249,1,1,1.42084,1221,1272,8106,1,0.818628,1221,1608,22058,2.3922,7357,1221
3,107,1277732,1289510,1175,147,19059,6.95005,0.976354,1200,-1,ok,0,0,0,0,1199,1,1,0.85716,1175,3004,8215,1,1.33788,1175,6902,23209,20.8634,98639,1175
3,108,383929,2086407,1268,160,17750,6.90121,2.06566,1323,-1,ok,0,0,0,0,1322,1,1,1.96955,1268,1768,9156,1,1.65673,1268,2796,26380,20.9137,67976,1268
3,109,2032078,1699736,1336,168,20166,7.66758,0.844647,1367,-1,ok,0,0,0,0,1366,1,1,0.994425,1336,3560,9955,1,1.77146,1336,7342,28928,5.55501,25701,1336
3,110,958411,907673,588,74,8662,3.12178,0.523728,621,-1,ok,0,0,0,0,620,1,1,0.667787,588,2685,3458,1,1.12646,588,6193,9502,10.1037,46637,588
3,111,345881,908168,999,126,8255,2.82845,0.895923,1010,-1,ok,0,0,0,0,1009,1,1,0.700548,999,999,6968,1,0.409545,999,1083,19480,12.6812,62389,999
3,112,921927,2826328,1275,160,19254,6.6432,1.90285,1312,-1,ok,0,0,0,0,1311,1,1,2.89681,1275,5333,9428,1,4.33641,1275,14913,27099,36.0545,96671,1275
3,113,558628,2150100,1156,146,17660,6.19424,1.68972,1211,-1,ok,0,0,0,0,1210,1,1,3.18036,1160,5813,8012,1,4.80668,1160,14896,21787,39.1238,83510,1156
3,114,732091,2459630,1421,179,25032,9.65999,2.02478,1460,-1,ok,0,0,0,0,1459,1,1,2.99652,1431,6460,8969,1,4.19067,1431,15638,25108,1.5682,2801,1421
3,115,398823,391093,624,79,6560,2.5492,0.548925,653,-1,ok,0,0,0,0,652,1,1,0.64817,624,2936,4508,1,1.49213,624,7945,12815,6.04668,30337,624
3,116,1510629,2959878,1054,133,20537,7.91719,1.56203,1083,-1,ok,0,0,0,0,1082,1,1,1.47047,1054,1054,7888,1,0.812577,1054,1054,22825,22.0984,65295,1054
3,117,2096552,3082996,592,75,9023,3.3787,0.913776,601,-1,ok,0,0,0,0,600,1,1,1.0903,592,592,4759,1,0.343178,592,683,14066,0.68577,592,592
3,118,773297,2535823,1305,164,24886,8.93097,1.71726,1344,-1,ok,0,0,0,0,1343,1,1,3.71078,1311,6828,7861,1,5.95646,1311,19792,23073,14.9772,27954,1305
3,119,1540653,367496,2008,251,34406,13.1861,2.11959,2061,-1,ok,0,0,0,0,2060,1,1,2.15818,2008,3080,13816,1,2.31754,2008,7464,38049,1.21164,2196,2008
3,120,457915,1822951,1394,175,22332,8.42273,1.7504,1439,-1,ok,0,0,0,0,1438,1,1,1.56843,1394,1502,9439,1,1.04019,1394,1782,25010,0.853143,1394,1394
3,121,2144069,523360,2086,260,34128,12.5151,2.27707,2183,-1,ok,0,0,0,0,2182,1,1,5.09494,2086,13150,13590,1,10.3855,2086,36216,37484,294.053,785226,2086
3,122,1935902,3090329,1268,160,32768,13.0083,1.58067,1291,-1,ok,0,0,0,0,1290,1,1,1.40317,1268,1407,8596,1,1.02998,1268,2763,23720,1.26297,1489,1268
3,123,2854140,1596178,937,119,14842,5.06922,1.23687,974,-1,ok,0,0,0,0,973,1,1,1.07846,937,937,7097,1,0.540208,937,970,19975,1.06532,1482,937
3,124,1967913,1747145,807,101,13281,4.91174,0.54623,828,-1,ok,0,0,0,0,827,1,1,0.557802,807,2029,5476,1,0.849747,807,4322,15902,1.94068,7908,807
3,125,2263205,1655305,838,109,15718,5.26529,0.854155,909,-1,ok,0,0,0,0,908,1,1,1.51101,866,3838,5716,1,2.52567,866,9758,15622,0.47758,1240,838
3,126,2506297,1143924,984,124,17683,5.78492,1.32601,1005,-1,ok,0,0,0,0,1004,1,1,1.41939,984,1010,6147,1,1.12807,984,2468,16614,3.39657,8287,984
3,127,1448472,1364093,562,72,6020,2.29722,0.62727,593,-1,ok,0,0,0,0,592,1,1,0.693676,562,1505,3540,1,0.724834,562,3010,9674,8.73807,34287,562
3,128,1724010,2154870,1418,180,29986,11.2342,1.0985,1513,-1,ok,0,0,0,0,1512,1,1,1.78215,1438,7891,10007,1,4.435,1438,21393,28928,50.6346,199433,1418
3,129,840467,2529952,1656,207,15161,5.69123,2.08239,1677,-1,ok,0,0,0,0,1676,1,1,2.28541,1656,2321,10369,1,1.06133,1656,2839,27502,13.1096,49614,1656
3,130,1792217,1212610,345,44,3347,1.16505,0.528106,352,-1,ok,0,0,0,0,351,1,1,0.687513,345,1262,2713,1,0.693555,345,2381,8041,1.39397,2952,345
3,131,1328134,3208212,1967,246,34524,12.9295,2.28873,2012,-1,ok,0,0,0,0,2011,1,1,3.29969,1973,7323,13403,1,5.26298,1973,19569,37411,11.3332,39324,1967
3,132,2891864,1675347,959,120,15116,6.00558,1.48842,966,-1,ok,0,0,0,0,965,1,1,1.06824,959,964,6316,1,0.756463,959,964,17682,1.20075,2811,959
3,133,2410465,2443796,1103,137,14724,5.23239,0.694357,1128,-1,ok,0,0,0,0,1127,1,1,0.976884,1103,4465,8039,1,1.88034,1103,10242,21377,12.9091,59149,1103
3,134,558433,2250280,1093,138,14045,5.14146,1.92264,1148,-1,ok,0,0,0,0,1147,1,1,2.78265,1101,3815,7482,1,2.36458,1101,7471,21867,1.93055,2191,1093
3,135,1187532,720690,1013,127,18003,6.79913,0.869143,1026,-1,ok,0,0,0,0,1025,1,1,1.77384,1013,6773,6964,1,3.76967,1013,17021,18217,30.7533,126857,1013
3,136,2710078,1125700,1258,158,23862,8.91058,1.93641,1287,-1,ok,0,0,0,0,1286,1,1,2.81148,1266,4254,8606,1,2.40551,1266,8393,23655,3.86924,8328,1258
3,137,342829,2650131,1580,199,26568,9.91958,2.35137,1607,-1,ok,0,0,0,0,1606,1,1,2.25599,1580,2114,11387,1,1.9049,1580,4661,31231,54.2618,188923,1580
3,138,381156,591400,523,68,3508,1.26335,0.453968,544,-1,ok,0,0,0,0,543,1,1,0.558754,523,2084,3536,1,1.08559,523,4720,9797,2.92558,11973,523
3,139,620591,3052362,1412,176,23357,8.98124,2.30629,1427,-1,ok,0,0,0,0,1426,1,1,2.3776,1412,1538,10887,1,1.17205,1412,1693,32459,1.90393,1800,1412
3,140,1838465,1180686,1541,194,34814,12.6342,1.34386,1606,-1,ok,0,0,0,0,1605,1,1,2.72263,1541,8446,10871,1,6.30557,1541,23573,30626,159.8,448735,1541
3,141,2808277,2315654,851,108,8277,2.97263,0.852111,898,-1,ok,0,0,0,0,897,1,1,0.761281,851,1304,6427,1,0.674519,851,2541,17922,2.4851,10053,851
3,142,2598310,2422034,222,29,1426,0.58983,0.243234,237,-1,ok,0,0,0,0,236,1,1,0.178122,222,222,1824,1,0.139992,222,622,5308,0.131066,222,222
3,143,2845436,1668194,730,92,7232,2.66167,1.08698,763,-1,ok,0,0,0,0,762,1,1,2.11543,736,4124,4926,1,3.3857,736,11284,14278,10.9041,31596,730
3,144,2382918,526772,1377,173,24047,9.14442,1.84392,1404,-1,ok,0,0,0,0,1403,1,1,2.06799,1377,1422,9724,1,1.11464,1377,1557,27429,24.629,75408,1377
3,145,1931999,438444,1275,161,28303,13.9578,1.8341,1312,-1,ok,0,0,0,0,1311,1,1,2.23657,1275,1312,8201,1,0.912193,1275,1659,22003,1.328,1275,1275
3,146,2679978,515339,2241,282,34097,12.4463,2.79327,2302,-1,ok,0,0,0,0,2301,1,1,4.06627,2247,5697,15105,1,3.17983,2247,11400,40938,5.26689,15905,2241
3,147,2803019,1915102,1793,225,29157,11.1448,1.80296,1846,-1,ok,0,0,0,0,1845,1,1,3.85248,1793,11865,12448,1,8.73265,1793,31823,34597,141.308,368034,1793
3,148,913089,1331566,1323,165,23636,9.97195,1.42406,1356,-1,ok,0,0,0,0,1355,1,1,2.24163,1323,7036,9086,1,3.78263,1323,19376,25919,87.6504,271251,1323
3,149,634343,2276336,1305,165,22897,9.1209,2.07752,1350,-1,ok,0,0,0,0,1349,1,1,4.05006,1313,6438,8792,1,5.58993,1313,15807,24323,1.38554,1305,1305
3,150,1481794,3181212,1228,154,20742,8.60104,2.1984,1257,-1,ok,0,0,0,0,1256,1,1,2.38189,1228,1769,7934,1,1.17908,1228,2383,21421,35.6077,92183,1228
3,151,1474634,422363,1314,165,25823,9.71552,1.42267,1323,-1,ok,0,0,0,0,1322,1,1,1.55082,1314,1325,9041,1,0.788984,1314,1359,25238,2.95417,9827,1314
3,152,1834575,3226322,1174,148,19939,6.93618,1.51532,1193,-1,ok,0,0,0,0,1192,1,1,1.44977,1174,1346,7289,1,0.890422,1174,1788,20156,44.8167,122962,1174
3,153,3024705,540222,1863,235,32786,11.3098,2.45437,1916,-1,ok,0,0,0,0,1915,1,1,4.08569,1863,5249,13315,1,3.11255,1863,10518,37126,39.856,123487,1863
3,154,3044639,2920559,189,25,992,0.426136,0.244436,216,-1,ok,0,0,0,0,215,1,1,0.246981,189,189,1547,1,0.169858,189,202,4239,0.134581,189,189
3,155,1228220,1631674,478,61,5533,2.27176,0.659111,495,-1,ok,0,0,0,0,494,1,1,0.438549,478,478,3381,1,0.247371,478,592,9203,0.280504,480,478
3,156,1536072,283775,1199,150,28297,11.4651,1.57957,1220,-1,ok,0,0,0,0,1219,1,1,1.68674,1199,1356,8198,1,1.00644,1199,2827,22755,1.91471,4874,1199
3,157,3193672,1640899,1490,187,20048,7.51208,1.96345,1529,-1,ok,0,0,0,0,1528,1,1,4.15204,1496,8405,10233,1,6.03608,1496,21350,28053,3.38891,9740,1490
3,158,1364886,1417986,1253,166,25239,10.6348,1.46678,1356,-1,ok,0,0,0,0,1355,1,1,2.14947,1325,7296,8097,1,4.01314,1325,18832,21450,82.6679,284265,1253
3,159,1323479,1948892,1160,147,22137,9.13262,1.22765,1205,-1,ok,0,0,0,0,1204,1,1,0.644283,1166,1317,7927,1,0.565766,1166,1818,21309,2.78864,9077,1160
3,160,329635,3138202,2157,273,28791,11.297,3.35717,2230,-1,ok,0,0,0,0,2229,1,1,8.89175,2185,12454,14511,1,14.9114,2185,34726,40982,220,565662,2157
3,161,2199138,2165892,958,121,19019,8.58234,0.92076,991,-1,ok,0,0,0,0,990,1,1,1.20205,960,5673,6977,1,2.90969,960,16186,19559,16.1189,73053,958
3,162,2332432,2665491,284,38,2074,0.863332,0.562289,311,-1,ok,0,0,0,0,310,1,1,0.52007,284,796,2294,1,0.51416,284,1749,6607,2.36132,6170,284
3,163,2554867,820141,1438,181,28120,12.219,2.2742,1473,-1,ok,0,0,0,0,1472,1,1,2.50908,1438,1468,9152,1,1.511,1438,3204,24589,2.71645,5278,1438
3,164,816636,1589983,1083,137,18083,7.28216,1.14401,1116,-1,ok,0,0,0,0,1115,1,1,0.639223,1083,1094,6120,1,0.906944,1083,1683,17611,0.738719,1377,1083
3,165,2144577,2486159,628,80,10246,4.48566,0.798049,711,-1,ok,0,0,0,0,710,1,1,1.14914,628,2970,4463,1,1.80496,628,6840,12160,7.9463,37091,628
3,166,2257019,735014,1996,252,32174,13.6101,2.6258,2079,-1,ok,0,0,0,0,2078,1,1,6.02686,2006,12334,13198,1,9.13944,2006,32838,35506,206.455,639164,1996
3,167,2095650,935010,1005,129,16980,7.30279,1.65277,1078,-1,ok,0,0,0,0,1077,1,1,2.58658,1033,4777,5815,1,3.71088,1033,12042,16147,3.51743,14265,1005
3,168,312457,989659,778,98,6571,2.90117,1.31438,821,-1,ok,0,0,0,0,820,1,1,1.05682,778,792,4220,1,0.51946,778,1049,10632,1.64532,3848,778
3,169,2882141,1067685,1170,148,14888,6.7501,2.09855,1207,-1,ok,0,0,0,0,1206,1,1,2.84524,1170,2548,8611,1,2.22955,1170,6838,24769,16.2086,53399,1170
3,170,1662824,2681105,1085,137,21227,9.70147,1.51773,1102,-1,ok,0,0,0,0,1101,1,1,1.83249,1091,4820,7516,1,2.80889,1091,12331,21140,5.17148,21575,1085
3,171,1703180,546367,1232,155,23385,9.83513,1.65835,1279,-1,ok,0,0,0,0,1278,1,1,1.58202,1232,1272,7962,1,0.743989,1232,1648,21716,3.42553,9405,1232
3,172,2090483,588991,1314,165,29933,11.4912,1.82111,1361,-1,ok,0,0,0,0,1360,1,1,1.84626,1314,1742,8450,1,1.28443,1314,2627,24302,3.8449,13362,1314
3,173,2669970,1153251,1524,191,27209,10.144,1.94092,1537,-1,ok,0,0,0,0,1536,1,1,2.96714,1530,4708,8932,1,3.56774,1530,11924,25496,1.29205,2581,1524
3,174,2801102,1556461,1651,207,24611,9.58779,1.67252,1716,-1,ok,0,0,0,0,1715,1,1,3.06367,1657,8116,11656,1,6.0407,1657,21007,31526,12.2287,33732,1651
3,175,2862760,2446461,730,93,10714,4.72789,0.808449,775,-1,ok,0,0,0,0,774,1,1,0.625057,730,753,5383,1,0.36373,730,756,14532,0.795485,2114,730
3,176,1728209,2803901,1739,217,30502,12.2919,1.91843,1782,-1,ok,0,0,0,0,1781,1,1,4.05031,1739,11140,12627,1,8.75127,1739,28593,33776,62.0634,205878,1739
3,177,330269,1345015,1018,129,14514,6.24628,1.48972,1057,-1,ok,0,0,0,0,1056,1,1,1.42358,1018,1041,7068,1,0.540009,1018,1106,19687,2.12547,5477,1018
3,178,3017924,2896984,407,51,3353,1.37789,0.329404,412,-1,ok,0,0,0,0,411,1,1,0.294899,407,642,3060,1,0.720976,407,2548,8601,1.9673,9887,407
3,179,910292,1126401,229,30,1241,0.427358,0.269263,248,-1,ok,0,0,0,0,247,1,1,0.298629,229,305,1776,1,0.131374,229,229,5031,0.19882,329,229
3,180,2006593,1670863,1240,155,23779,9.59478,0.894728,1273,-1,ok,0,0,0,0,1272,1,1,0.957838,1240,3066,8943,1,1.60383,1240,6368,26256,4.24268,18067,1240
3,181,2078347,3155254,1385,175,33273,12.2879,1.95965,1422,-1,ok,0,0,0,0,1421,1,1,2.73043,1385,5000,10126,1,2.63067,1385,12116,28925,151.896,376164,1385
3,182,2709648,2878665,277,35,1594,0.611741,0.332501,282,-1,ok,0,0,0,0,281,1,1,0.233977,277,314,2090,1,0.147274,277,277,5819,0.146924,314,277
3,183,460429,2828556,1989,250,31066,12.0201,2.95672,2044,-1,ok,0,0,0,0,2043,1,1,5.0071,1995,9118,13357,1,7.11374,1995,22308,36419,3.94907,8183,1989
3,184,909956,1352984,474,60,5671,2.50083,0.675891,495,-1,ok,0,0,0,0,494,1,1,0.416757,474,476,3327,1,0.215713,474,476,8671,4.09729,19392,474
3,185,2598310,614849,1241,157,25514,10.2129,2.15216,1292,-1,ok,0,0,0,0,1291,1,1,2.57679,1247,2963,8273,1,2.50546,1247,7188,23309,1.26946,1243,1241
3,186,1732162,381072,1507,190,32889,13.0517,1.9042,1530,-1,ok,0,0,0,0,1529,1,1,3.92714,1507,8372,9755,1,6.362,1507,22296,26351,165.36,461122,1507
3,187,2864255,987151,1339,170,20430,8.27189,2.37017,1414,-1,ok,0,0,0,0,1413,1,1,3.84485,1359,4553,8048,1,4.21724,1359,10128,22521,3.85051,11474,1339
3,188,613280,1998545,1505,189,25276,10.7382,2.01817,1544,-1,ok,0,0,0,0,1543,1,1,1.88848,1505,1872,9276,1,1.353,1505,3081,25181,7.48111,27552,1505
3,189,769257,2619619,1324,166,22313,9.20861,2.14226,1337,-1,ok,0,0,0,0,1336,1,1,2.59568,1324,3092,9630,1,2.41079,1324,6671,27707,10.2349,33516,1324
3,190,1700379,924636,488,62,7031,2.74287,0.89954,521,-1,ok,0,0,0,0,520,1,1,1.47087,492,3366,3750,1,1.04188,488,2376,10449,1.2055,2717,488
3,191,489236,2011181,1701,214,26500,10.4137,2.01718,1754,-1,ok,0,0,0,0,1753,1,1,1.9636,1701,2390,11627,1,1.55181,1701,3692,32072,7.63565,29617,1701
3,192,1225462,1170705,1015,127,16039,6.24216,0.72881,1030,-1,ok,0,0,0,0,1029,1,1,0.708333,1015,2208,7164,1,1.03215,1015,4933,20388,10.8217,50850,1015
3,193,1873151,1744747,675,85,12314,4.3727,0.411198,686,-1,ok,0,0,0,0,685,1,1,0.260417,675,777,5140,1,0.423531,675,1567,14764,3.12754,15703,675
3,194,2468599,2302602,643,80,9591,3.51777,0.683958,678,-1,ok,0,0,0,0,677,1,1,0.927603,643,2598,4339,1,1.18658,643,5912,10877,13.2608,59069,643
3,195,2943977,2062115,628,79,7798,2.72225,1.02221,641,-1,ok,0,0,0,0,640,1,1,1.14003,628,671,4511,1,0.853233,628,1869,13064,1.42247,2590,628
3,196,587996,382135,775,98,9311,3.71279,0.611552,810,-1,ok,0,0,0,0,809,1,1,0.60577,775,1433,5407,1,1.13719,775,4224,15507,5.14446,25018,775
3,197,1795388,2559139,975,123,23674,9.30129,1.21024,1000,-1,ok,0,0,0,0,999,1,1,1.0848,975,1098,6486,1,0.630165,975,1581,17564,0.608337,975,975
3,198,430706,1816036,1949,245,30097,11.545,2.46827,2044,-1,ok,0,0,0,0,2043,1,1,5.42431,1949,13381,13619,1,10.1267,1949,36873,37563,266.546,727212,1949
3,199,2709791,743716,1567,197,31217,12.6287,2.44761,1604,-1,ok,0,0,0,0,1603,1,1,2.52493,1567,1576,10505,1,1.44451,1567,1740,30327,23.8427,74094,1567
3,200,2317486,1682523,790,100,15186,6.19445,0.962958,835,-1,ok,0,0,0,0,834,1,1,1.02811,796,2569,5009,1,1.8968,796,6382,13381,1.72148,7120,790
3,201,848074,2660956,1289,162,17862,7.0544,1.98497,1332,-1,ok,0,0,0,0,1331,1,1,1.83101,1289,1291,8689,1,0.946968,1289,1520,23397,13.427,41549,1289
3,202,2051630,2425358,880,111,15370,5.95415,0.685451,907,-1,ok,0,0,0,0,906,1,1,0.424182,880,880,6443,1,0.357548,880,971,18311,2.61257,12520,880
3,203,2138232,3170486,1784,226,29485,10.3858,1.91354,1831,-1,ok,0,0,0,0,1830,1,1,1.93402,1784,2759,12266,1,1.44713,1784,4904,33683,31.9072,104969,1784
3,204,1443071,807450,574,72,6732,2.60334,0.815312,589,-1,ok,0,0,0,0,588,1,1,0.876066,574,607,3741,1,0.443106,574,1078,9993,0.880703,1132,574
3,205,1144422,3049691,2080,263,35188,13.0988,2.79229,2171,-1,ok,0,0,0,0,2170,1,1,4.64042,2106,11262,12900,1,7.63456,2106,29648,34364,237.947,753132,2080
3,206,377442,2376747,1648,208,25244,10.4942,2.62331,1679,-1,ok,0,0,0,0,1678,1,1,2.59986,1648,2834,10187,1,2.28528,1648,6178,27311,5.89529,15424,1648
3,207,1401797,2931005,1642,208,32546,12.8008,2.06806,1707,-1,ok,0,0,0,0,1706,1,1,2.44822,1668,5004,10543,1,3.12038,1668,11668,28723,1.15803,1642,1642
3,208,2488208,1785008,991,125,16977,10.4472,1.27243,1042,-1,ok,0,0,0,0,1041,1,1,2.00231,997,4519,6701,1,3.13883,997,11322,18256,0.601895,1460,991
3,209,2517430,2632913,587,75,8883,3.27989,0.738349,622,-1,ok,0,0,0,0,621,1,1,1.22867,599,3300,4040,1,1.70318,599,8282,10718,14.1322,55759,587
3,210,1804529,2670473,625,79,10654,4.04187,0.985368,646,-1,ok,0,0,0,0,645,1,1,1.19315,633,1718,4417,1,1.1717,633,3732,12610,0.502198,814,625
3,211,792304,2700845,1601,200,24821,9.76072,2.41179,1622,-1,ok,0,0,0,0,1621,1,1,2.97454,1601,1797,10629,1,1.28296,1601,1908,30346,4.9516,14838,1601
3,212,292558,448522,757,95,8504,3.40333,0.693054,774,-1,ok,0,0,0,0,773,1,1,0.843806,757,2732,5513,1,1.54026,757,6920,16089,4.1071,20443,757
3,213,2987559,1182868,2093,262,32849,12.9391,2.83361,2148,-1,ok,0,0,0,0,2147,1,1,3.21486,2093,3011,14041,1,2.0485,2093,4469,39269,6.31274,20670,2093
3,214,3031564,1350417,1027,129,11314,4.43218,1.77339,1068,-1,ok,0,0,0,0,1067,1,1,4.61488,1027,6582,7371,1,7.73521,1027,18807,21212,25.1502,53496,1027
3,215,3155823,373649,2172,278,31724,12.3506,3.33308,2253,-1,ok,0,0,0,0,2252,1,1,5.54395,2222,6799,14105,1,5.65837,2222,16876,38528,12.8005,37219,2172
3,216,371781,1935939,921,117,13659,5.44542,1.70197,946,-1,ok,0,0,0,0,945,1,1,3.0411,921,5481,7253,1,4.39006,921,11083,21492,9.56802,28771,921
3,217,2855984,2571946,520,66,5846,2.51826,0.51442,529,-1,ok,0,0,0,0,528,1,1,0.471451,520,520,4028,1,0.288708,520,772,11762,0.297607,520,520
3,218,465556,3102078,1943,244,33356,12.3174,2.95895,1988,-1,ok,0,0,0,0,1987,1,1,5.21926,1949,7774,12951,1,5.79247,1949,18846,35392,1.64957,2235,1943
3,219,3106562,1461822,2273,285,32057,12.3904,2.67602,2322,-1,ok,0,0,0,0,2321,1,1,6.01011,2273,15141,15450,1,10.9646,2273,39639,41970,295.157,900726,2273
3,220,2389443,1100586,779,97,15474,6.20879,1.46892,806,-1,ok,0,0,0,0,805,1,1,2.36325,779,4400,5683,1,3.29896,779,9728,16669,8.44642,30377,779
3,221,1209891,3199598,1812,227,30575,12.1199,2.48618,1827,-1,ok,0,0,0,0,1826,1,1,2.39389,1812,1880,11782,1,1.39467,1812,2620,32032,6.55033,13983,1812
3,222,1628263,3038908,1441,180,34360,13.5414,2.05607,1474,-1,ok,0,0,0,0,1473,1,1,3.32946,1447,7424,8945,1,4.85547,1447,19151,23494,152.943,488535,1441
3,223,996318,538495,877,111,18495,7.34454,0.97446,898,-1,ok,0,0,0,0,897,1,1,0.887236,877,877,6837,1,0.428209,877,1388,19434,0.588248,877,877
3,224,2666230,1916875,1680,213,28900,10.8283,1.5764,1739,-1,ok,0,0,0,0,1738,1,1,3.51222,1680,11189,11680,1,7.90449,1680,30102,32299,111.487,339882,1680
3,225,1214391,1343195,898,113,17813,7.19797,0.727078,917,-1,ok,0,0,0,0,916,1,1,0.45045,900,1016,6456,1,0.372055,900,1333,18295,5.05649,21905,898
3,226,650861,1693026,614,77,8127,2.70301,1.09936,635,-1,ok,0,0,0,0,634,1,1,1.0938,614,614,4009,1,0.621811,614,1238,11952,0.886025,614,614
3,227,1007288,1215730,474,61,5338,1.86236,0.40078,493,-1,ok,0,0,0,0,492,1,1,0.264834,474,474,3491,1,0.302233,474,1006,10059,1.83141,9166,474
3,228,2161129,565602,1613,203,34721,13.0764,2.05687,1652,-1,ok,0,0,0,0,1651,1,1,2.2255,1617,2090,10431,1,1.33789,1617,2757,29311,1.63944,2367,1613
3,229,2785103,1597956,1513,191,25608,9.62446,1.57692,1582,-1,ok,0,0,0,0,1581,1,1,2.96336,1519,6344,9491,1,4.80617,1519,15831,25874,2.05189,6665,1513
3,230,1392321,355276,821,104,17268,7.05028,1.3298,846,-1,ok,0,0,0,0,845,1,1,1.54296,821,829,5575,1,0.47632,821,821,14827,0.746644,857,821
3,231,2051789,1806580,591,75,5202,2.02077,0.641326,610,-1,ok,0,0,0,0,609,1,1,0.751593,591,2222,4051,1,1.20734,591,5545,11313,4.86054,21480,591
3,232,1102446,3057237,1135,144,25991,9.79153,1.99245,1190,-1,ok,0,0,0,0,1189,1,1,2.32009,1135,2664,8499,1,2.55694,1135,7103,24861,4.76238,13027,1135
3,233,2397085,1013039,923,116,16882,6.23887,1.43477,938,-1,ok,0,0,0,0,937,1,1,1.41859,923,940,6947,1,0.64259,923,930,19829,5.42878,14385,923
3,234,1287529,1866275,1267,159,25554,10.2449,1.20202,1290,-1,ok,0,0,0,0,1289,1,1,0.855677,1267,1376,8531,1,0.784464,1267,2536,23009,4.10348,19969,1267
3,235,1687683,418136,1252,157,31976,11.8823,1.47929,1267,-1,ok,0,0,0,0,1266,1,1,1.58455,1252,1262,8345,1,0.662847,1252,1271,22180,20.1033,65454,1252
3,236,2722809,932643,2100,263,34484,12.1846,2.49785,2151,-1,ok,0,0,0,0,2150,1,1,2.8987,2100,3439,13633,1,1.84659,2100,5411,36904,8.79828,31293,2100
3,237,2665523,3047256,1417,180,22487,8.84431,1.91764,1444,-1,ok,0,0,0,0,1443,1,1,2.53035,1417,5679,10415,1,3.20598,1417,14272,29795,145.914,291273,1417
3,238,1923409,2905912,843,106,18066,7.11969,1.20073,864,-1,ok,0,0,0,0,863,1,1,0.994457,849,1112,5422,1,0.827255,849,1954,14636,3.29934,12908,843
3,239,875283,1311303,664,84,8367,3.39704,0.717129,697,-1,ok,0,0,0,0,696,1,1,0.963749,664,2295,4097,1,1.46568,664,5954,12146,8.41503,37825,664
3,240,2918198,639738,1606,204,24713,9.55339,2.48569,1677,-1,ok,0,0,0,0,1676,1,1,4.24311,1626,5392,10179,1,4.66803,1626,13053,28329,2.87264,3865,1606
3,241,1337751,1159597,145,19,599,0.258112,0.237123,168,-1,ok,0,0,0,0,167,1,1,0.181298,145,145,1188,1,0.088726,145,145,3252,0.107961,145,145
3,242,1804529,3222731,986,124,26024,10.9507,1.60989,1025,-1,ok,0,0,0,0,1024,1,1,1.684,986,1563,7336,1,1.8012,986,4352,20781,16.9472,52110,986
3,243,2545706,1651771,1162,146,19374,7.62868,1.39992,1229,-1,ok,0,0,0,0,1228,1,1,2.62975,1168,5405,7839,1,3.90524,1168,13705,21137,1.76518,5020,1162
3,244,807710,2239366,1940,245,33731,13.4125,2.34024,1981,-1,ok,0,0,0,0,1980,1,1,3.28761,1960,7925,10988,1,5.44636,1960,21788,31477,29.9275,116749,1940
3,245,3201629,632825,1631,205,26092,10.415,2.82855,1724,-1,ok,0,0,0,0,1723,1,1,5.81301,1637,9854,10426,1,9.50629,1637,26856,30107,12.2401,38880,1631
3,246,2019093,3174345,1036,130,21966,9.59037,1.60067,1077,-1,ok,0,0,0,0,1076,1,1,1.34485,1036,1590,7198,1,0.915269,1036,2367,19881,2.47068,9263,1036
3,247,2955346,1703765,1276,161,15444,5.73551,1.53429,1319,-1,ok,0,0,0,0,1318,1,1,2.38386,1282,5014,9107,1,3.00674,1282,11380,26064,4.70447,12131,1276
3,248,541380,1361733,957,120,10734,4.48895,1.29982,1004,-1,ok,0,0,0,0,1003,1,1,1.44992,957,1765,6618,1,1.14654,957,3789,18133,5.27639,21833,957
3,249,3113781,786831,2642,332,34957,12.8475,2.99938,2697,-1,ok,0,0,0,0,2696,1,1,3.23332,2642,3084,17448,1,1.70923,2642,3415,47151,28.1737,107553,2642
3,250,726020,696308,1081,136,16635,6.26742,0.791798,1110,-1,ok,0,0,0,0,1109,1,1,1.07381,1081,3741,7430,1,2.20445,1081,9632,21252,13.2064,50498,1081
3,251,553589,2992564,1414,177,25116,9.05801,2.61324,1461,-1,ok,0,0,0,0,1460,1,1,4.47773,1420,6633,10515,1,6.02857,1420,18223,30849,19.2066,42836,1414
3,252,1843611,2188440,1312,165,24931,10.0573,1.27927,1343,-1,ok,0,0,0,0,1342,1,1,0.865066,1312,2453,8770,1,0.958279,1312,4415,24106,9.54545,39358,1312
3,253,334027,2354825,1725,218,27980,10.2275,2.3527,1770,-1,ok,0,0,0,0,1769,1,1,4.47726,1745,9114,11032,1,6.42342,1745,24048,30374,3.89478,8592,1725
3,254,2138232,528223,1703,217,28062,11.6517,2.31957,1774,-1,ok,0,0,0,0,1773,1,1,2.52121,1713,4020,12064,1,2.93628,1713,7744,33699,14.439,55690,1703
3,255,2920261,1514740,1066,135,16628,6.46524,1.56722,1091,-1,ok,0,0,0,0,1090,1,1,3.74013,1066,6531,7288,1,5.97775,1066,18059,20533,42.8518,142742,1066
3,256,1963166,1687516,403,51,3962,1.47339,0.420065,428,-1,ok,0,0,0,0,427,1,1,0.255977,403,404,2984,1,0.231132,403,403,8771,0.360794,870,403
3,257,610635,2538272,1234,155,17808,7.48091,2.17714,1293,-1,ok,0,0,0,0,1292,1,1,3.28283,1238,3921,8391,1,2.31879,1238,7241,23838,4.37928,10127,1234
3,258,2978886,649484,1616,201,13198,5.49734,2.5262,1677,-1,ok,0,0,0,0,1676,1,1,5.66845,1616,10900,11691,1,11.1313,1616,30422,33295,79.7912,185927,1616
3,259,769160,1514768,962,122,12926,5.46853,1.18785,985,-1,ok,0,0,0,0,984,1,1,1.10328,962,2120,6148,1,1.45156,962,4445,17030,9.21606,34250,962
3,260,3115044,1697807,1444,186,23179,9.13344,2.09249,1509,-1,ok,0,0,0,0,1508,1,1,2.02876,1474,1773,9805,1,0.934897,1474,2426,27076,1.74849,2358,1444
3,261,1835879,2014773,1360,171,22117,9.49729,1.09083,1421,-1,ok,0,0,0,0,1420,1,1,0.995668,1360,3175,9679,1,1.4858,1360,6849,27891,18.9491,82259,1360
3,262,1550309,1217369,267,34,1684,0.677355,0.475428,280,-1,ok,0,0,0,0,279,1,1,0.79207,267,1083,2075,1,0.739692,267,2573,6111,1.67015,4790,267
3,263,1455274,2689959,801,101,16996,6.54609,1.3405,820,-1,ok,0,0,0,0,819,1,1,2.12207,811,4180,5421,1,3.1148,811,10086,15149,1.00152,831,801
3,264,1863586,2791354,1283,161,29272,11.3771,1.59524,1314,-1,ok,0,0,0,0,1313,1,1,1.17225,1283,1406,8157,1,0.633673,1283,1681,22868,29.7423,109590,1283
3,265,1878699,2430675,931,117,19246,7.31673,0.861277,952,-1,ok,0,0,0,0,951,1,1,0.974981,937,3016,6611,1,1.54988,937,5697,18767,2.77222,11881,931
3,266,1109092,2589721,1865,232,30621,11.4878,1.9791,1910,-1,ok,0,0,0,0,1909,1,1,4.34166,1865,11051,11777,1,7.46825,1865,27508,32356,209.688,563016,1865
3,267,2786859,1809984,1068,135,15292,5.88978,1.25514,1129,-1,ok,0,0,0,0,1128,1,1,1.09573,1068,1521,7424,1,0.850076,1068,2254,20394,6.52779,13936,1068
3,268,2948186,2866807,424,54,2066,0.759157,0.366795,439,-1,ok,0,0,0,0,438,1,1,0.270625,424,424,3456,1,0.108713,424,424,10432,0.183312,424,424
3,269,837275,3217710,2157,270,32544,12.5449,2.97311,2202,-1,ok,0,0,0,0,2201,1,1,3.02684,2157,2476,14129,1,1.8181,2157,3786,38968,2.7553,4785,2157
3,270,1633134,3007164,1393,175,29909,12.0175,1.72539,1438,-1,ok,0,0,0,0,1437,1,1,1.18774,1393,1517,8987,1,1.1165,1393,2729,24377,0.732036,2433,1393
3,271,3177553,363823,1951,244,29546,11.9305,3.46027,1992,-1,ok,0,0,0,0,1991,1,1,5.36864,1951,7877,13268,1,12.133,1951,20519,36986,70.7758,213424,1951
3,272,1545611,2173818,374,47,3241,1.62123,0.950275,383,-1,ok,0,0,0,0,382,1,1,0.942791,374,460,2905,1,0.215351,374,576,8624,0.48649,672,374
3,273,2234670,1030403,742,93,14440,5.82229,1.31203,773,-1,ok,0,0,0,0,772,1,1,2.52292,742,4389,5331,1,2.89868,742,9119,15519,6.02855,21480,742
3,274,1061263,517752,391,51,4258,1.7247,0.650185,420,-1,ok,0,0,0,0,419,1,1,0.703404,391,391,2820,1,0.279032,391,391,7678,0.436306,391,391
3,275,2611184,1093057,1834,230,31596,12.3105,2.57741,1885,-1,ok,0,0,0,0,1884,1,1,3.19792,1834,3312,12376,1,1.84215,1834,5430,32416,5.99057,23458,1834
3,276,1860944,3238002,887,111,13368,5.56008,1.71969,908,-1,ok,0,0,0,0,907,1,1,2.05398,887,1451,6341,1,0.919186,887,2529,15947,2.51046,7360,887
3,277,2169703,1399028,791,100,14615,5.99323,1.08167,820,-1,ok,0,0,0,0,819,1,1,0.994277,791,1155,5080,1,0.679809,791,1947,14063,7.49833,33161,791
3,278,1948620,2128617,131,17,478,0.172352,0.199503,142,-1,ok,0,0,0,0,141,1,1,0.289561,131,458,980,1,0.340045,131,1206,2673,0.905359,2436,131
3,279,2566018,882646,1597,201,33127,12.3088,2.56024,1640,-1,ok,0,0,0,0,1639,1,1,5.00851,1609,9555,10753,1,7.68603,1609,25481,29123,248.367,617665,1597
3,280,929280,999352,167,22,788,0.354422,0.185546,176,-1,ok,0,0,0,0,175,1,1,0.103905,167,167,1408,1,0.052577,167,167,4288,0.071143,167,167
3,281,924154,2537686,1628,204,32239,15.1116,2.62784,1677,-1,ok,0,0,0,0,1676,1,1,4.69167,1636,8621,10626,1,6.69812,1636,21501,29299,3.74124,10751,1628
3,282,2000652,1137046,874,110,19270,7.97546,1.2457,887,-1,ok,0,0,0,0,886,1,1,1.00389,874,941,5469,1,0.624576,874,1209,14474,0.407251,889,874
3,283,2582565,607763,1299,163,24387,9.26643,2.17641,1320,-1,ok,0,0,0,0,1319,1,1,2.82268,1299,1745,9411,1,0.989628,1299,1299,26383,1.21999,1299,1299
3,284,3245185,785165,2684,337,34024,13.2384,3.16789,2749,-1,ok,0,0,0,0,2748,1,1,5.69716,2684,9372,17897,1,6.41887,2684,17263,48536,70.3554,258035,2684
3,285,1231498,2364091,1022,129,14985,6.41585,1.57651,1041,-1,ok,0,0,0,0,1040,1,1,1.2709,1022,1055,5702,1,0.622253,1022,1214,16373,2.42971,5477,1022
3,286,1066192,1226502,199,25,731,0.270395,0.232192,200,-1,ok,0,0,0,0,199,1,1,0.177472,199,199,1600,1,0.05421,199,199,4864,0.083887,199,199
3,287,1869193,2052669,328,42,3042,1.11044,0.421918,359,-1,ok,0,0,0,0,358,1,1,0.429121,328,1189,1898,1,0.589421,328,2845,4854,4.96825,21267,328
3,288,2994814,3098447,829,105,8987,3.52188,0.541371,854,-1,ok,0,0,0,0,853,1,1,0.338642,829,1135,6458,1,0.916009,829,3586,18360,4.22541,17762,829
3,289,1797269,848583,613,78,11155,4.03003,1.07463,646,-1,ok,0,0,0,0,645,1,1,1.08405,613,617,4649,1,0.66444,613,613,13544,0.814283,1897,613
3,290,1214793,1750358,1135,143,15996,6.33003,0.997733,1176,-1,ok,0,0,0,0,1175,1,1,1.62442,1135,4995,8162,1,2.98349,1135,12110,23317,16.5393,68787,1135
3,291,2831898,2102650,653,82,7423,3.0141,0.918224,672,-1,ok,0,0,0,0,671,1,1,1.38972,653,742,4548,1,0.494003,653,710,12368,0.74251,653,653
3,292,2244867,2707981,771,98,8577,3.01692,0.579773,800,-1,ok,0,0,0,0,799,1,1,0.364891,771,771,5672,1,0.366725,771,806,14952,3.49379,10128,771
3,293,1073058,1365640,1214,152,17303,6.79663,0.885954,1243,-1,ok,0,0,0,0,1242,1,1,1.46197,1214,4962,9064,1,2.54792,1214,11479,25486,31.9869,125923,1214
3,294,2216425,1540683,1508,190,32480,12.067,1.44226,1569,-1,ok,0,0,0,0,1568,1,1,1.44449,1510,1900,9744,1,1.0788,1510,2913,26897,94.9961,291143,1508
3,295,2060741,2215164,463,58,3611,1.41266,0.315939,476,-1,ok,0,0,0,0,475,1,1,0.237674,463,463,3372,1,0.135763,463,463,9511,0.158777,463,463
3,296,1441555,704228,1628,204,30535,11.9346,1.64791,1651,-1,ok,0,0,0,0,1650,1,1,3.39241,1628,9747,11880,1,6.28426,1628,25372,32677,53.7137,206765,1628
3,297,2513611,686770,1174,148,24582,10.2938,2.10198,1225,-1,ok,0,0,0,0,1224,1,1,2.44973,1174,1174,8243,1,1.11612,1174,1503,23150,7.35032,16039,1174
3,298,1306030,2886412,938,119,22018,8.893,1.67756,979,-1,ok,0,0,0,0,978,1,1,2.20486,938,3362,6862,1,3.74901,938,10819,18944,12.6187,32381,938
3,299,404356,1929489,1380,173,20907,8.17481,1.9511,1461,-1,ok,0,0,0,0,1460,1,1,1.98509,1380,1864,9071,1,1.05549,1380,1954,23665,6.20937,18896,1380
4,0,2654607,497695,1710,108,8203,3.30386,3.02144,1819,-1,ok,0,0,0,0,1818,1,1,7.73573,1716,18429,22170,1,13.3223,1716,49152,63348,5.4808,12833,1710
4,1,2221473,1571062,1589,100,7305,2.90552,1.61759,1646,-1,ok,0,0,0,0,1645,1,1,2.67837,1597,9642,22529,1,5.71837,1597,23559,63484,47.3397,160357,1589
4,2,641811,2589149,1344,85,6414,2.16654,2.29935,1541,-1,ok,0,0,0,0,1540,1,1,2.0849,1344,1375,16762,1,1.1404,1344,2470,44792,2.25787,3632,1344
4,3,2250714,2339143,278,18,542,0.211454,0.241851,303,-1,ok,0,0,0,0,302,1,1,0.103573,278,278,4423,1,0.080039,278,278,13273,0.096801,278,278
4,4,2536396,353659,1876,118,7779,2.4534,2.15975,1911,-1,ok,0,0,0,0,1910,1,1,2.50669,1876,2480,24017,1,1.38352,1876,1939,65014,12.0856,28227,1876
4,5,916591,1430479,1191,76,5071,1.72896,1.13321,1334,-1,ok,0,0,0,0,1333,1,1,3.26109,1223,12496,15794,1,7.47539,1223,32564,45259,42.0812,132776,1191
4,6,500826,2935247,2173,136,8660,2.89801,3.06967,2336,-1,ok,0,0,0,0,2335,1,1,3.38779,2173,4451,28601,1,4.26097,2173,11738,77182,11.9592,31438,2173
4,7,2429283,2288496,465,30,1587,0.592866,0.420956,496,-1,ok,0,0,0,0,495,1,1,0.198601,465,465,7192,1,0.174215,465,465,21108,0.236581,804,465
4,8,502542,1287255,645,42,1279,0.423601,0.938792,708,-1,ok,0,0,0,0,707,1,1,2.03331,645,5892,8120,1,4.74367,645,16491,23391,17.9223,63467,645
4,9,2726054,800471,1487,94,7860,2.742,2.25411,1644,-1,ok,0,0,0,0,1643,1,1,2.60769,1487,2837,19484,1,1.91773,1487,5076,54432,1.83957,2150,1487
4,10,3031784,709412,1662,105,7288,2.47277,2.2332,1725,-1,ok,0,0,0,0,1724,1,1,2.52013,1662,1666,23003,1,1.35739,1662,1662,62243,39.605,146083,1662
4,11,813038,2649998,1861,118,9090,2.9468,2.36348,2152,-1,ok,0,0,0,0,2151,1,1,1.7117,1861,2012,20407,1,1.52178,1861,3407,56320,1.44727,2064,1861
4,12,2906523,1340129,1264,79,5304,1.75097,1.81348,1387,-1,ok,0,0,0,0,1386,1,1,2.69681,1268,5166,17132,1,3.81752,1268,12800,48375,24.921,73256,1264
4,13,2198005,2773306,1504,94,6162,2.14672,1.28208,1603,-1,ok,0,0,0,0,1602,1,1,4.48269,1506,15526,18793,1,11.3454,1506,40838,51796,58.7751,197182,1504
4,14,1009630,2195480,1009,63,3090,1.2007,1.72942,1152,-1,ok,0,0,0,0,1151,1,1,1.65987,1009,1537,12934,1,1.30425,1009,2633,34701,3.12974,8169,1009
4,15,2077961,2827531,1186,75,7866,2.78117,1.24043,1247,-1,ok,0,0,0,0,1246,1,1,0.950004,1186,1308,15105,1,0.690749,1186,1370,45926,36.4291,125454,1186
4,16,1553701,2469994,602,39,1604,0.455921,1.02441,699,-1,ok,0,0,0,0,698,1,1,0.823587,602,836,8716,1,0.475278,602,1213,25352,1.90426,1976,602
4,17,2490161,384400,1409,89,7984,2.48161,2.12406,1610,-1,ok,0,0,0,0,1609,1,1,2.19086,1409,1709,18234,1,1.18836,1409,1486,49067,2.13361,1693,1409
4,18,2599025,2034587,1669,106,5833,1.87074,1.42264,1814,-1,ok,0,0,0,0,1813,1,1,5.24776,1695,19459,21592,1,11.7404,1695,53454,61433,36.42,141895,1669
4,19,1181060,2927824,1734,109,7938,2.89156,2.35479,1833,-1,ok,0,0,0,0,1832,1,1,2.02929,1734,2019,22500,1,1.42564,1734,3350,61054,14.1753,51628,1734
4,20,645781,614849,395,27,910,0.300462,0.373597,442,-1,ok,0,0,0,0,441,1,1,0.312753,395,975,5841,1,0.887417,395,4964,16160,2.39665,12656,395
4,21,2468056,2256643,1145,71,4265,1.42253,0.765639,1210,-1,ok,0,0,0,0,1209,1,1,1.12609,1145,4943,17055,1,3.07873,1145,14061,46974,9.53671,41640,1145
4,22,251497,3219170,2176,137,9029,2.85505,3.27564,2361,-1,ok,0,0,0,0,2360,1,1,3.50092,2176,2391,30545,1,5.99527,2176,14907,84819,35.6969,83714,2176
4,23,569297,2803754,1948,122,8218,3.08507,2.73191,2091,-1,ok,0,0,0,0,2090,1,1,8.91627,1956,24248,25098,1,20.7702,1956,65087,68333,298.307,673122,1948
4,24,2520461,1501553,674,42,2442,0.946076,1.31311,721,-1,ok,0,0,0,0,720,1,1,0.875154,674,804,9950,1,0.475156,674,692,28474,3.398,7515,674
4,25,2003860,731758,1205,76,6013,2.11571,1.49623,1342,-1,ok,0,0,0,0,1341,1,1,1.16255,1205,1469,15518,1,0.892798,1205,1850,42482,7.67911,31467,1205
4,26,613334,2557422,1168,73,4850,1.56986,1.7351,1203,-1,ok,0,0,0,0,1202,1,1,2.10395,1168,2064,16193,1,1.18354,1168,1168,43616,8.50405,30286,1168
4,27,387537,2005469,1167,74,4261,1.33484,1.87877,1306,-1,ok,0,0,0,0,1305,1,1,1.86479,1167,2056,16593,1,1.44669,1167,2660,46264,1.98038,3473,1167
4,28,344125,2584166,2379,149,8694,2.77191,2.90665,2638,-1,ok,0,0,0,0,2637,1,1,9.09938,2387,26369,28833,1,23.326,2387,70551,76864,622.8,1.28006e+06,2379
4,29,2992346,1955386,784,49,2843,1.08599,1.35261,861,-1,ok,0,0,0,0,860,1,1,1.73259,784,2942,9525,1,1.89434,784,6854,29195,14.7197,52143,784
4,30,2891864,2043208,1327,84,6380,2.22153,1.23764,1426,-1,ok,0,0,0,0,1425,1,1,0.974189,1327,1970,16396,1,0.848283,1327,2178,45061,19.9803,79579,1327
4,31,593449,1109625,711,46,2293,0.79315,0.847562,824,-1,ok,0,0,0,0,823,1,1,0.614487,711,713,9408,1,0.375321,711,800,26361,1.22983,3075,711
4,32,2770066,477636,2303,148,8666,2.61931,2.71981,2540,-1,ok,0,0,0,0,2539,1,1,4.78854,2313,9894,29337,1,9.00048,2313,28221,81627,6.55932,15953,2303
4,33,1568488,2024378,743,47,3704,1.48973,0.851931,796,-1,ok,0,0,0,0,795,1,1,0.48252,743,810,9860,1,0.595672,743,1319,28168,0.927451,2836,743
4,34,2636861,1355914,1868,118,6758,2.32049,1.84173,2003,-1,ok,0,0,0,0,2002,1,1,3.60073,1868,11114,26334,1,7.11899,1868,27392,73335,31.7972,120630,1868
4,35,2807379,1728601,1223,76,5190,1.8183,1.53605,1312,-1,ok,0,0,0,0,1311,1,1,1.91886,1223,3264,15374,1,2.11753,1223,7376,40192,5.3515,16354,1223
4,36,548195,1129534,384,25,920,0.365392,0.787831,453,-1,ok,0,0,0,0,452,1,1,0.688314,384,384,4880,1,0.226444,384,384,13752,0.66388,384,384
4,37,1403079,1097550,787,51,4327,1.5396,0.902835,896,-1,ok,0,0,0,0,895,1,1,2.4898,797,7995,10561,1,4.83474,787,20971,27956,31.4693,114224,787
4,38,1098506,2400310,1127,71,5367,1.93278,1.61971,1232,-1,ok,0,0,0,0,1231,1,1,1.53856,1127,1876,14519,1,1.18938,1127,3308,41457,1.24535,1127,1127
4,39,549302,2763681,1609,101,6277,2.02329,2.13509,1670,-1,ok,0,0,0,0,1669,1,1,2.14356,1609,1707,21174,1,1.23742,1609,2067,57369,43.6522,121137,1609
4,40,2830387,1329031,990,63,4443,1.71939,1.43364,1067,-1,ok,0,0,0,0,1066,1,1,1.23398,994,1525,11489,1,1.92632,994,5383,33976,4.43552,12620,990
4,41,2571837,1609971,1200,76,5161,1.77018,1.31513,1247,-1,ok,0,0,0,0,1246,1,1,1.00009,1200,1589,15158,1,1.55309,1200,4075,42455,1.1873,2243,1200
4,42,2269545,949398,1480,94,7096,2.50204,1.83504,1653,-1,ok,0,0,0,0,1652,1,1,2.19015,1480,4016,19319,1,1.83862,1480,5521,52602,3.09504,7900,1480
4,43,2386550,2005422,1757,113,8468,2.705,1.4574,1934,-1,ok,0,0,0,0,1933,1,1,4.91282,1811,19055,23409,1,9.48278,1811,46665,64472,92.6053,350924,1757
4,44,3228329,1091487,1429,92,6083,2.22475,2.52992,1542,-1,ok,0,0,0,0,1541,1,1,3.61911,1433,5630,18028,1,3.58918,1433,13879,52402,2.26453,1429,1429
4,45,1252674,2899369,1220,77,2620,0.903437,1.90488,1297,-1,ok,0,0,0,0,1296,1,1,1.78493,1220,1657,15253,1,0.753836,1220,1657,40878,9.64251,38831,1220
4,46,1245004,2631833,1742,110,9357,3.30583,1.9428,1917,-1,ok,0,0,0,0,1916,1,1,1.40227,1742,1872,23789,1,1.63238,1742,2856,63932,11.7916,45741,1742
4,47,2746631,1120353,1791,114,5877,2.00438,1.97723,1960,-1,ok,0,0,0,0,1959,1,1,3.21684,1791,9380,22574,1,4.83507,1791,19330,62116,25.2341,94508,1791
4,48,1545941,1034885,778,50,2757,0.943712,1.29388,923,-1,ok,0,0,0,0,922,1,1,1.55424,778,3362,9776,1,1.85477,778,7553,24911,48.272,113131,778
4,49,707664,3179843,2152,136,8533,3.11998,2.75532,2293,-1,ok,0,0,0,0,2292,1,1,8.32739,2156,18453,27074,1,16.087,2156,48838,77181,3.43684,4780,2152
4,50,2697605,251222,1758,110,8520,3.13822,3.15956,1861,-1,ok,0,0,0,0,1860,1,1,5.95059,1776,13019,25074,1,9.04857,1776,31498,69564,66.614,150765,1758
4,51,598957,1160461,516,33,1241,0.515001,0.810973,583,-1,ok,0,0,0,0,582,1,1,1.64576,516,5239,6976,1,3.58131,516,14657,19625,18.0811,59572,516
4,52,2808838,629110,1283,83,6630,2.50046,2.33387,1436,-1,ok,0,0,0,0,1435,1,1,6.24994,1297,8939,18786,1,5.72811,1297,16300,54475,2.71161,3610,1283
4,53,2674667,2450469,1734,111,5777,2.16333,1.82151,1877,-1,ok,0,0,0,0,1876,1,1,2.00891,1734,7570,23543,1,3.73537,1734,19168,64789,22.0934,104186,1734
4,54,902226,2397303,1907,120,8490,2.96762,2.14993,2088,-1,ok,0,0,0,0,2087,1,1,1.73233,1907,2453,25097,1,1.60449,1907,4789,67524,11.7091,48095,1907
4,55,3160580,2590500,1640,103,5441,1.84334,1.43907,1737,-1,ok,0,0,0,0,1736,1,1,5.16961,1640,20486,21430,1,18.306,1640,53244,57545,82.9124,319538,1640
4,56,3063115,1271576,1534,97,6430,2.67967,2.46345,1659,-1,ok,0,0,0,0,1658,1,1,5.32481,1542,12292,20687,1,9.16635,1542,29261,54379,23.6155,70700,1534
4,57,471188,1449834,1138,71,3595,1.32768,1.4724,1243,-1,ok,0,0,0,0,1242,1,1,4.1699,1148,13857,14625,1,8.75058,1138,34829,40578,46.9856,188958,1138
4,58,1353978,2059850,918,60,3976,1.57604,1.5945,1009,-1,ok,0,0,0,0,1008,1,1,3.77107,918,9192,11315,1,5.92798,918,24234,29019,105.185,240846,918
4,59,2540733,1967844,911,58,5175,1.92402,1.06051,972,-1,ok,0,0,0,0,971,1,1,1.38364,911,3862,11867,1,2.1746,911,9785,31924,40.9416,149390,911
4,60,2700562,1997667,1296,81,6032,1.99609,1.20627,1359,-1,ok,0,0,0,0,1358,1,1,0.957107,1296,1968,18206,1,0.715106,1296,2225,48211,7.91871,37558,1296
4,61,1637568,2044505,363,24,814,0.287817,0.647018,420,-1,ok,0,0,0,0,419,1,1,0.44453,363,363,4908,1,0.171,363,379,13068,1.12781,4049,363
4,62,1801679,2696751,1870,119,8734,2.93845,1.35483,2023,-1,ok,0,0,0,0,2022,1,1,5.19268,1876,20463,24478,1,12.1674,1876,52337,65919,105.757,366815,1870
4,63,598957,2906552,1287,81,5838,2.13939,2.59896,1332,-1,ok,0,0,0,0,1331,1,1,2.51318,1287,1287,20604,1,0.680391,1287,1287,60796,1.95861,1287,1287
4,64,1955372,794087,930,59,5021,1.76221,1.26474,1003,-1,ok,0,0,0,0,1002,1,1,1.14255,930,942,12945,1,0.559245,930,942,34543,1.06982,1021,930
4,65,2039260,2947726,1193,76,4333,1.43692,1.32789,1316,-1,ok,0,0,0,0,1315,1,1,1.27046,1193,2968,14561,1,1.48009,1193,5983,39919,17.8348,65520,1193
4,66,556924,1599250,705,45,2516,0.865006,1.14264,786,-1,ok,0,0,0,0,785,1,1,1.0973,705,844,10271,1,0.331489,705,705,27734,1.45433,3444,705
4,67,278380,2626389,2296,145,9395,2.87599,2.82965,2545,-1,ok,0,0,0,0,2544,1,1,2.82506,2296,2406,28733,1,1.95229,2296,4799,79405,6.18328,19686,2296
4,68,2339398,455629,2015,127,9564,3.014,2.27021,2134,-1,ok,0,0,0,0,2133,1,1,2.18104,2015,3281,26577,1,2.22899,2015,6454,72787,2.0699,5306,2015
4,69,2397188,1012607,1150,73,5718,1.87659,1.42956,1227,-1,ok,0,0,0,0,1226,1,1,1.24605,1150,1258,15892,1,1.23123,1150,3216,43014,1.34688,2867,1150
4,70,2467967,715435,1642,104,6628,2.03315,1.86964,1693,-1,ok,0,0,0,0,1692,1,1,1.83015,1648,2022,20152,1,1.13251,1642,1679,53744,10.1303,39324,1642
4,71,279709,835397,829,53,2663,0.92671,0.97961,884,-1,ok,0,0,0,0,883,1,1,0.981954,829,1595,12595,1,0.876155,829,2935,35511,1.39552,4287,829
4,72,825921,1088080,805,52,2323,0.805184,0.633733,864,-1,ok,0,0,0,0,863,1,1,1.75364,805,6952,11095,1,3.72714,805,17796,30482,9.37631,43024,805
4,73,2686056,3089348,412,27,927,0.330897,0.581676,437,-1,ok,0,0,0,0,436,1,1,1.1546,412,2110,5000,1,1.66448,412,5391,12039,9.80428,36298,412
4,74,935096,1634738,947,60,5075,1.7916,1.01817,1020,-1,ok,0,0,0,0,1019,1,1,1.56849,949,4153,12567,1,1.16755,947,4874,35006,12.1145,51377,947
4,75,384006,760874,877,56,2644,0.782099,0.765609,942,-1,ok,0,0,0,0,941,1,1,0.705427,877,1841,11856,1,0.505684,877,1887,33158,10.5056,45115,877
4,76,1947155,898061,889,56,4298,1.48347,1.24056,1050,-1,ok,0,0,0,0,1049,1,1,1.50711,889,1843,10622,1,0.976764,889,2801,28004,2.96106,9792,889
4,77,658137,789793,329,22,576,0.187321,0.291084,360,-1,ok,0,0,0,0,359,1,1,0.286295,329,825,5109,1,0.248014,329,1038,14182,0.262401,1038,329
4,78,363830,2056905,2015,127,7182,2.23143,2.15028,2290,-1,ok,0,0,0,0,2289,1,1,1.86044,2015,2657,26127,1,2.6275,2015,8019,71742,11.2968,34458,2015
4,79,1761748,2892020,756,48,3776,1.28699,1.09775,811,-1,ok,0,0,0,0,810,1,1,1.879,756,3106,10581,1,1.49994,756,5766,31127,11.4668,38399,756
4,80,2351211,2029768,1106,70,4631,1.54898,1.02182,1249,-1,ok,0,0,0,0,1248,1,1,1.44143,1106,4188,15762,1,2.43572,1106,11471,42700,17.8587,53987,1106
4,81,647090,520796,364,23,882,0.350083,0.334505,377,-1,ok,0,0,0,0,376,1,1,0.175978,364,365,5709,1,0.137176,364,364,16752,0.180406,364,364
4,82,2202913,1998284,1606,101,7937,2.61129,1.24171,1693,-1,ok,0,0,0,0,1692,1,1,3.99858,1606,17188,20786,1,8.60684,1606,42028,57942,80.5403,347668,1606
4,83,2307907,2951731,1581,99,7487,2.53103,1.51656,1674,-1,ok,0,0,0,0,1673,1,1,1.08834,1581,1713,21397,1,1.31476,1581,5117,59358,12.3924,49167,1581
4,84,1871832,591133,1610,106,7781,2.44181,1.92646,1907,-1,ok,0,0,0,0,1906,1,1,2.48051,1658,4676,22200,1,1.91411,1658,7663,59647,12.2859,45309,1610
4,85,1820468,769068,784,50,4251,1.36086,0.997834,839,-1,ok,0,0,0,0,838,1,1,0.94281,784,927,10583,1,0.69018,784,1154,29631,0.841751,784,784
4,86,618657,2879486,1405,89,6603,2.04938,2.12815,1538,-1,ok,0,0,0,0,1537,1,1,4.69308,1405,10824,20083,1,6.07551,1405,22614,55263,13.9081,40711,1405
4,87,759127,2437547,1913,120,8974,2.92,2.27967,2120,-1,ok,0,0,0,0,2119,1,1,3.12418,1923,7962,25109,1,2.54827,1913,8720,68986,29.5603,111220,1913
4,88,2003626,436977,2082,129,9212,3.17997,1.97951,2249,-1,ok,0,0,0,0,2248,1,1,7.87038,2092,25198,26937,1,19.5789,2082,68238,73914,275.554,756660,2082
4,89,2088216,2111650,95,6,45,0.032229,0.19198,112,-1,ok,0,0,0,0,111,1,1,0.209071,95,456,1197,1,0.292666,95,945,3571,0.6107,1473,95
4,90,2481203,2200930,683,44,3072,1.1731,0.640095,702,-1,ok,0,0,0,0,701,1,1,0.473314,683,683,10111,1,0.257771,683,683,28434,0.581166,1582,683
4,91,1827763,2791217,1053,67,6956,2.38367,1.44567,1152,-1,ok,0,0,0,0,1151,1,1,3.82503,1053,11323,13313,1,7.38911,1053,28705,35006,80.6099,247542,1053
4,92,1980418,1582954,557,36,1760,0.587616,0.706859,592,-1,ok,0,0,0,0,591,1,1,0.477633,557,557,8431,1,0.289831,557,557,23316,0.379719,557,557
4,93,705039,752842,1000,65,4279,1.73575,0.820873,1105,-1,ok,0,0,0,0,1104,1,1,2.22551,1000,9733,14699,1,4.71911,1000,24834,40103,18.429,86677,1000
4,94,1158854,739502,341,21,616,0.20341,0.612723,364,-1,ok,0,0,0,0,363,1,1,1.94613,341,3604,4811,1,2.45697,341,9426,14604,6.47815,20212,341
4,95,1350833,836719,972,60,5708,2.0646,0.807947,1025,-1,ok,0,0,0,0,1024,1,1,1.78149,982,6902,12648,1,0.470898,972,1368,34738,11.1514,46976,972
4,96,1556785,647066,1224,78,5842,1.98698,1.21517,1315,-1,ok,0,0,0,0,1314,1,1,1.27975,1224,3123,17542,1,1.31696,1224,3753,46634,8.35577,34441,1224
4,97,1944954,1109435,783,50,4197,1.34269,1.04302,884,-1,ok,0,0,0,0,883,1,1,1.41765,805,3398,10560,1,1.93143,805,8017,30421,0.76677,783,783
4,98,2668191,348531,1839,117,8908,2.69405,2.35811,2066,-1,ok,0,0,0,0,2065,1,1,8.66885,1839,20452,22693,1,15.1891,1839,51919,60556,146.907,416088,1839
4,99,476033,1903328,1168,74,5069,1.96509,2.26045,1245,-1,ok,0,0,0,0,1244,1,1,5.11478,1168,13387,15452,1,11.4896,1168,37802,42656,147.235,311275,1168
4,100,795218,590026,122,9,121,0.061544,0.319015,157,-1,ok,0,0,0,0,156,1,1,0.156282,122,122,2081,1,0.106959,122,122,6348,0.125165,122,122
4,101,763468,1260833,843,54,2073,0.705417,0.939804,924,-1,ok,0,0,0,0,923,1,1,3.04537,843,10771,12468,1,6.59778,843,28122,36025,23.8011,79344,843
4,102,3155979,534005,2083,131,8754,3.05566,3.07949,2268,-1,ok,0,0,0,0,2267,1,1,4.39272,2083,4953,27261,1,2.61336,2083,6493,75040,42.0976,119986,2083
4,103,2671843,2035386,1097,69,5231,1.88268,0.831062,1136,-1,ok,0,0,0,0,1135,1,1,0.529848,1097,1140,15389,1,0.83049,1097,3131,40755,5.98124,28074,1097
4,104,1072087,2077094,1175,76,6784,2.20562,1.39408,1304,-1,ok,0,0,0,0,1303,1,1,4.24027,1175,13002,15852,1,8.15346,1175,30071,42402,39.569,119881,1175
4,105,1830266,867972,1628,102,8701,2.9523,1.58705,1779,-1,ok,0,0,0,0,1778,1,1,1.33771,1628,2451,22368,1,1.15498,1628,4035,61673,37.484,143047,1628
4,106,2009385,672463,1221,77,7096,2.3025,1.55683,1388,-1,ok,0,0,0,0,1387,1,1,1.43085,1221,1972,14834,1,0.968028,1221,2804,39659,2.3922,7357,1221
4,107,1277732,1289510,1175,74,5031,1.69035,1.00141,1280,-1,ok,0,0,0,0,1279,1,1,1.45294,1175,6433,15284,1,2.90113,1175,15136,43303,20.8634,98639,1175
4,108,383929,2086407,1268,81,4915,1.51032,1.80567,1391,-1,ok,0,0,0,0,1390,1,1,2.03788,1268,2404,18177,1,1.46087,1268,3721,50563,20.9137,67976,1268
4,109,2032078,1699736,1336,85,5575,1.83371,0.848925,1431,-1,ok,0,0,0,0,1430,1,1,0.890473,1336,3386,19961,1,2.03085,1336,9741,56856,5.55501,25701,1336
4,110,958411,907673,588,38,2367,0.774185,0.574301,673,-1,ok,0,0,0,0,672,1,1,0.966675,588,4194,7143,1,1.83379,588,10606,19139,10.1037,46637,588
4,111,345881,908168,999,63,2134,0.637871,1.01263,1122,-1,ok,0,0,0,0,1121,1,1,0.641588,999,999,13436,1,0.399836,999,999,36835,12.6812,62389,999
4,112,921927,2826328,1275,81,5228,1.73269,1.90851,1390,-1,ok,0,0,0,0,1389,1,1,4.35819,1275,11251,18777,1,7.53761,1275,29626,53735,36.0545,96671,1275
4,113,558628,2150100,1156,73,4655,1.48221,1.68873,1293,-1,ok,0,0,0,0,1292,1,1,1.46996,1156,1797,15062,1,3.01776,1156,8938,42396,39.1238,83510,1156
4,114,732091,2459630,1421,90,6780,2.28252,1.84923,1588,-1,ok,0,0,0,0,1587,1,1,2.05262,1425,3626,17854,1,2.4203,1425,6876,49903,1.5682,2801,1421
4,115,398823,391093,624,40,1677,0.501416,0.603817,735,-1,ok,0,0,0,0,734,1,1,1.16046,624,5652,8746,1,2.94989,624,14910,24326,6.04668,30337,624
4,116,1510629,2959878,1054,67,5480,1.99752,1.55034,1085,-1,ok,0,0,0,0,1084,1,1,1.54503,1054,1059,12838,1,0.713022,1054,1449,33453,22.0984,65295,1054
4,117,2096552,3082996,592,39,2563,0.916771,0.933504,633,-1,ok,0,0,0,0,632,1,1,1.07346,592,680,9459,1,0.293398,592,683,28537,0.68577,592,592
4,118,773297,2535823,1305,83,6699,2.04084,1.54281,1402,-1,ok,0,0,0,0,1401,1,1,1.60414,1305,2254,16612,1,1.14967,1305,3333,44778,14.9772,27954,1305
4,119,1540653,367496,2008,127,9189,2.75814,1.9059,2393,-1,ok,0,0,0,0,2392,1,1,2.55878,2028,7030,24718,1,3.7981,2024,14090,66243,1.21164,2196,2008
4,120,457915,1822951,1394,89,5998,1.979,1.80304,1615,-1,ok,0,0,0,0,1614,1,1,1.55719,1394,2036,18083,1,2.34111,1394,7510,50549,0.853143,1394,1394
4,121,2144069,523360,2086,130,9091,2.97011,2.1496,2271,-1,ok,0,0,0,0,2270,1,1,9.27605,2096,26159,26991,1,22.0845,2086,71498,74193,294.053,785226,2086
4,122,1935902,3090329,1268,80,8770,3.29538,1.74165,1349,-1,ok,0,0,0,0,1348,1,1,1.47099,1268,1727,16904,1,1.08378,1268,2694,45034,1.26297,1489,1268
4,123,2854140,1596178,937,60,3865,1.16818,1.20876,1000,-1,ok,0,0,0,0,999,1,1,1.02217,937,978,13101,1,0.630997,937,1422,37612,1.06532,1482,937
4,124,1967913,1747145,807,52,3628,1.17339,0.658468,906,-1,ok,0,0,0,0,905,1,1,0.897346,821,3617,11073,1,1.60256,821,7912,32024,1.94068,7908,807
4,125,2263205,1655305,838,56,4330,1.30881,0.863513,1027,-1,ok,0,0,0,0,1026,1,1,0.789324,862,1989,11755,1,1.12191,862,3565,32722,0.47758,1240,838
4,126,2506297,1143924,984,63,4765,1.41708,1.40849,1143,-1,ok,0,0,0,0,1142,1,1,1.32702,984,999,11873,1,0.992242,984,1679,32333,3.39657,8287,984
4,127,1448472,1364093,562,36,1674,0.69096,0.699958,613,-1,ok,0,0,0,0,612,1,1,0.784564,582,2286,6361,1,1.44745,582,5864,17793,8.73807,34287,562
4,128,1724010,2154870,1418,90,8223,2.69062,1.07557,1603,-1,ok,0,0,0,0,1602,1,1,3.32752,1426,15824,20802,1,7.01843,1426,35558,60702,50.6346,199433,1418
4,129,840467,2529952,1656,104,4044,1.27167,2.08127,1753,-1,ok,0,0,0,0,1752,1,1,2.17212,1656,2175,20998,1,1.06799,1656,2347,53550,13.1096,49614,1656
4,130,1792217,1212610,345,22,837,0.271736,0.533285,352,-1,ok,0,0,0,0,351,1,1,0.700247,345,1381,5225,1,0.896815,345,2952,16083,1.39397,2952,345
4,131,1328134,3208212,1967,123,9268,3.11341,2.12938,2070,-1,ok,0,0,0,0,2069,1,1,1.89286,1967,2193,25370,1,2.046,1967,4598,69399,11.3332,39324,1967
4,132,2891864,1675347,959,61,4069,1.26137,1.06921,1042,-1,ok,0,0,0,0,1041,1,1,0.998755,959,1034,12921,1,0.884991,959,1195,34251,1.20075,2811,959
4,133,2410465,2443796,1103,68,3929,1.20707,0.723601,1206,-1,ok,0,0,0,0,1205,1,1,2.31323,1103,9365,15779,1,3.96593,1103,21406,42230,12.9091,59149,1103
4,134,558433,2250280,1093,70,3870,1.31933,1.86349,1164,-1,ok,0,0,0,0,1163,1,1,2.59479,1101,3377,15803,1,4.9013,1101,12601,44641,1.93055,2191,1093
4,135,1187532,720690,1013,65,4948,1.8235,1.00346,1094,-1,ok,0,0,0,0,1093,1,1,3.21535,1013,13493,14017,1,6.928,1013,32538,35594,30.7533,126857,1013
4,136,2710078,1125700,1258,80,6387,2.27143,1.92332,1377,-1,ok,0,0,0,0,1376,1,1,3.1202,1266,5669,16750,1,3.06294,1266,12064,45871,3.86924,8328,1258
4,137,342829,2650131,1580,100,7104,2.39831,2.3112,1669,-1,ok,0,0,0,0,1668,1,1,2.54196,1580,3697,22294,1,1.85679,1580,4118,60915,54.2618,188923,1580
4,138,381156,591400,523,34,939,0.306282,0.479956,560,-1,ok,0,0,0,0,559,1,1,0.961755,523,3297,6869,1,1.44349,523,7425,19177,2.92558,11973,523
4,139,620591,3052362,1412,88,6224,2.01299,2.20227,1453,-1,ok,0,0,0,0,1452,1,1,2.19947,1412,1714,21547,1,1.14749,1412,1800,64189,1.90393,1800,1412
4,140,1838465,1180686,1541,98,9357,2.97741,1.29583,1706,-1,ok,0,0,0,0,1705,1,1,3.5642,1541,15962,21175,1,8.89091,1541,44521,59079,159.8,448735,1541
4,141,2808277,2315654,851,54,2226,0.697362,0.856971,890,-1,ok,0,0,0,0,889,1,1,0.617263,851,912,10623,1,0.362386,851,862,31285,2.4851,10053,851
4,142,2598310,2422034,222,15,383,0.134771,0.226232,253,-1,ok,0,0,0,0,252,1,1,0.151093,222,222,3776,1,0.211284,222,1022,10684,0.131066,222,222
4,143,2845436,1668194,730,46,1954,0.62119,1.16404,765,-1,ok,0,0,0,0,764,1,1,3.38856,730,8041,9835,1,6.34406,730,19082,28593,10.9041,31596,730
4,144,2382918,526772,1377,86,6444,2.30203,1.85741,1450,-1,ok,0,0,0,0,1449,1,1,2.01943,1377,1544,17887,1,1.01124,1377,1464,47483,24.629,75408,1377
4,145,1931999,438444,1275,81,7650,2.47304,1.53248,1442,-1,ok,0,0,0,0,1441,1,1,1.45466,1275,1563,15689,1,0.800224,1275,1504,40937,1.328,1275,1275
4,146,2679978,515339,2241,142,9204,2.64332,2.26005,2428,-1,ok,0,0,0,0,2427,1,1,2.36814,2241,3196,29190,1,3.37053,2241,10019,80195,5.26689,15905,2241
4,147,2803019,1915102,1793,114,7866,2.538,1.51696,1908,-1,ok,0,0,0,0,1907,1,1,6.01556,1793,21231,23154,1,13.8577,1793,53957,62951,141.308,368034,1793
4,148,913089,1331566,1323,85,6451,2.39398,1.38518,1424,-1,ok,0,0,0,0,1423,1,1,3.48913,1323,14081,18757,1,7.87375,1323,38005,51196,87.6504,271251,1323
4,149,634343,2276336,1305,83,6104,2.32726,2.1074,1396,-1,ok,0,0,0,0,1395,1,1,5.81681,1313,12888,16755,1,11.5147,1313,34754,46878,1.38554,1305,1305
4,150,1481794,3181212,1228,78,5766,2.24193,2.03454,1323,-1,ok,0,0,0,0,1322,1,1,2.07845,1228,2293,16189,1,3.6804,1228,8114,43136,35.6077,92183,1228
4,151,1474634,422363,1314,83,6940,2.39632,1.50994,1397,-1,ok,0,0,0,0,1396,1,1,1.39213,1314,1716,17143,1,0.895611,1314,1931,45181,2.95417,9827,1314
4,152,1834575,3226322,1174,74,5563,1.7622,1.49785,1249,-1,ok,0,0,0,0,1248,1,1,1.04323,1174,1410,14999,1,2.65623,1174,6301,39993,44.8167,122962,1174
4,153,3024705,540222,1863,119,8871,2.79468,2.36266,1950,-1,ok,0,0,0,0,1949,1,1,2.43419,1863,1867,26587,1,1.11851,1863,1867,72611,39.856,123487,1863
4,154,3044639,2920559,189,12,228,0.09716,0.213098,216,-1,ok,0,0,0,0,215,1,1,0.135122,189,189,2851,1,0.069619,189,210,7759,0.134581,189,189
4,155,1228220,1631674,478,31,1431,0.471471,0.621791,585,-1,ok,0,0,0,0,584,1,1,0.430752,478,617,6687,1,0.295712,478,766,18717,0.280504,480,478
4,156,1536072,283775,1199,76,7642,2.51464,1.37048,1332,-1,ok,0,0,0,0,1331,1,1,1.40046,1203,2336,15743,1,1.35636,1203,4382,45276,1.91471,4874,1199
4,157,3193672,1640899,1490,94,5323,1.64945,1.79824,1653,-1,ok,0,0,0,0,1652,1,1,2.14859,1490,2995,20084,1,1.64048,1490,4407,54642,3.38891,9740,1490
4,158,1364886,1417986,1253,79,6730,2.17116,1.05151,1338,-1,ok,0,0,0,0,1337,1,1,3.39333,1273,15171,17163,1,9.0966,1273,41052,48282,82.6679,284265,1253
4,159,1323479,1948892,1160,74,5873,2.04001,1.35973,1359,-1,ok,0,0,0,0,1358,1,1,0.666185,1166,1449,15663,1,0.866889,1166,3272,43035,2.78864,9077,1160
4,160,329635,3138202,2157,136,7824,2.37133,3.02184,2332,-1,ok,0,0,0,0,2331,1,1,13.6995,2161,23284,25806,1,25.6256,2161,66208,75231,220,565662,2157
4,161,2199138,2165892,958,61,5122,2.18173,0.877018,1023,-1,ok,0,0,0,0,1022,1,1,2.20244,960,11166,13810,1,5.38584,960,28379,39141,16.1189,73053,958
4,162,2332432,2665491,284,19,547,0.210313,0.551819,327,-1,ok,0,0,0,0,326,1,1,0.708954,284,1322,4534,1,0.744661,284,2901,12951,2.36132,6170,284
4,163,2554867,820141,1438,91,7512,2.56243,2.36452,1637,-1,ok,0,0,0,0,1636,1,1,2.27423,1438,2033,17494,1,1.52237,1438,3305,46380,2.71645,5278,1438
4,164,816636,1589983,1083,69,4839,1.58917,0.940646,1230,-1,ok,0,0,0,0,1229,1,1,1.75037,1087,6518,11210,1,4.52891,1087,18295,33845,0.738719,1377,1083
4,165,2144577,2486159,628,39,2588,0.920969,0.705166,727,-1,ok,0,0,0,0,726,1,1,1.50693,628,5396,8732,1,2.35898,628,11123,23262,7.9463,37091,628
4,166,2257019,735014,1996,127,8645,2.85974,2.4432,2201,-1,ok,0,0,0,0,2200,1,1,7.63675,2006,23293,25417,1,16.6901,2006,63298,69296,206.455,639164,1996
4,167,2095650,935010,1005,63,4580,1.72883,1.5535,1036,-1,ok,0,0,0,0,1035,1,1,4.10503,1007,10945,13180,1,0.919096,1005,2338,36391,3.51743,14265,1005
4,168,312457,989659,778,50,1806,0.618835,1.08717,855,-1,ok,0,0,0,0,854,1,1,0.987465,778,862,8236,1,0.365312,778,778,20197,1.64532,3848,778
4,169,2882141,1067685,1170,74,3947,1.29514,1.7827,1293,-1,ok,0,0,0,0,1292,1,1,3.81968,1170,7003,17002,1,3.70363,1170,14474,47721,16.2086,53399,1170
4,170,1662824,2681105,1085,70,5657,2.13834,1.3763,1184,-1,ok,0,0,0,0,1183,1,1,1.06864,1085,1160,14321,1,0.884742,1085,2470,39978,5.17148,21575,1085
4,171,1703180,546367,1232,79,6359,2.13176,1.55907,1429,-1,ok,0,0,0,0,1428,1,1,2.02905,1232,4309,16154,1,0.710757,1232,1320,44520,3.42553,9405,1232
4,172,2090483,588991,1314,83,7963,2.51082,1.77397,1459,-1,ok,0,0,0,0,1458,1,1,2.02074,1314,2793,16866,1,2.04476,1314,6181,49214,3.8449,13362,1314
4,173,2669970,1153251,1524,96,7284,2.18257,1.69413,1605,-1,ok,0,0,0,0,1604,1,1,1.66604,1524,1711,20529,1,1.18077,1524,2837,54057,1.29205,2581,1524
4,174,2801102,1556461,1651,104,6501,1.96876,0.966715,1774,-1,ok,0,0,0,0,1773,1,1,0.938772,1651,2413,21277,1,1.27037,1651,4327,58070,12.2287,33732,1651
4,175,2862760,2446461,730,47,2852,0.893477,0.686432,827,-1,ok,0,0,0,0,826,1,1,0.606292,730,871,10364,1,0.376232,730,960,27792,0.795485,2114,730
4,176,1728209,2803901,1739,108,8104,2.51858,1.50335,1822,-1,ok,0,0,0,0,1821,1,1,6.91437,1739,19368,22471,1,15.7087,1739,51107,62067,62.0634,205878,1739
4,177,330269,1345015,1018,65,3896,1.46821,1.5322,1093,-1,ok,0,0,0,0,1092,1,1,1.40037,1018,1046,13604,1,0.828598,1018,1674,37048,2.12547,5477,1018
4,178,3017924,2896984,407,26,890,0.344894,0.404175,456,-1,ok,0,0,0,0,455,1,1,0.268581,407,696,5884,1,0.838946,407,4436,17223,1.9673,9887,407
4,179,910292,1126401,229,16,363,0.118673,0.366745,302,-1,ok,0,0,0,0,301,1,1,0.209802,229,229,3757,1,0.151723,229,301,9721,0.19882,329,229
4,180,2006593,1670863,1240,77,6459,2.22254,0.851771,1281,-1,ok,0,0,0,0,1280,1,1,0.939123,1240,2246,17959,1,0.993334,1240,3932,52461,4.24268,18067,1240
4,181,2078347,3155254,1385,88,8981,2.79204,1.85109,1548,-1,ok,0,0,0,0,1547,1,1,3.26521,1385,8615,19081,1,5.01404,1385,21848,53536,151.896,376164,1385
4,182,2709648,2878665,277,17,370,0.136354,0.308446,282,-1,ok,0,0,0,0,281,1,1,0.204111,277,277,3459,1,0.145601,277,277,10700,0.146924,314,277
4,183,460429,2828556,1989,126,8309,2.6385,2.82831,2138,-1,ok,0,0,0,0,2137,1,1,4.61153,1999,9785,25437,1,3.28476,1989,8887,69379,3.94907,8183,1989
4,184,909956,1352984,474,31,1531,0.546892,0.66941,547,-1,ok,0,0,0,0,546,1,1,0.403894,474,664,6429,1,0.217056,474,477,16818,4.09729,19392,474
4,185,2598310,614849,1241,79,6881,2.35201,1.82717,1360,-1,ok,0,0,0,0,1359,1,1,2.9469,1241,5899,15966,1,1.52612,1241,4054,46629,1.26946,1243,1241
4,186,1732162,381072,1507,96,8920,3.07605,1.73875,1678,-1,ok,0,0,0,0,1677,1,1,6.29249,1507,16062,19065,1,12.2418,1507,42354,51560,165.36,461122,1507
4,187,2864255,987151,1339,84,5608,2.18446,2.20745,1374,-1,ok,0,0,0,0,1373,1,1,2.38429,1339,1646,18616,1,1.23477,1339,1341,53510,3.85051,11474,1339
4,188,613280,1998545,1505,95,6753,2.45438,1.88219,1724,-1,ok,0,0,0,0,1723,1,1,1.28523,1505,1528,17480,1,1.13505,1505,2415,48158,7.48111,27552,1505
4,189,769257,2619619,1324,84,6071,1.99893,1.91326,1389,-1,ok,0,0,0,0,1388,1,1,3.21086,1324,5561,19767,1,3.6847,1324,12633,52447,10.2349,33516,1324
4,190,1700379,924636,488,32,1880,0.659412,0.896773,579,-1,ok,0,0,0,0,578,1,1,1.01244,492,1878,4137,1,0.399736,488,488,14249,1.2055,2717,488
4,191,489236,2011181,1701,107,6965,2.26497,1.79602,1896,-1,ok,0,0,0,0,1895,1,1,3.37885,1711,9485,21366,1,1.50516,1701,4547,59166,7.63565,29617,1701
4,192,1225462,1170705,1015,64,4243,1.3846,0.773565,1088,-1,ok,0,0,0,0,1087,1,1,1.34934,1015,6444,13881,1,3.21859,1015,16587,39331,10.8217,50850,1015
4,193,1873151,1744747,675,43,3230,1.06664,0.543394,722,-1,ok,0,0,0,0,721,1,1,0.376454,675,1567,10265,1,0.674329,675,3167,29393,3.12754,15703,675
4,194,2468599,2302602,643,39,2451,0.87813,0.683895,740,-1,ok,0,0,0,0,739,1,1,1.16787,643,4564,8197,1,2.05083,643,10426,20651,13.2608,59069,643
4,195,2943977,2062115,628,40,2043,0.612152,1.10174,659,-1,ok,0,0,0,0,658,1,1,1.07268,628,802,8993,1,0.661836,628,1395,25858,1.42247,2590,628
4,196,587996,382135,775,49,2432,0.872117,0.640447,840,-1,ok,0,0,0,0,839,1,1,1.02948,775,4064,10680,1,2.58651,775,10156,30287,5.14446,25018,775
4,197,1795388,2559139,975,61,6013,2.011,1.02366,1002,-1,ok,0,0,0,0,1001,1,1,0.801307,975,1227,11186,1,0.606331,975,1751,31934,0.608337,975,975
4,198,430706,1816036,1949,123,8114,2.38604,2.12502,2156,-1,ok,0,0,0,0,2155,1,1,9.57894,1949,25737,26108,1,19.4075,1949,68055,71259,266.546,727212,1949
4,199,2709791,743716,1567,100,8387,3.06537,2.47478,1690,-1,ok,0,0,0,0,1689,1,1,2.4107,1567,1868,19550,1,1.51809,1567,3399,55582,23.8427,74094,1567
4,200,2317486,1682523,790,50,3957,1.39683,0.951417,893,-1,ok,0,0,0,0,892,1,1,0.619136,790,1052,9962,1,0.576005,790,1341,26846,1.72148,7120,790
4,201,848074,2660956,1289,81,4768,1.60389,1.72534,1332,-1,ok,0,0,0,0,1331,1,1,1.31743,1289,1382,16202,1,1.03414,1289,1289,44379,13.427,41549,1289
4,202,2051630,2425358,880,56,4098,1.46363,0.723921,933,-1,ok,0,0,0,0,932,1,1,0.463735,880,935,13028,1,0.403144,880,1230,35339,2.61257,12520,880
4,203,2138232,3170486,1784,115,7900,2.48209,1.9381,1927,-1,ok,0,0,0,0,1926,1,1,2.30934,1784,4353,23214,1,2.62124,1784,9923,64330,31.9072,104969,1784
4,204,1443071,807450,574,37,1837,0.573976,0.869913,675,-1,ok,0,0,0,0,674,1,1,0.924627,574,886,7070,1,0.308706,574,574,18667,0.880703,1132,574
4,205,1144422,3049691,2080,131,9466,3.2015,2.4872,2265,-1,ok,0,0,0,0,2264,1,1,8.07613,2100,21530,24902,1,15.3997,2100,57474,67102,237.947,753132,2080
4,206,377442,2376747,1648,105,6715,2.50451,2.70705,1903,-1,ok,0,0,0,0,1902,1,1,2.42479,1648,2845,19079,1,1.67897,1648,4484,53154,5.89529,15424,1648
4,207,1401797,2931005,1642,104,8701,2.78794,2.02696,1793,-1,ok,0,0,0,0,1792,1,1,1.98761,1662,3992,20702,1,2.64969,1662,8746,54423,1.15803,1642,1642
4,208,2488208,1785008,991,63,4602,1.59302,1.03894,1108,-1,ok,0,0,0,0,1107,1,1,0.73911,991,1612,13272,1,0.853273,991,2268,36440,0.601895,1460,991
4,209,2517430,2632913,587,37,2185,0.657397,0.721295,626,-1,ok,0,0,0,0,625,1,1,1.10554,599,4790,6362,1,2.44891,599,12884,18360,14.1322,55759,587
4,210,1804529,2670473,625,40,2823,0.970251,0.84109,678,-1,ok,0,0,0,0,677,1,1,0.991642,633,2257,8511,1,1.81235,633,5805,23903,0.502198,814,625
4,211,792304,2700845,1601,100,6535,2.27254,2.03618,1692,-1,ok,0,0,0,0,1691,1,1,2.00009,1601,1979,19364,1,1.2916,1601,2303,55128,4.9516,14838,1601
4,212,292558,448522,757,47,2221,0.661324,0.614819,806,-1,ok,0,0,0,0,805,1,1,1.12434,757,4859,10652,1,2.49294,757,12303,31312,4.1071,20443,757
4,213,2987559,1182868,2093,131,8783,2.83315,2.21796,2210,-1,ok,0,0,0,0,2209,1,1,2.60241,2093,3810,26013,1,3.23775,2093,8113,73753,6.31274,20670,2093
4,214,3031564,1350417,1027,66,3085,1.17011,1.65676,1156,-1,ok,0,0,0,0,1155,1,1,7.31911,1027,12796,14713,1,14.3163,1027,32091,42583,25.1502,53496,1027
4,215,3155823,373649,2172,139,8558,3.07427,3.23817,2469,-1,ok,0,0,0,0,2468,1,1,3.7519,2202,5017,28694,1,3.30255,2202,8893,75239,12.8005,37219,2172
4,216,371781,1935939,921,59,3662,1.29439,1.276,980,-1,ok,0,0,0,0,979,1,1,2.57953,921,5713,14417,1,6.61268,921,16174,43274,9.56802,28771,921
4,217,2855984,2571946,520,33,1470,0.631068,0.520992,529,-1,ok,0,0,0,0,528,1,1,0.370392,520,520,7836,1,0.286344,520,862,23166,0.297607,520,520
4,218,465556,3102078,1943,122,8921,2.89798,2.79235,2166,-1,ok,0,0,0,0,2165,1,1,2.45686,1943,2009,23596,1,1.77897,1943,3859,64332,1.64957,2235,1943
4,219,3106562,1461822,2273,142,8565,2.76424,2.2721,2408,-1,ok,0,0,0,0,2407,1,1,8.72885,2273,28743,29764,1,20.4082,2273,73068,80040,295.157,900726,2273
4,220,2389443,1100586,779,48,3985,1.58469,1.58846,854,-1,ok,0,0,0,0,853,1,1,3.71715,779,9282,10797,1,6.34078,779,18926,32194,8.44642,30377,779
4,221,1209891,3199598,1812,114,8388,3.09421,2.58902,1905,-1,ok,0,0,0,0,1904,1,1,5.37409,1816,13812,21044,1,11.2132,1816,37062,59730,6.55033,13983,1812
4,222,1628263,3038908,1441,91,9256,3.38543,2.21525,1614,-1,ok,0,0,0,0,1613,1,1,4.67482,1441,13895,17022,1,9.29724,1441,37274,46155,152.943,488535,1441
4,223,996318,538495,877,56,4915,1.80842,0.954532,940,-1,ok,0,0,0,0,939,1,1,0.755931,877,877,12837,1,0.422128,877,982,36298,0.588248,877,877
4,224,2666230,1916875,1680,107,7753,2.54261,1.52875,1833,-1,ok,0,0,0,0,1832,1,1,5.37253,1680,20250,23090,1,12.7297,1680,50975,62194,111.487,339882,1680
4,225,1214391,1343195,898,57,4707,1.6465,0.688956,949,-1,ok,0,0,0,0,948,1,1,0.557451,900,1395,12577,1,0.514981,898,2105,36526,5.05649,21905,898
4,226,650861,1693026,614,39,2231,0.631379,1.24538,691,-1,ok,0,0,0,0,690,1,1,1.2984,614,1247,8363,1,0.292876,614,614,24532,0.886025,614,614
4,227,1007288,1215730,474,32,1510,0.488092,0.461001,531,-1,ok,0,0,0,0,530,1,1,0.407831,474,1454,7195,1,1.34086,474,4910,20396,1.83141,9166,474
4,228,2161129,565602,1613,102,9343,3.12941,1.93503,1720,-1,ok,0,0,0,0,1719,1,1,2.08735,1617,2694,21095,1,1.8274,1617,5319,59073,1.63944,2367,1613
4,229,2785103,1597956,1513,95,6743,2.04466,1.47981,1646,-1,ok,0,0,0,0,1645,1,1,1.36237,1513,1836,18893,1,1.14652,1513,3334,50990,2.05189,6665,1513
4,230,1392321,355276,821,52,4322,1.364,1.08565,922,-1,ok,0,0,0,0,921,1,1,0.9643,821,821,10287,1,1.32846,821,3663,28561,0.746644,857,821
4,231,2051789,1806580,591,38,1358,0.458677,0.547482,626,-1,ok,0,0,0,0,625,1,1,0.973117,591,3705,7837,1,2.03049,591,8878,22438,4.86054,21480,591
4,232,1102446,3057237,1135,73,7097,2.57033,1.91266,1272,-1,ok,0,0,0,0,1271,1,1,2.60251,1135,4439,17161,1,4.29396,1135,12182,48469,4.76238,13027,1135
4,233,2397085,1013039,923,58,4439,1.48513,1.34415,946,-1,ok,0,0,0,0,945,1,1,1.37939,923,1520,13545,1,0.752905,923,923,38515,5.42878,14385,923
4,234,1287529,1866275,1267,80,6872,2.28553,1.17377,1414,-1,ok,0,0,0,0,1413,1,1,1.26632,1267,4364,17029,1,2.233,1267,9445,46955,4.10348,19969,1267
4,235,1687683,418136,1252,79,8500,2.88964,1.55093,1375,-1,ok,0,0,0,0,1374,1,1,1.4676,1252,1631,15138,1,1.68682,1252,4674,42613,20.1033,65454,1252
4,236,2722809,932643,2100,131,9264,2.72885,2.35222,2215,-1,ok,0,0,0,0,2214,1,1,2.86056,2100,5088,27381,1,3.0141,2100,10510,71156,8.79828,31293,2100
4,237,2665523,3047256,1417,90,6013,2.17734,1.75846,1522,-1,ok,0,0,0,0,1521,1,1,3.32528,1417,9968,19468,1,5.52211,1417,24966,53640,145.914,291273,1417
4,238,1923409,2905912,843,54,4865,1.77689,1.29434,952,-1,ok,0,0,0,0,951,1,1,0.793541,843,845,11017,1,0.841631,843,1870,28355,3.29934,12908,843
4,239,875283,1311303,664,42,2178,0.737988,0.753296,731,-1,ok,0,0,0,0,730,1,1,1.71012,664,5495,8570,1,2.60929,664,11884,24378,8.41503,37825,664
4,240,2918198,639738,1606,102,6748,2.20107,2.26415,1701,-1,ok,0,0,0,0,1700,1,1,2.43364,1606,1913,22804,1,1.11542,1606,1608,64186,2.87264,3865,1606
4,241,1337751,1159597,145,10,170,0.077214,0.252932,200,-1,ok,0,0,0,0,199,1,1,0.141243,145,145,2257,1,0.136505,145,145,6351,0.107961,145,145
4,242,1804529,3222731,986,63,7168,2.4343,1.43814,1063,-1,ok,0,0,0,0,1062,1,1,1.16049,986,1137,14283,1,1.22006,986,2232,39436,16.9472,52110,986
4,243,2545706,1651771,1162,74,5250,1.63397,1.14159,1311,-1,ok,0,0,0,0,1310,1,1,1.04856,1162,2548,15827,1,1.28091,1162,4028,42022,1.76518,5020,1162
4,244,807710,2239366,1940,121,9069,2.71695,2.12572,2207,-1,ok,0,0,0,0,2206,1,1,2.11805,1940,3284,21252,1,1.53169,1940,4156,61084,29.9275,116749,1940
4,245,3201629,632825,1631,103,7147,2.3643,2.56731,1756,-1,ok,0,0,0,0,1755,1,1,8.61693,1637,18085,21976,1,13.4986,1637,36607,60325,12.2401,38880,1631
4,246,2019093,3174345,1036,66,5790,2.30721,1.49084,1105,-1,ok,0,0,0,0,1104,1,1,1.72761,1054,4558,13539,1,2.01751,1054,8589,37293,2.47068,9263,1036
4,247,2955346,1703765,1276,80,4048,1.2736,1.41232,1331,-1,ok,0,0,0,0,1330,1,1,4.35033,1284,13582,16447,1,8.11312,1284,34394,47321,4.70447,12131,1276
4,248,541380,1361733,957,60,2817,1.06238,1.20364,1052,-1,ok,0,0,0,0,1051,1,1,2.71519,967,7974,12497,1,1.6994,957,6275,34462,5.27639,21833,957
4,249,3113781,786831,2642,166,9392,3.0924,2.92552,2791,-1,ok,0,0,0,0,2790,1,1,3.14813,2642,3706,33865,1,2.52479,2642,6081,90322,28.1737,107553,2642
4,250,726020,696308,1081,70,4516,1.48468,0.75511,1180,-1,ok,0,0,0,0,1179,1,1,1.97805,1081,8591,16235,1,4.14548,1081,18783,44395,13.2064,50498,1081
4,251,553589,2992564,1414,88,6753,2.19449,2.35417,1513,-1,ok,0,0,0,0,1512,1,1,5.83449,1438,12183,20399,1,9.03816,1420,25685,60437,19.2066,42836,1414
4,252,1843611,2188440,1312,83,6575,2.25995,1.01489,1403,-1,ok,0,0,0,0,1402,1,1,1.00033,1312,3435,16850,1,1.67245,1312,7574,46815,9.54545,39358,1312
4,253,334027,2354825,1725,109,7711,2.37302,2.40721,1940,-1,ok,0,0,0,0,1939,1,1,1.88777,1725,2038,22979,1,1.56113,1725,4145,63940,3.89478,8592,1725
4,254,2138232,528223,1703,110,7495,2.35018,1.71194,1870,-1,ok,0,0,0,0,1869,1,1,1.94009,1713,4730,23474,1,2.90195,1713,10566,64288,14.439,55690,1703
4,255,2920261,1514740,1066,67,4328,1.37778,1.39874,1177,-1,ok,0,0,0,0,1176,1,1,4.52993,1066,12202,13451,1,9.01824,1066,29089,36325,42.8518,142742,1066
4,256,1963166,1687516,403,26,1131,3.07851,0.543806,430,-1,ok,0,0,0,0,429,1,1,0.286454,403,403,6146,1,0.201907,403,469,17659,0.360794,870,403
4,257,610635,2538272,1234,78,4808,1.76638,2.16428,1313,-1,ok,0,0,0,0,1312,1,1,3.09151,1238,3647,17454,1,4.86272,1238,12845,48690,4.37928,10127,1234
4,258,2978886,649484,1616,101,3456,1.31977,2.4161,1787,-1,ok,0,0,0,0,1786,1,1,7.75689,1616,17994,19681,1,15.4693,1616,48302,54127,79.7912,185927,1616
4,259,769160,1514768,962,62,3446,1.38129,1.47971,1079,-1,ok,0,0,0,0,1078,1,1,1.6931,986,4256,12464,1,3.10641,986,12529,34047,9.21606,34250,962
4,260,3115044,1697807,1444,91,6210,2.30144,1.98677,1561,-1,ok,0,0,0,0,1560,1,1,2.26135,1444,2997,20049,1,1.6607,1444,4547,54794,1.74849,2358,1444
4,261,1835879,2014773,1360,86,5857,1.974,1.04827,1555,-1,ok,0,0,0,0,1554,1,1,3.70485,1386,14739,16869,1,8.41317,1386,40769,48743,18.9491,82259,1360
4,262,1550309,1217369,267,16,354,0.147104,0.484505,280,-1,ok,0,0,0,0,279,1,1,0.871277,267,1600,3819,1,0.967006,267,3474,11481,1.67015,4790,267
4,263,1455274,2689959,801,51,4494,1.59211,1.51607,940,-1,ok,0,0,0,0,939,1,1,1.1727,801,801,11145,1,0.693656,801,813,30617,1.00152,831,801
4,264,1863586,2791354,1283,81,7745,2.62699,1.31767,1364,-1,ok,0,0,0,0,1363,1,1,1.08199,1283,1535,14331,1,0.928984,1283,2742,42810,29.7423,109590,1283
4,265,1878699,2430675,931,59,5087,1.68261,0.874975,1002,-1,ok,0,0,0,0,1001,1,1,0.570676,931,931,12463,1,0.414493,931,1020,34717,2.77222,11881,931
4,266,1109092,2589721,1865,116,8164,2.43424,1.59843,2000,-1,ok,0,0,0,0,1999,1,1,6.21197,1865,19162,21257,1,13.3178,1865,49685,60896,209.688,563016,1865
4,267,2786859,1809984,1068,68,4081,1.55272,1.39546,1133,-1,ok,0,0,0,0,1132,1,1,0.91582,1068,1129,13590,1,0.807958,1068,2338,36874,6.52779,13936,1068
4,268,2948186,2866807,424,28,550,0.216083,0.334575,455,-1,ok,0,0,0,0,454,1,1,0.185546,424,424,7168,1,0.131605,424,424,21760,0.183312,424,424
4,269,837275,3217710,2157,135,8744,2.91538,2.74027,2250,-1,ok,0,0,0,0,2249,1,1,2.5258,2157,2672,28250,1,1.94812,2157,4318,75701,2.7553,4785,2157
4,270,1633134,3007164,1393,88,8065,2.79241,1.30029,1534,-1,ok,0,0,0,0,1533,1,1,0.741955,1393,1839,17948,1,1.05955,1393,3568,47505,0.732036,2433,1393
4,271,3177553,363823,1951,124,8122,2.44166,2.84413,2042,-1,ok,0,0,0,0,2041,1,1,7.74863,1951,15253,26982,1,14.4556,1951,40124,72612,70.7758,213424,1951
4,272,1545611,2173818,374,24,851,0.39656,0.757695,399,-1,ok,0,0,0,0,398,1,1,0.54064,374,505,5737,1,0.342359,374,633,16994,0.48649,672,374
4,273,2234670,1030403,742,47,3940,1.58892,1.2146,837,-1,ok,0,0,0,0,836,1,1,2.77729,742,7368,10548,1,3.36271,742,13403,30836,6.02855,21480,742
4,274,1061263,517752,391,26,1114,0.452565,0.675662,452,-1,ok,0,0,0,0,451,1,1,0.659552,391,593,5296,1,0.490536,391,1150,13302,0.436306,391,391
4,275,2611184,1093057,1834,118,8544,2.8398,2.03322,2035,-1,ok,0,0,0,0,2034,1,1,2.24322,1876,4944,21615,1,3.89501,1876,12762,60801,5.99057,23458,1834
4,276,1860944,3238002,887,57,3814,1.26974,1.48769,984,-1,ok,0,0,0,0,983,1,1,1.52235,887,2157,9723,1,1.24171,887,3958,27629,2.51046,7360,887
4,277,2169703,1399028,791,51,3946,1.46196,0.970613,904,-1,ok,0,0,0,0,903,1,1,0.911862,791,2097,9390,1,1.30427,791,4871,27457,7.49833,33161,791
4,278,1948620,2128617,131,9,129,0.076693,0.225591,174,-1,ok,0,0,0,0,173,1,1,0.265336,131,566,1864,1,0.436734,131,1713,4974,0.905359,2436,131
4,279,2566018,882646,1597,101,8873,2.8778,2.1158,1718,-1,ok,0,0,0,0,1717,1,1,6.64395,1597,17646,20440,1,15.5255,1597,48898,56023,248.367,617665,1597
4,280,929280,999352,167,11,178,0.097311,0.186078,176,-1,ok,0,0,0,0,175,1,1,0.089818,167,167,2811,1,0.076664,167,167,8590,0.071143,167,167
4,281,924154,2537686,1628,102,8620,3.08972,2.14733,1727,-1,ok,0,0,0,0,1726,1,1,2.02277,1630,3578,21160,1,1.9644,1630,7486,58746,3.74124,10751,1628
4,282,2000652,1137046,874,55,5137,1.73139,0.949643,911,-1,ok,0,0,0,0,910,1,1,1.01482,884,2291,11996,1,1.4776,884,4527,33113,0.407251,889,874
4,283,2582565,607763,1299,82,6565,2.1391,1.7735,1370,-1,ok,0,0,0,0,1369,1,1,1.86057,1299,1397,18824,1,1.01175,1299,1299,50383,1.21999,1299,1299
4,284,3245185,785165,2684,169,9161,2.73956,2.71325,2901,-1,ok,0,0,0,0,2900,1,1,5.29975,2684,12081,34061,1,6.55624,2684,22513,93861,70.3554,258035,2684
4,285,1231498,2364091,1022,66,4049,1.52035,1.45278,1079,-1,ok,0,0,0,0,1078,1,1,1.01933,1022,1022,12606,1,0.830651,1022,1925,32827,2.42971,5477,1022
4,286,1066192,1226502,199,12,163,0.077115,0.222744,200,-1,ok,0,0,0,0,199,1,1,0.131606,199,199,3072,1,0.058779,199,199,9472,0.083887,199,199
4,287,1869193,2052669,328,22,808,0.265416,0.432287,451,-1,ok,0,0,0,0,450,1,1,0.538626,328,1726,3311,1,1.06243,328,5049,9635,4.96825,21267,328
4,288,2994814,3098447,829,53,2418,0.94751,0.614877,870,-1,ok,0,0,0,0,869,1,1,0.352028,829,1135,13050,1,1.29122,829,6012,36652,4.22541,17762,829
4,289,1797269,848583,613,40,3019,1.04452,1.01328,662,-1,ok,0,0,0,0,661,1,1,1.0511,613,613,9045,1,1.82807,613,4505,26043,0.814283,1897,613
4,290,1214793,1750358,1135,71,4305,1.5076,1.03843,1254,-1,ok,0,0,0,0,1253,1,1,2.42068,1157,8076,14789,1,4.25189,1157,18739,42511,16.5393,68787,1135
4,291,2831898,2102650,653,42,2026,0.714815,0.925537,704,-1,ok,0,0,0,0,703,1,1,1.07911,653,956,9324,1,0.621201,653,1459,24920,0.74251,653,653
4,292,2244867,2707981,771,50,2317,0.789314,0.622222,832,-1,ok,0,0,0,0,831,1,1,0.31608,771,790,10555,1,0.426005,771,899,28539,3.49379,10128,771
4,293,1073058,1365640,1214,76,4666,1.60766,0.977275,1355,-1,ok,0,0,0,0,1354,1,1,4.14809,1246,13415,16355,1,8.42128,1246,35977,47417,31.9869,125923,1214
4,294,2216425,1540683,1508,96,8755,3.04073,1.59688,1647,-1,ok,0,0,0,0,1646,1,1,1.53845,1510,2792,19208,1,1.9865,1510,6296,52317,94.9961,291143,1508
4,295,2060741,2215164,463,30,999,0.367004,0.348742,534,-1,ok,0,0,0,0,533,1,1,0.162003,463,512,6970,1,0.269825,463,818,19239,0.158777,463,463
4,296,1441555,704228,1628,104,8382,2.63798,1.50484,1743,-1,ok,0,0,0,0,1742,1,1,5.0437,1628,18731,23692,1,10.941,1628,48565,64549,53.7137,206765,1628
4,297,2513611,686770,1174,75,6637,2.2042,2.06941,1335,-1,ok,0,0,0,0,1334,1,1,1.9829,1174,1438,15971,1,0.991562,1174,1174,45811,7.35032,16039,1174
4,298,1306030,2886412,938,61,6074,2.11249,1.49633,1017,-1,ok,0,0,0,0,1016,1,1,2.66577,938,5722,13272,1,7.04966,938,19597,37699,12.6187,32381,938
4,299,404356,1929489,1380,86,5545,1.69502,1.98439,1545,-1,ok,0,0,0,0,1544,1,1,1.5141,1380,1541,17126,1,1.15324,1380,2478,43280,6.20937,18896,1380
6,0,2654607,497695,1710,28,697,0.307995,3.27271,2209,-1,ok,0,0,0,0,2208,1,1,4.11667,1710,6508,99684,1,2.77232,1710,8713,262434,5.4808,12833,1710
6,1,2221473,1571062,1589,25,589,0.198942,1.75865,2192,-1,ok,0,0,0,0,2191,1,1,17.6267,1663,68053,79888,1,28.0816,1589,104589,214507,47.3397,160357,1589
6,2,641811,2589149,1344,22,539,0.220933,2.68192,1569,-1,ok,0,0,0,0,1568,1,1,17.4562,1372,43882,74369,1,1.2941,1344,3278,218684,2.25787,3632,1344
6,3,2250714,2339143,278,5,45,0.025799,0.403313,367,-1,ok,0,0,0,0,366,1,1,0.115986,278,278,20026,1,0.090218,278,278,60438,0.096801,278,278
6,4,2536396,353659,1876,30,634,0.205143,2.76769,2225,-1,ok,0,0,0,0,2224,1,1,11.3183,1896,33956,82431,1,4.38177,1876,14037,224826,12.0856,28227,1876
6,5,916591,1430479,1191,19,413,0.15505,1.28235,1404,-1,ok,0,0,0,0,1403,1,1,11.8463,1223,46325,65457,1,27.2315,1191,95385,186684,42.0812,132776,1191
6,6,500826,2935247,2173,35,712,0.26297,3.69272,2758,-1,ok,0,0,0,0,2757,1,1,3.72273,2173,6260,111296,1,1.9213,2173,2713,321981,11.9592,31438,2173
6,7,2429283,2288496,465,9,148,0.073817,0.61585,788,-1,ok,0,0,0,0,787,1,1,0.186768,465,465,31219,1,0.106068,465,465,94251,0.236581,804,465
6,8,502542,1287255,645,12,116,0.043882,0.964109,804,-1,ok,0,0,0,0,803,1,1,7.34069,645,21880,36691,1,11.4903,645,46505,98241,17.9223,63467,645
6,9,2726054,800471,1487,24,632,0.238485,2.54717,1902,-1,ok,0,0,0,0,1901,1,1,10.129,1515,27105,71695,1,1.05788,1487,1774,210615,1.83957,2150,1487
6,10,3031784,709412,1662,27,561,0.17668,2.58807,1933,-1,ok,0,0,0,0,1932,1,1,2.26659,1662,1662,81641,1,0.853403,1662,1662,229099,39.605,146083,1662
6,11,813038,2649998,1861,30,746,0.220212,2.05452,2310,-1,ok,0,0,0,0,2309,1,1,14.9018,1881,54422,88413,1,3.16729,1861,9870,253518,1.44727,2064,1861
6,12,2906523,1340129,1264,21,435,0.152825,2.20249,1737,-1,ok,0,0,0,0,1736,1,1,16.1938,1300,50993,74008,1,15.4295,1268,47068,204602,24.921,73256,1264
6,13,2198005,2773306,1504,23,478,0.216228,1.53561,1551,-1,ok,0,0,0,0,1550,1,1,16.235,1506,55107,69798,1,37.7169,1504,138066,201645,58.7751,197182,1504
6,14,1009630,2195480,1009,17,241,0.125085,2.13116,1416,-1,ok,0,0,0,0,1415,1,1,6.45671,1069,18262,47456,1,9.5815,1069,38351,114060,3.12974,8169,1009
6,15,2077961,2827531,1186,19,623,0.235695,1.68877,1533,-1,ok,0,0,0,0,1532,1,1,5.4152,1200,20985,67400,1,11.9394,1186,50805,182682,36.4291,125454,1186
6,16,1553701,2469994,602,11,147,0.076288,1.37209,829,-1,ok,0,0,0,0,828,1,1,0.986534,602,1309,38541,1,0.628043,602,1961,98418,1.90426,1976,602
6,17,2490161,384400,1409,23,669,0.219008,2.2499,1630,-1,ok,0,0,0,0,1629,1,1,7.6647,1437,19648,80611,1,1.61977,1409,2204,234594,2.13361,1693,1409
6,18,2599025,2034587,1669,28,444,0.143067,2.46443,2522,-1,ok,0,0,0,0,2521,1,1,17.987,1815,70632,80616,1,46.7237,1815,184368,222971,36.42,141895,1669
6,19,1181060,2927824,1734,28,649,0.317402,3.08141,2409,-1,ok,0,0,0,0,2408,1,1,18.6195,1850,54062,80465,1,9.2388,1734,26062,227383,14.1753,51628,1734
6,20,645781,614849,395,8,86,0.047899,0.827706,664,-1,ok,0,0,0,0,663,1,1,2.55318,427,11464,24367,1,3.36399,427,18066,72322,2.39665,12656,395
6,21,2468056,2256643,1145,18,356,0.13401,1.0888,1382,-1,ok,0,0,0,0,1381,1,1,10.6935,1199,45483,63252,1,7.01544,1145,32723,182687,9.53671,41640,1145
6,22,251497,3219170,2176,34,735,0.243435,3.89204,2697,-1,ok,0,0,0,0,2696,1,1,27.6638,2204,71084,124428,1,7.66774,2176,15233,314084,35.6969,83714,2176
6,23,569297,2803754,1948,32,660,0.250979,3.65992,2573,-1,ok,0,0,0,0,2572,1,1,29.1106,1962,75798,99089,1,75.4781,1962,221384,292255,298.307,673122,1948
6,24,2520461,1501553,674,11,217,0.123,1.43105,789,-1,ok,0,0,0,0,788,1,1,1.13678,674,684,34208,1,0.319175,674,674,79293,3.398,7515,674
6,25,2003860,731758,1205,19,467,0.15029,1.71547,1598,-1,ok,0,0,0,0,1597,1,1,3.10843,1225,8873,43354,1,2.52501,1205,7684,151046,7.67911,31467,1205
6,26,613334,2557422,1168,20,433,0.174515,2.23147,1517,-1,ok,0,0,0,0,1516,1,1,21.4928,1254,51303,68716,1,33.6385,1254,95867,198588,8.50405,30286,1168
6,27,387537,2005469,1167,19,372,0.167503,2.35752,1470,-1,ok,0,0,0,0,1469,1,1,2.80694,1167,5337,63377,1,1.41024,1167,2612,167371,1.98038,3473,1167
6,28,344125,2584166,2379,38,697,0.224539,3.28246,3136,-1,ok,0,0,0,0,3135,1,1,32.9296,2457,98314,101687,1,97.7012,2457,271956,288832,622.8,1.28006e+06,2379
6,29,2992346,1955386,784,12,225,0.121767,1.73137,1173,-1,ok,0,0,0,0,1172,1,1,3.33485,784,8262,37586,1,6.1817,784,25871,108768,14.7197,52143,784
6,30,2891864,2043208,1327,22,508,0.18205,1.75927,1674,-1,ok,0,0,0,0,1673,1,1,11.6853,1421,43162,66114,1,0.986432,1327,1906,181322,19.9803,79579,1327
6,31,593449,1109625,711,12,188,0.084628,1.01917,984,-1,ok,0,0,0,0,983,1,1,0.688766,711,711,35500,1,0.352159,711,711,101975,1.22983,3075,711
6,32,2770066,477636,2303,38,728,0.220542,3.38606,2986,-1,ok,0,0,0,0,2985,1,1,23.8835,2407,69298,117814,1,34.7666,2385,119439,308839,6.55932,15953,2303
6,33,1568488,2024378,743,13,291,0.164126,1.36882,1038,-1,ok,0,0,0,0,1037,1,1,0.72869,743,1575,38138,1,0.68556,743,2263,126154,0.927451,2836,743
6,34,2636861,1355914,1868,29,536,0.173725,2.44232,2533,-1,ok,0,0,0,0,2532,1,1,20.7816,2018,79470,86881,1,30.2566,1940,116923,247655,31.7972,120630,1868
6,35,2807379,1728601,1223,19,359,0.157063,2.26467,1678,-1,ok,0,0,0,0,1677,1,1,6.62615,1223,20075,51505,1,3.76359,1223,14478,156763,5.3515,16354,1223
6,36,548195,1129534,384,7,81,0.039123,1.11913,659,-1,ok,0,0,0,0,658,1,1,0.807728,384,384,25658,1,0.270004,384,384,77480,0.66388,384,384
6,37,1403079,1097550,787,14,398,0.148056,1.01161,1018,-1,ok,0,0,0,0,1017,1,1,8.46263,787,32456,44573,1,18.5624,787,79895,126839,31.4693,114224,787
6,38,1098506,2400310,1127,19,428,0.191157,2.42848,1540,-1,ok,0,0,0,0,1539,1,1,2.57453,1143,3643,55723,1,1.46856,1127,2411,176652,1.24535,1127,1127
6,39,549302,2763681,1609,26,518,0.177882,2.60951,1878,-1,ok,0,0,0,0,1877,1,1,5.65297,1609,10666,80183,1,11.4055,1609,31335,223248,43.6522,121137,1609
6,40,2830387,1329031,990,17,380,0.147616,1.86747,1295,-1,ok,0,0,0,0,1294,1,1,1.536,994,2592,59226,1,1.66518,990,3669,177687,4.43552,12620,990
6,41,2571837,1609971,1200,20,387,0.150302,1.44716,1705,-1,ok,0,0,0,0,1704,1,1,2.30129,1200,6746,61268,1,0.688965,1200,1405,174555,1.1873,2243,1200
6,42,2269545,949398,1480,24,546,0.166371,1.50432,2185,-1,ok,0,0,0,0,2184,1,1,13.1729,1486,47581,73468,1,4.26969,1480,14958,227217,3.09504,7900,1480
6,43,2386550,2005422,1757,29,674,0.240228,1.92701,2402,-1,ok,0,0,0,0,2401,1,1,12.4942,1831,61101,82383,1,34.896,1811,158846,232428,92.6053,350924,1757
6,44,3228329,1091487,1429,24,463,0.179134,2.77587,1646,-1,ok,0,0,0,0,1645,1,1,2.49408,1429,1460,78570,1,0.689728,1429,1429,224718,2.26453,1429,1429
6,45,1252674,2899369,1220,21,221,0.080289,1.90546,1525,-1,ok,0,0,0,0,1524,1,1,1.88146,1220,2544,64967,1,2.07819,1220,6691,153911,9.64251,38831,1220
6,46,1245004,2631833,1742,28,763,0.231884,2.11604,2389,-1,ok,0,0,0,0,2388,1,1,12.4386,1826,47407,84721,1,4.55506,1806,17408,220516,11.7916,45741,1742
6,47,2746631,1120353,1791,29,473,0.165741,2.75128,2474,-1,ok,0,0,0,0,2473,1,1,20.867,1925,75512,86968,1,25.6492,1863,84650,238773,25.2341,94508,1791
6,48,1545941,1034885,778,14,257,0.1283,1.76924,1073,-1,ok,0,0,0,0,1072,1,1,2.53517,778,10095,35565,1,4.91715,778,23059,63381,48.272,113131,778
6,49,707664,3179843,2152,34,694,0.240359,3.21387,2729,-1,ok,0,0,0,0,2728,1,1,23.5517,2230,73553,107770,1,5.92368,2152,15524,303071,3.43684,4780,2152
6,50,2697605,251222,1758,27,692,0.229449,3.47778,2515,-1,ok,0,0,0,0,2514,1,1,12.432,1768,37475,90879,1,48.6952,1758,129440,256706,66.614,150765,1758
6,51,598957,1160461,516,10,125,0.084038,1.24524,799,-1,ok,0,0,0,0,798,1,1,5.85715,516,20239,32460,1,12.303,516,43104,83632,18.0811,59572,516
6,52,2808838,629110,1283,21,551,0.194464,2.40392,1368,-1,ok,0,0,0,0,1367,1,1,3.94367,1283,4298,76291,1,1.21371,1283,2304,227518,2.71161,3610,1283
6,53,2674667,2450469,1734,29,450,0.13948,2.46492,2575,-1,ok,0,0,0,0,2574,1,1,6.24246,1734,29152,92697,1,18.2632,1734,81134,232126,22.0934,104186,1734
6,54,902226,2397303,1907,31,693,0.264854,2.96071,2524,-1,ok,0,0,0,0,2523,1,1,2.72988,1907,5897,97383,1,4.43799,1907,17981,279098,11.7091,48095,1907
6,55,3160580,2590500,1640,26,429,0.142136,1.62813,1965,-1,ok,0,0,0,0,1964,1,1,23.3668,1640,64819,73553,1,39.044,1640,154045,204372,82.9124,319538,1640
6,56,3063115,1271576,1534,24,463,0.221345,3.35491,2015,-1,ok,0,0,0,0,2014,1,1,18.3379,1536,56055,72051,1,8.57087,1534,29472,213068,23.6155,70700,1534
6,57,471188,1449834,1138,17,279,0.135863,2.2621,1629,-1,ok,0,0,0,0,1628,1,1,12.6909,1138,42077,53327,1,24.2623,1138,96392,146516,46.9856,188958,1138
6,58,1353978,2059850,918,16,328,0.155361,2.26562,1619,-1,ok,0,0,0,0,1618,1,1,11.0667,954,37388,43416,1,32.4963,954,107767,132931,105.185,240846,918
6,59,2540733,1967844,911,14,380,0.152053,1.43774,1068,-1,ok,0,0,0,0,1067,1,1,2.99138,911,11216,39392,1,5.00409,911,23565,125164,40.9416,149390,911
6,60,2700562,1997667,1296,21,470,0.151533,1.89549,1983,-1,ok,0,0,0,0,1982,1,1,0.759188,1296,1296,67452,1,3.79073,1296,15201,188101,7.91871,37558,1296
6,61,1637568,2044505,363,6,55,0.023304,0.853834,434,-1,ok,0,0,0,0,433,1,1,0.475879,363,363,20137,1,0.285974,363,430,49049,1.12781,4049,363
6,62,1801679,2696751,1870,30,667,0.198391,2.05394,2743,-1,ok,0,0,0,0,2742,1,1,18.3699,1870,72898,91211,1,41.2484,1870,161299,249388,105.757,366815,1870
6,63,598957,2906552,1287,21,493,0.207286,3.07879,1332,-1,ok,0,0,0,0,1331,1,1,2.89561,1287,1287,81962,1,0.6429,1287,1287,230142,1.95861,1287,1287
6,64,1955372,794087,930,15,381,0.146904,1.58533,1163,-1,ok,0,0,0,0,1162,1,1,2.50974,930,5242,48064,1,3.09175,930,10601,137212,1.06982,1021,930
6,65,2039260,2947726,1193,19,342,0.11284,1.96075,2090,-1,ok,0,0,0,0,2089,1,1,3.84215,1193,12614,55086,1,6.19156,1193,26303,146291,17.8348,65520,1193
6,66,556924,1599250,705,12,185,0.093454,1.62288,950,-1,ok,0,0,0,0,949,1,1,1.50589,705,1764,39564,1,0.935276,705,3444,113818,1.45433,3444,705
6,67,278380,2626389,2296,37,773,0.223546,3.17493,2987,-1,ok,0,0,0,0,2986,1,1,20.8879,2354,67434,101324,1,4.13281,2296,12368,252171,6.18328,19686,2296
6,68,2339398,455629,2015,33,792,0.275764,3.2803,2746,-1,ok,0,0,0,0,2745,1,1,3.11874,2015,7846,103004,1,5.27715,2015,19423,283437,2.0699,5306,2015
6,69,2397188,1012607,1150,19,495,0.173794,1.72127,1615,-1,ok,0,0,0,0,1614,1,1,7.29529,1178,28631,68654,1,1.95046,1150,4426,194655,1.34688,2867,1150
6,70,2467967,715435,1642,27,521,0.182051,2.36654,2147,-1,ok,0,0,0,0,2146,1,1,10.4342,1662,30189,67169,1,3.81273,1642,11457,197366,10.1303,39324,1642
6,71,279709,835397,829,14,222,0.088254,1.25759,916,-1,ok,0,0,0,0,915,1,1,0.930969,829,1773,47845,1,1.24583,829,4287,122324,1.39552,4287,829
6,72,825921,1088080,805,13,216,0.078597,1.01596,1214,-1,ok,0,0,0,0,1213,1,1,3.51665,805,15631,46178,1,7.51105,805,34859,123850,9.37631,43024,805
6,73,2686056,3089348,412,7,75,0.043602,0.756292,501,-1,ok,0,0,0,0,500,1,1,3.10233,412,10189,22725,1,7.27225,412,24980,62117,9.80428,36298,412
6,74,935096,1634738,947,16,404,0.150001,1.79103,1454,-1,ok,0,0,0,0,1453,1,1,10.3289,1025,39373,50492,1,24.2303,1025,96569,148598,12.1145,51377,947
6,75,384006,760874,877,14,189,0.084397,1.28632,1094,-1,ok,0,0,0,0,1093,1,1,3.08293,877,13418,40240,1,7.22916,877,29726,121604,10.5056,45115,877
6,76,1947155,898061,889,14,313,0.132105,1.77951,1176,-1,ok,0,0,0,0,1175,1,1,3.30233,889,6300,35422,1,1.34557,889,3239,83342,2.96106,9792,889
6,77,658137,789793,329,6,36,0.017704,0.538867,552,-1,ok,0,0,0,0,551,1,1,0.159938,329,365,17562,1,0.220812,329,1038,56595,0.262401,1038,329
6,78,363830,2056905,2015,32,595,0.173764,2.57736,2472,-1,ok,0,0,0,0,2471,1,1,26.2896,2037,71404,107235,1,4.31188,2015,12252,277562,11.2968,34458,2015
6,79,1761748,2892020,756,13,294,0.126246,1.62151,1009,-1,ok,0,0,0,0,1008,1,1,3.9468,756,12803,43943,1,0.589009,756,756,124647,11.4668,38399,756
6,80,2351211,2029768,1106,18,383,0.140572,1.44028,1601,-1,ok,0,0,0,0,1600,1,1,2.91686,1106,12707,59138,1,5.03779,1106,23645,154460,17.8587,53987,1106
6,81,647090,520796,364,6,66,0.030547,0.505704,471,-1,ok,0,0,0,0,470,1,1,0.189023,364,364,23680,1,0.103393,364,364,69026,0.180406,364,364
6,82,2202913,1998284,1606,26,616,0.177431,1.80528,2193,-1,ok,0,0,0,0,2192,1,1,12.0847,1626,56284,73632,1,34.1253,1606,153533,220601,80.5403,347668,1606
6,83,2307907,2951731,1581,25,579,0.257009,1.7967,1806,-1,ok,0,0,0,0,1805,1,1,11.28,1601,36378,82598,1,9.48147,1581,36779,238687,12.3924,49167,1581
6,84,1871832,591133,1610,26,612,0.228397,2.49446,2175,-1,ok,0,0,0,0,2174,1,1,10.6338,1714,39212,77563,1,10.9636,1692,49768,223938,12.2859,45309,1610
6,85,1820468,769068,784,13,326,0.132568,1.67448,1023,-1,ok,0,0,0,0,1022,1,1,1.0661,784,1124,44282,1,0.46529,784,789,125870,0.841751,784,784
6,86,618657,2879486,1405,21,489,0.159779,2.61831,1926,-1,ok,0,0,0,0,1925,1,1,13.0472,1465,40348,63181,1,13.6475,1405,39608,195748,13.9081,40711,1405
6,87,759127,2437547,1913,31,732,0.272628,3.08781,2558,-1,ok,0,0,0,0,2557,1,1,16.3058,1933,60145,91632,1,3.11085,1913,9922,250876,29.5603,111220,1913
6,88,2003626,436977,2082,33,754,0.270424,3.3613,2945,-1,ok,0,0,0,0,2944,1,1,29.0055,2102,92514,101826,1,74.7278,2082,224370,278458,275.554,756660,2082
6,89,2088216,2111650,95,1,0,0.018555,0.521624,254,-1,ok,0,0,0,0,253,1,1,0.924648,127,1945,3731,1,0.328634,95,1473,16774,0.6107,1473,95
6,90,2481203,2200930,683,11,200,0.085551,0.831181,766,-1,ok,0,0,0,0,765,1,1,0.563533,683,737,33819,1,0.346597,683,1083,103873,0.581166,1582,683
6,91,1827763,2791217,1053,18,531,0.183634,1.92745,1666,-1,ok,0,0,0,0,1665,1,1,12.2413,1053,29153,50761,1,31.3389,1053,102183,154479,80.6099,247542,1053
6,92,1980418,1582954,557,10,143,0.089237,1.03466,796,-1,ok,0,0,0,0,795,1,1,1.01522,577,3357,30787,1,0.278781,557,557,84765,0.379719,557,557
6,93,705039,752842,1000,16,350,0.115665,1.03047,1245,-1,ok,0,0,0,0,1244,1,1,6.05391,1000,29541,55210,1,15.9883,1000,75976,156199,18.429,86677,1000
6,94,1158854,739502,341,6,56,0.027862,0.80353,426,-1,ok,0,0,0,0,425,1,1,3.72188,341,9703,23045,1,4.6479,341,20176,71117,6.47815,20212,341
6,95,1350833,836719,972,15,456,0.156041,1.2391,1325,-1,ok,0,0,0,0,1324,1,1,2.68159,972,9752,50082,1,2.93942,972,13168,137780,11.1514,46976,972
6,96,1556785,647066,1224,20,464,0.151723,1.41447,1551,-1,ok,0,0,0,0,1550,1,1,2.99369,1224,9423,61148,1,5.16708,1224,21885,169970,8.35577,34441,1224
6,97,1944954,1109435,783,13,306,0.116498,1.26922,1028,-1,ok,0,0,0,0,1027,1,1,0.862761,783,819,46145,1,0.363188,783,819,114149,0.76677,783,783
6,98,2668191,348531,1839,31,746,0.199853,2.69758,2178,-1,ok,0,0,0,0,2177,1,1,22.5539,1867,65035,102309,1,89.2193,1839,221633,274758,146.907,416088,1839
6,99,476033,1903328,1168,19,418,0.19774,2.90293,1295,-1,ok,0,0,0,0,1294,1,1,20.5287,1168,54789,60247,1,56.7184,1168,156823,174200,147.235,311275,1168
6,100,795218,590026,122,2,6,0.019125,0.452023,157,-1,ok,0,0,0,0,156,1,1,0.345416,122,170,7668,1,0.045484,122,170,30714,0.125165,122,122
6,101,763468,1260833,843,14,176,0.066595,1.14849,954,-1,ok,0,0,0,0,953,1,1,9.44514,843,36656,46478,1,15.527,843,63428,134190,23.8011,79344,843
6,102,3155979,534005,2083,33,719,0.278589,4.25159,2658,-1,ok,0,0,0,0,2657,1,1,20.6516,2111,48832,108943,1,5.26788,2083,9968,287717,42.0976,119986,2083
6,103,2671843,2035386,1097,18,394,0.167572,1.97811,1678,-1,ok,0,0,0,0,1677,1,1,0.548554,1097,1097,54747,1,2.41287,1097,9861,154719,5.98124,28074,1097
6,104,1072087,2077094,1175,20,512,0.183763,2.36684,1804,-1,ok,0,0,0,0,1803,1,1,11.4733,1247,35574,55202,1,24.6125,1247,81227,143127,39.569,119881,1175
6,105,1830266,867972,1628,26,722,0.293468,2.28704,2009,-1,ok,0,0,0,0,2008,1,1,7.33101,1650,28773,85352,1,5.6313,1628,25063,226380,37.484,143047,1628
6,106,2009385,672463,1221,20,592,0.218298,2.26966,1552,-1,ok,0,0,0,0,1551,1,1,1.40551,1221,1683,65680,1,0.92116,1221,1334,169830,2.3922,7357,1221
6,107,1277732,1289510,1175,19,377,0.125985,1.21341,1414,-1,ok,0,0,0,0,1413,1,1,7.65272,1337,35903,54403,1,11.7315,1295,61061,166435,20.8634,98639,1175
6,108,383929,2086407,1268,21,433,0.141835,2.85474,1555,-1,ok,0,0,0,0,1554,1,1,3.73262,1268,5478,67616,1,2.26241,1268,4502,174806,20.9137,67976,1268
6,109,2032078,1699736,1336,22,480,0.162012,1.62087,1991,-1,ok,0,0,0,0,1990,1,1,6.99539,1444,29790,74102,1,10.1725,1444,46779,210478,5.55501,25701,1336
6,110,958411,907673,588,11,191,0.084928,0.950695,817,-1,ok,0,0,0,0,816,1,1,1.84993,588,8805,25045,1,7.34847,588,36622,84478,10.1037,46637,588
6,111,345881,908168,999,16,171,0.074038,1.51869,1364,-1,ok,0,0,0,0,1363,1,1,0.824409,999,999,53267,1,0.480468,999,999,143358,12.6812,62389,999
6,112,921927,2826328,1275,19,423,0.154489,2.33036,1420,-1,ok,0,0,0,0,1419,1,1,7.29734,1277,19136,69351,1,12.1865,1277,38968,198057,36.0545,96671,1275
6,113,558628,2150100,1156,20,386,0.166882,2.47259,1473,-1,ok,0,0,0,0,1472,1,1,7.26232,1156,15370,63519,1,19.828,1156,50933,187022,39.1238,83510,1156
6,114,732091,2459630,1421,24,574,0.243665,2.88003,1940,-1,ok,0,0,0,0,1939,1,1,3.14895,1479,7233,74477,1,6.8449,1479,24401,210492,1.5682,2801,1421
6,115,398823,391093,624,11,138,0.066233,1.14768,1149,-1,ok,0,0,0,0,1148,1,1,4.11425,624,20123,37138,1,5.77971,624,30060,106946,6.04668,30337,624
6,116,1510629,2959878,1054,17,422,0.154738,1.85287,1091,-1,ok,0,0,0,0,1090,1,1,4.39795,1054,10138,44002,1,4.22737,1054,16161,132639,22.0984,65295,1054
6,117,2096552,3082996,592,9,172,0.070391,1.1575,633,-1,ok,0,0,0,0,632,1,1,1.08351,592,683,36339,1,0.277337,592,683,112639,0.68577,592,592
6,118,773297,2535823,1305,22,556,0.161993,2.20942,1614,-1,ok,0,0,0,0,1613,1,1,19.9521,1391,54553,68551,1,42.77,1391,102982,196941,14.9772,27954,1305
6,119,1540653,367496,2008,32,767,0.394637,2.82069,2639,-1,ok,0,0,0,0,2638,1,1,3.26178,2008,9093,94454,1,6.52263,2008,26984,250094,1.21164,2196,2008
6,120,457915,1822951,1394,23,497,0.167602,2.2597,1819,-1,ok,0,0,0,0,1818,1,1,18.2009,1416,42660,74942,1,0.827355,1394,1394,206734,0.853143,1394,1394
6,121,2144069,523360,2086,32,738,0.266757,3.10613,2857,-1,ok,0,0,0,0,2856,1,1,28.7649,2106,91872,96072,1,81.8648,2086,237139,266375,294.053,785226,2086
6,122,1935902,3090329,1268,20,694,0.270333,2.3033,1691,-1,ok,0,0,0,0,1690,1,1,1.98876,1268,4055,65228,1,1.653,1268,4367,177027,1.26297,1489,1268
6,123,2854140,1596178,937,16,337,0.12287,1.82504,1766,-1,ok,0,0,0,0,1765,1,1,21.3913,1093,42396,48042,1,0.947399,937,1307,130643,1.06532,1482,937
6,124,1967913,1747145,807,12,254,0.10761,0.941669,994,-1,ok,0,0,0,0,993,1,1,1.6965,821,7241,39667,1,1.67727,807,7908,121281,1.94068,7908,807
6,125,2263205,1655305,838,14,325,0.113552,1.35335,1271,-1,ok,0,0,0,0,1270,1,1,2.4859,860,8644,48485,1,1.94066,860,7717,144791,0.47758,1240,838
6,126,2506297,1143924,984,17,414,0.138298,1.88662,1395,-1,ok,0,0,0,0,1394,1,1,1.64134,984,2268,56177,1,1.29504,984,2666,161309,3.39657,8287,984
6,127,1448472,1364093,562,10,146,0.062286,0.975601,935,-1,ok,0,0,0,0,934,1,1,3.35452,582,11388,28854,1,4.33568,562,18052,87380,8.73807,34287,562
6,128,1724010,2154870,1418,23,659,0.214,1.44529,2011,-1,ok,0,0,0,0,2010,1,1,11.9996,1508,56964,77912,1,17.9285,1418,81262,211244,50.6346,199433,1418
6,129,840467,2529952,1656,27,299,0.137056,3.40868,2461,-1,ok,0,0,0,0,2460,1,1,2.64088,1656,2374,78092,1,6.61798,1656,24992,182846,13.1096,49614,1656
6,130,1792217,1212610,345,7,84,0.037129,0.896494,604,-1,ok,0,0,0,0,603,1,1,0.787812,345,1589,21231,1,0.852111,345,2952,58981,1.39397,2952,345
6,131,1328134,3208212,1967,31,760,0.225571,2.91554,2768,-1,ok,0,0,0,0,2767,1,1,4.20283,1967,11047,94727,1,9.41494,1967,33669,245353,11.3332,39324,1967
6,132,2891864,1675347,959,17,351,0.178514,1.56949,1316,-1,ok,0,0,0,0,1315,1,1,0.822245,959,1013,52094,1,1.88426,959,4768,138207,1.20075,2811,959
6,133,2410465,2443796,1103,18,321,0.105095,0.805625,1270,-1,ok,0,0,0,0,1269,1,1,6.19271,1103,28644,53298,1,13.3959,1103,57981,157456,12.9091,59149,1103
6,134,558433,2250280,1093,18,310,0.13927,2.61322,1428,-1,ok,0,0,0,0,1427,1,1,7.93356,1101,25211,59429,1,16.0085,1101,55625,184316,1.93055,2191,1093
6,135,1187532,720690,1013,17,405,0.168064,1.4812,1340,-1,ok,0,0,0,0,1339,1,1,8.62116,1013,36767,45949,1,22.2446,1013,96138,141459,30.7533,126857,1013
6,136,2710078,1125700,1258,21,488,0.18246,2.51219,1833,-1,ok,0,0,0,0,1832,1,1,5.83014,1266,17502,61718,1,0.613445,1258,1276,183429,3.86924,8328,1258
6,137,342829,2650131,1580,26,589,0.39597,2.88021,2277,-1,ok,0,0,0,0,2276,1,1,4.07311,1580,11251,82799,1,4.17749,1580,11814,255054,54.2618,188923,1580
6,138,381156,591400,523,11,113,0.057659,0.992372,1092,-1,ok,0,0,0,0,1091,1,1,4.5283,713,20280,35341,1,9.30428,713,41608,95903,2.92558,11973,523
6,139,620591,3052362,1412,22,530,0.173293,2.6813,1635,-1,ok,0,0,0,0,1634,1,1,2.55275,1412,1800,86058,1,0.767032,1412,1800,239094,1.90393,1800,1412
6,140,1838465,1180686,1541,24,770,0.240369,1.66603,1928,-1,ok,0,0,0,0,1927,1,1,20.3109,1547,57145,80561,1,41.2183,1541,151447,194175,159.8,448735,1541
6,141,2808277,2315654,851,14,168,0.093885,1.15525,906,-1,ok,0,0,0,0,905,1,1,0.826073,851,863,44204,1,0.421367,851,852,123119,2.4851,10053,851
6,142,2598310,2422034,222,4,23,0.022603,0.271797,253,-1,ok,0,0,0,0,252,1,1,0.147456,222,222,16248,1,0.127959,222,222,49289,0.131066,222,222
6,143,2845436,1668194,730,12,171,0.216253,1.77032,973,-1,ok,0,0,0,0,972,1,1,10.2928,782,28935,45223,1,20.8358,782,57098,125363,10.9041,31596,730
6,144,2382918,526772,1377,22,539,0.216885,2.8912,1884,-1,ok,0,0,0,0,1883,1,1,3.70914,1399,7230,67220,1,3.46394,1377,10998,183018,24.629,75408,1377
6,145,1931999,438444,1275,21,663,0.224608,2.19227,1624,-1,ok,0,0,0,0,1623,1,1,2.22195,1275,2966,67618,1,1.16874,1275,2539,181754,1.328,1275,1275
6,146,2679978,515339,2241,36,763,0.221583,2.97067,2724,-1,ok,0,0,0,0,2723,1,1,4.4162,2241,8941,114991,1,5.47503,2241,20961,301414,5.26689,15905,2241
6,147,2803019,1915102,1793,29,600,0.207257,2.3084,2586,-1,ok,0,0,0,0,2585,1,1,17.6595,1793,63001,87748,1,49.3342,1793,163977,247847,141.308,368034,1793
6,148,913089,1331566,1323,23,557,0.241942,2.16363,1744,-1,ok,0,0,0,0,1743,1,1,4.93009,1433,18652,65320,1,9.74521,1433,46629,184437,87.6504,271251,1323
6,149,634343,2276336,1305,21,449,0.148266,2.45747,1772,-1,ok,0,0,0,0,1771,1,1,7.62296,1325,15551,60870,1,1.20957,1305,1500,185357,1.38554,1305,1305
6,150,1481794,3181212,1228,21,509,0.185636,2.33691,1561,-1,ok,0,0,0,0,1560,1,1,15.5242,1228,27721,68347,1,25.1474,1228,57330,168910,35.6077,92183,1228
6,151,1474634,422363,1314,22,581,0.253434,2.06161,1533,-1,ok,0,0,0,0,1532,1,1,2.18485,1314,3051,61600,1,2.14189,1314,7184,177974,2.95417,9827,1314
6,152,1834575,3226322,1174,20,502,0.18158,1.96959,1447,-1,ok,0,0,0,0,1446,1,1,13.9703,1174,24801,66411,1,21.0204,1174,54799,160254,44.8167,122962,1174
6,153,3024705,540222,1863,31,715,0.259205,3.56931,2222,-1,ok,0,0,0,0,2221,1,1,2.65323,1863,1863,97507,1,1.02274,1863,1863,259434,39.856,123487,1863
6,154,3044639,2920559,189,3,10,0.009678,0.421127,380,-1,ok,0,0,0,0,379,1,1,0.215423,189,600,11165,1,0.073226,189,189,36740,0.134581,189,189
6,155,1228220,1631674,478,9,116,0.039974,0.754279,707,-1,ok,0,0,0,0,706,1,1,1.0922,478,3477,30221,1,0.209903,478,478,87448,0.280504,480,478
6,156,1536072,283775,1199,20,668,0.202006,1.83201,1484,-1,ok,0,0,0,0,1483,1,1,3.1642,1199,6041,70284,1,1.60896,1199,4874,183191,1.91471,4874,1199
6,157,3193672,1640899,1490,24,438,0.128339,2.15155,2071,-1,ok,0,0,0,0,2070,1,1,2.82552,1490,5926,83947,1,1.19153,1490,1490,205827,3.38891,9740,1490
6,158,1364886,1417986,1253,20,492,0.165119,1.34794,1548,-1,ok,0,0,0,0,1547,1,1,11.8206,1347,52925,60134,1,30.149,1305,135405,182985,82.6679,284265,1253
6,159,1323479,1948892,1160,19,476,0.20313,1.66548,1397,-1,ok,0,0,0,0,1396,1,1,7.22134,1188,28164,63062,1,2.41204,1166,9304,182106,2.78864,9077,1160
6,160,329635,3138202,2157,35,645,0.186528,3.51093,2510,-1,ok,0,0,0,0,2509,1,1,36.6017,2157,64851,102345,1,74.5181,2157,176597,275763,220,565662,2157
6,161,2199138,2165892,958,15,388,0.205975,1.27199,1241,-1,ok,0,0,0,0,1240,1,1,9.85983,1042,49018,50565,1,15.4242,958,71699,153135,16.1189,73053,958
6,162,2332432,2665491,284,5,38,0.0318,0.744519,359,-1,ok,0,0,0,0,358,1,1,1.15274,284,3785,18241,1,1.22206,284,6084,53332,2.36132,6170,284
6,163,2554867,820141,1438,23,597,0.211183,2.41625,1805,-1,ok,0,0,0,0,1804,1,1,3.50114,1492,5759,68531,1,2.04225,1438,4355,195437,2.71645,5278,1438
6,164,816636,1589983,1083,17,371,0.121528,1.08946,1294,-1,ok,0,0,0,0,1293,1,1,0.642379,1083,1539,49333,1,1.33007,1083,5089,144953,0.738719,1377,1083
6,165,2144577,2486159,628,11,226,0.088506,0.997974,1059,-1,ok,0,0,0,0,1058,1,1,4.04338,628,15975,38006,1,6.62633,628,30787,103646,7.9463,37091,628
6,166,2257019,735014,1996,32,725,0.241281,2.96576,2647,-1,ok,0,0,0,0,2646,1,1,24.6034,2100,86962,99382,1,63.7769,2078,231290,270313,206.455,639164,1996
6,167,2095650,935010,1005,16,337,0.160199,1.83263,1294,-1,ok,0,0,0,0,1293,1,1,2.77929,1025,7731,33857,1,2.26031,1005,6786,123990,3.51743,14265,1005
6,168,312457,989659,778,13,149,0.065803,1.67437,1351,-1,ok,0,0,0,0,1350,1,1,1.66557,778,2408,36786,1,1.9883,778,5983,96966,1.64532,3848,778
6,169,2882141,1067685,1170,20,346,0.131876,2.03405,1475,-1,ok,0,0,0,0,1474,1,1,3.61729,1170,6887,70436,1,7.27287,1170,30063,170384,16.2086,53399,1170
6,170,1662824,2681105,1085,18,454,0.152545,1.43078,1248,-1,ok,0,0,0,0,1247,1,1,2.80256,1085,9068,53925,1,4.03084,1085,17025,137379,5.17148,21575,1085
6,171,1703180,546367,1232,21,514,0.174867,1.78913,1601,-1,ok,0,0,0,0,1600,1,1,3.02544,1268,9005,57276,1,7.56169,1268,23295,167924,3.42553,9405,1232
6,172,2090483,588991,1314,20,612,0.202307,1.94346,1559,-1,ok,0,0,0,0,1558,1,1,2.64867,1314,7152,64340,1,3.58259,1314,12252,183675,3.8449,13362,1314
6,173,2669970,1153251,1524,25,574,0.177491,1.98259,1819,-1,ok,0,0,0,0,1818,1,1,3.24254,1524,6285,75920,1,1.11859,1524,2054,202316,1.29205,2581,1524
6,174,2801102,1556461,1651,27,508,0.162533,0.923203,1986,-1,ok,0,0,0,0,1985,1,1,1.98192,1651,7174,83517,1,1.63717,1651,5991,232836,12.2287,33732,1651
6,175,2862760,2446461,730,11,174,0.071584,0.727729,851,-1,ok,0,0,0,0,850,1,1,0.857198,730,3022,32552,1,0.496287,730,1543,88941,0.795485,2114,730
6,176,1728209,2803901,1739,29,635,0.194964,2.31354,2594,-1,ok,0,0,0,0,2593,1,1,17.0469,1961,61609,80097,1,41.9461,1941,163688,225654,62.0634,205878,1739
6,177,330269,1345015,1018,17,292,0.125193,1.85646,1301,-1,ok,0,0,0,0,1300,1,1,2.40769,1040,5316,47368,1,1.14721,1018,3317,133403,2.12547,5477,1018
6,178,3017924,2896984,407,7,64,0.028564,0.543174,594,-1,ok,0,0,0,0,593,1,1,2.09933,407,9887,23952,1,1.93932,407,10327,77631,1.9673,9887,407
6,179,910292,1126401,229,4,23,0.013525,0.554767,536,-1,ok,0,0,0,0,535,1,1,0.242964,229,329,11993,1,0.072225,229,329,39735,0.19882,329,229
6,180,2006593,1670863,1240,22,508,0.157554,1.61737,1789,-1,ok,0,0,0,0,1788,1,1,2.40848,1314,8504,60478,1,4.28713,1314,19041,178422,4.24268,18067,1240
6,181,2078347,3155254,1385,22,739,0.228216,2.36416,1996,-1,ok,0,0,0,0,1995,1,1,7.17688,1385,30284,68458,1,19.9801,1385,85501,171268,151.896,376164,1385
6,182,2709648,2878665,277,5,33,0.029695,0.62165,378,-1,ok,0,0,0,0,377,1,1,0.16064,277,277,17922,1,0.148928,277,277,51490,0.146924,314,277
6,183,460429,2828556,1989,33,694,0.27331,3.73841,2800,-1,ok,0,0,0,0,2799,1,1,6.56593,1989,16087,102527,1,6.15627,1989,22070,275249,3.94907,8183,1989
6,184,909956,1352984,474,9,142,0.097482,1.01228,783,-1,ok,0,0,0,0,782,1,1,0.345425,474,474,29892,1,1.40161,474,5782,82831,4.09729,19392,474
6,185,2598310,614849,1241,20,559,0.202549,2.09981,1472,-1,ok,0,0,0,0,1471,1,1,7.57965,1269,21691,64457,1,2.21013,1241,4743,196999,1.26946,1243,1241
6,186,1732162,381072,1507,26,744,0.303356,2.34982,2064,-1,ok,0,0,0,0,2063,1,1,23.7727,1599,50822,67772,1,37.5894,1507,102681,188291,165.36,461122,1507
6,187,2864255,987151,1339,21,433,0.193561,2.71342,1696,-1,ok,0,0,0,0,1695,1,1,9.62643,1359,29744,50326,1,10.8643,1339,35874,171302,3.85051,11474,1339
6,188,613280,1998545,1505,25,562,0.204362,2.22998,1828,-1,ok,0,0,0,0,1827,1,1,1.64176,1505,2700,76427,1,1.42909,1505,3775,191042,7.48111,27552,1505
6,189,769257,2619619,1324,22,499,0.160541,2.26736,1743,-1,ok,0,0,0,0,1742,1,1,5.28968,1324,14487,60846,1,9.05712,1324,26922,167350,10.2349,33516,1324
6,190,1700379,924636,488,8,122,0.061884,0.930869,605,-1,ok,0,0,0,0,604,1,1,0.683687,488,649,23880,1,0.274353,488,715,72087,1.2055,2717,488
6,191,489236,2011181,1701,27,561,0.208128,2.2193,2304,-1,ok,0,0,0,0,2303,1,1,1.83166,1701,3740,85495,1,1.85782,1701,5798,212520,7.63565,29617,1701
6,192,1225462,1170705,1015,16,339,0.116368,0.881639,1226,-1,ok,0,0,0,0,1225,1,1,9.51208,1095,44801,50328,1,7.98592,1015,39163,145682,10.8217,50850,1015
6,193,1873151,1744747,675,11,227,0.107141,0.914758,912,-1,ok,0,0,0,0,911,1,1,3.50767,751,16547,34563,1,2.39139,675,11793,109709,3.12754,15703,675
6,194,2468599,2302602,643,11,214,0.077436,1.06095,952,-1,ok,0,0,0,0,951,1,1,3.32071,643,15232,32043,1,7.38982,643,33985,87335,13.2608,59069,643
6,195,2943977,2062115,628,11,176,0.073178,1.56963,937,-1,ok,0,0,0,0,936,1,1,1.07178,628,1298,36490,1,0.418331,628,628,101689,1.42247,2590,628
6,196,587996,382135,775,13,188,0.072946,0.8409,1078,-1,ok,0,0,0,0,1077,1,1,1.27631,775,5214,41448,1,5.48277,775,26749,126467,5.14446,25018,775
6,197,1795388,2559139,975,16,424,0.162865,1.45046,1464,-1,ok,0,0,0,0,1463,1,1,1.59211,975,5138,46051,1,3.21646,975,13080,131240,0.608337,975,975
6,198,430706,1816036,1949,33,676,0.203572,3.07046,2944,-1,ok,0,0,0,0,2943,1,1,29.5776,2053,91816,97647,1,77.8786,2031,230456,276453,266.546,727212,1949
6,199,2709791,743716,1567,26,696,0.283029,2.77516,2094,-1,ok,0,0,0,0,2093,1,1,4.43323,1567,9479,80051,1,5.08101,1567,16830,220761,23.8427,74094,1567
6,200,2317486,1682523,790,14,338,0.125855,1.39756,1311,-1,ok,0,0,0,0,1310,1,1,1.30841,790,4913,46683,1,0.442025,790,913,125209,1.72148,7120,790
6,201,848074,2660956,1289,21,406,0.127468,1.91635,1410,-1,ok,0,0,0,0,1409,1,1,2.87753,1289,5632,63837,1,9.63582,1289,27728,176097,13.427,41549,1289
6,202,2051630,2425358,880,16,360,0.138449,1.41615,1581,-1,ok,0,0,0,0,1580,1,1,0.395288,880,971,53458,1,4.60624,880,19807,155738,2.61257,12520,880
6,203,2138232,3170486,1784,29,630,0.190275,2.35939,2693,-1,ok,0,0,0,0,2692,1,1,4.56574,1784,16127,86561,1,7.94522,1784,33193,215558,31.9072,104969,1784
6,204,1443071,807450,574,9,120,0.06434,0.980571,753,-1,ok,0,0,0,0,752,1,1,0.78672,574,574,26525,1,0.500223,574,1132,77869,0.880703,1132,574
6,205,1144422,3049691,2080,35,785,0.217606,2.78409,2665,-1,ok,0,0,0,0,2664,1,1,27.7033,2176,96443,107354,1,76.9404,2156,247213,286556,237.947,753132,2080
6,206,377442,2376747,1648,28,579,0.233396,3.03349,2095,-1,ok,0,0,0,0,2094,1,1,2.59348,1648,3644,87702,1,1.49839,1648,3464,246257,5.89529,15424,1648
6,207,1401797,2931005,1642,26,719,0.234867,2.35925,2249,-1,ok,0,0,0,0,2248,1,1,5.50199,1662,18673,78847,1,4.29014,1642,15470,214930,1.15803,1642,1642
6,208,2488208,1785008,991,16,352,0.125535,1.14297,1270,-1,ok,0,0,0,0,1269,1,1,1.30065,991,3803,53878,1,0.580073,991,991,147912,0.601895,1460,991
6,209,2517430,2632913,587,8,82,0.028073,0.673658,690,-1,ok,0,0,0,0,689,1,1,2.82915,599,12516,19512,1,7.23999,599,36958,62672,14.1322,55759,587
6,210,1804529,2670473,625,11,208,0.076191,1.22235,1104,-1,ok,0,0,0,0,1103,1,1,3.32493,643,9885,35287,1,2.43728,625,8767,104939,0.502198,814,625
6,211,792304,2700845,1601,27,570,0.175118,2.40353,2122,-1,ok,0,0,0,0,2121,1,1,2.72464,1601,3877,83348,1,2.10683,1601,4181,227496,4.9516,14838,1601
6,212,292558,448522,757,13,157,0.062917,1.0795,1232,-1,ok,0,0,0,0,1231,1,1,3.89577,793,16785,41869,1,3.51539,757,18189,106992,4.1071,20443,757
6,213,2987559,1182868,2093,33,708,0.212041,2.71418,2686,-1,ok,0,0,0,0,2685,1,1,3.54894,2093,6770,99490,1,3.88628,2093,15375,261134,6.31274,20670,2093
6,214,3031564,1350417,1027,17,250,0.116228,1.79714,1348,-1,ok,0,0,0,0,1347,1,1,18.0396,1027,42388,60650,1,20.9911,1027,53476,163493,25.1502,53496,1027
6,215,3155823,373649,2172,35,704,0.26193,3.35185,2689,-1,ok,0,0,0,0,2688,1,1,14.0958,2222,44366,100409,1,7.36383,2202,22883,291462,12.8005,37219,2172
6,216,371781,1935939,921,15,290,0.11808,2.05307,1128,-1,ok,0,0,0,0,1127,1,1,12.1973,963,30173,57908,1,8.90438,921,28771,168393,9.56802,28771,921
6,217,2855984,2571946,520,9,131,0.072806,0.811855,705,-1,ok,0,0,0,0,704,1,1,0.748828,520,1560,31452,1,0.313385,520,1560,84356,0.297607,520,520
6,218,465556,3102078,1943,31,731,0.218387,3.02444,2376,-1,ok,0,0,0,0,2375,1,1,16.6241,1971,53463,94988,1,1.85592,1943,3941,270631,1.64957,2235,1943
6,219,3106562,1461822,2273,36,690,0.236302,2.91176,2860,-1,ok,0,0,0,0,2859,1,1,25.0252,2273,92784,106852,1,64.0899,2273,222676,282580,295.157,900726,2273
6,220,2389443,1100586,779,13,328,0.172462,1.89789,1138,-1,ok,0,0,0,0,1137,1,1,6.52098,779,18421,45227,1,10.7848,779,30377,140971,8.44642,30377,779
6,221,1209891,3199598,1812,29,678,0.237342,2.85178,2159,-1,ok,0,0,0,0,2158,1,1,2.77083,1822,4162,88141,1,3.20983,1812,7450,226289,6.55033,13983,1812
6,222,1628263,3038908,1441,24,770,0.251089,2.06187,1842,-1,ok,0,0,0,0,1841,1,1,17.6325,1539,62871,73635,1,51.8716,1539,174491,204674,152.943,488535,1441
6,223,996318,538495,877,15,431,0.17668,1.26931,1156,-1,ok,0,0,0,0,1155,1,1,1.68692,877,4639,55967,1,0.520642,877,877,165012,0.588248,877,877
6,224,2666230,1916875,1680,28,603,0.183432,2.05137,2489,-1,ok,0,0,0,0,2488,1,1,16.235,1680,55809,85705,1,45.0211,1680,149869,239745,111.487,339882,1680
6,225,1214391,1343195,898,14,349,0.157184,0.961595,1041,-1,ok,0,0,0,0,1040,1,1,5.53099,922,21958,50129,1,4.40619,898,21905,149150,5.05649,21905,898
6,226,650861,1693026,614,10,184,0.064811,1.27414,715,-1,ok,0,0,0,0,714,1,1,1.04216,614,614,31009,1,0.666624,614,828,101577,0.886025,614,614
6,227,1007288,1215730,474,9,141,0.047609,0.716197,801,-1,ok,0,0,0,0,800,1,1,3.97085,526,19283,31557,1,1.88996,474,9673,94118,1.83141,9166,474
6,228,2161129,565602,1613,26,776,0.229138,2.06216,1902,-1,ok,0,0,0,0,1901,1,1,1.88696,1613,2469,82170,1,3.14473,1613,11299,242049,1.63944,2367,1613
6,229,2785103,1597956,1513,26,573,0.180216,1.86029,2070,-1,ok,0,0,0,0,2069,1,1,19.3124,1601,69759,80551,1,0.931389,1513,1981,214303,2.05189,6665,1513
6,230,1392321,355276,821,14,370,0.139401,1.44749,998,-1,ok,0,0,0,0,997,1,1,2.71237,887,7004,44732,1,0.993655,821,2407,128361,0.746644,857,821
6,231,2051789,1806580,591,9,102,0.045966,0.726406,714,-1,ok,0,0,0,0,713,1,1,3.05375,591,13104,31273,1,3.96219,591,19668,81301,4.86054,21480,591
6,232,1102446,3057237,1135,20,602,0.175848,2.27285,1658,-1,ok,0,0,0,0,1657,1,1,21.6083,1227,47043,65203,1,4.22968,1135,13027,204313,4.76238,13027,1135
6,233,2397085,1013039,923,15,350,0.127658,1.71854,1144,-1,ok,0,0,0,0,1143,1,1,12.4815,995,26026,49695,1,3.02769,923,6886,144610,5.42878,14385,923
6,234,1287529,1866275,1267,21,573,0.195715,1.30512,1522,-1,ok,0,0,0,0,1521,1,1,8.09939,1289,31447,65227,1,3.20344,1267,14035,185343,4.10348,19969,1267
6,235,1687683,418136,1252,20,662,0.209391,1.79362,1693,-1,ok,0,0,0,0,1692,1,1,3.96252,1252,11912,62914,1,4.90286,1252,17427,178645,20.1033,65454,1252
6,236,2722809,932643,2100,33,765,0.206244,2.52821,2791,-1,ok,0,0,0,0,2790,1,1,7.69922,2100,24106,93559,1,6.52996,2100,28600,269279,8.79828,31293,2100
6,237,2665523,3047256,1417,22,443,0.163554,2.23747,1724,-1,ok,0,0,0,0,1723,1,1,7.83234,1417,33398,67887,1,18.2969,1417,86448,166884,145.914,291273,1417
6,238,1923409,2905912,843,14,370,0.151332,1.91459,1384,-1,ok,0,0,0,0,1383,1,1,9.58946,923,38801,42752,1,3.08038,843,12652,139408,3.29934,12908,843
6,239,875283,1311303,664,12,196,0.08079,1.075,975,-1,ok,0,0,0,0,974,1,1,7.75295,680,27959,40975,1,8.31875,664,37100,118979,8.41503,37825,664
6,240,2918198,639738,1606,26,533,0.206947,2.7756,2061,-1,ok,0,0,0,0,2060,1,1,13.481,1626,36584,72301,1,3.00612,1606,8388,217040,2.87264,3865,1606
6,241,1337751,1159597,145,3,10,0.012463,0.319437,216,-1,ok,0,0,0,0,215,1,1,0.158195,145,145,10675,1,0.034734,145,145,36419,0.107961,145,145
6,242,1804529,3222731,986,16,571,0.193692,2.06266,1467,-1,ok,0,0,0,0,1466,1,1,2.10581,986,4504,58077,1,1.93266,986,7036,158086,16.9472,52110,986
6,243,2545706,1651771,1162,20,445,0.140753,1.30799,1555,-1,ok,0,0,0,0,1554,1,1,3.0091,1162,8217,66910,1,0.863001,1162,2305,170445,1.76518,5020,1162
6,244,807710,2239366,1940,31,745,0.206265,2.33725,2523,-1,ok,0,0,0,0,2522,1,1,16.7267,1980,62446,91829,1,4.02377,1960,14174,246839,29.9275,116749,1940
6,245,3201629,632825,1631,26,586,0.204752,2.96141,1950,-1,ok,0,0,0,0,1949,1,1,9.60207,1631,25116,79262,1,9.46269,1631,32412,231186,12.2401,38880,1631
6,246,2019093,3174345,1036,17,463,0.168045,1.82367,1459,-1,ok,0,0,0,0,1458,1,1,2.53699,1036,8587,53864,1,2.17566,1036,9263,138988,2.47068,9263,1036
6,247,2955346,1703765,1276,21,325,0.114274,1.80325,1649,-1,ok,0,0,0,0,1648,1,1,1.93602,1276,4406,70179,1,1.54736,1276,4455,179763,4.70447,12131,1276
6,248,541380,1361733,957,15,232,0.083272,1.43709,1436,-1,ok,0,0,0,0,1435,1,1,1.62134,957,3578,46962,1,0.897389,957,3614,131545,5.27639,21833,957
6,249,3113781,786831,2642,43,781,0.226177,2.83483,3183,-1,ok,0,0,0,0,3182,1,1,6.72857,2642,18423,119456,1,3.62559,2642,12716,331277,28.1737,107553,2642
6,250,726020,696308,1081,17,354,0.126506,0.897519,1288,-1,ok,0,0,0,0,1287,1,1,5.97474,1081,24649,58782,1,10.7368,1081,46680,161980,13.2064,50498,1081
6,251,553589,2992564,1414,22,543,0.275103,2.72816,1617,-1,ok,0,0,0,0,1616,1,1,15.6335,1418,37604,82648,1,16.2972,1414,42836,244793,19.2066,42836,1414
6,252,1843611,2188440,1312,21,487,0.200785,1.8171,2015,-1,ok,0,0,0,0,2014,1,1,3.34267,1434,11124,59644,1,4.59492,1312,20414,178707,9.54545,39358,1312
6,253,334027,2354825,1725,29,613,0.209682,2.86675,2354,-1,ok,0,0,0,0,2353,1,1,18.0123,1827,56877,79780,1,3.31958,1725,11644,219244,3.89478,8592,1725
6,254,2138232,528223,1703,28,620,0.217245,2.59133,2272,-1,ok,0,0,0,0,2271,1,1,16.7489,1737,59202,80344,1,37.7417,1737,143679,219333,14.439,55690,1703
6,255,2920261,1514740,1066,17,350,0.162755,2.17807,1515,-1,ok,0,0,0,0,1514,1,1,13.2329,1066,36384,52742,1,26.019,1066,87708,160212,42.8518,142742,1066
6,256,1963166,1687516,403,8,119,0.072214,0.910817,612,-1,ok,0,0,0,0,611,1,1,0.823257,403,3446,30528,1,0.14962,403,469,87115,0.360794,870,403
6,257,610635,2538272,1234,20,413,0.136824,2.40044,1609,-1,ok,0,0,0,0,1608,1,1,9.32659,1238,24612,64284,1,11.3969,1238,50344,199796,4.37928,10127,1234
6,258,2978886,649484,1616,26,311,0.154819,2.91105,1953,-1,ok,0,0,0,0,1952,1,1,20.4879,1622,53658,82596,1,55.7064,1616,132078,196962,79.7912,185927,1616
6,259,769160,1514768,962,17,284,0.143978,1.64297,1187,-1,ok,0,0,0,0,1186,1,1,11.7435,996,40986,54433,1,4.28835,962,18828,152095,9.21606,34250,962
6,260,3115044,1697807,1444,24,488,0.183102,2.53225,2107,-1,ok,0,0,0,0,2106,1,1,10.1714,1500,30298,71318,1,1.34168,1444,3014,205275,1.74849,2358,1444
6,261,1835879,2014773,1360,25,469,0.167192,1.90831,2215,-1,ok,0,0,0,0,2214,1,1,11.6749,1512,55290,67496,1,32.2512,1512,147687,191054,18.9491,82259,1360
6,262,1550309,1217369,267,5,44,0.033962,0.91563,604,-1,ok,0,0,0,0,603,1,1,1.33993,285,2970,16241,1,1.0493,267,4171,57613,1.67015,4790,267
6,263,1455274,2689959,801,14,418,0.143429,1.71779,1232,-1,ok,0,0,0,0,1231,1,1,1.37861,809,2006,44359,1,0.783773,801,1073,139801,1.00152,831,801
6,264,1863586,2791354,1283,21,623,0.203571,1.57584,1700,-1,ok,0,0,0,0,1699,1,1,1.74737,1283,5473,61310,1,3.29105,1283,13388,171235,29.7423,109590,1283
6,265,1878699,2430675,931,16,422,0.152084,0.959782,1362,-1,ok,0,0,0,0,1361,1,1,1.6989,931,5692,54870,1,2.27735,931,9662,140355,2.77222,11881,931
6,266,1109092,2589721,1865,30,659,0.183864,1.80467,2516,-1,ok,0,0,0,0,2515,1,1,18.4026,1871,61554,85205,1,47.8776,1865,160248,220216,209.688,563016,1865
6,267,2786859,1809984,1068,18,335,0.15489,1.65408,1273,-1,ok,0,0,0,0,1272,1,1,9.23105,1096,30270,53099,1,0.596324,1068,1068,160201,6.52779,13936,1068
6,268,2948186,2866807,424,8,52,0.025667,0.626449,647,-1,ok,0,0,0,0,646,1,1,0.175087,424,424,32768,1,0.124031,424,424,96151,0.183312,424,424
6,269,837275,3217710,2157,34,705,0.245066,2.91896,2594,-1,ok,0,0,0,0,2593,1,1,3.72589,2157,7613,102425,1,2.24145,2157,4012,285712,2.7553,4785,2157
6,270,1633134,3007164,1393,23,639,0.216565,1.10391,1816,-1,ok,0,0,0,0,1815,1,1,1.14065,1393,4113,63959,1,1.10117,1393,1604,184113,0.732036,2433,1393
6,271,3177553,363823,1951,30,637,0.226614,2.7953,2186,-1,ok,0,0,0,0,2185,1,1,19.0688,1951,50429,99450,1,39.7512,1951,100681,257293,70.7758,213424,1951
6,272,1545611,2173818,374,7,82,0.058457,1.27278,533,-1,ok,0,0,0,0,532,1,1,0.720316,374,672,23897,1,0.300381,374,672,67201,0.48649,672,374
6,273,2234670,1030403,742,13,338,0.16039,2.08765,1185,-1,ok,0,0,0,0,1184,1,1,6.01453,742,16238,45227,1,6.53129,742,21480,141014,6.02855,21480,742
6,274,1061263,517752,391,8,114,0.04952,0.87293,550,-1,ok,0,0,0,0,549,1,1,1.15423,391,1287,24511,1,0.319898,391,391,73875,0.436306,391,391
6,275,2611184,1093057,1834,29,674,0.189403,2.70016,2525,-1,ok,0,0,0,0,2524,1,1,5.37987,1876,14485,78710,1,5.63452,1876,20300,229719,5.99057,23458,1834
6,276,1860944,3238002,887,14,281,0.111198,1.91732,1088,-1,ok,0,0,0,0,1087,1,1,2.58057,887,5205,41896,1,1.67682,887,7220,92102,2.51046,7360,887
6,277,2169703,1399028,791,13,268,0.118722,1.31296,1240,-1,ok,0,0,0,0,1239,1,1,2.76949,791,10582,37850,1,7.02923,791,29303,110298,7.49833,33161,791
6,278,1948620,2128617,131,3,11,0.009939,0.519911,358,-1,ok,0,0,0,0,357,1,1,0.613426,131,1608,9763,1,0.54061,131,2436,40346,0.905359,2436,131
6,279,2566018,882646,1597,25,696,0.200995,2.48496,1806,-1,ok,0,0,0,0,1805,1,1,21.6768,1597,67781,78166,1,58.2189,1597,193266,223601,248.367,617665,1597
6,280,929280,999352,167,3,12,0.020829,0.280503,240,-1,ok,0,0,0,0,239,1,1,0.13897,167,167,12117,1,0.035084,167,167,36708,0.071143,167,167
6,281,924154,2537686,1628,27,716,0.224419,2.65172,2049,-1,ok,0,0,0,0,2048,1,1,4.60632,1670,12557,81466,1,5.03763,1628,15903,230246,3.74124,10751,1628
6,282,2000652,1137046,874,15,423,0.148397,1.29093,1007,-1,ok,0,0,0,0,1006,1,1,4.39255,878,11923,47963,1,0.643923,874,1410,124364,0.407251,889,874
6,283,2582565,607763,1299,21,533,0.197068,2.35623,1862,-1,ok,0,0,0,0,1861,1,1,12.1028,1401,40374,61458,1,2.051,1299,3544,183457,1.21999,1299,1299
6,284,3245185,785165,2684,44,768,0.258192,4.04202,3473,-1,ok,0,0,0,0,3472,1,1,25.1272,2778,76742,133330,1,32.8654,2756,108325,340894,70.3554,258035,2684
6,285,1231498,2364091,1022,17,302,0.140181,2.16455,1529,-1,ok,0,0,0,0,1528,1,1,3.59388,1046,8811,48783,1,5.86106,1022,18051,128567,2.42971,5477,1022
6,286,1066192,1226502,199,3,11,0.020849,0.326269,264,-1,ok,0,0,0,0,263,1,1,0.132316,199,199,12288,1,0.083748,199,199,29099,0.083887,199,199
6,287,1869193,2052669,328,6,55,0.023675,0.80899,737,-1,ok,0,0,0,0,736,1,1,2.1397,328,9121,14966,1,3.4092,328,15848,41875,4.96825,21267,328
6,288,2994814,3098447,829,14,210,0.085109,1.26922,1240,-1,ok,0,0,0,0,1239,1,1,0.352769,829,1135,53170,1,3.59246,829,17762,154479,4.22541,17762,829
6,289,1797269,848583,613,10,187,0.073958,1.31488,942,-1,ok,0,0,0,0,941,1,1,3.75206,619,12564,36842,1,0.579913,613,1897,106994,0.814283,1897,613
6,290,1214793,1750358,1135,19,406,0.13963,1.3335,1504,-1,ok,0,0,0,0,1503,1,1,6.39006,1199,27636,63287,1,11.4271,1135,45854,169915,16.5393,68787,1135
6,291,2831898,2102650,653,11,160,0.081702,1.38578,968,-1,ok,0,0,0,0,967,1,1,7.58326,745,28706,36638,1,0.589069,653,878,97083,0.74251,653,653
6,292,2244867,2707981,771,13,200,0.088735,0.885834,892,-1,ok,0,0,0,0,891,1,1,0.397091,771,791,40196,1,1.65478,771,4803,109663,3.49379,10128,771
6,293,1073058,1365640,1214,18,360,0.127979,1.00332,1311,-1,ok,0,0,0,0,1310,1,1,12.0851,1228,49404,62395,1,24.2593,1214,103107,181347,31.9869,125923,1214
6,294,2216425,1540683,1508,24,668,0.246059,2.46409,2375,-1,ok,0,0,0,0,2374,1,1,2.7767,1508,8759,73812,1,12.3874,1508,49657,203173,94.9961,291143,1508
6,295,2060741,2215164,463,9,90,0.036158,0.910349,892,-1,ok,0,0,0,0,891,1,1,0.186218,463,554,30171,1,0.162473,463,580,82892,0.158777,463,463
6,296,1441555,704228,1628,27,710,0.212326,1.84417,1945,-1,ok,0,0,0,0,1944,1,1,15.3662,1628,59773,86142,1,35.2178,1628,144540,235208,53.7137,206765,1628
6,297,2513611,686770,1174,20,576,0.242293,2.5984,1529,-1,ok,0,0,0,0,1528,1,1,9.25019,1230,26337,71366,1,8.23777,1174,21071,208555,7.35032,16039,1174
6,298,1306030,2886412,938,16,520,0.194713,1.80686,1165,-1,ok,0,0,0,0,1164,1,1,10.7722,966,27811,55220,1,11.04,938,32381,170716,12.6187,32381,938
6,299,404356,1929489,1380,22,397,0.156101,2.54638,1775,-1,ok,0,0,0,0,1774,1,1,6.00892,1380,17157,64814,1,2.87181,1380,9025,176499,6.20937,18896,1380
