level,pair,start,goal,true_dist,coarse_len,coarse_expanded,coarse_ms,lift_ms,lifted_cells,fail_level,fail_reason,endpoints_wrong,used_fallback,fallback_ok,fallback_ms,final_len,valid,c0_ok,c0_ms,c0_len,c0_expanded,c0_cells,c1_ok,c1_ms,c1_len,c1_expanded,c1_cells,fine_ms,fine_expanded,fine_len
1,0,515417,637366,1801,903,18418,8.43214,1.49042,1826,-1,ok,0,0,0,0,1825,1,1,1.68006,1803,2995,3134,1,1.83872,1801,7358,8028,12.0601,55476,1801
1,1,221578,683609,709,356,10528,3.66373,0.25743,714,-1,ok,0,0,0,0,713,1,1,0.324376,709,922,1245,1,0.654181,709,1738,3311,3.29067,17883,709
1,2,566063,455879,224,113,4460,1.62549,0.101419,225,-1,ok,0,0,0,0,224,1,1,0.105367,224,224,427,1,0.097622,224,224,1217,0.540569,2755,224
1,3,364509,251282,377,190,5471,2.07988,0.188612,382,-1,ok,0,0,0,0,381,1,1,0.17153,377,595,634,1,0.309237,377,1412,1600,1.39258,7916,377
1,4,713214,541596,268,136,4707,1.94536,0.142536,277,-1,ok,0,0,0,0,276,1,1,0.18729,268,268,471,1,0.134,268,275,1210,0.139021,281,268
1,5,708892,372109,865,434,14485,4.76495,0.340165,878,-1,ok,0,0,0,0,877,1,1,0.541882,865,1461,1486,1,0.899639,865,3600,3703,7.55247,33055,865
1,6,549730,910635,485,243,7248,2.57156,0.310388,488,-1,ok,0,0,0,0,487,1,1,0.376264,485,660,763,1,0.386903,485,1357,1814,2.65948,11505,485
1,7,428575,333335,686,345,8891,2.96547,0.317351,695,-1,ok,0,0,0,0,694,1,1,0.388946,686,1121,1146,1,0.572949,686,2636,2765,3.42941,19844,686
1,8,103741,529812,1209,608,16317,5.00909,0.618056,1232,-1,ok,0,0,0,0,1231,1,1,0.778635,1209,1929,2079,1,1.05562,1209,4528,5197,7.59585,40816,1209
1,9,504438,99296,1284,644,14436,4.75211,0.45919,1299,-1,ok,0,0,0,0,1298,1,1,0.623416,1284,2097,2215,1,1.16621,1284,4996,5486,7.87263,40831,1284
1,10,503002,473385,659,331,9681,2.8336,0.182082,668,-1,ok,0,0,0,0,667,1,1,0.243236,659,910,1165,1,0.443178,659,1856,2953,3.43878,18056,659
1,11,594375,693937,1954,981,19665,6.41946,0.967807,1985,-1,ok,0,0,0,0,1984,1,1,1.28066,1956,3397,3421,1,1.93694,1954,8616,8727,13.6386,67204,1954
1,12,184179,575147,1336,669,21973,8.16234,0.906783,1351,-1,ok,0,0,0,0,1350,1,1,1.11648,1336,2350,2370,1,1.50448,1336,5878,6008,9.93184,51137,1336
1,13,84373,731343,822,412,11162,3.96653,0.682524,831,-1,ok,0,0,0,0,830,1,1,0.636037,822,1061,1420,1,0.636539,822,1944,3679,4.37146,22213,822
1,14,533139,449475,806,405,10598,3.49836,0.278991,815,-1,ok,0,0,0,0,814,1,1,0.360613,806,1347,1372,1,0.708021,806,3213,3295,4.58941,24850,806
1,15,800775,353868,725,363,5951,2.11556,0.520452,732,-1,ok,0,0,0,0,731,1,1,0.499071,725,914,1086,1,0.459889,725,1484,2638,1.02448,3662,725
1,16,580536,834346,1638,820,16995,5.53138,0.741835,1657,-1,ok,0,0,0,0,1656,1,1,1.0899,1638,2811,2859,1,1.68458,1638,7063,7237,11.1035,56131,1638
1,17,705977,179642,451,227,5924,1.98249,0.160299,454,-1,ok,0,0,0,0,453,1,1,0.244226,451,749,845,1,0.551971,451,1882,2312,2.46384,12349,451
1,18,591189,502974,573,288,8110,2.52435,0.226011,582,-1,ok,0,0,0,0,581,1,1,0.236572,573,852,1020,1,0.390649,573,1808,2567,2.90912,17174,573
1,19,696806,606078,410,207,6391,1.94188,0.089748,417,-1,ok,0,0,0,0,416,1,1,0.140774,410,560,727,1,0.239547,410,1098,1789,1.89543,10136,410
1,20,649644,351270,898,452,11370,4.27841,0.420505,915,-1,ok,0,0,0,0,914,1,1,0.561518,900,1350,1613,1,0.770709,898,2923,4184,5.9638,27816,898
1,21,364679,647787,786,395,11483,3.71912,0.379278,801,-1,ok,0,0,0,0,800,1,1,0.494845,786,1172,1331,1,0.646336,786,2580,3317,4.97727,24119,786
1,22,236480,558798,1348,676,22197,7.13727,0.606101,1365,-1,ok,0,0,0,0,1364,1,1,0.714143,1350,2375,2398,1,1.3544,1350,5988,6086,10.214,51938,1348
1,23,429002,590281,593,299,6933,2.11989,0.301853,600,-1,ok,0,0,0,0,599,1,1,0.36966,593,974,1089,1,0.504812,593,2136,2634,2.71093,14142,593
1,24,732327,437963,2826,1417,24127,7.83434,1.11508,2863,-1,ok,0,0,0,0,2862,1,1,1.8561,2826,4637,4859,1,2.66643,2826,11368,12242,15.2781,75758,2826
1,25,695045,573533,2638,1323,21023,6.70637,0.892055,2673,-1,ok,0,0,0,0,2672,1,1,1.05494,2638,4284,4483,1,2.26703,2638,10374,11234,14.2771,70636,2638
1,26,653917,554134,819,412,11286,3.71816,0.297475,836,-1,ok,0,0,0,0,835,1,1,0.334655,819,1259,1489,1,0.590733,819,2742,3753,4.11566,22528,819
1,27,591152,758487,1441,722,18906,6.22875,0.555718,1458,-1,ok,0,0,0,0,1457,1,1,0.887967,1441,2335,2544,1,1.50173,1441,5711,6536,11.4714,54336,1441
1,28,530231,797885,2838,1422,26095,9.47071,1.58852,2871,-1,ok,0,0,0,0,2870,1,1,2.35371,2840,4814,4893,1,2.925,2838,11952,12281,17.1136,87207,2838
1,29,461730,614781,2269,1138,21113,8.00183,1.23304,2298,-1,ok,0,0,0,0,2297,1,1,1.36834,2271,3853,3960,1,2.24057,2269,9589,10095,14.34,73263,2269
1,30,444980,608103,2053,1029,24826,8.41082,0.929806,2076,-1,ok,0,0,0,0,2075,1,1,1.01884,2055,3540,3589,1,1.98637,2055,8739,8911,15.8237,77390,2053
1,31,625582,540051,1625,815,24408,8.23848,1.1156,1646,-1,ok,0,0,0,0,1645,1,1,1.22939,1625,2549,2830,1,1.50186,1625,5789,7108,11.3318,58442,1625
1,32,525321,196202,1187,596,13250,4.84079,0.671173,1204,-1,ok,0,0,0,0,1203,1,1,0.643241,1187,1995,2076,1,1.3768,1187,4917,5249,7.96735,39681,1187
1,33,478182,565842,1838,921,17540,6.55837,1.06849,1855,-1,ok,0,0,0,0,1854,1,1,1.60807,1840,2967,3218,1,2.02992,1838,7069,8220,10.5424,54134,1838
1,34,537719,542421,274,139,4747,1.67725,0.104877,279,-1,ok,0,0,0,0,278,1,1,0.102581,274,475,527,1,0.233276,274,1155,1358,0.920018,5199,274
1,35,606091,561377,46,24,668,0.261078,0.032289,49,-1,ok,0,0,0,0,48,1,1,0.046707,46,46,86,1,0.021319,46,47,244,0.019235,46,46
1,36,540484,237922,578,290,7823,2.74218,0.308055,583,-1,ok,0,0,0,0,582,1,1,0.260986,578,868,971,1,0.437296,578,1915,2420,2.87953,14971,578
1,37,916340,481104,632,317,8872,2.83853,0.302514,641,-1,ok,0,0,0,0,640,1,1,0.334596,632,904,1150,1,0.485957,632,1855,2939,2.98393,14872,632
1,38,547698,473617,2323,1165,22778,7.41984,0.881816,2354,-1,ok,0,0,0,0,2353,1,1,1.46627,2323,3843,4125,1,2.18943,2323,9269,10480,14.1243,70722,2323
1,39,503531,560189,206,104,2956,0.951156,0.097401,209,-1,ok,0,0,0,0,208,1,1,0.094316,206,271,371,1,0.153628,206,514,880,0.883458,3507,206
1,40,528285,633179,2234,1120,20362,6.34598,0.783533,2267,-1,ok,0,0,0,0,2266,1,1,1.13959,2234,3781,3936,1,2.10732,2234,9256,9924,13.7436,70518,2234
1,41,528291,124629,1240,623,13915,4.59742,0.559274,1259,-1,ok,0,0,0,0,1258,1,1,0.598724,1240,2038,2136,1,1.13785,1240,4856,5267,7.94058,40626,1240
1,42,218360,732318,1260,632,19097,6.51748,0.634835,1279,-1,ok,0,0,0,0,1278,1,1,0.704936,1260,2101,2145,1,1.20531,1260,5197,5387,6.79186,36829,1260
1,43,673429,646337,1726,865,18290,6.36029,0.825651,1743,-1,ok,0,0,0,0,1742,1,1,1.23847,1728,2725,3024,1,1.51325,1726,6363,7794,10.7236,53246,1726
1,44,677903,545932,2495,1252,24691,8.84877,1.57946,2528,-1,ok,0,0,0,0,2527,1,1,1.7166,2497,4279,4343,1,2.61483,2495,10727,11045,15.9357,79377,2495
1,45,599861,473157,116,60,2876,1.01376,0.079348,121,-1,ok,0,0,0,0,120,1,1,0.115066,116,116,238,1,0.055934,116,116,705,0.060923,116,116
1,46,771679,448047,942,472,14241,5.29652,0.549266,947,-1,ok,0,0,0,0,946,1,1,0.498782,942,1472,1642,1,0.874593,942,3447,4227,5.0192,26277,942
1,47,613652,373259,1541,772,23802,8.28153,0.705086,1554,-1,ok,0,0,0,0,1553,1,1,1.26686,1541,2651,2702,1,1.55965,1541,6554,6824,12.0515,61879,1541
1,48,559115,582478,645,323,3505,1.01823,0.253542,648,-1,ok,0,0,0,0,647,1,1,0.299129,647,1035,1122,1,0.509561,647,2426,2852,1.58301,8597,645
1,49,138045,605112,1531,767,23899,8.25345,0.721137,1550,-1,ok,0,0,0,0,1549,1,1,1.10364,1533,2701,2741,1,1.58292,1533,6809,6936,11.9041,57282,1531
1,50,715274,544491,2277,1142,24475,7.5308,0.880072,2310,-1,ok,0,0,0,0,2309,1,1,1.27206,2279,3963,3980,1,2.32994,2277,9999,10105,15.7717,79200,2277
1,51,118518,621231,1297,651,19959,6.048,0.596984,1316,-1,ok,0,0,0,0,1315,1,1,0.591553,1297,2147,2328,1,1.18541,1297,5142,5928,9.42433,47326,1297
1,52,560125,876072,607,306,8769,2.7428,0.210353,622,-1,ok,0,0,0,0,621,1,1,0.236493,609,1000,1040,1,0.532655,607,2451,2625,3.47477,17204,607
1,53,457330,549752,200,102,2847,0.84119,0.087986,203,-1,ok,0,0,0,0,202,1,1,0.10739,200,282,381,1,0.145302,200,589,941,0.68491,3599,200
1,54,185650,870115,627,314,10177,2.93719,0.212637,632,-1,ok,0,0,0,0,631,1,1,0.31104,627,1070,1136,1,0.737948,627,2710,2996,2.72409,11572,627
1,55,519871,693835,2142,1074,20319,6.00769,0.874714,2169,-1,ok,0,0,0,0,2168,1,1,1.10236,2144,3684,3723,1,2.04566,2142,9292,9455,13.7305,73105,2142
1,56,140914,484062,1346,675,21842,7.13536,0.515562,1361,-1,ok,0,0,0,0,1360,1,1,0.582608,1346,2173,2441,1,1.17006,1346,5074,6272,8.84906,47059,1346
1,57,630216,170691,1277,640,14902,4.93511,0.431526,1290,-1,ok,0,0,0,0,1289,1,1,0.764928,1279,2212,2243,1,1.34063,1277,5499,5656,8.09919,42674,1277
1,58,686374,577768,450,226,7531,2.65373,0.197869,457,-1,ok,0,0,0,0,456,1,1,0.269633,450,593,792,1,0.289239,450,1118,1957,2.58923,11733,450
1,59,625714,607337,2167,1087,21069,6.74458,0.847031,2196,-1,ok,0,0,0,0,2195,1,1,1.33899,2169,3676,3779,1,2.07887,2167,9118,9558,13.8248,73254,2167
1,60,160386,877813,1001,502,13352,4.27863,0.501978,1012,-1,ok,0,0,0,0,1011,1,1,0.537052,1001,1698,1834,1,1.07053,1001,4234,4827,4.7874,24866,1001
1,61,557207,713255,2128,1066,20120,6.43327,0.683366,2153,-1,ok,0,0,0,0,2152,1,1,1.01084,2130,3606,3660,1,2.36839,2128,8991,9216,13.5116,71776,2128
1,62,689095,577712,931,468,8218,2.97157,0.512847,950,-1,ok,0,0,0,0,949,1,1,0.490516,931,1430,1458,1,0.746043,931,3405,3557,5.8005,27410,931
1,63,118518,543922,1546,777,24448,8.36166,0.919858,1569,-1,ok,0,0,0,0,1568,1,1,1.17383,1552,2647,2740,1,1.55843,1552,6518,6912,10.9052,54964,1546
1,64,743230,714700,454,228,5247,1.64758,0.17638,459,-1,ok,0,0,0,0,458,1,1,0.186276,454,678,777,1,0.322892,454,1470,1923,1.2229,7262,454
1,65,451281,500222,1729,866,16446,5.1263,0.951686,1746,-1,ok,0,0,0,0,1745,1,1,0.906352,1731,2819,3014,1,1.54064,1729,6795,7711,10.0384,53341,1729
1,66,87326,638815,783,393,10820,3.23123,0.268913,798,-1,ok,0,0,0,0,797,1,1,0.439128,783,1161,1342,1,0.679118,783,2555,3400,4.28234,21613,783
1,67,873089,178288,543,272,6453,2.00508,0.367196,550,-1,ok,0,0,0,0,549,1,1,0.342469,543,906,1034,1,0.822496,543,2276,2884,1.87004,8868,543
1,68,540231,698411,324,163,5688,1.97842,0.147755,327,-1,ok,0,0,0,0,326,1,1,0.225982,324,513,573,1,0.292505,324,1253,1453,2.29714,11259,324
1,69,608054,502046,428,215,6033,2.15036,0.174174,431,-1,ok,0,0,0,0,430,1,1,0.216084,428,681,744,1,0.341378,428,1533,1833,1.92225,9740,428
1,70,551981,134941,1142,573,11716,3.56685,0.393195,1161,-1,ok,0,0,0,0,1160,1,1,0.541681,1142,1737,1852,1,1.13631,1142,4092,4644,7.67864,37155,1142
1,71,463217,908917,606,304,7960,2.5343,0.265545,615,-1,ok,0,0,0,0,614,1,1,0.33233,608,839,1040,1,0.441393,606,1531,2673,2.99699,15134,606
1,72,633916,540912,2768,1389,24297,7.48044,0.918574,2807,-1,ok,0,0,0,0,2806,1,1,1.54885,2774,4661,4722,1,2.67261,2774,11583,11815,15.4707,78468,2768
1,73,797852,552425,1119,561,9056,2.8785,0.379257,1134,-1,ok,0,0,0,0,1133,1,1,0.44448,1119,1554,1772,1,0.757613,1119,3304,4238,5.28504,25862,1119
1,74,746160,847884,1478,741,18508,6.20386,0.791357,1495,-1,ok,0,0,0,0,1494,1,1,1.01759,1478,2506,2619,1,1.73238,1478,6220,6673,11.3032,53994,1478
1,75,759766,548195,703,354,9867,3.11919,0.239107,718,-1,ok,0,0,0,0,717,1,1,0.324666,703,1069,1276,1,0.529308,703,2287,3187,3.28765,16496,703
1,76,413741,394099,778,391,13521,4.22153,0.402302,793,-1,ok,0,0,0,0,792,1,1,0.504763,778,1289,1392,1,0.690669,778,2853,3618,3.70381,20512,778
1,77,913394,471896,1104,554,15997,5.00501,0.490595,1113,-1,ok,0,0,0,0,1112,1,1,0.672245,1104,1759,1940,1,1.17086,1104,4102,4933,8.80823,44041,1104
1,78,652297,501706,101,51,2109,0.693516,0.061124,102,-1,ok,0,0,0,0,101,1,1,0.108452,101,101,204,1,0.055113,101,101,620,0.044122,101,101
1,79,528306,440834,2348,1177,22821,7.55187,1.03119,2377,-1,ok,0,0,0,0,2376,1,1,1.74237,2348,3909,4190,1,2.26593,2348,9486,10715,14.0644,70725,2348
1,80,579216,344905,687,344,11806,4.0973,0.376173,696,-1,ok,0,0,0,0,695,1,1,0.612624,687,1090,1234,1,0.60497,687,2252,3234,3.49698,18817,687
1,81,291425,565940,613,308,9533,3.0513,0.505744,620,-1,ok,0,0,0,0,619,1,1,0.319146,613,947,1017,1,0.699875,613,2137,2522,4.2718,22156,613
1,82,560203,166249,1334,668,14244,4.72886,0.572319,1347,-1,ok,0,0,0,0,1346,1,1,0.713853,1336,2141,2318,1,1.25816,1334,5094,5896,8.19913,39639,1334
1,83,725367,601383,506,254,6205,1.91005,0.172353,511,-1,ok,0,0,0,0,510,1,1,0.239928,506,765,855,1,0.374378,506,1680,2081,2.61104,13653,506
1,84,690950,626446,632,317,10579,3.42813,0.197328,639,-1,ok,0,0,0,0,638,1,1,0.324115,632,996,1111,1,0.483913,632,2322,2872,2.0555,11509,632
1,85,885107,623720,1723,863,21095,6.68111,0.751713,1744,-1,ok,0,0,0,0,1743,1,1,1.16038,1723,2924,3016,1,1.67239,1723,7231,7646,13.5092,69467,1723
1,86,452862,582210,1864,935,17550,5.61976,0.665351,1887,-1,ok,0,0,0,0,1886,1,1,0.952038,1866,3160,3271,1,1.73421,1864,7842,8410,10.4704,55382,1864
1,87,643668,475109,189,95,3307,1.04164,0.094656,192,-1,ok,0,0,0,0,191,1,1,0.067997,189,189,372,1,0.15514,189,216,1022,0.064863,189,189
1,88,72436,674500,1030,517,12924,4.10619,0.407721,1047,-1,ok,0,0,0,0,1046,1,1,0.760711,1030,1714,1753,1,1.05197,1030,4208,4378,7.35082,37614,1030
1,89,868641,853704,37,19,443,0.131466,0.022934,38,-1,ok,0,0,0,0,37,1,1,0.026148,37,37,71,1,0.015871,37,37,209,0.029595,37,37
1,90,644709,548157,2038,1022,21943,7.28061,0.872278,2067,-1,ok,0,0,0,0,2066,1,1,1.08638,2038,3398,3636,1,1.9004,2038,8217,9259,14.1876,70826,2038
1,91,582005,373594,1217,610,14713,4.95157,0.444008,1230,-1,ok,0,0,0,0,1229,1,1,0.623042,1217,2044,2069,1,1.2103,1217,5008,5104,9.06333,45309,1217
1,92,677416,621320,2042,1023,20088,6.46799,0.730915,2067,-1,ok,0,0,0,0,2066,1,1,1.24477,2042,3493,3600,1,2.15781,2042,8646,9131,13.7783,70315,2042
1,93,705859,580720,219,111,2170,0.65435,0.076874,228,-1,ok,0,0,0,0,227,1,1,0.110857,219,238,399,1,0.103513,219,331,1008,0.268211,1257,219
1,94,431412,580719,607,305,7620,2.60861,0.245348,616,-1,ok,0,0,0,0,615,1,1,0.36446,607,893,1063,1,0.530321,607,1982,2678,3.40552,17721,607
1,95,437348,552419,661,332,8904,2.79852,0.215643,670,-1,ok,0,0,0,0,669,1,1,0.349153,661,989,1203,1,0.555127,661,2219,3139,3.19985,18299,661
1,96,758271,503460,743,374,10769,4.15606,0.349953,758,-1,ok,0,0,0,0,757,1,1,0.47638,743,1112,1356,1,0.570012,743,2339,3420,3.76175,18490,743
1,97,868701,479347,1176,589,16254,5.84348,0.797499,1187,-1,ok,0,0,0,0,1186,1,1,1.43727,1176,1885,2067,1,1.23163,1176,4434,5281,9.64775,45874,1176
1,98,562097,501182,3169,1586,25270,9.25205,1.40845,3198,-1,ok,0,0,0,0,3197,1,1,1.99388,3173,5119,5459,1,2.92578,3171,12187,13866,14.9677,74431,3169
1,99,278199,257290,49,25,520,0.182721,0.023433,50,-1,ok,0,0,0,0,49,1,1,0.025157,49,49,97,1,0.019465,49,49,286,0.013886,49,49
1,100,570049,534288,47,25,977,0.336649,0.051286,50,-1,ok,0,0,0,0,49,1,1,0.053841,47,47,100,1,0.02143,47,47,304,0.020378,47,47
1,101,541954,728137,425,214,5648,2.2273,0.192228,434,-1,ok,0,0,0,0,433,1,1,0.164498,425,661,738,1,0.351447,425,1466,1777,1.99178,10772,425
1,102,215378,85837,389,195,6313,1.90165,0.197048,396,-1,ok,0,0,0,0,395,1,1,0.210393,389,610,657,1,0.277337,389,1356,1609,0.952678,5539,389
1,103,589928,544726,2226,1116,21453,7.38832,0.962357,2255,-1,ok,0,0,0,0,2254,1,1,1.52184,2228,3781,3868,1,2.13817,2226,9421,9825,14.4379,73866,2226
1,104,541522,549453,805,404,9266,3.35197,0.406599,816,-1,ok,0,0,0,0,815,1,1,0.340526,805,1052,1267,1,0.527786,805,2194,3143,4.80095,23643,805
1,105,502684,483770,978,490,10217,3.20934,0.28913,991,-1,ok,0,0,0,0,990,1,1,0.378107,978,1548,1574,1,0.7445,978,3733,3844,5.43463,30698,978
1,106,185739,464682,1225,615,19850,6.45477,0.7552,1244,-1,ok,0,0,0,0,1243,1,1,1.03785,1225,1991,2273,1,1.14273,1225,4715,5955,9.28196,44382,1225
1,107,564997,595611,2276,1139,18165,5.57333,0.956637,2299,-1,ok,0,0,0,0,2298,1,1,1.26778,2280,3863,3895,1,2.19343,2278,9656,9770,11.8538,58396,2276
1,108,589155,636201,2476,1241,20204,6.71166,1.15321,2509,-1,ok,0,0,0,0,2508,1,1,1.60003,2476,4117,4233,1,2.35466,2476,10166,10653,14.7216,70451,2476
1,109,531285,901687,2128,1066,19743,6.83568,1.05659,2149,-1,ok,0,0,0,0,2148,1,1,1.22711,2128,3600,3754,1,2.6783,2128,8915,9585,13.9011,68196,2128
1,110,732706,576220,224,112,2326,0.826101,0.078446,231,-1,ok,0,0,0,0,230,1,1,0.122198,224,372,398,1,0.330096,224,854,1004,0.642419,3123,224
1,111,109733,638731,1000,503,12730,4.74936,0.486988,1017,-1,ok,0,0,0,0,1016,1,1,0.49878,1000,1614,1709,1,0.911932,1000,3808,4263,6.61374,35200,1000
1,112,662568,191645,835,419,12118,9.41331,0.991682,848,-1,ok,0,0,0,0,847,1,1,1.4688,835,1388,1442,1,1.40335,835,3355,3635,8.27523,33636,835
1,113,374965,759941,1238,621,18700,8.37644,0.864535,1251,-1,ok,0,0,0,0,1250,1,1,1.6877,1238,2013,2200,1,1.7242,1238,4894,5595,9.09425,43838,1238
1,114,719164,27693,1169,587,15117,5.79095,0.823958,1190,-1,ok,0,0,0,0,1189,1,1,1.42715,1171,1985,2024,1,2.03948,1171,4868,5055,8.26228,40737,1169
1,115,752294,934231,163,83,2070,0.907932,0.1498,166,-1,ok,0,0,0,0,165,1,1,0.27856,163,289,303,1,0.231112,163,748,813,0.344422,1566,163
1,116,655535,844782,573,288,8314,3.6702,0.311432,582,-1,ok,0,0,0,0,581,1,1,0.409475,575,930,991,1,0.555225,573,2256,2500,3.32169,16115,573
1,117,474798,607811,1695,850,20899,8.61989,1.03377,1716,-1,ok,0,0,0,0,1715,1,1,1.41389,1695,2800,2991,1,1.92841,1695,6697,7523,12.8329,63777,1695
1,118,913321,352359,1830,918,24206,9.05585,1.18729,1851,-1,ok,0,0,0,0,1850,1,1,1.7335,1830,3112,3252,1,2.38027,1830,7482,8444,13.5053,67065,1830
1,119,458475,638815,192,98,3588,1.33024,0.101269,201,-1,ok,0,0,0,0,200,1,1,0.086092,192,205,374,1,0.107892,192,243,1003,0.184064,941,192
1,120,185587,899904,797,400,12052,4.40262,0.430093,804,-1,ok,0,0,0,0,803,1,1,0.393605,797,1326,1416,1,0.90548,797,3293,3633,6.19553,28653,797
1,121,660993,722496,1439,722,16210,5.44252,0.507127,1456,-1,ok,0,0,0,0,1455,1,1,0.654552,1439,2290,2522,1,1.25942,1439,5289,6422,9.49756,49024,1439
1,122,587664,590978,396,200,5007,1.54041,0.170716,399,-1,ok,0,0,0,0,398,1,1,0.212797,396,487,628,1,0.209431,396,805,1740,0.504742,2903,396
1,123,227425,627948,1391,699,23204,8.30049,0.607103,1414,-1,ok,0,0,0,0,1413,1,1,0.815453,1391,2287,2392,1,1.38964,1391,5596,6096,9.47482,48375,1391
1,124,404568,507174,380,190,5051,1.49418,0.165618,383,-1,ok,0,0,0,0,382,1,1,0.197538,380,477,505,1,0.212878,380,784,1315,0.835279,4446,380
1,125,234885,555140,1077,540,15421,5.03906,0.278841,1090,-1,ok,0,0,0,0,1089,1,1,0.452143,1077,1695,1841,1,0.961325,1077,3993,4698,7.38596,38485,1077
1,126,379198,738927,1657,830,16407,5.28657,0.647609,1672,-1,ok,0,0,0,0,1671,1,1,0.992133,1657,2699,2949,1,1.64725,1657,6463,7688,10.2966,50465,1657
1,127,516377,549670,2291,1148,21460,7.33561,1.03899,2318,-1,ok,0,0,0,0,2317,1,1,1.76817,2291,3859,4079,1,2.56758,2291,9453,10422,14.0168,70659,2291
1,128,346621,479141,772,388,12783,5.24236,0.57333,783,-1,ok,0,0,0,0,782,1,1,0.420065,772,1308,1333,1,0.780958,772,3162,3387,4.42268,23874,772
1,129,380939,508659,970,487,15676,5.32355,0.279301,987,-1,ok,0,0,0,0,986,1,1,0.426737,970,1354,1675,1,0.743287,970,2715,4275,3.59613,20262,970
1,130,549667,582479,32,17,519,0.24634,0.027651,35,-1,ok,0,0,0,0,34,1,1,0.035727,32,32,68,1,0.01631,32,32,208,0.018545,32,32
1,131,231944,556389,1377,690,22668,7.62416,0.453828,1396,-1,ok,0,0,0,0,1395,1,1,0.836821,1377,2303,2349,1,1.33385,1377,5695,5900,9.23928,47464,1377
1,132,444980,143997,639,321,8060,2.42078,0.244386,650,-1,ok,0,0,0,0,649,1,1,0.295573,639,991,1072,1,0.516364,639,2206,2550,2.5739,14571,639
1,133,553121,561095,2824,1414,21739,7.25194,1.034,2853,-1,ok,0,0,0,0,2852,1,1,1.73274,2828,4745,4880,1,2.84037,2826,11711,12321,14.3207,73309,2824
1,134,557186,599599,2595,1301,25317,8.82957,0.886585,2628,-1,ok,0,0,0,0,2627,1,1,1.20141,2597,4398,4506,1,2.66428,2595,10946,11457,15.8689,80846,2595
1,135,752223,476482,939,471,14700,5.21235,0.450921,946,-1,ok,0,0,0,0,945,1,1,0.579253,939,1587,1651,1,1.03006,939,3944,4182,4.94867,25957,939
1,136,668229,470670,2659,1334,22107,7.44499,1.03437,2696,-1,ok,0,0,0,0,2695,1,1,1.42973,2659,4299,4553,1,2.58419,2659,10380,11484,14.2184,70689,2659
1,137,328875,564452,195,98,3254,0.969601,0.092733,196,-1,ok,0,0,0,0,195,1,1,0.169176,195,243,367,1,0.140612,195,389,1004,0.178634,898,195
1,138,642157,729840,1731,867,18852,6.15596,0.665041,1748,-1,ok,0,0,0,0,1747,1,1,0.740823,1733,2697,3040,1,1.39867,1731,6195,7879,10.2871,53712,1731
1,139,90305,752572,987,495,12771,3.93133,0.371623,1004,-1,ok,0,0,0,0,1003,1,1,0.74431,987,1567,1820,1,1.1048,987,3803,4824,4.09737,21023,987
1,140,540469,868590,1095,550,17280,5.8306,0.438659,1108,-1,ok,0,0,0,0,1107,1,1,0.58334,1095,1852,1931,1,1.20428,1095,4676,4938,7.71557,38391,1095
1,141,554237,542468,341,172,5805,2.11584,0.174806,348,-1,ok,0,0,0,0,347,1,1,0.213599,343,545,593,1,0.250056,343,1182,1360,1.22058,5867,341
1,142,552875,544670,2521,1263,22520,8.24262,1.65462,2554,-1,ok,0,0,0,0,2553,1,1,2.45661,2525,4189,4326,1,3.12641,2523,10258,10854,14.6501,73344,2521
1,143,489779,135045,582,292,8403,3.39411,0.272128,591,-1,ok,0,0,0,0,590,1,1,0.261239,582,909,990,1,0.506596,582,2094,2441,2.82219,15398,582
1,144,684986,321427,899,452,13782,5.1002,0.299129,920,-1,ok,0,0,0,0,919,1,1,0.381032,899,1397,1552,1,0.821573,899,3157,3898,7.66028,34162,899
1,145,551199,39629,1264,635,14166,6.2597,0.56763,1283,-1,ok,0,0,0,0,1282,1,1,0.796907,1268,2238,2264,1,1.69329,1266,5829,5958,9.42653,39964,1264
1,146,161784,518507,1403,703,23083,7.85523,0.827055,1418,-1,ok,0,0,0,0,1417,1,1,0.903066,1403,2354,2495,1,1.38392,1403,5684,6329,10.5152,50296,1403
1,147,916310,555655,611,307,7351,2.20577,0.157563,622,-1,ok,0,0,0,0,621,1,1,0.245809,611,911,1108,1,0.476069,611,1965,2815,2.66255,14115,611
1,148,358724,558670,1036,520,15000,4.76277,0.239137,1049,-1,ok,0,0,0,0,1048,1,1,0.42875,1036,1832,1872,1,0.992082,1036,4596,4807,8.16846,39297,1036
1,149,491303,659590,417,210,5466,1.68293,0.243535,424,-1,ok,0,0,0,0,423,1,1,0.379228,417,720,757,1,0.559736,417,1778,1946,2.38232,13217,417
1,150,551910,879052,1906,956,17221,5.7149,0.820784,1927,-1,ok,0,0,0,0,1926,1,1,1.2982,1906,3149,3219,1,2.13382,1906,7849,8180,11.245,55146,1906
1,151,548928,513895,2545,1276,21809,7.70092,0.823066,2578,-1,ok,0,0,0,0,2577,1,1,1.35709,2545,4131,4368,1,2.44733,2545,9989,11039,13.662,70674,2545
1,152,544907,516738,841,422,13820,4.89872,0.324486,852,-1,ok,0,0,0,0,851,1,1,0.373969,841,1340,1432,1,0.692943,841,3132,3482,4.77664,25710,841
1,153,596621,550078,3073,1540,25889,8.86832,1.11141,3108,-1,ok,0,0,0,0,3107,1,1,2.0627,3075,5091,5257,1,8.19713,3075,12456,13220,18.2865,87684,3073
1,154,457377,679268,965,485,10266,5.38196,1.00587,980,-1,ok,0,0,0,0,979,1,1,0.472232,967,1672,1702,1,0.978708,965,4192,4306,4.93736,27753,965
1,155,888007,738901,148,74,2200,0.601633,0.062526,151,-1,ok,0,0,0,0,150,1,1,0.151393,148,255,261,1,0.173323,148,650,696,0.586324,3181,148
1,156,557446,245356,1550,776,12136,4.378,0.644664,1565,-1,ok,0,0,0,0,1564,1,1,0.752255,1554,2610,2705,1,1.5591,1552,6406,6829,7.34891,40658,1550
1,157,269058,233403,285,143,3559,1.49387,0.204712,288,-1,ok,0,0,0,0,287,1,1,0.158445,285,392,468,1,0.196045,285,799,1171,0.724341,3379,285
1,158,561143,482354,629,315,9863,4.13667,0.372957,636,-1,ok,0,0,0,0,635,1,1,0.554626,629,846,1104,1,0.539687,629,1638,2798,4.12196,17927,629
1,159,476616,512534,204,104,4042,1.27098,0.101249,211,-1,ok,0,0,0,0,210,1,1,0.104937,204,302,387,1,0.143598,204,546,932,1.08175,6051,204
1,160,651112,289929,1373,689,15287,5.06681,0.515172,1390,-1,ok,0,0,0,0,1389,1,1,0.983677,1375,2275,2404,1,1.58901,1373,5486,6099,8.75883,45876,1373
1,161,728484,372110,264,134,3199,1.08466,0.091501,271,-1,ok,0,0,0,0,270,1,1,0.373398,264,264,520,1,0.169256,264,264,1509,0.09661,309,264
1,162,569402,643340,2200,1102,18349,6.46251,1.05853,2225,-1,ok,0,0,0,0,2224,1,1,1.28528,2204,3644,3793,1,2.18899,2202,8857,9610,10.1199,55450,2200
1,163,148333,409238,245,125,2889,0.855747,0.092412,252,-1,ok,0,0,0,0,251,1,1,0.140743,245,284,444,1,0.156873,245,469,1170,0.286556,1531,245
1,164,464750,373454,1640,823,15671,5.04589,0.440688,1659,-1,ok,0,0,0,0,1658,1,1,1.43621,1642,2759,2895,1,2.8468,1640,6827,7413,9.34667,51643,1640
1,165,355695,858397,800,401,11730,5.76481,0.357337,807,-1,ok,0,0,0,0,806,1,1,0.423631,800,1363,1473,1,0.914066,800,3412,3882,3.35841,18252,800
1,166,671610,490121,1975,990,23590,8.65118,0.801627,2000,-1,ok,0,0,0,0,1999,1,1,1.19182,1975,3459,3519,1,2.26353,1975,8705,8994,18.1717,76395,1975
1,167,620032,817899,1017,510,9647,3.13192,0.374489,1032,-1,ok,0,0,0,0,1031,1,1,0.425163,1021,1628,1715,1,0.826142,1019,3839,4219,5.22795,27881,1017
1,168,475138,561483,915,459,10590,3.20756,0.235199,926,-1,ok,0,0,0,0,925,1,1,0.33758,917,1502,1599,1,0.77653,915,3586,4016,5.33228,30334,915
1,169,677523,564943,2418,1211,25702,12.7392,0.914518,2447,-1,ok,0,0,0,0,2446,1,1,1.46634,2420,4127,4244,1,2.59887,2420,10142,10682,18.0259,84521,2418
1,170,547139,894242,1009,505,7774,2.43605,0.340767,1016,-1,ok,0,0,0,0,1015,1,1,0.494292,1011,1658,1670,1,0.976935,1011,3954,4052,3.50193,19650,1009
1,171,513656,703356,1488,747,19463,6.92172,0.468594,1509,-1,ok,0,0,0,0,1508,1,1,0.716648,1488,2596,2631,1,1.60025,1488,6515,6653,12.8009,57709,1488
1,172,561653,646343,1780,891,18358,5.52457,0.594169,1795,-1,ok,0,0,0,0,1794,1,1,0.751884,1782,2803,3099,1,1.44222,1780,6525,7935,10.3858,53602,1780
1,173,452860,580211,2703,1355,25200,8.27513,0.885122,2736,-1,ok,0,0,0,0,2735,1,1,1.75908,2705,4646,4742,1,2.75614,2703,11665,12124,15.7029,80816,2703
1,174,457346,589806,992,499,10474,3.73082,0.279381,1007,-1,ok,0,0,0,0,1006,1,1,0.373968,994,1670,1758,1,0.896946,992,4072,4488,5.87761,29685,992
1,175,125970,564306,414,209,6613,2.45667,0.177421,423,-1,ok,0,0,0,0,422,1,1,0.196647,414,600,702,1,0.376193,414,1337,1839,1.26854,5306,414
1,176,432903,536123,1450,726,15626,5.20964,0.625247,1463,-1,ok,0,0,0,0,1462,1,1,0.858283,1450,2409,2512,1,1.47083,1450,5839,6353,9.91438,48138,1450
1,177,586708,335970,692,348,11945,3.74601,0.242894,703,-1,ok,0,0,0,0,702,1,1,0.309168,692,972,1249,1,0.521713,692,1921,3204,3.42399,19204,692
1,178,127595,700137,422,212,5190,1.46445,0.234158,427,-1,ok,0,0,0,0,426,1,1,0.300381,422,575,820,1,0.429041,422,1148,2346,0.96934,4133,422
1,179,538665,123021,1064,534,11805,3.94323,0.324936,1083,-1,ok,0,0,0,0,1082,1,1,0.475158,1064,1669,1803,1,0.920318,1064,3854,4492,6.37994,34570,1064
1,180,352712,882018,430,216,6294,2.04017,0.232324,435,-1,ok,0,0,0,0,434,1,1,0.359109,430,736,817,1,0.586506,430,1905,2199,1.29359,5526,430
1,181,570105,642882,409,206,6239,1.91507,0.179445,414,-1,ok,0,0,0,0,413,1,1,0.185406,409,710,751,1,0.363468,409,1861,2062,1.70384,10197,409
1,182,236454,64964,158,80,3008,0.824989,0.099476,167,-1,ok,0,0,0,0,166,1,1,0.153195,158,238,294,1,0.143297,158,492,730,0.636869,3096,158
1,183,547182,801522,1262,633,9576,3.52591,0.80916,1275,-1,ok,0,0,0,0,1274,1,1,0.751292,1266,2070,2173,1,1.13899,1264,5040,5444,5.69017,28573,1262
1,184,684920,553657,177,90,2095,0.596133,0.078526,182,-1,ok,0,0,0,0,181,1,1,0.154098,177,192,324,1,0.087093,177,231,828,0.146523,670,177
1,185,552875,351270,1255,629,11370,3.8,0.338932,1270,-1,ok,0,0,0,0,1269,1,1,0.494454,1259,1940,2203,1,1.1257,1257,4396,5657,6.40451,34338,1255
1,186,492765,584268,2039,1021,25225,8.456,0.953007,2060,-1,ok,0,0,0,0,2059,1,1,1.45296,2041,3505,3588,1,2.28225,2041,8668,8988,18.7746,80673,2039
1,187,155792,743182,560,282,9247,3.12127,0.340857,571,-1,ok,0,0,0,0,570,1,1,0.397953,560,739,976,1,0.505023,560,1480,2534,1.74709,5800,560
1,188,433249,556063,1470,736,23929,8.14519,0.560347,1485,-1,ok,0,0,0,0,1484,1,1,0.734301,1472,2437,2616,1,1.34349,1472,5815,6656,11.3342,53381,1470
1,189,675909,548947,322,163,5233,1.78093,0.148708,331,-1,ok,0,0,0,0,330,1,1,0.220833,322,541,573,1,0.311272,322,1340,1475,0.645434,3084,322
1,190,801727,652069,1904,954,20788,7.59974,0.919668,1925,-1,ok,0,0,0,0,1924,1,1,1.44372,1904,3266,3339,1,2.06458,1904,8149,8454,25.4822,72405,1904
1,191,424436,194685,1235,619,12343,4.11598,0.421486,1248,-1,ok,0,0,0,0,1247,1,1,0.643932,1237,2093,2210,1,1.28823,1235,5224,5773,10.9468,36924,1235
1,192,568596,520838,78,40,1885,0.681984,0.053269,83,-1,ok,0,0,0,0,82,1,1,0.085059,78,78,160,1,0.033452,78,78,478,0.055034,78,78
1,193,537052,487130,2582,1294,23377,8.01881,1.23801,2613,-1,ok,0,0,0,0,2612,1,1,1.55448,2582,4373,4424,1,2.56537,2582,10942,11182,23.2913,77015,2582
1,194,287117,597610,1357,680,22639,7.66882,0.481909,1374,-1,ok,0,0,0,0,1373,1,1,0.688585,1359,2333,2422,1,1.37865,1359,5772,6177,15.0799,53827,1357
1,195,734217,369103,902,453,14612,4.70324,0.366144,915,-1,ok,0,0,0,0,914,1,1,0.543515,902,1502,1551,1,0.974749,902,3655,3896,11.129,37832,902
1,196,609326,594424,18,10,130,0.05351,0.009839,19,-1,ok,0,0,0,0,18,1,1,0.01084,18,18,30,1,0.007805,18,18,88,0.012032,18,18
1,197,555356,373478,150,76,2887,0.883227,0.052469,155,-1,ok,0,0,0,0,154,1,1,0.097352,150,240,267,1,0.140952,150,481,714,0.200825,955,150
1,198,538782,596393,2887,1445,26378,8.17884,0.761592,2916,-1,ok,0,0,0,0,2915,1,1,1.62328,2889,4912,5047,1,2.82633,2889,12092,12730,24.1798,90119,2887
1,199,853804,764242,234,118,2632,0.875716,0.090709,237,-1,ok,0,0,0,0,236,1,1,0.09112,234,317,440,1,0.143408,234,605,1087,0.239427,1221,234
1,200,546144,731449,1563,783,16228,5.99611,0.632902,1582,-1,ok,0,0,0,0,1581,1,1,0.703433,1563,2439,2708,1,1.38915,1563,5559,6861,13.8102,49057,1563
1,201,546580,470520,70,37,557,0.170529,0.037068,75,-1,ok,0,0,0,0,74,1,1,0.051037,70,70,143,1,0.035305,70,70,368,0.052809,70,70
1,202,587180,610058,2820,1412,25132,9.06964,1.45316,2853,-1,ok,0,0,0,0,2852,1,1,2.1902,2824,4785,4876,1,3.02325,2822,11927,12357,19.5144,80831,2820
1,203,554148,555672,34,19,644,0.293978,0.02141,39,-1,ok,0,0,0,0,38,1,1,0.219139,34,34,76,1,0.015388,34,34,232,0.01092,34,34
1,204,618603,576023,2630,1317,21333,8.57418,0.959411,2657,-1,ok,0,0,0,0,2656,1,1,1.12062,2634,4416,4543,1,2.48431,2632,10881,11439,18.5508,73278,2630
1,205,111185,663982,1131,568,14678,5.17162,0.420635,1152,-1,ok,0,0,0,0,1151,1,1,0.501798,1131,1846,1924,1,1.06551,1131,4432,4799,8.53716,40593,1131
1,206,558415,519079,908,455,14550,5.19168,0.287477,917,-1,ok,0,0,0,0,916,1,1,0.354792,908,1234,1565,1,0.597366,908,2357,3988,3.20089,18460,908
1,207,273703,668225,1512,759,24626,7.98673,0.382374,1535,-1,ok,0,0,0,0,1534,1,1,0.751974,1512,2518,2571,1,1.46259,1512,6165,6434,11.5044,54992,1512
1,208,342313,675920,1135,570,17358,6.09034,0.375331,1152,-1,ok,0,0,0,0,1151,1,1,0.572649,1135,1869,1943,1,1.1383,1135,4511,4833,9.45965,43864,1135
1,209,455838,475237,29,16,416,0.155039,0.028443,34,-1,ok,0,0,0,0,33,1,1,0.030589,29,29,54,1,0.013576,29,29,153,0.02131,29,29
1,210,407548,553070,2852,1428,25928,9.18318,1.37747,2881,-1,ok,0,0,0,0,2880,1,1,2.49743,2854,4833,5007,1,3.77502,2854,11873,12677,22.4919,87342,2852
1,211,504813,914851,324,163,4799,1.53078,0.183843,329,-1,ok,0,0,0,0,328,1,1,0.242393,324,580,613,1,0.383676,324,1231,1692,0.943191,3703,324
1,212,547561,230431,1222,613,12321,4.72031,0.457595,1241,-1,ok,0,0,0,0,1240,1,1,0.528958,1222,1919,2003,1,1.05934,1222,4548,4940,12.6253,41512,1222
1,213,466238,312299,1571,788,15359,5.87817,0.679309,1588,-1,ok,0,0,0,0,1587,1,1,0.816955,1573,2679,2779,1,1.57872,1571,6662,7134,13.0692,48789,1571
1,214,234897,536226,1213,609,19899,6.12535,0.439109,1232,-1,ok,0,0,0,0,1231,1,1,0.531543,1213,1972,2223,1,1.02574,1213,4651,5754,11.9513,45493,1213
1,215,580756,561650,1750,876,21295,7.88841,0.735533,1767,-1,ok,0,0,0,0,1766,1,1,1.2793,1750,3049,3085,1,1.86137,1750,7590,7786,20.9952,69389,1750
1,216,744886,554466,1138,571,18246,6.59006,0.408362,1155,-1,ok,0,0,0,0,1154,1,1,0.546189,1140,1895,2001,1,1.16561,1140,4450,4885,8.61741,36805,1138
1,217,864144,644857,1147,575,18038,5.80535,0.588629,1154,-1,ok,0,0,0,0,1153,1,1,0.663058,1147,1745,2045,1,1.02929,1147,3973,5403,9.20284,41653,1147
1,218,155929,549165,1194,599,16839,5.60178,0.497159,1211,-1,ok,0,0,0,0,1210,1,1,0.821102,1194,1890,2033,1,1.21376,1194,4405,5049,9.33348,40836,1194
1,219,734340,664355,1063,533,15801,5.22432,0.463065,1072,-1,ok,0,0,0,0,1071,1,1,0.602204,1063,1716,1906,1,1.01142,1063,4043,4993,7.74444,34008,1063
1,220,483567,570424,1455,730,15832,5.07251,0.473072,1474,-1,ok,0,0,0,0,1473,1,1,0.860827,1455,2419,2542,1,1.40173,1455,5859,6420,10.1264,48921,1455
1,221,639206,652049,2073,1039,20917,7.21013,0.764016,2098,-1,ok,0,0,0,0,2097,1,1,1.17852,2075,3512,3594,1,2.22605,2073,8715,9087,17.1135,73262,2073
1,222,93334,537056,1452,728,22331,8.08089,0.531111,1469,-1,ok,0,0,0,0,1468,1,1,0.908326,1452,2185,2474,1,1.18673,1452,4825,6171,8.11471,41025,1452
1,223,603581,431982,437,220,6236,2.12063,0.228847,442,-1,ok,0,0,0,0,441,1,1,0.274492,437,672,785,1,0.357478,437,1456,1906,2.30791,7661,437
1,224,439095,658592,1491,748,19843,6.84344,0.74439,1512,-1,ok,0,0,0,0,1511,1,1,1.00227,1491,2543,2630,1,1.73307,1491,6253,6623,21.1557,60308,1491
1,225,814923,899971,128,66,1873,0.517356,0.059671,135,-1,ok,0,0,0,0,134,1,1,0.12281,128,212,232,1,0.14432,128,515,569,0.478813,2672,128
1,226,498998,590659,2587,1297,25180,8.43835,1.09542,2618,-1,ok,0,0,0,0,2617,1,1,1.51779,2589,4424,4520,1,2.88809,2587,11124,11575,29.0255,80834,2587
1,227,559098,530053,2275,1139,16984,6.33053,1.08623,2292,-1,ok,0,0,0,0,2291,1,1,1.45131,2279,3711,3937,1,2.24774,2277,8895,9949,14.0788,53898,2275
1,228,549050,87356,1368,686,14360,6.09355,0.715206,1389,-1,ok,0,0,0,0,1388,1,1,1.07095,1368,2139,2262,1,1.28461,1368,5022,5555,13.7208,43802,1368
1,229,507967,791931,2780,1392,26059,10.0003,1.36401,2811,-1,ok,0,0,0,0,2810,1,1,1.83748,2782,4701,4774,1,2.90923,2780,11708,12011,22.0629,87192,2780
1,230,403304,932996,1476,739,19902,7.69118,0.778202,1487,-1,ok,0,0,0,0,1486,1,1,0.700499,1476,2418,2587,1,1.69599,1476,5833,6560,10.7941,48724,1476
1,231,779288,400102,1980,992,23572,8.28943,0.871698,2003,-1,ok,0,0,0,0,2002,1,1,1.21265,1980,3453,3484,1,2.14775,1980,8722,8890,18.8532,75230,1980
1,232,115537,717680,835,420,12270,4.19954,0.257171,852,-1,ok,0,0,0,0,851,1,1,0.370461,835,1344,1447,1,0.793171,835,3211,3680,4.23697,21113,835
1,233,625715,531035,2478,1242,24621,8.08404,0.74998,2509,-1,ok,0,0,0,0,2508,1,1,1.19872,2480,3984,4279,1,2.19295,2478,9425,10895,16.1874,73695,2478
1,234,12779,392632,1393,700,20262,6.53629,0.507878,1418,-1,ok,0,0,0,0,1417,1,1,0.767002,1395,2175,2423,1,1.16951,1395,5017,6156,7.75663,40916,1393
1,235,491073,550893,600,301,8003,2.66362,0.239497,609,-1,ok,0,0,0,0,608,1,1,0.292606,600,1012,1046,1,0.5569,600,2430,2625,5.94295,19518,600
1,236,544640,612058,608,306,7949,2.37004,0.157803,619,-1,ok,0,0,0,0,618,1,1,0.201426,608,845,1024,1,0.404685,608,1733,2484,3.12945,17730,608
1,237,349394,221491,1219,611,12316,3.69959,0.376633,1232,-1,ok,0,0,0,0,1231,1,1,0.493431,1219,2030,2112,1,1.11287,1219,4987,5361,9.2759,37230,1219
1,238,643343,800035,1098,550,16721,5.45759,0.564504,1111,-1,ok,0,0,0,0,1110,1,1,1.02703,1098,1889,1940,1,1.38189,1098,4851,5071,10.072,41464,1098
1,239,466292,494384,1056,531,10861,4.81818,0.54602,1071,-1,ok,0,0,0,0,1070,1,1,0.721487,1058,1734,1878,1,0.994698,1056,4153,4802,8.94207,30097,1056
1,240,263294,711941,727,365,10904,3.74791,0.363488,732,-1,ok,0,0,0,0,731,1,1,0.409795,727,925,1268,1,0.518417,727,1665,3326,5.06851,19914,727
1,241,540708,407534,2386,1196,23625,8.31116,0.964812,2413,-1,ok,0,0,0,0,2412,1,1,1.5442,2388,3959,4205,1,2.60888,2386,9661,10862,17.3535,73400,2386
1,242,407548,728111,217,110,3756,1.25452,0.137496,222,-1,ok,0,0,0,0,221,1,1,0.180336,217,217,438,1,0.13857,217,217,1306,0.148568,217,217
1,243,495501,485664,2437,1221,23843,8.41947,1.04873,2466,-1,ok,0,0,0,0,2465,1,1,1.32926,2437,4273,4344,1,2.50355,2437,10789,11137,18.9658,77339,2437
1,244,720906,179696,594,298,8208,2.73918,0.208971,601,-1,ok,0,0,0,0,600,1,1,0.350555,594,1013,1070,1,0.647898,594,2572,2793,3.24855,16388,594
1,245,650350,482575,2675,1342,22423,7.86898,0.865046,2710,-1,ok,0,0,0,0,2709,1,1,1.24787,2675,4308,4575,1,2.35685,2675,10333,11518,15.5454,70704,2675
1,246,638652,817933,1535,769,16785,5.61631,0.41949,1552,-1,ok,0,0,0,0,1551,1,1,0.627412,1535,2646,2678,1,1.49582,1535,6654,6772,12.3164,55609,1535
1,247,548934,567346,842,423,9076,2.835,0.184634,851,-1,ok,0,0,0,0,850,1,1,0.253002,842,1126,1332,1,0.548743,842,2393,3300,4.54637,24352,842
1,248,573392,445311,937,470,14863,5.2313,0.375257,952,-1,ok,0,0,0,0,951,1,1,0.54097,937,1425,1699,1,0.741674,937,3024,4240,5.934,27552,937
1,249,791829,669974,699,351,5347,1.7036,0.254044,708,-1,ok,0,0,0,0,707,1,1,0.32716,699,903,1021,1,0.403154,699,1614,2390,1.08984,5774,699
1,250,181289,193174,55,29,610,0.196327,0.033349,62,-1,ok,0,0,0,0,61,1,1,0.046466,55,87,100,1,0.039606,55,161,244,0.044674,247,55
1,251,734304,877601,1239,621,17652,5.38035,0.515942,1248,-1,ok,0,0,0,0,1247,1,1,0.921332,1239,2143,2234,1,1.3617,1239,5520,5838,11.2548,42458,1239
1,252,541771,272040,815,409,11108,3.51525,0.289497,826,-1,ok,0,0,0,0,825,1,1,0.463753,815,1314,1413,1,0.753417,815,3102,3544,6.13454,24166,815
1,253,555426,520840,632,318,8881,2.6354,0.248144,641,-1,ok,0,0,0,0,640,1,1,0.468688,632,958,1122,1,0.484447,632,2097,2856,3.53466,17798,632
1,254,554148,468913,1653,829,16202,6.02634,0.82012,1672,-1,ok,0,0,0,0,1671,1,1,1.09264,1655,2693,2869,1,1.66565,1653,6499,7317,15.9256,53433,1653
1,255,407897,554527,1448,726,23748,8.21186,0.640837,1465,-1,ok,0,0,0,0,1464,1,1,0.722238,1450,2435,2578,1,1.36319,1450,5863,6519,13.182,55076,1448
1,256,476137,886494,1697,851,17497,5.82299,0.84655,1714,-1,ok,0,0,0,0,1713,1,1,1.31833,1697,2969,2992,1,2.11246,1697,7543,7634,19.6611,56352,1697
1,257,647690,523082,2414,1209,25433,8.90295,1.13981,2441,-1,ok,0,0,0,0,2440,1,1,1.29397,2416,4183,4240,1,2.43939,2416,10352,10566,27.8421,90555,2414
1,258,841766,458240,1678,842,23042,7.93453,0.775368,1695,-1,ok,0,0,0,0,1694,1,1,0.823076,1678,2764,2964,1,1.58186,1678,6690,7599,23.5268,66477,1678
1,259,462910,637233,417,209,5533,1.71452,0.114344,424,-1,ok,0,0,0,0,423,1,1,0.182402,417,649,747,1,0.331018,417,1426,1872,2.17069,11833,417
1,260,536976,551877,19,11,197,0.081733,0.019255,22,-1,ok,0,0,0,0,21,1,1,0.022343,19,19,44,1,0.011562,19,19,134,0.01581,19,19
1,261,42610,554524,1736,870,25487,8.53111,0.682755,1757,-1,ok,0,0,0,0,1756,1,1,1.01817,1740,2970,3108,1,1.7127,1740,7368,8003,15.3742,61353,1736
1,262,613794,229015,1113,560,12454,4.47865,0.563782,1132,-1,ok,0,0,0,0,1131,1,1,0.550849,1115,1905,1995,1,1.24407,1113,4760,5144,8.02577,37126,1113
1,263,786608,624950,1914,960,25449,8.75133,0.936458,1937,-1,ok,0,0,0,0,1936,1,1,1.56961,1914,3241,3360,1,2.09275,1914,8086,8656,17.9786,73614,1914
1,264,412226,542166,1648,827,22587,9.20951,0.844617,1671,-1,ok,0,0,0,0,1670,1,1,1.04899,1648,2682,2950,1,1.47568,1648,6309,7452,15.3116,64093,1648
1,265,578007,584682,2557,1282,25271,8.46208,1.00181,2588,-1,ok,0,0,0,0,2587,1,1,1.30582,2559,4357,4460,1,2.43901,2557,10901,11366,20.6464,80842,2557
1,266,129099,357177,198,99,3121,0.950863,0.119844,199,-1,ok,0,0,0,0,198,1,1,0.15525,198,198,359,1,0.107491,198,200,945,0.356887,1823,198
1,267,670451,218543,1088,546,12071,4.14555,0.341117,1103,-1,ok,0,0,0,0,1102,1,1,0.477291,1090,1843,1944,1,1.09696,1088,4578,5051,7.88183,33694,1088
1,268,636901,562811,880,442,8258,2.87519,0.315549,895,-1,ok,0,0,0,0,894,1,1,0.354082,880,1351,1383,1,0.688937,880,3228,3409,6.85644,26825,880
1,269,161898,720900,750,376,10954,3.44184,0.307393,755,-1,ok,0,0,0,0,754,1,1,0.423742,750,946,1292,1,0.540821,750,1662,3342,7.05883,21524,750
1,270,536127,726744,1037,521,17206,5.2069,0.279353,1056,-1,ok,0,0,0,0,1055,1,1,0.467021,1039,1767,1799,1,1.03479,1039,4458,4603,8.29467,33227,1037
1,271,182733,659592,907,455,12543,3.71985,0.180937,920,-1,ok,0,0,0,0,919,1,1,0.373698,907,1512,1547,1,0.843776,907,3712,3870,8.47029,35409,907
1,272,557521,334467,2898,1451,24303,7.35574,0.846712,2927,-1,ok,0,0,0,0,2926,1,1,1.72034,2902,4887,5039,1,2.81583,2900,11830,12852,16.4658,73457,2898
1,273,550876,844900,1310,657,18507,6.78867,0.791087,1329,-1,ok,0,0,0,0,1328,1,1,0.574021,1310,2181,2294,1,1.29825,1310,5353,5810,10.6158,46488,1310
1,274,442000,527458,1850,926,23577,7.57508,0.508339,1869,-1,ok,0,0,0,0,1868,1,1,0.964932,1850,3216,3227,1,1.83185,1850,8008,8075,14.7949,69421,1850
1,275,163378,695363,985,495,13223,4.61615,0.522765,1002,-1,ok,0,0,0,0,1001,1,1,0.637871,985,1622,1679,1,1.0473,985,3919,4158,10.9971,38613,985
1,276,469207,449288,2393,1200,23195,8.27309,0.86804,2422,-1,ok,0,0,0,0,2421,1,1,1.62911,2395,3990,4202,1,2.32853,2393,9770,10729,19.2393,73363,2393
1,277,621533,503471,384,193,3451,1.26761,0.166871,387,-1,ok,0,0,0,0,386,1,1,0.19869,384,614,680,1,0.309808,384,1305,1661,1.41871,4835,384
1,278,584186,780781,627,313,7364,2.31445,0.190195,634,-1,ok,0,0,0,0,633,1,1,0.413152,631,948,1017,1,0.410888,629,1988,2483,5.17999,18390,627
1,279,537110,215501,1213,608,12158,4.75979,0.504953,1230,-1,ok,0,0,0,0,1229,1,1,0.558303,1213,1915,1980,1,1.29272,1213,4594,4917,12.5451,41547,1213
1,280,552659,521369,42,23,929,0.302554,0.024176,47,-1,ok,0,0,0,0,46,1,1,0.043561,42,42,92,1,0.018895,42,42,280,0.02119,42,42
1,281,470354,521484,1808,906,23369,8.15152,0.69575,1831,-1,ok,0,0,0,0,1830,1,1,1.1059,1808,3033,3165,1,1.71493,1808,7305,7913,17.1557,67589,1808
1,282,779294,490035,423,213,6119,2.01738,0.109515,432,-1,ok,0,0,0,0,431,1,1,0.153465,423,521,778,1,0.218108,423,865,2012,0.666726,3597,423
1,283,856695,383684,1735,870,23794,8.37591,0.944463,1756,-1,ok,0,0,0,0,1755,1,1,1.06362,1735,2825,3081,1,1.74108,1735,6818,7997,17.9855,66731,1735
1,284,856911,565634,2043,1023,21778,7.54711,0.592846,2064,-1,ok,0,0,0,0,2063,1,1,0.921209,2043,3506,3580,1,1.92026,2043,8739,9105,15.8757,74365,2043
1,285,226029,617772,1109,556,15003,4.80735,0.279172,1122,-1,ok,0,0,0,0,1121,1,1,0.458737,1109,1798,1894,1,1.00661,1109,4326,4735,8.0764,40961,1109
1,286,273528,498716,214,109,2059,0.526674,0.062035,221,-1,ok,0,0,0,0,220,1,1,0.152025,214,297,350,1,0.167032,214,627,913,0.424663,2252,214
1,287,585019,659525,120,62,2081,0.70716,0.080812,125,-1,ok,0,0,0,0,124,1,1,0.12916,120,134,233,1,0.073508,120,195,657,0.19182,752,120
1,288,714688,746144,256,129,4517,1.47104,0.113422,259,-1,ok,0,0,0,0,258,1,1,0.103664,256,347,440,1,0.172171,256,698,1073,0.606462,3471,256
1,289,487154,401935,1115,560,11079,3.62336,0.43375,1128,-1,ok,0,0,0,0,1127,1,1,0.63749,1117,1758,2001,1,0.99019,1115,4054,5237,5.64341,29893,1115
1,290,558487,858169,252,127,2607,0.815063,0.141284,257,-1,ok,0,0,0,0,256,1,1,0.222225,252,406,466,1,0.283479,252,893,1142,0.829889,2917,252
1,291,574271,660088,2395,1201,19803,6.10756,0.887627,2428,-1,ok,0,0,0,0,2427,1,1,1.22074,2395,4057,4083,1,2.46879,2395,10180,10292,18.9224,70720,2395
1,292,41143,546444,721,363,8441,2.39504,0.324997,734,-1,ok,0,0,0,0,733,1,1,0.426306,721,986,1215,1,0.536531,721,1967,3046,3.49624,18062,721
1,293,760001,646214,1715,861,19794,6.30524,0.507848,1742,-1,ok,0,0,0,0,1741,1,1,0.790415,1717,2973,3037,1,1.63583,1715,7473,7771,15.1025,68484,1715
1,294,185761,377965,506,254,6224,1.77065,0.104044,511,-1,ok,0,0,0,0,510,1,1,0.168404,506,698,837,1,0.304649,506,1403,2056,2.95598,15369,506
1,295,604576,736790,940,472,15522,5.09345,0.355414,953,-1,ok,0,0,0,0,952,1,1,0.470648,940,1559,1607,1,0.824669,940,3760,3970,6.91361,29173,940
1,296,604356,279676,1122,563,13184,3.94725,0.355664,1139,-1,ok,0,0,0,0,1138,1,1,0.510784,1122,1783,1914,1,0.992113,1122,4109,4750,7.62274,37132,1122
1,297,467430,178127,281,142,4524,1.29677,0.082613,286,-1,ok,0,0,0,0,285,1,1,0.139501,281,425,503,1,0.241752,281,922,1279,0.819951,4332,281
1,298,473402,701873,1457,730,19394,5.84134,0.456382,1476,-1,ok,0,0,0,0,1475,1,1,0.759999,1457,2522,2561,1,1.4652,1457,6273,6449,13.8601,54516,1457
1,299,546168,470167,91,47,1913,0.579522,0.050255,94,-1,ok,0,0,0,0,93,1,1,0.107301,91,91,165,1,0.038231,91,91,404,0.025086,91,91
2,0,515417,637366,1801,455,5375,1.96577,1.40519,1882,-1,ok,0,0,0,0,1881,1,1,1.86252,1803,5496,5786,1,2.67916,1801,12929,14157,12.0601,55476,1801
2,1,221578,683609,709,179,3064,0.868391,0.322963,736,-1,ok,0,0,0,0,735,1,1,0.339023,709,1277,2296,1,0.564893,709,2822,6039,3.29067,17883,709
2,2,566063,455879,224,57,1269,0.402581,0.124913,235,-1,ok,0,0,0,0,234,1,1,0.175959,228,530,793,1,0.281135,228,1337,2211,0.540569,2755,224
2,3,364509,251282,377,98,1597,0.446683,0.209902,408,-1,ok,0,0,0,0,407,1,1,0.207678,377,961,1093,1,0.402783,377,2264,2679,1.39258,7916,377
2,4,713214,541596,268,69,1309,0.413093,0.198261,289,-1,ok,0,0,0,0,288,1,1,0.178131,268,296,880,1,0.116357,268,296,2000,0.139021,281,268
2,5,708892,372109,865,219,4160,1.14178,0.34877,922,-1,ok,0,0,0,0,921,1,1,0.636259,865,2577,2668,1,1.33677,865,6280,6536,7.55247,33055,865
2,6,549730,910635,485,122,2097,0.57819,0.31079,506,-1,ok,0,0,0,0,505,1,1,0.310951,485,1066,1326,1,0.467252,485,2206,3043,2.65948,11505,485
2,7,428575,333335,686,175,2517,0.708983,0.184645,735,-1,ok,0,0,0,0,734,1,1,0.361124,686,1898,1981,1,0.80865,686,4366,4651,3.42941,19844,686
2,8,103741,529812,1209,307,4693,1.25165,0.522234,1280,-1,ok,0,0,0,0,1279,1,1,0.836732,1209,3341,3789,1,1.54026,1209,8102,9543,7.59585,40816,1209
2,9,504438,99296,1284,325,4128,1.11551,0.435634,1371,-1,ok,0,0,0,0,1370,1,1,0.791939,1284,3666,3955,1,1.70717,1284,8966,9993,7.87263,40831,1284
2,10,503002,473385,659,167,2738,0.75535,0.247851,694,-1,ok,0,0,0,0,693,1,1,0.326069,659,1450,2161,1,0.576056,659,2991,5371,3.43878,18056,659
2,11,594375,693937,1954,494,5764,1.65895,0.751583,2039,-1,ok,0,0,0,0,2038,1,1,1.37578,1956,6193,6331,1,2.80271,1954,15046,15433,13.6386,67204,1954
2,12,184179,575147,1336,339,6384,1.76005,0.70159,1385,-1,ok,0,0,0,0,1384,1,1,0.845929,1338,4234,4336,1,1.90251,1336,9936,10303,9.93184,51137,1336
2,13,84373,731343,822,208,3272,0.871647,0.3847,869,-1,ok,0,0,0,0,868,1,1,0.449979,824,1457,2587,1,0.731857,824,3086,6638,4.37146,22213,822
2,14,533139,449475,806,205,3130,0.86256,0.236783,843,-1,ok,0,0,0,0,842,1,1,0.475359,812,2387,2438,1,0.965924,812,5437,5663,4.58941,24850,806
2,15,800775,353868,725,182,1665,0.440232,0.389949,736,-1,ok,0,0,0,0,735,1,1,0.529989,725,1192,1747,1,0.533997,725,2153,4600,1.02448,3662,725
2,16,580536,834346,1638,416,4907,1.29949,0.677715,1719,-1,ok,0,0,0,0,1718,1,1,1.38696,1638,5119,5269,1,2.50933,1638,12584,12959,11.1035,56131,1638
2,17,705977,179642,451,114,1683,0.438769,0.213217,468,-1,ok,0,0,0,0,467,1,1,0.349313,451,1338,1573,1,0.780656,451,3318,4145,2.46384,12349,451
2,18,591189,502974,573,146,2338,0.662998,0.257841,596,-1,ok,0,0,0,0,595,1,1,0.29426,577,1427,1921,1,0.564534,573,3213,4828,2.90912,17174,573
2,19,696806,606078,410,106,1818,0.495214,0.145943,439,-1,ok,0,0,0,0,438,1,1,0.164836,410,868,1340,1,0.307154,410,1724,3248,1.89543,10136,410
2,20,649644,351270,898,230,3347,0.972586,0.436645,945,-1,ok,0,0,0,0,944,1,1,0.575535,900,2261,3053,1,0.92134,898,4745,7407,5.9638,27816,898
2,21,364679,647787,786,199,3343,0.912844,0.316941,833,-1,ok,0,0,0,0,832,1,1,0.438789,786,2038,2386,1,0.85658,786,4516,5871,4.97727,24119,786
2,22,236480,558798,1348,343,6455,1.74511,0.608116,1403,-1,ok,0,0,0,0,1402,1,1,0.923094,1352,4360,4449,1,1.9427,1350,10253,10511,10.214,51938,1348
2,23,429002,590281,593,151,2021,0.524971,0.313435,620,-1,ok,0,0,0,0,619,1,1,0.446654,593,1645,1978,1,0.721317,593,3649,4722,2.71093,14142,593
2,24,732327,437963,2826,714,7003,1.81271,1.03253,2939,-1,ok,0,0,0,0,2938,1,1,2.05158,2828,8147,8640,1,3.92617,2826,19818,21382,15.2781,75758,2826
2,25,695045,573533,2638,667,6106,1.66579,0.845187,2741,-1,ok,0,0,0,0,2740,1,1,1.4127,2640,7393,7951,1,3.76358,2638,17869,19555,14.2771,70636,2638
2,26,653917,554134,819,209,3375,1.07412,0.519379,864,-1,ok,0,0,0,0,863,1,1,0.379127,821,2037,2694,1,0.768856,819,4342,6383,4.11566,22528,819
2,27,591152,758487,1441,364,5485,1.71372,0.731866,1498,-1,ok,0,0,0,0,1497,1,1,1.03789,1441,4084,4589,1,2.06318,1441,9740,11267,11.4714,54336,1441
2,28,530231,797885,2838,717,7569,2.14441,1.46923,2949,-1,ok,0,0,0,0,2948,1,1,2.1384,2840,8320,8543,1,3.85754,2838,20164,20887,17.1136,87207,2838
2,29,461730,614781,2269,573,6158,1.77809,1.03455,2360,-1,ok,0,0,0,0,2359,1,1,1.51246,2271,7004,7314,1,3.29128,2269,16934,17990,14.34,73263,2269
2,30,444980,608103,2053,521,7200,2.13616,1.13966,2142,-1,ok,0,0,0,0,2141,1,1,1.33248,2057,6304,6440,1,3.09485,2055,14883,15282,15.8237,77390,2053
2,31,625582,540051,1625,411,7089,2.05814,0.774957,1698,-1,ok,0,0,0,0,1697,1,1,0.962217,1631,4392,5192,1,1.84747,1631,10081,12410,11.3318,58442,1625
2,32,525321,196202,1187,301,3792,1.05153,0.485446,1256,-1,ok,0,0,0,0,1255,1,1,0.724693,1187,3478,3715,1,1.82668,1187,8705,9479,7.96735,39681,1187
2,33,478182,565842,1838,464,5146,1.47059,0.787962,1901,-1,ok,0,0,0,0,1900,1,1,1.24973,1840,5139,5947,1,2.33013,1838,12217,14498,10.5424,54134,1838
2,34,537719,542421,274,71,1359,0.400196,0.153737,295,-1,ok,0,0,0,0,294,1,1,0.181649,274,866,1002,1,0.380911,274,2075,2489,0.920018,5199,274
2,35,606091,561377,46,12,160,0.054954,0.041357,49,-1,ok,0,0,0,0,48,1,1,0.034815,46,46,163,1,0.020448,46,56,416,0.019235,46,46
2,36,540484,237922,578,146,2175,0.574501,0.261889,605,-1,ok,0,0,0,0,604,1,1,0.336459,578,1418,1714,1,0.799933,578,3300,4283,2.87953,14971,578
2,37,916340,481104,632,160,2593,0.764577,0.307393,665,-1,ok,0,0,0,0,664,1,1,0.317994,634,1347,2033,1,0.597125,632,2758,4869,2.98393,14872,632
2,38,547698,473617,2323,588,6597,1.81338,0.836583,2424,-1,ok,0,0,0,0,2423,1,1,1.66409,2325,6721,7496,1,3.08853,2323,16059,18399,14.1243,70722,2323
2,39,503531,560189,206,52,790,0.219008,0.116577,209,-1,ok,0,0,0,0,208,1,1,0.118571,206,396,644,1,0.169727,206,803,1554,0.883458,3507,206
2,40,528285,633179,2234,566,5937,1.67611,0.779195,2343,-1,ok,0,0,0,0,2342,1,1,1.37553,2236,6677,7109,1,3.09648,2234,16069,17357,13.7436,70518,2234
2,41,528291,124629,1240,315,3998,1.12934,0.470689,1319,-1,ok,0,0,0,0,1318,1,1,0.757274,1240,3547,3785,1,1.66408,1240,8623,9439,7.94058,40626,1240
2,42,218360,732318,1260,318,5542,1.58483,0.65896,1317,-1,ok,0,0,0,0,1316,1,1,0.790756,1260,3378,3514,1,1.60515,1260,8351,8786,6.79186,36829,1260
2,43,673429,646337,1726,437,5359,1.51182,0.827874,1789,-1,ok,0,0,0,0,1788,1,1,1.39594,1728,4703,5665,1,2.49943,1726,10812,13836,10.7236,53246,1726
2,44,677903,545932,2495,632,7183,2.10233,1.11143,2598,-1,ok,0,0,0,0,2597,1,1,1.70504,2497,7413,7642,1,3.57519,2495,17996,18802,15.9357,79377,2495
2,45,599861,473157,116,30,785,0.274391,0.104405,125,-1,ok,0,0,0,0,124,1,1,0.101759,116,116,468,1,0.037741,116,116,1367,0.060923,116,116
2,46,771679,448047,942,239,4206,1.23023,0.47693,977,-1,ok,0,0,0,0,976,1,1,0.521623,948,2484,3063,1,1.18934,948,5958,7564,5.0192,26277,942
2,47,613652,373259,1541,390,6923,1.94856,0.604368,1610,-1,ok,0,0,0,0,1609,1,1,1.01538,1547,4457,4743,1,2.04595,1547,10718,11990,12.0515,61879,1541
2,48,559115,582478,645,162,1008,0.281715,0.335616,652,-1,ok,0,0,0,0,651,1,1,0.446032,647,1812,2101,1,0.805204,647,4168,5143,1.58301,8597,645
2,49,138045,605112,1531,389,6970,2.06975,0.831101,1582,-1,ok,0,0,0,0,1581,1,1,1.31039,1535,4956,5067,1,2.43534,1533,11886,12196,11.9041,57282,1531
2,50,715274,544491,2277,577,7111,1.87665,1.01097,2370,-1,ok,0,0,0,0,2369,1,1,1.59555,2279,6826,6920,1,3.14602,2277,16701,17050,15.7717,79200,2277
2,51,118518,621231,1297,329,5798,1.62137,0.559133,1346,-1,ok,0,0,0,0,1345,1,1,0.795686,1299,3695,4207,1,1.66654,1297,8559,10086,9.42433,47326,1297
2,52,560125,876072,607,155,2586,0.77651,0.263912,650,-1,ok,0,0,0,0,649,1,1,0.346457,609,1752,1928,1,0.753675,607,3897,4458,3.47477,17204,607
2,53,457330,549752,200,52,778,0.215963,0.113281,211,-1,ok,0,0,0,0,210,1,1,0.164548,200,454,705,1,0.199984,200,973,1716,0.68491,3599,200
2,54,185650,870115,627,159,2982,0.802437,0.187159,644,-1,ok,0,0,0,0,643,1,1,0.539878,627,1960,2157,1,1.06173,627,4736,5415,2.72409,11572,627
2,55,519871,693835,2142,542,5948,1.63078,0.736605,2231,-1,ok,0,0,0,0,2230,1,1,1.34803,2144,6797,6900,1,3.02279,2142,16509,16822,13.7305,73105,2142
2,56,140914,484062,1346,341,6335,1.78727,0.440713,1391,-1,ok,0,0,0,0,1390,1,1,0.731967,1348,3685,4429,1,1.5809,1346,8428,10773,8.84906,47059,1346
2,57,630216,170691,1277,324,4397,1.16282,0.362727,1322,-1,ok,0,0,0,0,1321,1,1,0.821866,1279,3982,4084,1,1.84027,1277,9375,9749,8.09919,42674,1277
2,58,686374,577768,450,115,2134,0.705969,0.262439,475,-1,ok,0,0,0,0,474,1,1,0.222335,450,902,1461,1,0.411298,450,1743,3652,2.58923,11733,450
2,59,625714,607337,2167,549,6153,1.79826,0.59496,2262,-1,ok,0,0,0,0,2261,1,1,1.33937,2169,6683,6984,1,2.91069,2167,16055,16951,13.8248,73254,2167
2,60,160386,877813,1001,254,3971,1.0974,0.452725,1028,-1,ok,0,0,0,0,1027,1,1,0.788733,1001,3099,3388,1,1.55218,1001,7404,8332,4.7874,24866,1001
2,61,557207,713255,2128,538,5895,1.62187,0.705307,2215,-1,ok,0,0,0,0,2214,1,1,1.51812,2130,6601,6775,1,3.01735,2128,15838,16361,13.5116,71776,2128
2,62,689095,577712,931,236,2309,0.652988,0.526413,970,-1,ok,0,0,0,0,969,1,1,0.612944,931,2420,2513,1,1.12005,931,5906,6263,5.8005,27410,931
2,63,118518,543922,1546,392,7092,2.05941,0.903718,1599,-1,ok,0,0,0,0,1598,1,1,1.13996,1554,4690,4965,1,2.23957,1552,10995,11769,10.9052,54964,1546
2,64,743230,714700,454,115,1503,0.417469,0.20864,475,-1,ok,0,0,0,0,474,1,1,0.25699,454,1112,1431,1,0.431475,454,2492,3472,1.2229,7262,454
2,65,451281,500222,1729,438,4846,1.31321,0.858221,1800,-1,ok,0,0,0,0,1799,1,1,1.09714,1731,4953,5603,1,2.20652,1729,11728,13630,10.0384,53341,1729
2,66,87326,638815,783,198,3138,0.857492,0.329354,840,-1,ok,0,0,0,0,839,1,1,0.550799,783,1983,2411,1,0.95373,783,4536,6177,4.28234,21613,783
2,67,873089,178288,543,139,1961,0.496396,0.268612,570,-1,ok,0,0,0,0,569,1,1,0.479466,543,1665,2082,1,1.00188,543,4107,5491,1.87004,8868,543
2,68,540231,698411,324,83,1584,0.523297,0.189844,343,-1,ok,0,0,0,0,342,1,1,0.277168,324,892,1080,1,0.482901,324,2245,2786,2.29714,11259,324
2,69,608054,502046,428,107,1715,0.458656,0.242874,439,-1,ok,0,0,0,0,438,1,1,0.306632,428,1175,1352,1,0.501386,428,2585,3227,1.92225,9740,428
2,70,551981,134941,1142,289,3333,0.906322,0.467752,1211,-1,ok,0,0,0,0,1210,1,1,0.701359,1142,2887,3233,1,1.43566,1142,7122,8335,7.67864,37155,1142
2,71,463217,908917,606,153,2340,0.609728,0.327743,639,-1,ok,0,0,0,0,638,1,1,0.387334,608,1317,1914,1,0.566158,606,2545,4598,2.99699,15134,606
2,72,633916,540912,2768,701,7040,1.858,0.949472,2881,-1,ok,0,0,0,0,2880,1,1,1.82965,2776,8191,8353,1,3.84251,2774,19920,20346,15.4707,78468,2768
2,73,797852,552425,1119,283,2560,0.725364,0.399125,1162,-1,ok,0,0,0,0,1161,1,1,0.588418,1119,2405,3004,1,1.05245,1119,5507,7524,5.28504,25862,1119
2,74,746160,847884,1478,374,5366,1.56456,0.667125,1539,-1,ok,0,0,0,0,1538,1,1,1.06603,1478,4518,4730,1,2.22459,1478,10953,11668,11.3032,53994,1478
2,75,759766,548195,703,179,2968,0.817307,0.279521,742,-1,ok,0,0,0,0,741,1,1,0.370581,705,1662,2260,1,0.660394,703,3479,5301,3.28765,16496,703
2,76,413741,394099,778,197,3891,1.05336,0.384847,813,-1,ok,0,0,0,0,812,1,1,0.616732,784,2420,2626,1,0.806847,778,4347,6740,3.70381,20512,778
2,77,913394,471896,1104,281,4732,1.44797,0.556299,1143,-1,ok,0,0,0,0,1142,1,1,0.678737,1104,3019,3637,1,1.42242,1104,7125,8867,8.80823,44041,1104
2,78,652297,501706,101,26,596,0.189554,0.062247,106,-1,ok,0,0,0,0,105,1,1,0.073247,101,101,416,1,0.03841,101,101,1262,0.044122,101,101
2,79,528306,440834,2348,594,6608,1.79589,0.837765,2451,-1,ok,0,0,0,0,2450,1,1,1.47027,2350,6830,7579,1,3.14849,2348,16434,18806,14.0644,70725,2348
2,80,579216,344905,687,173,3436,0.977706,0.280554,712,-1,ok,0,0,0,0,711,1,1,0.473825,693,1982,2316,1,0.603486,687,3103,6008,3.49698,18817,687
2,81,291425,565940,613,157,2777,0.77051,0.245477,648,-1,ok,0,0,0,0,647,1,1,0.324827,619,1465,1747,1,0.62156,619,3210,4221,4.2718,22156,613
2,82,560203,166249,1334,337,4157,1.15092,0.538756,1379,-1,ok,0,0,0,0,1378,1,1,0.857672,1336,3816,4309,1,1.74833,1334,8754,10212,8.19913,39639,1334
2,83,725367,601383,506,130,1783,0.458337,0.218558,533,-1,ok,0,0,0,0,532,1,1,0.297325,506,1316,1604,1,0.534178,506,3002,3857,2.61104,13653,506
2,84,690950,626446,632,161,3006,0.848876,0.233456,659,-1,ok,0,0,0,0,658,1,1,0.306623,632,1286,1594,1,0.619457,632,3159,4151,2.0555,11509,632
2,85,885107,623720,1723,437,6161,1.71084,0.55126,1800,-1,ok,0,0,0,0,1799,1,1,1.126,1723,5354,5599,1,2.37276,1723,12918,13730,13.5092,69467,1723
2,86,452862,582210,1864,471,5128,1.40671,0.573251,1941,-1,ok,0,0,0,0,1940,1,1,1.14854,1866,5743,6059,1,2.56076,1864,13701,14903,10.4704,55382,1864
2,87,643668,475109,189,48,940,0.265095,0.098865,202,-1,ok,0,0,0,0,201,1,1,0.33742,189,189,693,1,0.085159,189,214,1796,0.064863,189,189
2,88,72436,674500,1030,261,3781,1.03537,0.363228,1087,-1,ok,0,0,0,0,1086,1,1,0.735161,1030,3048,3175,1,1.51633,1030,7589,7979,7.35082,37614,1030
2,89,868641,853704,37,9,106,0.039404,0.027601,38,-1,ok,0,0,0,0,37,1,1,0.015109,37,38,136,1,0.011021,37,37,411,0.029595,37,37
2,90,644709,548157,2038,515,6360,1.81328,0.866157,2137,-1,ok,0,0,0,0,2136,1,1,1.39092,2040,5922,6563,1,2.6561,2038,14079,16083,14.1876,70826,2038
2,91,582005,373594,1217,309,4221,1.15808,0.387422,1290,-1,ok,0,0,0,0,1289,1,1,0.828316,1217,3644,3727,1,1.71435,1217,8813,9062,9.06333,45309,1217
2,92,677416,621320,2042,517,5850,1.76836,0.494853,2135,-1,ok,0,0,0,0,2134,1,1,1.4406,2044,6208,6493,1,2.8259,2042,15002,15924,13.7783,70315,2042
2,93,705859,580720,219,56,616,0.189253,0.062206,238,-1,ok,0,0,0,0,237,1,1,0.086131,219,301,751,1,0.103974,219,363,1899,0.268211,1257,219
2,94,431412,580719,607,154,2165,0.529809,0.252641,634,-1,ok,0,0,0,0,633,1,1,0.376602,607,1540,2007,1,0.674549,607,3524,5066,3.40552,17721,607
2,95,437348,552419,661,168,2534,0.815783,0.244296,686,-1,ok,0,0,0,0,685,1,1,0.597276,663,1641,2249,1,0.742968,661,3746,5832,3.19985,18299,661
2,96,758271,503460,743,188,3183,0.902256,0.241702,774,-1,ok,0,0,0,0,773,1,1,0.383717,745,1713,2404,1,0.651517,743,3548,5719,3.76175,18490,743
2,97,868701,479347,1176,300,4803,1.32295,0.544727,1227,-1,ok,0,0,0,0,1226,1,1,0.801035,1176,3275,3892,1,1.51353,1176,7668,9441,9.64775,45874,1176
2,98,562097,501182,3169,800,7331,1.87825,1.05669,3270,-1,ok,0,0,0,0,3269,1,1,2.05126,3173,9100,9615,1,4.08282,3171,21260,23604,14.9677,74431,3169
2,99,278199,257290,49,13,157,0.055504,0.035806,54,-1,ok,0,0,0,0,53,1,1,0.020608,49,49,202,1,0.015157,49,49,564,0.013886,49,49
2,100,570049,534288,47,13,261,0.096279,0.046526,58,-1,ok,0,0,0,0,57,1,1,0.031339,47,47,208,1,0.020989,47,47,640,0.020378,47,47
2,101,541954,728137,425,109,1649,0.47126,0.213639,450,-1,ok,0,0,0,0,449,1,1,0.234027,425,1150,1386,1,0.550298,425,2666,3363,1.99178,10772,425
2,102,215378,85837,389,99,1785,0.464888,0.257943,420,-1,ok,0,0,0,0,419,1,1,0.260345,389,976,1098,1,0.411969,389,2180,2753,0.952678,5539,389
2,103,589928,544726,2226,564,6263,1.81483,0.92096,2325,-1,ok,0,0,0,0,2324,1,1,1.40067,2228,6918,7203,1,3.02519,2226,16616,17546,14.4379,73866,2226
2,104,541522,549453,805,204,2616,0.765208,0.346906,830,-1,ok,0,0,0,0,829,1,1,0.329356,805,1566,2172,1,0.633092,805,3557,5522,4.80095,23643,805
2,105,502684,483770,978,247,2902,0.766671,0.270254,1015,-1,ok,0,0,0,0,1014,1,1,0.445121,978,2595,2690,1,1.09771,978,6515,6763,5.43463,30698,978
2,106,185739,464682,1225,311,5848,1.6842,0.687974,1272,-1,ok,0,0,0,0,1271,1,1,0.824239,1227,3446,4228,1,1.54392,1225,8079,10514,9.28196,44382,1225
2,107,564997,595611,2276,574,5311,1.41949,0.958569,2365,-1,ok,0,0,0,0,2364,1,1,1.57793,2280,7056,7159,1,3.27002,2278,16924,17193,11.8538,58396,2276
2,108,589155,636201,2476,627,5893,1.75671,1.27424,2579,-1,ok,0,0,0,0,2578,1,1,1.65956,2478,7151,7476,1,3.38351,2476,17469,18407,14.7216,70451,2476
2,109,531285,901687,2128,537,5749,1.65557,0.768174,2211,-1,ok,0,0,0,0,2210,1,1,1.77675,2128,6396,6750,1,3.06664,2128,15505,16617,13.9011,68196,2128
2,110,732706,576220,224,56,641,0.187489,0.080331,241,-1,ok,0,0,0,0,240,1,1,0.154989,224,645,736,1,0.259395,224,1461,1816,0.642419,3123,224
2,111,109733,638731,1000,253,3704,1.02361,0.529405,1067,-1,ok,0,0,0,0,1066,1,1,0.613144,1000,2778,3097,1,1.37251,1000,6904,7805,6.61374,35200,1000
2,112,662568,191645,835,212,3460,0.961565,0.242764,892,-1,ok,0,0,0,0,891,1,1,0.495465,835,2424,2570,1,1.20181,835,5921,6459,8.27523,33636,835
2,113,374965,759941,1238,314,5425,1.50432,0.407561,1289,-1,ok,0,0,0,0,1288,1,1,0.816154,1238,3530,3961,1,1.72902,1238,8207,9589,9.09425,43838,1238
2,114,719164,27693,1169,297,4356,1.16575,0.338942,1254,-1,ok,0,0,0,0,1253,1,1,0.821984,1171,3484,3613,1,1.71321,1169,8593,9085,8.26228,40737,1169
2,115,752294,934231,163,42,570,0.169747,0.110617,168,-1,ok,0,0,0,0,167,1,1,0.192709,163,519,553,1,0.276075,163,1239,1404,0.344422,1566,163
2,116,655535,844782,573,146,2447,0.826153,0.260435,606,-1,ok,0,0,0,0,605,1,1,0.357809,575,1650,1824,1,0.665011,573,3593,4260,3.32169,16115,573
2,117,474798,607811,1695,429,6093,1.65797,0.485547,1768,-1,ok,0,0,0,0,1767,1,1,1.14203,1697,4829,5379,1,2.16249,1695,11276,12926,12.8329,63777,1695
2,118,913321,352359,1830,464,7026,1.85507,0.811995,1925,-1,ok,0,0,0,0,1924,1,1,1.57693,1842,5747,6057,1,2.50723,1836,12585,15337,13.5053,67065,1830
2,119,458475,638815,192,50,1026,0.302234,0.093124,217,-1,ok,0,0,0,0,216,1,1,0.109114,192,345,751,1,0.136575,192,600,2028,0.184064,941,192
2,120,185587,899904,797,204,3528,0.968659,0.309197,844,-1,ok,0,0,0,0,843,1,1,0.54583,803,2312,2648,1,1.17367,803,5451,6527,6.19553,28653,797
2,121,660993,722496,1439,365,4676,1.23146,0.409604,1514,-1,ok,0,0,0,0,1513,1,1,0.88894,1445,3792,4600,1,1.63183,1445,8801,11481,9.49756,49024,1439
2,122,587664,590978,396,101,1434,0.387994,0.19325,403,-1,ok,0,0,0,0,402,1,1,0.1607,396,625,1038,1,0.269072,396,1364,3021,0.504742,2903,396
2,123,227425,627948,1391,353,6704,1.83003,0.48777,1454,-1,ok,0,0,0,0,1453,1,1,0.748277,1391,3653,3923,1,1.6877,1391,9160,10003,9.47482,48375,1391
2,124,404568,507174,380,95,1409,0.397563,0.189773,391,-1,ok,0,0,0,0,390,1,1,0.190106,380,655,729,1,0.302324,380,1279,2357,0.835279,4446,380
2,125,234885,555140,1077,272,4471,1.20093,0.291104,1126,-1,ok,0,0,0,0,1125,1,1,0.588088,1077,2949,3378,1,1.27844,1077,7163,8658,7.38596,38485,1077
2,126,379198,738927,1657,418,4728,1.23161,0.632291,1734,-1,ok,0,0,0,0,1733,1,1,1.10931,1663,4645,5412,1,2.28949,1657,11217,13802,10.2966,50465,1657
2,127,516377,549670,2291,580,6233,1.8567,0.777432,2400,-1,ok,0,0,0,0,2399,1,1,1.62441,2293,6789,7420,1,3.45452,2291,16437,18388,14.0168,70659,2291
2,128,346621,479141,772,196,3686,1.00209,0.33224,813,-1,ok,0,0,0,0,812,1,1,0.496097,772,2341,2489,1,0.964569,772,5555,6165,4.42268,23874,772
2,129,380939,508659,970,245,4524,1.24571,0.304188,1011,-1,ok,0,0,0,0,1010,1,1,0.426036,970,2152,2615,1,0.855819,970,4734,6927,3.59613,20262,970
2,130,549667,582479,32,9,136,0.061485,0.033093,39,-1,ok,0,0,0,0,38,1,1,0.026149,32,32,144,1,0.012091,32,32,448,0.018545,32,32
2,131,231944,556389,1377,348,6551,1.84844,0.425284,1440,-1,ok,0,0,0,0,1439,1,1,0.712651,1377,3681,3797,1,1.67438,1377,9312,9632,9.23928,47464,1377
2,132,444980,143997,639,163,2279,0.585163,0.307273,690,-1,ok,0,0,0,0,689,1,1,0.33744,639,1625,1836,1,0.701429,639,3714,4450,2.5739,14571,639
2,133,553121,561095,2824,714,6323,1.63316,1.08105,2931,-1,ok,0,0,0,0,2930,1,1,2.00973,2828,8678,9023,1,3.96029,2826,20794,21989,14.3207,73309,2824
2,134,557186,599599,2595,656,7337,1.96957,0.988236,2698,-1,ok,0,0,0,0,2697,1,1,1.43927,2597,7579,7848,1,3.3667,2595,18414,19271,15.8689,80846,2595
2,135,752223,476482,939,238,4205,1.15669,0.636649,986,-1,ok,0,0,0,0,985,1,1,0.78276,945,2693,2968,1,1.27339,945,6481,7232,4.94867,25957,939
2,136,668229,470670,2659,673,6417,1.71274,1.0241,2768,-1,ok,0,0,0,0,2767,1,1,1.63124,2661,7395,8073,1,3.49085,2659,17820,19955,14.2184,70689,2659
2,137,328875,564452,195,50,969,0.254515,0.122039,208,-1,ok,0,0,0,0,207,1,1,0.132368,195,342,717,1,0.140011,195,547,1666,0.178634,898,195
2,138,642157,729840,1731,439,5529,1.76099,0.792338,1802,-1,ok,0,0,0,0,1801,1,1,0.878981,1733,4576,5676,1,1.90068,1731,10468,13917,10.2871,53712,1731
2,139,90305,752572,987,250,3795,1.01253,0.401711,1014,-1,ok,0,0,0,0,1013,1,1,0.830089,989,3156,3394,1,1.61227,987,6559,8514,4.09737,21023,987
2,140,540469,868590,1095,278,4982,1.38545,0.37437,1170,-1,ok,0,0,0,0,1169,1,1,0.725725,1101,3234,3521,1,1.64193,1101,7885,8791,7.71557,38391,1095
2,141,554237,542468,341,88,1657,0.484113,0.244427,360,-1,ok,0,0,0,0,359,1,1,0.244708,343,912,1047,1,0.372907,343,1967,2356,1.22058,5867,341
2,142,552875,544670,2521,638,6526,1.86249,1.01444,2628,-1,ok,0,0,0,0,2627,1,1,1.69819,2525,7624,7993,1,3.4359,2523,18105,19283,14.6501,73344,2521
2,143,489779,135045,582,148,2373,0.713603,0.258092,635,-1,ok,0,0,0,0,634,1,1,0.36451,582,1513,1723,1,0.703452,582,3549,4287,2.82219,15398,582
2,144,684986,321427,899,227,3919,1.12099,0.311552,962,-1,ok,0,0,0,0,961,1,1,0.512135,899,2320,2733,1,1.12523,899,5471,6791,7.66028,34162,899
2,145,551199,39629,1264,323,4192,1.18274,0.54072,1323,-1,ok,0,0,0,0,1322,1,1,0.983054,1268,4246,4343,1,2.03655,1264,9987,10762,9.42653,39964,1264
2,146,161784,518507,1403,355,6673,1.82596,0.540058,1452,-1,ok,0,0,0,0,1451,1,1,0.852332,1405,4082,4521,1,1.82496,1403,9472,10778,10.5152,50296,1403
2,147,916310,555655,611,154,2103,0.512837,0.230029,638,-1,ok,0,0,0,0,637,1,1,0.322772,613,1405,1965,1,0.590141,611,3011,4715,2.66255,14115,611
2,148,358724,558670,1036,264,4418,1.20969,0.231272,1077,-1,ok,0,0,0,0,1076,1,1,0.629525,1038,3271,3427,1,1.59557,1036,7824,8292,8.16846,39297,1036
2,149,491303,659590,417,106,1579,0.423271,0.25743,436,-1,ok,0,0,0,0,435,1,1,0.366765,417,1321,1438,1,0.650974,417,3206,3576,2.38232,13217,417
2,150,551910,879052,1906,483,4979,1.30693,0.70171,1991,-1,ok,0,0,0,0,1990,1,1,1.42528,1912,5445,5767,1,2.76632,1912,13575,14504,11.245,55146,1906
2,151,548928,513895,2545,644,6327,1.70662,0.7072,2650,-1,ok,0,0,0,0,2649,1,1,1.40656,2547,7094,7774,1,3.1909,2545,17129,19257,13.662,70674,2545
2,152,544907,516738,841,212,3973,1.05935,0.33218,894,-1,ok,0,0,0,0,893,1,1,0.42817,847,2176,2533,1,0.951477,847,5014,5987,4.77664,25710,841
2,153,596621,550078,3073,777,7517,1.97578,0.852542,3184,-1,ok,0,0,0,0,3183,1,1,1.98507,3077,8848,9333,1,4.13016,3075,21254,22809,18.2865,87684,3073
2,154,457377,679268,965,245,3012,0.855609,0.524098,1014,-1,ok,0,0,0,0,1013,1,1,0.607335,971,3061,3152,1,1.34023,969,7161,7475,4.93736,27753,965
2,155,888007,738901,148,37,655,0.18217,0.066483,155,-1,ok,0,0,0,0,154,1,1,0.121737,148,477,506,1,0.197849,148,1046,1246,0.586324,3181,148
2,156,557446,245356,1550,392,3546,0.948762,0.560897,1601,-1,ok,0,0,0,0,1600,1,1,0.984719,1554,4819,5106,1,2.32369,1552,11280,12071,7.34891,40658,1550
2,157,269058,233403,285,73,1002,0.312324,0.163905,300,-1,ok,0,0,0,0,299,1,1,0.146444,285,603,810,1,0.283589,285,1341,2065,0.724341,3379,285
2,158,561143,482354,629,160,2793,0.878951,0.334104,652,-1,ok,0,0,0,0,651,1,1,0.394496,629,1287,2029,1,0.584942,629,2525,4961,4.12196,17927,629
2,159,476616,512534,204,53,1122,0.337821,0.122148,231,-1,ok,0,0,0,0,230,1,1,0.136715,204,434,691,1,0.17623,204,891,1662,1.08175,6051,204
2,160,651112,289929,1373,349,4513,1.38405,0.467402,1434,-1,ok,0,0,0,0,1433,1,1,0.879321,1375,4022,4378,1,2.0204,1373,9326,10470,8.75883,45876,1373
2,161,728484,372110,264,68,958,0.272828,0.104215,273,-1,ok,0,0,0,0,272,1,1,0.103824,264,264,1058,1,0.114273,264,269,2916,0.09661,309,264
2,162,569402,643340,2200,556,5363,1.45552,0.694967,2291,-1,ok,0,0,0,0,2290,1,1,1.56855,2204,6586,7017,1,2.88847,2202,15428,16995,10.1199,55450,2200
2,163,148333,409238,245,64,893,0.24072,0.180546,278,-1,ok,0,0,0,0,277,1,1,0.144599,245,364,757,1,0.163265,245,746,1858,0.286556,1531,245
2,164,464750,373454,1640,416,4624,1.4892,0.833626,1711,-1,ok,0,0,0,0,1710,1,1,1.25912,1642,4951,5312,1,2.47922,1640,11912,12904,9.34667,51643,1640
2,165,355695,858397,800,202,3527,1.01046,0.61068,819,-1,ok,0,0,0,0,818,1,1,0.613356,800,2452,2703,1,1.62444,800,5814,6584,3.35841,18252,800
2,166,671610,490121,1975,498,6852,1.98391,1.01441,2054,-1,ok,0,0,0,0,2053,1,1,1.3535,1977,6175,6353,1,3.20027,1975,15012,15658,18.1717,76395,1975
2,167,620032,817899,1017,258,2821,0.791507,0.566107,1066,-1,ok,0,0,0,0,1065,1,1,0.617663,1021,2872,3166,1,1.14084,1019,6338,7212,5.22795,27881,1017
2,168,475138,561483,915,232,3106,1.01776,0.29445,954,-1,ok,0,0,0,0,953,1,1,0.497409,917,2706,3007,1,1.101,915,6109,6994,5.33228,30334,915
2,169,677523,564943,2418,612,7464,2.26367,0.952668,2521,-1,ok,0,0,0,0,2520,1,1,1.66775,2422,7302,7663,1,3.49326,2420,17399,18580,18.0259,84521,2418
2,170,547139,894242,1009,256,2262,0.582558,0.409635,1052,-1,ok,0,0,0,0,1051,1,1,0.622582,1011,2984,3025,1,1.27153,1011,6777,7081,3.50193,19650,1009
2,171,513656,703356,1488,379,5667,1.65803,0.542103,1549,-1,ok,0,0,0,0,1548,1,1,1.0219,1490,4640,4732,1,2.36599,1488,11133,11389,12.8009,57709,1488
2,172,561653,646343,1780,451,5382,1.51337,0.739701,1845,-1,ok,0,0,0,0,1844,1,1,0.945766,1782,4802,5767,1,1.94532,1780,11010,14027,10.3858,53602,1780
2,173,452860,580211,2703,683,7310,1.87345,0.891294,2810,-1,ok,0,0,0,0,2809,1,1,5.41425,2705,8073,8318,1,6.09615,2703,19822,20570,15.7029,80816,2703
2,174,457346,589806,992,253,3079,1.19263,1.08121,1043,-1,ok,0,0,0,0,1042,1,1,0.616351,994,3048,3326,1,1.34112,992,7071,7898,5.87761,29685,992
2,175,125970,564306,414,104,1936,0.739641,0.558162,443,-1,ok,0,0,0,0,442,1,1,0.250238,414,1013,1302,1,0.501336,414,2275,3349,1.26854,5306,414
2,176,432903,536123,1450,367,4506,1.69237,1.08542,1527,-1,ok,0,0,0,0,1526,1,1,1.05858,1456,4184,4587,1,2.31472,1456,10164,11255,9.91438,48138,1450
2,177,586708,335970,692,176,3500,0.973005,0.402611,719,-1,ok,0,0,0,0,718,1,1,0.368248,692,1557,2401,1,0.664881,692,3362,6147,3.42399,19204,692
2,178,127595,700137,422,108,1589,0.425674,0.304699,435,-1,ok,0,0,0,0,434,1,1,0.34748,422,897,1657,1,0.671554,422,1928,4494,0.96934,4133,422
2,179,538665,123021,1064,269,3358,0.898709,0.380851,1129,-1,ok,0,0,0,0,1128,1,1,0.636,1064,2831,3226,1,1.40186,1064,6705,8056,6.37994,34570,1064
2,180,352712,882018,430,109,1898,0.526473,0.270856,457,-1,ok,0,0,0,0,456,1,1,0.453927,436,1293,1598,1,0.841632,436,3163,4105,1.29359,5526,430
2,181,570105,642882,409,103,1739,0.486789,0.246762,418,-1,ok,0,0,0,0,417,1,1,0.188472,409,832,973,1,0.475238,409,2349,2797,1.70384,10197,409
2,182,236454,64964,158,41,900,0.228787,0.140734,181,-1,ok,0,0,0,0,180,1,1,0.196046,158,384,542,1,0.217586,158,871,1370,0.636869,3096,158
2,183,547182,801522,1262,320,2798,0.903666,0.65388,1311,-1,ok,0,0,0,0,1310,1,1,1.07875,1266,3718,4022,1,1.91743,1264,8408,9390,5.69017,28573,1262
2,184,684920,553657,177,46,588,0.190756,0.102061,192,-1,ok,0,0,0,0,191,1,1,0.093735,177,219,609,1,0.075831,177,290,1581,0.146523,670,177
2,185,552875,351270,1255,319,3347,0.976283,0.43356,1306,-1,ok,0,0,0,0,1305,1,1,0.742866,1259,3396,4188,1,1.42975,1257,7398,10060,6.40451,34338,1255
2,186,492765,584268,2039,516,7311,2.19111,0.956215,2116,-1,ok,0,0,0,0,2115,1,1,1.44957,2043,6246,6483,1,3.10824,2041,14794,15479,18.7746,80673,2039
2,187,155792,743182,560,141,2705,0.760972,0.333573,593,-1,ok,0,0,0,0,592,1,1,0.36987,560,1255,1849,1,0.599359,560,2597,4720,1.74709,5800,560
2,188,433249,556063,1470,372,6959,1.95188,0.424863,1517,-1,ok,0,0,0,0,1516,1,1,0.996181,1474,4238,4764,1,1.8465,1472,9840,11525,11.3342,53381,1470
2,189,675909,548947,322,83,1474,0.40672,0.201044,343,-1,ok,0,0,0,0,342,1,1,0.173585,322,520,631,1,0.352007,322,1452,1749,0.645434,3084,322
2,190,801727,652069,1904,482,6078,1.86842,0.775838,1977,-1,ok,0,0,0,0,1976,1,1,1.34368,1904,5978,6189,1,2.9106,1904,14403,15018,25.4822,72405,1904
2,191,424436,194685,1235,313,3636,1.10934,0.420044,1282,-1,ok,0,0,0,0,1281,1,1,0.867019,1237,3836,4222,1,1.99103,1235,9185,10338,10.9468,36924,1235
2,192,568596,520838,78,21,553,0.198279,0.05848,87,-1,ok,0,0,0,0,86,1,1,0.05942,78,78,332,1,0.023464,78,78,962,0.055034,78,78
2,193,537052,487130,2582,651,6780,1.91434,0.971795,2677,-1,ok,0,0,0,0,2676,1,1,1.58146,2584,7674,7815,1,3.71314,2582,18904,19421,23.2913,77015,2582
2,194,287117,597610,1357,344,6580,1.88133,0.416457,1402,-1,ok,0,0,0,0,1401,1,1,0.885254,1361,4210,4472,1,1.9638,1359,9845,10652,15.0799,53827,1357
2,195,734217,369103,902,228,4181,1.1935,0.323424,963,-1,ok,0,0,0,0,962,1,1,0.625698,902,2621,2765,1,1.35676,902,6373,6853,11.129,37832,902
2,196,609326,594424,18,6,38,0.0157,0.019647,27,-1,ok,0,0,0,0,26,1,1,0.017293,18,18,84,1,0.006553,18,18,226,0.012032,18,18
2,197,555356,373478,150,38,829,0.234739,0.062677,167,-1,ok,0,0,0,0,166,1,1,0.119273,150,321,493,1,0.165559,150,632,1379,0.200825,955,150
2,198,538782,596393,2887,729,7658,2.03962,0.69129,2994,-1,ok,0,0,0,0,2993,1,1,1.79644,2891,8754,9169,1,4.18857,2889,20869,22137,24.1798,90119,2887
2,199,853804,764242,234,60,794,0.234879,0.129852,243,-1,ok,0,0,0,0,242,1,1,0.118431,234,457,817,1,0.137817,234,702,1825,0.239427,1221,234
2,200,546144,731449,1563,395,4678,1.3056,0.550769,1638,-1,ok,0,0,0,0,1637,1,1,1.1123,1563,4091,4911,1,1.92776,1563,9543,12297,13.8102,49057,1563
2,201,546580,470520,70,19,168,0.055032,0.060603,83,-1,ok,0,0,0,0,82,1,1,0.039904,70,70,271,1,0.022523,70,70,661,0.052809,70,70
2,202,587180,610058,2820,714,7301,2.00861,1.52292,2931,-1,ok,0,0,0,0,2930,1,1,1.798,2824,8340,8576,1,4.01352,2822,20179,20892,19.5144,80831,2820
2,203,554148,555672,34,11,204,0.07467,0.036148,47,-1,ok,0,0,0,0,46,1,1,0.017192,34,34,176,1,0.012363,34,34,544,0.01092,34,34
2,204,618603,576023,2630,666,6229,1.77354,0.71735,2731,-1,ok,0,0,0,0,2730,1,1,1.74231,2634,8071,8444,1,3.86024,2632,19287,20445,18.5508,73278,2630
2,205,111185,663982,1131,287,4285,1.23985,0.424723,1204,-1,ok,0,0,0,0,1203,1,1,0.724112,1131,3245,3473,1,1.58603,1131,7946,8660,8.53716,40593,1131
2,206,558415,519079,908,230,4196,1.11608,0.389667,933,-1,ok,0,0,0,0,932,1,1,0.427107,908,1890,2384,1,0.786378,908,3870,6219,3.20089,18460,908
2,207,273703,668225,1512,382,7073,1.99988,0.408212,1575,-1,ok,0,0,0,0,1574,1,1,0.812458,1512,4022,4209,1,1.91958,1512,9973,10578,11.5044,54992,1512
2,208,342313,675920,1135,287,4944,1.3702,0.261548,1186,-1,ok,0,0,0,0,1185,1,1,0.707011,1135,3285,3493,1,1.48215,1135,7924,8578,9.45965,43864,1135
2,209,455838,475237,29,8,89,0.037721,0.044262,42,-1,ok,0,0,0,0,41,1,1,0.048171,29,29,104,1,0.016129,29,37,319,0.02131,29,29
2,210,407548,553070,2852,721,7532,2.00588,1.19312,2959,-1,ok,0,0,0,0,2958,1,1,1.9242,2856,8595,9120,1,4.50706,2854,20683,22371,22.4919,87342,2852
2,211,504813,914851,324,84,1442,0.447446,0.266096,347,-1,ok,0,0,0,0,346,1,1,0.350284,324,1109,1215,1,0.593197,324,1982,2896,0.943191,3703,324
2,212,547561,230431,1222,309,3518,0.99646,0.549557,1287,-1,ok,0,0,0,0,1286,1,1,0.816034,1222,3256,3479,1,1.62016,1222,8027,8769,12.6253,41512,1222
2,213,466238,312299,1571,398,4539,1.28546,0.751633,1626,-1,ok,0,0,0,0,1625,1,1,1.16211,1573,4789,5101,1,2.37407,1571,11467,12428,13.0692,48789,1571
2,214,234897,536226,1213,308,5810,1.94896,0.569693,1266,-1,ok,0,0,0,0,1265,1,1,0.721666,1215,3444,4122,1,1.50166,1213,7893,10024,11.9513,45493,1213
2,215,580756,561650,1750,443,6159,1.81093,0.688796,1815,-1,ok,0,0,0,0,1814,1,1,1.35516,1752,5440,5584,1,2.71069,1750,13033,13462,20.9952,69389,1750
2,216,744886,554466,1138,290,5361,1.65931,0.356494,1189,-1,ok,0,0,0,0,1188,1,1,0.757815,1142,3250,3573,1,1.37687,1140,7268,8221,8.61741,36805,1138
2,217,864144,644857,1147,292,5296,1.47737,0.502658,1194,-1,ok,0,0,0,0,1193,1,1,0.644012,1153,2900,3877,1,1.27524,1153,6794,9800,9.20284,41653,1147
2,218,155929,549165,1194,302,4759,1.28183,0.562541,1257,-1,ok,0,0,0,0,1256,1,1,0.966244,1194,3284,3651,1,1.66758,1194,7836,9117,9.33348,40836,1194
2,219,734340,664355,1063,270,4557,1.24065,0.641688,1112,-1,ok,0,0,0,0,1111,1,1,0.650956,1063,2886,3468,1,1.35203,1063,6826,8567,7.74444,34008,1063
2,220,483567,570424,1455,368,4559,1.38675,0.518449,1526,-1,ok,0,0,0,0,1525,1,1,0.941077,1455,4240,4596,1,1.9715,1455,10214,11385,10.1264,48921,1455
2,221,639206,652049,2073,525,6108,1.70939,0.715324,2158,-1,ok,0,0,0,0,2157,1,1,1.32864,2075,6378,6616,1,3.01939,2073,15373,16096,17.1135,73262,2073
2,222,93334,537056,1452,367,6401,1.8013,0.442876,1527,-1,ok,0,0,0,0,1526,1,1,0.835781,1452,3678,4059,1,1.78814,1452,8571,10340,8.11471,41025,1452
2,223,603581,431982,437,110,1774,0.482991,0.308406,454,-1,ok,0,0,0,0,453,1,1,0.359332,437,1169,1430,1,0.573891,437,2514,3370,2.30791,7661,437
2,224,439095,658592,1491,378,5775,1.63629,0.590362,1554,-1,ok,0,0,0,0,1553,1,1,1.00653,1493,4486,4713,1,2.14406,1491,10633,11328,21.1557,60308,1491
2,225,814923,899971,128,34,554,0.15565,0.090679,139,-1,ok,0,0,0,0,138,1,1,0.15025,128,398,454,1,0.213709,128,870,1031,0.478813,2672,128
2,226,498998,590659,2587,655,7312,2.00226,0.908707,2692,-1,ok,0,0,0,0,2691,1,1,1.68297,2589,7675,7924,1,3.83069,2587,18827,19600,29.0255,80834,2587
2,227,559098,530053,2275,575,5004,1.59674,0.730916,2348,-1,ok,0,0,0,0,2347,1,1,1.32194,2279,6579,7315,1,2.90206,2277,15411,17530,14.0788,53898,2275
2,228,549050,87356,1368,346,4111,1.21823,0.645875,1451,-1,ok,0,0,0,0,1450,1,1,0.863543,1368,3590,3911,1,1.87869,1368,8777,9878,13.7208,43802,1368
2,229,507967,791931,2780,702,7560,2.07537,1.00048,2885,-1,ok,0,0,0,0,2884,1,1,1.8072,2782,8098,8303,1,3.82188,2780,19669,20337,22.0629,87192,2780
2,230,403304,932996,1476,373,5807,1.72746,0.704575,1523,-1,ok,0,0,0,0,1522,1,1,1.08454,1476,4214,4624,1,2.11801,1476,9783,11026,10.7941,48724,1476
2,231,779288,400102,1980,500,6847,2.01662,0.879803,2051,-1,ok,0,0,0,0,2050,1,1,1.47236,1980,6268,6493,1,3.01462,1980,15071,16070,18.8532,75230,1980
2,232,115537,717680,835,211,3593,1.02275,0.237543,886,-1,ok,0,0,0,0,885,1,1,0.568782,835,2368,2691,1,1.18503,835,5695,6721,4.23697,21113,835
2,233,625715,531035,2478,627,7156,2.00472,0.610349,2583,-1,ok,0,0,0,0,2582,1,1,1.40845,2480,7025,7426,1,3.05532,2478,16398,18448,16.1874,73695,2478
2,234,12779,392632,1393,354,5777,1.70217,0.644834,1470,-1,ok,0,0,0,0,1469,1,1,0.970192,1395,3725,4461,1,1.83142,1393,8909,11364,7.75663,40916,1393
2,235,491073,550893,600,152,2256,0.591735,0.335277,631,-1,ok,0,0,0,0,630,1,1,0.408303,600,1813,1939,1,0.870987,600,4209,4756,5.94295,19518,600
2,236,544640,612058,608,155,2250,0.547573,0.235881,633,-1,ok,0,0,0,0,632,1,1,0.301162,608,1340,1839,1,0.519099,608,2846,4517,3.12945,17730,608
2,237,349394,221491,1219,308,3515,0.99605,0.423982,1280,-1,ok,0,0,0,0,1279,1,1,0.756583,1219,3640,3833,1,1.75429,1219,9128,9824,9.2759,37230,1219
2,238,643343,800035,1098,278,4833,1.37193,0.442256,1151,-1,ok,0,0,0,0,1150,1,1,0.813109,1098,3413,3587,1,1.87874,1098,8617,9115,10.072,41464,1098
2,239,466292,494384,1056,267,3188,0.993306,0.496718,1099,-1,ok,0,0,0,0,1098,1,1,0.847953,1058,3068,3520,1,1.35985,1056,7029,8429,8.94207,30097,1056
2,240,263294,711941,727,184,3184,0.849897,0.341256,758,-1,ok,0,0,0,0,757,1,1,0.348791,727,1253,2338,1,0.594741,727,2567,5967,5.06851,19914,727
2,241,540708,407534,2386,604,6865,1.92762,0.748317,2491,-1,ok,0,0,0,0,2490,1,1,1.48946,2388,7105,7838,1,3.41686,2386,16980,19559,17.3535,73400,2386
2,242,407548,728111,217,56,1045,0.273269,0.172472,226,-1,ok,0,0,0,0,225,1,1,0.140924,217,217,875,1,0.10171,217,217,2619,0.148568,217,217
2,243,495501,485664,2437,615,6925,1.91781,1.0646,2536,-1,ok,0,0,0,0,2535,1,1,1.53604,2439,7654,7867,1,3.70225,2437,18816,19596,18.9658,77339,2437
2,244,720906,179696,594,151,2309,0.618615,0.298357,633,-1,ok,0,0,0,0,632,1,1,0.442978,594,1799,1962,1,1.02853,594,4601,5095,3.24855,16388,594
2,245,650350,482575,2675,677,6515,1.8134,0.852841,2786,-1,ok,0,0,0,0,2785,1,1,1.5689,2677,7395,8142,1,3.4046,2675,17734,20050,15.5454,70704,2675
2,246,638652,817933,1535,389,4853,1.3055,0.409735,1606,-1,ok,0,0,0,0,1605,1,1,1.03858,1535,4819,4932,1,2.34824,1535,11846,12146,12.3164,55609,1535
2,247,548934,567346,842,214,2536,0.754017,0.226702,869,-1,ok,0,0,0,0,868,1,1,0.345394,842,1721,2290,1,0.784526,842,3903,5753,4.54637,24352,842
2,248,573392,445311,937,237,4355,1.34278,0.51425,976,-1,ok,0,0,0,0,975,1,1,0.473655,939,2151,2885,1,0.879352,937,4564,6899,5.934,27552,937
2,249,791829,669974,699,176,1523,0.378738,0.293547,712,-1,ok,0,0,0,0,711,1,1,0.37505,699,1257,1601,1,0.539136,699,2538,4169,1.08984,5774,699
2,250,181289,193174,55,14,144,0.048419,0.041126,68,-1,ok,0,0,0,0,67,1,1,0.041297,55,134,167,1,0.052809,55,235,467,0.044674,247,55
2,251,734304,877601,1239,315,5093,1.57864,0.373378,1280,-1,ok,0,0,0,0,1279,1,1,0.891165,1239,3923,4175,1,2.0696,1239,9817,10471,11.2548,42458,1239
2,252,541771,272040,815,207,3151,0.976844,0.280434,874,-1,ok,0,0,0,0,873,1,1,0.531903,815,2361,2571,1,1.10141,815,5483,6359,6.13454,24166,815
2,253,555426,520840,632,160,2564,0.729852,0.316772,651,-1,ok,0,0,0,0,650,1,1,0.350744,632,1615,2054,1,0.62654,632,3596,5140,3.53466,17798,632
2,254,554148,468913,1653,419,4774,1.39321,0.764888,1726,-1,ok,0,0,0,0,1725,1,1,1.01121,1655,4753,5342,1,2.24281,1653,11186,12867,15.9256,53433,1653
2,255,407897,554527,1448,367,6900,1.95448,0.642318,1493,-1,ok,0,0,0,0,1492,1,1,1.02292,1452,4266,4694,1,1.94451,1450,9976,11316,13.182,55076,1448
2,256,476137,886494,1697,431,5066,1.34261,0.578801,1796,-1,ok,0,0,0,0,1795,1,1,1.38278,1703,5476,5552,1,2.90072,1703,13523,13854,19.6611,56352,1697
2,257,647690,523082,2414,611,7376,1.98284,0.6696,2519,-1,ok,0,0,0,0,2518,1,1,1.873,2418,7462,7629,1,3.51822,2416,17809,18273,27.8421,90555,2414
2,258,841766,458240,1678,427,6706,2.27103,1.07336,1767,-1,ok,0,0,0,0,1766,1,1,1.51578,1684,4954,5546,1,2.62049,1684,11988,13947,23.5268,66477,1678
2,259,462910,637233,417,105,1609,0.462124,0.174766,442,-1,ok,0,0,0,0,441,1,1,0.229799,417,1035,1355,1,0.469646,417,2563,3395,2.17069,11833,417
2,260,536976,551877,19,6,54,0.025148,0.028653,26,-1,ok,0,0,0,0,25,1,1,0.021881,19,19,96,1,0.012023,19,19,289,0.01581,19,19
2,261,42610,554524,1736,441,7417,2.08929,0.808841,1803,-1,ok,0,0,0,0,1802,1,1,1.49648,1740,5352,5773,1,2.70916,1738,12841,14184,15.3742,61353,1736
2,262,613794,229015,1113,284,3640,0.932602,0.52548,1166,-1,ok,0,0,0,0,1165,1,1,0.77177,1115,3541,3781,1,1.75954,1113,8327,9008,8.02577,37126,1113
2,263,786608,624950,1914,485,7376,2.05508,0.779956,1991,-1,ok,0,0,0,0,1990,1,1,1.38896,1920,5452,5756,1,2.53543,1920,13596,14584,17.9786,73614,1914
2,264,412226,542166,1648,418,6551,1.78935,0.659752,1725,-1,ok,0,0,0,0,1724,1,1,0.987743,1650,4570,5305,1,2.2613,1648,10548,12765,15.3116,64093,1648
2,265,578007,584682,2557,648,7335,2.12618,0.811485,2662,-1,ok,0,0,0,0,2661,1,1,1.49378,2559,7540,7788,1,3.33599,2557,18394,19140,20.6464,80842,2557
2,266,129099,357177,198,50,929,0.253462,0.153707,213,-1,ok,0,0,0,0,212,1,1,0.129973,198,208,717,1,0.086121,198,208,1825,0.356887,1823,198
2,267,670451,218543,1088,277,3553,1.04506,0.342149,1131,-1,ok,0,0,0,0,1130,1,1,0.7869,1090,3408,3738,1,1.69078,1088,8021,9096,7.88183,33694,1088
2,268,636901,562811,880,222,2302,0.614727,0.529429,909,-1,ok,0,0,0,0,908,1,1,0.4557,880,2280,2369,1,1.03368,880,5557,5945,6.85644,26825,880
2,269,161898,720900,750,189,3192,1.15996,0.356576,791,-1,ok,0,0,0,0,790,1,1,0.413643,750,1258,2341,1,0.59947,750,2579,6009,7.05883,21524,750
2,270,536127,726744,1037,263,4967,1.41528,0.312924,1092,-1,ok,0,0,0,0,1091,1,1,0.646287,1039,3205,3317,1,1.48699,1039,7847,8325,8.29467,33227,1037
2,271,182733,659592,907,230,3671,1.07379,0.22456,964,-1,ok,0,0,0,0,963,1,1,0.527686,907,2663,2782,1,1.27169,907,6626,6998,8.47029,35409,907
2,272,557521,334467,2898,732,7057,2.01929,1.02804,3003,-1,ok,0,0,0,0,3002,1,1,2.38076,2908,8993,9339,1,4.02753,2900,20022,22886,16.4658,73457,2898
2,273,550876,844900,1310,332,5365,1.66041,0.754669,1379,-1,ok,0,0,0,0,1378,1,1,0.897105,1310,3899,4119,1,2.00139,1310,9315,10040,10.6158,46488,1310
2,274,442000,527458,1850,468,6834,1.92909,0.564373,1927,-1,ok,0,0,0,0,1926,1,1,1.18092,1852,5726,5807,1,2.68728,1850,13466,13834,14.7949,69421,1850
2,275,163378,695363,985,249,3842,1.2487,0.545829,1044,-1,ok,0,0,0,0,1043,1,1,0.722098,985,2845,3018,1,1.51373,985,7000,7526,10.9971,38613,985
2,276,469207,449288,2393,604,6733,1.96884,1.0412,2480,-1,ok,0,0,0,0,2479,1,1,1.9489,2395,7158,7770,1,3.32635,2393,17174,19185,19.2393,73363,2393
2,277,621533,503471,384,97,993,0.277628,0.258513,395,-1,ok,0,0,0,0,394,1,1,0.295942,384,1010,1259,1,0.4772,384,2246,3027,1.41871,4835,384
2,278,584186,780781,627,158,2131,0.71801,0.269543,654,-1,ok,0,0,0,0,653,1,1,0.317893,631,1694,1884,1,0.638051,629,3440,4383,5.17999,18390,627
2,279,537110,215501,1213,307,3475,0.992654,0.626059,1276,-1,ok,0,0,0,0,1275,1,1,0.751714,1213,3258,3438,1,1.5808,1213,8112,8752,12.5451,41547,1213
2,280,552659,521369,42,11,193,0.070421,0.033713,47,-1,ok,0,0,0,0,46,1,1,0.029745,42,42,176,1,0.019436,42,42,544,0.02119,42,42
2,281,470354,521484,1808,457,6773,1.9009,0.754498,1883,-1,ok,0,0,0,0,1882,1,1,1.34383,1810,5251,5668,1,2.63468,1808,12233,13490,17.1557,67589,1808
2,282,779294,490035,423,107,1786,0.474315,0.18238,446,-1,ok,0,0,0,0,445,1,1,0.190636,425,700,1440,1,0.24101,423,1240,3585,0.666726,3597,423
2,283,856695,383684,1735,439,6901,1.92075,0.861779,1798,-1,ok,0,0,0,0,1797,1,1,1.26964,1735,5019,5763,1,2.60923,1735,12118,14613,17.9855,66731,1735
2,284,856911,565634,2043,517,6332,1.75985,0.621209,2120,-1,ok,0,0,0,0,2119,1,1,1.31916,2043,6399,6634,1,2.99095,2043,15319,16057,15.8757,74365,2043
2,285,226029,617772,1109,281,4398,1.22082,0.291324,1162,-1,ok,0,0,0,0,1161,1,1,0.656657,1109,3162,3452,1,1.51891,1109,7819,8672,8.0764,40961,1109
2,286,273528,498716,214,55,601,0.17115,0.087844,237,-1,ok,0,0,0,0,236,1,1,0.1388,214,504,663,1,0.204322,214,1040,1634,0.424663,2252,214
2,287,585019,659525,120,32,556,0.194623,0.095218,133,-1,ok,0,0,0,0,132,1,1,0.074429,120,164,429,1,0.061715,120,269,1070,0.19182,752,120
2,288,714688,746144,256,66,1248,0.390258,0.126536,271,-1,ok,0,0,0,0,270,1,1,0.102351,256,544,805,1,0.19816,256,1144,1888,0.606462,3471,256
2,289,487154,401935,1115,281,3253,0.896474,0.520632,1148,-1,ok,0,0,0,0,1147,1,1,0.774316,1117,3013,3761,1,1.54295,1115,6795,9332,5.64341,29893,1115
2,290,558487,858169,252,65,780,0.231152,0.190366,281,-1,ok,0,0,0,0,280,1,1,0.206286,258,646,929,1,0.276357,258,1298,2122,0.829889,2917,252
2,291,574271,660088,2395,606,5762,1.64927,1.2249,2494,-1,ok,0,0,0,0,2493,1,1,1.98298,2397,7118,7193,1,3.95462,2395,17478,17747,18.9224,70720,2395
2,292,41143,546444,721,183,2374,0.735926,0.417259,764,-1,ok,0,0,0,0,763,1,1,0.505765,721,1451,2197,1,0.724322,721,3267,5521,3.49624,18062,721
2,293,760001,646214,1715,434,5803,1.87782,0.72277,1788,-1,ok,0,0,0,0,1787,1,1,1.08804,1717,5398,5635,1,2.61635,1715,13113,13774,15.1025,68484,1715
2,294,185761,377965,506,129,1842,0.448898,0.159979,527,-1,ok,0,0,0,0,526,1,1,0.218538,506,1030,1502,1,0.427047,506,2423,3760,2.95598,15369,506
2,295,604576,736790,940,238,4465,1.51983,0.427509,969,-1,ok,0,0,0,0,968,1,1,0.568502,940,2364,2512,1,1.13714,940,5760,6239,6.91361,29173,940
2,296,604356,279676,1122,283,3737,1.0479,0.495486,1183,-1,ok,0,0,0,0,1182,1,1,0.670601,1122,3043,3412,1,1.46762,1122,7209,8430,7.62274,37132,1122
2,297,467430,178127,281,72,1292,0.38592,0.131856,304,-1,ok,0,0,0,0,303,1,1,0.202959,281,708,916,1,0.330457,281,1504,2234,0.819951,4332,281
2,298,473402,701873,1457,370,5647,1.58787,0.567128,1516,-1,ok,0,0,0,0,1515,1,1,1.11938,1459,4474,4617,1,2.3882,1457,10522,11052,13.8601,54516,1457
2,299,546168,470167,91,24,481,0.161251,0.080822,102,-1,ok,0,0,0,0,101,1,1,0.081702,91,91,292,1,0.036148,91,91,754,0.025086,91,91
3,0,515417,637366,1801,228,1720,0.59936,1.72428,2042,-1,ok,0,0,0,0,2041,1,1,2.73084,1803,9298,10366,1,3.85364,1801,19213,22455,12.0601,55476,1801
3,1,221578,683609,709,90,985,0.2894,0.585955,794,-1,ok,0,0,0,0,793,1,1,0.550758,709,2223,4122,1,0.887848,709,4815,10470,3.29067,17883,709
3,2,566063,455879,224,29,384,0.135623,0.169948,257,-1,ok,0,0,0,0,256,1,1,0.186468,228,642,1456,1,0.090058,224,392,4100,0.540569,2755,224
3,3,364509,251282,377,49,506,0.1345,0.23605,422,-1,ok,0,0,0,0,421,1,1,0.271357,377,1438,1731,1,0.558662,377,3320,4147,1.39258,7916,377
3,4,713214,541596,268,34,370,0.104405,0.217586,289,-1,ok,0,0,0,0,288,1,1,0.184865,268,296,1704,1,0.094325,268,303,3529,0.139021,281,268
3,5,708892,372109,865,112,1308,0.322292,0.457935,990,-1,ok,0,0,0,0,989,1,1,1.06576,865,4346,4652,1,2.13032,865,10220,10848,7.55247,33055,865
3,6,549730,910635,485,63,671,0.184524,0.403653,540,-1,ok,0,0,0,0,539,1,1,0.559114,485,2062,2814,1,0.783222,485,3849,5346,2.65948,11505,485
3,7,428575,333335,686,88,778,0.222576,0.226093,789,-1,ok,0,0,0,0,788,1,1,0.607314,686,3160,3272,1,1.34231,686,6877,7326,3.42941,19844,686
3,8,103741,529812,1209,153,1503,0.365753,0.77754,1346,-1,ok,0,0,0,0,1345,1,1,1.31678,1209,5849,6901,1,2.62569,1209,13262,16180,7.59585,40816,1209
3,9,504438,99296,1284,162,1277,0.319136,0.624146,1413,-1,ok,0,0,0,0,1412,1,1,1.60639,1284,6444,7153,1,2.98899,1284,14819,16661,7.87263,40831,1284
3,10,503002,473385,659,84,836,0.247391,0.359683,706,-1,ok,0,0,0,0,705,1,1,0.60567,659,2680,4316,1,1.08224,659,5643,9913,3.43878,18056,659
3,11,594375,693937,1954,248,1849,0.45522,1.24975,2207,-1,ok,0,0,0,0,2206,1,1,2.58591,1956,10809,11175,1,4.47138,1954,23212,24014,13.6386,67204,1954
3,12,184179,575147,1336,169,2007,0.522886,1.09978,1505,-1,ok,0,0,0,0,1504,1,1,1.66113,1338,7722,7963,1,2.88234,1336,15169,15985,9.93184,51137,1336
3,13,84373,731343,822,104,1054,0.493572,0.650035,933,-1,ok,0,0,0,0,932,1,1,0.806115,824,2463,4589,1,1.33257,824,4910,11134,4.37146,22213,822
3,14,533139,449475,806,103,1022,0.255447,0.568751,941,-1,ok,0,0,0,0,940,1,1,0.913346,812,3689,3905,1,1.46022,812,8336,8826,4.58941,24850,806
3,15,800775,353868,725,92,499,0.144811,0.48191,754,-1,ok,0,0,0,0,753,1,1,0.705366,725,1650,2921,1,0.713853,725,3223,8143,1.02448,3662,725
3,16,580536,834346,1638,206,1532,0.364581,0.981731,1821,-1,ok,0,0,0,0,1820,1,1,2.56022,1638,9268,9660,1,4.54073,1638,20158,20997,11.1035,56131,1638
3,17,705977,179642,451,58,536,0.1604,0.318645,494,-1,ok,0,0,0,0,493,1,1,0.58804,451,2481,2723,1,1.24711,451,5757,6906,2.46384,12349,451
3,18,591189,502974,573,73,723,0.210112,0.42806,606,-1,ok,0,0,0,0,605,1,1,0.483103,577,2490,3652,1,1.06106,573,5001,8264,2.90912,17174,573
3,19,696806,606078,410,53,548,0.15027,0.249075,449,-1,ok,0,0,0,0,448,1,1,0.274101,410,1532,2545,1,0.547172,410,3119,5449,1.89543,10136,410
3,20,649644,351270,898,114,1067,0.301114,0.623454,1023,-1,ok,0,0,0,0,1022,1,1,0.914518,900,3657,5399,1,1.6173,898,7353,11022,5.9638,27816,898
3,21,364679,647787,786,100,1077,0.267049,0.558604,903,-1,ok,0,0,0,0,902,1,1,0.70643,786,2948,4100,1,1.15838,786,6280,9652,4.97727,24119,786
3,22,236480,558798,1348,169,2018,0.477041,0.807268,1515,-1,ok,0,0,0,0,1514,1,1,1.66978,1352,7916,8082,1,2.98602,1350,15735,16275,10.214,51938,1348
3,23,429002,590281,593,77,628,0.172211,0.350786,656,-1,ok,0,0,0,0,655,1,1,0.607845,599,2569,3311,1,1.08551,599,5541,7047,2.71093,14142,593
3,24,732327,437963,2826,357,2203,0.523849,1.46534,3101,-1,ok,0,0,0,0,3100,1,1,3.53474,2828,14723,15985,1,6.22748,2826,32109,35427,15.2781,75758,2826
3,25,695045,573533,2638,333,1924,0.478655,1.46259,2885,-1,ok,0,0,0,0,2884,1,1,2.97402,2640,13557,14735,1,5.94207,2638,29325,32133,14.2771,70636,2638
3,26,653917,554134,819,105,1078,0.322993,0.576746,946,-1,ok,0,0,0,0,945,1,1,0.645405,821,3476,4879,1,1.19432,819,6771,10186,4.11566,22528,819
3,27,591152,758487,1441,182,1730,0.435924,0.770408,1632,-1,ok,0,0,0,0,1631,1,1,1.46587,1441,6973,8099,1,3.03651,1441,14889,17540,11.4714,54336,1441
3,28,530231,797885,2838,357,2383,0.591565,1.54819,3115,-1,ok,0,0,0,0,3114,1,1,2.95081,2848,15023,15578,1,6.61472,2838,32601,34092,17.1136,87207,2838
3,29,461730,614781,2269,287,1962,0.470838,1.55786,2532,-1,ok,0,0,0,0,2531,1,1,2.48961,2271,12506,13216,1,5.09119,2269,26794,28951,14.34,73263,2269
3,30,444980,608103,2053,260,2270,0.542133,1.31718,2302,-1,ok,0,0,0,0,2301,1,1,2.24826,2057,11154,11521,1,4.41301,2055,22951,23811,15.8237,77390,2053
3,31,625582,540051,1625,206,2236,0.572279,0.992292,1798,-1,ok,0,0,0,0,1797,1,1,1.49497,1631,7176,8709,1,2.78716,1631,15835,20069,11.3318,58442,1625
3,32,525321,196202,1187,150,1167,0.320919,0.618704,1308,-1,ok,0,0,0,0,1307,1,1,1.36048,1187,6262,6754,1,2.75129,1187,14651,16257,7.96735,39681,1187
3,33,478182,565842,1838,232,1646,0.456903,1.2838,2059,-1,ok,0,0,0,0,2058,1,1,2.6178,1840,9276,10481,1,4.21771,1838,19357,22990,10.5424,54134,1838
3,34,537719,542421,274,36,416,0.14957,0.271676,309,-1,ok,0,0,0,0,308,1,1,0.26213,284,1346,1814,1,0.601684,284,3255,4340,0.920018,5199,274
3,35,606091,561377,46,6,33,0.015259,0.085128,59,-1,ok,0,0,0,0,58,1,1,0.035657,46,46,301,1,0.020888,46,46,797,0.019235,46,46
3,36,540484,237922,578,73,673,0.189945,0.582829,643,-1,ok,0,0,0,0,642,1,1,0.580063,578,2208,3011,1,1.14498,578,5212,7360,2.87953,14971,578
3,37,916340,481104,632,80,800,0.234427,0.577258,707,-1,ok,0,0,0,0,706,1,1,0.733128,634,2183,3661,1,0.880094,632,4239,7994,2.98393,14872,632
3,38,547698,473617,2323,294,2068,0.569202,1.49711,2576,-1,ok,0,0,0,0,2575,1,1,3.33963,2325,12018,13728,1,5.43656,2323,25755,30032,14.1243,70722,2323
3,39,503531,560189,206,27,235,0.074018,0.201336,229,-1,ok,0,0,0,0,228,1,1,0.16069,206,469,1018,1,0.314617,206,1203,2663,0.883458,3507,206
3,40,528285,633179,2234,282,1879,0.491097,1.71191,2487,-1,ok,0,0,0,0,2486,1,1,2.46163,2236,11911,12759,1,5.20882,2234,25564,27538,13.7436,70518,2234
3,41,528291,124629,1240,157,1232,0.330978,0.693784,1377,-1,ok,0,0,0,0,1376,1,1,1.30764,1240,6238,6835,1,2.78881,1240,14238,15871,7.94058,40626,1240
3,42,218360,732318,1260,159,1760,0.442717,0.756964,1347,-1,ok,0,0,0,0,1346,1,1,1.28787,1260,6492,6847,1,2.80373,1260,14744,15690,6.79186,36829,1260
3,43,673429,646337,1726,219,1713,0.447476,1.21802,1957,-1,ok,0,0,0,0,1956,1,1,1.83745,1728,8295,10027,1,2.96293,1726,16346,21691,10.7236,53246,1726
3,44,677903,545932,2495,315,2263,0.53028,1.03594,2766,-1,ok,0,0,0,0,2765,1,1,2.81378,2497,13547,14088,1,5.31381,2495,28166,30327,15.9357,79377,2495
3,45,599861,473157,116,16,219,0.077444,0.144009,141,-1,ok,0,0,0,0,140,1,1,0.082755,116,116,916,1,0.031428,116,116,2520,0.060923,116,116
3,46,771679,448047,942,119,1348,0.429783,0.619375,1087,-1,ok,0,0,0,0,1086,1,1,1.04445,948,4490,5266,1,1.83675,948,8765,10955,5.0192,26277,942
3,47,613652,373259,1541,194,2180,0.528358,0.752053,1692,-1,ok,0,0,0,0,1691,1,1,1.87397,1547,8243,8737,1,3.10427,1547,17499,20586,12.0515,61879,1541
3,48,559115,582478,645,81,318,0.092442,0.359079,670,-1,ok,0,0,0,0,669,1,1,0.735855,647,3271,4030,1,1.15872,647,6199,8096,1.58301,8597,645
3,49,138045,605112,1531,194,2188,0.530942,1.06663,1702,-1,ok,0,0,0,0,1701,1,1,2.13361,1535,9032,9342,1,3.90367,1533,18432,19053,11.9041,57282,1531
3,50,715274,544491,2277,288,2244,0.514669,1.36411,2522,-1,ok,0,0,0,0,2521,1,1,2.74998,2279,12434,12715,1,5.07646,2277,26273,27704,15.7717,79200,2277
3,51,118518,621231,1297,164,1815,0.429031,0.864954,1472,-1,ok,0,0,0,0,1471,1,1,1.37024,1299,6565,7632,1,2.58835,1297,13018,15570,9.42433,47326,1297
3,52,560125,876072,607,79,820,0.23037,0.345905,700,-1,ok,0,0,0,0,699,1,1,0.608585,609,2913,3480,1,1.10482,607,6011,7298,3.47477,17204,607
3,53,457330,549752,200,27,235,0.083728,0.147445,217,-1,ok,0,0,0,0,216,1,1,0.359582,200,629,1185,1,0.335454,200,1545,3035,0.68491,3599,200
3,54,185650,870115,627,78,959,0.229799,0.387543,732,-1,ok,0,0,0,0,731,1,1,0.96418,627,3512,3998,1,1.57676,627,6881,8351,2.72409,11572,627
3,55,519871,693835,2142,270,1904,0.446303,1.11356,2387,-1,ok,0,0,0,0,2386,1,1,2.42602,2144,12108,12308,1,5.04844,2142,25994,26648,13.7305,73105,2142
3,56,140914,484062,1346,171,1974,0.483282,0.843074,1535,-1,ok,0,0,0,0,1534,1,1,1.47214,1348,6543,8191,1,2.51186,1346,12952,17191,8.84906,47059,1346
3,57,630216,170691,1277,162,1410,0.362056,0.770298,1448,-1,ok,0,0,0,0,1447,1,1,1.38693,1279,7081,7349,1,2.85372,1277,14192,14970,8.09919,42674,1277
3,58,686374,577768,450,57,631,0.220233,0.282627,479,-1,ok,0,0,0,0,478,1,1,0.375592,450,1592,2781,1,0.555206,450,3089,6082,2.58923,11733,450
3,59,625714,607337,2167,274,1966,0.442608,1.10148,2426,-1,ok,0,0,0,0,2425,1,1,2.32293,2169,11754,12533,1,4.66153,2167,24845,26854,13.8248,73254,2167
3,60,160386,877813,1001,125,1286,0.312584,0.662136,1138,-1,ok,0,0,0,0,1137,1,1,1.37715,1001,5393,5967,1,2.36721,1001,11123,12541,4.7874,24866,1001
3,61,557207,713255,2128,270,1892,0.629936,1.0438,2387,-1,ok,0,0,0,0,2386,1,1,2.23921,2130,11841,12286,1,4.67188,2128,24856,25920,13.5116,71776,2128
3,62,689095,577712,931,117,689,0.214391,0.625518,988,-1,ok,0,0,0,0,987,1,1,1.05156,931,4787,4993,1,1.93377,931,10419,11256,5.8005,27410,931
3,63,118518,543922,1546,195,2227,0.543375,1.0178,1737,-1,ok,0,0,0,0,1736,1,1,2.01747,1554,8547,9051,1,3.57163,1552,16979,18153,10.9052,54964,1546
3,64,743230,714700,454,58,483,0.140342,0.319116,493,-1,ok,0,0,0,0,492,1,1,0.364641,454,1862,2507,1,0.700609,454,3775,5622,1.2229,7262,454
3,65,451281,500222,1729,219,1555,0.379327,1.10006,1962,-1,ok,0,0,0,0,1961,1,1,1.91718,1731,8997,9975,1,3.93623,1729,18478,21468,10.0384,53341,1729
3,66,87326,638815,783,98,1003,0.268371,0.478293,914,-1,ok,0,0,0,0,913,1,1,0.92735,783,2859,4157,1,1.30443,783,6427,10189,4.28234,21613,783
3,67,873089,178288,543,69,650,0.182171,0.347027,644,-1,ok,0,0,0,0,643,1,1,0.816615,543,2880,3795,1,1.52876,543,5814,8259,1.87004,8868,543
3,68,540231,698411,324,40,448,0.151903,0.263854,343,-1,ok,0,0,0,0,342,1,1,0.502798,324,1617,2027,1,1.01003,324,4103,5008,2.29714,11259,324
3,69,608054,502046,428,54,512,0.150992,0.289892,469,-1,ok,0,0,0,0,468,1,1,0.436916,434,1927,2185,1,0.960644,434,3985,5089,1.92225,9740,428
3,70,551981,134941,1142,145,1026,0.248224,0.637611,1237,-1,ok,0,0,0,0,1236,1,1,1.47155,1142,5735,6206,1,2.74988,1142,12836,14544,7.67864,37155,1142
3,71,463217,908917,606,78,744,0.212988,0.440522,693,-1,ok,0,0,0,0,692,1,1,0.708513,608,2471,3551,1,1.01816,606,4645,7745,2.99699,15134,606
3,72,633916,540912,2768,349,2215,0.511284,1.42326,3027,-1,ok,0,0,0,0,3026,1,1,3.41411,2776,15179,15543,1,6.80331,2774,32489,33362,15.4707,78468,2768
3,73,797852,552425,1119,141,773,0.232986,0.795106,1172,-1,ok,0,0,0,0,1171,1,1,1.04292,1119,4608,5881,1,2.20634,1119,10248,13372,5.28504,25862,1119
3,74,746160,847884,1478,186,1687,0.4606,1.10644,1639,-1,ok,0,0,0,0,1638,1,1,2.1986,1478,7824,8505,1,3.61157,1478,16971,18438,11.3032,53994,1478
3,75,759766,548195,703,92,960,0.280413,0.491888,818,-1,ok,0,0,0,0,817,1,1,0.602535,705,2837,4135,1,1.05113,703,5559,8807,3.28765,16496,703
3,76,413741,394099,778,98,1220,0.306562,0.601043,841,-1,ok,0,0,0,0,840,1,1,0.719383,778,3274,4913,1,1.22236,778,7043,12064,3.70381,20512,778
3,77,913394,471896,1104,138,1504,0.382194,0.791316,1251,-1,ok,0,0,0,0,1250,1,1,1.15079,1104,5393,6259,1,2.19296,1104,10779,13393,8.80823,44041,1104
3,78,652297,501706,101,13,188,0.075721,0.081112,106,-1,ok,0,0,0,0,105,1,1,0.052407,101,101,832,1,0.031538,101,101,2574,0.044122,101,101
3,79,528306,440834,2348,297,2076,0.533837,1.29074,2615,-1,ok,0,0,0,0,2614,1,1,2.86432,2350,12090,13790,1,5.43527,2348,26257,30648,14.0644,70725,2348
3,80,579216,344905,687,87,1097,0.292235,0.557601,770,-1,ok,0,0,0,0,769,1,1,0.618454,687,2452,4401,1,0.959571,687,4763,10577,3.49698,18817,687
3,81,291425,565940,613,79,894,0.234378,0.483713,708,-1,ok,0,0,0,0,707,1,1,0.533496,619,2340,3098,1,1.00819,619,4958,7107,4.2718,22156,613
3,82,560203,166249,1334,169,1328,0.369098,0.859605,1527,-1,ok,0,0,0,0,1526,1,1,1.60579,1336,6836,7899,1,2.67878,1334,13381,15939,8.19913,39639,1334
3,83,725367,601383,506,64,562,0.16083,0.31551,543,-1,ok,0,0,0,0,542,1,1,0.490625,506,2231,2952,1,0.976653,506,4523,6388,2.61104,13653,506
3,84,690950,626446,632,79,916,0.255878,0.494103,659,-1,ok,0,0,0,0,658,1,1,0.594369,632,2754,3438,1,0.93202,632,5588,7994,2.0555,11509,632
3,85,885107,623720,1723,217,1961,0.450131,1.10397,1910,-1,ok,0,0,0,0,1909,1,1,2.388,1723,9413,10010,1,4.04122,1723,20060,21753,13.5092,69467,1723
3,86,452862,582210,1864,236,1642,0.418282,1.00441,2107,-1,ok,0,0,0,0,2106,1,1,2.34727,1866,10039,10741,1,4.18228,1864,21437,23836,10.4704,55382,1864
3,87,643668,475109,189,24,286,0.104596,0.167493,208,-1,ok,0,0,0,0,207,1,1,0.063218,189,189,1419,1,0.061314,189,206,3363,0.064863,189,189
3,88,72436,674500,1030,130,1231,0.311151,0.655865,1145,-1,ok,0,0,0,0,1144,1,1,1.31351,1030,5401,5687,1,2.62763,1030,12483,13214,7.35082,37614,1030
3,89,868641,853704,37,5,33,0.015689,0.050223,54,-1,ok,0,0,0,0,53,1,1,0.029766,37,37,259,1,0.010459,37,38,759,0.029595,37,37
3,90,644709,548157,2038,258,1987,0.492179,1.25648,2293,-1,ok,0,0,0,0,2292,1,1,2.46062,2048,11546,11761,1,4.30762,2038,21973,25343,14.1876,70826,2038
3,91,582005,373594,1217,157,1328,0.372124,0.69591,1368,-1,ok,0,0,0,0,1367,1,1,1.47037,1217,6577,6869,1,3.0401,1217,14758,15338,9.06333,45309,1217
3,92,677416,621320,2042,258,1840,0.459889,1.03234,2255,-1,ok,0,0,0,0,2254,1,1,2.30586,2044,11075,11645,1,5.30505,2042,23875,25282,13.7783,70315,2042
3,93,705859,580720,219,29,195,0.061384,0.152093,234,-1,ok,0,0,0,0,233,1,1,0.135453,219,389,1460,1,0.145663,219,644,3219,0.268211,1257,219
3,94,431412,580719,607,77,656,0.169887,0.494973,630,-1,ok,0,0,0,0,629,1,1,0.584542,607,2867,3939,1,1.36244,607,6467,9032,3.40552,17721,607
3,95,437348,552419,661,84,765,0.19249,0.30549,688,-1,ok,0,0,0,0,687,1,1,0.620789,661,3002,4334,1,1.32071,661,7140,10501,3.19985,18299,661
3,96,758271,503460,743,95,1001,0.257101,0.529869,826,-1,ok,0,0,0,0,825,1,1,0.596745,745,2872,4327,1,1.00879,743,5594,9383,3.76175,18490,743
3,97,868701,479347,1176,150,1546,0.391681,0.83577,1343,-1,ok,0,0,0,0,1342,1,1,1.56557,1176,5889,6818,1,2.57935,1176,11732,14553,9.64775,45874,1176
3,98,562097,501182,3169,400,2306,0.701158,1.48471,3438,-1,ok,0,0,0,0,3437,1,1,3.39087,3173,16081,17892,1,6.25863,3171,32862,38196,14.9677,74431,3169
3,99,278199,257290,49,8,59,0.028684,0.076463,78,-1,ok,0,0,0,0,77,1,1,0.046686,49,49,407,1,0.013876,49,49,1025,0.013886,49,49
3,100,570049,534288,47,7,71,0.032581,0.075611,74,-1,ok,0,0,0,0,73,1,1,0.029515,47,47,448,1,0.019356,47,47,1408,0.020378,47,47
3,101,541954,728137,425,55,537,0.189614,0.317543,444,-1,ok,0,0,0,0,443,1,1,0.387483,425,2083,2638,1,0.789704,425,4354,5681,1.99178,10772,425
3,102,215378,85837,389,48,545,0.144791,0.286165,458,-1,ok,0,0,0,0,457,1,1,0.364932,389,1681,1977,1,0.610239,389,3470,4753,0.952678,5539,389
3,103,589928,544726,2226,282,1995,0.50919,1.26321,2497,-1,ok,0,0,0,0,2496,1,1,2.74849,2228,12322,13027,1,5.32425,2226,25925,28120,14.4379,73866,2226
3,104,541522,549453,805,101,786,0.223236,0.432167,838,-1,ok,0,0,0,0,837,1,1,0.624336,805,3188,4468,1,1.16639,805,6867,10012,4.80095,23643,805
3,105,502684,483770,978,123,883,0.373056,0.355655,1035,-1,ok,0,0,0,0,1034,1,1,0.877328,978,5076,5359,1,1.94958,978,11632,12104,5.43463,30698,978
3,106,185739,464682,1225,156,1840,0.472332,0.864333,1410,-1,ok,0,0,0,0,1409,1,1,1.3254,1227,5957,7719,1,2.61059,1225,12171,16504,9.28196,44382,1225
3,107,564997,595611,2276,286,1690,0.456772,1.19668,2531,-1,ok,0,0,0,0,2530,1,1,2.88544,2280,12654,12750,1,5.27784,2278,26007,26488,11.8538,58396,2276
3,108,589155,636201,2476,312,1864,0.453537,1.31968,2715,-1,ok,0,0,0,0,2714,1,1,3.07415,2478,13231,13813,1,6.06297,2476,28575,29985,14.7216,70451,2476
3,109,531285,901687,2128,267,1819,0.459719,1.49383,2343,-1,ok,0,0,0,0,2342,1,1,3.04963,2128,11465,12182,1,5.09778,2128,25021,26749,13.9011,68196,2128
3,110,732706,576220,224,28,186,0.081353,0.135494,245,-1,ok,0,0,0,0,244,1,1,0.226193,224,1092,1296,1,0.376523,224,2059,2894,0.642419,3123,224
3,111,109733,638731,1000,128,1212,0.297917,0.705126,1141,-1,ok,0,0,0,0,1140,1,1,1.01578,1000,4679,5492,1,2.17778,1000,10752,12318,6.61374,35200,1000
3,112,662568,191645,835,107,1071,0.292887,0.411197,918,-1,ok,0,0,0,0,917,1,1,0.864955,835,4212,4591,1,1.94205,835,9467,10545,8.27523,33636,835
3,113,374965,759941,1238,156,1699,0.451253,0.67439,1415,-1,ok,0,0,0,0,1414,1,1,1.51868,1238,5929,6927,1,2.43086,1238,12273,14595,9.09425,43838,1238
3,114,719164,27693,1169,149,1352,0.3372,0.521273,1310,-1,ok,0,0,0,0,1309,1,1,1.39685,1169,6262,6619,1,2.92753,1169,14229,15345,8.26228,40737,1169
3,115,752294,934231,163,21,190,0.06456,0.141495,180,-1,ok,0,0,0,0,179,1,1,0.26763,163,956,1075,1,0.301031,163,1527,2612,0.344422,1566,163
3,116,655535,844782,573,75,784,0.24085,0.39653,682,-1,ok,0,0,0,0,681,1,1,0.56248,575,2613,3217,1,1.17462,573,5206,6711,3.32169,16115,573
3,117,474798,607811,1695,215,1922,0.446875,0.837193,1934,-1,ok,0,0,0,0,1933,1,1,1.90679,1697,8373,9557,1,3.66082,1695,17235,19978,12.8329,63777,1695
3,118,913321,352359,1830,231,2214,0.541821,1.28251,2077,-1,ok,0,0,0,0,2076,1,1,2.11549,1836,9066,10953,1,3.8506,1836,19310,25022,13.5053,67065,1830
3,119,458475,638815,192,25,316,0.126967,0.124363,217,-1,ok,0,0,0,0,216,1,1,0.072314,192,192,1468,1,0.086592,192,391,3762,0.184064,941,192
3,120,185587,899904,797,101,1132,0.277297,0.566208,944,-1,ok,0,0,0,0,943,1,1,1.30845,803,4023,4746,1,1.78025,803,8147,10028,6.19553,28653,797
3,121,660993,722496,1439,182,1462,0.431787,0.624866,1578,-1,ok,0,0,0,0,1577,1,1,1.39918,1445,6531,8268,1,2.56336,1445,14355,18076,9.49756,49024,1439
3,122,587664,590978,396,50,408,0.32669,0.20367,411,-1,ok,0,0,0,0,410,1,1,0.256528,396,1112,2366,1,0.413552,396,2270,5821,0.504742,2903,396
3,123,227425,627948,1391,176,2113,0.544828,0.678436,1498,-1,ok,0,0,0,0,1497,1,1,1.27711,1391,6911,7541,1,2.71962,1391,15277,17439,9.47482,48375,1391
3,124,404568,507174,380,48,411,0.115375,0.238405,401,-1,ok,0,0,0,0,400,1,1,0.309938,380,1079,1203,1,0.488802,380,2252,4292,0.835279,4446,380
3,125,234885,555140,1077,136,1427,0.372325,0.65393,1178,-1,ok,0,0,0,0,1177,1,1,0.936909,1077,5077,6066,1,1.98297,1077,11389,14465,7.38596,38485,1077
3,126,379198,738927,1657,209,1479,0.471269,0.861469,1836,-1,ok,0,0,0,0,1835,1,1,1.86529,1657,8198,9911,1,3.72009,1657,19054,22612,10.2966,50465,1657
3,127,516377,549670,2291,289,1956,0.513319,0.998786,2538,-1,ok,0,0,0,0,2537,1,1,2.66316,2293,12088,13435,1,5.20796,2291,26383,29744,14.0168,70659,2291
3,128,346621,479141,772,98,1173,0.310881,0.539658,845,-1,ok,0,0,0,0,844,1,1,0.788683,772,4226,4800,1,1.78314,772,9302,10995,4.42268,23874,772
3,129,380939,508659,970,123,1457,0.368047,0.390029,1039,-1,ok,0,0,0,0,1038,1,1,0.677995,970,3641,5341,1,1.39796,970,7611,12564,3.59613,20262,970
3,130,549667,582479,32,4,24,0.015569,0.055996,39,-1,ok,0,0,0,0,38,1,1,0.036056,32,32,256,1,0.011482,32,32,832,0.018545,32,32
3,131,231944,556389,1377,174,2073,0.518669,1.07907,1496,-1,ok,0,0,0,0,1495,1,1,1.54102,1377,7065,7385,1,2.82642,1377,15657,17038,9.23928,47464,1377
3,132,444980,143997,639,81,694,0.208209,0.404465,742,-1,ok,0,0,0,0,741,1,1,0.549667,639,2674,3142,1,1.05821,639,5792,7211,2.5739,14571,639
3,133,553121,561095,2824,356,1998,0.463565,1.7266,3099,-1,ok,0,0,0,0,3098,1,1,3.7434,2828,15497,16319,1,6.44274,2826,32022,34412,14.3207,73309,2824
3,134,557186,599599,2595,328,2311,0.659001,1.82987,2862,-1,ok,0,0,0,0,2861,1,1,3.01635,2597,14056,14685,1,6.02865,2595,29556,31755,15.8689,80846,2595
3,135,752223,476482,939,119,1308,0.388496,1.1666,1062,-1,ok,0,0,0,0,1061,1,1,1.09432,945,4581,5003,1,2.2876,945,10664,11924,4.94867,25957,939
3,136,668229,470670,2659,335,2008,0.677003,1.80527,2914,-1,ok,0,0,0,0,2913,1,1,4.00096,2661,13490,15016,1,6.39115,2659,29068,32969,14.2184,70689,2659
3,137,328875,564452,195,27,322,0.11253,0.317553,252,-1,ok,0,0,0,0,251,1,1,0.152164,195,414,1128,1,0.175788,195,656,2634,0.178634,898,195
3,138,642157,729840,1731,219,1760,0.506937,1.59918,1960,-1,ok,0,0,0,0,1959,1,1,1.91031,1733,7961,9989,1,3.12773,1731,15768,21745,10.2871,53712,1731
3,139,90305,752572,987,124,1226,0.365153,0.902584,1140,-1,ok,0,0,0,0,1139,1,1,1.3243,989,5198,6003,1,2.23106,987,9698,12879,4.09737,21023,987
3,140,540469,868590,1095,139,1565,0.497558,0.792771,1286,-1,ok,0,0,0,0,1285,1,1,1.55849,1101,5571,6178,1,2.6032,1101,12070,13676,7.71557,38391,1095
3,141,554237,542468,341,44,508,0.188923,0.277459,370,-1,ok,0,0,0,0,369,1,1,0.396951,343,1508,1831,1,0.545108,343,2905,3721,1.22058,5867,341
3,142,552875,544670,2521,318,2064,0.497509,1.76971,2802,-1,ok,0,0,0,0,2801,1,1,4.04694,2525,13491,14456,1,5.68843,2523,28024,30580,14.6501,73344,2521
3,143,489779,135045,582,74,717,0.229047,0.56188,697,-1,ok,0,0,0,0,696,1,1,0.694607,582,2514,2925,1,1.08339,582,5634,7059,2.82219,15398,582
3,144,684986,321427,899,114,1208,0.367806,0.535269,998,-1,ok,0,0,0,0,997,1,1,0.956145,899,3839,4822,1,1.7604,899,8675,11101,7.66028,34162,899
3,145,551199,39629,1264,160,1339,0.364781,0.967206,1433,-1,ok,0,0,0,0,1432,1,1,2.31112,1266,7684,8005,1,3.24727,1264,14915,16919,9.42653,39964,1264
3,146,161784,518507,1403,178,2105,0.495494,0.869854,1598,-1,ok,0,0,0,0,1597,1,1,1.68009,1405,7198,8310,1,2.72929,1403,14280,16666,10.5152,50296,1403
3,147,916310,555655,611,78,681,0.196417,0.269874,696,-1,ok,0,0,0,0,695,1,1,0.700648,613,2328,3492,1,0.943471,611,4747,7576,2.66255,14115,611
3,148,358724,558670,1036,132,1428,0.359672,0.460881,1177,-1,ok,0,0,0,0,1176,1,1,1.11979,1038,5824,6344,1,2.14115,1036,11523,12766,8.16846,39297,1036
3,149,491303,659590,417,53,520,0.145492,0.320148,430,-1,ok,0,0,0,0,429,1,1,0.651236,417,2392,2647,1,1.25768,417,5116,5892,2.38232,13217,417
3,150,551910,879052,1906,240,1561,0.41705,1.29694,2095,-1,ok,0,0,0,0,2094,1,1,2.88124,1912,10147,10738,1,4.65332,1912,22115,23817,11.245,55146,1906
3,151,548928,513895,2545,321,1978,0.481379,1.38558,2794,-1,ok,0,0,0,0,2793,1,1,2.90909,2547,13019,14479,1,5.50495,2545,27856,31586,13.662,70674,2545
3,152,544907,516738,841,107,1240,0.534208,0.589531,980,-1,ok,0,0,0,0,979,1,1,0.667816,847,3561,4113,1,1.44711,847,7963,9621,4.77664,25710,841
3,153,596621,550078,3073,387,2367,0.606352,1.60487,3338,-1,ok,0,0,0,0,3337,1,1,3.52123,3077,16218,17378,1,8.13509,3075,34577,36949,18.2865,87684,3073
3,154,457377,679268,965,123,962,0.296966,0.899218,1098,-1,ok,0,0,0,0,1097,1,1,1.22738,971,5442,5663,1,2.19059,965,11905,12536,4.93736,27753,965
3,155,888007,738901,148,18,209,0.061293,0.088736,181,-1,ok,0,0,0,0,180,1,1,0.204812,148,869,994,1,0.365132,148,1865,2344,0.586324,3181,148
3,156,557446,245356,1550,195,1135,0.284521,0.785197,1723,-1,ok,0,0,0,0,1722,1,1,1.78406,1554,8599,9158,1,3.33975,1552,17103,18498,7.34891,40658,1550
3,157,269058,233403,285,36,302,0.107801,0.259585,320,-1,ok,0,0,0,0,319,1,1,0.292026,285,816,1356,1,0.344032,285,1717,3175,0.724341,3379,285
3,158,561143,482354,629,80,849,0.282416,0.424291,656,-1,ok,0,0,0,0,655,1,1,0.786217,629,2335,3905,1,0.899259,629,4674,8730,4.12196,17927,629
3,159,476616,512534,204,27,332,0.093856,0.172912,259,-1,ok,0,0,0,0,258,1,1,0.184855,204,723,1149,1,0.272961,204,1466,2651,1.08175,6051,204
3,160,651112,289929,1373,174,1447,0.387142,0.678948,1564,-1,ok,0,0,0,0,1563,1,1,1.57538,1375,7072,7749,1,2.83512,1373,14072,16023,8.75883,45876,1373
3,161,728484,372110,264,34,310,0.114735,0.13332,283,-1,ok,0,0,0,0,282,1,1,0.118571,264,264,1965,1,0.103483,264,264,3855,0.09661,309,264
3,162,569402,643340,2200,278,1714,0.388486,1.26296,2465,-1,ok,0,0,0,0,2464,1,1,2.27988,2204,11528,12539,1,4.26478,2202,23311,26493,10.1199,55450,2200
3,163,148333,409238,245,33,297,0.081552,0.182392,292,-1,ok,0,0,0,0,291,1,1,0.141934,245,598,1017,1,0.220783,245,1104,2680,0.286556,1531,245
3,164,464750,373454,1640,209,1489,0.345786,0.643752,1861,-1,ok,0,0,0,0,1860,1,1,1.72471,1642,8916,9307,1,3.47094,1640,18693,20185,9.34667,51643,1640
3,165,355695,858397,800,101,1144,0.305661,0.579842,897,-1,ok,0,0,0,0,896,1,1,1.01277,800,4460,4901,1,1.84198,800,8707,9875,3.35841,18252,800
3,166,671610,490121,1975,250,2146,0.511143,0.950304,2204,-1,ok,0,0,0,0,2203,1,1,2.45136,1977,11020,11390,1,4.55924,1975,23754,25145,18.1717,76395,1975
3,167,620032,817899,1017,131,901,0.281847,0.799883,1146,-1,ok,0,0,0,0,1145,1,1,1.06697,1021,4920,5809,1,1.74963,1019,9618,11839,5.22795,27881,1017
3,168,475138,561483,915,116,992,0.271989,0.415446,1028,-1,ok,0,0,0,0,1027,1,1,1.06422,917,4770,5502,1,1.8371,915,10054,11557,5.33228,30334,915
3,169,677523,564943,2418,306,2354,0.593789,1.38817,2671,-1,ok,0,0,0,0,2670,1,1,3.41073,2422,13003,13861,1,5.3401,2420,27254,29062,18.0259,84521,2418
3,170,547139,894242,1009,130,719,0.195715,0.580113,1124,-1,ok,0,0,0,0,1123,1,1,1.0944,1011,5402,5747,1,1.89047,1011,10421,11276,3.50193,19650,1009
3,171,513656,703356,1488,190,1790,0.461542,0.979549,1675,-1,ok,0,0,0,0,1674,1,1,1.94762,1490,8083,8271,1,3.47884,1488,16777,17353,12.8009,57709,1488
3,172,561653,646343,1780,225,1717,0.453938,1.08644,1999,-1,ok,0,0,0,0,1998,1,1,1.62576,1782,8573,10282,1,3.3022,1780,17031,22330,10.3858,53602,1780
3,173,452860,580211,2703,341,2302,0.545939,1.30006,2974,-1,ok,0,0,0,0,2973,1,1,3.1133,2705,14839,15396,1,5.87133,2703,31990,34001,15.7029,80816,2703
3,174,457346,589806,992,126,981,0.255537,0.59934,1113,-1,ok,0,0,0,0,1112,1,1,0.954241,994,5334,5964,1,2.11553,992,11603,13020,5.87761,29685,992
3,175,125970,564306,414,54,634,0.184204,0.385612,503,-1,ok,0,0,0,0,502,1,1,0.325419,414,1352,2044,1,0.605612,414,2947,5123,1.26854,5306,414
3,176,432903,536123,1450,183,1408,0.358147,0.900552,1593,-1,ok,0,0,0,0,1592,1,1,1.62356,1456,7491,8099,1,3.27361,1456,17087,18897,9.91438,48138,1450
3,177,586708,335970,692,88,1115,0.323203,0.471251,725,-1,ok,0,0,0,0,724,1,1,0.582457,692,2664,4665,1,0.921329,692,5262,11466,3.42399,19204,692
3,178,127595,700137,422,53,523,0.126066,0.388695,471,-1,ok,0,0,0,0,470,1,1,0.511695,422,1463,3126,1,0.815994,422,3143,6702,0.96934,4133,422
3,179,538665,123021,1064,135,1033,0.268322,0.608545,1155,-1,ok,0,0,0,0,1154,1,1,1.09149,1064,5298,5881,1,2.2983,1064,11610,13458,6.37994,34570,1064
3,180,352712,882018,430,55,620,0.167622,0.356647,517,-1,ok,0,0,0,0,516,1,1,0.747106,436,2301,2930,1,1.16637,436,4335,6038,1.29359,5526,430
3,181,570105,642882,409,50,504,0.131064,0.222816,418,-1,ok,0,0,0,0,417,1,1,0.383255,409,1968,2229,1,0.854085,409,4742,5628,1.70384,10197,409
3,182,236454,64964,158,20,280,0.074308,0.147707,191,-1,ok,0,0,0,0,190,1,1,0.252142,158,854,1101,1,0.449948,158,2056,2862,0.636869,3096,158
3,183,547182,801522,1262,161,887,0.214891,0.792961,1391,-1,ok,0,0,0,0,1390,1,1,1.52699,1266,6238,7093,1,2.36099,1264,12502,14470,5.69017,28573,1262
3,184,684920,553657,177,22,160,0.057829,0.135614,192,-1,ok,0,0,0,0,191,1,1,0.147625,177,219,1214,1,0.087995,177,344,3115,0.146523,670,177
3,185,552875,351270,1255,158,1067,0.266147,0.646477,1402,-1,ok,0,0,0,0,1401,1,1,1.24719,1259,5897,7639,1,2.11123,1257,11557,15226,6.40451,34338,1255
3,186,492765,584268,2039,257,2299,0.650143,1.17374,2278,-1,ok,0,0,0,0,2277,1,1,2.5131,2043,11031,11572,1,4.37971,2041,22884,24010,18.7746,80673,2039
3,187,155792,743182,560,72,873,0.210583,0.431125,615,-1,ok,0,0,0,0,614,1,1,0.427659,560,1446,2988,1,0.601182,560,2899,7391,1.74709,5800,560
3,188,433249,556063,1470,186,2192,0.514029,0.662086,1601,-1,ok,0,0,0,0,1600,1,1,1.35584,1474,7517,8852,1,2.68049,1472,14954,17695,11.3342,53381,1470
3,189,675909,548947,322,41,431,0.149769,0.190677,343,-1,ok,0,0,0,0,342,1,1,0.357227,322,1400,1638,1,0.500956,322,2530,3763,0.645434,3084,322
3,190,801727,652069,1904,240,1945,0.43947,1.04207,2131,-1,ok,0,0,0,0,2130,1,1,2.20744,1904,10371,10933,1,4.0967,1904,22208,23599,25.4822,72405,1904
3,191,424436,194685,1235,156,1156,0.33751,0.691642,1408,-1,ok,0,0,0,0,1407,1,1,1.50193,1237,6874,7585,1,3.08901,1235,14216,16392,10.9468,36924,1235
3,192,568596,520838,78,11,157,0.088415,0.084999,103,-1,ok,0,0,0,0,102,1,1,0.0538,78,78,682,1,0.034264,78,78,1951,0.055034,78,78
3,193,537052,487130,2582,325,2119,0.554294,1.35801,2829,-1,ok,0,0,0,0,2828,1,1,3.08133,2584,14317,14578,1,6.01239,2582,31092,32247,23.2913,77015,2582
3,194,287117,597610,1357,171,2073,0.551871,0.731295,1512,-1,ok,0,0,0,0,1511,1,1,1.354,1361,7537,8036,1,2.87756,1359,15037,16306,15.0799,53827,1357
3,195,734217,369103,902,115,1280,0.331118,0.59423,1035,-1,ok,0,0,0,0,1034,1,1,1.05227,902,4498,4688,1,2.40715,902,10300,11002,11.129,37832,902
3,196,609326,594424,18,4,13,0.008786,0.054723,43,-1,ok,0,0,0,0,42,1,1,0.017823,18,18,240,1,0.00516,18,18,636,0.012032,18,18
3,197,555356,373478,150,19,243,0.071043,0.085139,175,-1,ok,0,0,0,0,174,1,1,0.138228,150,449,907,1,0.162673,150,800,2355,0.200825,955,150
3,198,538782,596393,2887,364,2411,0.6055,1.39795,3150,-1,ok,0,0,0,0,3149,1,1,3.41714,2891,15879,16938,1,7.02236,2889,33234,35422,24.1798,90119,2887
3,199,853804,764242,234,31,259,0.099767,0.22526,245,-1,ok,0,0,0,0,244,1,1,0.107681,234,498,1470,1,0.151483,234,866,3079,0.239427,1221,234
3,200,546144,731449,1563,198,1463,0.416338,1.13829,1724,-1,ok,0,0,0,0,1723,1,1,1.67657,1563,7201,9009,1,3.01134,1563,15833,19693,13.8102,49057,1563
3,201,546580,470520,70,10,49,0.016802,0.08564,85,-1,ok,0,0,0,0,84,1,1,0.052038,70,70,418,1,0.020488,70,70,932,0.052809,70,70
3,202,587180,610058,2820,356,2305,0.531041,1.55051,3097,-1,ok,0,0,0,0,3096,1,1,3.097,2824,15358,15938,1,5.99516,2822,32185,34180,19.5144,80831,2820
3,203,554148,555672,34,5,35,0.025648,0.041246,47,-1,ok,0,0,0,0,46,1,1,0.011091,34,34,320,1,0.008255,34,34,1088,0.01092,34,34
3,204,618603,576023,2630,332,1979,0.47174,1.59587,2897,-1,ok,0,0,0,0,2896,1,1,2.74793,2634,14322,15205,1,5.30023,2632,29803,32170,18.5508,73278,2630
3,205,111185,663982,1131,143,1396,0.358739,0.666876,1290,-1,ok,0,0,0,0,1289,1,1,1.06745,1131,5616,6130,1,2.33175,1131,12841,14236,8.53716,40593,1131
3,206,558415,519079,908,115,1316,0.350425,0.377375,959,-1,ok,0,0,0,0,958,1,1,0.627742,908,3049,4839,1,1.05496,908,5983,11307,3.20089,18460,908
3,207,273703,668225,1512,191,2244,0.526272,0.491147,1627,-1,ok,0,0,0,0,1626,1,1,1.43976,1512,7674,8055,1,3.02523,1512,17324,18555,11.5044,54992,1512
3,208,342313,675920,1135,144,1599,0.384899,0.384179,1258,-1,ok,0,0,0,0,1257,1,1,1.03389,1135,5752,6229,1,2.3603,1135,12793,14103,9.45965,43864,1135
3,209,455838,475237,29,4,17,0.009779,0.046046,46,-1,ok,0,0,0,0,45,1,1,0.034494,29,29,227,1,0.012905,29,29,689,0.02131,29,29
3,210,407548,553070,2852,359,2373,0.598527,1.54275,3099,-1,ok,0,0,0,0,3098,1,1,3.76186,2856,15427,16707,1,6.8527,2854,33097,35723,22.4919,87342,2852
3,211,504813,914851,324,41,445,0.164848,0.358208,391,-1,ok,0,0,0,0,390,1,1,0.323624,324,1250,1956,1,0.605752,324,2823,4676,0.943191,3703,324
3,212,547561,230431,1222,156,1093,0.272247,0.79778,1331,-1,ok,0,0,0,0,1330,1,1,1.28739,1222,6037,6656,1,2.88993,1222,13714,15278,12.6253,41512,1222
3,213,466238,312299,1571,199,1457,0.456262,1.38621,1760,-1,ok,0,0,0,0,1759,1,1,2.27215,1573,8600,9048,1,3.57791,1571,18024,19398,13.0692,48789,1571
3,214,234897,536226,1213,154,1808,0.475839,0.772292,1408,-1,ok,0,0,0,0,1407,1,1,1.27038,1223,7062,7364,1,2.16038,1213,11862,15316,11.9513,45493,1213
3,215,580756,561650,1750,221,1947,0.461692,0.80852,1965,-1,ok,0,0,0,0,1964,1,1,1.8672,1752,9451,9912,1,3.78363,1750,19851,20981,20.9952,69389,1750
3,216,744886,554466,1138,145,1693,0.440473,0.452815,1257,-1,ok,0,0,0,0,1256,1,1,1.07289,1142,5738,6472,1,2.12226,1140,11733,13112,8.61741,36805,1138
3,217,864144,644857,1147,146,1687,0.403753,0.751925,1316,-1,ok,0,0,0,0,1315,1,1,1.02886,1153,5085,6753,1,1.91752,1153,10247,15066,9.20284,41653,1147
3,218,155929,549165,1194,151,1507,0.383887,0.716187,1327,-1,ok,0,0,0,0,1326,1,1,1.32542,1194,5652,6528,1,2.40081,1194,12617,15189,9.33348,40836,1194
3,219,734340,664355,1063,134,1422,0.40701,0.677985,1176,-1,ok,0,0,0,0,1175,1,1,0.98559,1063,4879,6291,1,2.11776,1063,11106,14261,7.74444,34008,1063
3,220,483567,570424,1455,183,1421,0.373678,0.686872,1604,-1,ok,0,0,0,0,1603,1,1,1.53184,1455,7485,8395,1,3.16696,1455,17040,19273,10.1264,48921,1455
3,221,639206,652049,2073,262,1951,0.494292,1.10352,2314,-1,ok,0,0,0,0,2313,1,1,2.40941,2075,11188,11722,1,4.64862,2073,23863,25340,17.1135,73262,2073
3,222,93334,537056,1452,183,2013,0.50334,0.836922,1593,-1,ok,0,0,0,0,1592,1,1,1.22535,1452,6225,7742,1,2.42035,1452,13490,17744,8.11471,41025,1452
3,223,603581,431982,437,56,542,0.161301,0.306512,474,-1,ok,0,0,0,0,473,1,1,0.475318,443,1810,2421,1,0.775588,443,3754,5562,2.30791,7661,437
3,224,439095,658592,1491,188,1821,0.419533,0.944363,1688,-1,ok,0,0,0,0,1687,1,1,1.91239,1493,7721,8152,1,3.37441,1491,16089,17105,21.1557,60308,1491
3,225,814923,899971,128,18,184,0.061735,0.080101,165,-1,ok,0,0,0,0,164,1,1,0.129962,128,681,877,1,0.26756,128,1444,2008,0.478813,2672,128
3,226,498998,590659,2587,327,2303,0.565635,1.39016,2864,-1,ok,0,0,0,0,2863,1,1,2.79839,2589,14184,14761,1,5.69355,2587,30284,32304,29.0255,80834,2587
3,227,559098,530053,2275,287,1596,0.403753,1.57958,2514,-1,ok,0,0,0,0,2513,1,1,2.64564,2279,11987,13144,1,4.40322,2277,23727,27100,14.0788,53898,2275
3,228,549050,87356,1368,172,1273,0.355554,0.888087,1505,-1,ok,0,0,0,0,1504,1,1,1.56138,1368,6627,7332,1,3.03424,1368,14961,16938,13.7208,43802,1368
3,229,507967,791931,2780,351,2382,0.632621,1.62835,3043,-1,ok,0,0,0,0,3042,1,1,3.13215,2782,14869,15437,1,6.26999,2780,32202,33645,22.0629,87192,2780
3,230,403304,932996,1476,185,1844,0.491308,1.15256,1651,-1,ok,0,0,0,0,1650,1,1,1.60828,1476,7231,8088,1,3.05932,1476,14801,16748,10.7941,48724,1476
3,231,779288,400102,1980,248,2166,0.506445,1.20111,2177,-1,ok,0,0,0,0,2176,1,1,2.3138,1980,11277,11688,1,4.25473,1980,23694,25727,18.8532,75230,1980
3,232,115537,717680,835,108,1167,0.329977,0.365371,928,-1,ok,0,0,0,0,927,1,1,0.7501,835,3948,4720,1,1.78214,835,8877,10807,4.23697,21113,835
3,233,625715,531035,2478,313,2259,0.544867,1.18782,2747,-1,ok,0,0,0,0,2746,1,1,2.70115,2480,12097,13722,1,4.89652,2478,25188,30069,16.1874,73695,2478
3,234,12779,392632,1393,176,1843,0.502508,0.855707,1536,-1,ok,0,0,0,0,1535,1,1,1.43426,1393,6441,8164,1,2.64087,1393,14522,19413,7.75663,40916,1393
3,235,491073,550893,600,75,668,0.222505,0.372556,655,-1,ok,0,0,0,0,654,1,1,0.736424,600,3392,3711,1,1.26274,600,7101,8376,5.94295,19518,600
3,236,544640,612058,608,77,671,0.178072,0.464839,643,-1,ok,0,0,0,0,642,1,1,0.488792,608,2498,3561,1,1.1109,608,5212,7696,3.12945,17730,608
3,237,349394,221491,1219,154,1088,0.26756,0.625247,1310,-1,ok,0,0,0,0,1309,1,1,1.27105,1219,6549,7107,1,3.08203,1219,15355,16856,9.2759,37230,1219
3,238,643343,800035,1098,138,1515,0.405437,0.649463,1251,-1,ok,0,0,0,0,1250,1,1,1.58275,1098,5965,6341,1,2.77777,1098,13262,14178,10.072,41464,1098
3,239,466292,494384,1056,133,1015,0.260056,0.681142,1173,-1,ok,0,0,0,0,1172,1,1,1.48368,1058,5358,6405,1,2.56315,1056,11676,14180,8.94207,30097,1056
3,240,263294,711941,727,92,1025,0.484014,0.628373,812,-1,ok,0,0,0,0,811,1,1,0.501387,727,2212,4204,1,0.860105,727,4326,10150,5.06851,19914,727
3,241,540708,407534,2386,301,2163,0.492701,1.13618,2657,-1,ok,0,0,0,0,2656,1,1,2.70987,2396,12418,14079,1,4.87159,2386,26375,31548,17.3535,73400,2386
3,242,407548,728111,217,29,308,0.092823,0.20894,236,-1,ok,0,0,0,0,235,1,1,0.134481,217,217,1790,1,0.085639,217,217,5082,0.148568,217,217
3,243,495501,485664,2437,307,2164,0.525371,1.58216,2682,-1,ok,0,0,0,0,2681,1,1,2.7686,2439,13866,14294,1,5.76832,2437,30515,32283,18.9658,77339,2437
3,244,720906,179696,594,77,707,0.19314,0.413682,661,-1,ok,0,0,0,0,660,1,1,0.67601,594,3134,3450,1,1.57238,594,7663,8543,3.24855,16388,594
3,245,650350,482575,2675,337,2036,0.456703,1.28403,2930,-1,ok,0,0,0,0,2929,1,1,2.68485,2677,13487,15138,1,5.49067,2675,29017,33259,15.5454,70704,2675
3,246,638652,817933,1535,193,1519,0.373046,0.734872,1702,-1,ok,0,0,0,0,1701,1,1,1.59693,1535,8644,8946,1,4.02669,1535,18615,19411,12.3164,55609,1535
3,247,548934,567346,842,107,763,0.275605,0.661584,893,-1,ok,0,0,0,0,892,1,1,0.8195,842,3490,4717,1,1.40422,842,7436,10450,4.54637,24352,842
3,248,573392,445311,937,118,1364,0.384918,0.717209,1048,-1,ok,0,0,0,0,1047,1,1,0.994167,939,3656,5318,1,1.40168,937,7449,11659,5.934,27552,937
3,249,791829,669974,699,88,450,0.132678,0.303076,728,-1,ok,0,0,0,0,727,1,1,0.520652,699,1969,3378,1,0.805945,699,4030,8018,1.08984,5774,699
3,250,181289,193174,55,7,39,0.013696,0.060884,80,-1,ok,0,0,0,0,79,1,1,0.062446,55,169,301,1,0.04799,55,247,899,0.044674,247,55
3,251,734304,877601,1239,155,1586,0.386922,0.883029,1382,-1,ok,0,0,0,0,1381,1,1,1.90651,1239,6867,7467,1,3.15738,1239,15111,16408,11.2548,42458,1239
3,252,541771,272040,815,105,966,0.243856,0.456092,900,-1,ok,0,0,0,0,899,1,1,0.910812,815,4395,4987,1,1.71488,815,9035,11345,6.13454,24166,815
3,253,555426,520840,632,80,823,0.215602,0.395038,675,-1,ok,0,0,0,0,674,1,1,0.535449,632,2801,3896,1,0.912954,632,5636,8938,3.53466,17798,632
3,254,554148,468913,1653,209,1537,0.408863,1.02443,1872,-1,ok,0,0,0,0,1871,1,1,1.87565,1655,8524,9393,1,3.22946,1653,17239,19856,15.9256,53433,1653
3,255,407897,554527,1448,183,2160,0.533325,0.855918,1595,-1,ok,0,0,0,0,1594,1,1,1.4015,1452,7064,8077,1,2.67315,1450,14689,16760,13.182,55076,1448
3,256,476137,886494,1697,214,1591,0.386932,1.20778,1892,-1,ok,0,0,0,0,1891,1,1,2.76093,1709,10163,10235,1,4.87485,1709,22128,22926,19.6611,56352,1697
3,257,647690,523082,2414,306,2326,0.577158,1.27439,2677,-1,ok,0,0,0,0,2676,1,1,2.7474,2418,13359,13778,1,5.76283,2416,27819,28740,27.8421,90555,2414
3,258,841766,458240,1678,212,2126,0.530571,1.26402,1893,-1,ok,0,0,0,0,1892,1,1,1.81447,1684,8583,10005,1,3.40359,1684,18455,22370,23.5268,66477,1678
3,259,462910,637233,417,53,524,0.151773,0.262461,448,-1,ok,0,0,0,0,447,1,1,0.410336,417,1855,2660,1,0.700618,417,4154,5712,2.17069,11833,417
3,260,536976,551877,19,4,16,0.009859,0.038391,34,-1,ok,0,0,0,0,33,1,1,0.019887,19,19,238,1,0.006311,19,19,574,0.01581,19,19
3,261,42610,554524,1736,219,2336,0.549225,1.2049,1917,-1,ok,0,0,0,0,1916,1,1,2.45644,1740,9663,10679,1,4.28759,1738,19935,22009,15.3742,61353,1736
3,262,613794,229015,1113,140,1148,0.344484,0.738949,1260,-1,ok,0,0,0,0,1259,1,1,1.25053,1115,6210,6686,1,2.31153,1113,12384,13594,8.02577,37126,1113
3,263,786608,624950,1914,241,2327,0.572448,1.09307,2109,-1,ok,0,0,0,0,2108,1,1,2.30906,1920,10091,10835,1,3.90798,1920,21586,24156,17.9786,73614,1914
3,264,412226,542166,1648,208,2039,0.497299,1.26237,1869,-1,ok,0,0,0,0,1868,1,1,1.80358,1658,8781,9081,1,2.9559,1648,15915,19383,15.3116,64093,1648
3,265,578007,584682,2557,323,2309,0.535581,1.35257,2818,-1,ok,0,0,0,0,2817,1,1,2.6044,2559,13876,14479,1,5.58529,2557,29285,31354,20.6464,80842,2557
3,266,129099,357177,198,26,295,0.089336,0.259664,243,-1,ok,0,0,0,0,242,1,1,0.114365,198,208,1306,1,0.226291,198,848,3062,0.356887,1823,198
3,267,670451,218543,1088,138,1132,0.348771,0.844637,1237,-1,ok,0,0,0,0,1236,1,1,1.4615,1090,5992,6678,1,2.47958,1088,11851,13708,7.88183,33694,1088
3,268,636901,562811,880,109,681,0.211196,0.533504,919,-1,ok,0,0,0,0,918,1,1,0.971143,880,4524,4713,1,1.81676,880,9810,10646,6.85644,26825,880
3,269,161898,720900,750,95,1026,0.25737,0.598107,857,-1,ok,0,0,0,0,856,1,1,0.711768,750,2138,4192,1,0.888629,750,4207,10188,7.05883,21524,750
3,270,536127,726744,1037,132,1587,0.444329,0.467493,1174,-1,ok,0,0,0,0,1173,1,1,1.09014,1039,5376,5795,1,2.0933,1039,11246,12988,8.29467,33227,1037
3,271,182733,659592,907,115,1192,0.321449,0.254014,1012,-1,ok,0,0,0,0,1011,1,1,0.874303,907,4642,4899,1,1.91929,907,10578,11356,8.47029,35409,907
3,272,557521,334467,2898,365,2221,0.499903,1.52654,3185,-1,ok,0,0,0,0,3184,1,1,3.6457,2902,15060,16999,1,5.74487,2900,30998,36802,16.4658,73457,2898
3,273,550876,844900,1310,166,1689,0.679177,0.939956,1495,-1,ok,0,0,0,0,1494,1,1,1.33342,1310,6723,7465,1,3.08832,1310,14308,15850,10.6158,46488,1310
3,274,442000,527458,1850,234,2165,0.512807,0.788173,2085,-1,ok,0,0,0,0,2084,1,1,1.85698,1852,10030,10398,1,3.89589,1850,20410,21394,14.7949,69421,1850
3,275,163378,695363,985,126,1263,0.338492,0.594259,1120,-1,ok,0,0,0,0,1119,1,1,1.02958,985,4986,5434,1,2.14964,985,11364,12411,10.9971,38613,985
3,276,469207,449288,2393,302,2134,0.511034,1.18287,2644,-1,ok,0,0,0,0,2643,1,1,2.52101,2395,12632,14071,1,4.98281,2393,27159,31190,19.2393,73363,2393
3,277,621533,503471,384,49,313,0.093966,0.292846,415,-1,ok,0,0,0,0,414,1,1,0.33203,390,1375,2199,1,0.564855,390,2753,4626,1.41871,4835,384
3,278,584186,780781,627,79,671,0.193963,0.38546,690,-1,ok,0,0,0,0,689,1,1,0.633774,631,3184,3505,1,1.02684,629,5662,7065,5.17999,18390,627
3,279,537110,215501,1213,154,1078,0.347519,1.0099,1316,-1,ok,0,0,0,0,1315,1,1,1.75557,1213,6087,6568,1,2.94326,1213,13892,15204,12.5451,41547,1213
3,280,552659,521369,42,7,75,0.029975,0.070552,63,-1,ok,0,0,0,0,62,1,1,0.039973,42,42,448,1,0.017433,42,42,1390,0.02119,42,42
3,281,470354,521484,1808,229,2135,0.547843,1.19386,2049,-1,ok,0,0,0,0,2048,1,1,2.23068,1810,9045,10128,1,3.93733,1808,18497,20830,17.1557,67589,1808
3,282,779294,490035,423,54,555,0.161482,0.212266,468,-1,ok,0,0,0,0,467,1,1,0.232394,425,1005,2573,1,0.323033,423,1775,5866,0.666726,3597,423
3,283,856695,383684,1735,217,2179,0.516775,1.15818,1908,-1,ok,0,0,0,0,1907,1,1,2.30937,1735,8724,10439,1,3.97517,1735,18696,23579,17.9855,66731,1735
3,284,856911,565634,2043,257,2022,0.496629,1.22846,2270,-1,ok,0,0,0,0,2269,1,1,2.24465,2043,11082,11748,1,4.28423,2043,23578,25382,15.8757,74365,2043
3,285,226029,617772,1109,141,1426,0.416367,0.5352,1236,-1,ok,0,0,0,0,1235,1,1,1.0189,1109,5579,6299,1,2.42701,1109,12941,14763,8.0764,40961,1109
3,286,273528,498716,214,28,199,0.060893,0.103453,265,-1,ok,0,0,0,0,264,1,1,0.192028,214,739,1104,1,0.305761,214,1395,2655,0.424663,2252,214
3,287,585019,659525,120,17,174,0.056295,0.134802,147,-1,ok,0,0,0,0,146,1,1,0.082784,120,297,910,1,0.092062,120,487,2151,0.19182,752,120
3,288,714688,746144,256,32,349,0.094245,0.180027,279,-1,ok,0,0,0,0,278,1,1,0.137435,256,820,1394,1,0.329566,256,1815,3122,0.606462,3471,256
3,289,487154,401935,1115,141,1038,0.283068,0.668679,1230,-1,ok,0,0,0,0,1229,1,1,1.29146,1117,5220,6867,1,2.12642,1115,11330,14873,5.64341,29893,1115
3,290,558487,858169,252,33,254,0.081983,0.21964,349,-1,ok,0,0,0,0,348,1,1,0.222095,258,862,1403,1,0.432328,258,1925,3416,0.829889,2917,252
3,291,574271,660088,2395,302,1817,0.449208,1.18691,2612,-1,ok,0,0,0,0,2611,1,1,2.95166,2397,13118,13295,1,6.92997,2395,28434,29005,18.9224,70720,2395
3,292,41143,546444,721,91,757,0.242763,0.833215,836,-1,ok,0,0,0,0,835,1,1,0.658347,721,2584,3786,1,1.04476,721,5372,9078,3.49624,18062,721
3,293,760001,646214,1715,217,1861,0.481107,1.12154,1922,-1,ok,0,0,0,0,1921,1,1,1.73556,1717,9243,9837,1,3.52968,1715,19944,21129,15.1025,68484,1715
3,294,185761,377965,506,64,583,0.159066,0.204211,603,-1,ok,0,0,0,0,602,1,1,0.305301,506,1821,2379,1,0.654553,506,3868,5668,2.95598,15369,506
3,295,604576,736790,940,119,1399,0.36982,0.515602,983,-1,ok,0,0,0,0,982,1,1,1.00438,940,4743,5094,1,1.83765,940,10454,11396,6.91361,29173,940
3,296,604356,279676,1122,143,1165,0.341849,0.608886,1233,-1,ok,0,0,0,0,1232,1,1,1.07099,1122,5367,6356,1,2.37046,1122,11992,14403,7.62274,37132,1122
3,297,467430,178127,281,38,418,0.15053,0.166261,336,-1,ok,0,0,0,0,335,1,1,0.313125,281,1207,1456,1,0.475026,281,2338,3348,0.819951,4332,281
3,298,473402,701873,1457,185,1783,0.858898,1.25295,1642,-1,ok,0,0,0,0,1641,1,1,2.45969,1459,7431,8024,1,3.09876,1457,15261,16763,13.8601,54516,1457
3,299,546168,470167,91,12,120,0.055598,0.097463,110,-1,ok,0,0,0,0,109,1,1,0.075397,91,91,552,1,0.033572,91,91,1440,0.025086,91,91
4,0,515417,637366,1801,115,625,0.20409,1.77194,2378,-1,ok,0,0,0,0,2377,1,1,3.89998,1803,15129,16728,1,5.04772,1801,26128,31517,12.0601,55476,1801
4,1,221578,683609,709,45,359,0.108462,0.55771,860,-1,ok,0,0,0,0,859,1,1,0.879663,709,3487,7449,1,1.23849,709,6853,15766,3.29067,17883,709
4,2,566063,455879,224,15,132,0.04339,0.188843,285,-1,ok,0,0,0,0,284,1,1,0.128099,224,392,2939,1,0.084036,224,392,6797,0.540569,2755,224
4,3,364509,251282,377,25,181,0.047939,0.263642,464,-1,ok,0,0,0,0,463,1,1,0.387003,377,2275,3002,1,0.715065,377,4293,5661,1.39258,7916,377
4,4,713214,541596,268,18,120,0.030035,0.213329,307,-1,ok,0,0,0,0,306,1,1,0.18784,268,268,2469,1,0.104857,268,296,5557,0.139021,281,268
4,5,708892,372109,865,55,449,0.119945,0.462895,1150,-1,ok,0,0,0,0,1149,1,1,1.74612,883,7343,7731,1,3.10552,883,14571,15590,7.55247,33055,865
4,6,549730,910635,485,33,239,0.070543,0.417599,612,-1,ok,0,0,0,0,611,1,1,0.822335,485,3175,4295,1,1.47849,485,5869,7852,2.65948,11505,485
4,7,428575,333335,686,44,270,0.075843,0.290111,883,-1,ok,0,0,0,0,882,1,1,1.01175,686,5283,5623,1,1.83288,686,9326,10236,3.42941,19844,686
4,8,103741,529812,1209,75,543,0.136014,0.777742,1504,-1,ok,0,0,0,0,1503,1,1,1.90495,1209,9811,11915,1,3.23872,1209,18178,23760,7.59585,40816,1209
4,9,504438,99296,1284,79,451,0.120826,0.618014,1591,-1,ok,0,0,0,0,1590,1,1,2.06389,1284,10739,12352,1,3.93661,1284,21593,24988,7.87263,40831,1284
4,10,503002,473385,659,42,288,0.084548,0.345014,836,-1,ok,0,0,0,0,835,1,1,0.847062,659,4620,7662,1,1.55453,659,8576,15109,3.43878,18056,659
4,11,594375,693937,1954,125,675,0.162573,1.2026,2561,-1,ok,0,0,0,0,2560,1,1,3.67342,1956,17318,17952,1,5.9542,1954,31271,32317,13.6386,67204,1954
4,12,184179,575147,1336,86,712,0.238114,1.14206,1709,-1,ok,0,0,0,0,1708,1,1,2.37026,1338,11856,12235,1,3.72691,1336,19645,21839,9.93184,51137,1336
4,13,84373,731343,822,53,382,0.103814,0.687053,1085,-1,ok,0,0,0,0,1084,1,1,0.963549,824,3896,8377,1,1.51653,822,7485,17120,4.37146,22213,822
4,14,533139,449475,806,52,378,0.122028,0.39134,1035,-1,ok,0,0,0,0,1034,1,1,1.15174,812,6617,6995,1,1.89717,812,11123,12352,4.58941,24850,806
4,15,800775,353868,725,47,173,0.052659,0.4561,796,-1,ok,0,0,0,0,795,1,1,0.84638,725,2701,6275,1,0.770038,725,3598,11636,1.02448,3662,725
4,16,580536,834346,1638,102,542,0.136625,0.997503,2091,-1,ok,0,0,0,0,2090,1,1,3.77096,1638,15682,16436,1,5.8218,1638,27932,29979,11.1035,56131,1638
4,17,705977,179642,451,29,198,0.073307,0.3697,560,-1,ok,0,0,0,0,559,1,1,0.901193,451,4005,5187,1,1.9946,451,8904,10589,2.46384,12349,451
4,18,591189,502974,573,36,262,0.074419,0.419243,654,-1,ok,0,0,0,0,653,1,1,0.659792,577,3900,6242,1,1.0795,573,6631,12858,2.90912,17174,573
4,19,696806,606078,410,25,174,0.062849,0.204933,493,-1,ok,0,0,0,0,492,1,1,0.383094,410,2314,3987,1,0.742858,410,4259,7353,1.89543,10136,410
4,20,649644,351270,898,59,398,0.108603,0.751042,1189,-1,ok,0,0,0,0,1188,1,1,1.30648,900,5253,8553,1,1.88634,898,9283,14277,5.9638,27816,898
4,21,364679,647787,786,50,384,0.110546,0.614567,1079,-1,ok,0,0,0,0,1078,1,1,1.15069,786,5214,6781,1,1.50004,786,8412,14097,4.97727,24119,786
4,22,236480,558798,1348,87,718,0.17157,0.945535,1749,-1,ok,0,0,0,0,1748,1,1,2.45551,1352,12178,12537,1,4.03405,1350,21028,22095,10.214,51938,1348
4,23,429002,590281,593,40,224,0.07022,0.382915,734,-1,ok,0,0,0,0,733,1,1,1.03251,599,4380,5483,1,1.54392,599,8090,10227,2.71093,14142,593
4,24,732327,437963,2826,178,781,0.19237,1.53459,3415,-1,ok,0,0,0,0,3414,1,1,5.41346,2828,22195,25337,1,9.28769,2826,42431,49357,15.2781,75758,2826
4,25,695045,573533,2638,167,689,0.253352,2.25535,3199,-1,ok,0,0,0,0,3198,1,1,4.98962,2640,20770,22959,1,8.69025,2638,39412,43508,14.2771,70636,2638
4,26,653917,554134,819,54,399,0.139851,0.99111,1106,-1,ok,0,0,0,0,1105,1,1,0.889511,821,4892,7447,1,1.58836,819,9250,14222,4.11566,22528,819
4,27,591152,758487,1441,92,622,0.165931,1.08685,1854,-1,ok,0,0,0,0,1853,1,1,2.51924,1441,11497,13137,1,4.10816,1441,20690,24127,11.4714,54336,1441
4,28,530231,797885,2838,179,858,0.211195,1.80402,3463,-1,ok,0,0,0,0,3462,1,1,4.81785,2840,23228,24217,1,8.60767,2838,43939,45961,17.1136,87207,2838
4,29,461730,614781,2269,144,718,0.233627,2.28658,2902,-1,ok,0,0,0,0,2901,1,1,5.31232,2271,20291,21627,1,7.61588,2269,37137,40796,14.34,73263,2269
4,30,444980,608103,2053,132,812,0.231111,1.80025,2554,-1,ok,0,0,0,0,2553,1,1,3.79257,2057,17425,18183,1,6.59551,2055,30597,32372,15.8237,77390,2053
4,31,625582,540051,1625,101,806,0.241691,1.52233,1966,-1,ok,0,0,0,0,1965,1,1,2.63628,1631,12296,14466,1,3.899,1631,21279,27394,11.3318,58442,1625
4,32,525321,196202,1187,74,414,0.121177,0.811074,1450,-1,ok,0,0,0,0,1449,1,1,1.92906,1187,10405,11604,1,3.87704,1187,20735,23614,7.96735,39681,1187
4,33,478182,565842,1838,119,595,0.156813,1.29275,2339,-1,ok,0,0,0,0,2338,1,1,3.16874,1840,14837,17724,1,5.56813,1838,27263,33462,10.5424,54134,1838
4,34,537719,542421,274,20,148,0.061224,0.273441,355,-1,ok,0,0,0,0,354,1,1,0.468845,284,2339,3113,1,0.992553,284,5333,6812,0.920018,5199,274
4,35,606091,561377,46,4,13,0.008085,0.079298,91,-1,ok,0,0,0,0,90,1,1,0.035397,46,56,715,1,0.014177,46,46,2031,0.019235,46,46
4,36,540484,237922,578,37,240,0.064961,0.44994,685,-1,ok,0,0,0,0,684,1,1,0.73361,578,3729,5411,1,1.4926,578,7299,11172,2.87953,14971,578
4,37,916340,481104,632,41,279,0.076815,0.492258,781,-1,ok,0,0,0,0,780,1,1,0.578561,634,2775,5664,1,1.07622,632,5350,11795,2.98393,14872,632
4,38,547698,473617,2323,147,733,0.181218,1.2778,2922,-1,ok,0,0,0,0,2921,1,1,4.22337,2325,19155,22277,1,7.44763,2323,35577,42136,14.1243,70722,2323
4,39,503531,560189,206,15,78,0.028914,0.267618,263,-1,ok,0,0,0,0,262,1,1,0.314588,206,1161,2461,1,0.464538,206,2099,4979,0.883458,3507,206
4,40,528285,633179,2234,140,676,0.176649,1.51355,2799,-1,ok,0,0,0,0,2798,1,1,4.22914,2236,18782,20265,1,8.09178,2234,34963,37669,13.7436,70518,2234
4,41,528291,124629,1240,77,429,0.291605,1.49536,1555,-1,ok,0,0,0,0,1554,1,1,3.36618,1240,10247,11567,1,5.31635,1240,20090,22953,7.94058,40626,1240
4,42,218360,732318,1260,78,629,0.185546,0.947048,1439,-1,ok,0,0,0,0,1438,1,1,1.84562,1260,9709,10325,1,3.73578,1260,20312,21755,6.79186,36829,1260
4,43,673429,646337,1726,112,626,0.160411,1.31627,2239,-1,ok,0,0,0,0,2238,1,1,2.96077,1728,12362,16185,1,3.93372,1726,21348,30086,10.7236,53246,1726
4,44,677903,545932,2495,158,814,0.203089,1.5538,3118,-1,ok,0,0,0,0,3117,1,1,3.87302,2497,20930,21665,1,6.83586,2495,37563,40804,15.9357,79377,2495
4,45,599861,473157,116,9,68,0.028384,0.195064,173,-1,ok,0,0,0,0,172,1,1,0.100538,116,116,1586,1,0.049973,116,116,4196,0.060923,116,116
4,46,771679,448047,942,59,484,0.11782,0.788583,1215,-1,ok,0,0,0,0,1214,1,1,1.45794,948,6899,8600,1,2.14101,948,11112,14250,5.0192,26277,942
4,47,613652,373259,1541,95,790,0.209001,0.890884,1890,-1,ok,0,0,0,0,1889,1,1,2.77837,1547,13507,15729,1,4.17023,1547,23041,30489,12.0515,61879,1541
4,48,559115,582478,645,41,116,0.0278,0.407542,696,-1,ok,0,0,0,0,695,1,1,0.902206,647,4398,5605,1,1.27256,647,7129,10573,1.58301,8597,645
4,49,138045,605112,1531,99,791,0.185597,1.23655,1984,-1,ok,0,0,0,0,1983,1,1,3.73688,1535,14049,14558,1,5.72227,1533,25383,26586,11.9041,57282,1531
4,50,715274,544491,2277,144,808,0.205544,1.81747,2826,-1,ok,0,0,0,0,2825,1,1,4.22404,2279,19302,19593,1,6.48964,2277,34949,36950,15.7717,79200,2277
4,51,118518,621231,1297,84,652,0.186156,1.2641,1692,-1,ok,0,0,0,0,1691,1,1,2.03969,1299,9630,11539,1,3.44008,1297,17008,20651,9.42433,47326,1297
4,52,560125,876072,607,41,295,0.095548,0.437806,820,-1,ok,0,0,0,0,819,1,1,0.846369,609,4192,5372,1,1.62764,607,8318,11172,3.47477,17204,607
4,53,457330,549752,200,14,78,0.022372,0.177441,235,-1,ok,0,0,0,0,234,1,1,0.367947,200,1202,2486,1,0.534518,200,2523,5427,0.68491,3599,200
4,54,185650,870115,627,40,358,0.098625,0.504222,876,-1,ok,0,0,0,0,875,1,1,1.34297,627,5852,6885,1,1.90444,627,8409,11478,2.72409,11572,627
4,55,519871,693835,2142,135,696,0.180035,1.35112,2755,-1,ok,0,0,0,0,2754,1,1,3.89838,2144,19543,19899,1,6.7381,2142,35755,37090,13.7305,73105,2142
4,56,140914,484062,1346,86,698,0.189283,1.25604,1725,-1,ok,0,0,0,0,1724,1,1,1.81737,1348,9631,12754,1,3.51437,1346,16901,23741,8.84906,47059,1346
4,57,630216,170691,1277,83,519,0.153846,1.18622,1684,-1,ok,0,0,0,0,1683,1,1,2.32764,1279,10616,11267,1,3.5127,1277,18320,19780,8.09919,42674,1277
4,58,686374,577768,450,27,197,0.069519,0.377425,523,-1,ok,0,0,0,0,522,1,1,0.575085,450,2341,4478,1,0.780488,450,4142,8146,2.58923,11733,450
4,59,625714,607337,2167,136,716,0.16574,1.11632,2762,-1,ok,0,0,0,0,2761,1,1,3.583,2169,18613,19996,1,6.0155,2167,33165,36644,13.8248,73254,2167
4,60,160386,877813,1001,63,476,0.134211,0.773914,1276,-1,ok,0,0,0,0,1275,1,1,1.87908,1001,8813,9516,1,3.21505,1001,15463,17121,4.7874,24866,1001
4,61,557207,713255,2128,135,692,0.17136,1.24782,2729,-1,ok,0,0,0,0,2728,1,1,3.48381,2130,18748,19417,1,6.52381,2128,33643,34980,13.5116,71776,2128
4,62,689095,577712,931,57,227,0.087563,0.649322,1024,-1,ok,0,0,0,0,1023,1,1,1.58786,931,6760,7117,1,2.54185,931,13502,15091,5.8005,27410,931
4,63,118518,543922,1546,100,795,0.209761,1.40846,1963,-1,ok,0,0,0,0,1962,1,1,3.72394,1554,12713,13478,1,4.72468,1552,22324,24180,10.9052,54964,1546
4,64,743230,714700,454,28,172,0.069149,0.42316,557,-1,ok,0,0,0,0,556,1,1,0.704395,454,3369,4575,1,0.924015,454,5079,8039,1.2229,7262,454
4,65,451281,500222,1729,111,572,0.1497,1.53724,2226,-1,ok,0,0,0,0,2225,1,1,2.94306,1731,13912,16100,1,4.76119,1729,25655,30120,10.0384,53341,1729
4,66,87326,638815,783,50,365,0.121557,0.619667,1058,-1,ok,0,0,0,0,1057,1,1,1.27778,783,5621,7431,1,1.89227,783,9166,15214,4.28234,21613,783
4,67,873089,178288,543,34,244,0.071153,0.516394,774,-1,ok,0,0,0,0,773,1,1,1.32579,543,4902,6565,1,1.98299,543,7639,11884,1.87004,8868,543
4,68,540231,698411,324,20,144,0.051386,0.315078,377,-1,ok,0,0,0,0,376,1,1,0.899901,324,2845,3526,1,1.36643,324,6904,7998,2.29714,11259,324
4,69,608054,502046,428,29,187,0.052688,0.324375,507,-1,ok,0,0,0,0,506,1,1,0.687333,434,2915,4081,1,1.00527,434,5174,7843,1.92225,9740,428
4,70,551981,134941,1142,70,355,0.089448,0.641898,1359,-1,ok,0,0,0,0,1358,1,1,1.93243,1142,8478,9860,1,3.48392,1142,17539,19893,7.67864,37155,1142
4,71,463217,908917,606,40,265,0.081292,0.485648,767,-1,ok,0,0,0,0,766,1,1,1.03824,608,4089,5532,1,1.60694,606,7648,11486,2.99699,15134,606
4,72,633916,540912,2768,175,790,0.183493,1.51812,3367,-1,ok,0,0,0,0,3366,1,1,5.02536,2776,23083,23772,1,9.20443,2774,43490,45187,15.4707,78468,2768
4,73,797852,552425,1119,70,252,0.121978,0.816782,1192,-1,ok,0,0,0,0,1191,1,1,1.37254,1119,6450,8699,1,2.51841,1119,13371,17903,5.28504,25862,1119
4,74,746160,847884,1478,94,605,0.159468,1.23816,1895,-1,ok,0,0,0,0,1894,1,1,3.65159,1478,12803,13982,1,4.80218,1478,23086,25310,11.3032,53994,1478
4,75,759766,548195,703,48,359,0.112029,0.623444,952,-1,ok,0,0,0,0,951,1,1,0.876888,705,4016,6453,1,1.48659,703,7944,13221,3.28765,16496,703
4,76,413741,394099,778,48,440,0.135283,0.701109,957,-1,ok,0,0,0,0,956,1,1,1.04068,778,5172,8367,1,1.61679,778,9526,18102,3.70381,20512,778
4,77,913394,471896,1104,70,549,0.13877,0.927141,1441,-1,ok,0,0,0,0,1440,1,1,1.91566,1104,8362,10310,1,2.74077,1104,14468,18229,8.80823,44041,1104
4,78,652297,501706,101,7,66,0.021601,0.098605,124,-1,ok,0,0,0,0,123,1,1,0.065141,101,101,1725,1,0.029366,101,101,4857,0.044122,101,101
4,79,528306,440834,2348,148,739,0.17156,1.50517,2953,-1,ok,0,0,0,0,2952,1,1,4.8142,2350,19122,22569,1,7.68736,2348,35885,43261,14.0644,70725,2348
4,80,579216,344905,687,41,377,0.132319,0.697122,798,-1,ok,0,0,0,0,797,1,1,0.792439,687,3594,7449,1,1.07178,687,5967,15766,3.49698,18817,687
4,81,291425,565940,613,39,324,0.086171,0.618284,772,-1,ok,0,0,0,0,771,1,1,0.778234,619,3826,5687,1,1.2192,619,6521,9585,4.2718,22156,613
4,82,560203,166249,1334,87,483,0.124723,1.00671,1765,-1,ok,0,0,0,0,1764,1,1,2.23502,1336,10455,12026,1,3.49303,1334,18059,21709,8.19913,39639,1334
4,83,725367,601383,506,31,202,0.065742,0.341619,587,-1,ok,0,0,0,0,586,1,1,0.761782,506,3717,5106,1,1.03484,506,6001,9486,2.61104,13653,506
4,84,690950,626446,632,39,311,0.082554,0.326591,661,-1,ok,0,0,0,0,660,1,1,0.729342,632,3604,4794,1,1.24726,632,7509,10961,2.0555,11509,632
4,85,885107,623720,1723,107,713,0.18267,1.18804,2172,-1,ok,0,0,0,0,2171,1,1,3.09236,1723,15227,16306,1,5.26918,1723,26722,29781,13.5092,69467,1723
4,86,452862,582210,1864,120,601,0.17127,1.47446,2379,-1,ok,0,0,0,0,2378,1,1,3.2735,1866,16545,18417,1,5.71632,1864,30272,35358,10.4704,55382,1864
4,87,643668,475109,189,13,98,0.033564,0.253814,286,-1,ok,0,0,0,0,285,1,1,0.095949,189,189,2405,1,0.04825,189,189,5666,0.064863,189,189
4,88,72436,674500,1030,65,452,0.105527,0.832825,1333,-1,ok,0,0,0,0,1332,1,1,1.99052,1036,9300,9827,1,3.36511,1030,17499,18534,7.35082,37614,1030
4,89,868641,853704,37,3,13,0.008274,0.066524,70,-1,ok,0,0,0,0,69,1,1,0.026441,37,38,604,1,0.008845,37,37,1980,0.029595,37,37
4,90,644709,548157,2038,129,709,0.186058,1.34877,2603,-1,ok,0,0,0,0,2602,1,1,3.41541,2040,16379,19026,1,5.68781,2038,29036,34547,14.1876,70826,2038
4,91,582005,373594,1217,76,445,0.138027,0.927161,1508,-1,ok,0,0,0,0,1507,1,1,2.54856,1217,11030,11424,1,4.9005,1217,21185,22049,9.06333,45309,1217
4,92,677416,621320,2042,128,663,0.243987,1.12534,2543,-1,ok,0,0,0,0,2542,1,1,4.56105,2044,17587,18713,1,7.11969,2042,31643,33322,13.7783,70315,2042
4,93,705859,580720,219,15,71,0.03166,0.350604,292,-1,ok,0,0,0,0,291,1,1,0.146945,219,599,2533,1,0.231482,219,1017,4622,0.268211,1257,219
4,94,431412,580719,607,38,220,0.061175,0.438008,674,-1,ok,0,0,0,0,673,1,1,1.09381,607,4934,6858,1,2.1792,607,10529,14124,3.40552,17721,607
4,95,437348,552419,661,40,246,0.0692,0.335396,728,-1,ok,0,0,0,0,727,1,1,0.842353,661,4881,7259,1,1.8794,661,10669,15414,3.19985,18299,661
4,96,758271,503460,743,49,367,0.100217,0.667015,944,-1,ok,0,0,0,0,943,1,1,0.922602,745,4051,6709,1,1.51875,743,7979,13928,3.76175,18490,743
4,97,868701,479347,1176,77,572,0.143619,1.01907,1535,-1,ok,0,0,0,0,1534,1,1,2.2604,1176,8981,11184,1,2.93417,1176,15285,19785,9.64775,45874,1176
4,98,562097,501182,3169,199,827,0.215443,1.99106,3788,-1,ok,0,0,0,0,3787,1,1,5.15103,3173,24331,27262,1,9.0844,3171,42693,50314,14.9677,74431,3169
4,99,278199,257290,49,4,17,0.019236,0.176069,174,-1,ok,0,0,0,0,173,1,1,0.065243,49,49,697,1,0.013845,49,49,2130,0.013886,49,49
4,100,570049,534288,47,3,11,0.009948,0.100286,74,-1,ok,0,0,0,0,73,1,1,0.028082,47,47,768,1,0.018595,47,47,2560,0.020378,47,47
4,101,541954,728137,425,27,196,0.061514,0.441825,490,-1,ok,0,0,0,0,489,1,1,0.660843,425,3540,4403,1,1.15105,425,6294,8254,1.99178,10772,425
4,102,215378,85837,389,26,205,0.073006,0.377003,500,-1,ok,0,0,0,0,499,1,1,0.544367,389,2526,3690,1,0.824519,389,4322,7078,0.952678,5539,389
4,103,589928,544726,2226,141,730,0.181188,1.74589,2865,-1,ok,0,0,0,0,2864,1,1,4.82015,2228,19677,21258,1,6.81344,2226,34558,39587,14.4379,73866,2226
4,104,541522,549453,805,49,252,0.09606,0.552763,858,-1,ok,0,0,0,0,857,1,1,0.794574,805,4235,6472,1,1.53833,805,9039,13559,4.80095,23643,805
4,105,502684,483770,978,61,302,0.081472,0.468616,1159,-1,ok,0,0,0,0,1158,1,1,1.32701,978,7868,8363,1,2.60354,978,15789,17183,5.43463,30698,978
4,106,185739,464682,1225,79,653,0.182771,1.12196,1612,-1,ok,0,0,0,0,1611,1,1,2.30305,1227,9337,12702,1,3.42051,1225,16746,23833,9.28196,44382,1225
4,107,564997,595611,2276,144,616,0.169638,1.63787,2851,-1,ok,0,0,0,0,2850,1,1,3.91772,2280,19360,19935,1,6.11067,2278,33807,35640,11.8538,58396,2276
4,108,589155,636201,2476,156,670,0.1821,1.6763,2997,-1,ok,0,0,0,0,2996,1,1,4.423,2478,20174,21311,1,7.47735,2476,38256,40119,14.7216,70451,2476
4,109,531285,901687,2128,132,650,0.191336,1.87349,2591,-1,ok,0,0,0,0,2590,1,1,4.23427,2128,18411,19410,1,6.74132,2128,34251,36402,13.9011,68196,2128
4,110,732706,576220,224,13,57,0.022242,0.201227,269,-1,ok,0,0,0,0,268,1,1,0.324896,224,1691,2046,1,0.427467,224,2409,3996,0.642419,3123,224
4,111,109733,638731,1000,64,440,0.108934,0.871958,1337,-1,ok,0,0,0,0,1336,1,1,1.56392,1000,8190,9449,1,2.99635,1000,15825,17456,6.61374,35200,1000
4,112,662568,191645,835,52,373,0.104376,0.443989,1042,-1,ok,0,0,0,0,1041,1,1,1.41383,835,6858,7684,1,2.48719,835,12585,14388,8.27523,33636,835
4,113,374965,759941,1238,79,610,0.151724,0.84637,1583,-1,ok,0,0,0,0,1582,1,1,2.30588,1238,9487,10880,1,3.3047,1238,16204,19199,9.09425,43838,1238
4,114,719164,27693,1169,74,475,0.124593,0.530501,1490,-1,ok,0,0,0,0,1489,1,1,2.05622,1175,10387,11230,1,3.75934,1169,19025,21260,8.26228,40737,1169
4,115,752294,934231,163,12,78,0.02139,0.18189,250,-1,ok,0,0,0,0,249,1,1,0.313185,163,1202,2016,1,0.302154,163,1566,4732,0.344422,1566,163
4,116,655535,844782,573,40,286,0.082674,0.475177,808,-1,ok,0,0,0,0,807,1,1,0.827075,575,3788,5012,1,1.37359,573,6853,9615,3.32169,16115,573
4,117,474798,607811,1695,108,688,0.169917,0.99077,2166,-1,ok,0,0,0,0,2165,1,1,3.01674,1697,13019,15158,1,4.33811,1695,22809,26710,12.8329,63777,1695
4,118,913321,352359,1830,114,799,0.210633,1.36782,2431,-1,ok,0,0,0,0,2430,1,1,3.13789,1836,14657,18516,1,4.72362,1836,25417,35220,13.5053,67065,1830
4,119,458475,638815,192,13,110,0.033492,0.241742,319,-1,ok,0,0,0,0,318,1,1,0.216404,192,988,2363,1,0.2033,192,1095,5837,0.184064,941,192
4,120,185587,899904,797,51,410,0.098694,0.678477,1170,-1,ok,0,0,0,0,1169,1,1,1.35255,803,6369,7562,1,2.0913,803,10388,13023,6.19553,28653,797
4,121,660993,722496,1439,89,520,0.150221,0.694858,1782,-1,ok,0,0,0,0,1781,1,1,1.92671,1445,10528,13645,1,3.70111,1445,19939,24534,9.49756,49024,1439
4,122,587664,590978,396,25,130,0.047228,0.204502,413,-1,ok,0,0,0,0,412,1,1,0.271076,396,1095,3462,1,0.414524,396,2248,8634,0.504742,2903,396
4,123,227425,627948,1391,87,743,0.169408,0.761621,1644,-1,ok,0,0,0,0,1643,1,1,2.09329,1391,10702,11902,1,3.87136,1391,20711,24173,9.47482,48375,1391
4,124,404568,507174,380,25,139,0.051285,0.276396,447,-1,ok,0,0,0,0,446,1,1,0.426627,380,1743,3710,1,0.646236,380,3397,7321,0.835279,4446,380
4,125,234885,555140,1077,66,511,0.136925,0.511636,1324,-1,ok,0,0,0,0,1323,1,1,1.46291,1077,8339,10146,1,2.65878,1077,15218,20332,7.38596,38485,1077
4,126,379198,738927,1657,103,527,0.130243,0.974969,2060,-1,ok,0,0,0,0,2059,1,1,2.84051,1657,13722,16846,1,5.40398,1657,27630,32074,10.2966,50465,1657
4,127,516377,549670,2291,144,695,0.197518,1.78645,2868,-1,ok,0,0,0,0,2867,1,1,4.98746,2293,19312,21734,1,7.99686,2291,36540,41347,14.0168,70659,2291
4,128,346621,479141,772,48,438,0.150149,0.900943,961,-1,ok,0,0,0,0,960,1,1,1.41761,772,7088,8627,1,2.34688,772,12860,16718,4.42268,23874,772
4,129,380939,508659,970,60,524,0.133609,0.466351,1155,-1,ok,0,0,0,0,1154,1,1,1.01699,970,5720,8415,1,1.71932,970,10315,17665,3.59613,20262,970
4,130,549667,582479,32,2,5,0.006212,0.06888,39,-1,ok,0,0,0,0,38,1,1,0.032771,32,32,512,1,0.01595,32,32,1989,0.018545,32,32
4,131,231944,556389,1377,86,730,0.167884,0.598076,1618,-1,ok,0,0,0,0,1617,1,1,2.10476,1377,11162,11617,1,3.80873,1377,21463,23604,9.23928,47464,1377
4,132,444980,143997,639,41,238,0.074318,0.49249,806,-1,ok,0,0,0,0,805,1,1,0.826193,639,4585,5577,1,1.4381,639,7865,10201,2.5739,14571,639
4,133,553121,561095,2824,178,727,0.17191,1.78981,3477,-1,ok,0,0,0,0,3476,1,1,5.84452,2828,23653,25250,1,7.93031,2826,41802,46297,14.3207,73309,2824
4,134,557186,599599,2595,165,832,0.257551,2.21705,3214,-1,ok,0,0,0,0,3213,1,1,4.34545,2597,21765,22948,1,7.52566,2595,40226,43515,15.8689,80846,2595
4,135,752223,476482,939,59,458,0.143849,0.95372,1180,-1,ok,0,0,0,0,1179,1,1,1.53748,945,7694,8714,1,2.95005,945,15408,17177,4.94867,25957,939
4,136,668229,470670,2659,168,720,0.183443,1.52238,3244,-1,ok,0,0,0,0,3243,1,1,4.31377,2661,20445,23574,1,7.63562,2659,38836,45855,14.2184,70689,2659
4,137,328875,564452,195,13,124,0.074219,0.310991,320,-1,ok,0,0,0,0,319,1,1,0.125735,203,509,2390,1,0.153225,203,754,3979,0.178634,898,195
4,138,642157,729840,1731,111,641,0.158405,1.37818,2224,-1,ok,0,0,0,0,2223,1,1,2.16122,1733,11791,16049,1,3.74072,1731,20218,29662,10.2871,53712,1731
4,139,90305,752572,987,64,457,0.303598,0.75591,1320,-1,ok,0,0,0,0,1319,1,1,1.95515,989,8625,9880,1,2.96395,987,13929,17920,4.09737,21023,987
4,140,540469,868590,1095,69,560,0.162634,0.697452,1496,-1,ok,0,0,0,0,1495,1,1,1.95595,1101,9483,10625,1,3.28433,1101,16520,18851,7.71557,38391,1095
4,141,554237,542468,341,22,180,0.066675,0.273581,396,-1,ok,0,0,0,0,395,1,1,0.48178,343,1979,2666,1,0.604929,343,3392,4905,1.22058,5867,341
4,142,552875,544670,2521,159,733,0.170938,1.61696,3150,-1,ok,0,0,0,0,3149,1,1,4.1417,2525,21028,22675,1,6.87285,2523,37474,42099,14.6501,73344,2521
4,143,489779,135045,582,38,268,0.123952,0.598196,767,-1,ok,0,0,0,0,766,1,1,0.775268,582,4136,5354,1,1.37755,582,7660,10397,2.82219,15398,582
4,144,684986,321427,899,57,411,0.130695,0.510023,1156,-1,ok,0,0,0,0,1155,1,1,1.27891,899,6557,8272,1,2.37721,899,12065,15655,7.66028,34162,899
4,145,551199,39629,1264,83,505,0.144982,0.965221,1743,-1,ok,0,0,0,0,1742,1,1,2.67855,1272,11851,13038,1,3.83205,1264,19341,24189,9.42653,39964,1264
4,146,161784,518507,1403,91,747,0.181168,0.861148,1830,-1,ok,0,0,0,0,1829,1,1,1.95659,1405,10722,12614,1,3.40442,1403,18399,22457,10.5152,50296,1403
4,147,916310,555655,611,40,246,0.081273,0.265726,826,-1,ok,0,0,0,0,825,1,1,0.596674,631,3009,5200,1,1.1565,611,6080,10599,2.66255,14115,611
4,148,358724,558670,1036,68,523,0.125795,0.34241,1355,-1,ok,0,0,0,0,1354,1,1,1.56254,1038,8881,9913,1,2.62909,1036,14657,17471,8.16846,39297,1036
4,149,491303,659590,417,26,190,0.060695,0.328444,488,-1,ok,0,0,0,0,487,1,1,0.940256,417,4096,4455,1,1.32819,417,7063,8077,2.38232,13217,417
4,150,551910,879052,1906,118,554,0.145331,1.19642,2313,-1,ok,0,0,0,0,2312,1,1,3.95888,1912,15892,17040,1,6.33295,1912,29366,32331,11.245,55146,1906
4,151,548928,513895,2545,161,710,0.201726,1.73308,3124,-1,ok,0,0,0,0,3123,1,1,4.15717,2547,19769,22688,1,7.18307,2545,37150,43410,13.662,70674,2545
4,152,544907,516738,841,52,439,0.140902,0.672686,1092,-1,ok,0,0,0,0,1091,1,1,1.07454,847,6029,7429,1,2.02427,847,11503,13725,4.77664,25710,841
4,153,596621,550078,3073,194,847,0.207667,1.61862,3676,-1,ok,0,0,0,0,3675,1,1,5.3221,3077,24898,26513,1,9.73351,3075,46702,49601,18.2865,87684,3073
4,154,457377,679268,965,63,349,0.125414,0.909808,1254,-1,ok,0,0,0,0,1253,1,1,1.6536,967,9002,9453,1,3.74586,965,17751,19139,4.93736,27753,965
4,155,888007,738901,148,10,78,0.02139,0.154189,315,-1,ok,0,0,0,0,314,1,1,0.314928,148,1512,1857,1,0.600841,148,3022,4428,0.586324,3181,148
4,156,557446,245356,1550,99,413,0.099416,0.81957,1943,-1,ok,0,0,0,0,1942,1,1,2.49358,1554,13116,13956,1,4.15373,1552,22741,24785,7.34891,40658,1550
4,157,269058,233403,285,19,112,0.033233,0.304969,350,-1,ok,0,0,0,0,349,1,1,0.396339,285,1343,2388,1,0.396852,285,2120,4328,0.724341,3379,285
4,158,561143,482354,629,39,284,0.078617,0.474545,718,-1,ok,0,0,0,0,717,1,1,1.11968,629,3890,6853,1,2.34193,629,7472,13434,4.12196,17927,629
4,159,476616,512534,204,14,111,0.036587,0.285975,293,-1,ok,0,0,0,0,292,1,1,0.345174,204,1464,2127,1,0.491267,204,2688,4547,1.08175,6051,204
4,160,651112,289929,1373,90,535,0.14441,1.1993,1766,-1,ok,0,0,0,0,1765,1,1,3.23632,1375,10559,12162,1,3.50219,1373,18054,20693,8.75883,45876,1373
4,161,728484,372110,264,17,118,0.029204,0.167504,333,-1,ok,0,0,0,0,332,1,1,0.122679,264,294,3358,1,0.105407,264,309,4767,0.09661,309,264
4,162,569402,643340,2200,141,625,0.143138,1.17692,2811,-1,ok,0,0,0,0,2810,1,1,3.88935,2204,17509,19551,1,5.8661,2202,30680,36084,10.1199,55450,2200
4,163,148333,409238,245,17,96,0.025638,0.230421,306,-1,ok,0,0,0,0,305,1,1,0.159397,245,808,1671,1,0.258203,245,1455,3559,0.286556,1531,245
4,164,464750,373454,1640,106,548,0.148538,0.86258,2109,-1,ok,0,0,0,0,2108,1,1,2.56542,1642,14174,15290,1,4.60427,1640,26012,28207,9.34667,51643,1640
4,165,355695,858397,800,51,437,0.132148,0.561988,997,-1,ok,0,0,0,0,996,1,1,1.45994,800,7009,7656,1,2.246,800,11315,12689,3.35841,18252,800
4,166,671610,490121,1975,127,774,0.185026,1.01332,2526,-1,ok,0,0,0,0,2525,1,1,3.82422,1977,17679,19068,1,6.62751,1975,31791,36077,18.1717,76395,1975
4,167,620032,817899,1017,68,327,0.111858,0.799722,1246,-1,ok,0,0,0,0,1245,1,1,1.36745,1021,7004,8690,1,2.7818,1019,13525,16746,5.22795,27881,1017
4,168,475138,561483,915,61,364,0.100247,0.636318,1224,-1,ok,0,0,0,0,1223,1,1,1.45617,917,7488,8883,1,2.82126,915,14883,17436,5.33228,30334,915
4,169,677523,564943,2418,154,843,0.220792,1.60042,3009,-1,ok,0,0,0,0,3008,1,1,4.96654,2422,20304,21730,1,7.19076,2420,36474,38939,18.0259,84521,2418
4,170,547139,894242,1009,65,252,0.090969,0.748628,1206,-1,ok,0,0,0,0,1205,1,1,1.41918,1011,7353,7762,1,2.58974,1011,13326,14405,3.50193,19650,1009
4,171,513656,703356,1488,96,640,0.174897,1.40789,1835,-1,ok,0,0,0,0,1834,1,1,3.55228,1490,12386,12824,1,4.69221,1488,21494,22816,12.8009,57709,1488
4,172,561653,646343,1780,115,627,0.185135,1.40645,2279,-1,ok,0,0,0,0,2278,1,1,2.35132,1782,12994,16765,1,4.16279,1780,23089,31285,10.3858,53602,1780
4,173,452860,580211,2703,171,825,0.227745,1.47636,3336,-1,ok,0,0,0,0,3335,1,1,4.67934,2705,23770,24706,1,8.30561,2703,44627,47655,15.7029,80816,2703
4,174,457346,589806,992,65,359,0.121627,0.81938,1297,-1,ok,0,0,0,0,1296,1,1,1.59634,994,8720,9964,1,3.18018,992,17417,19799,5.87761,29685,992
4,175,125970,564306,414,26,229,0.067256,0.481278,537,-1,ok,0,0,0,0,536,1,1,0.627343,414,2320,3977,1,0.988065,414,3927,8045,1.26854,5306,414
4,176,432903,536123,1450,90,499,0.127439,1.17793,1763,-1,ok,0,0,0,0,1762,1,1,2.87461,1456,12668,14322,1,5.26366,1456,25238,27970,9.91438,48138,1450
4,177,586708,335970,692,43,401,0.123771,0.638622,815,-1,ok,0,0,0,0,814,1,1,0.764688,692,4150,8010,1,1.15431,692,6740,16544,3.42399,19204,692
4,178,127595,700137,422,27,201,0.051837,0.446844,587,-1,ok,0,0,0,0,586,1,1,0.686872,422,2391,5349,1,0.950154,422,4072,9168,0.96934,4133,422
4,179,538665,123021,1064,66,359,0.09113,0.599319,1279,-1,ok,0,0,0,0,1278,1,1,1.63661,1064,8158,9763,1,3.09539,1064,16430,19033,6.37994,34570,1064
4,180,352712,882018,430,27,239,0.068076,0.374077,611,-1,ok,0,0,0,0,610,1,1,1.15194,436,3961,5112,1,1.38847,430,5337,8136,1.29359,5526,430
4,181,570105,642882,409,25,169,0.049983,0.257431,420,-1,ok,0,0,0,0,419,1,1,0.510562,409,2720,3053,1,1.27495,409,6760,8415,1.70384,10197,409
4,182,236454,64964,158,11,111,0.047036,0.228848,307,-1,ok,0,0,0,0,306,1,1,0.378816,158,1373,2196,1,0.577569,158,2701,4742,0.636869,3096,158
4,183,547182,801522,1262,83,319,0.081031,0.834498,1503,-1,ok,0,0,0,0,1502,1,1,1.938,1266,8372,9943,1,3.02471,1264,16265,19342,5.69017,28573,1262
4,184,684920,553657,177,11,56,0.018214,0.15004,194,-1,ok,0,0,0,0,193,1,1,0.168175,177,399,2288,1,0.146023,177,553,5514,0.146523,670,177
4,185,552875,351270,1255,82,398,0.095198,0.740252,1638,-1,ok,0,0,0,0,1637,1,1,1.69531,1259,8489,11789,1,2.75015,1257,15566,20560,6.40451,34338,1255
4,186,492765,584268,2039,130,824,0.240701,1.33595,2526,-1,ok,0,0,0,0,2525,1,1,4.14828,2043,17013,18010,1,6.06722,2041,30585,32498,18.7746,80673,2039
4,187,155792,743182,560,36,322,0.101259,0.572138,751,-1,ok,0,0,0,0,750,1,1,0.728871,560,3003,5506,1,0.806816,560,3926,10955,1.74709,5800,560
4,188,433249,556063,1470,95,793,0.209242,0.842573,1765,-1,ok,0,0,0,0,1764,1,1,1.99504,1474,11203,13140,1,3.56336,1472,19730,23127,11.3342,53381,1470
4,189,675909,548947,322,22,148,0.052739,0.188763,345,-1,ok,0,0,0,0,344,1,1,0.389036,322,1570,2155,1,0.538304,322,2818,5452,0.645434,3084,322
4,190,801727,652069,1904,118,710,0.157644,1.34736,2391,-1,ok,0,0,0,0,2390,1,1,3.28569,1904,16439,17349,1,5.52816,1904,29167,31507,25.4822,72405,1904
4,191,424436,194685,1235,79,423,0.126977,0.861619,1588,-1,ok,0,0,0,0,1587,1,1,2.52969,1237,10966,12425,1,4.01533,1235,19877,23808,10.9468,36924,1235
4,192,568596,520838,78,6,48,0.018675,0.098824,121,-1,ok,0,0,0,0,120,1,1,0.068347,78,78,1383,1,0.0323,78,78,3616,0.055034,78,78
4,193,537052,487130,2582,163,765,0.17742,1.58033,3163,-1,ok,0,0,0,0,3162,1,1,4.63197,2584,22339,23492,1,8.02754,2582,40811,45150,23.2913,77015,2582
4,194,287117,597610,1357,87,748,0.274382,1.39114,1710,-1,ok,0,0,0,0,1709,1,1,2.62644,1361,11575,12438,1,3.90995,1359,20199,21783,15.0799,53827,1357
4,195,734217,369103,902,57,441,0.120304,0.732809,1159,-1,ok,0,0,0,0,1158,1,1,2.13593,902,7344,7747,1,3.13741,902,14272,15406,11.129,37832,902
4,196,609326,594424,18,2,3,0.005,0.067355,59,-1,ok,0,0,0,0,58,1,1,0.017484,18,18,496,1,0.004329,18,18,1636,0.012032,18,18
4,197,555356,373478,150,10,89,0.030165,0.083146,227,-1,ok,0,0,0,0,226,1,1,0.161702,150,727,1980,1,0.185466,150,955,4655,0.200825,955,150
4,198,538782,596393,2887,182,863,0.207838,1.36411,3510,-1,ok,0,0,0,0,3509,1,1,5.1605,2891,25204,26655,1,9.70174,2889,45834,48060,24.1798,90119,2887
4,199,853804,764242,234,16,96,0.030727,0.261629,267,-1,ok,0,0,0,0,266,1,1,0.165318,234,774,2328,1,0.262851,234,1528,4596,0.239427,1221,234
4,200,546144,731449,1563,97,520,0.13924,1.29983,1930,-1,ok,0,0,0,0,1929,1,1,2.6644,1563,11408,14555,1,4.32773,1563,21971,26647,13.8102,49057,1563
4,201,546580,470520,70,5,19,0.008607,0.088825,101,-1,ok,0,0,0,0,100,1,1,0.0594,70,70,842,1,0.020529,70,70,1505,0.052809,70,70
4,202,587180,610058,2820,178,826,0.183613,1.73154,3461,-1,ok,0,0,0,0,3460,1,1,4.80483,2824,23406,24378,1,8.1088,2822,43048,46074,19.5144,80831,2820
4,203,554148,555672,34,3,11,0.015099,0.06395,63,-1,ok,0,0,0,0,62,1,1,0.038601,34,34,768,1,0.01009,34,34,2632,0.01092,34,34
4,204,618603,576023,2630,166,720,0.227796,2.06026,3259,-1,ok,0,0,0,0,3258,1,1,4.62566,2634,22108,23721,1,7.4715,2632,39744,43812,18.5508,73278,2630
4,205,111185,663982,1131,71,501,0.168814,1.34007,1444,-1,ok,0,0,0,0,1443,1,1,2.0581,1131,9744,10628,1,3.55691,1131,18111,20695,8.53716,40593,1131
4,206,558415,519079,908,56,466,0.128289,0.514871,997,-1,ok,0,0,0,0,996,1,1,0.823377,908,4482,7409,1,1.42243,908,7427,15070,3.20089,18460,908
4,207,273703,668225,1512,95,792,0.193361,0.802859,1769,-1,ok,0,0,0,0,1768,1,1,2.40386,1512,11936,12545,1,4.86873,1512,23914,25879,11.5044,54992,1512
4,208,342313,675920,1135,70,550,0.156241,0.815663,1408,-1,ok,0,0,0,0,1407,1,1,1.81474,1135,9381,10198,1,3.45011,1135,17436,19449,9.45965,43864,1135
4,209,455838,475237,29,2,3,0.006903,0.06455,62,-1,ok,0,0,0,0,61,1,1,0.034495,29,29,477,1,0.006582,29,29,1762,0.02131,29,29
4,210,407548,553070,2852,179,849,0.215342,2.01137,3437,-1,ok,0,0,0,0,3436,1,1,5.99716,2856,24677,26473,1,10.5436,2854,46389,49503,22.4919,87342,2852
4,211,504813,914851,324,21,177,0.086291,0.51372,461,-1,ok,0,0,0,0,460,1,1,0.526113,324,2515,4016,1,0.702693,324,3633,7663,0.943191,3703,324
4,212,547561,230431,1222,77,381,0.110555,1.03494,1473,-1,ok,0,0,0,0,1472,1,1,2.28807,1222,9491,10729,1,3.75479,1222,18917,21495,12.6253,41512,1222
4,213,466238,312299,1571,102,539,0.156892,1.18489,2030,-1,ok,0,0,0,0,2029,1,1,2.97323,1573,13651,15036,1,4.85704,1571,25070,27015,13.0692,48789,1571
4,214,234897,536226,1213,79,652,0.168303,0.940967,1628,-1,ok,0,0,0,0,1627,1,1,1.62454,1215,8999,11711,1,2.8503,1213,15510,20792,11.9513,45493,1213
4,215,580756,561650,1750,113,697,0.195584,0.833186,2207,-1,ok,0,0,0,0,2206,1,1,3.05167,1752,14934,15970,1,5.31641,1750,26811,29629,20.9952,69389,1750
4,216,744886,554466,1138,74,620,0.169766,0.618104,1397,-1,ok,0,0,0,0,1396,1,1,1.60131,1142,8250,9465,1,3.06121,1140,15918,18098,8.61741,36805,1138
4,217,864144,644857,1147,73,611,0.169637,0.963058,1480,-1,ok,0,0,0,0,1479,1,1,1.79781,1153,7998,11765,1,2.54642,1153,13696,21876,9.20284,41653,1147
4,218,155929,549165,1194,75,537,0.156702,0.772933,1489,-1,ok,0,0,0,0,1488,1,1,2.0161,1194,9504,11091,1,3.10936,1194,17371,21856,9.33348,40836,1194
4,219,734340,664355,1063,67,509,0.129962,0.751071,1322,-1,ok,0,0,0,0,1321,1,1,1.75024,1063,8101,10574,1,3.01349,1063,15768,19551,7.74444,34008,1063
4,220,483567,570424,1455,89,503,0.134641,0.960323,1778,-1,ok,0,0,0,0,1777,1,1,2.32301,1455,12411,14049,1,4.58502,1455,24681,27573,10.1264,48921,1455
4,221,639206,652049,2073,130,711,0.20368,1.65779,2606,-1,ok,0,0,0,0,2605,1,1,4.32574,2075,17941,18801,1,6.21702,2073,31360,33914,17.1135,73262,2073
4,222,93334,537056,1452,91,696,0.201938,1.39277,1803,-1,ok,0,0,0,0,1802,1,1,2.07468,1452,10466,12591,1,3.41066,1452,18730,24936,8.11471,41025,1452
4,223,603581,431982,437,29,190,0.072916,0.442015,496,-1,ok,0,0,0,0,495,1,1,0.76532,443,2732,4303,1,1.16239,443,4734,8244,2.30791,7661,437
4,224,439095,658592,1491,96,653,0.347899,1.36559,1878,-1,ok,0,0,0,0,1877,1,1,3.45033,1493,12131,13042,1,4.63779,1491,21276,22726,21.1557,60308,1491
4,225,814923,899971,128,10,69,0.022562,0.093795,165,-1,ok,0,0,0,0,164,1,1,0.21383,128,1069,1500,1,0.351436,128,1996,3421,0.478813,2672,128
4,226,498998,590659,2587,164,825,0.206004,1.7271,3230,-1,ok,0,0,0,0,3229,1,1,4.42904,2589,22260,23200,1,8.05668,2587,41890,44922,29.0255,80834,2587
4,227,559098,530053,2275,145,586,0.172251,1.80743,2784,-1,ok,0,0,0,0,2783,1,1,3.74402,2279,17427,20084,1,5.96148,2277,30606,36176,14.0788,53898,2275
4,228,549050,87356,1368,85,453,0.136555,1.09058,1705,-1,ok,0,0,0,0,1704,1,1,2.5321,1368,10394,12089,1,4.03404,1368,20581,24442,13.7208,43802,1368
4,229,507967,791931,2780,176,856,0.225571,2.01123,3381,-1,ok,0,0,0,0,3380,1,1,5.63675,2782,22934,23779,1,9.96902,2780,43641,45524,22.0629,87192,2780
4,230,403304,932996,1476,93,662,0.212147,1.55035,1795,-1,ok,0,0,0,0,1794,1,1,3.05043,1476,11316,12588,1,4.3582,1476,19294,21652,10.7941,48724,1476
4,231,779288,400102,1980,124,787,0.215112,1.66994,2499,-1,ok,0,0,0,0,2498,1,1,3.74594,1980,17521,19302,1,6.1794,1980,30791,36537,18.8532,75230,1980
4,232,115537,717680,835,53,433,0.136114,0.815421,1042,-1,ok,0,0,0,0,1041,1,1,1.41728,835,6760,8117,1,2.40665,835,12207,14883,4.23697,21113,835
4,233,625715,531035,2478,156,814,0.204833,1.51165,3099,-1,ok,0,0,0,0,3098,1,1,4.24618,2480,18928,21656,1,6.76204,2478,33480,41124,16.1874,73695,2478
4,234,12779,392632,1393,87,640,0.181348,1.12803,1710,-1,ok,0,0,0,0,1709,1,1,2.28689,1399,10816,14295,1,4.00088,1393,20118,29135,7.75663,40916,1393
4,235,491073,550893,600,37,222,0.073797,0.50344,721,-1,ok,0,0,0,0,720,1,1,1.22921,600,5936,6510,1,2.31332,600,10126,12452,5.94295,19518,600
4,236,544640,612058,608,38,226,0.062838,0.306402,705,-1,ok,0,0,0,0,704,1,1,0.690748,608,3649,5562,1,1.45722,608,7418,11063,3.12945,17730,608
4,237,349394,221491,1219,76,381,0.106137,0.774567,1450,-1,ok,0,0,0,0,1449,1,1,2.50487,1219,11341,12579,1,4.65971,1219,23048,25626,9.2759,37230,1219
4,238,643343,800035,1098,68,538,0.158306,0.81974,1393,-1,ok,0,0,0,0,1392,1,1,2.62656,1098,10311,10859,1,3.7524,1098,18535,20231,10.072,41464,1098
4,239,466292,494384,1056,69,373,0.103181,0.827655,1375,-1,ok,0,0,0,0,1374,1,1,1.91681,1058,8815,10876,1,3.26941,1056,17551,21129,8.94207,30097,1056
4,240,263294,711941,727,46,372,0.119994,0.642891,902,-1,ok,0,0,0,0,901,1,1,0.747947,727,3078,7156,1,1.1069,727,5691,14816,5.06851,19914,727
4,241,540708,407534,2386,150,780,0.185156,1.38431,3039,-1,ok,0,0,0,0,3038,1,1,4.22131,2388,19903,23039,1,7.39546,2386,35711,44198,17.3535,73400,2386
4,242,407548,728111,217,14,99,0.036187,0.335638,236,-1,ok,0,0,0,0,235,1,1,0.172312,217,217,3506,1,0.074408,217,217,8832,0.148568,217,217
4,243,495501,485664,2437,155,783,0.208068,1.8954,3048,-1,ok,0,0,0,0,3047,1,1,5.56804,2439,22503,24150,1,9.83514,2437,41492,46343,18.9658,77339,2437
4,244,720906,179696,594,39,239,0.110065,0.882527,745,-1,ok,0,0,0,0,744,1,1,1.76229,594,5560,6254,1,2.46516,594,11327,12790,3.24855,16388,594
4,245,650350,482575,2675,168,719,0.198421,1.98285,3228,-1,ok,0,0,0,0,3227,1,1,4.77727,2677,20431,23557,1,8.51614,2675,38668,45511,15.5454,70704,2675
4,246,638652,817933,1535,96,542,0.178824,1.50863,1972,-1,ok,0,0,0,0,1971,1,1,2.99127,1535,14294,15071,1,5.0497,1535,24899,27100,12.3164,55609,1535
4,247,548934,567346,842,53,252,0.087964,0.611101,929,-1,ok,0,0,0,0,928,1,1,0.887217,842,4656,6904,1,1.77311,842,9816,14347,4.54637,24352,842
4,248,573392,445311,937,60,493,0.130534,0.783814,1172,-1,ok,0,0,0,0,1171,1,1,1.47318,939,5578,8824,1,2.2762,937,10067,17310,5.934,27552,937
4,249,791829,669974,699,46,146,0.061756,0.609718,734,-1,ok,0,0,0,0,733,1,1,0.81983,699,2982,5150,1,1.08681,699,4860,10347,1.08984,5774,699
4,250,181289,193174,55,4,10,0.008696,0.097592,114,-1,ok,0,0,0,0,113,1,1,0.065923,55,169,533,1,0.046346,55,247,1654,0.044674,247,55
4,251,734304,877601,1239,77,563,0.151923,1.23146,1582,-1,ok,0,0,0,0,1581,1,1,3.4895,1239,11309,12392,1,4.31233,1239,20378,23037,11.2548,42458,1239
4,252,541771,272040,815,51,331,0.099265,0.654121,1024,-1,ok,0,0,0,0,1023,1,1,1.66554,815,7247,8658,1,2.90293,815,13244,17302,6.13454,24166,815
4,253,555426,520840,632,39,279,0.088044,0.503179,707,-1,ok,0,0,0,0,706,1,1,0.720825,632,4211,6500,1,1.16432,632,7156,13729,3.53466,17798,632
4,254,554148,468913,1653,106,565,0.151723,1.41694,2136,-1,ok,0,0,0,0,2135,1,1,3.17106,1655,13010,14961,1,4.49504,1653,23166,26935,15.9256,53433,1653
4,255,407897,554527,1448,93,787,0.204081,1.04512,1729,-1,ok,0,0,0,0,1728,1,1,2.09222,1452,11331,12836,1,3.58436,1450,19855,22490,13.182,55076,1448
4,256,476137,886494,1697,106,570,0.152014,1.32473,2182,-1,ok,0,0,0,0,2181,1,1,4.3023,1703,16807,17461,1,6.42879,1703,31070,32944,19.6611,56352,1697
4,257,647690,523082,2414,153,833,0.243714,1.88883,3015,-1,ok,0,0,0,0,3014,1,1,4.51522,2418,20736,21522,1,7.93421,2416,37023,38551,27.8421,90555,2414
4,258,841766,458240,1678,104,760,0.233205,1.68921,2151,-1,ok,0,0,0,0,2150,1,1,3.04398,1684,14265,17059,1,4.72762,1684,24584,31893,23.5268,66477,1678
4,259,462910,637233,417,27,191,0.076263,0.4453,574,-1,ok,0,0,0,0,573,1,1,0.570316,417,3032,4283,1,1.17993,417,6295,7918,2.17069,11833,417
4,260,536976,551877,19,3,8,0.006871,0.081152,64,-1,ok,0,0,0,0,63,1,1,0.023062,19,19,382,1,0.010649,19,19,1131,0.01581,19,19
4,261,42610,554524,1736,113,841,0.21916,1.55718,2229,-1,ok,0,0,0,0,2228,1,1,4.11445,1746,15076,16584,1,5.80254,1738,27651,30289,15.3742,61353,1736
4,262,613794,229015,1113,72,422,0.155821,1.05845,1506,-1,ok,0,0,0,0,1505,1,1,1.87529,1115,9526,10384,1,3.09147,1113,16072,18234,8.02577,37126,1113
4,263,786608,624950,1914,119,837,0.232954,1.24709,2367,-1,ok,0,0,0,0,2366,1,1,3.42136,1920,15761,17187,1,5.32118,1920,28694,32225,17.9786,73614,1914
4,264,412226,542166,1648,106,723,0.199574,1.37004,2091,-1,ok,0,0,0,0,2090,1,1,2.66548,1650,11533,14262,1,3.91209,1648,20527,25829,15.3116,64093,1648
4,265,578007,584682,2557,161,825,0.215061,1.67137,3156,-1,ok,0,0,0,0,3155,1,1,4.54816,2559,21520,22451,1,7.56078,2557,39501,42524,20.6464,80842,2557
4,266,129099,357177,198,13,108,0.030447,0.378687,311,-1,ok,0,0,0,0,310,1,1,0.237684,198,938,2282,1,0.323044,198,1667,5073,0.356887,1823,198
4,267,670451,218543,1088,71,418,0.111448,1.20545,1461,-1,ok,0,0,0,0,1460,1,1,2.25628,1090,9178,10406,1,3.16267,1088,15364,18663,7.88183,33694,1088
4,268,636901,562811,880,53,229,0.081693,0.610269,955,-1,ok,0,0,0,0,954,1,1,1.23836,880,6334,6779,1,2.55431,880,12715,14723,6.85644,26825,880
4,269,161898,720900,750,49,370,0.095779,0.665242,967,-1,ok,0,0,0,0,966,1,1,1.02813,750,3261,7519,1,1.22348,750,5976,15413,7.05883,21524,750
4,270,536127,726744,1037,65,557,0.14518,0.553814,1354,-1,ok,0,0,0,0,1353,1,1,1.90756,1039,8553,9658,1,2.68975,1039,14653,17994,8.29467,33227,1037
4,271,182733,659592,907,57,440,0.110676,0.315599,1148,-1,ok,0,0,0,0,1147,1,1,1.47097,907,7867,8228,1,2.65253,907,14546,15562,8.47029,35409,907
4,272,557521,334467,2898,182,799,0.18254,1.69637,3543,-1,ok,0,0,0,0,3542,1,1,5.09259,2902,23119,26966,1,7.66899,2900,40971,50762,16.4658,73457,2898
4,273,550876,844900,1310,84,605,0.178945,1.17089,1705,-1,ok,0,0,0,0,1704,1,1,2.22809,1310,11239,12418,1,3.79279,1310,19761,21985,10.6158,46488,1310
4,274,442000,527458,1850,120,767,0.191678,0.95347,2381,-1,ok,0,0,0,0,2380,1,1,2.95618,1852,15617,16617,1,5.1802,1850,26708,29043,14.7949,69421,1850
4,275,163378,695363,985,63,461,0.126936,0.971534,1286,-1,ok,0,0,0,0,1285,1,1,1.75569,985,8554,9235,1,3.02838,985,15887,17236,10.9971,38613,985
4,276,469207,449288,2393,151,771,0.183392,1.30875,3012,-1,ok,0,0,0,0,3011,1,1,3.98382,2395,20571,23574,1,7.88642,2393,37532,45296,19.2393,73363,2393
4,277,621533,503471,384,25,118,0.042319,0.415016,433,-1,ok,0,0,0,0,432,1,1,0.386132,390,1649,3347,1,0.715215,390,3286,6499,1.41871,4835,384
4,278,584186,780781,627,41,241,0.066924,0.454349,772,-1,ok,0,0,0,0,771,1,1,0.9587,631,4869,5312,1,1.48808,629,7974,10021,5.17999,18390,627
4,279,537110,215501,1213,76,377,0.107081,1.00818,1460,-1,ok,0,0,0,0,1459,1,1,2.24275,1213,9541,10541,1,3.7255,1213,19074,21187,12.5451,41547,1213
4,280,552659,521369,42,5,33,0.016111,0.108523,95,-1,ok,0,0,0,0,94,1,1,0.036317,42,42,1238,1,0.017913,42,42,3407,0.02119,42,42
4,281,470354,521484,1808,116,760,0.184676,1.26351,2297,-1,ok,0,0,0,0,2296,1,1,3.28729,1810,13978,15877,1,4.6224,1808,24083,28148,17.1557,67589,1808
4,282,779294,490035,423,28,201,0.070883,0.27895,556,-1,ok,0,0,0,0,555,1,1,0.242064,425,1102,4238,1,0.440953,423,2296,9149,0.666726,3597,423
4,283,856695,383684,1735,106,784,0.178784,1.2708,2168,-1,ok,0,0,0,0,2167,1,1,2.85399,1735,14195,17666,1,4.70972,1735,24781,33790,17.9855,66731,1735
4,284,856911,565634,2043,128,742,0.195274,1.16905,2566,-1,ok,0,0,0,0,2565,1,1,3.3291,2043,17590,19183,1,5.53776,2043,30670,35159,15.8757,74365,2043
4,285,226029,617772,1109,69,526,0.16052,0.712139,1372,-1,ok,0,0,0,0,1371,1,1,1.66617,1109,9509,10897,1,3.31974,1109,18096,21580,8.0764,40961,1109
4,286,273528,498716,214,13,63,0.020769,0.143358,269,-1,ok,0,0,0,0,268,1,1,0.209711,214,1042,2000,1,0.356244,214,1928,4415,0.424663,2252,214
4,287,585019,659525,120,9,57,0.018926,0.1228,157,-1,ok,0,0,0,0,156,1,1,0.075911,120,224,1754,1,0.097211,120,474,4312,0.19182,752,120
4,288,714688,746144,256,16,118,0.031559,0.20353,297,-1,ok,0,0,0,0,296,1,1,0.206185,256,1314,2298,1,0.510603,256,2777,4289,0.606462,3471,256
4,289,487154,401935,1115,74,383,0.109915,0.847222,1440,-1,ok,0,0,0,0,1439,1,1,2.00379,1117,8765,11733,1,3.15581,1115,16822,21312,5.64341,29893,1115
4,290,558487,858169,252,16,96,0.02654,0.276356,395,-1,ok,0,0,0,0,394,1,1,0.562183,258,1935,2990,1,0.563673,252,2765,5030,0.829889,2917,252
4,291,574271,660088,2395,152,653,0.157384,1.5158,2932,-1,ok,0,0,0,0,2931,1,1,4.82429,2397,20299,20817,1,7.60872,2395,38159,39159,18.9224,70720,2395
4,292,41143,546444,721,47,269,0.11253,0.793138,944,-1,ok,0,0,0,0,943,1,1,0.959051,721,4166,6822,1,1.51233,721,7642,13238,3.49624,18062,721
4,293,760001,646214,1715,108,680,0.177207,1.19783,2208,-1,ok,0,0,0,0,2207,1,1,2.78367,1717,14669,15686,1,5.1709,1715,26831,28124,15.1025,68484,1715
4,294,185761,377965,506,33,212,0.086571,0.285333,673,-1,ok,0,0,0,0,672,1,1,0.44992,506,2705,4132,1,0.90538,506,5350,7873,2.95598,15369,506
4,295,604576,736790,940,59,497,0.121577,0.578727,1011,-1,ok,0,0,0,0,1010,1,1,1.55844,940,6688,7300,1,2.64165,940,13981,15420,6.91361,29173,940
4,296,604356,279676,1122,69,399,0.104655,0.714313,1357,-1,ok,0,0,0,0,1356,1,1,1.85141,1122,8794,10456,1,3.31286,1122,16766,20439,7.62274,37132,1122
4,297,467430,178127,281,18,146,0.049997,0.181208,348,-1,ok,0,0,0,0,347,1,1,0.345699,281,1716,2621,1,0.616698,281,3368,4799,0.819951,4332,281
4,298,473402,701873,1457,94,640,0.167506,0.917663,1818,-1,ok,0,0,0,0,1817,1,1,2.75568,1459,11427,12454,1,3.85764,1457,19597,22087,13.8601,54516,1457
4,299,546168,470167,91,7,35,0.014667,0.147546,142,-1,ok,0,0,0,0,141,1,1,0.084237,91,91,966,1,0.033433,91,91,2747,0.025086,91,91
6,0,515417,637366,1801,28,105,0.045022,1.95074,2692,-1,ok,0,0,0,0,2691,1,1,7.87665,1801,33210,40713,1,7.96722,1801,40998,53101,12.0601,55476,1801
6,1,221578,683609,709,13,68,0.023303,0.915309,1098,-1,ok,0,0,0,0,1097,1,1,1.42496,709,7893,19053,1,2.13081,709,11807,26436,3.29067,17883,709
6,2,566063,455879,224,4,16,0.008687,0.343532,525,-1,ok,0,0,0,0,524,1,1,0.10131,224,392,7478,1,0.467652,224,2277,13157,0.540569,2755,224
6,3,364509,251282,377,7,30,0.008836,0.283058,494,-1,ok,0,0,0,0,493,1,1,0.785016,377,4509,6304,1,1.14512,377,6521,11589,1.39258,7916,377
6,4,713214,541596,268,6,23,0.008586,0.325757,503,-1,ok,0,0,0,0,502,1,1,0.18698,268,279,9034,1,0.106639,268,275,15241,0.139021,281,268
6,5,708892,372109,865,14,60,0.015037,0.499694,1232,-1,ok,0,0,0,0,1231,1,1,4.0773,865,18089,20638,1,5.01429,865,23155,28996,7.55247,33055,865
6,6,549730,910635,485,10,40,0.034496,0.632711,960,-1,ok,0,0,0,0,959,1,1,1.78191,485,6781,9045,1,2.75703,485,10610,15446,2.65948,11505,485
6,7,428575,333335,686,11,40,0.014457,0.452124,979,-1,ok,0,0,0,0,978,1,1,1.85673,686,10080,13929,1,2.51353,686,14032,21174,3.42941,19844,686
6,8,103741,529812,1209,21,103,0.023185,0.99097,1848,-1,ok,0,0,0,0,1847,1,1,4.39314,1209,22920,29482,1,6.30688,1209,32105,44906,7.59585,40816,1209
6,9,504438,99296,1284,21,68,0.02049,0.925447,1839,-1,ok,0,0,0,0,1838,1,1,4.66749,1284,24467,29482,1,7.02616,1284,34961,44906,7.87263,40831,1284
6,10,503002,473385,659,13,44,0.01536,0.600542,1214,-1,ok,0,0,0,0,1213,1,1,1.43755,659,8001,16999,1,2.48573,659,13034,26931,3.43878,18056,659
6,11,594375,693937,1954,31,114,0.024605,1.48662,2823,-1,ok,0,0,0,0,2822,1,1,8.35405,1954,37951,39816,1,10.2123,1954,48272,52234,13.6386,67204,1954
6,12,184179,575147,1336,23,114,0.035327,1.71031,2179,-1,ok,0,0,0,0,2178,1,1,5.13286,1336,23815,27730,1,5.6492,1336,29780,38061,9.93184,51137,1336
6,13,84373,731343,822,14,68,0.021519,1.29833,1475,-1,ok,0,0,0,0,1474,1,1,2.84008,822,11921,22893,1,2.90169,822,14788,29198,4.37146,22213,822
6,14,533139,449475,806,13,66,0.020508,0.628494,1159,-1,ok,0,0,0,0,1158,1,1,2.59446,806,14001,16074,1,3.34114,806,17970,23476,4.58941,24850,806
6,15,800775,353868,725,14,25,0.01114,0.678526,1012,-1,ok,0,0,0,0,1011,1,1,1.09162,725,3544,15348,1,0.691752,725,3662,20218,1.02448,3662,725
6,16,580536,834346,1638,28,87,0.020397,1.38871,2571,-1,ok,0,0,0,0,2570,1,1,7.39192,1638,33379,35634,1,9.24217,1638,42941,49825,11.1035,56131,1638
6,17,705977,179642,451,9,34,0.017362,0.632582,810,-1,ok,0,0,0,0,809,1,1,2.35575,451,10525,13842,1,2.70952,451,12292,18011,2.46384,12349,451
6,18,591189,502974,573,10,38,0.012183,0.618064,874,-1,ok,0,0,0,0,873,1,1,1.16552,573,6790,13334,1,2.04618,573,11955,24710,2.90912,17174,573
6,19,696806,606078,410,8,25,0.009287,0.368167,689,-1,ok,0,0,0,0,688,1,1,0.825882,410,4607,8827,1,1.39469,410,6966,16384,1.89543,10136,410
6,20,649644,351270,898,15,64,0.017824,0.942941,1501,-1,ok,0,0,0,0,1500,1,1,2.7486,898,10732,17232,1,2.6619,898,14341,24720,5.9638,27816,898
6,21,364679,647787,786,13,77,0.043561,0.730003,1215,-1,ok,0,0,0,0,1214,1,1,2.41823,786,11320,19594,1,3.21612,786,15101,28225,4.97727,24119,786
6,22,236480,558798,1348,22,104,0.024045,1.22371,2231,-1,ok,0,0,0,0,2230,1,1,5.07022,1348,24224,27135,1,5.82265,1348,29951,36050,10.214,51938,1348
6,23,429002,590281,593,9,32,0.013865,0.654892,1114,-1,ok,0,0,0,0,1113,1,1,2.28088,593,9593,12828,1,2.66174,593,13290,19895,2.71093,14142,593
6,24,732327,437963,2826,48,132,0.037941,2.2216,4285,-1,ok,0,0,0,0,4284,1,1,13.4826,2826,53941,62968,1,15.834,2826,69230,80014,15.2781,75758,2826
6,25,695045,573533,2638,44,115,0.035968,2.53128,3831,-1,ok,0,0,0,0,3830,1,1,11.9958,2638,50577,55490,1,14.4314,2638,64449,73386,14.2771,70636,2638
6,26,653917,554134,819,14,74,0.030798,1.25707,1516,-1,ok,0,0,0,0,1515,1,1,2.0919,819,11296,19768,1,2.49621,819,13752,25920,4.11566,22528,819
6,27,591152,758487,1441,23,105,0.024356,1.09644,2032,-1,ok,0,0,0,0,2031,1,1,5.75291,1441,27032,31906,1,7.07982,1441,35075,41386,11.4714,54336,1441
6,28,530231,797885,2838,47,142,0.051297,2.41755,4081,-1,ok,0,0,0,0,4080,1,1,12.0915,2838,56995,60337,1,14.3186,2838,69807,77255,17.1136,87207,2838
6,29,461730,614781,2269,37,120,0.036659,2.41734,3384,-1,ok,0,0,0,0,3383,1,1,10.2721,2269,46080,49483,1,11.7428,2269,58017,66002,14.34,73263,2269
6,30,444980,608103,2053,32,131,0.068077,2.22646,3090,-1,ok,0,0,0,0,3089,1,1,8.08186,2053,35717,37186,1,9.74047,2053,46020,51407,15.8237,77390,2053
6,31,625582,540051,1625,27,135,0.062267,1.72358,2316,-1,ok,0,0,0,0,2315,1,1,5.31286,1625,26201,34997,1,6.64237,1625,34459,50581,11.3318,58442,1625
6,32,525321,196202,1187,20,65,0.02108,1.28835,1676,-1,ok,0,0,0,0,1675,1,1,4.91313,1187,23748,27641,1,7.09289,1187,34242,42375,7.96735,39681,1187
6,33,478182,565842,1838,30,98,0.02668,1.9598,2863,-1,ok,0,0,0,0,2862,1,1,7.66255,1838,34676,41499,1,8.14769,1838,42084,53776,10.5424,54134,1838
6,34,537719,542421,274,5,15,0.014067,0.454487,547,-1,ok,0,0,0,0,546,1,1,1.01889,274,5199,7636,1,0.936278,274,5199,12612,0.920018,5199,274
6,35,606091,561377,46,2,8,0.006551,0.250949,293,-1,ok,0,0,0,0,292,1,1,0.032812,46,46,5932,1,0.023813,46,46,10995,0.019235,46,46
6,36,540484,237922,578,10,41,0.013977,0.599069,801,-1,ok,0,0,0,0,800,1,1,2.21329,578,8722,14307,1,3.0844,578,13642,23597,2.87953,14971,578
6,37,916340,481104,632,11,58,0.018144,0.693585,1111,-1,ok,0,0,0,0,1110,1,1,1.5977,632,6699,15151,1,1.98101,632,9625,21773,2.98393,14872,632
6,38,547698,473617,2323,38,122,0.025767,1.5779,3560,-1,ok,0,0,0,0,3559,1,1,9.6932,2323,42987,52678,1,12.1626,2323,57084,70854,14.1243,70722,2323
6,39,503531,560189,206,5,10,0.019826,0.523087,559,-1,ok,0,0,0,0,558,1,1,0.717801,206,2601,8297,1,0.703373,206,3506,14289,0.883458,3507,206
6,40,528285,633179,2234,36,115,0.046446,2.04989,3405,-1,ok,0,0,0,0,3404,1,1,9.26807,2234,42783,47814,1,12.0411,2234,56880,65935,13.7436,70518,2234
6,41,528291,124629,1240,21,68,0.02732,1.63671,1919,-1,ok,0,0,0,0,1918,1,1,5.65781,1240,24133,29482,1,7.25,1240,34627,44906,7.94058,40626,1240
6,42,218360,732318,1260,23,120,0.03173,1.26151,1841,-1,ok,0,0,0,0,1840,1,1,4.5755,1260,24147,28423,1,6.21824,1260,30582,38908,6.79186,36829,1260
6,43,673429,646337,1726,28,105,0.026299,1.69541,2661,-1,ok,0,0,0,0,2660,1,1,6.53547,1726,27721,37259,1,6.64142,1726,35364,49841,10.7236,53246,1726
6,44,677903,545932,2495,41,136,0.056585,2.16991,3714,-1,ok,0,0,0,0,3713,1,1,9.44953,2495,46761,52359,1,12.5444,2495,59207,71303,15.9357,79377,2495
6,45,599861,473157,116,3,14,0.016109,0.444069,353,-1,ok,0,0,0,0,352,1,1,0.071703,116,116,7437,1,0.028142,116,116,13196,0.060923,116,116
6,46,771679,448047,942,15,80,0.0219,0.986952,1223,-1,ok,0,0,0,0,1222,1,1,3.56366,942,16008,19630,1,4.17579,942,21643,29983,5.0192,26277,942
6,47,613652,373259,1541,26,132,0.039624,1.02171,2166,-1,ok,0,0,0,0,2165,1,1,5.37394,1541,27657,35570,1,7.06219,1541,36469,48597,12.0515,61879,1541
6,48,559115,582478,645,12,20,0.01141,0.672125,1014,-1,ok,0,0,0,0,1013,1,1,1.4007,645,6900,11638,1,1.50957,645,8597,18336,1.58301,8597,645
6,49,138045,605112,1531,24,117,0.02705,1.5028,2560,-1,ok,0,0,0,0,2559,1,1,7.244,1531,28665,30076,1,7.88822,1531,36866,42067,11.9041,57282,1531
6,50,715274,544491,2277,37,135,0.053509,2.02564,3298,-1,ok,0,0,0,0,3297,1,1,9.09045,2277,42600,46321,1,10.6516,2277,52225,62643,15.7717,79200,2277
6,51,118518,621231,1297,20,102,0.04765,1.6658,1952,-1,ok,0,0,0,0,1951,1,1,4.93233,1297,21741,26685,1,5.09912,1297,25892,34860,9.42433,47326,1297
6,52,560125,876072,607,11,47,0.017733,0.660412,1126,-1,ok,0,0,0,0,1125,1,1,2.51102,607,12016,15151,1,3.23767,607,16023,21773,3.47477,17204,607
6,53,457330,549752,200,4,10,0.007003,0.360823,531,-1,ok,0,0,0,0,530,1,1,0.458837,200,1982,7801,1,0.620538,200,3416,14106,0.68491,3599,200
6,54,185650,870115,627,11,62,0.018855,0.813718,1108,-1,ok,0,0,0,0,1107,1,1,2.99502,627,11104,17698,1,2.60076,627,11572,22661,2.72409,11572,627
6,55,519871,693835,2142,34,117,0.025347,1.66234,3155,-1,ok,0,0,0,0,3154,1,1,9.37386,2142,44694,45827,1,11.7812,2142,56200,58595,13.7305,73105,2142
6,56,140914,484062,1346,21,110,0.036218,1.62667,2049,-1,ok,0,0,0,0,2048,1,1,5.24985,1346,21843,30273,1,5.45361,1346,25994,38120,8.84906,47059,1346
6,57,630216,170691,1277,20,84,0.027501,1.4693,2042,-1,ok,0,0,0,0,2041,1,1,5.04502,1277,25054,26685,1,6.13821,1277,31072,34860,8.09919,42674,1277
6,58,686374,577768,450,7,24,0.013695,0.48757,607,-1,ok,0,0,0,0,606,1,1,0.881106,450,3578,7759,1,0.907954,450,4752,14110,2.58923,11733,450
6,59,625714,607337,2167,35,120,0.027051,1.86816,3226,-1,ok,0,0,0,0,3225,1,1,9.6083,2167,41207,44619,1,11.3679,2167,53089,61083,13.8248,73254,2167
6,60,160386,877813,1001,15,78,0.03206,1.44406,1618,-1,ok,0,0,0,0,1617,1,1,4.48295,1001,18734,20689,1,5.01394,1001,23787,26401,4.7874,24866,1001
6,61,557207,713255,2128,35,117,0.030167,2.03901,3295,-1,ok,0,0,0,0,3294,1,1,8.58544,2128,41244,43531,1,10.8446,2128,54019,57740,13.5116,71776,2128
6,62,689095,577712,931,19,35,0.024265,1.09124,1362,-1,ok,0,0,0,0,1361,1,1,4.49479,931,18649,21177,1,4.76915,931,24623,32500,5.8005,27410,931
6,63,118518,543922,1546,24,117,0.028193,1.51119,2345,-1,ok,0,0,0,0,2344,1,1,6.89721,1546,27054,30041,1,6.32734,1546,32565,38947,10.9052,54964,1546
6,64,743230,714700,454,9,32,0.014767,0.610231,827,-1,ok,0,0,0,0,826,1,1,1.44778,454,6820,10452,1,1.39977,454,7226,16539,1.2229,7262,454
6,65,451281,500222,1729,28,98,0.022723,1.87979,2562,-1,ok,0,0,0,0,2561,1,1,6.64643,1729,32414,39344,1,7.98164,1729,40263,52076,10.0384,53341,1729
6,66,87326,638815,783,14,69,0.024676,1.179,1472,-1,ok,0,0,0,0,1471,1,1,2.94297,783,13808,22062,1,3.3127,783,17045,30087,4.28234,21613,783
6,67,873089,178288,543,9,46,0.019086,0.817015,1092,-1,ok,0,0,0,0,1091,1,1,2.6666,543,8539,16157,1,2.0977,543,8868,22295,1.87004,8868,543
6,68,540231,698411,324,7,22,0.009307,0.474065,535,-1,ok,0,0,0,0,534,1,1,2.1256,324,7419,8851,1,1.99028,324,10668,16094,2.29714,11259,324
6,69,608054,502046,428,9,31,0.011191,0.528547,873,-1,ok,0,0,0,0,872,1,1,2.00012,428,7141,11937,1,1.83273,428,9341,19457,1.92225,9740,428
6,70,551981,134941,1142,20,58,0.0158,0.917262,1721,-1,ok,0,0,0,0,1720,1,1,5.19982,1142,22393,25342,1,6.94694,1142,31994,37465,7.67864,37155,1142
6,71,463217,908917,606,11,43,0.016732,0.768546,1025,-1,ok,0,0,0,0,1024,1,1,2.39703,606,10118,13851,1,2.61481,606,13936,20928,2.99699,15134,606
6,72,633916,540912,2768,45,125,0.027932,2.2516,4145,-1,ok,0,0,0,0,4144,1,1,12.5802,2768,54494,57434,1,16.2196,2768,69481,75746,15.4707,78468,2768
6,73,797852,552425,1119,21,40,0.027341,1.41681,1784,-1,ok,0,0,0,0,1783,1,1,4.39615,1119,18012,25459,1,4.62302,1119,23739,35455,5.28504,25862,1119
6,74,746160,847884,1478,23,102,0.025297,1.51737,2253,-1,ok,0,0,0,0,2252,1,1,6.93197,1478,28725,32371,1,7.3505,1478,36135,41921,11.3032,53994,1478
6,75,759766,548195,703,13,69,0.032039,0.96369,1504,-1,ok,0,0,0,0,1503,1,1,2.40916,703,10348,18841,1,2.42785,703,12356,24545,3.28765,16496,703
6,76,413741,394099,778,13,69,0.018434,0.870926,1161,-1,ok,0,0,0,0,1160,1,1,2.61785,778,12875,20175,1,3.14614,778,16658,30727,3.70381,20512,778
6,77,913394,471896,1104,17,94,0.022573,1.00734,1523,-1,ok,0,0,0,0,1522,1,1,4.18746,1104,19811,23440,1,4.41051,1104,23419,31769,8.80823,44041,1104
6,78,652297,501706,101,2,8,0.007604,0.208799,278,-1,ok,0,0,0,0,277,1,1,0.248704,101,101,5932,1,0.030167,101,101,10995,0.044122,101,101
6,79,528306,440834,2348,38,122,0.025398,1.78317,3515,-1,ok,0,0,0,0,3514,1,1,10.3543,2348,42990,52678,1,12.6746,2348,57087,70854,14.0644,70725,2348
6,80,579216,344905,687,12,53,0.025559,0.922904,932,-1,ok,0,0,0,0,931,1,1,1.54729,687,7070,16343,1,2.28284,687,11882,26241,3.49698,18817,687
6,81,291425,565940,613,10,53,0.026761,0.687593,824,-1,ok,0,0,0,0,823,1,1,2.22988,613,8502,12272,1,1.90517,613,9937,17116,4.2718,22156,613
6,82,560203,166249,1334,22,84,0.024204,1.51431,2159,-1,ok,0,0,0,0,2158,1,1,4.83296,1334,21313,27977,1,5.35063,1334,27838,37265,8.19913,39639,1334
6,83,725367,601383,506,10,33,0.012903,0.708823,901,-1,ok,0,0,0,0,900,1,1,1.81603,506,8346,11764,1,2.48621,506,11884,20013,2.61104,13653,506
6,84,690950,626446,632,12,53,0.015379,0.552041,943,-1,ok,0,0,0,0,942,1,1,1.48633,632,8276,15115,1,1.88084,632,10835,21818,2.0555,11509,632
6,85,885107,623720,1723,27,120,0.025126,1.41616,2480,-1,ok,0,0,0,0,2479,1,1,6.9537,1723,33470,36866,1,7.96578,1723,41149,49133,13.5092,69467,1723
6,86,452862,582210,1864,31,105,0.027853,2.09086,2929,-1,ok,0,0,0,0,2928,1,1,7.59128,1864,37017,44603,1,8.34164,1864,44272,56469,10.4704,55382,1864
6,87,643668,475109,189,4,18,0.012563,0.467863,600,-1,ok,0,0,0,0,599,1,1,0.070943,189,189,8793,1,0.045454,189,189,13303,0.064863,189,189
6,88,72436,674500,1030,19,88,0.020418,1.28459,1885,-1,ok,0,0,0,0,1884,1,1,5.19342,1030,24058,26382,1,5.99515,1030,30301,34537,7.35082,37614,1030
6,89,868641,853704,37,2,5,0.007114,0.308376,362,-1,ok,0,0,0,0,361,1,1,0.025477,37,38,4777,1,0.0112,37,37,8062,0.029595,37,37
6,90,644709,548157,2038,32,120,0.024887,1.82414,2999,-1,ok,0,0,0,0,2998,1,1,7.33192,2038,35589,43900,1,9.32463,2038,43747,55754,14.1876,70826,2038
6,91,582005,373594,1217,21,67,0.040315,1.32197,1724,-1,ok,0,0,0,0,1723,1,1,5.76272,1217,23414,26395,1,7.38396,1217,34036,40309,9.06333,45309,1217
6,92,677416,621320,2042,33,113,0.029595,1.72417,2875,-1,ok,0,0,0,0,2874,1,1,8.19168,2042,38073,40366,1,10.4615,2042,48351,53791,13.7783,70315,2042
6,93,705859,580720,219,4,8,0.011061,0.379047,388,-1,ok,0,0,0,0,387,1,1,0.224499,219,1029,5254,1,0.244747,219,1257,11009,0.268211,1257,219
6,94,431412,580719,607,12,30,0.013084,0.577689,946,-1,ok,0,0,0,0,945,1,1,2.67119,607,11401,15616,1,3.46956,607,16849,26241,3.40552,17721,607
6,95,437348,552419,661,12,38,0.025586,0.394928,1120,-1,ok,0,0,0,0,1119,1,1,1.93139,661,11136,18589,1,3.09529,661,16789,28511,3.19985,18299,661
6,96,758271,503460,743,13,69,0.018835,0.930479,1464,-1,ok,0,0,0,0,1463,1,1,2.23196,743,10383,18841,1,2.53399,743,12391,24545,3.76175,18490,743
6,97,868701,479347,1176,18,98,0.021891,0.999845,1645,-1,ok,0,0,0,0,1644,1,1,4.19801,1176,19762,26727,1,4.28029,1176,23354,35207,9.64775,45874,1176
6,98,562097,501182,3169,51,136,0.042328,2.02757,4542,-1,ok,0,0,0,0,4541,1,1,10.496,3169,50767,60922,1,13.8447,3169,64855,81892,14.9677,74431,3169
6,99,278199,257290,49,1,0,0.007112,0.201006,174,-1,ok,0,0,0,0,173,1,1,0.068678,49,49,3130,1,0.013706,49,49,8403,0.013886,49,49
6,100,570049,534288,47,1,0,0.003306,0.10206,74,-1,ok,0,0,0,0,73,1,1,0.024976,47,47,3195,1,0.009346,47,47,10321,0.020378,47,47
6,101,541954,728137,425,8,32,0.014156,0.664291,846,-1,ok,0,0,0,0,845,1,1,1.56847,425,8266,11046,1,1.98955,425,10570,16489,1.99178,10772,425
6,102,215378,85837,389,8,43,0.012694,0.628022,882,-1,ok,0,0,0,0,881,1,1,0.934364,389,4696,11972,1,0.88402,389,5275,15447,0.952678,5539,389
6,103,589928,544726,2226,36,123,0.036358,1.7575,3321,-1,ok,0,0,0,0,3320,1,1,8.64688,2226,41776,47814,1,10.2122,2226,53699,65935,14.4379,73866,2226
6,104,541522,549453,805,14,40,0.038742,0.878921,1288,-1,ok,0,0,0,0,1287,1,1,2.32677,805,11622,19057,1,3.64035,805,18900,30604,4.80095,23643,805
6,105,502684,483770,978,18,49,0.01663,1.16521,1681,-1,ok,0,0,0,0,1680,1,1,3.34125,978,18955,23730,1,4.68673,978,26596,34788,5.43463,30698,978
6,106,185739,464682,1225,20,98,0.02689,1.44044,2244,-1,ok,0,0,0,0,2243,1,1,5.1003,1225,20312,30008,1,5.37772,1225,25638,39413,9.28196,44382,1225
6,107,564997,595611,2276,37,106,0.029586,2.15393,3387,-1,ok,0,0,0,0,3386,1,1,7.92105,2276,39303,42405,1,9.68538,2276,50618,57485,11.8538,58396,2276
6,108,589155,636201,2476,40,113,0.031117,2.21596,3531,-1,ok,0,0,0,0,3530,1,1,10.8114,2476,48980,51137,1,13.3111,2476,62537,67841,14.7216,70451,2476
6,109,531285,901687,2128,33,110,0.034694,2.17273,3033,-1,ok,0,0,0,0,3032,1,1,9.45193,2128,41438,43359,1,12.0974,2128,55262,57842,13.9011,68196,2128
6,110,732706,576220,224,5,11,0.013686,0.399246,407,-1,ok,0,0,0,0,406,1,1,0.60523,224,2895,5421,1,0.547002,224,3123,11348,0.642419,3123,224
6,111,109733,638731,1000,16,84,0.022412,1.0496,1463,-1,ok,0,0,0,0,1462,1,1,3.99197,1000,20365,21980,1,6.22752,1000,28516,31465,6.61374,35200,1000
6,112,662568,191645,835,15,60,0.023253,1.05341,1160,-1,ok,0,0,0,0,1159,1,1,3.00825,835,14668,17269,1,4.546,835,20435,26379,8.27523,33636,835
6,113,374965,759941,1238,19,94,0.024316,1.31166,1737,-1,ok,0,0,0,0,1736,1,1,5.40498,1238,19474,23193,1,5.16139,1238,24523,30033,9.09425,43838,1238
6,114,719164,27693,1169,20,78,0.024164,1.2009,1814,-1,ok,0,0,0,0,1813,1,1,5.52596,1169,22413,27450,1,6.26109,1169,29163,36811,8.26228,40737,1169
6,115,752294,934231,163,4,10,0.008645,0.316791,350,-1,ok,0,0,0,0,349,1,1,0.384428,163,1373,4895,1,0.312363,163,1566,8159,0.344422,1566,163
6,116,655535,844782,573,11,51,0.014817,0.762944,1354,-1,ok,0,0,0,0,1353,1,1,2.12409,573,8503,13764,1,2.54851,573,12937,20261,3.32169,16115,573
6,117,474798,607811,1695,26,115,0.027492,1.81514,2496,-1,ok,0,0,0,0,2495,1,1,6.32518,1695,27333,32254,1,6.73095,1695,34889,43834,12.8329,63777,1695
6,118,913321,352359,1830,30,132,0.052929,1.69754,2577,-1,ok,0,0,0,0,2576,1,1,6.27257,1830,30422,39562,1,7.93536,1830,39827,54013,13.5053,67065,1830
6,119,458475,638815,192,4,21,0.023945,0.372614,473,-1,ok,0,0,0,0,472,1,1,0.062327,192,192,8312,1,0.044995,192,192,14255,0.184064,941,192
6,120,185587,899904,797,13,65,0.015719,0.843806,1262,-1,ok,0,0,0,0,1261,1,1,2.71001,797,12871,15806,1,2.98745,797,14393,22169,6.19553,28653,797
6,121,660993,722496,1439,24,85,0.020709,0.900811,2148,-1,ok,0,0,0,0,2147,1,1,4.52065,1439,24733,30855,1,6.50065,1439,33592,44512,9.49756,49024,1439
6,122,587664,590978,396,8,23,0.017331,0.572929,767,-1,ok,0,0,0,0,766,1,1,0.684658,396,2897,11936,1,0.502569,396,2903,16738,0.504742,2903,396
6,123,227425,627948,1391,24,134,0.039083,1.26497,2000,-1,ok,0,0,0,0,1999,1,1,4.86702,1391,23926,30775,1,6.58338,1391,32884,43877,9.47482,48375,1391
6,124,404568,507174,380,6,23,0.023283,0.325898,523,-1,ok,0,0,0,0,522,1,1,0.876456,380,3884,9574,1,0.785987,380,4446,17111,0.835279,4446,380
6,125,234885,555140,1077,19,97,0.022242,0.986812,1590,-1,ok,0,0,0,0,1589,1,1,3.30951,1077,17956,24511,1,4.83348,1077,25357,38153,7.38596,38485,1077
6,126,379198,738927,1657,27,85,0.020589,1.31112,2398,-1,ok,0,0,0,0,2397,1,1,6.82005,1657,32105,37059,1,10.2098,1657,41180,50895,10.2966,50465,1657
6,127,516377,549670,2291,37,120,0.039443,2.43043,3424,-1,ok,0,0,0,0,3423,1,1,9.80266,2291,42924,51402,1,12.3821,2291,57021,69195,14.0168,70659,2291
6,128,346621,479141,772,14,65,0.027431,1.12643,1233,-1,ok,0,0,0,0,1232,1,1,3.11872,772,14810,18154,1,3.88052,772,19960,27865,4.42268,23874,772
6,129,380939,508659,970,17,95,0.029215,0.967104,1583,-1,ok,0,0,0,0,1582,1,1,2.46349,970,13501,23773,1,3.38664,970,18411,35607,3.59613,20262,970
6,130,549667,582479,32,2,5,0.006101,0.152575,187,-1,ok,0,0,0,0,186,1,1,0.039212,32,32,6529,1,0.008066,32,32,11007,0.018545,32,32
6,131,231944,556389,1377,24,133,0.030777,0.840058,2024,-1,ok,0,0,0,0,2023,1,1,5.19161,1377,26730,32052,1,7.12494,1377,36314,47743,9.23928,47464,1377
6,132,444980,143997,639,11,41,0.01577,0.751944,1070,-1,ok,0,0,0,0,1069,1,1,1.46251,639,8205,13922,1,2.15577,639,12158,22805,2.5739,14571,639
6,133,553121,561095,2824,46,123,0.025208,2.25112,4267,-1,ok,0,0,0,0,4266,1,1,10.5513,2824,49717,56261,1,12.8204,2824,63498,76289,14.3207,73309,2824
6,134,557186,599599,2595,43,137,0.073899,2.7137,3816,-1,ok,0,0,0,0,3815,1,1,10.5563,2595,48522,55370,1,12.552,2595,63072,74064,15.8689,80846,2595
6,135,752223,476482,939,14,67,0.029204,1.25048,1340,-1,ok,0,0,0,0,1339,1,1,3.62102,939,18657,21195,1,4.16557,939,22280,28711,4.94867,25957,939
6,136,668229,470670,2659,45,122,0.031349,2.16548,4010,-1,ok,0,0,0,0,4009,1,1,11.2951,2659,49692,59416,1,14.9107,2659,63949,77752,14.2184,70689,2659
6,137,328875,564452,195,3,12,0.016511,0.5086,364,-1,ok,0,0,0,0,363,1,1,0.213227,195,894,3993,1,0.168094,195,898,8180,0.178634,898,195
6,138,642157,729840,1731,27,108,0.026038,1.661,2526,-1,ok,0,0,0,0,2525,1,1,4.72126,1731,24806,35809,1,5.75507,1731,31736,46178,10.2871,53712,1731
6,139,90305,752572,987,16,80,0.023242,1.19611,1890,-1,ok,0,0,0,0,1889,1,1,3.81837,987,17579,23101,1,5.22166,987,20112,26930,4.09737,21023,987
6,140,540469,868590,1095,18,86,0.03186,1.43592,1624,-1,ok,0,0,0,0,1623,1,1,4.5548,1095,20266,23219,1,5.61417,1095,25868,33704,7.71557,38391,1095
6,141,554237,542468,341,6,23,0.012774,0.523577,678,-1,ok,0,0,0,0,677,1,1,0.910199,341,3855,5399,1,1.15611,341,5747,11175,1.22058,5867,341
6,142,552875,544670,2521,40,123,0.024817,2.09624,3760,-1,ok,0,0,0,0,3759,1,1,9.83281,2521,44661,51170,1,11.2729,2521,57266,70022,14.6501,73344,2521
6,143,489779,135045,582,11,48,0.021328,0.79788,935,-1,ok,0,0,0,0,934,1,1,1.91334,582,10431,16148,1,2.87553,582,14961,26128,2.82219,15398,582
6,144,684986,321427,899,15,64,0.017964,0.63209,1278,-1,ok,0,0,0,0,1277,1,1,2.80033,899,14262,21409,1,3.76333,899,19005,29574,7.66028,34162,899
6,145,551199,39629,1264,20,81,0.020228,1.25205,2231,-1,ok,0,0,0,0,2230,1,1,5.8633,1264,25076,31207,1,6.12756,1264,29755,37985,9.42653,39964,1264
6,146,161784,518507,1403,23,112,0.024835,1.29675,2270,-1,ok,0,0,0,0,2269,1,1,4.71499,1403,24362,29104,1,5.40791,1403,29175,38605,10.5152,50296,1403
6,147,916310,555655,611,11,58,0.017293,0.454779,1132,-1,ok,0,0,0,0,1131,1,1,1.21656,611,6648,15151,1,1.93451,611,9574,21773,2.66255,14115,611
6,148,358724,558670,1036,18,90,0.02124,0.60043,1857,-1,ok,0,0,0,0,1856,1,1,3.16119,1036,17352,21465,1,4.14909,1036,21730,30943,8.16846,39297,1036
6,149,491303,659590,417,7,30,0.01115,0.451203,624,-1,ok,0,0,0,0,623,1,1,1.84013,417,8546,9379,1,2.22466,417,11887,15315,2.38232,13217,417
6,150,551910,879052,1906,31,93,0.021471,1.36655,2769,-1,ok,0,0,0,0,2768,1,1,8.6539,1906,37839,43238,1,10.5481,1906,49698,59104,11.245,55146,1906
6,151,548928,513895,2545,41,120,0.031868,2.22823,3780,-1,ok,0,0,0,0,3779,1,1,9.6602,2545,47350,55813,1,12.7953,2545,62404,74563,13.662,70674,2545
6,152,544907,516738,841,14,73,0.027441,0.997944,1154,-1,ok,0,0,0,0,1153,1,1,2.71363,841,14774,18618,1,3.56228,841,19731,27002,4.77664,25710,841
6,153,596621,550078,3073,50,141,0.040505,2.11978,4526,-1,ok,0,0,0,0,4525,1,1,12.4258,3073,57797,61518,1,15.7295,3073,75780,81763,18.2865,87684,3073
6,154,457377,679268,965,16,59,0.025347,1.33482,1778,-1,ok,0,0,0,0,1777,1,1,3.90996,965,20625,22731,1,4.33482,965,24261,27913,4.93736,27753,965
6,155,888007,738901,148,3,15,0.007694,0.217736,515,-1,ok,0,0,0,0,514,1,1,0.614436,148,3181,6266,1,0.623674,148,3181,9086,0.586324,3181,148
6,156,557446,245356,1550,25,70,0.0166,1.06902,2461,-1,ok,0,0,0,0,2460,1,1,5.044,1550,26019,30023,1,5.95854,1550,32726,40157,7.34891,40658,1550
6,157,269058,233403,285,5,14,0.009367,0.3533,378,-1,ok,0,0,0,0,377,1,1,0.549867,285,2000,4526,1,0.534428,285,2627,8463,0.724341,3379,285
6,158,561143,482354,629,12,37,0.012002,0.679057,1134,-1,ok,0,0,0,0,1133,1,1,2.15894,629,8019,15413,1,2.64554,629,13052,24715,4.12196,17927,629
6,159,476616,512534,204,4,15,0.006692,0.300892,437,-1,ok,0,0,0,0,436,1,1,0.681101,204,3478,7269,1,0.869214,204,4645,13929,1.08175,6051,204
6,160,651112,289929,1373,22,90,0.020719,1.32651,1970,-1,ok,0,0,0,0,1969,1,1,5.39186,1373,22582,25511,1,5.33953,1373,28163,33656,8.75883,45876,1373
6,161,728484,372110,264,5,18,0.009708,0.367918,685,-1,ok,0,0,0,0,684,1,1,0.112391,264,309,6409,1,0.091852,264,294,11967,0.09661,309,264
6,162,569402,643340,2200,35,105,0.022132,1.54783,3345,-1,ok,0,0,0,0,3344,1,1,7.07371,2200,36140,43662,1,8.64365,2200,46809,58938,10.1199,55450,2200
6,163,148333,409238,245,6,19,0.028072,0.363238,366,-1,ok,0,0,0,0,365,1,1,0.281616,245,1531,3834,1,0.288831,245,1531,5727,0.286556,1531,245
6,164,464750,373454,1640,27,92,0.032941,1.35175,2677,-1,ok,0,0,0,0,2676,1,1,6.37999,1640,33875,36130,1,7.54298,1640,41159,45807,9.34667,51643,1640
6,165,355695,858397,800,11,58,0.021048,1.02346,1299,-1,ok,0,0,0,0,1298,1,1,2.68454,800,13717,14557,1,3.61246,800,17569,19354,3.35841,18252,800
6,166,671610,490121,1975,33,130,0.039443,1.45525,3096,-1,ok,0,0,0,0,3095,1,1,8.40504,1975,39195,45982,1,9.72405,1975,49361,58275,18.1717,76395,1975
6,167,620032,817899,1017,18,58,0.020078,1.17219,1932,-1,ok,0,0,0,0,1931,1,1,3.16978,1017,14010,18895,1,4.11334,1017,21121,27834,5.22795,27881,1017
6,168,475138,561483,915,16,62,0.017944,0.747355,1670,-1,ok,0,0,0,0,1669,1,1,3.28764,915,18272,22419,1,4.08266,915,22813,28349,5.33228,30334,915
6,169,677523,564943,2418,39,141,0.044103,1.82631,3605,-1,ok,0,0,0,0,3604,1,1,9.55842,2418,43398,47174,1,11.141,2418,55983,62338,18.0259,84521,2418
6,170,547139,894242,1009,18,43,0.017571,1.12281,1738,-1,ok,0,0,0,0,1737,1,1,2.66185,1009,14568,16200,1,3.56082,1009,19415,23395,3.50193,19650,1009
6,171,513656,703356,1488,23,110,0.026399,1.35916,2061,-1,ok,0,0,0,0,2060,1,1,6.47322,1488,27618,29962,1,7.3866,1488,36066,39362,12.8009,57709,1488
6,172,561653,646343,1780,29,105,0.028482,1.78803,2687,-1,ok,0,0,0,0,2686,1,1,5.71217,1780,28973,38417,1,6.89015,1780,37891,52246,10.3858,53602,1780
6,173,452860,580211,2703,44,137,0.066835,2.09899,4082,-1,ok,0,0,0,0,4081,1,1,10.8328,2703,53745,60601,1,13.6,2703,67073,78095,15.7029,80816,2703
6,174,457346,589806,992,17,61,0.026259,1.3688,1785,-1,ok,0,0,0,0,1784,1,1,4.0967,992,20590,23658,1,4.34292,992,24226,29288,5.87761,29685,992
6,175,125970,564306,414,7,37,0.014817,0.585483,585,-1,ok,0,0,0,0,584,1,1,1.21772,414,4666,9572,1,1.05524,414,5306,15172,1.26854,5306,414
6,176,432903,536123,1450,25,83,0.020028,1.2158,2087,-1,ok,0,0,0,0,2086,1,1,6.52424,1450,29985,33916,1,9.10846,1450,39732,47108,9.91438,48138,1450
6,177,586708,335970,692,12,53,0.025647,0.955453,979,-1,ok,0,0,0,0,978,1,1,1.28015,692,6914,16343,1,2.15664,692,12082,26241,3.42399,19204,692
6,178,127595,700137,422,7,30,0.01072,0.655023,745,-1,ok,0,0,0,0,744,1,1,1.25013,422,4133,11380,1,0.876667,422,4133,17923,0.96934,4133,422
6,179,538665,123021,1064,18,58,0.014796,0.805644,1561,-1,ok,0,0,0,0,1560,1,1,4.44088,1064,20869,23802,1,6.30623,1064,29515,34846,6.37994,34570,1064
6,180,352712,882018,430,7,38,0.013865,0.573357,781,-1,ok,0,0,0,0,780,1,1,1.68907,430,5280,11186,1,1.27093,430,5526,16339,1.29359,5526,430
6,181,570105,642882,409,8,28,0.01064,0.467063,824,-1,ok,0,0,0,0,823,1,1,1.11056,409,6370,11701,1,1.60246,409,9336,16869,1.70384,10197,409
6,182,236454,64964,158,3,19,0.008006,0.357618,493,-1,ok,0,0,0,0,492,1,1,0.774006,158,3096,7446,1,0.596223,158,3096,11165,0.636869,3096,158
6,183,547182,801522,1262,22,53,0.013885,1.14748,2101,-1,ok,0,0,0,0,2100,1,1,3.79717,1262,17263,22461,1,4.23558,1262,23589,30850,5.69017,28573,1262
6,184,684920,553657,177,4,10,0.006372,0.360943,390,-1,ok,0,0,0,0,389,1,1,0.202719,177,530,7242,1,0.147866,177,670,13701,0.146523,670,177
6,185,552875,351270,1255,20,64,0.016351,1.02559,2152,-1,ok,0,0,0,0,2151,1,1,3.47655,1255,17029,23529,1,3.90304,1255,22246,32625,6.40451,34338,1255
6,186,492765,584268,2039,33,138,0.047899,1.58864,3016,-1,ok,0,0,0,0,3015,1,1,8.76622,2039,38073,40799,1,10.8379,2039,50258,55351,18.7746,80673,2039
6,187,155792,743182,560,10,60,0.022933,0.911372,899,-1,ok,0,0,0,0,898,1,1,1.11871,560,4818,14055,1,1.1628,560,5709,19671,1.74709,5800,560
6,188,433249,556063,1470,25,128,0.054772,1.37452,2395,-1,ok,0,0,0,0,2394,1,1,4.88651,1470,22061,26772,1,5.87366,1470,29315,35632,11.3342,53381,1470
6,189,675909,548947,322,6,24,0.012314,0.35317,481,-1,ok,0,0,0,0,480,1,1,0.699706,322,3084,8973,1,0.558183,322,3084,16956,0.645434,3084,322
6,190,801727,652069,1904,30,120,0.051466,1.67254,2741,-1,ok,0,0,0,0,2740,1,1,7.68786,1904,35559,39003,1,9.14374,1904,43873,51899,25.4822,72405,1904
6,191,424436,194685,1235,19,70,0.026159,1.66219,1864,-1,ok,0,0,0,0,1863,1,1,5.39534,1235,23886,28167,1,6.0032,1235,28927,36882,10.9468,36924,1235
6,192,568596,520838,78,2,5,0.010469,0.337729,331,-1,ok,0,0,0,0,330,1,1,0.05272,78,78,5081,1,0.037088,78,78,11014,0.055034,78,78
6,193,537052,487130,2582,43,130,0.033523,2.54518,3961,-1,ok,0,0,0,0,3960,1,1,11.7435,2582,50245,57269,1,13.8015,2582,66777,76069,23.2913,77015,2582
6,194,287117,597610,1357,21,104,0.033593,1.56064,2084,-1,ok,0,0,0,0,2083,1,1,4.3144,1357,21968,23852,1,5.48874,1357,28243,34182,15.0799,53827,1357
6,195,734217,369103,902,15,67,0.023203,0.99626,1271,-1,ok,0,0,0,0,1270,1,1,4.33958,902,16940,20756,1,4.85565,902,22027,28996,11.129,37832,902
6,196,609326,594424,18,1,0,0.003316,0.073687,59,-1,ok,0,0,0,0,58,1,1,0.020879,18,18,2941,1,0.007233,18,18,7747,0.012032,18,18
6,197,555356,373478,150,3,11,0.006443,0.260646,415,-1,ok,0,0,0,0,414,1,1,0.204882,150,946,6028,1,0.176119,150,955,11461,0.200825,955,150
6,198,538782,596393,2887,49,144,0.033232,2.28145,4410,-1,ok,0,0,0,0,4409,1,1,12.6909,2887,53309,55538,1,16.2256,2887,70772,74150,24.1798,90119,2887
6,199,853804,764242,234,4,17,0.018715,0.411779,415,-1,ok,0,0,0,0,414,1,1,0.196296,234,997,6111,1,0.25138,234,1221,9372,0.239427,1221,234
6,200,546144,731449,1563,26,85,0.023133,1.77373,2384,-1,ok,0,0,0,0,2383,1,1,7.73151,1563,28643,34946,1,11.046,1563,39137,50260,13.8102,49057,1563
6,201,546580,470520,70,2,2,0.014127,0.357136,243,-1,ok,0,0,0,0,242,1,1,0.067086,70,70,2145,1,0.015499,70,70,4920,0.052809,70,70
6,202,587180,610058,2820,47,137,0.034234,2.56155,4187,-1,ok,0,0,0,0,4186,1,1,11.3611,2820,52147,59010,1,13.7838,2820,68225,79232,19.5144,80831,2820
6,203,554148,555672,34,1,0,0.007875,0.170619,127,-1,ok,0,0,0,0,126,1,1,0.045987,34,34,3588,1,0.008596,34,34,9789,0.01092,34,34
6,204,618603,576023,2630,42,120,0.047989,2.65973,3931,-1,ok,0,0,0,0,3930,1,1,10.2795,2630,47550,50938,1,12.0437,2630,61307,69277,18.5508,73278,2630
6,205,111185,663982,1131,20,96,0.03179,1.46616,1764,-1,ok,0,0,0,0,1763,1,1,4.39798,1131,22850,26287,1,6.37458,1131,32038,40054,8.53716,40593,1131
6,206,558415,519079,908,16,77,0.020839,0.689287,1241,-1,ok,0,0,0,0,1240,1,1,1.33681,908,7932,18318,1,2.26314,908,13145,30553,3.20089,18460,908
6,207,273703,668225,1512,27,140,0.039795,0.941908,2201,-1,ok,0,0,0,0,2200,1,1,5.65102,1512,29243,34379,1,8.03557,1512,39702,49273,11.5044,54992,1512
6,208,342313,675920,1135,19,99,0.043692,1.14782,1552,-1,ok,0,0,0,0,1551,1,1,4.23817,1135,22839,24982,1,5.89601,1135,30386,34949,9.45965,43864,1135
6,209,455838,475237,29,2,4,0.005791,0.166029,182,-1,ok,0,0,0,0,181,1,1,0.036047,29,29,2614,1,0.006211,29,29,4644,0.02131,29,29
6,210,407548,553070,2852,46,141,0.033713,2.36451,4225,-1,ok,0,0,0,0,4224,1,1,12.5024,2852,53509,57222,1,16.0484,2852,71439,77461,22.4919,87342,2852
6,211,504813,914851,324,5,24,0.021791,0.666484,543,-1,ok,0,0,0,0,542,1,1,0.771401,324,3703,8568,1,0.722118,324,3703,11231,0.943191,3703,324
6,212,547561,230431,1222,21,62,0.019145,1.28802,1785,-1,ok,0,0,0,0,1784,1,1,6.61084,1222,23785,26303,1,7.50969,1222,33897,39693,12.6253,41512,1222
6,213,466238,312299,1571,26,90,0.030226,1.80419,2606,-1,ok,0,0,0,0,2605,1,1,6.96094,1571,32845,34975,1,8.07423,1571,39266,43910,13.0692,48789,1571
6,214,234897,536226,1213,20,109,0.044021,1.55337,2020,-1,ok,0,0,0,0,2019,1,1,3.88793,1213,19642,28648,1,4.39826,1213,23873,35795,11.9513,45493,1213
6,215,580756,561650,1750,29,119,0.040906,1.45544,2679,-1,ok,0,0,0,0,2678,1,1,8.92612,1750,34281,38417,1,11.8214,1750,43001,52246,20.9952,69389,1750
6,216,744886,554466,1138,20,108,0.040165,1.51099,2163,-1,ok,0,0,0,0,2162,1,1,3.78259,1138,18903,21973,1,4.9598,1138,25264,29479,8.61741,36805,1138
6,217,864144,644857,1147,18,103,0.024677,1.12366,1640,-1,ok,0,0,0,0,1639,1,1,4.018,1147,18710,28138,1,4.35892,1147,23306,37642,9.20284,41653,1147
6,218,155929,549165,1194,21,103,0.023293,0.963228,1971,-1,ok,0,0,0,0,1970,1,1,4.63143,1194,22948,29482,1,6.23505,1194,32125,44906,9.33348,40836,1194
6,219,734340,664355,1063,17,76,0.020567,0.982093,1512,-1,ok,0,0,0,0,1511,1,1,3.56598,1063,18897,23511,1,4.29605,1063,22506,31127,7.74444,34008,1063
6,220,483567,570424,1455,23,83,0.021961,0.940106,1974,-1,ok,0,0,0,0,1973,1,1,5.4644,1455,28064,31634,1,7.51921,1455,38562,45577,10.1264,48921,1455
6,221,639206,652049,2073,34,120,0.039463,2.05202,2990,-1,ok,0,0,0,0,2989,1,1,8.02059,2073,38254,41678,1,9.33226,2073,49279,57265,17.1135,73262,2073
6,222,93334,537056,1452,25,131,0.05873,1.57123,2331,-1,ok,0,0,0,0,2330,1,1,5.0108,1452,25612,34393,1,6.26064,1452,32545,48652,8.11471,41025,1452
6,223,603581,431982,437,8,27,0.01052,0.565532,816,-1,ok,0,0,0,0,815,1,1,1.46507,437,5773,11441,1,1.48527,437,7659,19274,2.30791,7661,437
6,224,439095,658592,1491,24,112,0.027712,1.48106,2126,-1,ok,0,0,0,0,2125,1,1,5.8465,1491,25999,28252,1,6.88049,1491,34501,39901,21.1557,60308,1491
6,225,814923,899971,128,3,14,0.012583,0.28927,399,-1,ok,0,0,0,0,398,1,1,0.483874,128,2636,6011,1,0.460489,128,2672,8311,0.478813,2672,128
6,226,498998,590659,2587,42,137,0.056866,2.16071,3786,-1,ok,0,0,0,0,3785,1,1,10.2174,2587,50806,57666,1,12.3114,2587,63915,74919,29.0255,80834,2587
6,227,559098,530053,2275,36,98,0.043983,2.22073,3344,-1,ok,0,0,0,0,3343,1,1,7.41895,2275,36075,42927,1,8.61693,2275,45790,57511,14.0788,53898,2275
6,228,549050,87356,1368,24,78,0.023594,1.75928,2267,-1,ok,0,0,0,0,2266,1,1,6.15182,1368,26017,33749,1,7.58965,1368,36259,46677,13.7208,43802,1368
6,229,507967,791931,2780,47,142,0.054272,2.40748,4037,-1,ok,0,0,0,0,4036,1,1,11.6453,2780,53978,57335,1,15.563,2780,68937,76400,22.0629,87192,2780
6,230,403304,932996,1476,22,107,0.040455,1.68194,2025,-1,ok,0,0,0,0,2024,1,1,6.82248,1476,24837,26738,1,7.06974,1476,33066,35626,10.7941,48724,1476
6,231,779288,400102,1980,32,131,0.055293,2.12856,2821,-1,ok,0,0,0,0,2820,1,1,7.169,1980,36502,43504,1,8.80765,1980,46163,57731,18.8532,75230,1980
6,232,115537,717680,835,15,79,0.024676,0.913916,1226,-1,ok,0,0,0,0,1225,1,1,2.89107,835,15095,18399,1,3.89452,835,19695,25624,4.23697,21113,835
6,233,625715,531035,2478,40,136,0.039865,1.82165,3679,-1,ok,0,0,0,0,3678,1,1,8.77727,2478,41614,52225,1,10.5777,2478,53530,71303,16.1874,73695,2478
6,234,12779,392632,1393,23,114,0.038302,1.80727,2062,-1,ok,0,0,0,0,2061,1,1,5.28026,1393,25495,33925,1,6.34397,1393,32436,46559,7.75663,40916,1393
6,235,491073,550893,600,12,37,0.01588,0.738409,1107,-1,ok,0,0,0,0,1106,1,1,2.07592,600,9448,15413,1,3.06629,600,14481,24715,5.94295,19518,600
6,236,544640,612058,608,11,33,0.011009,0.352868,1015,-1,ok,0,0,0,0,1014,1,1,1.68909,608,10022,14230,1,2.98491,608,16221,25606,3.12945,17730,608
6,237,349394,221491,1219,21,62,0.016781,0.870064,1702,-1,ok,0,0,0,0,1701,1,1,5.22358,1219,25002,27520,1,6.75527,1219,33888,39684,9.2759,37230,1219
6,238,643343,800035,1098,17,81,0.023594,0.906934,1533,-1,ok,0,0,0,0,1532,1,1,5.28488,1098,22585,25562,1,5.93476,1098,28097,36105,10.072,41464,1098
6,239,466292,494384,1056,18,62,0.021851,1.31485,1883,-1,ok,0,0,0,0,1882,1,1,4.41967,1056,20749,25033,1,4.40448,1056,24385,30058,8.94207,30097,1056
6,240,263294,711941,727,12,68,0.025078,0.998115,1096,-1,ok,0,0,0,0,1095,1,1,1.76401,727,7458,18577,1,2.24564,727,11865,26436,5.06851,19914,727
6,241,540708,407534,2386,38,129,0.036908,2.00596,3473,-1,ok,0,0,0,0,3472,1,1,9.50348,2386,44938,53370,1,11.3052,2386,56495,70617,17.3535,73400,2386
6,242,407548,728111,217,4,16,0.015058,0.545528,400,-1,ok,0,0,0,0,399,1,1,0.151644,217,217,8505,1,0.077755,217,217,14863,0.148568,217,217
6,243,495501,485664,2437,41,133,0.034735,2.24761,3712,-1,ok,0,0,0,0,3711,1,1,10.4688,2437,47719,55016,1,13.9234,2437,63314,72554,18.9658,77339,2437
6,244,720906,179696,594,10,39,0.022342,0.935677,883,-1,ok,0,0,0,0,882,1,1,3.09249,594,12805,14396,1,3.52427,594,16240,19066,3.24855,16388,594
6,245,650350,482575,2675,43,120,0.038592,1.99829,3872,-1,ok,0,0,0,0,3871,1,1,11.1484,2675,49589,58022,1,13.8725,2675,62921,75050,15.5454,70704,2675
6,246,638652,817933,1535,25,87,0.029886,1.83907,2298,-1,ok,0,0,0,0,2297,1,1,7.90341,1535,30588,33056,1,8.69556,1535,39941,47347,12.3164,55609,1535
6,247,548934,567346,842,15,40,0.020208,1.12701,1429,-1,ok,0,0,0,0,1428,1,1,2.72837,842,13586,21032,1,4.29746,842,20742,32457,4.54637,24352,842
6,248,573392,445311,937,15,82,0.025378,1.01409,1486,-1,ok,0,0,0,0,1485,1,1,2.64871,937,11349,21044,1,2.51983,937,13805,27579,5.934,27552,937
6,249,791829,669974,699,15,27,0.010149,0.642349,1052,-1,ok,0,0,0,0,1051,1,1,1.32863,699,5526,16386,1,1.07267,699,5774,22067,1.08984,5774,699
6,250,181289,193174,55,2,5,0.006062,0.261177,378,-1,ok,0,0,0,0,377,1,1,0.080691,55,247,4971,1,0.042489,55,247,10934,0.044674,247,55
6,251,734304,877601,1239,19,90,0.019777,1.16469,1832,-1,ok,0,0,0,0,1831,1,1,6.1285,1239,25021,29763,1,6.21292,1239,29642,37797,11.2548,42458,1239
6,252,541771,272040,815,16,56,0.018264,0.953831,1476,-1,ok,0,0,0,0,1475,1,1,2.93978,815,12520,19539,1,4.10291,815,18426,29083,6.13454,24166,815
6,253,555426,520840,632,12,43,0.01588,0.666554,895,-1,ok,0,0,0,0,894,1,1,1.29769,632,7388,13907,1,2.27164,632,12447,25185,3.53466,17798,632
6,254,554148,468913,1653,26,96,0.027602,1.6674,2456,-1,ok,0,0,0,0,2455,1,1,7.01281,1653,31144,34781,1,7.92003,1653,38618,46979,15.9256,53433,1653
6,255,407897,554527,1448,24,120,0.032752,1.55673,2287,-1,ok,0,0,0,0,2286,1,1,4.85527,1448,22017,25765,1,5.91306,1448,29299,35382,13.182,55076,1448
6,256,476137,886494,1697,28,93,0.033243,1.93312,2536,-1,ok,0,0,0,0,2535,1,1,8.69923,1697,36441,40795,1,11.3637,1697,46958,55158,19.6611,56352,1697
6,257,647690,523082,2414,38,137,0.06469,2.36074,3545,-1,ok,0,0,0,0,3544,1,1,10.2059,2414,44197,45725,1,12.406,2414,57091,60067,27.8421,90555,2414
6,258,841766,458240,1678,27,129,0.066644,1.91586,2461,-1,ok,0,0,0,0,2460,1,1,6.34562,1678,29741,38219,1,7.76856,1678,39450,53621,23.5268,66477,1678
6,259,462910,637233,417,8,33,0.015287,0.690029,942,-1,ok,0,0,0,0,941,1,1,1.86912,417,10142,11766,1,2.20861,417,11745,15979,2.17069,11833,417
6,260,536976,551877,19,1,0,0.002694,0.071874,64,-1,ok,0,0,0,0,63,1,1,0.024808,19,19,1975,1,0.004698,19,19,4472,0.01581,19,19
6,261,42610,554524,1736,28,132,0.033784,1.75732,2911,-1,ok,0,0,0,0,2910,1,1,7.45828,1736,31308,35059,1,7.76695,1736,38743,44829,15.3742,61353,1736
6,262,613794,229015,1113,17,70,0.033462,1.15392,1826,-1,ok,0,0,0,0,1825,1,1,3.8187,1113,19312,23303,1,4.67021,1113,24193,31963,8.02577,37126,1113
6,263,786608,624950,1914,31,137,0.046766,1.55052,2651,-1,ok,0,0,0,0,2650,1,1,7.23705,1914,35680,42515,1,9.77325,1914,46944,57923,17.9786,73614,1914
6,264,412226,542166,1648,27,122,0.038492,1.92706,2419,-1,ok,0,0,0,0,2418,1,1,6.29513,1648,24050,33036,1,5.72945,1648,29078,40972,15.3116,64093,1648
6,265,578007,584682,2557,41,137,0.065231,2.55444,3668,-1,ok,0,0,0,0,3667,1,1,9.51634,2557,47227,54078,1,12.2307,2557,60663,71659,20.6464,80842,2557
6,266,129099,357177,198,4,20,0.018404,0.532725,451,-1,ok,0,0,0,0,450,1,1,0.370131,198,1667,6937,1,0.349161,198,1914,11834,0.356887,1823,198
6,267,670451,218543,1088,18,70,0.026891,1.21994,1799,-1,ok,0,0,0,0,1798,1,1,4.6763,1088,18905,23437,1,4.75205,1088,23709,31963,7.88183,33694,1088
6,268,636901,562811,880,16,40,0.016039,1.04455,1509,-1,ok,0,0,0,0,1508,1,1,3.95456,880,17238,22885,1,4.28961,880,22897,32813,6.85644,26825,880
6,269,161898,720900,750,13,68,0.020298,0.90013,1313,-1,ok,0,0,0,0,1312,1,1,2.40565,750,9422,20418,1,3.01049,750,14533,28967,7.05883,21524,750
6,270,536127,726744,1037,17,96,0.023663,0.82946,1526,-1,ok,0,0,0,0,1525,1,1,3.39625,1037,17383,23554,1,4.20463,1037,22406,31876,8.29467,33227,1037
6,271,182733,659592,907,16,84,0.02136,0.451562,1256,-1,ok,0,0,0,0,1255,1,1,3.1892,907,16452,17287,1,4.33836,907,22974,26436,8.47029,35409,907
6,272,557521,334467,2898,47,132,0.040325,2.24193,4213,-1,ok,0,0,0,0,4212,1,1,11.533,2898,49135,58263,1,13.3875,2898,63396,77570,16.4658,73457,2898
6,273,550876,844900,1310,21,100,0.039213,1.7235,2005,-1,ok,0,0,0,0,2004,1,1,5.81224,1310,24560,28206,1,6.40273,1310,31939,37625,10.6158,46488,1310
6,274,442000,527458,1850,29,121,0.03246,1.72217,2781,-1,ok,0,0,0,0,2780,1,1,6.90199,1850,31259,34673,1,8.21345,1850,39678,47579,14.7949,69421,1850
6,275,163378,695363,985,18,88,0.028824,1.43169,1762,-1,ok,0,0,0,0,1761,1,1,4.54519,985,21608,23907,1,6.35853,985,30392,34306,10.9971,38613,985
6,276,469207,449288,2393,40,129,0.047821,2.51636,3910,-1,ok,0,0,0,0,3909,1,1,10.4685,2393,47839,56305,1,12.1341,2393,59634,73793,19.2393,73363,2393
6,277,621533,503471,384,6,17,0.01658,0.58336,619,-1,ok,0,0,0,0,618,1,1,0.835941,384,3538,8506,1,0.900149,384,4833,16098,1.41871,4835,384
6,278,584186,780781,627,12,42,0.012043,0.593027,1066,-1,ok,0,0,0,0,1065,1,1,1.84423,627,8611,11332,1,3.05243,627,14408,17838,5.17999,18390,627
6,279,537110,215501,1213,21,62,0.020447,1.24288,1740,-1,ok,0,0,0,0,1739,1,1,5.9753,1213,23718,26303,1,7.23939,1213,33826,39693,12.5451,41547,1213
6,280,552659,521369,42,1,0,0.00523,0.174416,161,-1,ok,0,0,0,0,160,1,1,0.051064,42,42,3588,1,0.008837,42,42,9789,0.02119,42,42
6,281,470354,521484,1808,29,121,0.029927,1.816,2825,-1,ok,0,0,0,0,2824,1,1,7.62606,1808,29905,34673,1,8.22023,1808,38075,47579,17.1557,67589,1808
6,282,779294,490035,423,8,38,0.020679,0.700587,678,-1,ok,0,0,0,0,677,1,1,0.569262,423,2798,11241,1,0.583489,423,3315,15454,0.666726,3597,423
6,283,856695,383684,1735,27,129,0.040986,1.73117,2420,-1,ok,0,0,0,0,2419,1,1,6.31414,1735,29797,38219,1,7.87634,1735,39506,53621,17.9855,66731,1735
6,284,856911,565634,2043,32,124,0.030586,1.96594,2998,-1,ok,0,0,0,0,2997,1,1,7.62225,2043,36619,40990,1,9.10406,2043,45002,54377,15.8757,74365,2043
6,285,226029,617772,1109,19,96,0.032581,1.33088,1630,-1,ok,0,0,0,0,1629,1,1,3.89775,1109,21029,24446,1,5.49049,1109,29524,37523,8.0764,40961,1109
6,286,273528,498716,214,5,17,0.009499,0.245087,415,-1,ok,0,0,0,0,414,1,1,0.349542,214,1892,7413,1,0.422318,214,2252,12679,0.424663,2252,214
6,287,585019,659525,120,4,6,0.004759,0.289961,455,-1,ok,0,0,0,0,454,1,1,0.184796,120,752,4852,1,0.126825,120,752,9400,0.19182,752,120
6,288,714688,746144,256,6,19,0.007324,0.343402,535,-1,ok,0,0,0,0,534,1,1,0.521884,256,3118,5388,1,0.574232,256,3471,8562,0.606462,3471,256
6,289,487154,401935,1115,20,63,0.016942,1.11328,1944,-1,ok,0,0,0,0,1943,1,1,4.47608,1115,20387,25527,1,4.30798,1115,24290,31897,5.64341,29893,1115
6,290,558487,858169,252,4,13,0.009007,0.378367,521,-1,ok,0,0,0,0,520,1,1,0.672005,252,2808,5992,1,0.558292,252,2917,9694,0.829889,2917,252
6,291,574271,660088,2395,40,113,0.025447,1.82201,3514,-1,ok,0,0,0,0,3513,1,1,12.0433,2395,49246,51137,1,13.7331,2395,62806,67841,18.9224,70720,2395
6,292,41143,546444,721,12,51,0.024717,1.1316,1180,-1,ok,0,0,0,0,1179,1,1,2.55543,721,11745,18623,1,2.85372,721,14612,26359,3.49624,18062,721
6,293,760001,646214,1715,27,115,0.027562,1.46656,2458,-1,ok,0,0,0,0,2457,1,1,6.89345,1715,33445,35093,1,8.08341,1715,40949,44039,15.1025,68484,1715
6,294,185761,377965,506,9,36,0.019446,0.698854,941,-1,ok,0,0,0,0,940,1,1,1.57607,506,9062,11275,1,2.59906,506,13785,18342,2.95598,15369,506
6,295,604576,736790,940,18,89,0.02128,0.986101,1427,-1,ok,0,0,0,0,1426,1,1,3.44153,940,16822,21010,1,4.50554,940,23923,32161,6.91361,29173,940
6,296,604356,279676,1122,19,65,0.018234,1.02961,1641,-1,ok,0,0,0,0,1640,1,1,4.05071,1122,18957,24446,1,6.20714,1122,27664,37523,7.62274,37132,1122
6,297,467430,178127,281,5,22,0.018515,0.494213,356,-1,ok,0,0,0,0,355,1,1,0.716568,281,3198,4508,1,0.832745,281,4332,11018,0.819951,4332,281
6,298,473402,701873,1457,22,108,0.046105,1.3923,2000,-1,ok,0,0,0,0,1999,1,1,6.36742,1457,23023,26675,1,7.45442,1457,31149,35924,13.8601,54516,1457
6,299,546168,470167,91,2,5,0.013385,0.368127,290,-1,ok,0,0,0,0,289,1,1,0.081221,91,91,5163,1,0.027843,91,91,11743,0.025086,91,91
