level,pair,start,goal,true_dist,coarse_len,coarse_expanded,coarse_ms,lift_ms,lifted_cells,fail_level,fail_reason,endpoints_wrong,used_fallback,fallback_ok,fallback_ms,final_len,valid,c0_ok,c0_ms,c0_len,c0_expanded,c0_cells,c1_ok,c1_ms,c1_len,c1_expanded,c1_cells,fine_ms,fine_expanded,fine_len
2,0,2010448,7813185,3537,886,295218,267.76,42.1769,3552,-1,ok,0,0,0,0,3551,1,1,6.42189,3537,11099,11259,1,9.50675,3537,29246,30017,244.532,580857,3537
2,1,12579166,9078023,1568,394,56890,34.8347,25.5039,1591,-1,ok,0,0,0,0,1590,1,1,3.47484,1568,4425,4564,1,3.23926,1568,10478,10928,57.7561,207650,1568
2,2,1333590,4439595,1414,354,83754,45.6257,20.3554,1435,-1,ok,0,0,0,0,1434,1,1,2.13197,1414,1486,5140,1,0.963559,1414,1614,14407,154.389,288056,1414
2,3,3773467,3914009,3647,914,333303,287.838,22.5857,3662,-1,ok,0,0,0,0,3661,1,1,2.71687,3647,5833,11981,1,2.95223,3647,10755,31511,215.915,574921,3647
2,4,3313148,2503221,1216,310,73872,40.9178,5.90588,1243,-1,ok,0,0,0,0,1242,1,1,0.941407,1232,2218,4068,1,0.860937,1232,3447,10292,34.4385,110721,1216
2,5,7140541,10774717,1925,483,159464,113.83,24.157,1964,-1,ok,0,0,0,0,1963,1,1,2.97928,1925,4717,6162,1,3.46187,1925,11141,15861,120.928,372598,1925
2,6,8187875,9706060,1310,329,93571,57.2064,12.3142,1323,-1,ok,0,0,0,0,1322,1,1,1.16225,1310,2012,4438,1,1.08525,1310,3655,11700,19.8559,68186,1310
2,7,9627843,9885990,3738,935,305028,253.917,32.8006,3795,-1,ok,0,0,0,0,3794,1,1,3.78573,3738,7880,12366,1,4.66903,3738,17062,31824,396.201,736103,3738
2,8,7658869,7341623,669,168,34236,18.7429,6.10178,680,-1,ok,0,0,0,0,679,1,1,1.01413,669,2004,2391,1,1.19155,669,5185,6632,19.9913,89953,669
2,9,9079560,12955119,2601,652,197413,154.196,22.7152,2646,-1,ok,0,0,0,0,2645,1,1,3.08884,2601,2952,7920,1,1.94104,2601,3631,19521,11.5012,39421,2601
2,10,3021799,6079542,2013,506,112234,62.798,12.5131,2048,-1,ok,0,0,0,0,2047,1,1,2.81219,2013,5211,6085,1,3.37308,2013,12492,15931,126.882,366918,2013
2,11,3809714,13009546,3762,942,251896,206.31,36.3771,3785,-1,ok,0,0,0,0,3784,1,1,5.87952,3762,6247,12508,1,5.05186,3762,13454,34775,95.604,349019,3762
2,12,8103489,7107447,2089,523,95943,58.2448,15.5035,2106,-1,ok,0,0,0,0,2105,1,1,2.48326,2089,4773,6141,1,2.39845,2089,10425,14834,75.6855,233890,2089
2,13,2332859,8426127,4263,1135,349373,286.305,22.7089,4584,-1,ok,0,0,0,0,4583,1,1,6.15905,4539,12238,14141,1,8.14177,4539,30150,36790,617.775,1.68904e+06,4263
2,14,12044454,2416847,4675,1170,369135,328.026,21.9881,4692,-1,ok,0,0,0,0,4691,1,1,6.9372,4675,7228,15829,1,5.66863,4675,13961,41171,275.604,835345,4675
2,15,7549516,3032970,3582,897,271903,210.822,25.1755,3605,-1,ok,0,0,0,0,3604,1,1,6.04698,3582,9553,12262,1,9.06664,3582,24059,32844,662.127,1.81662e+06,3582
2,16,12927868,12892271,2462,617,128123,78.621,10.5132,2473,-1,ok,0,0,0,0,2472,1,1,2.12253,2462,8198,9099,1,4.59119,2462,22548,25739,86.7652,288014,2462
2,17,9833831,12288662,2580,646,141253,87.9297,7.56928,2617,-1,ok,0,0,0,0,2616,1,1,1.97358,2580,2616,8832,1,1.42281,2580,2860,24021,1.70111,2590,2580
2,18,6814149,9852082,1202,302,49478,27.6663,8.76431,1227,-1,ok,0,0,0,0,1226,1,1,1.79606,1206,1558,4395,1,1.05477,1206,2390,11568,5.3299,14274,1202
2,19,9528140,2664047,3318,831,229955,168.889,12.4194,3363,-1,ok,0,0,0,0,3362,1,1,5.38872,3318,7573,10917,1,5.98595,3318,17141,29290,205.478,619476,3318
2,20,6495471,7529905,2441,611,200300,147.262,8.51366,2470,-1,ok,0,0,0,0,2469,1,1,2.07629,2441,4945,7571,1,2.56847,2441,11468,19749,187.861,487683,2441
2,21,12325382,10067215,1607,402,52457,29.6259,5.72507,1640,-1,ok,0,0,0,0,1639,1,1,1.5923,1607,1608,5256,1,0.837363,1607,1660,13827,4.00548,9051,1607
2,22,3585937,1775879,2463,617,119710,66.5445,6.14733,2470,-1,ok,0,0,0,0,2469,1,1,1.59917,2463,2463,8208,1,1.18937,2463,2501,22229,1.27836,2463,2463
2,23,11721680,9491931,1321,331,45402,25.2002,2.93592,1346,-1,ok,0,0,0,0,1345,1,1,1.83358,1321,1790,3729,1,1.00751,1321,2694,8566,7.97844,33344,1321
2,24,3621375,11317103,3740,937,356331,310.682,9.9948,3765,-1,ok,0,0,0,0,3764,1,1,5.88719,3740,8593,11150,1,6.8286,3740,21151,29319,598.555,1.19993e+06,3740
2,25,5575100,6646560,1919,482,152947,97.1232,4.19126,1942,-1,ok,0,0,0,0,1941,1,1,1.7632,1919,4604,5653,1,2.83231,1919,11551,14349,82.6612,241544,1919
2,26,6158980,12807081,2860,715,199166,146.819,20.0959,2875,-1,ok,0,0,0,0,2874,1,1,4.35559,2860,3179,8777,1,2.48441,2860,3659,21826,45.9316,142266,2860
2,27,11764863,10921693,884,221,52273,29.1777,4.17002,889,-1,ok,0,0,0,0,888,1,1,1.12627,884,2987,3115,1,1.81293,884,7962,8426,13.6072,61102,884
2,28,10694273,1537590,4589,1148,372499,318.083,12.8463,4636,-1,ok,0,0,0,0,4635,1,1,6.62186,4589,9723,14970,1,7.34797,4589,21654,39779,442.466,1.1922e+06,4589
2,29,12581368,7643768,4098,1026,279279,209.483,16.8558,4115,-1,ok,0,0,0,0,4114,1,1,5.13114,4098,11622,13662,1,7.48406,4098,30031,36438,792.025,1.91099e+06,4098
2,30,13030402,12409999,2438,611,157315,100.159,8.99462,2449,-1,ok,0,0,0,0,2448,1,1,1.82952,2440,6834,8295,1,4.73353,2440,18342,23807,35.0093,121103,2438
2,31,12223295,6275531,3837,961,273083,196.85,10.6917,3878,-1,ok,0,0,0,0,3877,1,1,6.21872,3837,12193,12373,1,8.0568,3837,30970,31470,632.427,1.64996e+06,3837
2,32,5623637,12139279,3038,762,302678,211.514,15.9487,3071,-1,ok,0,0,0,0,3070,1,1,4.72798,3038,5785,9287,1,4.4066,3038,12005,23112,289.478,882190,3038
2,33,8035053,1444783,3156,789,272241,204.438,15.5479,3173,-1,ok,0,0,0,0,3172,1,1,5.39918,3156,7260,10955,1,5.99599,3156,16803,29676,475.836,1.0506e+06,3156
2,34,2880048,10213702,3461,867,254510,169.057,7.01099,3502,-1,ok,0,0,0,0,3501,1,1,6.48335,3461,10670,10738,1,8.48906,3461,27773,27993,267.98,806170,3461
2,35,1385201,11261247,4005,1003,299235,185.665,12.8576,4050,-1,ok,0,0,0,0,4049,1,1,7.34683,4005,8253,12948,1,6.91718,4005,19355,35151,383.697,891402,4005
2,36,6948283,3518629,1448,364,76366,43.0843,5.42976,1467,-1,ok,0,0,0,0,1466,1,1,2.61222,1448,3467,4703,1,3.16727,1448,9271,13495,114.457,242475,1448
2,37,13034387,859878,5685,1423,401622,307.922,17.1839,5750,-1,ok,0,0,0,0,5749,1,1,9.95965,5685,14977,18954,1,13.3161,5685,36739,51356,1227.4,2.44682e+06,5685
2,38,1686729,1918309,506,127,18971,9.45796,1.90911,509,-1,ok,0,0,0,0,508,1,1,0.189043,506,506,2032,1,0.156883,506,506,6112,0.191627,506,506
2,39,2222597,11499473,5854,1464,387982,308.01,39.3201,5909,-1,ok,0,0,0,0,5908,1,1,10.7086,5854,17292,19099,1,16.9058,5854,44254,50357,1836.85,3.54492e+06,5854
2,40,5141411,11134502,4288,1076,373580,332.124,18.581,4353,-1,ok,0,0,0,0,4352,1,1,7.44678,4298,11546,14522,1,10.2186,4298,28079,38175,1129.26,2.29801e+06,4288
2,41,12465838,7448178,2144,536,103616,58.3488,9.92329,2149,-1,ok,0,0,0,0,2148,1,1,4.02782,2144,4585,7507,1,4.04568,2144,11205,20355,266.81,527518,2144
2,42,10661203,8840327,3818,954,312298,247.218,10.1093,3843,-1,ok,0,0,0,0,3842,1,1,5.14232,3818,8180,12013,1,5.17354,3818,18236,30428,844.592,1.87552e+06,3818
2,43,9236823,3376857,2492,625,139526,89.3475,4.96468,2521,-1,ok,0,0,0,0,2520,1,1,5.69495,2492,7393,8411,1,6.64069,2492,19865,23295,192.984,426303,2492
2,44,6505621,5115520,816,205,30833,16.5819,3.52034,833,-1,ok,0,0,0,0,832,1,1,0.844857,816,1186,2630,1,0.610159,816,1719,7035,5.13271,18883,816
2,45,7224318,3455553,1884,473,124373,76.6039,7.10871,1895,-1,ok,0,0,0,0,1894,1,1,3.85389,1884,4239,6422,1,4.49005,1884,10735,18434,160.559,351645,1884
2,46,3577892,1190856,1756,440,108101,62.3959,3.97478,1767,-1,ok,0,0,0,0,1766,1,1,1.70744,1756,1764,5561,1,1.07645,1756,1791,14730,2.67897,5947,1756
2,47,3204941,3810580,2880,722,190580,130.417,3.7988,2895,-1,ok,0,0,0,0,2894,1,1,3.13202,2880,9128,9667,1,5.28228,2880,23020,24911,153.437,532935,2880
2,48,4180108,8576223,2054,514,175184,126.949,8.55264,2061,-1,ok,0,0,0,0,2060,1,1,2.86426,2054,3091,6955,1,1.98459,2054,5839,18319,28.6896,75250,2054
2,49,12353729,2809446,3785,948,275935,200.446,7.46865,3822,-1,ok,0,0,0,0,3821,1,1,8.41083,3785,9366,12564,1,8.4415,3785,22371,33990,458.295,1.08715e+06,3785
2,50,8395975,2625599,2116,530,172588,115.462,8.69749,2133,-1,ok,0,0,0,0,2132,1,1,3.39236,2116,2116,7288,1,1.62175,2116,2129,19326,13.2614,38786,2116
2,51,5493528,7925047,1515,379,75535,42.2374,5.15892,1518,-1,ok,0,0,0,0,1517,1,1,1.55934,1515,1553,4469,1,0.891545,1515,1808,11118,6.34598,14291,1515
2,52,9212910,11487380,2518,630,181603,123.154,7.35968,2535,-1,ok,0,0,0,0,2534,1,1,3.56437,2518,7399,7781,1,4.45275,2518,17588,18969,396.233,942143,2518
2,53,12285366,6402468,2738,685,186439,123.175,7.54645,2755,-1,ok,0,0,0,0,2754,1,1,4.22308,2738,5680,8173,1,3.80489,2738,12470,20592,247.964,526630,2738
2,54,6487042,3141638,3876,971,319151,250.73,5.37837,3897,-1,ok,0,0,0,0,3896,1,1,5.1035,3876,9156,13379,1,7.10902,3876,21774,35597,507.059,1.45507e+06,3876
2,55,8016532,6159621,865,221,49190,26.6819,7.07513,890,-1,ok,0,0,0,0,889,1,1,1.24514,881,1292,3239,1,0.897837,881,2368,9103,8.53035,27820,865
2,56,5515103,10522115,2043,512,165520,102.272,6.50476,2064,-1,ok,0,0,0,0,2063,1,1,4.00803,2043,6339,6468,1,5.02415,2043,16098,16567,287.17,571096,2043
2,57,2476815,12608832,4271,1071,321938,218.058,11.5912,4314,-1,ok,0,0,0,0,4313,1,1,9.31292,4271,13959,14344,1,13.6334,4271,36775,37920,695.517,1.57225e+06,4271
2,58,12456431,7340845,2238,560,125612,78.3284,5.85778,2251,-1,ok,0,0,0,0,2250,1,1,5.51619,2240,6605,7049,1,6.09847,2240,16185,17759,124.735,379863,2238
2,59,922742,2055692,666,167,21892,11.8268,4.06721,677,-1,ok,0,0,0,0,676,1,1,0.896823,666,978,2422,1,0.662507,666,1626,6867,0.823727,666,666
2,60,11194911,9705957,3585,899,192624,139.729,6.22116,3648,-1,ok,0,0,0,0,3647,1,1,3.42695,3589,9639,11608,1,5.22261,3589,22287,30965,400.647,1.39977e+06,3585
2,61,6036526,5702403,1491,374,126900,77.0201,2.1578,1516,-1,ok,0,0,0,0,1515,1,1,0.86756,1491,3556,5518,1,2.09569,1491,6902,16041,15.0711,62773,1491
2,62,11101203,2544770,3426,857,255933,203.573,6.32357,3461,-1,ok,0,0,0,0,3460,1,1,6.15331,3426,7942,11114,1,7.22182,3426,19274,29934,284.81,784499,3426
2,63,5493528,5459277,708,178,20846,11.5577,1.13292,711,-1,ok,0,0,0,0,710,1,1,0.153006,708,708,2848,1,0.212136,708,708,8512,0.164818,708,708
2,64,2388947,10947782,3371,844,223986,159.518,11.4422,3398,-1,ok,0,0,0,0,3397,1,1,5.61141,3371,5754,10856,1,4.7244,3371,12100,29581,228.886,614141,3371
2,65,7831705,6396759,719,183,29960,16.906,1.84393,736,-1,ok,0,0,0,0,735,1,1,0.731416,723,1417,2724,1,0.648371,723,2339,7863,0.516174,830,719
2,66,842069,12916554,4284,1074,273644,208.022,17.0587,4309,-1,ok,0,0,0,0,4308,1,1,9.7799,4284,14087,14284,1,13.7743,4284,37949,38758,403.857,1.10706e+06,4284
2,67,4850422,11280298,4704,1177,384462,342.559,8.96174,4723,-1,ok,0,0,0,0,4722,1,1,6.38915,4704,13498,15036,1,9.30495,4704,34744,39913,818.145,2.05978e+06,4704
2,68,11488163,10653983,1116,280,48864,27.3977,2.50695,1127,-1,ok,0,0,0,0,1126,1,1,0.702071,1116,1116,4014,1,0.451493,1116,1302,10740,3.45727,13862,1116
2,69,7579596,8228212,230,58,4945,2.5729,0.928333,233,-1,ok,0,0,0,0,232,1,1,0.343572,230,230,893,1,0.18766,230,230,2439,0.229769,230,230
2,70,12001610,2787829,4759,1192,350657,247.672,7.9157,4830,-1,ok,0,0,0,0,4829,1,1,8.98783,4759,14609,16097,1,12.6157,4759,38429,43577,900.329,1.99921e+06,4759
2,71,5742610,2055291,1316,331,104502,61.5436,3.20854,1331,-1,ok,0,0,0,0,1330,1,1,2.10797,1316,1369,5065,1,0.968699,1316,1667,13860,12.335,47787,1316
2,72,11880582,8295471,3634,909,224479,173.234,7.81036,3667,-1,ok,0,0,0,0,3666,1,1,4.44266,3634,11761,12423,1,7.61524,3634,31196,33436,326.786,955187,3634
2,73,10473387,2457266,4575,1145,352136,300.461,13.2416,4596,-1,ok,0,0,0,0,4595,1,1,8.28367,4575,13639,14939,1,10.5968,4575,34513,39561,1130.47,2.73263e+06,4575
2,74,5956582,6913395,1978,494,130203,81.378,3.88534,2003,-1,ok,0,0,0,0,2002,1,1,1.88456,1978,4114,6037,1,2.08054,1978,8699,15084,61.724,235499,1978
2,75,6219946,5564489,847,213,54705,31.306,1.9303,864,-1,ok,0,0,0,0,863,1,1,0.602876,847,1274,3004,1,0.800153,847,2916,8097,2.08089,5398,847
2,76,2081440,12382609,4688,1172,361193,276.117,9.12672,4707,-1,ok,0,0,0,0,4706,1,1,9.04243,4688,13283,15304,1,11.7049,4688,32447,39497,1285.71,2.38355e+06,4688
2,77,1691073,3744093,1693,424,102292,53.588,3.1108,1696,-1,ok,0,0,0,0,1695,1,1,2.20842,1693,5724,6208,1,3.65362,1693,15553,17956,79.1528,261092,1693
2,78,8817198,3986522,2108,528,166992,101.175,3.99817,2123,-1,ok,0,0,0,0,2122,1,1,2.89343,2108,2108,7259,1,1.54675,2108,2245,20832,2.67156,2126,2108
2,79,7948753,9167683,453,114,16737,8.59689,0.893879,460,-1,ok,0,0,0,0,459,1,1,0.475037,453,453,1757,1,0.298797,453,454,4905,0.582749,1008,453
2,80,5933167,1809128,2017,504,176852,115.707,4.2054,2036,-1,ok,0,0,0,0,2035,1,1,2.72919,2017,2267,7374,1,1.49385,2017,2950,20161,10.0495,28899,2017
2,81,6966816,6407311,457,116,13850,7.18357,0.846049,468,-1,ok,0,0,0,0,467,1,1,0.457224,457,458,1364,1,0.225762,457,460,3375,0.6373,460,457
2,82,2476107,12023992,4640,1161,305502,208.534,9.17988,4661,-1,ok,0,0,0,0,4660,1,1,9.47627,4640,12552,15163,1,11.725,4640,31720,39848,613.095,1.39914e+06,4640
2,83,4767722,2408797,4057,1014,346540,279.952,6.02726,4074,-1,ok,0,0,0,0,4073,1,1,4.60244,4057,12007,13266,1,7.16262,4057,30415,35216,327.993,1.10799e+06,4057
2,84,3731350,7191902,4549,1137,337936,266.41,6.46138,4590,-1,ok,0,0,0,0,4589,1,1,4.34721,4549,9612,14857,1,5.86336,4549,22295,39690,312.816,1.07623e+06,4549
2,85,7691974,1423542,4300,1075,393401,315.692,6.72824,4307,-1,ok,0,0,0,0,4306,1,1,5.32116,4300,8575,15387,1,6.25633,4300,18702,43299,512.804,1.23304e+06,4300
2,86,12485877,3126737,5189,1298,360506,309.806,7.68118,5250,-1,ok,0,0,0,0,5249,1,1,8.46978,5189,15562,17722,1,14.748,5189,40322,48062,1590.25,3.38136e+06,5189
2,87,6909604,7200447,137,34,2075,1.06819,0.491198,140,-1,ok,0,0,0,0,139,1,1,0.191127,137,137,544,1,0.052156,137,137,1588,0.146064,137,137
2,88,3904717,10577072,2759,692,255502,183.009,5.99756,2792,-1,ok,0,0,0,0,2791,1,1,5.50926,2759,7967,9469,1,6.97888,2759,20559,25502,322.374,886951,2759
2,89,8340124,3901242,2357,596,190476,133.812,5.58724,2410,-1,ok,0,0,0,0,2409,1,1,2.99504,2379,3262,7490,1,2.09358,2379,5668,20888,1.55211,2357,2357
2,90,4075443,11878759,2915,729,234548,174.912,5.1114,2928,-1,ok,0,0,0,0,2927,1,1,6.32473,2915,6653,9561,1,6.57791,2915,15489,24950,257.334,675222,2915
2,91,9913504,3945960,2821,707,210652,154.454,4.8908,2860,-1,ok,0,0,0,0,2859,1,1,3.86995,2821,3819,8916,1,2.60706,2821,6236,24370,20.0898,53787,2821
2,92,7849946,5842851,2633,660,180115,145.131,7.48698,2676,-1,ok,0,0,0,0,2675,1,1,2.74444,2633,6716,8358,1,3.5163,2633,15491,21293,43.1953,167520,2633
2,93,2178665,5515989,2531,635,200176,134.326,4.41066,2560,-1,ok,0,0,0,0,2559,1,1,3.85248,2531,8414,8540,1,6.19526,2531,20734,21171,332.035,881538,2531
2,94,10144368,3695934,2736,685,194064,143.674,5.9521,2767,-1,ok,0,0,0,0,2766,1,1,4.01387,2736,2883,9451,1,2.15738,2736,3231,25156,9.33794,23955,2736
2,95,6149849,6790259,1164,292,49567,27.6232,1.95699,1179,-1,ok,0,0,0,0,1178,1,1,0.960162,1164,1686,3838,1,0.75584,1164,2689,10250,10.3852,40412,1164
2,96,12359415,9961757,1197,299,42880,24.8742,2.22295,1200,-1,ok,0,0,0,0,1199,1,1,1.72227,1197,1197,3356,1,0.655844,1197,1197,7650,1.74286,2912,1197
2,97,12611329,8437561,4181,1047,281941,212.142,6.01081,4204,-1,ok,0,0,0,0,4203,1,1,4.94099,4181,12961,14616,1,8.6342,4181,33918,39175,737.875,1.88045e+06,4181
2,98,1865682,9892253,3390,848,273716,165.492,5.737,3401,-1,ok,0,0,0,0,3400,1,1,7.17754,3390,10703,11572,1,10.6822,3390,28417,31113,375.596,849145,3390
2,99,6903382,7042632,3042,760,310601,246.014,3.18582,3063,-1,ok,0,0,0,0,3062,1,1,2.03196,3042,4733,10267,1,1.94694,3042,8241,26706,65.8671,243725,3042
2,100,6037001,13035985,3913,981,395694,321.647,6.45646,3944,-1,ok,0,0,0,0,3943,1,1,7.05115,3913,12232,12562,1,9.06801,3913,31065,32287,739.949,1.44693e+06,3913
2,101,11432291,5361289,3782,946,287541,187.985,7.85279,3833,-1,ok,0,0,0,0,3832,1,1,5.07567,3782,5405,12193,1,3.21064,3782,9292,32319,37.7457,141371,3782
2,102,2095814,12208510,5712,1429,384292,314.498,8.99956,5731,-1,ok,0,0,0,0,5730,1,1,11.0717,5712,17471,18233,1,16.8968,5712,45856,48609,1037.9,2.30774e+06,5712
2,103,3721245,10043794,1835,460,137518,87.1579,13.1216,1858,-1,ok,0,0,0,0,1857,1,1,5.39731,1835,6480,7161,1,1.51329,1835,1876,21128,11.7852,26732,1835
2,104,1875949,12219863,5866,1467,392840,326.572,11.2423,5881,-1,ok,0,0,0,0,5880,1,1,10.6628,5866,16143,18744,1,14.6136,5866,41368,50271,1005.84,2.27646e+06,5866
2,105,5433877,7370783,2174,545,183796,128.215,3.22922,2201,-1,ok,0,0,0,0,2200,1,1,1.58077,2174,2204,7616,1,1.25751,2174,2752,20410,1.07998,2174,2174
2,106,6966746,1889450,2024,508,167365,112.043,5.32352,2051,-1,ok,0,0,0,0,2050,1,1,3.48567,2024,4238,6462,1,3.45528,2024,9858,17921,115.437,273751,2024
2,107,12074479,9935930,3204,801,168084,101.511,3.87594,3215,-1,ok,0,0,0,0,3214,1,1,3.53898,3204,10901,11150,1,7.20286,3204,29697,30558,408.927,1.10555e+06,3204
2,108,8171471,10094437,1272,320,35981,19.3126,3.06432,1283,-1,ok,0,0,0,0,1282,1,1,1.43959,1272,2500,4585,1,1.40903,1272,5428,11709,5.07194,18368,1272
2,109,1583977,12290737,4150,1039,280646,199.761,9.12343,4167,-1,ok,0,0,0,0,4166,1,1,8.46637,4150,11281,14077,1,10.9962,4150,29722,39332,562.282,1.05151e+06,4150
2,110,8541711,3431022,2128,533,177160,132.563,4.67656,2159,-1,ok,0,0,0,0,2158,1,1,3.80174,2128,5290,7096,1,3.96666,2128,12879,18349,194.867,449522,2128
2,111,945097,9503748,3693,924,271792,162.045,13.3027,3710,-1,ok,0,0,0,0,3709,1,1,7.0341,3693,12477,12592,1,9.85976,3693,31855,33892,364.806,984494,3693
2,112,3658695,5318513,1491,373,101617,60.8603,3.11455,1514,-1,ok,0,0,0,0,1513,1,1,1.77178,1491,4096,4655,1,2.76657,1491,10188,12030,52.3596,151380,1491
2,113,2754585,3947626,401,101,15549,7.54914,5.28349,408,-1,ok,0,0,0,0,407,1,1,0.603666,401,401,1616,1,0.191297,401,401,4864,0.4842,401,401
2,114,10502174,11667585,3041,762,196205,133.628,5.50957,3090,-1,ok,0,0,0,0,3089,1,1,2.76739,3041,7100,9502,1,3.45347,3041,15718,24422,55.8698,229544,3041
2,115,10268480,11331403,3940,986,319178,230.113,13.7216,3993,-1,ok,0,0,0,0,3992,1,1,4.28907,3940,10449,12900,1,6.43544,3940,25332,31897,1328.79,2.25105e+06,3940
2,116,7825845,1762847,4321,1081,382660,325.359,11.3457,4342,-1,ok,0,0,0,0,4341,1,1,4.71736,4321,6731,15890,1,4.12726,4321,11477,45543,224.179,584214,4321
2,117,3362086,11653233,3339,836,225177,155.886,5.74605,3358,-1,ok,0,0,0,0,3357,1,1,6.19136,3339,8433,10664,1,8.40379,3339,22045,29586,459.986,835072,3339
2,118,10389453,7350623,1413,355,68729,37.1213,3.71257,1430,-1,ok,0,0,0,0,1429,1,1,2.12836,1413,3361,4956,1,2.28659,1413,8366,13277,50.9828,154150,1413
2,119,4506435,6736068,887,223,36334,19.9207,6.13836,904,-1,ok,0,0,0,0,903,1,1,1.24834,887,887,3300,1,0.591765,887,1206,8377,2.63306,6190,887
2,120,5929329,12497247,3028,759,296981,207.127,5.97183,3051,-1,ok,0,0,0,0,3050,1,1,5.45583,3028,9005,9309,1,6.73968,3028,21929,23115,410.68,1.15168e+06,3028
2,121,12410185,7574644,2088,523,81930,44.4073,8.90521,2097,-1,ok,0,0,0,0,2096,1,1,4.40755,2088,7394,7499,1,6.04212,2088,19610,19996,246.638,589758,2088
2,122,12229428,5440651,2956,742,217170,142.663,6.6771,2983,-1,ok,0,0,0,0,2982,1,1,5.02875,2956,5827,9038,1,4.26529,2956,12605,23176,243.583,518526,2956
2,123,1780250,9157158,3337,835,261863,157.97,6.20485,3356,-1,ok,0,0,0,0,3355,1,1,5.44064,3337,7925,11768,1,5.91306,3337,19710,32517,293.367,700833,3337
2,124,11302776,5692962,4744,1187,374225,320.953,5.85138,4765,-1,ok,0,0,0,0,4764,1,1,7.23997,4744,14235,15518,1,10.1167,4744,37250,40879,403.435,1.2234e+06,4744
2,125,1768886,1792417,1169,294,62831,32.7538,1.29548,1178,-1,ok,0,0,0,0,1177,1,1,0.243395,1169,1169,4704,1,0.282577,1169,1169,14128,0.281856,1169,1169
2,126,9050045,1934388,5350,1338,396844,343.085,11.8724,5403,-1,ok,0,0,0,0,5402,1,1,7.71264,5350,13480,16282,1,10.6583,5350,31523,41700,641.135,1.32145e+06,5350
2,127,1820605,6200831,1903,476,131043,77.3978,5.36977,1910,-1,ok,0,0,0,0,1909,1,1,3.20208,1903,4489,6713,1,3.68949,1903,10969,18388,160.204,320298,1903
2,128,10430467,2988856,2977,744,161320,102.656,5.4035,3006,-1,ok,0,0,0,0,3005,1,1,6.12694,2977,7913,10049,1,8.15324,2977,19864,27598,230.753,601563,2977
2,129,2439228,6156068,1623,406,109146,63.6388,3.27457,1634,-1,ok,0,0,0,0,1633,1,1,2.35055,1623,3804,6038,1,2.72629,1623,9324,16797,99.7693,215848,1623
2,130,1319267,7253584,2673,669,121774,66.5099,4.96752,2700,-1,ok,0,0,0,0,2699,1,1,4.79437,2673,6915,8856,1,5.80323,2673,17226,24395,344.702,835410,2673
2,131,7196925,2454290,2503,626,233190,174.328,6.41582,2516,-1,ok,0,0,0,0,2515,1,1,4.49589,2503,8039,8518,1,5.89944,2503,20598,22194,347.178,844661,2503
2,132,13030402,3456903,3403,852,247480,171.75,8.92596,3422,-1,ok,0,0,0,0,3421,1,1,6.25815,3403,6469,11375,1,4.9863,3403,12579,29876,202.871,421598,3403
2,133,4224358,1052088,1611,403,98584,56.8792,3.78303,1628,-1,ok,0,0,0,0,1627,1,1,2.33557,1611,3788,5384,1,2.4238,1611,7755,14156,64.9762,192084,1611
2,134,12080206,7454087,2122,532,120333,68.2015,3.64179,2139,-1,ok,0,0,0,0,2138,1,1,3.66658,2122,5704,6181,1,4.10747,2122,13780,15458,194.761,455871,2122
2,135,2068522,1574689,1869,468,91832,48.6309,3.11841,1882,-1,ok,0,0,0,0,1881,1,1,0.875925,1869,2672,7290,1,1.10418,1869,4244,21566,4.05562,18429,1869
2,136,10842340,7134907,3574,985,286905,192.763,5.9271,3957,-1,ok,0,0,0,0,3956,1,1,5.68566,3936,11376,11518,1,7.16627,3936,27183,27657,281.183,779570,3574
2,137,2045569,12750493,5410,1356,401009,314.55,8.6602,5447,-1,ok,0,0,0,0,5446,1,1,10.2502,5410,18098,19109,1,15.1475,5410,47536,51016,1042.1,2.3517e+06,5410
2,138,1691283,1726949,1624,406,97175,53.1192,1.62368,1629,-1,ok,0,0,0,0,1628,1,1,0.470608,1624,1624,6496,1,0.399475,1624,1624,19504,0.388726,1624,1624
2,139,2267658,6664151,2812,706,219981,154.489,5.8134,2829,-1,ok,0,0,0,0,2828,1,1,5.11135,2812,9184,9368,1,8.28195,2812,25083,25626,322.528,760437,2812
2,140,5981077,11521702,3639,910,358896,308.704,6.64439,3672,-1,ok,0,0,0,0,3671,1,1,5.62312,3639,10778,11370,1,7.41122,3639,26255,28461,818.913,1.60599e+06,3639
2,141,6905897,5956763,2217,553,182881,130.235,3.583,2238,-1,ok,0,0,0,0,2237,1,1,2.42203,2217,6296,6789,1,3.45833,2217,15473,17280,157.262,453616,2217
2,142,3746090,7542891,3910,977,284371,226.348,4.94338,3949,-1,ok,0,0,0,0,3948,1,1,4.35162,3910,8491,11982,1,5.15008,3910,19632,31774,345.178,1.10748e+06,3910
2,143,927918,6543619,4456,1114,296594,222.001,9.32247,4477,-1,ok,0,0,0,0,4476,1,1,5.40762,4456,13243,16164,1,9.53555,4456,35320,45146,596.647,1.80035e+06,4456
2,144,6931863,7093569,2051,513,167087,108.323,2.73216,2066,-1,ok,0,0,0,0,2065,1,1,1.83491,2051,4384,6299,1,2.28842,2051,10483,16212,144.666,395111,2051
2,145,2568120,12342319,3661,917,235891,164.816,6.47128,3684,-1,ok,0,0,0,0,3683,1,1,6.50566,3661,6594,12103,1,6.29537,3661,14715,33371,209.938,604117,3661
2,146,7908353,11618893,3471,871,289011,216.01,5.74918,3520,-1,ok,0,0,0,0,3519,1,1,4.00731,3481,8829,10955,1,5.29299,3481,20105,27317,582.137,1.32036e+06,3471
2,147,11438432,11802298,2485,621,193854,139.1,2.61124,2516,-1,ok,0,0,0,0,2515,1,1,1.36278,2485,4646,8551,1,2.24943,2485,9652,23661,18.9371,78872,2485
2,148,2413893,1006952,1862,466,118241,63.3288,3.57051,1869,-1,ok,0,0,0,0,1868,1,1,1.23288,1862,1884,6339,1,0.861267,1862,1918,17217,23.8608,98220,1862
2,149,11409007,1162795,5579,1396,402791,320.909,8.29021,5646,-1,ok,0,0,0,0,5645,1,1,10.2652,5579,15555,18849,1,14.3062,5579,39070,51274,1116.59,2.52929e+06,5579
2,150,9700992,2679266,4304,1078,356073,301.094,6.92727,4327,-1,ok,0,0,0,0,4326,1,1,7.15425,4304,11221,14820,1,9.45752,4304,28058,39690,860.983,1.90517e+06,4304
2,151,9872155,9787811,2375,595,149633,94.4507,3.46662,2400,-1,ok,0,0,0,0,2399,1,1,2.48191,2375,5049,7125,1,2.36594,2375,9049,17599,163.655,543802,2375
2,152,11614672,3408954,4147,1037,304048,189.376,7.88258,4190,-1,ok,0,0,0,0,4189,1,1,7.64787,4147,11673,12496,1,8.28145,4147,28774,33237,401.068,942950,4147
2,153,9981629,11181633,734,184,20331,10.2138,1.64414,739,-1,ok,0,0,0,0,738,1,1,0.453126,734,734,2466,1,0.325198,734,734,6608,0.91023,2644,734
2,154,3718171,9615151,2308,577,205756,143.621,5.61859,2315,-1,ok,0,0,0,0,2314,1,1,4.8039,2308,7884,8532,1,7.4417,2308,20387,23328,44.352,117050,2308
2,155,3415323,8103407,3865,968,310800,225.74,8.36881,3898,-1,ok,0,0,0,0,3897,1,1,4.82247,3867,11211,11836,1,7.8114,3867,28693,30585,850.329,1.93331e+06,3865
2,156,11110265,1067659,3702,927,287654,205.779,7.06177,3713,-1,ok,0,0,0,0,3712,1,1,6.21681,3702,4649,12793,1,3.73785,3702,7353,34642,113.669,306943,3702
2,157,6280476,9981769,2220,556,157140,96.8749,5.3338,2233,-1,ok,0,0,0,0,2232,1,1,3.25421,2220,5171,6702,1,3.61128,2220,11707,16772,142.019,374362,2220
2,158,6643578,8204315,3641,912,278755,195.56,4.41963,3674,-1,ok,0,0,0,0,3673,1,1,3.6027,3641,11854,12145,1,6.19704,3641,30240,31222,584.807,1.69089e+06,3641
2,159,9685005,4585715,4747,1188,381505,337.675,6.23203,4776,-1,ok,0,0,0,0,4775,1,1,5.81095,4747,13327,15559,1,8.65015,4747,33763,41301,154.732,544077,4747
2,160,12831341,2638895,3950,989,237518,160.636,9.33466,3977,-1,ok,0,0,0,0,3976,1,1,8.44312,3950,11757,13743,1,11.5231,3950,31415,38746,597.131,1.15889e+06,3950
2,161,8783825,10724143,3006,752,220294,148.564,5.76102,3049,-1,ok,0,0,0,0,3048,1,1,4.07402,3006,9010,9347,1,5.61796,3006,22303,23515,453.434,1.04124e+06,3006
2,162,6714674,4622259,3743,934,311525,225.599,4.21184,3772,-1,ok,0,0,0,0,3771,1,1,4.58009,3743,12467,12638,1,8.08429,3743,32051,32650,452.765,1.18349e+06,3743
2,163,11574983,7241695,3374,844,177531,117.85,5.97321,3389,-1,ok,0,0,0,0,3388,1,1,5.34694,3374,9246,10632,1,6.09174,3374,22503,27105,478.758,1.40372e+06,3374
2,164,6726695,10401558,1931,483,162830,100.672,3.92415,1958,-1,ok,0,0,0,0,1957,1,1,2.33698,1931,2164,6450,1,1.55859,1931,2553,17098,8.16176,26397,1931
2,165,6217776,4562577,639,162,21509,11.3732,1.84901,662,-1,ok,0,0,0,0,661,1,1,1.0576,639,1129,2347,1,0.624717,639,2291,5640,10.284,27158,639
2,166,3978333,2704630,2039,512,151990,93.5019,3.20909,2056,-1,ok,0,0,0,0,2055,1,1,2.29051,2039,4623,6625,1,2.64618,2039,10546,17118,138.535,392855,2039
2,167,7528628,10723775,1234,310,71757,39.3786,6.39522,1253,-1,ok,0,0,0,0,1252,1,1,2.07595,1234,1830,3787,1,1.53825,1234,3192,9403,10.7323,34410,1234
2,168,9735496,1569903,4003,1003,339775,252.205,6.65631,4026,-1,ok,0,0,0,0,4025,1,1,7.67089,4003,12911,13200,1,10.3412,4003,34317,35348,571.64,1.47875e+06,4003
2,169,998082,9272687,4329,1083,331464,233.739,8.81643,4358,-1,ok,0,0,0,0,4357,1,1,6.4185,4329,11460,15505,1,8.69738,4329,29408,42961,469.893,1.22984e+06,4329
2,170,1321918,2206629,1412,354,82118,42.7337,3.13751,1421,-1,ok,0,0,0,0,1420,1,1,0.802809,1412,1412,5546,1,0.484434,1412,1412,15951,7.07476,22846,1412
2,171,6659965,11150045,3320,830,352791,274.485,8.10691,3335,-1,ok,0,0,0,0,3334,1,1,5.23685,3320,8356,10701,1,5.58233,3320,19517,27814,386.435,805546,3320
2,172,3731435,7767988,2384,596,108996,60.9103,4.35097,2427,-1,ok,0,0,0,0,2426,1,1,3.53213,2384,7308,7383,1,4.89605,2384,19192,20092,110.916,434809,2384
2,173,3974805,958596,1638,409,108900,64.8288,3.99642,1647,-1,ok,0,0,0,0,1646,1,1,2.11239,1638,3136,5369,1,1.81551,1638,5868,14534,56.0857,182160,1638
2,174,2428329,5775613,2154,539,148188,87.0683,4.99095,2171,-1,ok,0,0,0,0,2170,1,1,2.84178,2154,4962,7406,1,3.31002,2154,11647,19264,167.917,407779,2154
2,175,1714534,1242194,2738,685,130400,73.0228,3.78881,2745,-1,ok,0,0,0,0,2744,1,1,0.877689,2738,2738,10783,1,0.774465,2738,2738,32014,35.0552,161075,2738
2,176,2649840,6642272,1749,439,97082,54.1245,2.87744,1770,-1,ok,0,0,0,0,1769,1,1,2.70826,1753,3944,5371,1,2.75781,1753,9060,14721,135.589,355043,1749
2,177,6637665,3752951,3356,838,344838,240.496,6.15851,3397,-1,ok,0,0,0,0,3396,1,1,4.42353,3356,9234,9724,1,6.08695,3356,23025,24694,824.022,1.48585e+06,3356
2,178,11854338,7380264,1910,479,98175,59.5937,3.66482,1939,-1,ok,0,0,0,0,1938,1,1,3.65022,1910,6222,6489,1,4.72208,1910,15944,16809,220.515,507075,1910
2,179,6799419,5675038,2708,679,215595,166.877,3.20854,2733,-1,ok,0,0,0,0,2732,1,1,2.34259,2708,6732,9085,1,3.66421,2708,15814,23733,59.5715,165783,2708
2,180,4194887,1007631,1165,291,61234,34.4195,5.86969,1178,-1,ok,0,0,0,0,1177,1,1,2.84096,1165,3432,3867,1,3.06569,1165,8795,10526,58.1129,120379,1165
2,181,7226275,11473681,3653,914,348044,253.922,5.43062,3674,-1,ok,0,0,0,0,3673,1,1,4.98395,3653,8900,11561,1,5.23302,3653,20997,29297,720.545,1.38978e+06,3653
2,182,8300223,3253260,3863,971,364322,307.428,6.35516,3928,-1,ok,0,0,0,0,3927,1,1,5.96206,3889,10927,11390,1,7.76649,3889,27226,28488,977.251,1.76125e+06,3863
2,183,1895748,929406,1049,264,56114,28.783,3.89792,1060,-1,ok,0,0,0,0,1059,1,1,0.804722,1049,1073,3944,1,0.486668,1049,1117,11194,1.80057,6897,1049
2,184,10432828,11593598,2985,747,249182,179.54,5.94488,3026,-1,ok,0,0,0,0,3025,1,1,2.36562,2985,6179,10452,1,3.58691,2985,13147,28300,154.139,340036,2985
2,185,3746090,7529905,1542,386,79860,42.1621,4.70588,1551,-1,ok,0,0,0,0,1550,1,1,2.46905,1542,3282,4993,1,2.22637,1542,7788,14778,52.9455,132200,1542
2,186,3253344,6964518,3608,905,283998,193.057,5.21392,3627,-1,ok,0,0,0,0,3626,1,1,4.15731,3608,7169,12725,1,4.5965,3608,16429,34128,103.924,405263,3608
2,187,1483093,11345582,5249,1398,384313,313.091,9.08304,5630,-1,ok,0,0,0,0,5629,1,1,8.65957,5591,14322,16817,1,11.4014,5591,35453,42782,1203.47,2.85197e+06,5249
2,188,1769639,6419115,1907,478,106740,57.5279,5.15138,1940,-1,ok,0,0,0,0,1939,1,1,2.75732,1907,2036,6439,1,1.44442,1907,2506,16767,109.504,217722,1907
2,189,1953803,11588864,5915,1479,379170,301.136,8.8683,5972,-1,ok,0,0,0,0,5971,1,1,10.8701,5915,17780,19319,1,15.1204,5915,45924,51175,1671.08,3.36397e+06,5915
2,190,10813718,4339117,2672,670,162509,97.6202,5.28846,2705,-1,ok,0,0,0,0,2704,1,1,3.88174,2672,2909,9635,1,2.13943,2672,3822,25946,27.2115,74422,2672
2,191,4139954,12718531,4668,1168,400487,319.68,9.71894,4689,-1,ok,0,0,0,0,4688,1,1,6.42477,4668,9800,13513,1,7.58852,4668,23163,36134,943.111,1.78919e+06,4668
2,192,11410131,12143449,1295,324,73488,40.6014,2.18506,1326,-1,ok,0,0,0,0,1325,1,1,0.705126,1295,1322,4381,1,0.56258,1295,1344,12066,4.16449,17021,1295
2,193,12955129,5083650,4479,1121,264517,174.683,7.93779,4536,-1,ok,0,0,0,0,4535,1,1,7.73844,4479,13594,13740,1,10.5802,4479,33738,34136,442.757,1.12451e+06,4479
2,194,4034968,11166459,3294,825,292283,198.241,6.19998,3313,-1,ok,0,0,0,0,3312,1,1,4.83945,3294,7583,10037,1,5.44908,3294,17583,24361,795.453,1.6324e+06,3294
2,195,12321886,6473680,2881,722,191671,129.883,5.93364,2910,-1,ok,0,0,0,0,2909,1,1,5.24116,2881,7617,8822,1,5.63624,2881,17998,22274,266.74,619922,2881
2,196,1431067,12748470,4263,1067,291464,202.99,7.67331,4290,-1,ok,0,0,0,0,4289,1,1,7.51587,4263,8066,13950,1,7.54629,4263,18442,38795,378.548,953149,4263
2,197,6895032,9886330,3072,767,298310,198.696,4.91023,3091,-1,ok,0,0,0,0,3090,1,1,4.61177,3072,9436,9595,1,5.8154,3072,23607,24175,426.546,923632,3072
2,198,8039344,11409990,3078,770,263442,181.141,4.75801,3123,-1,ok,0,0,0,0,3122,1,1,3.80849,3078,7699,9541,1,4.83387,3078,17399,23649,577.641,1.02139e+06,3078
2,199,3159648,2262293,1368,344,75119,38.8556,1.83164,1381,-1,ok,0,0,0,0,1380,1,1,0.798721,1368,1499,4880,1,0.701149,1368,2661,14027,32.9739,106266,1368
3,0,2010448,7813185,3537,443,78260,47.32,8.45381,3578,-1,ok,0,0,0,0,3577,1,1,9.90387,3537,21706,22051,1,18.2696,3537,56163,58327,244.532,580857,3537
3,1,12579166,9078023,1568,197,14923,8.35864,4.38889,1625,-1,ok,0,0,0,0,1624,1,1,4.17931,1568,8192,8385,1,4.99354,1568,19622,20576,57.7561,207650,1568
3,2,1333590,4439595,1414,178,21659,11.3555,4.03642,1467,-1,ok,0,0,0,0,1466,1,1,1.90911,1414,1414,9906,1,0.918005,1414,1414,26829,154.389,288056,1414
3,3,3773467,3914009,3647,458,88487,46.0279,7.3339,3696,-1,ok,0,0,0,0,3695,1,1,3.41408,3647,9093,21948,1,4.42807,3647,18635,60356,215.915,574921,3647
3,4,3313148,2503221,1216,156,19052,9.90913,1.96853,1265,-1,ok,0,0,0,0,1264,1,1,0.858282,1232,2882,7126,1,1.12547,1232,5062,19277,34.4385,110721,1216
3,5,7140541,10774717,1925,241,42413,22.4531,4.56787,1998,-1,ok,0,0,0,0,1997,1,1,3.63184,1925,8144,11264,1,5.51872,1925,20653,30606,120.928,372598,1925
3,6,8187875,9706060,1310,165,24208,11.9945,2.98304,1351,-1,ok,0,0,0,0,1350,1,1,1.15264,1310,2891,8333,1,1.69532,1310,5115,21969,19.8559,68186,1310
3,7,9627843,9885990,3738,468,81352,39.292,9.12489,3843,-1,ok,0,0,0,0,3842,1,1,4.53262,3738,11758,22514,1,6.96545,3738,24254,56501,396.201,736103,3738
3,8,7658869,7341623,669,87,8991,4.54163,1.6383,720,-1,ok,0,0,0,0,719,1,1,1.19957,695,4068,4480,1,2.12563,695,10826,12065,19.9913,89953,669
3,9,9079560,12955119,2601,327,52479,25.3519,6.36624,2710,-1,ok,0,0,0,0,2709,1,1,2.91188,2601,3336,14908,1,1.8443,2601,4501,37712,11.5012,39421,2601
3,10,3021799,6079542,2013,253,28779,14.4662,3.81452,2082,-1,ok,0,0,0,0,2081,1,1,3.5189,2019,8745,10327,1,5.35943,2019,22056,28751,126.882,366918,2013
3,11,3809714,13009546,3762,471,67720,33.209,8.63278,3835,-1,ok,0,0,0,0,3834,1,1,7.32193,3766,12768,23237,1,7.14719,3762,24945,66947,95.604,349019,3762
3,12,8103489,7107447,2089,262,25710,13.0873,4.15822,2132,-1,ok,0,0,0,0,2131,1,1,2.866,2089,8299,11512,1,3.8116,2089,18888,27914,75.6855,233890,2089
3,13,2332859,8426127,4263,569,91092,46.6964,7.2312,4674,-1,ok,0,0,0,0,4673,1,1,8.22241,4567,21189,25531,1,14.3406,4567,53463,67995,617.775,1.68904e+06,4263
3,14,12044454,2416847,4675,584,97717,49.1176,8.82189,4738,-1,ok,0,0,0,0,4737,1,1,7.44291,4675,10709,29083,1,7.42368,4675,23178,77678,275.604,835345,4675
3,15,7549516,3032970,3582,453,73086,34.7996,6.63319,3669,-1,ok,0,0,0,0,3668,1,1,8.09562,3602,16986,22171,1,12.7221,3602,43606,60727,662.127,1.81662e+06,3582
3,16,12927868,12892271,2462,310,34122,16.4003,4.25774,2493,-1,ok,0,0,0,0,2492,1,1,3.30211,2462,15386,17634,1,8.99684,2462,43470,50564,86.7652,288014,2462
3,17,9833831,12288662,2580,324,37720,17.8528,4.331,2647,-1,ok,0,0,0,0,2646,1,1,1.88785,2580,2587,17120,1,1.14801,2580,2622,46313,1.70111,2590,2580
3,18,6814149,9852082,1202,151,13453,5.81613,3.3535,1235,-1,ok,0,0,0,0,1234,1,1,1.69317,1202,1238,8503,1,1.1459,1202,2030,22495,5.3299,14274,1202
3,19,9528140,2664047,3318,415,60315,29.6062,6.12946,3407,-1,ok,0,0,0,0,3406,1,1,6.59448,3322,13167,19924,1,8.85543,3318,30841,52893,205.478,619476,3318
3,20,6495471,7529905,2441,307,53721,28.5245,3.33118,2508,-1,ok,0,0,0,0,2507,1,1,2.74333,2441,8661,14669,1,4.12319,2441,21007,38324,187.861,487683,2441
3,21,12325382,10067215,1607,202,13915,6.61015,3.08127,1696,-1,ok,0,0,0,0,1695,1,1,1.77758,1607,2783,10095,1,0.900281,1607,2418,27025,4.00548,9051,1607
3,22,3585937,1775879,2463,310,31720,15.7657,3.73764,2512,-1,ok,0,0,0,0,2511,1,1,1.70421,2463,2858,14906,1,1.1141,2463,3197,41748,1.27836,2463,2463
3,23,11721680,9491931,1321,165,11678,5.37504,2.00017,1346,-1,ok,0,0,0,0,1345,1,1,1.85803,1321,2248,6929,1,1.27051,1321,3947,16530,7.97844,33344,1321
3,24,3621375,11317103,3740,469,94818,48.8601,6.32567,3813,-1,ok,0,0,0,0,3812,1,1,7.42614,3740,15102,20388,1,11.6575,3740,39481,55742,598.555,1.19993e+06,3740
3,25,5575100,6646560,1919,242,40695,20.2976,2.50825,1992,-1,ok,0,0,0,0,1991,1,1,2.90328,1919,10272,10996,1,5.64504,1919,24341,27158,82.6612,241544,1919
3,26,6158980,12807081,2860,359,52087,24.8994,7.1791,2895,-1,ok,0,0,0,0,2894,1,1,4.15556,2860,3078,16313,1,1.92478,2860,3318,41108,45.9316,142266,2860
3,27,11764863,10921693,884,111,13731,7.04544,1.27083,901,-1,ok,0,0,0,0,900,1,1,1.58967,884,5488,5816,1,3.20526,884,14463,16205,13.6072,61102,884
3,28,10694273,1537590,4589,574,98481,49.1614,7.17597,4738,-1,ok,0,0,0,0,4737,1,1,8.36057,4593,16690,27121,1,11.4516,4589,39435,73716,442.466,1.1922e+06,4589
3,29,12581368,7643768,4098,512,73477,36.7367,7.46449,4139,-1,ok,0,0,0,0,4138,1,1,7.04785,4098,21494,26216,1,13.6578,4098,57174,70796,792.025,1.91099e+06,4098
3,30,13030402,12409999,2438,306,42889,21.5785,3.95886,2469,-1,ok,0,0,0,0,2468,1,1,2.95541,2440,13076,16412,1,7.78749,2438,34392,45803,35.0093,121103,2438
3,31,12223295,6275531,3837,480,72857,35.6651,6.14981,3932,-1,ok,0,0,0,0,3931,1,1,8.44633,3837,22059,22467,1,14.0817,3837,58551,59751,632.427,1.64996e+06,3837
3,32,5623637,12139279,3038,381,79677,40.0551,6.42684,3133,-1,ok,0,0,0,0,3132,1,1,5.62669,3038,9928,17102,1,6.40995,3038,23361,44525,289.478,882190,3038
3,33,8035053,1444783,3156,396,73342,36.0476,6.65706,3205,-1,ok,0,0,0,0,3204,1,1,7.99941,3162,12836,21949,1,10.1299,3156,31026,57606,475.836,1.0506e+06,3156
3,34,2880048,10213702,3461,433,66345,31.7019,5.65818,3562,-1,ok,0,0,0,0,3561,1,1,7.7874,3471,18502,18610,1,14.4725,3467,51250,51751,267.98,806170,3461
3,35,1385201,11261247,4005,501,78772,37.2531,8.99799,4090,-1,ok,0,0,0,0,4089,1,1,8.74759,4009,16283,23401,1,10.5199,4005,34788,65953,383.697,891402,4005
3,36,6948283,3518629,1448,181,20442,10.2522,2.55915,1485,-1,ok,0,0,0,0,1484,1,1,2.25555,1448,5975,8269,1,4.80759,1448,17621,25334,114.457,242475,1448
3,37,13034387,859878,5685,712,106340,51.9027,10.353,5834,-1,ok,0,0,0,0,5833,1,1,12.7403,5689,26723,35628,1,24.7155,5685,67686,96541,1227.4,2.44682e+06,5685
3,38,1686729,1918309,506,64,5075,2.61147,0.973678,517,-1,ok,0,0,0,0,516,1,1,0.177,506,506,4096,1,0.153197,506,506,12352,0.191627,506,506
3,39,2222597,11499473,5854,736,102662,50.642,9.4107,5971,-1,ok,0,0,0,0,5970,1,1,13.2828,5880,28272,35114,1,23.0119,5880,72122,93838,1836.85,3.54492e+06,5854
3,40,5141411,11134502,4288,538,98783,51.0018,7.15702,4379,-1,ok,0,0,0,0,4378,1,1,10.3317,4298,20192,27577,1,17.1205,4298,49036,72348,1129.26,2.29801e+06,4288
3,41,12465838,7448178,2144,268,27328,13.6927,4.80623,2179,-1,ok,0,0,0,0,2178,1,1,4.7563,2144,8042,14433,1,5.8028,2144,20241,38488,266.81,527518,2144
3,42,10661203,8840327,3818,478,82338,41.4039,6.05409,3933,-1,ok,0,0,0,0,3932,1,1,5.79277,3818,12923,21677,1,7.60644,3818,32472,57749,844.592,1.87552e+06,3818
3,43,9236823,3376857,2492,312,37433,18.6404,3.8822,2549,-1,ok,0,0,0,0,2548,1,1,6.66397,2496,13655,15443,1,10.612,2492,37672,43727,192.984,426303,2492
3,44,6505621,5115520,816,104,8131,4.04345,1.40276,871,-1,ok,0,0,0,0,870,1,1,0.848415,816,1722,4606,1,0.73392,816,2769,13116,5.13271,18883,816
3,45,7224318,3455553,1884,237,33732,16.9284,3.15059,1917,-1,ok,0,0,0,0,1916,1,1,3.40822,1884,6966,11503,1,6.17218,1884,19639,34715,160.559,351645,1884
3,46,3577892,1190856,1756,220,28133,13.3385,2.34991,1801,-1,ok,0,0,0,0,1800,1,1,1.78556,1756,2159,9356,1,1.05222,1756,2522,26356,2.67897,5947,1756
3,47,3204941,3810580,2880,362,51397,23.7607,3.57152,2937,-1,ok,0,0,0,0,2936,1,1,4.37966,2880,15882,17193,1,8.33593,2880,41361,46228,153.437,532935,2880
3,48,4180108,8576223,2054,258,45958,23.9514,4.22106,2091,-1,ok,0,0,0,0,2090,1,1,3.08544,2054,4577,13807,1,3.29088,2054,9774,35984,28.6896,75250,2054
3,49,12353729,2809446,3785,475,73013,36.0459,6.42435,3872,-1,ok,0,0,0,0,3871,1,1,8.92458,3797,16650,23069,1,12.5692,3793,41464,62882,458.295,1.08715e+06,3785
3,50,8395975,2625599,2116,269,46625,23.6584,4.45244,2205,-1,ok,0,0,0,0,2204,1,1,6.80983,2136,10651,13314,1,9.79152,2136,26038,35948,13.2614,38786,2116
3,51,5493528,7925047,1515,189,19450,9.71138,3.14871,1538,-1,ok,0,0,0,0,1537,1,1,1.4606,1515,1691,8071,1,0.901383,1515,2258,20638,6.34598,14291,1515
3,52,9212910,11487380,2518,315,48244,23.6069,4.45658,2585,-1,ok,0,0,0,0,2584,1,1,5.01642,2518,13603,14395,1,8.96529,2518,32798,35424,396.233,942143,2518
3,53,12285366,6402468,2738,342,48923,23.6228,4.92656,2785,-1,ok,0,0,0,0,2784,1,1,5.24509,2738,9585,15340,1,6.36868,2738,22135,38924,247.964,526630,2738
3,54,6487042,3141638,3876,489,85146,44.2988,4.87181,3957,-1,ok,0,0,0,0,3956,1,1,6.65162,3896,15617,24131,1,11.0182,3896,38375,65643,507.059,1.45507e+06,3876
3,55,8016532,6159621,865,111,12973,6.61652,1.94171,914,-1,ok,0,0,0,0,913,1,1,1.24583,881,1842,6278,1,1.00355,881,3670,17540,8.53035,27820,865
3,56,5515103,10522115,2043,256,43082,20.8556,5.28437,2090,-1,ok,0,0,0,0,2089,1,1,5.26931,2043,11724,12021,1,8.71458,2043,30965,31825,287.17,571096,2043
3,57,2476815,12608832,4271,537,85825,44.0779,10.6452,4374,-1,ok,0,0,0,0,4373,1,1,14.7028,4271,27979,28573,1,27.5721,4271,72414,74741,695.517,1.57225e+06,4271
3,58,12456431,7340845,2238,280,33084,16.1704,4.12429,2251,-1,ok,0,0,0,0,2250,1,1,6.07168,2238,12271,13304,1,8.36062,2238,31404,34700,124.735,379863,2238
3,59,922742,2055692,666,84,5750,2.95176,4.26588,693,-1,ok,0,0,0,0,692,1,1,0.726036,666,670,5134,1,0.263472,666,686,14150,0.823727,666,666
3,60,11194911,9705957,3585,448,50882,25.9374,4.41997,3728,-1,ok,0,0,0,0,3727,1,1,5.07781,3589,17882,22043,1,10.7987,3589,43200,58598,400.647,1.39977e+06,3585
3,61,6036526,5702403,1491,187,33806,16.8172,1.26559,1530,-1,ok,0,0,0,0,1529,1,1,0.982414,1491,4250,11014,1,3.42263,1491,10446,31988,15.0711,62773,1491
3,62,11101203,2544770,3426,428,66992,33.2684,5.40516,3509,-1,ok,0,0,0,0,3508,1,1,7.53657,3430,14140,19963,1,10.4031,3426,34578,54888,284.81,784499,3426
3,63,5493528,5459277,708,90,5821,2.83886,0.641938,719,-1,ok,0,0,0,0,718,1,1,0.141554,708,708,5760,1,0.191537,708,708,17042,0.164818,708,708
3,64,2388947,10947782,3371,422,58749,28.7689,6.11199,3456,-1,ok,0,0,0,0,3455,1,1,7.05068,3375,11579,19627,1,6.92666,3371,22059,56403,228.886,614141,3371
3,65,7831705,6396759,719,90,7846,3.59469,1.03961,738,-1,ok,0,0,0,0,737,1,1,1.02632,723,2413,5292,1,0.987735,723,4366,15566,0.516174,830,719
3,66,842069,12916554,4284,535,72307,36.996,8.6043,4343,-1,ok,0,0,0,0,4342,1,1,12.5145,4288,25413,26142,1,24.6366,4284,70764,73179,403.857,1.10706e+06,4284
3,67,4850422,11280298,4704,588,101910,52.6972,7.16674,4803,-1,ok,0,0,0,0,4802,1,1,9.01735,4704,23493,26821,1,19.199,4704,63594,74398,818.145,2.05978e+06,4704
3,68,11488163,10653983,1116,140,12704,6.76165,1.76323,1133,-1,ok,0,0,0,0,1132,1,1,0.622451,1116,1182,6730,1,0.487019,1116,1696,18357,3.45727,13862,1116
3,69,7579596,8228212,230,29,1216,0.591553,0.580906,243,-1,ok,0,0,0,0,242,1,1,0.313715,230,230,1583,1,0.14416,230,230,4542,0.229769,230,230
3,70,12001610,2787829,4759,595,92892,47.1543,6.72567,4914,-1,ok,0,0,0,0,4913,1,1,13.5197,4763,27050,29900,1,26.3194,4759,72101,81714,900.329,1.99921e+06,4759
3,71,5742610,2055291,1316,166,28073,14.2415,2.36904,1355,-1,ok,0,0,0,0,1354,1,1,2.06204,1316,1332,9842,1,0.692051,1316,1500,24623,12.335,47787,1316
3,72,11880582,8295471,3634,454,59735,28.7689,5.08403,3707,-1,ok,0,0,0,0,3706,1,1,6.99543,3634,22503,23840,1,14.0039,3634,60017,64350,326.786,955187,3634
3,73,10473387,2457266,4575,573,94633,47.1798,9.48104,4618,-1,ok,0,0,0,0,4617,1,1,11.7158,4575,25743,29029,1,20.7129,4575,66303,77416,1130.47,2.73263e+06,4575
3,74,5956582,6913395,1978,249,33047,16.775,2.58796,2055,-1,ok,0,0,0,0,2054,1,1,2.21318,2006,6664,10962,1,2.94823,2006,15030,27574,61.724,235499,1978
3,75,6219946,5564489,847,107,14501,6.62851,0.872369,892,-1,ok,0,0,0,0,891,1,1,0.569382,847,1426,5726,1,1.03344,847,5012,15250,2.08089,5398,847
3,76,2081440,12382609,4688,587,95522,45.5562,8.05944,4753,-1,ok,0,0,0,0,4752,1,1,13.3636,4688,24947,29283,1,23.4805,4688,61791,75691,1285.71,2.38355e+06,4688
3,77,1691073,3744093,1693,213,26707,13.0214,2.99369,1712,-1,ok,0,0,0,0,1711,1,1,2.63933,1693,10024,12204,1,5.61277,1693,28261,34506,79.1528,261092,1693
3,78,8817198,3986522,2108,265,45523,23.0607,3.95891,2163,-1,ok,0,0,0,0,2162,1,1,2.97575,2108,2108,14340,1,1.26346,2108,2340,41543,2.67156,2126,2108
3,79,7948753,9167683,453,58,4518,2.192,0.944964,468,-1,ok,0,0,0,0,467,1,1,0.477732,453,453,3252,1,0.255718,453,453,9619,0.582749,1008,453
3,80,5933167,1809128,2017,253,47775,23.7926,3.90289,2052,-1,ok,0,0,0,0,2051,1,1,2.68811,2017,2539,14496,1,1.67386,2017,3815,36198,10.0495,28899,2017
3,81,6966816,6407311,457,59,3749,1.70778,0.648561,490,-1,ok,0,0,0,0,489,1,1,0.446875,457,459,2592,1,0.189604,457,459,6528,0.6373,460,457
3,82,2476107,12023992,4640,583,81583,40.1268,8.03978,4711,-1,ok,0,0,0,0,4710,1,1,13.9802,4640,23964,30285,1,23.6864,4640,58971,77860,613.095,1.39914e+06,4640
3,83,4767722,2408797,4057,508,92307,50.532,5.53074,4126,-1,ok,0,0,0,0,4125,1,1,6.53239,4057,21427,24764,1,12.6106,4057,56529,66895,327.993,1.10799e+06,4057
3,84,3731350,7191902,4549,570,89375,46.7652,5.20302,4640,-1,ok,0,0,0,0,4639,1,1,5.66527,4577,16258,27041,1,9.78192,4577,40960,73411,312.816,1.07623e+06,4549
3,85,7691974,1423542,4300,539,104767,54.8924,6.06632,4353,-1,ok,0,0,0,0,4352,1,1,7.46872,4306,14411,31152,1,10.5561,4300,33523,85003,512.804,1.23304e+06,4300
3,86,12485877,3126737,5189,649,95571,47.762,7.76587,5340,-1,ok,0,0,0,0,5339,1,1,12.0616,5193,29131,33699,1,26.6354,5189,76499,91704,1590.25,3.38136e+06,5189
3,87,6909604,7200447,137,18,572,0.290643,0.557641,156,-1,ok,0,0,0,0,155,1,1,0.180727,137,137,1152,1,0.036597,137,137,3154,0.146064,137,137
3,88,3904717,10577072,2759,346,68108,34.5748,5.55494,2856,-1,ok,0,0,0,0,2855,1,1,7.27185,2759,14455,17717,1,11.8429,2759,38380,48673,322.374,886951,2759
3,89,8340124,3901242,2357,300,50745,25.1197,4.48402,2466,-1,ok,0,0,0,0,2465,1,1,3.13382,2379,4682,13510,1,3.42267,2379,9467,38755,1.55211,2357,2357
3,90,4075443,11878759,2915,365,62668,31.7075,5.42456,2966,-1,ok,0,0,0,0,2965,1,1,9.58078,2915,11889,18899,1,12.4159,2915,27700,49022,257.334,675222,2915
3,91,9913504,3945960,2821,354,55977,28.3526,4.56112,2910,-1,ok,0,0,0,0,2909,1,1,4.22435,2821,5336,15912,1,3.96076,2821,10187,44704,20.0898,53787,2821
3,92,7849946,5842851,2633,330,48400,26.1596,3.74896,2686,-1,ok,0,0,0,0,2685,1,1,3.58766,2639,11026,15657,1,5.32667,2639,24644,39427,43.1953,167520,2633
3,93,2178665,5515989,2531,319,52713,26.5838,3.65643,2584,-1,ok,0,0,0,0,2583,1,1,6.57205,2531,16492,16801,1,14.2808,2531,39959,41057,332.035,881538,2531
3,94,10144368,3695934,2736,343,51861,26.2583,4.56585,2807,-1,ok,0,0,0,0,2806,1,1,4.0226,2736,3217,17811,1,2.2703,2736,3786,48097,9.33794,23955,2736
3,95,6149849,6790259,1164,147,13742,6.76912,1.51316,1209,-1,ok,0,0,0,0,1208,1,1,0.949893,1164,2499,7341,1,1.19901,1164,5334,19727,10.3852,40412,1164
3,96,12359415,9961757,1197,150,10984,5.41964,1.86512,1208,-1,ok,0,0,0,0,1207,1,1,1.64193,1197,1197,6142,1,0.655213,1197,1197,14490,1.74286,2912,1197
3,97,12611329,8437561,4181,524,75288,37.8055,5.16055,4254,-1,ok,0,0,0,0,4253,1,1,7.70864,4181,24288,27990,1,16.4103,4181,64422,74996,737.875,1.88045e+06,4181
3,98,1865682,9892253,3390,425,72448,34.9793,5.96554,3439,-1,ok,0,0,0,0,3438,1,1,10.9004,3390,21292,22422,1,19.898,3390,53135,59571,375.596,849145,3390
3,99,6903382,7042632,3042,381,82518,44.9755,3.14888,3091,-1,ok,0,0,0,0,3090,1,1,2.52041,3042,7397,18830,1,3.0221,3042,14996,49514,65.8671,243725,3042
3,100,6037001,13035985,3913,489,104837,54.0079,5.92184,3980,-1,ok,0,0,0,0,3979,1,1,10.1341,3913,22075,23005,1,18.4241,3913,58989,61745,739.949,1.44693e+06,3913
3,101,11432291,5361289,3782,474,76864,38.7928,5.92565,3865,-1,ok,0,0,0,0,3864,1,1,5.64243,3782,7598,23410,1,4.34496,3782,13877,61877,37.7457,141371,3782
3,102,2095814,12208510,5712,715,101752,52.6441,8.33728,5783,-1,ok,0,0,0,0,5782,1,1,17.0529,5712,32579,34393,1,40.0036,5712,87121,93050,1037.9,2.30774e+06,5712
3,103,3721245,10043794,1835,230,36603,26.1442,4.48545,1866,-1,ok,0,0,0,0,1865,1,1,5.58998,1835,6480,14309,1,5.45502,1835,18746,42191,11.7852,26732,1835
3,104,1875949,12219863,5866,733,103988,54.9606,9.15984,5935,-1,ok,0,0,0,0,5934,1,1,15.9225,5866,29726,35268,1,32.5366,5866,77847,95469,1005.84,2.27646e+06,5866
3,105,5433877,7370783,2174,273,50150,27.8373,2.6358,2227,-1,ok,0,0,0,0,2226,1,1,1.627,2174,2681,14213,1,1.34223,2174,3904,37838,1.07998,2174,2174
3,106,6966746,1889450,2024,253,44656,25.9705,3.62141,2061,-1,ok,0,0,0,0,2060,1,1,4.18306,2024,7107,11732,1,5.83594,2024,18710,34233,115.437,273751,2024
3,107,12074479,9935930,3204,400,44800,23.7965,3.95686,3253,-1,ok,0,0,0,0,3252,1,1,6.72653,3204,20825,21360,1,13.3939,3204,56534,58318,408.927,1.10555e+06,3204
3,108,8171471,10094437,1272,161,9714,5.3339,2.23056,1307,-1,ok,0,0,0,0,1306,1,1,1.72379,1272,4275,8909,1,1.88391,1272,8673,22040,5.07194,18368,1272
3,109,1583977,12290737,4150,519,73998,39.9766,7.05178,4211,-1,ok,0,0,0,0,4210,1,1,12.0355,4154,19299,25356,1,23.1538,4150,55030,74319,562.282,1.05151e+06,4150
3,110,8541711,3431022,2128,268,47437,27.9482,3.88422,2199,-1,ok,0,0,0,0,2198,1,1,4.55985,2134,8079,13469,1,5.73767,2128,20799,35234,194.867,449522,2128
3,111,945097,9503748,3693,465,72044,37.279,6.83981,3766,-1,ok,0,0,0,0,3765,1,1,10.426,3699,23984,24813,1,18.9187,3693,57572,66210,364.806,984494,3693
3,112,3658695,5318513,1491,187,26953,14.779,2.19107,1530,-1,ok,0,0,0,0,1529,1,1,2.41579,1491,7812,9122,1,5.06991,1491,19849,23567,52.3596,151380,1491
3,113,2754585,3947626,401,51,3934,1.98915,0.823418,408,-1,ok,0,0,0,0,407,1,1,0.72836,401,401,3264,1,0.149058,401,401,9856,0.4842,401,401
3,114,10502174,11667585,3041,383,52087,26.5526,3.66957,3130,-1,ok,0,0,0,0,3129,1,1,4.07371,3041,11618,17907,1,5.65264,3041,26076,46446,55.8698,229544,3041
3,115,10268480,11331403,3940,493,84174,42.9736,5.74274,4057,-1,ok,0,0,0,0,4056,1,1,6.18935,3940,17977,22666,1,12.1298,3940,45107,57539,1328.79,2.25105e+06,3940
3,116,7825845,1762847,4321,541,102143,57.3024,6.69575,4340,-1,ok,0,0,0,0,4339,1,1,5.89941,4321,9198,30353,1,7.22154,4321,24561,84721,224.179,584214,4321
3,117,3362086,11653233,3339,417,60025,34.2722,6.0281,3420,-1,ok,0,0,0,0,3419,1,1,8.49062,3343,14596,19358,1,15.5826,3339,41420,56655,459.986,835072,3339
3,118,10389453,7350623,1413,177,17986,9.07707,3.03299,1448,-1,ok,0,0,0,0,1447,1,1,2.05499,1413,5911,8260,1,3.96363,1413,15794,24325,50.9828,154150,1413
3,119,4506435,6736068,887,111,9335,4.83649,2.28418,912,-1,ok,0,0,0,0,911,1,1,1.21457,887,887,6422,1,0.590943,887,1437,15956,2.63306,6190,887
3,120,5929329,12497247,3028,379,77769,40.5702,5.74189,3093,-1,ok,0,0,0,0,3092,1,1,7.66446,3028,16100,17078,1,11.9038,3028,40845,44424,410.68,1.15168e+06,3028
3,121,12410185,7574644,2088,261,21401,11.1122,3.64688,2119,-1,ok,0,0,0,0,2118,1,1,6.46148,2088,13669,13832,1,12.0171,2088,36093,37058,246.638,589758,2088
3,122,12229428,5440651,2956,370,56982,29.5872,5.34399,3003,-1,ok,0,0,0,0,3002,1,1,6.34153,2956,9761,17058,1,7.05835,2956,21938,44101,243.583,518526,2956
3,123,1780250,9157158,3337,420,69470,34.1233,5.59591,3404,-1,ok,0,0,0,0,3403,1,1,7.30327,3343,14860,23195,1,10.8206,3337,36343,62955,293.367,700833,3337
3,124,11302776,5692962,4744,604,99003,56.0352,8.33085,4943,-1,ok,0,0,0,0,4942,1,1,6.28771,4816,13700,29044,1,8.70362,4816,31901,76586,403.435,1.2234e+06,4744
3,125,1768886,1792417,1169,148,16671,8.54657,0.992523,1186,-1,ok,0,0,0,0,1185,1,1,0.298487,1169,1169,9472,1,0.32692,1169,1169,28480,0.281856,1169,1169
3,126,9050045,1934388,5350,673,105040,57.3399,8.83817,5557,-1,ok,0,0,0,0,5556,1,1,11.0022,5394,23345,29316,1,20.5257,5394,56219,76160,641.135,1.32145e+06,5350
3,127,1820605,6200831,1903,239,34575,21.4847,3.7399,1938,-1,ok,0,0,0,0,1937,1,1,4.61515,1903,8174,13282,1,7.33962,1903,19829,34776,160.204,320298,1903
3,128,10430467,2988856,2977,371,42668,24.981,5.05509,3054,-1,ok,0,0,0,0,3053,1,1,7.10638,2981,14405,18973,1,13.7077,2977,37072,52332,230.753,601563,2977
3,129,2439228,6156068,1623,205,29188,15.3805,3.56643,1658,-1,ok,0,0,0,0,1657,1,1,3.19033,1623,7004,12409,1,5.04199,1623,18168,33013,99.7693,215848,1623
3,130,1319267,7253584,2673,336,31175,16.2565,4.59127,2746,-1,ok,0,0,0,0,2745,1,1,6.20286,2701,13894,15788,1,10.769,2701,39215,44824,344.702,835410,2673
3,131,7196925,2454290,2503,317,63698,33.2112,4.19989,2558,-1,ok,0,0,0,0,2557,1,1,6.93654,2503,15460,16748,1,11.0996,2503,38169,41852,347.178,844661,2503
3,132,13030402,3456903,3403,426,66041,34.5931,7.03303,3452,-1,ok,0,0,0,0,3451,1,1,7.90668,3403,10073,22408,1,7.90528,3403,22168,59043,202.871,421598,3403
3,133,4224358,1052088,1611,206,26041,14.5597,2.51686,1666,-1,ok,0,0,0,0,1665,1,1,2.63306,1631,5487,10231,1,3.5973,1631,12121,26259,64.9762,192084,1611
3,134,12080206,7454087,2122,266,31321,15.7017,4.08903,2181,-1,ok,0,0,0,0,2180,1,1,5.67294,2122,10650,11792,1,7.87863,2122,26083,29384,194.761,455871,2122
3,135,2068522,1574689,1869,235,24105,13.6162,2.06731,1886,-1,ok,0,0,0,0,1885,1,1,0.765129,1869,1872,14491,1,1.00397,1869,4217,42890,4.05562,18429,1869
3,136,10842340,7134907,3574,494,76265,39.731,5.61107,4039,-1,ok,0,0,0,0,4038,1,1,9.14579,3936,21123,21517,1,13.3722,3936,50941,52836,281.183,779570,3574
3,137,2045569,12750493,5410,677,106217,63.5566,9.15704,5475,-1,ok,0,0,0,0,5474,1,1,17.179,5410,34614,37144,1,35.1467,5410,92161,99265,1042.1,2.3517e+06,5410
3,138,1691283,1726949,1624,204,25526,13.9111,1.75349,1645,-1,ok,0,0,0,0,1644,1,1,0.351846,1624,1624,13056,1,0.467883,1624,1624,39232,0.388726,1624,1624
3,139,2267658,6664151,2812,355,57153,29.3513,4.38773,2869,-1,ok,0,0,0,0,2868,1,1,7.96679,2812,17666,18081,1,15.2304,2812,47308,48514,322.528,760437,2812
3,140,5981077,11521702,3639,455,94493,51.3235,5.86696,3708,-1,ok,0,0,0,0,3707,1,1,8.95552,3639,19275,20938,1,14.2094,3639,47039,53306,818.913,1.60599e+06,3639
3,141,6905897,5956763,2217,279,47888,25.4512,2.95695,2298,-1,ok,0,0,0,0,2297,1,1,3.58203,2245,11173,12589,1,6.57855,2245,28114,32532,157.262,453616,2217
3,142,3746090,7542891,3910,490,74010,41.1265,5.05015,3997,-1,ok,0,0,0,0,3996,1,1,5.20374,3938,13946,22332,1,8.32764,3938,34963,59784,345.178,1.10748e+06,3910
3,143,927918,6543619,4456,558,79149,42.4433,7.25723,4497,-1,ok,0,0,0,0,4496,1,1,8.20166,4456,25405,32013,1,17.4071,4456,66951,86662,596.647,1.80035e+06,4456
3,144,6931863,7093569,2051,258,44553,23.5631,2.7345,2102,-1,ok,0,0,0,0,2101,1,1,2.37831,2051,7549,11923,1,3.73109,2051,19070,31206,144.666,395111,2051
3,145,2568120,12342319,3661,458,62603,32.0314,6.76628,3734,-1,ok,0,0,0,0,3733,1,1,7.84146,3665,13263,22002,1,8.80982,3661,26882,63344,209.938,604117,3661
3,146,7908353,11618893,3471,434,76700,39.351,5.25228,3556,-1,ok,0,0,0,0,3555,1,1,6.47738,3471,14930,20437,1,12.3302,3471,35062,52154,582.137,1.32036e+06,3471
3,147,11438432,11802298,2485,312,52310,27.4404,2.8708,2572,-1,ok,0,0,0,0,2571,1,1,1.84446,2485,6804,16346,1,2.99738,2485,13806,44939,18.9371,78872,2485
3,148,2413893,1006952,1862,233,30808,16.0521,2.55756,1877,-1,ok,0,0,0,0,1876,1,1,1.22791,1862,1880,12281,1,0.792099,1862,1923,33433,23.8608,98220,1862
3,149,11409007,1162795,5579,747,106709,54.9436,9.67903,6102,-1,ok,0,0,0,0,6101,1,1,13.9031,5983,25611,33193,1,25.5668,5983,62761,87201,1116.59,2.52929e+06,5579
3,150,9700992,2679266,4304,539,94936,51.1602,5.97515,4371,-1,ok,0,0,0,0,4370,1,1,10.9728,4304,21238,28740,1,19.6327,4304,54222,78343,860.983,1.90517e+06,4304
3,151,9872155,9787811,2375,297,39343,20.0138,3.14982,2416,-1,ok,0,0,0,0,2415,1,1,2.91814,2375,7983,13374,1,3.67371,2375,17797,34085,163.655,543802,2375
3,152,11614672,3408954,4147,517,80196,38.7855,6.52855,4216,-1,ok,0,0,0,0,4215,1,1,10.994,4147,21505,23524,1,18.1376,4147,51661,62993,401.068,942950,4147
3,153,9981629,11181633,734,92,5490,2.78402,1.51255,747,-1,ok,0,0,0,0,746,1,1,0.461603,734,734,4743,1,0.336428,734,734,12865,0.91023,2644,734
3,154,3718171,9615151,2308,289,55762,30.1313,4.17568,2341,-1,ok,0,0,0,0,2340,1,1,6.92154,2308,15100,17413,1,12.3625,2308,36009,48731,44.352,117050,2308
3,155,3415323,8103407,3865,484,81203,43.7133,5.24273,3930,-1,ok,0,0,0,0,3929,1,1,7.91766,3867,21642,22755,1,16.0282,3867,55791,59377,850.329,1.93331e+06,3865
3,156,11110265,1067659,3702,464,77132,40.0492,6.42925,3749,-1,ok,0,0,0,0,3748,1,1,7.82058,3702,7578,25220,1,6.26197,3702,15039,68014,113.669,306943,3702
3,157,6280476,9981769,2220,279,41759,23.0603,3.64578,2287,-1,ok,0,0,0,0,2286,1,1,4.55625,2220,9112,12763,1,5.75,2220,21251,31951,142.019,374362,2220
3,158,6643578,8204315,3641,456,74368,38.4194,4.05701,3706,-1,ok,0,0,0,0,3705,1,1,5.89975,3641,21526,22383,1,12.1535,3641,56147,57903,584.807,1.69089e+06,3641
3,159,9685005,4585715,4747,593,101140,55.7776,5.80493,4852,-1,ok,0,0,0,0,4851,1,1,9.09982,4747,23876,28453,1,16.4161,4747,65204,78231,154.732,544077,4747
3,160,12831341,2638895,3950,493,63366,32.6755,6.85704,4015,-1,ok,0,0,0,0,4014,1,1,12.3398,3954,21567,25644,1,23.4707,3950,58753,73009,597.131,1.15889e+06,3950
3,161,8783825,10724143,3006,377,58177,30.758,4.13847,3115,-1,ok,0,0,0,0,3114,1,1,6.40822,3006,16591,17392,1,9.99656,3006,40534,44296,453.434,1.04124e+06,3006
3,162,6714674,4622259,3743,470,81901,41.0571,4.0401,3822,-1,ok,0,0,0,0,3821,1,1,7.40656,3771,22684,23171,1,16.5602,3771,58130,59839,452.765,1.18349e+06,3743
3,163,11574983,7241695,3374,422,46779,24.5914,5.1364,3465,-1,ok,0,0,0,0,3464,1,1,6.81874,3374,15837,18997,1,10.4412,3374,41427,50901,478.758,1.40372e+06,3374
3,164,6726695,10401558,1931,242,43358,24.1379,3.69325,1990,-1,ok,0,0,0,0,1989,1,1,2.26696,1931,2179,11848,1,1.68606,1931,3276,32643,8.16176,26397,1931
3,165,6217776,4562577,639,83,5973,2.99439,1.36023,686,-1,ok,0,0,0,0,685,1,1,1.43451,639,1804,4756,1,1.24659,639,3950,11267,10.284,27158,639
3,166,3978333,2704630,2039,257,39926,20.8362,2.67818,2072,-1,ok,0,0,0,0,2071,1,1,3.29931,2039,8479,12111,1,4.99081,2039,20142,32348,138.535,392855,2039
3,167,7528628,10723775,1234,159,19040,9.3508,3.60048,1321,-1,ok,0,0,0,0,1320,1,1,3.30742,1262,6915,7139,1,5.19245,1262,17218,18022,10.7323,34410,1234
3,168,9735496,1569903,4003,501,91089,47.9851,6.24048,4048,-1,ok,0,0,0,0,4047,1,1,11.22,4003,25219,25924,1,20.6684,4003,65820,69211,571.64,1.47875e+06,4003
3,169,998082,9272687,4329,543,88493,47.5701,6.7873,4404,-1,ok,0,0,0,0,4403,1,1,9.04225,4335,21456,30233,1,15.1168,4329,54358,82213,469.893,1.22984e+06,4329
3,170,1321918,2206629,1412,177,21450,11.1008,1.93087,1431,-1,ok,0,0,0,0,1430,1,1,0.722829,1412,1426,11010,1,0.515072,1412,1442,31535,7.07476,22846,1412
3,171,6659965,11150045,3320,415,94636,50.4018,5.05789,3385,-1,ok,0,0,0,0,3384,1,1,6.9476,3320,14052,18922,1,10.3124,3320,36568,52667,386.435,805546,3320
3,172,3731435,7767988,2384,299,28408,14.9448,3.76242,2499,-1,ok,0,0,0,0,2498,1,1,5.1912,2412,13422,13597,1,9.3781,2412,36510,37360,110.916,434809,2384
3,173,3974805,958596,1638,206,29007,15.1918,2.6637,1663,-1,ok,0,0,0,0,1662,1,1,2.37046,1638,4488,10930,1,2.66288,1638,9659,28695,56.0857,182160,1638
3,174,2428329,5775613,2154,273,39021,19.0165,3.25785,2213,-1,ok,0,0,0,0,2212,1,1,3.53916,2154,9277,14868,1,5.84002,2154,22078,37690,167.917,407779,2154
3,175,1714534,1242194,2738,343,34770,17.7236,2.35657,2753,-1,ok,0,0,0,0,2752,1,1,0.821083,2738,2738,21550,1,0.803589,2738,2738,63973,35.0552,161075,2738
3,176,2649840,6642272,1749,221,24536,11.0739,2.79278,1814,-1,ok,0,0,0,0,1813,1,1,3.98163,1781,8598,9216,1,6.76121,1781,24430,26439,135.589,355043,1749
3,177,6637665,3752951,3356,420,87782,46.5173,4.77369,3445,-1,ok,0,0,0,0,3444,1,1,6.15029,3384,15961,17043,1,10.4077,3384,41304,44697,824.022,1.48585e+06,3356
3,178,11854338,7380264,1910,238,25411,13.0923,3.32746,1967,-1,ok,0,0,0,0,1966,1,1,4.60221,1910,10010,10555,1,6.93065,1910,28632,30260,220.515,507075,1910
3,179,6799419,5675038,2708,340,57035,30.6564,2.94932,2771,-1,ok,0,0,0,0,2770,1,1,3.30522,2708,11719,16598,1,5.71142,2708,26943,42939,59.5715,165783,2708
3,180,4194887,1007631,1165,147,16215,8.92668,2.94575,1202,-1,ok,0,0,0,0,1201,1,1,3.86757,1165,6764,7899,1,5.3948,1165,17015,20708,58.1129,120379,1165
3,181,7226275,11473681,3653,465,92566,49.8771,6.62448,3826,-1,ok,0,0,0,0,3825,1,1,7.9263,3723,20418,21410,1,14.1648,3723,50409,54764,720.545,1.38978e+06,3653
3,182,8300223,3253260,3863,488,94664,52.9757,5.62177,4032,-1,ok,0,0,0,0,4031,1,1,8.77527,3917,19388,20113,1,14.4805,3917,49725,51878,977.251,1.76125e+06,3863
3,183,1895748,929406,1049,132,14591,7.49977,2.36572,1072,-1,ok,0,0,0,0,1071,1,1,0.826845,1049,1429,7051,1,0.363018,1049,1117,18875,1.80057,6897,1049
3,184,10432828,11593598,2985,374,66959,33.9751,3.83761,3094,-1,ok,0,0,0,0,3093,1,1,3.16802,2985,8885,19263,1,5.40478,2985,17724,51169,154.139,340036,2985
3,185,3746090,7529905,1542,193,21007,11.3681,2.6599,1559,-1,ok,0,0,0,0,1558,1,1,3.02378,1542,5946,9601,1,3.56095,1542,14601,29097,52.9455,132200,1542
3,186,3253344,6964518,3608,453,75984,38.3366,5.05209,3649,-1,ok,0,0,0,0,3648,1,1,5.67464,3608,12307,24106,1,7.86601,3608,32639,65073,103.924,405263,3608
3,187,1483093,11345582,5249,701,100348,56.0783,8.75767,5728,-1,ok,0,0,0,0,5727,1,1,11.4919,5619,25484,30420,1,19.239,5619,65879,79390,1203.47,2.85197e+06,5249
3,188,1769639,6419115,1907,240,27638,14.7024,3.65334,1962,-1,ok,0,0,0,0,1961,1,1,2.70146,1907,1994,12371,1,1.05453,1907,2457,31183,109.504,217722,1907
3,189,1953803,11588864,5915,741,100958,50.3122,8.86776,6048,-1,ok,0,0,0,0,6047,1,1,16.9097,5915,34027,38269,1,31.8859,5915,85236,98538,1671.08,3.36397e+06,5915
3,190,10813718,4339117,2672,335,43587,22.8295,4.70517,2763,-1,ok,0,0,0,0,2762,1,1,6.8824,2676,11170,18859,1,1.75805,2672,2889,49386,27.2115,74422,2672
3,191,4139954,12718531,4668,583,106059,56.0685,7.00232,4735,-1,ok,0,0,0,0,4734,1,1,7.92475,4668,16814,24589,1,14.3343,4668,42886,68253,943.111,1.78919e+06,4668
3,192,11410131,12143449,1295,163,19297,9.60126,1.64667,1342,-1,ok,0,0,0,0,1341,1,1,0.602155,1295,1302,8628,1,0.491688,1295,1337,23384,4.16449,17021,1295
3,193,12955129,5083650,4479,560,69701,34.9978,6.77074,4638,-1,ok,0,0,0,0,4637,1,1,12.612,4479,25685,25983,1,21.5766,4479,64464,65388,442.757,1.12451e+06,4479
3,194,4034968,11166459,3294,412,76384,40.1813,5.70207,3327,-1,ok,0,0,0,0,3326,1,1,6.92176,3294,14108,18983,1,9.07669,3294,34432,46798,795.453,1.6324e+06,3294
3,195,12321886,6473680,2881,362,49986,25.4156,5.03604,2990,-1,ok,0,0,0,0,2989,1,1,8.03411,2881,13898,16740,1,10.8231,2881,34673,43035,266.74,619922,2881
3,196,1431067,12748470,4263,534,76990,39.9687,7.50934,4350,-1,ok,0,0,0,0,4349,1,1,9.46908,4267,15478,25038,1,11.367,4263,33256,73154,378.548,953149,4263
3,197,6895032,9886330,3072,383,80293,40.6745,4.65003,3123,-1,ok,0,0,0,0,3122,1,1,6.98182,3072,16965,17380,1,11.434,3072,45618,46939,426.546,923632,3072
3,198,8039344,11409990,3078,384,70220,36.0936,4.80595,3165,-1,ok,0,0,0,0,3164,1,1,5.08122,3078,12740,17546,1,8.2294,3078,29006,44051,577.641,1.02139e+06,3078
3,199,3159648,2262293,1368,173,19785,9.80517,1.80774,1413,-1,ok,0,0,0,0,1412,1,1,0.972066,1368,2010,9317,1,0.913224,1368,4122,27205,32.9739,106266,1368
4,0,2010448,7813185,3537,223,21540,12.5832,8.5199,3700,-1,ok,0,0,0,0,3699,1,1,16.985,3551,41644,42683,1,36.1737,3551,99640,112122,244.532,580857,3537
4,1,12579166,9078023,1568,103,4059,2.01124,4.17166,1671,-1,ok,0,0,0,0,1670,1,1,5.94069,1620,15421,15722,1,9.32738,1620,37125,39163,57.7561,207650,1568
4,2,1333590,4439595,1414,89,5721,2.82816,3.18356,1461,-1,ok,0,0,0,0,1460,1,1,2.12511,1414,1777,19716,1,1.15971,1414,1684,51003,154.389,288056,1414
4,3,3773467,3914009,3647,230,24507,11.3726,8.32162,3778,-1,ok,0,0,0,0,3777,1,1,6.09385,3665,20681,42421,1,10.9552,3665,46989,117664,215.915,574921,3647
4,4,3313148,2503221,1216,78,4969,2.2898,2.00144,1297,-1,ok,0,0,0,0,1296,1,1,1.10158,1232,4042,12998,1,1.94079,1232,8636,36728,34.4385,110721,1216
4,5,7140541,10774717,1925,121,11803,5.3076,4.14653,2082,-1,ok,0,0,0,0,2081,1,1,5.66202,1925,14997,22721,1,10.3803,1925,39341,61116,120.928,372598,1925
4,6,8187875,9706060,1310,83,6537,2.76265,2.37121,1367,-1,ok,0,0,0,0,1366,1,1,1.72719,1310,5977,16387,1,3.95367,1310,12671,42391,19.8559,68186,1310
4,7,9627843,9885990,3738,236,22589,9.83238,6.25253,3943,-1,ok,0,0,0,0,3942,1,1,7.87493,3738,20597,43795,1,12.3621,3738,49938,115717,396.201,736103,3738
4,8,7658869,7341623,669,45,2334,1.14071,1.78689,762,-1,ok,0,0,0,0,761,1,1,1.49141,713,5108,8108,1,2.80977,713,12723,22548,19.9913,89953,669
4,9,9079560,12955119,2601,164,14323,6.29951,5.07766,2786,-1,ok,0,0,0,0,2785,1,1,2.98894,2601,4408,27463,1,2.23025,2601,6712,66979,11.5012,39421,2601
4,10,3021799,6079542,2013,127,7695,3.32783,3.35069,2150,-1,ok,0,0,0,0,2149,1,1,5.66456,2019,16044,21519,1,10.4551,2019,40305,55969,126.882,366918,2013
4,11,3809714,13009546,3762,237,18551,8.89003,9.34283,3889,-1,ok,0,0,0,0,3888,1,1,9.57042,3766,21964,46205,1,11.6709,3762,43563,130564,95.604,349019,3762
4,12,8103489,7107447,2089,133,7145,3.14265,4.17079,2184,-1,ok,0,0,0,0,2183,1,1,4.64445,2109,14981,21534,1,6.30554,2109,33577,51516,75.6855,233890,2089
4,13,2332859,8426127,4263,285,25203,12.2442,7.65555,4762,-1,ok,0,0,0,0,4761,1,1,11.2649,4551,29707,51338,1,21.7702,4551,74593,136544,617.775,1.68904e+06,4263
4,14,12044454,2416847,4675,292,26853,12.0713,8.05828,4854,-1,ok,0,0,0,0,4853,1,1,14.0303,4689,32726,53691,1,27.1417,4689,82598,144178,275.604,835345,4675
4,15,7549516,3032970,3582,227,20206,8.82671,6.61798,3757,-1,ok,0,0,0,0,3756,1,1,11.6172,3616,30257,42587,1,27.4134,3616,81019,115941,662.127,1.81662e+06,3582
4,16,12927868,12892271,2462,155,9395,4.30018,3.92898,2511,-1,ok,0,0,0,0,2510,1,1,5.98041,2462,29543,34249,1,17.5349,2462,84572,97531,86.7652,288014,2462
4,17,9833831,12288662,2580,163,10533,4.9036,4.17631,2697,-1,ok,0,0,0,0,2696,1,1,1.95315,2580,2778,33515,1,1.70762,2580,4257,89323,1.70111,2590,2580
4,18,6814149,9852082,1202,76,3854,1.5264,2.70022,1251,-1,ok,0,0,0,0,1250,1,1,1.67057,1202,1203,14650,1,1.44755,1202,2431,41026,5.3299,14274,1202
4,19,9528140,2664047,3318,209,16870,7.39668,5.56024,3479,-1,ok,0,0,0,0,3478,1,1,8.82224,3322,22574,39259,1,18.3479,3318,56202,101904,205.478,619476,3318
4,20,6495471,7529905,2441,155,14886,6.73553,3.59074,2622,-1,ok,0,0,0,0,2621,1,1,4.43329,2443,15305,28519,1,8.65177,2443,41095,75029,187.861,487683,2441
4,21,12325382,10067215,1607,101,3794,1.72331,2.92569,1732,-1,ok,0,0,0,0,1731,1,1,1.55433,1607,1679,18559,1,1.76195,1607,5092,47758,4.00548,9051,1607
4,22,3585937,1775879,2463,156,8847,4.03401,2.98506,2542,-1,ok,0,0,0,0,2541,1,1,6.20604,2481,23410,29704,1,14.6011,2481,60656,82370,1.27836,2463,2463
4,23,11721680,9491931,1321,84,3202,1.47627,2.61559,1416,-1,ok,0,0,0,0,1415,1,1,2.3264,1321,3350,13685,1,1.75657,1321,5326,32169,7.97844,33344,1321
4,24,3621375,11317103,3740,235,26089,11.7838,6.53532,3951,-1,ok,0,0,0,0,3950,1,1,13.3657,3754,28073,38448,1,24.0487,3754,71769,105850,598.555,1.19993e+06,3740
4,25,5575100,6646560,1919,121,11573,5.31598,2.47168,2036,-1,ok,0,0,0,0,2035,1,1,5.36078,1919,18689,20930,1,10.9787,1919,44289,53300,82.6612,241544,1919
4,26,6158980,12807081,2860,179,14277,6.27364,6.09089,2927,-1,ok,0,0,0,0,2926,1,1,4.19317,2860,3712,31736,1,4.22366,2860,10521,79637,45.9316,142266,2860
4,27,11764863,10921693,884,57,3719,1.65864,1.44138,921,-1,ok,0,0,0,0,920,1,1,2.34138,890,8309,11629,1,4.67732,890,20418,32396,13.6072,61102,884
4,28,10694273,1537590,4589,288,27109,11.807,7.83571,4794,-1,ok,0,0,0,0,4793,1,1,14.3164,4593,29360,55197,1,21.0222,4589,70006,143481,442.466,1.1922e+06,4589
4,29,12581368,7643768,4098,257,20654,9.55423,6.31104,4201,-1,ok,0,0,0,0,4200,1,1,11.9292,4098,40385,50900,1,31.4919,4098,109926,139758,792.025,1.91099e+06,4098
4,30,13030402,12409999,2438,154,12201,5.47742,3.49156,2497,-1,ok,0,0,0,0,2496,1,1,6.31236,2438,22483,29821,1,13.8496,2438,62433,85772,35.0093,121103,2438
4,31,12223295,6275531,3837,240,19888,8.75255,6.07429,4034,-1,ok,0,0,0,0,4033,1,1,13.3166,3847,41070,42678,1,29.4453,3847,112356,116923,632.427,1.64996e+06,3837
4,32,5623637,12139279,3038,191,21791,9.99872,6.2097,3229,-1,ok,0,0,0,0,3228,1,1,6.88321,3038,15509,31358,1,10.4475,3038,39079,80762,289.478,882190,3038
4,33,8035053,1444783,3156,199,20444,9.55024,5.76871,3279,-1,ok,0,0,0,0,3278,1,1,11.9498,3168,23915,44034,1,21.8703,3162,59261,115786,475.836,1.0506e+06,3156
4,34,2880048,10213702,3461,218,18070,10.152,5.98979,3618,-1,ok,0,0,0,0,3617,1,1,13.0243,3471,36502,36998,1,30.6655,3467,92949,101288,267.98,806170,3461
4,35,1385201,11261247,4005,251,21565,9.92258,8.31465,4132,-1,ok,0,0,0,0,4131,1,1,12.662,4009,28925,46074,1,19.0429,4005,58814,124836,383.697,891402,4005
4,36,6948283,3518629,1448,92,6016,2.82608,3.15187,1537,-1,ok,0,0,0,0,1536,1,1,5.34253,1448,13756,18626,1,12.8032,1448,36445,51565,114.457,242475,1448
4,37,13034387,859878,5685,356,29281,12.5068,10.1436,5862,-1,ok,0,0,0,0,5861,1,1,22.2037,5689,48889,70749,1,45.6429,5685,123970,184107,1227.4,2.44682e+06,5685
4,38,1686729,1918309,506,33,1423,0.720555,0.688025,533,-1,ok,0,0,0,0,532,1,1,0.22998,506,506,8448,1,0.142435,506,506,25341,0.191627,506,506
4,39,2222597,11499473,5854,369,28215,12.318,9.09087,6083,-1,ok,0,0,0,0,6082,1,1,22.5714,5894,52287,66380,1,47.3695,5894,132862,178493,1836.85,3.54492e+06,5854
4,40,5141411,11134502,4288,270,27255,12.3947,7.08594,4441,-1,ok,0,0,0,0,4440,1,1,18.7714,4298,37352,53045,1,35.3418,4298,88566,136209,1129.26,2.29801e+06,4288
4,41,12465838,7448178,2144,134,7503,3.28977,4.31595,2199,-1,ok,0,0,0,0,2198,1,1,8.04738,2144,14339,25902,1,10.5676,2144,37160,71322,266.81,527518,2144
4,42,10661203,8840327,3818,238,22782,10.5205,6.46458,3957,-1,ok,0,0,0,0,3956,1,1,7.55353,3818,21704,41129,1,13.9069,3818,59045,111478,844.592,1.87552e+06,3818
4,43,9236823,3376857,2492,157,10387,4.89848,4.21898,2585,-1,ok,0,0,0,0,2584,1,1,11.8018,2496,28335,31995,1,22.6573,2492,74387,85993,192.984,426303,2492
4,44,6505621,5115520,816,53,2204,1.00477,1.63754,873,-1,ok,0,0,0,0,872,1,1,0.852792,816,1716,9027,1,0.994777,816,3803,25101,5.13271,18883,816
4,45,7224318,3455553,1884,119,9526,4.28899,3.20347,1923,-1,ok,0,0,0,0,1922,1,1,6.59018,1884,15573,25246,1,13.1852,1884,40554,70717,160.559,351645,1884
4,46,3577892,1190856,1756,111,7693,3.5194,2.62904,1811,-1,ok,0,0,0,0,1810,1,1,1.6139,1756,1756,18939,1,0.892667,1756,1756,51700,2.67897,5947,1756
4,47,3204941,3810580,2880,181,14113,5.5142,2.55014,3003,-1,ok,0,0,0,0,3002,1,1,7.41694,2898,29646,33203,1,16.5677,2898,72188,89757,153.437,532935,2880
4,48,4180108,8576223,2054,130,12494,5.87991,3.68709,2125,-1,ok,0,0,0,0,2124,1,1,4.80085,2054,7905,27294,1,4.44418,2054,16805,69256,28.6896,75250,2054
4,49,12353729,2809446,3785,239,20255,8.54242,6.24807,3914,-1,ok,0,0,0,0,3913,1,1,16.527,3797,31270,47417,1,23.8441,3793,78772,123670,458.295,1.08715e+06,3785
4,50,8395975,2625599,2116,134,12732,5.90343,4.20498,2273,-1,ok,0,0,0,0,2272,1,1,10.2668,2136,19508,26576,1,17.367,2136,45907,71794,13.2614,38786,2116
4,51,5493528,7925047,1515,95,5344,2.5216,2.88422,1592,-1,ok,0,0,0,0,1591,1,1,1.37183,1515,1836,16185,1,1.20732,1515,2984,42004,6.34598,14291,1515
4,52,9212910,11487380,2518,160,13416,5.48785,4.135,2665,-1,ok,0,0,0,0,2664,1,1,10.2355,2518,25717,28027,1,17.9216,2518,63576,68958,396.233,942143,2518
4,53,12285366,6402468,2738,172,13387,5.84543,4.60633,2839,-1,ok,0,0,0,0,2838,1,1,6.94184,2738,16537,28443,1,11.5144,2738,40608,73549,247.964,526630,2738
4,54,6487042,3141638,3876,245,23542,10.432,4.85557,4055,-1,ok,0,0,0,0,4054,1,1,11.0389,3914,32776,44382,1,24.5718,3914,82664,122609,507.059,1.45507e+06,3876
4,55,8016532,6159621,865,55,3432,1.6098,2.6482,928,-1,ok,0,0,0,0,927,1,1,1.59043,881,3324,11914,1,1.30918,881,4747,33290,8.53035,27820,865
4,56,5515103,10522115,2043,129,11753,4.94788,3.67641,2144,-1,ok,0,0,0,0,2143,1,1,8.38733,2061,22675,23332,1,15.5987,2061,56591,61051,287.17,571096,2043
4,57,2476815,12608832,4271,267,23671,10.834,9.17003,4434,-1,ok,0,0,0,0,4433,1,1,26.3644,4279,54621,55188,1,59.6633,4279,141110,144899,695.517,1.57225e+06,4271
4,58,12456431,7340845,2238,140,8941,3.89017,4.02603,2269,-1,ok,0,0,0,0,2268,1,1,8.15176,2238,23747,25932,1,15.3112,2238,59496,65736,124.735,379863,2238
4,59,922742,2055692,666,43,1593,0.779166,1.79506,725,-1,ok,0,0,0,0,724,1,1,1.0787,666,1986,8247,1,1.16073,666,4098,22009,0.823727,666,666
4,60,11194911,9705957,3585,226,14251,6.48615,5.22487,3910,-1,ok,0,0,0,0,3909,1,1,8.82854,3599,28292,40860,1,16.3436,3589,75782,112849,400.647,1.39977e+06,3585
4,61,6036526,5702403,1491,95,9255,4.0209,1.43305,1584,-1,ok,0,0,0,0,1583,1,1,1.0275,1491,4250,21613,1,4.50602,1491,14746,63245,15.0711,62773,1491
4,62,11101203,2544770,3426,215,18688,7.90652,5.41463,3549,-1,ok,0,0,0,0,3548,1,1,10.9555,3430,25471,41405,1,18.759,3426,63122,107887,284.81,784499,3426
4,63,5493528,5459277,708,46,1769,0.837614,0.795614,751,-1,ok,0,0,0,0,750,1,1,0.174776,708,708,11571,1,0.199944,708,708,34309,0.164818,708,708
4,64,2388947,10947782,3371,211,16127,7.44696,6.31445,3522,-1,ok,0,0,0,0,3521,1,1,9.15682,3375,19735,39255,1,11.2951,3371,39127,109255,228.886,614141,3371
4,65,7831705,6396759,719,46,2269,0.975412,1.13913,754,-1,ok,0,0,0,0,753,1,1,1.05586,723,2517,10543,1,1.95641,723,6335,31382,0.516174,830,719
4,66,842069,12916554,4284,269,19919,9.00566,8.78056,4397,-1,ok,0,0,0,0,4396,1,1,19.5872,4288,48678,50739,1,52.1498,4284,136005,141837,403.857,1.10706e+06,4284
4,67,4850422,11280298,4704,296,28106,12.7236,7.19594,5027,-1,ok,0,0,0,0,5026,1,1,17.2378,4746,49641,50657,1,37.3543,4718,121897,143271,818.145,2.05978e+06,4704
4,68,11488163,10653983,1116,70,3307,1.47679,1.69569,1193,-1,ok,0,0,0,0,1192,1,1,0.651906,1116,1535,12023,1,0.392352,1116,1242,33654,3.45727,13862,1116
4,69,7579596,8228212,230,14,285,0.142326,0.502138,243,-1,ok,0,0,0,0,242,1,1,0.296394,230,230,3183,1,0.176399,230,230,9100,0.229769,230,230
4,70,12001610,2787829,4759,299,25703,10.7057,6.76063,5026,-1,ok,0,0,0,0,5025,1,1,23.8509,4763,53602,60292,1,51.0077,4759,141158,160220,900.329,1.99921e+06,4759
4,71,5742610,2055291,1316,84,7995,3.59448,2.43942,1371,-1,ok,0,0,0,0,1370,1,1,1.94409,1316,1364,20470,1,1.27076,1316,3458,48970,12.335,47787,1316
4,72,11880582,8295471,3634,228,16707,7.12705,4.61916,3779,-1,ok,0,0,0,0,3778,1,1,11.9354,3634,43615,46736,1,28.8297,3634,117260,126202,326.786,955187,3634
4,73,10473387,2457266,4575,288,26273,11.4289,8.1661,4668,-1,ok,0,0,0,0,4667,1,1,18.0939,4575,49552,56990,1,52.0574,4575,126026,149247,1130.47,2.73263e+06,4575
4,74,5956582,6913395,1978,125,8595,4.48358,2.6637,2111,-1,ok,0,0,0,0,2110,1,1,3.32237,2006,11590,20362,1,5.00091,2006,26062,51652,61.724,235499,1978
4,75,6219946,5564489,847,54,3945,1.66637,0.927331,900,-1,ok,0,0,0,0,899,1,1,0.394487,847,847,11632,1,0.319486,847,858,32198,2.08089,5398,847
4,76,2081440,12382609,4688,294,26470,11.1721,7.52469,4825,-1,ok,0,0,0,0,4824,1,1,28.8646,4688,47231,56437,1,56.2177,4688,115139,145570,1285.71,2.38355e+06,4688
4,77,1691073,3744093,1693,107,7139,3.71898,2.39052,1728,-1,ok,0,0,0,0,1727,1,1,5.63326,1693,19451,25133,1,9.90551,1693,49746,68845,79.1528,261092,1693
4,78,8817198,3986522,2108,133,12630,6.01234,3.70029,2227,-1,ok,0,0,0,0,2226,1,1,3.46529,2108,2340,30060,1,1.38549,2108,2829,85349,2.67156,2126,2108
4,79,7948753,9167683,453,29,1171,0.487761,0.866148,468,-1,ok,0,0,0,0,467,1,1,0.501977,453,453,6880,1,0.316771,453,734,20109,0.582749,1008,453
4,80,5933167,1809128,2017,126,13455,5.39538,2.90035,2120,-1,ok,0,0,0,0,2119,1,1,3.08507,2017,3133,27997,1,2.08549,2017,5179,66746,10.0495,28899,2017
4,81,6966816,6407311,457,30,1037,0.388455,0.634174,520,-1,ok,0,0,0,0,519,1,1,0.442426,457,497,4987,1,0.242452,457,661,12824,0.6373,460,457
4,82,2476107,12023992,4640,293,22367,9.31716,7.61752,4803,-1,ok,0,0,0,0,4802,1,1,25.1006,4640,43389,58430,1,38.5164,4640,101095,150172,613.095,1.39914e+06,4640
4,83,4767722,2408797,4057,255,25772,13.1193,5.37557,4238,-1,ok,0,0,0,0,4237,1,1,10.7725,4075,40504,47512,1,24.5918,4075,107225,126365,327.993,1.10799e+06,4057
4,84,3731350,7191902,4549,286,24584,12.3187,5.46198,4734,-1,ok,0,0,0,0,4733,1,1,8.93532,4577,31144,52517,1,17.0283,4577,76548,140774,312.816,1.07623e+06,4549
4,85,7691974,1423542,4300,289,28775,13.5052,10.4905,4771,-1,ok,0,0,0,0,4770,1,1,16.6085,4634,40362,53625,1,34.0648,4634,105011,145998,512.804,1.23304e+06,4300
4,86,12485877,3126737,5189,325,26350,12.4251,7.68934,5404,-1,ok,0,0,0,0,5403,1,1,23.0054,5207,55325,67181,1,53.8645,5203,145932,177929,1590.25,3.38136e+06,5189
4,87,6909604,7200447,137,9,140,0.099025,0.563191,172,-1,ok,0,0,0,0,171,1,1,0.15014,137,137,2304,1,0.063679,137,137,6178,0.146064,137,137
4,88,3904717,10577072,2759,174,18996,8.65608,5.15609,2972,-1,ok,0,0,0,0,2971,1,1,11.6642,2765,28262,35790,1,26.398,2765,75424,97666,322.374,886951,2759
4,89,8340124,3901242,2357,150,14016,6.75352,4.20538,2602,-1,ok,0,0,0,0,2601,1,1,5.78111,2385,16154,29037,1,8.80968,2385,34481,78727,1.55211,2357,2357
4,90,4075443,11878759,2915,184,17205,7.77376,5.32514,3018,-1,ok,0,0,0,0,3017,1,1,13.9441,2915,19992,35912,1,16.0822,2915,41867,94255,257.334,675222,2915
4,91,9913504,3945960,2821,178,15456,7.06205,4.40955,3050,-1,ok,0,0,0,0,3049,1,1,9.48921,2827,22681,33914,1,16.0002,2827,52995,90974,20.0898,53787,2821
4,92,7849946,5842851,2633,166,13215,6.50565,3.09728,2786,-1,ok,0,0,0,0,2785,1,1,6.26406,2633,21915,30253,1,10.1008,2633,48443,76581,43.1953,167520,2633
4,93,2178665,5515989,2531,161,14290,6.40799,3.71486,2650,-1,ok,0,0,0,0,2649,1,1,12.7288,2531,29935,30876,1,25.7637,2531,71849,76316,332.035,881538,2531
4,94,10144368,3695934,2736,172,14430,7.20175,4.69524,2903,-1,ok,0,0,0,0,2902,1,1,11.356,2742,23630,35966,1,19.3476,2742,59378,96503,9.33794,23955,2736
4,95,6149849,6790259,1164,73,3775,1.88306,1.6769,1231,-1,ok,0,0,0,0,1230,1,1,1.28135,1164,4094,14038,1,1.79036,1164,8417,37441,10.3852,40412,1164
4,96,12359415,9961757,1197,76,3029,1.35298,1.97252,1224,-1,ok,0,0,0,0,1223,1,1,1.55103,1197,1197,12074,1,0.676433,1197,1197,28325,1.74286,2912,1197
4,97,12611329,8437561,4181,263,20755,8.92118,4.57041,4314,-1,ok,0,0,0,0,4313,1,1,14.7303,4181,46198,54379,1,37.2401,4181,123067,145118,737.875,1.88045e+06,4181
4,98,1865682,9892253,3390,214,19983,9.49578,5.7269,3489,-1,ok,0,0,0,0,3488,1,1,21.4261,3390,38765,45137,1,39.4165,3390,92643,116195,375.596,849145,3390
4,99,6903382,7042632,3042,191,22718,11.3132,3.16561,3127,-1,ok,0,0,0,0,3126,1,1,3.44746,3042,12281,35079,1,4.84665,3042,25490,93549,65.8671,243725,3042
4,100,6037001,13035985,3913,246,28929,12.6313,5.79873,4062,-1,ok,0,0,0,0,4061,1,1,18.0713,3913,41750,43320,1,40.4914,3913,113081,118317,739.949,1.44693e+06,3913
4,101,11432291,5361289,3782,239,21380,10.0433,6.01062,3959,-1,ok,0,0,0,0,3958,1,1,6.09318,3782,11753,45407,1,6.73414,3782,25269,119230,37.7457,141371,3782
4,102,2095814,12208510,5712,359,28018,12.446,8.31077,5921,-1,ok,0,0,0,0,5920,1,1,29.0565,5726,61117,65038,1,66.66,5726,163420,175325,1037.9,2.30774e+06,5712
4,103,3721245,10043794,1835,119,9889,4.67657,6.15082,1974,-1,ok,0,0,0,0,1973,1,1,17.6833,1877,26072,27702,1,22.3971,1877,56774,79835,11.7852,26732,1835
4,104,1875949,12219863,5866,367,28613,13.1761,8.57161,6055,-1,ok,0,0,0,0,6054,1,1,24.991,5880,54269,66635,1,59.2344,5880,144683,180274,1005.84,2.27646e+06,5866
4,105,5433877,7370783,2174,137,14176,6.38384,2.90313,2267,-1,ok,0,0,0,0,2266,1,1,1.65746,2174,3116,26671,1,1.22288,2174,3756,73444,1.07998,2174,2174
4,106,6966746,1889450,2024,127,12170,4.84115,3.31264,2123,-1,ok,0,0,0,0,2122,1,1,7.57462,2024,15055,24968,1,11.6496,2024,37106,68068,115.437,273751,2024
4,107,12074479,9935930,3204,201,12563,5.46304,3.4025,3309,-1,ok,0,0,0,0,3308,1,1,11.3575,3204,40387,41878,1,26.7677,3204,111438,115898,408.927,1.10555e+06,3204
4,108,8171471,10094437,1272,84,2791,1.28116,2.28933,1351,-1,ok,0,0,0,0,1350,1,1,1.99073,1274,6035,13841,1,2.80496,1272,13011,37017,5.07194,18368,1272
4,109,1583977,12290737,4150,260,20217,9.51963,7.45503,4245,-1,ok,0,0,0,0,4244,1,1,20.8206,4154,37910,51495,1,53.7796,4150,108194,147564,562.282,1.05151e+06,4150
4,110,8541711,3431022,2128,136,13231,6.52094,4.07448,2347,-1,ok,0,0,0,0,2346,1,1,7.04547,2140,15862,27176,1,11.3666,2134,42551,70641,194.867,449522,2128
4,111,945097,9503748,3693,235,19824,8.83799,9.57852,3908,-1,ok,0,0,0,0,3907,1,1,19.3575,3733,48388,49077,1,41.7804,3717,116120,126897,364.806,984494,3693
4,112,3658695,5318513,1491,95,7474,3.89696,2.15978,1580,-1,ok,0,0,0,0,1579,1,1,4.20188,1491,12814,15972,1,10.0203,1491,35624,44259,52.3596,151380,1491
4,113,2754585,3947626,401,26,1023,0.442496,1.31625,424,-1,ok,0,0,0,0,423,1,1,0.597606,401,401,6656,1,0.147336,401,401,20176,0.4842,401,401
4,114,10502174,11667585,3041,193,14381,6.16601,3.58894,3196,-1,ok,0,0,0,0,3195,1,1,6.08195,3041,20689,34335,1,9.95816,3041,46572,90545,55.8698,229544,3041
4,115,10268480,11331403,3940,247,23240,10.5994,5.53452,4127,-1,ok,0,0,0,0,4126,1,1,10.9207,3940,32987,42060,1,28.0478,3940,86674,107244,1328.79,2.25105e+06,3940
4,116,7825845,1762847,4321,272,28323,13.4342,5.59758,4374,-1,ok,0,0,0,0,4373,1,1,7.39641,4323,14355,60521,1,7.71591,4321,26304,166414,224.179,584214,4321
4,117,3362086,11653233,3339,209,16291,8.09407,5.55503,3448,-1,ok,0,0,0,0,3447,1,1,15.3025,3343,28368,39032,1,34.0712,3339,80110,110367,459.986,835072,3339
4,118,10389453,7350623,1413,88,4941,2.22446,2.79378,1464,-1,ok,0,0,0,0,1463,1,1,2.68848,1413,10694,15145,1,6.51121,1413,29633,46322,50.9828,154150,1413
4,119,4506435,6736068,887,56,2576,1.21018,2.16034,956,-1,ok,0,0,0,0,955,1,1,1.43766,887,1476,12723,1,0.758557,887,2159,30793,2.63306,6190,887
4,120,5929329,12497247,3028,189,21169,9.80774,5.44426,3097,-1,ok,0,0,0,0,3096,1,1,11.3079,3028,30152,31504,1,24.6348,3028,76560,81071,410.68,1.15168e+06,3028
4,121,12410185,7574644,2088,131,5852,2.74766,4.98247,2167,-1,ok,0,0,0,0,2166,1,1,10.2365,2088,24649,25510,1,21.0166,2088,65866,69614,246.638,589758,2088
4,122,12229428,5440651,2956,187,15747,7.11753,5.22768,3067,-1,ok,0,0,0,0,3066,1,1,9.04893,2956,16532,32191,1,12.5308,2956,40603,84611,243.583,518526,2956
4,123,1780250,9157158,3337,211,19124,8.17264,5.62544,3504,-1,ok,0,0,0,0,3503,1,1,17.5181,3359,44504,47240,1,26.7999,3343,76749,126054,293.367,700833,3337
4,124,11302776,5692962,4744,302,27084,13.561,6.36817,5017,-1,ok,0,0,0,0,5016,1,1,8.46818,4826,24007,55029,1,14.7749,4816,60703,147571,403.435,1.2234e+06,4744
4,125,1768886,1792417,1169,75,4565,2.08448,0.994567,1202,-1,ok,0,0,0,0,1201,1,1,0.271606,1169,1169,19200,1,0.337731,1169,1169,57856,0.281856,1169,1169
4,126,9050045,1934388,5350,339,28845,12.4579,7.786,5689,-1,ok,0,0,0,0,5688,1,1,18.9396,5394,44986,57764,1,36.0273,5394,105349,144571,641.135,1.32145e+06,5350
4,127,1820605,6200831,1903,121,9491,4.77906,3.69474,1988,-1,ok,0,0,0,0,1987,1,1,7.09213,1909,16589,27618,1,11.6875,1903,37585,68361,160.204,320298,1903
4,128,10430467,2988856,2977,186,11840,5.68652,4.71954,3080,-1,ok,0,0,0,0,3079,1,1,10.0275,2981,26819,38658,1,21.1424,2977,70461,102772,230.753,601563,2977
4,129,2439228,6156068,1623,104,8142,4.32445,2.80499,1698,-1,ok,0,0,0,0,1697,1,1,5.53834,1629,14095,25365,1,9.28059,1623,34980,66454,99.7693,215848,1623
4,130,1319267,7253584,2673,169,8183,3.52034,4.58431,2816,-1,ok,0,0,0,0,2815,1,1,10.0436,2701,28716,32299,1,22.2983,2701,72574,87843,344.702,835410,2673
4,131,7196925,2454290,2503,158,17722,8.0505,4.07052,2656,-1,ok,0,0,0,0,2655,1,1,11.1547,2503,29137,31609,1,21.5024,2503,69448,76822,347.178,844661,2503
4,132,13030402,3456903,3403,214,18327,8.63973,6.4671,3520,-1,ok,0,0,0,0,3519,1,1,11.0117,3403,17824,43701,1,14.4835,3403,41668,114972,202.871,421598,3403
4,133,4224358,1052088,1611,104,7038,3.18276,2.80919,1734,-1,ok,0,0,0,0,1733,1,1,3.31528,1631,8240,19638,1,5.68148,1631,21492,51975,64.9762,192084,1611
4,134,12080206,7454087,2122,134,8665,3.83846,3.42235,2251,-1,ok,0,0,0,0,2250,1,1,8.20647,2122,19382,22058,1,14.57,2122,48451,55420,194.761,455871,2122
4,135,2068522,1574689,1869,117,6506,3.43683,1.94375,1886,-1,ok,0,0,0,0,1885,1,1,0.71807,1869,1925,29076,1,0.590633,1869,2086,85604,4.05562,18429,1869
4,136,10842340,7134907,3574,247,21111,9.23494,5.07836,4073,-1,ok,0,0,0,0,4072,1,1,15.5916,3936,40301,41143,1,30.4273,3936,94400,100544,281.183,779570,3574
4,137,2045569,12750493,5410,341,29241,13.2079,8.34821,5593,-1,ok,0,0,0,0,5592,1,1,28.8986,5410,67117,72305,1,67.0226,5410,174477,189396,1042.1,2.3517e+06,5410
4,138,1691283,1726949,1624,102,6820,3.49331,1.40108,1645,-1,ok,0,0,0,0,1644,1,1,0.429211,1624,1624,26112,1,0.372926,1624,1624,78781,0.388726,1624,1624
4,139,2267658,6664151,2812,178,15274,6.08998,4.15498,2953,-1,ok,0,0,0,0,2952,1,1,12.8586,2826,32360,33235,1,27.5846,2826,85080,87914,322.528,760437,2812
4,140,5981077,11521702,3639,229,26309,12.6765,5.79031,3776,-1,ok,0,0,0,0,3775,1,1,14.5151,3639,35925,39858,1,29.9664,3639,87186,102345,818.913,1.60599e+06,3639
4,141,6905897,5956763,2217,139,12813,6.23661,2.81287,2368,-1,ok,0,0,0,0,2367,1,1,6.53147,2245,20816,23577,1,12.2435,2245,52240,61134,157.262,453616,2217
4,142,3746090,7542891,3910,246,19996,9.93812,4.99449,4083,-1,ok,0,0,0,0,4082,1,1,7.6907,3938,27122,44350,1,17.0424,3938,67586,117666,345.178,1.10748e+06,3910
4,143,927918,6543619,4456,298,21410,10.7702,6.71144,5017,-1,ok,0,0,0,0,5016,1,1,15.3125,4800,50101,54661,1,42.1395,4800,126909,151064,596.647,1.80035e+06,4456
4,144,6931863,7093569,2051,129,12182,5.85257,2.5769,2114,-1,ok,0,0,0,0,2113,1,1,3.49276,2051,13339,22824,1,7.38973,2051,35403,60365,144.666,395111,2051
4,145,2568120,12342319,3661,229,17118,8.22125,6.28951,3772,-1,ok,0,0,0,0,3771,1,1,11.4234,3665,22667,43460,1,17.2295,3661,47256,124339,209.938,604117,3661
4,146,7908353,11618893,3471,220,21514,10.0975,5.38602,3698,-1,ok,0,0,0,0,3697,1,1,10.6606,3481,27198,38578,1,20.8477,3481,64637,99101,582.137,1.32036e+06,3471
4,147,11438432,11802298,2485,157,14455,6.95256,2.8021,2650,-1,ok,0,0,0,0,2649,1,1,2.32173,2485,10796,30877,1,5.11289,2485,22054,86643,18.9371,78872,2485
4,148,2413893,1006952,1862,118,8283,3.74016,2.34236,1911,-1,ok,0,0,0,0,1910,1,1,1.19973,1862,1879,24331,1,0.766993,1862,2119,61865,23.8608,98220,1862
4,149,11409007,1162795,5579,374,29365,12.5686,8.47267,6202,-1,ok,0,0,0,0,6201,1,1,23.9735,5983,49352,64358,1,47.5352,5983,119658,167009,1116.59,2.52929e+06,5579
4,150,9700992,2679266,4304,271,26328,12.2906,6.25578,4533,-1,ok,0,0,0,0,4532,1,1,21.2694,4322,46217,55964,1,47.5458,4322,119458,150459,860.983,1.90517e+06,4304
4,151,9872155,9787811,2375,150,10534,5.09613,3.63953,2492,-1,ok,0,0,0,0,2491,1,1,5.11066,2375,14276,25053,1,6.05674,2375,32170,66263,163.655,543802,2375
4,152,11614672,3408954,4147,261,22325,9.47824,6.75263,4330,-1,ok,0,0,0,0,4329,1,1,15.2237,4147,37240,46879,1,33.7035,4147,93959,122985,401.068,942950,4147
4,153,9981629,11181633,734,46,1540,0.774566,1.4276,747,-1,ok,0,0,0,0,746,1,1,0.335175,734,734,9095,1,0.550128,734,2196,25271,0.91023,2644,734
4,154,3718171,9615151,2308,145,15688,7.12971,4.06111,2373,-1,ok,0,0,0,0,2372,1,1,10.7213,2308,27803,34154,1,20.4157,2308,55088,94824,44.352,117050,2308
4,155,3415323,8103407,3865,243,22310,10.8065,5.36279,4082,-1,ok,0,0,0,0,4081,1,1,13.2485,3881,39704,42264,1,31.6198,3881,101612,108372,850.329,1.93331e+06,3865
4,156,11110265,1067659,3702,233,21545,10.3208,6.46031,3817,-1,ok,0,0,0,0,3816,1,1,9.75734,3702,12079,49433,1,11.1531,3702,26754,131534,113.669,306943,3702
4,157,6280476,9981769,2220,139,11689,5.36558,3.692,2293,-1,ok,0,0,0,0,2292,1,1,6.32999,2220,16863,24336,1,11.1745,2220,38213,60391,142.019,374362,2220
4,158,6643578,8204315,3641,229,20746,11.5602,4.4166,3822,-1,ok,0,0,0,0,3821,1,1,10.0796,3641,39045,40613,1,25.511,3641,102801,108321,584.807,1.69089e+06,3641
4,159,9685005,4585715,4747,299,27818,13.6045,6.59823,5058,-1,ok,0,0,0,0,5057,1,1,12.7323,4761,41938,51626,1,35.9583,4761,120746,147764,154.732,544077,4747
4,160,12831341,2638895,3950,246,17199,7.81634,6.6836,4035,-1,ok,0,0,0,0,4034,1,1,22.7328,3954,43179,51792,1,48.8362,3950,113566,141502,597.131,1.15889e+06,3950
4,161,8783825,10724143,3006,190,16066,7.7561,4.29377,3195,-1,ok,0,0,0,0,3194,1,1,10.3602,3006,29915,33559,1,18.7711,3006,70938,86036,453.434,1.04124e+06,3006
4,162,6714674,4622259,3743,236,22544,11.2406,4.30312,3906,-1,ok,0,0,0,0,3905,1,1,13.695,3771,41638,42683,1,29.2076,3771,107430,112214,452.765,1.18349e+06,3743
4,163,11574983,7241695,3374,211,13104,6.72068,5.01415,3511,-1,ok,0,0,0,0,3510,1,1,9.78559,3374,28626,36102,1,20.1061,3374,77506,97562,478.758,1.40372e+06,3374
4,164,6726695,10401558,1931,122,12150,5.95014,3.85444,2058,-1,ok,0,0,0,0,2057,1,1,2.16167,1931,2247,24024,1,1.52718,1931,3917,64709,8.16176,26397,1931
4,165,6217776,4562577,639,43,1725,0.756842,1.23989,720,-1,ok,0,0,0,0,719,1,1,2.23708,639,3100,9713,1,3.46244,639,7538,23137,10.284,27158,639
4,166,3978333,2704630,2039,130,10970,5.05881,2.61528,2142,-1,ok,0,0,0,0,2141,1,1,5.2226,2039,15251,24384,1,8.92887,2039,38438,62813,138.535,392855,2039
4,167,7528628,10723775,1234,79,5163,2.31395,2.8421,1383,-1,ok,0,0,0,0,1382,1,1,5.59015,1262,13031,13468,1,9.81745,1262,31165,34540,10.7323,34410,1234
4,168,9735496,1569903,4003,252,25317,11.5708,6.20816,4098,-1,ok,0,0,0,0,4097,1,1,17.6558,4003,48222,50831,1,46.563,4003,122454,132976,571.64,1.47875e+06,4003
4,169,998082,9272687,4329,274,24583,14.1461,7.15988,4518,-1,ok,0,0,0,0,4517,1,1,20.8067,4351,58394,62247,1,42.3161,4335,115760,168066,469.893,1.22984e+06,4329
4,170,1321918,2206629,1412,89,5772,2.68796,2.64148,1445,-1,ok,0,0,0,0,1444,1,1,0.824269,1412,2322,21823,1,2.23001,1412,6138,60563,7.07476,22846,1412
4,171,6659965,11150045,3320,206,25888,11.1838,4.65136,3443,-1,ok,0,0,0,0,3442,1,1,10.395,3320,24978,35964,1,20.5601,3320,68472,101157,386.435,805546,3320
4,172,3731435,7767988,2384,151,7565,3.93792,4.02297,2567,-1,ok,0,0,0,0,2566,1,1,8.55631,2412,26889,27556,1,19.376,2412,66612,73070,110.916,434809,2384
4,173,3974805,958596,1638,103,7760,4.27744,2.49499,1663,-1,ok,0,0,0,0,1662,1,1,3.09533,1638,7096,21283,1,3.62971,1638,16563,54572,56.0857,182160,1638
4,174,2428329,5775613,2154,136,10711,4.57695,2.92045,2249,-1,ok,0,0,0,0,2248,1,1,6.15542,2172,21952,26754,1,15.3912,2172,51408,74525,167.917,407779,2154
4,175,1714534,1242194,2738,172,9592,4.35039,2.88181,2769,-1,ok,0,0,0,0,2768,1,1,0.76626,2738,2738,43222,1,0.821884,2738,2738,128092,35.0552,161075,2738
4,176,2649840,6642272,1749,112,6467,2.07633,2.8872,1882,-1,ok,0,0,0,0,1881,1,1,6.76057,1781,17845,19164,1,14.0482,1781,43550,52154,135.589,355043,1749
4,177,6637665,3752951,3356,211,24122,14.6199,4.67249,3503,-1,ok,0,0,0,0,3502,1,1,11.5454,3384,32354,34507,1,24.8034,3384,79890,86539,824.022,1.48585e+06,3356
4,178,11854338,7380264,1910,118,6853,3.64117,3.30319,1983,-1,ok,0,0,0,0,1982,1,1,6.70017,1910,17606,18776,1,13.0737,1910,51771,55805,220.515,507075,1910
4,179,6799419,5675038,2708,170,15676,7.39147,2.85319,2891,-1,ok,0,0,0,0,2890,1,1,5.48324,2722,21230,29802,1,11.5181,2722,52175,80323,59.5715,165783,2708
4,180,4194887,1007631,1165,74,4310,1.96937,2.88558,1218,-1,ok,0,0,0,0,1217,1,1,6.8347,1165,13284,15612,1,10.2268,1165,32975,39885,58.1129,120379,1165
4,181,7226275,11473681,3653,228,25301,12.0218,5.49603,3764,-1,ok,0,0,0,0,3763,1,1,10.0652,3653,28314,39017,1,18.1139,3653,72143,106360,720.545,1.38978e+06,3653
4,182,8300223,3253260,3863,245,26085,12.0633,5.61288,4136,-1,ok,0,0,0,0,4135,1,1,14.6731,3917,39599,40532,1,32.9532,3917,96753,100690,977.251,1.76125e+06,3863
4,183,1895748,929406,1049,67,4008,2.19319,2.36408,1100,-1,ok,0,0,0,0,1099,1,1,0.744019,1049,1111,14780,1,0.422981,1049,1235,41461,1.80057,6897,1049
4,184,10432828,11593598,2985,188,18836,8.47128,3.80406,3198,-1,ok,0,0,0,0,3197,1,1,5.593,2985,14136,35757,1,8.76455,2985,28640,95531,154.139,340036,2985
4,185,3746090,7529905,1542,97,5719,3.00184,2.59113,1575,-1,ok,0,0,0,0,1574,1,1,4.55388,1542,10867,20965,1,7.27795,1542,26875,59068,52.9455,132200,1542
4,186,3253344,6964518,3608,227,20990,10.5972,4.80124,3661,-1,ok,0,0,0,0,3660,1,1,6.54987,3608,19544,48862,1,9.38448,3608,45435,125125,103.924,405263,3608
4,187,1483093,11345582,5249,352,27435,12.7076,8.71943,5830,-1,ok,0,0,0,0,5829,1,1,17.8886,5619,48322,60335,1,39.8822,5619,124078,154497,1203.47,2.85197e+06,5249
4,188,1769639,6419115,1907,120,7417,3.32915,3.62223,2000,-1,ok,0,0,0,0,1999,1,1,3.15573,1907,3922,25008,1,2.60982,1907,6830,60172,109.504,217722,1907
4,189,1953803,11588864,5915,373,27884,12.1651,8.79533,6192,-1,ok,0,0,0,0,6191,1,1,29.9125,5915,64420,73515,1,68.7369,5915,160890,190080,1671.08,3.36397e+06,5915
4,190,10813718,4339117,2672,168,12109,5.47759,4.60149,2845,-1,ok,0,0,0,0,2844,1,1,12.1783,2676,20960,36993,1,2.23834,2672,3710,96773,27.2115,74422,2672
4,191,4139954,12718531,4668,293,29196,13.1365,6.97865,4875,-1,ok,0,0,0,0,4874,1,1,13.9836,4682,30720,46456,1,24.8801,4682,77786,130081,943.111,1.78919e+06,4668
4,192,11410131,12143449,1295,82,5273,2.44773,1.68184,1382,-1,ok,0,0,0,0,1381,1,1,0.611452,1295,1318,17359,1,0.433959,1295,1295,45713,4.16449,17021,1295
4,193,12955129,5083650,4479,280,19112,7.61916,7.41248,4722,-1,ok,0,0,0,0,4721,1,1,20.7781,4479,48022,48528,1,48.0532,4479,118013,120004,442.757,1.12451e+06,4479
4,194,4034968,11166459,3294,208,20905,9.83111,5.97831,3393,-1,ok,0,0,0,0,3392,1,1,9.9246,3294,25179,36846,1,23.9435,3294,63139,90575,795.453,1.6324e+06,3294
4,195,12321886,6473680,2881,182,13764,6.37401,4.98475,3040,-1,ok,0,0,0,0,3039,1,1,10.9094,2881,25146,31788,1,20.018,2881,61689,77957,266.74,619922,2881
4,196,1431067,12748470,4263,267,20846,10.1319,7.61888,4388,-1,ok,0,0,0,0,4387,1,1,12.963,4267,27553,49590,1,22.7057,4263,60734,143890,378.548,953149,4263
4,197,6895032,9886330,3072,191,22172,10.5798,4.45418,3189,-1,ok,0,0,0,0,3188,1,1,10.5835,3072,30817,31694,1,23.9058,3072,85162,87697,426.546,923632,3072
4,198,8039344,11409990,3078,193,19600,8.83222,4.97634,3259,-1,ok,0,0,0,0,3258,1,1,9.45062,3078,22383,32882,1,16.9156,3078,52945,83780,577.641,1.02139e+06,3078
4,199,3159648,2262293,1368,86,5219,2.73277,2.44972,1463,-1,ok,0,0,0,0,1462,1,1,4.10912,1382,10152,17329,1,7.08525,1382,28166,53276,32.9739,106266,1368
5,0,2010448,7813185,3537,111,6278,3.64662,8.0186,3858,-1,ok,0,0,0,0,3857,1,1,28.7908,3551,73471,81876,1,68.5391,3537,171436,207686,244.532,580857,3537
5,1,12579166,9078023,1568,53,1253,0.822906,3.71197,1747,-1,ok,0,0,0,0,1746,1,1,11.5936,1620,31604,33218,1,20.9127,1620,75124,84678,57.7561,207650,1568
5,2,1333590,4439595,1414,45,1571,0.831211,2.78847,1469,-1,ok,0,0,0,0,1468,1,1,2.99889,1414,4274,36160,1,1.13779,1414,1684,94299,154.389,288056,1414
5,3,3773467,3914009,3647,116,7233,2.9632,5.9435,3986,-1,ok,0,0,0,0,3985,1,1,15.5123,3701,53458,78456,1,36.6499,3701,142639,220732,215.915,574921,3647
5,4,3313148,2503221,1216,37,1335,0.751633,2.2928,1295,-1,ok,0,0,0,0,1294,1,1,4.74329,1270,21925,25881,1,10.883,1270,52817,72051,34.4385,110721,1216
5,5,7140541,10774717,1925,62,3630,1.61884,5.07249,2208,-1,ok,0,0,0,0,2207,1,1,9.95137,1925,30708,47815,1,23.536,1925,75851,125255,120.928,372598,1925
5,6,8187875,9706060,1310,43,1968,0.899379,2.98727,1507,-1,ok,0,0,0,0,1506,1,1,2.9419,1310,10054,32664,1,5.28184,1310,20214,83994,19.8559,68186,1310
5,7,9627843,9885990,3738,119,6678,2.73454,7.33873,4281,-1,ok,0,0,0,0,4280,1,1,14.6518,3788,39894,81870,1,38.3855,3788,93267,228975,396.201,736103,3738
5,8,7658869,7341623,669,21,699,0.423351,2.28704,850,-1,ok,0,0,0,0,849,1,1,3.40678,669,13162,17966,1,6.20967,669,30901,43638,19.9913,89953,669
5,9,9079560,12955119,2601,82,4167,1.74749,5.68734,2990,-1,ok,0,0,0,0,2989,1,1,2.4916,2601,2989,51455,1,2.08943,2601,5308,121594,11.5012,39421,2601
5,10,3021799,6079542,2013,64,2184,0.945306,3.41685,2350,-1,ok,0,0,0,0,2349,1,1,9.86244,2067,29981,43341,1,17.9463,2067,77123,102710,126.882,366918,2013
5,11,3809714,13009546,3762,121,5530,2.42666,10.5287,4145,-1,ok,0,0,0,0,4144,1,1,10.9723,3762,29499,97742,1,19.4928,3762,77382,241099,95.604,349019,3762
5,12,8103489,7107447,2089,66,1995,0.886586,4.3735,2284,-1,ok,0,0,0,0,2283,1,1,6.38832,2109,25550,39596,1,10.8783,2109,57296,98340,75.6855,233890,2089
5,13,2332859,8426127,4263,145,7381,3.14067,8.4831,5034,-1,ok,0,0,0,0,5033,1,1,20.9599,4551,56817,105498,1,42.4125,4551,123747,254137,617.775,1.68904e+06,4263
5,14,12044454,2416847,4675,145,7820,3.74615,8.13444,4990,-1,ok,0,0,0,0,4989,1,1,21.4026,4689,62512,106106,1,34.9487,4675,82848,269244,275.604,835345,4675
5,15,7549516,3032970,3582,115,6015,2.85607,6.74166,3995,-1,ok,0,0,0,0,3994,1,1,20.5658,3602,53862,77242,1,49.745,3602,147691,212683,662.127,1.81662e+06,3582
5,16,12927868,12892271,2462,79,2799,1.42297,3.24585,2547,-1,ok,0,0,0,0,2546,1,1,11.7241,2462,53824,63670,1,30.8246,2462,142773,171670,86.7652,288014,2462
5,17,9833831,12288662,2580,82,3163,1.42175,4.65541,2901,-1,ok,0,0,0,0,2900,1,1,2.02714,2580,3650,64463,1,1.9466,2580,6704,177497,1.70111,2590,2580
5,18,6814149,9852082,1202,38,1190,0.556168,2.48631,1275,-1,ok,0,0,0,0,1274,1,1,1.59686,1202,1202,30996,1,1.10466,1202,1665,79074,5.3299,14274,1202
5,19,9528140,2664047,3318,104,4915,1.82529,5.4672,3679,-1,ok,0,0,0,0,3678,1,1,22.5901,3372,66758,75434,1,44.941,3372,150747,183011,205.478,619476,3318
5,20,6495471,7529905,2441,78,4519,2.01944,3.27595,2794,-1,ok,0,0,0,0,2793,1,1,6.71631,2473,27403,56838,1,15.6564,2441,77092,145544,187.861,487683,2441
5,21,12325382,10067215,1607,51,1116,0.569623,3.15074,1850,-1,ok,0,0,0,0,1849,1,1,2.51346,1607,5081,36364,1,2.53309,1607,9013,90162,4.00548,9051,1607
5,22,3585937,1775879,2463,79,2566,1.15255,3.6225,2612,-1,ok,0,0,0,0,2611,1,1,6.40451,2517,27836,60359,1,14.5797,2517,69198,162804,1.27836,2463,2463
5,23,11721680,9491931,1321,43,1046,0.458868,2.60661,1540,-1,ok,0,0,0,0,1539,1,1,2.44378,1321,4274,28062,1,2.71401,1321,9386,63377,7.97844,33344,1321
5,24,3621375,11317103,3740,118,7708,3.20529,5.78814,4025,-1,ok,0,0,0,0,4024,1,1,21.6878,3754,51145,77111,1,51.356,3740,133582,205997,598.555,1.19993e+06,3740
5,25,5575100,6646560,1919,62,3508,1.6339,2.77452,2100,-1,ok,0,0,0,0,2099,1,1,9.09196,1919,31977,40532,1,18.4601,1919,77217,101965,82.6612,241544,1919
5,26,6158980,12807081,2860,90,4312,1.96294,7.03091,3043,-1,ok,0,0,0,0,3042,1,1,5.84052,2860,8439,62384,1,4.89907,2860,15366,162003,45.9316,142266,2860
5,27,11764863,10921693,884,28,1001,0.456292,1.37252,987,-1,ok,0,0,0,0,986,1,1,3.78389,908,15323,20726,1,8.39507,908,37709,64506,13.6072,61102,884
5,28,10694273,1537590,4589,145,7988,3.23696,7.30738,5044,-1,ok,0,0,0,0,5043,1,1,26.4974,4643,78377,106557,1,72.7667,4643,184057,269763,442.466,1.1922e+06,4589
5,29,12581368,7643768,4098,128,5967,3.30536,6.52216,4293,-1,ok,0,0,0,0,4292,1,1,30.5455,4098,77011,96999,1,86.9795,4098,212664,259826,792.025,1.91099e+06,4098
5,30,13030402,12409999,2438,78,3766,2.037,3.58623,2595,-1,ok,0,0,0,0,2594,1,1,15.1828,2438,38393,55100,1,40.6511,2438,92736,157302,35.0093,121103,2438
5,31,12223295,6275531,3837,121,5918,3.16775,7.06525,4216,-1,ok,0,0,0,0,4215,1,1,36.606,3923,86498,86823,1,98.8401,3845,215711,227623,632.427,1.64996e+06,3837
5,32,5623637,12139279,3038,95,6387,2.92487,6.19845,3397,-1,ok,0,0,0,0,3396,1,1,9.72665,3038,29539,63427,1,17.7264,3038,74337,159856,289.478,882190,3038
5,33,8035053,1444783,3156,100,6083,2.73511,5.3154,3487,-1,ok,0,0,0,0,3486,1,1,17.082,3162,46645,81867,1,46.5816,3156,114854,220865,475.836,1.0506e+06,3156
5,34,2880048,10213702,3461,109,5274,2.37385,5.92749,3846,-1,ok,0,0,0,0,3845,1,1,22.2628,3515,71322,78215,1,51.5549,3515,164717,195048,267.98,806170,3461
5,35,1385201,11261247,4005,127,6339,3.08763,9.48748,4416,-1,ok,0,0,0,0,4415,1,1,15.3274,4059,43673,94386,1,37.2975,4059,107322,231882,383.697,891402,4005
5,36,6948283,3518629,1448,47,1816,0.858093,2.96358,1671,-1,ok,0,0,0,0,1670,1,1,13.6219,1448,29403,37917,1,25.3126,1448,67672,93853,114.457,242475,1448
5,37,13034387,859878,5685,179,8627,4.01674,10.2635,6198,-1,ok,0,0,0,0,6197,1,1,30.3109,5685,91174,135477,1,75.0994,5685,229983,339212,1227.4,2.44682e+06,5685
5,38,1686729,1918309,506,17,401,0.266627,1.01604,533,-1,ok,0,0,0,0,532,1,1,0.1975,506,506,15399,1,0.141544,506,506,44468,0.191627,506,506
5,39,2222597,11499473,5854,187,8326,3.16463,8.48484,6303,-1,ok,0,0,0,0,6302,1,1,40.1169,5894,99637,134211,1,92.8603,5880,242713,341214,1836.85,3.54492e+06,5854
5,40,5141411,11134502,4288,136,7939,3.80259,8.17894,4841,-1,ok,0,0,0,0,4840,1,1,24.0659,4298,68320,94548,1,59.7185,4298,163397,249787,1129.26,2.29801e+06,4288
5,41,12465838,7448178,2144,67,2173,1.03133,4.65316,2283,-1,ok,0,0,0,0,2282,1,1,10.7529,2144,27188,53690,1,26.6329,2144,71756,139387,266.81,527518,2144
5,42,10661203,8840327,3818,121,6822,3.13111,6.08209,4177,-1,ok,0,0,0,0,4176,1,1,12.9459,3818,46866,87975,1,28.1976,3818,114906,226090,844.592,1.87552e+06,3818
5,43,9236823,3376857,2492,80,3153,1.65873,4.48851,2761,-1,ok,0,0,0,0,2760,1,1,19.6404,2492,54097,60633,1,46.3799,2492,127057,147164,192.984,426303,2492
5,44,6505621,5115520,816,27,597,0.344872,1.82148,943,-1,ok,0,0,0,0,942,1,1,1.10978,816,2896,18749,1,2.79813,816,8412,49453,5.13271,18883,816
5,45,7224318,3455553,1884,61,2846,1.23042,2.9116,2037,-1,ok,0,0,0,0,2036,1,1,12.1779,1884,31684,51145,1,22.4572,1884,71866,129506,160.559,351645,1884
5,46,3577892,1190856,1756,56,2173,0.979038,3.10912,1965,-1,ok,0,0,0,0,1964,1,1,2.86693,1810,7935,38860,1,3.79093,1810,15868,102085,2.67897,5947,1756
5,47,3204941,3810580,2880,91,4014,1.46327,2.73066,3173,-1,ok,0,0,0,0,3172,1,1,10.3491,2934,48041,58234,1,26.7192,2934,118630,165043,153.437,532935,2880
5,48,4180108,8576223,2054,66,3736,1.72051,5.0224,2227,-1,ok,0,0,0,0,2226,1,1,4.62812,2054,12063,55117,1,4.59312,2054,21364,134982,28.6896,75250,2054
5,49,12353729,2809446,3785,120,6114,2.56223,6.05345,4156,-1,ok,0,0,0,0,4155,1,1,29.2284,3847,80947,89021,1,76.9621,3847,188815,220922,458.295,1.08715e+06,3785
5,50,8395975,2625599,2116,68,3836,1.95104,4.198,2475,-1,ok,0,0,0,0,2474,1,1,19.7392,2136,38048,49384,1,37.5599,2136,88133,145207,13.2614,38786,2116
5,51,5493528,7925047,1515,48,1587,0.750191,2.66888,1672,-1,ok,0,0,0,0,1671,1,1,1.38323,1515,1848,31957,1,1.79659,1515,4168,81621,6.34598,14291,1515
5,52,9212910,11487380,2518,81,4011,1.62174,3.67508,2779,-1,ok,0,0,0,0,2778,1,1,15.2434,2518,45899,49438,1,36.6767,2518,120305,131046,396.233,942143,2518
5,53,12285366,6402468,2738,86,4014,1.96464,5.29168,2999,-1,ok,0,0,0,0,2998,1,1,10.8116,2738,29028,55922,1,24.474,2738,76763,148581,247.964,526630,2738
5,54,6487042,3141638,3876,124,6948,3.09159,5.07567,4245,-1,ok,0,0,0,0,4244,1,1,25.1145,3950,77072,80742,1,67.2758,3950,207162,230606,507.059,1.45507e+06,3876
5,55,8016532,6159621,865,28,982,0.488301,2.6226,958,-1,ok,0,0,0,0,957,1,1,1.64031,881,3488,23146,1,2.93459,881,12451,64067,8.53035,27820,865
5,56,5515103,10522115,2043,65,3529,1.42199,5.24985,2288,-1,ok,0,0,0,0,2287,1,1,15.5154,2061,45283,47419,1,37.0891,2043,112555,122838,287.17,571096,2043
5,57,2476815,12608832,4271,135,7024,3.40489,9.23528,4748,-1,ok,0,0,0,0,4747,1,1,36.1747,4295,92914,99951,1,104.523,4295,259213,278936,695.517,1.57225e+06,4271
5,58,12456431,7340845,2238,70,2782,1.43895,5.42584,2375,-1,ok,0,0,0,0,2374,1,1,14.4175,2238,47309,52278,1,41.1165,2238,120581,135349,124.735,379863,2238
5,59,922742,2055692,666,23,447,0.259685,1.98429,783,-1,ok,0,0,0,0,782,1,1,1.17685,666,2146,16334,1,0.400048,666,666,41788,0.823727,666,666
5,60,11194911,9705957,3585,113,4161,1.8377,5.08136,4096,-1,ok,0,0,0,0,4095,1,1,13.9804,3589,52300,77516,1,41.2298,3589,142193,214081,400.647,1.39977e+06,3585
5,61,6036526,5702403,1491,48,2720,1.26469,1.95001,1682,-1,ok,0,0,0,0,1681,1,1,5.18881,1491,14750,44397,1,7.8474,1491,35219,124973,15.0711,62773,1491
5,62,11101203,2544770,3426,108,5497,2.25148,5.56488,3767,-1,ok,0,0,0,0,3766,1,1,22.9968,3480,71335,78578,1,57.2167,3480,163120,193247,284.81,784499,3426
5,63,5493528,5459277,708,24,574,0.328793,1.08034,799,-1,ok,0,0,0,0,798,1,1,3.39845,750,17500,22267,1,0.163195,708,708,54721,0.164818,708,708
5,64,2388947,10947782,3371,106,4674,1.96376,6.10663,3644,-1,ok,0,0,0,0,3643,1,1,9.94259,3371,25448,83940,1,17.671,3371,64708,214016,228.886,614141,3371
5,65,7831705,6396759,719,24,699,0.334385,1.42062,836,-1,ok,0,0,0,0,835,1,1,0.890652,723,2340,21898,1,3.38283,723,10015,61688,0.516174,830,719
5,66,842069,12916554,4284,136,5849,2.28623,8.12986,4577,-1,ok,0,0,0,0,4576,1,1,38.9194,4284,104458,107380,1,108.865,4284,252482,265500,403.857,1.10706e+06,4284
5,67,4850422,11280298,4704,148,8277,3.74944,7.3665,5111,-1,ok,0,0,0,0,5110,1,1,28.9803,4718,93223,107468,1,80.042,4704,227374,282587,818.145,2.05978e+06,4704
5,68,11488163,10653983,1116,36,996,0.551418,2.08086,1271,-1,ok,0,0,0,0,1270,1,1,0.616712,1116,1218,26601,1,0.414565,1116,1390,71788,3.45727,13862,1116
5,69,7579596,8228212,230,7,65,0.041467,0.603056,275,-1,ok,0,0,0,0,274,1,1,0.301343,230,230,6607,1,0.058019,230,230,18424,0.229769,230,230
5,70,12001610,2787829,4759,152,7664,2.87295,6.83264,5494,-1,ok,0,0,0,0,5493,1,1,41.0914,4759,100779,112281,1,104.473,4759,257569,292882,900.329,1.99921e+06,4759
5,71,5742610,2055291,1316,42,2383,1.32193,2.62814,1465,-1,ok,0,0,0,0,1464,1,1,3.03009,1316,5628,34811,1,3.37326,1316,10694,90381,12.335,47787,1316
5,72,11880582,8295471,3634,116,5051,2.14114,4.75985,4117,-1,ok,0,0,0,0,4116,1,1,20.1464,3634,78786,87316,1,48.4299,3634,205548,232658,326.786,955187,3634
5,73,10473387,2457266,4575,144,7851,3.48982,7.52924,4890,-1,ok,0,0,0,0,4889,1,1,30.0505,4575,97457,113710,1,78.4248,4575,239680,284152,1130.47,2.73263e+06,4575
5,74,5956582,6913395,1978,65,2402,1.17339,2.88727,2301,-1,ok,0,0,0,0,2300,1,1,4.80008,2006,20055,38891,1,8.43947,2006,42361,95453,61.724,235499,1978
5,75,6219946,5564489,847,28,1173,0.539969,0.936398,932,-1,ok,0,0,0,0,931,1,1,0.375422,847,912,23964,1,0.275394,847,858,63051,2.08089,5398,847
5,76,2081440,12382609,4688,147,7802,3.04496,7.40213,5043,-1,ok,0,0,0,0,5042,1,1,42.2209,4688,87240,106795,1,102.145,4688,220137,285849,1285.71,2.38355e+06,4688
5,77,1691073,3744093,1693,53,2002,0.898156,2.41335,1800,-1,ok,0,0,0,0,1799,1,1,7.4952,1723,31299,38851,1,16.251,1723,76077,117952,79.1528,261092,1693
5,78,8817198,3986522,2108,67,3791,1.68147,3.83623,2315,-1,ok,0,0,0,0,2314,1,1,2.94257,2108,2819,57567,1,1.2372,2108,2108,150584,2.67156,2126,2108
5,79,7948753,9167683,453,15,339,0.136104,1.03461,532,-1,ok,0,0,0,0,531,1,1,0.468874,453,453,14208,1,0.238676,453,453,40725,0.582749,1008,453
5,80,5933167,1809128,2017,64,3981,1.38882,3.06276,2350,-1,ok,0,0,0,0,2349,1,1,3.70872,2017,8594,52996,1,4.91714,2017,17566,129438,10.0495,28899,2017
5,81,6966816,6407311,457,16,352,0.137267,0.856829,604,-1,ok,0,0,0,0,603,1,1,0.390289,463,487,10252,1,0.193602,457,460,24464,0.6373,460,457
5,82,2476107,12023992,4640,148,6620,2.31187,7.01835,5139,-1,ok,0,0,0,0,5138,1,1,29.8945,4656,74389,107321,1,85.6244,4656,192322,292560,613.095,1.39914e+06,4640
5,83,4767722,2408797,4057,129,7554,3.36548,6.37501,4408,-1,ok,0,0,0,0,4407,1,1,17.9283,4111,78639,91343,1,52.3631,4111,204303,242245,327.993,1.10799e+06,4057
5,84,3731350,7191902,4549,146,7230,3.22974,5.4653,4942,-1,ok,0,0,0,0,4941,1,1,15.8031,4577,59822,97066,1,32.9058,4577,137237,253582,312.816,1.07623e+06,4549
5,85,7691974,1423542,4300,149,8512,4.18305,6.85044,5155,-1,ok,0,0,0,0,5154,1,1,27.5159,4634,83487,109808,1,66.8901,4634,195982,274440,512.804,1.23304e+06,4300
5,86,12485877,3126737,5189,163,7798,3.78883,7.78738,5748,-1,ok,0,0,0,0,5747,1,1,35.4556,5203,102711,128141,1,91.537,5189,269619,329872,1590.25,3.38136e+06,5189
5,87,6909604,7200447,137,6,49,0.11185,0.750972,236,-1,ok,0,0,0,0,235,1,1,0.196598,137,137,5342,1,0.073508,137,137,13804,0.146064,137,137
5,88,3904717,10577072,2759,88,5664,2.32157,5.71054,3074,-1,ok,0,0,0,0,3073,1,1,18.8111,2759,56183,71513,1,46.9123,2759,140053,185385,322.374,886951,2759
5,89,8340124,3901242,2357,76,4143,2.00975,4.74759,2728,-1,ok,0,0,0,0,2727,1,1,4.00505,2379,9954,56335,1,4.39352,2379,17003,145805,1.55211,2357,2357
5,90,4075443,11878759,2915,93,5013,2.06577,5.01763,3178,-1,ok,0,0,0,0,3177,1,1,16.1354,2931,32719,66443,1,31.0357,2931,81791,185744,257.334,675222,2915
5,91,9913504,3945960,2821,90,4591,2.29986,4.81665,3120,-1,ok,0,0,0,0,3119,1,1,5.56096,2821,11359,66372,1,6.71648,2821,25960,174493,20.0898,53787,2821
5,92,7849946,5842851,2633,83,3827,1.64126,3.5322,3010,-1,ok,0,0,0,0,3009,1,1,8.29247,2653,33140,51141,1,15.1327,2639,73294,139989,43.1953,167520,2633
5,93,2178665,5515989,2531,81,4162,1.77398,3.69458,2742,-1,ok,0,0,0,0,2741,1,1,18.2492,2553,45194,56515,1,36.8486,2531,113515,154828,332.035,881538,2531
5,94,10144368,3695934,2736,87,4330,2.14329,5.02479,2945,-1,ok,0,0,0,0,2944,1,1,4.17318,2736,4916,72085,1,5.63184,2736,14449,187156,9.33794,23955,2736
5,95,6149849,6790259,1164,37,1121,0.464936,1.48143,1285,-1,ok,0,0,0,0,1284,1,1,1.70016,1164,6702,27507,1,2.49963,1164,12752,74242,10.3852,40412,1164
5,96,12359415,9961757,1197,39,977,0.386521,2.43017,1340,-1,ok,0,0,0,0,1339,1,1,1.45742,1197,1230,26440,1,1.2386,1197,2904,66661,1.74286,2912,1197
5,97,12611329,8437561,4181,133,6310,2.33822,3.95415,4492,-1,ok,0,0,0,0,4491,1,1,22.0531,4181,86576,104976,1,61.1096,4181,231409,279760,737.875,1.88045e+06,4181
5,98,1865682,9892253,3390,106,5838,2.60428,6.0593,3673,-1,ok,0,0,0,0,3672,1,1,34.0742,3390,72011,85254,1,72.6231,3390,162896,226642,375.596,849145,3390
5,99,6903382,7042632,3042,97,6766,3.54562,3.68017,3271,-1,ok,0,0,0,0,3270,1,1,4.72298,3042,20991,65269,1,8.324,3042,43397,179288,65.8671,243725,3042
5,100,6037001,13035985,3913,124,8521,3.61201,5.5883,4222,-1,ok,0,0,0,0,4221,1,1,30.8895,3913,86271,88353,1,82.4953,3913,221256,229427,739.949,1.44693e+06,3913
5,101,11432291,5361289,3782,121,6341,3.08005,6.57735,4269,-1,ok,0,0,0,0,4268,1,1,8.10145,3782,21981,83705,1,12.4597,3782,50615,219213,37.7457,141371,3782
5,102,2095814,12208510,5712,181,8224,3.34621,8.83492,6271,-1,ok,0,0,0,0,6270,1,1,48.384,5726,122364,130893,1,132.819,5712,307330,335872,1037.9,2.30774e+06,5712
5,103,3721245,10043794,1835,58,2955,1.42041,4.30744,1958,-1,ok,0,0,0,0,1957,1,1,9.32406,1851,21665,49204,1,15.4333,1851,48853,144221,11.7852,26732,1835
5,104,1875949,12219863,5866,185,8423,3.41156,8.56542,6297,-1,ok,0,0,0,0,6296,1,1,43.1652,5880,109446,134517,1,110.512,5866,262173,346471,1005.84,2.27646e+06,5866
5,105,5433877,7370783,2174,69,4153,1.91509,3.26879,2411,-1,ok,0,0,0,0,2410,1,1,1.85167,2174,3863,43909,1,1.88855,2174,4860,129148,1.07998,2174,2174
5,106,6966746,1889450,2024,70,3660,1.57517,4.09338,2439,-1,ok,0,0,0,0,2438,1,1,12.6393,2154,28525,50601,1,19.7428,2154,63473,123050,115.437,273751,2024
5,107,12074479,9935930,3204,102,3831,1.55635,3.77941,3419,-1,ok,0,0,0,0,3418,1,1,19.2464,3204,76758,80066,1,57.3197,3204,216216,224828,408.927,1.10555e+06,3204
5,108,8171471,10094437,1272,40,849,0.362146,2.35645,1413,-1,ok,0,0,0,0,1412,1,1,2.41151,1272,8492,28047,1,3.15135,1272,14990,66610,5.07194,18368,1272
5,109,1583977,12290737,4150,131,5847,2.40205,6.6774,4551,-1,ok,0,0,0,0,4550,1,1,36.2712,4150,80846,107859,1,96.7292,4150,198356,281901,562.282,1.05151e+06,4150
5,110,8541711,3431022,2128,69,3957,1.86618,4.81773,2535,-1,ok,0,0,0,0,2534,1,1,15.3475,2166,45098,55979,1,26.9233,2166,99642,137408,194.867,449522,2128
5,111,945097,9503748,3693,123,5729,2.53724,9.63913,4146,-1,ok,0,0,0,0,4145,1,1,28.31,3831,83094,86496,1,77.8071,3825,215378,223868,364.806,984494,3693
5,112,3658695,5318513,1491,48,2259,1.07232,2.54617,1642,-1,ok,0,0,0,0,1641,1,1,5.06075,1513,16444,31769,1,16.6975,1491,59899,96125,52.3596,151380,1491
5,113,2754585,3947626,401,14,274,0.141484,2.48367,456,-1,ok,0,0,0,0,455,1,1,0.572699,401,401,14048,1,0.374157,401,401,39479,0.4842,401,401
5,114,10502174,11667585,3041,97,4252,1.80828,3.90816,3464,-1,ok,0,0,0,0,3463,1,1,9.76405,3041,39330,63694,1,21.3906,3041,87389,171913,55.8698,229544,3041
5,115,10268480,11331403,3940,124,6820,2.95279,6.35892,4429,-1,ok,0,0,0,0,4428,1,1,16.4765,3940,61506,78712,1,64.6954,3940,169047,196760,1328.79,2.25105e+06,3940
5,116,7825845,1762847,4321,136,8399,3.88117,5.95081,4484,-1,ok,0,0,0,0,4483,1,1,24.613,4353,62829,113792,1,52.8764,4351,147864,321470,224.179,584214,4321
5,117,3362086,11653233,3339,105,4726,2.12732,5.99559,3612,-1,ok,0,0,0,0,3611,1,1,27.5124,3339,61243,81171,1,57.1723,3339,140142,204525,459.986,835072,3339
5,118,10389453,7350623,1413,45,1459,0.746934,2.93567,1572,-1,ok,0,0,0,0,1571,1,1,4.56505,1413,19665,33991,1,10.7881,1413,47068,90694,50.9828,154150,1413
5,119,4506435,6736068,887,29,786,0.392673,2.43806,1088,-1,ok,0,0,0,0,1087,1,1,1.36796,887,1476,21754,1,1.08462,887,2959,55485,2.63306,6190,887
5,120,5929329,12497247,3028,94,6139,2.56404,5.32811,3219,-1,ok,0,0,0,0,3218,1,1,18.7744,3028,60316,62980,1,46.6203,3028,146180,158842,410.68,1.15168e+06,3028
5,121,12410185,7574644,2088,66,1686,0.782752,3.80885,2153,-1,ok,0,0,0,0,2152,1,1,17.439,2088,51074,52778,1,37.0445,2088,122027,134122,246.638,589758,2088
5,122,12229428,5440651,2956,93,4693,2.05818,6.03451,3221,-1,ok,0,0,0,0,3220,1,1,11.1641,2956,28255,62375,1,23.585,2956,74970,167409,243.583,518526,2956
5,123,1780250,9157158,3337,106,5571,2.76082,5.92207,3674,-1,ok,0,0,0,0,3673,1,1,15.1284,3373,43894,82600,1,38.0647,3367,119423,225372,293.367,700833,3337
5,124,11302776,5692962,4744,149,8047,4.00528,6.04112,5053,-1,ok,0,0,0,0,5052,1,1,26.2217,4758,100532,107461,1,70.7396,4744,267012,288467,403.435,1.2234e+06,4744
5,125,1768886,1792417,1169,39,1346,0.71829,1.71074,1266,-1,ok,0,0,0,0,1265,1,1,0.221514,1169,1169,39605,1,0.272679,1169,1169,118501,0.281856,1169,1169
5,126,9050045,1934388,5350,172,8489,3.41719,8.90834,6007,-1,ok,0,0,0,0,6006,1,1,31.9991,5402,87956,112256,1,77.5284,5378,201504,273621,641.135,1.32145e+06,5350
5,127,1820605,6200831,1903,60,2685,1.30068,3.98025,2126,-1,ok,0,0,0,0,2125,1,1,9.96683,1903,24568,47711,1,24.6376,1903,63907,124625,160.204,320298,1903
5,128,10430467,2988856,2977,93,3535,1.7953,5.01037,3270,-1,ok,0,0,0,0,3269,1,1,15.4511,2977,46765,71634,1,36.8623,2977,120417,180170,230.753,601563,2977
5,129,2439228,6156068,1623,53,2352,1.21881,3.15781,1942,-1,ok,0,0,0,0,1941,1,1,8.9235,1623,25642,48864,1,18.8397,1623,59373,124916,99.7693,215848,1623
5,130,1319267,7253584,2673,86,2274,0.945345,4.7733,3122,-1,ok,0,0,0,0,3121,1,1,16.0848,2701,51601,64333,1,44.9385,2701,124841,158905,344.702,835410,2673
5,131,7196925,2454290,2503,80,5310,2.71987,4.48966,2848,-1,ok,0,0,0,0,2847,1,1,17.5359,2503,53288,58168,1,44.0061,2503,132494,149212,347.178,844661,2503
5,132,13030402,3456903,3403,108,5502,3.01897,6.13513,3670,-1,ok,0,0,0,0,3669,1,1,20.976,3419,44270,78887,1,47.4579,3419,118805,220138,202.871,421598,3403
5,133,4224358,1052088,1611,54,2149,1.03765,3.38451,1930,-1,ok,0,0,0,0,1929,1,1,5.60208,1631,15750,36311,1,11.426,1631,45531,105241,64.9762,192084,1611
5,134,12080206,7454087,2122,66,2479,1.13292,3.69957,2369,-1,ok,0,0,0,0,2368,1,1,13.4634,2122,35820,41043,1,30.4514,2122,90222,106710,194.761,455871,2122
5,135,2068522,1574689,1869,59,1844,0.961805,2.3621,1972,-1,ok,0,0,0,0,1971,1,1,1.23344,1869,4339,56665,1,0.55192,1869,1965,164712,4.05562,18429,1869
5,136,10842340,7134907,3574,124,6337,2.74222,5.46386,4243,-1,ok,0,0,0,0,4242,1,1,23.1788,3936,73191,79385,1,53.4382,3936,182450,198527,281.183,779570,3574
5,137,2045569,12750493,5410,172,8615,3.65301,8.21954,5905,-1,ok,0,0,0,0,5904,1,1,42.5964,5448,113229,128713,1,123.645,5448,323856,363358,1042.1,2.3517e+06,5410
5,138,1691283,1726949,1624,52,1940,0.972616,1.54649,1677,-1,ok,0,0,0,0,1676,1,1,0.396901,1624,1624,53248,1,0.462966,1624,1624,160724,0.388726,1624,1624
5,139,2267658,6664151,2812,90,4285,1.60263,4.99822,3167,-1,ok,0,0,0,0,3166,1,1,23.5937,2826,64584,66953,1,56.2237,2812,154344,166802,322.528,760437,2812
5,140,5981077,11521702,3639,115,7634,3.78957,6.90883,4102,-1,ok,0,0,0,0,4101,1,1,25.7592,3639,66170,76265,1,54.8254,3639,161645,197677,818.913,1.60599e+06,3639
5,141,6905897,5956763,2217,72,3697,1.94309,3.08494,2510,-1,ok,0,0,0,0,2509,1,1,9.6969,2245,39179,45906,1,21.9654,2245,94312,114063,157.262,453616,2217
5,142,3746090,7542891,3910,127,5877,2.98594,5.37184,4343,-1,ok,0,0,0,0,4342,1,1,13.4749,3938,51914,89327,1,33.8797,3938,130342,215800,345.178,1.10748e+06,3910
5,143,927918,6543619,4456,153,6226,2.71765,7.22076,5437,-1,ok,0,0,0,0,5436,1,1,26.5,4828,98760,108767,1,78.6471,4796,233276,281995,596.647,1.80035e+06,4456
5,144,6931863,7093569,2051,66,3646,1.69203,2.80959,2306,-1,ok,0,0,0,0,2305,1,1,10.9987,2079,42908,46628,1,23.633,2079,102405,118594,144.666,395111,2051
5,145,2568120,12342319,3661,116,5076,2.6529,7.25024,4018,-1,ok,0,0,0,0,4017,1,1,11.5913,3661,31961,92887,1,22.7006,3661,86453,237027,209.938,604117,3661
5,146,7908353,11618893,3471,111,6263,2.79664,5.32232,3958,-1,ok,0,0,0,0,3957,1,1,17.6456,3481,52969,71496,1,39.4626,3481,121750,191059,582.137,1.32036e+06,3471
5,147,11438432,11802298,2485,80,4353,2.19767,3.2612,2944,-1,ok,0,0,0,0,2943,1,1,3.87759,2485,19138,56950,1,7.6373,2485,38510,166319,18.9371,78872,2485
5,148,2413893,1006952,1862,59,2238,0.983145,2.33787,1911,-1,ok,0,0,0,0,1910,1,1,1.15259,1862,1879,45859,1,0.787141,1862,2013,117782,23.8608,98220,1862
5,149,11409007,1162795,5579,189,8659,3.18132,8.32559,6446,-1,ok,0,0,0,0,6445,1,1,36.081,5983,94275,125332,1,76.9096,5983,227148,317274,1116.59,2.52929e+06,5579
5,150,9700992,2679266,4304,137,7823,3.52423,6.62057,4703,-1,ok,0,0,0,0,4702,1,1,31.9209,4320,71445,102492,1,87.3143,4320,204324,288690,860.983,1.90517e+06,4304
5,151,9872155,9787811,2375,75,3094,1.50303,3.60299,2536,-1,ok,0,0,0,0,2535,1,1,5.84634,2375,23608,49707,1,11.8005,2375,60506,128570,163.655,543802,2375
5,152,11614672,3408954,4147,129,6507,2.73262,6.91103,4490,-1,ok,0,0,0,0,4489,1,1,29.9931,4147,74293,86064,1,73.6328,4147,191261,231950,401.068,942950,4147
5,153,9981629,11181633,734,24,487,0.303226,1.74122,811,-1,ok,0,0,0,0,810,1,1,0.595491,734,741,18206,1,0.420364,734,1211,49330,0.91023,2644,734
5,154,3718171,9615151,2308,73,4734,2.05415,4.33545,2445,-1,ok,0,0,0,0,2444,1,1,15.1703,2324,43872,60245,1,27.7523,2324,80252,165162,44.352,117050,2308
5,155,3415323,8103407,3865,122,6254,2.83566,6.80229,4308,-1,ok,0,0,0,0,4307,1,1,21.8379,3905,71512,76070,1,55.1102,3891,178656,191420,850.329,1.93331e+06,3865
5,156,11110265,1067659,3702,118,6512,2.96952,7.33058,3895,-1,ok,0,0,0,0,3894,1,1,17.7746,3718,35102,93457,1,35.7999,3718,95321,254537,113.669,306943,3702
5,157,6280476,9981769,2220,69,3336,1.75077,4.21661,2295,-1,ok,0,0,0,0,2294,1,1,10.5405,2220,31459,46737,1,21.1688,2220,80254,123106,142.019,374362,2220
5,158,6643578,8204315,3641,116,6179,3.1634,4.72919,4042,-1,ok,0,0,0,0,4041,1,1,18.3525,3657,73224,74647,1,49.8825,3641,195952,207532,584.807,1.69089e+06,3641
5,159,9685005,4585715,4747,149,8240,4.10679,6.17847,5050,-1,ok,0,0,0,0,5049,1,1,21.5845,4761,82508,110358,1,70.4494,4747,223247,291270,154.732,544077,4747
5,160,12831341,2638895,3950,123,5102,2.67154,7.06648,4263,-1,ok,0,0,0,0,4262,1,1,38.5228,3950,80326,98702,1,98.1475,3950,205872,257287,597.131,1.15889e+06,3950
5,161,8783825,10724143,3006,96,4714,2.17338,4.89888,3619,-1,ok,0,0,0,0,3618,1,1,16.2542,3006,53554,61783,1,35.4911,3006,123908,161887,453.434,1.04124e+06,3006
5,162,6714674,4622259,3743,120,6651,2.96721,4.41455,4032,-1,ok,0,0,0,0,4031,1,1,20.6501,3771,71215,74801,1,52.4689,3771,184815,199195,452.765,1.18349e+06,3743
5,163,11574983,7241695,3374,107,3870,2.15627,5.24244,3621,-1,ok,0,0,0,0,3620,1,1,20.1435,3422,71621,74472,1,55.2741,3422,181413,195804,478.758,1.40372e+06,3374
5,164,6726695,10401558,1931,62,3700,1.95394,3.64632,2124,-1,ok,0,0,0,0,2123,1,1,2.35229,1931,3037,49398,1,1.50315,1931,3793,130518,8.16176,26397,1931
5,165,6217776,4562577,639,22,534,0.218978,1.34892,786,-1,ok,0,0,0,0,785,1,1,2.57903,639,5956,15155,1,3.5604,639,13787,41874,10.284,27158,639
5,166,3978333,2704630,2039,66,3167,1.26824,2.52795,2242,-1,ok,0,0,0,0,2241,1,1,7.33944,2039,25307,41035,1,17.4627,2039,73738,118627,138.535,392855,2039
5,167,7528628,10723775,1234,38,1461,0.685801,3.22624,1327,-1,ok,0,0,0,0,1326,1,1,3.83319,1234,6371,26481,1,5.24328,1234,17585,70584,10.7323,34410,1234
5,168,9735496,1569903,4003,127,7598,3.26845,6.11325,4314,-1,ok,0,0,0,0,4313,1,1,30.7822,4003,92991,101478,1,84.8893,4003,231067,256818,571.64,1.47875e+06,4003
5,169,998082,9272687,4329,137,7177,3.20465,7.1189,4698,-1,ok,0,0,0,0,4697,1,1,20.8226,4335,75230,115717,1,63.2186,4329,205470,314593,469.893,1.22984e+06,4329
5,170,1321918,2206629,1412,45,1644,0.701059,2.28181,1505,-1,ok,0,0,0,0,1504,1,1,1.50988,1412,4438,44373,1,1.75095,1412,5126,120152,7.07476,22846,1412
5,171,6659965,11150045,3320,104,7706,2.94516,5.54385,3733,-1,ok,0,0,0,0,3732,1,1,18.9716,3320,54266,76485,1,42.5163,3320,129340,199369,386.435,805546,3320
5,172,3731435,7767988,2384,80,2146,1.0234,4.26743,2827,-1,ok,0,0,0,0,2826,1,1,14.5505,2462,52165,55193,1,30.9059,2462,119817,131430,110.916,434809,2384
5,173,3974805,958596,1638,52,2299,1.22511,2.60843,1731,-1,ok,0,0,0,0,1730,1,1,4.7283,1638,13024,38932,1,6.42981,1638,31560,103712,56.0857,182160,1638
5,174,2428329,5775613,2154,69,3043,1.21687,3.29267,2449,-1,ok,0,0,0,0,2448,1,1,7.70822,2154,28014,52801,1,17.27,2154,72949,141365,167.917,407779,2154
5,175,1714534,1242194,2738,86,2788,1.17987,2.38825,2769,-1,ok,0,0,0,0,2768,1,1,0.711709,2738,2738,85407,1,6.96375,2738,35018,254126,35.0552,161075,2738
5,176,2649840,6642272,1749,58,1822,0.636558,3.08692,2064,-1,ok,0,0,0,0,2063,1,1,8.96844,1781,30433,39707,1,17.1875,1781,70065,92754,135.589,355043,1749
5,177,6637665,3752951,3356,108,7309,3.14104,4.85656,3637,-1,ok,0,0,0,0,3636,1,1,16.7923,3384,62780,67697,1,38.6943,3384,143282,158717,824.022,1.48585e+06,3356
5,178,11854338,7380264,1910,60,2089,0.970672,3.55366,2121,-1,ok,0,0,0,0,2120,1,1,12.1487,1910,40549,44365,1,28.5509,1910,100538,113718,220.515,507075,1910
5,179,6799419,5675038,2708,87,4615,2.3896,3.32607,3045,-1,ok,0,0,0,0,3044,1,1,9.4053,2722,39742,60560,1,17.6448,2708,83537,162077,59.5715,165783,2708
5,180,4194887,1007631,1165,38,1323,0.632732,2.80499,1286,-1,ok,0,0,0,0,1285,1,1,10.4842,1165,22240,28264,1,20.0807,1165,59960,73872,58.1129,120379,1165
5,181,7226275,11473681,3653,117,7530,3.2741,5.80156,4314,-1,ok,0,0,0,0,4313,1,1,22.1951,3721,68556,74994,1,61.732,3721,168564,199261,720.545,1.38978e+06,3653
5,182,8300223,3253260,3863,125,7768,3.70714,5.95936,4242,-1,ok,0,0,0,0,4241,1,1,24.7453,3917,77383,80758,1,64.3802,3917,182901,194665,977.251,1.76125e+06,3863
5,183,1895748,929406,1049,36,1084,0.618966,2.63573,1180,-1,ok,0,0,0,0,1179,1,1,4.80241,1123,21357,22205,1,11.6207,1123,54711,64679,1.80057,6897,1049
5,184,10432828,11593598,2985,94,5639,2.51682,3.83877,3458,-1,ok,0,0,0,0,3457,1,1,8.19359,2985,25025,65813,1,9.79534,2985,47108,182292,154.139,340036,2985
5,185,3746090,7529905,1542,50,1624,0.731004,2.62228,1645,-1,ok,0,0,0,0,1644,1,1,6.67431,1542,16890,43023,1,10.5504,1542,42130,110080,52.9455,132200,1542
5,186,3253344,6964518,3608,114,6119,2.57733,4.66114,3707,-1,ok,0,0,0,0,3706,1,1,10.6257,3608,38310,82062,1,15.7837,3608,76319,226447,103.924,405263,3608
5,187,1483093,11345582,5249,179,8004,3.42215,8.72726,6034,-1,ok,0,0,0,0,6033,1,1,31.0236,5619,96904,119469,1,85.7324,5619,237629,293049,1203.47,2.85197e+06,5249
5,188,1769639,6419115,1907,60,2057,0.95894,3.81636,2106,-1,ok,0,0,0,0,2105,1,1,2.87053,1907,3829,44542,1,1.95417,1907,4249,110948,109.504,217722,1907
5,189,1953803,11588864,5915,188,8281,3.12024,8.81804,6552,-1,ok,0,0,0,0,6551,1,1,47.5432,5931,118183,133308,1,131.795,5931,308214,364605,1671.08,3.36397e+06,5915
5,190,10813718,4339117,2672,84,3594,1.57589,5.00523,2983,-1,ok,0,0,0,0,2982,1,1,6.61497,2672,8746,63532,1,13.1678,2672,31880,160775,27.2115,74422,2672
5,191,4139954,12718531,4668,147,8611,3.62339,9.07997,5297,-1,ok,0,0,0,0,5296,1,1,21.5089,4682,57236,97899,1,60.0689,4668,150854,258529,943.111,1.78919e+06,4668
5,192,11410131,12143449,1295,41,1504,0.740882,2.14018,1582,-1,ok,0,0,0,0,1581,1,1,0.645555,1295,2322,32386,1,0.341877,1295,1295,85416,4.16449,17021,1295
5,193,12955129,5083650,4479,139,5616,2.07329,6.55696,4884,-1,ok,0,0,0,0,4883,1,1,34.8007,4479,90275,91943,1,77.523,4479,213641,227609,442.757,1.12451e+06,4479
5,194,4034968,11166459,3294,104,6216,3.17985,6.04197,3515,-1,ok,0,0,0,0,3514,1,1,21.1982,3294,52732,74190,1,50.541,3294,130569,180794,795.453,1.6324e+06,3294
5,195,12321886,6473680,2881,90,3924,1.95134,5.10995,3090,-1,ok,0,0,0,0,3089,1,1,17.3754,2881,48755,60342,1,37.4139,2881,116351,146851,266.74,619922,2881
5,196,1431067,12748470,4263,135,6050,2.68114,7.8124,4704,-1,ok,0,0,0,0,4703,1,1,16.5119,4263,42472,109668,1,35.4544,4263,108104,279560,378.548,953149,4263
5,197,6895032,9886330,3072,95,6557,2.91545,4.62804,3281,-1,ok,0,0,0,0,3280,1,1,19.9364,3072,65780,67937,1,51.2465,3072,171498,177334,426.546,923632,3072
5,198,8039344,11409990,3078,96,5710,2.35925,4.92623,3453,-1,ok,0,0,0,0,3452,1,1,14.9169,3078,42638,60612,1,34.0022,3078,95105,157026,577.641,1.02139e+06,3078
5,199,3159648,2262293,1368,45,1487,0.71172,2.33894,1645,-1,ok,0,0,0,0,1644,1,1,2.0948,1368,6024,34961,1,6.35198,1368,23263,102056,32.9739,106266,1368
6,0,2010448,7813185,3537,56,1952,1.0277,8.43227,4276,-1,ok,0,0,0,0,4275,1,1,53.5727,3537,131870,157633,1,125.252,3537,268466,353442,244.532,580857,3537
6,1,12579166,9078023,1568,25,383,0.2087,3.70464,1981,-1,ok,0,0,0,0,1980,1,1,16.9589,1626,60144,62507,1,37.9197,1568,129060,168856,57.7561,207650,1568
6,2,1333590,4439595,1414,23,433,0.262109,3.54457,1635,-1,ok,0,0,0,0,1634,1,1,6.40271,1414,12299,65631,1,1.08037,1414,1414,171704,154.389,288056,1414
6,3,3773467,3914009,3647,59,2248,0.863091,5.82703,4462,-1,ok,0,0,0,0,4461,1,1,10.4129,3647,43842,147163,1,30.5468,3647,130313,414763,215.915,574921,3647
6,4,3313148,2503221,1216,18,358,0.208229,2.49713,1395,-1,ok,0,0,0,0,1394,1,1,2.23238,1232,10480,50113,1,7.76907,1232,34886,133342,34.4385,110721,1216
6,5,7140541,10774717,1925,33,1194,0.598416,4.57641,2476,-1,ok,0,0,0,0,2475,1,1,17.7854,1925,60302,98473,1,47.4163,1925,147249,252864,120.928,372598,1925
6,6,8187875,9706060,1310,21,530,0.292467,2.68779,1587,-1,ok,0,0,0,0,1586,1,1,4.79933,1310,21215,58863,1,6.57078,1310,31375,145966,19.8559,68186,1310
6,7,9627843,9885990,3738,58,2069,0.758156,6.47346,4737,-1,ok,0,0,0,0,4736,1,1,21.9553,3768,70665,134313,1,61.9274,3738,132910,380863,396.201,736103,3738
6,8,7658869,7341623,669,11,203,0.16607,1.72753,870,-1,ok,0,0,0,0,869,1,1,5.65191,713,23140,33653,1,11.1913,713,50073,100954,19.9913,89953,669
6,9,9079560,12955119,2601,42,1377,0.560767,6.27621,3478,-1,ok,0,0,0,0,3477,1,1,3.35283,2601,5629,97063,1,4.29682,2601,14580,220220,11.5012,39421,2601
6,10,3021799,6079542,2013,32,649,0.277157,3.52314,2476,-1,ok,0,0,0,0,2475,1,1,14.3336,2013,47690,73368,1,40.2348,2013,136650,182186,126.882,366918,2013
6,11,3809714,13009546,3762,62,1748,0.74468,8.46803,4583,-1,ok,0,0,0,0,4582,1,1,17.3946,3762,60916,188441,1,43.0485,3762,157033,439593,95.604,349019,3762
6,12,8103489,7107447,2089,33,587,0.350084,4.02869,2430,-1,ok,0,0,0,0,2429,1,1,10.8077,2109,48308,74406,1,17.5635,2109,86176,163338,75.6855,233890,2089
6,13,2332859,8426127,4263,72,2271,0.884011,9.04907,5478,-1,ok,0,0,0,0,5477,1,1,42.4025,4567,141358,194054,1,111.578,4539,311394,456101,617.775,1.68904e+06,4263
6,14,12044454,2416847,4675,73,2450,1.06589,8.81929,6056,-1,ok,0,0,0,0,6055,1,1,22.8399,4675,64635,213540,1,47.2523,4675,143744,480480,275.604,835345,4675
6,15,7549516,3032970,3582,56,1854,0.884221,6.81079,4019,-1,ok,0,0,0,0,4018,1,1,38.5449,3582,107160,149496,1,103.658,3582,263193,390358,662.127,1.81662e+06,3582
6,16,12927868,12892271,2462,41,904,0.429943,4.69715,3017,-1,ok,0,0,0,0,3016,1,1,9.13832,2462,47527,129458,1,33.3315,2462,151197,313655,86.7652,288014,2462
6,17,9833831,12288662,2580,41,941,0.52462,4.37528,3173,-1,ok,0,0,0,0,3172,1,1,11.6311,2582,43795,115198,1,2.18979,2580,7663,299628,1.70111,2590,2580
6,18,6814149,9852082,1202,20,427,0.209862,2.79378,1519,-1,ok,0,0,0,0,1518,1,1,1.93444,1202,2276,67742,1,1.85154,1202,6299,146523,5.3299,14274,1202
6,19,9528140,2664047,3318,54,1476,0.540469,5.81379,3931,-1,ok,0,0,0,0,3930,1,1,25.0401,3318,83425,144598,1,50.9383,3318,176034,330394,205.478,619476,3318
6,20,6495471,7529905,2441,39,1435,0.614186,3.72828,3174,-1,ok,0,0,0,0,3173,1,1,13.0027,2471,57969,110910,1,35.5756,2441,148189,278556,187.861,487683,2441
6,21,12325382,10067215,1607,26,359,0.202839,3.40698,2304,-1,ok,0,0,0,0,2303,1,1,2.5936,1607,6787,69351,1,1.30876,1607,3921,173515,4.00548,9051,1607
6,22,3585937,1775879,2463,40,771,0.288799,3.14779,2880,-1,ok,0,0,0,0,2879,1,1,1.67193,2463,3022,118363,1,1.1868,2463,4097,331703,1.27836,2463,2463
6,23,11721680,9491931,1321,22,343,0.156723,2.29597,1790,-1,ok,0,0,0,0,1789,1,1,12.7263,1371,44962,52662,1,4.56787,1321,18695,137741,7.97844,33344,1321
6,24,3621375,11317103,3740,60,2428,1.04965,6.17474,4575,-1,ok,0,0,0,0,4574,1,1,34.8907,3740,106925,166618,1,97.0518,3740,233186,363053,598.555,1.19993e+06,3740
6,25,5575100,6646560,1919,31,1079,0.563643,2.67362,2036,-1,ok,0,0,0,0,2035,1,1,15.6705,1919,64314,80564,1,33.2989,1919,120879,193761,82.6612,241544,1919
6,26,6158980,12807081,2860,45,1314,0.648411,5.8107,3169,-1,ok,0,0,0,0,3168,1,1,6.90949,2860,13487,114854,1,8.50626,2860,29625,319198,45.9316,142266,2860
6,27,11764863,10921693,884,15,284,0.24063,1.63697,1271,-1,ok,0,0,0,0,1270,1,1,6.93031,884,28103,46098,1,11.9294,884,55269,128898,13.6072,61102,884
6,28,10694273,1537590,4589,73,2465,0.999285,7.78733,5468,-1,ok,0,0,0,0,5467,1,1,35.5827,4589,91469,188584,1,56.2957,4589,204887,460218,442.466,1.1922e+06,4589
6,29,12581368,7643768,4098,64,1781,0.831883,6.58917,4529,-1,ok,0,0,0,0,4528,1,1,39.5732,4098,150503,191627,1,139.556,4098,382265,468962,792.025,1.91099e+06,4098
6,30,13030402,12409999,2438,39,1159,0.6324,3.06981,2553,-1,ok,0,0,0,0,2552,1,1,16.155,2438,60698,106834,1,27.133,2438,109230,284473,35.0093,121103,2438
6,31,12223295,6275531,3837,61,1901,0.900531,6.96136,4776,-1,ok,0,0,0,0,4775,1,1,44.8147,3875,167700,174603,1,127.788,3837,378074,421152,632.427,1.64996e+06,3837
6,32,5623637,12139279,3038,48,2002,0.991921,7.04808,3699,-1,ok,0,0,0,0,3698,1,1,15.7397,3038,55431,122495,1,53,3038,148245,305868,289.478,882190,3038
6,33,8035053,1444783,3156,49,1939,0.954612,6.38316,4037,-1,ok,0,0,0,0,4036,1,1,35.8755,3156,85942,138401,1,113.199,3156,229459,406593,475.836,1.0506e+06,3156
6,34,2880048,10213702,3461,54,1580,0.821724,6.5709,4166,-1,ok,0,0,0,0,4165,1,1,44.9778,3461,117763,145926,1,109.851,3461,292214,348864,267.98,806170,3461
6,35,1385201,11261247,4005,65,1944,0.928053,9.08226,4666,-1,ok,0,0,0,0,4665,1,1,33.7895,4005,77047,175407,1,83.5394,4005,201786,420282,383.697,891402,4005
6,36,6948283,3518629,1448,25,628,0.32663,3.5979,2039,-1,ok,0,0,0,0,2038,1,1,23.6171,1448,56808,77293,1,51.9532,1448,127820,187977,114.457,242475,1448
6,37,13034387,859878,5685,90,2678,1.31689,11.5483,6436,-1,ok,0,0,0,0,6435,1,1,55.4475,5687,149029,228780,1,133.458,5687,359578,554020,1227.4,2.44682e+06,5685
6,38,1686729,1918309,506,9,117,0.120916,1.10213,533,-1,ok,0,0,0,0,532,1,1,0.194213,506,506,31236,1,0.184887,506,506,90376,0.191627,506,506
6,39,2222597,11499473,5854,95,2579,1.03914,9.64457,7283,-1,ok,0,0,0,0,7282,1,1,73.8591,5880,200144,259450,1,166.861,5880,436498,593685,1836.85,3.54492e+06,5854
6,40,5141411,11134502,4288,69,2467,1.06275,8.22111,5431,-1,ok,0,0,0,0,5430,1,1,58.8861,4300,149895,188673,1,129.714,4298,309558,499285,1129.26,2.29801e+06,4288
6,41,12465838,7448178,2144,34,663,0.349863,6.14237,2919,-1,ok,0,0,0,0,2918,1,1,23.693,2144,54075,116419,1,66.0864,2144,141219,256904,266.81,527518,2144
6,42,10661203,8840327,3818,61,1981,0.842242,6.54097,4693,-1,ok,0,0,0,0,4692,1,1,23.1047,3818,91368,162699,1,47.7942,3818,178563,365535,844.592,1.87552e+06,3818
6,43,9236823,3376857,2492,42,1048,0.477932,4.57551,3055,-1,ok,0,0,0,0,3054,1,1,40.0331,2492,103634,120093,1,91.2303,2492,222032,269972,192.984,426303,2492
6,44,6505621,5115520,816,14,156,0.195044,1.4955,937,-1,ok,0,0,0,0,936,1,1,1.21287,816,3757,32839,1,2.10497,816,9030,85608,5.13271,18883,816
6,45,7224318,3455553,1884,31,916,0.374379,3.19842,2337,-1,ok,0,0,0,0,2336,1,1,21.1662,1884,59115,99763,1,50.7269,1884,132027,249275,160.559,351645,1884
6,46,3577892,1190856,1756,28,610,0.335096,3.51088,2105,-1,ok,0,0,0,0,2104,1,1,16.1819,1854,58286,62244,1,0.989398,1756,2255,182259,2.67897,5947,1756
6,47,3204941,3810580,2880,47,1339,0.558814,4.04444,3741,-1,ok,0,0,0,0,3740,1,1,19.8979,2880,86042,112858,1,56.8766,2880,221825,339824,153.437,532935,2880
6,48,4180108,8576223,2054,34,1121,0.634965,4.87401,2411,-1,ok,0,0,0,0,2410,1,1,7.94174,2054,22838,99939,1,7.41779,2054,30239,246701,28.6896,75250,2054
6,49,12353729,2809446,3785,60,1845,0.783022,6.20621,4330,-1,ok,0,0,0,0,4329,1,1,39.5156,3793,99810,161029,1,81.4281,3785,234342,388748,458.295,1.08715e+06,3785
6,50,8395975,2625599,2116,33,1228,0.676782,3.95935,2205,-1,ok,0,0,0,0,2204,1,1,2.99078,2116,2371,113393,1,4.74664,2116,10281,298780,13.2614,38786,2116
6,51,5493528,7925047,1515,24,490,0.200835,2.58192,1944,-1,ok,0,0,0,0,1943,1,1,1.91062,1515,3388,61247,1,0.979338,1515,2180,143240,6.34598,14291,1515
6,52,9212910,11487380,2518,40,1286,0.442847,3.69432,3033,-1,ok,0,0,0,0,3032,1,1,29.9294,2518,89390,96666,1,78.8282,2518,229089,256873,396.233,942143,2518
6,53,12285366,6402468,2738,44,1295,0.661224,5.409,3149,-1,ok,0,0,0,0,3148,1,1,18.6694,2738,62444,113187,1,53.4066,2738,151431,294543,247.964,526630,2738
6,54,6487042,3141638,3876,61,2182,0.904488,5.42942,4393,-1,ok,0,0,0,0,4392,1,1,28.8293,3876,94401,157929,1,79.1656,3876,228460,427689,507.059,1.45507e+06,3876
6,55,8016532,6159621,865,14,303,0.20272,4.06938,1068,-1,ok,0,0,0,0,1067,1,1,3.69903,865,10999,47371,1,5.08955,865,19643,124657,8.53035,27820,865
6,56,5515103,10522115,2043,33,1072,0.420745,3.84604,2484,-1,ok,0,0,0,0,2483,1,1,26.3408,2043,84650,93231,1,82.1583,2043,208834,237458,287.17,571096,2043
6,57,2476815,12608832,4271,68,2220,1.04313,9.20298,5066,-1,ok,0,0,0,0,5065,1,1,72.5859,4271,180392,191503,1,222.183,4271,477102,519132,695.517,1.57225e+06,4271
6,58,12456431,7340845,2238,35,823,0.422639,4.71333,2651,-1,ok,0,0,0,0,2650,1,1,33.9477,2256,96780,105388,1,85.3453,2256,217953,261049,124.735,379863,2238
6,59,922742,2055692,666,12,133,0.09597,1.8322,761,-1,ok,0,0,0,0,760,1,1,6.6708,674,26295,31523,1,0.323664,666,666,76325,0.823727,666,666
6,60,11194911,9705957,3585,56,1262,0.544567,5.77346,4514,-1,ok,0,0,0,0,4513,1,1,32.7895,3651,119081,138810,1,88.1215,3621,299396,402360,400.647,1.39977e+06,3585
6,61,6036526,5702403,1491,25,864,0.481829,2.13923,2080,-1,ok,0,0,0,0,2079,1,1,10.6067,1531,39501,86619,1,19.2443,1531,86010,214456,15.0711,62773,1491
6,62,11101203,2544770,3426,56,1713,0.742536,6.66391,4349,-1,ok,0,0,0,0,4348,1,1,30.8114,3426,88861,153821,1,82.1425,3426,196266,361303,284.81,784499,3426
6,63,5493528,5459277,708,13,207,0.153087,1.62783,925,-1,ok,0,0,0,0,924,1,1,0.217948,708,708,33365,1,0.164787,708,708,83470,0.164818,708,708
6,64,2388947,10947782,3371,54,1362,0.521805,7.10714,4082,-1,ok,0,0,0,0,4081,1,1,17.2709,3371,51293,157501,1,52.3895,3371,142825,372421,228.886,614141,3371
6,65,7831705,6396759,719,12,212,0.147454,1.79095,926,-1,ok,0,0,0,0,925,1,1,2.53829,723,10015,40154,1,0.411038,719,1139,112426,0.516174,830,719
6,66,842069,12916554,4284,70,1799,0.710325,8.34581,4869,-1,ok,0,0,0,0,4868,1,1,83.6555,4284,199467,206891,1,179.582,4284,431472,487188,403.857,1.10706e+06,4284
6,67,4850422,11280298,4704,76,2611,1.33737,7.74007,6101,-1,ok,0,0,0,0,6100,1,1,68.0365,4704,190065,227375,1,139.566,4704,393277,538592,818.145,2.05978e+06,4704
6,68,11488163,10653983,1116,19,299,0.227434,2.45942,1479,-1,ok,0,0,0,0,1478,1,1,2.05468,1148,8453,46123,1,0.470267,1116,1242,142910,3.45727,13862,1116
6,69,7579596,8228212,230,4,23,0.020058,0.712381,339,-1,ok,0,0,0,0,338,1,1,0.331178,230,230,15409,1,0.21389,230,230,45221,0.229769,230,230
6,70,12001610,2787829,4759,77,2403,0.966666,7.00075,6178,-1,ok,0,0,0,0,6177,1,1,78.273,4761,184341,212934,1,201.756,4761,443327,527467,900.329,1.99921e+06,4759
6,71,5742610,2055291,1316,22,785,0.458587,3.03284,1701,-1,ok,0,0,0,0,1700,1,1,4.73592,1316,11201,56221,1,6.06013,1316,22403,165215,12.335,47787,1316
6,72,11880582,8295471,3634,59,1620,0.662227,5.39026,4789,-1,ok,0,0,0,0,4788,1,1,37.5036,3634,146595,168433,1,115.587,3634,365584,477508,326.786,955187,3634
6,73,10473387,2457266,4575,72,2475,1.23466,7.98695,5134,-1,ok,0,0,0,0,5133,1,1,60.6837,4575,176236,207545,1,151.973,4575,416534,497370,1130.47,2.73263e+06,4575
6,74,5956582,6913395,1978,31,775,0.413833,2.98356,2323,-1,ok,0,0,0,0,2322,1,1,8.14151,2006,36627,76756,1,14.3521,1978,67565,167582,61.724,235499,1978
6,75,6219946,5564489,847,15,392,0.198351,1.45378,1274,-1,ok,0,0,0,0,1273,1,1,1.83481,847,7182,46432,1,1.46915,847,7182,114140,2.08089,5398,847
6,76,2081440,12382609,4688,73,2421,0.898157,7.66899,5565,-1,ok,0,0,0,0,5564,1,1,65.2644,4688,151940,191061,1,188.043,4688,391675,516536,1285.71,2.38355e+06,4688
6,77,1691073,3744093,1693,26,565,0.32175,2.30623,1800,-1,ok,0,0,0,0,1799,1,1,12.3493,1723,50972,61826,1,38.9287,1693,123456,219851,79.1528,261092,1693
6,78,8817198,3986522,2108,34,1234,0.636899,4.51083,2443,-1,ok,0,0,0,0,2442,1,1,3.09415,2108,3779,117745,1,2.20734,2108,5790,307310,2.67156,2126,2108
6,79,7948753,9167683,453,8,108,0.062626,0.855408,532,-1,ok,0,0,0,0,531,1,1,0.336348,453,453,29705,1,0.17678,453,453,83145,0.582749,1008,453
6,80,5933167,1809128,2017,33,1317,0.475557,3.48199,2678,-1,ok,0,0,0,0,2677,1,1,6.71474,2037,20226,108234,1,10.5705,2037,41174,251901,10.0495,28899,2017
6,81,6966816,6407311,457,9,116,0.082334,1.23927,832,-1,ok,0,0,0,0,831,1,1,1.72765,551,6452,21246,1,0.170047,457,459,53749,0.6373,460,457
6,82,2476107,12023992,4640,76,2099,0.7502,7.76245,5311,-1,ok,0,0,0,0,5310,1,1,66.5915,4640,140992,223731,1,136.586,4640,337117,587929,613.095,1.39914e+06,4640
6,83,4767722,2408797,4057,65,2319,1.16969,5.34508,4808,-1,ok,0,0,0,0,4807,1,1,29.2922,4057,126806,150599,1,92.2309,4057,356832,428337,327.993,1.10799e+06,4057
6,84,3731350,7191902,4549,73,2268,0.961335,5.95584,5362,-1,ok,0,0,0,0,5361,1,1,45.8608,4683,172215,187197,1,62.6434,4549,240457,495518,312.816,1.07623e+06,4549
6,85,7691974,1423542,4300,74,2655,1.15587,8.03092,5405,-1,ok,0,0,0,0,5404,1,1,46.3862,4634,149189,209656,1,110.63,4606,328230,497349,512.804,1.23304e+06,4300
6,86,12485877,3126737,5189,83,2429,1.10396,7.96385,6396,-1,ok,0,0,0,0,6395,1,1,67.3672,5205,180812,225643,1,157.689,5191,452762,551628,1590.25,3.38136e+06,5189
6,87,6909604,7200447,137,4,15,0.028632,1.28423,300,-1,ok,0,0,0,0,299,1,1,0.135743,137,137,13576,1,0.028503,137,137,39127,0.146064,137,137
6,88,3904717,10577072,2759,45,1804,0.724824,5.21879,3472,-1,ok,0,0,0,0,3471,1,1,37.9285,2759,103746,136754,1,93.4815,2759,252771,349320,322.374,886951,2759
6,89,8340124,3901242,2357,37,1313,0.702872,5.69867,2606,-1,ok,0,0,0,0,2605,1,1,2.70261,2357,3758,98675,1,2.01396,2357,4403,256881,1.55211,2357,2357
6,90,4075443,11878759,2915,47,1558,0.583289,4.76327,3390,-1,ok,0,0,0,0,3389,1,1,21.0138,2915,47483,130614,1,40.3329,2915,112616,368897,257.334,675222,2915
6,91,9913504,3945960,2821,46,1523,0.708894,5.81544,3704,-1,ok,0,0,0,0,3703,1,1,7.44849,2821,20545,143803,1,25.0356,2821,61601,352938,20.0898,53787,2821
6,92,7849946,5842851,2633,42,1222,0.665362,3.51904,3082,-1,ok,0,0,0,0,3081,1,1,14.6874,2639,61171,111783,1,23.9863,2639,103764,253952,43.1953,167520,2633
6,93,2178665,5515989,2531,39,1202,0.587006,4.05689,3028,-1,ok,0,0,0,0,3027,1,1,32.7875,2531,83791,94848,1,81.7921,2531,191244,274022,332.035,881538,2531
6,94,10144368,3695934,2736,44,1397,0.731395,5.34756,3419,-1,ok,0,0,0,0,3418,1,1,4.66128,2736,6567,140746,1,8.92889,2736,24803,361450,9.33794,23955,2736
6,95,6149849,6790259,1164,19,423,0.237582,1.54275,1391,-1,ok,0,0,0,0,1390,1,1,3.06844,1164,13404,61711,1,6.00613,1164,27556,149122,10.3852,40412,1164
6,96,12359415,9961757,1197,20,318,0.16668,2.44618,1352,-1,ok,0,0,0,0,1351,1,1,1.46991,1197,1197,52812,1,1.21195,1197,2456,135098,1.74286,2912,1197
6,97,12611329,8437561,4181,67,1964,0.695659,4.73675,4924,-1,ok,0,0,0,0,4923,1,1,57.0771,4181,174750,211753,1,156.508,4181,424481,517155,737.875,1.88045e+06,4181
6,98,1865682,9892253,3390,54,1806,0.886255,6.16512,3983,-1,ok,0,0,0,0,3982,1,1,45.6543,3390,110731,143642,1,136.598,3390,287236,409939,375.596,849145,3390
6,99,6903382,7042632,3042,48,2112,0.927893,3.57858,3383,-1,ok,0,0,0,0,3382,1,1,20.3441,3148,93757,122878,1,14.5448,3042,66281,345996,65.8671,243725,3042
6,100,6037001,13035985,3913,62,2632,1.16788,6.35361,4692,-1,ok,0,0,0,0,4691,1,1,66.1498,3913,169321,173044,1,158.959,3913,381141,399474,739.949,1.44693e+06,3913
6,101,11432291,5361289,3782,61,2029,0.891043,6.41555,4569,-1,ok,0,0,0,0,4568,1,1,10.3656,3784,31588,164557,1,21.1515,3784,76574,422828,37.7457,141371,3782
6,102,2095814,12208510,5712,91,2583,1.07492,9.41196,7401,-1,ok,0,0,0,0,7400,1,1,110.76,5712,241623,263971,1,232.555,5712,503048,612510,1037.9,2.30774e+06,5712
6,103,3721245,10043794,1835,30,891,0.455941,4.29559,2060,-1,ok,0,0,0,0,2059,1,1,5.76671,1835,10295,96492,1,5.50272,1835,14916,293713,11.7852,26732,1835
6,104,1875949,12219863,5866,94,2652,1.10519,9.47854,7383,-1,ok,0,0,0,0,7382,1,1,92.2286,5866,212227,274829,1,196.754,5866,425270,628906,1005.84,2.27646e+06,5866
6,105,5433877,7370783,2174,35,1309,0.621511,3.26107,2567,-1,ok,0,0,0,0,2566,1,1,1.25268,2174,2239,99318,1,1.26818,2174,5132,263098,1.07998,2174,2174
6,106,6966746,1889450,2024,35,1224,0.4339,5.05778,3039,-1,ok,0,0,0,0,3038,1,1,26.4976,2024,56418,104917,1,51.6126,2024,122761,258735,115.437,273751,2024
6,107,12074479,9935930,3204,50,1150,0.640907,4.41608,3703,-1,ok,0,0,0,0,3702,1,1,41.7235,3204,155995,160955,1,121.555,3204,397089,417858,408.927,1.10555e+06,3204
6,108,8171471,10094437,1272,22,285,0.191198,2.75997,1707,-1,ok,0,0,0,0,1706,1,1,2.96759,1272,9992,53964,1,3.32823,1272,16891,126517,5.07194,18368,1272
6,109,1583977,12290737,4150,67,1844,0.737719,9.27345,5181,-1,ok,0,0,0,0,5180,1,1,74.7365,4150,158496,215173,1,195.247,4150,355548,521747,562.282,1.05151e+06,4150
6,110,8541711,3431022,2128,34,1256,0.600602,4.54853,3073,-1,ok,0,0,0,0,3072,1,1,31.4503,2166,91207,105829,1,51.8912,2128,154308,258255,194.867,449522,2128
6,111,945097,9503748,3693,62,1746,0.782179,8.15156,5004,-1,ok,0,0,0,0,5003,1,1,50.5877,3825,138516,146906,1,142.902,3825,352854,406903,364.806,984494,3693
6,112,3658695,5318513,1491,24,720,0.379698,2.79999,1886,-1,ok,0,0,0,0,1885,1,1,18.073,1491,55324,69922,1,36.212,1491,106926,160962,52.3596,151380,1491
6,113,2754585,3947626,401,8,92,0.062737,1.84573,584,-1,ok,0,0,0,0,583,1,1,0.600151,401,401,32388,1,0.322122,401,401,85743,0.4842,401,401
6,114,10502174,11667585,3041,48,1349,0.607895,4.81258,3990,-1,ok,0,0,0,0,3989,1,1,19.0808,3041,67267,125682,1,43.5836,3041,157712,346973,55.8698,229544,3041
6,115,10268480,11331403,3940,60,2077,0.941458,6.12873,4689,-1,ok,0,0,0,0,4688,1,1,36.58,3942,103541,126538,1,114.245,3942,284713,325788,1328.79,2.25105e+06,3940
6,116,7825845,1762847,4321,68,2617,1.27944,6.00051,4604,-1,ok,0,0,0,0,4603,1,1,51.9746,4351,123668,207287,1,39.4834,4321,89392,591412,224.179,584214,4321
6,117,3362086,11653233,3339,54,1493,0.689007,6.551,4300,-1,ok,0,0,0,0,4299,1,1,51.3108,3339,118438,163014,1,132.276,3339,248657,382275,459.986,835072,3339
6,118,10389453,7350623,1413,24,461,0.243285,3.53506,2108,-1,ok,0,0,0,0,2107,1,1,9.12058,1413,37968,77189,1,19.2522,1413,80456,165520,50.9828,154150,1413
6,119,4506435,6736068,887,15,245,0.162894,2.60068,1152,-1,ok,0,0,0,0,1151,1,1,2.09641,887,2693,47030,1,1.79894,887,4936,103426,2.63306,6190,887
6,120,5929329,12497247,3028,48,1966,0.979721,5.63462,3677,-1,ok,0,0,0,0,3676,1,1,36.5002,3028,112388,122181,1,100.01,3028,263419,305392,410.68,1.15168e+06,3028
6,121,12410185,7574644,2088,35,523,0.263662,5.31847,2767,-1,ok,0,0,0,0,2766,1,1,40.0137,2088,98565,114959,1,89.4259,2088,206392,258866,246.638,589758,2088
6,122,12229428,5440651,2956,47,1456,0.77648,5.70256,3373,-1,ok,0,0,0,0,3372,1,1,20.0613,2956,60669,123494,1,56.2821,2956,143337,321057,243.583,518526,2956
6,123,1780250,9157158,3337,53,1738,0.734211,6.74699,3910,-1,ok,0,0,0,0,3909,1,1,22.9663,3337,71654,151017,1,95.7633,3337,235231,442927,293.367,700833,3337
6,124,11302776,5692962,4744,77,2480,1.12001,9.04046,6051,-1,ok,0,0,0,0,6050,1,1,19.3191,4816,74964,201334,1,48.9332,4812,192381,559814,403.435,1.2234e+06,4744
6,125,1768886,1792417,1169,19,387,0.226533,1.09964,1266,-1,ok,0,0,0,0,1265,1,1,0.273911,1169,1169,77493,1,0.30024,1169,1169,226223,0.281856,1169,1169
6,126,9050045,1934388,5350,85,2651,1.0072,7.85826,6289,-1,ok,0,0,0,0,6288,1,1,58.3651,5428,156173,211849,1,132.465,5350,336217,492481,641.135,1.32145e+06,5350
6,127,1820605,6200831,1903,29,773,0.38055,4.68143,2422,-1,ok,0,0,0,0,2421,1,1,12.4671,1903,35186,77567,1,53.8984,1903,111991,225861,160.204,320298,1903
6,128,10430467,2988856,2977,48,1148,0.630187,5.73672,3450,-1,ok,0,0,0,0,3449,1,1,34.9068,2977,94355,140408,1,77.3226,2977,215757,322414,230.753,601563,2977
6,129,2439228,6156068,1623,26,690,0.394025,3.88456,2354,-1,ok,0,0,0,0,2353,1,1,29.5704,1683,72136,83593,1,45.4817,1623,94576,213228,99.7693,215848,1623
6,130,1319267,7253584,2673,44,692,0.38044,5.62309,3384,-1,ok,0,0,0,0,3383,1,1,35.2358,2701,97404,129640,1,96.3734,2673,221279,309507,344.702,835410,2673
6,131,7196925,2454290,2503,39,1677,0.735443,4.81995,3016,-1,ok,0,0,0,0,3015,1,1,35.043,2503,95387,104107,1,102.397,2503,258125,290451,347.178,844661,2503
6,132,13030402,3456903,3403,55,1799,0.825771,6.53474,3756,-1,ok,0,0,0,0,3755,1,1,30.2888,3403,62736,165498,1,80.4686,3403,156285,435964,202.871,421598,3403
6,133,4224358,1052088,1611,26,634,0.33753,3.35463,1870,-1,ok,0,0,0,0,1869,1,1,12.2231,1611,38728,86506,1,30.641,1611,92423,216946,64.9762,192084,1611
6,134,12080206,7454087,2122,33,766,0.41273,4.0784,2285,-1,ok,0,0,0,0,2284,1,1,28.1459,2122,68893,79787,1,70.6561,2122,165339,203222,194.761,455871,2122
6,135,2068522,1574689,1869,30,527,0.309377,2.18654,1992,-1,ok,0,0,0,0,1991,1,1,1.75771,1869,7385,104796,1,0.493904,1869,1869,313504,4.05562,18429,1869
6,136,10842340,7134907,3574,63,1988,0.800025,5.83182,4561,-1,ok,0,0,0,0,4560,1,1,43.0576,3936,123320,150114,1,99.4834,3936,299858,367572,281.183,779570,3574
6,137,2045569,12750493,5410,90,2682,1.05169,9.77558,7041,-1,ok,0,0,0,0,7040,1,1,47.7072,5678,130731,246891,1,153.31,5678,394384,613407,1042.1,2.3517e+06,5410
6,138,1691283,1726949,1624,27,600,0.338753,1.55124,1741,-1,ok,0,0,0,0,1740,1,1,0.431065,1624,1624,109705,1,0.383726,1624,1624,288099,0.388726,1624,1624
6,139,2267658,6664151,2812,47,1327,0.478523,5.5994,3515,-1,ok,0,0,0,0,3514,1,1,47.8716,2812,119968,135820,1,107.272,2812,247822,297335,322.528,760437,2812
6,140,5981077,11521702,3639,57,2363,1.06422,6.20254,4398,-1,ok,0,0,0,0,4397,1,1,52.8326,3741,143932,146349,1,144.938,3741,352073,395183,818.913,1.60599e+06,3639
6,141,6905897,5956763,2217,35,1195,0.644503,3.28824,2740,-1,ok,0,0,0,0,2739,1,1,18.4365,2245,77329,91821,1,48.3581,2217,161918,201552,157.262,453616,2217
6,142,3746090,7542891,3910,63,1853,0.797629,6.36583,4767,-1,ok,0,0,0,0,4766,1,1,24.0483,3938,98796,171215,1,59.1296,3910,203912,392322,345.178,1.10748e+06,3910
6,143,927918,6543619,4456,76,1979,1.02004,6.98535,5779,-1,ok,0,0,0,0,5778,1,1,51.8962,4828,189897,216623,1,118.936,4770,400528,520617,596.647,1.80035e+06,4456
6,144,6931863,7093569,2051,33,1144,0.585804,2.89661,2500,-1,ok,0,0,0,0,2499,1,1,20.5332,2079,76885,84814,1,25.9026,2051,109820,201611,144.666,395111,2051
6,145,2568120,12342319,3661,59,1560,0.690048,7.49416,4402,-1,ok,0,0,0,0,4401,1,1,21.0072,3661,63671,179407,1,48.2492,3661,175547,435160,209.938,604117,3661
6,146,7908353,11618893,3471,55,2023,0.986592,5.90531,4296,-1,ok,0,0,0,0,4295,1,1,37.8541,3511,122941,141710,1,87.7048,3471,220218,368681,582.137,1.32036e+06,3471
6,147,11438432,11802298,2485,40,1339,0.707151,3.50466,3420,-1,ok,0,0,0,0,3419,1,1,6.67865,2485,28556,114846,1,13.4115,2485,59918,337912,18.9371,78872,2485
6,148,2413893,1006952,1862,30,651,0.301372,2.59275,2151,-1,ok,0,0,0,0,2150,1,1,1.32525,1862,2815,83053,1,1.22971,1862,3356,228296,23.8608,98220,1862
6,149,11409007,1162795,5579,94,2694,0.938621,8.84292,6778,-1,ok,0,0,0,0,6777,1,1,67.4986,5983,173525,245368,1,144.692,5955,385733,581382,1116.59,2.52929e+06,5579
6,150,9700992,2679266,4304,69,2485,1.06898,7.70132,5403,-1,ok,0,0,0,0,5402,1,1,56.7283,4304,135236,196158,1,170.682,4304,373041,571714,860.983,1.90517e+06,4304
6,151,9872155,9787811,2375,37,1006,0.489634,4.26035,2752,-1,ok,0,0,0,0,2751,1,1,21.0596,2403,77697,89753,1,23.3582,2375,112760,218908,163.655,543802,2375
6,152,11614672,3408954,4147,65,2054,0.86809,7.42507,4828,-1,ok,0,0,0,0,4827,1,1,47.2119,4147,141546,174791,1,133.997,4147,339027,440097,401.068,942950,4147
6,153,9981629,11181633,734,12,148,0.138208,1.79612,921,-1,ok,0,0,0,0,920,1,1,0.78172,734,1211,34698,1,0.413552,734,734,89075,0.91023,2644,734
6,154,3718171,9615151,2308,38,1528,0.630768,4.07158,2519,-1,ok,0,0,0,0,2518,1,1,21.8348,2308,58022,122723,1,40.7303,2308,111362,342003,44.352,117050,2308
6,155,3415323,8103407,3865,61,2029,1.01824,5.54002,4412,-1,ok,0,0,0,0,4411,1,1,43.4173,3891,145967,156330,1,122.66,3889,298739,348446,850.329,1.93331e+06,3865
6,156,11110265,1067659,3702,59,2035,0.992994,6.67995,3905,-1,ok,0,0,0,0,3904,1,1,16.7846,3702,39991,173468,1,43.2425,3702,94396,464807,113.669,306943,3702
6,157,6280476,9981769,2220,34,892,0.473384,3.69751,2377,-1,ok,0,0,0,0,2376,1,1,18.372,2220,54991,84420,1,48.7551,2220,132333,210142,142.019,374362,2220
6,158,6643578,8204315,3641,58,1959,0.96969,4.78643,4612,-1,ok,0,0,0,0,4611,1,1,35.3275,3747,135829,139856,1,103.135,3641,367431,390897,584.807,1.69089e+06,3641
6,159,9685005,4585715,4747,76,2569,1.27839,7.89355,5936,-1,ok,0,0,0,0,5935,1,1,48.1365,4747,179769,231598,1,111.483,4747,352796,533092,154.732,544077,4747
6,160,12831341,2638895,3950,63,1618,0.707851,7.87805,4909,-1,ok,0,0,0,0,4908,1,1,78.2769,3950,158713,195272,1,190.924,3950,361578,464868,597.131,1.15889e+06,3950
6,161,8783825,10724143,3006,48,1499,0.767543,5.53521,4183,-1,ok,0,0,0,0,4182,1,1,26.9412,3008,92457,119662,1,55.1632,3008,204258,312317,453.434,1.04124e+06,3006
6,162,6714674,4622259,3743,59,2107,0.876107,4.38538,4124,-1,ok,0,0,0,0,4123,1,1,36.4776,3877,135493,143762,1,91.519,3743,336523,381187,452.765,1.18349e+06,3743
6,163,11574983,7241695,3374,55,1246,0.608235,5.83996,4531,-1,ok,0,0,0,0,4530,1,1,37.6573,3422,141709,152583,1,77.5245,3374,263176,349675,478.758,1.40372e+06,3374
6,164,6726695,10401558,1931,31,1150,0.561909,5.60791,2842,-1,ok,0,0,0,0,2841,1,1,4.0476,1931,8307,95815,1,0.958629,1931,1944,239889,8.16176,26397,1931
6,165,6217776,4562577,639,12,167,0.096119,1.20603,850,-1,ok,0,0,0,0,849,1,1,4.19273,639,12249,34929,1,6.69624,639,25685,78704,10.284,27158,639
6,166,3978333,2704630,2039,32,951,0.38543,2.74305,2418,-1,ok,0,0,0,0,2417,1,1,20.2164,2041,59862,88332,1,47.6309,2041,153661,247098,138.535,392855,2039
6,167,7528628,10723775,1234,19,433,0.237594,2.73462,1349,-1,ok,0,0,0,0,1348,1,1,7.05463,1234,14127,51411,1,6.72731,1234,26690,131587,10.7323,34410,1234
6,168,9735496,1569903,4003,63,2376,1.06103,6.8442,4558,-1,ok,0,0,0,0,4557,1,1,61.6177,4003,169947,183426,1,161.348,4003,396625,455130,571.64,1.47875e+06,4003
6,169,998082,9272687,4329,80,2176,0.92697,8.55299,5844,-1,ok,0,0,0,0,5843,1,1,57.067,5049,175383,185846,1,142.117,5021,383046,431412,469.893,1.22984e+06,4329
6,170,1321918,2206629,1412,23,473,0.311872,2.96883,1647,-1,ok,0,0,0,0,1646,1,1,15.9475,1504,57746,85897,1,7.22081,1412,29569,238999,7.07476,22846,1412
6,171,6659965,11150045,3320,52,2475,1.00921,5.62003,4501,-1,ok,0,0,0,0,4500,1,1,37.27,3320,103925,154315,1,69.1028,3320,200728,348919,386.435,805546,3320
6,172,3731435,7767988,2384,39,690,0.35914,5.04124,3157,-1,ok,0,0,0,0,3156,1,1,24.0724,2412,91308,112129,1,50.1769,2384,189369,256807,110.916,434809,2384
6,173,3974805,958596,1638,27,710,0.400508,2.91649,1857,-1,ok,0,0,0,0,1856,1,1,6.29089,1638,23642,86580,1,18.6007,1638,55683,210288,56.0857,182160,1638
6,174,2428329,5775613,2154,34,923,0.406138,4.13951,2925,-1,ok,0,0,0,0,2924,1,1,10.3268,2154,40842,87064,1,42.5591,2154,123593,248414,167.917,407779,2154
6,175,1714534,1242194,2738,43,829,0.358299,2.64116,2769,-1,ok,0,0,0,0,2768,1,1,0.92687,2738,2738,167571,1,19.6937,2738,91133,461641,35.0552,161075,2738
6,176,2649840,6642272,1749,29,548,0.242402,3.75338,2336,-1,ok,0,0,0,0,2335,1,1,16.6314,1781,58468,78731,1,39.0618,1749,112927,177824,135.589,355043,1749
6,177,6637665,3752951,3356,53,2237,0.936699,4.82536,3911,-1,ok,0,0,0,0,3910,1,1,30.2534,3384,114389,125036,1,78.353,3356,243931,276358,824.022,1.48585e+06,3356
6,178,11854338,7380264,1910,30,612,0.38555,4.59548,3205,-1,ok,0,0,0,0,3204,1,1,23.102,1910,77247,88048,1,56.395,1910,168610,205250,220.515,507075,1910
6,179,6799419,5675038,2708,44,1435,0.783854,3.16038,3073,-1,ok,0,0,0,0,3072,1,1,15.3704,2708,66098,126492,1,29.3598,2708,118346,307982,59.5715,165783,2708
6,180,4194887,1007631,1165,19,380,0.245539,3.69531,1376,-1,ok,0,0,0,0,1375,1,1,22.657,1165,51502,62251,1,41.3337,1165,103287,150429,58.1129,120379,1165
6,181,7226275,11473681,3653,58,2302,1.08004,5.88791,4372,-1,ok,0,0,0,0,4371,1,1,35.3243,3723,116472,139261,1,115.829,3721,279196,380641,720.545,1.38978e+06,3653
6,182,8300223,3253260,3863,60,2305,1.02388,5.47272,4250,-1,ok,0,0,0,0,4249,1,1,37.6005,3917,131244,138259,1,92.2717,3889,279207,316578,977.251,1.76125e+06,3863
6,183,1895748,929406,1049,18,328,0.208319,2.32496,1376,-1,ok,0,0,0,0,1375,1,1,1.68583,1049,5945,51918,1,1.497,1049,6897,127223,1.80057,6897,1049
6,184,10432828,11593598,2985,47,1846,0.774857,4.6879,3986,-1,ok,0,0,0,0,3985,1,1,26.8463,3055,94270,121311,1,29.6398,2985,81511,349220,154.139,340036,2985
6,185,3746090,7529905,1542,26,491,0.249145,3.18811,2013,-1,ok,0,0,0,0,2012,1,1,8.51946,1542,29898,84345,1,25.4161,1542,75751,202304,52.9455,132200,1542
6,186,3253344,6964518,3608,57,1946,0.9751,5.34086,4111,-1,ok,0,0,0,0,4110,1,1,16.032,3664,61178,150411,1,35.0917,3608,147004,440610,103.924,405263,3608
6,187,1483093,11345582,5249,89,2450,1.24104,9.86933,6356,-1,ok,0,0,0,0,6355,1,1,60.3102,5619,178768,223179,1,148.435,5591,422535,524370,1203.47,2.85197e+06,5249
6,188,1769639,6419115,1907,30,583,0.345846,3.5022,2106,-1,ok,0,0,0,0,2105,1,1,4.23379,1907,8196,81287,1,2.75355,1907,8341,197669,109.504,217722,1907
6,189,1953803,11588864,5915,97,2593,0.956836,9.85483,7344,-1,ok,0,0,0,0,7343,1,1,84.5579,6143,226602,267811,1,228.57,6143,546211,673714,1671.08,3.36397e+06,5915
6,190,10813718,4339117,2672,42,1123,0.606532,6.15301,3203,-1,ok,0,0,0,0,3202,1,1,18.4104,2672,32753,124092,1,6.37821,2672,15854,279573,27.2115,74422,2672
6,191,4139954,12718531,4668,76,2675,1.11674,7.31803,5661,-1,ok,0,0,0,0,5660,1,1,42.7016,4668,126378,201163,1,118.287,4668,276224,445890,943.111,1.78919e+06,4668
6,192,11410131,12143449,1295,21,450,0.298898,2.45134,1850,-1,ok,0,0,0,0,1849,1,1,2.87791,1297,12064,51172,1,6.11699,1297,29393,142969,4.16449,17021,1295
6,193,12955129,5083650,4479,70,1729,0.783122,7.18384,5586,-1,ok,0,0,0,0,5585,1,1,65.3659,4479,163518,168993,1,139.392,4479,355186,385813,442.757,1.12451e+06,4479
6,194,4034968,11166459,3294,53,1966,0.930226,6.32398,3699,-1,ok,0,0,0,0,3698,1,1,28.8141,3294,94391,139913,1,100.396,3294,234662,328592,795.453,1.6324e+06,3294
6,195,12321886,6473680,2881,45,1206,0.622622,4.91637,3144,-1,ok,0,0,0,0,3143,1,1,34.4481,2881,93066,116552,1,84.2866,2881,209819,279784,266.74,619922,2881
6,196,1431067,12748470,4263,69,1863,0.85178,7.99635,4980,-1,ok,0,0,0,0,4979,1,1,34.1134,4263,85452,202794,1,96.6506,4263,228552,503788,378.548,953149,4263
6,197,6895032,9886330,3072,49,2176,0.981132,5.41405,3919,-1,ok,0,0,0,0,3918,1,1,47.6705,3072,131407,138073,1,97.1008,3072,282288,314698,426.546,923632,3072
6,198,8039344,11409990,3078,48,1857,0.847382,5.23884,3663,-1,ok,0,0,0,0,3662,1,1,31.9613,3080,79955,111374,1,87.4021,3080,191329,288922,577.641,1.02139e+06,3078
6,199,3159648,2262293,1368,22,406,0.254696,2.42363,1763,-1,ok,0,0,0,0,1762,1,1,7.21207,1382,27198,66722,1,14.0771,1368,64962,187863,32.9739,106266,1368
