planner init
finish init
current timestep 0
planning flow reduced
plan limit 828
current timestep 1
planning flow reduced
plan limit 918
compute initial stop until 249
current timestep 2
planning flow reduced
plan limit 921
compute initial stop until 239
current timestep 3
planning flow reduced
plan limit 919
compute initial stop until 297
current timestep 4
planning flow reduced
plan limit 913
compute initial stop until 344
current timestep 5
planning flow reduced
plan limit 921
compute initial stop until 411
current timestep 6
planning flow reduced
plan limit 919
compute initial stop until 480
current timestep 7
planning flow reduced
plan limit 917
compute initial stop until 556
current timestep 8
planning flow reduced
plan limit 909
compute initial stop until 629
current timestep 9
planning flow reduced
plan limit 915
compute initial stop until 715
current timestep 10
planning flow reduced
plan limit 893
compute initial stop until 783
current timestep 11
planning flow reduced
plan limit 907
compute initial stop until 856
current timestep 12
planning flow reduced
plan limit 889
compute initial stop until 904
current timestep 13
planning flow reduced
plan limit 906
compute initial stop until 963
current timestep 14
planning flow reduced
plan limit 884
compute initial stop until 996
current timestep 15
planning flow reduced
plan limit 904
compute initial stop until 1053
current timestep 16
planning flow reduced
plan limit 903
compute initial stop until 1136
current timestep 17
planning flow reduced
plan limit 901
compute initial stop until 1216
current timestep 18
planning flow reduced
plan limit 902
compute initial stop until 1292
current timestep 19
planning flow reduced
plan limit 899
compute initial stop until 1363
current timestep 20
planning flow reduced
plan limit 896
compute initial stop until 1448
current timestep 21
planning flow reduced
plan limit 901
compute initial stop until 1527
current timestep 22
planning flow reduced
plan limit 899
compute initial stop until 1613
current timestep 23
planning flow reduced
plan limit 897
compute initial stop until 1682
current timestep 24
planning flow reduced
plan limit 895
compute initial stop until 1757
current timestep 25
planning flow reduced
plan limit 897
compute initial stop until 1839
current timestep 26
planning flow reduced
plan limit 896
compute initial stop until 1920
current timestep 27
planning flow reduced
plan limit 894
compute initial stop until 1996
current timestep 28
planning flow reduced
plan limit 892
compute initial stop until 2070
current timestep 29
planning flow reduced
plan limit 893
compute initial stop until 2157
current timestep 30
planning flow reduced
plan limit 891
compute initial stop until 2233
current timestep 31
planning flow reduced
plan limit 893
compute initial stop until 2289
current timestep 32
planning flow reduced
plan limit 888
compute initial stop until 2363
current timestep 33
planning flow reduced
plan limit 888
compute initial stop until 2440
current timestep 34
planning flow reduced
plan limit 882
compute initial stop until 2488
current timestep 35
planning flow reduced
plan limit 883
compute initial stop until 2558
current timestep 36
planning flow reduced
plan limit 886
compute initial stop until 2632
current timestep 37
planning flow reduced
plan limit 858
compute initial stop until 2683
current timestep 38
planning flow reduced
plan limit 883
compute initial stop until 2754
current timestep 39
planning flow reduced
plan limit 885
compute initial stop until 2833
current timestep 40
planning flow reduced
plan limit 886
compute initial stop until 2909
current timestep 41
planning flow reduced
plan limit 893
compute initial stop until 2986
current timestep 42
planning flow reduced
plan limit 877
compute initial stop until 3064
current timestep 43
planning flow reduced
plan limit 882
compute initial stop until 3131
current timestep 44
planning flow reduced
plan limit 881
compute initial stop until 3214
current timestep 45
planning flow reduced
plan limit 872
compute initial stop until 3273
current timestep 46
planning flow reduced
plan limit 880
compute initial stop until 3362
current timestep 47
planning flow reduced
plan limit 877
compute initial stop until 3436
current timestep 48
planning flow reduced
plan limit 873
compute initial stop until 3516
current timestep 49
planning flow reduced
plan limit 877
compute initial stop until 3601
current timestep 50
planning flow reduced
plan limit 876
compute initial stop until 3676
current timestep 51
planning flow reduced
plan limit 874
compute initial stop until 3755
current timestep 52
planning flow reduced
plan limit 866
compute initial stop until 3802
current timestep 53
planning flow reduced
plan limit 873
compute initial stop until 3855
current timestep 54
planning flow reduced
plan limit 869
compute initial stop until 3907
current timestep 55
planning flow reduced
plan limit 868
compute initial stop until 3954
current timestep 56
planning flow reduced
plan limit 869
compute initial stop until 4008
current timestep 57
planning flow reduced
plan limit 862
compute initial stop until 4068
current timestep 58
planning flow reduced
plan limit 863
compute initial stop until 4151
current timestep 59
planning flow reduced
plan limit 861
compute initial stop until 4219
current timestep 60
planning flow reduced
plan limit 863
compute initial stop until 4282
current timestep 61
planning flow reduced
plan limit 867
compute initial stop until 4356
current timestep 62
planning flow reduced
plan limit 866
compute initial stop until 4410
current timestep 63
planning flow reduced
plan limit 866
compute initial stop until 4472
current timestep 64
planning flow reduced
plan limit 863
compute initial stop until 4530
current timestep 65
planning flow reduced
plan limit 859
compute initial stop until 4583
current timestep 66
planning flow reduced
plan limit 864
compute initial stop until 4634
current timestep 67
planning flow reduced
plan limit 861
compute initial stop until 4703
current timestep 68
planning flow reduced
plan limit 858
compute initial stop until 4749
current timestep 69
planning flow reduced
plan limit 855
compute initial stop until 4802
current timestep 70
planning flow reduced
plan limit 856
compute initial stop until 4884
current timestep 71
planning flow reduced
plan limit 861
compute initial stop until 4956
current timestep 72
planning flow reduced
plan limit 854
compute initial stop until 5030
current timestep 73
planning flow reduced
plan limit 856
compute initial stop until 5103
current timestep 74
planning flow reduced
plan limit 859
compute initial stop until 5181
current timestep 75
planning flow reduced
plan limit 858
compute initial stop until 5256
current timestep 76
planning flow reduced
plan limit 856
compute initial stop until 5339
current timestep 77
planning flow reduced
plan limit 856
compute initial stop until 5407
current timestep 78
planning flow reduced
plan limit 853
compute initial stop until 5478
current timestep 79
planning flow reduced
plan limit 851
compute initial stop until 5539
current timestep 80
planning flow reduced
plan limit 848
compute initial stop until 5603
current timestep 81
planning flow reduced
plan limit 842
compute initial stop until 5659
current timestep 82
planning flow reduced
plan limit 850
compute initial stop until 5720
current timestep 83
planning flow reduced
plan limit 850
compute initial stop until 5763
current timestep 84
planning flow reduced
plan limit 842
compute initial stop until 5833
current timestep 85
planning flow reduced
plan limit 851
compute initial stop until 5886
current timestep 86
planning flow reduced
plan limit 891
compute initial stop until 5945
current timestep 87
planning flow reduced
plan limit 891
compute initial stop until 5993
current timestep 88
planning flow reduced
plan limit 897
compute initial stop until 6080
current timestep 89
planning flow reduced
plan limit 890
compute initial stop until 6159
current timestep 90
planning flow reduced
plan limit 891
compute initial stop until 6250
current timestep 91
planning flow reduced
plan limit 887
compute initial stop until 6299
current timestep 92
planning flow reduced
plan limit 886
compute initial stop until 6347
current timestep 93
planning flow reduced
plan limit 887
compute initial stop until 6414
current timestep 94
planning flow reduced
plan limit 884
compute initial stop until 6483
current timestep 95
planning flow reduced
plan limit 879
compute initial stop until 6553
current timestep 96
planning flow reduced
plan limit 877
compute initial stop until 6620
current timestep 97
planning flow reduced
plan limit 883
compute initial stop until 6702
current timestep 98
planning flow reduced
plan limit 883
compute initial stop until 6770
current timestep 99
planning flow reduced
plan limit 881
compute initial stop until 6836
current timestep 100
planning flow reduced
plan limit 882
compute initial stop until 6908
current timestep 101
planning flow reduced
plan limit 867
compute initial stop until 6972
current timestep 102
planning flow reduced
plan limit 878
compute initial stop until 7047
current timestep 103
planning flow reduced
plan limit 880
compute initial stop until 7116
current timestep 104
planning flow reduced
plan limit 874
compute initial stop until 7192
current timestep 105
planning flow reduced
plan limit 877
compute initial stop until 7276
current timestep 106
planning flow reduced
plan limit 876
compute initial stop until 7366
current timestep 107
planning flow reduced
plan limit 873
compute initial stop until 7454
current timestep 108
planning flow reduced
plan limit 877
compute initial stop until 7521
current timestep 109
planning flow reduced
plan limit 873
compute initial stop until 7596
current timestep 110
planning flow reduced
plan limit 876
compute initial stop until 7666
current timestep 111
planning flow reduced
plan limit 872
compute initial stop until 7740
current timestep 112
planning flow reduced
plan limit 873
compute initial stop until 7823
current timestep 113
planning flow reduced
plan limit 871
compute initial stop until 7889
current timestep 114
planning flow reduced
plan limit 868
compute initial stop until 7958
current timestep 115
planning flow reduced
plan limit 873
compute initial stop until 8029
current timestep 116
planning flow reduced
plan limit 863
compute initial stop until 8107
current timestep 117
planning flow reduced
plan limit 873
compute initial stop until 8185
current timestep 118
planning flow reduced
plan limit 873
compute initial stop until 8257
current timestep 119
planning flow reduced
plan limit 865
compute initial stop until 8330
current timestep 120
planning flow reduced
plan limit 866
compute initial stop until 8409
current timestep 121
planning flow reduced
plan limit 867
compute initial stop until 8486
current timestep 122
planning flow reduced
plan limit 861
compute initial stop until 8564
current timestep 123
planning flow reduced
plan limit 865
compute initial stop until 8636
current timestep 124
planning flow reduced
plan limit 861
compute initial stop until 8703
current timestep 125
planning flow reduced
plan limit 852
compute initial stop until 8773
current timestep 126
planning flow reduced
plan limit 856
compute initial stop until 8820
current timestep 127
planning flow reduced
plan limit 858
compute initial stop until 8894
current timestep 128
planning flow reduced
plan limit 854
compute initial stop until 8970
current timestep 129
planning flow reduced
plan limit 853
compute initial stop until 9047
current timestep 130
planning flow reduced
plan limit 853
compute initial stop until 9113
current timestep 131
planning flow reduced
plan limit 854
compute initial stop until 9192
current timestep 132
planning flow reduced
plan limit 855
compute initial stop until 9267
current timestep 133
planning flow reduced
plan limit 855
compute initial stop until 9343
current timestep 134
planning flow reduced
plan limit 858
compute initial stop until 9418
current timestep 135
planning flow reduced
plan limit 848
compute initial stop until 9493
current timestep 136
planning flow reduced
plan limit 857
compute initial stop until 9559
current timestep 137
planning flow reduced
plan limit 850
compute initial stop until 9633
current timestep 138
planning flow reduced
plan limit 845
compute initial stop until 9709
current timestep 139
planning flow reduced
plan limit 844
compute initial stop until 9777
current timestep 140
planning flow reduced
plan limit 842
compute initial stop until 9849
current timestep 141
planning flow reduced
plan limit 847
compute initial stop until 9929
current timestep 142
planning flow reduced
plan limit 846
compute initial stop until 9990
current timestep 143
planning flow reduced
plan limit 844
current timestep 144
planning flow reduced
plan limit 844
current timestep 145
planning flow reduced
plan limit 846
current timestep 146
planning flow reduced
plan limit 841
current timestep 147
planning flow reduced
plan limit 844
current timestep 148
planning flow reduced
plan limit 845
current timestep 149
planning flow reduced
plan limit 845
current timestep 150
planning flow reduced
plan limit 842
current timestep 151
planning flow reduced
plan limit 856
current timestep 152
planning flow reduced
plan limit 841
current timestep 153
planning flow reduced
plan limit 842
current timestep 154
planning flow reduced
plan limit 850
current timestep 155
planning flow reduced
plan limit 848
current timestep 156
planning flow reduced
plan limit 847
current timestep 157
planning flow reduced
plan limit 841
current timestep 158
planning flow reduced
plan limit 838
current timestep 159
planning flow reduced
plan limit 848
current timestep 160
planning flow reduced
plan limit 845
current timestep 161
planning flow reduced
plan limit 849
current timestep 162
planning flow reduced
plan limit 839
current timestep 163
planning flow reduced
plan limit 848
current timestep 164
planning flow reduced
plan limit 843
current timestep 165
planning flow reduced
plan limit 837
current timestep 166
planning flow reduced
plan limit 847
current timestep 167
planning flow reduced
plan limit 840
current timestep 168
planning flow reduced
plan limit 851
current timestep 169
planning flow reduced
plan limit 842
current timestep 170
planning flow reduced
plan limit 841
current timestep 171
planning flow reduced
plan limit 846
current timestep 172
planning flow reduced
plan limit 851
current timestep 173
planning flow reduced
plan limit 848
current timestep 174
planning flow reduced
plan limit 848
current timestep 175
planning flow reduced
plan limit 844
current timestep 176
planning flow reduced
plan limit 852
current timestep 177
planning flow reduced
plan limit 839
current timestep 178
planning flow reduced
plan limit 855
current timestep 179
planning flow reduced
plan limit 855
current timestep 180
planning flow reduced
plan limit 855
current timestep 181
planning flow reduced
plan limit 854
current timestep 182
planning flow reduced
plan limit 847
current timestep 183
planning flow reduced
plan limit 845
current timestep 184
planning flow reduced
plan limit 840
current timestep 185
planning flow reduced
plan limit 855
current timestep 186
planning flow reduced
plan limit 843
current timestep 187
planning flow reduced
plan limit 846
current timestep 188
planning flow reduced
plan limit 846
current timestep 189
planning flow reduced
plan limit 848
current timestep 190
planning flow reduced
plan limit 849
current timestep 191
planning flow reduced
plan limit 853
current timestep 192
planning flow reduced
plan limit 846
current timestep 193
planning flow reduced
plan limit 850
current timestep 194
planning flow reduced
plan limit 848
current timestep 195
planning flow reduced
plan limit 849
current timestep 196
planning flow reduced
plan limit 843
current timestep 197
planning flow reduced
plan limit 846
current timestep 198
planning flow reduced
plan limit 845
current timestep 199
planning flow reduced
plan limit 847
current timestep 200
planning flow reduced
plan limit 855
current timestep 201
planning flow reduced
plan limit 851
current timestep 202
planning flow reduced
plan limit 849
current timestep 203
planning flow reduced
plan limit 847
current timestep 204
planning flow reduced
plan limit 841
current timestep 205
planning flow reduced
plan limit 843
current timestep 206
planning flow reduced
plan limit 853
current timestep 207
planning flow reduced
plan limit 855
current timestep 208
planning flow reduced
plan limit 848
current timestep 209
planning flow reduced
plan limit 849
current timestep 210
planning flow reduced
plan limit 835
current timestep 211
planning flow reduced
plan limit 846
current timestep 212
planning flow reduced
plan limit 847
current timestep 213
planning flow reduced
plan limit 853
current timestep 214
planning flow reduced
plan limit 846
current timestep 215
planning flow reduced
plan limit 849
current timestep 216
planning flow reduced
plan limit 845
current timestep 217
planning flow reduced
plan limit 845
current timestep 218
planning flow reduced
plan limit 842
current timestep 219
planning flow reduced
plan limit 843
current timestep 220
planning flow reduced
plan limit 846
current timestep 221
planning flow reduced
plan limit 854
current timestep 222
planning flow reduced
plan limit 843
current timestep 223
planning flow reduced
plan limit 851
current timestep 224
planning flow reduced
plan limit 844
current timestep 225
planning flow reduced
plan limit 848
current timestep 226
planning flow reduced
plan limit 852
current timestep 227
planning flow reduced
plan limit 853
current timestep 228
planning flow reduced
plan limit 846
current timestep 229
planning flow reduced
plan limit 841
current timestep 230
planning flow reduced
plan limit 845
current timestep 231
planning flow reduced
plan limit 855
current timestep 232
planning flow reduced
plan limit 854
current timestep 233
planning flow reduced
plan limit 848
current timestep 234
planning flow reduced
plan limit 845
current timestep 235
planning flow reduced
plan limit 853
current timestep 236
planning flow reduced
plan limit 847
current timestep 237
planning flow reduced
plan limit 846
current timestep 238
planning flow reduced
plan limit 847
current timestep 239
planning flow reduced
plan limit 847
current timestep 240
planning flow reduced
plan limit 846
current timestep 241
planning flow reduced
plan limit 832
current timestep 242
planning flow reduced
plan limit 854
current timestep 243
planning flow reduced
plan limit 846
current timestep 244
planning flow reduced
plan limit 852
current timestep 245
planning flow reduced
plan limit 854
current timestep 246
planning flow reduced
plan limit 852
current timestep 247
planning flow reduced
plan limit 854
current timestep 248
planning flow reduced
plan limit 853
current timestep 249
planning flow reduced
plan limit 845
current timestep 250
planning flow reduced
plan limit 853
current timestep 251
planning flow reduced
plan limit 846
current timestep 252
planning flow reduced
plan limit 853
current timestep 253
planning flow reduced
plan limit 854
current timestep 254
planning flow reduced
plan limit 851
current timestep 255
planning flow reduced
plan limit 844
current timestep 256
planning flow reduced
plan limit 852
current timestep 257
planning flow reduced
plan limit 851
current timestep 258
planning flow reduced
plan limit 853
current timestep 259
planning flow reduced
plan limit 834
current timestep 260
planning flow reduced
plan limit 843
current timestep 261
planning flow reduced
plan limit 854
current timestep 262
planning flow reduced
plan limit 836
current timestep 263
planning flow reduced
plan limit 852
current timestep 264
planning flow reduced
plan limit 851
current timestep 265
planning flow reduced
plan limit 851
current timestep 266
planning flow reduced
plan limit 854
current timestep 267
planning flow reduced
plan limit 848
current timestep 268
planning flow reduced
plan limit 854
current timestep 269
planning flow reduced
plan limit 847
current timestep 270
planning flow reduced
plan limit 842
current timestep 271
planning flow reduced
plan limit 848
current timestep 272
planning flow reduced
plan limit 847
current timestep 273
planning flow reduced
plan limit 850
current timestep 274
planning flow reduced
plan limit 848
current timestep 275
planning flow reduced
plan limit 855
current timestep 276
planning flow reduced
plan limit 853
current timestep 277
planning flow reduced
plan limit 852
current timestep 278
planning flow reduced
plan limit 841
current timestep 279
planning flow reduced
plan limit 850
current timestep 280
planning flow reduced
plan limit 837
current timestep 281
planning flow reduced
plan limit 834
current timestep 282
planning flow reduced
plan limit 851
current timestep 283
planning flow reduced
plan limit 852
current timestep 284
planning flow reduced
plan limit 852
current timestep 285
planning flow reduced
plan limit 845
current timestep 286
planning flow reduced
plan limit 840
current timestep 287
planning flow reduced
plan limit 840
current timestep 288
planning flow reduced
plan limit 850
current timestep 289
planning flow reduced
plan limit 849
current timestep 290
planning flow reduced
plan limit 843
current timestep 291
planning flow reduced
plan limit 853
current timestep 292
planning flow reduced
plan limit 851
current timestep 293
planning flow reduced
plan limit 847
current timestep 294
planning flow reduced
plan limit 852
current timestep 295
planning flow reduced
plan limit 850
current timestep 296
planning flow reduced
plan limit 848
current timestep 297
planning flow reduced
plan limit 846
current timestep 298
planning flow reduced
plan limit 853
current timestep 299
planning flow reduced
plan limit 847
current timestep 300
planning flow reduced
plan limit 850
current timestep 301
planning flow reduced
plan limit 849
current timestep 302
planning flow reduced
plan limit 845
current timestep 303
planning flow reduced
plan limit 853
current timestep 304
planning flow reduced
plan limit 846
current timestep 305
planning flow reduced
plan limit 853
current timestep 306
planning flow reduced
plan limit 845
current timestep 307
planning flow reduced
plan limit 849
current timestep 308
planning flow reduced
plan limit 852
current timestep 309
planning flow reduced
plan limit 850
current timestep 310
planning flow reduced
plan limit 843
current timestep 311
planning flow reduced
plan limit 842
current timestep 312
planning flow reduced
plan limit 850
current timestep 313
planning flow reduced
plan limit 852
current timestep 314
planning flow reduced
plan limit 850
current timestep 315
planning flow reduced
plan limit 850
current timestep 316
planning flow reduced
plan limit 848
current timestep 317
planning flow reduced
plan limit 848
current timestep 318
planning flow reduced
plan limit 837
current timestep 319
planning flow reduced
plan limit 842
current timestep 320
planning flow reduced
plan limit 845
current timestep 321
planning flow reduced
plan limit 850
current timestep 322
planning flow reduced
plan limit 855
current timestep 323
planning flow reduced
plan limit 847
current timestep 324
planning flow reduced
plan limit 848
current timestep 325
planning flow reduced
plan limit 847
current timestep 326
planning flow reduced
plan limit 853
current timestep 327
planning flow reduced
plan limit 853
current timestep 328
planning flow reduced
plan limit 853
current timestep 329
planning flow reduced
plan limit 852
current timestep 330
planning flow reduced
plan limit 849
current timestep 331
planning flow reduced
plan limit 853
current timestep 332
planning flow reduced
plan limit 846
current timestep 333
planning flow reduced
plan limit 851
current timestep 334
planning flow reduced
plan limit 851
current timestep 335
planning flow reduced
plan limit 845
current timestep 336
planning flow reduced
plan limit 843
current timestep 337
planning flow reduced
plan limit 848
current timestep 338
planning flow reduced
plan limit 853
current timestep 339
planning flow reduced
plan limit 852
current timestep 340
planning flow reduced
plan limit 851
current timestep 341
planning flow reduced
plan limit 845
current timestep 342
planning flow reduced
plan limit 834
current timestep 343
planning flow reduced
plan limit 853
current timestep 344
planning flow reduced
plan limit 855
current timestep 345
planning flow reduced
plan limit 838
current timestep 346
planning flow reduced
plan limit 846
current timestep 347
planning flow reduced
plan limit 851
current timestep 348
planning flow reduced
plan limit 846
current timestep 349
planning flow reduced
plan limit 847
current timestep 350
planning flow reduced
plan limit 850
current timestep 351
planning flow reduced
plan limit 847
current timestep 352
planning flow reduced
plan limit 846
current timestep 353
planning flow reduced
plan limit 848
current timestep 354
planning flow reduced
plan limit 843
current timestep 355
planning flow reduced
plan limit 845
current timestep 356
planning flow reduced
plan limit 839
current timestep 357
planning flow reduced
plan limit 849
current timestep 358
planning flow reduced
plan limit 840
current timestep 359
planning flow reduced
plan limit 850
current timestep 360
planning flow reduced
plan limit 845
current timestep 361
planning flow reduced
plan limit 853
current timestep 362
planning flow reduced
plan limit 850
current timestep 363
planning flow reduced
plan limit 850
current timestep 364
planning flow reduced
plan limit 845
current timestep 365
planning flow reduced
plan limit 853
current timestep 366
planning flow reduced
plan limit 843
current timestep 367
planning flow reduced
plan limit 846
current timestep 368
planning flow reduced
plan limit 843
current timestep 369
planning flow reduced
plan limit 850
current timestep 370
planning flow reduced
plan limit 850
current timestep 371
planning flow reduced
plan limit 848
current timestep 372
planning flow reduced
plan limit 850
current timestep 373
planning flow reduced
plan limit 851
current timestep 374
planning flow reduced
plan limit 846
current timestep 375
planning flow reduced
plan limit 853
current timestep 376
planning flow reduced
plan limit 850
current timestep 377
planning flow reduced
plan limit 852
current timestep 378
planning flow reduced
plan limit 847
current timestep 379
planning flow reduced
plan limit 849
current timestep 380
planning flow reduced
plan limit 854
current timestep 381
planning flow reduced
plan limit 852
current timestep 382
planning flow reduced
plan limit 848
current timestep 383
planning flow reduced
plan limit 846
current timestep 384
planning flow reduced
plan limit 840
current timestep 385
planning flow reduced
plan limit 841
current timestep 386
planning flow reduced
plan limit 853
current timestep 387
planning flow reduced
plan limit 837
current timestep 388
planning flow reduced
plan limit 850
current timestep 389
planning flow reduced
plan limit 852
current timestep 390
planning flow reduced
plan limit 851
current timestep 391
planning flow reduced
plan limit 847
current timestep 392
planning flow reduced
plan limit 852
current timestep 393
planning flow reduced
plan limit 852
current timestep 394
planning flow reduced
plan limit 851
current timestep 395
planning flow reduced
plan limit 852
current timestep 396
planning flow reduced
plan limit 841
current timestep 397
planning flow reduced
plan limit 851
current timestep 398
planning flow reduced
plan limit 855
current timestep 399
planning flow reduced
plan limit 847
current timestep 400
planning flow reduced
plan limit 854
current timestep 401
planning flow reduced
plan limit 850
current timestep 402
planning flow reduced
plan limit 852
current timestep 403
planning flow reduced
plan limit 849
current timestep 404
planning flow reduced
plan limit 853
current timestep 405
planning flow reduced
plan limit 847
current timestep 406
planning flow reduced
plan limit 850
current timestep 407
planning flow reduced
plan limit 854
current timestep 408
planning flow reduced
plan limit 852
current timestep 409
planning flow reduced
plan limit 853
current timestep 410
planning flow reduced
plan limit 851
current timestep 411
planning flow reduced
plan limit 853
current timestep 412
planning flow reduced
plan limit 853
current timestep 413
planning flow reduced
plan limit 848
current timestep 414
planning flow reduced
plan limit 850
current timestep 415
planning flow reduced
plan limit 852
current timestep 416
planning flow reduced
plan limit 851
current timestep 417
planning flow reduced
plan limit 853
current timestep 418
planning flow reduced
plan limit 852
current timestep 419
planning flow reduced
plan limit 852
current timestep 420
planning flow reduced
plan limit 845
current timestep 421
planning flow reduced
plan limit 851
current timestep 422
planning flow reduced
plan limit 850
current timestep 423
planning flow reduced
plan limit 848
current timestep 424
planning flow reduced
plan limit 844
current timestep 425
planning flow reduced
plan limit 848
current timestep 426
planning flow reduced
plan limit 854
current timestep 427
planning flow reduced
plan limit 853
current timestep 428
planning flow reduced
plan limit 846
current timestep 429
planning flow reduced
plan limit 851
current timestep 430
planning flow reduced
plan limit 852
current timestep 431
planning flow reduced
plan limit 851
current timestep 432
planning flow reduced
plan limit 846
current timestep 433
planning flow reduced
plan limit 853
current timestep 434
planning flow reduced
plan limit 853
current timestep 435
planning flow reduced
plan limit 850
current timestep 436
planning flow reduced
plan limit 851
current timestep 437
planning flow reduced
plan limit 853
current timestep 438
planning flow reduced
plan limit 834
current timestep 439
planning flow reduced
plan limit 851
current timestep 440
planning flow reduced
plan limit 843
current timestep 441
planning flow reduced
plan limit 852
current timestep 442
planning flow reduced
plan limit 850
current timestep 443
planning flow reduced
plan limit 851
current timestep 444
planning flow reduced
plan limit 853
current timestep 445
planning flow reduced
plan limit 843
current timestep 446
planning flow reduced
plan limit 850
current timestep 447
planning flow reduced
plan limit 839
current timestep 448
planning flow reduced
plan limit 849
current timestep 449
planning flow reduced
plan limit 845
current timestep 450
planning flow reduced
plan limit 850
current timestep 451
planning flow reduced
plan limit 847
current timestep 452
planning flow reduced
plan limit 841
current timestep 453
planning flow reduced
plan limit 842
current timestep 454
planning flow reduced
plan limit 851
current timestep 455
planning flow reduced
plan limit 832
current timestep 456
planning flow reduced
plan limit 850
current timestep 457
planning flow reduced
plan limit 850
current timestep 458
planning flow reduced
plan limit 847
current timestep 459
planning flow reduced
plan limit 850
current timestep 460
planning flow reduced
plan limit 850
current timestep 461
planning flow reduced
plan limit 845
current timestep 462
planning flow reduced
plan limit 846
current timestep 463
planning flow reduced
plan limit 844
current timestep 464
planning flow reduced
plan limit 849
current timestep 465
planning flow reduced
plan limit 842
current timestep 466
planning flow reduced
plan limit 846
current timestep 467
planning flow reduced
plan limit 810
current timestep 468
planning flow reduced
plan limit 846
current timestep 469
planning flow reduced
plan limit 852
current timestep 470
planning flow reduced
plan limit 845
current timestep 471
planning flow reduced
plan limit 853
current timestep 472
planning flow reduced
plan limit 850
current timestep 473
planning flow reduced
plan limit 840
current timestep 474
planning flow reduced
plan limit 846
current timestep 475
planning flow reduced
plan limit 853
current timestep 476
planning flow reduced
plan limit 848
current timestep 477
planning flow reduced
plan limit 844
current timestep 478
planning flow reduced
plan limit 851
current timestep 479
planning flow reduced
plan limit 848
current timestep 480
planning flow reduced
plan limit 849
current timestep 481
planning flow reduced
plan limit 853
current timestep 482
planning flow reduced
plan limit 853
current timestep 483
planning flow reduced
plan limit 850
current timestep 484
planning flow reduced
plan limit 855
current timestep 485
planning flow reduced
plan limit 850
current timestep 486
planning flow reduced
plan limit 853
current timestep 487
planning flow reduced
plan limit 852
current timestep 488
planning flow reduced
plan limit 848
current timestep 489
planning flow reduced
plan limit 853
current timestep 490
planning flow reduced
plan limit 852
current timestep 491
planning flow reduced
plan limit 851
current timestep 492
planning flow reduced
plan limit 853
current timestep 493
planning flow reduced
plan limit 851
current timestep 494
planning flow reduced
plan limit 853
current timestep 495
planning flow reduced
plan limit 852
current timestep 496
planning flow reduced
plan limit 850
current timestep 497
planning flow reduced
plan limit 852
current timestep 498
planning flow reduced
plan limit 848
current timestep 499
planning flow reduced
plan limit 845
current timestep 500
planning flow reduced
plan limit 851
current timestep 501
planning flow reduced
plan limit 853
current timestep 502
planning flow reduced
plan limit 851
current timestep 503
planning flow reduced
plan limit 852
current timestep 504
planning flow reduced
plan limit 852
current timestep 505
planning flow reduced
plan limit 839
current timestep 506
planning flow reduced
plan limit 848
current timestep 507
planning flow reduced
plan limit 853
current timestep 508
planning flow reduced
plan limit 852
current timestep 509
planning flow reduced
plan limit 853
current timestep 510
planning flow reduced
plan limit 852
current timestep 511
planning flow reduced
plan limit 854
current timestep 512
planning flow reduced
plan limit 850
current timestep 513
planning flow reduced
plan limit 850
current timestep 514
planning flow reduced
plan limit 852
current timestep 515
planning flow reduced
plan limit 846
current timestep 516
planning flow reduced
plan limit 848
current timestep 517
planning flow reduced
plan limit 851
current timestep 518
planning flow reduced
plan limit 850
current timestep 519
planning flow reduced
plan limit 854
current timestep 520
planning flow reduced
plan limit 844
current timestep 521
planning flow reduced
plan limit 851
current timestep 522
planning flow reduced
plan limit 848
current timestep 523
planning flow reduced
plan limit 841
current timestep 524
planning flow reduced
plan limit 846
current timestep 525
planning flow reduced
plan limit 846
current timestep 526
planning flow reduced
plan limit 845
current timestep 527
planning flow reduced
plan limit 852
current timestep 528
planning flow reduced
plan limit 843
current timestep 529
planning flow reduced
plan limit 851
current timestep 530
planning flow reduced
plan limit 851
current timestep 531
planning flow reduced
plan limit 852
current timestep 532
planning flow reduced
plan limit 850
current timestep 533
planning flow reduced
plan limit 849
current timestep 534
planning flow reduced
plan limit 846
current timestep 535
planning flow reduced
plan limit 846
current timestep 536
planning flow reduced
plan limit 851
current timestep 537
planning flow reduced
plan limit 849
current timestep 538
planning flow reduced
plan limit 850
current timestep 539
planning flow reduced
plan limit 852
current timestep 540
planning flow reduced
plan limit 852
current timestep 541
planning flow reduced
plan limit 851
current timestep 542
planning flow reduced
plan limit 852
current timestep 543
planning flow reduced
plan limit 854
current timestep 544
planning flow reduced
plan limit 853
current timestep 545
planning flow reduced
plan limit 846
current timestep 546
planning flow reduced
plan limit 848
current timestep 547
planning flow reduced
plan limit 850
current timestep 548
planning flow reduced
plan limit 847
current timestep 549
planning flow reduced
plan limit 851
current timestep 550
planning flow reduced
plan limit 848
current timestep 551
planning flow reduced
plan limit 845
current timestep 552
planning flow reduced
plan limit 846
current timestep 553
planning flow reduced
plan limit 850
current timestep 554
planning flow reduced
plan limit 852
current timestep 555
planning flow reduced
plan limit 852
current timestep 556
planning flow reduced
plan limit 852
current timestep 557
planning flow reduced
plan limit 848
current timestep 558
planning flow reduced
plan limit 846
current timestep 559
planning flow reduced
plan limit 850
current timestep 560
planning flow reduced
plan limit 849
current timestep 561
planning flow reduced
plan limit 847
current timestep 562
planning flow reduced
plan limit 847
current timestep 563
planning flow reduced
plan limit 851
current timestep 564
planning flow reduced
plan limit 845
current timestep 565
planning flow reduced
plan limit 851
current timestep 566
planning flow reduced
plan limit 850
current timestep 567
planning flow reduced
plan limit 849
current timestep 568
planning flow reduced
plan limit 846
current timestep 569
planning flow reduced
plan limit 852
current timestep 570
planning flow reduced
plan limit 853
current timestep 571
planning flow reduced
plan limit 852
current timestep 572
planning flow reduced
plan limit 852
current timestep 573
planning flow reduced
plan limit 848
current timestep 574
planning flow reduced
plan limit 853
current timestep 575
planning flow reduced
plan limit 851
current timestep 576
planning flow reduced
plan limit 849
current timestep 577
planning flow reduced
plan limit 852
current timestep 578
planning flow reduced
plan limit 846
current timestep 579
planning flow reduced
plan limit 852
current timestep 580
planning flow reduced
plan limit 850
current timestep 581
planning flow reduced
plan limit 843
current timestep 582
planning flow reduced
plan limit 854
current timestep 583
planning flow reduced
plan limit 851
current timestep 584
planning flow reduced
plan limit 845
current timestep 585
planning flow reduced
plan limit 851
current timestep 586
planning flow reduced
plan limit 852
current timestep 587
planning flow reduced
plan limit 852
current timestep 588
planning flow reduced
plan limit 853
current timestep 589
planning flow reduced
plan limit 851
current timestep 590
planning flow reduced
plan limit 851
current timestep 591
planning flow reduced
plan limit 853
current timestep 592
planning flow reduced
plan limit 851
current timestep 593
planning flow reduced
plan limit 853
current timestep 594
planning flow reduced
plan limit 850
current timestep 595
planning flow reduced
plan limit 853
current timestep 596
planning flow reduced
plan limit 847
current timestep 597
planning flow reduced
plan limit 848
current timestep 598
planning flow reduced
plan limit 853
current timestep 599
planning flow reduced
plan limit 849
current timestep 600
planning flow reduced
plan limit 849
current timestep 601
planning flow reduced
plan limit 853
current timestep 602
planning flow reduced
plan limit 852
current timestep 603
planning flow reduced
plan limit 847
current timestep 604
planning flow reduced
plan limit 853
current timestep 605
planning flow reduced
plan limit 851
current timestep 606
planning flow reduced
plan limit 849
current timestep 607
planning flow reduced
plan limit 853
current timestep 608
planning flow reduced
plan limit 851
current timestep 609
planning flow reduced
plan limit 851
current timestep 610
planning flow reduced
plan limit 852
current timestep 611
planning flow reduced
plan limit 851
current timestep 612
planning flow reduced
plan limit 851
current timestep 613
planning flow reduced
plan limit 850
current timestep 614
planning flow reduced
plan limit 850
current timestep 615
planning flow reduced
plan limit 854
current timestep 616
planning flow reduced
plan limit 847
current timestep 617
planning flow reduced
plan limit 846
current timestep 618
planning flow reduced
plan limit 851
current timestep 619
planning flow reduced
plan limit 848
current timestep 620
planning flow reduced
plan limit 850
current timestep 621
planning flow reduced
plan limit 835
current timestep 622
planning flow reduced
plan limit 847
current timestep 623
planning flow reduced
plan limit 850
current timestep 624
planning flow reduced
plan limit 852
current timestep 625
planning flow reduced
plan limit 848
current timestep 626
planning flow reduced
plan limit 853
current timestep 627
planning flow reduced
plan limit 851
current timestep 628
planning flow reduced
plan limit 850
current timestep 629
planning flow reduced
plan limit 848
current timestep 630
planning flow reduced
plan limit 849
current timestep 631
planning flow reduced
plan limit 848
current timestep 632
planning flow reduced
plan limit 853
current timestep 633
planning flow reduced
plan limit 847
current timestep 634
planning flow reduced
plan limit 852
current timestep 635
planning flow reduced
plan limit 850
current timestep 636
planning flow reduced
plan limit 851
current timestep 637
planning flow reduced
plan limit 853
current timestep 638
planning flow reduced
plan limit 855
current timestep 639
planning flow reduced
plan limit 849
current timestep 640
planning flow reduced
plan limit 852
current timestep 641
planning flow reduced
plan limit 854
current timestep 642
planning flow reduced
plan limit 853
current timestep 643
planning flow reduced
plan limit 848
current timestep 644
planning flow reduced
plan limit 853
current timestep 645
planning flow reduced
plan limit 846
current timestep 646
planning flow reduced
plan limit 848
current timestep 647
planning flow reduced
plan limit 847
current timestep 648
planning flow reduced
plan limit 852
current timestep 649
planning flow reduced
plan limit 846
current timestep 650
planning flow reduced
plan limit 852
current timestep 651
planning flow reduced
plan limit 851
current timestep 652
planning flow reduced
plan limit 852
current timestep 653
planning flow reduced
plan limit 849
current timestep 654
planning flow reduced
plan limit 852
current timestep 655
planning flow reduced
plan limit 853
current timestep 656
planning flow reduced
plan limit 852
current timestep 657
planning flow reduced
plan limit 850
current timestep 658
planning flow reduced
plan limit 852
current timestep 659
planning flow reduced
plan limit 848
current timestep 660
planning flow reduced
plan limit 851
current timestep 661
planning flow reduced
plan limit 850
current timestep 662
planning flow reduced
plan limit 850
current timestep 663
planning flow reduced
plan limit 853
current timestep 664
planning flow reduced
plan limit 849
current timestep 665
planning flow reduced
plan limit 846
current timestep 666
planning flow reduced
plan limit 852
current timestep 667
planning flow reduced
plan limit 849
current timestep 668
planning flow reduced
plan limit 850
current timestep 669
planning flow reduced
plan limit 849
current timestep 670
planning flow reduced
plan limit 851
current timestep 671
planning flow reduced
plan limit 852
current timestep 672
planning flow reduced
plan limit 848
current timestep 673
planning flow reduced
plan limit 851
current timestep 674
planning flow reduced
plan limit 852
current timestep 675
planning flow reduced
plan limit 851
current timestep 676
planning flow reduced
plan limit 852
current timestep 677
planning flow reduced
plan limit 847
current timestep 678
planning flow reduced
plan limit 850
current timestep 679
planning flow reduced
plan limit 851
current timestep 680
planning flow reduced
plan limit 852
current timestep 681
planning flow reduced
plan limit 850
current timestep 682
planning flow reduced
plan limit 850
current timestep 683
planning flow reduced
plan limit 848
current timestep 684
planning flow reduced
plan limit 850
current timestep 685
planning flow reduced
plan limit 851
current timestep 686
planning flow reduced
plan limit 848
current timestep 687
planning flow reduced
plan limit 852
current timestep 688
planning flow reduced
plan limit 851
current timestep 689
planning flow reduced
plan limit 851
current timestep 690
planning flow reduced
plan limit 851
current timestep 691
planning flow reduced
plan limit 849
current timestep 692
planning flow reduced
plan limit 854
current timestep 693
planning flow reduced
plan limit 853
current timestep 694
planning flow reduced
plan limit 849
current timestep 695
planning flow reduced
plan limit 851
current timestep 696
planning flow reduced
plan limit 851
current timestep 697
planning flow reduced
plan limit 851
current timestep 698
planning flow reduced
plan limit 850
current timestep 699
planning flow reduced
plan limit 851
current timestep 700
planning flow reduced
plan limit 852
current timestep 701
planning flow reduced
plan limit 846
current timestep 702
planning flow reduced
plan limit 850
current timestep 703
planning flow reduced
plan limit 850
current timestep 704
planning flow reduced
plan limit 852
current timestep 705
planning flow reduced
plan limit 852
current timestep 706
planning flow reduced
plan limit 851
current timestep 707
planning flow reduced
plan limit 852
current timestep 708
planning flow reduced
plan limit 846
current timestep 709
planning flow reduced
plan limit 850
current timestep 710
planning flow reduced
plan limit 851
current timestep 711
planning flow reduced
plan limit 846
current timestep 712
planning flow reduced
plan limit 845
current timestep 713
planning flow reduced
plan limit 847
current timestep 714
planning flow reduced
plan limit 843
current timestep 715
planning flow reduced
plan limit 850
current timestep 716
planning flow reduced
plan limit 849
current timestep 717
planning flow reduced
plan limit 852
current timestep 718
planning flow reduced
plan limit 849
current timestep 719
planning flow reduced
plan limit 847
current timestep 720
planning flow reduced
plan limit 847
current timestep 721
planning flow reduced
plan limit 850
current timestep 722
planning flow reduced
plan limit 850
current timestep 723
planning flow reduced
plan limit 846
current timestep 724
planning flow reduced
plan limit 847
current timestep 725
planning flow reduced
plan limit 839
current timestep 726
planning flow reduced
plan limit 847
current timestep 727
planning flow reduced
plan limit 851
current timestep 728
planning flow reduced
plan limit 853
current timestep 729
planning flow reduced
plan limit 850
current timestep 730
planning flow reduced
plan limit 851
current timestep 731
planning flow reduced
plan limit 851
current timestep 732
planning flow reduced
plan limit 842
current timestep 733
planning flow reduced
plan limit 851
current timestep 734
planning flow reduced
plan limit 849
current timestep 735
planning flow reduced
plan limit 851
current timestep 736
planning flow reduced
plan limit 852
current timestep 737
planning flow reduced
plan limit 849
current timestep 738
planning flow reduced
plan limit 845
current timestep 739
planning flow reduced
plan limit 845
current timestep 740
planning flow reduced
plan limit 851
current timestep 741
planning flow reduced
plan limit 850
current timestep 742
planning flow reduced
plan limit 851
current timestep 743
planning flow reduced
plan limit 850
current timestep 744
planning flow reduced
plan limit 851
current timestep 745
planning flow reduced
plan limit 852
current timestep 746
planning flow reduced
plan limit 848
current timestep 747
planning flow reduced
plan limit 852
current timestep 748
planning flow reduced
plan limit 851
current timestep 749
planning flow reduced
plan limit 851
current timestep 750
planning flow reduced
plan limit 848
current timestep 751
planning flow reduced
plan limit 848
current timestep 752
planning flow reduced
plan limit 849
current timestep 753
planning flow reduced
plan limit 850
current timestep 754
planning flow reduced
plan limit 850
current timestep 755
planning flow reduced
plan limit 847
current timestep 756
planning flow reduced
plan limit 851
current timestep 757
planning flow reduced
plan limit 848
current timestep 758
planning flow reduced
plan limit 851
current timestep 759
planning flow reduced
plan limit 850
current timestep 760
planning flow reduced
plan limit 851
current timestep 761
planning flow reduced
plan limit 851
current timestep 762
planning flow reduced
plan limit 851
current timestep 763
planning flow reduced
plan limit 847
current timestep 764
planning flow reduced
plan limit 833
current timestep 765
planning flow reduced
plan limit 847
current timestep 766
planning flow reduced
plan limit 845
current timestep 767
planning flow reduced
plan limit 851
current timestep 768
planning flow reduced
plan limit 851
current timestep 769
planning flow reduced
plan limit 843
current timestep 770
planning flow reduced
plan limit 848
current timestep 771
planning flow reduced
plan limit 851
current timestep 772
planning flow reduced
plan limit 852
current timestep 773
planning flow reduced
plan limit 849
current timestep 774
planning flow reduced
plan limit 853
current timestep 775
planning flow reduced
plan limit 852
current timestep 776
planning flow reduced
plan limit 850
current timestep 777
planning flow reduced
plan limit 846
current timestep 778
planning flow reduced
plan limit 846
current timestep 779
planning flow reduced
plan limit 849
current timestep 780
planning flow reduced
plan limit 848
current timestep 781
planning flow reduced
plan limit 852
current timestep 782
planning flow reduced
plan limit 849
current timestep 783
planning flow reduced
plan limit 850
current timestep 784
planning flow reduced
plan limit 850
current timestep 785
planning flow reduced
plan limit 849
current timestep 786
planning flow reduced
plan limit 852
current timestep 787
planning flow reduced
plan limit 849
current timestep 788
planning flow reduced
plan limit 849
current timestep 789
planning flow reduced
plan limit 848
current timestep 790
planning flow reduced
plan limit 849
current timestep 791
planning flow reduced
plan limit 843
current timestep 792
planning flow reduced
plan limit 848
current timestep 793
planning flow reduced
plan limit 846
current timestep 794
planning flow reduced
plan limit 845
current timestep 795
planning flow reduced
plan limit 852
current timestep 796
planning flow reduced
plan limit 852
current timestep 797
planning flow reduced
plan limit 852
current timestep 798
planning flow reduced
plan limit 849
current timestep 799
planning flow reduced
plan limit 852
current timestep 800
planning flow reduced
plan limit 852
current timestep 801
planning flow reduced
plan limit 851
current timestep 802
planning flow reduced
plan limit 849
current timestep 803
planning flow reduced
plan limit 854
current timestep 804
planning flow reduced
plan limit 852
current timestep 805
planning flow reduced
plan limit 828
current timestep 806
planning flow reduced
plan limit 850
current timestep 807
planning flow reduced
plan limit 851
current timestep 808
planning flow reduced
plan limit 852
current timestep 809
planning flow reduced
plan limit 852
current timestep 810
planning flow reduced
plan limit 850
current timestep 811
planning flow reduced
plan limit 852
current timestep 812
planning flow reduced
plan limit 850
current timestep 813
planning flow reduced
plan limit 850
current timestep 814
planning flow reduced
plan limit 851
current timestep 815
planning flow reduced
plan limit 851
current timestep 816
planning flow reduced
plan limit 843
current timestep 817
planning flow reduced
plan limit 847
current timestep 818
planning flow reduced
plan limit 851
current timestep 819
planning flow reduced
plan limit 849
current timestep 820
planning flow reduced
plan limit 850
current timestep 821
planning flow reduced
plan limit 849
current timestep 822
planning flow reduced
plan limit 851
current timestep 823
planning flow reduced
plan limit 850
current timestep 824
planning flow reduced
plan limit 852
current timestep 825
planning flow reduced
plan limit 852
current timestep 826
planning flow reduced
plan limit 848
current timestep 827
planning flow reduced
plan limit 854
current timestep 828
planning flow reduced
plan limit 851
current timestep 829
planning flow reduced
plan limit 849
current timestep 830
planning flow reduced
plan limit 848
current timestep 831
planning flow reduced
plan limit 853
current timestep 832
planning flow reduced
plan limit 850
current timestep 833
planning flow reduced
plan limit 851
current timestep 834
planning flow reduced
plan limit 853
current timestep 835
planning flow reduced
plan limit 852
current timestep 836
planning flow reduced
plan limit 853
current timestep 837
planning flow reduced
plan limit 853
current timestep 838
planning flow reduced
plan limit 851
current timestep 839
planning flow reduced
plan limit 850
current timestep 840
planning flow reduced
plan limit 850
current timestep 841
planning flow reduced
plan limit 853
current timestep 842
planning flow reduced
plan limit 849
current timestep 843
planning flow reduced
plan limit 851
current timestep 844
planning flow reduced
plan limit 847
current timestep 845
planning flow reduced
plan limit 847
current timestep 846
planning flow reduced
plan limit 851
current timestep 847
planning flow reduced
plan limit 848
current timestep 848
planning flow reduced
plan limit 850
current timestep 849
planning flow reduced
plan limit 853
current timestep 850
planning flow reduced
plan limit 850
current timestep 851
planning flow reduced
plan limit 853
current timestep 852
planning flow reduced
plan limit 851
current timestep 853
planning flow reduced
plan limit 849
current timestep 854
planning flow reduced
plan limit 848
current timestep 855
planning flow reduced
plan limit 850
current timestep 856
planning flow reduced
plan limit 846
current timestep 857
planning flow reduced
plan limit 850
current timestep 858
planning flow reduced
plan limit 850
current timestep 859
planning flow reduced
plan limit 851
current timestep 860
planning flow reduced
plan limit 851
current timestep 861
planning flow reduced
plan limit 852
current timestep 862
planning flow reduced
plan limit 849
current timestep 863
planning flow reduced
plan limit 852
current timestep 864
planning flow reduced
plan limit 852
current timestep 865
planning flow reduced
plan limit 852
current timestep 866
planning flow reduced
plan limit 849
current timestep 867
planning flow reduced
plan limit 852
current timestep 868
planning flow reduced
plan limit 850
current timestep 869
planning flow reduced
plan limit 852
current timestep 870
planning flow reduced
plan limit 848
current timestep 871
planning flow reduced
plan limit 850
current timestep 872
planning flow reduced
plan limit 851
current timestep 873
planning flow reduced
plan limit 853
current timestep 874
planning flow reduced
plan limit 852
current timestep 875
planning flow reduced
plan limit 847
current timestep 876
planning flow reduced
plan limit 845
current timestep 877
planning flow reduced
plan limit 848
current timestep 878
planning flow reduced
plan limit 848
current timestep 879
planning flow reduced
plan limit 851
current timestep 880
planning flow reduced
plan limit 849
current timestep 881
planning flow reduced
plan limit 848
current timestep 882
planning flow reduced
plan limit 847
current timestep 883
planning flow reduced
plan limit 853
current timestep 884
planning flow reduced
plan limit 851
current timestep 885
planning flow reduced
plan limit 852
current timestep 886
planning flow reduced
plan limit 851
current timestep 887
planning flow reduced
plan limit 853
current timestep 888
planning flow reduced
plan limit 852
current timestep 889
planning flow reduced
plan limit 852
current timestep 890
planning flow reduced
plan limit 850
current timestep 891
planning flow reduced
plan limit 849
current timestep 892
planning flow reduced
plan limit 850
current timestep 893
planning flow reduced
plan limit 851
current timestep 894
planning flow reduced
plan limit 851
current timestep 895
planning flow reduced
plan limit 852
current timestep 896
planning flow reduced
plan limit 848
current timestep 897
planning flow reduced
plan limit 852
current timestep 898
planning flow reduced
plan limit 852
current timestep 899
planning flow reduced
plan limit 845
current timestep 900
planning flow reduced
plan limit 850
current timestep 901
planning flow reduced
plan limit 852
current timestep 902
planning flow reduced
plan limit 850
current timestep 903
planning flow reduced
plan limit 849
current timestep 904
planning flow reduced
plan limit 849
current timestep 905
planning flow reduced
plan limit 849
current timestep 906
planning flow reduced
plan limit 850
current timestep 907
planning flow reduced
plan limit 846
current timestep 908
planning flow reduced
plan limit 853
current timestep 909
planning flow reduced
plan limit 847
current timestep 910
planning flow reduced
plan limit 846
current timestep 911
planning flow reduced
plan limit 850
current timestep 912
planning flow reduced
plan limit 852
current timestep 913
planning flow reduced
plan limit 851
current timestep 914
planning flow reduced
plan limit 848
current timestep 915
planning flow reduced
plan limit 850
current timestep 916
planning flow reduced
plan limit 850
current timestep 917
planning flow reduced
plan limit 848
current timestep 918
planning flow reduced
plan limit 848
current timestep 919
planning flow reduced
plan limit 850
current timestep 920
planning flow reduced
plan limit 850
current timestep 921
planning flow reduced
plan limit 850
current timestep 922
planning flow reduced
plan limit 852
current timestep 923
planning flow reduced
plan limit 851
current timestep 924
planning flow reduced
plan limit 849
current timestep 925
planning flow reduced
plan limit 845
current timestep 926
planning flow reduced
plan limit 852
current timestep 927
planning flow reduced
plan limit 849
current timestep 928
planning flow reduced
plan limit 850
current timestep 929
planning flow reduced
plan limit 851
current timestep 930
planning flow reduced
plan limit 846
current timestep 931
planning flow reduced
plan limit 852
current timestep 932
planning flow reduced
plan limit 848
current timestep 933
planning flow reduced
plan limit 851
current timestep 934
planning flow reduced
plan limit 850
current timestep 935
planning flow reduced
plan limit 846
current timestep 936
planning flow reduced
plan limit 851
current timestep 937
planning flow reduced
plan limit 850
current timestep 938
planning flow reduced
plan limit 845
current timestep 939
planning flow reduced
plan limit 849
current timestep 940
planning flow reduced
plan limit 843
current timestep 941
planning flow reduced
plan limit 848
current timestep 942
planning flow reduced
plan limit 845
current timestep 943
planning flow reduced
plan limit 850
current timestep 944
planning flow reduced
plan limit 846
current timestep 945
planning flow reduced
plan limit 851
current timestep 946
planning flow reduced
plan limit 849
current timestep 947
planning flow reduced
plan limit 848
current timestep 948
planning flow reduced
plan limit 840
current timestep 949
planning flow reduced
plan limit 845
current timestep 950
planning flow reduced
plan limit 850
current timestep 951
planning flow reduced
plan limit 848
current timestep 952
planning flow reduced
plan limit 849
current timestep 953
planning flow reduced
plan limit 845
current timestep 954
planning flow reduced
plan limit 848
current timestep 955
planning flow reduced
plan limit 854
current timestep 956
planning flow reduced
plan limit 853
current timestep 957
planning flow reduced
plan limit 853
current timestep 958
planning flow reduced
plan limit 850
current timestep 959
planning flow reduced
plan limit 848
current timestep 960
planning flow reduced
plan limit 850
current timestep 961
planning flow reduced
plan limit 848
current timestep 962
planning flow reduced
plan limit 850
current timestep 963
planning flow reduced
plan limit 846
current timestep 964
planning flow reduced
plan limit 851
current timestep 965
planning flow reduced
plan limit 850
current timestep 966
planning flow reduced
plan limit 849
current timestep 967
planning flow reduced
plan limit 849
current timestep 968
planning flow reduced
plan limit 850
current timestep 969
planning flow reduced
plan limit 850
current timestep 970
planning flow reduced
plan limit 851
current timestep 971
planning flow reduced
plan limit 851
current timestep 972
planning flow reduced
plan limit 849
current timestep 973
planning flow reduced
plan limit 848
current timestep 974
planning flow reduced
plan limit 845
current timestep 975
planning flow reduced
plan limit 845
current timestep 976
planning flow reduced
plan limit 851
current timestep 977
planning flow reduced
plan limit 852
current timestep 978
planning flow reduced
plan limit 851
current timestep 979
planning flow reduced
plan limit 851
current timestep 980
planning flow reduced
plan limit 850
current timestep 981
planning flow reduced
plan limit 849
current timestep 982
planning flow reduced
plan limit 850
current timestep 983
planning flow reduced
plan limit 849
current timestep 984
planning flow reduced
plan limit 851
current timestep 985
planning flow reduced
plan limit 850
current timestep 986
planning flow reduced
plan limit 845
current timestep 987
planning flow reduced
plan limit 852
current timestep 988
planning flow reduced
plan limit 847
current timestep 989
planning flow reduced
plan limit 850
current timestep 990
planning flow reduced
plan limit 849
current timestep 991
planning flow reduced
plan limit 851
current timestep 992
planning flow reduced
plan limit 848
current timestep 993
planning flow reduced
plan limit 848
current timestep 994
planning flow reduced
plan limit 851
current timestep 995
planning flow reduced
plan limit 850
current timestep 996
planning flow reduced
plan limit 848
current timestep 997
planning flow reduced
plan limit 851
current timestep 998
planning flow reduced
plan limit 850
current timestep 999
planning flow reduced
plan limit 845
current timestep 1000
planning flow reduced
plan limit 849
current timestep 1001
planning flow reduced
plan limit 853
current timestep 1002
planning flow reduced
plan limit 853
current timestep 1003
planning flow reduced
plan limit 846
current timestep 1004
planning flow reduced
plan limit 847
current timestep 1005
planning flow reduced
plan limit 851
current timestep 1006
planning flow reduced
plan limit 850
current timestep 1007
planning flow reduced
plan limit 852
current timestep 1008
planning flow reduced
plan limit 850
current timestep 1009
planning flow reduced
plan limit 851
current timestep 1010
planning flow reduced
plan limit 849
current timestep 1011
planning flow reduced
plan limit 848
current timestep 1012
planning flow reduced
plan limit 852
current timestep 1013
planning flow reduced
plan limit 848
current timestep 1014
planning flow reduced
plan limit 843
current timestep 1015
planning flow reduced
plan limit 846
current timestep 1016
planning flow reduced
plan limit 849
current timestep 1017
planning flow reduced
plan limit 846
current timestep 1018
planning flow reduced
plan limit 847
current timestep 1019
planning flow reduced
plan limit 850
current timestep 1020
planning flow reduced
plan limit 852
current timestep 1021
planning flow reduced
plan limit 850
current timestep 1022
planning flow reduced
plan limit 848
current timestep 1023
planning flow reduced
plan limit 849
current timestep 1024
planning flow reduced
plan limit 851
current timestep 1025
planning flow reduced
plan limit 851
current timestep 1026
planning flow reduced
plan limit 852
current timestep 1027
planning flow reduced
plan limit 849
current timestep 1028
planning flow reduced
plan limit 851
current timestep 1029
planning flow reduced
plan limit 852
current timestep 1030
planning flow reduced
plan limit 846
current timestep 1031
planning flow reduced
plan limit 848
current timestep 1032
planning flow reduced
plan limit 848
current timestep 1033
planning flow reduced
plan limit 845
current timestep 1034
planning flow reduced
plan limit 849
current timestep 1035
planning flow reduced
plan limit 851
current timestep 1036
planning flow reduced
plan limit 852
current timestep 1037
planning flow reduced
plan limit 851
current timestep 1038
planning flow reduced
plan limit 851
current timestep 1039
planning flow reduced
plan limit 846
current timestep 1040
planning flow reduced
plan limit 842
current timestep 1041
planning flow reduced
plan limit 849
current timestep 1042
planning flow reduced
plan limit 852
current timestep 1043
planning flow reduced
plan limit 853
current timestep 1044
planning flow reduced
plan limit 853
current timestep 1045
planning flow reduced
plan limit 852
current timestep 1046
planning flow reduced
plan limit 853
current timestep 1047
planning flow reduced
plan limit 853
current timestep 1048
planning flow reduced
plan limit 850
current timestep 1049
planning flow reduced
plan limit 852
current timestep 1050
planning flow reduced
plan limit 853
current timestep 1051
planning flow reduced
plan limit 849
current timestep 1052
planning flow reduced
plan limit 853
current timestep 1053
planning flow reduced
plan limit 849
current timestep 1054
planning flow reduced
plan limit 852
current timestep 1055
planning flow reduced
plan limit 847
current timestep 1056
planning flow reduced
plan limit 852
current timestep 1057
planning flow reduced
plan limit 849
current timestep 1058
planning flow reduced
plan limit 848
current timestep 1059
planning flow reduced
plan limit 851
current timestep 1060
planning flow reduced
plan limit 853
current timestep 1061
planning flow reduced
plan limit 853
current timestep 1062
planning flow reduced
plan limit 853
current timestep 1063
planning flow reduced
plan limit 849
current timestep 1064
planning flow reduced
plan limit 850
current timestep 1065
planning flow reduced
plan limit 841
current timestep 1066
planning flow reduced
plan limit 850
current timestep 1067
planning flow reduced
plan limit 853
current timestep 1068
planning flow reduced
plan limit 842
current timestep 1069
planning flow reduced
plan limit 852
current timestep 1070
planning flow reduced
plan limit 850
current timestep 1071
planning flow reduced
plan limit 853
current timestep 1072
planning flow reduced
plan limit 851
current timestep 1073
planning flow reduced
plan limit 852
current timestep 1074
planning flow reduced
plan limit 854
current timestep 1075
planning flow reduced
plan limit 852
current timestep 1076
planning flow reduced
plan limit 852
current timestep 1077
planning flow reduced
plan limit 846
current timestep 1078
planning flow reduced
plan limit 851
current timestep 1079
planning flow reduced
plan limit 854
current timestep 1080
planning flow reduced
plan limit 849
current timestep 1081
planning flow reduced
plan limit 851
current timestep 1082
planning flow reduced
plan limit 851
current timestep 1083
planning flow reduced
plan limit 854
current timestep 1084
planning flow reduced
plan limit 849
current timestep 1085
planning flow reduced
plan limit 847
current timestep 1086
planning flow reduced
plan limit 853
current timestep 1087
planning flow reduced
plan limit 851
current timestep 1088
planning flow reduced
plan limit 851
current timestep 1089
planning flow reduced
plan limit 852
current timestep 1090
planning flow reduced
plan limit 851
current timestep 1091
planning flow reduced
plan limit 851
current timestep 1092
planning flow reduced
plan limit 851
current timestep 1093
planning flow reduced
plan limit 851
current timestep 1094
planning flow reduced
plan limit 851
current timestep 1095
planning flow reduced
plan limit 851
current timestep 1096
planning flow reduced
plan limit 851
current timestep 1097
planning flow reduced
plan limit 852
current timestep 1098
planning flow reduced
plan limit 850
current timestep 1099
planning flow reduced
plan limit 850
current timestep 1100
planning flow reduced
plan limit 851
current timestep 1101
planning flow reduced
plan limit 853
current timestep 1102
planning flow reduced
plan limit 852
current timestep 1103
planning flow reduced
plan limit 845
current timestep 1104
planning flow reduced
plan limit 844
current timestep 1105
planning flow reduced
plan limit 845
current timestep 1106
planning flow reduced
plan limit 852
current timestep 1107
planning flow reduced
plan limit 847
current timestep 1108
planning flow reduced
plan limit 846
current timestep 1109
planning flow reduced
plan limit 852
current timestep 1110
planning flow reduced
plan limit 851
current timestep 1111
planning flow reduced
plan limit 852
current timestep 1112
planning flow reduced
plan limit 852
current timestep 1113
planning flow reduced
plan limit 853
current timestep 1114
planning flow reduced
plan limit 853
current timestep 1115
planning flow reduced
plan limit 852
current timestep 1116
planning flow reduced
plan limit 847
current timestep 1117
planning flow reduced
plan limit 852
current timestep 1118
planning flow reduced
plan limit 851
current timestep 1119
planning flow reduced
plan limit 843
current timestep 1120
planning flow reduced
plan limit 849
current timestep 1121
planning flow reduced
plan limit 848
current timestep 1122
planning flow reduced
plan limit 845
current timestep 1123
planning flow reduced
plan limit 850
current timestep 1124
planning flow reduced
plan limit 850
current timestep 1125
planning flow reduced
plan limit 850
current timestep 1126
planning flow reduced
plan limit 852
current timestep 1127
planning flow reduced
plan limit 854
current timestep 1128
planning flow reduced
plan limit 852
current timestep 1129
planning flow reduced
plan limit 851
current timestep 1130
planning flow reduced
plan limit 852
current timestep 1131
planning flow reduced
plan limit 852
current timestep 1132
planning flow reduced
plan limit 852
current timestep 1133
planning flow reduced
plan limit 847
current timestep 1134
planning flow reduced
plan limit 850
current timestep 1135
planning flow reduced
plan limit 851
current timestep 1136
planning flow reduced
plan limit 851
current timestep 1137
planning flow reduced
plan limit 850
current timestep 1138
planning flow reduced
plan limit 852
current timestep 1139
planning flow reduced
plan limit 852
current timestep 1140
planning flow reduced
plan limit 848
current timestep 1141
planning flow reduced
plan limit 848
current timestep 1142
planning flow reduced
plan limit 848
current timestep 1143
planning flow reduced
plan limit 852
current timestep 1144
planning flow reduced
plan limit 851
current timestep 1145
planning flow reduced
plan limit 853
current timestep 1146
planning flow reduced
plan limit 849
current timestep 1147
planning flow reduced
plan limit 848
current timestep 1148
planning flow reduced
plan limit 852
current timestep 1149
planning flow reduced
plan limit 850
current timestep 1150
planning flow reduced
plan limit 849
current timestep 1151
planning flow reduced
plan limit 850
current timestep 1152
planning flow reduced
plan limit 849
current timestep 1153
planning flow reduced
plan limit 850
current timestep 1154
planning flow reduced
plan limit 851
current timestep 1155
planning flow reduced
plan limit 847
current timestep 1156
planning flow reduced
plan limit 850
current timestep 1157
planning flow reduced
plan limit 851
current timestep 1158
planning flow reduced
plan limit 850
current timestep 1159
planning flow reduced
plan limit 851
current timestep 1160
planning flow reduced
plan limit 852
current timestep 1161
planning flow reduced
plan limit 852
current timestep 1162
planning flow reduced
plan limit 851
current timestep 1163
planning flow reduced
plan limit 850
current timestep 1164
planning flow reduced
plan limit 850
current timestep 1165
planning flow reduced
plan limit 851
current timestep 1166
planning flow reduced
plan limit 850
current timestep 1167
planning flow reduced
plan limit 845
current timestep 1168
planning flow reduced
plan limit 847
current timestep 1169
planning flow reduced
plan limit 850
current timestep 1170
planning flow reduced
plan limit 850
current timestep 1171
planning flow reduced
plan limit 852
current timestep 1172
planning flow reduced
plan limit 850
current timestep 1173
planning flow reduced
plan limit 851
current timestep 1174
planning flow reduced
plan limit 851
current timestep 1175
planning flow reduced
plan limit 852
current timestep 1176
planning flow reduced
plan limit 850
current timestep 1177
planning flow reduced
plan limit 851
current timestep 1178
planning flow reduced
plan limit 852
current timestep 1179
planning flow reduced
plan limit 851
current timestep 1180
planning flow reduced
plan limit 849
current timestep 1181
planning flow reduced
plan limit 852
current timestep 1182
planning flow reduced
plan limit 852
current timestep 1183
planning flow reduced
plan limit 853
current timestep 1184
planning flow reduced
plan limit 847
current timestep 1185
planning flow reduced
plan limit 851
current timestep 1186
planning flow reduced
plan limit 850
current timestep 1187
planning flow reduced
plan limit 853
current timestep 1188
planning flow reduced
plan limit 849
current timestep 1189
planning flow reduced
plan limit 852
current timestep 1190
planning flow reduced
plan limit 851
current timestep 1191
planning flow reduced
plan limit 848
current timestep 1192
planning flow reduced
plan limit 851
current timestep 1193
planning flow reduced
plan limit 850
current timestep 1194
planning flow reduced
plan limit 850
current timestep 1195
planning flow reduced
plan limit 851
current timestep 1196
planning flow reduced
plan limit 851
current timestep 1197
planning flow reduced
plan limit 852
current timestep 1198
planning flow reduced
plan limit 851
current timestep 1199
planning flow reduced
plan limit 850
current timestep 1200
planning flow reduced
plan limit 849
current timestep 1201
planning flow reduced
plan limit 850
current timestep 1202
planning flow reduced
plan limit 850
current timestep 1203
planning flow reduced
plan limit 851
current timestep 1204
planning flow reduced
plan limit 851
current timestep 1205
planning flow reduced
plan limit 851
current timestep 1206
planning flow reduced
plan limit 850
current timestep 1207
planning flow reduced
plan limit 850
current timestep 1208
planning flow reduced
plan limit 851
current timestep 1209
planning flow reduced
plan limit 852
current timestep 1210
planning flow reduced
plan limit 852
current timestep 1211
planning flow reduced
plan limit 851
current timestep 1212
planning flow reduced
plan limit 852
current timestep 1213
planning flow reduced
plan limit 851
current timestep 1214
planning flow reduced
plan limit 850
current timestep 1215
planning flow reduced
plan limit 849
current timestep 1216
planning flow reduced
plan limit 850
current timestep 1217
planning flow reduced
plan limit 852
current timestep 1218
planning flow reduced
plan limit 847
current timestep 1219
planning flow reduced
plan limit 851
current timestep 1220
planning flow reduced
plan limit 850
current timestep 1221
planning flow reduced
plan limit 850
current timestep 1222
planning flow reduced
plan limit 851
current timestep 1223
planning flow reduced
plan limit 852
current timestep 1224
planning flow reduced
plan limit 851
current timestep 1225
planning flow reduced
plan limit 852
current timestep 1226
planning flow reduced
plan limit 850
current timestep 1227
planning flow reduced
plan limit 850
current timestep 1228
planning flow reduced
plan limit 852
current timestep 1229
planning flow reduced
plan limit 851
current timestep 1230
planning flow reduced
plan limit 850
current timestep 1231
planning flow reduced
plan limit 851
current timestep 1232
planning flow reduced
plan limit 853
current timestep 1233
planning flow reduced
plan limit 852
current timestep 1234
planning flow reduced
plan limit 851
current timestep 1235
planning flow reduced
plan limit 851
current timestep 1236
planning flow reduced
plan limit 854
current timestep 1237
planning flow reduced
plan limit 850
current timestep 1238
planning flow reduced
plan limit 850
current timestep 1239
planning flow reduced
plan limit 849
current timestep 1240
planning flow reduced
plan limit 850
current timestep 1241
planning flow reduced
plan limit 852
current timestep 1242
planning flow reduced
plan limit 852
current timestep 1243
planning flow reduced
plan limit 851
current timestep 1244
planning flow reduced
plan limit 852
current timestep 1245
planning flow reduced
plan limit 853
current timestep 1246
planning flow reduced
plan limit 849
current timestep 1247
planning flow reduced
plan limit 847
current timestep 1248
planning flow reduced
plan limit 850
current timestep 1249
planning flow reduced
plan limit 851
current timestep 1250
planning flow reduced
plan limit 853
current timestep 1251
planning flow reduced
plan limit 853
current timestep 1252
planning flow reduced
plan limit 850
current timestep 1253
planning flow reduced
plan limit 847
current timestep 1254
planning flow reduced
plan limit 852
current timestep 1255
planning flow reduced
plan limit 851
current timestep 1256
planning flow reduced
plan limit 848
current timestep 1257
planning flow reduced
plan limit 851
current timestep 1258
planning flow reduced
plan limit 853
current timestep 1259
planning flow reduced
plan limit 854
current timestep 1260
planning flow reduced
plan limit 853
current timestep 1261
planning flow reduced
plan limit 853
current timestep 1262
planning flow reduced
plan limit 850
current timestep 1263
planning flow reduced
plan limit 849
current timestep 1264
planning flow reduced
plan limit 848
current timestep 1265
planning flow reduced
plan limit 851
current timestep 1266
planning flow reduced
plan limit 847
current timestep 1267
planning flow reduced
plan limit 852
current timestep 1268
planning flow reduced
plan limit 847
current timestep 1269
planning flow reduced
plan limit 851
current timestep 1270
planning flow reduced
plan limit 849
current timestep 1271
planning flow reduced
plan limit 848
current timestep 1272
planning flow reduced
plan limit 851
current timestep 1273
planning flow reduced
plan limit 849
current timestep 1274
planning flow reduced
plan limit 849
current timestep 1275
planning flow reduced
plan limit 850
current timestep 1276
planning flow reduced
plan limit 850
current timestep 1277
planning flow reduced
plan limit 852
current timestep 1278
planning flow reduced
plan limit 852
current timestep 1279
planning flow reduced
plan limit 850
current timestep 1280
planning flow reduced
plan limit 848
current timestep 1281
planning flow reduced
plan limit 850
current timestep 1282
planning flow reduced
plan limit 849
current timestep 1283
planning flow reduced
plan limit 848
current timestep 1284
planning flow reduced
plan limit 849
current timestep 1285
planning flow reduced
plan limit 852
current timestep 1286
planning flow reduced
plan limit 850
current timestep 1287
planning flow reduced
plan limit 848
current timestep 1288
planning flow reduced
plan limit 847
current timestep 1289
planning flow reduced
plan limit 850
current timestep 1290
planning flow reduced
plan limit 853
current timestep 1291
planning flow reduced
plan limit 852
current timestep 1292
planning flow reduced
plan limit 849
current timestep 1293
planning flow reduced
plan limit 850
current timestep 1294
planning flow reduced
plan limit 852
current timestep 1295
planning flow reduced
plan limit 849
current timestep 1296
planning flow reduced
plan limit 845
current timestep 1297
planning flow reduced
plan limit 849
current timestep 1298
planning flow reduced
plan limit 852
current timestep 1299
planning flow reduced
plan limit 847
current timestep 1300
planning flow reduced
plan limit 848
current timestep 1301
planning flow reduced
plan limit 853
current timestep 1302
planning flow reduced
plan limit 851
current timestep 1303
planning flow reduced
plan limit 851
current timestep 1304
planning flow reduced
plan limit 847
current timestep 1305
planning flow reduced
plan limit 851
current timestep 1306
planning flow reduced
plan limit 851
current timestep 1307
planning flow reduced
plan limit 853
current timestep 1308
planning flow reduced
plan limit 847
current timestep 1309
planning flow reduced
plan limit 849
current timestep 1310
planning flow reduced
plan limit 850
current timestep 1311
planning flow reduced
plan limit 851
current timestep 1312
planning flow reduced
plan limit 850
current timestep 1313
planning flow reduced
plan limit 851
current timestep 1314
planning flow reduced
plan limit 851
current timestep 1315
planning flow reduced
plan limit 851
current timestep 1316
planning flow reduced
plan limit 851
current timestep 1317
planning flow reduced
plan limit 851
current timestep 1318
planning flow reduced
plan limit 851
current timestep 1319
planning flow reduced
plan limit 851
current timestep 1320
planning flow reduced
plan limit 847
current timestep 1321
planning flow reduced
plan limit 848
current timestep 1322
planning flow reduced
plan limit 848
current timestep 1323
planning flow reduced
plan limit 849
current timestep 1324
planning flow reduced
plan limit 851
current timestep 1325
planning flow reduced
plan limit 850
current timestep 1326
planning flow reduced
plan limit 849
current timestep 1327
planning flow reduced
plan limit 848
current timestep 1328
planning flow reduced
plan limit 851
current timestep 1329
planning flow reduced
plan limit 852
current timestep 1330
planning flow reduced
plan limit 851
current timestep 1331
planning flow reduced
plan limit 850
current timestep 1332
planning flow reduced
plan limit 849
current timestep 1333
planning flow reduced
plan limit 850
current timestep 1334
planning flow reduced
plan limit 852
current timestep 1335
planning flow reduced
plan limit 852
current timestep 1336
planning flow reduced
plan limit 849
current timestep 1337
planning flow reduced
plan limit 849
current timestep 1338
planning flow reduced
plan limit 850
current timestep 1339
planning flow reduced
plan limit 849
current timestep 1340
planning flow reduced
plan limit 850
current timestep 1341
planning flow reduced
plan limit 853
current timestep 1342
planning flow reduced
plan limit 851
current timestep 1343
planning flow reduced
plan limit 851
current timestep 1344
planning flow reduced
plan limit 852
current timestep 1345
planning flow reduced
plan limit 844
current timestep 1346
planning flow reduced
plan limit 851
current timestep 1347
planning flow reduced
plan limit 848
current timestep 1348
planning flow reduced
plan limit 849
current timestep 1349
planning flow reduced
plan limit 844
current timestep 1350
planning flow reduced
plan limit 846
current timestep 1351
planning flow reduced
plan limit 851
current timestep 1352
planning flow reduced
plan limit 852
current timestep 1353
planning flow reduced
plan limit 852
current timestep 1354
planning flow reduced
plan limit 851
current timestep 1355
planning flow reduced
plan limit 853
current timestep 1356
planning flow reduced
plan limit 851
current timestep 1357
planning flow reduced
plan limit 852
current timestep 1358
planning flow reduced
plan limit 849
current timestep 1359
planning flow reduced
plan limit 851
current timestep 1360
planning flow reduced
plan limit 850
current timestep 1361
planning flow reduced
plan limit 851
current timestep 1362
planning flow reduced
plan limit 851
current timestep 1363
planning flow reduced
plan limit 850
current timestep 1364
planning flow reduced
plan limit 845
current timestep 1365
planning flow reduced
plan limit 849
current timestep 1366
planning flow reduced
plan limit 850
current timestep 1367
planning flow reduced
plan limit 851
current timestep 1368
planning flow reduced
plan limit 851
current timestep 1369
planning flow reduced
plan limit 851
current timestep 1370
planning flow reduced
plan limit 841
current timestep 1371
planning flow reduced
plan limit 850
current timestep 1372
planning flow reduced
plan limit 851
current timestep 1373
planning flow reduced
plan limit 850
current timestep 1374
planning flow reduced
plan limit 850
current timestep 1375
planning flow reduced
plan limit 850
current timestep 1376
planning flow reduced
plan limit 847
current timestep 1377
planning flow reduced
plan limit 850
current timestep 1378
planning flow reduced
plan limit 850
current timestep 1379
planning flow reduced
plan limit 851
current timestep 1380
planning flow reduced
plan limit 850
current timestep 1381
planning flow reduced
plan limit 852
current timestep 1382
planning flow reduced
plan limit 849
current timestep 1383
planning flow reduced
plan limit 849
current timestep 1384
planning flow reduced
plan limit 851
current timestep 1385
planning flow reduced
plan limit 850
current timestep 1386
planning flow reduced
plan limit 851
current timestep 1387
planning flow reduced
plan limit 851
current timestep 1388
planning flow reduced
plan limit 843
current timestep 1389
planning flow reduced
plan limit 851
current timestep 1390
planning flow reduced
plan limit 850
current timestep 1391
planning flow reduced
plan limit 850
current timestep 1392
planning flow reduced
plan limit 851
current timestep 1393
planning flow reduced
plan limit 851
current timestep 1394
planning flow reduced
plan limit 851
current timestep 1395
planning flow reduced
plan limit 852
current timestep 1396
planning flow reduced
plan limit 852
current timestep 1397
planning flow reduced
plan limit 851
current timestep 1398
planning flow reduced
plan limit 851
current timestep 1399
planning flow reduced
plan limit 851
current timestep 1400
planning flow reduced
plan limit 851
current timestep 1401
planning flow reduced
plan limit 850
current timestep 1402
planning flow reduced
plan limit 849
current timestep 1403
planning flow reduced
plan limit 852
current timestep 1404
planning flow reduced
plan limit 846
current timestep 1405
planning flow reduced
plan limit 851
current timestep 1406
planning flow reduced
plan limit 851
current timestep 1407
planning flow reduced
plan limit 851
current timestep 1408
planning flow reduced
plan limit 851
current timestep 1409
planning flow reduced
plan limit 851
current timestep 1410
planning flow reduced
plan limit 852
current timestep 1411
planning flow reduced
plan limit 852
current timestep 1412
planning flow reduced
plan limit 850
current timestep 1413
planning flow reduced
plan limit 850
current timestep 1414
planning flow reduced
plan limit 850
current timestep 1415
planning flow reduced
plan limit 850
current timestep 1416
planning flow reduced
plan limit 850
current timestep 1417
planning flow reduced
plan limit 853
current timestep 1418
planning flow reduced
plan limit 850
current timestep 1419
planning flow reduced
plan limit 850
current timestep 1420
planning flow reduced
plan limit 850
current timestep 1421
planning flow reduced
plan limit 852
current timestep 1422
planning flow reduced
plan limit 852
current timestep 1423
planning flow reduced
plan limit 851
current timestep 1424
planning flow reduced
plan limit 849
current timestep 1425
planning flow reduced
plan limit 852
current timestep 1426
planning flow reduced
plan limit 852
current timestep 1427
planning flow reduced
plan limit 851
current timestep 1428
planning flow reduced
plan limit 852
current timestep 1429
planning flow reduced
plan limit 851
current timestep 1430
planning flow reduced
plan limit 852
current timestep 1431
planning flow reduced
plan limit 851
current timestep 1432
planning flow reduced
plan limit 850
current timestep 1433
planning flow reduced
plan limit 851
current timestep 1434
planning flow reduced
plan limit 851
current timestep 1435
planning flow reduced
plan limit 851
current timestep 1436
planning flow reduced
plan limit 850
current timestep 1437
planning flow reduced
plan limit 852
current timestep 1438
planning flow reduced
plan limit 849
current timestep 1439
planning flow reduced
plan limit 850
current timestep 1440
planning flow reduced
plan limit 852
current timestep 1441
planning flow reduced
plan limit 849
current timestep 1442
planning flow reduced
plan limit 849
current timestep 1443
planning flow reduced
plan limit 853
current timestep 1444
planning flow reduced
plan limit 847
current timestep 1445
planning flow reduced
plan limit 852
current timestep 1446
planning flow reduced
plan limit 850
current timestep 1447
planning flow reduced
plan limit 848
current timestep 1448
planning flow reduced
plan limit 852
current timestep 1449
planning flow reduced
plan limit 852
current timestep 1450
planning flow reduced
plan limit 849
current timestep 1451
planning flow reduced
plan limit 851
current timestep 1452
planning flow reduced
plan limit 851
current timestep 1453
planning flow reduced
plan limit 852
current timestep 1454
planning flow reduced
plan limit 848
current timestep 1455
planning flow reduced
plan limit 839
current timestep 1456
planning flow reduced
plan limit 837
current timestep 1457
planning flow reduced
plan limit 846
current timestep 1458
planning flow reduced
plan limit 847
current timestep 1459
planning flow reduced
plan limit 844
current timestep 1460
planning flow reduced
plan limit 848
current timestep 1461
planning flow reduced
plan limit 851
current timestep 1462
planning flow reduced
plan limit 849
current timestep 1463
planning flow reduced
plan limit 850
current timestep 1464
planning flow reduced
plan limit 851
current timestep 1465
planning flow reduced
plan limit 850
current timestep 1466
planning flow reduced
plan limit 851
current timestep 1467
planning flow reduced
plan limit 847
current timestep 1468
planning flow reduced
plan limit 851
current timestep 1469
planning flow reduced
plan limit 851
current timestep 1470
planning flow reduced
plan limit 844
current timestep 1471
planning flow reduced
plan limit 849
current timestep 1472
planning flow reduced
plan limit 851
current timestep 1473
planning flow reduced
plan limit 849
current timestep 1474
planning flow reduced
plan limit 848
current timestep 1475
planning flow reduced
plan limit 850
current timestep 1476
planning flow reduced
plan limit 851
current timestep 1477
planning flow reduced
plan limit 853
current timestep 1478
planning flow reduced
plan limit 851
current timestep 1479
planning flow reduced
plan limit 851
current timestep 1480
planning flow reduced
plan limit 851
current timestep 1481
planning flow reduced
plan limit 849
current timestep 1482
planning flow reduced
plan limit 845
current timestep 1483
planning flow reduced
plan limit 852
current timestep 1484
planning flow reduced
plan limit 847
current timestep 1485
planning flow reduced
plan limit 851
current timestep 1486
planning flow reduced
plan limit 850
current timestep 1487
planning flow reduced
plan limit 852
current timestep 1488
planning flow reduced
plan limit 851
current timestep 1489
planning flow reduced
plan limit 849
current timestep 1490
planning flow reduced
plan limit 853
current timestep 1491
planning flow reduced
plan limit 853
current timestep 1492
planning flow reduced
plan limit 852
current timestep 1493
planning flow reduced
plan limit 850
current timestep 1494
planning flow reduced
plan limit 852
current timestep 1495
planning flow reduced
plan limit 850
current timestep 1496
planning flow reduced
plan limit 849
current timestep 1497
planning flow reduced
plan limit 850
current timestep 1498
planning flow reduced
plan limit 851
current timestep 1499
planning flow reduced
plan limit 850
current timestep 1500
planning flow reduced
plan limit 850
current timestep 1501
planning flow reduced
plan limit 840
current timestep 1502
planning flow reduced
plan limit 846
current timestep 1503
planning flow reduced
plan limit 853
current timestep 1504
planning flow reduced
plan limit 850
current timestep 1505
planning flow reduced
plan limit 850
current timestep 1506
planning flow reduced
plan limit 852
current timestep 1507
planning flow reduced
plan limit 852
current timestep 1508
planning flow reduced
plan limit 850
current timestep 1509
planning flow reduced
plan limit 830
current timestep 1510
planning flow reduced
plan limit 849
current timestep 1511
planning flow reduced
plan limit 850
current timestep 1512
planning flow reduced
plan limit 846
current timestep 1513
planning flow reduced
plan limit 849
current timestep 1514
planning flow reduced
plan limit 838
current timestep 1515
planning flow reduced
plan limit 834
current timestep 1516
planning flow reduced
plan limit 828
current timestep 1517
planning flow reduced
plan limit 842
current timestep 1518
planning flow reduced
plan limit 843
current timestep 1519
planning flow reduced
plan limit 837
current timestep 1520
planning flow reduced
plan limit 840
current timestep 1521
planning flow reduced
plan limit 841
current timestep 1522
planning flow reduced
plan limit 846
current timestep 1523
planning flow reduced
plan limit 841
current timestep 1524
planning flow reduced
plan limit 827
current timestep 1525
planning flow reduced
plan limit 841
current timestep 1526
planning flow reduced
plan limit 839
current timestep 1527
planning flow reduced
plan limit 839
current timestep 1528
planning flow reduced
plan limit 848
current timestep 1529
planning flow reduced
plan limit 839
current timestep 1530
planning flow reduced
plan limit 845
current timestep 1531
planning flow reduced
plan limit 851
current timestep 1532
planning flow reduced
plan limit 851
current timestep 1533
planning flow reduced
plan limit 852
current timestep 1534
planning flow reduced
plan limit 851
current timestep 1535
planning flow reduced
plan limit 851
current timestep 1536
planning flow reduced
plan limit 851
current timestep 1537
planning flow reduced
plan limit 851
current timestep 1538
planning flow reduced
plan limit 848
current timestep 1539
planning flow reduced
plan limit 847
current timestep 1540
planning flow reduced
plan limit 851
current timestep 1541
planning flow reduced
plan limit 852
current timestep 1542
planning flow reduced
plan limit 847
current timestep 1543
planning flow reduced
plan limit 847
current timestep 1544
planning flow reduced
plan limit 846
current timestep 1545
planning flow reduced
plan limit 848
current timestep 1546
planning flow reduced
plan limit 848
current timestep 1547
planning flow reduced
plan limit 847
current timestep 1548
planning flow reduced
plan limit 852
current timestep 1549
planning flow reduced
plan limit 848
current timestep 1550
planning flow reduced
plan limit 847
current timestep 1551
planning flow reduced
plan limit 848
current timestep 1552
planning flow reduced
plan limit 850
current timestep 1553
planning flow reduced
plan limit 848
current timestep 1554
planning flow reduced
plan limit 850
current timestep 1555
planning flow reduced
plan limit 851
current timestep 1556
planning flow reduced
plan limit 846
current timestep 1557
planning flow reduced
plan limit 850
current timestep 1558
planning flow reduced
plan limit 850
current timestep 1559
planning flow reduced
plan limit 845
current timestep 1560
planning flow reduced
plan limit 849
current timestep 1561
planning flow reduced
plan limit 851
current timestep 1562
planning flow reduced
plan limit 848
current timestep 1563
planning flow reduced
plan limit 851
current timestep 1564
planning flow reduced
plan limit 849
current timestep 1565
planning flow reduced
plan limit 847
current timestep 1566
planning flow reduced
plan limit 850
current timestep 1567
planning flow reduced
plan limit 849
current timestep 1568
planning flow reduced
plan limit 850
current timestep 1569
planning flow reduced
plan limit 838
current timestep 1570
planning flow reduced
plan limit 846
current timestep 1571
planning flow reduced
plan limit 848
current timestep 1572
planning flow reduced
plan limit 853
current timestep 1573
planning flow reduced
plan limit 851
current timestep 1574
planning flow reduced
plan limit 847
current timestep 1575
planning flow reduced
plan limit 851
current timestep 1576
planning flow reduced
plan limit 838
current timestep 1577
planning flow reduced
plan limit 839
current timestep 1578
planning flow reduced
plan limit 834
current timestep 1579
planning flow reduced
plan limit 836
current timestep 1580
planning flow reduced
plan limit 839
current timestep 1581
planning flow reduced
plan limit 838
current timestep 1582
planning flow reduced
plan limit 841
current timestep 1583
planning flow reduced
plan limit 842
current timestep 1584
planning flow reduced
plan limit 840
current timestep 1585
planning flow reduced
plan limit 839
current timestep 1586
planning flow reduced
plan limit 833
current timestep 1587
planning flow reduced
plan limit 833
current timestep 1588
planning flow reduced
plan limit 848
current timestep 1589
planning flow reduced
plan limit 832
current timestep 1590
planning flow reduced
plan limit 841
current timestep 1591
planning flow reduced
plan limit 839
current timestep 1592
planning flow reduced
plan limit 835
current timestep 1593
planning flow reduced
plan limit 837
current timestep 1594
planning flow reduced
plan limit 841
current timestep 1595
planning flow reduced
plan limit 833
current timestep 1596
planning flow reduced
plan limit 835
current timestep 1597
planning flow reduced
plan limit 835
current timestep 1598
planning flow reduced
plan limit 835
current timestep 1599
planning flow reduced
plan limit 833
current timestep 1600
planning flow reduced
plan limit 837
current timestep 1601
planning flow reduced
plan limit 839
current timestep 1602
planning flow reduced
plan limit 838
current timestep 1603
planning flow reduced
plan limit 837
current timestep 1604
planning flow reduced
plan limit 837
current timestep 1605
planning flow reduced
plan limit 842
current timestep 1606
planning flow reduced
plan limit 830
current timestep 1607
planning flow reduced
plan limit 837
current timestep 1608
planning flow reduced
plan limit 833
current timestep 1609
planning flow reduced
plan limit 843
current timestep 1610
planning flow reduced
plan limit 835
current timestep 1611
planning flow reduced
plan limit 835
current timestep 1612
planning flow reduced
plan limit 834
current timestep 1613
planning flow reduced
plan limit 835
current timestep 1614
planning flow reduced
plan limit 836
current timestep 1615
planning flow reduced
plan limit 835
current timestep 1616
planning flow reduced
plan limit 841
current timestep 1617
planning flow reduced
plan limit 843
current timestep 1618
planning flow reduced
plan limit 844
current timestep 1619
planning flow reduced
plan limit 839
current timestep 1620
planning flow reduced
plan limit 843
current timestep 1621
planning flow reduced
plan limit 841
current timestep 1622
planning flow reduced
plan limit 838
current timestep 1623
planning flow reduced
plan limit 839
current timestep 1624
planning flow reduced
plan limit 842
current timestep 1625
planning flow reduced
plan limit 843
current timestep 1626
planning flow reduced
plan limit 830
current timestep 1627
planning flow reduced
plan limit 841
current timestep 1628
planning flow reduced
plan limit 841
current timestep 1629
planning flow reduced
plan limit 836
current timestep 1630
planning flow reduced
plan limit 840
current timestep 1631
planning flow reduced
plan limit 837
current timestep 1632
planning flow reduced
plan limit 839
current timestep 1633
planning flow reduced
plan limit 840
current timestep 1634
planning flow reduced
plan limit 837
current timestep 1635
planning flow reduced
plan limit 837
current timestep 1636
planning flow reduced
plan limit 844
current timestep 1637
planning flow reduced
plan limit 834
current timestep 1638
planning flow reduced
plan limit 838
current timestep 1639
planning flow reduced
plan limit 837
current timestep 1640
planning flow reduced
plan limit 838
current timestep 1641
planning flow reduced
plan limit 837
current timestep 1642
planning flow reduced
plan limit 840
current timestep 1643
planning flow reduced
plan limit 840
current timestep 1644
planning flow reduced
plan limit 837
current timestep 1645
planning flow reduced
plan limit 844
current timestep 1646
planning flow reduced
plan limit 835
current timestep 1647
planning flow reduced
plan limit 836
current timestep 1648
planning flow reduced
plan limit 832
current timestep 1649
planning flow reduced
plan limit 839
current timestep 1650
planning flow reduced
plan limit 834
current timestep 1651
planning flow reduced
plan limit 837
current timestep 1652
planning flow reduced
plan limit 840
current timestep 1653
planning flow reduced
plan limit 839
current timestep 1654
planning flow reduced
plan limit 840
current timestep 1655
planning flow reduced
plan limit 840
current timestep 1656
planning flow reduced
plan limit 835
current timestep 1657
planning flow reduced
plan limit 837
current timestep 1658
planning flow reduced
plan limit 837
current timestep 1659
planning flow reduced
plan limit 835
current timestep 1660
planning flow reduced
plan limit 836
current timestep 1661
planning flow reduced
plan limit 835
current timestep 1662
planning flow reduced
plan limit 838
current timestep 1663
planning flow reduced
plan limit 847
current timestep 1664
planning flow reduced
plan limit 842
current timestep 1665
planning flow reduced
plan limit 835
current timestep 1666
planning flow reduced
plan limit 840
current timestep 1667
planning flow reduced
plan limit 843
current timestep 1668
planning flow reduced
plan limit 838
current timestep 1669
planning flow reduced
plan limit 840
current timestep 1670
planning flow reduced
plan limit 831
current timestep 1671
planning flow reduced
plan limit 842
current timestep 1672
planning flow reduced
plan limit 836
current timestep 1673
planning flow reduced
plan limit 798
current timestep 1674
planning flow reduced
plan limit 845
current timestep 1675
planning flow reduced
plan limit 817
current timestep 1676
planning flow reduced
plan limit 832
current timestep 1677
planning flow reduced
plan limit 838
current timestep 1678
planning flow reduced
plan limit 831
current timestep 1679
planning flow reduced
plan limit 841
current timestep 1680
planning flow reduced
plan limit 834
current timestep 1681
planning flow reduced
plan limit 838
current timestep 1682
planning flow reduced
plan limit 839
current timestep 1683
planning flow reduced
plan limit 837
current timestep 1684
planning flow reduced
plan limit 831
current timestep 1685
planning flow reduced
plan limit 838
current timestep 1686
planning flow reduced
plan limit 841
current timestep 1687
planning flow reduced
plan limit 839
current timestep 1688
planning flow reduced
plan limit 836
current timestep 1689
planning flow reduced
plan limit 835
current timestep 1690
planning flow reduced
plan limit 839
current timestep 1691
planning flow reduced
plan limit 840
current timestep 1692
planning flow reduced
plan limit 840
current timestep 1693
planning flow reduced
plan limit 838
current timestep 1694
planning flow reduced
plan limit 839
current timestep 1695
planning flow reduced
plan limit 836
current timestep 1696
planning flow reduced
plan limit 839
current timestep 1697
planning flow reduced
plan limit 840
current timestep 1698
planning flow reduced
plan limit 830
current timestep 1699
planning flow reduced
plan limit 838
current timestep 1700
planning flow reduced
plan limit 838
current timestep 1701
planning flow reduced
plan limit 840
current timestep 1702
planning flow reduced
plan limit 837
current timestep 1703
planning flow reduced
plan limit 840
current timestep 1704
planning flow reduced
plan limit 839
current timestep 1705
planning flow reduced
plan limit 839
current timestep 1706
planning flow reduced
plan limit 837
current timestep 1707
planning flow reduced
plan limit 836
current timestep 1708
planning flow reduced
plan limit 837
current timestep 1709
planning flow reduced
plan limit 841
current timestep 1710
planning flow reduced
plan limit 837
current timestep 1711
planning flow reduced
plan limit 836
current timestep 1712
planning flow reduced
plan limit 839
current timestep 1713
planning flow reduced
plan limit 842
current timestep 1714
planning flow reduced
plan limit 839
current timestep 1715
planning flow reduced
plan limit 840
current timestep 1716
planning flow reduced
plan limit 835
current timestep 1717
planning flow reduced
plan limit 828
current timestep 1718
planning flow reduced
plan limit 831
current timestep 1719
planning flow reduced
plan limit 842
current timestep 1720
planning flow reduced
plan limit 830
current timestep 1721
planning flow reduced
plan limit 840
current timestep 1722
planning flow reduced
plan limit 838
current timestep 1723
planning flow reduced
plan limit 833
current timestep 1724
planning flow reduced
plan limit 841
current timestep 1725
planning flow reduced
plan limit 838
current timestep 1726
planning flow reduced
plan limit 840
current timestep 1727
planning flow reduced
plan limit 841
current timestep 1728
planning flow reduced
plan limit 836
current timestep 1729
planning flow reduced
plan limit 834
current timestep 1730
planning flow reduced
plan limit 841
current timestep 1731
planning flow reduced
plan limit 841
current timestep 1732
planning flow reduced
plan limit 839
current timestep 1733
planning flow reduced
plan limit 840
current timestep 1734
planning flow reduced
plan limit 838
current timestep 1735
planning flow reduced
plan limit 841
current timestep 1736
planning flow reduced
plan limit 838
current timestep 1737
planning flow reduced
plan limit 841
current timestep 1738
planning flow reduced
plan limit 828
current timestep 1739
planning flow reduced
plan limit 834
current timestep 1740
planning flow reduced
plan limit 830
current timestep 1741
planning flow reduced
plan limit 832
current timestep 1742
planning flow reduced
plan limit 838
current timestep 1743
planning flow reduced
plan limit 839
current timestep 1744
planning flow reduced
plan limit 837
current timestep 1745
planning flow reduced
plan limit 836
current timestep 1746
planning flow reduced
plan limit 839
current timestep 1747
planning flow reduced
plan limit 838
current timestep 1748
planning flow reduced
plan limit 837
current timestep 1749
planning flow reduced
plan limit 842
current timestep 1750
planning flow reduced
plan limit 838
current timestep 1751
planning flow reduced
plan limit 839
current timestep 1752
planning flow reduced
plan limit 835
current timestep 1753
planning flow reduced
plan limit 839
current timestep 1754
planning flow reduced
plan limit 840
current timestep 1755
planning flow reduced
plan limit 840
current timestep 1756
planning flow reduced
plan limit 840
current timestep 1757
planning flow reduced
plan limit 842
current timestep 1758
planning flow reduced
plan limit 831
current timestep 1759
planning flow reduced
plan limit 835
current timestep 1760
planning flow reduced
plan limit 836
current timestep 1761
planning flow reduced
plan limit 831
current timestep 1762
planning flow reduced
plan limit 834
current timestep 1763
planning flow reduced
plan limit 833
current timestep 1764
planning flow reduced
plan limit 829
current timestep 1765
planning flow reduced
plan limit 849
current timestep 1766
planning flow reduced
plan limit 846
current timestep 1767
planning flow reduced
plan limit 849
current timestep 1768
planning flow reduced
plan limit 842
current timestep 1769
planning flow reduced
plan limit 848
current timestep 1770
planning flow reduced
plan limit 847
current timestep 1771
planning flow reduced
plan limit 844
current timestep 1772
planning flow reduced
plan limit 832
current timestep 1773
planning flow reduced
plan limit 840
current timestep 1774
planning flow reduced
plan limit 831
current timestep 1775
planning flow reduced
plan limit 833
current timestep 1776
planning flow reduced
plan limit 836
current timestep 1777
planning flow reduced
plan limit 849
current timestep 1778
planning flow reduced
plan limit 837
current timestep 1779
planning flow reduced
plan limit 838
current timestep 1780
planning flow reduced
plan limit 833
current timestep 1781
planning flow reduced
plan limit 837
current timestep 1782
planning flow reduced
plan limit 830
current timestep 1783
planning flow reduced
plan limit 831
current timestep 1784
planning flow reduced
plan limit 835
current timestep 1785
planning flow reduced
plan limit 806
current timestep 1786
planning flow reduced
plan limit 836
current timestep 1787
planning flow reduced
plan limit 837
current timestep 1788
planning flow reduced
plan limit 837
current timestep 1789
planning flow reduced
plan limit 827
current timestep 1790
planning flow reduced
plan limit 852
current timestep 1791
planning flow reduced
plan limit 851
current timestep 1792
planning flow reduced
plan limit 828
current timestep 1793
planning flow reduced
plan limit 845
current timestep 1794
planning flow reduced
plan limit 848
current timestep 1795
planning flow reduced
plan limit 834
current timestep 1796
planning flow reduced
plan limit 847
current timestep 1797
planning flow reduced
plan limit 833
current timestep 1798
planning flow reduced
plan limit 831
current timestep 1799
planning flow reduced
plan limit 839
current timestep 1800
planning flow reduced
plan limit 841
current timestep 1801
planning flow reduced
plan limit 834
current timestep 1802
planning flow reduced
plan limit 835
current timestep 1803
planning flow reduced
plan limit 838
current timestep 1804
planning flow reduced
plan limit 838
current timestep 1805
planning flow reduced
plan limit 839
current timestep 1806
planning flow reduced
plan limit 837
current timestep 1807
planning flow reduced
plan limit 831
current timestep 1808
planning flow reduced
plan limit 839
current timestep 1809
planning flow reduced
plan limit 840
current timestep 1810
planning flow reduced
plan limit 842
current timestep 1811
planning flow reduced
plan limit 841
current timestep 1812
planning flow reduced
plan limit 838
current timestep 1813
planning flow reduced
plan limit 841
current timestep 1814
planning flow reduced
plan limit 837
current timestep 1815
planning flow reduced
plan limit 834
current timestep 1816
planning flow reduced
plan limit 842
current timestep 1817
planning flow reduced
plan limit 838
current timestep 1818
planning flow reduced
plan limit 840
current timestep 1819
planning flow reduced
plan limit 840
current timestep 1820
planning flow reduced
plan limit 838
current timestep 1821
planning flow reduced
plan limit 850
current timestep 1822
planning flow reduced
plan limit 850
current timestep 1823
planning flow reduced
plan limit 849
current timestep 1824
planning flow reduced
plan limit 849
current timestep 1825
planning flow reduced
plan limit 842
current timestep 1826
planning flow reduced
plan limit 832
current timestep 1827
planning flow reduced
plan limit 846
current timestep 1828
planning flow reduced
plan limit 846
current timestep 1829
planning flow reduced
plan limit 832
current timestep 1830
planning flow reduced
plan limit 832
current timestep 1831
planning flow reduced
plan limit 839
current timestep 1832
planning flow reduced
plan limit 845
current timestep 1833
planning flow reduced
plan limit 845
current timestep 1834
planning flow reduced
plan limit 849
current timestep 1835
planning flow reduced
plan limit 835
current timestep 1836
planning flow reduced
plan limit 828
current timestep 1837
planning flow reduced
plan limit 827
current timestep 1838
planning flow reduced
plan limit 845
current timestep 1839
planning flow reduced
plan limit 847
current timestep 1840
planning flow reduced
plan limit 833
current timestep 1841
planning flow reduced
plan limit 837
current timestep 1842
planning flow reduced
plan limit 832
current timestep 1843
planning flow reduced
plan limit 832
current timestep 1844
planning flow reduced
plan limit 835
current timestep 1845
planning flow reduced
plan limit 830
current timestep 1846
planning flow reduced
plan limit 828
current timestep 1847
planning flow reduced
plan limit 831
current timestep 1848
planning flow reduced
plan limit 849
current timestep 1849
planning flow reduced
plan limit 852
current timestep 1850
planning flow reduced
plan limit 850
current timestep 1851
planning flow reduced
plan limit 833
current timestep 1852
planning flow reduced
plan limit 845
current timestep 1853
planning flow reduced
plan limit 850
current timestep 1854
planning flow reduced
plan limit 849
current timestep 1855
planning flow reduced
plan limit 843
current timestep 1856
planning flow reduced
plan limit 851
current timestep 1857
planning flow reduced
plan limit 851
current timestep 1858
planning flow reduced
plan limit 849
current timestep 1859
planning flow reduced
plan limit 844
current timestep 1860
planning flow reduced
plan limit 846
current timestep 1861
planning flow reduced
plan limit 849
current timestep 1862
planning flow reduced
plan limit 848
current timestep 1863
planning flow reduced
plan limit 846
current timestep 1864
planning flow reduced
plan limit 848
current timestep 1865
planning flow reduced
plan limit 850
current timestep 1866
planning flow reduced
plan limit 847
current timestep 1867
planning flow reduced
plan limit 844
current timestep 1868
planning flow reduced
plan limit 848
current timestep 1869
planning flow reduced
plan limit 846
current timestep 1870
planning flow reduced
plan limit 846
current timestep 1871
planning flow reduced
plan limit 849
current timestep 1872
planning flow reduced
plan limit 848
current timestep 1873
planning flow reduced
plan limit 848
current timestep 1874
planning flow reduced
plan limit 849
current timestep 1875
planning flow reduced
plan limit 848
current timestep 1876
planning flow reduced
plan limit 848
current timestep 1877
planning flow reduced
plan limit 850
current timestep 1878
planning flow reduced
plan limit 846
current timestep 1879
planning flow reduced
plan limit 847
current timestep 1880
planning flow reduced
plan limit 848
current timestep 1881
planning flow reduced
plan limit 851
current timestep 1882
planning flow reduced
plan limit 846
current timestep 1883
planning flow reduced
plan limit 849
current timestep 1884
planning flow reduced
plan limit 850
current timestep 1885
planning flow reduced
plan limit 850
current timestep 1886
planning flow reduced
plan limit 848
current timestep 1887
planning flow reduced
plan limit 850
current timestep 1888
planning flow reduced
plan limit 849
current timestep 1889
planning flow reduced
plan limit 850
current timestep 1890
planning flow reduced
plan limit 848
current timestep 1891
planning flow reduced
plan limit 849
current timestep 1892
planning flow reduced
plan limit 850
current timestep 1893
planning flow reduced
plan limit 849
current timestep 1894
planning flow reduced
plan limit 850
current timestep 1895
planning flow reduced
plan limit 851
current timestep 1896
planning flow reduced
plan limit 850
current timestep 1897
planning flow reduced
plan limit 846
current timestep 1898
planning flow reduced
plan limit 850
current timestep 1899
planning flow reduced
plan limit 850
current timestep 1900
planning flow reduced
plan limit 850
current timestep 1901
planning flow reduced
plan limit 848
current timestep 1902
planning flow reduced
plan limit 850
current timestep 1903
planning flow reduced
plan limit 841
current timestep 1904
planning flow reduced
plan limit 845
current timestep 1905
planning flow reduced
plan limit 846
current timestep 1906
planning flow reduced
plan limit 849
current timestep 1907
planning flow reduced
plan limit 851
current timestep 1908
planning flow reduced
plan limit 850
current timestep 1909
planning flow reduced
plan limit 851
current timestep 1910
planning flow reduced
plan limit 846
current timestep 1911
planning flow reduced
plan limit 848
current timestep 1912
planning flow reduced
plan limit 815
current timestep 1913
planning flow reduced
plan limit 849
current timestep 1914
planning flow reduced
plan limit 849
current timestep 1915
planning flow reduced
plan limit 850
current timestep 1916
planning flow reduced
plan limit 847
current timestep 1917
planning flow reduced
plan limit 850
current timestep 1918
planning flow reduced
plan limit 848
current timestep 1919
planning flow reduced
plan limit 851
current timestep 1920
planning flow reduced
plan limit 848
current timestep 1921
planning flow reduced
plan limit 849
current timestep 1922
planning flow reduced
plan limit 850
current timestep 1923
planning flow reduced
plan limit 847
current timestep 1924
planning flow reduced
plan limit 847
current timestep 1925
planning flow reduced
plan limit 850
current timestep 1926
planning flow reduced
plan limit 852
current timestep 1927
planning flow reduced
plan limit 851
current timestep 1928
planning flow reduced
plan limit 850
current timestep 1929
planning flow reduced
plan limit 849
current timestep 1930
planning flow reduced
plan limit 845
current timestep 1931
planning flow reduced
plan limit 848
current timestep 1932
planning flow reduced
plan limit 849
current timestep 1933
planning flow reduced
plan limit 847
current timestep 1934
planning flow reduced
plan limit 851
current timestep 1935
planning flow reduced
plan limit 848
current timestep 1936
planning flow reduced
plan limit 848
current timestep 1937
planning flow reduced
plan limit 848
current timestep 1938
planning flow reduced
plan limit 847
current timestep 1939
planning flow reduced
plan limit 850
current timestep 1940
planning flow reduced
plan limit 849
current timestep 1941
planning flow reduced
plan limit 849
current timestep 1942
planning flow reduced
plan limit 849
current timestep 1943
planning flow reduced
plan limit 851
current timestep 1944
planning flow reduced
plan limit 845
current timestep 1945
planning flow reduced
plan limit 849
current timestep 1946
planning flow reduced
plan limit 851
current timestep 1947
planning flow reduced
plan limit 851
current timestep 1948
planning flow reduced
plan limit 850
current timestep 1949
planning flow reduced
plan limit 846
current timestep 1950
planning flow reduced
plan limit 844
current timestep 1951
planning flow reduced
plan limit 850
current timestep 1952
planning flow reduced
plan limit 850
current timestep 1953
planning flow reduced
plan limit 849
current timestep 1954
planning flow reduced
plan limit 850
current timestep 1955
planning flow reduced
plan limit 846
current timestep 1956
planning flow reduced
plan limit 850
current timestep 1957
planning flow reduced
plan limit 850
current timestep 1958
planning flow reduced
plan limit 849
current timestep 1959
planning flow reduced
plan limit 851
current timestep 1960
planning flow reduced
plan limit 851
current timestep 1961
planning flow reduced
plan limit 846
current timestep 1962
planning flow reduced
plan limit 851
current timestep 1963
planning flow reduced
plan limit 852
current timestep 1964
planning flow reduced
plan limit 851
current timestep 1965
planning flow reduced
plan limit 850
current timestep 1966
planning flow reduced
plan limit 850
current timestep 1967
planning flow reduced
plan limit 837
current timestep 1968
planning flow reduced
plan limit 848
current timestep 1969
planning flow reduced
plan limit 850
current timestep 1970
planning flow reduced
plan limit 849
current timestep 1971
planning flow reduced
plan limit 847
current timestep 1972
planning flow reduced
plan limit 849
current timestep 1973
planning flow reduced
plan limit 850
current timestep 1974
planning flow reduced
plan limit 850
current timestep 1975
planning flow reduced
plan limit 822
current timestep 1976
planning flow reduced
plan limit 819
current timestep 1977
planning flow reduced
plan limit 850
current timestep 1978
planning flow reduced
plan limit 849
current timestep 1979
planning flow reduced
plan limit 851
current timestep 1980
planning flow reduced
plan limit 849
current timestep 1981
planning flow reduced
plan limit 838
current timestep 1982
planning flow reduced
plan limit 851
current timestep 1983
planning flow reduced
plan limit 849
current timestep 1984
planning flow reduced
plan limit 849
current timestep 1985
planning flow reduced
plan limit 849
current timestep 1986
planning flow reduced
plan limit 849
current timestep 1987
planning flow reduced
plan limit 850
current timestep 1988
planning flow reduced
plan limit 843
current timestep 1989
planning flow reduced
plan limit 851
current timestep 1990
planning flow reduced
plan limit 850
current timestep 1991
planning flow reduced
plan limit 849
current timestep 1992
planning flow reduced
plan limit 849
current timestep 1993
planning flow reduced
plan limit 850
current timestep 1994
planning flow reduced
plan limit 849
current timestep 1995
planning flow reduced
plan limit 852
current timestep 1996
planning flow reduced
plan limit 849
current timestep 1997
planning flow reduced
plan limit 844
current timestep 1998
planning flow reduced
plan limit 847
current timestep 1999
planning flow reduced
plan limit 849
current timestep 2000
planning flow reduced
plan limit 844
current timestep 2001
planning flow reduced
plan limit 848
current timestep 2002
planning flow reduced
plan limit 849
current timestep 2003
planning flow reduced
plan limit 851
current timestep 2004
planning flow reduced
plan limit 849
current timestep 2005
planning flow reduced
plan limit 846
current timestep 2006
planning flow reduced
plan limit 845
current timestep 2007
planning flow reduced
plan limit 851
current timestep 2008
planning flow reduced
plan limit 846
current timestep 2009
planning flow reduced
plan limit 842
current timestep 2010
planning flow reduced
plan limit 844
current timestep 2011
planning flow reduced
plan limit 848
current timestep 2012
planning flow reduced
plan limit 850
current timestep 2013
planning flow reduced
plan limit 850
current timestep 2014
planning flow reduced
plan limit 846
current timestep 2015
planning flow reduced
plan limit 849
current timestep 2016
planning flow reduced
plan limit 840
current timestep 2017
planning flow reduced
plan limit 850
current timestep 2018
planning flow reduced
plan limit 846
current timestep 2019
planning flow reduced
plan limit 848
current timestep 2020
planning flow reduced
plan limit 846
current timestep 2021
planning flow reduced
plan limit 849
current timestep 2022
planning flow reduced
plan limit 848
current timestep 2023
planning flow reduced
plan limit 850
current timestep 2024
planning flow reduced
plan limit 847
current timestep 2025
planning flow reduced
plan limit 850
current timestep 2026
planning flow reduced
plan limit 848
current timestep 2027
planning flow reduced
plan limit 850
current timestep 2028
planning flow reduced
plan limit 851
current timestep 2029
planning flow reduced
plan limit 847
current timestep 2030
planning flow reduced
plan limit 846
current timestep 2031
planning flow reduced
plan limit 850
current timestep 2032
planning flow reduced
plan limit 851
current timestep 2033
planning flow reduced
plan limit 850
current timestep 2034
planning flow reduced
plan limit 849
current timestep 2035
planning flow reduced
plan limit 847
current timestep 2036
planning flow reduced
plan limit 848
current timestep 2037
planning flow reduced
plan limit 850
current timestep 2038
planning flow reduced
plan limit 846
current timestep 2039
planning flow reduced
plan limit 846
current timestep 2040
planning flow reduced
plan limit 849
current timestep 2041
planning flow reduced
plan limit 852
current timestep 2042
planning flow reduced
plan limit 853
current timestep 2043
planning flow reduced
plan limit 852
current timestep 2044
planning flow reduced
plan limit 847
current timestep 2045
planning flow reduced
plan limit 848
current timestep 2046
planning flow reduced
plan limit 850
current timestep 2047
planning flow reduced
plan limit 850
current timestep 2048
planning flow reduced
plan limit 849
current timestep 2049
planning flow reduced
plan limit 848
current timestep 2050
planning flow reduced
plan limit 849
current timestep 2051
planning flow reduced
plan limit 849
current timestep 2052
planning flow reduced
plan limit 848
current timestep 2053
planning flow reduced
plan limit 851
current timestep 2054
planning flow reduced
plan limit 848
current timestep 2055
planning flow reduced
plan limit 848
current timestep 2056
planning flow reduced
plan limit 850
current timestep 2057
planning flow reduced
plan limit 850
current timestep 2058
planning flow reduced
plan limit 850
current timestep 2059
planning flow reduced
plan limit 850
current timestep 2060
planning flow reduced
plan limit 850
current timestep 2061
planning flow reduced
plan limit 849
current timestep 2062
planning flow reduced
plan limit 851
current timestep 2063
planning flow reduced
plan limit 849
current timestep 2064
planning flow reduced
plan limit 848
current timestep 2065
planning flow reduced
plan limit 850
current timestep 2066
planning flow reduced
plan limit 848
current timestep 2067
planning flow reduced
plan limit 844
current timestep 2068
planning flow reduced
plan limit 850
current timestep 2069
planning flow reduced
plan limit 848
current timestep 2070
planning flow reduced
plan limit 850
current timestep 2071
planning flow reduced
plan limit 850
current timestep 2072
planning flow reduced
plan limit 848
current timestep 2073
planning flow reduced
plan limit 848
current timestep 2074
planning flow reduced
plan limit 850
current timestep 2075
planning flow reduced
plan limit 842
current timestep 2076
planning flow reduced
plan limit 846
current timestep 2077
planning flow reduced
plan limit 847
current timestep 2078
planning flow reduced
plan limit 844
current timestep 2079
planning flow reduced
plan limit 843
current timestep 2080
planning flow reduced
plan limit 850
current timestep 2081
planning flow reduced
plan limit 849
current timestep 2082
planning flow reduced
plan limit 847
current timestep 2083
planning flow reduced
plan limit 849
current timestep 2084
planning flow reduced
plan limit 850
current timestep 2085
planning flow reduced
plan limit 849
current timestep 2086
planning flow reduced
plan limit 850
current timestep 2087
planning flow reduced
plan limit 845
current timestep 2088
planning flow reduced
plan limit 851
current timestep 2089
planning flow reduced
plan limit 851
current timestep 2090
planning flow reduced
plan limit 851
current timestep 2091
planning flow reduced
plan limit 850
current timestep 2092
planning flow reduced
plan limit 851
current timestep 2093
planning flow reduced
plan limit 847
current timestep 2094
planning flow reduced
plan limit 850
current timestep 2095
planning flow reduced
plan limit 851
current timestep 2096
planning flow reduced
plan limit 852
current timestep 2097
planning flow reduced
plan limit 852
current timestep 2098
planning flow reduced
plan limit 851
current timestep 2099
planning flow reduced
plan limit 852
current timestep 2100
planning flow reduced
plan limit 850
current timestep 2101
planning flow reduced
plan limit 849
current timestep 2102
planning flow reduced
plan limit 849
current timestep 2103
planning flow reduced
plan limit 849
current timestep 2104
planning flow reduced
plan limit 850
current timestep 2105
planning flow reduced
plan limit 852
current timestep 2106
planning flow reduced
plan limit 850
current timestep 2107
planning flow reduced
plan limit 851
current timestep 2108
planning flow reduced
plan limit 850
current timestep 2109
planning flow reduced
plan limit 848
current timestep 2110
planning flow reduced
plan limit 852
current timestep 2111
planning flow reduced
plan limit 850
current timestep 2112
planning flow reduced
plan limit 850
current timestep 2113
planning flow reduced
plan limit 851
current timestep 2114
planning flow reduced
plan limit 847
current timestep 2115
planning flow reduced
plan limit 846
current timestep 2116
planning flow reduced
plan limit 849
current timestep 2117
planning flow reduced
plan limit 846
current timestep 2118
planning flow reduced
plan limit 850
current timestep 2119
planning flow reduced
plan limit 849
current timestep 2120
planning flow reduced
plan limit 850
current timestep 2121
planning flow reduced
plan limit 850
current timestep 2122
planning flow reduced
plan limit 848
current timestep 2123
planning flow reduced
plan limit 849
current timestep 2124
planning flow reduced
plan limit 850
current timestep 2125
planning flow reduced
plan limit 847
current timestep 2126
planning flow reduced
plan limit 850
current timestep 2127
planning flow reduced
plan limit 850
current timestep 2128
planning flow reduced
plan limit 851
current timestep 2129
planning flow reduced
plan limit 850
current timestep 2130
planning flow reduced
plan limit 851
current timestep 2131
planning flow reduced
plan limit 850
current timestep 2132
planning flow reduced
plan limit 850
current timestep 2133
planning flow reduced
plan limit 851
current timestep 2134
planning flow reduced
plan limit 852
current timestep 2135
planning flow reduced
plan limit 849
current timestep 2136
planning flow reduced
plan limit 847
current timestep 2137
planning flow reduced
plan limit 850
current timestep 2138
planning flow reduced
plan limit 851
current timestep 2139
planning flow reduced
plan limit 850
current timestep 2140
planning flow reduced
plan limit 851
current timestep 2141
planning flow reduced
plan limit 849
current timestep 2142
planning flow reduced
plan limit 850
current timestep 2143
planning flow reduced
plan limit 851
current timestep 2144
planning flow reduced
plan limit 851
current timestep 2145
planning flow reduced
plan limit 849
current timestep 2146
planning flow reduced
plan limit 850
current timestep 2147
planning flow reduced
plan limit 850
current timestep 2148
planning flow reduced
plan limit 850
current timestep 2149
planning flow reduced
plan limit 852
current timestep 2150
planning flow reduced
plan limit 853
current timestep 2151
planning flow reduced
plan limit 851
current timestep 2152
planning flow reduced
plan limit 851
current timestep 2153
planning flow reduced
plan limit 851
current timestep 2154
planning flow reduced
plan limit 852
current timestep 2155
planning flow reduced
plan limit 853
current timestep 2156
planning flow reduced
plan limit 852
current timestep 2157
planning flow reduced
plan limit 849
current timestep 2158
planning flow reduced
plan limit 851
current timestep 2159
planning flow reduced
plan limit 851
current timestep 2160
planning flow reduced
plan limit 851
current timestep 2161
planning flow reduced
plan limit 852
current timestep 2162
planning flow reduced
plan limit 852
current timestep 2163
planning flow reduced
plan limit 852
current timestep 2164
planning flow reduced
plan limit 852
current timestep 2165
planning flow reduced
plan limit 852
current timestep 2166
planning flow reduced
plan limit 852
current timestep 2167
planning flow reduced
plan limit 852
current timestep 2168
planning flow reduced
plan limit 853
current timestep 2169
planning flow reduced
plan limit 850
current timestep 2170
planning flow reduced
plan limit 851
current timestep 2171
planning flow reduced
plan limit 850
current timestep 2172
planning flow reduced
plan limit 850
current timestep 2173
planning flow reduced
plan limit 850
current timestep 2174
planning flow reduced
plan limit 850
current timestep 2175
planning flow reduced
plan limit 852
current timestep 2176
planning flow reduced
plan limit 848
current timestep 2177
planning flow reduced
plan limit 850
current timestep 2178
planning flow reduced
plan limit 850
current timestep 2179
planning flow reduced
plan limit 849
current timestep 2180
planning flow reduced
plan limit 850
current timestep 2181
planning flow reduced
plan limit 849
current timestep 2182
planning flow reduced
plan limit 850
current timestep 2183
planning flow reduced
plan limit 850
current timestep 2184
planning flow reduced
plan limit 837
current timestep 2185
planning flow reduced
plan limit 851
current timestep 2186
planning flow reduced
plan limit 837
current timestep 2187
planning flow reduced
plan limit 851
current timestep 2188
planning flow reduced
plan limit 851
current timestep 2189
planning flow reduced
plan limit 851
current timestep 2190
planning flow reduced
plan limit 850
current timestep 2191
planning flow reduced
plan limit 849
current timestep 2192
planning flow reduced
plan limit 850
current timestep 2193
planning flow reduced
plan limit 839
current timestep 2194
planning flow reduced
plan limit 850
current timestep 2195
planning flow reduced
plan limit 834
current timestep 2196
planning flow reduced
plan limit 852
current timestep 2197
planning flow reduced
plan limit 850
current timestep 2198
planning flow reduced
plan limit 851
current timestep 2199
planning flow reduced
plan limit 851
current timestep 2200
planning flow reduced
plan limit 852
current timestep 2201
planning flow reduced
plan limit 850
current timestep 2202
planning flow reduced
plan limit 850
current timestep 2203
planning flow reduced
plan limit 850
current timestep 2204
planning flow reduced
plan limit 851
current timestep 2205
planning flow reduced
plan limit 851
current timestep 2206
planning flow reduced
plan limit 850
current timestep 2207
planning flow reduced
plan limit 850
current timestep 2208
planning flow reduced
plan limit 851
current timestep 2209
planning flow reduced
plan limit 852
current timestep 2210
planning flow reduced
plan limit 850
current timestep 2211
planning flow reduced
plan limit 851
current timestep 2212
planning flow reduced
plan limit 852
current timestep 2213
planning flow reduced
plan limit 851
current timestep 2214
planning flow reduced
plan limit 849
current timestep 2215
planning flow reduced
plan limit 850
current timestep 2216
planning flow reduced
plan limit 852
current timestep 2217
planning flow reduced
plan limit 850
current timestep 2218
planning flow reduced
plan limit 838
current timestep 2219
planning flow reduced
plan limit 848
current timestep 2220
planning flow reduced
plan limit 851
current timestep 2221
planning flow reduced
plan limit 845
current timestep 2222
planning flow reduced
plan limit 848
current timestep 2223
planning flow reduced
plan limit 851
current timestep 2224
planning flow reduced
plan limit 850
current timestep 2225
planning flow reduced
plan limit 839
current timestep 2226
planning flow reduced
plan limit 847
current timestep 2227
planning flow reduced
plan limit 850
current timestep 2228
planning flow reduced
plan limit 849
current timestep 2229
planning flow reduced
plan limit 850
current timestep 2230
planning flow reduced
plan limit 846
current timestep 2231
planning flow reduced
plan limit 851
current timestep 2232
planning flow reduced
plan limit 851
current timestep 2233
planning flow reduced
plan limit 848
current timestep 2234
planning flow reduced
plan limit 848
current timestep 2235
planning flow reduced
plan limit 849
current timestep 2236
planning flow reduced
plan limit 850
current timestep 2237
planning flow reduced
plan limit 846
current timestep 2238
planning flow reduced
plan limit 850
current timestep 2239
planning flow reduced
plan limit 845
current timestep 2240
planning flow reduced
plan limit 841
current timestep 2241
planning flow reduced
plan limit 837
current timestep 2242
planning flow reduced
plan limit 837
current timestep 2243
planning flow reduced
plan limit 851
current timestep 2244
planning flow reduced
plan limit 848
current timestep 2245
planning flow reduced
plan limit 849
current timestep 2246
planning flow reduced
plan limit 845
current timestep 2247
planning flow reduced
plan limit 845
current timestep 2248
planning flow reduced
plan limit 850
current timestep 2249
planning flow reduced
plan limit 849
current timestep 2250
planning flow reduced
plan limit 843
current timestep 2251
planning flow reduced
plan limit 846
current timestep 2252
planning flow reduced
plan limit 851
current timestep 2253
planning flow reduced
plan limit 851
current timestep 2254
planning flow reduced
plan limit 849
current timestep 2255
planning flow reduced
plan limit 850
current timestep 2256
planning flow reduced
plan limit 850
current timestep 2257
planning flow reduced
plan limit 842
current timestep 2258
planning flow reduced
plan limit 850
current timestep 2259
planning flow reduced
plan limit 848
current timestep 2260
planning flow reduced
plan limit 849
current timestep 2261
planning flow reduced
plan limit 846
current timestep 2262
planning flow reduced
plan limit 791
current timestep 2263
planning flow reduced
plan limit 849
current timestep 2264
planning flow reduced
plan limit 844
current timestep 2265
planning flow reduced
plan limit 850
current timestep 2266
planning flow reduced
plan limit 848
current timestep 2267
planning flow reduced
plan limit 847
current timestep 2268
planning flow reduced
plan limit 846
current timestep 2269
planning flow reduced
plan limit 829
current timestep 2270
planning flow reduced
plan limit 834
current timestep 2271
planning flow reduced
plan limit 835
current timestep 2272
planning flow reduced
plan limit 836
current timestep 2273
planning flow reduced
plan limit 832
current timestep 2274
planning flow reduced
plan limit 838
current timestep 2275
planning flow reduced
plan limit 836
current timestep 2276
planning flow reduced
plan limit 841
current timestep 2277
planning flow reduced
plan limit 842
current timestep 2278
planning flow reduced
plan limit 838
current timestep 2279
planning flow reduced
plan limit 835
current timestep 2280
planning flow reduced
plan limit 826
current timestep 2281
planning flow reduced
plan limit 838
current timestep 2282
planning flow reduced
plan limit 833
current timestep 2283
planning flow reduced
plan limit 839
current timestep 2284
planning flow reduced
plan limit 847
current timestep 2285
planning flow reduced
plan limit 847
current timestep 2286
planning flow reduced
plan limit 833
current timestep 2287
planning flow reduced
plan limit 847
current timestep 2288
planning flow reduced
plan limit 836
current timestep 2289
planning flow reduced
plan limit 831
current timestep 2290
planning flow reduced
plan limit 837
current timestep 2291
planning flow reduced
plan limit 832
current timestep 2292
planning flow reduced
plan limit 834
current timestep 2293
planning flow reduced
plan limit 834
current timestep 2294
planning flow reduced
plan limit 834
current timestep 2295
planning flow reduced
plan limit 833
current timestep 2296
planning flow reduced
plan limit 820
current timestep 2297
planning flow reduced
plan limit 835
current timestep 2298
planning flow reduced
plan limit 837
current timestep 2299
planning flow reduced
plan limit 849
current timestep 2300
planning flow reduced
plan limit 834
current timestep 2301
planning flow reduced
plan limit 838
current timestep 2302
planning flow reduced
plan limit 848
current timestep 2303
planning flow reduced
plan limit 827
current timestep 2304
planning flow reduced
plan limit 831
current timestep 2305
planning flow reduced
plan limit 850
current timestep 2306
planning flow reduced
plan limit 832
current timestep 2307
planning flow reduced
plan limit 837
current timestep 2308
planning flow reduced
plan limit 838
current timestep 2309
planning flow reduced
plan limit 834
current timestep 2310
planning flow reduced
plan limit 832
current timestep 2311
planning flow reduced
plan limit 837
current timestep 2312
planning flow reduced
plan limit 847
current timestep 2313
planning flow reduced
plan limit 837
current timestep 2314
planning flow reduced
plan limit 834
current timestep 2315
planning flow reduced
plan limit 839
current timestep 2316
planning flow reduced
plan limit 827
current timestep 2317
planning flow reduced
plan limit 840
current timestep 2318
planning flow reduced
plan limit 836
current timestep 2319
planning flow reduced
plan limit 837
current timestep 2320
planning flow reduced
plan limit 839
current timestep 2321
planning flow reduced
plan limit 838
current timestep 2322
planning flow reduced
plan limit 849
current timestep 2323
planning flow reduced
plan limit 852
current timestep 2324
planning flow reduced
plan limit 847
current timestep 2325
planning flow reduced
plan limit 850
current timestep 2326
planning flow reduced
plan limit 835
current timestep 2327
planning flow reduced
plan limit 850
current timestep 2328
planning flow reduced
plan limit 829
current timestep 2329
planning flow reduced
plan limit 844
current timestep 2330
planning flow reduced
plan limit 834
current timestep 2331
planning flow reduced
plan limit 848
current timestep 2332
planning flow reduced
plan limit 833
current timestep 2333
planning flow reduced
plan limit 848
current timestep 2334
planning flow reduced
plan limit 849
current timestep 2335
planning flow reduced
plan limit 849
current timestep 2336
planning flow reduced
plan limit 850
current timestep 2337
planning flow reduced
plan limit 851
current timestep 2338
planning flow reduced
plan limit 849
current timestep 2339
planning flow reduced
plan limit 834
current timestep 2340
planning flow reduced
plan limit 848
current timestep 2341
planning flow reduced
plan limit 835
current timestep 2342
planning flow reduced
plan limit 845
current timestep 2343
planning flow reduced
plan limit 848
current timestep 2344
planning flow reduced
plan limit 848
current timestep 2345
planning flow reduced
plan limit 849
current timestep 2346
planning flow reduced
plan limit 850
current timestep 2347
planning flow reduced
plan limit 849
current timestep 2348
planning flow reduced
plan limit 833
current timestep 2349
planning flow reduced
plan limit 841
current timestep 2350
planning flow reduced
plan limit 848
current timestep 2351
planning flow reduced
plan limit 848
current timestep 2352
planning flow reduced
plan limit 837
current timestep 2353
planning flow reduced
plan limit 838
current timestep 2354
planning flow reduced
plan limit 847
current timestep 2355
planning flow reduced
plan limit 829
current timestep 2356
planning flow reduced
plan limit 822
current timestep 2357
planning flow reduced
plan limit 834
current timestep 2358
planning flow reduced
plan limit 829
current timestep 2359
planning flow reduced
plan limit 835
current timestep 2360
planning flow reduced
plan limit 831
current timestep 2361
planning flow reduced
plan limit 839
current timestep 2362
planning flow reduced
plan limit 839
current timestep 2363
planning flow reduced
plan limit 838
current timestep 2364
planning flow reduced
plan limit 838
current timestep 2365
planning flow reduced
plan limit 837
current timestep 2366
planning flow reduced
plan limit 834
current timestep 2367
planning flow reduced
plan limit 832
current timestep 2368
planning flow reduced
plan limit 835
current timestep 2369
planning flow reduced
plan limit 819
current timestep 2370
planning flow reduced
plan limit 849
current timestep 2371
planning flow reduced
plan limit 845
current timestep 2372
planning flow reduced
plan limit 849
current timestep 2373
planning flow reduced
plan limit 845
current timestep 2374
planning flow reduced
plan limit 849
current timestep 2375
planning flow reduced
plan limit 849
current timestep 2376
planning flow reduced
plan limit 841
current timestep 2377
planning flow reduced
plan limit 836
current timestep 2378
planning flow reduced
plan limit 839
current timestep 2379
planning flow reduced
plan limit 843
current timestep 2380
planning flow reduced
plan limit 836
current timestep 2381
planning flow reduced
plan limit 849
current timestep 2382
planning flow reduced
plan limit 847
current timestep 2383
planning flow reduced
plan limit 849
current timestep 2384
planning flow reduced
plan limit 844
current timestep 2385
planning flow reduced
plan limit 848
current timestep 2386
planning flow reduced
plan limit 832
current timestep 2387
planning flow reduced
plan limit 835
current timestep 2388
planning flow reduced
plan limit 828
current timestep 2389
planning flow reduced
plan limit 850
current timestep 2390
planning flow reduced
plan limit 847
current timestep 2391
planning flow reduced
plan limit 829
current timestep 2392
planning flow reduced
plan limit 831
current timestep 2393
planning flow reduced
plan limit 832
current timestep 2394
planning flow reduced
plan limit 850
current timestep 2395
planning flow reduced
plan limit 848
current timestep 2396
planning flow reduced
plan limit 836
current timestep 2397
planning flow reduced
plan limit 835
current timestep 2398
planning flow reduced
plan limit 832
current timestep 2399
planning flow reduced
plan limit 830
current timestep 2400
planning flow reduced
plan limit 821
current timestep 2401
planning flow reduced
plan limit 848
current timestep 2402
planning flow reduced
plan limit 835
current timestep 2403
planning flow reduced
plan limit 831
current timestep 2404
planning flow reduced
plan limit 835
current timestep 2405
planning flow reduced
plan limit 839
current timestep 2406
planning flow reduced
plan limit 838
current timestep 2407
planning flow reduced
plan limit 823
current timestep 2408
planning flow reduced
plan limit 832
current timestep 2409
planning flow reduced
plan limit 836
current timestep 2410
planning flow reduced
plan limit 833
current timestep 2411
planning flow reduced
plan limit 836
current timestep 2412
planning flow reduced
plan limit 844
current timestep 2413
planning flow reduced
plan limit 844
current timestep 2414
planning flow reduced
plan limit 837
current timestep 2415
planning flow reduced
plan limit 848
current timestep 2416
planning flow reduced
plan limit 831
current timestep 2417
planning flow reduced
plan limit 838
current timestep 2418
planning flow reduced
plan limit 838
current timestep 2419
planning flow reduced
plan limit 841
current timestep 2420
planning flow reduced
plan limit 848
current timestep 2421
planning flow reduced
plan limit 835
current timestep 2422
planning flow reduced
plan limit 831
current timestep 2423
planning flow reduced
plan limit 841
current timestep 2424
planning flow reduced
plan limit 844
current timestep 2425
planning flow reduced
plan limit 843
current timestep 2426
planning flow reduced
plan limit 834
current timestep 2427
planning flow reduced
plan limit 835
current timestep 2428
planning flow reduced
plan limit 836
current timestep 2429
planning flow reduced
plan limit 846
current timestep 2430
planning flow reduced
plan limit 847
current timestep 2431
planning flow reduced
plan limit 849
current timestep 2432
planning flow reduced
plan limit 849
current timestep 2433
planning flow reduced
plan limit 849
current timestep 2434
planning flow reduced
plan limit 845
current timestep 2435
planning flow reduced
plan limit 845
current timestep 2436
planning flow reduced
plan limit 837
current timestep 2437
planning flow reduced
plan limit 839
current timestep 2438
planning flow reduced
plan limit 840
current timestep 2439
planning flow reduced
plan limit 842
current timestep 2440
planning flow reduced
plan limit 839
current timestep 2441
planning flow reduced
plan limit 834
current timestep 2442
planning flow reduced
plan limit 843
current timestep 2443
planning flow reduced
plan limit 835
current timestep 2444
planning flow reduced
plan limit 847
current timestep 2445
planning flow reduced
plan limit 839
current timestep 2446
planning flow reduced
plan limit 846
current timestep 2447
planning flow reduced
plan limit 848
current timestep 2448
planning flow reduced
plan limit 846
current timestep 2449
planning flow reduced
plan limit 832
current timestep 2450
planning flow reduced
plan limit 838
current timestep 2451
planning flow reduced
plan limit 850
current timestep 2452
planning flow reduced
plan limit 851
current timestep 2453
planning flow reduced
plan limit 829
current timestep 2454
planning flow reduced
plan limit 827
current timestep 2455
planning flow reduced
plan limit 849
current timestep 2456
planning flow reduced
plan limit 834
current timestep 2457
planning flow reduced
plan limit 842
current timestep 2458
planning flow reduced
plan limit 839
current timestep 2459
planning flow reduced
plan limit 838
current timestep 2460
planning flow reduced
plan limit 830
current timestep 2461
planning flow reduced
plan limit 839
current timestep 2462
planning flow reduced
plan limit 847
current timestep 2463
planning flow reduced
plan limit 831
current timestep 2464
planning flow reduced
plan limit 833
current timestep 2465
planning flow reduced
plan limit 811
current timestep 2466
planning flow reduced
plan limit 837
current timestep 2467
planning flow reduced
plan limit 840
current timestep 2468
planning flow reduced
plan limit 841
current timestep 2469
planning flow reduced
plan limit 848
current timestep 2470
planning flow reduced
plan limit 850
current timestep 2471
planning flow reduced
plan limit 850
current timestep 2472
planning flow reduced
plan limit 849
current timestep 2473
planning flow reduced
plan limit 851
current timestep 2474
planning flow reduced
plan limit 841
current timestep 2475
planning flow reduced
plan limit 848
current timestep 2476
planning flow reduced
plan limit 849
current timestep 2477
planning flow reduced
plan limit 832
current timestep 2478
planning flow reduced
plan limit 840
current timestep 2479
planning flow reduced
plan limit 840
current timestep 2480
planning flow reduced
plan limit 834
current timestep 2481
planning flow reduced
plan limit 841
current timestep 2482
planning flow reduced
plan limit 836
current timestep 2483
planning flow reduced
plan limit 837
current timestep 2484
planning flow reduced
plan limit 841
current timestep 2485
planning flow reduced
plan limit 833
current timestep 2486
planning flow reduced
plan limit 839
current timestep 2487
planning flow reduced
plan limit 833
current timestep 2488
planning flow reduced
plan limit 831
current timestep 2489
planning flow reduced
plan limit 832
current timestep 2490
planning flow reduced
plan limit 834
current timestep 2491
planning flow reduced
plan limit 838
current timestep 2492
planning flow reduced
plan limit 837
current timestep 2493
planning flow reduced
plan limit 833
current timestep 2494
planning flow reduced
plan limit 850
current timestep 2495
planning flow reduced
plan limit 849
current timestep 2496
planning flow reduced
plan limit 844
current timestep 2497
planning flow reduced
plan limit 846
current timestep 2498
planning flow reduced
plan limit 849
current timestep 2499
planning flow reduced
plan limit 850
current timestep 2500
planning flow reduced
plan limit 850
current timestep 2501
planning flow reduced
plan limit 847
current timestep 2502
planning flow reduced
plan limit 848
current timestep 2503
planning flow reduced
plan limit 852
current timestep 2504
planning flow reduced
plan limit 851
current timestep 2505
planning flow reduced
plan limit 851
current timestep 2506
planning flow reduced
plan limit 850
current timestep 2507
planning flow reduced
plan limit 848
current timestep 2508
planning flow reduced
plan limit 850
current timestep 2509
planning flow reduced
plan limit 849
current timestep 2510
planning flow reduced
plan limit 847
current timestep 2511
planning flow reduced
plan limit 850
current timestep 2512
planning flow reduced
plan limit 850
current timestep 2513
planning flow reduced
plan limit 851
current timestep 2514
planning flow reduced
plan limit 851
current timestep 2515
planning flow reduced
plan limit 848
current timestep 2516
planning flow reduced
plan limit 843
current timestep 2517
planning flow reduced
plan limit 847
current timestep 2518
planning flow reduced
plan limit 848
current timestep 2519
planning flow reduced
plan limit 850
current timestep 2520
planning flow reduced
plan limit 851
current timestep 2521
planning flow reduced
plan limit 847
current timestep 2522
planning flow reduced
plan limit 843
current timestep 2523
planning flow reduced
plan limit 847
current timestep 2524
planning flow reduced
plan limit 849
current timestep 2525
planning flow reduced
plan limit 852
current timestep 2526
planning flow reduced
plan limit 840
current timestep 2527
planning flow reduced
plan limit 849
current timestep 2528
planning flow reduced
plan limit 849
current timestep 2529
planning flow reduced
plan limit 847
current timestep 2530
planning flow reduced
plan limit 852
current timestep 2531
planning flow reduced
plan limit 850
current timestep 2532
planning flow reduced
plan limit 850
current timestep 2533
planning flow reduced
plan limit 845
current timestep 2534
planning flow reduced
plan limit 853
current timestep 2535
planning flow reduced
plan limit 852
current timestep 2536
planning flow reduced
plan limit 844
current timestep 2537
planning flow reduced
plan limit 851
current timestep 2538
planning flow reduced
plan limit 853
current timestep 2539
planning flow reduced
plan limit 845
current timestep 2540
planning flow reduced
plan limit 848
current timestep 2541
planning flow reduced
plan limit 846
current timestep 2542
planning flow reduced
plan limit 846
current timestep 2543
planning flow reduced
plan limit 847
current timestep 2544
planning flow reduced
plan limit 851
current timestep 2545
planning flow reduced
plan limit 851
current timestep 2546
planning flow reduced
plan limit 851
current timestep 2547
planning flow reduced
plan limit 850
current timestep 2548
planning flow reduced
plan limit 847
current timestep 2549
planning flow reduced
plan limit 847
current timestep 2550
planning flow reduced
plan limit 853
current timestep 2551
planning flow reduced
plan limit 847
current timestep 2552
planning flow reduced
plan limit 852
current timestep 2553
planning flow reduced
plan limit 850
current timestep 2554
planning flow reduced
plan limit 847
current timestep 2555
planning flow reduced
plan limit 843
current timestep 2556
planning flow reduced
plan limit 848
current timestep 2557
planning flow reduced
plan limit 850
current timestep 2558
planning flow reduced
plan limit 849
current timestep 2559
planning flow reduced
plan limit 849
current timestep 2560
planning flow reduced
plan limit 849
current timestep 2561
planning flow reduced
plan limit 845
current timestep 2562
planning flow reduced
plan limit 849
current timestep 2563
planning flow reduced
plan limit 848
current timestep 2564
planning flow reduced
plan limit 851
current timestep 2565
planning flow reduced
plan limit 847
current timestep 2566
planning flow reduced
plan limit 850
current timestep 2567
planning flow reduced
plan limit 844
current timestep 2568
planning flow reduced
plan limit 850
current timestep 2569
planning flow reduced
plan limit 850
current timestep 2570
planning flow reduced
plan limit 850
current timestep 2571
planning flow reduced
plan limit 848
current timestep 2572
planning flow reduced
plan limit 850
current timestep 2573
planning flow reduced
plan limit 850
current timestep 2574
planning flow reduced
plan limit 853
current timestep 2575
planning flow reduced
plan limit 853
current timestep 2576
planning flow reduced
plan limit 848
current timestep 2577
planning flow reduced
plan limit 852
current timestep 2578
planning flow reduced
plan limit 851
current timestep 2579
planning flow reduced
plan limit 848
current timestep 2580
planning flow reduced
plan limit 851
current timestep 2581
planning flow reduced
plan limit 850
current timestep 2582
planning flow reduced
plan limit 847
current timestep 2583
planning flow reduced
plan limit 847
current timestep 2584
planning flow reduced
plan limit 848
current timestep 2585
planning flow reduced
plan limit 851
current timestep 2586
planning flow reduced
plan limit 851
current timestep 2587
planning flow reduced
plan limit 849
current timestep 2588
planning flow reduced
plan limit 852
current timestep 2589
planning flow reduced
plan limit 849
current timestep 2590
planning flow reduced
plan limit 852
current timestep 2591
planning flow reduced
plan limit 846
current timestep 2592
planning flow reduced
plan limit 848
current timestep 2593
planning flow reduced
plan limit 849
current timestep 2594
planning flow reduced
plan limit 846
current timestep 2595
planning flow reduced
plan limit 837
current timestep 2596
planning flow reduced
plan limit 849
current timestep 2597
planning flow reduced
plan limit 849
current timestep 2598
planning flow reduced
plan limit 849
current timestep 2599
planning flow reduced
plan limit 851
current timestep 2600
planning flow reduced
plan limit 849
current timestep 2601
planning flow reduced
plan limit 850
current timestep 2602
planning flow reduced
plan limit 845
current timestep 2603
planning flow reduced
plan limit 848
current timestep 2604
planning flow reduced
plan limit 849
current timestep 2605
planning flow reduced
plan limit 846
current timestep 2606
planning flow reduced
plan limit 849
current timestep 2607
planning flow reduced
plan limit 847
current timestep 2608
planning flow reduced
plan limit 851
current timestep 2609
planning flow reduced
plan limit 838
current timestep 2610
planning flow reduced
plan limit 850
current timestep 2611
planning flow reduced
plan limit 852
current timestep 2612
planning flow reduced
plan limit 851
current timestep 2613
planning flow reduced
plan limit 848
current timestep 2614
planning flow reduced
plan limit 842
current timestep 2615
planning flow reduced
plan limit 845
current timestep 2616
planning flow reduced
plan limit 850
current timestep 2617
planning flow reduced
plan limit 842
current timestep 2618
planning flow reduced
plan limit 851
current timestep 2619
planning flow reduced
plan limit 848
current timestep 2620
planning flow reduced
plan limit 850
current timestep 2621
planning flow reduced
plan limit 849
current timestep 2622
planning flow reduced
plan limit 850
current timestep 2623
planning flow reduced
plan limit 846
current timestep 2624
planning flow reduced
plan limit 850
current timestep 2625
planning flow reduced
plan limit 846
current timestep 2626
planning flow reduced
plan limit 845
current timestep 2627
planning flow reduced
plan limit 848
current timestep 2628
planning flow reduced
plan limit 846
current timestep 2629
planning flow reduced
plan limit 845
current timestep 2630
planning flow reduced
plan limit 845
current timestep 2631
planning flow reduced
plan limit 839
current timestep 2632
planning flow reduced
plan limit 848
current timestep 2633
planning flow reduced
plan limit 848
current timestep 2634
planning flow reduced
plan limit 847
current timestep 2635
planning flow reduced
plan limit 848
current timestep 2636
planning flow reduced
plan limit 844
current timestep 2637
planning flow reduced
plan limit 852
current timestep 2638
planning flow reduced
plan limit 850
current timestep 2639
planning flow reduced
plan limit 849
current timestep 2640
planning flow reduced
plan limit 848
current timestep 2641
planning flow reduced
plan limit 849
current timestep 2642
planning flow reduced
plan limit 850
current timestep 2643
planning flow reduced
plan limit 850
current timestep 2644
planning flow reduced
plan limit 848
current timestep 2645
planning flow reduced
plan limit 845
current timestep 2646
planning flow reduced
plan limit 850
current timestep 2647
planning flow reduced
plan limit 848
current timestep 2648
planning flow reduced
plan limit 841
current timestep 2649
planning flow reduced
plan limit 847
current timestep 2650
planning flow reduced
plan limit 847
current timestep 2651
planning flow reduced
plan limit 850
current timestep 2652
planning flow reduced
plan limit 844
current timestep 2653
planning flow reduced
plan limit 850
current timestep 2654
planning flow reduced
plan limit 850
current timestep 2655
planning flow reduced
plan limit 850
current timestep 2656
planning flow reduced
plan limit 850
current timestep 2657
planning flow reduced
plan limit 844
current timestep 2658
planning flow reduced
plan limit 851
current timestep 2659
planning flow reduced
plan limit 848
current timestep 2660
planning flow reduced
plan limit 852
current timestep 2661
planning flow reduced
plan limit 850
current timestep 2662
planning flow reduced
plan limit 844
current timestep 2663
planning flow reduced
plan limit 852
current timestep 2664
planning flow reduced
plan limit 851
current timestep 2665
planning flow reduced
plan limit 850
current timestep 2666
planning flow reduced
plan limit 850
current timestep 2667
planning flow reduced
plan limit 853
current timestep 2668
planning flow reduced
plan limit 848
current timestep 2669
planning flow reduced
plan limit 852
current timestep 2670
planning flow reduced
plan limit 850
current timestep 2671
planning flow reduced
plan limit 851
current timestep 2672
planning flow reduced
plan limit 847
current timestep 2673
planning flow reduced
plan limit 850
current timestep 2674
planning flow reduced
plan limit 852
current timestep 2675
planning flow reduced
plan limit 836
current timestep 2676
planning flow reduced
plan limit 846
current timestep 2677
planning flow reduced
plan limit 850
current timestep 2678
planning flow reduced
plan limit 848
current timestep 2679
planning flow reduced
plan limit 849
current timestep 2680
planning flow reduced
plan limit 841
current timestep 2681
planning flow reduced
plan limit 841
current timestep 2682
planning flow reduced
plan limit 845
current timestep 2683
planning flow reduced
plan limit 851
current timestep 2684
planning flow reduced
plan limit 846
current timestep 2685
planning flow reduced
plan limit 843
current timestep 2686
planning flow reduced
plan limit 848
current timestep 2687
planning flow reduced
plan limit 844
current timestep 2688
planning flow reduced
plan limit 851
current timestep 2689
planning flow reduced
plan limit 845
current timestep 2690
planning flow reduced
plan limit 844
current timestep 2691
planning flow reduced
plan limit 849
current timestep 2692
planning flow reduced
plan limit 843
current timestep 2693
planning flow reduced
plan limit 843
current timestep 2694
planning flow reduced
plan limit 844
current timestep 2695
planning flow reduced
plan limit 839
current timestep 2696
planning flow reduced
plan limit 851
current timestep 2697
planning flow reduced
plan limit 847
current timestep 2698
planning flow reduced
plan limit 849
current timestep 2699
planning flow reduced
plan limit 849
current timestep 2700
planning flow reduced
plan limit 846
current timestep 2701
planning flow reduced
plan limit 847
current timestep 2702
planning flow reduced
plan limit 847
current timestep 2703
planning flow reduced
plan limit 845
current timestep 2704
planning flow reduced
plan limit 850
current timestep 2705
planning flow reduced
plan limit 841
current timestep 2706
planning flow reduced
plan limit 850
current timestep 2707
planning flow reduced
plan limit 849
current timestep 2708
planning flow reduced
plan limit 849
current timestep 2709
planning flow reduced
plan limit 848
current timestep 2710
planning flow reduced
plan limit 850
current timestep 2711
planning flow reduced
plan limit 842
current timestep 2712
planning flow reduced
plan limit 848
current timestep 2713
planning flow reduced
plan limit 847
current timestep 2714
planning flow reduced
plan limit 846
current timestep 2715
planning flow reduced
plan limit 848
current timestep 2716
planning flow reduced
plan limit 845
current timestep 2717
planning flow reduced
plan limit 843
current timestep 2718
planning flow reduced
plan limit 850
current timestep 2719
planning flow reduced
plan limit 845
current timestep 2720
planning flow reduced
plan limit 844
current timestep 2721
planning flow reduced
plan limit 848
current timestep 2722
planning flow reduced
plan limit 848
current timestep 2723
planning flow reduced
plan limit 852
current timestep 2724
planning flow reduced
plan limit 849
current timestep 2725
planning flow reduced
plan limit 850
current timestep 2726
planning flow reduced
plan limit 847
current timestep 2727
planning flow reduced
plan limit 850
current timestep 2728
planning flow reduced
plan limit 849
current timestep 2729
planning flow reduced
plan limit 851
current timestep 2730
planning flow reduced
plan limit 847
current timestep 2731
planning flow reduced
plan limit 845
current timestep 2732
planning flow reduced
plan limit 840
current timestep 2733
planning flow reduced
plan limit 850
current timestep 2734
planning flow reduced
plan limit 849
current timestep 2735
planning flow reduced
plan limit 844
current timestep 2736
planning flow reduced
plan limit 846
current timestep 2737
planning flow reduced
plan limit 852
current timestep 2738
planning flow reduced
plan limit 848
current timestep 2739
planning flow reduced
plan limit 852
current timestep 2740
planning flow reduced
plan limit 850
current timestep 2741
planning flow reduced
plan limit 848
current timestep 2742
planning flow reduced
plan limit 848
current timestep 2743
planning flow reduced
plan limit 847
current timestep 2744
planning flow reduced
plan limit 846
current timestep 2745
planning flow reduced
plan limit 853
current timestep 2746
planning flow reduced
plan limit 847
current timestep 2747
planning flow reduced
plan limit 842
current timestep 2748
planning flow reduced
plan limit 845
current timestep 2749
planning flow reduced
plan limit 850
current timestep 2750
planning flow reduced
plan limit 844
current timestep 2751
planning flow reduced
plan limit 850
current timestep 2752
planning flow reduced
plan limit 848
current timestep 2753
planning flow reduced
plan limit 849
current timestep 2754
planning flow reduced
plan limit 848
current timestep 2755
planning flow reduced
plan limit 846
current timestep 2756
planning flow reduced
plan limit 847
current timestep 2757
planning flow reduced
plan limit 838
current timestep 2758
planning flow reduced
plan limit 850
current timestep 2759
planning flow reduced
plan limit 842
current timestep 2760
planning flow reduced
plan limit 847
current timestep 2761
planning flow reduced
plan limit 850
current timestep 2762
planning flow reduced
plan limit 854
current timestep 2763
planning flow reduced
plan limit 850
current timestep 2764
planning flow reduced
plan limit 849
current timestep 2765
planning flow reduced
plan limit 850
current timestep 2766
planning flow reduced
plan limit 851
current timestep 2767
planning flow reduced
plan limit 850
current timestep 2768
planning flow reduced
plan limit 851
current timestep 2769
planning flow reduced
plan limit 845
current timestep 2770
planning flow reduced
plan limit 850
current timestep 2771
planning flow reduced
plan limit 849
current timestep 2772
planning flow reduced
plan limit 846
current timestep 2773
planning flow reduced
plan limit 849
current timestep 2774
planning flow reduced
plan limit 848
current timestep 2775
planning flow reduced
plan limit 847
current timestep 2776
planning flow reduced
plan limit 849
current timestep 2777
planning flow reduced
plan limit 851
current timestep 2778
planning flow reduced
plan limit 849
current timestep 2779
planning flow reduced
plan limit 848
current timestep 2780
planning flow reduced
plan limit 844
current timestep 2781
planning flow reduced
plan limit 850
current timestep 2782
planning flow reduced
plan limit 848
current timestep 2783
planning flow reduced
plan limit 847
current timestep 2784
planning flow reduced
plan limit 845
current timestep 2785
planning flow reduced
plan limit 845
current timestep 2786
planning flow reduced
plan limit 851
current timestep 2787
planning flow reduced
plan limit 849
current timestep 2788
planning flow reduced
plan limit 845
current timestep 2789
planning flow reduced
plan limit 840
current timestep 2790
planning flow reduced
plan limit 850
current timestep 2791
planning flow reduced
plan limit 846
current timestep 2792
planning flow reduced
plan limit 850
current timestep 2793
planning flow reduced
plan limit 851
current timestep 2794
planning flow reduced
plan limit 824
current timestep 2795
planning flow reduced
plan limit 849
current timestep 2796
planning flow reduced
plan limit 850
current timestep 2797
planning flow reduced
plan limit 847
current timestep 2798
planning flow reduced
plan limit 845
current timestep 2799
planning flow reduced
plan limit 841
current timestep 2800
planning flow reduced
plan limit 846
current timestep 2801
planning flow reduced
plan limit 845
current timestep 2802
planning flow reduced
plan limit 848
current timestep 2803
planning flow reduced
plan limit 851
current timestep 2804
planning flow reduced
plan limit 846
current timestep 2805
planning flow reduced
plan limit 841
current timestep 2806
planning flow reduced
plan limit 851
current timestep 2807
planning flow reduced
plan limit 846
current timestep 2808
planning flow reduced
plan limit 848
current timestep 2809
planning flow reduced
plan limit 845
current timestep 2810
planning flow reduced
plan limit 850
current timestep 2811
planning flow reduced
plan limit 844
current timestep 2812
planning flow reduced
plan limit 848
current timestep 2813
planning flow reduced
plan limit 844
current timestep 2814
planning flow reduced
plan limit 851
current timestep 2815
planning flow reduced
plan limit 847
current timestep 2816
planning flow reduced
plan limit 847
current timestep 2817
planning flow reduced
plan limit 850
current timestep 2818
planning flow reduced
plan limit 846
current timestep 2819
planning flow reduced
plan limit 842
current timestep 2820
planning flow reduced
plan limit 849
current timestep 2821
planning flow reduced
plan limit 850
current timestep 2822
planning flow reduced
plan limit 848
current timestep 2823
planning flow reduced
plan limit 848
current timestep 2824
planning flow reduced
plan limit 846
current timestep 2825
planning flow reduced
plan limit 822
current timestep 2826
planning flow reduced
plan limit 844
current timestep 2827
planning flow reduced
plan limit 848
current timestep 2828
planning flow reduced
plan limit 843
current timestep 2829
planning flow reduced
plan limit 850
current timestep 2830
planning flow reduced
plan limit 849
current timestep 2831
planning flow reduced
plan limit 847
current timestep 2832
planning flow reduced
plan limit 846
current timestep 2833
planning flow reduced
plan limit 847
current timestep 2834
planning flow reduced
plan limit 846
current timestep 2835
planning flow reduced
plan limit 845
current timestep 2836
planning flow reduced
plan limit 850
current timestep 2837
planning flow reduced
plan limit 843
current timestep 2838
planning flow reduced
plan limit 848
current timestep 2839
planning flow reduced
plan limit 848
current timestep 2840
planning flow reduced
plan limit 850
current timestep 2841
planning flow reduced
plan limit 850
current timestep 2842
planning flow reduced
plan limit 850
current timestep 2843
planning flow reduced
plan limit 845
current timestep 2844
planning flow reduced
plan limit 843
current timestep 2845
planning flow reduced
plan limit 848
current timestep 2846
planning flow reduced
plan limit 849
current timestep 2847
planning flow reduced
plan limit 850
current timestep 2848
planning flow reduced
plan limit 849
current timestep 2849
planning flow reduced
plan limit 849
current timestep 2850
planning flow reduced
plan limit 841
current timestep 2851
planning flow reduced
plan limit 838
current timestep 2852
planning flow reduced
plan limit 844
current timestep 2853
planning flow reduced
plan limit 849
current timestep 2854
planning flow reduced
plan limit 850
current timestep 2855
planning flow reduced
plan limit 851
current timestep 2856
planning flow reduced
plan limit 850
current timestep 2857
planning flow reduced
plan limit 850
current timestep 2858
planning flow reduced
plan limit 850
current timestep 2859
planning flow reduced
plan limit 850
current timestep 2860
planning flow reduced
plan limit 849
current timestep 2861
planning flow reduced
plan limit 851
current timestep 2862
planning flow reduced
plan limit 850
current timestep 2863
planning flow reduced
plan limit 844
current timestep 2864
planning flow reduced
plan limit 847
current timestep 2865
planning flow reduced
plan limit 843
current timestep 2866
planning flow reduced
plan limit 849
current timestep 2867
planning flow reduced
plan limit 850
current timestep 2868
planning flow reduced
plan limit 850
current timestep 2869
planning flow reduced
plan limit 850
current timestep 2870
planning flow reduced
plan limit 850
current timestep 2871
planning flow reduced
plan limit 847
current timestep 2872
planning flow reduced
plan limit 846
current timestep 2873
planning flow reduced
plan limit 846
current timestep 2874
planning flow reduced
plan limit 850
current timestep 2875
planning flow reduced
plan limit 850
current timestep 2876
planning flow reduced
plan limit 849
current timestep 2877
planning flow reduced
plan limit 850
current timestep 2878
planning flow reduced
plan limit 844
current timestep 2879
planning flow reduced
plan limit 851
current timestep 2880
planning flow reduced
plan limit 849
current timestep 2881
planning flow reduced
plan limit 851
current timestep 2882
planning flow reduced
plan limit 850
current timestep 2883
planning flow reduced
plan limit 850
current timestep 2884
planning flow reduced
plan limit 848
current timestep 2885
planning flow reduced
plan limit 849
current timestep 2886
planning flow reduced
plan limit 846
current timestep 2887
planning flow reduced
plan limit 848
current timestep 2888
planning flow reduced
plan limit 849
current timestep 2889
planning flow reduced
plan limit 848
current timestep 2890
planning flow reduced
plan limit 850
current timestep 2891
planning flow reduced
plan limit 851
current timestep 2892
planning flow reduced
plan limit 851
current timestep 2893
planning flow reduced
plan limit 851
current timestep 2894
planning flow reduced
plan limit 849
current timestep 2895
planning flow reduced
plan limit 847
current timestep 2896
planning flow reduced
plan limit 850
current timestep 2897
planning flow reduced
plan limit 851
current timestep 2898
planning flow reduced
plan limit 850
current timestep 2899
planning flow reduced
plan limit 851
current timestep 2900
planning flow reduced
plan limit 849
current timestep 2901
planning flow reduced
plan limit 851
current timestep 2902
planning flow reduced
plan limit 851
current timestep 2903
planning flow reduced
plan limit 848
current timestep 2904
planning flow reduced
plan limit 850
current timestep 2905
planning flow reduced
plan limit 840
current timestep 2906
planning flow reduced
plan limit 845
current timestep 2907
planning flow reduced
plan limit 832
current timestep 2908
planning flow reduced
plan limit 851
current timestep 2909
planning flow reduced
plan limit 850
current timestep 2910
planning flow reduced
plan limit 850
current timestep 2911
planning flow reduced
plan limit 846
current timestep 2912
planning flow reduced
plan limit 842
current timestep 2913
planning flow reduced
plan limit 852
current timestep 2914
planning flow reduced
plan limit 844
current timestep 2915
planning flow reduced
plan limit 847
current timestep 2916
planning flow reduced
plan limit 848
current timestep 2917
planning flow reduced
plan limit 850
current timestep 2918
planning flow reduced
plan limit 849
current timestep 2919
planning flow reduced
plan limit 849
current timestep 2920
planning flow reduced
plan limit 847
current timestep 2921
planning flow reduced
plan limit 850
current timestep 2922
planning flow reduced
plan limit 850
current timestep 2923
planning flow reduced
plan limit 851
current timestep 2924
planning flow reduced
plan limit 849
current timestep 2925
planning flow reduced
plan limit 849
current timestep 2926
planning flow reduced
plan limit 848
current timestep 2927
planning flow reduced
plan limit 851
current timestep 2928
planning flow reduced
plan limit 849
current timestep 2929
planning flow reduced
plan limit 845
current timestep 2930
planning flow reduced
plan limit 847
current timestep 2931
planning flow reduced
plan limit 845
current timestep 2932
planning flow reduced
plan limit 849
current timestep 2933
planning flow reduced
plan limit 850
current timestep 2934
planning flow reduced
plan limit 850
current timestep 2935
planning flow reduced
plan limit 843
current timestep 2936
planning flow reduced
plan limit 839
current timestep 2937
planning flow reduced
plan limit 849
current timestep 2938
planning flow reduced
plan limit 851
current timestep 2939
planning flow reduced
plan limit 844
current timestep 2940
planning flow reduced
plan limit 843
current timestep 2941
planning flow reduced
plan limit 847
current timestep 2942
planning flow reduced
plan limit 849
current timestep 2943
planning flow reduced
plan limit 849
current timestep 2944
planning flow reduced
plan limit 849
current timestep 2945
planning flow reduced
plan limit 848
current timestep 2946
planning flow reduced
plan limit 848
current timestep 2947
planning flow reduced
plan limit 849
current timestep 2948
planning flow reduced
plan limit 851
current timestep 2949
planning flow reduced
plan limit 851
current timestep 2950
planning flow reduced
plan limit 845
current timestep 2951
planning flow reduced
plan limit 849
current timestep 2952
planning flow reduced
plan limit 851
current timestep 2953
planning flow reduced
plan limit 849
current timestep 2954
planning flow reduced
plan limit 850
current timestep 2955
planning flow reduced
plan limit 851
current timestep 2956
planning flow reduced
plan limit 850
current timestep 2957
planning flow reduced
plan limit 851
current timestep 2958
planning flow reduced
plan limit 850
current timestep 2959
planning flow reduced
plan limit 848
current timestep 2960
planning flow reduced
plan limit 850
current timestep 2961
planning flow reduced
plan limit 852
current timestep 2962
planning flow reduced
plan limit 844
current timestep 2963
planning flow reduced
plan limit 845
current timestep 2964
planning flow reduced
plan limit 846
current timestep 2965
planning flow reduced
plan limit 850
current timestep 2966
planning flow reduced
plan limit 849
current timestep 2967
planning flow reduced
plan limit 848
current timestep 2968
planning flow reduced
plan limit 848
current timestep 2969
planning flow reduced
plan limit 851
current timestep 2970
planning flow reduced
plan limit 849
current timestep 2971
planning flow reduced
plan limit 851
current timestep 2972
planning flow reduced
plan limit 851
current timestep 2973
planning flow reduced
plan limit 851
current timestep 2974
planning flow reduced
plan limit 852
current timestep 2975
planning flow reduced
plan limit 850
current timestep 2976
planning flow reduced
plan limit 852
current timestep 2977
planning flow reduced
plan limit 844
current timestep 2978
planning flow reduced
plan limit 851
current timestep 2979
planning flow reduced
plan limit 850
current timestep 2980
planning flow reduced
plan limit 848
current timestep 2981
planning flow reduced
plan limit 842
current timestep 2982
planning flow reduced
plan limit 847
current timestep 2983
planning flow reduced
plan limit 850
current timestep 2984
planning flow reduced
plan limit 851
current timestep 2985
planning flow reduced
plan limit 851
current timestep 2986
planning flow reduced
plan limit 850
current timestep 2987
planning flow reduced
plan limit 850
current timestep 2988
planning flow reduced
plan limit 851
current timestep 2989
planning flow reduced
plan limit 848
current timestep 2990
planning flow reduced
plan limit 851
current timestep 2991
planning flow reduced
plan limit 847
current timestep 2992
planning flow reduced
plan limit 850
current timestep 2993
planning flow reduced
plan limit 850
current timestep 2994
planning flow reduced
plan limit 849
current timestep 2995
planning flow reduced
plan limit 848
current timestep 2996
planning flow reduced
plan limit 849
current timestep 2997
planning flow reduced
plan limit 850
current timestep 2998
planning flow reduced
plan limit 846
current timestep 2999
planning flow reduced
plan limit 849
current timestep 3000
planning flow reduced
plan limit 849
current timestep 3001
planning flow reduced
plan limit 851
current timestep 3002
planning flow reduced
plan limit 848
current timestep 3003
planning flow reduced
plan limit 847
current timestep 3004
planning flow reduced
plan limit 851
current timestep 3005
planning flow reduced
plan limit 850
current timestep 3006
planning flow reduced
plan limit 849
current timestep 3007
planning flow reduced
plan limit 850
current timestep 3008
planning flow reduced
plan limit 851
current timestep 3009
planning flow reduced
plan limit 849
current timestep 3010
planning flow reduced
plan limit 846
current timestep 3011
planning flow reduced
plan limit 849
current timestep 3012
planning flow reduced
plan limit 849
current timestep 3013
planning flow reduced
plan limit 852
current timestep 3014
planning flow reduced
plan limit 850
current timestep 3015
planning flow reduced
plan limit 846
current timestep 3016
planning flow reduced
plan limit 834
current timestep 3017
planning flow reduced
plan limit 845
current timestep 3018
planning flow reduced
plan limit 852
current timestep 3019
planning flow reduced
plan limit 847
current timestep 3020
planning flow reduced
plan limit 829
current timestep 3021
planning flow reduced
plan limit 849
current timestep 3022
planning flow reduced
plan limit 849
current timestep 3023
planning flow reduced
plan limit 831
current timestep 3024
planning flow reduced
plan limit 838
current timestep 3025
planning flow reduced
plan limit 838
current timestep 3026
planning flow reduced
plan limit 848
current timestep 3027
planning flow reduced
plan limit 847
current timestep 3028
planning flow reduced
plan limit 847
current timestep 3029
planning flow reduced
plan limit 849
current timestep 3030
planning flow reduced
plan limit 850
current timestep 3031
planning flow reduced
plan limit 847
current timestep 3032
planning flow reduced
plan limit 849
current timestep 3033
planning flow reduced
plan limit 850
current timestep 3034
planning flow reduced
plan limit 850
current timestep 3035
planning flow reduced
plan limit 848
current timestep 3036
planning flow reduced
plan limit 849
current timestep 3037
planning flow reduced
plan limit 850
current timestep 3038
planning flow reduced
plan limit 850
current timestep 3039
planning flow reduced
plan limit 850
current timestep 3040
planning flow reduced
plan limit 851
current timestep 3041
planning flow reduced
plan limit 849
current timestep 3042
planning flow reduced
plan limit 848
current timestep 3043
planning flow reduced
plan limit 851
current timestep 3044
planning flow reduced
plan limit 850
current timestep 3045
planning flow reduced
plan limit 850
current timestep 3046
planning flow reduced
plan limit 846
current timestep 3047
planning flow reduced
plan limit 840
current timestep 3048
planning flow reduced
plan limit 850
current timestep 3049
planning flow reduced
plan limit 842
current timestep 3050
planning flow reduced
plan limit 849
current timestep 3051
planning flow reduced
plan limit 849
current timestep 3052
planning flow reduced
plan limit 849
current timestep 3053
planning flow reduced
plan limit 851
current timestep 3054
planning flow reduced
plan limit 850
current timestep 3055
planning flow reduced
plan limit 850
current timestep 3056
planning flow reduced
plan limit 850
current timestep 3057
planning flow reduced
plan limit 850
current timestep 3058
planning flow reduced
plan limit 850
current timestep 3059
planning flow reduced
plan limit 852
current timestep 3060
planning flow reduced
plan limit 849
current timestep 3061
planning flow reduced
plan limit 851
current timestep 3062
planning flow reduced
plan limit 851
current timestep 3063
planning flow reduced
plan limit 852
current timestep 3064
planning flow reduced
plan limit 851
current timestep 3065
planning flow reduced
plan limit 850
current timestep 3066
planning flow reduced
plan limit 850
current timestep 3067
planning flow reduced
plan limit 852
current timestep 3068
planning flow reduced
plan limit 849
current timestep 3069
planning flow reduced
plan limit 851
current timestep 3070
planning flow reduced
plan limit 850
current timestep 3071
planning flow reduced
plan limit 850
current timestep 3072
planning flow reduced
plan limit 851
current timestep 3073
planning flow reduced
plan limit 853
current timestep 3074
planning flow reduced
plan limit 851
current timestep 3075
planning flow reduced
plan limit 851
current timestep 3076
planning flow reduced
plan limit 849
current timestep 3077
planning flow reduced
plan limit 850
current timestep 3078
planning flow reduced
plan limit 852
current timestep 3079
planning flow reduced
plan limit 846
current timestep 3080
planning flow reduced
plan limit 848
current timestep 3081
planning flow reduced
plan limit 850
current timestep 3082
planning flow reduced
plan limit 849
current timestep 3083
planning flow reduced
plan limit 850
current timestep 3084
planning flow reduced
plan limit 849
current timestep 3085
planning flow reduced
plan limit 851
current timestep 3086
planning flow reduced
plan limit 850
current timestep 3087
planning flow reduced
plan limit 851
current timestep 3088
planning flow reduced
plan limit 851
current timestep 3089
planning flow reduced
plan limit 850
current timestep 3090
planning flow reduced
plan limit 850
current timestep 3091
planning flow reduced
plan limit 850
current timestep 3092
planning flow reduced
plan limit 850
current timestep 3093
planning flow reduced
plan limit 851
current timestep 3094
planning flow reduced
plan limit 841
current timestep 3095
planning flow reduced
plan limit 848
current timestep 3096
planning flow reduced
plan limit 851
current timestep 3097
planning flow reduced
plan limit 849
current timestep 3098
planning flow reduced
plan limit 850
current timestep 3099
planning flow reduced
plan limit 850
current timestep 3100
planning flow reduced
plan limit 850
current timestep 3101
planning flow reduced
plan limit 850
current timestep 3102
planning flow reduced
plan limit 850
current timestep 3103
planning flow reduced
plan limit 850
current timestep 3104
planning flow reduced
plan limit 850
current timestep 3105
planning flow reduced
plan limit 850
current timestep 3106
planning flow reduced
plan limit 851
current timestep 3107
planning flow reduced
plan limit 851
current timestep 3108
planning flow reduced
plan limit 850
current timestep 3109
planning flow reduced
plan limit 852
current timestep 3110
planning flow reduced
plan limit 851
current timestep 3111
planning flow reduced
plan limit 851
current timestep 3112
planning flow reduced
plan limit 850
current timestep 3113
planning flow reduced
plan limit 851
current timestep 3114
planning flow reduced
plan limit 849
current timestep 3115
planning flow reduced
plan limit 851
current timestep 3116
planning flow reduced
plan limit 851
current timestep 3117
planning flow reduced
plan limit 850
current timestep 3118
planning flow reduced
plan limit 851
current timestep 3119
planning flow reduced
plan limit 850
current timestep 3120
planning flow reduced
plan limit 848
current timestep 3121
planning flow reduced
plan limit 851
current timestep 3122
planning flow reduced
plan limit 850
current timestep 3123
planning flow reduced
plan limit 852
current timestep 3124
planning flow reduced
plan limit 851
current timestep 3125
planning flow reduced
plan limit 852
current timestep 3126
planning flow reduced
plan limit 850
current timestep 3127
planning flow reduced
plan limit 850
current timestep 3128
planning flow reduced
plan limit 849
current timestep 3129
planning flow reduced
plan limit 851
current timestep 3130
planning flow reduced
plan limit 850
current timestep 3131
planning flow reduced
plan limit 852
current timestep 3132
planning flow reduced
plan limit 852
current timestep 3133
planning flow reduced
plan limit 852
current timestep 3134
planning flow reduced
plan limit 851
current timestep 3135
planning flow reduced
plan limit 852
current timestep 3136
planning flow reduced
plan limit 852
current timestep 3137
planning flow reduced
plan limit 850
current timestep 3138
planning flow reduced
plan limit 851
current timestep 3139
planning flow reduced
plan limit 846
current timestep 3140
planning flow reduced
plan limit 850
current timestep 3141
planning flow reduced
plan limit 851
current timestep 3142
planning flow reduced
plan limit 847
current timestep 3143
planning flow reduced
plan limit 847
current timestep 3144
planning flow reduced
plan limit 842
current timestep 3145
planning flow reduced
plan limit 846
current timestep 3146
planning flow reduced
plan limit 843
current timestep 3147
planning flow reduced
plan limit 850
current timestep 3148
planning flow reduced
plan limit 851
current timestep 3149
planning flow reduced
plan limit 851
current timestep 3150
planning flow reduced
plan limit 851
current timestep 3151
planning flow reduced
plan limit 851
current timestep 3152
planning flow reduced
plan limit 850
current timestep 3153
planning flow reduced
plan limit 850
current timestep 3154
planning flow reduced
plan limit 850
current timestep 3155
planning flow reduced
plan limit 851
current timestep 3156
planning flow reduced
plan limit 850
current timestep 3157
planning flow reduced
plan limit 844
current timestep 3158
planning flow reduced
plan limit 850
current timestep 3159
planning flow reduced
plan limit 851
current timestep 3160
planning flow reduced
plan limit 850
current timestep 3161
planning flow reduced
plan limit 849
current timestep 3162
planning flow reduced
plan limit 851
current timestep 3163
planning flow reduced
plan limit 851
current timestep 3164
planning flow reduced
plan limit 852
current timestep 3165
planning flow reduced
plan limit 850
current timestep 3166
planning flow reduced
plan limit 850
current timestep 3167
planning flow reduced
plan limit 851
current timestep 3168
planning flow reduced
plan limit 851
current timestep 3169
planning flow reduced
plan limit 851
current timestep 3170
planning flow reduced
plan limit 849
current timestep 3171
planning flow reduced
plan limit 850
current timestep 3172
planning flow reduced
plan limit 851
current timestep 3173
planning flow reduced
plan limit 844
current timestep 3174
planning flow reduced
plan limit 850
current timestep 3175
planning flow reduced
plan limit 853
current timestep 3176
planning flow reduced
plan limit 850
current timestep 3177
planning flow reduced
plan limit 852
current timestep 3178
planning flow reduced
plan limit 850
current timestep 3179
planning flow reduced
plan limit 850
current timestep 3180
planning flow reduced
plan limit 850
current timestep 3181
planning flow reduced
plan limit 848
current timestep 3182
planning flow reduced
plan limit 847
current timestep 3183
planning flow reduced
plan limit 846
current timestep 3184
planning flow reduced
plan limit 851
current timestep 3185
planning flow reduced
plan limit 843
current timestep 3186
planning flow reduced
plan limit 846
current timestep 3187
planning flow reduced
plan limit 847
current timestep 3188
planning flow reduced
plan limit 850
current timestep 3189
planning flow reduced
plan limit 851
current timestep 3190
planning flow reduced
plan limit 851
current timestep 3191
planning flow reduced
plan limit 849
current timestep 3192
planning flow reduced
plan limit 852
current timestep 3193
planning flow reduced
plan limit 849
current timestep 3194
planning flow reduced
plan limit 849
current timestep 3195
planning flow reduced
plan limit 848
current timestep 3196
planning flow reduced
plan limit 851
current timestep 3197
planning flow reduced
plan limit 845
current timestep 3198
planning flow reduced
plan limit 852
current timestep 3199
planning flow reduced
plan limit 848
current timestep 3200
planning flow reduced
plan limit 851
current timestep 3201
planning flow reduced
plan limit 846
current timestep 3202
planning flow reduced
plan limit 851
current timestep 3203
planning flow reduced
plan limit 851
current timestep 3204
planning flow reduced
plan limit 851
current timestep 3205
planning flow reduced
plan limit 852
current timestep 3206
planning flow reduced
plan limit 851
current timestep 3207
planning flow reduced
plan limit 850
current timestep 3208
planning flow reduced
plan limit 848
current timestep 3209
planning flow reduced
plan limit 849
current timestep 3210
planning flow reduced
plan limit 851
current timestep 3211
planning flow reduced
plan limit 852
current timestep 3212
planning flow reduced
plan limit 846
current timestep 3213
planning flow reduced
plan limit 845
current timestep 3214
planning flow reduced
plan limit 845
current timestep 3215
planning flow reduced
plan limit 850
current timestep 3216
planning flow reduced
plan limit 852
current timestep 3217
planning flow reduced
plan limit 849
current timestep 3218
planning flow reduced
plan limit 849
current timestep 3219
planning flow reduced
plan limit 848
current timestep 3220
planning flow reduced
plan limit 849
current timestep 3221
planning flow reduced
plan limit 844
current timestep 3222
planning flow reduced
plan limit 845
current timestep 3223
planning flow reduced
plan limit 843
current timestep 3224
planning flow reduced
plan limit 849
current timestep 3225
planning flow reduced
plan limit 846
current timestep 3226
planning flow reduced
plan limit 842
current timestep 3227
planning flow reduced
plan limit 841
current timestep 3228
planning flow reduced
plan limit 851
current timestep 3229
planning flow reduced
plan limit 850
current timestep 3230
planning flow reduced
plan limit 850
current timestep 3231
planning flow reduced
plan limit 849
current timestep 3232
planning flow reduced
plan limit 850
current timestep 3233
planning flow reduced
plan limit 852
current timestep 3234
planning flow reduced
plan limit 850
current timestep 3235
planning flow reduced
plan limit 848
current timestep 3236
planning flow reduced
plan limit 840
current timestep 3237
planning flow reduced
plan limit 850
current timestep 3238
planning flow reduced
plan limit 847
current timestep 3239
planning flow reduced
plan limit 849
current timestep 3240
planning flow reduced
plan limit 842
current timestep 3241
planning flow reduced
plan limit 851
current timestep 3242
planning flow reduced
plan limit 851
current timestep 3243
planning flow reduced
plan limit 851
current timestep 3244
planning flow reduced
plan limit 852
current timestep 3245
planning flow reduced
plan limit 851
current timestep 3246
planning flow reduced
plan limit 852
current timestep 3247
planning flow reduced
plan limit 851
current timestep 3248
planning flow reduced
plan limit 846
current timestep 3249
planning flow reduced
plan limit 849
current timestep 3250
planning flow reduced
plan limit 842
current timestep 3251
planning flow reduced
plan limit 847
current timestep 3252
planning flow reduced
plan limit 851
current timestep 3253
planning flow reduced
plan limit 847
current timestep 3254
planning flow reduced
plan limit 853
current timestep 3255
planning flow reduced
plan limit 848
current timestep 3256
planning flow reduced
plan limit 848
current timestep 3257
planning flow reduced
plan limit 845
current timestep 3258
planning flow reduced
plan limit 850
current timestep 3259
planning flow reduced
plan limit 847
current timestep 3260
planning flow reduced
plan limit 851
current timestep 3261
planning flow reduced
plan limit 849
current timestep 3262
planning flow reduced
plan limit 851
current timestep 3263
planning flow reduced
plan limit 850
current timestep 3264
planning flow reduced
plan limit 853
current timestep 3265
planning flow reduced
plan limit 852
current timestep 3266
planning flow reduced
plan limit 845
current timestep 3267
planning flow reduced
plan limit 843
current timestep 3268
planning flow reduced
plan limit 844
current timestep 3269
planning flow reduced
plan limit 846
current timestep 3270
planning flow reduced
plan limit 851
current timestep 3271
planning flow reduced
plan limit 849
current timestep 3272
planning flow reduced
plan limit 847
current timestep 3273
planning flow reduced
plan limit 850
current timestep 3274
planning flow reduced
plan limit 846
current timestep 3275
planning flow reduced
plan limit 849
current timestep 3276
planning flow reduced
plan limit 846
current timestep 3277
planning flow reduced
plan limit 844
current timestep 3278
planning flow reduced
plan limit 847
current timestep 3279
planning flow reduced
plan limit 849
current timestep 3280
planning flow reduced
plan limit 841
current timestep 3281
planning flow reduced
plan limit 850
current timestep 3282
planning flow reduced
plan limit 849
current timestep 3283
planning flow reduced
plan limit 849
current timestep 3284
planning flow reduced
plan limit 848
current timestep 3285
planning flow reduced
plan limit 851
current timestep 3286
planning flow reduced
plan limit 849
current timestep 3287
planning flow reduced
plan limit 837
current timestep 3288
planning flow reduced
plan limit 846
current timestep 3289
planning flow reduced
plan limit 849
current timestep 3290
planning flow reduced
plan limit 850
current timestep 3291
planning flow reduced
plan limit 849
current timestep 3292
planning flow reduced
plan limit 848
current timestep 3293
planning flow reduced
plan limit 848
current timestep 3294
planning flow reduced
plan limit 849
current timestep 3295
planning flow reduced
plan limit 848
current timestep 3296
planning flow reduced
plan limit 848
current timestep 3297
planning flow reduced
plan limit 845
current timestep 3298
planning flow reduced
plan limit 848
current timestep 3299
planning flow reduced
plan limit 850
current timestep 3300
planning flow reduced
plan limit 846
current timestep 3301
planning flow reduced
plan limit 848
current timestep 3302
planning flow reduced
plan limit 848
current timestep 3303
planning flow reduced
plan limit 840
current timestep 3304
planning flow reduced
plan limit 850
current timestep 3305
planning flow reduced
plan limit 849
current timestep 3306
planning flow reduced
plan limit 845
current timestep 3307
planning flow reduced
plan limit 851
current timestep 3308
planning flow reduced
plan limit 851
current timestep 3309
planning flow reduced
plan limit 850
current timestep 3310
planning flow reduced
plan limit 850
current timestep 3311
planning flow reduced
plan limit 849
current timestep 3312
planning flow reduced
plan limit 846
current timestep 3313
planning flow reduced
plan limit 846
current timestep 3314
planning flow reduced
plan limit 850
current timestep 3315
planning flow reduced
plan limit 852
current timestep 3316
planning flow reduced
plan limit 848
current timestep 3317
planning flow reduced
plan limit 849
current timestep 3318
planning flow reduced
plan limit 851
current timestep 3319
planning flow reduced
plan limit 851
current timestep 3320
planning flow reduced
plan limit 851
current timestep 3321
planning flow reduced
plan limit 852
current timestep 3322
planning flow reduced
plan limit 850
current timestep 3323
planning flow reduced
plan limit 851
current timestep 3324
planning flow reduced
plan limit 841
current timestep 3325
planning flow reduced
plan limit 846
current timestep 3326
planning flow reduced
plan limit 847
current timestep 3327
planning flow reduced
plan limit 851
current timestep 3328
planning flow reduced
plan limit 851
current timestep 3329
planning flow reduced
plan limit 851
current timestep 3330
planning flow reduced
plan limit 845
current timestep 3331
planning flow reduced
plan limit 846
current timestep 3332
planning flow reduced
plan limit 848
current timestep 3333
planning flow reduced
plan limit 850
current timestep 3334
planning flow reduced
plan limit 851
current timestep 3335
planning flow reduced
plan limit 852
current timestep 3336
planning flow reduced
plan limit 850
current timestep 3337
planning flow reduced
plan limit 850
current timestep 3338
planning flow reduced
plan limit 851
current timestep 3339
planning flow reduced
plan limit 850
current timestep 3340
planning flow reduced
plan limit 852
current timestep 3341
planning flow reduced
plan limit 851
current timestep 3342
planning flow reduced
plan limit 851
current timestep 3343
planning flow reduced
plan limit 849
current timestep 3344
planning flow reduced
plan limit 851
current timestep 3345
planning flow reduced
plan limit 849
current timestep 3346
planning flow reduced
plan limit 847
current timestep 3347
planning flow reduced
plan limit 845
current timestep 3348
planning flow reduced
plan limit 850
current timestep 3349
planning flow reduced
plan limit 851
current timestep 3350
planning flow reduced
plan limit 849
current timestep 3351
planning flow reduced
plan limit 848
current timestep 3352
planning flow reduced
plan limit 850
current timestep 3353
planning flow reduced
plan limit 850
current timestep 3354
planning flow reduced
plan limit 850
current timestep 3355
planning flow reduced
plan limit 848
current timestep 3356
planning flow reduced
plan limit 847
current timestep 3357
planning flow reduced
plan limit 850
current timestep 3358
planning flow reduced
plan limit 851
current timestep 3359
planning flow reduced
plan limit 850
current timestep 3360
planning flow reduced
plan limit 843
current timestep 3361
planning flow reduced
plan limit 851
current timestep 3362
planning flow reduced
plan limit 849
current timestep 3363
planning flow reduced
plan limit 850
current timestep 3364
planning flow reduced
plan limit 850
current timestep 3365
planning flow reduced
plan limit 849
current timestep 3366
planning flow reduced
plan limit 849
current timestep 3367
planning flow reduced
plan limit 848
current timestep 3368
planning flow reduced
plan limit 850
current timestep 3369
planning flow reduced
plan limit 851
current timestep 3370
planning flow reduced
plan limit 848
current timestep 3371
planning flow reduced
plan limit 850
current timestep 3372
planning flow reduced
plan limit 849
current timestep 3373
planning flow reduced
plan limit 849
current timestep 3374
planning flow reduced
plan limit 849
current timestep 3375
planning flow reduced
plan limit 850
current timestep 3376
planning flow reduced
plan limit 847
current timestep 3377
planning flow reduced
plan limit 847
current timestep 3378
planning flow reduced
plan limit 851
current timestep 3379
planning flow reduced
plan limit 849
current timestep 3380
planning flow reduced
plan limit 850
current timestep 3381
planning flow reduced
plan limit 852
current timestep 3382
planning flow reduced
plan limit 851
current timestep 3383
planning flow reduced
plan limit 850
current timestep 3384
planning flow reduced
plan limit 848
current timestep 3385
planning flow reduced
plan limit 851
current timestep 3386
planning flow reduced
plan limit 849
current timestep 3387
planning flow reduced
plan limit 845
current timestep 3388
planning flow reduced
plan limit 846
current timestep 3389
planning flow reduced
plan limit 851
current timestep 3390
planning flow reduced
plan limit 849
current timestep 3391
planning flow reduced
plan limit 851
current timestep 3392
planning flow reduced
plan limit 849
current timestep 3393
planning flow reduced
plan limit 847
current timestep 3394
planning flow reduced
plan limit 848
current timestep 3395
planning flow reduced
plan limit 849
current timestep 3396
planning flow reduced
plan limit 844
current timestep 3397
planning flow reduced
plan limit 848
current timestep 3398
planning flow reduced
plan limit 850
current timestep 3399
planning flow reduced
plan limit 846
current timestep 3400
planning flow reduced
plan limit 850
current timestep 3401
planning flow reduced
plan limit 850
current timestep 3402
planning flow reduced
plan limit 851
current timestep 3403
planning flow reduced
plan limit 846
current timestep 3404
planning flow reduced
plan limit 850
current timestep 3405
planning flow reduced
plan limit 844
current timestep 3406
planning flow reduced
plan limit 849
current timestep 3407
planning flow reduced
plan limit 843
current timestep 3408
planning flow reduced
plan limit 849
current timestep 3409
planning flow reduced
plan limit 847
current timestep 3410
planning flow reduced
plan limit 840
current timestep 3411
planning flow reduced
plan limit 846
current timestep 3412
planning flow reduced
plan limit 847
current timestep 3413
planning flow reduced
plan limit 848
current timestep 3414
planning flow reduced
plan limit 850
current timestep 3415
planning flow reduced
plan limit 848
current timestep 3416
planning flow reduced
plan limit 850
current timestep 3417
planning flow reduced
plan limit 849
current timestep 3418
planning flow reduced
plan limit 852
current timestep 3419
planning flow reduced
plan limit 846
current timestep 3420
planning flow reduced
plan limit 851
current timestep 3421
planning flow reduced
plan limit 850
current timestep 3422
planning flow reduced
plan limit 851
current timestep 3423
planning flow reduced
plan limit 849
current timestep 3424
planning flow reduced
plan limit 852
current timestep 3425
planning flow reduced
plan limit 849
current timestep 3426
planning flow reduced
plan limit 845
current timestep 3427
planning flow reduced
plan limit 845
current timestep 3428
planning flow reduced
plan limit 849
current timestep 3429
planning flow reduced
plan limit 848
current timestep 3430
planning flow reduced
plan limit 847
current timestep 3431
planning flow reduced
plan limit 847
current timestep 3432
planning flow reduced
plan limit 850
current timestep 3433
planning flow reduced
plan limit 843
current timestep 3434
planning flow reduced
plan limit 849
current timestep 3435
planning flow reduced
plan limit 848
current timestep 3436
planning flow reduced
plan limit 854
current timestep 3437
planning flow reduced
plan limit 847
current timestep 3438
planning flow reduced
plan limit 851
current timestep 3439
planning flow reduced
plan limit 849
current timestep 3440
planning flow reduced
plan limit 850
current timestep 3441
planning flow reduced
plan limit 851
current timestep 3442
planning flow reduced
plan limit 851
current timestep 3443
planning flow reduced
plan limit 848
current timestep 3444
planning flow reduced
plan limit 851
current timestep 3445
planning flow reduced
plan limit 849
current timestep 3446
planning flow reduced
plan limit 853
current timestep 3447
planning flow reduced
plan limit 848
current timestep 3448
planning flow reduced
plan limit 851
current timestep 3449
planning flow reduced
plan limit 853
current timestep 3450
planning flow reduced
plan limit 844
current timestep 3451
planning flow reduced
plan limit 849
current timestep 3452
planning flow reduced
plan limit 849
current timestep 3453
planning flow reduced
plan limit 847
current timestep 3454
planning flow reduced
plan limit 852
current timestep 3455
planning flow reduced
plan limit 846
current timestep 3456
planning flow reduced
plan limit 848
current timestep 3457
planning flow reduced
plan limit 851
current timestep 3458
planning flow reduced
plan limit 851
current timestep 3459
planning flow reduced
plan limit 851
current timestep 3460
planning flow reduced
plan limit 853
current timestep 3461
planning flow reduced
plan limit 851
current timestep 3462
planning flow reduced
plan limit 848
current timestep 3463
planning flow reduced
plan limit 851
current timestep 3464
planning flow reduced
plan limit 838
current timestep 3465
planning flow reduced
plan limit 848
current timestep 3466
planning flow reduced
plan limit 848
current timestep 3467
planning flow reduced
plan limit 849
current timestep 3468
planning flow reduced
plan limit 851
current timestep 3469
planning flow reduced
plan limit 852
current timestep 3470
planning flow reduced
plan limit 842
current timestep 3471
planning flow reduced
plan limit 846
current timestep 3472
planning flow reduced
plan limit 851
current timestep 3473
planning flow reduced
plan limit 846
current timestep 3474
planning flow reduced
plan limit 847
current timestep 3475
planning flow reduced
plan limit 847
current timestep 3476
planning flow reduced
plan limit 853
current timestep 3477
planning flow reduced
plan limit 846
current timestep 3478
planning flow reduced
plan limit 849
current timestep 3479
planning flow reduced
plan limit 849
current timestep 3480
planning flow reduced
plan limit 849
current timestep 3481
planning flow reduced
plan limit 842
current timestep 3482
planning flow reduced
plan limit 848
current timestep 3483
planning flow reduced
plan limit 850
current timestep 3484
planning flow reduced
plan limit 852
current timestep 3485
planning flow reduced
plan limit 847
current timestep 3486
planning flow reduced
plan limit 844
current timestep 3487
planning flow reduced
plan limit 847
current timestep 3488
planning flow reduced
plan limit 849
current timestep 3489
planning flow reduced
plan limit 846
current timestep 3490
planning flow reduced
plan limit 850
current timestep 3491
planning flow reduced
plan limit 851
current timestep 3492
planning flow reduced
plan limit 845
current timestep 3493
planning flow reduced
plan limit 845
current timestep 3494
planning flow reduced
plan limit 848
current timestep 3495
planning flow reduced
plan limit 850
current timestep 3496
planning flow reduced
plan limit 850
current timestep 3497
planning flow reduced
plan limit 850
current timestep 3498
planning flow reduced
plan limit 850
current timestep 3499
planning flow reduced
plan limit 848
current timestep 3500
planning flow reduced
plan limit 851
current timestep 3501
planning flow reduced
plan limit 852
current timestep 3502
planning flow reduced
plan limit 848
current timestep 3503
planning flow reduced
plan limit 850
current timestep 3504
planning flow reduced
plan limit 851
current timestep 3505
planning flow reduced
plan limit 851
current timestep 3506
planning flow reduced
plan limit 848
current timestep 3507
planning flow reduced
plan limit 848
current timestep 3508
planning flow reduced
plan limit 849
current timestep 3509
planning flow reduced
plan limit 846
current timestep 3510
planning flow reduced
plan limit 851
current timestep 3511
planning flow reduced
plan limit 852
current timestep 3512
planning flow reduced
plan limit 852
current timestep 3513
planning flow reduced
plan limit 849
current timestep 3514
planning flow reduced
plan limit 850
current timestep 3515
planning flow reduced
plan limit 847
current timestep 3516
planning flow reduced
plan limit 853
current timestep 3517
planning flow reduced
plan limit 850
current timestep 3518
planning flow reduced
plan limit 850
current timestep 3519
planning flow reduced
plan limit 847
current timestep 3520
planning flow reduced
plan limit 851
current timestep 3521
planning flow reduced
plan limit 848
current timestep 3522
planning flow reduced
plan limit 850
current timestep 3523
planning flow reduced
plan limit 851
current timestep 3524
planning flow reduced
plan limit 847
current timestep 3525
planning flow reduced
plan limit 850
current timestep 3526
planning flow reduced
plan limit 850
current timestep 3527
planning flow reduced
plan limit 851
current timestep 3528
planning flow reduced
plan limit 850
current timestep 3529
planning flow reduced
plan limit 848
current timestep 3530
planning flow reduced
plan limit 847
current timestep 3531
planning flow reduced
plan limit 838
current timestep 3532
planning flow reduced
plan limit 845
current timestep 3533
planning flow reduced
plan limit 850
current timestep 3534
planning flow reduced
plan limit 848
current timestep 3535
planning flow reduced
plan limit 846
current timestep 3536
planning flow reduced
plan limit 850
current timestep 3537
planning flow reduced
plan limit 846
current timestep 3538
planning flow reduced
plan limit 851
current timestep 3539
planning flow reduced
plan limit 850
current timestep 3540
planning flow reduced
plan limit 844
current timestep 3541
planning flow reduced
plan limit 844
current timestep 3542
planning flow reduced
plan limit 846
current timestep 3543
planning flow reduced
plan limit 846
current timestep 3544
planning flow reduced
plan limit 850
current timestep 3545
planning flow reduced
plan limit 847
current timestep 3546
planning flow reduced
plan limit 842
current timestep 3547
planning flow reduced
plan limit 852
current timestep 3548
planning flow reduced
plan limit 845
current timestep 3549
planning flow reduced
plan limit 842
current timestep 3550
planning flow reduced
plan limit 842
current timestep 3551
planning flow reduced
plan limit 848
current timestep 3552
planning flow reduced
plan limit 845
current timestep 3553
planning flow reduced
plan limit 844
current timestep 3554
planning flow reduced
plan limit 851
current timestep 3555
planning flow reduced
plan limit 851
current timestep 3556
planning flow reduced
plan limit 847
current timestep 3557
planning flow reduced
plan limit 848
current timestep 3558
planning flow reduced
plan limit 845
current timestep 3559
planning flow reduced
plan limit 842
current timestep 3560
planning flow reduced
plan limit 849
current timestep 3561
planning flow reduced
plan limit 846
current timestep 3562
planning flow reduced
plan limit 850
current timestep 3563
planning flow reduced
plan limit 845
current timestep 3564
planning flow reduced
plan limit 845
current timestep 3565
planning flow reduced
plan limit 842
current timestep 3566
planning flow reduced
plan limit 850
current timestep 3567
planning flow reduced
plan limit 848
current timestep 3568
planning flow reduced
plan limit 845
current timestep 3569
planning flow reduced
plan limit 852
current timestep 3570
planning flow reduced
plan limit 849
current timestep 3571
planning flow reduced
plan limit 847
current timestep 3572
planning flow reduced
plan limit 849
current timestep 3573
planning flow reduced
plan limit 851
current timestep 3574
planning flow reduced
plan limit 848
current timestep 3575
planning flow reduced
plan limit 851
current timestep 3576
planning flow reduced
plan limit 850
current timestep 3577
planning flow reduced
plan limit 850
current timestep 3578
planning flow reduced
plan limit 847
current timestep 3579
planning flow reduced
plan limit 851
current timestep 3580
planning flow reduced
plan limit 849
current timestep 3581
planning flow reduced
plan limit 850
current timestep 3582
planning flow reduced
plan limit 851
current timestep 3583
planning flow reduced
plan limit 847
current timestep 3584
planning flow reduced
plan limit 841
current timestep 3585
planning flow reduced
plan limit 850
current timestep 3586
planning flow reduced
plan limit 847
current timestep 3587
planning flow reduced
plan limit 846
current timestep 3588
planning flow reduced
plan limit 847
current timestep 3589
planning flow reduced
plan limit 846
current timestep 3590
planning flow reduced
plan limit 847
current timestep 3591
planning flow reduced
plan limit 850
current timestep 3592
planning flow reduced
plan limit 850
current timestep 3593
planning flow reduced
plan limit 851
current timestep 3594
planning flow reduced
plan limit 843
current timestep 3595
planning flow reduced
plan limit 848
current timestep 3596
planning flow reduced
plan limit 846
current timestep 3597
planning flow reduced
plan limit 847
current timestep 3598
planning flow reduced
plan limit 847
current timestep 3599
planning flow reduced
plan limit 845
current timestep 3600
planning flow reduced
plan limit 842
current timestep 3601
planning flow reduced
plan limit 849
current timestep 3602
planning flow reduced
plan limit 847
current timestep 3603
planning flow reduced
plan limit 843
current timestep 3604
planning flow reduced
plan limit 847
current timestep 3605
planning flow reduced
plan limit 846
current timestep 3606
planning flow reduced
plan limit 842
current timestep 3607
planning flow reduced
plan limit 844
current timestep 3608
planning flow reduced
plan limit 847
current timestep 3609
planning flow reduced
plan limit 850
current timestep 3610
planning flow reduced
plan limit 848
current timestep 3611
planning flow reduced
plan limit 851
current timestep 3612
planning flow reduced
plan limit 849
current timestep 3613
planning flow reduced
plan limit 850
current timestep 3614
planning flow reduced
plan limit 851
current timestep 3615
planning flow reduced
plan limit 849
current timestep 3616
planning flow reduced
plan limit 844
current timestep 3617
planning flow reduced
plan limit 851
current timestep 3618
planning flow reduced
plan limit 850
current timestep 3619
planning flow reduced
plan limit 847
current timestep 3620
planning flow reduced
plan limit 849
current timestep 3621
planning flow reduced
plan limit 846
current timestep 3622
planning flow reduced
plan limit 848
current timestep 3623
planning flow reduced
plan limit 853
current timestep 3624
planning flow reduced
plan limit 845
current timestep 3625
planning flow reduced
plan limit 849
current timestep 3626
planning flow reduced
plan limit 848
current timestep 3627
planning flow reduced
plan limit 847
current timestep 3628
planning flow reduced
plan limit 846
current timestep 3629
planning flow reduced
plan limit 849
current timestep 3630
planning flow reduced
plan limit 846
current timestep 3631
planning flow reduced
plan limit 845
current timestep 3632
planning flow reduced
plan limit 847
current timestep 3633
planning flow reduced
plan limit 844
current timestep 3634
planning flow reduced
plan limit 849
current timestep 3635
planning flow reduced
plan limit 846
current timestep 3636
planning flow reduced
plan limit 849
current timestep 3637
planning flow reduced
plan limit 848
current timestep 3638
planning flow reduced
plan limit 847
current timestep 3639
planning flow reduced
plan limit 849
current timestep 3640
planning flow reduced
plan limit 846
current timestep 3641
planning flow reduced
plan limit 849
current timestep 3642
planning flow reduced
plan limit 844
current timestep 3643
planning flow reduced
plan limit 846
current timestep 3644
planning flow reduced
plan limit 848
current timestep 3645
planning flow reduced
plan limit 850
current timestep 3646
planning flow reduced
plan limit 844
current timestep 3647
planning flow reduced
plan limit 850
current timestep 3648
planning flow reduced
plan limit 848
current timestep 3649
planning flow reduced
plan limit 845
current timestep 3650
planning flow reduced
plan limit 841
current timestep 3651
planning flow reduced
plan limit 844
current timestep 3652
planning flow reduced
plan limit 850
current timestep 3653
planning flow reduced
plan limit 850
current timestep 3654
planning flow reduced
plan limit 848
current timestep 3655
planning flow reduced
plan limit 846
current timestep 3656
planning flow reduced
plan limit 851
current timestep 3657
planning flow reduced
plan limit 850
current timestep 3658
planning flow reduced
plan limit 846
current timestep 3659
planning flow reduced
plan limit 850
current timestep 3660
planning flow reduced
plan limit 850
current timestep 3661
planning flow reduced
plan limit 851
current timestep 3662
planning flow reduced
plan limit 852
current timestep 3663
planning flow reduced
plan limit 848
current timestep 3664
planning flow reduced
plan limit 845
current timestep 3665
planning flow reduced
plan limit 849
current timestep 3666
planning flow reduced
plan limit 850
current timestep 3667
planning flow reduced
plan limit 849
current timestep 3668
planning flow reduced
plan limit 847
current timestep 3669
planning flow reduced
plan limit 849
current timestep 3670
planning flow reduced
plan limit 847
current timestep 3671
planning flow reduced
plan limit 850
current timestep 3672
planning flow reduced
plan limit 849
current timestep 3673
planning flow reduced
plan limit 851
current timestep 3674
planning flow reduced
plan limit 847
current timestep 3675
planning flow reduced
plan limit 847
current timestep 3676
planning flow reduced
plan limit 846
current timestep 3677
planning flow reduced
plan limit 848
current timestep 3678
planning flow reduced
plan limit 847
current timestep 3679
planning flow reduced
plan limit 846
current timestep 3680
planning flow reduced
plan limit 848
current timestep 3681
planning flow reduced
plan limit 850
current timestep 3682
planning flow reduced
plan limit 847
current timestep 3683
planning flow reduced
plan limit 847
current timestep 3684
planning flow reduced
plan limit 849
current timestep 3685
planning flow reduced
plan limit 848
current timestep 3686
planning flow reduced
plan limit 851
current timestep 3687
planning flow reduced
plan limit 847
current timestep 3688
planning flow reduced
plan limit 843
current timestep 3689
planning flow reduced
plan limit 844
current timestep 3690
planning flow reduced
plan limit 849
current timestep 3691
planning flow reduced
plan limit 850
current timestep 3692
planning flow reduced
plan limit 847
current timestep 3693
planning flow reduced
plan limit 851
current timestep 3694
planning flow reduced
plan limit 845
current timestep 3695
planning flow reduced
plan limit 852
current timestep 3696
planning flow reduced
plan limit 842
current timestep 3697
planning flow reduced
plan limit 848
current timestep 3698
planning flow reduced
plan limit 845
current timestep 3699
planning flow reduced
plan limit 841
current timestep 3700
planning flow reduced
plan limit 849
current timestep 3701
planning flow reduced
plan limit 845
current timestep 3702
planning flow reduced
plan limit 847
current timestep 3703
planning flow reduced
plan limit 851
current timestep 3704
planning flow reduced
plan limit 849
current timestep 3705
planning flow reduced
plan limit 846
current timestep 3706
planning flow reduced
plan limit 851
current timestep 3707
planning flow reduced
plan limit 846
current timestep 3708
planning flow reduced
plan limit 851
current timestep 3709
planning flow reduced
plan limit 850
current timestep 3710
planning flow reduced
plan limit 850
current timestep 3711
planning flow reduced
plan limit 850
current timestep 3712
planning flow reduced
plan limit 851
current timestep 3713
planning flow reduced
plan limit 850
current timestep 3714
planning flow reduced
plan limit 851
current timestep 3715
planning flow reduced
plan limit 846
current timestep 3716
planning flow reduced
plan limit 847
current timestep 3717
planning flow reduced
plan limit 843
current timestep 3718
planning flow reduced
plan limit 846
current timestep 3719
planning flow reduced
plan limit 849
current timestep 3720
planning flow reduced
plan limit 849
current timestep 3721
planning flow reduced
plan limit 846
current timestep 3722
planning flow reduced
plan limit 845
current timestep 3723
planning flow reduced
plan limit 851
current timestep 3724
planning flow reduced
plan limit 847
current timestep 3725
planning flow reduced
plan limit 852
current timestep 3726
planning flow reduced
plan limit 843
current timestep 3727
planning flow reduced
plan limit 849
current timestep 3728
planning flow reduced
plan limit 846
current timestep 3729
planning flow reduced
plan limit 850
current timestep 3730
planning flow reduced
plan limit 851
current timestep 3731
planning flow reduced
plan limit 851
current timestep 3732
planning flow reduced
plan limit 850
current timestep 3733
planning flow reduced
plan limit 851
current timestep 3734
planning flow reduced
plan limit 849
current timestep 3735
planning flow reduced
plan limit 847
current timestep 3736
planning flow reduced
plan limit 849
current timestep 3737
planning flow reduced
plan limit 846
current timestep 3738
planning flow reduced
plan limit 836
current timestep 3739
planning flow reduced
plan limit 847
current timestep 3740
planning flow reduced
plan limit 845
current timestep 3741
planning flow reduced
plan limit 850
current timestep 3742
planning flow reduced
plan limit 849
current timestep 3743
planning flow reduced
plan limit 851
current timestep 3744
planning flow reduced
plan limit 846
current timestep 3745
planning flow reduced
plan limit 846
current timestep 3746
planning flow reduced
plan limit 849
current timestep 3747
planning flow reduced
plan limit 846
current timestep 3748
planning flow reduced
plan limit 849
current timestep 3749
planning flow reduced
plan limit 848
current timestep 3750
planning flow reduced
plan limit 849
current timestep 3751
planning flow reduced
plan limit 847
current timestep 3752
planning flow reduced
plan limit 843
current timestep 3753
planning flow reduced
plan limit 846
current timestep 3754
planning flow reduced
plan limit 847
current timestep 3755
planning flow reduced
plan limit 850
current timestep 3756
planning flow reduced
plan limit 845
current timestep 3757
planning flow reduced
plan limit 844
current timestep 3758
planning flow reduced
plan limit 848
current timestep 3759
planning flow reduced
plan limit 845
current timestep 3760
planning flow reduced
plan limit 849
current timestep 3761
planning flow reduced
plan limit 843
current timestep 3762
planning flow reduced
plan limit 847
current timestep 3763
planning flow reduced
plan limit 849
current timestep 3764
planning flow reduced
plan limit 848
current timestep 3765
planning flow reduced
plan limit 848
current timestep 3766
planning flow reduced
plan limit 851
current timestep 3767
planning flow reduced
plan limit 845
current timestep 3768
planning flow reduced
plan limit 846
current timestep 3769
planning flow reduced
plan limit 848
current timestep 3770
planning flow reduced
plan limit 842
current timestep 3771
planning flow reduced
plan limit 843
current timestep 3772
planning flow reduced
plan limit 849
current timestep 3773
planning flow reduced
plan limit 851
current timestep 3774
planning flow reduced
plan limit 846
current timestep 3775
planning flow reduced
plan limit 846
current timestep 3776
planning flow reduced
plan limit 850
current timestep 3777
planning flow reduced
plan limit 851
current timestep 3778
planning flow reduced
plan limit 848
current timestep 3779
planning flow reduced
plan limit 846
current timestep 3780
planning flow reduced
plan limit 848
current timestep 3781
planning flow reduced
plan limit 850
current timestep 3782
planning flow reduced
plan limit 848
current timestep 3783
planning flow reduced
plan limit 848
current timestep 3784
planning flow reduced
plan limit 848
current timestep 3785
planning flow reduced
plan limit 850
current timestep 3786
planning flow reduced
plan limit 843
current timestep 3787
planning flow reduced
plan limit 839
current timestep 3788
planning flow reduced
plan limit 846
current timestep 3789
planning flow reduced
plan limit 836
current timestep 3790
planning flow reduced
plan limit 845
current timestep 3791
planning flow reduced
plan limit 847
current timestep 3792
planning flow reduced
plan limit 847
current timestep 3793
planning flow reduced
plan limit 850
current timestep 3794
planning flow reduced
plan limit 850
current timestep 3795
planning flow reduced
plan limit 850
current timestep 3796
planning flow reduced
plan limit 849
current timestep 3797
planning flow reduced
plan limit 850
current timestep 3798
planning flow reduced
plan limit 844
current timestep 3799
planning flow reduced
plan limit 849
current timestep 3800
planning flow reduced
plan limit 844
current timestep 3801
planning flow reduced
plan limit 847
current timestep 3802
planning flow reduced
plan limit 847
current timestep 3803
planning flow reduced
plan limit 851
current timestep 3804
planning flow reduced
plan limit 847
current timestep 3805
planning flow reduced
plan limit 849
current timestep 3806
planning flow reduced
plan limit 848
current timestep 3807
planning flow reduced
plan limit 851
current timestep 3808
planning flow reduced
plan limit 849
current timestep 3809
planning flow reduced
plan limit 845
current timestep 3810
planning flow reduced
plan limit 847
current timestep 3811
planning flow reduced
plan limit 850
current timestep 3812
planning flow reduced
plan limit 842
current timestep 3813
planning flow reduced
plan limit 848
current timestep 3814
planning flow reduced
plan limit 849
current timestep 3815
planning flow reduced
plan limit 850
current timestep 3816
planning flow reduced
plan limit 851
current timestep 3817
planning flow reduced
plan limit 844
current timestep 3818
planning flow reduced
plan limit 846
current timestep 3819
planning flow reduced
plan limit 850
current timestep 3820
planning flow reduced
plan limit 845
current timestep 3821
planning flow reduced
plan limit 848
current timestep 3822
planning flow reduced
plan limit 841
current timestep 3823
planning flow reduced
plan limit 849
current timestep 3824
planning flow reduced
plan limit 846
current timestep 3825
planning flow reduced
plan limit 850
current timestep 3826
planning flow reduced
plan limit 851
current timestep 3827
planning flow reduced
plan limit 850
current timestep 3828
planning flow reduced
plan limit 851
current timestep 3829
planning flow reduced
plan limit 842
current timestep 3830
planning flow reduced
plan limit 848
current timestep 3831
planning flow reduced
plan limit 849
current timestep 3832
planning flow reduced
plan limit 844
current timestep 3833
planning flow reduced
plan limit 848
current timestep 3834
planning flow reduced
plan limit 839
current timestep 3835
planning flow reduced
plan limit 847
current timestep 3836
planning flow reduced
plan limit 842
current timestep 3837
planning flow reduced
plan limit 847
current timestep 3838
planning flow reduced
plan limit 849
current timestep 3839
planning flow reduced
plan limit 845
current timestep 3840
planning flow reduced
plan limit 851
current timestep 3841
planning flow reduced
plan limit 848
current timestep 3842
planning flow reduced
plan limit 846
current timestep 3843
planning flow reduced
plan limit 847
current timestep 3844
planning flow reduced
plan limit 847
current timestep 3845
planning flow reduced
plan limit 843
current timestep 3846
planning flow reduced
plan limit 846
current timestep 3847
planning flow reduced
plan limit 845
current timestep 3848
planning flow reduced
plan limit 844
current timestep 3849
planning flow reduced
plan limit 845
current timestep 3850
planning flow reduced
plan limit 848
current timestep 3851
planning flow reduced
plan limit 846
current timestep 3852
planning flow reduced
plan limit 846
current timestep 3853
planning flow reduced
plan limit 845
current timestep 3854
planning flow reduced
plan limit 844
current timestep 3855
planning flow reduced
plan limit 848
current timestep 3856
planning flow reduced
plan limit 843
current timestep 3857
planning flow reduced
plan limit 844
current timestep 3858
planning flow reduced
plan limit 850
current timestep 3859
planning flow reduced
plan limit 845
current timestep 3860
planning flow reduced
plan limit 849
current timestep 3861
planning flow reduced
plan limit 850
current timestep 3862
planning flow reduced
plan limit 848
current timestep 3863
planning flow reduced
plan limit 842
current timestep 3864
planning flow reduced
plan limit 848
current timestep 3865
planning flow reduced
plan limit 848
current timestep 3866
planning flow reduced
plan limit 851
current timestep 3867
planning flow reduced
plan limit 845
current timestep 3868
planning flow reduced
plan limit 851
current timestep 3869
planning flow reduced
plan limit 849
current timestep 3870
planning flow reduced
plan limit 842
current timestep 3871
planning flow reduced
plan limit 851
current timestep 3872
planning flow reduced
plan limit 842
current timestep 3873
planning flow reduced
plan limit 849
current timestep 3874
planning flow reduced
plan limit 848
current timestep 3875
planning flow reduced
plan limit 848
current timestep 3876
planning flow reduced
plan limit 850
current timestep 3877
planning flow reduced
plan limit 849
current timestep 3878
planning flow reduced
plan limit 852
current timestep 3879
planning flow reduced
plan limit 846
current timestep 3880
planning flow reduced
plan limit 852
current timestep 3881
planning flow reduced
plan limit 845
current timestep 3882
planning flow reduced
plan limit 847
current timestep 3883
planning flow reduced
plan limit 848
current timestep 3884
planning flow reduced
plan limit 849
current timestep 3885
planning flow reduced
plan limit 848
current timestep 3886
planning flow reduced
plan limit 847
current timestep 3887
planning flow reduced
plan limit 850
current timestep 3888
planning flow reduced
plan limit 849
current timestep 3889
planning flow reduced
plan limit 849
current timestep 3890
planning flow reduced
plan limit 849
current timestep 3891
planning flow reduced
plan limit 850
current timestep 3892
planning flow reduced
plan limit 848
current timestep 3893
planning flow reduced
plan limit 853
current timestep 3894
planning flow reduced
plan limit 846
current timestep 3895
planning flow reduced
plan limit 843
current timestep 3896
planning flow reduced
plan limit 851
current timestep 3897
planning flow reduced
plan limit 849
current timestep 3898
planning flow reduced
plan limit 850
current timestep 3899
planning flow reduced
plan limit 848
current timestep 3900
planning flow reduced
plan limit 849
current timestep 3901
planning flow reduced
plan limit 845
current timestep 3902
planning flow reduced
plan limit 849
current timestep 3903
planning flow reduced
plan limit 843
current timestep 3904
planning flow reduced
plan limit 850
current timestep 3905
planning flow reduced
plan limit 852
current timestep 3906
planning flow reduced
plan limit 850
current timestep 3907
planning flow reduced
plan limit 846
current timestep 3908
planning flow reduced
plan limit 847
current timestep 3909
planning flow reduced
plan limit 846
current timestep 3910
planning flow reduced
plan limit 845
current timestep 3911
planning flow reduced
plan limit 851
current timestep 3912
planning flow reduced
plan limit 849
current timestep 3913
planning flow reduced
plan limit 846
current timestep 3914
planning flow reduced
plan limit 850
current timestep 3915
planning flow reduced
plan limit 849
current timestep 3916
planning flow reduced
plan limit 850
current timestep 3917
planning flow reduced
plan limit 851
current timestep 3918
planning flow reduced
plan limit 850
current timestep 3919
planning flow reduced
plan limit 850
current timestep 3920
planning flow reduced
plan limit 851
current timestep 3921
planning flow reduced
plan limit 849
current timestep 3922
planning flow reduced
plan limit 852
current timestep 3923
planning flow reduced
plan limit 853
current timestep 3924
planning flow reduced
plan limit 846
current timestep 3925
planning flow reduced
plan limit 843
current timestep 3926
planning flow reduced
plan limit 847
current timestep 3927
planning flow reduced
plan limit 848
current timestep 3928
planning flow reduced
plan limit 842
current timestep 3929
planning flow reduced
plan limit 849
current timestep 3930
planning flow reduced
plan limit 849
current timestep 3931
planning flow reduced
plan limit 851
current timestep 3932
planning flow reduced
plan limit 848
current timestep 3933
planning flow reduced
plan limit 849
current timestep 3934
planning flow reduced
plan limit 850
current timestep 3935
planning flow reduced
plan limit 847
current timestep 3936
planning flow reduced
plan limit 850
current timestep 3937
planning flow reduced
plan limit 849
current timestep 3938
planning flow reduced
plan limit 846
current timestep 3939
planning flow reduced
plan limit 845
current timestep 3940
planning flow reduced
plan limit 844
current timestep 3941
planning flow reduced
plan limit 848
current timestep 3942
planning flow reduced
plan limit 846
current timestep 3943
planning flow reduced
plan limit 846
current timestep 3944
planning flow reduced
plan limit 851
current timestep 3945
planning flow reduced
plan limit 847
current timestep 3946
planning flow reduced
plan limit 851
current timestep 3947
planning flow reduced
plan limit 850
current timestep 3948
planning flow reduced
plan limit 851
current timestep 3949
planning flow reduced
plan limit 851
current timestep 3950
planning flow reduced
plan limit 848
current timestep 3951
planning flow reduced
plan limit 851
current timestep 3952
planning flow reduced
plan limit 850
current timestep 3953
planning flow reduced
plan limit 843
current timestep 3954
planning flow reduced
plan limit 848
current timestep 3955
planning flow reduced
plan limit 850
current timestep 3956
planning flow reduced
plan limit 850
current timestep 3957
planning flow reduced
plan limit 850
current timestep 3958
planning flow reduced
plan limit 846
current timestep 3959
planning flow reduced
plan limit 844
current timestep 3960
planning flow reduced
plan limit 849
current timestep 3961
planning flow reduced
plan limit 850
current timestep 3962
planning flow reduced
plan limit 850
current timestep 3963
planning flow reduced
plan limit 852
current timestep 3964
planning flow reduced
plan limit 853
current timestep 3965
planning flow reduced
plan limit 852
current timestep 3966
planning flow reduced
plan limit 845
current timestep 3967
planning flow reduced
plan limit 849
current timestep 3968
planning flow reduced
plan limit 844
current timestep 3969
planning flow reduced
plan limit 849
current timestep 3970
planning flow reduced
plan limit 842
current timestep 3971
planning flow reduced
plan limit 849
current timestep 3972
planning flow reduced
plan limit 847
current timestep 3973
planning flow reduced
plan limit 852
current timestep 3974
planning flow reduced
plan limit 851
current timestep 3975
planning flow reduced
plan limit 851
current timestep 3976
planning flow reduced
plan limit 851
current timestep 3977
planning flow reduced
plan limit 848
current timestep 3978
planning flow reduced
plan limit 839
current timestep 3979
planning flow reduced
plan limit 846
current timestep 3980
planning flow reduced
plan limit 848
current timestep 3981
planning flow reduced
plan limit 848
current timestep 3982
planning flow reduced
plan limit 845
current timestep 3983
planning flow reduced
plan limit 850
current timestep 3984
planning flow reduced
plan limit 851
current timestep 3985
planning flow reduced
plan limit 844
current timestep 3986
planning flow reduced
plan limit 849
current timestep 3987
planning flow reduced
plan limit 845
current timestep 3988
planning flow reduced
plan limit 851
current timestep 3989
planning flow reduced
plan limit 852
current timestep 3990
planning flow reduced
plan limit 848
current timestep 3991
planning flow reduced
plan limit 853
current timestep 3992
planning flow reduced
plan limit 848
current timestep 3993
planning flow reduced
plan limit 850
current timestep 3994
planning flow reduced
plan limit 846
current timestep 3995
planning flow reduced
plan limit 846
current timestep 3996
planning flow reduced
plan limit 847
current timestep 3997
planning flow reduced
plan limit 849
current timestep 3998
planning flow reduced
plan limit 852
current timestep 3999
planning flow reduced
plan limit 849
current timestep 4000
planning flow reduced
plan limit 846
current timestep 4001
planning flow reduced
plan limit 849
current timestep 4002
planning flow reduced
plan limit 848
current timestep 4003
planning flow reduced
plan limit 850
current timestep 4004
planning flow reduced
plan limit 851
current timestep 4005
planning flow reduced
plan limit 850
current timestep 4006
planning flow reduced
plan limit 851
current timestep 4007
planning flow reduced
plan limit 852
current timestep 4008
planning flow reduced
plan limit 848
current timestep 4009
planning flow reduced
plan limit 849
current timestep 4010
planning flow reduced
plan limit 848
current timestep 4011
planning flow reduced
plan limit 849
current timestep 4012
planning flow reduced
plan limit 851
current timestep 4013
planning flow reduced
plan limit 850
current timestep 4014
planning flow reduced
plan limit 851
current timestep 4015
planning flow reduced
plan limit 844
current timestep 4016
planning flow reduced
plan limit 848
current timestep 4017
planning flow reduced
plan limit 849
current timestep 4018
planning flow reduced
plan limit 850
current timestep 4019
planning flow reduced
plan limit 840
current timestep 4020
planning flow reduced
plan limit 850
current timestep 4021
planning flow reduced
plan limit 848
current timestep 4022
planning flow reduced
plan limit 848
current timestep 4023
planning flow reduced
plan limit 847
current timestep 4024
planning flow reduced
plan limit 849
current timestep 4025
planning flow reduced
plan limit 850
current timestep 4026
planning flow reduced
plan limit 852
current timestep 4027
planning flow reduced
plan limit 850
current timestep 4028
planning flow reduced
plan limit 845
current timestep 4029
planning flow reduced
plan limit 850
current timestep 4030
planning flow reduced
plan limit 852
current timestep 4031
planning flow reduced
plan limit 840
current timestep 4032
planning flow reduced
plan limit 848
current timestep 4033
planning flow reduced
plan limit 847
current timestep 4034
planning flow reduced
plan limit 846
current timestep 4035
planning flow reduced
plan limit 850
current timestep 4036
planning flow reduced
plan limit 843
current timestep 4037
planning flow reduced
plan limit 850
current timestep 4038
planning flow reduced
plan limit 850
current timestep 4039
planning flow reduced
plan limit 850
current timestep 4040
planning flow reduced
plan limit 843
current timestep 4041
planning flow reduced
plan limit 848
current timestep 4042
planning flow reduced
plan limit 846
current timestep 4043
planning flow reduced
plan limit 848
current timestep 4044
planning flow reduced
plan limit 846
current timestep 4045
planning flow reduced
plan limit 849
current timestep 4046
planning flow reduced
plan limit 851
current timestep 4047
planning flow reduced
plan limit 849
current timestep 4048
planning flow reduced
plan limit 843
current timestep 4049
planning flow reduced
plan limit 845
current timestep 4050
planning flow reduced
plan limit 847
current timestep 4051
planning flow reduced
plan limit 849
current timestep 4052
planning flow reduced
plan limit 846
current timestep 4053
planning flow reduced
plan limit 845
current timestep 4054
planning flow reduced
plan limit 851
current timestep 4055
planning flow reduced
plan limit 843
current timestep 4056
planning flow reduced
plan limit 846
current timestep 4057
planning flow reduced
plan limit 851
current timestep 4058
planning flow reduced
plan limit 850
current timestep 4059
planning flow reduced
plan limit 847
current timestep 4060
planning flow reduced
plan limit 848
current timestep 4061
planning flow reduced
plan limit 845
current timestep 4062
planning flow reduced
plan limit 847
current timestep 4063
planning flow reduced
plan limit 849
current timestep 4064
planning flow reduced
plan limit 850
current timestep 4065
planning flow reduced
plan limit 847
current timestep 4066
planning flow reduced
plan limit 845
current timestep 4067
planning flow reduced
plan limit 846
current timestep 4068
planning flow reduced
plan limit 848
current timestep 4069
planning flow reduced
plan limit 849
current timestep 4070
planning flow reduced
plan limit 851
current timestep 4071
planning flow reduced
plan limit 849
current timestep 4072
planning flow reduced
plan limit 851
current timestep 4073
planning flow reduced
plan limit 839
current timestep 4074
planning flow reduced
plan limit 847
current timestep 4075
planning flow reduced
plan limit 847
current timestep 4076
planning flow reduced
plan limit 849
current timestep 4077
planning flow reduced
plan limit 850
current timestep 4078
planning flow reduced
plan limit 848
current timestep 4079
planning flow reduced
plan limit 846
current timestep 4080
planning flow reduced
plan limit 848
current timestep 4081
planning flow reduced
plan limit 850
current timestep 4082
planning flow reduced
plan limit 847
current timestep 4083
planning flow reduced
plan limit 848
current timestep 4084
planning flow reduced
plan limit 847
current timestep 4085
planning flow reduced
plan limit 847
current timestep 4086
planning flow reduced
plan limit 846
current timestep 4087
planning flow reduced
plan limit 844
current timestep 4088
planning flow reduced
plan limit 849
current timestep 4089
planning flow reduced
plan limit 847
current timestep 4090
planning flow reduced
plan limit 845
current timestep 4091
planning flow reduced
plan limit 848
current timestep 4092
planning flow reduced
plan limit 847
current timestep 4093
planning flow reduced
plan limit 850
current timestep 4094
planning flow reduced
plan limit 846
current timestep 4095
planning flow reduced
plan limit 848
current timestep 4096
planning flow reduced
plan limit 847
current timestep 4097
planning flow reduced
plan limit 850
current timestep 4098
planning flow reduced
plan limit 847
current timestep 4099
planning flow reduced
plan limit 845
current timestep 4100
planning flow reduced
plan limit 843
current timestep 4101
planning flow reduced
plan limit 845
current timestep 4102
planning flow reduced
plan limit 847
current timestep 4103
planning flow reduced
plan limit 848
current timestep 4104
planning flow reduced
plan limit 849
current timestep 4105
planning flow reduced
plan limit 845
current timestep 4106
planning flow reduced
plan limit 849
current timestep 4107
planning flow reduced
plan limit 849
current timestep 4108
planning flow reduced
plan limit 848
current timestep 4109
planning flow reduced
plan limit 846
current timestep 4110
planning flow reduced
plan limit 849
current timestep 4111
planning flow reduced
plan limit 847
current timestep 4112
planning flow reduced
plan limit 846
current timestep 4113
planning flow reduced
plan limit 847
current timestep 4114
planning flow reduced
plan limit 846
current timestep 4115
planning flow reduced
plan limit 850
current timestep 4116
planning flow reduced
plan limit 841
current timestep 4117
planning flow reduced
plan limit 848
current timestep 4118
planning flow reduced
plan limit 850
current timestep 4119
planning flow reduced
plan limit 842
current timestep 4120
planning flow reduced
plan limit 848
current timestep 4121
planning flow reduced
plan limit 849
current timestep 4122
planning flow reduced
plan limit 849
current timestep 4123
planning flow reduced
plan limit 846
current timestep 4124
planning flow reduced
plan limit 848
current timestep 4125
planning flow reduced
plan limit 848
current timestep 4126
planning flow reduced
plan limit 850
current timestep 4127
planning flow reduced
plan limit 844
current timestep 4128
planning flow reduced
plan limit 840
current timestep 4129
planning flow reduced
plan limit 844
current timestep 4130
planning flow reduced
plan limit 851
current timestep 4131
planning flow reduced
plan limit 848
current timestep 4132
planning flow reduced
plan limit 843
current timestep 4133
planning flow reduced
plan limit 848
current timestep 4134
planning flow reduced
plan limit 847
current timestep 4135
planning flow reduced
plan limit 849
current timestep 4136
planning flow reduced
plan limit 849
current timestep 4137
planning flow reduced
plan limit 847
current timestep 4138
planning flow reduced
plan limit 850
current timestep 4139
planning flow reduced
plan limit 849
current timestep 4140
planning flow reduced
plan limit 843
current timestep 4141
planning flow reduced
plan limit 847
current timestep 4142
planning flow reduced
plan limit 849
current timestep 4143
planning flow reduced
plan limit 845
current timestep 4144
planning flow reduced
plan limit 849
current timestep 4145
planning flow reduced
plan limit 847
current timestep 4146
planning flow reduced
plan limit 843
current timestep 4147
planning flow reduced
plan limit 847
current timestep 4148
planning flow reduced
plan limit 849
current timestep 4149
planning flow reduced
plan limit 848
current timestep 4150
planning flow reduced
plan limit 850
current timestep 4151
planning flow reduced
plan limit 850
current timestep 4152
planning flow reduced
plan limit 850
current timestep 4153
planning flow reduced
plan limit 849
current timestep 4154
planning flow reduced
plan limit 849
current timestep 4155
planning flow reduced
plan limit 848
current timestep 4156
planning flow reduced
plan limit 848
current timestep 4157
planning flow reduced
plan limit 848
current timestep 4158
planning flow reduced
plan limit 844
current timestep 4159
planning flow reduced
plan limit 851
current timestep 4160
planning flow reduced
plan limit 846
current timestep 4161
planning flow reduced
plan limit 841
current timestep 4162
planning flow reduced
plan limit 849
current timestep 4163
planning flow reduced
plan limit 850
current timestep 4164
planning flow reduced
plan limit 847
current timestep 4165
planning flow reduced
plan limit 848
current timestep 4166
planning flow reduced
plan limit 850
current timestep 4167
planning flow reduced
plan limit 850
current timestep 4168
planning flow reduced
plan limit 848
current timestep 4169
planning flow reduced
plan limit 849
current timestep 4170
planning flow reduced
plan limit 850
current timestep 4171
planning flow reduced
plan limit 849
current timestep 4172
planning flow reduced
plan limit 845
current timestep 4173
planning flow reduced
plan limit 848
current timestep 4174
planning flow reduced
plan limit 848
current timestep 4175
planning flow reduced
plan limit 845
current timestep 4176
planning flow reduced
plan limit 847
current timestep 4177
planning flow reduced
plan limit 848
current timestep 4178
planning flow reduced
plan limit 841
current timestep 4179
planning flow reduced
plan limit 845
current timestep 4180
planning flow reduced
plan limit 845
current timestep 4181
planning flow reduced
plan limit 847
current timestep 4182
planning flow reduced
plan limit 848
current timestep 4183
planning flow reduced
plan limit 850
current timestep 4184
planning flow reduced
plan limit 848
current timestep 4185
planning flow reduced
plan limit 850
current timestep 4186
planning flow reduced
plan limit 846
current timestep 4187
planning flow reduced
plan limit 848
current timestep 4188
planning flow reduced
plan limit 850
current timestep 4189
planning flow reduced
plan limit 849
current timestep 4190
planning flow reduced
plan limit 848
current timestep 4191
planning flow reduced
plan limit 848
current timestep 4192
planning flow reduced
plan limit 850
current timestep 4193
planning flow reduced
plan limit 850
current timestep 4194
planning flow reduced
plan limit 847
current timestep 4195
planning flow reduced
plan limit 845
current timestep 4196
planning flow reduced
plan limit 849
current timestep 4197
planning flow reduced
plan limit 850
current timestep 4198
planning flow reduced
plan limit 845
current timestep 4199
planning flow reduced
plan limit 844
current timestep 4200
planning flow reduced
plan limit 847
current timestep 4201
planning flow reduced
plan limit 849
current timestep 4202
planning flow reduced
plan limit 846
current timestep 4203
planning flow reduced
plan limit 849
current timestep 4204
planning flow reduced
plan limit 847
current timestep 4205
planning flow reduced
plan limit 849
current timestep 4206
planning flow reduced
plan limit 848
current timestep 4207
planning flow reduced
plan limit 849
current timestep 4208
planning flow reduced
plan limit 847
current timestep 4209
planning flow reduced
plan limit 849
current timestep 4210
planning flow reduced
plan limit 837
current timestep 4211
planning flow reduced
plan limit 831
current timestep 4212
planning flow reduced
plan limit 847
current timestep 4213
planning flow reduced
plan limit 844
current timestep 4214
planning flow reduced
plan limit 848
current timestep 4215
planning flow reduced
plan limit 850
current timestep 4216
planning flow reduced
plan limit 851
current timestep 4217
planning flow reduced
plan limit 846
current timestep 4218
planning flow reduced
plan limit 850
current timestep 4219
planning flow reduced
plan limit 836
current timestep 4220
planning flow reduced
plan limit 848
current timestep 4221
planning flow reduced
plan limit 849
current timestep 4222
planning flow reduced
plan limit 850
current timestep 4223
planning flow reduced
plan limit 845
current timestep 4224
planning flow reduced
plan limit 849
current timestep 4225
planning flow reduced
plan limit 845
current timestep 4226
planning flow reduced
plan limit 851
current timestep 4227
planning flow reduced
plan limit 851
current timestep 4228
planning flow reduced
plan limit 848
current timestep 4229
planning flow reduced
plan limit 842
current timestep 4230
planning flow reduced
plan limit 844
current timestep 4231
planning flow reduced
plan limit 849
current timestep 4232
planning flow reduced
plan limit 848
current timestep 4233
planning flow reduced
plan limit 813
current timestep 4234
planning flow reduced
plan limit 850
current timestep 4235
planning flow reduced
plan limit 851
current timestep 4236
planning flow reduced
plan limit 842
current timestep 4237
planning flow reduced
plan limit 842
current timestep 4238
planning flow reduced
plan limit 849
current timestep 4239
planning flow reduced
plan limit 831
current timestep 4240
planning flow reduced
plan limit 848
current timestep 4241
planning flow reduced
plan limit 850
current timestep 4242
planning flow reduced
plan limit 845
current timestep 4243
planning flow reduced
plan limit 843
current timestep 4244
planning flow reduced
plan limit 841
current timestep 4245
planning flow reduced
plan limit 844
current timestep 4246
planning flow reduced
plan limit 849
current timestep 4247
planning flow reduced
plan limit 846
current timestep 4248
planning flow reduced
plan limit 849
current timestep 4249
planning flow reduced
plan limit 842
current timestep 4250
planning flow reduced
plan limit 847
current timestep 4251
planning flow reduced
plan limit 846
current timestep 4252
planning flow reduced
plan limit 845
current timestep 4253
planning flow reduced
plan limit 847
current timestep 4254
planning flow reduced
plan limit 850
current timestep 4255
planning flow reduced
plan limit 849
current timestep 4256
planning flow reduced
plan limit 849
current timestep 4257
planning flow reduced
plan limit 848
current timestep 4258
planning flow reduced
plan limit 849
current timestep 4259
planning flow reduced
plan limit 842
current timestep 4260
planning flow reduced
plan limit 844
current timestep 4261
planning flow reduced
plan limit 845
current timestep 4262
planning flow reduced
plan limit 845
current timestep 4263
planning flow reduced
plan limit 841
current timestep 4264
planning flow reduced
plan limit 846
current timestep 4265
planning flow reduced
plan limit 845
current timestep 4266
planning flow reduced
plan limit 848
current timestep 4267
planning flow reduced
plan limit 852
current timestep 4268
planning flow reduced
plan limit 848
current timestep 4269
planning flow reduced
plan limit 841
current timestep 4270
planning flow reduced
plan limit 836
current timestep 4271
planning flow reduced
plan limit 834
current timestep 4272
planning flow reduced
plan limit 832
current timestep 4273
planning flow reduced
plan limit 836
current timestep 4274
planning flow reduced
plan limit 849
current timestep 4275
planning flow reduced
plan limit 850
current timestep 4276
planning flow reduced
plan limit 847
current timestep 4277
planning flow reduced
plan limit 852
current timestep 4278
planning flow reduced
plan limit 845
current timestep 4279
planning flow reduced
plan limit 843
current timestep 4280
planning flow reduced
plan limit 850
current timestep 4281
planning flow reduced
plan limit 846
current timestep 4282
planning flow reduced
plan limit 846
current timestep 4283
planning flow reduced
plan limit 845
current timestep 4284
planning flow reduced
plan limit 850
current timestep 4285
planning flow reduced
plan limit 842
current timestep 4286
planning flow reduced
plan limit 849
current timestep 4287
planning flow reduced
plan limit 847
current timestep 4288
planning flow reduced
plan limit 828
current timestep 4289
planning flow reduced
plan limit 846
current timestep 4290
planning flow reduced
plan limit 818
current timestep 4291
planning flow reduced
plan limit 839
current timestep 4292
planning flow reduced
plan limit 842
current timestep 4293
planning flow reduced
plan limit 844
current timestep 4294
planning flow reduced
plan limit 847
current timestep 4295
planning flow reduced
plan limit 850
current timestep 4296
planning flow reduced
plan limit 846
current timestep 4297
planning flow reduced
plan limit 830
current timestep 4298
planning flow reduced
plan limit 814
current timestep 4299
planning flow reduced
plan limit 828
current timestep 4300
planning flow reduced
plan limit 841
current timestep 4301
planning flow reduced
plan limit 847
current timestep 4302
planning flow reduced
plan limit 827
current timestep 4303
planning flow reduced
plan limit 831
current timestep 4304
planning flow reduced
plan limit 846
current timestep 4305
planning flow reduced
plan limit 847
current timestep 4306
planning flow reduced
plan limit 846
current timestep 4307
planning flow reduced
plan limit 847
current timestep 4308
planning flow reduced
plan limit 829
current timestep 4309
planning flow reduced
plan limit 836
current timestep 4310
planning flow reduced
plan limit 839
current timestep 4311
planning flow reduced
plan limit 840
current timestep 4312
planning flow reduced
plan limit 838
current timestep 4313
planning flow reduced
plan limit 836
current timestep 4314
planning flow reduced
plan limit 840
current timestep 4315
planning flow reduced
plan limit 842
current timestep 4316
planning flow reduced
plan limit 835
current timestep 4317
planning flow reduced
plan limit 837
current timestep 4318
planning flow reduced
plan limit 840
current timestep 4319
planning flow reduced
plan limit 841
current timestep 4320
planning flow reduced
plan limit 841
current timestep 4321
planning flow reduced
plan limit 838
current timestep 4322
planning flow reduced
plan limit 841
current timestep 4323
planning flow reduced
plan limit 841
current timestep 4324
planning flow reduced
plan limit 841
current timestep 4325
planning flow reduced
plan limit 839
current timestep 4326
planning flow reduced
plan limit 837
current timestep 4327
planning flow reduced
plan limit 838
current timestep 4328
planning flow reduced
plan limit 837
current timestep 4329
planning flow reduced
plan limit 838
current timestep 4330
planning flow reduced
plan limit 836
current timestep 4331
planning flow reduced
plan limit 835
current timestep 4332
planning flow reduced
plan limit 846
current timestep 4333
planning flow reduced
plan limit 840
current timestep 4334
planning flow reduced
plan limit 844
current timestep 4335
planning flow reduced
plan limit 844
current timestep 4336
planning flow reduced
plan limit 836
current timestep 4337
planning flow reduced
plan limit 850
current timestep 4338
planning flow reduced
plan limit 849
current timestep 4339
planning flow reduced
plan limit 845
current timestep 4340
planning flow reduced
plan limit 844
current timestep 4341
planning flow reduced
plan limit 844
current timestep 4342
planning flow reduced
plan limit 824
current timestep 4343
planning flow reduced
plan limit 832
current timestep 4344
planning flow reduced
plan limit 838
current timestep 4345
planning flow reduced
plan limit 833
current timestep 4346
planning flow reduced
plan limit 839
current timestep 4347
planning flow reduced
plan limit 837
current timestep 4348
planning flow reduced
plan limit 837
current timestep 4349
planning flow reduced
plan limit 832
current timestep 4350
planning flow reduced
plan limit 837
current timestep 4351
planning flow reduced
plan limit 848
current timestep 4352
planning flow reduced
plan limit 849
current timestep 4353
planning flow reduced
plan limit 850
current timestep 4354
planning flow reduced
plan limit 845
current timestep 4355
planning flow reduced
plan limit 848
current timestep 4356
planning flow reduced
plan limit 838
current timestep 4357
planning flow reduced
plan limit 841
current timestep 4358
planning flow reduced
plan limit 839
current timestep 4359
planning flow reduced
plan limit 840
current timestep 4360
planning flow reduced
plan limit 840
current timestep 4361
planning flow reduced
plan limit 845
current timestep 4362
planning flow reduced
plan limit 837
current timestep 4363
planning flow reduced
plan limit 837
current timestep 4364
planning flow reduced
plan limit 836
current timestep 4365
planning flow reduced
plan limit 840
current timestep 4366
planning flow reduced
plan limit 820
current timestep 4367
planning flow reduced
plan limit 833
current timestep 4368
planning flow reduced
plan limit 838
current timestep 4369
planning flow reduced
plan limit 839
current timestep 4370
planning flow reduced
plan limit 833
current timestep 4371
planning flow reduced
plan limit 837
current timestep 4372
planning flow reduced
plan limit 851
current timestep 4373
planning flow reduced
plan limit 838
current timestep 4374
planning flow reduced
plan limit 837
current timestep 4375
planning flow reduced
plan limit 850
current timestep 4376
planning flow reduced
plan limit 847
current timestep 4377
planning flow reduced
plan limit 847
current timestep 4378
planning flow reduced
plan limit 831
current timestep 4379
planning flow reduced
plan limit 832
current timestep 4380
planning flow reduced
plan limit 835
current timestep 4381
planning flow reduced
plan limit 838
current timestep 4382
planning flow reduced
plan limit 838
current timestep 4383
planning flow reduced
plan limit 836
current timestep 4384
planning flow reduced
plan limit 840
current timestep 4385
planning flow reduced
plan limit 847
current timestep 4386
planning flow reduced
plan limit 852
current timestep 4387
planning flow reduced
plan limit 849
current timestep 4388
planning flow reduced
plan limit 846
current timestep 4389
planning flow reduced
plan limit 845
current timestep 4390
planning flow reduced
plan limit 850
current timestep 4391
planning flow reduced
plan limit 830
current timestep 4392
planning flow reduced
plan limit 833
current timestep 4393
planning flow reduced
plan limit 836
current timestep 4394
planning flow reduced
plan limit 848
current timestep 4395
planning flow reduced
plan limit 850
current timestep 4396
planning flow reduced
plan limit 835
current timestep 4397
planning flow reduced
plan limit 836
current timestep 4398
planning flow reduced
plan limit 843
current timestep 4399
planning flow reduced
plan limit 850
current timestep 4400
planning flow reduced
plan limit 849
current timestep 4401
planning flow reduced
plan limit 850
current timestep 4402
planning flow reduced
plan limit 849
current timestep 4403
planning flow reduced
plan limit 845
current timestep 4404
planning flow reduced
plan limit 843
current timestep 4405
planning flow reduced
plan limit 838
current timestep 4406
planning flow reduced
plan limit 850
current timestep 4407
planning flow reduced
plan limit 850
current timestep 4408
planning flow reduced
plan limit 850
current timestep 4409
planning flow reduced
plan limit 850
current timestep 4410
planning flow reduced
plan limit 851
current timestep 4411
planning flow reduced
plan limit 834
current timestep 4412
planning flow reduced
plan limit 834
current timestep 4413
planning flow reduced
plan limit 834
current timestep 4414
planning flow reduced
plan limit 847
current timestep 4415
planning flow reduced
plan limit 844
current timestep 4416
planning flow reduced
plan limit 848
current timestep 4417
planning flow reduced
plan limit 848
current timestep 4418
planning flow reduced
plan limit 849
current timestep 4419
planning flow reduced
plan limit 849
current timestep 4420
planning flow reduced
plan limit 851
current timestep 4421
planning flow reduced
plan limit 833
current timestep 4422
planning flow reduced
plan limit 839
current timestep 4423
planning flow reduced
plan limit 845
current timestep 4424
planning flow reduced
plan limit 838
current timestep 4425
planning flow reduced
plan limit 836
current timestep 4426
planning flow reduced
plan limit 836
current timestep 4427
planning flow reduced
plan limit 833
current timestep 4428
planning flow reduced
plan limit 838
current timestep 4429
planning flow reduced
plan limit 836
current timestep 4430
planning flow reduced
plan limit 836
current timestep 4431
planning flow reduced
plan limit 837
current timestep 4432
planning flow reduced
plan limit 838
current timestep 4433
planning flow reduced
plan limit 848
current timestep 4434
planning flow reduced
plan limit 838
current timestep 4435
planning flow reduced
plan limit 836
current timestep 4436
planning flow reduced
plan limit 833
current timestep 4437
planning flow reduced
plan limit 837
current timestep 4438
planning flow reduced
plan limit 835
current timestep 4439
planning flow reduced
plan limit 847
current timestep 4440
planning flow reduced
plan limit 849
current timestep 4441
planning flow reduced
plan limit 836
current timestep 4442
planning flow reduced
plan limit 835
current timestep 4443
planning flow reduced
plan limit 839
current timestep 4444
planning flow reduced
plan limit 832
current timestep 4445
planning flow reduced
plan limit 845
current timestep 4446
planning flow reduced
plan limit 850
current timestep 4447
planning flow reduced
plan limit 850
current timestep 4448
planning flow reduced
plan limit 846
current timestep 4449
planning flow reduced
plan limit 848
current timestep 4450
planning flow reduced
plan limit 836
current timestep 4451
planning flow reduced
plan limit 835
current timestep 4452
planning flow reduced
plan limit 835
current timestep 4453
planning flow reduced
plan limit 831
current timestep 4454
planning flow reduced
plan limit 836
current timestep 4455
planning flow reduced
plan limit 848
current timestep 4456
planning flow reduced
plan limit 850
current timestep 4457
planning flow reduced
plan limit 850
current timestep 4458
planning flow reduced
plan limit 845
current timestep 4459
planning flow reduced
plan limit 850
current timestep 4460
planning flow reduced
plan limit 849
current timestep 4461
planning flow reduced
plan limit 833
current timestep 4462
planning flow reduced
plan limit 838
current timestep 4463
planning flow reduced
plan limit 833
current timestep 4464
planning flow reduced
plan limit 842
current timestep 4465
planning flow reduced
plan limit 842
current timestep 4466
planning flow reduced
plan limit 849
current timestep 4467
planning flow reduced
plan limit 838
current timestep 4468
planning flow reduced
plan limit 835
current timestep 4469
planning flow reduced
plan limit 837
current timestep 4470
planning flow reduced
plan limit 839
current timestep 4471
planning flow reduced
plan limit 834
current timestep 4472
planning flow reduced
plan limit 838
current timestep 4473
planning flow reduced
plan limit 838
current timestep 4474
planning flow reduced
plan limit 839
current timestep 4475
planning flow reduced
plan limit 836
current timestep 4476
planning flow reduced
plan limit 845
current timestep 4477
planning flow reduced
plan limit 851
current timestep 4478
planning flow reduced
plan limit 851
current timestep 4479
planning flow reduced
plan limit 845
current timestep 4480
planning flow reduced
plan limit 847
current timestep 4481
planning flow reduced
plan limit 849
current timestep 4482
planning flow reduced
plan limit 829
current timestep 4483
planning flow reduced
plan limit 837
current timestep 4484
planning flow reduced
plan limit 830
current timestep 4485
planning flow reduced
plan limit 836
current timestep 4486
planning flow reduced
plan limit 836
current timestep 4487
planning flow reduced
plan limit 835
current timestep 4488
planning flow reduced
plan limit 835
current timestep 4489
planning flow reduced
plan limit 839
current timestep 4490
planning flow reduced
plan limit 835
current timestep 4491
planning flow reduced
plan limit 845
current timestep 4492
planning flow reduced
plan limit 833
current timestep 4493
planning flow reduced
plan limit 836
current timestep 4494
planning flow reduced
plan limit 837
current timestep 4495
planning flow reduced
plan limit 836
current timestep 4496
planning flow reduced
plan limit 836
current timestep 4497
planning flow reduced
plan limit 837
current timestep 4498
planning flow reduced
plan limit 839
current timestep 4499
planning flow reduced
plan limit 839
current timestep 4500
planning flow reduced
plan limit 837
current timestep 4501
planning flow reduced
plan limit 831
current timestep 4502
planning flow reduced
plan limit 834
current timestep 4503
planning flow reduced
plan limit 835
current timestep 4504
planning flow reduced
plan limit 849
current timestep 4505
planning flow reduced
plan limit 849
current timestep 4506
planning flow reduced
plan limit 850
current timestep 4507
planning flow reduced
plan limit 849
current timestep 4508
planning flow reduced
plan limit 838
current timestep 4509
planning flow reduced
plan limit 833
current timestep 4510
planning flow reduced
plan limit 836
current timestep 4511
planning flow reduced
plan limit 847
current timestep 4512
planning flow reduced
plan limit 836
current timestep 4513
planning flow reduced
plan limit 838
current timestep 4514
planning flow reduced
plan limit 841
current timestep 4515
planning flow reduced
plan limit 833
current timestep 4516
planning flow reduced
plan limit 834
current timestep 4517
planning flow reduced
plan limit 832
current timestep 4518
planning flow reduced
plan limit 848
current timestep 4519
planning flow reduced
plan limit 826
current timestep 4520
planning flow reduced
plan limit 833
current timestep 4521
planning flow reduced
plan limit 836
current timestep 4522
planning flow reduced
plan limit 833
current timestep 4523
planning flow reduced
plan limit 836
current timestep 4524
planning flow reduced
plan limit 834
current timestep 4525
planning flow reduced
plan limit 837
current timestep 4526
planning flow reduced
plan limit 837
current timestep 4527
planning flow reduced
plan limit 837
current timestep 4528
planning flow reduced
plan limit 834
current timestep 4529
planning flow reduced
plan limit 835
current timestep 4530
planning flow reduced
plan limit 850
current timestep 4531
planning flow reduced
plan limit 835
current timestep 4532
planning flow reduced
plan limit 833
current timestep 4533
planning flow reduced
plan limit 824
current timestep 4534
planning flow reduced
plan limit 831
current timestep 4535
planning flow reduced
plan limit 838
current timestep 4536
planning flow reduced
plan limit 849
current timestep 4537
planning flow reduced
plan limit 850
current timestep 4538
planning flow reduced
plan limit 850
current timestep 4539
planning flow reduced
plan limit 850
current timestep 4540
planning flow reduced
plan limit 851
current timestep 4541
planning flow reduced
plan limit 831
current timestep 4542
planning flow reduced
plan limit 832
current timestep 4543
planning flow reduced
plan limit 830
current timestep 4544
planning flow reduced
plan limit 833
current timestep 4545
planning flow reduced
plan limit 839
current timestep 4546
planning flow reduced
plan limit 838
current timestep 4547
planning flow reduced
plan limit 837
current timestep 4548
planning flow reduced
plan limit 836
current timestep 4549
planning flow reduced
plan limit 829
current timestep 4550
planning flow reduced
plan limit 849
current timestep 4551
planning flow reduced
plan limit 832
current timestep 4552
planning flow reduced
plan limit 824
current timestep 4553
planning flow reduced
plan limit 818
current timestep 4554
planning flow reduced
plan limit 849
current timestep 4555
planning flow reduced
plan limit 849
current timestep 4556
planning flow reduced
plan limit 848
current timestep 4557
planning flow reduced
plan limit 850
current timestep 4558
planning flow reduced
plan limit 823
current timestep 4559
planning flow reduced
plan limit 834
current timestep 4560
planning flow reduced
plan limit 831
current timestep 4561
planning flow reduced
plan limit 832
current timestep 4562
planning flow reduced
plan limit 842
current timestep 4563
planning flow reduced
plan limit 849
current timestep 4564
planning flow reduced
plan limit 849
current timestep 4565
planning flow reduced
plan limit 851
current timestep 4566
planning flow reduced
plan limit 835
current timestep 4567
planning flow reduced
plan limit 834
current timestep 4568
planning flow reduced
plan limit 837
current timestep 4569
planning flow reduced
plan limit 835
current timestep 4570
planning flow reduced
plan limit 849
current timestep 4571
planning flow reduced
plan limit 831
current timestep 4572
planning flow reduced
plan limit 835
current timestep 4573
planning flow reduced
plan limit 833
current timestep 4574
planning flow reduced
plan limit 836
current timestep 4575
planning flow reduced
plan limit 849
current timestep 4576
planning flow reduced
plan limit 835
current timestep 4577
planning flow reduced
plan limit 839
current timestep 4578
planning flow reduced
plan limit 846
current timestep 4579
planning flow reduced
plan limit 835
current timestep 4580
planning flow reduced
plan limit 836
current timestep 4581
planning flow reduced
plan limit 829
current timestep 4582
planning flow reduced
plan limit 846
current timestep 4583
planning flow reduced
plan limit 836
current timestep 4584
planning flow reduced
plan limit 836
current timestep 4585
planning flow reduced
plan limit 835
current timestep 4586
planning flow reduced
plan limit 837
current timestep 4587
planning flow reduced
plan limit 837
current timestep 4588
planning flow reduced
plan limit 836
current timestep 4589
planning flow reduced
plan limit 836
current timestep 4590
planning flow reduced
plan limit 837
current timestep 4591
planning flow reduced
plan limit 839
current timestep 4592
planning flow reduced
plan limit 838
current timestep 4593
planning flow reduced
plan limit 833
current timestep 4594
planning flow reduced
plan limit 838
current timestep 4595
planning flow reduced
plan limit 840
current timestep 4596
planning flow reduced
plan limit 838
current timestep 4597
planning flow reduced
plan limit 842
current timestep 4598
planning flow reduced
plan limit 841
current timestep 4599
planning flow reduced
plan limit 840
current timestep 4600
planning flow reduced
plan limit 839
current timestep 4601
planning flow reduced
plan limit 837
current timestep 4602
planning flow reduced
plan limit 841
current timestep 4603
planning flow reduced
plan limit 839
current timestep 4604
planning flow reduced
plan limit 837
current timestep 4605
planning flow reduced
plan limit 836
current timestep 4606
planning flow reduced
plan limit 842
current timestep 4607
planning flow reduced
plan limit 837
current timestep 4608
planning flow reduced
plan limit 839
current timestep 4609
planning flow reduced
plan limit 839
current timestep 4610
planning flow reduced
plan limit 851
current timestep 4611
planning flow reduced
plan limit 838
current timestep 4612
planning flow reduced
plan limit 835
current timestep 4613
planning flow reduced
plan limit 840
current timestep 4614
planning flow reduced
plan limit 842
current timestep 4615
planning flow reduced
plan limit 835
current timestep 4616
planning flow reduced
plan limit 837
current timestep 4617
planning flow reduced
plan limit 835
current timestep 4618
planning flow reduced
plan limit 838
current timestep 4619
planning flow reduced
plan limit 833
current timestep 4620
planning flow reduced
plan limit 836
current timestep 4621
planning flow reduced
plan limit 839
current timestep 4622
planning flow reduced
plan limit 838
current timestep 4623
planning flow reduced
plan limit 844
current timestep 4624
planning flow reduced
plan limit 836
current timestep 4625
planning flow reduced
plan limit 838
current timestep 4626
planning flow reduced
plan limit 840
current timestep 4627
planning flow reduced
plan limit 825
current timestep 4628
planning flow reduced
plan limit 836
current timestep 4629
planning flow reduced
plan limit 837
current timestep 4630
planning flow reduced
plan limit 835
current timestep 4631
planning flow reduced
plan limit 838
current timestep 4632
planning flow reduced
plan limit 831
current timestep 4633
planning flow reduced
plan limit 841
current timestep 4634
planning flow reduced
plan limit 837
current timestep 4635
planning flow reduced
plan limit 850
current timestep 4636
planning flow reduced
plan limit 850
current timestep 4637
planning flow reduced
plan limit 848
current timestep 4638
planning flow reduced
plan limit 835
current timestep 4639
planning flow reduced
plan limit 830
current timestep 4640
planning flow reduced
plan limit 837
current timestep 4641
planning flow reduced
plan limit 834
current timestep 4642
planning flow reduced
plan limit 836
current timestep 4643
planning flow reduced
plan limit 835
current timestep 4644
planning flow reduced
plan limit 838
current timestep 4645
planning flow reduced
plan limit 850
current timestep 4646
planning flow reduced
plan limit 847
current timestep 4647
planning flow reduced
plan limit 849
current timestep 4648
planning flow reduced
plan limit 850
current timestep 4649
planning flow reduced
plan limit 848
current timestep 4650
planning flow reduced
plan limit 850
current timestep 4651
planning flow reduced
plan limit 830
current timestep 4652
planning flow reduced
plan limit 837
current timestep 4653
planning flow reduced
plan limit 844
current timestep 4654
planning flow reduced
plan limit 836
current timestep 4655
planning flow reduced
plan limit 837
current timestep 4656
planning flow reduced
plan limit 834
current timestep 4657
planning flow reduced
plan limit 842
current timestep 4658
planning flow reduced
plan limit 833
current timestep 4659
planning flow reduced
plan limit 849
current timestep 4660
planning flow reduced
plan limit 838
current timestep 4661
planning flow reduced
plan limit 837
current timestep 4662
planning flow reduced
plan limit 836
current timestep 4663
planning flow reduced
plan limit 836
current timestep 4664
planning flow reduced
plan limit 836
current timestep 4665
planning flow reduced
plan limit 834
current timestep 4666
planning flow reduced
plan limit 835
current timestep 4667
planning flow reduced
plan limit 848
current timestep 4668
planning flow reduced
plan limit 839
current timestep 4669
planning flow reduced
plan limit 840
current timestep 4670
planning flow reduced
plan limit 836
current timestep 4671
planning flow reduced
plan limit 837
current timestep 4672
planning flow reduced
plan limit 848
current timestep 4673
planning flow reduced
plan limit 837
current timestep 4674
planning flow reduced
plan limit 837
current timestep 4675
planning flow reduced
plan limit 840
current timestep 4676
planning flow reduced
plan limit 835
current timestep 4677
planning flow reduced
plan limit 833
current timestep 4678
planning flow reduced
plan limit 831
current timestep 4679
planning flow reduced
plan limit 834
current timestep 4680
planning flow reduced
plan limit 836
current timestep 4681
planning flow reduced
plan limit 840
current timestep 4682
planning flow reduced
plan limit 827
current timestep 4683
planning flow reduced
plan limit 836
current timestep 4684
planning flow reduced
plan limit 838
current timestep 4685
planning flow reduced
plan limit 825
current timestep 4686
planning flow reduced
plan limit 851
current timestep 4687
planning flow reduced
plan limit 849
current timestep 4688
planning flow reduced
plan limit 832
current timestep 4689
planning flow reduced
plan limit 848
current timestep 4690
planning flow reduced
plan limit 836
current timestep 4691
planning flow reduced
plan limit 832
current timestep 4692
planning flow reduced
plan limit 847
current timestep 4693
planning flow reduced
plan limit 849
current timestep 4694
planning flow reduced
plan limit 849
current timestep 4695
planning flow reduced
plan limit 851
current timestep 4696
planning flow reduced
plan limit 850
current timestep 4697
planning flow reduced
plan limit 835
current timestep 4698
planning flow reduced
plan limit 836
current timestep 4699
planning flow reduced
plan limit 835
current timestep 4700
planning flow reduced
plan limit 832
current timestep 4701
planning flow reduced
plan limit 836
current timestep 4702
planning flow reduced
plan limit 848
current timestep 4703
planning flow reduced
plan limit 828
current timestep 4704
planning flow reduced
plan limit 829
current timestep 4705
planning flow reduced
plan limit 837
current timestep 4706
planning flow reduced
plan limit 839
current timestep 4707
planning flow reduced
plan limit 837
current timestep 4708
planning flow reduced
plan limit 837
current timestep 4709
planning flow reduced
plan limit 834
current timestep 4710
planning flow reduced
plan limit 850
current timestep 4711
planning flow reduced
plan limit 849
current timestep 4712
planning flow reduced
plan limit 851
current timestep 4713
planning flow reduced
plan limit 846
current timestep 4714
planning flow reduced
plan limit 850
current timestep 4715
planning flow reduced
plan limit 851
current timestep 4716
planning flow reduced
plan limit 851
current timestep 4717
planning flow reduced
plan limit 848
current timestep 4718
planning flow reduced
plan limit 851
current timestep 4719
planning flow reduced
plan limit 847
current timestep 4720
planning flow reduced
plan limit 849
current timestep 4721
planning flow reduced
plan limit 851
current timestep 4722
planning flow reduced
plan limit 850
current timestep 4723
planning flow reduced
plan limit 850
current timestep 4724
planning flow reduced
plan limit 850
current timestep 4725
planning flow reduced
plan limit 849
current timestep 4726
planning flow reduced
plan limit 848
current timestep 4727
planning flow reduced
plan limit 850
current timestep 4728
planning flow reduced
plan limit 852
current timestep 4729
planning flow reduced
plan limit 851
current timestep 4730
planning flow reduced
plan limit 850
current timestep 4731
planning flow reduced
plan limit 849
current timestep 4732
planning flow reduced
plan limit 845
current timestep 4733
planning flow reduced
plan limit 850
current timestep 4734
planning flow reduced
plan limit 851
current timestep 4735
planning flow reduced
plan limit 849
current timestep 4736
planning flow reduced
plan limit 850
current timestep 4737
planning flow reduced
plan limit 849
current timestep 4738
planning flow reduced
plan limit 843
current timestep 4739
planning flow reduced
plan limit 846
current timestep 4740
planning flow reduced
plan limit 849
current timestep 4741
planning flow reduced
plan limit 849
current timestep 4742
planning flow reduced
plan limit 850
current timestep 4743
planning flow reduced
plan limit 849
current timestep 4744
planning flow reduced
plan limit 850
current timestep 4745
planning flow reduced
plan limit 850
current timestep 4746
planning flow reduced
plan limit 849
current timestep 4747
planning flow reduced
plan limit 851
current timestep 4748
planning flow reduced
plan limit 851
current timestep 4749
planning flow reduced
plan limit 849
current timestep 4750
planning flow reduced
plan limit 851
current timestep 4751
planning flow reduced
plan limit 850
current timestep 4752
planning flow reduced
plan limit 850
current timestep 4753
planning flow reduced
plan limit 850
current timestep 4754
planning flow reduced
plan limit 850
current timestep 4755
planning flow reduced
plan limit 850
current timestep 4756
planning flow reduced
plan limit 849
current timestep 4757
planning flow reduced
plan limit 848
current timestep 4758
planning flow reduced
plan limit 851
current timestep 4759
planning flow reduced
plan limit 849
current timestep 4760
planning flow reduced
plan limit 849
current timestep 4761
planning flow reduced
plan limit 849
current timestep 4762
planning flow reduced
plan limit 852
current timestep 4763
planning flow reduced
plan limit 851
current timestep 4764
planning flow reduced
plan limit 851
current timestep 4765
planning flow reduced
plan limit 850
current timestep 4766
planning flow reduced
plan limit 851
current timestep 4767
planning flow reduced
plan limit 849
current timestep 4768
planning flow reduced
plan limit 850
current timestep 4769
planning flow reduced
plan limit 848
current timestep 4770
planning flow reduced
plan limit 850
current timestep 4771
planning flow reduced
plan limit 851
current timestep 4772
planning flow reduced
plan limit 850
current timestep 4773
planning flow reduced
plan limit 827
current timestep 4774
planning flow reduced
plan limit 846
current timestep 4775
planning flow reduced
plan limit 849
current timestep 4776
planning flow reduced
plan limit 850
current timestep 4777
planning flow reduced
plan limit 850
current timestep 4778
planning flow reduced
plan limit 849
current timestep 4779
planning flow reduced
plan limit 846
current timestep 4780
planning flow reduced
plan limit 849
current timestep 4781
planning flow reduced
plan limit 849
current timestep 4782
planning flow reduced
plan limit 849
current timestep 4783
planning flow reduced
plan limit 849
current timestep 4784
planning flow reduced
plan limit 848
current timestep 4785
planning flow reduced
plan limit 847
current timestep 4786
planning flow reduced
plan limit 851
current timestep 4787
planning flow reduced
plan limit 847
current timestep 4788
planning flow reduced
plan limit 847
current timestep 4789
planning flow reduced
plan limit 844
current timestep 4790
planning flow reduced
plan limit 848
current timestep 4791
planning flow reduced
plan limit 850
current timestep 4792
planning flow reduced
plan limit 848
current timestep 4793
planning flow reduced
plan limit 851
current timestep 4794
planning flow reduced
plan limit 849
current timestep 4795
planning flow reduced
plan limit 849
current timestep 4796
planning flow reduced
plan limit 850
current timestep 4797
planning flow reduced
plan limit 847
current timestep 4798
planning flow reduced
plan limit 849
current timestep 4799
planning flow reduced
plan limit 851
current timestep 4800
planning flow reduced
plan limit 848
current timestep 4801
planning flow reduced
plan limit 848
current timestep 4802
planning flow reduced
plan limit 852
current timestep 4803
planning flow reduced
plan limit 851
current timestep 4804
planning flow reduced
plan limit 850
current timestep 4805
planning flow reduced
plan limit 850
current timestep 4806
planning flow reduced
plan limit 849
current timestep 4807
planning flow reduced
plan limit 849
current timestep 4808
planning flow reduced
plan limit 850
current timestep 4809
planning flow reduced
plan limit 851
current timestep 4810
planning flow reduced
plan limit 851
current timestep 4811
planning flow reduced
plan limit 851
current timestep 4812
planning flow reduced
plan limit 847
current timestep 4813
planning flow reduced
plan limit 849
current timestep 4814
planning flow reduced
plan limit 850
current timestep 4815
planning flow reduced
plan limit 849
current timestep 4816
planning flow reduced
plan limit 850
current timestep 4817
planning flow reduced
plan limit 850
current timestep 4818
planning flow reduced
plan limit 851
current timestep 4819
planning flow reduced
plan limit 851
current timestep 4820
planning flow reduced
plan limit 849
current timestep 4821
planning flow reduced
plan limit 849
current timestep 4822
planning flow reduced
plan limit 850
current timestep 4823
planning flow reduced
plan limit 850
current timestep 4824
planning flow reduced
plan limit 850
current timestep 4825
planning flow reduced
plan limit 851
current timestep 4826
planning flow reduced
plan limit 850
current timestep 4827
planning flow reduced
plan limit 850
current timestep 4828
planning flow reduced
plan limit 851
current timestep 4829
planning flow reduced
plan limit 849
current timestep 4830
planning flow reduced
plan limit 850
current timestep 4831
planning flow reduced
plan limit 848
current timestep 4832
planning flow reduced
plan limit 850
current timestep 4833
planning flow reduced
plan limit 850
current timestep 4834
planning flow reduced
plan limit 851
current timestep 4835
planning flow reduced
plan limit 848
current timestep 4836
planning flow reduced
plan limit 850
current timestep 4837
planning flow reduced
plan limit 849
current timestep 4838
planning flow reduced
plan limit 846
current timestep 4839
planning flow reduced
plan limit 847
current timestep 4840
planning flow reduced
plan limit 851
current timestep 4841
planning flow reduced
plan limit 849
current timestep 4842
planning flow reduced
plan limit 851
current timestep 4843
planning flow reduced
plan limit 849
current timestep 4844
planning flow reduced
plan limit 845
current timestep 4845
planning flow reduced
plan limit 848
current timestep 4846
planning flow reduced
plan limit 850
current timestep 4847
planning flow reduced
plan limit 818
current timestep 4848
planning flow reduced
plan limit 848
current timestep 4849
planning flow reduced
plan limit 847
current timestep 4850
planning flow reduced
plan limit 848
current timestep 4851
planning flow reduced
plan limit 841
current timestep 4852
planning flow reduced
plan limit 847
current timestep 4853
planning flow reduced
plan limit 850
current timestep 4854
planning flow reduced
plan limit 849
current timestep 4855
planning flow reduced
plan limit 848
current timestep 4856
planning flow reduced
plan limit 850
current timestep 4857
planning flow reduced
plan limit 847
current timestep 4858
planning flow reduced
plan limit 848
current timestep 4859
planning flow reduced
plan limit 847
current timestep 4860
planning flow reduced
plan limit 847
current timestep 4861
planning flow reduced
plan limit 849
current timestep 4862
planning flow reduced
plan limit 847
current timestep 4863
planning flow reduced
plan limit 840
current timestep 4864
planning flow reduced
plan limit 852
current timestep 4865
planning flow reduced
plan limit 851
current timestep 4866
planning flow reduced
plan limit 848
current timestep 4867
planning flow reduced
plan limit 849
current timestep 4868
planning flow reduced
plan limit 846
current timestep 4869
planning flow reduced
plan limit 851
current timestep 4870
planning flow reduced
plan limit 848
current timestep 4871
planning flow reduced
plan limit 847
current timestep 4872
planning flow reduced
plan limit 844
current timestep 4873
planning flow reduced
plan limit 843
current timestep 4874
planning flow reduced
plan limit 850
current timestep 4875
planning flow reduced
plan limit 848
current timestep 4876
planning flow reduced
plan limit 842
current timestep 4877
planning flow reduced
plan limit 848
current timestep 4878
planning flow reduced
plan limit 849
current timestep 4879
planning flow reduced
plan limit 847
current timestep 4880
planning flow reduced
plan limit 847
current timestep 4881
planning flow reduced
plan limit 851
current timestep 4882
planning flow reduced
plan limit 849
current timestep 4883
planning flow reduced
plan limit 852
current timestep 4884
planning flow reduced
plan limit 849
current timestep 4885
planning flow reduced
plan limit 845
current timestep 4886
planning flow reduced
plan limit 851
current timestep 4887
planning flow reduced
plan limit 844
current timestep 4888
planning flow reduced
plan limit 850
current timestep 4889
planning flow reduced
plan limit 844
current timestep 4890
planning flow reduced
plan limit 836
current timestep 4891
planning flow reduced
plan limit 846
current timestep 4892
planning flow reduced
plan limit 849
current timestep 4893
planning flow reduced
plan limit 851
current timestep 4894
planning flow reduced
plan limit 848
current timestep 4895
planning flow reduced
plan limit 848
current timestep 4896
planning flow reduced
plan limit 851
current timestep 4897
planning flow reduced
plan limit 850
current timestep 4898
planning flow reduced
plan limit 850
current timestep 4899
planning flow reduced
plan limit 844
current timestep 4900
planning flow reduced
plan limit 848
current timestep 4901
planning flow reduced
plan limit 847
current timestep 4902
planning flow reduced
plan limit 847
current timestep 4903
planning flow reduced
plan limit 849
current timestep 4904
planning flow reduced
plan limit 849
current timestep 4905
planning flow reduced
plan limit 841
current timestep 4906
planning flow reduced
plan limit 844
current timestep 4907
planning flow reduced
plan limit 844
current timestep 4908
planning flow reduced
plan limit 849
current timestep 4909
planning flow reduced
plan limit 850
current timestep 4910
planning flow reduced
plan limit 849
current timestep 4911
planning flow reduced
plan limit 847
current timestep 4912
planning flow reduced
plan limit 851
current timestep 4913
planning flow reduced
plan limit 848
current timestep 4914
planning flow reduced
plan limit 849
current timestep 4915
planning flow reduced
plan limit 849
current timestep 4916
planning flow reduced
plan limit 849
current timestep 4917
planning flow reduced
plan limit 847
current timestep 4918
planning flow reduced
plan limit 843
current timestep 4919
planning flow reduced
plan limit 847
current timestep 4920
planning flow reduced
plan limit 850
current timestep 4921
planning flow reduced
plan limit 849
current timestep 4922
planning flow reduced
plan limit 848
current timestep 4923
planning flow reduced
plan limit 847
current timestep 4924
planning flow reduced
plan limit 848
current timestep 4925
planning flow reduced
plan limit 846
current timestep 4926
planning flow reduced
plan limit 849
current timestep 4927
planning flow reduced
plan limit 841
current timestep 4928
planning flow reduced
plan limit 848
current timestep 4929
planning flow reduced
plan limit 849
current timestep 4930
planning flow reduced
plan limit 846
current timestep 4931
planning flow reduced
plan limit 850
current timestep 4932
planning flow reduced
plan limit 846
current timestep 4933
planning flow reduced
plan limit 848
current timestep 4934
planning flow reduced
plan limit 844
current timestep 4935
planning flow reduced
plan limit 850
current timestep 4936
planning flow reduced
plan limit 851
current timestep 4937
planning flow reduced
plan limit 848
current timestep 4938
planning flow reduced
plan limit 849
current timestep 4939
planning flow reduced
plan limit 849
current timestep 4940
planning flow reduced
plan limit 851
current timestep 4941
planning flow reduced
plan limit 851
current timestep 4942
planning flow reduced
plan limit 847
current timestep 4943
planning flow reduced
plan limit 849
current timestep 4944
planning flow reduced
plan limit 851
current timestep 4945
planning flow reduced
plan limit 848
current timestep 4946
planning flow reduced
plan limit 851
current timestep 4947
planning flow reduced
plan limit 843
current timestep 4948
planning flow reduced
plan limit 849
current timestep 4949
planning flow reduced
plan limit 846
current timestep 4950
planning flow reduced
plan limit 849
current timestep 4951
planning flow reduced
plan limit 845
current timestep 4952
planning flow reduced
plan limit 847
current timestep 4953
planning flow reduced
plan limit 845
current timestep 4954
planning flow reduced
plan limit 850
current timestep 4955
planning flow reduced
plan limit 850
current timestep 4956
planning flow reduced
plan limit 850
current timestep 4957
planning flow reduced
plan limit 847
current timestep 4958
planning flow reduced
plan limit 844
current timestep 4959
planning flow reduced
plan limit 846
current timestep 4960
planning flow reduced
plan limit 849
current timestep 4961
planning flow reduced
plan limit 845
current timestep 4962
planning flow reduced
plan limit 848
current timestep 4963
planning flow reduced
plan limit 849
current timestep 4964
planning flow reduced
plan limit 849
current timestep 4965
planning flow reduced
plan limit 846
current timestep 4966
planning flow reduced
plan limit 847
current timestep 4967
planning flow reduced
plan limit 851
current timestep 4968
planning flow reduced
plan limit 848
current timestep 4969
planning flow reduced
plan limit 849
current timestep 4970
planning flow reduced
plan limit 847
current timestep 4971
planning flow reduced
plan limit 850
current timestep 4972
planning flow reduced
plan limit 849
current timestep 4973
planning flow reduced
plan limit 847
current timestep 4974
planning flow reduced
plan limit 845
current timestep 4975
planning flow reduced
plan limit 847
current timestep 4976
planning flow reduced
plan limit 847
current timestep 4977
planning flow reduced
plan limit 848
current timestep 4978
planning flow reduced
plan limit 847
current timestep 4979
planning flow reduced
plan limit 849
current timestep 4980
planning flow reduced
plan limit 849
current timestep 4981
planning flow reduced
plan limit 850
current timestep 4982
planning flow reduced
plan limit 846
current timestep 4983
planning flow reduced
plan limit 850
current timestep 4984
planning flow reduced
plan limit 841
current timestep 4985
planning flow reduced
plan limit 842
current timestep 4986
planning flow reduced
plan limit 845
current timestep 4987
planning flow reduced
plan limit 844
current timestep 4988
planning flow reduced
plan limit 847
current timestep 4989
planning flow reduced
plan limit 845
current timestep 4990
planning flow reduced
plan limit 849
current timestep 4991
planning flow reduced
plan limit 850
current timestep 4992
planning flow reduced
plan limit 848
current timestep 4993
planning flow reduced
plan limit 846
current timestep 4994
planning flow reduced
plan limit 847
current timestep 4995
planning flow reduced
plan limit 848
current timestep 4996
planning flow reduced
plan limit 844
current timestep 4997
planning flow reduced
plan limit 850
current timestep 4998
planning flow reduced
plan limit 846
current timestep 4999
planning flow reduced
plan limit 845
current timestep 5000
planning flow reduced
plan limit 816
current timestep 5001
planning flow reduced
plan limit 848
current timestep 5002
planning flow reduced
plan limit 848
current timestep 5003
planning flow reduced
plan limit 848
current timestep 5004
planning flow reduced
plan limit 850
current timestep 5005
planning flow reduced
plan limit 846
current timestep 5006
planning flow reduced
plan limit 848
current timestep 5007
planning flow reduced
plan limit 851
current timestep 5008
planning flow reduced
plan limit 850
current timestep 5009
planning flow reduced
plan limit 850
current timestep 5010
planning flow reduced
plan limit 843
current timestep 5011
planning flow reduced
plan limit 846
current timestep 5012
planning flow reduced
plan limit 851
current timestep 5013
planning flow reduced
plan limit 851
current timestep 5014
planning flow reduced
plan limit 850
current timestep 5015
planning flow reduced
plan limit 848
current timestep 5016
planning flow reduced
plan limit 849
current timestep 5017
planning flow reduced
plan limit 848
current timestep 5018
planning flow reduced
plan limit 849
current timestep 5019
planning flow reduced
plan limit 846
current timestep 5020
planning flow reduced
plan limit 848
current timestep 5021
planning flow reduced
plan limit 848
current timestep 5022
planning flow reduced
plan limit 849
current timestep 5023
planning flow reduced
plan limit 842
current timestep 5024
planning flow reduced
plan limit 847
current timestep 5025
planning flow reduced
plan limit 843
current timestep 5026
planning flow reduced
plan limit 848
current timestep 5027
planning flow reduced
plan limit 852
current timestep 5028
planning flow reduced
plan limit 849
current timestep 5029
planning flow reduced
plan limit 847
current timestep 5030
planning flow reduced
plan limit 846
current timestep 5031
planning flow reduced
plan limit 850
current timestep 5032
planning flow reduced
plan limit 846
current timestep 5033
planning flow reduced
plan limit 848
current timestep 5034
planning flow reduced
plan limit 848
current timestep 5035
planning flow reduced
plan limit 849
current timestep 5036
planning flow reduced
plan limit 850
current timestep 5037
planning flow reduced
plan limit 848
current timestep 5038
planning flow reduced
plan limit 848
current timestep 5039
planning flow reduced
plan limit 849
current timestep 5040
planning flow reduced
plan limit 848
current timestep 5041
planning flow reduced
plan limit 843
current timestep 5042
planning flow reduced
plan limit 849
current timestep 5043
planning flow reduced
plan limit 847
current timestep 5044
planning flow reduced
plan limit 847
current timestep 5045
planning flow reduced
plan limit 847
current timestep 5046
planning flow reduced
plan limit 850
current timestep 5047
planning flow reduced
plan limit 850
current timestep 5048
planning flow reduced
plan limit 852
current timestep 5049
planning flow reduced
plan limit 850
current timestep 5050
planning flow reduced
plan limit 849
current timestep 5051
planning flow reduced
plan limit 843
current timestep 5052
planning flow reduced
plan limit 847
current timestep 5053
planning flow reduced
plan limit 850
current timestep 5054
planning flow reduced
plan limit 842
current timestep 5055
planning flow reduced
plan limit 849
current timestep 5056
planning flow reduced
plan limit 850
current timestep 5057
planning flow reduced
plan limit 841
current timestep 5058
planning flow reduced
plan limit 845
current timestep 5059
planning flow reduced
plan limit 851
current timestep 5060
planning flow reduced
plan limit 849
current timestep 5061
planning flow reduced
plan limit 850
current timestep 5062
planning flow reduced
plan limit 849
current timestep 5063
planning flow reduced
plan limit 850
current timestep 5064
planning flow reduced
plan limit 848
current timestep 5065
planning flow reduced
plan limit 846
current timestep 5066
planning flow reduced
plan limit 852
current timestep 5067
planning flow reduced
plan limit 848
current timestep 5068
planning flow reduced
plan limit 850
current timestep 5069
planning flow reduced
plan limit 851
current timestep 5070
planning flow reduced
plan limit 843
current timestep 5071
planning flow reduced
plan limit 840
current timestep 5072
planning flow reduced
plan limit 845
current timestep 5073
planning flow reduced
plan limit 849
current timestep 5074
planning flow reduced
plan limit 848
current timestep 5075
planning flow reduced
plan limit 848
current timestep 5076
planning flow reduced
plan limit 851
current timestep 5077
planning flow reduced
plan limit 850
current timestep 5078
planning flow reduced
plan limit 842
current timestep 5079
planning flow reduced
plan limit 838
current timestep 5080
planning flow reduced
plan limit 846
current timestep 5081
planning flow reduced
plan limit 848
current timestep 5082
planning flow reduced
plan limit 843
current timestep 5083
planning flow reduced
plan limit 845
current timestep 5084
planning flow reduced
plan limit 847
current timestep 5085
planning flow reduced
plan limit 846
current timestep 5086
planning flow reduced
plan limit 837
current timestep 5087
planning flow reduced
plan limit 848
current timestep 5088
planning flow reduced
plan limit 851
current timestep 5089
planning flow reduced
plan limit 847
current timestep 5090
planning flow reduced
plan limit 849
current timestep 5091
planning flow reduced
plan limit 848
current timestep 5092
planning flow reduced
plan limit 850
current timestep 5093
planning flow reduced
plan limit 847
current timestep 5094
planning flow reduced
plan limit 849
current timestep 5095
planning flow reduced
plan limit 847
current timestep 5096
planning flow reduced
plan limit 847
current timestep 5097
planning flow reduced
plan limit 848
current timestep 5098
planning flow reduced
plan limit 846
current timestep 5099
planning flow reduced
plan limit 837
current timestep 5100
planning flow reduced
plan limit 848
current timestep 5101
planning flow reduced
plan limit 846
current timestep 5102
planning flow reduced
plan limit 843
current timestep 5103
planning flow reduced
plan limit 851
current timestep 5104
planning flow reduced
plan limit 846
current timestep 5105
planning flow reduced
plan limit 849
current timestep 5106
planning flow reduced
plan limit 848
current timestep 5107
planning flow reduced
plan limit 851
current timestep 5108
planning flow reduced
plan limit 851
current timestep 5109
planning flow reduced
plan limit 846
current timestep 5110
planning flow reduced
plan limit 846
current timestep 5111
planning flow reduced
plan limit 845
current timestep 5112
planning flow reduced
plan limit 846
current timestep 5113
planning flow reduced
plan limit 850
current timestep 5114
planning flow reduced
plan limit 849
current timestep 5115
planning flow reduced
plan limit 851
current timestep 5116
planning flow reduced
plan limit 845
current timestep 5117
planning flow reduced
plan limit 843
current timestep 5118
planning flow reduced
plan limit 847
current timestep 5119
planning flow reduced
plan limit 848
current timestep 5120
planning flow reduced
plan limit 848
current timestep 5121
planning flow reduced
plan limit 849
current timestep 5122
planning flow reduced
plan limit 851
current timestep 5123
planning flow reduced
plan limit 850
current timestep 5124
planning flow reduced
plan limit 844
current timestep 5125
planning flow reduced
plan limit 848
current timestep 5126
planning flow reduced
plan limit 852
current timestep 5127
planning flow reduced
plan limit 849
current timestep 5128
planning flow reduced
plan limit 847
current timestep 5129
planning flow reduced
plan limit 847
current timestep 5130
planning flow reduced
plan limit 848
current timestep 5131
planning flow reduced
plan limit 848
current timestep 5132
planning flow reduced
plan limit 847
current timestep 5133
planning flow reduced
plan limit 842
current timestep 5134
planning flow reduced
plan limit 848
current timestep 5135
planning flow reduced
plan limit 850
current timestep 5136
planning flow reduced
plan limit 848
current timestep 5137
planning flow reduced
plan limit 806
current timestep 5138
planning flow reduced
plan limit 850
current timestep 5139
planning flow reduced
plan limit 849
current timestep 5140
planning flow reduced
plan limit 849
current timestep 5141
planning flow reduced
plan limit 850
current timestep 5142
planning flow reduced
plan limit 847
current timestep 5143
planning flow reduced
plan limit 847
current timestep 5144
planning flow reduced
plan limit 847
current timestep 5145
planning flow reduced
plan limit 846
current timestep 5146
planning flow reduced
plan limit 849
current timestep 5147
planning flow reduced
plan limit 847
current timestep 5148
planning flow reduced
plan limit 846
current timestep 5149
planning flow reduced
plan limit 847
current timestep 5150
planning flow reduced
plan limit 848
current timestep 5151
planning flow reduced
plan limit 849
current timestep 5152
planning flow reduced
plan limit 845
current timestep 5153
planning flow reduced
plan limit 848
current timestep 5154
planning flow reduced
plan limit 851
current timestep 5155
planning flow reduced
plan limit 826
current timestep 5156
planning flow reduced
plan limit 848
current timestep 5157
planning flow reduced
plan limit 850
current timestep 5158
planning flow reduced
plan limit 849
current timestep 5159
planning flow reduced
plan limit 849
current timestep 5160
planning flow reduced
plan limit 846
current timestep 5161
planning flow reduced
plan limit 849
current timestep 5162
planning flow reduced
plan limit 838
current timestep 5163
planning flow reduced
plan limit 848
current timestep 5164
planning flow reduced
plan limit 849
current timestep 5165
planning flow reduced
plan limit 845
current timestep 5166
planning flow reduced
plan limit 833
current timestep 5167
planning flow reduced
plan limit 846
current timestep 5168
planning flow reduced
plan limit 849
current timestep 5169
planning flow reduced
plan limit 849
current timestep 5170
planning flow reduced
plan limit 851
current timestep 5171
planning flow reduced
plan limit 850
current timestep 5172
planning flow reduced
plan limit 849
current timestep 5173
planning flow reduced
plan limit 846
current timestep 5174
planning flow reduced
plan limit 830
current timestep 5175
planning flow reduced
plan limit 846
current timestep 5176
planning flow reduced
plan limit 832
current timestep 5177
planning flow reduced
plan limit 849
current timestep 5178
planning flow reduced
plan limit 843
current timestep 5179
planning flow reduced
plan limit 844
current timestep 5180
planning flow reduced
plan limit 850
current timestep 5181
planning flow reduced
plan limit 849
current timestep 5182
planning flow reduced
plan limit 850
current timestep 5183
planning flow reduced
plan limit 851
current timestep 5184
planning flow reduced
plan limit 849
current timestep 5185
planning flow reduced
plan limit 844
current timestep 5186
planning flow reduced
plan limit 845
current timestep 5187
planning flow reduced
plan limit 847
current timestep 5188
planning flow reduced
plan limit 849
current timestep 5189
planning flow reduced
plan limit 845
current timestep 5190
planning flow reduced
plan limit 849
current timestep 5191
planning flow reduced
plan limit 845
current timestep 5192
planning flow reduced
plan limit 836
current timestep 5193
planning flow reduced
plan limit 832
current timestep 5194
planning flow reduced
plan limit 847
current timestep 5195
planning flow reduced
plan limit 845
current timestep 5196
planning flow reduced
plan limit 834
current timestep 5197
planning flow reduced
plan limit 836
current timestep 5198
planning flow reduced
plan limit 836
current timestep 5199
planning flow reduced
plan limit 834
current timestep 5200
planning flow reduced
plan limit 835
current timestep 5201
planning flow reduced
plan limit 832
current timestep 5202
planning flow reduced
plan limit 848
current timestep 5203
planning flow reduced
plan limit 846
current timestep 5204
planning flow reduced
plan limit 846
current timestep 5205
planning flow reduced
plan limit 846
current timestep 5206
planning flow reduced
plan limit 851
current timestep 5207
planning flow reduced
plan limit 848
current timestep 5208
planning flow reduced
plan limit 835
current timestep 5209
planning flow reduced
plan limit 848
current timestep 5210
planning flow reduced
plan limit 850
current timestep 5211
planning flow reduced
plan limit 846
current timestep 5212
planning flow reduced
plan limit 843
current timestep 5213
planning flow reduced
plan limit 832
current timestep 5214
planning flow reduced
plan limit 842
current timestep 5215
planning flow reduced
plan limit 848
current timestep 5216
planning flow reduced
plan limit 848
current timestep 5217
planning flow reduced
plan limit 844
current timestep 5218
planning flow reduced
plan limit 848
current timestep 5219
planning flow reduced
plan limit 846
current timestep 5220
planning flow reduced
plan limit 845
current timestep 5221
planning flow reduced
plan limit 847
current timestep 5222
planning flow reduced
plan limit 848
current timestep 5223
planning flow reduced
plan limit 850
current timestep 5224
planning flow reduced
plan limit 850
current timestep 5225
planning flow reduced
plan limit 850
current timestep 5226
planning flow reduced
plan limit 850
current timestep 5227
planning flow reduced
plan limit 849
current timestep 5228
planning flow reduced
plan limit 850
current timestep 5229
planning flow reduced
plan limit 849
current timestep 5230
planning flow reduced
plan limit 850
current timestep 5231
planning flow reduced
plan limit 833
current timestep 5232
planning flow reduced
plan limit 828
current timestep 5233
planning flow reduced
plan limit 837
current timestep 5234
planning flow reduced
plan limit 832
current timestep 5235
planning flow reduced
plan limit 843
current timestep 5236
planning flow reduced
plan limit 837
current timestep 5237
planning flow reduced
plan limit 849
current timestep 5238
planning flow reduced
plan limit 848
current timestep 5239
planning flow reduced
plan limit 839
current timestep 5240
planning flow reduced
plan limit 834
current timestep 5241
planning flow reduced
plan limit 837
current timestep 5242
planning flow reduced
plan limit 848
current timestep 5243
planning flow reduced
plan limit 846
current timestep 5244
planning flow reduced
plan limit 830
current timestep 5245
planning flow reduced
plan limit 840
current timestep 5246
planning flow reduced
plan limit 849
current timestep 5247
planning flow reduced
plan limit 851
current timestep 5248
planning flow reduced
plan limit 837
current timestep 5249
planning flow reduced
plan limit 847
current timestep 5250
planning flow reduced
plan limit 848
current timestep 5251
planning flow reduced
plan limit 846
current timestep 5252
planning flow reduced
plan limit 850
current timestep 5253
planning flow reduced
plan limit 850
current timestep 5254
planning flow reduced
plan limit 849
current timestep 5255
planning flow reduced
plan limit 848
current timestep 5256
planning flow reduced
plan limit 847
current timestep 5257
planning flow reduced
plan limit 848
current timestep 5258
planning flow reduced
plan limit 849
current timestep 5259
planning flow reduced
plan limit 846
current timestep 5260
planning flow reduced
plan limit 841
current timestep 5261
planning flow reduced
plan limit 844
current timestep 5262
planning flow reduced
plan limit 845
current timestep 5263
planning flow reduced
plan limit 849
current timestep 5264
planning flow reduced
plan limit 844
current timestep 5265
planning flow reduced
plan limit 846
current timestep 5266
planning flow reduced
plan limit 850
current timestep 5267
planning flow reduced
plan limit 850
current timestep 5268
planning flow reduced
plan limit 847
current timestep 5269
planning flow reduced
plan limit 845
current timestep 5270
planning flow reduced
plan limit 849
current timestep 5271
planning flow reduced
plan limit 844
current timestep 5272
planning flow reduced
plan limit 849
current timestep 5273
planning flow reduced
plan limit 850
current timestep 5274
planning flow reduced
plan limit 848
current timestep 5275
planning flow reduced
plan limit 848
current timestep 5276
planning flow reduced
plan limit 851
current timestep 5277
planning flow reduced
plan limit 850
current timestep 5278
planning flow reduced
plan limit 847
current timestep 5279
planning flow reduced
plan limit 850
current timestep 5280
planning flow reduced
plan limit 849
current timestep 5281
planning flow reduced
plan limit 850
current timestep 5282
planning flow reduced
plan limit 846
current timestep 5283
planning flow reduced
plan limit 836
current timestep 5284
planning flow reduced
plan limit 842
current timestep 5285
planning flow reduced
plan limit 848
current timestep 5286
planning flow reduced
plan limit 848
current timestep 5287
planning flow reduced
plan limit 848
current timestep 5288
planning flow reduced
plan limit 848
current timestep 5289
planning flow reduced
plan limit 844
current timestep 5290
planning flow reduced
plan limit 844
current timestep 5291
planning flow reduced
plan limit 849
current timestep 5292
planning flow reduced
plan limit 849
current timestep 5293
planning flow reduced
plan limit 846
current timestep 5294
planning flow reduced
plan limit 850
current timestep 5295
planning flow reduced
plan limit 849
current timestep 5296
planning flow reduced
plan limit 848
current timestep 5297
planning flow reduced
plan limit 847
current timestep 5298
planning flow reduced
plan limit 844
current timestep 5299
planning flow reduced
plan limit 848
current timestep 5300
planning flow reduced
plan limit 847
current timestep 5301
planning flow reduced
plan limit 849
current timestep 5302
planning flow reduced
plan limit 846
current timestep 5303
planning flow reduced
plan limit 846
current timestep 5304
planning flow reduced
plan limit 845
current timestep 5305
planning flow reduced
plan limit 845
current timestep 5306
planning flow reduced
plan limit 848
current timestep 5307
planning flow reduced
plan limit 837
current timestep 5308
planning flow reduced
plan limit 850
current timestep 5309
planning flow reduced
plan limit 840
current timestep 5310
planning flow reduced
plan limit 849
current timestep 5311
planning flow reduced
plan limit 850
current timestep 5312
planning flow reduced
plan limit 849
current timestep 5313
planning flow reduced
plan limit 848
current timestep 5314
planning flow reduced
plan limit 846
current timestep 5315
planning flow reduced
plan limit 839
current timestep 5316
planning flow reduced
plan limit 847
current timestep 5317
planning flow reduced
plan limit 848
current timestep 5318
planning flow reduced
plan limit 849
current timestep 5319
planning flow reduced
plan limit 847
current timestep 5320
planning flow reduced
plan limit 847
current timestep 5321
planning flow reduced
plan limit 851
current timestep 5322
planning flow reduced
plan limit 845
current timestep 5323
planning flow reduced
plan limit 848
current timestep 5324
planning flow reduced
plan limit 849
current timestep 5325
planning flow reduced
plan limit 832
current timestep 5326
planning flow reduced
plan limit 846
current timestep 5327
planning flow reduced
plan limit 848
current timestep 5328
planning flow reduced
plan limit 844
current timestep 5329
planning flow reduced
plan limit 847
current timestep 5330
planning flow reduced
plan limit 846
current timestep 5331
planning flow reduced
plan limit 848
current timestep 5332
planning flow reduced
plan limit 850
current timestep 5333
planning flow reduced
plan limit 848
current timestep 5334
planning flow reduced
plan limit 836
current timestep 5335
planning flow reduced
plan limit 844
current timestep 5336
planning flow reduced
plan limit 846
current timestep 5337
planning flow reduced
plan limit 849
current timestep 5338
planning flow reduced
plan limit 847
current timestep 5339
planning flow reduced
plan limit 848
current timestep 5340
planning flow reduced
plan limit 831
current timestep 5341
planning flow reduced
plan limit 833
current timestep 5342
planning flow reduced
plan limit 846
current timestep 5343
planning flow reduced
plan limit 844
current timestep 5344
planning flow reduced
plan limit 847
current timestep 5345
planning flow reduced
plan limit 847
current timestep 5346
planning flow reduced
plan limit 845
current timestep 5347
planning flow reduced
plan limit 843
current timestep 5348
planning flow reduced
plan limit 846
current timestep 5349
planning flow reduced
plan limit 844
current timestep 5350
planning flow reduced
plan limit 846
current timestep 5351
planning flow reduced
plan limit 842
current timestep 5352
planning flow reduced
plan limit 847
current timestep 5353
planning flow reduced
plan limit 837
current timestep 5354
planning flow reduced
plan limit 846
current timestep 5355
planning flow reduced
plan limit 845
current timestep 5356
planning flow reduced
plan limit 848
current timestep 5357
planning flow reduced
plan limit 844
current timestep 5358
planning flow reduced
plan limit 843
current timestep 5359
planning flow reduced
plan limit 850
current timestep 5360
planning flow reduced
plan limit 833
current timestep 5361
planning flow reduced
plan limit 844
current timestep 5362
planning flow reduced
plan limit 846
current timestep 5363
planning flow reduced
plan limit 844
current timestep 5364
planning flow reduced
plan limit 845
current timestep 5365
planning flow reduced
plan limit 850
current timestep 5366
planning flow reduced
plan limit 846
current timestep 5367
planning flow reduced
plan limit 845
current timestep 5368
planning flow reduced
plan limit 848
current timestep 5369
planning flow reduced
plan limit 848
current timestep 5370
planning flow reduced
plan limit 850
current timestep 5371
planning flow reduced
plan limit 850
current timestep 5372
planning flow reduced
plan limit 851
current timestep 5373
planning flow reduced
plan limit 848
current timestep 5374
planning flow reduced
plan limit 847
current timestep 5375
planning flow reduced
plan limit 850
current timestep 5376
planning flow reduced
plan limit 847
current timestep 5377
planning flow reduced
plan limit 844
current timestep 5378
planning flow reduced
plan limit 843
current timestep 5379
planning flow reduced
plan limit 848
current timestep 5380
planning flow reduced
plan limit 847
current timestep 5381
planning flow reduced
plan limit 844
current timestep 5382
planning flow reduced
plan limit 831
current timestep 5383
planning flow reduced
plan limit 849
current timestep 5384
planning flow reduced
plan limit 850
current timestep 5385
planning flow reduced
plan limit 847
current timestep 5386
planning flow reduced
plan limit 849
current timestep 5387
planning flow reduced
plan limit 848
current timestep 5388
planning flow reduced
plan limit 846
current timestep 5389
planning flow reduced
plan limit 848
current timestep 5390
planning flow reduced
plan limit 845
current timestep 5391
planning flow reduced
plan limit 849
current timestep 5392
planning flow reduced
plan limit 846
current timestep 5393
planning flow reduced
plan limit 845
current timestep 5394
planning flow reduced
plan limit 845
current timestep 5395
planning flow reduced
plan limit 849
current timestep 5396
planning flow reduced
plan limit 840
current timestep 5397
planning flow reduced
plan limit 849
current timestep 5398
planning flow reduced
plan limit 847
current timestep 5399
planning flow reduced
plan limit 850
current timestep 5400
planning flow reduced
plan limit 851
current timestep 5401
planning flow reduced
plan limit 847
current timestep 5402
planning flow reduced
plan limit 850
current timestep 5403
planning flow reduced
plan limit 850
current timestep 5404
planning flow reduced
plan limit 846
current timestep 5405
planning flow reduced
plan limit 846
current timestep 5406
planning flow reduced
plan limit 847
current timestep 5407
planning flow reduced
plan limit 838
current timestep 5408
planning flow reduced
plan limit 850
current timestep 5409
planning flow reduced
plan limit 850
current timestep 5410
planning flow reduced
plan limit 851
current timestep 5411
planning flow reduced
plan limit 846
current timestep 5412
planning flow reduced
plan limit 850
current timestep 5413
planning flow reduced
plan limit 845
current timestep 5414
planning flow reduced
plan limit 845
current timestep 5415
planning flow reduced
plan limit 848
current timestep 5416
planning flow reduced
plan limit 849
current timestep 5417
planning flow reduced
plan limit 849
current timestep 5418
planning flow reduced
plan limit 848
current timestep 5419
planning flow reduced
plan limit 845
current timestep 5420
planning flow reduced
plan limit 847
current timestep 5421
planning flow reduced
plan limit 844
current timestep 5422
planning flow reduced
plan limit 850
current timestep 5423
planning flow reduced
plan limit 849
current timestep 5424
planning flow reduced
plan limit 842
current timestep 5425
planning flow reduced
plan limit 847
current timestep 5426
planning flow reduced
plan limit 849
current timestep 5427
planning flow reduced
plan limit 848
current timestep 5428
planning flow reduced
plan limit 846
current timestep 5429
planning flow reduced
plan limit 847
current timestep 5430
planning flow reduced
plan limit 845
current timestep 5431
planning flow reduced
plan limit 849
current timestep 5432
planning flow reduced
plan limit 847
current timestep 5433
planning flow reduced
plan limit 846
current timestep 5434
planning flow reduced
plan limit 850
current timestep 5435
planning flow reduced
plan limit 845
current timestep 5436
planning flow reduced
plan limit 849
current timestep 5437
planning flow reduced
plan limit 845
current timestep 5438
planning flow reduced
plan limit 849
current timestep 5439
planning flow reduced
plan limit 845
current timestep 5440
planning flow reduced
plan limit 850
current timestep 5441
planning flow reduced
plan limit 850
current timestep 5442
planning flow reduced
plan limit 848
current timestep 5443
planning flow reduced
plan limit 848
current timestep 5444
planning flow reduced
plan limit 848
current timestep 5445
planning flow reduced
plan limit 847
current timestep 5446
planning flow reduced
plan limit 843
current timestep 5447
planning flow reduced
plan limit 847
current timestep 5448
planning flow reduced
plan limit 849
current timestep 5449
planning flow reduced
plan limit 847
current timestep 5450
planning flow reduced
plan limit 845
current timestep 5451
planning flow reduced
plan limit 846
current timestep 5452
planning flow reduced
plan limit 848
current timestep 5453
planning flow reduced
plan limit 840
current timestep 5454
planning flow reduced
plan limit 846
current timestep 5455
planning flow reduced
plan limit 846
current timestep 5456
planning flow reduced
plan limit 844
current timestep 5457
planning flow reduced
plan limit 842
current timestep 5458
planning flow reduced
plan limit 848
current timestep 5459
planning flow reduced
plan limit 820
current timestep 5460
planning flow reduced
plan limit 850
current timestep 5461
planning flow reduced
plan limit 849
current timestep 5462
planning flow reduced
plan limit 849
current timestep 5463
planning flow reduced
plan limit 848
current timestep 5464
planning flow reduced
plan limit 849
current timestep 5465
planning flow reduced
plan limit 845
current timestep 5466
planning flow reduced
plan limit 848
current timestep 5467
planning flow reduced
plan limit 848
current timestep 5468
planning flow reduced
plan limit 844
current timestep 5469
planning flow reduced
plan limit 850
current timestep 5470
planning flow reduced
plan limit 845
current timestep 5471
planning flow reduced
plan limit 849
current timestep 5472
planning flow reduced
plan limit 846
current timestep 5473
planning flow reduced
plan limit 847
current timestep 5474
planning flow reduced
plan limit 849
current timestep 5475
planning flow reduced
plan limit 847
current timestep 5476
planning flow reduced
plan limit 843
current timestep 5477
planning flow reduced
plan limit 846
current timestep 5478
planning flow reduced
plan limit 849
current timestep 5479
planning flow reduced
plan limit 849
current timestep 5480
planning flow reduced
plan limit 843
current timestep 5481
planning flow reduced
plan limit 848
current timestep 5482
planning flow reduced
plan limit 845
current timestep 5483
planning flow reduced
plan limit 845
current timestep 5484
planning flow reduced
plan limit 849
current timestep 5485
planning flow reduced
plan limit 847
current timestep 5486
planning flow reduced
plan limit 850
current timestep 5487
planning flow reduced
plan limit 849
current timestep 5488
planning flow reduced
plan limit 848
current timestep 5489
planning flow reduced
plan limit 811
current timestep 5490
planning flow reduced
plan limit 830
current timestep 5491
planning flow reduced
plan limit 810
current timestep 5492
planning flow reduced
plan limit 831
current timestep 5493
planning flow reduced
plan limit 807
current timestep 5494
planning flow reduced
plan limit 850
current timestep 5495
planning flow reduced
plan limit 853
current timestep 5496
planning flow reduced
plan limit 842
current timestep 5497
planning flow reduced
plan limit 849
current timestep 5498
planning flow reduced
plan limit 849
current timestep 5499
planning flow reduced
plan limit 849
current timestep 5500
planning flow reduced
plan limit 845
current timestep 5501
planning flow reduced
plan limit 843
current timestep 5502
planning flow reduced
plan limit 850
current timestep 5503
planning flow reduced
plan limit 848
current timestep 5504
planning flow reduced
plan limit 850
current timestep 5505
planning flow reduced
plan limit 850
current timestep 5506
planning flow reduced
plan limit 848
current timestep 5507
planning flow reduced
plan limit 848
current timestep 5508
planning flow reduced
plan limit 849
current timestep 5509
planning flow reduced
plan limit 846
current timestep 5510
planning flow reduced
plan limit 845
current timestep 5511
planning flow reduced
plan limit 848
current timestep 5512
planning flow reduced
plan limit 850
current timestep 5513
planning flow reduced
plan limit 851
current timestep 5514
planning flow reduced
plan limit 849
current timestep 5515
planning flow reduced
plan limit 848
current timestep 5516
planning flow reduced
plan limit 848
current timestep 5517
planning flow reduced
plan limit 848
current timestep 5518
planning flow reduced
plan limit 847
current timestep 5519
planning flow reduced
plan limit 850
current timestep 5520
planning flow reduced
plan limit 850
current timestep 5521
planning flow reduced
plan limit 851
current timestep 5522
planning flow reduced
plan limit 848
current timestep 5523
planning flow reduced
plan limit 850
current timestep 5524
planning flow reduced
plan limit 850
current timestep 5525
planning flow reduced
plan limit 847
current timestep 5526
planning flow reduced
plan limit 849
current timestep 5527
planning flow reduced
plan limit 851
current timestep 5528
planning flow reduced
plan limit 848
current timestep 5529
planning flow reduced
plan limit 846
current timestep 5530
planning flow reduced
plan limit 850
current timestep 5531
planning flow reduced
plan limit 846
current timestep 5532
planning flow reduced
plan limit 848
current timestep 5533
planning flow reduced
plan limit 847
current timestep 5534
planning flow reduced
plan limit 843
current timestep 5535
planning flow reduced
plan limit 849
current timestep 5536
planning flow reduced
plan limit 848
current timestep 5537
planning flow reduced
plan limit 851
current timestep 5538
planning flow reduced
plan limit 850
current timestep 5539
planning flow reduced
plan limit 849
current timestep 5540
planning flow reduced
plan limit 849
current timestep 5541
planning flow reduced
plan limit 849
current timestep 5542
planning flow reduced
plan limit 847
current timestep 5543
planning flow reduced
plan limit 850
current timestep 5544
planning flow reduced
plan limit 852
current timestep 5545
planning flow reduced
plan limit 844
current timestep 5546
planning flow reduced
plan limit 851
current timestep 5547
planning flow reduced
plan limit 849
current timestep 5548
planning flow reduced
plan limit 851
current timestep 5549
planning flow reduced
plan limit 849
current timestep 5550
planning flow reduced
plan limit 847
current timestep 5551
planning flow reduced
plan limit 810
current timestep 5552
planning flow reduced
plan limit 844
current timestep 5553
planning flow reduced
plan limit 846
current timestep 5554
planning flow reduced
plan limit 850
current timestep 5555
planning flow reduced
plan limit 850
current timestep 5556
planning flow reduced
plan limit 849
current timestep 5557
planning flow reduced
plan limit 847
current timestep 5558
planning flow reduced
plan limit 844
current timestep 5559
planning flow reduced
plan limit 851
current timestep 5560
planning flow reduced
plan limit 847
current timestep 5561
planning flow reduced
plan limit 849
current timestep 5562
planning flow reduced
plan limit 847
current timestep 5563
planning flow reduced
plan limit 848
current timestep 5564
planning flow reduced
plan limit 849
current timestep 5565
planning flow reduced
plan limit 850
current timestep 5566
planning flow reduced
plan limit 847
current timestep 5567
planning flow reduced
plan limit 851
current timestep 5568
planning flow reduced
plan limit 845
current timestep 5569
planning flow reduced
plan limit 851
current timestep 5570
planning flow reduced
plan limit 849
current timestep 5571
planning flow reduced
plan limit 847
current timestep 5572
planning flow reduced
plan limit 851
current timestep 5573
planning flow reduced
plan limit 845
current timestep 5574
planning flow reduced
plan limit 848
current timestep 5575
planning flow reduced
plan limit 840
current timestep 5576
planning flow reduced
plan limit 850
current timestep 5577
planning flow reduced
plan limit 849
current timestep 5578
planning flow reduced
plan limit 848
current timestep 5579
planning flow reduced
plan limit 850
current timestep 5580
planning flow reduced
plan limit 845
current timestep 5581
planning flow reduced
plan limit 847
current timestep 5582
planning flow reduced
plan limit 848
current timestep 5583
planning flow reduced
plan limit 850
current timestep 5584
planning flow reduced
plan limit 848
current timestep 5585
planning flow reduced
plan limit 843
current timestep 5586
planning flow reduced
plan limit 848
current timestep 5587
planning flow reduced
plan limit 845
current timestep 5588
planning flow reduced
plan limit 850
current timestep 5589
planning flow reduced
plan limit 849
current timestep 5590
planning flow reduced
plan limit 841
current timestep 5591
planning flow reduced
plan limit 851
current timestep 5592
planning flow reduced
plan limit 850
current timestep 5593
planning flow reduced
plan limit 846
current timestep 5594
planning flow reduced
plan limit 849
current timestep 5595
planning flow reduced
plan limit 846
current timestep 5596
planning flow reduced
plan limit 848
current timestep 5597
planning flow reduced
plan limit 844
current timestep 5598
planning flow reduced
plan limit 845
current timestep 5599
planning flow reduced
plan limit 844
current timestep 5600
planning flow reduced
plan limit 845
current timestep 5601
planning flow reduced
plan limit 851
current timestep 5602
planning flow reduced
plan limit 844
current timestep 5603
planning flow reduced
plan limit 849
current timestep 5604
planning flow reduced
plan limit 850
current timestep 5605
planning flow reduced
plan limit 845
current timestep 5606
planning flow reduced
plan limit 844
current timestep 5607
planning flow reduced
plan limit 843
current timestep 5608
planning flow reduced
plan limit 843
current timestep 5609
planning flow reduced
plan limit 847
current timestep 5610
planning flow reduced
plan limit 849
current timestep 5611
planning flow reduced
plan limit 850
current timestep 5612
planning flow reduced
plan limit 848
current timestep 5613
planning flow reduced
plan limit 848
current timestep 5614
planning flow reduced
plan limit 849
current timestep 5615
planning flow reduced
plan limit 842
current timestep 5616
planning flow reduced
plan limit 849
current timestep 5617
planning flow reduced
plan limit 849
current timestep 5618
planning flow reduced
plan limit 849
current timestep 5619
planning flow reduced
plan limit 847
current timestep 5620
planning flow reduced
plan limit 847
current timestep 5621
planning flow reduced
plan limit 845
current timestep 5622
planning flow reduced
plan limit 848
current timestep 5623
planning flow reduced
plan limit 849
current timestep 5624
planning flow reduced
plan limit 849
current timestep 5625
planning flow reduced
plan limit 848
current timestep 5626
planning flow reduced
plan limit 852
current timestep 5627
planning flow reduced
plan limit 846
current timestep 5628
planning flow reduced
plan limit 850
current timestep 5629
planning flow reduced
plan limit 845
current timestep 5630
planning flow reduced
plan limit 850
current timestep 5631
planning flow reduced
plan limit 850
current timestep 5632
planning flow reduced
plan limit 848
current timestep 5633
planning flow reduced
plan limit 843
current timestep 5634
planning flow reduced
plan limit 844
current timestep 5635
planning flow reduced
plan limit 842
current timestep 5636
planning flow reduced
plan limit 847
current timestep 5637
planning flow reduced
plan limit 849
current timestep 5638
planning flow reduced
plan limit 849
current timestep 5639
planning flow reduced
plan limit 849
current timestep 5640
planning flow reduced
plan limit 850
current timestep 5641
planning flow reduced
plan limit 845
current timestep 5642
planning flow reduced
plan limit 849
current timestep 5643
planning flow reduced
plan limit 850
current timestep 5644
planning flow reduced
plan limit 846
current timestep 5645
planning flow reduced
plan limit 848
current timestep 5646
planning flow reduced
plan limit 849
current timestep 5647
planning flow reduced
plan limit 848
current timestep 5648
planning flow reduced
plan limit 853
current timestep 5649
planning flow reduced
plan limit 847
current timestep 5650
planning flow reduced
plan limit 849
current timestep 5651
planning flow reduced
plan limit 850
current timestep 5652
planning flow reduced
plan limit 846
current timestep 5653
planning flow reduced
plan limit 843
current timestep 5654
planning flow reduced
plan limit 848
current timestep 5655
planning flow reduced
plan limit 850
current timestep 5656
planning flow reduced
plan limit 849
current timestep 5657
planning flow reduced
plan limit 849
current timestep 5658
planning flow reduced
plan limit 844
current timestep 5659
planning flow reduced
plan limit 845
current timestep 5660
planning flow reduced
plan limit 847
current timestep 5661
planning flow reduced
plan limit 849
current timestep 5662
planning flow reduced
plan limit 849
current timestep 5663
planning flow reduced
plan limit 848
current timestep 5664
planning flow reduced
plan limit 848
current timestep 5665
planning flow reduced
plan limit 847
current timestep 5666
planning flow reduced
plan limit 849
current timestep 5667
planning flow reduced
plan limit 847
current timestep 5668
planning flow reduced
plan limit 849
current timestep 5669
planning flow reduced
plan limit 849
current timestep 5670
planning flow reduced
plan limit 850
current timestep 5671
planning flow reduced
plan limit 848
current timestep 5672
planning flow reduced
plan limit 847
current timestep 5673
planning flow reduced
plan limit 848
current timestep 5674
planning flow reduced
plan limit 849
current timestep 5675
planning flow reduced
plan limit 848
current timestep 5676
planning flow reduced
plan limit 848
current timestep 5677
planning flow reduced
plan limit 842
current timestep 5678
planning flow reduced
plan limit 841
current timestep 5679
planning flow reduced
plan limit 842
current timestep 5680
planning flow reduced
plan limit 849
current timestep 5681
planning flow reduced
plan limit 847
current timestep 5682
planning flow reduced
plan limit 848
current timestep 5683
planning flow reduced
plan limit 850
current timestep 5684
planning flow reduced
plan limit 849
current timestep 5685
planning flow reduced
plan limit 850
current timestep 5686
planning flow reduced
plan limit 851
current timestep 5687
planning flow reduced
plan limit 846
current timestep 5688
planning flow reduced
plan limit 845
current timestep 5689
planning flow reduced
plan limit 845
current timestep 5690
planning flow reduced
plan limit 848
current timestep 5691
planning flow reduced
plan limit 846
current timestep 5692
planning flow reduced
plan limit 846
current timestep 5693
planning flow reduced
plan limit 846
current timestep 5694
planning flow reduced
plan limit 848
current timestep 5695
planning flow reduced
plan limit 850
current timestep 5696
planning flow reduced
plan limit 847
current timestep 5697
planning flow reduced
plan limit 846
current timestep 5698
planning flow reduced
plan limit 843
current timestep 5699
planning flow reduced
plan limit 849
current timestep 5700
planning flow reduced
plan limit 844
current timestep 5701
planning flow reduced
plan limit 844
current timestep 5702
planning flow reduced
plan limit 842
current timestep 5703
planning flow reduced
plan limit 852
current timestep 5704
planning flow reduced
plan limit 849
current timestep 5705
planning flow reduced
plan limit 847
current timestep 5706
planning flow reduced
plan limit 849
current timestep 5707
planning flow reduced
plan limit 849
current timestep 5708
planning flow reduced
plan limit 844
current timestep 5709
planning flow reduced
plan limit 818
current timestep 5710
planning flow reduced
plan limit 848
current timestep 5711
planning flow reduced
plan limit 846
current timestep 5712
planning flow reduced
plan limit 852
current timestep 5713
planning flow reduced
plan limit 851
current timestep 5714
planning flow reduced
plan limit 847
current timestep 5715
planning flow reduced
plan limit 847
current timestep 5716
planning flow reduced
plan limit 845
current timestep 5717
planning flow reduced
plan limit 845
current timestep 5718
planning flow reduced
plan limit 844
current timestep 5719
planning flow reduced
plan limit 849
current timestep 5720
planning flow reduced
plan limit 849
current timestep 5721
planning flow reduced
plan limit 851
current timestep 5722
planning flow reduced
plan limit 848
current timestep 5723
planning flow reduced
plan limit 847
current timestep 5724
planning flow reduced
plan limit 852
current timestep 5725
planning flow reduced
plan limit 849
current timestep 5726
planning flow reduced
plan limit 849
current timestep 5727
planning flow reduced
plan limit 846
current timestep 5728
planning flow reduced
plan limit 849
current timestep 5729
planning flow reduced
plan limit 844
current timestep 5730
planning flow reduced
plan limit 848
current timestep 5731
planning flow reduced
plan limit 850
current timestep 5732
planning flow reduced
plan limit 846
current timestep 5733
planning flow reduced
plan limit 844
current timestep 5734
planning flow reduced
plan limit 850
current timestep 5735
planning flow reduced
plan limit 850
current timestep 5736
planning flow reduced
plan limit 848
current timestep 5737
planning flow reduced
plan limit 843
current timestep 5738
planning flow reduced
plan limit 850
current timestep 5739
planning flow reduced
plan limit 844
current timestep 5740
planning flow reduced
plan limit 839
current timestep 5741
planning flow reduced
plan limit 852
current timestep 5742
planning flow reduced
plan limit 850
current timestep 5743
planning flow reduced
plan limit 850
current timestep 5744
planning flow reduced
plan limit 850
current timestep 5745
planning flow reduced
plan limit 846
current timestep 5746
planning flow reduced
plan limit 850
current timestep 5747
planning flow reduced
plan limit 851
current timestep 5748
planning flow reduced
plan limit 844
current timestep 5749
planning flow reduced
plan limit 851
current timestep 5750
planning flow reduced
plan limit 851
current timestep 5751
planning flow reduced
plan limit 847
current timestep 5752
planning flow reduced
plan limit 847
current timestep 5753
planning flow reduced
plan limit 846
current timestep 5754
planning flow reduced
plan limit 847
current timestep 5755
planning flow reduced
plan limit 850
current timestep 5756
planning flow reduced
plan limit 849
current timestep 5757
planning flow reduced
plan limit 845
current timestep 5758
planning flow reduced
plan limit 850
current timestep 5759
planning flow reduced
plan limit 845
current timestep 5760
planning flow reduced
plan limit 849
current timestep 5761
planning flow reduced
plan limit 850
current timestep 5762
planning flow reduced
plan limit 850
current timestep 5763
planning flow reduced
plan limit 845
current timestep 5764
planning flow reduced
plan limit 849
current timestep 5765
planning flow reduced
plan limit 844
current timestep 5766
planning flow reduced
plan limit 841
current timestep 5767
planning flow reduced
plan limit 849
current timestep 5768
planning flow reduced
plan limit 844
current timestep 5769
planning flow reduced
plan limit 847
current timestep 5770
planning flow reduced
plan limit 847
current timestep 5771
planning flow reduced
plan limit 841
current timestep 5772
planning flow reduced
plan limit 848
current timestep 5773
planning flow reduced
plan limit 842
current timestep 5774
planning flow reduced
plan limit 848
current timestep 5775
planning flow reduced
plan limit 850
current timestep 5776
planning flow reduced
plan limit 849
current timestep 5777
planning flow reduced
plan limit 846
current timestep 5778
planning flow reduced
plan limit 851
current timestep 5779
planning flow reduced
plan limit 850
current timestep 5780
planning flow reduced
plan limit 847
current timestep 5781
planning flow reduced
plan limit 846
current timestep 5782
planning flow reduced
plan limit 843
current timestep 5783
planning flow reduced
plan limit 849
current timestep 5784
planning flow reduced
plan limit 849
current timestep 5785
planning flow reduced
plan limit 843
current timestep 5786
planning flow reduced
plan limit 847
current timestep 5787
planning flow reduced
plan limit 849
current timestep 5788
planning flow reduced
plan limit 847
current timestep 5789
planning flow reduced
plan limit 849
current timestep 5790
planning flow reduced
plan limit 850
current timestep 5791
planning flow reduced
plan limit 847
current timestep 5792
planning flow reduced
plan limit 850
current timestep 5793
planning flow reduced
plan limit 850
current timestep 5794
planning flow reduced
plan limit 848
current timestep 5795
planning flow reduced
plan limit 847
current timestep 5796
planning flow reduced
plan limit 850
current timestep 5797
planning flow reduced
plan limit 851
current timestep 5798
planning flow reduced
plan limit 848
current timestep 5799
planning flow reduced
plan limit 850
current timestep 5800
planning flow reduced
plan limit 849
current timestep 5801
planning flow reduced
plan limit 849
current timestep 5802
planning flow reduced
plan limit 851
current timestep 5803
planning flow reduced
plan limit 847
current timestep 5804
planning flow reduced
plan limit 847
current timestep 5805
planning flow reduced
plan limit 842
current timestep 5806
planning flow reduced
plan limit 850
current timestep 5807
planning flow reduced
plan limit 846
current timestep 5808
planning flow reduced
plan limit 849
current timestep 5809
planning flow reduced
plan limit 850
current timestep 5810
planning flow reduced
plan limit 846
current timestep 5811
planning flow reduced
plan limit 849
current timestep 5812
planning flow reduced
plan limit 848
current timestep 5813
planning flow reduced
plan limit 849
current timestep 5814
planning flow reduced
plan limit 850
current timestep 5815
planning flow reduced
plan limit 850
current timestep 5816
planning flow reduced
plan limit 843
current timestep 5817
planning flow reduced
plan limit 845
current timestep 5818
planning flow reduced
plan limit 847
current timestep 5819
planning flow reduced
plan limit 845
current timestep 5820
planning flow reduced
plan limit 846
current timestep 5821
planning flow reduced
plan limit 850
current timestep 5822
planning flow reduced
plan limit 848
current timestep 5823
planning flow reduced
plan limit 845
current timestep 5824
planning flow reduced
plan limit 850
current timestep 5825
planning flow reduced
plan limit 847
current timestep 5826
planning flow reduced
plan limit 845
current timestep 5827
planning flow reduced
plan limit 844
current timestep 5828
planning flow reduced
plan limit 847
current timestep 5829
planning flow reduced
plan limit 850
current timestep 5830
planning flow reduced
plan limit 845
current timestep 5831
planning flow reduced
plan limit 848
current timestep 5832
planning flow reduced
plan limit 847
current timestep 5833
planning flow reduced
plan limit 851
current timestep 5834
planning flow reduced
plan limit 850
current timestep 5835
planning flow reduced
plan limit 851
current timestep 5836
planning flow reduced
plan limit 850
current timestep 5837
planning flow reduced
plan limit 850
current timestep 5838
planning flow reduced
plan limit 851
current timestep 5839
planning flow reduced
plan limit 851
current timestep 5840
planning flow reduced
plan limit 848
current timestep 5841
planning flow reduced
plan limit 849
current timestep 5842
planning flow reduced
plan limit 849
current timestep 5843
planning flow reduced
plan limit 850
current timestep 5844
planning flow reduced
plan limit 846
current timestep 5845
planning flow reduced
plan limit 849
current timestep 5846
planning flow reduced
plan limit 850
current timestep 5847
planning flow reduced
plan limit 848
current timestep 5848
planning flow reduced
plan limit 849
current timestep 5849
planning flow reduced
plan limit 851
current timestep 5850
planning flow reduced
plan limit 849
current timestep 5851
planning flow reduced
plan limit 851
current timestep 5852
planning flow reduced
plan limit 851
current timestep 5853
planning flow reduced
plan limit 850
current timestep 5854
planning flow reduced
plan limit 851
current timestep 5855
planning flow reduced
plan limit 849
current timestep 5856
planning flow reduced
plan limit 849
current timestep 5857
planning flow reduced
plan limit 846
current timestep 5858
planning flow reduced
plan limit 848
current timestep 5859
planning flow reduced
plan limit 845
current timestep 5860
planning flow reduced
plan limit 847
current timestep 5861
planning flow reduced
plan limit 851
current timestep 5862
planning flow reduced
plan limit 849
current timestep 5863
planning flow reduced
plan limit 850
current timestep 5864
planning flow reduced
plan limit 840
current timestep 5865
planning flow reduced
plan limit 849
current timestep 5866
planning flow reduced
plan limit 850
current timestep 5867
planning flow reduced
plan limit 846
current timestep 5868
planning flow reduced
plan limit 837
current timestep 5869
planning flow reduced
plan limit 849
current timestep 5870
planning flow reduced
plan limit 851
current timestep 5871
planning flow reduced
plan limit 850
current timestep 5872
planning flow reduced
plan limit 847
current timestep 5873
planning flow reduced
plan limit 845
current timestep 5874
planning flow reduced
plan limit 850
current timestep 5875
planning flow reduced
plan limit 849
current timestep 5876
planning flow reduced
plan limit 848
current timestep 5877
planning flow reduced
plan limit 848
current timestep 5878
planning flow reduced
plan limit 847
current timestep 5879
planning flow reduced
plan limit 849
current timestep 5880
planning flow reduced
plan limit 851
current timestep 5881
planning flow reduced
plan limit 851
current timestep 5882
planning flow reduced
plan limit 851
current timestep 5883
planning flow reduced
plan limit 850
current timestep 5884
planning flow reduced
plan limit 847
current timestep 5885
planning flow reduced
plan limit 851
current timestep 5886
planning flow reduced
plan limit 850
current timestep 5887
planning flow reduced
plan limit 850
current timestep 5888
planning flow reduced
plan limit 850
current timestep 5889
planning flow reduced
plan limit 849
current timestep 5890
planning flow reduced
plan limit 849
current timestep 5891
planning flow reduced
plan limit 848
current timestep 5892
planning flow reduced
plan limit 851
current timestep 5893
planning flow reduced
plan limit 846
current timestep 5894
planning flow reduced
plan limit 850
current timestep 5895
planning flow reduced
plan limit 849
current timestep 5896
planning flow reduced
plan limit 850
current timestep 5897
planning flow reduced
plan limit 848
current timestep 5898
planning flow reduced
plan limit 847
current timestep 5899
planning flow reduced
plan limit 847
current timestep 5900
planning flow reduced
plan limit 848
current timestep 5901
planning flow reduced
plan limit 846
current timestep 5902
planning flow reduced
plan limit 848
current timestep 5903
planning flow reduced
plan limit 846
current timestep 5904
planning flow reduced
plan limit 850
current timestep 5905
planning flow reduced
plan limit 850
current timestep 5906
planning flow reduced
plan limit 848
current timestep 5907
planning flow reduced
plan limit 850
current timestep 5908
planning flow reduced
plan limit 849
current timestep 5909
planning flow reduced
plan limit 849
current timestep 5910
planning flow reduced
plan limit 845
current timestep 5911
planning flow reduced
plan limit 848
current timestep 5912
planning flow reduced
plan limit 848
current timestep 5913
planning flow reduced
plan limit 850
current timestep 5914
planning flow reduced
plan limit 850
current timestep 5915
planning flow reduced
plan limit 850
current timestep 5916
planning flow reduced
plan limit 848
current timestep 5917
planning flow reduced
plan limit 849
current timestep 5918
planning flow reduced
plan limit 833
current timestep 5919
planning flow reduced
plan limit 837
current timestep 5920
planning flow reduced
plan limit 835
current timestep 5921
planning flow reduced
plan limit 850
current timestep 5922
planning flow reduced
plan limit 849
current timestep 5923
planning flow reduced
plan limit 838
current timestep 5924
planning flow reduced
plan limit 849
current timestep 5925
planning flow reduced
plan limit 850
current timestep 5926
planning flow reduced
plan limit 843
current timestep 5927
planning flow reduced
plan limit 851
current timestep 5928
planning flow reduced
plan limit 849
current timestep 5929
planning flow reduced
plan limit 848
current timestep 5930
planning flow reduced
plan limit 846
current timestep 5931
planning flow reduced
plan limit 849
current timestep 5932
planning flow reduced
plan limit 848
current timestep 5933
planning flow reduced
plan limit 849
current timestep 5934
planning flow reduced
plan limit 849
current timestep 5935
planning flow reduced
plan limit 849
current timestep 5936
planning flow reduced
plan limit 850
current timestep 5937
planning flow reduced
plan limit 849
current timestep 5938
planning flow reduced
plan limit 850
current timestep 5939
planning flow reduced
plan limit 848
current timestep 5940
planning flow reduced
plan limit 848
current timestep 5941
planning flow reduced
plan limit 849
current timestep 5942
planning flow reduced
plan limit 849
current timestep 5943
planning flow reduced
plan limit 848
current timestep 5944
planning flow reduced
plan limit 846
current timestep 5945
planning flow reduced
plan limit 851
current timestep 5946
planning flow reduced
plan limit 848
current timestep 5947
planning flow reduced
plan limit 850
current timestep 5948
planning flow reduced
plan limit 850
current timestep 5949
planning flow reduced
plan limit 847
current timestep 5950
planning flow reduced
plan limit 847
current timestep 5951
planning flow reduced
plan limit 850
current timestep 5952
planning flow reduced
plan limit 851
current timestep 5953
planning flow reduced
plan limit 839
current timestep 5954
planning flow reduced
plan limit 849
current timestep 5955
planning flow reduced
plan limit 852
current timestep 5956
planning flow reduced
plan limit 849
current timestep 5957
planning flow reduced
plan limit 848
current timestep 5958
planning flow reduced
plan limit 849
current timestep 5959
planning flow reduced
plan limit 848
current timestep 5960
planning flow reduced
plan limit 851
current timestep 5961
planning flow reduced
plan limit 846
current timestep 5962
planning flow reduced
plan limit 844
current timestep 5963
planning flow reduced
plan limit 850
current timestep 5964
planning flow reduced
plan limit 850
current timestep 5965
planning flow reduced
plan limit 849
current timestep 5966
planning flow reduced
plan limit 851
current timestep 5967
planning flow reduced
plan limit 845
current timestep 5968
planning flow reduced
plan limit 847
current timestep 5969
planning flow reduced
plan limit 848
current timestep 5970
planning flow reduced
plan limit 832
current timestep 5971
planning flow reduced
plan limit 845
current timestep 5972
planning flow reduced
plan limit 848
current timestep 5973
planning flow reduced
plan limit 849
current timestep 5974
planning flow reduced
plan limit 849
current timestep 5975
planning flow reduced
plan limit 847
current timestep 5976
planning flow reduced
plan limit 850
current timestep 5977
planning flow reduced
plan limit 850
current timestep 5978
planning flow reduced
plan limit 850
current timestep 5979
planning flow reduced
plan limit 849
current timestep 5980
planning flow reduced
plan limit 837
current timestep 5981
planning flow reduced
plan limit 848
current timestep 5982
planning flow reduced
plan limit 846
current timestep 5983
planning flow reduced
plan limit 847
current timestep 5984
planning flow reduced
plan limit 849
current timestep 5985
planning flow reduced
plan limit 849
current timestep 5986
planning flow reduced
plan limit 848
current timestep 5987
planning flow reduced
plan limit 849
current timestep 5988
planning flow reduced
plan limit 850
current timestep 5989
planning flow reduced
plan limit 850
current timestep 5990
planning flow reduced
plan limit 849
current timestep 5991
planning flow reduced
plan limit 840
current timestep 5992
planning flow reduced
plan limit 849
current timestep 5993
planning flow reduced
plan limit 848
current timestep 5994
planning flow reduced
plan limit 847
current timestep 5995
planning flow reduced
plan limit 843
current timestep 5996
planning flow reduced
plan limit 847
current timestep 5997
planning flow reduced
plan limit 847
current timestep 5998
planning flow reduced
plan limit 850
current timestep 5999
planning flow reduced
plan limit 846
current timestep 6000
planning flow reduced
plan limit 850
current timestep 6001
planning flow reduced
plan limit 847
current timestep 6002
planning flow reduced
plan limit 849
current timestep 6003
planning flow reduced
plan limit 849
current timestep 6004
planning flow reduced
plan limit 849
current timestep 6005
planning flow reduced
plan limit 844
current timestep 6006
planning flow reduced
plan limit 848
current timestep 6007
planning flow reduced
plan limit 848
current timestep 6008
planning flow reduced
plan limit 851
current timestep 6009
planning flow reduced
plan limit 846
current timestep 6010
planning flow reduced
plan limit 846
current timestep 6011
planning flow reduced
plan limit 848
current timestep 6012
planning flow reduced
plan limit 849
current timestep 6013
planning flow reduced
plan limit 843
current timestep 6014
planning flow reduced
plan limit 842
current timestep 6015
planning flow reduced
plan limit 847
current timestep 6016
planning flow reduced
plan limit 851
current timestep 6017
planning flow reduced
plan limit 849
current timestep 6018
planning flow reduced
plan limit 850
current timestep 6019
planning flow reduced
plan limit 849
current timestep 6020
planning flow reduced
plan limit 850
current timestep 6021
planning flow reduced
plan limit 849
current timestep 6022
planning flow reduced
plan limit 850
current timestep 6023
planning flow reduced
plan limit 846
current timestep 6024
planning flow reduced
plan limit 848
current timestep 6025
planning flow reduced
plan limit 845
current timestep 6026
planning flow reduced
plan limit 851
current timestep 6027
planning flow reduced
plan limit 849
current timestep 6028
planning flow reduced
plan limit 848
current timestep 6029
planning flow reduced
plan limit 849
current timestep 6030
planning flow reduced
plan limit 849
current timestep 6031
planning flow reduced
plan limit 850
current timestep 6032
planning flow reduced
plan limit 848
current timestep 6033
planning flow reduced
plan limit 832
current timestep 6034
planning flow reduced
plan limit 839
current timestep 6035
planning flow reduced
plan limit 847
current timestep 6036
planning flow reduced
plan limit 848
current timestep 6037
planning flow reduced
plan limit 839
current timestep 6038
planning flow reduced
plan limit 848
current timestep 6039
planning flow reduced
plan limit 839
current timestep 6040
planning flow reduced
plan limit 849
current timestep 6041
planning flow reduced
plan limit 831
current timestep 6042
planning flow reduced
plan limit 834
current timestep 6043
planning flow reduced
plan limit 848
current timestep 6044
planning flow reduced
plan limit 850
current timestep 6045
planning flow reduced
plan limit 848
current timestep 6046
planning flow reduced
plan limit 849
current timestep 6047
planning flow reduced
plan limit 847
current timestep 6048
planning flow reduced
plan limit 849
current timestep 6049
planning flow reduced
plan limit 846
current timestep 6050
planning flow reduced
plan limit 848
current timestep 6051
planning flow reduced
plan limit 849
current timestep 6052
planning flow reduced
plan limit 848
current timestep 6053
planning flow reduced
plan limit 836
current timestep 6054
planning flow reduced
plan limit 845
current timestep 6055
planning flow reduced
plan limit 843
current timestep 6056
planning flow reduced
plan limit 845
current timestep 6057
planning flow reduced
plan limit 848
current timestep 6058
planning flow reduced
plan limit 849
current timestep 6059
planning flow reduced
plan limit 846
current timestep 6060
planning flow reduced
plan limit 848
current timestep 6061
planning flow reduced
plan limit 848
current timestep 6062
planning flow reduced
plan limit 848
current timestep 6063
planning flow reduced
plan limit 848
current timestep 6064
planning flow reduced
plan limit 828
current timestep 6065
planning flow reduced
plan limit 836
current timestep 6066
planning flow reduced
plan limit 836
current timestep 6067
planning flow reduced
plan limit 836
current timestep 6068
planning flow reduced
plan limit 839
current timestep 6069
planning flow reduced
plan limit 837
current timestep 6070
planning flow reduced
plan limit 849
current timestep 6071
planning flow reduced
plan limit 847
current timestep 6072
planning flow reduced
plan limit 849
current timestep 6073
planning flow reduced
plan limit 847
current timestep 6074
planning flow reduced
plan limit 843
current timestep 6075
planning flow reduced
plan limit 846
current timestep 6076
planning flow reduced
plan limit 849
current timestep 6077
planning flow reduced
plan limit 848
current timestep 6078
planning flow reduced
plan limit 848
current timestep 6079
planning flow reduced
plan limit 849
current timestep 6080
planning flow reduced
plan limit 851
current timestep 6081
planning flow reduced
plan limit 850
current timestep 6082
planning flow reduced
plan limit 850
current timestep 6083
planning flow reduced
plan limit 840
current timestep 6084
planning flow reduced
plan limit 850
current timestep 6085
planning flow reduced
plan limit 850
current timestep 6086
planning flow reduced
plan limit 850
current timestep 6087
planning flow reduced
plan limit 848
current timestep 6088
planning flow reduced
plan limit 852
current timestep 6089
planning flow reduced
plan limit 850
current timestep 6090
planning flow reduced
plan limit 848
current timestep 6091
planning flow reduced
plan limit 849
current timestep 6092
planning flow reduced
plan limit 851
current timestep 6093
planning flow reduced
plan limit 850
current timestep 6094
planning flow reduced
plan limit 848
current timestep 6095
planning flow reduced
plan limit 846
current timestep 6096
planning flow reduced
plan limit 852
current timestep 6097
planning flow reduced
plan limit 848
current timestep 6098
planning flow reduced
plan limit 851
current timestep 6099
planning flow reduced
plan limit 849
current timestep 6100
planning flow reduced
plan limit 849
current timestep 6101
planning flow reduced
plan limit 850
current timestep 6102
planning flow reduced
plan limit 851
current timestep 6103
planning flow reduced
plan limit 851
current timestep 6104
planning flow reduced
plan limit 851
current timestep 6105
planning flow reduced
plan limit 847
current timestep 6106
planning flow reduced
plan limit 832
current timestep 6107
planning flow reduced
plan limit 849
current timestep 6108
planning flow reduced
plan limit 852
current timestep 6109
planning flow reduced
plan limit 803
current timestep 6110
planning flow reduced
plan limit 851
current timestep 6111
planning flow reduced
plan limit 849
current timestep 6112
planning flow reduced
plan limit 845
current timestep 6113
planning flow reduced
plan limit 849
current timestep 6114
planning flow reduced
plan limit 849
current timestep 6115
planning flow reduced
plan limit 852
current timestep 6116
planning flow reduced
plan limit 849
current timestep 6117
planning flow reduced
plan limit 851
current timestep 6118
planning flow reduced
plan limit 850
current timestep 6119
planning flow reduced
plan limit 850
current timestep 6120
planning flow reduced
plan limit 827
current timestep 6121
planning flow reduced
plan limit 850
current timestep 6122
planning flow reduced
plan limit 851
current timestep 6123
planning flow reduced
plan limit 852
current timestep 6124
planning flow reduced
plan limit 851
current timestep 6125
planning flow reduced
plan limit 851
current timestep 6126
planning flow reduced
plan limit 849
current timestep 6127
planning flow reduced
plan limit 835
current timestep 6128
planning flow reduced
plan limit 852
current timestep 6129
planning flow reduced
plan limit 851
current timestep 6130
planning flow reduced
plan limit 851
current timestep 6131
planning flow reduced
plan limit 852
current timestep 6132
planning flow reduced
plan limit 850
current timestep 6133
planning flow reduced
plan limit 849
current timestep 6134
planning flow reduced
plan limit 850
current timestep 6135
planning flow reduced
plan limit 850
current timestep 6136
planning flow reduced
plan limit 849
current timestep 6137
planning flow reduced
plan limit 848
current timestep 6138
planning flow reduced
plan limit 850
current timestep 6139
planning flow reduced
plan limit 849
current timestep 6140
planning flow reduced
plan limit 849
current timestep 6141
planning flow reduced
plan limit 845
current timestep 6142
planning flow reduced
plan limit 846
current timestep 6143
planning flow reduced
plan limit 849
current timestep 6144
planning flow reduced
plan limit 846
current timestep 6145
planning flow reduced
plan limit 848
current timestep 6146
planning flow reduced
plan limit 850
current timestep 6147
planning flow reduced
plan limit 849
current timestep 6148
planning flow reduced
plan limit 850
current timestep 6149
planning flow reduced
plan limit 850
current timestep 6150
planning flow reduced
plan limit 850
current timestep 6151
planning flow reduced
plan limit 850
current timestep 6152
planning flow reduced
plan limit 850
current timestep 6153
planning flow reduced
plan limit 850
current timestep 6154
planning flow reduced
plan limit 849
current timestep 6155
planning flow reduced
plan limit 843
current timestep 6156
planning flow reduced
plan limit 849
current timestep 6157
planning flow reduced
plan limit 850
current timestep 6158
planning flow reduced
plan limit 850
current timestep 6159
planning flow reduced
plan limit 848
current timestep 6160
planning flow reduced
plan limit 850
current timestep 6161
planning flow reduced
plan limit 851
current timestep 6162
planning flow reduced
plan limit 850
current timestep 6163
planning flow reduced
plan limit 850
current timestep 6164
planning flow reduced
plan limit 849
current timestep 6165
planning flow reduced
plan limit 847
current timestep 6166
planning flow reduced
plan limit 849
current timestep 6167
planning flow reduced
plan limit 849
current timestep 6168
planning flow reduced
plan limit 849
current timestep 6169
planning flow reduced
plan limit 849
current timestep 6170
planning flow reduced
plan limit 849
current timestep 6171
planning flow reduced
plan limit 849
current timestep 6172
planning flow reduced
plan limit 848
current timestep 6173
planning flow reduced
plan limit 850
current timestep 6174
planning flow reduced
plan limit 849
current timestep 6175
planning flow reduced
plan limit 849
current timestep 6176
planning flow reduced
plan limit 845
current timestep 6177
planning flow reduced
plan limit 848
current timestep 6178
planning flow reduced
plan limit 842
current timestep 6179
planning flow reduced
plan limit 851
current timestep 6180
planning flow reduced
plan limit 851
current timestep 6181
planning flow reduced
plan limit 851
current timestep 6182
planning flow reduced
plan limit 850
current timestep 6183
planning flow reduced
plan limit 851
current timestep 6184
planning flow reduced
plan limit 850
current timestep 6185
planning flow reduced
plan limit 850
current timestep 6186
planning flow reduced
plan limit 832
current timestep 6187
planning flow reduced
plan limit 834
current timestep 6188
planning flow reduced
plan limit 849
current timestep 6189
planning flow reduced
plan limit 849
current timestep 6190
planning flow reduced
plan limit 843
current timestep 6191
planning flow reduced
plan limit 849
current timestep 6192
planning flow reduced
plan limit 847
current timestep 6193
planning flow reduced
plan limit 849
current timestep 6194
planning flow reduced
plan limit 849
current timestep 6195
planning flow reduced
plan limit 850
current timestep 6196
planning flow reduced
plan limit 850
current timestep 6197
planning flow reduced
plan limit 848
current timestep 6198
planning flow reduced
plan limit 849
current timestep 6199
planning flow reduced
plan limit 847
current timestep 6200
planning flow reduced
plan limit 850
current timestep 6201
planning flow reduced
plan limit 849
current timestep 6202
planning flow reduced
plan limit 846
current timestep 6203
planning flow reduced
plan limit 848
current timestep 6204
planning flow reduced
plan limit 849
current timestep 6205
planning flow reduced
plan limit 848
current timestep 6206
planning flow reduced
plan limit 849
current timestep 6207
planning flow reduced
plan limit 850
current timestep 6208
planning flow reduced
plan limit 849
current timestep 6209
planning flow reduced
plan limit 851
current timestep 6210
planning flow reduced
plan limit 850
current timestep 6211
planning flow reduced
plan limit 850
current timestep 6212
planning flow reduced
plan limit 847
current timestep 6213
planning flow reduced
plan limit 846
current timestep 6214
planning flow reduced
plan limit 846
current timestep 6215
planning flow reduced
plan limit 850
current timestep 6216
planning flow reduced
plan limit 850
current timestep 6217
planning flow reduced
plan limit 851
current timestep 6218
planning flow reduced
plan limit 849
current timestep 6219
planning flow reduced
plan limit 851
current timestep 6220
planning flow reduced
plan limit 849
current timestep 6221
planning flow reduced
plan limit 850
current timestep 6222
planning flow reduced
plan limit 849
current timestep 6223
planning flow reduced
plan limit 849
current timestep 6224
planning flow reduced
plan limit 851
current timestep 6225
planning flow reduced
plan limit 849
current timestep 6226
planning flow reduced
plan limit 845
current timestep 6227
planning flow reduced
plan limit 849
current timestep 6228
planning flow reduced
plan limit 850
current timestep 6229
planning flow reduced
plan limit 850
current timestep 6230
planning flow reduced
plan limit 847
current timestep 6231
planning flow reduced
plan limit 846
current timestep 6232
planning flow reduced
plan limit 849
current timestep 6233
planning flow reduced
plan limit 850
current timestep 6234
planning flow reduced
plan limit 851
current timestep 6235
planning flow reduced
plan limit 849
current timestep 6236
planning flow reduced
plan limit 847
current timestep 6237
planning flow reduced
plan limit 848
current timestep 6238
planning flow reduced
plan limit 848
current timestep 6239
planning flow reduced
plan limit 851
current timestep 6240
planning flow reduced
plan limit 851
current timestep 6241
planning flow reduced
plan limit 850
current timestep 6242
planning flow reduced
plan limit 845
current timestep 6243
planning flow reduced
plan limit 847
current timestep 6244
planning flow reduced
plan limit 848
current timestep 6245
planning flow reduced
plan limit 848
current timestep 6246
planning flow reduced
plan limit 844
current timestep 6247
planning flow reduced
plan limit 849
current timestep 6248
planning flow reduced
plan limit 848
current timestep 6249
planning flow reduced
plan limit 846
current timestep 6250
planning flow reduced
plan limit 848
current timestep 6251
planning flow reduced
plan limit 845
current timestep 6252
planning flow reduced
plan limit 850
current timestep 6253
planning flow reduced
plan limit 849
current timestep 6254
planning flow reduced
plan limit 849
current timestep 6255
planning flow reduced
plan limit 850
current timestep 6256
planning flow reduced
plan limit 849
current timestep 6257
planning flow reduced
plan limit 850
current timestep 6258
planning flow reduced
plan limit 826
current timestep 6259
planning flow reduced
plan limit 849
current timestep 6260
planning flow reduced
plan limit 850
current timestep 6261
planning flow reduced
plan limit 847
current timestep 6262
planning flow reduced
plan limit 850
current timestep 6263
planning flow reduced
plan limit 848
current timestep 6264
planning flow reduced
plan limit 850
current timestep 6265
planning flow reduced
plan limit 849
current timestep 6266
planning flow reduced
plan limit 849
current timestep 6267
planning flow reduced
plan limit 847
current timestep 6268
planning flow reduced
plan limit 849
current timestep 6269
planning flow reduced
plan limit 847
current timestep 6270
planning flow reduced
plan limit 844
current timestep 6271
planning flow reduced
plan limit 847
current timestep 6272
planning flow reduced
plan limit 849
current timestep 6273
planning flow reduced
plan limit 846
current timestep 6274
planning flow reduced
plan limit 846
current timestep 6275
planning flow reduced
plan limit 845
current timestep 6276
planning flow reduced
plan limit 850
current timestep 6277
planning flow reduced
plan limit 848
current timestep 6278
planning flow reduced
plan limit 850
current timestep 6279
planning flow reduced
plan limit 845
current timestep 6280
planning flow reduced
plan limit 848
current timestep 6281
planning flow reduced
plan limit 846
current timestep 6282
planning flow reduced
plan limit 851
current timestep 6283
planning flow reduced
plan limit 848
current timestep 6284
planning flow reduced
plan limit 851
current timestep 6285
planning flow reduced
plan limit 846
current timestep 6286
planning flow reduced
plan limit 847
current timestep 6287
planning flow reduced
plan limit 844
current timestep 6288
planning flow reduced
plan limit 844
current timestep 6289
planning flow reduced
plan limit 848
current timestep 6290
planning flow reduced
plan limit 849
current timestep 6291
planning flow reduced
plan limit 848
current timestep 6292
planning flow reduced
plan limit 844
current timestep 6293
planning flow reduced
plan limit 848
current timestep 6294
planning flow reduced
plan limit 842
current timestep 6295
planning flow reduced
plan limit 845
current timestep 6296
planning flow reduced
plan limit 840
current timestep 6297
planning flow reduced
plan limit 848
current timestep 6298
planning flow reduced
plan limit 847
current timestep 6299
planning flow reduced
plan limit 851
current timestep 6300
planning flow reduced
plan limit 841
current timestep 6301
planning flow reduced
plan limit 849
current timestep 6302
planning flow reduced
plan limit 847
current timestep 6303
planning flow reduced
plan limit 849
current timestep 6304
planning flow reduced
plan limit 847
current timestep 6305
planning flow reduced
plan limit 850
current timestep 6306
planning flow reduced
plan limit 848
current timestep 6307
planning flow reduced
plan limit 849
current timestep 6308
planning flow reduced
plan limit 850
current timestep 6309
planning flow reduced
plan limit 850
current timestep 6310
planning flow reduced
plan limit 850
current timestep 6311
planning flow reduced
plan limit 848
current timestep 6312
planning flow reduced
plan limit 849
current timestep 6313
planning flow reduced
plan limit 849
current timestep 6314
planning flow reduced
plan limit 847
current timestep 6315
planning flow reduced
plan limit 848
current timestep 6316
planning flow reduced
plan limit 848
current timestep 6317
planning flow reduced
plan limit 849
current timestep 6318
planning flow reduced
plan limit 850
current timestep 6319
planning flow reduced
plan limit 849
current timestep 6320
planning flow reduced
plan limit 847
current timestep 6321
planning flow reduced
plan limit 848
current timestep 6322
planning flow reduced
plan limit 849
current timestep 6323
planning flow reduced
plan limit 848
current timestep 6324
planning flow reduced
plan limit 849
current timestep 6325
planning flow reduced
plan limit 850
current timestep 6326
planning flow reduced
plan limit 849
current timestep 6327
planning flow reduced
plan limit 846
current timestep 6328
planning flow reduced
plan limit 844
current timestep 6329
planning flow reduced
plan limit 847
current timestep 6330
planning flow reduced
plan limit 849
current timestep 6331
planning flow reduced
plan limit 850
current timestep 6332
planning flow reduced
plan limit 847
current timestep 6333
planning flow reduced
plan limit 845
current timestep 6334
planning flow reduced
plan limit 841
current timestep 6335
planning flow reduced
plan limit 846
current timestep 6336
planning flow reduced
plan limit 849
current timestep 6337
planning flow reduced
plan limit 850
current timestep 6338
planning flow reduced
plan limit 847
current timestep 6339
planning flow reduced
plan limit 848
current timestep 6340
planning flow reduced
plan limit 846
current timestep 6341
planning flow reduced
plan limit 850
current timestep 6342
planning flow reduced
plan limit 848
current timestep 6343
planning flow reduced
plan limit 845
current timestep 6344
planning flow reduced
plan limit 849
current timestep 6345
planning flow reduced
plan limit 845
current timestep 6346
planning flow reduced
plan limit 848
current timestep 6347
planning flow reduced
plan limit 842
current timestep 6348
planning flow reduced
plan limit 847
current timestep 6349
planning flow reduced
plan limit 850
current timestep 6350
planning flow reduced
plan limit 849
current timestep 6351
planning flow reduced
plan limit 850
current timestep 6352
planning flow reduced
plan limit 848
current timestep 6353
planning flow reduced
plan limit 833
current timestep 6354
planning flow reduced
plan limit 848
current timestep 6355
planning flow reduced
plan limit 842
current timestep 6356
planning flow reduced
plan limit 849
current timestep 6357
planning flow reduced
plan limit 848
current timestep 6358
planning flow reduced
plan limit 847
current timestep 6359
planning flow reduced
plan limit 848
current timestep 6360
planning flow reduced
plan limit 840
current timestep 6361
planning flow reduced
plan limit 848
current timestep 6362
planning flow reduced
plan limit 844
current timestep 6363
planning flow reduced
plan limit 845
current timestep 6364
planning flow reduced
plan limit 848
current timestep 6365
planning flow reduced
plan limit 850
current timestep 6366
planning flow reduced
plan limit 850
current timestep 6367
planning flow reduced
plan limit 849
current timestep 6368
planning flow reduced
plan limit 849
current timestep 6369
planning flow reduced
plan limit 847
current timestep 6370
planning flow reduced
plan limit 850
current timestep 6371
planning flow reduced
plan limit 849
current timestep 6372
planning flow reduced
plan limit 850
current timestep 6373
planning flow reduced
plan limit 848
current timestep 6374
planning flow reduced
plan limit 843
current timestep 6375
planning flow reduced
plan limit 848
current timestep 6376
planning flow reduced
plan limit 840
current timestep 6377
planning flow reduced
plan limit 848
current timestep 6378
planning flow reduced
plan limit 840
current timestep 6379
planning flow reduced
plan limit 847
current timestep 6380
planning flow reduced
plan limit 845
current timestep 6381
planning flow reduced
plan limit 848
current timestep 6382
planning flow reduced
plan limit 848
current timestep 6383
planning flow reduced
plan limit 848
current timestep 6384
planning flow reduced
plan limit 849
current timestep 6385
planning flow reduced
plan limit 845
current timestep 6386
planning flow reduced
plan limit 847
current timestep 6387
planning flow reduced
plan limit 838
current timestep 6388
planning flow reduced
plan limit 845
current timestep 6389
planning flow reduced
plan limit 849
current timestep 6390
planning flow reduced
plan limit 843
current timestep 6391
planning flow reduced
plan limit 843
current timestep 6392
planning flow reduced
plan limit 842
current timestep 6393
planning flow reduced
plan limit 849
current timestep 6394
planning flow reduced
plan limit 850
current timestep 6395
planning flow reduced
plan limit 849
current timestep 6396
planning flow reduced
plan limit 848
current timestep 6397
planning flow reduced
plan limit 849
current timestep 6398
planning flow reduced
plan limit 849
current timestep 6399
planning flow reduced
plan limit 849
current timestep 6400
planning flow reduced
plan limit 851
current timestep 6401
planning flow reduced
plan limit 843
current timestep 6402
planning flow reduced
plan limit 849
current timestep 6403
planning flow reduced
plan limit 850
current timestep 6404
planning flow reduced
plan limit 846
current timestep 6405
planning flow reduced
plan limit 839
current timestep 6406
planning flow reduced
plan limit 844
current timestep 6407
planning flow reduced
plan limit 848
current timestep 6408
planning flow reduced
plan limit 841
current timestep 6409
planning flow reduced
plan limit 851
current timestep 6410
planning flow reduced
plan limit 847
current timestep 6411
planning flow reduced
plan limit 847
current timestep 6412
planning flow reduced
plan limit 844
current timestep 6413
planning flow reduced
plan limit 846
current timestep 6414
planning flow reduced
plan limit 843
current timestep 6415
planning flow reduced
plan limit 845
current timestep 6416
planning flow reduced
plan limit 848
current timestep 6417
planning flow reduced
plan limit 851
current timestep 6418
planning flow reduced
plan limit 848
current timestep 6419
planning flow reduced
plan limit 850
current timestep 6420
planning flow reduced
plan limit 851
current timestep 6421
planning flow reduced
plan limit 849
current timestep 6422
planning flow reduced
plan limit 850
current timestep 6423
planning flow reduced
plan limit 850
current timestep 6424
planning flow reduced
plan limit 848
current timestep 6425
planning flow reduced
plan limit 844
current timestep 6426
planning flow reduced
plan limit 850
current timestep 6427
planning flow reduced
plan limit 850
current timestep 6428
planning flow reduced
plan limit 850
current timestep 6429
planning flow reduced
plan limit 850
current timestep 6430
planning flow reduced
plan limit 805
current timestep 6431
planning flow reduced
plan limit 844
current timestep 6432
planning flow reduced
plan limit 846
current timestep 6433
planning flow reduced
plan limit 847
current timestep 6434
planning flow reduced
plan limit 849
current timestep 6435
planning flow reduced
plan limit 849
current timestep 6436
planning flow reduced
plan limit 849
current timestep 6437
planning flow reduced
plan limit 841
current timestep 6438
planning flow reduced
plan limit 845
current timestep 6439
planning flow reduced
plan limit 849
current timestep 6440
planning flow reduced
plan limit 850
current timestep 6441
planning flow reduced
plan limit 849
current timestep 6442
planning flow reduced
plan limit 848
current timestep 6443
planning flow reduced
plan limit 848
current timestep 6444
planning flow reduced
plan limit 848
current timestep 6445
planning flow reduced
plan limit 844
current timestep 6446
planning flow reduced
plan limit 850
current timestep 6447
planning flow reduced
plan limit 841
current timestep 6448
planning flow reduced
plan limit 846
current timestep 6449
planning flow reduced
plan limit 812
current timestep 6450
planning flow reduced
plan limit 830
current timestep 6451
planning flow reduced
plan limit 834
current timestep 6452
planning flow reduced
plan limit 839
current timestep 6453
planning flow reduced
plan limit 831
current timestep 6454
planning flow reduced
plan limit 831
current timestep 6455
planning flow reduced
plan limit 810
current timestep 6456
planning flow reduced
plan limit 847
current timestep 6457
planning flow reduced
plan limit 846
current timestep 6458
planning flow reduced
plan limit 850
current timestep 6459
planning flow reduced
plan limit 850
current timestep 6460
planning flow reduced
plan limit 850
current timestep 6461
planning flow reduced
plan limit 848
current timestep 6462
planning flow reduced
plan limit 847
current timestep 6463
planning flow reduced
plan limit 843
current timestep 6464
planning flow reduced
plan limit 849
current timestep 6465
planning flow reduced
plan limit 849
current timestep 6466
planning flow reduced
plan limit 850
current timestep 6467
planning flow reduced
plan limit 844
current timestep 6468
planning flow reduced
plan limit 843
current timestep 6469
planning flow reduced
plan limit 843
current timestep 6470
planning flow reduced
plan limit 847
current timestep 6471
planning flow reduced
plan limit 848
current timestep 6472
planning flow reduced
plan limit 843
current timestep 6473
planning flow reduced
plan limit 849
current timestep 6474
planning flow reduced
plan limit 846
current timestep 6475
planning flow reduced
plan limit 849
current timestep 6476
planning flow reduced
plan limit 849
current timestep 6477
planning flow reduced
plan limit 846
current timestep 6478
planning flow reduced
plan limit 846
current timestep 6479
planning flow reduced
plan limit 844
current timestep 6480
planning flow reduced
plan limit 848
current timestep 6481
planning flow reduced
plan limit 848
current timestep 6482
planning flow reduced
plan limit 850
current timestep 6483
planning flow reduced
plan limit 841
current timestep 6484
planning flow reduced
plan limit 845
current timestep 6485
planning flow reduced
plan limit 842
current timestep 6486
planning flow reduced
plan limit 844
current timestep 6487
planning flow reduced
plan limit 850
current timestep 6488
planning flow reduced
plan limit 850
current timestep 6489
planning flow reduced
plan limit 850
current timestep 6490
planning flow reduced
plan limit 845
current timestep 6491
planning flow reduced
plan limit 845
current timestep 6492
planning flow reduced
plan limit 848
current timestep 6493
planning flow reduced
plan limit 849
current timestep 6494
planning flow reduced
plan limit 849
current timestep 6495
planning flow reduced
plan limit 846
current timestep 6496
planning flow reduced
plan limit 846
current timestep 6497
planning flow reduced
plan limit 846
current timestep 6498
planning flow reduced
plan limit 847
current timestep 6499
planning flow reduced
plan limit 843
current timestep 6500
planning flow reduced
plan limit 847
current timestep 6501
planning flow reduced
plan limit 846
current timestep 6502
planning flow reduced
plan limit 841
current timestep 6503
planning flow reduced
plan limit 846
current timestep 6504
planning flow reduced
plan limit 848
current timestep 6505
planning flow reduced
plan limit 851
current timestep 6506
planning flow reduced
plan limit 846
current timestep 6507
planning flow reduced
plan limit 848
current timestep 6508
planning flow reduced
plan limit 850
current timestep 6509
planning flow reduced
plan limit 848
current timestep 6510
planning flow reduced
plan limit 845
current timestep 6511
planning flow reduced
plan limit 837
current timestep 6512
planning flow reduced
plan limit 836
current timestep 6513
planning flow reduced
plan limit 851
current timestep 6514
planning flow reduced
plan limit 844
current timestep 6515
planning flow reduced
plan limit 847
current timestep 6516
planning flow reduced
plan limit 847
current timestep 6517
planning flow reduced
plan limit 847
current timestep 6518
planning flow reduced
plan limit 846
current timestep 6519
planning flow reduced
plan limit 847
current timestep 6520
planning flow reduced
plan limit 846
current timestep 6521
planning flow reduced
plan limit 848
current timestep 6522
planning flow reduced
plan limit 848
current timestep 6523
planning flow reduced
plan limit 840
current timestep 6524
planning flow reduced
plan limit 847
current timestep 6525
planning flow reduced
plan limit 848
current timestep 6526
planning flow reduced
plan limit 846
current timestep 6527
planning flow reduced
plan limit 851
current timestep 6528
planning flow reduced
plan limit 849
current timestep 6529
planning flow reduced
plan limit 844
current timestep 6530
planning flow reduced
plan limit 847
current timestep 6531
planning flow reduced
plan limit 846
current timestep 6532
planning flow reduced
plan limit 850
current timestep 6533
planning flow reduced
plan limit 846
current timestep 6534
planning flow reduced
plan limit 848
current timestep 6535
planning flow reduced
plan limit 850
current timestep 6536
planning flow reduced
plan limit 844
current timestep 6537
planning flow reduced
plan limit 851
current timestep 6538
planning flow reduced
plan limit 845
current timestep 6539
planning flow reduced
plan limit 847
current timestep 6540
planning flow reduced
plan limit 847
current timestep 6541
planning flow reduced
plan limit 847
current timestep 6542
planning flow reduced
plan limit 844
current timestep 6543
planning flow reduced
plan limit 849
current timestep 6544
planning flow reduced
plan limit 848
current timestep 6545
planning flow reduced
plan limit 848
current timestep 6546
planning flow reduced
plan limit 842
current timestep 6547
planning flow reduced
plan limit 846
current timestep 6548
planning flow reduced
plan limit 846
current timestep 6549
planning flow reduced
plan limit 849
current timestep 6550
planning flow reduced
plan limit 849
current timestep 6551
planning flow reduced
plan limit 850
current timestep 6552
planning flow reduced
plan limit 851
current timestep 6553
planning flow reduced
plan limit 844
current timestep 6554
planning flow reduced
plan limit 849
current timestep 6555
planning flow reduced
plan limit 846
current timestep 6556
planning flow reduced
plan limit 848
current timestep 6557
planning flow reduced
plan limit 849
current timestep 6558
planning flow reduced
plan limit 848
current timestep 6559
planning flow reduced
plan limit 838
current timestep 6560
planning flow reduced
plan limit 849
current timestep 6561
planning flow reduced
plan limit 851
current timestep 6562
planning flow reduced
plan limit 845
current timestep 6563
planning flow reduced
plan limit 850
current timestep 6564
planning flow reduced
plan limit 847
current timestep 6565
planning flow reduced
plan limit 835
current timestep 6566
planning flow reduced
plan limit 851
current timestep 6567
planning flow reduced
plan limit 844
current timestep 6568
planning flow reduced
plan limit 849
current timestep 6569
planning flow reduced
plan limit 846
current timestep 6570
planning flow reduced
plan limit 848
current timestep 6571
planning flow reduced
plan limit 847
current timestep 6572
planning flow reduced
plan limit 846
current timestep 6573
planning flow reduced
plan limit 844
current timestep 6574
planning flow reduced
plan limit 846
current timestep 6575
planning flow reduced
plan limit 847
current timestep 6576
planning flow reduced
plan limit 845
current timestep 6577
planning flow reduced
plan limit 842
current timestep 6578
planning flow reduced
plan limit 846
current timestep 6579
planning flow reduced
plan limit 848
current timestep 6580
planning flow reduced
plan limit 845
current timestep 6581
planning flow reduced
plan limit 842
current timestep 6582
planning flow reduced
plan limit 843
current timestep 6583
planning flow reduced
plan limit 843
current timestep 6584
planning flow reduced
plan limit 838
current timestep 6585
planning flow reduced
plan limit 833
current timestep 6586
planning flow reduced
plan limit 844
current timestep 6587
planning flow reduced
plan limit 844
current timestep 6588
planning flow reduced
plan limit 844
current timestep 6589
planning flow reduced
plan limit 850
current timestep 6590
planning flow reduced
plan limit 849
current timestep 6591
planning flow reduced
plan limit 846
current timestep 6592
planning flow reduced
plan limit 841
current timestep 6593
planning flow reduced
plan limit 849
current timestep 6594
planning flow reduced
plan limit 822
current timestep 6595
planning flow reduced
plan limit 800
current timestep 6596
planning flow reduced
plan limit 826
current timestep 6597
planning flow reduced
plan limit 843
current timestep 6598
planning flow reduced
plan limit 850
current timestep 6599
planning flow reduced
plan limit 842
current timestep 6600
planning flow reduced
plan limit 850
current timestep 6601
planning flow reduced
plan limit 849
current timestep 6602
planning flow reduced
plan limit 848
current timestep 6603
planning flow reduced
plan limit 846
current timestep 6604
planning flow reduced
plan limit 845
current timestep 6605
planning flow reduced
plan limit 852
current timestep 6606
planning flow reduced
plan limit 846
current timestep 6607
planning flow reduced
plan limit 839
current timestep 6608
planning flow reduced
plan limit 847
current timestep 6609
planning flow reduced
plan limit 849
current timestep 6610
planning flow reduced
plan limit 843
current timestep 6611
planning flow reduced
plan limit 836
current timestep 6612
planning flow reduced
plan limit 839
current timestep 6613
planning flow reduced
plan limit 849
current timestep 6614
planning flow reduced
plan limit 852
current timestep 6615
planning flow reduced
plan limit 848
current timestep 6616
planning flow reduced
plan limit 849
current timestep 6617
planning flow reduced
plan limit 850
current timestep 6618
planning flow reduced
plan limit 845
current timestep 6619
planning flow reduced
plan limit 851
current timestep 6620
planning flow reduced
plan limit 849
current timestep 6621
planning flow reduced
plan limit 847
current timestep 6622
planning flow reduced
plan limit 845
current timestep 6623
planning flow reduced
plan limit 850
current timestep 6624
planning flow reduced
plan limit 848
current timestep 6625
planning flow reduced
plan limit 848
current timestep 6626
planning flow reduced
plan limit 846
current timestep 6627
planning flow reduced
plan limit 845
current timestep 6628
planning flow reduced
plan limit 848
current timestep 6629
planning flow reduced
plan limit 848
current timestep 6630
planning flow reduced
plan limit 849
current timestep 6631
planning flow reduced
plan limit 848
current timestep 6632
planning flow reduced
plan limit 847
current timestep 6633
planning flow reduced
plan limit 846
current timestep 6634
planning flow reduced
plan limit 851
current timestep 6635
planning flow reduced
plan limit 848
current timestep 6636
planning flow reduced
plan limit 846
current timestep 6637
planning flow reduced
plan limit 847
current timestep 6638
planning flow reduced
plan limit 849
current timestep 6639
planning flow reduced
plan limit 848
current timestep 6640
planning flow reduced
plan limit 848
current timestep 6641
planning flow reduced
plan limit 847
current timestep 6642
planning flow reduced
plan limit 846
current timestep 6643
planning flow reduced
plan limit 848
current timestep 6644
planning flow reduced
plan limit 847
current timestep 6645
planning flow reduced
plan limit 848
current timestep 6646
planning flow reduced
plan limit 848
current timestep 6647
planning flow reduced
plan limit 850
current timestep 6648
planning flow reduced
plan limit 843
current timestep 6649
planning flow reduced
plan limit 839
current timestep 6650
planning flow reduced
plan limit 839
current timestep 6651
planning flow reduced
plan limit 843
current timestep 6652
planning flow reduced
plan limit 843
current timestep 6653
planning flow reduced
plan limit 845
current timestep 6654
planning flow reduced
plan limit 846
current timestep 6655
planning flow reduced
plan limit 847
current timestep 6656
planning flow reduced
plan limit 834
current timestep 6657
planning flow reduced
plan limit 843
current timestep 6658
planning flow reduced
plan limit 843
current timestep 6659
planning flow reduced
plan limit 846
current timestep 6660
planning flow reduced
plan limit 850
current timestep 6661
planning flow reduced
plan limit 848
current timestep 6662
planning flow reduced
plan limit 849
current timestep 6663
planning flow reduced
plan limit 847
current timestep 6664
planning flow reduced
plan limit 845
current timestep 6665
planning flow reduced
plan limit 844
current timestep 6666
planning flow reduced
plan limit 845
current timestep 6667
planning flow reduced
plan limit 849
current timestep 6668
planning flow reduced
plan limit 850
current timestep 6669
planning flow reduced
plan limit 850
current timestep 6670
planning flow reduced
plan limit 846
current timestep 6671
planning flow reduced
plan limit 849
current timestep 6672
planning flow reduced
plan limit 850
current timestep 6673
planning flow reduced
plan limit 849
current timestep 6674
planning flow reduced
plan limit 850
current timestep 6675
planning flow reduced
plan limit 850
current timestep 6676
planning flow reduced
plan limit 848
current timestep 6677
planning flow reduced
plan limit 849
current timestep 6678
planning flow reduced
plan limit 845
current timestep 6679
planning flow reduced
plan limit 847
current timestep 6680
planning flow reduced
plan limit 843
current timestep 6681
planning flow reduced
plan limit 848
current timestep 6682
planning flow reduced
plan limit 848
current timestep 6683
planning flow reduced
plan limit 850
current timestep 6684
planning flow reduced
plan limit 850
current timestep 6685
planning flow reduced
plan limit 847
current timestep 6686
planning flow reduced
plan limit 845
current timestep 6687
planning flow reduced
plan limit 849
current timestep 6688
planning flow reduced
plan limit 847
current timestep 6689
planning flow reduced
plan limit 849
current timestep 6690
planning flow reduced
plan limit 848
current timestep 6691
planning flow reduced
plan limit 845
current timestep 6692
planning flow reduced
plan limit 845
current timestep 6693
planning flow reduced
plan limit 850
current timestep 6694
planning flow reduced
plan limit 847
current timestep 6695
planning flow reduced
plan limit 852
current timestep 6696
planning flow reduced
plan limit 849
current timestep 6697
planning flow reduced
plan limit 848
current timestep 6698
planning flow reduced
plan limit 847
current timestep 6699
planning flow reduced
plan limit 849
current timestep 6700
planning flow reduced
plan limit 850
current timestep 6701
planning flow reduced
plan limit 845
current timestep 6702
planning flow reduced
plan limit 848
current timestep 6703
planning flow reduced
plan limit 850
current timestep 6704
planning flow reduced
plan limit 849
current timestep 6705
planning flow reduced
plan limit 845
current timestep 6706
planning flow reduced
plan limit 849
current timestep 6707
planning flow reduced
plan limit 845
current timestep 6708
planning flow reduced
plan limit 849
current timestep 6709
planning flow reduced
plan limit 847
current timestep 6710
planning flow reduced
plan limit 850
current timestep 6711
planning flow reduced
plan limit 849
current timestep 6712
planning flow reduced
plan limit 849
current timestep 6713
planning flow reduced
plan limit 850
current timestep 6714
planning flow reduced
plan limit 845
current timestep 6715
planning flow reduced
plan limit 843
current timestep 6716
planning flow reduced
plan limit 848
current timestep 6717
planning flow reduced
plan limit 850
current timestep 6718
planning flow reduced
plan limit 849
current timestep 6719
planning flow reduced
plan limit 849
current timestep 6720
planning flow reduced
plan limit 843
current timestep 6721
planning flow reduced
plan limit 833
current timestep 6722
planning flow reduced
plan limit 849
current timestep 6723
planning flow reduced
plan limit 851
current timestep 6724
planning flow reduced
plan limit 849
current timestep 6725
planning flow reduced
plan limit 845
current timestep 6726
planning flow reduced
plan limit 848
current timestep 6727
planning flow reduced
plan limit 849
current timestep 6728
planning flow reduced
plan limit 849
current timestep 6729
planning flow reduced
plan limit 850
current timestep 6730
planning flow reduced
plan limit 850
current timestep 6731
planning flow reduced
plan limit 848
current timestep 6732
planning flow reduced
plan limit 849
current timestep 6733
planning flow reduced
plan limit 847
current timestep 6734
planning flow reduced
plan limit 848
current timestep 6735
planning flow reduced
plan limit 849
current timestep 6736
planning flow reduced
plan limit 849
current timestep 6737
planning flow reduced
plan limit 847
current timestep 6738
planning flow reduced
plan limit 847
current timestep 6739
planning flow reduced
plan limit 847
current timestep 6740
planning flow reduced
plan limit 849
current timestep 6741
planning flow reduced
plan limit 850
current timestep 6742
planning flow reduced
plan limit 844
current timestep 6743
planning flow reduced
plan limit 845
current timestep 6744
planning flow reduced
plan limit 851
current timestep 6745
planning flow reduced
plan limit 844
current timestep 6746
planning flow reduced
plan limit 847
current timestep 6747
planning flow reduced
plan limit 843
current timestep 6748
planning flow reduced
plan limit 843
current timestep 6749
planning flow reduced
plan limit 850
current timestep 6750
planning flow reduced
plan limit 848
current timestep 6751
planning flow reduced
plan limit 842
current timestep 6752
planning flow reduced
plan limit 841
current timestep 6753
planning flow reduced
plan limit 846
current timestep 6754
planning flow reduced
plan limit 850
current timestep 6755
planning flow reduced
plan limit 848
current timestep 6756
planning flow reduced
plan limit 846
current timestep 6757
planning flow reduced
plan limit 848
current timestep 6758
planning flow reduced
plan limit 851
current timestep 6759
planning flow reduced
plan limit 841
current timestep 6760
planning flow reduced
plan limit 847
current timestep 6761
planning flow reduced
plan limit 849
current timestep 6762
planning flow reduced
plan limit 850
current timestep 6763
planning flow reduced
plan limit 850
current timestep 6764
planning flow reduced
plan limit 852
current timestep 6765
planning flow reduced
plan limit 844
current timestep 6766
planning flow reduced
plan limit 848
current timestep 6767
planning flow reduced
plan limit 846
current timestep 6768
planning flow reduced
plan limit 851
current timestep 6769
planning flow reduced
plan limit 849
current timestep 6770
planning flow reduced
plan limit 846
current timestep 6771
planning flow reduced
plan limit 850
current timestep 6772
planning flow reduced
plan limit 849
current timestep 6773
planning flow reduced
plan limit 847
current timestep 6774
planning flow reduced
plan limit 851
current timestep 6775
planning flow reduced
plan limit 848
current timestep 6776
planning flow reduced
plan limit 848
current timestep 6777
planning flow reduced
plan limit 849
current timestep 6778
planning flow reduced
plan limit 847
current timestep 6779
planning flow reduced
plan limit 849
current timestep 6780
planning flow reduced
plan limit 849
current timestep 6781
planning flow reduced
plan limit 847
current timestep 6782
planning flow reduced
plan limit 849
current timestep 6783
planning flow reduced
plan limit 847
current timestep 6784
planning flow reduced
plan limit 845
current timestep 6785
planning flow reduced
plan limit 847
current timestep 6786
planning flow reduced
plan limit 848
current timestep 6787
planning flow reduced
plan limit 847
current timestep 6788
planning flow reduced
plan limit 848
current timestep 6789
planning flow reduced
plan limit 849
current timestep 6790
planning flow reduced
plan limit 843
current timestep 6791
planning flow reduced
plan limit 845
current timestep 6792
planning flow reduced
plan limit 850
current timestep 6793
planning flow reduced
plan limit 846
current timestep 6794
planning flow reduced
plan limit 850
current timestep 6795
planning flow reduced
plan limit 848
current timestep 6796
planning flow reduced
plan limit 848
current timestep 6797
planning flow reduced
plan limit 849
current timestep 6798
planning flow reduced
plan limit 849
current timestep 6799
planning flow reduced
plan limit 850
current timestep 6800
planning flow reduced
plan limit 846
current timestep 6801
planning flow reduced
plan limit 846
current timestep 6802
planning flow reduced
plan limit 849
current timestep 6803
planning flow reduced
plan limit 848
current timestep 6804
planning flow reduced
plan limit 849
current timestep 6805
planning flow reduced
plan limit 844
current timestep 6806
planning flow reduced
plan limit 849
current timestep 6807
planning flow reduced
plan limit 848
current timestep 6808
planning flow reduced
plan limit 850
current timestep 6809
planning flow reduced
plan limit 850
current timestep 6810
planning flow reduced
plan limit 848
current timestep 6811
planning flow reduced
plan limit 850
current timestep 6812
planning flow reduced
plan limit 840
current timestep 6813
planning flow reduced
plan limit 845
current timestep 6814
planning flow reduced
plan limit 851
current timestep 6815
planning flow reduced
plan limit 848
current timestep 6816
planning flow reduced
plan limit 849
current timestep 6817
planning flow reduced
plan limit 848
current timestep 6818
planning flow reduced
plan limit 844
current timestep 6819
planning flow reduced
plan limit 847
current timestep 6820
planning flow reduced
plan limit 850
current timestep 6821
planning flow reduced
plan limit 848
current timestep 6822
planning flow reduced
plan limit 851
current timestep 6823
planning flow reduced
plan limit 846
current timestep 6824
planning flow reduced
plan limit 849
current timestep 6825
planning flow reduced
plan limit 845
current timestep 6826
planning flow reduced
plan limit 845
current timestep 6827
planning flow reduced
plan limit 850
current timestep 6828
planning flow reduced
plan limit 850
current timestep 6829
planning flow reduced
plan limit 846
current timestep 6830
planning flow reduced
plan limit 849
current timestep 6831
planning flow reduced
plan limit 847
current timestep 6832
planning flow reduced
plan limit 849
current timestep 6833
planning flow reduced
plan limit 850
current timestep 6834
planning flow reduced
plan limit 847
current timestep 6835
planning flow reduced
plan limit 845
current timestep 6836
planning flow reduced
plan limit 848
current timestep 6837
planning flow reduced
plan limit 848
current timestep 6838
planning flow reduced
plan limit 851
current timestep 6839
planning flow reduced
plan limit 848
current timestep 6840
planning flow reduced
plan limit 850
current timestep 6841
planning flow reduced
plan limit 850
current timestep 6842
planning flow reduced
plan limit 848
current timestep 6843
planning flow reduced
plan limit 850
current timestep 6844
planning flow reduced
plan limit 849
current timestep 6845
planning flow reduced
plan limit 850
current timestep 6846
planning flow reduced
plan limit 848
current timestep 6847
planning flow reduced
plan limit 849
current timestep 6848
planning flow reduced
plan limit 849
current timestep 6849
planning flow reduced
plan limit 848
current timestep 6850
planning flow reduced
plan limit 850
current timestep 6851
planning flow reduced
plan limit 850
current timestep 6852
planning flow reduced
plan limit 849
current timestep 6853
planning flow reduced
plan limit 846
current timestep 6854
planning flow reduced
plan limit 849
current timestep 6855
planning flow reduced
plan limit 850
current timestep 6856
planning flow reduced
plan limit 852
current timestep 6857
planning flow reduced
plan limit 850
current timestep 6858
planning flow reduced
plan limit 850
current timestep 6859
planning flow reduced
plan limit 851
current timestep 6860
planning flow reduced
plan limit 851
current timestep 6861
planning flow reduced
plan limit 850
current timestep 6862
planning flow reduced
plan limit 850
current timestep 6863
planning flow reduced
plan limit 820
current timestep 6864
planning flow reduced
plan limit 850
current timestep 6865
planning flow reduced
plan limit 851
current timestep 6866
planning flow reduced
plan limit 849
current timestep 6867
planning flow reduced
plan limit 849
current timestep 6868
planning flow reduced
plan limit 825
current timestep 6869
planning flow reduced
plan limit 847
current timestep 6870
planning flow reduced
plan limit 850
current timestep 6871
planning flow reduced
plan limit 850
current timestep 6872
planning flow reduced
plan limit 848
current timestep 6873
planning flow reduced
plan limit 849
current timestep 6874
planning flow reduced
plan limit 848
current timestep 6875
planning flow reduced
plan limit 850
current timestep 6876
planning flow reduced
plan limit 850
current timestep 6877
planning flow reduced
plan limit 850
current timestep 6878
planning flow reduced
plan limit 850
current timestep 6879
planning flow reduced
plan limit 849
current timestep 6880
planning flow reduced
plan limit 850
current timestep 6881
planning flow reduced
plan limit 850
current timestep 6882
planning flow reduced
plan limit 849
current timestep 6883
planning flow reduced
plan limit 850
current timestep 6884
planning flow reduced
plan limit 848
current timestep 6885
planning flow reduced
plan limit 849
current timestep 6886
planning flow reduced
plan limit 851
current timestep 6887
planning flow reduced
plan limit 850
current timestep 6888
planning flow reduced
plan limit 850
current timestep 6889
planning flow reduced
plan limit 849
current timestep 6890
planning flow reduced
plan limit 846
current timestep 6891
planning flow reduced
plan limit 849
current timestep 6892
planning flow reduced
plan limit 850
current timestep 6893
planning flow reduced
plan limit 847
current timestep 6894
planning flow reduced
plan limit 851
current timestep 6895
planning flow reduced
plan limit 849
current timestep 6896
planning flow reduced
plan limit 848
current timestep 6897
planning flow reduced
plan limit 848
current timestep 6898
planning flow reduced
plan limit 850
current timestep 6899
planning flow reduced
plan limit 848
current timestep 6900
planning flow reduced
plan limit 848
current timestep 6901
planning flow reduced
plan limit 850
current timestep 6902
planning flow reduced
plan limit 850
current timestep 6903
planning flow reduced
plan limit 847
current timestep 6904
planning flow reduced
plan limit 850
current timestep 6905
planning flow reduced
plan limit 850
current timestep 6906
planning flow reduced
plan limit 850
current timestep 6907
planning flow reduced
plan limit 848
current timestep 6908
planning flow reduced
plan limit 844
current timestep 6909
planning flow reduced
plan limit 852
current timestep 6910
planning flow reduced
plan limit 851
current timestep 6911
planning flow reduced
plan limit 850
current timestep 6912
planning flow reduced
plan limit 851
current timestep 6913
planning flow reduced
plan limit 851
current timestep 6914
planning flow reduced
plan limit 851
current timestep 6915
planning flow reduced
plan limit 849
current timestep 6916
planning flow reduced
plan limit 849
current timestep 6917
planning flow reduced
plan limit 848
current timestep 6918
planning flow reduced
plan limit 848
current timestep 6919
planning flow reduced
plan limit 849
current timestep 6920
planning flow reduced
plan limit 852
current timestep 6921
planning flow reduced
plan limit 850
current timestep 6922
planning flow reduced
plan limit 846
current timestep 6923
planning flow reduced
plan limit 849
current timestep 6924
planning flow reduced
plan limit 849
current timestep 6925
planning flow reduced
plan limit 848
current timestep 6926
planning flow reduced
plan limit 848
current timestep 6927
planning flow reduced
plan limit 846
current timestep 6928
planning flow reduced
plan limit 851
current timestep 6929
planning flow reduced
plan limit 846
current timestep 6930
planning flow reduced
plan limit 831
current timestep 6931
planning flow reduced
plan limit 839
current timestep 6932
planning flow reduced
plan limit 837
current timestep 6933
planning flow reduced
plan limit 837
current timestep 6934
planning flow reduced
plan limit 838
current timestep 6935
planning flow reduced
plan limit 840
current timestep 6936
planning flow reduced
plan limit 835
current timestep 6937
planning flow reduced
plan limit 834
current timestep 6938
planning flow reduced
plan limit 836
current timestep 6939
planning flow reduced
plan limit 837
current timestep 6940
planning flow reduced
plan limit 833
current timestep 6941
planning flow reduced
plan limit 832
current timestep 6942
planning flow reduced
plan limit 829
current timestep 6943
planning flow reduced
plan limit 833
current timestep 6944
planning flow reduced
plan limit 829
current timestep 6945
planning flow reduced
plan limit 838
current timestep 6946
planning flow reduced
plan limit 831
current timestep 6947
planning flow reduced
plan limit 827
current timestep 6948
planning flow reduced
plan limit 838
current timestep 6949
planning flow reduced
plan limit 837
current timestep 6950
planning flow reduced
plan limit 836
current timestep 6951
planning flow reduced
plan limit 833
current timestep 6952
planning flow reduced
plan limit 832
current timestep 6953
planning flow reduced
plan limit 834
current timestep 6954
planning flow reduced
plan limit 833
current timestep 6955
planning flow reduced
plan limit 832
current timestep 6956
planning flow reduced
plan limit 847
current timestep 6957
planning flow reduced
plan limit 848
current timestep 6958
planning flow reduced
plan limit 846
current timestep 6959
planning flow reduced
plan limit 848
current timestep 6960
planning flow reduced
plan limit 848
current timestep 6961
planning flow reduced
plan limit 845
current timestep 6962
planning flow reduced
plan limit 847
current timestep 6963
planning flow reduced
plan limit 847
current timestep 6964
planning flow reduced
plan limit 842
current timestep 6965
planning flow reduced
plan limit 844
current timestep 6966
planning flow reduced
plan limit 843
current timestep 6967
planning flow reduced
plan limit 833
current timestep 6968
planning flow reduced
plan limit 830
current timestep 6969
planning flow reduced
plan limit 837
current timestep 6970
planning flow reduced
plan limit 835
current timestep 6971
planning flow reduced
plan limit 837
current timestep 6972
planning flow reduced
plan limit 835
current timestep 6973
planning flow reduced
plan limit 836
current timestep 6974
planning flow reduced
plan limit 827
current timestep 6975
planning flow reduced
plan limit 836
current timestep 6976
planning flow reduced
plan limit 840
current timestep 6977
planning flow reduced
plan limit 835
current timestep 6978
planning flow reduced
plan limit 835
current timestep 6979
planning flow reduced
plan limit 840
current timestep 6980
planning flow reduced
plan limit 836
current timestep 6981
planning flow reduced
plan limit 840
current timestep 6982
planning flow reduced
plan limit 838
current timestep 6983
planning flow reduced
plan limit 826
current timestep 6984
planning flow reduced
plan limit 836
current timestep 6985
planning flow reduced
plan limit 834
current timestep 6986
planning flow reduced
plan limit 837
current timestep 6987
planning flow reduced
plan limit 832
current timestep 6988
planning flow reduced
plan limit 839
current timestep 6989
planning flow reduced
plan limit 837
current timestep 6990
planning flow reduced
plan limit 836
current timestep 6991
planning flow reduced
plan limit 848
current timestep 6992
planning flow reduced
plan limit 845
current timestep 6993
planning flow reduced
plan limit 846
current timestep 6994
planning flow reduced
plan limit 847
current timestep 6995
planning flow reduced
plan limit 835
current timestep 6996
planning flow reduced
plan limit 838
current timestep 6997
planning flow reduced
plan limit 849
current timestep 6998
planning flow reduced
plan limit 845
current timestep 6999
planning flow reduced
plan limit 842
current timestep 7000
planning flow reduced
plan limit 848
current timestep 7001
planning flow reduced
plan limit 849
current timestep 7002
planning flow reduced
plan limit 849
current timestep 7003
planning flow reduced
plan limit 845
current timestep 7004
planning flow reduced
plan limit 841
current timestep 7005
planning flow reduced
plan limit 830
current timestep 7006
planning flow reduced
plan limit 846
current timestep 7007
planning flow reduced
plan limit 845
current timestep 7008
planning flow reduced
plan limit 847
current timestep 7009
planning flow reduced
plan limit 841
current timestep 7010
planning flow reduced
plan limit 840
current timestep 7011
planning flow reduced
plan limit 845
current timestep 7012
planning flow reduced
plan limit 847
current timestep 7013
planning flow reduced
plan limit 848
current timestep 7014
planning flow reduced
plan limit 846
current timestep 7015
planning flow reduced
plan limit 838
current timestep 7016
planning flow reduced
plan limit 850
current timestep 7017
planning flow reduced
plan limit 843
current timestep 7018
planning flow reduced
plan limit 845
current timestep 7019
planning flow reduced
plan limit 847
current timestep 7020
planning flow reduced
plan limit 849
current timestep 7021
planning flow reduced
plan limit 846
current timestep 7022
planning flow reduced
plan limit 848
current timestep 7023
planning flow reduced
plan limit 836
current timestep 7024
planning flow reduced
plan limit 846
current timestep 7025
planning flow reduced
plan limit 845
current timestep 7026
planning flow reduced
plan limit 847
current timestep 7027
planning flow reduced
plan limit 842
current timestep 7028
planning flow reduced
plan limit 839
current timestep 7029
planning flow reduced
plan limit 851
current timestep 7030
planning flow reduced
plan limit 839
current timestep 7031
planning flow reduced
plan limit 848
current timestep 7032
planning flow reduced
plan limit 848
current timestep 7033
planning flow reduced
plan limit 846
current timestep 7034
planning flow reduced
plan limit 847
current timestep 7035
planning flow reduced
plan limit 848
current timestep 7036
planning flow reduced
plan limit 832
current timestep 7037
planning flow reduced
plan limit 845
current timestep 7038
planning flow reduced
plan limit 828
current timestep 7039
planning flow reduced
plan limit 849
current timestep 7040
planning flow reduced
plan limit 848
current timestep 7041
planning flow reduced
plan limit 841
current timestep 7042
planning flow reduced
plan limit 840
current timestep 7043
planning flow reduced
plan limit 846
current timestep 7044
planning flow reduced
plan limit 846
current timestep 7045
planning flow reduced
plan limit 845
current timestep 7046
planning flow reduced
plan limit 849
current timestep 7047
planning flow reduced
plan limit 847
current timestep 7048
planning flow reduced
plan limit 849
current timestep 7049
planning flow reduced
plan limit 850
current timestep 7050
planning flow reduced
plan limit 849
current timestep 7051
planning flow reduced
plan limit 850
current timestep 7052
planning flow reduced
plan limit 850
current timestep 7053
planning flow reduced
plan limit 851
current timestep 7054
planning flow reduced
plan limit 843
current timestep 7055
planning flow reduced
plan limit 846
current timestep 7056
planning flow reduced
plan limit 848
current timestep 7057
planning flow reduced
plan limit 836
current timestep 7058
planning flow reduced
plan limit 849
current timestep 7059
planning flow reduced
plan limit 833
current timestep 7060
planning flow reduced
plan limit 843
current timestep 7061
planning flow reduced
plan limit 843
current timestep 7062
planning flow reduced
plan limit 844
current timestep 7063
planning flow reduced
plan limit 847
current timestep 7064
planning flow reduced
plan limit 849
current timestep 7065
planning flow reduced
plan limit 850
current timestep 7066
planning flow reduced
plan limit 851
current timestep 7067
planning flow reduced
plan limit 847
current timestep 7068
planning flow reduced
plan limit 843
current timestep 7069
planning flow reduced
plan limit 844
current timestep 7070
planning flow reduced
plan limit 846
current timestep 7071
planning flow reduced
plan limit 851
current timestep 7072
planning flow reduced
plan limit 850
current timestep 7073
planning flow reduced
plan limit 850
current timestep 7074
planning flow reduced
plan limit 848
current timestep 7075
planning flow reduced
plan limit 850
current timestep 7076
planning flow reduced
plan limit 847
current timestep 7077
planning flow reduced
plan limit 847
current timestep 7078
planning flow reduced
plan limit 848
current timestep 7079
planning flow reduced
plan limit 848
current timestep 7080
planning flow reduced
plan limit 848
current timestep 7081
planning flow reduced
plan limit 849
current timestep 7082
planning flow reduced
plan limit 850
current timestep 7083
planning flow reduced
plan limit 851
current timestep 7084
planning flow reduced
plan limit 851
current timestep 7085
planning flow reduced
plan limit 846
current timestep 7086
planning flow reduced
plan limit 849
current timestep 7087
planning flow reduced
plan limit 851
current timestep 7088
planning flow reduced
plan limit 850
current timestep 7089
planning flow reduced
plan limit 847
current timestep 7090
planning flow reduced
plan limit 852
current timestep 7091
planning flow reduced
plan limit 841
current timestep 7092
planning flow reduced
plan limit 851
current timestep 7093
planning flow reduced
plan limit 849
current timestep 7094
planning flow reduced
plan limit 846
current timestep 7095
planning flow reduced
plan limit 848
current timestep 7096
planning flow reduced
plan limit 850
current timestep 7097
planning flow reduced
plan limit 847
current timestep 7098
planning flow reduced
plan limit 848
current timestep 7099
planning flow reduced
plan limit 848
current timestep 7100
planning flow reduced
plan limit 847
current timestep 7101
planning flow reduced
plan limit 846
current timestep 7102
planning flow reduced
plan limit 845
current timestep 7103
planning flow reduced
plan limit 850
current timestep 7104
planning flow reduced
plan limit 848
current timestep 7105
planning flow reduced
plan limit 849
current timestep 7106
planning flow reduced
plan limit 848
current timestep 7107
planning flow reduced
plan limit 849
current timestep 7108
planning flow reduced
plan limit 847
current timestep 7109
planning flow reduced
plan limit 847
current timestep 7110
planning flow reduced
plan limit 845
current timestep 7111
planning flow reduced
plan limit 846
current timestep 7112
planning flow reduced
plan limit 849
current timestep 7113
planning flow reduced
plan limit 820
current timestep 7114
planning flow reduced
plan limit 829
current timestep 7115
planning flow reduced
plan limit 836
current timestep 7116
planning flow reduced
plan limit 832
current timestep 7117
planning flow reduced
plan limit 839
current timestep 7118
planning flow reduced
plan limit 835
current timestep 7119
planning flow reduced
plan limit 830
current timestep 7120
planning flow reduced
plan limit 833
current timestep 7121
planning flow reduced
plan limit 841
current timestep 7122
planning flow reduced
plan limit 827
current timestep 7123
planning flow reduced
plan limit 846
current timestep 7124
planning flow reduced
plan limit 845
current timestep 7125
planning flow reduced
plan limit 851
current timestep 7126
planning flow reduced
plan limit 848
current timestep 7127
planning flow reduced
plan limit 843
current timestep 7128
planning flow reduced
plan limit 848
current timestep 7129
planning flow reduced
plan limit 849
current timestep 7130
planning flow reduced
plan limit 849
current timestep 7131
planning flow reduced
plan limit 851
current timestep 7132
planning flow reduced
plan limit 835
current timestep 7133
planning flow reduced
plan limit 846
current timestep 7134
planning flow reduced
plan limit 846
current timestep 7135
planning flow reduced
plan limit 845
current timestep 7136
planning flow reduced
plan limit 850
current timestep 7137
planning flow reduced
plan limit 847
current timestep 7138
planning flow reduced
plan limit 846
current timestep 7139
planning flow reduced
plan limit 847
current timestep 7140
planning flow reduced
plan limit 849
current timestep 7141
planning flow reduced
plan limit 847
current timestep 7142
planning flow reduced
plan limit 848
current timestep 7143
planning flow reduced
plan limit 845
current timestep 7144
planning flow reduced
plan limit 850
current timestep 7145
planning flow reduced
plan limit 850
current timestep 7146
planning flow reduced
plan limit 849
current timestep 7147
planning flow reduced
plan limit 848
current timestep 7148
planning flow reduced
plan limit 848
current timestep 7149
planning flow reduced
plan limit 849
current timestep 7150
planning flow reduced
plan limit 847
current timestep 7151
planning flow reduced
plan limit 845
current timestep 7152
planning flow reduced
plan limit 852
current timestep 7153
planning flow reduced
plan limit 844
current timestep 7154
planning flow reduced
plan limit 843
current timestep 7155
planning flow reduced
plan limit 843
current timestep 7156
planning flow reduced
plan limit 846
current timestep 7157
planning flow reduced
plan limit 842
current timestep 7158
planning flow reduced
plan limit 832
current timestep 7159
planning flow reduced
plan limit 844
current timestep 7160
planning flow reduced
plan limit 845
current timestep 7161
planning flow reduced
plan limit 846
current timestep 7162
planning flow reduced
plan limit 845
current timestep 7163
planning flow reduced
plan limit 843
current timestep 7164
planning flow reduced
plan limit 840
current timestep 7165
planning flow reduced
plan limit 847
current timestep 7166
planning flow reduced
plan limit 852
current timestep 7167
planning flow reduced
plan limit 832
current timestep 7168
planning flow reduced
plan limit 844
current timestep 7169
planning flow reduced
plan limit 839
current timestep 7170
planning flow reduced
plan limit 845
current timestep 7171
planning flow reduced
plan limit 832
current timestep 7172
planning flow reduced
plan limit 848
current timestep 7173
planning flow reduced
plan limit 830
current timestep 7174
planning flow reduced
plan limit 833
current timestep 7175
planning flow reduced
plan limit 833
current timestep 7176
planning flow reduced
plan limit 847
current timestep 7177
planning flow reduced
plan limit 851
current timestep 7178
planning flow reduced
plan limit 844
current timestep 7179
planning flow reduced
plan limit 844
current timestep 7180
planning flow reduced
plan limit 846
current timestep 7181
planning flow reduced
plan limit 849
current timestep 7182
planning flow reduced
plan limit 850
current timestep 7183
planning flow reduced
plan limit 850
current timestep 7184
planning flow reduced
plan limit 844
current timestep 7185
planning flow reduced
plan limit 848
current timestep 7186
planning flow reduced
plan limit 848
current timestep 7187
planning flow reduced
plan limit 847
current timestep 7188
planning flow reduced
plan limit 846
current timestep 7189
planning flow reduced
plan limit 833
current timestep 7190
planning flow reduced
plan limit 839
current timestep 7191
planning flow reduced
plan limit 835
current timestep 7192
planning flow reduced
plan limit 838
current timestep 7193
planning flow reduced
plan limit 839
current timestep 7194
planning flow reduced
plan limit 829
current timestep 7195
planning flow reduced
plan limit 835
current timestep 7196
planning flow reduced
plan limit 835
current timestep 7197
planning flow reduced
plan limit 847
current timestep 7198
planning flow reduced
plan limit 833
current timestep 7199
planning flow reduced
plan limit 832
current timestep 7200
planning flow reduced
plan limit 833
current timestep 7201
planning flow reduced
plan limit 838
current timestep 7202
planning flow reduced
plan limit 846
current timestep 7203
planning flow reduced
plan limit 845
current timestep 7204
planning flow reduced
plan limit 848
current timestep 7205
planning flow reduced
plan limit 833
current timestep 7206
planning flow reduced
plan limit 837
current timestep 7207
planning flow reduced
plan limit 835
current timestep 7208
planning flow reduced
plan limit 842
current timestep 7209
planning flow reduced
plan limit 838
current timestep 7210
planning flow reduced
plan limit 837
current timestep 7211
planning flow reduced
plan limit 833
current timestep 7212
planning flow reduced
plan limit 833
current timestep 7213
planning flow reduced
plan limit 838
current timestep 7214
planning flow reduced
plan limit 833
current timestep 7215
planning flow reduced
plan limit 835
current timestep 7216
planning flow reduced
plan limit 837
current timestep 7217
planning flow reduced
plan limit 839
current timestep 7218
planning flow reduced
plan limit 837
current timestep 7219
planning flow reduced
plan limit 838
current timestep 7220
planning flow reduced
plan limit 835
current timestep 7221
planning flow reduced
plan limit 837
current timestep 7222
planning flow reduced
plan limit 835
current timestep 7223
planning flow reduced
plan limit 836
current timestep 7224
planning flow reduced
plan limit 848
current timestep 7225
planning flow reduced
plan limit 841
current timestep 7226
planning flow reduced
plan limit 835
current timestep 7227
planning flow reduced
plan limit 835
current timestep 7228
planning flow reduced
plan limit 834
current timestep 7229
planning flow reduced
plan limit 838
current timestep 7230
planning flow reduced
plan limit 837
current timestep 7231
planning flow reduced
plan limit 835
current timestep 7232
planning flow reduced
plan limit 837
current timestep 7233
planning flow reduced
plan limit 836
current timestep 7234
planning flow reduced
plan limit 833
current timestep 7235
planning flow reduced
plan limit 838
current timestep 7236
planning flow reduced
plan limit 840
current timestep 7237
planning flow reduced
plan limit 837
current timestep 7238
planning flow reduced
plan limit 836
current timestep 7239
planning flow reduced
plan limit 839
current timestep 7240
planning flow reduced
plan limit 841
current timestep 7241
planning flow reduced
plan limit 835
current timestep 7242
planning flow reduced
plan limit 839
current timestep 7243
planning flow reduced
plan limit 837
current timestep 7244
planning flow reduced
plan limit 835
current timestep 7245
planning flow reduced
plan limit 838
current timestep 7246
planning flow reduced
plan limit 841
current timestep 7247
planning flow reduced
plan limit 834
current timestep 7248
planning flow reduced
plan limit 835
current timestep 7249
planning flow reduced
plan limit 842
current timestep 7250
planning flow reduced
plan limit 837
current timestep 7251
planning flow reduced
plan limit 837
current timestep 7252
planning flow reduced
plan limit 834
current timestep 7253
planning flow reduced
plan limit 841
current timestep 7254
planning flow reduced
plan limit 831
current timestep 7255
planning flow reduced
plan limit 838
current timestep 7256
planning flow reduced
plan limit 835
current timestep 7257
planning flow reduced
plan limit 838
current timestep 7258
planning flow reduced
plan limit 838
current timestep 7259
planning flow reduced
plan limit 834
current timestep 7260
planning flow reduced
plan limit 833
current timestep 7261
planning flow reduced
plan limit 833
current timestep 7262
planning flow reduced
plan limit 832
current timestep 7263
planning flow reduced
plan limit 826
current timestep 7264
planning flow reduced
plan limit 844
current timestep 7265
planning flow reduced
plan limit 830
current timestep 7266
planning flow reduced
plan limit 834
current timestep 7267
planning flow reduced
plan limit 828
current timestep 7268
planning flow reduced
plan limit 824
current timestep 7269
planning flow reduced
plan limit 833
current timestep 7270
planning flow reduced
plan limit 846
current timestep 7271
planning flow reduced
plan limit 849
current timestep 7272
planning flow reduced
plan limit 849
current timestep 7273
planning flow reduced
plan limit 835
current timestep 7274
planning flow reduced
plan limit 839
current timestep 7275
planning flow reduced
plan limit 842
current timestep 7276
planning flow reduced
plan limit 836
current timestep 7277
planning flow reduced
plan limit 836
current timestep 7278
planning flow reduced
plan limit 838
current timestep 7279
planning flow reduced
plan limit 837
current timestep 7280
planning flow reduced
plan limit 838
current timestep 7281
planning flow reduced
plan limit 839
current timestep 7282
planning flow reduced
plan limit 846
current timestep 7283
planning flow reduced
plan limit 843
current timestep 7284
planning flow reduced
plan limit 846
current timestep 7285
planning flow reduced
plan limit 848
current timestep 7286
planning flow reduced
plan limit 849
current timestep 7287
planning flow reduced
plan limit 845
current timestep 7288
planning flow reduced
plan limit 850
current timestep 7289
planning flow reduced
plan limit 845
current timestep 7290
planning flow reduced
plan limit 842
current timestep 7291
planning flow reduced
plan limit 845
current timestep 7292
planning flow reduced
plan limit 846
current timestep 7293
planning flow reduced
plan limit 847
current timestep 7294
planning flow reduced
plan limit 849
current timestep 7295
planning flow reduced
plan limit 849
current timestep 7296
planning flow reduced
plan limit 848
current timestep 7297
planning flow reduced
plan limit 849
current timestep 7298
planning flow reduced
plan limit 847
current timestep 7299
planning flow reduced
plan limit 847
current timestep 7300
planning flow reduced
plan limit 849
current timestep 7301
planning flow reduced
plan limit 848
current timestep 7302
planning flow reduced
plan limit 844
current timestep 7303
planning flow reduced
plan limit 853
current timestep 7304
planning flow reduced
plan limit 852
current timestep 7305
planning flow reduced
plan limit 848
current timestep 7306
planning flow reduced
plan limit 849
current timestep 7307
planning flow reduced
plan limit 846
current timestep 7308
planning flow reduced
plan limit 850
current timestep 7309
planning flow reduced
plan limit 842
current timestep 7310
planning flow reduced
plan limit 847
current timestep 7311
planning flow reduced
plan limit 849
current timestep 7312
planning flow reduced
plan limit 849
current timestep 7313
planning flow reduced
plan limit 849
current timestep 7314
planning flow reduced
plan limit 848
current timestep 7315
planning flow reduced
plan limit 848
current timestep 7316
planning flow reduced
plan limit 849
current timestep 7317
planning flow reduced
plan limit 848
current timestep 7318
planning flow reduced
plan limit 847
current timestep 7319
planning flow reduced
plan limit 847
current timestep 7320
planning flow reduced
plan limit 850
current timestep 7321
planning flow reduced
plan limit 846
current timestep 7322
planning flow reduced
plan limit 850
current timestep 7323
planning flow reduced
plan limit 849
current timestep 7324
planning flow reduced
plan limit 849
current timestep 7325
planning flow reduced
plan limit 845
current timestep 7326
planning flow reduced
plan limit 850
current timestep 7327
planning flow reduced
plan limit 852
current timestep 7328
planning flow reduced
plan limit 849
current timestep 7329
planning flow reduced
plan limit 843
current timestep 7330
planning flow reduced
plan limit 846
current timestep 7331
planning flow reduced
plan limit 848
current timestep 7332
planning flow reduced
plan limit 849
current timestep 7333
planning flow reduced
plan limit 845
current timestep 7334
planning flow reduced
plan limit 849
current timestep 7335
planning flow reduced
plan limit 847
current timestep 7336
planning flow reduced
plan limit 849
current timestep 7337
planning flow reduced
plan limit 842
current timestep 7338
planning flow reduced
plan limit 847
current timestep 7339
planning flow reduced
plan limit 849
current timestep 7340
planning flow reduced
plan limit 844
current timestep 7341
planning flow reduced
plan limit 849
current timestep 7342
planning flow reduced
plan limit 841
current timestep 7343
planning flow reduced
plan limit 847
current timestep 7344
planning flow reduced
plan limit 848
current timestep 7345
planning flow reduced
plan limit 846
current timestep 7346
planning flow reduced
plan limit 849
current timestep 7347
planning flow reduced
plan limit 849
current timestep 7348
planning flow reduced
plan limit 849
current timestep 7349
planning flow reduced
plan limit 845
current timestep 7350
planning flow reduced
plan limit 847
current timestep 7351
planning flow reduced
plan limit 846
current timestep 7352
planning flow reduced
plan limit 848
current timestep 7353
planning flow reduced
plan limit 842
current timestep 7354
planning flow reduced
plan limit 847
current timestep 7355
planning flow reduced
plan limit 850
current timestep 7356
planning flow reduced
plan limit 848
current timestep 7357
planning flow reduced
plan limit 847
current timestep 7358
planning flow reduced
plan limit 848
current timestep 7359
planning flow reduced
plan limit 849
current timestep 7360
planning flow reduced
plan limit 839
current timestep 7361
planning flow reduced
plan limit 847
current timestep 7362
planning flow reduced
plan limit 843
current timestep 7363
planning flow reduced
plan limit 849
current timestep 7364
planning flow reduced
plan limit 845
current timestep 7365
planning flow reduced
plan limit 849
current timestep 7366
planning flow reduced
plan limit 850
current timestep 7367
planning flow reduced
plan limit 847
current timestep 7368
planning flow reduced
plan limit 845
current timestep 7369
planning flow reduced
plan limit 851
current timestep 7370
planning flow reduced
plan limit 848
current timestep 7371
planning flow reduced
plan limit 841
current timestep 7372
planning flow reduced
plan limit 830
current timestep 7373
planning flow reduced
plan limit 849
current timestep 7374
planning flow reduced
plan limit 845
current timestep 7375
planning flow reduced
plan limit 849
current timestep 7376
planning flow reduced
plan limit 843
current timestep 7377
planning flow reduced
plan limit 848
current timestep 7378
planning flow reduced
plan limit 847
current timestep 7379
planning flow reduced
plan limit 841
current timestep 7380
planning flow reduced
plan limit 846
current timestep 7381
planning flow reduced
plan limit 851
current timestep 7382
planning flow reduced
plan limit 846
current timestep 7383
planning flow reduced
plan limit 848
current timestep 7384
planning flow reduced
plan limit 841
current timestep 7385
planning flow reduced
plan limit 851
current timestep 7386
planning flow reduced
plan limit 848
current timestep 7387
planning flow reduced
plan limit 849
current timestep 7388
planning flow reduced
plan limit 849
current timestep 7389
planning flow reduced
plan limit 848
current timestep 7390
planning flow reduced
plan limit 846
current timestep 7391
planning flow reduced
plan limit 849
current timestep 7392
planning flow reduced
plan limit 850
current timestep 7393
planning flow reduced
plan limit 845
current timestep 7394
planning flow reduced
plan limit 847
current timestep 7395
planning flow reduced
plan limit 845
current timestep 7396
planning flow reduced
plan limit 847
current timestep 7397
planning flow reduced
plan limit 846
current timestep 7398
planning flow reduced
plan limit 847
current timestep 7399
planning flow reduced
plan limit 847
current timestep 7400
planning flow reduced
plan limit 850
current timestep 7401
planning flow reduced
plan limit 848
current timestep 7402
planning flow reduced
plan limit 848
current timestep 7403
planning flow reduced
plan limit 845
current timestep 7404
planning flow reduced
plan limit 848
current timestep 7405
planning flow reduced
plan limit 851
current timestep 7406
planning flow reduced
plan limit 846
current timestep 7407
planning flow reduced
plan limit 850
current timestep 7408
planning flow reduced
plan limit 852
current timestep 7409
planning flow reduced
plan limit 830
current timestep 7410
planning flow reduced
plan limit 835
current timestep 7411
planning flow reduced
plan limit 848
current timestep 7412
planning flow reduced
plan limit 848
current timestep 7413
planning flow reduced
plan limit 849
current timestep 7414
planning flow reduced
plan limit 849
current timestep 7415
planning flow reduced
plan limit 849
current timestep 7416
planning flow reduced
plan limit 850
current timestep 7417
planning flow reduced
plan limit 849
current timestep 7418
planning flow reduced
plan limit 849
current timestep 7419
planning flow reduced
plan limit 834
current timestep 7420
planning flow reduced
plan limit 851
current timestep 7421
planning flow reduced
plan limit 848
current timestep 7422
planning flow reduced
plan limit 849
current timestep 7423
planning flow reduced
plan limit 849
current timestep 7424
planning flow reduced
plan limit 849
current timestep 7425
planning flow reduced
plan limit 848
current timestep 7426
planning flow reduced
plan limit 848
current timestep 7427
planning flow reduced
plan limit 849
current timestep 7428
planning flow reduced
plan limit 849
current timestep 7429
planning flow reduced
plan limit 848
current timestep 7430
planning flow reduced
plan limit 848
current timestep 7431
planning flow reduced
plan limit 849
current timestep 7432
planning flow reduced
plan limit 849
current timestep 7433
planning flow reduced
plan limit 848
current timestep 7434
planning flow reduced
plan limit 850
current timestep 7435
planning flow reduced
plan limit 848
current timestep 7436
planning flow reduced
plan limit 848
current timestep 7437
planning flow reduced
plan limit 849
current timestep 7438
planning flow reduced
plan limit 849
current timestep 7439
planning flow reduced
plan limit 847
current timestep 7440
planning flow reduced
plan limit 850
current timestep 7441
planning flow reduced
plan limit 845
current timestep 7442
planning flow reduced
plan limit 849
current timestep 7443
planning flow reduced
plan limit 848
current timestep 7444
planning flow reduced
plan limit 848
current timestep 7445
planning flow reduced
plan limit 851
current timestep 7446
planning flow reduced
plan limit 848
current timestep 7447
planning flow reduced
plan limit 848
current timestep 7448
planning flow reduced
plan limit 850
current timestep 7449
planning flow reduced
plan limit 849
current timestep 7450
planning flow reduced
plan limit 847
current timestep 7451
planning flow reduced
plan limit 849
current timestep 7452
planning flow reduced
plan limit 849
current timestep 7453
planning flow reduced
plan limit 850
current timestep 7454
planning flow reduced
plan limit 847
current timestep 7455
planning flow reduced
plan limit 851
current timestep 7456
planning flow reduced
plan limit 848
current timestep 7457
planning flow reduced
plan limit 848
current timestep 7458
planning flow reduced
plan limit 849
current timestep 7459
planning flow reduced
plan limit 841
current timestep 7460
planning flow reduced
plan limit 848
current timestep 7461
planning flow reduced
plan limit 851
current timestep 7462
planning flow reduced
plan limit 850
current timestep 7463
planning flow reduced
plan limit 849
current timestep 7464
planning flow reduced
plan limit 848
current timestep 7465
planning flow reduced
plan limit 850
current timestep 7466
planning flow reduced
plan limit 842
current timestep 7467
planning flow reduced
plan limit 850
current timestep 7468
planning flow reduced
plan limit 850
current timestep 7469
planning flow reduced
plan limit 850
current timestep 7470
planning flow reduced
plan limit 848
current timestep 7471
planning flow reduced
plan limit 849
current timestep 7472
planning flow reduced
plan limit 849
current timestep 7473
planning flow reduced
plan limit 846
current timestep 7474
planning flow reduced
plan limit 849
current timestep 7475
planning flow reduced
plan limit 849
current timestep 7476
planning flow reduced
plan limit 851
current timestep 7477
planning flow reduced
plan limit 849
current timestep 7478
planning flow reduced
plan limit 849
current timestep 7479
planning flow reduced
plan limit 844
current timestep 7480
planning flow reduced
plan limit 849
current timestep 7481
planning flow reduced
plan limit 848
current timestep 7482
planning flow reduced
plan limit 847
current timestep 7483
planning flow reduced
plan limit 844
current timestep 7484
planning flow reduced
plan limit 850
current timestep 7485
planning flow reduced
plan limit 849
current timestep 7486
planning flow reduced
plan limit 848
current timestep 7487
planning flow reduced
plan limit 849
current timestep 7488
planning flow reduced
plan limit 848
current timestep 7489
planning flow reduced
plan limit 845
current timestep 7490
planning flow reduced
plan limit 849
current timestep 7491
planning flow reduced
plan limit 842
current timestep 7492
planning flow reduced
plan limit 842
current timestep 7493
planning flow reduced
plan limit 848
current timestep 7494
planning flow reduced
plan limit 850
current timestep 7495
planning flow reduced
plan limit 849
current timestep 7496
planning flow reduced
plan limit 851
current timestep 7497
planning flow reduced
plan limit 850
current timestep 7498
planning flow reduced
plan limit 844
current timestep 7499
planning flow reduced
plan limit 849
current timestep 7500
planning flow reduced
plan limit 848
current timestep 7501
planning flow reduced
plan limit 849
current timestep 7502
planning flow reduced
plan limit 851
current timestep 7503
planning flow reduced
plan limit 850
current timestep 7504
planning flow reduced
plan limit 846
current timestep 7505
planning flow reduced
plan limit 850
current timestep 7506
planning flow reduced
plan limit 850
current timestep 7507
planning flow reduced
plan limit 850
current timestep 7508
planning flow reduced
plan limit 849
current timestep 7509
planning flow reduced
plan limit 848
current timestep 7510
planning flow reduced
plan limit 848
current timestep 7511
planning flow reduced
plan limit 850
current timestep 7512
planning flow reduced
plan limit 851
current timestep 7513
planning flow reduced
plan limit 851
current timestep 7514
planning flow reduced
plan limit 848
current timestep 7515
planning flow reduced
plan limit 849
current timestep 7516
planning flow reduced
plan limit 849
current timestep 7517
planning flow reduced
plan limit 851
current timestep 7518
planning flow reduced
plan limit 850
current timestep 7519
planning flow reduced
plan limit 851
current timestep 7520
planning flow reduced
plan limit 849
current timestep 7521
planning flow reduced
plan limit 850
current timestep 7522
planning flow reduced
plan limit 839
current timestep 7523
planning flow reduced
plan limit 850
current timestep 7524
planning flow reduced
plan limit 850
current timestep 7525
planning flow reduced
plan limit 848
current timestep 7526
planning flow reduced
plan limit 850
current timestep 7527
planning flow reduced
plan limit 849
current timestep 7528
planning flow reduced
plan limit 850
current timestep 7529
planning flow reduced
plan limit 850
current timestep 7530
planning flow reduced
plan limit 851
current timestep 7531
planning flow reduced
plan limit 850
current timestep 7532
planning flow reduced
plan limit 850
current timestep 7533
planning flow reduced
plan limit 849
current timestep 7534
planning flow reduced
plan limit 850
current timestep 7535
planning flow reduced
plan limit 851
current timestep 7536
planning flow reduced
plan limit 850
current timestep 7537
planning flow reduced
plan limit 851
current timestep 7538
planning flow reduced
plan limit 850
current timestep 7539
planning flow reduced
plan limit 849
current timestep 7540
planning flow reduced
plan limit 851
current timestep 7541
planning flow reduced
plan limit 850
current timestep 7542
planning flow reduced
plan limit 850
current timestep 7543
planning flow reduced
plan limit 851
current timestep 7544
planning flow reduced
plan limit 849
current timestep 7545
planning flow reduced
plan limit 850
current timestep 7546
planning flow reduced
plan limit 850
current timestep 7547
planning flow reduced
plan limit 850
current timestep 7548
planning flow reduced
plan limit 850
current timestep 7549
planning flow reduced
plan limit 851
current timestep 7550
planning flow reduced
plan limit 846
current timestep 7551
planning flow reduced
plan limit 847
current timestep 7552
planning flow reduced
plan limit 850
current timestep 7553
planning flow reduced
plan limit 848
current timestep 7554
planning flow reduced
plan limit 849
current timestep 7555
planning flow reduced
plan limit 850
current timestep 7556
planning flow reduced
plan limit 849
current timestep 7557
planning flow reduced
plan limit 847
current timestep 7558
planning flow reduced
plan limit 851
current timestep 7559
planning flow reduced
plan limit 849
current timestep 7560
planning flow reduced
plan limit 851
current timestep 7561
planning flow reduced
plan limit 850
current timestep 7562
planning flow reduced
plan limit 849
current timestep 7563
planning flow reduced
plan limit 847
current timestep 7564
planning flow reduced
plan limit 850
current timestep 7565
planning flow reduced
plan limit 851
current timestep 7566
planning flow reduced
plan limit 850
current timestep 7567
planning flow reduced
plan limit 851
current timestep 7568
planning flow reduced
plan limit 851
current timestep 7569
planning flow reduced
plan limit 849
current timestep 7570
planning flow reduced
plan limit 844
current timestep 7571
planning flow reduced
plan limit 850
current timestep 7572
planning flow reduced
plan limit 851
current timestep 7573
planning flow reduced
plan limit 848
current timestep 7574
planning flow reduced
plan limit 847
current timestep 7575
planning flow reduced
plan limit 846
current timestep 7576
planning flow reduced
plan limit 846
current timestep 7577
planning flow reduced
plan limit 849
current timestep 7578
planning flow reduced
plan limit 849
current timestep 7579
planning flow reduced
plan limit 850
current timestep 7580
planning flow reduced
plan limit 850
current timestep 7581
planning flow reduced
plan limit 851
current timestep 7582
planning flow reduced
plan limit 847
current timestep 7583
planning flow reduced
plan limit 849
current timestep 7584
planning flow reduced
plan limit 843
current timestep 7585
planning flow reduced
plan limit 849
current timestep 7586
planning flow reduced
plan limit 847
current timestep 7587
planning flow reduced
plan limit 849
current timestep 7588
planning flow reduced
plan limit 843
current timestep 7589
planning flow reduced
plan limit 849
current timestep 7590
planning flow reduced
plan limit 850
current timestep 7591
planning flow reduced
plan limit 845
current timestep 7592
planning flow reduced
plan limit 850
current timestep 7593
planning flow reduced
plan limit 850
current timestep 7594
planning flow reduced
plan limit 846
current timestep 7595
planning flow reduced
plan limit 847
current timestep 7596
planning flow reduced
plan limit 847
current timestep 7597
planning flow reduced
plan limit 850
current timestep 7598
planning flow reduced
plan limit 851
current timestep 7599
planning flow reduced
plan limit 841
current timestep 7600
planning flow reduced
plan limit 851
current timestep 7601
planning flow reduced
plan limit 850
current timestep 7602
planning flow reduced
plan limit 846
current timestep 7603
planning flow reduced
plan limit 846
current timestep 7604
planning flow reduced
plan limit 842
current timestep 7605
planning flow reduced
plan limit 837
current timestep 7606
planning flow reduced
plan limit 848
current timestep 7607
planning flow reduced
plan limit 848
current timestep 7608
planning flow reduced
plan limit 842
current timestep 7609
planning flow reduced
plan limit 849
current timestep 7610
planning flow reduced
plan limit 845
current timestep 7611
planning flow reduced
plan limit 849
current timestep 7612
planning flow reduced
plan limit 843
current timestep 7613
planning flow reduced
plan limit 845
current timestep 7614
planning flow reduced
plan limit 848
current timestep 7615
planning flow reduced
plan limit 846
current timestep 7616
planning flow reduced
plan limit 851
current timestep 7617
planning flow reduced
plan limit 850
current timestep 7618
planning flow reduced
plan limit 843
current timestep 7619
planning flow reduced
plan limit 843
current timestep 7620
planning flow reduced
plan limit 850
current timestep 7621
planning flow reduced
plan limit 853
current timestep 7622
planning flow reduced
plan limit 847
current timestep 7623
planning flow reduced
plan limit 851
current timestep 7624
planning flow reduced
plan limit 850
current timestep 7625
planning flow reduced
plan limit 850
current timestep 7626
planning flow reduced
plan limit 849
current timestep 7627
planning flow reduced
plan limit 850
current timestep 7628
planning flow reduced
plan limit 849
current timestep 7629
planning flow reduced
plan limit 849
current timestep 7630
planning flow reduced
plan limit 849
current timestep 7631
planning flow reduced
plan limit 851
current timestep 7632
planning flow reduced
plan limit 850
current timestep 7633
planning flow reduced
plan limit 837
current timestep 7634
planning flow reduced
plan limit 847
current timestep 7635
planning flow reduced
plan limit 850
current timestep 7636
planning flow reduced
plan limit 842
current timestep 7637
planning flow reduced
plan limit 849
current timestep 7638
planning flow reduced
plan limit 848
current timestep 7639
planning flow reduced
plan limit 850
current timestep 7640
planning flow reduced
plan limit 843
current timestep 7641
planning flow reduced
plan limit 845
current timestep 7642
planning flow reduced
plan limit 839
current timestep 7643
planning flow reduced
plan limit 847
current timestep 7644
planning flow reduced
plan limit 850
current timestep 7645
planning flow reduced
plan limit 849
current timestep 7646
planning flow reduced
plan limit 852
current timestep 7647
planning flow reduced
plan limit 847
current timestep 7648
planning flow reduced
plan limit 847
current timestep 7649
planning flow reduced
plan limit 849
current timestep 7650
planning flow reduced
plan limit 849
current timestep 7651
planning flow reduced
plan limit 851
current timestep 7652
planning flow reduced
plan limit 850
current timestep 7653
planning flow reduced
plan limit 851
current timestep 7654
planning flow reduced
plan limit 848
current timestep 7655
planning flow reduced
plan limit 849
current timestep 7656
planning flow reduced
plan limit 851
current timestep 7657
planning flow reduced
plan limit 852
current timestep 7658
planning flow reduced
plan limit 849
current timestep 7659
planning flow reduced
plan limit 846
current timestep 7660
planning flow reduced
plan limit 849
current timestep 7661
planning flow reduced
plan limit 849
current timestep 7662
planning flow reduced
plan limit 847
current timestep 7663
planning flow reduced
plan limit 844
current timestep 7664
planning flow reduced
plan limit 851
current timestep 7665
planning flow reduced
plan limit 849
current timestep 7666
planning flow reduced
plan limit 848
current timestep 7667
planning flow reduced
plan limit 848
current timestep 7668
planning flow reduced
plan limit 851
current timestep 7669
planning flow reduced
plan limit 850
current timestep 7670
planning flow reduced
plan limit 851
current timestep 7671
planning flow reduced
plan limit 850
current timestep 7672
planning flow reduced
plan limit 848
current timestep 7673
planning flow reduced
plan limit 847
current timestep 7674
planning flow reduced
plan limit 850
current timestep 7675
planning flow reduced
plan limit 846
current timestep 7676
planning flow reduced
plan limit 851
current timestep 7677
planning flow reduced
plan limit 849
current timestep 7678
planning flow reduced
plan limit 847
current timestep 7679
planning flow reduced
plan limit 851
current timestep 7680
planning flow reduced
plan limit 848
current timestep 7681
planning flow reduced
plan limit 848
current timestep 7682
planning flow reduced
plan limit 850
current timestep 7683
planning flow reduced
plan limit 851
current timestep 7684
planning flow reduced
plan limit 848
current timestep 7685
planning flow reduced
plan limit 849
current timestep 7686
planning flow reduced
plan limit 849
current timestep 7687
planning flow reduced
plan limit 850
current timestep 7688
planning flow reduced
plan limit 846
current timestep 7689
planning flow reduced
plan limit 850
current timestep 7690
planning flow reduced
plan limit 852
current timestep 7691
planning flow reduced
plan limit 849
current timestep 7692
planning flow reduced
plan limit 851
current timestep 7693
planning flow reduced
plan limit 851
current timestep 7694
planning flow reduced
plan limit 849
current timestep 7695
planning flow reduced
plan limit 844
current timestep 7696
planning flow reduced
plan limit 844
current timestep 7697
planning flow reduced
plan limit 851
current timestep 7698
planning flow reduced
plan limit 849
current timestep 7699
planning flow reduced
plan limit 841
current timestep 7700
planning flow reduced
plan limit 846
current timestep 7701
planning flow reduced
plan limit 838
current timestep 7702
planning flow reduced
plan limit 811
current timestep 7703
planning flow reduced
plan limit 843
current timestep 7704
planning flow reduced
plan limit 848
current timestep 7705
planning flow reduced
plan limit 849
current timestep 7706
planning flow reduced
plan limit 848
current timestep 7707
planning flow reduced
plan limit 843
current timestep 7708
planning flow reduced
plan limit 850
current timestep 7709
planning flow reduced
plan limit 851
current timestep 7710
planning flow reduced
plan limit 846
current timestep 7711
planning flow reduced
plan limit 851
current timestep 7712
planning flow reduced
plan limit 849
current timestep 7713
planning flow reduced
plan limit 848
current timestep 7714
planning flow reduced
plan limit 846
current timestep 7715
planning flow reduced
plan limit 849
current timestep 7716
planning flow reduced
plan limit 850
current timestep 7717
planning flow reduced
plan limit 847
current timestep 7718
planning flow reduced
plan limit 848
current timestep 7719
planning flow reduced
plan limit 849
current timestep 7720
planning flow reduced
plan limit 848
current timestep 7721
planning flow reduced
plan limit 847
current timestep 7722
planning flow reduced
plan limit 849
current timestep 7723
planning flow reduced
plan limit 849
current timestep 7724
planning flow reduced
plan limit 851
current timestep 7725
planning flow reduced
plan limit 846
current timestep 7726
planning flow reduced
plan limit 842
current timestep 7727
planning flow reduced
plan limit 848
current timestep 7728
planning flow reduced
plan limit 848
current timestep 7729
planning flow reduced
plan limit 849
current timestep 7730
planning flow reduced
plan limit 848
current timestep 7731
planning flow reduced
plan limit 849
current timestep 7732
planning flow reduced
plan limit 850
current timestep 7733
planning flow reduced
plan limit 847
current timestep 7734
planning flow reduced
plan limit 846
current timestep 7735
planning flow reduced
plan limit 846
current timestep 7736
planning flow reduced
plan limit 848
current timestep 7737
planning flow reduced
plan limit 849
current timestep 7738
planning flow reduced
plan limit 849
current timestep 7739
planning flow reduced
plan limit 850
current timestep 7740
planning flow reduced
plan limit 848
current timestep 7741
planning flow reduced
plan limit 813
current timestep 7742
planning flow reduced
plan limit 847
current timestep 7743
planning flow reduced
plan limit 848
current timestep 7744
planning flow reduced
plan limit 851
current timestep 7745
planning flow reduced
plan limit 849
current timestep 7746
planning flow reduced
plan limit 849
current timestep 7747
planning flow reduced
plan limit 847
current timestep 7748
planning flow reduced
plan limit 850
current timestep 7749
planning flow reduced
plan limit 850
current timestep 7750
planning flow reduced
plan limit 846
current timestep 7751
planning flow reduced
plan limit 846
current timestep 7752
planning flow reduced
plan limit 846
current timestep 7753
planning flow reduced
plan limit 849
current timestep 7754
planning flow reduced
plan limit 848
current timestep 7755
planning flow reduced
plan limit 847
current timestep 7756
planning flow reduced
plan limit 847
current timestep 7757
planning flow reduced
plan limit 846
current timestep 7758
planning flow reduced
plan limit 848
current timestep 7759
planning flow reduced
plan limit 850
current timestep 7760
planning flow reduced
plan limit 849
current timestep 7761
planning flow reduced
plan limit 848
current timestep 7762
planning flow reduced
plan limit 848
current timestep 7763
planning flow reduced
plan limit 841
current timestep 7764
planning flow reduced
plan limit 849
current timestep 7765
planning flow reduced
plan limit 845
current timestep 7766
planning flow reduced
plan limit 847
current timestep 7767
planning flow reduced
plan limit 848
current timestep 7768
planning flow reduced
plan limit 847
current timestep 7769
planning flow reduced
plan limit 848
current timestep 7770
planning flow reduced
plan limit 845
current timestep 7771
planning flow reduced
plan limit 849
current timestep 7772
planning flow reduced
plan limit 848
current timestep 7773
planning flow reduced
plan limit 848
current timestep 7774
planning flow reduced
plan limit 849
current timestep 7775
planning flow reduced
plan limit 847
current timestep 7776
planning flow reduced
plan limit 847
current timestep 7777
planning flow reduced
plan limit 851
current timestep 7778
planning flow reduced
plan limit 848
current timestep 7779
planning flow reduced
plan limit 850
current timestep 7780
planning flow reduced
plan limit 850
current timestep 7781
planning flow reduced
plan limit 844
current timestep 7782
planning flow reduced
plan limit 847
current timestep 7783
planning flow reduced
plan limit 848
current timestep 7784
planning flow reduced
plan limit 845
current timestep 7785
planning flow reduced
plan limit 841
current timestep 7786
planning flow reduced
plan limit 848
current timestep 7787
planning flow reduced
plan limit 849
current timestep 7788
planning flow reduced
plan limit 849
current timestep 7789
planning flow reduced
plan limit 847
current timestep 7790
planning flow reduced
plan limit 846
current timestep 7791
planning flow reduced
plan limit 848
current timestep 7792
planning flow reduced
plan limit 849
current timestep 7793
planning flow reduced
plan limit 850
current timestep 7794
planning flow reduced
plan limit 848
current timestep 7795
planning flow reduced
plan limit 846
current timestep 7796
planning flow reduced
plan limit 847
current timestep 7797
planning flow reduced
plan limit 848
current timestep 7798
planning flow reduced
plan limit 835
current timestep 7799
planning flow reduced
plan limit 837
current timestep 7800
planning flow reduced
plan limit 844
current timestep 7801
planning flow reduced
plan limit 850
current timestep 7802
planning flow reduced
plan limit 848
current timestep 7803
planning flow reduced
plan limit 848
current timestep 7804
planning flow reduced
plan limit 847
current timestep 7805
planning flow reduced
plan limit 851
current timestep 7806
planning flow reduced
plan limit 850
current timestep 7807
planning flow reduced
plan limit 849
current timestep 7808
planning flow reduced
plan limit 850
current timestep 7809
planning flow reduced
plan limit 845
current timestep 7810
planning flow reduced
plan limit 850
current timestep 7811
planning flow reduced
plan limit 851
current timestep 7812
planning flow reduced
plan limit 849
current timestep 7813
planning flow reduced
plan limit 850
current timestep 7814
planning flow reduced
plan limit 846
current timestep 7815
planning flow reduced
plan limit 848
current timestep 7816
planning flow reduced
plan limit 847
current timestep 7817
planning flow reduced
plan limit 850
current timestep 7818
planning flow reduced
plan limit 845
current timestep 7819
planning flow reduced
plan limit 845
current timestep 7820
planning flow reduced
plan limit 848
current timestep 7821
planning flow reduced
plan limit 851
current timestep 7822
planning flow reduced
plan limit 850
current timestep 7823
planning flow reduced
plan limit 848
current timestep 7824
planning flow reduced
plan limit 847
current timestep 7825
planning flow reduced
plan limit 849
current timestep 7826
planning flow reduced
plan limit 851
current timestep 7827
planning flow reduced
plan limit 848
current timestep 7828
planning flow reduced
plan limit 843
current timestep 7829
planning flow reduced
plan limit 849
current timestep 7830
planning flow reduced
plan limit 849
current timestep 7831
planning flow reduced
plan limit 850
current timestep 7832
planning flow reduced
plan limit 847
current timestep 7833
planning flow reduced
plan limit 849
current timestep 7834
planning flow reduced
plan limit 847
current timestep 7835
planning flow reduced
plan limit 847
current timestep 7836
planning flow reduced
plan limit 843
current timestep 7837
planning flow reduced
plan limit 844
current timestep 7838
planning flow reduced
plan limit 848
current timestep 7839
planning flow reduced
plan limit 847
current timestep 7840
planning flow reduced
plan limit 849
current timestep 7841
planning flow reduced
plan limit 846
current timestep 7842
planning flow reduced
plan limit 849
current timestep 7843
planning flow reduced
plan limit 843
current timestep 7844
planning flow reduced
plan limit 845
current timestep 7845
planning flow reduced
plan limit 852
current timestep 7846
planning flow reduced
plan limit 847
current timestep 7847
planning flow reduced
plan limit 848
current timestep 7848
planning flow reduced
plan limit 849
current timestep 7849
planning flow reduced
plan limit 846
current timestep 7850
planning flow reduced
plan limit 846
current timestep 7851
planning flow reduced
plan limit 846
current timestep 7852
planning flow reduced
plan limit 849
current timestep 7853
planning flow reduced
plan limit 845
current timestep 7854
planning flow reduced
plan limit 847
current timestep 7855
planning flow reduced
plan limit 849
current timestep 7856
planning flow reduced
plan limit 845
current timestep 7857
planning flow reduced
plan limit 849
current timestep 7858
planning flow reduced
plan limit 847
current timestep 7859
planning flow reduced
plan limit 849
current timestep 7860
planning flow reduced
plan limit 844
current timestep 7861
planning flow reduced
plan limit 848
current timestep 7862
planning flow reduced
plan limit 848
current timestep 7863
planning flow reduced
plan limit 848
current timestep 7864
planning flow reduced
plan limit 848
current timestep 7865
planning flow reduced
plan limit 840
current timestep 7866
planning flow reduced
plan limit 847
current timestep 7867
planning flow reduced
plan limit 847
current timestep 7868
planning flow reduced
plan limit 848
current timestep 7869
planning flow reduced
plan limit 847
current timestep 7870
planning flow reduced
plan limit 849
current timestep 7871
planning flow reduced
plan limit 848
current timestep 7872
planning flow reduced
plan limit 843
current timestep 7873
planning flow reduced
plan limit 848
current timestep 7874
planning flow reduced
plan limit 849
current timestep 7875
planning flow reduced
plan limit 845
current timestep 7876
planning flow reduced
plan limit 849
current timestep 7877
planning flow reduced
plan limit 844
current timestep 7878
planning flow reduced
plan limit 848
current timestep 7879
planning flow reduced
plan limit 842
current timestep 7880
planning flow reduced
plan limit 846
current timestep 7881
planning flow reduced
plan limit 847
current timestep 7882
planning flow reduced
plan limit 848
current timestep 7883
planning flow reduced
plan limit 836
current timestep 7884
planning flow reduced
plan limit 836
current timestep 7885
planning flow reduced
plan limit 846
current timestep 7886
planning flow reduced
plan limit 843
current timestep 7887
planning flow reduced
plan limit 846
current timestep 7888
planning flow reduced
plan limit 848
current timestep 7889
planning flow reduced
plan limit 843
current timestep 7890
planning flow reduced
plan limit 846
current timestep 7891
planning flow reduced
plan limit 842
current timestep 7892
planning flow reduced
plan limit 844
current timestep 7893
planning flow reduced
plan limit 843
current timestep 7894
planning flow reduced
plan limit 840
current timestep 7895
planning flow reduced
plan limit 845
current timestep 7896
planning flow reduced
plan limit 845
current timestep 7897
planning flow reduced
plan limit 845
current timestep 7898
planning flow reduced
plan limit 845
current timestep 7899
planning flow reduced
plan limit 849
current timestep 7900
planning flow reduced
plan limit 849
current timestep 7901
planning flow reduced
plan limit 850
current timestep 7902
planning flow reduced
plan limit 846
current timestep 7903
planning flow reduced
plan limit 843
current timestep 7904
planning flow reduced
plan limit 844
current timestep 7905
planning flow reduced
plan limit 845
current timestep 7906
planning flow reduced
plan limit 842
current timestep 7907
planning flow reduced
plan limit 848
current timestep 7908
planning flow reduced
plan limit 845
current timestep 7909
planning flow reduced
plan limit 847
current timestep 7910
planning flow reduced
plan limit 842
current timestep 7911
planning flow reduced
plan limit 844
current timestep 7912
planning flow reduced
plan limit 848
current timestep 7913
planning flow reduced
plan limit 850
current timestep 7914
planning flow reduced
plan limit 847
current timestep 7915
planning flow reduced
plan limit 836
current timestep 7916
planning flow reduced
plan limit 843
current timestep 7917
planning flow reduced
plan limit 844
current timestep 7918
planning flow reduced
plan limit 842
current timestep 7919
planning flow reduced
plan limit 847
current timestep 7920
planning flow reduced
plan limit 844
current timestep 7921
planning flow reduced
plan limit 848
current timestep 7922
planning flow reduced
plan limit 837
current timestep 7923
planning flow reduced
plan limit 845
current timestep 7924
planning flow reduced
plan limit 844
current timestep 7925
planning flow reduced
plan limit 848
current timestep 7926
planning flow reduced
plan limit 843
current timestep 7927
planning flow reduced
plan limit 847
current timestep 7928
planning flow reduced
plan limit 846
current timestep 7929
planning flow reduced
plan limit 847
current timestep 7930
planning flow reduced
plan limit 847
current timestep 7931
planning flow reduced
plan limit 845
current timestep 7932
planning flow reduced
plan limit 847
current timestep 7933
planning flow reduced
plan limit 841
current timestep 7934
planning flow reduced
plan limit 833
current timestep 7935
planning flow reduced
plan limit 849
current timestep 7936
planning flow reduced
plan limit 845
current timestep 7937
planning flow reduced
plan limit 848
current timestep 7938
planning flow reduced
plan limit 847
current timestep 7939
planning flow reduced
plan limit 844
current timestep 7940
planning flow reduced
plan limit 844
current timestep 7941
planning flow reduced
plan limit 845
current timestep 7942
planning flow reduced
plan limit 848
current timestep 7943
planning flow reduced
plan limit 850
current timestep 7944
planning flow reduced
plan limit 849
current timestep 7945
planning flow reduced
plan limit 846
current timestep 7946
planning flow reduced
plan limit 839
current timestep 7947
planning flow reduced
plan limit 845
current timestep 7948
planning flow reduced
plan limit 832
current timestep 7949
planning flow reduced
plan limit 847
current timestep 7950
planning flow reduced
plan limit 845
current timestep 7951
planning flow reduced
plan limit 848
current timestep 7952
planning flow reduced
plan limit 847
current timestep 7953
planning flow reduced
plan limit 846
current timestep 7954
planning flow reduced
plan limit 846
current timestep 7955
planning flow reduced
plan limit 850
current timestep 7956
planning flow reduced
plan limit 847
current timestep 7957
planning flow reduced
plan limit 848
current timestep 7958
planning flow reduced
plan limit 848
current timestep 7959
planning flow reduced
plan limit 848
current timestep 7960
planning flow reduced
plan limit 848
current timestep 7961
planning flow reduced
plan limit 846
current timestep 7962
planning flow reduced
plan limit 849
current timestep 7963
planning flow reduced
plan limit 850
current timestep 7964
planning flow reduced
plan limit 848
current timestep 7965
planning flow reduced
plan limit 850
current timestep 7966
planning flow reduced
plan limit 851
current timestep 7967
planning flow reduced
plan limit 851
current timestep 7968
planning flow reduced
plan limit 850
current timestep 7969
planning flow reduced
plan limit 850
current timestep 7970
planning flow reduced
plan limit 850
current timestep 7971
planning flow reduced
plan limit 846
current timestep 7972
planning flow reduced
plan limit 844
current timestep 7973
planning flow reduced
plan limit 849
current timestep 7974
planning flow reduced
plan limit 845
current timestep 7975
planning flow reduced
plan limit 845
current timestep 7976
planning flow reduced
plan limit 848
current timestep 7977
planning flow reduced
plan limit 848
current timestep 7978
planning flow reduced
plan limit 848
current timestep 7979
planning flow reduced
plan limit 846
current timestep 7980
planning flow reduced
plan limit 849
current timestep 7981
planning flow reduced
plan limit 851
current timestep 7982
planning flow reduced
plan limit 843
current timestep 7983
planning flow reduced
plan limit 849
current timestep 7984
planning flow reduced
plan limit 849
current timestep 7985
planning flow reduced
plan limit 849
current timestep 7986
planning flow reduced
plan limit 851
current timestep 7987
planning flow reduced
plan limit 852
current timestep 7988
planning flow reduced
plan limit 849
current timestep 7989
planning flow reduced
plan limit 850
current timestep 7990
planning flow reduced
plan limit 848
current timestep 7991
planning flow reduced
plan limit 849
current timestep 7992
planning flow reduced
plan limit 843
current timestep 7993
planning flow reduced
plan limit 849
current timestep 7994
planning flow reduced
plan limit 844
current timestep 7995
planning flow reduced
plan limit 852
current timestep 7996
planning flow reduced
plan limit 845
current timestep 7997
planning flow reduced
plan limit 846
current timestep 7998
planning flow reduced
plan limit 843
current timestep 7999
planning flow reduced
plan limit 841
