planner init
finish init
current timestep 0
planning flow reduced
plan limit 28
compute initial stop until 0
current timestep 1
planning flow reduced
plan limit 712
compute initial stop until 0
current timestep 2
planning flow reduced
plan limit 754
compute initial stop until 0
current timestep 3
planning flow reduced
plan limit 756
compute initial stop until 0
current timestep 5
planning flow reduced
plan limit 751
compute initial stop until 0
current timestep 7
planning flow reduced
plan limit 682
compute initial stop until 0
current timestep 9
planning flow reduced
plan limit 750
compute initial stop until 0
current timestep 11
planning flow reduced
plan limit 748
compute initial stop until 0
current timestep 13
planning flow reduced
plan limit 751
compute initial stop until 0
current timestep 15
planning flow reduced
plan limit 755
compute initial stop until 0
current timestep 17
planning flow reduced
plan limit 753
compute initial stop until 0
current timestep 19
planning flow reduced
plan limit 758
compute initial stop until 0
current timestep 22
planning flow reduced
plan limit 753
compute initial stop until 0
current timestep 25
planning flow reduced
plan limit 758
compute initial stop until 0
current timestep 28
planning flow reduced
plan limit 756
compute initial stop until 0
current timestep 31
planning flow reduced
plan limit 762
compute initial stop until 0
current timestep 34
planning flow reduced
plan limit 759
compute initial stop until 0
current timestep 37
planning flow reduced
plan limit 760
compute initial stop until 0
current timestep 40
planning flow reduced
plan limit 758
compute initial stop until 0
current timestep 43
planning flow reduced
plan limit 762
compute initial stop until 0
current timestep 47
planning flow reduced
plan limit 756
compute initial stop until 0
current timestep 51
planning flow reduced
plan limit 755
compute initial stop until 0
current timestep 55
planning flow reduced
plan limit 757
compute initial stop until 0
current timestep 61
planning flow reduced
plan limit 730
compute initial stop until 0
current timestep 66
planning flow reduced
plan limit 757
compute initial stop until 0
current timestep 70
planning flow reduced
plan limit 762
compute initial stop until 0
current timestep 74
planning flow reduced
plan limit 761
compute initial stop until 0
current timestep 78
planning flow reduced
plan limit 764
compute initial stop until 0
current timestep 82
planning flow reduced
plan limit 760
compute initial stop until 0
current timestep 87
planning flow reduced
plan limit 763
compute initial stop until 0
current timestep 91
planning flow reduced
plan limit 763
compute initial stop until 0
current timestep 95
planning flow reduced
plan limit 760
compute initial stop until 0
current timestep 100
planning flow reduced
plan limit 758
compute initial stop until 0
current timestep 104
planning flow reduced
plan limit 764
compute initial stop until 0
current timestep 108
planning flow reduced
plan limit 760
compute initial stop until 0
current timestep 112
planning flow reduced
plan limit 764
compute initial stop until 0
current timestep 117
planning flow reduced
plan limit 763
compute initial stop until 0
current timestep 122
planning flow reduced
plan limit 756
compute initial stop until 0
current timestep 127
planning flow reduced
plan limit 761
compute initial stop until 0
current timestep 132
planning flow reduced
plan limit 762
compute initial stop until 0
current timestep 137
planning flow reduced
plan limit 763
compute initial stop until 0
current timestep 142
planning flow reduced
plan limit 594
compute initial stop until 0
current timestep 146
planning flow reduced
plan limit 761
compute initial stop until 0
current timestep 151
planning flow reduced
plan limit 590
compute initial stop until 0
current timestep 156
planning flow reduced
plan limit 574
compute initial stop until 0
current timestep 161
planning flow reduced
plan limit 767
compute initial stop until 0
current timestep 166
planning flow reduced
plan limit 765
compute initial stop until 0
current timestep 171
planning flow reduced
plan limit 598
compute initial stop until 0
current timestep 176
planning flow reduced
plan limit 764
compute initial stop until 0
current timestep 181
planning flow reduced
plan limit 632
compute initial stop until 0
current timestep 186
planning flow reduced
plan limit 751
compute initial stop until 0
current timestep 191
planning flow reduced
plan limit 758
compute initial stop until 0
current timestep 196
planning flow reduced
plan limit 595
compute initial stop until 0
current timestep 201
planning flow reduced
plan limit 662
compute initial stop until 0
current timestep 207
planning flow reduced
plan limit 763
compute initial stop until 0
current timestep 212
planning flow reduced
plan limit 648
compute initial stop until 0
current timestep 217
planning flow reduced
plan limit 576
compute initial stop until 0
current timestep 223
planning flow reduced
plan limit 600
compute initial stop until 0
current timestep 228
planning flow reduced
plan limit 591
compute initial stop until 0
current timestep 233
planning flow reduced
plan limit 631
compute initial stop until 0
current timestep 238
planning flow reduced
plan limit 659
compute initial stop until 0
current timestep 243
planning flow reduced
plan limit 586
compute initial stop until 0
current timestep 249
planning flow reduced
plan limit 594
compute initial stop until 0
current timestep 254
planning flow reduced
plan limit 591
compute initial stop until 0
current timestep 259
planning flow reduced
plan limit 574
compute initial stop until 0
current timestep 265
planning flow reduced
plan limit 651
compute initial stop until 0
current timestep 270
planning flow reduced
plan limit 633
compute initial stop until 0
current timestep 275
planning flow reduced
plan limit 611
compute initial stop until 0
current timestep 280
planning flow reduced
plan limit 590
compute initial stop until 0
current timestep 286
planning flow reduced
plan limit 607
compute initial stop until 0
current timestep 291
planning flow reduced
plan limit 607
compute initial stop until 0
current timestep 296
planning flow reduced
plan limit 595
compute initial stop until 0
current timestep 302
planning flow reduced
plan limit 640
compute initial stop until 0
current timestep 307
planning flow reduced
plan limit 763
compute initial stop until 0
current timestep 312
planning flow reduced
plan limit 745
compute initial stop until 0
current timestep 317
planning flow reduced
plan limit 603
compute initial stop until 0
current timestep 322
planning flow reduced
plan limit 795
compute initial stop until 0
current timestep 327
planning flow reduced
plan limit 602
compute initial stop until 0
current timestep 333
planning flow reduced
plan limit 591
compute initial stop until 0
current timestep 338
planning flow reduced
plan limit 751
compute initial stop until 0
current timestep 343
planning flow reduced
plan limit 734
compute initial stop until 0
current timestep 348
planning flow reduced
plan limit 743
compute initial stop until 0
current timestep 353
planning flow reduced
plan limit 795
compute initial stop until 0
current timestep 358
planning flow reduced
plan limit 745
compute initial stop until 0
current timestep 363
planning flow reduced
plan limit 623
compute initial stop until 0
current timestep 368
planning flow reduced
plan limit 743
compute initial stop until 0
current timestep 373
planning flow reduced
plan limit 744
compute initial stop until 0
current timestep 378
planning flow reduced
plan limit 595
compute initial stop until 0
current timestep 383
planning flow reduced
plan limit 741
compute initial stop until 0
current timestep 389
planning flow reduced
plan limit 638
compute initial stop until 0
current timestep 394
planning flow reduced
plan limit 602
compute initial stop until 0
current timestep 399
planning flow reduced
plan limit 753
compute initial stop until 0
current timestep 404
planning flow reduced
plan limit 799
compute initial stop until 0
current timestep 410
planning flow reduced
plan limit 751
compute initial stop until 0
current timestep 415
planning flow reduced
plan limit 676
compute initial stop until 0
current timestep 421
planning flow reduced
plan limit 677
compute initial stop until 0
current timestep 427
planning flow reduced
plan limit 592
compute initial stop until 0
current timestep 433
planning flow reduced
plan limit 636
compute initial stop until 0
current timestep 438
planning flow reduced
plan limit 796
compute initial stop until 0
current timestep 444
planning flow reduced
plan limit 759
compute initial stop until 0
current timestep 449
planning flow reduced
plan limit 744
compute initial stop until 0
current timestep 454
planning flow reduced
plan limit 637
compute initial stop until 0
current timestep 460
planning flow reduced
plan limit 795
compute initial stop until 0
current timestep 466
planning flow reduced
plan limit 746
compute initial stop until 0
current timestep 471
planning flow reduced
plan limit 758
compute initial stop until 0
current timestep 476
planning flow reduced
plan limit 744
compute initial stop until 0
current timestep 481
planning flow reduced
plan limit 751
compute initial stop until 0
current timestep 486
planning flow reduced
plan limit 799
compute initial stop until 0
current timestep 492
planning flow reduced
plan limit 746
compute initial stop until 0
current timestep 497
planning flow reduced
plan limit 752
compute initial stop until 0
current timestep 502
planning flow reduced
plan limit 752
compute initial stop until 0
current timestep 507
planning flow reduced
plan limit 752
compute initial stop until 0
current timestep 512
planning flow reduced
plan limit 758
compute initial stop until 0
current timestep 517
planning flow reduced
plan limit 639
compute initial stop until 0
current timestep 523
planning flow reduced
plan limit 756
compute initial stop until 0
current timestep 528
planning flow reduced
plan limit 763
compute initial stop until 0
current timestep 533
planning flow reduced
plan limit 752
compute initial stop until 0
current timestep 538
planning flow reduced
plan limit 764
compute initial stop until 0
current timestep 544
planning flow reduced
plan limit 790
compute initial stop until 0
current timestep 550
planning flow reduced
plan limit 760
compute initial stop until 0
current timestep 555
planning flow reduced
plan limit 794
compute initial stop until 0
current timestep 560
planning flow reduced
plan limit 629
compute initial stop until 0
current timestep 566
planning flow reduced
plan limit 760
compute initial stop until 0
current timestep 571
planning flow reduced
plan limit 749
compute initial stop until 0
current timestep 576
planning flow reduced
plan limit 751
compute initial stop until 0
current timestep 581
planning flow reduced
plan limit 805
compute initial stop until 0
current timestep 587
planning flow reduced
plan limit 800
compute initial stop until 0
current timestep 593
planning flow reduced
plan limit 759
compute initial stop until 0
current timestep 598
planning flow reduced
plan limit 801
compute initial stop until 0
current timestep 603
planning flow reduced
plan limit 803
compute initial stop until 0
current timestep 608
planning flow reduced
plan limit 760
compute initial stop until 0
current timestep 613
planning flow reduced
plan limit 754
compute initial stop until 0
current timestep 618
planning flow reduced
plan limit 763
compute initial stop until 0
current timestep 623
planning flow reduced
plan limit 801
compute initial stop until 0
current timestep 629
planning flow reduced
plan limit 758
compute initial stop until 0
current timestep 634
planning flow reduced
plan limit 800
compute initial stop until 0
current timestep 640
planning flow reduced
plan limit 754
compute initial stop until 0
current timestep 645
planning flow reduced
plan limit 803
compute initial stop until 0
current timestep 650
planning flow reduced
plan limit 761
compute initial stop until 0
current timestep 655
planning flow reduced
plan limit 758
compute initial stop until 0
current timestep 660
planning flow reduced
plan limit 803
compute initial stop until 0
current timestep 666
planning flow reduced
plan limit 806
compute initial stop until 0
current timestep 672
planning flow reduced
plan limit 798
compute initial stop until 0
current timestep 678
planning flow reduced
plan limit 804
compute initial stop until 0
current timestep 684
planning flow reduced
plan limit 803
compute initial stop until 0
current timestep 690
planning flow reduced
plan limit 766
compute initial stop until 0
current timestep 695
planning flow reduced
plan limit 768
compute initial stop until 0
current timestep 701
planning flow reduced
plan limit 801
compute initial stop until 0
current timestep 706
planning flow reduced
plan limit 800
compute initial stop until 0
current timestep 712
planning flow reduced
plan limit 645
compute initial stop until 0
current timestep 718
planning flow reduced
plan limit 766
compute initial stop until 0
current timestep 723
planning flow reduced
plan limit 761
compute initial stop until 0
current timestep 728
planning flow reduced
plan limit 802
compute initial stop until 0
current timestep 733
planning flow reduced
plan limit 752
compute initial stop until 0
current timestep 738
planning flow reduced
plan limit 753
compute initial stop until 0
current timestep 743
planning flow reduced
plan limit 765
compute initial stop until 0
current timestep 748
planning flow reduced
plan limit 753
compute initial stop until 0
current timestep 753
planning flow reduced
plan limit 801
compute initial stop until 0
current timestep 758
planning flow reduced
plan limit 760
compute initial stop until 0
current timestep 763
planning flow reduced
plan limit 766
compute initial stop until 0
current timestep 768
planning flow reduced
plan limit 794
compute initial stop until 0
current timestep 773
planning flow reduced
plan limit 753
compute initial stop until 0
current timestep 778
planning flow reduced
plan limit 755
compute initial stop until 0
current timestep 783
planning flow reduced
plan limit 753
compute initial stop until 0
current timestep 788
planning flow reduced
plan limit 797
compute initial stop until 0
current timestep 793
planning flow reduced
plan limit 751
compute initial stop until 0
current timestep 798
planning flow reduced
plan limit 796
compute initial stop until 0
current timestep 803
planning flow reduced
plan limit 766
compute initial stop until 0
current timestep 808
planning flow reduced
plan limit 634
compute initial stop until 0
current timestep 814
planning flow reduced
plan limit 799
compute initial stop until 0
current timestep 819
planning flow reduced
plan limit 799
compute initial stop until 0
current timestep 824
planning flow reduced
plan limit 796
compute initial stop until 0
current timestep 829
planning flow reduced
plan limit 744
compute initial stop until 0
current timestep 834
planning flow reduced
plan limit 800
compute initial stop until 0
current timestep 839
planning flow reduced
plan limit 736
compute initial stop until 0
current timestep 844
planning flow reduced
plan limit 793
compute initial stop until 0
current timestep 849
planning flow reduced
plan limit 798
compute initial stop until 0
current timestep 854
planning flow reduced
plan limit 794
compute initial stop until 0
current timestep 859
planning flow reduced
plan limit 749
compute initial stop until 0
current timestep 864
planning flow reduced
plan limit 796
compute initial stop until 0
current timestep 869
planning flow reduced
plan limit 633
compute initial stop until 0
current timestep 874
planning flow reduced
plan limit 757
compute initial stop until 0
current timestep 879
planning flow reduced
plan limit 794
compute initial stop until 0
current timestep 884
planning flow reduced
plan limit 793
compute initial stop until 0
current timestep 889
planning flow reduced
plan limit 757
compute initial stop until 0
current timestep 894
planning flow reduced
plan limit 758
compute initial stop until 0
current timestep 899
planning flow reduced
plan limit 759
compute initial stop until 0
current timestep 904
planning flow reduced
plan limit 762
compute initial stop until 0
current timestep 909
planning flow reduced
plan limit 743
compute initial stop until 0
current timestep 914
planning flow reduced
plan limit 775
compute initial stop until 0
current timestep 919
planning flow reduced
plan limit 792
compute initial stop until 0
current timestep 924
planning flow reduced
plan limit 757
compute initial stop until 0
current timestep 929
planning flow reduced
plan limit 793
compute initial stop until 0
current timestep 934
planning flow reduced
plan limit 802
compute initial stop until 0
current timestep 939
planning flow reduced
plan limit 792
compute initial stop until 0
current timestep 944
planning flow reduced
plan limit 747
compute initial stop until 0
current timestep 949
planning flow reduced
plan limit 751
compute initial stop until 0
current timestep 954
planning flow reduced
plan limit 752
compute initial stop until 0
current timestep 959
planning flow reduced
plan limit 747
compute initial stop until 0
current timestep 964
planning flow reduced
plan limit 784
compute initial stop until 0
current timestep 969
planning flow reduced
plan limit 762
compute initial stop until 0
current timestep 974
planning flow reduced
plan limit 798
compute initial stop until 0
current timestep 979
planning flow reduced
plan limit 796
compute initial stop until 0
current timestep 984
planning flow reduced
plan limit 713
compute initial stop until 0
current timestep 989
planning flow reduced
plan limit 729
compute initial stop until 0
current timestep 994
planning flow reduced
plan limit 714
compute initial stop until 0
current timestep 1000
planning flow reduced
plan limit 733
compute initial stop until 0
current timestep 1005
planning flow reduced
plan limit 732
compute initial stop until 0
current timestep 1010
planning flow reduced
plan limit 695
compute initial stop until 0
current timestep 1016
planning flow reduced
plan limit 781
compute initial stop until 0
current timestep 1021
planning flow reduced
plan limit 792
compute initial stop until 0
current timestep 1026
planning flow reduced
plan limit 736
compute initial stop until 0
current timestep 1031
planning flow reduced
plan limit 788
compute initial stop until 0
current timestep 1036
planning flow reduced
plan limit 789
compute initial stop until 0
current timestep 1041
planning flow reduced
plan limit 740
compute initial stop until 0
current timestep 1046
planning flow reduced
plan limit 793
compute initial stop until 0
current timestep 1051
planning flow reduced
plan limit 755
compute initial stop until 0
current timestep 1056
planning flow reduced
plan limit 746
compute initial stop until 0
current timestep 1061
planning flow reduced
plan limit 755
compute initial stop until 0
current timestep 1066
planning flow reduced
plan limit 800
compute initial stop until 0
current timestep 1071
planning flow reduced
plan limit 764
compute initial stop until 0
current timestep 1076
planning flow reduced
plan limit 799
compute initial stop until 0
current timestep 1081
planning flow reduced
plan limit 777
compute initial stop until 0
current timestep 1086
planning flow reduced
plan limit 800
compute initial stop until 0
current timestep 1091
planning flow reduced
plan limit 797
compute initial stop until 0
current timestep 1096
planning flow reduced
plan limit 797
compute initial stop until 0
current timestep 1101
planning flow reduced
plan limit 740
compute initial stop until 0
current timestep 1106
planning flow reduced
plan limit 800
compute initial stop until 0
current timestep 1111
planning flow reduced
plan limit 755
compute initial stop until 0
current timestep 1116
planning flow reduced
plan limit 800
compute initial stop until 0
current timestep 1121
planning flow reduced
plan limit 750
compute initial stop until 0
current timestep 1126
planning flow reduced
plan limit 797
compute initial stop until 0
current timestep 1131
planning flow reduced
plan limit 801
compute initial stop until 0
current timestep 1136
planning flow reduced
plan limit 634
compute initial stop until 0
current timestep 1142
planning flow reduced
plan limit 630
compute initial stop until 0
current timestep 1148
planning flow reduced
plan limit 800
compute initial stop until 0
current timestep 1154
planning flow reduced
plan limit 801
compute initial stop until 0
current timestep 1159
planning flow reduced
plan limit 800
compute initial stop until 0
current timestep 1164
planning flow reduced
plan limit 799
compute initial stop until 0
current timestep 1169
planning flow reduced
plan limit 804
compute initial stop until 0
current timestep 1174
planning flow reduced
plan limit 800
compute initial stop until 0
current timestep 1179
planning flow reduced
plan limit 800
compute initial stop until 0
current timestep 1184
planning flow reduced
plan limit 744
compute initial stop until 0
current timestep 1189
planning flow reduced
plan limit 759
compute initial stop until 0
current timestep 1194
planning flow reduced
plan limit 744
compute initial stop until 0
current timestep 1199
planning flow reduced
plan limit 642
compute initial stop until 0
current timestep 1205
planning flow reduced
plan limit 796
compute initial stop until 0
current timestep 1210
planning flow reduced
plan limit 803
compute initial stop until 0
current timestep 1215
planning flow reduced
plan limit 795
compute initial stop until 0
current timestep 1220
planning flow reduced
plan limit 793
compute initial stop until 0
current timestep 1225
planning flow reduced
plan limit 744
compute initial stop until 0
current timestep 1230
planning flow reduced
plan limit 759
compute initial stop until 0
current timestep 1235
planning flow reduced
plan limit 799
compute initial stop until 0
current timestep 1240
planning flow reduced
plan limit 750
compute initial stop until 0
current timestep 1245
planning flow reduced
plan limit 798
compute initial stop until 0
current timestep 1250
planning flow reduced
plan limit 799
compute initial stop until 0
current timestep 1255
planning flow reduced
plan limit 762
compute initial stop until 0
current timestep 1260
planning flow reduced
plan limit 801
compute initial stop until 0
current timestep 1265
planning flow reduced
plan limit 803
compute initial stop until 0
current timestep 1270
planning flow reduced
plan limit 800
compute initial stop until 0
current timestep 1275
planning flow reduced
plan limit 802
compute initial stop until 0
current timestep 1280
planning flow reduced
plan limit 747
compute initial stop until 0
current timestep 1285
planning flow reduced
plan limit 800
compute initial stop until 0
current timestep 1290
planning flow reduced
plan limit 795
compute initial stop until 0
current timestep 1295
planning flow reduced
plan limit 758
compute initial stop until 0
current timestep 1300
planning flow reduced
plan limit 798
compute initial stop until 0
current timestep 1305
planning flow reduced
plan limit 752
compute initial stop until 0
current timestep 1310
planning flow reduced
plan limit 753
compute initial stop until 0
current timestep 1315
planning flow reduced
plan limit 754
compute initial stop until 0
current timestep 1320
planning flow reduced
plan limit 650
compute initial stop until 0
current timestep 1325
planning flow reduced
plan limit 770
compute initial stop until 0
current timestep 1330
planning flow reduced
plan limit 645
compute initial stop until 0
current timestep 1335
planning flow reduced
plan limit 801
compute initial stop until 0
current timestep 1340
planning flow reduced
plan limit 797
compute initial stop until 0
current timestep 1345
planning flow reduced
plan limit 801
compute initial stop until 0
current timestep 1350
planning flow reduced
plan limit 798
compute initial stop until 0
current timestep 1355
planning flow reduced
plan limit 753
compute initial stop until 0
current timestep 1360
planning flow reduced
plan limit 799
compute initial stop until 0
current timestep 1365
planning flow reduced
plan limit 755
compute initial stop until 0
current timestep 1370
planning flow reduced
plan limit 752
compute initial stop until 0
current timestep 1375
planning flow reduced
plan limit 752
compute initial stop until 0
current timestep 1380
planning flow reduced
plan limit 797
compute initial stop until 0
current timestep 1385
planning flow reduced
plan limit 756
compute initial stop until 0
current timestep 1390
planning flow reduced
plan limit 763
compute initial stop until 0
current timestep 1395
planning flow reduced
plan limit 756
compute initial stop until 0
current timestep 1400
planning flow reduced
plan limit 747
compute initial stop until 0
current timestep 1405
planning flow reduced
plan limit 798
compute initial stop until 0
current timestep 1410
planning flow reduced
plan limit 798
compute initial stop until 0
current timestep 1415
planning flow reduced
plan limit 798
compute initial stop until 0
current timestep 1420
planning flow reduced
plan limit 795
compute initial stop until 0
current timestep 1425
planning flow reduced
plan limit 767
compute initial stop until 0
current timestep 1430
planning flow reduced
plan limit 798
compute initial stop until 0
current timestep 1435
planning flow reduced
plan limit 801
compute initial stop until 0
current timestep 1440
planning flow reduced
plan limit 635
compute initial stop until 0
current timestep 1445
planning flow reduced
plan limit 754
compute initial stop until 0
current timestep 1450
planning flow reduced
plan limit 764
compute initial stop until 0
current timestep 1455
planning flow reduced
plan limit 806
compute initial stop until 0
current timestep 1460
planning flow reduced
plan limit 751
compute initial stop until 0
current timestep 1464
planning flow reduced
plan limit 765
compute initial stop until 0
current timestep 1469
planning flow reduced
plan limit 799
compute initial stop until 0
current timestep 1474
planning flow reduced
plan limit 641
compute initial stop until 0
current timestep 1479
planning flow reduced
plan limit 791
compute initial stop until 0
current timestep 1484
planning flow reduced
plan limit 794
compute initial stop until 0
current timestep 1489
planning flow reduced
plan limit 729
compute initial stop until 0
current timestep 1494
planning flow reduced
plan limit 796
compute initial stop until 0
current timestep 1499
planning flow reduced
plan limit 801
compute initial stop until 0
current timestep 1504
planning flow reduced
plan limit 794
compute initial stop until 0
current timestep 1509
planning flow reduced
plan limit 759
compute initial stop until 0
current timestep 1514
planning flow reduced
plan limit 743
compute initial stop until 0
current timestep 1519
planning flow reduced
plan limit 759
compute initial stop until 0
current timestep 1524
planning flow reduced
plan limit 792
compute initial stop until 0
current timestep 1529
planning flow reduced
plan limit 805
compute initial stop until 0
current timestep 1534
planning flow reduced
plan limit 751
compute initial stop until 0
current timestep 1539
planning flow reduced
plan limit 767
compute initial stop until 0
current timestep 1543
planning flow reduced
plan limit 583
compute initial stop until 0
current timestep 1549
planning flow reduced
plan limit 761
compute initial stop until 0
current timestep 1554
planning flow reduced
plan limit 739
compute initial stop until 0
current timestep 1559
planning flow reduced
plan limit 794
compute initial stop until 0
current timestep 1564
planning flow reduced
plan limit 748
compute initial stop until 0
current timestep 1569
planning flow reduced
plan limit 786
compute initial stop until 0
current timestep 1574
planning flow reduced
plan limit 757
compute initial stop until 0
current timestep 1578
planning flow reduced
plan limit 730
compute initial stop until 0
current timestep 1583
planning flow reduced
plan limit 795
compute initial stop until 0
current timestep 1588
planning flow reduced
plan limit 790
compute initial stop until 0
current timestep 1592
planning flow reduced
plan limit 747
compute initial stop until 0
current timestep 1596
planning flow reduced
plan limit 626
compute initial stop until 0
current timestep 1601
planning flow reduced
plan limit 749
compute initial stop until 0
current timestep 1606
planning flow reduced
plan limit 617
compute initial stop until 0
current timestep 1611
planning flow reduced
plan limit 790
compute initial stop until 0
current timestep 1616
planning flow reduced
plan limit 791
compute initial stop until 0
current timestep 1620
planning flow reduced
plan limit 792
compute initial stop until 0
current timestep 1625
planning flow reduced
plan limit 632
compute initial stop until 0
current timestep 1630
planning flow reduced
plan limit 740
compute initial stop until 0
current timestep 1635
planning flow reduced
plan limit 735
compute initial stop until 0
current timestep 1640
planning flow reduced
plan limit 787
compute initial stop until 0
current timestep 1645
planning flow reduced
plan limit 788
compute initial stop until 0
current timestep 1649
planning flow reduced
plan limit 794
compute initial stop until 0
current timestep 1653
planning flow reduced
plan limit 787
compute initial stop until 0
current timestep 1657
planning flow reduced
plan limit 797
compute initial stop until 0
current timestep 1662
planning flow reduced
plan limit 780
compute initial stop until 0
current timestep 1667
planning flow reduced
plan limit 789
compute initial stop until 0
current timestep 1672
planning flow reduced
plan limit 789
compute initial stop until 0
current timestep 1677
planning flow reduced
plan limit 798
compute initial stop until 0
current timestep 1682
planning flow reduced
plan limit 753
compute initial stop until 0
current timestep 1687
planning flow reduced
plan limit 799
compute initial stop until 0
current timestep 1692
planning flow reduced
plan limit 798
compute initial stop until 0
current timestep 1697
planning flow reduced
plan limit 797
compute initial stop until 0
current timestep 1702
planning flow reduced
plan limit 765
compute initial stop until 0
current timestep 1707
planning flow reduced
plan limit 802
compute initial stop until 0
current timestep 1712
planning flow reduced
plan limit 799
compute initial stop until 0
current timestep 1717
planning flow reduced
plan limit 794
compute initial stop until 0
current timestep 1722
planning flow reduced
plan limit 798
compute initial stop until 0
current timestep 1727
planning flow reduced
plan limit 802
compute initial stop until 0
current timestep 1732
planning flow reduced
plan limit 746
compute initial stop until 0
current timestep 1737
planning flow reduced
plan limit 741
compute initial stop until 0
current timestep 1742
planning flow reduced
plan limit 742
compute initial stop until 0
current timestep 1747
planning flow reduced
plan limit 729
compute initial stop until 0
current timestep 1752
planning flow reduced
plan limit 648
compute initial stop until 0
current timestep 1757
planning flow reduced
plan limit 767
compute initial stop until 0
current timestep 1762
planning flow reduced
plan limit 749
compute initial stop until 0
current timestep 1767
planning flow reduced
plan limit 638
compute initial stop until 0
current timestep 1772
planning flow reduced
plan limit 796
compute initial stop until 0
current timestep 1777
planning flow reduced
plan limit 731
compute initial stop until 0
current timestep 1782
planning flow reduced
plan limit 797
compute initial stop until 0
current timestep 1787
planning flow reduced
plan limit 804
compute initial stop until 0
current timestep 1792
planning flow reduced
plan limit 737
compute initial stop until 0
current timestep 1797
planning flow reduced
plan limit 797
compute initial stop until 0
current timestep 1801
planning flow reduced
plan limit 797
compute initial stop until 0
current timestep 1806
planning flow reduced
plan limit 801
compute initial stop until 0
current timestep 1811
planning flow reduced
plan limit 764
compute initial stop until 0
current timestep 1816
planning flow reduced
plan limit 764
compute initial stop until 0
current timestep 1821
planning flow reduced
plan limit 750
compute initial stop until 0
current timestep 1826
planning flow reduced
plan limit 800
compute initial stop until 0
current timestep 1831
planning flow reduced
plan limit 799
compute initial stop until 0
current timestep 1835
planning flow reduced
plan limit 744
compute initial stop until 0
current timestep 1840
planning flow reduced
plan limit 801
compute initial stop until 0
current timestep 1845
planning flow reduced
plan limit 761
compute initial stop until 0
current timestep 1850
planning flow reduced
plan limit 767
compute initial stop until 0
current timestep 1854
planning flow reduced
plan limit 795
compute initial stop until 0
current timestep 1858
planning flow reduced
plan limit 666
compute initial stop until 0
current timestep 1864
planning flow reduced
plan limit 801
compute initial stop until 0
current timestep 1869
planning flow reduced
plan limit 745
compute initial stop until 0
current timestep 1874
planning flow reduced
plan limit 762
compute initial stop until 0
current timestep 1878
planning flow reduced
plan limit 798
compute initial stop until 0
current timestep 1882
planning flow reduced
plan limit 786
compute initial stop until 0
current timestep 1887
planning flow reduced
plan limit 797
compute initial stop until 0
current timestep 1892
planning flow reduced
plan limit 797
compute initial stop until 0
current timestep 1897
planning flow reduced
plan limit 665
compute initial stop until 0
current timestep 1902
planning flow reduced
plan limit 753
compute initial stop until 0
current timestep 1907
planning flow reduced
plan limit 805
compute initial stop until 0
current timestep 1912
planning flow reduced
plan limit 748
compute initial stop until 0
current timestep 1917
planning flow reduced
plan limit 804
compute initial stop until 0
current timestep 1922
planning flow reduced
plan limit 798
compute initial stop until 0
current timestep 1927
planning flow reduced
plan limit 761
compute initial stop until 0
current timestep 1931
planning flow reduced
plan limit 648
compute initial stop until 0
current timestep 1936
planning flow reduced
plan limit 804
compute initial stop until 0
current timestep 1941
planning flow reduced
plan limit 770
compute initial stop until 0
current timestep 1946
planning flow reduced
plan limit 799
compute initial stop until 0
current timestep 1951
planning flow reduced
plan limit 790
compute initial stop until 0
current timestep 1955
planning flow reduced
plan limit 794
compute initial stop until 0
current timestep 1959
planning flow reduced
plan limit 802
compute initial stop until 0
current timestep 1964
planning flow reduced
plan limit 749
compute initial stop until 0
current timestep 1969
planning flow reduced
plan limit 802
compute initial stop until 0
current timestep 1974
planning flow reduced
plan limit 797
compute initial stop until 0
current timestep 1979
planning flow reduced
plan limit 768
compute initial stop until 0
current timestep 1984
planning flow reduced
plan limit 748
compute initial stop until 0
current timestep 1989
planning flow reduced
plan limit 752
compute initial stop until 0
current timestep 1993
planning flow reduced
plan limit 796
compute initial stop until 0
current timestep 1997
planning flow reduced
plan limit 803
compute initial stop until 0
current timestep 2002
planning flow reduced
plan limit 799
compute initial stop until 0
current timestep 2007
planning flow reduced
plan limit 665
compute initial stop until 0
current timestep 2013
planning flow reduced
plan limit 767
compute initial stop until 0
current timestep 2018
planning flow reduced
plan limit 803
compute initial stop until 0
current timestep 2023
planning flow reduced
plan limit 805
compute initial stop until 0
current timestep 2028
planning flow reduced
plan limit 799
compute initial stop until 0
current timestep 2033
planning flow reduced
plan limit 805
compute initial stop until 0
current timestep 2037
planning flow reduced
plan limit 799
compute initial stop until 0
current timestep 2042
planning flow reduced
plan limit 800
compute initial stop until 0
current timestep 2047
planning flow reduced
plan limit 793
compute initial stop until 0
current timestep 2051
planning flow reduced
plan limit 746
compute initial stop until 0
current timestep 2055
planning flow reduced
plan limit 797
compute initial stop until 0
current timestep 2059
planning flow reduced
plan limit 753
compute initial stop until 0
current timestep 2063
planning flow reduced
plan limit 611
compute initial stop until 0
current timestep 2068
planning flow reduced
plan limit 796
compute initial stop until 0
current timestep 2072
planning flow reduced
plan limit 790
compute initial stop until 0
current timestep 2076
planning flow reduced
plan limit 747
compute initial stop until 0
current timestep 2081
planning flow reduced
plan limit 793
compute initial stop until 0
current timestep 2085
planning flow reduced
plan limit 766
compute initial stop until 0
current timestep 2089
planning flow reduced
plan limit 765
compute initial stop until 0
current timestep 2094
planning flow reduced
plan limit 758
compute initial stop until 0
current timestep 2099
planning flow reduced
plan limit 790
compute initial stop until 0
current timestep 2104
planning flow reduced
plan limit 793
compute initial stop until 0
current timestep 2108
planning flow reduced
plan limit 760
compute initial stop until 0
current timestep 2113
planning flow reduced
plan limit 746
compute initial stop until 0
current timestep 2118
planning flow reduced
plan limit 759
compute initial stop until 0
current timestep 2123
planning flow reduced
plan limit 789
compute initial stop until 0
current timestep 2127
planning flow reduced
plan limit 791
compute initial stop until 0
current timestep 2131
planning flow reduced
plan limit 655
compute initial stop until 0
current timestep 2136
planning flow reduced
plan limit 656
compute initial stop until 0
current timestep 2141
planning flow reduced
plan limit 749
compute initial stop until 0
current timestep 2146
planning flow reduced
plan limit 794
compute initial stop until 0
current timestep 2151
planning flow reduced
plan limit 776
compute initial stop until 0
current timestep 2155
planning flow reduced
plan limit 737
compute initial stop until 0
current timestep 2160
planning flow reduced
plan limit 747
compute initial stop until 0
current timestep 2165
planning flow reduced
plan limit 790
compute initial stop until 0
current timestep 2169
planning flow reduced
plan limit 757
compute initial stop until 0
current timestep 2174
planning flow reduced
plan limit 752
compute initial stop until 0
current timestep 2179
planning flow reduced
plan limit 744
compute initial stop until 0
current timestep 2184
planning flow reduced
plan limit 798
compute initial stop until 0
current timestep 2188
planning flow reduced
plan limit 796
compute initial stop until 0
current timestep 2192
planning flow reduced
plan limit 651
compute initial stop until 0
current timestep 2197
planning flow reduced
plan limit 737
compute initial stop until 0
current timestep 2202
planning flow reduced
plan limit 743
compute initial stop until 0
current timestep 2207
planning flow reduced
plan limit 796
compute initial stop until 0
current timestep 2211
planning flow reduced
plan limit 739
compute initial stop until 0
current timestep 2216
planning flow reduced
plan limit 759
compute initial stop until 0
current timestep 2221
planning flow reduced
plan limit 789
compute initial stop until 0
current timestep 2225
planning flow reduced
plan limit 722
compute initial stop until 0
current timestep 2230
planning flow reduced
plan limit 799
compute initial stop until 0
current timestep 2235
planning flow reduced
plan limit 791
compute initial stop until 0
current timestep 2239
planning flow reduced
plan limit 754
compute initial stop until 0
current timestep 2243
planning flow reduced
plan limit 743
compute initial stop until 0
current timestep 2248
planning flow reduced
plan limit 792
compute initial stop until 0
current timestep 2252
planning flow reduced
plan limit 755
compute initial stop until 0
current timestep 2257
planning flow reduced
plan limit 788
compute initial stop until 0
current timestep 2261
planning flow reduced
plan limit 797
compute initial stop until 0
current timestep 2266
planning flow reduced
plan limit 786
compute initial stop until 0
current timestep 2270
planning flow reduced
plan limit 791
compute initial stop until 0
current timestep 2275
planning flow reduced
plan limit 732
compute initial stop until 0
current timestep 2280
planning flow reduced
plan limit 739
compute initial stop until 0
current timestep 2287
planning flow reduced
plan limit 778
compute initial stop until 0
current timestep 2292
planning flow reduced
plan limit 723
compute initial stop until 0
current timestep 2297
planning flow reduced
plan limit 734
compute initial stop until 0
current timestep 2302
planning flow reduced
plan limit 791
compute initial stop until 0
current timestep 2307
planning flow reduced
plan limit 796
compute initial stop until 0
current timestep 2312
planning flow reduced
plan limit 792
compute initial stop until 0
current timestep 2317
planning flow reduced
plan limit 639
compute initial stop until 0
current timestep 2322
planning flow reduced
plan limit 784
compute initial stop until 0
current timestep 2326
planning flow reduced
plan limit 798
compute initial stop until 0
current timestep 2331
planning flow reduced
plan limit 794
compute initial stop until 0
current timestep 2336
planning flow reduced
plan limit 752
compute initial stop until 0
current timestep 2341
planning flow reduced
plan limit 793
compute initial stop until 0
current timestep 2345
planning flow reduced
plan limit 802
compute initial stop until 0
current timestep 2350
planning flow reduced
plan limit 790
compute initial stop until 0
current timestep 2354
planning flow reduced
plan limit 753
compute initial stop until 0
current timestep 2358
planning flow reduced
plan limit 755
compute initial stop until 0
current timestep 2363
planning flow reduced
plan limit 791
compute initial stop until 0
current timestep 2368
planning flow reduced
plan limit 797
compute initial stop until 0
current timestep 2372
planning flow reduced
plan limit 635
compute initial stop until 0
current timestep 2377
planning flow reduced
plan limit 798
compute initial stop until 0
current timestep 2381
planning flow reduced
plan limit 750
compute initial stop until 0
current timestep 2386
planning flow reduced
plan limit 792
compute initial stop until 0
current timestep 2391
planning flow reduced
plan limit 796
compute initial stop until 0
current timestep 2395
planning flow reduced
plan limit 795
compute initial stop until 0
current timestep 2399
planning flow reduced
plan limit 765
compute initial stop until 0
current timestep 2403
planning flow reduced
plan limit 796
compute initial stop until 0
current timestep 2407
planning flow reduced
plan limit 803
compute initial stop until 0
current timestep 2411
planning flow reduced
plan limit 761
compute initial stop until 0
current timestep 2415
planning flow reduced
plan limit 798
compute initial stop until 0
current timestep 2419
planning flow reduced
plan limit 782
compute initial stop until 0
current timestep 2423
planning flow reduced
plan limit 798
compute initial stop until 0
current timestep 2427
planning flow reduced
plan limit 747
compute initial stop until 0
current timestep 2431
planning flow reduced
plan limit 757
compute initial stop until 0
current timestep 2436
planning flow reduced
plan limit 765
compute initial stop until 0
current timestep 2440
planning flow reduced
plan limit 795
compute initial stop until 0
current timestep 2444
planning flow reduced
plan limit 800
compute initial stop until 0
current timestep 2448
planning flow reduced
plan limit 789
compute initial stop until 0
current timestep 2452
planning flow reduced
plan limit 764
compute initial stop until 0
current timestep 2456
planning flow reduced
plan limit 794
compute initial stop until 0
current timestep 2460
planning flow reduced
plan limit 758
compute initial stop until 0
current timestep 2465
planning flow reduced
plan limit 795
compute initial stop until 0
current timestep 2469
planning flow reduced
plan limit 802
compute initial stop until 0
current timestep 2473
planning flow reduced
plan limit 786
compute initial stop until 0
current timestep 2477
planning flow reduced
plan limit 796
compute initial stop until 0
current timestep 2482
planning flow reduced
plan limit 792
compute initial stop until 0
current timestep 2486
planning flow reduced
plan limit 762
compute initial stop until 0
current timestep 2490
planning flow reduced
plan limit 739
compute initial stop until 0
current timestep 2495
planning flow reduced
plan limit 795
compute initial stop until 0
current timestep 2499
planning flow reduced
plan limit 749
compute initial stop until 0
current timestep 2504
planning flow reduced
plan limit 755
compute initial stop until 0
current timestep 2508
planning flow reduced
plan limit 794
compute initial stop until 0
current timestep 2512
planning flow reduced
plan limit 801
compute initial stop until 0
current timestep 2516
planning flow reduced
plan limit 795
compute initial stop until 0
current timestep 2520
planning flow reduced
plan limit 798
compute initial stop until 0
current timestep 2524
planning flow reduced
plan limit 795
compute initial stop until 0
current timestep 2528
planning flow reduced
plan limit 799
compute initial stop until 0
current timestep 2532
planning flow reduced
plan limit 797
compute initial stop until 0
current timestep 2536
planning flow reduced
plan limit 801
compute initial stop until 0
current timestep 2540
planning flow reduced
plan limit 793
compute initial stop until 0
current timestep 2544
planning flow reduced
plan limit 748
compute initial stop until 0
current timestep 2548
planning flow reduced
plan limit 760
compute initial stop until 0
current timestep 2552
planning flow reduced
plan limit 803
compute initial stop until 0
current timestep 2556
planning flow reduced
plan limit 757
compute initial stop until 0
current timestep 2561
planning flow reduced
plan limit 799
compute initial stop until 0
current timestep 2565
planning flow reduced
plan limit 796
compute initial stop until 0
current timestep 2569
planning flow reduced
plan limit 802
compute initial stop until 0
current timestep 2573
planning flow reduced
plan limit 784
compute initial stop until 0
current timestep 2577
planning flow reduced
plan limit 790
compute initial stop until 0
current timestep 2581
planning flow reduced
plan limit 797
compute initial stop until 0
current timestep 2585
planning flow reduced
plan limit 799
compute initial stop until 0
current timestep 2590
planning flow reduced
plan limit 761
compute initial stop until 0
current timestep 2594
planning flow reduced
plan limit 750
compute initial stop until 0
current timestep 2598
planning flow reduced
plan limit 741
compute initial stop until 0
current timestep 2603
planning flow reduced
plan limit 755
compute initial stop until 0
current timestep 2607
planning flow reduced
plan limit 750
compute initial stop until 0
current timestep 2611
planning flow reduced
plan limit 737
compute initial stop until 0
current timestep 2616
planning flow reduced
plan limit 784
compute initial stop until 0
current timestep 2620
planning flow reduced
plan limit 797
compute initial stop until 0
current timestep 2624
planning flow reduced
plan limit 783
compute initial stop until 0
current timestep 2628
planning flow reduced
plan limit 743
compute initial stop until 0
current timestep 2632
planning flow reduced
plan limit 737
compute initial stop until 0
current timestep 2637
planning flow reduced
plan limit 749
compute initial stop until 0
current timestep 2641
planning flow reduced
plan limit 739
compute initial stop until 0
current timestep 2645
planning flow reduced
plan limit 756
compute initial stop until 0
current timestep 2649
planning flow reduced
plan limit 782
compute initial stop until 0
current timestep 2653
planning flow reduced
plan limit 797
compute initial stop until 0
current timestep 2657
planning flow reduced
plan limit 794
compute initial stop until 0
current timestep 2661
planning flow reduced
plan limit 802
compute initial stop until 0
current timestep 2665
planning flow reduced
plan limit 782
compute initial stop until 0
current timestep 2669
planning flow reduced
plan limit 794
compute initial stop until 0
current timestep 2673
planning flow reduced
plan limit 741
compute initial stop until 0
current timestep 2677
planning flow reduced
plan limit 792
compute initial stop until 0
current timestep 2681
planning flow reduced
plan limit 787
compute initial stop until 0
current timestep 2685
planning flow reduced
plan limit 742
compute initial stop until 0
current timestep 2689
planning flow reduced
plan limit 786
compute initial stop until 0
current timestep 2693
planning flow reduced
plan limit 744
compute initial stop until 0
current timestep 2698
planning flow reduced
plan limit 792
compute initial stop until 0
current timestep 2702
planning flow reduced
plan limit 789
compute initial stop until 0
current timestep 2706
planning flow reduced
plan limit 743
compute initial stop until 0
current timestep 2711
planning flow reduced
plan limit 787
compute initial stop until 0
current timestep 2715
planning flow reduced
plan limit 784
compute initial stop until 0
current timestep 2719
planning flow reduced
plan limit 630
compute initial stop until 0
current timestep 2724
planning flow reduced
plan limit 754
compute initial stop until 0
current timestep 2728
planning flow reduced
plan limit 730
compute initial stop until 0
current timestep 2733
planning flow reduced
plan limit 790
compute initial stop until 0
current timestep 2737
planning flow reduced
plan limit 782
compute initial stop until 0
current timestep 2741
planning flow reduced
plan limit 749
compute initial stop until 0
current timestep 2746
planning flow reduced
plan limit 742
compute initial stop until 0
current timestep 2751
planning flow reduced
plan limit 793
compute initial stop until 0
current timestep 2755
planning flow reduced
plan limit 780
compute initial stop until 0
current timestep 2759
planning flow reduced
plan limit 795
compute initial stop until 0
current timestep 2763
planning flow reduced
plan limit 734
compute initial stop until 0
current timestep 2768
planning flow reduced
plan limit 744
compute initial stop until 0
current timestep 2773
planning flow reduced
plan limit 741
compute initial stop until 0
current timestep 2777
planning flow reduced
plan limit 735
compute initial stop until 0
current timestep 2782
planning flow reduced
plan limit 785
compute initial stop until 0
current timestep 2786
planning flow reduced
plan limit 747
compute initial stop until 0
current timestep 2790
planning flow reduced
plan limit 794
compute initial stop until 0
current timestep 2794
planning flow reduced
plan limit 782
compute initial stop until 0
current timestep 2798
planning flow reduced
plan limit 792
compute initial stop until 0
current timestep 2802
planning flow reduced
plan limit 785
compute initial stop until 0
current timestep 2806
planning flow reduced
plan limit 794
compute initial stop until 0
current timestep 2810
planning flow reduced
plan limit 746
compute initial stop until 0
current timestep 2815
planning flow reduced
plan limit 790
compute initial stop until 0
current timestep 2819
planning flow reduced
plan limit 790
compute initial stop until 0
current timestep 2823
planning flow reduced
plan limit 683
compute initial stop until 0
current timestep 2829
planning flow reduced
plan limit 790
compute initial stop until 0
current timestep 2833
planning flow reduced
plan limit 782
compute initial stop until 0
current timestep 2837
planning flow reduced
plan limit 788
compute initial stop until 0
current timestep 2841
planning flow reduced
plan limit 728
compute initial stop until 0
current timestep 2846
planning flow reduced
plan limit 787
compute initial stop until 0
current timestep 2851
planning flow reduced
plan limit 729
compute initial stop until 0
current timestep 2856
planning flow reduced
plan limit 795
compute initial stop until 0
current timestep 2860
planning flow reduced
plan limit 630
compute initial stop until 0
current timestep 2865
planning flow reduced
plan limit 730
compute initial stop until 0
current timestep 2869
planning flow reduced
plan limit 782
compute initial stop until 0
current timestep 2873
planning flow reduced
plan limit 772
compute initial stop until 0
current timestep 2877
planning flow reduced
plan limit 786
compute initial stop until 0
current timestep 2881
planning flow reduced
plan limit 764
compute initial stop until 0
current timestep 2885
planning flow reduced
plan limit 787
compute initial stop until 0
current timestep 2889
planning flow reduced
plan limit 800
compute initial stop until 0
current timestep 2893
planning flow reduced
plan limit 743
compute initial stop until 0
current timestep 2897
planning flow reduced
plan limit 802
compute initial stop until 0
current timestep 2901
planning flow reduced
plan limit 791
compute initial stop until 0
current timestep 2905
planning flow reduced
plan limit 798
compute initial stop until 0
current timestep 2909
planning flow reduced
plan limit 791
compute initial stop until 0
current timestep 2913
planning flow reduced
plan limit 793
compute initial stop until 0
current timestep 2917
planning flow reduced
plan limit 795
compute initial stop until 0
current timestep 2921
planning flow reduced
plan limit 791
compute initial stop until 0
current timestep 2925
planning flow reduced
plan limit 798
compute initial stop until 0
current timestep 2929
planning flow reduced
plan limit 791
compute initial stop until 0
current timestep 2933
planning flow reduced
plan limit 754
compute initial stop until 0
current timestep 2937
planning flow reduced
plan limit 758
compute initial stop until 0
current timestep 2941
planning flow reduced
plan limit 795
compute initial stop until 0
current timestep 2945
planning flow reduced
plan limit 757
compute initial stop until 0
current timestep 2949
planning flow reduced
plan limit 792
compute initial stop until 0
current timestep 2953
planning flow reduced
plan limit 750
compute initial stop until 0
current timestep 2957
planning flow reduced
plan limit 789
compute initial stop until 0
current timestep 2961
planning flow reduced
plan limit 763
compute initial stop until 0
current timestep 2965
planning flow reduced
plan limit 793
compute initial stop until 0
current timestep 2969
planning flow reduced
plan limit 800
compute initial stop until 0
current timestep 2973
planning flow reduced
plan limit 787
compute initial stop until 0
current timestep 2977
planning flow reduced
plan limit 752
compute initial stop until 0
current timestep 2981
planning flow reduced
plan limit 791
compute initial stop until 0
current timestep 2985
planning flow reduced
plan limit 758
compute initial stop until 0
current timestep 2989
planning flow reduced
plan limit 745
compute initial stop until 0
current timestep 2993
planning flow reduced
plan limit 749
compute initial stop until 0
current timestep 2997
planning flow reduced
plan limit 791
compute initial stop until 0
current timestep 3001
planning flow reduced
plan limit 764
compute initial stop until 0
current timestep 3005
planning flow reduced
plan limit 756
compute initial stop until 0
current timestep 3009
planning flow reduced
plan limit 800
compute initial stop until 0
current timestep 3013
planning flow reduced
plan limit 790
compute initial stop until 0
current timestep 3017
planning flow reduced
plan limit 798
compute initial stop until 0
current timestep 3021
planning flow reduced
plan limit 744
compute initial stop until 0
current timestep 3025
planning flow reduced
plan limit 797
compute initial stop until 0
current timestep 3029
planning flow reduced
plan limit 757
compute initial stop until 0
current timestep 3033
planning flow reduced
plan limit 793
compute initial stop until 0
current timestep 3037
planning flow reduced
plan limit 763
compute initial stop until 0
current timestep 3041
planning flow reduced
plan limit 790
compute initial stop until 0
current timestep 3045
planning flow reduced
plan limit 793
compute initial stop until 0
current timestep 3049
planning flow reduced
plan limit 766
compute initial stop until 0
current timestep 3053
planning flow reduced
plan limit 757
compute initial stop until 0
current timestep 3057
planning flow reduced
plan limit 792
compute initial stop until 0
current timestep 3061
planning flow reduced
plan limit 800
compute initial stop until 0
current timestep 3065
planning flow reduced
plan limit 791
compute initial stop until 0
current timestep 3069
planning flow reduced
plan limit 756
compute initial stop until 0
current timestep 3073
planning flow reduced
plan limit 756
compute initial stop until 0
current timestep 3077
planning flow reduced
plan limit 795
compute initial stop until 0
current timestep 3081
planning flow reduced
plan limit 793
compute initial stop until 0
current timestep 3085
planning flow reduced
plan limit 799
compute initial stop until 0
current timestep 3089
planning flow reduced
plan limit 750
compute initial stop until 0
current timestep 3093
planning flow reduced
plan limit 750
compute initial stop until 0
current timestep 3097
planning flow reduced
plan limit 763
compute initial stop until 0
current timestep 3101
planning flow reduced
plan limit 763
compute initial stop until 0
current timestep 3105
planning flow reduced
plan limit 788
compute initial stop until 0
current timestep 3109
planning flow reduced
plan limit 750
compute initial stop until 0
current timestep 3113
planning flow reduced
plan limit 787
compute initial stop until 0
current timestep 3117
planning flow reduced
plan limit 747
compute initial stop until 0
current timestep 3121
planning flow reduced
plan limit 752
compute initial stop until 0
current timestep 3125
planning flow reduced
plan limit 797
compute initial stop until 0
current timestep 3129
planning flow reduced
plan limit 640
compute initial stop until 0
current timestep 3134
planning flow reduced
plan limit 744
compute initial stop until 0
current timestep 3138
planning flow reduced
plan limit 749
compute initial stop until 0
current timestep 3142
planning flow reduced
plan limit 794
compute initial stop until 0
current timestep 3146
planning flow reduced
plan limit 791
compute initial stop until 0
current timestep 3150
planning flow reduced
plan limit 638
compute initial stop until 0
current timestep 3156
planning flow reduced
plan limit 788
compute initial stop until 0
current timestep 3160
planning flow reduced
plan limit 800
compute initial stop until 0
current timestep 3164
planning flow reduced
plan limit 792
compute initial stop until 0
current timestep 3168
planning flow reduced
plan limit 753
compute initial stop until 0
current timestep 3172
planning flow reduced
plan limit 785
compute initial stop until 0
current timestep 3176
planning flow reduced
plan limit 798
compute initial stop until 0
current timestep 3180
planning flow reduced
plan limit 785
compute initial stop until 0
current timestep 3184
planning flow reduced
plan limit 795
compute initial stop until 0
current timestep 3188
planning flow reduced
plan limit 788
compute initial stop until 0
current timestep 3195
planning flow reduced
plan limit 788
compute initial stop until 0
current timestep 3199
planning flow reduced
plan limit 739
compute initial stop until 0
current timestep 3203
planning flow reduced
plan limit 729
compute initial stop until 0
current timestep 3210
planning flow reduced
plan limit 788
compute initial stop until 0
current timestep 3214
planning flow reduced
plan limit 750
compute initial stop until 0
current timestep 3218
planning flow reduced
plan limit 791
compute initial stop until 0
current timestep 3222
planning flow reduced
plan limit 791
compute initial stop until 0
current timestep 3227
planning flow reduced
plan limit 741
compute initial stop until 0
current timestep 3231
planning flow reduced
plan limit 681
compute initial stop until 0
current timestep 3239
planning flow reduced
plan limit 731
compute initial stop until 0
current timestep 3244
planning flow reduced
plan limit 733
compute initial stop until 0
current timestep 3253
planning flow reduced
plan limit 733
compute initial stop until 0
current timestep 3258
planning flow reduced
plan limit 727
compute initial stop until 0
current timestep 3263
planning flow reduced
plan limit 751
compute initial stop until 0
current timestep 3267
planning flow reduced
plan limit 783
compute initial stop until 0
current timestep 3271
planning flow reduced
plan limit 790
compute initial stop until 0
current timestep 3275
planning flow reduced
plan limit 784
compute initial stop until 0
current timestep 3279
planning flow reduced
plan limit 789
compute initial stop until 0
current timestep 3283
planning flow reduced
plan limit 787
compute initial stop until 0
current timestep 3287
planning flow reduced
plan limit 777
compute initial stop until 0
current timestep 3291
planning flow reduced
plan limit 784
compute initial stop until 0
current timestep 3295
planning flow reduced
plan limit 721
compute initial stop until 0
current timestep 3300
planning flow reduced
plan limit 789
compute initial stop until 0
current timestep 3304
planning flow reduced
plan limit 785
compute initial stop until 0
current timestep 3308
planning flow reduced
plan limit 789
compute initial stop until 0
current timestep 3312
planning flow reduced
plan limit 784
compute initial stop until 0
current timestep 3316
planning flow reduced
plan limit 788
compute initial stop until 0
current timestep 3320
planning flow reduced
plan limit 758
compute initial stop until 0
current timestep 3324
planning flow reduced
plan limit 788
compute initial stop until 0
current timestep 3328
planning flow reduced
plan limit 795
compute initial stop until 0
current timestep 3332
planning flow reduced
plan limit 789
compute initial stop until 0
current timestep 3336
planning flow reduced
plan limit 782
compute initial stop until 0
current timestep 3340
planning flow reduced
plan limit 775
compute initial stop until 0
current timestep 3344
planning flow reduced
plan limit 796
compute initial stop until 0
current timestep 3348
planning flow reduced
plan limit 778
compute initial stop until 0
current timestep 3352
planning flow reduced
plan limit 792
compute initial stop until 0
current timestep 3356
planning flow reduced
plan limit 740
compute initial stop until 0
current timestep 3360
planning flow reduced
plan limit 738
compute initial stop until 0
current timestep 3364
planning flow reduced
plan limit 783
compute initial stop until 0
current timestep 3368
planning flow reduced
plan limit 795
compute initial stop until 0
current timestep 3372
planning flow reduced
plan limit 733
compute initial stop until 0
current timestep 3376
planning flow reduced
plan limit 785
compute initial stop until 0
current timestep 3380
planning flow reduced
plan limit 778
compute initial stop until 0
current timestep 3385
planning flow reduced
plan limit 738
compute initial stop until 0
current timestep 3390
planning flow reduced
plan limit 778
compute initial stop until 0
current timestep 3394
planning flow reduced
plan limit 788
compute initial stop until 0
current timestep 3398
planning flow reduced
plan limit 778
compute initial stop until 0
current timestep 3402
planning flow reduced
plan limit 786
compute initial stop until 0
current timestep 3406
planning flow reduced
plan limit 767
compute initial stop until 0
current timestep 3410
planning flow reduced
plan limit 748
compute initial stop until 0
current timestep 3414
planning flow reduced
plan limit 692
compute initial stop until 0
current timestep 3419
planning flow reduced
plan limit 783
compute initial stop until 0
current timestep 3423
planning flow reduced
plan limit 730
compute initial stop until 0
current timestep 3427
planning flow reduced
plan limit 788
compute initial stop until 0
current timestep 3431
planning flow reduced
plan limit 799
compute initial stop until 0
current timestep 3435
planning flow reduced
plan limit 786
compute initial stop until 0
current timestep 3439
planning flow reduced
plan limit 745
compute initial stop until 0
current timestep 3443
planning flow reduced
plan limit 753
compute initial stop until 0
current timestep 3447
planning flow reduced
plan limit 755
compute initial stop until 0
current timestep 3451
planning flow reduced
plan limit 781
compute initial stop until 0
current timestep 3455
planning flow reduced
plan limit 794
compute initial stop until 0
current timestep 3459
planning flow reduced
plan limit 790
compute initial stop until 0
current timestep 3463
planning flow reduced
plan limit 795
compute initial stop until 0
current timestep 3467
planning flow reduced
plan limit 732
compute initial stop until 0
current timestep 3471
planning flow reduced
plan limit 761
compute initial stop until 0
current timestep 3475
planning flow reduced
plan limit 739
compute initial stop until 0
current timestep 3479
planning flow reduced
plan limit 753
compute initial stop until 0
current timestep 3483
planning flow reduced
plan limit 645
compute initial stop until 0
current timestep 3489
planning flow reduced
plan limit 788
compute initial stop until 0
current timestep 3493
planning flow reduced
plan limit 645
compute initial stop until 0
current timestep 3498
planning flow reduced
plan limit 799
compute initial stop until 0
current timestep 3502
planning flow reduced
plan limit 794
compute initial stop until 0
current timestep 3506
planning flow reduced
plan limit 790
compute initial stop until 0
current timestep 3510
planning flow reduced
plan limit 756
compute initial stop until 0
current timestep 3514
planning flow reduced
plan limit 788
compute initial stop until 0
current timestep 3518
planning flow reduced
plan limit 751
compute initial stop until 0
current timestep 3522
planning flow reduced
plan limit 739
compute initial stop until 0
current timestep 3526
planning flow reduced
plan limit 748
compute initial stop until 0
current timestep 3530
planning flow reduced
plan limit 789
compute initial stop until 0
current timestep 3534
planning flow reduced
plan limit 797
compute initial stop until 0
current timestep 3538
planning flow reduced
plan limit 788
compute initial stop until 0
current timestep 3542
planning flow reduced
plan limit 760
compute initial stop until 0
current timestep 3546
planning flow reduced
plan limit 776
compute initial stop until 0
current timestep 3552
planning flow reduced
plan limit 794
compute initial stop until 0
current timestep 3556
planning flow reduced
plan limit 751
compute initial stop until 0
current timestep 3560
planning flow reduced
plan limit 795
compute initial stop until 0
current timestep 3564
planning flow reduced
plan limit 786
compute initial stop until 0
current timestep 3568
planning flow reduced
plan limit 747
compute initial stop until 0
current timestep 3572
planning flow reduced
plan limit 730
compute initial stop until 0
current timestep 3576
planning flow reduced
plan limit 796
compute initial stop until 0
current timestep 3580
planning flow reduced
plan limit 741
compute initial stop until 0
current timestep 3584
planning flow reduced
plan limit 796
compute initial stop until 0
current timestep 3588
planning flow reduced
plan limit 699
compute initial stop until 0
current timestep 3593
planning flow reduced
plan limit 749
compute initial stop until 0
current timestep 3597
planning flow reduced
plan limit 787
compute initial stop until 0
current timestep 3601
planning flow reduced
plan limit 793
compute initial stop until 0
current timestep 3605
planning flow reduced
plan limit 739
compute initial stop until 0
current timestep 3609
planning flow reduced
plan limit 757
compute initial stop until 0
current timestep 3613
planning flow reduced
plan limit 789
compute initial stop until 0
current timestep 3617
planning flow reduced
plan limit 749
compute initial stop until 0
current timestep 3622
planning flow reduced
plan limit 748
compute initial stop until 0
current timestep 3626
planning flow reduced
plan limit 747
compute initial stop until 0
current timestep 3630
planning flow reduced
plan limit 786
compute initial stop until 0
current timestep 3634
planning flow reduced
plan limit 758
compute initial stop until 0
current timestep 3638
planning flow reduced
plan limit 791
compute initial stop until 0
current timestep 3642
planning flow reduced
plan limit 795
compute initial stop until 0
current timestep 3646
planning flow reduced
plan limit 789
compute initial stop until 0
current timestep 3651
planning flow reduced
plan limit 761
compute initial stop until 0
current timestep 3655
planning flow reduced
plan limit 785
compute initial stop until 0
current timestep 3658
planning flow reduced
plan limit 762
compute initial stop until 0
current timestep 3662
planning flow reduced
plan limit 789
compute initial stop until 0
current timestep 3665
planning flow reduced
plan limit 799
compute initial stop until 0
current timestep 3669
planning flow reduced
plan limit 791
compute initial stop until 0
current timestep 3673
planning flow reduced
plan limit 758
compute initial stop until 0
current timestep 3677
planning flow reduced
plan limit 787
compute initial stop until 0
current timestep 3681
planning flow reduced
plan limit 794
compute initial stop until 0
current timestep 3684
planning flow reduced
plan limit 793
compute initial stop until 0
current timestep 3688
planning flow reduced
plan limit 746
compute initial stop until 0
current timestep 3691
planning flow reduced
plan limit 801
compute initial stop until 0
current timestep 3695
planning flow reduced
plan limit 738
compute initial stop until 0
current timestep 3699
planning flow reduced
plan limit 799
compute initial stop until 0
current timestep 3703
planning flow reduced
plan limit 788
compute initial stop until 0
current timestep 3707
planning flow reduced
plan limit 753
compute initial stop until 0
current timestep 3711
planning flow reduced
plan limit 787
compute initial stop until 0
current timestep 3714
planning flow reduced
plan limit 752
compute initial stop until 0
current timestep 3718
planning flow reduced
plan limit 757
compute initial stop until 0
current timestep 3722
planning flow reduced
plan limit 796
compute initial stop until 0
current timestep 3726
planning flow reduced
plan limit 787
compute initial stop until 0
current timestep 3730
planning flow reduced
plan limit 753
compute initial stop until 0
current timestep 3734
planning flow reduced
plan limit 787
compute initial stop until 0
current timestep 3737
planning flow reduced
plan limit 802
compute initial stop until 0
current timestep 3741
planning flow reduced
plan limit 786
compute initial stop until 0
current timestep 3745
planning flow reduced
plan limit 798
compute initial stop until 0
current timestep 3749
planning flow reduced
plan limit 789
compute initial stop until 0
current timestep 3753
planning flow reduced
plan limit 800
compute initial stop until 0
current timestep 3758
planning flow reduced
plan limit 745
compute initial stop until 0
current timestep 3766
planning flow reduced
plan limit 743
compute initial stop until 0
current timestep 3773
planning flow reduced
plan limit 732
compute initial stop until 0
current timestep 3778
planning flow reduced
plan limit 790
compute initial stop until 0
current timestep 3782
planning flow reduced
plan limit 748
compute initial stop until 0
current timestep 3789
planning flow reduced
plan limit 781
compute initial stop until 0
current timestep 3793
planning flow reduced
plan limit 728
compute initial stop until 0
current timestep 3798
planning flow reduced
plan limit 784
compute initial stop until 0
current timestep 3802
planning flow reduced
plan limit 773
compute initial stop until 0
current timestep 3807
planning flow reduced
plan limit 771
compute initial stop until 0
current timestep 3811
planning flow reduced
plan limit 727
compute initial stop until 0
current timestep 3815
planning flow reduced
plan limit 779
compute initial stop until 0
current timestep 3819
planning flow reduced
plan limit 773
compute initial stop until 0
current timestep 3823
planning flow reduced
plan limit 777
compute initial stop until 0
current timestep 3827
planning flow reduced
plan limit 736
compute initial stop until 0
current timestep 3831
planning flow reduced
plan limit 777
compute initial stop until 0
current timestep 3835
planning flow reduced
plan limit 792
compute initial stop until 0
current timestep 3839
planning flow reduced
plan limit 780
compute initial stop until 0
current timestep 3843
planning flow reduced
plan limit 736
compute initial stop until 0
current timestep 3847
planning flow reduced
plan limit 737
compute initial stop until 0
current timestep 3854
planning flow reduced
plan limit 773
compute initial stop until 0
current timestep 3859
planning flow reduced
plan limit 747
compute initial stop until 0
current timestep 3865
planning flow reduced
plan limit 777
compute initial stop until 0
current timestep 3870
planning flow reduced
plan limit 764
compute initial stop until 0
current timestep 3875
planning flow reduced
plan limit 732
compute initial stop until 0
current timestep 3882
planning flow reduced
plan limit 646
compute initial stop until 0
current timestep 3887
planning flow reduced
plan limit 773
compute initial stop until 0
current timestep 3892
planning flow reduced
plan limit 615
compute initial stop until 0
current timestep 3898
planning flow reduced
plan limit 728
compute initial stop until 0
current timestep 3904
planning flow reduced
plan limit 778
compute initial stop until 0
current timestep 3908
planning flow reduced
plan limit 776
compute initial stop until 0
current timestep 3912
planning flow reduced
plan limit 743
compute initial stop until 0
current timestep 3916
planning flow reduced
plan limit 781
compute initial stop until 0
current timestep 3921
planning flow reduced
plan limit 788
compute initial stop until 0
current timestep 3925
planning flow reduced
plan limit 784
compute initial stop until 0
current timestep 3929
planning flow reduced
plan limit 743
compute initial stop until 0
current timestep 3934
planning flow reduced
plan limit 788
compute initial stop until 0
current timestep 3938
planning flow reduced
plan limit 794
compute initial stop until 0
current timestep 3942
planning flow reduced
plan limit 737
compute initial stop until 0
current timestep 3947
planning flow reduced
plan limit 795
compute initial stop until 0
current timestep 3951
planning flow reduced
plan limit 774
compute initial stop until 0
current timestep 3955
planning flow reduced
plan limit 792
compute initial stop until 0
current timestep 3959
planning flow reduced
plan limit 789
compute initial stop until 0
current timestep 3963
planning flow reduced
plan limit 795
compute initial stop until 0
current timestep 3967
planning flow reduced
plan limit 787
compute initial stop until 0
current timestep 3971
planning flow reduced
plan limit 796
compute initial stop until 0
current timestep 3975
planning flow reduced
plan limit 786
compute initial stop until 0
current timestep 3979
planning flow reduced
plan limit 797
compute initial stop until 0
current timestep 3983
planning flow reduced
plan limit 787
compute initial stop until 0
current timestep 3987
planning flow reduced
plan limit 796
compute initial stop until 0
current timestep 3991
planning flow reduced
plan limit 785
compute initial stop until 0
current timestep 3995
planning flow reduced
plan limit 795
compute initial stop until 0
current timestep 3999
planning flow reduced
plan limit 743
compute initial stop until 0
current timestep 4004
planning flow reduced
plan limit 797
compute initial stop until 0
current timestep 4008
planning flow reduced
plan limit 787
compute initial stop until 0
current timestep 4012
planning flow reduced
plan limit 795
compute initial stop until 0
current timestep 4016
planning flow reduced
plan limit 787
compute initial stop until 0
current timestep 4020
planning flow reduced
plan limit 796
compute initial stop until 0
current timestep 4024
planning flow reduced
plan limit 788
compute initial stop until 0
current timestep 4028
planning flow reduced
plan limit 735
compute initial stop until 0
current timestep 4033
planning flow reduced
plan limit 749
compute initial stop until 0
current timestep 4038
planning flow reduced
plan limit 793
compute initial stop until 0
current timestep 4042
planning flow reduced
plan limit 742
compute initial stop until 0
current timestep 4047
planning flow reduced
plan limit 747
compute initial stop until 0
current timestep 4051
planning flow reduced
plan limit 788
compute initial stop until 0
current timestep 4055
planning flow reduced
plan limit 794
compute initial stop until 0
current timestep 4059
planning flow reduced
plan limit 789
compute initial stop until 0
current timestep 4063
planning flow reduced
plan limit 795
compute initial stop until 0
current timestep 4067
planning flow reduced
plan limit 786
compute initial stop until 0
current timestep 4071
planning flow reduced
plan limit 794
compute initial stop until 0
current timestep 4075
planning flow reduced
plan limit 740
compute initial stop until 0
current timestep 4080
planning flow reduced
plan limit 796
compute initial stop until 0
current timestep 4084
planning flow reduced
plan limit 739
compute initial stop until 0
current timestep 4089
planning flow reduced
plan limit 794
compute initial stop until 0
current timestep 4093
planning flow reduced
plan limit 788
compute initial stop until 0
current timestep 4097
planning flow reduced
plan limit 749
compute initial stop until 0
current timestep 4101
planning flow reduced
plan limit 786
compute initial stop until 0
current timestep 4105
planning flow reduced
plan limit 795
compute initial stop until 0
current timestep 4109
planning flow reduced
plan limit 789
compute initial stop until 0
current timestep 4113
planning flow reduced
plan limit 794
compute initial stop until 0
current timestep 4117
planning flow reduced
plan limit 799
compute initial stop until 0
current timestep 4121
planning flow reduced
plan limit 788
compute initial stop until 0
current timestep 4125
planning flow reduced
plan limit 635
compute initial stop until 0
current timestep 4130
planning flow reduced
plan limit 794
compute initial stop until 0
current timestep 4134
planning flow reduced
plan limit 791
compute initial stop until 0
current timestep 4138
planning flow reduced
plan limit 793
compute initial stop until 0
current timestep 4142
planning flow reduced
plan limit 739
compute initial stop until 0
current timestep 4147
planning flow reduced
plan limit 793
compute initial stop until 0
current timestep 4151
planning flow reduced
plan limit 789
compute initial stop until 0
current timestep 4155
planning flow reduced
plan limit 792
compute initial stop until 0
current timestep 4159
planning flow reduced
plan limit 788
compute initial stop until 0
current timestep 4163
planning flow reduced
plan limit 793
compute initial stop until 0
current timestep 4167
planning flow reduced
plan limit 787
compute initial stop until 0
current timestep 4171
planning flow reduced
plan limit 794
compute initial stop until 0
current timestep 4175
planning flow reduced
plan limit 788
compute initial stop until 0
current timestep 4179
planning flow reduced
plan limit 744
compute initial stop until 0
current timestep 4184
planning flow reduced
plan limit 784
compute initial stop until 0
current timestep 4188
planning flow reduced
plan limit 772
compute initial stop until 0
current timestep 4194
planning flow reduced
plan limit 784
compute initial stop until 0
current timestep 4198
planning flow reduced
plan limit 636
compute initial stop until 0
current timestep 4203
planning flow reduced
plan limit 732
compute initial stop until 0
current timestep 4210
planning flow reduced
plan limit 794
compute initial stop until 0
current timestep 4214
planning flow reduced
plan limit 789
compute initial stop until 0
current timestep 4218
planning flow reduced
plan limit 774
compute initial stop until 0
current timestep 4224
planning flow reduced
plan limit 789
compute initial stop until 0
current timestep 4228
planning flow reduced
plan limit 745
compute initial stop until 0
current timestep 4233
planning flow reduced
plan limit 740
compute initial stop until 0
current timestep 4239
planning flow reduced
plan limit 719
compute initial stop until 0
current timestep 4246
planning flow reduced
plan limit 780
compute initial stop until 0
current timestep 4251
planning flow reduced
plan limit 763
compute initial stop until 0
current timestep 4256
planning flow reduced
plan limit 783
compute initial stop until 0
current timestep 4260
planning flow reduced
plan limit 788
compute initial stop until 0
current timestep 4264
planning flow reduced
plan limit 780
compute initial stop until 0
current timestep 4268
planning flow reduced
plan limit 793
compute initial stop until 0
current timestep 4272
planning flow reduced
plan limit 783
compute initial stop until 0
current timestep 4276
planning flow reduced
plan limit 786
compute initial stop until 0
current timestep 4280
planning flow reduced
plan limit 794
compute initial stop until 0
current timestep 4284
planning flow reduced
plan limit 783
compute initial stop until 0
current timestep 4288
planning flow reduced
plan limit 785
compute initial stop until 0
current timestep 4292
planning flow reduced
plan limit 797
compute initial stop until 0
current timestep 4296
planning flow reduced
plan limit 769
compute initial stop until 0
current timestep 4300
planning flow reduced
plan limit 795
compute initial stop until 0
current timestep 4305
planning flow reduced
plan limit 777
compute initial stop until 0
current timestep 4310
planning flow reduced
plan limit 748
compute initial stop until 0
current timestep 4317
planning flow reduced
plan limit 721
compute initial stop until 0
current timestep 4322
planning flow reduced
plan limit 740
compute initial stop until 0
current timestep 4327
planning flow reduced
plan limit 774
compute initial stop until 0
current timestep 4332
planning flow reduced
plan limit 781
compute initial stop until 0
current timestep 4337
planning flow reduced
plan limit 719
compute initial stop until 0
current timestep 4344
planning flow reduced
plan limit 717
compute initial stop until 0
current timestep 4349
planning flow reduced
plan limit 770
compute initial stop until 0
current timestep 4355
planning flow reduced
plan limit 774
compute initial stop until 0
current timestep 4361
planning flow reduced
plan limit 767
compute initial stop until 0
current timestep 4367
planning flow reduced
plan limit 778
compute initial stop until 0
current timestep 4372
planning flow reduced
plan limit 724
compute initial stop until 0
current timestep 4377
planning flow reduced
plan limit 776
compute initial stop until 0
current timestep 4383
planning flow reduced
plan limit 782
compute initial stop until 0
current timestep 4389
planning flow reduced
plan limit 778
compute initial stop until 0
current timestep 4395
planning flow reduced
plan limit 780
compute initial stop until 0
current timestep 4401
planning flow reduced
plan limit 785
compute initial stop until 0
current timestep 4406
planning flow reduced
plan limit 737
compute initial stop until 0
current timestep 4411
planning flow reduced
plan limit 777
compute initial stop until 0
current timestep 4417
planning flow reduced
plan limit 780
compute initial stop until 0
current timestep 4422
planning flow reduced
plan limit 775
compute initial stop until 0
current timestep 4428
planning flow reduced
plan limit 781
compute initial stop until 0
current timestep 4435
planning flow reduced
plan limit 724
compute initial stop until 0
current timestep 4440
planning flow reduced
plan limit 776
compute initial stop until 0
current timestep 4445
planning flow reduced
plan limit 760
compute initial stop until 0
current timestep 4450
planning flow reduced
plan limit 771
compute initial stop until 0
current timestep 4455
planning flow reduced
plan limit 787
compute initial stop until 0
current timestep 4460
planning flow reduced
plan limit 784
compute initial stop until 0
current timestep 4464
planning flow reduced
plan limit 756
compute initial stop until 0
current timestep 4469
planning flow reduced
plan limit 788
compute initial stop until 0
current timestep 4474
planning flow reduced
plan limit 789
compute initial stop until 0
current timestep 4478
planning flow reduced
plan limit 794
compute initial stop until 0
current timestep 4483
planning flow reduced
plan limit 786
compute initial stop until 0
current timestep 4487
planning flow reduced
plan limit 746
compute initial stop until 0
current timestep 4493
planning flow reduced
plan limit 738
compute initial stop until 0
current timestep 4498
planning flow reduced
plan limit 791
compute initial stop until 0
current timestep 4503
planning flow reduced
plan limit 731
compute initial stop until 0
current timestep 4509
planning flow reduced
plan limit 783
compute initial stop until 0
current timestep 4514
planning flow reduced
plan limit 785
compute initial stop until 0
current timestep 4519
planning flow reduced
plan limit 787
compute initial stop until 0
current timestep 4524
planning flow reduced
plan limit 785
compute initial stop until 0
current timestep 4528
planning flow reduced
plan limit 791
compute initial stop until 0
current timestep 4532
planning flow reduced
plan limit 787
compute initial stop until 0
current timestep 4536
planning flow reduced
plan limit 795
compute initial stop until 0
current timestep 4540
planning flow reduced
plan limit 786
compute initial stop until 0
current timestep 4545
planning flow reduced
plan limit 784
compute initial stop until 0
current timestep 4550
planning flow reduced
plan limit 762
compute initial stop until 0
current timestep 4555
planning flow reduced
plan limit 784
compute initial stop until 0
current timestep 4560
planning flow reduced
plan limit 790
compute initial stop until 0
current timestep 4564
planning flow reduced
plan limit 790
compute initial stop until 0
current timestep 4568
planning flow reduced
plan limit 794
compute initial stop until 0
current timestep 4572
planning flow reduced
plan limit 742
compute initial stop until 0
current timestep 4578
planning flow reduced
plan limit 786
compute initial stop until 0
current timestep 4583
planning flow reduced
plan limit 786
compute initial stop until 0
current timestep 4588
planning flow reduced
plan limit 781
compute initial stop until 0
current timestep 4593
planning flow reduced
plan limit 739
compute initial stop until 0
current timestep 4599
planning flow reduced
plan limit 790
compute initial stop until 0
current timestep 4603
planning flow reduced
plan limit 787
compute initial stop until 0
current timestep 4609
planning flow reduced
plan limit 787
compute initial stop until 0
current timestep 4614
planning flow reduced
plan limit 770
compute initial stop until 0
current timestep 4619
planning flow reduced
plan limit 790
compute initial stop until 0
current timestep 4623
planning flow reduced
plan limit 750
compute initial stop until 0
current timestep 4628
planning flow reduced
plan limit 790
compute initial stop until 0
current timestep 4632
planning flow reduced
plan limit 786
compute initial stop until 0
current timestep 4637
planning flow reduced
plan limit 789
compute initial stop until 0
current timestep 4641
planning flow reduced
plan limit 781
compute initial stop until 0
current timestep 4645
planning flow reduced
plan limit 759
compute initial stop until 0
current timestep 4650
planning flow reduced
plan limit 787
compute initial stop until 0
current timestep 4655
planning flow reduced
plan limit 793
compute initial stop until 0
current timestep 4659
planning flow reduced
plan limit 783
compute initial stop until 0
current timestep 4663
planning flow reduced
plan limit 792
compute initial stop until 0
current timestep 4669
planning flow reduced
plan limit 742
compute initial stop until 0
current timestep 4674
planning flow reduced
plan limit 792
compute initial stop until 0
current timestep 4678
planning flow reduced
plan limit 789
compute initial stop until 0
current timestep 4683
planning flow reduced
plan limit 794
compute initial stop until 0
current timestep 4687
planning flow reduced
plan limit 790
compute initial stop until 0
current timestep 4691
planning flow reduced
plan limit 796
compute initial stop until 0
current timestep 4695
planning flow reduced
plan limit 775
compute initial stop until 0
current timestep 4700
planning flow reduced
plan limit 795
compute initial stop until 0
current timestep 4704
planning flow reduced
plan limit 791
compute initial stop until 0
current timestep 4708
planning flow reduced
plan limit 796
compute initial stop until 0
current timestep 4712
planning flow reduced
plan limit 787
compute initial stop until 0
current timestep 4716
planning flow reduced
plan limit 788
compute initial stop until 0
current timestep 4720
planning flow reduced
plan limit 767
compute initial stop until 0
current timestep 4726
planning flow reduced
plan limit 751
compute initial stop until 0
current timestep 4731
planning flow reduced
plan limit 794
compute initial stop until 0
current timestep 4735
planning flow reduced
plan limit 786
compute initial stop until 0
current timestep 4739
planning flow reduced
plan limit 746
compute initial stop until 0
current timestep 4744
planning flow reduced
plan limit 786
compute initial stop until 0
current timestep 4748
planning flow reduced
plan limit 748
compute initial stop until 0
current timestep 4753
planning flow reduced
plan limit 768
compute initial stop until 0
current timestep 4759
planning flow reduced
plan limit 625
compute initial stop until 0
current timestep 4765
planning flow reduced
plan limit 770
compute initial stop until 0
current timestep 4770
planning flow reduced
plan limit 772
compute initial stop until 0
current timestep 4775
planning flow reduced
plan limit 775
compute initial stop until 0
current timestep 4780
planning flow reduced
plan limit 722
compute initial stop until 0
current timestep 4785
planning flow reduced
plan limit 762
compute initial stop until 0
current timestep 4790
planning flow reduced
plan limit 699
compute initial stop until 0
current timestep 4795
planning flow reduced
plan limit 747
compute initial stop until 0
current timestep 4800
planning flow reduced
plan limit 773
compute initial stop until 0
current timestep 4804
planning flow reduced
plan limit 780
compute initial stop until 0
current timestep 4808
planning flow reduced
plan limit 784
compute initial stop until 0
current timestep 4812
planning flow reduced
plan limit 781
compute initial stop until 0
current timestep 4816
planning flow reduced
plan limit 782
compute initial stop until 0
current timestep 4820
planning flow reduced
plan limit 729
compute initial stop until 0
current timestep 4825
planning flow reduced
plan limit 781
compute initial stop until 0
current timestep 4830
planning flow reduced
plan limit 775
compute initial stop until 0
current timestep 4835
planning flow reduced
plan limit 776
compute initial stop until 0
current timestep 4840
planning flow reduced
plan limit 777
compute initial stop until 0
current timestep 4844
planning flow reduced
plan limit 787
compute initial stop until 0
current timestep 4848
planning flow reduced
plan limit 776
compute initial stop until 0
current timestep 4852
planning flow reduced
plan limit 701
compute initial stop until 0
current timestep 4857
planning flow reduced
plan limit 780
compute initial stop until 0
current timestep 4861
planning flow reduced
plan limit 786
compute initial stop until 0
current timestep 4865
planning flow reduced
plan limit 775
compute initial stop until 0
current timestep 4869
planning flow reduced
plan limit 772
compute initial stop until 0
current timestep 4873
planning flow reduced
plan limit 787
compute initial stop until 0
current timestep 4877
planning flow reduced
plan limit 780
compute initial stop until 0
current timestep 4881
planning flow reduced
plan limit 792
compute initial stop until 0
current timestep 4885
planning flow reduced
plan limit 782
compute initial stop until 0
current timestep 4889
planning flow reduced
plan limit 793
compute initial stop until 0
current timestep 4893
planning flow reduced
plan limit 718
compute initial stop until 0
current timestep 4897
planning flow reduced
plan limit 736
compute initial stop until 0
current timestep 4901
planning flow reduced
plan limit 732
compute initial stop until 0
current timestep 4905
planning flow reduced
plan limit 794
compute initial stop until 0
current timestep 4909
planning flow reduced
plan limit 790
compute initial stop until 0
current timestep 4913
planning flow reduced
plan limit 789
compute initial stop until 0
current timestep 4917
planning flow reduced
plan limit 786
compute initial stop until 0
current timestep 4921
planning flow reduced
plan limit 789
compute initial stop until 0
current timestep 4925
planning flow reduced
plan limit 789
compute initial stop until 0
current timestep 4929
planning flow reduced
plan limit 789
compute initial stop until 0
current timestep 4933
planning flow reduced
plan limit 729
compute initial stop until 0
current timestep 4937
planning flow reduced
plan limit 791
compute initial stop until 0
current timestep 4941
planning flow reduced
plan limit 799
compute initial stop until 0
current timestep 4945
planning flow reduced
plan limit 790
compute initial stop until 0
current timestep 4949
planning flow reduced
plan limit 794
compute initial stop until 0
current timestep 4953
planning flow reduced
plan limit 790
compute initial stop until 0
current timestep 4957
planning flow reduced
plan limit 762
compute initial stop until 0
current timestep 4961
planning flow reduced
plan limit 790
compute initial stop until 0
current timestep 4965
planning flow reduced
plan limit 796
compute initial stop until 0
current timestep 4970
planning flow reduced
plan limit 788
compute initial stop until 0
current timestep 4974
planning flow reduced
plan limit 797
compute initial stop until 0
current timestep 4978
planning flow reduced
plan limit 788
compute initial stop until 0
current timestep 4982
planning flow reduced
plan limit 797
compute initial stop until 0
current timestep 4986
planning flow reduced
plan limit 790
compute initial stop until 0
current timestep 4990
planning flow reduced
plan limit 790
compute initial stop until 0
current timestep 4994
planning flow reduced
plan limit 749
compute initial stop until 0
current timestep 4998
planning flow reduced
plan limit 755
compute initial stop until 0
current timestep 5002
planning flow reduced
plan limit 798
compute initial stop until 0
current timestep 5006
planning flow reduced
plan limit 792
compute initial stop until 0
current timestep 5011
planning flow reduced
plan limit 796
compute initial stop until 0
current timestep 5016
planning flow reduced
plan limit 758
compute initial stop until 0
current timestep 5022
planning flow reduced
plan limit 795
compute initial stop until 0
current timestep 5027
planning flow reduced
plan limit 792
compute initial stop until 0
current timestep 5031
planning flow reduced
plan limit 794
compute initial stop until 0
current timestep 5035
planning flow reduced
plan limit 791
compute initial stop until 0
current timestep 5039
planning flow reduced
plan limit 795
compute initial stop until 0
current timestep 5043
planning flow reduced
plan limit 791
compute initial stop until 0
current timestep 5047
planning flow reduced
plan limit 798
compute initial stop until 0
current timestep 5052
planning flow reduced
plan limit 789
compute initial stop until 0
current timestep 5056
planning flow reduced
plan limit 761
compute initial stop until 0
current timestep 5060
planning flow reduced
plan limit 754
compute initial stop until 0
current timestep 5064
planning flow reduced
plan limit 797
compute initial stop until 0
current timestep 5069
planning flow reduced
plan limit 778
compute initial stop until 0
current timestep 5076
planning flow reduced
plan limit 789
compute initial stop until 0
current timestep 5080
planning flow reduced
plan limit 783
compute initial stop until 0
current timestep 5085
planning flow reduced
plan limit 790
compute initial stop until 0
current timestep 5089
planning flow reduced
plan limit 744
compute initial stop until 0
current timestep 5093
planning flow reduced
plan limit 793
compute initial stop until 0
current timestep 5097
planning flow reduced
plan limit 756
compute initial stop until 0
current timestep 5101
planning flow reduced
plan limit 795
compute initial stop until 0
current timestep 5105
planning flow reduced
plan limit 792
compute initial stop until 0
current timestep 5110
planning flow reduced
plan limit 797
compute initial stop until 0
current timestep 5115
planning flow reduced
plan limit 795
compute initial stop until 0
current timestep 5120
planning flow reduced
plan limit 747
compute initial stop until 0
current timestep 5124
planning flow reduced
plan limit 794
compute initial stop until 0
current timestep 5128
planning flow reduced
plan limit 798
compute initial stop until 0
current timestep 5133
planning flow reduced
plan limit 793
compute initial stop until 0
current timestep 5139
planning flow reduced
plan limit 796
compute initial stop until 0
current timestep 5144
planning flow reduced
plan limit 756
compute initial stop until 0
current timestep 5148
planning flow reduced
plan limit 797
compute initial stop until 0
current timestep 5152
planning flow reduced
plan limit 791
compute initial stop until 0
current timestep 5156
planning flow reduced
plan limit 749
compute initial stop until 0
current timestep 5160
planning flow reduced
plan limit 797
compute initial stop until 0
current timestep 5164
planning flow reduced
plan limit 761
compute initial stop until 0
current timestep 5168
planning flow reduced
plan limit 794
compute initial stop until 0
current timestep 5172
planning flow reduced
plan limit 791
compute initial stop until 0
current timestep 5176
planning flow reduced
plan limit 755
compute initial stop until 0
current timestep 5180
planning flow reduced
plan limit 792
compute initial stop until 0
current timestep 5185
planning flow reduced
plan limit 797
compute initial stop until 0
current timestep 5190
planning flow reduced
plan limit 790
compute initial stop until 0
current timestep 5194
planning flow reduced
plan limit 793
compute initial stop until 0
current timestep 5198
planning flow reduced
plan limit 792
compute initial stop until 0
current timestep 5202
planning flow reduced
plan limit 760
compute initial stop until 0
current timestep 5206
planning flow reduced
plan limit 791
compute initial stop until 0
current timestep 5210
planning flow reduced
plan limit 797
compute initial stop until 0
current timestep 5214
planning flow reduced
plan limit 790
compute initial stop until 0
current timestep 5218
planning flow reduced
plan limit 759
compute initial stop until 0
current timestep 5222
planning flow reduced
plan limit 742
compute initial stop until 0
current timestep 5226
planning flow reduced
plan limit 787
compute initial stop until 0
current timestep 5230
planning flow reduced
plan limit 740
compute initial stop until 0
current timestep 5233
planning flow reduced
plan limit 787
compute initial stop until 0
current timestep 5237
planning flow reduced
plan limit 798
compute initial stop until 0
current timestep 5242
planning flow reduced
plan limit 783
compute initial stop until 0
current timestep 5246
planning flow reduced
plan limit 792
compute initial stop until 0
current timestep 5250
planning flow reduced
plan limit 784
compute initial stop until 0
current timestep 5255
planning flow reduced
plan limit 793
compute initial stop until 0
current timestep 5259
planning flow reduced
plan limit 784
compute initial stop until 0
current timestep 5263
planning flow reduced
plan limit 797
compute initial stop until 0
current timestep 5268
planning flow reduced
plan limit 789
compute initial stop until 0
current timestep 5272
planning flow reduced
plan limit 776
compute initial stop until 0
current timestep 5275
planning flow reduced
plan limit 789
compute initial stop until 0
current timestep 5279
planning flow reduced
plan limit 769
compute initial stop until 0
current timestep 5283
planning flow reduced
plan limit 789
compute initial stop until 0
current timestep 5286
planning flow reduced
plan limit 785
compute initial stop until 0
current timestep 5290
planning flow reduced
plan limit 792
compute initial stop until 0
current timestep 5294
planning flow reduced
plan limit 779
compute initial stop until 0
current timestep 5298
planning flow reduced
plan limit 786
compute initial stop until 0
current timestep 5302
planning flow reduced
plan limit 780
compute initial stop until 0
current timestep 5306
planning flow reduced
plan limit 787
compute initial stop until 0
current timestep 5309
planning flow reduced
plan limit 780
compute initial stop until 0
current timestep 5313
planning flow reduced
plan limit 794
compute initial stop until 0
current timestep 5317
planning flow reduced
plan limit 784
compute initial stop until 0
current timestep 5321
planning flow reduced
plan limit 783
compute initial stop until 0
current timestep 5325
planning flow reduced
plan limit 781
compute initial stop until 0
current timestep 5328
planning flow reduced
plan limit 794
compute initial stop until 0
current timestep 5332
planning flow reduced
plan limit 788
compute initial stop until 0
current timestep 5335
planning flow reduced
plan limit 792
compute initial stop until 0
current timestep 5338
planning flow reduced
plan limit 785
compute initial stop until 0
current timestep 5341
planning flow reduced
plan limit 776
compute initial stop until 0
current timestep 5344
planning flow reduced
plan limit 791
compute initial stop until 0
current timestep 5347
planning flow reduced
plan limit 719
compute initial stop until 0
current timestep 5351
planning flow reduced
plan limit 791
compute initial stop until 0
current timestep 5355
planning flow reduced
plan limit 784
compute initial stop until 0
current timestep 5359
planning flow reduced
plan limit 793
compute initial stop until 0
current timestep 5362
planning flow reduced
plan limit 785
compute initial stop until 0
current timestep 5366
planning flow reduced
plan limit 787
compute initial stop until 0
current timestep 5370
planning flow reduced
plan limit 782
compute initial stop until 0
current timestep 5374
planning flow reduced
plan limit 782
compute initial stop until 0
current timestep 5378
planning flow reduced
plan limit 723
compute initial stop until 0
current timestep 5383
planning flow reduced
plan limit 767
compute initial stop until 0
current timestep 5387
planning flow reduced
plan limit 632
compute initial stop until 0
current timestep 5392
planning flow reduced
plan limit 784
compute initial stop until 0
current timestep 5396
planning flow reduced
plan limit 792
compute initial stop until 0
current timestep 5401
planning flow reduced
plan limit 782
compute initial stop until 0
current timestep 5405
planning flow reduced
plan limit 790
compute initial stop until 0
current timestep 5409
planning flow reduced
plan limit 785
compute initial stop until 0
current timestep 5413
planning flow reduced
plan limit 793
compute initial stop until 0
current timestep 5417
planning flow reduced
plan limit 788
compute initial stop until 0
current timestep 5421
planning flow reduced
plan limit 785
compute initial stop until 0
current timestep 5425
planning flow reduced
plan limit 781
compute initial stop until 0
current timestep 5429
planning flow reduced
plan limit 792
compute initial stop until 0
current timestep 5433
planning flow reduced
plan limit 785
compute initial stop until 0
current timestep 5437
planning flow reduced
plan limit 792
compute initial stop until 0
current timestep 5441
planning flow reduced
plan limit 788
compute initial stop until 0
current timestep 5446
planning flow reduced
plan limit 796
compute initial stop until 0
current timestep 5453
planning flow reduced
plan limit 786
compute initial stop until 0
current timestep 5456
planning flow reduced
plan limit 755
compute initial stop until 0
current timestep 5464
planning flow reduced
plan limit 780
compute initial stop until 0
current timestep 5469
planning flow reduced
plan limit 781
compute initial stop until 0
current timestep 5473
planning flow reduced
plan limit 763
compute initial stop until 0
current timestep 5481
planning flow reduced
plan limit 786
compute initial stop until 0
current timestep 5486
planning flow reduced
plan limit 689
compute initial stop until 0
current timestep 5492
planning flow reduced
plan limit 787
compute initial stop until 0
current timestep 5497
planning flow reduced
plan limit 795
compute initial stop until 0
current timestep 5502
planning flow reduced
plan limit 734
compute initial stop until 0
current timestep 5505
planning flow reduced
plan limit 793
compute initial stop until 0
current timestep 5510
planning flow reduced
plan limit 789
compute initial stop until 0
current timestep 5515
planning flow reduced
plan limit 796
compute initial stop until 0
current timestep 5520
planning flow reduced
plan limit 790
compute initial stop until 0
current timestep 5525
planning flow reduced
plan limit 791
compute initial stop until 0
current timestep 5530
planning flow reduced
plan limit 787
compute initial stop until 0
current timestep 5535
planning flow reduced
plan limit 796
compute initial stop until 0
current timestep 5540
planning flow reduced
plan limit 783
compute initial stop until 0
current timestep 5545
planning flow reduced
plan limit 795
compute initial stop until 0
current timestep 5549
planning flow reduced
plan limit 792
compute initial stop until 0
current timestep 5554
planning flow reduced
plan limit 794
compute initial stop until 0
current timestep 5559
planning flow reduced
plan limit 755
compute initial stop until 0
current timestep 5562
planning flow reduced
plan limit 779
compute initial stop until 0
current timestep 5567
planning flow reduced
plan limit 785
compute initial stop until 0
current timestep 5572
planning flow reduced
plan limit 787
compute initial stop until 0
current timestep 5577
planning flow reduced
plan limit 792
compute initial stop until 0
current timestep 5582
planning flow reduced
plan limit 793
compute initial stop until 0
current timestep 5587
planning flow reduced
plan limit 754
compute initial stop until 0
current timestep 5591
planning flow reduced
plan limit 793
compute initial stop until 0
current timestep 5596
planning flow reduced
plan limit 794
compute initial stop until 0
current timestep 5601
planning flow reduced
plan limit 799
compute initial stop until 0
current timestep 5606
planning flow reduced
plan limit 794
compute initial stop until 0
current timestep 5611
planning flow reduced
plan limit 787
compute initial stop until 0
current timestep 5616
planning flow reduced
plan limit 758
compute initial stop until 0
current timestep 5621
planning flow reduced
plan limit 790
compute initial stop until 0
current timestep 5626
planning flow reduced
plan limit 759
compute initial stop until 0
current timestep 5634
planning flow reduced
plan limit 785
compute initial stop until 0
current timestep 5639
planning flow reduced
plan limit 749
compute initial stop until 0
current timestep 5642
planning flow reduced
plan limit 790
compute initial stop until 0
current timestep 5647
planning flow reduced
plan limit 756
compute initial stop until 0
current timestep 5650
planning flow reduced
plan limit 800
compute initial stop until 0
current timestep 5655
planning flow reduced
plan limit 754
compute initial stop until 0
current timestep 5659
planning flow reduced
plan limit 797
compute initial stop until 0
current timestep 5664
planning flow reduced
plan limit 751
compute initial stop until 0
current timestep 5667
planning flow reduced
plan limit 795
compute initial stop until 0
current timestep 5672
planning flow reduced
plan limit 787
compute initial stop until 0
current timestep 5677
planning flow reduced
plan limit 795
compute initial stop until 0
current timestep 5682
planning flow reduced
plan limit 789
compute initial stop until 0
current timestep 5687
planning flow reduced
plan limit 796
compute initial stop until 0
current timestep 5692
planning flow reduced
plan limit 736
compute initial stop until 0
current timestep 5696
planning flow reduced
plan limit 799
compute initial stop until 0
current timestep 5701
planning flow reduced
plan limit 790
compute initial stop until 0
current timestep 5706
planning flow reduced
plan limit 798
compute initial stop until 0
current timestep 5711
planning flow reduced
plan limit 737
compute initial stop until 0
current timestep 5715
planning flow reduced
plan limit 797
compute initial stop until 0
current timestep 5720
planning flow reduced
plan limit 787
compute initial stop until 0
current timestep 5725
planning flow reduced
plan limit 796
compute initial stop until 0
current timestep 5730
planning flow reduced
plan limit 790
compute initial stop until 0
current timestep 5735
planning flow reduced
plan limit 798
compute initial stop until 0
current timestep 5740
planning flow reduced
plan limit 790
compute initial stop until 0
current timestep 5745
planning flow reduced
plan limit 738
compute initial stop until 0
current timestep 5748
planning flow reduced
plan limit 791
compute initial stop until 0
current timestep 5753
planning flow reduced
plan limit 794
compute initial stop until 0
current timestep 5757
planning flow reduced
plan limit 751
compute initial stop until 0
current timestep 5760
planning flow reduced
plan limit 793
compute initial stop until 0
current timestep 5765
planning flow reduced
plan limit 788
compute initial stop until 0
current timestep 5769
planning flow reduced
plan limit 793
compute initial stop until 0
current timestep 5774
planning flow reduced
plan limit 779
compute initial stop until 0
current timestep 5778
planning flow reduced
plan limit 793
compute initial stop until 0
current timestep 5783
planning flow reduced
plan limit 791
compute initial stop until 0
current timestep 5788
planning flow reduced
plan limit 725
compute initial stop until 0
current timestep 5791
planning flow reduced
plan limit 789
compute initial stop until 0
current timestep 5796
planning flow reduced
plan limit 787
compute initial stop until 0
current timestep 5801
planning flow reduced
plan limit 746
compute initial stop until 0
current timestep 5804
planning flow reduced
plan limit 785
compute initial stop until 0
current timestep 5809
planning flow reduced
plan limit 792
compute initial stop until 0
current timestep 5814
planning flow reduced
plan limit 779
compute initial stop until 0
current timestep 5817
planning flow reduced
plan limit 790
compute initial stop until 0
current timestep 5821
planning flow reduced
plan limit 788
compute initial stop until 0
current timestep 5825
planning flow reduced
plan limit 782
compute initial stop until 0
current timestep 5830
planning flow reduced
plan limit 788
compute initial stop until 0
current timestep 5835
planning flow reduced
plan limit 782
compute initial stop until 0
current timestep 5839
planning flow reduced
plan limit 784
compute initial stop until 0
current timestep 5844
planning flow reduced
plan limit 789
compute initial stop until 0
current timestep 5849
planning flow reduced
plan limit 785
compute initial stop until 0
current timestep 5853
planning flow reduced
plan limit 785
compute initial stop until 0
current timestep 5858
planning flow reduced
plan limit 734
compute initial stop until 0
current timestep 5866
planning flow reduced
plan limit 770
compute initial stop until 0
current timestep 5869
planning flow reduced
plan limit 737
compute initial stop until 0
current timestep 5877
planning flow reduced
plan limit 715
compute initial stop until 0
current timestep 5882
planning flow reduced
plan limit 667
compute initial stop until 0
current timestep 5889
planning flow reduced
plan limit 775
compute initial stop until 0
current timestep 5893
planning flow reduced
plan limit 749
compute initial stop until 0
current timestep 5900
planning flow reduced
plan limit 780
compute initial stop until 0
current timestep 5903
planning flow reduced
plan limit 783
compute initial stop until 0
current timestep 5907
planning flow reduced
plan limit 779
compute initial stop until 0
current timestep 5910
planning flow reduced
plan limit 787
compute initial stop until 0
current timestep 5914
planning flow reduced
plan limit 762
compute initial stop until 0
current timestep 5917
planning flow reduced
plan limit 792
compute initial stop until 0
current timestep 5921
planning flow reduced
plan limit 794
compute initial stop until 0
current timestep 5925
planning flow reduced
plan limit 781
compute initial stop until 0
current timestep 5928
planning flow reduced
plan limit 777
compute initial stop until 0
current timestep 5932
planning flow reduced
plan limit 783
compute initial stop until 0
current timestep 5936
planning flow reduced
plan limit 790
compute initial stop until 0
current timestep 5939
planning flow reduced
plan limit 782
compute initial stop until 0
current timestep 5943
planning flow reduced
plan limit 780
compute initial stop until 0
current timestep 5947
planning flow reduced
plan limit 780
compute initial stop until 0
current timestep 5951
planning flow reduced
plan limit 784
compute initial stop until 0
current timestep 5955
planning flow reduced
plan limit 781
compute initial stop until 0
current timestep 5959
planning flow reduced
plan limit 780
compute initial stop until 0
current timestep 5963
planning flow reduced
plan limit 782
compute initial stop until 0
current timestep 5967
planning flow reduced
plan limit 786
compute initial stop until 0
current timestep 5971
planning flow reduced
plan limit 768
compute initial stop until 0
current timestep 5975
planning flow reduced
plan limit 794
compute initial stop until 0
current timestep 5979
planning flow reduced
plan limit 790
compute initial stop until 0
current timestep 5983
planning flow reduced
plan limit 780
compute initial stop until 0
current timestep 5986
planning flow reduced
plan limit 789
compute initial stop until 0
current timestep 5990
planning flow reduced
plan limit 790
compute initial stop until 0
current timestep 5993
planning flow reduced
plan limit 796
compute initial stop until 0
current timestep 5997
planning flow reduced
plan limit 785
compute initial stop until 0
current timestep 6001
planning flow reduced
plan limit 793
compute initial stop until 0
current timestep 6006
planning flow reduced
plan limit 777
compute initial stop until 0
current timestep 6010
planning flow reduced
plan limit 702
compute initial stop until 0
current timestep 6015
planning flow reduced
plan limit 784
compute initial stop until 0
current timestep 6018
planning flow reduced
plan limit 736
compute initial stop until 0
current timestep 6021
planning flow reduced
plan limit 751
compute initial stop until 0
current timestep 6029
planning flow reduced
plan limit 786
compute initial stop until 0
current timestep 6033
planning flow reduced
plan limit 768
compute initial stop until 0
current timestep 6039
planning flow reduced
plan limit 789
compute initial stop until 0
current timestep 6042
planning flow reduced
plan limit 762
compute initial stop until 0
current timestep 6048
planning flow reduced
plan limit 789
compute initial stop until 0
current timestep 6052
planning flow reduced
plan limit 740
compute initial stop until 0
current timestep 6058
planning flow reduced
plan limit 783
compute initial stop until 0
current timestep 6062
planning flow reduced
plan limit 764
compute initial stop until 0
current timestep 6067
planning flow reduced
plan limit 792
compute initial stop until 0
current timestep 6070
planning flow reduced
plan limit 794
compute initial stop until 0
current timestep 6074
planning flow reduced
plan limit 794
compute initial stop until 0
current timestep 6078
planning flow reduced
plan limit 791
compute initial stop until 0
current timestep 6082
planning flow reduced
plan limit 791
compute initial stop until 0
current timestep 6086
planning flow reduced
plan limit 789
compute initial stop until 0
current timestep 6090
planning flow reduced
plan limit 797
compute initial stop until 0
current timestep 6094
planning flow reduced
plan limit 792
compute initial stop until 0
current timestep 6098
planning flow reduced
plan limit 791
compute initial stop until 0
current timestep 6102
planning flow reduced
plan limit 739
compute initial stop until 0
current timestep 6105
planning flow reduced
plan limit 738
compute initial stop until 0
current timestep 6108
planning flow reduced
plan limit 793
compute initial stop until 0
current timestep 6112
planning flow reduced
plan limit 796
compute initial stop until 0
current timestep 6116
planning flow reduced
plan limit 757
compute initial stop until 0
current timestep 6119
planning flow reduced
plan limit 797
compute initial stop until 0
current timestep 6123
planning flow reduced
plan limit 789
compute initial stop until 0
current timestep 6127
planning flow reduced
plan limit 792
compute initial stop until 0
current timestep 6134
planning flow reduced
plan limit 788
compute initial stop until 0
current timestep 6138
planning flow reduced
plan limit 790
compute initial stop until 0
current timestep 6142
planning flow reduced
plan limit 750
compute initial stop until 0
current timestep 6145
planning flow reduced
plan limit 794
compute initial stop until 0
current timestep 6149
planning flow reduced
plan limit 758
compute initial stop until 0
current timestep 6152
planning flow reduced
plan limit 790
compute initial stop until 0
current timestep 6156
planning flow reduced
plan limit 793
compute initial stop until 0
current timestep 6159
planning flow reduced
plan limit 789
compute initial stop until 0
current timestep 6163
planning flow reduced
plan limit 743
compute initial stop until 0
current timestep 6167
planning flow reduced
plan limit 791
compute initial stop until 0
current timestep 6171
planning flow reduced
plan limit 789
compute initial stop until 0
current timestep 6174
planning flow reduced
plan limit 762
compute initial stop until 0
current timestep 6180
planning flow reduced
plan limit 691
compute initial stop until 0
current timestep 6187
planning flow reduced
plan limit 789
compute initial stop until 0
current timestep 6191
planning flow reduced
plan limit 789
compute initial stop until 0
current timestep 6194
planning flow reduced
plan limit 791
compute initial stop until 0
current timestep 6198
planning flow reduced
plan limit 790
compute initial stop until 0
current timestep 6202
planning flow reduced
plan limit 789
compute initial stop until 0
current timestep 6206
planning flow reduced
plan limit 789
compute initial stop until 0
current timestep 6210
planning flow reduced
plan limit 738
compute initial stop until 0
current timestep 6214
planning flow reduced
plan limit 793
compute initial stop until 0
current timestep 6218
planning flow reduced
plan limit 791
compute initial stop until 0
current timestep 6222
planning flow reduced
plan limit 782
compute initial stop until 0
current timestep 6225
planning flow reduced
plan limit 791
compute initial stop until 0
current timestep 6228
planning flow reduced
plan limit 790
compute initial stop until 0
current timestep 6232
planning flow reduced
plan limit 794
compute initial stop until 0
current timestep 6236
planning flow reduced
plan limit 791
compute initial stop until 0
current timestep 6240
planning flow reduced
plan limit 792
compute initial stop until 0
current timestep 6244
planning flow reduced
plan limit 762
compute initial stop until 0
current timestep 6247
planning flow reduced
plan limit 792
compute initial stop until 0
current timestep 6251
planning flow reduced
plan limit 793
compute initial stop until 0
current timestep 6254
planning flow reduced
plan limit 787
compute initial stop until 0
current timestep 6257
planning flow reduced
plan limit 795
compute initial stop until 0
current timestep 6261
planning flow reduced
plan limit 789
compute initial stop until 0
current timestep 6264
planning flow reduced
plan limit 792
compute initial stop until 0
current timestep 6267
planning flow reduced
plan limit 791
compute initial stop until 0
current timestep 6271
planning flow reduced
plan limit 794
compute initial stop until 0
current timestep 6275
planning flow reduced
plan limit 736
compute initial stop until 0
current timestep 6279
planning flow reduced
plan limit 798
compute initial stop until 0
current timestep 6283
planning flow reduced
plan limit 789
compute initial stop until 0
current timestep 6286
planning flow reduced
plan limit 797
compute initial stop until 0
current timestep 6290
planning flow reduced
plan limit 788
compute initial stop until 0
current timestep 6294
planning flow reduced
plan limit 790
compute initial stop until 0
current timestep 6297
planning flow reduced
plan limit 789
compute initial stop until 0
current timestep 6301
planning flow reduced
plan limit 791
compute initial stop until 0
current timestep 6304
planning flow reduced
plan limit 789
compute initial stop until 0
current timestep 6307
planning flow reduced
plan limit 786
compute initial stop until 0
current timestep 6310
planning flow reduced
plan limit 785
compute initial stop until 0
current timestep 6313
planning flow reduced
plan limit 782
compute initial stop until 0
current timestep 6316
planning flow reduced
plan limit 784
compute initial stop until 0
current timestep 6319
planning flow reduced
plan limit 790
compute initial stop until 0
current timestep 6322
planning flow reduced
plan limit 789
compute initial stop until 0
current timestep 6326
planning flow reduced
plan limit 790
compute initial stop until 0
current timestep 6329
planning flow reduced
plan limit 787
compute initial stop until 0
current timestep 6333
planning flow reduced
plan limit 790
compute initial stop until 0
current timestep 6336
planning flow reduced
plan limit 781
compute initial stop until 0
current timestep 6339
planning flow reduced
plan limit 785
compute initial stop until 0
current timestep 6342
planning flow reduced
plan limit 781
compute initial stop until 0
current timestep 6345
planning flow reduced
plan limit 790
compute initial stop until 0
current timestep 6348
planning flow reduced
plan limit 782
compute initial stop until 0
current timestep 6351
planning flow reduced
plan limit 795
compute initial stop until 0
current timestep 6355
planning flow reduced
plan limit 780
compute initial stop until 0
current timestep 6358
planning flow reduced
plan limit 794
compute initial stop until 0
current timestep 6362
planning flow reduced
plan limit 777
compute initial stop until 0
current timestep 6366
planning flow reduced
plan limit 789
compute initial stop until 0
current timestep 6370
planning flow reduced
plan limit 784
compute initial stop until 0
current timestep 6374
planning flow reduced
plan limit 792
compute initial stop until 0
current timestep 6378
planning flow reduced
plan limit 782
compute initial stop until 0
current timestep 6382
planning flow reduced
plan limit 726
compute initial stop until 0
current timestep 6386
planning flow reduced
plan limit 788
compute initial stop until 0
current timestep 6390
planning flow reduced
plan limit 797
compute initial stop until 0
current timestep 6394
planning flow reduced
plan limit 712
compute initial stop until 0
current timestep 6399
planning flow reduced
plan limit 782
compute initial stop until 0
current timestep 6403
planning flow reduced
plan limit 778
compute initial stop until 0
current timestep 6407
planning flow reduced
plan limit 792
compute initial stop until 0
current timestep 6410
planning flow reduced
plan limit 783
compute initial stop until 0
current timestep 6414
planning flow reduced
plan limit 789
compute initial stop until 0
current timestep 6417
planning flow reduced
plan limit 783
compute initial stop until 0
current timestep 6420
planning flow reduced
plan limit 787
compute initial stop until 0
current timestep 6423
planning flow reduced
plan limit 782
compute initial stop until 0
current timestep 6426
planning flow reduced
plan limit 777
compute initial stop until 0
current timestep 6430
planning flow reduced
plan limit 777
compute initial stop until 0
current timestep 6434
planning flow reduced
plan limit 785
compute initial stop until 0
current timestep 6439
planning flow reduced
plan limit 783
compute initial stop until 0
current timestep 6443
planning flow reduced
plan limit 776
compute initial stop until 0
current timestep 6447
planning flow reduced
plan limit 778
compute initial stop until 0
current timestep 6451
planning flow reduced
plan limit 782
compute initial stop until 0
current timestep 6455
planning flow reduced
plan limit 778
compute initial stop until 0
current timestep 6459
planning flow reduced
plan limit 777
compute initial stop until 0
current timestep 6463
planning flow reduced
plan limit 786
compute initial stop until 0
current timestep 6467
planning flow reduced
plan limit 771
compute initial stop until 0
current timestep 6471
planning flow reduced
plan limit 723
compute initial stop until 0
current timestep 6475
planning flow reduced
plan limit 782
compute initial stop until 0
current timestep 6479
planning flow reduced
plan limit 749
compute initial stop until 0
current timestep 6482
planning flow reduced
plan limit 782
compute initial stop until 0
current timestep 6486
planning flow reduced
plan limit 785
compute initial stop until 0
current timestep 6490
planning flow reduced
plan limit 783
compute initial stop until 0
current timestep 6494
planning flow reduced
plan limit 788
compute initial stop until 0
current timestep 6498
planning flow reduced
plan limit 777
compute initial stop until 0
current timestep 6502
planning flow reduced
plan limit 737
compute initial stop until 0
current timestep 6506
planning flow reduced
plan limit 742
compute initial stop until 0
current timestep 6510
planning flow reduced
plan limit 791
compute initial stop until 0
current timestep 6515
planning flow reduced
plan limit 787
compute initial stop until 0
current timestep 6520
planning flow reduced
plan limit 784
compute initial stop until 0
current timestep 6524
planning flow reduced
plan limit 771
compute initial stop until 0
current timestep 6528
planning flow reduced
plan limit 725
compute initial stop until 0
current timestep 6532
planning flow reduced
plan limit 786
compute initial stop until 0
current timestep 6537
planning flow reduced
plan limit 784
compute initial stop until 0
current timestep 6541
planning flow reduced
plan limit 786
compute initial stop until 0
current timestep 6545
planning flow reduced
plan limit 787
compute initial stop until 0
current timestep 6549
planning flow reduced
plan limit 787
compute initial stop until 0
current timestep 6554
planning flow reduced
plan limit 789
compute initial stop until 0
current timestep 6559
planning flow reduced
plan limit 727
compute initial stop until 0
current timestep 6563
planning flow reduced
plan limit 791
compute initial stop until 0
current timestep 6568
planning flow reduced
plan limit 788
compute initial stop until 0
current timestep 6573
planning flow reduced
plan limit 790
compute initial stop until 0
current timestep 6578
planning flow reduced
plan limit 785
compute initial stop until 0
current timestep 6583
planning flow reduced
plan limit 795
compute initial stop until 0
current timestep 6588
planning flow reduced
plan limit 784
compute initial stop until 0
current timestep 6593
planning flow reduced
plan limit 792
compute initial stop until 0
current timestep 6599
planning flow reduced
plan limit 790
compute initial stop until 0
current timestep 6604
planning flow reduced
plan limit 793
compute initial stop until 0
current timestep 6609
planning flow reduced
plan limit 794
compute initial stop until 0
current timestep 6614
planning flow reduced
plan limit 792
compute initial stop until 0
current timestep 6619
planning flow reduced
plan limit 737
compute initial stop until 0
current timestep 6623
planning flow reduced
plan limit 792
compute initial stop until 0
current timestep 6628
planning flow reduced
plan limit 793
compute initial stop until 0
current timestep 6633
planning flow reduced
plan limit 790
compute initial stop until 0
current timestep 6638
planning flow reduced
plan limit 794
compute initial stop until 0
current timestep 6643
planning flow reduced
plan limit 795
compute initial stop until 0
current timestep 6648
planning flow reduced
plan limit 744
compute initial stop until 0
current timestep 6651
planning flow reduced
plan limit 798
compute initial stop until 0
current timestep 6657
planning flow reduced
plan limit 789
compute initial stop until 0
current timestep 6662
planning flow reduced
plan limit 792
compute initial stop until 0
current timestep 6667
planning flow reduced
plan limit 791
compute initial stop until 0
current timestep 6672
planning flow reduced
plan limit 795
compute initial stop until 0
current timestep 6678
planning flow reduced
plan limit 789
compute initial stop until 0
current timestep 6683
planning flow reduced
plan limit 723
compute initial stop until 0
current timestep 6690
planning flow reduced
plan limit 787
compute initial stop until 0
current timestep 6695
planning flow reduced
plan limit 763
compute initial stop until 0
current timestep 6701
planning flow reduced
plan limit 790
compute initial stop until 0
current timestep 6706
planning flow reduced
plan limit 764
compute initial stop until 0
current timestep 6711
planning flow reduced
plan limit 779
compute initial stop until 0
current timestep 6716
planning flow reduced
plan limit 795
compute initial stop until 0
current timestep 6721
planning flow reduced
plan limit 790
compute initial stop until 0
current timestep 6727
planning flow reduced
plan limit 791
compute initial stop until 0
current timestep 6732
planning flow reduced
plan limit 797
compute initial stop until 0
current timestep 6737
planning flow reduced
plan limit 791
compute initial stop until 0
current timestep 6743
planning flow reduced
plan limit 742
compute initial stop until 0
current timestep 6747
planning flow reduced
plan limit 792
compute initial stop until 0
current timestep 6752
planning flow reduced
plan limit 792
compute initial stop until 0
current timestep 6757
planning flow reduced
plan limit 796
compute initial stop until 0
current timestep 6762
planning flow reduced
plan limit 791
compute initial stop until 0
current timestep 6767
planning flow reduced
plan limit 793
compute initial stop until 0
current timestep 6772
planning flow reduced
plan limit 788
compute initial stop until 0
current timestep 6777
planning flow reduced
plan limit 757
compute initial stop until 0
current timestep 6781
planning flow reduced
plan limit 764
compute initial stop until 0
current timestep 6786
planning flow reduced
plan limit 792
compute initial stop until 0
current timestep 6791
planning flow reduced
plan limit 795
compute initial stop until 0
current timestep 6796
planning flow reduced
plan limit 792
compute initial stop until 0
current timestep 6801
planning flow reduced
plan limit 795
compute initial stop until 0
current timestep 6806
planning flow reduced
plan limit 792
compute initial stop until 0
current timestep 6811
planning flow reduced
plan limit 795
compute initial stop until 0
current timestep 6816
planning flow reduced
plan limit 794
compute initial stop until 0
current timestep 6821
planning flow reduced
plan limit 793
compute initial stop until 0
current timestep 6826
planning flow reduced
plan limit 760
compute initial stop until 0
current timestep 6830
planning flow reduced
plan limit 792
compute initial stop until 0
current timestep 6835
planning flow reduced
plan limit 794
compute initial stop until 0
current timestep 6840
planning flow reduced
plan limit 751
compute initial stop until 0
current timestep 6848
planning flow reduced
plan limit 781
compute initial stop until 0
current timestep 6853
planning flow reduced
plan limit 795
compute initial stop until 0
current timestep 6858
planning flow reduced
plan limit 794
compute initial stop until 0
current timestep 6864
planning flow reduced
plan limit 791
compute initial stop until 0
current timestep 6869
planning flow reduced
plan limit 784
compute initial stop until 0
current timestep 6874
planning flow reduced
plan limit 785
compute initial stop until 0
current timestep 6879
planning flow reduced
plan limit 779
compute initial stop until 0
current timestep 6883
planning flow reduced
plan limit 785
compute initial stop until 0
current timestep 6890
planning flow reduced
plan limit 779
compute initial stop until 0
current timestep 6894
planning flow reduced
plan limit 789
compute initial stop until 0
current timestep 6898
planning flow reduced
plan limit 774
compute initial stop until 0
current timestep 6902
planning flow reduced
plan limit 781
compute initial stop until 0
current timestep 6906
planning flow reduced
plan limit 793
compute initial stop until 0
current timestep 6913
planning flow reduced
plan limit 776
compute initial stop until 0
current timestep 6917
planning flow reduced
plan limit 748
compute initial stop until 0
current timestep 6923
planning flow reduced
plan limit 776
compute initial stop until 0
current timestep 6927
planning flow reduced
plan limit 780
compute initial stop until 0
current timestep 6931
planning flow reduced
plan limit 784
compute initial stop until 0
current timestep 6935
planning flow reduced
plan limit 785
compute initial stop until 0
current timestep 6939
planning flow reduced
plan limit 785
compute initial stop until 0
current timestep 6942
planning flow reduced
plan limit 777
compute initial stop until 0
current timestep 6946
planning flow reduced
plan limit 777
compute initial stop until 0
current timestep 6949
planning flow reduced
plan limit 782
compute initial stop until 0
current timestep 6953
planning flow reduced
plan limit 784
compute initial stop until 0
current timestep 6957
planning flow reduced
plan limit 716
compute initial stop until 0
current timestep 6961
planning flow reduced
plan limit 783
compute initial stop until 0
current timestep 6965
planning flow reduced
plan limit 783
compute initial stop until 0
current timestep 6969
planning flow reduced
plan limit 766
compute initial stop until 0
current timestep 6972
planning flow reduced
plan limit 779
compute initial stop until 0
current timestep 6975
planning flow reduced
plan limit 754
compute initial stop until 0
current timestep 6978
planning flow reduced
plan limit 772
compute initial stop until 0
current timestep 6982
planning flow reduced
plan limit 781
compute initial stop until 0
current timestep 6986
planning flow reduced
plan limit 780
compute initial stop until 0
current timestep 6989
planning flow reduced
plan limit 724
compute initial stop until 0
current timestep 6993
planning flow reduced
plan limit 783
compute initial stop until 0
current timestep 6997
planning flow reduced
plan limit 785
compute initial stop until 0
