planner init
finish init
current timestep 0
planning flow reduced
plan limit 320
compute initial stop until 0
current timestep 1
planning flow reduced
plan limit 769
compute initial stop until 0
current timestep 2
planning flow reduced
plan limit 756
compute initial stop until 0
current timestep 4
planning flow reduced
plan limit 770
compute initial stop until 0
current timestep 6
planning flow reduced
plan limit 773
compute initial stop until 0
current timestep 8
planning flow reduced
plan limit 767
compute initial stop until 0
current timestep 10
planning flow reduced
plan limit 771
compute initial stop until 0
current timestep 12
planning flow reduced
plan limit 776
compute initial stop until 0
current timestep 14
planning flow reduced
plan limit 775
compute initial stop until 0
current timestep 16
planning flow reduced
plan limit 776
compute initial stop until 0
current timestep 18
planning flow reduced
plan limit 729
compute initial stop until 0
current timestep 20
planning flow reduced
plan limit 781
compute initial stop until 0
current timestep 23
planning flow reduced
plan limit 779
compute initial stop until 0
current timestep 26
planning flow reduced
plan limit 763
compute initial stop until 0
current timestep 28
planning flow reduced
plan limit 773
compute initial stop until 0
current timestep 31
planning flow reduced
plan limit 762
compute initial stop until 0
current timestep 34
planning flow reduced
plan limit 780
compute initial stop until 0
current timestep 37
planning flow reduced
plan limit 763
compute initial stop until 0
current timestep 40
planning flow reduced
plan limit 780
compute initial stop until 0
current timestep 44
planning flow reduced
plan limit 778
compute initial stop until 0
current timestep 48
planning flow reduced
plan limit 780
compute initial stop until 0
current timestep 52
planning flow reduced
plan limit 773
compute initial stop until 0
current timestep 57
planning flow reduced
plan limit 774
compute initial stop until 0
current timestep 61
planning flow reduced
plan limit 775
compute initial stop until 0
current timestep 66
planning flow reduced
plan limit 781
compute initial stop until 0
current timestep 71
planning flow reduced
plan limit 777
compute initial stop until 0
current timestep 76
planning flow reduced
plan limit 780
compute initial stop until 0
current timestep 81
planning flow reduced
plan limit 777
compute initial stop until 0
current timestep 86
planning flow reduced
plan limit 781
compute initial stop until 0
current timestep 91
planning flow reduced
plan limit 781
compute initial stop until 0
current timestep 96
planning flow reduced
plan limit 772
compute initial stop until 0
current timestep 101
planning flow reduced
plan limit 778
compute initial stop until 0
current timestep 106
planning flow reduced
plan limit 771
compute initial stop until 0
current timestep 111
planning flow reduced
plan limit 779
compute initial stop until 0
current timestep 116
planning flow reduced
plan limit 773
compute initial stop until 0
current timestep 121
planning flow reduced
plan limit 783
compute initial stop until 0
current timestep 126
planning flow reduced
plan limit 728
compute initial stop until 0
current timestep 130
planning flow reduced
plan limit 782
compute initial stop until 0
current timestep 135
planning flow reduced
plan limit 768
compute initial stop until 0
current timestep 140
planning flow reduced
plan limit 781
compute initial stop until 0
current timestep 145
planning flow reduced
plan limit 766
compute initial stop until 0
current timestep 150
planning flow reduced
plan limit 779
compute initial stop until 0
current timestep 155
planning flow reduced
plan limit 771
compute initial stop until 0
current timestep 160
planning flow reduced
plan limit 778
compute initial stop until 0
current timestep 165
planning flow reduced
plan limit 770
compute initial stop until 0
current timestep 170
planning flow reduced
plan limit 784
compute initial stop until 0
current timestep 175
planning flow reduced
plan limit 770
compute initial stop until 0
current timestep 180
planning flow reduced
plan limit 779
compute initial stop until 0
current timestep 185
planning flow reduced
plan limit 772
compute initial stop until 0
current timestep 190
planning flow reduced
plan limit 779
compute initial stop until 0
current timestep 195
planning flow reduced
plan limit 772
compute initial stop until 0
current timestep 200
planning flow reduced
plan limit 780
compute initial stop until 0
current timestep 205
planning flow reduced
plan limit 774
compute initial stop until 0
current timestep 210
planning flow reduced
plan limit 781
compute initial stop until 0
current timestep 215
planning flow reduced
plan limit 770
compute initial stop until 0
current timestep 220
planning flow reduced
plan limit 782
compute initial stop until 0
current timestep 225
planning flow reduced
plan limit 773
compute initial stop until 0
current timestep 231
planning flow reduced
plan limit 781
compute initial stop until 0
current timestep 236
planning flow reduced
plan limit 769
compute initial stop until 0
current timestep 241
planning flow reduced
plan limit 777
compute initial stop until 0
current timestep 246
planning flow reduced
plan limit 775
compute initial stop until 0
current timestep 251
planning flow reduced
plan limit 780
compute initial stop until 0
current timestep 256
planning flow reduced
plan limit 773
compute initial stop until 0
current timestep 261
planning flow reduced
plan limit 776
compute initial stop until 0
current timestep 266
planning flow reduced
plan limit 781
compute initial stop until 0
current timestep 271
planning flow reduced
plan limit 778
compute initial stop until 0
current timestep 276
planning flow reduced
plan limit 778
compute initial stop until 0
current timestep 283
planning flow reduced
plan limit 777
compute initial stop until 0
current timestep 288
planning flow reduced
plan limit 761
compute initial stop until 0
current timestep 293
planning flow reduced
plan limit 774
compute initial stop until 0
current timestep 298
planning flow reduced
plan limit 796
compute initial stop until 0
current timestep 303
planning flow reduced
plan limit 778
compute initial stop until 0
current timestep 308
planning flow reduced
plan limit 774
compute initial stop until 0
current timestep 313
planning flow reduced
plan limit 774
compute initial stop until 0
current timestep 318
planning flow reduced
plan limit 772
compute initial stop until 0
current timestep 323
planning flow reduced
plan limit 779
compute initial stop until 0
current timestep 328
planning flow reduced
plan limit 772
compute initial stop until 0
current timestep 334
planning flow reduced
plan limit 775
compute initial stop until 0
current timestep 339
planning flow reduced
plan limit 768
compute initial stop until 0
current timestep 344
planning flow reduced
plan limit 770
compute initial stop until 0
current timestep 349
planning flow reduced
plan limit 770
compute initial stop until 0
current timestep 354
planning flow reduced
plan limit 775
compute initial stop until 0
current timestep 360
planning flow reduced
plan limit 770
compute initial stop until 0
current timestep 365
planning flow reduced
plan limit 766
compute initial stop until 0
current timestep 370
planning flow reduced
plan limit 772
compute initial stop until 0
current timestep 375
planning flow reduced
plan limit 770
compute initial stop until 0
current timestep 381
planning flow reduced
plan limit 774
compute initial stop until 0
current timestep 386
planning flow reduced
plan limit 760
compute initial stop until 0
current timestep 391
planning flow reduced
plan limit 775
compute initial stop until 0
current timestep 397
planning flow reduced
plan limit 764
compute initial stop until 0
current timestep 402
planning flow reduced
plan limit 762
compute initial stop until 0
current timestep 408
planning flow reduced
plan limit 751
compute initial stop until 0
current timestep 413
planning flow reduced
plan limit 771
compute initial stop until 0
current timestep 419
planning flow reduced
plan limit 763
compute initial stop until 0
current timestep 424
planning flow reduced
plan limit 770
compute initial stop until 0
current timestep 430
planning flow reduced
plan limit 765
compute initial stop until 0
current timestep 435
planning flow reduced
plan limit 769
compute initial stop until 0
current timestep 440
planning flow reduced
plan limit 754
compute initial stop until 0
current timestep 445
planning flow reduced
plan limit 753
compute initial stop until 0
current timestep 450
planning flow reduced
plan limit 765
compute initial stop until 0
current timestep 455
planning flow reduced
plan limit 756
compute initial stop until 0
current timestep 461
planning flow reduced
plan limit 765
compute initial stop until 0
current timestep 466
planning flow reduced
plan limit 766
compute initial stop until 0
current timestep 471
planning flow reduced
plan limit 768
compute initial stop until 0
current timestep 476
planning flow reduced
plan limit 767
compute initial stop until 0
current timestep 481
planning flow reduced
plan limit 765
compute initial stop until 0
current timestep 486
planning flow reduced
plan limit 766
compute initial stop until 0
current timestep 491
planning flow reduced
plan limit 763
compute initial stop until 0
current timestep 496
planning flow reduced
plan limit 793
compute initial stop until 0
current timestep 502
planning flow reduced
plan limit 781
compute initial stop until 0
current timestep 507
planning flow reduced
plan limit 766
compute initial stop until 0
current timestep 512
planning flow reduced
plan limit 776
compute initial stop until 0
current timestep 518
planning flow reduced
plan limit 778
compute initial stop until 0
current timestep 524
planning flow reduced
plan limit 777
compute initial stop until 0
current timestep 530
planning flow reduced
plan limit 774
compute initial stop until 0
current timestep 537
planning flow reduced
plan limit 765
compute initial stop until 0
current timestep 542
planning flow reduced
plan limit 728
compute initial stop until 0
current timestep 551
planning flow reduced
plan limit 758
compute initial stop until 0
current timestep 556
planning flow reduced
plan limit 741
compute initial stop until 0
current timestep 566
planning flow reduced
plan limit 771
compute initial stop until 0
current timestep 571
planning flow reduced
plan limit 758
compute initial stop until 0
current timestep 577
planning flow reduced
plan limit 729
compute initial stop until 0
current timestep 585
planning flow reduced
plan limit 801
compute initial stop until 0
current timestep 591
planning flow reduced
plan limit 799
compute initial stop until 0
current timestep 597
planning flow reduced
plan limit 776
compute initial stop until 0
current timestep 603
planning flow reduced
plan limit 776
compute initial stop until 0
current timestep 609
planning flow reduced
plan limit 779
compute initial stop until 0
current timestep 615
planning flow reduced
plan limit 773
compute initial stop until 0
current timestep 621
planning flow reduced
plan limit 801
compute initial stop until 0
current timestep 627
planning flow reduced
plan limit 776
compute initial stop until 0
current timestep 634
planning flow reduced
plan limit 800
compute initial stop until 0
current timestep 640
planning flow reduced
plan limit 737
compute initial stop until 0
current timestep 646
planning flow reduced
plan limit 798
compute initial stop until 0
current timestep 652
planning flow reduced
plan limit 774
compute initial stop until 0
current timestep 658
planning flow reduced
plan limit 773
compute initial stop until 0
current timestep 665
planning flow reduced
plan limit 771
compute initial stop until 0
current timestep 671
planning flow reduced
plan limit 798
compute initial stop until 0
current timestep 677
planning flow reduced
plan limit 778
compute initial stop until 0
current timestep 683
planning flow reduced
plan limit 776
compute initial stop until 0
current timestep 689
planning flow reduced
plan limit 796
compute initial stop until 0
current timestep 695
planning flow reduced
plan limit 793
compute initial stop until 0
current timestep 701
planning flow reduced
plan limit 796
compute initial stop until 0
current timestep 707
planning flow reduced
plan limit 799
compute initial stop until 0
current timestep 713
planning flow reduced
plan limit 770
compute initial stop until 0
current timestep 719
planning flow reduced
plan limit 797
compute initial stop until 0
current timestep 726
planning flow reduced
plan limit 771
compute initial stop until 0
current timestep 734
planning flow reduced
plan limit 775
compute initial stop until 0
current timestep 740
planning flow reduced
plan limit 743
compute initial stop until 0
current timestep 746
planning flow reduced
plan limit 775
compute initial stop until 0
current timestep 752
planning flow reduced
plan limit 773
compute initial stop until 0
current timestep 758
planning flow reduced
plan limit 770
compute initial stop until 0
current timestep 764
planning flow reduced
plan limit 792
compute initial stop until 0
current timestep 770
planning flow reduced
plan limit 796
compute initial stop until 0
current timestep 776
planning flow reduced
plan limit 767
compute initial stop until 0
current timestep 782
planning flow reduced
plan limit 772
compute initial stop until 0
current timestep 788
planning flow reduced
plan limit 769
compute initial stop until 0
current timestep 794
planning flow reduced
plan limit 777
compute initial stop until 0
current timestep 800
planning flow reduced
plan limit 793
compute initial stop until 0
current timestep 806
planning flow reduced
plan limit 766
compute initial stop until 0
current timestep 812
planning flow reduced
plan limit 769
compute initial stop until 0
current timestep 818
planning flow reduced
plan limit 769
compute initial stop until 0
current timestep 823
planning flow reduced
plan limit 792
compute initial stop until 0
current timestep 829
planning flow reduced
plan limit 763
compute initial stop until 0
current timestep 834
planning flow reduced
plan limit 760
compute initial stop until 0
current timestep 839
planning flow reduced
plan limit 765
compute initial stop until 0
current timestep 845
planning flow reduced
plan limit 791
compute initial stop until 0
current timestep 851
planning flow reduced
plan limit 758
compute initial stop until 0
current timestep 856
planning flow reduced
plan limit 768
compute initial stop until 0
current timestep 861
planning flow reduced
plan limit 785
compute initial stop until 0
current timestep 866
planning flow reduced
plan limit 790
compute initial stop until 0
current timestep 871
planning flow reduced
plan limit 792
compute initial stop until 0
current timestep 877
planning flow reduced
plan limit 784
compute initial stop until 0
current timestep 883
planning flow reduced
plan limit 790
compute initial stop until 0
current timestep 889
planning flow reduced
plan limit 760
compute initial stop until 0
current timestep 894
planning flow reduced
plan limit 760
compute initial stop until 0
current timestep 899
planning flow reduced
plan limit 770
compute initial stop until 0
current timestep 905
planning flow reduced
plan limit 789
compute initial stop until 0
current timestep 910
planning flow reduced
plan limit 760
compute initial stop until 0
current timestep 915
planning flow reduced
plan limit 787
compute initial stop until 0
current timestep 920
planning flow reduced
plan limit 763
compute initial stop until 0
current timestep 925
planning flow reduced
plan limit 761
compute initial stop until 0
current timestep 930
planning flow reduced
plan limit 765
compute initial stop until 0
current timestep 935
planning flow reduced
plan limit 735
compute initial stop until 0
current timestep 940
planning flow reduced
plan limit 766
compute initial stop until 0
current timestep 945
planning flow reduced
plan limit 766
compute initial stop until 0
current timestep 950
planning flow reduced
plan limit 763
compute initial stop until 0
current timestep 955
planning flow reduced
plan limit 764
compute initial stop until 0
current timestep 960
planning flow reduced
plan limit 757
compute initial stop until 0
current timestep 965
planning flow reduced
plan limit 763
compute initial stop until 0
current timestep 970
planning flow reduced
plan limit 798
compute initial stop until 0
current timestep 975
planning flow reduced
plan limit 792
compute initial stop until 0
current timestep 981
planning flow reduced
plan limit 800
compute initial stop until 0
current timestep 986
planning flow reduced
plan limit 793
compute initial stop until 0
current timestep 992
planning flow reduced
plan limit 775
compute initial stop until 0
current timestep 998
planning flow reduced
plan limit 744
compute initial stop until 0
current timestep 1003
planning flow reduced
plan limit 799
compute initial stop until 0
current timestep 1008
planning flow reduced
plan limit 778
compute initial stop until 0
current timestep 1014
planning flow reduced
plan limit 774
compute initial stop until 0
current timestep 1020
planning flow reduced
plan limit 777
compute initial stop until 0
current timestep 1026
planning flow reduced
plan limit 770
compute initial stop until 0
current timestep 1032
planning flow reduced
plan limit 801
compute initial stop until 0
current timestep 1037
planning flow reduced
plan limit 796
compute initial stop until 0
current timestep 1042
planning flow reduced
plan limit 798
compute initial stop until 0
current timestep 1047
planning flow reduced
plan limit 774
compute initial stop until 0
current timestep 1053
planning flow reduced
plan limit 796
compute initial stop until 0
current timestep 1059
planning flow reduced
plan limit 792
compute initial stop until 0
current timestep 1065
planning flow reduced
plan limit 774
compute initial stop until 0
current timestep 1070
planning flow reduced
plan limit 774
compute initial stop until 0
current timestep 1075
planning flow reduced
plan limit 800
compute initial stop until 0
current timestep 1080
planning flow reduced
plan limit 774
compute initial stop until 0
current timestep 1086
planning flow reduced
plan limit 774
compute initial stop until 0
current timestep 1092
planning flow reduced
plan limit 791
compute initial stop until 0
current timestep 1098
planning flow reduced
plan limit 774
compute initial stop until 0
current timestep 1103
planning flow reduced
plan limit 800
compute initial stop until 0
current timestep 1108
planning flow reduced
plan limit 773
compute initial stop until 0
current timestep 1113
planning flow reduced
plan limit 797
compute initial stop until 0
current timestep 1118
planning flow reduced
plan limit 768
compute initial stop until 0
current timestep 1124
planning flow reduced
plan limit 777
compute initial stop until 0
current timestep 1130
planning flow reduced
plan limit 795
compute initial stop until 0
current timestep 1136
planning flow reduced
plan limit 755
compute initial stop until 0
current timestep 1141
planning flow reduced
plan limit 771
compute initial stop until 0
current timestep 1147
planning flow reduced
plan limit 796
compute initial stop until 0
current timestep 1152
planning flow reduced
plan limit 793
compute initial stop until 0
current timestep 1158
planning flow reduced
plan limit 774
compute initial stop until 0
current timestep 1164
planning flow reduced
plan limit 790
compute initial stop until 0
current timestep 1170
planning flow reduced
plan limit 777
compute initial stop until 0
current timestep 1175
planning flow reduced
plan limit 797
compute initial stop until 0
current timestep 1181
planning flow reduced
plan limit 798
compute initial stop until 0
current timestep 1186
planning flow reduced
plan limit 778
compute initial stop until 0
current timestep 1192
planning flow reduced
plan limit 796
compute initial stop until 0
current timestep 1197
planning flow reduced
plan limit 777
compute initial stop until 0
current timestep 1203
planning flow reduced
plan limit 774
compute initial stop until 0
current timestep 1208
planning flow reduced
plan limit 800
compute initial stop until 0
current timestep 1213
planning flow reduced
plan limit 776
compute initial stop until 0
current timestep 1219
planning flow reduced
plan limit 776
compute initial stop until 0
current timestep 1225
planning flow reduced
plan limit 774
compute initial stop until 0
current timestep 1230
planning flow reduced
plan limit 778
compute initial stop until 0
current timestep 1235
planning flow reduced
plan limit 794
compute initial stop until 0
current timestep 1241
planning flow reduced
plan limit 800
compute initial stop until 0
current timestep 1246
planning flow reduced
plan limit 796
compute initial stop until 0
current timestep 1252
planning flow reduced
plan limit 779
compute initial stop until 0
current timestep 1257
planning flow reduced
plan limit 796
compute initial stop until 0
current timestep 1263
planning flow reduced
plan limit 777
compute initial stop until 0
current timestep 1268
planning flow reduced
plan limit 797
compute initial stop until 0
current timestep 1273
planning flow reduced
plan limit 792
compute initial stop until 0
current timestep 1279
planning flow reduced
plan limit 772
compute initial stop until 0
current timestep 1284
planning flow reduced
plan limit 798
compute initial stop until 0
current timestep 1289
planning flow reduced
plan limit 794
compute initial stop until 0
current timestep 1295
planning flow reduced
plan limit 802
compute initial stop until 0
current timestep 1300
planning flow reduced
plan limit 789
compute initial stop until 0
current timestep 1306
planning flow reduced
plan limit 798
compute initial stop until 0
current timestep 1311
planning flow reduced
plan limit 790
compute initial stop until 0
current timestep 1316
planning flow reduced
plan limit 791
compute initial stop until 0
current timestep 1321
planning flow reduced
plan limit 765
compute initial stop until 0
current timestep 1326
planning flow reduced
plan limit 791
compute initial stop until 0
current timestep 1331
planning flow reduced
plan limit 798
compute initial stop until 0
current timestep 1336
planning flow reduced
plan limit 781
compute initial stop until 0
current timestep 1341
planning flow reduced
plan limit 800
compute initial stop until 0
current timestep 1346
planning flow reduced
plan limit 766
compute initial stop until 0
current timestep 1355
planning flow reduced
plan limit 777
compute initial stop until 0
current timestep 1360
planning flow reduced
plan limit 785
compute initial stop until 0
current timestep 1365
planning flow reduced
plan limit 779
compute initial stop until 0
current timestep 1371
planning flow reduced
plan limit 779
compute initial stop until 0
current timestep 1377
planning flow reduced
plan limit 783
compute initial stop until 0
current timestep 1383
planning flow reduced
plan limit 755
compute initial stop until 0
current timestep 1389
planning flow reduced
plan limit 782
compute initial stop until 0
current timestep 1394
planning flow reduced
plan limit 764
compute initial stop until 0
current timestep 1400
planning flow reduced
plan limit 790
compute initial stop until 0
current timestep 1405
planning flow reduced
plan limit 761
compute initial stop until 0
current timestep 1410
planning flow reduced
plan limit 782
compute initial stop until 0
current timestep 1416
planning flow reduced
plan limit 758
compute initial stop until 0
current timestep 1421
planning flow reduced
plan limit 763
compute initial stop until 0
current timestep 1426
planning flow reduced
plan limit 780
compute initial stop until 0
current timestep 1432
planning flow reduced
plan limit 783
compute initial stop until 0
current timestep 1437
planning flow reduced
plan limit 780
compute initial stop until 0
current timestep 1442
planning flow reduced
plan limit 757
compute initial stop until 0
current timestep 1447
planning flow reduced
plan limit 762
compute initial stop until 0
current timestep 1452
planning flow reduced
plan limit 784
compute initial stop until 0
current timestep 1458
planning flow reduced
plan limit 756
compute initial stop until 0
current timestep 1463
planning flow reduced
plan limit 748
compute initial stop until 0
current timestep 1468
planning flow reduced
plan limit 753
compute initial stop until 0
current timestep 1473
planning flow reduced
plan limit 779
compute initial stop until 0
current timestep 1479
planning flow reduced
plan limit 764
compute initial stop until 0
current timestep 1484
planning flow reduced
plan limit 773
compute initial stop until 0
current timestep 1489
planning flow reduced
plan limit 767
compute initial stop until 0
current timestep 1494
planning flow reduced
plan limit 796
compute initial stop until 0
current timestep 1499
planning flow reduced
plan limit 724
compute initial stop until 0
current timestep 1507
planning flow reduced
plan limit 783
compute initial stop until 0
current timestep 1512
planning flow reduced
plan limit 759
compute initial stop until 0
current timestep 1520
planning flow reduced
plan limit 765
compute initial stop until 0
current timestep 1528
planning flow reduced
plan limit 773
compute initial stop until 0
current timestep 1534
planning flow reduced
plan limit 769
compute initial stop until 0
current timestep 1540
planning flow reduced
plan limit 796
compute initial stop until 0
current timestep 1546
planning flow reduced
plan limit 795
compute initial stop until 0
current timestep 1552
planning flow reduced
plan limit 777
compute initial stop until 0
current timestep 1557
planning flow reduced
plan limit 770
compute initial stop until 0
current timestep 1562
planning flow reduced
plan limit 798
compute initial stop until 0
current timestep 1567
planning flow reduced
plan limit 774
compute initial stop until 0
current timestep 1572
planning flow reduced
plan limit 769
compute initial stop until 0
current timestep 1577
planning flow reduced
plan limit 794
compute initial stop until 0
current timestep 1583
planning flow reduced
plan limit 796
compute initial stop until 0
current timestep 1588
planning flow reduced
plan limit 795
compute initial stop until 0
current timestep 1594
planning flow reduced
plan limit 797
compute initial stop until 0
current timestep 1599
planning flow reduced
plan limit 772
compute initial stop until 0
current timestep 1604
planning flow reduced
plan limit 797
compute initial stop until 0
current timestep 1609
planning flow reduced
plan limit 797
compute initial stop until 0
current timestep 1614
planning flow reduced
plan limit 796
compute initial stop until 0
current timestep 1620
planning flow reduced
plan limit 768
compute initial stop until 0
current timestep 1625
planning flow reduced
plan limit 795
compute initial stop until 0
current timestep 1631
planning flow reduced
plan limit 792
compute initial stop until 0
current timestep 1636
planning flow reduced
plan limit 798
compute initial stop until 0
current timestep 1641
planning flow reduced
plan limit 771
compute initial stop until 0
current timestep 1646
planning flow reduced
plan limit 774
compute initial stop until 0
current timestep 1652
planning flow reduced
plan limit 770
compute initial stop until 0
current timestep 1658
planning flow reduced
plan limit 770
compute initial stop until 0
current timestep 1663
planning flow reduced
plan limit 793
compute initial stop until 0
current timestep 1668
planning flow reduced
plan limit 791
compute initial stop until 0
current timestep 1676
planning flow reduced
plan limit 770
compute initial stop until 0
current timestep 1683
planning flow reduced
plan limit 764
compute initial stop until 0
current timestep 1688
planning flow reduced
plan limit 780
compute initial stop until 0
current timestep 1693
planning flow reduced
plan limit 769
compute initial stop until 0
current timestep 1698
planning flow reduced
plan limit 805
compute initial stop until 0
current timestep 1704
planning flow reduced
plan limit 770
compute initial stop until 0
current timestep 1709
planning flow reduced
plan limit 800
compute initial stop until 0
current timestep 1714
planning flow reduced
plan limit 768
compute initial stop until 0
current timestep 1719
planning flow reduced
plan limit 778
compute initial stop until 0
current timestep 1724
planning flow reduced
plan limit 769
compute initial stop until 0
current timestep 1729
planning flow reduced
plan limit 780
compute initial stop until 0
current timestep 1734
planning flow reduced
plan limit 791
compute initial stop until 0
current timestep 1739
planning flow reduced
plan limit 790
compute initial stop until 0
current timestep 1744
planning flow reduced
plan limit 797
compute initial stop until 0
current timestep 1749
planning flow reduced
plan limit 770
compute initial stop until 0
current timestep 1754
planning flow reduced
plan limit 745
compute initial stop until 0
current timestep 1759
planning flow reduced
plan limit 794
compute initial stop until 0
current timestep 1764
planning flow reduced
plan limit 799
compute initial stop until 0
current timestep 1769
planning flow reduced
plan limit 789
compute initial stop until 0
current timestep 1774
planning flow reduced
plan limit 798
compute initial stop until 0
current timestep 1779
planning flow reduced
plan limit 763
compute initial stop until 0
current timestep 1784
planning flow reduced
plan limit 777
compute initial stop until 0
current timestep 1789
planning flow reduced
plan limit 786
compute initial stop until 0
current timestep 1794
planning flow reduced
plan limit 799
compute initial stop until 0
current timestep 1799
planning flow reduced
plan limit 788
compute initial stop until 0
current timestep 1804
planning flow reduced
plan limit 795
compute initial stop until 0
current timestep 1809
planning flow reduced
plan limit 794
compute initial stop until 0
current timestep 1814
planning flow reduced
plan limit 775
compute initial stop until 0
current timestep 1820
planning flow reduced
plan limit 796
compute initial stop until 0
current timestep 1825
planning flow reduced
plan limit 798
compute initial stop until 0
current timestep 1830
planning flow reduced
plan limit 790
compute initial stop until 0
current timestep 1835
planning flow reduced
plan limit 791
compute initial stop until 0
current timestep 1840
planning flow reduced
plan limit 783
compute initial stop until 0
current timestep 1845
planning flow reduced
plan limit 793
compute initial stop until 0
current timestep 1850
planning flow reduced
plan limit 762
compute initial stop until 0
current timestep 1855
planning flow reduced
plan limit 769
compute initial stop until 0
current timestep 1860
planning flow reduced
plan limit 761
compute initial stop until 0
current timestep 1865
planning flow reduced
plan limit 794
compute initial stop until 0
current timestep 1870
planning flow reduced
plan limit 763
compute initial stop until 0
current timestep 1875
planning flow reduced
plan limit 787
compute initial stop until 0
current timestep 1880
planning flow reduced
plan limit 760
compute initial stop until 0
current timestep 1885
planning flow reduced
plan limit 794
compute initial stop until 0
current timestep 1890
planning flow reduced
plan limit 766
compute initial stop until 0
current timestep 1895
planning flow reduced
plan limit 768
compute initial stop until 0
current timestep 1900
planning flow reduced
plan limit 765
compute initial stop until 0
current timestep 1905
planning flow reduced
plan limit 772
compute initial stop until 0
current timestep 1910
planning flow reduced
plan limit 785
compute initial stop until 0
current timestep 1915
planning flow reduced
plan limit 775
compute initial stop until 0
current timestep 1920
planning flow reduced
plan limit 774
compute initial stop until 0
current timestep 1925
planning flow reduced
plan limit 787
compute initial stop until 0
current timestep 1930
planning flow reduced
plan limit 767
compute initial stop until 0
current timestep 1935
planning flow reduced
plan limit 782
compute initial stop until 0
current timestep 1940
planning flow reduced
plan limit 787
compute initial stop until 0
current timestep 1945
planning flow reduced
plan limit 751
compute initial stop until 0
current timestep 1950
planning flow reduced
plan limit 793
compute initial stop until 0
current timestep 1955
planning flow reduced
plan limit 779
compute initial stop until 0
current timestep 1960
planning flow reduced
plan limit 789
compute initial stop until 0
current timestep 1965
planning flow reduced
plan limit 760
compute initial stop until 0
current timestep 1970
planning flow reduced
plan limit 755
compute initial stop until 0
current timestep 1976
planning flow reduced
plan limit 743
compute initial stop until 0
current timestep 1983
planning flow reduced
plan limit 781
compute initial stop until 0
current timestep 1990
planning flow reduced
plan limit 729
compute initial stop until 0
current timestep 1997
planning flow reduced
plan limit 689
compute initial stop until 0
current timestep 2003
planning flow reduced
plan limit 727
compute initial stop until 0
current timestep 2010
planning flow reduced
plan limit 771
compute initial stop until 0
current timestep 2015
planning flow reduced
plan limit 728
compute initial stop until 0
current timestep 2022
planning flow reduced
plan limit 714
compute initial stop until 0
current timestep 2029
planning flow reduced
plan limit 791
compute initial stop until 0
current timestep 2036
planning flow reduced
plan limit 785
compute initial stop until 0
current timestep 2041
planning flow reduced
plan limit 752
compute initial stop until 0
current timestep 2046
planning flow reduced
plan limit 765
compute initial stop until 0
current timestep 2051
planning flow reduced
plan limit 732
compute initial stop until 0
current timestep 2060
planning flow reduced
plan limit 781
compute initial stop until 0
current timestep 2065
planning flow reduced
plan limit 777
compute initial stop until 0
current timestep 2071
planning flow reduced
plan limit 783
compute initial stop until 0
current timestep 2076
planning flow reduced
plan limit 797
compute initial stop until 0
current timestep 2081
planning flow reduced
plan limit 787
compute initial stop until 0
current timestep 2086
planning flow reduced
plan limit 794
compute initial stop until 0
current timestep 2091
planning flow reduced
plan limit 758
compute initial stop until 0
current timestep 2096
planning flow reduced
plan limit 776
compute initial stop until 0
current timestep 2101
planning flow reduced
plan limit 789
compute initial stop until 0
current timestep 2106
planning flow reduced
plan limit 772
compute initial stop until 0
current timestep 2111
planning flow reduced
plan limit 798
compute initial stop until 0
current timestep 2116
planning flow reduced
plan limit 784
compute initial stop until 0
current timestep 2121
planning flow reduced
plan limit 763
compute initial stop until 0
current timestep 2126
planning flow reduced
plan limit 788
compute initial stop until 0
current timestep 2131
planning flow reduced
plan limit 772
compute initial stop until 0
current timestep 2136
planning flow reduced
plan limit 769
compute initial stop until 0
current timestep 2141
planning flow reduced
plan limit 797
compute initial stop until 0
current timestep 2146
planning flow reduced
plan limit 766
compute initial stop until 0
current timestep 2151
planning flow reduced
plan limit 793
compute initial stop until 0
current timestep 2156
planning flow reduced
plan limit 789
compute initial stop until 0
current timestep 2161
planning flow reduced
plan limit 797
compute initial stop until 0
current timestep 2166
planning flow reduced
plan limit 773
compute initial stop until 0
current timestep 2171
planning flow reduced
plan limit 764
compute initial stop until 0
current timestep 2176
planning flow reduced
plan limit 777
compute initial stop until 0
current timestep 2181
planning flow reduced
plan limit 762
compute initial stop until 0
current timestep 2186
planning flow reduced
plan limit 774
compute initial stop until 0
current timestep 2191
planning flow reduced
plan limit 766
compute initial stop until 0
current timestep 2196
planning flow reduced
plan limit 770
compute initial stop until 0
current timestep 2201
planning flow reduced
plan limit 763
compute initial stop until 0
current timestep 2206
planning flow reduced
plan limit 772
compute initial stop until 0
current timestep 2211
planning flow reduced
plan limit 788
compute initial stop until 0
current timestep 2216
planning flow reduced
plan limit 792
compute initial stop until 0
current timestep 2221
planning flow reduced
plan limit 788
compute initial stop until 0
current timestep 2226
planning flow reduced
plan limit 773
compute initial stop until 0
current timestep 2232
planning flow reduced
plan limit 764
compute initial stop until 0
current timestep 2237
planning flow reduced
plan limit 776
compute initial stop until 0
current timestep 2242
planning flow reduced
plan limit 766
compute initial stop until 0
current timestep 2247
planning flow reduced
plan limit 775
compute initial stop until 0
current timestep 2252
planning flow reduced
plan limit 782
compute initial stop until 0
current timestep 2257
planning flow reduced
plan limit 775
compute initial stop until 0
current timestep 2262
planning flow reduced
plan limit 765
compute initial stop until 0
current timestep 2267
planning flow reduced
plan limit 797
compute initial stop until 0
current timestep 2272
planning flow reduced
plan limit 755
compute initial stop until 0
current timestep 2277
planning flow reduced
plan limit 797
compute initial stop until 0
current timestep 2282
planning flow reduced
plan limit 784
compute initial stop until 0
current timestep 2287
planning flow reduced
plan limit 768
compute initial stop until 0
current timestep 2292
planning flow reduced
plan limit 758
compute initial stop until 0
current timestep 2297
planning flow reduced
plan limit 798
compute initial stop until 0
current timestep 2302
planning flow reduced
plan limit 786
compute initial stop until 0
current timestep 2307
planning flow reduced
plan limit 771
compute initial stop until 0
current timestep 2312
planning flow reduced
plan limit 762
compute initial stop until 0
current timestep 2317
planning flow reduced
plan limit 776
compute initial stop until 0
current timestep 2322
planning flow reduced
plan limit 767
compute initial stop until 0
current timestep 2327
planning flow reduced
plan limit 758
compute initial stop until 0
current timestep 2332
planning flow reduced
plan limit 762
compute initial stop until 0
current timestep 2337
planning flow reduced
plan limit 797
compute initial stop until 0
current timestep 2342
planning flow reduced
plan limit 778
compute initial stop until 0
current timestep 2347
planning flow reduced
plan limit 775
compute initial stop until 0
current timestep 2352
planning flow reduced
plan limit 755
compute initial stop until 0
current timestep 2357
planning flow reduced
plan limit 761
compute initial stop until 0
current timestep 2362
planning flow reduced
plan limit 782
compute initial stop until 0
current timestep 2367
planning flow reduced
plan limit 744
compute initial stop until 0
current timestep 2372
planning flow reduced
plan limit 760
compute initial stop until 0
current timestep 2377
planning flow reduced
plan limit 748
compute initial stop until 0
current timestep 2382
planning flow reduced
plan limit 781
compute initial stop until 0
current timestep 2387
planning flow reduced
plan limit 779
compute initial stop until 0
current timestep 2393
planning flow reduced
plan limit 772
compute initial stop until 0
current timestep 2398
planning flow reduced
plan limit 777
compute initial stop until 0
current timestep 2403
planning flow reduced
plan limit 735
compute initial stop until 0
current timestep 2409
planning flow reduced
plan limit 749
compute initial stop until 0
current timestep 2415
planning flow reduced
plan limit 780
compute initial stop until 0
current timestep 2420
planning flow reduced
plan limit 797
compute initial stop until 0
current timestep 2425
planning flow reduced
plan limit 778
compute initial stop until 0
current timestep 2430
planning flow reduced
plan limit 787
compute initial stop until 0
current timestep 2435
planning flow reduced
plan limit 743
compute initial stop until 0
current timestep 2440
planning flow reduced
plan limit 783
compute initial stop until 0
current timestep 2446
planning flow reduced
plan limit 769
compute initial stop until 0
current timestep 2451
planning flow reduced
plan limit 741
compute initial stop until 0
current timestep 2458
planning flow reduced
plan limit 756
compute initial stop until 0
current timestep 2464
planning flow reduced
plan limit 692
compute initial stop until 0
current timestep 2471
planning flow reduced
plan limit 726
compute initial stop until 0
current timestep 2476
planning flow reduced
plan limit 764
compute initial stop until 0
current timestep 2483
planning flow reduced
plan limit 777
compute initial stop until 0
current timestep 2488
planning flow reduced
plan limit 700
compute initial stop until 0
current timestep 2493
planning flow reduced
plan limit 785
compute initial stop until 0
current timestep 2498
planning flow reduced
plan limit 767
compute initial stop until 0
current timestep 2503
planning flow reduced
plan limit 789
compute initial stop until 0
current timestep 2508
planning flow reduced
plan limit 770
compute initial stop until 0
current timestep 2513
planning flow reduced
plan limit 792
compute initial stop until 0
current timestep 2518
planning flow reduced
plan limit 795
compute initial stop until 0
current timestep 2523
planning flow reduced
plan limit 797
compute initial stop until 0
current timestep 2528
planning flow reduced
plan limit 770
compute initial stop until 0
current timestep 2534
planning flow reduced
plan limit 774
compute initial stop until 0
current timestep 2539
planning flow reduced
plan limit 770
compute initial stop until 0
current timestep 2544
planning flow reduced
plan limit 796
compute initial stop until 0
current timestep 2549
planning flow reduced
plan limit 766
compute initial stop until 0
current timestep 2554
planning flow reduced
plan limit 797
compute initial stop until 0
current timestep 2558
planning flow reduced
plan limit 795
compute initial stop until 0
current timestep 2563
planning flow reduced
plan limit 789
compute initial stop until 0
current timestep 2568
planning flow reduced
plan limit 796
compute initial stop until 0
current timestep 2573
planning flow reduced
plan limit 763
compute initial stop until 0
current timestep 2578
planning flow reduced
plan limit 796
compute initial stop until 0
current timestep 2583
planning flow reduced
plan limit 790
compute initial stop until 0
current timestep 2588
planning flow reduced
plan limit 771
compute initial stop until 0
current timestep 2593
planning flow reduced
plan limit 790
compute initial stop until 0
current timestep 2598
planning flow reduced
plan limit 796
compute initial stop until 0
current timestep 2603
planning flow reduced
plan limit 790
compute initial stop until 0
current timestep 2607
planning flow reduced
plan limit 774
compute initial stop until 0
current timestep 2612
planning flow reduced
plan limit 789
compute initial stop until 0
current timestep 2617
planning flow reduced
plan limit 770
compute initial stop until 0
current timestep 2622
planning flow reduced
plan limit 792
compute initial stop until 0
current timestep 2626
planning flow reduced
plan limit 770
compute initial stop until 0
current timestep 2631
planning flow reduced
plan limit 766
compute initial stop until 0
current timestep 2635
planning flow reduced
plan limit 771
compute initial stop until 0
current timestep 2640
planning flow reduced
plan limit 765
compute initial stop until 0
current timestep 2644
planning flow reduced
plan limit 792
compute initial stop until 0
current timestep 2649
planning flow reduced
plan limit 765
compute initial stop until 0
current timestep 2653
planning flow reduced
plan limit 763
compute initial stop until 0
current timestep 2658
planning flow reduced
plan limit 774
compute initial stop until 0
current timestep 2665
planning flow reduced
plan limit 764
compute initial stop until 0
current timestep 2670
planning flow reduced
plan limit 771
compute initial stop until 0
current timestep 2675
planning flow reduced
plan limit 768
compute initial stop until 0
current timestep 2680
planning flow reduced
plan limit 767
compute initial stop until 0
current timestep 2686
planning flow reduced
plan limit 788
compute initial stop until 0
current timestep 2690
planning flow reduced
plan limit 796
compute initial stop until 0
current timestep 2695
planning flow reduced
plan limit 789
compute initial stop until 0
current timestep 2699
planning flow reduced
plan limit 773
compute initial stop until 0
current timestep 2704
planning flow reduced
plan limit 790
compute initial stop until 0
current timestep 2709
planning flow reduced
plan limit 797
compute initial stop until 0
current timestep 2715
planning flow reduced
plan limit 789
compute initial stop until 0
current timestep 2720
planning flow reduced
plan limit 797
compute initial stop until 0
current timestep 2725
planning flow reduced
plan limit 788
compute initial stop until 0
current timestep 2730
planning flow reduced
plan limit 796
compute initial stop until 0
current timestep 2735
planning flow reduced
plan limit 766
compute initial stop until 0
current timestep 2740
planning flow reduced
plan limit 770
compute initial stop until 0
current timestep 2745
planning flow reduced
plan limit 763
compute initial stop until 0
current timestep 2750
planning flow reduced
plan limit 768
compute initial stop until 0
current timestep 2756
planning flow reduced
plan limit 746
compute initial stop until 0
current timestep 2762
planning flow reduced
plan limit 787
compute initial stop until 0
current timestep 2767
planning flow reduced
plan limit 786
compute initial stop until 0
current timestep 2772
planning flow reduced
plan limit 739
compute initial stop until 0
current timestep 2779
planning flow reduced
plan limit 781
compute initial stop until 0
current timestep 2783
planning flow reduced
plan limit 738
compute initial stop until 0
current timestep 2790
planning flow reduced
plan limit 753
compute initial stop until 0
current timestep 2796
planning flow reduced
plan limit 762
compute initial stop until 0
current timestep 2801
planning flow reduced
plan limit 779
compute initial stop until 0
current timestep 2806
planning flow reduced
plan limit 759
compute initial stop until 0
current timestep 2810
planning flow reduced
plan limit 774
compute initial stop until 0
current timestep 2816
planning flow reduced
plan limit 780
compute initial stop until 0
current timestep 2821
planning flow reduced
plan limit 728
compute initial stop until 0
current timestep 2827
planning flow reduced
plan limit 745
compute initial stop until 0
current timestep 2833
planning flow reduced
plan limit 781
compute initial stop until 0
current timestep 2839
planning flow reduced
plan limit 765
compute initial stop until 0
current timestep 2845
planning flow reduced
plan limit 743
compute initial stop until 0
current timestep 2851
planning flow reduced
plan limit 772
compute initial stop until 0
current timestep 2856
planning flow reduced
plan limit 783
compute initial stop until 0
current timestep 2861
planning flow reduced
plan limit 774
compute initial stop until 0
current timestep 2866
planning flow reduced
plan limit 769
compute initial stop until 0
current timestep 2871
planning flow reduced
plan limit 743
compute initial stop until 0
current timestep 2876
planning flow reduced
plan limit 768
compute initial stop until 0
current timestep 2881
planning flow reduced
plan limit 766
compute initial stop until 0
current timestep 2886
planning flow reduced
plan limit 744
compute initial stop until 0
current timestep 2892
planning flow reduced
plan limit 757
compute initial stop until 0
current timestep 2898
planning flow reduced
plan limit 729
compute initial stop until 0
current timestep 2904
planning flow reduced
plan limit 780
compute initial stop until 0
current timestep 2908
planning flow reduced
plan limit 796
compute initial stop until 0
current timestep 2913
planning flow reduced
plan limit 763
compute initial stop until 0
current timestep 2918
planning flow reduced
plan limit 767
compute initial stop until 0
current timestep 2923
planning flow reduced
plan limit 751
compute initial stop until 0
current timestep 2928
planning flow reduced
plan limit 740
compute initial stop until 0
current timestep 2932
planning flow reduced
plan limit 793
compute initial stop until 0
current timestep 2937
planning flow reduced
plan limit 792
compute initial stop until 0
current timestep 2942
planning flow reduced
plan limit 798
compute initial stop until 0
current timestep 2947
planning flow reduced
plan limit 767
compute initial stop until 0
current timestep 2952
planning flow reduced
plan limit 773
compute initial stop until 0
current timestep 2957
planning flow reduced
plan limit 776
compute initial stop until 0
current timestep 2961
planning flow reduced
plan limit 775
compute initial stop until 0
current timestep 2966
planning flow reduced
plan limit 790
compute initial stop until 0
current timestep 2971
planning flow reduced
plan limit 800
compute initial stop until 0
current timestep 2976
planning flow reduced
plan limit 788
compute initial stop until 0
current timestep 2980
planning flow reduced
plan limit 797
compute initial stop until 0
current timestep 2985
planning flow reduced
plan limit 792
compute initial stop until 0
current timestep 2990
planning flow reduced
plan limit 776
compute initial stop until 0
current timestep 2994
planning flow reduced
plan limit 793
compute initial stop until 0
current timestep 2999
planning flow reduced
plan limit 778
compute initial stop until 0
current timestep 3004
planning flow reduced
plan limit 767
compute initial stop until 0
current timestep 3008
planning flow reduced
plan limit 776
compute initial stop until 0
current timestep 3012
planning flow reduced
plan limit 765
compute initial stop until 0
current timestep 3016
planning flow reduced
plan limit 795
compute initial stop until 0
current timestep 3021
planning flow reduced
plan limit 787
compute initial stop until 0
current timestep 3025
planning flow reduced
plan limit 775
compute initial stop until 0
current timestep 3029
planning flow reduced
plan limit 787
compute initial stop until 0
current timestep 3034
planning flow reduced
plan limit 796
compute initial stop until 0
current timestep 3039
planning flow reduced
plan limit 788
compute initial stop until 0
current timestep 3044
planning flow reduced
plan limit 798
compute initial stop until 0
current timestep 3049
planning flow reduced
plan limit 788
compute initial stop until 0
current timestep 3054
planning flow reduced
plan limit 772
compute initial stop until 0
current timestep 3058
planning flow reduced
plan limit 788
compute initial stop until 0
current timestep 3063
planning flow reduced
plan limit 769
compute initial stop until 0
current timestep 3070
planning flow reduced
plan limit 783
compute initial stop until 0
current timestep 3074
planning flow reduced
plan limit 798
compute initial stop until 0
current timestep 3079
planning flow reduced
plan limit 790
compute initial stop until 0
current timestep 3084
planning flow reduced
plan limit 773
compute initial stop until 0
current timestep 3088
planning flow reduced
plan limit 764
compute initial stop until 0
current timestep 3092
planning flow reduced
plan limit 771
compute initial stop until 0
current timestep 3096
planning flow reduced
plan limit 787
compute initial stop until 0
current timestep 3101
planning flow reduced
plan limit 788
compute initial stop until 0
current timestep 3106
planning flow reduced
plan limit 795
compute initial stop until 0
current timestep 3111
planning flow reduced
plan limit 789
compute initial stop until 0
current timestep 3116
planning flow reduced
plan limit 773
compute initial stop until 0
current timestep 3120
planning flow reduced
plan limit 790
compute initial stop until 0
current timestep 3124
planning flow reduced
plan limit 801
compute initial stop until 0
current timestep 3129
planning flow reduced
plan limit 743
compute initial stop until 0
current timestep 3134
planning flow reduced
plan limit 758
compute initial stop until 0
current timestep 3138
planning flow reduced
plan limit 785
compute initial stop until 0
current timestep 3142
planning flow reduced
plan limit 795
compute initial stop until 0
current timestep 3147
planning flow reduced
plan limit 790
compute initial stop until 0
current timestep 3151
planning flow reduced
plan limit 774
compute initial stop until 0
current timestep 3155
planning flow reduced
plan limit 723
compute initial stop until 0
current timestep 3160
planning flow reduced
plan limit 785
compute initial stop until 0
current timestep 3164
planning flow reduced
plan limit 773
compute initial stop until 0
current timestep 3168
planning flow reduced
plan limit 785
compute initial stop until 0
current timestep 3172
planning flow reduced
plan limit 791
compute initial stop until 0
current timestep 3176
planning flow reduced
plan limit 755
compute initial stop until 0
current timestep 3180
planning flow reduced
plan limit 767
compute initial stop until 0
current timestep 3184
planning flow reduced
plan limit 786
compute initial stop until 0
current timestep 3188
planning flow reduced
plan limit 793
compute initial stop until 0
current timestep 3192
planning flow reduced
plan limit 784
compute initial stop until 0
current timestep 3196
planning flow reduced
plan limit 765
compute initial stop until 0
current timestep 3200
planning flow reduced
plan limit 761
compute initial stop until 0
current timestep 3204
planning flow reduced
plan limit 791
compute initial stop until 0
current timestep 3208
planning flow reduced
plan limit 784
compute initial stop until 0
current timestep 3212
planning flow reduced
plan limit 793
compute initial stop until 0
current timestep 3217
planning flow reduced
plan limit 701
compute initial stop until 0
current timestep 3223
planning flow reduced
plan limit 784
compute initial stop until 0
current timestep 3227
planning flow reduced
plan limit 708
compute initial stop until 0
current timestep 3233
planning flow reduced
plan limit 782
compute initial stop until 0
current timestep 3237
planning flow reduced
plan limit 778
compute initial stop until 0
current timestep 3242
planning flow reduced
plan limit 784
compute initial stop until 0
current timestep 3246
planning flow reduced
plan limit 707
compute initial stop until 0
current timestep 3253
planning flow reduced
plan limit 756
compute initial stop until 0
current timestep 3257
planning flow reduced
plan limit 754
compute initial stop until 0
current timestep 3262
planning flow reduced
plan limit 777
compute initial stop until 0
current timestep 3267
planning flow reduced
plan limit 745
compute initial stop until 0
current timestep 3272
planning flow reduced
plan limit 785
compute initial stop until 0
current timestep 3276
planning flow reduced
plan limit 758
compute initial stop until 0
current timestep 3280
planning flow reduced
plan limit 789
compute initial stop until 0
current timestep 3284
planning flow reduced
plan limit 778
compute initial stop until 0
current timestep 3288
planning flow reduced
plan limit 787
compute initial stop until 0
current timestep 3292
planning flow reduced
plan limit 753
compute initial stop until 0
current timestep 3297
planning flow reduced
plan limit 755
compute initial stop until 0
current timestep 3302
planning flow reduced
plan limit 755
compute initial stop until 0
current timestep 3307
planning flow reduced
plan limit 724
compute initial stop until 0
current timestep 3312
planning flow reduced
plan limit 779
compute initial stop until 0
current timestep 3317
planning flow reduced
plan limit 780
compute initial stop until 0
current timestep 3322
planning flow reduced
plan limit 785
compute initial stop until 0
current timestep 3326
planning flow reduced
plan limit 784
compute initial stop until 0
current timestep 3330
planning flow reduced
plan limit 757
compute initial stop until 0
current timestep 3335
planning flow reduced
plan limit 751
compute initial stop until 0
current timestep 3340
planning flow reduced
plan limit 781
compute initial stop until 0
current timestep 3344
planning flow reduced
plan limit 776
compute initial stop until 0
current timestep 3349
planning flow reduced
plan limit 786
compute initial stop until 0
current timestep 3355
planning flow reduced
plan limit 737
compute initial stop until 0
current timestep 3360
planning flow reduced
plan limit 716
compute initial stop until 0
current timestep 3367
planning flow reduced
plan limit 766
compute initial stop until 0
current timestep 3372
planning flow reduced
plan limit 716
compute initial stop until 0
current timestep 3379
planning flow reduced
plan limit 742
compute initial stop until 0
current timestep 3386
planning flow reduced
plan limit 752
compute initial stop until 0
current timestep 3392
planning flow reduced
plan limit 766
compute initial stop until 0
current timestep 3398
planning flow reduced
plan limit 784
compute initial stop until 0
current timestep 3402
planning flow reduced
plan limit 792
compute initial stop until 0
current timestep 3406
planning flow reduced
plan limit 783
compute initial stop until 0
current timestep 3411
planning flow reduced
plan limit 788
compute initial stop until 0
current timestep 3416
planning flow reduced
plan limit 789
compute initial stop until 0
current timestep 3420
planning flow reduced
plan limit 788
compute initial stop until 0
current timestep 3424
planning flow reduced
plan limit 787
compute initial stop until 0
current timestep 3429
planning flow reduced
plan limit 761
compute initial stop until 0
current timestep 3433
planning flow reduced
plan limit 791
compute initial stop until 0
current timestep 3437
planning flow reduced
plan limit 784
compute initial stop until 0
current timestep 3442
planning flow reduced
plan limit 789
compute initial stop until 0
current timestep 3446
planning flow reduced
plan limit 768
compute initial stop until 0
current timestep 3450
planning flow reduced
plan limit 776
compute initial stop until 0
current timestep 3454
planning flow reduced
plan limit 778
compute initial stop until 0
current timestep 3459
planning flow reduced
plan limit 790
compute initial stop until 0
current timestep 3464
planning flow reduced
plan limit 786
compute initial stop until 0
current timestep 3469
planning flow reduced
plan limit 785
compute initial stop until 0
current timestep 3474
planning flow reduced
plan limit 791
compute initial stop until 0
current timestep 3479
planning flow reduced
plan limit 761
compute initial stop until 0
current timestep 3483
planning flow reduced
plan limit 741
compute initial stop until 0
current timestep 3488
planning flow reduced
plan limit 792
compute initial stop until 0
current timestep 3492
planning flow reduced
plan limit 757
compute initial stop until 0
current timestep 3498
planning flow reduced
plan limit 742
compute initial stop until 0
current timestep 3504
planning flow reduced
plan limit 762
compute initial stop until 0
current timestep 3510
planning flow reduced
plan limit 792
compute initial stop until 0
current timestep 3514
planning flow reduced
plan limit 763
compute initial stop until 0
current timestep 3519
planning flow reduced
plan limit 769
compute initial stop until 0
current timestep 3524
planning flow reduced
plan limit 780
compute initial stop until 0
current timestep 3529
planning flow reduced
plan limit 766
compute initial stop until 0
current timestep 3533
planning flow reduced
plan limit 788
compute initial stop until 0
current timestep 3537
planning flow reduced
plan limit 783
compute initial stop until 0
current timestep 3541
planning flow reduced
plan limit 749
compute initial stop until 0
current timestep 3546
planning flow reduced
plan limit 765
compute initial stop until 0
current timestep 3551
planning flow reduced
plan limit 793
compute initial stop until 0
current timestep 3555
planning flow reduced
plan limit 764
compute initial stop until 0
current timestep 3559
planning flow reduced
plan limit 793
compute initial stop until 0
current timestep 3563
planning flow reduced
plan limit 783
compute initial stop until 0
current timestep 3568
planning flow reduced
plan limit 789
compute initial stop until 0
current timestep 3572
planning flow reduced
plan limit 760
compute initial stop until 0
current timestep 3576
planning flow reduced
plan limit 790
compute initial stop until 0
current timestep 3580
planning flow reduced
plan limit 785
compute initial stop until 0
current timestep 3585
planning flow reduced
plan limit 790
compute initial stop until 0
current timestep 3589
planning flow reduced
plan limit 763
compute initial stop until 0
current timestep 3593
planning flow reduced
plan limit 787
compute initial stop until 0
current timestep 3597
planning flow reduced
plan limit 768
compute initial stop until 0
current timestep 3601
planning flow reduced
plan limit 788
compute initial stop until 0
current timestep 3605
planning flow reduced
plan limit 766
compute initial stop until 0
current timestep 3609
planning flow reduced
plan limit 783
compute initial stop until 0
current timestep 3614
planning flow reduced
plan limit 800
compute initial stop until 0
current timestep 3618
planning flow reduced
plan limit 785
compute initial stop until 0
current timestep 3622
planning flow reduced
plan limit 787
compute initial stop until 0
current timestep 3626
planning flow reduced
plan limit 761
compute initial stop until 0
current timestep 3630
planning flow reduced
plan limit 765
compute initial stop until 0
current timestep 3634
planning flow reduced
plan limit 786
compute initial stop until 0
current timestep 3639
planning flow reduced
plan limit 754
compute initial stop until 0
current timestep 3644
planning flow reduced
plan limit 782
compute initial stop until 0
current timestep 3648
planning flow reduced
plan limit 760
compute initial stop until 0
current timestep 3653
planning flow reduced
plan limit 781
compute initial stop until 0
current timestep 3658
planning flow reduced
plan limit 784
compute initial stop until 0
current timestep 3662
planning flow reduced
plan limit 763
compute initial stop until 0
current timestep 3668
planning flow reduced
plan limit 778
compute initial stop until 0
current timestep 3673
planning flow reduced
plan limit 766
compute initial stop until 0
current timestep 3678
planning flow reduced
plan limit 756
compute initial stop until 0
current timestep 3683
planning flow reduced
plan limit 776
compute initial stop until 0
current timestep 3688
planning flow reduced
plan limit 763
compute initial stop until 0
current timestep 3693
planning flow reduced
plan limit 774
compute initial stop until 0
current timestep 3697
planning flow reduced
plan limit 740
compute initial stop until 0
current timestep 3702
planning flow reduced
plan limit 760
compute initial stop until 0
current timestep 3706
planning flow reduced
plan limit 754
compute initial stop until 0
current timestep 3710
planning flow reduced
plan limit 782
compute initial stop until 0
current timestep 3715
planning flow reduced
plan limit 767
compute initial stop until 0
current timestep 3720
planning flow reduced
plan limit 751
compute initial stop until 0
current timestep 3727
planning flow reduced
plan limit 756
compute initial stop until 0
current timestep 3732
planning flow reduced
plan limit 755
compute initial stop until 0
current timestep 3739
planning flow reduced
plan limit 764
compute initial stop until 0
current timestep 3744
planning flow reduced
plan limit 747
compute initial stop until 0
current timestep 3748
planning flow reduced
plan limit 774
compute initial stop until 0
current timestep 3752
planning flow reduced
plan limit 750
compute initial stop until 0
current timestep 3757
planning flow reduced
plan limit 755
compute initial stop until 0
current timestep 3762
planning flow reduced
plan limit 773
compute initial stop until 0
current timestep 3767
planning flow reduced
plan limit 742
compute initial stop until 0
current timestep 3773
planning flow reduced
plan limit 758
compute initial stop until 0
current timestep 3778
planning flow reduced
plan limit 755
compute initial stop until 0
current timestep 3782
planning flow reduced
plan limit 750
compute initial stop until 0
current timestep 3788
planning flow reduced
plan limit 783
compute initial stop until 0
current timestep 3792
planning flow reduced
plan limit 776
compute initial stop until 0
current timestep 3796
planning flow reduced
plan limit 777
compute initial stop until 0
current timestep 3800
planning flow reduced
plan limit 758
compute initial stop until 0
current timestep 3804
planning flow reduced
plan limit 766
compute initial stop until 0
current timestep 3808
planning flow reduced
plan limit 792
compute initial stop until 0
current timestep 3812
planning flow reduced
plan limit 790
compute initial stop until 0
current timestep 3816
planning flow reduced
plan limit 792
compute initial stop until 0
current timestep 3821
planning flow reduced
plan limit 794
compute initial stop until 0
current timestep 3825
planning flow reduced
plan limit 770
compute initial stop until 0
current timestep 3829
planning flow reduced
plan limit 791
compute initial stop until 0
current timestep 3834
planning flow reduced
plan limit 794
compute initial stop until 0
current timestep 3839
planning flow reduced
plan limit 769
compute initial stop until 0
current timestep 3843
planning flow reduced
plan limit 795
compute initial stop until 0
current timestep 3848
planning flow reduced
plan limit 791
compute initial stop until 0
current timestep 3853
planning flow reduced
plan limit 795
compute initial stop until 0
current timestep 3858
planning flow reduced
plan limit 789
compute initial stop until 0
current timestep 3863
planning flow reduced
plan limit 794
compute initial stop until 0
current timestep 3868
planning flow reduced
plan limit 793
compute initial stop until 0
current timestep 3872
planning flow reduced
plan limit 769
compute initial stop until 0
current timestep 3877
planning flow reduced
plan limit 779
compute initial stop until 0
current timestep 3881
planning flow reduced
plan limit 726
compute initial stop until 0
current timestep 3885
planning flow reduced
plan limit 777
compute initial stop until 0
current timestep 3889
planning flow reduced
plan limit 764
compute initial stop until 0
current timestep 3894
planning flow reduced
plan limit 789
compute initial stop until 0
current timestep 3900
planning flow reduced
plan limit 769
compute initial stop until 0
current timestep 3904
planning flow reduced
plan limit 756
compute initial stop until 0
current timestep 3913
planning flow reduced
plan limit 764
compute initial stop until 0
current timestep 3917
planning flow reduced
plan limit 760
compute initial stop until 0
current timestep 3925
planning flow reduced
plan limit 793
compute initial stop until 0
current timestep 3931
planning flow reduced
plan limit 792
compute initial stop until 0
current timestep 3936
planning flow reduced
plan limit 790
compute initial stop until 0
current timestep 3941
planning flow reduced
plan limit 793
compute initial stop until 0
current timestep 3946
planning flow reduced
plan limit 793
compute initial stop until 0
current timestep 3951
planning flow reduced
plan limit 794
compute initial stop until 0
current timestep 3956
planning flow reduced
plan limit 778
compute initial stop until 0
current timestep 3960
planning flow reduced
plan limit 790
compute initial stop until 0
current timestep 3965
planning flow reduced
plan limit 797
compute initial stop until 0
current timestep 3970
planning flow reduced
plan limit 760
compute initial stop until 0
current timestep 3975
planning flow reduced
plan limit 793
compute initial stop until 0
current timestep 3980
planning flow reduced
plan limit 765
compute initial stop until 0
current timestep 3984
planning flow reduced
plan limit 797
compute initial stop until 0
current timestep 3989
planning flow reduced
plan limit 790
compute initial stop until 0
current timestep 3993
planning flow reduced
plan limit 766
compute initial stop until 0
current timestep 3997
planning flow reduced
plan limit 797
compute initial stop until 0
current timestep 4002
planning flow reduced
plan limit 790
compute initial stop until 0
current timestep 4007
planning flow reduced
plan limit 796
compute initial stop until 0
current timestep 4012
planning flow reduced
plan limit 790
compute initial stop until 0
current timestep 4017
planning flow reduced
plan limit 792
compute initial stop until 0
current timestep 4022
planning flow reduced
plan limit 766
compute initial stop until 0
current timestep 4026
planning flow reduced
plan limit 773
compute initial stop until 0
current timestep 4030
planning flow reduced
plan limit 789
compute initial stop until 0
current timestep 4035
planning flow reduced
plan limit 770
compute initial stop until 0
current timestep 4039
planning flow reduced
plan limit 766
compute initial stop until 0
current timestep 4043
planning flow reduced
plan limit 791
compute initial stop until 0
current timestep 4047
planning flow reduced
plan limit 788
compute initial stop until 0
current timestep 4052
planning flow reduced
plan limit 793
compute initial stop until 0
current timestep 4057
planning flow reduced
plan limit 727
compute initial stop until 0
current timestep 4065
planning flow reduced
plan limit 783
compute initial stop until 0
current timestep 4069
planning flow reduced
plan limit 763
compute initial stop until 0
current timestep 4073
planning flow reduced
plan limit 764
compute initial stop until 0
current timestep 4077
planning flow reduced
plan limit 767
compute initial stop until 0
current timestep 4081
planning flow reduced
plan limit 761
compute initial stop until 0
current timestep 4085
planning flow reduced
plan limit 787
compute initial stop until 0
current timestep 4089
planning flow reduced
plan limit 784
compute initial stop until 0
current timestep 4093
planning flow reduced
plan limit 790
compute initial stop until 0
current timestep 4098
planning flow reduced
plan limit 787
compute initial stop until 0
current timestep 4102
planning flow reduced
plan limit 782
compute initial stop until 0
current timestep 4106
planning flow reduced
plan limit 775
compute initial stop until 0
current timestep 4110
planning flow reduced
plan limit 791
compute initial stop until 0
current timestep 4114
planning flow reduced
plan limit 782
compute initial stop until 0
current timestep 4118
planning flow reduced
plan limit 784
compute initial stop until 0
current timestep 4122
planning flow reduced
plan limit 776
compute initial stop until 0
current timestep 4126
planning flow reduced
plan limit 784
compute initial stop until 0
current timestep 4130
planning flow reduced
plan limit 782
compute initial stop until 0
current timestep 4134
planning flow reduced
plan limit 743
compute initial stop until 0
current timestep 4138
planning flow reduced
plan limit 775
compute initial stop until 0
current timestep 4142
planning flow reduced
plan limit 779
compute initial stop until 0
current timestep 4146
planning flow reduced
plan limit 777
compute initial stop until 0
current timestep 4150
planning flow reduced
plan limit 755
compute initial stop until 0
current timestep 4154
planning flow reduced
plan limit 774
compute initial stop until 0
current timestep 4158
planning flow reduced
plan limit 782
compute initial stop until 0
current timestep 4162
planning flow reduced
plan limit 752
compute initial stop until 0
current timestep 4167
planning flow reduced
plan limit 772
compute initial stop until 0
current timestep 4171
planning flow reduced
plan limit 779
compute initial stop until 0
current timestep 4175
planning flow reduced
plan limit 780
compute initial stop until 0
current timestep 4179
planning flow reduced
plan limit 784
compute initial stop until 0
current timestep 4183
planning flow reduced
plan limit 781
compute initial stop until 0
current timestep 4187
planning flow reduced
plan limit 769
compute initial stop until 0
current timestep 4191
planning flow reduced
plan limit 739
compute initial stop until 0
current timestep 4195
planning flow reduced
plan limit 763
compute initial stop until 0
current timestep 4199
planning flow reduced
plan limit 778
compute initial stop until 0
current timestep 4203
planning flow reduced
plan limit 790
compute initial stop until 0
current timestep 4207
planning flow reduced
plan limit 789
compute initial stop until 0
current timestep 4211
planning flow reduced
plan limit 792
compute initial stop until 0
current timestep 4216
planning flow reduced
plan limit 789
compute initial stop until 0
current timestep 4221
planning flow reduced
plan limit 783
compute initial stop until 0
current timestep 4226
planning flow reduced
plan limit 786
compute initial stop until 0
current timestep 4231
planning flow reduced
plan limit 767
compute initial stop until 0
current timestep 4235
planning flow reduced
plan limit 794
compute initial stop until 0
current timestep 4240
planning flow reduced
plan limit 792
compute initial stop until 0
current timestep 4244
planning flow reduced
plan limit 795
compute initial stop until 0
current timestep 4249
planning flow reduced
plan limit 792
compute initial stop until 0
current timestep 4254
planning flow reduced
plan limit 796
compute initial stop until 0
current timestep 4260
planning flow reduced
plan limit 793
compute initial stop until 0
current timestep 4264
planning flow reduced
plan limit 766
compute initial stop until 0
current timestep 4271
planning flow reduced
plan limit 789
compute initial stop until 0
current timestep 4275
planning flow reduced
plan limit 772
compute initial stop until 0
current timestep 4279
planning flow reduced
plan limit 791
compute initial stop until 0
current timestep 4283
planning flow reduced
plan limit 772
compute initial stop until 0
current timestep 4287
planning flow reduced
plan limit 796
compute initial stop until 0
current timestep 4292
planning flow reduced
plan limit 765
compute initial stop until 0
current timestep 4296
planning flow reduced
plan limit 800
compute initial stop until 0
current timestep 4301
planning flow reduced
plan limit 788
compute initial stop until 0
current timestep 4306
planning flow reduced
plan limit 777
compute initial stop until 0
current timestep 4310
planning flow reduced
plan limit 797
compute initial stop until 0
current timestep 4315
planning flow reduced
plan limit 799
compute initial stop until 0
current timestep 4320
planning flow reduced
plan limit 796
compute initial stop until 0
current timestep 4325
planning flow reduced
plan limit 797
compute initial stop until 0
current timestep 4330
planning flow reduced
plan limit 795
compute initial stop until 0
current timestep 4335
planning flow reduced
plan limit 796
compute initial stop until 0
current timestep 4340
planning flow reduced
plan limit 795
compute initial stop until 0
current timestep 4345
planning flow reduced
plan limit 794
compute initial stop until 0
current timestep 4350
planning flow reduced
plan limit 796
compute initial stop until 0
current timestep 4355
planning flow reduced
plan limit 773
compute initial stop until 0
current timestep 4359
planning flow reduced
plan limit 796
compute initial stop until 0
current timestep 4364
planning flow reduced
plan limit 793
compute initial stop until 0
current timestep 4369
planning flow reduced
plan limit 792
compute initial stop until 0
current timestep 4374
planning flow reduced
plan limit 777
compute initial stop until 0
current timestep 4379
planning flow reduced
plan limit 801
compute initial stop until 0
current timestep 4384
planning flow reduced
plan limit 785
compute initial stop until 0
current timestep 4389
planning flow reduced
plan limit 770
compute initial stop until 0
current timestep 4393
planning flow reduced
plan limit 796
compute initial stop until 0
current timestep 4398
planning flow reduced
plan limit 794
compute initial stop until 0
current timestep 4403
planning flow reduced
plan limit 792
compute initial stop until 0
current timestep 4408
planning flow reduced
plan limit 788
compute initial stop until 0
current timestep 4412
planning flow reduced
plan limit 791
compute initial stop until 0
current timestep 4417
planning flow reduced
plan limit 790
compute initial stop until 0
current timestep 4422
planning flow reduced
plan limit 769
compute initial stop until 0
current timestep 4426
planning flow reduced
plan limit 791
compute initial stop until 0
current timestep 4430
planning flow reduced
plan limit 791
compute initial stop until 0
current timestep 4434
planning flow reduced
plan limit 795
compute initial stop until 0
current timestep 4439
planning flow reduced
plan limit 768
compute initial stop until 0
current timestep 4443
planning flow reduced
plan limit 771
compute initial stop until 0
current timestep 4447
planning flow reduced
plan limit 791
compute initial stop until 0
current timestep 4451
planning flow reduced
plan limit 792
compute initial stop until 0
current timestep 4456
planning flow reduced
plan limit 799
compute initial stop until 0
current timestep 4461
planning flow reduced
plan limit 791
compute initial stop until 0
current timestep 4466
planning flow reduced
plan limit 769
compute initial stop until 0
current timestep 4470
planning flow reduced
plan limit 795
compute initial stop until 0
current timestep 4475
planning flow reduced
plan limit 767
compute initial stop until 0
current timestep 4479
planning flow reduced
plan limit 795
compute initial stop until 0
current timestep 4483
planning flow reduced
plan limit 766
compute initial stop until 0
current timestep 4487
planning flow reduced
plan limit 796
compute initial stop until 0
current timestep 4492
planning flow reduced
plan limit 790
compute initial stop until 0
current timestep 4496
planning flow reduced
plan limit 793
compute initial stop until 0
current timestep 4501
planning flow reduced
plan limit 790
compute initial stop until 0
current timestep 4505
planning flow reduced
plan limit 793
compute initial stop until 0
current timestep 4509
planning flow reduced
plan limit 787
compute initial stop until 0
current timestep 4513
planning flow reduced
plan limit 791
compute initial stop until 0
current timestep 4517
planning flow reduced
plan limit 776
compute initial stop until 0
current timestep 4521
planning flow reduced
plan limit 754
compute initial stop until 0
current timestep 4525
planning flow reduced
plan limit 800
compute initial stop until 0
current timestep 4530
planning flow reduced
plan limit 782
compute initial stop until 0
current timestep 4534
planning flow reduced
plan limit 786
compute initial stop until 0
current timestep 4538
planning flow reduced
plan limit 795
compute initial stop until 0
current timestep 4542
planning flow reduced
plan limit 791
compute initial stop until 0
current timestep 4546
planning flow reduced
plan limit 789
compute initial stop until 0
current timestep 4551
planning flow reduced
plan limit 794
compute initial stop until 0
current timestep 4556
planning flow reduced
plan limit 790
compute initial stop until 0
current timestep 4560
planning flow reduced
plan limit 794
compute initial stop until 0
current timestep 4565
planning flow reduced
plan limit 788
compute initial stop until 0
current timestep 4569
planning flow reduced
plan limit 792
compute initial stop until 0
current timestep 4573
planning flow reduced
plan limit 780
compute initial stop until 0
current timestep 4577
planning flow reduced
plan limit 788
compute initial stop until 0
current timestep 4581
planning flow reduced
plan limit 789
compute initial stop until 0
current timestep 4585
planning flow reduced
plan limit 788
compute initial stop until 0
current timestep 4589
planning flow reduced
plan limit 761
compute initial stop until 0
current timestep 4593
planning flow reduced
plan limit 788
compute initial stop until 0
current timestep 4597
planning flow reduced
plan limit 762
compute initial stop until 0
current timestep 4601
planning flow reduced
plan limit 792
compute initial stop until 0
current timestep 4605
planning flow reduced
plan limit 787
compute initial stop until 0
current timestep 4609
planning flow reduced
plan limit 787
compute initial stop until 0
current timestep 4613
planning flow reduced
plan limit 786
compute initial stop until 0
current timestep 4617
planning flow reduced
plan limit 789
compute initial stop until 0
current timestep 4621
planning flow reduced
plan limit 803
compute initial stop until 0
current timestep 4625
planning flow reduced
plan limit 786
compute initial stop until 0
current timestep 4629
planning flow reduced
plan limit 763
compute initial stop until 0
current timestep 4633
planning flow reduced
plan limit 751
compute initial stop until 0
current timestep 4637
planning flow reduced
plan limit 796
compute initial stop until 0
current timestep 4641
planning flow reduced
plan limit 783
compute initial stop until 0
current timestep 4645
planning flow reduced
plan limit 752
compute initial stop until 0
current timestep 4649
planning flow reduced
plan limit 757
compute initial stop until 0
current timestep 4653
planning flow reduced
plan limit 794
compute initial stop until 0
current timestep 4657
planning flow reduced
plan limit 759
compute initial stop until 0
current timestep 4661
planning flow reduced
plan limit 797
compute initial stop until 0
current timestep 4665
planning flow reduced
plan limit 758
compute initial stop until 0
current timestep 4669
planning flow reduced
plan limit 793
compute initial stop until 0
current timestep 4673
planning flow reduced
plan limit 777
compute initial stop until 0
current timestep 4677
planning flow reduced
plan limit 789
compute initial stop until 0
current timestep 4681
planning flow reduced
plan limit 780
compute initial stop until 0
current timestep 4685
planning flow reduced
plan limit 784
compute initial stop until 0
current timestep 4689
planning flow reduced
plan limit 789
compute initial stop until 0
current timestep 4693
planning flow reduced
plan limit 782
compute initial stop until 0
current timestep 4697
planning flow reduced
plan limit 795
compute initial stop until 0
current timestep 4701
planning flow reduced
plan limit 783
compute initial stop until 0
current timestep 4705
planning flow reduced
plan limit 784
compute initial stop until 0
current timestep 4709
planning flow reduced
plan limit 792
compute initial stop until 0
current timestep 4713
planning flow reduced
plan limit 778
compute initial stop until 0
current timestep 4717
planning flow reduced
plan limit 793
compute initial stop until 0
current timestep 4721
planning flow reduced
plan limit 791
compute initial stop until 0
current timestep 4725
planning flow reduced
plan limit 777
compute initial stop until 0
current timestep 4729
planning flow reduced
plan limit 789
compute initial stop until 0
current timestep 4733
planning flow reduced
plan limit 785
compute initial stop until 0
current timestep 4737
planning flow reduced
plan limit 791
compute initial stop until 0
current timestep 4741
planning flow reduced
plan limit 785
compute initial stop until 0
current timestep 4745
planning flow reduced
plan limit 765
compute initial stop until 0
current timestep 4749
planning flow reduced
plan limit 756
compute initial stop until 0
current timestep 4753
planning flow reduced
plan limit 776
compute initial stop until 0
current timestep 4757
planning flow reduced
plan limit 786
compute initial stop until 0
current timestep 4761
planning flow reduced
plan limit 783
compute initial stop until 0
current timestep 4765
planning flow reduced
plan limit 787
compute initial stop until 0
current timestep 4769
planning flow reduced
plan limit 781
compute initial stop until 0
current timestep 4773
planning flow reduced
plan limit 765
compute initial stop until 0
current timestep 4777
planning flow reduced
plan limit 754
compute initial stop until 0
current timestep 4781
planning flow reduced
plan limit 790
compute initial stop until 0
current timestep 4785
planning flow reduced
plan limit 781
compute initial stop until 0
current timestep 4789
planning flow reduced
plan limit 799
compute initial stop until 0
current timestep 4794
planning flow reduced
plan limit 786
compute initial stop until 0
current timestep 4798
planning flow reduced
plan limit 794
compute initial stop until 0
current timestep 4802
planning flow reduced
plan limit 789
compute initial stop until 0
current timestep 4806
planning flow reduced
plan limit 797
compute initial stop until 0
current timestep 4811
planning flow reduced
plan limit 787
compute initial stop until 0
current timestep 4815
planning flow reduced
plan limit 797
compute initial stop until 0
current timestep 4820
planning flow reduced
plan limit 764
compute initial stop until 0
current timestep 4824
planning flow reduced
plan limit 763
compute initial stop until 0
current timestep 4828
planning flow reduced
plan limit 796
compute initial stop until 0
current timestep 4833
planning flow reduced
plan limit 796
compute initial stop until 0
current timestep 4838
planning flow reduced
plan limit 781
compute initial stop until 0
current timestep 4842
planning flow reduced
plan limit 764
compute initial stop until 0
current timestep 4846
planning flow reduced
plan limit 777
compute initial stop until 0
current timestep 4850
planning flow reduced
plan limit 773
compute initial stop until 0
current timestep 4854
planning flow reduced
plan limit 790
compute initial stop until 0
current timestep 4858
planning flow reduced
plan limit 796
compute initial stop until 0
current timestep 4863
planning flow reduced
plan limit 778
compute initial stop until 0
current timestep 4867
planning flow reduced
plan limit 797
compute initial stop until 0
current timestep 4872
planning flow reduced
plan limit 777
compute initial stop until 0
current timestep 4876
planning flow reduced
plan limit 768
compute initial stop until 0
current timestep 4880
planning flow reduced
plan limit 794
compute initial stop until 0
current timestep 4885
planning flow reduced
plan limit 791
compute initial stop until 0
current timestep 4890
planning flow reduced
plan limit 794
compute initial stop until 0
current timestep 4895
planning flow reduced
plan limit 799
compute initial stop until 0
current timestep 4900
planning flow reduced
plan limit 790
compute initial stop until 0
current timestep 4905
planning flow reduced
plan limit 801
compute initial stop until 0
current timestep 4910
planning flow reduced
plan limit 766
compute initial stop until 0
current timestep 4914
planning flow reduced
plan limit 799
compute initial stop until 0
current timestep 4919
planning flow reduced
plan limit 762
compute initial stop until 0
current timestep 4923
planning flow reduced
plan limit 776
compute initial stop until 0
current timestep 4927
planning flow reduced
plan limit 790
compute initial stop until 0
current timestep 4932
planning flow reduced
plan limit 774
compute initial stop until 0
current timestep 4936
planning flow reduced
plan limit 791
compute initial stop until 0
current timestep 4941
planning flow reduced
plan limit 773
compute initial stop until 0
current timestep 4945
planning flow reduced
plan limit 799
compute initial stop until 0
current timestep 4949
planning flow reduced
plan limit 789
compute initial stop until 0
current timestep 4953
planning flow reduced
plan limit 797
compute initial stop until 0
current timestep 4958
planning flow reduced
plan limit 765
compute initial stop until 0
current timestep 4962
planning flow reduced
plan limit 798
compute initial stop until 0
current timestep 4967
planning flow reduced
plan limit 788
compute initial stop until 0
current timestep 4971
planning flow reduced
plan limit 798
compute initial stop until 0
current timestep 4976
planning flow reduced
plan limit 788
compute initial stop until 0
current timestep 4980
planning flow reduced
plan limit 796
compute initial stop until 0
current timestep 4985
planning flow reduced
plan limit 775
compute initial stop until 0
current timestep 4989
planning flow reduced
plan limit 791
compute initial stop until 0
current timestep 4994
planning flow reduced
plan limit 790
compute initial stop until 0
current timestep 4998
planning flow reduced
plan limit 779
compute initial stop until 0
current timestep 5002
planning flow reduced
plan limit 788
compute initial stop until 0
current timestep 5006
planning flow reduced
plan limit 797
compute initial stop until 0
current timestep 5011
planning flow reduced
plan limit 776
compute initial stop until 0
current timestep 5015
planning flow reduced
plan limit 787
compute initial stop until 0
current timestep 5019
planning flow reduced
plan limit 788
compute initial stop until 0
current timestep 5023
planning flow reduced
plan limit 798
compute initial stop until 0
current timestep 5028
planning flow reduced
plan limit 787
compute initial stop until 0
current timestep 5032
planning flow reduced
plan limit 797
compute initial stop until 0
current timestep 5037
planning flow reduced
plan limit 787
compute initial stop until 0
current timestep 5041
planning flow reduced
plan limit 798
compute initial stop until 0
current timestep 5046
planning flow reduced
plan limit 790
compute initial stop until 0
current timestep 5050
planning flow reduced
plan limit 794
compute initial stop until 0
current timestep 5054
planning flow reduced
plan limit 780
compute initial stop until 0
current timestep 5058
planning flow reduced
plan limit 793
compute initial stop until 0
current timestep 5062
planning flow reduced
plan limit 797
compute initial stop until 0
current timestep 5066
planning flow reduced
plan limit 794
compute initial stop until 0
current timestep 5070
planning flow reduced
plan limit 798
compute initial stop until 0
current timestep 5074
planning flow reduced
plan limit 791
compute initial stop until 0
current timestep 5079
planning flow reduced
plan limit 791
compute initial stop until 0
current timestep 5083
planning flow reduced
plan limit 798
compute initial stop until 0
current timestep 5087
planning flow reduced
plan limit 798
compute initial stop until 0
current timestep 5091
planning flow reduced
plan limit 798
compute initial stop until 0
current timestep 5096
planning flow reduced
plan limit 769
compute initial stop until 0
current timestep 5100
planning flow reduced
plan limit 737
compute initial stop until 0
current timestep 5104
planning flow reduced
plan limit 801
compute initial stop until 0
current timestep 5109
planning flow reduced
plan limit 794
compute initial stop until 0
current timestep 5113
planning flow reduced
plan limit 797
compute initial stop until 0
current timestep 5117
planning flow reduced
plan limit 800
compute initial stop until 0
current timestep 5121
planning flow reduced
plan limit 798
compute initial stop until 0
current timestep 5126
planning flow reduced
plan limit 793
compute initial stop until 0
current timestep 5131
planning flow reduced
plan limit 775
compute initial stop until 0
current timestep 5135
planning flow reduced
plan limit 770
compute initial stop until 0
current timestep 5139
planning flow reduced
plan limit 797
compute initial stop until 0
current timestep 5144
planning flow reduced
plan limit 789
compute initial stop until 0
current timestep 5148
planning flow reduced
plan limit 774
compute initial stop until 0
current timestep 5152
planning flow reduced
plan limit 798
compute initial stop until 0
current timestep 5156
planning flow reduced
plan limit 794
compute initial stop until 0
current timestep 5160
planning flow reduced
plan limit 771
compute initial stop until 0
current timestep 5163
planning flow reduced
plan limit 794
compute initial stop until 0
current timestep 5168
planning flow reduced
plan limit 777
compute initial stop until 0
current timestep 5172
planning flow reduced
plan limit 796
compute initial stop until 0
current timestep 5176
planning flow reduced
plan limit 795
compute initial stop until 0
current timestep 5180
planning flow reduced
plan limit 794
compute initial stop until 0
current timestep 5185
planning flow reduced
plan limit 788
compute initial stop until 0
current timestep 5189
planning flow reduced
plan limit 790
compute initial stop until 0
current timestep 5193
planning flow reduced
plan limit 765
compute initial stop until 0
current timestep 5197
planning flow reduced
plan limit 798
compute initial stop until 0
current timestep 5202
planning flow reduced
plan limit 791
compute initial stop until 0
current timestep 5206
planning flow reduced
plan limit 797
compute initial stop until 0
current timestep 5210
planning flow reduced
plan limit 786
compute initial stop until 0
current timestep 5214
planning flow reduced
plan limit 773
compute initial stop until 0
current timestep 5218
planning flow reduced
plan limit 795
compute initial stop until 0
current timestep 5222
planning flow reduced
plan limit 791
compute initial stop until 0
current timestep 5227
planning flow reduced
plan limit 793
compute initial stop until 0
current timestep 5232
planning flow reduced
plan limit 787
compute initial stop until 0
current timestep 5236
planning flow reduced
plan limit 773
compute initial stop until 0
current timestep 5240
planning flow reduced
plan limit 792
compute initial stop until 0
current timestep 5244
planning flow reduced
plan limit 794
compute initial stop until 0
current timestep 5249
planning flow reduced
plan limit 770
compute initial stop until 0
current timestep 5253
planning flow reduced
plan limit 793
compute initial stop until 0
current timestep 5258
planning flow reduced
plan limit 777
compute initial stop until 0
current timestep 5262
planning flow reduced
plan limit 793
compute initial stop until 0
current timestep 5266
planning flow reduced
plan limit 798
compute initial stop until 0
current timestep 5271
planning flow reduced
plan limit 794
compute initial stop until 0
current timestep 5276
planning flow reduced
plan limit 798
compute initial stop until 0
current timestep 5281
planning flow reduced
plan limit 787
compute initial stop until 0
current timestep 5285
planning flow reduced
plan limit 795
compute initial stop until 0
current timestep 5290
planning flow reduced
plan limit 795
compute initial stop until 0
current timestep 5294
planning flow reduced
plan limit 789
compute initial stop until 0
current timestep 5298
planning flow reduced
plan limit 796
compute initial stop until 0
current timestep 5304
planning flow reduced
plan limit 788
compute initial stop until 0
current timestep 5308
planning flow reduced
plan limit 791
compute initial stop until 0
current timestep 5312
planning flow reduced
plan limit 761
compute initial stop until 0
current timestep 5315
planning flow reduced
plan limit 770
compute initial stop until 0
current timestep 5319
planning flow reduced
plan limit 765
compute initial stop until 0
current timestep 5323
planning flow reduced
plan limit 769
compute initial stop until 0
current timestep 5326
planning flow reduced
plan limit 761
compute initial stop until 0
current timestep 5330
planning flow reduced
plan limit 768
compute initial stop until 0
current timestep 5334
planning flow reduced
plan limit 789
compute initial stop until 0
current timestep 5338
planning flow reduced
plan limit 791
compute initial stop until 0
current timestep 5342
planning flow reduced
plan limit 785
compute initial stop until 0
current timestep 5346
planning flow reduced
plan limit 790
compute initial stop until 0
current timestep 5350
planning flow reduced
plan limit 793
compute initial stop until 0
current timestep 5354
planning flow reduced
plan limit 787
compute initial stop until 0
current timestep 5358
planning flow reduced
plan limit 795
compute initial stop until 0
current timestep 5362
planning flow reduced
plan limit 789
compute initial stop until 0
current timestep 5367
planning flow reduced
plan limit 759
compute initial stop until 0
current timestep 5370
planning flow reduced
plan limit 784
compute initial stop until 0
current timestep 5374
planning flow reduced
plan limit 793
compute initial stop until 0
current timestep 5378
planning flow reduced
plan limit 763
compute initial stop until 0
current timestep 5382
planning flow reduced
plan limit 791
compute initial stop until 0
current timestep 5386
planning flow reduced
plan limit 781
compute initial stop until 0
current timestep 5390
planning flow reduced
plan limit 792
compute initial stop until 0
current timestep 5394
planning flow reduced
plan limit 785
compute initial stop until 0
current timestep 5398
planning flow reduced
plan limit 768
compute initial stop until 0
current timestep 5401
planning flow reduced
plan limit 788
compute initial stop until 0
current timestep 5406
planning flow reduced
plan limit 792
compute initial stop until 0
current timestep 5410
planning flow reduced
plan limit 789
compute initial stop until 0
current timestep 5414
planning flow reduced
plan limit 741
compute initial stop until 0
current timestep 5418
planning flow reduced
plan limit 787
compute initial stop until 0
current timestep 5422
planning flow reduced
plan limit 790
compute initial stop until 0
current timestep 5426
planning flow reduced
plan limit 784
compute initial stop until 0
current timestep 5430
planning flow reduced
plan limit 786
compute initial stop until 0
current timestep 5434
planning flow reduced
plan limit 781
compute initial stop until 0
current timestep 5438
planning flow reduced
plan limit 793
compute initial stop until 0
current timestep 5442
planning flow reduced
plan limit 780
compute initial stop until 0
current timestep 5446
planning flow reduced
plan limit 785
compute initial stop until 0
current timestep 5450
planning flow reduced
plan limit 788
compute initial stop until 0
current timestep 5454
planning flow reduced
plan limit 782
compute initial stop until 0
current timestep 5458
planning flow reduced
plan limit 790
compute initial stop until 0
current timestep 5462
planning flow reduced
plan limit 788
compute initial stop until 0
current timestep 5466
planning flow reduced
plan limit 776
compute initial stop until 0
current timestep 5469
planning flow reduced
plan limit 789
compute initial stop until 0
current timestep 5473
planning flow reduced
plan limit 753
compute initial stop until 0
current timestep 5476
planning flow reduced
plan limit 791
compute initial stop until 0
current timestep 5480
planning flow reduced
plan limit 785
compute initial stop until 0
current timestep 5483
planning flow reduced
plan limit 785
compute initial stop until 0
current timestep 5486
planning flow reduced
plan limit 779
compute initial stop until 0
current timestep 5489
planning flow reduced
plan limit 765
compute initial stop until 0
current timestep 5493
planning flow reduced
plan limit 793
compute initial stop until 0
current timestep 5497
planning flow reduced
plan limit 794
compute initial stop until 0
current timestep 5501
planning flow reduced
plan limit 780
compute initial stop until 0
current timestep 5505
planning flow reduced
plan limit 756
compute initial stop until 0
current timestep 5508
planning flow reduced
plan limit 784
compute initial stop until 0
current timestep 5512
planning flow reduced
plan limit 761
compute initial stop until 0
current timestep 5516
planning flow reduced
plan limit 785
compute initial stop until 0
current timestep 5520
planning flow reduced
plan limit 795
compute initial stop until 0
current timestep 5524
planning flow reduced
plan limit 786
compute initial stop until 0
current timestep 5528
planning flow reduced
plan limit 794
compute initial stop until 0
current timestep 5532
planning flow reduced
plan limit 792
compute initial stop until 0
current timestep 5536
planning flow reduced
plan limit 782
compute initial stop until 0
current timestep 5540
planning flow reduced
plan limit 799
compute initial stop until 0
current timestep 5545
planning flow reduced
plan limit 791
compute initial stop until 0
current timestep 5549
planning flow reduced
plan limit 797
compute initial stop until 0
current timestep 5553
planning flow reduced
plan limit 789
compute initial stop until 0
current timestep 5557
planning flow reduced
plan limit 798
compute initial stop until 0
current timestep 5561
planning flow reduced
plan limit 763
compute initial stop until 0
current timestep 5565
planning flow reduced
plan limit 796
compute initial stop until 0
current timestep 5569
planning flow reduced
plan limit 785
compute initial stop until 0
current timestep 5573
planning flow reduced
plan limit 769
compute initial stop until 0
current timestep 5577
planning flow reduced
plan limit 789
compute initial stop until 0
current timestep 5581
planning flow reduced
plan limit 757
compute initial stop until 0
current timestep 5591
planning flow reduced
plan limit 789
compute initial stop until 0
current timestep 5595
planning flow reduced
plan limit 765
compute initial stop until 0
current timestep 5598
planning flow reduced
plan limit 801
compute initial stop until 0
current timestep 5603
planning flow reduced
plan limit 766
compute initial stop until 0
current timestep 5609
planning flow reduced
plan limit 774
compute initial stop until 0
current timestep 5617
planning flow reduced
plan limit 785
compute initial stop until 0
current timestep 5621
planning flow reduced
plan limit 771
compute initial stop until 0
current timestep 5629
planning flow reduced
plan limit 765
compute initial stop until 0
current timestep 5633
planning flow reduced
plan limit 769
compute initial stop until 0
current timestep 5637
planning flow reduced
plan limit 759
compute initial stop until 0
current timestep 5641
planning flow reduced
plan limit 795
compute initial stop until 0
current timestep 5645
planning flow reduced
plan limit 796
compute initial stop until 0
current timestep 5649
planning flow reduced
plan limit 748
compute initial stop until 0
current timestep 5652
planning flow reduced
plan limit 775
compute initial stop until 0
current timestep 5656
planning flow reduced
plan limit 798
compute initial stop until 0
current timestep 5660
planning flow reduced
plan limit 758
compute initial stop until 0
current timestep 5667
planning flow reduced
plan limit 775
compute initial stop until 0
current timestep 5671
planning flow reduced
plan limit 790
compute initial stop until 0
current timestep 5675
planning flow reduced
plan limit 762
compute initial stop until 0
current timestep 5678
planning flow reduced
plan limit 800
compute initial stop until 0
current timestep 5682
planning flow reduced
plan limit 790
compute initial stop until 0
current timestep 5686
planning flow reduced
plan limit 798
compute initial stop until 0
current timestep 5690
planning flow reduced
plan limit 786
compute initial stop until 0
current timestep 5694
planning flow reduced
plan limit 799
compute initial stop until 0
current timestep 5698
planning flow reduced
plan limit 787
compute initial stop until 0
current timestep 5702
planning flow reduced
plan limit 798
compute initial stop until 0
current timestep 5706
planning flow reduced
plan limit 789
compute initial stop until 0
current timestep 5710
planning flow reduced
plan limit 797
compute initial stop until 0
current timestep 5714
planning flow reduced
plan limit 787
compute initial stop until 0
current timestep 5718
planning flow reduced
plan limit 798
compute initial stop until 0
current timestep 5723
planning flow reduced
plan limit 788
compute initial stop until 0
current timestep 5727
planning flow reduced
plan limit 798
compute initial stop until 0
current timestep 5731
planning flow reduced
plan limit 789
compute initial stop until 0
current timestep 5735
planning flow reduced
plan limit 795
compute initial stop until 0
current timestep 5740
planning flow reduced
plan limit 787
compute initial stop until 0
current timestep 5744
planning flow reduced
plan limit 773
compute initial stop until 0
current timestep 5748
planning flow reduced
plan limit 786
compute initial stop until 0
current timestep 5752
planning flow reduced
plan limit 792
compute initial stop until 0
current timestep 5757
planning flow reduced
plan limit 785
compute initial stop until 0
current timestep 5761
planning flow reduced
plan limit 796
compute initial stop until 0
current timestep 5766
planning flow reduced
plan limit 782
compute initial stop until 0
current timestep 5770
planning flow reduced
plan limit 769
compute initial stop until 0
current timestep 5774
planning flow reduced
plan limit 787
compute initial stop until 0
current timestep 5778
planning flow reduced
plan limit 793
compute initial stop until 0
current timestep 5782
planning flow reduced
plan limit 787
compute initial stop until 0
current timestep 5786
planning flow reduced
plan limit 792
compute initial stop until 0
current timestep 5790
planning flow reduced
plan limit 783
compute initial stop until 0
current timestep 5794
planning flow reduced
plan limit 793
compute initial stop until 0
current timestep 5798
planning flow reduced
plan limit 780
compute initial stop until 0
current timestep 5802
planning flow reduced
plan limit 792
compute initial stop until 0
current timestep 5806
planning flow reduced
plan limit 782
compute initial stop until 0
current timestep 5810
planning flow reduced
plan limit 795
compute initial stop until 0
current timestep 5814
planning flow reduced
plan limit 782
compute initial stop until 0
current timestep 5818
planning flow reduced
plan limit 764
compute initial stop until 0
current timestep 5822
planning flow reduced
plan limit 786
compute initial stop until 0
current timestep 5826
planning flow reduced
plan limit 792
compute initial stop until 0
current timestep 5830
planning flow reduced
plan limit 760
compute initial stop until 0
current timestep 5834
planning flow reduced
plan limit 796
compute initial stop until 0
current timestep 5838
planning flow reduced
plan limit 762
compute initial stop until 0
current timestep 5842
planning flow reduced
plan limit 772
compute initial stop until 0
current timestep 5846
planning flow reduced
plan limit 785
compute initial stop until 0
current timestep 5850
planning flow reduced
plan limit 797
compute initial stop until 0
current timestep 5854
planning flow reduced
plan limit 784
compute initial stop until 0
current timestep 5858
planning flow reduced
plan limit 792
compute initial stop until 0
current timestep 5862
planning flow reduced
plan limit 781
compute initial stop until 0
current timestep 5866
planning flow reduced
plan limit 769
compute initial stop until 0
current timestep 5870
planning flow reduced
plan limit 787
compute initial stop until 0
current timestep 5874
planning flow reduced
plan limit 792
compute initial stop until 0
current timestep 5878
planning flow reduced
plan limit 782
compute initial stop until 0
current timestep 5882
planning flow reduced
plan limit 790
compute initial stop until 0
current timestep 5886
planning flow reduced
plan limit 782
compute initial stop until 0
current timestep 5890
planning flow reduced
plan limit 783
compute initial stop until 0
current timestep 5894
planning flow reduced
plan limit 782
compute initial stop until 0
current timestep 5897
planning flow reduced
plan limit 786
compute initial stop until 0
current timestep 5901
planning flow reduced
plan limit 791
compute initial stop until 0
current timestep 5905
planning flow reduced
plan limit 785
compute initial stop until 0
current timestep 5908
planning flow reduced
plan limit 758
compute initial stop until 0
current timestep 5911
planning flow reduced
plan limit 782
compute initial stop until 0
current timestep 5915
planning flow reduced
plan limit 783
compute initial stop until 0
current timestep 5919
planning flow reduced
plan limit 784
compute initial stop until 0
current timestep 5923
planning flow reduced
plan limit 785
compute initial stop until 0
current timestep 5927
planning flow reduced
plan limit 785
compute initial stop until 0
current timestep 5931
planning flow reduced
plan limit 788
compute initial stop until 0
current timestep 5935
planning flow reduced
plan limit 754
compute initial stop until 0
current timestep 5938
planning flow reduced
plan limit 765
compute initial stop until 0
current timestep 5941
planning flow reduced
plan limit 795
compute initial stop until 0
current timestep 5945
planning flow reduced
plan limit 785
compute initial stop until 0
current timestep 5949
planning flow reduced
plan limit 789
compute initial stop until 0
current timestep 5953
planning flow reduced
plan limit 786
compute initial stop until 0
current timestep 5957
planning flow reduced
plan limit 790
compute initial stop until 0
current timestep 5961
planning flow reduced
plan limit 776
compute initial stop until 0
current timestep 5964
planning flow reduced
plan limit 784
compute initial stop until 0
current timestep 5968
planning flow reduced
plan limit 783
compute initial stop until 0
current timestep 5972
planning flow reduced
plan limit 780
compute initial stop until 0
current timestep 5976
planning flow reduced
plan limit 756
compute initial stop until 0
current timestep 5979
planning flow reduced
plan limit 772
compute initial stop until 0
current timestep 5982
planning flow reduced
plan limit 796
compute initial stop until 0
current timestep 5986
planning flow reduced
plan limit 779
compute initial stop until 0
current timestep 5989
planning flow reduced
plan limit 794
compute initial stop until 0
current timestep 5993
planning flow reduced
plan limit 780
compute initial stop until 0
current timestep 5997
planning flow reduced
plan limit 791
compute initial stop until 0
current timestep 6001
planning flow reduced
plan limit 787
compute initial stop until 0
current timestep 6005
planning flow reduced
plan limit 782
compute initial stop until 0
current timestep 6008
planning flow reduced
plan limit 779
compute initial stop until 0
current timestep 6011
planning flow reduced
plan limit 786
compute initial stop until 0
current timestep 6015
planning flow reduced
plan limit 786
compute initial stop until 0
current timestep 6019
planning flow reduced
plan limit 793
compute initial stop until 0
current timestep 6023
planning flow reduced
plan limit 789
compute initial stop until 0
current timestep 6027
planning flow reduced
plan limit 790
compute initial stop until 0
current timestep 6031
planning flow reduced
plan limit 792
compute initial stop until 0
current timestep 6035
planning flow reduced
plan limit 776
compute initial stop until 0
current timestep 6039
planning flow reduced
plan limit 788
compute initial stop until 0
current timestep 6043
planning flow reduced
plan limit 789
compute initial stop until 0
current timestep 6047
planning flow reduced
plan limit 781
compute initial stop until 0
current timestep 6050
planning flow reduced
plan limit 781
compute initial stop until 0
current timestep 6054
planning flow reduced
plan limit 780
compute initial stop until 0
current timestep 6057
planning flow reduced
plan limit 778
compute initial stop until 0
current timestep 6061
planning flow reduced
plan limit 792
compute initial stop until 0
current timestep 6065
planning flow reduced
plan limit 787
compute initial stop until 0
current timestep 6069
planning flow reduced
plan limit 758
compute initial stop until 0
current timestep 6073
planning flow reduced
plan limit 788
compute initial stop until 0
current timestep 6077
planning flow reduced
plan limit 791
compute initial stop until 0
current timestep 6081
planning flow reduced
plan limit 779
compute initial stop until 0
current timestep 6085
planning flow reduced
plan limit 792
compute initial stop until 0
current timestep 6089
planning flow reduced
plan limit 753
compute initial stop until 0
current timestep 6092
planning flow reduced
plan limit 783
compute initial stop until 0
current timestep 6096
planning flow reduced
plan limit 777
compute initial stop until 0
current timestep 6100
planning flow reduced
plan limit 768
compute initial stop until 0
current timestep 6104
planning flow reduced
plan limit 773
compute initial stop until 0
current timestep 6108
planning flow reduced
plan limit 787
compute initial stop until 0
current timestep 6112
planning flow reduced
plan limit 793
compute initial stop until 0
current timestep 6116
planning flow reduced
plan limit 762
compute initial stop until 0
current timestep 6120
planning flow reduced
plan limit 792
compute initial stop until 0
current timestep 6124
planning flow reduced
plan limit 789
compute initial stop until 0
current timestep 6128
planning flow reduced
plan limit 791
compute initial stop until 0
current timestep 6132
planning flow reduced
plan limit 789
compute initial stop until 0
current timestep 6136
planning flow reduced
plan limit 791
compute initial stop until 0
current timestep 6140
planning flow reduced
plan limit 791
compute initial stop until 0
current timestep 6144
planning flow reduced
plan limit 765
compute initial stop until 0
current timestep 6148
planning flow reduced
plan limit 793
compute initial stop until 0
current timestep 6152
planning flow reduced
plan limit 791
compute initial stop until 0
current timestep 6156
planning flow reduced
plan limit 786
compute initial stop until 0
current timestep 6160
planning flow reduced
plan limit 792
compute initial stop until 0
current timestep 6164
planning flow reduced
plan limit 789
compute initial stop until 0
current timestep 6168
planning flow reduced
plan limit 793
compute initial stop until 0
current timestep 6172
planning flow reduced
plan limit 789
compute initial stop until 0
current timestep 6176
planning flow reduced
plan limit 792
compute initial stop until 0
current timestep 6180
planning flow reduced
plan limit 790
compute initial stop until 0
current timestep 6184
planning flow reduced
plan limit 791
compute initial stop until 0
current timestep 6188
planning flow reduced
plan limit 789
compute initial stop until 0
current timestep 6192
planning flow reduced
plan limit 792
compute initial stop until 0
current timestep 6196
planning flow reduced
plan limit 791
compute initial stop until 0
current timestep 6200
planning flow reduced
plan limit 795
compute initial stop until 0
current timestep 6204
planning flow reduced
plan limit 767
compute initial stop until 0
current timestep 6207
planning flow reduced
plan limit 790
compute initial stop until 0
current timestep 6211
planning flow reduced
plan limit 789
compute initial stop until 0
current timestep 6215
planning flow reduced
plan limit 792
compute initial stop until 0
current timestep 6219
planning flow reduced
plan limit 768
compute initial stop until 0
current timestep 6222
planning flow reduced
plan limit 793
compute initial stop until 0
current timestep 6226
planning flow reduced
plan limit 792
compute initial stop until 0
current timestep 6230
planning flow reduced
plan limit 789
compute initial stop until 0
current timestep 6234
planning flow reduced
plan limit 790
compute initial stop until 0
current timestep 6238
planning flow reduced
plan limit 762
compute initial stop until 0
current timestep 6242
planning flow reduced
plan limit 784
compute initial stop until 0
current timestep 6246
planning flow reduced
plan limit 773
compute initial stop until 0
current timestep 6249
planning flow reduced
plan limit 792
compute initial stop until 0
current timestep 6253
planning flow reduced
plan limit 795
compute initial stop until 0
current timestep 6257
planning flow reduced
plan limit 792
compute initial stop until 0
current timestep 6261
planning flow reduced
plan limit 798
compute initial stop until 0
current timestep 6265
planning flow reduced
plan limit 779
compute initial stop until 0
current timestep 6269
planning flow reduced
plan limit 799
compute initial stop until 0
current timestep 6273
planning flow reduced
plan limit 788
compute initial stop until 0
current timestep 6277
planning flow reduced
plan limit 798
compute initial stop until 0
current timestep 6281
planning flow reduced
plan limit 789
compute initial stop until 0
current timestep 6285
planning flow reduced
plan limit 770
compute initial stop until 0
current timestep 6288
planning flow reduced
plan limit 786
compute initial stop until 0
current timestep 6292
planning flow reduced
plan limit 795
compute initial stop until 0
current timestep 6296
planning flow reduced
plan limit 791
compute initial stop until 0
current timestep 6300
planning flow reduced
plan limit 788
compute initial stop until 0
current timestep 6304
planning flow reduced
plan limit 794
compute initial stop until 0
current timestep 6308
planning flow reduced
plan limit 790
compute initial stop until 0
current timestep 6312
planning flow reduced
plan limit 793
compute initial stop until 0
current timestep 6316
planning flow reduced
plan limit 791
compute initial stop until 0
current timestep 6320
planning flow reduced
plan limit 797
compute initial stop until 0
current timestep 6324
planning flow reduced
plan limit 792
compute initial stop until 0
current timestep 6328
planning flow reduced
plan limit 799
compute initial stop until 0
current timestep 6332
planning flow reduced
plan limit 794
compute initial stop until 0
current timestep 6336
planning flow reduced
plan limit 790
compute initial stop until 0
current timestep 6340
planning flow reduced
plan limit 794
compute initial stop until 0
current timestep 6344
planning flow reduced
plan limit 791
compute initial stop until 0
current timestep 6348
planning flow reduced
plan limit 791
compute initial stop until 0
current timestep 6352
planning flow reduced
plan limit 795
compute initial stop until 0
current timestep 6356
planning flow reduced
plan limit 788
compute initial stop until 0
current timestep 6360
planning flow reduced
plan limit 793
compute initial stop until 0
current timestep 6364
planning flow reduced
plan limit 792
compute initial stop until 0
current timestep 6368
planning flow reduced
plan limit 789
compute initial stop until 0
current timestep 6372
planning flow reduced
plan limit 774
compute initial stop until 0
current timestep 6376
planning flow reduced
plan limit 793
compute initial stop until 0
current timestep 6379
planning flow reduced
plan limit 760
compute initial stop until 0
current timestep 6383
planning flow reduced
plan limit 776
compute initial stop until 0
current timestep 6387
planning flow reduced
plan limit 796
compute initial stop until 0
current timestep 6391
planning flow reduced
plan limit 794
compute initial stop until 0
current timestep 6395
planning flow reduced
plan limit 791
compute initial stop until 0
current timestep 6399
planning flow reduced
plan limit 794
compute initial stop until 0
current timestep 6403
planning flow reduced
plan limit 791
compute initial stop until 0
current timestep 6407
planning flow reduced
plan limit 797
compute initial stop until 0
current timestep 6411
planning flow reduced
plan limit 792
compute initial stop until 0
current timestep 6415
planning flow reduced
plan limit 772
compute initial stop until 0
current timestep 6418
planning flow reduced
plan limit 792
compute initial stop until 0
current timestep 6422
planning flow reduced
plan limit 770
compute initial stop until 0
current timestep 6425
planning flow reduced
plan limit 794
compute initial stop until 0
current timestep 6430
planning flow reduced
plan limit 756
compute initial stop until 0
current timestep 6436
planning flow reduced
plan limit 787
compute initial stop until 0
current timestep 6440
planning flow reduced
plan limit 767
compute initial stop until 0
current timestep 6443
planning flow reduced
plan limit 791
compute initial stop until 0
current timestep 6447
planning flow reduced
plan limit 795
compute initial stop until 0
current timestep 6451
planning flow reduced
plan limit 772
compute initial stop until 0
current timestep 6454
planning flow reduced
plan limit 795
compute initial stop until 0
current timestep 6458
planning flow reduced
plan limit 791
compute initial stop until 0
current timestep 6462
planning flow reduced
plan limit 774
compute initial stop until 0
current timestep 6466
planning flow reduced
plan limit 791
compute initial stop until 0
current timestep 6470
planning flow reduced
plan limit 794
compute initial stop until 0
current timestep 6474
planning flow reduced
plan limit 788
compute initial stop until 0
current timestep 6477
planning flow reduced
plan limit 792
compute initial stop until 0
current timestep 6481
planning flow reduced
plan limit 789
compute initial stop until 0
current timestep 6485
planning flow reduced
plan limit 793
compute initial stop until 0
current timestep 6489
planning flow reduced
plan limit 770
compute initial stop until 0
current timestep 6492
planning flow reduced
plan limit 778
compute initial stop until 0
current timestep 6495
planning flow reduced
plan limit 727
compute initial stop until 0
current timestep 6498
planning flow reduced
plan limit 781
compute initial stop until 0
current timestep 6502
planning flow reduced
plan limit 790
compute initial stop until 0
current timestep 6506
planning flow reduced
plan limit 791
compute initial stop until 0
current timestep 6510
planning flow reduced
plan limit 793
compute initial stop until 0
current timestep 6514
planning flow reduced
plan limit 769
compute initial stop until 0
current timestep 6517
planning flow reduced
plan limit 792
compute initial stop until 0
current timestep 6521
planning flow reduced
plan limit 791
compute initial stop until 0
current timestep 6525
planning flow reduced
plan limit 792
compute initial stop until 0
current timestep 6529
planning flow reduced
plan limit 790
compute initial stop until 0
current timestep 6533
planning flow reduced
plan limit 789
compute initial stop until 0
current timestep 6537
planning flow reduced
plan limit 789
compute initial stop until 0
current timestep 6541
planning flow reduced
plan limit 791
compute initial stop until 0
current timestep 6545
planning flow reduced
plan limit 785
compute initial stop until 0
current timestep 6549
planning flow reduced
plan limit 792
compute initial stop until 0
current timestep 6553
planning flow reduced
plan limit 788
compute initial stop until 0
current timestep 6557
planning flow reduced
plan limit 791
compute initial stop until 0
current timestep 6561
planning flow reduced
plan limit 743
compute initial stop until 0
current timestep 6564
planning flow reduced
plan limit 796
compute initial stop until 0
current timestep 6568
planning flow reduced
plan limit 757
compute initial stop until 0
current timestep 6571
planning flow reduced
plan limit 768
compute initial stop until 0
current timestep 6574
planning flow reduced
plan limit 790
compute initial stop until 0
current timestep 6578
planning flow reduced
plan limit 789
compute initial stop until 0
current timestep 6582
planning flow reduced
plan limit 787
compute initial stop until 0
current timestep 6586
planning flow reduced
plan limit 788
compute initial stop until 0
current timestep 6589
planning flow reduced
plan limit 790
compute initial stop until 0
current timestep 6593
planning flow reduced
plan limit 763
compute initial stop until 0
current timestep 6596
planning flow reduced
plan limit 789
compute initial stop until 0
current timestep 6601
planning flow reduced
plan limit 775
compute initial stop until 0
current timestep 6604
planning flow reduced
plan limit 740
compute initial stop until 0
current timestep 6610
planning flow reduced
plan limit 779
compute initial stop until 0
current timestep 6613
planning flow reduced
plan limit 783
compute initial stop until 0
current timestep 6616
planning flow reduced
plan limit 781
compute initial stop until 0
current timestep 6619
planning flow reduced
plan limit 784
compute initial stop until 0
current timestep 6622
planning flow reduced
plan limit 786
compute initial stop until 0
current timestep 6625
planning flow reduced
plan limit 754
compute initial stop until 0
current timestep 6629
planning flow reduced
plan limit 788
compute initial stop until 0
current timestep 6633
planning flow reduced
plan limit 790
compute initial stop until 0
current timestep 6636
planning flow reduced
plan limit 784
compute initial stop until 0
current timestep 6639
planning flow reduced
plan limit 776
compute initial stop until 0
current timestep 6642
planning flow reduced
plan limit 785
compute initial stop until 0
current timestep 6645
planning flow reduced
plan limit 776
compute initial stop until 0
current timestep 6648
planning flow reduced
plan limit 785
compute initial stop until 0
current timestep 6651
planning flow reduced
plan limit 781
compute initial stop until 0
current timestep 6654
planning flow reduced
plan limit 785
compute initial stop until 0
current timestep 6657
planning flow reduced
plan limit 779
compute initial stop until 0
current timestep 6660
planning flow reduced
plan limit 783
compute initial stop until 0
current timestep 6663
planning flow reduced
plan limit 749
compute initial stop until 0
current timestep 6666
planning flow reduced
plan limit 785
compute initial stop until 0
current timestep 6669
planning flow reduced
plan limit 780
compute initial stop until 0
current timestep 6673
planning flow reduced
plan limit 775
compute initial stop until 0
current timestep 6677
planning flow reduced
plan limit 779
compute initial stop until 0
current timestep 6680
planning flow reduced
plan limit 776
compute initial stop until 0
current timestep 6684
planning flow reduced
plan limit 776
compute initial stop until 0
current timestep 6688
planning flow reduced
plan limit 758
compute initial stop until 0
current timestep 6691
planning flow reduced
plan limit 788
compute initial stop until 0
current timestep 6695
planning flow reduced
plan limit 787
compute initial stop until 0
current timestep 6699
planning flow reduced
plan limit 777
compute initial stop until 0
current timestep 6703
planning flow reduced
plan limit 783
compute initial stop until 0
current timestep 6707
planning flow reduced
plan limit 797
compute initial stop until 0
current timestep 6711
planning flow reduced
plan limit 758
compute initial stop until 0
current timestep 6715
planning flow reduced
plan limit 795
compute initial stop until 0
current timestep 6719
planning flow reduced
plan limit 785
compute initial stop until 0
current timestep 6723
planning flow reduced
plan limit 784
compute initial stop until 0
current timestep 6727
planning flow reduced
plan limit 792
compute initial stop until 0
current timestep 6731
planning flow reduced
plan limit 775
compute initial stop until 0
current timestep 6735
planning flow reduced
plan limit 794
compute initial stop until 0
current timestep 6739
planning flow reduced
plan limit 787
compute initial stop until 0
current timestep 6743
planning flow reduced
plan limit 793
compute initial stop until 0
current timestep 6747
planning flow reduced
plan limit 790
compute initial stop until 0
current timestep 6751
planning flow reduced
plan limit 794
compute initial stop until 0
current timestep 6755
planning flow reduced
plan limit 791
compute initial stop until 0
current timestep 6759
planning flow reduced
plan limit 790
compute initial stop until 0
current timestep 6763
planning flow reduced
plan limit 792
compute initial stop until 0
current timestep 6767
planning flow reduced
plan limit 770
compute initial stop until 0
current timestep 6771
planning flow reduced
plan limit 793
compute initial stop until 0
current timestep 6775
planning flow reduced
plan limit 795
compute initial stop until 0
current timestep 6779
planning flow reduced
plan limit 794
compute initial stop until 0
current timestep 6783
planning flow reduced
plan limit 800
compute initial stop until 0
current timestep 6787
planning flow reduced
plan limit 791
compute initial stop until 0
current timestep 6791
planning flow reduced
plan limit 795
compute initial stop until 0
current timestep 6795
planning flow reduced
plan limit 790
compute initial stop until 0
current timestep 6799
planning flow reduced
plan limit 793
compute initial stop until 0
current timestep 6803
planning flow reduced
plan limit 791
compute initial stop until 0
current timestep 6807
planning flow reduced
plan limit 791
compute initial stop until 0
current timestep 6811
planning flow reduced
plan limit 790
compute initial stop until 0
current timestep 6815
planning flow reduced
plan limit 791
compute initial stop until 0
current timestep 6819
planning flow reduced
plan limit 789
compute initial stop until 0
current timestep 6823
planning flow reduced
plan limit 788
compute initial stop until 0
current timestep 6827
planning flow reduced
plan limit 798
compute initial stop until 0
current timestep 6832
planning flow reduced
plan limit 787
compute initial stop until 0
current timestep 6836
planning flow reduced
plan limit 790
compute initial stop until 0
current timestep 6840
planning flow reduced
plan limit 792
compute initial stop until 0
current timestep 6844
planning flow reduced
plan limit 790
compute initial stop until 0
current timestep 6848
planning flow reduced
plan limit 791
compute initial stop until 0
current timestep 6852
planning flow reduced
plan limit 790
compute initial stop until 0
current timestep 6856
planning flow reduced
plan limit 792
compute initial stop until 0
current timestep 6860
planning flow reduced
plan limit 792
compute initial stop until 0
current timestep 6864
planning flow reduced
plan limit 800
compute initial stop until 0
current timestep 6868
planning flow reduced
plan limit 776
compute initial stop until 0
current timestep 6872
planning flow reduced
plan limit 794
compute initial stop until 0
current timestep 6876
planning flow reduced
plan limit 790
compute initial stop until 0
current timestep 6880
planning flow reduced
plan limit 762
compute initial stop until 0
current timestep 6885
planning flow reduced
plan limit 791
compute initial stop until 0
current timestep 6889
planning flow reduced
plan limit 790
compute initial stop until 0
current timestep 6893
planning flow reduced
plan limit 792
compute initial stop until 0
current timestep 6897
planning flow reduced
plan limit 790
compute initial stop until 0
current timestep 6901
planning flow reduced
plan limit 790
compute initial stop until 0
current timestep 6905
planning flow reduced
plan limit 791
compute initial stop until 0
current timestep 6909
planning flow reduced
plan limit 786
compute initial stop until 0
current timestep 6913
planning flow reduced
plan limit 765
compute initial stop until 0
current timestep 6917
planning flow reduced
plan limit 791
compute initial stop until 0
current timestep 6921
planning flow reduced
plan limit 789
compute initial stop until 0
current timestep 6925
planning flow reduced
plan limit 791
compute initial stop until 0
current timestep 6929
planning flow reduced
plan limit 787
compute initial stop until 0
current timestep 6933
planning flow reduced
plan limit 761
compute initial stop until 0
current timestep 6940
planning flow reduced
plan limit 785
compute initial stop until 0
current timestep 6944
planning flow reduced
plan limit 763
compute initial stop until 0
current timestep 6950
planning flow reduced
plan limit 787
compute initial stop until 0
current timestep 6954
planning flow reduced
plan limit 754
compute initial stop until 0
current timestep 6959
planning flow reduced
plan limit 787
compute initial stop until 0
current timestep 6963
planning flow reduced
plan limit 790
compute initial stop until 0
current timestep 6967
planning flow reduced
plan limit 783
compute initial stop until 0
current timestep 6971
planning flow reduced
plan limit 789
compute initial stop until 0
current timestep 6975
planning flow reduced
plan limit 783
compute initial stop until 0
current timestep 6979
planning flow reduced
plan limit 791
compute initial stop until 0
current timestep 6983
planning flow reduced
plan limit 784
compute initial stop until 0
current timestep 6987
planning flow reduced
plan limit 799
compute initial stop until 0
current timestep 6991
planning flow reduced
plan limit 765
compute initial stop until 0
current timestep 6994
planning flow reduced
plan limit 756
compute initial stop until 0
current timestep 6997
planning flow reduced
plan limit 791
compute initial stop until 0
