planner init
finish init
current timestep 0
planning flow reduced
plan limit 174
compute initial stop until 0
current timestep 1
planning flow reduced
plan limit 774
compute initial stop until 0
current timestep 2
planning flow reduced
plan limit 766
compute initial stop until 0
current timestep 4
planning flow reduced
plan limit 767
compute initial stop until 0
current timestep 6
planning flow reduced
plan limit 761
compute initial stop until 0
current timestep 8
planning flow reduced
plan limit 765
compute initial stop until 0
current timestep 10
planning flow reduced
plan limit 764
compute initial stop until 0
current timestep 12
planning flow reduced
plan limit 761
compute initial stop until 0
current timestep 14
planning flow reduced
plan limit 767
compute initial stop until 0
current timestep 16
planning flow reduced
plan limit 767
compute initial stop until 0
current timestep 18
planning flow reduced
plan limit 764
compute initial stop until 0
current timestep 20
planning flow reduced
plan limit 751
compute initial stop until 0
current timestep 22
planning flow reduced
plan limit 761
compute initial stop until 0
current timestep 25
planning flow reduced
plan limit 764
compute initial stop until 0
current timestep 28
planning flow reduced
plan limit 762
compute initial stop until 0
current timestep 31
planning flow reduced
plan limit 763
compute initial stop until 0
current timestep 34
planning flow reduced
plan limit 768
compute initial stop until 0
current timestep 37
planning flow reduced
plan limit 762
compute initial stop until 0
current timestep 40
planning flow reduced
plan limit 757
compute initial stop until 0
current timestep 44
planning flow reduced
plan limit 760
compute initial stop until 0
current timestep 48
planning flow reduced
plan limit 764
compute initial stop until 0
current timestep 53
planning flow reduced
plan limit 769
compute initial stop until 0
current timestep 57
planning flow reduced
plan limit 767
compute initial stop until 0
current timestep 61
planning flow reduced
plan limit 762
compute initial stop until 0
current timestep 65
planning flow reduced
plan limit 767
compute initial stop until 0
current timestep 69
planning flow reduced
plan limit 765
compute initial stop until 0
current timestep 73
planning flow reduced
plan limit 757
compute initial stop until 0
current timestep 77
planning flow reduced
plan limit 759
compute initial stop until 0
current timestep 82
planning flow reduced
plan limit 756
compute initial stop until 0
current timestep 87
planning flow reduced
plan limit 759
compute initial stop until 0
current timestep 92
planning flow reduced
plan limit 759
compute initial stop until 0
current timestep 97
planning flow reduced
plan limit 753
compute initial stop until 0
current timestep 102
planning flow reduced
plan limit 755
compute initial stop until 0
current timestep 107
planning flow reduced
plan limit 762
compute initial stop until 0
current timestep 112
planning flow reduced
plan limit 759
compute initial stop until 0
current timestep 116
planning flow reduced
plan limit 757
compute initial stop until 0
current timestep 120
planning flow reduced
plan limit 766
compute initial stop until 0
current timestep 124
planning flow reduced
plan limit 768
compute initial stop until 0
current timestep 128
planning flow reduced
plan limit 757
compute initial stop until 0
current timestep 133
planning flow reduced
plan limit 757
compute initial stop until 0
current timestep 138
planning flow reduced
plan limit 760
compute initial stop until 0
current timestep 143
planning flow reduced
plan limit 760
compute initial stop until 0
current timestep 148
planning flow reduced
plan limit 757
compute initial stop until 0
current timestep 153
planning flow reduced
plan limit 760
compute initial stop until 0
current timestep 158
planning flow reduced
plan limit 757
compute initial stop until 0
current timestep 163
planning flow reduced
plan limit 750
compute initial stop until 0
current timestep 168
planning flow reduced
plan limit 768
compute initial stop until 0
current timestep 173
planning flow reduced
plan limit 754
compute initial stop until 0
current timestep 179
planning flow reduced
plan limit 750
compute initial stop until 0
current timestep 184
planning flow reduced
plan limit 756
compute initial stop until 0
current timestep 190
planning flow reduced
plan limit 769
compute initial stop until 0
current timestep 196
planning flow reduced
plan limit 763
compute initial stop until 0
current timestep 201
planning flow reduced
plan limit 752
compute initial stop until 0
current timestep 207
planning flow reduced
plan limit 763
compute initial stop until 0
current timestep 212
planning flow reduced
plan limit 752
compute initial stop until 0
current timestep 217
planning flow reduced
plan limit 753
compute initial stop until 0
current timestep 222
planning flow reduced
plan limit 753
compute initial stop until 0
current timestep 227
planning flow reduced
plan limit 750
compute initial stop until 0
current timestep 233
planning flow reduced
plan limit 759
compute initial stop until 0
current timestep 238
planning flow reduced
plan limit 734
compute initial stop until 0
current timestep 243
planning flow reduced
plan limit 729
compute initial stop until 0
current timestep 249
planning flow reduced
plan limit 739
compute initial stop until 0
current timestep 254
planning flow reduced
plan limit 751
compute initial stop until 0
current timestep 259
planning flow reduced
plan limit 757
compute initial stop until 0
current timestep 265
planning flow reduced
plan limit 743
compute initial stop until 0
current timestep 270
planning flow reduced
plan limit 735
compute initial stop until 0
current timestep 275
planning flow reduced
plan limit 750
compute initial stop until 0
current timestep 280
planning flow reduced
plan limit 737
compute initial stop until 0
current timestep 285
planning flow reduced
plan limit 748
compute initial stop until 0
current timestep 290
planning flow reduced
plan limit 748
compute initial stop until 0
current timestep 295
planning flow reduced
plan limit 755
compute initial stop until 0
current timestep 300
planning flow reduced
plan limit 753
compute initial stop until 0
current timestep 305
planning flow reduced
plan limit 749
compute initial stop until 0
current timestep 310
planning flow reduced
plan limit 760
compute initial stop until 0
current timestep 315
planning flow reduced
plan limit 766
compute initial stop until 0
current timestep 320
planning flow reduced
plan limit 757
compute initial stop until 0
current timestep 325
planning flow reduced
plan limit 761
compute initial stop until 0
current timestep 330
planning flow reduced
plan limit 756
compute initial stop until 0
current timestep 335
planning flow reduced
plan limit 766
compute initial stop until 0
current timestep 340
planning flow reduced
plan limit 750
compute initial stop until 0
current timestep 346
planning flow reduced
plan limit 768
compute initial stop until 0
current timestep 352
planning flow reduced
plan limit 759
compute initial stop until 0
current timestep 357
planning flow reduced
plan limit 761
compute initial stop until 0
current timestep 363
planning flow reduced
plan limit 763
compute initial stop until 0
current timestep 368
planning flow reduced
plan limit 761
compute initial stop until 0
current timestep 373
planning flow reduced
plan limit 751
compute initial stop until 0
current timestep 379
planning flow reduced
plan limit 748
compute initial stop until 0
current timestep 385
planning flow reduced
plan limit 749
compute initial stop until 0
current timestep 391
planning flow reduced
plan limit 747
compute initial stop until 0
current timestep 397
planning flow reduced
plan limit 753
compute initial stop until 0
current timestep 403
planning flow reduced
plan limit 742
compute initial stop until 0
current timestep 409
planning flow reduced
plan limit 755
compute initial stop until 0
current timestep 414
planning flow reduced
plan limit 735
compute initial stop until 0
current timestep 420
planning flow reduced
plan limit 748
compute initial stop until 0
current timestep 425
planning flow reduced
plan limit 738
compute initial stop until 0
current timestep 431
planning flow reduced
plan limit 746
compute initial stop until 0
current timestep 436
planning flow reduced
plan limit 741
compute initial stop until 0
current timestep 441
planning flow reduced
plan limit 756
compute initial stop until 0
current timestep 446
planning flow reduced
plan limit 773
compute initial stop until 0
current timestep 452
planning flow reduced
plan limit 757
compute initial stop until 0
current timestep 458
planning flow reduced
plan limit 750
compute initial stop until 0
current timestep 463
planning flow reduced
plan limit 738
compute initial stop until 0
current timestep 468
planning flow reduced
plan limit 757
compute initial stop until 0
current timestep 473
planning flow reduced
plan limit 774
compute initial stop until 0
current timestep 478
planning flow reduced
plan limit 766
compute initial stop until 0
current timestep 484
planning flow reduced
plan limit 763
compute initial stop until 0
current timestep 489
planning flow reduced
plan limit 788
compute initial stop until 0
current timestep 495
planning flow reduced
plan limit 763
compute initial stop until 0
current timestep 500
planning flow reduced
plan limit 773
compute initial stop until 0
current timestep 506
planning flow reduced
plan limit 763
compute initial stop until 0
current timestep 511
planning flow reduced
plan limit 768
compute initial stop until 0
current timestep 516
planning flow reduced
plan limit 745
compute initial stop until 0
current timestep 522
planning flow reduced
plan limit 769
compute initial stop until 0
current timestep 528
planning flow reduced
plan limit 766
compute initial stop until 0
current timestep 534
planning flow reduced
plan limit 761
compute initial stop until 0
current timestep 540
planning flow reduced
plan limit 774
compute initial stop until 0
current timestep 546
planning flow reduced
plan limit 765
compute initial stop until 0
current timestep 552
planning flow reduced
plan limit 775
compute initial stop until 0
current timestep 558
planning flow reduced
plan limit 793
compute initial stop until 0
current timestep 565
planning flow reduced
plan limit 769
compute initial stop until 0
current timestep 571
planning flow reduced
plan limit 795
compute initial stop until 0
current timestep 577
planning flow reduced
plan limit 778
compute initial stop until 0
current timestep 583
planning flow reduced
plan limit 776
compute initial stop until 0
current timestep 589
planning flow reduced
plan limit 781
compute initial stop until 0
current timestep 596
planning flow reduced
plan limit 773
compute initial stop until 0
current timestep 602
planning flow reduced
plan limit 778
compute initial stop until 0
current timestep 609
planning flow reduced
plan limit 772
compute initial stop until 0
current timestep 615
planning flow reduced
plan limit 775
compute initial stop until 0
current timestep 621
planning flow reduced
plan limit 769
compute initial stop until 0
current timestep 627
planning flow reduced
plan limit 775
compute initial stop until 0
current timestep 633
planning flow reduced
plan limit 780
compute initial stop until 0
current timestep 639
planning flow reduced
plan limit 793
compute initial stop until 0
current timestep 645
planning flow reduced
plan limit 778
compute initial stop until 0
current timestep 651
planning flow reduced
plan limit 778
compute initial stop until 0
current timestep 657
planning flow reduced
plan limit 800
compute initial stop until 0
current timestep 664
planning flow reduced
plan limit 798
compute initial stop until 0
current timestep 671
planning flow reduced
plan limit 795
compute initial stop until 0
current timestep 677
planning flow reduced
plan limit 797
compute initial stop until 0
current timestep 683
planning flow reduced
plan limit 781
compute initial stop until 0
current timestep 689
planning flow reduced
plan limit 780
compute initial stop until 0
current timestep 694
planning flow reduced
plan limit 778
compute initial stop until 0
current timestep 700
planning flow reduced
plan limit 772
compute initial stop until 0
current timestep 706
planning flow reduced
plan limit 798
compute initial stop until 0
current timestep 712
planning flow reduced
plan limit 777
compute initial stop until 0
current timestep 718
planning flow reduced
plan limit 799
compute initial stop until 0
current timestep 725
planning flow reduced
plan limit 797
compute initial stop until 0
current timestep 731
planning flow reduced
plan limit 775
compute initial stop until 0
current timestep 737
planning flow reduced
plan limit 797
compute initial stop until 0
current timestep 743
planning flow reduced
plan limit 793
compute initial stop until 0
current timestep 749
planning flow reduced
plan limit 779
compute initial stop until 0
current timestep 754
planning flow reduced
plan limit 780
compute initial stop until 0
current timestep 760
planning flow reduced
plan limit 779
compute initial stop until 0
current timestep 766
planning flow reduced
plan limit 771
compute initial stop until 0
current timestep 772
planning flow reduced
plan limit 799
compute initial stop until 0
current timestep 779
planning flow reduced
plan limit 762
compute initial stop until 0
current timestep 785
planning flow reduced
plan limit 779
compute initial stop until 0
current timestep 791
planning flow reduced
plan limit 779
compute initial stop until 0
current timestep 797
planning flow reduced
plan limit 799
compute initial stop until 0
current timestep 803
planning flow reduced
plan limit 779
compute initial stop until 0
current timestep 809
planning flow reduced
plan limit 801
compute initial stop until 0
current timestep 815
planning flow reduced
plan limit 797
compute initial stop until 0
current timestep 821
planning flow reduced
plan limit 793
compute initial stop until 0
current timestep 826
planning flow reduced
plan limit 774
compute initial stop until 0
current timestep 832
planning flow reduced
plan limit 779
compute initial stop until 0
current timestep 838
planning flow reduced
plan limit 798
compute initial stop until 0
current timestep 845
planning flow reduced
plan limit 794
compute initial stop until 0
current timestep 852
planning flow reduced
plan limit 775
compute initial stop until 0
current timestep 858
planning flow reduced
plan limit 797
compute initial stop until 0
current timestep 864
planning flow reduced
plan limit 772
compute initial stop until 0
current timestep 870
planning flow reduced
plan limit 796
compute initial stop until 0
current timestep 876
planning flow reduced
plan limit 796
compute initial stop until 0
current timestep 883
planning flow reduced
plan limit 783
compute initial stop until 0
current timestep 889
planning flow reduced
plan limit 793
compute initial stop until 0
current timestep 895
planning flow reduced
plan limit 797
compute initial stop until 0
current timestep 902
planning flow reduced
plan limit 775
compute initial stop until 0
current timestep 908
planning flow reduced
plan limit 796
compute initial stop until 0
current timestep 915
planning flow reduced
plan limit 770
compute initial stop until 0
current timestep 921
planning flow reduced
plan limit 797
compute initial stop until 0
current timestep 928
planning flow reduced
plan limit 764
compute initial stop until 0
current timestep 933
planning flow reduced
plan limit 777
compute initial stop until 0
current timestep 939
planning flow reduced
plan limit 791
compute initial stop until 0
current timestep 945
planning flow reduced
plan limit 796
compute initial stop until 0
current timestep 952
planning flow reduced
plan limit 791
compute initial stop until 0
current timestep 958
planning flow reduced
plan limit 794
compute initial stop until 0
current timestep 965
planning flow reduced
plan limit 768
compute initial stop until 0
current timestep 971
planning flow reduced
plan limit 773
compute initial stop until 0
current timestep 977
planning flow reduced
plan limit 785
compute initial stop until 0
current timestep 986
planning flow reduced
plan limit 783
compute initial stop until 0
current timestep 995
planning flow reduced
plan limit 760
compute initial stop until 0
current timestep 1000
planning flow reduced
plan limit 734
compute initial stop until 0
current timestep 1008
planning flow reduced
plan limit 758
compute initial stop until 0
current timestep 1013
planning flow reduced
plan limit 767
compute initial stop until 0
current timestep 1019
planning flow reduced
plan limit 752
compute initial stop until 0
current timestep 1025
planning flow reduced
plan limit 735
compute initial stop until 0
current timestep 1032
planning flow reduced
plan limit 748
compute initial stop until 0
current timestep 1038
planning flow reduced
plan limit 777
compute initial stop until 0
current timestep 1044
planning flow reduced
plan limit 778
compute initial stop until 0
current timestep 1050
planning flow reduced
plan limit 774
compute initial stop until 0
current timestep 1056
planning flow reduced
plan limit 771
compute initial stop until 0
current timestep 1062
planning flow reduced
plan limit 752
compute initial stop until 0
current timestep 1067
planning flow reduced
plan limit 784
compute initial stop until 0
current timestep 1073
planning flow reduced
plan limit 784
compute initial stop until 0
current timestep 1079
planning flow reduced
plan limit 762
compute initial stop until 0
current timestep 1085
planning flow reduced
plan limit 764
compute initial stop until 0
current timestep 1090
planning flow reduced
plan limit 768
compute initial stop until 0
current timestep 1095
planning flow reduced
plan limit 786
compute initial stop until 0
current timestep 1100
planning flow reduced
plan limit 764
compute initial stop until 0
current timestep 1105
planning flow reduced
plan limit 777
compute initial stop until 0
current timestep 1111
planning flow reduced
plan limit 765
compute initial stop until 0
current timestep 1116
planning flow reduced
plan limit 770
compute initial stop until 0
current timestep 1121
planning flow reduced
plan limit 765
compute initial stop until 0
current timestep 1127
planning flow reduced
plan limit 764
compute initial stop until 0
current timestep 1132
planning flow reduced
plan limit 770
compute initial stop until 0
current timestep 1138
planning flow reduced
plan limit 780
compute initial stop until 0
current timestep 1144
planning flow reduced
plan limit 745
compute initial stop until 0
current timestep 1150
planning flow reduced
plan limit 768
compute initial stop until 0
current timestep 1155
planning flow reduced
plan limit 741
compute initial stop until 0
current timestep 1161
planning flow reduced
plan limit 746
compute initial stop until 0
current timestep 1167
planning flow reduced
plan limit 781
compute initial stop until 0
current timestep 1172
planning flow reduced
plan limit 741
compute initial stop until 0
current timestep 1178
planning flow reduced
plan limit 734
compute initial stop until 0
current timestep 1184
planning flow reduced
plan limit 756
compute initial stop until 0
current timestep 1189
planning flow reduced
plan limit 751
compute initial stop until 0
current timestep 1195
planning flow reduced
plan limit 762
compute initial stop until 0
current timestep 1201
planning flow reduced
plan limit 780
compute initial stop until 0
current timestep 1206
planning flow reduced
plan limit 780
compute initial stop until 0
current timestep 1211
planning flow reduced
plan limit 782
compute initial stop until 0
current timestep 1217
planning flow reduced
plan limit 745
compute initial stop until 0
current timestep 1222
planning flow reduced
plan limit 765
compute initial stop until 0
current timestep 1228
planning flow reduced
plan limit 787
compute initial stop until 0
current timestep 1234
planning flow reduced
plan limit 782
compute initial stop until 0
current timestep 1240
planning flow reduced
plan limit 770
compute initial stop until 0
current timestep 1246
planning flow reduced
plan limit 793
compute initial stop until 0
current timestep 1252
planning flow reduced
plan limit 770
compute initial stop until 0
current timestep 1257
planning flow reduced
plan limit 775
compute initial stop until 0
current timestep 1263
planning flow reduced
plan limit 775
compute initial stop until 0
current timestep 1269
planning flow reduced
plan limit 778
compute initial stop until 0
current timestep 1275
planning flow reduced
plan limit 792
compute initial stop until 0
current timestep 1281
planning flow reduced
plan limit 797
compute initial stop until 0
current timestep 1287
planning flow reduced
plan limit 793
compute initial stop until 0
current timestep 1294
planning flow reduced
plan limit 794
compute initial stop until 0
current timestep 1301
planning flow reduced
plan limit 793
compute initial stop until 0
current timestep 1307
planning flow reduced
plan limit 791
compute initial stop until 0
current timestep 1313
planning flow reduced
plan limit 796
compute initial stop until 0
current timestep 1320
planning flow reduced
plan limit 778
compute initial stop until 0
current timestep 1326
planning flow reduced
plan limit 778
compute initial stop until 0
current timestep 1332
planning flow reduced
plan limit 793
compute initial stop until 0
current timestep 1338
planning flow reduced
plan limit 792
compute initial stop until 0
current timestep 1343
planning flow reduced
plan limit 795
compute initial stop until 0
current timestep 1349
planning flow reduced
plan limit 790
compute initial stop until 0
current timestep 1355
planning flow reduced
plan limit 797
compute initial stop until 0
current timestep 1361
planning flow reduced
plan limit 792
compute initial stop until 0
current timestep 1368
planning flow reduced
plan limit 800
compute initial stop until 0
current timestep 1374
planning flow reduced
plan limit 780
compute initial stop until 0
current timestep 1379
planning flow reduced
plan limit 798
compute initial stop until 0
current timestep 1385
planning flow reduced
plan limit 788
compute initial stop until 0
current timestep 1391
planning flow reduced
plan limit 789
compute initial stop until 0
current timestep 1397
planning flow reduced
plan limit 787
compute initial stop until 0
current timestep 1403
planning flow reduced
plan limit 766
compute initial stop until 0
current timestep 1409
planning flow reduced
plan limit 765
compute initial stop until 0
current timestep 1415
planning flow reduced
plan limit 786
compute initial stop until 0
current timestep 1421
planning flow reduced
plan limit 789
compute initial stop until 0
current timestep 1427
planning flow reduced
plan limit 786
compute initial stop until 0
current timestep 1433
planning flow reduced
plan limit 787
compute initial stop until 0
current timestep 1439
planning flow reduced
plan limit 773
compute initial stop until 0
current timestep 1445
planning flow reduced
plan limit 765
compute initial stop until 0
current timestep 1451
planning flow reduced
plan limit 776
compute initial stop until 0
current timestep 1457
planning flow reduced
plan limit 784
compute initial stop until 0
current timestep 1463
planning flow reduced
plan limit 772
compute initial stop until 0
current timestep 1469
planning flow reduced
plan limit 768
compute initial stop until 0
current timestep 1475
planning flow reduced
plan limit 788
compute initial stop until 0
current timestep 1481
planning flow reduced
plan limit 761
compute initial stop until 0
current timestep 1486
planning flow reduced
plan limit 793
compute initial stop until 0
current timestep 1492
planning flow reduced
plan limit 783
compute initial stop until 0
current timestep 1498
planning flow reduced
plan limit 794
compute initial stop until 0
current timestep 1504
planning flow reduced
plan limit 787
compute initial stop until 0
current timestep 1510
planning flow reduced
plan limit 771
compute initial stop until 0
current timestep 1515
planning flow reduced
plan limit 746
compute initial stop until 0
current timestep 1520
planning flow reduced
plan limit 759
compute initial stop until 0
current timestep 1525
planning flow reduced
plan limit 765
compute initial stop until 0
current timestep 1530
planning flow reduced
plan limit 766
compute initial stop until 0
current timestep 1536
planning flow reduced
plan limit 791
compute initial stop until 0
current timestep 1542
planning flow reduced
plan limit 768
compute initial stop until 0
current timestep 1548
planning flow reduced
plan limit 788
compute initial stop until 0
current timestep 1554
planning flow reduced
plan limit 767
compute initial stop until 0
current timestep 1559
planning flow reduced
plan limit 769
compute initial stop until 0
current timestep 1564
planning flow reduced
plan limit 765
compute initial stop until 0
current timestep 1570
planning flow reduced
plan limit 770
compute initial stop until 0
current timestep 1575
planning flow reduced
plan limit 789
compute initial stop until 0
current timestep 1581
planning flow reduced
plan limit 789
compute initial stop until 0
current timestep 1587
planning flow reduced
plan limit 770
compute initial stop until 0
current timestep 1592
planning flow reduced
plan limit 791
compute initial stop until 0
current timestep 1598
planning flow reduced
plan limit 786
compute initial stop until 0
current timestep 1604
planning flow reduced
plan limit 761
compute initial stop until 0
current timestep 1609
planning flow reduced
plan limit 767
compute initial stop until 0
current timestep 1614
planning flow reduced
plan limit 787
compute initial stop until 0
current timestep 1619
planning flow reduced
plan limit 766
compute initial stop until 0
current timestep 1624
planning flow reduced
plan limit 763
compute initial stop until 0
current timestep 1629
planning flow reduced
plan limit 787
compute initial stop until 0
current timestep 1635
planning flow reduced
plan limit 786
compute initial stop until 0
current timestep 1641
planning flow reduced
plan limit 765
compute initial stop until 0
current timestep 1646
planning flow reduced
plan limit 786
compute initial stop until 0
current timestep 1652
planning flow reduced
plan limit 788
compute initial stop until 0
current timestep 1658
planning flow reduced
plan limit 767
compute initial stop until 0
current timestep 1663
planning flow reduced
plan limit 765
compute initial stop until 0
current timestep 1668
planning flow reduced
plan limit 787
compute initial stop until 0
current timestep 1674
planning flow reduced
plan limit 788
compute initial stop until 0
current timestep 1680
planning flow reduced
plan limit 767
compute initial stop until 0
current timestep 1686
planning flow reduced
plan limit 764
compute initial stop until 0
current timestep 1691
planning flow reduced
plan limit 766
compute initial stop until 0
current timestep 1696
planning flow reduced
plan limit 764
compute initial stop until 0
current timestep 1702
planning flow reduced
plan limit 764
compute initial stop until 0
current timestep 1708
planning flow reduced
plan limit 755
compute initial stop until 0
current timestep 1713
planning flow reduced
plan limit 765
compute initial stop until 0
current timestep 1718
planning flow reduced
plan limit 757
compute initial stop until 0
current timestep 1723
planning flow reduced
plan limit 776
compute initial stop until 0
current timestep 1728
planning flow reduced
plan limit 759
compute initial stop until 0
current timestep 1733
planning flow reduced
plan limit 771
compute initial stop until 0
current timestep 1738
planning flow reduced
plan limit 765
compute initial stop until 0
current timestep 1743
planning flow reduced
plan limit 774
compute initial stop until 0
current timestep 1749
planning flow reduced
plan limit 762
compute initial stop until 0
current timestep 1754
planning flow reduced
plan limit 776
compute initial stop until 0
current timestep 1760
planning flow reduced
plan limit 756
compute initial stop until 0
current timestep 1765
planning flow reduced
plan limit 743
compute initial stop until 0
current timestep 1770
planning flow reduced
plan limit 770
compute initial stop until 0
current timestep 1775
planning flow reduced
plan limit 748
compute initial stop until 0
current timestep 1780
planning flow reduced
plan limit 754
compute initial stop until 0
current timestep 1785
planning flow reduced
plan limit 747
compute initial stop until 0
current timestep 1790
planning flow reduced
plan limit 766
compute initial stop until 0
current timestep 1795
planning flow reduced
plan limit 776
compute initial stop until 0
current timestep 1800
planning flow reduced
plan limit 767
compute initial stop until 0
current timestep 1805
planning flow reduced
plan limit 759
compute initial stop until 0
current timestep 1810
planning flow reduced
plan limit 783
compute initial stop until 0
current timestep 1816
planning flow reduced
plan limit 771
compute initial stop until 0
current timestep 1821
planning flow reduced
plan limit 793
compute initial stop until 0
current timestep 1827
planning flow reduced
plan limit 792
compute initial stop until 0
current timestep 1833
planning flow reduced
plan limit 789
compute initial stop until 0
current timestep 1839
planning flow reduced
plan limit 773
compute initial stop until 0
current timestep 1845
planning flow reduced
plan limit 792
compute initial stop until 0
current timestep 1851
planning flow reduced
plan limit 767
compute initial stop until 0
current timestep 1857
planning flow reduced
plan limit 762
compute initial stop until 0
current timestep 1862
planning flow reduced
plan limit 790
compute initial stop until 0
current timestep 1868
planning flow reduced
plan limit 765
compute initial stop until 0
current timestep 1873
planning flow reduced
plan limit 790
compute initial stop until 0
current timestep 1879
planning flow reduced
plan limit 768
compute initial stop until 0
current timestep 1884
planning flow reduced
plan limit 786
compute initial stop until 0
current timestep 1890
planning flow reduced
plan limit 789
compute initial stop until 0
current timestep 1896
planning flow reduced
plan limit 769
compute initial stop until 0
current timestep 1901
planning flow reduced
plan limit 790
compute initial stop until 0
current timestep 1906
planning flow reduced
plan limit 766
compute initial stop until 0
current timestep 1911
planning flow reduced
plan limit 787
compute initial stop until 0
current timestep 1917
planning flow reduced
plan limit 777
compute initial stop until 0
current timestep 1923
planning flow reduced
plan limit 773
compute initial stop until 0
current timestep 1929
planning flow reduced
plan limit 762
compute initial stop until 0
current timestep 1934
planning flow reduced
plan limit 787
compute initial stop until 0
current timestep 1940
planning flow reduced
plan limit 763
compute initial stop until 0
current timestep 1945
planning flow reduced
plan limit 785
compute initial stop until 0
current timestep 1951
planning flow reduced
plan limit 800
compute initial stop until 0
current timestep 1957
planning flow reduced
plan limit 769
compute initial stop until 0
current timestep 1963
planning flow reduced
plan limit 762
compute initial stop until 0
current timestep 1968
planning flow reduced
plan limit 763
compute initial stop until 0
current timestep 1973
planning flow reduced
plan limit 794
compute initial stop until 0
current timestep 1979
planning flow reduced
plan limit 778
compute initial stop until 0
current timestep 1985
planning flow reduced
plan limit 794
compute initial stop until 0
current timestep 1990
planning flow reduced
plan limit 796
compute initial stop until 0
current timestep 1996
planning flow reduced
plan limit 773
compute initial stop until 0
current timestep 2001
planning flow reduced
plan limit 799
compute initial stop until 0
current timestep 2007
planning flow reduced
plan limit 772
compute initial stop until 0
current timestep 2013
planning flow reduced
plan limit 800
compute initial stop until 0
current timestep 2019
planning flow reduced
plan limit 794
compute initial stop until 0
current timestep 2025
planning flow reduced
plan limit 799
compute initial stop until 0
current timestep 2031
planning flow reduced
plan limit 794
compute initial stop until 0
current timestep 2036
planning flow reduced
plan limit 795
compute initial stop until 0
current timestep 2041
planning flow reduced
plan limit 796
compute initial stop until 0
current timestep 2046
planning flow reduced
plan limit 774
compute initial stop until 0
current timestep 2052
planning flow reduced
plan limit 801
compute initial stop until 0
current timestep 2058
planning flow reduced
plan limit 776
compute initial stop until 0
current timestep 2063
planning flow reduced
plan limit 779
compute initial stop until 0
current timestep 2069
planning flow reduced
plan limit 795
compute initial stop until 0
current timestep 2074
planning flow reduced
plan limit 778
compute initial stop until 0
current timestep 2079
planning flow reduced
plan limit 776
compute initial stop until 0
current timestep 2084
planning flow reduced
plan limit 793
compute initial stop until 0
current timestep 2090
planning flow reduced
plan limit 773
compute initial stop until 0
current timestep 2095
planning flow reduced
plan limit 776
compute initial stop until 0
current timestep 2101
planning flow reduced
plan limit 796
compute initial stop until 0
current timestep 2107
planning flow reduced
plan limit 798
compute initial stop until 0
current timestep 2112
planning flow reduced
plan limit 797
compute initial stop until 0
current timestep 2118
planning flow reduced
plan limit 778
compute initial stop until 0
current timestep 2124
planning flow reduced
plan limit 777
compute initial stop until 0
current timestep 2130
planning flow reduced
plan limit 795
compute initial stop until 0
current timestep 2136
planning flow reduced
plan limit 798
compute initial stop until 0
current timestep 2142
planning flow reduced
plan limit 776
compute initial stop until 0
current timestep 2147
planning flow reduced
plan limit 779
compute initial stop until 0
current timestep 2153
planning flow reduced
plan limit 776
compute initial stop until 0
current timestep 2158
planning flow reduced
plan limit 796
compute initial stop until 0
current timestep 2164
planning flow reduced
plan limit 777
compute initial stop until 0
current timestep 2170
planning flow reduced
plan limit 796
compute initial stop until 0
current timestep 2176
planning flow reduced
plan limit 793
compute initial stop until 0
current timestep 2182
planning flow reduced
plan limit 775
compute initial stop until 0
current timestep 2188
planning flow reduced
plan limit 793
compute initial stop until 0
current timestep 2194
planning flow reduced
plan limit 795
compute initial stop until 0
current timestep 2199
planning flow reduced
plan limit 772
compute initial stop until 0
current timestep 2204
planning flow reduced
plan limit 779
compute initial stop until 0
current timestep 2210
planning flow reduced
plan limit 772
compute initial stop until 0
current timestep 2215
planning flow reduced
plan limit 774
compute initial stop until 0
current timestep 2221
planning flow reduced
plan limit 794
compute initial stop until 0
current timestep 2227
planning flow reduced
plan limit 780
compute initial stop until 0
current timestep 2233
planning flow reduced
plan limit 781
compute initial stop until 0
current timestep 2239
planning flow reduced
plan limit 772
compute initial stop until 0
current timestep 2244
planning flow reduced
plan limit 771
compute initial stop until 0
current timestep 2250
planning flow reduced
plan limit 767
compute initial stop until 0
current timestep 2255
planning flow reduced
plan limit 795
compute initial stop until 0
current timestep 2261
planning flow reduced
plan limit 777
compute initial stop until 0
current timestep 2266
planning flow reduced
plan limit 796
compute initial stop until 0
current timestep 2272
planning flow reduced
plan limit 775
compute initial stop until 0
current timestep 2278
planning flow reduced
plan limit 797
compute initial stop until 0
current timestep 2284
planning flow reduced
plan limit 773
compute initial stop until 0
current timestep 2290
planning flow reduced
plan limit 776
compute initial stop until 0
current timestep 2295
planning flow reduced
plan limit 794
compute initial stop until 0
current timestep 2300
planning flow reduced
plan limit 794
compute initial stop until 0
current timestep 2306
planning flow reduced
plan limit 796
compute initial stop until 0
current timestep 2312
planning flow reduced
plan limit 795
compute initial stop until 0
current timestep 2317
planning flow reduced
plan limit 778
compute initial stop until 0
current timestep 2323
planning flow reduced
plan limit 795
compute initial stop until 0
current timestep 2329
planning flow reduced
plan limit 776
compute initial stop until 0
current timestep 2334
planning flow reduced
plan limit 777
compute initial stop until 0
current timestep 2339
planning flow reduced
plan limit 775
compute initial stop until 0
current timestep 2344
planning flow reduced
plan limit 797
compute initial stop until 0
current timestep 2350
planning flow reduced
plan limit 793
compute initial stop until 0
current timestep 2356
planning flow reduced
plan limit 773
compute initial stop until 0
current timestep 2361
planning flow reduced
plan limit 794
compute initial stop until 0
current timestep 2366
planning flow reduced
plan limit 777
compute initial stop until 0
current timestep 2371
planning flow reduced
plan limit 793
compute initial stop until 0
current timestep 2377
planning flow reduced
plan limit 786
compute initial stop until 0
current timestep 2382
planning flow reduced
plan limit 789
compute initial stop until 0
current timestep 2387
planning flow reduced
plan limit 790
compute initial stop until 0
current timestep 2392
planning flow reduced
plan limit 798
compute initial stop until 0
current timestep 2397
planning flow reduced
plan limit 792
compute initial stop until 0
current timestep 2402
planning flow reduced
plan limit 773
compute initial stop until 0
current timestep 2407
planning flow reduced
plan limit 791
compute initial stop until 0
current timestep 2413
planning flow reduced
plan limit 796
compute initial stop until 0
current timestep 2419
planning flow reduced
plan limit 775
compute initial stop until 0
current timestep 2424
planning flow reduced
plan limit 791
compute initial stop until 0
current timestep 2430
planning flow reduced
plan limit 790
compute initial stop until 0
current timestep 2435
planning flow reduced
plan limit 793
compute initial stop until 0
current timestep 2441
planning flow reduced
plan limit 792
compute initial stop until 0
current timestep 2446
planning flow reduced
plan limit 767
compute initial stop until 0
current timestep 2451
planning flow reduced
plan limit 773
compute initial stop until 0
current timestep 2456
planning flow reduced
plan limit 774
compute initial stop until 0
current timestep 2461
planning flow reduced
plan limit 788
compute initial stop until 0
current timestep 2466
planning flow reduced
plan limit 766
compute initial stop until 0
current timestep 2471
planning flow reduced
plan limit 772
compute initial stop until 0
current timestep 2476
planning flow reduced
plan limit 783
compute initial stop until 0
current timestep 2481
planning flow reduced
plan limit 787
compute initial stop until 0
current timestep 2486
planning flow reduced
plan limit 759
compute initial stop until 0
current timestep 2491
planning flow reduced
plan limit 785
compute initial stop until 0
current timestep 2496
planning flow reduced
plan limit 767
compute initial stop until 0
current timestep 2501
planning flow reduced
plan limit 772
compute initial stop until 0
current timestep 2506
planning flow reduced
plan limit 761
compute initial stop until 0
current timestep 2511
planning flow reduced
plan limit 793
compute initial stop until 0
current timestep 2517
planning flow reduced
plan limit 785
compute initial stop until 0
current timestep 2522
planning flow reduced
plan limit 774
compute initial stop until 0
current timestep 2527
planning flow reduced
plan limit 781
compute initial stop until 0
current timestep 2532
planning flow reduced
plan limit 792
compute initial stop until 0
current timestep 2537
planning flow reduced
plan limit 798
compute initial stop until 0
current timestep 2543
planning flow reduced
plan limit 774
compute initial stop until 0
current timestep 2548
planning flow reduced
plan limit 788
compute initial stop until 0
current timestep 2553
planning flow reduced
plan limit 775
compute initial stop until 0
current timestep 2557
planning flow reduced
plan limit 790
compute initial stop until 0
current timestep 2562
planning flow reduced
plan limit 771
compute initial stop until 0
current timestep 2567
planning flow reduced
plan limit 783
compute initial stop until 0
current timestep 2572
planning flow reduced
plan limit 792
compute initial stop until 0
current timestep 2577
planning flow reduced
plan limit 790
compute initial stop until 0
current timestep 2582
planning flow reduced
plan limit 792
compute initial stop until 0
current timestep 2587
planning flow reduced
plan limit 784
compute initial stop until 0
current timestep 2591
planning flow reduced
plan limit 791
compute initial stop until 0
current timestep 2596
planning flow reduced
plan limit 788
compute initial stop until 0
current timestep 2601
planning flow reduced
plan limit 775
compute initial stop until 0
current timestep 2606
planning flow reduced
plan limit 775
compute initial stop until 0
current timestep 2611
planning flow reduced
plan limit 788
compute initial stop until 0
current timestep 2616
planning flow reduced
plan limit 770
compute initial stop until 0
current timestep 2621
planning flow reduced
plan limit 772
compute initial stop until 0
current timestep 2626
planning flow reduced
plan limit 791
compute initial stop until 0
current timestep 2631
planning flow reduced
plan limit 789
compute initial stop until 0
current timestep 2636
planning flow reduced
plan limit 769
compute initial stop until 0
current timestep 2641
planning flow reduced
plan limit 774
compute initial stop until 0
current timestep 2646
planning flow reduced
plan limit 797
compute initial stop until 0
current timestep 2651
planning flow reduced
plan limit 773
compute initial stop until 0
current timestep 2656
planning flow reduced
plan limit 776
compute initial stop until 0
current timestep 2661
planning flow reduced
plan limit 766
compute initial stop until 0
current timestep 2666
planning flow reduced
plan limit 796
compute initial stop until 0
current timestep 2672
planning flow reduced
plan limit 737
compute initial stop until 0
current timestep 2677
planning flow reduced
plan limit 794
compute initial stop until 0
current timestep 2682
planning flow reduced
plan limit 793
compute initial stop until 0
current timestep 2687
planning flow reduced
plan limit 790
compute initial stop until 0
current timestep 2692
planning flow reduced
plan limit 791
compute initial stop until 0
current timestep 2697
planning flow reduced
plan limit 791
compute initial stop until 0
current timestep 2703
planning flow reduced
plan limit 745
compute initial stop until 0
current timestep 2708
planning flow reduced
plan limit 763
compute initial stop until 0
current timestep 2713
planning flow reduced
plan limit 793
compute initial stop until 0
current timestep 2718
planning flow reduced
plan limit 788
compute initial stop until 0
current timestep 2723
planning flow reduced
plan limit 767
compute initial stop until 0
current timestep 2728
planning flow reduced
plan limit 765
compute initial stop until 0
current timestep 2733
planning flow reduced
plan limit 791
compute initial stop until 0
current timestep 2738
planning flow reduced
plan limit 769
compute initial stop until 0
current timestep 2743
planning flow reduced
plan limit 793
compute initial stop until 0
current timestep 2748
planning flow reduced
plan limit 770
compute initial stop until 0
current timestep 2753
planning flow reduced
plan limit 789
compute initial stop until 0
current timestep 2758
planning flow reduced
plan limit 788
compute initial stop until 0
current timestep 2763
planning flow reduced
plan limit 761
compute initial stop until 0
current timestep 2768
planning flow reduced
plan limit 782
compute initial stop until 0
current timestep 2773
planning flow reduced
plan limit 789
compute initial stop until 0
current timestep 2778
planning flow reduced
plan limit 764
compute initial stop until 0
current timestep 2783
planning flow reduced
plan limit 783
compute initial stop until 0
current timestep 2789
planning flow reduced
plan limit 773
compute initial stop until 0
current timestep 2794
planning flow reduced
plan limit 782
compute initial stop until 0
current timestep 2799
planning flow reduced
plan limit 764
compute initial stop until 0
current timestep 2804
planning flow reduced
plan limit 785
compute initial stop until 0
current timestep 2809
planning flow reduced
plan limit 699
compute initial stop until 0
current timestep 2816
planning flow reduced
plan limit 772
compute initial stop until 0
current timestep 2822
planning flow reduced
plan limit 716
compute initial stop until 0
current timestep 2827
planning flow reduced
plan limit 742
compute initial stop until 0
current timestep 2833
planning flow reduced
plan limit 763
compute initial stop until 0
current timestep 2838
planning flow reduced
plan limit 769
compute initial stop until 0
current timestep 2843
planning flow reduced
plan limit 748
compute initial stop until 0
current timestep 2848
planning flow reduced
plan limit 754
compute initial stop until 0
current timestep 2853
planning flow reduced
plan limit 759
compute initial stop until 0
current timestep 2859
planning flow reduced
plan limit 763
compute initial stop until 0
current timestep 2864
planning flow reduced
plan limit 762
compute initial stop until 0
current timestep 2869
planning flow reduced
plan limit 764
compute initial stop until 0
current timestep 2874
planning flow reduced
plan limit 786
compute initial stop until 0
current timestep 2879
planning flow reduced
plan limit 761
compute initial stop until 0
current timestep 2884
planning flow reduced
plan limit 760
compute initial stop until 0
current timestep 2889
planning flow reduced
plan limit 790
compute initial stop until 0
current timestep 2894
planning flow reduced
plan limit 772
compute initial stop until 0
current timestep 2899
planning flow reduced
plan limit 764
compute initial stop until 0
current timestep 2904
planning flow reduced
plan limit 747
compute initial stop until 0
current timestep 2909
planning flow reduced
plan limit 769
compute initial stop until 0
current timestep 2914
planning flow reduced
plan limit 774
compute initial stop until 0
current timestep 2919
planning flow reduced
plan limit 778
compute initial stop until 0
current timestep 2923
planning flow reduced
plan limit 786
compute initial stop until 0
current timestep 2928
planning flow reduced
plan limit 769
compute initial stop until 0
current timestep 2933
planning flow reduced
plan limit 771
compute initial stop until 0
current timestep 2938
planning flow reduced
plan limit 783
compute initial stop until 0
current timestep 2943
planning flow reduced
plan limit 788
compute initial stop until 0
current timestep 2948
planning flow reduced
plan limit 797
compute initial stop until 0
current timestep 2953
planning flow reduced
plan limit 774
compute initial stop until 0
current timestep 2958
planning flow reduced
plan limit 767
compute initial stop until 0
current timestep 2963
planning flow reduced
plan limit 788
compute initial stop until 0
current timestep 2968
planning flow reduced
plan limit 772
compute initial stop until 0
current timestep 2973
planning flow reduced
plan limit 777
compute initial stop until 0
current timestep 2978
planning flow reduced
plan limit 789
compute initial stop until 0
current timestep 2983
planning flow reduced
plan limit 788
compute initial stop until 0
current timestep 2988
planning flow reduced
plan limit 772
compute initial stop until 0
current timestep 2993
planning flow reduced
plan limit 766
compute initial stop until 0
current timestep 2998
planning flow reduced
plan limit 773
compute initial stop until 0
current timestep 3003
planning flow reduced
plan limit 764
compute initial stop until 0
current timestep 3008
planning flow reduced
plan limit 777
compute initial stop until 0
current timestep 3013
planning flow reduced
plan limit 769
compute initial stop until 0
current timestep 3018
planning flow reduced
plan limit 772
compute initial stop until 0
current timestep 3023
planning flow reduced
plan limit 769
compute initial stop until 0
current timestep 3028
planning flow reduced
plan limit 792
compute initial stop until 0
current timestep 3033
planning flow reduced
plan limit 788
compute initial stop until 0
current timestep 3038
planning flow reduced
plan limit 788
compute initial stop until 0
current timestep 3043
planning flow reduced
plan limit 774
compute initial stop until 0
current timestep 3048
planning flow reduced
plan limit 793
compute initial stop until 0
current timestep 3053
planning flow reduced
plan limit 773
compute initial stop until 0
current timestep 3058
planning flow reduced
plan limit 791
compute initial stop until 0
current timestep 3063
planning flow reduced
plan limit 793
compute initial stop until 0
current timestep 3068
planning flow reduced
plan limit 771
compute initial stop until 0
current timestep 3073
planning flow reduced
plan limit 789
compute initial stop until 0
current timestep 3078
planning flow reduced
plan limit 768
compute initial stop until 0
current timestep 3083
planning flow reduced
plan limit 791
compute initial stop until 0
current timestep 3088
planning flow reduced
plan limit 794
compute initial stop until 0
current timestep 3093
planning flow reduced
plan limit 789
compute initial stop until 0
current timestep 3098
planning flow reduced
plan limit 770
compute initial stop until 0
current timestep 3103
planning flow reduced
plan limit 792
compute initial stop until 0
current timestep 3108
planning flow reduced
plan limit 774
compute initial stop until 0
current timestep 3112
planning flow reduced
plan limit 780
compute initial stop until 0
current timestep 3116
planning flow reduced
plan limit 771
compute initial stop until 0
current timestep 3121
planning flow reduced
plan limit 794
compute initial stop until 0
current timestep 3126
planning flow reduced
plan limit 791
compute initial stop until 0
current timestep 3131
planning flow reduced
plan limit 789
compute initial stop until 0
current timestep 3136
planning flow reduced
plan limit 775
compute initial stop until 0
current timestep 3141
planning flow reduced
plan limit 794
compute initial stop until 0
current timestep 3146
planning flow reduced
plan limit 790
compute initial stop until 0
current timestep 3151
planning flow reduced
plan limit 793
compute initial stop until 0
current timestep 3156
planning flow reduced
plan limit 787
compute initial stop until 0
current timestep 3161
planning flow reduced
plan limit 791
compute initial stop until 0
current timestep 3166
planning flow reduced
plan limit 793
compute initial stop until 0
current timestep 3171
planning flow reduced
plan limit 784
compute initial stop until 0
current timestep 3176
planning flow reduced
plan limit 792
compute initial stop until 0
current timestep 3181
planning flow reduced
plan limit 790
compute initial stop until 0
current timestep 3186
planning flow reduced
plan limit 781
compute initial stop until 0
current timestep 3191
planning flow reduced
plan limit 789
compute initial stop until 0
current timestep 3196
planning flow reduced
plan limit 785
compute initial stop until 0
current timestep 3201
planning flow reduced
plan limit 766
compute initial stop until 0
current timestep 3206
planning flow reduced
plan limit 767
compute initial stop until 0
current timestep 3211
planning flow reduced
plan limit 764
compute initial stop until 0
current timestep 3216
planning flow reduced
plan limit 791
compute initial stop until 0
current timestep 3221
planning flow reduced
plan limit 785
compute initial stop until 0
current timestep 3226
planning flow reduced
plan limit 794
compute initial stop until 0
current timestep 3231
planning flow reduced
plan limit 761
compute initial stop until 0
current timestep 3236
planning flow reduced
plan limit 769
compute initial stop until 0
current timestep 3241
planning flow reduced
plan limit 785
compute initial stop until 0
current timestep 3246
planning flow reduced
plan limit 790
compute initial stop until 0
current timestep 3251
planning flow reduced
plan limit 758
compute initial stop until 0
current timestep 3256
planning flow reduced
plan limit 785
compute initial stop until 0
current timestep 3261
planning flow reduced
plan limit 781
compute initial stop until 0
current timestep 3266
planning flow reduced
plan limit 768
compute initial stop until 0
current timestep 3271
planning flow reduced
plan limit 784
compute initial stop until 0
current timestep 3276
planning flow reduced
plan limit 792
compute initial stop until 0
current timestep 3281
planning flow reduced
plan limit 781
compute initial stop until 0
current timestep 3286
planning flow reduced
plan limit 760
compute initial stop until 0
current timestep 3291
planning flow reduced
plan limit 780
compute initial stop until 0
current timestep 3296
planning flow reduced
plan limit 799
compute initial stop until 0
current timestep 3301
planning flow reduced
plan limit 787
compute initial stop until 0
current timestep 3306
planning flow reduced
plan limit 775
compute initial stop until 0
current timestep 3311
planning flow reduced
plan limit 787
compute initial stop until 0
current timestep 3316
planning flow reduced
plan limit 776
compute initial stop until 0
current timestep 3321
planning flow reduced
plan limit 788
compute initial stop until 0
current timestep 3326
planning flow reduced
plan limit 784
compute initial stop until 0
current timestep 3331
planning flow reduced
plan limit 764
compute initial stop until 0
current timestep 3336
planning flow reduced
plan limit 776
compute initial stop until 0
current timestep 3341
planning flow reduced
plan limit 763
compute initial stop until 0
current timestep 3346
planning flow reduced
plan limit 786
compute initial stop until 0
current timestep 3351
planning flow reduced
plan limit 780
compute initial stop until 0
current timestep 3356
planning flow reduced
plan limit 788
compute initial stop until 0
current timestep 3361
planning flow reduced
plan limit 759
compute initial stop until 0
current timestep 3366
planning flow reduced
plan limit 763
compute initial stop until 0
current timestep 3371
planning flow reduced
plan limit 783
compute initial stop until 0
current timestep 3376
planning flow reduced
plan limit 778
compute initial stop until 0
current timestep 3381
planning flow reduced
plan limit 784
compute initial stop until 0
current timestep 3386
planning flow reduced
plan limit 779
compute initial stop until 0
current timestep 3391
planning flow reduced
plan limit 760
compute initial stop until 0
current timestep 3396
planning flow reduced
plan limit 776
compute initial stop until 0
current timestep 3401
planning flow reduced
plan limit 788
compute initial stop until 0
current timestep 3406
planning flow reduced
plan limit 766
compute initial stop until 0
current timestep 3411
planning flow reduced
plan limit 780
compute initial stop until 0
current timestep 3416
planning flow reduced
plan limit 747
compute initial stop until 0
current timestep 3421
planning flow reduced
plan limit 778
compute initial stop until 0
current timestep 3426
planning flow reduced
plan limit 738
compute initial stop until 0
current timestep 3431
planning flow reduced
plan limit 763
compute initial stop until 0
current timestep 3436
planning flow reduced
plan limit 789
compute initial stop until 0
current timestep 3441
planning flow reduced
plan limit 772
compute initial stop until 0
current timestep 3445
planning flow reduced
plan limit 784
compute initial stop until 0
current timestep 3450
planning flow reduced
plan limit 761
compute initial stop until 0
current timestep 3455
planning flow reduced
plan limit 765
compute initial stop until 0
current timestep 3460
planning flow reduced
plan limit 752
compute initial stop until 0
current timestep 3465
planning flow reduced
plan limit 784
compute initial stop until 0
current timestep 3470
planning flow reduced
plan limit 759
compute initial stop until 0
current timestep 3475
planning flow reduced
plan limit 777
compute initial stop until 0
current timestep 3480
planning flow reduced
plan limit 785
compute initial stop until 0
current timestep 3485
planning flow reduced
plan limit 783
compute initial stop until 0
current timestep 3490
planning flow reduced
plan limit 781
compute initial stop until 0
current timestep 3495
planning flow reduced
plan limit 785
compute initial stop until 0
current timestep 3500
planning flow reduced
plan limit 777
compute initial stop until 0
current timestep 3505
planning flow reduced
plan limit 765
compute initial stop until 0
current timestep 3510
planning flow reduced
plan limit 781
compute initial stop until 0
current timestep 3515
planning flow reduced
plan limit 768
compute initial stop until 0
current timestep 3519
planning flow reduced
plan limit 790
compute initial stop until 0
current timestep 3524
planning flow reduced
plan limit 781
compute initial stop until 0
current timestep 3529
planning flow reduced
plan limit 783
compute initial stop until 0
current timestep 3533
planning flow reduced
plan limit 793
compute initial stop until 0
current timestep 3538
planning flow reduced
plan limit 783
compute initial stop until 0
current timestep 3543
planning flow reduced
plan limit 781
compute initial stop until 0
current timestep 3548
planning flow reduced
plan limit 780
compute initial stop until 0
current timestep 3552
planning flow reduced
plan limit 778
compute initial stop until 0
current timestep 3557
planning flow reduced
plan limit 752
compute initial stop until 0
current timestep 3562
planning flow reduced
plan limit 773
compute initial stop until 0
current timestep 3567
planning flow reduced
plan limit 776
compute initial stop until 0
current timestep 3572
planning flow reduced
plan limit 766
compute initial stop until 0
current timestep 3576
planning flow reduced
plan limit 765
compute initial stop until 0
current timestep 3581
planning flow reduced
plan limit 777
compute initial stop until 0
current timestep 3586
planning flow reduced
plan limit 790
compute initial stop until 0
current timestep 3591
planning flow reduced
plan limit 788
compute initial stop until 0
current timestep 3596
planning flow reduced
plan limit 782
compute initial stop until 0
current timestep 3601
planning flow reduced
plan limit 765
compute initial stop until 0
current timestep 3605
planning flow reduced
plan limit 785
compute initial stop until 0
current timestep 3609
planning flow reduced
plan limit 762
compute initial stop until 0
current timestep 3614
planning flow reduced
plan limit 789
compute initial stop until 0
current timestep 3619
planning flow reduced
plan limit 766
compute initial stop until 0
current timestep 3624
planning flow reduced
plan limit 783
compute initial stop until 0
current timestep 3629
planning flow reduced
plan limit 756
compute initial stop until 0
current timestep 3633
planning flow reduced
plan limit 787
compute initial stop until 0
current timestep 3638
planning flow reduced
plan limit 788
compute initial stop until 0
current timestep 3643
planning flow reduced
plan limit 768
compute initial stop until 0
current timestep 3648
planning flow reduced
plan limit 768
compute initial stop until 0
current timestep 3653
planning flow reduced
plan limit 786
compute initial stop until 0
current timestep 3658
planning flow reduced
plan limit 765
compute initial stop until 0
current timestep 3662
planning flow reduced
plan limit 792
compute initial stop until 0
current timestep 3667
planning flow reduced
plan limit 791
compute initial stop until 0
current timestep 3672
planning flow reduced
plan limit 769
compute initial stop until 0
current timestep 3677
planning flow reduced
plan limit 786
compute initial stop until 0
current timestep 3682
planning flow reduced
plan limit 753
compute initial stop until 0
current timestep 3686
planning flow reduced
plan limit 777
compute initial stop until 0
current timestep 3691
planning flow reduced
plan limit 769
compute initial stop until 0
current timestep 3696
planning flow reduced
plan limit 786
compute initial stop until 0
current timestep 3700
planning flow reduced
plan limit 767
compute initial stop until 0
current timestep 3706
planning flow reduced
plan limit 782
compute initial stop until 0
current timestep 3711
planning flow reduced
plan limit 782
compute initial stop until 0
current timestep 3716
planning flow reduced
plan limit 784
compute initial stop until 0
current timestep 3721
planning flow reduced
plan limit 799
compute initial stop until 0
current timestep 3726
planning flow reduced
plan limit 786
compute initial stop until 0
current timestep 3731
planning flow reduced
plan limit 794
compute initial stop until 0
current timestep 3736
planning flow reduced
plan limit 770
compute initial stop until 0
current timestep 3741
planning flow reduced
plan limit 797
compute initial stop until 0
current timestep 3746
planning flow reduced
plan limit 767
compute initial stop until 0
current timestep 3751
planning flow reduced
plan limit 793
compute initial stop until 0
current timestep 3756
planning flow reduced
plan limit 789
compute initial stop until 0
current timestep 3761
planning flow reduced
plan limit 794
compute initial stop until 0
current timestep 3765
planning flow reduced
plan limit 791
compute initial stop until 0
current timestep 3770
planning flow reduced
plan limit 799
compute initial stop until 0
current timestep 3775
planning flow reduced
plan limit 768
compute initial stop until 0
current timestep 3780
planning flow reduced
plan limit 796
compute initial stop until 0
current timestep 3784
planning flow reduced
plan limit 790
compute initial stop until 0
current timestep 3789
planning flow reduced
plan limit 787
compute initial stop until 0
current timestep 3793
planning flow reduced
plan limit 793
compute initial stop until 0
current timestep 3797
planning flow reduced
plan limit 794
compute initial stop until 0
current timestep 3801
planning flow reduced
plan limit 793
compute initial stop until 0
current timestep 3805
planning flow reduced
plan limit 792
compute initial stop until 0
current timestep 3810
planning flow reduced
plan limit 775
compute initial stop until 0
current timestep 3814
planning flow reduced
plan limit 767
compute initial stop until 0
current timestep 3818
planning flow reduced
plan limit 763
compute initial stop until 0
current timestep 3822
planning flow reduced
plan limit 769
compute initial stop until 0
current timestep 3826
planning flow reduced
plan limit 765
compute initial stop until 0
current timestep 3830
planning flow reduced
plan limit 797
compute initial stop until 0
current timestep 3835
planning flow reduced
plan limit 785
compute initial stop until 0
current timestep 3839
planning flow reduced
plan limit 797
compute initial stop until 0
current timestep 3843
planning flow reduced
plan limit 790
compute initial stop until 0
current timestep 3847
planning flow reduced
plan limit 789
compute initial stop until 0
current timestep 3851
planning flow reduced
plan limit 788
compute initial stop until 0
current timestep 3855
planning flow reduced
plan limit 776
compute initial stop until 0
current timestep 3860
planning flow reduced
plan limit 788
compute initial stop until 0
current timestep 3864
planning flow reduced
plan limit 771
compute initial stop until 0
current timestep 3868
planning flow reduced
plan limit 774
compute initial stop until 0
current timestep 3872
planning flow reduced
plan limit 790
compute initial stop until 0
current timestep 3877
planning flow reduced
plan limit 795
compute initial stop until 0
current timestep 3882
planning flow reduced
plan limit 776
compute initial stop until 0
current timestep 3886
planning flow reduced
plan limit 791
compute initial stop until 0
current timestep 3891
planning flow reduced
plan limit 789
compute initial stop until 0
current timestep 3896
planning flow reduced
plan limit 794
compute initial stop until 0
current timestep 3901
planning flow reduced
plan limit 795
compute initial stop until 0
current timestep 3905
planning flow reduced
plan limit 770
compute initial stop until 0
current timestep 3909
planning flow reduced
plan limit 788
compute initial stop until 0
current timestep 3913
planning flow reduced
plan limit 773
compute initial stop until 0
current timestep 3917
planning flow reduced
plan limit 787
compute initial stop until 0
current timestep 3921
planning flow reduced
plan limit 771
compute initial stop until 0
current timestep 3925
planning flow reduced
plan limit 799
compute initial stop until 0
current timestep 3930
planning flow reduced
plan limit 776
compute initial stop until 0
current timestep 3934
planning flow reduced
plan limit 788
compute initial stop until 0
current timestep 3938
planning flow reduced
plan limit 760
compute initial stop until 0
current timestep 3942
planning flow reduced
plan limit 785
compute initial stop until 0
current timestep 3946
planning flow reduced
plan limit 785
compute initial stop until 0
current timestep 3951
planning flow reduced
plan limit 767
compute initial stop until 0
current timestep 3955
planning flow reduced
plan limit 766
compute initial stop until 0
current timestep 3959
planning flow reduced
plan limit 788
compute initial stop until 0
current timestep 3963
planning flow reduced
plan limit 764
compute initial stop until 0
current timestep 3967
planning flow reduced
plan limit 788
compute initial stop until 0
current timestep 3972
planning flow reduced
plan limit 783
compute initial stop until 0
current timestep 3976
planning flow reduced
plan limit 764
compute initial stop until 0
current timestep 3980
planning flow reduced
plan limit 764
compute initial stop until 0
current timestep 3984
planning flow reduced
plan limit 768
compute initial stop until 0
current timestep 3988
planning flow reduced
plan limit 784
compute initial stop until 0
current timestep 3992
planning flow reduced
plan limit 784
compute initial stop until 0
current timestep 3996
planning flow reduced
plan limit 760
compute initial stop until 0
current timestep 4000
planning flow reduced
plan limit 767
compute initial stop until 0
current timestep 4004
planning flow reduced
plan limit 760
compute initial stop until 0
current timestep 4008
planning flow reduced
plan limit 789
compute initial stop until 0
current timestep 4012
planning flow reduced
plan limit 751
compute initial stop until 0
current timestep 4016
planning flow reduced
plan limit 769
compute initial stop until 0
current timestep 4020
planning flow reduced
plan limit 778
compute initial stop until 0
current timestep 4024
planning flow reduced
plan limit 788
compute initial stop until 0
current timestep 4028
planning flow reduced
plan limit 777
compute initial stop until 0
current timestep 4032
planning flow reduced
plan limit 788
compute initial stop until 0
current timestep 4036
planning flow reduced
plan limit 760
compute initial stop until 0
current timestep 4040
planning flow reduced
plan limit 786
compute initial stop until 0
current timestep 4044
planning flow reduced
plan limit 776
compute initial stop until 0
current timestep 4048
planning flow reduced
plan limit 782
compute initial stop until 0
current timestep 4052
planning flow reduced
plan limit 780
compute initial stop until 0
current timestep 4056
planning flow reduced
plan limit 763
compute initial stop until 0
current timestep 4060
planning flow reduced
plan limit 763
compute initial stop until 0
current timestep 4064
planning flow reduced
plan limit 784
compute initial stop until 0
current timestep 4068
planning flow reduced
plan limit 764
compute initial stop until 0
current timestep 4072
planning flow reduced
plan limit 764
compute initial stop until 0
current timestep 4076
planning flow reduced
plan limit 754
compute initial stop until 0
current timestep 4080
planning flow reduced
plan limit 767
compute initial stop until 0
current timestep 4084
planning flow reduced
plan limit 784
compute initial stop until 0
current timestep 4088
planning flow reduced
plan limit 783
compute initial stop until 0
current timestep 4092
planning flow reduced
plan limit 777
compute initial stop until 0
current timestep 4096
planning flow reduced
plan limit 780
compute initial stop until 0
current timestep 4100
planning flow reduced
plan limit 765
compute initial stop until 0
current timestep 4104
planning flow reduced
plan limit 774
compute initial stop until 0
current timestep 4108
planning flow reduced
plan limit 761
compute initial stop until 0
current timestep 4113
planning flow reduced
plan limit 773
compute initial stop until 0
current timestep 4117
planning flow reduced
plan limit 775
compute initial stop until 0
current timestep 4121
planning flow reduced
plan limit 766
compute initial stop until 0
current timestep 4126
planning flow reduced
plan limit 766
compute initial stop until 0
current timestep 4130
planning flow reduced
plan limit 747
compute initial stop until 0
current timestep 4134
planning flow reduced
plan limit 746
compute initial stop until 0
current timestep 4139
planning flow reduced
plan limit 750
compute initial stop until 0
current timestep 4144
planning flow reduced
plan limit 776
compute initial stop until 0
current timestep 4148
planning flow reduced
plan limit 763
compute initial stop until 0
current timestep 4152
planning flow reduced
plan limit 778
compute initial stop until 0
current timestep 4156
planning flow reduced
plan limit 773
compute initial stop until 0
current timestep 4160
planning flow reduced
plan limit 756
compute initial stop until 0
current timestep 4164
planning flow reduced
plan limit 786
compute initial stop until 0
current timestep 4168
planning flow reduced
plan limit 778
compute initial stop until 0
current timestep 4172
planning flow reduced
plan limit 777
compute initial stop until 0
current timestep 4177
planning flow reduced
plan limit 783
compute initial stop until 0
current timestep 4181
planning flow reduced
plan limit 787
compute initial stop until 0
current timestep 4185
planning flow reduced
plan limit 765
compute initial stop until 0
current timestep 4189
planning flow reduced
plan limit 753
compute initial stop until 0
current timestep 4193
planning flow reduced
plan limit 748
compute initial stop until 0
current timestep 4197
planning flow reduced
plan limit 765
compute initial stop until 0
current timestep 4201
planning flow reduced
plan limit 771
compute initial stop until 0
current timestep 4205
planning flow reduced
plan limit 779
compute initial stop until 0
current timestep 4209
planning flow reduced
plan limit 779
compute initial stop until 0
current timestep 4213
planning flow reduced
plan limit 784
compute initial stop until 0
current timestep 4217
planning flow reduced
plan limit 783
compute initial stop until 0
current timestep 4221
planning flow reduced
plan limit 765
compute initial stop until 0
current timestep 4225
planning flow reduced
plan limit 748
compute initial stop until 0
current timestep 4229
planning flow reduced
plan limit 789
compute initial stop until 0
current timestep 4234
planning flow reduced
plan limit 792
compute initial stop until 0
current timestep 4239
planning flow reduced
plan limit 790
compute initial stop until 0
current timestep 4243
planning flow reduced
plan limit 763
compute initial stop until 0
current timestep 4247
planning flow reduced
plan limit 786
compute initial stop until 0
current timestep 4252
planning flow reduced
plan limit 776
compute initial stop until 0
current timestep 4256
planning flow reduced
plan limit 783
compute initial stop until 0
current timestep 4260
planning flow reduced
plan limit 785
compute initial stop until 0
current timestep 4265
planning flow reduced
plan limit 768
compute initial stop until 0
current timestep 4270
planning flow reduced
plan limit 785
compute initial stop until 0
current timestep 4274
planning flow reduced
plan limit 766
compute initial stop until 0
current timestep 4278
planning flow reduced
plan limit 787
compute initial stop until 0
current timestep 4282
planning flow reduced
plan limit 784
compute initial stop until 0
current timestep 4286
planning flow reduced
plan limit 768
compute initial stop until 0
current timestep 4290
planning flow reduced
plan limit 784
compute initial stop until 0
current timestep 4294
planning flow reduced
plan limit 790
compute initial stop until 0
current timestep 4299
planning flow reduced
plan limit 782
compute initial stop until 0
current timestep 4303
planning flow reduced
plan limit 773
compute initial stop until 0
current timestep 4307
planning flow reduced
plan limit 787
compute initial stop until 0
current timestep 4311
planning flow reduced
plan limit 792
compute initial stop until 0
current timestep 4315
planning flow reduced
plan limit 793
compute initial stop until 0
current timestep 4320
planning flow reduced
plan limit 792
compute initial stop until 0
current timestep 4324
planning flow reduced
plan limit 791
compute initial stop until 0
current timestep 4328
planning flow reduced
plan limit 770
compute initial stop until 0
current timestep 4332
planning flow reduced
plan limit 792
compute initial stop until 0
current timestep 4337
planning flow reduced
plan limit 762
compute initial stop until 0
current timestep 4342
planning flow reduced
plan limit 788
compute initial stop until 0
current timestep 4346
planning flow reduced
plan limit 775
compute initial stop until 0
current timestep 4350
planning flow reduced
plan limit 793
compute initial stop until 0
current timestep 4354
planning flow reduced
plan limit 792
compute initial stop until 0
current timestep 4359
planning flow reduced
plan limit 773
compute initial stop until 0
current timestep 4363
planning flow reduced
plan limit 769
compute initial stop until 0
current timestep 4367
planning flow reduced
plan limit 789
compute initial stop until 0
current timestep 4372
planning flow reduced
plan limit 793
compute initial stop until 0
current timestep 4377
planning flow reduced
plan limit 786
compute initial stop until 0
current timestep 4381
planning flow reduced
plan limit 795
compute initial stop until 0
current timestep 4386
planning flow reduced
plan limit 773
compute initial stop until 0
current timestep 4390
planning flow reduced
plan limit 794
compute initial stop until 0
current timestep 4394
planning flow reduced
plan limit 786
compute initial stop until 0
current timestep 4398
planning flow reduced
plan limit 792
compute initial stop until 0
current timestep 4403
planning flow reduced
plan limit 790
compute initial stop until 0
current timestep 4407
planning flow reduced
plan limit 790
compute initial stop until 0
current timestep 4411
planning flow reduced
plan limit 785
compute initial stop until 0
current timestep 4416
planning flow reduced
plan limit 791
compute initial stop until 0
current timestep 4420
planning flow reduced
plan limit 793
compute initial stop until 0
current timestep 4425
planning flow reduced
plan limit 797
compute initial stop until 0
current timestep 4429
planning flow reduced
plan limit 788
compute initial stop until 0
current timestep 4433
planning flow reduced
plan limit 784
compute initial stop until 0
current timestep 4437
planning flow reduced
plan limit 795
compute initial stop until 0
current timestep 4441
planning flow reduced
plan limit 784
compute initial stop until 0
current timestep 4445
planning flow reduced
plan limit 794
compute initial stop until 0
current timestep 4449
planning flow reduced
plan limit 788
compute initial stop until 0
current timestep 4453
planning flow reduced
plan limit 789
compute initial stop until 0
current timestep 4457
planning flow reduced
plan limit 791
compute initial stop until 0
current timestep 4461
planning flow reduced
plan limit 793
compute initial stop until 0
current timestep 4466
planning flow reduced
plan limit 787
compute initial stop until 0
current timestep 4470
planning flow reduced
plan limit 787
compute initial stop until 0
current timestep 4474
planning flow reduced
plan limit 798
compute initial stop until 0
current timestep 4479
planning flow reduced
plan limit 778
compute initial stop until 0
current timestep 4483
planning flow reduced
plan limit 796
compute initial stop until 0
current timestep 4487
planning flow reduced
plan limit 772
compute initial stop until 0
current timestep 4491
planning flow reduced
plan limit 792
compute initial stop until 0
current timestep 4495
planning flow reduced
plan limit 772
compute initial stop until 0
current timestep 4499
planning flow reduced
plan limit 790
compute initial stop until 0
current timestep 4503
planning flow reduced
plan limit 790
compute initial stop until 0
current timestep 4507
planning flow reduced
plan limit 796
compute initial stop until 0
current timestep 4512
planning flow reduced
plan limit 788
compute initial stop until 0
current timestep 4516
planning flow reduced
plan limit 793
compute initial stop until 0
current timestep 4520
planning flow reduced
plan limit 790
compute initial stop until 0
current timestep 4524
planning flow reduced
plan limit 792
compute initial stop until 0
current timestep 4529
planning flow reduced
plan limit 767
compute initial stop until 0
current timestep 4533
planning flow reduced
plan limit 793
compute initial stop until 0
current timestep 4538
planning flow reduced
plan limit 794
compute initial stop until 0
current timestep 4543
planning flow reduced
plan limit 768
compute initial stop until 0
current timestep 4548
planning flow reduced
plan limit 793
compute initial stop until 0
current timestep 4553
planning flow reduced
plan limit 790
compute initial stop until 0
current timestep 4558
planning flow reduced
plan limit 792
compute initial stop until 0
current timestep 4563
planning flow reduced
plan limit 784
compute initial stop until 0
current timestep 4567
planning flow reduced
plan limit 780
compute initial stop until 0
current timestep 4571
planning flow reduced
plan limit 782
compute initial stop until 0
current timestep 4576
planning flow reduced
plan limit 784
compute initial stop until 0
current timestep 4580
planning flow reduced
plan limit 795
compute initial stop until 0
current timestep 4587
planning flow reduced
plan limit 791
compute initial stop until 0
current timestep 4592
planning flow reduced
plan limit 793
compute initial stop until 0
current timestep 4597
planning flow reduced
plan limit 787
compute initial stop until 0
current timestep 4601
planning flow reduced
plan limit 793
compute initial stop until 0
current timestep 4606
planning flow reduced
plan limit 785
compute initial stop until 0
current timestep 4613
planning flow reduced
plan limit 753
compute initial stop until 0
current timestep 4617
planning flow reduced
plan limit 737
compute initial stop until 0
current timestep 4624
planning flow reduced
plan limit 778
compute initial stop until 0
current timestep 4628
planning flow reduced
plan limit 783
compute initial stop until 0
current timestep 4632
planning flow reduced
plan limit 743
compute initial stop until 0
current timestep 4638
planning flow reduced
plan limit 780
compute initial stop until 0
current timestep 4642
planning flow reduced
plan limit 741
compute initial stop until 0
current timestep 4649
planning flow reduced
plan limit 767
compute initial stop until 0
current timestep 4654
planning flow reduced
plan limit 777
compute initial stop until 0
current timestep 4658
planning flow reduced
plan limit 754
compute initial stop until 0
current timestep 4662
planning flow reduced
plan limit 774
compute initial stop until 0
current timestep 4666
planning flow reduced
plan limit 789
compute initial stop until 0
current timestep 4670
planning flow reduced
plan limit 753
compute initial stop until 0
current timestep 4674
planning flow reduced
plan limit 743
compute initial stop until 0
current timestep 4678
planning flow reduced
plan limit 778
compute initial stop until 0
current timestep 4682
planning flow reduced
plan limit 785
compute initial stop until 0
current timestep 4686
planning flow reduced
plan limit 783
compute initial stop until 0
current timestep 4690
planning flow reduced
plan limit 779
compute initial stop until 0
current timestep 4694
planning flow reduced
plan limit 778
compute initial stop until 0
current timestep 4698
planning flow reduced
plan limit 779
compute initial stop until 0
current timestep 4702
planning flow reduced
plan limit 793
compute initial stop until 0
current timestep 4706
planning flow reduced
plan limit 783
compute initial stop until 0
current timestep 4710
planning flow reduced
plan limit 759
compute initial stop until 0
current timestep 4714
planning flow reduced
plan limit 763
compute initial stop until 0
current timestep 4718
planning flow reduced
plan limit 757
compute initial stop until 0
current timestep 4722
planning flow reduced
plan limit 770
compute initial stop until 0
current timestep 4727
planning flow reduced
plan limit 762
compute initial stop until 0
current timestep 4731
planning flow reduced
plan limit 753
compute initial stop until 0
current timestep 4736
planning flow reduced
plan limit 710
compute initial stop until 0
current timestep 4742
planning flow reduced
plan limit 756
compute initial stop until 0
current timestep 4748
planning flow reduced
plan limit 748
compute initial stop until 0
current timestep 4754
planning flow reduced
plan limit 750
compute initial stop until 0
current timestep 4759
planning flow reduced
plan limit 736
compute initial stop until 0
current timestep 4764
planning flow reduced
plan limit 769
compute initial stop until 0
current timestep 4768
planning flow reduced
plan limit 760
compute initial stop until 0
current timestep 4772
planning flow reduced
plan limit 747
compute initial stop until 0
current timestep 4776
planning flow reduced
plan limit 744
compute initial stop until 0
current timestep 4780
planning flow reduced
plan limit 756
compute initial stop until 0
current timestep 4784
planning flow reduced
plan limit 743
compute initial stop until 0
current timestep 4788
planning flow reduced
plan limit 764
compute initial stop until 0
current timestep 4791
planning flow reduced
plan limit 761
compute initial stop until 0
current timestep 4795
planning flow reduced
plan limit 752
compute initial stop until 0
current timestep 4799
planning flow reduced
plan limit 783
compute initial stop until 0
current timestep 4803
planning flow reduced
plan limit 766
compute initial stop until 0
current timestep 4807
planning flow reduced
plan limit 775
compute initial stop until 0
current timestep 4811
planning flow reduced
plan limit 776
compute initial stop until 0
current timestep 4815
planning flow reduced
plan limit 781
compute initial stop until 0
current timestep 4819
planning flow reduced
plan limit 782
compute initial stop until 0
current timestep 4823
planning flow reduced
plan limit 785
compute initial stop until 0
current timestep 4827
planning flow reduced
plan limit 764
compute initial stop until 0
current timestep 4831
planning flow reduced
plan limit 785
compute initial stop until 0
current timestep 4835
planning flow reduced
plan limit 789
compute initial stop until 0
current timestep 4840
planning flow reduced
plan limit 783
compute initial stop until 0
current timestep 4844
planning flow reduced
plan limit 788
compute initial stop until 0
current timestep 4848
planning flow reduced
plan limit 785
compute initial stop until 0
current timestep 4852
planning flow reduced
plan limit 773
compute initial stop until 0
current timestep 4856
planning flow reduced
plan limit 764
compute initial stop until 0
current timestep 4860
planning flow reduced
plan limit 788
compute initial stop until 0
current timestep 4864
planning flow reduced
plan limit 788
compute initial stop until 0
current timestep 4868
planning flow reduced
plan limit 790
compute initial stop until 0
current timestep 4872
planning flow reduced
plan limit 791
compute initial stop until 0
current timestep 4876
planning flow reduced
plan limit 787
compute initial stop until 0
current timestep 4880
planning flow reduced
plan limit 793
compute initial stop until 0
current timestep 4884
planning flow reduced
plan limit 787
compute initial stop until 0
current timestep 4888
planning flow reduced
plan limit 789
compute initial stop until 0
current timestep 4892
planning flow reduced
plan limit 790
compute initial stop until 0
current timestep 4896
planning flow reduced
plan limit 787
compute initial stop until 0
current timestep 4900
planning flow reduced
plan limit 773
compute initial stop until 0
current timestep 4904
planning flow reduced
plan limit 785
compute initial stop until 0
current timestep 4908
planning flow reduced
plan limit 787
compute initial stop until 0
current timestep 4912
planning flow reduced
plan limit 769
compute initial stop until 0
current timestep 4916
planning flow reduced
plan limit 788
compute initial stop until 0
current timestep 4920
planning flow reduced
plan limit 787
compute initial stop until 0
current timestep 4924
planning flow reduced
plan limit 771
compute initial stop until 0
current timestep 4928
planning flow reduced
plan limit 789
compute initial stop until 0
current timestep 4932
planning flow reduced
plan limit 784
compute initial stop until 0
current timestep 4936
planning flow reduced
plan limit 791
compute initial stop until 0
current timestep 4940
planning flow reduced
plan limit 784
compute initial stop until 0
current timestep 4944
planning flow reduced
plan limit 788
compute initial stop until 0
current timestep 4948
planning flow reduced
plan limit 787
compute initial stop until 0
current timestep 4952
planning flow reduced
plan limit 767
compute initial stop until 0
current timestep 4956
planning flow reduced
plan limit 798
compute initial stop until 0
current timestep 4961
planning flow reduced
plan limit 786
compute initial stop until 0
current timestep 4965
planning flow reduced
plan limit 773
compute initial stop until 0
current timestep 4969
planning flow reduced
plan limit 788
compute initial stop until 0
current timestep 4973
planning flow reduced
plan limit 764
compute initial stop until 0
current timestep 4977
planning flow reduced
plan limit 785
compute initial stop until 0
current timestep 4981
planning flow reduced
plan limit 760
compute initial stop until 0
current timestep 4985
planning flow reduced
plan limit 791
compute initial stop until 0
current timestep 4989
planning flow reduced
plan limit 784
compute initial stop until 0
current timestep 4993
planning flow reduced
plan limit 771
compute initial stop until 0
current timestep 4997
planning flow reduced
plan limit 785
compute initial stop until 0
current timestep 5001
planning flow reduced
plan limit 787
compute initial stop until 0
current timestep 5005
planning flow reduced
plan limit 786
compute initial stop until 0
current timestep 5009
planning flow reduced
plan limit 769
compute initial stop until 0
current timestep 5013
planning flow reduced
plan limit 785
compute initial stop until 0
current timestep 5017
planning flow reduced
plan limit 786
compute initial stop until 0
current timestep 5021
planning flow reduced
plan limit 786
compute initial stop until 0
current timestep 5025
planning flow reduced
plan limit 790
compute initial stop until 0
current timestep 5029
planning flow reduced
plan limit 776
compute initial stop until 0
current timestep 5033
planning flow reduced
plan limit 788
compute initial stop until 0
current timestep 5037
planning flow reduced
plan limit 766
compute initial stop until 0
current timestep 5041
planning flow reduced
plan limit 788
compute initial stop until 0
current timestep 5045
planning flow reduced
plan limit 787
compute initial stop until 0
current timestep 5049
planning flow reduced
plan limit 788
compute initial stop until 0
current timestep 5053
planning flow reduced
plan limit 788
compute initial stop until 0
current timestep 5056
planning flow reduced
plan limit 789
compute initial stop until 0
current timestep 5061
planning flow reduced
plan limit 782
compute initial stop until 0
current timestep 5065
planning flow reduced
plan limit 785
compute initial stop until 0
current timestep 5069
planning flow reduced
plan limit 782
compute initial stop until 0
current timestep 5073
planning flow reduced
plan limit 787
compute initial stop until 0
current timestep 5077
planning flow reduced
plan limit 785
compute initial stop until 0
current timestep 5081
planning flow reduced
plan limit 788
compute initial stop until 0
current timestep 5085
planning flow reduced
plan limit 762
compute initial stop until 0
current timestep 5089
planning flow reduced
plan limit 787
compute initial stop until 0
current timestep 5093
planning flow reduced
plan limit 780
compute initial stop until 0
current timestep 5097
planning flow reduced
plan limit 782
compute initial stop until 0
current timestep 5101
planning flow reduced
plan limit 785
compute initial stop until 0
current timestep 5105
planning flow reduced
plan limit 786
compute initial stop until 0
current timestep 5109
planning flow reduced
plan limit 785
compute initial stop until 0
current timestep 5113
planning flow reduced
plan limit 787
compute initial stop until 0
current timestep 5117
planning flow reduced
plan limit 781
compute initial stop until 0
current timestep 5121
planning flow reduced
plan limit 789
compute initial stop until 0
current timestep 5125
planning flow reduced
plan limit 753
compute initial stop until 0
current timestep 5129
planning flow reduced
plan limit 785
compute initial stop until 0
current timestep 5133
planning flow reduced
plan limit 765
compute initial stop until 0
current timestep 5137
planning flow reduced
plan limit 777
compute initial stop until 0
current timestep 5141
planning flow reduced
plan limit 784
compute initial stop until 0
current timestep 5145
planning flow reduced
plan limit 780
compute initial stop until 0
current timestep 5149
planning flow reduced
plan limit 779
compute initial stop until 0
current timestep 5153
planning flow reduced
plan limit 784
compute initial stop until 0
current timestep 5157
planning flow reduced
plan limit 787
compute initial stop until 0
current timestep 5160
planning flow reduced
plan limit 783
compute initial stop until 0
current timestep 5164
planning flow reduced
plan limit 757
compute initial stop until 0
current timestep 5168
planning flow reduced
plan limit 778
compute initial stop until 0
current timestep 5172
planning flow reduced
plan limit 780
compute initial stop until 0
current timestep 5176
planning flow reduced
plan limit 780
compute initial stop until 0
current timestep 5180
planning flow reduced
plan limit 789
compute initial stop until 0
current timestep 5184
planning flow reduced
plan limit 776
compute initial stop until 0
current timestep 5188
planning flow reduced
plan limit 765
compute initial stop until 0
current timestep 5192
planning flow reduced
plan limit 776
compute initial stop until 0
current timestep 5196
planning flow reduced
plan limit 766
compute initial stop until 0
current timestep 5200
planning flow reduced
plan limit 777
compute initial stop until 0
current timestep 5204
planning flow reduced
plan limit 775
compute initial stop until 0
current timestep 5208
planning flow reduced
plan limit 795
compute initial stop until 0
current timestep 5212
planning flow reduced
plan limit 785
compute initial stop until 0
current timestep 5215
planning flow reduced
plan limit 787
compute initial stop until 0
current timestep 5219
planning flow reduced
plan limit 758
compute initial stop until 0
current timestep 5223
planning flow reduced
plan limit 765
compute initial stop until 0
current timestep 5227
planning flow reduced
plan limit 769
compute initial stop until 0
current timestep 5230
planning flow reduced
plan limit 771
compute initial stop until 0
current timestep 5234
planning flow reduced
plan limit 763
compute initial stop until 0
current timestep 5238
planning flow reduced
plan limit 780
compute initial stop until 0
current timestep 5242
planning flow reduced
plan limit 773
compute initial stop until 0
current timestep 5246
planning flow reduced
plan limit 780
compute initial stop until 0
current timestep 5250
planning flow reduced
plan limit 773
compute initial stop until 0
current timestep 5254
planning flow reduced
plan limit 776
compute initial stop until 0
current timestep 5258
planning flow reduced
plan limit 775
compute initial stop until 0
current timestep 5262
planning flow reduced
plan limit 772
compute initial stop until 0
current timestep 5266
planning flow reduced
plan limit 773
compute initial stop until 0
current timestep 5269
planning flow reduced
plan limit 749
compute initial stop until 0
current timestep 5274
planning flow reduced
plan limit 761
compute initial stop until 0
current timestep 5278
planning flow reduced
plan limit 730
compute initial stop until 0
current timestep 5284
planning flow reduced
plan limit 760
compute initial stop until 0
current timestep 5289
planning flow reduced
plan limit 753
compute initial stop until 0
current timestep 5293
planning flow reduced
plan limit 771
compute initial stop until 0
current timestep 5297
planning flow reduced
plan limit 768
compute initial stop until 0
current timestep 5301
planning flow reduced
plan limit 771
compute initial stop until 0
current timestep 5304
planning flow reduced
plan limit 769
compute initial stop until 0
current timestep 5308
planning flow reduced
plan limit 780
compute initial stop until 0
current timestep 5311
planning flow reduced
plan limit 730
compute initial stop until 0
current timestep 5316
planning flow reduced
plan limit 751
compute initial stop until 0
current timestep 5319
planning flow reduced
plan limit 750
compute initial stop until 0
current timestep 5323
planning flow reduced
plan limit 800
compute initial stop until 0
current timestep 5327
planning flow reduced
plan limit 764
compute initial stop until 0
current timestep 5330
planning flow reduced
plan limit 796
compute initial stop until 0
current timestep 5334
planning flow reduced
plan limit 789
compute initial stop until 0
current timestep 5338
planning flow reduced
plan limit 795
compute initial stop until 0
current timestep 5342
planning flow reduced
plan limit 798
compute initial stop until 0
current timestep 5346
planning flow reduced
plan limit 796
compute initial stop until 0
current timestep 5350
planning flow reduced
plan limit 776
compute initial stop until 0
current timestep 5354
planning flow reduced
plan limit 795
compute initial stop until 0
current timestep 5358
planning flow reduced
plan limit 795
compute initial stop until 0
current timestep 5362
planning flow reduced
plan limit 775
compute initial stop until 0
current timestep 5366
planning flow reduced
plan limit 794
compute initial stop until 0
current timestep 5370
planning flow reduced
plan limit 793
compute initial stop until 0
current timestep 5374
planning flow reduced
plan limit 796
compute initial stop until 0
current timestep 5377
planning flow reduced
plan limit 795
compute initial stop until 0
current timestep 5380
planning flow reduced
plan limit 795
compute initial stop until 0
current timestep 5383
planning flow reduced
plan limit 794
compute initial stop until 0
current timestep 5386
planning flow reduced
plan limit 795
compute initial stop until 0
current timestep 5389
planning flow reduced
plan limit 776
compute initial stop until 0
current timestep 5392
planning flow reduced
plan limit 778
compute initial stop until 0
current timestep 5396
planning flow reduced
plan limit 791
compute initial stop until 0
current timestep 5400
planning flow reduced
plan limit 788
compute initial stop until 0
current timestep 5404
planning flow reduced
plan limit 771
compute initial stop until 0
current timestep 5407
planning flow reduced
plan limit 781
compute initial stop until 0
current timestep 5411
planning flow reduced
plan limit 779
compute initial stop until 0
current timestep 5415
planning flow reduced
plan limit 758
compute initial stop until 0
current timestep 5418
planning flow reduced
plan limit 789
compute initial stop until 0
current timestep 5422
planning flow reduced
plan limit 762
compute initial stop until 0
current timestep 5425
planning flow reduced
plan limit 790
compute initial stop until 0
current timestep 5430
planning flow reduced
plan limit 767
compute initial stop until 0
current timestep 5434
planning flow reduced
plan limit 771
compute initial stop until 0
current timestep 5438
planning flow reduced
plan limit 766
compute initial stop until 0
current timestep 5442
planning flow reduced
plan limit 794
compute initial stop until 0
current timestep 5446
planning flow reduced
plan limit 766
compute initial stop until 0
current timestep 5449
planning flow reduced
plan limit 791
compute initial stop until 0
current timestep 5453
planning flow reduced
plan limit 791
compute initial stop until 0
current timestep 5457
planning flow reduced
plan limit 791
compute initial stop until 0
current timestep 5461
planning flow reduced
plan limit 796
compute initial stop until 0
current timestep 5466
planning flow reduced
plan limit 787
compute initial stop until 0
current timestep 5469
planning flow reduced
plan limit 789
compute initial stop until 0
current timestep 5473
planning flow reduced
plan limit 787
compute initial stop until 0
current timestep 5477
planning flow reduced
plan limit 788
compute initial stop until 0
current timestep 5481
planning flow reduced
plan limit 783
compute initial stop until 0
current timestep 5485
planning flow reduced
plan limit 770
compute initial stop until 0
current timestep 5489
planning flow reduced
plan limit 783
compute initial stop until 0
current timestep 5493
planning flow reduced
plan limit 767
compute initial stop until 0
current timestep 5497
planning flow reduced
plan limit 789
compute initial stop until 0
current timestep 5501
planning flow reduced
plan limit 772
compute initial stop until 0
current timestep 5505
planning flow reduced
plan limit 790
compute initial stop until 0
current timestep 5509
planning flow reduced
plan limit 799
compute initial stop until 0
current timestep 5513
planning flow reduced
plan limit 789
compute initial stop until 0
current timestep 5517
planning flow reduced
plan limit 790
compute initial stop until 0
current timestep 5521
planning flow reduced
plan limit 791
compute initial stop until 0
current timestep 5525
planning flow reduced
plan limit 793
compute initial stop until 0
current timestep 5529
planning flow reduced
plan limit 786
compute initial stop until 0
current timestep 5533
planning flow reduced
plan limit 788
compute initial stop until 0
current timestep 5537
planning flow reduced
plan limit 762
compute initial stop until 0
current timestep 5540
planning flow reduced
plan limit 790
compute initial stop until 0
current timestep 5544
planning flow reduced
plan limit 789
compute initial stop until 0
current timestep 5548
planning flow reduced
plan limit 766
compute initial stop until 0
current timestep 5551
planning flow reduced
plan limit 776
compute initial stop until 0
current timestep 5555
planning flow reduced
plan limit 793
compute initial stop until 0
current timestep 5559
planning flow reduced
plan limit 790
compute initial stop until 0
current timestep 5562
planning flow reduced
plan limit 783
compute initial stop until 0
current timestep 5565
planning flow reduced
plan limit 785
compute initial stop until 0
current timestep 5569
planning flow reduced
plan limit 771
compute initial stop until 0
current timestep 5572
planning flow reduced
plan limit 781
compute initial stop until 0
current timestep 5575
planning flow reduced
plan limit 796
compute initial stop until 0
current timestep 5579
planning flow reduced
plan limit 792
compute initial stop until 0
current timestep 5583
planning flow reduced
plan limit 793
compute initial stop until 0
current timestep 5587
planning flow reduced
plan limit 786
compute initial stop until 0
current timestep 5591
planning flow reduced
plan limit 773
compute initial stop until 0
current timestep 5595
planning flow reduced
plan limit 770
compute initial stop until 0
current timestep 5598
planning flow reduced
plan limit 792
compute initial stop until 0
current timestep 5603
planning flow reduced
plan limit 786
compute initial stop until 0
current timestep 5607
planning flow reduced
plan limit 787
compute initial stop until 0
current timestep 5611
planning flow reduced
plan limit 779
compute initial stop until 0
current timestep 5614
planning flow reduced
plan limit 765
compute initial stop until 0
current timestep 5618
planning flow reduced
plan limit 779
compute initial stop until 0
current timestep 5622
planning flow reduced
plan limit 784
compute initial stop until 0
current timestep 5626
planning flow reduced
plan limit 782
compute initial stop until 0
current timestep 5630
planning flow reduced
plan limit 783
compute initial stop until 0
current timestep 5633
planning flow reduced
plan limit 775
compute initial stop until 0
current timestep 5636
planning flow reduced
plan limit 782
compute initial stop until 0
current timestep 5639
planning flow reduced
plan limit 779
compute initial stop until 0
current timestep 5643
planning flow reduced
plan limit 797
compute initial stop until 0
current timestep 5648
planning flow reduced
plan limit 787
compute initial stop until 0
current timestep 5652
planning flow reduced
plan limit 780
compute initial stop until 0
current timestep 5656
planning flow reduced
plan limit 788
compute initial stop until 0
current timestep 5660
planning flow reduced
plan limit 756
compute initial stop until 0
current timestep 5663
planning flow reduced
plan limit 790
compute initial stop until 0
current timestep 5668
planning flow reduced
plan limit 781
compute initial stop until 0
current timestep 5672
planning flow reduced
plan limit 790
compute initial stop until 0
current timestep 5677
planning flow reduced
plan limit 784
compute initial stop until 0
current timestep 5681
planning flow reduced
plan limit 789
compute initial stop until 0
current timestep 5686
planning flow reduced
plan limit 776
compute initial stop until 0
current timestep 5690
planning flow reduced
plan limit 782
compute initial stop until 0
current timestep 5694
planning flow reduced
plan limit 776
compute initial stop until 0
current timestep 5698
planning flow reduced
plan limit 786
compute initial stop until 0
current timestep 5702
planning flow reduced
plan limit 788
compute initial stop until 0
current timestep 5706
planning flow reduced
plan limit 785
compute initial stop until 0
current timestep 5710
planning flow reduced
plan limit 799
compute initial stop until 0
current timestep 5714
planning flow reduced
plan limit 782
compute initial stop until 0
current timestep 5718
planning flow reduced
plan limit 784
compute initial stop until 0
current timestep 5722
planning flow reduced
plan limit 792
compute initial stop until 0
current timestep 5727
planning flow reduced
plan limit 785
compute initial stop until 0
current timestep 5731
planning flow reduced
plan limit 795
compute initial stop until 0
current timestep 5735
planning flow reduced
plan limit 785
compute initial stop until 0
current timestep 5739
planning flow reduced
plan limit 785
compute initial stop until 0
current timestep 5743
planning flow reduced
plan limit 787
compute initial stop until 0
current timestep 5747
planning flow reduced
plan limit 784
compute initial stop until 0
current timestep 5751
planning flow reduced
plan limit 787
compute initial stop until 0
current timestep 5754
planning flow reduced
plan limit 776
compute initial stop until 0
current timestep 5757
planning flow reduced
plan limit 780
compute initial stop until 0
current timestep 5760
planning flow reduced
plan limit 784
compute initial stop until 0
current timestep 5763
planning flow reduced
plan limit 776
compute initial stop until 0
current timestep 5767
planning flow reduced
plan limit 746
compute initial stop until 0
current timestep 5771
planning flow reduced
plan limit 792
compute initial stop until 0
current timestep 5775
planning flow reduced
plan limit 789
compute initial stop until 0
current timestep 5779
planning flow reduced
plan limit 774
compute initial stop until 0
current timestep 5782
planning flow reduced
plan limit 761
compute initial stop until 0
current timestep 5786
planning flow reduced
plan limit 782
compute initial stop until 0
current timestep 5790
planning flow reduced
plan limit 786
compute initial stop until 0
current timestep 5794
planning flow reduced
plan limit 783
compute initial stop until 0
current timestep 5798
planning flow reduced
plan limit 780
compute initial stop until 0
current timestep 5801
planning flow reduced
plan limit 773
compute initial stop until 0
current timestep 5805
planning flow reduced
plan limit 764
compute initial stop until 0
current timestep 5808
planning flow reduced
plan limit 768
compute initial stop until 0
current timestep 5811
planning flow reduced
plan limit 799
compute initial stop until 0
current timestep 5816
planning flow reduced
plan limit 783
compute initial stop until 0
current timestep 5819
planning flow reduced
plan limit 787
compute initial stop until 0
current timestep 5824
planning flow reduced
plan limit 780
compute initial stop until 0
current timestep 5828
planning flow reduced
plan limit 787
compute initial stop until 0
current timestep 5833
planning flow reduced
plan limit 763
compute initial stop until 0
current timestep 5836
planning flow reduced
plan limit 787
compute initial stop until 0
current timestep 5841
planning flow reduced
plan limit 784
compute initial stop until 0
current timestep 5845
planning flow reduced
plan limit 770
compute initial stop until 0
current timestep 5848
planning flow reduced
plan limit 778
compute initial stop until 0
current timestep 5852
planning flow reduced
plan limit 776
compute initial stop until 0
current timestep 5856
planning flow reduced
plan limit 787
compute initial stop until 0
current timestep 5860
planning flow reduced
plan limit 790
compute initial stop until 0
current timestep 5865
planning flow reduced
plan limit 788
compute initial stop until 0
current timestep 5869
planning flow reduced
plan limit 767
compute initial stop until 0
current timestep 5873
planning flow reduced
plan limit 784
compute initial stop until 0
current timestep 5877
planning flow reduced
plan limit 784
compute initial stop until 0
current timestep 5882
planning flow reduced
plan limit 791
compute initial stop until 0
current timestep 5886
planning flow reduced
plan limit 784
compute initial stop until 0
current timestep 5890
planning flow reduced
plan limit 793
compute initial stop until 0
current timestep 5894
planning flow reduced
plan limit 786
compute initial stop until 0
current timestep 5898
planning flow reduced
plan limit 792
compute initial stop until 0
current timestep 5903
planning flow reduced
plan limit 784
compute initial stop until 0
current timestep 5907
planning flow reduced
plan limit 786
compute initial stop until 0
current timestep 5912
planning flow reduced
plan limit 762
compute initial stop until 0
current timestep 5915
planning flow reduced
plan limit 786
compute initial stop until 0
current timestep 5919
planning flow reduced
plan limit 789
compute initial stop until 0
current timestep 5923
planning flow reduced
plan limit 761
compute initial stop until 0
current timestep 5927
planning flow reduced
plan limit 787
compute initial stop until 0
current timestep 5931
planning flow reduced
plan limit 788
compute initial stop until 0
current timestep 5936
planning flow reduced
plan limit 776
compute initial stop until 0
current timestep 5940
planning flow reduced
plan limit 787
compute initial stop until 0
current timestep 5945
planning flow reduced
plan limit 785
compute initial stop until 0
current timestep 5948
planning flow reduced
plan limit 782
compute initial stop until 0
current timestep 5952
planning flow reduced
plan limit 792
compute initial stop until 0
current timestep 5956
planning flow reduced
plan limit 765
compute initial stop until 0
current timestep 5959
planning flow reduced
plan limit 785
compute initial stop until 0
current timestep 5963
planning flow reduced
plan limit 783
compute initial stop until 0
current timestep 5966
planning flow reduced
plan limit 791
compute initial stop until 0
current timestep 5970
planning flow reduced
plan limit 782
compute initial stop until 0
current timestep 5973
planning flow reduced
plan limit 792
compute initial stop until 0
current timestep 5976
planning flow reduced
plan limit 762
compute initial stop until 0
current timestep 5979
planning flow reduced
plan limit 788
compute initial stop until 0
current timestep 5983
planning flow reduced
plan limit 789
compute initial stop until 0
current timestep 5988
planning flow reduced
plan limit 789
compute initial stop until 0
current timestep 5991
planning flow reduced
plan limit 789
compute initial stop until 0
current timestep 5996
planning flow reduced
plan limit 787
compute initial stop until 0
current timestep 5999
planning flow reduced
plan limit 759
compute initial stop until 0
current timestep 6003
planning flow reduced
plan limit 787
compute initial stop until 0
current timestep 6006
planning flow reduced
plan limit 766
compute initial stop until 0
current timestep 6009
planning flow reduced
plan limit 790
compute initial stop until 0
current timestep 6012
planning flow reduced
plan limit 792
compute initial stop until 0
current timestep 6016
planning flow reduced
plan limit 785
compute initial stop until 0
current timestep 6021
planning flow reduced
plan limit 790
compute initial stop until 0
current timestep 6024
planning flow reduced
plan limit 781
compute initial stop until 0
current timestep 6028
planning flow reduced
plan limit 786
compute initial stop until 0
current timestep 6033
planning flow reduced
plan limit 788
compute initial stop until 0
current timestep 6037
planning flow reduced
plan limit 789
compute initial stop until 0
current timestep 6042
planning flow reduced
plan limit 785
compute initial stop until 0
current timestep 6046
planning flow reduced
plan limit 761
compute initial stop until 0
current timestep 6049
planning flow reduced
plan limit 778
compute initial stop until 0
current timestep 6052
planning flow reduced
plan limit 764
compute initial stop until 0
current timestep 6055
planning flow reduced
plan limit 770
compute initial stop until 0
current timestep 6058
planning flow reduced
plan limit 767
compute initial stop until 0
current timestep 6061
planning flow reduced
plan limit 774
compute initial stop until 0
current timestep 6065
planning flow reduced
plan limit 761
compute initial stop until 0
current timestep 6068
planning flow reduced
plan limit 766
compute initial stop until 0
current timestep 6072
planning flow reduced
plan limit 773
compute initial stop until 0
current timestep 6076
planning flow reduced
plan limit 772
compute initial stop until 0
current timestep 6080
planning flow reduced
plan limit 777
compute initial stop until 0
current timestep 6084
planning flow reduced
plan limit 761
compute initial stop until 0
current timestep 6087
planning flow reduced
plan limit 774
compute initial stop until 0
current timestep 6091
planning flow reduced
plan limit 787
compute initial stop until 0
current timestep 6095
planning flow reduced
plan limit 787
compute initial stop until 0
current timestep 6100
planning flow reduced
plan limit 782
compute initial stop until 0
current timestep 6104
planning flow reduced
plan limit 789
compute initial stop until 0
current timestep 6109
planning flow reduced
plan limit 787
compute initial stop until 0
current timestep 6114
planning flow reduced
plan limit 790
compute initial stop until 0
current timestep 6119
planning flow reduced
plan limit 784
compute initial stop until 0
current timestep 6124
planning flow reduced
plan limit 762
compute initial stop until 0
current timestep 6127
planning flow reduced
plan limit 779
compute initial stop until 0
current timestep 6130
planning flow reduced
plan limit 786
compute initial stop until 0
current timestep 6135
planning flow reduced
plan limit 788
compute initial stop until 0
current timestep 6138
planning flow reduced
plan limit 789
compute initial stop until 0
current timestep 6143
planning flow reduced
plan limit 772
compute initial stop until 0
current timestep 6146
planning flow reduced
plan limit 792
compute initial stop until 0
current timestep 6151
planning flow reduced
plan limit 788
compute initial stop until 0
current timestep 6154
planning flow reduced
plan limit 790
compute initial stop until 0
current timestep 6159
planning flow reduced
plan limit 786
compute initial stop until 0
current timestep 6164
planning flow reduced
plan limit 790
compute initial stop until 0
current timestep 6169
planning flow reduced
plan limit 788
compute initial stop until 0
current timestep 6174
planning flow reduced
plan limit 794
compute initial stop until 0
current timestep 6179
planning flow reduced
plan limit 785
compute initial stop until 0
current timestep 6183
planning flow reduced
plan limit 792
compute initial stop until 0
current timestep 6188
planning flow reduced
plan limit 789
compute initial stop until 0
current timestep 6193
planning flow reduced
plan limit 793
compute initial stop until 0
current timestep 6198
planning flow reduced
plan limit 786
compute initial stop until 0
current timestep 6202
planning flow reduced
plan limit 793
compute initial stop until 0
current timestep 6207
planning flow reduced
plan limit 789
compute initial stop until 0
current timestep 6210
planning flow reduced
plan limit 791
compute initial stop until 0
current timestep 6215
planning flow reduced
plan limit 791
compute initial stop until 0
current timestep 6220
planning flow reduced
plan limit 791
compute initial stop until 0
current timestep 6225
planning flow reduced
plan limit 792
compute initial stop until 0
current timestep 6230
planning flow reduced
plan limit 792
compute initial stop until 0
current timestep 6235
planning flow reduced
plan limit 791
compute initial stop until 0
current timestep 6240
planning flow reduced
plan limit 794
compute initial stop until 0
current timestep 6245
planning flow reduced
plan limit 790
compute initial stop until 0
current timestep 6250
planning flow reduced
plan limit 791
compute initial stop until 0
current timestep 6255
planning flow reduced
plan limit 788
compute initial stop until 0
current timestep 6259
planning flow reduced
plan limit 788
compute initial stop until 0
current timestep 6264
planning flow reduced
plan limit 787
compute initial stop until 0
current timestep 6268
planning flow reduced
plan limit 793
compute initial stop until 0
current timestep 6273
planning flow reduced
plan limit 787
compute initial stop until 0
current timestep 6278
planning flow reduced
plan limit 788
compute initial stop until 0
current timestep 6283
planning flow reduced
plan limit 788
compute initial stop until 0
current timestep 6288
planning flow reduced
plan limit 793
compute initial stop until 0
current timestep 6293
planning flow reduced
plan limit 784
compute initial stop until 0
current timestep 6297
planning flow reduced
plan limit 790
compute initial stop until 0
current timestep 6302
planning flow reduced
plan limit 783
compute initial stop until 0
current timestep 6307
planning flow reduced
plan limit 789
compute initial stop until 0
current timestep 6312
planning flow reduced
plan limit 786
compute initial stop until 0
current timestep 6316
planning flow reduced
plan limit 786
compute initial stop until 0
current timestep 6320
planning flow reduced
plan limit 791
compute initial stop until 0
current timestep 6323
planning flow reduced
plan limit 786
compute initial stop until 0
current timestep 6326
planning flow reduced
plan limit 794
compute initial stop until 0
current timestep 6331
planning flow reduced
plan limit 792
compute initial stop until 0
current timestep 6336
planning flow reduced
plan limit 789
compute initial stop until 0
current timestep 6341
planning flow reduced
plan limit 785
compute initial stop until 0
current timestep 6345
planning flow reduced
plan limit 793
compute initial stop until 0
current timestep 6350
planning flow reduced
plan limit 785
compute initial stop until 0
current timestep 6354
planning flow reduced
plan limit 788
compute initial stop until 0
current timestep 6358
planning flow reduced
plan limit 783
compute initial stop until 0
current timestep 6362
planning flow reduced
plan limit 788
compute initial stop until 0
current timestep 6366
planning flow reduced
plan limit 788
compute initial stop until 0
current timestep 6371
planning flow reduced
plan limit 786
compute initial stop until 0
current timestep 6376
planning flow reduced
plan limit 786
compute initial stop until 0
current timestep 6380
planning flow reduced
plan limit 789
compute initial stop until 0
current timestep 6384
planning flow reduced
plan limit 788
compute initial stop until 0
current timestep 6388
planning flow reduced
plan limit 782
compute initial stop until 0
current timestep 6392
planning flow reduced
plan limit 782
compute initial stop until 0
current timestep 6395
planning flow reduced
plan limit 783
compute initial stop until 0
current timestep 6399
planning flow reduced
plan limit 790
compute initial stop until 0
current timestep 6402
planning flow reduced
plan limit 754
compute initial stop until 0
current timestep 6405
planning flow reduced
plan limit 790
compute initial stop until 0
current timestep 6409
planning flow reduced
plan limit 789
compute initial stop until 0
current timestep 6414
planning flow reduced
plan limit 789
compute initial stop until 0
current timestep 6419
planning flow reduced
plan limit 771
compute initial stop until 0
current timestep 6423
planning flow reduced
plan limit 787
compute initial stop until 0
current timestep 6428
planning flow reduced
plan limit 770
compute initial stop until 0
current timestep 6432
planning flow reduced
plan limit 781
compute initial stop until 0
current timestep 6436
planning flow reduced
plan limit 784
compute initial stop until 0
current timestep 6440
planning flow reduced
plan limit 786
compute initial stop until 0
current timestep 6444
planning flow reduced
plan limit 785
compute initial stop until 0
current timestep 6448
planning flow reduced
plan limit 778
compute initial stop until 0
current timestep 6452
planning flow reduced
plan limit 784
compute initial stop until 0
current timestep 6456
planning flow reduced
plan limit 781
compute initial stop until 0
current timestep 6460
planning flow reduced
plan limit 786
compute initial stop until 0
current timestep 6464
planning flow reduced
plan limit 779
compute initial stop until 0
current timestep 6468
planning flow reduced
plan limit 783
compute initial stop until 0
current timestep 6472
planning flow reduced
plan limit 782
compute initial stop until 0
current timestep 6476
planning flow reduced
plan limit 762
compute initial stop until 0
current timestep 6480
planning flow reduced
plan limit 784
compute initial stop until 0
current timestep 6484
planning flow reduced
plan limit 777
compute initial stop until 0
current timestep 6488
planning flow reduced
plan limit 775
compute initial stop until 0
current timestep 6492
planning flow reduced
plan limit 785
compute initial stop until 0
current timestep 6496
planning flow reduced
plan limit 777
compute initial stop until 0
current timestep 6499
planning flow reduced
plan limit 787
compute initial stop until 0
current timestep 6502
planning flow reduced
plan limit 788
compute initial stop until 0
current timestep 6505
planning flow reduced
plan limit 788
compute initial stop until 0
current timestep 6508
planning flow reduced
plan limit 783
compute initial stop until 0
current timestep 6512
planning flow reduced
plan limit 782
compute initial stop until 0
current timestep 6516
planning flow reduced
plan limit 789
compute initial stop until 0
current timestep 6521
planning flow reduced
plan limit 785
compute initial stop until 0
current timestep 6525
planning flow reduced
plan limit 784
compute initial stop until 0
current timestep 6529
planning flow reduced
plan limit 781
compute initial stop until 0
current timestep 6532
planning flow reduced
plan limit 788
compute initial stop until 0
current timestep 6536
planning flow reduced
plan limit 780
compute initial stop until 0
current timestep 6539
planning flow reduced
plan limit 763
compute initial stop until 0
current timestep 6542
planning flow reduced
plan limit 786
compute initial stop until 0
current timestep 6545
planning flow reduced
plan limit 788
compute initial stop until 0
current timestep 6548
planning flow reduced
plan limit 781
compute initial stop until 0
current timestep 6552
planning flow reduced
plan limit 787
compute initial stop until 0
current timestep 6556
planning flow reduced
plan limit 781
compute initial stop until 0
current timestep 6560
planning flow reduced
plan limit 788
compute initial stop until 0
current timestep 6563
planning flow reduced
plan limit 773
compute initial stop until 0
current timestep 6567
planning flow reduced
plan limit 783
compute initial stop until 0
current timestep 6570
planning flow reduced
plan limit 774
compute initial stop until 0
current timestep 6573
planning flow reduced
plan limit 782
compute initial stop until 0
current timestep 6577
planning flow reduced
plan limit 783
compute initial stop until 0
current timestep 6581
planning flow reduced
plan limit 786
compute initial stop until 0
current timestep 6585
planning flow reduced
plan limit 778
compute initial stop until 0
current timestep 6588
planning flow reduced
plan limit 785
compute initial stop until 0
current timestep 6593
planning flow reduced
plan limit 778
compute initial stop until 0
current timestep 6596
planning flow reduced
plan limit 780
compute initial stop until 0
current timestep 6599
planning flow reduced
plan limit 780
compute initial stop until 0
current timestep 6603
planning flow reduced
plan limit 779
compute initial stop until 0
current timestep 6607
planning flow reduced
plan limit 778
compute initial stop until 0
current timestep 6610
planning flow reduced
plan limit 781
compute initial stop until 0
current timestep 6614
planning flow reduced
plan limit 745
compute initial stop until 0
current timestep 6617
planning flow reduced
plan limit 785
compute initial stop until 0
current timestep 6621
planning flow reduced
plan limit 781
compute initial stop until 0
current timestep 6625
planning flow reduced
plan limit 755
compute initial stop until 0
current timestep 6628
planning flow reduced
plan limit 779
compute initial stop until 0
current timestep 6632
planning flow reduced
plan limit 782
compute initial stop until 0
current timestep 6635
planning flow reduced
plan limit 776
compute initial stop until 0
current timestep 6639
planning flow reduced
plan limit 780
compute initial stop until 0
current timestep 6643
planning flow reduced
plan limit 783
compute initial stop until 0
current timestep 6647
planning flow reduced
plan limit 780
compute initial stop until 0
current timestep 6650
planning flow reduced
plan limit 776
compute initial stop until 0
current timestep 6654
planning flow reduced
plan limit 782
compute initial stop until 0
current timestep 6658
planning flow reduced
plan limit 784
compute initial stop until 0
current timestep 6661
planning flow reduced
plan limit 768
compute initial stop until 0
current timestep 6664
planning flow reduced
plan limit 778
compute initial stop until 0
current timestep 6668
planning flow reduced
plan limit 775
compute initial stop until 0
current timestep 6672
planning flow reduced
plan limit 780
compute initial stop until 0
current timestep 6676
planning flow reduced
plan limit 753
compute initial stop until 0
current timestep 6679
planning flow reduced
plan limit 785
compute initial stop until 0
current timestep 6684
planning flow reduced
plan limit 784
compute initial stop until 0
current timestep 6687
planning flow reduced
plan limit 760
compute initial stop until 0
current timestep 6690
planning flow reduced
plan limit 763
compute initial stop until 0
current timestep 6694
planning flow reduced
plan limit 772
compute initial stop until 0
current timestep 6698
planning flow reduced
plan limit 782
compute initial stop until 0
current timestep 6703
planning flow reduced
plan limit 781
compute initial stop until 0
current timestep 6706
planning flow reduced
plan limit 786
compute initial stop until 0
current timestep 6710
planning flow reduced
plan limit 786
compute initial stop until 0
current timestep 6714
planning flow reduced
plan limit 792
compute initial stop until 0
current timestep 6718
planning flow reduced
plan limit 780
compute initial stop until 0
current timestep 6722
planning flow reduced
plan limit 786
compute initial stop until 0
current timestep 6726
planning flow reduced
plan limit 785
compute initial stop until 0
current timestep 6730
planning flow reduced
plan limit 790
compute initial stop until 0
current timestep 6735
planning flow reduced
plan limit 783
compute initial stop until 0
current timestep 6739
planning flow reduced
plan limit 735
compute initial stop until 0
current timestep 6742
planning flow reduced
plan limit 764
compute initial stop until 0
current timestep 6745
planning flow reduced
plan limit 785
compute initial stop until 0
current timestep 6749
planning flow reduced
plan limit 787
compute initial stop until 0
current timestep 6754
planning flow reduced
plan limit 787
compute initial stop until 0
current timestep 6759
planning flow reduced
plan limit 790
compute initial stop until 0
current timestep 6764
planning flow reduced
plan limit 788
compute initial stop until 0
current timestep 6769
planning flow reduced
plan limit 787
compute initial stop until 0
current timestep 6774
planning flow reduced
plan limit 792
compute initial stop until 0
current timestep 6779
planning flow reduced
plan limit 787
compute initial stop until 0
current timestep 6784
planning flow reduced
plan limit 788
compute initial stop until 0
current timestep 6789
planning flow reduced
plan limit 788
compute initial stop until 0
current timestep 6794
planning flow reduced
plan limit 792
compute initial stop until 0
current timestep 6799
planning flow reduced
plan limit 788
compute initial stop until 0
current timestep 6804
planning flow reduced
plan limit 791
compute initial stop until 0
current timestep 6809
planning flow reduced
plan limit 787
compute initial stop until 0
current timestep 6812
planning flow reduced
plan limit 784
compute initial stop until 0
current timestep 6817
planning flow reduced
plan limit 792
compute initial stop until 0
current timestep 6822
planning flow reduced
plan limit 789
compute initial stop until 0
current timestep 6826
planning flow reduced
plan limit 789
compute initial stop until 0
current timestep 6831
planning flow reduced
plan limit 788
compute initial stop until 0
current timestep 6836
planning flow reduced
plan limit 787
compute initial stop until 0
current timestep 6840
planning flow reduced
plan limit 786
compute initial stop until 0
current timestep 6845
planning flow reduced
plan limit 789
compute initial stop until 0
current timestep 6850
planning flow reduced
plan limit 783
compute initial stop until 0
current timestep 6854
planning flow reduced
plan limit 788
compute initial stop until 0
current timestep 6859
planning flow reduced
plan limit 784
compute initial stop until 0
current timestep 6863
planning flow reduced
plan limit 787
compute initial stop until 0
current timestep 6867
planning flow reduced
plan limit 783
compute initial stop until 0
current timestep 6871
planning flow reduced
plan limit 786
compute initial stop until 0
current timestep 6875
planning flow reduced
plan limit 785
compute initial stop until 0
current timestep 6880
planning flow reduced
plan limit 785
compute initial stop until 0
current timestep 6884
planning flow reduced
plan limit 785
compute initial stop until 0
current timestep 6888
planning flow reduced
plan limit 765
compute initial stop until 0
current timestep 6891
planning flow reduced
plan limit 789
compute initial stop until 0
current timestep 6896
planning flow reduced
plan limit 789
compute initial stop until 0
current timestep 6900
planning flow reduced
plan limit 790
compute initial stop until 0
current timestep 6904
planning flow reduced
plan limit 788
compute initial stop until 0
current timestep 6908
planning flow reduced
plan limit 786
compute initial stop until 0
current timestep 6912
planning flow reduced
plan limit 779
compute initial stop until 0
current timestep 6915
planning flow reduced
plan limit 783
compute initial stop until 0
current timestep 6919
planning flow reduced
plan limit 784
compute initial stop until 0
current timestep 6924
planning flow reduced
plan limit 785
compute initial stop until 0
current timestep 6928
planning flow reduced
plan limit 791
compute initial stop until 0
current timestep 6933
planning flow reduced
plan limit 790
compute initial stop until 0
current timestep 6938
planning flow reduced
plan limit 787
compute initial stop until 0
current timestep 6942
planning flow reduced
plan limit 789
compute initial stop until 0
current timestep 6947
planning flow reduced
plan limit 784
compute initial stop until 0
current timestep 6952
planning flow reduced
plan limit 784
compute initial stop until 0
current timestep 6957
planning flow reduced
plan limit 798
compute initial stop until 0
current timestep 6962
planning flow reduced
plan limit 791
compute initial stop until 0
current timestep 6966
planning flow reduced
plan limit 795
compute initial stop until 0
current timestep 6971
planning flow reduced
plan limit 790
compute initial stop until 0
current timestep 6976
planning flow reduced
plan limit 791
compute initial stop until 0
current timestep 6981
planning flow reduced
plan limit 794
compute initial stop until 0
current timestep 6986
planning flow reduced
plan limit 795
compute initial stop until 0
current timestep 6989
planning flow reduced
plan limit 794
compute initial stop until 0
current timestep 6994
planning flow reduced
plan limit 790
compute initial stop until 0
current timestep 6997
planning flow reduced
plan limit 788
compute initial stop until 0
