planner init
finish init
current timestep 0
planning flow reduced
plan limit 231
compute initial stop until 0
current timestep 1
planning flow reduced
plan limit 656
compute initial stop until 0
current timestep 2
planning flow reduced
plan limit 683
compute initial stop until 0
current timestep 4
planning flow reduced
plan limit 754
compute initial stop until 0
current timestep 6
planning flow reduced
plan limit 751
compute initial stop until 0
current timestep 8
planning flow reduced
plan limit 755
compute initial stop until 0
current timestep 10
planning flow reduced
plan limit 751
compute initial stop until 0
current timestep 12
planning flow reduced
plan limit 754
compute initial stop until 0
current timestep 14
planning flow reduced
plan limit 755
compute initial stop until 0
current timestep 16
planning flow reduced
plan limit 756
compute initial stop until 0
current timestep 18
planning flow reduced
plan limit 758
compute initial stop until 0
current timestep 20
planning flow reduced
plan limit 689
compute initial stop until 0
current timestep 23
planning flow reduced
plan limit 750
compute initial stop until 0
current timestep 26
planning flow reduced
plan limit 756
compute initial stop until 0
current timestep 28
planning flow reduced
plan limit 750
compute initial stop until 0
current timestep 31
planning flow reduced
plan limit 760
compute initial stop until 0
current timestep 34
planning flow reduced
plan limit 753
compute initial stop until 0
current timestep 37
planning flow reduced
plan limit 756
compute initial stop until 0
current timestep 40
planning flow reduced
plan limit 761
compute initial stop until 0
current timestep 43
planning flow reduced
plan limit 756
compute initial stop until 0
current timestep 46
planning flow reduced
plan limit 757
compute initial stop until 0
current timestep 50
planning flow reduced
plan limit 755
compute initial stop until 0
current timestep 54
planning flow reduced
plan limit 753
compute initial stop until 0
current timestep 58
planning flow reduced
plan limit 757
compute initial stop until 0
current timestep 62
planning flow reduced
plan limit 754
compute initial stop until 0
current timestep 66
planning flow reduced
plan limit 755
compute initial stop until 0
current timestep 71
planning flow reduced
plan limit 753
compute initial stop until 0
current timestep 76
planning flow reduced
plan limit 754
compute initial stop until 0
current timestep 81
planning flow reduced
plan limit 750
compute initial stop until 0
current timestep 86
planning flow reduced
plan limit 755
compute initial stop until 0
current timestep 91
planning flow reduced
plan limit 753
compute initial stop until 0
current timestep 96
planning flow reduced
plan limit 759
compute initial stop until 0
current timestep 102
planning flow reduced
plan limit 754
compute initial stop until 0
current timestep 107
planning flow reduced
plan limit 733
compute initial stop until 0
current timestep 112
planning flow reduced
plan limit 753
compute initial stop until 0
current timestep 117
planning flow reduced
plan limit 758
compute initial stop until 0
current timestep 122
planning flow reduced
plan limit 752
compute initial stop until 0
current timestep 127
planning flow reduced
plan limit 755
compute initial stop until 0
current timestep 132
planning flow reduced
plan limit 758
compute initial stop until 0
current timestep 137
planning flow reduced
plan limit 756
compute initial stop until 0
current timestep 143
planning flow reduced
plan limit 759
compute initial stop until 0
current timestep 149
planning flow reduced
plan limit 761
compute initial stop until 0
current timestep 155
planning flow reduced
plan limit 756
compute initial stop until 0
current timestep 161
planning flow reduced
plan limit 764
compute initial stop until 0
current timestep 166
planning flow reduced
plan limit 760
compute initial stop until 0
current timestep 171
planning flow reduced
plan limit 591
compute initial stop until 0
current timestep 177
planning flow reduced
plan limit 757
compute initial stop until 0
current timestep 183
planning flow reduced
plan limit 598
compute initial stop until 0
current timestep 189
planning flow reduced
plan limit 761
compute initial stop until 0
current timestep 195
planning flow reduced
plan limit 762
compute initial stop until 0
current timestep 201
planning flow reduced
plan limit 756
compute initial stop until 0
current timestep 207
planning flow reduced
plan limit 599
compute initial stop until 0
current timestep 213
planning flow reduced
plan limit 760
compute initial stop until 0
current timestep 219
planning flow reduced
plan limit 599
compute initial stop until 0
current timestep 225
planning flow reduced
plan limit 590
compute initial stop until 0
current timestep 231
planning flow reduced
plan limit 619
compute initial stop until 0
current timestep 237
planning flow reduced
plan limit 758
compute initial stop until 0
current timestep 243
planning flow reduced
plan limit 592
compute initial stop until 0
current timestep 248
planning flow reduced
plan limit 604
compute initial stop until 0
current timestep 254
planning flow reduced
plan limit 607
compute initial stop until 0
current timestep 259
planning flow reduced
plan limit 533
compute initial stop until 0
current timestep 266
planning flow reduced
plan limit 615
compute initial stop until 0
current timestep 271
planning flow reduced
plan limit 554
compute initial stop until 0
current timestep 280
planning flow reduced
plan limit 597
compute initial stop until 0
current timestep 286
planning flow reduced
plan limit 560
compute initial stop until 0
current timestep 293
planning flow reduced
plan limit 591
compute initial stop until 0
current timestep 299
planning flow reduced
plan limit 596
compute initial stop until 0
current timestep 305
planning flow reduced
plan limit 602
compute initial stop until 0
current timestep 311
planning flow reduced
plan limit 607
compute initial stop until 0
current timestep 317
planning flow reduced
plan limit 636
compute initial stop until 0
current timestep 323
planning flow reduced
plan limit 623
compute initial stop until 0
current timestep 329
planning flow reduced
plan limit 598
compute initial stop until 0
current timestep 335
planning flow reduced
plan limit 568
compute initial stop until 0
current timestep 342
planning flow reduced
plan limit 714
compute initial stop until 0
current timestep 348
planning flow reduced
plan limit 574
compute initial stop until 0
current timestep 355
planning flow reduced
plan limit 707
compute initial stop until 0
current timestep 361
planning flow reduced
plan limit 719
compute initial stop until 0
current timestep 367
planning flow reduced
plan limit 711
compute initial stop until 0
current timestep 374
planning flow reduced
plan limit 552
compute initial stop until 0
current timestep 380
planning flow reduced
plan limit 726
compute initial stop until 0
current timestep 386
planning flow reduced
plan limit 709
compute initial stop until 0
current timestep 392
planning flow reduced
plan limit 703
compute initial stop until 0
current timestep 398
planning flow reduced
plan limit 715
compute initial stop until 0
current timestep 404
planning flow reduced
plan limit 728
compute initial stop until 0
current timestep 410
planning flow reduced
plan limit 621
compute initial stop until 0
current timestep 416
planning flow reduced
plan limit 730
compute initial stop until 0
current timestep 422
planning flow reduced
plan limit 731
compute initial stop until 0
current timestep 428
planning flow reduced
plan limit 616
compute initial stop until 0
current timestep 434
planning flow reduced
plan limit 635
compute initial stop until 0
current timestep 440
planning flow reduced
plan limit 732
compute initial stop until 0
current timestep 446
planning flow reduced
plan limit 617
compute initial stop until 0
current timestep 452
planning flow reduced
plan limit 753
compute initial stop until 0
current timestep 458
planning flow reduced
plan limit 747
compute initial stop until 0
current timestep 464
planning flow reduced
plan limit 734
compute initial stop until 0
current timestep 470
planning flow reduced
plan limit 624
compute initial stop until 0
current timestep 476
planning flow reduced
plan limit 730
compute initial stop until 0
current timestep 483
planning flow reduced
plan limit 632
compute initial stop until 0
current timestep 489
planning flow reduced
plan limit 646
compute initial stop until 0
current timestep 496
planning flow reduced
plan limit 630
compute initial stop until 0
current timestep 502
planning flow reduced
plan limit 757
compute initial stop until 0
current timestep 508
planning flow reduced
plan limit 744
compute initial stop until 0
current timestep 514
planning flow reduced
plan limit 776
compute initial stop until 0
current timestep 520
planning flow reduced
plan limit 790
compute initial stop until 0
current timestep 527
planning flow reduced
plan limit 753
compute initial stop until 0
current timestep 533
planning flow reduced
plan limit 794
compute initial stop until 0
current timestep 540
planning flow reduced
plan limit 788
compute initial stop until 0
current timestep 547
planning flow reduced
plan limit 616
compute initial stop until 0
current timestep 553
planning flow reduced
plan limit 746
compute initial stop until 0
current timestep 559
planning flow reduced
plan limit 797
compute initial stop until 0
current timestep 566
planning flow reduced
plan limit 764
compute initial stop until 0
current timestep 572
planning flow reduced
plan limit 766
compute initial stop until 0
current timestep 578
planning flow reduced
plan limit 791
compute initial stop until 0
current timestep 585
planning flow reduced
plan limit 641
compute initial stop until 0
current timestep 592
planning flow reduced
plan limit 631
compute initial stop until 0
current timestep 598
planning flow reduced
plan limit 749
compute initial stop until 0
current timestep 604
planning flow reduced
plan limit 788
compute initial stop until 0
current timestep 611
planning flow reduced
plan limit 753
compute initial stop until 0
current timestep 617
planning flow reduced
plan limit 762
compute initial stop until 0
current timestep 623
planning flow reduced
plan limit 737
compute initial stop until 0
current timestep 629
planning flow reduced
plan limit 778
compute initial stop until 0
current timestep 635
planning flow reduced
plan limit 788
compute initial stop until 0
current timestep 641
planning flow reduced
plan limit 754
compute initial stop until 0
current timestep 647
planning flow reduced
plan limit 788
compute initial stop until 0
current timestep 654
planning flow reduced
plan limit 743
compute initial stop until 0
current timestep 660
planning flow reduced
plan limit 790
compute initial stop until 0
current timestep 666
planning flow reduced
plan limit 781
compute initial stop until 0
current timestep 672
planning flow reduced
plan limit 752
compute initial stop until 0
current timestep 678
planning flow reduced
plan limit 772
compute initial stop until 0
current timestep 684
planning flow reduced
plan limit 793
compute initial stop until 0
current timestep 691
planning flow reduced
plan limit 758
compute initial stop until 0
current timestep 697
planning flow reduced
plan limit 787
compute initial stop until 0
current timestep 704
planning flow reduced
plan limit 787
compute initial stop until 0
current timestep 710
planning flow reduced
plan limit 784
compute initial stop until 0
current timestep 716
planning flow reduced
plan limit 738
compute initial stop until 0
current timestep 722
planning flow reduced
plan limit 636
compute initial stop until 0
current timestep 729
planning flow reduced
plan limit 786
compute initial stop until 0
current timestep 736
planning flow reduced
plan limit 785
compute initial stop until 0
current timestep 742
planning flow reduced
plan limit 784
compute initial stop until 0
current timestep 748
planning flow reduced
plan limit 783
compute initial stop until 0
current timestep 754
planning flow reduced
plan limit 749
compute initial stop until 0
current timestep 760
planning flow reduced
plan limit 737
compute initial stop until 0
current timestep 766
planning flow reduced
plan limit 782
compute initial stop until 0
current timestep 772
planning flow reduced
plan limit 781
compute initial stop until 0
current timestep 778
planning flow reduced
plan limit 783
compute initial stop until 0
current timestep 784
planning flow reduced
plan limit 751
compute initial stop until 0
current timestep 790
planning flow reduced
plan limit 783
compute initial stop until 0
current timestep 796
planning flow reduced
plan limit 723
compute initial stop until 0
current timestep 802
planning flow reduced
plan limit 777
compute initial stop until 0
current timestep 808
planning flow reduced
plan limit 773
compute initial stop until 0
current timestep 814
planning flow reduced
plan limit 775
compute initial stop until 0
current timestep 820
planning flow reduced
plan limit 731
compute initial stop until 0
current timestep 826
planning flow reduced
plan limit 749
compute initial stop until 0
current timestep 832
planning flow reduced
plan limit 729
compute initial stop until 0
current timestep 837
planning flow reduced
plan limit 782
compute initial stop until 0
current timestep 843
planning flow reduced
plan limit 775
compute initial stop until 0
current timestep 849
planning flow reduced
plan limit 617
compute initial stop until 0
current timestep 855
planning flow reduced
plan limit 735
compute initial stop until 0
current timestep 861
planning flow reduced
plan limit 775
compute initial stop until 0
current timestep 867
planning flow reduced
plan limit 778
compute initial stop until 0
current timestep 873
planning flow reduced
plan limit 725
compute initial stop until 0
current timestep 879
planning flow reduced
plan limit 778
compute initial stop until 0
current timestep 885
planning flow reduced
plan limit 627
compute initial stop until 0
current timestep 892
planning flow reduced
plan limit 772
compute initial stop until 0
current timestep 898
planning flow reduced
plan limit 765
compute initial stop until 0
current timestep 904
planning flow reduced
plan limit 774
compute initial stop until 0
current timestep 910
planning flow reduced
plan limit 766
compute initial stop until 0
current timestep 916
planning flow reduced
plan limit 770
compute initial stop until 0
current timestep 922
planning flow reduced
plan limit 740
compute initial stop until 0
current timestep 928
planning flow reduced
plan limit 756
compute initial stop until 0
current timestep 934
planning flow reduced
plan limit 772
compute initial stop until 0
current timestep 940
planning flow reduced
plan limit 772
compute initial stop until 0
current timestep 946
planning flow reduced
plan limit 774
compute initial stop until 0
current timestep 952
planning flow reduced
plan limit 729
compute initial stop until 0
current timestep 957
planning flow reduced
plan limit 770
compute initial stop until 0
current timestep 963
planning flow reduced
plan limit 715
compute initial stop until 0
current timestep 970
planning flow reduced
plan limit 782
compute initial stop until 0
current timestep 976
planning flow reduced
plan limit 754
compute initial stop until 0
current timestep 982
planning flow reduced
plan limit 781
compute initial stop until 0
current timestep 988
planning flow reduced
plan limit 745
compute initial stop until 0
current timestep 994
planning flow reduced
plan limit 745
compute initial stop until 0
current timestep 1000
planning flow reduced
plan limit 740
compute initial stop until 0
current timestep 1006
planning flow reduced
plan limit 781
compute initial stop until 0
current timestep 1012
planning flow reduced
plan limit 750
compute initial stop until 0
current timestep 1018
planning flow reduced
plan limit 782
compute initial stop until 0
current timestep 1024
planning flow reduced
plan limit 733
compute initial stop until 0
current timestep 1029
planning flow reduced
plan limit 739
compute initial stop until 0
current timestep 1035
planning flow reduced
plan limit 759
compute initial stop until 0
current timestep 1041
planning flow reduced
plan limit 781
compute initial stop until 0
current timestep 1047
planning flow reduced
plan limit 737
compute initial stop until 0
current timestep 1053
planning flow reduced
plan limit 786
compute initial stop until 0
current timestep 1059
planning flow reduced
plan limit 787
compute initial stop until 0
current timestep 1065
planning flow reduced
plan limit 790
compute initial stop until 0
current timestep 1071
planning flow reduced
plan limit 788
compute initial stop until 0
current timestep 1078
planning flow reduced
plan limit 748
compute initial stop until 0
current timestep 1084
planning flow reduced
plan limit 797
compute initial stop until 0
current timestep 1091
planning flow reduced
plan limit 784
compute initial stop until 0
current timestep 1096
planning flow reduced
plan limit 748
compute initial stop until 0
current timestep 1101
planning flow reduced
plan limit 648
compute initial stop until 0
current timestep 1108
planning flow reduced
plan limit 753
compute initial stop until 0
current timestep 1113
planning flow reduced
plan limit 784
compute initial stop until 0
current timestep 1119
planning flow reduced
plan limit 785
compute initial stop until 0
current timestep 1125
planning flow reduced
plan limit 789
compute initial stop until 0
current timestep 1131
planning flow reduced
plan limit 788
compute initial stop until 0
current timestep 1137
planning flow reduced
plan limit 748
compute initial stop until 0
current timestep 1143
planning flow reduced
plan limit 757
compute initial stop until 0
current timestep 1148
planning flow reduced
plan limit 794
compute initial stop until 0
current timestep 1154
planning flow reduced
plan limit 640
compute initial stop until 0
current timestep 1161
planning flow reduced
plan limit 744
compute initial stop until 0
current timestep 1166
planning flow reduced
plan limit 750
compute initial stop until 0
current timestep 1171
planning flow reduced
plan limit 768
compute initial stop until 0
current timestep 1177
planning flow reduced
plan limit 790
compute initial stop until 0
current timestep 1183
planning flow reduced
plan limit 793
compute initial stop until 0
current timestep 1189
planning flow reduced
plan limit 747
compute initial stop until 0
current timestep 1195
planning flow reduced
plan limit 789
compute initial stop until 0
current timestep 1200
planning flow reduced
plan limit 794
compute initial stop until 0
current timestep 1206
planning flow reduced
plan limit 790
compute initial stop until 0
current timestep 1212
planning flow reduced
plan limit 747
compute initial stop until 0
current timestep 1218
planning flow reduced
plan limit 647
compute initial stop until 0
current timestep 1225
planning flow reduced
plan limit 792
compute initial stop until 0
current timestep 1231
planning flow reduced
plan limit 746
compute initial stop until 0
current timestep 1236
planning flow reduced
plan limit 759
compute initial stop until 0
current timestep 1241
planning flow reduced
plan limit 793
compute initial stop until 0
current timestep 1247
planning flow reduced
plan limit 644
compute initial stop until 0
current timestep 1254
planning flow reduced
plan limit 787
compute initial stop until 0
current timestep 1260
planning flow reduced
plan limit 794
compute initial stop until 0
current timestep 1267
planning flow reduced
plan limit 791
compute initial stop until 0
current timestep 1273
planning flow reduced
plan limit 756
compute initial stop until 0
current timestep 1279
planning flow reduced
plan limit 748
compute initial stop until 0
current timestep 1285
planning flow reduced
plan limit 792
compute initial stop until 0
current timestep 1291
planning flow reduced
plan limit 793
compute initial stop until 0
current timestep 1298
planning flow reduced
plan limit 754
compute initial stop until 0
current timestep 1304
planning flow reduced
plan limit 790
compute initial stop until 0
current timestep 1311
planning flow reduced
plan limit 784
compute initial stop until 0
current timestep 1317
planning flow reduced
plan limit 643
compute initial stop until 0
current timestep 1324
planning flow reduced
plan limit 750
compute initial stop until 0
current timestep 1329
planning flow reduced
plan limit 745
compute initial stop until 0
current timestep 1335
planning flow reduced
plan limit 794
compute initial stop until 0
current timestep 1342
planning flow reduced
plan limit 787
compute initial stop until 0
current timestep 1348
planning flow reduced
plan limit 792
compute initial stop until 0
current timestep 1355
planning flow reduced
plan limit 751
compute initial stop until 0
current timestep 1360
planning flow reduced
plan limit 791
compute initial stop until 0
current timestep 1366
planning flow reduced
plan limit 798
compute initial stop until 0
current timestep 1373
planning flow reduced
plan limit 795
compute initial stop until 0
current timestep 1380
planning flow reduced
plan limit 789
compute initial stop until 0
current timestep 1386
planning flow reduced
plan limit 640
compute initial stop until 0
current timestep 1392
planning flow reduced
plan limit 585
compute initial stop until 0
current timestep 1398
planning flow reduced
plan limit 794
compute initial stop until 0
current timestep 1404
planning flow reduced
plan limit 762
compute initial stop until 0
current timestep 1409
planning flow reduced
plan limit 747
compute initial stop until 0
current timestep 1415
planning flow reduced
plan limit 792
compute initial stop until 0
current timestep 1421
planning flow reduced
plan limit 748
compute initial stop until 0
current timestep 1426
planning flow reduced
plan limit 791
compute initial stop until 0
current timestep 1432
planning flow reduced
plan limit 794
compute initial stop until 0
current timestep 1438
planning flow reduced
plan limit 762
compute initial stop until 0
current timestep 1443
planning flow reduced
plan limit 794
compute initial stop until 0
current timestep 1449
planning flow reduced
plan limit 740
compute initial stop until 0
current timestep 1454
planning flow reduced
plan limit 793
compute initial stop until 0
current timestep 1460
planning flow reduced
plan limit 791
compute initial stop until 0
current timestep 1466
planning flow reduced
plan limit 796
compute initial stop until 0
current timestep 1472
planning flow reduced
plan limit 789
compute initial stop until 0
current timestep 1477
planning flow reduced
plan limit 796
compute initial stop until 0
current timestep 1482
planning flow reduced
plan limit 791
compute initial stop until 0
current timestep 1488
planning flow reduced
plan limit 794
compute initial stop until 0
current timestep 1494
planning flow reduced
plan limit 790
compute initial stop until 0
current timestep 1500
planning flow reduced
plan limit 754
compute initial stop until 0
current timestep 1505
planning flow reduced
plan limit 790
compute initial stop until 0
current timestep 1511
planning flow reduced
plan limit 640
compute initial stop until 0
current timestep 1517
planning flow reduced
plan limit 759
compute initial stop until 0
current timestep 1522
planning flow reduced
plan limit 757
compute initial stop until 0
current timestep 1527
planning flow reduced
plan limit 618
compute initial stop until 0
current timestep 1533
planning flow reduced
plan limit 747
compute initial stop until 0
current timestep 1538
planning flow reduced
plan limit 756
compute initial stop until 0
current timestep 1543
planning flow reduced
plan limit 792
compute initial stop until 0
current timestep 1549
planning flow reduced
plan limit 744
compute initial stop until 0
current timestep 1554
planning flow reduced
plan limit 792
compute initial stop until 0
current timestep 1560
planning flow reduced
plan limit 788
compute initial stop until 0
current timestep 1566
planning flow reduced
plan limit 795
compute initial stop until 0
current timestep 1572
planning flow reduced
plan limit 791
compute initial stop until 0
current timestep 1578
planning flow reduced
plan limit 750
compute initial stop until 0
current timestep 1583
planning flow reduced
plan limit 761
compute initial stop until 0
current timestep 1588
planning flow reduced
plan limit 746
compute initial stop until 0
current timestep 1593
planning flow reduced
plan limit 790
compute initial stop until 0
current timestep 1599
planning flow reduced
plan limit 765
compute initial stop until 0
current timestep 1604
planning flow reduced
plan limit 795
compute initial stop until 0
current timestep 1610
planning flow reduced
plan limit 766
compute initial stop until 0
current timestep 1615
planning flow reduced
plan limit 732
compute initial stop until 0
current timestep 1620
planning flow reduced
plan limit 742
compute initial stop until 0
current timestep 1625
planning flow reduced
plan limit 763
compute initial stop until 0
current timestep 1630
planning flow reduced
plan limit 748
compute initial stop until 0
current timestep 1635
planning flow reduced
plan limit 791
compute initial stop until 0
current timestep 1641
planning flow reduced
plan limit 767
compute initial stop until 0
current timestep 1646
planning flow reduced
plan limit 790
compute initial stop until 0
current timestep 1652
planning flow reduced
plan limit 792
compute initial stop until 0
current timestep 1658
planning flow reduced
plan limit 791
compute initial stop until 0
current timestep 1663
planning flow reduced
plan limit 740
compute initial stop until 0
current timestep 1668
planning flow reduced
plan limit 741
compute initial stop until 0
current timestep 1673
planning flow reduced
plan limit 791
compute initial stop until 0
current timestep 1679
planning flow reduced
plan limit 637
compute initial stop until 0
current timestep 1685
planning flow reduced
plan limit 739
compute initial stop until 0
current timestep 1690
planning flow reduced
plan limit 783
compute initial stop until 0
current timestep 1696
planning flow reduced
plan limit 788
compute initial stop until 0
current timestep 1702
planning flow reduced
plan limit 795
compute initial stop until 0
current timestep 1708
planning flow reduced
plan limit 737
compute initial stop until 0
current timestep 1713
planning flow reduced
plan limit 635
compute initial stop until 0
current timestep 1719
planning flow reduced
plan limit 753
compute initial stop until 0
current timestep 1724
planning flow reduced
plan limit 791
compute initial stop until 0
current timestep 1730
planning flow reduced
plan limit 762
compute initial stop until 0
current timestep 1735
planning flow reduced
plan limit 753
compute initial stop until 0
current timestep 1740
planning flow reduced
plan limit 751
compute initial stop until 0
current timestep 1745
planning flow reduced
plan limit 793
compute initial stop until 0
current timestep 1751
planning flow reduced
plan limit 759
compute initial stop until 0
current timestep 1756
planning flow reduced
plan limit 794
compute initial stop until 0
current timestep 1762
planning flow reduced
plan limit 644
compute initial stop until 0
current timestep 1768
planning flow reduced
plan limit 756
compute initial stop until 0
current timestep 1773
planning flow reduced
plan limit 739
compute initial stop until 0
current timestep 1778
planning flow reduced
plan limit 756
compute initial stop until 0
current timestep 1783
planning flow reduced
plan limit 744
compute initial stop until 0
current timestep 1788
planning flow reduced
plan limit 791
compute initial stop until 0
current timestep 1793
planning flow reduced
plan limit 789
compute initial stop until 0
current timestep 1799
planning flow reduced
plan limit 791
compute initial stop until 0
current timestep 1804
planning flow reduced
plan limit 787
compute initial stop until 0
current timestep 1810
planning flow reduced
plan limit 790
compute initial stop until 0
current timestep 1815
planning flow reduced
plan limit 793
compute initial stop until 0
current timestep 1820
planning flow reduced
plan limit 789
compute initial stop until 0
current timestep 1826
planning flow reduced
plan limit 748
compute initial stop until 0
current timestep 1831
planning flow reduced
plan limit 754
compute initial stop until 0
current timestep 1836
planning flow reduced
plan limit 761
compute initial stop until 0
current timestep 1842
planning flow reduced
plan limit 606
compute initial stop until 0
current timestep 1848
planning flow reduced
plan limit 788
compute initial stop until 0
current timestep 1854
planning flow reduced
plan limit 791
compute initial stop until 0
current timestep 1860
planning flow reduced
plan limit 788
compute initial stop until 0
current timestep 1866
planning flow reduced
plan limit 756
compute initial stop until 0
current timestep 1871
planning flow reduced
plan limit 742
compute initial stop until 0
current timestep 1876
planning flow reduced
plan limit 747
compute initial stop until 0
current timestep 1881
planning flow reduced
plan limit 744
compute initial stop until 0
current timestep 1886
planning flow reduced
plan limit 788
compute initial stop until 0
current timestep 1891
planning flow reduced
plan limit 788
compute initial stop until 0
current timestep 1896
planning flow reduced
plan limit 790
compute initial stop until 0
current timestep 1901
planning flow reduced
plan limit 786
compute initial stop until 0
current timestep 1906
planning flow reduced
plan limit 782
compute initial stop until 0
current timestep 1911
planning flow reduced
plan limit 786
compute initial stop until 0
current timestep 1916
planning flow reduced
plan limit 793
compute initial stop until 0
current timestep 1922
planning flow reduced
plan limit 784
compute initial stop until 0
current timestep 1927
planning flow reduced
plan limit 791
compute initial stop until 0
current timestep 1933
planning flow reduced
plan limit 785
compute initial stop until 0
current timestep 1939
planning flow reduced
plan limit 789
compute initial stop until 0
current timestep 1944
planning flow reduced
plan limit 728
compute initial stop until 0
current timestep 1950
planning flow reduced
plan limit 779
compute initial stop until 0
current timestep 1955
planning flow reduced
plan limit 742
compute initial stop until 0
current timestep 1960
planning flow reduced
plan limit 788
compute initial stop until 0
current timestep 1965
planning flow reduced
plan limit 784
compute initial stop until 0
current timestep 1970
planning flow reduced
plan limit 790
compute initial stop until 0
current timestep 1975
planning flow reduced
plan limit 782
compute initial stop until 0
current timestep 1980
planning flow reduced
plan limit 742
compute initial stop until 0
current timestep 1985
planning flow reduced
plan limit 738
compute initial stop until 0
current timestep 1990
planning flow reduced
plan limit 746
compute initial stop until 0
current timestep 1995
planning flow reduced
plan limit 741
compute initial stop until 0
current timestep 2000
planning flow reduced
plan limit 788
compute initial stop until 0
current timestep 2005
planning flow reduced
plan limit 777
compute initial stop until 0
current timestep 2010
planning flow reduced
plan limit 736
compute initial stop until 0
current timestep 2015
planning flow reduced
plan limit 741
compute initial stop until 0
current timestep 2020
planning flow reduced
plan limit 741
compute initial stop until 0
current timestep 2025
planning flow reduced
plan limit 744
compute initial stop until 0
current timestep 2030
planning flow reduced
plan limit 760
compute initial stop until 0
current timestep 2035
planning flow reduced
plan limit 783
compute initial stop until 0
current timestep 2040
planning flow reduced
plan limit 743
compute initial stop until 0
current timestep 2045
planning flow reduced
plan limit 784
compute initial stop until 0
current timestep 2050
planning flow reduced
plan limit 791
compute initial stop until 0
current timestep 2055
planning flow reduced
plan limit 783
compute initial stop until 0
current timestep 2060
planning flow reduced
plan limit 791
compute initial stop until 0
current timestep 2065
planning flow reduced
plan limit 782
compute initial stop until 0
current timestep 2070
planning flow reduced
plan limit 736
compute initial stop until 0
current timestep 2075
planning flow reduced
plan limit 784
compute initial stop until 0
current timestep 2080
planning flow reduced
plan limit 789
compute initial stop until 0
current timestep 2085
planning flow reduced
plan limit 723
compute initial stop until 0
current timestep 2091
planning flow reduced
plan limit 739
compute initial stop until 0
current timestep 2096
planning flow reduced
plan limit 757
compute initial stop until 0
current timestep 2101
planning flow reduced
plan limit 784
compute initial stop until 0
current timestep 2106
planning flow reduced
plan limit 778
compute initial stop until 0
current timestep 2111
planning flow reduced
plan limit 743
compute initial stop until 0
current timestep 2116
planning flow reduced
plan limit 758
compute initial stop until 0
current timestep 2121
planning flow reduced
plan limit 730
compute initial stop until 0
current timestep 2127
planning flow reduced
plan limit 780
compute initial stop until 0
current timestep 2132
planning flow reduced
plan limit 750
compute initial stop until 0
current timestep 2137
planning flow reduced
plan limit 783
compute initial stop until 0
current timestep 2142
planning flow reduced
plan limit 770
compute initial stop until 0
current timestep 2147
planning flow reduced
plan limit 778
compute initial stop until 0
current timestep 2152
planning flow reduced
plan limit 622
compute initial stop until 0
current timestep 2158
planning flow reduced
plan limit 747
compute initial stop until 0
current timestep 2163
planning flow reduced
plan limit 730
compute initial stop until 0
current timestep 2168
planning flow reduced
plan limit 630
compute initial stop until 0
current timestep 2174
planning flow reduced
plan limit 769
compute initial stop until 0
current timestep 2179
planning flow reduced
plan limit 775
compute initial stop until 0
current timestep 2184
planning flow reduced
plan limit 733
compute initial stop until 0
current timestep 2190
planning flow reduced
plan limit 740
compute initial stop until 0
current timestep 2195
planning flow reduced
plan limit 734
compute initial stop until 0
current timestep 2200
planning flow reduced
plan limit 749
compute initial stop until 0
current timestep 2205
planning flow reduced
plan limit 784
compute initial stop until 0
current timestep 2210
planning flow reduced
plan limit 730
compute initial stop until 0
current timestep 2215
planning flow reduced
plan limit 760
compute initial stop until 0
current timestep 2221
planning flow reduced
plan limit 775
compute initial stop until 0
current timestep 2226
planning flow reduced
plan limit 618
compute initial stop until 0
current timestep 2232
planning flow reduced
plan limit 782
compute initial stop until 0
current timestep 2237
planning flow reduced
plan limit 723
compute initial stop until 0
current timestep 2242
planning flow reduced
plan limit 743
compute initial stop until 0
current timestep 2247
planning flow reduced
plan limit 726
compute initial stop until 0
current timestep 2252
planning flow reduced
plan limit 766
compute initial stop until 0
current timestep 2257
planning flow reduced
plan limit 777
compute initial stop until 0
current timestep 2262
planning flow reduced
plan limit 626
compute initial stop until 0
current timestep 2268
planning flow reduced
plan limit 781
compute initial stop until 0
current timestep 2273
planning flow reduced
plan limit 716
compute initial stop until 0
current timestep 2278
planning flow reduced
plan limit 762
compute initial stop until 0
current timestep 2283
planning flow reduced
plan limit 775
compute initial stop until 0
current timestep 2288
planning flow reduced
plan limit 776
compute initial stop until 0
current timestep 2293
planning flow reduced
plan limit 745
compute initial stop until 0
current timestep 2298
planning flow reduced
plan limit 782
compute initial stop until 0
current timestep 2303
planning flow reduced
plan limit 784
compute initial stop until 0
current timestep 2308
planning flow reduced
plan limit 786
compute initial stop until 0
current timestep 2313
planning flow reduced
plan limit 780
compute initial stop until 0
current timestep 2318
planning flow reduced
plan limit 772
compute initial stop until 0
current timestep 2323
planning flow reduced
plan limit 738
compute initial stop until 0
current timestep 2328
planning flow reduced
plan limit 781
compute initial stop until 0
current timestep 2333
planning flow reduced
plan limit 592
compute initial stop until 0
current timestep 2339
planning flow reduced
plan limit 787
compute initial stop until 0
current timestep 2345
planning flow reduced
plan limit 787
compute initial stop until 0
current timestep 2350
planning flow reduced
plan limit 737
compute initial stop until 0
current timestep 2355
planning flow reduced
plan limit 741
compute initial stop until 0
current timestep 2360
planning flow reduced
plan limit 748
compute initial stop until 0
current timestep 2365
planning flow reduced
plan limit 624
compute initial stop until 0
current timestep 2371
planning flow reduced
plan limit 751
compute initial stop until 0
current timestep 2376
planning flow reduced
plan limit 757
compute initial stop until 0
current timestep 2380
planning flow reduced
plan limit 754
compute initial stop until 0
current timestep 2385
planning flow reduced
plan limit 790
compute initial stop until 0
current timestep 2390
planning flow reduced
plan limit 755
compute initial stop until 0
current timestep 2395
planning flow reduced
plan limit 802
compute initial stop until 0
current timestep 2401
planning flow reduced
plan limit 801
compute initial stop until 0
current timestep 2407
planning flow reduced
plan limit 801
compute initial stop until 0
current timestep 2413
planning flow reduced
plan limit 606
compute initial stop until 0
current timestep 2419
planning flow reduced
plan limit 766
compute initial stop until 0
current timestep 2423
planning flow reduced
plan limit 771
compute initial stop until 0
current timestep 2428
planning flow reduced
plan limit 800
compute initial stop until 0
current timestep 2434
planning flow reduced
plan limit 770
compute initial stop until 0
current timestep 2438
planning flow reduced
plan limit 754
compute initial stop until 0
current timestep 2443
planning flow reduced
plan limit 761
compute initial stop until 0
current timestep 2447
planning flow reduced
plan limit 787
compute initial stop until 0
current timestep 2452
planning flow reduced
plan limit 765
compute initial stop until 0
current timestep 2456
planning flow reduced
plan limit 761
compute initial stop until 0
current timestep 2460
planning flow reduced
plan limit 745
compute initial stop until 0
current timestep 2465
planning flow reduced
plan limit 738
compute initial stop until 0
current timestep 2470
planning flow reduced
plan limit 790
compute initial stop until 0
current timestep 2474
planning flow reduced
plan limit 646
compute initial stop until 0
current timestep 2480
planning flow reduced
plan limit 786
compute initial stop until 0
current timestep 2485
planning flow reduced
plan limit 757
compute initial stop until 0
current timestep 2489
planning flow reduced
plan limit 788
compute initial stop until 0
current timestep 2494
planning flow reduced
plan limit 631
compute initial stop until 0
current timestep 2500
planning flow reduced
plan limit 792
compute initial stop until 0
current timestep 2505
planning flow reduced
plan limit 647
compute initial stop until 0
current timestep 2511
planning flow reduced
plan limit 736
compute initial stop until 0
current timestep 2515
planning flow reduced
plan limit 793
compute initial stop until 0
current timestep 2520
planning flow reduced
plan limit 788
compute initial stop until 0
current timestep 2525
planning flow reduced
plan limit 791
compute initial stop until 0
current timestep 2530
planning flow reduced
plan limit 788
compute initial stop until 0
current timestep 2535
planning flow reduced
plan limit 749
compute initial stop until 0
current timestep 2540
planning flow reduced
plan limit 790
compute initial stop until 0
current timestep 2545
planning flow reduced
plan limit 789
compute initial stop until 0
current timestep 2550
planning flow reduced
plan limit 784
compute initial stop until 0
current timestep 2555
planning flow reduced
plan limit 791
compute initial stop until 0
current timestep 2560
planning flow reduced
plan limit 744
compute initial stop until 0
current timestep 2564
planning flow reduced
plan limit 786
compute initial stop until 0
current timestep 2569
planning flow reduced
plan limit 742
compute initial stop until 0
current timestep 2573
planning flow reduced
plan limit 786
compute initial stop until 0
current timestep 2578
planning flow reduced
plan limit 790
compute initial stop until 0
current timestep 2583
planning flow reduced
plan limit 788
compute initial stop until 0
current timestep 2588
planning flow reduced
plan limit 745
compute initial stop until 0
current timestep 2592
planning flow reduced
plan limit 784
compute initial stop until 0
current timestep 2597
planning flow reduced
plan limit 744
compute initial stop until 0
current timestep 2602
planning flow reduced
plan limit 635
compute initial stop until 0
current timestep 2608
planning flow reduced
plan limit 782
compute initial stop until 0
current timestep 2613
planning flow reduced
plan limit 781
compute initial stop until 0
current timestep 2617
planning flow reduced
plan limit 789
compute initial stop until 0
current timestep 2622
planning flow reduced
plan limit 734
compute initial stop until 0
current timestep 2626
planning flow reduced
plan limit 786
compute initial stop until 0
current timestep 2631
planning flow reduced
plan limit 787
compute initial stop until 0
current timestep 2636
planning flow reduced
plan limit 742
compute initial stop until 0
current timestep 2640
planning flow reduced
plan limit 637
compute initial stop until 0
current timestep 2646
planning flow reduced
plan limit 737
compute initial stop until 0
current timestep 2651
planning flow reduced
plan limit 780
compute initial stop until 0
current timestep 2656
planning flow reduced
plan limit 742
compute initial stop until 0
current timestep 2661
planning flow reduced
plan limit 786
compute initial stop until 0
current timestep 2666
planning flow reduced
plan limit 789
compute initial stop until 0
current timestep 2671
planning flow reduced
plan limit 785
compute initial stop until 0
current timestep 2676
planning flow reduced
plan limit 785
compute initial stop until 0
current timestep 2681
planning flow reduced
plan limit 744
compute initial stop until 0
current timestep 2685
planning flow reduced
plan limit 785
compute initial stop until 0
current timestep 2690
planning flow reduced
plan limit 753
compute initial stop until 0
current timestep 2695
planning flow reduced
plan limit 789
compute initial stop until 0
current timestep 2700
planning flow reduced
plan limit 784
compute initial stop until 0
current timestep 2705
planning flow reduced
plan limit 740
compute initial stop until 0
current timestep 2709
planning flow reduced
plan limit 734
compute initial stop until 0
current timestep 2713
planning flow reduced
plan limit 623
compute initial stop until 0
current timestep 2719
planning flow reduced
plan limit 784
compute initial stop until 0
current timestep 2724
planning flow reduced
plan limit 742
compute initial stop until 0
current timestep 2728
planning flow reduced
plan limit 783
compute initial stop until 0
current timestep 2733
planning flow reduced
plan limit 755
compute initial stop until 0
current timestep 2737
planning flow reduced
plan limit 781
compute initial stop until 0
current timestep 2742
planning flow reduced
plan limit 625
compute initial stop until 0
current timestep 2748
planning flow reduced
plan limit 781
compute initial stop until 0
current timestep 2753
planning flow reduced
plan limit 733
compute initial stop until 0
current timestep 2757
planning flow reduced
plan limit 740
compute initial stop until 0
current timestep 2762
planning flow reduced
plan limit 776
compute initial stop until 0
current timestep 2766
planning flow reduced
plan limit 781
compute initial stop until 0
current timestep 2770
planning flow reduced
plan limit 779
compute initial stop until 0
current timestep 2775
planning flow reduced
plan limit 777
compute initial stop until 0
current timestep 2779
planning flow reduced
plan limit 783
compute initial stop until 0
current timestep 2783
planning flow reduced
plan limit 784
compute initial stop until 0
current timestep 2788
planning flow reduced
plan limit 784
compute initial stop until 0
current timestep 2793
planning flow reduced
plan limit 603
compute initial stop until 0
current timestep 2799
planning flow reduced
plan limit 774
compute initial stop until 0
current timestep 2803
planning flow reduced
plan limit 738
compute initial stop until 0
current timestep 2808
planning flow reduced
plan limit 778
compute initial stop until 0
current timestep 2813
planning flow reduced
plan limit 720
compute initial stop until 0
current timestep 2819
planning flow reduced
plan limit 746
compute initial stop until 0
current timestep 2824
planning flow reduced
plan limit 773
compute initial stop until 0
current timestep 2828
planning flow reduced
plan limit 728
compute initial stop until 0
current timestep 2833
planning flow reduced
plan limit 775
compute initial stop until 0
current timestep 2837
planning flow reduced
plan limit 744
compute initial stop until 0
current timestep 2841
planning flow reduced
plan limit 776
compute initial stop until 0
current timestep 2846
planning flow reduced
plan limit 778
compute initial stop until 0
current timestep 2850
planning flow reduced
plan limit 769
compute initial stop until 0
current timestep 2854
planning flow reduced
plan limit 694
compute initial stop until 0
current timestep 2860
planning flow reduced
plan limit 751
compute initial stop until 0
current timestep 2865
planning flow reduced
plan limit 719
compute initial stop until 0
current timestep 2870
planning flow reduced
plan limit 724
compute initial stop until 0
current timestep 2875
planning flow reduced
plan limit 765
compute initial stop until 0
current timestep 2879
planning flow reduced
plan limit 768
compute initial stop until 0
current timestep 2883
planning flow reduced
plan limit 778
compute initial stop until 0
current timestep 2887
planning flow reduced
plan limit 757
compute initial stop until 0
current timestep 2891
planning flow reduced
plan limit 698
compute initial stop until 0
current timestep 2897
planning flow reduced
plan limit 761
compute initial stop until 0
current timestep 2901
planning flow reduced
plan limit 719
compute initial stop until 0
current timestep 2905
planning flow reduced
plan limit 778
compute initial stop until 0
current timestep 2910
planning flow reduced
plan limit 735
compute initial stop until 0
current timestep 2914
planning flow reduced
plan limit 738
compute initial stop until 0
current timestep 2918
planning flow reduced
plan limit 740
compute initial stop until 0
current timestep 2922
planning flow reduced
plan limit 756
compute initial stop until 0
current timestep 2926
planning flow reduced
plan limit 787
compute initial stop until 0
current timestep 2931
planning flow reduced
plan limit 783
compute initial stop until 0
current timestep 2936
planning flow reduced
plan limit 787
compute initial stop until 0
current timestep 2941
planning flow reduced
plan limit 625
compute initial stop until 0
current timestep 2947
planning flow reduced
plan limit 778
compute initial stop until 0
current timestep 2952
planning flow reduced
plan limit 783
compute initial stop until 0
current timestep 2957
planning flow reduced
plan limit 777
compute initial stop until 0
current timestep 2961
planning flow reduced
plan limit 729
compute initial stop until 0
current timestep 2965
planning flow reduced
plan limit 727
compute initial stop until 0
current timestep 2970
planning flow reduced
plan limit 783
compute initial stop until 0
current timestep 2975
planning flow reduced
plan limit 759
compute initial stop until 0
current timestep 2979
planning flow reduced
plan limit 788
compute initial stop until 0
current timestep 2984
planning flow reduced
plan limit 789
compute initial stop until 0
current timestep 2989
planning flow reduced
plan limit 787
compute initial stop until 0
current timestep 2994
planning flow reduced
plan limit 732
compute initial stop until 0
current timestep 2998
planning flow reduced
plan limit 788
compute initial stop until 0
current timestep 3003
planning flow reduced
plan limit 745
compute initial stop until 0
current timestep 3007
planning flow reduced
plan limit 780
compute initial stop until 0
current timestep 3012
planning flow reduced
plan limit 736
compute initial stop until 0
current timestep 3017
planning flow reduced
plan limit 786
compute initial stop until 0
current timestep 3021
planning flow reduced
plan limit 784
compute initial stop until 0
current timestep 3025
planning flow reduced
plan limit 782
compute initial stop until 0
current timestep 3029
planning flow reduced
plan limit 789
compute initial stop until 0
current timestep 3034
planning flow reduced
plan limit 785
compute initial stop until 0
current timestep 3039
planning flow reduced
plan limit 792
compute initial stop until 0
current timestep 3044
planning flow reduced
plan limit 790
compute initial stop until 0
current timestep 3049
planning flow reduced
plan limit 734
compute initial stop until 0
current timestep 3053
planning flow reduced
plan limit 757
compute initial stop until 0
current timestep 3057
planning flow reduced
plan limit 604
compute initial stop until 0
current timestep 3062
planning flow reduced
plan limit 786
compute initial stop until 0
current timestep 3067
planning flow reduced
plan limit 783
compute initial stop until 0
current timestep 3072
planning flow reduced
plan limit 743
compute initial stop until 0
current timestep 3076
planning flow reduced
plan limit 787
compute initial stop until 0
current timestep 3081
planning flow reduced
plan limit 782
compute initial stop until 0
current timestep 3086
planning flow reduced
plan limit 755
compute initial stop until 0
current timestep 3090
planning flow reduced
plan limit 785
compute initial stop until 0
current timestep 3094
planning flow reduced
plan limit 793
compute initial stop until 0
current timestep 3099
planning flow reduced
plan limit 745
compute initial stop until 0
current timestep 3103
planning flow reduced
plan limit 788
compute initial stop until 0
current timestep 3108
planning flow reduced
plan limit 787
compute initial stop until 0
current timestep 3112
planning flow reduced
plan limit 747
compute initial stop until 0
current timestep 3116
planning flow reduced
plan limit 766
compute initial stop until 0
current timestep 3120
planning flow reduced
plan limit 787
compute initial stop until 0
current timestep 3124
planning flow reduced
plan limit 745
compute initial stop until 0
current timestep 3128
planning flow reduced
plan limit 789
compute initial stop until 0
current timestep 3133
planning flow reduced
plan limit 791
compute initial stop until 0
current timestep 3138
planning flow reduced
plan limit 791
compute initial stop until 0
current timestep 3143
planning flow reduced
plan limit 748
compute initial stop until 0
current timestep 3147
planning flow reduced
plan limit 787
compute initial stop until 0
current timestep 3152
planning flow reduced
plan limit 779
compute initial stop until 0
current timestep 3156
planning flow reduced
plan limit 784
compute initial stop until 0
current timestep 3161
planning flow reduced
plan limit 786
compute initial stop until 0
current timestep 3165
planning flow reduced
plan limit 789
compute initial stop until 0
current timestep 3170
planning flow reduced
plan limit 740
compute initial stop until 0
current timestep 3174
planning flow reduced
plan limit 638
compute initial stop until 0
current timestep 3180
planning flow reduced
plan limit 788
compute initial stop until 0
current timestep 3185
planning flow reduced
plan limit 786
compute initial stop until 0
current timestep 3189
planning flow reduced
plan limit 735
compute initial stop until 0
current timestep 3194
planning flow reduced
plan limit 743
compute initial stop until 0
current timestep 3199
planning flow reduced
plan limit 796
compute initial stop until 0
current timestep 3204
planning flow reduced
plan limit 788
compute initial stop until 0
current timestep 3208
planning flow reduced
plan limit 744
compute initial stop until 0
current timestep 3212
planning flow reduced
plan limit 793
compute initial stop until 0
current timestep 3217
planning flow reduced
plan limit 791
compute initial stop until 0
current timestep 3222
planning flow reduced
plan limit 787
compute initial stop until 0
current timestep 3226
planning flow reduced
plan limit 786
compute initial stop until 0
current timestep 3230
planning flow reduced
plan limit 785
compute initial stop until 0
current timestep 3234
planning flow reduced
plan limit 789
compute initial stop until 0
current timestep 3238
planning flow reduced
plan limit 738
compute initial stop until 0
current timestep 3242
planning flow reduced
plan limit 786
compute initial stop until 0
current timestep 3246
planning flow reduced
plan limit 746
compute initial stop until 0
current timestep 3250
planning flow reduced
plan limit 759
compute initial stop until 0
current timestep 3256
planning flow reduced
plan limit 785
compute initial stop until 0
current timestep 3260
planning flow reduced
plan limit 791
compute initial stop until 0
current timestep 3264
planning flow reduced
plan limit 798
compute initial stop until 0
current timestep 3269
planning flow reduced
plan limit 803
compute initial stop until 0
current timestep 3275
planning flow reduced
plan limit 742
compute initial stop until 0
current timestep 3279
planning flow reduced
plan limit 799
compute initial stop until 0
current timestep 3284
planning flow reduced
plan limit 747
compute initial stop until 0
current timestep 3288
planning flow reduced
plan limit 787
compute initial stop until 0
current timestep 3293
planning flow reduced
plan limit 796
compute initial stop until 0
current timestep 3298
planning flow reduced
plan limit 793
compute initial stop until 0
current timestep 3302
planning flow reduced
plan limit 794
compute initial stop until 0
current timestep 3307
planning flow reduced
plan limit 798
compute initial stop until 0
current timestep 3312
planning flow reduced
plan limit 793
compute initial stop until 0
current timestep 3317
planning flow reduced
plan limit 796
compute initial stop until 0
current timestep 3322
planning flow reduced
plan limit 796
compute initial stop until 0
current timestep 3327
planning flow reduced
plan limit 749
compute initial stop until 0
current timestep 3331
planning flow reduced
plan limit 792
compute initial stop until 0
current timestep 3335
planning flow reduced
plan limit 767
compute initial stop until 0
current timestep 3343
planning flow reduced
plan limit 725
compute initial stop until 0
current timestep 3349
planning flow reduced
plan limit 689
compute initial stop until 0
current timestep 3354
planning flow reduced
plan limit 782
compute initial stop until 0
current timestep 3358
planning flow reduced
plan limit 771
compute initial stop until 0
current timestep 3362
planning flow reduced
plan limit 791
compute initial stop until 0
current timestep 3367
planning flow reduced
plan limit 700
compute initial stop until 0
current timestep 3372
planning flow reduced
plan limit 779
compute initial stop until 0
current timestep 3376
planning flow reduced
plan limit 748
compute initial stop until 0
current timestep 3380
planning flow reduced
plan limit 742
compute initial stop until 0
current timestep 3384
planning flow reduced
plan limit 790
compute initial stop until 0
current timestep 3388
planning flow reduced
plan limit 791
compute initial stop until 0
current timestep 3392
planning flow reduced
plan limit 794
compute initial stop until 0
current timestep 3396
planning flow reduced
plan limit 791
compute initial stop until 0
current timestep 3401
planning flow reduced
plan limit 791
compute initial stop until 0
current timestep 3406
planning flow reduced
plan limit 750
compute initial stop until 0
current timestep 3410
planning flow reduced
plan limit 760
compute initial stop until 0
current timestep 3414
planning flow reduced
plan limit 762
compute initial stop until 0
current timestep 3418
planning flow reduced
plan limit 639
compute initial stop until 0
current timestep 3424
planning flow reduced
plan limit 784
compute initial stop until 0
current timestep 3428
planning flow reduced
plan limit 736
compute initial stop until 0
current timestep 3432
planning flow reduced
plan limit 743
compute initial stop until 0
current timestep 3436
planning flow reduced
plan limit 743
compute initial stop until 0
current timestep 3440
planning flow reduced
plan limit 784
compute initial stop until 0
current timestep 3444
planning flow reduced
plan limit 782
compute initial stop until 0
current timestep 3448
planning flow reduced
plan limit 761
compute initial stop until 0
current timestep 3452
planning flow reduced
plan limit 755
compute initial stop until 0
current timestep 3456
planning flow reduced
plan limit 754
compute initial stop until 0
current timestep 3460
planning flow reduced
plan limit 789
compute initial stop until 0
current timestep 3464
planning flow reduced
plan limit 756
compute initial stop until 0
current timestep 3468
planning flow reduced
plan limit 787
compute initial stop until 0
current timestep 3472
planning flow reduced
plan limit 786
compute initial stop until 0
current timestep 3476
planning flow reduced
plan limit 789
compute initial stop until 0
current timestep 3481
planning flow reduced
plan limit 786
compute initial stop until 0
current timestep 3485
planning flow reduced
plan limit 754
compute initial stop until 0
current timestep 3489
planning flow reduced
plan limit 763
compute initial stop until 0
current timestep 3493
planning flow reduced
plan limit 779
compute initial stop until 0
current timestep 3497
planning flow reduced
plan limit 738
compute initial stop until 0
current timestep 3501
planning flow reduced
plan limit 742
compute initial stop until 0
current timestep 3505
planning flow reduced
plan limit 778
compute initial stop until 0
current timestep 3509
planning flow reduced
plan limit 781
compute initial stop until 0
current timestep 3513
planning flow reduced
plan limit 779
compute initial stop until 0
current timestep 3517
planning flow reduced
plan limit 782
compute initial stop until 0
current timestep 3521
planning flow reduced
plan limit 743
compute initial stop until 0
current timestep 3525
planning flow reduced
plan limit 785
compute initial stop until 0
current timestep 3529
planning flow reduced
plan limit 764
compute initial stop until 0
current timestep 3533
planning flow reduced
plan limit 783
compute initial stop until 0
current timestep 3537
planning flow reduced
plan limit 788
compute initial stop until 0
current timestep 3541
planning flow reduced
plan limit 779
compute initial stop until 0
current timestep 3545
planning flow reduced
plan limit 783
compute initial stop until 0
current timestep 3549
planning flow reduced
plan limit 791
compute initial stop until 0
current timestep 3553
planning flow reduced
plan limit 792
compute initial stop until 0
current timestep 3557
planning flow reduced
plan limit 787
compute initial stop until 0
current timestep 3561
planning flow reduced
plan limit 777
compute initial stop until 0
current timestep 3565
planning flow reduced
plan limit 783
compute initial stop until 0
current timestep 3569
planning flow reduced
plan limit 597
compute initial stop until 0
current timestep 3574
planning flow reduced
plan limit 784
compute initial stop until 0
current timestep 3578
planning flow reduced
plan limit 786
compute initial stop until 0
current timestep 3582
planning flow reduced
plan limit 779
compute initial stop until 0
current timestep 3586
planning flow reduced
plan limit 785
compute initial stop until 0
current timestep 3590
planning flow reduced
plan limit 782
compute initial stop until 0
current timestep 3594
planning flow reduced
plan limit 781
compute initial stop until 0
current timestep 3598
planning flow reduced
plan limit 623
compute initial stop until 0
current timestep 3604
planning flow reduced
plan limit 780
compute initial stop until 0
current timestep 3607
planning flow reduced
plan limit 775
compute initial stop until 0
current timestep 3611
planning flow reduced
plan limit 779
compute initial stop until 0
current timestep 3615
planning flow reduced
plan limit 779
compute initial stop until 0
current timestep 3619
planning flow reduced
plan limit 735
compute initial stop until 0
current timestep 3623
planning flow reduced
plan limit 781
compute initial stop until 0
current timestep 3627
planning flow reduced
plan limit 777
compute initial stop until 0
current timestep 3631
planning flow reduced
plan limit 768
compute initial stop until 0
current timestep 3635
planning flow reduced
plan limit 799
compute initial stop until 0
current timestep 3639
planning flow reduced
plan limit 769
compute initial stop until 0
current timestep 3643
planning flow reduced
plan limit 755
compute initial stop until 0
current timestep 3647
planning flow reduced
plan limit 786
compute initial stop until 0
current timestep 3651
planning flow reduced
plan limit 783
compute initial stop until 0
current timestep 3655
planning flow reduced
plan limit 779
compute initial stop until 0
current timestep 3659
planning flow reduced
plan limit 787
compute initial stop until 0
current timestep 3663
planning flow reduced
plan limit 781
compute initial stop until 0
current timestep 3667
planning flow reduced
plan limit 788
compute initial stop until 0
current timestep 3671
planning flow reduced
plan limit 781
compute initial stop until 0
current timestep 3675
planning flow reduced
plan limit 734
compute initial stop until 0
current timestep 3679
planning flow reduced
plan limit 765
compute initial stop until 0
current timestep 3683
planning flow reduced
plan limit 773
compute initial stop until 0
current timestep 3687
planning flow reduced
plan limit 783
compute initial stop until 0
current timestep 3691
planning flow reduced
plan limit 738
compute initial stop until 0
current timestep 3695
planning flow reduced
plan limit 773
compute initial stop until 0
current timestep 3699
planning flow reduced
plan limit 747
compute initial stop until 0
current timestep 3703
planning flow reduced
plan limit 782
compute initial stop until 0
current timestep 3707
planning flow reduced
plan limit 785
compute initial stop until 0
current timestep 3711
planning flow reduced
plan limit 782
compute initial stop until 0
current timestep 3715
planning flow reduced
plan limit 784
compute initial stop until 0
current timestep 3719
planning flow reduced
plan limit 785
compute initial stop until 0
current timestep 3723
planning flow reduced
plan limit 784
compute initial stop until 0
current timestep 3727
planning flow reduced
plan limit 719
compute initial stop until 0
current timestep 3731
planning flow reduced
plan limit 780
compute initial stop until 0
current timestep 3735
planning flow reduced
plan limit 785
compute initial stop until 0
current timestep 3739
planning flow reduced
plan limit 738
compute initial stop until 0
current timestep 3743
planning flow reduced
plan limit 780
compute initial stop until 0
current timestep 3747
planning flow reduced
plan limit 794
compute initial stop until 0
current timestep 3751
planning flow reduced
plan limit 752
compute initial stop until 0
current timestep 3754
planning flow reduced
plan limit 794
compute initial stop until 0
current timestep 3758
planning flow reduced
plan limit 786
compute initial stop until 0
current timestep 3762
planning flow reduced
plan limit 734
compute initial stop until 0
current timestep 3766
planning flow reduced
plan limit 735
compute initial stop until 0
current timestep 3770
planning flow reduced
plan limit 788
compute initial stop until 0
current timestep 3774
planning flow reduced
plan limit 782
compute initial stop until 0
current timestep 3778
planning flow reduced
plan limit 785
compute initial stop until 0
current timestep 3782
planning flow reduced
plan limit 768
compute initial stop until 0
current timestep 3786
planning flow reduced
plan limit 753
compute initial stop until 0
current timestep 3789
planning flow reduced
plan limit 786
compute initial stop until 0
current timestep 3793
planning flow reduced
plan limit 791
compute initial stop until 0
current timestep 3797
planning flow reduced
plan limit 784
compute initial stop until 0
current timestep 3801
planning flow reduced
plan limit 789
compute initial stop until 0
current timestep 3805
planning flow reduced
plan limit 789
compute initial stop until 0
current timestep 3810
planning flow reduced
plan limit 781
compute initial stop until 0
current timestep 3814
planning flow reduced
plan limit 791
compute initial stop until 0
current timestep 3819
planning flow reduced
plan limit 785
compute initial stop until 0
current timestep 3823
planning flow reduced
plan limit 650
compute initial stop until 0
current timestep 3829
planning flow reduced
plan limit 790
compute initial stop until 0
current timestep 3833
planning flow reduced
plan limit 751
compute initial stop until 0
current timestep 3837
planning flow reduced
plan limit 750
compute initial stop until 0
current timestep 3841
planning flow reduced
plan limit 792
compute initial stop until 0
current timestep 3846
planning flow reduced
plan limit 741
compute initial stop until 0
current timestep 3850
planning flow reduced
plan limit 788
compute initial stop until 0
current timestep 3854
planning flow reduced
plan limit 784
compute initial stop until 0
current timestep 3858
planning flow reduced
plan limit 784
compute initial stop until 0
current timestep 3862
planning flow reduced
plan limit 765
compute initial stop until 0
current timestep 3866
planning flow reduced
plan limit 788
compute initial stop until 0
current timestep 3870
planning flow reduced
plan limit 790
compute initial stop until 0
current timestep 3875
planning flow reduced
plan limit 752
compute initial stop until 0
current timestep 3879
planning flow reduced
plan limit 791
compute initial stop until 0
current timestep 3884
planning flow reduced
plan limit 750
compute initial stop until 0
current timestep 3888
planning flow reduced
plan limit 752
compute initial stop until 0
current timestep 3891
planning flow reduced
plan limit 749
compute initial stop until 0
current timestep 3894
planning flow reduced
plan limit 796
compute initial stop until 0
current timestep 3898
planning flow reduced
plan limit 793
compute initial stop until 0
current timestep 3903
planning flow reduced
plan limit 785
compute initial stop until 0
current timestep 3907
planning flow reduced
plan limit 766
compute initial stop until 0
current timestep 3911
planning flow reduced
plan limit 792
compute initial stop until 0
current timestep 3915
planning flow reduced
plan limit 793
compute initial stop until 0
current timestep 3919
planning flow reduced
plan limit 748
compute initial stop until 0
current timestep 3923
planning flow reduced
plan limit 747
compute initial stop until 0
current timestep 3927
planning flow reduced
plan limit 743
compute initial stop until 0
current timestep 3931
planning flow reduced
plan limit 789
compute initial stop until 0
current timestep 3935
planning flow reduced
plan limit 792
compute initial stop until 0
current timestep 3940
planning flow reduced
plan limit 788
compute initial stop until 0
current timestep 3944
planning flow reduced
plan limit 738
compute initial stop until 0
current timestep 3948
planning flow reduced
plan limit 790
compute initial stop until 0
current timestep 3952
planning flow reduced
plan limit 751
compute initial stop until 0
current timestep 3956
planning flow reduced
plan limit 793
compute initial stop until 0
current timestep 3960
planning flow reduced
plan limit 744
compute initial stop until 0
current timestep 3963
planning flow reduced
plan limit 780
compute initial stop until 0
current timestep 3967
planning flow reduced
plan limit 788
compute initial stop until 0
current timestep 3971
planning flow reduced
plan limit 788
compute initial stop until 0
current timestep 3975
planning flow reduced
plan limit 743
compute initial stop until 0
current timestep 3979
planning flow reduced
plan limit 788
compute initial stop until 0
current timestep 3983
planning flow reduced
plan limit 761
compute initial stop until 0
current timestep 3987
planning flow reduced
plan limit 798
compute initial stop until 0
current timestep 3991
planning flow reduced
plan limit 744
compute initial stop until 0
current timestep 3994
planning flow reduced
plan limit 796
compute initial stop until 0
current timestep 3998
planning flow reduced
plan limit 782
compute initial stop until 0
current timestep 4002
planning flow reduced
plan limit 789
compute initial stop until 0
current timestep 4006
planning flow reduced
plan limit 792
compute initial stop until 0
current timestep 4010
planning flow reduced
plan limit 795
compute initial stop until 0
current timestep 4015
planning flow reduced
plan limit 793
compute initial stop until 0
current timestep 4020
planning flow reduced
plan limit 796
compute initial stop until 0
current timestep 4025
planning flow reduced
plan limit 790
compute initial stop until 0
current timestep 4028
planning flow reduced
plan limit 767
compute initial stop until 0
current timestep 4032
planning flow reduced
plan limit 791
compute initial stop until 0
current timestep 4036
planning flow reduced
plan limit 780
compute initial stop until 0
current timestep 4040
planning flow reduced
plan limit 798
compute initial stop until 0
current timestep 4044
planning flow reduced
plan limit 647
compute initial stop until 0
current timestep 4050
planning flow reduced
plan limit 790
compute initial stop until 0
current timestep 4054
planning flow reduced
plan limit 794
compute initial stop until 0
current timestep 4059
planning flow reduced
plan limit 791
compute initial stop until 0
current timestep 4063
planning flow reduced
plan limit 792
compute initial stop until 0
current timestep 4067
planning flow reduced
plan limit 797
compute initial stop until 0
current timestep 4071
planning flow reduced
plan limit 793
compute initial stop until 0
current timestep 4075
planning flow reduced
plan limit 745
compute initial stop until 0
current timestep 4079
planning flow reduced
plan limit 795
compute initial stop until 0
current timestep 4083
planning flow reduced
plan limit 790
compute initial stop until 0
current timestep 4087
planning flow reduced
plan limit 796
compute initial stop until 0
current timestep 4091
planning flow reduced
plan limit 764
compute initial stop until 0
current timestep 4094
planning flow reduced
plan limit 769
compute initial stop until 0
current timestep 4098
planning flow reduced
plan limit 789
compute initial stop until 0
current timestep 4102
planning flow reduced
plan limit 793
compute initial stop until 0
current timestep 4106
planning flow reduced
plan limit 790
compute initial stop until 0
current timestep 4110
planning flow reduced
plan limit 791
compute initial stop until 0
current timestep 4114
planning flow reduced
plan limit 757
compute initial stop until 0
current timestep 4117
planning flow reduced
plan limit 792
compute initial stop until 0
current timestep 4121
planning flow reduced
plan limit 784
compute initial stop until 0
current timestep 4125
planning flow reduced
plan limit 792
compute initial stop until 0
current timestep 4130
planning flow reduced
plan limit 795
compute initial stop until 0
current timestep 4134
planning flow reduced
plan limit 792
compute initial stop until 0
current timestep 4138
planning flow reduced
plan limit 785
compute initial stop until 0
current timestep 4142
planning flow reduced
plan limit 779
compute initial stop until 0
current timestep 4146
planning flow reduced
plan limit 792
compute initial stop until 0
current timestep 4150
planning flow reduced
plan limit 796
compute initial stop until 0
current timestep 4154
planning flow reduced
plan limit 789
compute initial stop until 0
current timestep 4157
planning flow reduced
plan limit 797
compute initial stop until 0
current timestep 4161
planning flow reduced
plan limit 792
compute initial stop until 0
current timestep 4165
planning flow reduced
plan limit 761
compute initial stop until 0
current timestep 4168
planning flow reduced
plan limit 744
compute initial stop until 0
current timestep 4171
planning flow reduced
plan limit 744
compute initial stop until 0
current timestep 4174
planning flow reduced
plan limit 749
compute initial stop until 0
current timestep 4177
planning flow reduced
plan limit 788
compute initial stop until 0
current timestep 4181
planning flow reduced
plan limit 734
compute initial stop until 0
current timestep 4186
planning flow reduced
plan limit 788
compute initial stop until 0
current timestep 4190
planning flow reduced
plan limit 792
compute initial stop until 0
current timestep 4193
planning flow reduced
plan limit 750
compute initial stop until 0
current timestep 4197
planning flow reduced
plan limit 740
compute initial stop until 0
current timestep 4201
planning flow reduced
plan limit 785
compute initial stop until 0
current timestep 4204
planning flow reduced
plan limit 736
compute initial stop until 0
current timestep 4207
planning flow reduced
plan limit 790
compute initial stop until 0
current timestep 4211
planning flow reduced
plan limit 763
compute initial stop until 0
current timestep 4214
planning flow reduced
plan limit 793
compute initial stop until 0
current timestep 4218
planning flow reduced
plan limit 789
compute initial stop until 0
current timestep 4222
planning flow reduced
plan limit 786
compute initial stop until 0
current timestep 4226
planning flow reduced
plan limit 791
compute initial stop until 0
current timestep 4229
planning flow reduced
plan limit 787
compute initial stop until 0
current timestep 4233
planning flow reduced
plan limit 791
compute initial stop until 0
current timestep 4236
planning flow reduced
plan limit 741
compute initial stop until 0
current timestep 4239
planning flow reduced
plan limit 794
compute initial stop until 0
current timestep 4243
planning flow reduced
plan limit 790
compute initial stop until 0
current timestep 4246
planning flow reduced
plan limit 791
compute initial stop until 0
current timestep 4250
planning flow reduced
plan limit 783
compute initial stop until 0
current timestep 4254
planning flow reduced
plan limit 791
compute initial stop until 0
current timestep 4258
planning flow reduced
plan limit 787
compute initial stop until 0
current timestep 4262
planning flow reduced
plan limit 792
compute initial stop until 0
current timestep 4266
planning flow reduced
plan limit 788
compute initial stop until 0
current timestep 4270
planning flow reduced
plan limit 791
compute initial stop until 0
current timestep 4274
planning flow reduced
plan limit 789
compute initial stop until 0
current timestep 4278
planning flow reduced
plan limit 787
compute initial stop until 0
current timestep 4282
planning flow reduced
plan limit 774
compute initial stop until 0
current timestep 4285
planning flow reduced
plan limit 789
compute initial stop until 0
current timestep 4289
planning flow reduced
plan limit 787
compute initial stop until 0
current timestep 4293
planning flow reduced
plan limit 789
compute initial stop until 0
current timestep 4297
planning flow reduced
plan limit 792
compute initial stop until 0
current timestep 4301
planning flow reduced
plan limit 789
compute initial stop until 0
current timestep 4305
planning flow reduced
plan limit 765
compute initial stop until 0
current timestep 4309
planning flow reduced
plan limit 792
compute initial stop until 0
current timestep 4314
planning flow reduced
plan limit 791
compute initial stop until 0
current timestep 4318
planning flow reduced
plan limit 786
compute initial stop until 0
current timestep 4322
planning flow reduced
plan limit 786
compute initial stop until 0
current timestep 4326
planning flow reduced
plan limit 759
compute initial stop until 0
current timestep 4329
planning flow reduced
plan limit 793
compute initial stop until 0
current timestep 4333
planning flow reduced
plan limit 787
compute initial stop until 0
current timestep 4337
planning flow reduced
plan limit 747
compute initial stop until 0
current timestep 4340
planning flow reduced
plan limit 786
compute initial stop until 0
current timestep 4344
planning flow reduced
plan limit 789
compute initial stop until 0
current timestep 4348
planning flow reduced
plan limit 794
compute initial stop until 0
current timestep 4352
planning flow reduced
plan limit 760
compute initial stop until 0
current timestep 4356
planning flow reduced
plan limit 789
compute initial stop until 0
current timestep 4360
planning flow reduced
plan limit 789
compute initial stop until 0
current timestep 4364
planning flow reduced
plan limit 794
compute initial stop until 0
current timestep 4368
planning flow reduced
plan limit 790
compute initial stop until 0
current timestep 4371
planning flow reduced
plan limit 782
compute initial stop until 0
current timestep 4375
planning flow reduced
plan limit 737
compute initial stop until 0
current timestep 4379
planning flow reduced
plan limit 741
compute initial stop until 0
current timestep 4382
planning flow reduced
plan limit 792
compute initial stop until 0
current timestep 4387
planning flow reduced
plan limit 788
compute initial stop until 0
current timestep 4391
planning flow reduced
plan limit 790
compute initial stop until 0
current timestep 4395
planning flow reduced
plan limit 789
compute initial stop until 0
current timestep 4399
planning flow reduced
plan limit 790
compute initial stop until 0
current timestep 4403
planning flow reduced
plan limit 794
compute initial stop until 0
current timestep 4406
planning flow reduced
plan limit 748
compute initial stop until 0
current timestep 4410
planning flow reduced
plan limit 792
compute initial stop until 0
current timestep 4414
planning flow reduced
plan limit 798
compute initial stop until 0
current timestep 4419
planning flow reduced
plan limit 791
compute initial stop until 0
current timestep 4423
planning flow reduced
plan limit 792
compute initial stop until 0
current timestep 4427
planning flow reduced
plan limit 783
compute initial stop until 0
current timestep 4431
planning flow reduced
plan limit 792
compute initial stop until 0
current timestep 4436
planning flow reduced
plan limit 790
compute initial stop until 0
current timestep 4440
planning flow reduced
plan limit 788
compute initial stop until 0
current timestep 4444
planning flow reduced
plan limit 792
compute initial stop until 0
current timestep 4449
planning flow reduced
plan limit 783
compute initial stop until 0
current timestep 4453
planning flow reduced
plan limit 786
compute initial stop until 0
current timestep 4457
planning flow reduced
plan limit 783
compute initial stop until 0
current timestep 4461
planning flow reduced
plan limit 793
compute initial stop until 0
current timestep 4466
planning flow reduced
plan limit 784
compute initial stop until 0
current timestep 4470
planning flow reduced
plan limit 787
compute initial stop until 0
current timestep 4475
planning flow reduced
plan limit 787
compute initial stop until 0
current timestep 4479
planning flow reduced
plan limit 757
compute initial stop until 0
current timestep 4482
planning flow reduced
plan limit 789
compute initial stop until 0
current timestep 4487
planning flow reduced
plan limit 627
compute initial stop until 0
current timestep 4493
planning flow reduced
plan limit 787
compute initial stop until 0
current timestep 4497
planning flow reduced
plan limit 787
compute initial stop until 0
current timestep 4501
planning flow reduced
plan limit 783
compute initial stop until 0
current timestep 4505
planning flow reduced
plan limit 787
compute initial stop until 0
current timestep 4509
planning flow reduced
plan limit 736
compute initial stop until 0
current timestep 4512
planning flow reduced
plan limit 733
compute initial stop until 0
current timestep 4516
planning flow reduced
plan limit 784
compute initial stop until 0
current timestep 4520
planning flow reduced
plan limit 733
compute initial stop until 0
current timestep 4524
planning flow reduced
plan limit 788
compute initial stop until 0
current timestep 4528
planning flow reduced
plan limit 786
compute initial stop until 0
current timestep 4532
planning flow reduced
plan limit 753
compute initial stop until 0
current timestep 4535
planning flow reduced
plan limit 791
compute initial stop until 0
current timestep 4539
planning flow reduced
plan limit 784
compute initial stop until 0
current timestep 4543
planning flow reduced
plan limit 788
compute initial stop until 0
current timestep 4547
planning flow reduced
plan limit 786
compute initial stop until 0
current timestep 4551
planning flow reduced
plan limit 731
compute initial stop until 0
current timestep 4555
planning flow reduced
plan limit 785
compute initial stop until 0
current timestep 4559
planning flow reduced
plan limit 785
compute initial stop until 0
current timestep 4562
planning flow reduced
plan limit 788
compute initial stop until 0
current timestep 4566
planning flow reduced
plan limit 785
compute initial stop until 0
current timestep 4569
planning flow reduced
plan limit 789
compute initial stop until 0
current timestep 4574
planning flow reduced
plan limit 786
compute initial stop until 0
current timestep 4578
planning flow reduced
plan limit 759
compute initial stop until 0
current timestep 4582
planning flow reduced
plan limit 782
compute initial stop until 0
current timestep 4586
planning flow reduced
plan limit 786
compute initial stop until 0
current timestep 4590
planning flow reduced
plan limit 758
compute initial stop until 0
current timestep 4594
planning flow reduced
plan limit 789
compute initial stop until 0
current timestep 4599
planning flow reduced
plan limit 788
compute initial stop until 0
current timestep 4604
planning flow reduced
plan limit 786
compute initial stop until 0
current timestep 4608
planning flow reduced
plan limit 787
compute initial stop until 0
current timestep 4612
planning flow reduced
plan limit 757
compute initial stop until 0
current timestep 4615
planning flow reduced
plan limit 787
compute initial stop until 0
current timestep 4618
planning flow reduced
plan limit 789
compute initial stop until 0
current timestep 4621
planning flow reduced
plan limit 786
compute initial stop until 0
current timestep 4625
planning flow reduced
plan limit 774
compute initial stop until 0
current timestep 4628
planning flow reduced
plan limit 787
compute initial stop until 0
current timestep 4632
planning flow reduced
plan limit 786
compute initial stop until 0
current timestep 4636
planning flow reduced
plan limit 736
compute initial stop until 0
current timestep 4639
planning flow reduced
plan limit 785
compute initial stop until 0
current timestep 4643
planning flow reduced
plan limit 784
compute initial stop until 0
current timestep 4647
planning flow reduced
plan limit 740
compute initial stop until 0
current timestep 4652
planning flow reduced
plan limit 784
compute initial stop until 0
current timestep 4656
planning flow reduced
plan limit 784
compute initial stop until 0
current timestep 4659
planning flow reduced
plan limit 783
compute initial stop until 0
current timestep 4663
planning flow reduced
plan limit 778
compute initial stop until 0
current timestep 4666
planning flow reduced
plan limit 759
compute initial stop until 0
current timestep 4669
planning flow reduced
plan limit 786
compute initial stop until 0
current timestep 4672
planning flow reduced
plan limit 789
compute initial stop until 0
current timestep 4675
planning flow reduced
plan limit 787
compute initial stop until 0
current timestep 4679
planning flow reduced
plan limit 761
compute initial stop until 0
current timestep 4683
planning flow reduced
plan limit 789
compute initial stop until 0
current timestep 4687
planning flow reduced
plan limit 755
compute initial stop until 0
current timestep 4691
planning flow reduced
plan limit 789
compute initial stop until 0
current timestep 4695
planning flow reduced
plan limit 786
compute initial stop until 0
current timestep 4699
planning flow reduced
plan limit 789
compute initial stop until 0
current timestep 4703
planning flow reduced
plan limit 788
compute initial stop until 0
current timestep 4707
planning flow reduced
plan limit 754
compute initial stop until 0
current timestep 4710
planning flow reduced
plan limit 788
compute initial stop until 0
current timestep 4714
planning flow reduced
plan limit 786
compute initial stop until 0
current timestep 4718
planning flow reduced
plan limit 629
compute initial stop until 0
current timestep 4724
planning flow reduced
plan limit 783
compute initial stop until 0
current timestep 4728
planning flow reduced
plan limit 788
compute initial stop until 0
current timestep 4733
planning flow reduced
plan limit 790
compute initial stop until 0
current timestep 4737
planning flow reduced
plan limit 740
compute initial stop until 0
current timestep 4740
planning flow reduced
plan limit 791
compute initial stop until 0
current timestep 4743
planning flow reduced
plan limit 779
compute initial stop until 0
current timestep 4747
planning flow reduced
plan limit 786
compute initial stop until 0
current timestep 4751
planning flow reduced
plan limit 789
compute initial stop until 0
current timestep 4754
planning flow reduced
plan limit 789
compute initial stop until 0
current timestep 4758
planning flow reduced
plan limit 759
compute initial stop until 0
current timestep 4762
planning flow reduced
plan limit 783
compute initial stop until 0
current timestep 4766
planning flow reduced
plan limit 648
compute initial stop until 0
current timestep 4772
planning flow reduced
plan limit 784
compute initial stop until 0
current timestep 4776
planning flow reduced
plan limit 782
compute initial stop until 0
current timestep 4780
planning flow reduced
plan limit 757
compute initial stop until 0
current timestep 4783
planning flow reduced
plan limit 732
compute initial stop until 0
current timestep 4787
planning flow reduced
plan limit 783
compute initial stop until 0
current timestep 4791
planning flow reduced
plan limit 781
compute initial stop until 0
current timestep 4795
planning flow reduced
plan limit 730
compute initial stop until 0
current timestep 4799
planning flow reduced
plan limit 793
compute initial stop until 0
current timestep 4804
planning flow reduced
plan limit 790
compute initial stop until 0
current timestep 4808
planning flow reduced
plan limit 791
compute initial stop until 0
current timestep 4813
planning flow reduced
plan limit 789
compute initial stop until 0
current timestep 4817
planning flow reduced
plan limit 792
compute initial stop until 0
current timestep 4822
planning flow reduced
plan limit 742
compute initial stop until 0
current timestep 4826
planning flow reduced
plan limit 786
compute initial stop until 0
current timestep 4830
planning flow reduced
plan limit 758
compute initial stop until 0
current timestep 4834
planning flow reduced
plan limit 753
compute initial stop until 0
current timestep 4837
planning flow reduced
plan limit 786
compute initial stop until 0
current timestep 4841
planning flow reduced
plan limit 784
compute initial stop until 0
current timestep 4845
planning flow reduced
plan limit 787
compute initial stop until 0
current timestep 4849
planning flow reduced
plan limit 790
compute initial stop until 0
current timestep 4853
planning flow reduced
plan limit 786
compute initial stop until 0
current timestep 4858
planning flow reduced
plan limit 782
compute initial stop until 0
current timestep 4862
planning flow reduced
plan limit 792
compute initial stop until 0
current timestep 4867
planning flow reduced
plan limit 784
compute initial stop until 0
current timestep 4871
planning flow reduced
plan limit 749
compute initial stop until 0
current timestep 4875
planning flow reduced
plan limit 779
compute initial stop until 0
current timestep 4879
planning flow reduced
plan limit 786
compute initial stop until 0
current timestep 4883
planning flow reduced
plan limit 778
compute initial stop until 0
current timestep 4887
planning flow reduced
plan limit 783
compute initial stop until 0
current timestep 4891
planning flow reduced
plan limit 734
compute initial stop until 0
current timestep 4895
planning flow reduced
plan limit 782
compute initial stop until 0
current timestep 4899
planning flow reduced
plan limit 753
compute initial stop until 0
current timestep 4902
planning flow reduced
plan limit 786
compute initial stop until 0
current timestep 4906
planning flow reduced
plan limit 734
compute initial stop until 0
current timestep 4910
planning flow reduced
plan limit 784
compute initial stop until 0
current timestep 4915
planning flow reduced
plan limit 777
compute initial stop until 0
current timestep 4919
planning flow reduced
plan limit 782
compute initial stop until 0
current timestep 4923
planning flow reduced
plan limit 784
compute initial stop until 0
current timestep 4927
planning flow reduced
plan limit 780
compute initial stop until 0
current timestep 4931
planning flow reduced
plan limit 786
compute initial stop until 0
current timestep 4935
planning flow reduced
plan limit 731
compute initial stop until 0
current timestep 4938
planning flow reduced
plan limit 788
compute initial stop until 0
current timestep 4942
planning flow reduced
plan limit 791
compute initial stop until 0
current timestep 4947
planning flow reduced
plan limit 780
compute initial stop until 0
current timestep 4951
planning flow reduced
plan limit 786
compute initial stop until 0
current timestep 4955
planning flow reduced
plan limit 781
compute initial stop until 0
current timestep 4959
planning flow reduced
plan limit 788
compute initial stop until 0
current timestep 4963
planning flow reduced
plan limit 782
compute initial stop until 0
current timestep 4967
planning flow reduced
plan limit 756
compute initial stop until 0
current timestep 4971
planning flow reduced
plan limit 780
compute initial stop until 0
current timestep 4975
planning flow reduced
plan limit 790
compute initial stop until 0
current timestep 4980
planning flow reduced
plan limit 782
compute initial stop until 0
current timestep 4984
planning flow reduced
plan limit 788
compute initial stop until 0
current timestep 4989
planning flow reduced
plan limit 779
compute initial stop until 0
current timestep 4993
planning flow reduced
plan limit 786
compute initial stop until 0
current timestep 4997
planning flow reduced
plan limit 777
compute initial stop until 0
current timestep 5001
planning flow reduced
plan limit 771
compute initial stop until 0
current timestep 5005
planning flow reduced
plan limit 785
compute initial stop until 0
current timestep 5009
planning flow reduced
plan limit 783
compute initial stop until 0
current timestep 5013
planning flow reduced
plan limit 788
compute initial stop until 0
current timestep 5017
planning flow reduced
plan limit 785
compute initial stop until 0
current timestep 5021
planning flow reduced
plan limit 784
compute initial stop until 0
current timestep 5025
planning flow reduced
plan limit 782
compute initial stop until 0
current timestep 5029
planning flow reduced
plan limit 784
compute initial stop until 0
current timestep 5033
planning flow reduced
plan limit 777
compute initial stop until 0
current timestep 5037
planning flow reduced
plan limit 781
compute initial stop until 0
current timestep 5041
planning flow reduced
plan limit 784
compute initial stop until 0
current timestep 5045
planning flow reduced
plan limit 742
compute initial stop until 0
current timestep 5048
planning flow reduced
plan limit 785
compute initial stop until 0
current timestep 5052
planning flow reduced
plan limit 785
compute initial stop until 0
current timestep 5056
planning flow reduced
plan limit 784
compute initial stop until 0
current timestep 5061
planning flow reduced
plan limit 782
compute initial stop until 0
current timestep 5065
planning flow reduced
plan limit 734
compute initial stop until 0
current timestep 5068
planning flow reduced
plan limit 784
compute initial stop until 0
current timestep 5072
planning flow reduced
plan limit 787
compute initial stop until 0
current timestep 5076
planning flow reduced
plan limit 619
compute initial stop until 0
current timestep 5082
planning flow reduced
plan limit 781
compute initial stop until 0
current timestep 5086
planning flow reduced
plan limit 732
compute initial stop until 0
current timestep 5089
planning flow reduced
plan limit 783
compute initial stop until 0
current timestep 5093
planning flow reduced
plan limit 786
compute initial stop until 0
current timestep 5097
planning flow reduced
plan limit 784
compute initial stop until 0
current timestep 5101
planning flow reduced
plan limit 784
compute initial stop until 0
current timestep 5105
planning flow reduced
plan limit 781
compute initial stop until 0
current timestep 5109
planning flow reduced
plan limit 788
compute initial stop until 0
current timestep 5113
planning flow reduced
plan limit 785
compute initial stop until 0
current timestep 5117
planning flow reduced
plan limit 778
compute initial stop until 0
current timestep 5121
planning flow reduced
plan limit 733
compute initial stop until 0
current timestep 5124
planning flow reduced
plan limit 787
compute initial stop until 0
current timestep 5128
planning flow reduced
plan limit 754
compute initial stop until 0
current timestep 5131
planning flow reduced
plan limit 791
compute initial stop until 0
current timestep 5135
planning flow reduced
plan limit 759
compute initial stop until 0
current timestep 5139
planning flow reduced
plan limit 755
compute initial stop until 0
current timestep 5142
planning flow reduced
plan limit 784
compute initial stop until 0
current timestep 5146
planning flow reduced
plan limit 792
compute initial stop until 0
current timestep 5150
planning flow reduced
plan limit 783
compute initial stop until 0
current timestep 5154
planning flow reduced
plan limit 748
compute initial stop until 0
current timestep 5157
planning flow reduced
plan limit 787
compute initial stop until 0
current timestep 5161
planning flow reduced
plan limit 766
compute initial stop until 0
current timestep 5165
planning flow reduced
plan limit 768
compute initial stop until 0
current timestep 5169
planning flow reduced
plan limit 763
compute initial stop until 0
current timestep 5173
planning flow reduced
plan limit 786
compute initial stop until 0
current timestep 5177
planning flow reduced
plan limit 784
compute initial stop until 0
current timestep 5181
planning flow reduced
plan limit 781
compute initial stop until 0
current timestep 5185
planning flow reduced
plan limit 775
compute initial stop until 0
current timestep 5189
planning flow reduced
plan limit 769
compute initial stop until 0
current timestep 5193
planning flow reduced
plan limit 779
compute initial stop until 0
current timestep 5197
planning flow reduced
plan limit 788
compute initial stop until 0
current timestep 5202
planning flow reduced
plan limit 786
compute initial stop until 0
current timestep 5205
planning flow reduced
plan limit 729
compute initial stop until 0
current timestep 5209
planning flow reduced
plan limit 755
compute initial stop until 0
current timestep 5212
planning flow reduced
plan limit 733
compute initial stop until 0
current timestep 5216
planning flow reduced
plan limit 790
compute initial stop until 0
current timestep 5220
planning flow reduced
plan limit 782
compute initial stop until 0
current timestep 5223
planning flow reduced
plan limit 789
compute initial stop until 0
current timestep 5227
planning flow reduced
plan limit 792
compute initial stop until 0
current timestep 5231
planning flow reduced
plan limit 787
compute initial stop until 0
current timestep 5235
planning flow reduced
plan limit 791
compute initial stop until 0
current timestep 5239
planning flow reduced
plan limit 791
compute initial stop until 0
current timestep 5243
planning flow reduced
plan limit 792
compute initial stop until 0
current timestep 5247
planning flow reduced
plan limit 789
compute initial stop until 0
current timestep 5251
planning flow reduced
plan limit 793
compute initial stop until 0
current timestep 5255
planning flow reduced
plan limit 751
compute initial stop until 0
current timestep 5259
planning flow reduced
plan limit 792
compute initial stop until 0
current timestep 5264
planning flow reduced
plan limit 796
compute initial stop until 0
current timestep 5269
planning flow reduced
plan limit 796
compute initial stop until 0
current timestep 5274
planning flow reduced
plan limit 794
compute initial stop until 0
current timestep 5278
planning flow reduced
plan limit 792
compute initial stop until 0
current timestep 5283
planning flow reduced
plan limit 795
compute initial stop until 0
current timestep 5288
planning flow reduced
plan limit 789
compute initial stop until 0
current timestep 5292
planning flow reduced
plan limit 790
compute initial stop until 0
current timestep 5296
planning flow reduced
plan limit 791
compute initial stop until 0
current timestep 5300
planning flow reduced
plan limit 781
compute initial stop until 0
current timestep 5303
planning flow reduced
plan limit 793
compute initial stop until 0
current timestep 5308
planning flow reduced
plan limit 753
compute initial stop until 0
current timestep 5312
planning flow reduced
plan limit 794
compute initial stop until 0
current timestep 5317
planning flow reduced
plan limit 791
compute initial stop until 0
current timestep 5321
planning flow reduced
plan limit 789
compute initial stop until 0
current timestep 5325
planning flow reduced
plan limit 790
compute initial stop until 0
current timestep 5330
planning flow reduced
plan limit 789
compute initial stop until 0
current timestep 5334
planning flow reduced
plan limit 792
compute initial stop until 0
current timestep 5338
planning flow reduced
plan limit 790
compute initial stop until 0
current timestep 5342
planning flow reduced
plan limit 793
compute initial stop until 0
current timestep 5347
planning flow reduced
plan limit 796
compute initial stop until 0
current timestep 5352
planning flow reduced
plan limit 791
compute initial stop until 0
current timestep 5357
planning flow reduced
plan limit 792
compute initial stop until 0
current timestep 5361
planning flow reduced
plan limit 790
compute initial stop until 0
current timestep 5365
planning flow reduced
plan limit 792
compute initial stop until 0
current timestep 5370
planning flow reduced
plan limit 786
compute initial stop until 0
current timestep 5374
planning flow reduced
plan limit 790
compute initial stop until 0
current timestep 5378
planning flow reduced
plan limit 754
compute initial stop until 0
current timestep 5382
planning flow reduced
plan limit 790
compute initial stop until 0
current timestep 5386
planning flow reduced
plan limit 787
compute initial stop until 0
current timestep 5391
planning flow reduced
plan limit 788
compute initial stop until 0
current timestep 5395
planning flow reduced
plan limit 782
compute initial stop until 0
current timestep 5399
planning flow reduced
plan limit 790
compute initial stop until 0
current timestep 5403
planning flow reduced
plan limit 755
compute initial stop until 0
current timestep 5407
planning flow reduced
plan limit 790
compute initial stop until 0
current timestep 5411
planning flow reduced
plan limit 785
compute initial stop until 0
current timestep 5415
planning flow reduced
plan limit 795
compute initial stop until 0
current timestep 5419
planning flow reduced
plan limit 746
compute initial stop until 0
current timestep 5423
planning flow reduced
plan limit 791
compute initial stop until 0
current timestep 5427
planning flow reduced
plan limit 791
compute initial stop until 0
current timestep 5431
planning flow reduced
plan limit 743
compute initial stop until 0
current timestep 5435
planning flow reduced
plan limit 789
compute initial stop until 0
current timestep 5439
planning flow reduced
plan limit 793
compute initial stop until 0
current timestep 5443
planning flow reduced
plan limit 796
compute initial stop until 0
current timestep 5447
planning flow reduced
plan limit 787
compute initial stop until 0
current timestep 5450
planning flow reduced
plan limit 796
compute initial stop until 0
current timestep 5454
planning flow reduced
plan limit 792
compute initial stop until 0
current timestep 5457
planning flow reduced
plan limit 793
compute initial stop until 0
current timestep 5460
planning flow reduced
plan limit 792
compute initial stop until 0
current timestep 5463
planning flow reduced
plan limit 788
compute initial stop until 0
current timestep 5466
planning flow reduced
plan limit 791
compute initial stop until 0
current timestep 5469
planning flow reduced
plan limit 747
compute initial stop until 0
current timestep 5473
planning flow reduced
plan limit 749
compute initial stop until 0
current timestep 5477
planning flow reduced
plan limit 791
compute initial stop until 0
current timestep 5482
planning flow reduced
plan limit 791
compute initial stop until 0
current timestep 5487
planning flow reduced
plan limit 789
compute initial stop until 0
current timestep 5491
planning flow reduced
plan limit 790
compute initial stop until 0
current timestep 5495
planning flow reduced
plan limit 739
compute initial stop until 0
current timestep 5498
planning flow reduced
plan limit 789
compute initial stop until 0
current timestep 5502
planning flow reduced
plan limit 786
compute initial stop until 0
current timestep 5506
planning flow reduced
plan limit 787
compute initial stop until 0
current timestep 5510
planning flow reduced
plan limit 787
compute initial stop until 0
current timestep 5514
planning flow reduced
plan limit 791
compute initial stop until 0
current timestep 5518
planning flow reduced
plan limit 793
compute initial stop until 0
current timestep 5523
planning flow reduced
plan limit 794
compute initial stop until 0
current timestep 5527
planning flow reduced
plan limit 755
compute initial stop until 0
current timestep 5531
planning flow reduced
plan limit 797
compute initial stop until 0
current timestep 5536
planning flow reduced
plan limit 800
compute initial stop until 0
current timestep 5541
planning flow reduced
plan limit 788
compute initial stop until 0
current timestep 5544
planning flow reduced
plan limit 796
compute initial stop until 0
current timestep 5548
planning flow reduced
plan limit 734
compute initial stop until 0
current timestep 5551
planning flow reduced
plan limit 796
compute initial stop until 0
current timestep 5555
planning flow reduced
plan limit 790
compute initial stop until 0
current timestep 5559
planning flow reduced
plan limit 790
compute initial stop until 0
current timestep 5564
planning flow reduced
plan limit 793
compute initial stop until 0
current timestep 5568
planning flow reduced
plan limit 794
compute initial stop until 0
current timestep 5573
planning flow reduced
plan limit 787
compute initial stop until 0
current timestep 5577
planning flow reduced
plan limit 795
compute initial stop until 0
current timestep 5582
planning flow reduced
plan limit 789
compute initial stop until 0
current timestep 5586
planning flow reduced
plan limit 794
compute initial stop until 0
current timestep 5589
planning flow reduced
plan limit 791
compute initial stop until 0
current timestep 5593
planning flow reduced
plan limit 795
compute initial stop until 0
current timestep 5598
planning flow reduced
plan limit 786
compute initial stop until 0
current timestep 5602
planning flow reduced
plan limit 790
compute initial stop until 0
current timestep 5607
planning flow reduced
plan limit 787
compute initial stop until 0
current timestep 5611
planning flow reduced
plan limit 760
compute initial stop until 0
current timestep 5615
planning flow reduced
plan limit 791
compute initial stop until 0
current timestep 5620
planning flow reduced
plan limit 784
compute initial stop until 0
current timestep 5624
planning flow reduced
plan limit 794
compute initial stop until 0
current timestep 5629
planning flow reduced
plan limit 791
compute initial stop until 0
current timestep 5633
planning flow reduced
plan limit 791
compute initial stop until 0
current timestep 5638
planning flow reduced
plan limit 741
compute initial stop until 0
current timestep 5643
planning flow reduced
plan limit 789
compute initial stop until 0
current timestep 5647
planning flow reduced
plan limit 739
compute initial stop until 0
current timestep 5650
planning flow reduced
plan limit 780
compute initial stop until 0
current timestep 5654
planning flow reduced
plan limit 788
compute initial stop until 0
current timestep 5658
planning flow reduced
plan limit 792
compute initial stop until 0
current timestep 5661
planning flow reduced
plan limit 792
compute initial stop until 0
current timestep 5665
planning flow reduced
plan limit 723
compute initial stop until 0
current timestep 5669
planning flow reduced
plan limit 789
compute initial stop until 0
current timestep 5673
planning flow reduced
plan limit 787
compute initial stop until 0
current timestep 5677
planning flow reduced
plan limit 786
compute initial stop until 0
current timestep 5681
planning flow reduced
plan limit 790
compute initial stop until 0
current timestep 5684
planning flow reduced
plan limit 792
compute initial stop until 0
current timestep 5687
planning flow reduced
plan limit 788
compute initial stop until 0
current timestep 5691
planning flow reduced
plan limit 786
compute initial stop until 0
current timestep 5695
planning flow reduced
plan limit 789
compute initial stop until 0
current timestep 5699
planning flow reduced
plan limit 781
compute initial stop until 0
current timestep 5703
planning flow reduced
plan limit 787
compute initial stop until 0
current timestep 5707
planning flow reduced
plan limit 782
compute initial stop until 0
current timestep 5711
planning flow reduced
plan limit 736
compute initial stop until 0
current timestep 5715
planning flow reduced
plan limit 781
compute initial stop until 0
current timestep 5718
planning flow reduced
plan limit 781
compute initial stop until 0
current timestep 5721
planning flow reduced
plan limit 789
compute initial stop until 0
current timestep 5725
planning flow reduced
plan limit 779
compute initial stop until 0
current timestep 5728
planning flow reduced
plan limit 777
compute initial stop until 0
current timestep 5731
planning flow reduced
plan limit 776
compute initial stop until 0
current timestep 5734
planning flow reduced
plan limit 774
compute initial stop until 0
current timestep 5738
planning flow reduced
plan limit 734
compute initial stop until 0
current timestep 5742
planning flow reduced
plan limit 775
compute initial stop until 0
current timestep 5745
planning flow reduced
plan limit 785
compute initial stop until 0
current timestep 5749
planning flow reduced
plan limit 786
compute initial stop until 0
current timestep 5752
planning flow reduced
plan limit 788
compute initial stop until 0
current timestep 5755
planning flow reduced
plan limit 774
compute initial stop until 0
current timestep 5758
planning flow reduced
plan limit 776
compute initial stop until 0
current timestep 5761
planning flow reduced
plan limit 751
compute initial stop until 0
current timestep 5764
planning flow reduced
plan limit 779
compute initial stop until 0
current timestep 5768
planning flow reduced
plan limit 772
compute initial stop until 0
current timestep 5771
planning flow reduced
plan limit 760
compute initial stop until 0
current timestep 5775
planning flow reduced
plan limit 754
compute initial stop until 0
current timestep 5780
planning flow reduced
plan limit 765
compute initial stop until 0
current timestep 5784
planning flow reduced
plan limit 760
compute initial stop until 0
current timestep 5788
planning flow reduced
plan limit 772
compute initial stop until 0
current timestep 5791
planning flow reduced
plan limit 749
compute initial stop until 0
current timestep 5794
planning flow reduced
plan limit 772
compute initial stop until 0
current timestep 5797
planning flow reduced
plan limit 765
compute initial stop until 0
current timestep 5801
planning flow reduced
plan limit 773
compute initial stop until 0
current timestep 5804
planning flow reduced
plan limit 716
compute initial stop until 0
current timestep 5810
planning flow reduced
plan limit 744
compute initial stop until 0
current timestep 5815
planning flow reduced
plan limit 780
compute initial stop until 0
current timestep 5819
planning flow reduced
plan limit 784
compute initial stop until 0
current timestep 5822
planning flow reduced
plan limit 783
compute initial stop until 0
current timestep 5826
planning flow reduced
plan limit 721
compute initial stop until 0
current timestep 5831
planning flow reduced
plan limit 728
compute initial stop until 0
current timestep 5835
planning flow reduced
plan limit 754
compute initial stop until 0
current timestep 5838
planning flow reduced
plan limit 778
compute initial stop until 0
current timestep 5841
planning flow reduced
plan limit 759
compute initial stop until 0
current timestep 5844
planning flow reduced
plan limit 796
compute initial stop until 0
current timestep 5847
planning flow reduced
plan limit 786
compute initial stop until 0
current timestep 5851
planning flow reduced
plan limit 789
compute initial stop until 0
current timestep 5856
planning flow reduced
plan limit 787
compute initial stop until 0
current timestep 5860
planning flow reduced
plan limit 791
compute initial stop until 0
current timestep 5865
planning flow reduced
plan limit 787
compute initial stop until 0
current timestep 5870
planning flow reduced
plan limit 762
compute initial stop until 0
current timestep 5874
planning flow reduced
plan limit 776
compute initial stop until 0
current timestep 5878
planning flow reduced
plan limit 792
compute initial stop until 0
current timestep 5883
planning flow reduced
plan limit 780
compute initial stop until 0
current timestep 5887
planning flow reduced
plan limit 733
compute initial stop until 0
current timestep 5890
planning flow reduced
plan limit 781
compute initial stop until 0
current timestep 5893
planning flow reduced
plan limit 768
compute initial stop until 0
current timestep 5896
planning flow reduced
plan limit 775
compute initial stop until 0
current timestep 5899
planning flow reduced
plan limit 741
compute initial stop until 0
current timestep 5903
planning flow reduced
plan limit 779
compute initial stop until 0
current timestep 5906
planning flow reduced
plan limit 791
compute initial stop until 0
current timestep 5909
planning flow reduced
plan limit 780
compute initial stop until 0
current timestep 5912
planning flow reduced
plan limit 787
compute initial stop until 0
current timestep 5915
planning flow reduced
plan limit 754
compute initial stop until 0
current timestep 5918
planning flow reduced
plan limit 789
compute initial stop until 0
current timestep 5922
planning flow reduced
plan limit 791
compute initial stop until 0
current timestep 5927
planning flow reduced
plan limit 793
compute initial stop until 0
current timestep 5931
planning flow reduced
plan limit 783
compute initial stop until 0
current timestep 5935
planning flow reduced
plan limit 785
compute initial stop until 0
current timestep 5939
planning flow reduced
plan limit 786
compute initial stop until 0
current timestep 5943
planning flow reduced
plan limit 790
compute initial stop until 0
current timestep 5948
planning flow reduced
plan limit 792
compute initial stop until 0
current timestep 5952
planning flow reduced
plan limit 778
compute initial stop until 0
current timestep 5956
planning flow reduced
plan limit 787
compute initial stop until 0
current timestep 5960
planning flow reduced
plan limit 791
compute initial stop until 0
current timestep 5964
planning flow reduced
plan limit 790
compute initial stop until 0
current timestep 5968
planning flow reduced
plan limit 789
compute initial stop until 0
current timestep 5972
planning flow reduced
plan limit 784
compute initial stop until 0
current timestep 5976
planning flow reduced
plan limit 786
compute initial stop until 0
current timestep 5980
planning flow reduced
plan limit 786
compute initial stop until 0
current timestep 5984
planning flow reduced
plan limit 788
compute initial stop until 0
current timestep 5988
planning flow reduced
plan limit 787
compute initial stop until 0
current timestep 5992
planning flow reduced
plan limit 783
compute initial stop until 0
current timestep 5996
planning flow reduced
plan limit 792
compute initial stop until 0
current timestep 6001
planning flow reduced
plan limit 785
compute initial stop until 0
current timestep 6005
planning flow reduced
plan limit 787
compute initial stop until 0
current timestep 6009
planning flow reduced
plan limit 792
compute initial stop until 0
current timestep 6013
planning flow reduced
plan limit 777
compute initial stop until 0
current timestep 6016
planning flow reduced
plan limit 793
compute initial stop until 0
current timestep 6019
planning flow reduced
plan limit 786
compute initial stop until 0
current timestep 6022
planning flow reduced
plan limit 791
compute initial stop until 0
current timestep 6025
planning flow reduced
plan limit 786
compute initial stop until 0
current timestep 6028
planning flow reduced
plan limit 734
compute initial stop until 0
current timestep 6031
planning flow reduced
plan limit 783
compute initial stop until 0
current timestep 6035
planning flow reduced
plan limit 750
compute initial stop until 0
current timestep 6038
planning flow reduced
plan limit 790
compute initial stop until 0
current timestep 6042
planning flow reduced
plan limit 785
compute initial stop until 0
current timestep 6046
planning flow reduced
plan limit 792
compute initial stop until 0
current timestep 6050
planning flow reduced
plan limit 787
compute initial stop until 0
current timestep 6054
planning flow reduced
plan limit 730
compute initial stop until 0
current timestep 6057
planning flow reduced
plan limit 782
compute initial stop until 0
current timestep 6061
planning flow reduced
plan limit 776
compute initial stop until 0
current timestep 6064
planning flow reduced
plan limit 782
compute initial stop until 0
current timestep 6068
planning flow reduced
plan limit 775
compute initial stop until 0
current timestep 6072
planning flow reduced
plan limit 728
compute initial stop until 0
current timestep 6075
planning flow reduced
plan limit 782
compute initial stop until 0
current timestep 6079
planning flow reduced
plan limit 781
compute initial stop until 0
current timestep 6082
planning flow reduced
plan limit 783
compute initial stop until 0
current timestep 6086
planning flow reduced
plan limit 781
compute initial stop until 0
current timestep 6090
planning flow reduced
plan limit 783
compute initial stop until 0
current timestep 6094
planning flow reduced
plan limit 777
compute initial stop until 0
current timestep 6098
planning flow reduced
plan limit 786
compute initial stop until 0
current timestep 6101
planning flow reduced
plan limit 775
compute initial stop until 0
current timestep 6104
planning flow reduced
plan limit 773
compute initial stop until 0
current timestep 6107
planning flow reduced
plan limit 781
compute initial stop until 0
current timestep 6110
planning flow reduced
plan limit 779
compute initial stop until 0
current timestep 6113
planning flow reduced
plan limit 780
compute initial stop until 0
current timestep 6116
planning flow reduced
plan limit 785
compute initial stop until 0
current timestep 6120
planning flow reduced
plan limit 780
compute initial stop until 0
current timestep 6123
planning flow reduced
plan limit 774
compute initial stop until 0
current timestep 6126
planning flow reduced
plan limit 794
compute initial stop until 0
current timestep 6129
planning flow reduced
plan limit 732
compute initial stop until 0
current timestep 6132
planning flow reduced
plan limit 779
compute initial stop until 0
current timestep 6135
planning flow reduced
plan limit 719
compute initial stop until 0
current timestep 6144
planning flow reduced
plan limit 748
compute initial stop until 0
current timestep 6150
planning flow reduced
plan limit 670
compute initial stop until 0
current timestep 6155
planning flow reduced
plan limit 758
compute initial stop until 0
current timestep 6161
planning flow reduced
plan limit 750
compute initial stop until 0
current timestep 6167
planning flow reduced
plan limit 742
compute initial stop until 0
current timestep 6173
planning flow reduced
plan limit 775
compute initial stop until 0
current timestep 6177
planning flow reduced
plan limit 717
compute initial stop until 0
current timestep 6181
planning flow reduced
plan limit 768
compute initial stop until 0
current timestep 6184
planning flow reduced
plan limit 787
compute initial stop until 0
current timestep 6188
planning flow reduced
plan limit 771
compute initial stop until 0
current timestep 6192
planning flow reduced
plan limit 771
compute initial stop until 0
current timestep 6195
planning flow reduced
plan limit 733
compute initial stop until 0
current timestep 6199
planning flow reduced
plan limit 747
compute initial stop until 0
current timestep 6202
planning flow reduced
plan limit 766
compute initial stop until 0
current timestep 6206
planning flow reduced
plan limit 786
compute initial stop until 0
current timestep 6209
planning flow reduced
plan limit 784
compute initial stop until 0
current timestep 6212
planning flow reduced
plan limit 786
compute initial stop until 0
current timestep 6216
planning flow reduced
plan limit 738
compute initial stop until 0
current timestep 6220
planning flow reduced
plan limit 782
compute initial stop until 0
current timestep 6224
planning flow reduced
plan limit 790
compute initial stop until 0
current timestep 6228
planning flow reduced
plan limit 732
compute initial stop until 0
current timestep 6232
planning flow reduced
plan limit 789
compute initial stop until 0
current timestep 6236
planning flow reduced
plan limit 781
compute initial stop until 0
current timestep 6240
planning flow reduced
plan limit 786
compute initial stop until 0
current timestep 6244
planning flow reduced
plan limit 782
compute initial stop until 0
current timestep 6248
planning flow reduced
plan limit 760
compute initial stop until 0
current timestep 6251
planning flow reduced
plan limit 783
compute initial stop until 0
current timestep 6254
planning flow reduced
plan limit 789
compute initial stop until 0
current timestep 6257
planning flow reduced
plan limit 781
compute initial stop until 0
current timestep 6260
planning flow reduced
plan limit 790
compute initial stop until 0
current timestep 6264
planning flow reduced
plan limit 789
compute initial stop until 0
current timestep 6268
planning flow reduced
plan limit 783
compute initial stop until 0
current timestep 6272
planning flow reduced
plan limit 788
compute initial stop until 0
current timestep 6276
planning flow reduced
plan limit 783
compute initial stop until 0
current timestep 6280
planning flow reduced
plan limit 789
compute initial stop until 0
current timestep 6284
planning flow reduced
plan limit 783
compute initial stop until 0
current timestep 6288
planning flow reduced
plan limit 787
compute initial stop until 0
current timestep 6292
planning flow reduced
plan limit 793
compute initial stop until 0
current timestep 6296
planning flow reduced
plan limit 758
compute initial stop until 0
current timestep 6299
planning flow reduced
plan limit 747
compute initial stop until 0
current timestep 6302
planning flow reduced
plan limit 785
compute initial stop until 0
current timestep 6306
planning flow reduced
plan limit 791
compute initial stop until 0
current timestep 6310
planning flow reduced
plan limit 783
compute initial stop until 0
current timestep 6314
planning flow reduced
plan limit 787
compute initial stop until 0
current timestep 6318
planning flow reduced
plan limit 760
compute initial stop until 0
current timestep 6321
planning flow reduced
plan limit 789
compute initial stop until 0
current timestep 6325
planning flow reduced
plan limit 741
compute initial stop until 0
current timestep 6329
planning flow reduced
plan limit 789
compute initial stop until 0
current timestep 6333
planning flow reduced
plan limit 788
compute initial stop until 0
current timestep 6337
planning flow reduced
plan limit 786
compute initial stop until 0
current timestep 6341
planning flow reduced
plan limit 792
compute initial stop until 0
current timestep 6345
planning flow reduced
plan limit 787
compute initial stop until 0
current timestep 6349
planning flow reduced
plan limit 784
compute initial stop until 0
current timestep 6352
planning flow reduced
plan limit 758
compute initial stop until 0
current timestep 6355
planning flow reduced
plan limit 781
compute initial stop until 0
current timestep 6359
planning flow reduced
plan limit 789
compute initial stop until 0
current timestep 6363
planning flow reduced
plan limit 784
compute initial stop until 0
current timestep 6367
planning flow reduced
plan limit 787
compute initial stop until 0
current timestep 6371
planning flow reduced
plan limit 780
compute initial stop until 0
current timestep 6374
planning flow reduced
plan limit 765
compute initial stop until 0
current timestep 6377
planning flow reduced
plan limit 736
compute initial stop until 0
current timestep 6381
planning flow reduced
plan limit 778
compute initial stop until 0
current timestep 6384
planning flow reduced
plan limit 786
compute initial stop until 0
current timestep 6388
planning flow reduced
plan limit 782
compute initial stop until 0
current timestep 6391
planning flow reduced
plan limit 787
compute initial stop until 0
current timestep 6394
planning flow reduced
plan limit 741
compute initial stop until 0
current timestep 6398
planning flow reduced
plan limit 788
compute initial stop until 0
current timestep 6402
planning flow reduced
plan limit 791
compute initial stop until 0
current timestep 6406
planning flow reduced
plan limit 797
compute initial stop until 0
current timestep 6410
planning flow reduced
plan limit 789
compute initial stop until 0
current timestep 6414
planning flow reduced
plan limit 795
compute initial stop until 0
current timestep 6418
planning flow reduced
plan limit 740
compute initial stop until 0
current timestep 6422
planning flow reduced
plan limit 796
compute initial stop until 0
current timestep 6426
planning flow reduced
plan limit 789
compute initial stop until 0
current timestep 6430
planning flow reduced
plan limit 798
compute initial stop until 0
current timestep 6434
planning flow reduced
plan limit 790
compute initial stop until 0
current timestep 6438
planning flow reduced
plan limit 782
compute initial stop until 0
current timestep 6442
planning flow reduced
plan limit 791
compute initial stop until 0
current timestep 6446
planning flow reduced
plan limit 785
compute initial stop until 0
current timestep 6450
planning flow reduced
plan limit 788
compute initial stop until 0
current timestep 6454
planning flow reduced
plan limit 782
compute initial stop until 0
current timestep 6458
planning flow reduced
plan limit 785
compute initial stop until 0
current timestep 6462
planning flow reduced
plan limit 780
compute initial stop until 0
current timestep 6465
planning flow reduced
plan limit 760
compute initial stop until 0
current timestep 6470
planning flow reduced
plan limit 780
compute initial stop until 0
current timestep 6473
planning flow reduced
plan limit 790
compute initial stop until 0
current timestep 6477
planning flow reduced
plan limit 784
compute initial stop until 0
current timestep 6481
planning flow reduced
plan limit 784
compute initial stop until 0
current timestep 6484
planning flow reduced
plan limit 780
compute initial stop until 0
current timestep 6487
planning flow reduced
plan limit 790
compute initial stop until 0
current timestep 6491
planning flow reduced
plan limit 745
compute initial stop until 0
current timestep 6494
planning flow reduced
plan limit 797
compute initial stop until 0
current timestep 6498
planning flow reduced
plan limit 791
compute initial stop until 0
current timestep 6502
planning flow reduced
plan limit 795
compute initial stop until 0
current timestep 6506
planning flow reduced
plan limit 792
compute initial stop until 0
current timestep 6509
planning flow reduced
plan limit 791
compute initial stop until 0
current timestep 6512
planning flow reduced
plan limit 788
compute initial stop until 0
current timestep 6515
planning flow reduced
plan limit 793
compute initial stop until 0
current timestep 6518
planning flow reduced
plan limit 788
compute initial stop until 0
current timestep 6521
planning flow reduced
plan limit 792
compute initial stop until 0
current timestep 6525
planning flow reduced
plan limit 753
compute initial stop until 0
current timestep 6528
planning flow reduced
plan limit 790
compute initial stop until 0
current timestep 6532
planning flow reduced
plan limit 790
compute initial stop until 0
current timestep 6536
planning flow reduced
plan limit 794
compute initial stop until 0
current timestep 6539
planning flow reduced
plan limit 791
compute initial stop until 0
current timestep 6543
planning flow reduced
plan limit 763
compute initial stop until 0
current timestep 6547
planning flow reduced
plan limit 791
compute initial stop until 0
current timestep 6551
planning flow reduced
plan limit 753
compute initial stop until 0
current timestep 6555
planning flow reduced
plan limit 790
compute initial stop until 0
current timestep 6559
planning flow reduced
plan limit 784
compute initial stop until 0
current timestep 6562
planning flow reduced
plan limit 791
compute initial stop until 0
current timestep 6566
planning flow reduced
plan limit 789
compute initial stop until 0
current timestep 6570
planning flow reduced
plan limit 791
compute initial stop until 0
current timestep 6574
planning flow reduced
plan limit 792
compute initial stop until 0
current timestep 6578
planning flow reduced
plan limit 783
compute initial stop until 0
current timestep 6581
planning flow reduced
plan limit 786
compute initial stop until 0
current timestep 6585
planning flow reduced
plan limit 791
compute initial stop until 0
current timestep 6589
planning flow reduced
plan limit 791
compute initial stop until 0
current timestep 6593
planning flow reduced
plan limit 793
compute initial stop until 0
current timestep 6597
planning flow reduced
plan limit 785
compute initial stop until 0
current timestep 6600
planning flow reduced
plan limit 792
compute initial stop until 0
current timestep 6604
planning flow reduced
plan limit 789
compute initial stop until 0
current timestep 6607
planning flow reduced
plan limit 792
compute initial stop until 0
current timestep 6611
planning flow reduced
plan limit 773
compute initial stop until 0
current timestep 6614
planning flow reduced
plan limit 792
compute initial stop until 0
current timestep 6618
planning flow reduced
plan limit 791
compute initial stop until 0
current timestep 6622
planning flow reduced
plan limit 789
compute initial stop until 0
current timestep 6626
planning flow reduced
plan limit 782
compute initial stop until 0
current timestep 6629
planning flow reduced
plan limit 789
compute initial stop until 0
current timestep 6633
planning flow reduced
plan limit 788
compute initial stop until 0
current timestep 6636
planning flow reduced
plan limit 788
compute initial stop until 0
current timestep 6640
planning flow reduced
plan limit 792
compute initial stop until 0
current timestep 6644
planning flow reduced
plan limit 781
compute initial stop until 0
current timestep 6647
planning flow reduced
plan limit 787
compute initial stop until 0
current timestep 6650
planning flow reduced
plan limit 794
compute initial stop until 0
current timestep 6654
planning flow reduced
plan limit 784
compute initial stop until 0
current timestep 6658
planning flow reduced
plan limit 793
compute initial stop until 0
current timestep 6661
planning flow reduced
plan limit 796
compute initial stop until 0
current timestep 6665
planning flow reduced
plan limit 786
compute initial stop until 0
current timestep 6668
planning flow reduced
plan limit 795
compute initial stop until 0
current timestep 6672
planning flow reduced
plan limit 782
compute initial stop until 0
current timestep 6675
planning flow reduced
plan limit 729
compute initial stop until 0
current timestep 6680
planning flow reduced
plan limit 790
compute initial stop until 0
current timestep 6684
planning flow reduced
plan limit 779
compute initial stop until 0
current timestep 6687
planning flow reduced
plan limit 789
compute initial stop until 0
current timestep 6691
planning flow reduced
plan limit 783
compute initial stop until 0
current timestep 6695
planning flow reduced
plan limit 790
compute initial stop until 0
current timestep 6699
planning flow reduced
plan limit 785
compute initial stop until 0
current timestep 6702
planning flow reduced
plan limit 779
compute initial stop until 0
current timestep 6705
planning flow reduced
plan limit 753
compute initial stop until 0
current timestep 6712
planning flow reduced
plan limit 779
compute initial stop until 0
current timestep 6716
planning flow reduced
plan limit 742
compute initial stop until 0
current timestep 6723
planning flow reduced
plan limit 772
compute initial stop until 0
current timestep 6730
planning flow reduced
plan limit 764
compute initial stop until 0
current timestep 6737
planning flow reduced
plan limit 739
compute initial stop until 0
current timestep 6744
planning flow reduced
plan limit 775
compute initial stop until 0
current timestep 6749
planning flow reduced
plan limit 783
compute initial stop until 0
current timestep 6753
planning flow reduced
plan limit 778
compute initial stop until 0
current timestep 6757
planning flow reduced
plan limit 770
compute initial stop until 0
current timestep 6762
planning flow reduced
plan limit 736
compute initial stop until 0
current timestep 6766
planning flow reduced
plan limit 786
compute initial stop until 0
current timestep 6769
planning flow reduced
plan limit 772
compute initial stop until 0
current timestep 6773
planning flow reduced
plan limit 749
compute initial stop until 0
current timestep 6779
planning flow reduced
plan limit 755
compute initial stop until 0
current timestep 6785
planning flow reduced
plan limit 710
compute initial stop until 0
current timestep 6791
planning flow reduced
plan limit 757
compute initial stop until 0
current timestep 6796
planning flow reduced
plan limit 758
compute initial stop until 0
current timestep 6800
planning flow reduced
plan limit 750
compute initial stop until 0
current timestep 6805
planning flow reduced
plan limit 772
compute initial stop until 0
current timestep 6809
planning flow reduced
plan limit 783
compute initial stop until 0
current timestep 6813
planning flow reduced
plan limit 763
compute initial stop until 0
current timestep 6818
planning flow reduced
plan limit 776
compute initial stop until 0
current timestep 6823
planning flow reduced
plan limit 765
compute initial stop until 0
current timestep 6829
planning flow reduced
plan limit 775
compute initial stop until 0
current timestep 6833
planning flow reduced
plan limit 777
compute initial stop until 0
current timestep 6836
planning flow reduced
plan limit 772
compute initial stop until 0
current timestep 6840
planning flow reduced
plan limit 784
compute initial stop until 0
current timestep 6843
planning flow reduced
plan limit 789
compute initial stop until 0
current timestep 6846
planning flow reduced
plan limit 682
compute initial stop until 0
current timestep 6852
planning flow reduced
plan limit 779
compute initial stop until 0
current timestep 6856
planning flow reduced
plan limit 774
compute initial stop until 0
current timestep 6860
planning flow reduced
plan limit 777
compute initial stop until 0
current timestep 6863
planning flow reduced
plan limit 786
compute initial stop until 0
current timestep 6866
planning flow reduced
plan limit 771
compute initial stop until 0
current timestep 6870
planning flow reduced
plan limit 769
compute initial stop until 0
current timestep 6874
planning flow reduced
plan limit 746
compute initial stop until 0
current timestep 6879
planning flow reduced
plan limit 773
compute initial stop until 0
current timestep 6883
planning flow reduced
plan limit 775
compute initial stop until 0
current timestep 6887
planning flow reduced
plan limit 774
compute initial stop until 0
current timestep 6890
planning flow reduced
plan limit 738
compute initial stop until 0
current timestep 6894
planning flow reduced
plan limit 779
compute initial stop until 0
current timestep 6898
planning flow reduced
plan limit 784
compute initial stop until 0
current timestep 6902
planning flow reduced
plan limit 773
compute initial stop until 0
current timestep 6907
planning flow reduced
plan limit 788
compute initial stop until 0
current timestep 6910
planning flow reduced
plan limit 791
compute initial stop until 0
current timestep 6914
planning flow reduced
plan limit 780
compute initial stop until 0
current timestep 6917
planning flow reduced
plan limit 789
compute initial stop until 0
current timestep 6921
planning flow reduced
plan limit 772
compute initial stop until 0
current timestep 6925
planning flow reduced
plan limit 770
compute initial stop until 0
current timestep 6928
planning flow reduced
plan limit 747
compute initial stop until 0
current timestep 6932
planning flow reduced
plan limit 779
compute initial stop until 0
current timestep 6936
planning flow reduced
plan limit 786
compute initial stop until 0
current timestep 6940
planning flow reduced
plan limit 745
compute initial stop until 0
current timestep 6944
planning flow reduced
plan limit 785
compute initial stop until 0
current timestep 6947
planning flow reduced
plan limit 777
compute initial stop until 0
current timestep 6950
planning flow reduced
plan limit 762
compute initial stop until 0
current timestep 6953
planning flow reduced
plan limit 776
compute initial stop until 0
current timestep 6956
planning flow reduced
plan limit 780
compute initial stop until 0
current timestep 6959
planning flow reduced
plan limit 771
compute initial stop until 0
current timestep 6963
planning flow reduced
plan limit 783
compute initial stop until 0
current timestep 6966
planning flow reduced
plan limit 779
compute initial stop until 0
current timestep 6969
planning flow reduced
plan limit 745
compute initial stop until 0
current timestep 6973
planning flow reduced
plan limit 791
compute initial stop until 0
current timestep 6976
planning flow reduced
plan limit 790
compute initial stop until 0
current timestep 6979
planning flow reduced
plan limit 781
compute initial stop until 0
current timestep 6982
planning flow reduced
plan limit 792
compute initial stop until 0
current timestep 6986
planning flow reduced
plan limit 788
compute initial stop until 0
current timestep 6989
planning flow reduced
plan limit 781
compute initial stop until 0
current timestep 6992
planning flow reduced
plan limit 790
compute initial stop until 0
current timestep 6995
planning flow reduced
plan limit 782
compute initial stop until 0
current timestep 6998
planning flow reduced
plan limit 787
compute initial stop until 0
