planner init
finish init
current timestep 0
planning flow reduced
plan limit 386
compute initial stop until 0
current timestep 1
planning flow reduced
plan limit 782
compute initial stop until 0
current timestep 3
planning flow reduced
plan limit 780
compute initial stop until 0
current timestep 4
planning flow reduced
plan limit 788
compute initial stop until 0
current timestep 6
planning flow reduced
plan limit 758
compute initial stop until 0
current timestep 8
planning flow reduced
plan limit 787
compute initial stop until 0
current timestep 10
planning flow reduced
plan limit 784
compute initial stop until 0
current timestep 12
planning flow reduced
plan limit 787
compute initial stop until 0
current timestep 15
planning flow reduced
plan limit 784
compute initial stop until 0
current timestep 17
planning flow reduced
plan limit 784
compute initial stop until 0
current timestep 19
planning flow reduced
plan limit 784
compute initial stop until 0
current timestep 22
planning flow reduced
plan limit 774
compute initial stop until 0
current timestep 24
planning flow reduced
plan limit 784
compute initial stop until 0
current timestep 27
planning flow reduced
plan limit 781
compute initial stop until 0
current timestep 30
planning flow reduced
plan limit 784
compute initial stop until 0
current timestep 33
planning flow reduced
plan limit 781
compute initial stop until 0
current timestep 36
planning flow reduced
plan limit 779
compute initial stop until 0
current timestep 39
planning flow reduced
plan limit 783
compute initial stop until 0
current timestep 43
planning flow reduced
plan limit 781
compute initial stop until 0
current timestep 47
planning flow reduced
plan limit 778
compute initial stop until 0
current timestep 51
planning flow reduced
plan limit 783
compute initial stop until 0
current timestep 55
planning flow reduced
plan limit 782
compute initial stop until 0
current timestep 59
planning flow reduced
plan limit 776
compute initial stop until 0
current timestep 63
planning flow reduced
plan limit 783
compute initial stop until 0
current timestep 67
planning flow reduced
plan limit 778
compute initial stop until 0
current timestep 71
planning flow reduced
plan limit 779
compute initial stop until 0
current timestep 75
planning flow reduced
plan limit 763
compute initial stop until 0
current timestep 79
planning flow reduced
plan limit 774
compute initial stop until 0
current timestep 83
planning flow reduced
plan limit 780
compute initial stop until 0
current timestep 88
planning flow reduced
plan limit 775
compute initial stop until 0
current timestep 93
planning flow reduced
plan limit 779
compute initial stop until 0
current timestep 98
planning flow reduced
plan limit 780
compute initial stop until 0
current timestep 103
planning flow reduced
plan limit 773
compute initial stop until 0
current timestep 108
planning flow reduced
plan limit 776
compute initial stop until 0
current timestep 113
planning flow reduced
plan limit 777
compute initial stop until 0
current timestep 118
planning flow reduced
plan limit 778
compute initial stop until 0
current timestep 123
planning flow reduced
plan limit 780
compute initial stop until 0
current timestep 129
planning flow reduced
plan limit 781
compute initial stop until 0
current timestep 134
planning flow reduced
plan limit 778
compute initial stop until 0
current timestep 140
planning flow reduced
plan limit 772
compute initial stop until 0
current timestep 146
planning flow reduced
plan limit 779
compute initial stop until 0
current timestep 152
planning flow reduced
plan limit 776
compute initial stop until 0
current timestep 158
planning flow reduced
plan limit 777
compute initial stop until 0
current timestep 164
planning flow reduced
plan limit 776
compute initial stop until 0
current timestep 170
planning flow reduced
plan limit 776
compute initial stop until 0
current timestep 176
planning flow reduced
plan limit 774
compute initial stop until 0
current timestep 182
planning flow reduced
plan limit 771
compute initial stop until 0
current timestep 188
planning flow reduced
plan limit 766
compute initial stop until 0
current timestep 193
planning flow reduced
plan limit 772
compute initial stop until 0
current timestep 199
planning flow reduced
plan limit 779
compute initial stop until 0
current timestep 205
planning flow reduced
plan limit 775
compute initial stop until 0
current timestep 212
planning flow reduced
plan limit 771
compute initial stop until 0
current timestep 218
planning flow reduced
plan limit 776
compute initial stop until 0
current timestep 224
planning flow reduced
plan limit 781
compute initial stop until 0
current timestep 230
planning flow reduced
plan limit 780
compute initial stop until 0
current timestep 237
planning flow reduced
plan limit 776
compute initial stop until 0
current timestep 243
planning flow reduced
plan limit 782
compute initial stop until 0
current timestep 249
planning flow reduced
plan limit 783
compute initial stop until 0
current timestep 255
planning flow reduced
plan limit 778
compute initial stop until 0
current timestep 261
planning flow reduced
plan limit 783
compute initial stop until 0
current timestep 267
planning flow reduced
plan limit 782
compute initial stop until 0
current timestep 273
planning flow reduced
plan limit 778
compute initial stop until 0
current timestep 279
planning flow reduced
plan limit 780
compute initial stop until 0
current timestep 285
planning flow reduced
plan limit 781
compute initial stop until 0
current timestep 291
planning flow reduced
plan limit 783
compute initial stop until 0
current timestep 297
planning flow reduced
plan limit 781
compute initial stop until 0
current timestep 303
planning flow reduced
plan limit 784
compute initial stop until 0
current timestep 309
planning flow reduced
plan limit 782
compute initial stop until 0
current timestep 315
planning flow reduced
plan limit 783
compute initial stop until 0
current timestep 321
planning flow reduced
plan limit 802
compute initial stop until 0
current timestep 327
planning flow reduced
plan limit 785
compute initial stop until 0
current timestep 333
planning flow reduced
plan limit 780
compute initial stop until 0
current timestep 339
planning flow reduced
plan limit 781
compute initial stop until 0
current timestep 346
planning flow reduced
plan limit 781
compute initial stop until 0
current timestep 352
planning flow reduced
plan limit 782
compute initial stop until 0
current timestep 358
planning flow reduced
plan limit 779
compute initial stop until 0
current timestep 365
planning flow reduced
plan limit 780
compute initial stop until 0
current timestep 371
planning flow reduced
plan limit 781
compute initial stop until 0
current timestep 377
planning flow reduced
plan limit 781
compute initial stop until 0
current timestep 383
planning flow reduced
plan limit 781
compute initial stop until 0
current timestep 389
planning flow reduced
plan limit 779
compute initial stop until 0
current timestep 395
planning flow reduced
plan limit 776
compute initial stop until 0
current timestep 402
planning flow reduced
plan limit 781
compute initial stop until 0
current timestep 409
planning flow reduced
plan limit 776
compute initial stop until 0
current timestep 415
planning flow reduced
plan limit 780
compute initial stop until 0
current timestep 421
planning flow reduced
plan limit 779
compute initial stop until 0
current timestep 427
planning flow reduced
plan limit 782
compute initial stop until 0
current timestep 433
planning flow reduced
plan limit 779
compute initial stop until 0
current timestep 439
planning flow reduced
plan limit 781
compute initial stop until 0
current timestep 445
planning flow reduced
plan limit 779
compute initial stop until 0
current timestep 451
planning flow reduced
plan limit 781
compute initial stop until 0
current timestep 457
planning flow reduced
plan limit 777
compute initial stop until 0
current timestep 466
planning flow reduced
plan limit 801
compute initial stop until 0
current timestep 472
planning flow reduced
plan limit 755
compute initial stop until 0
current timestep 481
planning flow reduced
plan limit 777
compute initial stop until 0
current timestep 487
planning flow reduced
plan limit 745
compute initial stop until 0
current timestep 496
planning flow reduced
plan limit 771
compute initial stop until 0
current timestep 502
planning flow reduced
plan limit 773
compute initial stop until 0
current timestep 508
planning flow reduced
plan limit 749
compute initial stop until 0
current timestep 514
planning flow reduced
plan limit 727
compute initial stop until 0
current timestep 520
planning flow reduced
plan limit 771
compute initial stop until 0
current timestep 526
planning flow reduced
plan limit 794
compute initial stop until 0
current timestep 532
planning flow reduced
plan limit 769
compute initial stop until 0
current timestep 538
planning flow reduced
plan limit 765
compute initial stop until 0
current timestep 544
planning flow reduced
plan limit 765
compute initial stop until 0
current timestep 550
planning flow reduced
plan limit 758
compute initial stop until 0
current timestep 556
planning flow reduced
plan limit 768
compute initial stop until 0
current timestep 562
planning flow reduced
plan limit 770
compute initial stop until 0
current timestep 568
planning flow reduced
plan limit 773
compute initial stop until 0
current timestep 574
planning flow reduced
plan limit 790
compute initial stop until 0
current timestep 580
planning flow reduced
plan limit 786
compute initial stop until 0
current timestep 586
planning flow reduced
plan limit 770
compute initial stop until 0
current timestep 592
planning flow reduced
plan limit 766
compute initial stop until 0
current timestep 598
planning flow reduced
plan limit 765
compute initial stop until 0
current timestep 604
planning flow reduced
plan limit 769
compute initial stop until 0
current timestep 610
planning flow reduced
plan limit 767
compute initial stop until 0
current timestep 616
planning flow reduced
plan limit 762
compute initial stop until 0
current timestep 622
planning flow reduced
plan limit 769
compute initial stop until 0
current timestep 628
planning flow reduced
plan limit 771
compute initial stop until 0
current timestep 634
planning flow reduced
plan limit 798
compute initial stop until 0
current timestep 640
planning flow reduced
plan limit 763
compute initial stop until 0
current timestep 646
planning flow reduced
plan limit 773
compute initial stop until 0
current timestep 652
planning flow reduced
plan limit 785
compute initial stop until 0
current timestep 658
planning flow reduced
plan limit 793
compute initial stop until 0
current timestep 664
planning flow reduced
plan limit 800
compute initial stop until 0
current timestep 670
planning flow reduced
plan limit 779
compute initial stop until 0
current timestep 676
planning flow reduced
plan limit 798
compute initial stop until 0
current timestep 682
planning flow reduced
plan limit 773
compute initial stop until 0
current timestep 688
planning flow reduced
plan limit 801
compute initial stop until 0
current timestep 694
planning flow reduced
plan limit 781
compute initial stop until 0
current timestep 700
planning flow reduced
plan limit 802
compute initial stop until 0
current timestep 706
planning flow reduced
plan limit 782
compute initial stop until 0
current timestep 712
planning flow reduced
plan limit 795
compute initial stop until 0
current timestep 718
planning flow reduced
plan limit 779
compute initial stop until 0
current timestep 724
planning flow reduced
plan limit 778
compute initial stop until 0
current timestep 730
planning flow reduced
plan limit 779
compute initial stop until 0
current timestep 737
planning flow reduced
plan limit 798
compute initial stop until 0
current timestep 743
planning flow reduced
plan limit 782
compute initial stop until 0
current timestep 749
planning flow reduced
plan limit 800
compute initial stop until 0
current timestep 755
planning flow reduced
plan limit 796
compute initial stop until 0
current timestep 761
planning flow reduced
plan limit 799
compute initial stop until 0
current timestep 767
planning flow reduced
plan limit 802
compute initial stop until 0
current timestep 773
planning flow reduced
plan limit 798
compute initial stop until 0
current timestep 779
planning flow reduced
plan limit 784
compute initial stop until 0
current timestep 785
planning flow reduced
plan limit 775
compute initial stop until 0
current timestep 791
planning flow reduced
plan limit 767
compute initial stop until 0
current timestep 797
planning flow reduced
plan limit 778
compute initial stop until 0
current timestep 803
planning flow reduced
plan limit 778
compute initial stop until 0
current timestep 809
planning flow reduced
plan limit 780
compute initial stop until 0
current timestep 815
planning flow reduced
plan limit 778
compute initial stop until 0
current timestep 821
planning flow reduced
plan limit 783
compute initial stop until 0
current timestep 827
planning flow reduced
plan limit 800
compute initial stop until 0
current timestep 833
planning flow reduced
plan limit 801
compute initial stop until 0
current timestep 839
planning flow reduced
plan limit 777
compute initial stop until 0
current timestep 845
planning flow reduced
plan limit 781
compute initial stop until 0
current timestep 851
planning flow reduced
plan limit 767
compute initial stop until 0
current timestep 857
planning flow reduced
plan limit 799
compute initial stop until 0
current timestep 863
planning flow reduced
plan limit 799
compute initial stop until 0
current timestep 869
planning flow reduced
plan limit 780
compute initial stop until 0
current timestep 875
planning flow reduced
plan limit 798
compute initial stop until 0
current timestep 881
planning flow reduced
plan limit 802
compute initial stop until 0
current timestep 887
planning flow reduced
plan limit 783
compute initial stop until 0
current timestep 893
planning flow reduced
plan limit 783
compute initial stop until 0
current timestep 899
planning flow reduced
plan limit 776
compute initial stop until 0
current timestep 905
planning flow reduced
plan limit 796
compute initial stop until 0
current timestep 911
planning flow reduced
plan limit 797
compute initial stop until 0
current timestep 917
planning flow reduced
plan limit 757
compute initial stop until 0
current timestep 923
planning flow reduced
plan limit 795
compute initial stop until 0
current timestep 929
planning flow reduced
plan limit 771
compute initial stop until 0
current timestep 935
planning flow reduced
plan limit 795
compute initial stop until 0
current timestep 941
planning flow reduced
plan limit 798
compute initial stop until 0
current timestep 947
planning flow reduced
plan limit 798
compute initial stop until 0
current timestep 953
planning flow reduced
plan limit 771
compute initial stop until 0
current timestep 959
planning flow reduced
plan limit 790
compute initial stop until 0
current timestep 964
planning flow reduced
plan limit 773
compute initial stop until 0
current timestep 970
planning flow reduced
plan limit 785
compute initial stop until 0
current timestep 976
planning flow reduced
plan limit 788
compute initial stop until 0
current timestep 982
planning flow reduced
plan limit 699
compute initial stop until 0
current timestep 987
planning flow reduced
plan limit 785
compute initial stop until 0
current timestep 994
planning flow reduced
plan limit 749
compute initial stop until 0
current timestep 1000
planning flow reduced
plan limit 696
compute initial stop until 0
current timestep 1006
planning flow reduced
plan limit 783
compute initial stop until 0
current timestep 1012
planning flow reduced
plan limit 692
compute initial stop until 0
current timestep 1018
planning flow reduced
plan limit 754
compute initial stop until 0
current timestep 1024
planning flow reduced
plan limit 758
compute initial stop until 0
current timestep 1030
planning flow reduced
plan limit 722
compute initial stop until 0
current timestep 1036
planning flow reduced
plan limit 721
compute initial stop until 0
current timestep 1041
planning flow reduced
plan limit 761
compute initial stop until 0
current timestep 1047
planning flow reduced
plan limit 755
compute initial stop until 0
current timestep 1053
planning flow reduced
plan limit 773
compute initial stop until 0
current timestep 1058
planning flow reduced
plan limit 763
compute initial stop until 0
current timestep 1064
planning flow reduced
plan limit 771
compute initial stop until 0
current timestep 1071
planning flow reduced
plan limit 768
compute initial stop until 0
current timestep 1078
planning flow reduced
plan limit 788
compute initial stop until 0
current timestep 1083
planning flow reduced
plan limit 792
compute initial stop until 0
current timestep 1089
planning flow reduced
plan limit 755
compute initial stop until 0
current timestep 1097
planning flow reduced
plan limit 767
compute initial stop until 0
current timestep 1103
planning flow reduced
plan limit 797
compute initial stop until 0
current timestep 1109
planning flow reduced
plan limit 793
compute initial stop until 0
current timestep 1114
planning flow reduced
plan limit 776
compute initial stop until 0
current timestep 1120
planning flow reduced
plan limit 797
compute initial stop until 0
current timestep 1125
planning flow reduced
plan limit 792
compute initial stop until 0
current timestep 1130
planning flow reduced
plan limit 773
compute initial stop until 0
current timestep 1136
planning flow reduced
plan limit 772
compute initial stop until 0
current timestep 1142
planning flow reduced
plan limit 769
compute initial stop until 0
current timestep 1148
planning flow reduced
plan limit 793
compute initial stop until 0
current timestep 1154
planning flow reduced
plan limit 775
compute initial stop until 0
current timestep 1160
planning flow reduced
plan limit 775
compute initial stop until 0
current timestep 1166
planning flow reduced
plan limit 773
compute initial stop until 0
current timestep 1172
planning flow reduced
plan limit 776
compute initial stop until 0
current timestep 1178
planning flow reduced
plan limit 794
compute initial stop until 0
current timestep 1183
planning flow reduced
plan limit 795
compute initial stop until 0
current timestep 1188
planning flow reduced
plan limit 792
compute initial stop until 0
current timestep 1193
planning flow reduced
plan limit 797
compute initial stop until 0
current timestep 1198
planning flow reduced
plan limit 773
compute initial stop until 0
current timestep 1204
planning flow reduced
plan limit 794
compute initial stop until 0
current timestep 1209
planning flow reduced
plan limit 774
compute initial stop until 0
current timestep 1215
planning flow reduced
plan limit 792
compute initial stop until 0
current timestep 1220
planning flow reduced
plan limit 765
compute initial stop until 0
current timestep 1226
planning flow reduced
plan limit 771
compute initial stop until 0
current timestep 1232
planning flow reduced
plan limit 770
compute initial stop until 0
current timestep 1238
planning flow reduced
plan limit 792
compute initial stop until 0
current timestep 1243
planning flow reduced
plan limit 759
compute initial stop until 0
current timestep 1249
planning flow reduced
plan limit 780
compute initial stop until 0
current timestep 1255
planning flow reduced
plan limit 771
compute initial stop until 0
current timestep 1261
planning flow reduced
plan limit 772
compute initial stop until 0
current timestep 1267
planning flow reduced
plan limit 784
compute initial stop until 0
current timestep 1273
planning flow reduced
plan limit 792
compute initial stop until 0
current timestep 1279
planning flow reduced
plan limit 765
compute initial stop until 0
current timestep 1285
planning flow reduced
plan limit 765
compute initial stop until 0
current timestep 1291
planning flow reduced
plan limit 763
compute initial stop until 0
current timestep 1297
planning flow reduced
plan limit 764
compute initial stop until 0
current timestep 1303
planning flow reduced
plan limit 777
compute initial stop until 0
current timestep 1309
planning flow reduced
plan limit 758
compute initial stop until 0
current timestep 1314
planning flow reduced
plan limit 759
compute initial stop until 0
current timestep 1319
planning flow reduced
plan limit 776
compute initial stop until 0
current timestep 1325
planning flow reduced
plan limit 739
compute initial stop until 0
current timestep 1332
planning flow reduced
plan limit 769
compute initial stop until 0
current timestep 1338
planning flow reduced
plan limit 736
compute initial stop until 0
current timestep 1344
planning flow reduced
plan limit 708
compute initial stop until 0
current timestep 1350
planning flow reduced
plan limit 746
compute initial stop until 0
current timestep 1357
planning flow reduced
plan limit 744
compute initial stop until 0
current timestep 1363
planning flow reduced
plan limit 732
compute initial stop until 0
current timestep 1369
planning flow reduced
plan limit 767
compute initial stop until 0
current timestep 1375
planning flow reduced
plan limit 772
compute initial stop until 0
current timestep 1381
planning flow reduced
plan limit 737
compute initial stop until 0
current timestep 1387
planning flow reduced
plan limit 746
compute initial stop until 0
current timestep 1393
planning flow reduced
plan limit 779
compute initial stop until 0
current timestep 1399
planning flow reduced
plan limit 789
compute initial stop until 0
current timestep 1405
planning flow reduced
plan limit 785
compute initial stop until 0
current timestep 1411
planning flow reduced
plan limit 754
compute initial stop until 0
current timestep 1416
planning flow reduced
plan limit 797
compute initial stop until 0
current timestep 1421
planning flow reduced
plan limit 771
compute initial stop until 0
current timestep 1427
planning flow reduced
plan limit 766
compute initial stop until 0
current timestep 1433
planning flow reduced
plan limit 788
compute initial stop until 0
current timestep 1439
planning flow reduced
plan limit 795
compute initial stop until 0
current timestep 1445
planning flow reduced
plan limit 768
compute initial stop until 0
current timestep 1451
planning flow reduced
plan limit 795
compute initial stop until 0
current timestep 1456
planning flow reduced
plan limit 767
compute initial stop until 0
current timestep 1462
planning flow reduced
plan limit 793
compute initial stop until 0
current timestep 1469
planning flow reduced
plan limit 798
compute initial stop until 0
current timestep 1474
planning flow reduced
plan limit 796
compute initial stop until 0
current timestep 1479
planning flow reduced
plan limit 791
compute initial stop until 0
current timestep 1485
planning flow reduced
plan limit 798
compute initial stop until 0
current timestep 1491
planning flow reduced
plan limit 773
compute initial stop until 0
current timestep 1496
planning flow reduced
plan limit 798
compute initial stop until 0
current timestep 1502
planning flow reduced
plan limit 772
compute initial stop until 0
current timestep 1508
planning flow reduced
plan limit 790
compute initial stop until 0
current timestep 1514
planning flow reduced
plan limit 772
compute initial stop until 0
current timestep 1520
planning flow reduced
plan limit 779
compute initial stop until 0
current timestep 1525
planning flow reduced
plan limit 772
compute initial stop until 0
current timestep 1531
planning flow reduced
plan limit 771
compute initial stop until 0
current timestep 1537
planning flow reduced
plan limit 800
compute initial stop until 0
current timestep 1543
planning flow reduced
plan limit 794
compute initial stop until 0
current timestep 1549
planning flow reduced
plan limit 790
compute initial stop until 0
current timestep 1554
planning flow reduced
plan limit 777
compute initial stop until 0
current timestep 1560
planning flow reduced
plan limit 769
compute initial stop until 0
current timestep 1565
planning flow reduced
plan limit 776
compute initial stop until 0
current timestep 1570
planning flow reduced
plan limit 768
compute initial stop until 0
current timestep 1576
planning flow reduced
plan limit 776
compute initial stop until 0
current timestep 1582
planning flow reduced
plan limit 794
compute initial stop until 0
current timestep 1587
planning flow reduced
plan limit 778
compute initial stop until 0
current timestep 1592
planning flow reduced
plan limit 785
compute initial stop until 0
current timestep 1597
planning flow reduced
plan limit 777
compute initial stop until 0
current timestep 1603
planning flow reduced
plan limit 791
compute initial stop until 0
current timestep 1608
planning flow reduced
plan limit 792
compute initial stop until 0
current timestep 1614
planning flow reduced
plan limit 795
compute initial stop until 0
current timestep 1619
planning flow reduced
plan limit 772
compute initial stop until 0
current timestep 1625
planning flow reduced
plan limit 796
compute initial stop until 0
current timestep 1630
planning flow reduced
plan limit 797
compute initial stop until 0
current timestep 1636
planning flow reduced
plan limit 776
compute initial stop until 0
current timestep 1641
planning flow reduced
plan limit 766
compute initial stop until 0
current timestep 1646
planning flow reduced
plan limit 786
compute initial stop until 0
current timestep 1652
planning flow reduced
plan limit 787
compute initial stop until 0
current timestep 1657
planning flow reduced
plan limit 732
compute initial stop until 0
current timestep 1662
planning flow reduced
plan limit 773
compute initial stop until 0
current timestep 1667
planning flow reduced
plan limit 792
compute initial stop until 0
current timestep 1672
planning flow reduced
plan limit 777
compute initial stop until 0
current timestep 1678
planning flow reduced
plan limit 773
compute initial stop until 0
current timestep 1684
planning flow reduced
plan limit 765
compute initial stop until 0
current timestep 1690
planning flow reduced
plan limit 779
compute initial stop until 0
current timestep 1696
planning flow reduced
plan limit 788
compute initial stop until 0
current timestep 1701
planning flow reduced
plan limit 770
compute initial stop until 0
current timestep 1709
planning flow reduced
plan limit 699
compute initial stop until 0
current timestep 1716
planning flow reduced
plan limit 724
compute initial stop until 0
current timestep 1723
planning flow reduced
plan limit 749
compute initial stop until 0
current timestep 1729
planning flow reduced
plan limit 761
compute initial stop until 0
current timestep 1735
planning flow reduced
plan limit 724
compute initial stop until 0
current timestep 1741
planning flow reduced
plan limit 765
compute initial stop until 0
current timestep 1748
planning flow reduced
plan limit 776
compute initial stop until 0
current timestep 1755
planning flow reduced
plan limit 746
compute initial stop until 0
current timestep 1761
planning flow reduced
plan limit 753
compute initial stop until 0
current timestep 1768
planning flow reduced
plan limit 680
compute initial stop until 0
current timestep 1775
planning flow reduced
plan limit 754
compute initial stop until 0
current timestep 1782
planning flow reduced
plan limit 725
compute initial stop until 0
current timestep 1788
planning flow reduced
plan limit 743
compute initial stop until 0
current timestep 1794
planning flow reduced
plan limit 772
compute initial stop until 0
current timestep 1801
planning flow reduced
plan limit 715
compute initial stop until 0
current timestep 1806
planning flow reduced
plan limit 770
compute initial stop until 0
current timestep 1813
planning flow reduced
plan limit 783
compute initial stop until 0
current timestep 1819
planning flow reduced
plan limit 772
compute initial stop until 0
current timestep 1826
planning flow reduced
plan limit 768
compute initial stop until 0
current timestep 1832
planning flow reduced
plan limit 771
compute initial stop until 0
current timestep 1839
planning flow reduced
plan limit 765
compute initial stop until 0
current timestep 1848
planning flow reduced
plan limit 773
compute initial stop until 0
current timestep 1854
planning flow reduced
plan limit 767
compute initial stop until 0
current timestep 1861
planning flow reduced
plan limit 792
compute initial stop until 0
current timestep 1867
planning flow reduced
plan limit 766
compute initial stop until 0
current timestep 1874
planning flow reduced
plan limit 791
compute initial stop until 0
current timestep 1880
planning flow reduced
plan limit 789
compute initial stop until 0
current timestep 1887
planning flow reduced
plan limit 792
compute initial stop until 0
current timestep 1893
planning flow reduced
plan limit 768
compute initial stop until 0
current timestep 1900
planning flow reduced
plan limit 770
compute initial stop until 0
current timestep 1906
planning flow reduced
plan limit 771
compute initial stop until 0
current timestep 1912
planning flow reduced
plan limit 794
compute initial stop until 0
current timestep 1918
planning flow reduced
plan limit 791
compute initial stop until 0
current timestep 1924
planning flow reduced
plan limit 794
compute initial stop until 0
current timestep 1930
planning flow reduced
plan limit 743
compute initial stop until 0
current timestep 1935
planning flow reduced
plan limit 770
compute initial stop until 0
current timestep 1942
planning flow reduced
plan limit 791
compute initial stop until 0
current timestep 1949
planning flow reduced
plan limit 790
compute initial stop until 0
current timestep 1955
planning flow reduced
plan limit 793
compute initial stop until 0
current timestep 1961
planning flow reduced
plan limit 768
compute initial stop until 0
current timestep 1968
planning flow reduced
plan limit 793
compute initial stop until 0
current timestep 1974
planning flow reduced
plan limit 770
compute initial stop until 0
current timestep 1981
planning flow reduced
plan limit 791
compute initial stop until 0
current timestep 1988
planning flow reduced
plan limit 775
compute initial stop until 0
current timestep 1995
planning flow reduced
plan limit 789
compute initial stop until 0
current timestep 2001
planning flow reduced
plan limit 785
compute initial stop until 0
current timestep 2008
planning flow reduced
plan limit 794
compute initial stop until 0
current timestep 2014
planning flow reduced
plan limit 795
compute initial stop until 0
current timestep 2020
planning flow reduced
plan limit 774
compute initial stop until 0
current timestep 2026
planning flow reduced
plan limit 794
compute initial stop until 0
current timestep 2032
planning flow reduced
plan limit 771
compute initial stop until 0
current timestep 2040
planning flow reduced
plan limit 784
compute initial stop until 0
current timestep 2046
planning flow reduced
plan limit 763
compute initial stop until 0
current timestep 2053
planning flow reduced
plan limit 791
compute initial stop until 0
current timestep 2059
planning flow reduced
plan limit 783
compute initial stop until 0
current timestep 2066
planning flow reduced
plan limit 777
compute initial stop until 0
current timestep 2073
planning flow reduced
plan limit 764
compute initial stop until 0
current timestep 2080
planning flow reduced
plan limit 766
compute initial stop until 0
current timestep 2087
planning flow reduced
plan limit 761
compute initial stop until 0
current timestep 2092
planning flow reduced
plan limit 748
compute initial stop until 0
current timestep 2097
planning flow reduced
plan limit 757
compute initial stop until 0
current timestep 2103
planning flow reduced
plan limit 765
compute initial stop until 0
current timestep 2108
planning flow reduced
plan limit 744
compute initial stop until 0
current timestep 2113
planning flow reduced
plan limit 784
compute initial stop until 0
current timestep 2119
planning flow reduced
plan limit 748
compute initial stop until 0
current timestep 2124
planning flow reduced
plan limit 782
compute initial stop until 0
current timestep 2130
planning flow reduced
plan limit 771
compute initial stop until 0
current timestep 2136
planning flow reduced
plan limit 785
compute initial stop until 0
current timestep 2142
planning flow reduced
plan limit 752
compute initial stop until 0
current timestep 2149
planning flow reduced
plan limit 756
compute initial stop until 0
current timestep 2154
planning flow reduced
plan limit 756
compute initial stop until 0
current timestep 2161
planning flow reduced
plan limit 744
compute initial stop until 0
current timestep 2166
planning flow reduced
plan limit 731
compute initial stop until 0
current timestep 2173
planning flow reduced
plan limit 754
compute initial stop until 0
current timestep 2179
planning flow reduced
plan limit 758
compute initial stop until 0
current timestep 2185
planning flow reduced
plan limit 777
compute initial stop until 0
current timestep 2191
planning flow reduced
plan limit 705
compute initial stop until 0
current timestep 2197
planning flow reduced
plan limit 747
compute initial stop until 0
current timestep 2203
planning flow reduced
plan limit 760
compute initial stop until 0
current timestep 2209
planning flow reduced
plan limit 771
compute initial stop until 0
current timestep 2214
planning flow reduced
plan limit 790
compute initial stop until 0
current timestep 2219
planning flow reduced
plan limit 756
compute initial stop until 0
current timestep 2224
planning flow reduced
plan limit 791
compute initial stop until 0
current timestep 2229
planning flow reduced
plan limit 781
compute initial stop until 0
current timestep 2234
planning flow reduced
plan limit 773
compute initial stop until 0
current timestep 2239
planning flow reduced
plan limit 797
compute initial stop until 0
current timestep 2244
planning flow reduced
plan limit 800
compute initial stop until 0
current timestep 2249
planning flow reduced
plan limit 774
compute initial stop until 0
current timestep 2254
planning flow reduced
plan limit 795
compute initial stop until 0
current timestep 2259
planning flow reduced
plan limit 801
compute initial stop until 0
current timestep 2264
planning flow reduced
plan limit 779
compute initial stop until 0
current timestep 2269
planning flow reduced
plan limit 798
compute initial stop until 0
current timestep 2274
planning flow reduced
plan limit 800
compute initial stop until 0
current timestep 2279
planning flow reduced
plan limit 775
compute initial stop until 0
current timestep 2284
planning flow reduced
plan limit 797
compute initial stop until 0
current timestep 2290
planning flow reduced
plan limit 765
compute initial stop until 0
current timestep 2295
planning flow reduced
plan limit 745
compute initial stop until 0
current timestep 2301
planning flow reduced
plan limit 799
compute initial stop until 0
current timestep 2306
planning flow reduced
plan limit 776
compute initial stop until 0
current timestep 2311
planning flow reduced
plan limit 779
compute initial stop until 0
current timestep 2316
planning flow reduced
plan limit 774
compute initial stop until 0
current timestep 2321
planning flow reduced
plan limit 799
compute initial stop until 0
current timestep 2326
planning flow reduced
plan limit 774
compute initial stop until 0
current timestep 2331
planning flow reduced
plan limit 775
compute initial stop until 0
current timestep 2336
planning flow reduced
plan limit 795
compute initial stop until 0
current timestep 2341
planning flow reduced
plan limit 777
compute initial stop until 0
current timestep 2346
planning flow reduced
plan limit 797
compute initial stop until 0
current timestep 2351
planning flow reduced
plan limit 774
compute initial stop until 0
current timestep 2356
planning flow reduced
plan limit 781
compute initial stop until 0
current timestep 2361
planning flow reduced
plan limit 776
compute initial stop until 0
current timestep 2366
planning flow reduced
plan limit 781
compute initial stop until 0
current timestep 2371
planning flow reduced
plan limit 776
compute initial stop until 0
current timestep 2376
planning flow reduced
plan limit 778
compute initial stop until 0
current timestep 2381
planning flow reduced
plan limit 774
compute initial stop until 0
current timestep 2386
planning flow reduced
plan limit 801
compute initial stop until 0
current timestep 2391
planning flow reduced
plan limit 774
compute initial stop until 0
current timestep 2396
planning flow reduced
plan limit 799
compute initial stop until 0
current timestep 2401
planning flow reduced
plan limit 801
compute initial stop until 0
current timestep 2406
planning flow reduced
plan limit 795
compute initial stop until 0
current timestep 2411
planning flow reduced
plan limit 778
compute initial stop until 0
current timestep 2416
planning flow reduced
plan limit 781
compute initial stop until 0
current timestep 2421
planning flow reduced
plan limit 774
compute initial stop until 0
current timestep 2426
planning flow reduced
plan limit 765
compute initial stop until 0
current timestep 2431
planning flow reduced
plan limit 778
compute initial stop until 0
current timestep 2436
planning flow reduced
plan limit 780
compute initial stop until 0
current timestep 2441
planning flow reduced
plan limit 737
compute initial stop until 0
current timestep 2447
planning flow reduced
plan limit 802
compute initial stop until 0
current timestep 2452
planning flow reduced
plan limit 774
compute initial stop until 0
current timestep 2457
planning flow reduced
plan limit 781
compute initial stop until 0
current timestep 2462
planning flow reduced
plan limit 794
compute initial stop until 0
current timestep 2467
planning flow reduced
plan limit 795
compute initial stop until 0
current timestep 2472
planning flow reduced
plan limit 773
compute initial stop until 0
current timestep 2477
planning flow reduced
plan limit 770
compute initial stop until 0
current timestep 2482
planning flow reduced
plan limit 794
compute initial stop until 0
current timestep 2487
planning flow reduced
plan limit 778
compute initial stop until 0
current timestep 2492
planning flow reduced
plan limit 767
compute initial stop until 0
current timestep 2497
planning flow reduced
plan limit 773
compute initial stop until 0
current timestep 2502
planning flow reduced
plan limit 795
compute initial stop until 0
current timestep 2507
planning flow reduced
plan limit 775
compute initial stop until 0
current timestep 2512
planning flow reduced
plan limit 801
compute initial stop until 0
current timestep 2517
planning flow reduced
plan limit 765
compute initial stop until 0
current timestep 2522
planning flow reduced
plan limit 798
compute initial stop until 0
current timestep 2527
planning flow reduced
plan limit 796
compute initial stop until 0
current timestep 2532
planning flow reduced
plan limit 756
compute initial stop until 0
current timestep 2537
planning flow reduced
plan limit 772
compute initial stop until 0
current timestep 2542
planning flow reduced
plan limit 771
compute initial stop until 0
current timestep 2547
planning flow reduced
plan limit 787
compute initial stop until 0
current timestep 2552
planning flow reduced
plan limit 764
compute initial stop until 0
current timestep 2558
planning flow reduced
plan limit 786
compute initial stop until 0
current timestep 2563
planning flow reduced
plan limit 768
compute initial stop until 0
current timestep 2568
planning flow reduced
plan limit 768
compute initial stop until 0
current timestep 2574
planning flow reduced
plan limit 777
compute initial stop until 0
current timestep 2579
planning flow reduced
plan limit 787
compute initial stop until 0
current timestep 2584
planning flow reduced
plan limit 787
compute initial stop until 0
current timestep 2589
planning flow reduced
plan limit 763
compute initial stop until 0
current timestep 2595
planning flow reduced
plan limit 782
compute initial stop until 0
current timestep 2600
planning flow reduced
plan limit 790
compute initial stop until 0
current timestep 2605
planning flow reduced
plan limit 788
compute initial stop until 0
current timestep 2610
planning flow reduced
plan limit 773
compute initial stop until 0
current timestep 2615
planning flow reduced
plan limit 758
compute initial stop until 0
current timestep 2622
planning flow reduced
plan limit 773
compute initial stop until 0
current timestep 2628
planning flow reduced
plan limit 784
compute initial stop until 0
current timestep 2633
planning flow reduced
plan limit 726
compute initial stop until 0
current timestep 2638
planning flow reduced
plan limit 756
compute initial stop until 0
current timestep 2644
planning flow reduced
plan limit 756
compute initial stop until 0
current timestep 2650
planning flow reduced
plan limit 756
compute initial stop until 0
current timestep 2656
planning flow reduced
plan limit 750
compute initial stop until 0
current timestep 2662
planning flow reduced
plan limit 778
compute initial stop until 0
current timestep 2668
planning flow reduced
plan limit 764
compute initial stop until 0
current timestep 2673
planning flow reduced
plan limit 794
compute initial stop until 0
current timestep 2678
planning flow reduced
plan limit 793
compute initial stop until 0
current timestep 2683
planning flow reduced
plan limit 788
compute initial stop until 0
current timestep 2688
planning flow reduced
plan limit 789
compute initial stop until 0
current timestep 2693
planning flow reduced
plan limit 789
compute initial stop until 0
current timestep 2698
planning flow reduced
plan limit 795
compute initial stop until 0
current timestep 2703
planning flow reduced
plan limit 772
compute initial stop until 0
current timestep 2708
planning flow reduced
plan limit 793
compute initial stop until 0
current timestep 2713
planning flow reduced
plan limit 773
compute initial stop until 0
current timestep 2718
planning flow reduced
plan limit 768
compute initial stop until 0
current timestep 2724
planning flow reduced
plan limit 791
compute initial stop until 0
current timestep 2729
planning flow reduced
plan limit 797
compute initial stop until 0
current timestep 2734
planning flow reduced
plan limit 766
compute initial stop until 0
current timestep 2739
planning flow reduced
plan limit 780
compute initial stop until 0
current timestep 2744
planning flow reduced
plan limit 788
compute initial stop until 0
current timestep 2749
planning flow reduced
plan limit 798
compute initial stop until 0
current timestep 2754
planning flow reduced
plan limit 773
compute initial stop until 0
current timestep 2759
planning flow reduced
plan limit 797
compute initial stop until 0
current timestep 2764
planning flow reduced
plan limit 774
compute initial stop until 0
current timestep 2769
planning flow reduced
plan limit 798
compute initial stop until 0
current timestep 2774
planning flow reduced
plan limit 776
compute initial stop until 0
current timestep 2779
planning flow reduced
plan limit 798
compute initial stop until 0
current timestep 2784
planning flow reduced
plan limit 795
compute initial stop until 0
current timestep 2789
planning flow reduced
plan limit 797
compute initial stop until 0
current timestep 2794
planning flow reduced
plan limit 794
compute initial stop until 0
current timestep 2799
planning flow reduced
plan limit 798
compute initial stop until 0
current timestep 2803
planning flow reduced
plan limit 796
compute initial stop until 0
current timestep 2808
planning flow reduced
plan limit 762
compute initial stop until 0
current timestep 2813
planning flow reduced
plan limit 777
compute initial stop until 0
current timestep 2818
planning flow reduced
plan limit 774
compute initial stop until 0
current timestep 2823
planning flow reduced
plan limit 798
compute initial stop until 0
current timestep 2828
planning flow reduced
plan limit 797
compute initial stop until 0
current timestep 2833
planning flow reduced
plan limit 797
compute initial stop until 0
current timestep 2838
planning flow reduced
plan limit 773
compute initial stop until 0
current timestep 2843
planning flow reduced
plan limit 750
compute initial stop until 0
current timestep 2848
planning flow reduced
plan limit 798
compute initial stop until 0
current timestep 2853
planning flow reduced
plan limit 794
compute initial stop until 0
current timestep 2857
planning flow reduced
plan limit 794
compute initial stop until 0
current timestep 2861
planning flow reduced
plan limit 791
compute initial stop until 0
current timestep 2865
planning flow reduced
plan limit 793
compute initial stop until 0
current timestep 2869
planning flow reduced
plan limit 796
compute initial stop until 0
current timestep 2874
planning flow reduced
plan limit 792
compute initial stop until 0
current timestep 2878
planning flow reduced
plan limit 799
compute initial stop until 0
current timestep 2883
planning flow reduced
plan limit 789
compute initial stop until 0
current timestep 2888
planning flow reduced
plan limit 787
compute initial stop until 0
current timestep 2893
planning flow reduced
plan limit 795
compute initial stop until 0
current timestep 2899
planning flow reduced
plan limit 775
compute initial stop until 0
current timestep 2905
planning flow reduced
plan limit 791
compute initial stop until 0
current timestep 2909
planning flow reduced
plan limit 793
compute initial stop until 0
current timestep 2914
planning flow reduced
plan limit 788
compute initial stop until 0
current timestep 2918
planning flow reduced
plan limit 774
compute initial stop until 0
current timestep 2923
planning flow reduced
plan limit 786
compute initial stop until 0
current timestep 2927
planning flow reduced
plan limit 767
compute initial stop until 0
current timestep 2932
planning flow reduced
plan limit 791
compute initial stop until 0
current timestep 2936
planning flow reduced
plan limit 793
compute initial stop until 0
current timestep 2940
planning flow reduced
plan limit 788
compute initial stop until 0
current timestep 2945
planning flow reduced
plan limit 788
compute initial stop until 0
current timestep 2950
planning flow reduced
plan limit 772
compute initial stop until 0
current timestep 2955
planning flow reduced
plan limit 792
compute initial stop until 0
current timestep 2959
planning flow reduced
plan limit 794
compute initial stop until 0
current timestep 2963
planning flow reduced
plan limit 761
compute initial stop until 0
current timestep 2968
planning flow reduced
plan limit 766
compute initial stop until 0
current timestep 2975
planning flow reduced
plan limit 784
compute initial stop until 0
current timestep 2981
planning flow reduced
plan limit 707
compute initial stop until 0
current timestep 2986
planning flow reduced
plan limit 778
compute initial stop until 0
current timestep 2992
planning flow reduced
plan limit 703
compute initial stop until 0
current timestep 2997
planning flow reduced
plan limit 780
compute initial stop until 0
current timestep 3003
planning flow reduced
plan limit 739
compute initial stop until 0
current timestep 3008
planning flow reduced
plan limit 782
compute initial stop until 0
current timestep 3014
planning flow reduced
plan limit 754
compute initial stop until 0
current timestep 3019
planning flow reduced
plan limit 729
compute initial stop until 0
current timestep 3024
planning flow reduced
plan limit 783
compute initial stop until 0
current timestep 3029
planning flow reduced
plan limit 774
compute initial stop until 0
current timestep 3035
planning flow reduced
plan limit 772
compute initial stop until 0
current timestep 3040
planning flow reduced
plan limit 774
compute initial stop until 0
current timestep 3045
planning flow reduced
plan limit 749
compute initial stop until 0
current timestep 3050
planning flow reduced
plan limit 779
compute initial stop until 0
current timestep 3056
planning flow reduced
plan limit 774
compute initial stop until 0
current timestep 3062
planning flow reduced
plan limit 709
compute initial stop until 0
current timestep 3069
planning flow reduced
plan limit 760
compute initial stop until 0
current timestep 3073
planning flow reduced
plan limit 765
compute initial stop until 0
current timestep 3078
planning flow reduced
plan limit 759
compute initial stop until 0
current timestep 3083
planning flow reduced
plan limit 792
compute initial stop until 0
current timestep 3087
planning flow reduced
plan limit 791
compute initial stop until 0
current timestep 3091
planning flow reduced
plan limit 720
compute initial stop until 0
current timestep 3098
planning flow reduced
plan limit 759
compute initial stop until 0
current timestep 3103
planning flow reduced
plan limit 744
compute initial stop until 0
current timestep 3109
planning flow reduced
plan limit 766
compute initial stop until 0
current timestep 3113
planning flow reduced
plan limit 774
compute initial stop until 0
current timestep 3117
planning flow reduced
plan limit 765
compute initial stop until 0
current timestep 3121
planning flow reduced
plan limit 763
compute initial stop until 0
current timestep 3125
planning flow reduced
plan limit 791
compute initial stop until 0
current timestep 3129
planning flow reduced
plan limit 775
compute initial stop until 0
current timestep 3133
planning flow reduced
plan limit 797
compute initial stop until 0
current timestep 3137
planning flow reduced
plan limit 791
compute initial stop until 0
current timestep 3141
planning flow reduced
plan limit 800
compute initial stop until 0
current timestep 3145
planning flow reduced
plan limit 792
compute initial stop until 0
current timestep 3149
planning flow reduced
plan limit 797
compute initial stop until 0
current timestep 3154
planning flow reduced
plan limit 791
compute initial stop until 0
current timestep 3158
planning flow reduced
plan limit 776
compute initial stop until 0
current timestep 3163
planning flow reduced
plan limit 791
compute initial stop until 0
current timestep 3167
planning flow reduced
plan limit 797
compute initial stop until 0
current timestep 3171
planning flow reduced
plan limit 789
compute initial stop until 0
current timestep 3175
planning flow reduced
plan limit 797
compute initial stop until 0
current timestep 3179
planning flow reduced
plan limit 769
compute initial stop until 0
current timestep 3184
planning flow reduced
plan limit 771
compute initial stop until 0
current timestep 3189
planning flow reduced
plan limit 794
compute initial stop until 0
current timestep 3193
planning flow reduced
plan limit 771
compute initial stop until 0
current timestep 3197
planning flow reduced
plan limit 796
compute initial stop until 0
current timestep 3201
planning flow reduced
plan limit 759
compute initial stop until 0
current timestep 3206
planning flow reduced
plan limit 763
compute initial stop until 0
current timestep 3210
planning flow reduced
plan limit 797
compute initial stop until 0
current timestep 3214
planning flow reduced
plan limit 777
compute initial stop until 0
current timestep 3218
planning flow reduced
plan limit 791
compute initial stop until 0
current timestep 3222
planning flow reduced
plan limit 794
compute initial stop until 0
current timestep 3226
planning flow reduced
plan limit 795
compute initial stop until 0
current timestep 3230
planning flow reduced
plan limit 773
compute initial stop until 0
current timestep 3234
planning flow reduced
plan limit 795
compute initial stop until 0
current timestep 3238
planning flow reduced
plan limit 793
compute initial stop until 0
current timestep 3242
planning flow reduced
plan limit 783
compute initial stop until 0
current timestep 3246
planning flow reduced
plan limit 792
compute initial stop until 0
current timestep 3250
planning flow reduced
plan limit 798
compute initial stop until 0
current timestep 3254
planning flow reduced
plan limit 771
compute initial stop until 0
current timestep 3258
planning flow reduced
plan limit 777
compute initial stop until 0
current timestep 3262
planning flow reduced
plan limit 790
compute initial stop until 0
current timestep 3266
planning flow reduced
plan limit 773
compute initial stop until 0
current timestep 3270
planning flow reduced
plan limit 793
compute initial stop until 0
current timestep 3274
planning flow reduced
plan limit 793
compute initial stop until 0
current timestep 3278
planning flow reduced
plan limit 792
compute initial stop until 0
current timestep 3282
planning flow reduced
plan limit 742
compute initial stop until 0
current timestep 3288
planning flow reduced
plan limit 794
compute initial stop until 0
current timestep 3292
planning flow reduced
plan limit 772
compute initial stop until 0
current timestep 3296
planning flow reduced
plan limit 794
compute initial stop until 0
current timestep 3300
planning flow reduced
plan limit 770
compute initial stop until 0
current timestep 3304
planning flow reduced
plan limit 775
compute initial stop until 0
current timestep 3308
planning flow reduced
plan limit 780
compute initial stop until 0
current timestep 3312
planning flow reduced
plan limit 773
compute initial stop until 0
current timestep 3316
planning flow reduced
plan limit 800
compute initial stop until 0
current timestep 3320
planning flow reduced
plan limit 792
compute initial stop until 0
current timestep 3324
planning flow reduced
plan limit 797
compute initial stop until 0
current timestep 3328
planning flow reduced
plan limit 779
compute initial stop until 0
current timestep 3332
planning flow reduced
plan limit 770
compute initial stop until 0
current timestep 3336
planning flow reduced
plan limit 790
compute initial stop until 0
current timestep 3340
planning flow reduced
plan limit 791
compute initial stop until 0
current timestep 3344
planning flow reduced
plan limit 771
compute initial stop until 0
current timestep 3348
planning flow reduced
plan limit 767
compute initial stop until 0
current timestep 3352
planning flow reduced
plan limit 792
compute initial stop until 0
current timestep 3356
planning flow reduced
plan limit 788
compute initial stop until 0
current timestep 3360
planning flow reduced
plan limit 771
compute initial stop until 0
current timestep 3366
planning flow reduced
plan limit 767
compute initial stop until 0
current timestep 3372
planning flow reduced
plan limit 763
compute initial stop until 0
current timestep 3378
planning flow reduced
plan limit 766
compute initial stop until 0
current timestep 3383
planning flow reduced
plan limit 765
compute initial stop until 0
current timestep 3389
planning flow reduced
plan limit 738
compute initial stop until 0
current timestep 3396
planning flow reduced
plan limit 771
compute initial stop until 0
current timestep 3402
planning flow reduced
plan limit 727
compute initial stop until 0
current timestep 3407
planning flow reduced
plan limit 718
compute initial stop until 0
current timestep 3414
planning flow reduced
plan limit 742
compute initial stop until 0
current timestep 3419
planning flow reduced
plan limit 729
compute initial stop until 0
current timestep 3425
planning flow reduced
plan limit 750
compute initial stop until 0
current timestep 3430
planning flow reduced
plan limit 745
compute initial stop until 0
current timestep 3435
planning flow reduced
plan limit 745
compute initial stop until 0
current timestep 3439
planning flow reduced
plan limit 737
compute initial stop until 0
current timestep 3444
planning flow reduced
plan limit 678
compute initial stop until 0
current timestep 3450
planning flow reduced
plan limit 755
compute initial stop until 0
current timestep 3455
planning flow reduced
plan limit 709
compute initial stop until 0
current timestep 3460
planning flow reduced
plan limit 778
compute initial stop until 0
current timestep 3466
planning flow reduced
plan limit 740
compute initial stop until 0
current timestep 3471
planning flow reduced
plan limit 767
compute initial stop until 0
current timestep 3476
planning flow reduced
plan limit 769
compute initial stop until 0
current timestep 3482
planning flow reduced
plan limit 740
compute initial stop until 0
current timestep 3487
planning flow reduced
plan limit 767
compute initial stop until 0
current timestep 3492
planning flow reduced
plan limit 781
compute initial stop until 0
current timestep 3498
planning flow reduced
plan limit 753
compute initial stop until 0
current timestep 3503
planning flow reduced
plan limit 758
compute initial stop until 0
current timestep 3509
planning flow reduced
plan limit 733
compute initial stop until 0
current timestep 3513
planning flow reduced
plan limit 790
compute initial stop until 0
current timestep 3519
planning flow reduced
plan limit 783
compute initial stop until 0
current timestep 3524
planning flow reduced
plan limit 784
compute initial stop until 0
current timestep 3529
planning flow reduced
plan limit 784
compute initial stop until 0
current timestep 3534
planning flow reduced
plan limit 787
compute initial stop until 0
current timestep 3539
planning flow reduced
plan limit 786
compute initial stop until 0
current timestep 3544
planning flow reduced
plan limit 790
compute initial stop until 0
current timestep 3549
planning flow reduced
plan limit 785
compute initial stop until 0
current timestep 3554
planning flow reduced
plan limit 789
compute initial stop until 0
current timestep 3559
planning flow reduced
plan limit 789
compute initial stop until 0
current timestep 3564
planning flow reduced
plan limit 765
compute initial stop until 0
current timestep 3570
planning flow reduced
plan limit 792
compute initial stop until 0
current timestep 3575
planning flow reduced
plan limit 781
compute initial stop until 0
current timestep 3580
planning flow reduced
plan limit 766
compute initial stop until 0
current timestep 3586
planning flow reduced
plan limit 773
compute initial stop until 0
current timestep 3591
planning flow reduced
plan limit 784
compute initial stop until 0
current timestep 3597
planning flow reduced
plan limit 782
compute initial stop until 0
current timestep 3602
planning flow reduced
plan limit 763
compute initial stop until 0
current timestep 3608
planning flow reduced
plan limit 786
compute initial stop until 0
current timestep 3613
planning flow reduced
plan limit 789
compute initial stop until 0
current timestep 3618
planning flow reduced
plan limit 785
compute initial stop until 0
current timestep 3623
planning flow reduced
plan limit 781
compute initial stop until 0
current timestep 3628
planning flow reduced
plan limit 767
compute initial stop until 0
current timestep 3634
planning flow reduced
plan limit 792
compute initial stop until 0
current timestep 3639
planning flow reduced
plan limit 788
compute initial stop until 0
current timestep 3644
planning flow reduced
plan limit 787
compute initial stop until 0
current timestep 3649
planning flow reduced
plan limit 770
compute initial stop until 0
current timestep 3654
planning flow reduced
plan limit 790
compute initial stop until 0
current timestep 3659
planning flow reduced
plan limit 789
compute initial stop until 0
current timestep 3664
planning flow reduced
plan limit 790
compute initial stop until 0
current timestep 3669
planning flow reduced
plan limit 785
compute initial stop until 0
current timestep 3674
planning flow reduced
plan limit 767
compute initial stop until 0
current timestep 3680
planning flow reduced
plan limit 765
compute initial stop until 0
current timestep 3686
planning flow reduced
plan limit 789
compute initial stop until 0
current timestep 3691
planning flow reduced
plan limit 787
compute initial stop until 0
current timestep 3696
planning flow reduced
plan limit 795
compute initial stop until 0
current timestep 3701
planning flow reduced
plan limit 788
compute initial stop until 0
current timestep 3706
planning flow reduced
plan limit 788
compute initial stop until 0
current timestep 3711
planning flow reduced
plan limit 792
compute initial stop until 0
current timestep 3716
planning flow reduced
plan limit 762
compute initial stop until 0
current timestep 3721
planning flow reduced
plan limit 789
compute initial stop until 0
current timestep 3726
planning flow reduced
plan limit 766
compute initial stop until 0
current timestep 3731
planning flow reduced
plan limit 784
compute initial stop until 0
current timestep 3738
planning flow reduced
plan limit 778
compute initial stop until 0
current timestep 3743
planning flow reduced
plan limit 778
compute initial stop until 0
current timestep 3748
planning flow reduced
plan limit 782
compute initial stop until 0
current timestep 3753
planning flow reduced
plan limit 763
compute initial stop until 0
current timestep 3759
planning flow reduced
plan limit 786
compute initial stop until 0
current timestep 3764
planning flow reduced
plan limit 762
compute initial stop until 0
current timestep 3770
planning flow reduced
plan limit 753
compute initial stop until 0
current timestep 3775
planning flow reduced
plan limit 776
compute initial stop until 0
current timestep 3780
planning flow reduced
plan limit 775
compute initial stop until 0
current timestep 3786
planning flow reduced
plan limit 768
compute initial stop until 0
current timestep 3792
planning flow reduced
plan limit 766
compute initial stop until 0
current timestep 3797
planning flow reduced
plan limit 774
compute initial stop until 0
current timestep 3803
planning flow reduced
plan limit 737
compute initial stop until 0
current timestep 3808
planning flow reduced
plan limit 764
compute initial stop until 0
current timestep 3813
planning flow reduced
plan limit 757
compute initial stop until 0
current timestep 3820
planning flow reduced
plan limit 772
compute initial stop until 0
current timestep 3825
planning flow reduced
plan limit 776
compute initial stop until 0
current timestep 3830
planning flow reduced
plan limit 775
compute initial stop until 0
current timestep 3835
planning flow reduced
plan limit 784
compute initial stop until 0
current timestep 3841
planning flow reduced
plan limit 773
compute initial stop until 0
current timestep 3846
planning flow reduced
plan limit 766
compute initial stop until 0
current timestep 3851
planning flow reduced
plan limit 776
compute initial stop until 0
current timestep 3856
planning flow reduced
plan limit 767
compute initial stop until 0
current timestep 3862
planning flow reduced
plan limit 775
compute initial stop until 0
current timestep 3867
planning flow reduced
plan limit 763
compute initial stop until 0
current timestep 3872
planning flow reduced
plan limit 776
compute initial stop until 0
current timestep 3877
planning flow reduced
plan limit 778
compute initial stop until 0
current timestep 3882
planning flow reduced
plan limit 774
compute initial stop until 0
current timestep 3887
planning flow reduced
plan limit 780
compute initial stop until 0
current timestep 3893
planning flow reduced
plan limit 731
compute initial stop until 0
current timestep 3900
planning flow reduced
plan limit 749
compute initial stop until 0
current timestep 3905
planning flow reduced
plan limit 743
compute initial stop until 0
current timestep 3910
planning flow reduced
plan limit 768
compute initial stop until 0
current timestep 3916
planning flow reduced
plan limit 763
compute initial stop until 0
current timestep 3922
planning flow reduced
plan limit 742
compute initial stop until 0
current timestep 3928
planning flow reduced
plan limit 775
compute initial stop until 0
current timestep 3933
planning flow reduced
plan limit 769
compute initial stop until 0
current timestep 3939
planning flow reduced
plan limit 789
compute initial stop until 0
current timestep 3944
planning flow reduced
plan limit 770
compute initial stop until 0
current timestep 3950
planning flow reduced
plan limit 793
compute initial stop until 0
current timestep 3955
planning flow reduced
plan limit 786
compute initial stop until 0
current timestep 3961
planning flow reduced
plan limit 765
compute initial stop until 0
current timestep 3967
planning flow reduced
plan limit 785
compute initial stop until 0
current timestep 3972
planning flow reduced
plan limit 788
compute initial stop until 0
current timestep 3977
planning flow reduced
plan limit 765
compute initial stop until 0
current timestep 3982
planning flow reduced
plan limit 787
compute initial stop until 0
current timestep 3988
planning flow reduced
plan limit 789
compute initial stop until 0
current timestep 3993
planning flow reduced
plan limit 765
compute initial stop until 0
current timestep 3999
planning flow reduced
plan limit 790
compute initial stop until 0
current timestep 4004
planning flow reduced
plan limit 788
compute initial stop until 0
current timestep 4010
planning flow reduced
plan limit 792
compute initial stop until 0
current timestep 4014
planning flow reduced
plan limit 785
compute initial stop until 0
current timestep 4019
planning flow reduced
plan limit 771
compute initial stop until 0
current timestep 4024
planning flow reduced
plan limit 782
compute initial stop until 0
current timestep 4029
planning flow reduced
plan limit 770
compute initial stop until 0
current timestep 4034
planning flow reduced
plan limit 783
compute initial stop until 0
current timestep 4040
planning flow reduced
plan limit 769
compute initial stop until 0
current timestep 4045
planning flow reduced
plan limit 784
compute initial stop until 0
current timestep 4050
planning flow reduced
plan limit 791
compute initial stop until 0
current timestep 4054
planning flow reduced
plan limit 772
compute initial stop until 0
current timestep 4060
planning flow reduced
plan limit 785
compute initial stop until 0
current timestep 4065
planning flow reduced
plan limit 792
compute initial stop until 0
current timestep 4070
planning flow reduced
plan limit 792
compute initial stop until 0
current timestep 4075
planning flow reduced
plan limit 775
compute initial stop until 0
current timestep 4080
planning flow reduced
plan limit 771
compute initial stop until 0
current timestep 4085
planning flow reduced
plan limit 759
compute initial stop until 0
current timestep 4090
planning flow reduced
plan limit 790
compute initial stop until 0
current timestep 4094
planning flow reduced
plan limit 791
compute initial stop until 0
current timestep 4099
planning flow reduced
plan limit 787
compute initial stop until 0
current timestep 4104
planning flow reduced
plan limit 770
compute initial stop until 0
current timestep 4109
planning flow reduced
plan limit 763
compute initial stop until 0
current timestep 4114
planning flow reduced
plan limit 790
compute initial stop until 0
current timestep 4119
planning flow reduced
plan limit 790
compute initial stop until 0
current timestep 4123
planning flow reduced
plan limit 788
compute initial stop until 0
current timestep 4128
planning flow reduced
plan limit 783
compute initial stop until 0
current timestep 4133
planning flow reduced
plan limit 790
compute initial stop until 0
current timestep 4137
planning flow reduced
plan limit 764
compute initial stop until 0
current timestep 4143
planning flow reduced
plan limit 767
compute initial stop until 0
current timestep 4148
planning flow reduced
plan limit 765
compute initial stop until 0
current timestep 4153
planning flow reduced
plan limit 790
compute initial stop until 0
current timestep 4158
planning flow reduced
plan limit 785
compute initial stop until 0
current timestep 4162
planning flow reduced
plan limit 785
compute initial stop until 0
current timestep 4167
planning flow reduced
plan limit 743
compute initial stop until 0
current timestep 4172
planning flow reduced
plan limit 786
compute initial stop until 0
current timestep 4177
planning flow reduced
plan limit 759
compute initial stop until 0
current timestep 4182
planning flow reduced
plan limit 774
compute initial stop until 0
current timestep 4187
planning flow reduced
plan limit 737
compute initial stop until 0
current timestep 4191
planning flow reduced
plan limit 776
compute initial stop until 0
current timestep 4196
planning flow reduced
plan limit 778
compute initial stop until 0
current timestep 4201
planning flow reduced
plan limit 786
compute initial stop until 0
current timestep 4206
planning flow reduced
plan limit 790
compute initial stop until 0
current timestep 4211
planning flow reduced
plan limit 787
compute initial stop until 0
current timestep 4217
planning flow reduced
plan limit 749
compute initial stop until 0
current timestep 4222
planning flow reduced
plan limit 771
compute initial stop until 0
current timestep 4226
planning flow reduced
plan limit 752
compute initial stop until 0
current timestep 4231
planning flow reduced
plan limit 773
compute initial stop until 0
current timestep 4236
planning flow reduced
plan limit 760
compute initial stop until 0
current timestep 4242
planning flow reduced
plan limit 781
compute initial stop until 0
current timestep 4247
planning flow reduced
plan limit 762
compute initial stop until 0
current timestep 4252
planning flow reduced
plan limit 747
compute initial stop until 0
current timestep 4257
planning flow reduced
plan limit 748
compute initial stop until 0
current timestep 4263
planning flow reduced
plan limit 744
compute initial stop until 0
current timestep 4268
planning flow reduced
plan limit 772
compute initial stop until 0
current timestep 4273
planning flow reduced
plan limit 771
compute initial stop until 0
current timestep 4279
planning flow reduced
plan limit 748
compute initial stop until 0
current timestep 4285
planning flow reduced
plan limit 746
compute initial stop until 0
current timestep 4290
planning flow reduced
plan limit 771
compute initial stop until 0
current timestep 4295
planning flow reduced
plan limit 765
compute initial stop until 0
current timestep 4301
planning flow reduced
plan limit 773
compute initial stop until 0
current timestep 4306
planning flow reduced
plan limit 743
compute initial stop until 0
current timestep 4311
planning flow reduced
plan limit 771
compute initial stop until 0
current timestep 4316
planning flow reduced
plan limit 734
compute initial stop until 0
current timestep 4322
planning flow reduced
plan limit 744
compute initial stop until 0
current timestep 4327
planning flow reduced
plan limit 785
compute initial stop until 0
current timestep 4331
planning flow reduced
plan limit 788
compute initial stop until 0
current timestep 4335
planning flow reduced
plan limit 782
compute initial stop until 0
current timestep 4339
planning flow reduced
plan limit 766
compute initial stop until 0
current timestep 4343
planning flow reduced
plan limit 787
compute initial stop until 0
current timestep 4347
planning flow reduced
plan limit 775
compute initial stop until 0
current timestep 4351
planning flow reduced
plan limit 781
compute initial stop until 0
current timestep 4355
planning flow reduced
plan limit 784
compute initial stop until 0
current timestep 4359
planning flow reduced
plan limit 793
compute initial stop until 0
current timestep 4363
planning flow reduced
plan limit 787
compute initial stop until 0
current timestep 4367
planning flow reduced
plan limit 796
compute initial stop until 0
current timestep 4371
planning flow reduced
plan limit 791
compute initial stop until 0
current timestep 4375
planning flow reduced
plan limit 795
compute initial stop until 0
current timestep 4379
planning flow reduced
plan limit 788
compute initial stop until 0
current timestep 4383
planning flow reduced
plan limit 792
compute initial stop until 0
current timestep 4387
planning flow reduced
plan limit 789
compute initial stop until 0
current timestep 4391
planning flow reduced
plan limit 771
compute initial stop until 0
current timestep 4395
planning flow reduced
plan limit 785
compute initial stop until 0
current timestep 4399
planning flow reduced
plan limit 791
compute initial stop until 0
current timestep 4403
planning flow reduced
plan limit 790
compute initial stop until 0
current timestep 4407
planning flow reduced
plan limit 788
compute initial stop until 0
current timestep 4411
planning flow reduced
plan limit 767
compute initial stop until 0
current timestep 4416
planning flow reduced
plan limit 766
compute initial stop until 0
current timestep 4420
planning flow reduced
plan limit 794
compute initial stop until 0
current timestep 4424
planning flow reduced
plan limit 787
compute initial stop until 0
current timestep 4428
planning flow reduced
plan limit 784
compute initial stop until 0
current timestep 4432
planning flow reduced
plan limit 788
compute initial stop until 0
current timestep 4436
planning flow reduced
plan limit 791
compute initial stop until 0
current timestep 4440
planning flow reduced
plan limit 767
compute initial stop until 0
current timestep 4444
planning flow reduced
plan limit 773
compute initial stop until 0
current timestep 4448
planning flow reduced
plan limit 789
compute initial stop until 0
current timestep 4452
planning flow reduced
plan limit 789
compute initial stop until 0
current timestep 4456
planning flow reduced
plan limit 787
compute initial stop until 0
current timestep 4460
planning flow reduced
plan limit 792
compute initial stop until 0
current timestep 4464
planning flow reduced
plan limit 787
compute initial stop until 0
current timestep 4468
planning flow reduced
plan limit 793
compute initial stop until 0
current timestep 4472
planning flow reduced
plan limit 787
compute initial stop until 0
current timestep 4476
planning flow reduced
plan limit 791
compute initial stop until 0
current timestep 4480
planning flow reduced
plan limit 786
compute initial stop until 0
current timestep 4484
planning flow reduced
plan limit 792
compute initial stop until 0
current timestep 4488
planning flow reduced
plan limit 785
compute initial stop until 0
current timestep 4492
planning flow reduced
plan limit 768
compute initial stop until 0
current timestep 4496
planning flow reduced
plan limit 785
compute initial stop until 0
current timestep 4500
planning flow reduced
plan limit 765
compute initial stop until 0
current timestep 4504
planning flow reduced
plan limit 787
compute initial stop until 0
current timestep 4508
planning flow reduced
plan limit 768
compute initial stop until 0
current timestep 4512
planning flow reduced
plan limit 788
compute initial stop until 0
current timestep 4516
planning flow reduced
plan limit 786
compute initial stop until 0
current timestep 4520
planning flow reduced
plan limit 784
compute initial stop until 0
current timestep 4524
planning flow reduced
plan limit 791
compute initial stop until 0
current timestep 4528
planning flow reduced
plan limit 797
compute initial stop until 0
current timestep 4532
planning flow reduced
plan limit 762
compute initial stop until 0
current timestep 4537
planning flow reduced
plan limit 789
compute initial stop until 0
current timestep 4541
planning flow reduced
plan limit 748
compute initial stop until 0
current timestep 4546
planning flow reduced
plan limit 770
compute initial stop until 0
current timestep 4550
planning flow reduced
plan limit 791
compute initial stop until 0
current timestep 4554
planning flow reduced
plan limit 789
compute initial stop until 0
current timestep 4558
planning flow reduced
plan limit 795
compute initial stop until 0
current timestep 4562
planning flow reduced
plan limit 788
compute initial stop until 0
current timestep 4566
planning flow reduced
plan limit 767
compute initial stop until 0
current timestep 4570
planning flow reduced
plan limit 787
compute initial stop until 0
current timestep 4574
planning flow reduced
plan limit 787
compute initial stop until 0
current timestep 4578
planning flow reduced
plan limit 783
compute initial stop until 0
current timestep 4583
planning flow reduced
plan limit 764
compute initial stop until 0
current timestep 4588
planning flow reduced
plan limit 762
compute initial stop until 0
current timestep 4593
planning flow reduced
plan limit 780
compute initial stop until 0
current timestep 4597
planning flow reduced
plan limit 784
compute initial stop until 0
current timestep 4601
planning flow reduced
plan limit 784
compute initial stop until 0
current timestep 4605
planning flow reduced
plan limit 783
compute initial stop until 0
current timestep 4610
planning flow reduced
plan limit 790
compute initial stop until 0
current timestep 4614
planning flow reduced
plan limit 782
compute initial stop until 0
current timestep 4618
planning flow reduced
plan limit 768
compute initial stop until 0
current timestep 4622
planning flow reduced
plan limit 761
compute initial stop until 0
current timestep 4626
planning flow reduced
plan limit 762
compute initial stop until 0
current timestep 4630
planning flow reduced
plan limit 786
compute initial stop until 0
current timestep 4634
planning flow reduced
plan limit 776
compute initial stop until 0
current timestep 4638
planning flow reduced
plan limit 755
compute initial stop until 0
current timestep 4643
planning flow reduced
plan limit 750
compute initial stop until 0
current timestep 4647
planning flow reduced
plan limit 758
compute initial stop until 0
current timestep 4652
planning flow reduced
plan limit 765
compute initial stop until 0
current timestep 4657
planning flow reduced
plan limit 763
compute initial stop until 0
current timestep 4663
planning flow reduced
plan limit 740
compute initial stop until 0
current timestep 4669
planning flow reduced
plan limit 751
compute initial stop until 0
current timestep 4674
planning flow reduced
plan limit 771
compute initial stop until 0
current timestep 4678
planning flow reduced
plan limit 767
compute initial stop until 0
current timestep 4683
planning flow reduced
plan limit 768
compute initial stop until 0
current timestep 4688
planning flow reduced
plan limit 774
compute initial stop until 0
current timestep 4692
planning flow reduced
plan limit 745
compute initial stop until 0
current timestep 4696
planning flow reduced
plan limit 786
compute initial stop until 0
current timestep 4700
planning flow reduced
plan limit 756
compute initial stop until 0
current timestep 4705
planning flow reduced
plan limit 757
compute initial stop until 0
current timestep 4709
planning flow reduced
plan limit 753
compute initial stop until 0
current timestep 4713
planning flow reduced
plan limit 784
compute initial stop until 0
current timestep 4718
planning flow reduced
plan limit 760
compute initial stop until 0
current timestep 4723
planning flow reduced
plan limit 781
compute initial stop until 0
current timestep 4727
planning flow reduced
plan limit 752
compute initial stop until 0
current timestep 4731
planning flow reduced
plan limit 765
compute initial stop until 0
current timestep 4735
planning flow reduced
plan limit 778
compute initial stop until 0
current timestep 4739
planning flow reduced
plan limit 759
compute initial stop until 0
current timestep 4743
planning flow reduced
plan limit 764
compute initial stop until 0
current timestep 4747
planning flow reduced
plan limit 782
compute initial stop until 0
current timestep 4751
planning flow reduced
plan limit 778
compute initial stop until 0
current timestep 4754
planning flow reduced
plan limit 784
compute initial stop until 0
current timestep 4757
planning flow reduced
plan limit 772
compute initial stop until 0
current timestep 4761
planning flow reduced
plan limit 767
compute initial stop until 0
current timestep 4765
planning flow reduced
plan limit 770
compute initial stop until 0
current timestep 4768
planning flow reduced
plan limit 794
compute initial stop until 0
current timestep 4772
planning flow reduced
plan limit 794
compute initial stop until 0
current timestep 4776
planning flow reduced
plan limit 793
compute initial stop until 0
current timestep 4780
planning flow reduced
plan limit 794
compute initial stop until 0
current timestep 4784
planning flow reduced
plan limit 792
compute initial stop until 0
current timestep 4788
planning flow reduced
plan limit 790
compute initial stop until 0
current timestep 4792
planning flow reduced
plan limit 773
compute initial stop until 0
current timestep 4796
planning flow reduced
plan limit 795
compute initial stop until 0
current timestep 4800
planning flow reduced
plan limit 793
compute initial stop until 0
current timestep 4804
planning flow reduced
plan limit 778
compute initial stop until 0
current timestep 4808
planning flow reduced
plan limit 797
compute initial stop until 0
current timestep 4812
planning flow reduced
plan limit 799
compute initial stop until 0
current timestep 4816
planning flow reduced
plan limit 794
compute initial stop until 0
current timestep 4820
planning flow reduced
plan limit 796
compute initial stop until 0
current timestep 4824
planning flow reduced
plan limit 798
compute initial stop until 0
current timestep 4828
planning flow reduced
plan limit 797
compute initial stop until 0
current timestep 4832
planning flow reduced
plan limit 797
compute initial stop until 0
current timestep 4837
planning flow reduced
plan limit 776
compute initial stop until 0
current timestep 4841
planning flow reduced
plan limit 775
compute initial stop until 0
current timestep 4845
planning flow reduced
plan limit 776
compute initial stop until 0
current timestep 4849
planning flow reduced
plan limit 797
compute initial stop until 0
current timestep 4853
planning flow reduced
plan limit 773
compute initial stop until 0
current timestep 4856
planning flow reduced
plan limit 797
compute initial stop until 0
current timestep 4860
planning flow reduced
plan limit 795
compute initial stop until 0
current timestep 4864
planning flow reduced
plan limit 795
compute initial stop until 0
current timestep 4868
planning flow reduced
plan limit 799
compute initial stop until 0
current timestep 4872
planning flow reduced
plan limit 794
compute initial stop until 0
current timestep 4876
planning flow reduced
plan limit 798
compute initial stop until 0
current timestep 4880
planning flow reduced
plan limit 795
compute initial stop until 0
current timestep 4884
planning flow reduced
plan limit 773
compute initial stop until 0
current timestep 4887
planning flow reduced
plan limit 774
compute initial stop until 0
current timestep 4891
planning flow reduced
plan limit 793
compute initial stop until 0
current timestep 4895
planning flow reduced
plan limit 795
compute initial stop until 0
current timestep 4899
planning flow reduced
plan limit 795
compute initial stop until 0
current timestep 4903
planning flow reduced
plan limit 772
compute initial stop until 0
current timestep 4906
planning flow reduced
plan limit 771
compute initial stop until 0
current timestep 4909
planning flow reduced
plan limit 781
compute initial stop until 0
current timestep 4913
planning flow reduced
plan limit 791
compute initial stop until 0
current timestep 4917
planning flow reduced
plan limit 784
compute initial stop until 0
current timestep 4921
planning flow reduced
plan limit 792
compute initial stop until 0
current timestep 4925
planning flow reduced
plan limit 792
compute initial stop until 0
current timestep 4929
planning flow reduced
plan limit 775
compute initial stop until 0
current timestep 4932
planning flow reduced
plan limit 769
compute initial stop until 0
current timestep 4935
planning flow reduced
plan limit 791
compute initial stop until 0
current timestep 4939
planning flow reduced
plan limit 794
compute initial stop until 0
current timestep 4943
planning flow reduced
plan limit 773
compute initial stop until 0
current timestep 4947
planning flow reduced
plan limit 789
compute initial stop until 0
current timestep 4950
planning flow reduced
plan limit 773
compute initial stop until 0
current timestep 4953
planning flow reduced
plan limit 791
compute initial stop until 0
current timestep 4957
planning flow reduced
plan limit 772
compute initial stop until 0
current timestep 4960
planning flow reduced
plan limit 773
compute initial stop until 0
current timestep 4963
planning flow reduced
plan limit 801
compute initial stop until 0
current timestep 4967
planning flow reduced
plan limit 779
compute initial stop until 0
current timestep 4970
planning flow reduced
plan limit 799
compute initial stop until 0
current timestep 4974
planning flow reduced
plan limit 797
compute initial stop until 0
current timestep 4978
planning flow reduced
plan limit 773
compute initial stop until 0
current timestep 4981
planning flow reduced
plan limit 792
compute initial stop until 0
current timestep 4985
planning flow reduced
plan limit 788
compute initial stop until 0
current timestep 4989
planning flow reduced
plan limit 791
compute initial stop until 0
current timestep 4993
planning flow reduced
plan limit 791
compute initial stop until 0
current timestep 4997
planning flow reduced
plan limit 789
compute initial stop until 0
current timestep 5001
planning flow reduced
plan limit 775
compute initial stop until 0
current timestep 5005
planning flow reduced
plan limit 792
compute initial stop until 0
current timestep 5009
planning flow reduced
plan limit 795
compute initial stop until 0
current timestep 5013
planning flow reduced
plan limit 792
compute initial stop until 0
current timestep 5017
planning flow reduced
plan limit 798
compute initial stop until 0
current timestep 5021
planning flow reduced
plan limit 794
compute initial stop until 0
current timestep 5025
planning flow reduced
plan limit 795
compute initial stop until 0
current timestep 5029
planning flow reduced
plan limit 798
compute initial stop until 0
current timestep 5033
planning flow reduced
plan limit 796
compute initial stop until 0
current timestep 5037
planning flow reduced
plan limit 796
compute initial stop until 0
current timestep 5041
planning flow reduced
plan limit 795
compute initial stop until 0
current timestep 5045
planning flow reduced
plan limit 792
compute initial stop until 0
current timestep 5049
planning flow reduced
plan limit 796
compute initial stop until 0
current timestep 5053
planning flow reduced
plan limit 794
compute initial stop until 0
current timestep 5057
planning flow reduced
plan limit 772
compute initial stop until 0
current timestep 5060
planning flow reduced
plan limit 771
compute initial stop until 0
current timestep 5063
planning flow reduced
plan limit 792
compute initial stop until 0
current timestep 5067
planning flow reduced
plan limit 791
compute initial stop until 0
current timestep 5071
planning flow reduced
plan limit 768
compute initial stop until 0
current timestep 5075
planning flow reduced
plan limit 771
compute initial stop until 0
current timestep 5078
planning flow reduced
plan limit 793
compute initial stop until 0
current timestep 5082
planning flow reduced
plan limit 793
compute initial stop until 0
current timestep 5086
planning flow reduced
plan limit 796
compute initial stop until 0
current timestep 5090
planning flow reduced
plan limit 759
compute initial stop until 0
current timestep 5093
planning flow reduced
plan limit 780
compute initial stop until 0
current timestep 5097
planning flow reduced
plan limit 793
compute initial stop until 0
current timestep 5101
planning flow reduced
plan limit 792
compute initial stop until 0
current timestep 5105
planning flow reduced
plan limit 784
compute initial stop until 0
current timestep 5109
planning flow reduced
plan limit 790
compute initial stop until 0
current timestep 5113
planning flow reduced
plan limit 793
compute initial stop until 0
current timestep 5117
planning flow reduced
plan limit 790
compute initial stop until 0
current timestep 5121
planning flow reduced
plan limit 793
compute initial stop until 0
current timestep 5125
planning flow reduced
plan limit 766
compute initial stop until 0
current timestep 5129
planning flow reduced
plan limit 790
compute initial stop until 0
current timestep 5133
planning flow reduced
plan limit 789
compute initial stop until 0
current timestep 5137
planning flow reduced
plan limit 794
compute initial stop until 0
current timestep 5141
planning flow reduced
plan limit 792
compute initial stop until 0
current timestep 5145
planning flow reduced
plan limit 792
compute initial stop until 0
current timestep 5149
planning flow reduced
plan limit 794
compute initial stop until 0
current timestep 5152
planning flow reduced
plan limit 789
compute initial stop until 0
current timestep 5156
planning flow reduced
plan limit 789
compute initial stop until 0
current timestep 5160
planning flow reduced
plan limit 793
compute initial stop until 0
current timestep 5164
planning flow reduced
plan limit 751
compute initial stop until 0
current timestep 5168
planning flow reduced
plan limit 764
compute initial stop until 0
current timestep 5173
planning flow reduced
plan limit 775
compute initial stop until 0
current timestep 5177
planning flow reduced
plan limit 792
compute initial stop until 0
current timestep 5181
planning flow reduced
plan limit 787
compute initial stop until 0
current timestep 5184
planning flow reduced
plan limit 790
compute initial stop until 0
current timestep 5188
planning flow reduced
plan limit 789
compute initial stop until 0
current timestep 5192
planning flow reduced
plan limit 789
compute initial stop until 0
current timestep 5195
planning flow reduced
plan limit 778
compute initial stop until 0
current timestep 5199
planning flow reduced
plan limit 792
compute initial stop until 0
current timestep 5203
planning flow reduced
plan limit 790
compute initial stop until 0
current timestep 5207
planning flow reduced
plan limit 787
compute initial stop until 0
current timestep 5211
planning flow reduced
plan limit 786
compute initial stop until 0
current timestep 5215
planning flow reduced
plan limit 789
compute initial stop until 0
current timestep 5219
planning flow reduced
plan limit 786
compute initial stop until 0
current timestep 5222
planning flow reduced
plan limit 785
compute initial stop until 0
current timestep 5226
planning flow reduced
plan limit 788
compute initial stop until 0
current timestep 5229
planning flow reduced
plan limit 780
compute initial stop until 0
current timestep 5233
planning flow reduced
plan limit 757
compute initial stop until 0
current timestep 5236
planning flow reduced
plan limit 773
compute initial stop until 0
current timestep 5240
planning flow reduced
plan limit 784
compute initial stop until 0
current timestep 5244
planning flow reduced
plan limit 780
compute initial stop until 0
current timestep 5247
planning flow reduced
plan limit 783
compute initial stop until 0
current timestep 5252
planning flow reduced
plan limit 780
compute initial stop until 0
current timestep 5255
planning flow reduced
plan limit 739
compute initial stop until 0
current timestep 5263
planning flow reduced
plan limit 771
compute initial stop until 0
current timestep 5267
planning flow reduced
plan limit 778
compute initial stop until 0
current timestep 5271
planning flow reduced
plan limit 722
compute initial stop until 0
current timestep 5277
planning flow reduced
plan limit 774
compute initial stop until 0
current timestep 5281
planning flow reduced
plan limit 777
compute initial stop until 0
current timestep 5284
planning flow reduced
plan limit 786
compute initial stop until 0
current timestep 5288
planning flow reduced
plan limit 790
compute initial stop until 0
current timestep 5292
planning flow reduced
plan limit 790
compute initial stop until 0
current timestep 5296
planning flow reduced
plan limit 789
compute initial stop until 0
current timestep 5300
planning flow reduced
plan limit 789
compute initial stop until 0
current timestep 5304
planning flow reduced
plan limit 734
compute initial stop until 0
current timestep 5308
planning flow reduced
plan limit 783
compute initial stop until 0
current timestep 5312
planning flow reduced
plan limit 766
compute initial stop until 0
current timestep 5315
planning flow reduced
plan limit 791
compute initial stop until 0
current timestep 5319
planning flow reduced
plan limit 768
compute initial stop until 0
current timestep 5323
planning flow reduced
plan limit 772
compute initial stop until 0
current timestep 5326
planning flow reduced
plan limit 792
compute initial stop until 0
current timestep 5330
planning flow reduced
plan limit 792
compute initial stop until 0
current timestep 5334
planning flow reduced
plan limit 769
compute initial stop until 0
current timestep 5341
planning flow reduced
plan limit 789
compute initial stop until 0
current timestep 5347
planning flow reduced
plan limit 759
compute initial stop until 0
current timestep 5353
planning flow reduced
plan limit 757
compute initial stop until 0
current timestep 5358
planning flow reduced
plan limit 782
compute initial stop until 0
current timestep 5362
planning flow reduced
plan limit 791
compute initial stop until 0
current timestep 5366
planning flow reduced
plan limit 787
compute initial stop until 0
current timestep 5370
planning flow reduced
plan limit 790
compute initial stop until 0
current timestep 5374
planning flow reduced
plan limit 786
compute initial stop until 0
current timestep 5378
planning flow reduced
plan limit 793
compute initial stop until 0
current timestep 5382
planning flow reduced
plan limit 791
compute initial stop until 0
current timestep 5386
planning flow reduced
plan limit 795
compute initial stop until 0
current timestep 5390
planning flow reduced
plan limit 797
compute initial stop until 0
current timestep 5394
planning flow reduced
plan limit 790
compute initial stop until 0
current timestep 5398
planning flow reduced
plan limit 794
compute initial stop until 0
current timestep 5402
planning flow reduced
plan limit 795
compute initial stop until 0
current timestep 5406
planning flow reduced
plan limit 792
compute initial stop until 0
current timestep 5410
planning flow reduced
plan limit 792
compute initial stop until 0
current timestep 5415
planning flow reduced
plan limit 791
compute initial stop until 0
current timestep 5419
planning flow reduced
plan limit 794
compute initial stop until 0
current timestep 5423
planning flow reduced
plan limit 791
compute initial stop until 0
current timestep 5427
planning flow reduced
plan limit 795
compute initial stop until 0
current timestep 5431
planning flow reduced
plan limit 763
compute initial stop until 0
current timestep 5435
planning flow reduced
plan limit 772
compute initial stop until 0
current timestep 5439
planning flow reduced
plan limit 790
compute initial stop until 0
current timestep 5443
planning flow reduced
plan limit 794
compute initial stop until 0
current timestep 5447
planning flow reduced
plan limit 792
compute initial stop until 0
current timestep 5451
planning flow reduced
plan limit 794
compute initial stop until 0
current timestep 5455
planning flow reduced
plan limit 791
compute initial stop until 0
current timestep 5459
planning flow reduced
plan limit 734
compute initial stop until 0
current timestep 5467
planning flow reduced
plan limit 784
compute initial stop until 0
current timestep 5473
planning flow reduced
plan limit 764
compute initial stop until 0
current timestep 5479
planning flow reduced
plan limit 762
compute initial stop until 0
current timestep 5485
planning flow reduced
plan limit 792
compute initial stop until 0
current timestep 5490
planning flow reduced
plan limit 757
compute initial stop until 0
current timestep 5497
planning flow reduced
plan limit 757
compute initial stop until 0
current timestep 5503
planning flow reduced
plan limit 789
compute initial stop until 0
current timestep 5510
planning flow reduced
plan limit 759
compute initial stop until 0
current timestep 5514
planning flow reduced
plan limit 759
compute initial stop until 0
current timestep 5521
planning flow reduced
plan limit 789
compute initial stop until 0
current timestep 5525
planning flow reduced
plan limit 765
compute initial stop until 0
current timestep 5530
planning flow reduced
plan limit 757
compute initial stop until 0
current timestep 5537
planning flow reduced
plan limit 784
compute initial stop until 0
current timestep 5541
planning flow reduced
plan limit 789
compute initial stop until 0
current timestep 5545
planning flow reduced
plan limit 789
compute initial stop until 0
current timestep 5550
planning flow reduced
plan limit 787
compute initial stop until 0
current timestep 5554
planning flow reduced
plan limit 760
compute initial stop until 0
current timestep 5562
planning flow reduced
plan limit 749
compute initial stop until 0
current timestep 5566
planning flow reduced
plan limit 753
compute initial stop until 0
current timestep 5573
planning flow reduced
plan limit 782
compute initial stop until 0
current timestep 5576
planning flow reduced
plan limit 732
compute initial stop until 0
current timestep 5584
planning flow reduced
plan limit 787
compute initial stop until 0
current timestep 5588
planning flow reduced
plan limit 752
compute initial stop until 0
current timestep 5595
planning flow reduced
plan limit 774
compute initial stop until 0
current timestep 5599
planning flow reduced
plan limit 786
compute initial stop until 0
current timestep 5602
planning flow reduced
plan limit 775
compute initial stop until 0
current timestep 5606
planning flow reduced
plan limit 766
compute initial stop until 0
current timestep 5609
planning flow reduced
plan limit 778
compute initial stop until 0
current timestep 5613
planning flow reduced
plan limit 786
compute initial stop until 0
current timestep 5617
planning flow reduced
plan limit 731
compute initial stop until 0
current timestep 5625
planning flow reduced
plan limit 766
compute initial stop until 0
current timestep 5629
planning flow reduced
plan limit 725
compute initial stop until 0
current timestep 5636
planning flow reduced
plan limit 772
compute initial stop until 0
current timestep 5640
planning flow reduced
plan limit 784
compute initial stop until 0
current timestep 5645
planning flow reduced
plan limit 771
compute initial stop until 0
current timestep 5649
planning flow reduced
plan limit 761
compute initial stop until 0
current timestep 5653
planning flow reduced
plan limit 782
compute initial stop until 0
current timestep 5657
planning flow reduced
plan limit 775
compute initial stop until 0
current timestep 5661
planning flow reduced
plan limit 742
compute initial stop until 0
current timestep 5665
planning flow reduced
plan limit 778
compute initial stop until 0
current timestep 5669
planning flow reduced
plan limit 779
compute initial stop until 0
current timestep 5673
planning flow reduced
plan limit 776
compute initial stop until 0
current timestep 5677
planning flow reduced
plan limit 783
compute initial stop until 0
current timestep 5680
planning flow reduced
plan limit 776
compute initial stop until 0
current timestep 5684
planning flow reduced
plan limit 775
compute initial stop until 0
current timestep 5688
planning flow reduced
plan limit 769
compute initial stop until 0
current timestep 5692
planning flow reduced
plan limit 762
compute initial stop until 0
current timestep 5697
planning flow reduced
plan limit 772
compute initial stop until 0
current timestep 5702
planning flow reduced
plan limit 765
compute initial stop until 0
current timestep 5706
planning flow reduced
plan limit 770
compute initial stop until 0
current timestep 5712
planning flow reduced
plan limit 765
compute initial stop until 0
current timestep 5717
planning flow reduced
plan limit 735
compute initial stop until 0
current timestep 5721
planning flow reduced
plan limit 791
compute initial stop until 0
current timestep 5725
planning flow reduced
plan limit 719
compute initial stop until 0
current timestep 5731
planning flow reduced
plan limit 768
compute initial stop until 0
current timestep 5734
planning flow reduced
plan limit 760
compute initial stop until 0
current timestep 5738
planning flow reduced
plan limit 767
compute initial stop until 0
current timestep 5741
planning flow reduced
plan limit 772
compute initial stop until 0
current timestep 5745
planning flow reduced
plan limit 770
compute initial stop until 0
current timestep 5749
planning flow reduced
plan limit 792
compute initial stop until 0
current timestep 5753
planning flow reduced
plan limit 789
compute initial stop until 0
current timestep 5757
planning flow reduced
plan limit 788
compute initial stop until 0
current timestep 5761
planning flow reduced
plan limit 789
compute initial stop until 0
current timestep 5765
planning flow reduced
plan limit 789
compute initial stop until 0
current timestep 5769
planning flow reduced
plan limit 788
compute initial stop until 0
current timestep 5773
planning flow reduced
plan limit 792
compute initial stop until 0
current timestep 5777
planning flow reduced
plan limit 791
compute initial stop until 0
current timestep 5781
planning flow reduced
plan limit 793
compute initial stop until 0
current timestep 5785
planning flow reduced
plan limit 791
compute initial stop until 0
current timestep 5789
planning flow reduced
plan limit 791
compute initial stop until 0
current timestep 5793
planning flow reduced
plan limit 795
compute initial stop until 0
current timestep 5797
planning flow reduced
plan limit 771
compute initial stop until 0
current timestep 5800
planning flow reduced
plan limit 780
compute initial stop until 0
current timestep 5804
planning flow reduced
plan limit 789
compute initial stop until 0
current timestep 5808
planning flow reduced
plan limit 790
compute initial stop until 0
current timestep 5812
planning flow reduced
plan limit 791
compute initial stop until 0
current timestep 5816
planning flow reduced
plan limit 790
compute initial stop until 0
current timestep 5820
planning flow reduced
plan limit 787
compute initial stop until 0
current timestep 5824
planning flow reduced
plan limit 793
compute initial stop until 0
current timestep 5828
planning flow reduced
plan limit 791
compute initial stop until 0
current timestep 5832
planning flow reduced
plan limit 788
compute initial stop until 0
current timestep 5836
planning flow reduced
plan limit 771
compute initial stop until 0
current timestep 5840
planning flow reduced
plan limit 790
compute initial stop until 0
current timestep 5844
planning flow reduced
plan limit 792
compute initial stop until 0
current timestep 5848
planning flow reduced
plan limit 790
compute initial stop until 0
current timestep 5852
planning flow reduced
plan limit 770
compute initial stop until 0
current timestep 5856
planning flow reduced
plan limit 784
compute initial stop until 0
current timestep 5860
planning flow reduced
plan limit 788
compute initial stop until 0
current timestep 5864
planning flow reduced
plan limit 769
compute initial stop until 0
current timestep 5868
planning flow reduced
plan limit 770
compute initial stop until 0
current timestep 5872
planning flow reduced
plan limit 788
compute initial stop until 0
current timestep 5876
planning flow reduced
plan limit 791
compute initial stop until 0
current timestep 5880
planning flow reduced
plan limit 766
compute initial stop until 0
current timestep 5884
planning flow reduced
plan limit 790
compute initial stop until 0
current timestep 5888
planning flow reduced
plan limit 785
compute initial stop until 0
current timestep 5891
planning flow reduced
plan limit 792
compute initial stop until 0
current timestep 5895
planning flow reduced
plan limit 788
compute initial stop until 0
current timestep 5899
planning flow reduced
plan limit 790
compute initial stop until 0
current timestep 5903
planning flow reduced
plan limit 785
compute initial stop until 0
current timestep 5907
planning flow reduced
plan limit 789
compute initial stop until 0
current timestep 5911
planning flow reduced
plan limit 759
compute initial stop until 0
current timestep 5917
planning flow reduced
plan limit 789
compute initial stop until 0
current timestep 5921
planning flow reduced
plan limit 769
compute initial stop until 0
current timestep 5924
planning flow reduced
plan limit 789
compute initial stop until 0
current timestep 5928
planning flow reduced
plan limit 786
compute initial stop until 0
current timestep 5932
planning flow reduced
plan limit 766
compute initial stop until 0
current timestep 5936
planning flow reduced
plan limit 788
compute initial stop until 0
current timestep 5940
planning flow reduced
plan limit 784
compute initial stop until 0
current timestep 5944
planning flow reduced
plan limit 795
compute initial stop until 0
current timestep 5948
planning flow reduced
plan limit 792
compute initial stop until 0
current timestep 5952
planning flow reduced
plan limit 784
compute initial stop until 0
current timestep 5956
planning flow reduced
plan limit 775
compute initial stop until 0
current timestep 5959
planning flow reduced
plan limit 787
compute initial stop until 0
current timestep 5963
planning flow reduced
plan limit 772
compute initial stop until 0
current timestep 5967
planning flow reduced
plan limit 785
compute initial stop until 0
current timestep 5971
planning flow reduced
plan limit 796
compute initial stop until 0
current timestep 5975
planning flow reduced
plan limit 767
compute initial stop until 0
current timestep 5978
planning flow reduced
plan limit 794
compute initial stop until 0
current timestep 5982
planning flow reduced
plan limit 785
compute initial stop until 0
current timestep 5985
planning flow reduced
plan limit 768
compute initial stop until 0
current timestep 5988
planning flow reduced
plan limit 763
compute initial stop until 0
current timestep 5991
planning flow reduced
plan limit 789
compute initial stop until 0
current timestep 5995
planning flow reduced
plan limit 782
compute initial stop until 0
current timestep 5999
planning flow reduced
plan limit 766
compute initial stop until 0
current timestep 6002
planning flow reduced
plan limit 784
compute initial stop until 0
current timestep 6006
planning flow reduced
plan limit 787
compute initial stop until 0
current timestep 6010
planning flow reduced
plan limit 784
compute initial stop until 0
current timestep 6014
planning flow reduced
plan limit 771
compute initial stop until 0
current timestep 6018
planning flow reduced
plan limit 785
compute initial stop until 0
current timestep 6022
planning flow reduced
plan limit 774
compute initial stop until 0
current timestep 6026
planning flow reduced
plan limit 788
compute initial stop until 0
current timestep 6030
planning flow reduced
plan limit 782
compute initial stop until 0
current timestep 6034
planning flow reduced
plan limit 788
compute initial stop until 0
current timestep 6038
planning flow reduced
plan limit 786
compute initial stop until 0
current timestep 6042
planning flow reduced
plan limit 786
compute initial stop until 0
current timestep 6045
planning flow reduced
plan limit 764
compute initial stop until 0
current timestep 6049
planning flow reduced
plan limit 780
compute initial stop until 0
current timestep 6053
planning flow reduced
plan limit 785
compute initial stop until 0
current timestep 6057
planning flow reduced
plan limit 761
compute initial stop until 0
current timestep 6061
planning flow reduced
plan limit 777
compute initial stop until 0
current timestep 6065
planning flow reduced
plan limit 782
compute initial stop until 0
current timestep 6069
planning flow reduced
plan limit 787
compute initial stop until 0
current timestep 6072
planning flow reduced
plan limit 782
compute initial stop until 0
current timestep 6076
planning flow reduced
plan limit 773
compute initial stop until 0
current timestep 6080
planning flow reduced
plan limit 767
compute initial stop until 0
current timestep 6084
planning flow reduced
plan limit 781
compute initial stop until 0
current timestep 6087
planning flow reduced
plan limit 786
compute initial stop until 0
current timestep 6091
planning flow reduced
plan limit 790
compute initial stop until 0
current timestep 6095
planning flow reduced
plan limit 761
compute initial stop until 0
current timestep 6099
planning flow reduced
plan limit 792
compute initial stop until 0
current timestep 6103
planning flow reduced
plan limit 781
compute initial stop until 0
current timestep 6108
planning flow reduced
plan limit 789
compute initial stop until 0
current timestep 6112
planning flow reduced
plan limit 779
compute initial stop until 0
current timestep 6116
planning flow reduced
plan limit 788
compute initial stop until 0
current timestep 6120
planning flow reduced
plan limit 783
compute initial stop until 0
current timestep 6124
planning flow reduced
plan limit 789
compute initial stop until 0
current timestep 6128
planning flow reduced
plan limit 778
compute initial stop until 0
current timestep 6132
planning flow reduced
plan limit 759
compute initial stop until 0
current timestep 6136
planning flow reduced
plan limit 772
compute initial stop until 0
current timestep 6140
planning flow reduced
plan limit 785
compute initial stop until 0
current timestep 6144
planning flow reduced
plan limit 782
compute initial stop until 0
current timestep 6149
planning flow reduced
plan limit 782
compute initial stop until 0
current timestep 6153
planning flow reduced
plan limit 720
compute initial stop until 0
current timestep 6159
planning flow reduced
plan limit 787
compute initial stop until 0
current timestep 6163
planning flow reduced
plan limit 781
compute initial stop until 0
current timestep 6167
planning flow reduced
plan limit 750
compute initial stop until 0
current timestep 6171
planning flow reduced
plan limit 779
compute initial stop until 0
current timestep 6175
planning flow reduced
plan limit 762
compute initial stop until 0
current timestep 6179
planning flow reduced
plan limit 767
compute initial stop until 0
current timestep 6183
planning flow reduced
plan limit 782
compute initial stop until 0
current timestep 6187
planning flow reduced
plan limit 782
compute initial stop until 0
current timestep 6191
planning flow reduced
plan limit 783
compute initial stop until 0
current timestep 6195
planning flow reduced
plan limit 790
compute initial stop until 0
current timestep 6200
planning flow reduced
plan limit 789
compute initial stop until 0
current timestep 6204
planning flow reduced
plan limit 793
compute initial stop until 0
current timestep 6209
planning flow reduced
plan limit 791
compute initial stop until 0
current timestep 6214
planning flow reduced
plan limit 734
compute initial stop until 0
current timestep 6217
planning flow reduced
plan limit 776
compute initial stop until 0
current timestep 6221
planning flow reduced
plan limit 791
compute initial stop until 0
current timestep 6226
planning flow reduced
plan limit 788
compute initial stop until 0
current timestep 6231
planning flow reduced
plan limit 778
compute initial stop until 0
current timestep 6235
planning flow reduced
plan limit 794
compute initial stop until 0
current timestep 6240
planning flow reduced
plan limit 791
compute initial stop until 0
current timestep 6245
planning flow reduced
plan limit 788
compute initial stop until 0
current timestep 6250
planning flow reduced
plan limit 793
compute initial stop until 0
current timestep 6255
planning flow reduced
plan limit 690
compute initial stop until 0
current timestep 6259
planning flow reduced
plan limit 789
compute initial stop until 0
current timestep 6263
planning flow reduced
plan limit 796
compute initial stop until 0
current timestep 6268
planning flow reduced
plan limit 788
compute initial stop until 0
current timestep 6273
planning flow reduced
plan limit 800
compute initial stop until 0
current timestep 6278
planning flow reduced
plan limit 792
compute initial stop until 0
current timestep 6283
planning flow reduced
plan limit 795
compute initial stop until 0
current timestep 6288
planning flow reduced
plan limit 789
compute initial stop until 0
current timestep 6294
planning flow reduced
plan limit 791
compute initial stop until 0
current timestep 6299
planning flow reduced
plan limit 789
compute initial stop until 0
current timestep 6304
planning flow reduced
plan limit 790
compute initial stop until 0
current timestep 6308
planning flow reduced
plan limit 786
compute initial stop until 0
current timestep 6312
planning flow reduced
plan limit 791
compute initial stop until 0
current timestep 6317
planning flow reduced
plan limit 784
compute initial stop until 0
current timestep 6321
planning flow reduced
plan limit 793
compute initial stop until 0
current timestep 6326
planning flow reduced
plan limit 791
compute initial stop until 0
current timestep 6331
planning flow reduced
plan limit 772
compute initial stop until 0
current timestep 6335
planning flow reduced
plan limit 790
compute initial stop until 0
current timestep 6340
planning flow reduced
plan limit 793
compute initial stop until 0
current timestep 6344
planning flow reduced
plan limit 789
compute initial stop until 0
current timestep 6349
planning flow reduced
plan limit 799
compute initial stop until 0
current timestep 6354
planning flow reduced
plan limit 787
compute initial stop until 0
current timestep 6359
planning flow reduced
plan limit 796
compute initial stop until 0
current timestep 6364
planning flow reduced
plan limit 789
compute initial stop until 0
current timestep 6369
planning flow reduced
plan limit 772
compute initial stop until 0
current timestep 6373
planning flow reduced
plan limit 792
compute initial stop until 0
current timestep 6377
planning flow reduced
plan limit 796
compute initial stop until 0
current timestep 6382
planning flow reduced
plan limit 790
compute initial stop until 0
current timestep 6387
planning flow reduced
plan limit 796
compute initial stop until 0
current timestep 6392
planning flow reduced
plan limit 782
compute initial stop until 0
current timestep 6396
planning flow reduced
plan limit 781
compute initial stop until 0
current timestep 6400
planning flow reduced
plan limit 787
compute initial stop until 0
current timestep 6404
planning flow reduced
plan limit 795
compute initial stop until 0
current timestep 6409
planning flow reduced
plan limit 788
compute initial stop until 0
current timestep 6413
planning flow reduced
plan limit 803
compute initial stop until 0
current timestep 6418
planning flow reduced
plan limit 792
compute initial stop until 0
current timestep 6423
planning flow reduced
plan limit 798
compute initial stop until 0
current timestep 6428
planning flow reduced
plan limit 764
compute initial stop until 0
current timestep 6432
planning flow reduced
plan limit 797
compute initial stop until 0
current timestep 6437
planning flow reduced
plan limit 784
compute initial stop until 0
current timestep 6442
planning flow reduced
plan limit 775
compute initial stop until 0
current timestep 6446
planning flow reduced
plan limit 787
compute initial stop until 0
current timestep 6451
planning flow reduced
plan limit 797
compute initial stop until 0
current timestep 6456
planning flow reduced
plan limit 786
compute initial stop until 0
current timestep 6461
planning flow reduced
plan limit 798
compute initial stop until 0
current timestep 6466
planning flow reduced
plan limit 788
compute initial stop until 0
current timestep 6470
planning flow reduced
plan limit 795
compute initial stop until 0
current timestep 6475
planning flow reduced
plan limit 787
compute initial stop until 0
current timestep 6479
planning flow reduced
plan limit 801
compute initial stop until 0
current timestep 6483
planning flow reduced
plan limit 762
compute initial stop until 0
current timestep 6487
planning flow reduced
plan limit 799
compute initial stop until 0
current timestep 6492
planning flow reduced
plan limit 766
compute initial stop until 0
current timestep 6496
planning flow reduced
plan limit 804
compute initial stop until 0
current timestep 6501
planning flow reduced
plan limit 785
compute initial stop until 0
current timestep 6505
planning flow reduced
plan limit 798
compute initial stop until 0
current timestep 6510
planning flow reduced
plan limit 786
compute initial stop until 0
current timestep 6514
planning flow reduced
plan limit 794
compute initial stop until 0
current timestep 6518
planning flow reduced
plan limit 788
compute initial stop until 0
current timestep 6522
planning flow reduced
plan limit 794
compute initial stop until 0
current timestep 6526
planning flow reduced
plan limit 766
compute initial stop until 0
current timestep 6530
planning flow reduced
plan limit 797
compute initial stop until 0
current timestep 6535
planning flow reduced
plan limit 781
compute initial stop until 0
current timestep 6539
planning flow reduced
plan limit 792
compute initial stop until 0
current timestep 6543
planning flow reduced
plan limit 783
compute initial stop until 0
current timestep 6547
planning flow reduced
plan limit 796
compute initial stop until 0
current timestep 6552
planning flow reduced
plan limit 787
compute initial stop until 0
current timestep 6557
planning flow reduced
plan limit 798
compute initial stop until 0
current timestep 6562
planning flow reduced
plan limit 778
compute initial stop until 0
current timestep 6566
planning flow reduced
plan limit 788
compute initial stop until 0
current timestep 6571
planning flow reduced
plan limit 781
compute initial stop until 0
current timestep 6576
planning flow reduced
plan limit 783
compute initial stop until 0
current timestep 6580
planning flow reduced
plan limit 798
compute initial stop until 0
current timestep 6585
planning flow reduced
plan limit 784
compute initial stop until 0
current timestep 6590
planning flow reduced
plan limit 797
compute initial stop until 0
current timestep 6595
planning flow reduced
plan limit 789
compute initial stop until 0
current timestep 6600
planning flow reduced
plan limit 789
compute initial stop until 0
current timestep 6605
planning flow reduced
plan limit 735
compute initial stop until 0
current timestep 6609
planning flow reduced
plan limit 789
compute initial stop until 0
current timestep 6614
planning flow reduced
plan limit 780
compute initial stop until 0
current timestep 6618
planning flow reduced
plan limit 790
compute initial stop until 0
current timestep 6623
planning flow reduced
plan limit 794
compute initial stop until 0
current timestep 6628
planning flow reduced
plan limit 786
compute initial stop until 0
current timestep 6633
planning flow reduced
plan limit 788
compute initial stop until 0
current timestep 6637
planning flow reduced
plan limit 785
compute initial stop until 0
current timestep 6642
planning flow reduced
plan limit 787
compute initial stop until 0
current timestep 6646
planning flow reduced
plan limit 786
compute initial stop until 0
current timestep 6651
planning flow reduced
plan limit 787
compute initial stop until 0
current timestep 6655
planning flow reduced
plan limit 759
compute initial stop until 0
current timestep 6659
planning flow reduced
plan limit 787
compute initial stop until 0
current timestep 6663
planning flow reduced
plan limit 783
compute initial stop until 0
current timestep 6667
planning flow reduced
plan limit 786
compute initial stop until 0
current timestep 6671
planning flow reduced
plan limit 780
compute initial stop until 0
current timestep 6675
planning flow reduced
plan limit 788
compute initial stop until 0
current timestep 6679
planning flow reduced
plan limit 785
compute initial stop until 0
current timestep 6683
planning flow reduced
plan limit 782
compute initial stop until 0
current timestep 6688
planning flow reduced
plan limit 785
compute initial stop until 0
current timestep 6692
planning flow reduced
plan limit 793
compute initial stop until 0
current timestep 6697
planning flow reduced
plan limit 759
compute initial stop until 0
current timestep 6700
planning flow reduced
plan limit 785
compute initial stop until 0
current timestep 6704
planning flow reduced
plan limit 781
compute initial stop until 0
current timestep 6708
planning flow reduced
plan limit 754
compute initial stop until 0
current timestep 6711
planning flow reduced
plan limit 787
compute initial stop until 0
current timestep 6715
planning flow reduced
plan limit 786
compute initial stop until 0
current timestep 6719
planning flow reduced
plan limit 791
compute initial stop until 0
current timestep 6724
planning flow reduced
plan limit 781
compute initial stop until 0
current timestep 6728
planning flow reduced
plan limit 741
compute initial stop until 0
current timestep 6736
planning flow reduced
plan limit 762
compute initial stop until 0
current timestep 6740
planning flow reduced
plan limit 748
compute initial stop until 0
current timestep 6744
planning flow reduced
plan limit 775
compute initial stop until 0
current timestep 6747
planning flow reduced
plan limit 782
compute initial stop until 0
current timestep 6751
planning flow reduced
plan limit 777
compute initial stop until 0
current timestep 6754
planning flow reduced
plan limit 783
compute initial stop until 0
current timestep 6758
planning flow reduced
plan limit 773
compute initial stop until 0
current timestep 6761
planning flow reduced
plan limit 776
compute initial stop until 0
current timestep 6765
planning flow reduced
plan limit 782
compute initial stop until 0
current timestep 6769
planning flow reduced
plan limit 779
compute initial stop until 0
current timestep 6773
planning flow reduced
plan limit 773
compute initial stop until 0
current timestep 6777
planning flow reduced
plan limit 790
compute initial stop until 0
current timestep 6781
planning flow reduced
plan limit 776
compute initial stop until 0
current timestep 6785
planning flow reduced
plan limit 782
compute initial stop until 0
current timestep 6788
planning flow reduced
plan limit 781
compute initial stop until 0
current timestep 6792
planning flow reduced
plan limit 788
compute initial stop until 0
current timestep 6796
planning flow reduced
plan limit 788
compute initial stop until 0
current timestep 6800
planning flow reduced
plan limit 778
compute initial stop until 0
current timestep 6804
planning flow reduced
plan limit 785
compute initial stop until 0
current timestep 6808
planning flow reduced
plan limit 779
compute initial stop until 0
current timestep 6811
planning flow reduced
plan limit 782
compute initial stop until 0
current timestep 6815
planning flow reduced
plan limit 779
compute initial stop until 0
current timestep 6819
planning flow reduced
plan limit 788
compute initial stop until 0
current timestep 6823
planning flow reduced
plan limit 790
compute initial stop until 0
current timestep 6828
planning flow reduced
plan limit 788
compute initial stop until 0
current timestep 6833
planning flow reduced
plan limit 794
compute initial stop until 0
current timestep 6838
planning flow reduced
plan limit 751
compute initial stop until 0
current timestep 6842
planning flow reduced
plan limit 788
compute initial stop until 0
current timestep 6847
planning flow reduced
plan limit 795
compute initial stop until 0
current timestep 6852
planning flow reduced
plan limit 785
compute initial stop until 0
current timestep 6857
planning flow reduced
plan limit 791
compute initial stop until 0
current timestep 6862
planning flow reduced
plan limit 751
compute initial stop until 0
current timestep 6866
planning flow reduced
plan limit 773
compute initial stop until 0
current timestep 6871
planning flow reduced
plan limit 788
compute initial stop until 0
current timestep 6876
planning flow reduced
plan limit 786
compute initial stop until 0
current timestep 6880
planning flow reduced
plan limit 791
compute initial stop until 0
current timestep 6885
planning flow reduced
plan limit 786
compute initial stop until 0
current timestep 6890
planning flow reduced
plan limit 792
compute initial stop until 0
current timestep 6895
planning flow reduced
plan limit 788
compute initial stop until 0
current timestep 6899
planning flow reduced
plan limit 793
compute initial stop until 0
current timestep 6904
planning flow reduced
plan limit 790
compute initial stop until 0
current timestep 6908
planning flow reduced
plan limit 791
compute initial stop until 0
current timestep 6912
planning flow reduced
plan limit 789
compute initial stop until 0
current timestep 6916
planning flow reduced
plan limit 791
compute initial stop until 0
current timestep 6920
planning flow reduced
plan limit 790
compute initial stop until 0
current timestep 6925
planning flow reduced
plan limit 793
compute initial stop until 0
current timestep 6930
planning flow reduced
plan limit 789
compute initial stop until 0
current timestep 6935
planning flow reduced
plan limit 769
compute initial stop until 0
current timestep 6939
planning flow reduced
plan limit 789
compute initial stop until 0
current timestep 6943
planning flow reduced
plan limit 793
compute initial stop until 0
current timestep 6948
planning flow reduced
plan limit 798
compute initial stop until 0
current timestep 6953
planning flow reduced
plan limit 787
compute initial stop until 0
current timestep 6958
planning flow reduced
plan limit 797
compute initial stop until 0
current timestep 6963
planning flow reduced
plan limit 787
compute initial stop until 0
current timestep 6968
planning flow reduced
plan limit 795
compute initial stop until 0
current timestep 6973
planning flow reduced
plan limit 790
compute initial stop until 0
current timestep 6978
planning flow reduced
plan limit 778
compute initial stop until 0
current timestep 6983
planning flow reduced
plan limit 795
compute initial stop until 0
current timestep 6988
planning flow reduced
plan limit 794
compute initial stop until 0
current timestep 6993
planning flow reduced
plan limit 795
compute initial stop until 0
current timestep 6998
planning flow reduced
plan limit 795
compute initial stop until 0
