planner init
finish init
current timestep 0
planning flow reduced
plan limit 442
compute initial stop until 0
current timestep 1
planning flow reduced
plan limit 783
compute initial stop until 0
current timestep 2
planning flow reduced
plan limit 768
compute initial stop until 0
current timestep 4
planning flow reduced
plan limit 782
compute initial stop until 0
current timestep 6
planning flow reduced
plan limit 770
compute initial stop until 0
current timestep 8
planning flow reduced
plan limit 787
compute initial stop until 0
current timestep 10
planning flow reduced
plan limit 780
compute initial stop until 0
current timestep 12
planning flow reduced
plan limit 785
compute initial stop until 0
current timestep 14
planning flow reduced
plan limit 783
compute initial stop until 0
current timestep 16
planning flow reduced
plan limit 786
compute initial stop until 0
current timestep 18
planning flow reduced
plan limit 786
compute initial stop until 0
current timestep 20
planning flow reduced
plan limit 780
compute initial stop until 0
current timestep 22
planning flow reduced
plan limit 772
compute initial stop until 0
current timestep 24
planning flow reduced
plan limit 781
compute initial stop until 0
current timestep 26
planning flow reduced
plan limit 776
compute initial stop until 0
current timestep 29
planning flow reduced
plan limit 775
compute initial stop until 0
current timestep 31
planning flow reduced
plan limit 769
compute initial stop until 0
current timestep 34
planning flow reduced
plan limit 782
compute initial stop until 0
current timestep 37
planning flow reduced
plan limit 778
compute initial stop until 0
current timestep 40
planning flow reduced
plan limit 778
compute initial stop until 0
current timestep 43
planning flow reduced
plan limit 784
compute initial stop until 0
current timestep 47
planning flow reduced
plan limit 781
compute initial stop until 0
current timestep 51
planning flow reduced
plan limit 776
compute initial stop until 0
current timestep 54
planning flow reduced
plan limit 778
compute initial stop until 0
current timestep 58
planning flow reduced
plan limit 773
compute initial stop until 0
current timestep 62
planning flow reduced
plan limit 780
compute initial stop until 0
current timestep 66
planning flow reduced
plan limit 781
compute initial stop until 0
current timestep 70
planning flow reduced
plan limit 755
compute initial stop until 0
current timestep 74
planning flow reduced
plan limit 781
compute initial stop until 0
current timestep 78
planning flow reduced
plan limit 778
compute initial stop until 0
current timestep 82
planning flow reduced
plan limit 777
compute initial stop until 0
current timestep 86
planning flow reduced
plan limit 776
compute initial stop until 0
current timestep 90
planning flow reduced
plan limit 778
compute initial stop until 0
current timestep 95
planning flow reduced
plan limit 778
compute initial stop until 0
current timestep 100
planning flow reduced
plan limit 776
compute initial stop until 0
current timestep 105
planning flow reduced
plan limit 763
compute initial stop until 0
current timestep 109
planning flow reduced
plan limit 776
compute initial stop until 0
current timestep 114
planning flow reduced
plan limit 772
compute initial stop until 0
current timestep 119
planning flow reduced
plan limit 778
compute initial stop until 0
current timestep 124
planning flow reduced
plan limit 760
compute initial stop until 0
current timestep 130
planning flow reduced
plan limit 767
compute initial stop until 0
current timestep 135
planning flow reduced
plan limit 776
compute initial stop until 0
current timestep 140
planning flow reduced
plan limit 771
compute initial stop until 0
current timestep 145
planning flow reduced
plan limit 774
compute initial stop until 0
current timestep 150
planning flow reduced
plan limit 774
compute initial stop until 0
current timestep 155
planning flow reduced
plan limit 779
compute initial stop until 0
current timestep 161
planning flow reduced
plan limit 770
compute initial stop until 0
current timestep 167
planning flow reduced
plan limit 760
compute initial stop until 0
current timestep 173
planning flow reduced
plan limit 768
compute initial stop until 0
current timestep 179
planning flow reduced
plan limit 764
compute initial stop until 0
current timestep 185
planning flow reduced
plan limit 775
compute initial stop until 0
current timestep 191
planning flow reduced
plan limit 772
compute initial stop until 0
current timestep 196
planning flow reduced
plan limit 771
compute initial stop until 0
current timestep 201
planning flow reduced
plan limit 772
compute initial stop until 0
current timestep 206
planning flow reduced
plan limit 770
compute initial stop until 0
current timestep 212
planning flow reduced
plan limit 778
compute initial stop until 0
current timestep 217
planning flow reduced
plan limit 772
compute initial stop until 0
current timestep 222
planning flow reduced
plan limit 774
compute initial stop until 0
current timestep 227
planning flow reduced
plan limit 779
compute initial stop until 0
current timestep 232
planning flow reduced
plan limit 778
compute initial stop until 0
current timestep 236
planning flow reduced
plan limit 776
compute initial stop until 0
current timestep 241
planning flow reduced
plan limit 780
compute initial stop until 0
current timestep 246
planning flow reduced
plan limit 769
compute initial stop until 0
current timestep 251
planning flow reduced
plan limit 769
compute initial stop until 0
current timestep 256
planning flow reduced
plan limit 779
compute initial stop until 0
current timestep 260
planning flow reduced
plan limit 784
compute initial stop until 0
current timestep 264
planning flow reduced
plan limit 782
compute initial stop until 0
current timestep 268
planning flow reduced
plan limit 769
compute initial stop until 0
current timestep 273
planning flow reduced
plan limit 781
compute initial stop until 0
current timestep 278
planning flow reduced
plan limit 779
compute initial stop until 0
current timestep 283
planning flow reduced
plan limit 777
compute initial stop until 0
current timestep 288
planning flow reduced
plan limit 779
compute initial stop until 0
current timestep 293
planning flow reduced
plan limit 782
compute initial stop until 0
current timestep 298
planning flow reduced
plan limit 760
compute initial stop until 0
current timestep 305
planning flow reduced
plan limit 782
compute initial stop until 0
current timestep 310
planning flow reduced
plan limit 780
compute initial stop until 0
current timestep 315
planning flow reduced
plan limit 784
compute initial stop until 0
current timestep 320
planning flow reduced
plan limit 783
compute initial stop until 0
current timestep 325
planning flow reduced
plan limit 782
compute initial stop until 0
current timestep 330
planning flow reduced
plan limit 777
compute initial stop until 0
current timestep 335
planning flow reduced
plan limit 767
compute initial stop until 0
current timestep 341
planning flow reduced
plan limit 778
compute initial stop until 0
current timestep 346
planning flow reduced
plan limit 779
compute initial stop until 0
current timestep 352
planning flow reduced
plan limit 778
compute initial stop until 0
current timestep 357
planning flow reduced
plan limit 778
compute initial stop until 0
current timestep 362
planning flow reduced
plan limit 774
compute initial stop until 0
current timestep 367
planning flow reduced
plan limit 785
compute initial stop until 0
current timestep 372
planning flow reduced
plan limit 782
compute initial stop until 0
current timestep 377
planning flow reduced
plan limit 784
compute initial stop until 0
current timestep 382
planning flow reduced
plan limit 780
compute initial stop until 0
current timestep 387
planning flow reduced
plan limit 782
compute initial stop until 0
current timestep 392
planning flow reduced
plan limit 780
compute initial stop until 0
current timestep 397
planning flow reduced
plan limit 804
compute initial stop until 0
current timestep 402
planning flow reduced
plan limit 780
compute initial stop until 0
current timestep 407
planning flow reduced
plan limit 780
compute initial stop until 0
current timestep 412
planning flow reduced
plan limit 781
compute initial stop until 0
current timestep 417
planning flow reduced
plan limit 775
compute initial stop until 0
current timestep 422
planning flow reduced
plan limit 786
compute initial stop until 0
current timestep 427
planning flow reduced
plan limit 782
compute initial stop until 0
current timestep 432
planning flow reduced
plan limit 784
compute initial stop until 0
current timestep 437
planning flow reduced
plan limit 780
compute initial stop until 0
current timestep 442
planning flow reduced
plan limit 782
compute initial stop until 0
current timestep 447
planning flow reduced
plan limit 796
compute initial stop until 0
current timestep 452
planning flow reduced
plan limit 806
compute initial stop until 0
current timestep 457
planning flow reduced
plan limit 782
compute initial stop until 0
current timestep 462
planning flow reduced
plan limit 785
compute initial stop until 0
current timestep 467
planning flow reduced
plan limit 780
compute initial stop until 0
current timestep 472
planning flow reduced
plan limit 785
compute initial stop until 0
current timestep 477
planning flow reduced
plan limit 779
compute initial stop until 0
current timestep 482
planning flow reduced
plan limit 781
compute initial stop until 0
current timestep 487
planning flow reduced
plan limit 777
compute initial stop until 0
current timestep 492
planning flow reduced
plan limit 802
compute initial stop until 0
current timestep 497
planning flow reduced
plan limit 784
compute initial stop until 0
current timestep 502
planning flow reduced
plan limit 779
compute initial stop until 0
current timestep 507
planning flow reduced
plan limit 780
compute initial stop until 0
current timestep 512
planning flow reduced
plan limit 778
compute initial stop until 0
current timestep 517
planning flow reduced
plan limit 779
compute initial stop until 0
current timestep 522
planning flow reduced
plan limit 801
compute initial stop until 0
current timestep 527
planning flow reduced
plan limit 780
compute initial stop until 0
current timestep 533
planning flow reduced
plan limit 803
compute initial stop until 0
current timestep 538
planning flow reduced
plan limit 782
compute initial stop until 0
current timestep 543
planning flow reduced
plan limit 780
compute initial stop until 0
current timestep 548
planning flow reduced
plan limit 785
compute initial stop until 0
current timestep 553
planning flow reduced
plan limit 774
compute initial stop until 0
current timestep 558
planning flow reduced
plan limit 788
compute initial stop until 0
current timestep 563
planning flow reduced
plan limit 770
compute initial stop until 0
current timestep 568
planning flow reduced
plan limit 786
compute initial stop until 0
current timestep 573
planning flow reduced
plan limit 769
compute initial stop until 0
current timestep 578
planning flow reduced
plan limit 805
compute initial stop until 0
current timestep 583
planning flow reduced
plan limit 769
compute initial stop until 0
current timestep 588
planning flow reduced
plan limit 765
compute initial stop until 0
current timestep 593
planning flow reduced
plan limit 793
compute initial stop until 0
current timestep 598
planning flow reduced
plan limit 778
compute initial stop until 0
current timestep 604
planning flow reduced
plan limit 797
compute initial stop until 0
current timestep 609
planning flow reduced
plan limit 772
compute initial stop until 0
current timestep 614
planning flow reduced
plan limit 770
compute initial stop until 0
current timestep 619
planning flow reduced
plan limit 793
compute initial stop until 0
current timestep 624
planning flow reduced
plan limit 777
compute initial stop until 0
current timestep 629
planning flow reduced
plan limit 769
compute initial stop until 0
current timestep 634
planning flow reduced
plan limit 777
compute initial stop until 0
current timestep 640
planning flow reduced
plan limit 791
compute initial stop until 0
current timestep 645
planning flow reduced
plan limit 795
compute initial stop until 0
current timestep 650
planning flow reduced
plan limit 782
compute initial stop until 0
current timestep 655
planning flow reduced
plan limit 760
compute initial stop until 0
current timestep 660
planning flow reduced
plan limit 792
compute initial stop until 0
current timestep 665
planning flow reduced
plan limit 773
compute initial stop until 0
current timestep 670
planning flow reduced
plan limit 765
compute initial stop until 0
current timestep 675
planning flow reduced
plan limit 799
compute initial stop until 0
current timestep 680
planning flow reduced
plan limit 777
compute initial stop until 0
current timestep 685
planning flow reduced
plan limit 772
compute initial stop until 0
current timestep 690
planning flow reduced
plan limit 780
compute initial stop until 0
current timestep 695
planning flow reduced
plan limit 795
compute initial stop until 0
current timestep 700
planning flow reduced
plan limit 775
compute initial stop until 0
current timestep 705
planning flow reduced
plan limit 762
compute initial stop until 0
current timestep 711
planning flow reduced
plan limit 766
compute initial stop until 0
current timestep 717
planning flow reduced
plan limit 776
compute initial stop until 0
current timestep 722
planning flow reduced
plan limit 785
compute initial stop until 0
current timestep 727
planning flow reduced
plan limit 788
compute initial stop until 0
current timestep 732
planning flow reduced
plan limit 770
compute initial stop until 0
current timestep 737
planning flow reduced
plan limit 795
compute initial stop until 0
current timestep 742
planning flow reduced
plan limit 800
compute initial stop until 0
current timestep 747
planning flow reduced
plan limit 795
compute initial stop until 0
current timestep 752
planning flow reduced
plan limit 771
compute initial stop until 0
current timestep 757
planning flow reduced
plan limit 776
compute initial stop until 0
current timestep 762
planning flow reduced
plan limit 796
compute initial stop until 0
current timestep 767
planning flow reduced
plan limit 793
compute initial stop until 0
current timestep 772
planning flow reduced
plan limit 798
compute initial stop until 0
current timestep 777
planning flow reduced
plan limit 757
compute initial stop until 0
current timestep 782
planning flow reduced
plan limit 777
compute initial stop until 0
current timestep 787
planning flow reduced
plan limit 796
compute initial stop until 0
current timestep 792
planning flow reduced
plan limit 803
compute initial stop until 0
current timestep 797
planning flow reduced
plan limit 791
compute initial stop until 0
current timestep 802
planning flow reduced
plan limit 777
compute initial stop until 0
current timestep 807
planning flow reduced
plan limit 796
compute initial stop until 0
current timestep 812
planning flow reduced
plan limit 777
compute initial stop until 0
current timestep 817
planning flow reduced
plan limit 797
compute initial stop until 0
current timestep 822
planning flow reduced
plan limit 783
compute initial stop until 0
current timestep 827
planning flow reduced
plan limit 774
compute initial stop until 0
current timestep 832
planning flow reduced
plan limit 768
compute initial stop until 0
current timestep 837
planning flow reduced
plan limit 777
compute initial stop until 0
current timestep 842
planning flow reduced
plan limit 776
compute initial stop until 0
current timestep 847
planning flow reduced
plan limit 776
compute initial stop until 0
current timestep 853
planning flow reduced
plan limit 794
compute initial stop until 0
current timestep 858
planning flow reduced
plan limit 772
compute initial stop until 0
current timestep 863
planning flow reduced
plan limit 773
compute initial stop until 0
current timestep 868
planning flow reduced
plan limit 797
compute initial stop until 0
current timestep 873
planning flow reduced
plan limit 798
compute initial stop until 0
current timestep 878
planning flow reduced
plan limit 778
compute initial stop until 0
current timestep 883
planning flow reduced
plan limit 774
compute initial stop until 0
current timestep 888
planning flow reduced
plan limit 800
compute initial stop until 0
current timestep 893
planning flow reduced
plan limit 772
compute initial stop until 0
current timestep 898
planning flow reduced
plan limit 798
compute initial stop until 0
current timestep 904
planning flow reduced
plan limit 792
compute initial stop until 0
current timestep 909
planning flow reduced
plan limit 785
compute initial stop until 0
current timestep 914
planning flow reduced
plan limit 790
compute initial stop until 0
current timestep 919
planning flow reduced
plan limit 781
compute initial stop until 0
current timestep 924
planning flow reduced
plan limit 774
compute initial stop until 0
current timestep 929
planning flow reduced
plan limit 770
compute initial stop until 0
current timestep 934
planning flow reduced
plan limit 805
compute initial stop until 0
current timestep 939
planning flow reduced
plan limit 799
compute initial stop until 0
current timestep 944
planning flow reduced
plan limit 804
compute initial stop until 0
current timestep 948
planning flow reduced
plan limit 779
compute initial stop until 0
current timestep 953
planning flow reduced
plan limit 803
compute initial stop until 0
current timestep 958
planning flow reduced
plan limit 774
compute initial stop until 0
current timestep 963
planning flow reduced
plan limit 784
compute initial stop until 0
current timestep 968
planning flow reduced
plan limit 795
compute initial stop until 0
current timestep 973
planning flow reduced
plan limit 779
compute initial stop until 0
current timestep 978
planning flow reduced
plan limit 778
compute initial stop until 0
current timestep 983
planning flow reduced
plan limit 780
compute initial stop until 0
current timestep 988
planning flow reduced
plan limit 777
compute initial stop until 0
current timestep 993
planning flow reduced
plan limit 805
compute initial stop until 0
current timestep 998
planning flow reduced
plan limit 799
compute initial stop until 0
current timestep 1003
planning flow reduced
plan limit 797
compute initial stop until 0
current timestep 1008
planning flow reduced
plan limit 805
compute initial stop until 0
current timestep 1013
planning flow reduced
plan limit 780
compute initial stop until 0
current timestep 1018
planning flow reduced
plan limit 785
compute initial stop until 0
current timestep 1023
planning flow reduced
plan limit 771
compute initial stop until 0
current timestep 1028
planning flow reduced
plan limit 779
compute initial stop until 0
current timestep 1033
planning flow reduced
plan limit 805
compute initial stop until 0
current timestep 1038
planning flow reduced
plan limit 799
compute initial stop until 0
current timestep 1043
planning flow reduced
plan limit 779
compute initial stop until 0
current timestep 1048
planning flow reduced
plan limit 781
compute initial stop until 0
current timestep 1053
planning flow reduced
plan limit 799
compute initial stop until 0
current timestep 1058
planning flow reduced
plan limit 783
compute initial stop until 0
current timestep 1063
planning flow reduced
plan limit 797
compute initial stop until 0
current timestep 1068
planning flow reduced
plan limit 804
compute initial stop until 0
current timestep 1073
planning flow reduced
plan limit 783
compute initial stop until 0
current timestep 1078
planning flow reduced
plan limit 779
compute initial stop until 0
current timestep 1082
planning flow reduced
plan limit 782
compute initial stop until 0
current timestep 1087
planning flow reduced
plan limit 803
compute initial stop until 0
current timestep 1092
planning flow reduced
plan limit 784
compute initial stop until 0
current timestep 1097
planning flow reduced
plan limit 778
compute initial stop until 0
current timestep 1102
planning flow reduced
plan limit 780
compute initial stop until 0
current timestep 1107
planning flow reduced
plan limit 769
compute initial stop until 0
current timestep 1112
planning flow reduced
plan limit 779
compute initial stop until 0
current timestep 1117
planning flow reduced
plan limit 779
compute initial stop until 0
current timestep 1122
planning flow reduced
plan limit 785
compute initial stop until 0
current timestep 1127
planning flow reduced
plan limit 796
compute initial stop until 0
current timestep 1132
planning flow reduced
plan limit 779
compute initial stop until 0
current timestep 1137
planning flow reduced
plan limit 801
compute initial stop until 0
current timestep 1142
planning flow reduced
plan limit 776
compute initial stop until 0
current timestep 1147
planning flow reduced
plan limit 801
compute initial stop until 0
current timestep 1152
planning flow reduced
plan limit 767
compute initial stop until 0
current timestep 1158
planning flow reduced
plan limit 800
compute initial stop until 0
current timestep 1163
planning flow reduced
plan limit 803
compute initial stop until 0
current timestep 1168
planning flow reduced
plan limit 774
compute initial stop until 0
current timestep 1173
planning flow reduced
plan limit 802
compute initial stop until 0
current timestep 1178
planning flow reduced
plan limit 802
compute initial stop until 0
current timestep 1183
planning flow reduced
plan limit 797
compute initial stop until 0
current timestep 1188
planning flow reduced
plan limit 804
compute initial stop until 0
current timestep 1193
planning flow reduced
plan limit 795
compute initial stop until 0
current timestep 1198
planning flow reduced
plan limit 793
compute initial stop until 0
current timestep 1203
planning flow reduced
plan limit 776
compute initial stop until 0
current timestep 1207
planning flow reduced
plan limit 778
compute initial stop until 0
current timestep 1212
planning flow reduced
plan limit 804
compute initial stop until 0
current timestep 1217
planning flow reduced
plan limit 800
compute initial stop until 0
current timestep 1222
planning flow reduced
plan limit 802
compute initial stop until 0
current timestep 1227
planning flow reduced
plan limit 798
compute initial stop until 0
current timestep 1232
planning flow reduced
plan limit 802
compute initial stop until 0
current timestep 1237
planning flow reduced
plan limit 799
compute initial stop until 0
current timestep 1242
planning flow reduced
plan limit 781
compute initial stop until 0
current timestep 1246
planning flow reduced
plan limit 800
compute initial stop until 0
current timestep 1251
planning flow reduced
plan limit 789
compute initial stop until 0
current timestep 1256
planning flow reduced
plan limit 803
compute initial stop until 0
current timestep 1261
planning flow reduced
plan limit 796
compute initial stop until 0
current timestep 1265
planning flow reduced
plan limit 779
compute initial stop until 0
current timestep 1269
planning flow reduced
plan limit 778
compute initial stop until 0
current timestep 1273
planning flow reduced
plan limit 803
compute initial stop until 0
current timestep 1278
planning flow reduced
plan limit 771
compute initial stop until 0
current timestep 1283
planning flow reduced
plan limit 797
compute initial stop until 0
current timestep 1287
planning flow reduced
plan limit 796
compute initial stop until 0
current timestep 1292
planning flow reduced
plan limit 757
compute initial stop until 0
current timestep 1297
planning flow reduced
plan limit 794
compute initial stop until 0
current timestep 1301
planning flow reduced
plan limit 789
compute initial stop until 0
current timestep 1307
planning flow reduced
plan limit 785
compute initial stop until 0
current timestep 1312
planning flow reduced
plan limit 799
compute initial stop until 0
current timestep 1316
planning flow reduced
plan limit 772
compute initial stop until 0
current timestep 1320
planning flow reduced
plan limit 792
compute initial stop until 0
current timestep 1325
planning flow reduced
plan limit 786
compute initial stop until 0
current timestep 1330
planning flow reduced
plan limit 770
compute initial stop until 0
current timestep 1334
planning flow reduced
plan limit 790
compute initial stop until 0
current timestep 1339
planning flow reduced
plan limit 795
compute initial stop until 0
current timestep 1344
planning flow reduced
plan limit 788
compute initial stop until 0
current timestep 1348
planning flow reduced
plan limit 785
compute initial stop until 0
current timestep 1352
planning flow reduced
plan limit 772
compute initial stop until 0
current timestep 1356
planning flow reduced
plan limit 774
compute initial stop until 0
current timestep 1360
planning flow reduced
plan limit 775
compute initial stop until 0
current timestep 1364
planning flow reduced
plan limit 788
compute initial stop until 0
current timestep 1369
planning flow reduced
plan limit 796
compute initial stop until 0
current timestep 1373
planning flow reduced
plan limit 775
compute initial stop until 0
current timestep 1377
planning flow reduced
plan limit 777
compute initial stop until 0
current timestep 1381
planning flow reduced
plan limit 782
compute initial stop until 0
current timestep 1386
planning flow reduced
plan limit 789
compute initial stop until 0
current timestep 1390
planning flow reduced
plan limit 802
compute initial stop until 0
current timestep 1394
planning flow reduced
plan limit 772
compute initial stop until 0
current timestep 1398
planning flow reduced
plan limit 779
compute initial stop until 0
current timestep 1402
planning flow reduced
plan limit 775
compute initial stop until 0
current timestep 1407
planning flow reduced
plan limit 778
compute initial stop until 0
current timestep 1411
planning flow reduced
plan limit 776
compute initial stop until 0
current timestep 1416
planning flow reduced
plan limit 794
compute initial stop until 0
current timestep 1420
planning flow reduced
plan limit 777
compute initial stop until 0
current timestep 1425
planning flow reduced
plan limit 802
compute initial stop until 0
current timestep 1430
planning flow reduced
plan limit 796
compute initial stop until 0
current timestep 1434
planning flow reduced
plan limit 783
compute initial stop until 0
current timestep 1439
planning flow reduced
plan limit 795
compute initial stop until 0
current timestep 1443
planning flow reduced
plan limit 800
compute initial stop until 0
current timestep 1447
planning flow reduced
plan limit 795
compute initial stop until 0
current timestep 1451
planning flow reduced
plan limit 774
compute initial stop until 0
current timestep 1456
planning flow reduced
plan limit 781
compute initial stop until 0
current timestep 1461
planning flow reduced
plan limit 777
compute initial stop until 0
current timestep 1465
planning flow reduced
plan limit 773
compute initial stop until 0
current timestep 1469
planning flow reduced
plan limit 778
compute initial stop until 0
current timestep 1473
planning flow reduced
plan limit 774
compute initial stop until 0
current timestep 1477
planning flow reduced
plan limit 774
compute initial stop until 0
current timestep 1482
planning flow reduced
plan limit 793
compute initial stop until 0
current timestep 1486
planning flow reduced
plan limit 775
compute initial stop until 0
current timestep 1491
planning flow reduced
plan limit 792
compute initial stop until 0
current timestep 1495
planning flow reduced
plan limit 759
compute initial stop until 0
current timestep 1501
planning flow reduced
plan limit 775
compute initial stop until 0
current timestep 1505
planning flow reduced
plan limit 798
compute initial stop until 0
current timestep 1509
planning flow reduced
plan limit 771
compute initial stop until 0
current timestep 1513
planning flow reduced
plan limit 776
compute initial stop until 0
current timestep 1517
planning flow reduced
plan limit 762
compute initial stop until 0
current timestep 1522
planning flow reduced
plan limit 796
compute initial stop until 0
current timestep 1526
planning flow reduced
plan limit 772
compute initial stop until 0
current timestep 1530
planning flow reduced
plan limit 782
compute initial stop until 0
current timestep 1534
planning flow reduced
plan limit 795
compute initial stop until 0
current timestep 1538
planning flow reduced
plan limit 778
compute initial stop until 0
current timestep 1542
planning flow reduced
plan limit 792
compute initial stop until 0
current timestep 1546
planning flow reduced
plan limit 799
compute initial stop until 0
current timestep 1550
planning flow reduced
plan limit 799
compute initial stop until 0
current timestep 1554
planning flow reduced
plan limit 780
compute initial stop until 0
current timestep 1558
planning flow reduced
plan limit 773
compute initial stop until 0
current timestep 1563
planning flow reduced
plan limit 781
compute initial stop until 0
current timestep 1567
planning flow reduced
plan limit 798
compute initial stop until 0
current timestep 1571
planning flow reduced
plan limit 797
compute initial stop until 0
current timestep 1575
planning flow reduced
plan limit 792
compute initial stop until 0
current timestep 1579
planning flow reduced
plan limit 759
compute initial stop until 0
current timestep 1584
planning flow reduced
plan limit 800
compute initial stop until 0
current timestep 1588
planning flow reduced
plan limit 784
compute initial stop until 0
current timestep 1592
planning flow reduced
plan limit 772
compute initial stop until 0
current timestep 1597
planning flow reduced
plan limit 796
compute initial stop until 0
current timestep 1601
planning flow reduced
plan limit 799
compute initial stop until 0
current timestep 1605
planning flow reduced
plan limit 801
compute initial stop until 0
current timestep 1609
planning flow reduced
plan limit 794
compute initial stop until 0
current timestep 1613
planning flow reduced
plan limit 792
compute initial stop until 0
current timestep 1618
planning flow reduced
plan limit 794
compute initial stop until 0
current timestep 1623
planning flow reduced
plan limit 787
compute initial stop until 0
current timestep 1628
planning flow reduced
plan limit 793
compute initial stop until 0
current timestep 1633
planning flow reduced
plan limit 791
compute initial stop until 0
current timestep 1637
planning flow reduced
plan limit 791
compute initial stop until 0
current timestep 1642
planning flow reduced
plan limit 793
compute initial stop until 0
current timestep 1646
planning flow reduced
plan limit 793
compute initial stop until 0
current timestep 1650
planning flow reduced
plan limit 761
compute initial stop until 0
current timestep 1655
planning flow reduced
plan limit 763
compute initial stop until 0
current timestep 1660
planning flow reduced
plan limit 773
compute initial stop until 0
current timestep 1665
planning flow reduced
plan limit 769
compute initial stop until 0
current timestep 1670
planning flow reduced
plan limit 770
compute initial stop until 0
current timestep 1675
planning flow reduced
plan limit 785
compute initial stop until 0
current timestep 1680
planning flow reduced
plan limit 765
compute initial stop until 0
current timestep 1684
planning flow reduced
plan limit 772
compute initial stop until 0
current timestep 1688
planning flow reduced
plan limit 777
compute initial stop until 0
current timestep 1692
planning flow reduced
plan limit 773
compute initial stop until 0
current timestep 1697
planning flow reduced
plan limit 794
compute initial stop until 0
current timestep 1701
planning flow reduced
plan limit 796
compute initial stop until 0
current timestep 1705
planning flow reduced
plan limit 776
compute initial stop until 0
current timestep 1709
planning flow reduced
plan limit 796
compute initial stop until 0
current timestep 1713
planning flow reduced
plan limit 793
compute initial stop until 0
current timestep 1717
planning flow reduced
plan limit 795
compute initial stop until 0
current timestep 1721
planning flow reduced
plan limit 787
compute initial stop until 0
current timestep 1725
planning flow reduced
plan limit 794
compute initial stop until 0
current timestep 1729
planning flow reduced
plan limit 776
compute initial stop until 0
current timestep 1733
planning flow reduced
plan limit 800
compute initial stop until 0
current timestep 1737
planning flow reduced
plan limit 768
compute initial stop until 0
current timestep 1741
planning flow reduced
plan limit 778
compute initial stop until 0
current timestep 1745
planning flow reduced
plan limit 802
compute initial stop until 0
current timestep 1749
planning flow reduced
plan limit 775
compute initial stop until 0
current timestep 1753
planning flow reduced
plan limit 800
compute initial stop until 0
current timestep 1757
planning flow reduced
plan limit 802
compute initial stop until 0
current timestep 1761
planning flow reduced
plan limit 782
compute initial stop until 0
current timestep 1765
planning flow reduced
plan limit 801
compute initial stop until 0
current timestep 1769
planning flow reduced
plan limit 774
compute initial stop until 0
current timestep 1773
planning flow reduced
plan limit 778
compute initial stop until 0
current timestep 1777
planning flow reduced
plan limit 802
compute initial stop until 0
current timestep 1781
planning flow reduced
plan limit 806
compute initial stop until 0
current timestep 1785
planning flow reduced
plan limit 800
compute initial stop until 0
current timestep 1789
planning flow reduced
plan limit 799
compute initial stop until 0
current timestep 1793
planning flow reduced
plan limit 780
compute initial stop until 0
current timestep 1797
planning flow reduced
plan limit 789
compute initial stop until 0
current timestep 1801
planning flow reduced
plan limit 796
compute initial stop until 0
current timestep 1805
planning flow reduced
plan limit 799
compute initial stop until 0
current timestep 1809
planning flow reduced
plan limit 799
compute initial stop until 0
current timestep 1813
planning flow reduced
plan limit 797
compute initial stop until 0
current timestep 1818
planning flow reduced
plan limit 776
compute initial stop until 0
current timestep 1822
planning flow reduced
plan limit 800
compute initial stop until 0
current timestep 1826
planning flow reduced
plan limit 789
compute initial stop until 0
current timestep 1830
planning flow reduced
plan limit 776
compute initial stop until 0
current timestep 1834
planning flow reduced
plan limit 801
compute initial stop until 0
current timestep 1838
planning flow reduced
plan limit 777
compute initial stop until 0
current timestep 1842
planning flow reduced
plan limit 799
compute initial stop until 0
current timestep 1846
planning flow reduced
plan limit 802
compute initial stop until 0
current timestep 1850
planning flow reduced
plan limit 777
compute initial stop until 0
current timestep 1854
planning flow reduced
plan limit 779
compute initial stop until 0
current timestep 1858
planning flow reduced
plan limit 797
compute initial stop until 0
current timestep 1862
planning flow reduced
plan limit 799
compute initial stop until 0
current timestep 1866
planning flow reduced
plan limit 774
compute initial stop until 0
current timestep 1870
planning flow reduced
plan limit 778
compute initial stop until 0
current timestep 1874
planning flow reduced
plan limit 798
compute initial stop until 0
current timestep 1878
planning flow reduced
plan limit 779
compute initial stop until 0
current timestep 1882
planning flow reduced
plan limit 797
compute initial stop until 0
current timestep 1886
planning flow reduced
plan limit 781
compute initial stop until 0
current timestep 1890
planning flow reduced
plan limit 782
compute initial stop until 0
current timestep 1894
planning flow reduced
plan limit 798
compute initial stop until 0
current timestep 1898
planning flow reduced
plan limit 777
compute initial stop until 0
current timestep 1902
planning flow reduced
plan limit 779
compute initial stop until 0
current timestep 1906
planning flow reduced
plan limit 777
compute initial stop until 0
current timestep 1910
planning flow reduced
plan limit 802
compute initial stop until 0
current timestep 1914
planning flow reduced
plan limit 797
compute initial stop until 0
current timestep 1918
planning flow reduced
plan limit 775
compute initial stop until 0
current timestep 1922
planning flow reduced
plan limit 786
compute initial stop until 0
current timestep 1926
planning flow reduced
plan limit 800
compute initial stop until 0
current timestep 1930
planning flow reduced
plan limit 778
compute initial stop until 0
current timestep 1934
planning flow reduced
plan limit 780
compute initial stop until 0
current timestep 1938
planning flow reduced
plan limit 762
compute initial stop until 0
current timestep 1943
planning flow reduced
plan limit 776
compute initial stop until 0
current timestep 1947
planning flow reduced
plan limit 778
compute initial stop until 0
current timestep 1951
planning flow reduced
plan limit 782
compute initial stop until 0
current timestep 1955
planning flow reduced
plan limit 793
compute initial stop until 0
current timestep 1959
planning flow reduced
plan limit 796
compute initial stop until 0
current timestep 1963
planning flow reduced
plan limit 792
compute initial stop until 0
current timestep 1967
planning flow reduced
plan limit 772
compute initial stop until 0
current timestep 1971
planning flow reduced
plan limit 764
compute initial stop until 0
current timestep 1975
planning flow reduced
plan limit 798
compute initial stop until 0
current timestep 1979
planning flow reduced
plan limit 767
compute initial stop until 0
current timestep 1984
planning flow reduced
plan limit 765
compute initial stop until 0
current timestep 1989
planning flow reduced
plan limit 769
compute initial stop until 0
current timestep 1993
planning flow reduced
plan limit 797
compute initial stop until 0
current timestep 1997
planning flow reduced
plan limit 772
compute initial stop until 0
current timestep 2002
planning flow reduced
plan limit 768
compute initial stop until 0
current timestep 2007
planning flow reduced
plan limit 796
compute initial stop until 0
current timestep 2011
planning flow reduced
plan limit 796
compute initial stop until 0
current timestep 2015
planning flow reduced
plan limit 791
compute initial stop until 0
current timestep 2019
planning flow reduced
plan limit 791
compute initial stop until 0
current timestep 2023
planning flow reduced
plan limit 751
compute initial stop until 0
current timestep 2027
planning flow reduced
plan limit 791
compute initial stop until 0
current timestep 2031
planning flow reduced
plan limit 772
compute initial stop until 0
current timestep 2035
planning flow reduced
plan limit 774
compute initial stop until 0
current timestep 2039
planning flow reduced
plan limit 773
compute initial stop until 0
current timestep 2043
planning flow reduced
plan limit 763
compute initial stop until 0
current timestep 2048
planning flow reduced
plan limit 772
compute initial stop until 0
current timestep 2052
planning flow reduced
plan limit 767
compute initial stop until 0
current timestep 2057
planning flow reduced
plan limit 795
compute initial stop until 0
current timestep 2061
planning flow reduced
plan limit 797
compute initial stop until 0
current timestep 2065
planning flow reduced
plan limit 755
compute initial stop until 0
current timestep 2070
planning flow reduced
plan limit 781
compute initial stop until 0
current timestep 2074
planning flow reduced
plan limit 788
compute initial stop until 0
current timestep 2078
planning flow reduced
plan limit 789
compute initial stop until 0
current timestep 2082
planning flow reduced
plan limit 777
compute initial stop until 0
current timestep 2086
planning flow reduced
plan limit 769
compute initial stop until 0
current timestep 2091
planning flow reduced
plan limit 776
compute initial stop until 0
current timestep 2095
planning flow reduced
plan limit 794
compute initial stop until 0
current timestep 2099
planning flow reduced
plan limit 773
compute initial stop until 0
current timestep 2104
planning flow reduced
plan limit 785
compute initial stop until 0
current timestep 2107
planning flow reduced
plan limit 796
compute initial stop until 0
current timestep 2111
planning flow reduced
plan limit 797
compute initial stop until 0
current timestep 2115
planning flow reduced
plan limit 795
compute initial stop until 0
current timestep 2119
planning flow reduced
plan limit 791
compute initial stop until 0
current timestep 2123
planning flow reduced
plan limit 800
compute initial stop until 0
current timestep 2127
planning flow reduced
plan limit 768
compute initial stop until 0
current timestep 2131
planning flow reduced
plan limit 777
compute initial stop until 0
current timestep 2135
planning flow reduced
plan limit 793
compute initial stop until 0
current timestep 2139
planning flow reduced
plan limit 769
compute initial stop until 0
current timestep 2143
planning flow reduced
plan limit 794
compute initial stop until 0
current timestep 2147
planning flow reduced
plan limit 774
compute initial stop until 0
current timestep 2151
planning flow reduced
plan limit 795
compute initial stop until 0
current timestep 2155
planning flow reduced
plan limit 780
compute initial stop until 0
current timestep 2159
planning flow reduced
plan limit 794
compute initial stop until 0
current timestep 2162
planning flow reduced
plan limit 798
compute initial stop until 0
current timestep 2166
planning flow reduced
plan limit 798
compute initial stop until 0
current timestep 2170
planning flow reduced
plan limit 791
compute initial stop until 0
current timestep 2175
planning flow reduced
plan limit 768
compute initial stop until 0
current timestep 2180
planning flow reduced
plan limit 776
compute initial stop until 0
current timestep 2184
planning flow reduced
plan limit 788
compute initial stop until 0
current timestep 2188
planning flow reduced
plan limit 795
compute initial stop until 0
current timestep 2192
planning flow reduced
plan limit 775
compute initial stop until 0
current timestep 2196
planning flow reduced
plan limit 795
compute initial stop until 0
current timestep 2200
planning flow reduced
plan limit 767
compute initial stop until 0
current timestep 2204
planning flow reduced
plan limit 795
compute initial stop until 0
current timestep 2208
planning flow reduced
plan limit 799
compute initial stop until 0
current timestep 2212
planning flow reduced
plan limit 768
compute initial stop until 0
current timestep 2217
planning flow reduced
plan limit 789
compute initial stop until 0
current timestep 2221
planning flow reduced
plan limit 788
compute initial stop until 0
current timestep 2226
planning flow reduced
plan limit 792
compute initial stop until 0
current timestep 2230
planning flow reduced
plan limit 785
compute initial stop until 0
current timestep 2234
planning flow reduced
plan limit 768
compute initial stop until 0
current timestep 2238
planning flow reduced
plan limit 782
compute initial stop until 0
current timestep 2243
planning flow reduced
plan limit 775
compute initial stop until 0
current timestep 2248
planning flow reduced
plan limit 784
compute initial stop until 0
current timestep 2252
planning flow reduced
plan limit 756
compute initial stop until 0
current timestep 2256
planning flow reduced
plan limit 775
compute initial stop until 0
current timestep 2260
planning flow reduced
plan limit 769
compute initial stop until 0
current timestep 2264
planning flow reduced
plan limit 777
compute initial stop until 0
current timestep 2268
planning flow reduced
plan limit 795
compute initial stop until 0
current timestep 2272
planning flow reduced
plan limit 798
compute initial stop until 0
current timestep 2276
planning flow reduced
plan limit 769
compute initial stop until 0
current timestep 2281
planning flow reduced
plan limit 794
compute initial stop until 0
current timestep 2284
planning flow reduced
plan limit 774
compute initial stop until 0
current timestep 2288
planning flow reduced
plan limit 794
compute initial stop until 0
current timestep 2292
planning flow reduced
plan limit 791
compute initial stop until 0
current timestep 2296
planning flow reduced
plan limit 790
compute initial stop until 0
current timestep 2300
planning flow reduced
plan limit 762
compute initial stop until 0
current timestep 2305
planning flow reduced
plan limit 772
compute initial stop until 0
current timestep 2309
planning flow reduced
plan limit 791
compute initial stop until 0
current timestep 2313
planning flow reduced
plan limit 776
compute initial stop until 0
current timestep 2317
planning flow reduced
plan limit 773
compute initial stop until 0
current timestep 2320
planning flow reduced
plan limit 793
compute initial stop until 0
current timestep 2323
planning flow reduced
plan limit 796
compute initial stop until 0
current timestep 2327
planning flow reduced
plan limit 797
compute initial stop until 0
current timestep 2331
planning flow reduced
plan limit 766
compute initial stop until 0
current timestep 2335
planning flow reduced
plan limit 797
compute initial stop until 0
current timestep 2339
planning flow reduced
plan limit 795
compute initial stop until 0
current timestep 2342
planning flow reduced
plan limit 768
compute initial stop until 0
current timestep 2346
planning flow reduced
plan limit 787
compute initial stop until 0
current timestep 2350
planning flow reduced
plan limit 795
compute initial stop until 0
current timestep 2353
planning flow reduced
plan limit 778
compute initial stop until 0
current timestep 2357
planning flow reduced
plan limit 795
compute initial stop until 0
current timestep 2361
planning flow reduced
plan limit 767
compute initial stop until 0
current timestep 2365
planning flow reduced
plan limit 794
compute initial stop until 0
current timestep 2369
planning flow reduced
plan limit 778
compute initial stop until 0
current timestep 2373
planning flow reduced
plan limit 769
compute initial stop until 0
current timestep 2377
planning flow reduced
plan limit 799
compute initial stop until 0
current timestep 2381
planning flow reduced
plan limit 793
compute initial stop until 0
current timestep 2385
planning flow reduced
plan limit 798
compute initial stop until 0
current timestep 2389
planning flow reduced
plan limit 796
compute initial stop until 0
current timestep 2393
planning flow reduced
plan limit 799
compute initial stop until 0
current timestep 2397
planning flow reduced
plan limit 774
compute initial stop until 0
current timestep 2401
planning flow reduced
plan limit 793
compute initial stop until 0
current timestep 2404
planning flow reduced
plan limit 798
compute initial stop until 0
current timestep 2408
planning flow reduced
plan limit 775
compute initial stop until 0
current timestep 2412
planning flow reduced
plan limit 784
compute initial stop until 0
current timestep 2416
planning flow reduced
plan limit 802
compute initial stop until 0
current timestep 2420
planning flow reduced
plan limit 779
compute initial stop until 0
current timestep 2424
planning flow reduced
plan limit 780
compute initial stop until 0
current timestep 2428
planning flow reduced
plan limit 799
compute initial stop until 0
current timestep 2432
planning flow reduced
plan limit 781
compute initial stop until 0
current timestep 2437
planning flow reduced
plan limit 788
compute initial stop until 0
current timestep 2441
planning flow reduced
plan limit 778
compute initial stop until 0
current timestep 2445
planning flow reduced
plan limit 799
compute initial stop until 0
current timestep 2449
planning flow reduced
plan limit 784
compute initial stop until 0
current timestep 2454
planning flow reduced
plan limit 789
compute initial stop until 0
current timestep 2458
planning flow reduced
plan limit 771
compute initial stop until 0
current timestep 2462
planning flow reduced
plan limit 796
compute initial stop until 0
current timestep 2466
planning flow reduced
plan limit 783
compute initial stop until 0
current timestep 2470
planning flow reduced
plan limit 797
compute initial stop until 0
current timestep 2473
planning flow reduced
plan limit 795
compute initial stop until 0
current timestep 2477
planning flow reduced
plan limit 795
compute initial stop until 0
current timestep 2480
planning flow reduced
plan limit 763
compute initial stop until 0
current timestep 2484
planning flow reduced
plan limit 801
compute initial stop until 0
current timestep 2488
planning flow reduced
plan limit 776
compute initial stop until 0
current timestep 2492
planning flow reduced
plan limit 800
compute initial stop until 0
current timestep 2496
planning flow reduced
plan limit 795
compute initial stop until 0
current timestep 2500
planning flow reduced
plan limit 776
compute initial stop until 0
current timestep 2504
planning flow reduced
plan limit 800
compute initial stop until 0
current timestep 2509
planning flow reduced
plan limit 798
compute initial stop until 0
current timestep 2514
planning flow reduced
plan limit 773
compute initial stop until 0
current timestep 2518
planning flow reduced
plan limit 800
compute initial stop until 0
current timestep 2523
planning flow reduced
plan limit 797
compute initial stop until 0
current timestep 2528
planning flow reduced
plan limit 797
compute initial stop until 0
current timestep 2532
planning flow reduced
plan limit 795
compute initial stop until 0
current timestep 2536
planning flow reduced
plan limit 793
compute initial stop until 0
current timestep 2540
planning flow reduced
plan limit 794
compute initial stop until 0
current timestep 2545
planning flow reduced
plan limit 777
compute initial stop until 0
current timestep 2549
planning flow reduced
plan limit 795
compute initial stop until 0
current timestep 2554
planning flow reduced
plan limit 804
compute initial stop until 0
current timestep 2559
planning flow reduced
plan limit 773
compute initial stop until 0
current timestep 2563
planning flow reduced
plan limit 800
compute initial stop until 0
current timestep 2567
planning flow reduced
plan limit 771
compute initial stop until 0
current timestep 2571
planning flow reduced
plan limit 798
compute initial stop until 0
current timestep 2577
planning flow reduced
plan limit 792
compute initial stop until 0
current timestep 2581
planning flow reduced
plan limit 744
compute initial stop until 0
current timestep 2586
planning flow reduced
plan limit 764
compute initial stop until 0
current timestep 2595
planning flow reduced
plan limit 771
compute initial stop until 0
current timestep 2598
planning flow reduced
plan limit 742
compute initial stop until 0
current timestep 2603
planning flow reduced
plan limit 795
compute initial stop until 0
current timestep 2607
planning flow reduced
plan limit 775
compute initial stop until 0
current timestep 2611
planning flow reduced
plan limit 794
compute initial stop until 0
current timestep 2615
planning flow reduced
plan limit 776
compute initial stop until 0
current timestep 2619
planning flow reduced
plan limit 796
compute initial stop until 0
current timestep 2623
planning flow reduced
plan limit 796
compute initial stop until 0
current timestep 2627
planning flow reduced
plan limit 798
compute initial stop until 0
current timestep 2631
planning flow reduced
plan limit 797
compute initial stop until 0
current timestep 2635
planning flow reduced
plan limit 800
compute initial stop until 0
current timestep 2639
planning flow reduced
plan limit 777
compute initial stop until 0
current timestep 2643
planning flow reduced
plan limit 796
compute initial stop until 0
current timestep 2648
planning flow reduced
plan limit 774
compute initial stop until 0
current timestep 2652
planning flow reduced
plan limit 799
compute initial stop until 0
current timestep 2656
planning flow reduced
plan limit 796
compute initial stop until 0
current timestep 2660
planning flow reduced
plan limit 779
compute initial stop until 0
current timestep 2664
planning flow reduced
plan limit 781
compute initial stop until 0
current timestep 2668
planning flow reduced
plan limit 798
compute initial stop until 0
current timestep 2673
planning flow reduced
plan limit 801
compute initial stop until 0
current timestep 2678
planning flow reduced
plan limit 774
compute initial stop until 0
current timestep 2682
planning flow reduced
plan limit 802
compute initial stop until 0
current timestep 2687
planning flow reduced
plan limit 797
compute initial stop until 0
current timestep 2691
planning flow reduced
plan limit 776
compute initial stop until 0
current timestep 2695
planning flow reduced
plan limit 796
compute initial stop until 0
current timestep 2699
planning flow reduced
plan limit 775
compute initial stop until 0
current timestep 2703
planning flow reduced
plan limit 802
compute initial stop until 0
current timestep 2707
planning flow reduced
plan limit 798
compute initial stop until 0
current timestep 2711
planning flow reduced
plan limit 802
compute initial stop until 0
current timestep 2716
planning flow reduced
plan limit 771
compute initial stop until 0
current timestep 2720
planning flow reduced
plan limit 799
compute initial stop until 0
current timestep 2724
planning flow reduced
plan limit 776
compute initial stop until 0
current timestep 2728
planning flow reduced
plan limit 797
compute initial stop until 0
current timestep 2732
planning flow reduced
plan limit 794
compute initial stop until 0
current timestep 2736
planning flow reduced
plan limit 800
compute initial stop until 0
current timestep 2741
planning flow reduced
plan limit 774
compute initial stop until 0
current timestep 2745
planning flow reduced
plan limit 799
compute initial stop until 0
current timestep 2749
planning flow reduced
plan limit 773
compute initial stop until 0
current timestep 2753
planning flow reduced
plan limit 795
compute initial stop until 0
current timestep 2757
planning flow reduced
plan limit 793
compute initial stop until 0
current timestep 2761
planning flow reduced
plan limit 799
compute initial stop until 0
current timestep 2766
planning flow reduced
plan limit 775
compute initial stop until 0
current timestep 2770
planning flow reduced
plan limit 793
compute initial stop until 0
current timestep 2774
planning flow reduced
plan limit 783
compute initial stop until 0
current timestep 2777
planning flow reduced
plan limit 766
compute initial stop until 0
current timestep 2780
planning flow reduced
plan limit 790
compute initial stop until 0
current timestep 2784
planning flow reduced
plan limit 797
compute initial stop until 0
current timestep 2788
planning flow reduced
plan limit 774
compute initial stop until 0
current timestep 2791
planning flow reduced
plan limit 792
compute initial stop until 0
current timestep 2795
planning flow reduced
plan limit 775
compute initial stop until 0
current timestep 2798
planning flow reduced
plan limit 798
compute initial stop until 0
current timestep 2802
planning flow reduced
plan limit 759
compute initial stop until 0
current timestep 2805
planning flow reduced
plan limit 768
compute initial stop until 0
current timestep 2808
planning flow reduced
plan limit 770
compute initial stop until 0
current timestep 2811
planning flow reduced
plan limit 795
compute initial stop until 0
current timestep 2815
planning flow reduced
plan limit 790
compute initial stop until 0
current timestep 2819
planning flow reduced
plan limit 790
compute initial stop until 0
current timestep 2823
planning flow reduced
plan limit 770
compute initial stop until 0
current timestep 2828
planning flow reduced
plan limit 769
compute initial stop until 0
current timestep 2831
planning flow reduced
plan limit 717
compute initial stop until 0
current timestep 2839
planning flow reduced
plan limit 755
compute initial stop until 0
current timestep 2843
planning flow reduced
plan limit 768
compute initial stop until 0
current timestep 2846
planning flow reduced
plan limit 771
compute initial stop until 0
current timestep 2849
planning flow reduced
plan limit 760
compute initial stop until 0
current timestep 2852
planning flow reduced
plan limit 797
compute initial stop until 0
current timestep 2855
planning flow reduced
plan limit 784
compute initial stop until 0
current timestep 2858
planning flow reduced
plan limit 795
compute initial stop until 0
current timestep 2861
planning flow reduced
plan limit 791
compute initial stop until 0
current timestep 2865
planning flow reduced
plan limit 800
compute initial stop until 0
current timestep 2869
planning flow reduced
plan limit 765
compute initial stop until 0
current timestep 2872
planning flow reduced
plan limit 774
compute initial stop until 0
current timestep 2875
planning flow reduced
plan limit 785
compute initial stop until 0
current timestep 2878
planning flow reduced
plan limit 794
compute initial stop until 0
current timestep 2881
planning flow reduced
plan limit 789
compute initial stop until 0
current timestep 2884
planning flow reduced
plan limit 767
compute initial stop until 0
current timestep 2888
planning flow reduced
plan limit 788
compute initial stop until 0
current timestep 2891
planning flow reduced
plan limit 795
compute initial stop until 0
current timestep 2894
planning flow reduced
plan limit 767
compute initial stop until 0
current timestep 2897
planning flow reduced
plan limit 771
compute initial stop until 0
current timestep 2900
planning flow reduced
plan limit 795
compute initial stop until 0
current timestep 2903
planning flow reduced
plan limit 760
compute initial stop until 0
current timestep 2906
planning flow reduced
plan limit 785
compute initial stop until 0
current timestep 2909
planning flow reduced
plan limit 764
compute initial stop until 0
current timestep 2912
planning flow reduced
plan limit 790
compute initial stop until 0
current timestep 2915
planning flow reduced
plan limit 791
compute initial stop until 0
current timestep 2918
planning flow reduced
plan limit 785
compute initial stop until 0
current timestep 2921
planning flow reduced
plan limit 788
compute initial stop until 0
current timestep 2924
planning flow reduced
plan limit 770
compute initial stop until 0
current timestep 2927
planning flow reduced
plan limit 788
compute initial stop until 0
current timestep 2930
planning flow reduced
plan limit 772
compute initial stop until 0
current timestep 2933
planning flow reduced
plan limit 800
compute initial stop until 0
current timestep 2937
planning flow reduced
plan limit 791
compute initial stop until 0
current timestep 2940
planning flow reduced
plan limit 775
compute initial stop until 0
current timestep 2943
planning flow reduced
plan limit 767
compute initial stop until 0
current timestep 2946
planning flow reduced
plan limit 792
compute initial stop until 0
current timestep 2949
planning flow reduced
plan limit 790
compute initial stop until 0
current timestep 2952
planning flow reduced
plan limit 771
compute initial stop until 0
current timestep 2955
planning flow reduced
plan limit 770
compute initial stop until 0
current timestep 2958
planning flow reduced
plan limit 798
compute initial stop until 0
current timestep 2962
planning flow reduced
plan limit 773
compute initial stop until 0
current timestep 2965
planning flow reduced
plan limit 779
compute initial stop until 0
current timestep 2968
planning flow reduced
plan limit 796
compute initial stop until 0
current timestep 2972
planning flow reduced
plan limit 801
compute initial stop until 0
current timestep 2976
planning flow reduced
plan limit 794
compute initial stop until 0
current timestep 2980
planning flow reduced
plan limit 797
compute initial stop until 0
current timestep 2984
planning flow reduced
plan limit 765
compute initial stop until 0
current timestep 2987
planning flow reduced
plan limit 780
compute initial stop until 0
current timestep 2991
planning flow reduced
plan limit 799
compute initial stop until 0
current timestep 2995
planning flow reduced
plan limit 778
compute initial stop until 0
current timestep 2999
planning flow reduced
plan limit 799
compute initial stop until 0
current timestep 3003
planning flow reduced
plan limit 798
compute initial stop until 0
current timestep 3007
planning flow reduced
plan limit 773
compute initial stop until 0
current timestep 3010
planning flow reduced
plan limit 797
compute initial stop until 0
current timestep 3014
planning flow reduced
plan limit 800
compute initial stop until 0
current timestep 3018
planning flow reduced
plan limit 774
compute initial stop until 0
current timestep 3021
planning flow reduced
plan limit 757
compute initial stop until 0
current timestep 3024
planning flow reduced
plan limit 777
compute initial stop until 0
current timestep 3027
planning flow reduced
plan limit 796
compute initial stop until 0
current timestep 3031
planning flow reduced
plan limit 796
compute initial stop until 0
current timestep 3035
planning flow reduced
plan limit 799
compute initial stop until 0
current timestep 3039
planning flow reduced
plan limit 798
compute initial stop until 0
current timestep 3044
planning flow reduced
plan limit 782
compute initial stop until 0
current timestep 3048
planning flow reduced
plan limit 779
compute initial stop until 0
current timestep 3051
planning flow reduced
plan limit 777
compute initial stop until 0
current timestep 3054
planning flow reduced
plan limit 798
compute initial stop until 0
current timestep 3058
planning flow reduced
plan limit 776
compute initial stop until 0
current timestep 3061
planning flow reduced
plan limit 798
compute initial stop until 0
current timestep 3065
planning flow reduced
plan limit 777
compute initial stop until 0
current timestep 3068
planning flow reduced
plan limit 797
compute initial stop until 0
current timestep 3074
planning flow reduced
plan limit 798
compute initial stop until 0
current timestep 3079
planning flow reduced
plan limit 799
compute initial stop until 0
current timestep 3084
planning flow reduced
plan limit 796
compute initial stop until 0
current timestep 3088
planning flow reduced
plan limit 763
compute initial stop until 0
current timestep 3092
planning flow reduced
plan limit 798
compute initial stop until 0
current timestep 3096
planning flow reduced
plan limit 768
compute initial stop until 0
current timestep 3104
planning flow reduced
plan limit 797
compute initial stop until 0
current timestep 3108
planning flow reduced
plan limit 800
compute initial stop until 0
current timestep 3112
planning flow reduced
plan limit 799
compute initial stop until 0
current timestep 3116
planning flow reduced
plan limit 799
compute initial stop until 0
current timestep 3120
planning flow reduced
plan limit 777
compute initial stop until 0
current timestep 3123
planning flow reduced
plan limit 797
compute initial stop until 0
current timestep 3127
planning flow reduced
plan limit 798
compute initial stop until 0
current timestep 3131
planning flow reduced
plan limit 797
compute initial stop until 0
current timestep 3135
planning flow reduced
plan limit 795
compute initial stop until 0
current timestep 3139
planning flow reduced
plan limit 793
compute initial stop until 0
current timestep 3143
planning flow reduced
plan limit 775
compute initial stop until 0
current timestep 3146
planning flow reduced
plan limit 799
compute initial stop until 0
current timestep 3150
planning flow reduced
plan limit 776
compute initial stop until 0
current timestep 3153
planning flow reduced
plan limit 800
compute initial stop until 0
current timestep 3157
planning flow reduced
plan limit 796
compute initial stop until 0
current timestep 3161
planning flow reduced
plan limit 798
compute initial stop until 0
current timestep 3165
planning flow reduced
plan limit 775
compute initial stop until 0
current timestep 3168
planning flow reduced
plan limit 798
compute initial stop until 0
current timestep 3172
planning flow reduced
plan limit 798
compute initial stop until 0
current timestep 3176
planning flow reduced
plan limit 797
compute initial stop until 0
current timestep 3180
planning flow reduced
plan limit 797
compute initial stop until 0
current timestep 3184
planning flow reduced
plan limit 775
compute initial stop until 0
current timestep 3187
planning flow reduced
plan limit 799
compute initial stop until 0
current timestep 3191
planning flow reduced
plan limit 774
compute initial stop until 0
current timestep 3194
planning flow reduced
plan limit 778
compute initial stop until 0
current timestep 3197
planning flow reduced
plan limit 798
compute initial stop until 0
current timestep 3201
planning flow reduced
plan limit 778
compute initial stop until 0
current timestep 3204
planning flow reduced
plan limit 798
compute initial stop until 0
current timestep 3208
planning flow reduced
plan limit 774
compute initial stop until 0
current timestep 3211
planning flow reduced
plan limit 775
compute initial stop until 0
current timestep 3214
planning flow reduced
plan limit 798
compute initial stop until 0
current timestep 3218
planning flow reduced
plan limit 798
compute initial stop until 0
current timestep 3222
planning flow reduced
plan limit 797
compute initial stop until 0
current timestep 3226
planning flow reduced
plan limit 778
compute initial stop until 0
current timestep 3229
planning flow reduced
plan limit 775
compute initial stop until 0
current timestep 3232
planning flow reduced
plan limit 798
compute initial stop until 0
current timestep 3236
planning flow reduced
plan limit 776
compute initial stop until 0
current timestep 3239
planning flow reduced
plan limit 797
compute initial stop until 0
current timestep 3244
planning flow reduced
plan limit 797
compute initial stop until 0
current timestep 3250
planning flow reduced
plan limit 795
compute initial stop until 0
current timestep 3254
planning flow reduced
plan limit 798
compute initial stop until 0
current timestep 3258
planning flow reduced
plan limit 776
compute initial stop until 0
current timestep 3261
planning flow reduced
plan limit 779
compute initial stop until 0
current timestep 3264
planning flow reduced
plan limit 799
compute initial stop until 0
current timestep 3268
planning flow reduced
plan limit 776
compute initial stop until 0
current timestep 3271
planning flow reduced
plan limit 775
compute initial stop until 0
current timestep 3274
planning flow reduced
plan limit 793
compute initial stop until 0
current timestep 3277
planning flow reduced
plan limit 798
compute initial stop until 0
current timestep 3281
planning flow reduced
plan limit 796
compute initial stop until 0
current timestep 3285
planning flow reduced
plan limit 777
compute initial stop until 0
current timestep 3289
planning flow reduced
plan limit 795
compute initial stop until 0
current timestep 3293
planning flow reduced
plan limit 791
compute initial stop until 0
current timestep 3296
planning flow reduced
plan limit 771
compute initial stop until 0
current timestep 3299
planning flow reduced
plan limit 772
compute initial stop until 0
current timestep 3302
planning flow reduced
plan limit 787
compute initial stop until 0
current timestep 3305
planning flow reduced
plan limit 786
compute initial stop until 0
current timestep 3308
planning flow reduced
plan limit 773
compute initial stop until 0
current timestep 3311
planning flow reduced
plan limit 771
compute initial stop until 0
current timestep 3314
planning flow reduced
plan limit 795
compute initial stop until 0
current timestep 3317
planning flow reduced
plan limit 785
compute initial stop until 0
current timestep 3320
planning flow reduced
plan limit 788
compute initial stop until 0
current timestep 3324
planning flow reduced
plan limit 766
compute initial stop until 0
current timestep 3327
planning flow reduced
plan limit 796
compute initial stop until 0
current timestep 3331
planning flow reduced
plan limit 770
compute initial stop until 0
current timestep 3334
planning flow reduced
plan limit 770
compute initial stop until 0
current timestep 3337
planning flow reduced
plan limit 773
compute initial stop until 0
current timestep 3340
planning flow reduced
plan limit 771
compute initial stop until 0
current timestep 3343
planning flow reduced
plan limit 784
compute initial stop until 0
current timestep 3346
planning flow reduced
plan limit 789
compute initial stop until 0
current timestep 3349
planning flow reduced
plan limit 786
compute initial stop until 0
current timestep 3353
planning flow reduced
plan limit 766
compute initial stop until 0
current timestep 3357
planning flow reduced
plan limit 771
compute initial stop until 0
current timestep 3360
planning flow reduced
plan limit 782
compute initial stop until 0
current timestep 3364
planning flow reduced
plan limit 794
compute initial stop until 0
current timestep 3367
planning flow reduced
plan limit 767
compute initial stop until 0
current timestep 3370
planning flow reduced
plan limit 774
compute initial stop until 0
current timestep 3373
planning flow reduced
plan limit 772
compute initial stop until 0
current timestep 3376
planning flow reduced
plan limit 793
compute initial stop until 0
current timestep 3379
planning flow reduced
plan limit 770
compute initial stop until 0
current timestep 3382
planning flow reduced
plan limit 796
compute initial stop until 0
current timestep 3386
planning flow reduced
plan limit 791
compute initial stop until 0
current timestep 3390
planning flow reduced
plan limit 792
compute initial stop until 0
current timestep 3393
planning flow reduced
plan limit 787
compute initial stop until 0
current timestep 3396
planning flow reduced
plan limit 785
compute initial stop until 0
current timestep 3399
planning flow reduced
plan limit 765
compute initial stop until 0
current timestep 3402
planning flow reduced
plan limit 798
compute initial stop until 0
current timestep 3406
planning flow reduced
plan limit 770
compute initial stop until 0
current timestep 3410
planning flow reduced
plan limit 772
compute initial stop until 0
current timestep 3413
planning flow reduced
plan limit 774
compute initial stop until 0
current timestep 3416
planning flow reduced
plan limit 792
compute initial stop until 0
current timestep 3420
planning flow reduced
plan limit 796
compute initial stop until 0
current timestep 3423
planning flow reduced
plan limit 792
compute initial stop until 0
current timestep 3427
planning flow reduced
plan limit 791
compute initial stop until 0
current timestep 3430
planning flow reduced
plan limit 789
compute initial stop until 0
current timestep 3434
planning flow reduced
plan limit 791
compute initial stop until 0
current timestep 3438
planning flow reduced
plan limit 786
compute initial stop until 0
current timestep 3442
planning flow reduced
plan limit 790
compute initial stop until 0
current timestep 3446
planning flow reduced
plan limit 782
compute initial stop until 0
current timestep 3450
planning flow reduced
plan limit 794
compute initial stop until 0
current timestep 3454
planning flow reduced
plan limit 732
compute initial stop until 0
current timestep 3460
planning flow reduced
plan limit 790
compute initial stop until 0
current timestep 3464
planning flow reduced
plan limit 759
compute initial stop until 0
current timestep 3468
planning flow reduced
plan limit 789
compute initial stop until 0
current timestep 3472
planning flow reduced
plan limit 791
compute initial stop until 0
current timestep 3476
planning flow reduced
plan limit 791
compute initial stop until 0
current timestep 3480
planning flow reduced
plan limit 791
compute initial stop until 0
current timestep 3484
planning flow reduced
plan limit 786
compute initial stop until 0
current timestep 3488
planning flow reduced
plan limit 790
compute initial stop until 0
current timestep 3492
planning flow reduced
plan limit 789
compute initial stop until 0
current timestep 3497
planning flow reduced
plan limit 789
compute initial stop until 0
current timestep 3502
planning flow reduced
plan limit 790
compute initial stop until 0
current timestep 3506
planning flow reduced
plan limit 784
compute initial stop until 0
current timestep 3511
planning flow reduced
plan limit 782
compute initial stop until 0
current timestep 3514
planning flow reduced
plan limit 800
compute initial stop until 0
current timestep 3518
planning flow reduced
plan limit 798
compute initial stop until 0
current timestep 3522
planning flow reduced
plan limit 799
compute initial stop until 0
current timestep 3526
planning flow reduced
plan limit 797
compute initial stop until 0
current timestep 3530
planning flow reduced
plan limit 801
compute initial stop until 0
current timestep 3534
planning flow reduced
plan limit 785
compute initial stop until 0
current timestep 3537
planning flow reduced
plan limit 748
compute initial stop until 0
current timestep 3542
planning flow reduced
plan limit 788
compute initial stop until 0
current timestep 3546
planning flow reduced
plan limit 788
compute initial stop until 0
current timestep 3550
planning flow reduced
plan limit 772
compute initial stop until 0
current timestep 3554
planning flow reduced
plan limit 773
compute initial stop until 0
current timestep 3557
planning flow reduced
plan limit 797
compute initial stop until 0
current timestep 3561
planning flow reduced
plan limit 793
compute initial stop until 0
current timestep 3566
planning flow reduced
plan limit 801
compute initial stop until 0
current timestep 3570
planning flow reduced
plan limit 802
compute initial stop until 0
current timestep 3574
planning flow reduced
plan limit 801
compute initial stop until 0
current timestep 3578
planning flow reduced
plan limit 799
compute initial stop until 0
current timestep 3582
planning flow reduced
plan limit 778
compute initial stop until 0
current timestep 3586
planning flow reduced
plan limit 777
compute initial stop until 0
current timestep 3589
planning flow reduced
plan limit 771
compute initial stop until 0
current timestep 3593
planning flow reduced
plan limit 778
compute initial stop until 0
current timestep 3596
planning flow reduced
plan limit 773
compute initial stop until 0
current timestep 3600
planning flow reduced
plan limit 798
compute initial stop until 0
current timestep 3605
planning flow reduced
plan limit 768
compute initial stop until 0
current timestep 3609
planning flow reduced
plan limit 796
compute initial stop until 0
current timestep 3613
planning flow reduced
plan limit 797
compute initial stop until 0
current timestep 3617
planning flow reduced
plan limit 778
compute initial stop until 0
current timestep 3621
planning flow reduced
plan limit 780
compute initial stop until 0
current timestep 3625
planning flow reduced
plan limit 801
compute initial stop until 0
current timestep 3629
planning flow reduced
plan limit 766
compute initial stop until 0
current timestep 3633
planning flow reduced
plan limit 795
compute initial stop until 0
current timestep 3637
planning flow reduced
plan limit 798
compute initial stop until 0
current timestep 3641
planning flow reduced
plan limit 795
compute initial stop until 0
current timestep 3645
planning flow reduced
plan limit 796
compute initial stop until 0
current timestep 3648
planning flow reduced
plan limit 797
compute initial stop until 0
current timestep 3652
planning flow reduced
plan limit 777
compute initial stop until 0
current timestep 3656
planning flow reduced
plan limit 803
compute initial stop until 0
current timestep 3660
planning flow reduced
plan limit 801
compute initial stop until 0
current timestep 3664
planning flow reduced
plan limit 801
compute initial stop until 0
current timestep 3668
planning flow reduced
plan limit 798
compute initial stop until 0
current timestep 3672
planning flow reduced
plan limit 799
compute initial stop until 0
current timestep 3676
planning flow reduced
plan limit 796
compute initial stop until 0
current timestep 3680
planning flow reduced
plan limit 798
compute initial stop until 0
current timestep 3684
planning flow reduced
plan limit 780
compute initial stop until 0
current timestep 3688
planning flow reduced
plan limit 798
compute initial stop until 0
current timestep 3692
planning flow reduced
plan limit 777
compute initial stop until 0
current timestep 3695
planning flow reduced
plan limit 801
compute initial stop until 0
current timestep 3699
planning flow reduced
plan limit 801
compute initial stop until 0
current timestep 3703
planning flow reduced
plan limit 790
compute initial stop until 0
current timestep 3707
planning flow reduced
plan limit 801
compute initial stop until 0
current timestep 3711
planning flow reduced
plan limit 800
compute initial stop until 0
current timestep 3715
planning flow reduced
plan limit 782
compute initial stop until 0
current timestep 3719
planning flow reduced
plan limit 800
compute initial stop until 0
current timestep 3723
planning flow reduced
plan limit 777
compute initial stop until 0
current timestep 3727
planning flow reduced
plan limit 801
compute initial stop until 0
current timestep 3731
planning flow reduced
plan limit 797
compute initial stop until 0
current timestep 3735
planning flow reduced
plan limit 802
compute initial stop until 0
current timestep 3739
planning flow reduced
plan limit 777
compute initial stop until 0
current timestep 3742
planning flow reduced
plan limit 796
compute initial stop until 0
current timestep 3746
planning flow reduced
plan limit 798
compute initial stop until 0
current timestep 3750
planning flow reduced
plan limit 775
compute initial stop until 0
current timestep 3753
planning flow reduced
plan limit 801
compute initial stop until 0
current timestep 3757
planning flow reduced
plan limit 799
compute initial stop until 0
current timestep 3761
planning flow reduced
plan limit 800
compute initial stop until 0
current timestep 3765
planning flow reduced
plan limit 798
compute initial stop until 0
current timestep 3768
planning flow reduced
plan limit 790
compute initial stop until 0
current timestep 3772
planning flow reduced
plan limit 791
compute initial stop until 0
current timestep 3776
planning flow reduced
plan limit 775
compute initial stop until 0
current timestep 3780
planning flow reduced
plan limit 800
compute initial stop until 0
current timestep 3784
planning flow reduced
plan limit 799
compute initial stop until 0
current timestep 3788
planning flow reduced
plan limit 802
compute initial stop until 0
current timestep 3792
planning flow reduced
plan limit 800
compute initial stop until 0
current timestep 3796
planning flow reduced
plan limit 800
compute initial stop until 0
current timestep 3800
planning flow reduced
plan limit 767
compute initial stop until 0
current timestep 3804
planning flow reduced
plan limit 798
compute initial stop until 0
current timestep 3808
planning flow reduced
plan limit 798
compute initial stop until 0
current timestep 3812
planning flow reduced
plan limit 799
compute initial stop until 0
current timestep 3816
planning flow reduced
plan limit 795
compute initial stop until 0
current timestep 3820
planning flow reduced
plan limit 797
compute initial stop until 0
current timestep 3824
planning flow reduced
plan limit 795
compute initial stop until 0
current timestep 3829
planning flow reduced
plan limit 775
compute initial stop until 0
current timestep 3833
planning flow reduced
plan limit 793
compute initial stop until 0
current timestep 3836
planning flow reduced
plan limit 800
compute initial stop until 0
current timestep 3840
planning flow reduced
plan limit 765
compute initial stop until 0
current timestep 3844
planning flow reduced
plan limit 787
compute initial stop until 0
current timestep 3848
planning flow reduced
plan limit 757
compute initial stop until 0
current timestep 3852
planning flow reduced
plan limit 789
compute initial stop until 0
current timestep 3856
planning flow reduced
plan limit 798
compute initial stop until 0
current timestep 3860
planning flow reduced
plan limit 793
compute initial stop until 0
current timestep 3864
planning flow reduced
plan limit 796
compute initial stop until 0
current timestep 3868
planning flow reduced
plan limit 771
compute initial stop until 0
current timestep 3872
planning flow reduced
plan limit 794
compute initial stop until 0
current timestep 3876
planning flow reduced
plan limit 785
compute initial stop until 0
current timestep 3880
planning flow reduced
plan limit 786
compute initial stop until 0
current timestep 3884
planning flow reduced
plan limit 770
compute initial stop until 0
current timestep 3887
planning flow reduced
plan limit 799
compute initial stop until 0
current timestep 3891
planning flow reduced
plan limit 786
compute initial stop until 0
current timestep 3895
planning flow reduced
plan limit 792
compute initial stop until 0
current timestep 3899
planning flow reduced
plan limit 791
compute initial stop until 0
current timestep 3903
planning flow reduced
plan limit 769
compute initial stop until 0
current timestep 3906
planning flow reduced
plan limit 795
compute initial stop until 0
current timestep 3910
planning flow reduced
plan limit 788
compute initial stop until 0
current timestep 3914
planning flow reduced
plan limit 764
compute initial stop until 0
current timestep 3917
planning flow reduced
plan limit 796
compute initial stop until 0
current timestep 3921
planning flow reduced
plan limit 796
compute initial stop until 0
current timestep 3925
planning flow reduced
plan limit 789
compute initial stop until 0
current timestep 3929
planning flow reduced
plan limit 791
compute initial stop until 0
current timestep 3933
planning flow reduced
plan limit 768
compute initial stop until 0
current timestep 3937
planning flow reduced
plan limit 794
compute initial stop until 0
current timestep 3941
planning flow reduced
plan limit 794
compute initial stop until 0
current timestep 3944
planning flow reduced
plan limit 795
compute initial stop until 0
current timestep 3948
planning flow reduced
plan limit 773
compute initial stop until 0
current timestep 3952
planning flow reduced
plan limit 772
compute initial stop until 0
current timestep 3956
planning flow reduced
plan limit 783
compute initial stop until 0
current timestep 3959
planning flow reduced
plan limit 774
compute initial stop until 0
current timestep 3962
planning flow reduced
plan limit 798
compute initial stop until 0
current timestep 3966
planning flow reduced
plan limit 761
compute initial stop until 0
current timestep 3969
planning flow reduced
plan limit 759
compute initial stop until 0
current timestep 3972
planning flow reduced
plan limit 791
compute initial stop until 0
current timestep 3976
planning flow reduced
plan limit 800
compute initial stop until 0
current timestep 3981
planning flow reduced
plan limit 788
compute initial stop until 0
current timestep 3985
planning flow reduced
plan limit 791
compute initial stop until 0
current timestep 3989
planning flow reduced
plan limit 764
compute initial stop until 0
current timestep 3992
planning flow reduced
plan limit 795
compute initial stop until 0
current timestep 3996
planning flow reduced
plan limit 792
compute initial stop until 0
current timestep 4000
planning flow reduced
plan limit 797
compute initial stop until 0
current timestep 4005
planning flow reduced
plan limit 790
compute initial stop until 0
current timestep 4009
planning flow reduced
plan limit 787
compute initial stop until 0
current timestep 4014
planning flow reduced
plan limit 793
compute initial stop until 0
current timestep 4019
planning flow reduced
plan limit 768
compute initial stop until 0
current timestep 4023
planning flow reduced
plan limit 774
compute initial stop until 0
current timestep 4027
planning flow reduced
plan limit 787
compute initial stop until 0
current timestep 4031
planning flow reduced
plan limit 793
compute initial stop until 0
current timestep 4037
planning flow reduced
plan limit 786
compute initial stop until 0
current timestep 4041
planning flow reduced
plan limit 788
compute initial stop until 0
current timestep 4045
planning flow reduced
plan limit 793
compute initial stop until 0
current timestep 4049
planning flow reduced
plan limit 762
compute initial stop until 0
current timestep 4054
planning flow reduced
plan limit 752
compute initial stop until 0
current timestep 4059
planning flow reduced
plan limit 789
compute initial stop until 0
current timestep 4063
planning flow reduced
plan limit 759
compute initial stop until 0
current timestep 4066
planning flow reduced
plan limit 789
compute initial stop until 0
current timestep 4071
planning flow reduced
plan limit 787
compute initial stop until 0
current timestep 4074
planning flow reduced
plan limit 787
compute initial stop until 0
current timestep 4078
planning flow reduced
plan limit 787
compute initial stop until 0
current timestep 4082
planning flow reduced
plan limit 795
compute initial stop until 0
current timestep 4086
planning flow reduced
plan limit 762
compute initial stop until 0
current timestep 4089
planning flow reduced
plan limit 793
compute initial stop until 0
current timestep 4093
planning flow reduced
plan limit 747
compute initial stop until 0
current timestep 4096
planning flow reduced
plan limit 796
compute initial stop until 0
current timestep 4100
planning flow reduced
plan limit 786
compute initial stop until 0
current timestep 4104
planning flow reduced
plan limit 792
compute initial stop until 0
current timestep 4108
planning flow reduced
plan limit 784
compute initial stop until 0
current timestep 4112
planning flow reduced
plan limit 770
compute initial stop until 0
current timestep 4115
planning flow reduced
plan limit 784
compute initial stop until 0
current timestep 4119
planning flow reduced
plan limit 793
compute initial stop until 0
current timestep 4123
planning flow reduced
plan limit 792
compute initial stop until 0
current timestep 4128
planning flow reduced
plan limit 796
compute initial stop until 0
current timestep 4133
planning flow reduced
plan limit 769
compute initial stop until 0
current timestep 4137
planning flow reduced
plan limit 798
compute initial stop until 0
current timestep 4142
planning flow reduced
plan limit 795
compute initial stop until 0
current timestep 4147
planning flow reduced
plan limit 761
compute initial stop until 0
current timestep 4150
planning flow reduced
plan limit 799
compute initial stop until 0
current timestep 4155
planning flow reduced
plan limit 792
compute initial stop until 0
current timestep 4160
planning flow reduced
plan limit 795
compute initial stop until 0
current timestep 4165
planning flow reduced
plan limit 793
compute initial stop until 0
current timestep 4170
planning flow reduced
plan limit 770
compute initial stop until 0
current timestep 4174
planning flow reduced
plan limit 792
compute initial stop until 0
current timestep 4179
planning flow reduced
plan limit 793
compute initial stop until 0
current timestep 4184
planning flow reduced
plan limit 797
compute initial stop until 0
current timestep 4189
planning flow reduced
plan limit 774
compute initial stop until 0
current timestep 4193
planning flow reduced
plan limit 795
compute initial stop until 0
current timestep 4198
planning flow reduced
plan limit 799
compute initial stop until 0
current timestep 4203
planning flow reduced
plan limit 799
compute initial stop until 0
current timestep 4208
planning flow reduced
plan limit 798
compute initial stop until 0
current timestep 4213
planning flow reduced
plan limit 795
compute initial stop until 0
current timestep 4218
planning flow reduced
plan limit 774
compute initial stop until 0
current timestep 4222
planning flow reduced
plan limit 799
compute initial stop until 0
current timestep 4227
planning flow reduced
plan limit 798
compute initial stop until 0
current timestep 4232
planning flow reduced
plan limit 788
compute initial stop until 0
current timestep 4237
planning flow reduced
plan limit 796
compute initial stop until 0
current timestep 4242
planning flow reduced
plan limit 797
compute initial stop until 0
current timestep 4247
planning flow reduced
plan limit 790
compute initial stop until 0
current timestep 4252
planning flow reduced
plan limit 800
compute initial stop until 0
current timestep 4257
planning flow reduced
plan limit 796
compute initial stop until 0
current timestep 4262
planning flow reduced
plan limit 773
compute initial stop until 0
current timestep 4266
planning flow reduced
plan limit 792
compute initial stop until 0
current timestep 4271
planning flow reduced
plan limit 795
compute initial stop until 0
current timestep 4275
planning flow reduced
plan limit 798
compute initial stop until 0
current timestep 4280
planning flow reduced
plan limit 794
compute initial stop until 0
current timestep 4285
planning flow reduced
plan limit 774
compute initial stop until 0
current timestep 4289
planning flow reduced
plan limit 798
compute initial stop until 0
current timestep 4294
planning flow reduced
plan limit 796
compute initial stop until 0
current timestep 4299
planning flow reduced
plan limit 796
compute initial stop until 0
current timestep 4304
planning flow reduced
plan limit 799
compute initial stop until 0
current timestep 4309
planning flow reduced
plan limit 792
compute initial stop until 0
current timestep 4314
planning flow reduced
plan limit 780
compute initial stop until 0
current timestep 4318
planning flow reduced
plan limit 772
compute initial stop until 0
current timestep 4322
planning flow reduced
plan limit 797
compute initial stop until 0
current timestep 4327
planning flow reduced
plan limit 783
compute initial stop until 0
current timestep 4330
planning flow reduced
plan limit 787
compute initial stop until 0
current timestep 4333
planning flow reduced
plan limit 783
compute initial stop until 0
current timestep 4337
planning flow reduced
plan limit 803
compute initial stop until 0
current timestep 4341
planning flow reduced
plan limit 797
compute initial stop until 0
current timestep 4345
planning flow reduced
plan limit 804
compute initial stop until 0
current timestep 4349
planning flow reduced
plan limit 797
compute initial stop until 0
current timestep 4353
planning flow reduced
plan limit 795
compute initial stop until 0
current timestep 4357
planning flow reduced
plan limit 799
compute initial stop until 0
current timestep 4361
planning flow reduced
plan limit 797
compute initial stop until 0
current timestep 4365
planning flow reduced
plan limit 787
compute initial stop until 0
current timestep 4369
planning flow reduced
plan limit 798
compute initial stop until 0
current timestep 4373
planning flow reduced
plan limit 791
compute initial stop until 0
current timestep 4377
planning flow reduced
plan limit 786
compute initial stop until 0
current timestep 4381
planning flow reduced
plan limit 787
compute initial stop until 0
current timestep 4385
planning flow reduced
plan limit 790
compute initial stop until 0
current timestep 4388
planning flow reduced
plan limit 802
compute initial stop until 0
current timestep 4393
planning flow reduced
plan limit 781
compute initial stop until 0
current timestep 4397
planning flow reduced
plan limit 799
compute initial stop until 0
current timestep 4402
planning flow reduced
plan limit 799
compute initial stop until 0
current timestep 4406
planning flow reduced
plan limit 763
compute initial stop until 0
current timestep 4409
planning flow reduced
plan limit 795
compute initial stop until 0
current timestep 4414
planning flow reduced
plan limit 796
compute initial stop until 0
current timestep 4419
planning flow reduced
plan limit 793
compute initial stop until 0
current timestep 4423
planning flow reduced
plan limit 798
compute initial stop until 0
current timestep 4428
planning flow reduced
plan limit 790
compute initial stop until 0
current timestep 4432
planning flow reduced
plan limit 799
compute initial stop until 0
current timestep 4436
planning flow reduced
plan limit 767
compute initial stop until 0
current timestep 4440
planning flow reduced
plan limit 800
compute initial stop until 0
current timestep 4444
planning flow reduced
plan limit 796
compute initial stop until 0
current timestep 4447
planning flow reduced
plan limit 798
compute initial stop until 0
current timestep 4451
planning flow reduced
plan limit 779
compute initial stop until 0
current timestep 4454
planning flow reduced
plan limit 804
compute initial stop until 0
current timestep 4458
planning flow reduced
plan limit 783
compute initial stop until 0
current timestep 4461
planning flow reduced
plan limit 801
compute initial stop until 0
current timestep 4465
planning flow reduced
plan limit 793
compute initial stop until 0
current timestep 4468
planning flow reduced
plan limit 800
compute initial stop until 0
current timestep 4471
planning flow reduced
plan limit 797
compute initial stop until 0
current timestep 4475
planning flow reduced
plan limit 785
compute initial stop until 0
current timestep 4478
planning flow reduced
plan limit 793
compute initial stop until 0
current timestep 4482
planning flow reduced
plan limit 797
compute initial stop until 0
current timestep 4486
planning flow reduced
plan limit 792
compute initial stop until 0
current timestep 4490
planning flow reduced
plan limit 793
compute initial stop until 0
current timestep 4494
planning flow reduced
plan limit 785
compute initial stop until 0
current timestep 4498
planning flow reduced
plan limit 788
compute initial stop until 0
current timestep 4502
planning flow reduced
plan limit 787
compute initial stop until 0
current timestep 4507
planning flow reduced
plan limit 792
compute initial stop until 0
current timestep 4512
planning flow reduced
plan limit 791
compute initial stop until 0
current timestep 4517
planning flow reduced
plan limit 789
compute initial stop until 0
current timestep 4520
planning flow reduced
plan limit 794
compute initial stop until 0
current timestep 4523
planning flow reduced
plan limit 785
compute initial stop until 0
current timestep 4526
planning flow reduced
plan limit 792
compute initial stop until 0
current timestep 4529
planning flow reduced
plan limit 796
compute initial stop until 0
current timestep 4532
planning flow reduced
plan limit 791
compute initial stop until 0
current timestep 4535
planning flow reduced
plan limit 796
compute initial stop until 0
current timestep 4539
planning flow reduced
plan limit 766
compute initial stop until 0
current timestep 4542
planning flow reduced
plan limit 795
compute initial stop until 0
current timestep 4546
planning flow reduced
plan limit 792
compute initial stop until 0
current timestep 4550
planning flow reduced
plan limit 756
compute initial stop until 0
current timestep 4554
planning flow reduced
plan limit 766
compute initial stop until 0
current timestep 4557
planning flow reduced
plan limit 794
compute initial stop until 0
current timestep 4560
planning flow reduced
plan limit 768
compute initial stop until 0
current timestep 4563
planning flow reduced
plan limit 797
compute initial stop until 0
current timestep 4567
planning flow reduced
plan limit 788
compute initial stop until 0
current timestep 4570
planning flow reduced
plan limit 791
compute initial stop until 0
current timestep 4573
planning flow reduced
plan limit 787
compute initial stop until 0
current timestep 4576
planning flow reduced
plan limit 794
compute initial stop until 0
current timestep 4579
planning flow reduced
plan limit 789
compute initial stop until 0
current timestep 4582
planning flow reduced
plan limit 785
compute initial stop until 0
current timestep 4585
planning flow reduced
plan limit 796
compute initial stop until 0
current timestep 4588
planning flow reduced
plan limit 786
compute initial stop until 0
current timestep 4591
planning flow reduced
plan limit 792
compute initial stop until 0
current timestep 4595
planning flow reduced
plan limit 770
compute initial stop until 0
current timestep 4598
planning flow reduced
plan limit 798
compute initial stop until 0
current timestep 4601
planning flow reduced
plan limit 788
compute initial stop until 0
current timestep 4604
planning flow reduced
plan limit 792
compute initial stop until 0
current timestep 4607
planning flow reduced
plan limit 759
compute initial stop until 0
current timestep 4612
planning flow reduced
plan limit 791
compute initial stop until 0
current timestep 4615
planning flow reduced
plan limit 785
compute initial stop until 0
current timestep 4618
planning flow reduced
plan limit 784
compute initial stop until 0
current timestep 4621
planning flow reduced
plan limit 782
compute initial stop until 0
current timestep 4624
planning flow reduced
plan limit 791
compute initial stop until 0
current timestep 4627
planning flow reduced
plan limit 797
compute initial stop until 0
current timestep 4631
planning flow reduced
plan limit 799
compute initial stop until 0
current timestep 4635
planning flow reduced
plan limit 790
compute initial stop until 0
current timestep 4638
planning flow reduced
plan limit 794
compute initial stop until 0
current timestep 4642
planning flow reduced
plan limit 763
compute initial stop until 0
current timestep 4645
planning flow reduced
plan limit 793
compute initial stop until 0
current timestep 4649
planning flow reduced
plan limit 784
compute initial stop until 0
current timestep 4653
planning flow reduced
plan limit 786
compute initial stop until 0
current timestep 4657
planning flow reduced
plan limit 787
compute initial stop until 0
current timestep 4661
planning flow reduced
plan limit 791
compute initial stop until 0
current timestep 4665
planning flow reduced
plan limit 793
compute initial stop until 0
current timestep 4669
planning flow reduced
plan limit 794
compute initial stop until 0
current timestep 4673
planning flow reduced
plan limit 767
compute initial stop until 0
current timestep 4676
planning flow reduced
plan limit 798
compute initial stop until 0
current timestep 4680
planning flow reduced
plan limit 795
compute initial stop until 0
current timestep 4683
planning flow reduced
plan limit 786
compute initial stop until 0
current timestep 4686
planning flow reduced
plan limit 770
compute initial stop until 0
current timestep 4689
planning flow reduced
plan limit 786
compute initial stop until 0
current timestep 4693
planning flow reduced
plan limit 791
compute initial stop until 0
current timestep 4697
planning flow reduced
plan limit 791
compute initial stop until 0
current timestep 4701
planning flow reduced
plan limit 758
compute initial stop until 0
current timestep 4705
planning flow reduced
plan limit 788
compute initial stop until 0
current timestep 4708
planning flow reduced
plan limit 787
compute initial stop until 0
current timestep 4711
planning flow reduced
plan limit 788
compute initial stop until 0
current timestep 4714
planning flow reduced
plan limit 768
compute initial stop until 0
current timestep 4718
planning flow reduced
plan limit 789
compute initial stop until 0
current timestep 4721
planning flow reduced
plan limit 787
compute initial stop until 0
current timestep 4725
planning flow reduced
plan limit 788
compute initial stop until 0
current timestep 4728
planning flow reduced
plan limit 790
compute initial stop until 0
current timestep 4732
planning flow reduced
plan limit 789
compute initial stop until 0
current timestep 4736
planning flow reduced
plan limit 791
compute initial stop until 0
current timestep 4740
planning flow reduced
plan limit 793
compute initial stop until 0
current timestep 4744
planning flow reduced
plan limit 766
compute initial stop until 0
current timestep 4748
planning flow reduced
plan limit 795
compute initial stop until 0
current timestep 4752
planning flow reduced
plan limit 790
compute initial stop until 0
current timestep 4755
planning flow reduced
plan limit 796
compute initial stop until 0
current timestep 4759
planning flow reduced
plan limit 775
compute initial stop until 0
current timestep 4762
planning flow reduced
plan limit 777
compute initial stop until 0
current timestep 4766
planning flow reduced
plan limit 768
compute initial stop until 0
current timestep 4770
planning flow reduced
plan limit 795
compute initial stop until 0
current timestep 4774
planning flow reduced
plan limit 797
compute initial stop until 0
current timestep 4778
planning flow reduced
plan limit 790
compute initial stop until 0
current timestep 4781
planning flow reduced
plan limit 793
compute initial stop until 0
current timestep 4785
planning flow reduced
plan limit 795
compute initial stop until 0
current timestep 4789
planning flow reduced
plan limit 789
compute initial stop until 0
current timestep 4793
planning flow reduced
plan limit 792
compute initial stop until 0
current timestep 4797
planning flow reduced
plan limit 787
compute initial stop until 0
current timestep 4801
planning flow reduced
plan limit 790
compute initial stop until 0
current timestep 4805
planning flow reduced
plan limit 783
compute initial stop until 0
current timestep 4808
planning flow reduced
plan limit 795
compute initial stop until 0
current timestep 4812
planning flow reduced
plan limit 797
compute initial stop until 0
current timestep 4816
planning flow reduced
plan limit 795
compute initial stop until 0
current timestep 4820
planning flow reduced
plan limit 794
compute initial stop until 0
current timestep 4824
planning flow reduced
plan limit 790
compute initial stop until 0
current timestep 4828
planning flow reduced
plan limit 793
compute initial stop until 0
current timestep 4832
planning flow reduced
plan limit 771
compute initial stop until 0
current timestep 4836
planning flow reduced
plan limit 796
compute initial stop until 0
current timestep 4840
planning flow reduced
plan limit 770
compute initial stop until 0
current timestep 4844
planning flow reduced
plan limit 776
compute initial stop until 0
current timestep 4848
planning flow reduced
plan limit 792
compute initial stop until 0
current timestep 4852
planning flow reduced
plan limit 763
compute initial stop until 0
current timestep 4856
planning flow reduced
plan limit 776
compute initial stop until 0
current timestep 4859
planning flow reduced
plan limit 771
compute initial stop until 0
current timestep 4863
planning flow reduced
plan limit 795
compute initial stop until 0
current timestep 4867
planning flow reduced
plan limit 798
compute initial stop until 0
current timestep 4871
planning flow reduced
plan limit 797
compute initial stop until 0
current timestep 4874
planning flow reduced
plan limit 804
compute initial stop until 0
current timestep 4878
planning flow reduced
plan limit 775
compute initial stop until 0
current timestep 4881
planning flow reduced
plan limit 793
compute initial stop until 0
current timestep 4885
planning flow reduced
plan limit 800
compute initial stop until 0
current timestep 4889
planning flow reduced
plan limit 797
compute initial stop until 0
current timestep 4893
planning flow reduced
plan limit 792
compute initial stop until 0
current timestep 4897
planning flow reduced
plan limit 786
compute initial stop until 0
current timestep 4901
planning flow reduced
plan limit 791
compute initial stop until 0
current timestep 4905
planning flow reduced
plan limit 792
compute initial stop until 0
current timestep 4909
planning flow reduced
plan limit 797
compute initial stop until 0
current timestep 4912
planning flow reduced
plan limit 798
compute initial stop until 0
current timestep 4916
planning flow reduced
plan limit 804
compute initial stop until 0
current timestep 4920
planning flow reduced
plan limit 780
compute initial stop until 0
current timestep 4924
planning flow reduced
plan limit 791
compute initial stop until 0
current timestep 4928
planning flow reduced
plan limit 792
compute initial stop until 0
current timestep 4932
planning flow reduced
plan limit 794
compute initial stop until 0
current timestep 4936
planning flow reduced
plan limit 798
compute initial stop until 0
current timestep 4940
planning flow reduced
plan limit 795
compute initial stop until 0
current timestep 4944
planning flow reduced
plan limit 799
compute initial stop until 0
current timestep 4949
planning flow reduced
plan limit 770
compute initial stop until 0
current timestep 4953
planning flow reduced
plan limit 772
compute initial stop until 0
current timestep 4957
planning flow reduced
plan limit 793
compute initial stop until 0
current timestep 4962
planning flow reduced
plan limit 793
compute initial stop until 0
current timestep 4966
planning flow reduced
plan limit 795
compute initial stop until 0
current timestep 4970
planning flow reduced
plan limit 796
compute initial stop until 0
current timestep 4974
planning flow reduced
plan limit 786
compute initial stop until 0
current timestep 4977
planning flow reduced
plan limit 798
compute initial stop until 0
current timestep 4981
planning flow reduced
plan limit 774
compute initial stop until 0
current timestep 4984
planning flow reduced
plan limit 797
compute initial stop until 0
current timestep 4988
planning flow reduced
plan limit 774
compute initial stop until 0
current timestep 4991
planning flow reduced
plan limit 800
compute initial stop until 0
current timestep 4996
planning flow reduced
plan limit 795
compute initial stop until 0
current timestep 5000
planning flow reduced
plan limit 798
compute initial stop until 0
current timestep 5004
planning flow reduced
plan limit 791
compute initial stop until 0
current timestep 5008
planning flow reduced
plan limit 773
compute initial stop until 0
current timestep 5012
planning flow reduced
plan limit 787
compute initial stop until 0
current timestep 5016
planning flow reduced
plan limit 794
compute initial stop until 0
current timestep 5020
planning flow reduced
plan limit 799
compute initial stop until 0
current timestep 5025
planning flow reduced
plan limit 788
compute initial stop until 0
current timestep 5029
planning flow reduced
plan limit 795
compute initial stop until 0
current timestep 5034
planning flow reduced
plan limit 779
compute initial stop until 0
current timestep 5039
planning flow reduced
plan limit 796
compute initial stop until 0
current timestep 5044
planning flow reduced
plan limit 776
compute initial stop until 0
current timestep 5049
planning flow reduced
plan limit 773
compute initial stop until 0
current timestep 5054
planning flow reduced
plan limit 798
compute initial stop until 0
current timestep 5059
planning flow reduced
plan limit 795
compute initial stop until 0
current timestep 5064
planning flow reduced
plan limit 794
compute initial stop until 0
current timestep 5069
planning flow reduced
plan limit 793
compute initial stop until 0
current timestep 5074
planning flow reduced
plan limit 785
compute initial stop until 0
current timestep 5079
planning flow reduced
plan limit 774
compute initial stop until 0
current timestep 5083
planning flow reduced
plan limit 793
compute initial stop until 0
current timestep 5088
planning flow reduced
plan limit 796
compute initial stop until 0
current timestep 5093
planning flow reduced
plan limit 792
compute initial stop until 0
current timestep 5098
planning flow reduced
plan limit 796
compute initial stop until 0
current timestep 5103
planning flow reduced
plan limit 767
compute initial stop until 0
current timestep 5106
planning flow reduced
plan limit 799
compute initial stop until 0
current timestep 5111
planning flow reduced
plan limit 776
compute initial stop until 0
current timestep 5114
planning flow reduced
plan limit 799
compute initial stop until 0
current timestep 5118
planning flow reduced
plan limit 795
compute initial stop until 0
current timestep 5122
planning flow reduced
plan limit 791
compute initial stop until 0
current timestep 5126
planning flow reduced
plan limit 773
compute initial stop until 0
current timestep 5130
planning flow reduced
plan limit 770
compute initial stop until 0
current timestep 5133
planning flow reduced
plan limit 797
compute initial stop until 0
current timestep 5137
planning flow reduced
plan limit 770
compute initial stop until 0
current timestep 5140
planning flow reduced
plan limit 790
compute initial stop until 0
current timestep 5143
planning flow reduced
plan limit 798
compute initial stop until 0
current timestep 5147
planning flow reduced
plan limit 775
compute initial stop until 0
current timestep 5150
planning flow reduced
plan limit 796
compute initial stop until 0
current timestep 5154
planning flow reduced
plan limit 793
compute initial stop until 0
current timestep 5158
planning flow reduced
plan limit 799
compute initial stop until 0
current timestep 5162
planning flow reduced
plan limit 797
compute initial stop until 0
current timestep 5166
planning flow reduced
plan limit 798
compute initial stop until 0
current timestep 5170
planning flow reduced
plan limit 793
compute initial stop until 0
current timestep 5174
planning flow reduced
plan limit 786
compute initial stop until 0
current timestep 5178
planning flow reduced
plan limit 795
compute initial stop until 0
current timestep 5182
planning flow reduced
plan limit 798
compute initial stop until 0
current timestep 5186
planning flow reduced
plan limit 797
compute initial stop until 0
current timestep 5190
planning flow reduced
plan limit 799
compute initial stop until 0
current timestep 5194
planning flow reduced
plan limit 772
compute initial stop until 0
current timestep 5197
planning flow reduced
plan limit 798
compute initial stop until 0
current timestep 5201
planning flow reduced
plan limit 794
compute initial stop until 0
current timestep 5205
planning flow reduced
plan limit 797
compute initial stop until 0
current timestep 5209
planning flow reduced
plan limit 796
compute initial stop until 0
current timestep 5213
planning flow reduced
plan limit 798
compute initial stop until 0
current timestep 5217
planning flow reduced
plan limit 776
compute initial stop until 0
current timestep 5221
planning flow reduced
plan limit 797
compute initial stop until 0
current timestep 5225
planning flow reduced
plan limit 798
compute initial stop until 0
current timestep 5229
planning flow reduced
plan limit 798
compute initial stop until 0
current timestep 5233
planning flow reduced
plan limit 797
compute initial stop until 0
current timestep 5237
planning flow reduced
plan limit 800
compute initial stop until 0
current timestep 5241
planning flow reduced
plan limit 799
compute initial stop until 0
current timestep 5245
planning flow reduced
plan limit 800
compute initial stop until 0
current timestep 5249
planning flow reduced
plan limit 800
compute initial stop until 0
current timestep 5253
planning flow reduced
plan limit 788
compute initial stop until 0
current timestep 5256
planning flow reduced
plan limit 802
compute initial stop until 0
current timestep 5260
planning flow reduced
plan limit 795
compute initial stop until 0
current timestep 5264
planning flow reduced
plan limit 801
compute initial stop until 0
current timestep 5268
planning flow reduced
plan limit 795
compute initial stop until 0
current timestep 5272
planning flow reduced
plan limit 801
compute initial stop until 0
current timestep 5276
planning flow reduced
plan limit 772
compute initial stop until 0
current timestep 5279
planning flow reduced
plan limit 800
compute initial stop until 0
current timestep 5283
planning flow reduced
plan limit 797
compute initial stop until 0
current timestep 5287
planning flow reduced
plan limit 797
compute initial stop until 0
current timestep 5291
planning flow reduced
plan limit 783
compute initial stop until 0
current timestep 5295
planning flow reduced
plan limit 796
compute initial stop until 0
current timestep 5299
planning flow reduced
plan limit 787
compute initial stop until 0
current timestep 5302
planning flow reduced
plan limit 793
compute initial stop until 0
current timestep 5305
planning flow reduced
plan limit 785
compute initial stop until 0
current timestep 5309
planning flow reduced
plan limit 798
compute initial stop until 0
current timestep 5313
planning flow reduced
plan limit 786
compute initial stop until 0
current timestep 5316
planning flow reduced
plan limit 793
compute initial stop until 0
current timestep 5320
planning flow reduced
plan limit 757
compute initial stop until 0
current timestep 5323
planning flow reduced
plan limit 794
compute initial stop until 0
current timestep 5327
planning flow reduced
plan limit 797
compute initial stop until 0
current timestep 5331
planning flow reduced
plan limit 789
compute initial stop until 0
current timestep 5334
planning flow reduced
plan limit 796
compute initial stop until 0
current timestep 5338
planning flow reduced
plan limit 793
compute initial stop until 0
current timestep 5342
planning flow reduced
plan limit 795
compute initial stop until 0
current timestep 5346
planning flow reduced
plan limit 788
compute initial stop until 0
current timestep 5349
planning flow reduced
plan limit 791
compute initial stop until 0
current timestep 5352
planning flow reduced
plan limit 787
compute initial stop until 0
current timestep 5355
planning flow reduced
plan limit 791
compute initial stop until 0
current timestep 5358
planning flow reduced
plan limit 779
compute initial stop until 0
current timestep 5361
planning flow reduced
plan limit 794
compute initial stop until 0
current timestep 5364
planning flow reduced
plan limit 766
compute initial stop until 0
current timestep 5367
planning flow reduced
plan limit 796
compute initial stop until 0
current timestep 5371
planning flow reduced
plan limit 790
compute initial stop until 0
current timestep 5375
planning flow reduced
plan limit 795
compute initial stop until 0
current timestep 5378
planning flow reduced
plan limit 793
compute initial stop until 0
current timestep 5382
planning flow reduced
plan limit 796
compute initial stop until 0
current timestep 5386
planning flow reduced
plan limit 798
compute initial stop until 0
current timestep 5390
planning flow reduced
plan limit 790
compute initial stop until 0
current timestep 5393
planning flow reduced
plan limit 789
compute initial stop until 0
current timestep 5397
planning flow reduced
plan limit 792
compute initial stop until 0
current timestep 5400
planning flow reduced
plan limit 791
compute initial stop until 0
current timestep 5404
planning flow reduced
plan limit 795
compute initial stop until 0
current timestep 5407
planning flow reduced
plan limit 798
compute initial stop until 0
current timestep 5411
planning flow reduced
plan limit 792
compute initial stop until 0
current timestep 5414
planning flow reduced
plan limit 797
compute initial stop until 0
current timestep 5418
planning flow reduced
plan limit 792
compute initial stop until 0
current timestep 5422
planning flow reduced
plan limit 774
compute initial stop until 0
current timestep 5425
planning flow reduced
plan limit 792
compute initial stop until 0
current timestep 5428
planning flow reduced
plan limit 797
compute initial stop until 0
current timestep 5432
planning flow reduced
plan limit 797
compute initial stop until 0
current timestep 5436
planning flow reduced
plan limit 771
compute initial stop until 0
current timestep 5439
planning flow reduced
plan limit 798
compute initial stop until 0
current timestep 5443
planning flow reduced
plan limit 794
compute initial stop until 0
current timestep 5447
planning flow reduced
plan limit 798
compute initial stop until 0
current timestep 5451
planning flow reduced
plan limit 790
compute initial stop until 0
current timestep 5455
planning flow reduced
plan limit 795
compute initial stop until 0
current timestep 5459
planning flow reduced
plan limit 795
compute initial stop until 0
current timestep 5463
planning flow reduced
plan limit 793
compute initial stop until 0
current timestep 5467
planning flow reduced
plan limit 799
compute initial stop until 0
current timestep 5471
planning flow reduced
plan limit 771
compute initial stop until 0
current timestep 5474
planning flow reduced
plan limit 796
compute initial stop until 0
current timestep 5478
planning flow reduced
plan limit 798
compute initial stop until 0
current timestep 5483
planning flow reduced
plan limit 790
compute initial stop until 0
current timestep 5486
planning flow reduced
plan limit 794
compute initial stop until 0
current timestep 5490
planning flow reduced
plan limit 798
compute initial stop until 0
current timestep 5494
planning flow reduced
plan limit 792
compute initial stop until 0
current timestep 5498
planning flow reduced
plan limit 796
compute initial stop until 0
current timestep 5502
planning flow reduced
plan limit 788
compute initial stop until 0
current timestep 5505
planning flow reduced
plan limit 797
compute initial stop until 0
current timestep 5509
planning flow reduced
plan limit 791
compute initial stop until 0
current timestep 5513
planning flow reduced
plan limit 798
compute initial stop until 0
current timestep 5518
planning flow reduced
plan limit 785
compute initial stop until 0
current timestep 5521
planning flow reduced
plan limit 795
compute initial stop until 0
current timestep 5525
planning flow reduced
plan limit 788
compute initial stop until 0
current timestep 5529
planning flow reduced
plan limit 795
compute initial stop until 0
current timestep 5533
planning flow reduced
plan limit 792
compute initial stop until 0
current timestep 5537
planning flow reduced
plan limit 759
compute initial stop until 0
current timestep 5540
planning flow reduced
plan limit 797
compute initial stop until 0
current timestep 5544
planning flow reduced
plan limit 797
compute initial stop until 0
current timestep 5548
planning flow reduced
plan limit 790
compute initial stop until 0
current timestep 5552
planning flow reduced
plan limit 794
compute initial stop until 0
current timestep 5556
planning flow reduced
plan limit 795
compute initial stop until 0
current timestep 5560
planning flow reduced
plan limit 799
compute initial stop until 0
current timestep 5564
planning flow reduced
plan limit 794
compute initial stop until 0
current timestep 5568
planning flow reduced
plan limit 790
compute initial stop until 0
current timestep 5572
planning flow reduced
plan limit 796
compute initial stop until 0
current timestep 5576
planning flow reduced
plan limit 795
compute initial stop until 0
current timestep 5580
planning flow reduced
plan limit 770
compute initial stop until 0
current timestep 5583
planning flow reduced
plan limit 795
compute initial stop until 0
current timestep 5587
planning flow reduced
plan limit 775
compute initial stop until 0
current timestep 5590
planning flow reduced
plan limit 794
compute initial stop until 0
current timestep 5594
planning flow reduced
plan limit 792
compute initial stop until 0
current timestep 5598
planning flow reduced
plan limit 793
compute initial stop until 0
current timestep 5602
planning flow reduced
plan limit 796
compute initial stop until 0
current timestep 5606
planning flow reduced
plan limit 767
compute initial stop until 0
current timestep 5609
planning flow reduced
plan limit 776
compute initial stop until 0
current timestep 5612
planning flow reduced
plan limit 772
compute initial stop until 0
current timestep 5615
planning flow reduced
plan limit 798
compute initial stop until 0
current timestep 5620
planning flow reduced
plan limit 795
compute initial stop until 0
current timestep 5625
planning flow reduced
plan limit 799
compute initial stop until 0
current timestep 5629
planning flow reduced
plan limit 795
compute initial stop until 0
current timestep 5634
planning flow reduced
plan limit 794
compute initial stop until 0
current timestep 5638
planning flow reduced
plan limit 802
compute initial stop until 0
current timestep 5643
planning flow reduced
plan limit 795
compute initial stop until 0
current timestep 5647
planning flow reduced
plan limit 798
compute initial stop until 0
current timestep 5652
planning flow reduced
plan limit 800
compute initial stop until 0
current timestep 5656
planning flow reduced
plan limit 799
compute initial stop until 0
current timestep 5661
planning flow reduced
plan limit 799
compute initial stop until 0
current timestep 5666
planning flow reduced
plan limit 796
compute initial stop until 0
current timestep 5671
planning flow reduced
plan limit 781
compute initial stop until 0
current timestep 5675
planning flow reduced
plan limit 776
compute initial stop until 0
current timestep 5679
planning flow reduced
plan limit 773
compute initial stop until 0
current timestep 5683
planning flow reduced
plan limit 767
compute initial stop until 0
current timestep 5687
planning flow reduced
plan limit 801
compute initial stop until 0
current timestep 5692
planning flow reduced
plan limit 793
compute initial stop until 0
current timestep 5696
planning flow reduced
plan limit 798
compute initial stop until 0
current timestep 5701
planning flow reduced
plan limit 787
compute initial stop until 0
current timestep 5705
planning flow reduced
plan limit 791
compute initial stop until 0
current timestep 5709
planning flow reduced
plan limit 781
compute initial stop until 0
current timestep 5713
planning flow reduced
plan limit 798
compute initial stop until 0
current timestep 5717
planning flow reduced
plan limit 774
compute initial stop until 0
current timestep 5721
planning flow reduced
plan limit 799
compute initial stop until 0
current timestep 5726
planning flow reduced
plan limit 793
compute initial stop until 0
current timestep 5731
planning flow reduced
plan limit 797
compute initial stop until 0
current timestep 5736
planning flow reduced
plan limit 775
compute initial stop until 0
current timestep 5740
planning flow reduced
plan limit 796
compute initial stop until 0
current timestep 5744
planning flow reduced
plan limit 786
compute initial stop until 0
current timestep 5748
planning flow reduced
plan limit 779
compute initial stop until 0
current timestep 5752
planning flow reduced
plan limit 790
compute initial stop until 0
current timestep 5756
planning flow reduced
plan limit 776
compute initial stop until 0
current timestep 5760
planning flow reduced
plan limit 769
compute initial stop until 0
current timestep 5764
planning flow reduced
plan limit 751
compute initial stop until 0
current timestep 5768
planning flow reduced
plan limit 766
compute initial stop until 0
current timestep 5772
planning flow reduced
plan limit 751
compute initial stop until 0
current timestep 5776
planning flow reduced
plan limit 776
compute initial stop until 0
current timestep 5779
planning flow reduced
plan limit 780
compute initial stop until 0
current timestep 5783
planning flow reduced
plan limit 746
compute initial stop until 0
current timestep 5787
planning flow reduced
plan limit 767
compute initial stop until 0
current timestep 5790
planning flow reduced
plan limit 789
compute initial stop until 0
current timestep 5794
planning flow reduced
plan limit 790
compute initial stop until 0
current timestep 5798
planning flow reduced
plan limit 786
compute initial stop until 0
current timestep 5802
planning flow reduced
plan limit 792
compute initial stop until 0
current timestep 5807
planning flow reduced
plan limit 793
compute initial stop until 0
current timestep 5812
planning flow reduced
plan limit 789
compute initial stop until 0
current timestep 5816
planning flow reduced
plan limit 768
compute initial stop until 0
current timestep 5820
planning flow reduced
plan limit 793
compute initial stop until 0
current timestep 5825
planning flow reduced
plan limit 791
compute initial stop until 0
current timestep 5829
planning flow reduced
plan limit 786
compute initial stop until 0
current timestep 5833
planning flow reduced
plan limit 768
compute initial stop until 0
current timestep 5837
planning flow reduced
plan limit 793
compute initial stop until 0
current timestep 5842
planning flow reduced
plan limit 782
compute initial stop until 0
current timestep 5846
planning flow reduced
plan limit 750
compute initial stop until 0
current timestep 5850
planning flow reduced
plan limit 760
compute initial stop until 0
current timestep 5854
planning flow reduced
plan limit 757
compute initial stop until 0
current timestep 5857
planning flow reduced
plan limit 782
compute initial stop until 0
current timestep 5861
planning flow reduced
plan limit 752
compute initial stop until 0
current timestep 5864
planning flow reduced
plan limit 796
compute initial stop until 0
current timestep 5869
planning flow reduced
plan limit 772
compute initial stop until 0
current timestep 5872
planning flow reduced
plan limit 775
compute initial stop until 0
current timestep 5876
planning flow reduced
plan limit 774
compute initial stop until 0
current timestep 5880
planning flow reduced
plan limit 775
compute initial stop until 0
current timestep 5884
planning flow reduced
plan limit 787
compute initial stop until 0
current timestep 5888
planning flow reduced
plan limit 781
compute initial stop until 0
current timestep 5892
planning flow reduced
plan limit 795
compute initial stop until 0
current timestep 5897
planning flow reduced
plan limit 776
compute initial stop until 0
current timestep 5901
planning flow reduced
plan limit 797
compute initial stop until 0
current timestep 5905
planning flow reduced
plan limit 776
compute initial stop until 0
current timestep 5909
planning flow reduced
plan limit 799
compute initial stop until 0
current timestep 5914
planning flow reduced
plan limit 800
compute initial stop until 0
current timestep 5919
planning flow reduced
plan limit 780
compute initial stop until 0
current timestep 5922
planning flow reduced
plan limit 780
compute initial stop until 0
current timestep 5925
planning flow reduced
plan limit 783
compute initial stop until 0
current timestep 5929
planning flow reduced
plan limit 776
compute initial stop until 0
current timestep 5933
planning flow reduced
plan limit 799
compute initial stop until 0
current timestep 5938
planning flow reduced
plan limit 801
compute initial stop until 0
current timestep 5943
planning flow reduced
plan limit 798
compute initial stop until 0
current timestep 5948
planning flow reduced
plan limit 783
compute initial stop until 0
current timestep 5953
planning flow reduced
plan limit 768
compute initial stop until 0
current timestep 5956
planning flow reduced
plan limit 745
compute initial stop until 0
current timestep 5960
planning flow reduced
plan limit 791
compute initial stop until 0
current timestep 5964
planning flow reduced
plan limit 780
compute initial stop until 0
current timestep 5968
planning flow reduced
plan limit 772
compute initial stop until 0
current timestep 5972
planning flow reduced
plan limit 784
compute initial stop until 0
current timestep 5976
planning flow reduced
plan limit 777
compute initial stop until 0
current timestep 5980
planning flow reduced
plan limit 797
compute initial stop until 0
current timestep 5985
planning flow reduced
plan limit 793
compute initial stop until 0
current timestep 5990
planning flow reduced
plan limit 780
compute initial stop until 0
current timestep 5994
planning flow reduced
plan limit 781
compute initial stop until 0
current timestep 5998
planning flow reduced
plan limit 795
compute initial stop until 0
current timestep 6003
planning flow reduced
plan limit 778
compute initial stop until 0
current timestep 6007
planning flow reduced
plan limit 793
compute initial stop until 0
current timestep 6012
planning flow reduced
plan limit 793
compute initial stop until 0
current timestep 6017
planning flow reduced
plan limit 781
compute initial stop until 0
current timestep 6021
planning flow reduced
plan limit 782
compute initial stop until 0
current timestep 6025
planning flow reduced
plan limit 794
compute initial stop until 0
current timestep 6030
planning flow reduced
plan limit 791
compute initial stop until 0
current timestep 6034
planning flow reduced
plan limit 781
compute initial stop until 0
current timestep 6038
planning flow reduced
plan limit 782
compute initial stop until 0
current timestep 6042
planning flow reduced
plan limit 774
compute initial stop until 0
current timestep 6046
planning flow reduced
plan limit 780
compute initial stop until 0
current timestep 6050
planning flow reduced
plan limit 774
compute initial stop until 0
current timestep 6054
planning flow reduced
plan limit 778
compute initial stop until 0
current timestep 6058
planning flow reduced
plan limit 790
compute initial stop until 0
current timestep 6063
planning flow reduced
plan limit 782
compute initial stop until 0
current timestep 6067
planning flow reduced
plan limit 775
compute initial stop until 0
current timestep 6071
planning flow reduced
plan limit 781
compute initial stop until 0
current timestep 6075
planning flow reduced
plan limit 779
compute initial stop until 0
current timestep 6079
planning flow reduced
plan limit 777
compute initial stop until 0
current timestep 6083
planning flow reduced
plan limit 778
compute initial stop until 0
current timestep 6087
planning flow reduced
plan limit 782
compute initial stop until 0
current timestep 6091
planning flow reduced
plan limit 782
compute initial stop until 0
current timestep 6095
planning flow reduced
plan limit 781
compute initial stop until 0
current timestep 6099
planning flow reduced
plan limit 759
compute initial stop until 0
current timestep 6103
planning flow reduced
plan limit 779
compute initial stop until 0
current timestep 6107
planning flow reduced
plan limit 782
compute initial stop until 0
current timestep 6111
planning flow reduced
plan limit 798
compute initial stop until 0
current timestep 6116
planning flow reduced
plan limit 791
compute initial stop until 0
current timestep 6121
planning flow reduced
plan limit 801
compute initial stop until 0
current timestep 6126
planning flow reduced
plan limit 787
compute initial stop until 0
current timestep 6130
planning flow reduced
plan limit 796
compute initial stop until 0
current timestep 6135
planning flow reduced
plan limit 794
compute initial stop until 0
current timestep 6140
planning flow reduced
plan limit 797
compute initial stop until 0
current timestep 6145
planning flow reduced
plan limit 795
compute initial stop until 0
current timestep 6150
planning flow reduced
plan limit 797
compute initial stop until 0
current timestep 6155
planning flow reduced
plan limit 793
compute initial stop until 0
current timestep 6160
planning flow reduced
plan limit 795
compute initial stop until 0
current timestep 6165
planning flow reduced
plan limit 797
compute initial stop until 0
current timestep 6170
planning flow reduced
plan limit 795
compute initial stop until 0
current timestep 6175
planning flow reduced
plan limit 799
compute initial stop until 0
current timestep 6180
planning flow reduced
plan limit 791
compute initial stop until 0
current timestep 6185
planning flow reduced
plan limit 796
compute initial stop until 0
current timestep 6190
planning flow reduced
plan limit 770
compute initial stop until 0
current timestep 6194
planning flow reduced
plan limit 796
compute initial stop until 0
current timestep 6199
planning flow reduced
plan limit 761
compute initial stop until 0
current timestep 6203
planning flow reduced
plan limit 794
compute initial stop until 0
current timestep 6209
planning flow reduced
plan limit 794
compute initial stop until 0
current timestep 6213
planning flow reduced
plan limit 788
compute initial stop until 0
current timestep 6217
planning flow reduced
plan limit 795
compute initial stop until 0
current timestep 6222
planning flow reduced
plan limit 797
compute initial stop until 0
current timestep 6227
planning flow reduced
plan limit 795
compute initial stop until 0
current timestep 6232
planning flow reduced
plan limit 793
compute initial stop until 0
current timestep 6237
planning flow reduced
plan limit 773
compute initial stop until 0
current timestep 6241
planning flow reduced
plan limit 798
compute initial stop until 0
current timestep 6246
planning flow reduced
plan limit 795
compute initial stop until 0
current timestep 6251
planning flow reduced
plan limit 775
compute initial stop until 0
current timestep 6256
planning flow reduced
plan limit 795
compute initial stop until 0
current timestep 6261
planning flow reduced
plan limit 796
compute initial stop until 0
current timestep 6266
planning flow reduced
plan limit 797
compute initial stop until 0
current timestep 6271
planning flow reduced
plan limit 769
compute initial stop until 0
current timestep 6275
planning flow reduced
plan limit 790
compute initial stop until 0
current timestep 6280
planning flow reduced
plan limit 786
compute initial stop until 0
current timestep 6285
planning flow reduced
plan limit 786
compute initial stop until 0
current timestep 6290
planning flow reduced
plan limit 782
compute initial stop until 0
current timestep 6295
planning flow reduced
plan limit 792
compute initial stop until 0
current timestep 6300
planning flow reduced
plan limit 789
compute initial stop until 0
current timestep 6305
planning flow reduced
plan limit 789
compute initial stop until 0
current timestep 6310
planning flow reduced
plan limit 783
compute initial stop until 0
current timestep 6315
planning flow reduced
plan limit 786
compute initial stop until 0
current timestep 6320
planning flow reduced
plan limit 792
compute initial stop until 0
current timestep 6325
planning flow reduced
plan limit 793
compute initial stop until 0
current timestep 6330
planning flow reduced
plan limit 796
compute initial stop until 0
current timestep 6335
planning flow reduced
plan limit 792
compute initial stop until 0
current timestep 6340
planning flow reduced
plan limit 791
compute initial stop until 0
current timestep 6345
planning flow reduced
plan limit 790
compute initial stop until 0
current timestep 6350
planning flow reduced
plan limit 794
compute initial stop until 0
current timestep 6355
planning flow reduced
plan limit 792
compute initial stop until 0
current timestep 6360
planning flow reduced
plan limit 795
compute initial stop until 0
current timestep 6365
planning flow reduced
plan limit 793
compute initial stop until 0
current timestep 6370
planning flow reduced
plan limit 793
compute initial stop until 0
current timestep 6375
planning flow reduced
plan limit 790
compute initial stop until 0
current timestep 6380
planning flow reduced
plan limit 792
compute initial stop until 0
current timestep 6385
planning flow reduced
plan limit 793
compute initial stop until 0
current timestep 6390
planning flow reduced
plan limit 792
compute initial stop until 0
current timestep 6395
planning flow reduced
plan limit 794
compute initial stop until 0
current timestep 6400
planning flow reduced
plan limit 760
compute initial stop until 0
current timestep 6404
planning flow reduced
plan limit 788
compute initial stop until 0
current timestep 6409
planning flow reduced
plan limit 795
compute initial stop until 0
current timestep 6414
planning flow reduced
plan limit 794
compute initial stop until 0
current timestep 6419
planning flow reduced
plan limit 765
compute initial stop until 0
current timestep 6423
planning flow reduced
plan limit 774
compute initial stop until 0
current timestep 6427
planning flow reduced
plan limit 791
compute initial stop until 0
current timestep 6431
planning flow reduced
plan limit 795
compute initial stop until 0
current timestep 6436
planning flow reduced
plan limit 766
compute initial stop until 0
current timestep 6440
planning flow reduced
plan limit 793
compute initial stop until 0
current timestep 6445
planning flow reduced
plan limit 788
compute initial stop until 0
current timestep 6449
planning flow reduced
plan limit 795
compute initial stop until 0
current timestep 6454
planning flow reduced
plan limit 793
compute initial stop until 0
current timestep 6458
planning flow reduced
plan limit 789
compute initial stop until 0
current timestep 6463
planning flow reduced
plan limit 788
compute initial stop until 0
current timestep 6468
planning flow reduced
plan limit 787
compute initial stop until 0
current timestep 6472
planning flow reduced
plan limit 792
compute initial stop until 0
current timestep 6477
planning flow reduced
plan limit 791
compute initial stop until 0
current timestep 6482
planning flow reduced
plan limit 788
compute initial stop until 0
current timestep 6487
planning flow reduced
plan limit 795
compute initial stop until 0
current timestep 6492
planning flow reduced
plan limit 791
compute initial stop until 0
current timestep 6497
planning flow reduced
plan limit 764
compute initial stop until 0
current timestep 6501
planning flow reduced
plan limit 791
compute initial stop until 0
current timestep 6506
planning flow reduced
plan limit 792
compute initial stop until 0
current timestep 6511
planning flow reduced
plan limit 792
compute initial stop until 0
current timestep 6516
planning flow reduced
plan limit 792
compute initial stop until 0
current timestep 6521
planning flow reduced
plan limit 791
compute initial stop until 0
current timestep 6526
planning flow reduced
plan limit 794
compute initial stop until 0
current timestep 6530
planning flow reduced
plan limit 790
compute initial stop until 0
current timestep 6535
planning flow reduced
plan limit 791
compute initial stop until 0
current timestep 6540
planning flow reduced
plan limit 793
compute initial stop until 0
current timestep 6545
planning flow reduced
plan limit 790
compute initial stop until 0
current timestep 6550
planning flow reduced
plan limit 791
compute initial stop until 0
current timestep 6555
planning flow reduced
plan limit 789
compute initial stop until 0
current timestep 6559
planning flow reduced
plan limit 792
compute initial stop until 0
current timestep 6564
planning flow reduced
plan limit 779
compute initial stop until 0
current timestep 6569
planning flow reduced
plan limit 792
compute initial stop until 0
current timestep 6574
planning flow reduced
plan limit 788
compute initial stop until 0
current timestep 6578
planning flow reduced
plan limit 797
compute initial stop until 0
current timestep 6583
planning flow reduced
plan limit 790
compute initial stop until 0
current timestep 6588
planning flow reduced
plan limit 796
compute initial stop until 0
current timestep 6593
planning flow reduced
plan limit 764
compute initial stop until 0
current timestep 6597
planning flow reduced
plan limit 795
compute initial stop until 0
current timestep 6602
planning flow reduced
plan limit 792
compute initial stop until 0
current timestep 6607
planning flow reduced
plan limit 761
compute initial stop until 0
current timestep 6611
planning flow reduced
plan limit 792
compute initial stop until 0
current timestep 6616
planning flow reduced
plan limit 790
compute initial stop until 0
current timestep 6621
planning flow reduced
plan limit 791
compute initial stop until 0
current timestep 6626
planning flow reduced
plan limit 778
compute initial stop until 0
current timestep 6630
planning flow reduced
plan limit 769
compute initial stop until 0
current timestep 6634
planning flow reduced
plan limit 793
compute initial stop until 0
current timestep 6639
planning flow reduced
plan limit 784
compute initial stop until 0
current timestep 6644
planning flow reduced
plan limit 798
compute initial stop until 0
current timestep 6649
planning flow reduced
plan limit 795
compute initial stop until 0
current timestep 6654
planning flow reduced
plan limit 794
compute initial stop until 0
current timestep 6659
planning flow reduced
plan limit 795
compute initial stop until 0
current timestep 6664
planning flow reduced
plan limit 788
compute initial stop until 0
current timestep 6669
planning flow reduced
plan limit 796
compute initial stop until 0
current timestep 6674
planning flow reduced
plan limit 797
compute initial stop until 0
current timestep 6679
planning flow reduced
plan limit 793
compute initial stop until 0
current timestep 6684
planning flow reduced
plan limit 801
compute initial stop until 0
current timestep 6689
planning flow reduced
plan limit 794
compute initial stop until 0
current timestep 6694
planning flow reduced
plan limit 788
compute initial stop until 0
current timestep 6699
planning flow reduced
plan limit 799
compute initial stop until 0
current timestep 6704
planning flow reduced
plan limit 790
compute initial stop until 0
current timestep 6709
planning flow reduced
plan limit 797
compute initial stop until 0
current timestep 6714
planning flow reduced
plan limit 798
compute initial stop until 0
current timestep 6719
planning flow reduced
plan limit 775
compute initial stop until 0
current timestep 6724
planning flow reduced
plan limit 793
compute initial stop until 0
current timestep 6729
planning flow reduced
plan limit 801
compute initial stop until 0
current timestep 6734
planning flow reduced
plan limit 797
compute initial stop until 0
current timestep 6739
planning flow reduced
plan limit 796
compute initial stop until 0
current timestep 6744
planning flow reduced
plan limit 793
compute initial stop until 0
current timestep 6749
planning flow reduced
plan limit 796
compute initial stop until 0
current timestep 6754
planning flow reduced
plan limit 795
compute initial stop until 0
current timestep 6759
planning flow reduced
plan limit 797
compute initial stop until 0
current timestep 6764
planning flow reduced
plan limit 793
compute initial stop until 0
current timestep 6769
planning flow reduced
plan limit 797
compute initial stop until 0
current timestep 6774
planning flow reduced
plan limit 791
compute initial stop until 0
current timestep 6779
planning flow reduced
plan limit 797
compute initial stop until 0
current timestep 6784
planning flow reduced
plan limit 794
compute initial stop until 0
current timestep 6789
planning flow reduced
plan limit 796
compute initial stop until 0
current timestep 6794
planning flow reduced
plan limit 795
compute initial stop until 0
current timestep 6799
planning flow reduced
plan limit 792
compute initial stop until 0
current timestep 6804
planning flow reduced
plan limit 794
compute initial stop until 0
current timestep 6809
planning flow reduced
plan limit 800
compute initial stop until 0
current timestep 6814
planning flow reduced
plan limit 794
compute initial stop until 0
current timestep 6819
planning flow reduced
plan limit 798
compute initial stop until 0
current timestep 6824
planning flow reduced
plan limit 794
compute initial stop until 0
current timestep 6829
planning flow reduced
plan limit 798
compute initial stop until 0
current timestep 6834
planning flow reduced
plan limit 793
compute initial stop until 0
current timestep 6839
planning flow reduced
plan limit 800
compute initial stop until 0
current timestep 6844
planning flow reduced
plan limit 793
compute initial stop until 0
current timestep 6849
planning flow reduced
plan limit 797
compute initial stop until 0
current timestep 6854
planning flow reduced
plan limit 793
compute initial stop until 0
current timestep 6859
planning flow reduced
plan limit 796
compute initial stop until 0
current timestep 6864
planning flow reduced
plan limit 792
compute initial stop until 0
current timestep 6869
planning flow reduced
plan limit 799
compute initial stop until 0
current timestep 6874
planning flow reduced
plan limit 795
compute initial stop until 0
current timestep 6879
planning flow reduced
plan limit 797
compute initial stop until 0
current timestep 6884
planning flow reduced
plan limit 793
compute initial stop until 0
current timestep 6889
planning flow reduced
plan limit 798
compute initial stop until 0
current timestep 6894
planning flow reduced
plan limit 794
compute initial stop until 0
current timestep 6899
planning flow reduced
plan limit 795
compute initial stop until 0
current timestep 6904
planning flow reduced
plan limit 794
compute initial stop until 0
current timestep 6909
planning flow reduced
plan limit 798
compute initial stop until 0
current timestep 6914
planning flow reduced
plan limit 795
compute initial stop until 0
current timestep 6919
planning flow reduced
plan limit 800
compute initial stop until 0
current timestep 6924
planning flow reduced
plan limit 796
compute initial stop until 0
current timestep 6929
planning flow reduced
plan limit 797
compute initial stop until 0
current timestep 6934
planning flow reduced
plan limit 793
compute initial stop until 0
current timestep 6939
planning flow reduced
plan limit 799
compute initial stop until 0
current timestep 6944
planning flow reduced
plan limit 796
compute initial stop until 0
current timestep 6949
planning flow reduced
plan limit 795
compute initial stop until 0
current timestep 6954
planning flow reduced
plan limit 798
compute initial stop until 0
current timestep 6959
planning flow reduced
plan limit 793
compute initial stop until 0
current timestep 6964
planning flow reduced
plan limit 795
compute initial stop until 0
current timestep 6969
planning flow reduced
plan limit 791
compute initial stop until 0
current timestep 6974
planning flow reduced
plan limit 797
compute initial stop until 0
current timestep 6979
planning flow reduced
plan limit 793
compute initial stop until 0
current timestep 6984
planning flow reduced
plan limit 797
compute initial stop until 0
current timestep 6989
planning flow reduced
plan limit 792
compute initial stop until 0
current timestep 6994
planning flow reduced
plan limit 797
compute initial stop until 0
current timestep 6999
planning flow reduced
plan limit 773
compute initial stop until 0
