{
    "actionModel": "MAPF",
    "teamSize": 16000,
    "numTaskFinished": 1,
    "makespan": 34,
    "numPlannerErrors": 0,
    "numScheduleErrors": 0,
    "numEntryTimeouts": 17,
    "plannerTimes": [
        1.628698435,
        1.387981528,
        1.406841755,
        1.456730688,
        1.362125427,
        1.380304916,
        1.34369002,
        1.39712267,
        1.342463197,
        1.437328577,
        1.328020683,
        1.337790795,
        1.269779913,
        1.333486629,
        1.323721095,
        1.264780002,
        1.299142591
    ]
}