{
    "actionModel": "MAPF",
    "teamSize": 16000,
    "numTaskFinished": 156,
    "makespan": 55,
    "numPlannerErrors": 0,
    "numScheduleErrors": 0,
    "numEntryTimeouts": 0,
    "plannerTimes": [
        0.789931905,
        0.870212634,
        0.88587875,
        0.842603126,
        0.850693987,
        0.831547589,
        0.831413065,
        0.827201616,
        0.823100371,
        0.816281968,
        0.820857699,
        0.816273998,
        0.833963315,
        0.810638884,
        0.811846827,
        0.811354485,
        0.80856578,
        0.803341391,
        0.804335439,
        0.804876119,
        0.807131567,
        0.799657043,
        0.803538657,
        0.802578916,
        0.802254591,
        0.804984384,
        0.796570306,
        0.804940239,
        0.801209054,
        0.79918148,
        0.797588538,
        0.798760865,
        0.795407723,
        0.791290599,
        0.790924481,
        0.79725566,
        0.794369297,
        0.804151657,
        0.796124841,
        0.796700961,
        0.788830411,
        0.797573219,
        0.828195538,
        0.796368938,
        0.809921582,
        0.836991716,
        0.800640756,
        0.811461811,
        0.803087946,
        0.830376943,
        0.816249657,
        0.807616324,
        0.815760435,
        0.815979056,
        0.83303142
    ]
}