{
    "actionModel": "MAPF",
    "teamSize": 100,
    "numTaskFinished": 83,
    "makespan": 52,
    "numPlannerErrors": 0,
    "numScheduleErrors": 0,
    "numEntryTimeouts": 0,
    "plannerTimes": [
        0.919367424,
        0.919215002,
        0.920159872,
        0.919808883,
        0.920363672,
        0.920177376,
        0.920263764,
        0.920335638,
        0.920173898,
        0.920087992,
        0.920185511,
        0.920131137,
        0.919900607,
        0.919966197,
        0.919946819,
        0.920095573,
        0.919950224,
        0.920033827,
        0.920098019,
        0.919991883,
        0.920039484,
        0.920088548,
        0.920003516,
        0.92017748,
        0.920044377,
        0.920032083,
        0.920072132,
        0.920108266,
        0.920012418,
        0.920208359,
        0.920064687,
        0.920028268,
        0.920139227,
        0.92008156,
        0.920170065,
        0.920078733,
        0.920098494,
        0.92009889,
        0.920147788,
        0.920055811,
        0.920144341,
        0.920186232,
        0.920223788,
        0.920156799,
        0.92023598,
        0.920144977,
        0.920095287,
        0.920230112,
        0.920181018,
        0.92017729,
        0.920176292,
        0.920151229
    ]
}