{
    "actionModel": "MAPF",
    "teamSize": 100,
    "numTaskFinished": 0,
    "makespan": 6,
    "numPlannerErrors": 0,
    "numScheduleErrors": 0,
    "numEntryTimeouts": 0,
    "plannerTimes": [
        0.920986016,
        0.921126712,
        0.92069081,
        0.921420737,
        0.921365843,
        0.922312215
    ]
}