solver,agent_id,task_id,step,loc,row,col
solver1,0,41,0,799387,536,211
solver1,0,41,1,799388,536,212
solver1,0,41,2,799389,536,213
solver1,0,41,3,797898,535,213
solver1,0,41,4,797899,535,214
solver1,0,41,5,796408,534,214
solver1,0,41,6,796409,534,215
solver1,0,41,7,794918,533,215
solver1,0,41,8,794919,533,216
solver1,0,41,9,794920,533,217
solver1,0,41,10,793429,532,217
solver1,0,41,11,793430,532,218
solver1,0,41,12,791939,531,218
solver1,0,41,13,791940,531,219
solver1,0,41,14,791941,531,220
solver1,0,41,15,790450,530,220
solver1,0,41,16,790451,530,221
solver1,0,41,17,788960,529,221
solver1,0,41,18,788961,529,222
solver1,0,41,19,787470,528,222
solver1,0,41,20,787471,528,223
solver1,0,41,21,787472,528,224
solver1,0,41,22,785981,527,224
solver1,0,41,23,785982,527,225
solver1,0,41,24,784491,526,225
solver1,0,41,25,784492,526,226
solver1,0,41,26,784493,526,227
solver1,0,41,27,783002,525,227
solver1,0,41,28,783003,525,228
solver1,0,41,29,781512,524,228
solver1,0,41,30,781513,524,229
solver1,0,41,31,781514,524,230
solver1,0,41,32,780023,523,230
solver1,0,41,33,780024,523,231
solver1,0,41,34,778533,522,231
solver1,0,41,35,778534,522,232
solver1,0,41,36,778535,522,233
solver1,0,41,37,777044,521,233
solver1,0,41,38,777045,521,234
solver1,0,41,39,775554,520,234
solver1,0,41,40,775555,520,235
solver1,0,41,41,775556,520,236
solver1,0,41,42,774065,519,236
solver1,0,41,43,774066,519,237
solver1,0,41,44,772575,518,237
solver1,0,41,45,772576,518,238
solver1,0,41,46,772577,518,239
solver1,0,41,47,771086,517,239
solver1,0,41,48,771087,517,240
solver1,0,41,49,769596,516,240
solver1,0,41,50,768105,515,240
solver1,0,41,51,768106,515,241
solver1,0,41,52,766615,514,241
solver1,0,41,53,765124,513,241
solver1,0,41,54,765125,513,242
solver1,0,41,55,763634,512,242
solver1,0,41,56,762143,511,242
solver1,0,41,57,762144,511,243
solver1,0,41,58,760653,510,243
solver1,0,41,59,759162,509,243
solver1,0,41,60,759163,509,244
solver1,0,41,61,757672,508,244
solver1,0,41,62,756181,507,244
solver1,0,41,63,756182,507,245
solver1,0,41,64,754691,506,245
solver1,0,41,65,753200,505,245
solver1,0,41,66,753201,505,246
solver1,0,41,67,751710,504,246
solver1,0,41,68,750219,503,246
solver1,0,41,69,750220,503,247
solver1,0,41,70,748729,502,247
solver1,0,41,71,747238,501,247
solver1,0,41,72,747239,501,248
solver1,0,41,73,745748,500,248
solver1,0,41,74,744257,499,248
solver1,0,41,75,742766,498,248
solver1,0,41,76,742767,498,249
solver1,0,41,77,741276,497,249
solver1,0,41,78,739785,496,249
solver1,0,41,79,739786,496,250
solver1,0,41,80,738295,495,250
solver1,0,41,81,736804,494,250
solver1,0,41,82,736805,494,251
solver1,0,41,83,735314,493,251
solver1,0,41,84,733823,492,251
solver1,0,41,85,732332,491,251
solver1,0,41,86,732333,491,252
solver1,0,41,87,730842,490,252
solver1,0,41,88,729351,489,252
solver1,0,41,89,727860,488,252
solver1,0,41,90,727861,488,253
solver1,0,41,91,726370,487,253
solver1,0,41,92,724879,486,253
solver1,0,41,93,723388,485,253
solver1,0,41,94,723389,485,254
solver1,0,41,95,721898,484,254
solver1,0,41,96,720407,483,254
solver1,0,41,97,718916,482,254
solver1,0,41,98,718917,482,255
solver1,0,41,99,717426,481,255
solver1,0,41,100,715935,480,255
solver1,0,41,101,715936,480,256
solver1,0,41,102,714445,479,256
solver1,0,41,103,712954,478,256
solver1,0,41,104,711463,477,256
solver1,0,41,105,709972,476,256
solver1,0,41,106,709973,476,257
solver1,0,41,107,708482,475,257
solver1,0,41,108,706991,474,257
solver1,0,41,109,705500,473,257
solver1,0,41,110,704009,472,257
solver1,0,41,111,702518,471,257
solver1,0,41,112,701027,470,257
solver1,0,41,113,699536,469,257
solver1,0,41,114,698045,468,257
solver1,0,41,115,696554,467,257
solver1,0,41,116,695063,466,257
solver1,0,41,117,693572,465,257
solver1,0,41,118,692081,464,257
solver1,0,41,119,690590,463,257
solver1,0,41,120,689099,462,257
solver1,0,41,121,687608,461,257
solver1,0,41,122,686117,460,257
solver1,0,41,123,684626,459,257
solver1,0,41,124,683135,458,257
solver1,0,41,125,681644,457,257
solver1,0,41,126,680153,456,257
solver1,0,41,127,678662,455,257
solver1,0,41,128,677171,454,257
solver1,0,41,129,675680,453,257
solver1,0,41,130,674189,452,257
solver1,0,41,131,672698,451,257
solver1,0,41,132,671207,450,257
solver1,0,41,133,669716,449,257
solver1,0,41,134,668225,448,257
solver1,0,41,135,666734,447,257
solver1,0,41,136,665243,446,257
solver1,0,41,137,663752,445,257
solver1,0,41,138,662261,444,257
solver1,0,41,139,660770,443,257
solver1,0,41,140,659279,442,257
solver1,0,41,141,657788,441,257
solver1,0,41,142,656297,440,257
solver1,0,41,143,654806,439,257
solver1,0,41,144,653315,438,257
solver1,0,41,145,651824,437,257
solver1,0,41,146,650333,436,257
solver1,0,41,147,650332,436,256
solver1,0,41,148,650331,436,255
solver1,0,41,149,648840,435,255
solver1,0,41,150,648839,435,254
solver1,0,41,151,647348,434,254
solver1,0,41,152,647347,434,253
solver1,0,41,153,647346,434,252
solver1,0,41,154,645855,433,252
solver1,0,41,155,645854,433,251
solver1,0,41,156,645853,433,250
solver1,0,41,157,644362,432,250
solver1,0,41,158,644361,432,249
solver1,0,41,159,644360,432,248
solver1,0,41,160,644359,432,247
solver1,0,41,161,642868,431,247
solver1,0,41,162,642867,431,246
solver1,0,41,163,642866,431,245
solver1,0,41,164,641375,430,245
solver1,0,41,165,641374,430,244
solver1,0,41,166,641373,430,243
solver1,0,41,167,641372,430,242
solver1,0,41,168,639881,429,242
solver1,0,41,169,639880,429,241
solver1,0,41,170,638389,428,241
solver1,0,41,171,636898,427,241
solver1,0,41,172,635407,426,241
solver1,0,41,173,633916,425,241
solver1,0,41,174,632425,424,241
solver1,0,41,175,630934,423,241
solver1,0,41,176,629443,422,241
solver1,0,41,177,627952,421,241
solver1,0,41,178,626461,420,241
solver1,0,41,179,624970,419,241
solver1,0,41,180,623479,418,241
solver1,0,41,181,621988,417,241
solver1,0,41,182,620497,416,241
solver1,0,41,183,619006,415,241
solver1,0,41,184,617515,414,241
solver1,0,41,185,616024,413,241
solver1,0,41,186,614533,412,241
solver1,0,41,187,613042,411,241
solver1,0,41,188,611551,410,241
solver1,0,41,189,610060,409,241
solver1,0,41,190,608569,408,241
solver1,0,41,191,607078,407,241
solver1,0,41,192,605587,406,241
solver1,0,41,193,604096,405,241
solver1,0,41,194,602605,404,241
solver1,0,41,195,601114,403,241
solver1,0,41,196,599623,402,241
solver1,0,41,197,598132,401,241
solver1,0,41,198,596641,400,241
solver1,0,41,199,595150,399,241
solver1,0,41,200,593659,398,241
solver1,0,41,201,592168,397,241
solver1,0,41,202,590677,396,241
solver1,0,41,203,589186,395,241
solver1,0,41,204,587695,394,241
solver1,0,41,205,586204,393,241
solver1,0,41,206,584713,392,241
solver1,0,41,207,583222,391,241
solver1,0,41,208,581731,390,241
solver1,0,41,209,580240,389,241
solver1,0,41,210,578749,388,241
solver1,0,41,211,577258,387,241
solver1,0,41,212,575767,386,241
solver1,0,41,213,574276,385,241
solver1,0,41,214,572785,384,241
solver1,0,41,215,571294,383,241
solver1,0,41,216,569803,382,241
solver1,0,41,217,568312,381,241
solver1,0,41,218,566821,380,241
solver1,0,41,219,565330,379,241
solver1,0,41,220,563839,378,241
solver1,0,41,221,562348,377,241
solver1,0,41,222,560857,376,241
solver1,0,41,223,559366,375,241
solver1,0,41,224,557875,374,241
solver1,0,41,225,556384,373,241
solver1,0,41,226,556385,373,242
solver1,0,41,227,556386,373,243
solver1,0,41,228,556387,373,244
solver1,0,41,229,556388,373,245
solver1,0,41,230,556389,373,246
solver1,0,41,231,556390,373,247
solver1,0,41,232,556391,373,248
solver1,0,41,233,556392,373,249
solver1,0,41,234,556393,373,250
solver1,0,41,235,556394,373,251
solver1,0,41,236,556395,373,252
solver1,0,41,237,556396,373,253
solver1,0,41,238,556397,373,254
solver1,0,41,239,556398,373,255
solver1,0,41,240,556399,373,256
solver1,0,41,241,556400,373,257
solver1,0,41,242,556401,373,258
solver1,0,41,243,556402,373,259
solver1,0,41,244,556403,373,260
solver1,0,41,245,556404,373,261
solver1,0,41,246,556405,373,262
solver1,0,41,247,554914,372,262
solver1,0,41,248,554915,372,263
solver1,0,41,249,553424,371,263
solver1,0,41,250,553425,371,264
solver1,0,41,251,551934,370,264
solver1,0,41,252,551935,370,265
solver1,0,41,253,550444,369,265
solver1,0,41,254,550445,369,266
solver1,0,41,255,550446,369,267
solver1,0,41,256,548955,368,267
solver1,0,41,257,548956,368,268
solver1,0,41,258,547465,367,268
solver1,0,41,259,547466,367,269
solver1,0,41,260,547467,367,270
solver1,0,41,261,547468,367,271
solver1,0,41,262,547469,367,272
solver1,0,41,263,545978,366,272
solver1,0,41,264,545979,366,273
solver1,0,41,265,545980,366,274
solver1,0,41,266,545981,366,275
solver1,0,41,267,545982,366,276
solver1,0,41,268,544491,365,276
solver1,0,41,269,544492,365,277
solver1,0,41,270,544493,365,278
solver1,0,41,271,544494,365,279
solver1,0,41,272,543003,364,279
solver1,0,41,273,543004,364,280
solver1,0,41,274,543005,364,281
solver1,0,41,275,543006,364,282
solver1,0,41,276,543007,364,283
solver1,0,41,277,541516,363,283
solver1,0,41,278,541517,363,284
solver1,0,41,279,541518,363,285
solver1,0,41,280,541519,363,286
solver1,0,41,281,541520,363,287
solver1,0,41,282,541521,363,288
solver1,0,41,283,541522,363,289
solver1,0,41,284,541523,363,290
solver1,0,41,285,541524,363,291
solver1,0,41,286,541525,363,292
solver1,0,41,287,541526,363,293
solver1,0,41,288,543017,364,293
solver1,0,41,289,543018,364,294
solver1,0,41,290,543019,364,295
solver1,0,41,291,543020,364,296
solver1,0,41,292,544511,365,296
solver1,0,41,293,544512,365,297
solver1,0,41,294,544513,365,298
solver1,0,41,295,544514,365,299
solver1,0,41,296,544515,365,300
solver1,0,41,297,544516,365,301
solver1,0,41,298,544517,365,302
solver1,0,41,299,544518,365,303
solver1,0,41,300,544519,365,304
solver1,0,41,301,546010,366,304
solver1,0,41,302,547501,367,304
solver1,0,41,303,547502,367,305
solver1,0,41,304,547503,367,306
solver1,0,41,305,548994,368,306
solver1,0,41,306,550485,369,306
solver1,0,41,307,550486,369,307
solver1,0,41,308,550487,369,308
solver1,0,41,309,550488,369,309
solver1,0,41,310,550489,369,310
solver1,0,41,311,550490,369,311
solver1,0,41,312,550491,369,312
solver1,0,41,313,550492,369,313
solver1,0,41,314,550493,369,314
solver1,0,41,315,550494,369,315
solver1,0,41,316,550495,369,316
solver1,0,41,317,550496,369,317
solver1,0,41,318,550497,369,318
solver1,0,41,319,550498,369,319
solver1,0,41,320,550499,369,320
solver1,0,41,321,550500,369,321
solver1,0,41,322,550501,369,322
solver1,0,41,323,550502,369,323
solver1,0,41,324,551993,370,323
solver1,0,41,325,551994,370,324
solver1,0,41,326,551995,370,325
solver1,0,41,327,551996,370,326
solver1,0,41,328,551997,370,327
solver1,0,41,329,551998,370,328
solver1,0,41,330,551999,370,329
solver1,0,41,331,552000,370,330
solver1,0,41,332,552001,370,331
solver1,0,41,333,552002,370,332
solver1,0,41,334,552003,370,333
solver1,0,41,335,552004,370,334
solver1,0,41,336,552005,370,335
solver1,0,41,337,552006,370,336
solver1,0,41,338,552007,370,337
solver1,0,41,339,552008,370,338
solver1,0,41,340,552009,370,339
solver1,0,41,341,552010,370,340
solver1,0,41,342,552011,370,341
solver1,0,41,343,552012,370,342
solver1,0,41,344,552013,370,343
solver1,0,41,345,552014,370,344
solver1,0,41,346,552015,370,345
solver1,0,41,347,552016,370,346
solver1,0,41,348,552017,370,347
solver1,0,41,349,552018,370,348
solver1,0,41,350,552019,370,349
solver1,0,41,351,552020,370,350
solver1,0,41,352,552021,370,351
solver1,0,41,353,552022,370,352
solver1,0,41,354,552023,370,353
solver1,0,41,355,552024,370,354
solver1,0,41,356,552025,370,355
solver1,0,41,357,552026,370,356
solver1,0,41,358,552027,370,357
solver1,0,41,359,552028,370,358
solver1,0,41,360,552029,370,359
solver1,0,41,361,552030,370,360
solver1,0,41,362,552031,370,361
solver1,0,41,363,552032,370,362
solver1,0,41,364,552033,370,363
solver1,0,41,365,552034,370,364
solver1,0,41,366,552035,370,365
solver1,0,41,367,552036,370,366
solver1,0,41,368,552037,370,367
solver1,0,41,369,552038,370,368
solver1,0,41,370,552039,370,369
solver1,0,41,371,552040,370,370
solver1,0,41,372,552041,370,371
solver1,0,41,373,552042,370,372
solver1,0,41,374,552043,370,373
solver1,0,41,375,552044,370,374
solver1,0,41,376,552045,370,375
solver1,0,41,377,552046,370,376
solver1,0,41,378,552047,370,377
solver1,0,41,379,552048,370,378
solver1,0,41,380,552049,370,379
solver1,0,41,381,552050,370,380
solver1,0,41,382,552051,370,381
solver1,0,41,383,552052,370,382
solver1,0,41,384,552053,370,383
solver1,0,41,385,552054,370,384
solver1,0,41,386,552055,370,385
solver1,0,41,387,552056,370,386
solver1,0,41,388,552057,370,387
solver1,0,41,389,552058,370,388
solver1,0,41,390,552059,370,389
solver1,0,41,391,552060,370,390
solver1,0,41,392,552061,370,391
solver1,0,41,393,552062,370,392
solver1,0,41,394,552063,370,393
solver1,0,41,395,552064,370,394
solver1,0,41,396,552065,370,395
solver1,0,41,397,552066,370,396
solver1,0,41,398,552067,370,397
solver1,0,41,399,552068,370,398
solver1,0,41,400,552069,370,399
solver1,0,41,401,552070,370,400
solver1,0,41,402,552071,370,401
solver1,0,41,403,552072,370,402
solver1,0,41,404,552073,370,403
solver1,0,41,405,552074,370,404
solver1,0,41,406,552075,370,405
solver1,0,41,407,552076,370,406
solver1,0,41,408,552077,370,407
solver1,0,41,409,552078,370,408
solver1,0,41,410,552079,370,409
solver1,0,41,411,552080,370,410
solver1,0,41,412,552081,370,411
solver1,0,41,413,552082,370,412
solver1,0,41,414,552083,370,413
solver1,0,41,415,552084,370,414
solver1,0,41,416,552085,370,415
solver1,0,41,417,552086,370,416
solver1,0,41,418,552087,370,417
solver1,0,41,419,552088,370,418
solver1,0,41,420,552089,370,419
solver1,0,41,421,552090,370,420
solver1,0,41,422,552091,370,421
solver1,0,41,423,552092,370,422
solver1,0,41,424,552093,370,423
solver1,0,41,425,552094,370,424
solver1,0,41,426,552095,370,425
solver1,0,41,427,552096,370,426
solver1,0,41,428,552097,370,427
solver1,0,41,429,552098,370,428
solver1,0,41,430,552099,370,429
solver1,0,41,431,552100,370,430
solver1,0,41,432,552101,370,431
solver1,0,41,433,552102,370,432
solver1,0,41,434,552103,370,433
solver1,0,41,435,552104,370,434
solver1,0,41,436,552105,370,435
solver1,0,41,437,552106,370,436
solver1,0,41,438,552107,370,437
solver1,0,41,439,552108,370,438
solver1,0,41,440,552109,370,439
solver1,0,41,441,552110,370,440
solver1,0,41,442,552111,370,441
solver1,0,41,443,552112,370,442
solver1,0,41,444,552113,370,443
solver1,0,41,445,552114,370,444
solver1,0,41,446,552115,370,445
solver1,0,41,447,552116,370,446
solver1,0,41,448,552117,370,447
solver1,0,41,449,552118,370,448
solver1,0,41,450,552119,370,449
solver1,0,41,451,552120,370,450
solver1,0,41,452,552121,370,451
solver1,0,41,453,552122,370,452
solver1,0,41,454,552123,370,453
solver1,0,41,455,552124,370,454
solver1,0,41,456,552125,370,455
solver1,0,41,457,552126,370,456
solver1,0,41,458,552127,370,457
solver1,0,41,459,552128,370,458
solver1,0,41,460,552129,370,459
solver1,0,41,461,552130,370,460
solver1,0,41,462,552131,370,461
solver1,0,41,463,552132,370,462
solver1,0,41,464,552133,370,463
solver1,1,19,0,373594,250,844
solver1,1,19,1,373593,250,843
solver1,1,19,2,373592,250,842
solver1,1,19,3,373591,250,841
solver1,1,19,4,373590,250,840
solver1,1,19,5,373589,250,839
solver1,1,19,6,373588,250,838
solver1,1,19,7,373587,250,837
solver1,1,19,8,373586,250,836
solver1,1,19,9,373585,250,835
solver1,1,19,10,373584,250,834
solver1,1,19,11,373583,250,833
solver1,1,19,12,373582,250,832
solver1,1,19,13,373581,250,831
solver1,1,19,14,372090,249,831
solver1,1,19,15,370599,248,831
solver1,1,19,16,369108,247,831
solver1,1,19,17,367617,246,831
solver1,1,19,18,366126,245,831
solver1,1,19,19,364635,244,831
solver1,1,19,20,363144,243,831
solver1,1,19,21,361653,242,831
solver1,1,19,22,360162,241,831
solver1,1,19,23,358671,240,831
solver1,2,21,0,624956,419,227
solver1,2,21,1,624957,419,228
solver1,2,21,2,624958,419,229
solver1,2,21,3,624959,419,230
solver1,2,21,4,624960,419,231
solver1,2,21,5,624961,419,232
solver1,2,21,6,624962,419,233
solver1,2,21,7,624963,419,234
solver1,2,21,8,624964,419,235
solver1,2,21,9,624965,419,236
solver1,2,21,10,624966,419,237
solver1,2,21,11,623475,418,237
solver1,2,21,12,621984,417,237
solver1,2,21,13,620493,416,237
solver1,2,21,14,619002,415,237
solver1,2,21,15,617511,414,237
solver1,2,21,16,616020,413,237
solver1,2,21,17,614529,412,237
solver1,2,21,18,613038,411,237
solver1,2,21,19,611547,410,237
solver1,2,21,20,610056,409,237
solver1,2,21,21,608565,408,237
solver1,2,21,22,607074,407,237
solver1,2,21,23,605583,406,237
solver1,2,21,24,604092,405,237
solver1,2,21,25,602601,404,237
solver1,2,21,26,601110,403,237
solver1,2,21,27,599619,402,237
solver1,2,21,28,598128,401,237
solver1,2,21,29,596637,400,237
solver1,2,21,30,595146,399,237
solver1,2,21,31,593655,398,237
solver1,2,21,32,592164,397,237
solver1,2,21,33,590673,396,237
solver1,2,21,34,589182,395,237
solver1,2,21,35,587691,394,237
solver1,2,21,36,586200,393,237
solver1,2,21,37,584709,392,237
solver1,2,21,38,583218,391,237
solver1,2,21,39,581727,390,237
solver1,2,21,40,580236,389,237
solver1,2,21,41,578745,388,237
solver1,2,21,42,577254,387,237
solver1,2,21,43,575763,386,237
solver1,2,21,44,574272,385,237
solver1,2,21,45,572781,384,237
solver1,2,21,46,571290,383,237
solver1,3,28,0,634647,425,972
solver1,3,28,1,634646,425,971
solver1,3,28,2,634645,425,970
solver1,3,28,3,634644,425,969
solver1,3,28,4,633153,424,969
solver1,3,28,5,631662,423,969
solver1,3,28,6,630171,422,969
solver1,3,28,7,628680,421,969
solver1,3,28,8,627189,420,969
solver1,3,28,9,625698,419,969
solver1,3,28,10,624207,418,969
solver1,3,28,11,622716,417,969
solver1,3,28,12,621225,416,969
solver1,3,28,13,619734,415,969
solver1,3,28,14,618243,414,969
solver1,3,28,15,616752,413,969
solver1,3,28,16,616751,413,968
solver1,3,28,17,615260,412,968
solver1,3,28,18,615259,412,967
solver1,3,28,19,615258,412,966
solver1,3,28,20,615257,412,965
solver1,3,28,21,615256,412,964
solver1,3,28,22,613765,411,964
solver1,3,28,23,612274,410,964
solver1,3,28,24,610783,409,964
solver1,3,28,25,609292,408,964
solver1,3,28,26,607801,407,964
solver1,3,28,27,606310,406,964
solver1,3,28,28,604819,405,964
solver1,3,28,29,603328,404,964
solver1,3,28,30,601837,403,964
solver1,3,28,31,600346,402,964
solver1,3,28,32,598855,401,964
solver1,3,28,33,597364,400,964
solver1,3,28,34,595873,399,964
solver1,3,28,35,594382,398,964
solver1,3,28,36,592891,397,964
solver1,4,5,0,181177,121,766
solver1,4,5,1,181178,121,767
solver1,4,5,2,181179,121,768
solver1,4,5,3,181180,121,769
solver1,4,5,4,181181,121,770
solver1,4,5,5,181182,121,771
solver1,4,5,6,181183,121,772
solver1,4,5,7,181184,121,773
solver1,4,5,8,181185,121,774
solver1,4,5,9,181186,121,775
solver1,4,5,10,179695,120,775
solver1,4,5,11,179696,120,776
solver1,4,5,12,178205,119,776
solver1,4,5,13,178206,119,777
solver1,4,5,14,178207,119,778
solver1,4,5,15,178208,119,779
solver1,4,5,16,178209,119,780
solver1,4,5,17,178210,119,781
solver1,4,5,18,178211,119,782
solver1,4,5,19,178212,119,783
solver1,4,5,20,178213,119,784
solver1,4,5,21,178214,119,785
solver1,4,5,22,178215,119,786
solver1,4,5,23,178216,119,787
solver1,4,5,24,178217,119,788
solver1,4,5,25,178218,119,789
solver1,4,5,26,178219,119,790
solver1,4,5,27,178220,119,791
solver1,4,5,28,176729,118,791
solver1,4,5,29,175238,117,791
solver1,5,31,0,710420,476,704
solver1,5,31,1,711911,477,704
solver1,5,31,2,713402,478,704
solver1,5,31,3,713403,478,705
solver1,5,31,4,713404,478,706
solver1,5,31,5,714895,479,706
solver1,5,31,6,716386,480,706
solver1,5,31,7,716387,480,707
solver1,5,31,8,717878,481,707
solver1,5,31,9,719369,482,707
solver1,5,31,10,720860,483,707
solver1,5,31,11,722351,484,707
solver1,5,31,12,722352,484,708
solver1,5,31,13,722353,484,709
solver1,5,31,14,722354,484,710
solver1,5,31,15,722355,484,711
solver1,5,31,16,722356,484,712
solver1,5,31,17,722357,484,713
solver1,5,31,18,722358,484,714
solver1,5,31,19,722359,484,715
solver1,5,31,20,722360,484,716
solver1,5,31,21,722361,484,717
solver1,5,31,22,722362,484,718
solver1,5,31,23,722363,484,719
solver1,5,31,24,722364,484,720
solver1,5,31,25,722365,484,721
solver1,5,31,26,722366,484,722
solver1,5,31,27,722367,484,723
solver1,5,31,28,722368,484,724
solver1,5,31,29,722369,484,725
solver1,5,31,30,722370,484,726
solver1,5,31,31,722371,484,727
solver1,5,31,32,722372,484,728
solver1,5,31,33,722373,484,729
solver1,5,31,34,722374,484,730
solver1,5,31,35,722375,484,731
solver1,5,31,36,722376,484,732
solver1,5,31,37,722377,484,733
solver1,5,31,38,722378,484,734
solver1,5,31,39,722379,484,735
solver1,5,31,40,722380,484,736
solver1,5,31,41,722381,484,737
solver1,5,31,42,722382,484,738
solver1,5,31,43,722383,484,739
solver1,5,31,44,722384,484,740
solver1,5,31,45,722385,484,741
solver1,5,31,46,722386,484,742
solver1,5,31,47,722387,484,743
solver1,5,31,48,723878,485,743
solver1,5,31,49,723879,485,744
solver1,5,31,50,723880,485,745
solver1,5,31,51,723881,485,746
solver1,5,31,52,723882,485,747
solver1,5,31,53,723883,485,748
solver1,5,31,54,723884,485,749
solver1,5,31,55,723885,485,750
solver1,5,31,56,723886,485,751
solver1,5,31,57,723887,485,752
solver1,5,31,58,723888,485,753
solver1,5,31,59,723889,485,754
solver1,5,31,60,723890,485,755
solver1,5,31,61,723891,485,756
solver1,5,31,62,723892,485,757
solver1,5,31,63,723893,485,758
solver1,6,39,0,542421,363,1188
solver1,6,39,1,542422,363,1189
solver1,6,39,2,542423,363,1190
solver1,6,39,3,542424,363,1191
solver1,6,39,4,542425,363,1192
solver1,6,39,5,542426,363,1193
solver1,6,39,6,542427,363,1194
solver1,6,39,7,542428,363,1195
solver1,6,39,8,542429,363,1196
solver1,6,39,9,542430,363,1197
solver1,6,39,10,542431,363,1198
solver1,6,39,11,542432,363,1199
solver1,6,39,12,542433,363,1200
solver1,6,39,13,543924,364,1200
solver1,6,39,14,545415,365,1200
solver1,6,39,15,546906,366,1200
solver1,6,39,16,546907,366,1201
solver1,6,39,17,548398,367,1201
solver1,6,39,18,548399,367,1202
solver1,6,39,19,548400,367,1203
solver1,6,39,20,549891,368,1203
solver1,6,39,21,551382,369,1203
solver1,6,39,22,552873,370,1203
solver1,6,39,23,554364,371,1203
solver1,6,39,24,555855,372,1203
solver1,6,39,25,557346,373,1203
solver1,6,39,26,558837,374,1203
solver1,6,39,27,560328,375,1203
solver1,6,39,28,560329,375,1204
solver1,6,39,29,560330,375,1205
solver1,6,39,30,560331,375,1206
solver1,6,39,31,560332,375,1207
solver1,6,39,32,560333,375,1208
solver1,6,39,33,560334,375,1209
solver1,6,39,34,561825,376,1209
solver1,6,39,35,563316,377,1209
solver1,6,39,36,564807,378,1209
solver1,6,39,37,566298,379,1209
solver1,6,39,38,567789,380,1209
solver1,6,39,39,567790,380,1210
solver1,6,39,40,567791,380,1211
solver1,6,39,41,567792,380,1212
solver1,6,39,42,569283,381,1212
solver1,6,39,43,569284,381,1213
solver1,6,39,44,569285,381,1214
solver1,6,39,45,569286,381,1215
solver1,6,39,46,569287,381,1216
solver1,6,39,47,570778,382,1216
solver1,6,39,48,570779,382,1217
solver1,6,39,49,570780,382,1218
solver1,6,39,50,572271,383,1218
solver1,6,39,51,573762,384,1218
solver1,6,39,52,575253,385,1218
solver1,6,39,53,576744,386,1218
solver1,6,39,54,578235,387,1218
solver1,6,39,55,579726,388,1218
solver1,6,39,56,581217,389,1218
solver1,6,39,57,582708,390,1218
solver1,6,39,58,584199,391,1218
solver1,6,39,59,585690,392,1218
solver1,6,39,60,587181,393,1218
solver1,6,39,61,588672,394,1218
solver1,6,39,62,590163,395,1218
solver1,6,39,63,591654,396,1218
solver1,6,39,64,593145,397,1218
solver1,6,39,65,594636,398,1218
solver1,6,39,66,596127,399,1218
solver1,6,39,67,597618,400,1218
solver1,6,39,68,599109,401,1218
solver1,6,39,69,600600,402,1218
solver1,6,39,70,602091,403,1218
solver1,6,39,71,603582,404,1218
solver1,6,39,72,605073,405,1218
solver1,6,39,73,606564,406,1218
solver1,6,39,74,608055,407,1218
solver1,6,39,75,609546,408,1218
solver1,6,39,76,611037,409,1218
solver1,6,39,77,612528,410,1218
solver1,6,39,78,614019,411,1218
solver1,6,39,79,615510,412,1218
solver1,6,39,80,617001,413,1218
solver1,6,39,81,618492,414,1218
solver1,6,39,82,618493,414,1219
solver1,6,39,83,618494,414,1220
solver1,6,39,84,618495,414,1221
solver1,6,39,85,618496,414,1222
solver1,6,39,86,618497,414,1223
solver1,6,39,87,619988,415,1223
solver1,6,39,88,619989,415,1224
solver1,6,39,89,619990,415,1225
solver1,6,39,90,619991,415,1226
solver1,6,39,91,619992,415,1227
solver1,6,39,92,619993,415,1228
solver1,6,39,93,619994,415,1229
solver1,6,39,94,621485,416,1229
solver1,6,39,95,621486,416,1230
solver1,6,39,96,621487,416,1231
solver1,6,39,97,621488,416,1232
solver1,6,39,98,621489,416,1233
solver1,6,39,99,621490,416,1234
solver1,6,39,100,621491,416,1235
solver1,6,39,101,621492,416,1236
solver1,6,39,102,621493,416,1237
solver1,6,39,103,621494,416,1238
solver1,6,39,104,621495,416,1239
solver1,6,39,105,621496,416,1240
solver1,6,39,106,621497,416,1241
solver1,6,39,107,621498,416,1242
solver1,6,39,108,621499,416,1243
solver1,6,39,109,621500,416,1244
solver1,6,39,110,621501,416,1245
solver1,6,39,111,621502,416,1246
solver1,6,39,112,621503,416,1247
solver1,6,39,113,621504,416,1248
solver1,6,39,114,621505,416,1249
solver1,6,39,115,621506,416,1250
solver1,6,39,116,621507,416,1251
solver1,6,39,117,621508,416,1252
solver1,6,39,118,621509,416,1253
solver1,6,39,119,621510,416,1254
solver1,6,39,120,621511,416,1255
solver1,6,39,121,621512,416,1256
solver1,6,39,122,621513,416,1257
solver1,6,39,123,621514,416,1258
solver1,6,39,124,621515,416,1259
solver1,6,39,125,621516,416,1260
solver1,6,39,126,621517,416,1261
solver1,6,39,127,621518,416,1262
solver1,6,39,128,621519,416,1263
solver1,6,39,129,621520,416,1264
solver1,6,39,130,621521,416,1265
solver1,6,39,131,621522,416,1266
solver1,6,39,132,621523,416,1267
solver1,6,39,133,621524,416,1268
solver1,6,39,134,621525,416,1269
solver1,6,39,135,621526,416,1270
solver1,6,39,136,621527,416,1271
solver1,6,39,137,621528,416,1272
solver1,6,39,138,621529,416,1273
solver1,6,39,139,621530,416,1274
solver1,6,39,140,621531,416,1275
solver1,6,39,141,621532,416,1276
solver1,6,39,142,621533,416,1277
solver1,6,39,143,621534,416,1278
solver1,6,39,144,621535,416,1279
solver1,6,39,145,621536,416,1280
solver1,6,39,146,621537,416,1281
solver1,6,39,147,621538,416,1282
solver1,6,39,148,621539,416,1283
solver1,6,39,149,621540,416,1284
solver1,6,39,150,621541,416,1285
solver1,6,39,151,621542,416,1286
solver1,6,39,152,621543,416,1287
solver1,6,39,153,621544,416,1288
solver1,6,39,154,621545,416,1289
solver1,6,39,155,621546,416,1290
solver1,6,39,156,621547,416,1291
solver1,6,39,157,621548,416,1292
solver1,6,39,158,621549,416,1293
solver1,6,39,159,621550,416,1294
solver1,6,39,160,621551,416,1295
solver1,6,39,161,621552,416,1296
solver1,6,39,162,621553,416,1297
solver1,6,39,163,621554,416,1298
solver1,6,39,164,621555,416,1299
solver1,6,39,165,621556,416,1300
solver1,6,39,166,621557,416,1301
solver1,6,39,167,621558,416,1302
solver1,6,39,168,621559,416,1303
solver1,6,39,169,621560,416,1304
solver1,6,39,170,621561,416,1305
solver1,6,39,171,621562,416,1306
solver1,6,39,172,621563,416,1307
solver1,6,39,173,621564,416,1308
solver1,6,39,174,621565,416,1309
solver1,6,39,175,621566,416,1310
solver1,6,39,176,621567,416,1311
solver1,6,39,177,621568,416,1312
solver1,6,39,178,621569,416,1313
solver1,6,39,179,621570,416,1314
solver1,6,39,180,621571,416,1315
solver1,6,39,181,621572,416,1316
solver1,6,39,182,621573,416,1317
solver1,6,39,183,621574,416,1318
solver1,6,39,184,621575,416,1319
solver1,6,39,185,621576,416,1320
solver1,6,39,186,621577,416,1321
solver1,6,39,187,621578,416,1322
solver1,6,39,188,621579,416,1323
solver1,6,39,189,621580,416,1324
solver1,6,39,190,621581,416,1325
solver1,6,39,191,621582,416,1326
solver1,6,39,192,621583,416,1327
solver1,6,39,193,621584,416,1328
solver1,6,39,194,621585,416,1329
solver1,6,39,195,621586,416,1330
solver1,6,39,196,621587,416,1331
solver1,6,39,197,621588,416,1332
solver1,6,39,198,620097,415,1332
solver1,6,39,199,618606,414,1332
solver1,6,39,200,617115,413,1332
solver1,7,43,0,817898,548,830
solver1,7,43,1,819389,549,830
solver1,7,43,2,819390,549,831
solver1,7,43,3,819391,549,832
solver1,7,43,4,819392,549,833
solver1,7,43,5,819393,549,834
solver1,7,43,6,820884,550,834
solver1,7,43,7,822375,551,834
solver1,7,43,8,823866,552,834
solver1,7,43,9,825357,553,834
solver1,7,43,10,826848,554,834
solver1,7,43,11,828339,555,834
solver1,7,43,12,829830,556,834
solver1,7,43,13,831321,557,834
solver1,7,43,14,832812,558,834
solver1,7,43,15,834303,559,834
solver1,7,43,16,835794,560,834
solver1,7,43,17,837285,561,834
solver1,8,11,0,218558,146,872
solver1,8,11,1,218559,146,873
solver1,8,11,2,218560,146,874
solver1,8,11,3,218561,146,875
solver1,8,11,4,218562,146,876
solver1,8,11,5,218563,146,877
solver1,8,11,6,218564,146,878
solver1,8,11,7,220055,147,878
solver1,8,11,8,221546,148,878
solver1,8,11,9,221547,148,879
solver1,8,11,10,221548,148,880
solver1,8,11,11,221549,148,881
solver1,8,11,12,221550,148,882
solver1,8,11,13,221551,148,883
solver1,8,11,14,221552,148,884
solver1,8,11,15,221553,148,885
solver1,8,11,16,221554,148,886
solver1,8,11,17,221555,148,887
solver1,8,11,18,221556,148,888
solver1,8,11,19,223047,149,888
solver1,8,11,20,224538,150,888
solver1,8,11,21,224539,150,889
solver1,8,11,22,224540,150,890
solver1,8,11,23,224541,150,891
solver1,8,11,24,224542,150,892
solver1,8,11,25,224543,150,893
solver1,8,11,26,224544,150,894
solver1,8,11,27,224545,150,895
solver1,8,11,28,224546,150,896
solver1,8,11,29,224547,150,897
solver1,8,11,30,224548,150,898
solver1,8,11,31,224549,150,899
solver1,8,11,32,224550,150,900
solver1,8,11,33,224551,150,901
solver1,8,11,34,224552,150,902
solver1,8,11,35,224553,150,903
solver1,8,11,36,224554,150,904
solver1,8,11,37,224555,150,905
solver1,8,11,38,224556,150,906
solver1,8,11,39,224557,150,907
solver1,8,11,40,224558,150,908
solver1,8,11,41,224559,150,909
solver1,8,11,42,226050,151,909
solver1,8,11,43,227541,152,909
solver1,8,11,44,229032,153,909
solver1,8,11,45,229033,153,910
solver1,8,11,46,230524,154,910
solver1,8,11,47,232015,155,910
solver1,8,11,48,233506,156,910
solver1,8,11,49,234997,157,910
solver1,8,11,50,236488,158,910
solver1,8,11,51,237979,159,910
solver1,8,11,52,239470,160,910
solver1,9,13,0,190036,127,679
solver1,9,13,1,191527,128,679
solver1,9,13,2,193018,129,679
solver1,9,13,3,194509,130,679
solver1,9,13,4,196000,131,679
solver1,9,13,5,197491,132,679
solver1,9,13,6,198982,133,679
solver1,9,13,7,200473,134,679
solver1,9,13,8,201964,135,679
solver1,9,13,9,203455,136,679
solver1,9,13,10,204946,137,679
solver1,9,13,11,206437,138,679
solver1,9,13,12,207928,139,679
solver1,9,13,13,209419,140,679
solver1,9,13,14,210910,141,679
solver1,9,13,15,212401,142,679
solver1,9,13,16,213892,143,679
solver1,9,13,17,215383,144,679
solver1,9,13,18,216874,145,679
solver1,9,13,19,218365,146,679
solver1,9,13,20,219856,147,679
solver1,9,13,21,221347,148,679
solver1,9,13,22,222838,149,679
solver1,9,13,23,224329,150,679
solver1,9,13,24,225820,151,679
solver1,9,13,25,227311,152,679
solver1,9,13,26,228802,153,679
solver1,9,13,27,230293,154,679
solver1,9,13,28,231784,155,679
solver1,9,13,29,233275,156,679
solver1,9,13,30,234766,157,679
solver1,9,13,31,236257,158,679
solver1,9,13,32,237748,159,679
solver1,9,13,33,239239,160,679
solver1,9,13,34,240730,161,679
solver1,9,13,35,242221,162,679
solver1,9,13,36,243712,163,679
solver1,9,13,37,245203,164,679
solver1,9,13,38,246694,165,679
solver1,9,13,39,248185,166,679
solver1,9,13,40,249676,167,679
solver1,9,13,41,251167,168,679
solver1,9,13,42,252658,169,679
solver1,9,13,43,254149,170,679
solver1,9,13,44,254150,170,680
solver1,9,13,45,255641,171,680
solver1,9,13,46,257132,172,680
solver1,9,13,47,258623,173,680
solver1,9,13,48,260114,174,680
solver1,9,13,49,261605,175,680
solver1,9,13,50,261606,175,681
solver1,9,13,51,263097,176,681
solver1,9,13,52,264588,177,681
solver1,9,13,53,266079,178,681
solver1,9,13,54,267570,179,681
solver1,9,13,55,269061,180,681
solver1,9,13,56,270552,181,681
solver1,9,13,57,272043,182,681
solver1,9,13,58,273534,183,681
solver1,9,13,59,275025,184,681
solver1,9,13,60,276516,185,681
solver1,9,13,61,278007,186,681
solver1,9,13,62,279498,187,681
solver1,9,13,63,280989,188,681
solver1,9,13,64,282480,189,681
solver1,9,13,65,283971,190,681
solver1,9,13,66,285462,191,681
solver1,9,13,67,286953,192,681
solver1,9,13,68,288444,193,681
solver1,9,13,69,289935,194,681
solver1,9,13,70,291426,195,681
solver1,9,13,71,292917,196,681
solver1,9,13,72,294408,197,681
solver1,9,13,73,295899,198,681
solver1,9,13,74,297390,199,681
solver1,9,13,75,298881,200,681
solver1,9,13,76,300372,201,681
solver1,9,13,77,301863,202,681
solver1,9,13,78,303354,203,681
solver1,9,13,79,304845,204,681
solver1,9,13,80,306336,205,681
solver1,9,13,81,307827,206,681
solver1,9,13,82,309318,207,681
solver1,10,35,0,594142,398,724
solver1,10,35,1,594143,398,725
solver1,10,35,2,594144,398,726
solver1,10,35,3,594145,398,727
solver1,10,35,4,594146,398,728
solver1,10,35,5,594147,398,729
solver1,10,35,6,594148,398,730
solver1,10,35,7,594149,398,731
solver1,10,35,8,594150,398,732
solver1,10,35,9,594151,398,733
solver1,10,35,10,594152,398,734
solver1,10,35,11,594153,398,735
solver1,10,35,12,594154,398,736
solver1,10,35,13,594155,398,737
solver1,10,35,14,594156,398,738
solver1,10,35,15,594157,398,739
solver1,10,35,16,594158,398,740
solver1,10,35,17,592667,397,740
solver1,10,35,18,591176,396,740
solver1,10,35,19,589685,395,740
solver1,10,35,20,588194,394,740
solver1,10,35,21,586703,393,740
solver1,10,35,22,585212,392,740
solver1,10,35,23,583721,391,740
solver1,10,35,24,582230,390,740
solver1,10,35,25,580739,389,740
solver1,10,35,26,579248,388,740
solver1,10,35,27,577757,387,740
solver1,10,35,28,576266,386,740
solver1,10,35,29,574775,385,740
solver1,10,35,30,573284,384,740
solver1,10,35,31,571793,383,740
solver1,10,35,32,570302,382,740
solver1,10,35,33,568811,381,740
solver1,10,35,34,567320,380,740
solver1,10,35,35,565829,379,740
solver1,10,35,36,564338,378,740
solver1,11,8,0,225929,151,788
solver1,11,8,1,225930,151,789
solver1,11,8,2,225931,151,790
solver1,11,8,3,225932,151,791
solver1,11,8,4,225933,151,792
solver1,11,8,5,225934,151,793
solver1,11,8,6,225935,151,794
solver1,11,8,7,225936,151,795
solver1,11,8,8,225937,151,796
solver1,11,8,9,225938,151,797
solver1,11,8,10,225939,151,798
solver1,11,8,11,225940,151,799
solver1,11,8,12,225941,151,800
solver1,11,8,13,225942,151,801
solver1,11,8,14,225943,151,802
solver1,11,8,15,225944,151,803
solver1,11,8,16,225945,151,804
solver1,11,8,17,225946,151,805
solver1,11,8,18,225947,151,806
solver1,11,8,19,225948,151,807
solver1,11,8,20,225949,151,808
solver1,11,8,21,224458,150,808
solver1,11,8,22,222967,149,808
solver1,11,8,23,221476,148,808
solver1,11,8,24,219985,147,808
solver1,11,8,25,218494,146,808
solver1,12,42,0,495493,332,481
solver1,12,42,1,496984,333,481
solver1,12,42,2,496985,333,482
solver1,12,42,3,496986,333,483
solver1,12,42,4,496987,333,484
solver1,12,42,5,496988,333,485
solver1,12,42,6,496989,333,486
solver1,12,42,7,496990,333,487
solver1,12,42,8,496991,333,488
solver1,12,42,9,496992,333,489
solver1,12,42,10,496993,333,490
solver1,12,42,11,496994,333,491
solver1,12,42,12,496995,333,492
solver1,12,42,13,496996,333,493
solver1,13,17,0,445363,298,1045
solver1,13,17,1,445362,298,1044
solver1,13,17,2,445361,298,1043
solver1,13,17,3,445360,298,1042
solver1,13,17,4,445359,298,1041
solver1,13,17,5,445358,298,1040
solver1,13,17,6,445357,298,1039
solver1,13,17,7,445356,298,1038
solver1,13,17,8,445355,298,1037
solver1,13,17,9,446846,299,1037
solver1,13,17,10,448337,300,1037
solver1,13,17,11,449828,301,1037
solver1,13,17,12,451319,302,1037
solver1,13,17,13,452810,303,1037
solver1,13,17,14,454301,304,1037
solver1,13,17,15,455792,305,1037
solver1,13,17,16,457283,306,1037
solver1,13,17,17,457282,306,1036
solver1,13,17,18,457281,306,1035
solver1,13,17,19,457280,306,1034
solver1,13,17,20,457279,306,1033
solver1,13,17,21,457278,306,1032
solver1,13,17,22,457277,306,1031
solver1,13,17,23,457276,306,1030
solver1,13,17,24,457275,306,1029
solver1,13,17,25,457274,306,1028
solver1,13,17,26,457273,306,1027
solver1,13,17,27,457272,306,1026
solver1,13,17,28,457271,306,1025
solver1,13,17,29,457270,306,1024
solver1,13,17,30,457269,306,1023
solver1,13,17,31,457268,306,1022
solver1,13,17,32,457267,306,1021
solver1,13,17,33,457266,306,1020
solver1,13,17,34,457265,306,1019
solver1,13,17,35,457264,306,1018
solver1,13,17,36,457263,306,1017
solver1,13,17,37,457262,306,1016
solver1,13,17,38,457261,306,1015
solver1,13,17,39,457260,306,1014
solver1,13,17,40,457259,306,1013
solver1,13,17,41,457258,306,1012
solver1,13,17,42,457257,306,1011
solver1,13,17,43,457256,306,1010
solver1,13,17,44,457255,306,1009
solver1,13,17,45,457254,306,1008
solver1,13,17,46,457253,306,1007
solver1,13,17,47,457252,306,1006
solver1,13,17,48,457251,306,1005
solver1,13,17,49,457250,306,1004
solver1,13,17,50,457249,306,1003
solver1,13,17,51,457248,306,1002
solver1,13,17,52,457247,306,1001
solver1,13,17,53,457246,306,1000
solver1,13,17,54,457245,306,999
solver1,13,17,55,457244,306,998
solver1,13,17,56,457243,306,997
solver1,13,17,57,457242,306,996
solver1,13,17,58,457241,306,995
solver1,13,17,59,457240,306,994
solver1,13,17,60,458731,307,994
solver1,13,17,61,458730,307,993
solver1,13,17,62,458729,307,992
solver1,13,17,63,458728,307,991
solver1,13,17,64,458727,307,990
solver1,13,17,65,458726,307,989
solver1,13,17,66,458725,307,988
solver1,13,17,67,458724,307,987
solver1,13,17,68,458723,307,986
solver1,13,17,69,458722,307,985
solver1,13,17,70,460213,308,985
solver1,13,17,71,461704,309,985
solver1,13,17,72,463195,310,985
solver1,13,17,73,464686,311,985
solver1,13,17,74,466177,312,985
solver1,13,17,75,467668,313,985
solver1,13,17,76,469159,314,985
solver1,13,17,77,470650,315,985
solver1,13,17,78,472141,316,985
solver1,13,17,79,473632,317,985
solver1,13,17,80,475123,318,985
solver1,13,17,81,476614,319,985
solver1,13,17,82,478105,320,985
solver1,13,17,83,479596,321,985
solver1,13,17,84,481087,322,985
solver1,13,17,85,482578,323,985
solver1,13,17,86,484069,324,985
solver1,13,17,87,485560,325,985
solver1,13,17,88,487051,326,985
solver1,13,17,89,488542,327,985
solver1,13,17,90,490033,328,985
solver1,13,17,91,491524,329,985
solver1,13,17,92,493015,330,985
solver1,13,17,93,494506,331,985
solver1,13,17,94,495997,332,985
solver1,13,17,95,497488,333,985
solver1,13,17,96,498979,334,985
solver1,13,17,97,500470,335,985
solver1,13,17,98,501961,336,985
solver1,13,17,99,503452,337,985
solver1,13,17,100,504943,338,985
solver1,13,17,101,506434,339,985
solver1,13,17,102,507925,340,985
solver1,13,17,103,509416,341,985
solver1,13,17,104,510907,342,985
solver1,13,17,105,512398,343,985
solver1,14,27,0,466249,312,1057
solver1,14,27,1,466250,312,1058
solver1,14,27,2,466251,312,1059
solver1,14,27,3,466252,312,1060
solver1,14,27,4,466253,312,1061
solver1,14,27,5,464762,311,1061
solver1,14,27,6,463271,310,1061
solver1,14,27,7,461780,309,1061
solver1,14,27,8,460289,308,1061
solver1,14,27,9,458798,307,1061
solver1,14,27,10,457307,306,1061
solver1,14,27,11,455816,305,1061
solver1,14,27,12,454325,304,1061
solver1,14,27,13,452834,303,1061
solver1,14,27,14,451343,302,1061
solver1,14,27,15,449852,301,1061
solver1,14,27,16,448361,300,1061
solver1,14,27,17,446870,299,1061
solver1,14,27,18,445379,298,1061
solver1,14,27,19,443888,297,1061
solver1,14,27,20,442397,296,1061
solver1,14,27,21,440906,295,1061
solver1,14,27,22,439415,294,1061
solver1,14,27,23,437924,293,1061
solver1,14,27,24,436433,292,1061
solver1,14,27,25,434942,291,1061
solver1,14,27,26,434941,291,1060
solver1,14,27,27,433450,290,1060
solver1,14,27,28,431959,289,1060
solver1,14,27,29,430468,288,1060
solver1,14,27,30,428977,287,1060
solver1,14,27,31,427486,286,1060
solver1,14,27,32,425995,285,1060
solver1,15,18,0,630931,423,238
solver1,15,18,1,629440,422,238
solver1,15,18,2,627949,421,238
solver1,15,18,3,626458,420,238
solver1,15,18,4,624967,419,238
solver1,15,18,5,623476,418,238
solver1,15,18,6,621985,417,238
solver1,15,18,7,620494,416,238
solver1,15,18,8,619003,415,238
solver1,15,18,9,617512,414,238
solver1,15,18,10,616021,413,238
solver1,15,18,11,614530,412,238
solver1,15,18,12,613039,411,238
solver1,15,18,13,611548,410,238
solver1,15,18,14,610057,409,238
solver1,15,18,15,608566,408,238
solver1,15,18,16,607075,407,238
solver1,15,18,17,605584,406,238
solver1,15,18,18,604093,405,238
solver1,15,18,19,602602,404,238
solver1,15,18,20,601111,403,238
solver1,15,18,21,599620,402,238
solver1,15,18,22,598129,401,238
solver1,15,18,23,596638,400,238
solver1,15,18,24,595147,399,238
solver1,15,18,25,593656,398,238
solver1,15,18,26,592165,397,238
solver1,15,18,27,590674,396,238
solver1,15,18,28,589183,395,238
solver1,15,18,29,587692,394,238
solver1,15,18,30,586201,393,238
solver1,15,18,31,584710,392,238
solver1,15,18,32,583219,391,238
solver1,16,12,0,138030,92,858
solver1,16,12,1,138029,92,857
solver1,16,12,2,138028,92,856
solver1,16,12,3,138027,92,855
solver1,16,12,4,138026,92,854
solver1,16,12,5,138025,92,853
solver1,16,12,6,138024,92,852
solver1,16,12,7,138023,92,851
solver1,16,12,8,138022,92,850
solver1,16,12,9,136531,91,850
solver1,16,12,10,136530,91,849
solver1,16,12,11,135039,90,849
solver1,16,12,12,135038,90,848
solver1,16,12,13,133547,89,848
solver1,16,12,14,132056,88,848
solver1,16,12,15,130565,87,848
solver1,16,12,16,129074,86,848
solver1,16,12,17,129073,86,847
solver1,16,12,18,127582,85,847
solver1,16,12,19,126091,84,847
solver1,16,12,20,124600,83,847
solver1,16,12,21,123109,82,847
solver1,16,12,22,121618,81,847
solver1,16,12,23,120127,80,847
solver1,16,12,24,118636,79,847
solver1,16,12,25,118635,79,846
solver1,16,12,26,117144,78,846
solver1,16,12,27,117143,78,845
solver1,16,12,28,115652,77,845
solver1,16,12,29,115651,77,844
solver1,16,12,30,114160,76,844
solver1,16,12,31,112669,75,844
solver1,16,12,32,112668,75,843
solver1,16,12,33,111177,74,843
solver1,16,12,34,111176,74,842
solver1,16,12,35,109685,73,842
solver1,16,12,36,109684,73,841
solver1,16,12,37,108193,72,841
solver1,16,12,38,108192,72,840
solver1,16,12,39,106701,71,840
solver1,16,12,40,106700,71,839
solver1,16,12,41,106699,71,838
solver1,16,12,42,106698,71,837
solver1,16,12,43,106697,71,836
solver1,16,12,44,105206,70,836
solver1,16,12,45,103715,69,836
solver1,16,12,46,102224,68,836
solver1,16,12,47,100733,67,836
solver1,16,12,48,99242,66,836
solver1,17,6,0,919341,616,885
solver1,17,6,1,917850,615,885
solver1,17,6,2,916359,614,885
solver1,17,6,3,916360,614,886
solver1,17,6,4,916361,614,887
solver1,17,6,5,916362,614,888
solver1,17,6,6,916363,614,889
solver1,17,6,7,916364,614,890
solver1,17,6,8,916365,614,891
solver1,17,6,9,914874,613,891
solver1,17,6,10,913383,612,891
solver1,17,6,11,911892,611,891
solver1,17,6,12,910401,610,891
solver1,17,6,13,910402,610,892
solver1,17,6,14,910403,610,893
solver1,17,6,15,910404,610,894
solver1,17,6,16,910405,610,895
solver1,17,6,17,910406,610,896
solver1,17,6,18,911897,611,896
solver1,17,6,19,911898,611,897
solver1,17,6,20,911899,611,898
solver1,17,6,21,911900,611,899
solver1,17,6,22,911901,611,900
solver1,17,6,23,911902,611,901
solver1,17,6,24,911903,611,902
solver1,17,6,25,911904,611,903
solver1,17,6,26,911905,611,904
solver1,17,6,27,911906,611,905
solver1,17,6,28,911907,611,906
solver1,17,6,29,911908,611,907
solver1,17,6,30,911909,611,908
solver1,17,6,31,911910,611,909
solver1,17,6,32,911911,611,910
solver1,17,6,33,911912,611,911
solver1,17,6,34,911913,611,912
solver1,17,6,35,911914,611,913
solver1,17,6,36,911915,611,914
solver1,18,23,0,224461,150,811
solver1,18,23,1,224462,150,812
solver1,18,23,2,224463,150,813
solver1,18,23,3,224464,150,814
solver1,18,23,4,224465,150,815
solver1,18,23,5,224466,150,816
solver1,18,23,6,224467,150,817
solver1,18,23,7,224468,150,818
solver1,18,23,8,224469,150,819
solver1,18,23,9,224470,150,820
solver1,18,23,10,224471,150,821
solver1,18,23,11,224472,150,822
solver1,18,23,12,224473,150,823
solver1,18,23,13,224474,150,824
solver1,18,23,14,224475,150,825
solver1,18,23,15,224476,150,826
solver1,18,23,16,224477,150,827
solver1,18,23,17,224478,150,828
solver1,18,23,18,224479,150,829
solver1,18,23,19,224480,150,830
solver1,18,23,20,224481,150,831
solver1,18,23,21,224482,150,832
solver1,18,23,22,224483,150,833
solver1,18,23,23,224484,150,834
solver1,18,23,24,224485,150,835
solver1,18,23,25,224486,150,836
solver1,18,23,26,224487,150,837
solver1,18,23,27,224488,150,838
solver1,18,23,28,224489,150,839
solver1,18,23,29,224490,150,840
solver1,18,23,30,224491,150,841
solver1,18,23,31,224492,150,842
solver1,18,23,32,224493,150,843
solver1,18,23,33,224494,150,844
solver1,18,23,34,224495,150,845
solver1,18,23,35,225986,151,845
solver1,18,23,36,227477,152,845
solver1,18,23,37,228968,153,845
solver1,18,23,38,230459,154,845
solver1,18,23,39,230460,154,846
solver1,18,23,40,230461,154,847
solver1,18,23,41,230462,154,848
solver1,18,23,42,230463,154,849
solver1,18,23,43,230464,154,850
solver1,18,23,44,230465,154,851
solver1,18,23,45,230466,154,852
solver1,18,23,46,230467,154,853
solver1,18,23,47,230468,154,854
solver1,18,23,48,230469,154,855
solver1,19,0,0,604074,405,219
solver1,19,0,1,604075,405,220
solver1,19,0,2,604076,405,221
solver1,19,0,3,604077,405,222
solver1,19,0,4,604078,405,223
solver1,19,0,5,604079,405,224
solver1,19,0,6,604080,405,225
solver1,19,0,7,604081,405,226
solver1,19,0,8,604082,405,227
solver1,19,0,9,604083,405,228
solver1,19,0,10,604084,405,229
solver1,19,0,11,604085,405,230
solver1,19,0,12,604086,405,231
solver1,19,0,13,604087,405,232
solver1,19,0,14,604088,405,233
solver1,19,0,15,604089,405,234
solver1,19,0,16,604090,405,235
solver1,19,0,17,604091,405,236
solver1,19,0,18,602600,404,236
solver1,19,0,19,601109,403,236
solver1,19,0,20,599618,402,236
solver1,19,0,21,598127,401,236
solver1,19,0,22,596636,400,236
solver1,19,0,23,595145,399,236
solver1,19,0,24,593654,398,236
solver1,19,0,25,593655,398,237
solver1,19,0,26,592164,397,237
solver1,19,0,27,590673,396,237
solver1,19,0,28,589182,395,237
solver1,19,0,29,587691,394,237
solver1,19,0,30,586200,393,237
solver1,19,0,31,584709,392,237
solver1,19,0,32,583218,391,237
solver1,19,0,33,581727,390,237
solver1,19,0,34,580236,389,237
solver1,19,0,35,578745,388,237
solver1,19,0,36,577254,387,237
solver1,19,0,37,575763,386,237
solver1,19,0,38,574272,385,237
solver1,19,0,39,572781,384,237
solver1,19,0,40,571290,383,237
solver1,19,0,41,571291,383,238
solver1,19,0,42,571292,383,239
solver1,19,0,43,569801,382,239
solver1,19,0,44,568310,381,239
solver1,19,0,45,568311,381,240
solver1,19,0,46,568312,381,241
solver1,19,0,47,566821,380,241
solver1,19,0,48,565330,379,241
solver1,19,0,49,563839,378,241
solver1,19,0,50,562348,377,241
solver1,19,0,51,560857,376,241
solver1,19,0,52,559366,375,241
solver1,19,0,53,557875,374,241
solver1,19,0,54,556384,373,241
solver1,19,0,55,556385,373,242
solver1,19,0,56,556386,373,243
solver1,19,0,57,556387,373,244
solver1,19,0,58,556388,373,245
solver1,19,0,59,556389,373,246
solver1,19,0,60,556390,373,247
solver1,19,0,61,556391,373,248
solver1,19,0,62,556392,373,249
solver1,19,0,63,556393,373,250
solver1,19,0,64,556394,373,251
solver1,19,0,65,556395,373,252
solver1,19,0,66,556396,373,253
solver1,19,0,67,556397,373,254
solver1,19,0,68,556398,373,255
solver1,19,0,69,556399,373,256
solver1,19,0,70,556400,373,257
solver1,19,0,71,556401,373,258
solver1,19,0,72,556402,373,259
solver1,19,0,73,556403,373,260
solver1,19,0,74,556404,373,261
solver1,19,0,75,556405,373,262
solver1,19,0,76,554914,372,262
solver1,19,0,77,554915,372,263
solver1,19,0,78,553424,371,263
solver1,19,0,79,553425,371,264
solver1,19,0,80,551934,370,264
solver1,19,0,81,551935,370,265
solver1,19,0,82,550444,369,265
solver1,19,0,83,550445,369,266
solver1,19,0,84,550446,369,267
solver1,19,0,85,548955,368,267
solver1,19,0,86,548956,368,268
solver1,19,0,87,547465,367,268
solver1,19,0,88,547466,367,269
solver1,19,0,89,547467,367,270
solver1,19,0,90,547468,367,271
solver1,19,0,91,547469,367,272
solver1,19,0,92,545978,366,272
solver1,19,0,93,545979,366,273
solver1,19,0,94,545980,366,274
solver1,19,0,95,545981,366,275
solver1,19,0,96,545982,366,276
solver1,19,0,97,544491,365,276
solver1,19,0,98,544492,365,277
solver1,19,0,99,544493,365,278
solver1,19,0,100,544494,365,279
solver1,19,0,101,543003,364,279
solver1,19,0,102,543004,364,280
solver1,19,0,103,543005,364,281
solver1,19,0,104,543006,364,282
solver1,19,0,105,543007,364,283
solver1,19,0,106,541516,363,283
solver1,19,0,107,541517,363,284
solver1,19,0,108,541518,363,285
solver1,19,0,109,541519,363,286
solver1,19,0,110,541520,363,287
solver1,19,0,111,541521,363,288
solver1,19,0,112,541522,363,289
solver1,19,0,113,541523,363,290
solver1,19,0,114,541524,363,291
solver1,19,0,115,541525,363,292
solver1,19,0,116,541526,363,293
solver1,19,0,117,540035,362,293
solver1,19,0,118,538544,361,293
solver1,19,0,119,538545,361,294
solver1,19,0,120,538546,361,295
solver1,19,0,121,538547,361,296
solver1,19,0,122,538548,361,297
solver1,19,0,123,538549,361,298
solver1,19,0,124,538550,361,299
solver1,19,0,125,538551,361,300
solver1,19,0,126,538552,361,301
solver1,19,0,127,538553,361,302
solver1,19,0,128,538554,361,303
solver1,19,0,129,538555,361,304
solver1,19,0,130,538556,361,305
solver1,19,0,131,538557,361,306
solver1,19,0,132,538558,361,307
solver1,19,0,133,538559,361,308
solver1,19,0,134,538560,361,309
solver1,19,0,135,538561,361,310
solver1,19,0,136,538562,361,311
solver1,19,0,137,538563,361,312
solver1,19,0,138,538564,361,313
solver1,19,0,139,538565,361,314
solver1,19,0,140,538566,361,315
solver1,19,0,141,538567,361,316
solver1,19,0,142,538568,361,317
solver1,19,0,143,538569,361,318
solver1,19,0,144,538570,361,319
solver1,19,0,145,538571,361,320
solver1,19,0,146,538572,361,321
solver1,19,0,147,537081,360,321
solver1,19,0,148,537082,360,322
solver1,19,0,149,535591,359,322
solver1,19,0,150,535592,359,323
solver1,19,0,151,535593,359,324
solver1,19,0,152,535594,359,325
solver1,19,0,153,535595,359,326
solver1,19,0,154,535596,359,327
solver1,19,0,155,535597,359,328
solver1,19,0,156,535598,359,329
solver1,19,0,157,535599,359,330
solver1,19,0,158,535600,359,331
solver1,19,0,159,535601,359,332
solver1,19,0,160,535602,359,333
solver1,19,0,161,535603,359,334
solver1,19,0,162,535604,359,335
solver1,19,0,163,535605,359,336
solver1,19,0,164,535606,359,337
solver1,19,0,165,535607,359,338
solver1,19,0,166,535608,359,339
solver1,19,0,167,535609,359,340
solver1,19,0,168,535610,359,341
solver1,19,0,169,535611,359,342
solver1,19,0,170,535612,359,343
solver1,19,0,171,535613,359,344
solver1,19,0,172,535614,359,345
solver1,19,0,173,535615,359,346
solver1,19,0,174,535616,359,347
solver1,19,0,175,535617,359,348
solver1,19,0,176,535618,359,349
solver1,19,0,177,535619,359,350
solver1,19,0,178,535620,359,351
solver1,19,0,179,535621,359,352
solver1,19,0,180,535622,359,353
solver1,19,0,181,535623,359,354
solver1,19,0,182,535624,359,355
solver1,19,0,183,535625,359,356
solver1,19,0,184,535626,359,357
solver1,19,0,185,535627,359,358
solver1,19,0,186,535628,359,359
solver1,19,0,187,535629,359,360
solver1,19,0,188,535630,359,361
solver1,19,0,189,535631,359,362
solver1,19,0,190,535632,359,363
solver1,19,0,191,535633,359,364
solver1,19,0,192,535634,359,365
solver1,19,0,193,535635,359,366
solver1,19,0,194,535636,359,367
solver1,19,0,195,535637,359,368
solver1,19,0,196,535638,359,369
solver1,19,0,197,535639,359,370
solver1,19,0,198,535640,359,371
solver1,19,0,199,535641,359,372
solver1,19,0,200,535642,359,373
solver1,19,0,201,535643,359,374
solver1,19,0,202,535644,359,375
solver1,19,0,203,535645,359,376
solver1,19,0,204,535646,359,377
solver1,19,0,205,535647,359,378
solver1,19,0,206,535648,359,379
solver1,19,0,207,535649,359,380
solver1,19,0,208,535650,359,381
solver1,19,0,209,535651,359,382
solver1,19,0,210,535652,359,383
solver1,19,0,211,535653,359,384
solver1,19,0,212,535654,359,385
solver1,19,0,213,535655,359,386
solver1,19,0,214,535656,359,387
solver1,19,0,215,535657,359,388
solver1,19,0,216,535658,359,389
solver1,19,0,217,535659,359,390
solver1,19,0,218,535660,359,391
solver1,19,0,219,535661,359,392
solver1,19,0,220,535662,359,393
solver1,19,0,221,535663,359,394
solver1,19,0,222,535664,359,395
solver1,19,0,223,535665,359,396
solver1,19,0,224,535666,359,397
solver1,19,0,225,535667,359,398
solver1,19,0,226,535668,359,399
solver1,19,0,227,535669,359,400
solver1,19,0,228,535670,359,401
solver1,19,0,229,535671,359,402
solver1,19,0,230,535672,359,403
solver1,19,0,231,535673,359,404
solver1,19,0,232,535674,359,405
solver1,19,0,233,535675,359,406
solver1,19,0,234,535676,359,407
solver1,19,0,235,535677,359,408
solver1,19,0,236,535678,359,409
solver1,19,0,237,535679,359,410
solver1,19,0,238,535680,359,411
solver1,19,0,239,535681,359,412
solver1,19,0,240,535682,359,413
solver1,19,0,241,535683,359,414
solver1,19,0,242,535684,359,415
solver1,19,0,243,535685,359,416
solver1,19,0,244,535686,359,417
solver1,19,0,245,535687,359,418
solver1,19,0,246,535688,359,419
solver1,19,0,247,535689,359,420
solver1,19,0,248,535690,359,421
solver1,19,0,249,535691,359,422
solver1,19,0,250,535692,359,423
solver1,19,0,251,535693,359,424
solver1,19,0,252,535694,359,425
solver1,19,0,253,535695,359,426
solver1,19,0,254,535696,359,427
solver1,19,0,255,535697,359,428
solver1,19,0,256,535698,359,429
solver1,19,0,257,535699,359,430
solver1,19,0,258,535700,359,431
solver1,19,0,259,535701,359,432
solver1,19,0,260,535702,359,433
solver1,19,0,261,535703,359,434
solver1,19,0,262,535704,359,435
solver1,19,0,263,535705,359,436
solver1,19,0,264,535706,359,437
solver1,19,0,265,535707,359,438
solver1,19,0,266,535708,359,439
solver1,19,0,267,535709,359,440
solver1,19,0,268,535710,359,441
solver1,19,0,269,535711,359,442
solver1,19,0,270,535712,359,443
solver1,19,0,271,535713,359,444
solver1,19,0,272,535714,359,445
solver1,19,0,273,535715,359,446
solver1,19,0,274,535716,359,447
solver1,19,0,275,535717,359,448
solver1,19,0,276,535718,359,449
solver1,19,0,277,535719,359,450
solver1,19,0,278,535720,359,451
solver1,19,0,279,535721,359,452
solver1,19,0,280,535722,359,453
solver1,19,0,281,535723,359,454
solver1,19,0,282,535724,359,455
solver1,19,0,283,535725,359,456
solver1,19,0,284,535726,359,457
solver1,19,0,285,535727,359,458
solver1,19,0,286,535728,359,459
solver1,19,0,287,535729,359,460
solver1,19,0,288,535730,359,461
solver1,19,0,289,535731,359,462
solver1,19,0,290,535732,359,463
solver1,19,0,291,535733,359,464
solver1,19,0,292,535734,359,465
solver1,19,0,293,535735,359,466
solver1,19,0,294,535736,359,467
solver1,19,0,295,535737,359,468
solver1,19,0,296,535738,359,469
solver1,19,0,297,535739,359,470
solver1,19,0,298,535740,359,471
solver1,19,0,299,535741,359,472
solver1,19,0,300,535742,359,473
solver1,19,0,301,535743,359,474
solver1,19,0,302,535744,359,475
solver1,19,0,303,535745,359,476
solver1,19,0,304,535746,359,477
solver1,19,0,305,535747,359,478
solver1,19,0,306,535748,359,479
solver1,19,0,307,535749,359,480
solver1,19,0,308,535750,359,481
solver1,19,0,309,535751,359,482
solver1,19,0,310,535752,359,483
solver1,19,0,311,535753,359,484
solver1,19,0,312,535754,359,485
solver1,19,0,313,535755,359,486
solver1,19,0,314,535756,359,487
solver1,19,0,315,535757,359,488
solver1,19,0,316,535758,359,489
solver1,19,0,317,535759,359,490
solver1,19,0,318,535760,359,491
solver1,19,0,319,535761,359,492
solver1,19,0,320,535762,359,493
solver1,19,0,321,535763,359,494
solver1,19,0,322,535764,359,495
solver1,19,0,323,535765,359,496
solver1,19,0,324,535766,359,497
solver1,19,0,325,535767,359,498
solver1,19,0,326,534276,358,498
solver1,19,0,327,532785,357,498
solver1,19,0,328,531294,356,498
solver1,19,0,329,529803,355,498
solver1,19,0,330,528312,354,498
solver1,19,0,331,526821,353,498
solver1,19,0,332,525330,352,498
solver1,19,0,333,523839,351,498
solver1,19,0,334,522348,350,498
solver1,19,0,335,520857,349,498
solver1,19,0,336,519366,348,498
solver1,19,0,337,517875,347,498
solver6,0,41,0,799387,536,211
solver6,0,41,1,797896,535,211
solver6,0,41,2,796405,534,211
solver6,0,41,3,794914,533,211
solver6,0,41,4,793423,532,211
solver6,0,41,5,791932,531,211
solver6,0,41,6,790441,530,211
solver6,0,41,7,788950,529,211
solver6,0,41,8,787459,528,211
solver6,0,41,9,785968,527,211
solver6,0,41,10,784477,526,211
solver6,0,41,11,782986,525,211
solver6,0,41,12,782987,525,212
solver6,0,41,13,781496,524,212
solver6,0,41,14,781497,524,213
solver6,0,41,15,781498,524,214
solver6,0,41,16,780007,523,214
solver6,0,41,17,780008,523,215
solver6,0,41,18,780009,523,216
solver6,0,41,19,780010,523,217
solver6,0,41,20,778519,522,217
solver6,0,41,21,778520,522,218
solver6,0,41,22,778521,522,219
solver6,0,41,23,777030,521,219
solver6,0,41,24,777031,521,220
solver6,0,41,25,777032,521,221
solver6,0,41,26,775541,520,221
solver6,0,41,27,775542,520,222
solver6,0,41,28,775543,520,223
solver6,0,41,29,774052,519,223
solver6,0,41,30,774053,519,224
solver6,0,41,31,774054,519,225
solver6,0,41,32,772563,518,225
solver6,0,41,33,772564,518,226
solver6,0,41,34,771073,517,226
solver6,0,41,35,769582,516,226
solver6,0,41,36,769583,516,227
solver6,0,41,37,768092,515,227
solver6,0,41,38,766601,514,227
solver6,0,41,39,766602,514,228
solver6,0,41,40,765111,513,228
solver6,0,41,41,763620,512,228
solver6,0,41,42,763621,512,229
solver6,0,41,43,762130,511,229
solver6,0,41,44,762131,511,230
solver6,0,41,45,760640,510,230
solver6,0,41,46,759149,509,230
solver6,0,41,47,757658,508,230
solver6,0,41,48,756167,507,230
solver6,0,41,49,754676,506,230
solver6,0,41,50,753185,505,230
solver6,0,41,51,751694,504,230
solver6,0,41,52,751695,504,231
solver6,0,41,53,750204,503,231
solver6,0,41,54,748713,502,231
solver6,0,41,55,747222,501,231
solver6,0,41,56,745731,500,231
solver6,0,41,57,744240,499,231
solver6,0,41,58,742749,498,231
solver6,0,41,59,741258,497,231
solver6,0,41,60,741259,497,232
solver6,0,41,61,739768,496,232
solver6,0,41,62,738277,495,232
solver6,0,41,63,736786,494,232
solver6,0,41,64,735295,493,232
solver6,0,41,65,733804,492,232
solver6,0,41,66,732313,491,232
solver6,0,41,67,732314,491,233
solver6,0,41,68,730823,490,233
solver6,0,41,69,729332,489,233
solver6,0,41,70,727841,488,233
solver6,0,41,71,726350,487,233
solver6,0,41,72,724859,486,233
solver6,0,41,73,724860,486,234
solver6,0,41,74,723369,485,234
solver6,0,41,75,721878,484,234
solver6,0,41,76,720387,483,234
solver6,0,41,77,718896,482,234
solver6,0,41,78,718897,482,235
solver6,0,41,79,717406,481,235
solver6,0,41,80,715915,480,235
solver6,0,41,81,714424,479,235
solver6,0,41,82,712933,478,235
solver6,0,41,83,712934,478,236
solver6,0,41,84,711443,477,236
solver6,0,41,85,709952,476,236
solver6,0,41,86,708461,475,236
solver6,0,41,87,706970,474,236
solver6,0,41,88,706971,474,237
solver6,0,41,89,705480,473,237
solver6,0,41,90,703989,472,237
solver6,0,41,91,702498,471,237
solver6,0,41,92,702499,471,238
solver6,0,41,93,701008,470,238
solver6,0,41,94,699517,469,238
solver6,0,41,95,698026,468,238
solver6,0,41,96,698027,468,239
solver6,0,41,97,696536,467,239
solver6,0,41,98,695045,466,239
solver6,0,41,99,695046,466,240
solver6,0,41,100,693555,465,240
solver6,0,41,101,692064,464,240
solver6,0,41,102,692065,464,241
solver6,0,41,103,690574,463,241
solver6,0,41,104,689083,462,241
solver6,0,41,105,689084,462,242
solver6,0,41,106,687593,461,242
solver6,0,41,107,686102,460,242
solver6,0,41,108,686103,460,243
solver6,0,41,109,684612,459,243
solver6,0,41,110,684613,459,244
solver6,0,41,111,683122,458,244
solver6,0,41,112,683123,458,245
solver6,0,41,113,681632,457,245
solver6,0,41,114,681633,457,246
solver6,0,41,115,680142,456,246
solver6,0,41,116,680143,456,247
solver6,0,41,117,678652,455,247
solver6,0,41,118,678653,455,248
solver6,0,41,119,678654,455,249
solver6,0,41,120,677163,454,249
solver6,0,41,121,677164,454,250
solver6,0,41,122,675673,453,250
solver6,0,41,123,675674,453,251
solver6,0,41,124,674183,452,251
solver6,0,41,125,674184,452,252
solver6,0,41,126,672693,451,252
solver6,0,41,127,672694,451,253
solver6,0,41,128,671203,450,253
solver6,0,41,129,669712,449,253
solver6,0,41,130,668221,448,253
solver6,0,41,131,666730,447,253
solver6,0,41,132,666731,447,254
solver6,0,41,133,665240,446,254
solver6,0,41,134,663749,445,254
solver6,0,41,135,662258,444,254
solver6,0,41,136,660767,443,254
solver6,0,41,137,660768,443,255
solver6,0,41,138,659277,442,255
solver6,0,41,139,657786,441,255
solver6,0,41,140,657787,441,256
solver6,0,41,141,656296,440,256
solver6,0,41,142,654805,439,256
solver6,0,41,143,654806,439,257
solver6,0,41,144,653315,438,257
solver6,0,41,145,651824,437,257
solver6,0,41,146,650333,436,257
solver6,0,41,147,648842,435,257
solver6,0,41,148,647351,434,257
solver6,0,41,149,645860,433,257
solver6,0,41,150,644369,432,257
solver6,0,41,151,642878,431,257
solver6,0,41,152,641387,430,257
solver6,0,41,153,639896,429,257
solver6,0,41,154,638405,428,257
solver6,0,41,155,636914,427,257
solver6,0,41,156,635423,426,257
solver6,0,41,157,633932,425,257
solver6,0,41,158,633931,425,256
solver6,0,41,159,633930,425,255
solver6,0,41,160,632439,424,255
solver6,0,41,161,632438,424,254
solver6,0,41,162,632437,424,253
solver6,0,41,163,630946,423,253
solver6,0,41,164,630945,423,252
solver6,0,41,165,630944,423,251
solver6,0,41,166,629453,422,251
solver6,0,41,167,629452,422,250
solver6,0,41,168,629451,422,249
solver6,0,41,169,627960,421,249
solver6,0,41,170,627959,421,248
solver6,0,41,171,627958,421,247
solver6,0,41,172,626467,420,247
solver6,0,41,173,624976,419,247
solver6,0,41,174,624975,419,246
solver6,0,41,175,623484,418,246
solver6,0,41,176,621993,417,246
solver6,0,41,177,620502,416,246
solver6,0,41,178,620501,416,245
solver6,0,41,179,619010,415,245
solver6,0,41,180,617519,414,245
solver6,0,41,181,616028,413,245
solver6,0,41,182,616027,413,244
solver6,0,41,183,614536,412,244
solver6,0,41,184,613045,411,244
solver6,0,41,185,611554,410,244
solver6,0,41,186,610063,409,244
solver6,0,41,187,610062,409,243
solver6,0,41,188,608571,408,243
solver6,0,41,189,607080,407,243
solver6,0,41,190,605589,406,243
solver6,0,41,191,604098,405,243
solver6,0,41,192,602607,404,243
solver6,0,41,193,601116,403,243
solver6,0,41,194,601115,403,242
solver6,0,41,195,599624,402,242
solver6,0,41,196,598133,401,242
solver6,0,41,197,596642,400,242
solver6,0,41,198,595151,399,242
solver6,0,41,199,593660,398,242
solver6,0,41,200,592169,397,242
solver6,0,41,201,590678,396,242
solver6,0,41,202,589187,395,242
solver6,0,41,203,587696,394,242
solver6,0,41,204,586205,393,242
solver6,0,41,205,584714,392,242
solver6,0,41,206,583223,391,242
solver6,0,41,207,581732,390,242
solver6,0,41,208,580241,389,242
solver6,0,41,209,578750,388,242
solver6,0,41,210,577259,387,242
solver6,0,41,211,575768,386,242
solver6,0,41,212,574277,385,242
solver6,0,41,213,572786,384,242
solver6,0,41,214,571295,383,242
solver6,0,41,215,569804,382,242
solver6,0,41,216,568313,381,242
solver6,0,41,217,566822,380,242
solver6,0,41,218,565331,379,242
solver6,0,41,219,563840,378,242
solver6,0,41,220,562349,377,242
solver6,0,41,221,562348,377,241
solver6,0,41,222,560857,376,241
solver6,0,41,223,559366,375,241
solver6,0,41,224,557875,374,241
solver6,0,41,225,556384,373,241
solver6,0,41,226,554893,372,241
solver6,0,41,227,553402,371,241
solver6,0,41,228,551911,370,241
solver6,0,41,229,550420,369,241
solver6,0,41,230,548929,368,241
solver6,0,41,231,547438,367,241
solver6,0,41,232,545947,366,241
solver6,0,41,233,544456,365,241
solver6,0,41,234,542965,364,241
solver6,0,41,235,541474,363,241
solver6,0,41,236,541475,363,242
solver6,0,41,237,541476,363,243
solver6,0,41,238,541477,363,244
solver6,0,41,239,541478,363,245
solver6,0,41,240,541479,363,246
solver6,0,41,241,541480,363,247
solver6,0,41,242,541481,363,248
solver6,0,41,243,541482,363,249
solver6,0,41,244,541483,363,250
solver6,0,41,245,541484,363,251
solver6,0,41,246,541485,363,252
solver6,0,41,247,541486,363,253
solver6,0,41,248,541487,363,254
solver6,0,41,249,541488,363,255
solver6,0,41,250,541489,363,256
solver6,0,41,251,541490,363,257
solver6,0,41,252,541491,363,258
solver6,0,41,253,541492,363,259
solver6,0,41,254,541493,363,260
solver6,0,41,255,541494,363,261
solver6,0,41,256,541495,363,262
solver6,0,41,257,541496,363,263
solver6,0,41,258,541497,363,264
solver6,0,41,259,541498,363,265
solver6,0,41,260,541499,363,266
solver6,0,41,261,541500,363,267
solver6,0,41,262,541501,363,268
solver6,0,41,263,541502,363,269
solver6,0,41,264,541503,363,270
solver6,0,41,265,541504,363,271
solver6,0,41,266,541505,363,272
solver6,0,41,267,541506,363,273
solver6,0,41,268,541507,363,274
solver6,0,41,269,541508,363,275
solver6,0,41,270,541509,363,276
solver6,0,41,271,541510,363,277
solver6,0,41,272,541511,363,278
solver6,0,41,273,541512,363,279
solver6,0,41,274,541513,363,280
solver6,0,41,275,541514,363,281
solver6,0,41,276,541515,363,282
solver6,0,41,277,541516,363,283
solver6,0,41,278,541517,363,284
solver6,0,41,279,541518,363,285
solver6,0,41,280,541519,363,286
solver6,0,41,281,541520,363,287
solver6,0,41,282,541521,363,288
solver6,0,41,283,541522,363,289
solver6,0,41,284,541523,363,290
solver6,0,41,285,541524,363,291
solver6,0,41,286,541525,363,292
solver6,0,41,287,541526,363,293
solver6,0,41,288,541527,363,294
solver6,0,41,289,541528,363,295
solver6,0,41,290,541529,363,296
solver6,0,41,291,541530,363,297
solver6,0,41,292,541531,363,298
solver6,0,41,293,541532,363,299
solver6,0,41,294,541533,363,300
solver6,0,41,295,541534,363,301
solver6,0,41,296,541535,363,302
solver6,0,41,297,541536,363,303
solver6,0,41,298,541537,363,304
solver6,0,41,299,541538,363,305
solver6,0,41,300,541539,363,306
solver6,0,41,301,541540,363,307
solver6,0,41,302,541541,363,308
solver6,0,41,303,541542,363,309
solver6,0,41,304,541543,363,310
solver6,0,41,305,541544,363,311
solver6,0,41,306,541545,363,312
solver6,0,41,307,541546,363,313
solver6,0,41,308,541547,363,314
solver6,0,41,309,541548,363,315
solver6,0,41,310,541549,363,316
solver6,0,41,311,541550,363,317
solver6,0,41,312,541551,363,318
solver6,0,41,313,541552,363,319
solver6,0,41,314,541553,363,320
solver6,0,41,315,541554,363,321
solver6,0,41,316,541555,363,322
solver6,0,41,317,541556,363,323
solver6,0,41,318,541557,363,324
solver6,0,41,319,541558,363,325
solver6,0,41,320,541559,363,326
solver6,0,41,321,541560,363,327
solver6,0,41,322,541561,363,328
solver6,0,41,323,541562,363,329
solver6,0,41,324,541563,363,330
solver6,0,41,325,541564,363,331
solver6,0,41,326,541565,363,332
solver6,0,41,327,541566,363,333
solver6,0,41,328,541567,363,334
solver6,0,41,329,541568,363,335
solver6,0,41,330,541569,363,336
solver6,0,41,331,541570,363,337
solver6,0,41,332,541571,363,338
solver6,0,41,333,541572,363,339
solver6,0,41,334,541573,363,340
solver6,0,41,335,541574,363,341
solver6,0,41,336,541575,363,342
solver6,0,41,337,541576,363,343
solver6,0,41,338,541577,363,344
solver6,0,41,339,541578,363,345
solver6,0,41,340,541579,363,346
solver6,0,41,341,541580,363,347
solver6,0,41,342,541581,363,348
solver6,0,41,343,541582,363,349
solver6,0,41,344,541583,363,350
solver6,0,41,345,541584,363,351
solver6,0,41,346,541585,363,352
solver6,0,41,347,541586,363,353
solver6,0,41,348,541587,363,354
solver6,0,41,349,541588,363,355
solver6,0,41,350,541589,363,356
solver6,0,41,351,541590,363,357
solver6,0,41,352,541591,363,358
solver6,0,41,353,541592,363,359
solver6,0,41,354,541593,363,360
solver6,0,41,355,541594,363,361
solver6,0,41,356,541595,363,362
solver6,0,41,357,541596,363,363
solver6,0,41,358,541597,363,364
solver6,0,41,359,541598,363,365
solver6,0,41,360,541599,363,366
solver6,0,41,361,541600,363,367
solver6,0,41,362,541601,363,368
solver6,0,41,363,541602,363,369
solver6,0,41,364,541603,363,370
solver6,0,41,365,541604,363,371
solver6,0,41,366,541605,363,372
solver6,0,41,367,541606,363,373
solver6,0,41,368,541607,363,374
solver6,0,41,369,541608,363,375
solver6,0,41,370,541609,363,376
solver6,0,41,371,541610,363,377
solver6,0,41,372,541611,363,378
solver6,0,41,373,541612,363,379
solver6,0,41,374,541613,363,380
solver6,0,41,375,541614,363,381
solver6,0,41,376,541615,363,382
solver6,0,41,377,541616,363,383
solver6,0,41,378,541617,363,384
solver6,0,41,379,541618,363,385
solver6,0,41,380,541619,363,386
solver6,0,41,381,541620,363,387
solver6,0,41,382,541621,363,388
solver6,0,41,383,541622,363,389
solver6,0,41,384,541623,363,390
solver6,0,41,385,541624,363,391
solver6,0,41,386,541625,363,392
solver6,0,41,387,541626,363,393
solver6,0,41,388,541627,363,394
solver6,0,41,389,541628,363,395
solver6,0,41,390,541629,363,396
solver6,0,41,391,541630,363,397
solver6,0,41,392,541631,363,398
solver6,0,41,393,541632,363,399
solver6,0,41,394,541633,363,400
solver6,0,41,395,541634,363,401
solver6,0,41,396,541635,363,402
solver6,0,41,397,541636,363,403
solver6,0,41,398,541637,363,404
solver6,0,41,399,541638,363,405
solver6,0,41,400,541639,363,406
solver6,0,41,401,541640,363,407
solver6,0,41,402,541641,363,408
solver6,0,41,403,541642,363,409
solver6,0,41,404,541643,363,410
solver6,0,41,405,541644,363,411
solver6,0,41,406,541645,363,412
solver6,0,41,407,541646,363,413
solver6,0,41,408,541647,363,414
solver6,0,41,409,541648,363,415
solver6,0,41,410,541649,363,416
solver6,0,41,411,541650,363,417
solver6,0,41,412,541651,363,418
solver6,0,41,413,541652,363,419
solver6,0,41,414,541653,363,420
solver6,0,41,415,541654,363,421
solver6,0,41,416,541655,363,422
solver6,0,41,417,541656,363,423
solver6,0,41,418,541657,363,424
solver6,0,41,419,541658,363,425
solver6,0,41,420,541659,363,426
solver6,0,41,421,541660,363,427
solver6,0,41,422,541661,363,428
solver6,0,41,423,541662,363,429
solver6,0,41,424,541663,363,430
solver6,0,41,425,541664,363,431
solver6,0,41,426,541665,363,432
solver6,0,41,427,541666,363,433
solver6,0,41,428,541667,363,434
solver6,0,41,429,541668,363,435
solver6,0,41,430,541669,363,436
solver6,0,41,431,541670,363,437
solver6,0,41,432,541671,363,438
solver6,0,41,433,541672,363,439
solver6,0,41,434,541673,363,440
solver6,0,41,435,541674,363,441
solver6,0,41,436,541675,363,442
solver6,0,41,437,541676,363,443
solver6,0,41,438,541677,363,444
solver6,0,41,439,541678,363,445
solver6,0,41,440,541679,363,446
solver6,0,41,441,541680,363,447
solver6,0,41,442,541681,363,448
solver6,0,41,443,541682,363,449
solver6,0,41,444,541683,363,450
solver6,0,41,445,541684,363,451
solver6,0,41,446,541685,363,452
solver6,0,41,447,541686,363,453
solver6,0,41,448,541687,363,454
solver6,0,41,449,541688,363,455
solver6,0,41,450,541689,363,456
solver6,0,41,451,541690,363,457
solver6,0,41,452,541691,363,458
solver6,0,41,453,541692,363,459
solver6,0,41,454,541693,363,460
solver6,0,41,455,541694,363,461
solver6,0,41,456,541695,363,462
solver6,0,41,457,541696,363,463
solver6,0,41,458,543187,364,463
solver6,0,41,459,544678,365,463
solver6,0,41,460,546169,366,463
solver6,0,41,461,547660,367,463
solver6,0,41,462,549151,368,463
solver6,0,41,463,550642,369,463
solver6,0,41,464,552133,370,463
solver6,1,19,0,373594,250,844
solver6,1,19,1,372103,249,844
solver6,1,19,2,370612,248,844
solver6,1,19,3,369121,247,844
solver6,1,19,4,367630,246,844
solver6,1,19,5,366139,245,844
solver6,1,19,6,364648,244,844
solver6,1,19,7,364647,244,843
solver6,1,19,8,364646,244,842
solver6,1,19,9,364645,244,841
solver6,1,19,10,363154,243,841
solver6,1,19,11,363153,243,840
solver6,1,19,12,363152,243,839
solver6,1,19,13,361661,242,839
solver6,1,19,14,360170,241,839
solver6,1,19,15,360169,241,838
solver6,1,19,16,358678,240,838
solver6,1,19,17,358677,240,837
solver6,1,19,18,358676,240,836
solver6,1,19,19,358675,240,835
solver6,1,19,20,358674,240,834
solver6,1,19,21,358673,240,833
solver6,1,19,22,358672,240,832
solver6,1,19,23,358671,240,831
solver6,2,21,0,624956,419,227
solver6,2,21,1,623465,418,227
solver6,2,21,2,621974,417,227
solver6,2,21,3,620483,416,227
solver6,2,21,4,618992,415,227
solver6,2,21,5,617501,414,227
solver6,2,21,6,616010,413,227
solver6,2,21,7,614519,412,227
solver6,2,21,8,613028,411,227
solver6,2,21,9,611537,410,227
solver6,2,21,10,610046,409,227
solver6,2,21,11,608555,408,227
solver6,2,21,12,607064,407,227
solver6,2,21,13,605573,406,227
solver6,2,21,14,604082,405,227
solver6,2,21,15,602591,404,227
solver6,2,21,16,601100,403,227
solver6,2,21,17,599609,402,227
solver6,2,21,18,598118,401,227
solver6,2,21,19,596627,400,227
solver6,2,21,20,595136,399,227
solver6,2,21,21,593645,398,227
solver6,2,21,22,592154,397,227
solver6,2,21,23,590663,396,227
solver6,2,21,24,589172,395,227
solver6,2,21,25,587681,394,227
solver6,2,21,26,586190,393,227
solver6,2,21,27,584699,392,227
solver6,2,21,28,583208,391,227
solver6,2,21,29,581717,390,227
solver6,2,21,30,580226,389,227
solver6,2,21,31,578735,388,227
solver6,2,21,32,577244,387,227
solver6,2,21,33,575753,386,227
solver6,2,21,34,574262,385,227
solver6,2,21,35,572771,384,227
solver6,2,21,36,571280,383,227
solver6,2,21,37,571281,383,228
solver6,2,21,38,571282,383,229
solver6,2,21,39,571283,383,230
solver6,2,21,40,571284,383,231
solver6,2,21,41,571285,383,232
solver6,2,21,42,571286,383,233
solver6,2,21,43,571287,383,234
solver6,2,21,44,571288,383,235
solver6,2,21,45,571289,383,236
solver6,2,21,46,571290,383,237
solver6,3,28,0,634647,425,972
solver6,3,28,1,633156,424,972
solver6,3,28,2,631665,423,972
solver6,3,28,3,630174,422,972
solver6,3,28,4,628683,421,972
solver6,3,28,5,627192,420,972
solver6,3,28,6,625701,419,972
solver6,3,28,7,624210,418,972
solver6,3,28,8,622719,417,972
solver6,3,28,9,621228,416,972
solver6,3,28,10,619737,415,972
solver6,3,28,11,618246,414,972
solver6,3,28,12,616755,413,972
solver6,3,28,13,615264,412,972
solver6,3,28,14,615263,412,971
solver6,3,28,15,615262,412,970
solver6,3,28,16,615261,412,969
solver6,3,28,17,615260,412,968
solver6,3,28,18,615259,412,967
solver6,3,28,19,615258,412,966
solver6,3,28,20,615257,412,965
solver6,3,28,21,615256,412,964
solver6,3,28,22,613765,411,964
solver6,3,28,23,612274,410,964
solver6,3,28,24,610783,409,964
solver6,3,28,25,609292,408,964
solver6,3,28,26,607801,407,964
solver6,3,28,27,606310,406,964
solver6,3,28,28,604819,405,964
solver6,3,28,29,603328,404,964
solver6,3,28,30,601837,403,964
solver6,3,28,31,600346,402,964
solver6,3,28,32,598855,401,964
solver6,3,28,33,597364,400,964
solver6,3,28,34,595873,399,964
solver6,3,28,35,594382,398,964
solver6,3,28,36,592891,397,964
solver6,3,28,37,591400,396,964
solver6,3,28,38,592891,397,964
solver6,4,5,0,181177,121,766
solver6,4,5,1,179686,120,766
solver6,4,5,2,178195,119,766
solver6,4,5,3,176704,118,766
solver6,4,5,4,175213,117,766
solver6,4,5,5,175214,117,767
solver6,4,5,6,175215,117,768
solver6,4,5,7,175216,117,769
solver6,4,5,8,175217,117,770
solver6,4,5,9,175218,117,771
solver6,4,5,10,175219,117,772
solver6,4,5,11,175220,117,773
solver6,4,5,12,175221,117,774
solver6,4,5,13,175222,117,775
solver6,4,5,14,175223,117,776
solver6,4,5,15,175224,117,777
solver6,4,5,16,175225,117,778
solver6,4,5,17,175226,117,779
solver6,4,5,18,175227,117,780
solver6,4,5,19,175228,117,781
solver6,4,5,20,175229,117,782
solver6,4,5,21,175230,117,783
solver6,4,5,22,175231,117,784
solver6,4,5,23,175232,117,785
solver6,4,5,24,175233,117,786
solver6,4,5,25,175234,117,787
solver6,4,5,26,175235,117,788
solver6,4,5,27,175236,117,789
solver6,4,5,28,175237,117,790
solver6,4,5,29,175238,117,791
solver6,5,31,0,710420,476,704
solver6,5,31,1,710421,476,705
solver6,5,31,2,710422,476,706
solver6,5,31,3,710423,476,707
solver6,5,31,4,710424,476,708
solver6,5,31,5,710425,476,709
solver6,5,31,6,710426,476,710
solver6,5,31,7,710427,476,711
solver6,5,31,8,710428,476,712
solver6,5,31,9,711919,477,712
solver6,5,31,10,713410,478,712
solver6,5,31,11,714901,479,712
solver6,5,31,12,714902,479,713
solver6,5,31,13,716393,480,713
solver6,5,31,14,717884,481,713
solver6,5,31,15,719375,482,713
solver6,5,31,16,720866,483,713
solver6,5,31,17,720867,483,714
solver6,5,31,18,720868,483,715
solver6,5,31,19,720869,483,716
solver6,5,31,20,720870,483,717
solver6,5,31,21,720871,483,718
solver6,5,31,22,720872,483,719
solver6,5,31,23,720873,483,720
solver6,5,31,24,720874,483,721
solver6,5,31,25,720875,483,722
solver6,5,31,26,720876,483,723
solver6,5,31,27,720877,483,724
solver6,5,31,28,720878,483,725
solver6,5,31,29,720879,483,726
solver6,5,31,30,720880,483,727
solver6,5,31,31,720881,483,728
solver6,5,31,32,720882,483,729
solver6,5,31,33,720883,483,730
solver6,5,31,34,720884,483,731
solver6,5,31,35,720885,483,732
solver6,5,31,36,720886,483,733
solver6,5,31,37,720887,483,734
solver6,5,31,38,720888,483,735
solver6,5,31,39,720889,483,736
solver6,5,31,40,720890,483,737
solver6,5,31,41,720891,483,738
solver6,5,31,42,720892,483,739
solver6,5,31,43,720893,483,740
solver6,5,31,44,720894,483,741
solver6,5,31,45,720895,483,742
solver6,5,31,46,720896,483,743
solver6,5,31,47,720897,483,744
solver6,5,31,48,720898,483,745
solver6,5,31,49,720899,483,746
solver6,5,31,50,720900,483,747
solver6,5,31,51,720901,483,748
solver6,5,31,52,720902,483,749
solver6,5,31,53,720903,483,750
solver6,5,31,54,720904,483,751
solver6,5,31,55,720905,483,752
solver6,5,31,56,720906,483,753
solver6,5,31,57,720907,483,754
solver6,5,31,58,720908,483,755
solver6,5,31,59,720909,483,756
solver6,5,31,60,720910,483,757
solver6,5,31,61,720911,483,758
solver6,5,31,62,722402,484,758
solver6,5,31,63,723893,485,758
solver6,6,39,0,542421,363,1188
solver6,6,39,1,542422,363,1189
solver6,6,39,2,542423,363,1190
solver6,6,39,3,542424,363,1191
solver6,6,39,4,542425,363,1192
solver6,6,39,5,542426,363,1193
solver6,6,39,6,542427,363,1194
solver6,6,39,7,542428,363,1195
solver6,6,39,8,542429,363,1196
solver6,6,39,9,542430,363,1197
solver6,6,39,10,542431,363,1198
solver6,6,39,11,542432,363,1199
solver6,6,39,12,542433,363,1200
solver6,6,39,13,542434,363,1201
solver6,6,39,14,542435,363,1202
solver6,6,39,15,543926,364,1202
solver6,6,39,16,543927,364,1203
solver6,6,39,17,543928,364,1204
solver6,6,39,18,543929,364,1205
solver6,6,39,19,545420,365,1205
solver6,6,39,20,545421,365,1206
solver6,6,39,21,545422,365,1207
solver6,6,39,22,546913,366,1207
solver6,6,39,23,548404,367,1207
solver6,6,39,24,549895,368,1207
solver6,6,39,25,551386,369,1207
solver6,6,39,26,551387,369,1208
solver6,6,39,27,552878,370,1208
solver6,6,39,28,554369,371,1208
solver6,6,39,29,555860,372,1208
solver6,6,39,30,557351,373,1208
solver6,6,39,31,558842,374,1208
solver6,6,39,32,558843,374,1209
solver6,6,39,33,560334,375,1209
solver6,6,39,34,561825,376,1209
solver6,6,39,35,561826,376,1210
solver6,6,39,36,561827,376,1211
solver6,6,39,37,561828,376,1212
solver6,6,39,38,563319,377,1212
solver6,6,39,39,563320,377,1213
solver6,6,39,40,564811,378,1213
solver6,6,39,41,564812,378,1214
solver6,6,39,42,564813,378,1215
solver6,6,39,43,564814,378,1216
solver6,6,39,44,564815,378,1217
solver6,6,39,45,564816,378,1218
solver6,6,39,46,566307,379,1218
solver6,6,39,47,567798,380,1218
solver6,6,39,48,569289,381,1218
solver6,6,39,49,570780,382,1218
solver6,6,39,50,572271,383,1218
solver6,6,39,51,573762,384,1218
solver6,6,39,52,575253,385,1218
solver6,6,39,53,576744,386,1218
solver6,6,39,54,578235,387,1218
solver6,6,39,55,579726,388,1218
solver6,6,39,56,581217,389,1218
solver6,6,39,57,582708,390,1218
solver6,6,39,58,584199,391,1218
solver6,6,39,59,585690,392,1218
solver6,6,39,60,587181,393,1218
solver6,6,39,61,588672,394,1218
solver6,6,39,62,590163,395,1218
solver6,6,39,63,591654,396,1218
solver6,6,39,64,593145,397,1218
solver6,6,39,65,594636,398,1218
solver6,6,39,66,596127,399,1218
solver6,6,39,67,597618,400,1218
solver6,6,39,68,599109,401,1218
solver6,6,39,69,600600,402,1218
solver6,6,39,70,602091,403,1218
solver6,6,39,71,602092,403,1219
solver6,6,39,72,603583,404,1219
solver6,6,39,73,605074,405,1219
solver6,6,39,74,606565,406,1219
solver6,6,39,75,608056,407,1219
solver6,6,39,76,609547,408,1219
solver6,6,39,77,611038,409,1219
solver6,6,39,78,612529,410,1219
solver6,6,39,79,612530,410,1220
solver6,6,39,80,614021,411,1220
solver6,6,39,81,615512,412,1220
solver6,6,39,82,617003,413,1220
solver6,6,39,83,617004,413,1221
solver6,6,39,84,617005,413,1222
solver6,6,39,85,618496,414,1222
solver6,6,39,86,618497,414,1223
solver6,6,39,87,618498,414,1224
solver6,6,39,88,618499,414,1225
solver6,6,39,89,618500,414,1226
solver6,6,39,90,618501,414,1227
solver6,6,39,91,619992,415,1227
solver6,6,39,92,619993,415,1228
solver6,6,39,93,619994,415,1229
solver6,6,39,94,621485,416,1229
solver6,6,39,95,621486,416,1230
solver6,6,39,96,621487,416,1231
solver6,6,39,97,621488,416,1232
solver6,6,39,98,621489,416,1233
solver6,6,39,99,621490,416,1234
solver6,6,39,100,621491,416,1235
solver6,6,39,101,621492,416,1236
solver6,6,39,102,621493,416,1237
solver6,6,39,103,621494,416,1238
solver6,6,39,104,621495,416,1239
solver6,6,39,105,621496,416,1240
solver6,6,39,106,621497,416,1241
solver6,6,39,107,621498,416,1242
solver6,6,39,108,621499,416,1243
solver6,6,39,109,621500,416,1244
solver6,6,39,110,621501,416,1245
solver6,6,39,111,621502,416,1246
solver6,6,39,112,621503,416,1247
solver6,6,39,113,621504,416,1248
solver6,6,39,114,621505,416,1249
solver6,6,39,115,621506,416,1250
solver6,6,39,116,621507,416,1251
solver6,6,39,117,621508,416,1252
solver6,6,39,118,621509,416,1253
solver6,6,39,119,621510,416,1254
solver6,6,39,120,621511,416,1255
solver6,6,39,121,621512,416,1256
solver6,6,39,122,621513,416,1257
solver6,6,39,123,621514,416,1258
solver6,6,39,124,621515,416,1259
solver6,6,39,125,621516,416,1260
solver6,6,39,126,621517,416,1261
solver6,6,39,127,621518,416,1262
solver6,6,39,128,621519,416,1263
solver6,6,39,129,621520,416,1264
solver6,6,39,130,621521,416,1265
solver6,6,39,131,621522,416,1266
solver6,6,39,132,621523,416,1267
solver6,6,39,133,621524,416,1268
solver6,6,39,134,621525,416,1269
solver6,6,39,135,621526,416,1270
solver6,6,39,136,621527,416,1271
solver6,6,39,137,621528,416,1272
solver6,6,39,138,621529,416,1273
solver6,6,39,139,621530,416,1274
solver6,6,39,140,621531,416,1275
solver6,6,39,141,621532,416,1276
solver6,6,39,142,621533,416,1277
solver6,6,39,143,621534,416,1278
solver6,6,39,144,621535,416,1279
solver6,6,39,145,621536,416,1280
solver6,6,39,146,621537,416,1281
solver6,6,39,147,621538,416,1282
solver6,6,39,148,621539,416,1283
solver6,6,39,149,621540,416,1284
solver6,6,39,150,621541,416,1285
solver6,6,39,151,621542,416,1286
solver6,6,39,152,621543,416,1287
solver6,6,39,153,621544,416,1288
solver6,6,39,154,621545,416,1289
solver6,6,39,155,621546,416,1290
solver6,6,39,156,621547,416,1291
solver6,6,39,157,621548,416,1292
solver6,6,39,158,621549,416,1293
solver6,6,39,159,621550,416,1294
solver6,6,39,160,621551,416,1295
solver6,6,39,161,621552,416,1296
solver6,6,39,162,621553,416,1297
solver6,6,39,163,621554,416,1298
solver6,6,39,164,621555,416,1299
solver6,6,39,165,621556,416,1300
solver6,6,39,166,621557,416,1301
solver6,6,39,167,621558,416,1302
solver6,6,39,168,621559,416,1303
solver6,6,39,169,621560,416,1304
solver6,6,39,170,621561,416,1305
solver6,6,39,171,621562,416,1306
solver6,6,39,172,621563,416,1307
solver6,6,39,173,621564,416,1308
solver6,6,39,174,621565,416,1309
solver6,6,39,175,620074,415,1309
solver6,6,39,176,620075,415,1310
solver6,6,39,177,620076,415,1311
solver6,6,39,178,620077,415,1312
solver6,6,39,179,620078,415,1313
solver6,6,39,180,620079,415,1314
solver6,6,39,181,620080,415,1315
solver6,6,39,182,620081,415,1316
solver6,6,39,183,620082,415,1317
solver6,6,39,184,620083,415,1318
solver6,6,39,185,620084,415,1319
solver6,6,39,186,618593,414,1319
solver6,6,39,187,618594,414,1320
solver6,6,39,188,618595,414,1321
solver6,6,39,189,618596,414,1322
solver6,6,39,190,618597,414,1323
solver6,6,39,191,618598,414,1324
solver6,6,39,192,617107,413,1324
solver6,6,39,193,617108,413,1325
solver6,6,39,194,617109,413,1326
solver6,6,39,195,617110,413,1327
solver6,6,39,196,617111,413,1328
solver6,6,39,197,617112,413,1329
solver6,6,39,198,617113,413,1330
solver6,6,39,199,617114,413,1331
solver6,6,39,200,617115,413,1332
solver6,7,43,0,817898,548,830
solver6,7,43,1,817899,548,831
solver6,7,43,2,817900,548,832
solver6,7,43,3,817901,548,833
solver6,7,43,4,817902,548,834
solver6,7,43,5,819393,549,834
solver6,7,43,6,820884,550,834
solver6,7,43,7,822375,551,834
solver6,7,43,8,823866,552,834
solver6,7,43,9,825357,553,834
solver6,7,43,10,826848,554,834
solver6,7,43,11,828339,555,834
solver6,7,43,12,829830,556,834
solver6,7,43,13,831321,557,834
solver6,7,43,14,832812,558,834
solver6,7,43,15,834303,559,834
solver6,7,43,16,835794,560,834
solver6,7,43,17,837285,561,834
solver6,8,11,0,218558,146,872
solver6,8,11,1,218559,146,873
solver6,8,11,2,218560,146,874
solver6,8,11,3,218561,146,875
solver6,8,11,4,218562,146,876
solver6,8,11,5,218563,146,877
solver6,8,11,6,218564,146,878
solver6,8,11,7,218565,146,879
solver6,8,11,8,218566,146,880
solver6,8,11,9,218567,146,881
solver6,8,11,10,218568,146,882
solver6,8,11,11,218569,146,883
solver6,8,11,12,218570,146,884
solver6,8,11,13,218571,146,885
solver6,8,11,14,220062,147,885
solver6,8,11,15,221553,148,885
solver6,8,11,16,221554,148,886
solver6,8,11,17,221555,148,887
solver6,8,11,18,221556,148,888
solver6,8,11,19,221557,148,889
solver6,8,11,20,221558,148,890
solver6,8,11,21,221559,148,891
solver6,8,11,22,221560,148,892
solver6,8,11,23,221561,148,893
solver6,8,11,24,221562,148,894
solver6,8,11,25,221563,148,895
solver6,8,11,26,221564,148,896
solver6,8,11,27,221565,148,897
solver6,8,11,28,221566,148,898
solver6,8,11,29,221567,148,899
solver6,8,11,30,221568,148,900
solver6,8,11,31,221569,148,901
solver6,8,11,32,221570,148,902
solver6,8,11,33,221571,148,903
solver6,8,11,34,221572,148,904
solver6,8,11,35,221573,148,905
solver6,8,11,36,221574,148,906
solver6,8,11,37,221575,148,907
solver6,8,11,38,221576,148,908
solver6,8,11,39,221577,148,909
solver6,8,11,40,221578,148,910
solver6,8,11,41,223069,149,910
solver6,8,11,42,224560,150,910
solver6,8,11,43,226051,151,910
solver6,8,11,44,227542,152,910
solver6,8,11,45,229033,153,910
solver6,8,11,46,230524,154,910
solver6,8,11,47,232015,155,910
solver6,8,11,48,233506,156,910
solver6,8,11,49,234997,157,910
solver6,8,11,50,236488,158,910
solver6,8,11,51,237979,159,910
solver6,8,11,52,239470,160,910
solver6,9,13,0,190036,127,679
solver6,9,13,1,191527,128,679
solver6,9,13,2,193018,129,679
solver6,9,13,3,194509,130,679
solver6,9,13,4,196000,131,679
solver6,9,13,5,197491,132,679
solver6,9,13,6,198982,133,679
solver6,9,13,7,200473,134,679
solver6,9,13,8,201964,135,679
solver6,9,13,9,203455,136,679
solver6,9,13,10,204946,137,679
solver6,9,13,11,206437,138,679
solver6,9,13,12,207928,139,679
solver6,9,13,13,209419,140,679
solver6,9,13,14,210910,141,679
solver6,9,13,15,212401,142,679
solver6,9,13,16,213892,143,679
solver6,9,13,17,215383,144,679
solver6,9,13,18,216874,145,679
solver6,9,13,19,218365,146,679
solver6,9,13,20,219856,147,679
solver6,9,13,21,221347,148,679
solver6,9,13,22,222838,149,679
solver6,9,13,23,224329,150,679
solver6,9,13,24,225820,151,679
solver6,9,13,25,227311,152,679
solver6,9,13,26,228802,153,679
solver6,9,13,27,230293,154,679
solver6,9,13,28,231784,155,679
solver6,9,13,29,233275,156,679
solver6,9,13,30,234766,157,679
solver6,9,13,31,236257,158,679
solver6,9,13,32,237748,159,679
solver6,9,13,33,239239,160,679
solver6,9,13,34,240730,161,679
solver6,9,13,35,242221,162,679
solver6,9,13,36,243712,163,679
solver6,9,13,37,245203,164,679
solver6,9,13,38,246694,165,679
solver6,9,13,39,248185,166,679
solver6,9,13,40,249676,167,679
solver6,9,13,41,251167,168,679
solver6,9,13,42,252658,169,679
solver6,9,13,43,254149,170,679
solver6,9,13,44,254150,170,680
solver6,9,13,45,255641,171,680
solver6,9,13,46,257132,172,680
solver6,9,13,47,258623,173,680
solver6,9,13,48,260114,174,680
solver6,9,13,49,261605,175,680
solver6,9,13,50,261606,175,681
solver6,9,13,51,263097,176,681
solver6,9,13,52,264588,177,681
solver6,9,13,53,266079,178,681
solver6,9,13,54,267570,179,681
solver6,9,13,55,269061,180,681
solver6,9,13,56,270552,181,681
solver6,9,13,57,272043,182,681
solver6,9,13,58,273534,183,681
solver6,9,13,59,275025,184,681
solver6,9,13,60,276516,185,681
solver6,9,13,61,278007,186,681
solver6,9,13,62,279498,187,681
solver6,9,13,63,280989,188,681
solver6,9,13,64,282480,189,681
solver6,9,13,65,283971,190,681
solver6,9,13,66,285462,191,681
solver6,9,13,67,286953,192,681
solver6,9,13,68,288444,193,681
solver6,9,13,69,289935,194,681
solver6,9,13,70,291426,195,681
solver6,9,13,71,292917,196,681
solver6,9,13,72,294408,197,681
solver6,9,13,73,295899,198,681
solver6,9,13,74,297390,199,681
solver6,9,13,75,298881,200,681
solver6,9,13,76,300372,201,681
solver6,9,13,77,301863,202,681
solver6,9,13,78,303354,203,681
solver6,9,13,79,304845,204,681
solver6,9,13,80,306336,205,681
solver6,9,13,81,307827,206,681
solver6,9,13,82,309318,207,681
solver6,10,25,0,594142,398,724
solver6,10,25,1,592651,397,724
solver6,10,25,2,591160,396,724
solver6,10,25,3,589669,395,724
solver6,10,25,4,588178,394,724
solver6,10,25,5,586687,393,724
solver6,10,25,6,585196,392,724
solver6,10,25,7,583705,391,724
solver6,10,25,8,582214,390,724
solver6,10,25,9,580723,389,724
solver6,10,25,10,579232,388,724
solver6,10,25,11,577741,387,724
solver6,10,25,12,576250,386,724
solver6,10,25,13,574759,385,724
solver6,10,25,14,573268,384,724
solver6,10,25,15,571777,383,724
solver6,10,25,16,571776,383,723
solver6,10,25,17,571775,383,722
solver6,10,25,18,571774,383,721
solver6,10,25,19,571773,383,720
solver6,10,25,20,571772,383,719
solver6,10,25,21,571771,383,718
solver6,10,25,22,571770,383,717
solver6,10,25,23,571769,383,716
solver6,10,25,24,571768,383,715
solver6,10,25,25,571767,383,714
solver6,10,25,26,571766,383,713
solver6,10,25,27,571765,383,712
solver6,10,25,28,571764,383,711
solver6,10,25,29,571763,383,710
solver6,10,25,30,571762,383,709
solver6,10,25,31,571761,383,708
solver6,10,25,32,571760,383,707
solver6,10,25,33,571759,383,706
solver6,10,25,34,571758,383,705
solver6,10,25,35,571757,383,704
solver6,10,25,36,571756,383,703
solver6,10,25,37,571755,383,702
solver6,10,25,38,571754,383,701
solver6,10,25,39,571753,383,700
solver6,10,25,40,571752,383,699
solver6,10,25,41,571751,383,698
solver6,10,25,42,571750,383,697
solver6,10,25,43,571749,383,696
solver6,11,8,0,225929,151,788
solver6,11,8,1,224438,150,788
solver6,11,8,2,222947,149,788
solver6,11,8,3,221456,148,788
solver6,11,8,4,219965,147,788
solver6,11,8,5,218474,146,788
solver6,11,8,6,218475,146,789
solver6,11,8,7,218476,146,790
solver6,11,8,8,218477,146,791
solver6,11,8,9,218478,146,792
solver6,11,8,10,218479,146,793
solver6,11,8,11,218480,146,794
solver6,11,8,12,218481,146,795
solver6,11,8,13,218482,146,796
solver6,11,8,14,218483,146,797
solver6,11,8,15,218484,146,798
solver6,11,8,16,218485,146,799
solver6,11,8,17,218486,146,800
solver6,11,8,18,218487,146,801
solver6,11,8,19,218488,146,802
solver6,11,8,20,218489,146,803
solver6,11,8,21,218490,146,804
solver6,11,8,22,218491,146,805
solver6,11,8,23,218492,146,806
solver6,11,8,24,218493,146,807
solver6,11,8,25,218494,146,808
solver6,12,42,0,495493,332,481
solver6,12,42,1,495492,332,480
solver6,12,42,2,495493,332,481
solver6,12,42,3,495494,332,482
solver6,12,42,4,495495,332,483
solver6,12,42,5,495496,332,484
solver6,12,42,6,495497,332,485
solver6,12,42,7,495498,332,486
solver6,12,42,8,495499,332,487
solver6,12,42,9,495500,332,488
solver6,12,42,10,495501,332,489
solver6,12,42,11,495502,332,490
solver6,12,42,12,495503,332,491
solver6,12,42,13,495504,332,492
solver6,12,42,14,495505,332,493
solver6,12,42,15,496996,333,493
solver6,13,17,0,445363,298,1045
solver6,13,17,1,445362,298,1044
solver6,13,17,2,445361,298,1043
solver6,13,17,3,445360,298,1042
solver6,13,17,4,445359,298,1041
solver6,13,17,5,445358,298,1040
solver6,13,17,6,445357,298,1039
solver6,13,17,7,445356,298,1038
solver6,13,17,8,445355,298,1037
solver6,13,17,9,445354,298,1036
solver6,13,17,10,446845,299,1036
solver6,13,17,11,448336,300,1036
solver6,13,17,12,449827,301,1036
solver6,13,17,13,451318,302,1036
solver6,13,17,14,452809,303,1036
solver6,13,17,15,454300,304,1036
solver6,13,17,16,454299,304,1035
solver6,13,17,17,454298,304,1034
solver6,13,17,18,454297,304,1033
solver6,13,17,19,454296,304,1032
solver6,13,17,20,454295,304,1031
solver6,13,17,21,454294,304,1030
solver6,13,17,22,455785,305,1030
solver6,13,17,23,457276,306,1030
solver6,13,17,24,457275,306,1029
solver6,13,17,25,457274,306,1028
solver6,13,17,26,457273,306,1027
solver6,13,17,27,457272,306,1026
solver6,13,17,28,457271,306,1025
solver6,13,17,29,457270,306,1024
solver6,13,17,30,457269,306,1023
solver6,13,17,31,457268,306,1022
solver6,13,17,32,457267,306,1021
solver6,13,17,33,457266,306,1020
solver6,13,17,34,457265,306,1019
solver6,13,17,35,457264,306,1018
solver6,13,17,36,457263,306,1017
solver6,13,17,37,457262,306,1016
solver6,13,17,38,457261,306,1015
solver6,13,17,39,457260,306,1014
solver6,13,17,40,457259,306,1013
solver6,13,17,41,457258,306,1012
solver6,13,17,42,457257,306,1011
solver6,13,17,43,457256,306,1010
solver6,13,17,44,457255,306,1009
solver6,13,17,45,457254,306,1008
solver6,13,17,46,457253,306,1007
solver6,13,17,47,457252,306,1006
solver6,13,17,48,457251,306,1005
solver6,13,17,49,457250,306,1004
solver6,13,17,50,457249,306,1003
solver6,13,17,51,457248,306,1002
solver6,13,17,52,457247,306,1001
solver6,13,17,53,457246,306,1000
solver6,13,17,54,457245,306,999
solver6,13,17,55,457244,306,998
solver6,13,17,56,457243,306,997
solver6,13,17,57,457242,306,996
solver6,13,17,58,457241,306,995
solver6,13,17,59,457240,306,994
solver6,13,17,60,457239,306,993
solver6,13,17,61,457238,306,992
solver6,13,17,62,457237,306,991
solver6,13,17,63,457236,306,990
solver6,13,17,64,457235,306,989
solver6,13,17,65,457234,306,988
solver6,13,17,66,457233,306,987
solver6,13,17,67,457232,306,986
solver6,13,17,68,457231,306,985
solver6,13,17,69,458722,307,985
solver6,13,17,70,460213,308,985
solver6,13,17,71,461704,309,985
solver6,13,17,72,463195,310,985
solver6,13,17,73,464686,311,985
solver6,13,17,74,466177,312,985
solver6,13,17,75,467668,313,985
solver6,13,17,76,469159,314,985
solver6,13,17,77,470650,315,985
solver6,13,17,78,472141,316,985
solver6,13,17,79,473632,317,985
solver6,13,17,80,475123,318,985
solver6,13,17,81,476614,319,985
solver6,13,17,82,478105,320,985
solver6,13,17,83,479596,321,985
solver6,13,17,84,481087,322,985
solver6,13,17,85,482578,323,985
solver6,13,17,86,484069,324,985
solver6,13,17,87,485560,325,985
solver6,13,17,88,487051,326,985
solver6,13,17,89,488542,327,985
solver6,13,17,90,490033,328,985
solver6,13,17,91,491524,329,985
solver6,13,17,92,493015,330,985
solver6,13,17,93,494506,331,985
solver6,13,17,94,495997,332,985
solver6,13,17,95,497488,333,985
solver6,13,17,96,498979,334,985
solver6,13,17,97,500470,335,985
solver6,13,17,98,501961,336,985
solver6,13,17,99,503452,337,985
solver6,13,17,100,504943,338,985
solver6,13,17,101,506434,339,985
solver6,13,17,102,507925,340,985
solver6,13,17,103,509416,341,985
solver6,13,17,104,510907,342,985
solver6,13,17,105,512398,343,985
solver6,14,27,0,466249,312,1057
solver6,14,27,1,466248,312,1056
solver6,14,27,2,464757,311,1056
solver6,14,27,3,463266,310,1056
solver6,14,27,4,461775,309,1056
solver6,14,27,5,460284,308,1056
solver6,14,27,6,458793,307,1056
solver6,14,27,7,457302,306,1056
solver6,14,27,8,455811,305,1056
solver6,14,27,9,454320,304,1056
solver6,14,27,10,454321,304,1057
solver6,14,27,11,454322,304,1058
solver6,14,27,12,452831,303,1058
solver6,14,27,13,451340,302,1058
solver6,14,27,14,449849,301,1058
solver6,14,27,15,448358,300,1058
solver6,14,27,16,446867,299,1058
solver6,14,27,17,446868,299,1059
solver6,14,27,18,446869,299,1060
solver6,14,27,19,446870,299,1061
solver6,14,27,20,445379,298,1061
solver6,14,27,21,443888,297,1061
solver6,14,27,22,442397,296,1061
solver6,14,27,23,440906,295,1061
solver6,14,27,24,439415,294,1061
solver6,14,27,25,437924,293,1061
solver6,14,27,26,436433,292,1061
solver6,14,27,27,434942,291,1061
solver6,14,27,28,434941,291,1060
solver6,14,27,29,433450,290,1060
solver6,14,27,30,431959,289,1060
solver6,14,27,31,430468,288,1060
solver6,14,27,32,428977,287,1060
solver6,14,27,33,427486,286,1060
solver6,14,27,34,425995,285,1060
solver6,14,27,35,424504,284,1060
solver6,14,27,36,425995,285,1060
solver6,15,18,0,630931,423,238
solver6,15,18,1,629440,422,238
solver6,15,18,2,627949,421,238
solver6,15,18,3,626458,420,238
solver6,15,18,4,624967,419,238
solver6,15,18,5,623476,418,238
solver6,15,18,6,621985,417,238
solver6,15,18,7,620494,416,238
solver6,15,18,8,619003,415,238
solver6,15,18,9,617512,414,238
solver6,15,18,10,616021,413,238
solver6,15,18,11,614530,412,238
solver6,15,18,12,613039,411,238
solver6,15,18,13,611548,410,238
solver6,15,18,14,610057,409,238
solver6,15,18,15,608566,408,238
solver6,15,18,16,607075,407,238
solver6,15,18,17,605584,406,238
solver6,15,18,18,604093,405,238
solver6,15,18,19,602602,404,238
solver6,15,18,20,601111,403,238
solver6,15,18,21,599620,402,238
solver6,15,18,22,598129,401,238
solver6,15,18,23,596638,400,238
solver6,15,18,24,595147,399,238
solver6,15,18,25,593656,398,238
solver6,15,18,26,592165,397,238
solver6,15,18,27,590674,396,238
solver6,15,18,28,589183,395,238
solver6,15,18,29,587692,394,238
solver6,15,18,30,586201,393,238
solver6,15,18,31,584710,392,238
solver6,15,18,32,583219,391,238
solver6,16,12,0,138030,92,858
solver6,16,12,1,136539,91,858
solver6,16,12,2,135048,90,858
solver6,16,12,3,133557,89,858
solver6,16,12,4,132066,88,858
solver6,16,12,5,130575,87,858
solver6,16,12,6,129084,86,858
solver6,16,12,7,127593,85,858
solver6,16,12,8,126102,84,858
solver6,16,12,9,124611,83,858
solver6,16,12,10,123120,82,858
solver6,16,12,11,121629,81,858
solver6,16,12,12,120138,80,858
solver6,16,12,13,118647,79,858
solver6,16,12,14,117156,78,858
solver6,16,12,15,115665,77,858
solver6,16,12,16,114174,76,858
solver6,16,12,17,112683,75,858
solver6,16,12,18,111192,74,858
solver6,16,12,19,109701,73,858
solver6,16,12,20,108210,72,858
solver6,16,12,21,106719,71,858
solver6,16,12,22,105228,70,858
solver6,16,12,23,103737,69,858
solver6,16,12,24,102246,68,858
solver6,16,12,25,100755,67,858
solver6,16,12,26,99264,66,858
solver6,16,12,27,99263,66,857
solver6,16,12,28,99262,66,856
solver6,16,12,29,99261,66,855
solver6,16,12,30,99260,66,854
solver6,16,12,31,99259,66,853
solver6,16,12,32,99258,66,852
solver6,16,12,33,99257,66,851
solver6,16,12,34,99256,66,850
solver6,16,12,35,99255,66,849
solver6,16,12,36,99254,66,848
solver6,16,12,37,99253,66,847
solver6,16,12,38,99252,66,846
solver6,16,12,39,99251,66,845
solver6,16,12,40,99250,66,844
solver6,16,12,41,99249,66,843
solver6,16,12,42,99248,66,842
solver6,16,12,43,99247,66,841
solver6,16,12,44,99246,66,840
solver6,16,12,45,99245,66,839
solver6,16,12,46,99244,66,838
solver6,16,12,47,99243,66,837
solver6,16,12,48,99242,66,836
solver6,17,6,0,919341,616,885
solver6,17,6,1,917850,615,885
solver6,17,6,2,916359,614,885
solver6,17,6,3,914868,613,885
solver6,17,6,4,913377,612,885
solver6,17,6,5,911886,611,885
solver6,17,6,6,910395,610,885
solver6,17,6,7,910396,610,886
solver6,17,6,8,910397,610,887
solver6,17,6,9,910398,610,888
solver6,17,6,10,910399,610,889
solver6,17,6,11,910400,610,890
solver6,17,6,12,910401,610,891
solver6,17,6,13,910402,610,892
solver6,17,6,14,910403,610,893
solver6,17,6,15,910404,610,894
solver6,17,6,16,910405,610,895
solver6,17,6,17,910406,610,896
solver6,17,6,18,910407,610,897
solver6,17,6,19,910408,610,898
solver6,17,6,20,910409,610,899
solver6,17,6,21,910410,610,900
solver6,17,6,22,910411,610,901
solver6,17,6,23,910412,610,902
solver6,17,6,24,910413,610,903
solver6,17,6,25,910414,610,904
solver6,17,6,26,910415,610,905
solver6,17,6,27,910416,610,906
solver6,17,6,28,910417,610,907
solver6,17,6,29,910418,610,908
solver6,17,6,30,910419,610,909
solver6,17,6,31,910420,610,910
solver6,17,6,32,910421,610,911
solver6,17,6,33,910422,610,912
solver6,17,6,34,910423,610,913
solver6,17,6,35,910424,610,914
solver6,17,6,36,911915,611,914
solver6,18,23,0,224461,150,811
solver6,18,23,1,224462,150,812
solver6,18,23,2,224463,150,813
solver6,18,23,3,224464,150,814
solver6,18,23,4,224465,150,815
solver6,18,23,5,224466,150,816
solver6,18,23,6,224467,150,817
solver6,18,23,7,224468,150,818
solver6,18,23,8,224469,150,819
solver6,18,23,9,224470,150,820
solver6,18,23,10,224471,150,821
solver6,18,23,11,224472,150,822
solver6,18,23,12,224473,150,823
solver6,18,23,13,224474,150,824
solver6,18,23,14,224475,150,825
solver6,18,23,15,224476,150,826
solver6,18,23,16,224477,150,827
solver6,18,23,17,224478,150,828
solver6,18,23,18,224479,150,829
solver6,18,23,19,224480,150,830
solver6,18,23,20,224481,150,831
solver6,18,23,21,224482,150,832
solver6,18,23,22,224483,150,833
solver6,18,23,23,224484,150,834
solver6,18,23,24,224485,150,835
solver6,18,23,25,224486,150,836
solver6,18,23,26,224487,150,837
solver6,18,23,27,224488,150,838
solver6,18,23,28,224489,150,839
solver6,18,23,29,224490,150,840
solver6,18,23,30,224491,150,841
solver6,18,23,31,224492,150,842
solver6,18,23,32,224493,150,843
solver6,18,23,33,224494,150,844
solver6,18,23,34,224495,150,845
solver6,18,23,35,224496,150,846
solver6,18,23,36,224497,150,847
solver6,18,23,37,224498,150,848
solver6,18,23,38,224499,150,849
solver6,18,23,39,224500,150,850
solver6,18,23,40,224501,150,851
solver6,18,23,41,224502,150,852
solver6,18,23,42,224503,150,853
solver6,18,23,43,224504,150,854
solver6,18,23,44,224505,150,855
solver6,18,23,45,225996,151,855
solver6,18,23,46,227487,152,855
solver6,18,23,47,228978,153,855
solver6,18,23,48,230469,154,855
solver6,19,24,0,604074,405,219
solver6,19,24,1,602583,404,219
solver6,19,24,2,601092,403,219
solver6,19,24,3,599601,402,219
solver6,19,24,4,598110,401,219
solver6,19,24,5,596619,400,219
solver6,19,24,6,595128,399,219
solver6,19,24,7,593637,398,219
solver6,19,24,8,592146,397,219
solver6,19,24,9,590655,396,219
solver6,19,24,10,589164,395,219
solver6,19,24,11,587673,394,219
solver6,19,24,12,586182,393,219
solver6,19,24,13,584691,392,219
solver6,19,24,14,583200,391,219
solver6,19,24,15,581709,390,219
solver6,19,24,16,580218,389,219
solver6,19,24,17,578727,388,219
solver6,19,24,18,577236,387,219
solver6,19,24,19,575745,386,219
solver6,19,24,20,574254,385,219
solver6,19,24,21,572763,384,219
solver6,19,24,22,571272,383,219
solver6,19,24,23,569781,382,219
solver6,19,24,24,568290,381,219
solver6,19,24,25,566799,380,219
solver6,19,24,26,565308,379,219
solver6,19,24,27,563817,378,219
solver6,19,24,28,562326,377,219
solver6,19,24,29,560835,376,219
solver6,19,24,30,559344,375,219
solver6,19,24,31,557853,374,219
solver6,19,24,32,556362,373,219
solver6,19,24,33,554871,372,219
solver6,19,24,34,553380,371,219
solver6,19,24,35,551889,370,219
solver6,19,24,36,550398,369,219
solver6,19,24,37,548907,368,219
solver6,19,24,38,547416,367,219
solver6,19,24,39,545925,366,219
solver6,19,24,40,544434,365,219
solver6,19,24,41,542943,364,219
solver6,19,24,42,541452,363,219
solver6,19,24,43,541453,363,220
solver6,19,24,44,541454,363,221
solver6,19,24,45,541455,363,222
solver6,19,24,46,541456,363,223
solver6,19,24,47,541457,363,224
solver6,19,24,48,541458,363,225
solver6,19,24,49,541459,363,226
solver6,19,24,50,541460,363,227
solver6,19,24,51,541461,363,228
solver6,19,24,52,541462,363,229
solver6,19,24,53,541463,363,230
solver6,19,24,54,541464,363,231
solver6,19,24,55,541465,363,232
solver6,19,24,56,541466,363,233
solver6,19,24,57,541467,363,234
solver6,19,24,58,541468,363,235
solver6,19,24,59,541469,363,236
solver6,19,24,60,541470,363,237
solver6,19,24,61,541471,363,238
solver6,19,24,62,541472,363,239
solver6,19,24,63,541473,363,240
solver6,19,24,64,541474,363,241
solver6,19,24,65,541475,363,242
solver6,19,24,66,541476,363,243
solver6,19,24,67,541477,363,244
solver6,19,24,68,541478,363,245
solver6,19,24,69,541479,363,246
solver6,19,24,70,541480,363,247
solver6,19,24,71,541481,363,248
solver6,19,24,72,541482,363,249
solver6,19,24,73,541483,363,250
solver6,19,24,74,541484,363,251
solver6,19,24,75,541485,363,252
solver6,19,24,76,541486,363,253
solver6,19,24,77,541487,363,254
solver6,19,24,78,541488,363,255
solver6,19,24,79,541489,363,256
solver6,19,24,80,541490,363,257
solver6,19,24,81,541491,363,258
solver6,19,24,82,541492,363,259
solver6,19,24,83,541493,363,260
solver6,19,24,84,541494,363,261
solver6,19,24,85,541495,363,262
solver6,19,24,86,541496,363,263
solver6,19,24,87,541497,363,264
solver6,19,24,88,541498,363,265
solver6,19,24,89,541499,363,266
solver6,19,24,90,541500,363,267
solver6,19,24,91,541501,363,268
solver6,19,24,92,541502,363,269
solver6,19,24,93,541503,363,270
solver6,19,24,94,541504,363,271
solver6,19,24,95,541505,363,272
solver6,19,24,96,541506,363,273
solver6,19,24,97,541507,363,274
solver6,19,24,98,541508,363,275
solver6,19,24,99,541509,363,276
solver6,19,24,100,541510,363,277
solver6,19,24,101,541511,363,278
solver6,19,24,102,541512,363,279
solver6,19,24,103,541513,363,280
solver6,19,24,104,541514,363,281
solver6,19,24,105,541515,363,282
solver6,19,24,106,541516,363,283
solver6,19,24,107,541517,363,284
solver6,19,24,108,541518,363,285
solver6,19,24,109,541519,363,286
solver6,19,24,110,541520,363,287
solver6,19,24,111,541521,363,288
solver6,19,24,112,541522,363,289
solver6,19,24,113,541523,363,290
solver6,19,24,114,541524,363,291
solver6,19,24,115,541525,363,292
solver6,19,24,116,541526,363,293
solver6,19,24,117,541527,363,294
solver6,19,24,118,541528,363,295
solver6,19,24,119,541529,363,296
solver6,19,24,120,541530,363,297
solver6,19,24,121,541531,363,298
solver6,19,24,122,541532,363,299
solver6,19,24,123,541533,363,300
solver6,19,24,124,541534,363,301
solver6,19,24,125,541535,363,302
solver6,19,24,126,541536,363,303
solver6,19,24,127,541537,363,304
solver6,19,24,128,541538,363,305
solver6,19,24,129,541539,363,306
solver6,19,24,130,541540,363,307
solver6,19,24,131,541541,363,308
solver6,19,24,132,541542,363,309
solver6,19,24,133,541543,363,310
solver6,19,24,134,541544,363,311
solver6,19,24,135,541545,363,312
solver6,19,24,136,541546,363,313
solver6,19,24,137,541547,363,314
solver6,19,24,138,541548,363,315
solver6,19,24,139,541549,363,316
solver6,19,24,140,541550,363,317
solver6,19,24,141,541551,363,318
solver6,19,24,142,541552,363,319
solver6,19,24,143,541553,363,320
solver6,19,24,144,541554,363,321
solver6,19,24,145,541555,363,322
solver6,19,24,146,541556,363,323
solver6,19,24,147,541557,363,324
solver6,19,24,148,541558,363,325
solver6,19,24,149,541559,363,326
solver6,19,24,150,541560,363,327
solver6,19,24,151,541561,363,328
solver6,19,24,152,541562,363,329
solver6,19,24,153,541563,363,330
solver6,19,24,154,541564,363,331
solver6,19,24,155,541565,363,332
solver6,19,24,156,541566,363,333
solver6,19,24,157,541567,363,334
solver6,19,24,158,541568,363,335
solver6,19,24,159,541569,363,336
solver6,19,24,160,541570,363,337
solver6,19,24,161,541571,363,338
solver6,19,24,162,541572,363,339
solver6,19,24,163,541573,363,340
solver6,19,24,164,541574,363,341
solver6,19,24,165,541575,363,342
solver6,19,24,166,541576,363,343
solver6,19,24,167,541577,363,344
solver6,19,24,168,541578,363,345
solver6,19,24,169,541579,363,346
solver6,19,24,170,541580,363,347
solver6,19,24,171,541581,363,348
solver6,19,24,172,541582,363,349
solver6,19,24,173,541583,363,350
solver6,19,24,174,541584,363,351
solver6,19,24,175,541585,363,352
solver6,19,24,176,541586,363,353
solver6,19,24,177,541587,363,354
solver6,19,24,178,541588,363,355
solver6,19,24,179,541589,363,356
solver6,19,24,180,541590,363,357
solver6,19,24,181,541591,363,358
solver6,19,24,182,541592,363,359
solver6,19,24,183,541593,363,360
solver6,19,24,184,541594,363,361
solver6,19,24,185,541595,363,362
solver6,19,24,186,541596,363,363
solver6,19,24,187,541597,363,364
solver6,19,24,188,541598,363,365
solver6,19,24,189,541599,363,366
solver6,19,24,190,541600,363,367
solver6,19,24,191,541601,363,368
solver6,19,24,192,541602,363,369
solver6,19,24,193,541603,363,370
solver6,19,24,194,541604,363,371
solver6,19,24,195,541605,363,372
solver6,19,24,196,541606,363,373
solver6,19,24,197,541607,363,374
solver6,19,24,198,541608,363,375
solver6,19,24,199,541609,363,376
solver6,19,24,200,541610,363,377
solver6,19,24,201,541611,363,378
solver6,19,24,202,541612,363,379
solver6,19,24,203,541613,363,380
solver6,19,24,204,541614,363,381
solver6,19,24,205,541615,363,382
solver6,19,24,206,541616,363,383
solver6,19,24,207,541617,363,384
solver6,19,24,208,541618,363,385
solver6,19,24,209,541619,363,386
solver6,19,24,210,541620,363,387
solver6,19,24,211,541621,363,388
solver6,19,24,212,541622,363,389
solver6,19,24,213,541623,363,390
solver6,19,24,214,541624,363,391
solver6,19,24,215,541625,363,392
solver6,19,24,216,541626,363,393
solver6,19,24,217,541627,363,394
solver6,19,24,218,541628,363,395
solver6,19,24,219,541629,363,396
solver6,19,24,220,541630,363,397
solver6,19,24,221,541631,363,398
solver6,19,24,222,541632,363,399
solver6,19,24,223,541633,363,400
solver6,19,24,224,541634,363,401
solver6,19,24,225,541635,363,402
solver6,19,24,226,541636,363,403
solver6,19,24,227,541637,363,404
solver6,19,24,228,541638,363,405
solver6,19,24,229,541639,363,406
solver6,19,24,230,541640,363,407
solver6,19,24,231,541641,363,408
solver6,19,24,232,541642,363,409
solver6,19,24,233,541643,363,410
solver6,19,24,234,541644,363,411
solver6,19,24,235,541645,363,412
solver6,19,24,236,541646,363,413
solver6,19,24,237,541647,363,414
solver6,19,24,238,541648,363,415
solver6,19,24,239,541649,363,416
solver6,19,24,240,541650,363,417
solver6,19,24,241,541651,363,418
solver6,19,24,242,541652,363,419
solver6,19,24,243,541653,363,420
solver6,19,24,244,541654,363,421
solver6,19,24,245,541655,363,422
solver6,19,24,246,541656,363,423
solver6,19,24,247,541657,363,424
solver6,19,24,248,541658,363,425
solver6,19,24,249,541659,363,426
solver6,19,24,250,541660,363,427
solver6,19,24,251,541661,363,428
solver6,19,24,252,541662,363,429
solver6,19,24,253,541663,363,430
solver6,19,24,254,541664,363,431
solver6,19,24,255,541665,363,432
solver6,19,24,256,541666,363,433
solver6,19,24,257,541667,363,434
solver6,19,24,258,541668,363,435
solver6,19,24,259,541669,363,436
solver6,19,24,260,541670,363,437
solver6,19,24,261,541671,363,438
solver6,19,24,262,541672,363,439
solver6,19,24,263,541673,363,440
solver6,19,24,264,541674,363,441
solver6,19,24,265,541675,363,442
solver6,19,24,266,541676,363,443
solver6,19,24,267,541677,363,444
solver6,19,24,268,541678,363,445
solver6,19,24,269,541679,363,446
solver6,19,24,270,541680,363,447
solver6,19,24,271,541681,363,448
solver6,19,24,272,541682,363,449
solver6,19,24,273,541683,363,450
solver6,19,24,274,541684,363,451
solver6,19,24,275,541685,363,452
solver6,19,24,276,541686,363,453
solver6,19,24,277,541687,363,454
solver6,19,24,278,541688,363,455
solver6,19,24,279,541689,363,456
solver6,19,24,280,541690,363,457
solver6,19,24,281,541691,363,458
solver6,19,24,282,541692,363,459
solver6,19,24,283,541693,363,460
solver6,19,24,284,541694,363,461
solver6,19,24,285,541695,363,462
solver6,19,24,286,541696,363,463
solver6,19,24,287,541697,363,464
solver6,19,24,288,541698,363,465
solver6,19,24,289,541699,363,466
solver6,19,24,290,541700,363,467
solver6,19,24,291,541701,363,468
solver6,19,24,292,541702,363,469
solver6,19,24,293,541703,363,470
solver6,19,24,294,541704,363,471
solver6,19,24,295,541705,363,472
solver6,19,24,296,541706,363,473
solver6,19,24,297,541707,363,474
solver6,19,24,298,541708,363,475
solver6,19,24,299,541709,363,476
solver6,19,24,300,541710,363,477
solver6,19,24,301,541711,363,478
solver6,19,24,302,541712,363,479
solver6,19,24,303,541713,363,480
solver6,19,24,304,541714,363,481
solver6,19,24,305,541715,363,482
solver6,19,24,306,541716,363,483
solver6,19,24,307,541717,363,484
solver6,19,24,308,541718,363,485
solver6,19,24,309,541719,363,486
solver6,19,24,310,541720,363,487
solver6,19,24,311,543211,364,487
solver6,19,24,312,544702,365,487
solver6,19,24,313,546193,366,487
solver6,19,24,314,547684,367,487
solver6,19,24,315,549175,368,487
solver6,19,24,316,550666,369,487
solver6,19,24,317,552157,370,487
solver6,19,24,318,553648,371,487
solver6,19,24,319,555139,372,487
solver6,19,24,320,556630,373,487
solver6,19,24,321,558121,374,487
solver6,19,24,322,559612,375,487
solver6,19,24,323,561103,376,487
solver6,19,24,324,562594,377,487
solver6,19,24,325,564085,378,487
solver6,19,24,326,565576,379,487
solver6,19,24,327,567067,380,487
solver6,19,24,328,568558,381,487
solver6,19,24,329,570049,382,487
solver6,19,24,330,571540,383,487
solver6,19,24,331,573031,384,487
solver6,19,24,332,574522,385,487
solver6,19,24,333,576013,386,487
solver6,19,24,334,577504,387,487
solver6,19,24,335,578995,388,487
solver6,19,24,336,580486,389,487
solver6,19,24,337,581977,390,487
solver6,19,24,338,583468,391,487
solver6,19,24,339,584959,392,487
solver6,19,24,340,586450,393,487
